t=74.621495250 pc=0002091A fcw=D8E8 r0=010F r1=0103 r2=0000 r3=12F8 r4=3D00 r5=2FFC r6=0000 r7=0000 r8=7F06 r9=D848 r10=D8E8 r11=0494 r12=8383 r13=047C r14=0000 r15=43E8
t=74.621497250 pc=0002091C fcw=D8E8 r0=010F r1=0103 r2=0000 r3=12F8 r4=3D00 r5=2FFC r6=0000 r7=0000 r8=7F06 r9=D848 r10=D8E8 r11=0494 r12=8383 r13=047C r14=0000 r15=43E8
t=74.621498750 pc=0002091E fcw=D8E8 r0=0103 r1=010F r2=0000 r3=12F8 r4=3D00 r5=2FFC r6=0000 r7=0000 r8=7F06 r9=D848 r10=D8E8 r11=0494 r12=8383 r13=047C r14=0000 r15=43E8
t=74.621501500 pc=00020920 fcw=D8E8 r0=0103 r1=010F r2=0000 r3=12F8 r4=3D00 r5=2FFC r6=0000 r7=0000 r8=7F06 r9=D848 r10=D8E8 r11=0494 r12=8383 r13=047C r14=0000 r15=43E8
t=74.621503000 pc=00020912 fcw=D8E8 r0=0103 r1=010F r2=0000 r3=12F8 r4=3D00 r5=2FFC r6=0000 r7=0000 r8=7F06 r9=D848 r10=D8E8 r11=0494 r12=8383 r13=047C r14=0000 r15=43E8
t=74.621504750 pc=00020914 fcw=D8E8 r0=0103 r1=010F r2=0000 r3=12F8 r4=3D00 r5=2FFC r6=0000 r7=0000 r8=7F06 r9=D848 r10=D8E8 r11=0494 r12=8383 r13=047C r14=0000 r15=43E8
t=74.621506500 pc=00020916 fcw=D8E8 r0=0103 r1=010F r2=0000 r3=12F8 r4=3D00 r5=2FFC r6=0000 r7=0000 r8=7F06 r9=D848 r10=D8E8 r11=0494 r12=8383 r13=047C r14=0000 r15=43E8
t=74.621510000 pc=0002091A fcw=D8E8 r0=0103 r1=010F r2=0000 r3=12F8 r4=3D00 r5=2FFC r6=0000 r7=0000 r8=7F06 r9=D848 r10=D8E8 r11=0494 r12=8383 r13=047C r14=0000 r15=43E8
t=74.621512000 pc=0002091C fcw=D8E8 r0=0103 r1=010F r2=0000 r3=12F8 r4=3D00 r5=2FFC r6=0000 r7=0000 r8=7F06 r9=D848 r10=D8E8 r11=0494 r12=8383 r13=047C r14=0000 r15=43E8
t=74.621513500 pc=0002091E fcw=D8E8 r0=010F r1=0103 r2=0000 r3=12F8 r4=3D00 r5=2FFC r6=0000 r7=0000 r8=7F06 r9=D848 r10=D8E8 r11=0494 r12=8383 r13=047C r14=0000 r15=43E8
t=74.621516250 pc=00020920 fcw=D8E8 r0=010F r1=0103 r2=0000 r3=12F8 r4=3D00 r5=2FFC r6=0000 r7=0000 r8=7F06 r9=D848 r10=D8E8 r11=0494 r12=8383 r13=047C r14=0000 r15=43E8
t=74.621517750 pc=00020912 fcw=D8E8 r0=010F r1=0103 r2=0000 r3=12F8 r4=3D00 r5=2FFC r6=0000 r7=0000 r8=7F06 r9=D848 r10=D8E8 r11=0494 r12=8383 r13=047C r14=0000 r15=43E8
t=74.621519500 pc=00020914 fcw=D8E8 r0=010F r1=0103 r2=0000 r3=12F8 r4=3D00 r5=2FFC r6=0000 r7=0000 r8=7F06 r9=D848 r10=D8E8 r11=0494 r12=8383 r13=047C r14=0000 r15=43E8
t=74.621521250 pc=00020916 fcw=D8E8 r0=010F r1=0103 r2=0000 r3=12F8 r4=3D00 r5=2FFC r6=0000 r7=0000 r8=7F06 r9=D848 r10=D8E8 r11=0494 r12=8383 r13=047C r14=0000 r15=43E8
t=74.621524750 pc=0002091A fcw=D8E8 r0=010F r1=0103 r2=0000 r3=12F8 r4=3D00 r5=2FFC r6=0000 r7=0000 r8=7F06 r9=D848 r10=D8E8 r11=0494 r12=8383 r13=047C r14=0000 r15=43E8
t=74.621526750 pc=0002091C fcw=D8E8 r0=010F r1=0103 r2=0000 r3=12F8 r4=3D00 r5=2FFC r6=0000 r7=0000 r8=7F06 r9=D848 r10=D8E8 r11=0494 r12=8383 r13=047C r14=0000 r15=43E8
t=74.621528250 pc=0002091E fcw=D8E8 r0=0103 r1=010F r2=0000 r3=12F8 r4=3D00 r5=2FFC r6=0000 r7=0000 r8=7F06 r9=D848 r10=D8E8 r11=0494 r12=8383 r13=047C r14=0000 r15=43E8
t=74.621531000 pc=00020920 fcw=D8E8 r0=0103 r1=010F r2=0000 r3=12F8 r4=3D00 r5=2FFC r6=0000 r7=0000 r8=7F06 r9=D848 r10=D8E8 r11=0494 r12=8383 r13=047C r14=0000 r15=43E8
t=74.621532500 pc=00020912 fcw=D8E8 r0=0103 r1=010F r2=0000 r3=12F8 r4=3D00 r5=2FFC r6=0000 r7=0000 r8=7F06 r9=D848 r10=D8E8 r11=0494 r12=8383 r13=047C r14=0000 r15=43E8
t=74.621534250 pc=00020914 fcw=D8E8 r0=0103 r1=010F r2=0000 r3=12F8 r4=3D00 r5=2FFC r6=0000 r7=0000 r8=7F06 r9=D848 r10=D8E8 r11=0494 r12=8383 r13=047C r14=0000 r15=43E8
t=74.621536000 pc=00020916 fcw=D8E8 r0=0103 r1=010F r2=0000 r3=12F8 r4=3D00 r5=2FFC r6=0000 r7=0000 r8=7F06 r9=D848 r10=D8E8 r11=0494 r12=8383 r13=047C r14=0000 r15=43E8
t=74.621539500 pc=0002091A fcw=D8E8 r0=0103 r1=010F r2=0000 r3=12F8 r4=3D00 r5=2FFC r6=0000 r7=0000 r8=7F06 r9=D848 r10=D8E8 r11=0494 r12=8383 r13=047C r14=0000 r15=43E8
t=74.621541500 pc=0002091C fcw=D8E8 r0=0103 r1=010F r2=0000 r3=12F8 r4=3D00 r5=2FFC r6=0000 r7=0000 r8=7F06 r9=D848 r10=D8E8 r11=0494 r12=8383 r13=047C r14=0000 r15=43E8
t=74.621543000 pc=0002091E fcw=D8E8 r0=010F r1=0103 r2=0000 r3=12F8 r4=3D00 r5=2FFC r6=0000 r7=0000 r8=7F06 r9=D848 r10=D8E8 r11=0494 r12=8383 r13=047C r14=0000 r15=43E8
t=74.621545750 pc=00020920 fcw=D8E8 r0=010F r1=0103 r2=0000 r3=12F8 r4=3D00 r5=2FFC r6=0000 r7=0000 r8=7F06 r9=D848 r10=D8E8 r11=0494 r12=8383 r13=047C r14=0000 r15=43E8
t=74.621547250 pc=00020912 fcw=D8E8 r0=010F r1=0103 r2=0000 r3=12F8 r4=3D00 r5=2FFC r6=0000 r7=0000 r8=7F06 r9=D848 r10=D8E8 r11=0494 r12=8383 r13=047C r14=0000 r15=43E8
t=74.621549000 pc=00020914 fcw=D8E8 r0=010F r1=0103 r2=0000 r3=12F8 r4=3D00 r5=2FFC r6=0000 r7=0000 r8=7F06 r9=D848 r10=D8E8 r11=0494 r12=8383 r13=047C r14=0000 r15=43E8
t=74.621550750 pc=00020916 fcw=D8E8 r0=010F r1=0103 r2=0000 r3=12F8 r4=3D00 r5=2FFC r6=0000 r7=0000 r8=7F06 r9=D848 r10=D8E8 r11=0494 r12=8383 r13=047C r14=0000 r15=43E8
t=74.621554250 pc=0002091A fcw=D8E8 r0=010F r1=0103 r2=0000 r3=12F8 r4=3D00 r5=2FFC r6=0000 r7=0000 r8=7F06 r9=D848 r10=D8E8 r11=0494 r12=8383 r13=047C r14=0000 r15=43E8
t=74.621556250 pc=0002091C fcw=D8E8 r0=010F r1=0103 r2=0000 r3=12F8 r4=3D00 r5=2FFC r6=0000 r7=0000 r8=7F06 r9=D848 r10=D8E8 r11=0494 r12=8383 r13=047C r14=0000 r15=43E8
t=74.621557750 pc=0002091E fcw=D8E8 r0=0103 r1=010F r2=0000 r3=12F8 r4=3D00 r5=2FFC r6=0000 r7=0000 r8=7F06 r9=D848 r10=D8E8 r11=0494 r12=8383 r13=047C r14=0000 r15=43E8
t=74.621560500 pc=00020920 fcw=D8E8 r0=0103 r1=010F r2=0000 r3=12F8 r4=3D00 r5=2FFC r6=0000 r7=0000 r8=7F06 r9=D848 r10=D8E8 r11=0494 r12=8383 r13=047C r14=0000 r15=43E8
t=74.621562000 pc=00020912 fcw=D8E8 r0=0103 r1=010F r2=0000 r3=12F8 r4=3D00 r5=2FFC r6=0000 r7=0000 r8=7F06 r9=D848 r10=D8E8 r11=0494 r12=8383 r13=047C r14=0000 r15=43E8
t=74.621563750 pc=00020914 fcw=D8E8 r0=0103 r1=010F r2=0000 r3=12F8 r4=3D00 r5=2FFC r6=0000 r7=0000 r8=7F06 r9=D848 r10=D8E8 r11=0494 r12=8383 r13=047C r14=0000 r15=43E8
t=74.621565500 pc=00020916 fcw=D8E8 r0=0103 r1=010F r2=0000 r3=12F8 r4=3D00 r5=2FFC r6=0000 r7=0000 r8=7F06 r9=D848 r10=D8E8 r11=0494 r12=8383 r13=047C r14=0000 r15=43E8
t=74.621569000 pc=0002091A fcw=D8E8 r0=0103 r1=010F r2=0000 r3=12F8 r4=3D00 r5=2FFC r6=0000 r7=0000 r8=7F06 r9=D848 r10=D8E8 r11=0494 r12=8383 r13=047C r14=0000 r15=43E8
t=74.621571000 pc=0002091C fcw=D8E8 r0=0103 r1=010F r2=0000 r3=12F8 r4=3D00 r5=2FFC r6=0000 r7=0000 r8=7F06 r9=D848 r10=D8E8 r11=0494 r12=8383 r13=047C r14=0000 r15=43E8
t=74.621572500 pc=0002091E fcw=D8E8 r0=010F r1=0103 r2=0000 r3=12F8 r4=3D00 r5=2FFC r6=0000 r7=0000 r8=7F06 r9=D848 r10=D8E8 r11=0494 r12=8383 r13=047C r14=0000 r15=43E8
t=74.621575250 pc=00020920 fcw=D8E8 r0=010F r1=0103 r2=0000 r3=12F8 r4=3D00 r5=2FFC r6=0000 r7=0000 r8=7F06 r9=D848 r10=D8E8 r11=0494 r12=8383 r13=047C r14=0000 r15=43E8
t=74.621576750 pc=00020912 fcw=D8E8 r0=010F r1=0103 r2=0000 r3=12F8 r4=3D00 r5=2FFC r6=0000 r7=0000 r8=7F06 r9=D848 r10=D8E8 r11=0494 r12=8383 r13=047C r14=0000 r15=43E8
t=74.621578500 pc=00020914 fcw=D8E8 r0=010F r1=0103 r2=0000 r3=12F8 r4=3D00 r5=2FFC r6=0000 r7=0000 r8=7F06 r9=D848 r10=D8E8 r11=0494 r12=8383 r13=047C r14=0000 r15=43E8
t=74.621580250 pc=00020916 fcw=D8E8 r0=010F r1=0103 r2=0000 r3=12F8 r4=3D00 r5=2FFC r6=0000 r7=0000 r8=7F06 r9=D848 r10=D8E8 r11=0494 r12=8383 r13=047C r14=0000 r15=43E8
t=74.621583750 pc=0002091A fcw=D8E8 r0=010F r1=0103 r2=0000 r3=12F8 r4=3D00 r5=2FFC r6=0000 r7=0000 r8=7F06 r9=D848 r10=D8E8 r11=0494 r12=8383 r13=047C r14=0000 r15=43E8
t=74.621585750 pc=0002091C fcw=D8E8 r0=010F r1=0103 r2=0000 r3=12F8 r4=3D00 r5=2FFC r6=0000 r7=0000 r8=7F06 r9=D848 r10=D8E8 r11=0494 r12=8383 r13=047C r14=0000 r15=43E8
t=74.621587250 pc=0002091E fcw=D8E8 r0=0103 r1=010F r2=0000 r3=12F8 r4=3D00 r5=2FFC r6=0000 r7=0000 r8=7F06 r9=D848 r10=D8E8 r11=0494 r12=8383 r13=047C r14=0000 r15=43E8
t=74.621590000 pc=00020920 fcw=D8E8 r0=0103 r1=010F r2=0000 r3=12F8 r4=3D00 r5=2FFC r6=0000 r7=0000 r8=7F06 r9=D848 r10=D8E8 r11=0494 r12=8383 r13=047C r14=0000 r15=43E8
t=74.621591500 pc=00020912 fcw=D8E8 r0=0103 r1=010F r2=0000 r3=12F8 r4=3D00 r5=2FFC r6=0000 r7=0000 r8=7F06 r9=D848 r10=D8E8 r11=0494 r12=8383 r13=047C r14=0000 r15=43E8
t=74.621593250 pc=00020914 fcw=D8E8 r0=0103 r1=010F r2=0000 r3=12F8 r4=3D00 r5=2FFC r6=0000 r7=0000 r8=7F06 r9=D848 r10=D8E8 r11=0494 r12=8383 r13=047C r14=0000 r15=43E8
t=74.621595000 pc=00020916 fcw=D8E8 r0=0103 r1=010F r2=0000 r3=12F8 r4=3D00 r5=2FFC r6=0000 r7=0000 r8=7F06 r9=D848 r10=D8E8 r11=0494 r12=8383 r13=047C r14=0000 r15=43E8
t=74.621598500 pc=0002091A fcw=D8E8 r0=0103 r1=010F r2=0000 r3=12F8 r4=3D00 r5=2FFC r6=0000 r7=0000 r8=7F06 r9=D848 r10=D8E8 r11=0494 r12=8383 r13=047C r14=0000 r15=43E8
t=74.621600500 pc=0002091C fcw=D8E8 r0=0103 r1=010F r2=0000 r3=12F8 r4=3D00 r5=2FFC r6=0000 r7=0000 r8=7F06 r9=D848 r10=D8E8 r11=0494 r12=8383 r13=047C r14=0000 r15=43E8
t=74.621602000 pc=0002091E fcw=D8E8 r0=010F r1=0103 r2=0000 r3=12F8 r4=3D00 r5=2FFC r6=0000 r7=0000 r8=7F06 r9=D848 r10=D8E8 r11=0494 r12=8383 r13=047C r14=0000 r15=43E8
t=74.621604750 pc=00020920 fcw=D8E8 r0=010F r1=0103 r2=0000 r3=12F8 r4=3D00 r5=2FFC r6=0000 r7=0000 r8=7F06 r9=D848 r10=D8E8 r11=0494 r12=8383 r13=047C r14=0000 r15=43E8
t=74.621606250 pc=00020912 fcw=D8E8 r0=010F r1=0103 r2=0000 r3=12F8 r4=3D00 r5=2FFC r6=0000 r7=0000 r8=7F06 r9=D848 r10=D8E8 r11=0494 r12=8383 r13=047C r14=0000 r15=43E8
t=74.621608000 pc=00020914 fcw=D8E8 r0=010F r1=0103 r2=0000 r3=12F8 r4=3D00 r5=2FFC r6=0000 r7=0000 r8=7F06 r9=D848 r10=D8E8 r11=0494 r12=8383 r13=047C r14=0000 r15=43E8
t=74.621609750 pc=00020916 fcw=D8E8 r0=010F r1=0103 r2=0000 r3=12F8 r4=3D00 r5=2FFC r6=0000 r7=0000 r8=7F06 r9=D848 r10=D8E8 r11=0494 r12=8383 r13=047C r14=0000 r15=43E8
t=74.621613250 pc=0002091A fcw=D8E8 r0=010F r1=0103 r2=0000 r3=12F8 r4=3D00 r5=2FFC r6=0000 r7=0000 r8=7F06 r9=D848 r10=D8E8 r11=0494 r12=8383 r13=047C r14=0000 r15=43E8
t=74.621615250 pc=0002091C fcw=D8E8 r0=010F r1=0103 r2=0000 r3=12F8 r4=3D00 r5=2FFC r6=0000 r7=0000 r8=7F06 r9=D848 r10=D8E8 r11=0494 r12=8383 r13=047C r14=0000 r15=43E8
t=74.621616750 pc=0002091E fcw=D8E8 r0=0103 r1=010F r2=0000 r3=12F8 r4=3D00 r5=2FFC r6=0000 r7=0000 r8=7F06 r9=D848 r10=D8E8 r11=0494 r12=8383 r13=047C r14=0000 r15=43E8
t=74.621619500 pc=00020920 fcw=D8E8 r0=0103 r1=010F r2=0000 r3=12F8 r4=3D00 r5=2FFC r6=0000 r7=0000 r8=7F06 r9=D848 r10=D8E8 r11=0494 r12=8383 r13=047C r14=0000 r15=43E8
t=74.621621000 pc=00020912 fcw=D8E8 r0=0103 r1=010F r2=0000 r3=12F8 r4=3D00 r5=2FFC r6=0000 r7=0000 r8=7F06 r9=D848 r10=D8E8 r11=0494 r12=8383 r13=047C r14=0000 r15=43E8
t=74.621622750 pc=00020914 fcw=D8E8 r0=0103 r1=010F r2=0000 r3=12F8 r4=3D00 r5=2FFC r6=0000 r7=0000 r8=7F06 r9=D848 r10=D8E8 r11=0494 r12=8383 r13=047C r14=0000 r15=43E8
t=74.621624500 pc=00020916 fcw=D8E8 r0=0103 r1=010F r2=0000 r3=12F8 r4=3D00 r5=2FFC r6=0000 r7=0000 r8=7F06 r9=D848 r10=D8E8 r11=0494 r12=8383 r13=047C r14=0000 r15=43E8
t=74.621628000 pc=0002091A fcw=D8E8 r0=0103 r1=010F r2=0000 r3=12F8 r4=3D00 r5=2FFC r6=0000 r7=0000 r8=7F06 r9=D848 r10=D8E8 r11=0494 r12=8383 r13=047C r14=0000 r15=43E8
t=74.621630000 pc=0002091C fcw=D8E8 r0=0103 r1=010F r2=0000 r3=12F8 r4=3D00 r5=2FFC r6=0000 r7=0000 r8=7F06 r9=D848 r10=D8E8 r11=0494 r12=8383 r13=047C r14=0000 r15=43E8
t=74.621631500 pc=0002091E fcw=D8E8 r0=010F r1=0103 r2=0000 r3=12F8 r4=3D00 r5=2FFC r6=0000 r7=0000 r8=7F06 r9=D848 r10=D8E8 r11=0494 r12=8383 r13=047C r14=0000 r15=43E8
t=74.621634250 pc=00020920 fcw=D8E8 r0=010F r1=0103 r2=0000 r3=12F8 r4=3D00 r5=2FFC r6=0000 r7=0000 r8=7F06 r9=D848 r10=D8E8 r11=0494 r12=8383 r13=047C r14=0000 r15=43E8
t=74.621635750 pc=00020912 fcw=D8E8 r0=010F r1=0103 r2=0000 r3=12F8 r4=3D00 r5=2FFC r6=0000 r7=0000 r8=7F06 r9=D848 r10=D8E8 r11=0494 r12=8383 r13=047C r14=0000 r15=43E8
t=74.621637500 pc=00020914 fcw=D8E8 r0=010F r1=0103 r2=0000 r3=12F8 r4=3D00 r5=2FFC r6=0000 r7=0000 r8=7F06 r9=D848 r10=D8E8 r11=0494 r12=8383 r13=047C r14=0000 r15=43E8
t=74.621639250 pc=00020916 fcw=D8E8 r0=010F r1=0103 r2=0000 r3=12F8 r4=3D00 r5=2FFC r6=0000 r7=0000 r8=7F06 r9=D848 r10=D8E8 r11=0494 r12=8383 r13=047C r14=0000 r15=43E8
t=74.621642750 pc=0002091A fcw=D8E8 r0=010F r1=0103 r2=0000 r3=12F8 r4=3D00 r5=2FFC r6=0000 r7=0000 r8=7F06 r9=D848 r10=D8E8 r11=0494 r12=8383 r13=047C r14=0000 r15=43E8
t=74.621644750 pc=0002091C fcw=D8E8 r0=010F r1=0103 r2=0000 r3=12F8 r4=3D00 r5=2FFC r6=0000 r7=0000 r8=7F06 r9=D848 r10=D8E8 r11=0494 r12=8383 r13=047C r14=0000 r15=43E8
t=74.621646250 pc=0002091E fcw=D8E8 r0=0103 r1=010F r2=0000 r3=12F8 r4=3D00 r5=2FFC r6=0000 r7=0000 r8=7F06 r9=D848 r10=D8E8 r11=0494 r12=8383 r13=047C r14=0000 r15=43E8
t=74.621649000 pc=00020920 fcw=D8E8 r0=0103 r1=010F r2=0000 r3=12F8 r4=3D00 r5=2FFC r6=0000 r7=0000 r8=7F06 r9=D848 r10=D8E8 r11=0494 r12=8383 r13=047C r14=0000 r15=43E8
t=74.621650500 pc=00020912 fcw=D8E8 r0=0103 r1=010F r2=0000 r3=12F8 r4=3D00 r5=2FFC r6=0000 r7=0000 r8=7F06 r9=D848 r10=D8E8 r11=0494 r12=8383 r13=047C r14=0000 r15=43E8
t=74.621652250 pc=00020914 fcw=D8E8 r0=0103 r1=010F r2=0000 r3=12F8 r4=3D00 r5=2FFC r6=0000 r7=0000 r8=7F06 r9=D848 r10=D8E8 r11=0494 r12=8383 r13=047C r14=0000 r15=43E8
t=74.621654000 pc=00020916 fcw=D8E8 r0=0103 r1=010F r2=0000 r3=12F8 r4=3D00 r5=2FFC r6=0000 r7=0000 r8=7F06 r9=D848 r10=D8E8 r11=0494 r12=8383 r13=047C r14=0000 r15=43E8
t=74.621657500 pc=0002091A fcw=D8E8 r0=0103 r1=010F r2=0000 r3=12F8 r4=3D00 r5=2FFC r6=0000 r7=0000 r8=7F06 r9=D848 r10=D8E8 r11=0494 r12=8383 r13=047C r14=0000 r15=43E8
t=74.621659500 pc=0002091C fcw=D8E8 r0=0103 r1=010F r2=0000 r3=12F8 r4=3D00 r5=2FFC r6=0000 r7=0000 r8=7F06 r9=D848 r10=D8E8 r11=0494 r12=8383 r13=047C r14=0000 r15=43E8
t=74.621661000 pc=0002091E fcw=D8E8 r0=010F r1=0103 r2=0000 r3=12F8 r4=3D00 r5=2FFC r6=0000 r7=0000 r8=7F06 r9=D848 r10=D8E8 r11=0494 r12=8383 r13=047C r14=0000 r15=43E8
t=74.621663750 pc=00020920 fcw=D8E8 r0=010F r1=0103 r2=0000 r3=12F8 r4=3D00 r5=2FFC r6=0000 r7=0000 r8=7F06 r9=D848 r10=D8E8 r11=0494 r12=8383 r13=047C r14=0000 r15=43E8
t=74.621665250 pc=00020912 fcw=D8E8 r0=010F r1=0103 r2=0000 r3=12F8 r4=3D00 r5=2FFC r6=0000 r7=0000 r8=7F06 r9=D848 r10=D8E8 r11=0494 r12=8383 r13=047C r14=0000 r15=43E8
t=74.621667000 pc=00020914 fcw=D8E8 r0=010F r1=0103 r2=0000 r3=12F8 r4=3D00 r5=2FFC r6=0000 r7=0000 r8=7F06 r9=D848 r10=D8E8 r11=0494 r12=8383 r13=047C r14=0000 r15=43E8
t=74.621668750 pc=00020916 fcw=D8E8 r0=010F r1=0103 r2=0000 r3=12F8 r4=3D00 r5=2FFC r6=0000 r7=0000 r8=7F06 r9=D848 r10=D8E8 r11=0494 r12=8383 r13=047C r14=0000 r15=43E8
t=74.621672250 pc=0002091A fcw=D8E8 r0=010F r1=0103 r2=0000 r3=12F8 r4=3D00 r5=2FFC r6=0000 r7=0000 r8=7F06 r9=D848 r10=D8E8 r11=0494 r12=8383 r13=047C r14=0000 r15=43E8
t=74.621674250 pc=0002091C fcw=D8E8 r0=010F r1=0103 r2=0000 r3=12F8 r4=3D00 r5=2FFC r6=0000 r7=0000 r8=7F06 r9=D848 r10=D8E8 r11=0494 r12=8383 r13=047C r14=0000 r15=43E8
t=74.621675750 pc=0002091E fcw=D8E8 r0=0103 r1=010F r2=0000 r3=12F8 r4=3D00 r5=2FFC r6=0000 r7=0000 r8=7F06 r9=D848 r10=D8E8 r11=0494 r12=8383 r13=047C r14=0000 r15=43E8
t=74.621678500 pc=00020920 fcw=D8E8 r0=0103 r1=010F r2=0000 r3=12F8 r4=3D00 r5=2FFC r6=0000 r7=0000 r8=7F06 r9=D848 r10=D8E8 r11=0494 r12=8383 r13=047C r14=0000 r15=43E8
t=74.621680000 pc=00020912 fcw=D8E8 r0=0103 r1=010F r2=0000 r3=12F8 r4=3D00 r5=2FFC r6=0000 r7=0000 r8=7F06 r9=D848 r10=D8E8 r11=0494 r12=8383 r13=047C r14=0000 r15=43E8
t=74.621681750 pc=00020914 fcw=D8E8 r0=0103 r1=010F r2=0000 r3=12F8 r4=3D00 r5=2FFC r6=0000 r7=0000 r8=7F06 r9=D848 r10=D8E8 r11=0494 r12=8383 r13=047C r14=0000 r15=43E8
t=74.621683500 pc=00020916 fcw=D8E8 r0=0103 r1=010F r2=0000 r3=12F8 r4=3D00 r5=2FFC r6=0000 r7=0000 r8=7F06 r9=D848 r10=D8E8 r11=0494 r12=8383 r13=047C r14=0000 r15=43E8
t=74.621687000 pc=0002091A fcw=D8E8 r0=0103 r1=010F r2=0000 r3=12F8 r4=3D00 r5=2FFC r6=0000 r7=0000 r8=7F06 r9=D848 r10=D8E8 r11=0494 r12=8383 r13=047C r14=0000 r15=43E8
t=74.621689000 pc=0002091C fcw=D8E8 r0=0103 r1=010F r2=0000 r3=12F8 r4=3D00 r5=2FFC r6=0000 r7=0000 r8=7F06 r9=D848 r10=D8E8 r11=0494 r12=8383 r13=047C r14=0000 r15=43E8
t=74.621690500 pc=0002091E fcw=D8E8 r0=010F r1=0103 r2=0000 r3=12F8 r4=3D00 r5=2FFC r6=0000 r7=0000 r8=7F06 r9=D848 r10=D8E8 r11=0494 r12=8383 r13=047C r14=0000 r15=43E8
t=74.621693250 pc=00020920 fcw=D8E8 r0=010F r1=0103 r2=0000 r3=12F8 r4=3D00 r5=2FFC r6=0000 r7=0000 r8=7F06 r9=D848 r10=D8E8 r11=0494 r12=8383 r13=047C r14=0000 r15=43E8
t=74.621694750 pc=00020912 fcw=D8E8 r0=010F r1=0103 r2=0000 r3=12F8 r4=3D00 r5=2FFC r6=0000 r7=0000 r8=7F06 r9=D848 r10=D8E8 r11=0494 r12=8383 r13=047C r14=0000 r15=43E8
t=74.621696500 pc=00020914 fcw=D8E8 r0=010F r1=0103 r2=0000 r3=12F8 r4=3D00 r5=2FFC r6=0000 r7=0000 r8=7F06 r9=D848 r10=D8E8 r11=0494 r12=8383 r13=047C r14=0000 r15=43E8
t=74.621698250 pc=00020916 fcw=D8E8 r0=010F r1=0103 r2=0000 r3=12F8 r4=3D00 r5=2FFC r6=0000 r7=0000 r8=7F06 r9=D848 r10=D8E8 r11=0494 r12=8383 r13=047C r14=0000 r15=43E8
t=74.621701750 pc=0002091A fcw=D8E8 r0=010F r1=0103 r2=0000 r3=12F8 r4=3D00 r5=2FFC r6=0000 r7=0000 r8=7F06 r9=D848 r10=D8E8 r11=0494 r12=8383 r13=047C r14=0000 r15=43E8
t=74.621703750 pc=0002091C fcw=D8E8 r0=010F r1=0103 r2=0000 r3=12F8 r4=3D00 r5=2FFC r6=0000 r7=0000 r8=7F06 r9=D848 r10=D8E8 r11=0494 r12=8383 r13=047C r14=0000 r15=43E8
t=74.621705250 pc=0002091E fcw=D8E8 r0=0103 r1=010F r2=0000 r3=12F8 r4=3D00 r5=2FFC r6=0000 r7=0000 r8=7F06 r9=D848 r10=D8E8 r11=0494 r12=8383 r13=047C r14=0000 r15=43E8
t=74.621708000 pc=00020920 fcw=D8E8 r0=0103 r1=010F r2=0000 r3=12F8 r4=3D00 r5=2FFC r6=0000 r7=0000 r8=7F06 r9=D848 r10=D8E8 r11=0494 r12=8383 r13=047C r14=0000 r15=43E8
t=74.621709500 pc=00020912 fcw=D8E8 r0=0103 r1=010F r2=0000 r3=12F8 r4=3D00 r5=2FFC r6=0000 r7=0000 r8=7F06 r9=D848 r10=D8E8 r11=0494 r12=8383 r13=047C r14=0000 r15=43E8
t=74.621711250 pc=00020914 fcw=D8E8 r0=0103 r1=010F r2=0000 r3=12F8 r4=3D00 r5=2FFC r6=0000 r7=0000 r8=7F06 r9=D848 r10=D8E8 r11=0494 r12=8383 r13=047C r14=0000 r15=43E8
t=74.621713000 pc=00020916 fcw=D8E8 r0=0103 r1=010F r2=0000 r3=12F8 r4=3D00 r5=2FFC r6=0000 r7=0000 r8=7F06 r9=D848 r10=D8E8 r11=0494 r12=8383 r13=047C r14=0000 r15=43E8
t=74.621716500 pc=0002091A fcw=D8E8 r0=0103 r1=010F r2=0000 r3=12F8 r4=3D00 r5=2FFC r6=0000 r7=0000 r8=7F06 r9=D848 r10=D8E8 r11=0494 r12=8383 r13=047C r14=0000 r15=43E8
t=74.621718500 pc=0002091C fcw=D8E8 r0=0103 r1=010F r2=0000 r3=12F8 r4=3D00 r5=2FFC r6=0000 r7=0000 r8=7F06 r9=D848 r10=D8E8 r11=0494 r12=8383 r13=047C r14=0000 r15=43E8
t=74.621720000 pc=0002091E fcw=D8E8 r0=010F r1=0103 r2=0000 r3=12F8 r4=3D00 r5=2FFC r6=0000 r7=0000 r8=7F06 r9=D848 r10=D8E8 r11=0494 r12=8383 r13=047C r14=0000 r15=43E8
t=74.621722750 pc=00020920 fcw=D8E8 r0=010F r1=0103 r2=0000 r3=12F8 r4=3D00 r5=2FFC r6=0000 r7=0000 r8=7F06 r9=D848 r10=D8E8 r11=0494 r12=8383 r13=047C r14=0000 r15=43E8
t=74.621724250 pc=00020912 fcw=D8E8 r0=010F r1=0103 r2=0000 r3=12F8 r4=3D00 r5=2FFC r6=0000 r7=0000 r8=7F06 r9=D848 r10=D8E8 r11=0494 r12=8383 r13=047C r14=0000 r15=43E8
t=74.621726000 pc=00020914 fcw=D8E8 r0=010F r1=0103 r2=0000 r3=12F8 r4=3D00 r5=2FFC r6=0000 r7=0000 r8=7F06 r9=D848 r10=D8E8 r11=0494 r12=8383 r13=047C r14=0000 r15=43E8
t=74.621727750 pc=00020916 fcw=D8E8 r0=010F r1=0103 r2=0000 r3=12F8 r4=3D00 r5=2FFC r6=0000 r7=0000 r8=7F06 r9=D848 r10=D8E8 r11=0494 r12=8383 r13=047C r14=0000 r15=43E8
t=74.621731250 pc=0002091A fcw=D8E8 r0=010F r1=0103 r2=0000 r3=12F8 r4=3D00 r5=2FFC r6=0000 r7=0000 r8=7F06 r9=D848 r10=D8E8 r11=0494 r12=8383 r13=047C r14=0000 r15=43E8
t=74.621733250 pc=0002091C fcw=D8E8 r0=010F r1=0103 r2=0000 r3=12F8 r4=3D00 r5=2FFC r6=0000 r7=0000 r8=7F06 r9=D848 r10=D8E8 r11=0494 r12=8383 r13=047C r14=0000 r15=43E8
t=74.621734750 pc=0002091E fcw=D8E8 r0=0103 r1=010F r2=0000 r3=12F8 r4=3D00 r5=2FFC r6=0000 r7=0000 r8=7F06 r9=D848 r10=D8E8 r11=0494 r12=8383 r13=047C r14=0000 r15=43E8
t=74.621737500 pc=00020920 fcw=D8E8 r0=0103 r1=010F r2=0000 r3=12F8 r4=3D00 r5=2FFC r6=0000 r7=0000 r8=7F06 r9=D848 r10=D8E8 r11=0494 r12=8383 r13=047C r14=0000 r15=43E8
t=74.621739000 pc=00020912 fcw=D8E8 r0=0103 r1=010F r2=0000 r3=12F8 r4=3D00 r5=2FFC r6=0000 r7=0000 r8=7F06 r9=D848 r10=D8E8 r11=0494 r12=8383 r13=047C r14=0000 r15=43E8
t=74.621740750 pc=00020914 fcw=D8E8 r0=0103 r1=010F r2=0000 r3=12F8 r4=3D00 r5=2FFC r6=0000 r7=0000 r8=7F06 r9=D848 r10=D8E8 r11=0494 r12=8383 r13=047C r14=0000 r15=43E8
t=74.621742500 pc=00020916 fcw=D8E8 r0=0103 r1=010F r2=0000 r3=12F8 r4=3D00 r5=2FFC r6=0000 r7=0000 r8=7F06 r9=D848 r10=D8E8 r11=0494 r12=8383 r13=047C r14=0000 r15=43E8
t=74.621746000 pc=0002091A fcw=D8E8 r0=0103 r1=010F r2=0000 r3=12F8 r4=3D00 r5=2FFC r6=0000 r7=0000 r8=7F06 r9=D848 r10=D8E8 r11=0494 r12=8383 r13=047C r14=0000 r15=43E8
t=74.621748000 pc=0002091C fcw=D8E8 r0=0103 r1=010F r2=0000 r3=12F8 r4=3D00 r5=2FFC r6=0000 r7=0000 r8=7F06 r9=D848 r10=D8E8 r11=0494 r12=8383 r13=047C r14=0000 r15=43E8
t=74.621749500 pc=0002091E fcw=D8E8 r0=010F r1=0103 r2=0000 r3=12F8 r4=3D00 r5=2FFC r6=0000 r7=0000 r8=7F06 r9=D848 r10=D8E8 r11=0494 r12=8383 r13=047C r14=0000 r15=43E8
t=74.621752250 pc=00020920 fcw=D8E8 r0=010F r1=0103 r2=0000 r3=12F8 r4=3D00 r5=2FFC r6=0000 r7=0000 r8=7F06 r9=D848 r10=D8E8 r11=0494 r12=8383 r13=047C r14=0000 r15=43E8
t=74.621753750 pc=00020912 fcw=D8E8 r0=010F r1=0103 r2=0000 r3=12F8 r4=3D00 r5=2FFC r6=0000 r7=0000 r8=7F06 r9=D848 r10=D8E8 r11=0494 r12=8383 r13=047C r14=0000 r15=43E8
t=74.621755500 pc=00020914 fcw=D8E8 r0=010F r1=0103 r2=0000 r3=12F8 r4=3D00 r5=2FFC r6=0000 r7=0000 r8=7F06 r9=D848 r10=D8E8 r11=0494 r12=8383 r13=047C r14=0000 r15=43E8
t=74.621757250 pc=00020916 fcw=D8E8 r0=010F r1=0103 r2=0000 r3=12F8 r4=3D00 r5=2FFC r6=0000 r7=0000 r8=7F06 r9=D848 r10=D8E8 r11=0494 r12=8383 r13=047C r14=0000 r15=43E8
t=74.621760750 pc=0002091A fcw=D8E8 r0=010F r1=0103 r2=0000 r3=12F8 r4=3D00 r5=2FFC r6=0000 r7=0000 r8=7F06 r9=D848 r10=D8E8 r11=0494 r12=8383 r13=047C r14=0000 r15=43E8
t=74.621762750 pc=0002091C fcw=D8E8 r0=010F r1=0103 r2=0000 r3=12F8 r4=3D00 r5=2FFC r6=0000 r7=0000 r8=7F06 r9=D848 r10=D8E8 r11=0494 r12=8383 r13=047C r14=0000 r15=43E8
t=74.621764250 pc=0002091E fcw=D8E8 r0=0103 r1=010F r2=0000 r3=12F8 r4=3D00 r5=2FFC r6=0000 r7=0000 r8=7F06 r9=D848 r10=D8E8 r11=0494 r12=8383 r13=047C r14=0000 r15=43E8
t=74.621767000 pc=00020920 fcw=D8E8 r0=0103 r1=010F r2=0000 r3=12F8 r4=3D00 r5=2FFC r6=0000 r7=0000 r8=7F06 r9=D848 r10=D8E8 r11=0494 r12=8383 r13=047C r14=0000 r15=43E8
t=74.621768500 pc=00020912 fcw=D8E8 r0=0103 r1=010F r2=0000 r3=12F8 r4=3D00 r5=2FFC r6=0000 r7=0000 r8=7F06 r9=D848 r10=D8E8 r11=0494 r12=8383 r13=047C r14=0000 r15=43E8
t=74.621770250 pc=00020914 fcw=D8E8 r0=0103 r1=010F r2=0000 r3=12F8 r4=3D00 r5=2FFC r6=0000 r7=0000 r8=7F06 r9=D848 r10=D8E8 r11=0494 r12=8383 r13=047C r14=0000 r15=43E8
t=74.621772000 pc=00020916 fcw=D8E8 r0=0103 r1=010F r2=0000 r3=12F8 r4=3D00 r5=2FFC r6=0000 r7=0000 r8=7F06 r9=D848 r10=D8E8 r11=0494 r12=8383 r13=047C r14=0000 r15=43E8
t=74.621775500 pc=0002091A fcw=D8E8 r0=0103 r1=010F r2=0000 r3=12F8 r4=3D00 r5=2FFC r6=0000 r7=0000 r8=7F06 r9=D848 r10=D8E8 r11=0494 r12=8383 r13=047C r14=0000 r15=43E8
t=74.621777500 pc=0002091C fcw=D8E8 r0=0103 r1=010F r2=0000 r3=12F8 r4=3D00 r5=2FFC r6=0000 r7=0000 r8=7F06 r9=D848 r10=D8E8 r11=0494 r12=8383 r13=047C r14=0000 r15=43E8
t=74.621779000 pc=0002091E fcw=D8E8 r0=010F r1=0103 r2=0000 r3=12F8 r4=3D00 r5=2FFC r6=0000 r7=0000 r8=7F06 r9=D848 r10=D8E8 r11=0494 r12=8383 r13=047C r14=0000 r15=43E8
t=74.621781750 pc=00020920 fcw=D8E8 r0=010F r1=0103 r2=0000 r3=12F8 r4=3D00 r5=2FFC r6=0000 r7=0000 r8=7F06 r9=D848 r10=D8E8 r11=0494 r12=8383 r13=047C r14=0000 r15=43E8
t=74.621783250 pc=00020912 fcw=D8E8 r0=010F r1=0103 r2=0000 r3=12F8 r4=3D00 r5=2FFC r6=0000 r7=0000 r8=7F06 r9=D848 r10=D8E8 r11=0494 r12=8383 r13=047C r14=0000 r15=43E8
t=74.621785000 pc=00020914 fcw=D8E8 r0=010F r1=0103 r2=0000 r3=12F8 r4=3D00 r5=2FFC r6=0000 r7=0000 r8=7F06 r9=D848 r10=D8E8 r11=0494 r12=8383 r13=047C r14=0000 r15=43E8
t=74.621786750 pc=00020916 fcw=D8E8 r0=010F r1=0103 r2=0000 r3=12F8 r4=3D00 r5=2FFC r6=0000 r7=0000 r8=7F06 r9=D848 r10=D8E8 r11=0494 r12=8383 r13=047C r14=0000 r15=43E8
t=74.621790250 pc=0002091A fcw=D8E8 r0=010F r1=0103 r2=0000 r3=12F8 r4=3D00 r5=2FFC r6=0000 r7=0000 r8=7F06 r9=D848 r10=D8E8 r11=0494 r12=8383 r13=047C r14=0000 r15=43E8
t=74.621792250 pc=0002091C fcw=D8E8 r0=010F r1=0103 r2=0000 r3=12F8 r4=3D00 r5=2FFC r6=0000 r7=0000 r8=7F06 r9=D848 r10=D8E8 r11=0494 r12=8383 r13=047C r14=0000 r15=43E8
t=74.621793750 pc=0002091E fcw=D8E8 r0=0103 r1=010F r2=0000 r3=12F8 r4=3D00 r5=2FFC r6=0000 r7=0000 r8=7F06 r9=D848 r10=D8E8 r11=0494 r12=8383 r13=047C r14=0000 r15=43E8
t=74.621796500 pc=00020920 fcw=D8E8 r0=0103 r1=010F r2=0000 r3=12F8 r4=3D00 r5=2FFC r6=0000 r7=0000 r8=7F06 r9=D848 r10=D8E8 r11=0494 r12=8383 r13=047C r14=0000 r15=43E8
t=74.621798000 pc=00020912 fcw=D8E8 r0=0103 r1=010F r2=0000 r3=12F8 r4=3D00 r5=2FFC r6=0000 r7=0000 r8=7F06 r9=D848 r10=D8E8 r11=0494 r12=8383 r13=047C r14=0000 r15=43E8
t=74.621799750 pc=00020914 fcw=D8E8 r0=0103 r1=010F r2=0000 r3=12F8 r4=3D00 r5=2FFC r6=0000 r7=0000 r8=7F06 r9=D848 r10=D8E8 r11=0494 r12=8383 r13=047C r14=0000 r15=43E8
t=74.621801500 pc=00020916 fcw=D8E8 r0=0103 r1=010F r2=0000 r3=12F8 r4=3D00 r5=2FFC r6=0000 r7=0000 r8=7F06 r9=D848 r10=D8E8 r11=0494 r12=8383 r13=047C r14=0000 r15=43E8
t=74.621805000 pc=0002091A fcw=D8E8 r0=0103 r1=010F r2=0000 r3=12F8 r4=3D00 r5=2FFC r6=0000 r7=0000 r8=7F06 r9=D848 r10=D8E8 r11=0494 r12=8383 r13=047C r14=0000 r15=43E8
t=74.621807000 pc=0002091C fcw=D8E8 r0=0103 r1=010F r2=0000 r3=12F8 r4=3D00 r5=2FFC r6=0000 r7=0000 r8=7F06 r9=D848 r10=D8E8 r11=0494 r12=8383 r13=047C r14=0000 r15=43E8
t=74.621808500 pc=0002091E fcw=D8E8 r0=010F r1=0103 r2=0000 r3=12F8 r4=3D00 r5=2FFC r6=0000 r7=0000 r8=7F06 r9=D848 r10=D8E8 r11=0494 r12=8383 r13=047C r14=0000 r15=43E8
t=74.621811250 pc=00020920 fcw=D8E8 r0=010F r1=0103 r2=0000 r3=12F8 r4=3D00 r5=2FFC r6=0000 r7=0000 r8=7F06 r9=D848 r10=D8E8 r11=0494 r12=8383 r13=047C r14=0000 r15=43E8
t=74.621812750 pc=00020912 fcw=D8E8 r0=010F r1=0103 r2=0000 r3=12F8 r4=3D00 r5=2FFC r6=0000 r7=0000 r8=7F06 r9=D848 r10=D8E8 r11=0494 r12=8383 r13=047C r14=0000 r15=43E8
t=74.621814500 pc=00020914 fcw=D8E8 r0=010F r1=0103 r2=0000 r3=12F8 r4=3D00 r5=2FFC r6=0000 r7=0000 r8=7F06 r9=D848 r10=D8E8 r11=0494 r12=8383 r13=047C r14=0000 r15=43E8
t=74.621816250 pc=00020916 fcw=D8E8 r0=010F r1=0103 r2=0000 r3=12F8 r4=3D00 r5=2FFC r6=0000 r7=0000 r8=7F06 r9=D848 r10=D8E8 r11=0494 r12=8383 r13=047C r14=0000 r15=43E8
t=74.621819750 pc=0002091A fcw=D8E8 r0=010F r1=0103 r2=0000 r3=12F8 r4=3D00 r5=2FFC r6=0000 r7=0000 r8=7F06 r9=D848 r10=D8E8 r11=0494 r12=8383 r13=047C r14=0000 r15=43E8
t=74.621821750 pc=0002091C fcw=D8E8 r0=010F r1=0103 r2=0000 r3=12F8 r4=3D00 r5=2FFC r6=0000 r7=0000 r8=7F06 r9=D848 r10=D8E8 r11=0494 r12=8383 r13=047C r14=0000 r15=43E8
t=74.621823250 pc=0002091E fcw=D8E8 r0=0103 r1=010F r2=0000 r3=12F8 r4=3D00 r5=2FFC r6=0000 r7=0000 r8=7F06 r9=D848 r10=D8E8 r11=0494 r12=8383 r13=047C r14=0000 r15=43E8
t=74.621826000 pc=00020920 fcw=D8E8 r0=0103 r1=010F r2=0000 r3=12F8 r4=3D00 r5=2FFC r6=0000 r7=0000 r8=7F06 r9=D848 r10=D8E8 r11=0494 r12=8383 r13=047C r14=0000 r15=43E8
t=74.621827500 pc=00020912 fcw=D8E8 r0=0103 r1=010F r2=0000 r3=12F8 r4=3D00 r5=2FFC r6=0000 r7=0000 r8=7F06 r9=D848 r10=D8E8 r11=0494 r12=8383 r13=047C r14=0000 r15=43E8
t=74.621829250 pc=00020914 fcw=D8E8 r0=0103 r1=010F r2=0000 r3=12F8 r4=3D00 r5=2FFC r6=0000 r7=0000 r8=7F06 r9=D848 r10=D8E8 r11=0494 r12=8383 r13=047C r14=0000 r15=43E8
t=74.621831000 pc=00020916 fcw=D8E8 r0=0103 r1=010F r2=0000 r3=12F8 r4=3D00 r5=2FFC r6=0000 r7=0000 r8=7F06 r9=D848 r10=D8E8 r11=0494 r12=8383 r13=047C r14=0000 r15=43E8
t=74.621834500 pc=0002091A fcw=D8E8 r0=0103 r1=010F r2=0000 r3=12F8 r4=3D00 r5=2FFC r6=0000 r7=0000 r8=7F06 r9=D848 r10=D8E8 r11=0494 r12=8383 r13=047C r14=0000 r15=43E8
t=74.621836500 pc=0002091C fcw=D8E8 r0=0103 r1=010F r2=0000 r3=12F8 r4=3D00 r5=2FFC r6=0000 r7=0000 r8=7F06 r9=D848 r10=D8E8 r11=0494 r12=8383 r13=047C r14=0000 r15=43E8
t=74.621838000 pc=0002091E fcw=D8E8 r0=010F r1=0103 r2=0000 r3=12F8 r4=3D00 r5=2FFC r6=0000 r7=0000 r8=7F06 r9=D848 r10=D8E8 r11=0494 r12=8383 r13=047C r14=0000 r15=43E8
t=74.621840750 pc=00020920 fcw=D8E8 r0=010F r1=0103 r2=0000 r3=12F8 r4=3D00 r5=2FFC r6=0000 r7=0000 r8=7F06 r9=D848 r10=D8E8 r11=0494 r12=8383 r13=047C r14=0000 r15=43E8
t=74.621842250 pc=00020912 fcw=D8E8 r0=010F r1=0103 r2=0000 r3=12F8 r4=3D00 r5=2FFC r6=0000 r7=0000 r8=7F06 r9=D848 r10=D8E8 r11=0494 r12=8383 r13=047C r14=0000 r15=43E8
t=74.621844000 pc=00020914 fcw=D8E8 r0=010F r1=0103 r2=0000 r3=12F8 r4=3D00 r5=2FFC r6=0000 r7=0000 r8=7F06 r9=D848 r10=D8E8 r11=0494 r12=8383 r13=047C r14=0000 r15=43E8
t=74.621845750 pc=00020916 fcw=D8E8 r0=010F r1=0103 r2=0000 r3=12F8 r4=3D00 r5=2FFC r6=0000 r7=0000 r8=7F06 r9=D848 r10=D8E8 r11=0494 r12=8383 r13=047C r14=0000 r15=43E8
t=74.621849250 pc=0002091A fcw=D8E8 r0=010F r1=0103 r2=0000 r3=12F8 r4=3D00 r5=2FFC r6=0000 r7=0000 r8=7F06 r9=D848 r10=D8E8 r11=0494 r12=8383 r13=047C r14=0000 r15=43E8
t=74.621851250 pc=0002091C fcw=D8E8 r0=010F r1=0103 r2=0000 r3=12F8 r4=3D00 r5=2FFC r6=0000 r7=0000 r8=7F06 r9=D848 r10=D8E8 r11=0494 r12=8383 r13=047C r14=0000 r15=43E8
t=74.621852750 pc=0002091E fcw=D8E8 r0=0103 r1=010F r2=0000 r3=12F8 r4=3D00 r5=2FFC r6=0000 r7=0000 r8=7F06 r9=D848 r10=D8E8 r11=0494 r12=8383 r13=047C r14=0000 r15=43E8
t=74.621855500 pc=00020920 fcw=D8E8 r0=0103 r1=010F r2=0000 r3=12F8 r4=3D00 r5=2FFC r6=0000 r7=0000 r8=7F06 r9=D848 r10=D8E8 r11=0494 r12=8383 r13=047C r14=0000 r15=43E8
t=74.621857000 pc=00020912 fcw=D8E8 r0=0103 r1=010F r2=0000 r3=12F8 r4=3D00 r5=2FFC r6=0000 r7=0000 r8=7F06 r9=D848 r10=D8E8 r11=0494 r12=8383 r13=047C r14=0000 r15=43E8
t=74.621858750 pc=00020914 fcw=D8E8 r0=0103 r1=010F r2=0000 r3=12F8 r4=3D00 r5=2FFC r6=0000 r7=0000 r8=7F06 r9=D848 r10=D8E8 r11=0494 r12=8383 r13=047C r14=0000 r15=43E8
t=74.621860500 pc=00020916 fcw=D8E8 r0=0103 r1=010F r2=0000 r3=12F8 r4=3D00 r5=2FFC r6=0000 r7=0000 r8=7F06 r9=D848 r10=D8E8 r11=0494 r12=8383 r13=047C r14=0000 r15=43E8
t=74.621864000 pc=0002091A fcw=D8E8 r0=0103 r1=010F r2=0000 r3=12F8 r4=3D00 r5=2FFC r6=0000 r7=0000 r8=7F06 r9=D848 r10=D8E8 r11=0494 r12=8383 r13=047C r14=0000 r15=43E8
t=74.621866000 pc=0002091C fcw=D8E8 r0=0103 r1=010F r2=0000 r3=12F8 r4=3D00 r5=2FFC r6=0000 r7=0000 r8=7F06 r9=D848 r10=D8E8 r11=0494 r12=8383 r13=047C r14=0000 r15=43E8
t=74.621867500 pc=0002091E fcw=D8E8 r0=010F r1=0103 r2=0000 r3=12F8 r4=3D00 r5=2FFC r6=0000 r7=0000 r8=7F06 r9=D848 r10=D8E8 r11=0494 r12=8383 r13=047C r14=0000 r15=43E8
t=74.621870250 pc=00020920 fcw=D8E8 r0=010F r1=0103 r2=0000 r3=12F8 r4=3D00 r5=2FFC r6=0000 r7=0000 r8=7F06 r9=D848 r10=D8E8 r11=0494 r12=8383 r13=047C r14=0000 r15=43E8
t=74.621871750 pc=00020912 fcw=D8E8 r0=010F r1=0103 r2=0000 r3=12F8 r4=3D00 r5=2FFC r6=0000 r7=0000 r8=7F06 r9=D848 r10=D8E8 r11=0494 r12=8383 r13=047C r14=0000 r15=43E8
t=74.621873500 pc=00020914 fcw=D8E8 r0=010F r1=0103 r2=0000 r3=12F8 r4=3D00 r5=2FFC r6=0000 r7=0000 r8=7F06 r9=D848 r10=D8E8 r11=0494 r12=8383 r13=047C r14=0000 r15=43E8
t=74.621875250 pc=00020916 fcw=D8E8 r0=010F r1=0103 r2=0000 r3=12F8 r4=3D00 r5=2FFC r6=0000 r7=0000 r8=7F06 r9=D848 r10=D8E8 r11=0494 r12=8383 r13=047C r14=0000 r15=43E8
t=74.621878750 pc=0002091A fcw=D8E8 r0=010F r1=0103 r2=0000 r3=12F8 r4=3D00 r5=2FFC r6=0000 r7=0000 r8=7F06 r9=D848 r10=D8E8 r11=0494 r12=8383 r13=047C r14=0000 r15=43E8
t=74.621880750 pc=0002091C fcw=D8E8 r0=010F r1=0103 r2=0000 r3=12F8 r4=3D00 r5=2FFC r6=0000 r7=0000 r8=7F06 r9=D848 r10=D8E8 r11=0494 r12=8383 r13=047C r14=0000 r15=43E8
t=74.621882250 pc=0002091E fcw=D8E8 r0=0103 r1=010F r2=0000 r3=12F8 r4=3D00 r5=2FFC r6=0000 r7=0000 r8=7F06 r9=D848 r10=D8E8 r11=0494 r12=8383 r13=047C r14=0000 r15=43E8
t=74.621885000 pc=00020920 fcw=D8E8 r0=0103 r1=010F r2=0000 r3=12F8 r4=3D00 r5=2FFC r6=0000 r7=0000 r8=7F06 r9=D848 r10=D8E8 r11=0494 r12=8383 r13=047C r14=0000 r15=43E8
t=74.621886500 pc=00020912 fcw=D8E8 r0=0103 r1=010F r2=0000 r3=12F8 r4=3D00 r5=2FFC r6=0000 r7=0000 r8=7F06 r9=D848 r10=D8E8 r11=0494 r12=8383 r13=047C r14=0000 r15=43E8
t=74.621888250 pc=00020914 fcw=D8E8 r0=0103 r1=010F r2=0000 r3=12F8 r4=3D00 r5=2FFC r6=0000 r7=0000 r8=7F06 r9=D848 r10=D8E8 r11=0494 r12=8383 r13=047C r14=0000 r15=43E8
t=74.621890000 pc=00020916 fcw=D8E8 r0=0103 r1=010F r2=0000 r3=12F8 r4=3D00 r5=2FFC r6=0000 r7=0000 r8=7F06 r9=D848 r10=D8E8 r11=0494 r12=8383 r13=047C r14=0000 r15=43E8
t=74.621893500 pc=0002091A fcw=D8E8 r0=0103 r1=010F r2=0000 r3=12F8 r4=3D00 r5=2FFC r6=0000 r7=0000 r8=7F06 r9=D848 r10=D8E8 r11=0494 r12=8383 r13=047C r14=0000 r15=43E8
t=74.621895500 pc=0002091C fcw=D8E8 r0=0103 r1=010F r2=0000 r3=12F8 r4=3D00 r5=2FFC r6=0000 r7=0000 r8=7F06 r9=D848 r10=D8E8 r11=0494 r12=8383 r13=047C r14=0000 r15=43E8
t=74.621897000 pc=0002091E fcw=D8E8 r0=010F r1=0103 r2=0000 r3=12F8 r4=3D00 r5=2FFC r6=0000 r7=0000 r8=7F06 r9=D848 r10=D8E8 r11=0494 r12=8383 r13=047C r14=0000 r15=43E8
t=74.621899750 pc=00020920 fcw=D8E8 r0=010F r1=0103 r2=0000 r3=12F8 r4=3D00 r5=2FFC r6=0000 r7=0000 r8=7F06 r9=D848 r10=D8E8 r11=0494 r12=8383 r13=047C r14=0000 r15=43E8
t=74.621901250 pc=00020912 fcw=D8E8 r0=010F r1=0103 r2=0000 r3=12F8 r4=3D00 r5=2FFC r6=0000 r7=0000 r8=7F06 r9=D848 r10=D8E8 r11=0494 r12=8383 r13=047C r14=0000 r15=43E8
t=74.621903000 pc=00020914 fcw=D8E8 r0=010F r1=0103 r2=0000 r3=12F8 r4=3D00 r5=2FFC r6=0000 r7=0000 r8=7F06 r9=D848 r10=D8E8 r11=0494 r12=8383 r13=047C r14=0000 r15=43E8
t=74.621904750 pc=00020916 fcw=D8E8 r0=010F r1=0103 r2=0000 r3=12F8 r4=3D00 r5=2FFC r6=0000 r7=0000 r8=7F06 r9=D848 r10=D8E8 r11=0494 r12=8383 r13=047C r14=0000 r15=43E8
t=74.621908250 pc=0002091A fcw=D8E8 r0=010F r1=0103 r2=0000 r3=12F8 r4=3D00 r5=2FFC r6=0000 r7=0000 r8=7F06 r9=D848 r10=D8E8 r11=0494 r12=8383 r13=047C r14=0000 r15=43E8
t=74.621910250 pc=0002091C fcw=D8E8 r0=010F r1=0103 r2=0000 r3=12F8 r4=3D00 r5=2FFC r6=0000 r7=0000 r8=7F06 r9=D848 r10=D8E8 r11=0494 r12=8383 r13=047C r14=0000 r15=43E8
t=74.621911750 pc=0002091E fcw=D8E8 r0=0103 r1=010F r2=0000 r3=12F8 r4=3D00 r5=2FFC r6=0000 r7=0000 r8=7F06 r9=D848 r10=D8E8 r11=0494 r12=8383 r13=047C r14=0000 r15=43E8
t=74.621914500 pc=00020920 fcw=D8E8 r0=0103 r1=010F r2=0000 r3=12F8 r4=3D00 r5=2FFC r6=0000 r7=0000 r8=7F06 r9=D848 r10=D8E8 r11=0494 r12=8383 r13=047C r14=0000 r15=43E8
t=74.621916000 pc=00020912 fcw=D8E8 r0=0103 r1=010F r2=0000 r3=12F8 r4=3D00 r5=2FFC r6=0000 r7=0000 r8=7F06 r9=D848 r10=D8E8 r11=0494 r12=8383 r13=047C r14=0000 r15=43E8
t=74.621917750 pc=00020914 fcw=D8E8 r0=0103 r1=010F r2=0000 r3=12F8 r4=3D00 r5=2FFC r6=0000 r7=0000 r8=7F06 r9=D848 r10=D8E8 r11=0494 r12=8383 r13=047C r14=0000 r15=43E8
t=74.621919500 pc=00020916 fcw=D8E8 r0=0103 r1=010F r2=0000 r3=12F8 r4=3D00 r5=2FFC r6=0000 r7=0000 r8=7F06 r9=D848 r10=D8E8 r11=0494 r12=8383 r13=047C r14=0000 r15=43E8
t=74.621923000 pc=0002091A fcw=D8E8 r0=0103 r1=010F r2=0000 r3=12F8 r4=3D00 r5=2FFC r6=0000 r7=0000 r8=7F06 r9=D848 r10=D8E8 r11=0494 r12=8383 r13=047C r14=0000 r15=43E8
t=74.621925000 pc=0002091C fcw=D8E8 r0=0103 r1=010F r2=0000 r3=12F8 r4=3D00 r5=2FFC r6=0000 r7=0000 r8=7F06 r9=D848 r10=D8E8 r11=0494 r12=8383 r13=047C r14=0000 r15=43E8
t=74.621926500 pc=0002091E fcw=D8E8 r0=010F r1=0103 r2=0000 r3=12F8 r4=3D00 r5=2FFC r6=0000 r7=0000 r8=7F06 r9=D848 r10=D8E8 r11=0494 r12=8383 r13=047C r14=0000 r15=43E8
t=74.621929250 pc=00020920 fcw=D8E8 r0=010F r1=0103 r2=0000 r3=12F8 r4=3D00 r5=2FFC r6=0000 r7=0000 r8=7F06 r9=D848 r10=D8E8 r11=0494 r12=8383 r13=047C r14=0000 r15=43E8
t=74.621930750 pc=00020912 fcw=D8E8 r0=010F r1=0103 r2=0000 r3=12F8 r4=3D00 r5=2FFC r6=0000 r7=0000 r8=7F06 r9=D848 r10=D8E8 r11=0494 r12=8383 r13=047C r14=0000 r15=43E8
t=74.621932500 pc=00020914 fcw=D8E8 r0=010F r1=0103 r2=0000 r3=12F8 r4=3D00 r5=2FFC r6=0000 r7=0000 r8=7F06 r9=D848 r10=D8E8 r11=0494 r12=8383 r13=047C r14=0000 r15=43E8
t=74.621934250 pc=00020916 fcw=D8E8 r0=010F r1=0103 r2=0000 r3=12F8 r4=3D00 r5=2FFC r6=0000 r7=0000 r8=7F06 r9=D848 r10=D8E8 r11=0494 r12=8383 r13=047C r14=0000 r15=43E8
t=74.621937750 pc=0002091A fcw=D8E8 r0=010F r1=0103 r2=0000 r3=12F8 r4=3D00 r5=2FFC r6=0000 r7=0000 r8=7F06 r9=D848 r10=D8E8 r11=0494 r12=8383 r13=047C r14=0000 r15=43E8
t=74.621939750 pc=0002091C fcw=D8E8 r0=010F r1=0103 r2=0000 r3=12F8 r4=3D00 r5=2FFC r6=0000 r7=0000 r8=7F06 r9=D848 r10=D8E8 r11=0494 r12=8383 r13=047C r14=0000 r15=43E8
t=74.621941250 pc=0002091E fcw=D8E8 r0=0103 r1=010F r2=0000 r3=12F8 r4=3D00 r5=2FFC r6=0000 r7=0000 r8=7F06 r9=D848 r10=D8E8 r11=0494 r12=8383 r13=047C r14=0000 r15=43E8
t=74.621944000 pc=00020920 fcw=D8E8 r0=0103 r1=010F r2=0000 r3=12F8 r4=3D00 r5=2FFC r6=0000 r7=0000 r8=7F06 r9=D848 r10=D8E8 r11=0494 r12=8383 r13=047C r14=0000 r15=43E8
t=74.621945500 pc=00020912 fcw=D8E8 r0=0103 r1=010F r2=0000 r3=12F8 r4=3D00 r5=2FFC r6=0000 r7=0000 r8=7F06 r9=D848 r10=D8E8 r11=0494 r12=8383 r13=047C r14=0000 r15=43E8
t=74.621947250 pc=00020914 fcw=D8E8 r0=0103 r1=010F r2=0000 r3=12F8 r4=3D00 r5=2FFC r6=0000 r7=0000 r8=7F06 r9=D848 r10=D8E8 r11=0494 r12=8383 r13=047C r14=0000 r15=43E8
t=74.621949000 pc=00020916 fcw=D8E8 r0=0103 r1=010F r2=0000 r3=12F8 r4=3D00 r5=2FFC r6=0000 r7=0000 r8=7F06 r9=D848 r10=D8E8 r11=0494 r12=8383 r13=047C r14=0000 r15=43E8
t=74.621952500 pc=0002091A fcw=D8E8 r0=0103 r1=010F r2=0000 r3=12F8 r4=3D00 r5=2FFC r6=0000 r7=0000 r8=7F06 r9=D848 r10=D8E8 r11=0494 r12=8383 r13=047C r14=0000 r15=43E8
t=74.621954500 pc=0002091C fcw=D8E8 r0=0103 r1=010F r2=0000 r3=12F8 r4=3D00 r5=2FFC r6=0000 r7=0000 r8=7F06 r9=D848 r10=D8E8 r11=0494 r12=8383 r13=047C r14=0000 r15=43E8
t=74.621956000 pc=0002091E fcw=D8E8 r0=010F r1=0103 r2=0000 r3=12F8 r4=3D00 r5=2FFC r6=0000 r7=0000 r8=7F06 r9=D848 r10=D8E8 r11=0494 r12=8383 r13=047C r14=0000 r15=43E8
t=74.621958750 pc=00020920 fcw=D8E8 r0=010F r1=0103 r2=0000 r3=12F8 r4=3D00 r5=2FFC r6=0000 r7=0000 r8=7F06 r9=D848 r10=D8E8 r11=0494 r12=8383 r13=047C r14=0000 r15=43E8
t=74.621960250 pc=00020912 fcw=D8E8 r0=010F r1=0103 r2=0000 r3=12F8 r4=3D00 r5=2FFC r6=0000 r7=0000 r8=7F06 r9=D848 r10=D8E8 r11=0494 r12=8383 r13=047C r14=0000 r15=43E8
t=74.621962000 pc=00020914 fcw=D8E8 r0=010F r1=0103 r2=0000 r3=12F8 r4=3D00 r5=2FFC r6=0000 r7=0000 r8=7F06 r9=D848 r10=D8E8 r11=0494 r12=8383 r13=047C r14=0000 r15=43E8
t=74.621963750 pc=00020916 fcw=D8E8 r0=010F r1=0103 r2=0000 r3=12F8 r4=3D00 r5=2FFC r6=0000 r7=0000 r8=7F06 r9=D848 r10=D8E8 r11=0494 r12=8383 r13=047C r14=0000 r15=43E8
t=74.621967250 pc=0002091A fcw=D8E8 r0=010F r1=0103 r2=0000 r3=12F8 r4=3D00 r5=2FFC r6=0000 r7=0000 r8=7F06 r9=D848 r10=D8E8 r11=0494 r12=8383 r13=047C r14=0000 r15=43E8
t=74.621969250 pc=0002091C fcw=D8E8 r0=010F r1=0103 r2=0000 r3=12F8 r4=3D00 r5=2FFC r6=0000 r7=0000 r8=7F06 r9=D848 r10=D8E8 r11=0494 r12=8383 r13=047C r14=0000 r15=43E8
t=74.621970750 pc=0002091E fcw=D8E8 r0=0103 r1=010F r2=0000 r3=12F8 r4=3D00 r5=2FFC r6=0000 r7=0000 r8=7F06 r9=D848 r10=D8E8 r11=0494 r12=8383 r13=047C r14=0000 r15=43E8
t=74.621973500 pc=00020920 fcw=D8E8 r0=0103 r1=010F r2=0000 r3=12F8 r4=3D00 r5=2FFC r6=0000 r7=0000 r8=7F06 r9=D848 r10=D8E8 r11=0494 r12=8383 r13=047C r14=0000 r15=43E8
t=74.621975000 pc=00020912 fcw=D8E8 r0=0103 r1=010F r2=0000 r3=12F8 r4=3D00 r5=2FFC r6=0000 r7=0000 r8=7F06 r9=D848 r10=D8E8 r11=0494 r12=8383 r13=047C r14=0000 r15=43E8
t=74.621976750 pc=00020914 fcw=D8E8 r0=0103 r1=010F r2=0000 r3=12F8 r4=3D00 r5=2FFC r6=0000 r7=0000 r8=7F06 r9=D848 r10=D8E8 r11=0494 r12=8383 r13=047C r14=0000 r15=43E8
t=74.621978500 pc=00020916 fcw=D8E8 r0=0103 r1=010F r2=0000 r3=12F8 r4=3D00 r5=2FFC r6=0000 r7=0000 r8=7F06 r9=D848 r10=D8E8 r11=0494 r12=8383 r13=047C r14=0000 r15=43E8
t=74.621982000 pc=0002091A fcw=D8E8 r0=0103 r1=010F r2=0000 r3=12F8 r4=3D00 r5=2FFC r6=0000 r7=0000 r8=7F06 r9=D848 r10=D8E8 r11=0494 r12=8383 r13=047C r14=0000 r15=43E8
t=74.621984000 pc=0002091C fcw=D8E8 r0=0103 r1=010F r2=0000 r3=12F8 r4=3D00 r5=2FFC r6=0000 r7=0000 r8=7F06 r9=D848 r10=D8E8 r11=0494 r12=8383 r13=047C r14=0000 r15=43E8
t=74.621985500 pc=0002091E fcw=D8E8 r0=010F r1=0103 r2=0000 r3=12F8 r4=3D00 r5=2FFC r6=0000 r7=0000 r8=7F06 r9=D848 r10=D8E8 r11=0494 r12=8383 r13=047C r14=0000 r15=43E8
t=74.621988250 pc=00020920 fcw=D8E8 r0=010F r1=0103 r2=0000 r3=12F8 r4=3D00 r5=2FFC r6=0000 r7=0000 r8=7F06 r9=D848 r10=D8E8 r11=0494 r12=8383 r13=047C r14=0000 r15=43E8
t=74.621989750 pc=00020912 fcw=D8E8 r0=010F r1=0103 r2=0000 r3=12F8 r4=3D00 r5=2FFC r6=0000 r7=0000 r8=7F06 r9=D848 r10=D8E8 r11=0494 r12=8383 r13=047C r14=0000 r15=43E8
t=74.621991500 pc=00020914 fcw=D8E8 r0=010F r1=0103 r2=0000 r3=12F8 r4=3D00 r5=2FFC r6=0000 r7=0000 r8=7F06 r9=D848 r10=D8E8 r11=0494 r12=8383 r13=047C r14=0000 r15=43E8
t=74.621993250 pc=00020916 fcw=D8E8 r0=010F r1=0103 r2=0000 r3=12F8 r4=3D00 r5=2FFC r6=0000 r7=0000 r8=7F06 r9=D848 r10=D8E8 r11=0494 r12=8383 r13=047C r14=0000 r15=43E8
t=74.621996750 pc=0002091A fcw=D8E8 r0=010F r1=0103 r2=0000 r3=12F8 r4=3D00 r5=2FFC r6=0000 r7=0000 r8=7F06 r9=D848 r10=D8E8 r11=0494 r12=8383 r13=047C r14=0000 r15=43E8
t=74.621998750 pc=0002091C fcw=D8E8 r0=010F r1=0103 r2=0000 r3=12F8 r4=3D00 r5=2FFC r6=0000 r7=0000 r8=7F06 r9=D848 r10=D8E8 r11=0494 r12=8383 r13=047C r14=0000 r15=43E8
t=74.622000250 pc=0002091E fcw=D8E8 r0=0103 r1=010F r2=0000 r3=12F8 r4=3D00 r5=2FFC r6=0000 r7=0000 r8=7F06 r9=D848 r10=D8E8 r11=0494 r12=8383 r13=047C r14=0000 r15=43E8
t=74.622003000 pc=00020920 fcw=D8E8 r0=0103 r1=010F r2=0000 r3=12F8 r4=3D00 r5=2FFC r6=0000 r7=0000 r8=7F06 r9=D848 r10=D8E8 r11=0494 r12=8383 r13=047C r14=0000 r15=43E8
t=74.622004500 pc=00020912 fcw=D8E8 r0=0103 r1=010F r2=0000 r3=12F8 r4=3D00 r5=2FFC r6=0000 r7=0000 r8=7F06 r9=D848 r10=D8E8 r11=0494 r12=8383 r13=047C r14=0000 r15=43E8
t=74.622006250 pc=00020914 fcw=D8E8 r0=0103 r1=010F r2=0000 r3=12F8 r4=3D00 r5=2FFC r6=0000 r7=0000 r8=7F06 r9=D848 r10=D8E8 r11=0494 r12=8383 r13=047C r14=0000 r15=43E8
t=74.622008000 pc=00020916 fcw=D8E8 r0=0103 r1=010F r2=0000 r3=12F8 r4=3D00 r5=2FFC r6=0000 r7=0000 r8=7F06 r9=D848 r10=D8E8 r11=0494 r12=8383 r13=047C r14=0000 r15=43E8
t=74.622011500 pc=0002091A fcw=D8E8 r0=0103 r1=010F r2=0000 r3=12F8 r4=3D00 r5=2FFC r6=0000 r7=0000 r8=7F06 r9=D848 r10=D8E8 r11=0494 r12=8383 r13=047C r14=0000 r15=43E8
t=74.622013500 pc=0002091C fcw=D8E8 r0=0103 r1=010F r2=0000 r3=12F8 r4=3D00 r5=2FFC r6=0000 r7=0000 r8=7F06 r9=D848 r10=D8E8 r11=0494 r12=8383 r13=047C r14=0000 r15=43E8
t=74.622015000 pc=0002091E fcw=D8E8 r0=010F r1=0103 r2=0000 r3=12F8 r4=3D00 r5=2FFC r6=0000 r7=0000 r8=7F06 r9=D848 r10=D8E8 r11=0494 r12=8383 r13=047C r14=0000 r15=43E8
t=74.622017750 pc=00020920 fcw=D8E8 r0=010F r1=0103 r2=0000 r3=12F8 r4=3D00 r5=2FFC r6=0000 r7=0000 r8=7F06 r9=D848 r10=D8E8 r11=0494 r12=8383 r13=047C r14=0000 r15=43E8
t=74.622019250 pc=00020912 fcw=D8E8 r0=010F r1=0103 r2=0000 r3=12F8 r4=3D00 r5=2FFC r6=0000 r7=0000 r8=7F06 r9=D848 r10=D8E8 r11=0494 r12=8383 r13=047C r14=0000 r15=43E8
t=74.622021000 pc=00020914 fcw=D8E8 r0=010F r1=0103 r2=0000 r3=12F8 r4=3D00 r5=2FFC r6=0000 r7=0000 r8=7F06 r9=D848 r10=D8E8 r11=0494 r12=8383 r13=047C r14=0000 r15=43E8
t=74.622022750 pc=00020916 fcw=D8E8 r0=010F r1=0103 r2=0000 r3=12F8 r4=3D00 r5=2FFC r6=0000 r7=0000 r8=7F06 r9=D848 r10=D8E8 r11=0494 r12=8383 r13=047C r14=0000 r15=43E8
t=74.622026250 pc=0002091A fcw=D8E8 r0=010F r1=0103 r2=0000 r3=12F8 r4=3D00 r5=2FFC r6=0000 r7=0000 r8=7F06 r9=D848 r10=D8E8 r11=0494 r12=8383 r13=047C r14=0000 r15=43E8
t=74.622028250 pc=0002091C fcw=D8E8 r0=010F r1=0103 r2=0000 r3=12F8 r4=3D00 r5=2FFC r6=0000 r7=0000 r8=7F06 r9=D848 r10=D8E8 r11=0494 r12=8383 r13=047C r14=0000 r15=43E8
t=74.622029750 pc=0002091E fcw=D8E8 r0=0103 r1=010F r2=0000 r3=12F8 r4=3D00 r5=2FFC r6=0000 r7=0000 r8=7F06 r9=D848 r10=D8E8 r11=0494 r12=8383 r13=047C r14=0000 r15=43E8
t=74.622032500 pc=00020920 fcw=D8E8 r0=0103 r1=010F r2=0000 r3=12F8 r4=3D00 r5=2FFC r6=0000 r7=0000 r8=7F06 r9=D848 r10=D8E8 r11=0494 r12=8383 r13=047C r14=0000 r15=43E8
t=74.622034000 pc=00020912 fcw=D8E8 r0=0103 r1=010F r2=0000 r3=12F8 r4=3D00 r5=2FFC r6=0000 r7=0000 r8=7F06 r9=D848 r10=D8E8 r11=0494 r12=8383 r13=047C r14=0000 r15=43E8
t=74.622035750 pc=00020914 fcw=D8E8 r0=0103 r1=010F r2=0000 r3=12F8 r4=3D00 r5=2FFC r6=0000 r7=0000 r8=7F06 r9=D848 r10=D8E8 r11=0494 r12=8383 r13=047C r14=0000 r15=43E8
t=74.622037500 pc=00020916 fcw=D8E8 r0=0103 r1=010F r2=0000 r3=12F8 r4=3D00 r5=2FFC r6=0000 r7=0000 r8=7F06 r9=D848 r10=D8E8 r11=0494 r12=8383 r13=047C r14=0000 r15=43E8
t=74.622041000 pc=0002091A fcw=D8E8 r0=0103 r1=010F r2=0000 r3=12F8 r4=3D00 r5=2FFC r6=0000 r7=0000 r8=7F06 r9=D848 r10=D8E8 r11=0494 r12=8383 r13=047C r14=0000 r15=43E8
t=74.622043000 pc=003B0314 fcw=C000 r0=0103 r1=010F r2=0000 r3=12F8 r4=3D00 r5=2FFC r6=0000 r7=0000 r8=7F06 r9=D848 r10=D8E8 r11=0494 r12=8383 r13=047C r14=0000 r15=43E0
t=74.622044500 pc=003B0316 fcw=C000 r0=0103 r1=010F r2=0000 r3=12F8 r4=3D00 r5=2FFC r6=0000 r7=0000 r8=7F06 r9=D848 r10=D8E8 r11=0494 r12=8383 r13=047C r14=0000 r15=43E0
t=74.622048000 pc=003B031C fcw=C000 r0=0103 r1=010F r2=0000 r3=12F8 r4=3D00 r5=2FFC r6=0000 r7=0000 r8=7F06 r9=D848 r10=D8E8 r11=0494 r12=8383 r13=047C r14=0000 r15=43E0
t=74.622049750 pc=003B031E fcw=C000 r0=0103 r1=0004 r2=0000 r3=12F8 r4=3D00 r5=2FFC r6=0000 r7=0000 r8=7F06 r9=D848 r10=D8E8 r11=0494 r12=8383 r13=047C r14=0000 r15=43E0
t=74.622051250 pc=003B0338 fcw=C000 r0=0103 r1=0004 r2=0000 r3=12F8 r4=3D00 r5=2FFC r6=0000 r7=0000 r8=7F06 r9=D848 r10=D8E8 r11=0494 r12=8383 r13=047C r14=0000 r15=43E0
t=74.622054250 pc=003B033C fcw=C000 r0=0103 r1=0004 r2=0000 r3=12F8 r4=3D00 r5=2FFC r6=0000 r7=0000 r8=7F06 r9=D848 r10=D8E8 r11=0494 r12=8383 r13=047C r14=0000 r15=43E0
t=74.622056000 pc=003B033E fcw=D000 r0=0103 r1=0004 r2=0000 r3=12F8 r4=3D00 r5=2FFC r6=0000 r7=0000 r8=7F06 r9=D848 r10=D8E8 r11=0494 r12=8383 r13=047C r14=0000 r15=43E0
t=74.622057000 pc=003B0340 fcw=D048 r0=0103 r1=0004 r2=0000 r3=12F8 r4=3D00 r5=2FFC r6=0000 r7=0000 r8=7F06 r9=D848 r10=D8E8 r11=0494 r12=8383 r13=047C r14=0000 r15=43E0
t=74.622060000 pc=003B0344 fcw=D048 r0=0103 r1=0004 r2=0000 r3=0440 r4=3D00 r5=2FFC r6=0000 r7=0000 r8=7F06 r9=D848 r10=D8E8 r11=0494 r12=8383 r13=047C r14=0000 r15=43E0
t=74.622063500 pc=003B0348 fcw=D048 r0=0103 r1=0004 r2=0000 r3=0800 r4=3D00 r5=2FFC r6=0000 r7=0000 r8=7F06 r9=D848 r10=D8E8 r11=0494 r12=8383 r13=047C r14=0000 r15=43E0
t=74.622067750 pc=003B034C fcw=D048 r0=0103 r1=0004 r2=0000 r3=0800 r4=0000 r5=0000 r6=0000 r7=0000 r8=7F06 r9=D848 r10=D8E8 r11=0494 r12=8383 r13=047C r14=0000 r15=43E0
t=74.622068750 pc=003B034E fcw=D048 r0=0103 r1=0004 r2=0000 r3=0800 r4=0000 r5=0000 r6=0000 r7=0000 r8=7F06 r9=D848 r10=D8E8 r11=0494 r12=8383 r13=047C r14=0000 r15=43E0
t=74.622070250 pc=003B0358 fcw=D048 r0=0103 r1=0004 r2=0000 r3=0800 r4=0000 r5=0000 r6=0000 r7=0000 r8=7F06 r9=D848 r10=D8E8 r11=0494 r12=8383 r13=047C r14=0000 r15=43E0
t=74.622071250 pc=003B035A fcw=D048 r0=0103 r1=0004 r2=0000 r3=0800 r4=0000 r5=0000 r6=0000 r7=0000 r8=7F06 r9=D848 r10=D8E8 r11=0494 r12=8383 r13=047C r14=0000 r15=43E0
t=74.622072750 pc=003B0376 fcw=D048 r0=0103 r1=0004 r2=0000 r3=0800 r4=0000 r5=0000 r6=0000 r7=0000 r8=7F06 r9=D848 r10=D8E8 r11=0494 r12=8383 r13=047C r14=0000 r15=43E0
t=74.622075500 pc=003B0378 fcw=D048 r0=0103 r1=0004 r2=0000 r3=0800 r4=0000 r5=0000 r6=8300 r7=1A2C r8=7F06 r9=D848 r10=D8E8 r11=0494 r12=8383 r13=047C r14=0000 r15=43E0
t=74.622078000 pc=00031A2C fcw=D048 r0=0103 r1=0004 r2=0000 r3=0800 r4=0000 r5=0000 r6=8300 r7=1A2C r8=7F06 r9=D848 r10=D8E8 r11=0494 r12=8383 r13=047C r14=0000 r15=43DC
t=74.622079250 pc=00031A2E fcw=D048 r0=0103 r1=0004 r2=0000 r3=0800 r4=0000 r5=0000 r6=8300 r7=1A2C r8=7F06 r9=D848 r10=D8E8 r11=0494 r12=8383 r13=0002 r14=0000 r15=43DC
t=74.622082250 pc=000000CA fcw=D048 r0=0103 r1=0004 r2=0000 r3=0800 r4=0000 r5=0000 r6=8300 r7=1A2C r8=7F06 r9=D848 r10=D8E8 r11=0494 r12=8383 r13=0002 r14=0000 r15=43D8
t=74.622084000 pc=00021170 fcw=D048 r0=0103 r1=0004 r2=0000 r3=0800 r4=0000 r5=0000 r6=8300 r7=1A2C r8=7F06 r9=D848 r10=D8E8 r11=0494 r12=8383 r13=0002 r14=0000 r15=43D8
t=74.622085750 pc=00021174 fcw=D048 r0=0103 r1=0004 r2=0000 r3=0800 r4=0000 r5=0000 r6=8300 r7=1A2C r8=FF8B r9=D848 r10=D8E8 r11=0494 r12=8383 r13=0002 r14=0000 r15=43D8
t=74.622086750 pc=00021176 fcw=D028 r0=0103 r1=0004 r2=0000 r3=0800 r4=0000 r5=0000 r6=8300 r7=1A2C r8=FF89 r9=D848 r10=D8E8 r11=0494 r12=8383 r13=0002 r14=0000 r15=43D8
t=74.622089750 pc=00021178 fcw=D028 r0=0103 r1=0004 r2=0000 r3=0800 r4=0000 r5=0000 r6=8300 r7=1A2C r8=FF89 r9=D848 r10=D8E8 r11=0494 r12=8383 r13=0002 r14=0000 r15=43D8
t=74.622091500 pc=0002117A fcw=D028 r0=0103 r1=0004 r2=0000 r3=0800 r4=0000 r5=0000 r6=8300 r7=1A2C r8=D028 r9=D848 r10=D8E8 r11=0494 r12=8383 r13=0002 r14=0000 r15=43D8
t=74.622092500 pc=0002117C fcw=D008 r0=0103 r1=0004 r2=0000 r3=0800 r4=0000 r5=0000 r6=8300 r7=1A2C r8=D028 r9=D848 r10=D8E8 r11=0494 r12=8383 r13=0004 r14=0000 r15=43D8
t=74.622094250 pc=00021180 fcw=D008 r0=0103 r1=0004 r2=0000 r3=0800 r4=0000 r5=0000 r6=8300 r7=1A2C r8=D028 r9=D848 r10=D8E8 r11=0494 r12=8383 r13=0084 r14=0000 r15=43D8
t=74.622095250 pc=00021182 fcw=D048 r0=0103 r1=0004 r2=0000 r3=0800 r4=0000 r5=0000 r6=8300 r7=1A2C r8=D028 r9=D848 r10=D8E8 r11=0494 r12=0000 r13=0084 r14=0000 r15=43D8
t=74.622097000 pc=00021184 fcw=D048 r0=0103 r1=0004 r2=0000 r3=0800 r4=0000 r5=0000 r6=8300 r7=1A2C r8=D028 r9=D848 r10=D8E8 r11=0494 r12=0000 r13=124C r14=0000 r15=43D8
t=74.622098750 pc=00021186 fcw=C048 r0=0103 r1=0004 r2=0000 r3=0800 r4=0000 r5=0000 r6=8300 r7=1A2C r8=D028 r9=D848 r10=D8E8 r11=0494 r12=0000 r13=124C r14=0000 r15=43D8
t=74.622100500 pc=00021188 fcw=C048 r0=0103 r1=0004 r2=0000 r3=0800 r4=0000 r5=0000 r6=8300 r7=129A r8=D028 r9=D848 r10=D8E8 r11=0494 r12=0000 r13=124C r14=0000 r15=43D8
t=74.622103000 pc=0002118C fcw=C008 r0=0103 r1=0004 r2=0000 r3=0800 r4=0000 r5=0000 r6=8300 r7=129A r8=D028 r9=D848 r10=D8E8 r11=0494 r12=0000 r13=124C r14=0000 r15=43D8
t=74.622104500 pc=00021192 fcw=C008 r0=0103 r1=0004 r2=0000 r3=0800 r4=0000 r5=0000 r6=8300 r7=129A r8=D028 r9=D848 r10=D8E8 r11=0494 r12=0000 r13=124C r14=0000 r15=43D8
t=74.622105250 pc=00021194 fcw=C008 r0=0103 r1=0004 r2=0000 r3=0800 r4=0000 r5=0000 r6=0000 r7=129A r8=D028 r9=D848 r10=D8E8 r11=0494 r12=0000 r13=124C r14=0000 r15=43D8
t=74.622108250 pc=00021196 fcw=C008 r0=0103 r1=0004 r2=0000 r3=0800 r4=0000 r5=0000 r6=0000 r7=1296 r8=D028 r9=D848 r10=D8E8 r11=0494 r12=0000 r13=124C r14=0000 r15=43D8
t=74.622111250 pc=00021198 fcw=C008 r0=0103 r1=0004 r2=0000 r3=0800 r4=0000 r5=0000 r6=0000 r7=1292 r8=D028 r9=D848 r10=D8E8 r11=0494 r12=0000 r13=124C r14=0000 r15=43D8
t=74.622113250 pc=0002119A fcw=C008 r0=0103 r1=0004 r2=0000 r3=0800 r4=0000 r5=0000 r6=0000 r7=1292 r8=D028 r9=D848 r10=D8E8 r11=0494 r12=0000 r13=124C r14=0000 r15=43D8
t=74.622115000 pc=0002119C fcw=D028 r0=0103 r1=0004 r2=0000 r3=0800 r4=0000 r5=0000 r6=0000 r7=1292 r8=D028 r9=D848 r10=D8E8 r11=0494 r12=0000 r13=124C r14=0000 r15=43D8
t=74.622117500 pc=00031A32 fcw=D028 r0=0103 r1=0004 r2=0000 r3=0800 r4=0000 r5=0000 r6=0000 r7=1292 r8=D028 r9=D848 r10=D8E8 r11=0494 r12=0000 r13=124C r14=0000 r15=43DC
t=74.622119250 pc=00031A34 fcw=D028 r0=0103 r1=0004 r2=0000 r3=0800 r4=0000 r5=0000 r6=0000 r7=1292 r8=D028 r9=D848 r10=D8E8 r11=0494 r12=0000 r13=124C r14=0000 r15=43DC
t=74.622121750 pc=003B037A fcw=D028 r0=0103 r1=0004 r2=0000 r3=0800 r4=0000 r5=0000 r6=0000 r7=1292 r8=D028 r9=D848 r10=D8E8 r11=0494 r12=0000 r13=124C r14=0000 r15=43E0
t=74.622123250 pc=003B037C fcw=D028 r0=0103 r1=0004 r2=0000 r3=0800 r4=0000 r5=0000 r6=0000 r7=1292 r8=D028 r9=D848 r10=D8E8 r11=0494 r12=0000 r13=124C r14=0000 r15=43E0
t=74.622125750 pc=003B01F6 fcw=D028 r0=0103 r1=0004 r2=0000 r3=0800 r4=0000 r5=0000 r6=0000 r7=1292 r8=D028 r9=D848 r10=D8E8 r11=0494 r12=0000 r13=124C r14=0000 r15=43DC
t=74.622127000 pc=003B01F8 fcw=D028 r0=0103 r1=0004 r2=0000 r3=0800 r4=0000 r5=0000 r6=0000 r7=1234 r8=D028 r9=D848 r10=D8E8 r11=0494 r12=0000 r13=124C r14=0000 r15=43DC
t=74.622130000 pc=003B01FC fcw=D028 r0=0103 r1=0004 r2=0000 r3=0800 r4=0000 r5=0000 r6=0000 r7=1234 r8=D028 r9=D848 r10=D8E8 r11=0494 r12=0000 r13=124C r14=0000 r15=43DC
t=74.622131250 pc=003B01FE fcw=D028 r0=0103 r1=0004 r2=0000 r3=0800 r4=0000 r5=0000 r6=0000 r7=0002 r8=D028 r9=D848 r10=D8E8 r11=0494 r12=0000 r13=124C r14=0000 r15=43DC
t=74.622134250 pc=003B0202 fcw=D028 r0=0103 r1=0004 r2=0000 r3=0800 r4=0000 r5=0000 r6=0000 r7=0002 r8=D028 r9=D848 r10=D8E8 r11=0494 r12=0000 r13=124C r14=0000 r15=43DC
t=74.622137250 pc=003B0206 fcw=D028 r0=0103 r1=0004 r2=0000 r3=0800 r4=0000 r5=0000 r6=0000 r7=0002 r8=D028 r9=D848 r10=D8E8 r11=0494 r12=0000 r13=124C r14=0000 r15=43DC
t=74.622141000 pc=003B020C fcw=D028 r0=0103 r1=0004 r2=0000 r3=0800 r4=0000 r5=0000 r6=2F30 r7=0002 r8=D028 r9=D848 r10=D8E8 r11=0494 r12=0000 r13=124C r14=0000 r15=43DC
t=74.622144250 pc=003B0210 fcw=D008 r0=0103 r1=0004 r2=0000 r3=0800 r4=0000 r5=0000 r6=1798 r7=0002 r8=D028 r9=D848 r10=D8E8 r11=0494 r12=0000 r13=124C r14=0000 r15=43DC
t=74.622145250 pc=003B0212 fcw=D008 r0=0103 r1=0004 r2=0000 r3=0800 r4=0000 r5=0000 r6=1799 r7=0002 r8=D028 r9=D848 r10=D8E8 r11=0494 r12=0000 r13=124C r14=0000 r15=43DC
t=74.622148250 pc=003B0216 fcw=D008 r0=0103 r1=0004 r2=0000 r3=0800 r4=0000 r5=0000 r6=1799 r7=0002 r8=D028 r9=D848 r10=D8E8 r11=0494 r12=0000 r13=124C r14=0000 r15=43DC
t=74.622151250 pc=003B021A fcw=D008 r0=0103 r1=0004 r2=0000 r3=0800 r4=0000 r5=0000 r6=1799 r7=0002 r8=D028 r9=D848 r10=D8E8 r11=0494 r12=0000 r13=124C r14=0000 r15=43DC
t=74.622155500 pc=003B021E fcw=D008 r0=0103 r1=0004 r2=0000 r3=0800 r4=0000 r5=0000 r6=1799 r7=0002 r8=D028 r9=D848 r10=D8E8 r11=0494 r12=0000 r13=124C r14=0000 r15=43DC
t=74.622158000 pc=003B037E fcw=D008 r0=0103 r1=0004 r2=0000 r3=0800 r4=0000 r5=0000 r6=1799 r7=0002 r8=D028 r9=D848 r10=D8E8 r11=0494 r12=0000 r13=124C r14=0000 r15=43E0
t=74.622159500 pc=003B0386 fcw=D008 r0=0103 r1=0004 r2=0000 r3=0800 r4=0000 r5=0000 r6=1799 r7=0002 r8=D028 r9=D848 r10=D8E8 r11=0494 r12=0000 r13=124C r14=0000 r15=43E0
t=74.622163000 pc=003B038C fcw=D008 r0=0103 r1=010F r2=0000 r3=12F8 r4=3D00 r5=2FFC r6=0000 r7=0000 r8=7F06 r9=D848 r10=D8E8 r11=0494 r12=8383 r13=047C r14=0000 r15=43E0
t=74.622166000 pc=003B0390 fcw=D008 r0=0103 r1=010F r2=0000 r3=12F8 r4=3D00 r5=2FFC r6=0000 r7=0000 r8=7F06 r9=D848 r10=D8E8 r11=0494 r12=8383 r13=047C r14=0000 r15=43E0
t=74.622169250 pc=00021126 fcw=D000 r0=0103 r1=010F r2=0000 r3=12F8 r4=3D00 r5=2FFC r6=0000 r7=0000 r8=7F06 r9=D848 r10=D8E8 r11=0494 r12=8383 r13=047C r14=0000 r15=43E0
t=74.622170750 pc=00021128 fcw=D000 r0=0103 r1=010F r2=0000 r3=12F8 r4=3D00 r5=2FFC r6=0000 r7=0000 r8=7F06 r9=D848 r10=D8E8 r11=0494 r12=8383 r13=047C r14=0000 r15=43E0
t=74.622174250 pc=00021130 fcw=D000 r0=0103 r1=010F r2=0000 r3=12F8 r4=3D00 r5=2FFC r6=0000 r7=0000 r8=7F06 r9=D848 r10=D8E8 r11=0494 r12=8383 r13=047C r14=0000 r15=43E0
t=74.622177500 pc=00021136 fcw=D000 r0=0103 r1=010F r2=0000 r3=12F8 r4=3D00 r5=2FFC r6=0000 r7=0000 r8=7F06 r9=D848 r10=D8E8 r11=0494 r12=8383 r13=047C r14=0000 r15=43E0
t=74.622179000 pc=0002113A fcw=D000 r0=0103 r1=010F r2=0000 r3=12F8 r4=3D00 r5=2FFC r6=0000 r7=0000 r8=7F06 r9=D848 r10=D8E8 r11=0494 r12=8383 r13=047C r14=0000 r15=43E0
t=74.622181500 pc=0002113E fcw=D000 r0=0148 r1=010F r2=0000 r3=12F8 r4=3D00 r5=2FFC r6=0000 r7=0000 r8=7F06 r9=D848 r10=D8E8 r11=0494 r12=8383 r13=047C r14=0000 r15=43E0
t=74.622183250 pc=00021140 fcw=D048 r0=0148 r1=010F r2=0000 r3=12F8 r4=3D00 r5=2FFC r6=0000 r7=0000 r8=7F06 r9=D848 r10=D8E8 r11=0494 r12=8383 r13=047C r14=0000 r15=43E0
t=74.622184750 pc=00021142 fcw=D048 r0=0148 r1=010F r2=0000 r3=12F8 r4=3D00 r5=2FFC r6=0000 r7=0000 r8=7F06 r9=D848 r10=D8E8 r11=0494 r12=8383 r13=047C r14=0000 r15=43E0
t=74.622186250 pc=0002115C fcw=D048 r0=0148 r1=010F r2=0000 r3=12F8 r4=3D00 r5=2FFC r6=0000 r7=0000 r8=7F06 r9=D848 r10=D8E8 r11=0494 r12=8383 r13=047C r14=0000 r15=43E0
t=74.622189250 pc=00021160 fcw=D048 r0=0148 r1=010F r2=0000 r3=12F8 r4=3D00 r5=2FFC r6=0000 r7=0000 r8=7F06 r9=D848 r10=D8E8 r11=0494 r12=8383 r13=047C r14=0000 r15=43E0
t=74.622191500 pc=00021164 fcw=D048 r0=0148 r1=010F r2=0000 r3=124C r4=3D00 r5=2FFC r6=0000 r7=0000 r8=7F06 r9=D848 r10=D8E8 r11=0494 r12=8383 r13=047C r14=0000 r15=43E0
t=74.622193000 pc=000210E8 fcw=D048 r0=0148 r1=010F r2=0000 r3=124C r4=3D00 r5=2FFC r6=0000 r7=0000 r8=7F06 r9=D848 r10=D8E8 r11=0494 r12=8383 r13=047C r14=0000 r15=43E0
t=74.622195500 pc=000210EC fcw=D048 r0=0148 r1=010F r2=0000 r3=124C r4=3D00 r5=2FFC r6=0000 r7=129A r8=7F06 r9=D848 r10=D8E8 r11=0494 r12=8383 r13=047C r14=0000 r15=43E0
t=74.622198000 pc=000210F0 fcw=D008 r0=0148 r1=010F r2=0000 r3=124C r4=3D00 r5=2FFC r6=0000 r7=129A r8=7F06 r9=D848 r10=D8E8 r11=0494 r12=8383 r13=047C r14=0000 r15=43E0
t=74.622199500 pc=000210F2 fcw=D008 r0=0148 r1=010F r2=0000 r3=124C r4=3D00 r5=2FFC r6=0000 r7=129A r8=7F06 r9=D848 r10=D8E8 r11=0494 r12=8383 r13=047C r14=0000 r15=43E0
t=74.622202000 pc=000210F6 fcw=D008 r0=0148 r1=010F r2=0000 r3=124C r4=3D00 r5=2FFC r6=0000 r7=129A r8=7F06 r9=D848 r10=D8E8 r11=0494 r12=8383 r13=047C r14=0000 r15=43E0
t=74.622203500 pc=000210FC fcw=D008 r0=0148 r1=010F r2=0000 r3=124C r4=3D00 r5=2FFC r6=0000 r7=129A r8=7F06 r9=D848 r10=D8E8 r11=0494 r12=8383 r13=047C r14=0000 r15=43E0
t=74.622204500 pc=000210FE fcw=D048 r0=0148 r1=010F r2=0000 r3=124C r4=3D00 r5=2FFC r6=0000 r7=129A r8=7F06 r9=D848 r10=D8E8 r11=0494 r12=8383 r13=047C r14=0000 r15=43E0
t=74.622205500 pc=00021100 fcw=D008 r0=0148 r1=010F r2=0000 r3=124C r4=3D00 r5=2FFC r6=0000 r7=1296 r8=7F06 r9=D848 r10=D8E8 r11=0494 r12=8383 r13=047C r14=0000 r15=43E0
t=74.622208250 pc=00021102 fcw=D008 r0=0148 r1=010F r2=0000 r3=124C r4=0000 r5=0800 r6=0000 r7=1296 r8=7F06 r9=D848 r10=D8E8 r11=0494 r12=8383 r13=047C r14=0000 r15=43E0
t=74.622209250 pc=00021104 fcw=D008 r0=0148 r1=010F r2=0000 r3=124C r4=0000 r5=0800 r6=0000 r7=1292 r8=7F06 r9=D848 r10=D8E8 r11=0494 r12=8383 r13=047C r14=0000 r15=43E0
t=74.622212000 pc=00021106 fcw=D008 r0=0103 r1=0004 r2=0000 r3=124C r4=0000 r5=0800 r6=0000 r7=1292 r8=7F06 r9=D848 r10=D8E8 r11=0494 r12=8383 r13=047C r14=0000 r15=43E0
t=74.622215000 pc=0002110A fcw=D008 r0=0103 r1=0004 r2=0000 r3=124C r4=0000 r5=0800 r6=0000 r7=1292 r8=7F06 r9=D848 r10=D8E8 r11=0494 r12=8383 r13=047C r14=0000 r15=43E0
t=74.622217250 pc=0002110C fcw=D008 r0=0103 r1=0004 r2=0000 r3=124C r4=0000 r5=0800 r6=0000 r7=1292 r8=7F06 r9=D848 r10=D8E8 r11=0494 r12=8383 r13=047C r14=0000 r15=43DE
t=74.622218750 pc=0002111C fcw=D008 r0=0103 r1=0004 r2=0000 r3=124C r4=0000 r5=0800 r6=0000 r7=1292 r8=7F06 r9=D848 r10=D8E8 r11=0494 r12=8383 r13=047C r14=0000 r15=43DE
t=74.622223000 pc=00021120 fcw=D008 r0=0103 r1=0004 r2=8300 r3=1A36 r4=0000 r5=0800 r6=0000 r7=1292 r8=7F06 r9=D848 r10=D8E8 r11=0494 r12=8383 r13=047C r14=0000 r15=43DE
t=74.622225500 pc=00031A36 fcw=D008 r0=0103 r1=0004 r2=8300 r3=1A36 r4=0000 r5=0800 r6=0000 r7=1292 r8=7F06 r9=D848 r10=D8E8 r11=0494 r12=8383 r13=047C r14=0000 r15=43DA
t=74.622229750 pc=00031A3A fcw=D008 r0=0103 r1=0004 r2=0000 r3=1416 r4=0000 r5=0800 r6=0000 r7=1292 r8=7F06 r9=D848 r10=D8E8 r11=0494 r12=8383 r13=047C r14=0000 r15=43DA
t=74.622230750 pc=00031A3C fcw=D008 r0=0103 r1=0004 r2=0000 r3=1416 r4=0000 r5=0800 r6=0000 r7=1292 r8=7F06 r9=D848 r10=D8E8 r11=0494 r12=8383 r13=047C r14=0000 r15=43DA
t=74.622232250 pc=00031A3E fcw=D008 r0=0103 r1=0004 r2=0000 r3=1416 r4=0000 r5=0800 r6=0000 r7=1292 r8=7F06 r9=D848 r10=D8E8 r11=0494 r12=8383 r13=047C r14=0000 r15=43DA
t=74.622233250 pc=00031A40 fcw=D048 r0=0103 r1=0000 r2=0000 r3=1416 r4=0000 r5=0800 r6=0000 r7=1292 r8=7F06 r9=D848 r10=D8E8 r11=0494 r12=8383 r13=047C r14=0000 r15=43DA
t=74.622236750 pc=00031A44 fcw=D048 r0=0034 r1=0000 r2=0000 r3=1416 r4=0000 r5=0800 r6=0000 r7=1292 r8=7F06 r9=D848 r10=D8E8 r11=0494 r12=8383 r13=047C r14=0000 r15=43DA
t=74.622237750 pc=00031A46 fcw=D008 r0=0034 r1=0000 r2=0000 r3=1416 r4=0000 r5=0800 r6=0000 r7=1292 r8=7F06 r9=D848 r10=D8E8 r11=0494 r12=8383 r13=047C r14=0000 r15=43DA
t=74.622239250 pc=00031A48 fcw=D008 r0=0034 r1=0000 r2=0000 r3=1416 r4=0000 r5=0800 r6=0000 r7=1292 r8=7F06 r9=D848 r10=D8E8 r11=0494 r12=8383 r13=047C r14=0000 r15=43DA
t=74.622240250 pc=00031A4A fcw=D008 r0=0033 r1=0000 r2=0000 r3=1416 r4=0000 r5=0800 r6=0000 r7=1292 r8=7F06 r9=D848 r10=D8E8 r11=0494 r12=8383 r13=047C r14=0000 r15=43DA
t=74.622241750 pc=00031A56 fcw=D008 r0=0033 r1=0000 r2=0000 r3=1416 r4=0000 r5=0800 r6=0000 r7=1292 r8=7F06 r9=D848 r10=D8E8 r11=0494 r12=8383 r13=047C r14=0000 r15=43DA
t=74.622245250 pc=00031A5A fcw=D008 r0=0033 r1=0000 r2=0000 r3=1416 r4=0000 r5=0800 r6=0000 r7=1292 r8=7F06 r9=D848 r10=D8E8 r11=0494 r12=8383 r13=047C r14=0000 r15=43DA
t=74.622248000 pc=00031A5C fcw=D008 r0=0033 r1=0000 r2=0000 r3=0800 r4=0000 r5=0800 r6=0000 r7=1292 r8=7F06 r9=D848 r10=D8E8 r11=0494 r12=8383 r13=047C r14=0000 r15=43DA
t=74.622249000 pc=00031A5E fcw=D048 r0=0033 r1=0000 r2=0000 r3=0800 r4=0000 r5=0800 r6=0000 r7=1292 r8=7F06 r9=D848 r10=D8E8 r11=0494 r12=8383 r13=047C r14=0000 r15=43DA
t=74.622250500 pc=00031A60 fcw=D048 r0=0033 r1=0000 r2=0000 r3=0800 r4=0000 r5=0800 r6=0000 r7=1292 r8=7F06 r9=D848 r10=D8E8 r11=0494 r12=8383 r13=047C r14=0000 r15=43DA
t=74.622251500 pc=00031A62 fcw=D048 r0=0033 r1=0000 r2=0000 r3=0800 r4=0000 r5=0800 r6=0000 r7=1292 r8=7F06 r9=D848 r10=D8E8 r11=0494 r12=8383 r13=047C r14=0000 r15=43DA
t=74.622253000 pc=00031A68 fcw=D048 r0=0033 r1=0000 r2=0000 r3=0800 r4=0000 r5=0800 r6=0000 r7=1292 r8=7F06 r9=D848 r10=D8E8 r11=0494 r12=8383 r13=047C r14=0000 r15=43DA
t=74.622254750 pc=0000012C fcw=D048 r0=0033 r1=0000 r2=0000 r3=0800 r4=0000 r5=0800 r6=0000 r7=1292 r8=7F06 r9=D848 r10=D8E8 r11=0494 r12=8383 r13=047C r14=0000 r15=43DA
t=74.622256500 pc=000206A8 fcw=D048 r0=0033 r1=0000 r2=0000 r3=0800 r4=0000 r5=0800 r6=0000 r7=1292 r8=7F06 r9=D848 r10=D8E8 r11=0494 r12=8383 r13=047C r14=0000 r15=43DA
t=74.622259750 pc=000206AE fcw=D008 r0=0033 r1=0000 r2=0000 r3=0800 r4=0000 r5=0800 r6=0000 r7=1292 r8=7F06 r9=D848 r10=D8E8 r11=0494 r12=8383 r13=047C r14=0000 r15=43DA
t=74.622263000 pc=000206B4 fcw=D008 r0=0033 r1=0000 r2=0000 r3=0800 r4=0000 r5=0800 r6=0000 r7=1292 r8=7F06 r9=D848 r10=D8E8 r11=0494 r12=8383 r13=047C r14=0000 r15=43DA
t=74.622264500 pc=000206D0 fcw=D008 r0=0033 r1=0000 r2=0000 r3=0800 r4=0000 r5=0800 r6=0000 r7=1292 r8=7F06 r9=D848 r10=D8E8 r11=0494 r12=8383 r13=047C r14=0000 r15=43DA
t=74.622267250 pc=000206D4 fcw=D058 r0=0033 r1=0000 r2=0000 r3=0800 r4=0000 r5=0800 r6=0000 r7=1292 r8=7F06 r9=D848 r10=D8E8 r11=0494 r12=8383 r13=047C r14=0000 r15=43DA
t=74.622268750 pc=000206E0 fcw=D058 r0=0033 r1=0000 r2=0000 r3=0800 r4=0000 r5=0800 r6=0000 r7=1292 r8=7F06 r9=D848 r10=D8E8 r11=0494 r12=8383 r13=047C r14=0000 r15=43DA
t=74.622270500 pc=000206E2 fcw=D058 r0=0033 r1=0000 r2=0000 r3=0800 r4=0000 r5=0800 r6=0000 r7=1292 r8=7F06 r9=D848 r10=D058 r11=0494 r12=8383 r13=047C r14=0000 r15=43DA
t=74.622271500 pc=000206E4 fcw=D058 r0=0033 r1=0000 r2=0000 r3=0800 r4=0000 r5=0800 r6=0000 r7=1292 r8=0000 r9=D848 r10=D058 r11=0494 r12=8383 r13=047C r14=0000 r15=43DA
t=74.622273250 pc=000206E8 fcw=D058 r0=0033 r1=0000 r2=0000 r3=0800 r4=0000 r5=0800 r6=0000 r7=1292 r8=0000 r9=0164 r10=D058 r11=0494 r12=8383 r13=047C r14=0000 r15=43DA
t=74.622274500 pc=000206EA fcw=D058 r0=0033 r1=0000 r2=0000 r3=0800 r4=0000 r5=0800 r6=0000 r7=1292 r8=0000 r9=0164 r10=D058 r11=0494 r12=0000 r13=0164 r14=0000 r15=43DA
t=74.622275500 pc=000206EC fcw=D058 r0=0033 r1=0000 r2=0000 r3=0800 r4=0000 r5=0800 r6=0000 r7=1292 r8=0000 r9=0164 r10=D058 r11=0494 r12=0000 r13=0164 r14=0000 r15=43DA
t=74.622277250 pc=000206EE fcw=D058 r0=0033 r1=0000 r2=0000 r3=0000 r4=0000 r5=0800 r6=0000 r7=1292 r8=0000 r9=0164 r10=D058 r11=0494 r12=0000 r13=0164 r14=0000 r15=43DA
t=74.622279000 pc=000206F0 fcw=C058 r0=0033 r1=0000 r2=0000 r3=0000 r4=0000 r5=0800 r6=0000 r7=1292 r8=0000 r9=0164 r10=D058 r11=0494 r12=0000 r13=0164 r14=0000 r15=43DA
t=74.622280000 pc=000206F2 fcw=C058 r0=0033 r1=0000 r2=0000 r3=0000 r4=0000 r5=0800 r6=0000 r7=1292 r8=0000 r9=0164 r10=D058 r11=0494 r12=0000 r13=0164 r14=0000 r15=43DA
t=74.622281500 pc=00020728 fcw=C058 r0=0033 r1=0000 r2=0000 r3=0000 r4=0000 r5=0800 r6=0000 r7=1292 r8=0000 r9=0164 r10=D058 r11=0494 r12=0000 r13=0164 r14=0000 r15=43DA
t=74.622283250 pc=0002072A fcw=D058 r0=0033 r1=0000 r2=0000 r3=0000 r4=0000 r5=0800 r6=0000 r7=1292 r8=0000 r9=0164 r10=D058 r11=0494 r12=0000 r13=0164 r14=0000 r15=43DA
t=74.622285750 pc=00021122 fcw=D058 r0=0033 r1=0000 r2=0000 r3=0000 r4=0000 r5=0800 r6=0000 r7=1292 r8=0000 r9=0164 r10=D058 r11=0494 r12=0000 r13=0164 r14=0000 r15=43DE
t=74.622287750 pc=00021124 fcw=D058 r0=0033 r1=0000 r2=0000 r3=124C r4=0000 r5=0800 r6=0000 r7=1292 r8=0000 r9=0164 r10=D058 r11=0494 r12=0000 r13=0164 r14=0000 r15=43E0
t=74.622289250 pc=000210E8 fcw=D058 r0=0033 r1=0000 r2=0000 r3=124C r4=0000 r5=0800 r6=0000 r7=1292 r8=0000 r9=0164 r10=D058 r11=0494 r12=0000 r13=0164 r14=0000 r15=43E0
t=74.622291750 pc=000210EC fcw=D058 r0=0033 r1=0000 r2=0000 r3=124C r4=0000 r5=0800 r6=0000 r7=1292 r8=0000 r9=0164 r10=D058 r11=0494 r12=0000 r13=0164 r14=0000 r15=43E0
t=74.622294250 pc=000210F0 fcw=D048 r0=0033 r1=0000 r2=0000 r3=124C r4=0000 r5=0800 r6=0000 r7=1292 r8=0000 r9=0164 r10=D058 r11=0494 r12=0000 r13=0164 r14=0000 r15=43E0
t=74.622295750 pc=00021000 fcw=D048 r0=0033 r1=0000 r2=0000 r3=124C r4=0000 r5=0800 r6=0000 r7=1292 r8=0000 r9=0164 r10=D058 r11=0494 r12=0000 r13=0164 r14=0000 r15=43E0
t=74.622299250 pc=00021006 fcw=D048 r0=0033 r1=0000 r2=0000 r3=124C r4=0000 r5=0800 r6=0000 r7=1292 r8=0000 r9=0164 r10=D058 r11=0494 r12=0000 r13=0164 r14=0000 r15=43E0
t=74.622300750 pc=0002101A fcw=D048 r0=0033 r1=0000 r2=0000 r3=124C r4=0000 r5=0800 r6=0000 r7=1292 r8=0000 r9=0164 r10=D058 r11=0494 r12=0000 r13=0164 r14=0000 r15=43E0
t=74.622302500 pc=0002101C fcw=D848 r0=0033 r1=0000 r2=0000 r3=124C r4=0000 r5=0800 r6=0000 r7=1292 r8=0000 r9=0164 r10=D058 r11=0494 r12=0000 r13=0164 r14=0000 r15=43E0
t=74.622304250 pc=0002101E fcw=D048 r0=0033 r1=0000 r2=0000 r3=124C r4=0000 r5=0800 r6=0000 r7=1292 r8=0000 r9=0164 r10=D058 r11=0494 r12=0000 r13=0164 r14=0000 r15=43E0
t=74.622307750 pc=00021026 fcw=D048 r0=0103 r1=010F r2=0000 r3=12F8 r4=3D00 r5=2FFC r6=0000 r7=0000 r8=7F06 r9=D848 r10=D8E8 r11=0494 r12=8383 r13=047C r14=0000 r15=43E0
t=74.622311000 pc=0002102C fcw=D048 r0=0103 r1=010F r2=0000 r3=12F8 r4=3D00 r5=2FFC r6=0000 r7=0000 r8=7F06 r9=D848 r10=D8E8 r11=0494 r12=8383 r13=047C r14=0000 r15=43E0
t=74.622314250 pc=0002091C fcw=D8E8 r0=0103 r1=010F r2=0000 r3=12F8 r4=3D00 r5=2FFC r6=0000 r7=0000 r8=7F06 r9=D848 r10=D8E8 r11=0494 r12=8383 r13=047C r14=0000 r15=43E8
t=74.622315750 pc=0002091E fcw=D8E8 r0=010F r1=0103 r2=0000 r3=12F8 r4=3D00 r5=2FFC r6=0000 r7=0000 r8=7F06 r9=D848 r10=D8E8 r11=0494 r12=8383 r13=047C r14=0000 r15=43E8
t=74.622318500 pc=00020920 fcw=D8E8 r0=010F r1=0103 r2=0000 r3=12F8 r4=3D00 r5=2FFC r6=0000 r7=0000 r8=7F06 r9=D848 r10=D8E8 r11=0494 r12=8383 r13=047C r14=0000 r15=43E8
t=74.622320000 pc=00020912 fcw=D8E8 r0=010F r1=0103 r2=0000 r3=12F8 r4=3D00 r5=2FFC r6=0000 r7=0000 r8=7F06 r9=D848 r10=D8E8 r11=0494 r12=8383 r13=047C r14=0000 r15=43E8
t=74.622321750 pc=00020914 fcw=D8E8 r0=010F r1=0103 r2=0000 r3=12F8 r4=3D00 r5=2FFC r6=0000 r7=0000 r8=7F06 r9=D848 r10=D8E8 r11=0494 r12=8383 r13=047C r14=0000 r15=43E8
t=74.622323500 pc=00020916 fcw=D8E8 r0=010F r1=0103 r2=0000 r3=12F8 r4=3D00 r5=2FFC r6=0000 r7=0000 r8=7F06 r9=D848 r10=D8E8 r11=0494 r12=8383 r13=047C r14=0000 r15=43E8
t=74.622327000 pc=0002091A fcw=D8E8 r0=010F r1=0103 r2=0000 r3=12F8 r4=3D00 r5=2FFC r6=0000 r7=0000 r8=7F06 r9=D848 r10=D8E8 r11=0494 r12=8383 r13=047C r14=0000 r15=43E8
t=74.622329000 pc=0002091C fcw=D8E8 r0=010F r1=0103 r2=0000 r3=12F8 r4=3D00 r5=2FFC r6=0000 r7=0000 r8=7F06 r9=D848 r10=D8E8 r11=0494 r12=8383 r13=047C r14=0000 r15=43E8
t=74.622330500 pc=0002091E fcw=D8E8 r0=0103 r1=010F r2=0000 r3=12F8 r4=3D00 r5=2FFC r6=0000 r7=0000 r8=7F06 r9=D848 r10=D8E8 r11=0494 r12=8383 r13=047C r14=0000 r15=43E8
t=74.622333250 pc=00020920 fcw=D8E8 r0=0103 r1=010F r2=0000 r3=12F8 r4=3D00 r5=2FFC r6=0000 r7=0000 r8=7F06 r9=D848 r10=D8E8 r11=0494 r12=8383 r13=047C r14=0000 r15=43E8
t=74.622334750 pc=00020912 fcw=D8E8 r0=0103 r1=010F r2=0000 r3=12F8 r4=3D00 r5=2FFC r6=0000 r7=0000 r8=7F06 r9=D848 r10=D8E8 r11=0494 r12=8383 r13=047C r14=0000 r15=43E8
t=74.622336500 pc=00020914 fcw=D8E8 r0=0103 r1=010F r2=0000 r3=12F8 r4=3D00 r5=2FFC r6=0000 r7=0000 r8=7F06 r9=D848 r10=D8E8 r11=0494 r12=8383 r13=047C r14=0000 r15=43E8
t=74.622338250 pc=00020916 fcw=D8E8 r0=0103 r1=010F r2=0000 r3=12F8 r4=3D00 r5=2FFC r6=0000 r7=0000 r8=7F06 r9=D848 r10=D8E8 r11=0494 r12=8383 r13=047C r14=0000 r15=43E8
t=74.622341750 pc=0002091A fcw=D8E8 r0=0103 r1=010F r2=0000 r3=12F8 r4=3D00 r5=2FFC r6=0000 r7=0000 r8=7F06 r9=D848 r10=D8E8 r11=0494 r12=8383 r13=047C r14=0000 r15=43E8
t=74.622343750 pc=0002091C fcw=D8E8 r0=0103 r1=010F r2=0000 r3=12F8 r4=3D00 r5=2FFC r6=0000 r7=0000 r8=7F06 r9=D848 r10=D8E8 r11=0494 r12=8383 r13=047C r14=0000 r15=43E8
t=74.622345250 pc=0002091E fcw=D8E8 r0=010F r1=0103 r2=0000 r3=12F8 r4=3D00 r5=2FFC r6=0000 r7=0000 r8=7F06 r9=D848 r10=D8E8 r11=0494 r12=8383 r13=047C r14=0000 r15=43E8
t=74.622348000 pc=00020920 fcw=D8E8 r0=010F r1=0103 r2=0000 r3=12F8 r4=3D00 r5=2FFC r6=0000 r7=0000 r8=7F06 r9=D848 r10=D8E8 r11=0494 r12=8383 r13=047C r14=0000 r15=43E8
t=74.622349500 pc=00020912 fcw=D8E8 r0=010F r1=0103 r2=0000 r3=12F8 r4=3D00 r5=2FFC r6=0000 r7=0000 r8=7F06 r9=D848 r10=D8E8 r11=0494 r12=8383 r13=047C r14=0000 r15=43E8
t=74.622351250 pc=00020914 fcw=D8E8 r0=010F r1=0103 r2=0000 r3=12F8 r4=3D00 r5=2FFC r6=0000 r7=0000 r8=7F06 r9=D848 r10=D8E8 r11=0494 r12=8383 r13=047C r14=0000 r15=43E8
t=74.622353000 pc=00020916 fcw=D8E8 r0=010F r1=0103 r2=0000 r3=12F8 r4=3D00 r5=2FFC r6=0000 r7=0000 r8=7F06 r9=D848 r10=D8E8 r11=0494 r12=8383 r13=047C r14=0000 r15=43E8
t=74.622356500 pc=0002091A fcw=D8E8 r0=010F r1=0103 r2=0000 r3=12F8 r4=3D00 r5=2FFC r6=0000 r7=0000 r8=7F06 r9=D848 r10=D8E8 r11=0494 r12=8383 r13=047C r14=0000 r15=43E8
t=74.622358500 pc=0002091C fcw=D8E8 r0=010F r1=0103 r2=0000 r3=12F8 r4=3D00 r5=2FFC r6=0000 r7=0000 r8=7F06 r9=D848 r10=D8E8 r11=0494 r12=8383 r13=047C r14=0000 r15=43E8
t=74.622360000 pc=0002091E fcw=D8E8 r0=0103 r1=010F r2=0000 r3=12F8 r4=3D00 r5=2FFC r6=0000 r7=0000 r8=7F06 r9=D848 r10=D8E8 r11=0494 r12=8383 r13=047C r14=0000 r15=43E8
t=74.622362750 pc=00020920 fcw=D8E8 r0=0103 r1=010F r2=0000 r3=12F8 r4=3D00 r5=2FFC r6=0000 r7=0000 r8=7F06 r9=D848 r10=D8E8 r11=0494 r12=8383 r13=047C r14=0000 r15=43E8
t=74.622364250 pc=00020912 fcw=D8E8 r0=0103 r1=010F r2=0000 r3=12F8 r4=3D00 r5=2FFC r6=0000 r7=0000 r8=7F06 r9=D848 r10=D8E8 r11=0494 r12=8383 r13=047C r14=0000 r15=43E8
t=74.622366000 pc=00020914 fcw=D8E8 r0=0103 r1=010F r2=0000 r3=12F8 r4=3D00 r5=2FFC r6=0000 r7=0000 r8=7F06 r9=D848 r10=D8E8 r11=0494 r12=8383 r13=047C r14=0000 r15=43E8
t=74.622367750 pc=00020916 fcw=D8E8 r0=0103 r1=010F r2=0000 r3=12F8 r4=3D00 r5=2FFC r6=0000 r7=0000 r8=7F06 r9=D848 r10=D8E8 r11=0494 r12=8383 r13=047C r14=0000 r15=43E8
t=74.622371250 pc=0002091A fcw=D8E8 r0=0103 r1=010F r2=0000 r3=12F8 r4=3D00 r5=2FFC r6=0000 r7=0000 r8=7F06 r9=D848 r10=D8E8 r11=0494 r12=8383 r13=047C r14=0000 r15=43E8
t=74.622373250 pc=0002091C fcw=D8E8 r0=0103 r1=010F r2=0000 r3=12F8 r4=3D00 r5=2FFC r6=0000 r7=0000 r8=7F06 r9=D848 r10=D8E8 r11=0494 r12=8383 r13=047C r14=0000 r15=43E8
t=74.622374750 pc=0002091E fcw=D8E8 r0=010F r1=0103 r2=0000 r3=12F8 r4=3D00 r5=2FFC r6=0000 r7=0000 r8=7F06 r9=D848 r10=D8E8 r11=0494 r12=8383 r13=047C r14=0000 r15=43E8
t=74.622377500 pc=00020920 fcw=D8E8 r0=010F r1=0103 r2=0000 r3=12F8 r4=3D00 r5=2FFC r6=0000 r7=0000 r8=7F06 r9=D848 r10=D8E8 r11=0494 r12=8383 r13=047C r14=0000 r15=43E8
t=74.622379000 pc=00020912 fcw=D8E8 r0=010F r1=0103 r2=0000 r3=12F8 r4=3D00 r5=2FFC r6=0000 r7=0000 r8=7F06 r9=D848 r10=D8E8 r11=0494 r12=8383 r13=047C r14=0000 r15=43E8
t=74.622380750 pc=00020914 fcw=D8E8 r0=010F r1=0103 r2=0000 r3=12F8 r4=3D00 r5=2FFC r6=0000 r7=0000 r8=7F06 r9=D848 r10=D8E8 r11=0494 r12=8383 r13=047C r14=0000 r15=43E8
t=74.622382500 pc=00020916 fcw=D8E8 r0=010F r1=0103 r2=0000 r3=12F8 r4=3D00 r5=2FFC r6=0000 r7=0000 r8=7F06 r9=D848 r10=D8E8 r11=0494 r12=8383 r13=047C r14=0000 r15=43E8
t=74.622386000 pc=0002091A fcw=D8E8 r0=010F r1=0103 r2=0000 r3=12F8 r4=3D00 r5=2FFC r6=0000 r7=0000 r8=7F06 r9=D848 r10=D8E8 r11=0494 r12=8383 r13=047C r14=0000 r15=43E8
t=74.622388000 pc=0002091C fcw=D8E8 r0=010F r1=0103 r2=0000 r3=12F8 r4=3D00 r5=2FFC r6=0000 r7=0000 r8=7F06 r9=D848 r10=D8E8 r11=0494 r12=8383 r13=047C r14=0000 r15=43E8
t=74.622389500 pc=0002091E fcw=D8E8 r0=0103 r1=010F r2=0000 r3=12F8 r4=3D00 r5=2FFC r6=0000 r7=0000 r8=7F06 r9=D848 r10=D8E8 r11=0494 r12=8383 r13=047C r14=0000 r15=43E8
t=74.622392250 pc=00020920 fcw=D8E8 r0=0103 r1=010F r2=0000 r3=12F8 r4=3D00 r5=2FFC r6=0000 r7=0000 r8=7F06 r9=D848 r10=D8E8 r11=0494 r12=8383 r13=047C r14=0000 r15=43E8
t=74.622393750 pc=00020912 fcw=D8E8 r0=0103 r1=010F r2=0000 r3=12F8 r4=3D00 r5=2FFC r6=0000 r7=0000 r8=7F06 r9=D848 r10=D8E8 r11=0494 r12=8383 r13=047C r14=0000 r15=43E8
t=74.622395500 pc=00020914 fcw=D8E8 r0=0103 r1=010F r2=0000 r3=12F8 r4=3D00 r5=2FFC r6=0000 r7=0000 r8=7F06 r9=D848 r10=D8E8 r11=0494 r12=8383 r13=047C r14=0000 r15=43E8
t=74.622397250 pc=00020916 fcw=D8E8 r0=0103 r1=010F r2=0000 r3=12F8 r4=3D00 r5=2FFC r6=0000 r7=0000 r8=7F06 r9=D848 r10=D8E8 r11=0494 r12=8383 r13=047C r14=0000 r15=43E8
t=74.622400750 pc=0002091A fcw=D8E8 r0=0103 r1=010F r2=0000 r3=12F8 r4=3D00 r5=2FFC r6=0000 r7=0000 r8=7F06 r9=D848 r10=D8E8 r11=0494 r12=8383 r13=047C r14=0000 r15=43E8
t=74.622402750 pc=0002091C fcw=D8E8 r0=0103 r1=010F r2=0000 r3=12F8 r4=3D00 r5=2FFC r6=0000 r7=0000 r8=7F06 r9=D848 r10=D8E8 r11=0494 r12=8383 r13=047C r14=0000 r15=43E8
t=74.622404250 pc=0002091E fcw=D8E8 r0=010F r1=0103 r2=0000 r3=12F8 r4=3D00 r5=2FFC r6=0000 r7=0000 r8=7F06 r9=D848 r10=D8E8 r11=0494 r12=8383 r13=047C r14=0000 r15=43E8
t=74.622407000 pc=00020920 fcw=D8E8 r0=010F r1=0103 r2=0000 r3=12F8 r4=3D00 r5=2FFC r6=0000 r7=0000 r8=7F06 r9=D848 r10=D8E8 r11=0494 r12=8383 r13=047C r14=0000 r15=43E8
t=74.622408500 pc=00020912 fcw=D8E8 r0=010F r1=0103 r2=0000 r3=12F8 r4=3D00 r5=2FFC r6=0000 r7=0000 r8=7F06 r9=D848 r10=D8E8 r11=0494 r12=8383 r13=047C r14=0000 r15=43E8
t=74.622410250 pc=00020914 fcw=D8E8 r0=010F r1=0103 r2=0000 r3=12F8 r4=3D00 r5=2FFC r6=0000 r7=0000 r8=7F06 r9=D848 r10=D8E8 r11=0494 r12=8383 r13=047C r14=0000 r15=43E8
t=74.622412000 pc=00020916 fcw=D8E8 r0=010F r1=0103 r2=0000 r3=12F8 r4=3D00 r5=2FFC r6=0000 r7=0000 r8=7F06 r9=D848 r10=D8E8 r11=0494 r12=8383 r13=047C r14=0000 r15=43E8
t=74.622415500 pc=0002091A fcw=D8E8 r0=010F r1=0103 r2=0000 r3=12F8 r4=3D00 r5=2FFC r6=0000 r7=0000 r8=7F06 r9=D848 r10=D8E8 r11=0494 r12=8383 r13=047C r14=0000 r15=43E8
t=74.622417500 pc=0002091C fcw=D8E8 r0=010F r1=0103 r2=0000 r3=12F8 r4=3D00 r5=2FFC r6=0000 r7=0000 r8=7F06 r9=D848 r10=D8E8 r11=0494 r12=8383 r13=047C r14=0000 r15=43E8
t=74.622419000 pc=0002091E fcw=D8E8 r0=0103 r1=010F r2=0000 r3=12F8 r4=3D00 r5=2FFC r6=0000 r7=0000 r8=7F06 r9=D848 r10=D8E8 r11=0494 r12=8383 r13=047C r14=0000 r15=43E8
t=74.622421750 pc=00020920 fcw=D8E8 r0=0103 r1=010F r2=0000 r3=12F8 r4=3D00 r5=2FFC r6=0000 r7=0000 r8=7F06 r9=D848 r10=D8E8 r11=0494 r12=8383 r13=047C r14=0000 r15=43E8
t=74.622423250 pc=00020912 fcw=D8E8 r0=0103 r1=010F r2=0000 r3=12F8 r4=3D00 r5=2FFC r6=0000 r7=0000 r8=7F06 r9=D848 r10=D8E8 r11=0494 r12=8383 r13=047C r14=0000 r15=43E8
t=74.622425000 pc=00020914 fcw=D8E8 r0=0103 r1=010F r2=0000 r3=12F8 r4=3D00 r5=2FFC r6=0000 r7=0000 r8=7F06 r9=D848 r10=D8E8 r11=0494 r12=8383 r13=047C r14=0000 r15=43E8
t=74.622426750 pc=00020916 fcw=D8E8 r0=0103 r1=010F r2=0000 r3=12F8 r4=3D00 r5=2FFC r6=0000 r7=0000 r8=7F06 r9=D848 r10=D8E8 r11=0494 r12=8383 r13=047C r14=0000 r15=43E8
t=74.622430250 pc=0002091A fcw=D8E8 r0=0103 r1=010F r2=0000 r3=12F8 r4=3D00 r5=2FFC r6=0000 r7=0000 r8=7F06 r9=D848 r10=D8E8 r11=0494 r12=8383 r13=047C r14=0000 r15=43E8
t=74.622432250 pc=0002091C fcw=D8E8 r0=0103 r1=010F r2=0000 r3=12F8 r4=3D00 r5=2FFC r6=0000 r7=0000 r8=7F06 r9=D848 r10=D8E8 r11=0494 r12=8383 r13=047C r14=0000 r15=43E8
t=74.622433750 pc=0002091E fcw=D8E8 r0=010F r1=0103 r2=0000 r3=12F8 r4=3D00 r5=2FFC r6=0000 r7=0000 r8=7F06 r9=D848 r10=D8E8 r11=0494 r12=8383 r13=047C r14=0000 r15=43E8
t=74.622436500 pc=00020920 fcw=D8E8 r0=010F r1=0103 r2=0000 r3=12F8 r4=3D00 r5=2FFC r6=0000 r7=0000 r8=7F06 r9=D848 r10=D8E8 r11=0494 r12=8383 r13=047C r14=0000 r15=43E8
t=74.622438000 pc=00020912 fcw=D8E8 r0=010F r1=0103 r2=0000 r3=12F8 r4=3D00 r5=2FFC r6=0000 r7=0000 r8=7F06 r9=D848 r10=D8E8 r11=0494 r12=8383 r13=047C r14=0000 r15=43E8
t=74.622439750 pc=00020914 fcw=D8E8 r0=010F r1=0103 r2=0000 r3=12F8 r4=3D00 r5=2FFC r6=0000 r7=0000 r8=7F06 r9=D848 r10=D8E8 r11=0494 r12=8383 r13=047C r14=0000 r15=43E8
t=74.622441500 pc=00020916 fcw=D8E8 r0=010F r1=0103 r2=0000 r3=12F8 r4=3D00 r5=2FFC r6=0000 r7=0000 r8=7F06 r9=D848 r10=D8E8 r11=0494 r12=8383 r13=047C r14=0000 r15=43E8
t=74.622445000 pc=0002091A fcw=D8E8 r0=010F r1=0103 r2=0000 r3=12F8 r4=3D00 r5=2FFC r6=0000 r7=0000 r8=7F06 r9=D848 r10=D8E8 r11=0494 r12=8383 r13=047C r14=0000 r15=43E8
t=74.622447000 pc=0002091C fcw=D8E8 r0=010F r1=0103 r2=0000 r3=12F8 r4=3D00 r5=2FFC r6=0000 r7=0000 r8=7F06 r9=D848 r10=D8E8 r11=0494 r12=8383 r13=047C r14=0000 r15=43E8
t=74.622448500 pc=0002091E fcw=D8E8 r0=0103 r1=010F r2=0000 r3=12F8 r4=3D00 r5=2FFC r6=0000 r7=0000 r8=7F06 r9=D848 r10=D8E8 r11=0494 r12=8383 r13=047C r14=0000 r15=43E8
t=74.622451250 pc=00020920 fcw=D8E8 r0=0103 r1=010F r2=0000 r3=12F8 r4=3D00 r5=2FFC r6=0000 r7=0000 r8=7F06 r9=D848 r10=D8E8 r11=0494 r12=8383 r13=047C r14=0000 r15=43E8
t=74.622452750 pc=00020912 fcw=D8E8 r0=0103 r1=010F r2=0000 r3=12F8 r4=3D00 r5=2FFC r6=0000 r7=0000 r8=7F06 r9=D848 r10=D8E8 r11=0494 r12=8383 r13=047C r14=0000 r15=43E8
t=74.622454500 pc=00020914 fcw=D8E8 r0=0103 r1=010F r2=0000 r3=12F8 r4=3D00 r5=2FFC r6=0000 r7=0000 r8=7F06 r9=D848 r10=D8E8 r11=0494 r12=8383 r13=047C r14=0000 r15=43E8
t=74.622456250 pc=00020916 fcw=D8E8 r0=0103 r1=010F r2=0000 r3=12F8 r4=3D00 r5=2FFC r6=0000 r7=0000 r8=7F06 r9=D848 r10=D8E8 r11=0494 r12=8383 r13=047C r14=0000 r15=43E8
t=74.622459750 pc=0002091A fcw=D8E8 r0=0103 r1=010F r2=0000 r3=12F8 r4=3D00 r5=2FFC r6=0000 r7=0000 r8=7F06 r9=D848 r10=D8E8 r11=0494 r12=8383 r13=047C r14=0000 r15=43E8
t=74.622461750 pc=0002091C fcw=D8E8 r0=0103 r1=010F r2=0000 r3=12F8 r4=3D00 r5=2FFC r6=0000 r7=0000 r8=7F06 r9=D848 r10=D8E8 r11=0494 r12=8383 r13=047C r14=0000 r15=43E8
t=74.622463250 pc=0002091E fcw=D8E8 r0=010F r1=0103 r2=0000 r3=12F8 r4=3D00 r5=2FFC r6=0000 r7=0000 r8=7F06 r9=D848 r10=D8E8 r11=0494 r12=8383 r13=047C r14=0000 r15=43E8
t=74.622466000 pc=00020920 fcw=D8E8 r0=010F r1=0103 r2=0000 r3=12F8 r4=3D00 r5=2FFC r6=0000 r7=0000 r8=7F06 r9=D848 r10=D8E8 r11=0494 r12=8383 r13=047C r14=0000 r15=43E8
t=74.622467500 pc=00020912 fcw=D8E8 r0=010F r1=0103 r2=0000 r3=12F8 r4=3D00 r5=2FFC r6=0000 r7=0000 r8=7F06 r9=D848 r10=D8E8 r11=0494 r12=8383 r13=047C r14=0000 r15=43E8
t=74.622469250 pc=00020914 fcw=D8E8 r0=010F r1=0103 r2=0000 r3=12F8 r4=3D00 r5=2FFC r6=0000 r7=0000 r8=7F06 r9=D848 r10=D8E8 r11=0494 r12=8383 r13=047C r14=0000 r15=43E8
t=74.622471000 pc=00020916 fcw=D8E8 r0=010F r1=0103 r2=0000 r3=12F8 r4=3D00 r5=2FFC r6=0000 r7=0000 r8=7F06 r9=D848 r10=D8E8 r11=0494 r12=8383 r13=047C r14=0000 r15=43E8
t=74.622474500 pc=0002091A fcw=D8E8 r0=010F r1=0103 r2=0000 r3=12F8 r4=3D00 r5=2FFC r6=0000 r7=0000 r8=7F06 r9=D848 r10=D8E8 r11=0494 r12=8383 r13=047C r14=0000 r15=43E8
t=74.622476500 pc=0002091C fcw=D8E8 r0=010F r1=0103 r2=0000 r3=12F8 r4=3D00 r5=2FFC r6=0000 r7=0000 r8=7F06 r9=D848 r10=D8E8 r11=0494 r12=8383 r13=047C r14=0000 r15=43E8
t=74.622478000 pc=0002091E fcw=D8E8 r0=0103 r1=010F r2=0000 r3=12F8 r4=3D00 r5=2FFC r6=0000 r7=0000 r8=7F06 r9=D848 r10=D8E8 r11=0494 r12=8383 r13=047C r14=0000 r15=43E8
t=74.622480750 pc=00020920 fcw=D8E8 r0=0103 r1=010F r2=0000 r3=12F8 r4=3D00 r5=2FFC r6=0000 r7=0000 r8=7F06 r9=D848 r10=D8E8 r11=0494 r12=8383 r13=047C r14=0000 r15=43E8
t=74.622482250 pc=00020912 fcw=D8E8 r0=0103 r1=010F r2=0000 r3=12F8 r4=3D00 r5=2FFC r6=0000 r7=0000 r8=7F06 r9=D848 r10=D8E8 r11=0494 r12=8383 r13=047C r14=0000 r15=43E8
t=74.622484000 pc=00020914 fcw=D8E8 r0=0103 r1=010F r2=0000 r3=12F8 r4=3D00 r5=2FFC r6=0000 r7=0000 r8=7F06 r9=D848 r10=D8E8 r11=0494 r12=8383 r13=047C r14=0000 r15=43E8
t=74.622485750 pc=00020916 fcw=D8E8 r0=0103 r1=010F r2=0000 r3=12F8 r4=3D00 r5=2FFC r6=0000 r7=0000 r8=7F06 r9=D848 r10=D8E8 r11=0494 r12=8383 r13=047C r14=0000 r15=43E8
t=74.622489250 pc=0002091A fcw=D8E8 r0=0103 r1=010F r2=0000 r3=12F8 r4=3D00 r5=2FFC r6=0000 r7=0000 r8=7F06 r9=D848 r10=D8E8 r11=0494 r12=8383 r13=047C r14=0000 r15=43E8
t=74.622491250 pc=0002091C fcw=D8E8 r0=0103 r1=010F r2=0000 r3=12F8 r4=3D00 r5=2FFC r6=0000 r7=0000 r8=7F06 r9=D848 r10=D8E8 r11=0494 r12=8383 r13=047C r14=0000 r15=43E8
t=74.622492750 pc=0002091E fcw=D8E8 r0=010F r1=0103 r2=0000 r3=12F8 r4=3D00 r5=2FFC r6=0000 r7=0000 r8=7F06 r9=D848 r10=D8E8 r11=0494 r12=8383 r13=047C r14=0000 r15=43E8
t=74.622495500 pc=00020920 fcw=D8E8 r0=010F r1=0103 r2=0000 r3=12F8 r4=3D00 r5=2FFC r6=0000 r7=0000 r8=7F06 r9=D848 r10=D8E8 r11=0494 r12=8383 r13=047C r14=0000 r15=43E8
t=74.622497000 pc=00020912 fcw=D8E8 r0=010F r1=0103 r2=0000 r3=12F8 r4=3D00 r5=2FFC r6=0000 r7=0000 r8=7F06 r9=D848 r10=D8E8 r11=0494 r12=8383 r13=047C r14=0000 r15=43E8
t=74.622498750 pc=00020914 fcw=D8E8 r0=010F r1=0103 r2=0000 r3=12F8 r4=3D00 r5=2FFC r6=0000 r7=0000 r8=7F06 r9=D848 r10=D8E8 r11=0494 r12=8383 r13=047C r14=0000 r15=43E8
t=74.622500500 pc=00020916 fcw=D8E8 r0=010F r1=0103 r2=0000 r3=12F8 r4=3D00 r5=2FFC r6=0000 r7=0000 r8=7F06 r9=D848 r10=D8E8 r11=0494 r12=8383 r13=047C r14=0000 r15=43E8
t=74.622504000 pc=0002091A fcw=D8E8 r0=010F r1=0103 r2=0000 r3=12F8 r4=3D00 r5=2FFC r6=0000 r7=0000 r8=7F06 r9=D848 r10=D8E8 r11=0494 r12=8383 r13=047C r14=0000 r15=43E8
t=74.622506000 pc=0002091C fcw=D8E8 r0=010F r1=0103 r2=0000 r3=12F8 r4=3D00 r5=2FFC r6=0000 r7=0000 r8=7F06 r9=D848 r10=D8E8 r11=0494 r12=8383 r13=047C r14=0000 r15=43E8
t=74.622507500 pc=0002091E fcw=D8E8 r0=0103 r1=010F r2=0000 r3=12F8 r4=3D00 r5=2FFC r6=0000 r7=0000 r8=7F06 r9=D848 r10=D8E8 r11=0494 r12=8383 r13=047C r14=0000 r15=43E8
t=74.622510250 pc=00020920 fcw=D8E8 r0=0103 r1=010F r2=0000 r3=12F8 r4=3D00 r5=2FFC r6=0000 r7=0000 r8=7F06 r9=D848 r10=D8E8 r11=0494 r12=8383 r13=047C r14=0000 r15=43E8
t=74.622511750 pc=00020912 fcw=D8E8 r0=0103 r1=010F r2=0000 r3=12F8 r4=3D00 r5=2FFC r6=0000 r7=0000 r8=7F06 r9=D848 r10=D8E8 r11=0494 r12=8383 r13=047C r14=0000 r15=43E8
t=74.622513500 pc=00020914 fcw=D8E8 r0=0103 r1=010F r2=0000 r3=12F8 r4=3D00 r5=2FFC r6=0000 r7=0000 r8=7F06 r9=D848 r10=D8E8 r11=0494 r12=8383 r13=047C r14=0000 r15=43E8
t=74.622515250 pc=00020916 fcw=D8E8 r0=0103 r1=010F r2=0000 r3=12F8 r4=3D00 r5=2FFC r6=0000 r7=0000 r8=7F06 r9=D848 r10=D8E8 r11=0494 r12=8383 r13=047C r14=0000 r15=43E8
t=74.622518750 pc=0002091A fcw=D8E8 r0=0103 r1=010F r2=0000 r3=12F8 r4=3D00 r5=2FFC r6=0000 r7=0000 r8=7F06 r9=D848 r10=D8E8 r11=0494 r12=8383 r13=047C r14=0000 r15=43E8
t=74.622520750 pc=0002091C fcw=D8E8 r0=0103 r1=010F r2=0000 r3=12F8 r4=3D00 r5=2FFC r6=0000 r7=0000 r8=7F06 r9=D848 r10=D8E8 r11=0494 r12=8383 r13=047C r14=0000 r15=43E8
t=74.622522250 pc=0002091E fcw=D8E8 r0=010F r1=0103 r2=0000 r3=12F8 r4=3D00 r5=2FFC r6=0000 r7=0000 r8=7F06 r9=D848 r10=D8E8 r11=0494 r12=8383 r13=047C r14=0000 r15=43E8
t=74.622525000 pc=00020920 fcw=D8E8 r0=010F r1=0103 r2=0000 r3=12F8 r4=3D00 r5=2FFC r6=0000 r7=0000 r8=7F06 r9=D848 r10=D8E8 r11=0494 r12=8383 r13=047C r14=0000 r15=43E8
t=74.622526500 pc=00020912 fcw=D8E8 r0=010F r1=0103 r2=0000 r3=12F8 r4=3D00 r5=2FFC r6=0000 r7=0000 r8=7F06 r9=D848 r10=D8E8 r11=0494 r12=8383 r13=047C r14=0000 r15=43E8
t=74.622528250 pc=00020914 fcw=D8E8 r0=010F r1=0103 r2=0000 r3=12F8 r4=3D00 r5=2FFC r6=0000 r7=0000 r8=7F06 r9=D848 r10=D8E8 r11=0494 r12=8383 r13=047C r14=0000 r15=43E8
t=74.622530000 pc=00020916 fcw=D8E8 r0=010F r1=0103 r2=0000 r3=12F8 r4=3D00 r5=2FFC r6=0000 r7=0000 r8=7F06 r9=D848 r10=D8E8 r11=0494 r12=8383 r13=047C r14=0000 r15=43E8
t=74.622533500 pc=0002091A fcw=D8E8 r0=010F r1=0103 r2=0000 r3=12F8 r4=3D00 r5=2FFC r6=0000 r7=0000 r8=7F06 r9=D848 r10=D8E8 r11=0494 r12=8383 r13=047C r14=0000 r15=43E8
t=74.622535500 pc=0002091C fcw=D8E8 r0=010F r1=0103 r2=0000 r3=12F8 r4=3D00 r5=2FFC r6=0000 r7=0000 r8=7F06 r9=D848 r10=D8E8 r11=0494 r12=8383 r13=047C r14=0000 r15=43E8
t=74.622537000 pc=0002091E fcw=D8E8 r0=0103 r1=010F r2=0000 r3=12F8 r4=3D00 r5=2FFC r6=0000 r7=0000 r8=7F06 r9=D848 r10=D8E8 r11=0494 r12=8383 r13=047C r14=0000 r15=43E8
t=74.622539750 pc=00020920 fcw=D8E8 r0=0103 r1=010F r2=0000 r3=12F8 r4=3D00 r5=2FFC r6=0000 r7=0000 r8=7F06 r9=D848 r10=D8E8 r11=0494 r12=8383 r13=047C r14=0000 r15=43E8
t=74.622541250 pc=00020912 fcw=D8E8 r0=0103 r1=010F r2=0000 r3=12F8 r4=3D00 r5=2FFC r6=0000 r7=0000 r8=7F06 r9=D848 r10=D8E8 r11=0494 r12=8383 r13=047C r14=0000 r15=43E8
t=74.622543000 pc=00020914 fcw=D8E8 r0=0103 r1=010F r2=0000 r3=12F8 r4=3D00 r5=2FFC r6=0000 r7=0000 r8=7F06 r9=D848 r10=D8E8 r11=0494 r12=8383 r13=047C r14=0000 r15=43E8
t=74.622544750 pc=00020916 fcw=D8E8 r0=0103 r1=010F r2=0000 r3=12F8 r4=3D00 r5=2FFC r6=0000 r7=0000 r8=7F06 r9=D848 r10=D8E8 r11=0494 r12=8383 r13=047C r14=0000 r15=43E8
t=74.622548250 pc=0002091A fcw=D8E8 r0=0103 r1=010F r2=0000 r3=12F8 r4=3D00 r5=2FFC r6=0000 r7=0000 r8=7F06 r9=D848 r10=D8E8 r11=0494 r12=8383 r13=047C r14=0000 r15=43E8
t=74.622550250 pc=0002091C fcw=D8E8 r0=0103 r1=010F r2=0000 r3=12F8 r4=3D00 r5=2FFC r6=0000 r7=0000 r8=7F06 r9=D848 r10=D8E8 r11=0494 r12=8383 r13=047C r14=0000 r15=43E8
t=74.622551750 pc=0002091E fcw=D8E8 r0=010F r1=0103 r2=0000 r3=12F8 r4=3D00 r5=2FFC r6=0000 r7=0000 r8=7F06 r9=D848 r10=D8E8 r11=0494 r12=8383 r13=047C r14=0000 r15=43E8
t=74.622554500 pc=00020920 fcw=D8E8 r0=010F r1=0103 r2=0000 r3=12F8 r4=3D00 r5=2FFC r6=0000 r7=0000 r8=7F06 r9=D848 r10=D8E8 r11=0494 r12=8383 r13=047C r14=0000 r15=43E8
t=74.622556000 pc=00020912 fcw=D8E8 r0=010F r1=0103 r2=0000 r3=12F8 r4=3D00 r5=2FFC r6=0000 r7=0000 r8=7F06 r9=D848 r10=D8E8 r11=0494 r12=8383 r13=047C r14=0000 r15=43E8
t=74.622557750 pc=00020914 fcw=D8E8 r0=010F r1=0103 r2=0000 r3=12F8 r4=3D00 r5=2FFC r6=0000 r7=0000 r8=7F06 r9=D848 r10=D8E8 r11=0494 r12=8383 r13=047C r14=0000 r15=43E8
t=74.622559500 pc=00020916 fcw=D8E8 r0=010F r1=0103 r2=0000 r3=12F8 r4=3D00 r5=2FFC r6=0000 r7=0000 r8=7F06 r9=D848 r10=D8E8 r11=0494 r12=8383 r13=047C r14=0000 r15=43E8
t=74.622563000 pc=0002091A fcw=D8E8 r0=010F r1=0103 r2=0000 r3=12F8 r4=3D00 r5=2FFC r6=0000 r7=0000 r8=7F06 r9=D848 r10=D8E8 r11=0494 r12=8383 r13=047C r14=0000 r15=43E8
t=74.622565000 pc=0002091C fcw=D8E8 r0=010F r1=0103 r2=0000 r3=12F8 r4=3D00 r5=2FFC r6=0000 r7=0000 r8=7F06 r9=D848 r10=D8E8 r11=0494 r12=8383 r13=047C r14=0000 r15=43E8
t=74.622566500 pc=0002091E fcw=D8E8 r0=0103 r1=010F r2=0000 r3=12F8 r4=3D00 r5=2FFC r6=0000 r7=0000 r8=7F06 r9=D848 r10=D8E8 r11=0494 r12=8383 r13=047C r14=0000 r15=43E8
t=74.622569250 pc=00020920 fcw=D8E8 r0=0103 r1=010F r2=0000 r3=12F8 r4=3D00 r5=2FFC r6=0000 r7=0000 r8=7F06 r9=D848 r10=D8E8 r11=0494 r12=8383 r13=047C r14=0000 r15=43E8
t=74.622570750 pc=00020912 fcw=D8E8 r0=0103 r1=010F r2=0000 r3=12F8 r4=3D00 r5=2FFC r6=0000 r7=0000 r8=7F06 r9=D848 r10=D8E8 r11=0494 r12=8383 r13=047C r14=0000 r15=43E8
t=74.622572500 pc=00020914 fcw=D8E8 r0=0103 r1=010F r2=0000 r3=12F8 r4=3D00 r5=2FFC r6=0000 r7=0000 r8=7F06 r9=D848 r10=D8E8 r11=0494 r12=8383 r13=047C r14=0000 r15=43E8
t=74.622574250 pc=00020916 fcw=D8E8 r0=0103 r1=010F r2=0000 r3=12F8 r4=3D00 r5=2FFC r6=0000 r7=0000 r8=7F06 r9=D848 r10=D8E8 r11=0494 r12=8383 r13=047C r14=0000 r15=43E8
t=74.622577750 pc=0002091A fcw=D8E8 r0=0103 r1=010F r2=0000 r3=12F8 r4=3D00 r5=2FFC r6=0000 r7=0000 r8=7F06 r9=D848 r10=D8E8 r11=0494 r12=8383 r13=047C r14=0000 r15=43E8
t=74.622579750 pc=0002091C fcw=D8E8 r0=0103 r1=010F r2=0000 r3=12F8 r4=3D00 r5=2FFC r6=0000 r7=0000 r8=7F06 r9=D848 r10=D8E8 r11=0494 r12=8383 r13=047C r14=0000 r15=43E8
t=74.622581250 pc=0002091E fcw=D8E8 r0=010F r1=0103 r2=0000 r3=12F8 r4=3D00 r5=2FFC r6=0000 r7=0000 r8=7F06 r9=D848 r10=D8E8 r11=0494 r12=8383 r13=047C r14=0000 r15=43E8
t=74.622584000 pc=00020920 fcw=D8E8 r0=010F r1=0103 r2=0000 r3=12F8 r4=3D00 r5=2FFC r6=0000 r7=0000 r8=7F06 r9=D848 r10=D8E8 r11=0494 r12=8383 r13=047C r14=0000 r15=43E8
t=74.622585500 pc=00020912 fcw=D8E8 r0=010F r1=0103 r2=0000 r3=12F8 r4=3D00 r5=2FFC r6=0000 r7=0000 r8=7F06 r9=D848 r10=D8E8 r11=0494 r12=8383 r13=047C r14=0000 r15=43E8
t=74.622587250 pc=00020914 fcw=D8E8 r0=010F r1=0103 r2=0000 r3=12F8 r4=3D00 r5=2FFC r6=0000 r7=0000 r8=7F06 r9=D848 r10=D8E8 r11=0494 r12=8383 r13=047C r14=0000 r15=43E8
t=74.622589000 pc=00020916 fcw=D8E8 r0=010F r1=0103 r2=0000 r3=12F8 r4=3D00 r5=2FFC r6=0000 r7=0000 r8=7F06 r9=D848 r10=D8E8 r11=0494 r12=8383 r13=047C r14=0000 r15=43E8
t=74.622592500 pc=0002091A fcw=D8E8 r0=010F r1=0103 r2=0000 r3=12F8 r4=3D00 r5=2FFC r6=0000 r7=0000 r8=7F06 r9=D848 r10=D8E8 r11=0494 r12=8383 r13=047C r14=0000 r15=43E8
t=74.622594500 pc=0002091C fcw=D8E8 r0=010F r1=0103 r2=0000 r3=12F8 r4=3D00 r5=2FFC r6=0000 r7=0000 r8=7F06 r9=D848 r10=D8E8 r11=0494 r12=8383 r13=047C r14=0000 r15=43E8
t=74.622596000 pc=0002091E fcw=D8E8 r0=0103 r1=010F r2=0000 r3=12F8 r4=3D00 r5=2FFC r6=0000 r7=0000 r8=7F06 r9=D848 r10=D8E8 r11=0494 r12=8383 r13=047C r14=0000 r15=43E8
t=74.622598750 pc=00020920 fcw=D8E8 r0=0103 r1=010F r2=0000 r3=12F8 r4=3D00 r5=2FFC r6=0000 r7=0000 r8=7F06 r9=D848 r10=D8E8 r11=0494 r12=8383 r13=047C r14=0000 r15=43E8
t=74.622600250 pc=00020912 fcw=D8E8 r0=0103 r1=010F r2=0000 r3=12F8 r4=3D00 r5=2FFC r6=0000 r7=0000 r8=7F06 r9=D848 r10=D8E8 r11=0494 r12=8383 r13=047C r14=0000 r15=43E8
t=74.622602000 pc=00020914 fcw=D8E8 r0=0103 r1=010F r2=0000 r3=12F8 r4=3D00 r5=2FFC r6=0000 r7=0000 r8=7F06 r9=D848 r10=D8E8 r11=0494 r12=8383 r13=047C r14=0000 r15=43E8
t=74.622603750 pc=00020916 fcw=D8E8 r0=0103 r1=010F r2=0000 r3=12F8 r4=3D00 r5=2FFC r6=0000 r7=0000 r8=7F06 r9=D848 r10=D8E8 r11=0494 r12=8383 r13=047C r14=0000 r15=43E8
t=74.622607250 pc=0002091A fcw=D8E8 r0=0103 r1=010F r2=0000 r3=12F8 r4=3D00 r5=2FFC r6=0000 r7=0000 r8=7F06 r9=D848 r10=D8E8 r11=0494 r12=8383 r13=047C r14=0000 r15=43E8
t=74.622609250 pc=0002091C fcw=D8E8 r0=0103 r1=010F r2=0000 r3=12F8 r4=3D00 r5=2FFC r6=0000 r7=0000 r8=7F06 r9=D848 r10=D8E8 r11=0494 r12=8383 r13=047C r14=0000 r15=43E8
t=74.622610750 pc=0002091E fcw=D8E8 r0=010F r1=0103 r2=0000 r3=12F8 r4=3D00 r5=2FFC r6=0000 r7=0000 r8=7F06 r9=D848 r10=D8E8 r11=0494 r12=8383 r13=047C r14=0000 r15=43E8
t=74.622613500 pc=00020920 fcw=D8E8 r0=010F r1=0103 r2=0000 r3=12F8 r4=3D00 r5=2FFC r6=0000 r7=0000 r8=7F06 r9=D848 r10=D8E8 r11=0494 r12=8383 r13=047C r14=0000 r15=43E8
t=74.622615000 pc=00020912 fcw=D8E8 r0=010F r1=0103 r2=0000 r3=12F8 r4=3D00 r5=2FFC r6=0000 r7=0000 r8=7F06 r9=D848 r10=D8E8 r11=0494 r12=8383 r13=047C r14=0000 r15=43E8
t=74.622616750 pc=00020914 fcw=D8E8 r0=010F r1=0103 r2=0000 r3=12F8 r4=3D00 r5=2FFC r6=0000 r7=0000 r8=7F06 r9=D848 r10=D8E8 r11=0494 r12=8383 r13=047C r14=0000 r15=43E8
t=74.622618500 pc=00020916 fcw=D8E8 r0=010F r1=0103 r2=0000 r3=12F8 r4=3D00 r5=2FFC r6=0000 r7=0000 r8=7F06 r9=D848 r10=D8E8 r11=0494 r12=8383 r13=047C r14=0000 r15=43E8
t=74.622622000 pc=0002091A fcw=D8E8 r0=010F r1=0103 r2=0000 r3=12F8 r4=3D00 r5=2FFC r6=0000 r7=0000 r8=7F06 r9=D848 r10=D8E8 r11=0494 r12=8383 r13=047C r14=0000 r15=43E8
t=74.622624000 pc=0002091C fcw=D8E8 r0=010F r1=0103 r2=0000 r3=12F8 r4=3D00 r5=2FFC r6=0000 r7=0000 r8=7F06 r9=D848 r10=D8E8 r11=0494 r12=8383 r13=047C r14=0000 r15=43E8
t=74.622625500 pc=0002091E fcw=D8E8 r0=0103 r1=010F r2=0000 r3=12F8 r4=3D00 r5=2FFC r6=0000 r7=0000 r8=7F06 r9=D848 r10=D8E8 r11=0494 r12=8383 r13=047C r14=0000 r15=43E8
t=74.622628250 pc=00020920 fcw=D8E8 r0=0103 r1=010F r2=0000 r3=12F8 r4=3D00 r5=2FFC r6=0000 r7=0000 r8=7F06 r9=D848 r10=D8E8 r11=0494 r12=8383 r13=047C r14=0000 r15=43E8
t=74.622629750 pc=00020912 fcw=D8E8 r0=0103 r1=010F r2=0000 r3=12F8 r4=3D00 r5=2FFC r6=0000 r7=0000 r8=7F06 r9=D848 r10=D8E8 r11=0494 r12=8383 r13=047C r14=0000 r15=43E8
t=74.622631500 pc=00020914 fcw=D8E8 r0=0103 r1=010F r2=0000 r3=12F8 r4=3D00 r5=2FFC r6=0000 r7=0000 r8=7F06 r9=D848 r10=D8E8 r11=0494 r12=8383 r13=047C r14=0000 r15=43E8
t=74.622633250 pc=00020916 fcw=D8E8 r0=0103 r1=010F r2=0000 r3=12F8 r4=3D00 r5=2FFC r6=0000 r7=0000 r8=7F06 r9=D848 r10=D8E8 r11=0494 r12=8383 r13=047C r14=0000 r15=43E8
t=74.622636750 pc=0002091A fcw=D8E8 r0=0103 r1=010F r2=0000 r3=12F8 r4=3D00 r5=2FFC r6=0000 r7=0000 r8=7F06 r9=D848 r10=D8E8 r11=0494 r12=8383 r13=047C r14=0000 r15=43E8
t=74.622638750 pc=0002091C fcw=D8E8 r0=0103 r1=010F r2=0000 r3=12F8 r4=3D00 r5=2FFC r6=0000 r7=0000 r8=7F06 r9=D848 r10=D8E8 r11=0494 r12=8383 r13=047C r14=0000 r15=43E8
t=74.622640250 pc=0002091E fcw=D8E8 r0=010F r1=0103 r2=0000 r3=12F8 r4=3D00 r5=2FFC r6=0000 r7=0000 r8=7F06 r9=D848 r10=D8E8 r11=0494 r12=8383 r13=047C r14=0000 r15=43E8
t=74.622643000 pc=00020920 fcw=D8E8 r0=010F r1=0103 r2=0000 r3=12F8 r4=3D00 r5=2FFC r6=0000 r7=0000 r8=7F06 r9=D848 r10=D8E8 r11=0494 r12=8383 r13=047C r14=0000 r15=43E8
t=74.622644500 pc=00020912 fcw=D8E8 r0=010F r1=0103 r2=0000 r3=12F8 r4=3D00 r5=2FFC r6=0000 r7=0000 r8=7F06 r9=D848 r10=D8E8 r11=0494 r12=8383 r13=047C r14=0000 r15=43E8
t=74.622646250 pc=00020914 fcw=D8E8 r0=010F r1=0103 r2=0000 r3=12F8 r4=3D00 r5=2FFC r6=0000 r7=0000 r8=7F06 r9=D848 r10=D8E8 r11=0494 r12=8383 r13=047C r14=0000 r15=43E8
t=74.622648000 pc=00020916 fcw=D8E8 r0=010F r1=0103 r2=0000 r3=12F8 r4=3D00 r5=2FFC r6=0000 r7=0000 r8=7F06 r9=D848 r10=D8E8 r11=0494 r12=8383 r13=047C r14=0000 r15=43E8
t=74.622651500 pc=0002091A fcw=D8E8 r0=010F r1=0103 r2=0000 r3=12F8 r4=3D00 r5=2FFC r6=0000 r7=0000 r8=7F06 r9=D848 r10=D8E8 r11=0494 r12=8383 r13=047C r14=0000 r15=43E8
t=74.622653500 pc=0002091C fcw=D8E8 r0=010F r1=0103 r2=0000 r3=12F8 r4=3D00 r5=2FFC r6=0000 r7=0000 r8=7F06 r9=D848 r10=D8E8 r11=0494 r12=8383 r13=047C r14=0000 r15=43E8
t=74.622655000 pc=0002091E fcw=D8E8 r0=0103 r1=010F r2=0000 r3=12F8 r4=3D00 r5=2FFC r6=0000 r7=0000 r8=7F06 r9=D848 r10=D8E8 r11=0494 r12=8383 r13=047C r14=0000 r15=43E8
t=74.622657750 pc=00020920 fcw=D8E8 r0=0103 r1=010F r2=0000 r3=12F8 r4=3D00 r5=2FFC r6=0000 r7=0000 r8=7F06 r9=D848 r10=D8E8 r11=0494 r12=8383 r13=047C r14=0000 r15=43E8
t=74.622659250 pc=00020912 fcw=D8E8 r0=0103 r1=010F r2=0000 r3=12F8 r4=3D00 r5=2FFC r6=0000 r7=0000 r8=7F06 r9=D848 r10=D8E8 r11=0494 r12=8383 r13=047C r14=0000 r15=43E8
t=74.622661000 pc=00020914 fcw=D8E8 r0=0103 r1=010F r2=0000 r3=12F8 r4=3D00 r5=2FFC r6=0000 r7=0000 r8=7F06 r9=D848 r10=D8E8 r11=0494 r12=8383 r13=047C r14=0000 r15=43E8
t=74.622662750 pc=00020916 fcw=D8E8 r0=0103 r1=010F r2=0000 r3=12F8 r4=3D00 r5=2FFC r6=0000 r7=0000 r8=7F06 r9=D848 r10=D8E8 r11=0494 r12=8383 r13=047C r14=0000 r15=43E8
t=74.622666250 pc=0002091A fcw=D8E8 r0=0103 r1=010F r2=0000 r3=12F8 r4=3D00 r5=2FFC r6=0000 r7=0000 r8=7F06 r9=D848 r10=D8E8 r11=0494 r12=8383 r13=047C r14=0000 r15=43E8
t=74.622668250 pc=0002091C fcw=D8E8 r0=0103 r1=010F r2=0000 r3=12F8 r4=3D00 r5=2FFC r6=0000 r7=0000 r8=7F06 r9=D848 r10=D8E8 r11=0494 r12=8383 r13=047C r14=0000 r15=43E8
t=74.622669750 pc=0002091E fcw=D8E8 r0=010F r1=0103 r2=0000 r3=12F8 r4=3D00 r5=2FFC r6=0000 r7=0000 r8=7F06 r9=D848 r10=D8E8 r11=0494 r12=8383 r13=047C r14=0000 r15=43E8
t=74.622672500 pc=00020920 fcw=D8E8 r0=010F r1=0103 r2=0000 r3=12F8 r4=3D00 r5=2FFC r6=0000 r7=0000 r8=7F06 r9=D848 r10=D8E8 r11=0494 r12=8383 r13=047C r14=0000 r15=43E8
t=74.622674000 pc=00020912 fcw=D8E8 r0=010F r1=0103 r2=0000 r3=12F8 r4=3D00 r5=2FFC r6=0000 r7=0000 r8=7F06 r9=D848 r10=D8E8 r11=0494 r12=8383 r13=047C r14=0000 r15=43E8
t=74.622675750 pc=00020914 fcw=D8E8 r0=010F r1=0103 r2=0000 r3=12F8 r4=3D00 r5=2FFC r6=0000 r7=0000 r8=7F06 r9=D848 r10=D8E8 r11=0494 r12=8383 r13=047C r14=0000 r15=43E8
t=74.622677500 pc=00020916 fcw=D8E8 r0=010F r1=0103 r2=0000 r3=12F8 r4=3D00 r5=2FFC r6=0000 r7=0000 r8=7F06 r9=D848 r10=D8E8 r11=0494 r12=8383 r13=047C r14=0000 r15=43E8
t=74.622681000 pc=0002091A fcw=D8E8 r0=010F r1=0103 r2=0000 r3=12F8 r4=3D00 r5=2FFC r6=0000 r7=0000 r8=7F06 r9=D848 r10=D8E8 r11=0494 r12=8383 r13=047C r14=0000 r15=43E8
t=74.622683000 pc=0002091C fcw=D8E8 r0=010F r1=0103 r2=0000 r3=12F8 r4=3D00 r5=2FFC r6=0000 r7=0000 r8=7F06 r9=D848 r10=D8E8 r11=0494 r12=8383 r13=047C r14=0000 r15=43E8
t=74.622684500 pc=0002091E fcw=D8E8 r0=0103 r1=010F r2=0000 r3=12F8 r4=3D00 r5=2FFC r6=0000 r7=0000 r8=7F06 r9=D848 r10=D8E8 r11=0494 r12=8383 r13=047C r14=0000 r15=43E8
t=74.622687250 pc=00020920 fcw=D8E8 r0=0103 r1=010F r2=0000 r3=12F8 r4=3D00 r5=2FFC r6=0000 r7=0000 r8=7F06 r9=D848 r10=D8E8 r11=0494 r12=8383 r13=047C r14=0000 r15=43E8
t=74.622688750 pc=00020912 fcw=D8E8 r0=0103 r1=010F r2=0000 r3=12F8 r4=3D00 r5=2FFC r6=0000 r7=0000 r8=7F06 r9=D848 r10=D8E8 r11=0494 r12=8383 r13=047C r14=0000 r15=43E8
t=74.622690500 pc=00020914 fcw=D8E8 r0=0103 r1=010F r2=0000 r3=12F8 r4=3D00 r5=2FFC r6=0000 r7=0000 r8=7F06 r9=D848 r10=D8E8 r11=0494 r12=8383 r13=047C r14=0000 r15=43E8
t=74.622692250 pc=00020916 fcw=D8E8 r0=0103 r1=010F r2=0000 r3=12F8 r4=3D00 r5=2FFC r6=0000 r7=0000 r8=7F06 r9=D848 r10=D8E8 r11=0494 r12=8383 r13=047C r14=0000 r15=43E8
t=74.622695750 pc=0002091A fcw=D8E8 r0=0103 r1=010F r2=0000 r3=12F8 r4=3D00 r5=2FFC r6=0000 r7=0000 r8=7F06 r9=D848 r10=D8E8 r11=0494 r12=8383 r13=047C r14=0000 r15=43E8
t=74.622697750 pc=0002091C fcw=D8E8 r0=0103 r1=010F r2=0000 r3=12F8 r4=3D00 r5=2FFC r6=0000 r7=0000 r8=7F06 r9=D848 r10=D8E8 r11=0494 r12=8383 r13=047C r14=0000 r15=43E8
t=74.622699250 pc=0002091E fcw=D8E8 r0=010F r1=0103 r2=0000 r3=12F8 r4=3D00 r5=2FFC r6=0000 r7=0000 r8=7F06 r9=D848 r10=D8E8 r11=0494 r12=8383 r13=047C r14=0000 r15=43E8
t=74.622702000 pc=00020920 fcw=D8E8 r0=010F r1=0103 r2=0000 r3=12F8 r4=3D00 r5=2FFC r6=0000 r7=0000 r8=7F06 r9=D848 r10=D8E8 r11=0494 r12=8383 r13=047C r14=0000 r15=43E8
t=74.622703500 pc=00020912 fcw=D8E8 r0=010F r1=0103 r2=0000 r3=12F8 r4=3D00 r5=2FFC r6=0000 r7=0000 r8=7F06 r9=D848 r10=D8E8 r11=0494 r12=8383 r13=047C r14=0000 r15=43E8
t=74.622705250 pc=00020914 fcw=D8E8 r0=010F r1=0103 r2=0000 r3=12F8 r4=3D00 r5=2FFC r6=0000 r7=0000 r8=7F06 r9=D848 r10=D8E8 r11=0494 r12=8383 r13=047C r14=0000 r15=43E8
t=74.622707000 pc=00020916 fcw=D8E8 r0=010F r1=0103 r2=0000 r3=12F8 r4=3D00 r5=2FFC r6=0000 r7=0000 r8=7F06 r9=D848 r10=D8E8 r11=0494 r12=8383 r13=047C r14=0000 r15=43E8
t=74.622710500 pc=0002091A fcw=D8E8 r0=010F r1=0103 r2=0000 r3=12F8 r4=3D00 r5=2FFC r6=0000 r7=0000 r8=7F06 r9=D848 r10=D8E8 r11=0494 r12=8383 r13=047C r14=0000 r15=43E8
t=74.622712500 pc=0002091C fcw=D8E8 r0=010F r1=0103 r2=0000 r3=12F8 r4=3D00 r5=2FFC r6=0000 r7=0000 r8=7F06 r9=D848 r10=D8E8 r11=0494 r12=8383 r13=047C r14=0000 r15=43E8
t=74.622714000 pc=0002091E fcw=D8E8 r0=0103 r1=010F r2=0000 r3=12F8 r4=3D00 r5=2FFC r6=0000 r7=0000 r8=7F06 r9=D848 r10=D8E8 r11=0494 r12=8383 r13=047C r14=0000 r15=43E8
t=74.622716750 pc=00020920 fcw=D8E8 r0=0103 r1=010F r2=0000 r3=12F8 r4=3D00 r5=2FFC r6=0000 r7=0000 r8=7F06 r9=D848 r10=D8E8 r11=0494 r12=8383 r13=047C r14=0000 r15=43E8
t=74.622718250 pc=00020912 fcw=D8E8 r0=0103 r1=010F r2=0000 r3=12F8 r4=3D00 r5=2FFC r6=0000 r7=0000 r8=7F06 r9=D848 r10=D8E8 r11=0494 r12=8383 r13=047C r14=0000 r15=43E8
t=74.622720000 pc=00020914 fcw=D8E8 r0=0103 r1=010F r2=0000 r3=12F8 r4=3D00 r5=2FFC r6=0000 r7=0000 r8=7F06 r9=D848 r10=D8E8 r11=0494 r12=8383 r13=047C r14=0000 r15=43E8
t=74.622721750 pc=00020916 fcw=D8E8 r0=0103 r1=010F r2=0000 r3=12F8 r4=3D00 r5=2FFC r6=0000 r7=0000 r8=7F06 r9=D848 r10=D8E8 r11=0494 r12=8383 r13=047C r14=0000 r15=43E8
t=74.622725250 pc=0002091A fcw=D8E8 r0=0103 r1=010F r2=0000 r3=12F8 r4=3D00 r5=2FFC r6=0000 r7=0000 r8=7F06 r9=D848 r10=D8E8 r11=0494 r12=8383 r13=047C r14=0000 r15=43E8
t=74.622727250 pc=0002091C fcw=D8E8 r0=0103 r1=010F r2=0000 r3=12F8 r4=3D00 r5=2FFC r6=0000 r7=0000 r8=7F06 r9=D848 r10=D8E8 r11=0494 r12=8383 r13=047C r14=0000 r15=43E8
t=74.622728750 pc=0002091E fcw=D8E8 r0=010F r1=0103 r2=0000 r3=12F8 r4=3D00 r5=2FFC r6=0000 r7=0000 r8=7F06 r9=D848 r10=D8E8 r11=0494 r12=8383 r13=047C r14=0000 r15=43E8
t=74.622731500 pc=00020920 fcw=D8E8 r0=010F r1=0103 r2=0000 r3=12F8 r4=3D00 r5=2FFC r6=0000 r7=0000 r8=7F06 r9=D848 r10=D8E8 r11=0494 r12=8383 r13=047C r14=0000 r15=43E8
t=74.622733000 pc=00020912 fcw=D8E8 r0=010F r1=0103 r2=0000 r3=12F8 r4=3D00 r5=2FFC r6=0000 r7=0000 r8=7F06 r9=D848 r10=D8E8 r11=0494 r12=8383 r13=047C r14=0000 r15=43E8
t=74.622734750 pc=00020914 fcw=D8E8 r0=010F r1=0103 r2=0000 r3=12F8 r4=3D00 r5=2FFC r6=0000 r7=0000 r8=7F06 r9=D848 r10=D8E8 r11=0494 r12=8383 r13=047C r14=0000 r15=43E8
t=74.622736500 pc=00020916 fcw=D8E8 r0=010F r1=0103 r2=0000 r3=12F8 r4=3D00 r5=2FFC r6=0000 r7=0000 r8=7F06 r9=D848 r10=D8E8 r11=0494 r12=8383 r13=047C r14=0000 r15=43E8
t=74.622740000 pc=0002091A fcw=D8E8 r0=010F r1=0103 r2=0000 r3=12F8 r4=3D00 r5=2FFC r6=0000 r7=0000 r8=7F06 r9=D848 r10=D8E8 r11=0494 r12=8383 r13=047C r14=0000 r15=43E8
t=74.622742000 pc=0002091C fcw=D8E8 r0=010F r1=0103 r2=0000 r3=12F8 r4=3D00 r5=2FFC r6=0000 r7=0000 r8=7F06 r9=D848 r10=D8E8 r11=0494 r12=8383 r13=047C r14=0000 r15=43E8
t=74.622743500 pc=0002091E fcw=D8E8 r0=0103 r1=010F r2=0000 r3=12F8 r4=3D00 r5=2FFC r6=0000 r7=0000 r8=7F06 r9=D848 r10=D8E8 r11=0494 r12=8383 r13=047C r14=0000 r15=43E8
t=74.622746250 pc=00020920 fcw=D8E8 r0=0103 r1=010F r2=0000 r3=12F8 r4=3D00 r5=2FFC r6=0000 r7=0000 r8=7F06 r9=D848 r10=D8E8 r11=0494 r12=8383 r13=047C r14=0000 r15=43E8
t=74.622747750 pc=00020912 fcw=D8E8 r0=0103 r1=010F r2=0000 r3=12F8 r4=3D00 r5=2FFC r6=0000 r7=0000 r8=7F06 r9=D848 r10=D8E8 r11=0494 r12=8383 r13=047C r14=0000 r15=43E8
t=74.622749500 pc=00020914 fcw=D8E8 r0=0103 r1=010F r2=0000 r3=12F8 r4=3D00 r5=2FFC r6=0000 r7=0000 r8=7F06 r9=D848 r10=D8E8 r11=0494 r12=8383 r13=047C r14=0000 r15=43E8
t=74.622751250 pc=00020916 fcw=D8E8 r0=0103 r1=010F r2=0000 r3=12F8 r4=3D00 r5=2FFC r6=0000 r7=0000 r8=7F06 r9=D848 r10=D8E8 r11=0494 r12=8383 r13=047C r14=0000 r15=43E8
t=74.622754750 pc=0002091A fcw=D8E8 r0=0103 r1=010F r2=0000 r3=12F8 r4=3D00 r5=2FFC r6=0000 r7=0000 r8=7F06 r9=D848 r10=D8E8 r11=0494 r12=8383 r13=047C r14=0000 r15=43E8
t=74.622756750 pc=0002091C fcw=D8E8 r0=0103 r1=010F r2=0000 r3=12F8 r4=3D00 r5=2FFC r6=0000 r7=0000 r8=7F06 r9=D848 r10=D8E8 r11=0494 r12=8383 r13=047C r14=0000 r15=43E8
t=74.622758250 pc=0002091E fcw=D8E8 r0=010F r1=0103 r2=0000 r3=12F8 r4=3D00 r5=2FFC r6=0000 r7=0000 r8=7F06 r9=D848 r10=D8E8 r11=0494 r12=8383 r13=047C r14=0000 r15=43E8
t=74.622761000 pc=00020920 fcw=D8E8 r0=010F r1=0103 r2=0000 r3=12F8 r4=3D00 r5=2FFC r6=0000 r7=0000 r8=7F06 r9=D848 r10=D8E8 r11=0494 r12=8383 r13=047C r14=0000 r15=43E8
t=74.622762500 pc=00020912 fcw=D8E8 r0=010F r1=0103 r2=0000 r3=12F8 r4=3D00 r5=2FFC r6=0000 r7=0000 r8=7F06 r9=D848 r10=D8E8 r11=0494 r12=8383 r13=047C r14=0000 r15=43E8
t=74.622764250 pc=00020914 fcw=D8E8 r0=010F r1=0103 r2=0000 r3=12F8 r4=3D00 r5=2FFC r6=0000 r7=0000 r8=7F06 r9=D848 r10=D8E8 r11=0494 r12=8383 r13=047C r14=0000 r15=43E8
t=74.622766000 pc=00020916 fcw=D8E8 r0=010F r1=0103 r2=0000 r3=12F8 r4=3D00 r5=2FFC r6=0000 r7=0000 r8=7F06 r9=D848 r10=D8E8 r11=0494 r12=8383 r13=047C r14=0000 r15=43E8
t=74.622769500 pc=0002091A fcw=D8E8 r0=010F r1=0103 r2=0000 r3=12F8 r4=3D00 r5=2FFC r6=0000 r7=0000 r8=7F06 r9=D848 r10=D8E8 r11=0494 r12=8383 r13=047C r14=0000 r15=43E8
t=74.622771500 pc=0002091C fcw=D8E8 r0=010F r1=0103 r2=0000 r3=12F8 r4=3D00 r5=2FFC r6=0000 r7=0000 r8=7F06 r9=D848 r10=D8E8 r11=0494 r12=8383 r13=047C r14=0000 r15=43E8
t=74.622773000 pc=0002091E fcw=D8E8 r0=0103 r1=010F r2=0000 r3=12F8 r4=3D00 r5=2FFC r6=0000 r7=0000 r8=7F06 r9=D848 r10=D8E8 r11=0494 r12=8383 r13=047C r14=0000 r15=43E8
t=74.622775750 pc=00020920 fcw=D8E8 r0=0103 r1=010F r2=0000 r3=12F8 r4=3D00 r5=2FFC r6=0000 r7=0000 r8=7F06 r9=D848 r10=D8E8 r11=0494 r12=8383 r13=047C r14=0000 r15=43E8
t=74.622777250 pc=00020912 fcw=D8E8 r0=0103 r1=010F r2=0000 r3=12F8 r4=3D00 r5=2FFC r6=0000 r7=0000 r8=7F06 r9=D848 r10=D8E8 r11=0494 r12=8383 r13=047C r14=0000 r15=43E8
t=74.622779000 pc=00020914 fcw=D8E8 r0=0103 r1=010F r2=0000 r3=12F8 r4=3D00 r5=2FFC r6=0000 r7=0000 r8=7F06 r9=D848 r10=D8E8 r11=0494 r12=8383 r13=047C r14=0000 r15=43E8
t=74.622780750 pc=00020916 fcw=D8E8 r0=0103 r1=010F r2=0000 r3=12F8 r4=3D00 r5=2FFC r6=0000 r7=0000 r8=7F06 r9=D848 r10=D8E8 r11=0494 r12=8383 r13=047C r14=0000 r15=43E8
t=74.622784250 pc=0002091A fcw=D8E8 r0=0103 r1=010F r2=0000 r3=12F8 r4=3D00 r5=2FFC r6=0000 r7=0000 r8=7F06 r9=D848 r10=D8E8 r11=0494 r12=8383 r13=047C r14=0000 r15=43E8
t=74.622786250 pc=0002091C fcw=D8E8 r0=0103 r1=010F r2=0000 r3=12F8 r4=3D00 r5=2FFC r6=0000 r7=0000 r8=7F06 r9=D848 r10=D8E8 r11=0494 r12=8383 r13=047C r14=0000 r15=43E8
t=74.622787750 pc=0002091E fcw=D8E8 r0=010F r1=0103 r2=0000 r3=12F8 r4=3D00 r5=2FFC r6=0000 r7=0000 r8=7F06 r9=D848 r10=D8E8 r11=0494 r12=8383 r13=047C r14=0000 r15=43E8
t=74.622790500 pc=00020920 fcw=D8E8 r0=010F r1=0103 r2=0000 r3=12F8 r4=3D00 r5=2FFC r6=0000 r7=0000 r8=7F06 r9=D848 r10=D8E8 r11=0494 r12=8383 r13=047C r14=0000 r15=43E8
t=74.622792000 pc=00020912 fcw=D8E8 r0=010F r1=0103 r2=0000 r3=12F8 r4=3D00 r5=2FFC r6=0000 r7=0000 r8=7F06 r9=D848 r10=D8E8 r11=0494 r12=8383 r13=047C r14=0000 r15=43E8
t=74.622793750 pc=00020914 fcw=D8E8 r0=010F r1=0103 r2=0000 r3=12F8 r4=3D00 r5=2FFC r6=0000 r7=0000 r8=7F06 r9=D848 r10=D8E8 r11=0494 r12=8383 r13=047C r14=0000 r15=43E8
t=74.622795500 pc=00020916 fcw=D8E8 r0=010F r1=0103 r2=0000 r3=12F8 r4=3D00 r5=2FFC r6=0000 r7=0000 r8=7F06 r9=D848 r10=D8E8 r11=0494 r12=8383 r13=047C r14=0000 r15=43E8
t=74.622799000 pc=0002091A fcw=D8E8 r0=010F r1=0103 r2=0000 r3=12F8 r4=3D00 r5=2FFC r6=0000 r7=0000 r8=7F06 r9=D848 r10=D8E8 r11=0494 r12=8383 r13=047C r14=0000 r15=43E8
t=74.622801000 pc=0002091C fcw=D8E8 r0=010F r1=0103 r2=0000 r3=12F8 r4=3D00 r5=2FFC r6=0000 r7=0000 r8=7F06 r9=D848 r10=D8E8 r11=0494 r12=8383 r13=047C r14=0000 r15=43E8
t=74.622802500 pc=0002091E fcw=D8E8 r0=0103 r1=010F r2=0000 r3=12F8 r4=3D00 r5=2FFC r6=0000 r7=0000 r8=7F06 r9=D848 r10=D8E8 r11=0494 r12=8383 r13=047C r14=0000 r15=43E8
t=74.622805250 pc=00020920 fcw=D8E8 r0=0103 r1=010F r2=0000 r3=12F8 r4=3D00 r5=2FFC r6=0000 r7=0000 r8=7F06 r9=D848 r10=D8E8 r11=0494 r12=8383 r13=047C r14=0000 r15=43E8
t=74.622806750 pc=00020912 fcw=D8E8 r0=0103 r1=010F r2=0000 r3=12F8 r4=3D00 r5=2FFC r6=0000 r7=0000 r8=7F06 r9=D848 r10=D8E8 r11=0494 r12=8383 r13=047C r14=0000 r15=43E8
t=74.622808500 pc=00020914 fcw=D8E8 r0=0103 r1=010F r2=0000 r3=12F8 r4=3D00 r5=2FFC r6=0000 r7=0000 r8=7F06 r9=D848 r10=D8E8 r11=0494 r12=8383 r13=047C r14=0000 r15=43E8
t=74.622810250 pc=00020916 fcw=D8E8 r0=0103 r1=010F r2=0000 r3=12F8 r4=3D00 r5=2FFC r6=0000 r7=0000 r8=7F06 r9=D848 r10=D8E8 r11=0494 r12=8383 r13=047C r14=0000 r15=43E8
t=74.622813750 pc=0002091A fcw=D8E8 r0=0103 r1=010F r2=0000 r3=12F8 r4=3D00 r5=2FFC r6=0000 r7=0000 r8=7F06 r9=D848 r10=D8E8 r11=0494 r12=8383 r13=047C r14=0000 r15=43E8
t=74.622815750 pc=0002091C fcw=D8E8 r0=0103 r1=010F r2=0000 r3=12F8 r4=3D00 r5=2FFC r6=0000 r7=0000 r8=7F06 r9=D848 r10=D8E8 r11=0494 r12=8383 r13=047C r14=0000 r15=43E8
t=74.622817250 pc=0002091E fcw=D8E8 r0=010F r1=0103 r2=0000 r3=12F8 r4=3D00 r5=2FFC r6=0000 r7=0000 r8=7F06 r9=D848 r10=D8E8 r11=0494 r12=8383 r13=047C r14=0000 r15=43E8
t=74.622820000 pc=00020920 fcw=D8E8 r0=010F r1=0103 r2=0000 r3=12F8 r4=3D00 r5=2FFC r6=0000 r7=0000 r8=7F06 r9=D848 r10=D8E8 r11=0494 r12=8383 r13=047C r14=0000 r15=43E8
t=74.622821500 pc=00020912 fcw=D8E8 r0=010F r1=0103 r2=0000 r3=12F8 r4=3D00 r5=2FFC r6=0000 r7=0000 r8=7F06 r9=D848 r10=D8E8 r11=0494 r12=8383 r13=047C r14=0000 r15=43E8
t=74.622823250 pc=00020914 fcw=D8E8 r0=010F r1=0103 r2=0000 r3=12F8 r4=3D00 r5=2FFC r6=0000 r7=0000 r8=7F06 r9=D848 r10=D8E8 r11=0494 r12=8383 r13=047C r14=0000 r15=43E8
t=74.622825000 pc=00020916 fcw=D8E8 r0=010F r1=0103 r2=0000 r3=12F8 r4=3D00 r5=2FFC r6=0000 r7=0000 r8=7F06 r9=D848 r10=D8E8 r11=0494 r12=8383 r13=047C r14=0000 r15=43E8
t=74.622828500 pc=0002091A fcw=D8E8 r0=010F r1=0103 r2=0000 r3=12F8 r4=3D00 r5=2FFC r6=0000 r7=0000 r8=7F06 r9=D848 r10=D8E8 r11=0494 r12=8383 r13=047C r14=0000 r15=43E8
t=74.622830500 pc=0002091C fcw=D8E8 r0=010F r1=0103 r2=0000 r3=12F8 r4=3D00 r5=2FFC r6=0000 r7=0000 r8=7F06 r9=D848 r10=D8E8 r11=0494 r12=8383 r13=047C r14=0000 r15=43E8
t=74.622832000 pc=0002091E fcw=D8E8 r0=0103 r1=010F r2=0000 r3=12F8 r4=3D00 r5=2FFC r6=0000 r7=0000 r8=7F06 r9=D848 r10=D8E8 r11=0494 r12=8383 r13=047C r14=0000 r15=43E8
t=74.622834750 pc=00020920 fcw=D8E8 r0=0103 r1=010F r2=0000 r3=12F8 r4=3D00 r5=2FFC r6=0000 r7=0000 r8=7F06 r9=D848 r10=D8E8 r11=0494 r12=8383 r13=047C r14=0000 r15=43E8
t=74.622836250 pc=00020912 fcw=D8E8 r0=0103 r1=010F r2=0000 r3=12F8 r4=3D00 r5=2FFC r6=0000 r7=0000 r8=7F06 r9=D848 r10=D8E8 r11=0494 r12=8383 r13=047C r14=0000 r15=43E8
t=74.622838000 pc=00020914 fcw=D8E8 r0=0103 r1=010F r2=0000 r3=12F8 r4=3D00 r5=2FFC r6=0000 r7=0000 r8=7F06 r9=D848 r10=D8E8 r11=0494 r12=8383 r13=047C r14=0000 r15=43E8
t=74.622839750 pc=00020916 fcw=D8E8 r0=0103 r1=010F r2=0000 r3=12F8 r4=3D00 r5=2FFC r6=0000 r7=0000 r8=7F06 r9=D848 r10=D8E8 r11=0494 r12=8383 r13=047C r14=0000 r15=43E8
t=74.622843250 pc=0002091A fcw=D8E8 r0=0103 r1=010F r2=0000 r3=12F8 r4=3D00 r5=2FFC r6=0000 r7=0000 r8=7F06 r9=D848 r10=D8E8 r11=0494 r12=8383 r13=047C r14=0000 r15=43E8
t=74.622845250 pc=0002091C fcw=D8E8 r0=0103 r1=010F r2=0000 r3=12F8 r4=3D00 r5=2FFC r6=0000 r7=0000 r8=7F06 r9=D848 r10=D8E8 r11=0494 r12=8383 r13=047C r14=0000 r15=43E8
t=74.622846750 pc=0002091E fcw=D8E8 r0=010F r1=0103 r2=0000 r3=12F8 r4=3D00 r5=2FFC r6=0000 r7=0000 r8=7F06 r9=D848 r10=D8E8 r11=0494 r12=8383 r13=047C r14=0000 r15=43E8
t=74.622849500 pc=00020920 fcw=D8E8 r0=010F r1=0103 r2=0000 r3=12F8 r4=3D00 r5=2FFC r6=0000 r7=0000 r8=7F06 r9=D848 r10=D8E8 r11=0494 r12=8383 r13=047C r14=0000 r15=43E8
t=74.622851000 pc=00020912 fcw=D8E8 r0=010F r1=0103 r2=0000 r3=12F8 r4=3D00 r5=2FFC r6=0000 r7=0000 r8=7F06 r9=D848 r10=D8E8 r11=0494 r12=8383 r13=047C r14=0000 r15=43E8
t=74.622852750 pc=00020914 fcw=D8E8 r0=010F r1=0103 r2=0000 r3=12F8 r4=3D00 r5=2FFC r6=0000 r7=0000 r8=7F06 r9=D848 r10=D8E8 r11=0494 r12=8383 r13=047C r14=0000 r15=43E8
t=74.622854500 pc=00020916 fcw=D8E8 r0=010F r1=0103 r2=0000 r3=12F8 r4=3D00 r5=2FFC r6=0000 r7=0000 r8=7F06 r9=D848 r10=D8E8 r11=0494 r12=8383 r13=047C r14=0000 r15=43E8
t=74.622858000 pc=0002091A fcw=D8E8 r0=010F r1=0103 r2=0000 r3=12F8 r4=3D00 r5=2FFC r6=0000 r7=0000 r8=7F06 r9=D848 r10=D8E8 r11=0494 r12=8383 r13=047C r14=0000 r15=43E8
t=74.622860000 pc=0002091C fcw=D8E8 r0=010F r1=0103 r2=0000 r3=12F8 r4=3D00 r5=2FFC r6=0000 r7=0000 r8=7F06 r9=D848 r10=D8E8 r11=0494 r12=8383 r13=047C r14=0000 r15=43E8
t=74.622861500 pc=0002091E fcw=D8E8 r0=0103 r1=010F r2=0000 r3=12F8 r4=3D00 r5=2FFC r6=0000 r7=0000 r8=7F06 r9=D848 r10=D8E8 r11=0494 r12=8383 r13=047C r14=0000 r15=43E8
t=74.622864250 pc=00020920 fcw=D8E8 r0=0103 r1=010F r2=0000 r3=12F8 r4=3D00 r5=2FFC r6=0000 r7=0000 r8=7F06 r9=D848 r10=D8E8 r11=0494 r12=8383 r13=047C r14=0000 r15=43E8
t=74.622865750 pc=00020912 fcw=D8E8 r0=0103 r1=010F r2=0000 r3=12F8 r4=3D00 r5=2FFC r6=0000 r7=0000 r8=7F06 r9=D848 r10=D8E8 r11=0494 r12=8383 r13=047C r14=0000 r15=43E8
t=74.622867500 pc=00020914 fcw=D8E8 r0=0103 r1=010F r2=0000 r3=12F8 r4=3D00 r5=2FFC r6=0000 r7=0000 r8=7F06 r9=D848 r10=D8E8 r11=0494 r12=8383 r13=047C r14=0000 r15=43E8
t=74.622869250 pc=00020916 fcw=D8E8 r0=0103 r1=010F r2=0000 r3=12F8 r4=3D00 r5=2FFC r6=0000 r7=0000 r8=7F06 r9=D848 r10=D8E8 r11=0494 r12=8383 r13=047C r14=0000 r15=43E8
t=74.622872750 pc=0002091A fcw=D8E8 r0=0103 r1=010F r2=0000 r3=12F8 r4=3D00 r5=2FFC r6=0000 r7=0000 r8=7F06 r9=D848 r10=D8E8 r11=0494 r12=8383 r13=047C r14=0000 r15=43E8
t=74.622874750 pc=0002091C fcw=D8E8 r0=0103 r1=010F r2=0000 r3=12F8 r4=3D00 r5=2FFC r6=0000 r7=0000 r8=7F06 r9=D848 r10=D8E8 r11=0494 r12=8383 r13=047C r14=0000 r15=43E8
t=74.622876250 pc=0002091E fcw=D8E8 r0=010F r1=0103 r2=0000 r3=12F8 r4=3D00 r5=2FFC r6=0000 r7=0000 r8=7F06 r9=D848 r10=D8E8 r11=0494 r12=8383 r13=047C r14=0000 r15=43E8
t=74.622879000 pc=00020920 fcw=D8E8 r0=010F r1=0103 r2=0000 r3=12F8 r4=3D00 r5=2FFC r6=0000 r7=0000 r8=7F06 r9=D848 r10=D8E8 r11=0494 r12=8383 r13=047C r14=0000 r15=43E8
t=74.622880500 pc=00020912 fcw=D8E8 r0=010F r1=0103 r2=0000 r3=12F8 r4=3D00 r5=2FFC r6=0000 r7=0000 r8=7F06 r9=D848 r10=D8E8 r11=0494 r12=8383 r13=047C r14=0000 r15=43E8
t=74.622882250 pc=00020914 fcw=D8E8 r0=010F r1=0103 r2=0000 r3=12F8 r4=3D00 r5=2FFC r6=0000 r7=0000 r8=7F06 r9=D848 r10=D8E8 r11=0494 r12=8383 r13=047C r14=0000 r15=43E8
t=74.622884000 pc=00020916 fcw=D8E8 r0=010F r1=0103 r2=0000 r3=12F8 r4=3D00 r5=2FFC r6=0000 r7=0000 r8=7F06 r9=D848 r10=D8E8 r11=0494 r12=8383 r13=047C r14=0000 r15=43E8
t=74.622887500 pc=0002091A fcw=D8E8 r0=010F r1=0103 r2=0000 r3=12F8 r4=3D00 r5=2FFC r6=0000 r7=0000 r8=7F06 r9=D848 r10=D8E8 r11=0494 r12=8383 r13=047C r14=0000 r15=43E8
t=74.622889500 pc=0002091C fcw=D8E8 r0=010F r1=0103 r2=0000 r3=12F8 r4=3D00 r5=2FFC r6=0000 r7=0000 r8=7F06 r9=D848 r10=D8E8 r11=0494 r12=8383 r13=047C r14=0000 r15=43E8
t=74.622891000 pc=0002091E fcw=D8E8 r0=0103 r1=010F r2=0000 r3=12F8 r4=3D00 r5=2FFC r6=0000 r7=0000 r8=7F06 r9=D848 r10=D8E8 r11=0494 r12=8383 r13=047C r14=0000 r15=43E8
t=74.622893750 pc=00020920 fcw=D8E8 r0=0103 r1=010F r2=0000 r3=12F8 r4=3D00 r5=2FFC r6=0000 r7=0000 r8=7F06 r9=D848 r10=D8E8 r11=0494 r12=8383 r13=047C r14=0000 r15=43E8
t=74.622895250 pc=00020912 fcw=D8E8 r0=0103 r1=010F r2=0000 r3=12F8 r4=3D00 r5=2FFC r6=0000 r7=0000 r8=7F06 r9=D848 r10=D8E8 r11=0494 r12=8383 r13=047C r14=0000 r15=43E8
t=74.622897000 pc=00020914 fcw=D8E8 r0=0103 r1=010F r2=0000 r3=12F8 r4=3D00 r5=2FFC r6=0000 r7=0000 r8=7F06 r9=D848 r10=D8E8 r11=0494 r12=8383 r13=047C r14=0000 r15=43E8
t=74.622898750 pc=00020916 fcw=D8E8 r0=0103 r1=010F r2=0000 r3=12F8 r4=3D00 r5=2FFC r6=0000 r7=0000 r8=7F06 r9=D848 r10=D8E8 r11=0494 r12=8383 r13=047C r14=0000 r15=43E8
t=74.622902250 pc=0002091A fcw=D8E8 r0=0103 r1=010F r2=0000 r3=12F8 r4=3D00 r5=2FFC r6=0000 r7=0000 r8=7F06 r9=D848 r10=D8E8 r11=0494 r12=8383 r13=047C r14=0000 r15=43E8
t=74.622904250 pc=0002091C fcw=D8E8 r0=0103 r1=010F r2=0000 r3=12F8 r4=3D00 r5=2FFC r6=0000 r7=0000 r8=7F06 r9=D848 r10=D8E8 r11=0494 r12=8383 r13=047C r14=0000 r15=43E8
t=74.622905750 pc=0002091E fcw=D8E8 r0=010F r1=0103 r2=0000 r3=12F8 r4=3D00 r5=2FFC r6=0000 r7=0000 r8=7F06 r9=D848 r10=D8E8 r11=0494 r12=8383 r13=047C r14=0000 r15=43E8
t=74.622908500 pc=00020920 fcw=D8E8 r0=010F r1=0103 r2=0000 r3=12F8 r4=3D00 r5=2FFC r6=0000 r7=0000 r8=7F06 r9=D848 r10=D8E8 r11=0494 r12=8383 r13=047C r14=0000 r15=43E8
t=74.622910000 pc=00020912 fcw=D8E8 r0=010F r1=0103 r2=0000 r3=12F8 r4=3D00 r5=2FFC r6=0000 r7=0000 r8=7F06 r9=D848 r10=D8E8 r11=0494 r12=8383 r13=047C r14=0000 r15=43E8
t=74.622911750 pc=00020914 fcw=D8E8 r0=010F r1=0103 r2=0000 r3=12F8 r4=3D00 r5=2FFC r6=0000 r7=0000 r8=7F06 r9=D848 r10=D8E8 r11=0494 r12=8383 r13=047C r14=0000 r15=43E8
t=74.622913500 pc=00020916 fcw=D8E8 r0=010F r1=0103 r2=0000 r3=12F8 r4=3D00 r5=2FFC r6=0000 r7=0000 r8=7F06 r9=D848 r10=D8E8 r11=0494 r12=8383 r13=047C r14=0000 r15=43E8
t=74.622917000 pc=0002091A fcw=D8E8 r0=010F r1=0103 r2=0000 r3=12F8 r4=3D00 r5=2FFC r6=0000 r7=0000 r8=7F06 r9=D848 r10=D8E8 r11=0494 r12=8383 r13=047C r14=0000 r15=43E8
t=74.622919000 pc=0002091C fcw=D8E8 r0=010F r1=0103 r2=0000 r3=12F8 r4=3D00 r5=2FFC r6=0000 r7=0000 r8=7F06 r9=D848 r10=D8E8 r11=0494 r12=8383 r13=047C r14=0000 r15=43E8
t=74.622920500 pc=0002091E fcw=D8E8 r0=0103 r1=010F r2=0000 r3=12F8 r4=3D00 r5=2FFC r6=0000 r7=0000 r8=7F06 r9=D848 r10=D8E8 r11=0494 r12=8383 r13=047C r14=0000 r15=43E8
t=74.622923250 pc=00020920 fcw=D8E8 r0=0103 r1=010F r2=0000 r3=12F8 r4=3D00 r5=2FFC r6=0000 r7=0000 r8=7F06 r9=D848 r10=D8E8 r11=0494 r12=8383 r13=047C r14=0000 r15=43E8
t=74.622924750 pc=00020912 fcw=D8E8 r0=0103 r1=010F r2=0000 r3=12F8 r4=3D00 r5=2FFC r6=0000 r7=0000 r8=7F06 r9=D848 r10=D8E8 r11=0494 r12=8383 r13=047C r14=0000 r15=43E8
t=74.622926500 pc=00020914 fcw=D8E8 r0=0103 r1=010F r2=0000 r3=12F8 r4=3D00 r5=2FFC r6=0000 r7=0000 r8=7F06 r9=D848 r10=D8E8 r11=0494 r12=8383 r13=047C r14=0000 r15=43E8
t=74.622928250 pc=00020916 fcw=D8E8 r0=0103 r1=010F r2=0000 r3=12F8 r4=3D00 r5=2FFC r6=0000 r7=0000 r8=7F06 r9=D848 r10=D8E8 r11=0494 r12=8383 r13=047C r14=0000 r15=43E8
t=74.622931750 pc=0002091A fcw=D8E8 r0=0103 r1=010F r2=0000 r3=12F8 r4=3D00 r5=2FFC r6=0000 r7=0000 r8=7F06 r9=D848 r10=D8E8 r11=0494 r12=8383 r13=047C r14=0000 r15=43E8
t=74.622933750 pc=0002091C fcw=D8E8 r0=0103 r1=010F r2=0000 r3=12F8 r4=3D00 r5=2FFC r6=0000 r7=0000 r8=7F06 r9=D848 r10=D8E8 r11=0494 r12=8383 r13=047C r14=0000 r15=43E8
t=74.622935250 pc=0002091E fcw=D8E8 r0=010F r1=0103 r2=0000 r3=12F8 r4=3D00 r5=2FFC r6=0000 r7=0000 r8=7F06 r9=D848 r10=D8E8 r11=0494 r12=8383 r13=047C r14=0000 r15=43E8
t=74.622938000 pc=00020920 fcw=D8E8 r0=010F r1=0103 r2=0000 r3=12F8 r4=3D00 r5=2FFC r6=0000 r7=0000 r8=7F06 r9=D848 r10=D8E8 r11=0494 r12=8383 r13=047C r14=0000 r15=43E8
t=74.622939500 pc=00020912 fcw=D8E8 r0=010F r1=0103 r2=0000 r3=12F8 r4=3D00 r5=2FFC r6=0000 r7=0000 r8=7F06 r9=D848 r10=D8E8 r11=0494 r12=8383 r13=047C r14=0000 r15=43E8
t=74.622941250 pc=00020914 fcw=D8E8 r0=010F r1=0103 r2=0000 r3=12F8 r4=3D00 r5=2FFC r6=0000 r7=0000 r8=7F06 r9=D848 r10=D8E8 r11=0494 r12=8383 r13=047C r14=0000 r15=43E8
t=74.622943000 pc=00020916 fcw=D8E8 r0=010F r1=0103 r2=0000 r3=12F8 r4=3D00 r5=2FFC r6=0000 r7=0000 r8=7F06 r9=D848 r10=D8E8 r11=0494 r12=8383 r13=047C r14=0000 r15=43E8
t=74.622946500 pc=0002091A fcw=D8E8 r0=010F r1=0103 r2=0000 r3=12F8 r4=3D00 r5=2FFC r6=0000 r7=0000 r8=7F06 r9=D848 r10=D8E8 r11=0494 r12=8383 r13=047C r14=0000 r15=43E8
t=74.622948500 pc=0002091C fcw=D8E8 r0=010F r1=0103 r2=0000 r3=12F8 r4=3D00 r5=2FFC r6=0000 r7=0000 r8=7F06 r9=D848 r10=D8E8 r11=0494 r12=8383 r13=047C r14=0000 r15=43E8
t=74.622950000 pc=0002091E fcw=D8E8 r0=0103 r1=010F r2=0000 r3=12F8 r4=3D00 r5=2FFC r6=0000 r7=0000 r8=7F06 r9=D848 r10=D8E8 r11=0494 r12=8383 r13=047C r14=0000 r15=43E8
t=74.622952750 pc=00020920 fcw=D8E8 r0=0103 r1=010F r2=0000 r3=12F8 r4=3D00 r5=2FFC r6=0000 r7=0000 r8=7F06 r9=D848 r10=D8E8 r11=0494 r12=8383 r13=047C r14=0000 r15=43E8
t=74.622954250 pc=00020912 fcw=D8E8 r0=0103 r1=010F r2=0000 r3=12F8 r4=3D00 r5=2FFC r6=0000 r7=0000 r8=7F06 r9=D848 r10=D8E8 r11=0494 r12=8383 r13=047C r14=0000 r15=43E8
t=74.622956000 pc=00020914 fcw=D8E8 r0=0103 r1=010F r2=0000 r3=12F8 r4=3D00 r5=2FFC r6=0000 r7=0000 r8=7F06 r9=D848 r10=D8E8 r11=0494 r12=8383 r13=047C r14=0000 r15=43E8
t=74.622957750 pc=00020916 fcw=D8E8 r0=0103 r1=010F r2=0000 r3=12F8 r4=3D00 r5=2FFC r6=0000 r7=0000 r8=7F06 r9=D848 r10=D8E8 r11=0494 r12=8383 r13=047C r14=0000 r15=43E8
t=74.622961250 pc=0002091A fcw=D8E8 r0=0103 r1=010F r2=0000 r3=12F8 r4=3D00 r5=2FFC r6=0000 r7=0000 r8=7F06 r9=D848 r10=D8E8 r11=0494 r12=8383 r13=047C r14=0000 r15=43E8
t=74.622963250 pc=0002091C fcw=D8E8 r0=0103 r1=010F r2=0000 r3=12F8 r4=3D00 r5=2FFC r6=0000 r7=0000 r8=7F06 r9=D848 r10=D8E8 r11=0494 r12=8383 r13=047C r14=0000 r15=43E8
t=74.622964750 pc=0002091E fcw=D8E8 r0=010F r1=0103 r2=0000 r3=12F8 r4=3D00 r5=2FFC r6=0000 r7=0000 r8=7F06 r9=D848 r10=D8E8 r11=0494 r12=8383 r13=047C r14=0000 r15=43E8
t=74.622967500 pc=00020920 fcw=D8E8 r0=010F r1=0103 r2=0000 r3=12F8 r4=3D00 r5=2FFC r6=0000 r7=0000 r8=7F06 r9=D848 r10=D8E8 r11=0494 r12=8383 r13=047C r14=0000 r15=43E8
t=74.622969000 pc=00020912 fcw=D8E8 r0=010F r1=0103 r2=0000 r3=12F8 r4=3D00 r5=2FFC r6=0000 r7=0000 r8=7F06 r9=D848 r10=D8E8 r11=0494 r12=8383 r13=047C r14=0000 r15=43E8
t=74.622970750 pc=00020914 fcw=D8E8 r0=010F r1=0103 r2=0000 r3=12F8 r4=3D00 r5=2FFC r6=0000 r7=0000 r8=7F06 r9=D848 r10=D8E8 r11=0494 r12=8383 r13=047C r14=0000 r15=43E8
t=74.622972500 pc=00020916 fcw=D8E8 r0=010F r1=0103 r2=0000 r3=12F8 r4=3D00 r5=2FFC r6=0000 r7=0000 r8=7F06 r9=D848 r10=D8E8 r11=0494 r12=8383 r13=047C r14=0000 r15=43E8
t=74.622976000 pc=0002091A fcw=D8E8 r0=010F r1=0103 r2=0000 r3=12F8 r4=3D00 r5=2FFC r6=0000 r7=0000 r8=7F06 r9=D848 r10=D8E8 r11=0494 r12=8383 r13=047C r14=0000 r15=43E8
t=74.622978000 pc=0002091C fcw=D8E8 r0=010F r1=0103 r2=0000 r3=12F8 r4=3D00 r5=2FFC r6=0000 r7=0000 r8=7F06 r9=D848 r10=D8E8 r11=0494 r12=8383 r13=047C r14=0000 r15=43E8
t=74.622979500 pc=0002091E fcw=D8E8 r0=0103 r1=010F r2=0000 r3=12F8 r4=3D00 r5=2FFC r6=0000 r7=0000 r8=7F06 r9=D848 r10=D8E8 r11=0494 r12=8383 r13=047C r14=0000 r15=43E8
t=74.622982250 pc=00020920 fcw=D8E8 r0=0103 r1=010F r2=0000 r3=12F8 r4=3D00 r5=2FFC r6=0000 r7=0000 r8=7F06 r9=D848 r10=D8E8 r11=0494 r12=8383 r13=047C r14=0000 r15=43E8
t=74.622983750 pc=00020912 fcw=D8E8 r0=0103 r1=010F r2=0000 r3=12F8 r4=3D00 r5=2FFC r6=0000 r7=0000 r8=7F06 r9=D848 r10=D8E8 r11=0494 r12=8383 r13=047C r14=0000 r15=43E8
t=74.622985500 pc=00020914 fcw=D8E8 r0=0103 r1=010F r2=0000 r3=12F8 r4=3D00 r5=2FFC r6=0000 r7=0000 r8=7F06 r9=D848 r10=D8E8 r11=0494 r12=8383 r13=047C r14=0000 r15=43E8
t=74.622987250 pc=00020916 fcw=D8E8 r0=0103 r1=010F r2=0000 r3=12F8 r4=3D00 r5=2FFC r6=0000 r7=0000 r8=7F06 r9=D848 r10=D8E8 r11=0494 r12=8383 r13=047C r14=0000 r15=43E8
t=74.622990750 pc=0002091A fcw=D8E8 r0=0103 r1=010F r2=0000 r3=12F8 r4=3D00 r5=2FFC r6=0000 r7=0000 r8=7F06 r9=D848 r10=D8E8 r11=0494 r12=8383 r13=047C r14=0000 r15=43E8
t=74.622992750 pc=0002091C fcw=D8E8 r0=0103 r1=010F r2=0000 r3=12F8 r4=3D00 r5=2FFC r6=0000 r7=0000 r8=7F06 r9=D848 r10=D8E8 r11=0494 r12=8383 r13=047C r14=0000 r15=43E8
t=74.622994250 pc=0002091E fcw=D8E8 r0=010F r1=0103 r2=0000 r3=12F8 r4=3D00 r5=2FFC r6=0000 r7=0000 r8=7F06 r9=D848 r10=D8E8 r11=0494 r12=8383 r13=047C r14=0000 r15=43E8
t=74.622997000 pc=00020920 fcw=D8E8 r0=010F r1=0103 r2=0000 r3=12F8 r4=3D00 r5=2FFC r6=0000 r7=0000 r8=7F06 r9=D848 r10=D8E8 r11=0494 r12=8383 r13=047C r14=0000 r15=43E8
t=74.622998500 pc=00020912 fcw=D8E8 r0=010F r1=0103 r2=0000 r3=12F8 r4=3D00 r5=2FFC r6=0000 r7=0000 r8=7F06 r9=D848 r10=D8E8 r11=0494 r12=8383 r13=047C r14=0000 r15=43E8
t=74.623000250 pc=00020914 fcw=D8E8 r0=010F r1=0103 r2=0000 r3=12F8 r4=3D00 r5=2FFC r6=0000 r7=0000 r8=7F06 r9=D848 r10=D8E8 r11=0494 r12=8383 r13=047C r14=0000 r15=43E8
t=74.623002000 pc=00020916 fcw=D8E8 r0=010F r1=0103 r2=0000 r3=12F8 r4=3D00 r5=2FFC r6=0000 r7=0000 r8=7F06 r9=D848 r10=D8E8 r11=0494 r12=8383 r13=047C r14=0000 r15=43E8
t=74.623005500 pc=0002091A fcw=D8E8 r0=010F r1=0103 r2=0000 r3=12F8 r4=3D00 r5=2FFC r6=0000 r7=0000 r8=7F06 r9=D848 r10=D8E8 r11=0494 r12=8383 r13=047C r14=0000 r15=43E8
t=74.623007500 pc=0002091C fcw=D8E8 r0=010F r1=0103 r2=0000 r3=12F8 r4=3D00 r5=2FFC r6=0000 r7=0000 r8=7F06 r9=D848 r10=D8E8 r11=0494 r12=8383 r13=047C r14=0000 r15=43E8
t=74.623009000 pc=0002091E fcw=D8E8 r0=0103 r1=010F r2=0000 r3=12F8 r4=3D00 r5=2FFC r6=0000 r7=0000 r8=7F06 r9=D848 r10=D8E8 r11=0494 r12=8383 r13=047C r14=0000 r15=43E8
t=74.623011750 pc=00020920 fcw=D8E8 r0=0103 r1=010F r2=0000 r3=12F8 r4=3D00 r5=2FFC r6=0000 r7=0000 r8=7F06 r9=D848 r10=D8E8 r11=0494 r12=8383 r13=047C r14=0000 r15=43E8
t=74.623013250 pc=00020912 fcw=D8E8 r0=0103 r1=010F r2=0000 r3=12F8 r4=3D00 r5=2FFC r6=0000 r7=0000 r8=7F06 r9=D848 r10=D8E8 r11=0494 r12=8383 r13=047C r14=0000 r15=43E8
t=74.623015000 pc=00020914 fcw=D8E8 r0=0103 r1=010F r2=0000 r3=12F8 r4=3D00 r5=2FFC r6=0000 r7=0000 r8=7F06 r9=D848 r10=D8E8 r11=0494 r12=8383 r13=047C r14=0000 r15=43E8
t=74.623016750 pc=00020916 fcw=D8E8 r0=0103 r1=010F r2=0000 r3=12F8 r4=3D00 r5=2FFC r6=0000 r7=0000 r8=7F06 r9=D848 r10=D8E8 r11=0494 r12=8383 r13=047C r14=0000 r15=43E8
t=74.623020250 pc=0002091A fcw=D8E8 r0=0103 r1=010F r2=0000 r3=12F8 r4=3D00 r5=2FFC r6=0000 r7=0000 r8=7F06 r9=D848 r10=D8E8 r11=0494 r12=8383 r13=047C r14=0000 r15=43E8
t=74.623022250 pc=0002091C fcw=D8E8 r0=0103 r1=010F r2=0000 r3=12F8 r4=3D00 r5=2FFC r6=0000 r7=0000 r8=7F06 r9=D848 r10=D8E8 r11=0494 r12=8383 r13=047C r14=0000 r15=43E8
t=74.623023750 pc=0002091E fcw=D8E8 r0=010F r1=0103 r2=0000 r3=12F8 r4=3D00 r5=2FFC r6=0000 r7=0000 r8=7F06 r9=D848 r10=D8E8 r11=0494 r12=8383 r13=047C r14=0000 r15=43E8
t=74.623026500 pc=00020920 fcw=D8E8 r0=010F r1=0103 r2=0000 r3=12F8 r4=3D00 r5=2FFC r6=0000 r7=0000 r8=7F06 r9=D848 r10=D8E8 r11=0494 r12=8383 r13=047C r14=0000 r15=43E8
t=74.623028000 pc=00020912 fcw=D8E8 r0=010F r1=0103 r2=0000 r3=12F8 r4=3D00 r5=2FFC r6=0000 r7=0000 r8=7F06 r9=D848 r10=D8E8 r11=0494 r12=8383 r13=047C r14=0000 r15=43E8
t=74.623029750 pc=00020914 fcw=D8E8 r0=010F r1=0103 r2=0000 r3=12F8 r4=3D00 r5=2FFC r6=0000 r7=0000 r8=7F06 r9=D848 r10=D8E8 r11=0494 r12=8383 r13=047C r14=0000 r15=43E8
t=74.623031500 pc=00020916 fcw=D8E8 r0=010F r1=0103 r2=0000 r3=12F8 r4=3D00 r5=2FFC r6=0000 r7=0000 r8=7F06 r9=D848 r10=D8E8 r11=0494 r12=8383 r13=047C r14=0000 r15=43E8
t=74.623035000 pc=0002091A fcw=D8E8 r0=010F r1=0103 r2=0000 r3=12F8 r4=3D00 r5=2FFC r6=0000 r7=0000 r8=7F06 r9=D848 r10=D8E8 r11=0494 r12=8383 r13=047C r14=0000 r15=43E8
t=74.623037000 pc=0002091C fcw=D8E8 r0=010F r1=0103 r2=0000 r3=12F8 r4=3D00 r5=2FFC r6=0000 r7=0000 r8=7F06 r9=D848 r10=D8E8 r11=0494 r12=8383 r13=047C r14=0000 r15=43E8
t=74.623038500 pc=0002091E fcw=D8E8 r0=0103 r1=010F r2=0000 r3=12F8 r4=3D00 r5=2FFC r6=0000 r7=0000 r8=7F06 r9=D848 r10=D8E8 r11=0494 r12=8383 r13=047C r14=0000 r15=43E8
t=74.623041250 pc=00020920 fcw=D8E8 r0=0103 r1=010F r2=0000 r3=12F8 r4=3D00 r5=2FFC r6=0000 r7=0000 r8=7F06 r9=D848 r10=D8E8 r11=0494 r12=8383 r13=047C r14=0000 r15=43E8
t=74.623042750 pc=00020912 fcw=D8E8 r0=0103 r1=010F r2=0000 r3=12F8 r4=3D00 r5=2FFC r6=0000 r7=0000 r8=7F06 r9=D848 r10=D8E8 r11=0494 r12=8383 r13=047C r14=0000 r15=43E8
t=74.623044500 pc=00020914 fcw=D8E8 r0=0103 r1=010F r2=0000 r3=12F8 r4=3D00 r5=2FFC r6=0000 r7=0000 r8=7F06 r9=D848 r10=D8E8 r11=0494 r12=8383 r13=047C r14=0000 r15=43E8
t=74.623046250 pc=00020916 fcw=D8E8 r0=0103 r1=010F r2=0000 r3=12F8 r4=3D00 r5=2FFC r6=0000 r7=0000 r8=7F06 r9=D848 r10=D8E8 r11=0494 r12=8383 r13=047C r14=0000 r15=43E8
t=74.623049750 pc=0002091A fcw=D8E8 r0=0103 r1=010F r2=0000 r3=12F8 r4=3D00 r5=2FFC r6=0000 r7=0000 r8=7F06 r9=D848 r10=D8E8 r11=0494 r12=8383 r13=047C r14=0000 r15=43E8
t=74.623051750 pc=0002091C fcw=D8E8 r0=0103 r1=010F r2=0000 r3=12F8 r4=3D00 r5=2FFC r6=0000 r7=0000 r8=7F06 r9=D848 r10=D8E8 r11=0494 r12=8383 r13=047C r14=0000 r15=43E8
t=74.623053250 pc=0002091E fcw=D8E8 r0=010F r1=0103 r2=0000 r3=12F8 r4=3D00 r5=2FFC r6=0000 r7=0000 r8=7F06 r9=D848 r10=D8E8 r11=0494 r12=8383 r13=047C r14=0000 r15=43E8
t=74.623056000 pc=00020920 fcw=D8E8 r0=010F r1=0103 r2=0000 r3=12F8 r4=3D00 r5=2FFC r6=0000 r7=0000 r8=7F06 r9=D848 r10=D8E8 r11=0494 r12=8383 r13=047C r14=0000 r15=43E8
t=74.623057500 pc=00020912 fcw=D8E8 r0=010F r1=0103 r2=0000 r3=12F8 r4=3D00 r5=2FFC r6=0000 r7=0000 r8=7F06 r9=D848 r10=D8E8 r11=0494 r12=8383 r13=047C r14=0000 r15=43E8
t=74.623059250 pc=00020914 fcw=D8E8 r0=010F r1=0103 r2=0000 r3=12F8 r4=3D00 r5=2FFC r6=0000 r7=0000 r8=7F06 r9=D848 r10=D8E8 r11=0494 r12=8383 r13=047C r14=0000 r15=43E8
t=74.623061000 pc=00020916 fcw=D8E8 r0=010F r1=0103 r2=0000 r3=12F8 r4=3D00 r5=2FFC r6=0000 r7=0000 r8=7F06 r9=D848 r10=D8E8 r11=0494 r12=8383 r13=047C r14=0000 r15=43E8
t=74.623064500 pc=0002091A fcw=D8E8 r0=010F r1=0103 r2=0000 r3=12F8 r4=3D00 r5=2FFC r6=0000 r7=0000 r8=7F06 r9=D848 r10=D8E8 r11=0494 r12=8383 r13=047C r14=0000 r15=43E8
t=74.623066500 pc=0002091C fcw=D8E8 r0=010F r1=0103 r2=0000 r3=12F8 r4=3D00 r5=2FFC r6=0000 r7=0000 r8=7F06 r9=D848 r10=D8E8 r11=0494 r12=8383 r13=047C r14=0000 r15=43E8
t=74.623068000 pc=0002091E fcw=D8E8 r0=0103 r1=010F r2=0000 r3=12F8 r4=3D00 r5=2FFC r6=0000 r7=0000 r8=7F06 r9=D848 r10=D8E8 r11=0494 r12=8383 r13=047C r14=0000 r15=43E8
t=74.623070750 pc=00020920 fcw=D8E8 r0=0103 r1=010F r2=0000 r3=12F8 r4=3D00 r5=2FFC r6=0000 r7=0000 r8=7F06 r9=D848 r10=D8E8 r11=0494 r12=8383 r13=047C r14=0000 r15=43E8
t=74.623072250 pc=00020912 fcw=D8E8 r0=0103 r1=010F r2=0000 r3=12F8 r4=3D00 r5=2FFC r6=0000 r7=0000 r8=7F06 r9=D848 r10=D8E8 r11=0494 r12=8383 r13=047C r14=0000 r15=43E8
t=74.623074000 pc=00020914 fcw=D8E8 r0=0103 r1=010F r2=0000 r3=12F8 r4=3D00 r5=2FFC r6=0000 r7=0000 r8=7F06 r9=D848 r10=D8E8 r11=0494 r12=8383 r13=047C r14=0000 r15=43E8
t=74.623075750 pc=00020916 fcw=D8E8 r0=0103 r1=010F r2=0000 r3=12F8 r4=3D00 r5=2FFC r6=0000 r7=0000 r8=7F06 r9=D848 r10=D8E8 r11=0494 r12=8383 r13=047C r14=0000 r15=43E8
t=74.623079250 pc=0002091A fcw=D8E8 r0=0103 r1=010F r2=0000 r3=12F8 r4=3D00 r5=2FFC r6=0000 r7=0000 r8=7F06 r9=D848 r10=D8E8 r11=0494 r12=8383 r13=047C r14=0000 r15=43E8
t=74.623081250 pc=0002091C fcw=D8E8 r0=0103 r1=010F r2=0000 r3=12F8 r4=3D00 r5=2FFC r6=0000 r7=0000 r8=7F06 r9=D848 r10=D8E8 r11=0494 r12=8383 r13=047C r14=0000 r15=43E8
t=74.623082750 pc=0002091E fcw=D8E8 r0=010F r1=0103 r2=0000 r3=12F8 r4=3D00 r5=2FFC r6=0000 r7=0000 r8=7F06 r9=D848 r10=D8E8 r11=0494 r12=8383 r13=047C r14=0000 r15=43E8
t=74.623085500 pc=00020920 fcw=D8E8 r0=010F r1=0103 r2=0000 r3=12F8 r4=3D00 r5=2FFC r6=0000 r7=0000 r8=7F06 r9=D848 r10=D8E8 r11=0494 r12=8383 r13=047C r14=0000 r15=43E8
t=74.623087000 pc=00020912 fcw=D8E8 r0=010F r1=0103 r2=0000 r3=12F8 r4=3D00 r5=2FFC r6=0000 r7=0000 r8=7F06 r9=D848 r10=D8E8 r11=0494 r12=8383 r13=047C r14=0000 r15=43E8
t=74.623088750 pc=00020914 fcw=D8E8 r0=010F r1=0103 r2=0000 r3=12F8 r4=3D00 r5=2FFC r6=0000 r7=0000 r8=7F06 r9=D848 r10=D8E8 r11=0494 r12=8383 r13=047C r14=0000 r15=43E8
t=74.623090500 pc=00020916 fcw=D8E8 r0=010F r1=0103 r2=0000 r3=12F8 r4=3D00 r5=2FFC r6=0000 r7=0000 r8=7F06 r9=D848 r10=D8E8 r11=0494 r12=8383 r13=047C r14=0000 r15=43E8
t=74.623094000 pc=0002091A fcw=D8E8 r0=010F r1=0103 r2=0000 r3=12F8 r4=3D00 r5=2FFC r6=0000 r7=0000 r8=7F06 r9=D848 r10=D8E8 r11=0494 r12=8383 r13=047C r14=0000 r15=43E8
t=74.623096000 pc=0002091C fcw=D8E8 r0=010F r1=0103 r2=0000 r3=12F8 r4=3D00 r5=2FFC r6=0000 r7=0000 r8=7F06 r9=D848 r10=D8E8 r11=0494 r12=8383 r13=047C r14=0000 r15=43E8
t=74.623097500 pc=0002091E fcw=D8E8 r0=0103 r1=010F r2=0000 r3=12F8 r4=3D00 r5=2FFC r6=0000 r7=0000 r8=7F06 r9=D848 r10=D8E8 r11=0494 r12=8383 r13=047C r14=0000 r15=43E8
t=74.623100250 pc=00020920 fcw=D8E8 r0=0103 r1=010F r2=0000 r3=12F8 r4=3D00 r5=2FFC r6=0000 r7=0000 r8=7F06 r9=D848 r10=D8E8 r11=0494 r12=8383 r13=047C r14=0000 r15=43E8
t=74.623101750 pc=00020912 fcw=D8E8 r0=0103 r1=010F r2=0000 r3=12F8 r4=3D00 r5=2FFC r6=0000 r7=0000 r8=7F06 r9=D848 r10=D8E8 r11=0494 r12=8383 r13=047C r14=0000 r15=43E8
t=74.623103500 pc=00020914 fcw=D8E8 r0=0103 r1=010F r2=0000 r3=12F8 r4=3D00 r5=2FFC r6=0000 r7=0000 r8=7F06 r9=D848 r10=D8E8 r11=0494 r12=8383 r13=047C r14=0000 r15=43E8
t=74.623105250 pc=00020916 fcw=D8E8 r0=0103 r1=010F r2=0000 r3=12F8 r4=3D00 r5=2FFC r6=0000 r7=0000 r8=7F06 r9=D848 r10=D8E8 r11=0494 r12=8383 r13=047C r14=0000 r15=43E8
t=74.623108750 pc=0002091A fcw=D8E8 r0=0103 r1=010F r2=0000 r3=12F8 r4=3D00 r5=2FFC r6=0000 r7=0000 r8=7F06 r9=D848 r10=D8E8 r11=0494 r12=8383 r13=047C r14=0000 r15=43E8
t=74.623110750 pc=0002091C fcw=D8E8 r0=0103 r1=010F r2=0000 r3=12F8 r4=3D00 r5=2FFC r6=0000 r7=0000 r8=7F06 r9=D848 r10=D8E8 r11=0494 r12=8383 r13=047C r14=0000 r15=43E8
t=74.623112250 pc=0002091E fcw=D8E8 r0=010F r1=0103 r2=0000 r3=12F8 r4=3D00 r5=2FFC r6=0000 r7=0000 r8=7F06 r9=D848 r10=D8E8 r11=0494 r12=8383 r13=047C r14=0000 r15=43E8
t=74.623115000 pc=00020920 fcw=D8E8 r0=010F r1=0103 r2=0000 r3=12F8 r4=3D00 r5=2FFC r6=0000 r7=0000 r8=7F06 r9=D848 r10=D8E8 r11=0494 r12=8383 r13=047C r14=0000 r15=43E8
t=74.623116500 pc=00020912 fcw=D8E8 r0=010F r1=0103 r2=0000 r3=12F8 r4=3D00 r5=2FFC r6=0000 r7=0000 r8=7F06 r9=D848 r10=D8E8 r11=0494 r12=8383 r13=047C r14=0000 r15=43E8
t=74.623118250 pc=00020914 fcw=D8E8 r0=010F r1=0103 r2=0000 r3=12F8 r4=3D00 r5=2FFC r6=0000 r7=0000 r8=7F06 r9=D848 r10=D8E8 r11=0494 r12=8383 r13=047C r14=0000 r15=43E8
t=74.623120000 pc=00020916 fcw=D8E8 r0=010F r1=0103 r2=0000 r3=12F8 r4=3D00 r5=2FFC r6=0000 r7=0000 r8=7F06 r9=D848 r10=D8E8 r11=0494 r12=8383 r13=047C r14=0000 r15=43E8
t=74.623123500 pc=0002091A fcw=D8E8 r0=010F r1=0103 r2=0000 r3=12F8 r4=3D00 r5=2FFC r6=0000 r7=0000 r8=7F06 r9=D848 r10=D8E8 r11=0494 r12=8383 r13=047C r14=0000 r15=43E8
t=74.623125500 pc=0002091C fcw=D8E8 r0=010F r1=0103 r2=0000 r3=12F8 r4=3D00 r5=2FFC r6=0000 r7=0000 r8=7F06 r9=D848 r10=D8E8 r11=0494 r12=8383 r13=047C r14=0000 r15=43E8
t=74.623127000 pc=0002091E fcw=D8E8 r0=0103 r1=010F r2=0000 r3=12F8 r4=3D00 r5=2FFC r6=0000 r7=0000 r8=7F06 r9=D848 r10=D8E8 r11=0494 r12=8383 r13=047C r14=0000 r15=43E8
t=74.623129750 pc=00020920 fcw=D8E8 r0=0103 r1=010F r2=0000 r3=12F8 r4=3D00 r5=2FFC r6=0000 r7=0000 r8=7F06 r9=D848 r10=D8E8 r11=0494 r12=8383 r13=047C r14=0000 r15=43E8
t=74.623131250 pc=00020912 fcw=D8E8 r0=0103 r1=010F r2=0000 r3=12F8 r4=3D00 r5=2FFC r6=0000 r7=0000 r8=7F06 r9=D848 r10=D8E8 r11=0494 r12=8383 r13=047C r14=0000 r15=43E8
t=74.623133000 pc=00020914 fcw=D8E8 r0=0103 r1=010F r2=0000 r3=12F8 r4=3D00 r5=2FFC r6=0000 r7=0000 r8=7F06 r9=D848 r10=D8E8 r11=0494 r12=8383 r13=047C r14=0000 r15=43E8
t=74.623134750 pc=00020916 fcw=D8E8 r0=0103 r1=010F r2=0000 r3=12F8 r4=3D00 r5=2FFC r6=0000 r7=0000 r8=7F06 r9=D848 r10=D8E8 r11=0494 r12=8383 r13=047C r14=0000 r15=43E8
t=74.623138250 pc=0002091A fcw=D8E8 r0=0103 r1=010F r2=0000 r3=12F8 r4=3D00 r5=2FFC r6=0000 r7=0000 r8=7F06 r9=D848 r10=D8E8 r11=0494 r12=8383 r13=047C r14=0000 r15=43E8
t=74.623140250 pc=0002091C fcw=D8E8 r0=0103 r1=010F r2=0000 r3=12F8 r4=3D00 r5=2FFC r6=0000 r7=0000 r8=7F06 r9=D848 r10=D8E8 r11=0494 r12=8383 r13=047C r14=0000 r15=43E8
t=74.623141750 pc=0002091E fcw=D8E8 r0=010F r1=0103 r2=0000 r3=12F8 r4=3D00 r5=2FFC r6=0000 r7=0000 r8=7F06 r9=D848 r10=D8E8 r11=0494 r12=8383 r13=047C r14=0000 r15=43E8
t=74.623144500 pc=00020920 fcw=D8E8 r0=010F r1=0103 r2=0000 r3=12F8 r4=3D00 r5=2FFC r6=0000 r7=0000 r8=7F06 r9=D848 r10=D8E8 r11=0494 r12=8383 r13=047C r14=0000 r15=43E8
t=74.623146000 pc=00020912 fcw=D8E8 r0=010F r1=0103 r2=0000 r3=12F8 r4=3D00 r5=2FFC r6=0000 r7=0000 r8=7F06 r9=D848 r10=D8E8 r11=0494 r12=8383 r13=047C r14=0000 r15=43E8
t=74.623147750 pc=00020914 fcw=D8E8 r0=010F r1=0103 r2=0000 r3=12F8 r4=3D00 r5=2FFC r6=0000 r7=0000 r8=7F06 r9=D848 r10=D8E8 r11=0494 r12=8383 r13=047C r14=0000 r15=43E8
t=74.623149500 pc=00020916 fcw=D8E8 r0=010F r1=0103 r2=0000 r3=12F8 r4=3D00 r5=2FFC r6=0000 r7=0000 r8=7F06 r9=D848 r10=D8E8 r11=0494 r12=8383 r13=047C r14=0000 r15=43E8
t=74.623153000 pc=0002091A fcw=D8E8 r0=010F r1=0103 r2=0000 r3=12F8 r4=3D00 r5=2FFC r6=0000 r7=0000 r8=7F06 r9=D848 r10=D8E8 r11=0494 r12=8383 r13=047C r14=0000 r15=43E8
t=74.623155000 pc=0002091C fcw=D8E8 r0=010F r1=0103 r2=0000 r3=12F8 r4=3D00 r5=2FFC r6=0000 r7=0000 r8=7F06 r9=D848 r10=D8E8 r11=0494 r12=8383 r13=047C r14=0000 r15=43E8
t=74.623156500 pc=0002091E fcw=D8E8 r0=0103 r1=010F r2=0000 r3=12F8 r4=3D00 r5=2FFC r6=0000 r7=0000 r8=7F06 r9=D848 r10=D8E8 r11=0494 r12=8383 r13=047C r14=0000 r15=43E8
t=74.623159250 pc=00020920 fcw=D8E8 r0=0103 r1=010F r2=0000 r3=12F8 r4=3D00 r5=2FFC r6=0000 r7=0000 r8=7F06 r9=D848 r10=D8E8 r11=0494 r12=8383 r13=047C r14=0000 r15=43E8
t=74.623160750 pc=00020912 fcw=D8E8 r0=0103 r1=010F r2=0000 r3=12F8 r4=3D00 r5=2FFC r6=0000 r7=0000 r8=7F06 r9=D848 r10=D8E8 r11=0494 r12=8383 r13=047C r14=0000 r15=43E8
t=74.623162500 pc=00020914 fcw=D8E8 r0=0103 r1=010F r2=0000 r3=12F8 r4=3D00 r5=2FFC r6=0000 r7=0000 r8=7F06 r9=D848 r10=D8E8 r11=0494 r12=8383 r13=047C r14=0000 r15=43E8
t=74.623164250 pc=00020916 fcw=D8E8 r0=0103 r1=010F r2=0000 r3=12F8 r4=3D00 r5=2FFC r6=0000 r7=0000 r8=7F06 r9=D848 r10=D8E8 r11=0494 r12=8383 r13=047C r14=0000 r15=43E8
t=74.623167750 pc=0002091A fcw=D8E8 r0=0103 r1=010F r2=0000 r3=12F8 r4=3D00 r5=2FFC r6=0000 r7=0000 r8=7F06 r9=D848 r10=D8E8 r11=0494 r12=8383 r13=047C r14=0000 r15=43E8
t=74.623169750 pc=0002091C fcw=D8E8 r0=0103 r1=010F r2=0000 r3=12F8 r4=3D00 r5=2FFC r6=0000 r7=0000 r8=7F06 r9=D848 r10=D8E8 r11=0494 r12=8383 r13=047C r14=0000 r15=43E8
t=74.623171250 pc=0002091E fcw=D8E8 r0=010F r1=0103 r2=0000 r3=12F8 r4=3D00 r5=2FFC r6=0000 r7=0000 r8=7F06 r9=D848 r10=D8E8 r11=0494 r12=8383 r13=047C r14=0000 r15=43E8
t=74.623174000 pc=00020920 fcw=D8E8 r0=010F r1=0103 r2=0000 r3=12F8 r4=3D00 r5=2FFC r6=0000 r7=0000 r8=7F06 r9=D848 r10=D8E8 r11=0494 r12=8383 r13=047C r14=0000 r15=43E8
t=74.623175500 pc=00020912 fcw=D8E8 r0=010F r1=0103 r2=0000 r3=12F8 r4=3D00 r5=2FFC r6=0000 r7=0000 r8=7F06 r9=D848 r10=D8E8 r11=0494 r12=8383 r13=047C r14=0000 r15=43E8
t=74.623177250 pc=00020914 fcw=D8E8 r0=010F r1=0103 r2=0000 r3=12F8 r4=3D00 r5=2FFC r6=0000 r7=0000 r8=7F06 r9=D848 r10=D8E8 r11=0494 r12=8383 r13=047C r14=0000 r15=43E8
t=74.623179000 pc=00020916 fcw=D8E8 r0=010F r1=0103 r2=0000 r3=12F8 r4=3D00 r5=2FFC r6=0000 r7=0000 r8=7F06 r9=D848 r10=D8E8 r11=0494 r12=8383 r13=047C r14=0000 r15=43E8
t=74.623182500 pc=0002091A fcw=D8E8 r0=010F r1=0103 r2=0000 r3=12F8 r4=3D00 r5=2FFC r6=0000 r7=0000 r8=7F06 r9=D848 r10=D8E8 r11=0494 r12=8383 r13=047C r14=0000 r15=43E8
t=74.623184500 pc=0002091C fcw=D8E8 r0=010F r1=0103 r2=0000 r3=12F8 r4=3D00 r5=2FFC r6=0000 r7=0000 r8=7F06 r9=D848 r10=D8E8 r11=0494 r12=8383 r13=047C r14=0000 r15=43E8
t=74.623186000 pc=0002091E fcw=D8E8 r0=0103 r1=010F r2=0000 r3=12F8 r4=3D00 r5=2FFC r6=0000 r7=0000 r8=7F06 r9=D848 r10=D8E8 r11=0494 r12=8383 r13=047C r14=0000 r15=43E8
t=74.623188750 pc=00020920 fcw=D8E8 r0=0103 r1=010F r2=0000 r3=12F8 r4=3D00 r5=2FFC r6=0000 r7=0000 r8=7F06 r9=D848 r10=D8E8 r11=0494 r12=8383 r13=047C r14=0000 r15=43E8
t=74.623190250 pc=00020912 fcw=D8E8 r0=0103 r1=010F r2=0000 r3=12F8 r4=3D00 r5=2FFC r6=0000 r7=0000 r8=7F06 r9=D848 r10=D8E8 r11=0494 r12=8383 r13=047C r14=0000 r15=43E8
t=74.623192000 pc=00020914 fcw=D8E8 r0=0103 r1=010F r2=0000 r3=12F8 r4=3D00 r5=2FFC r6=0000 r7=0000 r8=7F06 r9=D848 r10=D8E8 r11=0494 r12=8383 r13=047C r14=0000 r15=43E8
t=74.623193750 pc=00020916 fcw=D8E8 r0=0103 r1=010F r2=0000 r3=12F8 r4=3D00 r5=2FFC r6=0000 r7=0000 r8=7F06 r9=D848 r10=D8E8 r11=0494 r12=8383 r13=047C r14=0000 r15=43E8
t=74.623197250 pc=0002091A fcw=D8E8 r0=0103 r1=010F r2=0000 r3=12F8 r4=3D00 r5=2FFC r6=0000 r7=0000 r8=7F06 r9=D848 r10=D8E8 r11=0494 r12=8383 r13=047C r14=0000 r15=43E8
t=74.623199250 pc=0002091C fcw=D8E8 r0=0103 r1=010F r2=0000 r3=12F8 r4=3D00 r5=2FFC r6=0000 r7=0000 r8=7F06 r9=D848 r10=D8E8 r11=0494 r12=8383 r13=047C r14=0000 r15=43E8
t=74.623200750 pc=0002091E fcw=D8E8 r0=010F r1=0103 r2=0000 r3=12F8 r4=3D00 r5=2FFC r6=0000 r7=0000 r8=7F06 r9=D848 r10=D8E8 r11=0494 r12=8383 r13=047C r14=0000 r15=43E8
t=74.623203500 pc=00020920 fcw=D8E8 r0=010F r1=0103 r2=0000 r3=12F8 r4=3D00 r5=2FFC r6=0000 r7=0000 r8=7F06 r9=D848 r10=D8E8 r11=0494 r12=8383 r13=047C r14=0000 r15=43E8
t=74.623205000 pc=00020912 fcw=D8E8 r0=010F r1=0103 r2=0000 r3=12F8 r4=3D00 r5=2FFC r6=0000 r7=0000 r8=7F06 r9=D848 r10=D8E8 r11=0494 r12=8383 r13=047C r14=0000 r15=43E8
t=74.623206750 pc=00020914 fcw=D8E8 r0=010F r1=0103 r2=0000 r3=12F8 r4=3D00 r5=2FFC r6=0000 r7=0000 r8=7F06 r9=D848 r10=D8E8 r11=0494 r12=8383 r13=047C r14=0000 r15=43E8
t=74.623208500 pc=00020916 fcw=D8E8 r0=010F r1=0103 r2=0000 r3=12F8 r4=3D00 r5=2FFC r6=0000 r7=0000 r8=7F06 r9=D848 r10=D8E8 r11=0494 r12=8383 r13=047C r14=0000 r15=43E8
t=74.623212000 pc=0002091A fcw=D8E8 r0=010F r1=0103 r2=0000 r3=12F8 r4=3D00 r5=2FFC r6=0000 r7=0000 r8=7F06 r9=D848 r10=D8E8 r11=0494 r12=8383 r13=047C r14=0000 r15=43E8
t=74.623214000 pc=0002091C fcw=D8E8 r0=010F r1=0103 r2=0000 r3=12F8 r4=3D00 r5=2FFC r6=0000 r7=0000 r8=7F06 r9=D848 r10=D8E8 r11=0494 r12=8383 r13=047C r14=0000 r15=43E8
t=74.623215500 pc=0002091E fcw=D8E8 r0=0103 r1=010F r2=0000 r3=12F8 r4=3D00 r5=2FFC r6=0000 r7=0000 r8=7F06 r9=D848 r10=D8E8 r11=0494 r12=8383 r13=047C r14=0000 r15=43E8
t=74.623218250 pc=00020920 fcw=D8E8 r0=0103 r1=010F r2=0000 r3=12F8 r4=3D00 r5=2FFC r6=0000 r7=0000 r8=7F06 r9=D848 r10=D8E8 r11=0494 r12=8383 r13=047C r14=0000 r15=43E8
t=74.623219750 pc=00020912 fcw=D8E8 r0=0103 r1=010F r2=0000 r3=12F8 r4=3D00 r5=2FFC r6=0000 r7=0000 r8=7F06 r9=D848 r10=D8E8 r11=0494 r12=8383 r13=047C r14=0000 r15=43E8
t=74.623221500 pc=00020914 fcw=D8E8 r0=0103 r1=010F r2=0000 r3=12F8 r4=3D00 r5=2FFC r6=0000 r7=0000 r8=7F06 r9=D848 r10=D8E8 r11=0494 r12=8383 r13=047C r14=0000 r15=43E8
t=74.623223250 pc=00020916 fcw=D8E8 r0=0103 r1=010F r2=0000 r3=12F8 r4=3D00 r5=2FFC r6=0000 r7=0000 r8=7F06 r9=D848 r10=D8E8 r11=0494 r12=8383 r13=047C r14=0000 r15=43E8
t=74.623226750 pc=0002091A fcw=D8E8 r0=0103 r1=010F r2=0000 r3=12F8 r4=3D00 r5=2FFC r6=0000 r7=0000 r8=7F06 r9=D848 r10=D8E8 r11=0494 r12=8383 r13=047C r14=0000 r15=43E8
t=74.623228750 pc=0002091C fcw=D8E8 r0=0103 r1=010F r2=0000 r3=12F8 r4=3D00 r5=2FFC r6=0000 r7=0000 r8=7F06 r9=D848 r10=D8E8 r11=0494 r12=8383 r13=047C r14=0000 r15=43E8
t=74.623230250 pc=0002091E fcw=D8E8 r0=010F r1=0103 r2=0000 r3=12F8 r4=3D00 r5=2FFC r6=0000 r7=0000 r8=7F06 r9=D848 r10=D8E8 r11=0494 r12=8383 r13=047C r14=0000 r15=43E8
t=74.623233000 pc=00020920 fcw=D8E8 r0=010F r1=0103 r2=0000 r3=12F8 r4=3D00 r5=2FFC r6=0000 r7=0000 r8=7F06 r9=D848 r10=D8E8 r11=0494 r12=8383 r13=047C r14=0000 r15=43E8
t=74.623234500 pc=00020912 fcw=D8E8 r0=010F r1=0103 r2=0000 r3=12F8 r4=3D00 r5=2FFC r6=0000 r7=0000 r8=7F06 r9=D848 r10=D8E8 r11=0494 r12=8383 r13=047C r14=0000 r15=43E8
t=74.623236250 pc=00020914 fcw=D8E8 r0=010F r1=0103 r2=0000 r3=12F8 r4=3D00 r5=2FFC r6=0000 r7=0000 r8=7F06 r9=D848 r10=D8E8 r11=0494 r12=8383 r13=047C r14=0000 r15=43E8
t=74.623238000 pc=00020916 fcw=D8E8 r0=010F r1=0103 r2=0000 r3=12F8 r4=3D00 r5=2FFC r6=0000 r7=0000 r8=7F06 r9=D848 r10=D8E8 r11=0494 r12=8383 r13=047C r14=0000 r15=43E8
t=74.623241500 pc=0002091A fcw=D8E8 r0=010F r1=0103 r2=0000 r3=12F8 r4=3D00 r5=2FFC r6=0000 r7=0000 r8=7F06 r9=D848 r10=D8E8 r11=0494 r12=8383 r13=047C r14=0000 r15=43E8
t=74.623243500 pc=0002091C fcw=D8E8 r0=010F r1=0103 r2=0000 r3=12F8 r4=3D00 r5=2FFC r6=0000 r7=0000 r8=7F06 r9=D848 r10=D8E8 r11=0494 r12=8383 r13=047C r14=0000 r15=43E8
t=74.623245000 pc=0002091E fcw=D8E8 r0=0103 r1=010F r2=0000 r3=12F8 r4=3D00 r5=2FFC r6=0000 r7=0000 r8=7F06 r9=D848 r10=D8E8 r11=0494 r12=8383 r13=047C r14=0000 r15=43E8
t=74.623247750 pc=00020920 fcw=D8E8 r0=0103 r1=010F r2=0000 r3=12F8 r4=3D00 r5=2FFC r6=0000 r7=0000 r8=7F06 r9=D848 r10=D8E8 r11=0494 r12=8383 r13=047C r14=0000 r15=43E8
t=74.623249250 pc=00020912 fcw=D8E8 r0=0103 r1=010F r2=0000 r3=12F8 r4=3D00 r5=2FFC r6=0000 r7=0000 r8=7F06 r9=D848 r10=D8E8 r11=0494 r12=8383 r13=047C r14=0000 r15=43E8
t=74.623251000 pc=00020914 fcw=D8E8 r0=0103 r1=010F r2=0000 r3=12F8 r4=3D00 r5=2FFC r6=0000 r7=0000 r8=7F06 r9=D848 r10=D8E8 r11=0494 r12=8383 r13=047C r14=0000 r15=43E8
t=74.623252750 pc=00020916 fcw=D8E8 r0=0103 r1=010F r2=0000 r3=12F8 r4=3D00 r5=2FFC r6=0000 r7=0000 r8=7F06 r9=D848 r10=D8E8 r11=0494 r12=8383 r13=047C r14=0000 r15=43E8
t=74.623256250 pc=0002091A fcw=D8E8 r0=0103 r1=010F r2=0000 r3=12F8 r4=3D00 r5=2FFC r6=0000 r7=0000 r8=7F06 r9=D848 r10=D8E8 r11=0494 r12=8383 r13=047C r14=0000 r15=43E8
t=74.623258250 pc=0002091C fcw=D8E8 r0=0103 r1=010F r2=0000 r3=12F8 r4=3D00 r5=2FFC r6=0000 r7=0000 r8=7F06 r9=D848 r10=D8E8 r11=0494 r12=8383 r13=047C r14=0000 r15=43E8
t=74.623259750 pc=0002091E fcw=D8E8 r0=010F r1=0103 r2=0000 r3=12F8 r4=3D00 r5=2FFC r6=0000 r7=0000 r8=7F06 r9=D848 r10=D8E8 r11=0494 r12=8383 r13=047C r14=0000 r15=43E8
t=74.623262500 pc=00020920 fcw=D8E8 r0=010F r1=0103 r2=0000 r3=12F8 r4=3D00 r5=2FFC r6=0000 r7=0000 r8=7F06 r9=D848 r10=D8E8 r11=0494 r12=8383 r13=047C r14=0000 r15=43E8
t=74.623264000 pc=00020912 fcw=D8E8 r0=010F r1=0103 r2=0000 r3=12F8 r4=3D00 r5=2FFC r6=0000 r7=0000 r8=7F06 r9=D848 r10=D8E8 r11=0494 r12=8383 r13=047C r14=0000 r15=43E8
t=74.623265750 pc=00020914 fcw=D8E8 r0=010F r1=0103 r2=0000 r3=12F8 r4=3D00 r5=2FFC r6=0000 r7=0000 r8=7F06 r9=D848 r10=D8E8 r11=0494 r12=8383 r13=047C r14=0000 r15=43E8
t=74.623267500 pc=00020916 fcw=D8E8 r0=010F r1=0103 r2=0000 r3=12F8 r4=3D00 r5=2FFC r6=0000 r7=0000 r8=7F06 r9=D848 r10=D8E8 r11=0494 r12=8383 r13=047C r14=0000 r15=43E8
t=74.623271000 pc=0002091A fcw=D8E8 r0=010F r1=0103 r2=0000 r3=12F8 r4=3D00 r5=2FFC r6=0000 r7=0000 r8=7F06 r9=D848 r10=D8E8 r11=0494 r12=8383 r13=047C r14=0000 r15=43E8
t=74.623273000 pc=0002091C fcw=D8E8 r0=010F r1=0103 r2=0000 r3=12F8 r4=3D00 r5=2FFC r6=0000 r7=0000 r8=7F06 r9=D848 r10=D8E8 r11=0494 r12=8383 r13=047C r14=0000 r15=43E8
t=74.623274500 pc=0002091E fcw=D8E8 r0=0103 r1=010F r2=0000 r3=12F8 r4=3D00 r5=2FFC r6=0000 r7=0000 r8=7F06 r9=D848 r10=D8E8 r11=0494 r12=8383 r13=047C r14=0000 r15=43E8
t=74.623277250 pc=00020920 fcw=D8E8 r0=0103 r1=010F r2=0000 r3=12F8 r4=3D00 r5=2FFC r6=0000 r7=0000 r8=7F06 r9=D848 r10=D8E8 r11=0494 r12=8383 r13=047C r14=0000 r15=43E8
t=74.623278750 pc=00020912 fcw=D8E8 r0=0103 r1=010F r2=0000 r3=12F8 r4=3D00 r5=2FFC r6=0000 r7=0000 r8=7F06 r9=D848 r10=D8E8 r11=0494 r12=8383 r13=047C r14=0000 r15=43E8
t=74.623280500 pc=00020914 fcw=D8E8 r0=0103 r1=010F r2=0000 r3=12F8 r4=3D00 r5=2FFC r6=0000 r7=0000 r8=7F06 r9=D848 r10=D8E8 r11=0494 r12=8383 r13=047C r14=0000 r15=43E8
t=74.623282250 pc=00020916 fcw=D8E8 r0=0103 r1=010F r2=0000 r3=12F8 r4=3D00 r5=2FFC r6=0000 r7=0000 r8=7F06 r9=D848 r10=D8E8 r11=0494 r12=8383 r13=047C r14=0000 r15=43E8
t=74.623285750 pc=0002091A fcw=D8E8 r0=0103 r1=010F r2=0000 r3=12F8 r4=3D00 r5=2FFC r6=0000 r7=0000 r8=7F06 r9=D848 r10=D8E8 r11=0494 r12=8383 r13=047C r14=0000 r15=43E8
t=74.623287750 pc=0002091C fcw=D8E8 r0=0103 r1=010F r2=0000 r3=12F8 r4=3D00 r5=2FFC r6=0000 r7=0000 r8=7F06 r9=D848 r10=D8E8 r11=0494 r12=8383 r13=047C r14=0000 r15=43E8
t=74.623289250 pc=0002091E fcw=D8E8 r0=010F r1=0103 r2=0000 r3=12F8 r4=3D00 r5=2FFC r6=0000 r7=0000 r8=7F06 r9=D848 r10=D8E8 r11=0494 r12=8383 r13=047C r14=0000 r15=43E8
t=74.623292000 pc=00020920 fcw=D8E8 r0=010F r1=0103 r2=0000 r3=12F8 r4=3D00 r5=2FFC r6=0000 r7=0000 r8=7F06 r9=D848 r10=D8E8 r11=0494 r12=8383 r13=047C r14=0000 r15=43E8
t=74.623293500 pc=00020912 fcw=D8E8 r0=010F r1=0103 r2=0000 r3=12F8 r4=3D00 r5=2FFC r6=0000 r7=0000 r8=7F06 r9=D848 r10=D8E8 r11=0494 r12=8383 r13=047C r14=0000 r15=43E8
t=74.623295250 pc=00020914 fcw=D8E8 r0=010F r1=0103 r2=0000 r3=12F8 r4=3D00 r5=2FFC r6=0000 r7=0000 r8=7F06 r9=D848 r10=D8E8 r11=0494 r12=8383 r13=047C r14=0000 r15=43E8
t=74.623297000 pc=00020916 fcw=D8E8 r0=010F r1=0103 r2=0000 r3=12F8 r4=3D00 r5=2FFC r6=0000 r7=0000 r8=7F06 r9=D848 r10=D8E8 r11=0494 r12=8383 r13=047C r14=0000 r15=43E8
t=74.623300500 pc=0002091A fcw=D8E8 r0=010F r1=0103 r2=0000 r3=12F8 r4=3D00 r5=2FFC r6=0000 r7=0000 r8=7F06 r9=D848 r10=D8E8 r11=0494 r12=8383 r13=047C r14=0000 r15=43E8
t=74.623302500 pc=0002091C fcw=D8E8 r0=010F r1=0103 r2=0000 r3=12F8 r4=3D00 r5=2FFC r6=0000 r7=0000 r8=7F06 r9=D848 r10=D8E8 r11=0494 r12=8383 r13=047C r14=0000 r15=43E8
t=74.623304000 pc=0002091E fcw=D8E8 r0=0103 r1=010F r2=0000 r3=12F8 r4=3D00 r5=2FFC r6=0000 r7=0000 r8=7F06 r9=D848 r10=D8E8 r11=0494 r12=8383 r13=047C r14=0000 r15=43E8
t=74.623306750 pc=00020920 fcw=D8E8 r0=0103 r1=010F r2=0000 r3=12F8 r4=3D00 r5=2FFC r6=0000 r7=0000 r8=7F06 r9=D848 r10=D8E8 r11=0494 r12=8383 r13=047C r14=0000 r15=43E8
t=74.623308250 pc=00020912 fcw=D8E8 r0=0103 r1=010F r2=0000 r3=12F8 r4=3D00 r5=2FFC r6=0000 r7=0000 r8=7F06 r9=D848 r10=D8E8 r11=0494 r12=8383 r13=047C r14=0000 r15=43E8
t=74.623310000 pc=00020914 fcw=D8E8 r0=0103 r1=010F r2=0000 r3=12F8 r4=3D00 r5=2FFC r6=0000 r7=0000 r8=7F06 r9=D848 r10=D8E8 r11=0494 r12=8383 r13=047C r14=0000 r15=43E8
t=74.623311750 pc=00020916 fcw=D8E8 r0=0103 r1=010F r2=0000 r3=12F8 r4=3D00 r5=2FFC r6=0000 r7=0000 r8=7F06 r9=D848 r10=D8E8 r11=0494 r12=8383 r13=047C r14=0000 r15=43E8
t=74.623315250 pc=0002091A fcw=D8E8 r0=0103 r1=010F r2=0000 r3=12F8 r4=3D00 r5=2FFC r6=0000 r7=0000 r8=7F06 r9=D848 r10=D8E8 r11=0494 r12=8383 r13=047C r14=0000 r15=43E8
t=74.623317250 pc=0002091C fcw=D8E8 r0=0103 r1=010F r2=0000 r3=12F8 r4=3D00 r5=2FFC r6=0000 r7=0000 r8=7F06 r9=D848 r10=D8E8 r11=0494 r12=8383 r13=047C r14=0000 r15=43E8
t=74.623318750 pc=0002091E fcw=D8E8 r0=010F r1=0103 r2=0000 r3=12F8 r4=3D00 r5=2FFC r6=0000 r7=0000 r8=7F06 r9=D848 r10=D8E8 r11=0494 r12=8383 r13=047C r14=0000 r15=43E8
t=74.623321500 pc=00020920 fcw=D8E8 r0=010F r1=0103 r2=0000 r3=12F8 r4=3D00 r5=2FFC r6=0000 r7=0000 r8=7F06 r9=D848 r10=D8E8 r11=0494 r12=8383 r13=047C r14=0000 r15=43E8
t=74.623323000 pc=00020912 fcw=D8E8 r0=010F r1=0103 r2=0000 r3=12F8 r4=3D00 r5=2FFC r6=0000 r7=0000 r8=7F06 r9=D848 r10=D8E8 r11=0494 r12=8383 r13=047C r14=0000 r15=43E8
t=74.623324750 pc=00020914 fcw=D8E8 r0=010F r1=0103 r2=0000 r3=12F8 r4=3D00 r5=2FFC r6=0000 r7=0000 r8=7F06 r9=D848 r10=D8E8 r11=0494 r12=8383 r13=047C r14=0000 r15=43E8
t=74.623326500 pc=00020916 fcw=D8E8 r0=010F r1=0103 r2=0000 r3=12F8 r4=3D00 r5=2FFC r6=0000 r7=0000 r8=7F06 r9=D848 r10=D8E8 r11=0494 r12=8383 r13=047C r14=0000 r15=43E8
t=74.623330000 pc=0002091A fcw=D8E8 r0=010F r1=0103 r2=0000 r3=12F8 r4=3D00 r5=2FFC r6=0000 r7=0000 r8=7F06 r9=D848 r10=D8E8 r11=0494 r12=8383 r13=047C r14=0000 r15=43E8
t=74.623332000 pc=0002091C fcw=D8E8 r0=010F r1=0103 r2=0000 r3=12F8 r4=3D00 r5=2FFC r6=0000 r7=0000 r8=7F06 r9=D848 r10=D8E8 r11=0494 r12=8383 r13=047C r14=0000 r15=43E8
t=74.623333500 pc=0002091E fcw=D8E8 r0=0103 r1=010F r2=0000 r3=12F8 r4=3D00 r5=2FFC r6=0000 r7=0000 r8=7F06 r9=D848 r10=D8E8 r11=0494 r12=8383 r13=047C r14=0000 r15=43E8
t=74.623336250 pc=00020920 fcw=D8E8 r0=0103 r1=010F r2=0000 r3=12F8 r4=3D00 r5=2FFC r6=0000 r7=0000 r8=7F06 r9=D848 r10=D8E8 r11=0494 r12=8383 r13=047C r14=0000 r15=43E8
t=74.623337750 pc=00020912 fcw=D8E8 r0=0103 r1=010F r2=0000 r3=12F8 r4=3D00 r5=2FFC r6=0000 r7=0000 r8=7F06 r9=D848 r10=D8E8 r11=0494 r12=8383 r13=047C r14=0000 r15=43E8
t=74.623339500 pc=00020914 fcw=D8E8 r0=0103 r1=010F r2=0000 r3=12F8 r4=3D00 r5=2FFC r6=0000 r7=0000 r8=7F06 r9=D848 r10=D8E8 r11=0494 r12=8383 r13=047C r14=0000 r15=43E8
t=74.623341250 pc=00020916 fcw=D8E8 r0=0103 r1=010F r2=0000 r3=12F8 r4=3D00 r5=2FFC r6=0000 r7=0000 r8=7F06 r9=D848 r10=D8E8 r11=0494 r12=8383 r13=047C r14=0000 r15=43E8
t=74.623344750 pc=0002091A fcw=D8E8 r0=0103 r1=010F r2=0000 r3=12F8 r4=3D00 r5=2FFC r6=0000 r7=0000 r8=7F06 r9=D848 r10=D8E8 r11=0494 r12=8383 r13=047C r14=0000 r15=43E8
t=74.623346750 pc=0002091C fcw=D8E8 r0=0103 r1=010F r2=0000 r3=12F8 r4=3D00 r5=2FFC r6=0000 r7=0000 r8=7F06 r9=D848 r10=D8E8 r11=0494 r12=8383 r13=047C r14=0000 r15=43E8
t=74.623348250 pc=0002091E fcw=D8E8 r0=010F r1=0103 r2=0000 r3=12F8 r4=3D00 r5=2FFC r6=0000 r7=0000 r8=7F06 r9=D848 r10=D8E8 r11=0494 r12=8383 r13=047C r14=0000 r15=43E8
t=74.623351000 pc=00020920 fcw=D8E8 r0=010F r1=0103 r2=0000 r3=12F8 r4=3D00 r5=2FFC r6=0000 r7=0000 r8=7F06 r9=D848 r10=D8E8 r11=0494 r12=8383 r13=047C r14=0000 r15=43E8
t=74.623352500 pc=00020912 fcw=D8E8 r0=010F r1=0103 r2=0000 r3=12F8 r4=3D00 r5=2FFC r6=0000 r7=0000 r8=7F06 r9=D848 r10=D8E8 r11=0494 r12=8383 r13=047C r14=0000 r15=43E8
t=74.623354250 pc=00020914 fcw=D8E8 r0=010F r1=0103 r2=0000 r3=12F8 r4=3D00 r5=2FFC r6=0000 r7=0000 r8=7F06 r9=D848 r10=D8E8 r11=0494 r12=8383 r13=047C r14=0000 r15=43E8
t=74.623356000 pc=00020916 fcw=D8E8 r0=010F r1=0103 r2=0000 r3=12F8 r4=3D00 r5=2FFC r6=0000 r7=0000 r8=7F06 r9=D848 r10=D8E8 r11=0494 r12=8383 r13=047C r14=0000 r15=43E8
t=74.623359500 pc=0002091A fcw=D8E8 r0=010F r1=0103 r2=0000 r3=12F8 r4=3D00 r5=2FFC r6=0000 r7=0000 r8=7F06 r9=D848 r10=D8E8 r11=0494 r12=8383 r13=047C r14=0000 r15=43E8
t=74.623361500 pc=0002091C fcw=D8E8 r0=010F r1=0103 r2=0000 r3=12F8 r4=3D00 r5=2FFC r6=0000 r7=0000 r8=7F06 r9=D848 r10=D8E8 r11=0494 r12=8383 r13=047C r14=0000 r15=43E8
t=74.623363000 pc=0002091E fcw=D8E8 r0=0103 r1=010F r2=0000 r3=12F8 r4=3D00 r5=2FFC r6=0000 r7=0000 r8=7F06 r9=D848 r10=D8E8 r11=0494 r12=8383 r13=047C r14=0000 r15=43E8
t=74.623365750 pc=00020920 fcw=D8E8 r0=0103 r1=010F r2=0000 r3=12F8 r4=3D00 r5=2FFC r6=0000 r7=0000 r8=7F06 r9=D848 r10=D8E8 r11=0494 r12=8383 r13=047C r14=0000 r15=43E8
t=74.623367250 pc=00020912 fcw=D8E8 r0=0103 r1=010F r2=0000 r3=12F8 r4=3D00 r5=2FFC r6=0000 r7=0000 r8=7F06 r9=D848 r10=D8E8 r11=0494 r12=8383 r13=047C r14=0000 r15=43E8
t=74.623369000 pc=00020914 fcw=D8E8 r0=0103 r1=010F r2=0000 r3=12F8 r4=3D00 r5=2FFC r6=0000 r7=0000 r8=7F06 r9=D848 r10=D8E8 r11=0494 r12=8383 r13=047C r14=0000 r15=43E8
t=74.623370750 pc=00020916 fcw=D8E8 r0=0103 r1=010F r2=0000 r3=12F8 r4=3D00 r5=2FFC r6=0000 r7=0000 r8=7F06 r9=D848 r10=D8E8 r11=0494 r12=8383 r13=047C r14=0000 r15=43E8
t=74.623374250 pc=0002091A fcw=D8E8 r0=0103 r1=010F r2=0000 r3=12F8 r4=3D00 r5=2FFC r6=0000 r7=0000 r8=7F06 r9=D848 r10=D8E8 r11=0494 r12=8383 r13=047C r14=0000 r15=43E8
t=74.623376250 pc=0002091C fcw=D8E8 r0=0103 r1=010F r2=0000 r3=12F8 r4=3D00 r5=2FFC r6=0000 r7=0000 r8=7F06 r9=D848 r10=D8E8 r11=0494 r12=8383 r13=047C r14=0000 r15=43E8
t=74.623377750 pc=0002091E fcw=D8E8 r0=010F r1=0103 r2=0000 r3=12F8 r4=3D00 r5=2FFC r6=0000 r7=0000 r8=7F06 r9=D848 r10=D8E8 r11=0494 r12=8383 r13=047C r14=0000 r15=43E8
t=74.623380500 pc=00020920 fcw=D8E8 r0=010F r1=0103 r2=0000 r3=12F8 r4=3D00 r5=2FFC r6=0000 r7=0000 r8=7F06 r9=D848 r10=D8E8 r11=0494 r12=8383 r13=047C r14=0000 r15=43E8
t=74.623382000 pc=00020912 fcw=D8E8 r0=010F r1=0103 r2=0000 r3=12F8 r4=3D00 r5=2FFC r6=0000 r7=0000 r8=7F06 r9=D848 r10=D8E8 r11=0494 r12=8383 r13=047C r14=0000 r15=43E8
t=74.623383750 pc=00020914 fcw=D8E8 r0=010F r1=0103 r2=0000 r3=12F8 r4=3D00 r5=2FFC r6=0000 r7=0000 r8=7F06 r9=D848 r10=D8E8 r11=0494 r12=8383 r13=047C r14=0000 r15=43E8
t=74.623385500 pc=00020916 fcw=D8E8 r0=010F r1=0103 r2=0000 r3=12F8 r4=3D00 r5=2FFC r6=0000 r7=0000 r8=7F06 r9=D848 r10=D8E8 r11=0494 r12=8383 r13=047C r14=0000 r15=43E8
t=74.623389000 pc=0002091A fcw=D8E8 r0=010F r1=0103 r2=0000 r3=12F8 r4=3D00 r5=2FFC r6=0000 r7=0000 r8=7F06 r9=D848 r10=D8E8 r11=0494 r12=8383 r13=047C r14=0000 r15=43E8
t=74.623391000 pc=0002091C fcw=D8E8 r0=010F r1=0103 r2=0000 r3=12F8 r4=3D00 r5=2FFC r6=0000 r7=0000 r8=7F06 r9=D848 r10=D8E8 r11=0494 r12=8383 r13=047C r14=0000 r15=43E8
t=74.623392500 pc=0002091E fcw=D8E8 r0=0103 r1=010F r2=0000 r3=12F8 r4=3D00 r5=2FFC r6=0000 r7=0000 r8=7F06 r9=D848 r10=D8E8 r11=0494 r12=8383 r13=047C r14=0000 r15=43E8
t=74.623395250 pc=00020920 fcw=D8E8 r0=0103 r1=010F r2=0000 r3=12F8 r4=3D00 r5=2FFC r6=0000 r7=0000 r8=7F06 r9=D848 r10=D8E8 r11=0494 r12=8383 r13=047C r14=0000 r15=43E8
t=74.623396750 pc=00020912 fcw=D8E8 r0=0103 r1=010F r2=0000 r3=12F8 r4=3D00 r5=2FFC r6=0000 r7=0000 r8=7F06 r9=D848 r10=D8E8 r11=0494 r12=8383 r13=047C r14=0000 r15=43E8
t=74.623398500 pc=00020914 fcw=D8E8 r0=0103 r1=010F r2=0000 r3=12F8 r4=3D00 r5=2FFC r6=0000 r7=0000 r8=7F06 r9=D848 r10=D8E8 r11=0494 r12=8383 r13=047C r14=0000 r15=43E8
t=74.623400250 pc=00020916 fcw=D8E8 r0=0103 r1=010F r2=0000 r3=12F8 r4=3D00 r5=2FFC r6=0000 r7=0000 r8=7F06 r9=D848 r10=D8E8 r11=0494 r12=8383 r13=047C r14=0000 r15=43E8
t=74.623403750 pc=0002091A fcw=D8E8 r0=0103 r1=010F r2=0000 r3=12F8 r4=3D00 r5=2FFC r6=0000 r7=0000 r8=7F06 r9=D848 r10=D8E8 r11=0494 r12=8383 r13=047C r14=0000 r15=43E8
t=74.623405750 pc=0002091C fcw=D8E8 r0=0103 r1=010F r2=0000 r3=12F8 r4=3D00 r5=2FFC r6=0000 r7=0000 r8=7F06 r9=D848 r10=D8E8 r11=0494 r12=8383 r13=047C r14=0000 r15=43E8
t=74.623407250 pc=0002091E fcw=D8E8 r0=010F r1=0103 r2=0000 r3=12F8 r4=3D00 r5=2FFC r6=0000 r7=0000 r8=7F06 r9=D848 r10=D8E8 r11=0494 r12=8383 r13=047C r14=0000 r15=43E8
t=74.623410000 pc=00020920 fcw=D8E8 r0=010F r1=0103 r2=0000 r3=12F8 r4=3D00 r5=2FFC r6=0000 r7=0000 r8=7F06 r9=D848 r10=D8E8 r11=0494 r12=8383 r13=047C r14=0000 r15=43E8
t=74.623411500 pc=00020912 fcw=D8E8 r0=010F r1=0103 r2=0000 r3=12F8 r4=3D00 r5=2FFC r6=0000 r7=0000 r8=7F06 r9=D848 r10=D8E8 r11=0494 r12=8383 r13=047C r14=0000 r15=43E8
t=74.623413250 pc=00020914 fcw=D8E8 r0=010F r1=0103 r2=0000 r3=12F8 r4=3D00 r5=2FFC r6=0000 r7=0000 r8=7F06 r9=D848 r10=D8E8 r11=0494 r12=8383 r13=047C r14=0000 r15=43E8
t=74.623415000 pc=00020916 fcw=D8E8 r0=010F r1=0103 r2=0000 r3=12F8 r4=3D00 r5=2FFC r6=0000 r7=0000 r8=7F06 r9=D848 r10=D8E8 r11=0494 r12=8383 r13=047C r14=0000 r15=43E8
t=74.623418500 pc=0002091A fcw=D8E8 r0=010F r1=0103 r2=0000 r3=12F8 r4=3D00 r5=2FFC r6=0000 r7=0000 r8=7F06 r9=D848 r10=D8E8 r11=0494 r12=8383 r13=047C r14=0000 r15=43E8
t=74.623420500 pc=0002091C fcw=D8E8 r0=010F r1=0103 r2=0000 r3=12F8 r4=3D00 r5=2FFC r6=0000 r7=0000 r8=7F06 r9=D848 r10=D8E8 r11=0494 r12=8383 r13=047C r14=0000 r15=43E8
t=74.623422000 pc=0002091E fcw=D8E8 r0=0103 r1=010F r2=0000 r3=12F8 r4=3D00 r5=2FFC r6=0000 r7=0000 r8=7F06 r9=D848 r10=D8E8 r11=0494 r12=8383 r13=047C r14=0000 r15=43E8
t=74.623424750 pc=00020920 fcw=D8E8 r0=0103 r1=010F r2=0000 r3=12F8 r4=3D00 r5=2FFC r6=0000 r7=0000 r8=7F06 r9=D848 r10=D8E8 r11=0494 r12=8383 r13=047C r14=0000 r15=43E8
t=74.623426250 pc=00020912 fcw=D8E8 r0=0103 r1=010F r2=0000 r3=12F8 r4=3D00 r5=2FFC r6=0000 r7=0000 r8=7F06 r9=D848 r10=D8E8 r11=0494 r12=8383 r13=047C r14=0000 r15=43E8
t=74.623428000 pc=00020914 fcw=D8E8 r0=0103 r1=010F r2=0000 r3=12F8 r4=3D00 r5=2FFC r6=0000 r7=0000 r8=7F06 r9=D848 r10=D8E8 r11=0494 r12=8383 r13=047C r14=0000 r15=43E8
t=74.623429750 pc=00020916 fcw=D8E8 r0=0103 r1=010F r2=0000 r3=12F8 r4=3D00 r5=2FFC r6=0000 r7=0000 r8=7F06 r9=D848 r10=D8E8 r11=0494 r12=8383 r13=047C r14=0000 r15=43E8
t=74.623433250 pc=0002091A fcw=D8E8 r0=0103 r1=010F r2=0000 r3=12F8 r4=3D00 r5=2FFC r6=0000 r7=0000 r8=7F06 r9=D848 r10=D8E8 r11=0494 r12=8383 r13=047C r14=0000 r15=43E8
t=74.623435250 pc=0002091C fcw=D8E8 r0=0103 r1=010F r2=0000 r3=12F8 r4=3D00 r5=2FFC r6=0000 r7=0000 r8=7F06 r9=D848 r10=D8E8 r11=0494 r12=8383 r13=047C r14=0000 r15=43E8
t=74.623436750 pc=0002091E fcw=D8E8 r0=010F r1=0103 r2=0000 r3=12F8 r4=3D00 r5=2FFC r6=0000 r7=0000 r8=7F06 r9=D848 r10=D8E8 r11=0494 r12=8383 r13=047C r14=0000 r15=43E8
t=74.623439500 pc=00020920 fcw=D8E8 r0=010F r1=0103 r2=0000 r3=12F8 r4=3D00 r5=2FFC r6=0000 r7=0000 r8=7F06 r9=D848 r10=D8E8 r11=0494 r12=8383 r13=047C r14=0000 r15=43E8
t=74.623441000 pc=00020912 fcw=D8E8 r0=010F r1=0103 r2=0000 r3=12F8 r4=3D00 r5=2FFC r6=0000 r7=0000 r8=7F06 r9=D848 r10=D8E8 r11=0494 r12=8383 r13=047C r14=0000 r15=43E8
t=74.623442750 pc=00020914 fcw=D8E8 r0=010F r1=0103 r2=0000 r3=12F8 r4=3D00 r5=2FFC r6=0000 r7=0000 r8=7F06 r9=D848 r10=D8E8 r11=0494 r12=8383 r13=047C r14=0000 r15=43E8
t=74.623444500 pc=00020916 fcw=D8E8 r0=010F r1=0103 r2=0000 r3=12F8 r4=3D00 r5=2FFC r6=0000 r7=0000 r8=7F06 r9=D848 r10=D8E8 r11=0494 r12=8383 r13=047C r14=0000 r15=43E8
t=74.623448000 pc=0002091A fcw=D8E8 r0=010F r1=0103 r2=0000 r3=12F8 r4=3D00 r5=2FFC r6=0000 r7=0000 r8=7F06 r9=D848 r10=D8E8 r11=0494 r12=8383 r13=047C r14=0000 r15=43E8
t=74.623450000 pc=0002091C fcw=D8E8 r0=010F r1=0103 r2=0000 r3=12F8 r4=3D00 r5=2FFC r6=0000 r7=0000 r8=7F06 r9=D848 r10=D8E8 r11=0494 r12=8383 r13=047C r14=0000 r15=43E8
t=74.623451500 pc=0002091E fcw=D8E8 r0=0103 r1=010F r2=0000 r3=12F8 r4=3D00 r5=2FFC r6=0000 r7=0000 r8=7F06 r9=D848 r10=D8E8 r11=0494 r12=8383 r13=047C r14=0000 r15=43E8
t=74.623454250 pc=00020920 fcw=D8E8 r0=0103 r1=010F r2=0000 r3=12F8 r4=3D00 r5=2FFC r6=0000 r7=0000 r8=7F06 r9=D848 r10=D8E8 r11=0494 r12=8383 r13=047C r14=0000 r15=43E8
t=74.623455750 pc=00020912 fcw=D8E8 r0=0103 r1=010F r2=0000 r3=12F8 r4=3D00 r5=2FFC r6=0000 r7=0000 r8=7F06 r9=D848 r10=D8E8 r11=0494 r12=8383 r13=047C r14=0000 r15=43E8
t=74.623457500 pc=00020914 fcw=D8E8 r0=0103 r1=010F r2=0000 r3=12F8 r4=3D00 r5=2FFC r6=0000 r7=0000 r8=7F06 r9=D848 r10=D8E8 r11=0494 r12=8383 r13=047C r14=0000 r15=43E8
t=74.623459250 pc=00020916 fcw=D8E8 r0=0103 r1=010F r2=0000 r3=12F8 r4=3D00 r5=2FFC r6=0000 r7=0000 r8=7F06 r9=D848 r10=D8E8 r11=0494 r12=8383 r13=047C r14=0000 r15=43E8
t=74.623462750 pc=0002091A fcw=D8E8 r0=0103 r1=010F r2=0000 r3=12F8 r4=3D00 r5=2FFC r6=0000 r7=0000 r8=7F06 r9=D848 r10=D8E8 r11=0494 r12=8383 r13=047C r14=0000 r15=43E8
t=74.623464750 pc=0002091C fcw=D8E8 r0=0103 r1=010F r2=0000 r3=12F8 r4=3D00 r5=2FFC r6=0000 r7=0000 r8=7F06 r9=D848 r10=D8E8 r11=0494 r12=8383 r13=047C r14=0000 r15=43E8
t=74.623466250 pc=0002091E fcw=D8E8 r0=010F r1=0103 r2=0000 r3=12F8 r4=3D00 r5=2FFC r6=0000 r7=0000 r8=7F06 r9=D848 r10=D8E8 r11=0494 r12=8383 r13=047C r14=0000 r15=43E8
t=74.623469000 pc=00020920 fcw=D8E8 r0=010F r1=0103 r2=0000 r3=12F8 r4=3D00 r5=2FFC r6=0000 r7=0000 r8=7F06 r9=D848 r10=D8E8 r11=0494 r12=8383 r13=047C r14=0000 r15=43E8
t=74.623470500 pc=00020912 fcw=D8E8 r0=010F r1=0103 r2=0000 r3=12F8 r4=3D00 r5=2FFC r6=0000 r7=0000 r8=7F06 r9=D848 r10=D8E8 r11=0494 r12=8383 r13=047C r14=0000 r15=43E8
t=74.623472250 pc=00020914 fcw=D8E8 r0=010F r1=0103 r2=0000 r3=12F8 r4=3D00 r5=2FFC r6=0000 r7=0000 r8=7F06 r9=D848 r10=D8E8 r11=0494 r12=8383 r13=047C r14=0000 r15=43E8
t=74.623474000 pc=00020916 fcw=D8E8 r0=010F r1=0103 r2=0000 r3=12F8 r4=3D00 r5=2FFC r6=0000 r7=0000 r8=7F06 r9=D848 r10=D8E8 r11=0494 r12=8383 r13=047C r14=0000 r15=43E8
t=74.623477500 pc=0002091A fcw=D8E8 r0=010F r1=0103 r2=0000 r3=12F8 r4=3D00 r5=2FFC r6=0000 r7=0000 r8=7F06 r9=D848 r10=D8E8 r11=0494 r12=8383 r13=047C r14=0000 r15=43E8
t=74.623479500 pc=0002091C fcw=D8E8 r0=010F r1=0103 r2=0000 r3=12F8 r4=3D00 r5=2FFC r6=0000 r7=0000 r8=7F06 r9=D848 r10=D8E8 r11=0494 r12=8383 r13=047C r14=0000 r15=43E8
t=74.623481000 pc=0002091E fcw=D8E8 r0=0103 r1=010F r2=0000 r3=12F8 r4=3D00 r5=2FFC r6=0000 r7=0000 r8=7F06 r9=D848 r10=D8E8 r11=0494 r12=8383 r13=047C r14=0000 r15=43E8
t=74.623483750 pc=00020920 fcw=D8E8 r0=0103 r1=010F r2=0000 r3=12F8 r4=3D00 r5=2FFC r6=0000 r7=0000 r8=7F06 r9=D848 r10=D8E8 r11=0494 r12=8383 r13=047C r14=0000 r15=43E8
t=74.623485250 pc=00020912 fcw=D8E8 r0=0103 r1=010F r2=0000 r3=12F8 r4=3D00 r5=2FFC r6=0000 r7=0000 r8=7F06 r9=D848 r10=D8E8 r11=0494 r12=8383 r13=047C r14=0000 r15=43E8
t=74.623487000 pc=00020914 fcw=D8E8 r0=0103 r1=010F r2=0000 r3=12F8 r4=3D00 r5=2FFC r6=0000 r7=0000 r8=7F06 r9=D848 r10=D8E8 r11=0494 r12=8383 r13=047C r14=0000 r15=43E8
t=74.623488750 pc=00020916 fcw=D8E8 r0=0103 r1=010F r2=0000 r3=12F8 r4=3D00 r5=2FFC r6=0000 r7=0000 r8=7F06 r9=D848 r10=D8E8 r11=0494 r12=8383 r13=047C r14=0000 r15=43E8
t=74.623492250 pc=0002091A fcw=D8E8 r0=0103 r1=010F r2=0000 r3=12F8 r4=3D00 r5=2FFC r6=0000 r7=0000 r8=7F06 r9=D848 r10=D8E8 r11=0494 r12=8383 r13=047C r14=0000 r15=43E8
t=74.623494250 pc=0002091C fcw=D8E8 r0=0103 r1=010F r2=0000 r3=12F8 r4=3D00 r5=2FFC r6=0000 r7=0000 r8=7F06 r9=D848 r10=D8E8 r11=0494 r12=8383 r13=047C r14=0000 r15=43E8
t=74.623495750 pc=0002091E fcw=D8E8 r0=010F r1=0103 r2=0000 r3=12F8 r4=3D00 r5=2FFC r6=0000 r7=0000 r8=7F06 r9=D848 r10=D8E8 r11=0494 r12=8383 r13=047C r14=0000 r15=43E8
t=74.623498500 pc=00020920 fcw=D8E8 r0=010F r1=0103 r2=0000 r3=12F8 r4=3D00 r5=2FFC r6=0000 r7=0000 r8=7F06 r9=D848 r10=D8E8 r11=0494 r12=8383 r13=047C r14=0000 r15=43E8
t=74.623500000 pc=00020912 fcw=D8E8 r0=010F r1=0103 r2=0000 r3=12F8 r4=3D00 r5=2FFC r6=0000 r7=0000 r8=7F06 r9=D848 r10=D8E8 r11=0494 r12=8383 r13=047C r14=0000 r15=43E8
t=74.623501750 pc=00020914 fcw=D8E8 r0=010F r1=0103 r2=0000 r3=12F8 r4=3D00 r5=2FFC r6=0000 r7=0000 r8=7F06 r9=D848 r10=D8E8 r11=0494 r12=8383 r13=047C r14=0000 r15=43E8
t=74.623503500 pc=00020916 fcw=D8E8 r0=010F r1=0103 r2=0000 r3=12F8 r4=3D00 r5=2FFC r6=0000 r7=0000 r8=7F06 r9=D848 r10=D8E8 r11=0494 r12=8383 r13=047C r14=0000 r15=43E8
t=74.623507000 pc=0002091A fcw=D8E8 r0=010F r1=0103 r2=0000 r3=12F8 r4=3D00 r5=2FFC r6=0000 r7=0000 r8=7F06 r9=D848 r10=D8E8 r11=0494 r12=8383 r13=047C r14=0000 r15=43E8
t=74.623509000 pc=0002091C fcw=D8E8 r0=010F r1=0103 r2=0000 r3=12F8 r4=3D00 r5=2FFC r6=0000 r7=0000 r8=7F06 r9=D848 r10=D8E8 r11=0494 r12=8383 r13=047C r14=0000 r15=43E8
t=74.623510500 pc=0002091E fcw=D8E8 r0=0103 r1=010F r2=0000 r3=12F8 r4=3D00 r5=2FFC r6=0000 r7=0000 r8=7F06 r9=D848 r10=D8E8 r11=0494 r12=8383 r13=047C r14=0000 r15=43E8
t=74.623513250 pc=00020920 fcw=D8E8 r0=0103 r1=010F r2=0000 r3=12F8 r4=3D00 r5=2FFC r6=0000 r7=0000 r8=7F06 r9=D848 r10=D8E8 r11=0494 r12=8383 r13=047C r14=0000 r15=43E8
t=74.623514750 pc=00020912 fcw=D8E8 r0=0103 r1=010F r2=0000 r3=12F8 r4=3D00 r5=2FFC r6=0000 r7=0000 r8=7F06 r9=D848 r10=D8E8 r11=0494 r12=8383 r13=047C r14=0000 r15=43E8
t=74.623516500 pc=00020914 fcw=D8E8 r0=0103 r1=010F r2=0000 r3=12F8 r4=3D00 r5=2FFC r6=0000 r7=0000 r8=7F06 r9=D848 r10=D8E8 r11=0494 r12=8383 r13=047C r14=0000 r15=43E8
t=74.623518250 pc=00020916 fcw=D8E8 r0=0103 r1=010F r2=0000 r3=12F8 r4=3D00 r5=2FFC r6=0000 r7=0000 r8=7F06 r9=D848 r10=D8E8 r11=0494 r12=8383 r13=047C r14=0000 r15=43E8
t=74.623521750 pc=0002091A fcw=D8E8 r0=0103 r1=010F r2=0000 r3=12F8 r4=3D00 r5=2FFC r6=0000 r7=0000 r8=7F06 r9=D848 r10=D8E8 r11=0494 r12=8383 r13=047C r14=0000 r15=43E8
t=74.623523750 pc=0002091C fcw=D8E8 r0=0103 r1=010F r2=0000 r3=12F8 r4=3D00 r5=2FFC r6=0000 r7=0000 r8=7F06 r9=D848 r10=D8E8 r11=0494 r12=8383 r13=047C r14=0000 r15=43E8
t=74.623525250 pc=0002091E fcw=D8E8 r0=010F r1=0103 r2=0000 r3=12F8 r4=3D00 r5=2FFC r6=0000 r7=0000 r8=7F06 r9=D848 r10=D8E8 r11=0494 r12=8383 r13=047C r14=0000 r15=43E8
t=74.623528000 pc=00020920 fcw=D8E8 r0=010F r1=0103 r2=0000 r3=12F8 r4=3D00 r5=2FFC r6=0000 r7=0000 r8=7F06 r9=D848 r10=D8E8 r11=0494 r12=8383 r13=047C r14=0000 r15=43E8
t=74.623529500 pc=00020912 fcw=D8E8 r0=010F r1=0103 r2=0000 r3=12F8 r4=3D00 r5=2FFC r6=0000 r7=0000 r8=7F06 r9=D848 r10=D8E8 r11=0494 r12=8383 r13=047C r14=0000 r15=43E8
t=74.623531250 pc=00020914 fcw=D8E8 r0=010F r1=0103 r2=0000 r3=12F8 r4=3D00 r5=2FFC r6=0000 r7=0000 r8=7F06 r9=D848 r10=D8E8 r11=0494 r12=8383 r13=047C r14=0000 r15=43E8
t=74.623533000 pc=00020916 fcw=D8E8 r0=010F r1=0103 r2=0000 r3=12F8 r4=3D00 r5=2FFC r6=0000 r7=0000 r8=7F06 r9=D848 r10=D8E8 r11=0494 r12=8383 r13=047C r14=0000 r15=43E8
t=74.623536500 pc=0002091A fcw=D8E8 r0=010F r1=0103 r2=0000 r3=12F8 r4=3D00 r5=2FFC r6=0000 r7=0000 r8=7F06 r9=D848 r10=D8E8 r11=0494 r12=8383 r13=047C r14=0000 r15=43E8
t=74.623538500 pc=0002091C fcw=D8E8 r0=010F r1=0103 r2=0000 r3=12F8 r4=3D00 r5=2FFC r6=0000 r7=0000 r8=7F06 r9=D848 r10=D8E8 r11=0494 r12=8383 r13=047C r14=0000 r15=43E8
t=74.623540000 pc=0002091E fcw=D8E8 r0=0103 r1=010F r2=0000 r3=12F8 r4=3D00 r5=2FFC r6=0000 r7=0000 r8=7F06 r9=D848 r10=D8E8 r11=0494 r12=8383 r13=047C r14=0000 r15=43E8
t=74.623542750 pc=00020920 fcw=D8E8 r0=0103 r1=010F r2=0000 r3=12F8 r4=3D00 r5=2FFC r6=0000 r7=0000 r8=7F06 r9=D848 r10=D8E8 r11=0494 r12=8383 r13=047C r14=0000 r15=43E8
t=74.623544250 pc=00020912 fcw=D8E8 r0=0103 r1=010F r2=0000 r3=12F8 r4=3D00 r5=2FFC r6=0000 r7=0000 r8=7F06 r9=D848 r10=D8E8 r11=0494 r12=8383 r13=047C r14=0000 r15=43E8
t=74.623546000 pc=00020914 fcw=D8E8 r0=0103 r1=010F r2=0000 r3=12F8 r4=3D00 r5=2FFC r6=0000 r7=0000 r8=7F06 r9=D848 r10=D8E8 r11=0494 r12=8383 r13=047C r14=0000 r15=43E8
t=74.623547750 pc=00020916 fcw=D8E8 r0=0103 r1=010F r2=0000 r3=12F8 r4=3D00 r5=2FFC r6=0000 r7=0000 r8=7F06 r9=D848 r10=D8E8 r11=0494 r12=8383 r13=047C r14=0000 r15=43E8
t=74.623551250 pc=0002091A fcw=D8E8 r0=0103 r1=010F r2=0000 r3=12F8 r4=3D00 r5=2FFC r6=0000 r7=0000 r8=7F06 r9=D848 r10=D8E8 r11=0494 r12=8383 r13=047C r14=0000 r15=43E8
t=74.623553250 pc=0002091C fcw=D8E8 r0=0103 r1=010F r2=0000 r3=12F8 r4=3D00 r5=2FFC r6=0000 r7=0000 r8=7F06 r9=D848 r10=D8E8 r11=0494 r12=8383 r13=047C r14=0000 r15=43E8
t=74.623554750 pc=0002091E fcw=D8E8 r0=010F r1=0103 r2=0000 r3=12F8 r4=3D00 r5=2FFC r6=0000 r7=0000 r8=7F06 r9=D848 r10=D8E8 r11=0494 r12=8383 r13=047C r14=0000 r15=43E8
t=74.623557500 pc=00020920 fcw=D8E8 r0=010F r1=0103 r2=0000 r3=12F8 r4=3D00 r5=2FFC r6=0000 r7=0000 r8=7F06 r9=D848 r10=D8E8 r11=0494 r12=8383 r13=047C r14=0000 r15=43E8
t=74.623559000 pc=00020912 fcw=D8E8 r0=010F r1=0103 r2=0000 r3=12F8 r4=3D00 r5=2FFC r6=0000 r7=0000 r8=7F06 r9=D848 r10=D8E8 r11=0494 r12=8383 r13=047C r14=0000 r15=43E8
t=74.623560750 pc=00020914 fcw=D8E8 r0=010F r1=0103 r2=0000 r3=12F8 r4=3D00 r5=2FFC r6=0000 r7=0000 r8=7F06 r9=D848 r10=D8E8 r11=0494 r12=8383 r13=047C r14=0000 r15=43E8
t=74.623562500 pc=00020916 fcw=D8E8 r0=010F r1=0103 r2=0000 r3=12F8 r4=3D00 r5=2FFC r6=0000 r7=0000 r8=7F06 r9=D848 r10=D8E8 r11=0494 r12=8383 r13=047C r14=0000 r15=43E8
t=74.623566000 pc=0002091A fcw=D8E8 r0=010F r1=0103 r2=0000 r3=12F8 r4=3D00 r5=2FFC r6=0000 r7=0000 r8=7F06 r9=D848 r10=D8E8 r11=0494 r12=8383 r13=047C r14=0000 r15=43E8
t=74.623568000 pc=0002091C fcw=D8E8 r0=010F r1=0103 r2=0000 r3=12F8 r4=3D00 r5=2FFC r6=0000 r7=0000 r8=7F06 r9=D848 r10=D8E8 r11=0494 r12=8383 r13=047C r14=0000 r15=43E8
t=74.623569500 pc=0002091E fcw=D8E8 r0=0103 r1=010F r2=0000 r3=12F8 r4=3D00 r5=2FFC r6=0000 r7=0000 r8=7F06 r9=D848 r10=D8E8 r11=0494 r12=8383 r13=047C r14=0000 r15=43E8
t=74.623572250 pc=00020920 fcw=D8E8 r0=0103 r1=010F r2=0000 r3=12F8 r4=3D00 r5=2FFC r6=0000 r7=0000 r8=7F06 r9=D848 r10=D8E8 r11=0494 r12=8383 r13=047C r14=0000 r15=43E8
t=74.623573750 pc=00020912 fcw=D8E8 r0=0103 r1=010F r2=0000 r3=12F8 r4=3D00 r5=2FFC r6=0000 r7=0000 r8=7F06 r9=D848 r10=D8E8 r11=0494 r12=8383 r13=047C r14=0000 r15=43E8
t=74.623575500 pc=00020914 fcw=D8E8 r0=0103 r1=010F r2=0000 r3=12F8 r4=3D00 r5=2FFC r6=0000 r7=0000 r8=7F06 r9=D848 r10=D8E8 r11=0494 r12=8383 r13=047C r14=0000 r15=43E8
t=74.623577250 pc=00020916 fcw=D8E8 r0=0103 r1=010F r2=0000 r3=12F8 r4=3D00 r5=2FFC r6=0000 r7=0000 r8=7F06 r9=D848 r10=D8E8 r11=0494 r12=8383 r13=047C r14=0000 r15=43E8
t=74.623580750 pc=0002091A fcw=D8E8 r0=0103 r1=010F r2=0000 r3=12F8 r4=3D00 r5=2FFC r6=0000 r7=0000 r8=7F06 r9=D848 r10=D8E8 r11=0494 r12=8383 r13=047C r14=0000 r15=43E8
t=74.623582750 pc=0002091C fcw=D8E8 r0=0103 r1=010F r2=0000 r3=12F8 r4=3D00 r5=2FFC r6=0000 r7=0000 r8=7F06 r9=D848 r10=D8E8 r11=0494 r12=8383 r13=047C r14=0000 r15=43E8
t=74.623584250 pc=0002091E fcw=D8E8 r0=010F r1=0103 r2=0000 r3=12F8 r4=3D00 r5=2FFC r6=0000 r7=0000 r8=7F06 r9=D848 r10=D8E8 r11=0494 r12=8383 r13=047C r14=0000 r15=43E8
t=74.623587000 pc=00020920 fcw=D8E8 r0=010F r1=0103 r2=0000 r3=12F8 r4=3D00 r5=2FFC r6=0000 r7=0000 r8=7F06 r9=D848 r10=D8E8 r11=0494 r12=8383 r13=047C r14=0000 r15=43E8
t=74.623588500 pc=00020912 fcw=D8E8 r0=010F r1=0103 r2=0000 r3=12F8 r4=3D00 r5=2FFC r6=0000 r7=0000 r8=7F06 r9=D848 r10=D8E8 r11=0494 r12=8383 r13=047C r14=0000 r15=43E8
t=74.623590250 pc=00020914 fcw=D8E8 r0=010F r1=0103 r2=0000 r3=12F8 r4=3D00 r5=2FFC r6=0000 r7=0000 r8=7F06 r9=D848 r10=D8E8 r11=0494 r12=8383 r13=047C r14=0000 r15=43E8
t=74.623592000 pc=00020916 fcw=D8E8 r0=010F r1=0103 r2=0000 r3=12F8 r4=3D00 r5=2FFC r6=0000 r7=0000 r8=7F06 r9=D848 r10=D8E8 r11=0494 r12=8383 r13=047C r14=0000 r15=43E8
t=74.623595500 pc=0002091A fcw=D8E8 r0=010F r1=0103 r2=0000 r3=12F8 r4=3D00 r5=2FFC r6=0000 r7=0000 r8=7F06 r9=D848 r10=D8E8 r11=0494 r12=8383 r13=047C r14=0000 r15=43E8
t=74.623597500 pc=0002091C fcw=D8E8 r0=010F r1=0103 r2=0000 r3=12F8 r4=3D00 r5=2FFC r6=0000 r7=0000 r8=7F06 r9=D848 r10=D8E8 r11=0494 r12=8383 r13=047C r14=0000 r15=43E8
t=74.623599000 pc=0002091E fcw=D8E8 r0=0103 r1=010F r2=0000 r3=12F8 r4=3D00 r5=2FFC r6=0000 r7=0000 r8=7F06 r9=D848 r10=D8E8 r11=0494 r12=8383 r13=047C r14=0000 r15=43E8
t=74.623601750 pc=00020920 fcw=D8E8 r0=0103 r1=010F r2=0000 r3=12F8 r4=3D00 r5=2FFC r6=0000 r7=0000 r8=7F06 r9=D848 r10=D8E8 r11=0494 r12=8383 r13=047C r14=0000 r15=43E8
t=74.623603250 pc=00020912 fcw=D8E8 r0=0103 r1=010F r2=0000 r3=12F8 r4=3D00 r5=2FFC r6=0000 r7=0000 r8=7F06 r9=D848 r10=D8E8 r11=0494 r12=8383 r13=047C r14=0000 r15=43E8
t=74.623605000 pc=00020914 fcw=D8E8 r0=0103 r1=010F r2=0000 r3=12F8 r4=3D00 r5=2FFC r6=0000 r7=0000 r8=7F06 r9=D848 r10=D8E8 r11=0494 r12=8383 r13=047C r14=0000 r15=43E8
t=74.623606750 pc=00020916 fcw=D8E8 r0=0103 r1=010F r2=0000 r3=12F8 r4=3D00 r5=2FFC r6=0000 r7=0000 r8=7F06 r9=D848 r10=D8E8 r11=0494 r12=8383 r13=047C r14=0000 r15=43E8
t=74.623610250 pc=0002091A fcw=D8E8 r0=0103 r1=010F r2=0000 r3=12F8 r4=3D00 r5=2FFC r6=0000 r7=0000 r8=7F06 r9=D848 r10=D8E8 r11=0494 r12=8383 r13=047C r14=0000 r15=43E8
t=74.623612250 pc=0002091C fcw=D8E8 r0=0103 r1=010F r2=0000 r3=12F8 r4=3D00 r5=2FFC r6=0000 r7=0000 r8=7F06 r9=D848 r10=D8E8 r11=0494 r12=8383 r13=047C r14=0000 r15=43E8
t=74.623613750 pc=0002091E fcw=D8E8 r0=010F r1=0103 r2=0000 r3=12F8 r4=3D00 r5=2FFC r6=0000 r7=0000 r8=7F06 r9=D848 r10=D8E8 r11=0494 r12=8383 r13=047C r14=0000 r15=43E8
t=74.623616500 pc=00020920 fcw=D8E8 r0=010F r1=0103 r2=0000 r3=12F8 r4=3D00 r5=2FFC r6=0000 r7=0000 r8=7F06 r9=D848 r10=D8E8 r11=0494 r12=8383 r13=047C r14=0000 r15=43E8
t=74.623618000 pc=00020912 fcw=D8E8 r0=010F r1=0103 r2=0000 r3=12F8 r4=3D00 r5=2FFC r6=0000 r7=0000 r8=7F06 r9=D848 r10=D8E8 r11=0494 r12=8383 r13=047C r14=0000 r15=43E8
t=74.623619750 pc=00020914 fcw=D8E8 r0=010F r1=0103 r2=0000 r3=12F8 r4=3D00 r5=2FFC r6=0000 r7=0000 r8=7F06 r9=D848 r10=D8E8 r11=0494 r12=8383 r13=047C r14=0000 r15=43E8
t=74.623621500 pc=00020916 fcw=D8E8 r0=010F r1=0103 r2=0000 r3=12F8 r4=3D00 r5=2FFC r6=0000 r7=0000 r8=7F06 r9=D848 r10=D8E8 r11=0494 r12=8383 r13=047C r14=0000 r15=43E8
t=74.623625000 pc=0002091A fcw=D8E8 r0=010F r1=0103 r2=0000 r3=12F8 r4=3D00 r5=2FFC r6=0000 r7=0000 r8=7F06 r9=D848 r10=D8E8 r11=0494 r12=8383 r13=047C r14=0000 r15=43E8
t=74.623627000 pc=0002091C fcw=D8E8 r0=010F r1=0103 r2=0000 r3=12F8 r4=3D00 r5=2FFC r6=0000 r7=0000 r8=7F06 r9=D848 r10=D8E8 r11=0494 r12=8383 r13=047C r14=0000 r15=43E8
t=74.623628500 pc=0002091E fcw=D8E8 r0=0103 r1=010F r2=0000 r3=12F8 r4=3D00 r5=2FFC r6=0000 r7=0000 r8=7F06 r9=D848 r10=D8E8 r11=0494 r12=8383 r13=047C r14=0000 r15=43E8
t=74.623631250 pc=00020920 fcw=D8E8 r0=0103 r1=010F r2=0000 r3=12F8 r4=3D00 r5=2FFC r6=0000 r7=0000 r8=7F06 r9=D848 r10=D8E8 r11=0494 r12=8383 r13=047C r14=0000 r15=43E8
t=74.623632750 pc=00020912 fcw=D8E8 r0=0103 r1=010F r2=0000 r3=12F8 r4=3D00 r5=2FFC r6=0000 r7=0000 r8=7F06 r9=D848 r10=D8E8 r11=0494 r12=8383 r13=047C r14=0000 r15=43E8
t=74.623634500 pc=00020914 fcw=D8E8 r0=0103 r1=010F r2=0000 r3=12F8 r4=3D00 r5=2FFC r6=0000 r7=0000 r8=7F06 r9=D848 r10=D8E8 r11=0494 r12=8383 r13=047C r14=0000 r15=43E8
t=74.623636250 pc=00020916 fcw=D8E8 r0=0103 r1=010F r2=0000 r3=12F8 r4=3D00 r5=2FFC r6=0000 r7=0000 r8=7F06 r9=D848 r10=D8E8 r11=0494 r12=8383 r13=047C r14=0000 r15=43E8
t=74.623639750 pc=0002091A fcw=D8E8 r0=0103 r1=010F r2=0000 r3=12F8 r4=3D00 r5=2FFC r6=0000 r7=0000 r8=7F06 r9=D848 r10=D8E8 r11=0494 r12=8383 r13=047C r14=0000 r15=43E8
t=74.623641750 pc=0002091C fcw=D8E8 r0=0103 r1=010F r2=0000 r3=12F8 r4=3D00 r5=2FFC r6=0000 r7=0000 r8=7F06 r9=D848 r10=D8E8 r11=0494 r12=8383 r13=047C r14=0000 r15=43E8
t=74.623643250 pc=0002091E fcw=D8E8 r0=010F r1=0103 r2=0000 r3=12F8 r4=3D00 r5=2FFC r6=0000 r7=0000 r8=7F06 r9=D848 r10=D8E8 r11=0494 r12=8383 r13=047C r14=0000 r15=43E8
t=74.623646000 pc=00020920 fcw=D8E8 r0=010F r1=0103 r2=0000 r3=12F8 r4=3D00 r5=2FFC r6=0000 r7=0000 r8=7F06 r9=D848 r10=D8E8 r11=0494 r12=8383 r13=047C r14=0000 r15=43E8
t=74.623647500 pc=00020912 fcw=D8E8 r0=010F r1=0103 r2=0000 r3=12F8 r4=3D00 r5=2FFC r6=0000 r7=0000 r8=7F06 r9=D848 r10=D8E8 r11=0494 r12=8383 r13=047C r14=0000 r15=43E8
t=74.623649250 pc=00020914 fcw=D8E8 r0=010F r1=0103 r2=0000 r3=12F8 r4=3D00 r5=2FFC r6=0000 r7=0000 r8=7F06 r9=D848 r10=D8E8 r11=0494 r12=8383 r13=047C r14=0000 r15=43E8
t=74.623651000 pc=00020916 fcw=D8E8 r0=010F r1=0103 r2=0000 r3=12F8 r4=3D00 r5=2FFC r6=0000 r7=0000 r8=7F06 r9=D848 r10=D8E8 r11=0494 r12=8383 r13=047C r14=0000 r15=43E8
t=74.623654500 pc=0002091A fcw=D8E8 r0=010F r1=0103 r2=0000 r3=12F8 r4=3D00 r5=2FFC r6=0000 r7=0000 r8=7F06 r9=D848 r10=D8E8 r11=0494 r12=8383 r13=047C r14=0000 r15=43E8
t=74.623656500 pc=0002091C fcw=D8E8 r0=010F r1=0103 r2=0000 r3=12F8 r4=3D00 r5=2FFC r6=0000 r7=0000 r8=7F06 r9=D848 r10=D8E8 r11=0494 r12=8383 r13=047C r14=0000 r15=43E8
t=74.623658000 pc=0002091E fcw=D8E8 r0=0103 r1=010F r2=0000 r3=12F8 r4=3D00 r5=2FFC r6=0000 r7=0000 r8=7F06 r9=D848 r10=D8E8 r11=0494 r12=8383 r13=047C r14=0000 r15=43E8
t=74.623660750 pc=00020920 fcw=D8E8 r0=0103 r1=010F r2=0000 r3=12F8 r4=3D00 r5=2FFC r6=0000 r7=0000 r8=7F06 r9=D848 r10=D8E8 r11=0494 r12=8383 r13=047C r14=0000 r15=43E8
t=74.623662250 pc=00020912 fcw=D8E8 r0=0103 r1=010F r2=0000 r3=12F8 r4=3D00 r5=2FFC r6=0000 r7=0000 r8=7F06 r9=D848 r10=D8E8 r11=0494 r12=8383 r13=047C r14=0000 r15=43E8
t=74.623664000 pc=00020914 fcw=D8E8 r0=0103 r1=010F r2=0000 r3=12F8 r4=3D00 r5=2FFC r6=0000 r7=0000 r8=7F06 r9=D848 r10=D8E8 r11=0494 r12=8383 r13=047C r14=0000 r15=43E8
t=74.623665750 pc=00020916 fcw=D8E8 r0=0103 r1=010F r2=0000 r3=12F8 r4=3D00 r5=2FFC r6=0000 r7=0000 r8=7F06 r9=D848 r10=D8E8 r11=0494 r12=8383 r13=047C r14=0000 r15=43E8
t=74.623669250 pc=0002091A fcw=D8E8 r0=0103 r1=010F r2=0000 r3=12F8 r4=3D00 r5=2FFC r6=0000 r7=0000 r8=7F06 r9=D848 r10=D8E8 r11=0494 r12=8383 r13=047C r14=0000 r15=43E8
t=74.623671250 pc=0002091C fcw=D8E8 r0=0103 r1=010F r2=0000 r3=12F8 r4=3D00 r5=2FFC r6=0000 r7=0000 r8=7F06 r9=D848 r10=D8E8 r11=0494 r12=8383 r13=047C r14=0000 r15=43E8
t=74.623672750 pc=0002091E fcw=D8E8 r0=010F r1=0103 r2=0000 r3=12F8 r4=3D00 r5=2FFC r6=0000 r7=0000 r8=7F06 r9=D848 r10=D8E8 r11=0494 r12=8383 r13=047C r14=0000 r15=43E8
t=74.623675500 pc=00020920 fcw=D8E8 r0=010F r1=0103 r2=0000 r3=12F8 r4=3D00 r5=2FFC r6=0000 r7=0000 r8=7F06 r9=D848 r10=D8E8 r11=0494 r12=8383 r13=047C r14=0000 r15=43E8
t=74.623677000 pc=00020912 fcw=D8E8 r0=010F r1=0103 r2=0000 r3=12F8 r4=3D00 r5=2FFC r6=0000 r7=0000 r8=7F06 r9=D848 r10=D8E8 r11=0494 r12=8383 r13=047C r14=0000 r15=43E8
t=74.623678750 pc=00020914 fcw=D8E8 r0=010F r1=0103 r2=0000 r3=12F8 r4=3D00 r5=2FFC r6=0000 r7=0000 r8=7F06 r9=D848 r10=D8E8 r11=0494 r12=8383 r13=047C r14=0000 r15=43E8
t=74.623680500 pc=00020916 fcw=D8E8 r0=010F r1=0103 r2=0000 r3=12F8 r4=3D00 r5=2FFC r6=0000 r7=0000 r8=7F06 r9=D848 r10=D8E8 r11=0494 r12=8383 r13=047C r14=0000 r15=43E8
t=74.623684000 pc=0002091A fcw=D8E8 r0=010F r1=0103 r2=0000 r3=12F8 r4=3D00 r5=2FFC r6=0000 r7=0000 r8=7F06 r9=D848 r10=D8E8 r11=0494 r12=8383 r13=047C r14=0000 r15=43E8
t=74.623686000 pc=0002091C fcw=D8E8 r0=010F r1=0103 r2=0000 r3=12F8 r4=3D00 r5=2FFC r6=0000 r7=0000 r8=7F06 r9=D848 r10=D8E8 r11=0494 r12=8383 r13=047C r14=0000 r15=43E8
t=74.623687500 pc=0002091E fcw=D8E8 r0=0103 r1=010F r2=0000 r3=12F8 r4=3D00 r5=2FFC r6=0000 r7=0000 r8=7F06 r9=D848 r10=D8E8 r11=0494 r12=8383 r13=047C r14=0000 r15=43E8
t=74.623690250 pc=00020920 fcw=D8E8 r0=0103 r1=010F r2=0000 r3=12F8 r4=3D00 r5=2FFC r6=0000 r7=0000 r8=7F06 r9=D848 r10=D8E8 r11=0494 r12=8383 r13=047C r14=0000 r15=43E8
t=74.623691750 pc=00020912 fcw=D8E8 r0=0103 r1=010F r2=0000 r3=12F8 r4=3D00 r5=2FFC r6=0000 r7=0000 r8=7F06 r9=D848 r10=D8E8 r11=0494 r12=8383 r13=047C r14=0000 r15=43E8
t=74.623693500 pc=00020914 fcw=D8E8 r0=0103 r1=010F r2=0000 r3=12F8 r4=3D00 r5=2FFC r6=0000 r7=0000 r8=7F06 r9=D848 r10=D8E8 r11=0494 r12=8383 r13=047C r14=0000 r15=43E8
t=74.623695250 pc=00020916 fcw=D8E8 r0=0103 r1=010F r2=0000 r3=12F8 r4=3D00 r5=2FFC r6=0000 r7=0000 r8=7F06 r9=D848 r10=D8E8 r11=0494 r12=8383 r13=047C r14=0000 r15=43E8
t=74.623698750 pc=0002091A fcw=D8E8 r0=0103 r1=010F r2=0000 r3=12F8 r4=3D00 r5=2FFC r6=0000 r7=0000 r8=7F06 r9=D848 r10=D8E8 r11=0494 r12=8383 r13=047C r14=0000 r15=43E8
t=74.623700750 pc=0002091C fcw=D8E8 r0=0103 r1=010F r2=0000 r3=12F8 r4=3D00 r5=2FFC r6=0000 r7=0000 r8=7F06 r9=D848 r10=D8E8 r11=0494 r12=8383 r13=047C r14=0000 r15=43E8
t=74.623702250 pc=0002091E fcw=D8E8 r0=010F r1=0103 r2=0000 r3=12F8 r4=3D00 r5=2FFC r6=0000 r7=0000 r8=7F06 r9=D848 r10=D8E8 r11=0494 r12=8383 r13=047C r14=0000 r15=43E8
t=74.623705000 pc=00020920 fcw=D8E8 r0=010F r1=0103 r2=0000 r3=12F8 r4=3D00 r5=2FFC r6=0000 r7=0000 r8=7F06 r9=D848 r10=D8E8 r11=0494 r12=8383 r13=047C r14=0000 r15=43E8
t=74.623706500 pc=00020912 fcw=D8E8 r0=010F r1=0103 r2=0000 r3=12F8 r4=3D00 r5=2FFC r6=0000 r7=0000 r8=7F06 r9=D848 r10=D8E8 r11=0494 r12=8383 r13=047C r14=0000 r15=43E8
t=74.623708250 pc=00020914 fcw=D8E8 r0=010F r1=0103 r2=0000 r3=12F8 r4=3D00 r5=2FFC r6=0000 r7=0000 r8=7F06 r9=D848 r10=D8E8 r11=0494 r12=8383 r13=047C r14=0000 r15=43E8
t=74.623710000 pc=00020916 fcw=D8E8 r0=010F r1=0103 r2=0000 r3=12F8 r4=3D00 r5=2FFC r6=0000 r7=0000 r8=7F06 r9=D848 r10=D8E8 r11=0494 r12=8383 r13=047C r14=0000 r15=43E8
t=74.623713500 pc=0002091A fcw=D8E8 r0=010F r1=0103 r2=0000 r3=12F8 r4=3D00 r5=2FFC r6=0000 r7=0000 r8=7F06 r9=D848 r10=D8E8 r11=0494 r12=8383 r13=047C r14=0000 r15=43E8
t=74.623715500 pc=0002091C fcw=D8E8 r0=010F r1=0103 r2=0000 r3=12F8 r4=3D00 r5=2FFC r6=0000 r7=0000 r8=7F06 r9=D848 r10=D8E8 r11=0494 r12=8383 r13=047C r14=0000 r15=43E8
t=74.623717000 pc=0002091E fcw=D8E8 r0=0103 r1=010F r2=0000 r3=12F8 r4=3D00 r5=2FFC r6=0000 r7=0000 r8=7F06 r9=D848 r10=D8E8 r11=0494 r12=8383 r13=047C r14=0000 r15=43E8
t=74.623719750 pc=00020920 fcw=D8E8 r0=0103 r1=010F r2=0000 r3=12F8 r4=3D00 r5=2FFC r6=0000 r7=0000 r8=7F06 r9=D848 r10=D8E8 r11=0494 r12=8383 r13=047C r14=0000 r15=43E8
t=74.623721250 pc=00020912 fcw=D8E8 r0=0103 r1=010F r2=0000 r3=12F8 r4=3D00 r5=2FFC r6=0000 r7=0000 r8=7F06 r9=D848 r10=D8E8 r11=0494 r12=8383 r13=047C r14=0000 r15=43E8
t=74.623723000 pc=00020914 fcw=D8E8 r0=0103 r1=010F r2=0000 r3=12F8 r4=3D00 r5=2FFC r6=0000 r7=0000 r8=7F06 r9=D848 r10=D8E8 r11=0494 r12=8383 r13=047C r14=0000 r15=43E8
t=74.623724750 pc=00020916 fcw=D8E8 r0=0103 r1=010F r2=0000 r3=12F8 r4=3D00 r5=2FFC r6=0000 r7=0000 r8=7F06 r9=D848 r10=D8E8 r11=0494 r12=8383 r13=047C r14=0000 r15=43E8
t=74.623728250 pc=0002091A fcw=D8E8 r0=0103 r1=010F r2=0000 r3=12F8 r4=3D00 r5=2FFC r6=0000 r7=0000 r8=7F06 r9=D848 r10=D8E8 r11=0494 r12=8383 r13=047C r14=0000 r15=43E8
t=74.623730250 pc=0002091C fcw=D8E8 r0=0103 r1=010F r2=0000 r3=12F8 r4=3D00 r5=2FFC r6=0000 r7=0000 r8=7F06 r9=D848 r10=D8E8 r11=0494 r12=8383 r13=047C r14=0000 r15=43E8
t=74.623731750 pc=0002091E fcw=D8E8 r0=010F r1=0103 r2=0000 r3=12F8 r4=3D00 r5=2FFC r6=0000 r7=0000 r8=7F06 r9=D848 r10=D8E8 r11=0494 r12=8383 r13=047C r14=0000 r15=43E8
t=74.623734500 pc=00020920 fcw=D8E8 r0=010F r1=0103 r2=0000 r3=12F8 r4=3D00 r5=2FFC r6=0000 r7=0000 r8=7F06 r9=D848 r10=D8E8 r11=0494 r12=8383 r13=047C r14=0000 r15=43E8
t=74.623736000 pc=00020912 fcw=D8E8 r0=010F r1=0103 r2=0000 r3=12F8 r4=3D00 r5=2FFC r6=0000 r7=0000 r8=7F06 r9=D848 r10=D8E8 r11=0494 r12=8383 r13=047C r14=0000 r15=43E8
t=74.623737750 pc=00020914 fcw=D8E8 r0=010F r1=0103 r2=0000 r3=12F8 r4=3D00 r5=2FFC r6=0000 r7=0000 r8=7F06 r9=D848 r10=D8E8 r11=0494 r12=8383 r13=047C r14=0000 r15=43E8
t=74.623739500 pc=00020916 fcw=D8E8 r0=010F r1=0103 r2=0000 r3=12F8 r4=3D00 r5=2FFC r6=0000 r7=0000 r8=7F06 r9=D848 r10=D8E8 r11=0494 r12=8383 r13=047C r14=0000 r15=43E8
t=74.623743000 pc=0002091A fcw=D8E8 r0=010F r1=0103 r2=0000 r3=12F8 r4=3D00 r5=2FFC r6=0000 r7=0000 r8=7F06 r9=D848 r10=D8E8 r11=0494 r12=8383 r13=047C r14=0000 r15=43E8
t=74.623745000 pc=0002091C fcw=D8E8 r0=010F r1=0103 r2=0000 r3=12F8 r4=3D00 r5=2FFC r6=0000 r7=0000 r8=7F06 r9=D848 r10=D8E8 r11=0494 r12=8383 r13=047C r14=0000 r15=43E8
t=74.623746500 pc=0002091E fcw=D8E8 r0=0103 r1=010F r2=0000 r3=12F8 r4=3D00 r5=2FFC r6=0000 r7=0000 r8=7F06 r9=D848 r10=D8E8 r11=0494 r12=8383 r13=047C r14=0000 r15=43E8
t=74.623749250 pc=00020920 fcw=D8E8 r0=0103 r1=010F r2=0000 r3=12F8 r4=3D00 r5=2FFC r6=0000 r7=0000 r8=7F06 r9=D848 r10=D8E8 r11=0494 r12=8383 r13=047C r14=0000 r15=43E8
t=74.623750750 pc=00020912 fcw=D8E8 r0=0103 r1=010F r2=0000 r3=12F8 r4=3D00 r5=2FFC r6=0000 r7=0000 r8=7F06 r9=D848 r10=D8E8 r11=0494 r12=8383 r13=047C r14=0000 r15=43E8
t=74.623752500 pc=00020914 fcw=D8E8 r0=0103 r1=010F r2=0000 r3=12F8 r4=3D00 r5=2FFC r6=0000 r7=0000 r8=7F06 r9=D848 r10=D8E8 r11=0494 r12=8383 r13=047C r14=0000 r15=43E8
t=74.623754250 pc=00020916 fcw=D8E8 r0=0103 r1=010F r2=0000 r3=12F8 r4=3D00 r5=2FFC r6=0000 r7=0000 r8=7F06 r9=D848 r10=D8E8 r11=0494 r12=8383 r13=047C r14=0000 r15=43E8
t=74.623757750 pc=0002091A fcw=D8E8 r0=0103 r1=010F r2=0000 r3=12F8 r4=3D00 r5=2FFC r6=0000 r7=0000 r8=7F06 r9=D848 r10=D8E8 r11=0494 r12=8383 r13=047C r14=0000 r15=43E8
t=74.623759750 pc=0002091C fcw=D8E8 r0=0103 r1=010F r2=0000 r3=12F8 r4=3D00 r5=2FFC r6=0000 r7=0000 r8=7F06 r9=D848 r10=D8E8 r11=0494 r12=8383 r13=047C r14=0000 r15=43E8
t=74.623761250 pc=0002091E fcw=D8E8 r0=010F r1=0103 r2=0000 r3=12F8 r4=3D00 r5=2FFC r6=0000 r7=0000 r8=7F06 r9=D848 r10=D8E8 r11=0494 r12=8383 r13=047C r14=0000 r15=43E8
t=74.623764000 pc=00020920 fcw=D8E8 r0=010F r1=0103 r2=0000 r3=12F8 r4=3D00 r5=2FFC r6=0000 r7=0000 r8=7F06 r9=D848 r10=D8E8 r11=0494 r12=8383 r13=047C r14=0000 r15=43E8
t=74.623765500 pc=00020912 fcw=D8E8 r0=010F r1=0103 r2=0000 r3=12F8 r4=3D00 r5=2FFC r6=0000 r7=0000 r8=7F06 r9=D848 r10=D8E8 r11=0494 r12=8383 r13=047C r14=0000 r15=43E8
t=74.623767250 pc=00020914 fcw=D8E8 r0=010F r1=0103 r2=0000 r3=12F8 r4=3D00 r5=2FFC r6=0000 r7=0000 r8=7F06 r9=D848 r10=D8E8 r11=0494 r12=8383 r13=047C r14=0000 r15=43E8
t=74.623769000 pc=00020916 fcw=D8E8 r0=010F r1=0103 r2=0000 r3=12F8 r4=3D00 r5=2FFC r6=0000 r7=0000 r8=7F06 r9=D848 r10=D8E8 r11=0494 r12=8383 r13=047C r14=0000 r15=43E8
t=74.623772500 pc=0002091A fcw=D8E8 r0=010F r1=0103 r2=0000 r3=12F8 r4=3D00 r5=2FFC r6=0000 r7=0000 r8=7F06 r9=D848 r10=D8E8 r11=0494 r12=8383 r13=047C r14=0000 r15=43E8
t=74.623774500 pc=0002091C fcw=D8E8 r0=010F r1=0103 r2=0000 r3=12F8 r4=3D00 r5=2FFC r6=0000 r7=0000 r8=7F06 r9=D848 r10=D8E8 r11=0494 r12=8383 r13=047C r14=0000 r15=43E8
t=74.623776000 pc=0002091E fcw=D8E8 r0=0103 r1=010F r2=0000 r3=12F8 r4=3D00 r5=2FFC r6=0000 r7=0000 r8=7F06 r9=D848 r10=D8E8 r11=0494 r12=8383 r13=047C r14=0000 r15=43E8
t=74.623778750 pc=00020920 fcw=D8E8 r0=0103 r1=010F r2=0000 r3=12F8 r4=3D00 r5=2FFC r6=0000 r7=0000 r8=7F06 r9=D848 r10=D8E8 r11=0494 r12=8383 r13=047C r14=0000 r15=43E8
t=74.623780250 pc=00020912 fcw=D8E8 r0=0103 r1=010F r2=0000 r3=12F8 r4=3D00 r5=2FFC r6=0000 r7=0000 r8=7F06 r9=D848 r10=D8E8 r11=0494 r12=8383 r13=047C r14=0000 r15=43E8
t=74.623782000 pc=00020914 fcw=D8E8 r0=0103 r1=010F r2=0000 r3=12F8 r4=3D00 r5=2FFC r6=0000 r7=0000 r8=7F06 r9=D848 r10=D8E8 r11=0494 r12=8383 r13=047C r14=0000 r15=43E8
t=74.623783750 pc=00020916 fcw=D8E8 r0=0103 r1=010F r2=0000 r3=12F8 r4=3D00 r5=2FFC r6=0000 r7=0000 r8=7F06 r9=D848 r10=D8E8 r11=0494 r12=8383 r13=047C r14=0000 r15=43E8
t=74.623787250 pc=0002091A fcw=D8E8 r0=0103 r1=010F r2=0000 r3=12F8 r4=3D00 r5=2FFC r6=0000 r7=0000 r8=7F06 r9=D848 r10=D8E8 r11=0494 r12=8383 r13=047C r14=0000 r15=43E8
t=74.623789250 pc=0002091C fcw=D8E8 r0=0103 r1=010F r2=0000 r3=12F8 r4=3D00 r5=2FFC r6=0000 r7=0000 r8=7F06 r9=D848 r10=D8E8 r11=0494 r12=8383 r13=047C r14=0000 r15=43E8
t=74.623790750 pc=0002091E fcw=D8E8 r0=010F r1=0103 r2=0000 r3=12F8 r4=3D00 r5=2FFC r6=0000 r7=0000 r8=7F06 r9=D848 r10=D8E8 r11=0494 r12=8383 r13=047C r14=0000 r15=43E8
t=74.623793500 pc=00020920 fcw=D8E8 r0=010F r1=0103 r2=0000 r3=12F8 r4=3D00 r5=2FFC r6=0000 r7=0000 r8=7F06 r9=D848 r10=D8E8 r11=0494 r12=8383 r13=047C r14=0000 r15=43E8
t=74.623795000 pc=00020912 fcw=D8E8 r0=010F r1=0103 r2=0000 r3=12F8 r4=3D00 r5=2FFC r6=0000 r7=0000 r8=7F06 r9=D848 r10=D8E8 r11=0494 r12=8383 r13=047C r14=0000 r15=43E8
t=74.623796750 pc=00020914 fcw=D8E8 r0=010F r1=0103 r2=0000 r3=12F8 r4=3D00 r5=2FFC r6=0000 r7=0000 r8=7F06 r9=D848 r10=D8E8 r11=0494 r12=8383 r13=047C r14=0000 r15=43E8
t=74.623798500 pc=00020916 fcw=D8E8 r0=010F r1=0103 r2=0000 r3=12F8 r4=3D00 r5=2FFC r6=0000 r7=0000 r8=7F06 r9=D848 r10=D8E8 r11=0494 r12=8383 r13=047C r14=0000 r15=43E8
t=74.623802000 pc=0002091A fcw=D8E8 r0=010F r1=0103 r2=0000 r3=12F8 r4=3D00 r5=2FFC r6=0000 r7=0000 r8=7F06 r9=D848 r10=D8E8 r11=0494 r12=8383 r13=047C r14=0000 r15=43E8
t=74.623804000 pc=0002091C fcw=D8E8 r0=010F r1=0103 r2=0000 r3=12F8 r4=3D00 r5=2FFC r6=0000 r7=0000 r8=7F06 r9=D848 r10=D8E8 r11=0494 r12=8383 r13=047C r14=0000 r15=43E8
t=74.623805500 pc=0002091E fcw=D8E8 r0=0103 r1=010F r2=0000 r3=12F8 r4=3D00 r5=2FFC r6=0000 r7=0000 r8=7F06 r9=D848 r10=D8E8 r11=0494 r12=8383 r13=047C r14=0000 r15=43E8
t=74.623808250 pc=00020920 fcw=D8E8 r0=0103 r1=010F r2=0000 r3=12F8 r4=3D00 r5=2FFC r6=0000 r7=0000 r8=7F06 r9=D848 r10=D8E8 r11=0494 r12=8383 r13=047C r14=0000 r15=43E8
t=74.623809750 pc=00020912 fcw=D8E8 r0=0103 r1=010F r2=0000 r3=12F8 r4=3D00 r5=2FFC r6=0000 r7=0000 r8=7F06 r9=D848 r10=D8E8 r11=0494 r12=8383 r13=047C r14=0000 r15=43E8
t=74.623811500 pc=00020914 fcw=D8E8 r0=0103 r1=010F r2=0000 r3=12F8 r4=3D00 r5=2FFC r6=0000 r7=0000 r8=7F06 r9=D848 r10=D8E8 r11=0494 r12=8383 r13=047C r14=0000 r15=43E8
t=74.623813250 pc=00020916 fcw=D8E8 r0=0103 r1=010F r2=0000 r3=12F8 r4=3D00 r5=2FFC r6=0000 r7=0000 r8=7F06 r9=D848 r10=D8E8 r11=0494 r12=8383 r13=047C r14=0000 r15=43E8
t=74.623816750 pc=0002091A fcw=D8E8 r0=0103 r1=010F r2=0000 r3=12F8 r4=3D00 r5=2FFC r6=0000 r7=0000 r8=7F06 r9=D848 r10=D8E8 r11=0494 r12=8383 r13=047C r14=0000 r15=43E8
t=74.623818750 pc=0002091C fcw=D8E8 r0=0103 r1=010F r2=0000 r3=12F8 r4=3D00 r5=2FFC r6=0000 r7=0000 r8=7F06 r9=D848 r10=D8E8 r11=0494 r12=8383 r13=047C r14=0000 r15=43E8
t=74.623820250 pc=0002091E fcw=D8E8 r0=010F r1=0103 r2=0000 r3=12F8 r4=3D00 r5=2FFC r6=0000 r7=0000 r8=7F06 r9=D848 r10=D8E8 r11=0494 r12=8383 r13=047C r14=0000 r15=43E8
t=74.623823000 pc=00020920 fcw=D8E8 r0=010F r1=0103 r2=0000 r3=12F8 r4=3D00 r5=2FFC r6=0000 r7=0000 r8=7F06 r9=D848 r10=D8E8 r11=0494 r12=8383 r13=047C r14=0000 r15=43E8
t=74.623824500 pc=00020912 fcw=D8E8 r0=010F r1=0103 r2=0000 r3=12F8 r4=3D00 r5=2FFC r6=0000 r7=0000 r8=7F06 r9=D848 r10=D8E8 r11=0494 r12=8383 r13=047C r14=0000 r15=43E8
t=74.623826250 pc=00020914 fcw=D8E8 r0=010F r1=0103 r2=0000 r3=12F8 r4=3D00 r5=2FFC r6=0000 r7=0000 r8=7F06 r9=D848 r10=D8E8 r11=0494 r12=8383 r13=047C r14=0000 r15=43E8
t=74.623828000 pc=00020916 fcw=D8E8 r0=010F r1=0103 r2=0000 r3=12F8 r4=3D00 r5=2FFC r6=0000 r7=0000 r8=7F06 r9=D848 r10=D8E8 r11=0494 r12=8383 r13=047C r14=0000 r15=43E8
t=74.623831500 pc=0002091A fcw=D8E8 r0=010F r1=0103 r2=0000 r3=12F8 r4=3D00 r5=2FFC r6=0000 r7=0000 r8=7F06 r9=D848 r10=D8E8 r11=0494 r12=8383 r13=047C r14=0000 r15=43E8
t=74.623833500 pc=0002091C fcw=D8E8 r0=010F r1=0103 r2=0000 r3=12F8 r4=3D00 r5=2FFC r6=0000 r7=0000 r8=7F06 r9=D848 r10=D8E8 r11=0494 r12=8383 r13=047C r14=0000 r15=43E8
t=74.623835000 pc=0002091E fcw=D8E8 r0=0103 r1=010F r2=0000 r3=12F8 r4=3D00 r5=2FFC r6=0000 r7=0000 r8=7F06 r9=D848 r10=D8E8 r11=0494 r12=8383 r13=047C r14=0000 r15=43E8
t=74.623837750 pc=00020920 fcw=D8E8 r0=0103 r1=010F r2=0000 r3=12F8 r4=3D00 r5=2FFC r6=0000 r7=0000 r8=7F06 r9=D848 r10=D8E8 r11=0494 r12=8383 r13=047C r14=0000 r15=43E8
t=74.623839250 pc=00020912 fcw=D8E8 r0=0103 r1=010F r2=0000 r3=12F8 r4=3D00 r5=2FFC r6=0000 r7=0000 r8=7F06 r9=D848 r10=D8E8 r11=0494 r12=8383 r13=047C r14=0000 r15=43E8
t=74.623841000 pc=00020914 fcw=D8E8 r0=0103 r1=010F r2=0000 r3=12F8 r4=3D00 r5=2FFC r6=0000 r7=0000 r8=7F06 r9=D848 r10=D8E8 r11=0494 r12=8383 r13=047C r14=0000 r15=43E8
t=74.623842750 pc=00020916 fcw=D8E8 r0=0103 r1=010F r2=0000 r3=12F8 r4=3D00 r5=2FFC r6=0000 r7=0000 r8=7F06 r9=D848 r10=D8E8 r11=0494 r12=8383 r13=047C r14=0000 r15=43E8
t=74.623846250 pc=0002091A fcw=D8E8 r0=0103 r1=010F r2=0000 r3=12F8 r4=3D00 r5=2FFC r6=0000 r7=0000 r8=7F06 r9=D848 r10=D8E8 r11=0494 r12=8383 r13=047C r14=0000 r15=43E8
t=74.623848250 pc=0002091C fcw=D8E8 r0=0103 r1=010F r2=0000 r3=12F8 r4=3D00 r5=2FFC r6=0000 r7=0000 r8=7F06 r9=D848 r10=D8E8 r11=0494 r12=8383 r13=047C r14=0000 r15=43E8
t=74.623849750 pc=0002091E fcw=D8E8 r0=010F r1=0103 r2=0000 r3=12F8 r4=3D00 r5=2FFC r6=0000 r7=0000 r8=7F06 r9=D848 r10=D8E8 r11=0494 r12=8383 r13=047C r14=0000 r15=43E8
t=74.623852500 pc=00020920 fcw=D8E8 r0=010F r1=0103 r2=0000 r3=12F8 r4=3D00 r5=2FFC r6=0000 r7=0000 r8=7F06 r9=D848 r10=D8E8 r11=0494 r12=8383 r13=047C r14=0000 r15=43E8
t=74.623854000 pc=00020912 fcw=D8E8 r0=010F r1=0103 r2=0000 r3=12F8 r4=3D00 r5=2FFC r6=0000 r7=0000 r8=7F06 r9=D848 r10=D8E8 r11=0494 r12=8383 r13=047C r14=0000 r15=43E8
t=74.623855750 pc=00020914 fcw=D8E8 r0=010F r1=0103 r2=0000 r3=12F8 r4=3D00 r5=2FFC r6=0000 r7=0000 r8=7F06 r9=D848 r10=D8E8 r11=0494 r12=8383 r13=047C r14=0000 r15=43E8
t=74.623857500 pc=00020916 fcw=D8E8 r0=010F r1=0103 r2=0000 r3=12F8 r4=3D00 r5=2FFC r6=0000 r7=0000 r8=7F06 r9=D848 r10=D8E8 r11=0494 r12=8383 r13=047C r14=0000 r15=43E8
t=74.623861000 pc=0002091A fcw=D8E8 r0=010F r1=0103 r2=0000 r3=12F8 r4=3D00 r5=2FFC r6=0000 r7=0000 r8=7F06 r9=D848 r10=D8E8 r11=0494 r12=8383 r13=047C r14=0000 r15=43E8
t=74.623863000 pc=0002091C fcw=D8E8 r0=010F r1=0103 r2=0000 r3=12F8 r4=3D00 r5=2FFC r6=0000 r7=0000 r8=7F06 r9=D848 r10=D8E8 r11=0494 r12=8383 r13=047C r14=0000 r15=43E8
t=74.623864500 pc=0002091E fcw=D8E8 r0=0103 r1=010F r2=0000 r3=12F8 r4=3D00 r5=2FFC r6=0000 r7=0000 r8=7F06 r9=D848 r10=D8E8 r11=0494 r12=8383 r13=047C r14=0000 r15=43E8
t=74.623867250 pc=00020920 fcw=D8E8 r0=0103 r1=010F r2=0000 r3=12F8 r4=3D00 r5=2FFC r6=0000 r7=0000 r8=7F06 r9=D848 r10=D8E8 r11=0494 r12=8383 r13=047C r14=0000 r15=43E8
t=74.623868750 pc=00020912 fcw=D8E8 r0=0103 r1=010F r2=0000 r3=12F8 r4=3D00 r5=2FFC r6=0000 r7=0000 r8=7F06 r9=D848 r10=D8E8 r11=0494 r12=8383 r13=047C r14=0000 r15=43E8
t=74.623870500 pc=00020914 fcw=D8E8 r0=0103 r1=010F r2=0000 r3=12F8 r4=3D00 r5=2FFC r6=0000 r7=0000 r8=7F06 r9=D848 r10=D8E8 r11=0494 r12=8383 r13=047C r14=0000 r15=43E8
t=74.623872250 pc=00020916 fcw=D8E8 r0=0103 r1=010F r2=0000 r3=12F8 r4=3D00 r5=2FFC r6=0000 r7=0000 r8=7F06 r9=D848 r10=D8E8 r11=0494 r12=8383 r13=047C r14=0000 r15=43E8
t=74.623875750 pc=0002091A fcw=D8E8 r0=0103 r1=010F r2=0000 r3=12F8 r4=3D00 r5=2FFC r6=0000 r7=0000 r8=7F06 r9=D848 r10=D8E8 r11=0494 r12=8383 r13=047C r14=0000 r15=43E8
t=74.623877750 pc=0002091C fcw=D8E8 r0=0103 r1=010F r2=0000 r3=12F8 r4=3D00 r5=2FFC r6=0000 r7=0000 r8=7F06 r9=D848 r10=D8E8 r11=0494 r12=8383 r13=047C r14=0000 r15=43E8
t=74.623879250 pc=0002091E fcw=D8E8 r0=010F r1=0103 r2=0000 r3=12F8 r4=3D00 r5=2FFC r6=0000 r7=0000 r8=7F06 r9=D848 r10=D8E8 r11=0494 r12=8383 r13=047C r14=0000 r15=43E8
t=74.623882000 pc=00020920 fcw=D8E8 r0=010F r1=0103 r2=0000 r3=12F8 r4=3D00 r5=2FFC r6=0000 r7=0000 r8=7F06 r9=D848 r10=D8E8 r11=0494 r12=8383 r13=047C r14=0000 r15=43E8
t=74.623883500 pc=00020912 fcw=D8E8 r0=010F r1=0103 r2=0000 r3=12F8 r4=3D00 r5=2FFC r6=0000 r7=0000 r8=7F06 r9=D848 r10=D8E8 r11=0494 r12=8383 r13=047C r14=0000 r15=43E8
t=74.623885250 pc=00020914 fcw=D8E8 r0=010F r1=0103 r2=0000 r3=12F8 r4=3D00 r5=2FFC r6=0000 r7=0000 r8=7F06 r9=D848 r10=D8E8 r11=0494 r12=8383 r13=047C r14=0000 r15=43E8
t=74.623887000 pc=00020916 fcw=D8E8 r0=010F r1=0103 r2=0000 r3=12F8 r4=3D00 r5=2FFC r6=0000 r7=0000 r8=7F06 r9=D848 r10=D8E8 r11=0494 r12=8383 r13=047C r14=0000 r15=43E8
t=74.623890500 pc=0002091A fcw=D8E8 r0=010F r1=0103 r2=0000 r3=12F8 r4=3D00 r5=2FFC r6=0000 r7=0000 r8=7F06 r9=D848 r10=D8E8 r11=0494 r12=8383 r13=047C r14=0000 r15=43E8
t=74.623892500 pc=0002091C fcw=D8E8 r0=010F r1=0103 r2=0000 r3=12F8 r4=3D00 r5=2FFC r6=0000 r7=0000 r8=7F06 r9=D848 r10=D8E8 r11=0494 r12=8383 r13=047C r14=0000 r15=43E8
t=74.623894000 pc=0002091E fcw=D8E8 r0=0103 r1=010F r2=0000 r3=12F8 r4=3D00 r5=2FFC r6=0000 r7=0000 r8=7F06 r9=D848 r10=D8E8 r11=0494 r12=8383 r13=047C r14=0000 r15=43E8
t=74.623896750 pc=00020920 fcw=D8E8 r0=0103 r1=010F r2=0000 r3=12F8 r4=3D00 r5=2FFC r6=0000 r7=0000 r8=7F06 r9=D848 r10=D8E8 r11=0494 r12=8383 r13=047C r14=0000 r15=43E8
t=74.623898250 pc=00020912 fcw=D8E8 r0=0103 r1=010F r2=0000 r3=12F8 r4=3D00 r5=2FFC r6=0000 r7=0000 r8=7F06 r9=D848 r10=D8E8 r11=0494 r12=8383 r13=047C r14=0000 r15=43E8
t=74.623900000 pc=00020914 fcw=D8E8 r0=0103 r1=010F r2=0000 r3=12F8 r4=3D00 r5=2FFC r6=0000 r7=0000 r8=7F06 r9=D848 r10=D8E8 r11=0494 r12=8383 r13=047C r14=0000 r15=43E8
t=74.623901750 pc=00020916 fcw=D8E8 r0=0103 r1=010F r2=0000 r3=12F8 r4=3D00 r5=2FFC r6=0000 r7=0000 r8=7F06 r9=D848 r10=D8E8 r11=0494 r12=8383 r13=047C r14=0000 r15=43E8
t=74.623905250 pc=0002091A fcw=D8E8 r0=0103 r1=010F r2=0000 r3=12F8 r4=3D00 r5=2FFC r6=0000 r7=0000 r8=7F06 r9=D848 r10=D8E8 r11=0494 r12=8383 r13=047C r14=0000 r15=43E8
t=74.623907250 pc=0002091C fcw=D8E8 r0=0103 r1=010F r2=0000 r3=12F8 r4=3D00 r5=2FFC r6=0000 r7=0000 r8=7F06 r9=D848 r10=D8E8 r11=0494 r12=8383 r13=047C r14=0000 r15=43E8
t=74.623908750 pc=0002091E fcw=D8E8 r0=010F r1=0103 r2=0000 r3=12F8 r4=3D00 r5=2FFC r6=0000 r7=0000 r8=7F06 r9=D848 r10=D8E8 r11=0494 r12=8383 r13=047C r14=0000 r15=43E8
t=74.623911500 pc=00020920 fcw=D8E8 r0=010F r1=0103 r2=0000 r3=12F8 r4=3D00 r5=2FFC r6=0000 r7=0000 r8=7F06 r9=D848 r10=D8E8 r11=0494 r12=8383 r13=047C r14=0000 r15=43E8
t=74.623913000 pc=00020912 fcw=D8E8 r0=010F r1=0103 r2=0000 r3=12F8 r4=3D00 r5=2FFC r6=0000 r7=0000 r8=7F06 r9=D848 r10=D8E8 r11=0494 r12=8383 r13=047C r14=0000 r15=43E8
t=74.623914750 pc=00020914 fcw=D8E8 r0=010F r1=0103 r2=0000 r3=12F8 r4=3D00 r5=2FFC r6=0000 r7=0000 r8=7F06 r9=D848 r10=D8E8 r11=0494 r12=8383 r13=047C r14=0000 r15=43E8
t=74.623916500 pc=00020916 fcw=D8E8 r0=010F r1=0103 r2=0000 r3=12F8 r4=3D00 r5=2FFC r6=0000 r7=0000 r8=7F06 r9=D848 r10=D8E8 r11=0494 r12=8383 r13=047C r14=0000 r15=43E8
t=74.623920000 pc=0002091A fcw=D8E8 r0=010F r1=0103 r2=0000 r3=12F8 r4=3D00 r5=2FFC r6=0000 r7=0000 r8=7F06 r9=D848 r10=D8E8 r11=0494 r12=8383 r13=047C r14=0000 r15=43E8
t=74.623922000 pc=0002091C fcw=D8E8 r0=010F r1=0103 r2=0000 r3=12F8 r4=3D00 r5=2FFC r6=0000 r7=0000 r8=7F06 r9=D848 r10=D8E8 r11=0494 r12=8383 r13=047C r14=0000 r15=43E8
t=74.623923500 pc=0002091E fcw=D8E8 r0=0103 r1=010F r2=0000 r3=12F8 r4=3D00 r5=2FFC r6=0000 r7=0000 r8=7F06 r9=D848 r10=D8E8 r11=0494 r12=8383 r13=047C r14=0000 r15=43E8
t=74.623926250 pc=00020920 fcw=D8E8 r0=0103 r1=010F r2=0000 r3=12F8 r4=3D00 r5=2FFC r6=0000 r7=0000 r8=7F06 r9=D848 r10=D8E8 r11=0494 r12=8383 r13=047C r14=0000 r15=43E8
t=74.623927750 pc=00020912 fcw=D8E8 r0=0103 r1=010F r2=0000 r3=12F8 r4=3D00 r5=2FFC r6=0000 r7=0000 r8=7F06 r9=D848 r10=D8E8 r11=0494 r12=8383 r13=047C r14=0000 r15=43E8
t=74.623929500 pc=00020914 fcw=D8E8 r0=0103 r1=010F r2=0000 r3=12F8 r4=3D00 r5=2FFC r6=0000 r7=0000 r8=7F06 r9=D848 r10=D8E8 r11=0494 r12=8383 r13=047C r14=0000 r15=43E8
t=74.623931250 pc=00020916 fcw=D8E8 r0=0103 r1=010F r2=0000 r3=12F8 r4=3D00 r5=2FFC r6=0000 r7=0000 r8=7F06 r9=D848 r10=D8E8 r11=0494 r12=8383 r13=047C r14=0000 r15=43E8
t=74.623934750 pc=0002091A fcw=D8E8 r0=0103 r1=010F r2=0000 r3=12F8 r4=3D00 r5=2FFC r6=0000 r7=0000 r8=7F06 r9=D848 r10=D8E8 r11=0494 r12=8383 r13=047C r14=0000 r15=43E8
t=74.623936750 pc=0002091C fcw=D8E8 r0=0103 r1=010F r2=0000 r3=12F8 r4=3D00 r5=2FFC r6=0000 r7=0000 r8=7F06 r9=D848 r10=D8E8 r11=0494 r12=8383 r13=047C r14=0000 r15=43E8
t=74.623938250 pc=0002091E fcw=D8E8 r0=010F r1=0103 r2=0000 r3=12F8 r4=3D00 r5=2FFC r6=0000 r7=0000 r8=7F06 r9=D848 r10=D8E8 r11=0494 r12=8383 r13=047C r14=0000 r15=43E8
t=74.623941000 pc=00020920 fcw=D8E8 r0=010F r1=0103 r2=0000 r3=12F8 r4=3D00 r5=2FFC r6=0000 r7=0000 r8=7F06 r9=D848 r10=D8E8 r11=0494 r12=8383 r13=047C r14=0000 r15=43E8
t=74.623942500 pc=00020912 fcw=D8E8 r0=010F r1=0103 r2=0000 r3=12F8 r4=3D00 r5=2FFC r6=0000 r7=0000 r8=7F06 r9=D848 r10=D8E8 r11=0494 r12=8383 r13=047C r14=0000 r15=43E8
t=74.623944250 pc=00020914 fcw=D8E8 r0=010F r1=0103 r2=0000 r3=12F8 r4=3D00 r5=2FFC r6=0000 r7=0000 r8=7F06 r9=D848 r10=D8E8 r11=0494 r12=8383 r13=047C r14=0000 r15=43E8
t=74.623946000 pc=00020916 fcw=D8E8 r0=010F r1=0103 r2=0000 r3=12F8 r4=3D00 r5=2FFC r6=0000 r7=0000 r8=7F06 r9=D848 r10=D8E8 r11=0494 r12=8383 r13=047C r14=0000 r15=43E8
t=74.623949500 pc=0002091A fcw=D8E8 r0=010F r1=0103 r2=0000 r3=12F8 r4=3D00 r5=2FFC r6=0000 r7=0000 r8=7F06 r9=D848 r10=D8E8 r11=0494 r12=8383 r13=047C r14=0000 r15=43E8
t=74.623951500 pc=0002091C fcw=D8E8 r0=010F r1=0103 r2=0000 r3=12F8 r4=3D00 r5=2FFC r6=0000 r7=0000 r8=7F06 r9=D848 r10=D8E8 r11=0494 r12=8383 r13=047C r14=0000 r15=43E8
t=74.623953000 pc=0002091E fcw=D8E8 r0=0103 r1=010F r2=0000 r3=12F8 r4=3D00 r5=2FFC r6=0000 r7=0000 r8=7F06 r9=D848 r10=D8E8 r11=0494 r12=8383 r13=047C r14=0000 r15=43E8
t=74.623955750 pc=00020920 fcw=D8E8 r0=0103 r1=010F r2=0000 r3=12F8 r4=3D00 r5=2FFC r6=0000 r7=0000 r8=7F06 r9=D848 r10=D8E8 r11=0494 r12=8383 r13=047C r14=0000 r15=43E8
t=74.623957250 pc=00020912 fcw=D8E8 r0=0103 r1=010F r2=0000 r3=12F8 r4=3D00 r5=2FFC r6=0000 r7=0000 r8=7F06 r9=D848 r10=D8E8 r11=0494 r12=8383 r13=047C r14=0000 r15=43E8
t=74.623959000 pc=00020914 fcw=D8E8 r0=0103 r1=010F r2=0000 r3=12F8 r4=3D00 r5=2FFC r6=0000 r7=0000 r8=7F06 r9=D848 r10=D8E8 r11=0494 r12=8383 r13=047C r14=0000 r15=43E8
t=74.623960750 pc=00020916 fcw=D8E8 r0=0103 r1=010F r2=0000 r3=12F8 r4=3D00 r5=2FFC r6=0000 r7=0000 r8=7F06 r9=D848 r10=D8E8 r11=0494 r12=8383 r13=047C r14=0000 r15=43E8
t=74.623964250 pc=0002091A fcw=D8E8 r0=0103 r1=010F r2=0000 r3=12F8 r4=3D00 r5=2FFC r6=0000 r7=0000 r8=7F06 r9=D848 r10=D8E8 r11=0494 r12=8383 r13=047C r14=0000 r15=43E8
t=74.623966250 pc=0002091C fcw=D8E8 r0=0103 r1=010F r2=0000 r3=12F8 r4=3D00 r5=2FFC r6=0000 r7=0000 r8=7F06 r9=D848 r10=D8E8 r11=0494 r12=8383 r13=047C r14=0000 r15=43E8
t=74.623967750 pc=0002091E fcw=D8E8 r0=010F r1=0103 r2=0000 r3=12F8 r4=3D00 r5=2FFC r6=0000 r7=0000 r8=7F06 r9=D848 r10=D8E8 r11=0494 r12=8383 r13=047C r14=0000 r15=43E8
t=74.623970500 pc=00020920 fcw=D8E8 r0=010F r1=0103 r2=0000 r3=12F8 r4=3D00 r5=2FFC r6=0000 r7=0000 r8=7F06 r9=D848 r10=D8E8 r11=0494 r12=8383 r13=047C r14=0000 r15=43E8
t=74.623972000 pc=00020912 fcw=D8E8 r0=010F r1=0103 r2=0000 r3=12F8 r4=3D00 r5=2FFC r6=0000 r7=0000 r8=7F06 r9=D848 r10=D8E8 r11=0494 r12=8383 r13=047C r14=0000 r15=43E8
t=74.623973750 pc=00020914 fcw=D8E8 r0=010F r1=0103 r2=0000 r3=12F8 r4=3D00 r5=2FFC r6=0000 r7=0000 r8=7F06 r9=D848 r10=D8E8 r11=0494 r12=8383 r13=047C r14=0000 r15=43E8
t=74.623975500 pc=00020916 fcw=D8E8 r0=010F r1=0103 r2=0000 r3=12F8 r4=3D00 r5=2FFC r6=0000 r7=0000 r8=7F06 r9=D848 r10=D8E8 r11=0494 r12=8383 r13=047C r14=0000 r15=43E8
t=74.623979000 pc=0002091A fcw=D8E8 r0=010F r1=0103 r2=0000 r3=12F8 r4=3D00 r5=2FFC r6=0000 r7=0000 r8=7F06 r9=D848 r10=D8E8 r11=0494 r12=8383 r13=047C r14=0000 r15=43E8
t=74.623981000 pc=0002091C fcw=D8E8 r0=010F r1=0103 r2=0000 r3=12F8 r4=3D00 r5=2FFC r6=0000 r7=0000 r8=7F06 r9=D848 r10=D8E8 r11=0494 r12=8383 r13=047C r14=0000 r15=43E8
t=74.623982500 pc=0002091E fcw=D8E8 r0=0103 r1=010F r2=0000 r3=12F8 r4=3D00 r5=2FFC r6=0000 r7=0000 r8=7F06 r9=D848 r10=D8E8 r11=0494 r12=8383 r13=047C r14=0000 r15=43E8
t=74.623985250 pc=00020920 fcw=D8E8 r0=0103 r1=010F r2=0000 r3=12F8 r4=3D00 r5=2FFC r6=0000 r7=0000 r8=7F06 r9=D848 r10=D8E8 r11=0494 r12=8383 r13=047C r14=0000 r15=43E8
t=74.623986750 pc=00020912 fcw=D8E8 r0=0103 r1=010F r2=0000 r3=12F8 r4=3D00 r5=2FFC r6=0000 r7=0000 r8=7F06 r9=D848 r10=D8E8 r11=0494 r12=8383 r13=047C r14=0000 r15=43E8
t=74.623988500 pc=00020914 fcw=D8E8 r0=0103 r1=010F r2=0000 r3=12F8 r4=3D00 r5=2FFC r6=0000 r7=0000 r8=7F06 r9=D848 r10=D8E8 r11=0494 r12=8383 r13=047C r14=0000 r15=43E8
t=74.623990250 pc=00020916 fcw=D8E8 r0=0103 r1=010F r2=0000 r3=12F8 r4=3D00 r5=2FFC r6=0000 r7=0000 r8=7F06 r9=D848 r10=D8E8 r11=0494 r12=8383 r13=047C r14=0000 r15=43E8
t=74.623993750 pc=0002091A fcw=D8E8 r0=0103 r1=010F r2=0000 r3=12F8 r4=3D00 r5=2FFC r6=0000 r7=0000 r8=7F06 r9=D848 r10=D8E8 r11=0494 r12=8383 r13=047C r14=0000 r15=43E8
t=74.623995750 pc=0002091C fcw=D8E8 r0=0103 r1=010F r2=0000 r3=12F8 r4=3D00 r5=2FFC r6=0000 r7=0000 r8=7F06 r9=D848 r10=D8E8 r11=0494 r12=8383 r13=047C r14=0000 r15=43E8
t=74.623997250 pc=0002091E fcw=D8E8 r0=010F r1=0103 r2=0000 r3=12F8 r4=3D00 r5=2FFC r6=0000 r7=0000 r8=7F06 r9=D848 r10=D8E8 r11=0494 r12=8383 r13=047C r14=0000 r15=43E8
t=74.624000000 pc=00020920 fcw=D8E8 r0=010F r1=0103 r2=0000 r3=12F8 r4=3D00 r5=2FFC r6=0000 r7=0000 r8=7F06 r9=D848 r10=D8E8 r11=0494 r12=8383 r13=047C r14=0000 r15=43E8
t=74.624001500 pc=00020912 fcw=D8E8 r0=010F r1=0103 r2=0000 r3=12F8 r4=3D00 r5=2FFC r6=0000 r7=0000 r8=7F06 r9=D848 r10=D8E8 r11=0494 r12=8383 r13=047C r14=0000 r15=43E8
t=74.624003250 pc=00020914 fcw=D8E8 r0=010F r1=0103 r2=0000 r3=12F8 r4=3D00 r5=2FFC r6=0000 r7=0000 r8=7F06 r9=D848 r10=D8E8 r11=0494 r12=8383 r13=047C r14=0000 r15=43E8
t=74.624005000 pc=00020916 fcw=D8E8 r0=010F r1=0103 r2=0000 r3=12F8 r4=3D00 r5=2FFC r6=0000 r7=0000 r8=7F06 r9=D848 r10=D8E8 r11=0494 r12=8383 r13=047C r14=0000 r15=43E8
t=74.624008500 pc=0002091A fcw=D8E8 r0=010F r1=0103 r2=0000 r3=12F8 r4=3D00 r5=2FFC r6=0000 r7=0000 r8=7F06 r9=D848 r10=D8E8 r11=0494 r12=8383 r13=047C r14=0000 r15=43E8
t=74.624010500 pc=0002091C fcw=D8E8 r0=010F r1=0103 r2=0000 r3=12F8 r4=3D00 r5=2FFC r6=0000 r7=0000 r8=7F06 r9=D848 r10=D8E8 r11=0494 r12=8383 r13=047C r14=0000 r15=43E8
t=74.624012000 pc=0002091E fcw=D8E8 r0=0103 r1=010F r2=0000 r3=12F8 r4=3D00 r5=2FFC r6=0000 r7=0000 r8=7F06 r9=D848 r10=D8E8 r11=0494 r12=8383 r13=047C r14=0000 r15=43E8
t=74.624014750 pc=00020920 fcw=D8E8 r0=0103 r1=010F r2=0000 r3=12F8 r4=3D00 r5=2FFC r6=0000 r7=0000 r8=7F06 r9=D848 r10=D8E8 r11=0494 r12=8383 r13=047C r14=0000 r15=43E8
t=74.624016250 pc=00020912 fcw=D8E8 r0=0103 r1=010F r2=0000 r3=12F8 r4=3D00 r5=2FFC r6=0000 r7=0000 r8=7F06 r9=D848 r10=D8E8 r11=0494 r12=8383 r13=047C r14=0000 r15=43E8
t=74.624018000 pc=00020914 fcw=D8E8 r0=0103 r1=010F r2=0000 r3=12F8 r4=3D00 r5=2FFC r6=0000 r7=0000 r8=7F06 r9=D848 r10=D8E8 r11=0494 r12=8383 r13=047C r14=0000 r15=43E8
t=74.624019750 pc=00020916 fcw=D8E8 r0=0103 r1=010F r2=0000 r3=12F8 r4=3D00 r5=2FFC r6=0000 r7=0000 r8=7F06 r9=D848 r10=D8E8 r11=0494 r12=8383 r13=047C r14=0000 r15=43E8
t=74.624023250 pc=0002091A fcw=D8E8 r0=0103 r1=010F r2=0000 r3=12F8 r4=3D00 r5=2FFC r6=0000 r7=0000 r8=7F06 r9=D848 r10=D8E8 r11=0494 r12=8383 r13=047C r14=0000 r15=43E8
t=74.624025250 pc=0002091C fcw=D8E8 r0=0103 r1=010F r2=0000 r3=12F8 r4=3D00 r5=2FFC r6=0000 r7=0000 r8=7F06 r9=D848 r10=D8E8 r11=0494 r12=8383 r13=047C r14=0000 r15=43E8
t=74.624026750 pc=0002091E fcw=D8E8 r0=010F r1=0103 r2=0000 r3=12F8 r4=3D00 r5=2FFC r6=0000 r7=0000 r8=7F06 r9=D848 r10=D8E8 r11=0494 r12=8383 r13=047C r14=0000 r15=43E8
t=74.624029500 pc=00020920 fcw=D8E8 r0=010F r1=0103 r2=0000 r3=12F8 r4=3D00 r5=2FFC r6=0000 r7=0000 r8=7F06 r9=D848 r10=D8E8 r11=0494 r12=8383 r13=047C r14=0000 r15=43E8
t=74.624031000 pc=00020912 fcw=D8E8 r0=010F r1=0103 r2=0000 r3=12F8 r4=3D00 r5=2FFC r6=0000 r7=0000 r8=7F06 r9=D848 r10=D8E8 r11=0494 r12=8383 r13=047C r14=0000 r15=43E8
t=74.624032750 pc=00020914 fcw=D8E8 r0=010F r1=0103 r2=0000 r3=12F8 r4=3D00 r5=2FFC r6=0000 r7=0000 r8=7F06 r9=D848 r10=D8E8 r11=0494 r12=8383 r13=047C r14=0000 r15=43E8
t=74.624034500 pc=00020916 fcw=D8E8 r0=010F r1=0103 r2=0000 r3=12F8 r4=3D00 r5=2FFC r6=0000 r7=0000 r8=7F06 r9=D848 r10=D8E8 r11=0494 r12=8383 r13=047C r14=0000 r15=43E8
t=74.624038000 pc=0002091A fcw=D8E8 r0=010F r1=0103 r2=0000 r3=12F8 r4=3D00 r5=2FFC r6=0000 r7=0000 r8=7F06 r9=D848 r10=D8E8 r11=0494 r12=8383 r13=047C r14=0000 r15=43E8
t=74.624040000 pc=0002091C fcw=D8E8 r0=010F r1=0103 r2=0000 r3=12F8 r4=3D00 r5=2FFC r6=0000 r7=0000 r8=7F06 r9=D848 r10=D8E8 r11=0494 r12=8383 r13=047C r14=0000 r15=43E8
t=74.624041500 pc=0002091E fcw=D8E8 r0=0103 r1=010F r2=0000 r3=12F8 r4=3D00 r5=2FFC r6=0000 r7=0000 r8=7F06 r9=D848 r10=D8E8 r11=0494 r12=8383 r13=047C r14=0000 r15=43E8
t=74.624044250 pc=00020920 fcw=D8E8 r0=0103 r1=010F r2=0000 r3=12F8 r4=3D00 r5=2FFC r6=0000 r7=0000 r8=7F06 r9=D848 r10=D8E8 r11=0494 r12=8383 r13=047C r14=0000 r15=43E8
t=74.624045750 pc=00020912 fcw=D8E8 r0=0103 r1=010F r2=0000 r3=12F8 r4=3D00 r5=2FFC r6=0000 r7=0000 r8=7F06 r9=D848 r10=D8E8 r11=0494 r12=8383 r13=047C r14=0000 r15=43E8
t=74.624047500 pc=00020914 fcw=D8E8 r0=0103 r1=010F r2=0000 r3=12F8 r4=3D00 r5=2FFC r6=0000 r7=0000 r8=7F06 r9=D848 r10=D8E8 r11=0494 r12=8383 r13=047C r14=0000 r15=43E8
t=74.624049250 pc=00020916 fcw=D8E8 r0=0103 r1=010F r2=0000 r3=12F8 r4=3D00 r5=2FFC r6=0000 r7=0000 r8=7F06 r9=D848 r10=D8E8 r11=0494 r12=8383 r13=047C r14=0000 r15=43E8
t=74.624052750 pc=0002091A fcw=D8E8 r0=0103 r1=010F r2=0000 r3=12F8 r4=3D00 r5=2FFC r6=0000 r7=0000 r8=7F06 r9=D848 r10=D8E8 r11=0494 r12=8383 r13=047C r14=0000 r15=43E8
t=74.624054750 pc=0002091C fcw=D8E8 r0=0103 r1=010F r2=0000 r3=12F8 r4=3D00 r5=2FFC r6=0000 r7=0000 r8=7F06 r9=D848 r10=D8E8 r11=0494 r12=8383 r13=047C r14=0000 r15=43E8
t=74.624056250 pc=0002091E fcw=D8E8 r0=010F r1=0103 r2=0000 r3=12F8 r4=3D00 r5=2FFC r6=0000 r7=0000 r8=7F06 r9=D848 r10=D8E8 r11=0494 r12=8383 r13=047C r14=0000 r15=43E8
t=74.624059000 pc=00020920 fcw=D8E8 r0=010F r1=0103 r2=0000 r3=12F8 r4=3D00 r5=2FFC r6=0000 r7=0000 r8=7F06 r9=D848 r10=D8E8 r11=0494 r12=8383 r13=047C r14=0000 r15=43E8
t=74.624060500 pc=00020912 fcw=D8E8 r0=010F r1=0103 r2=0000 r3=12F8 r4=3D00 r5=2FFC r6=0000 r7=0000 r8=7F06 r9=D848 r10=D8E8 r11=0494 r12=8383 r13=047C r14=0000 r15=43E8
t=74.624062250 pc=00020914 fcw=D8E8 r0=010F r1=0103 r2=0000 r3=12F8 r4=3D00 r5=2FFC r6=0000 r7=0000 r8=7F06 r9=D848 r10=D8E8 r11=0494 r12=8383 r13=047C r14=0000 r15=43E8
t=74.624064000 pc=00020916 fcw=D8E8 r0=010F r1=0103 r2=0000 r3=12F8 r4=3D00 r5=2FFC r6=0000 r7=0000 r8=7F06 r9=D848 r10=D8E8 r11=0494 r12=8383 r13=047C r14=0000 r15=43E8
t=74.624067500 pc=0002091A fcw=D8E8 r0=010F r1=0103 r2=0000 r3=12F8 r4=3D00 r5=2FFC r6=0000 r7=0000 r8=7F06 r9=D848 r10=D8E8 r11=0494 r12=8383 r13=047C r14=0000 r15=43E8
t=74.624069500 pc=0002091C fcw=D8E8 r0=010F r1=0103 r2=0000 r3=12F8 r4=3D00 r5=2FFC r6=0000 r7=0000 r8=7F06 r9=D848 r10=D8E8 r11=0494 r12=8383 r13=047C r14=0000 r15=43E8
t=74.624071000 pc=0002091E fcw=D8E8 r0=0103 r1=010F r2=0000 r3=12F8 r4=3D00 r5=2FFC r6=0000 r7=0000 r8=7F06 r9=D848 r10=D8E8 r11=0494 r12=8383 r13=047C r14=0000 r15=43E8
t=74.624073750 pc=00020920 fcw=D8E8 r0=0103 r1=010F r2=0000 r3=12F8 r4=3D00 r5=2FFC r6=0000 r7=0000 r8=7F06 r9=D848 r10=D8E8 r11=0494 r12=8383 r13=047C r14=0000 r15=43E8
t=74.624075250 pc=00020912 fcw=D8E8 r0=0103 r1=010F r2=0000 r3=12F8 r4=3D00 r5=2FFC r6=0000 r7=0000 r8=7F06 r9=D848 r10=D8E8 r11=0494 r12=8383 r13=047C r14=0000 r15=43E8
t=74.624077000 pc=00020914 fcw=D8E8 r0=0103 r1=010F r2=0000 r3=12F8 r4=3D00 r5=2FFC r6=0000 r7=0000 r8=7F06 r9=D848 r10=D8E8 r11=0494 r12=8383 r13=047C r14=0000 r15=43E8
t=74.624078750 pc=00020916 fcw=D8E8 r0=0103 r1=010F r2=0000 r3=12F8 r4=3D00 r5=2FFC r6=0000 r7=0000 r8=7F06 r9=D848 r10=D8E8 r11=0494 r12=8383 r13=047C r14=0000 r15=43E8
t=74.624082250 pc=0002091A fcw=D8E8 r0=0103 r1=010F r2=0000 r3=12F8 r4=3D00 r5=2FFC r6=0000 r7=0000 r8=7F06 r9=D848 r10=D8E8 r11=0494 r12=8383 r13=047C r14=0000 r15=43E8
t=74.624084250 pc=0002091C fcw=D8E8 r0=0103 r1=010F r2=0000 r3=12F8 r4=3D00 r5=2FFC r6=0000 r7=0000 r8=7F06 r9=D848 r10=D8E8 r11=0494 r12=8383 r13=047C r14=0000 r15=43E8
t=74.624085750 pc=0002091E fcw=D8E8 r0=010F r1=0103 r2=0000 r3=12F8 r4=3D00 r5=2FFC r6=0000 r7=0000 r8=7F06 r9=D848 r10=D8E8 r11=0494 r12=8383 r13=047C r14=0000 r15=43E8
t=74.624088500 pc=00020920 fcw=D8E8 r0=010F r1=0103 r2=0000 r3=12F8 r4=3D00 r5=2FFC r6=0000 r7=0000 r8=7F06 r9=D848 r10=D8E8 r11=0494 r12=8383 r13=047C r14=0000 r15=43E8
t=74.624090000 pc=00020912 fcw=D8E8 r0=010F r1=0103 r2=0000 r3=12F8 r4=3D00 r5=2FFC r6=0000 r7=0000 r8=7F06 r9=D848 r10=D8E8 r11=0494 r12=8383 r13=047C r14=0000 r15=43E8
t=74.624091750 pc=00020914 fcw=D8E8 r0=010F r1=0103 r2=0000 r3=12F8 r4=3D00 r5=2FFC r6=0000 r7=0000 r8=7F06 r9=D848 r10=D8E8 r11=0494 r12=8383 r13=047C r14=0000 r15=43E8
t=74.624093500 pc=00020916 fcw=D8E8 r0=010F r1=0103 r2=0000 r3=12F8 r4=3D00 r5=2FFC r6=0000 r7=0000 r8=7F06 r9=D848 r10=D8E8 r11=0494 r12=8383 r13=047C r14=0000 r15=43E8
t=74.624097000 pc=0002091A fcw=D8E8 r0=010F r1=0103 r2=0000 r3=12F8 r4=3D00 r5=2FFC r6=0000 r7=0000 r8=7F06 r9=D848 r10=D8E8 r11=0494 r12=8383 r13=047C r14=0000 r15=43E8
t=74.624099000 pc=0002091C fcw=D8E8 r0=010F r1=0103 r2=0000 r3=12F8 r4=3D00 r5=2FFC r6=0000 r7=0000 r8=7F06 r9=D848 r10=D8E8 r11=0494 r12=8383 r13=047C r14=0000 r15=43E8
t=74.624100500 pc=0002091E fcw=D8E8 r0=0103 r1=010F r2=0000 r3=12F8 r4=3D00 r5=2FFC r6=0000 r7=0000 r8=7F06 r9=D848 r10=D8E8 r11=0494 r12=8383 r13=047C r14=0000 r15=43E8
t=74.624103250 pc=00020920 fcw=D8E8 r0=0103 r1=010F r2=0000 r3=12F8 r4=3D00 r5=2FFC r6=0000 r7=0000 r8=7F06 r9=D848 r10=D8E8 r11=0494 r12=8383 r13=047C r14=0000 r15=43E8
t=74.624104750 pc=00020912 fcw=D8E8 r0=0103 r1=010F r2=0000 r3=12F8 r4=3D00 r5=2FFC r6=0000 r7=0000 r8=7F06 r9=D848 r10=D8E8 r11=0494 r12=8383 r13=047C r14=0000 r15=43E8
t=74.624106500 pc=00020914 fcw=D8E8 r0=0103 r1=010F r2=0000 r3=12F8 r4=3D00 r5=2FFC r6=0000 r7=0000 r8=7F06 r9=D848 r10=D8E8 r11=0494 r12=8383 r13=047C r14=0000 r15=43E8
t=74.624108250 pc=00020916 fcw=D8E8 r0=0103 r1=010F r2=0000 r3=12F8 r4=3D00 r5=2FFC r6=0000 r7=0000 r8=7F06 r9=D848 r10=D8E8 r11=0494 r12=8383 r13=047C r14=0000 r15=43E8
t=74.624111750 pc=0002091A fcw=D8E8 r0=0103 r1=010F r2=0000 r3=12F8 r4=3D00 r5=2FFC r6=0000 r7=0000 r8=7F06 r9=D848 r10=D8E8 r11=0494 r12=8383 r13=047C r14=0000 r15=43E8
t=74.624113750 pc=0002091C fcw=D8E8 r0=0103 r1=010F r2=0000 r3=12F8 r4=3D00 r5=2FFC r6=0000 r7=0000 r8=7F06 r9=D848 r10=D8E8 r11=0494 r12=8383 r13=047C r14=0000 r15=43E8
t=74.624115250 pc=0002091E fcw=D8E8 r0=010F r1=0103 r2=0000 r3=12F8 r4=3D00 r5=2FFC r6=0000 r7=0000 r8=7F06 r9=D848 r10=D8E8 r11=0494 r12=8383 r13=047C r14=0000 r15=43E8
t=74.624118000 pc=00020920 fcw=D8E8 r0=010F r1=0103 r2=0000 r3=12F8 r4=3D00 r5=2FFC r6=0000 r7=0000 r8=7F06 r9=D848 r10=D8E8 r11=0494 r12=8383 r13=047C r14=0000 r15=43E8
t=74.624119500 pc=00020912 fcw=D8E8 r0=010F r1=0103 r2=0000 r3=12F8 r4=3D00 r5=2FFC r6=0000 r7=0000 r8=7F06 r9=D848 r10=D8E8 r11=0494 r12=8383 r13=047C r14=0000 r15=43E8
t=74.624121250 pc=00020914 fcw=D8E8 r0=010F r1=0103 r2=0000 r3=12F8 r4=3D00 r5=2FFC r6=0000 r7=0000 r8=7F06 r9=D848 r10=D8E8 r11=0494 r12=8383 r13=047C r14=0000 r15=43E8
t=74.624123000 pc=00020916 fcw=D8E8 r0=010F r1=0103 r2=0000 r3=12F8 r4=3D00 r5=2FFC r6=0000 r7=0000 r8=7F06 r9=D848 r10=D8E8 r11=0494 r12=8383 r13=047C r14=0000 r15=43E8
t=74.624126500 pc=0002091A fcw=D8E8 r0=010F r1=0103 r2=0000 r3=12F8 r4=3D00 r5=2FFC r6=0000 r7=0000 r8=7F06 r9=D848 r10=D8E8 r11=0494 r12=8383 r13=047C r14=0000 r15=43E8
t=74.624128500 pc=0002091C fcw=D8E8 r0=010F r1=0103 r2=0000 r3=12F8 r4=3D00 r5=2FFC r6=0000 r7=0000 r8=7F06 r9=D848 r10=D8E8 r11=0494 r12=8383 r13=047C r14=0000 r15=43E8
t=74.624130000 pc=0002091E fcw=D8E8 r0=0103 r1=010F r2=0000 r3=12F8 r4=3D00 r5=2FFC r6=0000 r7=0000 r8=7F06 r9=D848 r10=D8E8 r11=0494 r12=8383 r13=047C r14=0000 r15=43E8
t=74.624132750 pc=00020920 fcw=D8E8 r0=0103 r1=010F r2=0000 r3=12F8 r4=3D00 r5=2FFC r6=0000 r7=0000 r8=7F06 r9=D848 r10=D8E8 r11=0494 r12=8383 r13=047C r14=0000 r15=43E8
t=74.624134250 pc=00020912 fcw=D8E8 r0=0103 r1=010F r2=0000 r3=12F8 r4=3D00 r5=2FFC r6=0000 r7=0000 r8=7F06 r9=D848 r10=D8E8 r11=0494 r12=8383 r13=047C r14=0000 r15=43E8
t=74.624136000 pc=00020914 fcw=D8E8 r0=0103 r1=010F r2=0000 r3=12F8 r4=3D00 r5=2FFC r6=0000 r7=0000 r8=7F06 r9=D848 r10=D8E8 r11=0494 r12=8383 r13=047C r14=0000 r15=43E8
t=74.624137750 pc=00020916 fcw=D8E8 r0=0103 r1=010F r2=0000 r3=12F8 r4=3D00 r5=2FFC r6=0000 r7=0000 r8=7F06 r9=D848 r10=D8E8 r11=0494 r12=8383 r13=047C r14=0000 r15=43E8
t=74.624141250 pc=0002091A fcw=D8E8 r0=0103 r1=010F r2=0000 r3=12F8 r4=3D00 r5=2FFC r6=0000 r7=0000 r8=7F06 r9=D848 r10=D8E8 r11=0494 r12=8383 r13=047C r14=0000 r15=43E8
t=74.624143250 pc=0002091C fcw=D8E8 r0=0103 r1=010F r2=0000 r3=12F8 r4=3D00 r5=2FFC r6=0000 r7=0000 r8=7F06 r9=D848 r10=D8E8 r11=0494 r12=8383 r13=047C r14=0000 r15=43E8
t=74.624144750 pc=0002091E fcw=D8E8 r0=010F r1=0103 r2=0000 r3=12F8 r4=3D00 r5=2FFC r6=0000 r7=0000 r8=7F06 r9=D848 r10=D8E8 r11=0494 r12=8383 r13=047C r14=0000 r15=43E8
t=74.624147500 pc=00020920 fcw=D8E8 r0=010F r1=0103 r2=0000 r3=12F8 r4=3D00 r5=2FFC r6=0000 r7=0000 r8=7F06 r9=D848 r10=D8E8 r11=0494 r12=8383 r13=047C r14=0000 r15=43E8
t=74.624149000 pc=00020912 fcw=D8E8 r0=010F r1=0103 r2=0000 r3=12F8 r4=3D00 r5=2FFC r6=0000 r7=0000 r8=7F06 r9=D848 r10=D8E8 r11=0494 r12=8383 r13=047C r14=0000 r15=43E8
t=74.624150750 pc=00020914 fcw=D8E8 r0=010F r1=0103 r2=0000 r3=12F8 r4=3D00 r5=2FFC r6=0000 r7=0000 r8=7F06 r9=D848 r10=D8E8 r11=0494 r12=8383 r13=047C r14=0000 r15=43E8
t=74.624152500 pc=00020916 fcw=D8E8 r0=010F r1=0103 r2=0000 r3=12F8 r4=3D00 r5=2FFC r6=0000 r7=0000 r8=7F06 r9=D848 r10=D8E8 r11=0494 r12=8383 r13=047C r14=0000 r15=43E8
t=74.624156000 pc=0002091A fcw=D8E8 r0=010F r1=0103 r2=0000 r3=12F8 r4=3D00 r5=2FFC r6=0000 r7=0000 r8=7F06 r9=D848 r10=D8E8 r11=0494 r12=8383 r13=047C r14=0000 r15=43E8
t=74.624158000 pc=0002091C fcw=D8E8 r0=010F r1=0103 r2=0000 r3=12F8 r4=3D00 r5=2FFC r6=0000 r7=0000 r8=7F06 r9=D848 r10=D8E8 r11=0494 r12=8383 r13=047C r14=0000 r15=43E8
t=74.624159500 pc=0002091E fcw=D8E8 r0=0103 r1=010F r2=0000 r3=12F8 r4=3D00 r5=2FFC r6=0000 r7=0000 r8=7F06 r9=D848 r10=D8E8 r11=0494 r12=8383 r13=047C r14=0000 r15=43E8
t=74.624162250 pc=00020920 fcw=D8E8 r0=0103 r1=010F r2=0000 r3=12F8 r4=3D00 r5=2FFC r6=0000 r7=0000 r8=7F06 r9=D848 r10=D8E8 r11=0494 r12=8383 r13=047C r14=0000 r15=43E8
t=74.624163750 pc=00020912 fcw=D8E8 r0=0103 r1=010F r2=0000 r3=12F8 r4=3D00 r5=2FFC r6=0000 r7=0000 r8=7F06 r9=D848 r10=D8E8 r11=0494 r12=8383 r13=047C r14=0000 r15=43E8
t=74.624165500 pc=00020914 fcw=D8E8 r0=0103 r1=010F r2=0000 r3=12F8 r4=3D00 r5=2FFC r6=0000 r7=0000 r8=7F06 r9=D848 r10=D8E8 r11=0494 r12=8383 r13=047C r14=0000 r15=43E8
t=74.624167250 pc=00020916 fcw=D8E8 r0=0103 r1=010F r2=0000 r3=12F8 r4=3D00 r5=2FFC r6=0000 r7=0000 r8=7F06 r9=D848 r10=D8E8 r11=0494 r12=8383 r13=047C r14=0000 r15=43E8
t=74.624170750 pc=0002091A fcw=D8E8 r0=0103 r1=010F r2=0000 r3=12F8 r4=3D00 r5=2FFC r6=0000 r7=0000 r8=7F06 r9=D848 r10=D8E8 r11=0494 r12=8383 r13=047C r14=0000 r15=43E8
t=74.624172750 pc=0002091C fcw=D8E8 r0=0103 r1=010F r2=0000 r3=12F8 r4=3D00 r5=2FFC r6=0000 r7=0000 r8=7F06 r9=D848 r10=D8E8 r11=0494 r12=8383 r13=047C r14=0000 r15=43E8
t=74.624174250 pc=0002091E fcw=D8E8 r0=010F r1=0103 r2=0000 r3=12F8 r4=3D00 r5=2FFC r6=0000 r7=0000 r8=7F06 r9=D848 r10=D8E8 r11=0494 r12=8383 r13=047C r14=0000 r15=43E8
t=74.624177000 pc=00020920 fcw=D8E8 r0=010F r1=0103 r2=0000 r3=12F8 r4=3D00 r5=2FFC r6=0000 r7=0000 r8=7F06 r9=D848 r10=D8E8 r11=0494 r12=8383 r13=047C r14=0000 r15=43E8
t=74.624178500 pc=00020912 fcw=D8E8 r0=010F r1=0103 r2=0000 r3=12F8 r4=3D00 r5=2FFC r6=0000 r7=0000 r8=7F06 r9=D848 r10=D8E8 r11=0494 r12=8383 r13=047C r14=0000 r15=43E8
t=74.624180250 pc=00020914 fcw=D8E8 r0=010F r1=0103 r2=0000 r3=12F8 r4=3D00 r5=2FFC r6=0000 r7=0000 r8=7F06 r9=D848 r10=D8E8 r11=0494 r12=8383 r13=047C r14=0000 r15=43E8
t=74.624182000 pc=00020916 fcw=D8E8 r0=010F r1=0103 r2=0000 r3=12F8 r4=3D00 r5=2FFC r6=0000 r7=0000 r8=7F06 r9=D848 r10=D8E8 r11=0494 r12=8383 r13=047C r14=0000 r15=43E8
t=74.624185500 pc=0002091A fcw=D8E8 r0=010F r1=0103 r2=0000 r3=12F8 r4=3D00 r5=2FFC r6=0000 r7=0000 r8=7F06 r9=D848 r10=D8E8 r11=0494 r12=8383 r13=047C r14=0000 r15=43E8
t=74.624187500 pc=0002091C fcw=D8E8 r0=010F r1=0103 r2=0000 r3=12F8 r4=3D00 r5=2FFC r6=0000 r7=0000 r8=7F06 r9=D848 r10=D8E8 r11=0494 r12=8383 r13=047C r14=0000 r15=43E8
t=74.624189000 pc=0002091E fcw=D8E8 r0=0103 r1=010F r2=0000 r3=12F8 r4=3D00 r5=2FFC r6=0000 r7=0000 r8=7F06 r9=D848 r10=D8E8 r11=0494 r12=8383 r13=047C r14=0000 r15=43E8
t=74.624191750 pc=00020920 fcw=D8E8 r0=0103 r1=010F r2=0000 r3=12F8 r4=3D00 r5=2FFC r6=0000 r7=0000 r8=7F06 r9=D848 r10=D8E8 r11=0494 r12=8383 r13=047C r14=0000 r15=43E8
t=74.624193250 pc=00020912 fcw=D8E8 r0=0103 r1=010F r2=0000 r3=12F8 r4=3D00 r5=2FFC r6=0000 r7=0000 r8=7F06 r9=D848 r10=D8E8 r11=0494 r12=8383 r13=047C r14=0000 r15=43E8
t=74.624195000 pc=00020914 fcw=D8E8 r0=0103 r1=010F r2=0000 r3=12F8 r4=3D00 r5=2FFC r6=0000 r7=0000 r8=7F06 r9=D848 r10=D8E8 r11=0494 r12=8383 r13=047C r14=0000 r15=43E8
t=74.624196750 pc=00020916 fcw=D8E8 r0=0103 r1=010F r2=0000 r3=12F8 r4=3D00 r5=2FFC r6=0000 r7=0000 r8=7F06 r9=D848 r10=D8E8 r11=0494 r12=8383 r13=047C r14=0000 r15=43E8
t=74.624200250 pc=0002091A fcw=D8E8 r0=0103 r1=010F r2=0000 r3=12F8 r4=3D00 r5=2FFC r6=0000 r7=0000 r8=7F06 r9=D848 r10=D8E8 r11=0494 r12=8383 r13=047C r14=0000 r15=43E8
t=74.624202250 pc=0002091C fcw=D8E8 r0=0103 r1=010F r2=0000 r3=12F8 r4=3D00 r5=2FFC r6=0000 r7=0000 r8=7F06 r9=D848 r10=D8E8 r11=0494 r12=8383 r13=047C r14=0000 r15=43E8
t=74.624203750 pc=0002091E fcw=D8E8 r0=010F r1=0103 r2=0000 r3=12F8 r4=3D00 r5=2FFC r6=0000 r7=0000 r8=7F06 r9=D848 r10=D8E8 r11=0494 r12=8383 r13=047C r14=0000 r15=43E8
t=74.624206500 pc=00020920 fcw=D8E8 r0=010F r1=0103 r2=0000 r3=12F8 r4=3D00 r5=2FFC r6=0000 r7=0000 r8=7F06 r9=D848 r10=D8E8 r11=0494 r12=8383 r13=047C r14=0000 r15=43E8
t=74.624208000 pc=00020912 fcw=D8E8 r0=010F r1=0103 r2=0000 r3=12F8 r4=3D00 r5=2FFC r6=0000 r7=0000 r8=7F06 r9=D848 r10=D8E8 r11=0494 r12=8383 r13=047C r14=0000 r15=43E8
t=74.624209750 pc=00020914 fcw=D8E8 r0=010F r1=0103 r2=0000 r3=12F8 r4=3D00 r5=2FFC r6=0000 r7=0000 r8=7F06 r9=D848 r10=D8E8 r11=0494 r12=8383 r13=047C r14=0000 r15=43E8
t=74.624211500 pc=00020916 fcw=D8E8 r0=010F r1=0103 r2=0000 r3=12F8 r4=3D00 r5=2FFC r6=0000 r7=0000 r8=7F06 r9=D848 r10=D8E8 r11=0494 r12=8383 r13=047C r14=0000 r15=43E8
t=74.624215000 pc=0002091A fcw=D8E8 r0=010F r1=0103 r2=0000 r3=12F8 r4=3D00 r5=2FFC r6=0000 r7=0000 r8=7F06 r9=D848 r10=D8E8 r11=0494 r12=8383 r13=047C r14=0000 r15=43E8
t=74.624217000 pc=0002091C fcw=D8E8 r0=010F r1=0103 r2=0000 r3=12F8 r4=3D00 r5=2FFC r6=0000 r7=0000 r8=7F06 r9=D848 r10=D8E8 r11=0494 r12=8383 r13=047C r14=0000 r15=43E8
t=74.624218500 pc=0002091E fcw=D8E8 r0=0103 r1=010F r2=0000 r3=12F8 r4=3D00 r5=2FFC r6=0000 r7=0000 r8=7F06 r9=D848 r10=D8E8 r11=0494 r12=8383 r13=047C r14=0000 r15=43E8
t=74.624221250 pc=00020920 fcw=D8E8 r0=0103 r1=010F r2=0000 r3=12F8 r4=3D00 r5=2FFC r6=0000 r7=0000 r8=7F06 r9=D848 r10=D8E8 r11=0494 r12=8383 r13=047C r14=0000 r15=43E8
t=74.624222750 pc=00020912 fcw=D8E8 r0=0103 r1=010F r2=0000 r3=12F8 r4=3D00 r5=2FFC r6=0000 r7=0000 r8=7F06 r9=D848 r10=D8E8 r11=0494 r12=8383 r13=047C r14=0000 r15=43E8
t=74.624224500 pc=00020914 fcw=D8E8 r0=0103 r1=010F r2=0000 r3=12F8 r4=3D00 r5=2FFC r6=0000 r7=0000 r8=7F06 r9=D848 r10=D8E8 r11=0494 r12=8383 r13=047C r14=0000 r15=43E8
t=74.624226250 pc=00020916 fcw=D8E8 r0=0103 r1=010F r2=0000 r3=12F8 r4=3D00 r5=2FFC r6=0000 r7=0000 r8=7F06 r9=D848 r10=D8E8 r11=0494 r12=8383 r13=047C r14=0000 r15=43E8
t=74.624229750 pc=0002091A fcw=D8E8 r0=0103 r1=010F r2=0000 r3=12F8 r4=3D00 r5=2FFC r6=0000 r7=0000 r8=7F06 r9=D848 r10=D8E8 r11=0494 r12=8383 r13=047C r14=0000 r15=43E8
t=74.624231750 pc=0002091C fcw=D8E8 r0=0103 r1=010F r2=0000 r3=12F8 r4=3D00 r5=2FFC r6=0000 r7=0000 r8=7F06 r9=D848 r10=D8E8 r11=0494 r12=8383 r13=047C r14=0000 r15=43E8
t=74.624233250 pc=0002091E fcw=D8E8 r0=010F r1=0103 r2=0000 r3=12F8 r4=3D00 r5=2FFC r6=0000 r7=0000 r8=7F06 r9=D848 r10=D8E8 r11=0494 r12=8383 r13=047C r14=0000 r15=43E8
t=74.624236000 pc=00020920 fcw=D8E8 r0=010F r1=0103 r2=0000 r3=12F8 r4=3D00 r5=2FFC r6=0000 r7=0000 r8=7F06 r9=D848 r10=D8E8 r11=0494 r12=8383 r13=047C r14=0000 r15=43E8
t=74.624237500 pc=00020912 fcw=D8E8 r0=010F r1=0103 r2=0000 r3=12F8 r4=3D00 r5=2FFC r6=0000 r7=0000 r8=7F06 r9=D848 r10=D8E8 r11=0494 r12=8383 r13=047C r14=0000 r15=43E8
t=74.624239250 pc=00020914 fcw=D8E8 r0=010F r1=0103 r2=0000 r3=12F8 r4=3D00 r5=2FFC r6=0000 r7=0000 r8=7F06 r9=D848 r10=D8E8 r11=0494 r12=8383 r13=047C r14=0000 r15=43E8
t=74.624241000 pc=00020916 fcw=D8E8 r0=010F r1=0103 r2=0000 r3=12F8 r4=3D00 r5=2FFC r6=0000 r7=0000 r8=7F06 r9=D848 r10=D8E8 r11=0494 r12=8383 r13=047C r14=0000 r15=43E8
t=74.624244500 pc=0002091A fcw=D8E8 r0=010F r1=0103 r2=0000 r3=12F8 r4=3D00 r5=2FFC r6=0000 r7=0000 r8=7F06 r9=D848 r10=D8E8 r11=0494 r12=8383 r13=047C r14=0000 r15=43E8
t=74.624246500 pc=0002091C fcw=D8E8 r0=010F r1=0103 r2=0000 r3=12F8 r4=3D00 r5=2FFC r6=0000 r7=0000 r8=7F06 r9=D848 r10=D8E8 r11=0494 r12=8383 r13=047C r14=0000 r15=43E8
t=74.624248000 pc=0002091E fcw=D8E8 r0=0103 r1=010F r2=0000 r3=12F8 r4=3D00 r5=2FFC r6=0000 r7=0000 r8=7F06 r9=D848 r10=D8E8 r11=0494 r12=8383 r13=047C r14=0000 r15=43E8
t=74.624250750 pc=00020920 fcw=D8E8 r0=0103 r1=010F r2=0000 r3=12F8 r4=3D00 r5=2FFC r6=0000 r7=0000 r8=7F06 r9=D848 r10=D8E8 r11=0494 r12=8383 r13=047C r14=0000 r15=43E8
t=74.624252250 pc=00020912 fcw=D8E8 r0=0103 r1=010F r2=0000 r3=12F8 r4=3D00 r5=2FFC r6=0000 r7=0000 r8=7F06 r9=D848 r10=D8E8 r11=0494 r12=8383 r13=047C r14=0000 r15=43E8
t=74.624254000 pc=00020914 fcw=D8E8 r0=0103 r1=010F r2=0000 r3=12F8 r4=3D00 r5=2FFC r6=0000 r7=0000 r8=7F06 r9=D848 r10=D8E8 r11=0494 r12=8383 r13=047C r14=0000 r15=43E8
t=74.624255750 pc=00020916 fcw=D8E8 r0=0103 r1=010F r2=0000 r3=12F8 r4=3D00 r5=2FFC r6=0000 r7=0000 r8=7F06 r9=D848 r10=D8E8 r11=0494 r12=8383 r13=047C r14=0000 r15=43E8
t=74.624259250 pc=0002091A fcw=D8E8 r0=0103 r1=010F r2=0000 r3=12F8 r4=3D00 r5=2FFC r6=0000 r7=0000 r8=7F06 r9=D848 r10=D8E8 r11=0494 r12=8383 r13=047C r14=0000 r15=43E8
t=74.624261250 pc=0002091C fcw=D8E8 r0=0103 r1=010F r2=0000 r3=12F8 r4=3D00 r5=2FFC r6=0000 r7=0000 r8=7F06 r9=D848 r10=D8E8 r11=0494 r12=8383 r13=047C r14=0000 r15=43E8
t=74.624262750 pc=0002091E fcw=D8E8 r0=010F r1=0103 r2=0000 r3=12F8 r4=3D00 r5=2FFC r6=0000 r7=0000 r8=7F06 r9=D848 r10=D8E8 r11=0494 r12=8383 r13=047C r14=0000 r15=43E8
t=74.624265500 pc=00020920 fcw=D8E8 r0=010F r1=0103 r2=0000 r3=12F8 r4=3D00 r5=2FFC r6=0000 r7=0000 r8=7F06 r9=D848 r10=D8E8 r11=0494 r12=8383 r13=047C r14=0000 r15=43E8
t=74.624267000 pc=00020912 fcw=D8E8 r0=010F r1=0103 r2=0000 r3=12F8 r4=3D00 r5=2FFC r6=0000 r7=0000 r8=7F06 r9=D848 r10=D8E8 r11=0494 r12=8383 r13=047C r14=0000 r15=43E8
t=74.624268750 pc=00020914 fcw=D8E8 r0=010F r1=0103 r2=0000 r3=12F8 r4=3D00 r5=2FFC r6=0000 r7=0000 r8=7F06 r9=D848 r10=D8E8 r11=0494 r12=8383 r13=047C r14=0000 r15=43E8
t=74.624270500 pc=00020916 fcw=D8E8 r0=010F r1=0103 r2=0000 r3=12F8 r4=3D00 r5=2FFC r6=0000 r7=0000 r8=7F06 r9=D848 r10=D8E8 r11=0494 r12=8383 r13=047C r14=0000 r15=43E8
t=74.624274000 pc=0002091A fcw=D8E8 r0=010F r1=0103 r2=0000 r3=12F8 r4=3D00 r5=2FFC r6=0000 r7=0000 r8=7F06 r9=D848 r10=D8E8 r11=0494 r12=8383 r13=047C r14=0000 r15=43E8
t=74.624276000 pc=0002091C fcw=D8E8 r0=010F r1=0103 r2=0000 r3=12F8 r4=3D00 r5=2FFC r6=0000 r7=0000 r8=7F06 r9=D848 r10=D8E8 r11=0494 r12=8383 r13=047C r14=0000 r15=43E8
t=74.624277500 pc=0002091E fcw=D8E8 r0=0103 r1=010F r2=0000 r3=12F8 r4=3D00 r5=2FFC r6=0000 r7=0000 r8=7F06 r9=D848 r10=D8E8 r11=0494 r12=8383 r13=047C r14=0000 r15=43E8
t=74.624280250 pc=00020920 fcw=D8E8 r0=0103 r1=010F r2=0000 r3=12F8 r4=3D00 r5=2FFC r6=0000 r7=0000 r8=7F06 r9=D848 r10=D8E8 r11=0494 r12=8383 r13=047C r14=0000 r15=43E8
t=74.624281750 pc=00020912 fcw=D8E8 r0=0103 r1=010F r2=0000 r3=12F8 r4=3D00 r5=2FFC r6=0000 r7=0000 r8=7F06 r9=D848 r10=D8E8 r11=0494 r12=8383 r13=047C r14=0000 r15=43E8
t=74.624283500 pc=00020914 fcw=D8E8 r0=0103 r1=010F r2=0000 r3=12F8 r4=3D00 r5=2FFC r6=0000 r7=0000 r8=7F06 r9=D848 r10=D8E8 r11=0494 r12=8383 r13=047C r14=0000 r15=43E8
t=74.624285250 pc=00020916 fcw=D8E8 r0=0103 r1=010F r2=0000 r3=12F8 r4=3D00 r5=2FFC r6=0000 r7=0000 r8=7F06 r9=D848 r10=D8E8 r11=0494 r12=8383 r13=047C r14=0000 r15=43E8
t=74.624288750 pc=0002091A fcw=D8E8 r0=0103 r1=010F r2=0000 r3=12F8 r4=3D00 r5=2FFC r6=0000 r7=0000 r8=7F06 r9=D848 r10=D8E8 r11=0494 r12=8383 r13=047C r14=0000 r15=43E8
t=74.624290750 pc=0002091C fcw=D8E8 r0=0103 r1=010F r2=0000 r3=12F8 r4=3D00 r5=2FFC r6=0000 r7=0000 r8=7F06 r9=D848 r10=D8E8 r11=0494 r12=8383 r13=047C r14=0000 r15=43E8
t=74.624292250 pc=0002091E fcw=D8E8 r0=010F r1=0103 r2=0000 r3=12F8 r4=3D00 r5=2FFC r6=0000 r7=0000 r8=7F06 r9=D848 r10=D8E8 r11=0494 r12=8383 r13=047C r14=0000 r15=43E8
t=74.624295000 pc=00020920 fcw=D8E8 r0=010F r1=0103 r2=0000 r3=12F8 r4=3D00 r5=2FFC r6=0000 r7=0000 r8=7F06 r9=D848 r10=D8E8 r11=0494 r12=8383 r13=047C r14=0000 r15=43E8
t=74.624296500 pc=00020912 fcw=D8E8 r0=010F r1=0103 r2=0000 r3=12F8 r4=3D00 r5=2FFC r6=0000 r7=0000 r8=7F06 r9=D848 r10=D8E8 r11=0494 r12=8383 r13=047C r14=0000 r15=43E8
t=74.624298250 pc=00020914 fcw=D8E8 r0=010F r1=0103 r2=0000 r3=12F8 r4=3D00 r5=2FFC r6=0000 r7=0000 r8=7F06 r9=D848 r10=D8E8 r11=0494 r12=8383 r13=047C r14=0000 r15=43E8
t=74.624300000 pc=00020916 fcw=D8E8 r0=010F r1=0103 r2=0000 r3=12F8 r4=3D00 r5=2FFC r6=0000 r7=0000 r8=7F06 r9=D848 r10=D8E8 r11=0494 r12=8383 r13=047C r14=0000 r15=43E8
t=74.624303500 pc=0002091A fcw=D8E8 r0=010F r1=0103 r2=0000 r3=12F8 r4=3D00 r5=2FFC r6=0000 r7=0000 r8=7F06 r9=D848 r10=D8E8 r11=0494 r12=8383 r13=047C r14=0000 r15=43E8
t=74.624305500 pc=0002091C fcw=D8E8 r0=010F r1=0103 r2=0000 r3=12F8 r4=3D00 r5=2FFC r6=0000 r7=0000 r8=7F06 r9=D848 r10=D8E8 r11=0494 r12=8383 r13=047C r14=0000 r15=43E8
t=74.624307000 pc=0002091E fcw=D8E8 r0=0103 r1=010F r2=0000 r3=12F8 r4=3D00 r5=2FFC r6=0000 r7=0000 r8=7F06 r9=D848 r10=D8E8 r11=0494 r12=8383 r13=047C r14=0000 r15=43E8
t=74.624309750 pc=00020920 fcw=D8E8 r0=0103 r1=010F r2=0000 r3=12F8 r4=3D00 r5=2FFC r6=0000 r7=0000 r8=7F06 r9=D848 r10=D8E8 r11=0494 r12=8383 r13=047C r14=0000 r15=43E8
t=74.624311250 pc=00020912 fcw=D8E8 r0=0103 r1=010F r2=0000 r3=12F8 r4=3D00 r5=2FFC r6=0000 r7=0000 r8=7F06 r9=D848 r10=D8E8 r11=0494 r12=8383 r13=047C r14=0000 r15=43E8
t=74.624313000 pc=00020914 fcw=D8E8 r0=0103 r1=010F r2=0000 r3=12F8 r4=3D00 r5=2FFC r6=0000 r7=0000 r8=7F06 r9=D848 r10=D8E8 r11=0494 r12=8383 r13=047C r14=0000 r15=43E8
t=74.624314750 pc=00020916 fcw=D8E8 r0=0103 r1=010F r2=0000 r3=12F8 r4=3D00 r5=2FFC r6=0000 r7=0000 r8=7F06 r9=D848 r10=D8E8 r11=0494 r12=8383 r13=047C r14=0000 r15=43E8
t=74.624318250 pc=0002091A fcw=D8E8 r0=0103 r1=010F r2=0000 r3=12F8 r4=3D00 r5=2FFC r6=0000 r7=0000 r8=7F06 r9=D848 r10=D8E8 r11=0494 r12=8383 r13=047C r14=0000 r15=43E8
t=74.624320250 pc=0002091C fcw=D8E8 r0=0103 r1=010F r2=0000 r3=12F8 r4=3D00 r5=2FFC r6=0000 r7=0000 r8=7F06 r9=D848 r10=D8E8 r11=0494 r12=8383 r13=047C r14=0000 r15=43E8
t=74.624321750 pc=0002091E fcw=D8E8 r0=010F r1=0103 r2=0000 r3=12F8 r4=3D00 r5=2FFC r6=0000 r7=0000 r8=7F06 r9=D848 r10=D8E8 r11=0494 r12=8383 r13=047C r14=0000 r15=43E8
t=74.624324500 pc=00020920 fcw=D8E8 r0=010F r1=0103 r2=0000 r3=12F8 r4=3D00 r5=2FFC r6=0000 r7=0000 r8=7F06 r9=D848 r10=D8E8 r11=0494 r12=8383 r13=047C r14=0000 r15=43E8
t=74.624326000 pc=00020912 fcw=D8E8 r0=010F r1=0103 r2=0000 r3=12F8 r4=3D00 r5=2FFC r6=0000 r7=0000 r8=7F06 r9=D848 r10=D8E8 r11=0494 r12=8383 r13=047C r14=0000 r15=43E8
t=74.624327750 pc=00020914 fcw=D8E8 r0=010F r1=0103 r2=0000 r3=12F8 r4=3D00 r5=2FFC r6=0000 r7=0000 r8=7F06 r9=D848 r10=D8E8 r11=0494 r12=8383 r13=047C r14=0000 r15=43E8
t=74.624329500 pc=00020916 fcw=D8E8 r0=010F r1=0103 r2=0000 r3=12F8 r4=3D00 r5=2FFC r6=0000 r7=0000 r8=7F06 r9=D848 r10=D8E8 r11=0494 r12=8383 r13=047C r14=0000 r15=43E8
t=74.624333000 pc=0002091A fcw=D8E8 r0=010F r1=0103 r2=0000 r3=12F8 r4=3D00 r5=2FFC r6=0000 r7=0000 r8=7F06 r9=D848 r10=D8E8 r11=0494 r12=8383 r13=047C r14=0000 r15=43E8
t=74.624335000 pc=0002091C fcw=D8E8 r0=010F r1=0103 r2=0000 r3=12F8 r4=3D00 r5=2FFC r6=0000 r7=0000 r8=7F06 r9=D848 r10=D8E8 r11=0494 r12=8383 r13=047C r14=0000 r15=43E8
t=74.624336500 pc=0002091E fcw=D8E8 r0=0103 r1=010F r2=0000 r3=12F8 r4=3D00 r5=2FFC r6=0000 r7=0000 r8=7F06 r9=D848 r10=D8E8 r11=0494 r12=8383 r13=047C r14=0000 r15=43E8
t=74.624339250 pc=00020920 fcw=D8E8 r0=0103 r1=010F r2=0000 r3=12F8 r4=3D00 r5=2FFC r6=0000 r7=0000 r8=7F06 r9=D848 r10=D8E8 r11=0494 r12=8383 r13=047C r14=0000 r15=43E8
t=74.624340750 pc=00020912 fcw=D8E8 r0=0103 r1=010F r2=0000 r3=12F8 r4=3D00 r5=2FFC r6=0000 r7=0000 r8=7F06 r9=D848 r10=D8E8 r11=0494 r12=8383 r13=047C r14=0000 r15=43E8
t=74.624342500 pc=00020914 fcw=D8E8 r0=0103 r1=010F r2=0000 r3=12F8 r4=3D00 r5=2FFC r6=0000 r7=0000 r8=7F06 r9=D848 r10=D8E8 r11=0494 r12=8383 r13=047C r14=0000 r15=43E8
t=74.624344250 pc=00020916 fcw=D8E8 r0=0103 r1=010F r2=0000 r3=12F8 r4=3D00 r5=2FFC r6=0000 r7=0000 r8=7F06 r9=D848 r10=D8E8 r11=0494 r12=8383 r13=047C r14=0000 r15=43E8
t=74.624347750 pc=0002091A fcw=D8E8 r0=0103 r1=010F r2=0000 r3=12F8 r4=3D00 r5=2FFC r6=0000 r7=0000 r8=7F06 r9=D848 r10=D8E8 r11=0494 r12=8383 r13=047C r14=0000 r15=43E8
t=74.624349750 pc=0002091C fcw=D8E8 r0=0103 r1=010F r2=0000 r3=12F8 r4=3D00 r5=2FFC r6=0000 r7=0000 r8=7F06 r9=D848 r10=D8E8 r11=0494 r12=8383 r13=047C r14=0000 r15=43E8
t=74.624351250 pc=0002091E fcw=D8E8 r0=010F r1=0103 r2=0000 r3=12F8 r4=3D00 r5=2FFC r6=0000 r7=0000 r8=7F06 r9=D848 r10=D8E8 r11=0494 r12=8383 r13=047C r14=0000 r15=43E8
t=74.624354000 pc=00020920 fcw=D8E8 r0=010F r1=0103 r2=0000 r3=12F8 r4=3D00 r5=2FFC r6=0000 r7=0000 r8=7F06 r9=D848 r10=D8E8 r11=0494 r12=8383 r13=047C r14=0000 r15=43E8
t=74.624355500 pc=00020912 fcw=D8E8 r0=010F r1=0103 r2=0000 r3=12F8 r4=3D00 r5=2FFC r6=0000 r7=0000 r8=7F06 r9=D848 r10=D8E8 r11=0494 r12=8383 r13=047C r14=0000 r15=43E8
t=74.624357250 pc=00020914 fcw=D8E8 r0=010F r1=0103 r2=0000 r3=12F8 r4=3D00 r5=2FFC r6=0000 r7=0000 r8=7F06 r9=D848 r10=D8E8 r11=0494 r12=8383 r13=047C r14=0000 r15=43E8
t=74.624359000 pc=00020916 fcw=D8E8 r0=010F r1=0103 r2=0000 r3=12F8 r4=3D00 r5=2FFC r6=0000 r7=0000 r8=7F06 r9=D848 r10=D8E8 r11=0494 r12=8383 r13=047C r14=0000 r15=43E8
t=74.624362500 pc=0002091A fcw=D8E8 r0=010F r1=0103 r2=0000 r3=12F8 r4=3D00 r5=2FFC r6=0000 r7=0000 r8=7F06 r9=D848 r10=D8E8 r11=0494 r12=8383 r13=047C r14=0000 r15=43E8
t=74.624364500 pc=0002091C fcw=D8E8 r0=010F r1=0103 r2=0000 r3=12F8 r4=3D00 r5=2FFC r6=0000 r7=0000 r8=7F06 r9=D848 r10=D8E8 r11=0494 r12=8383 r13=047C r14=0000 r15=43E8
t=74.624366000 pc=0002091E fcw=D8E8 r0=0103 r1=010F r2=0000 r3=12F8 r4=3D00 r5=2FFC r6=0000 r7=0000 r8=7F06 r9=D848 r10=D8E8 r11=0494 r12=8383 r13=047C r14=0000 r15=43E8
t=74.624368750 pc=00020920 fcw=D8E8 r0=0103 r1=010F r2=0000 r3=12F8 r4=3D00 r5=2FFC r6=0000 r7=0000 r8=7F06 r9=D848 r10=D8E8 r11=0494 r12=8383 r13=047C r14=0000 r15=43E8
t=74.624370250 pc=00020912 fcw=D8E8 r0=0103 r1=010F r2=0000 r3=12F8 r4=3D00 r5=2FFC r6=0000 r7=0000 r8=7F06 r9=D848 r10=D8E8 r11=0494 r12=8383 r13=047C r14=0000 r15=43E8
t=74.624372000 pc=00020914 fcw=D8E8 r0=0103 r1=010F r2=0000 r3=12F8 r4=3D00 r5=2FFC r6=0000 r7=0000 r8=7F06 r9=D848 r10=D8E8 r11=0494 r12=8383 r13=047C r14=0000 r15=43E8
t=74.624373750 pc=00020916 fcw=D8E8 r0=0103 r1=010F r2=0000 r3=12F8 r4=3D00 r5=2FFC r6=0000 r7=0000 r8=7F06 r9=D848 r10=D8E8 r11=0494 r12=8383 r13=047C r14=0000 r15=43E8
t=74.624377250 pc=0002091A fcw=D8E8 r0=0103 r1=010F r2=0000 r3=12F8 r4=3D00 r5=2FFC r6=0000 r7=0000 r8=7F06 r9=D848 r10=D8E8 r11=0494 r12=8383 r13=047C r14=0000 r15=43E8
t=74.624379250 pc=0002091C fcw=D8E8 r0=0103 r1=010F r2=0000 r3=12F8 r4=3D00 r5=2FFC r6=0000 r7=0000 r8=7F06 r9=D848 r10=D8E8 r11=0494 r12=8383 r13=047C r14=0000 r15=43E8
t=74.624380750 pc=0002091E fcw=D8E8 r0=010F r1=0103 r2=0000 r3=12F8 r4=3D00 r5=2FFC r6=0000 r7=0000 r8=7F06 r9=D848 r10=D8E8 r11=0494 r12=8383 r13=047C r14=0000 r15=43E8
t=74.624383500 pc=00020920 fcw=D8E8 r0=010F r1=0103 r2=0000 r3=12F8 r4=3D00 r5=2FFC r6=0000 r7=0000 r8=7F06 r9=D848 r10=D8E8 r11=0494 r12=8383 r13=047C r14=0000 r15=43E8
t=74.624385000 pc=00020912 fcw=D8E8 r0=010F r1=0103 r2=0000 r3=12F8 r4=3D00 r5=2FFC r6=0000 r7=0000 r8=7F06 r9=D848 r10=D8E8 r11=0494 r12=8383 r13=047C r14=0000 r15=43E8
t=74.624386750 pc=00020914 fcw=D8E8 r0=010F r1=0103 r2=0000 r3=12F8 r4=3D00 r5=2FFC r6=0000 r7=0000 r8=7F06 r9=D848 r10=D8E8 r11=0494 r12=8383 r13=047C r14=0000 r15=43E8
t=74.624388500 pc=00020916 fcw=D8E8 r0=010F r1=0103 r2=0000 r3=12F8 r4=3D00 r5=2FFC r6=0000 r7=0000 r8=7F06 r9=D848 r10=D8E8 r11=0494 r12=8383 r13=047C r14=0000 r15=43E8
t=74.624392000 pc=0002091A fcw=D8E8 r0=010F r1=0103 r2=0000 r3=12F8 r4=3D00 r5=2FFC r6=0000 r7=0000 r8=7F06 r9=D848 r10=D8E8 r11=0494 r12=8383 r13=047C r14=0000 r15=43E8
t=74.624394000 pc=0002091C fcw=D8E8 r0=010F r1=0103 r2=0000 r3=12F8 r4=3D00 r5=2FFC r6=0000 r7=0000 r8=7F06 r9=D848 r10=D8E8 r11=0494 r12=8383 r13=047C r14=0000 r15=43E8
t=74.624395500 pc=0002091E fcw=D8E8 r0=0103 r1=010F r2=0000 r3=12F8 r4=3D00 r5=2FFC r6=0000 r7=0000 r8=7F06 r9=D848 r10=D8E8 r11=0494 r12=8383 r13=047C r14=0000 r15=43E8
t=74.624398250 pc=00020920 fcw=D8E8 r0=0103 r1=010F r2=0000 r3=12F8 r4=3D00 r5=2FFC r6=0000 r7=0000 r8=7F06 r9=D848 r10=D8E8 r11=0494 r12=8383 r13=047C r14=0000 r15=43E8
t=74.624399750 pc=00020912 fcw=D8E8 r0=0103 r1=010F r2=0000 r3=12F8 r4=3D00 r5=2FFC r6=0000 r7=0000 r8=7F06 r9=D848 r10=D8E8 r11=0494 r12=8383 r13=047C r14=0000 r15=43E8
t=74.624401500 pc=00020914 fcw=D8E8 r0=0103 r1=010F r2=0000 r3=12F8 r4=3D00 r5=2FFC r6=0000 r7=0000 r8=7F06 r9=D848 r10=D8E8 r11=0494 r12=8383 r13=047C r14=0000 r15=43E8
t=74.624403250 pc=00020916 fcw=D8E8 r0=0103 r1=010F r2=0000 r3=12F8 r4=3D00 r5=2FFC r6=0000 r7=0000 r8=7F06 r9=D848 r10=D8E8 r11=0494 r12=8383 r13=047C r14=0000 r15=43E8
t=74.624406750 pc=0002091A fcw=D8E8 r0=0103 r1=010F r2=0000 r3=12F8 r4=3D00 r5=2FFC r6=0000 r7=0000 r8=7F06 r9=D848 r10=D8E8 r11=0494 r12=8383 r13=047C r14=0000 r15=43E8
t=74.624408750 pc=0002091C fcw=D8E8 r0=0103 r1=010F r2=0000 r3=12F8 r4=3D00 r5=2FFC r6=0000 r7=0000 r8=7F06 r9=D848 r10=D8E8 r11=0494 r12=8383 r13=047C r14=0000 r15=43E8
t=74.624410250 pc=0002091E fcw=D8E8 r0=010F r1=0103 r2=0000 r3=12F8 r4=3D00 r5=2FFC r6=0000 r7=0000 r8=7F06 r9=D848 r10=D8E8 r11=0494 r12=8383 r13=047C r14=0000 r15=43E8
t=74.624413000 pc=00020920 fcw=D8E8 r0=010F r1=0103 r2=0000 r3=12F8 r4=3D00 r5=2FFC r6=0000 r7=0000 r8=7F06 r9=D848 r10=D8E8 r11=0494 r12=8383 r13=047C r14=0000 r15=43E8
t=74.624414500 pc=00020912 fcw=D8E8 r0=010F r1=0103 r2=0000 r3=12F8 r4=3D00 r5=2FFC r6=0000 r7=0000 r8=7F06 r9=D848 r10=D8E8 r11=0494 r12=8383 r13=047C r14=0000 r15=43E8
t=74.624416250 pc=00020914 fcw=D8E8 r0=010F r1=0103 r2=0000 r3=12F8 r4=3D00 r5=2FFC r6=0000 r7=0000 r8=7F06 r9=D848 r10=D8E8 r11=0494 r12=8383 r13=047C r14=0000 r15=43E8
t=74.624418000 pc=00020916 fcw=D8E8 r0=010F r1=0103 r2=0000 r3=12F8 r4=3D00 r5=2FFC r6=0000 r7=0000 r8=7F06 r9=D848 r10=D8E8 r11=0494 r12=8383 r13=047C r14=0000 r15=43E8
t=74.624421500 pc=0002091A fcw=D8E8 r0=010F r1=0103 r2=0000 r3=12F8 r4=3D00 r5=2FFC r6=0000 r7=0000 r8=7F06 r9=D848 r10=D8E8 r11=0494 r12=8383 r13=047C r14=0000 r15=43E8
t=74.624423500 pc=0002091C fcw=D8E8 r0=010F r1=0103 r2=0000 r3=12F8 r4=3D00 r5=2FFC r6=0000 r7=0000 r8=7F06 r9=D848 r10=D8E8 r11=0494 r12=8383 r13=047C r14=0000 r15=43E8
t=74.624425000 pc=0002091E fcw=D8E8 r0=0103 r1=010F r2=0000 r3=12F8 r4=3D00 r5=2FFC r6=0000 r7=0000 r8=7F06 r9=D848 r10=D8E8 r11=0494 r12=8383 r13=047C r14=0000 r15=43E8
t=74.624427750 pc=00020920 fcw=D8E8 r0=0103 r1=010F r2=0000 r3=12F8 r4=3D00 r5=2FFC r6=0000 r7=0000 r8=7F06 r9=D848 r10=D8E8 r11=0494 r12=8383 r13=047C r14=0000 r15=43E8
t=74.624429250 pc=00020912 fcw=D8E8 r0=0103 r1=010F r2=0000 r3=12F8 r4=3D00 r5=2FFC r6=0000 r7=0000 r8=7F06 r9=D848 r10=D8E8 r11=0494 r12=8383 r13=047C r14=0000 r15=43E8
t=74.624431000 pc=00020914 fcw=D8E8 r0=0103 r1=010F r2=0000 r3=12F8 r4=3D00 r5=2FFC r6=0000 r7=0000 r8=7F06 r9=D848 r10=D8E8 r11=0494 r12=8383 r13=047C r14=0000 r15=43E8
t=74.624432750 pc=00020916 fcw=D8E8 r0=0103 r1=010F r2=0000 r3=12F8 r4=3D00 r5=2FFC r6=0000 r7=0000 r8=7F06 r9=D848 r10=D8E8 r11=0494 r12=8383 r13=047C r14=0000 r15=43E8
t=74.624436250 pc=0002091A fcw=D8E8 r0=0103 r1=010F r2=0000 r3=12F8 r4=3D00 r5=2FFC r6=0000 r7=0000 r8=7F06 r9=D848 r10=D8E8 r11=0494 r12=8383 r13=047C r14=0000 r15=43E8
t=74.624438250 pc=0002091C fcw=D8E8 r0=0103 r1=010F r2=0000 r3=12F8 r4=3D00 r5=2FFC r6=0000 r7=0000 r8=7F06 r9=D848 r10=D8E8 r11=0494 r12=8383 r13=047C r14=0000 r15=43E8
t=74.624439750 pc=0002091E fcw=D8E8 r0=010F r1=0103 r2=0000 r3=12F8 r4=3D00 r5=2FFC r6=0000 r7=0000 r8=7F06 r9=D848 r10=D8E8 r11=0494 r12=8383 r13=047C r14=0000 r15=43E8
t=74.624442500 pc=00020920 fcw=D8E8 r0=010F r1=0103 r2=0000 r3=12F8 r4=3D00 r5=2FFC r6=0000 r7=0000 r8=7F06 r9=D848 r10=D8E8 r11=0494 r12=8383 r13=047C r14=0000 r15=43E8
t=74.624444000 pc=00020912 fcw=D8E8 r0=010F r1=0103 r2=0000 r3=12F8 r4=3D00 r5=2FFC r6=0000 r7=0000 r8=7F06 r9=D848 r10=D8E8 r11=0494 r12=8383 r13=047C r14=0000 r15=43E8
t=74.624445750 pc=00020914 fcw=D8E8 r0=010F r1=0103 r2=0000 r3=12F8 r4=3D00 r5=2FFC r6=0000 r7=0000 r8=7F06 r9=D848 r10=D8E8 r11=0494 r12=8383 r13=047C r14=0000 r15=43E8
t=74.624447500 pc=00020916 fcw=D8E8 r0=010F r1=0103 r2=0000 r3=12F8 r4=3D00 r5=2FFC r6=0000 r7=0000 r8=7F06 r9=D848 r10=D8E8 r11=0494 r12=8383 r13=047C r14=0000 r15=43E8
t=74.624451000 pc=0002091A fcw=D8E8 r0=010F r1=0103 r2=0000 r3=12F8 r4=3D00 r5=2FFC r6=0000 r7=0000 r8=7F06 r9=D848 r10=D8E8 r11=0494 r12=8383 r13=047C r14=0000 r15=43E8
t=74.624453250 pc=0002091C fcw=D8E8 r0=010F r1=0103 r2=0000 r3=12F8 r4=3D00 r5=2FFC r6=0000 r7=0000 r8=7F06 r9=D848 r10=D8E8 r11=0494 r12=8383 r13=047C r14=0000 r15=43E8
t=74.624454750 pc=0002091E fcw=D8E8 r0=0103 r1=010F r2=0000 r3=12F8 r4=3D00 r5=2FFC r6=0000 r7=0000 r8=7F06 r9=D848 r10=D8E8 r11=0494 r12=8383 r13=047C r14=0000 r15=43E8
t=74.624457500 pc=00020920 fcw=D8E8 r0=0103 r1=010F r2=0000 r3=12F8 r4=3D00 r5=2FFC r6=0000 r7=0000 r8=7F06 r9=D848 r10=D8E8 r11=0494 r12=8383 r13=047C r14=0000 r15=43E8
t=74.624459000 pc=00020912 fcw=D8E8 r0=0103 r1=010F r2=0000 r3=12F8 r4=3D00 r5=2FFC r6=0000 r7=0000 r8=7F06 r9=D848 r10=D8E8 r11=0494 r12=8383 r13=047C r14=0000 r15=43E8
t=74.624460750 pc=00020914 fcw=D8E8 r0=0103 r1=010F r2=0000 r3=12F8 r4=3D00 r5=2FFC r6=0000 r7=0000 r8=7F06 r9=D848 r10=D8E8 r11=0494 r12=8383 r13=047C r14=0000 r15=43E8
t=74.624462500 pc=00020916 fcw=D8E8 r0=0103 r1=010F r2=0000 r3=12F8 r4=3D00 r5=2FFC r6=0000 r7=0000 r8=7F06 r9=D848 r10=D8E8 r11=0494 r12=8383 r13=047C r14=0000 r15=43E8
t=74.624466000 pc=0002091A fcw=D8E8 r0=0103 r1=010F r2=0000 r3=12F8 r4=3D00 r5=2FFC r6=0000 r7=0000 r8=7F06 r9=D848 r10=D8E8 r11=0494 r12=8383 r13=047C r14=0000 r15=43E8
t=74.624468000 pc=0002091C fcw=D8E8 r0=0103 r1=010F r2=0000 r3=12F8 r4=3D00 r5=2FFC r6=0000 r7=0000 r8=7F06 r9=D848 r10=D8E8 r11=0494 r12=8383 r13=047C r14=0000 r15=43E8
t=74.624469500 pc=0002091E fcw=D8E8 r0=010F r1=0103 r2=0000 r3=12F8 r4=3D00 r5=2FFC r6=0000 r7=0000 r8=7F06 r9=D848 r10=D8E8 r11=0494 r12=8383 r13=047C r14=0000 r15=43E8
t=74.624472250 pc=00020920 fcw=D8E8 r0=010F r1=0103 r2=0000 r3=12F8 r4=3D00 r5=2FFC r6=0000 r7=0000 r8=7F06 r9=D848 r10=D8E8 r11=0494 r12=8383 r13=047C r14=0000 r15=43E8
t=74.624473750 pc=00020912 fcw=D8E8 r0=010F r1=0103 r2=0000 r3=12F8 r4=3D00 r5=2FFC r6=0000 r7=0000 r8=7F06 r9=D848 r10=D8E8 r11=0494 r12=8383 r13=047C r14=0000 r15=43E8
t=74.624475500 pc=00020914 fcw=D8E8 r0=010F r1=0103 r2=0000 r3=12F8 r4=3D00 r5=2FFC r6=0000 r7=0000 r8=7F06 r9=D848 r10=D8E8 r11=0494 r12=8383 r13=047C r14=0000 r15=43E8
t=74.624477250 pc=00020916 fcw=D8E8 r0=010F r1=0103 r2=0000 r3=12F8 r4=3D00 r5=2FFC r6=0000 r7=0000 r8=7F06 r9=D848 r10=D8E8 r11=0494 r12=8383 r13=047C r14=0000 r15=43E8
t=74.624480750 pc=0002091A fcw=D8E8 r0=010F r1=0103 r2=0000 r3=12F8 r4=3D00 r5=2FFC r6=0000 r7=0000 r8=7F06 r9=D848 r10=D8E8 r11=0494 r12=8383 r13=047C r14=0000 r15=43E8
t=74.624482750 pc=0002091C fcw=D8E8 r0=010F r1=0103 r2=0000 r3=12F8 r4=3D00 r5=2FFC r6=0000 r7=0000 r8=7F06 r9=D848 r10=D8E8 r11=0494 r12=8383 r13=047C r14=0000 r15=43E8
t=74.624484250 pc=0002091E fcw=D8E8 r0=0103 r1=010F r2=0000 r3=12F8 r4=3D00 r5=2FFC r6=0000 r7=0000 r8=7F06 r9=D848 r10=D8E8 r11=0494 r12=8383 r13=047C r14=0000 r15=43E8
t=74.624487000 pc=00020920 fcw=D8E8 r0=0103 r1=010F r2=0000 r3=12F8 r4=3D00 r5=2FFC r6=0000 r7=0000 r8=7F06 r9=D848 r10=D8E8 r11=0494 r12=8383 r13=047C r14=0000 r15=43E8
t=74.624488500 pc=00020912 fcw=D8E8 r0=0103 r1=010F r2=0000 r3=12F8 r4=3D00 r5=2FFC r6=0000 r7=0000 r8=7F06 r9=D848 r10=D8E8 r11=0494 r12=8383 r13=047C r14=0000 r15=43E8
t=74.624490250 pc=00020914 fcw=D8E8 r0=0103 r1=010F r2=0000 r3=12F8 r4=3D00 r5=2FFC r6=0000 r7=0000 r8=7F06 r9=D848 r10=D8E8 r11=0494 r12=8383 r13=047C r14=0000 r15=43E8
t=74.624492000 pc=00020916 fcw=D8E8 r0=0103 r1=010F r2=0000 r3=12F8 r4=3D00 r5=2FFC r6=0000 r7=0000 r8=7F06 r9=D848 r10=D8E8 r11=0494 r12=8383 r13=047C r14=0000 r15=43E8
t=74.624495500 pc=0002091A fcw=D8E8 r0=0103 r1=010F r2=0000 r3=12F8 r4=3D00 r5=2FFC r6=0000 r7=0000 r8=7F06 r9=D848 r10=D8E8 r11=0494 r12=8383 r13=047C r14=0000 r15=43E8
t=74.624497500 pc=0002091C fcw=D8E8 r0=0103 r1=010F r2=0000 r3=12F8 r4=3D00 r5=2FFC r6=0000 r7=0000 r8=7F06 r9=D848 r10=D8E8 r11=0494 r12=8383 r13=047C r14=0000 r15=43E8
t=74.624499000 pc=0002091E fcw=D8E8 r0=010F r1=0103 r2=0000 r3=12F8 r4=3D00 r5=2FFC r6=0000 r7=0000 r8=7F06 r9=D848 r10=D8E8 r11=0494 r12=8383 r13=047C r14=0000 r15=43E8
t=74.624501750 pc=00020920 fcw=D8E8 r0=010F r1=0103 r2=0000 r3=12F8 r4=3D00 r5=2FFC r6=0000 r7=0000 r8=7F06 r9=D848 r10=D8E8 r11=0494 r12=8383 r13=047C r14=0000 r15=43E8
t=74.624503250 pc=00020912 fcw=D8E8 r0=010F r1=0103 r2=0000 r3=12F8 r4=3D00 r5=2FFC r6=0000 r7=0000 r8=7F06 r9=D848 r10=D8E8 r11=0494 r12=8383 r13=047C r14=0000 r15=43E8
t=74.624505000 pc=00020914 fcw=D8E8 r0=010F r1=0103 r2=0000 r3=12F8 r4=3D00 r5=2FFC r6=0000 r7=0000 r8=7F06 r9=D848 r10=D8E8 r11=0494 r12=8383 r13=047C r14=0000 r15=43E8
t=74.624506750 pc=00020916 fcw=D8E8 r0=010F r1=0103 r2=0000 r3=12F8 r4=3D00 r5=2FFC r6=0000 r7=0000 r8=7F06 r9=D848 r10=D8E8 r11=0494 r12=8383 r13=047C r14=0000 r15=43E8
t=74.624510250 pc=0002091A fcw=D8E8 r0=010F r1=0103 r2=0000 r3=12F8 r4=3D00 r5=2FFC r6=0000 r7=0000 r8=7F06 r9=D848 r10=D8E8 r11=0494 r12=8383 r13=047C r14=0000 r15=43E8
t=74.624512250 pc=0002091C fcw=D8E8 r0=010F r1=0103 r2=0000 r3=12F8 r4=3D00 r5=2FFC r6=0000 r7=0000 r8=7F06 r9=D848 r10=D8E8 r11=0494 r12=8383 r13=047C r14=0000 r15=43E8
t=74.624513750 pc=0002091E fcw=D8E8 r0=0103 r1=010F r2=0000 r3=12F8 r4=3D00 r5=2FFC r6=0000 r7=0000 r8=7F06 r9=D848 r10=D8E8 r11=0494 r12=8383 r13=047C r14=0000 r15=43E8
t=74.624516500 pc=00020920 fcw=D8E8 r0=0103 r1=010F r2=0000 r3=12F8 r4=3D00 r5=2FFC r6=0000 r7=0000 r8=7F06 r9=D848 r10=D8E8 r11=0494 r12=8383 r13=047C r14=0000 r15=43E8
t=74.624518000 pc=00020912 fcw=D8E8 r0=0103 r1=010F r2=0000 r3=12F8 r4=3D00 r5=2FFC r6=0000 r7=0000 r8=7F06 r9=D848 r10=D8E8 r11=0494 r12=8383 r13=047C r14=0000 r15=43E8
t=74.624519750 pc=00020914 fcw=D8E8 r0=0103 r1=010F r2=0000 r3=12F8 r4=3D00 r5=2FFC r6=0000 r7=0000 r8=7F06 r9=D848 r10=D8E8 r11=0494 r12=8383 r13=047C r14=0000 r15=43E8
t=74.624521500 pc=00020916 fcw=D8E8 r0=0103 r1=010F r2=0000 r3=12F8 r4=3D00 r5=2FFC r6=0000 r7=0000 r8=7F06 r9=D848 r10=D8E8 r11=0494 r12=8383 r13=047C r14=0000 r15=43E8
t=74.624525000 pc=0002091A fcw=D8E8 r0=0103 r1=010F r2=0000 r3=12F8 r4=3D00 r5=2FFC r6=0000 r7=0000 r8=7F06 r9=D848 r10=D8E8 r11=0494 r12=8383 r13=047C r14=0000 r15=43E8
t=74.624527000 pc=0002091C fcw=D8E8 r0=0103 r1=010F r2=0000 r3=12F8 r4=3D00 r5=2FFC r6=0000 r7=0000 r8=7F06 r9=D848 r10=D8E8 r11=0494 r12=8383 r13=047C r14=0000 r15=43E8
t=74.624528500 pc=0002091E fcw=D8E8 r0=010F r1=0103 r2=0000 r3=12F8 r4=3D00 r5=2FFC r6=0000 r7=0000 r8=7F06 r9=D848 r10=D8E8 r11=0494 r12=8383 r13=047C r14=0000 r15=43E8
t=74.624531250 pc=00020920 fcw=D8E8 r0=010F r1=0103 r2=0000 r3=12F8 r4=3D00 r5=2FFC r6=0000 r7=0000 r8=7F06 r9=D848 r10=D8E8 r11=0494 r12=8383 r13=047C r14=0000 r15=43E8
t=74.624532750 pc=00020912 fcw=D8E8 r0=010F r1=0103 r2=0000 r3=12F8 r4=3D00 r5=2FFC r6=0000 r7=0000 r8=7F06 r9=D848 r10=D8E8 r11=0494 r12=8383 r13=047C r14=0000 r15=43E8
t=74.624534500 pc=00020914 fcw=D8E8 r0=010F r1=0103 r2=0000 r3=12F8 r4=3D00 r5=2FFC r6=0000 r7=0000 r8=7F06 r9=D848 r10=D8E8 r11=0494 r12=8383 r13=047C r14=0000 r15=43E8
t=74.624536250 pc=00020916 fcw=D8E8 r0=010F r1=0103 r2=0000 r3=12F8 r4=3D00 r5=2FFC r6=0000 r7=0000 r8=7F06 r9=D848 r10=D8E8 r11=0494 r12=8383 r13=047C r14=0000 r15=43E8
t=74.624539750 pc=0002091A fcw=D8E8 r0=010F r1=0103 r2=0000 r3=12F8 r4=3D00 r5=2FFC r6=0000 r7=0000 r8=7F06 r9=D848 r10=D8E8 r11=0494 r12=8383 r13=047C r14=0000 r15=43E8
t=74.624541750 pc=0002091C fcw=D8E8 r0=010F r1=0103 r2=0000 r3=12F8 r4=3D00 r5=2FFC r6=0000 r7=0000 r8=7F06 r9=D848 r10=D8E8 r11=0494 r12=8383 r13=047C r14=0000 r15=43E8
t=74.624543250 pc=0002091E fcw=D8E8 r0=0103 r1=010F r2=0000 r3=12F8 r4=3D00 r5=2FFC r6=0000 r7=0000 r8=7F06 r9=D848 r10=D8E8 r11=0494 r12=8383 r13=047C r14=0000 r15=43E8
t=74.624546000 pc=00020920 fcw=D8E8 r0=0103 r1=010F r2=0000 r3=12F8 r4=3D00 r5=2FFC r6=0000 r7=0000 r8=7F06 r9=D848 r10=D8E8 r11=0494 r12=8383 r13=047C r14=0000 r15=43E8
t=74.624547500 pc=00020912 fcw=D8E8 r0=0103 r1=010F r2=0000 r3=12F8 r4=3D00 r5=2FFC r6=0000 r7=0000 r8=7F06 r9=D848 r10=D8E8 r11=0494 r12=8383 r13=047C r14=0000 r15=43E8
t=74.624549250 pc=00020914 fcw=D8E8 r0=0103 r1=010F r2=0000 r3=12F8 r4=3D00 r5=2FFC r6=0000 r7=0000 r8=7F06 r9=D848 r10=D8E8 r11=0494 r12=8383 r13=047C r14=0000 r15=43E8
t=74.624551000 pc=00020916 fcw=D8E8 r0=0103 r1=010F r2=0000 r3=12F8 r4=3D00 r5=2FFC r6=0000 r7=0000 r8=7F06 r9=D848 r10=D8E8 r11=0494 r12=8383 r13=047C r14=0000 r15=43E8
t=74.624554500 pc=0002091A fcw=D8E8 r0=0103 r1=010F r2=0000 r3=12F8 r4=3D00 r5=2FFC r6=0000 r7=0000 r8=7F06 r9=D848 r10=D8E8 r11=0494 r12=8383 r13=047C r14=0000 r15=43E8
t=74.624556500 pc=0002091C fcw=D8E8 r0=0103 r1=010F r2=0000 r3=12F8 r4=3D00 r5=2FFC r6=0000 r7=0000 r8=7F06 r9=D848 r10=D8E8 r11=0494 r12=8383 r13=047C r14=0000 r15=43E8
t=74.624558000 pc=0002091E fcw=D8E8 r0=010F r1=0103 r2=0000 r3=12F8 r4=3D00 r5=2FFC r6=0000 r7=0000 r8=7F06 r9=D848 r10=D8E8 r11=0494 r12=8383 r13=047C r14=0000 r15=43E8
t=74.624560750 pc=00020920 fcw=D8E8 r0=010F r1=0103 r2=0000 r3=12F8 r4=3D00 r5=2FFC r6=0000 r7=0000 r8=7F06 r9=D848 r10=D8E8 r11=0494 r12=8383 r13=047C r14=0000 r15=43E8
t=74.624562250 pc=00020912 fcw=D8E8 r0=010F r1=0103 r2=0000 r3=12F8 r4=3D00 r5=2FFC r6=0000 r7=0000 r8=7F06 r9=D848 r10=D8E8 r11=0494 r12=8383 r13=047C r14=0000 r15=43E8
t=74.624564000 pc=00020914 fcw=D8E8 r0=010F r1=0103 r2=0000 r3=12F8 r4=3D00 r5=2FFC r6=0000 r7=0000 r8=7F06 r9=D848 r10=D8E8 r11=0494 r12=8383 r13=047C r14=0000 r15=43E8
t=74.624565750 pc=00020916 fcw=D8E8 r0=010F r1=0103 r2=0000 r3=12F8 r4=3D00 r5=2FFC r6=0000 r7=0000 r8=7F06 r9=D848 r10=D8E8 r11=0494 r12=8383 r13=047C r14=0000 r15=43E8
t=74.624569250 pc=0002091A fcw=D8E8 r0=010F r1=0103 r2=0000 r3=12F8 r4=3D00 r5=2FFC r6=0000 r7=0000 r8=7F06 r9=D848 r10=D8E8 r11=0494 r12=8383 r13=047C r14=0000 r15=43E8
t=74.624571250 pc=0002091C fcw=D8E8 r0=010F r1=0103 r2=0000 r3=12F8 r4=3D00 r5=2FFC r6=0000 r7=0000 r8=7F06 r9=D848 r10=D8E8 r11=0494 r12=8383 r13=047C r14=0000 r15=43E8
t=74.624572750 pc=0002091E fcw=D8E8 r0=0103 r1=010F r2=0000 r3=12F8 r4=3D00 r5=2FFC r6=0000 r7=0000 r8=7F06 r9=D848 r10=D8E8 r11=0494 r12=8383 r13=047C r14=0000 r15=43E8
t=74.624575500 pc=00020920 fcw=D8E8 r0=0103 r1=010F r2=0000 r3=12F8 r4=3D00 r5=2FFC r6=0000 r7=0000 r8=7F06 r9=D848 r10=D8E8 r11=0494 r12=8383 r13=047C r14=0000 r15=43E8
t=74.624577000 pc=00020912 fcw=D8E8 r0=0103 r1=010F r2=0000 r3=12F8 r4=3D00 r5=2FFC r6=0000 r7=0000 r8=7F06 r9=D848 r10=D8E8 r11=0494 r12=8383 r13=047C r14=0000 r15=43E8
t=74.624578750 pc=00020914 fcw=D8E8 r0=0103 r1=010F r2=0000 r3=12F8 r4=3D00 r5=2FFC r6=0000 r7=0000 r8=7F06 r9=D848 r10=D8E8 r11=0494 r12=8383 r13=047C r14=0000 r15=43E8
t=74.624580500 pc=00020916 fcw=D8E8 r0=0103 r1=010F r2=0000 r3=12F8 r4=3D00 r5=2FFC r6=0000 r7=0000 r8=7F06 r9=D848 r10=D8E8 r11=0494 r12=8383 r13=047C r14=0000 r15=43E8
t=74.624584000 pc=0002091A fcw=D8E8 r0=0103 r1=010F r2=0000 r3=12F8 r4=3D00 r5=2FFC r6=0000 r7=0000 r8=7F06 r9=D848 r10=D8E8 r11=0494 r12=8383 r13=047C r14=0000 r15=43E8
t=74.624586000 pc=0002091C fcw=D8E8 r0=0103 r1=010F r2=0000 r3=12F8 r4=3D00 r5=2FFC r6=0000 r7=0000 r8=7F06 r9=D848 r10=D8E8 r11=0494 r12=8383 r13=047C r14=0000 r15=43E8
t=74.624587500 pc=0002091E fcw=D8E8 r0=010F r1=0103 r2=0000 r3=12F8 r4=3D00 r5=2FFC r6=0000 r7=0000 r8=7F06 r9=D848 r10=D8E8 r11=0494 r12=8383 r13=047C r14=0000 r15=43E8
t=74.624590250 pc=00020920 fcw=D8E8 r0=010F r1=0103 r2=0000 r3=12F8 r4=3D00 r5=2FFC r6=0000 r7=0000 r8=7F06 r9=D848 r10=D8E8 r11=0494 r12=8383 r13=047C r14=0000 r15=43E8
t=74.624591750 pc=00020912 fcw=D8E8 r0=010F r1=0103 r2=0000 r3=12F8 r4=3D00 r5=2FFC r6=0000 r7=0000 r8=7F06 r9=D848 r10=D8E8 r11=0494 r12=8383 r13=047C r14=0000 r15=43E8
t=74.624593500 pc=00020914 fcw=D8E8 r0=010F r1=0103 r2=0000 r3=12F8 r4=3D00 r5=2FFC r6=0000 r7=0000 r8=7F06 r9=D848 r10=D8E8 r11=0494 r12=8383 r13=047C r14=0000 r15=43E8
t=74.624595250 pc=00020916 fcw=D8E8 r0=010F r1=0103 r2=0000 r3=12F8 r4=3D00 r5=2FFC r6=0000 r7=0000 r8=7F06 r9=D848 r10=D8E8 r11=0494 r12=8383 r13=047C r14=0000 r15=43E8
t=74.624598750 pc=0002091A fcw=D8E8 r0=010F r1=0103 r2=0000 r3=12F8 r4=3D00 r5=2FFC r6=0000 r7=0000 r8=7F06 r9=D848 r10=D8E8 r11=0494 r12=8383 r13=047C r14=0000 r15=43E8
t=74.624600750 pc=0002091C fcw=D8E8 r0=010F r1=0103 r2=0000 r3=12F8 r4=3D00 r5=2FFC r6=0000 r7=0000 r8=7F06 r9=D848 r10=D8E8 r11=0494 r12=8383 r13=047C r14=0000 r15=43E8
t=74.624602250 pc=0002091E fcw=D8E8 r0=0103 r1=010F r2=0000 r3=12F8 r4=3D00 r5=2FFC r6=0000 r7=0000 r8=7F06 r9=D848 r10=D8E8 r11=0494 r12=8383 r13=047C r14=0000 r15=43E8
t=74.624605000 pc=00020920 fcw=D8E8 r0=0103 r1=010F r2=0000 r3=12F8 r4=3D00 r5=2FFC r6=0000 r7=0000 r8=7F06 r9=D848 r10=D8E8 r11=0494 r12=8383 r13=047C r14=0000 r15=43E8
t=74.624606500 pc=00020912 fcw=D8E8 r0=0103 r1=010F r2=0000 r3=12F8 r4=3D00 r5=2FFC r6=0000 r7=0000 r8=7F06 r9=D848 r10=D8E8 r11=0494 r12=8383 r13=047C r14=0000 r15=43E8
t=74.624608250 pc=00020914 fcw=D8E8 r0=0103 r1=010F r2=0000 r3=12F8 r4=3D00 r5=2FFC r6=0000 r7=0000 r8=7F06 r9=D848 r10=D8E8 r11=0494 r12=8383 r13=047C r14=0000 r15=43E8
t=74.624610000 pc=00020916 fcw=D8E8 r0=0103 r1=010F r2=0000 r3=12F8 r4=3D00 r5=2FFC r6=0000 r7=0000 r8=7F06 r9=D848 r10=D8E8 r11=0494 r12=8383 r13=047C r14=0000 r15=43E8
t=74.624613500 pc=0002091A fcw=D8E8 r0=0103 r1=010F r2=0000 r3=12F8 r4=3D00 r5=2FFC r6=0000 r7=0000 r8=7F06 r9=D848 r10=D8E8 r11=0494 r12=8383 r13=047C r14=0000 r15=43E8
t=74.624615500 pc=0002091C fcw=D8E8 r0=0103 r1=010F r2=0000 r3=12F8 r4=3D00 r5=2FFC r6=0000 r7=0000 r8=7F06 r9=D848 r10=D8E8 r11=0494 r12=8383 r13=047C r14=0000 r15=43E8
t=74.624617000 pc=0002091E fcw=D8E8 r0=010F r1=0103 r2=0000 r3=12F8 r4=3D00 r5=2FFC r6=0000 r7=0000 r8=7F06 r9=D848 r10=D8E8 r11=0494 r12=8383 r13=047C r14=0000 r15=43E8
t=74.624619750 pc=00020920 fcw=D8E8 r0=010F r1=0103 r2=0000 r3=12F8 r4=3D00 r5=2FFC r6=0000 r7=0000 r8=7F06 r9=D848 r10=D8E8 r11=0494 r12=8383 r13=047C r14=0000 r15=43E8
t=74.624621250 pc=00020912 fcw=D8E8 r0=010F r1=0103 r2=0000 r3=12F8 r4=3D00 r5=2FFC r6=0000 r7=0000 r8=7F06 r9=D848 r10=D8E8 r11=0494 r12=8383 r13=047C r14=0000 r15=43E8
t=74.624623000 pc=00020914 fcw=D8E8 r0=010F r1=0103 r2=0000 r3=12F8 r4=3D00 r5=2FFC r6=0000 r7=0000 r8=7F06 r9=D848 r10=D8E8 r11=0494 r12=8383 r13=047C r14=0000 r15=43E8
t=74.624624750 pc=00020916 fcw=D8E8 r0=010F r1=0103 r2=0000 r3=12F8 r4=3D00 r5=2FFC r6=0000 r7=0000 r8=7F06 r9=D848 r10=D8E8 r11=0494 r12=8383 r13=047C r14=0000 r15=43E8
t=74.624628250 pc=0002091A fcw=D8E8 r0=010F r1=0103 r2=0000 r3=12F8 r4=3D00 r5=2FFC r6=0000 r7=0000 r8=7F06 r9=D848 r10=D8E8 r11=0494 r12=8383 r13=047C r14=0000 r15=43E8
t=74.624630250 pc=0002091C fcw=D8E8 r0=010F r1=0103 r2=0000 r3=12F8 r4=3D00 r5=2FFC r6=0000 r7=0000 r8=7F06 r9=D848 r10=D8E8 r11=0494 r12=8383 r13=047C r14=0000 r15=43E8
t=74.624631750 pc=0002091E fcw=D8E8 r0=0103 r1=010F r2=0000 r3=12F8 r4=3D00 r5=2FFC r6=0000 r7=0000 r8=7F06 r9=D848 r10=D8E8 r11=0494 r12=8383 r13=047C r14=0000 r15=43E8
t=74.624634500 pc=00020920 fcw=D8E8 r0=0103 r1=010F r2=0000 r3=12F8 r4=3D00 r5=2FFC r6=0000 r7=0000 r8=7F06 r9=D848 r10=D8E8 r11=0494 r12=8383 r13=047C r14=0000 r15=43E8
t=74.624636000 pc=00020912 fcw=D8E8 r0=0103 r1=010F r2=0000 r3=12F8 r4=3D00 r5=2FFC r6=0000 r7=0000 r8=7F06 r9=D848 r10=D8E8 r11=0494 r12=8383 r13=047C r14=0000 r15=43E8
t=74.624637750 pc=00020914 fcw=D8E8 r0=0103 r1=010F r2=0000 r3=12F8 r4=3D00 r5=2FFC r6=0000 r7=0000 r8=7F06 r9=D848 r10=D8E8 r11=0494 r12=8383 r13=047C r14=0000 r15=43E8
t=74.624639500 pc=00020916 fcw=D8E8 r0=0103 r1=010F r2=0000 r3=12F8 r4=3D00 r5=2FFC r6=0000 r7=0000 r8=7F06 r9=D848 r10=D8E8 r11=0494 r12=8383 r13=047C r14=0000 r15=43E8
t=74.624643000 pc=0002091A fcw=D8E8 r0=0103 r1=010F r2=0000 r3=12F8 r4=3D00 r5=2FFC r6=0000 r7=0000 r8=7F06 r9=D848 r10=D8E8 r11=0494 r12=8383 r13=047C r14=0000 r15=43E8
t=74.624645250 pc=0002091C fcw=D8E8 r0=0103 r1=010F r2=0000 r3=12F8 r4=3D00 r5=2FFC r6=0000 r7=0000 r8=7F06 r9=D848 r10=D8E8 r11=0494 r12=8383 r13=047C r14=0000 r15=43E8
t=74.624646750 pc=0002091E fcw=D8E8 r0=010F r1=0103 r2=0000 r3=12F8 r4=3D00 r5=2FFC r6=0000 r7=0000 r8=7F06 r9=D848 r10=D8E8 r11=0494 r12=8383 r13=047C r14=0000 r15=43E8
t=74.624649500 pc=00020920 fcw=D8E8 r0=010F r1=0103 r2=0000 r3=12F8 r4=3D00 r5=2FFC r6=0000 r7=0000 r8=7F06 r9=D848 r10=D8E8 r11=0494 r12=8383 r13=047C r14=0000 r15=43E8
t=74.624651000 pc=00020912 fcw=D8E8 r0=010F r1=0103 r2=0000 r3=12F8 r4=3D00 r5=2FFC r6=0000 r7=0000 r8=7F06 r9=D848 r10=D8E8 r11=0494 r12=8383 r13=047C r14=0000 r15=43E8
t=74.624652750 pc=00020914 fcw=D8E8 r0=010F r1=0103 r2=0000 r3=12F8 r4=3D00 r5=2FFC r6=0000 r7=0000 r8=7F06 r9=D848 r10=D8E8 r11=0494 r12=8383 r13=047C r14=0000 r15=43E8
t=74.624654500 pc=00020916 fcw=D8E8 r0=010F r1=0103 r2=0000 r3=12F8 r4=3D00 r5=2FFC r6=0000 r7=0000 r8=7F06 r9=D848 r10=D8E8 r11=0494 r12=8383 r13=047C r14=0000 r15=43E8
t=74.624658000 pc=0002091A fcw=D8E8 r0=010F r1=0103 r2=0000 r3=12F8 r4=3D00 r5=2FFC r6=0000 r7=0000 r8=7F06 r9=D848 r10=D8E8 r11=0494 r12=8383 r13=047C r14=0000 r15=43E8
t=74.624660000 pc=0002091C fcw=D8E8 r0=010F r1=0103 r2=0000 r3=12F8 r4=3D00 r5=2FFC r6=0000 r7=0000 r8=7F06 r9=D848 r10=D8E8 r11=0494 r12=8383 r13=047C r14=0000 r15=43E8
t=74.624661500 pc=0002091E fcw=D8E8 r0=0103 r1=010F r2=0000 r3=12F8 r4=3D00 r5=2FFC r6=0000 r7=0000 r8=7F06 r9=D848 r10=D8E8 r11=0494 r12=8383 r13=047C r14=0000 r15=43E8
t=74.624664250 pc=00020920 fcw=D8E8 r0=0103 r1=010F r2=0000 r3=12F8 r4=3D00 r5=2FFC r6=0000 r7=0000 r8=7F06 r9=D848 r10=D8E8 r11=0494 r12=8383 r13=047C r14=0000 r15=43E8
t=74.624665750 pc=00020912 fcw=D8E8 r0=0103 r1=010F r2=0000 r3=12F8 r4=3D00 r5=2FFC r6=0000 r7=0000 r8=7F06 r9=D848 r10=D8E8 r11=0494 r12=8383 r13=047C r14=0000 r15=43E8
t=74.624667500 pc=00020914 fcw=D8E8 r0=0103 r1=010F r2=0000 r3=12F8 r4=3D00 r5=2FFC r6=0000 r7=0000 r8=7F06 r9=D848 r10=D8E8 r11=0494 r12=8383 r13=047C r14=0000 r15=43E8
t=74.624669250 pc=00020916 fcw=D8E8 r0=0103 r1=010F r2=0000 r3=12F8 r4=3D00 r5=2FFC r6=0000 r7=0000 r8=7F06 r9=D848 r10=D8E8 r11=0494 r12=8383 r13=047C r14=0000 r15=43E8
t=74.624672750 pc=0002091A fcw=D8E8 r0=0103 r1=010F r2=0000 r3=12F8 r4=3D00 r5=2FFC r6=0000 r7=0000 r8=7F06 r9=D848 r10=D8E8 r11=0494 r12=8383 r13=047C r14=0000 r15=43E8
t=74.624674750 pc=0002091C fcw=D8E8 r0=0103 r1=010F r2=0000 r3=12F8 r4=3D00 r5=2FFC r6=0000 r7=0000 r8=7F06 r9=D848 r10=D8E8 r11=0494 r12=8383 r13=047C r14=0000 r15=43E8
t=74.624676250 pc=0002091E fcw=D8E8 r0=010F r1=0103 r2=0000 r3=12F8 r4=3D00 r5=2FFC r6=0000 r7=0000 r8=7F06 r9=D848 r10=D8E8 r11=0494 r12=8383 r13=047C r14=0000 r15=43E8
t=74.624679000 pc=00020920 fcw=D8E8 r0=010F r1=0103 r2=0000 r3=12F8 r4=3D00 r5=2FFC r6=0000 r7=0000 r8=7F06 r9=D848 r10=D8E8 r11=0494 r12=8383 r13=047C r14=0000 r15=43E8
t=74.624680500 pc=00020912 fcw=D8E8 r0=010F r1=0103 r2=0000 r3=12F8 r4=3D00 r5=2FFC r6=0000 r7=0000 r8=7F06 r9=D848 r10=D8E8 r11=0494 r12=8383 r13=047C r14=0000 r15=43E8
t=74.624682250 pc=00020914 fcw=D8E8 r0=010F r1=0103 r2=0000 r3=12F8 r4=3D00 r5=2FFC r6=0000 r7=0000 r8=7F06 r9=D848 r10=D8E8 r11=0494 r12=8383 r13=047C r14=0000 r15=43E8
t=74.624684000 pc=00020916 fcw=D8E8 r0=010F r1=0103 r2=0000 r3=12F8 r4=3D00 r5=2FFC r6=0000 r7=0000 r8=7F06 r9=D848 r10=D8E8 r11=0494 r12=8383 r13=047C r14=0000 r15=43E8
t=74.624687500 pc=0002091A fcw=D8E8 r0=010F r1=0103 r2=0000 r3=12F8 r4=3D00 r5=2FFC r6=0000 r7=0000 r8=7F06 r9=D848 r10=D8E8 r11=0494 r12=8383 r13=047C r14=0000 r15=43E8
t=74.624689500 pc=0002091C fcw=D8E8 r0=010F r1=0103 r2=0000 r3=12F8 r4=3D00 r5=2FFC r6=0000 r7=0000 r8=7F06 r9=D848 r10=D8E8 r11=0494 r12=8383 r13=047C r14=0000 r15=43E8
t=74.624691000 pc=0002091E fcw=D8E8 r0=0103 r1=010F r2=0000 r3=12F8 r4=3D00 r5=2FFC r6=0000 r7=0000 r8=7F06 r9=D848 r10=D8E8 r11=0494 r12=8383 r13=047C r14=0000 r15=43E8
t=74.624693750 pc=00020920 fcw=D8E8 r0=0103 r1=010F r2=0000 r3=12F8 r4=3D00 r5=2FFC r6=0000 r7=0000 r8=7F06 r9=D848 r10=D8E8 r11=0494 r12=8383 r13=047C r14=0000 r15=43E8
t=74.624695250 pc=00020912 fcw=D8E8 r0=0103 r1=010F r2=0000 r3=12F8 r4=3D00 r5=2FFC r6=0000 r7=0000 r8=7F06 r9=D848 r10=D8E8 r11=0494 r12=8383 r13=047C r14=0000 r15=43E8
t=74.624697000 pc=00020914 fcw=D8E8 r0=0103 r1=010F r2=0000 r3=12F8 r4=3D00 r5=2FFC r6=0000 r7=0000 r8=7F06 r9=D848 r10=D8E8 r11=0494 r12=8383 r13=047C r14=0000 r15=43E8
t=74.624698750 pc=00020916 fcw=D8E8 r0=0103 r1=010F r2=0000 r3=12F8 r4=3D00 r5=2FFC r6=0000 r7=0000 r8=7F06 r9=D848 r10=D8E8 r11=0494 r12=8383 r13=047C r14=0000 r15=43E8
t=74.624702250 pc=0002091A fcw=D8E8 r0=0103 r1=010F r2=0000 r3=12F8 r4=3D00 r5=2FFC r6=0000 r7=0000 r8=7F06 r9=D848 r10=D8E8 r11=0494 r12=8383 r13=047C r14=0000 r15=43E8
t=74.624704250 pc=0002091C fcw=D8E8 r0=0103 r1=010F r2=0000 r3=12F8 r4=3D00 r5=2FFC r6=0000 r7=0000 r8=7F06 r9=D848 r10=D8E8 r11=0494 r12=8383 r13=047C r14=0000 r15=43E8
t=74.624705750 pc=0002091E fcw=D8E8 r0=010F r1=0103 r2=0000 r3=12F8 r4=3D00 r5=2FFC r6=0000 r7=0000 r8=7F06 r9=D848 r10=D8E8 r11=0494 r12=8383 r13=047C r14=0000 r15=43E8
t=74.624708500 pc=00020920 fcw=D8E8 r0=010F r1=0103 r2=0000 r3=12F8 r4=3D00 r5=2FFC r6=0000 r7=0000 r8=7F06 r9=D848 r10=D8E8 r11=0494 r12=8383 r13=047C r14=0000 r15=43E8
t=74.624710000 pc=00020912 fcw=D8E8 r0=010F r1=0103 r2=0000 r3=12F8 r4=3D00 r5=2FFC r6=0000 r7=0000 r8=7F06 r9=D848 r10=D8E8 r11=0494 r12=8383 r13=047C r14=0000 r15=43E8
t=74.624711750 pc=00020914 fcw=D8E8 r0=010F r1=0103 r2=0000 r3=12F8 r4=3D00 r5=2FFC r6=0000 r7=0000 r8=7F06 r9=D848 r10=D8E8 r11=0494 r12=8383 r13=047C r14=0000 r15=43E8
t=74.624713500 pc=00020916 fcw=D8E8 r0=010F r1=0103 r2=0000 r3=12F8 r4=3D00 r5=2FFC r6=0000 r7=0000 r8=7F06 r9=D848 r10=D8E8 r11=0494 r12=8383 r13=047C r14=0000 r15=43E8
t=74.624717000 pc=0002091A fcw=D8E8 r0=010F r1=0103 r2=0000 r3=12F8 r4=3D00 r5=2FFC r6=0000 r7=0000 r8=7F06 r9=D848 r10=D8E8 r11=0494 r12=8383 r13=047C r14=0000 r15=43E8
t=74.624719000 pc=0002091C fcw=D8E8 r0=010F r1=0103 r2=0000 r3=12F8 r4=3D00 r5=2FFC r6=0000 r7=0000 r8=7F06 r9=D848 r10=D8E8 r11=0494 r12=8383 r13=047C r14=0000 r15=43E8
t=74.624720500 pc=0002091E fcw=D8E8 r0=0103 r1=010F r2=0000 r3=12F8 r4=3D00 r5=2FFC r6=0000 r7=0000 r8=7F06 r9=D848 r10=D8E8 r11=0494 r12=8383 r13=047C r14=0000 r15=43E8
t=74.624723250 pc=00020920 fcw=D8E8 r0=0103 r1=010F r2=0000 r3=12F8 r4=3D00 r5=2FFC r6=0000 r7=0000 r8=7F06 r9=D848 r10=D8E8 r11=0494 r12=8383 r13=047C r14=0000 r15=43E8
t=74.624724750 pc=00020912 fcw=D8E8 r0=0103 r1=010F r2=0000 r3=12F8 r4=3D00 r5=2FFC r6=0000 r7=0000 r8=7F06 r9=D848 r10=D8E8 r11=0494 r12=8383 r13=047C r14=0000 r15=43E8
t=74.624726500 pc=00020914 fcw=D8E8 r0=0103 r1=010F r2=0000 r3=12F8 r4=3D00 r5=2FFC r6=0000 r7=0000 r8=7F06 r9=D848 r10=D8E8 r11=0494 r12=8383 r13=047C r14=0000 r15=43E8
t=74.624728250 pc=00020916 fcw=D8E8 r0=0103 r1=010F r2=0000 r3=12F8 r4=3D00 r5=2FFC r6=0000 r7=0000 r8=7F06 r9=D848 r10=D8E8 r11=0494 r12=8383 r13=047C r14=0000 r15=43E8
t=74.624731750 pc=0002091A fcw=D8E8 r0=0103 r1=010F r2=0000 r3=12F8 r4=3D00 r5=2FFC r6=0000 r7=0000 r8=7F06 r9=D848 r10=D8E8 r11=0494 r12=8383 r13=047C r14=0000 r15=43E8
t=74.624733750 pc=0002091C fcw=D8E8 r0=0103 r1=010F r2=0000 r3=12F8 r4=3D00 r5=2FFC r6=0000 r7=0000 r8=7F06 r9=D848 r10=D8E8 r11=0494 r12=8383 r13=047C r14=0000 r15=43E8
t=74.624735250 pc=0002091E fcw=D8E8 r0=010F r1=0103 r2=0000 r3=12F8 r4=3D00 r5=2FFC r6=0000 r7=0000 r8=7F06 r9=D848 r10=D8E8 r11=0494 r12=8383 r13=047C r14=0000 r15=43E8
t=74.624738000 pc=00020920 fcw=D8E8 r0=010F r1=0103 r2=0000 r3=12F8 r4=3D00 r5=2FFC r6=0000 r7=0000 r8=7F06 r9=D848 r10=D8E8 r11=0494 r12=8383 r13=047C r14=0000 r15=43E8
t=74.624739500 pc=00020912 fcw=D8E8 r0=010F r1=0103 r2=0000 r3=12F8 r4=3D00 r5=2FFC r6=0000 r7=0000 r8=7F06 r9=D848 r10=D8E8 r11=0494 r12=8383 r13=047C r14=0000 r15=43E8
t=74.624741250 pc=00020914 fcw=D8E8 r0=010F r1=0103 r2=0000 r3=12F8 r4=3D00 r5=2FFC r6=0000 r7=0000 r8=7F06 r9=D848 r10=D8E8 r11=0494 r12=8383 r13=047C r14=0000 r15=43E8
t=74.624743000 pc=00020916 fcw=D8E8 r0=010F r1=0103 r2=0000 r3=12F8 r4=3D00 r5=2FFC r6=0000 r7=0000 r8=7F06 r9=D848 r10=D8E8 r11=0494 r12=8383 r13=047C r14=0000 r15=43E8
t=74.624746500 pc=0002091A fcw=D8E8 r0=010F r1=0103 r2=0000 r3=12F8 r4=3D00 r5=2FFC r6=0000 r7=0000 r8=7F06 r9=D848 r10=D8E8 r11=0494 r12=8383 r13=047C r14=0000 r15=43E8
t=74.624748500 pc=0002091C fcw=D8E8 r0=010F r1=0103 r2=0000 r3=12F8 r4=3D00 r5=2FFC r6=0000 r7=0000 r8=7F06 r9=D848 r10=D8E8 r11=0494 r12=8383 r13=047C r14=0000 r15=43E8
t=74.624750000 pc=0002091E fcw=D8E8 r0=0103 r1=010F r2=0000 r3=12F8 r4=3D00 r5=2FFC r6=0000 r7=0000 r8=7F06 r9=D848 r10=D8E8 r11=0494 r12=8383 r13=047C r14=0000 r15=43E8
t=74.624752750 pc=00020920 fcw=D8E8 r0=0103 r1=010F r2=0000 r3=12F8 r4=3D00 r5=2FFC r6=0000 r7=0000 r8=7F06 r9=D848 r10=D8E8 r11=0494 r12=8383 r13=047C r14=0000 r15=43E8
t=74.624754250 pc=00020912 fcw=D8E8 r0=0103 r1=010F r2=0000 r3=12F8 r4=3D00 r5=2FFC r6=0000 r7=0000 r8=7F06 r9=D848 r10=D8E8 r11=0494 r12=8383 r13=047C r14=0000 r15=43E8
t=74.624756000 pc=00020914 fcw=D8E8 r0=0103 r1=010F r2=0000 r3=12F8 r4=3D00 r5=2FFC r6=0000 r7=0000 r8=7F06 r9=D848 r10=D8E8 r11=0494 r12=8383 r13=047C r14=0000 r15=43E8
t=74.624757750 pc=00020916 fcw=D8E8 r0=0103 r1=010F r2=0000 r3=12F8 r4=3D00 r5=2FFC r6=0000 r7=0000 r8=7F06 r9=D848 r10=D8E8 r11=0494 r12=8383 r13=047C r14=0000 r15=43E8
t=74.624761250 pc=0002091A fcw=D8E8 r0=0103 r1=010F r2=0000 r3=12F8 r4=3D00 r5=2FFC r6=0000 r7=0000 r8=7F06 r9=D848 r10=D8E8 r11=0494 r12=8383 r13=047C r14=0000 r15=43E8
t=74.624763250 pc=0002091C fcw=D8E8 r0=0103 r1=010F r2=0000 r3=12F8 r4=3D00 r5=2FFC r6=0000 r7=0000 r8=7F06 r9=D848 r10=D8E8 r11=0494 r12=8383 r13=047C r14=0000 r15=43E8
t=74.624764750 pc=0002091E fcw=D8E8 r0=010F r1=0103 r2=0000 r3=12F8 r4=3D00 r5=2FFC r6=0000 r7=0000 r8=7F06 r9=D848 r10=D8E8 r11=0494 r12=8383 r13=047C r14=0000 r15=43E8
t=74.624767500 pc=00020920 fcw=D8E8 r0=010F r1=0103 r2=0000 r3=12F8 r4=3D00 r5=2FFC r6=0000 r7=0000 r8=7F06 r9=D848 r10=D8E8 r11=0494 r12=8383 r13=047C r14=0000 r15=43E8
t=74.624769000 pc=00020912 fcw=D8E8 r0=010F r1=0103 r2=0000 r3=12F8 r4=3D00 r5=2FFC r6=0000 r7=0000 r8=7F06 r9=D848 r10=D8E8 r11=0494 r12=8383 r13=047C r14=0000 r15=43E8
t=74.624770750 pc=00020914 fcw=D8E8 r0=010F r1=0103 r2=0000 r3=12F8 r4=3D00 r5=2FFC r6=0000 r7=0000 r8=7F06 r9=D848 r10=D8E8 r11=0494 r12=8383 r13=047C r14=0000 r15=43E8
t=74.624772500 pc=00020916 fcw=D8E8 r0=010F r1=0103 r2=0000 r3=12F8 r4=3D00 r5=2FFC r6=0000 r7=0000 r8=7F06 r9=D848 r10=D8E8 r11=0494 r12=8383 r13=047C r14=0000 r15=43E8
t=74.624776000 pc=0002091A fcw=D8E8 r0=010F r1=0103 r2=0000 r3=12F8 r4=3D00 r5=2FFC r6=0000 r7=0000 r8=7F06 r9=D848 r10=D8E8 r11=0494 r12=8383 r13=047C r14=0000 r15=43E8
t=74.624778000 pc=0002091C fcw=D8E8 r0=010F r1=0103 r2=0000 r3=12F8 r4=3D00 r5=2FFC r6=0000 r7=0000 r8=7F06 r9=D848 r10=D8E8 r11=0494 r12=8383 r13=047C r14=0000 r15=43E8
t=74.624779500 pc=0002091E fcw=D8E8 r0=0103 r1=010F r2=0000 r3=12F8 r4=3D00 r5=2FFC r6=0000 r7=0000 r8=7F06 r9=D848 r10=D8E8 r11=0494 r12=8383 r13=047C r14=0000 r15=43E8
t=74.624782250 pc=00020920 fcw=D8E8 r0=0103 r1=010F r2=0000 r3=12F8 r4=3D00 r5=2FFC r6=0000 r7=0000 r8=7F06 r9=D848 r10=D8E8 r11=0494 r12=8383 r13=047C r14=0000 r15=43E8
t=74.624783750 pc=00020912 fcw=D8E8 r0=0103 r1=010F r2=0000 r3=12F8 r4=3D00 r5=2FFC r6=0000 r7=0000 r8=7F06 r9=D848 r10=D8E8 r11=0494 r12=8383 r13=047C r14=0000 r15=43E8
t=74.624785500 pc=00020914 fcw=D8E8 r0=0103 r1=010F r2=0000 r3=12F8 r4=3D00 r5=2FFC r6=0000 r7=0000 r8=7F06 r9=D848 r10=D8E8 r11=0494 r12=8383 r13=047C r14=0000 r15=43E8
t=74.624787250 pc=00020916 fcw=D8E8 r0=0103 r1=010F r2=0000 r3=12F8 r4=3D00 r5=2FFC r6=0000 r7=0000 r8=7F06 r9=D848 r10=D8E8 r11=0494 r12=8383 r13=047C r14=0000 r15=43E8
t=74.624790750 pc=0002091A fcw=D8E8 r0=0103 r1=010F r2=0000 r3=12F8 r4=3D00 r5=2FFC r6=0000 r7=0000 r8=7F06 r9=D848 r10=D8E8 r11=0494 r12=8383 r13=047C r14=0000 r15=43E8
t=74.624792750 pc=0002091C fcw=D8E8 r0=0103 r1=010F r2=0000 r3=12F8 r4=3D00 r5=2FFC r6=0000 r7=0000 r8=7F06 r9=D848 r10=D8E8 r11=0494 r12=8383 r13=047C r14=0000 r15=43E8
t=74.624794250 pc=0002091E fcw=D8E8 r0=010F r1=0103 r2=0000 r3=12F8 r4=3D00 r5=2FFC r6=0000 r7=0000 r8=7F06 r9=D848 r10=D8E8 r11=0494 r12=8383 r13=047C r14=0000 r15=43E8
t=74.624797000 pc=00020920 fcw=D8E8 r0=010F r1=0103 r2=0000 r3=12F8 r4=3D00 r5=2FFC r6=0000 r7=0000 r8=7F06 r9=D848 r10=D8E8 r11=0494 r12=8383 r13=047C r14=0000 r15=43E8
t=74.624798500 pc=00020912 fcw=D8E8 r0=010F r1=0103 r2=0000 r3=12F8 r4=3D00 r5=2FFC r6=0000 r7=0000 r8=7F06 r9=D848 r10=D8E8 r11=0494 r12=8383 r13=047C r14=0000 r15=43E8
t=74.624800250 pc=00020914 fcw=D8E8 r0=010F r1=0103 r2=0000 r3=12F8 r4=3D00 r5=2FFC r6=0000 r7=0000 r8=7F06 r9=D848 r10=D8E8 r11=0494 r12=8383 r13=047C r14=0000 r15=43E8
t=74.624802000 pc=00020916 fcw=D8E8 r0=010F r1=0103 r2=0000 r3=12F8 r4=3D00 r5=2FFC r6=0000 r7=0000 r8=7F06 r9=D848 r10=D8E8 r11=0494 r12=8383 r13=047C r14=0000 r15=43E8
t=74.624805500 pc=0002091A fcw=D8E8 r0=010F r1=0103 r2=0000 r3=12F8 r4=3D00 r5=2FFC r6=0000 r7=0000 r8=7F06 r9=D848 r10=D8E8 r11=0494 r12=8383 r13=047C r14=0000 r15=43E8
t=74.624807500 pc=0002091C fcw=D8E8 r0=010F r1=0103 r2=0000 r3=12F8 r4=3D00 r5=2FFC r6=0000 r7=0000 r8=7F06 r9=D848 r10=D8E8 r11=0494 r12=8383 r13=047C r14=0000 r15=43E8
t=74.624809000 pc=0002091E fcw=D8E8 r0=0103 r1=010F r2=0000 r3=12F8 r4=3D00 r5=2FFC r6=0000 r7=0000 r8=7F06 r9=D848 r10=D8E8 r11=0494 r12=8383 r13=047C r14=0000 r15=43E8
t=74.624811750 pc=00020920 fcw=D8E8 r0=0103 r1=010F r2=0000 r3=12F8 r4=3D00 r5=2FFC r6=0000 r7=0000 r8=7F06 r9=D848 r10=D8E8 r11=0494 r12=8383 r13=047C r14=0000 r15=43E8
t=74.624813250 pc=00020912 fcw=D8E8 r0=0103 r1=010F r2=0000 r3=12F8 r4=3D00 r5=2FFC r6=0000 r7=0000 r8=7F06 r9=D848 r10=D8E8 r11=0494 r12=8383 r13=047C r14=0000 r15=43E8
t=74.624815000 pc=00020914 fcw=D8E8 r0=0103 r1=010F r2=0000 r3=12F8 r4=3D00 r5=2FFC r6=0000 r7=0000 r8=7F06 r9=D848 r10=D8E8 r11=0494 r12=8383 r13=047C r14=0000 r15=43E8
t=74.624816750 pc=00020916 fcw=D8E8 r0=0103 r1=010F r2=0000 r3=12F8 r4=3D00 r5=2FFC r6=0000 r7=0000 r8=7F06 r9=D848 r10=D8E8 r11=0494 r12=8383 r13=047C r14=0000 r15=43E8
t=74.624820250 pc=0002091A fcw=D8E8 r0=0103 r1=010F r2=0000 r3=12F8 r4=3D00 r5=2FFC r6=0000 r7=0000 r8=7F06 r9=D848 r10=D8E8 r11=0494 r12=8383 r13=047C r14=0000 r15=43E8
t=74.624822250 pc=0002091C fcw=D8E8 r0=0103 r1=010F r2=0000 r3=12F8 r4=3D00 r5=2FFC r6=0000 r7=0000 r8=7F06 r9=D848 r10=D8E8 r11=0494 r12=8383 r13=047C r14=0000 r15=43E8
t=74.624823750 pc=0002091E fcw=D8E8 r0=010F r1=0103 r2=0000 r3=12F8 r4=3D00 r5=2FFC r6=0000 r7=0000 r8=7F06 r9=D848 r10=D8E8 r11=0494 r12=8383 r13=047C r14=0000 r15=43E8
t=74.624826500 pc=00020920 fcw=D8E8 r0=010F r1=0103 r2=0000 r3=12F8 r4=3D00 r5=2FFC r6=0000 r7=0000 r8=7F06 r9=D848 r10=D8E8 r11=0494 r12=8383 r13=047C r14=0000 r15=43E8
t=74.624828000 pc=00020912 fcw=D8E8 r0=010F r1=0103 r2=0000 r3=12F8 r4=3D00 r5=2FFC r6=0000 r7=0000 r8=7F06 r9=D848 r10=D8E8 r11=0494 r12=8383 r13=047C r14=0000 r15=43E8
t=74.624829750 pc=00020914 fcw=D8E8 r0=010F r1=0103 r2=0000 r3=12F8 r4=3D00 r5=2FFC r6=0000 r7=0000 r8=7F06 r9=D848 r10=D8E8 r11=0494 r12=8383 r13=047C r14=0000 r15=43E8
t=74.624831500 pc=00020916 fcw=D8E8 r0=010F r1=0103 r2=0000 r3=12F8 r4=3D00 r5=2FFC r6=0000 r7=0000 r8=7F06 r9=D848 r10=D8E8 r11=0494 r12=8383 r13=047C r14=0000 r15=43E8
t=74.624835000 pc=0002091A fcw=D8E8 r0=010F r1=0103 r2=0000 r3=12F8 r4=3D00 r5=2FFC r6=0000 r7=0000 r8=7F06 r9=D848 r10=D8E8 r11=0494 r12=8383 r13=047C r14=0000 r15=43E8
t=74.624837250 pc=0002091C fcw=D8E8 r0=010F r1=0103 r2=0000 r3=12F8 r4=3D00 r5=2FFC r6=0000 r7=0000 r8=7F06 r9=D848 r10=D8E8 r11=0494 r12=8383 r13=047C r14=0000 r15=43E8
t=74.624838750 pc=0002091E fcw=D8E8 r0=0103 r1=010F r2=0000 r3=12F8 r4=3D00 r5=2FFC r6=0000 r7=0000 r8=7F06 r9=D848 r10=D8E8 r11=0494 r12=8383 r13=047C r14=0000 r15=43E8
t=74.624841500 pc=00020920 fcw=D8E8 r0=0103 r1=010F r2=0000 r3=12F8 r4=3D00 r5=2FFC r6=0000 r7=0000 r8=7F06 r9=D848 r10=D8E8 r11=0494 r12=8383 r13=047C r14=0000 r15=43E8
t=74.624843000 pc=00020912 fcw=D8E8 r0=0103 r1=010F r2=0000 r3=12F8 r4=3D00 r5=2FFC r6=0000 r7=0000 r8=7F06 r9=D848 r10=D8E8 r11=0494 r12=8383 r13=047C r14=0000 r15=43E8
t=74.624844750 pc=00020914 fcw=D8E8 r0=0103 r1=010F r2=0000 r3=12F8 r4=3D00 r5=2FFC r6=0000 r7=0000 r8=7F06 r9=D848 r10=D8E8 r11=0494 r12=8383 r13=047C r14=0000 r15=43E8
t=74.624846500 pc=00020916 fcw=D8E8 r0=0103 r1=010F r2=0000 r3=12F8 r4=3D00 r5=2FFC r6=0000 r7=0000 r8=7F06 r9=D848 r10=D8E8 r11=0494 r12=8383 r13=047C r14=0000 r15=43E8
t=74.624850000 pc=0002091A fcw=D8E8 r0=0103 r1=010F r2=0000 r3=12F8 r4=3D00 r5=2FFC r6=0000 r7=0000 r8=7F06 r9=D848 r10=D8E8 r11=0494 r12=8383 r13=047C r14=0000 r15=43E8
t=74.624852000 pc=0002091C fcw=D8E8 r0=0103 r1=010F r2=0000 r3=12F8 r4=3D00 r5=2FFC r6=0000 r7=0000 r8=7F06 r9=D848 r10=D8E8 r11=0494 r12=8383 r13=047C r14=0000 r15=43E8
t=74.624853500 pc=0002091E fcw=D8E8 r0=010F r1=0103 r2=0000 r3=12F8 r4=3D00 r5=2FFC r6=0000 r7=0000 r8=7F06 r9=D848 r10=D8E8 r11=0494 r12=8383 r13=047C r14=0000 r15=43E8
t=74.624856250 pc=00020920 fcw=D8E8 r0=010F r1=0103 r2=0000 r3=12F8 r4=3D00 r5=2FFC r6=0000 r7=0000 r8=7F06 r9=D848 r10=D8E8 r11=0494 r12=8383 r13=047C r14=0000 r15=43E8
t=74.624857750 pc=00020912 fcw=D8E8 r0=010F r1=0103 r2=0000 r3=12F8 r4=3D00 r5=2FFC r6=0000 r7=0000 r8=7F06 r9=D848 r10=D8E8 r11=0494 r12=8383 r13=047C r14=0000 r15=43E8
t=74.624859500 pc=00020914 fcw=D8E8 r0=010F r1=0103 r2=0000 r3=12F8 r4=3D00 r5=2FFC r6=0000 r7=0000 r8=7F06 r9=D848 r10=D8E8 r11=0494 r12=8383 r13=047C r14=0000 r15=43E8
t=74.624861250 pc=00020916 fcw=D8E8 r0=010F r1=0103 r2=0000 r3=12F8 r4=3D00 r5=2FFC r6=0000 r7=0000 r8=7F06 r9=D848 r10=D8E8 r11=0494 r12=8383 r13=047C r14=0000 r15=43E8
t=74.624864750 pc=0002091A fcw=D8E8 r0=010F r1=0103 r2=0000 r3=12F8 r4=3D00 r5=2FFC r6=0000 r7=0000 r8=7F06 r9=D848 r10=D8E8 r11=0494 r12=8383 r13=047C r14=0000 r15=43E8
t=74.624866750 pc=0002091C fcw=D8E8 r0=010F r1=0103 r2=0000 r3=12F8 r4=3D00 r5=2FFC r6=0000 r7=0000 r8=7F06 r9=D848 r10=D8E8 r11=0494 r12=8383 r13=047C r14=0000 r15=43E8
t=74.624868250 pc=0002091E fcw=D8E8 r0=0103 r1=010F r2=0000 r3=12F8 r4=3D00 r5=2FFC r6=0000 r7=0000 r8=7F06 r9=D848 r10=D8E8 r11=0494 r12=8383 r13=047C r14=0000 r15=43E8
t=74.624871000 pc=00020920 fcw=D8E8 r0=0103 r1=010F r2=0000 r3=12F8 r4=3D00 r5=2FFC r6=0000 r7=0000 r8=7F06 r9=D848 r10=D8E8 r11=0494 r12=8383 r13=047C r14=0000 r15=43E8
t=74.624872500 pc=00020912 fcw=D8E8 r0=0103 r1=010F r2=0000 r3=12F8 r4=3D00 r5=2FFC r6=0000 r7=0000 r8=7F06 r9=D848 r10=D8E8 r11=0494 r12=8383 r13=047C r14=0000 r15=43E8
t=74.624874250 pc=00020914 fcw=D8E8 r0=0103 r1=010F r2=0000 r3=12F8 r4=3D00 r5=2FFC r6=0000 r7=0000 r8=7F06 r9=D848 r10=D8E8 r11=0494 r12=8383 r13=047C r14=0000 r15=43E8
t=74.624876000 pc=00020916 fcw=D8E8 r0=0103 r1=010F r2=0000 r3=12F8 r4=3D00 r5=2FFC r6=0000 r7=0000 r8=7F06 r9=D848 r10=D8E8 r11=0494 r12=8383 r13=047C r14=0000 r15=43E8
t=74.624879500 pc=0002091A fcw=D8E8 r0=0103 r1=010F r2=0000 r3=12F8 r4=3D00 r5=2FFC r6=0000 r7=0000 r8=7F06 r9=D848 r10=D8E8 r11=0494 r12=8383 r13=047C r14=0000 r15=43E8
t=74.624881500 pc=0002091C fcw=D8E8 r0=0103 r1=010F r2=0000 r3=12F8 r4=3D00 r5=2FFC r6=0000 r7=0000 r8=7F06 r9=D848 r10=D8E8 r11=0494 r12=8383 r13=047C r14=0000 r15=43E8
t=74.624883000 pc=0002091E fcw=D8E8 r0=010F r1=0103 r2=0000 r3=12F8 r4=3D00 r5=2FFC r6=0000 r7=0000 r8=7F06 r9=D848 r10=D8E8 r11=0494 r12=8383 r13=047C r14=0000 r15=43E8
t=74.624885750 pc=00020920 fcw=D8E8 r0=010F r1=0103 r2=0000 r3=12F8 r4=3D00 r5=2FFC r6=0000 r7=0000 r8=7F06 r9=D848 r10=D8E8 r11=0494 r12=8383 r13=047C r14=0000 r15=43E8
t=74.624887250 pc=00020912 fcw=D8E8 r0=010F r1=0103 r2=0000 r3=12F8 r4=3D00 r5=2FFC r6=0000 r7=0000 r8=7F06 r9=D848 r10=D8E8 r11=0494 r12=8383 r13=047C r14=0000 r15=43E8
t=74.624889000 pc=00020914 fcw=D8E8 r0=010F r1=0103 r2=0000 r3=12F8 r4=3D00 r5=2FFC r6=0000 r7=0000 r8=7F06 r9=D848 r10=D8E8 r11=0494 r12=8383 r13=047C r14=0000 r15=43E8
t=74.624890750 pc=00020916 fcw=D8E8 r0=010F r1=0103 r2=0000 r3=12F8 r4=3D00 r5=2FFC r6=0000 r7=0000 r8=7F06 r9=D848 r10=D8E8 r11=0494 r12=8383 r13=047C r14=0000 r15=43E8
t=74.624894250 pc=0002091A fcw=D8E8 r0=010F r1=0103 r2=0000 r3=12F8 r4=3D00 r5=2FFC r6=0000 r7=0000 r8=7F06 r9=D848 r10=D8E8 r11=0494 r12=8383 r13=047C r14=0000 r15=43E8
t=74.624896250 pc=0002091C fcw=D8E8 r0=010F r1=0103 r2=0000 r3=12F8 r4=3D00 r5=2FFC r6=0000 r7=0000 r8=7F06 r9=D848 r10=D8E8 r11=0494 r12=8383 r13=047C r14=0000 r15=43E8
t=74.624897750 pc=0002091E fcw=D8E8 r0=0103 r1=010F r2=0000 r3=12F8 r4=3D00 r5=2FFC r6=0000 r7=0000 r8=7F06 r9=D848 r10=D8E8 r11=0494 r12=8383 r13=047C r14=0000 r15=43E8
t=74.624900500 pc=00020920 fcw=D8E8 r0=0103 r1=010F r2=0000 r3=12F8 r4=3D00 r5=2FFC r6=0000 r7=0000 r8=7F06 r9=D848 r10=D8E8 r11=0494 r12=8383 r13=047C r14=0000 r15=43E8
t=74.624902000 pc=00020912 fcw=D8E8 r0=0103 r1=010F r2=0000 r3=12F8 r4=3D00 r5=2FFC r6=0000 r7=0000 r8=7F06 r9=D848 r10=D8E8 r11=0494 r12=8383 r13=047C r14=0000 r15=43E8
t=74.624903750 pc=00020914 fcw=D8E8 r0=0103 r1=010F r2=0000 r3=12F8 r4=3D00 r5=2FFC r6=0000 r7=0000 r8=7F06 r9=D848 r10=D8E8 r11=0494 r12=8383 r13=047C r14=0000 r15=43E8
t=74.624905500 pc=00020916 fcw=D8E8 r0=0103 r1=010F r2=0000 r3=12F8 r4=3D00 r5=2FFC r6=0000 r7=0000 r8=7F06 r9=D848 r10=D8E8 r11=0494 r12=8383 r13=047C r14=0000 r15=43E8
t=74.624909000 pc=0002091A fcw=D8E8 r0=0103 r1=010F r2=0000 r3=12F8 r4=3D00 r5=2FFC r6=0000 r7=0000 r8=7F06 r9=D848 r10=D8E8 r11=0494 r12=8383 r13=047C r14=0000 r15=43E8
t=74.624911000 pc=0002091C fcw=D8E8 r0=0103 r1=010F r2=0000 r3=12F8 r4=3D00 r5=2FFC r6=0000 r7=0000 r8=7F06 r9=D848 r10=D8E8 r11=0494 r12=8383 r13=047C r14=0000 r15=43E8
t=74.624912500 pc=0002091E fcw=D8E8 r0=010F r1=0103 r2=0000 r3=12F8 r4=3D00 r5=2FFC r6=0000 r7=0000 r8=7F06 r9=D848 r10=D8E8 r11=0494 r12=8383 r13=047C r14=0000 r15=43E8
t=74.624915250 pc=00020920 fcw=D8E8 r0=010F r1=0103 r2=0000 r3=12F8 r4=3D00 r5=2FFC r6=0000 r7=0000 r8=7F06 r9=D848 r10=D8E8 r11=0494 r12=8383 r13=047C r14=0000 r15=43E8
t=74.624916750 pc=00020912 fcw=D8E8 r0=010F r1=0103 r2=0000 r3=12F8 r4=3D00 r5=2FFC r6=0000 r7=0000 r8=7F06 r9=D848 r10=D8E8 r11=0494 r12=8383 r13=047C r14=0000 r15=43E8
t=74.624918500 pc=00020914 fcw=D8E8 r0=010F r1=0103 r2=0000 r3=12F8 r4=3D00 r5=2FFC r6=0000 r7=0000 r8=7F06 r9=D848 r10=D8E8 r11=0494 r12=8383 r13=047C r14=0000 r15=43E8
t=74.624920250 pc=00020916 fcw=D8E8 r0=010F r1=0103 r2=0000 r3=12F8 r4=3D00 r5=2FFC r6=0000 r7=0000 r8=7F06 r9=D848 r10=D8E8 r11=0494 r12=8383 r13=047C r14=0000 r15=43E8
t=74.624923750 pc=0002091A fcw=D8E8 r0=010F r1=0103 r2=0000 r3=12F8 r4=3D00 r5=2FFC r6=0000 r7=0000 r8=7F06 r9=D848 r10=D8E8 r11=0494 r12=8383 r13=047C r14=0000 r15=43E8
t=74.624925750 pc=0002091C fcw=D8E8 r0=010F r1=0103 r2=0000 r3=12F8 r4=3D00 r5=2FFC r6=0000 r7=0000 r8=7F06 r9=D848 r10=D8E8 r11=0494 r12=8383 r13=047C r14=0000 r15=43E8
t=74.624927250 pc=0002091E fcw=D8E8 r0=0103 r1=010F r2=0000 r3=12F8 r4=3D00 r5=2FFC r6=0000 r7=0000 r8=7F06 r9=D848 r10=D8E8 r11=0494 r12=8383 r13=047C r14=0000 r15=43E8
t=74.624930000 pc=00020920 fcw=D8E8 r0=0103 r1=010F r2=0000 r3=12F8 r4=3D00 r5=2FFC r6=0000 r7=0000 r8=7F06 r9=D848 r10=D8E8 r11=0494 r12=8383 r13=047C r14=0000 r15=43E8
t=74.624931500 pc=00020912 fcw=D8E8 r0=0103 r1=010F r2=0000 r3=12F8 r4=3D00 r5=2FFC r6=0000 r7=0000 r8=7F06 r9=D848 r10=D8E8 r11=0494 r12=8383 r13=047C r14=0000 r15=43E8
t=74.624933250 pc=00020914 fcw=D8E8 r0=0103 r1=010F r2=0000 r3=12F8 r4=3D00 r5=2FFC r6=0000 r7=0000 r8=7F06 r9=D848 r10=D8E8 r11=0494 r12=8383 r13=047C r14=0000 r15=43E8
t=74.624935000 pc=00020916 fcw=D8E8 r0=0103 r1=010F r2=0000 r3=12F8 r4=3D00 r5=2FFC r6=0000 r7=0000 r8=7F06 r9=D848 r10=D8E8 r11=0494 r12=8383 r13=047C r14=0000 r15=43E8
t=74.624938500 pc=0002091A fcw=D8E8 r0=0103 r1=010F r2=0000 r3=12F8 r4=3D00 r5=2FFC r6=0000 r7=0000 r8=7F06 r9=D848 r10=D8E8 r11=0494 r12=8383 r13=047C r14=0000 r15=43E8
t=74.624940500 pc=0002091C fcw=D8E8 r0=0103 r1=010F r2=0000 r3=12F8 r4=3D00 r5=2FFC r6=0000 r7=0000 r8=7F06 r9=D848 r10=D8E8 r11=0494 r12=8383 r13=047C r14=0000 r15=43E8
t=74.624942000 pc=0002091E fcw=D8E8 r0=010F r1=0103 r2=0000 r3=12F8 r4=3D00 r5=2FFC r6=0000 r7=0000 r8=7F06 r9=D848 r10=D8E8 r11=0494 r12=8383 r13=047C r14=0000 r15=43E8
t=74.624944750 pc=00020920 fcw=D8E8 r0=010F r1=0103 r2=0000 r3=12F8 r4=3D00 r5=2FFC r6=0000 r7=0000 r8=7F06 r9=D848 r10=D8E8 r11=0494 r12=8383 r13=047C r14=0000 r15=43E8
t=74.624946250 pc=00020912 fcw=D8E8 r0=010F r1=0103 r2=0000 r3=12F8 r4=3D00 r5=2FFC r6=0000 r7=0000 r8=7F06 r9=D848 r10=D8E8 r11=0494 r12=8383 r13=047C r14=0000 r15=43E8
t=74.624948000 pc=00020914 fcw=D8E8 r0=010F r1=0103 r2=0000 r3=12F8 r4=3D00 r5=2FFC r6=0000 r7=0000 r8=7F06 r9=D848 r10=D8E8 r11=0494 r12=8383 r13=047C r14=0000 r15=43E8
t=74.624949750 pc=00020916 fcw=D8E8 r0=010F r1=0103 r2=0000 r3=12F8 r4=3D00 r5=2FFC r6=0000 r7=0000 r8=7F06 r9=D848 r10=D8E8 r11=0494 r12=8383 r13=047C r14=0000 r15=43E8
t=74.624953250 pc=0002091A fcw=D8E8 r0=010F r1=0103 r2=0000 r3=12F8 r4=3D00 r5=2FFC r6=0000 r7=0000 r8=7F06 r9=D848 r10=D8E8 r11=0494 r12=8383 r13=047C r14=0000 r15=43E8
t=74.624955250 pc=0002091C fcw=D8E8 r0=010F r1=0103 r2=0000 r3=12F8 r4=3D00 r5=2FFC r6=0000 r7=0000 r8=7F06 r9=D848 r10=D8E8 r11=0494 r12=8383 r13=047C r14=0000 r15=43E8
t=74.624956750 pc=0002091E fcw=D8E8 r0=0103 r1=010F r2=0000 r3=12F8 r4=3D00 r5=2FFC r6=0000 r7=0000 r8=7F06 r9=D848 r10=D8E8 r11=0494 r12=8383 r13=047C r14=0000 r15=43E8
t=74.624959500 pc=00020920 fcw=D8E8 r0=0103 r1=010F r2=0000 r3=12F8 r4=3D00 r5=2FFC r6=0000 r7=0000 r8=7F06 r9=D848 r10=D8E8 r11=0494 r12=8383 r13=047C r14=0000 r15=43E8
t=74.624961000 pc=00020912 fcw=D8E8 r0=0103 r1=010F r2=0000 r3=12F8 r4=3D00 r5=2FFC r6=0000 r7=0000 r8=7F06 r9=D848 r10=D8E8 r11=0494 r12=8383 r13=047C r14=0000 r15=43E8
t=74.624962750 pc=00020914 fcw=D8E8 r0=0103 r1=010F r2=0000 r3=12F8 r4=3D00 r5=2FFC r6=0000 r7=0000 r8=7F06 r9=D848 r10=D8E8 r11=0494 r12=8383 r13=047C r14=0000 r15=43E8
t=74.624964500 pc=00020916 fcw=D8E8 r0=0103 r1=010F r2=0000 r3=12F8 r4=3D00 r5=2FFC r6=0000 r7=0000 r8=7F06 r9=D848 r10=D8E8 r11=0494 r12=8383 r13=047C r14=0000 r15=43E8
t=74.624968000 pc=0002091A fcw=D8E8 r0=0103 r1=010F r2=0000 r3=12F8 r4=3D00 r5=2FFC r6=0000 r7=0000 r8=7F06 r9=D848 r10=D8E8 r11=0494 r12=8383 r13=047C r14=0000 r15=43E8
t=74.624970000 pc=0002091C fcw=D8E8 r0=0103 r1=010F r2=0000 r3=12F8 r4=3D00 r5=2FFC r6=0000 r7=0000 r8=7F06 r9=D848 r10=D8E8 r11=0494 r12=8383 r13=047C r14=0000 r15=43E8
t=74.624971500 pc=0002091E fcw=D8E8 r0=010F r1=0103 r2=0000 r3=12F8 r4=3D00 r5=2FFC r6=0000 r7=0000 r8=7F06 r9=D848 r10=D8E8 r11=0494 r12=8383 r13=047C r14=0000 r15=43E8
t=74.624974250 pc=00020920 fcw=D8E8 r0=010F r1=0103 r2=0000 r3=12F8 r4=3D00 r5=2FFC r6=0000 r7=0000 r8=7F06 r9=D848 r10=D8E8 r11=0494 r12=8383 r13=047C r14=0000 r15=43E8
t=74.624975750 pc=00020912 fcw=D8E8 r0=010F r1=0103 r2=0000 r3=12F8 r4=3D00 r5=2FFC r6=0000 r7=0000 r8=7F06 r9=D848 r10=D8E8 r11=0494 r12=8383 r13=047C r14=0000 r15=43E8
t=74.624977500 pc=00020914 fcw=D8E8 r0=010F r1=0103 r2=0000 r3=12F8 r4=3D00 r5=2FFC r6=0000 r7=0000 r8=7F06 r9=D848 r10=D8E8 r11=0494 r12=8383 r13=047C r14=0000 r15=43E8
t=74.624979250 pc=00020916 fcw=D8E8 r0=010F r1=0103 r2=0000 r3=12F8 r4=3D00 r5=2FFC r6=0000 r7=0000 r8=7F06 r9=D848 r10=D8E8 r11=0494 r12=8383 r13=047C r14=0000 r15=43E8
t=74.624982750 pc=0002091A fcw=D8E8 r0=010F r1=0103 r2=0000 r3=12F8 r4=3D00 r5=2FFC r6=0000 r7=0000 r8=7F06 r9=D848 r10=D8E8 r11=0494 r12=8383 r13=047C r14=0000 r15=43E8
t=74.624984750 pc=0002091C fcw=D8E8 r0=010F r1=0103 r2=0000 r3=12F8 r4=3D00 r5=2FFC r6=0000 r7=0000 r8=7F06 r9=D848 r10=D8E8 r11=0494 r12=8383 r13=047C r14=0000 r15=43E8
t=74.624986250 pc=0002091E fcw=D8E8 r0=0103 r1=010F r2=0000 r3=12F8 r4=3D00 r5=2FFC r6=0000 r7=0000 r8=7F06 r9=D848 r10=D8E8 r11=0494 r12=8383 r13=047C r14=0000 r15=43E8
t=74.624989000 pc=00020920 fcw=D8E8 r0=0103 r1=010F r2=0000 r3=12F8 r4=3D00 r5=2FFC r6=0000 r7=0000 r8=7F06 r9=D848 r10=D8E8 r11=0494 r12=8383 r13=047C r14=0000 r15=43E8
t=74.624990500 pc=00020912 fcw=D8E8 r0=0103 r1=010F r2=0000 r3=12F8 r4=3D00 r5=2FFC r6=0000 r7=0000 r8=7F06 r9=D848 r10=D8E8 r11=0494 r12=8383 r13=047C r14=0000 r15=43E8
t=74.624992250 pc=00020914 fcw=D8E8 r0=0103 r1=010F r2=0000 r3=12F8 r4=3D00 r5=2FFC r6=0000 r7=0000 r8=7F06 r9=D848 r10=D8E8 r11=0494 r12=8383 r13=047C r14=0000 r15=43E8
t=74.624994000 pc=00020916 fcw=D8E8 r0=0103 r1=010F r2=0000 r3=12F8 r4=3D00 r5=2FFC r6=0000 r7=0000 r8=7F06 r9=D848 r10=D8E8 r11=0494 r12=8383 r13=047C r14=0000 r15=43E8
t=74.624997500 pc=0002091A fcw=D8E8 r0=0103 r1=010F r2=0000 r3=12F8 r4=3D00 r5=2FFC r6=0000 r7=0000 r8=7F06 r9=D848 r10=D8E8 r11=0494 r12=8383 r13=047C r14=0000 r15=43E8
t=74.624999500 pc=0002091C fcw=D8E8 r0=0103 r1=010F r2=0000 r3=12F8 r4=3D00 r5=2FFC r6=0000 r7=0000 r8=7F06 r9=D848 r10=D8E8 r11=0494 r12=8383 r13=047C r14=0000 r15=43E8
t=74.625001000 pc=0002091E fcw=D8E8 r0=010F r1=0103 r2=0000 r3=12F8 r4=3D00 r5=2FFC r6=0000 r7=0000 r8=7F06 r9=D848 r10=D8E8 r11=0494 r12=8383 r13=047C r14=0000 r15=43E8
t=74.625003750 pc=00020920 fcw=D8E8 r0=010F r1=0103 r2=0000 r3=12F8 r4=3D00 r5=2FFC r6=0000 r7=0000 r8=7F06 r9=D848 r10=D8E8 r11=0494 r12=8383 r13=047C r14=0000 r15=43E8
t=74.625005250 pc=00020912 fcw=D8E8 r0=010F r1=0103 r2=0000 r3=12F8 r4=3D00 r5=2FFC r6=0000 r7=0000 r8=7F06 r9=D848 r10=D8E8 r11=0494 r12=8383 r13=047C r14=0000 r15=43E8
t=74.625007000 pc=00020914 fcw=D8E8 r0=010F r1=0103 r2=0000 r3=12F8 r4=3D00 r5=2FFC r6=0000 r7=0000 r8=7F06 r9=D848 r10=D8E8 r11=0494 r12=8383 r13=047C r14=0000 r15=43E8
t=74.625008750 pc=00020916 fcw=D8E8 r0=010F r1=0103 r2=0000 r3=12F8 r4=3D00 r5=2FFC r6=0000 r7=0000 r8=7F06 r9=D848 r10=D8E8 r11=0494 r12=8383 r13=047C r14=0000 r15=43E8
t=74.625012250 pc=0002091A fcw=D8E8 r0=010F r1=0103 r2=0000 r3=12F8 r4=3D00 r5=2FFC r6=0000 r7=0000 r8=7F06 r9=D848 r10=D8E8 r11=0494 r12=8383 r13=047C r14=0000 r15=43E8
t=74.625014250 pc=0002091C fcw=D8E8 r0=010F r1=0103 r2=0000 r3=12F8 r4=3D00 r5=2FFC r6=0000 r7=0000 r8=7F06 r9=D848 r10=D8E8 r11=0494 r12=8383 r13=047C r14=0000 r15=43E8
t=74.625015750 pc=0002091E fcw=D8E8 r0=0103 r1=010F r2=0000 r3=12F8 r4=3D00 r5=2FFC r6=0000 r7=0000 r8=7F06 r9=D848 r10=D8E8 r11=0494 r12=8383 r13=047C r14=0000 r15=43E8
t=74.625018500 pc=00020920 fcw=D8E8 r0=0103 r1=010F r2=0000 r3=12F8 r4=3D00 r5=2FFC r6=0000 r7=0000 r8=7F06 r9=D848 r10=D8E8 r11=0494 r12=8383 r13=047C r14=0000 r15=43E8
t=74.625020000 pc=00020912 fcw=D8E8 r0=0103 r1=010F r2=0000 r3=12F8 r4=3D00 r5=2FFC r6=0000 r7=0000 r8=7F06 r9=D848 r10=D8E8 r11=0494 r12=8383 r13=047C r14=0000 r15=43E8
t=74.625021750 pc=00020914 fcw=D8E8 r0=0103 r1=010F r2=0000 r3=12F8 r4=3D00 r5=2FFC r6=0000 r7=0000 r8=7F06 r9=D848 r10=D8E8 r11=0494 r12=8383 r13=047C r14=0000 r15=43E8
t=74.625023500 pc=00020916 fcw=D8E8 r0=0103 r1=010F r2=0000 r3=12F8 r4=3D00 r5=2FFC r6=0000 r7=0000 r8=7F06 r9=D848 r10=D8E8 r11=0494 r12=8383 r13=047C r14=0000 r15=43E8
t=74.625027000 pc=0002091A fcw=D8E8 r0=0103 r1=010F r2=0000 r3=12F8 r4=3D00 r5=2FFC r6=0000 r7=0000 r8=7F06 r9=D848 r10=D8E8 r11=0494 r12=8383 r13=047C r14=0000 r15=43E8
t=74.625029250 pc=0002091C fcw=D8E8 r0=0103 r1=010F r2=0000 r3=12F8 r4=3D00 r5=2FFC r6=0000 r7=0000 r8=7F06 r9=D848 r10=D8E8 r11=0494 r12=8383 r13=047C r14=0000 r15=43E8
t=74.625030750 pc=0002091E fcw=D8E8 r0=010F r1=0103 r2=0000 r3=12F8 r4=3D00 r5=2FFC r6=0000 r7=0000 r8=7F06 r9=D848 r10=D8E8 r11=0494 r12=8383 r13=047C r14=0000 r15=43E8
t=74.625033500 pc=00020920 fcw=D8E8 r0=010F r1=0103 r2=0000 r3=12F8 r4=3D00 r5=2FFC r6=0000 r7=0000 r8=7F06 r9=D848 r10=D8E8 r11=0494 r12=8383 r13=047C r14=0000 r15=43E8
t=74.625035000 pc=00020912 fcw=D8E8 r0=010F r1=0103 r2=0000 r3=12F8 r4=3D00 r5=2FFC r6=0000 r7=0000 r8=7F06 r9=D848 r10=D8E8 r11=0494 r12=8383 r13=047C r14=0000 r15=43E8
t=74.625036750 pc=00020914 fcw=D8E8 r0=010F r1=0103 r2=0000 r3=12F8 r4=3D00 r5=2FFC r6=0000 r7=0000 r8=7F06 r9=D848 r10=D8E8 r11=0494 r12=8383 r13=047C r14=0000 r15=43E8
t=74.625038500 pc=00020916 fcw=D8E8 r0=010F r1=0103 r2=0000 r3=12F8 r4=3D00 r5=2FFC r6=0000 r7=0000 r8=7F06 r9=D848 r10=D8E8 r11=0494 r12=8383 r13=047C r14=0000 r15=43E8
t=74.625042000 pc=0002091A fcw=D8E8 r0=010F r1=0103 r2=0000 r3=12F8 r4=3D00 r5=2FFC r6=0000 r7=0000 r8=7F06 r9=D848 r10=D8E8 r11=0494 r12=8383 r13=047C r14=0000 r15=43E8
t=74.625044000 pc=0002091C fcw=D8E8 r0=010F r1=0103 r2=0000 r3=12F8 r4=3D00 r5=2FFC r6=0000 r7=0000 r8=7F06 r9=D848 r10=D8E8 r11=0494 r12=8383 r13=047C r14=0000 r15=43E8
t=74.625045500 pc=0002091E fcw=D8E8 r0=0103 r1=010F r2=0000 r3=12F8 r4=3D00 r5=2FFC r6=0000 r7=0000 r8=7F06 r9=D848 r10=D8E8 r11=0494 r12=8383 r13=047C r14=0000 r15=43E8
t=74.625048250 pc=00020920 fcw=D8E8 r0=0103 r1=010F r2=0000 r3=12F8 r4=3D00 r5=2FFC r6=0000 r7=0000 r8=7F06 r9=D848 r10=D8E8 r11=0494 r12=8383 r13=047C r14=0000 r15=43E8
t=74.625049750 pc=00020912 fcw=D8E8 r0=0103 r1=010F r2=0000 r3=12F8 r4=3D00 r5=2FFC r6=0000 r7=0000 r8=7F06 r9=D848 r10=D8E8 r11=0494 r12=8383 r13=047C r14=0000 r15=43E8
t=74.625051500 pc=00020914 fcw=D8E8 r0=0103 r1=010F r2=0000 r3=12F8 r4=3D00 r5=2FFC r6=0000 r7=0000 r8=7F06 r9=D848 r10=D8E8 r11=0494 r12=8383 r13=047C r14=0000 r15=43E8
t=74.625053250 pc=00020916 fcw=D8E8 r0=0103 r1=010F r2=0000 r3=12F8 r4=3D00 r5=2FFC r6=0000 r7=0000 r8=7F06 r9=D848 r10=D8E8 r11=0494 r12=8383 r13=047C r14=0000 r15=43E8
t=74.625056750 pc=0002091A fcw=D8E8 r0=0103 r1=010F r2=0000 r3=12F8 r4=3D00 r5=2FFC r6=0000 r7=0000 r8=7F06 r9=D848 r10=D8E8 r11=0494 r12=8383 r13=047C r14=0000 r15=43E8
t=74.625058750 pc=0002091C fcw=D8E8 r0=0103 r1=010F r2=0000 r3=12F8 r4=3D00 r5=2FFC r6=0000 r7=0000 r8=7F06 r9=D848 r10=D8E8 r11=0494 r12=8383 r13=047C r14=0000 r15=43E8
t=74.625060250 pc=0002091E fcw=D8E8 r0=010F r1=0103 r2=0000 r3=12F8 r4=3D00 r5=2FFC r6=0000 r7=0000 r8=7F06 r9=D848 r10=D8E8 r11=0494 r12=8383 r13=047C r14=0000 r15=43E8
t=74.625063000 pc=00020920 fcw=D8E8 r0=010F r1=0103 r2=0000 r3=12F8 r4=3D00 r5=2FFC r6=0000 r7=0000 r8=7F06 r9=D848 r10=D8E8 r11=0494 r12=8383 r13=047C r14=0000 r15=43E8
t=74.625064500 pc=00020912 fcw=D8E8 r0=010F r1=0103 r2=0000 r3=12F8 r4=3D00 r5=2FFC r6=0000 r7=0000 r8=7F06 r9=D848 r10=D8E8 r11=0494 r12=8383 r13=047C r14=0000 r15=43E8
t=74.625066250 pc=00020914 fcw=D8E8 r0=010F r1=0103 r2=0000 r3=12F8 r4=3D00 r5=2FFC r6=0000 r7=0000 r8=7F06 r9=D848 r10=D8E8 r11=0494 r12=8383 r13=047C r14=0000 r15=43E8
t=74.625068000 pc=00020916 fcw=D8E8 r0=010F r1=0103 r2=0000 r3=12F8 r4=3D00 r5=2FFC r6=0000 r7=0000 r8=7F06 r9=D848 r10=D8E8 r11=0494 r12=8383 r13=047C r14=0000 r15=43E8
t=74.625071500 pc=0002091A fcw=D8E8 r0=010F r1=0103 r2=0000 r3=12F8 r4=3D00 r5=2FFC r6=0000 r7=0000 r8=7F06 r9=D848 r10=D8E8 r11=0494 r12=8383 r13=047C r14=0000 r15=43E8
t=74.625073500 pc=0002091C fcw=D8E8 r0=010F r1=0103 r2=0000 r3=12F8 r4=3D00 r5=2FFC r6=0000 r7=0000 r8=7F06 r9=D848 r10=D8E8 r11=0494 r12=8383 r13=047C r14=0000 r15=43E8
t=74.625075000 pc=0002091E fcw=D8E8 r0=0103 r1=010F r2=0000 r3=12F8 r4=3D00 r5=2FFC r6=0000 r7=0000 r8=7F06 r9=D848 r10=D8E8 r11=0494 r12=8383 r13=047C r14=0000 r15=43E8
t=74.625077750 pc=00020920 fcw=D8E8 r0=0103 r1=010F r2=0000 r3=12F8 r4=3D00 r5=2FFC r6=0000 r7=0000 r8=7F06 r9=D848 r10=D8E8 r11=0494 r12=8383 r13=047C r14=0000 r15=43E8
t=74.625079250 pc=00020912 fcw=D8E8 r0=0103 r1=010F r2=0000 r3=12F8 r4=3D00 r5=2FFC r6=0000 r7=0000 r8=7F06 r9=D848 r10=D8E8 r11=0494 r12=8383 r13=047C r14=0000 r15=43E8
t=74.625081000 pc=00020914 fcw=D8E8 r0=0103 r1=010F r2=0000 r3=12F8 r4=3D00 r5=2FFC r6=0000 r7=0000 r8=7F06 r9=D848 r10=D8E8 r11=0494 r12=8383 r13=047C r14=0000 r15=43E8
t=74.625082750 pc=00020916 fcw=D8E8 r0=0103 r1=010F r2=0000 r3=12F8 r4=3D00 r5=2FFC r6=0000 r7=0000 r8=7F06 r9=D848 r10=D8E8 r11=0494 r12=8383 r13=047C r14=0000 r15=43E8
t=74.625086250 pc=0002091A fcw=D8E8 r0=0103 r1=010F r2=0000 r3=12F8 r4=3D00 r5=2FFC r6=0000 r7=0000 r8=7F06 r9=D848 r10=D8E8 r11=0494 r12=8383 r13=047C r14=0000 r15=43E8
t=74.625088250 pc=0002091C fcw=D8E8 r0=0103 r1=010F r2=0000 r3=12F8 r4=3D00 r5=2FFC r6=0000 r7=0000 r8=7F06 r9=D848 r10=D8E8 r11=0494 r12=8383 r13=047C r14=0000 r15=43E8
t=74.625089750 pc=0002091E fcw=D8E8 r0=010F r1=0103 r2=0000 r3=12F8 r4=3D00 r5=2FFC r6=0000 r7=0000 r8=7F06 r9=D848 r10=D8E8 r11=0494 r12=8383 r13=047C r14=0000 r15=43E8
t=74.625092500 pc=00020920 fcw=D8E8 r0=010F r1=0103 r2=0000 r3=12F8 r4=3D00 r5=2FFC r6=0000 r7=0000 r8=7F06 r9=D848 r10=D8E8 r11=0494 r12=8383 r13=047C r14=0000 r15=43E8
t=74.625094000 pc=00020912 fcw=D8E8 r0=010F r1=0103 r2=0000 r3=12F8 r4=3D00 r5=2FFC r6=0000 r7=0000 r8=7F06 r9=D848 r10=D8E8 r11=0494 r12=8383 r13=047C r14=0000 r15=43E8
t=74.625095750 pc=00020914 fcw=D8E8 r0=010F r1=0103 r2=0000 r3=12F8 r4=3D00 r5=2FFC r6=0000 r7=0000 r8=7F06 r9=D848 r10=D8E8 r11=0494 r12=8383 r13=047C r14=0000 r15=43E8
t=74.625097500 pc=00020916 fcw=D8E8 r0=010F r1=0103 r2=0000 r3=12F8 r4=3D00 r5=2FFC r6=0000 r7=0000 r8=7F06 r9=D848 r10=D8E8 r11=0494 r12=8383 r13=047C r14=0000 r15=43E8
t=74.625101000 pc=0002091A fcw=D8E8 r0=010F r1=0103 r2=0000 r3=12F8 r4=3D00 r5=2FFC r6=0000 r7=0000 r8=7F06 r9=D848 r10=D8E8 r11=0494 r12=8383 r13=047C r14=0000 r15=43E8
t=74.625103000 pc=0002091C fcw=D8E8 r0=010F r1=0103 r2=0000 r3=12F8 r4=3D00 r5=2FFC r6=0000 r7=0000 r8=7F06 r9=D848 r10=D8E8 r11=0494 r12=8383 r13=047C r14=0000 r15=43E8
t=74.625104500 pc=0002091E fcw=D8E8 r0=0103 r1=010F r2=0000 r3=12F8 r4=3D00 r5=2FFC r6=0000 r7=0000 r8=7F06 r9=D848 r10=D8E8 r11=0494 r12=8383 r13=047C r14=0000 r15=43E8
t=74.625107250 pc=00020920 fcw=D8E8 r0=0103 r1=010F r2=0000 r3=12F8 r4=3D00 r5=2FFC r6=0000 r7=0000 r8=7F06 r9=D848 r10=D8E8 r11=0494 r12=8383 r13=047C r14=0000 r15=43E8
t=74.625108750 pc=00020912 fcw=D8E8 r0=0103 r1=010F r2=0000 r3=12F8 r4=3D00 r5=2FFC r6=0000 r7=0000 r8=7F06 r9=D848 r10=D8E8 r11=0494 r12=8383 r13=047C r14=0000 r15=43E8
t=74.625110500 pc=00020914 fcw=D8E8 r0=0103 r1=010F r2=0000 r3=12F8 r4=3D00 r5=2FFC r6=0000 r7=0000 r8=7F06 r9=D848 r10=D8E8 r11=0494 r12=8383 r13=047C r14=0000 r15=43E8
t=74.625112250 pc=00020916 fcw=D8E8 r0=0103 r1=010F r2=0000 r3=12F8 r4=3D00 r5=2FFC r6=0000 r7=0000 r8=7F06 r9=D848 r10=D8E8 r11=0494 r12=8383 r13=047C r14=0000 r15=43E8
t=74.625115750 pc=0002091A fcw=D8E8 r0=0103 r1=010F r2=0000 r3=12F8 r4=3D00 r5=2FFC r6=0000 r7=0000 r8=7F06 r9=D848 r10=D8E8 r11=0494 r12=8383 r13=047C r14=0000 r15=43E8
t=74.625117750 pc=0002091C fcw=D8E8 r0=0103 r1=010F r2=0000 r3=12F8 r4=3D00 r5=2FFC r6=0000 r7=0000 r8=7F06 r9=D848 r10=D8E8 r11=0494 r12=8383 r13=047C r14=0000 r15=43E8
t=74.625119250 pc=0002091E fcw=D8E8 r0=010F r1=0103 r2=0000 r3=12F8 r4=3D00 r5=2FFC r6=0000 r7=0000 r8=7F06 r9=D848 r10=D8E8 r11=0494 r12=8383 r13=047C r14=0000 r15=43E8
t=74.625122000 pc=00020920 fcw=D8E8 r0=010F r1=0103 r2=0000 r3=12F8 r4=3D00 r5=2FFC r6=0000 r7=0000 r8=7F06 r9=D848 r10=D8E8 r11=0494 r12=8383 r13=047C r14=0000 r15=43E8
t=74.625123500 pc=00020912 fcw=D8E8 r0=010F r1=0103 r2=0000 r3=12F8 r4=3D00 r5=2FFC r6=0000 r7=0000 r8=7F06 r9=D848 r10=D8E8 r11=0494 r12=8383 r13=047C r14=0000 r15=43E8
t=74.625125250 pc=00020914 fcw=D8E8 r0=010F r1=0103 r2=0000 r3=12F8 r4=3D00 r5=2FFC r6=0000 r7=0000 r8=7F06 r9=D848 r10=D8E8 r11=0494 r12=8383 r13=047C r14=0000 r15=43E8
t=74.625127000 pc=00020916 fcw=D8E8 r0=010F r1=0103 r2=0000 r3=12F8 r4=3D00 r5=2FFC r6=0000 r7=0000 r8=7F06 r9=D848 r10=D8E8 r11=0494 r12=8383 r13=047C r14=0000 r15=43E8
t=74.625130500 pc=0002091A fcw=D8E8 r0=010F r1=0103 r2=0000 r3=12F8 r4=3D00 r5=2FFC r6=0000 r7=0000 r8=7F06 r9=D848 r10=D8E8 r11=0494 r12=8383 r13=047C r14=0000 r15=43E8
t=74.625132500 pc=0002091C fcw=D8E8 r0=010F r1=0103 r2=0000 r3=12F8 r4=3D00 r5=2FFC r6=0000 r7=0000 r8=7F06 r9=D848 r10=D8E8 r11=0494 r12=8383 r13=047C r14=0000 r15=43E8
t=74.625134000 pc=0002091E fcw=D8E8 r0=0103 r1=010F r2=0000 r3=12F8 r4=3D00 r5=2FFC r6=0000 r7=0000 r8=7F06 r9=D848 r10=D8E8 r11=0494 r12=8383 r13=047C r14=0000 r15=43E8
t=74.625136750 pc=00020920 fcw=D8E8 r0=0103 r1=010F r2=0000 r3=12F8 r4=3D00 r5=2FFC r6=0000 r7=0000 r8=7F06 r9=D848 r10=D8E8 r11=0494 r12=8383 r13=047C r14=0000 r15=43E8
t=74.625138250 pc=00020912 fcw=D8E8 r0=0103 r1=010F r2=0000 r3=12F8 r4=3D00 r5=2FFC r6=0000 r7=0000 r8=7F06 r9=D848 r10=D8E8 r11=0494 r12=8383 r13=047C r14=0000 r15=43E8
t=74.625140000 pc=00020914 fcw=D8E8 r0=0103 r1=010F r2=0000 r3=12F8 r4=3D00 r5=2FFC r6=0000 r7=0000 r8=7F06 r9=D848 r10=D8E8 r11=0494 r12=8383 r13=047C r14=0000 r15=43E8
t=74.625141750 pc=00020916 fcw=D8E8 r0=0103 r1=010F r2=0000 r3=12F8 r4=3D00 r5=2FFC r6=0000 r7=0000 r8=7F06 r9=D848 r10=D8E8 r11=0494 r12=8383 r13=047C r14=0000 r15=43E8
t=74.625145250 pc=0002091A fcw=D8E8 r0=0103 r1=010F r2=0000 r3=12F8 r4=3D00 r5=2FFC r6=0000 r7=0000 r8=7F06 r9=D848 r10=D8E8 r11=0494 r12=8383 r13=047C r14=0000 r15=43E8
t=74.625147250 pc=0002091C fcw=D8E8 r0=0103 r1=010F r2=0000 r3=12F8 r4=3D00 r5=2FFC r6=0000 r7=0000 r8=7F06 r9=D848 r10=D8E8 r11=0494 r12=8383 r13=047C r14=0000 r15=43E8
t=74.625148750 pc=0002091E fcw=D8E8 r0=010F r1=0103 r2=0000 r3=12F8 r4=3D00 r5=2FFC r6=0000 r7=0000 r8=7F06 r9=D848 r10=D8E8 r11=0494 r12=8383 r13=047C r14=0000 r15=43E8
t=74.625151500 pc=00020920 fcw=D8E8 r0=010F r1=0103 r2=0000 r3=12F8 r4=3D00 r5=2FFC r6=0000 r7=0000 r8=7F06 r9=D848 r10=D8E8 r11=0494 r12=8383 r13=047C r14=0000 r15=43E8
t=74.625153000 pc=00020912 fcw=D8E8 r0=010F r1=0103 r2=0000 r3=12F8 r4=3D00 r5=2FFC r6=0000 r7=0000 r8=7F06 r9=D848 r10=D8E8 r11=0494 r12=8383 r13=047C r14=0000 r15=43E8
t=74.625154750 pc=00020914 fcw=D8E8 r0=010F r1=0103 r2=0000 r3=12F8 r4=3D00 r5=2FFC r6=0000 r7=0000 r8=7F06 r9=D848 r10=D8E8 r11=0494 r12=8383 r13=047C r14=0000 r15=43E8
t=74.625156500 pc=00020916 fcw=D8E8 r0=010F r1=0103 r2=0000 r3=12F8 r4=3D00 r5=2FFC r6=0000 r7=0000 r8=7F06 r9=D848 r10=D8E8 r11=0494 r12=8383 r13=047C r14=0000 r15=43E8
t=74.625160000 pc=0002091A fcw=D8E8 r0=010F r1=0103 r2=0000 r3=12F8 r4=3D00 r5=2FFC r6=0000 r7=0000 r8=7F06 r9=D848 r10=D8E8 r11=0494 r12=8383 r13=047C r14=0000 r15=43E8
t=74.625162000 pc=0002091C fcw=D8E8 r0=010F r1=0103 r2=0000 r3=12F8 r4=3D00 r5=2FFC r6=0000 r7=0000 r8=7F06 r9=D848 r10=D8E8 r11=0494 r12=8383 r13=047C r14=0000 r15=43E8
t=74.625163500 pc=0002091E fcw=D8E8 r0=0103 r1=010F r2=0000 r3=12F8 r4=3D00 r5=2FFC r6=0000 r7=0000 r8=7F06 r9=D848 r10=D8E8 r11=0494 r12=8383 r13=047C r14=0000 r15=43E8
t=74.625166250 pc=00020920 fcw=D8E8 r0=0103 r1=010F r2=0000 r3=12F8 r4=3D00 r5=2FFC r6=0000 r7=0000 r8=7F06 r9=D848 r10=D8E8 r11=0494 r12=8383 r13=047C r14=0000 r15=43E8
t=74.625167750 pc=00020912 fcw=D8E8 r0=0103 r1=010F r2=0000 r3=12F8 r4=3D00 r5=2FFC r6=0000 r7=0000 r8=7F06 r9=D848 r10=D8E8 r11=0494 r12=8383 r13=047C r14=0000 r15=43E8
t=74.625169500 pc=00020914 fcw=D8E8 r0=0103 r1=010F r2=0000 r3=12F8 r4=3D00 r5=2FFC r6=0000 r7=0000 r8=7F06 r9=D848 r10=D8E8 r11=0494 r12=8383 r13=047C r14=0000 r15=43E8
t=74.625171250 pc=00020916 fcw=D8E8 r0=0103 r1=010F r2=0000 r3=12F8 r4=3D00 r5=2FFC r6=0000 r7=0000 r8=7F06 r9=D848 r10=D8E8 r11=0494 r12=8383 r13=047C r14=0000 r15=43E8
t=74.625174750 pc=0002091A fcw=D8E8 r0=0103 r1=010F r2=0000 r3=12F8 r4=3D00 r5=2FFC r6=0000 r7=0000 r8=7F06 r9=D848 r10=D8E8 r11=0494 r12=8383 r13=047C r14=0000 r15=43E8
t=74.625176750 pc=0002091C fcw=D8E8 r0=0103 r1=010F r2=0000 r3=12F8 r4=3D00 r5=2FFC r6=0000 r7=0000 r8=7F06 r9=D848 r10=D8E8 r11=0494 r12=8383 r13=047C r14=0000 r15=43E8
t=74.625178250 pc=0002091E fcw=D8E8 r0=010F r1=0103 r2=0000 r3=12F8 r4=3D00 r5=2FFC r6=0000 r7=0000 r8=7F06 r9=D848 r10=D8E8 r11=0494 r12=8383 r13=047C r14=0000 r15=43E8
t=74.625181000 pc=00020920 fcw=D8E8 r0=010F r1=0103 r2=0000 r3=12F8 r4=3D00 r5=2FFC r6=0000 r7=0000 r8=7F06 r9=D848 r10=D8E8 r11=0494 r12=8383 r13=047C r14=0000 r15=43E8
t=74.625182500 pc=00020912 fcw=D8E8 r0=010F r1=0103 r2=0000 r3=12F8 r4=3D00 r5=2FFC r6=0000 r7=0000 r8=7F06 r9=D848 r10=D8E8 r11=0494 r12=8383 r13=047C r14=0000 r15=43E8
t=74.625184250 pc=00020914 fcw=D8E8 r0=010F r1=0103 r2=0000 r3=12F8 r4=3D00 r5=2FFC r6=0000 r7=0000 r8=7F06 r9=D848 r10=D8E8 r11=0494 r12=8383 r13=047C r14=0000 r15=43E8
t=74.625186000 pc=00020916 fcw=D8E8 r0=010F r1=0103 r2=0000 r3=12F8 r4=3D00 r5=2FFC r6=0000 r7=0000 r8=7F06 r9=D848 r10=D8E8 r11=0494 r12=8383 r13=047C r14=0000 r15=43E8
t=74.625189500 pc=0002091A fcw=D8E8 r0=010F r1=0103 r2=0000 r3=12F8 r4=3D00 r5=2FFC r6=0000 r7=0000 r8=7F06 r9=D848 r10=D8E8 r11=0494 r12=8383 r13=047C r14=0000 r15=43E8
t=74.625191500 pc=0002091C fcw=D8E8 r0=010F r1=0103 r2=0000 r3=12F8 r4=3D00 r5=2FFC r6=0000 r7=0000 r8=7F06 r9=D848 r10=D8E8 r11=0494 r12=8383 r13=047C r14=0000 r15=43E8
t=74.625193000 pc=0002091E fcw=D8E8 r0=0103 r1=010F r2=0000 r3=12F8 r4=3D00 r5=2FFC r6=0000 r7=0000 r8=7F06 r9=D848 r10=D8E8 r11=0494 r12=8383 r13=047C r14=0000 r15=43E8
t=74.625195750 pc=00020920 fcw=D8E8 r0=0103 r1=010F r2=0000 r3=12F8 r4=3D00 r5=2FFC r6=0000 r7=0000 r8=7F06 r9=D848 r10=D8E8 r11=0494 r12=8383 r13=047C r14=0000 r15=43E8
t=74.625197250 pc=00020912 fcw=D8E8 r0=0103 r1=010F r2=0000 r3=12F8 r4=3D00 r5=2FFC r6=0000 r7=0000 r8=7F06 r9=D848 r10=D8E8 r11=0494 r12=8383 r13=047C r14=0000 r15=43E8
t=74.625199000 pc=00020914 fcw=D8E8 r0=0103 r1=010F r2=0000 r3=12F8 r4=3D00 r5=2FFC r6=0000 r7=0000 r8=7F06 r9=D848 r10=D8E8 r11=0494 r12=8383 r13=047C r14=0000 r15=43E8
t=74.625200750 pc=00020916 fcw=D8E8 r0=0103 r1=010F r2=0000 r3=12F8 r4=3D00 r5=2FFC r6=0000 r7=0000 r8=7F06 r9=D848 r10=D8E8 r11=0494 r12=8383 r13=047C r14=0000 r15=43E8
t=74.625204250 pc=0002091A fcw=D8E8 r0=0103 r1=010F r2=0000 r3=12F8 r4=3D00 r5=2FFC r6=0000 r7=0000 r8=7F06 r9=D848 r10=D8E8 r11=0494 r12=8383 r13=047C r14=0000 r15=43E8
t=74.625206250 pc=0002091C fcw=D8E8 r0=0103 r1=010F r2=0000 r3=12F8 r4=3D00 r5=2FFC r6=0000 r7=0000 r8=7F06 r9=D848 r10=D8E8 r11=0494 r12=8383 r13=047C r14=0000 r15=43E8
t=74.625207750 pc=0002091E fcw=D8E8 r0=010F r1=0103 r2=0000 r3=12F8 r4=3D00 r5=2FFC r6=0000 r7=0000 r8=7F06 r9=D848 r10=D8E8 r11=0494 r12=8383 r13=047C r14=0000 r15=43E8
t=74.625210500 pc=00020920 fcw=D8E8 r0=010F r1=0103 r2=0000 r3=12F8 r4=3D00 r5=2FFC r6=0000 r7=0000 r8=7F06 r9=D848 r10=D8E8 r11=0494 r12=8383 r13=047C r14=0000 r15=43E8
t=74.625212000 pc=00020912 fcw=D8E8 r0=010F r1=0103 r2=0000 r3=12F8 r4=3D00 r5=2FFC r6=0000 r7=0000 r8=7F06 r9=D848 r10=D8E8 r11=0494 r12=8383 r13=047C r14=0000 r15=43E8
t=74.625213750 pc=00020914 fcw=D8E8 r0=010F r1=0103 r2=0000 r3=12F8 r4=3D00 r5=2FFC r6=0000 r7=0000 r8=7F06 r9=D848 r10=D8E8 r11=0494 r12=8383 r13=047C r14=0000 r15=43E8
t=74.625215500 pc=00020916 fcw=D8E8 r0=010F r1=0103 r2=0000 r3=12F8 r4=3D00 r5=2FFC r6=0000 r7=0000 r8=7F06 r9=D848 r10=D8E8 r11=0494 r12=8383 r13=047C r14=0000 r15=43E8
t=74.625219000 pc=0002091A fcw=D8E8 r0=010F r1=0103 r2=0000 r3=12F8 r4=3D00 r5=2FFC r6=0000 r7=0000 r8=7F06 r9=D848 r10=D8E8 r11=0494 r12=8383 r13=047C r14=0000 r15=43E8
t=74.625221250 pc=0002091C fcw=D8E8 r0=010F r1=0103 r2=0000 r3=12F8 r4=3D00 r5=2FFC r6=0000 r7=0000 r8=7F06 r9=D848 r10=D8E8 r11=0494 r12=8383 r13=047C r14=0000 r15=43E8
t=74.625222750 pc=0002091E fcw=D8E8 r0=0103 r1=010F r2=0000 r3=12F8 r4=3D00 r5=2FFC r6=0000 r7=0000 r8=7F06 r9=D848 r10=D8E8 r11=0494 r12=8383 r13=047C r14=0000 r15=43E8
t=74.625225500 pc=00020920 fcw=D8E8 r0=0103 r1=010F r2=0000 r3=12F8 r4=3D00 r5=2FFC r6=0000 r7=0000 r8=7F06 r9=D848 r10=D8E8 r11=0494 r12=8383 r13=047C r14=0000 r15=43E8
t=74.625227000 pc=00020912 fcw=D8E8 r0=0103 r1=010F r2=0000 r3=12F8 r4=3D00 r5=2FFC r6=0000 r7=0000 r8=7F06 r9=D848 r10=D8E8 r11=0494 r12=8383 r13=047C r14=0000 r15=43E8
t=74.625228750 pc=00020914 fcw=D8E8 r0=0103 r1=010F r2=0000 r3=12F8 r4=3D00 r5=2FFC r6=0000 r7=0000 r8=7F06 r9=D848 r10=D8E8 r11=0494 r12=8383 r13=047C r14=0000 r15=43E8
t=74.625230500 pc=00020916 fcw=D8E8 r0=0103 r1=010F r2=0000 r3=12F8 r4=3D00 r5=2FFC r6=0000 r7=0000 r8=7F06 r9=D848 r10=D8E8 r11=0494 r12=8383 r13=047C r14=0000 r15=43E8
t=74.625234000 pc=0002091A fcw=D8E8 r0=0103 r1=010F r2=0000 r3=12F8 r4=3D00 r5=2FFC r6=0000 r7=0000 r8=7F06 r9=D848 r10=D8E8 r11=0494 r12=8383 r13=047C r14=0000 r15=43E8
t=74.625236000 pc=0002091C fcw=D8E8 r0=0103 r1=010F r2=0000 r3=12F8 r4=3D00 r5=2FFC r6=0000 r7=0000 r8=7F06 r9=D848 r10=D8E8 r11=0494 r12=8383 r13=047C r14=0000 r15=43E8
t=74.625237500 pc=0002091E fcw=D8E8 r0=010F r1=0103 r2=0000 r3=12F8 r4=3D00 r5=2FFC r6=0000 r7=0000 r8=7F06 r9=D848 r10=D8E8 r11=0494 r12=8383 r13=047C r14=0000 r15=43E8
t=74.625240250 pc=00020920 fcw=D8E8 r0=010F r1=0103 r2=0000 r3=12F8 r4=3D00 r5=2FFC r6=0000 r7=0000 r8=7F06 r9=D848 r10=D8E8 r11=0494 r12=8383 r13=047C r14=0000 r15=43E8
t=74.625241750 pc=00020912 fcw=D8E8 r0=010F r1=0103 r2=0000 r3=12F8 r4=3D00 r5=2FFC r6=0000 r7=0000 r8=7F06 r9=D848 r10=D8E8 r11=0494 r12=8383 r13=047C r14=0000 r15=43E8
t=74.625243500 pc=00020914 fcw=D8E8 r0=010F r1=0103 r2=0000 r3=12F8 r4=3D00 r5=2FFC r6=0000 r7=0000 r8=7F06 r9=D848 r10=D8E8 r11=0494 r12=8383 r13=047C r14=0000 r15=43E8
t=74.625245250 pc=00020916 fcw=D8E8 r0=010F r1=0103 r2=0000 r3=12F8 r4=3D00 r5=2FFC r6=0000 r7=0000 r8=7F06 r9=D848 r10=D8E8 r11=0494 r12=8383 r13=047C r14=0000 r15=43E8
t=74.625248750 pc=0002091A fcw=D8E8 r0=010F r1=0103 r2=0000 r3=12F8 r4=3D00 r5=2FFC r6=0000 r7=0000 r8=7F06 r9=D848 r10=D8E8 r11=0494 r12=8383 r13=047C r14=0000 r15=43E8
t=74.625250750 pc=0002091C fcw=D8E8 r0=010F r1=0103 r2=0000 r3=12F8 r4=3D00 r5=2FFC r6=0000 r7=0000 r8=7F06 r9=D848 r10=D8E8 r11=0494 r12=8383 r13=047C r14=0000 r15=43E8
t=74.625252250 pc=0002091E fcw=D8E8 r0=0103 r1=010F r2=0000 r3=12F8 r4=3D00 r5=2FFC r6=0000 r7=0000 r8=7F06 r9=D848 r10=D8E8 r11=0494 r12=8383 r13=047C r14=0000 r15=43E8
t=74.625255000 pc=00020920 fcw=D8E8 r0=0103 r1=010F r2=0000 r3=12F8 r4=3D00 r5=2FFC r6=0000 r7=0000 r8=7F06 r9=D848 r10=D8E8 r11=0494 r12=8383 r13=047C r14=0000 r15=43E8
t=74.625256500 pc=00020912 fcw=D8E8 r0=0103 r1=010F r2=0000 r3=12F8 r4=3D00 r5=2FFC r6=0000 r7=0000 r8=7F06 r9=D848 r10=D8E8 r11=0494 r12=8383 r13=047C r14=0000 r15=43E8
t=74.625258250 pc=00020914 fcw=D8E8 r0=0103 r1=010F r2=0000 r3=12F8 r4=3D00 r5=2FFC r6=0000 r7=0000 r8=7F06 r9=D848 r10=D8E8 r11=0494 r12=8383 r13=047C r14=0000 r15=43E8
t=74.625260000 pc=00020916 fcw=D8E8 r0=0103 r1=010F r2=0000 r3=12F8 r4=3D00 r5=2FFC r6=0000 r7=0000 r8=7F06 r9=D848 r10=D8E8 r11=0494 r12=8383 r13=047C r14=0000 r15=43E8
t=74.625263500 pc=0002091A fcw=D8E8 r0=0103 r1=010F r2=0000 r3=12F8 r4=3D00 r5=2FFC r6=0000 r7=0000 r8=7F06 r9=D848 r10=D8E8 r11=0494 r12=8383 r13=047C r14=0000 r15=43E8
t=74.625265500 pc=0002091C fcw=D8E8 r0=0103 r1=010F r2=0000 r3=12F8 r4=3D00 r5=2FFC r6=0000 r7=0000 r8=7F06 r9=D848 r10=D8E8 r11=0494 r12=8383 r13=047C r14=0000 r15=43E8
t=74.625267000 pc=0002091E fcw=D8E8 r0=010F r1=0103 r2=0000 r3=12F8 r4=3D00 r5=2FFC r6=0000 r7=0000 r8=7F06 r9=D848 r10=D8E8 r11=0494 r12=8383 r13=047C r14=0000 r15=43E8
t=74.625269750 pc=00020920 fcw=D8E8 r0=010F r1=0103 r2=0000 r3=12F8 r4=3D00 r5=2FFC r6=0000 r7=0000 r8=7F06 r9=D848 r10=D8E8 r11=0494 r12=8383 r13=047C r14=0000 r15=43E8
t=74.625271250 pc=00020912 fcw=D8E8 r0=010F r1=0103 r2=0000 r3=12F8 r4=3D00 r5=2FFC r6=0000 r7=0000 r8=7F06 r9=D848 r10=D8E8 r11=0494 r12=8383 r13=047C r14=0000 r15=43E8
t=74.625273000 pc=00020914 fcw=D8E8 r0=010F r1=0103 r2=0000 r3=12F8 r4=3D00 r5=2FFC r6=0000 r7=0000 r8=7F06 r9=D848 r10=D8E8 r11=0494 r12=8383 r13=047C r14=0000 r15=43E8
t=74.625274750 pc=00020916 fcw=D8E8 r0=010F r1=0103 r2=0000 r3=12F8 r4=3D00 r5=2FFC r6=0000 r7=0000 r8=7F06 r9=D848 r10=D8E8 r11=0494 r12=8383 r13=047C r14=0000 r15=43E8
t=74.625278250 pc=0002091A fcw=D8E8 r0=010F r1=0103 r2=0000 r3=12F8 r4=3D00 r5=2FFC r6=0000 r7=0000 r8=7F06 r9=D848 r10=D8E8 r11=0494 r12=8383 r13=047C r14=0000 r15=43E8
t=74.625280250 pc=0002091C fcw=D8E8 r0=010F r1=0103 r2=0000 r3=12F8 r4=3D00 r5=2FFC r6=0000 r7=0000 r8=7F06 r9=D848 r10=D8E8 r11=0494 r12=8383 r13=047C r14=0000 r15=43E8
t=74.625281750 pc=0002091E fcw=D8E8 r0=0103 r1=010F r2=0000 r3=12F8 r4=3D00 r5=2FFC r6=0000 r7=0000 r8=7F06 r9=D848 r10=D8E8 r11=0494 r12=8383 r13=047C r14=0000 r15=43E8
t=74.625284500 pc=00020920 fcw=D8E8 r0=0103 r1=010F r2=0000 r3=12F8 r4=3D00 r5=2FFC r6=0000 r7=0000 r8=7F06 r9=D848 r10=D8E8 r11=0494 r12=8383 r13=047C r14=0000 r15=43E8
t=74.625286000 pc=00020912 fcw=D8E8 r0=0103 r1=010F r2=0000 r3=12F8 r4=3D00 r5=2FFC r6=0000 r7=0000 r8=7F06 r9=D848 r10=D8E8 r11=0494 r12=8383 r13=047C r14=0000 r15=43E8
t=74.625287750 pc=00020914 fcw=D8E8 r0=0103 r1=010F r2=0000 r3=12F8 r4=3D00 r5=2FFC r6=0000 r7=0000 r8=7F06 r9=D848 r10=D8E8 r11=0494 r12=8383 r13=047C r14=0000 r15=43E8
t=74.625289500 pc=00020916 fcw=D8E8 r0=0103 r1=010F r2=0000 r3=12F8 r4=3D00 r5=2FFC r6=0000 r7=0000 r8=7F06 r9=D848 r10=D8E8 r11=0494 r12=8383 r13=047C r14=0000 r15=43E8
t=74.625293000 pc=0002091A fcw=D8E8 r0=0103 r1=010F r2=0000 r3=12F8 r4=3D00 r5=2FFC r6=0000 r7=0000 r8=7F06 r9=D848 r10=D8E8 r11=0494 r12=8383 r13=047C r14=0000 r15=43E8
t=74.625295000 pc=0002091C fcw=D8E8 r0=0103 r1=010F r2=0000 r3=12F8 r4=3D00 r5=2FFC r6=0000 r7=0000 r8=7F06 r9=D848 r10=D8E8 r11=0494 r12=8383 r13=047C r14=0000 r15=43E8
t=74.625296500 pc=0002091E fcw=D8E8 r0=010F r1=0103 r2=0000 r3=12F8 r4=3D00 r5=2FFC r6=0000 r7=0000 r8=7F06 r9=D848 r10=D8E8 r11=0494 r12=8383 r13=047C r14=0000 r15=43E8
t=74.625299250 pc=00020920 fcw=D8E8 r0=010F r1=0103 r2=0000 r3=12F8 r4=3D00 r5=2FFC r6=0000 r7=0000 r8=7F06 r9=D848 r10=D8E8 r11=0494 r12=8383 r13=047C r14=0000 r15=43E8
t=74.625300750 pc=00020912 fcw=D8E8 r0=010F r1=0103 r2=0000 r3=12F8 r4=3D00 r5=2FFC r6=0000 r7=0000 r8=7F06 r9=D848 r10=D8E8 r11=0494 r12=8383 r13=047C r14=0000 r15=43E8
t=74.625302500 pc=00020914 fcw=D8E8 r0=010F r1=0103 r2=0000 r3=12F8 r4=3D00 r5=2FFC r6=0000 r7=0000 r8=7F06 r9=D848 r10=D8E8 r11=0494 r12=8383 r13=047C r14=0000 r15=43E8
t=74.625304250 pc=00020916 fcw=D8E8 r0=010F r1=0103 r2=0000 r3=12F8 r4=3D00 r5=2FFC r6=0000 r7=0000 r8=7F06 r9=D848 r10=D8E8 r11=0494 r12=8383 r13=047C r14=0000 r15=43E8
t=74.625307750 pc=0002091A fcw=D8E8 r0=010F r1=0103 r2=0000 r3=12F8 r4=3D00 r5=2FFC r6=0000 r7=0000 r8=7F06 r9=D848 r10=D8E8 r11=0494 r12=8383 r13=047C r14=0000 r15=43E8
t=74.625309750 pc=0002091C fcw=D8E8 r0=010F r1=0103 r2=0000 r3=12F8 r4=3D00 r5=2FFC r6=0000 r7=0000 r8=7F06 r9=D848 r10=D8E8 r11=0494 r12=8383 r13=047C r14=0000 r15=43E8
t=74.625311250 pc=0002091E fcw=D8E8 r0=0103 r1=010F r2=0000 r3=12F8 r4=3D00 r5=2FFC r6=0000 r7=0000 r8=7F06 r9=D848 r10=D8E8 r11=0494 r12=8383 r13=047C r14=0000 r15=43E8
t=74.625314000 pc=00020920 fcw=D8E8 r0=0103 r1=010F r2=0000 r3=12F8 r4=3D00 r5=2FFC r6=0000 r7=0000 r8=7F06 r9=D848 r10=D8E8 r11=0494 r12=8383 r13=047C r14=0000 r15=43E8
t=74.625315500 pc=00020912 fcw=D8E8 r0=0103 r1=010F r2=0000 r3=12F8 r4=3D00 r5=2FFC r6=0000 r7=0000 r8=7F06 r9=D848 r10=D8E8 r11=0494 r12=8383 r13=047C r14=0000 r15=43E8
t=74.625317250 pc=00020914 fcw=D8E8 r0=0103 r1=010F r2=0000 r3=12F8 r4=3D00 r5=2FFC r6=0000 r7=0000 r8=7F06 r9=D848 r10=D8E8 r11=0494 r12=8383 r13=047C r14=0000 r15=43E8
t=74.625319000 pc=00020916 fcw=D8E8 r0=0103 r1=010F r2=0000 r3=12F8 r4=3D00 r5=2FFC r6=0000 r7=0000 r8=7F06 r9=D848 r10=D8E8 r11=0494 r12=8383 r13=047C r14=0000 r15=43E8
t=74.625322500 pc=0002091A fcw=D8E8 r0=0103 r1=010F r2=0000 r3=12F8 r4=3D00 r5=2FFC r6=0000 r7=0000 r8=7F06 r9=D848 r10=D8E8 r11=0494 r12=8383 r13=047C r14=0000 r15=43E8
t=74.625324500 pc=0002091C fcw=D8E8 r0=0103 r1=010F r2=0000 r3=12F8 r4=3D00 r5=2FFC r6=0000 r7=0000 r8=7F06 r9=D848 r10=D8E8 r11=0494 r12=8383 r13=047C r14=0000 r15=43E8
t=74.625326000 pc=0002091E fcw=D8E8 r0=010F r1=0103 r2=0000 r3=12F8 r4=3D00 r5=2FFC r6=0000 r7=0000 r8=7F06 r9=D848 r10=D8E8 r11=0494 r12=8383 r13=047C r14=0000 r15=43E8
t=74.625328750 pc=00020920 fcw=D8E8 r0=010F r1=0103 r2=0000 r3=12F8 r4=3D00 r5=2FFC r6=0000 r7=0000 r8=7F06 r9=D848 r10=D8E8 r11=0494 r12=8383 r13=047C r14=0000 r15=43E8
t=74.625330250 pc=00020912 fcw=D8E8 r0=010F r1=0103 r2=0000 r3=12F8 r4=3D00 r5=2FFC r6=0000 r7=0000 r8=7F06 r9=D848 r10=D8E8 r11=0494 r12=8383 r13=047C r14=0000 r15=43E8
t=74.625332000 pc=00020914 fcw=D8E8 r0=010F r1=0103 r2=0000 r3=12F8 r4=3D00 r5=2FFC r6=0000 r7=0000 r8=7F06 r9=D848 r10=D8E8 r11=0494 r12=8383 r13=047C r14=0000 r15=43E8
t=74.625333750 pc=00020916 fcw=D8E8 r0=010F r1=0103 r2=0000 r3=12F8 r4=3D00 r5=2FFC r6=0000 r7=0000 r8=7F06 r9=D848 r10=D8E8 r11=0494 r12=8383 r13=047C r14=0000 r15=43E8
t=74.625337250 pc=0002091A fcw=D8E8 r0=010F r1=0103 r2=0000 r3=12F8 r4=3D00 r5=2FFC r6=0000 r7=0000 r8=7F06 r9=D848 r10=D8E8 r11=0494 r12=8383 r13=047C r14=0000 r15=43E8
t=74.625339250 pc=0002091C fcw=D8E8 r0=010F r1=0103 r2=0000 r3=12F8 r4=3D00 r5=2FFC r6=0000 r7=0000 r8=7F06 r9=D848 r10=D8E8 r11=0494 r12=8383 r13=047C r14=0000 r15=43E8
t=74.625340750 pc=0002091E fcw=D8E8 r0=0103 r1=010F r2=0000 r3=12F8 r4=3D00 r5=2FFC r6=0000 r7=0000 r8=7F06 r9=D848 r10=D8E8 r11=0494 r12=8383 r13=047C r14=0000 r15=43E8
t=74.625343500 pc=00020920 fcw=D8E8 r0=0103 r1=010F r2=0000 r3=12F8 r4=3D00 r5=2FFC r6=0000 r7=0000 r8=7F06 r9=D848 r10=D8E8 r11=0494 r12=8383 r13=047C r14=0000 r15=43E8
t=74.625345000 pc=00020912 fcw=D8E8 r0=0103 r1=010F r2=0000 r3=12F8 r4=3D00 r5=2FFC r6=0000 r7=0000 r8=7F06 r9=D848 r10=D8E8 r11=0494 r12=8383 r13=047C r14=0000 r15=43E8
t=74.625346750 pc=00020914 fcw=D8E8 r0=0103 r1=010F r2=0000 r3=12F8 r4=3D00 r5=2FFC r6=0000 r7=0000 r8=7F06 r9=D848 r10=D8E8 r11=0494 r12=8383 r13=047C r14=0000 r15=43E8
t=74.625348500 pc=00020916 fcw=D8E8 r0=0103 r1=010F r2=0000 r3=12F8 r4=3D00 r5=2FFC r6=0000 r7=0000 r8=7F06 r9=D848 r10=D8E8 r11=0494 r12=8383 r13=047C r14=0000 r15=43E8
t=74.625352000 pc=0002091A fcw=D8E8 r0=0103 r1=010F r2=0000 r3=12F8 r4=3D00 r5=2FFC r6=0000 r7=0000 r8=7F06 r9=D848 r10=D8E8 r11=0494 r12=8383 r13=047C r14=0000 r15=43E8
t=74.625354000 pc=0002091C fcw=D8E8 r0=0103 r1=010F r2=0000 r3=12F8 r4=3D00 r5=2FFC r6=0000 r7=0000 r8=7F06 r9=D848 r10=D8E8 r11=0494 r12=8383 r13=047C r14=0000 r15=43E8
t=74.625355500 pc=0002091E fcw=D8E8 r0=010F r1=0103 r2=0000 r3=12F8 r4=3D00 r5=2FFC r6=0000 r7=0000 r8=7F06 r9=D848 r10=D8E8 r11=0494 r12=8383 r13=047C r14=0000 r15=43E8
t=74.625358250 pc=00020920 fcw=D8E8 r0=010F r1=0103 r2=0000 r3=12F8 r4=3D00 r5=2FFC r6=0000 r7=0000 r8=7F06 r9=D848 r10=D8E8 r11=0494 r12=8383 r13=047C r14=0000 r15=43E8
t=74.625359750 pc=00020912 fcw=D8E8 r0=010F r1=0103 r2=0000 r3=12F8 r4=3D00 r5=2FFC r6=0000 r7=0000 r8=7F06 r9=D848 r10=D8E8 r11=0494 r12=8383 r13=047C r14=0000 r15=43E8
t=74.625361500 pc=00020914 fcw=D8E8 r0=010F r1=0103 r2=0000 r3=12F8 r4=3D00 r5=2FFC r6=0000 r7=0000 r8=7F06 r9=D848 r10=D8E8 r11=0494 r12=8383 r13=047C r14=0000 r15=43E8
t=74.625363250 pc=00020916 fcw=D8E8 r0=010F r1=0103 r2=0000 r3=12F8 r4=3D00 r5=2FFC r6=0000 r7=0000 r8=7F06 r9=D848 r10=D8E8 r11=0494 r12=8383 r13=047C r14=0000 r15=43E8
t=74.625366750 pc=0002091A fcw=D8E8 r0=010F r1=0103 r2=0000 r3=12F8 r4=3D00 r5=2FFC r6=0000 r7=0000 r8=7F06 r9=D848 r10=D8E8 r11=0494 r12=8383 r13=047C r14=0000 r15=43E8
t=74.625368750 pc=0002091C fcw=D8E8 r0=010F r1=0103 r2=0000 r3=12F8 r4=3D00 r5=2FFC r6=0000 r7=0000 r8=7F06 r9=D848 r10=D8E8 r11=0494 r12=8383 r13=047C r14=0000 r15=43E8
t=74.625370250 pc=0002091E fcw=D8E8 r0=0103 r1=010F r2=0000 r3=12F8 r4=3D00 r5=2FFC r6=0000 r7=0000 r8=7F06 r9=D848 r10=D8E8 r11=0494 r12=8383 r13=047C r14=0000 r15=43E8
t=74.625373000 pc=00020920 fcw=D8E8 r0=0103 r1=010F r2=0000 r3=12F8 r4=3D00 r5=2FFC r6=0000 r7=0000 r8=7F06 r9=D848 r10=D8E8 r11=0494 r12=8383 r13=047C r14=0000 r15=43E8
t=74.625374500 pc=00020912 fcw=D8E8 r0=0103 r1=010F r2=0000 r3=12F8 r4=3D00 r5=2FFC r6=0000 r7=0000 r8=7F06 r9=D848 r10=D8E8 r11=0494 r12=8383 r13=047C r14=0000 r15=43E8
t=74.625376250 pc=00020914 fcw=D8E8 r0=0103 r1=010F r2=0000 r3=12F8 r4=3D00 r5=2FFC r6=0000 r7=0000 r8=7F06 r9=D848 r10=D8E8 r11=0494 r12=8383 r13=047C r14=0000 r15=43E8
t=74.625378000 pc=00020916 fcw=D8E8 r0=0103 r1=010F r2=0000 r3=12F8 r4=3D00 r5=2FFC r6=0000 r7=0000 r8=7F06 r9=D848 r10=D8E8 r11=0494 r12=8383 r13=047C r14=0000 r15=43E8
t=74.625381500 pc=0002091A fcw=D8E8 r0=0103 r1=010F r2=0000 r3=12F8 r4=3D00 r5=2FFC r6=0000 r7=0000 r8=7F06 r9=D848 r10=D8E8 r11=0494 r12=8383 r13=047C r14=0000 r15=43E8
t=74.625383500 pc=0002091C fcw=D8E8 r0=0103 r1=010F r2=0000 r3=12F8 r4=3D00 r5=2FFC r6=0000 r7=0000 r8=7F06 r9=D848 r10=D8E8 r11=0494 r12=8383 r13=047C r14=0000 r15=43E8
t=74.625385000 pc=0002091E fcw=D8E8 r0=010F r1=0103 r2=0000 r3=12F8 r4=3D00 r5=2FFC r6=0000 r7=0000 r8=7F06 r9=D848 r10=D8E8 r11=0494 r12=8383 r13=047C r14=0000 r15=43E8
t=74.625387750 pc=00020920 fcw=D8E8 r0=010F r1=0103 r2=0000 r3=12F8 r4=3D00 r5=2FFC r6=0000 r7=0000 r8=7F06 r9=D848 r10=D8E8 r11=0494 r12=8383 r13=047C r14=0000 r15=43E8
t=74.625389250 pc=00020912 fcw=D8E8 r0=010F r1=0103 r2=0000 r3=12F8 r4=3D00 r5=2FFC r6=0000 r7=0000 r8=7F06 r9=D848 r10=D8E8 r11=0494 r12=8383 r13=047C r14=0000 r15=43E8
t=74.625391000 pc=00020914 fcw=D8E8 r0=010F r1=0103 r2=0000 r3=12F8 r4=3D00 r5=2FFC r6=0000 r7=0000 r8=7F06 r9=D848 r10=D8E8 r11=0494 r12=8383 r13=047C r14=0000 r15=43E8
t=74.625392750 pc=00020916 fcw=D8E8 r0=010F r1=0103 r2=0000 r3=12F8 r4=3D00 r5=2FFC r6=0000 r7=0000 r8=7F06 r9=D848 r10=D8E8 r11=0494 r12=8383 r13=047C r14=0000 r15=43E8
t=74.625396250 pc=0002091A fcw=D8E8 r0=010F r1=0103 r2=0000 r3=12F8 r4=3D00 r5=2FFC r6=0000 r7=0000 r8=7F06 r9=D848 r10=D8E8 r11=0494 r12=8383 r13=047C r14=0000 r15=43E8
t=74.625398250 pc=0002091C fcw=D8E8 r0=010F r1=0103 r2=0000 r3=12F8 r4=3D00 r5=2FFC r6=0000 r7=0000 r8=7F06 r9=D848 r10=D8E8 r11=0494 r12=8383 r13=047C r14=0000 r15=43E8
t=74.625399750 pc=0002091E fcw=D8E8 r0=0103 r1=010F r2=0000 r3=12F8 r4=3D00 r5=2FFC r6=0000 r7=0000 r8=7F06 r9=D848 r10=D8E8 r11=0494 r12=8383 r13=047C r14=0000 r15=43E8
t=74.625402500 pc=00020920 fcw=D8E8 r0=0103 r1=010F r2=0000 r3=12F8 r4=3D00 r5=2FFC r6=0000 r7=0000 r8=7F06 r9=D848 r10=D8E8 r11=0494 r12=8383 r13=047C r14=0000 r15=43E8
t=74.625404000 pc=00020912 fcw=D8E8 r0=0103 r1=010F r2=0000 r3=12F8 r4=3D00 r5=2FFC r6=0000 r7=0000 r8=7F06 r9=D848 r10=D8E8 r11=0494 r12=8383 r13=047C r14=0000 r15=43E8
t=74.625405750 pc=00020914 fcw=D8E8 r0=0103 r1=010F r2=0000 r3=12F8 r4=3D00 r5=2FFC r6=0000 r7=0000 r8=7F06 r9=D848 r10=D8E8 r11=0494 r12=8383 r13=047C r14=0000 r15=43E8
t=74.625407500 pc=00020916 fcw=D8E8 r0=0103 r1=010F r2=0000 r3=12F8 r4=3D00 r5=2FFC r6=0000 r7=0000 r8=7F06 r9=D848 r10=D8E8 r11=0494 r12=8383 r13=047C r14=0000 r15=43E8
t=74.625411000 pc=0002091A fcw=D8E8 r0=0103 r1=010F r2=0000 r3=12F8 r4=3D00 r5=2FFC r6=0000 r7=0000 r8=7F06 r9=D848 r10=D8E8 r11=0494 r12=8383 r13=047C r14=0000 r15=43E8
t=74.625413250 pc=0002091C fcw=D8E8 r0=0103 r1=010F r2=0000 r3=12F8 r4=3D00 r5=2FFC r6=0000 r7=0000 r8=7F06 r9=D848 r10=D8E8 r11=0494 r12=8383 r13=047C r14=0000 r15=43E8
t=74.625414750 pc=0002091E fcw=D8E8 r0=010F r1=0103 r2=0000 r3=12F8 r4=3D00 r5=2FFC r6=0000 r7=0000 r8=7F06 r9=D848 r10=D8E8 r11=0494 r12=8383 r13=047C r14=0000 r15=43E8
t=74.625417500 pc=00020920 fcw=D8E8 r0=010F r1=0103 r2=0000 r3=12F8 r4=3D00 r5=2FFC r6=0000 r7=0000 r8=7F06 r9=D848 r10=D8E8 r11=0494 r12=8383 r13=047C r14=0000 r15=43E8
t=74.625419000 pc=00020912 fcw=D8E8 r0=010F r1=0103 r2=0000 r3=12F8 r4=3D00 r5=2FFC r6=0000 r7=0000 r8=7F06 r9=D848 r10=D8E8 r11=0494 r12=8383 r13=047C r14=0000 r15=43E8
t=74.625420750 pc=00020914 fcw=D8E8 r0=010F r1=0103 r2=0000 r3=12F8 r4=3D00 r5=2FFC r6=0000 r7=0000 r8=7F06 r9=D848 r10=D8E8 r11=0494 r12=8383 r13=047C r14=0000 r15=43E8
t=74.625422500 pc=00020916 fcw=D8E8 r0=010F r1=0103 r2=0000 r3=12F8 r4=3D00 r5=2FFC r6=0000 r7=0000 r8=7F06 r9=D848 r10=D8E8 r11=0494 r12=8383 r13=047C r14=0000 r15=43E8
t=74.625426000 pc=0002091A fcw=D8E8 r0=010F r1=0103 r2=0000 r3=12F8 r4=3D00 r5=2FFC r6=0000 r7=0000 r8=7F06 r9=D848 r10=D8E8 r11=0494 r12=8383 r13=047C r14=0000 r15=43E8
t=74.625428000 pc=0002091C fcw=D8E8 r0=010F r1=0103 r2=0000 r3=12F8 r4=3D00 r5=2FFC r6=0000 r7=0000 r8=7F06 r9=D848 r10=D8E8 r11=0494 r12=8383 r13=047C r14=0000 r15=43E8
t=74.625429500 pc=0002091E fcw=D8E8 r0=0103 r1=010F r2=0000 r3=12F8 r4=3D00 r5=2FFC r6=0000 r7=0000 r8=7F06 r9=D848 r10=D8E8 r11=0494 r12=8383 r13=047C r14=0000 r15=43E8
t=74.625432250 pc=00020920 fcw=D8E8 r0=0103 r1=010F r2=0000 r3=12F8 r4=3D00 r5=2FFC r6=0000 r7=0000 r8=7F06 r9=D848 r10=D8E8 r11=0494 r12=8383 r13=047C r14=0000 r15=43E8
t=74.625433750 pc=00020912 fcw=D8E8 r0=0103 r1=010F r2=0000 r3=12F8 r4=3D00 r5=2FFC r6=0000 r7=0000 r8=7F06 r9=D848 r10=D8E8 r11=0494 r12=8383 r13=047C r14=0000 r15=43E8
t=74.625435500 pc=00020914 fcw=D8E8 r0=0103 r1=010F r2=0000 r3=12F8 r4=3D00 r5=2FFC r6=0000 r7=0000 r8=7F06 r9=D848 r10=D8E8 r11=0494 r12=8383 r13=047C r14=0000 r15=43E8
t=74.625437250 pc=00020916 fcw=D8E8 r0=0103 r1=010F r2=0000 r3=12F8 r4=3D00 r5=2FFC r6=0000 r7=0000 r8=7F06 r9=D848 r10=D8E8 r11=0494 r12=8383 r13=047C r14=0000 r15=43E8
t=74.625440750 pc=0002091A fcw=D8E8 r0=0103 r1=010F r2=0000 r3=12F8 r4=3D00 r5=2FFC r6=0000 r7=0000 r8=7F06 r9=D848 r10=D8E8 r11=0494 r12=8383 r13=047C r14=0000 r15=43E8
t=74.625442750 pc=0002091C fcw=D8E8 r0=0103 r1=010F r2=0000 r3=12F8 r4=3D00 r5=2FFC r6=0000 r7=0000 r8=7F06 r9=D848 r10=D8E8 r11=0494 r12=8383 r13=047C r14=0000 r15=43E8
t=74.625444250 pc=0002091E fcw=D8E8 r0=010F r1=0103 r2=0000 r3=12F8 r4=3D00 r5=2FFC r6=0000 r7=0000 r8=7F06 r9=D848 r10=D8E8 r11=0494 r12=8383 r13=047C r14=0000 r15=43E8
t=74.625447000 pc=00020920 fcw=D8E8 r0=010F r1=0103 r2=0000 r3=12F8 r4=3D00 r5=2FFC r6=0000 r7=0000 r8=7F06 r9=D848 r10=D8E8 r11=0494 r12=8383 r13=047C r14=0000 r15=43E8
t=74.625448500 pc=00020912 fcw=D8E8 r0=010F r1=0103 r2=0000 r3=12F8 r4=3D00 r5=2FFC r6=0000 r7=0000 r8=7F06 r9=D848 r10=D8E8 r11=0494 r12=8383 r13=047C r14=0000 r15=43E8
t=74.625450250 pc=00020914 fcw=D8E8 r0=010F r1=0103 r2=0000 r3=12F8 r4=3D00 r5=2FFC r6=0000 r7=0000 r8=7F06 r9=D848 r10=D8E8 r11=0494 r12=8383 r13=047C r14=0000 r15=43E8
t=74.625452000 pc=00020916 fcw=D8E8 r0=010F r1=0103 r2=0000 r3=12F8 r4=3D00 r5=2FFC r6=0000 r7=0000 r8=7F06 r9=D848 r10=D8E8 r11=0494 r12=8383 r13=047C r14=0000 r15=43E8
t=74.625455500 pc=0002091A fcw=D8E8 r0=010F r1=0103 r2=0000 r3=12F8 r4=3D00 r5=2FFC r6=0000 r7=0000 r8=7F06 r9=D848 r10=D8E8 r11=0494 r12=8383 r13=047C r14=0000 r15=43E8
t=74.625457500 pc=0002091C fcw=D8E8 r0=010F r1=0103 r2=0000 r3=12F8 r4=3D00 r5=2FFC r6=0000 r7=0000 r8=7F06 r9=D848 r10=D8E8 r11=0494 r12=8383 r13=047C r14=0000 r15=43E8
t=74.625459000 pc=0002091E fcw=D8E8 r0=0103 r1=010F r2=0000 r3=12F8 r4=3D00 r5=2FFC r6=0000 r7=0000 r8=7F06 r9=D848 r10=D8E8 r11=0494 r12=8383 r13=047C r14=0000 r15=43E8
t=74.625461750 pc=00020920 fcw=D8E8 r0=0103 r1=010F r2=0000 r3=12F8 r4=3D00 r5=2FFC r6=0000 r7=0000 r8=7F06 r9=D848 r10=D8E8 r11=0494 r12=8383 r13=047C r14=0000 r15=43E8
t=74.625463250 pc=00020912 fcw=D8E8 r0=0103 r1=010F r2=0000 r3=12F8 r4=3D00 r5=2FFC r6=0000 r7=0000 r8=7F06 r9=D848 r10=D8E8 r11=0494 r12=8383 r13=047C r14=0000 r15=43E8
t=74.625465000 pc=00020914 fcw=D8E8 r0=0103 r1=010F r2=0000 r3=12F8 r4=3D00 r5=2FFC r6=0000 r7=0000 r8=7F06 r9=D848 r10=D8E8 r11=0494 r12=8383 r13=047C r14=0000 r15=43E8
t=74.625466750 pc=00020916 fcw=D8E8 r0=0103 r1=010F r2=0000 r3=12F8 r4=3D00 r5=2FFC r6=0000 r7=0000 r8=7F06 r9=D848 r10=D8E8 r11=0494 r12=8383 r13=047C r14=0000 r15=43E8
t=74.625470250 pc=0002091A fcw=D8E8 r0=0103 r1=010F r2=0000 r3=12F8 r4=3D00 r5=2FFC r6=0000 r7=0000 r8=7F06 r9=D848 r10=D8E8 r11=0494 r12=8383 r13=047C r14=0000 r15=43E8
t=74.625472250 pc=0002091C fcw=D8E8 r0=0103 r1=010F r2=0000 r3=12F8 r4=3D00 r5=2FFC r6=0000 r7=0000 r8=7F06 r9=D848 r10=D8E8 r11=0494 r12=8383 r13=047C r14=0000 r15=43E8
t=74.625473750 pc=0002091E fcw=D8E8 r0=010F r1=0103 r2=0000 r3=12F8 r4=3D00 r5=2FFC r6=0000 r7=0000 r8=7F06 r9=D848 r10=D8E8 r11=0494 r12=8383 r13=047C r14=0000 r15=43E8
t=74.625476500 pc=00020920 fcw=D8E8 r0=010F r1=0103 r2=0000 r3=12F8 r4=3D00 r5=2FFC r6=0000 r7=0000 r8=7F06 r9=D848 r10=D8E8 r11=0494 r12=8383 r13=047C r14=0000 r15=43E8
t=74.625478000 pc=00020912 fcw=D8E8 r0=010F r1=0103 r2=0000 r3=12F8 r4=3D00 r5=2FFC r6=0000 r7=0000 r8=7F06 r9=D848 r10=D8E8 r11=0494 r12=8383 r13=047C r14=0000 r15=43E8
t=74.625479750 pc=00020914 fcw=D8E8 r0=010F r1=0103 r2=0000 r3=12F8 r4=3D00 r5=2FFC r6=0000 r7=0000 r8=7F06 r9=D848 r10=D8E8 r11=0494 r12=8383 r13=047C r14=0000 r15=43E8
t=74.625481500 pc=00020916 fcw=D8E8 r0=010F r1=0103 r2=0000 r3=12F8 r4=3D00 r5=2FFC r6=0000 r7=0000 r8=7F06 r9=D848 r10=D8E8 r11=0494 r12=8383 r13=047C r14=0000 r15=43E8
t=74.625485000 pc=0002091A fcw=D8E8 r0=010F r1=0103 r2=0000 r3=12F8 r4=3D00 r5=2FFC r6=0000 r7=0000 r8=7F06 r9=D848 r10=D8E8 r11=0494 r12=8383 r13=047C r14=0000 r15=43E8
t=74.625487000 pc=0002091C fcw=D8E8 r0=010F r1=0103 r2=0000 r3=12F8 r4=3D00 r5=2FFC r6=0000 r7=0000 r8=7F06 r9=D848 r10=D8E8 r11=0494 r12=8383 r13=047C r14=0000 r15=43E8
t=74.625488500 pc=0002091E fcw=D8E8 r0=0103 r1=010F r2=0000 r3=12F8 r4=3D00 r5=2FFC r6=0000 r7=0000 r8=7F06 r9=D848 r10=D8E8 r11=0494 r12=8383 r13=047C r14=0000 r15=43E8
t=74.625491250 pc=00020920 fcw=D8E8 r0=0103 r1=010F r2=0000 r3=12F8 r4=3D00 r5=2FFC r6=0000 r7=0000 r8=7F06 r9=D848 r10=D8E8 r11=0494 r12=8383 r13=047C r14=0000 r15=43E8
t=74.625492750 pc=00020912 fcw=D8E8 r0=0103 r1=010F r2=0000 r3=12F8 r4=3D00 r5=2FFC r6=0000 r7=0000 r8=7F06 r9=D848 r10=D8E8 r11=0494 r12=8383 r13=047C r14=0000 r15=43E8
t=74.625494500 pc=00020914 fcw=D8E8 r0=0103 r1=010F r2=0000 r3=12F8 r4=3D00 r5=2FFC r6=0000 r7=0000 r8=7F06 r9=D848 r10=D8E8 r11=0494 r12=8383 r13=047C r14=0000 r15=43E8
t=74.625496250 pc=00020916 fcw=D8E8 r0=0103 r1=010F r2=0000 r3=12F8 r4=3D00 r5=2FFC r6=0000 r7=0000 r8=7F06 r9=D848 r10=D8E8 r11=0494 r12=8383 r13=047C r14=0000 r15=43E8
t=74.625499750 pc=0002091A fcw=D8E8 r0=0103 r1=010F r2=0000 r3=12F8 r4=3D00 r5=2FFC r6=0000 r7=0000 r8=7F06 r9=D848 r10=D8E8 r11=0494 r12=8383 r13=047C r14=0000 r15=43E8
t=74.625501750 pc=0002091C fcw=D8E8 r0=0103 r1=010F r2=0000 r3=12F8 r4=3D00 r5=2FFC r6=0000 r7=0000 r8=7F06 r9=D848 r10=D8E8 r11=0494 r12=8383 r13=047C r14=0000 r15=43E8
t=74.625503250 pc=0002091E fcw=D8E8 r0=010F r1=0103 r2=0000 r3=12F8 r4=3D00 r5=2FFC r6=0000 r7=0000 r8=7F06 r9=D848 r10=D8E8 r11=0494 r12=8383 r13=047C r14=0000 r15=43E8
t=74.625506000 pc=00020920 fcw=D8E8 r0=010F r1=0103 r2=0000 r3=12F8 r4=3D00 r5=2FFC r6=0000 r7=0000 r8=7F06 r9=D848 r10=D8E8 r11=0494 r12=8383 r13=047C r14=0000 r15=43E8
t=74.625507500 pc=00020912 fcw=D8E8 r0=010F r1=0103 r2=0000 r3=12F8 r4=3D00 r5=2FFC r6=0000 r7=0000 r8=7F06 r9=D848 r10=D8E8 r11=0494 r12=8383 r13=047C r14=0000 r15=43E8
t=74.625509250 pc=00020914 fcw=D8E8 r0=010F r1=0103 r2=0000 r3=12F8 r4=3D00 r5=2FFC r6=0000 r7=0000 r8=7F06 r9=D848 r10=D8E8 r11=0494 r12=8383 r13=047C r14=0000 r15=43E8
t=74.625511000 pc=00020916 fcw=D8E8 r0=010F r1=0103 r2=0000 r3=12F8 r4=3D00 r5=2FFC r6=0000 r7=0000 r8=7F06 r9=D848 r10=D8E8 r11=0494 r12=8383 r13=047C r14=0000 r15=43E8
t=74.625514500 pc=0002091A fcw=D8E8 r0=010F r1=0103 r2=0000 r3=12F8 r4=3D00 r5=2FFC r6=0000 r7=0000 r8=7F06 r9=D848 r10=D8E8 r11=0494 r12=8383 r13=047C r14=0000 r15=43E8
t=74.625516500 pc=0002091C fcw=D8E8 r0=010F r1=0103 r2=0000 r3=12F8 r4=3D00 r5=2FFC r6=0000 r7=0000 r8=7F06 r9=D848 r10=D8E8 r11=0494 r12=8383 r13=047C r14=0000 r15=43E8
t=74.625518000 pc=0002091E fcw=D8E8 r0=0103 r1=010F r2=0000 r3=12F8 r4=3D00 r5=2FFC r6=0000 r7=0000 r8=7F06 r9=D848 r10=D8E8 r11=0494 r12=8383 r13=047C r14=0000 r15=43E8
t=74.625520750 pc=00020920 fcw=D8E8 r0=0103 r1=010F r2=0000 r3=12F8 r4=3D00 r5=2FFC r6=0000 r7=0000 r8=7F06 r9=D848 r10=D8E8 r11=0494 r12=8383 r13=047C r14=0000 r15=43E8
t=74.625522250 pc=00020912 fcw=D8E8 r0=0103 r1=010F r2=0000 r3=12F8 r4=3D00 r5=2FFC r6=0000 r7=0000 r8=7F06 r9=D848 r10=D8E8 r11=0494 r12=8383 r13=047C r14=0000 r15=43E8
t=74.625524000 pc=00020914 fcw=D8E8 r0=0103 r1=010F r2=0000 r3=12F8 r4=3D00 r5=2FFC r6=0000 r7=0000 r8=7F06 r9=D848 r10=D8E8 r11=0494 r12=8383 r13=047C r14=0000 r15=43E8
t=74.625525750 pc=00020916 fcw=D8E8 r0=0103 r1=010F r2=0000 r3=12F8 r4=3D00 r5=2FFC r6=0000 r7=0000 r8=7F06 r9=D848 r10=D8E8 r11=0494 r12=8383 r13=047C r14=0000 r15=43E8
t=74.625529250 pc=0002091A fcw=D8E8 r0=0103 r1=010F r2=0000 r3=12F8 r4=3D00 r5=2FFC r6=0000 r7=0000 r8=7F06 r9=D848 r10=D8E8 r11=0494 r12=8383 r13=047C r14=0000 r15=43E8
t=74.625531250 pc=0002091C fcw=D8E8 r0=0103 r1=010F r2=0000 r3=12F8 r4=3D00 r5=2FFC r6=0000 r7=0000 r8=7F06 r9=D848 r10=D8E8 r11=0494 r12=8383 r13=047C r14=0000 r15=43E8
t=74.625532750 pc=0002091E fcw=D8E8 r0=010F r1=0103 r2=0000 r3=12F8 r4=3D00 r5=2FFC r6=0000 r7=0000 r8=7F06 r9=D848 r10=D8E8 r11=0494 r12=8383 r13=047C r14=0000 r15=43E8
t=74.625535500 pc=00020920 fcw=D8E8 r0=010F r1=0103 r2=0000 r3=12F8 r4=3D00 r5=2FFC r6=0000 r7=0000 r8=7F06 r9=D848 r10=D8E8 r11=0494 r12=8383 r13=047C r14=0000 r15=43E8
t=74.625537000 pc=00020912 fcw=D8E8 r0=010F r1=0103 r2=0000 r3=12F8 r4=3D00 r5=2FFC r6=0000 r7=0000 r8=7F06 r9=D848 r10=D8E8 r11=0494 r12=8383 r13=047C r14=0000 r15=43E8
t=74.625538750 pc=00020914 fcw=D8E8 r0=010F r1=0103 r2=0000 r3=12F8 r4=3D00 r5=2FFC r6=0000 r7=0000 r8=7F06 r9=D848 r10=D8E8 r11=0494 r12=8383 r13=047C r14=0000 r15=43E8
t=74.625540500 pc=00020916 fcw=D8E8 r0=010F r1=0103 r2=0000 r3=12F8 r4=3D00 r5=2FFC r6=0000 r7=0000 r8=7F06 r9=D848 r10=D8E8 r11=0494 r12=8383 r13=047C r14=0000 r15=43E8
t=74.625544000 pc=0002091A fcw=D8E8 r0=010F r1=0103 r2=0000 r3=12F8 r4=3D00 r5=2FFC r6=0000 r7=0000 r8=7F06 r9=D848 r10=D8E8 r11=0494 r12=8383 r13=047C r14=0000 r15=43E8
t=74.625546000 pc=0002091C fcw=D8E8 r0=010F r1=0103 r2=0000 r3=12F8 r4=3D00 r5=2FFC r6=0000 r7=0000 r8=7F06 r9=D848 r10=D8E8 r11=0494 r12=8383 r13=047C r14=0000 r15=43E8
t=74.625547500 pc=0002091E fcw=D8E8 r0=0103 r1=010F r2=0000 r3=12F8 r4=3D00 r5=2FFC r6=0000 r7=0000 r8=7F06 r9=D848 r10=D8E8 r11=0494 r12=8383 r13=047C r14=0000 r15=43E8
t=74.625550250 pc=00020920 fcw=D8E8 r0=0103 r1=010F r2=0000 r3=12F8 r4=3D00 r5=2FFC r6=0000 r7=0000 r8=7F06 r9=D848 r10=D8E8 r11=0494 r12=8383 r13=047C r14=0000 r15=43E8
t=74.625551750 pc=00020912 fcw=D8E8 r0=0103 r1=010F r2=0000 r3=12F8 r4=3D00 r5=2FFC r6=0000 r7=0000 r8=7F06 r9=D848 r10=D8E8 r11=0494 r12=8383 r13=047C r14=0000 r15=43E8
t=74.625553500 pc=00020914 fcw=D8E8 r0=0103 r1=010F r2=0000 r3=12F8 r4=3D00 r5=2FFC r6=0000 r7=0000 r8=7F06 r9=D848 r10=D8E8 r11=0494 r12=8383 r13=047C r14=0000 r15=43E8
t=74.625555250 pc=00020916 fcw=D8E8 r0=0103 r1=010F r2=0000 r3=12F8 r4=3D00 r5=2FFC r6=0000 r7=0000 r8=7F06 r9=D848 r10=D8E8 r11=0494 r12=8383 r13=047C r14=0000 r15=43E8
t=74.625558750 pc=0002091A fcw=D8E8 r0=0103 r1=010F r2=0000 r3=12F8 r4=3D00 r5=2FFC r6=0000 r7=0000 r8=7F06 r9=D848 r10=D8E8 r11=0494 r12=8383 r13=047C r14=0000 r15=43E8
t=74.625560750 pc=0002091C fcw=D8E8 r0=0103 r1=010F r2=0000 r3=12F8 r4=3D00 r5=2FFC r6=0000 r7=0000 r8=7F06 r9=D848 r10=D8E8 r11=0494 r12=8383 r13=047C r14=0000 r15=43E8
t=74.625562250 pc=0002091E fcw=D8E8 r0=010F r1=0103 r2=0000 r3=12F8 r4=3D00 r5=2FFC r6=0000 r7=0000 r8=7F06 r9=D848 r10=D8E8 r11=0494 r12=8383 r13=047C r14=0000 r15=43E8
t=74.625565000 pc=00020920 fcw=D8E8 r0=010F r1=0103 r2=0000 r3=12F8 r4=3D00 r5=2FFC r6=0000 r7=0000 r8=7F06 r9=D848 r10=D8E8 r11=0494 r12=8383 r13=047C r14=0000 r15=43E8
t=74.625566500 pc=00020912 fcw=D8E8 r0=010F r1=0103 r2=0000 r3=12F8 r4=3D00 r5=2FFC r6=0000 r7=0000 r8=7F06 r9=D848 r10=D8E8 r11=0494 r12=8383 r13=047C r14=0000 r15=43E8
t=74.625568250 pc=00020914 fcw=D8E8 r0=010F r1=0103 r2=0000 r3=12F8 r4=3D00 r5=2FFC r6=0000 r7=0000 r8=7F06 r9=D848 r10=D8E8 r11=0494 r12=8383 r13=047C r14=0000 r15=43E8
t=74.625570000 pc=00020916 fcw=D8E8 r0=010F r1=0103 r2=0000 r3=12F8 r4=3D00 r5=2FFC r6=0000 r7=0000 r8=7F06 r9=D848 r10=D8E8 r11=0494 r12=8383 r13=047C r14=0000 r15=43E8
t=74.625573500 pc=0002091A fcw=D8E8 r0=010F r1=0103 r2=0000 r3=12F8 r4=3D00 r5=2FFC r6=0000 r7=0000 r8=7F06 r9=D848 r10=D8E8 r11=0494 r12=8383 r13=047C r14=0000 r15=43E8
t=74.625575500 pc=0002091C fcw=D8E8 r0=010F r1=0103 r2=0000 r3=12F8 r4=3D00 r5=2FFC r6=0000 r7=0000 r8=7F06 r9=D848 r10=D8E8 r11=0494 r12=8383 r13=047C r14=0000 r15=43E8
t=74.625577000 pc=0002091E fcw=D8E8 r0=0103 r1=010F r2=0000 r3=12F8 r4=3D00 r5=2FFC r6=0000 r7=0000 r8=7F06 r9=D848 r10=D8E8 r11=0494 r12=8383 r13=047C r14=0000 r15=43E8
t=74.625579750 pc=00020920 fcw=D8E8 r0=0103 r1=010F r2=0000 r3=12F8 r4=3D00 r5=2FFC r6=0000 r7=0000 r8=7F06 r9=D848 r10=D8E8 r11=0494 r12=8383 r13=047C r14=0000 r15=43E8
t=74.625581250 pc=00020912 fcw=D8E8 r0=0103 r1=010F r2=0000 r3=12F8 r4=3D00 r5=2FFC r6=0000 r7=0000 r8=7F06 r9=D848 r10=D8E8 r11=0494 r12=8383 r13=047C r14=0000 r15=43E8
t=74.625583000 pc=00020914 fcw=D8E8 r0=0103 r1=010F r2=0000 r3=12F8 r4=3D00 r5=2FFC r6=0000 r7=0000 r8=7F06 r9=D848 r10=D8E8 r11=0494 r12=8383 r13=047C r14=0000 r15=43E8
t=74.625584750 pc=00020916 fcw=D8E8 r0=0103 r1=010F r2=0000 r3=12F8 r4=3D00 r5=2FFC r6=0000 r7=0000 r8=7F06 r9=D848 r10=D8E8 r11=0494 r12=8383 r13=047C r14=0000 r15=43E8
t=74.625588250 pc=0002091A fcw=D8E8 r0=0103 r1=010F r2=0000 r3=12F8 r4=3D00 r5=2FFC r6=0000 r7=0000 r8=7F06 r9=D848 r10=D8E8 r11=0494 r12=8383 r13=047C r14=0000 r15=43E8
t=74.625590250 pc=0002091C fcw=D8E8 r0=0103 r1=010F r2=0000 r3=12F8 r4=3D00 r5=2FFC r6=0000 r7=0000 r8=7F06 r9=D848 r10=D8E8 r11=0494 r12=8383 r13=047C r14=0000 r15=43E8
t=74.625591750 pc=0002091E fcw=D8E8 r0=010F r1=0103 r2=0000 r3=12F8 r4=3D00 r5=2FFC r6=0000 r7=0000 r8=7F06 r9=D848 r10=D8E8 r11=0494 r12=8383 r13=047C r14=0000 r15=43E8
t=74.625594500 pc=00020920 fcw=D8E8 r0=010F r1=0103 r2=0000 r3=12F8 r4=3D00 r5=2FFC r6=0000 r7=0000 r8=7F06 r9=D848 r10=D8E8 r11=0494 r12=8383 r13=047C r14=0000 r15=43E8
t=74.625596000 pc=00020912 fcw=D8E8 r0=010F r1=0103 r2=0000 r3=12F8 r4=3D00 r5=2FFC r6=0000 r7=0000 r8=7F06 r9=D848 r10=D8E8 r11=0494 r12=8383 r13=047C r14=0000 r15=43E8
t=74.625597750 pc=00020914 fcw=D8E8 r0=010F r1=0103 r2=0000 r3=12F8 r4=3D00 r5=2FFC r6=0000 r7=0000 r8=7F06 r9=D848 r10=D8E8 r11=0494 r12=8383 r13=047C r14=0000 r15=43E8
t=74.625599500 pc=00020916 fcw=D8E8 r0=010F r1=0103 r2=0000 r3=12F8 r4=3D00 r5=2FFC r6=0000 r7=0000 r8=7F06 r9=D848 r10=D8E8 r11=0494 r12=8383 r13=047C r14=0000 r15=43E8
t=74.625603000 pc=0002091A fcw=D8E8 r0=010F r1=0103 r2=0000 r3=12F8 r4=3D00 r5=2FFC r6=0000 r7=0000 r8=7F06 r9=D848 r10=D8E8 r11=0494 r12=8383 r13=047C r14=0000 r15=43E8
t=74.625605250 pc=0002091C fcw=D8E8 r0=010F r1=0103 r2=0000 r3=12F8 r4=3D00 r5=2FFC r6=0000 r7=0000 r8=7F06 r9=D848 r10=D8E8 r11=0494 r12=8383 r13=047C r14=0000 r15=43E8
t=74.625606750 pc=0002091E fcw=D8E8 r0=0103 r1=010F r2=0000 r3=12F8 r4=3D00 r5=2FFC r6=0000 r7=0000 r8=7F06 r9=D848 r10=D8E8 r11=0494 r12=8383 r13=047C r14=0000 r15=43E8
t=74.625609500 pc=00020920 fcw=D8E8 r0=0103 r1=010F r2=0000 r3=12F8 r4=3D00 r5=2FFC r6=0000 r7=0000 r8=7F06 r9=D848 r10=D8E8 r11=0494 r12=8383 r13=047C r14=0000 r15=43E8
t=74.625611000 pc=00020912 fcw=D8E8 r0=0103 r1=010F r2=0000 r3=12F8 r4=3D00 r5=2FFC r6=0000 r7=0000 r8=7F06 r9=D848 r10=D8E8 r11=0494 r12=8383 r13=047C r14=0000 r15=43E8
t=74.625612750 pc=00020914 fcw=D8E8 r0=0103 r1=010F r2=0000 r3=12F8 r4=3D00 r5=2FFC r6=0000 r7=0000 r8=7F06 r9=D848 r10=D8E8 r11=0494 r12=8383 r13=047C r14=0000 r15=43E8
t=74.625614500 pc=00020916 fcw=D8E8 r0=0103 r1=010F r2=0000 r3=12F8 r4=3D00 r5=2FFC r6=0000 r7=0000 r8=7F06 r9=D848 r10=D8E8 r11=0494 r12=8383 r13=047C r14=0000 r15=43E8
t=74.625618000 pc=0002091A fcw=D8E8 r0=0103 r1=010F r2=0000 r3=12F8 r4=3D00 r5=2FFC r6=0000 r7=0000 r8=7F06 r9=D848 r10=D8E8 r11=0494 r12=8383 r13=047C r14=0000 r15=43E8
t=74.625620000 pc=0002091C fcw=D8E8 r0=0103 r1=010F r2=0000 r3=12F8 r4=3D00 r5=2FFC r6=0000 r7=0000 r8=7F06 r9=D848 r10=D8E8 r11=0494 r12=8383 r13=047C r14=0000 r15=43E8
t=74.625621500 pc=0002091E fcw=D8E8 r0=010F r1=0103 r2=0000 r3=12F8 r4=3D00 r5=2FFC r6=0000 r7=0000 r8=7F06 r9=D848 r10=D8E8 r11=0494 r12=8383 r13=047C r14=0000 r15=43E8
t=74.625624250 pc=00020920 fcw=D8E8 r0=010F r1=0103 r2=0000 r3=12F8 r4=3D00 r5=2FFC r6=0000 r7=0000 r8=7F06 r9=D848 r10=D8E8 r11=0494 r12=8383 r13=047C r14=0000 r15=43E8
t=74.625625750 pc=00020912 fcw=D8E8 r0=010F r1=0103 r2=0000 r3=12F8 r4=3D00 r5=2FFC r6=0000 r7=0000 r8=7F06 r9=D848 r10=D8E8 r11=0494 r12=8383 r13=047C r14=0000 r15=43E8
t=74.625627500 pc=00020914 fcw=D8E8 r0=010F r1=0103 r2=0000 r3=12F8 r4=3D00 r5=2FFC r6=0000 r7=0000 r8=7F06 r9=D848 r10=D8E8 r11=0494 r12=8383 r13=047C r14=0000 r15=43E8
t=74.625629250 pc=00020916 fcw=D8E8 r0=010F r1=0103 r2=0000 r3=12F8 r4=3D00 r5=2FFC r6=0000 r7=0000 r8=7F06 r9=D848 r10=D8E8 r11=0494 r12=8383 r13=047C r14=0000 r15=43E8
t=74.625632750 pc=0002091A fcw=D8E8 r0=010F r1=0103 r2=0000 r3=12F8 r4=3D00 r5=2FFC r6=0000 r7=0000 r8=7F06 r9=D848 r10=D8E8 r11=0494 r12=8383 r13=047C r14=0000 r15=43E8
t=74.625634750 pc=0002091C fcw=D8E8 r0=010F r1=0103 r2=0000 r3=12F8 r4=3D00 r5=2FFC r6=0000 r7=0000 r8=7F06 r9=D848 r10=D8E8 r11=0494 r12=8383 r13=047C r14=0000 r15=43E8
t=74.625636250 pc=0002091E fcw=D8E8 r0=0103 r1=010F r2=0000 r3=12F8 r4=3D00 r5=2FFC r6=0000 r7=0000 r8=7F06 r9=D848 r10=D8E8 r11=0494 r12=8383 r13=047C r14=0000 r15=43E8
t=74.625639000 pc=00020920 fcw=D8E8 r0=0103 r1=010F r2=0000 r3=12F8 r4=3D00 r5=2FFC r6=0000 r7=0000 r8=7F06 r9=D848 r10=D8E8 r11=0494 r12=8383 r13=047C r14=0000 r15=43E8
t=74.625640500 pc=00020912 fcw=D8E8 r0=0103 r1=010F r2=0000 r3=12F8 r4=3D00 r5=2FFC r6=0000 r7=0000 r8=7F06 r9=D848 r10=D8E8 r11=0494 r12=8383 r13=047C r14=0000 r15=43E8
t=74.625642250 pc=00020914 fcw=D8E8 r0=0103 r1=010F r2=0000 r3=12F8 r4=3D00 r5=2FFC r6=0000 r7=0000 r8=7F06 r9=D848 r10=D8E8 r11=0494 r12=8383 r13=047C r14=0000 r15=43E8
t=74.625644000 pc=00020916 fcw=D8E8 r0=0103 r1=010F r2=0000 r3=12F8 r4=3D00 r5=2FFC r6=0000 r7=0000 r8=7F06 r9=D848 r10=D8E8 r11=0494 r12=8383 r13=047C r14=0000 r15=43E8
t=74.625647500 pc=0002091A fcw=D8E8 r0=0103 r1=010F r2=0000 r3=12F8 r4=3D00 r5=2FFC r6=0000 r7=0000 r8=7F06 r9=D848 r10=D8E8 r11=0494 r12=8383 r13=047C r14=0000 r15=43E8
t=74.625649500 pc=0002091C fcw=D8E8 r0=0103 r1=010F r2=0000 r3=12F8 r4=3D00 r5=2FFC r6=0000 r7=0000 r8=7F06 r9=D848 r10=D8E8 r11=0494 r12=8383 r13=047C r14=0000 r15=43E8
t=74.625651000 pc=0002091E fcw=D8E8 r0=010F r1=0103 r2=0000 r3=12F8 r4=3D00 r5=2FFC r6=0000 r7=0000 r8=7F06 r9=D848 r10=D8E8 r11=0494 r12=8383 r13=047C r14=0000 r15=43E8
t=74.625653750 pc=00020920 fcw=D8E8 r0=010F r1=0103 r2=0000 r3=12F8 r4=3D00 r5=2FFC r6=0000 r7=0000 r8=7F06 r9=D848 r10=D8E8 r11=0494 r12=8383 r13=047C r14=0000 r15=43E8
t=74.625655250 pc=00020912 fcw=D8E8 r0=010F r1=0103 r2=0000 r3=12F8 r4=3D00 r5=2FFC r6=0000 r7=0000 r8=7F06 r9=D848 r10=D8E8 r11=0494 r12=8383 r13=047C r14=0000 r15=43E8
t=74.625657000 pc=00020914 fcw=D8E8 r0=010F r1=0103 r2=0000 r3=12F8 r4=3D00 r5=2FFC r6=0000 r7=0000 r8=7F06 r9=D848 r10=D8E8 r11=0494 r12=8383 r13=047C r14=0000 r15=43E8
t=74.625658750 pc=00020916 fcw=D8E8 r0=010F r1=0103 r2=0000 r3=12F8 r4=3D00 r5=2FFC r6=0000 r7=0000 r8=7F06 r9=D848 r10=D8E8 r11=0494 r12=8383 r13=047C r14=0000 r15=43E8
t=74.625662250 pc=0002091A fcw=D8E8 r0=010F r1=0103 r2=0000 r3=12F8 r4=3D00 r5=2FFC r6=0000 r7=0000 r8=7F06 r9=D848 r10=D8E8 r11=0494 r12=8383 r13=047C r14=0000 r15=43E8
t=74.625664250 pc=0002091C fcw=D8E8 r0=010F r1=0103 r2=0000 r3=12F8 r4=3D00 r5=2FFC r6=0000 r7=0000 r8=7F06 r9=D848 r10=D8E8 r11=0494 r12=8383 r13=047C r14=0000 r15=43E8
t=74.625665750 pc=0002091E fcw=D8E8 r0=0103 r1=010F r2=0000 r3=12F8 r4=3D00 r5=2FFC r6=0000 r7=0000 r8=7F06 r9=D848 r10=D8E8 r11=0494 r12=8383 r13=047C r14=0000 r15=43E8
t=74.625668500 pc=00020920 fcw=D8E8 r0=0103 r1=010F r2=0000 r3=12F8 r4=3D00 r5=2FFC r6=0000 r7=0000 r8=7F06 r9=D848 r10=D8E8 r11=0494 r12=8383 r13=047C r14=0000 r15=43E8
t=74.625670000 pc=00020912 fcw=D8E8 r0=0103 r1=010F r2=0000 r3=12F8 r4=3D00 r5=2FFC r6=0000 r7=0000 r8=7F06 r9=D848 r10=D8E8 r11=0494 r12=8383 r13=047C r14=0000 r15=43E8
t=74.625671750 pc=00020914 fcw=D8E8 r0=0103 r1=010F r2=0000 r3=12F8 r4=3D00 r5=2FFC r6=0000 r7=0000 r8=7F06 r9=D848 r10=D8E8 r11=0494 r12=8383 r13=047C r14=0000 r15=43E8
t=74.625673500 pc=00020916 fcw=D8E8 r0=0103 r1=010F r2=0000 r3=12F8 r4=3D00 r5=2FFC r6=0000 r7=0000 r8=7F06 r9=D848 r10=D8E8 r11=0494 r12=8383 r13=047C r14=0000 r15=43E8
t=74.625677000 pc=0002091A fcw=D8E8 r0=0103 r1=010F r2=0000 r3=12F8 r4=3D00 r5=2FFC r6=0000 r7=0000 r8=7F06 r9=D848 r10=D8E8 r11=0494 r12=8383 r13=047C r14=0000 r15=43E8
t=74.625679000 pc=0002091C fcw=D8E8 r0=0103 r1=010F r2=0000 r3=12F8 r4=3D00 r5=2FFC r6=0000 r7=0000 r8=7F06 r9=D848 r10=D8E8 r11=0494 r12=8383 r13=047C r14=0000 r15=43E8
t=74.625680500 pc=0002091E fcw=D8E8 r0=010F r1=0103 r2=0000 r3=12F8 r4=3D00 r5=2FFC r6=0000 r7=0000 r8=7F06 r9=D848 r10=D8E8 r11=0494 r12=8383 r13=047C r14=0000 r15=43E8
t=74.625683250 pc=00020920 fcw=D8E8 r0=010F r1=0103 r2=0000 r3=12F8 r4=3D00 r5=2FFC r6=0000 r7=0000 r8=7F06 r9=D848 r10=D8E8 r11=0494 r12=8383 r13=047C r14=0000 r15=43E8
t=74.625684750 pc=00020912 fcw=D8E8 r0=010F r1=0103 r2=0000 r3=12F8 r4=3D00 r5=2FFC r6=0000 r7=0000 r8=7F06 r9=D848 r10=D8E8 r11=0494 r12=8383 r13=047C r14=0000 r15=43E8
t=74.625686500 pc=00020914 fcw=D8E8 r0=010F r1=0103 r2=0000 r3=12F8 r4=3D00 r5=2FFC r6=0000 r7=0000 r8=7F06 r9=D848 r10=D8E8 r11=0494 r12=8383 r13=047C r14=0000 r15=43E8
t=74.625688250 pc=00020916 fcw=D8E8 r0=010F r1=0103 r2=0000 r3=12F8 r4=3D00 r5=2FFC r6=0000 r7=0000 r8=7F06 r9=D848 r10=D8E8 r11=0494 r12=8383 r13=047C r14=0000 r15=43E8
t=74.625691750 pc=0002091A fcw=D8E8 r0=010F r1=0103 r2=0000 r3=12F8 r4=3D00 r5=2FFC r6=0000 r7=0000 r8=7F06 r9=D848 r10=D8E8 r11=0494 r12=8383 r13=047C r14=0000 r15=43E8
t=74.625693750 pc=0002091C fcw=D8E8 r0=010F r1=0103 r2=0000 r3=12F8 r4=3D00 r5=2FFC r6=0000 r7=0000 r8=7F06 r9=D848 r10=D8E8 r11=0494 r12=8383 r13=047C r14=0000 r15=43E8
t=74.625695250 pc=0002091E fcw=D8E8 r0=0103 r1=010F r2=0000 r3=12F8 r4=3D00 r5=2FFC r6=0000 r7=0000 r8=7F06 r9=D848 r10=D8E8 r11=0494 r12=8383 r13=047C r14=0000 r15=43E8
t=74.625698000 pc=00020920 fcw=D8E8 r0=0103 r1=010F r2=0000 r3=12F8 r4=3D00 r5=2FFC r6=0000 r7=0000 r8=7F06 r9=D848 r10=D8E8 r11=0494 r12=8383 r13=047C r14=0000 r15=43E8
t=74.625699500 pc=00020912 fcw=D8E8 r0=0103 r1=010F r2=0000 r3=12F8 r4=3D00 r5=2FFC r6=0000 r7=0000 r8=7F06 r9=D848 r10=D8E8 r11=0494 r12=8383 r13=047C r14=0000 r15=43E8
t=74.625701250 pc=00020914 fcw=D8E8 r0=0103 r1=010F r2=0000 r3=12F8 r4=3D00 r5=2FFC r6=0000 r7=0000 r8=7F06 r9=D848 r10=D8E8 r11=0494 r12=8383 r13=047C r14=0000 r15=43E8
t=74.625703000 pc=00020916 fcw=D8E8 r0=0103 r1=010F r2=0000 r3=12F8 r4=3D00 r5=2FFC r6=0000 r7=0000 r8=7F06 r9=D848 r10=D8E8 r11=0494 r12=8383 r13=047C r14=0000 r15=43E8
t=74.625706500 pc=0002091A fcw=D8E8 r0=0103 r1=010F r2=0000 r3=12F8 r4=3D00 r5=2FFC r6=0000 r7=0000 r8=7F06 r9=D848 r10=D8E8 r11=0494 r12=8383 r13=047C r14=0000 r15=43E8
t=74.625708500 pc=0002091C fcw=D8E8 r0=0103 r1=010F r2=0000 r3=12F8 r4=3D00 r5=2FFC r6=0000 r7=0000 r8=7F06 r9=D848 r10=D8E8 r11=0494 r12=8383 r13=047C r14=0000 r15=43E8
t=74.625710000 pc=0002091E fcw=D8E8 r0=010F r1=0103 r2=0000 r3=12F8 r4=3D00 r5=2FFC r6=0000 r7=0000 r8=7F06 r9=D848 r10=D8E8 r11=0494 r12=8383 r13=047C r14=0000 r15=43E8
t=74.625712750 pc=00020920 fcw=D8E8 r0=010F r1=0103 r2=0000 r3=12F8 r4=3D00 r5=2FFC r6=0000 r7=0000 r8=7F06 r9=D848 r10=D8E8 r11=0494 r12=8383 r13=047C r14=0000 r15=43E8
t=74.625714250 pc=00020912 fcw=D8E8 r0=010F r1=0103 r2=0000 r3=12F8 r4=3D00 r5=2FFC r6=0000 r7=0000 r8=7F06 r9=D848 r10=D8E8 r11=0494 r12=8383 r13=047C r14=0000 r15=43E8
t=74.625716000 pc=00020914 fcw=D8E8 r0=010F r1=0103 r2=0000 r3=12F8 r4=3D00 r5=2FFC r6=0000 r7=0000 r8=7F06 r9=D848 r10=D8E8 r11=0494 r12=8383 r13=047C r14=0000 r15=43E8
t=74.625717750 pc=00020916 fcw=D8E8 r0=010F r1=0103 r2=0000 r3=12F8 r4=3D00 r5=2FFC r6=0000 r7=0000 r8=7F06 r9=D848 r10=D8E8 r11=0494 r12=8383 r13=047C r14=0000 r15=43E8
t=74.625721250 pc=0002091A fcw=D8E8 r0=010F r1=0103 r2=0000 r3=12F8 r4=3D00 r5=2FFC r6=0000 r7=0000 r8=7F06 r9=D848 r10=D8E8 r11=0494 r12=8383 r13=047C r14=0000 r15=43E8
t=74.625723250 pc=0002091C fcw=D8E8 r0=010F r1=0103 r2=0000 r3=12F8 r4=3D00 r5=2FFC r6=0000 r7=0000 r8=7F06 r9=D848 r10=D8E8 r11=0494 r12=8383 r13=047C r14=0000 r15=43E8
t=74.625724750 pc=0002091E fcw=D8E8 r0=0103 r1=010F r2=0000 r3=12F8 r4=3D00 r5=2FFC r6=0000 r7=0000 r8=7F06 r9=D848 r10=D8E8 r11=0494 r12=8383 r13=047C r14=0000 r15=43E8
t=74.625727500 pc=00020920 fcw=D8E8 r0=0103 r1=010F r2=0000 r3=12F8 r4=3D00 r5=2FFC r6=0000 r7=0000 r8=7F06 r9=D848 r10=D8E8 r11=0494 r12=8383 r13=047C r14=0000 r15=43E8
t=74.625729000 pc=00020912 fcw=D8E8 r0=0103 r1=010F r2=0000 r3=12F8 r4=3D00 r5=2FFC r6=0000 r7=0000 r8=7F06 r9=D848 r10=D8E8 r11=0494 r12=8383 r13=047C r14=0000 r15=43E8
t=74.625730750 pc=00020914 fcw=D8E8 r0=0103 r1=010F r2=0000 r3=12F8 r4=3D00 r5=2FFC r6=0000 r7=0000 r8=7F06 r9=D848 r10=D8E8 r11=0494 r12=8383 r13=047C r14=0000 r15=43E8
t=74.625732500 pc=00020916 fcw=D8E8 r0=0103 r1=010F r2=0000 r3=12F8 r4=3D00 r5=2FFC r6=0000 r7=0000 r8=7F06 r9=D848 r10=D8E8 r11=0494 r12=8383 r13=047C r14=0000 r15=43E8
t=74.625736000 pc=0002091A fcw=D8E8 r0=0103 r1=010F r2=0000 r3=12F8 r4=3D00 r5=2FFC r6=0000 r7=0000 r8=7F06 r9=D848 r10=D8E8 r11=0494 r12=8383 r13=047C r14=0000 r15=43E8
t=74.625738000 pc=0002091C fcw=D8E8 r0=0103 r1=010F r2=0000 r3=12F8 r4=3D00 r5=2FFC r6=0000 r7=0000 r8=7F06 r9=D848 r10=D8E8 r11=0494 r12=8383 r13=047C r14=0000 r15=43E8
t=74.625739500 pc=0002091E fcw=D8E8 r0=010F r1=0103 r2=0000 r3=12F8 r4=3D00 r5=2FFC r6=0000 r7=0000 r8=7F06 r9=D848 r10=D8E8 r11=0494 r12=8383 r13=047C r14=0000 r15=43E8
t=74.625742250 pc=00020920 fcw=D8E8 r0=010F r1=0103 r2=0000 r3=12F8 r4=3D00 r5=2FFC r6=0000 r7=0000 r8=7F06 r9=D848 r10=D8E8 r11=0494 r12=8383 r13=047C r14=0000 r15=43E8
t=74.625743750 pc=00020912 fcw=D8E8 r0=010F r1=0103 r2=0000 r3=12F8 r4=3D00 r5=2FFC r6=0000 r7=0000 r8=7F06 r9=D848 r10=D8E8 r11=0494 r12=8383 r13=047C r14=0000 r15=43E8
t=74.625745500 pc=00020914 fcw=D8E8 r0=010F r1=0103 r2=0000 r3=12F8 r4=3D00 r5=2FFC r6=0000 r7=0000 r8=7F06 r9=D848 r10=D8E8 r11=0494 r12=8383 r13=047C r14=0000 r15=43E8
t=74.625747250 pc=00020916 fcw=D8E8 r0=010F r1=0103 r2=0000 r3=12F8 r4=3D00 r5=2FFC r6=0000 r7=0000 r8=7F06 r9=D848 r10=D8E8 r11=0494 r12=8383 r13=047C r14=0000 r15=43E8
t=74.625750750 pc=0002091A fcw=D8E8 r0=010F r1=0103 r2=0000 r3=12F8 r4=3D00 r5=2FFC r6=0000 r7=0000 r8=7F06 r9=D848 r10=D8E8 r11=0494 r12=8383 r13=047C r14=0000 r15=43E8
t=74.625752750 pc=0002091C fcw=D8E8 r0=010F r1=0103 r2=0000 r3=12F8 r4=3D00 r5=2FFC r6=0000 r7=0000 r8=7F06 r9=D848 r10=D8E8 r11=0494 r12=8383 r13=047C r14=0000 r15=43E8
t=74.625754250 pc=0002091E fcw=D8E8 r0=0103 r1=010F r2=0000 r3=12F8 r4=3D00 r5=2FFC r6=0000 r7=0000 r8=7F06 r9=D848 r10=D8E8 r11=0494 r12=8383 r13=047C r14=0000 r15=43E8
t=74.625757000 pc=00020920 fcw=D8E8 r0=0103 r1=010F r2=0000 r3=12F8 r4=3D00 r5=2FFC r6=0000 r7=0000 r8=7F06 r9=D848 r10=D8E8 r11=0494 r12=8383 r13=047C r14=0000 r15=43E8
t=74.625758500 pc=00020912 fcw=D8E8 r0=0103 r1=010F r2=0000 r3=12F8 r4=3D00 r5=2FFC r6=0000 r7=0000 r8=7F06 r9=D848 r10=D8E8 r11=0494 r12=8383 r13=047C r14=0000 r15=43E8
t=74.625760250 pc=00020914 fcw=D8E8 r0=0103 r1=010F r2=0000 r3=12F8 r4=3D00 r5=2FFC r6=0000 r7=0000 r8=7F06 r9=D848 r10=D8E8 r11=0494 r12=8383 r13=047C r14=0000 r15=43E8
t=74.625762000 pc=00020916 fcw=D8E8 r0=0103 r1=010F r2=0000 r3=12F8 r4=3D00 r5=2FFC r6=0000 r7=0000 r8=7F06 r9=D848 r10=D8E8 r11=0494 r12=8383 r13=047C r14=0000 r15=43E8
t=74.625765500 pc=0002091A fcw=D8E8 r0=0103 r1=010F r2=0000 r3=12F8 r4=3D00 r5=2FFC r6=0000 r7=0000 r8=7F06 r9=D848 r10=D8E8 r11=0494 r12=8383 r13=047C r14=0000 r15=43E8
t=74.625767500 pc=0002091C fcw=D8E8 r0=0103 r1=010F r2=0000 r3=12F8 r4=3D00 r5=2FFC r6=0000 r7=0000 r8=7F06 r9=D848 r10=D8E8 r11=0494 r12=8383 r13=047C r14=0000 r15=43E8
t=74.625769000 pc=0002091E fcw=D8E8 r0=010F r1=0103 r2=0000 r3=12F8 r4=3D00 r5=2FFC r6=0000 r7=0000 r8=7F06 r9=D848 r10=D8E8 r11=0494 r12=8383 r13=047C r14=0000 r15=43E8
t=74.625771750 pc=00020920 fcw=D8E8 r0=010F r1=0103 r2=0000 r3=12F8 r4=3D00 r5=2FFC r6=0000 r7=0000 r8=7F06 r9=D848 r10=D8E8 r11=0494 r12=8383 r13=047C r14=0000 r15=43E8
t=74.625773250 pc=00020912 fcw=D8E8 r0=010F r1=0103 r2=0000 r3=12F8 r4=3D00 r5=2FFC r6=0000 r7=0000 r8=7F06 r9=D848 r10=D8E8 r11=0494 r12=8383 r13=047C r14=0000 r15=43E8
t=74.625775000 pc=00020914 fcw=D8E8 r0=010F r1=0103 r2=0000 r3=12F8 r4=3D00 r5=2FFC r6=0000 r7=0000 r8=7F06 r9=D848 r10=D8E8 r11=0494 r12=8383 r13=047C r14=0000 r15=43E8
t=74.625776750 pc=00020916 fcw=D8E8 r0=010F r1=0103 r2=0000 r3=12F8 r4=3D00 r5=2FFC r6=0000 r7=0000 r8=7F06 r9=D848 r10=D8E8 r11=0494 r12=8383 r13=047C r14=0000 r15=43E8
t=74.625780250 pc=0002091A fcw=D8E8 r0=010F r1=0103 r2=0000 r3=12F8 r4=3D00 r5=2FFC r6=0000 r7=0000 r8=7F06 r9=D848 r10=D8E8 r11=0494 r12=8383 r13=047C r14=0000 r15=43E8
t=74.625782250 pc=0002091C fcw=D8E8 r0=010F r1=0103 r2=0000 r3=12F8 r4=3D00 r5=2FFC r6=0000 r7=0000 r8=7F06 r9=D848 r10=D8E8 r11=0494 r12=8383 r13=047C r14=0000 r15=43E8
t=74.625783750 pc=0002091E fcw=D8E8 r0=0103 r1=010F r2=0000 r3=12F8 r4=3D00 r5=2FFC r6=0000 r7=0000 r8=7F06 r9=D848 r10=D8E8 r11=0494 r12=8383 r13=047C r14=0000 r15=43E8
t=74.625786500 pc=00020920 fcw=D8E8 r0=0103 r1=010F r2=0000 r3=12F8 r4=3D00 r5=2FFC r6=0000 r7=0000 r8=7F06 r9=D848 r10=D8E8 r11=0494 r12=8383 r13=047C r14=0000 r15=43E8
t=74.625788000 pc=00020912 fcw=D8E8 r0=0103 r1=010F r2=0000 r3=12F8 r4=3D00 r5=2FFC r6=0000 r7=0000 r8=7F06 r9=D848 r10=D8E8 r11=0494 r12=8383 r13=047C r14=0000 r15=43E8
t=74.625789750 pc=00020914 fcw=D8E8 r0=0103 r1=010F r2=0000 r3=12F8 r4=3D00 r5=2FFC r6=0000 r7=0000 r8=7F06 r9=D848 r10=D8E8 r11=0494 r12=8383 r13=047C r14=0000 r15=43E8
t=74.625791500 pc=00020916 fcw=D8E8 r0=0103 r1=010F r2=0000 r3=12F8 r4=3D00 r5=2FFC r6=0000 r7=0000 r8=7F06 r9=D848 r10=D8E8 r11=0494 r12=8383 r13=047C r14=0000 r15=43E8
t=74.625795000 pc=0002091A fcw=D8E8 r0=0103 r1=010F r2=0000 r3=12F8 r4=3D00 r5=2FFC r6=0000 r7=0000 r8=7F06 r9=D848 r10=D8E8 r11=0494 r12=8383 r13=047C r14=0000 r15=43E8
t=74.625797250 pc=0002091C fcw=D8E8 r0=0103 r1=010F r2=0000 r3=12F8 r4=3D00 r5=2FFC r6=0000 r7=0000 r8=7F06 r9=D848 r10=D8E8 r11=0494 r12=8383 r13=047C r14=0000 r15=43E8
t=74.625798750 pc=0002091E fcw=D8E8 r0=010F r1=0103 r2=0000 r3=12F8 r4=3D00 r5=2FFC r6=0000 r7=0000 r8=7F06 r9=D848 r10=D8E8 r11=0494 r12=8383 r13=047C r14=0000 r15=43E8
t=74.625801500 pc=00020920 fcw=D8E8 r0=010F r1=0103 r2=0000 r3=12F8 r4=3D00 r5=2FFC r6=0000 r7=0000 r8=7F06 r9=D848 r10=D8E8 r11=0494 r12=8383 r13=047C r14=0000 r15=43E8
t=74.625803000 pc=00020912 fcw=D8E8 r0=010F r1=0103 r2=0000 r3=12F8 r4=3D00 r5=2FFC r6=0000 r7=0000 r8=7F06 r9=D848 r10=D8E8 r11=0494 r12=8383 r13=047C r14=0000 r15=43E8
t=74.625804750 pc=00020914 fcw=D8E8 r0=010F r1=0103 r2=0000 r3=12F8 r4=3D00 r5=2FFC r6=0000 r7=0000 r8=7F06 r9=D848 r10=D8E8 r11=0494 r12=8383 r13=047C r14=0000 r15=43E8
t=74.625806500 pc=00020916 fcw=D8E8 r0=010F r1=0103 r2=0000 r3=12F8 r4=3D00 r5=2FFC r6=0000 r7=0000 r8=7F06 r9=D848 r10=D8E8 r11=0494 r12=8383 r13=047C r14=0000 r15=43E8
t=74.625810000 pc=0002091A fcw=D8E8 r0=010F r1=0103 r2=0000 r3=12F8 r4=3D00 r5=2FFC r6=0000 r7=0000 r8=7F06 r9=D848 r10=D8E8 r11=0494 r12=8383 r13=047C r14=0000 r15=43E8
t=74.625812000 pc=0002091C fcw=D8E8 r0=010F r1=0103 r2=0000 r3=12F8 r4=3D00 r5=2FFC r6=0000 r7=0000 r8=7F06 r9=D848 r10=D8E8 r11=0494 r12=8383 r13=047C r14=0000 r15=43E8
t=74.625813500 pc=0002091E fcw=D8E8 r0=0103 r1=010F r2=0000 r3=12F8 r4=3D00 r5=2FFC r6=0000 r7=0000 r8=7F06 r9=D848 r10=D8E8 r11=0494 r12=8383 r13=047C r14=0000 r15=43E8
t=74.625816250 pc=00020920 fcw=D8E8 r0=0103 r1=010F r2=0000 r3=12F8 r4=3D00 r5=2FFC r6=0000 r7=0000 r8=7F06 r9=D848 r10=D8E8 r11=0494 r12=8383 r13=047C r14=0000 r15=43E8
t=74.625817750 pc=00020912 fcw=D8E8 r0=0103 r1=010F r2=0000 r3=12F8 r4=3D00 r5=2FFC r6=0000 r7=0000 r8=7F06 r9=D848 r10=D8E8 r11=0494 r12=8383 r13=047C r14=0000 r15=43E8
t=74.625819500 pc=00020914 fcw=D8E8 r0=0103 r1=010F r2=0000 r3=12F8 r4=3D00 r5=2FFC r6=0000 r7=0000 r8=7F06 r9=D848 r10=D8E8 r11=0494 r12=8383 r13=047C r14=0000 r15=43E8
t=74.625821250 pc=00020916 fcw=D8E8 r0=0103 r1=010F r2=0000 r3=12F8 r4=3D00 r5=2FFC r6=0000 r7=0000 r8=7F06 r9=D848 r10=D8E8 r11=0494 r12=8383 r13=047C r14=0000 r15=43E8
t=74.625824750 pc=0002091A fcw=D8E8 r0=0103 r1=010F r2=0000 r3=12F8 r4=3D00 r5=2FFC r6=0000 r7=0000 r8=7F06 r9=D848 r10=D8E8 r11=0494 r12=8383 r13=047C r14=0000 r15=43E8
t=74.625826750 pc=0002091C fcw=D8E8 r0=0103 r1=010F r2=0000 r3=12F8 r4=3D00 r5=2FFC r6=0000 r7=0000 r8=7F06 r9=D848 r10=D8E8 r11=0494 r12=8383 r13=047C r14=0000 r15=43E8
t=74.625828250 pc=0002091E fcw=D8E8 r0=010F r1=0103 r2=0000 r3=12F8 r4=3D00 r5=2FFC r6=0000 r7=0000 r8=7F06 r9=D848 r10=D8E8 r11=0494 r12=8383 r13=047C r14=0000 r15=43E8
t=74.625831000 pc=00020920 fcw=D8E8 r0=010F r1=0103 r2=0000 r3=12F8 r4=3D00 r5=2FFC r6=0000 r7=0000 r8=7F06 r9=D848 r10=D8E8 r11=0494 r12=8383 r13=047C r14=0000 r15=43E8
t=74.625832500 pc=00020912 fcw=D8E8 r0=010F r1=0103 r2=0000 r3=12F8 r4=3D00 r5=2FFC r6=0000 r7=0000 r8=7F06 r9=D848 r10=D8E8 r11=0494 r12=8383 r13=047C r14=0000 r15=43E8
t=74.625834250 pc=00020914 fcw=D8E8 r0=010F r1=0103 r2=0000 r3=12F8 r4=3D00 r5=2FFC r6=0000 r7=0000 r8=7F06 r9=D848 r10=D8E8 r11=0494 r12=8383 r13=047C r14=0000 r15=43E8
t=74.625836000 pc=00020916 fcw=D8E8 r0=010F r1=0103 r2=0000 r3=12F8 r4=3D00 r5=2FFC r6=0000 r7=0000 r8=7F06 r9=D848 r10=D8E8 r11=0494 r12=8383 r13=047C r14=0000 r15=43E8
t=74.625839500 pc=0002091A fcw=D8E8 r0=010F r1=0103 r2=0000 r3=12F8 r4=3D00 r5=2FFC r6=0000 r7=0000 r8=7F06 r9=D848 r10=D8E8 r11=0494 r12=8383 r13=047C r14=0000 r15=43E8
t=74.625841500 pc=0002091C fcw=D8E8 r0=010F r1=0103 r2=0000 r3=12F8 r4=3D00 r5=2FFC r6=0000 r7=0000 r8=7F06 r9=D848 r10=D8E8 r11=0494 r12=8383 r13=047C r14=0000 r15=43E8
t=74.625843000 pc=0002091E fcw=D8E8 r0=0103 r1=010F r2=0000 r3=12F8 r4=3D00 r5=2FFC r6=0000 r7=0000 r8=7F06 r9=D848 r10=D8E8 r11=0494 r12=8383 r13=047C r14=0000 r15=43E8
t=74.625845750 pc=00020920 fcw=D8E8 r0=0103 r1=010F r2=0000 r3=12F8 r4=3D00 r5=2FFC r6=0000 r7=0000 r8=7F06 r9=D848 r10=D8E8 r11=0494 r12=8383 r13=047C r14=0000 r15=43E8
t=74.625847250 pc=00020912 fcw=D8E8 r0=0103 r1=010F r2=0000 r3=12F8 r4=3D00 r5=2FFC r6=0000 r7=0000 r8=7F06 r9=D848 r10=D8E8 r11=0494 r12=8383 r13=047C r14=0000 r15=43E8
t=74.625849000 pc=00020914 fcw=D8E8 r0=0103 r1=010F r2=0000 r3=12F8 r4=3D00 r5=2FFC r6=0000 r7=0000 r8=7F06 r9=D848 r10=D8E8 r11=0494 r12=8383 r13=047C r14=0000 r15=43E8
t=74.625850750 pc=00020916 fcw=D8E8 r0=0103 r1=010F r2=0000 r3=12F8 r4=3D00 r5=2FFC r6=0000 r7=0000 r8=7F06 r9=D848 r10=D8E8 r11=0494 r12=8383 r13=047C r14=0000 r15=43E8
t=74.625854250 pc=0002091A fcw=D8E8 r0=0103 r1=010F r2=0000 r3=12F8 r4=3D00 r5=2FFC r6=0000 r7=0000 r8=7F06 r9=D848 r10=D8E8 r11=0494 r12=8383 r13=047C r14=0000 r15=43E8
t=74.625856250 pc=0002091C fcw=D8E8 r0=0103 r1=010F r2=0000 r3=12F8 r4=3D00 r5=2FFC r6=0000 r7=0000 r8=7F06 r9=D848 r10=D8E8 r11=0494 r12=8383 r13=047C r14=0000 r15=43E8
t=74.625857750 pc=0002091E fcw=D8E8 r0=010F r1=0103 r2=0000 r3=12F8 r4=3D00 r5=2FFC r6=0000 r7=0000 r8=7F06 r9=D848 r10=D8E8 r11=0494 r12=8383 r13=047C r14=0000 r15=43E8
t=74.625860500 pc=00020920 fcw=D8E8 r0=010F r1=0103 r2=0000 r3=12F8 r4=3D00 r5=2FFC r6=0000 r7=0000 r8=7F06 r9=D848 r10=D8E8 r11=0494 r12=8383 r13=047C r14=0000 r15=43E8
t=74.625862000 pc=00020912 fcw=D8E8 r0=010F r1=0103 r2=0000 r3=12F8 r4=3D00 r5=2FFC r6=0000 r7=0000 r8=7F06 r9=D848 r10=D8E8 r11=0494 r12=8383 r13=047C r14=0000 r15=43E8
t=74.625863750 pc=00020914 fcw=D8E8 r0=010F r1=0103 r2=0000 r3=12F8 r4=3D00 r5=2FFC r6=0000 r7=0000 r8=7F06 r9=D848 r10=D8E8 r11=0494 r12=8383 r13=047C r14=0000 r15=43E8
t=74.625865500 pc=00020916 fcw=D8E8 r0=010F r1=0103 r2=0000 r3=12F8 r4=3D00 r5=2FFC r6=0000 r7=0000 r8=7F06 r9=D848 r10=D8E8 r11=0494 r12=8383 r13=047C r14=0000 r15=43E8
t=74.625869000 pc=0002091A fcw=D8E8 r0=010F r1=0103 r2=0000 r3=12F8 r4=3D00 r5=2FFC r6=0000 r7=0000 r8=7F06 r9=D848 r10=D8E8 r11=0494 r12=8383 r13=047C r14=0000 r15=43E8
t=74.625871000 pc=0002091C fcw=D8E8 r0=010F r1=0103 r2=0000 r3=12F8 r4=3D00 r5=2FFC r6=0000 r7=0000 r8=7F06 r9=D848 r10=D8E8 r11=0494 r12=8383 r13=047C r14=0000 r15=43E8
t=74.625872500 pc=0002091E fcw=D8E8 r0=0103 r1=010F r2=0000 r3=12F8 r4=3D00 r5=2FFC r6=0000 r7=0000 r8=7F06 r9=D848 r10=D8E8 r11=0494 r12=8383 r13=047C r14=0000 r15=43E8
t=74.625875250 pc=00020920 fcw=D8E8 r0=0103 r1=010F r2=0000 r3=12F8 r4=3D00 r5=2FFC r6=0000 r7=0000 r8=7F06 r9=D848 r10=D8E8 r11=0494 r12=8383 r13=047C r14=0000 r15=43E8
t=74.625876750 pc=00020912 fcw=D8E8 r0=0103 r1=010F r2=0000 r3=12F8 r4=3D00 r5=2FFC r6=0000 r7=0000 r8=7F06 r9=D848 r10=D8E8 r11=0494 r12=8383 r13=047C r14=0000 r15=43E8
t=74.625878500 pc=00020914 fcw=D8E8 r0=0103 r1=010F r2=0000 r3=12F8 r4=3D00 r5=2FFC r6=0000 r7=0000 r8=7F06 r9=D848 r10=D8E8 r11=0494 r12=8383 r13=047C r14=0000 r15=43E8
t=74.625880250 pc=00020916 fcw=D8E8 r0=0103 r1=010F r2=0000 r3=12F8 r4=3D00 r5=2FFC r6=0000 r7=0000 r8=7F06 r9=D848 r10=D8E8 r11=0494 r12=8383 r13=047C r14=0000 r15=43E8
t=74.625883750 pc=0002091A fcw=D8E8 r0=0103 r1=010F r2=0000 r3=12F8 r4=3D00 r5=2FFC r6=0000 r7=0000 r8=7F06 r9=D848 r10=D8E8 r11=0494 r12=8383 r13=047C r14=0000 r15=43E8
t=74.625885750 pc=0002091C fcw=D8E8 r0=0103 r1=010F r2=0000 r3=12F8 r4=3D00 r5=2FFC r6=0000 r7=0000 r8=7F06 r9=D848 r10=D8E8 r11=0494 r12=8383 r13=047C r14=0000 r15=43E8
t=74.625887250 pc=0002091E fcw=D8E8 r0=010F r1=0103 r2=0000 r3=12F8 r4=3D00 r5=2FFC r6=0000 r7=0000 r8=7F06 r9=D848 r10=D8E8 r11=0494 r12=8383 r13=047C r14=0000 r15=43E8
t=74.625890000 pc=00020920 fcw=D8E8 r0=010F r1=0103 r2=0000 r3=12F8 r4=3D00 r5=2FFC r6=0000 r7=0000 r8=7F06 r9=D848 r10=D8E8 r11=0494 r12=8383 r13=047C r14=0000 r15=43E8
t=74.625891500 pc=00020912 fcw=D8E8 r0=010F r1=0103 r2=0000 r3=12F8 r4=3D00 r5=2FFC r6=0000 r7=0000 r8=7F06 r9=D848 r10=D8E8 r11=0494 r12=8383 r13=047C r14=0000 r15=43E8
t=74.625893250 pc=00020914 fcw=D8E8 r0=010F r1=0103 r2=0000 r3=12F8 r4=3D00 r5=2FFC r6=0000 r7=0000 r8=7F06 r9=D848 r10=D8E8 r11=0494 r12=8383 r13=047C r14=0000 r15=43E8
t=74.625895000 pc=00020916 fcw=D8E8 r0=010F r1=0103 r2=0000 r3=12F8 r4=3D00 r5=2FFC r6=0000 r7=0000 r8=7F06 r9=D848 r10=D8E8 r11=0494 r12=8383 r13=047C r14=0000 r15=43E8
t=74.625898500 pc=0002091A fcw=D8E8 r0=010F r1=0103 r2=0000 r3=12F8 r4=3D00 r5=2FFC r6=0000 r7=0000 r8=7F06 r9=D848 r10=D8E8 r11=0494 r12=8383 r13=047C r14=0000 r15=43E8
t=74.625900500 pc=0002091C fcw=D8E8 r0=010F r1=0103 r2=0000 r3=12F8 r4=3D00 r5=2FFC r6=0000 r7=0000 r8=7F06 r9=D848 r10=D8E8 r11=0494 r12=8383 r13=047C r14=0000 r15=43E8
t=74.625902000 pc=0002091E fcw=D8E8 r0=0103 r1=010F r2=0000 r3=12F8 r4=3D00 r5=2FFC r6=0000 r7=0000 r8=7F06 r9=D848 r10=D8E8 r11=0494 r12=8383 r13=047C r14=0000 r15=43E8
t=74.625904750 pc=00020920 fcw=D8E8 r0=0103 r1=010F r2=0000 r3=12F8 r4=3D00 r5=2FFC r6=0000 r7=0000 r8=7F06 r9=D848 r10=D8E8 r11=0494 r12=8383 r13=047C r14=0000 r15=43E8
t=74.625906250 pc=00020912 fcw=D8E8 r0=0103 r1=010F r2=0000 r3=12F8 r4=3D00 r5=2FFC r6=0000 r7=0000 r8=7F06 r9=D848 r10=D8E8 r11=0494 r12=8383 r13=047C r14=0000 r15=43E8
t=74.625908000 pc=00020914 fcw=D8E8 r0=0103 r1=010F r2=0000 r3=12F8 r4=3D00 r5=2FFC r6=0000 r7=0000 r8=7F06 r9=D848 r10=D8E8 r11=0494 r12=8383 r13=047C r14=0000 r15=43E8
t=74.625909750 pc=00020916 fcw=D8E8 r0=0103 r1=010F r2=0000 r3=12F8 r4=3D00 r5=2FFC r6=0000 r7=0000 r8=7F06 r9=D848 r10=D8E8 r11=0494 r12=8383 r13=047C r14=0000 r15=43E8
t=74.625913250 pc=0002091A fcw=D8E8 r0=0103 r1=010F r2=0000 r3=12F8 r4=3D00 r5=2FFC r6=0000 r7=0000 r8=7F06 r9=D848 r10=D8E8 r11=0494 r12=8383 r13=047C r14=0000 r15=43E8
t=74.625915250 pc=0002091C fcw=D8E8 r0=0103 r1=010F r2=0000 r3=12F8 r4=3D00 r5=2FFC r6=0000 r7=0000 r8=7F06 r9=D848 r10=D8E8 r11=0494 r12=8383 r13=047C r14=0000 r15=43E8
t=74.625916750 pc=0002091E fcw=D8E8 r0=010F r1=0103 r2=0000 r3=12F8 r4=3D00 r5=2FFC r6=0000 r7=0000 r8=7F06 r9=D848 r10=D8E8 r11=0494 r12=8383 r13=047C r14=0000 r15=43E8
t=74.625919500 pc=00020920 fcw=D8E8 r0=010F r1=0103 r2=0000 r3=12F8 r4=3D00 r5=2FFC r6=0000 r7=0000 r8=7F06 r9=D848 r10=D8E8 r11=0494 r12=8383 r13=047C r14=0000 r15=43E8
t=74.625921000 pc=00020912 fcw=D8E8 r0=010F r1=0103 r2=0000 r3=12F8 r4=3D00 r5=2FFC r6=0000 r7=0000 r8=7F06 r9=D848 r10=D8E8 r11=0494 r12=8383 r13=047C r14=0000 r15=43E8
t=74.625922750 pc=00020914 fcw=D8E8 r0=010F r1=0103 r2=0000 r3=12F8 r4=3D00 r5=2FFC r6=0000 r7=0000 r8=7F06 r9=D848 r10=D8E8 r11=0494 r12=8383 r13=047C r14=0000 r15=43E8
t=74.625924500 pc=00020916 fcw=D8E8 r0=010F r1=0103 r2=0000 r3=12F8 r4=3D00 r5=2FFC r6=0000 r7=0000 r8=7F06 r9=D848 r10=D8E8 r11=0494 r12=8383 r13=047C r14=0000 r15=43E8
t=74.625928000 pc=0002091A fcw=D8E8 r0=010F r1=0103 r2=0000 r3=12F8 r4=3D00 r5=2FFC r6=0000 r7=0000 r8=7F06 r9=D848 r10=D8E8 r11=0494 r12=8383 r13=047C r14=0000 r15=43E8
t=74.625930000 pc=0002091C fcw=D8E8 r0=010F r1=0103 r2=0000 r3=12F8 r4=3D00 r5=2FFC r6=0000 r7=0000 r8=7F06 r9=D848 r10=D8E8 r11=0494 r12=8383 r13=047C r14=0000 r15=43E8
t=74.625931500 pc=0002091E fcw=D8E8 r0=0103 r1=010F r2=0000 r3=12F8 r4=3D00 r5=2FFC r6=0000 r7=0000 r8=7F06 r9=D848 r10=D8E8 r11=0494 r12=8383 r13=047C r14=0000 r15=43E8
t=74.625934250 pc=00020920 fcw=D8E8 r0=0103 r1=010F r2=0000 r3=12F8 r4=3D00 r5=2FFC r6=0000 r7=0000 r8=7F06 r9=D848 r10=D8E8 r11=0494 r12=8383 r13=047C r14=0000 r15=43E8
t=74.625935750 pc=00020912 fcw=D8E8 r0=0103 r1=010F r2=0000 r3=12F8 r4=3D00 r5=2FFC r6=0000 r7=0000 r8=7F06 r9=D848 r10=D8E8 r11=0494 r12=8383 r13=047C r14=0000 r15=43E8
t=74.625937500 pc=00020914 fcw=D8E8 r0=0103 r1=010F r2=0000 r3=12F8 r4=3D00 r5=2FFC r6=0000 r7=0000 r8=7F06 r9=D848 r10=D8E8 r11=0494 r12=8383 r13=047C r14=0000 r15=43E8
t=74.625939250 pc=00020916 fcw=D8E8 r0=0103 r1=010F r2=0000 r3=12F8 r4=3D00 r5=2FFC r6=0000 r7=0000 r8=7F06 r9=D848 r10=D8E8 r11=0494 r12=8383 r13=047C r14=0000 r15=43E8
t=74.625942750 pc=0002091A fcw=D8E8 r0=0103 r1=010F r2=0000 r3=12F8 r4=3D00 r5=2FFC r6=0000 r7=0000 r8=7F06 r9=D848 r10=D8E8 r11=0494 r12=8383 r13=047C r14=0000 r15=43E8
t=74.625944750 pc=0002091C fcw=D8E8 r0=0103 r1=010F r2=0000 r3=12F8 r4=3D00 r5=2FFC r6=0000 r7=0000 r8=7F06 r9=D848 r10=D8E8 r11=0494 r12=8383 r13=047C r14=0000 r15=43E8
t=74.625946250 pc=0002091E fcw=D8E8 r0=010F r1=0103 r2=0000 r3=12F8 r4=3D00 r5=2FFC r6=0000 r7=0000 r8=7F06 r9=D848 r10=D8E8 r11=0494 r12=8383 r13=047C r14=0000 r15=43E8
t=74.625949000 pc=00020920 fcw=D8E8 r0=010F r1=0103 r2=0000 r3=12F8 r4=3D00 r5=2FFC r6=0000 r7=0000 r8=7F06 r9=D848 r10=D8E8 r11=0494 r12=8383 r13=047C r14=0000 r15=43E8
t=74.625950500 pc=00020912 fcw=D8E8 r0=010F r1=0103 r2=0000 r3=12F8 r4=3D00 r5=2FFC r6=0000 r7=0000 r8=7F06 r9=D848 r10=D8E8 r11=0494 r12=8383 r13=047C r14=0000 r15=43E8
t=74.625952250 pc=00020914 fcw=D8E8 r0=010F r1=0103 r2=0000 r3=12F8 r4=3D00 r5=2FFC r6=0000 r7=0000 r8=7F06 r9=D848 r10=D8E8 r11=0494 r12=8383 r13=047C r14=0000 r15=43E8
t=74.625954000 pc=00020916 fcw=D8E8 r0=010F r1=0103 r2=0000 r3=12F8 r4=3D00 r5=2FFC r6=0000 r7=0000 r8=7F06 r9=D848 r10=D8E8 r11=0494 r12=8383 r13=047C r14=0000 r15=43E8
t=74.625957500 pc=0002091A fcw=D8E8 r0=010F r1=0103 r2=0000 r3=12F8 r4=3D00 r5=2FFC r6=0000 r7=0000 r8=7F06 r9=D848 r10=D8E8 r11=0494 r12=8383 r13=047C r14=0000 r15=43E8
t=74.625959500 pc=0002091C fcw=D8E8 r0=010F r1=0103 r2=0000 r3=12F8 r4=3D00 r5=2FFC r6=0000 r7=0000 r8=7F06 r9=D848 r10=D8E8 r11=0494 r12=8383 r13=047C r14=0000 r15=43E8
t=74.625961000 pc=0002091E fcw=D8E8 r0=0103 r1=010F r2=0000 r3=12F8 r4=3D00 r5=2FFC r6=0000 r7=0000 r8=7F06 r9=D848 r10=D8E8 r11=0494 r12=8383 r13=047C r14=0000 r15=43E8
t=74.625963750 pc=00020920 fcw=D8E8 r0=0103 r1=010F r2=0000 r3=12F8 r4=3D00 r5=2FFC r6=0000 r7=0000 r8=7F06 r9=D848 r10=D8E8 r11=0494 r12=8383 r13=047C r14=0000 r15=43E8
t=74.625965250 pc=00020912 fcw=D8E8 r0=0103 r1=010F r2=0000 r3=12F8 r4=3D00 r5=2FFC r6=0000 r7=0000 r8=7F06 r9=D848 r10=D8E8 r11=0494 r12=8383 r13=047C r14=0000 r15=43E8
t=74.625967000 pc=00020914 fcw=D8E8 r0=0103 r1=010F r2=0000 r3=12F8 r4=3D00 r5=2FFC r6=0000 r7=0000 r8=7F06 r9=D848 r10=D8E8 r11=0494 r12=8383 r13=047C r14=0000 r15=43E8
t=74.625968750 pc=00020916 fcw=D8E8 r0=0103 r1=010F r2=0000 r3=12F8 r4=3D00 r5=2FFC r6=0000 r7=0000 r8=7F06 r9=D848 r10=D8E8 r11=0494 r12=8383 r13=047C r14=0000 r15=43E8
t=74.625972250 pc=0002091A fcw=D8E8 r0=0103 r1=010F r2=0000 r3=12F8 r4=3D00 r5=2FFC r6=0000 r7=0000 r8=7F06 r9=D848 r10=D8E8 r11=0494 r12=8383 r13=047C r14=0000 r15=43E8
t=74.625974250 pc=0002091C fcw=D8E8 r0=0103 r1=010F r2=0000 r3=12F8 r4=3D00 r5=2FFC r6=0000 r7=0000 r8=7F06 r9=D848 r10=D8E8 r11=0494 r12=8383 r13=047C r14=0000 r15=43E8
t=74.625975750 pc=0002091E fcw=D8E8 r0=010F r1=0103 r2=0000 r3=12F8 r4=3D00 r5=2FFC r6=0000 r7=0000 r8=7F06 r9=D848 r10=D8E8 r11=0494 r12=8383 r13=047C r14=0000 r15=43E8
t=74.625978500 pc=00020920 fcw=D8E8 r0=010F r1=0103 r2=0000 r3=12F8 r4=3D00 r5=2FFC r6=0000 r7=0000 r8=7F06 r9=D848 r10=D8E8 r11=0494 r12=8383 r13=047C r14=0000 r15=43E8
t=74.625980000 pc=00020912 fcw=D8E8 r0=010F r1=0103 r2=0000 r3=12F8 r4=3D00 r5=2FFC r6=0000 r7=0000 r8=7F06 r9=D848 r10=D8E8 r11=0494 r12=8383 r13=047C r14=0000 r15=43E8
t=74.625981750 pc=00020914 fcw=D8E8 r0=010F r1=0103 r2=0000 r3=12F8 r4=3D00 r5=2FFC r6=0000 r7=0000 r8=7F06 r9=D848 r10=D8E8 r11=0494 r12=8383 r13=047C r14=0000 r15=43E8
t=74.625983500 pc=00020916 fcw=D8E8 r0=010F r1=0103 r2=0000 r3=12F8 r4=3D00 r5=2FFC r6=0000 r7=0000 r8=7F06 r9=D848 r10=D8E8 r11=0494 r12=8383 r13=047C r14=0000 r15=43E8
t=74.625987000 pc=0002091A fcw=D8E8 r0=010F r1=0103 r2=0000 r3=12F8 r4=3D00 r5=2FFC r6=0000 r7=0000 r8=7F06 r9=D848 r10=D8E8 r11=0494 r12=8383 r13=047C r14=0000 r15=43E8
t=74.625989250 pc=0002091C fcw=D8E8 r0=010F r1=0103 r2=0000 r3=12F8 r4=3D00 r5=2FFC r6=0000 r7=0000 r8=7F06 r9=D848 r10=D8E8 r11=0494 r12=8383 r13=047C r14=0000 r15=43E8
t=74.625990750 pc=0002091E fcw=D8E8 r0=0103 r1=010F r2=0000 r3=12F8 r4=3D00 r5=2FFC r6=0000 r7=0000 r8=7F06 r9=D848 r10=D8E8 r11=0494 r12=8383 r13=047C r14=0000 r15=43E8
t=74.625993500 pc=00020920 fcw=D8E8 r0=0103 r1=010F r2=0000 r3=12F8 r4=3D00 r5=2FFC r6=0000 r7=0000 r8=7F06 r9=D848 r10=D8E8 r11=0494 r12=8383 r13=047C r14=0000 r15=43E8
t=74.625995000 pc=00020912 fcw=D8E8 r0=0103 r1=010F r2=0000 r3=12F8 r4=3D00 r5=2FFC r6=0000 r7=0000 r8=7F06 r9=D848 r10=D8E8 r11=0494 r12=8383 r13=047C r14=0000 r15=43E8
t=74.625996750 pc=00020914 fcw=D8E8 r0=0103 r1=010F r2=0000 r3=12F8 r4=3D00 r5=2FFC r6=0000 r7=0000 r8=7F06 r9=D848 r10=D8E8 r11=0494 r12=8383 r13=047C r14=0000 r15=43E8
t=74.625998500 pc=00020916 fcw=D8E8 r0=0103 r1=010F r2=0000 r3=12F8 r4=3D00 r5=2FFC r6=0000 r7=0000 r8=7F06 r9=D848 r10=D8E8 r11=0494 r12=8383 r13=047C r14=0000 r15=43E8
t=74.626002000 pc=0002091A fcw=D8E8 r0=0103 r1=010F r2=0000 r3=12F8 r4=3D00 r5=2FFC r6=0000 r7=0000 r8=7F06 r9=D848 r10=D8E8 r11=0494 r12=8383 r13=047C r14=0000 r15=43E8
t=74.626004000 pc=0002091C fcw=D8E8 r0=0103 r1=010F r2=0000 r3=12F8 r4=3D00 r5=2FFC r6=0000 r7=0000 r8=7F06 r9=D848 r10=D8E8 r11=0494 r12=8383 r13=047C r14=0000 r15=43E8
t=74.626005500 pc=0002091E fcw=D8E8 r0=010F r1=0103 r2=0000 r3=12F8 r4=3D00 r5=2FFC r6=0000 r7=0000 r8=7F06 r9=D848 r10=D8E8 r11=0494 r12=8383 r13=047C r14=0000 r15=43E8
t=74.626008250 pc=00020920 fcw=D8E8 r0=010F r1=0103 r2=0000 r3=12F8 r4=3D00 r5=2FFC r6=0000 r7=0000 r8=7F06 r9=D848 r10=D8E8 r11=0494 r12=8383 r13=047C r14=0000 r15=43E8
t=74.626009750 pc=00020912 fcw=D8E8 r0=010F r1=0103 r2=0000 r3=12F8 r4=3D00 r5=2FFC r6=0000 r7=0000 r8=7F06 r9=D848 r10=D8E8 r11=0494 r12=8383 r13=047C r14=0000 r15=43E8
t=74.626011500 pc=00020914 fcw=D8E8 r0=010F r1=0103 r2=0000 r3=12F8 r4=3D00 r5=2FFC r6=0000 r7=0000 r8=7F06 r9=D848 r10=D8E8 r11=0494 r12=8383 r13=047C r14=0000 r15=43E8
t=74.626013250 pc=00020916 fcw=D8E8 r0=010F r1=0103 r2=0000 r3=12F8 r4=3D00 r5=2FFC r6=0000 r7=0000 r8=7F06 r9=D848 r10=D8E8 r11=0494 r12=8383 r13=047C r14=0000 r15=43E8
t=74.626016750 pc=0002091A fcw=D8E8 r0=010F r1=0103 r2=0000 r3=12F8 r4=3D00 r5=2FFC r6=0000 r7=0000 r8=7F06 r9=D848 r10=D8E8 r11=0494 r12=8383 r13=047C r14=0000 r15=43E8
t=74.626018750 pc=0002091C fcw=D8E8 r0=010F r1=0103 r2=0000 r3=12F8 r4=3D00 r5=2FFC r6=0000 r7=0000 r8=7F06 r9=D848 r10=D8E8 r11=0494 r12=8383 r13=047C r14=0000 r15=43E8
t=74.626020250 pc=0002091E fcw=D8E8 r0=0103 r1=010F r2=0000 r3=12F8 r4=3D00 r5=2FFC r6=0000 r7=0000 r8=7F06 r9=D848 r10=D8E8 r11=0494 r12=8383 r13=047C r14=0000 r15=43E8
t=74.626023000 pc=00020920 fcw=D8E8 r0=0103 r1=010F r2=0000 r3=12F8 r4=3D00 r5=2FFC r6=0000 r7=0000 r8=7F06 r9=D848 r10=D8E8 r11=0494 r12=8383 r13=047C r14=0000 r15=43E8
t=74.626024500 pc=00020912 fcw=D8E8 r0=0103 r1=010F r2=0000 r3=12F8 r4=3D00 r5=2FFC r6=0000 r7=0000 r8=7F06 r9=D848 r10=D8E8 r11=0494 r12=8383 r13=047C r14=0000 r15=43E8
t=74.626026250 pc=00020914 fcw=D8E8 r0=0103 r1=010F r2=0000 r3=12F8 r4=3D00 r5=2FFC r6=0000 r7=0000 r8=7F06 r9=D848 r10=D8E8 r11=0494 r12=8383 r13=047C r14=0000 r15=43E8
t=74.626028000 pc=00020916 fcw=D8E8 r0=0103 r1=010F r2=0000 r3=12F8 r4=3D00 r5=2FFC r6=0000 r7=0000 r8=7F06 r9=D848 r10=D8E8 r11=0494 r12=8383 r13=047C r14=0000 r15=43E8
t=74.626031500 pc=0002091A fcw=D8E8 r0=0103 r1=010F r2=0000 r3=12F8 r4=3D00 r5=2FFC r6=0000 r7=0000 r8=7F06 r9=D848 r10=D8E8 r11=0494 r12=8383 r13=047C r14=0000 r15=43E8
t=74.626033500 pc=0002091C fcw=D8E8 r0=0103 r1=010F r2=0000 r3=12F8 r4=3D00 r5=2FFC r6=0000 r7=0000 r8=7F06 r9=D848 r10=D8E8 r11=0494 r12=8383 r13=047C r14=0000 r15=43E8
t=74.626035000 pc=0002091E fcw=D8E8 r0=010F r1=0103 r2=0000 r3=12F8 r4=3D00 r5=2FFC r6=0000 r7=0000 r8=7F06 r9=D848 r10=D8E8 r11=0494 r12=8383 r13=047C r14=0000 r15=43E8
t=74.626037750 pc=00020920 fcw=D8E8 r0=010F r1=0103 r2=0000 r3=12F8 r4=3D00 r5=2FFC r6=0000 r7=0000 r8=7F06 r9=D848 r10=D8E8 r11=0494 r12=8383 r13=047C r14=0000 r15=43E8
t=74.626039250 pc=00020912 fcw=D8E8 r0=010F r1=0103 r2=0000 r3=12F8 r4=3D00 r5=2FFC r6=0000 r7=0000 r8=7F06 r9=D848 r10=D8E8 r11=0494 r12=8383 r13=047C r14=0000 r15=43E8
t=74.626041000 pc=00020914 fcw=D8E8 r0=010F r1=0103 r2=0000 r3=12F8 r4=3D00 r5=2FFC r6=0000 r7=0000 r8=7F06 r9=D848 r10=D8E8 r11=0494 r12=8383 r13=047C r14=0000 r15=43E8
t=74.626042750 pc=00020916 fcw=D8E8 r0=010F r1=0103 r2=0000 r3=12F8 r4=3D00 r5=2FFC r6=0000 r7=0000 r8=7F06 r9=D848 r10=D8E8 r11=0494 r12=8383 r13=047C r14=0000 r15=43E8
t=74.626046250 pc=0002091A fcw=D8E8 r0=010F r1=0103 r2=0000 r3=12F8 r4=3D00 r5=2FFC r6=0000 r7=0000 r8=7F06 r9=D848 r10=D8E8 r11=0494 r12=8383 r13=047C r14=0000 r15=43E8
t=74.626048250 pc=0002091C fcw=D8E8 r0=010F r1=0103 r2=0000 r3=12F8 r4=3D00 r5=2FFC r6=0000 r7=0000 r8=7F06 r9=D848 r10=D8E8 r11=0494 r12=8383 r13=047C r14=0000 r15=43E8
t=74.626049750 pc=0002091E fcw=D8E8 r0=0103 r1=010F r2=0000 r3=12F8 r4=3D00 r5=2FFC r6=0000 r7=0000 r8=7F06 r9=D848 r10=D8E8 r11=0494 r12=8383 r13=047C r14=0000 r15=43E8
t=74.626052500 pc=00020920 fcw=D8E8 r0=0103 r1=010F r2=0000 r3=12F8 r4=3D00 r5=2FFC r6=0000 r7=0000 r8=7F06 r9=D848 r10=D8E8 r11=0494 r12=8383 r13=047C r14=0000 r15=43E8
t=74.626054000 pc=00020912 fcw=D8E8 r0=0103 r1=010F r2=0000 r3=12F8 r4=3D00 r5=2FFC r6=0000 r7=0000 r8=7F06 r9=D848 r10=D8E8 r11=0494 r12=8383 r13=047C r14=0000 r15=43E8
t=74.626055750 pc=00020914 fcw=D8E8 r0=0103 r1=010F r2=0000 r3=12F8 r4=3D00 r5=2FFC r6=0000 r7=0000 r8=7F06 r9=D848 r10=D8E8 r11=0494 r12=8383 r13=047C r14=0000 r15=43E8
t=74.626057500 pc=00020916 fcw=D8E8 r0=0103 r1=010F r2=0000 r3=12F8 r4=3D00 r5=2FFC r6=0000 r7=0000 r8=7F06 r9=D848 r10=D8E8 r11=0494 r12=8383 r13=047C r14=0000 r15=43E8
t=74.626061000 pc=0002091A fcw=D8E8 r0=0103 r1=010F r2=0000 r3=12F8 r4=3D00 r5=2FFC r6=0000 r7=0000 r8=7F06 r9=D848 r10=D8E8 r11=0494 r12=8383 r13=047C r14=0000 r15=43E8
t=74.626063000 pc=0002091C fcw=D8E8 r0=0103 r1=010F r2=0000 r3=12F8 r4=3D00 r5=2FFC r6=0000 r7=0000 r8=7F06 r9=D848 r10=D8E8 r11=0494 r12=8383 r13=047C r14=0000 r15=43E8
t=74.626064500 pc=0002091E fcw=D8E8 r0=010F r1=0103 r2=0000 r3=12F8 r4=3D00 r5=2FFC r6=0000 r7=0000 r8=7F06 r9=D848 r10=D8E8 r11=0494 r12=8383 r13=047C r14=0000 r15=43E8
t=74.626067250 pc=00020920 fcw=D8E8 r0=010F r1=0103 r2=0000 r3=12F8 r4=3D00 r5=2FFC r6=0000 r7=0000 r8=7F06 r9=D848 r10=D8E8 r11=0494 r12=8383 r13=047C r14=0000 r15=43E8
t=74.626068750 pc=00020912 fcw=D8E8 r0=010F r1=0103 r2=0000 r3=12F8 r4=3D00 r5=2FFC r6=0000 r7=0000 r8=7F06 r9=D848 r10=D8E8 r11=0494 r12=8383 r13=047C r14=0000 r15=43E8
t=74.626070500 pc=00020914 fcw=D8E8 r0=010F r1=0103 r2=0000 r3=12F8 r4=3D00 r5=2FFC r6=0000 r7=0000 r8=7F06 r9=D848 r10=D8E8 r11=0494 r12=8383 r13=047C r14=0000 r15=43E8
t=74.626072250 pc=00020916 fcw=D8E8 r0=010F r1=0103 r2=0000 r3=12F8 r4=3D00 r5=2FFC r6=0000 r7=0000 r8=7F06 r9=D848 r10=D8E8 r11=0494 r12=8383 r13=047C r14=0000 r15=43E8
t=74.626075750 pc=0002091A fcw=D8E8 r0=010F r1=0103 r2=0000 r3=12F8 r4=3D00 r5=2FFC r6=0000 r7=0000 r8=7F06 r9=D848 r10=D8E8 r11=0494 r12=8383 r13=047C r14=0000 r15=43E8
t=74.626077750 pc=0002091C fcw=D8E8 r0=010F r1=0103 r2=0000 r3=12F8 r4=3D00 r5=2FFC r6=0000 r7=0000 r8=7F06 r9=D848 r10=D8E8 r11=0494 r12=8383 r13=047C r14=0000 r15=43E8
t=74.626079250 pc=0002091E fcw=D8E8 r0=0103 r1=010F r2=0000 r3=12F8 r4=3D00 r5=2FFC r6=0000 r7=0000 r8=7F06 r9=D848 r10=D8E8 r11=0494 r12=8383 r13=047C r14=0000 r15=43E8
t=74.626082000 pc=00020920 fcw=D8E8 r0=0103 r1=010F r2=0000 r3=12F8 r4=3D00 r5=2FFC r6=0000 r7=0000 r8=7F06 r9=D848 r10=D8E8 r11=0494 r12=8383 r13=047C r14=0000 r15=43E8
t=74.626083500 pc=00020912 fcw=D8E8 r0=0103 r1=010F r2=0000 r3=12F8 r4=3D00 r5=2FFC r6=0000 r7=0000 r8=7F06 r9=D848 r10=D8E8 r11=0494 r12=8383 r13=047C r14=0000 r15=43E8
t=74.626085250 pc=00020914 fcw=D8E8 r0=0103 r1=010F r2=0000 r3=12F8 r4=3D00 r5=2FFC r6=0000 r7=0000 r8=7F06 r9=D848 r10=D8E8 r11=0494 r12=8383 r13=047C r14=0000 r15=43E8
t=74.626087000 pc=00020916 fcw=D8E8 r0=0103 r1=010F r2=0000 r3=12F8 r4=3D00 r5=2FFC r6=0000 r7=0000 r8=7F06 r9=D848 r10=D8E8 r11=0494 r12=8383 r13=047C r14=0000 r15=43E8
t=74.626090500 pc=0002091A fcw=D8E8 r0=0103 r1=010F r2=0000 r3=12F8 r4=3D00 r5=2FFC r6=0000 r7=0000 r8=7F06 r9=D848 r10=D8E8 r11=0494 r12=8383 r13=047C r14=0000 r15=43E8
t=74.626092500 pc=0002091C fcw=D8E8 r0=0103 r1=010F r2=0000 r3=12F8 r4=3D00 r5=2FFC r6=0000 r7=0000 r8=7F06 r9=D848 r10=D8E8 r11=0494 r12=8383 r13=047C r14=0000 r15=43E8
t=74.626094000 pc=0002091E fcw=D8E8 r0=010F r1=0103 r2=0000 r3=12F8 r4=3D00 r5=2FFC r6=0000 r7=0000 r8=7F06 r9=D848 r10=D8E8 r11=0494 r12=8383 r13=047C r14=0000 r15=43E8
t=74.626096750 pc=00020920 fcw=D8E8 r0=010F r1=0103 r2=0000 r3=12F8 r4=3D00 r5=2FFC r6=0000 r7=0000 r8=7F06 r9=D848 r10=D8E8 r11=0494 r12=8383 r13=047C r14=0000 r15=43E8
t=74.626098250 pc=00020912 fcw=D8E8 r0=010F r1=0103 r2=0000 r3=12F8 r4=3D00 r5=2FFC r6=0000 r7=0000 r8=7F06 r9=D848 r10=D8E8 r11=0494 r12=8383 r13=047C r14=0000 r15=43E8
t=74.626100000 pc=00020914 fcw=D8E8 r0=010F r1=0103 r2=0000 r3=12F8 r4=3D00 r5=2FFC r6=0000 r7=0000 r8=7F06 r9=D848 r10=D8E8 r11=0494 r12=8383 r13=047C r14=0000 r15=43E8
t=74.626101750 pc=00020916 fcw=D8E8 r0=010F r1=0103 r2=0000 r3=12F8 r4=3D00 r5=2FFC r6=0000 r7=0000 r8=7F06 r9=D848 r10=D8E8 r11=0494 r12=8383 r13=047C r14=0000 r15=43E8
t=74.626105250 pc=0002091A fcw=D8E8 r0=010F r1=0103 r2=0000 r3=12F8 r4=3D00 r5=2FFC r6=0000 r7=0000 r8=7F06 r9=D848 r10=D8E8 r11=0494 r12=8383 r13=047C r14=0000 r15=43E8
t=74.626107250 pc=0002091C fcw=D8E8 r0=010F r1=0103 r2=0000 r3=12F8 r4=3D00 r5=2FFC r6=0000 r7=0000 r8=7F06 r9=D848 r10=D8E8 r11=0494 r12=8383 r13=047C r14=0000 r15=43E8
t=74.626108750 pc=0002091E fcw=D8E8 r0=0103 r1=010F r2=0000 r3=12F8 r4=3D00 r5=2FFC r6=0000 r7=0000 r8=7F06 r9=D848 r10=D8E8 r11=0494 r12=8383 r13=047C r14=0000 r15=43E8
t=74.626111500 pc=00020920 fcw=D8E8 r0=0103 r1=010F r2=0000 r3=12F8 r4=3D00 r5=2FFC r6=0000 r7=0000 r8=7F06 r9=D848 r10=D8E8 r11=0494 r12=8383 r13=047C r14=0000 r15=43E8
t=74.626113000 pc=00020912 fcw=D8E8 r0=0103 r1=010F r2=0000 r3=12F8 r4=3D00 r5=2FFC r6=0000 r7=0000 r8=7F06 r9=D848 r10=D8E8 r11=0494 r12=8383 r13=047C r14=0000 r15=43E8
t=74.626114750 pc=00020914 fcw=D8E8 r0=0103 r1=010F r2=0000 r3=12F8 r4=3D00 r5=2FFC r6=0000 r7=0000 r8=7F06 r9=D848 r10=D8E8 r11=0494 r12=8383 r13=047C r14=0000 r15=43E8
t=74.626116500 pc=00020916 fcw=D8E8 r0=0103 r1=010F r2=0000 r3=12F8 r4=3D00 r5=2FFC r6=0000 r7=0000 r8=7F06 r9=D848 r10=D8E8 r11=0494 r12=8383 r13=047C r14=0000 r15=43E8
t=74.626120000 pc=0002091A fcw=D8E8 r0=0103 r1=010F r2=0000 r3=12F8 r4=3D00 r5=2FFC r6=0000 r7=0000 r8=7F06 r9=D848 r10=D8E8 r11=0494 r12=8383 r13=047C r14=0000 r15=43E8
t=74.626122000 pc=0002091C fcw=D8E8 r0=0103 r1=010F r2=0000 r3=12F8 r4=3D00 r5=2FFC r6=0000 r7=0000 r8=7F06 r9=D848 r10=D8E8 r11=0494 r12=8383 r13=047C r14=0000 r15=43E8
t=74.626123500 pc=0002091E fcw=D8E8 r0=010F r1=0103 r2=0000 r3=12F8 r4=3D00 r5=2FFC r6=0000 r7=0000 r8=7F06 r9=D848 r10=D8E8 r11=0494 r12=8383 r13=047C r14=0000 r15=43E8
t=74.626126250 pc=00020920 fcw=D8E8 r0=010F r1=0103 r2=0000 r3=12F8 r4=3D00 r5=2FFC r6=0000 r7=0000 r8=7F06 r9=D848 r10=D8E8 r11=0494 r12=8383 r13=047C r14=0000 r15=43E8
t=74.626127750 pc=00020912 fcw=D8E8 r0=010F r1=0103 r2=0000 r3=12F8 r4=3D00 r5=2FFC r6=0000 r7=0000 r8=7F06 r9=D848 r10=D8E8 r11=0494 r12=8383 r13=047C r14=0000 r15=43E8
t=74.626129500 pc=00020914 fcw=D8E8 r0=010F r1=0103 r2=0000 r3=12F8 r4=3D00 r5=2FFC r6=0000 r7=0000 r8=7F06 r9=D848 r10=D8E8 r11=0494 r12=8383 r13=047C r14=0000 r15=43E8
t=74.626131250 pc=00020916 fcw=D8E8 r0=010F r1=0103 r2=0000 r3=12F8 r4=3D00 r5=2FFC r6=0000 r7=0000 r8=7F06 r9=D848 r10=D8E8 r11=0494 r12=8383 r13=047C r14=0000 r15=43E8
t=74.626134750 pc=0002091A fcw=D8E8 r0=010F r1=0103 r2=0000 r3=12F8 r4=3D00 r5=2FFC r6=0000 r7=0000 r8=7F06 r9=D848 r10=D8E8 r11=0494 r12=8383 r13=047C r14=0000 r15=43E8
t=74.626136750 pc=0002091C fcw=D8E8 r0=010F r1=0103 r2=0000 r3=12F8 r4=3D00 r5=2FFC r6=0000 r7=0000 r8=7F06 r9=D848 r10=D8E8 r11=0494 r12=8383 r13=047C r14=0000 r15=43E8
t=74.626138250 pc=0002091E fcw=D8E8 r0=0103 r1=010F r2=0000 r3=12F8 r4=3D00 r5=2FFC r6=0000 r7=0000 r8=7F06 r9=D848 r10=D8E8 r11=0494 r12=8383 r13=047C r14=0000 r15=43E8
t=74.626141000 pc=00020920 fcw=D8E8 r0=0103 r1=010F r2=0000 r3=12F8 r4=3D00 r5=2FFC r6=0000 r7=0000 r8=7F06 r9=D848 r10=D8E8 r11=0494 r12=8383 r13=047C r14=0000 r15=43E8
t=74.626142500 pc=00020912 fcw=D8E8 r0=0103 r1=010F r2=0000 r3=12F8 r4=3D00 r5=2FFC r6=0000 r7=0000 r8=7F06 r9=D848 r10=D8E8 r11=0494 r12=8383 r13=047C r14=0000 r15=43E8
t=74.626144250 pc=00020914 fcw=D8E8 r0=0103 r1=010F r2=0000 r3=12F8 r4=3D00 r5=2FFC r6=0000 r7=0000 r8=7F06 r9=D848 r10=D8E8 r11=0494 r12=8383 r13=047C r14=0000 r15=43E8
t=74.626146000 pc=00020916 fcw=D8E8 r0=0103 r1=010F r2=0000 r3=12F8 r4=3D00 r5=2FFC r6=0000 r7=0000 r8=7F06 r9=D848 r10=D8E8 r11=0494 r12=8383 r13=047C r14=0000 r15=43E8
t=74.626149500 pc=0002091A fcw=D8E8 r0=0103 r1=010F r2=0000 r3=12F8 r4=3D00 r5=2FFC r6=0000 r7=0000 r8=7F06 r9=D848 r10=D8E8 r11=0494 r12=8383 r13=047C r14=0000 r15=43E8
t=74.626151500 pc=0002091C fcw=D8E8 r0=0103 r1=010F r2=0000 r3=12F8 r4=3D00 r5=2FFC r6=0000 r7=0000 r8=7F06 r9=D848 r10=D8E8 r11=0494 r12=8383 r13=047C r14=0000 r15=43E8
t=74.626153000 pc=0002091E fcw=D8E8 r0=010F r1=0103 r2=0000 r3=12F8 r4=3D00 r5=2FFC r6=0000 r7=0000 r8=7F06 r9=D848 r10=D8E8 r11=0494 r12=8383 r13=047C r14=0000 r15=43E8
t=74.626155750 pc=00020920 fcw=D8E8 r0=010F r1=0103 r2=0000 r3=12F8 r4=3D00 r5=2FFC r6=0000 r7=0000 r8=7F06 r9=D848 r10=D8E8 r11=0494 r12=8383 r13=047C r14=0000 r15=43E8
t=74.626157250 pc=00020912 fcw=D8E8 r0=010F r1=0103 r2=0000 r3=12F8 r4=3D00 r5=2FFC r6=0000 r7=0000 r8=7F06 r9=D848 r10=D8E8 r11=0494 r12=8383 r13=047C r14=0000 r15=43E8
t=74.626159000 pc=00020914 fcw=D8E8 r0=010F r1=0103 r2=0000 r3=12F8 r4=3D00 r5=2FFC r6=0000 r7=0000 r8=7F06 r9=D848 r10=D8E8 r11=0494 r12=8383 r13=047C r14=0000 r15=43E8
t=74.626160750 pc=00020916 fcw=D8E8 r0=010F r1=0103 r2=0000 r3=12F8 r4=3D00 r5=2FFC r6=0000 r7=0000 r8=7F06 r9=D848 r10=D8E8 r11=0494 r12=8383 r13=047C r14=0000 r15=43E8
t=74.626164250 pc=0002091A fcw=D8E8 r0=010F r1=0103 r2=0000 r3=12F8 r4=3D00 r5=2FFC r6=0000 r7=0000 r8=7F06 r9=D848 r10=D8E8 r11=0494 r12=8383 r13=047C r14=0000 r15=43E8
t=74.626166250 pc=0002091C fcw=D8E8 r0=010F r1=0103 r2=0000 r3=12F8 r4=3D00 r5=2FFC r6=0000 r7=0000 r8=7F06 r9=D848 r10=D8E8 r11=0494 r12=8383 r13=047C r14=0000 r15=43E8
t=74.626167750 pc=0002091E fcw=D8E8 r0=0103 r1=010F r2=0000 r3=12F8 r4=3D00 r5=2FFC r6=0000 r7=0000 r8=7F06 r9=D848 r10=D8E8 r11=0494 r12=8383 r13=047C r14=0000 r15=43E8
t=74.626170500 pc=00020920 fcw=D8E8 r0=0103 r1=010F r2=0000 r3=12F8 r4=3D00 r5=2FFC r6=0000 r7=0000 r8=7F06 r9=D848 r10=D8E8 r11=0494 r12=8383 r13=047C r14=0000 r15=43E8
t=74.626172000 pc=00020912 fcw=D8E8 r0=0103 r1=010F r2=0000 r3=12F8 r4=3D00 r5=2FFC r6=0000 r7=0000 r8=7F06 r9=D848 r10=D8E8 r11=0494 r12=8383 r13=047C r14=0000 r15=43E8
t=74.626173750 pc=00020914 fcw=D8E8 r0=0103 r1=010F r2=0000 r3=12F8 r4=3D00 r5=2FFC r6=0000 r7=0000 r8=7F06 r9=D848 r10=D8E8 r11=0494 r12=8383 r13=047C r14=0000 r15=43E8
t=74.626175500 pc=00020916 fcw=D8E8 r0=0103 r1=010F r2=0000 r3=12F8 r4=3D00 r5=2FFC r6=0000 r7=0000 r8=7F06 r9=D848 r10=D8E8 r11=0494 r12=8383 r13=047C r14=0000 r15=43E8
t=74.626179000 pc=0002091A fcw=D8E8 r0=0103 r1=010F r2=0000 r3=12F8 r4=3D00 r5=2FFC r6=0000 r7=0000 r8=7F06 r9=D848 r10=D8E8 r11=0494 r12=8383 r13=047C r14=0000 r15=43E8
t=74.626181250 pc=0002091C fcw=D8E8 r0=0103 r1=010F r2=0000 r3=12F8 r4=3D00 r5=2FFC r6=0000 r7=0000 r8=7F06 r9=D848 r10=D8E8 r11=0494 r12=8383 r13=047C r14=0000 r15=43E8
t=74.626182750 pc=0002091E fcw=D8E8 r0=010F r1=0103 r2=0000 r3=12F8 r4=3D00 r5=2FFC r6=0000 r7=0000 r8=7F06 r9=D848 r10=D8E8 r11=0494 r12=8383 r13=047C r14=0000 r15=43E8
t=74.626185500 pc=00020920 fcw=D8E8 r0=010F r1=0103 r2=0000 r3=12F8 r4=3D00 r5=2FFC r6=0000 r7=0000 r8=7F06 r9=D848 r10=D8E8 r11=0494 r12=8383 r13=047C r14=0000 r15=43E8
t=74.626187000 pc=00020912 fcw=D8E8 r0=010F r1=0103 r2=0000 r3=12F8 r4=3D00 r5=2FFC r6=0000 r7=0000 r8=7F06 r9=D848 r10=D8E8 r11=0494 r12=8383 r13=047C r14=0000 r15=43E8
t=74.626188750 pc=00020914 fcw=D8E8 r0=010F r1=0103 r2=0000 r3=12F8 r4=3D00 r5=2FFC r6=0000 r7=0000 r8=7F06 r9=D848 r10=D8E8 r11=0494 r12=8383 r13=047C r14=0000 r15=43E8
t=74.626190500 pc=00020916 fcw=D8E8 r0=010F r1=0103 r2=0000 r3=12F8 r4=3D00 r5=2FFC r6=0000 r7=0000 r8=7F06 r9=D848 r10=D8E8 r11=0494 r12=8383 r13=047C r14=0000 r15=43E8
t=74.626194000 pc=0002091A fcw=D8E8 r0=010F r1=0103 r2=0000 r3=12F8 r4=3D00 r5=2FFC r6=0000 r7=0000 r8=7F06 r9=D848 r10=D8E8 r11=0494 r12=8383 r13=047C r14=0000 r15=43E8
t=74.626196000 pc=0002091C fcw=D8E8 r0=010F r1=0103 r2=0000 r3=12F8 r4=3D00 r5=2FFC r6=0000 r7=0000 r8=7F06 r9=D848 r10=D8E8 r11=0494 r12=8383 r13=047C r14=0000 r15=43E8
t=74.626197500 pc=0002091E fcw=D8E8 r0=0103 r1=010F r2=0000 r3=12F8 r4=3D00 r5=2FFC r6=0000 r7=0000 r8=7F06 r9=D848 r10=D8E8 r11=0494 r12=8383 r13=047C r14=0000 r15=43E8
t=74.626200250 pc=00020920 fcw=D8E8 r0=0103 r1=010F r2=0000 r3=12F8 r4=3D00 r5=2FFC r6=0000 r7=0000 r8=7F06 r9=D848 r10=D8E8 r11=0494 r12=8383 r13=047C r14=0000 r15=43E8
t=74.626201750 pc=00020912 fcw=D8E8 r0=0103 r1=010F r2=0000 r3=12F8 r4=3D00 r5=2FFC r6=0000 r7=0000 r8=7F06 r9=D848 r10=D8E8 r11=0494 r12=8383 r13=047C r14=0000 r15=43E8
t=74.626203500 pc=00020914 fcw=D8E8 r0=0103 r1=010F r2=0000 r3=12F8 r4=3D00 r5=2FFC r6=0000 r7=0000 r8=7F06 r9=D848 r10=D8E8 r11=0494 r12=8383 r13=047C r14=0000 r15=43E8
t=74.626205250 pc=00020916 fcw=D8E8 r0=0103 r1=010F r2=0000 r3=12F8 r4=3D00 r5=2FFC r6=0000 r7=0000 r8=7F06 r9=D848 r10=D8E8 r11=0494 r12=8383 r13=047C r14=0000 r15=43E8
t=74.626208750 pc=0002091A fcw=D8E8 r0=0103 r1=010F r2=0000 r3=12F8 r4=3D00 r5=2FFC r6=0000 r7=0000 r8=7F06 r9=D848 r10=D8E8 r11=0494 r12=8383 r13=047C r14=0000 r15=43E8
t=74.626210750 pc=0002091C fcw=D8E8 r0=0103 r1=010F r2=0000 r3=12F8 r4=3D00 r5=2FFC r6=0000 r7=0000 r8=7F06 r9=D848 r10=D8E8 r11=0494 r12=8383 r13=047C r14=0000 r15=43E8
t=74.626212250 pc=0002091E fcw=D8E8 r0=010F r1=0103 r2=0000 r3=12F8 r4=3D00 r5=2FFC r6=0000 r7=0000 r8=7F06 r9=D848 r10=D8E8 r11=0494 r12=8383 r13=047C r14=0000 r15=43E8
t=74.626215000 pc=00020920 fcw=D8E8 r0=010F r1=0103 r2=0000 r3=12F8 r4=3D00 r5=2FFC r6=0000 r7=0000 r8=7F06 r9=D848 r10=D8E8 r11=0494 r12=8383 r13=047C r14=0000 r15=43E8
t=74.626216500 pc=00020912 fcw=D8E8 r0=010F r1=0103 r2=0000 r3=12F8 r4=3D00 r5=2FFC r6=0000 r7=0000 r8=7F06 r9=D848 r10=D8E8 r11=0494 r12=8383 r13=047C r14=0000 r15=43E8
t=74.626218250 pc=00020914 fcw=D8E8 r0=010F r1=0103 r2=0000 r3=12F8 r4=3D00 r5=2FFC r6=0000 r7=0000 r8=7F06 r9=D848 r10=D8E8 r11=0494 r12=8383 r13=047C r14=0000 r15=43E8
t=74.626220000 pc=00020916 fcw=D8E8 r0=010F r1=0103 r2=0000 r3=12F8 r4=3D00 r5=2FFC r6=0000 r7=0000 r8=7F06 r9=D848 r10=D8E8 r11=0494 r12=8383 r13=047C r14=0000 r15=43E8
t=74.626223500 pc=0002091A fcw=D8E8 r0=010F r1=0103 r2=0000 r3=12F8 r4=3D00 r5=2FFC r6=0000 r7=0000 r8=7F06 r9=D848 r10=D8E8 r11=0494 r12=8383 r13=047C r14=0000 r15=43E8
t=74.626225500 pc=0002091C fcw=D8E8 r0=010F r1=0103 r2=0000 r3=12F8 r4=3D00 r5=2FFC r6=0000 r7=0000 r8=7F06 r9=D848 r10=D8E8 r11=0494 r12=8383 r13=047C r14=0000 r15=43E8
t=74.626227000 pc=0002091E fcw=D8E8 r0=0103 r1=010F r2=0000 r3=12F8 r4=3D00 r5=2FFC r6=0000 r7=0000 r8=7F06 r9=D848 r10=D8E8 r11=0494 r12=8383 r13=047C r14=0000 r15=43E8
t=74.626229750 pc=00020920 fcw=D8E8 r0=0103 r1=010F r2=0000 r3=12F8 r4=3D00 r5=2FFC r6=0000 r7=0000 r8=7F06 r9=D848 r10=D8E8 r11=0494 r12=8383 r13=047C r14=0000 r15=43E8
t=74.626231250 pc=00020912 fcw=D8E8 r0=0103 r1=010F r2=0000 r3=12F8 r4=3D00 r5=2FFC r6=0000 r7=0000 r8=7F06 r9=D848 r10=D8E8 r11=0494 r12=8383 r13=047C r14=0000 r15=43E8
t=74.626233000 pc=00020914 fcw=D8E8 r0=0103 r1=010F r2=0000 r3=12F8 r4=3D00 r5=2FFC r6=0000 r7=0000 r8=7F06 r9=D848 r10=D8E8 r11=0494 r12=8383 r13=047C r14=0000 r15=43E8
t=74.626234750 pc=00020916 fcw=D8E8 r0=0103 r1=010F r2=0000 r3=12F8 r4=3D00 r5=2FFC r6=0000 r7=0000 r8=7F06 r9=D848 r10=D8E8 r11=0494 r12=8383 r13=047C r14=0000 r15=43E8
t=74.626238250 pc=0002091A fcw=D8E8 r0=0103 r1=010F r2=0000 r3=12F8 r4=3D00 r5=2FFC r6=0000 r7=0000 r8=7F06 r9=D848 r10=D8E8 r11=0494 r12=8383 r13=047C r14=0000 r15=43E8
t=74.626240250 pc=0002091C fcw=D8E8 r0=0103 r1=010F r2=0000 r3=12F8 r4=3D00 r5=2FFC r6=0000 r7=0000 r8=7F06 r9=D848 r10=D8E8 r11=0494 r12=8383 r13=047C r14=0000 r15=43E8
t=74.626241750 pc=0002091E fcw=D8E8 r0=010F r1=0103 r2=0000 r3=12F8 r4=3D00 r5=2FFC r6=0000 r7=0000 r8=7F06 r9=D848 r10=D8E8 r11=0494 r12=8383 r13=047C r14=0000 r15=43E8
t=74.626244500 pc=00020920 fcw=D8E8 r0=010F r1=0103 r2=0000 r3=12F8 r4=3D00 r5=2FFC r6=0000 r7=0000 r8=7F06 r9=D848 r10=D8E8 r11=0494 r12=8383 r13=047C r14=0000 r15=43E8
t=74.626246000 pc=00020912 fcw=D8E8 r0=010F r1=0103 r2=0000 r3=12F8 r4=3D00 r5=2FFC r6=0000 r7=0000 r8=7F06 r9=D848 r10=D8E8 r11=0494 r12=8383 r13=047C r14=0000 r15=43E8
t=74.626247750 pc=00020914 fcw=D8E8 r0=010F r1=0103 r2=0000 r3=12F8 r4=3D00 r5=2FFC r6=0000 r7=0000 r8=7F06 r9=D848 r10=D8E8 r11=0494 r12=8383 r13=047C r14=0000 r15=43E8
t=74.626249500 pc=00020916 fcw=D8E8 r0=010F r1=0103 r2=0000 r3=12F8 r4=3D00 r5=2FFC r6=0000 r7=0000 r8=7F06 r9=D848 r10=D8E8 r11=0494 r12=8383 r13=047C r14=0000 r15=43E8
t=74.626253000 pc=0002091A fcw=D8E8 r0=010F r1=0103 r2=0000 r3=12F8 r4=3D00 r5=2FFC r6=0000 r7=0000 r8=7F06 r9=D848 r10=D8E8 r11=0494 r12=8383 r13=047C r14=0000 r15=43E8
t=74.626255000 pc=0002091C fcw=D8E8 r0=010F r1=0103 r2=0000 r3=12F8 r4=3D00 r5=2FFC r6=0000 r7=0000 r8=7F06 r9=D848 r10=D8E8 r11=0494 r12=8383 r13=047C r14=0000 r15=43E8
t=74.626256500 pc=0002091E fcw=D8E8 r0=0103 r1=010F r2=0000 r3=12F8 r4=3D00 r5=2FFC r6=0000 r7=0000 r8=7F06 r9=D848 r10=D8E8 r11=0494 r12=8383 r13=047C r14=0000 r15=43E8
t=74.626259250 pc=00020920 fcw=D8E8 r0=0103 r1=010F r2=0000 r3=12F8 r4=3D00 r5=2FFC r6=0000 r7=0000 r8=7F06 r9=D848 r10=D8E8 r11=0494 r12=8383 r13=047C r14=0000 r15=43E8
t=74.626260750 pc=00020912 fcw=D8E8 r0=0103 r1=010F r2=0000 r3=12F8 r4=3D00 r5=2FFC r6=0000 r7=0000 r8=7F06 r9=D848 r10=D8E8 r11=0494 r12=8383 r13=047C r14=0000 r15=43E8
t=74.626262500 pc=00020914 fcw=D8E8 r0=0103 r1=010F r2=0000 r3=12F8 r4=3D00 r5=2FFC r6=0000 r7=0000 r8=7F06 r9=D848 r10=D8E8 r11=0494 r12=8383 r13=047C r14=0000 r15=43E8
t=74.626264250 pc=00020916 fcw=D8E8 r0=0103 r1=010F r2=0000 r3=12F8 r4=3D00 r5=2FFC r6=0000 r7=0000 r8=7F06 r9=D848 r10=D8E8 r11=0494 r12=8383 r13=047C r14=0000 r15=43E8
t=74.626267750 pc=0002091A fcw=D8E8 r0=0103 r1=010F r2=0000 r3=12F8 r4=3D00 r5=2FFC r6=0000 r7=0000 r8=7F06 r9=D848 r10=D8E8 r11=0494 r12=8383 r13=047C r14=0000 r15=43E8
t=74.626269750 pc=0002091C fcw=D8E8 r0=0103 r1=010F r2=0000 r3=12F8 r4=3D00 r5=2FFC r6=0000 r7=0000 r8=7F06 r9=D848 r10=D8E8 r11=0494 r12=8383 r13=047C r14=0000 r15=43E8
t=74.626271250 pc=0002091E fcw=D8E8 r0=010F r1=0103 r2=0000 r3=12F8 r4=3D00 r5=2FFC r6=0000 r7=0000 r8=7F06 r9=D848 r10=D8E8 r11=0494 r12=8383 r13=047C r14=0000 r15=43E8
t=74.626274000 pc=00020920 fcw=D8E8 r0=010F r1=0103 r2=0000 r3=12F8 r4=3D00 r5=2FFC r6=0000 r7=0000 r8=7F06 r9=D848 r10=D8E8 r11=0494 r12=8383 r13=047C r14=0000 r15=43E8
t=74.626275500 pc=00020912 fcw=D8E8 r0=010F r1=0103 r2=0000 r3=12F8 r4=3D00 r5=2FFC r6=0000 r7=0000 r8=7F06 r9=D848 r10=D8E8 r11=0494 r12=8383 r13=047C r14=0000 r15=43E8
t=74.626277250 pc=00020914 fcw=D8E8 r0=010F r1=0103 r2=0000 r3=12F8 r4=3D00 r5=2FFC r6=0000 r7=0000 r8=7F06 r9=D848 r10=D8E8 r11=0494 r12=8383 r13=047C r14=0000 r15=43E8
t=74.626279000 pc=00020916 fcw=D8E8 r0=010F r1=0103 r2=0000 r3=12F8 r4=3D00 r5=2FFC r6=0000 r7=0000 r8=7F06 r9=D848 r10=D8E8 r11=0494 r12=8383 r13=047C r14=0000 r15=43E8
t=74.626282500 pc=0002091A fcw=D8E8 r0=010F r1=0103 r2=0000 r3=12F8 r4=3D00 r5=2FFC r6=0000 r7=0000 r8=7F06 r9=D848 r10=D8E8 r11=0494 r12=8383 r13=047C r14=0000 r15=43E8
t=74.626284500 pc=0002091C fcw=D8E8 r0=010F r1=0103 r2=0000 r3=12F8 r4=3D00 r5=2FFC r6=0000 r7=0000 r8=7F06 r9=D848 r10=D8E8 r11=0494 r12=8383 r13=047C r14=0000 r15=43E8
t=74.626286000 pc=0002091E fcw=D8E8 r0=0103 r1=010F r2=0000 r3=12F8 r4=3D00 r5=2FFC r6=0000 r7=0000 r8=7F06 r9=D848 r10=D8E8 r11=0494 r12=8383 r13=047C r14=0000 r15=43E8
t=74.626288750 pc=00020920 fcw=D8E8 r0=0103 r1=010F r2=0000 r3=12F8 r4=3D00 r5=2FFC r6=0000 r7=0000 r8=7F06 r9=D848 r10=D8E8 r11=0494 r12=8383 r13=047C r14=0000 r15=43E8
t=74.626290250 pc=00020912 fcw=D8E8 r0=0103 r1=010F r2=0000 r3=12F8 r4=3D00 r5=2FFC r6=0000 r7=0000 r8=7F06 r9=D848 r10=D8E8 r11=0494 r12=8383 r13=047C r14=0000 r15=43E8
t=74.626292000 pc=00020914 fcw=D8E8 r0=0103 r1=010F r2=0000 r3=12F8 r4=3D00 r5=2FFC r6=0000 r7=0000 r8=7F06 r9=D848 r10=D8E8 r11=0494 r12=8383 r13=047C r14=0000 r15=43E8
t=74.626293750 pc=00020916 fcw=D8E8 r0=0103 r1=010F r2=0000 r3=12F8 r4=3D00 r5=2FFC r6=0000 r7=0000 r8=7F06 r9=D848 r10=D8E8 r11=0494 r12=8383 r13=047C r14=0000 r15=43E8
t=74.626297250 pc=0002091A fcw=D8E8 r0=0103 r1=010F r2=0000 r3=12F8 r4=3D00 r5=2FFC r6=0000 r7=0000 r8=7F06 r9=D848 r10=D8E8 r11=0494 r12=8383 r13=047C r14=0000 r15=43E8
t=74.626299250 pc=0002091C fcw=D8E8 r0=0103 r1=010F r2=0000 r3=12F8 r4=3D00 r5=2FFC r6=0000 r7=0000 r8=7F06 r9=D848 r10=D8E8 r11=0494 r12=8383 r13=047C r14=0000 r15=43E8
t=74.626300750 pc=0002091E fcw=D8E8 r0=010F r1=0103 r2=0000 r3=12F8 r4=3D00 r5=2FFC r6=0000 r7=0000 r8=7F06 r9=D848 r10=D8E8 r11=0494 r12=8383 r13=047C r14=0000 r15=43E8
t=74.626303500 pc=00020920 fcw=D8E8 r0=010F r1=0103 r2=0000 r3=12F8 r4=3D00 r5=2FFC r6=0000 r7=0000 r8=7F06 r9=D848 r10=D8E8 r11=0494 r12=8383 r13=047C r14=0000 r15=43E8
t=74.626305000 pc=00020912 fcw=D8E8 r0=010F r1=0103 r2=0000 r3=12F8 r4=3D00 r5=2FFC r6=0000 r7=0000 r8=7F06 r9=D848 r10=D8E8 r11=0494 r12=8383 r13=047C r14=0000 r15=43E8
t=74.626306750 pc=00020914 fcw=D8E8 r0=010F r1=0103 r2=0000 r3=12F8 r4=3D00 r5=2FFC r6=0000 r7=0000 r8=7F06 r9=D848 r10=D8E8 r11=0494 r12=8383 r13=047C r14=0000 r15=43E8
t=74.626308500 pc=00020916 fcw=D8E8 r0=010F r1=0103 r2=0000 r3=12F8 r4=3D00 r5=2FFC r6=0000 r7=0000 r8=7F06 r9=D848 r10=D8E8 r11=0494 r12=8383 r13=047C r14=0000 r15=43E8
t=74.626312000 pc=0002091A fcw=D8E8 r0=010F r1=0103 r2=0000 r3=12F8 r4=3D00 r5=2FFC r6=0000 r7=0000 r8=7F06 r9=D848 r10=D8E8 r11=0494 r12=8383 r13=047C r14=0000 r15=43E8
t=74.626314000 pc=0002091C fcw=D8E8 r0=010F r1=0103 r2=0000 r3=12F8 r4=3D00 r5=2FFC r6=0000 r7=0000 r8=7F06 r9=D848 r10=D8E8 r11=0494 r12=8383 r13=047C r14=0000 r15=43E8
t=74.626315500 pc=0002091E fcw=D8E8 r0=0103 r1=010F r2=0000 r3=12F8 r4=3D00 r5=2FFC r6=0000 r7=0000 r8=7F06 r9=D848 r10=D8E8 r11=0494 r12=8383 r13=047C r14=0000 r15=43E8
t=74.626318250 pc=00020920 fcw=D8E8 r0=0103 r1=010F r2=0000 r3=12F8 r4=3D00 r5=2FFC r6=0000 r7=0000 r8=7F06 r9=D848 r10=D8E8 r11=0494 r12=8383 r13=047C r14=0000 r15=43E8
t=74.626319750 pc=00020912 fcw=D8E8 r0=0103 r1=010F r2=0000 r3=12F8 r4=3D00 r5=2FFC r6=0000 r7=0000 r8=7F06 r9=D848 r10=D8E8 r11=0494 r12=8383 r13=047C r14=0000 r15=43E8
t=74.626321500 pc=00020914 fcw=D8E8 r0=0103 r1=010F r2=0000 r3=12F8 r4=3D00 r5=2FFC r6=0000 r7=0000 r8=7F06 r9=D848 r10=D8E8 r11=0494 r12=8383 r13=047C r14=0000 r15=43E8
t=74.626323250 pc=00020916 fcw=D8E8 r0=0103 r1=010F r2=0000 r3=12F8 r4=3D00 r5=2FFC r6=0000 r7=0000 r8=7F06 r9=D848 r10=D8E8 r11=0494 r12=8383 r13=047C r14=0000 r15=43E8
t=74.626326750 pc=0002091A fcw=D8E8 r0=0103 r1=010F r2=0000 r3=12F8 r4=3D00 r5=2FFC r6=0000 r7=0000 r8=7F06 r9=D848 r10=D8E8 r11=0494 r12=8383 r13=047C r14=0000 r15=43E8
t=74.626328750 pc=0002091C fcw=D8E8 r0=0103 r1=010F r2=0000 r3=12F8 r4=3D00 r5=2FFC r6=0000 r7=0000 r8=7F06 r9=D848 r10=D8E8 r11=0494 r12=8383 r13=047C r14=0000 r15=43E8
t=74.626330250 pc=0002091E fcw=D8E8 r0=010F r1=0103 r2=0000 r3=12F8 r4=3D00 r5=2FFC r6=0000 r7=0000 r8=7F06 r9=D848 r10=D8E8 r11=0494 r12=8383 r13=047C r14=0000 r15=43E8
t=74.626333000 pc=00020920 fcw=D8E8 r0=010F r1=0103 r2=0000 r3=12F8 r4=3D00 r5=2FFC r6=0000 r7=0000 r8=7F06 r9=D848 r10=D8E8 r11=0494 r12=8383 r13=047C r14=0000 r15=43E8
t=74.626334500 pc=00020912 fcw=D8E8 r0=010F r1=0103 r2=0000 r3=12F8 r4=3D00 r5=2FFC r6=0000 r7=0000 r8=7F06 r9=D848 r10=D8E8 r11=0494 r12=8383 r13=047C r14=0000 r15=43E8
t=74.626336250 pc=00020914 fcw=D8E8 r0=010F r1=0103 r2=0000 r3=12F8 r4=3D00 r5=2FFC r6=0000 r7=0000 r8=7F06 r9=D848 r10=D8E8 r11=0494 r12=8383 r13=047C r14=0000 r15=43E8
t=74.626338000 pc=00020916 fcw=D8E8 r0=010F r1=0103 r2=0000 r3=12F8 r4=3D00 r5=2FFC r6=0000 r7=0000 r8=7F06 r9=D848 r10=D8E8 r11=0494 r12=8383 r13=047C r14=0000 r15=43E8
t=74.626341500 pc=0002091A fcw=D8E8 r0=010F r1=0103 r2=0000 r3=12F8 r4=3D00 r5=2FFC r6=0000 r7=0000 r8=7F06 r9=D848 r10=D8E8 r11=0494 r12=8383 r13=047C r14=0000 r15=43E8
t=74.626343500 pc=0002091C fcw=D8E8 r0=010F r1=0103 r2=0000 r3=12F8 r4=3D00 r5=2FFC r6=0000 r7=0000 r8=7F06 r9=D848 r10=D8E8 r11=0494 r12=8383 r13=047C r14=0000 r15=43E8
t=74.626345000 pc=0002091E fcw=D8E8 r0=0103 r1=010F r2=0000 r3=12F8 r4=3D00 r5=2FFC r6=0000 r7=0000 r8=7F06 r9=D848 r10=D8E8 r11=0494 r12=8383 r13=047C r14=0000 r15=43E8
t=74.626347750 pc=00020920 fcw=D8E8 r0=0103 r1=010F r2=0000 r3=12F8 r4=3D00 r5=2FFC r6=0000 r7=0000 r8=7F06 r9=D848 r10=D8E8 r11=0494 r12=8383 r13=047C r14=0000 r15=43E8
t=74.626349250 pc=00020912 fcw=D8E8 r0=0103 r1=010F r2=0000 r3=12F8 r4=3D00 r5=2FFC r6=0000 r7=0000 r8=7F06 r9=D848 r10=D8E8 r11=0494 r12=8383 r13=047C r14=0000 r15=43E8
t=74.626351000 pc=00020914 fcw=D8E8 r0=0103 r1=010F r2=0000 r3=12F8 r4=3D00 r5=2FFC r6=0000 r7=0000 r8=7F06 r9=D848 r10=D8E8 r11=0494 r12=8383 r13=047C r14=0000 r15=43E8
t=74.626352750 pc=00020916 fcw=D8E8 r0=0103 r1=010F r2=0000 r3=12F8 r4=3D00 r5=2FFC r6=0000 r7=0000 r8=7F06 r9=D848 r10=D8E8 r11=0494 r12=8383 r13=047C r14=0000 r15=43E8
t=74.626356250 pc=0002091A fcw=D8E8 r0=0103 r1=010F r2=0000 r3=12F8 r4=3D00 r5=2FFC r6=0000 r7=0000 r8=7F06 r9=D848 r10=D8E8 r11=0494 r12=8383 r13=047C r14=0000 r15=43E8
t=74.626358250 pc=0002091C fcw=D8E8 r0=0103 r1=010F r2=0000 r3=12F8 r4=3D00 r5=2FFC r6=0000 r7=0000 r8=7F06 r9=D848 r10=D8E8 r11=0494 r12=8383 r13=047C r14=0000 r15=43E8
t=74.626359750 pc=0002091E fcw=D8E8 r0=010F r1=0103 r2=0000 r3=12F8 r4=3D00 r5=2FFC r6=0000 r7=0000 r8=7F06 r9=D848 r10=D8E8 r11=0494 r12=8383 r13=047C r14=0000 r15=43E8
t=74.626362500 pc=00020920 fcw=D8E8 r0=010F r1=0103 r2=0000 r3=12F8 r4=3D00 r5=2FFC r6=0000 r7=0000 r8=7F06 r9=D848 r10=D8E8 r11=0494 r12=8383 r13=047C r14=0000 r15=43E8
t=74.626364000 pc=00020912 fcw=D8E8 r0=010F r1=0103 r2=0000 r3=12F8 r4=3D00 r5=2FFC r6=0000 r7=0000 r8=7F06 r9=D848 r10=D8E8 r11=0494 r12=8383 r13=047C r14=0000 r15=43E8
t=74.626365750 pc=00020914 fcw=D8E8 r0=010F r1=0103 r2=0000 r3=12F8 r4=3D00 r5=2FFC r6=0000 r7=0000 r8=7F06 r9=D848 r10=D8E8 r11=0494 r12=8383 r13=047C r14=0000 r15=43E8
t=74.626367500 pc=00020916 fcw=D8E8 r0=010F r1=0103 r2=0000 r3=12F8 r4=3D00 r5=2FFC r6=0000 r7=0000 r8=7F06 r9=D848 r10=D8E8 r11=0494 r12=8383 r13=047C r14=0000 r15=43E8
t=74.626371000 pc=0002091A fcw=D8E8 r0=010F r1=0103 r2=0000 r3=12F8 r4=3D00 r5=2FFC r6=0000 r7=0000 r8=7F06 r9=D848 r10=D8E8 r11=0494 r12=8383 r13=047C r14=0000 r15=43E8
t=74.626373250 pc=0002091C fcw=D8E8 r0=010F r1=0103 r2=0000 r3=12F8 r4=3D00 r5=2FFC r6=0000 r7=0000 r8=7F06 r9=D848 r10=D8E8 r11=0494 r12=8383 r13=047C r14=0000 r15=43E8
t=74.626374750 pc=0002091E fcw=D8E8 r0=0103 r1=010F r2=0000 r3=12F8 r4=3D00 r5=2FFC r6=0000 r7=0000 r8=7F06 r9=D848 r10=D8E8 r11=0494 r12=8383 r13=047C r14=0000 r15=43E8
t=74.626377500 pc=00020920 fcw=D8E8 r0=0103 r1=010F r2=0000 r3=12F8 r4=3D00 r5=2FFC r6=0000 r7=0000 r8=7F06 r9=D848 r10=D8E8 r11=0494 r12=8383 r13=047C r14=0000 r15=43E8
t=74.626379000 pc=00020912 fcw=D8E8 r0=0103 r1=010F r2=0000 r3=12F8 r4=3D00 r5=2FFC r6=0000 r7=0000 r8=7F06 r9=D848 r10=D8E8 r11=0494 r12=8383 r13=047C r14=0000 r15=43E8
t=74.626380750 pc=00020914 fcw=D8E8 r0=0103 r1=010F r2=0000 r3=12F8 r4=3D00 r5=2FFC r6=0000 r7=0000 r8=7F06 r9=D848 r10=D8E8 r11=0494 r12=8383 r13=047C r14=0000 r15=43E8
t=74.626382500 pc=00020916 fcw=D8E8 r0=0103 r1=010F r2=0000 r3=12F8 r4=3D00 r5=2FFC r6=0000 r7=0000 r8=7F06 r9=D848 r10=D8E8 r11=0494 r12=8383 r13=047C r14=0000 r15=43E8
t=74.626386000 pc=0002091A fcw=D8E8 r0=0103 r1=010F r2=0000 r3=12F8 r4=3D00 r5=2FFC r6=0000 r7=0000 r8=7F06 r9=D848 r10=D8E8 r11=0494 r12=8383 r13=047C r14=0000 r15=43E8
t=74.626388000 pc=0002091C fcw=D8E8 r0=0103 r1=010F r2=0000 r3=12F8 r4=3D00 r5=2FFC r6=0000 r7=0000 r8=7F06 r9=D848 r10=D8E8 r11=0494 r12=8383 r13=047C r14=0000 r15=43E8
t=74.626389500 pc=0002091E fcw=D8E8 r0=010F r1=0103 r2=0000 r3=12F8 r4=3D00 r5=2FFC r6=0000 r7=0000 r8=7F06 r9=D848 r10=D8E8 r11=0494 r12=8383 r13=047C r14=0000 r15=43E8
t=74.626392250 pc=00020920 fcw=D8E8 r0=010F r1=0103 r2=0000 r3=12F8 r4=3D00 r5=2FFC r6=0000 r7=0000 r8=7F06 r9=D848 r10=D8E8 r11=0494 r12=8383 r13=047C r14=0000 r15=43E8
t=74.626393750 pc=00020912 fcw=D8E8 r0=010F r1=0103 r2=0000 r3=12F8 r4=3D00 r5=2FFC r6=0000 r7=0000 r8=7F06 r9=D848 r10=D8E8 r11=0494 r12=8383 r13=047C r14=0000 r15=43E8
t=74.626395500 pc=00020914 fcw=D8E8 r0=010F r1=0103 r2=0000 r3=12F8 r4=3D00 r5=2FFC r6=0000 r7=0000 r8=7F06 r9=D848 r10=D8E8 r11=0494 r12=8383 r13=047C r14=0000 r15=43E8
t=74.626397250 pc=00020916 fcw=D8E8 r0=010F r1=0103 r2=0000 r3=12F8 r4=3D00 r5=2FFC r6=0000 r7=0000 r8=7F06 r9=D848 r10=D8E8 r11=0494 r12=8383 r13=047C r14=0000 r15=43E8
t=74.626400750 pc=0002091A fcw=D8E8 r0=010F r1=0103 r2=0000 r3=12F8 r4=3D00 r5=2FFC r6=0000 r7=0000 r8=7F06 r9=D848 r10=D8E8 r11=0494 r12=8383 r13=047C r14=0000 r15=43E8
t=74.626402750 pc=0002091C fcw=D8E8 r0=010F r1=0103 r2=0000 r3=12F8 r4=3D00 r5=2FFC r6=0000 r7=0000 r8=7F06 r9=D848 r10=D8E8 r11=0494 r12=8383 r13=047C r14=0000 r15=43E8
t=74.626404250 pc=0002091E fcw=D8E8 r0=0103 r1=010F r2=0000 r3=12F8 r4=3D00 r5=2FFC r6=0000 r7=0000 r8=7F06 r9=D848 r10=D8E8 r11=0494 r12=8383 r13=047C r14=0000 r15=43E8
t=74.626407000 pc=00020920 fcw=D8E8 r0=0103 r1=010F r2=0000 r3=12F8 r4=3D00 r5=2FFC r6=0000 r7=0000 r8=7F06 r9=D848 r10=D8E8 r11=0494 r12=8383 r13=047C r14=0000 r15=43E8
t=74.626408500 pc=00020912 fcw=D8E8 r0=0103 r1=010F r2=0000 r3=12F8 r4=3D00 r5=2FFC r6=0000 r7=0000 r8=7F06 r9=D848 r10=D8E8 r11=0494 r12=8383 r13=047C r14=0000 r15=43E8
t=74.626410250 pc=00020914 fcw=D8E8 r0=0103 r1=010F r2=0000 r3=12F8 r4=3D00 r5=2FFC r6=0000 r7=0000 r8=7F06 r9=D848 r10=D8E8 r11=0494 r12=8383 r13=047C r14=0000 r15=43E8
t=74.626412000 pc=00020916 fcw=D8E8 r0=0103 r1=010F r2=0000 r3=12F8 r4=3D00 r5=2FFC r6=0000 r7=0000 r8=7F06 r9=D848 r10=D8E8 r11=0494 r12=8383 r13=047C r14=0000 r15=43E8
t=74.626415500 pc=0002091A fcw=D8E8 r0=0103 r1=010F r2=0000 r3=12F8 r4=3D00 r5=2FFC r6=0000 r7=0000 r8=7F06 r9=D848 r10=D8E8 r11=0494 r12=8383 r13=047C r14=0000 r15=43E8
t=74.626417500 pc=0002091C fcw=D8E8 r0=0103 r1=010F r2=0000 r3=12F8 r4=3D00 r5=2FFC r6=0000 r7=0000 r8=7F06 r9=D848 r10=D8E8 r11=0494 r12=8383 r13=047C r14=0000 r15=43E8
t=74.626419000 pc=0002091E fcw=D8E8 r0=010F r1=0103 r2=0000 r3=12F8 r4=3D00 r5=2FFC r6=0000 r7=0000 r8=7F06 r9=D848 r10=D8E8 r11=0494 r12=8383 r13=047C r14=0000 r15=43E8
t=74.626421750 pc=00020920 fcw=D8E8 r0=010F r1=0103 r2=0000 r3=12F8 r4=3D00 r5=2FFC r6=0000 r7=0000 r8=7F06 r9=D848 r10=D8E8 r11=0494 r12=8383 r13=047C r14=0000 r15=43E8
t=74.626423250 pc=00020912 fcw=D8E8 r0=010F r1=0103 r2=0000 r3=12F8 r4=3D00 r5=2FFC r6=0000 r7=0000 r8=7F06 r9=D848 r10=D8E8 r11=0494 r12=8383 r13=047C r14=0000 r15=43E8
t=74.626425000 pc=00020914 fcw=D8E8 r0=010F r1=0103 r2=0000 r3=12F8 r4=3D00 r5=2FFC r6=0000 r7=0000 r8=7F06 r9=D848 r10=D8E8 r11=0494 r12=8383 r13=047C r14=0000 r15=43E8
t=74.626426750 pc=00020916 fcw=D8E8 r0=010F r1=0103 r2=0000 r3=12F8 r4=3D00 r5=2FFC r6=0000 r7=0000 r8=7F06 r9=D848 r10=D8E8 r11=0494 r12=8383 r13=047C r14=0000 r15=43E8
t=74.626430250 pc=0002091A fcw=D8E8 r0=010F r1=0103 r2=0000 r3=12F8 r4=3D00 r5=2FFC r6=0000 r7=0000 r8=7F06 r9=D848 r10=D8E8 r11=0494 r12=8383 r13=047C r14=0000 r15=43E8
t=74.626432250 pc=0002091C fcw=D8E8 r0=010F r1=0103 r2=0000 r3=12F8 r4=3D00 r5=2FFC r6=0000 r7=0000 r8=7F06 r9=D848 r10=D8E8 r11=0494 r12=8383 r13=047C r14=0000 r15=43E8
t=74.626433750 pc=0002091E fcw=D8E8 r0=0103 r1=010F r2=0000 r3=12F8 r4=3D00 r5=2FFC r6=0000 r7=0000 r8=7F06 r9=D848 r10=D8E8 r11=0494 r12=8383 r13=047C r14=0000 r15=43E8
t=74.626436500 pc=00020920 fcw=D8E8 r0=0103 r1=010F r2=0000 r3=12F8 r4=3D00 r5=2FFC r6=0000 r7=0000 r8=7F06 r9=D848 r10=D8E8 r11=0494 r12=8383 r13=047C r14=0000 r15=43E8
t=74.626438000 pc=00020912 fcw=D8E8 r0=0103 r1=010F r2=0000 r3=12F8 r4=3D00 r5=2FFC r6=0000 r7=0000 r8=7F06 r9=D848 r10=D8E8 r11=0494 r12=8383 r13=047C r14=0000 r15=43E8
t=74.626439750 pc=00020914 fcw=D8E8 r0=0103 r1=010F r2=0000 r3=12F8 r4=3D00 r5=2FFC r6=0000 r7=0000 r8=7F06 r9=D848 r10=D8E8 r11=0494 r12=8383 r13=047C r14=0000 r15=43E8
t=74.626441500 pc=00020916 fcw=D8E8 r0=0103 r1=010F r2=0000 r3=12F8 r4=3D00 r5=2FFC r6=0000 r7=0000 r8=7F06 r9=D848 r10=D8E8 r11=0494 r12=8383 r13=047C r14=0000 r15=43E8
t=74.626445000 pc=0002091A fcw=D8E8 r0=0103 r1=010F r2=0000 r3=12F8 r4=3D00 r5=2FFC r6=0000 r7=0000 r8=7F06 r9=D848 r10=D8E8 r11=0494 r12=8383 r13=047C r14=0000 r15=43E8
t=74.626447000 pc=0002091C fcw=D8E8 r0=0103 r1=010F r2=0000 r3=12F8 r4=3D00 r5=2FFC r6=0000 r7=0000 r8=7F06 r9=D848 r10=D8E8 r11=0494 r12=8383 r13=047C r14=0000 r15=43E8
t=74.626448500 pc=0002091E fcw=D8E8 r0=010F r1=0103 r2=0000 r3=12F8 r4=3D00 r5=2FFC r6=0000 r7=0000 r8=7F06 r9=D848 r10=D8E8 r11=0494 r12=8383 r13=047C r14=0000 r15=43E8
t=74.626451250 pc=00020920 fcw=D8E8 r0=010F r1=0103 r2=0000 r3=12F8 r4=3D00 r5=2FFC r6=0000 r7=0000 r8=7F06 r9=D848 r10=D8E8 r11=0494 r12=8383 r13=047C r14=0000 r15=43E8
t=74.626452750 pc=00020912 fcw=D8E8 r0=010F r1=0103 r2=0000 r3=12F8 r4=3D00 r5=2FFC r6=0000 r7=0000 r8=7F06 r9=D848 r10=D8E8 r11=0494 r12=8383 r13=047C r14=0000 r15=43E8
t=74.626454500 pc=00020914 fcw=D8E8 r0=010F r1=0103 r2=0000 r3=12F8 r4=3D00 r5=2FFC r6=0000 r7=0000 r8=7F06 r9=D848 r10=D8E8 r11=0494 r12=8383 r13=047C r14=0000 r15=43E8
t=74.626456250 pc=00020916 fcw=D8E8 r0=010F r1=0103 r2=0000 r3=12F8 r4=3D00 r5=2FFC r6=0000 r7=0000 r8=7F06 r9=D848 r10=D8E8 r11=0494 r12=8383 r13=047C r14=0000 r15=43E8
t=74.626459750 pc=0002091A fcw=D8E8 r0=010F r1=0103 r2=0000 r3=12F8 r4=3D00 r5=2FFC r6=0000 r7=0000 r8=7F06 r9=D848 r10=D8E8 r11=0494 r12=8383 r13=047C r14=0000 r15=43E8
t=74.626461750 pc=0002091C fcw=D8E8 r0=010F r1=0103 r2=0000 r3=12F8 r4=3D00 r5=2FFC r6=0000 r7=0000 r8=7F06 r9=D848 r10=D8E8 r11=0494 r12=8383 r13=047C r14=0000 r15=43E8
t=74.626463250 pc=0002091E fcw=D8E8 r0=0103 r1=010F r2=0000 r3=12F8 r4=3D00 r5=2FFC r6=0000 r7=0000 r8=7F06 r9=D848 r10=D8E8 r11=0494 r12=8383 r13=047C r14=0000 r15=43E8
t=74.626466000 pc=00020920 fcw=D8E8 r0=0103 r1=010F r2=0000 r3=12F8 r4=3D00 r5=2FFC r6=0000 r7=0000 r8=7F06 r9=D848 r10=D8E8 r11=0494 r12=8383 r13=047C r14=0000 r15=43E8
t=74.626467500 pc=00020912 fcw=D8E8 r0=0103 r1=010F r2=0000 r3=12F8 r4=3D00 r5=2FFC r6=0000 r7=0000 r8=7F06 r9=D848 r10=D8E8 r11=0494 r12=8383 r13=047C r14=0000 r15=43E8
t=74.626469250 pc=00020914 fcw=D8E8 r0=0103 r1=010F r2=0000 r3=12F8 r4=3D00 r5=2FFC r6=0000 r7=0000 r8=7F06 r9=D848 r10=D8E8 r11=0494 r12=8383 r13=047C r14=0000 r15=43E8
t=74.626471000 pc=00020916 fcw=D8E8 r0=0103 r1=010F r2=0000 r3=12F8 r4=3D00 r5=2FFC r6=0000 r7=0000 r8=7F06 r9=D848 r10=D8E8 r11=0494 r12=8383 r13=047C r14=0000 r15=43E8
t=74.626474500 pc=0002091A fcw=D8E8 r0=0103 r1=010F r2=0000 r3=12F8 r4=3D00 r5=2FFC r6=0000 r7=0000 r8=7F06 r9=D848 r10=D8E8 r11=0494 r12=8383 r13=047C r14=0000 r15=43E8
t=74.626476500 pc=0002091C fcw=D8E8 r0=0103 r1=010F r2=0000 r3=12F8 r4=3D00 r5=2FFC r6=0000 r7=0000 r8=7F06 r9=D848 r10=D8E8 r11=0494 r12=8383 r13=047C r14=0000 r15=43E8
t=74.626478000 pc=0002091E fcw=D8E8 r0=010F r1=0103 r2=0000 r3=12F8 r4=3D00 r5=2FFC r6=0000 r7=0000 r8=7F06 r9=D848 r10=D8E8 r11=0494 r12=8383 r13=047C r14=0000 r15=43E8
t=74.626480750 pc=00020920 fcw=D8E8 r0=010F r1=0103 r2=0000 r3=12F8 r4=3D00 r5=2FFC r6=0000 r7=0000 r8=7F06 r9=D848 r10=D8E8 r11=0494 r12=8383 r13=047C r14=0000 r15=43E8
t=74.626482250 pc=00020912 fcw=D8E8 r0=010F r1=0103 r2=0000 r3=12F8 r4=3D00 r5=2FFC r6=0000 r7=0000 r8=7F06 r9=D848 r10=D8E8 r11=0494 r12=8383 r13=047C r14=0000 r15=43E8
t=74.626484000 pc=00020914 fcw=D8E8 r0=010F r1=0103 r2=0000 r3=12F8 r4=3D00 r5=2FFC r6=0000 r7=0000 r8=7F06 r9=D848 r10=D8E8 r11=0494 r12=8383 r13=047C r14=0000 r15=43E8
t=74.626485750 pc=00020916 fcw=D8E8 r0=010F r1=0103 r2=0000 r3=12F8 r4=3D00 r5=2FFC r6=0000 r7=0000 r8=7F06 r9=D848 r10=D8E8 r11=0494 r12=8383 r13=047C r14=0000 r15=43E8
t=74.626489250 pc=0002091A fcw=D8E8 r0=010F r1=0103 r2=0000 r3=12F8 r4=3D00 r5=2FFC r6=0000 r7=0000 r8=7F06 r9=D848 r10=D8E8 r11=0494 r12=8383 r13=047C r14=0000 r15=43E8
t=74.626491250 pc=0002091C fcw=D8E8 r0=010F r1=0103 r2=0000 r3=12F8 r4=3D00 r5=2FFC r6=0000 r7=0000 r8=7F06 r9=D848 r10=D8E8 r11=0494 r12=8383 r13=047C r14=0000 r15=43E8
t=74.626492750 pc=0002091E fcw=D8E8 r0=0103 r1=010F r2=0000 r3=12F8 r4=3D00 r5=2FFC r6=0000 r7=0000 r8=7F06 r9=D848 r10=D8E8 r11=0494 r12=8383 r13=047C r14=0000 r15=43E8
t=74.626495500 pc=00020920 fcw=D8E8 r0=0103 r1=010F r2=0000 r3=12F8 r4=3D00 r5=2FFC r6=0000 r7=0000 r8=7F06 r9=D848 r10=D8E8 r11=0494 r12=8383 r13=047C r14=0000 r15=43E8
t=74.626497000 pc=00020912 fcw=D8E8 r0=0103 r1=010F r2=0000 r3=12F8 r4=3D00 r5=2FFC r6=0000 r7=0000 r8=7F06 r9=D848 r10=D8E8 r11=0494 r12=8383 r13=047C r14=0000 r15=43E8
t=74.626498750 pc=00020914 fcw=D8E8 r0=0103 r1=010F r2=0000 r3=12F8 r4=3D00 r5=2FFC r6=0000 r7=0000 r8=7F06 r9=D848 r10=D8E8 r11=0494 r12=8383 r13=047C r14=0000 r15=43E8
t=74.626500500 pc=00020916 fcw=D8E8 r0=0103 r1=010F r2=0000 r3=12F8 r4=3D00 r5=2FFC r6=0000 r7=0000 r8=7F06 r9=D848 r10=D8E8 r11=0494 r12=8383 r13=047C r14=0000 r15=43E8
t=74.626504000 pc=0002091A fcw=D8E8 r0=0103 r1=010F r2=0000 r3=12F8 r4=3D00 r5=2FFC r6=0000 r7=0000 r8=7F06 r9=D848 r10=D8E8 r11=0494 r12=8383 r13=047C r14=0000 r15=43E8
t=74.626506000 pc=0002091C fcw=D8E8 r0=0103 r1=010F r2=0000 r3=12F8 r4=3D00 r5=2FFC r6=0000 r7=0000 r8=7F06 r9=D848 r10=D8E8 r11=0494 r12=8383 r13=047C r14=0000 r15=43E8
t=74.626507500 pc=0002091E fcw=D8E8 r0=010F r1=0103 r2=0000 r3=12F8 r4=3D00 r5=2FFC r6=0000 r7=0000 r8=7F06 r9=D848 r10=D8E8 r11=0494 r12=8383 r13=047C r14=0000 r15=43E8
t=74.626510250 pc=00020920 fcw=D8E8 r0=010F r1=0103 r2=0000 r3=12F8 r4=3D00 r5=2FFC r6=0000 r7=0000 r8=7F06 r9=D848 r10=D8E8 r11=0494 r12=8383 r13=047C r14=0000 r15=43E8
t=74.626511750 pc=00020912 fcw=D8E8 r0=010F r1=0103 r2=0000 r3=12F8 r4=3D00 r5=2FFC r6=0000 r7=0000 r8=7F06 r9=D848 r10=D8E8 r11=0494 r12=8383 r13=047C r14=0000 r15=43E8
t=74.626513500 pc=00020914 fcw=D8E8 r0=010F r1=0103 r2=0000 r3=12F8 r4=3D00 r5=2FFC r6=0000 r7=0000 r8=7F06 r9=D848 r10=D8E8 r11=0494 r12=8383 r13=047C r14=0000 r15=43E8
t=74.626515250 pc=00020916 fcw=D8E8 r0=010F r1=0103 r2=0000 r3=12F8 r4=3D00 r5=2FFC r6=0000 r7=0000 r8=7F06 r9=D848 r10=D8E8 r11=0494 r12=8383 r13=047C r14=0000 r15=43E8
t=74.626518750 pc=0002091A fcw=D8E8 r0=010F r1=0103 r2=0000 r3=12F8 r4=3D00 r5=2FFC r6=0000 r7=0000 r8=7F06 r9=D848 r10=D8E8 r11=0494 r12=8383 r13=047C r14=0000 r15=43E8
t=74.626520750 pc=0002091C fcw=D8E8 r0=010F r1=0103 r2=0000 r3=12F8 r4=3D00 r5=2FFC r6=0000 r7=0000 r8=7F06 r9=D848 r10=D8E8 r11=0494 r12=8383 r13=047C r14=0000 r15=43E8
t=74.626522250 pc=0002091E fcw=D8E8 r0=0103 r1=010F r2=0000 r3=12F8 r4=3D00 r5=2FFC r6=0000 r7=0000 r8=7F06 r9=D848 r10=D8E8 r11=0494 r12=8383 r13=047C r14=0000 r15=43E8
t=74.626525000 pc=00020920 fcw=D8E8 r0=0103 r1=010F r2=0000 r3=12F8 r4=3D00 r5=2FFC r6=0000 r7=0000 r8=7F06 r9=D848 r10=D8E8 r11=0494 r12=8383 r13=047C r14=0000 r15=43E8
t=74.626526500 pc=00020912 fcw=D8E8 r0=0103 r1=010F r2=0000 r3=12F8 r4=3D00 r5=2FFC r6=0000 r7=0000 r8=7F06 r9=D848 r10=D8E8 r11=0494 r12=8383 r13=047C r14=0000 r15=43E8
t=74.626528250 pc=00020914 fcw=D8E8 r0=0103 r1=010F r2=0000 r3=12F8 r4=3D00 r5=2FFC r6=0000 r7=0000 r8=7F06 r9=D848 r10=D8E8 r11=0494 r12=8383 r13=047C r14=0000 r15=43E8
t=74.626530000 pc=00020916 fcw=D8E8 r0=0103 r1=010F r2=0000 r3=12F8 r4=3D00 r5=2FFC r6=0000 r7=0000 r8=7F06 r9=D848 r10=D8E8 r11=0494 r12=8383 r13=047C r14=0000 r15=43E8
t=74.626533500 pc=0002091A fcw=D8E8 r0=0103 r1=010F r2=0000 r3=12F8 r4=3D00 r5=2FFC r6=0000 r7=0000 r8=7F06 r9=D848 r10=D8E8 r11=0494 r12=8383 r13=047C r14=0000 r15=43E8
t=74.626535500 pc=0002091C fcw=D8E8 r0=0103 r1=010F r2=0000 r3=12F8 r4=3D00 r5=2FFC r6=0000 r7=0000 r8=7F06 r9=D848 r10=D8E8 r11=0494 r12=8383 r13=047C r14=0000 r15=43E8
t=74.626537000 pc=0002091E fcw=D8E8 r0=010F r1=0103 r2=0000 r3=12F8 r4=3D00 r5=2FFC r6=0000 r7=0000 r8=7F06 r9=D848 r10=D8E8 r11=0494 r12=8383 r13=047C r14=0000 r15=43E8
t=74.626539750 pc=00020920 fcw=D8E8 r0=010F r1=0103 r2=0000 r3=12F8 r4=3D00 r5=2FFC r6=0000 r7=0000 r8=7F06 r9=D848 r10=D8E8 r11=0494 r12=8383 r13=047C r14=0000 r15=43E8
t=74.626541250 pc=00020912 fcw=D8E8 r0=010F r1=0103 r2=0000 r3=12F8 r4=3D00 r5=2FFC r6=0000 r7=0000 r8=7F06 r9=D848 r10=D8E8 r11=0494 r12=8383 r13=047C r14=0000 r15=43E8
t=74.626543000 pc=00020914 fcw=D8E8 r0=010F r1=0103 r2=0000 r3=12F8 r4=3D00 r5=2FFC r6=0000 r7=0000 r8=7F06 r9=D848 r10=D8E8 r11=0494 r12=8383 r13=047C r14=0000 r15=43E8
t=74.626544750 pc=00020916 fcw=D8E8 r0=010F r1=0103 r2=0000 r3=12F8 r4=3D00 r5=2FFC r6=0000 r7=0000 r8=7F06 r9=D848 r10=D8E8 r11=0494 r12=8383 r13=047C r14=0000 r15=43E8
t=74.626548250 pc=0002091A fcw=D8E8 r0=010F r1=0103 r2=0000 r3=12F8 r4=3D00 r5=2FFC r6=0000 r7=0000 r8=7F06 r9=D848 r10=D8E8 r11=0494 r12=8383 r13=047C r14=0000 r15=43E8
t=74.626550250 pc=0002091C fcw=D8E8 r0=010F r1=0103 r2=0000 r3=12F8 r4=3D00 r5=2FFC r6=0000 r7=0000 r8=7F06 r9=D848 r10=D8E8 r11=0494 r12=8383 r13=047C r14=0000 r15=43E8
t=74.626551750 pc=0002091E fcw=D8E8 r0=0103 r1=010F r2=0000 r3=12F8 r4=3D00 r5=2FFC r6=0000 r7=0000 r8=7F06 r9=D848 r10=D8E8 r11=0494 r12=8383 r13=047C r14=0000 r15=43E8
t=74.626554500 pc=00020920 fcw=D8E8 r0=0103 r1=010F r2=0000 r3=12F8 r4=3D00 r5=2FFC r6=0000 r7=0000 r8=7F06 r9=D848 r10=D8E8 r11=0494 r12=8383 r13=047C r14=0000 r15=43E8
t=74.626556000 pc=00020912 fcw=D8E8 r0=0103 r1=010F r2=0000 r3=12F8 r4=3D00 r5=2FFC r6=0000 r7=0000 r8=7F06 r9=D848 r10=D8E8 r11=0494 r12=8383 r13=047C r14=0000 r15=43E8
t=74.626557750 pc=00020914 fcw=D8E8 r0=0103 r1=010F r2=0000 r3=12F8 r4=3D00 r5=2FFC r6=0000 r7=0000 r8=7F06 r9=D848 r10=D8E8 r11=0494 r12=8383 r13=047C r14=0000 r15=43E8
t=74.626559500 pc=00020916 fcw=D8E8 r0=0103 r1=010F r2=0000 r3=12F8 r4=3D00 r5=2FFC r6=0000 r7=0000 r8=7F06 r9=D848 r10=D8E8 r11=0494 r12=8383 r13=047C r14=0000 r15=43E8
t=74.626563000 pc=0002091A fcw=D8E8 r0=0103 r1=010F r2=0000 r3=12F8 r4=3D00 r5=2FFC r6=0000 r7=0000 r8=7F06 r9=D848 r10=D8E8 r11=0494 r12=8383 r13=047C r14=0000 r15=43E8
t=74.626565250 pc=0002091C fcw=D8E8 r0=0103 r1=010F r2=0000 r3=12F8 r4=3D00 r5=2FFC r6=0000 r7=0000 r8=7F06 r9=D848 r10=D8E8 r11=0494 r12=8383 r13=047C r14=0000 r15=43E8
t=74.626566750 pc=0002091E fcw=D8E8 r0=010F r1=0103 r2=0000 r3=12F8 r4=3D00 r5=2FFC r6=0000 r7=0000 r8=7F06 r9=D848 r10=D8E8 r11=0494 r12=8383 r13=047C r14=0000 r15=43E8
t=74.626569500 pc=00020920 fcw=D8E8 r0=010F r1=0103 r2=0000 r3=12F8 r4=3D00 r5=2FFC r6=0000 r7=0000 r8=7F06 r9=D848 r10=D8E8 r11=0494 r12=8383 r13=047C r14=0000 r15=43E8
t=74.626571000 pc=00020912 fcw=D8E8 r0=010F r1=0103 r2=0000 r3=12F8 r4=3D00 r5=2FFC r6=0000 r7=0000 r8=7F06 r9=D848 r10=D8E8 r11=0494 r12=8383 r13=047C r14=0000 r15=43E8
t=74.626572750 pc=00020914 fcw=D8E8 r0=010F r1=0103 r2=0000 r3=12F8 r4=3D00 r5=2FFC r6=0000 r7=0000 r8=7F06 r9=D848 r10=D8E8 r11=0494 r12=8383 r13=047C r14=0000 r15=43E8
t=74.626574500 pc=00020916 fcw=D8E8 r0=010F r1=0103 r2=0000 r3=12F8 r4=3D00 r5=2FFC r6=0000 r7=0000 r8=7F06 r9=D848 r10=D8E8 r11=0494 r12=8383 r13=047C r14=0000 r15=43E8
t=74.626578000 pc=0002091A fcw=D8E8 r0=010F r1=0103 r2=0000 r3=12F8 r4=3D00 r5=2FFC r6=0000 r7=0000 r8=7F06 r9=D848 r10=D8E8 r11=0494 r12=8383 r13=047C r14=0000 r15=43E8
t=74.626580000 pc=0002091C fcw=D8E8 r0=010F r1=0103 r2=0000 r3=12F8 r4=3D00 r5=2FFC r6=0000 r7=0000 r8=7F06 r9=D848 r10=D8E8 r11=0494 r12=8383 r13=047C r14=0000 r15=43E8
t=74.626581500 pc=0002091E fcw=D8E8 r0=0103 r1=010F r2=0000 r3=12F8 r4=3D00 r5=2FFC r6=0000 r7=0000 r8=7F06 r9=D848 r10=D8E8 r11=0494 r12=8383 r13=047C r14=0000 r15=43E8
t=74.626584250 pc=00020920 fcw=D8E8 r0=0103 r1=010F r2=0000 r3=12F8 r4=3D00 r5=2FFC r6=0000 r7=0000 r8=7F06 r9=D848 r10=D8E8 r11=0494 r12=8383 r13=047C r14=0000 r15=43E8
t=74.626585750 pc=00020912 fcw=D8E8 r0=0103 r1=010F r2=0000 r3=12F8 r4=3D00 r5=2FFC r6=0000 r7=0000 r8=7F06 r9=D848 r10=D8E8 r11=0494 r12=8383 r13=047C r14=0000 r15=43E8
t=74.626587500 pc=00020914 fcw=D8E8 r0=0103 r1=010F r2=0000 r3=12F8 r4=3D00 r5=2FFC r6=0000 r7=0000 r8=7F06 r9=D848 r10=D8E8 r11=0494 r12=8383 r13=047C r14=0000 r15=43E8
t=74.626589250 pc=00020916 fcw=D8E8 r0=0103 r1=010F r2=0000 r3=12F8 r4=3D00 r5=2FFC r6=0000 r7=0000 r8=7F06 r9=D848 r10=D8E8 r11=0494 r12=8383 r13=047C r14=0000 r15=43E8
t=74.626592750 pc=0002091A fcw=D8E8 r0=0103 r1=010F r2=0000 r3=12F8 r4=3D00 r5=2FFC r6=0000 r7=0000 r8=7F06 r9=D848 r10=D8E8 r11=0494 r12=8383 r13=047C r14=0000 r15=43E8
t=74.626594750 pc=0002091C fcw=D8E8 r0=0103 r1=010F r2=0000 r3=12F8 r4=3D00 r5=2FFC r6=0000 r7=0000 r8=7F06 r9=D848 r10=D8E8 r11=0494 r12=8383 r13=047C r14=0000 r15=43E8
t=74.626596250 pc=0002091E fcw=D8E8 r0=010F r1=0103 r2=0000 r3=12F8 r4=3D00 r5=2FFC r6=0000 r7=0000 r8=7F06 r9=D848 r10=D8E8 r11=0494 r12=8383 r13=047C r14=0000 r15=43E8
t=74.626599000 pc=00020920 fcw=D8E8 r0=010F r1=0103 r2=0000 r3=12F8 r4=3D00 r5=2FFC r6=0000 r7=0000 r8=7F06 r9=D848 r10=D8E8 r11=0494 r12=8383 r13=047C r14=0000 r15=43E8
t=74.626600500 pc=00020912 fcw=D8E8 r0=010F r1=0103 r2=0000 r3=12F8 r4=3D00 r5=2FFC r6=0000 r7=0000 r8=7F06 r9=D848 r10=D8E8 r11=0494 r12=8383 r13=047C r14=0000 r15=43E8
t=74.626602250 pc=00020914 fcw=D8E8 r0=010F r1=0103 r2=0000 r3=12F8 r4=3D00 r5=2FFC r6=0000 r7=0000 r8=7F06 r9=D848 r10=D8E8 r11=0494 r12=8383 r13=047C r14=0000 r15=43E8
t=74.626604000 pc=00020916 fcw=D8E8 r0=010F r1=0103 r2=0000 r3=12F8 r4=3D00 r5=2FFC r6=0000 r7=0000 r8=7F06 r9=D848 r10=D8E8 r11=0494 r12=8383 r13=047C r14=0000 r15=43E8
t=74.626607500 pc=0002091A fcw=D8E8 r0=010F r1=0103 r2=0000 r3=12F8 r4=3D00 r5=2FFC r6=0000 r7=0000 r8=7F06 r9=D848 r10=D8E8 r11=0494 r12=8383 r13=047C r14=0000 r15=43E8
t=74.626609500 pc=0002091C fcw=D8E8 r0=010F r1=0103 r2=0000 r3=12F8 r4=3D00 r5=2FFC r6=0000 r7=0000 r8=7F06 r9=D848 r10=D8E8 r11=0494 r12=8383 r13=047C r14=0000 r15=43E8
t=74.626611000 pc=0002091E fcw=D8E8 r0=0103 r1=010F r2=0000 r3=12F8 r4=3D00 r5=2FFC r6=0000 r7=0000 r8=7F06 r9=D848 r10=D8E8 r11=0494 r12=8383 r13=047C r14=0000 r15=43E8
t=74.626613750 pc=00020920 fcw=D8E8 r0=0103 r1=010F r2=0000 r3=12F8 r4=3D00 r5=2FFC r6=0000 r7=0000 r8=7F06 r9=D848 r10=D8E8 r11=0494 r12=8383 r13=047C r14=0000 r15=43E8
t=74.626615250 pc=00020912 fcw=D8E8 r0=0103 r1=010F r2=0000 r3=12F8 r4=3D00 r5=2FFC r6=0000 r7=0000 r8=7F06 r9=D848 r10=D8E8 r11=0494 r12=8383 r13=047C r14=0000 r15=43E8
t=74.626617000 pc=00020914 fcw=D8E8 r0=0103 r1=010F r2=0000 r3=12F8 r4=3D00 r5=2FFC r6=0000 r7=0000 r8=7F06 r9=D848 r10=D8E8 r11=0494 r12=8383 r13=047C r14=0000 r15=43E8
t=74.626618750 pc=00020916 fcw=D8E8 r0=0103 r1=010F r2=0000 r3=12F8 r4=3D00 r5=2FFC r6=0000 r7=0000 r8=7F06 r9=D848 r10=D8E8 r11=0494 r12=8383 r13=047C r14=0000 r15=43E8
t=74.626622250 pc=0002091A fcw=D8E8 r0=0103 r1=010F r2=0000 r3=12F8 r4=3D00 r5=2FFC r6=0000 r7=0000 r8=7F06 r9=D848 r10=D8E8 r11=0494 r12=8383 r13=047C r14=0000 r15=43E8
t=74.626624250 pc=0002091C fcw=D8E8 r0=0103 r1=010F r2=0000 r3=12F8 r4=3D00 r5=2FFC r6=0000 r7=0000 r8=7F06 r9=D848 r10=D8E8 r11=0494 r12=8383 r13=047C r14=0000 r15=43E8
t=74.626625750 pc=0002091E fcw=D8E8 r0=010F r1=0103 r2=0000 r3=12F8 r4=3D00 r5=2FFC r6=0000 r7=0000 r8=7F06 r9=D848 r10=D8E8 r11=0494 r12=8383 r13=047C r14=0000 r15=43E8
t=74.626628500 pc=00020920 fcw=D8E8 r0=010F r1=0103 r2=0000 r3=12F8 r4=3D00 r5=2FFC r6=0000 r7=0000 r8=7F06 r9=D848 r10=D8E8 r11=0494 r12=8383 r13=047C r14=0000 r15=43E8
t=74.626630000 pc=00020912 fcw=D8E8 r0=010F r1=0103 r2=0000 r3=12F8 r4=3D00 r5=2FFC r6=0000 r7=0000 r8=7F06 r9=D848 r10=D8E8 r11=0494 r12=8383 r13=047C r14=0000 r15=43E8
t=74.626631750 pc=00020914 fcw=D8E8 r0=010F r1=0103 r2=0000 r3=12F8 r4=3D00 r5=2FFC r6=0000 r7=0000 r8=7F06 r9=D848 r10=D8E8 r11=0494 r12=8383 r13=047C r14=0000 r15=43E8
t=74.626633500 pc=00020916 fcw=D8E8 r0=010F r1=0103 r2=0000 r3=12F8 r4=3D00 r5=2FFC r6=0000 r7=0000 r8=7F06 r9=D848 r10=D8E8 r11=0494 r12=8383 r13=047C r14=0000 r15=43E8
t=74.626637000 pc=0002091A fcw=D8E8 r0=010F r1=0103 r2=0000 r3=12F8 r4=3D00 r5=2FFC r6=0000 r7=0000 r8=7F06 r9=D848 r10=D8E8 r11=0494 r12=8383 r13=047C r14=0000 r15=43E8
t=74.626639000 pc=0002091C fcw=D8E8 r0=010F r1=0103 r2=0000 r3=12F8 r4=3D00 r5=2FFC r6=0000 r7=0000 r8=7F06 r9=D848 r10=D8E8 r11=0494 r12=8383 r13=047C r14=0000 r15=43E8
t=74.626640500 pc=0002091E fcw=D8E8 r0=0103 r1=010F r2=0000 r3=12F8 r4=3D00 r5=2FFC r6=0000 r7=0000 r8=7F06 r9=D848 r10=D8E8 r11=0494 r12=8383 r13=047C r14=0000 r15=43E8
t=74.626643250 pc=00020920 fcw=D8E8 r0=0103 r1=010F r2=0000 r3=12F8 r4=3D00 r5=2FFC r6=0000 r7=0000 r8=7F06 r9=D848 r10=D8E8 r11=0494 r12=8383 r13=047C r14=0000 r15=43E8
t=74.626644750 pc=00020912 fcw=D8E8 r0=0103 r1=010F r2=0000 r3=12F8 r4=3D00 r5=2FFC r6=0000 r7=0000 r8=7F06 r9=D848 r10=D8E8 r11=0494 r12=8383 r13=047C r14=0000 r15=43E8
t=74.626646500 pc=00020914 fcw=D8E8 r0=0103 r1=010F r2=0000 r3=12F8 r4=3D00 r5=2FFC r6=0000 r7=0000 r8=7F06 r9=D848 r10=D8E8 r11=0494 r12=8383 r13=047C r14=0000 r15=43E8
t=74.626648250 pc=00020916 fcw=D8E8 r0=0103 r1=010F r2=0000 r3=12F8 r4=3D00 r5=2FFC r6=0000 r7=0000 r8=7F06 r9=D848 r10=D8E8 r11=0494 r12=8383 r13=047C r14=0000 r15=43E8
t=74.626651750 pc=0002091A fcw=D8E8 r0=0103 r1=010F r2=0000 r3=12F8 r4=3D00 r5=2FFC r6=0000 r7=0000 r8=7F06 r9=D848 r10=D8E8 r11=0494 r12=8383 r13=047C r14=0000 r15=43E8
t=74.626653750 pc=0002091C fcw=D8E8 r0=0103 r1=010F r2=0000 r3=12F8 r4=3D00 r5=2FFC r6=0000 r7=0000 r8=7F06 r9=D848 r10=D8E8 r11=0494 r12=8383 r13=047C r14=0000 r15=43E8
t=74.626655250 pc=0002091E fcw=D8E8 r0=010F r1=0103 r2=0000 r3=12F8 r4=3D00 r5=2FFC r6=0000 r7=0000 r8=7F06 r9=D848 r10=D8E8 r11=0494 r12=8383 r13=047C r14=0000 r15=43E8
t=74.626658000 pc=00020920 fcw=D8E8 r0=010F r1=0103 r2=0000 r3=12F8 r4=3D00 r5=2FFC r6=0000 r7=0000 r8=7F06 r9=D848 r10=D8E8 r11=0494 r12=8383 r13=047C r14=0000 r15=43E8
t=74.626659500 pc=00020912 fcw=D8E8 r0=010F r1=0103 r2=0000 r3=12F8 r4=3D00 r5=2FFC r6=0000 r7=0000 r8=7F06 r9=D848 r10=D8E8 r11=0494 r12=8383 r13=047C r14=0000 r15=43E8
t=74.626661250 pc=00020914 fcw=D8E8 r0=010F r1=0103 r2=0000 r3=12F8 r4=3D00 r5=2FFC r6=0000 r7=0000 r8=7F06 r9=D848 r10=D8E8 r11=0494 r12=8383 r13=047C r14=0000 r15=43E8
t=74.626663000 pc=00020916 fcw=D8E8 r0=010F r1=0103 r2=0000 r3=12F8 r4=3D00 r5=2FFC r6=0000 r7=0000 r8=7F06 r9=D848 r10=D8E8 r11=0494 r12=8383 r13=047C r14=0000 r15=43E8
t=74.626666500 pc=0002091A fcw=D8E8 r0=010F r1=0103 r2=0000 r3=12F8 r4=3D00 r5=2FFC r6=0000 r7=0000 r8=7F06 r9=D848 r10=D8E8 r11=0494 r12=8383 r13=047C r14=0000 r15=43E8
t=74.626668500 pc=0002091C fcw=D8E8 r0=010F r1=0103 r2=0000 r3=12F8 r4=3D00 r5=2FFC r6=0000 r7=0000 r8=7F06 r9=D848 r10=D8E8 r11=0494 r12=8383 r13=047C r14=0000 r15=43E8
t=74.626670000 pc=0002091E fcw=D8E8 r0=0103 r1=010F r2=0000 r3=12F8 r4=3D00 r5=2FFC r6=0000 r7=0000 r8=7F06 r9=D848 r10=D8E8 r11=0494 r12=8383 r13=047C r14=0000 r15=43E8
t=74.626672750 pc=00020920 fcw=D8E8 r0=0103 r1=010F r2=0000 r3=12F8 r4=3D00 r5=2FFC r6=0000 r7=0000 r8=7F06 r9=D848 r10=D8E8 r11=0494 r12=8383 r13=047C r14=0000 r15=43E8
t=74.626674250 pc=00020912 fcw=D8E8 r0=0103 r1=010F r2=0000 r3=12F8 r4=3D00 r5=2FFC r6=0000 r7=0000 r8=7F06 r9=D848 r10=D8E8 r11=0494 r12=8383 r13=047C r14=0000 r15=43E8
t=74.626676000 pc=00020914 fcw=D8E8 r0=0103 r1=010F r2=0000 r3=12F8 r4=3D00 r5=2FFC r6=0000 r7=0000 r8=7F06 r9=D848 r10=D8E8 r11=0494 r12=8383 r13=047C r14=0000 r15=43E8
t=74.626677750 pc=00020916 fcw=D8E8 r0=0103 r1=010F r2=0000 r3=12F8 r4=3D00 r5=2FFC r6=0000 r7=0000 r8=7F06 r9=D848 r10=D8E8 r11=0494 r12=8383 r13=047C r14=0000 r15=43E8
t=74.626681250 pc=0002091A fcw=D8E8 r0=0103 r1=010F r2=0000 r3=12F8 r4=3D00 r5=2FFC r6=0000 r7=0000 r8=7F06 r9=D848 r10=D8E8 r11=0494 r12=8383 r13=047C r14=0000 r15=43E8
t=74.626683250 pc=0002091C fcw=D8E8 r0=0103 r1=010F r2=0000 r3=12F8 r4=3D00 r5=2FFC r6=0000 r7=0000 r8=7F06 r9=D848 r10=D8E8 r11=0494 r12=8383 r13=047C r14=0000 r15=43E8
t=74.626684750 pc=0002091E fcw=D8E8 r0=010F r1=0103 r2=0000 r3=12F8 r4=3D00 r5=2FFC r6=0000 r7=0000 r8=7F06 r9=D848 r10=D8E8 r11=0494 r12=8383 r13=047C r14=0000 r15=43E8
t=74.626687500 pc=00020920 fcw=D8E8 r0=010F r1=0103 r2=0000 r3=12F8 r4=3D00 r5=2FFC r6=0000 r7=0000 r8=7F06 r9=D848 r10=D8E8 r11=0494 r12=8383 r13=047C r14=0000 r15=43E8
t=74.626689000 pc=00020912 fcw=D8E8 r0=010F r1=0103 r2=0000 r3=12F8 r4=3D00 r5=2FFC r6=0000 r7=0000 r8=7F06 r9=D848 r10=D8E8 r11=0494 r12=8383 r13=047C r14=0000 r15=43E8
t=74.626690750 pc=00020914 fcw=D8E8 r0=010F r1=0103 r2=0000 r3=12F8 r4=3D00 r5=2FFC r6=0000 r7=0000 r8=7F06 r9=D848 r10=D8E8 r11=0494 r12=8383 r13=047C r14=0000 r15=43E8
t=74.626692500 pc=00020916 fcw=D8E8 r0=010F r1=0103 r2=0000 r3=12F8 r4=3D00 r5=2FFC r6=0000 r7=0000 r8=7F06 r9=D848 r10=D8E8 r11=0494 r12=8383 r13=047C r14=0000 r15=43E8
t=74.626696000 pc=0002091A fcw=D8E8 r0=010F r1=0103 r2=0000 r3=12F8 r4=3D00 r5=2FFC r6=0000 r7=0000 r8=7F06 r9=D848 r10=D8E8 r11=0494 r12=8383 r13=047C r14=0000 r15=43E8
t=74.626698000 pc=0002091C fcw=D8E8 r0=010F r1=0103 r2=0000 r3=12F8 r4=3D00 r5=2FFC r6=0000 r7=0000 r8=7F06 r9=D848 r10=D8E8 r11=0494 r12=8383 r13=047C r14=0000 r15=43E8
t=74.626699500 pc=0002091E fcw=D8E8 r0=0103 r1=010F r2=0000 r3=12F8 r4=3D00 r5=2FFC r6=0000 r7=0000 r8=7F06 r9=D848 r10=D8E8 r11=0494 r12=8383 r13=047C r14=0000 r15=43E8
t=74.626702250 pc=00020920 fcw=D8E8 r0=0103 r1=010F r2=0000 r3=12F8 r4=3D00 r5=2FFC r6=0000 r7=0000 r8=7F06 r9=D848 r10=D8E8 r11=0494 r12=8383 r13=047C r14=0000 r15=43E8
t=74.626703750 pc=00020912 fcw=D8E8 r0=0103 r1=010F r2=0000 r3=12F8 r4=3D00 r5=2FFC r6=0000 r7=0000 r8=7F06 r9=D848 r10=D8E8 r11=0494 r12=8383 r13=047C r14=0000 r15=43E8
t=74.626705500 pc=00020914 fcw=D8E8 r0=0103 r1=010F r2=0000 r3=12F8 r4=3D00 r5=2FFC r6=0000 r7=0000 r8=7F06 r9=D848 r10=D8E8 r11=0494 r12=8383 r13=047C r14=0000 r15=43E8
t=74.626707250 pc=00020916 fcw=D8E8 r0=0103 r1=010F r2=0000 r3=12F8 r4=3D00 r5=2FFC r6=0000 r7=0000 r8=7F06 r9=D848 r10=D8E8 r11=0494 r12=8383 r13=047C r14=0000 r15=43E8
t=74.626710750 pc=0002091A fcw=D8E8 r0=0103 r1=010F r2=0000 r3=12F8 r4=3D00 r5=2FFC r6=0000 r7=0000 r8=7F06 r9=D848 r10=D8E8 r11=0494 r12=8383 r13=047C r14=0000 r15=43E8
t=74.626712750 pc=0002091C fcw=D8E8 r0=0103 r1=010F r2=0000 r3=12F8 r4=3D00 r5=2FFC r6=0000 r7=0000 r8=7F06 r9=D848 r10=D8E8 r11=0494 r12=8383 r13=047C r14=0000 r15=43E8
t=74.626714250 pc=0002091E fcw=D8E8 r0=010F r1=0103 r2=0000 r3=12F8 r4=3D00 r5=2FFC r6=0000 r7=0000 r8=7F06 r9=D848 r10=D8E8 r11=0494 r12=8383 r13=047C r14=0000 r15=43E8
t=74.626717000 pc=00020920 fcw=D8E8 r0=010F r1=0103 r2=0000 r3=12F8 r4=3D00 r5=2FFC r6=0000 r7=0000 r8=7F06 r9=D848 r10=D8E8 r11=0494 r12=8383 r13=047C r14=0000 r15=43E8
t=74.626718500 pc=00020912 fcw=D8E8 r0=010F r1=0103 r2=0000 r3=12F8 r4=3D00 r5=2FFC r6=0000 r7=0000 r8=7F06 r9=D848 r10=D8E8 r11=0494 r12=8383 r13=047C r14=0000 r15=43E8
t=74.626720250 pc=00020914 fcw=D8E8 r0=010F r1=0103 r2=0000 r3=12F8 r4=3D00 r5=2FFC r6=0000 r7=0000 r8=7F06 r9=D848 r10=D8E8 r11=0494 r12=8383 r13=047C r14=0000 r15=43E8
t=74.626722000 pc=00020916 fcw=D8E8 r0=010F r1=0103 r2=0000 r3=12F8 r4=3D00 r5=2FFC r6=0000 r7=0000 r8=7F06 r9=D848 r10=D8E8 r11=0494 r12=8383 r13=047C r14=0000 r15=43E8
t=74.626725500 pc=0002091A fcw=D8E8 r0=010F r1=0103 r2=0000 r3=12F8 r4=3D00 r5=2FFC r6=0000 r7=0000 r8=7F06 r9=D848 r10=D8E8 r11=0494 r12=8383 r13=047C r14=0000 r15=43E8
t=74.626727500 pc=0002091C fcw=D8E8 r0=010F r1=0103 r2=0000 r3=12F8 r4=3D00 r5=2FFC r6=0000 r7=0000 r8=7F06 r9=D848 r10=D8E8 r11=0494 r12=8383 r13=047C r14=0000 r15=43E8
t=74.626729000 pc=0002091E fcw=D8E8 r0=0103 r1=010F r2=0000 r3=12F8 r4=3D00 r5=2FFC r6=0000 r7=0000 r8=7F06 r9=D848 r10=D8E8 r11=0494 r12=8383 r13=047C r14=0000 r15=43E8
t=74.626731750 pc=00020920 fcw=D8E8 r0=0103 r1=010F r2=0000 r3=12F8 r4=3D00 r5=2FFC r6=0000 r7=0000 r8=7F06 r9=D848 r10=D8E8 r11=0494 r12=8383 r13=047C r14=0000 r15=43E8
t=74.626733250 pc=00020912 fcw=D8E8 r0=0103 r1=010F r2=0000 r3=12F8 r4=3D00 r5=2FFC r6=0000 r7=0000 r8=7F06 r9=D848 r10=D8E8 r11=0494 r12=8383 r13=047C r14=0000 r15=43E8
t=74.626735000 pc=00020914 fcw=D8E8 r0=0103 r1=010F r2=0000 r3=12F8 r4=3D00 r5=2FFC r6=0000 r7=0000 r8=7F06 r9=D848 r10=D8E8 r11=0494 r12=8383 r13=047C r14=0000 r15=43E8
t=74.626736750 pc=00020916 fcw=D8E8 r0=0103 r1=010F r2=0000 r3=12F8 r4=3D00 r5=2FFC r6=0000 r7=0000 r8=7F06 r9=D848 r10=D8E8 r11=0494 r12=8383 r13=047C r14=0000 r15=43E8
t=74.626740250 pc=0002091A fcw=D8E8 r0=0103 r1=010F r2=0000 r3=12F8 r4=3D00 r5=2FFC r6=0000 r7=0000 r8=7F06 r9=D848 r10=D8E8 r11=0494 r12=8383 r13=047C r14=0000 r15=43E8
t=74.626742250 pc=0002091C fcw=D8E8 r0=0103 r1=010F r2=0000 r3=12F8 r4=3D00 r5=2FFC r6=0000 r7=0000 r8=7F06 r9=D848 r10=D8E8 r11=0494 r12=8383 r13=047C r14=0000 r15=43E8
t=74.626743750 pc=0002091E fcw=D8E8 r0=010F r1=0103 r2=0000 r3=12F8 r4=3D00 r5=2FFC r6=0000 r7=0000 r8=7F06 r9=D848 r10=D8E8 r11=0494 r12=8383 r13=047C r14=0000 r15=43E8
t=74.626746500 pc=00020920 fcw=D8E8 r0=010F r1=0103 r2=0000 r3=12F8 r4=3D00 r5=2FFC r6=0000 r7=0000 r8=7F06 r9=D848 r10=D8E8 r11=0494 r12=8383 r13=047C r14=0000 r15=43E8
t=74.626748000 pc=00020912 fcw=D8E8 r0=010F r1=0103 r2=0000 r3=12F8 r4=3D00 r5=2FFC r6=0000 r7=0000 r8=7F06 r9=D848 r10=D8E8 r11=0494 r12=8383 r13=047C r14=0000 r15=43E8
t=74.626749750 pc=00020914 fcw=D8E8 r0=010F r1=0103 r2=0000 r3=12F8 r4=3D00 r5=2FFC r6=0000 r7=0000 r8=7F06 r9=D848 r10=D8E8 r11=0494 r12=8383 r13=047C r14=0000 r15=43E8
t=74.626751500 pc=00020916 fcw=D8E8 r0=010F r1=0103 r2=0000 r3=12F8 r4=3D00 r5=2FFC r6=0000 r7=0000 r8=7F06 r9=D848 r10=D8E8 r11=0494 r12=8383 r13=047C r14=0000 r15=43E8
t=74.626755000 pc=0002091A fcw=D8E8 r0=010F r1=0103 r2=0000 r3=12F8 r4=3D00 r5=2FFC r6=0000 r7=0000 r8=7F06 r9=D848 r10=D8E8 r11=0494 r12=8383 r13=047C r14=0000 r15=43E8
t=74.626757250 pc=0002091C fcw=D8E8 r0=010F r1=0103 r2=0000 r3=12F8 r4=3D00 r5=2FFC r6=0000 r7=0000 r8=7F06 r9=D848 r10=D8E8 r11=0494 r12=8383 r13=047C r14=0000 r15=43E8
t=74.626758750 pc=0002091E fcw=D8E8 r0=0103 r1=010F r2=0000 r3=12F8 r4=3D00 r5=2FFC r6=0000 r7=0000 r8=7F06 r9=D848 r10=D8E8 r11=0494 r12=8383 r13=047C r14=0000 r15=43E8
t=74.626761500 pc=00020920 fcw=D8E8 r0=0103 r1=010F r2=0000 r3=12F8 r4=3D00 r5=2FFC r6=0000 r7=0000 r8=7F06 r9=D848 r10=D8E8 r11=0494 r12=8383 r13=047C r14=0000 r15=43E8
t=74.626763000 pc=00020912 fcw=D8E8 r0=0103 r1=010F r2=0000 r3=12F8 r4=3D00 r5=2FFC r6=0000 r7=0000 r8=7F06 r9=D848 r10=D8E8 r11=0494 r12=8383 r13=047C r14=0000 r15=43E8
t=74.626764750 pc=00020914 fcw=D8E8 r0=0103 r1=010F r2=0000 r3=12F8 r4=3D00 r5=2FFC r6=0000 r7=0000 r8=7F06 r9=D848 r10=D8E8 r11=0494 r12=8383 r13=047C r14=0000 r15=43E8
t=74.626766500 pc=00020916 fcw=D8E8 r0=0103 r1=010F r2=0000 r3=12F8 r4=3D00 r5=2FFC r6=0000 r7=0000 r8=7F06 r9=D848 r10=D8E8 r11=0494 r12=8383 r13=047C r14=0000 r15=43E8
t=74.626770000 pc=0002091A fcw=D8E8 r0=0103 r1=010F r2=0000 r3=12F8 r4=3D00 r5=2FFC r6=0000 r7=0000 r8=7F06 r9=D848 r10=D8E8 r11=0494 r12=8383 r13=047C r14=0000 r15=43E8
t=74.626772000 pc=0002091C fcw=D8E8 r0=0103 r1=010F r2=0000 r3=12F8 r4=3D00 r5=2FFC r6=0000 r7=0000 r8=7F06 r9=D848 r10=D8E8 r11=0494 r12=8383 r13=047C r14=0000 r15=43E8
t=74.626773500 pc=0002091E fcw=D8E8 r0=010F r1=0103 r2=0000 r3=12F8 r4=3D00 r5=2FFC r6=0000 r7=0000 r8=7F06 r9=D848 r10=D8E8 r11=0494 r12=8383 r13=047C r14=0000 r15=43E8
t=74.626776250 pc=00020920 fcw=D8E8 r0=010F r1=0103 r2=0000 r3=12F8 r4=3D00 r5=2FFC r6=0000 r7=0000 r8=7F06 r9=D848 r10=D8E8 r11=0494 r12=8383 r13=047C r14=0000 r15=43E8
t=74.626777750 pc=00020912 fcw=D8E8 r0=010F r1=0103 r2=0000 r3=12F8 r4=3D00 r5=2FFC r6=0000 r7=0000 r8=7F06 r9=D848 r10=D8E8 r11=0494 r12=8383 r13=047C r14=0000 r15=43E8
t=74.626779500 pc=00020914 fcw=D8E8 r0=010F r1=0103 r2=0000 r3=12F8 r4=3D00 r5=2FFC r6=0000 r7=0000 r8=7F06 r9=D848 r10=D8E8 r11=0494 r12=8383 r13=047C r14=0000 r15=43E8
t=74.626781250 pc=00020916 fcw=D8E8 r0=010F r1=0103 r2=0000 r3=12F8 r4=3D00 r5=2FFC r6=0000 r7=0000 r8=7F06 r9=D848 r10=D8E8 r11=0494 r12=8383 r13=047C r14=0000 r15=43E8
t=74.626784750 pc=0002091A fcw=D8E8 r0=010F r1=0103 r2=0000 r3=12F8 r4=3D00 r5=2FFC r6=0000 r7=0000 r8=7F06 r9=D848 r10=D8E8 r11=0494 r12=8383 r13=047C r14=0000 r15=43E8
t=74.626786750 pc=0002091C fcw=D8E8 r0=010F r1=0103 r2=0000 r3=12F8 r4=3D00 r5=2FFC r6=0000 r7=0000 r8=7F06 r9=D848 r10=D8E8 r11=0494 r12=8383 r13=047C r14=0000 r15=43E8
t=74.626788250 pc=0002091E fcw=D8E8 r0=0103 r1=010F r2=0000 r3=12F8 r4=3D00 r5=2FFC r6=0000 r7=0000 r8=7F06 r9=D848 r10=D8E8 r11=0494 r12=8383 r13=047C r14=0000 r15=43E8
t=74.626791000 pc=00020920 fcw=D8E8 r0=0103 r1=010F r2=0000 r3=12F8 r4=3D00 r5=2FFC r6=0000 r7=0000 r8=7F06 r9=D848 r10=D8E8 r11=0494 r12=8383 r13=047C r14=0000 r15=43E8
t=74.626792500 pc=00020912 fcw=D8E8 r0=0103 r1=010F r2=0000 r3=12F8 r4=3D00 r5=2FFC r6=0000 r7=0000 r8=7F06 r9=D848 r10=D8E8 r11=0494 r12=8383 r13=047C r14=0000 r15=43E8
t=74.626794250 pc=00020914 fcw=D8E8 r0=0103 r1=010F r2=0000 r3=12F8 r4=3D00 r5=2FFC r6=0000 r7=0000 r8=7F06 r9=D848 r10=D8E8 r11=0494 r12=8383 r13=047C r14=0000 r15=43E8
t=74.626796000 pc=00020916 fcw=D8E8 r0=0103 r1=010F r2=0000 r3=12F8 r4=3D00 r5=2FFC r6=0000 r7=0000 r8=7F06 r9=D848 r10=D8E8 r11=0494 r12=8383 r13=047C r14=0000 r15=43E8
t=74.626799500 pc=0002091A fcw=D8E8 r0=0103 r1=010F r2=0000 r3=12F8 r4=3D00 r5=2FFC r6=0000 r7=0000 r8=7F06 r9=D848 r10=D8E8 r11=0494 r12=8383 r13=047C r14=0000 r15=43E8
t=74.626801500 pc=0002091C fcw=D8E8 r0=0103 r1=010F r2=0000 r3=12F8 r4=3D00 r5=2FFC r6=0000 r7=0000 r8=7F06 r9=D848 r10=D8E8 r11=0494 r12=8383 r13=047C r14=0000 r15=43E8
t=74.626803000 pc=0002091E fcw=D8E8 r0=010F r1=0103 r2=0000 r3=12F8 r4=3D00 r5=2FFC r6=0000 r7=0000 r8=7F06 r9=D848 r10=D8E8 r11=0494 r12=8383 r13=047C r14=0000 r15=43E8
t=74.626805750 pc=00020920 fcw=D8E8 r0=010F r1=0103 r2=0000 r3=12F8 r4=3D00 r5=2FFC r6=0000 r7=0000 r8=7F06 r9=D848 r10=D8E8 r11=0494 r12=8383 r13=047C r14=0000 r15=43E8
t=74.626807250 pc=00020912 fcw=D8E8 r0=010F r1=0103 r2=0000 r3=12F8 r4=3D00 r5=2FFC r6=0000 r7=0000 r8=7F06 r9=D848 r10=D8E8 r11=0494 r12=8383 r13=047C r14=0000 r15=43E8
t=74.626809000 pc=00020914 fcw=D8E8 r0=010F r1=0103 r2=0000 r3=12F8 r4=3D00 r5=2FFC r6=0000 r7=0000 r8=7F06 r9=D848 r10=D8E8 r11=0494 r12=8383 r13=047C r14=0000 r15=43E8
t=74.626810750 pc=00020916 fcw=D8E8 r0=010F r1=0103 r2=0000 r3=12F8 r4=3D00 r5=2FFC r6=0000 r7=0000 r8=7F06 r9=D848 r10=D8E8 r11=0494 r12=8383 r13=047C r14=0000 r15=43E8
t=74.626814250 pc=0002091A fcw=D8E8 r0=010F r1=0103 r2=0000 r3=12F8 r4=3D00 r5=2FFC r6=0000 r7=0000 r8=7F06 r9=D848 r10=D8E8 r11=0494 r12=8383 r13=047C r14=0000 r15=43E8
t=74.626816250 pc=0002091C fcw=D8E8 r0=010F r1=0103 r2=0000 r3=12F8 r4=3D00 r5=2FFC r6=0000 r7=0000 r8=7F06 r9=D848 r10=D8E8 r11=0494 r12=8383 r13=047C r14=0000 r15=43E8
t=74.626817750 pc=0002091E fcw=D8E8 r0=0103 r1=010F r2=0000 r3=12F8 r4=3D00 r5=2FFC r6=0000 r7=0000 r8=7F06 r9=D848 r10=D8E8 r11=0494 r12=8383 r13=047C r14=0000 r15=43E8
t=74.626820500 pc=00020920 fcw=D8E8 r0=0103 r1=010F r2=0000 r3=12F8 r4=3D00 r5=2FFC r6=0000 r7=0000 r8=7F06 r9=D848 r10=D8E8 r11=0494 r12=8383 r13=047C r14=0000 r15=43E8
t=74.626822000 pc=00020912 fcw=D8E8 r0=0103 r1=010F r2=0000 r3=12F8 r4=3D00 r5=2FFC r6=0000 r7=0000 r8=7F06 r9=D848 r10=D8E8 r11=0494 r12=8383 r13=047C r14=0000 r15=43E8
t=74.626823750 pc=00020914 fcw=D8E8 r0=0103 r1=010F r2=0000 r3=12F8 r4=3D00 r5=2FFC r6=0000 r7=0000 r8=7F06 r9=D848 r10=D8E8 r11=0494 r12=8383 r13=047C r14=0000 r15=43E8
t=74.626825500 pc=00020916 fcw=D8E8 r0=0103 r1=010F r2=0000 r3=12F8 r4=3D00 r5=2FFC r6=0000 r7=0000 r8=7F06 r9=D848 r10=D8E8 r11=0494 r12=8383 r13=047C r14=0000 r15=43E8
t=74.626829000 pc=0002091A fcw=D8E8 r0=0103 r1=010F r2=0000 r3=12F8 r4=3D00 r5=2FFC r6=0000 r7=0000 r8=7F06 r9=D848 r10=D8E8 r11=0494 r12=8383 r13=047C r14=0000 r15=43E8
t=74.626831000 pc=0002091C fcw=D8E8 r0=0103 r1=010F r2=0000 r3=12F8 r4=3D00 r5=2FFC r6=0000 r7=0000 r8=7F06 r9=D848 r10=D8E8 r11=0494 r12=8383 r13=047C r14=0000 r15=43E8
t=74.626832500 pc=0002091E fcw=D8E8 r0=010F r1=0103 r2=0000 r3=12F8 r4=3D00 r5=2FFC r6=0000 r7=0000 r8=7F06 r9=D848 r10=D8E8 r11=0494 r12=8383 r13=047C r14=0000 r15=43E8
t=74.626835250 pc=00020920 fcw=D8E8 r0=010F r1=0103 r2=0000 r3=12F8 r4=3D00 r5=2FFC r6=0000 r7=0000 r8=7F06 r9=D848 r10=D8E8 r11=0494 r12=8383 r13=047C r14=0000 r15=43E8
t=74.626836750 pc=00020912 fcw=D8E8 r0=010F r1=0103 r2=0000 r3=12F8 r4=3D00 r5=2FFC r6=0000 r7=0000 r8=7F06 r9=D848 r10=D8E8 r11=0494 r12=8383 r13=047C r14=0000 r15=43E8
t=74.626838500 pc=00020914 fcw=D8E8 r0=010F r1=0103 r2=0000 r3=12F8 r4=3D00 r5=2FFC r6=0000 r7=0000 r8=7F06 r9=D848 r10=D8E8 r11=0494 r12=8383 r13=047C r14=0000 r15=43E8
t=74.626840250 pc=00020916 fcw=D8E8 r0=010F r1=0103 r2=0000 r3=12F8 r4=3D00 r5=2FFC r6=0000 r7=0000 r8=7F06 r9=D848 r10=D8E8 r11=0494 r12=8383 r13=047C r14=0000 r15=43E8
t=74.626843750 pc=0002091A fcw=D8E8 r0=010F r1=0103 r2=0000 r3=12F8 r4=3D00 r5=2FFC r6=0000 r7=0000 r8=7F06 r9=D848 r10=D8E8 r11=0494 r12=8383 r13=047C r14=0000 r15=43E8
t=74.626845750 pc=0002091C fcw=D8E8 r0=010F r1=0103 r2=0000 r3=12F8 r4=3D00 r5=2FFC r6=0000 r7=0000 r8=7F06 r9=D848 r10=D8E8 r11=0494 r12=8383 r13=047C r14=0000 r15=43E8
t=74.626847250 pc=0002091E fcw=D8E8 r0=0103 r1=010F r2=0000 r3=12F8 r4=3D00 r5=2FFC r6=0000 r7=0000 r8=7F06 r9=D848 r10=D8E8 r11=0494 r12=8383 r13=047C r14=0000 r15=43E8
t=74.626850000 pc=00020920 fcw=D8E8 r0=0103 r1=010F r2=0000 r3=12F8 r4=3D00 r5=2FFC r6=0000 r7=0000 r8=7F06 r9=D848 r10=D8E8 r11=0494 r12=8383 r13=047C r14=0000 r15=43E8
t=74.626851500 pc=00020912 fcw=D8E8 r0=0103 r1=010F r2=0000 r3=12F8 r4=3D00 r5=2FFC r6=0000 r7=0000 r8=7F06 r9=D848 r10=D8E8 r11=0494 r12=8383 r13=047C r14=0000 r15=43E8
t=74.626853250 pc=00020914 fcw=D8E8 r0=0103 r1=010F r2=0000 r3=12F8 r4=3D00 r5=2FFC r6=0000 r7=0000 r8=7F06 r9=D848 r10=D8E8 r11=0494 r12=8383 r13=047C r14=0000 r15=43E8
t=74.626855000 pc=00020916 fcw=D8E8 r0=0103 r1=010F r2=0000 r3=12F8 r4=3D00 r5=2FFC r6=0000 r7=0000 r8=7F06 r9=D848 r10=D8E8 r11=0494 r12=8383 r13=047C r14=0000 r15=43E8
t=74.626858500 pc=0002091A fcw=D8E8 r0=0103 r1=010F r2=0000 r3=12F8 r4=3D00 r5=2FFC r6=0000 r7=0000 r8=7F06 r9=D848 r10=D8E8 r11=0494 r12=8383 r13=047C r14=0000 r15=43E8
t=74.626860500 pc=0002091C fcw=D8E8 r0=0103 r1=010F r2=0000 r3=12F8 r4=3D00 r5=2FFC r6=0000 r7=0000 r8=7F06 r9=D848 r10=D8E8 r11=0494 r12=8383 r13=047C r14=0000 r15=43E8
t=74.626862000 pc=0002091E fcw=D8E8 r0=010F r1=0103 r2=0000 r3=12F8 r4=3D00 r5=2FFC r6=0000 r7=0000 r8=7F06 r9=D848 r10=D8E8 r11=0494 r12=8383 r13=047C r14=0000 r15=43E8
t=74.626864750 pc=00020920 fcw=D8E8 r0=010F r1=0103 r2=0000 r3=12F8 r4=3D00 r5=2FFC r6=0000 r7=0000 r8=7F06 r9=D848 r10=D8E8 r11=0494 r12=8383 r13=047C r14=0000 r15=43E8
t=74.626866250 pc=00020912 fcw=D8E8 r0=010F r1=0103 r2=0000 r3=12F8 r4=3D00 r5=2FFC r6=0000 r7=0000 r8=7F06 r9=D848 r10=D8E8 r11=0494 r12=8383 r13=047C r14=0000 r15=43E8
t=74.626868000 pc=00020914 fcw=D8E8 r0=010F r1=0103 r2=0000 r3=12F8 r4=3D00 r5=2FFC r6=0000 r7=0000 r8=7F06 r9=D848 r10=D8E8 r11=0494 r12=8383 r13=047C r14=0000 r15=43E8
t=74.626869750 pc=00020916 fcw=D8E8 r0=010F r1=0103 r2=0000 r3=12F8 r4=3D00 r5=2FFC r6=0000 r7=0000 r8=7F06 r9=D848 r10=D8E8 r11=0494 r12=8383 r13=047C r14=0000 r15=43E8
t=74.626873250 pc=0002091A fcw=D8E8 r0=010F r1=0103 r2=0000 r3=12F8 r4=3D00 r5=2FFC r6=0000 r7=0000 r8=7F06 r9=D848 r10=D8E8 r11=0494 r12=8383 r13=047C r14=0000 r15=43E8
t=74.626875250 pc=0002091C fcw=D8E8 r0=010F r1=0103 r2=0000 r3=12F8 r4=3D00 r5=2FFC r6=0000 r7=0000 r8=7F06 r9=D848 r10=D8E8 r11=0494 r12=8383 r13=047C r14=0000 r15=43E8
t=74.626876750 pc=0002091E fcw=D8E8 r0=0103 r1=010F r2=0000 r3=12F8 r4=3D00 r5=2FFC r6=0000 r7=0000 r8=7F06 r9=D848 r10=D8E8 r11=0494 r12=8383 r13=047C r14=0000 r15=43E8
t=74.626879500 pc=00020920 fcw=D8E8 r0=0103 r1=010F r2=0000 r3=12F8 r4=3D00 r5=2FFC r6=0000 r7=0000 r8=7F06 r9=D848 r10=D8E8 r11=0494 r12=8383 r13=047C r14=0000 r15=43E8
t=74.626881000 pc=00020912 fcw=D8E8 r0=0103 r1=010F r2=0000 r3=12F8 r4=3D00 r5=2FFC r6=0000 r7=0000 r8=7F06 r9=D848 r10=D8E8 r11=0494 r12=8383 r13=047C r14=0000 r15=43E8
t=74.626882750 pc=00020914 fcw=D8E8 r0=0103 r1=010F r2=0000 r3=12F8 r4=3D00 r5=2FFC r6=0000 r7=0000 r8=7F06 r9=D848 r10=D8E8 r11=0494 r12=8383 r13=047C r14=0000 r15=43E8
t=74.626884500 pc=00020916 fcw=D8E8 r0=0103 r1=010F r2=0000 r3=12F8 r4=3D00 r5=2FFC r6=0000 r7=0000 r8=7F06 r9=D848 r10=D8E8 r11=0494 r12=8383 r13=047C r14=0000 r15=43E8
t=74.626888000 pc=0002091A fcw=D8E8 r0=0103 r1=010F r2=0000 r3=12F8 r4=3D00 r5=2FFC r6=0000 r7=0000 r8=7F06 r9=D848 r10=D8E8 r11=0494 r12=8383 r13=047C r14=0000 r15=43E8
t=74.626890000 pc=0002091C fcw=D8E8 r0=0103 r1=010F r2=0000 r3=12F8 r4=3D00 r5=2FFC r6=0000 r7=0000 r8=7F06 r9=D848 r10=D8E8 r11=0494 r12=8383 r13=047C r14=0000 r15=43E8
t=74.626891500 pc=0002091E fcw=D8E8 r0=010F r1=0103 r2=0000 r3=12F8 r4=3D00 r5=2FFC r6=0000 r7=0000 r8=7F06 r9=D848 r10=D8E8 r11=0494 r12=8383 r13=047C r14=0000 r15=43E8
t=74.626894250 pc=00020920 fcw=D8E8 r0=010F r1=0103 r2=0000 r3=12F8 r4=3D00 r5=2FFC r6=0000 r7=0000 r8=7F06 r9=D848 r10=D8E8 r11=0494 r12=8383 r13=047C r14=0000 r15=43E8
t=74.626895750 pc=00020912 fcw=D8E8 r0=010F r1=0103 r2=0000 r3=12F8 r4=3D00 r5=2FFC r6=0000 r7=0000 r8=7F06 r9=D848 r10=D8E8 r11=0494 r12=8383 r13=047C r14=0000 r15=43E8
t=74.626897500 pc=00020914 fcw=D8E8 r0=010F r1=0103 r2=0000 r3=12F8 r4=3D00 r5=2FFC r6=0000 r7=0000 r8=7F06 r9=D848 r10=D8E8 r11=0494 r12=8383 r13=047C r14=0000 r15=43E8
t=74.626899250 pc=00020916 fcw=D8E8 r0=010F r1=0103 r2=0000 r3=12F8 r4=3D00 r5=2FFC r6=0000 r7=0000 r8=7F06 r9=D848 r10=D8E8 r11=0494 r12=8383 r13=047C r14=0000 r15=43E8
t=74.626902750 pc=0002091A fcw=D8E8 r0=010F r1=0103 r2=0000 r3=12F8 r4=3D00 r5=2FFC r6=0000 r7=0000 r8=7F06 r9=D848 r10=D8E8 r11=0494 r12=8383 r13=047C r14=0000 r15=43E8
t=74.626904750 pc=0002091C fcw=D8E8 r0=010F r1=0103 r2=0000 r3=12F8 r4=3D00 r5=2FFC r6=0000 r7=0000 r8=7F06 r9=D848 r10=D8E8 r11=0494 r12=8383 r13=047C r14=0000 r15=43E8
t=74.626906250 pc=0002091E fcw=D8E8 r0=0103 r1=010F r2=0000 r3=12F8 r4=3D00 r5=2FFC r6=0000 r7=0000 r8=7F06 r9=D848 r10=D8E8 r11=0494 r12=8383 r13=047C r14=0000 r15=43E8
t=74.626909000 pc=00020920 fcw=D8E8 r0=0103 r1=010F r2=0000 r3=12F8 r4=3D00 r5=2FFC r6=0000 r7=0000 r8=7F06 r9=D848 r10=D8E8 r11=0494 r12=8383 r13=047C r14=0000 r15=43E8
t=74.626910500 pc=00020912 fcw=D8E8 r0=0103 r1=010F r2=0000 r3=12F8 r4=3D00 r5=2FFC r6=0000 r7=0000 r8=7F06 r9=D848 r10=D8E8 r11=0494 r12=8383 r13=047C r14=0000 r15=43E8
t=74.626912250 pc=00020914 fcw=D8E8 r0=0103 r1=010F r2=0000 r3=12F8 r4=3D00 r5=2FFC r6=0000 r7=0000 r8=7F06 r9=D848 r10=D8E8 r11=0494 r12=8383 r13=047C r14=0000 r15=43E8
t=74.626914000 pc=00020916 fcw=D8E8 r0=0103 r1=010F r2=0000 r3=12F8 r4=3D00 r5=2FFC r6=0000 r7=0000 r8=7F06 r9=D848 r10=D8E8 r11=0494 r12=8383 r13=047C r14=0000 r15=43E8
t=74.626917500 pc=0002091A fcw=D8E8 r0=0103 r1=010F r2=0000 r3=12F8 r4=3D00 r5=2FFC r6=0000 r7=0000 r8=7F06 r9=D848 r10=D8E8 r11=0494 r12=8383 r13=047C r14=0000 r15=43E8
t=74.626919500 pc=0002091C fcw=D8E8 r0=0103 r1=010F r2=0000 r3=12F8 r4=3D00 r5=2FFC r6=0000 r7=0000 r8=7F06 r9=D848 r10=D8E8 r11=0494 r12=8383 r13=047C r14=0000 r15=43E8
t=74.626921000 pc=0002091E fcw=D8E8 r0=010F r1=0103 r2=0000 r3=12F8 r4=3D00 r5=2FFC r6=0000 r7=0000 r8=7F06 r9=D848 r10=D8E8 r11=0494 r12=8383 r13=047C r14=0000 r15=43E8
t=74.626923750 pc=00020920 fcw=D8E8 r0=010F r1=0103 r2=0000 r3=12F8 r4=3D00 r5=2FFC r6=0000 r7=0000 r8=7F06 r9=D848 r10=D8E8 r11=0494 r12=8383 r13=047C r14=0000 r15=43E8
t=74.626925250 pc=00020912 fcw=D8E8 r0=010F r1=0103 r2=0000 r3=12F8 r4=3D00 r5=2FFC r6=0000 r7=0000 r8=7F06 r9=D848 r10=D8E8 r11=0494 r12=8383 r13=047C r14=0000 r15=43E8
t=74.626927000 pc=00020914 fcw=D8E8 r0=010F r1=0103 r2=0000 r3=12F8 r4=3D00 r5=2FFC r6=0000 r7=0000 r8=7F06 r9=D848 r10=D8E8 r11=0494 r12=8383 r13=047C r14=0000 r15=43E8
t=74.626928750 pc=00020916 fcw=D8E8 r0=010F r1=0103 r2=0000 r3=12F8 r4=3D00 r5=2FFC r6=0000 r7=0000 r8=7F06 r9=D848 r10=D8E8 r11=0494 r12=8383 r13=047C r14=0000 r15=43E8
t=74.626932250 pc=0002091A fcw=D8E8 r0=010F r1=0103 r2=0000 r3=12F8 r4=3D00 r5=2FFC r6=0000 r7=0000 r8=7F06 r9=D848 r10=D8E8 r11=0494 r12=8383 r13=047C r14=0000 r15=43E8
t=74.626934250 pc=0002091C fcw=D8E8 r0=010F r1=0103 r2=0000 r3=12F8 r4=3D00 r5=2FFC r6=0000 r7=0000 r8=7F06 r9=D848 r10=D8E8 r11=0494 r12=8383 r13=047C r14=0000 r15=43E8
t=74.626935750 pc=0002091E fcw=D8E8 r0=0103 r1=010F r2=0000 r3=12F8 r4=3D00 r5=2FFC r6=0000 r7=0000 r8=7F06 r9=D848 r10=D8E8 r11=0494 r12=8383 r13=047C r14=0000 r15=43E8
t=74.626938500 pc=00020920 fcw=D8E8 r0=0103 r1=010F r2=0000 r3=12F8 r4=3D00 r5=2FFC r6=0000 r7=0000 r8=7F06 r9=D848 r10=D8E8 r11=0494 r12=8383 r13=047C r14=0000 r15=43E8
t=74.626940000 pc=00020912 fcw=D8E8 r0=0103 r1=010F r2=0000 r3=12F8 r4=3D00 r5=2FFC r6=0000 r7=0000 r8=7F06 r9=D848 r10=D8E8 r11=0494 r12=8383 r13=047C r14=0000 r15=43E8
t=74.626941750 pc=00020914 fcw=D8E8 r0=0103 r1=010F r2=0000 r3=12F8 r4=3D00 r5=2FFC r6=0000 r7=0000 r8=7F06 r9=D848 r10=D8E8 r11=0494 r12=8383 r13=047C r14=0000 r15=43E8
t=74.626943500 pc=00020916 fcw=D8E8 r0=0103 r1=010F r2=0000 r3=12F8 r4=3D00 r5=2FFC r6=0000 r7=0000 r8=7F06 r9=D848 r10=D8E8 r11=0494 r12=8383 r13=047C r14=0000 r15=43E8
t=74.626947000 pc=0002091A fcw=D8E8 r0=0103 r1=010F r2=0000 r3=12F8 r4=3D00 r5=2FFC r6=0000 r7=0000 r8=7F06 r9=D848 r10=D8E8 r11=0494 r12=8383 r13=047C r14=0000 r15=43E8
t=74.626949250 pc=0002091C fcw=D8E8 r0=0103 r1=010F r2=0000 r3=12F8 r4=3D00 r5=2FFC r6=0000 r7=0000 r8=7F06 r9=D848 r10=D8E8 r11=0494 r12=8383 r13=047C r14=0000 r15=43E8
t=74.626950750 pc=0002091E fcw=D8E8 r0=010F r1=0103 r2=0000 r3=12F8 r4=3D00 r5=2FFC r6=0000 r7=0000 r8=7F06 r9=D848 r10=D8E8 r11=0494 r12=8383 r13=047C r14=0000 r15=43E8
t=74.626953500 pc=00020920 fcw=D8E8 r0=010F r1=0103 r2=0000 r3=12F8 r4=3D00 r5=2FFC r6=0000 r7=0000 r8=7F06 r9=D848 r10=D8E8 r11=0494 r12=8383 r13=047C r14=0000 r15=43E8
t=74.626955000 pc=00020912 fcw=D8E8 r0=010F r1=0103 r2=0000 r3=12F8 r4=3D00 r5=2FFC r6=0000 r7=0000 r8=7F06 r9=D848 r10=D8E8 r11=0494 r12=8383 r13=047C r14=0000 r15=43E8
t=74.626956750 pc=00020914 fcw=D8E8 r0=010F r1=0103 r2=0000 r3=12F8 r4=3D00 r5=2FFC r6=0000 r7=0000 r8=7F06 r9=D848 r10=D8E8 r11=0494 r12=8383 r13=047C r14=0000 r15=43E8
t=74.626958500 pc=00020916 fcw=D8E8 r0=010F r1=0103 r2=0000 r3=12F8 r4=3D00 r5=2FFC r6=0000 r7=0000 r8=7F06 r9=D848 r10=D8E8 r11=0494 r12=8383 r13=047C r14=0000 r15=43E8
t=74.626962000 pc=0002091A fcw=D8E8 r0=010F r1=0103 r2=0000 r3=12F8 r4=3D00 r5=2FFC r6=0000 r7=0000 r8=7F06 r9=D848 r10=D8E8 r11=0494 r12=8383 r13=047C r14=0000 r15=43E8
t=74.626964000 pc=0002091C fcw=D8E8 r0=010F r1=0103 r2=0000 r3=12F8 r4=3D00 r5=2FFC r6=0000 r7=0000 r8=7F06 r9=D848 r10=D8E8 r11=0494 r12=8383 r13=047C r14=0000 r15=43E8
t=74.626965500 pc=0002091E fcw=D8E8 r0=0103 r1=010F r2=0000 r3=12F8 r4=3D00 r5=2FFC r6=0000 r7=0000 r8=7F06 r9=D848 r10=D8E8 r11=0494 r12=8383 r13=047C r14=0000 r15=43E8
t=74.626968250 pc=00020920 fcw=D8E8 r0=0103 r1=010F r2=0000 r3=12F8 r4=3D00 r5=2FFC r6=0000 r7=0000 r8=7F06 r9=D848 r10=D8E8 r11=0494 r12=8383 r13=047C r14=0000 r15=43E8
t=74.626969750 pc=00020912 fcw=D8E8 r0=0103 r1=010F r2=0000 r3=12F8 r4=3D00 r5=2FFC r6=0000 r7=0000 r8=7F06 r9=D848 r10=D8E8 r11=0494 r12=8383 r13=047C r14=0000 r15=43E8
t=74.626971500 pc=00020914 fcw=D8E8 r0=0103 r1=010F r2=0000 r3=12F8 r4=3D00 r5=2FFC r6=0000 r7=0000 r8=7F06 r9=D848 r10=D8E8 r11=0494 r12=8383 r13=047C r14=0000 r15=43E8
t=74.626973250 pc=00020916 fcw=D8E8 r0=0103 r1=010F r2=0000 r3=12F8 r4=3D00 r5=2FFC r6=0000 r7=0000 r8=7F06 r9=D848 r10=D8E8 r11=0494 r12=8383 r13=047C r14=0000 r15=43E8
t=74.626976750 pc=0002091A fcw=D8E8 r0=0103 r1=010F r2=0000 r3=12F8 r4=3D00 r5=2FFC r6=0000 r7=0000 r8=7F06 r9=D848 r10=D8E8 r11=0494 r12=8383 r13=047C r14=0000 r15=43E8
t=74.626978750 pc=0002091C fcw=D8E8 r0=0103 r1=010F r2=0000 r3=12F8 r4=3D00 r5=2FFC r6=0000 r7=0000 r8=7F06 r9=D848 r10=D8E8 r11=0494 r12=8383 r13=047C r14=0000 r15=43E8
t=74.626980250 pc=0002091E fcw=D8E8 r0=010F r1=0103 r2=0000 r3=12F8 r4=3D00 r5=2FFC r6=0000 r7=0000 r8=7F06 r9=D848 r10=D8E8 r11=0494 r12=8383 r13=047C r14=0000 r15=43E8
t=74.626983000 pc=00020920 fcw=D8E8 r0=010F r1=0103 r2=0000 r3=12F8 r4=3D00 r5=2FFC r6=0000 r7=0000 r8=7F06 r9=D848 r10=D8E8 r11=0494 r12=8383 r13=047C r14=0000 r15=43E8
t=74.626984500 pc=00020912 fcw=D8E8 r0=010F r1=0103 r2=0000 r3=12F8 r4=3D00 r5=2FFC r6=0000 r7=0000 r8=7F06 r9=D848 r10=D8E8 r11=0494 r12=8383 r13=047C r14=0000 r15=43E8
t=74.626986250 pc=00020914 fcw=D8E8 r0=010F r1=0103 r2=0000 r3=12F8 r4=3D00 r5=2FFC r6=0000 r7=0000 r8=7F06 r9=D848 r10=D8E8 r11=0494 r12=8383 r13=047C r14=0000 r15=43E8
t=74.626988000 pc=00020916 fcw=D8E8 r0=010F r1=0103 r2=0000 r3=12F8 r4=3D00 r5=2FFC r6=0000 r7=0000 r8=7F06 r9=D848 r10=D8E8 r11=0494 r12=8383 r13=047C r14=0000 r15=43E8
t=74.626991500 pc=0002091A fcw=D8E8 r0=010F r1=0103 r2=0000 r3=12F8 r4=3D00 r5=2FFC r6=0000 r7=0000 r8=7F06 r9=D848 r10=D8E8 r11=0494 r12=8383 r13=047C r14=0000 r15=43E8
t=74.626993500 pc=0002091C fcw=D8E8 r0=010F r1=0103 r2=0000 r3=12F8 r4=3D00 r5=2FFC r6=0000 r7=0000 r8=7F06 r9=D848 r10=D8E8 r11=0494 r12=8383 r13=047C r14=0000 r15=43E8
t=74.626995000 pc=0002091E fcw=D8E8 r0=0103 r1=010F r2=0000 r3=12F8 r4=3D00 r5=2FFC r6=0000 r7=0000 r8=7F06 r9=D848 r10=D8E8 r11=0494 r12=8383 r13=047C r14=0000 r15=43E8
t=74.626997750 pc=00020920 fcw=D8E8 r0=0103 r1=010F r2=0000 r3=12F8 r4=3D00 r5=2FFC r6=0000 r7=0000 r8=7F06 r9=D848 r10=D8E8 r11=0494 r12=8383 r13=047C r14=0000 r15=43E8
t=74.626999250 pc=00020912 fcw=D8E8 r0=0103 r1=010F r2=0000 r3=12F8 r4=3D00 r5=2FFC r6=0000 r7=0000 r8=7F06 r9=D848 r10=D8E8 r11=0494 r12=8383 r13=047C r14=0000 r15=43E8
t=74.627001000 pc=00020914 fcw=D8E8 r0=0103 r1=010F r2=0000 r3=12F8 r4=3D00 r5=2FFC r6=0000 r7=0000 r8=7F06 r9=D848 r10=D8E8 r11=0494 r12=8383 r13=047C r14=0000 r15=43E8
t=74.627002750 pc=00020916 fcw=D8E8 r0=0103 r1=010F r2=0000 r3=12F8 r4=3D00 r5=2FFC r6=0000 r7=0000 r8=7F06 r9=D848 r10=D8E8 r11=0494 r12=8383 r13=047C r14=0000 r15=43E8
t=74.627006250 pc=0002091A fcw=D8E8 r0=0103 r1=010F r2=0000 r3=12F8 r4=3D00 r5=2FFC r6=0000 r7=0000 r8=7F06 r9=D848 r10=D8E8 r11=0494 r12=8383 r13=047C r14=0000 r15=43E8
t=74.627008250 pc=0002091C fcw=D8E8 r0=0103 r1=010F r2=0000 r3=12F8 r4=3D00 r5=2FFC r6=0000 r7=0000 r8=7F06 r9=D848 r10=D8E8 r11=0494 r12=8383 r13=047C r14=0000 r15=43E8
t=74.627009750 pc=0002091E fcw=D8E8 r0=010F r1=0103 r2=0000 r3=12F8 r4=3D00 r5=2FFC r6=0000 r7=0000 r8=7F06 r9=D848 r10=D8E8 r11=0494 r12=8383 r13=047C r14=0000 r15=43E8
t=74.627012500 pc=00020920 fcw=D8E8 r0=010F r1=0103 r2=0000 r3=12F8 r4=3D00 r5=2FFC r6=0000 r7=0000 r8=7F06 r9=D848 r10=D8E8 r11=0494 r12=8383 r13=047C r14=0000 r15=43E8
t=74.627014000 pc=00020912 fcw=D8E8 r0=010F r1=0103 r2=0000 r3=12F8 r4=3D00 r5=2FFC r6=0000 r7=0000 r8=7F06 r9=D848 r10=D8E8 r11=0494 r12=8383 r13=047C r14=0000 r15=43E8
t=74.627015750 pc=00020914 fcw=D8E8 r0=010F r1=0103 r2=0000 r3=12F8 r4=3D00 r5=2FFC r6=0000 r7=0000 r8=7F06 r9=D848 r10=D8E8 r11=0494 r12=8383 r13=047C r14=0000 r15=43E8
t=74.627017500 pc=00020916 fcw=D8E8 r0=010F r1=0103 r2=0000 r3=12F8 r4=3D00 r5=2FFC r6=0000 r7=0000 r8=7F06 r9=D848 r10=D8E8 r11=0494 r12=8383 r13=047C r14=0000 r15=43E8
t=74.627021000 pc=0002091A fcw=D8E8 r0=010F r1=0103 r2=0000 r3=12F8 r4=3D00 r5=2FFC r6=0000 r7=0000 r8=7F06 r9=D848 r10=D8E8 r11=0494 r12=8383 r13=047C r14=0000 r15=43E8
t=74.627023000 pc=0002091C fcw=D8E8 r0=010F r1=0103 r2=0000 r3=12F8 r4=3D00 r5=2FFC r6=0000 r7=0000 r8=7F06 r9=D848 r10=D8E8 r11=0494 r12=8383 r13=047C r14=0000 r15=43E8
t=74.627024500 pc=0002091E fcw=D8E8 r0=0103 r1=010F r2=0000 r3=12F8 r4=3D00 r5=2FFC r6=0000 r7=0000 r8=7F06 r9=D848 r10=D8E8 r11=0494 r12=8383 r13=047C r14=0000 r15=43E8
t=74.627027250 pc=00020920 fcw=D8E8 r0=0103 r1=010F r2=0000 r3=12F8 r4=3D00 r5=2FFC r6=0000 r7=0000 r8=7F06 r9=D848 r10=D8E8 r11=0494 r12=8383 r13=047C r14=0000 r15=43E8
t=74.627028750 pc=00020912 fcw=D8E8 r0=0103 r1=010F r2=0000 r3=12F8 r4=3D00 r5=2FFC r6=0000 r7=0000 r8=7F06 r9=D848 r10=D8E8 r11=0494 r12=8383 r13=047C r14=0000 r15=43E8
t=74.627030500 pc=00020914 fcw=D8E8 r0=0103 r1=010F r2=0000 r3=12F8 r4=3D00 r5=2FFC r6=0000 r7=0000 r8=7F06 r9=D848 r10=D8E8 r11=0494 r12=8383 r13=047C r14=0000 r15=43E8
t=74.627032250 pc=00020916 fcw=D8E8 r0=0103 r1=010F r2=0000 r3=12F8 r4=3D00 r5=2FFC r6=0000 r7=0000 r8=7F06 r9=D848 r10=D8E8 r11=0494 r12=8383 r13=047C r14=0000 r15=43E8
t=74.627035750 pc=0002091A fcw=D8E8 r0=0103 r1=010F r2=0000 r3=12F8 r4=3D00 r5=2FFC r6=0000 r7=0000 r8=7F06 r9=D848 r10=D8E8 r11=0494 r12=8383 r13=047C r14=0000 r15=43E8
t=74.627037750 pc=0002091C fcw=D8E8 r0=0103 r1=010F r2=0000 r3=12F8 r4=3D00 r5=2FFC r6=0000 r7=0000 r8=7F06 r9=D848 r10=D8E8 r11=0494 r12=8383 r13=047C r14=0000 r15=43E8
t=74.627039250 pc=0002091E fcw=D8E8 r0=010F r1=0103 r2=0000 r3=12F8 r4=3D00 r5=2FFC r6=0000 r7=0000 r8=7F06 r9=D848 r10=D8E8 r11=0494 r12=8383 r13=047C r14=0000 r15=43E8
t=74.627042000 pc=00020920 fcw=D8E8 r0=010F r1=0103 r2=0000 r3=12F8 r4=3D00 r5=2FFC r6=0000 r7=0000 r8=7F06 r9=D848 r10=D8E8 r11=0494 r12=8383 r13=047C r14=0000 r15=43E8
t=74.627043500 pc=00020912 fcw=D8E8 r0=010F r1=0103 r2=0000 r3=12F8 r4=3D00 r5=2FFC r6=0000 r7=0000 r8=7F06 r9=D848 r10=D8E8 r11=0494 r12=8383 r13=047C r14=0000 r15=43E8
t=74.627045250 pc=00020914 fcw=D8E8 r0=010F r1=0103 r2=0000 r3=12F8 r4=3D00 r5=2FFC r6=0000 r7=0000 r8=7F06 r9=D848 r10=D8E8 r11=0494 r12=8383 r13=047C r14=0000 r15=43E8
t=74.627047000 pc=00020916 fcw=D8E8 r0=010F r1=0103 r2=0000 r3=12F8 r4=3D00 r5=2FFC r6=0000 r7=0000 r8=7F06 r9=D848 r10=D8E8 r11=0494 r12=8383 r13=047C r14=0000 r15=43E8
t=74.627050500 pc=0002091A fcw=D8E8 r0=010F r1=0103 r2=0000 r3=12F8 r4=3D00 r5=2FFC r6=0000 r7=0000 r8=7F06 r9=D848 r10=D8E8 r11=0494 r12=8383 r13=047C r14=0000 r15=43E8
t=74.627052500 pc=0002091C fcw=D8E8 r0=010F r1=0103 r2=0000 r3=12F8 r4=3D00 r5=2FFC r6=0000 r7=0000 r8=7F06 r9=D848 r10=D8E8 r11=0494 r12=8383 r13=047C r14=0000 r15=43E8
t=74.627054000 pc=0002091E fcw=D8E8 r0=0103 r1=010F r2=0000 r3=12F8 r4=3D00 r5=2FFC r6=0000 r7=0000 r8=7F06 r9=D848 r10=D8E8 r11=0494 r12=8383 r13=047C r14=0000 r15=43E8
t=74.627056750 pc=00020920 fcw=D8E8 r0=0103 r1=010F r2=0000 r3=12F8 r4=3D00 r5=2FFC r6=0000 r7=0000 r8=7F06 r9=D848 r10=D8E8 r11=0494 r12=8383 r13=047C r14=0000 r15=43E8
t=74.627058250 pc=00020912 fcw=D8E8 r0=0103 r1=010F r2=0000 r3=12F8 r4=3D00 r5=2FFC r6=0000 r7=0000 r8=7F06 r9=D848 r10=D8E8 r11=0494 r12=8383 r13=047C r14=0000 r15=43E8
t=74.627060000 pc=00020914 fcw=D8E8 r0=0103 r1=010F r2=0000 r3=12F8 r4=3D00 r5=2FFC r6=0000 r7=0000 r8=7F06 r9=D848 r10=D8E8 r11=0494 r12=8383 r13=047C r14=0000 r15=43E8
t=74.627061750 pc=00020916 fcw=D8E8 r0=0103 r1=010F r2=0000 r3=12F8 r4=3D00 r5=2FFC r6=0000 r7=0000 r8=7F06 r9=D848 r10=D8E8 r11=0494 r12=8383 r13=047C r14=0000 r15=43E8
t=74.627065250 pc=0002091A fcw=D8E8 r0=0103 r1=010F r2=0000 r3=12F8 r4=3D00 r5=2FFC r6=0000 r7=0000 r8=7F06 r9=D848 r10=D8E8 r11=0494 r12=8383 r13=047C r14=0000 r15=43E8
t=74.627067250 pc=0002091C fcw=D8E8 r0=0103 r1=010F r2=0000 r3=12F8 r4=3D00 r5=2FFC r6=0000 r7=0000 r8=7F06 r9=D848 r10=D8E8 r11=0494 r12=8383 r13=047C r14=0000 r15=43E8
t=74.627068750 pc=0002091E fcw=D8E8 r0=010F r1=0103 r2=0000 r3=12F8 r4=3D00 r5=2FFC r6=0000 r7=0000 r8=7F06 r9=D848 r10=D8E8 r11=0494 r12=8383 r13=047C r14=0000 r15=43E8
t=74.627071500 pc=00020920 fcw=D8E8 r0=010F r1=0103 r2=0000 r3=12F8 r4=3D00 r5=2FFC r6=0000 r7=0000 r8=7F06 r9=D848 r10=D8E8 r11=0494 r12=8383 r13=047C r14=0000 r15=43E8
t=74.627073000 pc=00020912 fcw=D8E8 r0=010F r1=0103 r2=0000 r3=12F8 r4=3D00 r5=2FFC r6=0000 r7=0000 r8=7F06 r9=D848 r10=D8E8 r11=0494 r12=8383 r13=047C r14=0000 r15=43E8
t=74.627074750 pc=00020914 fcw=D8E8 r0=010F r1=0103 r2=0000 r3=12F8 r4=3D00 r5=2FFC r6=0000 r7=0000 r8=7F06 r9=D848 r10=D8E8 r11=0494 r12=8383 r13=047C r14=0000 r15=43E8
t=74.627076500 pc=00020916 fcw=D8E8 r0=010F r1=0103 r2=0000 r3=12F8 r4=3D00 r5=2FFC r6=0000 r7=0000 r8=7F06 r9=D848 r10=D8E8 r11=0494 r12=8383 r13=047C r14=0000 r15=43E8
t=74.627080000 pc=0002091A fcw=D8E8 r0=010F r1=0103 r2=0000 r3=12F8 r4=3D00 r5=2FFC r6=0000 r7=0000 r8=7F06 r9=D848 r10=D8E8 r11=0494 r12=8383 r13=047C r14=0000 r15=43E8
t=74.627082000 pc=0002091C fcw=D8E8 r0=010F r1=0103 r2=0000 r3=12F8 r4=3D00 r5=2FFC r6=0000 r7=0000 r8=7F06 r9=D848 r10=D8E8 r11=0494 r12=8383 r13=047C r14=0000 r15=43E8
t=74.627083500 pc=0002091E fcw=D8E8 r0=0103 r1=010F r2=0000 r3=12F8 r4=3D00 r5=2FFC r6=0000 r7=0000 r8=7F06 r9=D848 r10=D8E8 r11=0494 r12=8383 r13=047C r14=0000 r15=43E8
t=74.627086250 pc=00020920 fcw=D8E8 r0=0103 r1=010F r2=0000 r3=12F8 r4=3D00 r5=2FFC r6=0000 r7=0000 r8=7F06 r9=D848 r10=D8E8 r11=0494 r12=8383 r13=047C r14=0000 r15=43E8
t=74.627087750 pc=00020912 fcw=D8E8 r0=0103 r1=010F r2=0000 r3=12F8 r4=3D00 r5=2FFC r6=0000 r7=0000 r8=7F06 r9=D848 r10=D8E8 r11=0494 r12=8383 r13=047C r14=0000 r15=43E8
t=74.627089500 pc=00020914 fcw=D8E8 r0=0103 r1=010F r2=0000 r3=12F8 r4=3D00 r5=2FFC r6=0000 r7=0000 r8=7F06 r9=D848 r10=D8E8 r11=0494 r12=8383 r13=047C r14=0000 r15=43E8
t=74.627091250 pc=00020916 fcw=D8E8 r0=0103 r1=010F r2=0000 r3=12F8 r4=3D00 r5=2FFC r6=0000 r7=0000 r8=7F06 r9=D848 r10=D8E8 r11=0494 r12=8383 r13=047C r14=0000 r15=43E8
t=74.627094750 pc=0002091A fcw=D8E8 r0=0103 r1=010F r2=0000 r3=12F8 r4=3D00 r5=2FFC r6=0000 r7=0000 r8=7F06 r9=D848 r10=D8E8 r11=0494 r12=8383 r13=047C r14=0000 r15=43E8
t=74.627096750 pc=0002091C fcw=D8E8 r0=0103 r1=010F r2=0000 r3=12F8 r4=3D00 r5=2FFC r6=0000 r7=0000 r8=7F06 r9=D848 r10=D8E8 r11=0494 r12=8383 r13=047C r14=0000 r15=43E8
t=74.627098250 pc=0002091E fcw=D8E8 r0=010F r1=0103 r2=0000 r3=12F8 r4=3D00 r5=2FFC r6=0000 r7=0000 r8=7F06 r9=D848 r10=D8E8 r11=0494 r12=8383 r13=047C r14=0000 r15=43E8
t=74.627101000 pc=00020920 fcw=D8E8 r0=010F r1=0103 r2=0000 r3=12F8 r4=3D00 r5=2FFC r6=0000 r7=0000 r8=7F06 r9=D848 r10=D8E8 r11=0494 r12=8383 r13=047C r14=0000 r15=43E8
t=74.627102500 pc=00020912 fcw=D8E8 r0=010F r1=0103 r2=0000 r3=12F8 r4=3D00 r5=2FFC r6=0000 r7=0000 r8=7F06 r9=D848 r10=D8E8 r11=0494 r12=8383 r13=047C r14=0000 r15=43E8
t=74.627104250 pc=00020914 fcw=D8E8 r0=010F r1=0103 r2=0000 r3=12F8 r4=3D00 r5=2FFC r6=0000 r7=0000 r8=7F06 r9=D848 r10=D8E8 r11=0494 r12=8383 r13=047C r14=0000 r15=43E8
t=74.627106000 pc=00020916 fcw=D8E8 r0=010F r1=0103 r2=0000 r3=12F8 r4=3D00 r5=2FFC r6=0000 r7=0000 r8=7F06 r9=D848 r10=D8E8 r11=0494 r12=8383 r13=047C r14=0000 r15=43E8
t=74.627109500 pc=0002091A fcw=D8E8 r0=010F r1=0103 r2=0000 r3=12F8 r4=3D00 r5=2FFC r6=0000 r7=0000 r8=7F06 r9=D848 r10=D8E8 r11=0494 r12=8383 r13=047C r14=0000 r15=43E8
t=74.627111500 pc=0002091C fcw=D8E8 r0=010F r1=0103 r2=0000 r3=12F8 r4=3D00 r5=2FFC r6=0000 r7=0000 r8=7F06 r9=D848 r10=D8E8 r11=0494 r12=8383 r13=047C r14=0000 r15=43E8
t=74.627113000 pc=0002091E fcw=D8E8 r0=0103 r1=010F r2=0000 r3=12F8 r4=3D00 r5=2FFC r6=0000 r7=0000 r8=7F06 r9=D848 r10=D8E8 r11=0494 r12=8383 r13=047C r14=0000 r15=43E8
t=74.627115750 pc=00020920 fcw=D8E8 r0=0103 r1=010F r2=0000 r3=12F8 r4=3D00 r5=2FFC r6=0000 r7=0000 r8=7F06 r9=D848 r10=D8E8 r11=0494 r12=8383 r13=047C r14=0000 r15=43E8
t=74.627117250 pc=00020912 fcw=D8E8 r0=0103 r1=010F r2=0000 r3=12F8 r4=3D00 r5=2FFC r6=0000 r7=0000 r8=7F06 r9=D848 r10=D8E8 r11=0494 r12=8383 r13=047C r14=0000 r15=43E8
t=74.627119000 pc=00020914 fcw=D8E8 r0=0103 r1=010F r2=0000 r3=12F8 r4=3D00 r5=2FFC r6=0000 r7=0000 r8=7F06 r9=D848 r10=D8E8 r11=0494 r12=8383 r13=047C r14=0000 r15=43E8
t=74.627120750 pc=00020916 fcw=D8E8 r0=0103 r1=010F r2=0000 r3=12F8 r4=3D00 r5=2FFC r6=0000 r7=0000 r8=7F06 r9=D848 r10=D8E8 r11=0494 r12=8383 r13=047C r14=0000 r15=43E8
t=74.627124250 pc=0002091A fcw=D8E8 r0=0103 r1=010F r2=0000 r3=12F8 r4=3D00 r5=2FFC r6=0000 r7=0000 r8=7F06 r9=D848 r10=D8E8 r11=0494 r12=8383 r13=047C r14=0000 r15=43E8
t=74.627126250 pc=0002091C fcw=D8E8 r0=0103 r1=010F r2=0000 r3=12F8 r4=3D00 r5=2FFC r6=0000 r7=0000 r8=7F06 r9=D848 r10=D8E8 r11=0494 r12=8383 r13=047C r14=0000 r15=43E8
t=74.627127750 pc=0002091E fcw=D8E8 r0=010F r1=0103 r2=0000 r3=12F8 r4=3D00 r5=2FFC r6=0000 r7=0000 r8=7F06 r9=D848 r10=D8E8 r11=0494 r12=8383 r13=047C r14=0000 r15=43E8
t=74.627130500 pc=00020920 fcw=D8E8 r0=010F r1=0103 r2=0000 r3=12F8 r4=3D00 r5=2FFC r6=0000 r7=0000 r8=7F06 r9=D848 r10=D8E8 r11=0494 r12=8383 r13=047C r14=0000 r15=43E8
t=74.627132000 pc=00020912 fcw=D8E8 r0=010F r1=0103 r2=0000 r3=12F8 r4=3D00 r5=2FFC r6=0000 r7=0000 r8=7F06 r9=D848 r10=D8E8 r11=0494 r12=8383 r13=047C r14=0000 r15=43E8
t=74.627133750 pc=00020914 fcw=D8E8 r0=010F r1=0103 r2=0000 r3=12F8 r4=3D00 r5=2FFC r6=0000 r7=0000 r8=7F06 r9=D848 r10=D8E8 r11=0494 r12=8383 r13=047C r14=0000 r15=43E8
t=74.627135500 pc=00020916 fcw=D8E8 r0=010F r1=0103 r2=0000 r3=12F8 r4=3D00 r5=2FFC r6=0000 r7=0000 r8=7F06 r9=D848 r10=D8E8 r11=0494 r12=8383 r13=047C r14=0000 r15=43E8
t=74.627139000 pc=0002091A fcw=D8E8 r0=010F r1=0103 r2=0000 r3=12F8 r4=3D00 r5=2FFC r6=0000 r7=0000 r8=7F06 r9=D848 r10=D8E8 r11=0494 r12=8383 r13=047C r14=0000 r15=43E8
t=74.627141250 pc=0002091C fcw=D8E8 r0=010F r1=0103 r2=0000 r3=12F8 r4=3D00 r5=2FFC r6=0000 r7=0000 r8=7F06 r9=D848 r10=D8E8 r11=0494 r12=8383 r13=047C r14=0000 r15=43E8
t=74.627142750 pc=0002091E fcw=D8E8 r0=0103 r1=010F r2=0000 r3=12F8 r4=3D00 r5=2FFC r6=0000 r7=0000 r8=7F06 r9=D848 r10=D8E8 r11=0494 r12=8383 r13=047C r14=0000 r15=43E8
t=74.627145500 pc=00020920 fcw=D8E8 r0=0103 r1=010F r2=0000 r3=12F8 r4=3D00 r5=2FFC r6=0000 r7=0000 r8=7F06 r9=D848 r10=D8E8 r11=0494 r12=8383 r13=047C r14=0000 r15=43E8
t=74.627147000 pc=00020912 fcw=D8E8 r0=0103 r1=010F r2=0000 r3=12F8 r4=3D00 r5=2FFC r6=0000 r7=0000 r8=7F06 r9=D848 r10=D8E8 r11=0494 r12=8383 r13=047C r14=0000 r15=43E8
t=74.627148750 pc=00020914 fcw=D8E8 r0=0103 r1=010F r2=0000 r3=12F8 r4=3D00 r5=2FFC r6=0000 r7=0000 r8=7F06 r9=D848 r10=D8E8 r11=0494 r12=8383 r13=047C r14=0000 r15=43E8
t=74.627150500 pc=00020916 fcw=D8E8 r0=0103 r1=010F r2=0000 r3=12F8 r4=3D00 r5=2FFC r6=0000 r7=0000 r8=7F06 r9=D848 r10=D8E8 r11=0494 r12=8383 r13=047C r14=0000 r15=43E8
t=74.627154000 pc=0002091A fcw=D8E8 r0=0103 r1=010F r2=0000 r3=12F8 r4=3D00 r5=2FFC r6=0000 r7=0000 r8=7F06 r9=D848 r10=D8E8 r11=0494 r12=8383 r13=047C r14=0000 r15=43E8
t=74.627156000 pc=0002091C fcw=D8E8 r0=0103 r1=010F r2=0000 r3=12F8 r4=3D00 r5=2FFC r6=0000 r7=0000 r8=7F06 r9=D848 r10=D8E8 r11=0494 r12=8383 r13=047C r14=0000 r15=43E8
t=74.627157500 pc=0002091E fcw=D8E8 r0=010F r1=0103 r2=0000 r3=12F8 r4=3D00 r5=2FFC r6=0000 r7=0000 r8=7F06 r9=D848 r10=D8E8 r11=0494 r12=8383 r13=047C r14=0000 r15=43E8
t=74.627160250 pc=00020920 fcw=D8E8 r0=010F r1=0103 r2=0000 r3=12F8 r4=3D00 r5=2FFC r6=0000 r7=0000 r8=7F06 r9=D848 r10=D8E8 r11=0494 r12=8383 r13=047C r14=0000 r15=43E8
t=74.627161750 pc=00020912 fcw=D8E8 r0=010F r1=0103 r2=0000 r3=12F8 r4=3D00 r5=2FFC r6=0000 r7=0000 r8=7F06 r9=D848 r10=D8E8 r11=0494 r12=8383 r13=047C r14=0000 r15=43E8
t=74.627163500 pc=00020914 fcw=D8E8 r0=010F r1=0103 r2=0000 r3=12F8 r4=3D00 r5=2FFC r6=0000 r7=0000 r8=7F06 r9=D848 r10=D8E8 r11=0494 r12=8383 r13=047C r14=0000 r15=43E8
t=74.627165250 pc=00020916 fcw=D8E8 r0=010F r1=0103 r2=0000 r3=12F8 r4=3D00 r5=2FFC r6=0000 r7=0000 r8=7F06 r9=D848 r10=D8E8 r11=0494 r12=8383 r13=047C r14=0000 r15=43E8
t=74.627168750 pc=0002091A fcw=D8E8 r0=010F r1=0103 r2=0000 r3=12F8 r4=3D00 r5=2FFC r6=0000 r7=0000 r8=7F06 r9=D848 r10=D8E8 r11=0494 r12=8383 r13=047C r14=0000 r15=43E8
t=74.627170750 pc=0002091C fcw=D8E8 r0=010F r1=0103 r2=0000 r3=12F8 r4=3D00 r5=2FFC r6=0000 r7=0000 r8=7F06 r9=D848 r10=D8E8 r11=0494 r12=8383 r13=047C r14=0000 r15=43E8
t=74.627172250 pc=0002091E fcw=D8E8 r0=0103 r1=010F r2=0000 r3=12F8 r4=3D00 r5=2FFC r6=0000 r7=0000 r8=7F06 r9=D848 r10=D8E8 r11=0494 r12=8383 r13=047C r14=0000 r15=43E8
t=74.627175000 pc=00020920 fcw=D8E8 r0=0103 r1=010F r2=0000 r3=12F8 r4=3D00 r5=2FFC r6=0000 r7=0000 r8=7F06 r9=D848 r10=D8E8 r11=0494 r12=8383 r13=047C r14=0000 r15=43E8
t=74.627176500 pc=00020912 fcw=D8E8 r0=0103 r1=010F r2=0000 r3=12F8 r4=3D00 r5=2FFC r6=0000 r7=0000 r8=7F06 r9=D848 r10=D8E8 r11=0494 r12=8383 r13=047C r14=0000 r15=43E8
t=74.627178250 pc=00020914 fcw=D8E8 r0=0103 r1=010F r2=0000 r3=12F8 r4=3D00 r5=2FFC r6=0000 r7=0000 r8=7F06 r9=D848 r10=D8E8 r11=0494 r12=8383 r13=047C r14=0000 r15=43E8
t=74.627180000 pc=00020916 fcw=D8E8 r0=0103 r1=010F r2=0000 r3=12F8 r4=3D00 r5=2FFC r6=0000 r7=0000 r8=7F06 r9=D848 r10=D8E8 r11=0494 r12=8383 r13=047C r14=0000 r15=43E8
t=74.627183500 pc=0002091A fcw=D8E8 r0=0103 r1=010F r2=0000 r3=12F8 r4=3D00 r5=2FFC r6=0000 r7=0000 r8=7F06 r9=D848 r10=D8E8 r11=0494 r12=8383 r13=047C r14=0000 r15=43E8
t=74.627185500 pc=0002091C fcw=D8E8 r0=0103 r1=010F r2=0000 r3=12F8 r4=3D00 r5=2FFC r6=0000 r7=0000 r8=7F06 r9=D848 r10=D8E8 r11=0494 r12=8383 r13=047C r14=0000 r15=43E8
t=74.627187000 pc=0002091E fcw=D8E8 r0=010F r1=0103 r2=0000 r3=12F8 r4=3D00 r5=2FFC r6=0000 r7=0000 r8=7F06 r9=D848 r10=D8E8 r11=0494 r12=8383 r13=047C r14=0000 r15=43E8
t=74.627189750 pc=00020920 fcw=D8E8 r0=010F r1=0103 r2=0000 r3=12F8 r4=3D00 r5=2FFC r6=0000 r7=0000 r8=7F06 r9=D848 r10=D8E8 r11=0494 r12=8383 r13=047C r14=0000 r15=43E8
t=74.627191250 pc=00020912 fcw=D8E8 r0=010F r1=0103 r2=0000 r3=12F8 r4=3D00 r5=2FFC r6=0000 r7=0000 r8=7F06 r9=D848 r10=D8E8 r11=0494 r12=8383 r13=047C r14=0000 r15=43E8
t=74.627193000 pc=00020914 fcw=D8E8 r0=010F r1=0103 r2=0000 r3=12F8 r4=3D00 r5=2FFC r6=0000 r7=0000 r8=7F06 r9=D848 r10=D8E8 r11=0494 r12=8383 r13=047C r14=0000 r15=43E8
t=74.627194750 pc=00020916 fcw=D8E8 r0=010F r1=0103 r2=0000 r3=12F8 r4=3D00 r5=2FFC r6=0000 r7=0000 r8=7F06 r9=D848 r10=D8E8 r11=0494 r12=8383 r13=047C r14=0000 r15=43E8
t=74.627198250 pc=0002091A fcw=D8E8 r0=010F r1=0103 r2=0000 r3=12F8 r4=3D00 r5=2FFC r6=0000 r7=0000 r8=7F06 r9=D848 r10=D8E8 r11=0494 r12=8383 r13=047C r14=0000 r15=43E8
t=74.627200250 pc=0002091C fcw=D8E8 r0=010F r1=0103 r2=0000 r3=12F8 r4=3D00 r5=2FFC r6=0000 r7=0000 r8=7F06 r9=D848 r10=D8E8 r11=0494 r12=8383 r13=047C r14=0000 r15=43E8
t=74.627201750 pc=0002091E fcw=D8E8 r0=0103 r1=010F r2=0000 r3=12F8 r4=3D00 r5=2FFC r6=0000 r7=0000 r8=7F06 r9=D848 r10=D8E8 r11=0494 r12=8383 r13=047C r14=0000 r15=43E8
t=74.627204500 pc=00020920 fcw=D8E8 r0=0103 r1=010F r2=0000 r3=12F8 r4=3D00 r5=2FFC r6=0000 r7=0000 r8=7F06 r9=D848 r10=D8E8 r11=0494 r12=8383 r13=047C r14=0000 r15=43E8
t=74.627206000 pc=00020912 fcw=D8E8 r0=0103 r1=010F r2=0000 r3=12F8 r4=3D00 r5=2FFC r6=0000 r7=0000 r8=7F06 r9=D848 r10=D8E8 r11=0494 r12=8383 r13=047C r14=0000 r15=43E8
t=74.627207750 pc=00020914 fcw=D8E8 r0=0103 r1=010F r2=0000 r3=12F8 r4=3D00 r5=2FFC r6=0000 r7=0000 r8=7F06 r9=D848 r10=D8E8 r11=0494 r12=8383 r13=047C r14=0000 r15=43E8
t=74.627209500 pc=00020916 fcw=D8E8 r0=0103 r1=010F r2=0000 r3=12F8 r4=3D00 r5=2FFC r6=0000 r7=0000 r8=7F06 r9=D848 r10=D8E8 r11=0494 r12=8383 r13=047C r14=0000 r15=43E8
t=74.627213000 pc=0002091A fcw=D8E8 r0=0103 r1=010F r2=0000 r3=12F8 r4=3D00 r5=2FFC r6=0000 r7=0000 r8=7F06 r9=D848 r10=D8E8 r11=0494 r12=8383 r13=047C r14=0000 r15=43E8
t=74.627215000 pc=0002091C fcw=D8E8 r0=0103 r1=010F r2=0000 r3=12F8 r4=3D00 r5=2FFC r6=0000 r7=0000 r8=7F06 r9=D848 r10=D8E8 r11=0494 r12=8383 r13=047C r14=0000 r15=43E8
t=74.627216500 pc=0002091E fcw=D8E8 r0=010F r1=0103 r2=0000 r3=12F8 r4=3D00 r5=2FFC r6=0000 r7=0000 r8=7F06 r9=D848 r10=D8E8 r11=0494 r12=8383 r13=047C r14=0000 r15=43E8
t=74.627219250 pc=00020920 fcw=D8E8 r0=010F r1=0103 r2=0000 r3=12F8 r4=3D00 r5=2FFC r6=0000 r7=0000 r8=7F06 r9=D848 r10=D8E8 r11=0494 r12=8383 r13=047C r14=0000 r15=43E8
t=74.627220750 pc=00020912 fcw=D8E8 r0=010F r1=0103 r2=0000 r3=12F8 r4=3D00 r5=2FFC r6=0000 r7=0000 r8=7F06 r9=D848 r10=D8E8 r11=0494 r12=8383 r13=047C r14=0000 r15=43E8
t=74.627222500 pc=00020914 fcw=D8E8 r0=010F r1=0103 r2=0000 r3=12F8 r4=3D00 r5=2FFC r6=0000 r7=0000 r8=7F06 r9=D848 r10=D8E8 r11=0494 r12=8383 r13=047C r14=0000 r15=43E8
t=74.627224250 pc=00020916 fcw=D8E8 r0=010F r1=0103 r2=0000 r3=12F8 r4=3D00 r5=2FFC r6=0000 r7=0000 r8=7F06 r9=D848 r10=D8E8 r11=0494 r12=8383 r13=047C r14=0000 r15=43E8
t=74.627227750 pc=0002091A fcw=D8E8 r0=010F r1=0103 r2=0000 r3=12F8 r4=3D00 r5=2FFC r6=0000 r7=0000 r8=7F06 r9=D848 r10=D8E8 r11=0494 r12=8383 r13=047C r14=0000 r15=43E8
t=74.627229750 pc=0002091C fcw=D8E8 r0=010F r1=0103 r2=0000 r3=12F8 r4=3D00 r5=2FFC r6=0000 r7=0000 r8=7F06 r9=D848 r10=D8E8 r11=0494 r12=8383 r13=047C r14=0000 r15=43E8
t=74.627231250 pc=0002091E fcw=D8E8 r0=0103 r1=010F r2=0000 r3=12F8 r4=3D00 r5=2FFC r6=0000 r7=0000 r8=7F06 r9=D848 r10=D8E8 r11=0494 r12=8383 r13=047C r14=0000 r15=43E8
t=74.627234000 pc=00020920 fcw=D8E8 r0=0103 r1=010F r2=0000 r3=12F8 r4=3D00 r5=2FFC r6=0000 r7=0000 r8=7F06 r9=D848 r10=D8E8 r11=0494 r12=8383 r13=047C r14=0000 r15=43E8
t=74.627235500 pc=00020912 fcw=D8E8 r0=0103 r1=010F r2=0000 r3=12F8 r4=3D00 r5=2FFC r6=0000 r7=0000 r8=7F06 r9=D848 r10=D8E8 r11=0494 r12=8383 r13=047C r14=0000 r15=43E8
t=74.627237250 pc=00020914 fcw=D8E8 r0=0103 r1=010F r2=0000 r3=12F8 r4=3D00 r5=2FFC r6=0000 r7=0000 r8=7F06 r9=D848 r10=D8E8 r11=0494 r12=8383 r13=047C r14=0000 r15=43E8
t=74.627239000 pc=00020916 fcw=D8E8 r0=0103 r1=010F r2=0000 r3=12F8 r4=3D00 r5=2FFC r6=0000 r7=0000 r8=7F06 r9=D848 r10=D8E8 r11=0494 r12=8383 r13=047C r14=0000 r15=43E8
t=74.627242500 pc=0002091A fcw=D8E8 r0=0103 r1=010F r2=0000 r3=12F8 r4=3D00 r5=2FFC r6=0000 r7=0000 r8=7F06 r9=D848 r10=D8E8 r11=0494 r12=8383 r13=047C r14=0000 r15=43E8
t=74.627244500 pc=0002091C fcw=D8E8 r0=0103 r1=010F r2=0000 r3=12F8 r4=3D00 r5=2FFC r6=0000 r7=0000 r8=7F06 r9=D848 r10=D8E8 r11=0494 r12=8383 r13=047C r14=0000 r15=43E8
t=74.627246000 pc=0002091E fcw=D8E8 r0=010F r1=0103 r2=0000 r3=12F8 r4=3D00 r5=2FFC r6=0000 r7=0000 r8=7F06 r9=D848 r10=D8E8 r11=0494 r12=8383 r13=047C r14=0000 r15=43E8
t=74.627248750 pc=00020920 fcw=D8E8 r0=010F r1=0103 r2=0000 r3=12F8 r4=3D00 r5=2FFC r6=0000 r7=0000 r8=7F06 r9=D848 r10=D8E8 r11=0494 r12=8383 r13=047C r14=0000 r15=43E8
t=74.627250250 pc=00020912 fcw=D8E8 r0=010F r1=0103 r2=0000 r3=12F8 r4=3D00 r5=2FFC r6=0000 r7=0000 r8=7F06 r9=D848 r10=D8E8 r11=0494 r12=8383 r13=047C r14=0000 r15=43E8
t=74.627252000 pc=00020914 fcw=D8E8 r0=010F r1=0103 r2=0000 r3=12F8 r4=3D00 r5=2FFC r6=0000 r7=0000 r8=7F06 r9=D848 r10=D8E8 r11=0494 r12=8383 r13=047C r14=0000 r15=43E8
t=74.627253750 pc=00020916 fcw=D8E8 r0=010F r1=0103 r2=0000 r3=12F8 r4=3D00 r5=2FFC r6=0000 r7=0000 r8=7F06 r9=D848 r10=D8E8 r11=0494 r12=8383 r13=047C r14=0000 r15=43E8
t=74.627257250 pc=0002091A fcw=D8E8 r0=010F r1=0103 r2=0000 r3=12F8 r4=3D00 r5=2FFC r6=0000 r7=0000 r8=7F06 r9=D848 r10=D8E8 r11=0494 r12=8383 r13=047C r14=0000 r15=43E8
t=74.627259250 pc=0002091C fcw=D8E8 r0=010F r1=0103 r2=0000 r3=12F8 r4=3D00 r5=2FFC r6=0000 r7=0000 r8=7F06 r9=D848 r10=D8E8 r11=0494 r12=8383 r13=047C r14=0000 r15=43E8
t=74.627260750 pc=0002091E fcw=D8E8 r0=0103 r1=010F r2=0000 r3=12F8 r4=3D00 r5=2FFC r6=0000 r7=0000 r8=7F06 r9=D848 r10=D8E8 r11=0494 r12=8383 r13=047C r14=0000 r15=43E8
t=74.627263500 pc=00020920 fcw=D8E8 r0=0103 r1=010F r2=0000 r3=12F8 r4=3D00 r5=2FFC r6=0000 r7=0000 r8=7F06 r9=D848 r10=D8E8 r11=0494 r12=8383 r13=047C r14=0000 r15=43E8
t=74.627265000 pc=00020912 fcw=D8E8 r0=0103 r1=010F r2=0000 r3=12F8 r4=3D00 r5=2FFC r6=0000 r7=0000 r8=7F06 r9=D848 r10=D8E8 r11=0494 r12=8383 r13=047C r14=0000 r15=43E8
t=74.627266750 pc=00020914 fcw=D8E8 r0=0103 r1=010F r2=0000 r3=12F8 r4=3D00 r5=2FFC r6=0000 r7=0000 r8=7F06 r9=D848 r10=D8E8 r11=0494 r12=8383 r13=047C r14=0000 r15=43E8
t=74.627268500 pc=00020916 fcw=D8E8 r0=0103 r1=010F r2=0000 r3=12F8 r4=3D00 r5=2FFC r6=0000 r7=0000 r8=7F06 r9=D848 r10=D8E8 r11=0494 r12=8383 r13=047C r14=0000 r15=43E8
t=74.627272000 pc=0002091A fcw=D8E8 r0=0103 r1=010F r2=0000 r3=12F8 r4=3D00 r5=2FFC r6=0000 r7=0000 r8=7F06 r9=D848 r10=D8E8 r11=0494 r12=8383 r13=047C r14=0000 r15=43E8
t=74.627274000 pc=0002091C fcw=D8E8 r0=0103 r1=010F r2=0000 r3=12F8 r4=3D00 r5=2FFC r6=0000 r7=0000 r8=7F06 r9=D848 r10=D8E8 r11=0494 r12=8383 r13=047C r14=0000 r15=43E8
t=74.627275500 pc=0002091E fcw=D8E8 r0=010F r1=0103 r2=0000 r3=12F8 r4=3D00 r5=2FFC r6=0000 r7=0000 r8=7F06 r9=D848 r10=D8E8 r11=0494 r12=8383 r13=047C r14=0000 r15=43E8
t=74.627278250 pc=00020920 fcw=D8E8 r0=010F r1=0103 r2=0000 r3=12F8 r4=3D00 r5=2FFC r6=0000 r7=0000 r8=7F06 r9=D848 r10=D8E8 r11=0494 r12=8383 r13=047C r14=0000 r15=43E8
t=74.627279750 pc=00020912 fcw=D8E8 r0=010F r1=0103 r2=0000 r3=12F8 r4=3D00 r5=2FFC r6=0000 r7=0000 r8=7F06 r9=D848 r10=D8E8 r11=0494 r12=8383 r13=047C r14=0000 r15=43E8
t=74.627281500 pc=00020914 fcw=D8E8 r0=010F r1=0103 r2=0000 r3=12F8 r4=3D00 r5=2FFC r6=0000 r7=0000 r8=7F06 r9=D848 r10=D8E8 r11=0494 r12=8383 r13=047C r14=0000 r15=43E8
t=74.627283250 pc=00020916 fcw=D8E8 r0=010F r1=0103 r2=0000 r3=12F8 r4=3D00 r5=2FFC r6=0000 r7=0000 r8=7F06 r9=D848 r10=D8E8 r11=0494 r12=8383 r13=047C r14=0000 r15=43E8
t=74.627286750 pc=0002091A fcw=D8E8 r0=010F r1=0103 r2=0000 r3=12F8 r4=3D00 r5=2FFC r6=0000 r7=0000 r8=7F06 r9=D848 r10=D8E8 r11=0494 r12=8383 r13=047C r14=0000 r15=43E8
t=74.627288750 pc=0002091C fcw=D8E8 r0=010F r1=0103 r2=0000 r3=12F8 r4=3D00 r5=2FFC r6=0000 r7=0000 r8=7F06 r9=D848 r10=D8E8 r11=0494 r12=8383 r13=047C r14=0000 r15=43E8
t=74.627290250 pc=0002091E fcw=D8E8 r0=0103 r1=010F r2=0000 r3=12F8 r4=3D00 r5=2FFC r6=0000 r7=0000 r8=7F06 r9=D848 r10=D8E8 r11=0494 r12=8383 r13=047C r14=0000 r15=43E8
t=74.627293000 pc=00020920 fcw=D8E8 r0=0103 r1=010F r2=0000 r3=12F8 r4=3D00 r5=2FFC r6=0000 r7=0000 r8=7F06 r9=D848 r10=D8E8 r11=0494 r12=8383 r13=047C r14=0000 r15=43E8
t=74.627294500 pc=00020912 fcw=D8E8 r0=0103 r1=010F r2=0000 r3=12F8 r4=3D00 r5=2FFC r6=0000 r7=0000 r8=7F06 r9=D848 r10=D8E8 r11=0494 r12=8383 r13=047C r14=0000 r15=43E8
t=74.627296250 pc=00020914 fcw=D8E8 r0=0103 r1=010F r2=0000 r3=12F8 r4=3D00 r5=2FFC r6=0000 r7=0000 r8=7F06 r9=D848 r10=D8E8 r11=0494 r12=8383 r13=047C r14=0000 r15=43E8
t=74.627298000 pc=00020916 fcw=D8E8 r0=0103 r1=010F r2=0000 r3=12F8 r4=3D00 r5=2FFC r6=0000 r7=0000 r8=7F06 r9=D848 r10=D8E8 r11=0494 r12=8383 r13=047C r14=0000 r15=43E8
t=74.627301500 pc=0002091A fcw=D8E8 r0=0103 r1=010F r2=0000 r3=12F8 r4=3D00 r5=2FFC r6=0000 r7=0000 r8=7F06 r9=D848 r10=D8E8 r11=0494 r12=8383 r13=047C r14=0000 r15=43E8
t=74.627303500 pc=0002091C fcw=D8E8 r0=0103 r1=010F r2=0000 r3=12F8 r4=3D00 r5=2FFC r6=0000 r7=0000 r8=7F06 r9=D848 r10=D8E8 r11=0494 r12=8383 r13=047C r14=0000 r15=43E8
t=74.627305000 pc=0002091E fcw=D8E8 r0=010F r1=0103 r2=0000 r3=12F8 r4=3D00 r5=2FFC r6=0000 r7=0000 r8=7F06 r9=D848 r10=D8E8 r11=0494 r12=8383 r13=047C r14=0000 r15=43E8
t=74.627307750 pc=00020920 fcw=D8E8 r0=010F r1=0103 r2=0000 r3=12F8 r4=3D00 r5=2FFC r6=0000 r7=0000 r8=7F06 r9=D848 r10=D8E8 r11=0494 r12=8383 r13=047C r14=0000 r15=43E8
t=74.627309250 pc=00020912 fcw=D8E8 r0=010F r1=0103 r2=0000 r3=12F8 r4=3D00 r5=2FFC r6=0000 r7=0000 r8=7F06 r9=D848 r10=D8E8 r11=0494 r12=8383 r13=047C r14=0000 r15=43E8
t=74.627311000 pc=00020914 fcw=D8E8 r0=010F r1=0103 r2=0000 r3=12F8 r4=3D00 r5=2FFC r6=0000 r7=0000 r8=7F06 r9=D848 r10=D8E8 r11=0494 r12=8383 r13=047C r14=0000 r15=43E8
t=74.627312750 pc=00020916 fcw=D8E8 r0=010F r1=0103 r2=0000 r3=12F8 r4=3D00 r5=2FFC r6=0000 r7=0000 r8=7F06 r9=D848 r10=D8E8 r11=0494 r12=8383 r13=047C r14=0000 r15=43E8
t=74.627316250 pc=0002091A fcw=D8E8 r0=010F r1=0103 r2=0000 r3=12F8 r4=3D00 r5=2FFC r6=0000 r7=0000 r8=7F06 r9=D848 r10=D8E8 r11=0494 r12=8383 r13=047C r14=0000 r15=43E8
t=74.627318250 pc=0002091C fcw=D8E8 r0=010F r1=0103 r2=0000 r3=12F8 r4=3D00 r5=2FFC r6=0000 r7=0000 r8=7F06 r9=D848 r10=D8E8 r11=0494 r12=8383 r13=047C r14=0000 r15=43E8
t=74.627319750 pc=0002091E fcw=D8E8 r0=0103 r1=010F r2=0000 r3=12F8 r4=3D00 r5=2FFC r6=0000 r7=0000 r8=7F06 r9=D848 r10=D8E8 r11=0494 r12=8383 r13=047C r14=0000 r15=43E8
t=74.627322500 pc=00020920 fcw=D8E8 r0=0103 r1=010F r2=0000 r3=12F8 r4=3D00 r5=2FFC r6=0000 r7=0000 r8=7F06 r9=D848 r10=D8E8 r11=0494 r12=8383 r13=047C r14=0000 r15=43E8
t=74.627324000 pc=00020912 fcw=D8E8 r0=0103 r1=010F r2=0000 r3=12F8 r4=3D00 r5=2FFC r6=0000 r7=0000 r8=7F06 r9=D848 r10=D8E8 r11=0494 r12=8383 r13=047C r14=0000 r15=43E8
t=74.627325750 pc=00020914 fcw=D8E8 r0=0103 r1=010F r2=0000 r3=12F8 r4=3D00 r5=2FFC r6=0000 r7=0000 r8=7F06 r9=D848 r10=D8E8 r11=0494 r12=8383 r13=047C r14=0000 r15=43E8
t=74.627327500 pc=00020916 fcw=D8E8 r0=0103 r1=010F r2=0000 r3=12F8 r4=3D00 r5=2FFC r6=0000 r7=0000 r8=7F06 r9=D848 r10=D8E8 r11=0494 r12=8383 r13=047C r14=0000 r15=43E8
t=74.627331000 pc=0002091A fcw=D8E8 r0=0103 r1=010F r2=0000 r3=12F8 r4=3D00 r5=2FFC r6=0000 r7=0000 r8=7F06 r9=D848 r10=D8E8 r11=0494 r12=8383 r13=047C r14=0000 r15=43E8
t=74.627333250 pc=0002091C fcw=D8E8 r0=0103 r1=010F r2=0000 r3=12F8 r4=3D00 r5=2FFC r6=0000 r7=0000 r8=7F06 r9=D848 r10=D8E8 r11=0494 r12=8383 r13=047C r14=0000 r15=43E8
t=74.627334750 pc=0002091E fcw=D8E8 r0=010F r1=0103 r2=0000 r3=12F8 r4=3D00 r5=2FFC r6=0000 r7=0000 r8=7F06 r9=D848 r10=D8E8 r11=0494 r12=8383 r13=047C r14=0000 r15=43E8
t=74.627337500 pc=00020920 fcw=D8E8 r0=010F r1=0103 r2=0000 r3=12F8 r4=3D00 r5=2FFC r6=0000 r7=0000 r8=7F06 r9=D848 r10=D8E8 r11=0494 r12=8383 r13=047C r14=0000 r15=43E8
t=74.627339000 pc=00020912 fcw=D8E8 r0=010F r1=0103 r2=0000 r3=12F8 r4=3D00 r5=2FFC r6=0000 r7=0000 r8=7F06 r9=D848 r10=D8E8 r11=0494 r12=8383 r13=047C r14=0000 r15=43E8
t=74.627340750 pc=00020914 fcw=D8E8 r0=010F r1=0103 r2=0000 r3=12F8 r4=3D00 r5=2FFC r6=0000 r7=0000 r8=7F06 r9=D848 r10=D8E8 r11=0494 r12=8383 r13=047C r14=0000 r15=43E8
t=74.627342500 pc=00020916 fcw=D8E8 r0=010F r1=0103 r2=0000 r3=12F8 r4=3D00 r5=2FFC r6=0000 r7=0000 r8=7F06 r9=D848 r10=D8E8 r11=0494 r12=8383 r13=047C r14=0000 r15=43E8
t=74.627346000 pc=0002091A fcw=D8E8 r0=010F r1=0103 r2=0000 r3=12F8 r4=3D00 r5=2FFC r6=0000 r7=0000 r8=7F06 r9=D848 r10=D8E8 r11=0494 r12=8383 r13=047C r14=0000 r15=43E8
t=74.627348000 pc=0002091C fcw=D8E8 r0=010F r1=0103 r2=0000 r3=12F8 r4=3D00 r5=2FFC r6=0000 r7=0000 r8=7F06 r9=D848 r10=D8E8 r11=0494 r12=8383 r13=047C r14=0000 r15=43E8
t=74.627349500 pc=0002091E fcw=D8E8 r0=0103 r1=010F r2=0000 r3=12F8 r4=3D00 r5=2FFC r6=0000 r7=0000 r8=7F06 r9=D848 r10=D8E8 r11=0494 r12=8383 r13=047C r14=0000 r15=43E8
t=74.627352250 pc=00020920 fcw=D8E8 r0=0103 r1=010F r2=0000 r3=12F8 r4=3D00 r5=2FFC r6=0000 r7=0000 r8=7F06 r9=D848 r10=D8E8 r11=0494 r12=8383 r13=047C r14=0000 r15=43E8
t=74.627353750 pc=00020912 fcw=D8E8 r0=0103 r1=010F r2=0000 r3=12F8 r4=3D00 r5=2FFC r6=0000 r7=0000 r8=7F06 r9=D848 r10=D8E8 r11=0494 r12=8383 r13=047C r14=0000 r15=43E8
t=74.627355500 pc=00020914 fcw=D8E8 r0=0103 r1=010F r2=0000 r3=12F8 r4=3D00 r5=2FFC r6=0000 r7=0000 r8=7F06 r9=D848 r10=D8E8 r11=0494 r12=8383 r13=047C r14=0000 r15=43E8
t=74.627357250 pc=00020916 fcw=D8E8 r0=0103 r1=010F r2=0000 r3=12F8 r4=3D00 r5=2FFC r6=0000 r7=0000 r8=7F06 r9=D848 r10=D8E8 r11=0494 r12=8383 r13=047C r14=0000 r15=43E8
t=74.627360750 pc=0002091A fcw=D8E8 r0=0103 r1=010F r2=0000 r3=12F8 r4=3D00 r5=2FFC r6=0000 r7=0000 r8=7F06 r9=D848 r10=D8E8 r11=0494 r12=8383 r13=047C r14=0000 r15=43E8
t=74.627362750 pc=0002091C fcw=D8E8 r0=0103 r1=010F r2=0000 r3=12F8 r4=3D00 r5=2FFC r6=0000 r7=0000 r8=7F06 r9=D848 r10=D8E8 r11=0494 r12=8383 r13=047C r14=0000 r15=43E8
t=74.627364250 pc=0002091E fcw=D8E8 r0=010F r1=0103 r2=0000 r3=12F8 r4=3D00 r5=2FFC r6=0000 r7=0000 r8=7F06 r9=D848 r10=D8E8 r11=0494 r12=8383 r13=047C r14=0000 r15=43E8
t=74.627367000 pc=00020920 fcw=D8E8 r0=010F r1=0103 r2=0000 r3=12F8 r4=3D00 r5=2FFC r6=0000 r7=0000 r8=7F06 r9=D848 r10=D8E8 r11=0494 r12=8383 r13=047C r14=0000 r15=43E8
t=74.627368500 pc=00020912 fcw=D8E8 r0=010F r1=0103 r2=0000 r3=12F8 r4=3D00 r5=2FFC r6=0000 r7=0000 r8=7F06 r9=D848 r10=D8E8 r11=0494 r12=8383 r13=047C r14=0000 r15=43E8
t=74.627370250 pc=00020914 fcw=D8E8 r0=010F r1=0103 r2=0000 r3=12F8 r4=3D00 r5=2FFC r6=0000 r7=0000 r8=7F06 r9=D848 r10=D8E8 r11=0494 r12=8383 r13=047C r14=0000 r15=43E8
t=74.627372000 pc=00020916 fcw=D8E8 r0=010F r1=0103 r2=0000 r3=12F8 r4=3D00 r5=2FFC r6=0000 r7=0000 r8=7F06 r9=D848 r10=D8E8 r11=0494 r12=8383 r13=047C r14=0000 r15=43E8
t=74.627375500 pc=0002091A fcw=D8E8 r0=010F r1=0103 r2=0000 r3=12F8 r4=3D00 r5=2FFC r6=0000 r7=0000 r8=7F06 r9=D848 r10=D8E8 r11=0494 r12=8383 r13=047C r14=0000 r15=43E8
t=74.627377500 pc=0002091C fcw=D8E8 r0=010F r1=0103 r2=0000 r3=12F8 r4=3D00 r5=2FFC r6=0000 r7=0000 r8=7F06 r9=D848 r10=D8E8 r11=0494 r12=8383 r13=047C r14=0000 r15=43E8
t=74.627379000 pc=0002091E fcw=D8E8 r0=0103 r1=010F r2=0000 r3=12F8 r4=3D00 r5=2FFC r6=0000 r7=0000 r8=7F06 r9=D848 r10=D8E8 r11=0494 r12=8383 r13=047C r14=0000 r15=43E8
t=74.627381750 pc=00020920 fcw=D8E8 r0=0103 r1=010F r2=0000 r3=12F8 r4=3D00 r5=2FFC r6=0000 r7=0000 r8=7F06 r9=D848 r10=D8E8 r11=0494 r12=8383 r13=047C r14=0000 r15=43E8
t=74.627383250 pc=00020912 fcw=D8E8 r0=0103 r1=010F r2=0000 r3=12F8 r4=3D00 r5=2FFC r6=0000 r7=0000 r8=7F06 r9=D848 r10=D8E8 r11=0494 r12=8383 r13=047C r14=0000 r15=43E8
t=74.627385000 pc=00020914 fcw=D8E8 r0=0103 r1=010F r2=0000 r3=12F8 r4=3D00 r5=2FFC r6=0000 r7=0000 r8=7F06 r9=D848 r10=D8E8 r11=0494 r12=8383 r13=047C r14=0000 r15=43E8
t=74.627386750 pc=00020916 fcw=D8E8 r0=0103 r1=010F r2=0000 r3=12F8 r4=3D00 r5=2FFC r6=0000 r7=0000 r8=7F06 r9=D848 r10=D8E8 r11=0494 r12=8383 r13=047C r14=0000 r15=43E8
t=74.627390250 pc=0002091A fcw=D8E8 r0=0103 r1=010F r2=0000 r3=12F8 r4=3D00 r5=2FFC r6=0000 r7=0000 r8=7F06 r9=D848 r10=D8E8 r11=0494 r12=8383 r13=047C r14=0000 r15=43E8
t=74.627392250 pc=0002091C fcw=D8E8 r0=0103 r1=010F r2=0000 r3=12F8 r4=3D00 r5=2FFC r6=0000 r7=0000 r8=7F06 r9=D848 r10=D8E8 r11=0494 r12=8383 r13=047C r14=0000 r15=43E8
t=74.627393750 pc=0002091E fcw=D8E8 r0=010F r1=0103 r2=0000 r3=12F8 r4=3D00 r5=2FFC r6=0000 r7=0000 r8=7F06 r9=D848 r10=D8E8 r11=0494 r12=8383 r13=047C r14=0000 r15=43E8
t=74.627396500 pc=00020920 fcw=D8E8 r0=010F r1=0103 r2=0000 r3=12F8 r4=3D00 r5=2FFC r6=0000 r7=0000 r8=7F06 r9=D848 r10=D8E8 r11=0494 r12=8383 r13=047C r14=0000 r15=43E8
t=74.627398000 pc=00020912 fcw=D8E8 r0=010F r1=0103 r2=0000 r3=12F8 r4=3D00 r5=2FFC r6=0000 r7=0000 r8=7F06 r9=D848 r10=D8E8 r11=0494 r12=8383 r13=047C r14=0000 r15=43E8
t=74.627399750 pc=00020914 fcw=D8E8 r0=010F r1=0103 r2=0000 r3=12F8 r4=3D00 r5=2FFC r6=0000 r7=0000 r8=7F06 r9=D848 r10=D8E8 r11=0494 r12=8383 r13=047C r14=0000 r15=43E8
t=74.627401500 pc=00020916 fcw=D8E8 r0=010F r1=0103 r2=0000 r3=12F8 r4=3D00 r5=2FFC r6=0000 r7=0000 r8=7F06 r9=D848 r10=D8E8 r11=0494 r12=8383 r13=047C r14=0000 r15=43E8
t=74.627405000 pc=0002091A fcw=D8E8 r0=010F r1=0103 r2=0000 r3=12F8 r4=3D00 r5=2FFC r6=0000 r7=0000 r8=7F06 r9=D848 r10=D8E8 r11=0494 r12=8383 r13=047C r14=0000 r15=43E8
t=74.627407000 pc=0002091C fcw=D8E8 r0=010F r1=0103 r2=0000 r3=12F8 r4=3D00 r5=2FFC r6=0000 r7=0000 r8=7F06 r9=D848 r10=D8E8 r11=0494 r12=8383 r13=047C r14=0000 r15=43E8
t=74.627408500 pc=0002091E fcw=D8E8 r0=0103 r1=010F r2=0000 r3=12F8 r4=3D00 r5=2FFC r6=0000 r7=0000 r8=7F06 r9=D848 r10=D8E8 r11=0494 r12=8383 r13=047C r14=0000 r15=43E8
t=74.627411250 pc=00020920 fcw=D8E8 r0=0103 r1=010F r2=0000 r3=12F8 r4=3D00 r5=2FFC r6=0000 r7=0000 r8=7F06 r9=D848 r10=D8E8 r11=0494 r12=8383 r13=047C r14=0000 r15=43E8
t=74.627412750 pc=00020912 fcw=D8E8 r0=0103 r1=010F r2=0000 r3=12F8 r4=3D00 r5=2FFC r6=0000 r7=0000 r8=7F06 r9=D848 r10=D8E8 r11=0494 r12=8383 r13=047C r14=0000 r15=43E8
t=74.627414500 pc=00020914 fcw=D8E8 r0=0103 r1=010F r2=0000 r3=12F8 r4=3D00 r5=2FFC r6=0000 r7=0000 r8=7F06 r9=D848 r10=D8E8 r11=0494 r12=8383 r13=047C r14=0000 r15=43E8
t=74.627416250 pc=00020916 fcw=D8E8 r0=0103 r1=010F r2=0000 r3=12F8 r4=3D00 r5=2FFC r6=0000 r7=0000 r8=7F06 r9=D848 r10=D8E8 r11=0494 r12=8383 r13=047C r14=0000 r15=43E8
t=74.627419750 pc=0002091A fcw=D8E8 r0=0103 r1=010F r2=0000 r3=12F8 r4=3D00 r5=2FFC r6=0000 r7=0000 r8=7F06 r9=D848 r10=D8E8 r11=0494 r12=8383 r13=047C r14=0000 r15=43E8
t=74.627421750 pc=0002091C fcw=D8E8 r0=0103 r1=010F r2=0000 r3=12F8 r4=3D00 r5=2FFC r6=0000 r7=0000 r8=7F06 r9=D848 r10=D8E8 r11=0494 r12=8383 r13=047C r14=0000 r15=43E8
t=74.627423250 pc=0002091E fcw=D8E8 r0=010F r1=0103 r2=0000 r3=12F8 r4=3D00 r5=2FFC r6=0000 r7=0000 r8=7F06 r9=D848 r10=D8E8 r11=0494 r12=8383 r13=047C r14=0000 r15=43E8
t=74.627426000 pc=00020920 fcw=D8E8 r0=010F r1=0103 r2=0000 r3=12F8 r4=3D00 r5=2FFC r6=0000 r7=0000 r8=7F06 r9=D848 r10=D8E8 r11=0494 r12=8383 r13=047C r14=0000 r15=43E8
t=74.627427500 pc=00020912 fcw=D8E8 r0=010F r1=0103 r2=0000 r3=12F8 r4=3D00 r5=2FFC r6=0000 r7=0000 r8=7F06 r9=D848 r10=D8E8 r11=0494 r12=8383 r13=047C r14=0000 r15=43E8
t=74.627429250 pc=00020914 fcw=D8E8 r0=010F r1=0103 r2=0000 r3=12F8 r4=3D00 r5=2FFC r6=0000 r7=0000 r8=7F06 r9=D848 r10=D8E8 r11=0494 r12=8383 r13=047C r14=0000 r15=43E8
t=74.627431000 pc=00020916 fcw=D8E8 r0=010F r1=0103 r2=0000 r3=12F8 r4=3D00 r5=2FFC r6=0000 r7=0000 r8=7F06 r9=D848 r10=D8E8 r11=0494 r12=8383 r13=047C r14=0000 r15=43E8
t=74.627434500 pc=0002091A fcw=D8E8 r0=010F r1=0103 r2=0000 r3=12F8 r4=3D00 r5=2FFC r6=0000 r7=0000 r8=7F06 r9=D848 r10=D8E8 r11=0494 r12=8383 r13=047C r14=0000 r15=43E8
t=74.627436500 pc=0002091C fcw=D8E8 r0=010F r1=0103 r2=0000 r3=12F8 r4=3D00 r5=2FFC r6=0000 r7=0000 r8=7F06 r9=D848 r10=D8E8 r11=0494 r12=8383 r13=047C r14=0000 r15=43E8
t=74.627438000 pc=0002091E fcw=D8E8 r0=0103 r1=010F r2=0000 r3=12F8 r4=3D00 r5=2FFC r6=0000 r7=0000 r8=7F06 r9=D848 r10=D8E8 r11=0494 r12=8383 r13=047C r14=0000 r15=43E8
t=74.627440750 pc=00020920 fcw=D8E8 r0=0103 r1=010F r2=0000 r3=12F8 r4=3D00 r5=2FFC r6=0000 r7=0000 r8=7F06 r9=D848 r10=D8E8 r11=0494 r12=8383 r13=047C r14=0000 r15=43E8
t=74.627442250 pc=00020912 fcw=D8E8 r0=0103 r1=010F r2=0000 r3=12F8 r4=3D00 r5=2FFC r6=0000 r7=0000 r8=7F06 r9=D848 r10=D8E8 r11=0494 r12=8383 r13=047C r14=0000 r15=43E8
t=74.627444000 pc=00020914 fcw=D8E8 r0=0103 r1=010F r2=0000 r3=12F8 r4=3D00 r5=2FFC r6=0000 r7=0000 r8=7F06 r9=D848 r10=D8E8 r11=0494 r12=8383 r13=047C r14=0000 r15=43E8
t=74.627445750 pc=00020916 fcw=D8E8 r0=0103 r1=010F r2=0000 r3=12F8 r4=3D00 r5=2FFC r6=0000 r7=0000 r8=7F06 r9=D848 r10=D8E8 r11=0494 r12=8383 r13=047C r14=0000 r15=43E8
t=74.627449250 pc=0002091A fcw=D8E8 r0=0103 r1=010F r2=0000 r3=12F8 r4=3D00 r5=2FFC r6=0000 r7=0000 r8=7F06 r9=D848 r10=D8E8 r11=0494 r12=8383 r13=047C r14=0000 r15=43E8
t=74.627451250 pc=0002091C fcw=D8E8 r0=0103 r1=010F r2=0000 r3=12F8 r4=3D00 r5=2FFC r6=0000 r7=0000 r8=7F06 r9=D848 r10=D8E8 r11=0494 r12=8383 r13=047C r14=0000 r15=43E8
t=74.627452750 pc=0002091E fcw=D8E8 r0=010F r1=0103 r2=0000 r3=12F8 r4=3D00 r5=2FFC r6=0000 r7=0000 r8=7F06 r9=D848 r10=D8E8 r11=0494 r12=8383 r13=047C r14=0000 r15=43E8
t=74.627455500 pc=00020920 fcw=D8E8 r0=010F r1=0103 r2=0000 r3=12F8 r4=3D00 r5=2FFC r6=0000 r7=0000 r8=7F06 r9=D848 r10=D8E8 r11=0494 r12=8383 r13=047C r14=0000 r15=43E8
t=74.627457000 pc=00020912 fcw=D8E8 r0=010F r1=0103 r2=0000 r3=12F8 r4=3D00 r5=2FFC r6=0000 r7=0000 r8=7F06 r9=D848 r10=D8E8 r11=0494 r12=8383 r13=047C r14=0000 r15=43E8
t=74.627458750 pc=00020914 fcw=D8E8 r0=010F r1=0103 r2=0000 r3=12F8 r4=3D00 r5=2FFC r6=0000 r7=0000 r8=7F06 r9=D848 r10=D8E8 r11=0494 r12=8383 r13=047C r14=0000 r15=43E8
t=74.627460500 pc=00020916 fcw=D8E8 r0=010F r1=0103 r2=0000 r3=12F8 r4=3D00 r5=2FFC r6=0000 r7=0000 r8=7F06 r9=D848 r10=D8E8 r11=0494 r12=8383 r13=047C r14=0000 r15=43E8
t=74.627464000 pc=0002091A fcw=D8E8 r0=010F r1=0103 r2=0000 r3=12F8 r4=3D00 r5=2FFC r6=0000 r7=0000 r8=7F06 r9=D848 r10=D8E8 r11=0494 r12=8383 r13=047C r14=0000 r15=43E8
t=74.627466000 pc=0002091C fcw=D8E8 r0=010F r1=0103 r2=0000 r3=12F8 r4=3D00 r5=2FFC r6=0000 r7=0000 r8=7F06 r9=D848 r10=D8E8 r11=0494 r12=8383 r13=047C r14=0000 r15=43E8
t=74.627467500 pc=0002091E fcw=D8E8 r0=0103 r1=010F r2=0000 r3=12F8 r4=3D00 r5=2FFC r6=0000 r7=0000 r8=7F06 r9=D848 r10=D8E8 r11=0494 r12=8383 r13=047C r14=0000 r15=43E8
t=74.627470250 pc=00020920 fcw=D8E8 r0=0103 r1=010F r2=0000 r3=12F8 r4=3D00 r5=2FFC r6=0000 r7=0000 r8=7F06 r9=D848 r10=D8E8 r11=0494 r12=8383 r13=047C r14=0000 r15=43E8
t=74.627471750 pc=00020912 fcw=D8E8 r0=0103 r1=010F r2=0000 r3=12F8 r4=3D00 r5=2FFC r6=0000 r7=0000 r8=7F06 r9=D848 r10=D8E8 r11=0494 r12=8383 r13=047C r14=0000 r15=43E8
t=74.627473500 pc=00020914 fcw=D8E8 r0=0103 r1=010F r2=0000 r3=12F8 r4=3D00 r5=2FFC r6=0000 r7=0000 r8=7F06 r9=D848 r10=D8E8 r11=0494 r12=8383 r13=047C r14=0000 r15=43E8
t=74.627475250 pc=00020916 fcw=D8E8 r0=0103 r1=010F r2=0000 r3=12F8 r4=3D00 r5=2FFC r6=0000 r7=0000 r8=7F06 r9=D848 r10=D8E8 r11=0494 r12=8383 r13=047C r14=0000 r15=43E8
t=74.627478750 pc=0002091A fcw=D8E8 r0=0103 r1=010F r2=0000 r3=12F8 r4=3D00 r5=2FFC r6=0000 r7=0000 r8=7F06 r9=D848 r10=D8E8 r11=0494 r12=8383 r13=047C r14=0000 r15=43E8
t=74.627480750 pc=0002091C fcw=D8E8 r0=0103 r1=010F r2=0000 r3=12F8 r4=3D00 r5=2FFC r6=0000 r7=0000 r8=7F06 r9=D848 r10=D8E8 r11=0494 r12=8383 r13=047C r14=0000 r15=43E8
t=74.627482250 pc=0002091E fcw=D8E8 r0=010F r1=0103 r2=0000 r3=12F8 r4=3D00 r5=2FFC r6=0000 r7=0000 r8=7F06 r9=D848 r10=D8E8 r11=0494 r12=8383 r13=047C r14=0000 r15=43E8
t=74.627485000 pc=00020920 fcw=D8E8 r0=010F r1=0103 r2=0000 r3=12F8 r4=3D00 r5=2FFC r6=0000 r7=0000 r8=7F06 r9=D848 r10=D8E8 r11=0494 r12=8383 r13=047C r14=0000 r15=43E8
t=74.627486500 pc=00020912 fcw=D8E8 r0=010F r1=0103 r2=0000 r3=12F8 r4=3D00 r5=2FFC r6=0000 r7=0000 r8=7F06 r9=D848 r10=D8E8 r11=0494 r12=8383 r13=047C r14=0000 r15=43E8
t=74.627488250 pc=00020914 fcw=D8E8 r0=010F r1=0103 r2=0000 r3=12F8 r4=3D00 r5=2FFC r6=0000 r7=0000 r8=7F06 r9=D848 r10=D8E8 r11=0494 r12=8383 r13=047C r14=0000 r15=43E8
t=74.627490000 pc=00020916 fcw=D8E8 r0=010F r1=0103 r2=0000 r3=12F8 r4=3D00 r5=2FFC r6=0000 r7=0000 r8=7F06 r9=D848 r10=D8E8 r11=0494 r12=8383 r13=047C r14=0000 r15=43E8
t=74.627493500 pc=0002091A fcw=D8E8 r0=010F r1=0103 r2=0000 r3=12F8 r4=3D00 r5=2FFC r6=0000 r7=0000 r8=7F06 r9=D848 r10=D8E8 r11=0494 r12=8383 r13=047C r14=0000 r15=43E8
t=74.627495500 pc=0002091C fcw=D8E8 r0=010F r1=0103 r2=0000 r3=12F8 r4=3D00 r5=2FFC r6=0000 r7=0000 r8=7F06 r9=D848 r10=D8E8 r11=0494 r12=8383 r13=047C r14=0000 r15=43E8
t=74.627497000 pc=0002091E fcw=D8E8 r0=0103 r1=010F r2=0000 r3=12F8 r4=3D00 r5=2FFC r6=0000 r7=0000 r8=7F06 r9=D848 r10=D8E8 r11=0494 r12=8383 r13=047C r14=0000 r15=43E8
t=74.627499750 pc=00020920 fcw=D8E8 r0=0103 r1=010F r2=0000 r3=12F8 r4=3D00 r5=2FFC r6=0000 r7=0000 r8=7F06 r9=D848 r10=D8E8 r11=0494 r12=8383 r13=047C r14=0000 r15=43E8
t=74.627501250 pc=00020912 fcw=D8E8 r0=0103 r1=010F r2=0000 r3=12F8 r4=3D00 r5=2FFC r6=0000 r7=0000 r8=7F06 r9=D848 r10=D8E8 r11=0494 r12=8383 r13=047C r14=0000 r15=43E8
t=74.627503000 pc=00020914 fcw=D8E8 r0=0103 r1=010F r2=0000 r3=12F8 r4=3D00 r5=2FFC r6=0000 r7=0000 r8=7F06 r9=D848 r10=D8E8 r11=0494 r12=8383 r13=047C r14=0000 r15=43E8
t=74.627504750 pc=00020916 fcw=D8E8 r0=0103 r1=010F r2=0000 r3=12F8 r4=3D00 r5=2FFC r6=0000 r7=0000 r8=7F06 r9=D848 r10=D8E8 r11=0494 r12=8383 r13=047C r14=0000 r15=43E8
t=74.627508250 pc=0002091A fcw=D8E8 r0=0103 r1=010F r2=0000 r3=12F8 r4=3D00 r5=2FFC r6=0000 r7=0000 r8=7F06 r9=D848 r10=D8E8 r11=0494 r12=8383 r13=047C r14=0000 r15=43E8
t=74.627510250 pc=0002091C fcw=D8E8 r0=0103 r1=010F r2=0000 r3=12F8 r4=3D00 r5=2FFC r6=0000 r7=0000 r8=7F06 r9=D848 r10=D8E8 r11=0494 r12=8383 r13=047C r14=0000 r15=43E8
t=74.627511750 pc=0002091E fcw=D8E8 r0=010F r1=0103 r2=0000 r3=12F8 r4=3D00 r5=2FFC r6=0000 r7=0000 r8=7F06 r9=D848 r10=D8E8 r11=0494 r12=8383 r13=047C r14=0000 r15=43E8
t=74.627514500 pc=00020920 fcw=D8E8 r0=010F r1=0103 r2=0000 r3=12F8 r4=3D00 r5=2FFC r6=0000 r7=0000 r8=7F06 r9=D848 r10=D8E8 r11=0494 r12=8383 r13=047C r14=0000 r15=43E8
t=74.627516000 pc=00020912 fcw=D8E8 r0=010F r1=0103 r2=0000 r3=12F8 r4=3D00 r5=2FFC r6=0000 r7=0000 r8=7F06 r9=D848 r10=D8E8 r11=0494 r12=8383 r13=047C r14=0000 r15=43E8
t=74.627517750 pc=00020914 fcw=D8E8 r0=010F r1=0103 r2=0000 r3=12F8 r4=3D00 r5=2FFC r6=0000 r7=0000 r8=7F06 r9=D848 r10=D8E8 r11=0494 r12=8383 r13=047C r14=0000 r15=43E8
t=74.627519500 pc=00020916 fcw=D8E8 r0=010F r1=0103 r2=0000 r3=12F8 r4=3D00 r5=2FFC r6=0000 r7=0000 r8=7F06 r9=D848 r10=D8E8 r11=0494 r12=8383 r13=047C r14=0000 r15=43E8
t=74.627523000 pc=0002091A fcw=D8E8 r0=010F r1=0103 r2=0000 r3=12F8 r4=3D00 r5=2FFC r6=0000 r7=0000 r8=7F06 r9=D848 r10=D8E8 r11=0494 r12=8383 r13=047C r14=0000 r15=43E8
t=74.627525250 pc=0002091C fcw=D8E8 r0=010F r1=0103 r2=0000 r3=12F8 r4=3D00 r5=2FFC r6=0000 r7=0000 r8=7F06 r9=D848 r10=D8E8 r11=0494 r12=8383 r13=047C r14=0000 r15=43E8
t=74.627526750 pc=0002091E fcw=D8E8 r0=0103 r1=010F r2=0000 r3=12F8 r4=3D00 r5=2FFC r6=0000 r7=0000 r8=7F06 r9=D848 r10=D8E8 r11=0494 r12=8383 r13=047C r14=0000 r15=43E8
t=74.627529500 pc=00020920 fcw=D8E8 r0=0103 r1=010F r2=0000 r3=12F8 r4=3D00 r5=2FFC r6=0000 r7=0000 r8=7F06 r9=D848 r10=D8E8 r11=0494 r12=8383 r13=047C r14=0000 r15=43E8
t=74.627531000 pc=00020912 fcw=D8E8 r0=0103 r1=010F r2=0000 r3=12F8 r4=3D00 r5=2FFC r6=0000 r7=0000 r8=7F06 r9=D848 r10=D8E8 r11=0494 r12=8383 r13=047C r14=0000 r15=43E8
t=74.627532750 pc=00020914 fcw=D8E8 r0=0103 r1=010F r2=0000 r3=12F8 r4=3D00 r5=2FFC r6=0000 r7=0000 r8=7F06 r9=D848 r10=D8E8 r11=0494 r12=8383 r13=047C r14=0000 r15=43E8
t=74.627534500 pc=00020916 fcw=D8E8 r0=0103 r1=010F r2=0000 r3=12F8 r4=3D00 r5=2FFC r6=0000 r7=0000 r8=7F06 r9=D848 r10=D8E8 r11=0494 r12=8383 r13=047C r14=0000 r15=43E8
t=74.627538000 pc=0002091A fcw=D8E8 r0=0103 r1=010F r2=0000 r3=12F8 r4=3D00 r5=2FFC r6=0000 r7=0000 r8=7F06 r9=D848 r10=D8E8 r11=0494 r12=8383 r13=047C r14=0000 r15=43E8
t=74.627540000 pc=0002091C fcw=D8E8 r0=0103 r1=010F r2=0000 r3=12F8 r4=3D00 r5=2FFC r6=0000 r7=0000 r8=7F06 r9=D848 r10=D8E8 r11=0494 r12=8383 r13=047C r14=0000 r15=43E8
t=74.627541500 pc=0002091E fcw=D8E8 r0=010F r1=0103 r2=0000 r3=12F8 r4=3D00 r5=2FFC r6=0000 r7=0000 r8=7F06 r9=D848 r10=D8E8 r11=0494 r12=8383 r13=047C r14=0000 r15=43E8
t=74.627544250 pc=00020920 fcw=D8E8 r0=010F r1=0103 r2=0000 r3=12F8 r4=3D00 r5=2FFC r6=0000 r7=0000 r8=7F06 r9=D848 r10=D8E8 r11=0494 r12=8383 r13=047C r14=0000 r15=43E8
t=74.627545750 pc=00020912 fcw=D8E8 r0=010F r1=0103 r2=0000 r3=12F8 r4=3D00 r5=2FFC r6=0000 r7=0000 r8=7F06 r9=D848 r10=D8E8 r11=0494 r12=8383 r13=047C r14=0000 r15=43E8
t=74.627547500 pc=00020914 fcw=D8E8 r0=010F r1=0103 r2=0000 r3=12F8 r4=3D00 r5=2FFC r6=0000 r7=0000 r8=7F06 r9=D848 r10=D8E8 r11=0494 r12=8383 r13=047C r14=0000 r15=43E8
t=74.627549250 pc=00020916 fcw=D8E8 r0=010F r1=0103 r2=0000 r3=12F8 r4=3D00 r5=2FFC r6=0000 r7=0000 r8=7F06 r9=D848 r10=D8E8 r11=0494 r12=8383 r13=047C r14=0000 r15=43E8
t=74.627552750 pc=0002091A fcw=D8E8 r0=010F r1=0103 r2=0000 r3=12F8 r4=3D00 r5=2FFC r6=0000 r7=0000 r8=7F06 r9=D848 r10=D8E8 r11=0494 r12=8383 r13=047C r14=0000 r15=43E8
t=74.627554750 pc=0002091C fcw=D8E8 r0=010F r1=0103 r2=0000 r3=12F8 r4=3D00 r5=2FFC r6=0000 r7=0000 r8=7F06 r9=D848 r10=D8E8 r11=0494 r12=8383 r13=047C r14=0000 r15=43E8
t=74.627556250 pc=0002091E fcw=D8E8 r0=0103 r1=010F r2=0000 r3=12F8 r4=3D00 r5=2FFC r6=0000 r7=0000 r8=7F06 r9=D848 r10=D8E8 r11=0494 r12=8383 r13=047C r14=0000 r15=43E8
t=74.627559000 pc=00020920 fcw=D8E8 r0=0103 r1=010F r2=0000 r3=12F8 r4=3D00 r5=2FFC r6=0000 r7=0000 r8=7F06 r9=D848 r10=D8E8 r11=0494 r12=8383 r13=047C r14=0000 r15=43E8
t=74.627560500 pc=00020912 fcw=D8E8 r0=0103 r1=010F r2=0000 r3=12F8 r4=3D00 r5=2FFC r6=0000 r7=0000 r8=7F06 r9=D848 r10=D8E8 r11=0494 r12=8383 r13=047C r14=0000 r15=43E8
t=74.627562250 pc=00020914 fcw=D8E8 r0=0103 r1=010F r2=0000 r3=12F8 r4=3D00 r5=2FFC r6=0000 r7=0000 r8=7F06 r9=D848 r10=D8E8 r11=0494 r12=8383 r13=047C r14=0000 r15=43E8
t=74.627564000 pc=00020916 fcw=D8E8 r0=0103 r1=010F r2=0000 r3=12F8 r4=3D00 r5=2FFC r6=0000 r7=0000 r8=7F06 r9=D848 r10=D8E8 r11=0494 r12=8383 r13=047C r14=0000 r15=43E8
t=74.627567500 pc=0002091A fcw=D8E8 r0=0103 r1=010F r2=0000 r3=12F8 r4=3D00 r5=2FFC r6=0000 r7=0000 r8=7F06 r9=D848 r10=D8E8 r11=0494 r12=8383 r13=047C r14=0000 r15=43E8
t=74.627569500 pc=0002091C fcw=D8E8 r0=0103 r1=010F r2=0000 r3=12F8 r4=3D00 r5=2FFC r6=0000 r7=0000 r8=7F06 r9=D848 r10=D8E8 r11=0494 r12=8383 r13=047C r14=0000 r15=43E8
t=74.627571000 pc=0002091E fcw=D8E8 r0=010F r1=0103 r2=0000 r3=12F8 r4=3D00 r5=2FFC r6=0000 r7=0000 r8=7F06 r9=D848 r10=D8E8 r11=0494 r12=8383 r13=047C r14=0000 r15=43E8
t=74.627573750 pc=00020920 fcw=D8E8 r0=010F r1=0103 r2=0000 r3=12F8 r4=3D00 r5=2FFC r6=0000 r7=0000 r8=7F06 r9=D848 r10=D8E8 r11=0494 r12=8383 r13=047C r14=0000 r15=43E8
t=74.627575250 pc=00020912 fcw=D8E8 r0=010F r1=0103 r2=0000 r3=12F8 r4=3D00 r5=2FFC r6=0000 r7=0000 r8=7F06 r9=D848 r10=D8E8 r11=0494 r12=8383 r13=047C r14=0000 r15=43E8
t=74.627577000 pc=00020914 fcw=D8E8 r0=010F r1=0103 r2=0000 r3=12F8 r4=3D00 r5=2FFC r6=0000 r7=0000 r8=7F06 r9=D848 r10=D8E8 r11=0494 r12=8383 r13=047C r14=0000 r15=43E8
t=74.627578750 pc=00020916 fcw=D8E8 r0=010F r1=0103 r2=0000 r3=12F8 r4=3D00 r5=2FFC r6=0000 r7=0000 r8=7F06 r9=D848 r10=D8E8 r11=0494 r12=8383 r13=047C r14=0000 r15=43E8
t=74.627582250 pc=0002091A fcw=D8E8 r0=010F r1=0103 r2=0000 r3=12F8 r4=3D00 r5=2FFC r6=0000 r7=0000 r8=7F06 r9=D848 r10=D8E8 r11=0494 r12=8383 r13=047C r14=0000 r15=43E8
t=74.627584250 pc=0002091C fcw=D8E8 r0=010F r1=0103 r2=0000 r3=12F8 r4=3D00 r5=2FFC r6=0000 r7=0000 r8=7F06 r9=D848 r10=D8E8 r11=0494 r12=8383 r13=047C r14=0000 r15=43E8
t=74.627585750 pc=0002091E fcw=D8E8 r0=0103 r1=010F r2=0000 r3=12F8 r4=3D00 r5=2FFC r6=0000 r7=0000 r8=7F06 r9=D848 r10=D8E8 r11=0494 r12=8383 r13=047C r14=0000 r15=43E8
t=74.627588500 pc=00020920 fcw=D8E8 r0=0103 r1=010F r2=0000 r3=12F8 r4=3D00 r5=2FFC r6=0000 r7=0000 r8=7F06 r9=D848 r10=D8E8 r11=0494 r12=8383 r13=047C r14=0000 r15=43E8
t=74.627590000 pc=00020912 fcw=D8E8 r0=0103 r1=010F r2=0000 r3=12F8 r4=3D00 r5=2FFC r6=0000 r7=0000 r8=7F06 r9=D848 r10=D8E8 r11=0494 r12=8383 r13=047C r14=0000 r15=43E8
t=74.627591750 pc=00020914 fcw=D8E8 r0=0103 r1=010F r2=0000 r3=12F8 r4=3D00 r5=2FFC r6=0000 r7=0000 r8=7F06 r9=D848 r10=D8E8 r11=0494 r12=8383 r13=047C r14=0000 r15=43E8
t=74.627593500 pc=00020916 fcw=D8E8 r0=0103 r1=010F r2=0000 r3=12F8 r4=3D00 r5=2FFC r6=0000 r7=0000 r8=7F06 r9=D848 r10=D8E8 r11=0494 r12=8383 r13=047C r14=0000 r15=43E8
t=74.627597000 pc=0002091A fcw=D8E8 r0=0103 r1=010F r2=0000 r3=12F8 r4=3D00 r5=2FFC r6=0000 r7=0000 r8=7F06 r9=D848 r10=D8E8 r11=0494 r12=8383 r13=047C r14=0000 r15=43E8
t=74.627599000 pc=0002091C fcw=D8E8 r0=0103 r1=010F r2=0000 r3=12F8 r4=3D00 r5=2FFC r6=0000 r7=0000 r8=7F06 r9=D848 r10=D8E8 r11=0494 r12=8383 r13=047C r14=0000 r15=43E8
t=74.627600500 pc=0002091E fcw=D8E8 r0=010F r1=0103 r2=0000 r3=12F8 r4=3D00 r5=2FFC r6=0000 r7=0000 r8=7F06 r9=D848 r10=D8E8 r11=0494 r12=8383 r13=047C r14=0000 r15=43E8
t=74.627603250 pc=00020920 fcw=D8E8 r0=010F r1=0103 r2=0000 r3=12F8 r4=3D00 r5=2FFC r6=0000 r7=0000 r8=7F06 r9=D848 r10=D8E8 r11=0494 r12=8383 r13=047C r14=0000 r15=43E8
t=74.627604750 pc=00020912 fcw=D8E8 r0=010F r1=0103 r2=0000 r3=12F8 r4=3D00 r5=2FFC r6=0000 r7=0000 r8=7F06 r9=D848 r10=D8E8 r11=0494 r12=8383 r13=047C r14=0000 r15=43E8
t=74.627606500 pc=00020914 fcw=D8E8 r0=010F r1=0103 r2=0000 r3=12F8 r4=3D00 r5=2FFC r6=0000 r7=0000 r8=7F06 r9=D848 r10=D8E8 r11=0494 r12=8383 r13=047C r14=0000 r15=43E8
t=74.627608250 pc=00020916 fcw=D8E8 r0=010F r1=0103 r2=0000 r3=12F8 r4=3D00 r5=2FFC r6=0000 r7=0000 r8=7F06 r9=D848 r10=D8E8 r11=0494 r12=8383 r13=047C r14=0000 r15=43E8
t=74.627611750 pc=0002091A fcw=D8E8 r0=010F r1=0103 r2=0000 r3=12F8 r4=3D00 r5=2FFC r6=0000 r7=0000 r8=7F06 r9=D848 r10=D8E8 r11=0494 r12=8383 r13=047C r14=0000 r15=43E8
t=74.627613750 pc=0002091C fcw=D8E8 r0=010F r1=0103 r2=0000 r3=12F8 r4=3D00 r5=2FFC r6=0000 r7=0000 r8=7F06 r9=D848 r10=D8E8 r11=0494 r12=8383 r13=047C r14=0000 r15=43E8
t=74.627615250 pc=0002091E fcw=D8E8 r0=0103 r1=010F r2=0000 r3=12F8 r4=3D00 r5=2FFC r6=0000 r7=0000 r8=7F06 r9=D848 r10=D8E8 r11=0494 r12=8383 r13=047C r14=0000 r15=43E8
t=74.627618000 pc=00020920 fcw=D8E8 r0=0103 r1=010F r2=0000 r3=12F8 r4=3D00 r5=2FFC r6=0000 r7=0000 r8=7F06 r9=D848 r10=D8E8 r11=0494 r12=8383 r13=047C r14=0000 r15=43E8
t=74.627619500 pc=00020912 fcw=D8E8 r0=0103 r1=010F r2=0000 r3=12F8 r4=3D00 r5=2FFC r6=0000 r7=0000 r8=7F06 r9=D848 r10=D8E8 r11=0494 r12=8383 r13=047C r14=0000 r15=43E8
t=74.627621250 pc=00020914 fcw=D8E8 r0=0103 r1=010F r2=0000 r3=12F8 r4=3D00 r5=2FFC r6=0000 r7=0000 r8=7F06 r9=D848 r10=D8E8 r11=0494 r12=8383 r13=047C r14=0000 r15=43E8
t=74.627623000 pc=00020916 fcw=D8E8 r0=0103 r1=010F r2=0000 r3=12F8 r4=3D00 r5=2FFC r6=0000 r7=0000 r8=7F06 r9=D848 r10=D8E8 r11=0494 r12=8383 r13=047C r14=0000 r15=43E8
t=74.627626500 pc=0002091A fcw=D8E8 r0=0103 r1=010F r2=0000 r3=12F8 r4=3D00 r5=2FFC r6=0000 r7=0000 r8=7F06 r9=D848 r10=D8E8 r11=0494 r12=8383 r13=047C r14=0000 r15=43E8
t=74.627628500 pc=0002091C fcw=D8E8 r0=0103 r1=010F r2=0000 r3=12F8 r4=3D00 r5=2FFC r6=0000 r7=0000 r8=7F06 r9=D848 r10=D8E8 r11=0494 r12=8383 r13=047C r14=0000 r15=43E8
t=74.627630000 pc=0002091E fcw=D8E8 r0=010F r1=0103 r2=0000 r3=12F8 r4=3D00 r5=2FFC r6=0000 r7=0000 r8=7F06 r9=D848 r10=D8E8 r11=0494 r12=8383 r13=047C r14=0000 r15=43E8
t=74.627632750 pc=00020920 fcw=D8E8 r0=010F r1=0103 r2=0000 r3=12F8 r4=3D00 r5=2FFC r6=0000 r7=0000 r8=7F06 r9=D848 r10=D8E8 r11=0494 r12=8383 r13=047C r14=0000 r15=43E8
t=74.627634250 pc=00020912 fcw=D8E8 r0=010F r1=0103 r2=0000 r3=12F8 r4=3D00 r5=2FFC r6=0000 r7=0000 r8=7F06 r9=D848 r10=D8E8 r11=0494 r12=8383 r13=047C r14=0000 r15=43E8
t=74.627636000 pc=00020914 fcw=D8E8 r0=010F r1=0103 r2=0000 r3=12F8 r4=3D00 r5=2FFC r6=0000 r7=0000 r8=7F06 r9=D848 r10=D8E8 r11=0494 r12=8383 r13=047C r14=0000 r15=43E8
t=74.627637750 pc=00020916 fcw=D8E8 r0=010F r1=0103 r2=0000 r3=12F8 r4=3D00 r5=2FFC r6=0000 r7=0000 r8=7F06 r9=D848 r10=D8E8 r11=0494 r12=8383 r13=047C r14=0000 r15=43E8
t=74.627641250 pc=0002091A fcw=D8E8 r0=010F r1=0103 r2=0000 r3=12F8 r4=3D00 r5=2FFC r6=0000 r7=0000 r8=7F06 r9=D848 r10=D8E8 r11=0494 r12=8383 r13=047C r14=0000 r15=43E8
t=74.627643250 pc=0002091C fcw=D8E8 r0=010F r1=0103 r2=0000 r3=12F8 r4=3D00 r5=2FFC r6=0000 r7=0000 r8=7F06 r9=D848 r10=D8E8 r11=0494 r12=8383 r13=047C r14=0000 r15=43E8
t=74.627644750 pc=0002091E fcw=D8E8 r0=0103 r1=010F r2=0000 r3=12F8 r4=3D00 r5=2FFC r6=0000 r7=0000 r8=7F06 r9=D848 r10=D8E8 r11=0494 r12=8383 r13=047C r14=0000 r15=43E8
t=74.627647500 pc=00020920 fcw=D8E8 r0=0103 r1=010F r2=0000 r3=12F8 r4=3D00 r5=2FFC r6=0000 r7=0000 r8=7F06 r9=D848 r10=D8E8 r11=0494 r12=8383 r13=047C r14=0000 r15=43E8
t=74.627649000 pc=00020912 fcw=D8E8 r0=0103 r1=010F r2=0000 r3=12F8 r4=3D00 r5=2FFC r6=0000 r7=0000 r8=7F06 r9=D848 r10=D8E8 r11=0494 r12=8383 r13=047C r14=0000 r15=43E8
t=74.627650750 pc=00020914 fcw=D8E8 r0=0103 r1=010F r2=0000 r3=12F8 r4=3D00 r5=2FFC r6=0000 r7=0000 r8=7F06 r9=D848 r10=D8E8 r11=0494 r12=8383 r13=047C r14=0000 r15=43E8
t=74.627652500 pc=00020916 fcw=D8E8 r0=0103 r1=010F r2=0000 r3=12F8 r4=3D00 r5=2FFC r6=0000 r7=0000 r8=7F06 r9=D848 r10=D8E8 r11=0494 r12=8383 r13=047C r14=0000 r15=43E8
t=74.627656000 pc=0002091A fcw=D8E8 r0=0103 r1=010F r2=0000 r3=12F8 r4=3D00 r5=2FFC r6=0000 r7=0000 r8=7F06 r9=D848 r10=D8E8 r11=0494 r12=8383 r13=047C r14=0000 r15=43E8
t=74.627658000 pc=0002091C fcw=D8E8 r0=0103 r1=010F r2=0000 r3=12F8 r4=3D00 r5=2FFC r6=0000 r7=0000 r8=7F06 r9=D848 r10=D8E8 r11=0494 r12=8383 r13=047C r14=0000 r15=43E8
t=74.627659500 pc=0002091E fcw=D8E8 r0=010F r1=0103 r2=0000 r3=12F8 r4=3D00 r5=2FFC r6=0000 r7=0000 r8=7F06 r9=D848 r10=D8E8 r11=0494 r12=8383 r13=047C r14=0000 r15=43E8
t=74.627662250 pc=00020920 fcw=D8E8 r0=010F r1=0103 r2=0000 r3=12F8 r4=3D00 r5=2FFC r6=0000 r7=0000 r8=7F06 r9=D848 r10=D8E8 r11=0494 r12=8383 r13=047C r14=0000 r15=43E8
t=74.627663750 pc=00020912 fcw=D8E8 r0=010F r1=0103 r2=0000 r3=12F8 r4=3D00 r5=2FFC r6=0000 r7=0000 r8=7F06 r9=D848 r10=D8E8 r11=0494 r12=8383 r13=047C r14=0000 r15=43E8
t=74.627665500 pc=00020914 fcw=D8E8 r0=010F r1=0103 r2=0000 r3=12F8 r4=3D00 r5=2FFC r6=0000 r7=0000 r8=7F06 r9=D848 r10=D8E8 r11=0494 r12=8383 r13=047C r14=0000 r15=43E8
t=74.627667250 pc=00020916 fcw=D8E8 r0=010F r1=0103 r2=0000 r3=12F8 r4=3D00 r5=2FFC r6=0000 r7=0000 r8=7F06 r9=D848 r10=D8E8 r11=0494 r12=8383 r13=047C r14=0000 r15=43E8
t=74.627670750 pc=0002091A fcw=D8E8 r0=010F r1=0103 r2=0000 r3=12F8 r4=3D00 r5=2FFC r6=0000 r7=0000 r8=7F06 r9=D848 r10=D8E8 r11=0494 r12=8383 r13=047C r14=0000 r15=43E8
t=74.627672750 pc=0002091C fcw=D8E8 r0=010F r1=0103 r2=0000 r3=12F8 r4=3D00 r5=2FFC r6=0000 r7=0000 r8=7F06 r9=D848 r10=D8E8 r11=0494 r12=8383 r13=047C r14=0000 r15=43E8
t=74.627674250 pc=0002091E fcw=D8E8 r0=0103 r1=010F r2=0000 r3=12F8 r4=3D00 r5=2FFC r6=0000 r7=0000 r8=7F06 r9=D848 r10=D8E8 r11=0494 r12=8383 r13=047C r14=0000 r15=43E8
t=74.627677000 pc=00020920 fcw=D8E8 r0=0103 r1=010F r2=0000 r3=12F8 r4=3D00 r5=2FFC r6=0000 r7=0000 r8=7F06 r9=D848 r10=D8E8 r11=0494 r12=8383 r13=047C r14=0000 r15=43E8
t=74.627678500 pc=00020912 fcw=D8E8 r0=0103 r1=010F r2=0000 r3=12F8 r4=3D00 r5=2FFC r6=0000 r7=0000 r8=7F06 r9=D848 r10=D8E8 r11=0494 r12=8383 r13=047C r14=0000 r15=43E8
t=74.627680250 pc=00020914 fcw=D8E8 r0=0103 r1=010F r2=0000 r3=12F8 r4=3D00 r5=2FFC r6=0000 r7=0000 r8=7F06 r9=D848 r10=D8E8 r11=0494 r12=8383 r13=047C r14=0000 r15=43E8
t=74.627682000 pc=00020916 fcw=D8E8 r0=0103 r1=010F r2=0000 r3=12F8 r4=3D00 r5=2FFC r6=0000 r7=0000 r8=7F06 r9=D848 r10=D8E8 r11=0494 r12=8383 r13=047C r14=0000 r15=43E8
t=74.627685500 pc=0002091A fcw=D8E8 r0=0103 r1=010F r2=0000 r3=12F8 r4=3D00 r5=2FFC r6=0000 r7=0000 r8=7F06 r9=D848 r10=D8E8 r11=0494 r12=8383 r13=047C r14=0000 r15=43E8
t=74.627687500 pc=0002091C fcw=D8E8 r0=0103 r1=010F r2=0000 r3=12F8 r4=3D00 r5=2FFC r6=0000 r7=0000 r8=7F06 r9=D848 r10=D8E8 r11=0494 r12=8383 r13=047C r14=0000 r15=43E8
t=74.627689000 pc=0002091E fcw=D8E8 r0=010F r1=0103 r2=0000 r3=12F8 r4=3D00 r5=2FFC r6=0000 r7=0000 r8=7F06 r9=D848 r10=D8E8 r11=0494 r12=8383 r13=047C r14=0000 r15=43E8
t=74.627691750 pc=00020920 fcw=D8E8 r0=010F r1=0103 r2=0000 r3=12F8 r4=3D00 r5=2FFC r6=0000 r7=0000 r8=7F06 r9=D848 r10=D8E8 r11=0494 r12=8383 r13=047C r14=0000 r15=43E8
t=74.627693250 pc=00020912 fcw=D8E8 r0=010F r1=0103 r2=0000 r3=12F8 r4=3D00 r5=2FFC r6=0000 r7=0000 r8=7F06 r9=D848 r10=D8E8 r11=0494 r12=8383 r13=047C r14=0000 r15=43E8
t=74.627695000 pc=00020914 fcw=D8E8 r0=010F r1=0103 r2=0000 r3=12F8 r4=3D00 r5=2FFC r6=0000 r7=0000 r8=7F06 r9=D848 r10=D8E8 r11=0494 r12=8383 r13=047C r14=0000 r15=43E8
t=74.627696750 pc=00020916 fcw=D8E8 r0=010F r1=0103 r2=0000 r3=12F8 r4=3D00 r5=2FFC r6=0000 r7=0000 r8=7F06 r9=D848 r10=D8E8 r11=0494 r12=8383 r13=047C r14=0000 r15=43E8
t=74.627700250 pc=0002091A fcw=D8E8 r0=010F r1=0103 r2=0000 r3=12F8 r4=3D00 r5=2FFC r6=0000 r7=0000 r8=7F06 r9=D848 r10=D8E8 r11=0494 r12=8383 r13=047C r14=0000 r15=43E8
t=74.627702250 pc=0002091C fcw=D8E8 r0=010F r1=0103 r2=0000 r3=12F8 r4=3D00 r5=2FFC r6=0000 r7=0000 r8=7F06 r9=D848 r10=D8E8 r11=0494 r12=8383 r13=047C r14=0000 r15=43E8
t=74.627703750 pc=0002091E fcw=D8E8 r0=0103 r1=010F r2=0000 r3=12F8 r4=3D00 r5=2FFC r6=0000 r7=0000 r8=7F06 r9=D848 r10=D8E8 r11=0494 r12=8383 r13=047C r14=0000 r15=43E8
t=74.627706500 pc=00020920 fcw=D8E8 r0=0103 r1=010F r2=0000 r3=12F8 r4=3D00 r5=2FFC r6=0000 r7=0000 r8=7F06 r9=D848 r10=D8E8 r11=0494 r12=8383 r13=047C r14=0000 r15=43E8
t=74.627708000 pc=00020912 fcw=D8E8 r0=0103 r1=010F r2=0000 r3=12F8 r4=3D00 r5=2FFC r6=0000 r7=0000 r8=7F06 r9=D848 r10=D8E8 r11=0494 r12=8383 r13=047C r14=0000 r15=43E8
t=74.627709750 pc=00020914 fcw=D8E8 r0=0103 r1=010F r2=0000 r3=12F8 r4=3D00 r5=2FFC r6=0000 r7=0000 r8=7F06 r9=D848 r10=D8E8 r11=0494 r12=8383 r13=047C r14=0000 r15=43E8
t=74.627711500 pc=00020916 fcw=D8E8 r0=0103 r1=010F r2=0000 r3=12F8 r4=3D00 r5=2FFC r6=0000 r7=0000 r8=7F06 r9=D848 r10=D8E8 r11=0494 r12=8383 r13=047C r14=0000 r15=43E8
t=74.627715000 pc=0002091A fcw=D8E8 r0=0103 r1=010F r2=0000 r3=12F8 r4=3D00 r5=2FFC r6=0000 r7=0000 r8=7F06 r9=D848 r10=D8E8 r11=0494 r12=8383 r13=047C r14=0000 r15=43E8
t=74.627717250 pc=0002091C fcw=D8E8 r0=0103 r1=010F r2=0000 r3=12F8 r4=3D00 r5=2FFC r6=0000 r7=0000 r8=7F06 r9=D848 r10=D8E8 r11=0494 r12=8383 r13=047C r14=0000 r15=43E8
t=74.627718750 pc=0002091E fcw=D8E8 r0=010F r1=0103 r2=0000 r3=12F8 r4=3D00 r5=2FFC r6=0000 r7=0000 r8=7F06 r9=D848 r10=D8E8 r11=0494 r12=8383 r13=047C r14=0000 r15=43E8
t=74.627721500 pc=00020920 fcw=D8E8 r0=010F r1=0103 r2=0000 r3=12F8 r4=3D00 r5=2FFC r6=0000 r7=0000 r8=7F06 r9=D848 r10=D8E8 r11=0494 r12=8383 r13=047C r14=0000 r15=43E8
t=74.627723000 pc=00020912 fcw=D8E8 r0=010F r1=0103 r2=0000 r3=12F8 r4=3D00 r5=2FFC r6=0000 r7=0000 r8=7F06 r9=D848 r10=D8E8 r11=0494 r12=8383 r13=047C r14=0000 r15=43E8
t=74.627724750 pc=00020914 fcw=D8E8 r0=010F r1=0103 r2=0000 r3=12F8 r4=3D00 r5=2FFC r6=0000 r7=0000 r8=7F06 r9=D848 r10=D8E8 r11=0494 r12=8383 r13=047C r14=0000 r15=43E8
t=74.627726500 pc=00020916 fcw=D8E8 r0=010F r1=0103 r2=0000 r3=12F8 r4=3D00 r5=2FFC r6=0000 r7=0000 r8=7F06 r9=D848 r10=D8E8 r11=0494 r12=8383 r13=047C r14=0000 r15=43E8
t=74.627730000 pc=0002091A fcw=D8E8 r0=010F r1=0103 r2=0000 r3=12F8 r4=3D00 r5=2FFC r6=0000 r7=0000 r8=7F06 r9=D848 r10=D8E8 r11=0494 r12=8383 r13=047C r14=0000 r15=43E8
t=74.627732000 pc=0002091C fcw=D8E8 r0=010F r1=0103 r2=0000 r3=12F8 r4=3D00 r5=2FFC r6=0000 r7=0000 r8=7F06 r9=D848 r10=D8E8 r11=0494 r12=8383 r13=047C r14=0000 r15=43E8
t=74.627733500 pc=0002091E fcw=D8E8 r0=0103 r1=010F r2=0000 r3=12F8 r4=3D00 r5=2FFC r6=0000 r7=0000 r8=7F06 r9=D848 r10=D8E8 r11=0494 r12=8383 r13=047C r14=0000 r15=43E8
t=74.627736250 pc=00020920 fcw=D8E8 r0=0103 r1=010F r2=0000 r3=12F8 r4=3D00 r5=2FFC r6=0000 r7=0000 r8=7F06 r9=D848 r10=D8E8 r11=0494 r12=8383 r13=047C r14=0000 r15=43E8
t=74.627737750 pc=00020912 fcw=D8E8 r0=0103 r1=010F r2=0000 r3=12F8 r4=3D00 r5=2FFC r6=0000 r7=0000 r8=7F06 r9=D848 r10=D8E8 r11=0494 r12=8383 r13=047C r14=0000 r15=43E8
t=74.627739500 pc=00020914 fcw=D8E8 r0=0103 r1=010F r2=0000 r3=12F8 r4=3D00 r5=2FFC r6=0000 r7=0000 r8=7F06 r9=D848 r10=D8E8 r11=0494 r12=8383 r13=047C r14=0000 r15=43E8
t=74.627741250 pc=00020916 fcw=D8E8 r0=0103 r1=010F r2=0000 r3=12F8 r4=3D00 r5=2FFC r6=0000 r7=0000 r8=7F06 r9=D848 r10=D8E8 r11=0494 r12=8383 r13=047C r14=0000 r15=43E8
t=74.627744750 pc=0002091A fcw=D8E8 r0=0103 r1=010F r2=0000 r3=12F8 r4=3D00 r5=2FFC r6=0000 r7=0000 r8=7F06 r9=D848 r10=D8E8 r11=0494 r12=8383 r13=047C r14=0000 r15=43E8
t=74.627746750 pc=0002091C fcw=D8E8 r0=0103 r1=010F r2=0000 r3=12F8 r4=3D00 r5=2FFC r6=0000 r7=0000 r8=7F06 r9=D848 r10=D8E8 r11=0494 r12=8383 r13=047C r14=0000 r15=43E8
t=74.627748250 pc=0002091E fcw=D8E8 r0=010F r1=0103 r2=0000 r3=12F8 r4=3D00 r5=2FFC r6=0000 r7=0000 r8=7F06 r9=D848 r10=D8E8 r11=0494 r12=8383 r13=047C r14=0000 r15=43E8
t=74.627751000 pc=00020920 fcw=D8E8 r0=010F r1=0103 r2=0000 r3=12F8 r4=3D00 r5=2FFC r6=0000 r7=0000 r8=7F06 r9=D848 r10=D8E8 r11=0494 r12=8383 r13=047C r14=0000 r15=43E8
t=74.627752500 pc=00020912 fcw=D8E8 r0=010F r1=0103 r2=0000 r3=12F8 r4=3D00 r5=2FFC r6=0000 r7=0000 r8=7F06 r9=D848 r10=D8E8 r11=0494 r12=8383 r13=047C r14=0000 r15=43E8
t=74.627754250 pc=00020914 fcw=D8E8 r0=010F r1=0103 r2=0000 r3=12F8 r4=3D00 r5=2FFC r6=0000 r7=0000 r8=7F06 r9=D848 r10=D8E8 r11=0494 r12=8383 r13=047C r14=0000 r15=43E8
t=74.627756000 pc=00020916 fcw=D8E8 r0=010F r1=0103 r2=0000 r3=12F8 r4=3D00 r5=2FFC r6=0000 r7=0000 r8=7F06 r9=D848 r10=D8E8 r11=0494 r12=8383 r13=047C r14=0000 r15=43E8
t=74.627759500 pc=0002091A fcw=D8E8 r0=010F r1=0103 r2=0000 r3=12F8 r4=3D00 r5=2FFC r6=0000 r7=0000 r8=7F06 r9=D848 r10=D8E8 r11=0494 r12=8383 r13=047C r14=0000 r15=43E8
t=74.627761500 pc=0002091C fcw=D8E8 r0=010F r1=0103 r2=0000 r3=12F8 r4=3D00 r5=2FFC r6=0000 r7=0000 r8=7F06 r9=D848 r10=D8E8 r11=0494 r12=8383 r13=047C r14=0000 r15=43E8
t=74.627763000 pc=0002091E fcw=D8E8 r0=0103 r1=010F r2=0000 r3=12F8 r4=3D00 r5=2FFC r6=0000 r7=0000 r8=7F06 r9=D848 r10=D8E8 r11=0494 r12=8383 r13=047C r14=0000 r15=43E8
t=74.627765750 pc=00020920 fcw=D8E8 r0=0103 r1=010F r2=0000 r3=12F8 r4=3D00 r5=2FFC r6=0000 r7=0000 r8=7F06 r9=D848 r10=D8E8 r11=0494 r12=8383 r13=047C r14=0000 r15=43E8
t=74.627767250 pc=00020912 fcw=D8E8 r0=0103 r1=010F r2=0000 r3=12F8 r4=3D00 r5=2FFC r6=0000 r7=0000 r8=7F06 r9=D848 r10=D8E8 r11=0494 r12=8383 r13=047C r14=0000 r15=43E8
t=74.627769000 pc=00020914 fcw=D8E8 r0=0103 r1=010F r2=0000 r3=12F8 r4=3D00 r5=2FFC r6=0000 r7=0000 r8=7F06 r9=D848 r10=D8E8 r11=0494 r12=8383 r13=047C r14=0000 r15=43E8
t=74.627770750 pc=00020916 fcw=D8E8 r0=0103 r1=010F r2=0000 r3=12F8 r4=3D00 r5=2FFC r6=0000 r7=0000 r8=7F06 r9=D848 r10=D8E8 r11=0494 r12=8383 r13=047C r14=0000 r15=43E8
t=74.627774250 pc=0002091A fcw=D8E8 r0=0103 r1=010F r2=0000 r3=12F8 r4=3D00 r5=2FFC r6=0000 r7=0000 r8=7F06 r9=D848 r10=D8E8 r11=0494 r12=8383 r13=047C r14=0000 r15=43E8
t=74.627776250 pc=0002091C fcw=D8E8 r0=0103 r1=010F r2=0000 r3=12F8 r4=3D00 r5=2FFC r6=0000 r7=0000 r8=7F06 r9=D848 r10=D8E8 r11=0494 r12=8383 r13=047C r14=0000 r15=43E8
t=74.627777750 pc=0002091E fcw=D8E8 r0=010F r1=0103 r2=0000 r3=12F8 r4=3D00 r5=2FFC r6=0000 r7=0000 r8=7F06 r9=D848 r10=D8E8 r11=0494 r12=8383 r13=047C r14=0000 r15=43E8
t=74.627780500 pc=00020920 fcw=D8E8 r0=010F r1=0103 r2=0000 r3=12F8 r4=3D00 r5=2FFC r6=0000 r7=0000 r8=7F06 r9=D848 r10=D8E8 r11=0494 r12=8383 r13=047C r14=0000 r15=43E8
t=74.627782000 pc=00020912 fcw=D8E8 r0=010F r1=0103 r2=0000 r3=12F8 r4=3D00 r5=2FFC r6=0000 r7=0000 r8=7F06 r9=D848 r10=D8E8 r11=0494 r12=8383 r13=047C r14=0000 r15=43E8
t=74.627783750 pc=00020914 fcw=D8E8 r0=010F r1=0103 r2=0000 r3=12F8 r4=3D00 r5=2FFC r6=0000 r7=0000 r8=7F06 r9=D848 r10=D8E8 r11=0494 r12=8383 r13=047C r14=0000 r15=43E8
t=74.627785500 pc=00020916 fcw=D8E8 r0=010F r1=0103 r2=0000 r3=12F8 r4=3D00 r5=2FFC r6=0000 r7=0000 r8=7F06 r9=D848 r10=D8E8 r11=0494 r12=8383 r13=047C r14=0000 r15=43E8
t=74.627789000 pc=0002091A fcw=D8E8 r0=010F r1=0103 r2=0000 r3=12F8 r4=3D00 r5=2FFC r6=0000 r7=0000 r8=7F06 r9=D848 r10=D8E8 r11=0494 r12=8383 r13=047C r14=0000 r15=43E8
t=74.627791000 pc=0002091C fcw=D8E8 r0=010F r1=0103 r2=0000 r3=12F8 r4=3D00 r5=2FFC r6=0000 r7=0000 r8=7F06 r9=D848 r10=D8E8 r11=0494 r12=8383 r13=047C r14=0000 r15=43E8
t=74.627792500 pc=0002091E fcw=D8E8 r0=0103 r1=010F r2=0000 r3=12F8 r4=3D00 r5=2FFC r6=0000 r7=0000 r8=7F06 r9=D848 r10=D8E8 r11=0494 r12=8383 r13=047C r14=0000 r15=43E8
t=74.627795250 pc=00020920 fcw=D8E8 r0=0103 r1=010F r2=0000 r3=12F8 r4=3D00 r5=2FFC r6=0000 r7=0000 r8=7F06 r9=D848 r10=D8E8 r11=0494 r12=8383 r13=047C r14=0000 r15=43E8
t=74.627796750 pc=00020912 fcw=D8E8 r0=0103 r1=010F r2=0000 r3=12F8 r4=3D00 r5=2FFC r6=0000 r7=0000 r8=7F06 r9=D848 r10=D8E8 r11=0494 r12=8383 r13=047C r14=0000 r15=43E8
t=74.627798500 pc=00020914 fcw=D8E8 r0=0103 r1=010F r2=0000 r3=12F8 r4=3D00 r5=2FFC r6=0000 r7=0000 r8=7F06 r9=D848 r10=D8E8 r11=0494 r12=8383 r13=047C r14=0000 r15=43E8
t=74.627800250 pc=00020916 fcw=D8E8 r0=0103 r1=010F r2=0000 r3=12F8 r4=3D00 r5=2FFC r6=0000 r7=0000 r8=7F06 r9=D848 r10=D8E8 r11=0494 r12=8383 r13=047C r14=0000 r15=43E8
t=74.627803750 pc=0002091A fcw=D8E8 r0=0103 r1=010F r2=0000 r3=12F8 r4=3D00 r5=2FFC r6=0000 r7=0000 r8=7F06 r9=D848 r10=D8E8 r11=0494 r12=8383 r13=047C r14=0000 r15=43E8
t=74.627805750 pc=0002091C fcw=D8E8 r0=0103 r1=010F r2=0000 r3=12F8 r4=3D00 r5=2FFC r6=0000 r7=0000 r8=7F06 r9=D848 r10=D8E8 r11=0494 r12=8383 r13=047C r14=0000 r15=43E8
t=74.627807250 pc=0002091E fcw=D8E8 r0=010F r1=0103 r2=0000 r3=12F8 r4=3D00 r5=2FFC r6=0000 r7=0000 r8=7F06 r9=D848 r10=D8E8 r11=0494 r12=8383 r13=047C r14=0000 r15=43E8
t=74.627810000 pc=00020920 fcw=D8E8 r0=010F r1=0103 r2=0000 r3=12F8 r4=3D00 r5=2FFC r6=0000 r7=0000 r8=7F06 r9=D848 r10=D8E8 r11=0494 r12=8383 r13=047C r14=0000 r15=43E8
t=74.627811500 pc=00020912 fcw=D8E8 r0=010F r1=0103 r2=0000 r3=12F8 r4=3D00 r5=2FFC r6=0000 r7=0000 r8=7F06 r9=D848 r10=D8E8 r11=0494 r12=8383 r13=047C r14=0000 r15=43E8
t=74.627813250 pc=00020914 fcw=D8E8 r0=010F r1=0103 r2=0000 r3=12F8 r4=3D00 r5=2FFC r6=0000 r7=0000 r8=7F06 r9=D848 r10=D8E8 r11=0494 r12=8383 r13=047C r14=0000 r15=43E8
t=74.627815000 pc=00020916 fcw=D8E8 r0=010F r1=0103 r2=0000 r3=12F8 r4=3D00 r5=2FFC r6=0000 r7=0000 r8=7F06 r9=D848 r10=D8E8 r11=0494 r12=8383 r13=047C r14=0000 r15=43E8
t=74.627818500 pc=0002091A fcw=D8E8 r0=010F r1=0103 r2=0000 r3=12F8 r4=3D00 r5=2FFC r6=0000 r7=0000 r8=7F06 r9=D848 r10=D8E8 r11=0494 r12=8383 r13=047C r14=0000 r15=43E8
t=74.627820500 pc=0002091C fcw=D8E8 r0=010F r1=0103 r2=0000 r3=12F8 r4=3D00 r5=2FFC r6=0000 r7=0000 r8=7F06 r9=D848 r10=D8E8 r11=0494 r12=8383 r13=047C r14=0000 r15=43E8
t=74.627822000 pc=0002091E fcw=D8E8 r0=0103 r1=010F r2=0000 r3=12F8 r4=3D00 r5=2FFC r6=0000 r7=0000 r8=7F06 r9=D848 r10=D8E8 r11=0494 r12=8383 r13=047C r14=0000 r15=43E8
t=74.627824750 pc=00020920 fcw=D8E8 r0=0103 r1=010F r2=0000 r3=12F8 r4=3D00 r5=2FFC r6=0000 r7=0000 r8=7F06 r9=D848 r10=D8E8 r11=0494 r12=8383 r13=047C r14=0000 r15=43E8
t=74.627826250 pc=00020912 fcw=D8E8 r0=0103 r1=010F r2=0000 r3=12F8 r4=3D00 r5=2FFC r6=0000 r7=0000 r8=7F06 r9=D848 r10=D8E8 r11=0494 r12=8383 r13=047C r14=0000 r15=43E8
t=74.627828000 pc=00020914 fcw=D8E8 r0=0103 r1=010F r2=0000 r3=12F8 r4=3D00 r5=2FFC r6=0000 r7=0000 r8=7F06 r9=D848 r10=D8E8 r11=0494 r12=8383 r13=047C r14=0000 r15=43E8
t=74.627829750 pc=00020916 fcw=D8E8 r0=0103 r1=010F r2=0000 r3=12F8 r4=3D00 r5=2FFC r6=0000 r7=0000 r8=7F06 r9=D848 r10=D8E8 r11=0494 r12=8383 r13=047C r14=0000 r15=43E8
t=74.627833250 pc=0002091A fcw=D8E8 r0=0103 r1=010F r2=0000 r3=12F8 r4=3D00 r5=2FFC r6=0000 r7=0000 r8=7F06 r9=D848 r10=D8E8 r11=0494 r12=8383 r13=047C r14=0000 r15=43E8
t=74.627835250 pc=0002091C fcw=D8E8 r0=0103 r1=010F r2=0000 r3=12F8 r4=3D00 r5=2FFC r6=0000 r7=0000 r8=7F06 r9=D848 r10=D8E8 r11=0494 r12=8383 r13=047C r14=0000 r15=43E8
t=74.627836750 pc=0002091E fcw=D8E8 r0=010F r1=0103 r2=0000 r3=12F8 r4=3D00 r5=2FFC r6=0000 r7=0000 r8=7F06 r9=D848 r10=D8E8 r11=0494 r12=8383 r13=047C r14=0000 r15=43E8
t=74.627839500 pc=00020920 fcw=D8E8 r0=010F r1=0103 r2=0000 r3=12F8 r4=3D00 r5=2FFC r6=0000 r7=0000 r8=7F06 r9=D848 r10=D8E8 r11=0494 r12=8383 r13=047C r14=0000 r15=43E8
t=74.627841000 pc=00020912 fcw=D8E8 r0=010F r1=0103 r2=0000 r3=12F8 r4=3D00 r5=2FFC r6=0000 r7=0000 r8=7F06 r9=D848 r10=D8E8 r11=0494 r12=8383 r13=047C r14=0000 r15=43E8
t=74.627842750 pc=00020914 fcw=D8E8 r0=010F r1=0103 r2=0000 r3=12F8 r4=3D00 r5=2FFC r6=0000 r7=0000 r8=7F06 r9=D848 r10=D8E8 r11=0494 r12=8383 r13=047C r14=0000 r15=43E8
t=74.627844500 pc=00020916 fcw=D8E8 r0=010F r1=0103 r2=0000 r3=12F8 r4=3D00 r5=2FFC r6=0000 r7=0000 r8=7F06 r9=D848 r10=D8E8 r11=0494 r12=8383 r13=047C r14=0000 r15=43E8
t=74.627848000 pc=0002091A fcw=D8E8 r0=010F r1=0103 r2=0000 r3=12F8 r4=3D00 r5=2FFC r6=0000 r7=0000 r8=7F06 r9=D848 r10=D8E8 r11=0494 r12=8383 r13=047C r14=0000 r15=43E8
t=74.627850000 pc=0002091C fcw=D8E8 r0=010F r1=0103 r2=0000 r3=12F8 r4=3D00 r5=2FFC r6=0000 r7=0000 r8=7F06 r9=D848 r10=D8E8 r11=0494 r12=8383 r13=047C r14=0000 r15=43E8
t=74.627851500 pc=0002091E fcw=D8E8 r0=0103 r1=010F r2=0000 r3=12F8 r4=3D00 r5=2FFC r6=0000 r7=0000 r8=7F06 r9=D848 r10=D8E8 r11=0494 r12=8383 r13=047C r14=0000 r15=43E8
t=74.627854250 pc=00020920 fcw=D8E8 r0=0103 r1=010F r2=0000 r3=12F8 r4=3D00 r5=2FFC r6=0000 r7=0000 r8=7F06 r9=D848 r10=D8E8 r11=0494 r12=8383 r13=047C r14=0000 r15=43E8
t=74.627855750 pc=00020912 fcw=D8E8 r0=0103 r1=010F r2=0000 r3=12F8 r4=3D00 r5=2FFC r6=0000 r7=0000 r8=7F06 r9=D848 r10=D8E8 r11=0494 r12=8383 r13=047C r14=0000 r15=43E8
t=74.627857500 pc=00020914 fcw=D8E8 r0=0103 r1=010F r2=0000 r3=12F8 r4=3D00 r5=2FFC r6=0000 r7=0000 r8=7F06 r9=D848 r10=D8E8 r11=0494 r12=8383 r13=047C r14=0000 r15=43E8
t=74.627859250 pc=00020916 fcw=D8E8 r0=0103 r1=010F r2=0000 r3=12F8 r4=3D00 r5=2FFC r6=0000 r7=0000 r8=7F06 r9=D848 r10=D8E8 r11=0494 r12=8383 r13=047C r14=0000 r15=43E8
t=74.627862750 pc=0002091A fcw=D8E8 r0=0103 r1=010F r2=0000 r3=12F8 r4=3D00 r5=2FFC r6=0000 r7=0000 r8=7F06 r9=D848 r10=D8E8 r11=0494 r12=8383 r13=047C r14=0000 r15=43E8
t=74.627864750 pc=0002091C fcw=D8E8 r0=0103 r1=010F r2=0000 r3=12F8 r4=3D00 r5=2FFC r6=0000 r7=0000 r8=7F06 r9=D848 r10=D8E8 r11=0494 r12=8383 r13=047C r14=0000 r15=43E8
t=74.627866250 pc=0002091E fcw=D8E8 r0=010F r1=0103 r2=0000 r3=12F8 r4=3D00 r5=2FFC r6=0000 r7=0000 r8=7F06 r9=D848 r10=D8E8 r11=0494 r12=8383 r13=047C r14=0000 r15=43E8
t=74.627869000 pc=00020920 fcw=D8E8 r0=010F r1=0103 r2=0000 r3=12F8 r4=3D00 r5=2FFC r6=0000 r7=0000 r8=7F06 r9=D848 r10=D8E8 r11=0494 r12=8383 r13=047C r14=0000 r15=43E8
t=74.627870500 pc=00020912 fcw=D8E8 r0=010F r1=0103 r2=0000 r3=12F8 r4=3D00 r5=2FFC r6=0000 r7=0000 r8=7F06 r9=D848 r10=D8E8 r11=0494 r12=8383 r13=047C r14=0000 r15=43E8
t=74.627872250 pc=00020914 fcw=D8E8 r0=010F r1=0103 r2=0000 r3=12F8 r4=3D00 r5=2FFC r6=0000 r7=0000 r8=7F06 r9=D848 r10=D8E8 r11=0494 r12=8383 r13=047C r14=0000 r15=43E8
t=74.627874000 pc=00020916 fcw=D8E8 r0=010F r1=0103 r2=0000 r3=12F8 r4=3D00 r5=2FFC r6=0000 r7=0000 r8=7F06 r9=D848 r10=D8E8 r11=0494 r12=8383 r13=047C r14=0000 r15=43E8
t=74.627877500 pc=0002091A fcw=D8E8 r0=010F r1=0103 r2=0000 r3=12F8 r4=3D00 r5=2FFC r6=0000 r7=0000 r8=7F06 r9=D848 r10=D8E8 r11=0494 r12=8383 r13=047C r14=0000 r15=43E8
t=74.627879500 pc=0002091C fcw=D8E8 r0=010F r1=0103 r2=0000 r3=12F8 r4=3D00 r5=2FFC r6=0000 r7=0000 r8=7F06 r9=D848 r10=D8E8 r11=0494 r12=8383 r13=047C r14=0000 r15=43E8
t=74.627881000 pc=0002091E fcw=D8E8 r0=0103 r1=010F r2=0000 r3=12F8 r4=3D00 r5=2FFC r6=0000 r7=0000 r8=7F06 r9=D848 r10=D8E8 r11=0494 r12=8383 r13=047C r14=0000 r15=43E8
t=74.627883750 pc=00020920 fcw=D8E8 r0=0103 r1=010F r2=0000 r3=12F8 r4=3D00 r5=2FFC r6=0000 r7=0000 r8=7F06 r9=D848 r10=D8E8 r11=0494 r12=8383 r13=047C r14=0000 r15=43E8
t=74.627885250 pc=00020912 fcw=D8E8 r0=0103 r1=010F r2=0000 r3=12F8 r4=3D00 r5=2FFC r6=0000 r7=0000 r8=7F06 r9=D848 r10=D8E8 r11=0494 r12=8383 r13=047C r14=0000 r15=43E8
t=74.627887000 pc=00020914 fcw=D8E8 r0=0103 r1=010F r2=0000 r3=12F8 r4=3D00 r5=2FFC r6=0000 r7=0000 r8=7F06 r9=D848 r10=D8E8 r11=0494 r12=8383 r13=047C r14=0000 r15=43E8
t=74.627888750 pc=00020916 fcw=D8E8 r0=0103 r1=010F r2=0000 r3=12F8 r4=3D00 r5=2FFC r6=0000 r7=0000 r8=7F06 r9=D848 r10=D8E8 r11=0494 r12=8383 r13=047C r14=0000 r15=43E8
t=74.627892250 pc=0002091A fcw=D8E8 r0=0103 r1=010F r2=0000 r3=12F8 r4=3D00 r5=2FFC r6=0000 r7=0000 r8=7F06 r9=D848 r10=D8E8 r11=0494 r12=8383 r13=047C r14=0000 r15=43E8
t=74.627894250 pc=0002091C fcw=D8E8 r0=0103 r1=010F r2=0000 r3=12F8 r4=3D00 r5=2FFC r6=0000 r7=0000 r8=7F06 r9=D848 r10=D8E8 r11=0494 r12=8383 r13=047C r14=0000 r15=43E8
t=74.627895750 pc=0002091E fcw=D8E8 r0=010F r1=0103 r2=0000 r3=12F8 r4=3D00 r5=2FFC r6=0000 r7=0000 r8=7F06 r9=D848 r10=D8E8 r11=0494 r12=8383 r13=047C r14=0000 r15=43E8
t=74.627898500 pc=00020920 fcw=D8E8 r0=010F r1=0103 r2=0000 r3=12F8 r4=3D00 r5=2FFC r6=0000 r7=0000 r8=7F06 r9=D848 r10=D8E8 r11=0494 r12=8383 r13=047C r14=0000 r15=43E8
t=74.627900000 pc=00020912 fcw=D8E8 r0=010F r1=0103 r2=0000 r3=12F8 r4=3D00 r5=2FFC r6=0000 r7=0000 r8=7F06 r9=D848 r10=D8E8 r11=0494 r12=8383 r13=047C r14=0000 r15=43E8
t=74.627901750 pc=00020914 fcw=D8E8 r0=010F r1=0103 r2=0000 r3=12F8 r4=3D00 r5=2FFC r6=0000 r7=0000 r8=7F06 r9=D848 r10=D8E8 r11=0494 r12=8383 r13=047C r14=0000 r15=43E8
t=74.627903500 pc=00020916 fcw=D8E8 r0=010F r1=0103 r2=0000 r3=12F8 r4=3D00 r5=2FFC r6=0000 r7=0000 r8=7F06 r9=D848 r10=D8E8 r11=0494 r12=8383 r13=047C r14=0000 r15=43E8
t=74.627907000 pc=0002091A fcw=D8E8 r0=010F r1=0103 r2=0000 r3=12F8 r4=3D00 r5=2FFC r6=0000 r7=0000 r8=7F06 r9=D848 r10=D8E8 r11=0494 r12=8383 r13=047C r14=0000 r15=43E8
t=74.627909250 pc=0002091C fcw=D8E8 r0=010F r1=0103 r2=0000 r3=12F8 r4=3D00 r5=2FFC r6=0000 r7=0000 r8=7F06 r9=D848 r10=D8E8 r11=0494 r12=8383 r13=047C r14=0000 r15=43E8
t=74.627910750 pc=0002091E fcw=D8E8 r0=0103 r1=010F r2=0000 r3=12F8 r4=3D00 r5=2FFC r6=0000 r7=0000 r8=7F06 r9=D848 r10=D8E8 r11=0494 r12=8383 r13=047C r14=0000 r15=43E8
t=74.627913500 pc=00020920 fcw=D8E8 r0=0103 r1=010F r2=0000 r3=12F8 r4=3D00 r5=2FFC r6=0000 r7=0000 r8=7F06 r9=D848 r10=D8E8 r11=0494 r12=8383 r13=047C r14=0000 r15=43E8
t=74.627915000 pc=00020912 fcw=D8E8 r0=0103 r1=010F r2=0000 r3=12F8 r4=3D00 r5=2FFC r6=0000 r7=0000 r8=7F06 r9=D848 r10=D8E8 r11=0494 r12=8383 r13=047C r14=0000 r15=43E8
t=74.627916750 pc=00020914 fcw=D8E8 r0=0103 r1=010F r2=0000 r3=12F8 r4=3D00 r5=2FFC r6=0000 r7=0000 r8=7F06 r9=D848 r10=D8E8 r11=0494 r12=8383 r13=047C r14=0000 r15=43E8
t=74.627918500 pc=00020916 fcw=D8E8 r0=0103 r1=010F r2=0000 r3=12F8 r4=3D00 r5=2FFC r6=0000 r7=0000 r8=7F06 r9=D848 r10=D8E8 r11=0494 r12=8383 r13=047C r14=0000 r15=43E8
t=74.627922000 pc=0002091A fcw=D8E8 r0=0103 r1=010F r2=0000 r3=12F8 r4=3D00 r5=2FFC r6=0000 r7=0000 r8=7F06 r9=D848 r10=D8E8 r11=0494 r12=8383 r13=047C r14=0000 r15=43E8
t=74.627924000 pc=0002091C fcw=D8E8 r0=0103 r1=010F r2=0000 r3=12F8 r4=3D00 r5=2FFC r6=0000 r7=0000 r8=7F06 r9=D848 r10=D8E8 r11=0494 r12=8383 r13=047C r14=0000 r15=43E8
t=74.627925500 pc=0002091E fcw=D8E8 r0=010F r1=0103 r2=0000 r3=12F8 r4=3D00 r5=2FFC r6=0000 r7=0000 r8=7F06 r9=D848 r10=D8E8 r11=0494 r12=8383 r13=047C r14=0000 r15=43E8
t=74.627928250 pc=00020920 fcw=D8E8 r0=010F r1=0103 r2=0000 r3=12F8 r4=3D00 r5=2FFC r6=0000 r7=0000 r8=7F06 r9=D848 r10=D8E8 r11=0494 r12=8383 r13=047C r14=0000 r15=43E8
t=74.627929750 pc=00020912 fcw=D8E8 r0=010F r1=0103 r2=0000 r3=12F8 r4=3D00 r5=2FFC r6=0000 r7=0000 r8=7F06 r9=D848 r10=D8E8 r11=0494 r12=8383 r13=047C r14=0000 r15=43E8
t=74.627931500 pc=00020914 fcw=D8E8 r0=010F r1=0103 r2=0000 r3=12F8 r4=3D00 r5=2FFC r6=0000 r7=0000 r8=7F06 r9=D848 r10=D8E8 r11=0494 r12=8383 r13=047C r14=0000 r15=43E8
t=74.627933250 pc=00020916 fcw=D8E8 r0=010F r1=0103 r2=0000 r3=12F8 r4=3D00 r5=2FFC r6=0000 r7=0000 r8=7F06 r9=D848 r10=D8E8 r11=0494 r12=8383 r13=047C r14=0000 r15=43E8
t=74.627936750 pc=0002091A fcw=D8E8 r0=010F r1=0103 r2=0000 r3=12F8 r4=3D00 r5=2FFC r6=0000 r7=0000 r8=7F06 r9=D848 r10=D8E8 r11=0494 r12=8383 r13=047C r14=0000 r15=43E8
t=74.627938750 pc=0002091C fcw=D8E8 r0=010F r1=0103 r2=0000 r3=12F8 r4=3D00 r5=2FFC r6=0000 r7=0000 r8=7F06 r9=D848 r10=D8E8 r11=0494 r12=8383 r13=047C r14=0000 r15=43E8
t=74.627940250 pc=0002091E fcw=D8E8 r0=0103 r1=010F r2=0000 r3=12F8 r4=3D00 r5=2FFC r6=0000 r7=0000 r8=7F06 r9=D848 r10=D8E8 r11=0494 r12=8383 r13=047C r14=0000 r15=43E8
t=74.627943000 pc=00020920 fcw=D8E8 r0=0103 r1=010F r2=0000 r3=12F8 r4=3D00 r5=2FFC r6=0000 r7=0000 r8=7F06 r9=D848 r10=D8E8 r11=0494 r12=8383 r13=047C r14=0000 r15=43E8
t=74.627944500 pc=00020912 fcw=D8E8 r0=0103 r1=010F r2=0000 r3=12F8 r4=3D00 r5=2FFC r6=0000 r7=0000 r8=7F06 r9=D848 r10=D8E8 r11=0494 r12=8383 r13=047C r14=0000 r15=43E8
t=74.627946250 pc=00020914 fcw=D8E8 r0=0103 r1=010F r2=0000 r3=12F8 r4=3D00 r5=2FFC r6=0000 r7=0000 r8=7F06 r9=D848 r10=D8E8 r11=0494 r12=8383 r13=047C r14=0000 r15=43E8
t=74.627948000 pc=00020916 fcw=D8E8 r0=0103 r1=010F r2=0000 r3=12F8 r4=3D00 r5=2FFC r6=0000 r7=0000 r8=7F06 r9=D848 r10=D8E8 r11=0494 r12=8383 r13=047C r14=0000 r15=43E8
t=74.627951500 pc=0002091A fcw=D8E8 r0=0103 r1=010F r2=0000 r3=12F8 r4=3D00 r5=2FFC r6=0000 r7=0000 r8=7F06 r9=D848 r10=D8E8 r11=0494 r12=8383 r13=047C r14=0000 r15=43E8
t=74.627953500 pc=0002091C fcw=D8E8 r0=0103 r1=010F r2=0000 r3=12F8 r4=3D00 r5=2FFC r6=0000 r7=0000 r8=7F06 r9=D848 r10=D8E8 r11=0494 r12=8383 r13=047C r14=0000 r15=43E8
t=74.627955000 pc=0002091E fcw=D8E8 r0=010F r1=0103 r2=0000 r3=12F8 r4=3D00 r5=2FFC r6=0000 r7=0000 r8=7F06 r9=D848 r10=D8E8 r11=0494 r12=8383 r13=047C r14=0000 r15=43E8
t=74.627957750 pc=00020920 fcw=D8E8 r0=010F r1=0103 r2=0000 r3=12F8 r4=3D00 r5=2FFC r6=0000 r7=0000 r8=7F06 r9=D848 r10=D8E8 r11=0494 r12=8383 r13=047C r14=0000 r15=43E8
t=74.627959250 pc=00020912 fcw=D8E8 r0=010F r1=0103 r2=0000 r3=12F8 r4=3D00 r5=2FFC r6=0000 r7=0000 r8=7F06 r9=D848 r10=D8E8 r11=0494 r12=8383 r13=047C r14=0000 r15=43E8
t=74.627961000 pc=00020914 fcw=D8E8 r0=010F r1=0103 r2=0000 r3=12F8 r4=3D00 r5=2FFC r6=0000 r7=0000 r8=7F06 r9=D848 r10=D8E8 r11=0494 r12=8383 r13=047C r14=0000 r15=43E8
t=74.627962750 pc=00020916 fcw=D8E8 r0=010F r1=0103 r2=0000 r3=12F8 r4=3D00 r5=2FFC r6=0000 r7=0000 r8=7F06 r9=D848 r10=D8E8 r11=0494 r12=8383 r13=047C r14=0000 r15=43E8
t=74.627966250 pc=0002091A fcw=D8E8 r0=010F r1=0103 r2=0000 r3=12F8 r4=3D00 r5=2FFC r6=0000 r7=0000 r8=7F06 r9=D848 r10=D8E8 r11=0494 r12=8383 r13=047C r14=0000 r15=43E8
t=74.627968250 pc=0002091C fcw=D8E8 r0=010F r1=0103 r2=0000 r3=12F8 r4=3D00 r5=2FFC r6=0000 r7=0000 r8=7F06 r9=D848 r10=D8E8 r11=0494 r12=8383 r13=047C r14=0000 r15=43E8
t=74.627969750 pc=0002091E fcw=D8E8 r0=0103 r1=010F r2=0000 r3=12F8 r4=3D00 r5=2FFC r6=0000 r7=0000 r8=7F06 r9=D848 r10=D8E8 r11=0494 r12=8383 r13=047C r14=0000 r15=43E8
t=74.627972500 pc=00020920 fcw=D8E8 r0=0103 r1=010F r2=0000 r3=12F8 r4=3D00 r5=2FFC r6=0000 r7=0000 r8=7F06 r9=D848 r10=D8E8 r11=0494 r12=8383 r13=047C r14=0000 r15=43E8
t=74.627974000 pc=00020912 fcw=D8E8 r0=0103 r1=010F r2=0000 r3=12F8 r4=3D00 r5=2FFC r6=0000 r7=0000 r8=7F06 r9=D848 r10=D8E8 r11=0494 r12=8383 r13=047C r14=0000 r15=43E8
t=74.627975750 pc=00020914 fcw=D8E8 r0=0103 r1=010F r2=0000 r3=12F8 r4=3D00 r5=2FFC r6=0000 r7=0000 r8=7F06 r9=D848 r10=D8E8 r11=0494 r12=8383 r13=047C r14=0000 r15=43E8
t=74.627977500 pc=00020916 fcw=D8E8 r0=0103 r1=010F r2=0000 r3=12F8 r4=3D00 r5=2FFC r6=0000 r7=0000 r8=7F06 r9=D848 r10=D8E8 r11=0494 r12=8383 r13=047C r14=0000 r15=43E8
t=74.627981000 pc=0002091A fcw=D8E8 r0=0103 r1=010F r2=0000 r3=12F8 r4=3D00 r5=2FFC r6=0000 r7=0000 r8=7F06 r9=D848 r10=D8E8 r11=0494 r12=8383 r13=047C r14=0000 r15=43E8
t=74.627983000 pc=0002091C fcw=D8E8 r0=0103 r1=010F r2=0000 r3=12F8 r4=3D00 r5=2FFC r6=0000 r7=0000 r8=7F06 r9=D848 r10=D8E8 r11=0494 r12=8383 r13=047C r14=0000 r15=43E8
t=74.627984500 pc=0002091E fcw=D8E8 r0=010F r1=0103 r2=0000 r3=12F8 r4=3D00 r5=2FFC r6=0000 r7=0000 r8=7F06 r9=D848 r10=D8E8 r11=0494 r12=8383 r13=047C r14=0000 r15=43E8
t=74.627987250 pc=00020920 fcw=D8E8 r0=010F r1=0103 r2=0000 r3=12F8 r4=3D00 r5=2FFC r6=0000 r7=0000 r8=7F06 r9=D848 r10=D8E8 r11=0494 r12=8383 r13=047C r14=0000 r15=43E8
t=74.627988750 pc=00020912 fcw=D8E8 r0=010F r1=0103 r2=0000 r3=12F8 r4=3D00 r5=2FFC r6=0000 r7=0000 r8=7F06 r9=D848 r10=D8E8 r11=0494 r12=8383 r13=047C r14=0000 r15=43E8
t=74.627990500 pc=00020914 fcw=D8E8 r0=010F r1=0103 r2=0000 r3=12F8 r4=3D00 r5=2FFC r6=0000 r7=0000 r8=7F06 r9=D848 r10=D8E8 r11=0494 r12=8383 r13=047C r14=0000 r15=43E8
t=74.627992250 pc=00020916 fcw=D8E8 r0=010F r1=0103 r2=0000 r3=12F8 r4=3D00 r5=2FFC r6=0000 r7=0000 r8=7F06 r9=D848 r10=D8E8 r11=0494 r12=8383 r13=047C r14=0000 r15=43E8
t=74.627995750 pc=0002091A fcw=D8E8 r0=010F r1=0103 r2=0000 r3=12F8 r4=3D00 r5=2FFC r6=0000 r7=0000 r8=7F06 r9=D848 r10=D8E8 r11=0494 r12=8383 r13=047C r14=0000 r15=43E8
t=74.627997750 pc=0002091C fcw=D8E8 r0=010F r1=0103 r2=0000 r3=12F8 r4=3D00 r5=2FFC r6=0000 r7=0000 r8=7F06 r9=D848 r10=D8E8 r11=0494 r12=8383 r13=047C r14=0000 r15=43E8
t=74.627999250 pc=0002091E fcw=D8E8 r0=0103 r1=010F r2=0000 r3=12F8 r4=3D00 r5=2FFC r6=0000 r7=0000 r8=7F06 r9=D848 r10=D8E8 r11=0494 r12=8383 r13=047C r14=0000 r15=43E8
t=74.628002000 pc=00020920 fcw=D8E8 r0=0103 r1=010F r2=0000 r3=12F8 r4=3D00 r5=2FFC r6=0000 r7=0000 r8=7F06 r9=D848 r10=D8E8 r11=0494 r12=8383 r13=047C r14=0000 r15=43E8
t=74.628003500 pc=00020912 fcw=D8E8 r0=0103 r1=010F r2=0000 r3=12F8 r4=3D00 r5=2FFC r6=0000 r7=0000 r8=7F06 r9=D848 r10=D8E8 r11=0494 r12=8383 r13=047C r14=0000 r15=43E8
t=74.628005250 pc=00020914 fcw=D8E8 r0=0103 r1=010F r2=0000 r3=12F8 r4=3D00 r5=2FFC r6=0000 r7=0000 r8=7F06 r9=D848 r10=D8E8 r11=0494 r12=8383 r13=047C r14=0000 r15=43E8
t=74.628007000 pc=00020916 fcw=D8E8 r0=0103 r1=010F r2=0000 r3=12F8 r4=3D00 r5=2FFC r6=0000 r7=0000 r8=7F06 r9=D848 r10=D8E8 r11=0494 r12=8383 r13=047C r14=0000 r15=43E8
t=74.628010500 pc=0002091A fcw=D8E8 r0=0103 r1=010F r2=0000 r3=12F8 r4=3D00 r5=2FFC r6=0000 r7=0000 r8=7F06 r9=D848 r10=D8E8 r11=0494 r12=8383 r13=047C r14=0000 r15=43E8
t=74.628012500 pc=0002091C fcw=D8E8 r0=0103 r1=010F r2=0000 r3=12F8 r4=3D00 r5=2FFC r6=0000 r7=0000 r8=7F06 r9=D848 r10=D8E8 r11=0494 r12=8383 r13=047C r14=0000 r15=43E8
t=74.628014000 pc=0002091E fcw=D8E8 r0=010F r1=0103 r2=0000 r3=12F8 r4=3D00 r5=2FFC r6=0000 r7=0000 r8=7F06 r9=D848 r10=D8E8 r11=0494 r12=8383 r13=047C r14=0000 r15=43E8
t=74.628016750 pc=00020920 fcw=D8E8 r0=010F r1=0103 r2=0000 r3=12F8 r4=3D00 r5=2FFC r6=0000 r7=0000 r8=7F06 r9=D848 r10=D8E8 r11=0494 r12=8383 r13=047C r14=0000 r15=43E8
t=74.628018250 pc=00020912 fcw=D8E8 r0=010F r1=0103 r2=0000 r3=12F8 r4=3D00 r5=2FFC r6=0000 r7=0000 r8=7F06 r9=D848 r10=D8E8 r11=0494 r12=8383 r13=047C r14=0000 r15=43E8
t=74.628020000 pc=00020914 fcw=D8E8 r0=010F r1=0103 r2=0000 r3=12F8 r4=3D00 r5=2FFC r6=0000 r7=0000 r8=7F06 r9=D848 r10=D8E8 r11=0494 r12=8383 r13=047C r14=0000 r15=43E8
t=74.628021750 pc=00020916 fcw=D8E8 r0=010F r1=0103 r2=0000 r3=12F8 r4=3D00 r5=2FFC r6=0000 r7=0000 r8=7F06 r9=D848 r10=D8E8 r11=0494 r12=8383 r13=047C r14=0000 r15=43E8
t=74.628025250 pc=0002091A fcw=D8E8 r0=010F r1=0103 r2=0000 r3=12F8 r4=3D00 r5=2FFC r6=0000 r7=0000 r8=7F06 r9=D848 r10=D8E8 r11=0494 r12=8383 r13=047C r14=0000 r15=43E8
t=74.628027250 pc=0002091C fcw=D8E8 r0=010F r1=0103 r2=0000 r3=12F8 r4=3D00 r5=2FFC r6=0000 r7=0000 r8=7F06 r9=D848 r10=D8E8 r11=0494 r12=8383 r13=047C r14=0000 r15=43E8
t=74.628028750 pc=0002091E fcw=D8E8 r0=0103 r1=010F r2=0000 r3=12F8 r4=3D00 r5=2FFC r6=0000 r7=0000 r8=7F06 r9=D848 r10=D8E8 r11=0494 r12=8383 r13=047C r14=0000 r15=43E8
t=74.628031500 pc=00020920 fcw=D8E8 r0=0103 r1=010F r2=0000 r3=12F8 r4=3D00 r5=2FFC r6=0000 r7=0000 r8=7F06 r9=D848 r10=D8E8 r11=0494 r12=8383 r13=047C r14=0000 r15=43E8
t=74.628033000 pc=00020912 fcw=D8E8 r0=0103 r1=010F r2=0000 r3=12F8 r4=3D00 r5=2FFC r6=0000 r7=0000 r8=7F06 r9=D848 r10=D8E8 r11=0494 r12=8383 r13=047C r14=0000 r15=43E8
t=74.628034750 pc=00020914 fcw=D8E8 r0=0103 r1=010F r2=0000 r3=12F8 r4=3D00 r5=2FFC r6=0000 r7=0000 r8=7F06 r9=D848 r10=D8E8 r11=0494 r12=8383 r13=047C r14=0000 r15=43E8
t=74.628036500 pc=00020916 fcw=D8E8 r0=0103 r1=010F r2=0000 r3=12F8 r4=3D00 r5=2FFC r6=0000 r7=0000 r8=7F06 r9=D848 r10=D8E8 r11=0494 r12=8383 r13=047C r14=0000 r15=43E8
t=74.628040000 pc=0002091A fcw=D8E8 r0=0103 r1=010F r2=0000 r3=12F8 r4=3D00 r5=2FFC r6=0000 r7=0000 r8=7F06 r9=D848 r10=D8E8 r11=0494 r12=8383 r13=047C r14=0000 r15=43E8
t=74.628042000 pc=0002091C fcw=D8E8 r0=0103 r1=010F r2=0000 r3=12F8 r4=3D00 r5=2FFC r6=0000 r7=0000 r8=7F06 r9=D848 r10=D8E8 r11=0494 r12=8383 r13=047C r14=0000 r15=43E8
t=74.628043500 pc=0002091E fcw=D8E8 r0=010F r1=0103 r2=0000 r3=12F8 r4=3D00 r5=2FFC r6=0000 r7=0000 r8=7F06 r9=D848 r10=D8E8 r11=0494 r12=8383 r13=047C r14=0000 r15=43E8
t=74.628046250 pc=00020920 fcw=D8E8 r0=010F r1=0103 r2=0000 r3=12F8 r4=3D00 r5=2FFC r6=0000 r7=0000 r8=7F06 r9=D848 r10=D8E8 r11=0494 r12=8383 r13=047C r14=0000 r15=43E8
t=74.628047750 pc=00020912 fcw=D8E8 r0=010F r1=0103 r2=0000 r3=12F8 r4=3D00 r5=2FFC r6=0000 r7=0000 r8=7F06 r9=D848 r10=D8E8 r11=0494 r12=8383 r13=047C r14=0000 r15=43E8
t=74.628049500 pc=00020914 fcw=D8E8 r0=010F r1=0103 r2=0000 r3=12F8 r4=3D00 r5=2FFC r6=0000 r7=0000 r8=7F06 r9=D848 r10=D8E8 r11=0494 r12=8383 r13=047C r14=0000 r15=43E8
t=74.628051250 pc=00020916 fcw=D8E8 r0=010F r1=0103 r2=0000 r3=12F8 r4=3D00 r5=2FFC r6=0000 r7=0000 r8=7F06 r9=D848 r10=D8E8 r11=0494 r12=8383 r13=047C r14=0000 r15=43E8
t=74.628054750 pc=0002091A fcw=D8E8 r0=010F r1=0103 r2=0000 r3=12F8 r4=3D00 r5=2FFC r6=0000 r7=0000 r8=7F06 r9=D848 r10=D8E8 r11=0494 r12=8383 r13=047C r14=0000 r15=43E8
t=74.628056750 pc=0002091C fcw=D8E8 r0=010F r1=0103 r2=0000 r3=12F8 r4=3D00 r5=2FFC r6=0000 r7=0000 r8=7F06 r9=D848 r10=D8E8 r11=0494 r12=8383 r13=047C r14=0000 r15=43E8
t=74.628058250 pc=0002091E fcw=D8E8 r0=0103 r1=010F r2=0000 r3=12F8 r4=3D00 r5=2FFC r6=0000 r7=0000 r8=7F06 r9=D848 r10=D8E8 r11=0494 r12=8383 r13=047C r14=0000 r15=43E8
t=74.628061000 pc=00020920 fcw=D8E8 r0=0103 r1=010F r2=0000 r3=12F8 r4=3D00 r5=2FFC r6=0000 r7=0000 r8=7F06 r9=D848 r10=D8E8 r11=0494 r12=8383 r13=047C r14=0000 r15=43E8
t=74.628062500 pc=00020912 fcw=D8E8 r0=0103 r1=010F r2=0000 r3=12F8 r4=3D00 r5=2FFC r6=0000 r7=0000 r8=7F06 r9=D848 r10=D8E8 r11=0494 r12=8383 r13=047C r14=0000 r15=43E8
t=74.628064250 pc=00020914 fcw=D8E8 r0=0103 r1=010F r2=0000 r3=12F8 r4=3D00 r5=2FFC r6=0000 r7=0000 r8=7F06 r9=D848 r10=D8E8 r11=0494 r12=8383 r13=047C r14=0000 r15=43E8
t=74.628066000 pc=00020916 fcw=D8E8 r0=0103 r1=010F r2=0000 r3=12F8 r4=3D00 r5=2FFC r6=0000 r7=0000 r8=7F06 r9=D848 r10=D8E8 r11=0494 r12=8383 r13=047C r14=0000 r15=43E8
t=74.628069500 pc=0002091A fcw=D8E8 r0=0103 r1=010F r2=0000 r3=12F8 r4=3D00 r5=2FFC r6=0000 r7=0000 r8=7F06 r9=D848 r10=D8E8 r11=0494 r12=8383 r13=047C r14=0000 r15=43E8
t=74.628071500 pc=0002091C fcw=D8E8 r0=0103 r1=010F r2=0000 r3=12F8 r4=3D00 r5=2FFC r6=0000 r7=0000 r8=7F06 r9=D848 r10=D8E8 r11=0494 r12=8383 r13=047C r14=0000 r15=43E8
t=74.628073000 pc=0002091E fcw=D8E8 r0=010F r1=0103 r2=0000 r3=12F8 r4=3D00 r5=2FFC r6=0000 r7=0000 r8=7F06 r9=D848 r10=D8E8 r11=0494 r12=8383 r13=047C r14=0000 r15=43E8
t=74.628075750 pc=00020920 fcw=D8E8 r0=010F r1=0103 r2=0000 r3=12F8 r4=3D00 r5=2FFC r6=0000 r7=0000 r8=7F06 r9=D848 r10=D8E8 r11=0494 r12=8383 r13=047C r14=0000 r15=43E8
t=74.628077250 pc=00020912 fcw=D8E8 r0=010F r1=0103 r2=0000 r3=12F8 r4=3D00 r5=2FFC r6=0000 r7=0000 r8=7F06 r9=D848 r10=D8E8 r11=0494 r12=8383 r13=047C r14=0000 r15=43E8
t=74.628079000 pc=00020914 fcw=D8E8 r0=010F r1=0103 r2=0000 r3=12F8 r4=3D00 r5=2FFC r6=0000 r7=0000 r8=7F06 r9=D848 r10=D8E8 r11=0494 r12=8383 r13=047C r14=0000 r15=43E8
t=74.628080750 pc=00020916 fcw=D8E8 r0=010F r1=0103 r2=0000 r3=12F8 r4=3D00 r5=2FFC r6=0000 r7=0000 r8=7F06 r9=D848 r10=D8E8 r11=0494 r12=8383 r13=047C r14=0000 r15=43E8
t=74.628084250 pc=0002091A fcw=D8E8 r0=010F r1=0103 r2=0000 r3=12F8 r4=3D00 r5=2FFC r6=0000 r7=0000 r8=7F06 r9=D848 r10=D8E8 r11=0494 r12=8383 r13=047C r14=0000 r15=43E8
t=74.628086250 pc=0002091C fcw=D8E8 r0=010F r1=0103 r2=0000 r3=12F8 r4=3D00 r5=2FFC r6=0000 r7=0000 r8=7F06 r9=D848 r10=D8E8 r11=0494 r12=8383 r13=047C r14=0000 r15=43E8
t=74.628087750 pc=0002091E fcw=D8E8 r0=0103 r1=010F r2=0000 r3=12F8 r4=3D00 r5=2FFC r6=0000 r7=0000 r8=7F06 r9=D848 r10=D8E8 r11=0494 r12=8383 r13=047C r14=0000 r15=43E8
t=74.628090500 pc=00020920 fcw=D8E8 r0=0103 r1=010F r2=0000 r3=12F8 r4=3D00 r5=2FFC r6=0000 r7=0000 r8=7F06 r9=D848 r10=D8E8 r11=0494 r12=8383 r13=047C r14=0000 r15=43E8
t=74.628092000 pc=00020912 fcw=D8E8 r0=0103 r1=010F r2=0000 r3=12F8 r4=3D00 r5=2FFC r6=0000 r7=0000 r8=7F06 r9=D848 r10=D8E8 r11=0494 r12=8383 r13=047C r14=0000 r15=43E8
t=74.628093750 pc=00020914 fcw=D8E8 r0=0103 r1=010F r2=0000 r3=12F8 r4=3D00 r5=2FFC r6=0000 r7=0000 r8=7F06 r9=D848 r10=D8E8 r11=0494 r12=8383 r13=047C r14=0000 r15=43E8
t=74.628095500 pc=00020916 fcw=D8E8 r0=0103 r1=010F r2=0000 r3=12F8 r4=3D00 r5=2FFC r6=0000 r7=0000 r8=7F06 r9=D848 r10=D8E8 r11=0494 r12=8383 r13=047C r14=0000 r15=43E8
t=74.628099000 pc=0002091A fcw=D8E8 r0=0103 r1=010F r2=0000 r3=12F8 r4=3D00 r5=2FFC r6=0000 r7=0000 r8=7F06 r9=D848 r10=D8E8 r11=0494 r12=8383 r13=047C r14=0000 r15=43E8
t=74.628101250 pc=0002091C fcw=D8E8 r0=0103 r1=010F r2=0000 r3=12F8 r4=3D00 r5=2FFC r6=0000 r7=0000 r8=7F06 r9=D848 r10=D8E8 r11=0494 r12=8383 r13=047C r14=0000 r15=43E8
t=74.628102750 pc=0002091E fcw=D8E8 r0=010F r1=0103 r2=0000 r3=12F8 r4=3D00 r5=2FFC r6=0000 r7=0000 r8=7F06 r9=D848 r10=D8E8 r11=0494 r12=8383 r13=047C r14=0000 r15=43E8
t=74.628105500 pc=00020920 fcw=D8E8 r0=010F r1=0103 r2=0000 r3=12F8 r4=3D00 r5=2FFC r6=0000 r7=0000 r8=7F06 r9=D848 r10=D8E8 r11=0494 r12=8383 r13=047C r14=0000 r15=43E8
t=74.628107000 pc=00020912 fcw=D8E8 r0=010F r1=0103 r2=0000 r3=12F8 r4=3D00 r5=2FFC r6=0000 r7=0000 r8=7F06 r9=D848 r10=D8E8 r11=0494 r12=8383 r13=047C r14=0000 r15=43E8
t=74.628108750 pc=00020914 fcw=D8E8 r0=010F r1=0103 r2=0000 r3=12F8 r4=3D00 r5=2FFC r6=0000 r7=0000 r8=7F06 r9=D848 r10=D8E8 r11=0494 r12=8383 r13=047C r14=0000 r15=43E8
t=74.628110500 pc=00020916 fcw=D8E8 r0=010F r1=0103 r2=0000 r3=12F8 r4=3D00 r5=2FFC r6=0000 r7=0000 r8=7F06 r9=D848 r10=D8E8 r11=0494 r12=8383 r13=047C r14=0000 r15=43E8
t=74.628114000 pc=0002091A fcw=D8E8 r0=010F r1=0103 r2=0000 r3=12F8 r4=3D00 r5=2FFC r6=0000 r7=0000 r8=7F06 r9=D848 r10=D8E8 r11=0494 r12=8383 r13=047C r14=0000 r15=43E8
t=74.628116000 pc=0002091C fcw=D8E8 r0=010F r1=0103 r2=0000 r3=12F8 r4=3D00 r5=2FFC r6=0000 r7=0000 r8=7F06 r9=D848 r10=D8E8 r11=0494 r12=8383 r13=047C r14=0000 r15=43E8
t=74.628117500 pc=0002091E fcw=D8E8 r0=0103 r1=010F r2=0000 r3=12F8 r4=3D00 r5=2FFC r6=0000 r7=0000 r8=7F06 r9=D848 r10=D8E8 r11=0494 r12=8383 r13=047C r14=0000 r15=43E8
t=74.628120250 pc=00020920 fcw=D8E8 r0=0103 r1=010F r2=0000 r3=12F8 r4=3D00 r5=2FFC r6=0000 r7=0000 r8=7F06 r9=D848 r10=D8E8 r11=0494 r12=8383 r13=047C r14=0000 r15=43E8
t=74.628121750 pc=00020912 fcw=D8E8 r0=0103 r1=010F r2=0000 r3=12F8 r4=3D00 r5=2FFC r6=0000 r7=0000 r8=7F06 r9=D848 r10=D8E8 r11=0494 r12=8383 r13=047C r14=0000 r15=43E8
t=74.628123500 pc=00020914 fcw=D8E8 r0=0103 r1=010F r2=0000 r3=12F8 r4=3D00 r5=2FFC r6=0000 r7=0000 r8=7F06 r9=D848 r10=D8E8 r11=0494 r12=8383 r13=047C r14=0000 r15=43E8
t=74.628125250 pc=00020916 fcw=D8E8 r0=0103 r1=010F r2=0000 r3=12F8 r4=3D00 r5=2FFC r6=0000 r7=0000 r8=7F06 r9=D848 r10=D8E8 r11=0494 r12=8383 r13=047C r14=0000 r15=43E8
t=74.628128750 pc=0002091A fcw=D8E8 r0=0103 r1=010F r2=0000 r3=12F8 r4=3D00 r5=2FFC r6=0000 r7=0000 r8=7F06 r9=D848 r10=D8E8 r11=0494 r12=8383 r13=047C r14=0000 r15=43E8
t=74.628130750 pc=0002091C fcw=D8E8 r0=0103 r1=010F r2=0000 r3=12F8 r4=3D00 r5=2FFC r6=0000 r7=0000 r8=7F06 r9=D848 r10=D8E8 r11=0494 r12=8383 r13=047C r14=0000 r15=43E8
t=74.628132250 pc=0002091E fcw=D8E8 r0=010F r1=0103 r2=0000 r3=12F8 r4=3D00 r5=2FFC r6=0000 r7=0000 r8=7F06 r9=D848 r10=D8E8 r11=0494 r12=8383 r13=047C r14=0000 r15=43E8
t=74.628135000 pc=00020920 fcw=D8E8 r0=010F r1=0103 r2=0000 r3=12F8 r4=3D00 r5=2FFC r6=0000 r7=0000 r8=7F06 r9=D848 r10=D8E8 r11=0494 r12=8383 r13=047C r14=0000 r15=43E8
t=74.628136500 pc=00020912 fcw=D8E8 r0=010F r1=0103 r2=0000 r3=12F8 r4=3D00 r5=2FFC r6=0000 r7=0000 r8=7F06 r9=D848 r10=D8E8 r11=0494 r12=8383 r13=047C r14=0000 r15=43E8
t=74.628138250 pc=00020914 fcw=D8E8 r0=010F r1=0103 r2=0000 r3=12F8 r4=3D00 r5=2FFC r6=0000 r7=0000 r8=7F06 r9=D848 r10=D8E8 r11=0494 r12=8383 r13=047C r14=0000 r15=43E8
t=74.628140000 pc=00020916 fcw=D8E8 r0=010F r1=0103 r2=0000 r3=12F8 r4=3D00 r5=2FFC r6=0000 r7=0000 r8=7F06 r9=D848 r10=D8E8 r11=0494 r12=8383 r13=047C r14=0000 r15=43E8
t=74.628143500 pc=0002091A fcw=D8E8 r0=010F r1=0103 r2=0000 r3=12F8 r4=3D00 r5=2FFC r6=0000 r7=0000 r8=7F06 r9=D848 r10=D8E8 r11=0494 r12=8383 r13=047C r14=0000 r15=43E8
t=74.628145500 pc=0002091C fcw=D8E8 r0=010F r1=0103 r2=0000 r3=12F8 r4=3D00 r5=2FFC r6=0000 r7=0000 r8=7F06 r9=D848 r10=D8E8 r11=0494 r12=8383 r13=047C r14=0000 r15=43E8
t=74.628147000 pc=0002091E fcw=D8E8 r0=0103 r1=010F r2=0000 r3=12F8 r4=3D00 r5=2FFC r6=0000 r7=0000 r8=7F06 r9=D848 r10=D8E8 r11=0494 r12=8383 r13=047C r14=0000 r15=43E8
t=74.628149750 pc=00020920 fcw=D8E8 r0=0103 r1=010F r2=0000 r3=12F8 r4=3D00 r5=2FFC r6=0000 r7=0000 r8=7F06 r9=D848 r10=D8E8 r11=0494 r12=8383 r13=047C r14=0000 r15=43E8
t=74.628151250 pc=00020912 fcw=D8E8 r0=0103 r1=010F r2=0000 r3=12F8 r4=3D00 r5=2FFC r6=0000 r7=0000 r8=7F06 r9=D848 r10=D8E8 r11=0494 r12=8383 r13=047C r14=0000 r15=43E8
t=74.628153000 pc=00020914 fcw=D8E8 r0=0103 r1=010F r2=0000 r3=12F8 r4=3D00 r5=2FFC r6=0000 r7=0000 r8=7F06 r9=D848 r10=D8E8 r11=0494 r12=8383 r13=047C r14=0000 r15=43E8
t=74.628154750 pc=00020916 fcw=D8E8 r0=0103 r1=010F r2=0000 r3=12F8 r4=3D00 r5=2FFC r6=0000 r7=0000 r8=7F06 r9=D848 r10=D8E8 r11=0494 r12=8383 r13=047C r14=0000 r15=43E8
t=74.628158250 pc=0002091A fcw=D8E8 r0=0103 r1=010F r2=0000 r3=12F8 r4=3D00 r5=2FFC r6=0000 r7=0000 r8=7F06 r9=D848 r10=D8E8 r11=0494 r12=8383 r13=047C r14=0000 r15=43E8
t=74.628160250 pc=0002091C fcw=D8E8 r0=0103 r1=010F r2=0000 r3=12F8 r4=3D00 r5=2FFC r6=0000 r7=0000 r8=7F06 r9=D848 r10=D8E8 r11=0494 r12=8383 r13=047C r14=0000 r15=43E8
t=74.628161750 pc=0002091E fcw=D8E8 r0=010F r1=0103 r2=0000 r3=12F8 r4=3D00 r5=2FFC r6=0000 r7=0000 r8=7F06 r9=D848 r10=D8E8 r11=0494 r12=8383 r13=047C r14=0000 r15=43E8
t=74.628164500 pc=003B0D28 fcw=C000 r0=010F r1=0103 r2=0000 r3=12F8 r4=3D00 r5=2FFC r6=0000 r7=0000 r8=7F06 r9=D848 r10=D8E8 r11=0494 r12=8383 r13=047C r14=0000 r15=43E0
t=74.628166000 pc=003B0D2A fcw=C000 r0=010F r1=0103 r2=0000 r3=12F8 r4=3D00 r5=2FFC r6=0000 r7=0000 r8=7F06 r9=D848 r10=D8E8 r11=0494 r12=8383 r13=047C r14=0000 r15=43E0
t=74.628169500 pc=003B0D32 fcw=C000 r0=010F r1=0103 r2=0000 r3=12F8 r4=3D00 r5=2FFC r6=0000 r7=0000 r8=7F06 r9=D848 r10=D8E8 r11=0494 r12=8383 r13=047C r14=0000 r15=43E0
t=74.628171250 pc=003B0D34 fcw=C000 r0=010F r1=0008 r2=0000 r3=12F8 r4=3D00 r5=2FFC r6=0000 r7=0000 r8=7F06 r9=D848 r10=D8E8 r11=0494 r12=8383 r13=047C r14=0000 r15=43E0
t=74.628172750 pc=003B0D50 fcw=C000 r0=010F r1=0008 r2=0000 r3=12F8 r4=3D00 r5=2FFC r6=0000 r7=0000 r8=7F06 r9=D848 r10=D8E8 r11=0494 r12=8383 r13=047C r14=0000 r15=43E0
t=74.628175750 pc=003B0D54 fcw=C000 r0=010F r1=0008 r2=0000 r3=12F8 r4=3D00 r5=2FFC r6=0000 r7=0000 r8=7F06 r9=D848 r10=D8E8 r11=0494 r12=8383 r13=047C r14=0000 r15=43E0
t=74.628177500 pc=003B0D56 fcw=D000 r0=010F r1=0008 r2=0000 r3=12F8 r4=3D00 r5=2FFC r6=0000 r7=0000 r8=7F06 r9=D848 r10=D8E8 r11=0494 r12=8383 r13=047C r14=0000 r15=43E0
t=74.628178500 pc=003B0D58 fcw=D048 r0=010F r1=0008 r2=0000 r3=12F8 r4=3D00 r5=2FFC r6=0000 r7=0000 r8=7F06 r9=D848 r10=D8E8 r11=0494 r12=8383 r13=047C r14=0000 r15=43E0
t=74.628181500 pc=003B0D5C fcw=D048 r0=010F r1=0008 r2=0000 r3=12F8 r4=3D00 r5=2FFC r6=0000 r7=0000 r8=7F06 r9=D848 r10=0000 r11=0440 r12=8383 r13=047C r14=0000 r15=43E0
t=74.628185000 pc=003B0D60 fcw=D048 r0=010F r1=0008 r2=0000 r3=12F8 r4=3D00 r5=2FFC r6=0000 r7=0000 r8=7F06 r9=D848 r10=0000 r11=0AE6 r12=8383 r13=047C r14=0000 r15=43E0
t=74.628186750 pc=003B0D62 fcw=D048 r0=010F r1=0008 r2=FFFF r3=12F8 r4=3D00 r5=2FFC r6=0000 r7=0000 r8=7F06 r9=D848 r10=0000 r11=0AE6 r12=8383 r13=047C r14=0000 r15=43E0
t=74.628190250 pc=003B0D66 fcw=D048 r0=010F r1=0008 r2=FFFF r3=12F8 r4=3D00 r5=2FFC r6=0000 r7=0000 r8=7F06 r9=D848 r10=0000 r11=0AE6 r12=8383 r13=047C r14=0000 r15=43E0
t=74.628193750 pc=003B0314 fcw=C000 r0=010F r1=0008 r2=2000 r3=12F8 r4=3D00 r5=2FFC r6=0000 r7=0000 r8=7F06 r9=D848 r10=0000 r11=0AE6 r12=8383 r13=047C r14=0000 r15=43D8
t=74.628195250 pc=003B0316 fcw=C000 r0=010F r1=0008 r2=2000 r3=12F8 r4=3D00 r5=2FFC r6=0000 r7=0000 r8=7F06 r9=D848 r10=0000 r11=0AE6 r12=8383 r13=047C r14=0000 r15=43D8
t=74.628198750 pc=003B031C fcw=C000 r0=010F r1=0008 r2=2000 r3=12F8 r4=3D00 r5=2FFC r6=0000 r7=0000 r8=7F06 r9=D848 r10=0000 r11=0AE6 r12=8383 r13=047C r14=0000 r15=43D8
t=74.628200500 pc=003B031E fcw=C000 r0=010F r1=0004 r2=2000 r3=12F8 r4=3D00 r5=2FFC r6=0000 r7=0000 r8=7F06 r9=D848 r10=0000 r11=0AE6 r12=8383 r13=047C r14=0000 r15=43D8
t=74.628202000 pc=003B0338 fcw=C000 r0=010F r1=0004 r2=2000 r3=12F8 r4=3D00 r5=2FFC r6=0000 r7=0000 r8=7F06 r9=D848 r10=0000 r11=0AE6 r12=8383 r13=047C r14=0000 r15=43D8
t=74.628205000 pc=003B033C fcw=C000 r0=010F r1=0004 r2=2000 r3=12F8 r4=3D00 r5=2FFC r6=0000 r7=0000 r8=7F06 r9=D848 r10=0000 r11=0AE6 r12=8383 r13=047C r14=0000 r15=43D8
t=74.628206750 pc=003B033E fcw=D000 r0=010F r1=0004 r2=2000 r3=12F8 r4=3D00 r5=2FFC r6=0000 r7=0000 r8=7F06 r9=D848 r10=0000 r11=0AE6 r12=8383 r13=047C r14=0000 r15=43D8
t=74.628207750 pc=003B0340 fcw=D048 r0=010F r1=0004 r2=2000 r3=12F8 r4=3D00 r5=2FFC r6=0000 r7=0000 r8=7F06 r9=D848 r10=0000 r11=0AE6 r12=8383 r13=047C r14=0000 r15=43D8
t=74.628210750 pc=003B0344 fcw=D048 r0=010F r1=0004 r2=0000 r3=0440 r4=3D00 r5=2FFC r6=0000 r7=0000 r8=7F06 r9=D848 r10=0000 r11=0AE6 r12=8383 r13=047C r14=0000 r15=43D8
t=74.628214250 pc=003B0348 fcw=D048 r0=010F r1=0004 r2=0000 r3=0800 r4=3D00 r5=2FFC r6=0000 r7=0000 r8=7F06 r9=D848 r10=0000 r11=0AE6 r12=8383 r13=047C r14=0000 r15=43D8
t=74.628218500 pc=003B034C fcw=D048 r0=010F r1=0004 r2=0000 r3=0800 r4=0000 r5=0000 r6=0000 r7=0000 r8=7F06 r9=D848 r10=0000 r11=0AE6 r12=8383 r13=047C r14=0000 r15=43D8
t=74.628219500 pc=003B034E fcw=D048 r0=010F r1=0004 r2=0000 r3=0800 r4=0000 r5=0000 r6=0000 r7=0000 r8=7F06 r9=D848 r10=0000 r11=0AE6 r12=8383 r13=047C r14=0000 r15=43D8
t=74.628221000 pc=003B0358 fcw=D048 r0=010F r1=0004 r2=0000 r3=0800 r4=0000 r5=0000 r6=0000 r7=0000 r8=7F06 r9=D848 r10=0000 r11=0AE6 r12=8383 r13=047C r14=0000 r15=43D8
t=74.628222000 pc=003B035A fcw=D048 r0=010F r1=0004 r2=0000 r3=0800 r4=0000 r5=0000 r6=0000 r7=0000 r8=7F06 r9=D848 r10=0000 r11=0AE6 r12=8383 r13=047C r14=0000 r15=43D8
t=74.628223500 pc=003B0376 fcw=D048 r0=010F r1=0004 r2=0000 r3=0800 r4=0000 r5=0000 r6=0000 r7=0000 r8=7F06 r9=D848 r10=0000 r11=0AE6 r12=8383 r13=047C r14=0000 r15=43D8
t=74.628226250 pc=003B0378 fcw=D048 r0=010F r1=0004 r2=0000 r3=0800 r4=0000 r5=0000 r6=8300 r7=1A2C r8=7F06 r9=D848 r10=0000 r11=0AE6 r12=8383 r13=047C r14=0000 r15=43D8
t=74.628228750 pc=00031A2C fcw=D048 r0=010F r1=0004 r2=0000 r3=0800 r4=0000 r5=0000 r6=8300 r7=1A2C r8=7F06 r9=D848 r10=0000 r11=0AE6 r12=8383 r13=047C r14=0000 r15=43D4
t=74.628230000 pc=00031A2E fcw=D048 r0=010F r1=0004 r2=0000 r3=0800 r4=0000 r5=0000 r6=8300 r7=1A2C r8=7F06 r9=D848 r10=0000 r11=0AE6 r12=8383 r13=0002 r14=0000 r15=43D4
t=74.628233000 pc=000000CA fcw=D048 r0=010F r1=0004 r2=0000 r3=0800 r4=0000 r5=0000 r6=8300 r7=1A2C r8=7F06 r9=D848 r10=0000 r11=0AE6 r12=8383 r13=0002 r14=0000 r15=43D0
t=74.628234750 pc=00021170 fcw=D048 r0=010F r1=0004 r2=0000 r3=0800 r4=0000 r5=0000 r6=8300 r7=1A2C r8=7F06 r9=D848 r10=0000 r11=0AE6 r12=8383 r13=0002 r14=0000 r15=43D0
t=74.628236500 pc=00021174 fcw=D048 r0=010F r1=0004 r2=0000 r3=0800 r4=0000 r5=0000 r6=8300 r7=1A2C r8=FF8B r9=D848 r10=0000 r11=0AE6 r12=8383 r13=0002 r14=0000 r15=43D0
t=74.628237500 pc=00021176 fcw=D028 r0=010F r1=0004 r2=0000 r3=0800 r4=0000 r5=0000 r6=8300 r7=1A2C r8=FF89 r9=D848 r10=0000 r11=0AE6 r12=8383 r13=0002 r14=0000 r15=43D0
t=74.628240500 pc=00021178 fcw=D028 r0=010F r1=0004 r2=0000 r3=0800 r4=0000 r5=0000 r6=8300 r7=1A2C r8=FF89 r9=D848 r10=0000 r11=0AE6 r12=8383 r13=0002 r14=0000 r15=43D0
t=74.628242250 pc=0002117A fcw=D028 r0=010F r1=0004 r2=0000 r3=0800 r4=0000 r5=0000 r6=8300 r7=1A2C r8=D028 r9=D848 r10=0000 r11=0AE6 r12=8383 r13=0002 r14=0000 r15=43D0
t=74.628243250 pc=0002117C fcw=D008 r0=010F r1=0004 r2=0000 r3=0800 r4=0000 r5=0000 r6=8300 r7=1A2C r8=D028 r9=D848 r10=0000 r11=0AE6 r12=8383 r13=0004 r14=0000 r15=43D0
t=74.628245000 pc=00021180 fcw=D008 r0=010F r1=0004 r2=0000 r3=0800 r4=0000 r5=0000 r6=8300 r7=1A2C r8=D028 r9=D848 r10=0000 r11=0AE6 r12=8383 r13=0084 r14=0000 r15=43D0
t=74.628246000 pc=00021182 fcw=D048 r0=010F r1=0004 r2=0000 r3=0800 r4=0000 r5=0000 r6=8300 r7=1A2C r8=D028 r9=D848 r10=0000 r11=0AE6 r12=0000 r13=0084 r14=0000 r15=43D0
t=74.628247750 pc=00021184 fcw=D048 r0=010F r1=0004 r2=0000 r3=0800 r4=0000 r5=0000 r6=8300 r7=1A2C r8=D028 r9=D848 r10=0000 r11=0AE6 r12=0000 r13=124C r14=0000 r15=43D0
t=74.628249500 pc=00021186 fcw=C048 r0=010F r1=0004 r2=0000 r3=0800 r4=0000 r5=0000 r6=8300 r7=1A2C r8=D028 r9=D848 r10=0000 r11=0AE6 r12=0000 r13=124C r14=0000 r15=43D0
t=74.628251250 pc=00021188 fcw=C048 r0=010F r1=0004 r2=0000 r3=0800 r4=0000 r5=0000 r6=8300 r7=1292 r8=D028 r9=D848 r10=0000 r11=0AE6 r12=0000 r13=124C r14=0000 r15=43D0
t=74.628253750 pc=0002118C fcw=C008 r0=010F r1=0004 r2=0000 r3=0800 r4=0000 r5=0000 r6=8300 r7=1292 r8=D028 r9=D848 r10=0000 r11=0AE6 r12=0000 r13=124C r14=0000 r15=43D0
t=74.628255250 pc=00021192 fcw=C008 r0=010F r1=0004 r2=0000 r3=0800 r4=0000 r5=0000 r6=8300 r7=1292 r8=D028 r9=D848 r10=0000 r11=0AE6 r12=0000 r13=124C r14=0000 r15=43D0
t=74.628256000 pc=00021194 fcw=C008 r0=010F r1=0004 r2=0000 r3=0800 r4=0000 r5=0000 r6=0000 r7=1292 r8=D028 r9=D848 r10=0000 r11=0AE6 r12=0000 r13=124C r14=0000 r15=43D0
t=74.628259000 pc=00021196 fcw=C008 r0=010F r1=0004 r2=0000 r3=0800 r4=0000 r5=0000 r6=0000 r7=128E r8=D028 r9=D848 r10=0000 r11=0AE6 r12=0000 r13=124C r14=0000 r15=43D0
t=74.628262000 pc=00021198 fcw=C008 r0=010F r1=0004 r2=0000 r3=0800 r4=0000 r5=0000 r6=0000 r7=128A r8=D028 r9=D848 r10=0000 r11=0AE6 r12=0000 r13=124C r14=0000 r15=43D0
t=74.628264000 pc=0002119A fcw=C008 r0=010F r1=0004 r2=0000 r3=0800 r4=0000 r5=0000 r6=0000 r7=128A r8=D028 r9=D848 r10=0000 r11=0AE6 r12=0000 r13=124C r14=0000 r15=43D0
t=74.628265750 pc=0002119C fcw=D028 r0=010F r1=0004 r2=0000 r3=0800 r4=0000 r5=0000 r6=0000 r7=128A r8=D028 r9=D848 r10=0000 r11=0AE6 r12=0000 r13=124C r14=0000 r15=43D0
t=74.628268250 pc=00031A32 fcw=D028 r0=010F r1=0004 r2=0000 r3=0800 r4=0000 r5=0000 r6=0000 r7=128A r8=D028 r9=D848 r10=0000 r11=0AE6 r12=0000 r13=124C r14=0000 r15=43D4
t=74.628270000 pc=00031A34 fcw=D028 r0=010F r1=0004 r2=0000 r3=0800 r4=0000 r5=0000 r6=0000 r7=128A r8=D028 r9=D848 r10=0000 r11=0AE6 r12=0000 r13=124C r14=0000 r15=43D4
t=74.628272500 pc=003B037A fcw=D028 r0=010F r1=0004 r2=0000 r3=0800 r4=0000 r5=0000 r6=0000 r7=128A r8=D028 r9=D848 r10=0000 r11=0AE6 r12=0000 r13=124C r14=0000 r15=43D8
t=74.628274000 pc=003B037C fcw=D028 r0=010F r1=0004 r2=0000 r3=0800 r4=0000 r5=0000 r6=0000 r7=128A r8=D028 r9=D848 r10=0000 r11=0AE6 r12=0000 r13=124C r14=0000 r15=43D8
t=74.628276500 pc=003B01F6 fcw=D028 r0=010F r1=0004 r2=0000 r3=0800 r4=0000 r5=0000 r6=0000 r7=128A r8=D028 r9=D848 r10=0000 r11=0AE6 r12=0000 r13=124C r14=0000 r15=43D4
t=74.628277750 pc=003B01F8 fcw=D028 r0=010F r1=0004 r2=0000 r3=0800 r4=0000 r5=0000 r6=0000 r7=1234 r8=D028 r9=D848 r10=0000 r11=0AE6 r12=0000 r13=124C r14=0000 r15=43D4
t=74.628280750 pc=003B01FC fcw=D028 r0=010F r1=0004 r2=0000 r3=0800 r4=0000 r5=0000 r6=0000 r7=1234 r8=D028 r9=D848 r10=0000 r11=0AE6 r12=0000 r13=124C r14=0000 r15=43D4
t=74.628282000 pc=003B01FE fcw=D028 r0=010F r1=0004 r2=0000 r3=0800 r4=0000 r5=0000 r6=0000 r7=0002 r8=D028 r9=D848 r10=0000 r11=0AE6 r12=0000 r13=124C r14=0000 r15=43D4
t=74.628285000 pc=003B0202 fcw=D028 r0=010F r1=0004 r2=0000 r3=0800 r4=0000 r5=0000 r6=0000 r7=0002 r8=D028 r9=D848 r10=0000 r11=0AE6 r12=0000 r13=124C r14=0000 r15=43D4
t=74.628288000 pc=003B0206 fcw=D028 r0=010F r1=0004 r2=0000 r3=0800 r4=0000 r5=0000 r6=0000 r7=0002 r8=D028 r9=D848 r10=0000 r11=0AE6 r12=0000 r13=124C r14=0000 r15=43D4
t=74.628291750 pc=003B020C fcw=D028 r0=010F r1=0004 r2=0000 r3=0800 r4=0000 r5=0000 r6=2F30 r7=0002 r8=D028 r9=D848 r10=0000 r11=0AE6 r12=0000 r13=124C r14=0000 r15=43D4
t=74.628295000 pc=003B0210 fcw=D008 r0=010F r1=0004 r2=0000 r3=0800 r4=0000 r5=0000 r6=1798 r7=0002 r8=D028 r9=D848 r10=0000 r11=0AE6 r12=0000 r13=124C r14=0000 r15=43D4
t=74.628296000 pc=003B0212 fcw=D008 r0=010F r1=0004 r2=0000 r3=0800 r4=0000 r5=0000 r6=1799 r7=0002 r8=D028 r9=D848 r10=0000 r11=0AE6 r12=0000 r13=124C r14=0000 r15=43D4
t=74.628299000 pc=003B0216 fcw=D008 r0=010F r1=0004 r2=0000 r3=0800 r4=0000 r5=0000 r6=1799 r7=0002 r8=D028 r9=D848 r10=0000 r11=0AE6 r12=0000 r13=124C r14=0000 r15=43D4
t=74.628302000 pc=003B021A fcw=D008 r0=010F r1=0004 r2=0000 r3=0800 r4=0000 r5=0000 r6=1799 r7=0002 r8=D028 r9=D848 r10=0000 r11=0AE6 r12=0000 r13=124C r14=0000 r15=43D4
t=74.628306250 pc=003B021E fcw=D008 r0=010F r1=0004 r2=0000 r3=0800 r4=0000 r5=0000 r6=1799 r7=0002 r8=D028 r9=D848 r10=0000 r11=0AE6 r12=0000 r13=124C r14=0000 r15=43D4
t=74.628308750 pc=003B037E fcw=D008 r0=010F r1=0004 r2=0000 r3=0800 r4=0000 r5=0000 r6=1799 r7=0002 r8=D028 r9=D848 r10=0000 r11=0AE6 r12=0000 r13=124C r14=0000 r15=43D8
t=74.628310250 pc=003B0386 fcw=D008 r0=010F r1=0004 r2=0000 r3=0800 r4=0000 r5=0000 r6=1799 r7=0002 r8=D028 r9=D848 r10=0000 r11=0AE6 r12=0000 r13=124C r14=0000 r15=43D8
t=74.628313750 pc=003B038C fcw=D008 r0=010F r1=0008 r2=2000 r3=12F8 r4=3D00 r5=2FFC r6=0000 r7=0000 r8=7F06 r9=D848 r10=0000 r11=0AE6 r12=8383 r13=047C r14=0000 r15=43D8
t=74.628316750 pc=003B0390 fcw=D008 r0=010F r1=0008 r2=2000 r3=12F8 r4=3D00 r5=2FFC r6=0000 r7=0000 r8=7F06 r9=D848 r10=0000 r11=0AE6 r12=8383 r13=047C r14=0000 r15=43D8
t=74.628320000 pc=003B0D6A fcw=D048 r0=010F r1=0008 r2=2000 r3=12F8 r4=3D00 r5=2FFC r6=0000 r7=0000 r8=7F06 r9=D848 r10=0000 r11=0AE6 r12=8383 r13=047C r14=0000 r15=43E0
t=74.628321500 pc=003B0D6C fcw=D048 r0=010F r1=0008 r2=0020 r3=12F8 r4=3D00 r5=2FFC r6=0000 r7=0000 r8=7F06 r9=D848 r10=0000 r11=0AE6 r12=8383 r13=047C r14=0000 r15=43E0
t=74.628325000 pc=003B0D70 fcw=D048 r0=010F r1=0008 r2=0020 r3=1201 r4=3D00 r5=2FFC r6=0000 r7=0000 r8=7F06 r9=D848 r10=0000 r11=0AE6 r12=8383 r13=047C r14=0000 r15=43E0
t=74.628326750 pc=003B0D74 fcw=D008 r0=010F r1=0008 r2=0020 r3=0001 r4=3D00 r5=2FFC r6=0000 r7=0000 r8=7F06 r9=D848 r10=0000 r11=0AE6 r12=8383 r13=047C r14=0000 r15=43E0
t=74.628328000 pc=003B0D76 fcw=D008 r0=010F r1=0008 r2=0020 r3=0001 r4=0000 r5=0AE6 r6=0000 r7=0000 r8=7F06 r9=D848 r10=0000 r11=0AE6 r12=8383 r13=047C r14=0000 r15=43E0
t=74.628329750 pc=003B0D7A fcw=D008 r0=010F r1=0008 r2=0020 r3=0001 r4=0000 r5=0B2C r6=0000 r7=0000 r8=7F06 r9=D848 r10=0000 r11=0AE6 r12=8383 r13=047C r14=0000 r15=43E0
t=74.628330500 pc=003B0D7C fcw=D008 r0=010F r1=0008 r2=0020 r3=0001 r4=0000 r5=0B2C r6=0000 r7=0000 r8=7F06 r9=0001 r10=0000 r11=0AE6 r12=8383 r13=047C r14=0000 r15=43E0
t=74.628331250 pc=003B0D7E fcw=D008 r0=010F r1=0008 r2=0020 r3=0001 r4=0000 r5=0B2C r6=0000 r7=0000 r8=0001 r9=0001 r10=0000 r11=0AE6 r12=8383 r13=047C r14=0000 r15=43E0
t=74.628333000 pc=003B0D82 fcw=D008 r0=010F r1=0008 r2=0020 r3=0001 r4=0000 r5=0B2C r6=0000 r7=0000 r8=0001 r9=0001 r10=0000 r11=0AE6 r12=8383 r13=047C r14=0000 r15=43E0
t=74.628334500 pc=003B0D84 fcw=D008 r0=010F r1=0008 r2=0020 r3=0001 r4=0000 r5=0B2C r6=0000 r7=0000 r8=0001 r9=0001 r10=0000 r11=0AE6 r12=8383 r13=047C r14=0000 r15=43E0
t=74.628335500 pc=003B0D86 fcw=D048 r0=010F r1=0008 r2=0020 r3=0001 r4=0000 r5=0B2C r6=0000 r7=0000 r8=0000 r9=0001 r10=0000 r11=0AE6 r12=8383 r13=047C r14=0000 r15=43E0
t=74.628337250 pc=003B0D8A fcw=D008 r0=010F r1=0008 r2=0020 r3=0001 r4=0000 r5=0B2C r6=0000 r7=0000 r8=002E r9=0001 r10=0000 r11=0AE6 r12=8383 r13=047C r14=0000 r15=43E0
t=74.628340750 pc=003B0D8E fcw=D008 r0=010F r1=000C r2=0020 r3=0001 r4=0000 r5=0B2C r6=0000 r7=0000 r8=002E r9=0001 r10=0000 r11=0AE6 r12=8383 r13=047C r14=0000 r15=43E0
t=74.628341500 pc=003B0D90 fcw=D008 r0=010F r1=0C0C r2=0020 r3=0001 r4=0000 r5=0B2C r6=0000 r7=0000 r8=002E r9=0001 r10=0000 r11=0AE6 r12=8383 r13=047C r14=0000 r15=43E0
t=74.628342500 pc=003B0D92 fcw=D008 r0=010F r1=0C0C r2=0020 r3=0001 r4=0000 r5=0B2C r6=0000 r7=0000 r8=002E r9=0001 r10=0000 r11=0AE6 r12=8383 r13=047C r14=0000 r15=43E0
t=74.628346000 pc=003B0D96 fcw=D008 r0=010F r1=0C0C r2=0020 r3=0001 r4=0000 r5=0B2C r6=0000 r7=0000 r8=002E r9=0001 r10=0000 r11=0AE6 r12=8383 r13=047C r14=0000 r15=43E0
t=74.628349500 pc=003B0D9A fcw=D008 r0=010F r1=870C r2=0020 r3=0001 r4=0000 r5=0B2C r6=0000 r7=0000 r8=002E r9=0001 r10=0000 r11=0AE6 r12=8383 r13=047C r14=0000 r15=43E0
t=74.628351750 pc=003B0D9C fcw=D008 r0=010F r1=870C r2=0020 r3=0001 r4=0000 r5=0B2C r6=0000 r7=0000 r8=002E r9=0001 r10=0000 r11=0AE6 r12=8383 r13=047C r14=0000 r15=43DE
t=74.628354250 pc=003B167C fcw=D008 r0=010F r1=870C r2=0020 r3=0001 r4=0000 r5=0B2C r6=0000 r7=0000 r8=002E r9=0001 r10=0000 r11=0AE6 r12=8383 r13=047C r14=0000 r15=43DA
t=74.628356750 pc=003B1ABA fcw=D008 r0=010F r1=870C r2=0020 r3=0001 r4=0000 r5=0B2C r6=0000 r7=0000 r8=002E r9=0001 r10=0000 r11=0AE6 r12=8383 r13=047C r14=0000 r15=43D6
t=74.628359250 pc=003B1A8E fcw=D008 r0=010F r1=870C r2=0020 r3=0001 r4=0000 r5=0B2C r6=0000 r7=0000 r8=002E r9=0001 r10=0000 r11=0AE6 r12=8383 r13=047C r14=0000 r15=43D2
t=74.628362750 pc=003B1A92 fcw=D008 r0=011B r1=870C r2=0020 r3=0001 r4=0000 r5=0B2C r6=0000 r7=0000 r8=002E r9=0001 r10=0000 r11=0AE6 r12=8383 r13=047C r14=0000 r15=43D2
t=74.628363750 pc=003B1A94 fcw=D008 r0=011A r1=870C r2=0020 r3=0001 r4=0000 r5=0B2C r6=0000 r7=0000 r8=002E r9=0001 r10=0000 r11=0AE6 r12=8383 r13=047C r14=0000 r15=43D2
t=74.628364500 pc=003B1A96 fcw=D008 r0=011A r1=870C r2=2020 r3=0001 r4=0000 r5=0B2C r6=0000 r7=0000 r8=002E r9=0001 r10=0000 r11=0AE6 r12=8383 r13=047C r14=0000 r15=43D2
t=74.628365750 pc=003B1A98 fcw=D008 r0=011A r1=870C r2=20E7 r3=0001 r4=0000 r5=0B2C r6=0000 r7=0000 r8=002E r9=0001 r10=0000 r11=0AE6 r12=8383 r13=047C r14=0000 r15=43D2
t=74.628368750 pc=003B1A9A fcw=D008 r0=011A r1=870C r2=20E7 r3=0001 r4=0000 r5=0B2C r6=0000 r7=0000 r8=002E r9=0001 r10=0000 r11=0AE6 r12=8383 r13=047C r14=0000 r15=43D2
t=74.628372250 pc=003B1A9E fcw=D008 r0=011A r1=870C r2=20E7 r3=0001 r4=0000 r5=0B2C r6=0000 r7=0000 r8=002E r9=0001 r10=0000 r11=0AE6 r12=8383 r13=047C r14=0000 r15=43D2
t=74.628373000 pc=003B1AA0 fcw=D008 r0=011A r1=870C r2=2020 r3=0001 r4=0000 r5=0B2C r6=0000 r7=0000 r8=002E r9=0001 r10=0000 r11=0AE6 r12=8383 r13=047C r14=0000 r15=43D2
t=74.628374000 pc=003B1AA2 fcw=D048 r0=011A r1=870C r2=2020 r3=0001 r4=0000 r5=0B2C r6=0000 r7=0000 r8=002E r9=0001 r10=0000 r11=0AE6 r12=8383 r13=047C r14=0000 r15=43D2
t=74.628376500 pc=003B1ABC fcw=D048 r0=011A r1=870C r2=2020 r3=0001 r4=0000 r5=0B2C r6=0000 r7=0000 r8=002E r9=0001 r10=0000 r11=0AE6 r12=8383 r13=047C r14=0000 r15=43D6
t=74.628377250 pc=003B1ABE fcw=D048 r0=011A r1=870C r2=2020 r3=0001 r4=0000 r5=0B2C r6=0000 r7=0000 r8=002E r9=0001 r10=0000 r11=0AE6 r12=8383 r13=047C r14=0000 r15=43D6
t=74.628378500 pc=003B1AC0 fcw=D048 r0=011A r1=870C r2=20F7 r3=0001 r4=0000 r5=0B2C r6=0000 r7=0000 r8=002E r9=0001 r10=0000 r11=0AE6 r12=8383 r13=047C r14=0000 r15=43D6
t=74.628381000 pc=003B1AC2 fcw=D048 r0=011A r1=870C r2=20F7 r3=0001 r4=0000 r5=0B2C r6=0000 r7=0002 r8=002E r9=0001 r10=0000 r11=0AE6 r12=8383 r13=047C r14=0000 r15=43D6
t=74.628382750 pc=003B1AC6 fcw=D008 r0=011A r1=870C r2=20F7 r3=0001 r4=0000 r5=0B2C r6=0000 r7=0002 r8=002E r9=0001 r10=0000 r11=0AE6 r12=8383 r13=047C r14=0000 r15=43D6
t=74.628384500 pc=003B1ACA fcw=D028 r0=011A r1=870C r2=20F7 r3=0001 r4=0000 r5=0B2C r6=0000 r7=00F2 r8=002E r9=0001 r10=0000 r11=0AE6 r12=8383 r13=047C r14=0000 r15=43D6
t=74.628385500 pc=003B1ACC fcw=D048 r0=011A r1=870C r2=20F7 r3=0001 r4=0000 r5=0B2C r6=0000 r7=00F2 r8=002E r9=0001 r10=0000 r11=0AE6 r12=8383 r13=047C r14=0000 r15=43D6
t=74.628386750 pc=003B1ACE fcw=D048 r0=011A r1=870C r2=20FF r3=0001 r4=0000 r5=0B2C r6=0000 r7=00F2 r8=002E r9=0001 r10=0000 r11=0AE6 r12=8383 r13=047C r14=0000 r15=43D6
t=74.628389750 pc=003B1AD0 fcw=D048 r0=011A r1=870C r2=20FF r3=0001 r4=0000 r5=0B2C r6=0000 r7=00F2 r8=002E r9=0001 r10=0000 r11=0AE6 r12=8383 r13=047C r14=0000 r15=43D6
t=74.628392250 pc=003B167E fcw=D048 r0=011A r1=870C r2=20FF r3=0001 r4=0000 r5=0B2C r6=0000 r7=00F2 r8=002E r9=0001 r10=0000 r11=0AE6 r12=8383 r13=047C r14=0000 r15=43DA
t=74.628394750 pc=003B0D9E fcw=D048 r0=011A r1=870C r2=20FF r3=0001 r4=0000 r5=0B2C r6=0000 r7=00F2 r8=002E r9=0001 r10=0000 r11=0AE6 r12=8383 r13=047C r14=0000 r15=43DE
t=74.628396750 pc=003B0DA0 fcw=D048 r0=011A r1=870C r2=0020 r3=0001 r4=0000 r5=0B2C r6=0000 r7=00F2 r8=002E r9=0001 r10=0000 r11=0AE6 r12=8383 r13=047C r14=0000 r15=43E0
t=74.628399000 pc=003B0DA2 fcw=D048 r0=011A r1=870C r2=0020 r3=0001 r4=0000 r5=0B2C r6=0000 r7=00F2 r8=002E r9=0001 r10=0000 r11=0AE6 r12=8383 r13=047C r14=0000 r15=43DE
t=74.628402000 pc=003B0DA4 fcw=D048 r0=011A r1=870C r2=0020 r3=0001 r4=0000 r5=0B2C r6=0000 r7=00F2 r8=002E r9=0001 r10=0000 r11=0AE6 r12=8383 r13=047C r14=0000 r15=43DA
t=74.628405000 pc=003B0DA6 fcw=D048 r0=011A r1=870C r2=0020 r3=0001 r4=0000 r5=0B2C r6=0000 r7=00F2 r8=002E r9=0001 r10=0000 r11=0AE6 r12=8383 r13=047C r14=0000 r15=43D6
t=74.628408500 pc=003B0DAA fcw=D048 r0=011A r1=870C r2=0020 r3=0201 r4=0000 r5=0B2C r6=0000 r7=00F2 r8=002E r9=0001 r10=0000 r11=0AE6 r12=8383 r13=047C r14=0000 r15=43D6
t=74.628410250 pc=003B0DAE fcw=D008 r0=011A r1=870C r2=0020 r3=0201 r4=0000 r5=0B2C r6=0000 r7=00F2 r8=002E r9=0001 r10=0000 r11=0AE6 r12=8383 r13=047C r14=0000 r15=43D6
t=74.628411750 pc=003B0DB0 fcw=D008 r0=011A r1=870C r2=0020 r3=0201 r4=0000 r5=0B2C r6=0000 r7=00F2 r8=002E r9=0001 r10=0000 r11=0AE6 r12=8383 r13=047C r14=0000 r15=43D6
t=74.628415250 pc=003B0DB4 fcw=D008 r0=011A r1=870C r2=0020 r3=0002 r4=0000 r5=0B2C r6=0000 r7=00F2 r8=002E r9=0001 r10=0000 r11=0AE6 r12=8383 r13=047C r14=0000 r15=43D6
t=74.628416500 pc=003B0DB6 fcw=D008 r0=011A r1=870C r2=0020 r3=0002 r4=0000 r5=0AE6 r6=0000 r7=00F2 r8=002E r9=0001 r10=0000 r11=0AE6 r12=8383 r13=047C r14=0000 r15=43D6
t=74.628418250 pc=003B0DBA fcw=D008 r0=011A r1=870C r2=0020 r3=0002 r4=0000 r5=0B24 r6=0000 r7=00F2 r8=002E r9=0001 r10=0000 r11=0AE6 r12=8383 r13=047C r14=0000 r15=43D6
t=74.628420750 pc=003B164C fcw=D008 r0=011A r1=870C r2=0020 r3=0002 r4=0000 r5=0B24 r6=0000 r7=00F2 r8=002E r9=0001 r10=0000 r11=0AE6 r12=8383 r13=047C r14=0000 r15=43D2
t=74.628423250 pc=003B1D20 fcw=D008 r0=011A r1=870C r2=0020 r3=0002 r4=0000 r5=0B24 r6=0000 r7=00F2 r8=002E r9=0001 r10=0000 r11=0AE6 r12=8383 r13=047C r14=0000 r15=43CE
t=74.628424000 pc=003B1D22 fcw=D008 r0=011A r1=870C r2=2020 r3=0002 r4=0000 r5=0B24 r6=0000 r7=00F2 r8=002E r9=0001 r10=0000 r11=0AE6 r12=8383 r13=047C r14=0000 r15=43CE
t=74.628425250 pc=003B1D24 fcw=D008 r0=011A r1=870C r2=20F7 r3=0002 r4=0000 r5=0B24 r6=0000 r7=00F2 r8=002E r9=0001 r10=0000 r11=0AE6 r12=8383 r13=047C r14=0000 r15=43CE
t=74.628427750 pc=003B1D26 fcw=D008 r0=0102 r1=870C r2=20F7 r3=0002 r4=0000 r5=0B24 r6=0000 r7=00F2 r8=002E r9=0001 r10=0000 r11=0AE6 r12=8383 r13=047C r14=0000 r15=43CE
t=74.628428750 pc=003B1D28 fcw=D048 r0=0102 r1=870C r2=20F7 r3=0002 r4=0000 r5=0B24 r6=0000 r7=00F2 r8=002E r9=0001 r10=0000 r11=0AE6 r12=8383 r13=047C r14=0000 r15=43CE
t=74.628430250 pc=003B1D2E fcw=D048 r0=0102 r1=870C r2=20F7 r3=0002 r4=0000 r5=0B24 r6=0000 r7=00F2 r8=002E r9=0001 r10=0000 r11=0AE6 r12=8383 r13=047C r14=0000 r15=43CE
t=74.628431500 pc=003B1D30 fcw=D048 r0=0102 r1=870C r2=20F7 r3=0002 r4=0000 r5=0B24 r6=0000 r7=0000 r8=002E r9=0001 r10=0000 r11=0AE6 r12=8383 r13=047C r14=0000 r15=43CE
t=74.628432750 pc=003B1D32 fcw=D048 r0=0102 r1=870C r2=209F r3=0002 r4=0000 r5=0B24 r6=0000 r7=0000 r8=002E r9=0001 r10=0000 r11=0AE6 r12=8383 r13=047C r14=0000 r15=43CE
t=74.628434000 pc=003B1D34 fcw=D048 r0=0170 r1=870C r2=209F r3=0002 r4=0000 r5=0B24 r6=0000 r7=0000 r8=002E r9=0001 r10=0000 r11=0AE6 r12=8383 r13=047C r14=0000 r15=43CE
t=74.628437000 pc=003B1D36 fcw=D048 r0=0170 r1=870C r2=209F r3=0002 r4=0000 r5=0B24 r6=0000 r7=0000 r8=002E r9=0001 r10=0000 r11=0AE6 r12=8383 r13=047C r14=0000 r15=43CE
t=74.628438250 pc=003B1D38 fcw=D048 r0=0180 r1=870C r2=209F r3=0002 r4=0000 r5=0B24 r6=0000 r7=0000 r8=002E r9=0001 r10=0000 r11=0AE6 r12=8383 r13=047C r14=0000 r15=43CE
t=74.628441250 pc=003B1D3A fcw=D048 r0=0180 r1=870C r2=209F r3=0002 r4=0000 r5=0B24 r6=0000 r7=0000 r8=002E r9=0001 r10=0000 r11=0AE6 r12=8383 r13=047C r14=0000 r15=43CE
t=74.628442500 pc=003B1D3C fcw=D048 r0=0180 r1=870C r2=209D r3=0002 r4=0000 r5=0B24 r6=0000 r7=0000 r8=002E r9=0001 r10=0000 r11=0AE6 r12=8383 r13=047C r14=0000 r15=43CE
t=74.628445000 pc=003B1D3E fcw=D048 r0=0102 r1=870C r2=209D r3=0002 r4=0000 r5=0B24 r6=0000 r7=0000 r8=002E r9=0001 r10=0000 r11=0AE6 r12=8383 r13=047C r14=0000 r15=43CE
t=74.628446250 pc=003B1D40 fcw=D048 r0=0102 r1=870C r2=209F r3=0002 r4=0000 r5=0B24 r6=0000 r7=0000 r8=002E r9=0001 r10=0000 r11=0AE6 r12=8383 r13=047C r14=0000 r15=43CE
t=74.628447500 pc=003B1D42 fcw=D048 r0=9002 r1=870C r2=209F r3=0002 r4=0000 r5=0B24 r6=0000 r7=0000 r8=002E r9=0001 r10=0000 r11=0AE6 r12=8383 r13=047C r14=0000 r15=43CE
t=74.628450500 pc=003B1D44 fcw=D048 r0=9002 r1=870C r2=209F r3=0002 r4=0000 r5=0B24 r6=0000 r7=0000 r8=002E r9=0001 r10=0000 r11=0AE6 r12=8383 r13=047C r14=0000 r15=43CE
t=74.628451500 pc=003B1D46 fcw=D048 r0=9002 r1=870C r2=209F r3=0002 r4=0000 r5=0B24 r6=0000 r7=0000 r8=002E r9=0001 r10=0000 r11=0AE6 r12=8383 r13=047C r14=0000 r15=43CE
t=74.628453000 pc=003B1D4A fcw=D048 r0=9002 r1=870C r2=209F r3=0002 r4=0000 r5=0B24 r6=0000 r7=0000 r8=002E r9=0001 r10=0000 r11=0AE6 r12=8383 r13=047C r14=0000 r15=43CE
t=74.628454000 pc=003B1D4C fcw=D048 r0=0002 r1=870C r2=209F r3=0002 r4=0000 r5=0B24 r6=0000 r7=0000 r8=002E r9=0001 r10=0000 r11=0AE6 r12=8383 r13=047C r14=0000 r15=43CE
t=74.628456000 pc=003B1D4E fcw=D048 r0=0002 r1=870C r2=209F r3=0002 r4=0000 r5=0B24 r6=0000 r7=0000 r8=002E r9=0001 r10=0000 r11=0AE6 r12=8383 r13=047C r14=0000 r15=43CE
t=74.628457000 pc=003B1D50 fcw=D048 r0=0002 r1=870C r2=209F r3=0002 r4=0000 r5=0B24 r6=0000 r7=0000 r8=002E r9=0001 r10=0000 r11=0AE6 r12=8383 r13=047C r14=0000 r15=43CE
t=74.628457750 pc=003B1D52 fcw=D048 r0=0002 r1=870C r2=2020 r3=0002 r4=0000 r5=0B24 r6=0000 r7=0000 r8=002E r9=0001 r10=0000 r11=0AE6 r12=8383 r13=047C r14=0000 r15=43CE
t=74.628460250 pc=003B164E fcw=D048 r0=0002 r1=870C r2=2020 r3=0002 r4=0000 r5=0B24 r6=0000 r7=0000 r8=002E r9=0001 r10=0000 r11=0AE6 r12=8383 r13=047C r14=0000 r15=43D2
t=74.628462750 pc=003B0DBC fcw=D048 r0=0002 r1=870C r2=2020 r3=0002 r4=0000 r5=0B24 r6=0000 r7=0000 r8=002E r9=0001 r10=0000 r11=0AE6 r12=8383 r13=047C r14=0000 r15=43D6
t=74.628465750 pc=003B0DBE fcw=D048 r0=0002 r1=870C r2=2020 r3=0002 r4=0000 r5=0B2C r6=0000 r7=0000 r8=002E r9=0001 r10=0000 r11=0AE6 r12=8383 r13=047C r14=0000 r15=43DA
t=74.628468750 pc=003B0DC0 fcw=D048 r0=0002 r1=870C r2=0020 r3=0001 r4=0000 r5=0B2C r6=0000 r7=0000 r8=002E r9=0001 r10=0000 r11=0AE6 r12=8383 r13=047C r14=0000 r15=43DE
t=74.628470750 pc=003B0DC2 fcw=D048 r0=0002 r1=870C r2=0020 r3=0001 r4=0000 r5=0B2C r6=0000 r7=00F2 r8=002E r9=0001 r10=0000 r11=0AE6 r12=8383 r13=047C r14=0000 r15=43E0
t=74.628471750 pc=003B0DC4 fcw=D048 r0=0002 r1=870C r2=0020 r3=0001 r4=0000 r5=0B2C r6=0000 r7=00F2 r8=002E r9=0001 r10=0000 r11=0AE6 r12=8383 r13=047C r14=0000 r15=43E0
t=74.628476000 pc=003B0DC8 fcw=D048 r0=0002 r1=870C r2=0020 r3=0001 r4=0000 r5=0B2C r6=0000 r7=00F2 r8=002E r9=0001 r10=0000 r11=0AE6 r12=0000 r13=0B92 r14=0000 r15=43E0
t=74.628477000 pc=003B0DCA fcw=D048 r0=0002 r1=870C r2=0020 r3=0001 r4=0000 r5=0B2C r6=0000 r7=00F2 r8=002E r9=0001 r10=0000 r11=0AE6 r12=0000 r13=0B92 r14=0000 r15=43E0
t=74.628478500 pc=003B0DDE fcw=D048 r0=0002 r1=870C r2=0020 r3=0001 r4=0000 r5=0B2C r6=0000 r7=00F2 r8=002E r9=0001 r10=0000 r11=0AE6 r12=0000 r13=0B92 r14=0000 r15=43E0
t=74.628479500 pc=003B0DE0 fcw=D048 r0=0002 r1=870C r2=0020 r3=0001 r4=0000 r5=0B2C r6=0000 r7=00F2 r8=002E r9=0001 r10=0000 r11=0AE6 r12=0000 r13=0B92 r14=0000 r15=43E0
t=74.628481000 pc=003B0DF6 fcw=D048 r0=0002 r1=870C r2=0020 r3=0001 r4=0000 r5=0B2C r6=0000 r7=00F2 r8=002E r9=0001 r10=0000 r11=0AE6 r12=0000 r13=0B92 r14=0000 r15=43E0
t=74.628482000 pc=003B0DF8 fcw=D048 r0=0002 r1=870C r2=0020 r3=0001 r4=0000 r5=0B2C r6=0000 r7=00F2 r8=002E r9=0001 r10=0000 r11=0AE6 r12=0000 r13=0B92 r14=0000 r15=43E0
t=74.628483500 pc=003B0E6E fcw=D048 r0=0002 r1=870C r2=0020 r3=0001 r4=0000 r5=0B2C r6=0000 r7=00F2 r8=002E r9=0001 r10=0000 r11=0AE6 r12=0000 r13=0B92 r14=0000 r15=43E0
t=74.628484500 pc=003B0E70 fcw=D008 r0=0002 r1=870C r2=0020 r3=0001 r4=0000 r5=0B2C r6=0000 r7=00F2 r8=002E r9=0001 r10=0000 r11=0AE6 r12=0000 r13=0B92 r14=0000 r15=43E0
t=74.628486000 pc=003B0E72 fcw=D008 r0=0002 r1=870C r2=0020 r3=0001 r4=0000 r5=0B2C r6=0000 r7=00F2 r8=002E r9=0001 r10=0000 r11=0AE6 r12=0000 r13=0B92 r14=0000 r15=43E0
t=74.628487750 pc=003B0E74 fcw=D008 r0=0002 r1=870C r2=0020 r3=0001 r4=0000 r5=0B2C r6=00FF r7=00F2 r8=002E r9=0001 r10=0000 r11=0AE6 r12=0000 r13=0B92 r14=0000 r15=43E0
t=74.628489500 pc=003B0E76 fcw=D038 r0=0002 r1=870C r2=0020 r3=0001 r4=0000 r5=0B2C r6=00FF r7=00F2 r8=002E r9=0001 r10=0000 r11=0AE6 r12=0000 r13=0B92 r14=0000 r15=43E0
t=74.628491000 pc=003B0E78 fcw=D038 r0=0002 r1=870C r2=0020 r3=0001 r4=0000 r5=0B2C r6=00FF r7=00F2 r8=002E r9=0001 r10=0000 r11=0AE6 r12=0000 r13=0B92 r14=0000 r15=43E0
t=74.628492750 pc=003B0E7C fcw=D0A8 r0=0002 r1=870C r2=0020 r3=0001 r4=0000 r5=0B2C r6=00FF r7=00F2 r8=002E r9=0001 r10=0000 r11=0AE6 r12=0000 r13=0B92 r14=0000 r15=43E0
t=74.628494250 pc=003B0E8C fcw=D0A8 r0=0002 r1=870C r2=0020 r3=0001 r4=0000 r5=0B2C r6=00FF r7=00F2 r8=002E r9=0001 r10=0000 r11=0AE6 r12=0000 r13=0B92 r14=0000 r15=43E0
t=74.628495000 pc=003B0E8E fcw=D0A8 r0=0002 r1=870C r2=0020 r3=0001 r4=0000 r5=0B2C r6=000C r7=00F2 r8=002E r9=0001 r10=0000 r11=0AE6 r12=0000 r13=0B92 r14=0000 r15=43E0
t=74.628496750 pc=003B0E92 fcw=D088 r0=0002 r1=870C r2=0020 r3=0001 r4=0000 r5=0B2C r6=0004 r7=00F2 r8=002E r9=0001 r10=0000 r11=0AE6 r12=0000 r13=0B92 r14=0000 r15=43E0
t=74.628498500 pc=003B0E96 fcw=D008 r0=0002 r1=870C r2=0020 r3=0001 r4=0000 r5=0B2C r6=0004 r7=00F2 r8=002E r9=0001 r10=0000 r11=0AE6 r12=0000 r13=0B92 r14=0000 r15=43E0
t=74.628500000 pc=003B0E9C fcw=D008 r0=0002 r1=870C r2=0020 r3=0001 r4=0000 r5=0B2C r6=0004 r7=00F2 r8=002E r9=0001 r10=0000 r11=0AE6 r12=0000 r13=0B92 r14=0000 r15=43E0
t=74.628501750 pc=003B0EA0 fcw=D008 r0=0002 r1=870C r2=0020 r3=0001 r4=0000 r5=0B2C r6=0004 r7=00F2 r8=002E r9=0001 r10=0000 r11=0AE6 r12=0000 r13=0B92 r14=0000 r15=43E0
t=74.628503250 pc=003B0EA6 fcw=D008 r0=0002 r1=870C r2=0020 r3=0001 r4=0000 r5=0B2C r6=0004 r7=00F2 r8=002E r9=0001 r10=0000 r11=0AE6 r12=0000 r13=0B92 r14=0000 r15=43E0
t=74.628505000 pc=003B0EAA fcw=D048 r0=0002 r1=870C r2=0020 r3=0001 r4=0000 r5=0B2C r6=0004 r7=00F2 r8=002E r9=0001 r10=0000 r11=0AE6 r12=0000 r13=0B92 r14=0000 r15=43E0
t=74.628506500 pc=003B0EAC fcw=D048 r0=0002 r1=870C r2=0020 r3=0001 r4=0000 r5=0B2C r6=0004 r7=00F2 r8=002E r9=0001 r10=0000 r11=0AE6 r12=0000 r13=0B92 r14=0000 r15=43E0
t=74.628509000 pc=003B1094 fcw=D048 r0=0002 r1=870C r2=0020 r3=0001 r4=0000 r5=0B2C r6=0004 r7=00F2 r8=002E r9=0001 r10=0000 r11=0AE6 r12=0000 r13=0B92 r14=0000 r15=43DC
t=74.628511250 pc=003B1096 fcw=D048 r0=0002 r1=870C r2=0020 r3=0001 r4=0000 r5=0B2C r6=0004 r7=00F2 r8=002E r9=0001 r10=0000 r11=0AE6 r12=0000 r13=0B92 r14=0000 r15=43DA
t=74.628514250 pc=003B1098 fcw=D048 r0=0002 r1=870C r2=0020 r3=0001 r4=0000 r5=0B2C r6=0004 r7=00F2 r8=002E r9=0001 r10=0000 r11=0AE6 r12=0000 r13=0B92 r14=0000 r15=43D6
t=74.628517250 pc=003B109A fcw=D048 r0=0002 r1=870C r2=0020 r3=0001 r4=0000 r5=0B2C r6=0004 r7=00F2 r8=002E r9=0001 r10=0000 r11=0AE6 r12=0000 r13=0B92 r14=0000 r15=43D2
t=74.628518500 pc=003B109C fcw=D048 r0=0002 r1=870C r2=0020 r3=0001 r4=0000 r5=0AE6 r6=0004 r7=00F2 r8=002E r9=0001 r10=0000 r11=0AE6 r12=0000 r13=0B92 r14=0000 r15=43D2
t=74.628520250 pc=003B10A0 fcw=D008 r0=0002 r1=870C r2=0020 r3=0001 r4=0000 r5=0B02 r6=0004 r7=00F2 r8=002E r9=0001 r10=0000 r11=0AE6 r12=0000 r13=0B92 r14=0000 r15=43D2
t=74.628521250 pc=003B10A2 fcw=D048 r0=0002 r1=870C r2=0020 r3=0001 r4=0000 r5=0B02 r6=0004 r7=00F2 r8=002E r9=0001 r10=0000 r11=0AE6 r12=0000 r13=0B92 r14=0000 r15=43D2
t=74.628522750 pc=003B10A4 fcw=D048 r0=0002 r1=870C r2=0020 r3=0001 r4=0000 r5=0B02 r6=0004 r7=00F2 r8=002E r9=0001 r10=0000 r11=0AE6 r12=0000 r13=0B92 r14=0000 r15=43D2
t=74.628525250 pc=003B1694 fcw=D048 r0=0002 r1=870C r2=0020 r3=0001 r4=0000 r5=0B02 r6=0004 r7=00F2 r8=002E r9=0001 r10=0000 r11=0AE6 r12=0000 r13=0B92 r14=0000 r15=43CE
t=74.628527750 pc=003B1C4C fcw=D048 r0=0002 r1=870C r2=0020 r3=0001 r4=0000 r5=0B02 r6=0004 r7=00F2 r8=002E r9=0001 r10=0000 r11=0AE6 r12=0000 r13=0B92 r14=0000 r15=43CA
t=74.628528750 pc=003B1C4E fcw=D048 r0=0002 r1=870C r2=0020 r3=0001 r4=0000 r5=0B02 r6=0000 r7=00F2 r8=002E r9=0001 r10=0000 r11=0AE6 r12=0000 r13=0B92 r14=0000 r15=43CA
t=74.628531250 pc=003B1C58 fcw=D048 r0=0002 r1=870C r2=0020 r3=0001 r4=0000 r5=0B02 r6=0000 r7=00F2 r8=002E r9=0001 r10=0000 r11=0AE6 r12=0000 r13=0B92 r14=0000 r15=43C6
t=74.628533750 pc=003B1B2A fcw=D048 r0=0002 r1=870C r2=0020 r3=0001 r4=0000 r5=0B02 r6=0000 r7=00F2 r8=002E r9=0001 r10=0000 r11=0AE6 r12=0000 r13=0B92 r14=0000 r15=43C2
t=74.628534750 pc=003B1B2C fcw=D048 r0=0002 r1=870C r2=0020 r3=0001 r4=0000 r5=0B02 r6=0000 r7=0000 r8=002E r9=0001 r10=0000 r11=0AE6 r12=0000 r13=0B92 r14=0000 r15=43C2
t=74.628535500 pc=003B1B2E fcw=D048 r0=0002 r1=870C r2=2020 r3=0001 r4=0000 r5=0B02 r6=0000 r7=0000 r8=002E r9=0001 r10=0000 r11=0AE6 r12=0000 r13=0B92 r14=0000 r15=43C2
t=74.628536750 pc=003B1B30 fcw=D048 r0=0002 r1=870C r2=201D r3=0001 r4=0000 r5=0B02 r6=0000 r7=0000 r8=002E r9=0001 r10=0000 r11=0AE6 r12=0000 r13=0B92 r14=0000 r15=43C2
t=74.628539250 pc=003B1B32 fcw=D048 r0=00D0 r1=870C r2=201D r3=0001 r4=0000 r5=0B02 r6=0000 r7=0000 r8=002E r9=0001 r10=0000 r11=0AE6 r12=0000 r13=0B92 r14=0000 r15=43C2
t=74.628540250 pc=003B1B34 fcw=D048 r0=00D0 r1=870C r2=201D r3=0001 r4=0000 r5=0B02 r6=0000 r7=0000 r8=002E r9=0001 r10=0000 r11=0AE6 r12=0000 r13=0B92 r14=0000 r15=43C2
t=74.628541750 pc=003B1B36 fcw=D048 r0=00D0 r1=870C r2=201D r3=0001 r4=0000 r5=0B02 r6=0000 r7=0000 r8=002E r9=0001 r10=0000 r11=0AE6 r12=0000 r13=0B92 r14=0000 r15=43C2
t=74.628542750 pc=003B1B38 fcw=D008 r0=00D0 r1=870C r2=201D r3=0001 r4=0000 r5=0B02 r6=0000 r7=0000 r8=002E r9=0001 r10=0000 r11=0AE6 r12=0000 r13=0B92 r14=0000 r15=43C2
t=74.628544250 pc=003B1C02 fcw=D008 r0=00D0 r1=870C r2=201D r3=0001 r4=0000 r5=0B02 r6=0000 r7=0000 r8=002E r9=0001 r10=0000 r11=0AE6 r12=0000 r13=0B92 r14=0000 r15=43C2
t=74.628545500 pc=003B1C04 fcw=D008 r0=00D0 r1=870C r2=201D r3=0001 r4=0000 r5=0B02 r6=0000 r7=0000 r8=002E r9=0001 r10=0000 r11=0AE6 r12=0000 r13=0B92 r14=0000 r15=43C2
t=74.628547000 pc=003B1C08 fcw=D008 r0=00D0 r1=870C r2=201D r3=0001 r4=0000 r5=0B02 r6=0000 r7=0000 r8=002E r9=0001 r10=0000 r11=0AE6 r12=0000 r13=0B92 r14=0000 r15=43C2
t=74.628547750 pc=003B1C0A fcw=D008 r0=00D0 r1=870C r2=2020 r3=0001 r4=0000 r5=0B02 r6=0000 r7=0000 r8=002E r9=0001 r10=0000 r11=0AE6 r12=0000 r13=0B92 r14=0000 r15=43C2
t=74.628548750 pc=003B1C0C fcw=D048 r0=00D0 r1=870C r2=2020 r3=0001 r4=0000 r5=0B02 r6=0000 r7=0000 r8=002E r9=0001 r10=0000 r11=0AE6 r12=0000 r13=0B92 r14=0000 r15=43C2
t=74.628550500 pc=003B1C10 fcw=D048 r0=00D0 r1=870C r2=2020 r3=0001 r4=0000 r5=0B02 r6=0000 r7=0000 r8=002E r9=0001 r10=0000 r11=0AE6 r12=0000 r13=0B92 r14=0000 r15=43C2
t=74.628552000 pc=003B1C12 fcw=D048 r0=00D0 r1=870C r2=2020 r3=0001 r4=0000 r5=0B02 r6=0000 r7=0000 r8=002E r9=0001 r10=0000 r11=0AE6 r12=0000 r13=0B92 r14=0000 r15=43C2
t=74.628552750 pc=003B1C14 fcw=D048 r0=00D0 r1=870C r2=2020 r3=0001 r4=0000 r5=0B02 r6=0000 r7=0000 r8=002E r9=0001 r10=0000 r11=0AE6 r12=0000 r13=0B92 r14=0000 r15=43C2
t=74.628555250 pc=003B1C5A fcw=D048 r0=00D0 r1=870C r2=2020 r3=0001 r4=0000 r5=0B02 r6=0000 r7=0000 r8=002E r9=0001 r10=0000 r11=0AE6 r12=0000 r13=0B92 r14=0000 r15=43C6
t=74.628557000 pc=003B1C5E fcw=D048 r0=00D0 r1=870C r2=2020 r3=0001 r4=0000 r5=0B02 r6=0000 r7=0000 r8=002E r9=0001 r10=0000 r11=0AE6 r12=0000 r13=0B92 r14=0000 r15=43C6
t=74.628558500 pc=003B1C60 fcw=D048 r0=00D0 r1=870C r2=2020 r3=0001 r4=0000 r5=0B02 r6=0000 r7=0000 r8=002E r9=0001 r10=0000 r11=0AE6 r12=0000 r13=0B92 r14=0000 r15=43C6
t=74.628561000 pc=003B1D78 fcw=D048 r0=00D0 r1=870C r2=2020 r3=0001 r4=0000 r5=0B02 r6=0000 r7=0000 r8=002E r9=0001 r10=0000 r11=0AE6 r12=0000 r13=0B92 r14=0000 r15=43C2
t=74.628564000 pc=003B1D7A fcw=D048 r0=00D0 r1=870C r2=2020 r3=0001 r4=0000 r5=0B02 r6=0000 r7=0000 r8=002E r9=0001 r10=0000 r11=0AE6 r12=0000 r13=0B92 r14=0000 r15=43BE
t=74.628565000 pc=003B1D7C fcw=D048 r0=00D0 r1=870C r2=2020 r3=0001 r4=0000 r5=0B00 r6=0000 r7=0000 r8=002E r9=0001 r10=0000 r11=0AE6 r12=0000 r13=0B92 r14=0000 r15=43BE
t=74.628565750 pc=003B1D7E fcw=D048 r0=00D0 r1=870C r2=2020 r3=0001 r4=0000 r5=0B00 r6=0000 r7=0000 r8=002E r9=0001 r10=0000 r11=0AE6 r12=0000 r13=0B92 r14=0000 r15=43BE
t=74.628567000 pc=003B1D80 fcw=D048 r0=00D0 r1=870C r2=201D r3=0001 r4=0000 r5=0B00 r6=0000 r7=0000 r8=002E r9=0001 r10=0000 r11=0AE6 r12=0000 r13=0B92 r14=0000 r15=43BE
t=74.628569500 pc=003B1D82 fcw=D048 r0=00D0 r1=870C r2=201D r3=0001 r4=0000 r5=D000 r6=0000 r7=0000 r8=002E r9=0001 r10=0000 r11=0AE6 r12=0000 r13=0B92 r14=0000 r15=43BE
t=74.628570500 pc=003B1D84 fcw=D008 r0=00D0 r1=870C r2=201D r3=0001 r4=0000 r5=D000 r6=0000 r7=0000 r8=002E r9=0001 r10=0000 r11=0AE6 r12=0000 r13=0B92 r14=0000 r15=43BE
t=74.628572000 pc=003B1D86 fcw=D008 r0=00D0 r1=870C r2=201D r3=0001 r4=0000 r5=D000 r6=0000 r7=0000 r8=002E r9=0001 r10=0000 r11=0AE6 r12=0000 r13=0B92 r14=0000 r15=43BE
t=74.628574250 pc=003B1D88 fcw=D008 r0=00D0 r1=870C r2=201D r3=0001 r4=0000 r5=D000 r6=0000 r7=0000 r8=002E r9=0001 r10=0000 r11=0AE6 r12=0000 r13=0B92 r14=0000 r15=43BC
t=74.628576500 pc=003B1D8A fcw=D008 r0=00D0 r1=870C r2=201D r3=0001 r4=0000 r5=D000 r6=0000 r7=0000 r8=002E r9=0001 r10=0000 r11=0AE6 r12=0000 r13=0B92 r14=0000 r15=43BA
t=74.628579000 pc=003B19E8 fcw=D008 r0=00D0 r1=870C r2=201D r3=0001 r4=0000 r5=D000 r6=0000 r7=0000 r8=002E r9=0001 r10=0000 r11=0AE6 r12=0000 r13=0B92 r14=0000 r15=43B6
t=74.628580000 pc=003B19EA fcw=D048 r0=00D0 r1=870C r2=201D r3=0001 r4=0000 r5=D000 r6=0000 r7=0000 r8=002E r9=0001 r10=0000 r11=0AE6 r12=0000 r13=0B92 r14=0000 r15=43B6
t=74.628581250 pc=003B19EC fcw=D048 r0=00D0 r1=870C r2=201D r3=0001 r4=0000 r5=D000 r6=0000 r7=0005 r8=002E r9=0001 r10=0000 r11=0AE6 r12=0000 r13=0B92 r14=0000 r15=43B6
t=74.628582500 pc=003B19EE fcw=D048 r0=00D0 r1=870C r2=201D r3=0010 r4=0000 r5=D000 r6=0000 r7=0005 r8=002E r9=0001 r10=0000 r11=0AE6 r12=0000 r13=0B92 r14=0000 r15=43B6
t=74.628583750 pc=003B19F0 fcw=D048 r0=00D0 r1=870C r2=201D r3=0010 r4=0000 r5=D000 r6=0000 r7=0005 r8=002E r9=0001 r10=0000 r11=0AE6 r12=0000 r13=0B92 r14=0000 r15=43B6
t=74.628586250 pc=003B19F2 fcw=D048 r0=00D0 r1=870C r2=201D r3=0010 r4=0000 r5=D000 r6=0000 r7=0005 r8=002E r9=0001 r10=0000 r11=0AE6 r12=0000 r13=0B92 r14=0000 r15=43B6
t=74.628587250 pc=003B19F4 fcw=D008 r0=00D0 r1=870C r2=201D r3=0010 r4=0000 r5=D000 r6=0000 r7=0005 r8=002E r9=0001 r10=0000 r11=0AE6 r12=0000 r13=0B92 r14=0000 r15=43B6
t=74.628588750 pc=003B19F6 fcw=D008 r0=00D0 r1=870C r2=201D r3=0010 r4=0000 r5=D000 r6=0000 r7=0005 r8=002E r9=0001 r10=0000 r11=0AE6 r12=0000 r13=0B92 r14=0000 r15=43B6
t=74.628589750 pc=003B19F8 fcw=D048 r0=00D0 r1=870C r2=201D r3=0000 r4=0000 r5=D000 r6=0000 r7=0005 r8=002E r9=0001 r10=0000 r11=0AE6 r12=0000 r13=0B92 r14=0000 r15=43B6
t=74.628590750 pc=003B19FA fcw=D048 r0=00D0 r1=870C r2=201D r3=0000 r4=0000 r5=D000 r6=0000 r7=0000 r8=002E r9=0001 r10=0000 r11=0AE6 r12=0000 r13=0B92 r14=0000 r15=43B6
t=74.628592250 pc=003B1A06 fcw=D048 r0=00D0 r1=870C r2=201D r3=0000 r4=0000 r5=D000 r6=0000 r7=0000 r8=002E r9=0001 r10=0000 r11=0AE6 r12=0000 r13=0B92 r14=0000 r15=43B6
t=74.628594750 pc=003B1D8C fcw=D048 r0=00D0 r1=870C r2=201D r3=0000 r4=0000 r5=D000 r6=0000 r7=0000 r8=002E r9=0001 r10=0000 r11=0AE6 r12=0000 r13=0B92 r14=0000 r15=43BA
t=74.628596750 pc=003B1D8E fcw=D048 r0=00D0 r1=870C r2=201D r3=0001 r4=0000 r5=D000 r6=0000 r7=0000 r8=002E r9=0001 r10=0000 r11=0AE6 r12=0000 r13=0B92 r14=0000 r15=43BC
t=74.628598750 pc=003B1D90 fcw=D048 r0=00D0 r1=870C r2=201D r3=0001 r4=0000 r5=D000 r6=0000 r7=0000 r8=002E r9=0001 r10=0000 r11=0AE6 r12=0000 r13=0B92 r14=0000 r15=43BE
t=74.628600500 pc=003B1D94 fcw=D048 r0=00D0 r1=870C r2=201D r3=0001 r4=0000 r5=D000 r6=0000 r7=0000 r8=002E r9=0001 r10=0000 r11=0AE6 r12=0000 r13=0B92 r14=0000 r15=43BE
t=74.628602000 pc=003B1D96 fcw=D048 r0=00D0 r1=870C r2=201D r3=0001 r4=0000 r5=D000 r6=0000 r7=0000 r8=002E r9=0001 r10=0000 r11=0AE6 r12=0000 r13=0B92 r14=0000 r15=43BE
t=74.628604500 pc=003B1D98 fcw=D048 r0=00D0 r1=870C r2=201D r3=0001 r4=0000 r5=D000 r6=0000 r7=0000 r8=002E r9=0001 r10=0000 r11=0AE6 r12=0000 r13=0B92 r14=0000 r15=43BE
t=74.628605500 pc=003B1D9A fcw=D008 r0=00D0 r1=870C r2=201D r3=0001 r4=0000 r5=D000 r6=0000 r7=0000 r8=002E r9=0001 r10=0000 r11=0AE6 r12=0000 r13=0B92 r14=0000 r15=43BE
t=74.628607000 pc=003B1D9C fcw=D008 r0=00D0 r1=870C r2=201D r3=0001 r4=0000 r5=D000 r6=0000 r7=0000 r8=002E r9=0001 r10=0000 r11=0AE6 r12=0000 r13=0B92 r14=0000 r15=43BE
t=74.628608250 pc=003B1D9E fcw=D008 r0=00D0 r1=870C r2=201F r3=0001 r4=0000 r5=D000 r6=0000 r7=0000 r8=002E r9=0001 r10=0000 r11=0AE6 r12=0000 r13=0B92 r14=0000 r15=43BE
t=74.628610750 pc=003B1DA0 fcw=D008 r0=00D0 r1=870C r2=201F r3=0001 r4=0000 r5=0500 r6=0000 r7=0000 r8=002E r9=0001 r10=0000 r11=0AE6 r12=0000 r13=0B92 r14=0000 r15=43BE
t=74.628612500 pc=003B1DA4 fcw=D048 r0=00D0 r1=870C r2=201F r3=0001 r4=0000 r5=0500 r6=0000 r7=0000 r8=002E r9=0001 r10=0000 r11=0AE6 r12=0000 r13=0B92 r14=0000 r15=43BE
t=74.628614000 pc=003B1DA6 fcw=D048 r0=00D0 r1=870C r2=201F r3=0001 r4=0000 r5=0500 r6=0000 r7=0000 r8=002E r9=0001 r10=0000 r11=0AE6 r12=0000 r13=0B92 r14=0000 r15=43BE
t=74.628614750 pc=003B1DA8 fcw=D048 r0=05D0 r1=870C r2=201F r3=0001 r4=0000 r5=0500 r6=0000 r7=0000 r8=002E r9=0001 r10=0000 r11=0AE6 r12=0000 r13=0B92 r14=0000 r15=43BE
t=74.628616250 pc=003B1DE4 fcw=D048 r0=05D0 r1=870C r2=201F r3=0001 r4=0000 r5=0500 r6=0000 r7=0000 r8=002E r9=0001 r10=0000 r11=0AE6 r12=0000 r13=0B92 r14=0000 r15=43BE
t=74.628617250 pc=003B1DE6 fcw=D008 r0=05D0 r1=870C r2=201F r3=0001 r4=0000 r5=0501 r6=0000 r7=0000 r8=002E r9=0001 r10=0000 r11=0AE6 r12=0000 r13=0B92 r14=0000 r15=43BE
t=74.628618750 pc=003B1D7E fcw=D008 r0=05D0 r1=870C r2=201F r3=0001 r4=0000 r5=0501 r6=0000 r7=0000 r8=002E r9=0001 r10=0000 r11=0AE6 r12=0000 r13=0B92 r14=0000 r15=43BE
t=74.628620000 pc=003B1D80 fcw=D008 r0=05D0 r1=870C r2=201D r3=0001 r4=0000 r5=0501 r6=0000 r7=0000 r8=002E r9=0001 r10=0000 r11=0AE6 r12=0000 r13=0B92 r14=0000 r15=43BE
t=74.628622500 pc=003B1D82 fcw=D008 r0=05D0 r1=870C r2=201D r3=0001 r4=0000 r5=D001 r6=0000 r7=0000 r8=002E r9=0001 r10=0000 r11=0AE6 r12=0000 r13=0B92 r14=0000 r15=43BE
t=74.628623500 pc=003B1D84 fcw=D008 r0=05D0 r1=870C r2=201D r3=0001 r4=0000 r5=D001 r6=0000 r7=0000 r8=002E r9=0001 r10=0000 r11=0AE6 r12=0000 r13=0B92 r14=0000 r15=43BE
t=74.628625000 pc=003B1D86 fcw=D008 r0=05D0 r1=870C r2=201D r3=0001 r4=0000 r5=D001 r6=0000 r7=0000 r8=002E r9=0001 r10=0000 r11=0AE6 r12=0000 r13=0B92 r14=0000 r15=43BE
t=74.628627250 pc=003B1D88 fcw=D008 r0=05D0 r1=870C r2=201D r3=0001 r4=0000 r5=D001 r6=0000 r7=0000 r8=002E r9=0001 r10=0000 r11=0AE6 r12=0000 r13=0B92 r14=0000 r15=43BC
t=74.628629500 pc=003B1D8A fcw=D008 r0=05D0 r1=870C r2=201D r3=0001 r4=0000 r5=D001 r6=0000 r7=0000 r8=002E r9=0001 r10=0000 r11=0AE6 r12=0000 r13=0B92 r14=0000 r15=43BA
t=74.628632000 pc=003B19E8 fcw=D008 r0=05D0 r1=870C r2=201D r3=0001 r4=0000 r5=D001 r6=0000 r7=0000 r8=002E r9=0001 r10=0000 r11=0AE6 r12=0000 r13=0B92 r14=0000 r15=43B6
t=74.628633000 pc=003B19EA fcw=D048 r0=05D0 r1=870C r2=201D r3=0001 r4=0000 r5=D001 r6=0000 r7=0000 r8=002E r9=0001 r10=0000 r11=0AE6 r12=0000 r13=0B92 r14=0000 r15=43B6
t=74.628634250 pc=003B19EC fcw=D048 r0=05D0 r1=870C r2=201D r3=0001 r4=0000 r5=D001 r6=0000 r7=0005 r8=002E r9=0001 r10=0000 r11=0AE6 r12=0000 r13=0B92 r14=0000 r15=43B6
t=74.628635500 pc=003B19EE fcw=D048 r0=05D0 r1=870C r2=201D r3=0010 r4=0000 r5=D001 r6=0000 r7=0005 r8=002E r9=0001 r10=0000 r11=0AE6 r12=0000 r13=0B92 r14=0000 r15=43B6
t=74.628636750 pc=003B19F0 fcw=D048 r0=05D0 r1=870C r2=201D r3=0010 r4=0000 r5=D001 r6=0000 r7=0005 r8=002E r9=0001 r10=0000 r11=0AE6 r12=0000 r13=0B92 r14=0000 r15=43B6
t=74.628639250 pc=003B19F2 fcw=D048 r0=05D0 r1=870C r2=201D r3=0010 r4=0000 r5=D001 r6=0000 r7=0005 r8=002E r9=0001 r10=0000 r11=0AE6 r12=0000 r13=0B92 r14=0000 r15=43B6
t=74.628640250 pc=003B19F4 fcw=D008 r0=05D0 r1=870C r2=201D r3=0010 r4=0000 r5=D001 r6=0000 r7=0005 r8=002E r9=0001 r10=0000 r11=0AE6 r12=0000 r13=0B92 r14=0000 r15=43B6
t=74.628641750 pc=003B19F6 fcw=D008 r0=05D0 r1=870C r2=201D r3=0010 r4=0000 r5=D001 r6=0000 r7=0005 r8=002E r9=0001 r10=0000 r11=0AE6 r12=0000 r13=0B92 r14=0000 r15=43B6
t=74.628642750 pc=003B19F8 fcw=D048 r0=05D0 r1=870C r2=201D r3=0000 r4=0000 r5=D001 r6=0000 r7=0005 r8=002E r9=0001 r10=0000 r11=0AE6 r12=0000 r13=0B92 r14=0000 r15=43B6
t=74.628643750 pc=003B19FA fcw=D048 r0=05D0 r1=870C r2=201D r3=0000 r4=0000 r5=D001 r6=0000 r7=0000 r8=002E r9=0001 r10=0000 r11=0AE6 r12=0000 r13=0B92 r14=0000 r15=43B6
t=74.628645250 pc=003B1A06 fcw=D048 r0=05D0 r1=870C r2=201D r3=0000 r4=0000 r5=D001 r6=0000 r7=0000 r8=002E r9=0001 r10=0000 r11=0AE6 r12=0000 r13=0B92 r14=0000 r15=43B6
t=74.628647750 pc=003B1D8C fcw=D048 r0=05D0 r1=870C r2=201D r3=0000 r4=0000 r5=D001 r6=0000 r7=0000 r8=002E r9=0001 r10=0000 r11=0AE6 r12=0000 r13=0B92 r14=0000 r15=43BA
t=74.628649750 pc=003B1D8E fcw=D048 r0=05D0 r1=870C r2=201D r3=0001 r4=0000 r5=D001 r6=0000 r7=0000 r8=002E r9=0001 r10=0000 r11=0AE6 r12=0000 r13=0B92 r14=0000 r15=43BC
t=74.628651750 pc=003B1D90 fcw=D048 r0=05D0 r1=870C r2=201D r3=0001 r4=0000 r5=D001 r6=0000 r7=0000 r8=002E r9=0001 r10=0000 r11=0AE6 r12=0000 r13=0B92 r14=0000 r15=43BE
t=74.628653500 pc=003B1D94 fcw=D048 r0=05D0 r1=870C r2=201D r3=0001 r4=0000 r5=D001 r6=0000 r7=0000 r8=002E r9=0001 r10=0000 r11=0AE6 r12=0000 r13=0B92 r14=0000 r15=43BE
t=74.628655000 pc=003B1D96 fcw=D048 r0=05D0 r1=870C r2=201D r3=0001 r4=0000 r5=D001 r6=0000 r7=0000 r8=002E r9=0001 r10=0000 r11=0AE6 r12=0000 r13=0B92 r14=0000 r15=43BE
t=74.628657500 pc=003B1D98 fcw=D048 r0=05D0 r1=870C r2=201D r3=0001 r4=0000 r5=D001 r6=0000 r7=0000 r8=002E r9=0001 r10=0000 r11=0AE6 r12=0000 r13=0B92 r14=0000 r15=43BE
t=74.628658500 pc=003B1D9A fcw=D008 r0=05D0 r1=870C r2=201D r3=0001 r4=0000 r5=D001 r6=0000 r7=0000 r8=002E r9=0001 r10=0000 r11=0AE6 r12=0000 r13=0B92 r14=0000 r15=43BE
t=74.628660000 pc=003B1D9C fcw=D008 r0=05D0 r1=870C r2=201D r3=0001 r4=0000 r5=D001 r6=0000 r7=0000 r8=002E r9=0001 r10=0000 r11=0AE6 r12=0000 r13=0B92 r14=0000 r15=43BE
t=74.628661250 pc=003B1D9E fcw=D008 r0=05D0 r1=870C r2=201F r3=0001 r4=0000 r5=D001 r6=0000 r7=0000 r8=002E r9=0001 r10=0000 r11=0AE6 r12=0000 r13=0B92 r14=0000 r15=43BE
t=74.628663750 pc=003B1DA0 fcw=D008 r0=05D0 r1=870C r2=201F r3=0001 r4=0000 r5=0001 r6=0000 r7=0000 r8=002E r9=0001 r10=0000 r11=0AE6 r12=0000 r13=0B92 r14=0000 r15=43BE
t=74.628665500 pc=003B1DA4 fcw=D008 r0=05D0 r1=870C r2=201F r3=0001 r4=0000 r5=0001 r6=0000 r7=0000 r8=002E r9=0001 r10=0000 r11=0AE6 r12=0000 r13=0B92 r14=0000 r15=43BE
t=74.628667000 pc=003B1DAA fcw=D008 r0=05D0 r1=870C r2=201F r3=0001 r4=0000 r5=0001 r6=0000 r7=0000 r8=002E r9=0001 r10=0000 r11=0AE6 r12=0000 r13=0B92 r14=0000 r15=43BE
t=74.628668750 pc=003B1DAE fcw=D048 r0=05D0 r1=870C r2=201F r3=0001 r4=0000 r5=0001 r6=0000 r7=0000 r8=002E r9=0001 r10=0000 r11=0AE6 r12=0000 r13=0B92 r14=0000 r15=43BE
t=74.628670250 pc=003B1DB0 fcw=D048 r0=05D0 r1=870C r2=201F r3=0001 r4=0000 r5=0001 r6=0000 r7=0000 r8=002E r9=0001 r10=0000 r11=0AE6 r12=0000 r13=0B92 r14=0000 r15=43BE
t=74.628671000 pc=003B1DB2 fcw=D048 r0=0500 r1=870C r2=201F r3=0001 r4=0000 r5=0001 r6=0000 r7=0000 r8=002E r9=0001 r10=0000 r11=0AE6 r12=0000 r13=0B92 r14=0000 r15=43BE
t=74.628672500 pc=003B1DE4 fcw=D048 r0=0500 r1=870C r2=201F r3=0001 r4=0000 r5=0001 r6=0000 r7=0000 r8=002E r9=0001 r10=0000 r11=0AE6 r12=0000 r13=0B92 r14=0000 r15=43BE
t=74.628673500 pc=003B1DE6 fcw=D008 r0=0500 r1=870C r2=201F r3=0001 r4=0000 r5=0002 r6=0000 r7=0000 r8=002E r9=0001 r10=0000 r11=0AE6 r12=0000 r13=0B92 r14=0000 r15=43BE
t=74.628675000 pc=003B1D7E fcw=D008 r0=0500 r1=870C r2=201F r3=0001 r4=0000 r5=0002 r6=0000 r7=0000 r8=002E r9=0001 r10=0000 r11=0AE6 r12=0000 r13=0B92 r14=0000 r15=43BE
t=74.628676250 pc=003B1D80 fcw=D008 r0=0500 r1=870C r2=201D r3=0001 r4=0000 r5=0002 r6=0000 r7=0000 r8=002E r9=0001 r10=0000 r11=0AE6 r12=0000 r13=0B92 r14=0000 r15=43BE
t=74.628678750 pc=003B1D82 fcw=D008 r0=0500 r1=870C r2=201D r3=0001 r4=0000 r5=D002 r6=0000 r7=0000 r8=002E r9=0001 r10=0000 r11=0AE6 r12=0000 r13=0B92 r14=0000 r15=43BE
t=74.628679750 pc=003B1D84 fcw=D008 r0=0500 r1=870C r2=201D r3=0001 r4=0000 r5=D002 r6=0000 r7=0000 r8=002E r9=0001 r10=0000 r11=0AE6 r12=0000 r13=0B92 r14=0000 r15=43BE
t=74.628681250 pc=003B1D86 fcw=D008 r0=0500 r1=870C r2=201D r3=0001 r4=0000 r5=D002 r6=0000 r7=0000 r8=002E r9=0001 r10=0000 r11=0AE6 r12=0000 r13=0B92 r14=0000 r15=43BE
t=74.628683500 pc=003B1D88 fcw=D008 r0=0500 r1=870C r2=201D r3=0001 r4=0000 r5=D002 r6=0000 r7=0000 r8=002E r9=0001 r10=0000 r11=0AE6 r12=0000 r13=0B92 r14=0000 r15=43BC
t=74.628685750 pc=003B1D8A fcw=D008 r0=0500 r1=870C r2=201D r3=0001 r4=0000 r5=D002 r6=0000 r7=0000 r8=002E r9=0001 r10=0000 r11=0AE6 r12=0000 r13=0B92 r14=0000 r15=43BA
t=74.628688250 pc=003B19E8 fcw=D008 r0=0500 r1=870C r2=201D r3=0001 r4=0000 r5=D002 r6=0000 r7=0000 r8=002E r9=0001 r10=0000 r11=0AE6 r12=0000 r13=0B92 r14=0000 r15=43B6
t=74.628689250 pc=003B19EA fcw=D048 r0=0500 r1=870C r2=201D r3=0001 r4=0000 r5=D002 r6=0000 r7=0000 r8=002E r9=0001 r10=0000 r11=0AE6 r12=0000 r13=0B92 r14=0000 r15=43B6
t=74.628690500 pc=003B19EC fcw=D048 r0=0500 r1=870C r2=201D r3=0001 r4=0000 r5=D002 r6=0000 r7=0005 r8=002E r9=0001 r10=0000 r11=0AE6 r12=0000 r13=0B92 r14=0000 r15=43B6
t=74.628691750 pc=003B19EE fcw=D048 r0=0500 r1=870C r2=201D r3=0010 r4=0000 r5=D002 r6=0000 r7=0005 r8=002E r9=0001 r10=0000 r11=0AE6 r12=0000 r13=0B92 r14=0000 r15=43B6
t=74.628693000 pc=003B19F0 fcw=D048 r0=0500 r1=870C r2=201D r3=0010 r4=0000 r5=D002 r6=0000 r7=0005 r8=002E r9=0001 r10=0000 r11=0AE6 r12=0000 r13=0B92 r14=0000 r15=43B6
t=74.628695500 pc=003B19F2 fcw=D048 r0=05D0 r1=870C r2=201D r3=0010 r4=0000 r5=D002 r6=0000 r7=0005 r8=002E r9=0001 r10=0000 r11=0AE6 r12=0000 r13=0B92 r14=0000 r15=43B6
t=74.628696500 pc=003B19F4 fcw=D008 r0=05D0 r1=870C r2=201D r3=0010 r4=0000 r5=D002 r6=0000 r7=0005 r8=002E r9=0001 r10=0000 r11=0AE6 r12=0000 r13=0B92 r14=0000 r15=43B6
t=74.628698000 pc=003B19F6 fcw=D008 r0=05D0 r1=870C r2=201D r3=0010 r4=0000 r5=D002 r6=0000 r7=0005 r8=002E r9=0001 r10=0000 r11=0AE6 r12=0000 r13=0B92 r14=0000 r15=43B6
t=74.628699000 pc=003B19F8 fcw=D048 r0=05D0 r1=870C r2=201D r3=0000 r4=0000 r5=D002 r6=0000 r7=0005 r8=002E r9=0001 r10=0000 r11=0AE6 r12=0000 r13=0B92 r14=0000 r15=43B6
t=74.628700000 pc=003B19FA fcw=D048 r0=05D0 r1=870C r2=201D r3=0000 r4=0000 r5=D002 r6=0000 r7=0000 r8=002E r9=0001 r10=0000 r11=0AE6 r12=0000 r13=0B92 r14=0000 r15=43B6
t=74.628701500 pc=003B1A06 fcw=D048 r0=05D0 r1=870C r2=201D r3=0000 r4=0000 r5=D002 r6=0000 r7=0000 r8=002E r9=0001 r10=0000 r11=0AE6 r12=0000 r13=0B92 r14=0000 r15=43B6
t=74.628704000 pc=003B1D8C fcw=D048 r0=05D0 r1=870C r2=201D r3=0000 r4=0000 r5=D002 r6=0000 r7=0000 r8=002E r9=0001 r10=0000 r11=0AE6 r12=0000 r13=0B92 r14=0000 r15=43BA
t=74.628706000 pc=003B1D8E fcw=D048 r0=05D0 r1=870C r2=201D r3=0001 r4=0000 r5=D002 r6=0000 r7=0000 r8=002E r9=0001 r10=0000 r11=0AE6 r12=0000 r13=0B92 r14=0000 r15=43BC
t=74.628708000 pc=003B1D90 fcw=D048 r0=0500 r1=870C r2=201D r3=0001 r4=0000 r5=D002 r6=0000 r7=0000 r8=002E r9=0001 r10=0000 r11=0AE6 r12=0000 r13=0B92 r14=0000 r15=43BE
t=74.628709750 pc=003B1D94 fcw=D048 r0=0500 r1=870C r2=201D r3=0001 r4=0000 r5=D002 r6=0000 r7=0000 r8=002E r9=0001 r10=0000 r11=0AE6 r12=0000 r13=0B92 r14=0000 r15=43BE
t=74.628711250 pc=003B1D96 fcw=D048 r0=0500 r1=870C r2=201D r3=0001 r4=0000 r5=D002 r6=0000 r7=0000 r8=002E r9=0001 r10=0000 r11=0AE6 r12=0000 r13=0B92 r14=0000 r15=43BE
t=74.628713750 pc=003B1D98 fcw=D048 r0=0500 r1=870C r2=201D r3=0001 r4=0000 r5=D002 r6=0000 r7=0000 r8=002E r9=0001 r10=0000 r11=0AE6 r12=0000 r13=0B92 r14=0000 r15=43BE
t=74.628714750 pc=003B1D9A fcw=D008 r0=0500 r1=870C r2=201D r3=0001 r4=0000 r5=D002 r6=0000 r7=0000 r8=002E r9=0001 r10=0000 r11=0AE6 r12=0000 r13=0B92 r14=0000 r15=43BE
t=74.628716250 pc=003B1D9C fcw=D008 r0=0500 r1=870C r2=201D r3=0001 r4=0000 r5=D002 r6=0000 r7=0000 r8=002E r9=0001 r10=0000 r11=0AE6 r12=0000 r13=0B92 r14=0000 r15=43BE
t=74.628717500 pc=003B1D9E fcw=D008 r0=0500 r1=870C r2=201F r3=0001 r4=0000 r5=D002 r6=0000 r7=0000 r8=002E r9=0001 r10=0000 r11=0AE6 r12=0000 r13=0B92 r14=0000 r15=43BE
t=74.628720000 pc=003B1DA0 fcw=D008 r0=0500 r1=870C r2=201F r3=0001 r4=0000 r5=0002 r6=0000 r7=0000 r8=002E r9=0001 r10=0000 r11=0AE6 r12=0000 r13=0B92 r14=0000 r15=43BE
t=74.628721750 pc=003B1DA4 fcw=D008 r0=0500 r1=870C r2=201F r3=0001 r4=0000 r5=0002 r6=0000 r7=0000 r8=002E r9=0001 r10=0000 r11=0AE6 r12=0000 r13=0B92 r14=0000 r15=43BE
t=74.628723250 pc=003B1DAA fcw=D008 r0=0500 r1=870C r2=201F r3=0001 r4=0000 r5=0002 r6=0000 r7=0000 r8=002E r9=0001 r10=0000 r11=0AE6 r12=0000 r13=0B92 r14=0000 r15=43BE
t=74.628725000 pc=003B1DAE fcw=D008 r0=0500 r1=870C r2=201F r3=0001 r4=0000 r5=0002 r6=0000 r7=0000 r8=002E r9=0001 r10=0000 r11=0AE6 r12=0000 r13=0B92 r14=0000 r15=43BE
t=74.628726500 pc=003B1DB4 fcw=D008 r0=0500 r1=870C r2=201F r3=0001 r4=0000 r5=0002 r6=0000 r7=0000 r8=002E r9=0001 r10=0000 r11=0AE6 r12=0000 r13=0B92 r14=0000 r15=43BE
t=74.628728250 pc=003B1DB8 fcw=D048 r0=0500 r1=870C r2=201F r3=0001 r4=0000 r5=0002 r6=0000 r7=0000 r8=002E r9=0001 r10=0000 r11=0AE6 r12=0000 r13=0B92 r14=0000 r15=43BE
t=74.628729750 pc=003B1DBA fcw=D048 r0=0500 r1=870C r2=201F r3=0001 r4=0000 r5=0002 r6=0000 r7=0000 r8=002E r9=0001 r10=0000 r11=0AE6 r12=0000 r13=0B92 r14=0000 r15=43BE
t=74.628730500 pc=003B1DBC fcw=D048 r0=0500 r1=000C r2=201F r3=0001 r4=0000 r5=0002 r6=0000 r7=0000 r8=002E r9=0001 r10=0000 r11=0AE6 r12=0000 r13=0B92 r14=0000 r15=43BE
t=74.628732000 pc=003B1DE4 fcw=D048 r0=0500 r1=000C r2=201F r3=0001 r4=0000 r5=0002 r6=0000 r7=0000 r8=002E r9=0001 r10=0000 r11=0AE6 r12=0000 r13=0B92 r14=0000 r15=43BE
t=74.628733000 pc=003B1DE6 fcw=D008 r0=0500 r1=000C r2=201F r3=0001 r4=0000 r5=0003 r6=0000 r7=0000 r8=002E r9=0001 r10=0000 r11=0AE6 r12=0000 r13=0B92 r14=0000 r15=43BE
t=74.628734500 pc=003B1D7E fcw=D008 r0=0500 r1=000C r2=201F r3=0001 r4=0000 r5=0003 r6=0000 r7=0000 r8=002E r9=0001 r10=0000 r11=0AE6 r12=0000 r13=0B92 r14=0000 r15=43BE
t=74.628735750 pc=003B1D80 fcw=D008 r0=0500 r1=000C r2=201D r3=0001 r4=0000 r5=0003 r6=0000 r7=0000 r8=002E r9=0001 r10=0000 r11=0AE6 r12=0000 r13=0B92 r14=0000 r15=43BE
t=74.628738250 pc=003B1D82 fcw=D008 r0=0500 r1=000C r2=201D r3=0001 r4=0000 r5=D003 r6=0000 r7=0000 r8=002E r9=0001 r10=0000 r11=0AE6 r12=0000 r13=0B92 r14=0000 r15=43BE
t=74.628739250 pc=003B1D84 fcw=D008 r0=0500 r1=000C r2=201D r3=0001 r4=0000 r5=D003 r6=0000 r7=0000 r8=002E r9=0001 r10=0000 r11=0AE6 r12=0000 r13=0B92 r14=0000 r15=43BE
t=74.628740750 pc=003B1D86 fcw=D008 r0=0500 r1=000C r2=201D r3=0001 r4=0000 r5=D003 r6=0000 r7=0000 r8=002E r9=0001 r10=0000 r11=0AE6 r12=0000 r13=0B92 r14=0000 r15=43BE
t=74.628743000 pc=003B1D88 fcw=D008 r0=0500 r1=000C r2=201D r3=0001 r4=0000 r5=D003 r6=0000 r7=0000 r8=002E r9=0001 r10=0000 r11=0AE6 r12=0000 r13=0B92 r14=0000 r15=43BC
t=74.628745250 pc=003B1D8A fcw=D008 r0=0500 r1=000C r2=201D r3=0001 r4=0000 r5=D003 r6=0000 r7=0000 r8=002E r9=0001 r10=0000 r11=0AE6 r12=0000 r13=0B92 r14=0000 r15=43BA
t=74.628747750 pc=003B19E8 fcw=D008 r0=0500 r1=000C r2=201D r3=0001 r4=0000 r5=D003 r6=0000 r7=0000 r8=002E r9=0001 r10=0000 r11=0AE6 r12=0000 r13=0B92 r14=0000 r15=43B6
t=74.628748750 pc=003B19EA fcw=D048 r0=0500 r1=000C r2=201D r3=0001 r4=0000 r5=D003 r6=0000 r7=0000 r8=002E r9=0001 r10=0000 r11=0AE6 r12=0000 r13=0B92 r14=0000 r15=43B6
t=74.628750000 pc=003B19EC fcw=D048 r0=0500 r1=000C r2=201D r3=0001 r4=0000 r5=D003 r6=0000 r7=0005 r8=002E r9=0001 r10=0000 r11=0AE6 r12=0000 r13=0B92 r14=0000 r15=43B6
t=74.628751250 pc=003B19EE fcw=D048 r0=0500 r1=000C r2=201D r3=0010 r4=0000 r5=D003 r6=0000 r7=0005 r8=002E r9=0001 r10=0000 r11=0AE6 r12=0000 r13=0B92 r14=0000 r15=43B6
t=74.628752500 pc=003B19F0 fcw=D048 r0=0500 r1=000C r2=201D r3=0010 r4=0000 r5=D003 r6=0000 r7=0005 r8=002E r9=0001 r10=0000 r11=0AE6 r12=0000 r13=0B92 r14=0000 r15=43B6
t=74.628755000 pc=003B19F2 fcw=D048 r0=05D0 r1=000C r2=201D r3=0010 r4=0000 r5=D003 r6=0000 r7=0005 r8=002E r9=0001 r10=0000 r11=0AE6 r12=0000 r13=0B92 r14=0000 r15=43B6
t=74.628756000 pc=003B19F4 fcw=D008 r0=05D0 r1=000C r2=201D r3=0010 r4=0000 r5=D003 r6=0000 r7=0005 r8=002E r9=0001 r10=0000 r11=0AE6 r12=0000 r13=0B92 r14=0000 r15=43B6
t=74.628757500 pc=003B19F6 fcw=D008 r0=05D0 r1=000C r2=201D r3=0010 r4=0000 r5=D003 r6=0000 r7=0005 r8=002E r9=0001 r10=0000 r11=0AE6 r12=0000 r13=0B92 r14=0000 r15=43B6
t=74.628758500 pc=003B19F8 fcw=D048 r0=05D0 r1=000C r2=201D r3=0000 r4=0000 r5=D003 r6=0000 r7=0005 r8=002E r9=0001 r10=0000 r11=0AE6 r12=0000 r13=0B92 r14=0000 r15=43B6
t=74.628759500 pc=003B19FA fcw=D048 r0=05D0 r1=000C r2=201D r3=0000 r4=0000 r5=D003 r6=0000 r7=0000 r8=002E r9=0001 r10=0000 r11=0AE6 r12=0000 r13=0B92 r14=0000 r15=43B6
t=74.628761000 pc=003B1A06 fcw=D048 r0=05D0 r1=000C r2=201D r3=0000 r4=0000 r5=D003 r6=0000 r7=0000 r8=002E r9=0001 r10=0000 r11=0AE6 r12=0000 r13=0B92 r14=0000 r15=43B6
t=74.628763500 pc=003B1D8C fcw=D048 r0=05D0 r1=000C r2=201D r3=0000 r4=0000 r5=D003 r6=0000 r7=0000 r8=002E r9=0001 r10=0000 r11=0AE6 r12=0000 r13=0B92 r14=0000 r15=43BA
t=74.628765500 pc=003B1D8E fcw=D048 r0=05D0 r1=000C r2=201D r3=0001 r4=0000 r5=D003 r6=0000 r7=0000 r8=002E r9=0001 r10=0000 r11=0AE6 r12=0000 r13=0B92 r14=0000 r15=43BC
t=74.628767500 pc=003B1D90 fcw=D048 r0=0500 r1=000C r2=201D r3=0001 r4=0000 r5=D003 r6=0000 r7=0000 r8=002E r9=0001 r10=0000 r11=0AE6 r12=0000 r13=0B92 r14=0000 r15=43BE
t=74.628769250 pc=003B1D94 fcw=D048 r0=0500 r1=000C r2=201D r3=0001 r4=0000 r5=D003 r6=0000 r7=0000 r8=002E r9=0001 r10=0000 r11=0AE6 r12=0000 r13=0B92 r14=0000 r15=43BE
t=74.628770750 pc=003B1D96 fcw=D048 r0=0500 r1=000C r2=201D r3=0001 r4=0000 r5=D003 r6=0000 r7=0000 r8=002E r9=0001 r10=0000 r11=0AE6 r12=0000 r13=0B92 r14=0000 r15=43BE
t=74.628773250 pc=003B1D98 fcw=D048 r0=0500 r1=000C r2=201D r3=0001 r4=0000 r5=D003 r6=0000 r7=0000 r8=002E r9=0001 r10=0000 r11=0AE6 r12=0000 r13=0B92 r14=0000 r15=43BE
t=74.628774250 pc=003B1D9A fcw=D008 r0=0500 r1=000C r2=201D r3=0001 r4=0000 r5=D003 r6=0000 r7=0000 r8=002E r9=0001 r10=0000 r11=0AE6 r12=0000 r13=0B92 r14=0000 r15=43BE
t=74.628775750 pc=003B1D9C fcw=D008 r0=0500 r1=000C r2=201D r3=0001 r4=0000 r5=D003 r6=0000 r7=0000 r8=002E r9=0001 r10=0000 r11=0AE6 r12=0000 r13=0B92 r14=0000 r15=43BE
t=74.628777000 pc=003B1D9E fcw=D008 r0=0500 r1=000C r2=201F r3=0001 r4=0000 r5=D003 r6=0000 r7=0000 r8=002E r9=0001 r10=0000 r11=0AE6 r12=0000 r13=0B92 r14=0000 r15=43BE
t=74.628779500 pc=003B1DA0 fcw=D008 r0=0500 r1=000C r2=201F r3=0001 r4=0000 r5=0103 r6=0000 r7=0000 r8=002E r9=0001 r10=0000 r11=0AE6 r12=0000 r13=0B92 r14=0000 r15=43BE
t=74.628781250 pc=003B1DA4 fcw=D008 r0=0500 r1=000C r2=201F r3=0001 r4=0000 r5=0103 r6=0000 r7=0000 r8=002E r9=0001 r10=0000 r11=0AE6 r12=0000 r13=0B92 r14=0000 r15=43BE
t=74.628782750 pc=003B1DAA fcw=D008 r0=0500 r1=000C r2=201F r3=0001 r4=0000 r5=0103 r6=0000 r7=0000 r8=002E r9=0001 r10=0000 r11=0AE6 r12=0000 r13=0B92 r14=0000 r15=43BE
t=74.628784500 pc=003B1DAE fcw=D008 r0=0500 r1=000C r2=201F r3=0001 r4=0000 r5=0103 r6=0000 r7=0000 r8=002E r9=0001 r10=0000 r11=0AE6 r12=0000 r13=0B92 r14=0000 r15=43BE
t=74.628786000 pc=003B1DB4 fcw=D008 r0=0500 r1=000C r2=201F r3=0001 r4=0000 r5=0103 r6=0000 r7=0000 r8=002E r9=0001 r10=0000 r11=0AE6 r12=0000 r13=0B92 r14=0000 r15=43BE
t=74.628787750 pc=003B1DB8 fcw=D008 r0=0500 r1=000C r2=201F r3=0001 r4=0000 r5=0103 r6=0000 r7=0000 r8=002E r9=0001 r10=0000 r11=0AE6 r12=0000 r13=0B92 r14=0000 r15=43BE
t=74.628789250 pc=003B1DBE fcw=D008 r0=0500 r1=000C r2=201F r3=0001 r4=0000 r5=0103 r6=0000 r7=0000 r8=002E r9=0001 r10=0000 r11=0AE6 r12=0000 r13=0B92 r14=0000 r15=43BE
t=74.628791000 pc=003B1DC2 fcw=D048 r0=0500 r1=000C r2=201F r3=0001 r4=0000 r5=0103 r6=0000 r7=0000 r8=002E r9=0001 r10=0000 r11=0AE6 r12=0000 r13=0B92 r14=0000 r15=43BE
t=74.628792500 pc=003B1DC4 fcw=D048 r0=0500 r1=000C r2=201F r3=0001 r4=0000 r5=0103 r6=0000 r7=0000 r8=002E r9=0001 r10=0000 r11=0AE6 r12=0000 r13=0B92 r14=0000 r15=43BE
t=74.628793250 pc=003B1DC6 fcw=D048 r0=0500 r1=0001 r2=201F r3=0001 r4=0000 r5=0103 r6=0000 r7=0000 r8=002E r9=0001 r10=0000 r11=0AE6 r12=0000 r13=0B92 r14=0000 r15=43BE
t=74.628794750 pc=003B1DE4 fcw=D048 r0=0500 r1=0001 r2=201F r3=0001 r4=0000 r5=0103 r6=0000 r7=0000 r8=002E r9=0001 r10=0000 r11=0AE6 r12=0000 r13=0B92 r14=0000 r15=43BE
t=74.628795750 pc=003B1DE6 fcw=D008 r0=0500 r1=0001 r2=201F r3=0001 r4=0000 r5=0104 r6=0000 r7=0000 r8=002E r9=0001 r10=0000 r11=0AE6 r12=0000 r13=0B92 r14=0000 r15=43BE
t=74.628797250 pc=003B1D7E fcw=D008 r0=0500 r1=0001 r2=201F r3=0001 r4=0000 r5=0104 r6=0000 r7=0000 r8=002E r9=0001 r10=0000 r11=0AE6 r12=0000 r13=0B92 r14=0000 r15=43BE
t=74.628798500 pc=003B1D80 fcw=D008 r0=0500 r1=0001 r2=201D r3=0001 r4=0000 r5=0104 r6=0000 r7=0000 r8=002E r9=0001 r10=0000 r11=0AE6 r12=0000 r13=0B92 r14=0000 r15=43BE
t=74.628801000 pc=003B1D82 fcw=D008 r0=0500 r1=0001 r2=201D r3=0001 r4=0000 r5=D004 r6=0000 r7=0000 r8=002E r9=0001 r10=0000 r11=0AE6 r12=0000 r13=0B92 r14=0000 r15=43BE
t=74.628802000 pc=003B1D84 fcw=D008 r0=0500 r1=0001 r2=201D r3=0001 r4=0000 r5=D004 r6=0000 r7=0000 r8=002E r9=0001 r10=0000 r11=0AE6 r12=0000 r13=0B92 r14=0000 r15=43BE
t=74.628803500 pc=003B1D86 fcw=D008 r0=0500 r1=0001 r2=201D r3=0001 r4=0000 r5=D004 r6=0000 r7=0000 r8=002E r9=0001 r10=0000 r11=0AE6 r12=0000 r13=0B92 r14=0000 r15=43BE
t=74.628805750 pc=003B1D88 fcw=D008 r0=0500 r1=0001 r2=201D r3=0001 r4=0000 r5=D004 r6=0000 r7=0000 r8=002E r9=0001 r10=0000 r11=0AE6 r12=0000 r13=0B92 r14=0000 r15=43BC
t=74.628808000 pc=003B1D8A fcw=D008 r0=0500 r1=0001 r2=201D r3=0001 r4=0000 r5=D004 r6=0000 r7=0000 r8=002E r9=0001 r10=0000 r11=0AE6 r12=0000 r13=0B92 r14=0000 r15=43BA
t=74.628810500 pc=003B19E8 fcw=D008 r0=0500 r1=0001 r2=201D r3=0001 r4=0000 r5=D004 r6=0000 r7=0000 r8=002E r9=0001 r10=0000 r11=0AE6 r12=0000 r13=0B92 r14=0000 r15=43B6
t=74.628811500 pc=003B19EA fcw=D048 r0=0500 r1=0001 r2=201D r3=0001 r4=0000 r5=D004 r6=0000 r7=0000 r8=002E r9=0001 r10=0000 r11=0AE6 r12=0000 r13=0B92 r14=0000 r15=43B6
t=74.628812750 pc=003B19EC fcw=D048 r0=0500 r1=0001 r2=201D r3=0001 r4=0000 r5=D004 r6=0000 r7=0005 r8=002E r9=0001 r10=0000 r11=0AE6 r12=0000 r13=0B92 r14=0000 r15=43B6
t=74.628814000 pc=003B19EE fcw=D048 r0=0500 r1=0001 r2=201D r3=0010 r4=0000 r5=D004 r6=0000 r7=0005 r8=002E r9=0001 r10=0000 r11=0AE6 r12=0000 r13=0B92 r14=0000 r15=43B6
t=74.628815250 pc=003B19F0 fcw=D048 r0=0500 r1=0001 r2=201D r3=0010 r4=0000 r5=D004 r6=0000 r7=0005 r8=002E r9=0001 r10=0000 r11=0AE6 r12=0000 r13=0B92 r14=0000 r15=43B6
t=74.628817750 pc=003B19F2 fcw=D048 r0=05D0 r1=0001 r2=201D r3=0010 r4=0000 r5=D004 r6=0000 r7=0005 r8=002E r9=0001 r10=0000 r11=0AE6 r12=0000 r13=0B92 r14=0000 r15=43B6
t=74.628818750 pc=003B19F4 fcw=D008 r0=05D0 r1=0001 r2=201D r3=0010 r4=0000 r5=D004 r6=0000 r7=0005 r8=002E r9=0001 r10=0000 r11=0AE6 r12=0000 r13=0B92 r14=0000 r15=43B6
t=74.628820250 pc=003B19F6 fcw=D008 r0=05D0 r1=0001 r2=201D r3=0010 r4=0000 r5=D004 r6=0000 r7=0005 r8=002E r9=0001 r10=0000 r11=0AE6 r12=0000 r13=0B92 r14=0000 r15=43B6
t=74.628821250 pc=003B19F8 fcw=D048 r0=05D0 r1=0001 r2=201D r3=0000 r4=0000 r5=D004 r6=0000 r7=0005 r8=002E r9=0001 r10=0000 r11=0AE6 r12=0000 r13=0B92 r14=0000 r15=43B6
t=74.628822250 pc=003B19FA fcw=D048 r0=05D0 r1=0001 r2=201D r3=0000 r4=0000 r5=D004 r6=0000 r7=0000 r8=002E r9=0001 r10=0000 r11=0AE6 r12=0000 r13=0B92 r14=0000 r15=43B6
t=74.628823750 pc=003B1A06 fcw=D048 r0=05D0 r1=0001 r2=201D r3=0000 r4=0000 r5=D004 r6=0000 r7=0000 r8=002E r9=0001 r10=0000 r11=0AE6 r12=0000 r13=0B92 r14=0000 r15=43B6
t=74.628826250 pc=003B1D8C fcw=D048 r0=05D0 r1=0001 r2=201D r3=0000 r4=0000 r5=D004 r6=0000 r7=0000 r8=002E r9=0001 r10=0000 r11=0AE6 r12=0000 r13=0B92 r14=0000 r15=43BA
t=74.628828250 pc=003B1D8E fcw=D048 r0=05D0 r1=0001 r2=201D r3=0001 r4=0000 r5=D004 r6=0000 r7=0000 r8=002E r9=0001 r10=0000 r11=0AE6 r12=0000 r13=0B92 r14=0000 r15=43BC
t=74.628830250 pc=003B1D90 fcw=D048 r0=0500 r1=0001 r2=201D r3=0001 r4=0000 r5=D004 r6=0000 r7=0000 r8=002E r9=0001 r10=0000 r11=0AE6 r12=0000 r13=0B92 r14=0000 r15=43BE
t=74.628832000 pc=003B1D94 fcw=D048 r0=0500 r1=0001 r2=201D r3=0001 r4=0000 r5=D004 r6=0000 r7=0000 r8=002E r9=0001 r10=0000 r11=0AE6 r12=0000 r13=0B92 r14=0000 r15=43BE
t=74.628833500 pc=003B1D96 fcw=D048 r0=0500 r1=0001 r2=201D r3=0001 r4=0000 r5=D004 r6=0000 r7=0000 r8=002E r9=0001 r10=0000 r11=0AE6 r12=0000 r13=0B92 r14=0000 r15=43BE
t=74.628836000 pc=003B1D98 fcw=D048 r0=0500 r1=0001 r2=201D r3=0001 r4=0000 r5=D004 r6=0000 r7=0000 r8=002E r9=0001 r10=0000 r11=0AE6 r12=0000 r13=0B92 r14=0000 r15=43BE
t=74.628837000 pc=003B1D9A fcw=D008 r0=0500 r1=0001 r2=201D r3=0001 r4=0000 r5=D004 r6=0000 r7=0000 r8=002E r9=0001 r10=0000 r11=0AE6 r12=0000 r13=0B92 r14=0000 r15=43BE
t=74.628838500 pc=003B1D9C fcw=D008 r0=0500 r1=0001 r2=201D r3=0001 r4=0000 r5=D004 r6=0000 r7=0000 r8=002E r9=0001 r10=0000 r11=0AE6 r12=0000 r13=0B92 r14=0000 r15=43BE
t=74.628839750 pc=003B1D9E fcw=D008 r0=0500 r1=0001 r2=201F r3=0001 r4=0000 r5=D004 r6=0000 r7=0000 r8=002E r9=0001 r10=0000 r11=0AE6 r12=0000 r13=0B92 r14=0000 r15=43BE
t=74.628842250 pc=003B1DA0 fcw=D008 r0=0500 r1=0001 r2=201F r3=0001 r4=0000 r5=0104 r6=0000 r7=0000 r8=002E r9=0001 r10=0000 r11=0AE6 r12=0000 r13=0B92 r14=0000 r15=43BE
t=74.628844000 pc=003B1DA4 fcw=D008 r0=0500 r1=0001 r2=201F r3=0001 r4=0000 r5=0104 r6=0000 r7=0000 r8=002E r9=0001 r10=0000 r11=0AE6 r12=0000 r13=0B92 r14=0000 r15=43BE
t=74.628845500 pc=003B1DAA fcw=D008 r0=0500 r1=0001 r2=201F r3=0001 r4=0000 r5=0104 r6=0000 r7=0000 r8=002E r9=0001 r10=0000 r11=0AE6 r12=0000 r13=0B92 r14=0000 r15=43BE
t=74.628847250 pc=003B1DAE fcw=D008 r0=0500 r1=0001 r2=201F r3=0001 r4=0000 r5=0104 r6=0000 r7=0000 r8=002E r9=0001 r10=0000 r11=0AE6 r12=0000 r13=0B92 r14=0000 r15=43BE
t=74.628848750 pc=003B1DB4 fcw=D008 r0=0500 r1=0001 r2=201F r3=0001 r4=0000 r5=0104 r6=0000 r7=0000 r8=002E r9=0001 r10=0000 r11=0AE6 r12=0000 r13=0B92 r14=0000 r15=43BE
t=74.628850500 pc=003B1DB8 fcw=D008 r0=0500 r1=0001 r2=201F r3=0001 r4=0000 r5=0104 r6=0000 r7=0000 r8=002E r9=0001 r10=0000 r11=0AE6 r12=0000 r13=0B92 r14=0000 r15=43BE
t=74.628852000 pc=003B1DBE fcw=D008 r0=0500 r1=0001 r2=201F r3=0001 r4=0000 r5=0104 r6=0000 r7=0000 r8=002E r9=0001 r10=0000 r11=0AE6 r12=0000 r13=0B92 r14=0000 r15=43BE
t=74.628853750 pc=003B1DC2 fcw=D008 r0=0500 r1=0001 r2=201F r3=0001 r4=0000 r5=0104 r6=0000 r7=0000 r8=002E r9=0001 r10=0000 r11=0AE6 r12=0000 r13=0B92 r14=0000 r15=43BE
t=74.628855250 pc=003B1DC8 fcw=D008 r0=0500 r1=0001 r2=201F r3=0001 r4=0000 r5=0104 r6=0000 r7=0000 r8=002E r9=0001 r10=0000 r11=0AE6 r12=0000 r13=0B92 r14=0000 r15=43BE
t=74.628857000 pc=003B1DCC fcw=D048 r0=0500 r1=0001 r2=201F r3=0001 r4=0000 r5=0104 r6=0000 r7=0000 r8=002E r9=0001 r10=0000 r11=0AE6 r12=0000 r13=0B92 r14=0000 r15=43BE
t=74.628858500 pc=003B1DCE fcw=D048 r0=0500 r1=0001 r2=201F r3=0001 r4=0000 r5=0104 r6=0000 r7=0000 r8=002E r9=0001 r10=0000 r11=0AE6 r12=0000 r13=0B92 r14=0000 r15=43BE
t=74.628859250 pc=003B1DD0 fcw=D048 r0=0500 r1=0001 r2=201F r3=0101 r4=0000 r5=0104 r6=0000 r7=0000 r8=002E r9=0001 r10=0000 r11=0AE6 r12=0000 r13=0B92 r14=0000 r15=43BE
t=74.628860750 pc=003B1DE4 fcw=D048 r0=0500 r1=0001 r2=201F r3=0101 r4=0000 r5=0104 r6=0000 r7=0000 r8=002E r9=0001 r10=0000 r11=0AE6 r12=0000 r13=0B92 r14=0000 r15=43BE
t=74.628861750 pc=003B1DE6 fcw=D008 r0=0500 r1=0001 r2=201F r3=0101 r4=0000 r5=0105 r6=0000 r7=0000 r8=002E r9=0001 r10=0000 r11=0AE6 r12=0000 r13=0B92 r14=0000 r15=43BE
t=74.628863250 pc=003B1D7E fcw=D008 r0=0500 r1=0001 r2=201F r3=0101 r4=0000 r5=0105 r6=0000 r7=0000 r8=002E r9=0001 r10=0000 r11=0AE6 r12=0000 r13=0B92 r14=0000 r15=43BE
t=74.628864500 pc=003B1D80 fcw=D008 r0=0500 r1=0001 r2=201D r3=0101 r4=0000 r5=0105 r6=0000 r7=0000 r8=002E r9=0001 r10=0000 r11=0AE6 r12=0000 r13=0B92 r14=0000 r15=43BE
t=74.628867000 pc=003B1D82 fcw=D008 r0=0500 r1=0001 r2=201D r3=0101 r4=0000 r5=D005 r6=0000 r7=0000 r8=002E r9=0001 r10=0000 r11=0AE6 r12=0000 r13=0B92 r14=0000 r15=43BE
t=74.628868000 pc=003B1D84 fcw=D008 r0=0500 r1=0001 r2=201D r3=0101 r4=0000 r5=D005 r6=0000 r7=0000 r8=002E r9=0001 r10=0000 r11=0AE6 r12=0000 r13=0B92 r14=0000 r15=43BE
t=74.628869500 pc=003B1D86 fcw=D008 r0=0500 r1=0001 r2=201D r3=0101 r4=0000 r5=D005 r6=0000 r7=0000 r8=002E r9=0001 r10=0000 r11=0AE6 r12=0000 r13=0B92 r14=0000 r15=43BE
t=74.628871750 pc=003B1D88 fcw=D008 r0=0500 r1=0001 r2=201D r3=0101 r4=0000 r5=D005 r6=0000 r7=0000 r8=002E r9=0001 r10=0000 r11=0AE6 r12=0000 r13=0B92 r14=0000 r15=43BC
t=74.628874000 pc=003B1D8A fcw=D008 r0=0500 r1=0001 r2=201D r3=0101 r4=0000 r5=D005 r6=0000 r7=0000 r8=002E r9=0001 r10=0000 r11=0AE6 r12=0000 r13=0B92 r14=0000 r15=43BA
t=74.628876500 pc=003B19E8 fcw=D008 r0=0500 r1=0001 r2=201D r3=0101 r4=0000 r5=D005 r6=0000 r7=0000 r8=002E r9=0001 r10=0000 r11=0AE6 r12=0000 r13=0B92 r14=0000 r15=43B6
t=74.628877500 pc=003B19EA fcw=D048 r0=0500 r1=0001 r2=201D r3=0101 r4=0000 r5=D005 r6=0000 r7=0000 r8=002E r9=0001 r10=0000 r11=0AE6 r12=0000 r13=0B92 r14=0000 r15=43B6
t=74.628878750 pc=003B19EC fcw=D048 r0=0500 r1=0001 r2=201D r3=0101 r4=0000 r5=D005 r6=0000 r7=0005 r8=002E r9=0001 r10=0000 r11=0AE6 r12=0000 r13=0B92 r14=0000 r15=43B6
t=74.628880000 pc=003B19EE fcw=D048 r0=0500 r1=0001 r2=201D r3=0110 r4=0000 r5=D005 r6=0000 r7=0005 r8=002E r9=0001 r10=0000 r11=0AE6 r12=0000 r13=0B92 r14=0000 r15=43B6
t=74.628881250 pc=003B19F0 fcw=D048 r0=0500 r1=0001 r2=201D r3=0110 r4=0000 r5=D005 r6=0000 r7=0005 r8=002E r9=0001 r10=0000 r11=0AE6 r12=0000 r13=0B92 r14=0000 r15=43B6
t=74.628883750 pc=003B19F2 fcw=D048 r0=05D0 r1=0001 r2=201D r3=0110 r4=0000 r5=D005 r6=0000 r7=0005 r8=002E r9=0001 r10=0000 r11=0AE6 r12=0000 r13=0B92 r14=0000 r15=43B6
t=74.628884750 pc=003B19F4 fcw=D008 r0=05D0 r1=0001 r2=201D r3=0110 r4=0000 r5=D005 r6=0000 r7=0005 r8=002E r9=0001 r10=0000 r11=0AE6 r12=0000 r13=0B92 r14=0000 r15=43B6
t=74.628886250 pc=003B19F6 fcw=D008 r0=05D0 r1=0001 r2=201D r3=0110 r4=0000 r5=D005 r6=0000 r7=0005 r8=002E r9=0001 r10=0000 r11=0AE6 r12=0000 r13=0B92 r14=0000 r15=43B6
t=74.628887250 pc=003B19F8 fcw=D048 r0=05D0 r1=0001 r2=201D r3=0100 r4=0000 r5=D005 r6=0000 r7=0005 r8=002E r9=0001 r10=0000 r11=0AE6 r12=0000 r13=0B92 r14=0000 r15=43B6
t=74.628888250 pc=003B19FA fcw=D048 r0=05D0 r1=0001 r2=201D r3=0100 r4=0000 r5=D005 r6=0000 r7=0000 r8=002E r9=0001 r10=0000 r11=0AE6 r12=0000 r13=0B92 r14=0000 r15=43B6
t=74.628889750 pc=003B1A06 fcw=D048 r0=05D0 r1=0001 r2=201D r3=0100 r4=0000 r5=D005 r6=0000 r7=0000 r8=002E r9=0001 r10=0000 r11=0AE6 r12=0000 r13=0B92 r14=0000 r15=43B6
t=74.628892250 pc=003B1D8C fcw=D048 r0=05D0 r1=0001 r2=201D r3=0100 r4=0000 r5=D005 r6=0000 r7=0000 r8=002E r9=0001 r10=0000 r11=0AE6 r12=0000 r13=0B92 r14=0000 r15=43BA
t=74.628894250 pc=003B1D8E fcw=D048 r0=05D0 r1=0001 r2=201D r3=0101 r4=0000 r5=D005 r6=0000 r7=0000 r8=002E r9=0001 r10=0000 r11=0AE6 r12=0000 r13=0B92 r14=0000 r15=43BC
t=74.628896250 pc=003B1D90 fcw=D048 r0=0500 r1=0001 r2=201D r3=0101 r4=0000 r5=D005 r6=0000 r7=0000 r8=002E r9=0001 r10=0000 r11=0AE6 r12=0000 r13=0B92 r14=0000 r15=43BE
t=74.628898000 pc=003B1D94 fcw=D048 r0=0500 r1=0001 r2=201D r3=0101 r4=0000 r5=D005 r6=0000 r7=0000 r8=002E r9=0001 r10=0000 r11=0AE6 r12=0000 r13=0B92 r14=0000 r15=43BE
t=74.628899500 pc=003B1D96 fcw=D048 r0=0500 r1=0001 r2=201D r3=0101 r4=0000 r5=D005 r6=0000 r7=0000 r8=002E r9=0001 r10=0000 r11=0AE6 r12=0000 r13=0B92 r14=0000 r15=43BE
t=74.628902000 pc=003B1D98 fcw=D048 r0=0500 r1=0001 r2=201D r3=0101 r4=0000 r5=D005 r6=0000 r7=0000 r8=002E r9=0001 r10=0000 r11=0AE6 r12=0000 r13=0B92 r14=0000 r15=43BE
t=74.628903000 pc=003B1D9A fcw=D008 r0=0500 r1=0001 r2=201D r3=0101 r4=0000 r5=D005 r6=0000 r7=0000 r8=002E r9=0001 r10=0000 r11=0AE6 r12=0000 r13=0B92 r14=0000 r15=43BE
t=74.628904500 pc=003B1D9C fcw=D008 r0=0500 r1=0001 r2=201D r3=0101 r4=0000 r5=D005 r6=0000 r7=0000 r8=002E r9=0001 r10=0000 r11=0AE6 r12=0000 r13=0B92 r14=0000 r15=43BE
t=74.628905750 pc=003B1D9E fcw=D008 r0=0500 r1=0001 r2=201F r3=0101 r4=0000 r5=D005 r6=0000 r7=0000 r8=002E r9=0001 r10=0000 r11=0AE6 r12=0000 r13=0B92 r14=0000 r15=43BE
t=74.628908250 pc=003B1DA0 fcw=D008 r0=0500 r1=0001 r2=201F r3=0101 r4=0000 r5=1805 r6=0000 r7=0000 r8=002E r9=0001 r10=0000 r11=0AE6 r12=0000 r13=0B92 r14=0000 r15=43BE
t=74.628910000 pc=003B1DA4 fcw=D008 r0=0500 r1=0001 r2=201F r3=0101 r4=0000 r5=1805 r6=0000 r7=0000 r8=002E r9=0001 r10=0000 r11=0AE6 r12=0000 r13=0B92 r14=0000 r15=43BE
t=74.628911500 pc=003B1DAA fcw=D008 r0=0500 r1=0001 r2=201F r3=0101 r4=0000 r5=1805 r6=0000 r7=0000 r8=002E r9=0001 r10=0000 r11=0AE6 r12=0000 r13=0B92 r14=0000 r15=43BE
t=74.628913250 pc=003B1DAE fcw=D008 r0=0500 r1=0001 r2=201F r3=0101 r4=0000 r5=1805 r6=0000 r7=0000 r8=002E r9=0001 r10=0000 r11=0AE6 r12=0000 r13=0B92 r14=0000 r15=43BE
t=74.628914750 pc=003B1DB4 fcw=D008 r0=0500 r1=0001 r2=201F r3=0101 r4=0000 r5=1805 r6=0000 r7=0000 r8=002E r9=0001 r10=0000 r11=0AE6 r12=0000 r13=0B92 r14=0000 r15=43BE
t=74.628916500 pc=003B1DB8 fcw=D008 r0=0500 r1=0001 r2=201F r3=0101 r4=0000 r5=1805 r6=0000 r7=0000 r8=002E r9=0001 r10=0000 r11=0AE6 r12=0000 r13=0B92 r14=0000 r15=43BE
t=74.628918000 pc=003B1DBE fcw=D008 r0=0500 r1=0001 r2=201F r3=0101 r4=0000 r5=1805 r6=0000 r7=0000 r8=002E r9=0001 r10=0000 r11=0AE6 r12=0000 r13=0B92 r14=0000 r15=43BE
t=74.628919750 pc=003B1DC2 fcw=D008 r0=0500 r1=0001 r2=201F r3=0101 r4=0000 r5=1805 r6=0000 r7=0000 r8=002E r9=0001 r10=0000 r11=0AE6 r12=0000 r13=0B92 r14=0000 r15=43BE
t=74.628921250 pc=003B1DC8 fcw=D008 r0=0500 r1=0001 r2=201F r3=0101 r4=0000 r5=1805 r6=0000 r7=0000 r8=002E r9=0001 r10=0000 r11=0AE6 r12=0000 r13=0B92 r14=0000 r15=43BE
t=74.628923000 pc=003B1DCC fcw=D008 r0=0500 r1=0001 r2=201F r3=0101 r4=0000 r5=1805 r6=0000 r7=0000 r8=002E r9=0001 r10=0000 r11=0AE6 r12=0000 r13=0B92 r14=0000 r15=43BE
t=74.628924500 pc=003B1DD2 fcw=D008 r0=0500 r1=0001 r2=201F r3=0101 r4=0000 r5=1805 r6=0000 r7=0000 r8=002E r9=0001 r10=0000 r11=0AE6 r12=0000 r13=0B92 r14=0000 r15=43BE
t=74.628926250 pc=003B1DD6 fcw=D048 r0=0500 r1=0001 r2=201F r3=0101 r4=0000 r5=1805 r6=0000 r7=0000 r8=002E r9=0001 r10=0000 r11=0AE6 r12=0000 r13=0B92 r14=0000 r15=43BE
t=74.628927750 pc=003B1DD8 fcw=D048 r0=0500 r1=0001 r2=201F r3=0101 r4=0000 r5=1805 r6=0000 r7=0000 r8=002E r9=0001 r10=0000 r11=0AE6 r12=0000 r13=0B92 r14=0000 r15=43BE
t=74.628928500 pc=003B1DDA fcw=D048 r0=0500 r1=0001 r2=201F r3=0118 r4=0000 r5=1805 r6=0000 r7=0000 r8=002E r9=0001 r10=0000 r11=0AE6 r12=0000 r13=0B92 r14=0000 r15=43BE
t=74.628930000 pc=003B1DE4 fcw=D048 r0=0500 r1=0001 r2=201F r3=0118 r4=0000 r5=1805 r6=0000 r7=0000 r8=002E r9=0001 r10=0000 r11=0AE6 r12=0000 r13=0B92 r14=0000 r15=43BE
t=74.628931000 pc=003B1DE6 fcw=D008 r0=0500 r1=0001 r2=201F r3=0118 r4=0000 r5=1806 r6=0000 r7=0000 r8=002E r9=0001 r10=0000 r11=0AE6 r12=0000 r13=0B92 r14=0000 r15=43BE
t=74.628932500 pc=003B1D7E fcw=D008 r0=0500 r1=0001 r2=201F r3=0118 r4=0000 r5=1806 r6=0000 r7=0000 r8=002E r9=0001 r10=0000 r11=0AE6 r12=0000 r13=0B92 r14=0000 r15=43BE
t=74.628933750 pc=003B1D80 fcw=D008 r0=0500 r1=0001 r2=201D r3=0118 r4=0000 r5=1806 r6=0000 r7=0000 r8=002E r9=0001 r10=0000 r11=0AE6 r12=0000 r13=0B92 r14=0000 r15=43BE
t=74.628936250 pc=003B1D82 fcw=D008 r0=0500 r1=0001 r2=201D r3=0118 r4=0000 r5=D006 r6=0000 r7=0000 r8=002E r9=0001 r10=0000 r11=0AE6 r12=0000 r13=0B92 r14=0000 r15=43BE
t=74.628937250 pc=003B1D84 fcw=D008 r0=0500 r1=0001 r2=201D r3=0118 r4=0000 r5=D006 r6=0000 r7=0000 r8=002E r9=0001 r10=0000 r11=0AE6 r12=0000 r13=0B92 r14=0000 r15=43BE
t=74.628938750 pc=003B1D86 fcw=D008 r0=0500 r1=0001 r2=201D r3=0118 r4=0000 r5=D006 r6=0000 r7=0000 r8=002E r9=0001 r10=0000 r11=0AE6 r12=0000 r13=0B92 r14=0000 r15=43BE
t=74.628941000 pc=003B1D88 fcw=D008 r0=0500 r1=0001 r2=201D r3=0118 r4=0000 r5=D006 r6=0000 r7=0000 r8=002E r9=0001 r10=0000 r11=0AE6 r12=0000 r13=0B92 r14=0000 r15=43BC
t=74.628943250 pc=003B1D8A fcw=D008 r0=0500 r1=0001 r2=201D r3=0118 r4=0000 r5=D006 r6=0000 r7=0000 r8=002E r9=0001 r10=0000 r11=0AE6 r12=0000 r13=0B92 r14=0000 r15=43BA
t=74.628945750 pc=003B19E8 fcw=D008 r0=0500 r1=0001 r2=201D r3=0118 r4=0000 r5=D006 r6=0000 r7=0000 r8=002E r9=0001 r10=0000 r11=0AE6 r12=0000 r13=0B92 r14=0000 r15=43B6
t=74.628946750 pc=003B19EA fcw=D048 r0=0500 r1=0001 r2=201D r3=0118 r4=0000 r5=D006 r6=0000 r7=0000 r8=002E r9=0001 r10=0000 r11=0AE6 r12=0000 r13=0B92 r14=0000 r15=43B6
t=74.628948000 pc=003B19EC fcw=D048 r0=0500 r1=0001 r2=201D r3=0118 r4=0000 r5=D006 r6=0000 r7=0005 r8=002E r9=0001 r10=0000 r11=0AE6 r12=0000 r13=0B92 r14=0000 r15=43B6
t=74.628949250 pc=003B19EE fcw=D048 r0=0500 r1=0001 r2=201D r3=0110 r4=0000 r5=D006 r6=0000 r7=0005 r8=002E r9=0001 r10=0000 r11=0AE6 r12=0000 r13=0B92 r14=0000 r15=43B6
t=74.628950500 pc=003B19F0 fcw=D048 r0=0500 r1=0001 r2=201D r3=0110 r4=0000 r5=D006 r6=0000 r7=0005 r8=002E r9=0001 r10=0000 r11=0AE6 r12=0000 r13=0B92 r14=0000 r15=43B6
t=74.628953000 pc=003B19F2 fcw=D048 r0=05D0 r1=0001 r2=201D r3=0110 r4=0000 r5=D006 r6=0000 r7=0005 r8=002E r9=0001 r10=0000 r11=0AE6 r12=0000 r13=0B92 r14=0000 r15=43B6
t=74.628954000 pc=003B19F4 fcw=D008 r0=05D0 r1=0001 r2=201D r3=0110 r4=0000 r5=D006 r6=0000 r7=0005 r8=002E r9=0001 r10=0000 r11=0AE6 r12=0000 r13=0B92 r14=0000 r15=43B6
t=74.628955500 pc=003B19F6 fcw=D008 r0=05D0 r1=0001 r2=201D r3=0110 r4=0000 r5=D006 r6=0000 r7=0005 r8=002E r9=0001 r10=0000 r11=0AE6 r12=0000 r13=0B92 r14=0000 r15=43B6
t=74.628956500 pc=003B19F8 fcw=D048 r0=05D0 r1=0001 r2=201D r3=0100 r4=0000 r5=D006 r6=0000 r7=0005 r8=002E r9=0001 r10=0000 r11=0AE6 r12=0000 r13=0B92 r14=0000 r15=43B6
t=74.628957500 pc=003B19FA fcw=D048 r0=05D0 r1=0001 r2=201D r3=0100 r4=0000 r5=D006 r6=0000 r7=0000 r8=002E r9=0001 r10=0000 r11=0AE6 r12=0000 r13=0B92 r14=0000 r15=43B6
t=74.628959000 pc=003B1A06 fcw=D048 r0=05D0 r1=0001 r2=201D r3=0100 r4=0000 r5=D006 r6=0000 r7=0000 r8=002E r9=0001 r10=0000 r11=0AE6 r12=0000 r13=0B92 r14=0000 r15=43B6
t=74.628961500 pc=003B1D8C fcw=D048 r0=05D0 r1=0001 r2=201D r3=0100 r4=0000 r5=D006 r6=0000 r7=0000 r8=002E r9=0001 r10=0000 r11=0AE6 r12=0000 r13=0B92 r14=0000 r15=43BA
t=74.628963500 pc=003B1D8E fcw=D048 r0=05D0 r1=0001 r2=201D r3=0118 r4=0000 r5=D006 r6=0000 r7=0000 r8=002E r9=0001 r10=0000 r11=0AE6 r12=0000 r13=0B92 r14=0000 r15=43BC
t=74.628965500 pc=003B1D90 fcw=D048 r0=0500 r1=0001 r2=201D r3=0118 r4=0000 r5=D006 r6=0000 r7=0000 r8=002E r9=0001 r10=0000 r11=0AE6 r12=0000 r13=0B92 r14=0000 r15=43BE
t=74.628967250 pc=003B1D94 fcw=D048 r0=0500 r1=0001 r2=201D r3=0118 r4=0000 r5=D006 r6=0000 r7=0000 r8=002E r9=0001 r10=0000 r11=0AE6 r12=0000 r13=0B92 r14=0000 r15=43BE
t=74.628968750 pc=003B1D96 fcw=D048 r0=0500 r1=0001 r2=201D r3=0118 r4=0000 r5=D006 r6=0000 r7=0000 r8=002E r9=0001 r10=0000 r11=0AE6 r12=0000 r13=0B92 r14=0000 r15=43BE
t=74.628971250 pc=003B1D98 fcw=D048 r0=0500 r1=0001 r2=201D r3=0118 r4=0000 r5=D006 r6=0000 r7=0000 r8=002E r9=0001 r10=0000 r11=0AE6 r12=0000 r13=0B92 r14=0000 r15=43BE
t=74.628972250 pc=003B1D9A fcw=D008 r0=0500 r1=0001 r2=201D r3=0118 r4=0000 r5=D006 r6=0000 r7=0000 r8=002E r9=0001 r10=0000 r11=0AE6 r12=0000 r13=0B92 r14=0000 r15=43BE
t=74.628973750 pc=003B1D9C fcw=D008 r0=0500 r1=0001 r2=201D r3=0118 r4=0000 r5=D006 r6=0000 r7=0000 r8=002E r9=0001 r10=0000 r11=0AE6 r12=0000 r13=0B92 r14=0000 r15=43BE
t=74.628975000 pc=003B1D9E fcw=D008 r0=0500 r1=0001 r2=201F r3=0118 r4=0000 r5=D006 r6=0000 r7=0000 r8=002E r9=0001 r10=0000 r11=0AE6 r12=0000 r13=0B92 r14=0000 r15=43BE
t=74.628977500 pc=003B1DA0 fcw=D008 r0=0500 r1=0001 r2=201F r3=0118 r4=0000 r5=0106 r6=0000 r7=0000 r8=002E r9=0001 r10=0000 r11=0AE6 r12=0000 r13=0B92 r14=0000 r15=43BE
t=74.628979250 pc=003B1DA4 fcw=D008 r0=0500 r1=0001 r2=201F r3=0118 r4=0000 r5=0106 r6=0000 r7=0000 r8=002E r9=0001 r10=0000 r11=0AE6 r12=0000 r13=0B92 r14=0000 r15=43BE
t=74.628980750 pc=003B1DAA fcw=D008 r0=0500 r1=0001 r2=201F r3=0118 r4=0000 r5=0106 r6=0000 r7=0000 r8=002E r9=0001 r10=0000 r11=0AE6 r12=0000 r13=0B92 r14=0000 r15=43BE
t=74.628982500 pc=003B1DAE fcw=D008 r0=0500 r1=0001 r2=201F r3=0118 r4=0000 r5=0106 r6=0000 r7=0000 r8=002E r9=0001 r10=0000 r11=0AE6 r12=0000 r13=0B92 r14=0000 r15=43BE
t=74.628984000 pc=003B1DB4 fcw=D008 r0=0500 r1=0001 r2=201F r3=0118 r4=0000 r5=0106 r6=0000 r7=0000 r8=002E r9=0001 r10=0000 r11=0AE6 r12=0000 r13=0B92 r14=0000 r15=43BE
t=74.628985750 pc=003B1DB8 fcw=D008 r0=0500 r1=0001 r2=201F r3=0118 r4=0000 r5=0106 r6=0000 r7=0000 r8=002E r9=0001 r10=0000 r11=0AE6 r12=0000 r13=0B92 r14=0000 r15=43BE
t=74.628987250 pc=003B1DBE fcw=D008 r0=0500 r1=0001 r2=201F r3=0118 r4=0000 r5=0106 r6=0000 r7=0000 r8=002E r9=0001 r10=0000 r11=0AE6 r12=0000 r13=0B92 r14=0000 r15=43BE
t=74.628989000 pc=003B1DC2 fcw=D008 r0=0500 r1=0001 r2=201F r3=0118 r4=0000 r5=0106 r6=0000 r7=0000 r8=002E r9=0001 r10=0000 r11=0AE6 r12=0000 r13=0B92 r14=0000 r15=43BE
t=74.628990500 pc=003B1DC8 fcw=D008 r0=0500 r1=0001 r2=201F r3=0118 r4=0000 r5=0106 r6=0000 r7=0000 r8=002E r9=0001 r10=0000 r11=0AE6 r12=0000 r13=0B92 r14=0000 r15=43BE
t=74.628992250 pc=003B1DCC fcw=D008 r0=0500 r1=0001 r2=201F r3=0118 r4=0000 r5=0106 r6=0000 r7=0000 r8=002E r9=0001 r10=0000 r11=0AE6 r12=0000 r13=0B92 r14=0000 r15=43BE
t=74.628993750 pc=003B1DD2 fcw=D008 r0=0500 r1=0001 r2=201F r3=0118 r4=0000 r5=0106 r6=0000 r7=0000 r8=002E r9=0001 r10=0000 r11=0AE6 r12=0000 r13=0B92 r14=0000 r15=43BE
t=74.628995500 pc=003B1DD6 fcw=D008 r0=0500 r1=0001 r2=201F r3=0118 r4=0000 r5=0106 r6=0000 r7=0000 r8=002E r9=0001 r10=0000 r11=0AE6 r12=0000 r13=0B92 r14=0000 r15=43BE
t=74.628997000 pc=003B1DDC fcw=D008 r0=0500 r1=0001 r2=201F r3=0118 r4=0000 r5=0106 r6=0000 r7=0000 r8=002E r9=0001 r10=0000 r11=0AE6 r12=0000 r13=0B92 r14=0000 r15=43BE
t=74.628998750 pc=003B1DE0 fcw=D048 r0=0500 r1=0001 r2=201F r3=0118 r4=0000 r5=0106 r6=0000 r7=0000 r8=002E r9=0001 r10=0000 r11=0AE6 r12=0000 r13=0B92 r14=0000 r15=43BE
t=74.629000250 pc=003B1DE2 fcw=D048 r0=0500 r1=0001 r2=201F r3=0118 r4=0000 r5=0106 r6=0000 r7=0000 r8=002E r9=0001 r10=0000 r11=0AE6 r12=0000 r13=0B92 r14=0000 r15=43BE
t=74.629001000 pc=003B1DE4 fcw=D048 r0=0500 r1=0001 r2=201F r3=0118 r4=0000 r5=0106 r6=0100 r7=0000 r8=002E r9=0001 r10=0000 r11=0AE6 r12=0000 r13=0B92 r14=0000 r15=43BE
t=74.629002000 pc=003B1DE6 fcw=D008 r0=0500 r1=0001 r2=201F r3=0118 r4=0000 r5=0107 r6=0100 r7=0000 r8=002E r9=0001 r10=0000 r11=0AE6 r12=0000 r13=0B92 r14=0000 r15=43BE
t=74.629003500 pc=003B1D7E fcw=D008 r0=0500 r1=0001 r2=201F r3=0118 r4=0000 r5=0107 r6=0100 r7=0000 r8=002E r9=0001 r10=0000 r11=0AE6 r12=0000 r13=0B92 r14=0000 r15=43BE
t=74.629004750 pc=003B1D80 fcw=D008 r0=0500 r1=0001 r2=201D r3=0118 r4=0000 r5=0107 r6=0100 r7=0000 r8=002E r9=0001 r10=0000 r11=0AE6 r12=0000 r13=0B92 r14=0000 r15=43BE
t=74.629007250 pc=003B1D82 fcw=D008 r0=0500 r1=0001 r2=201D r3=0118 r4=0000 r5=8007 r6=0100 r7=0000 r8=002E r9=0001 r10=0000 r11=0AE6 r12=0000 r13=0B92 r14=0000 r15=43BE
t=74.629008250 pc=003B1D84 fcw=D048 r0=0500 r1=0001 r2=201D r3=0118 r4=0000 r5=8007 r6=0100 r7=0000 r8=002E r9=0001 r10=0000 r11=0AE6 r12=0000 r13=0B92 r14=0000 r15=43BE
t=74.629009750 pc=003B1DEC fcw=D048 r0=0500 r1=0001 r2=201D r3=0118 r4=0000 r5=8007 r6=0100 r7=0000 r8=002E r9=0001 r10=0000 r11=0AE6 r12=0000 r13=0B92 r14=0000 r15=43BE
t=74.629012750 pc=003B1DEE fcw=D048 r0=0500 r1=0001 r2=201D r3=0118 r4=0000 r5=0B02 r6=0100 r7=0000 r8=002E r9=0001 r10=0000 r11=0AE6 r12=0000 r13=0B92 r14=0000 r15=43C2
t=74.629015250 pc=003B1C62 fcw=D048 r0=0500 r1=0001 r2=201D r3=0118 r4=0000 r5=0B02 r6=0100 r7=0000 r8=002E r9=0001 r10=0000 r11=0AE6 r12=0000 r13=0B92 r14=0000 r15=43C6
t=74.629017000 pc=003B1C66 fcw=D058 r0=0000 r1=0001 r2=201D r3=0118 r4=0000 r5=0B02 r6=0100 r7=0000 r8=002E r9=0001 r10=0000 r11=0AE6 r12=0000 r13=0B92 r14=0000 r15=43C6
t=74.629018750 pc=003B1C6A fcw=D0A8 r0=0000 r1=0001 r2=201D r3=0118 r4=0000 r5=0B02 r6=0100 r7=0000 r8=002E r9=0001 r10=0000 r11=0AE6 r12=0000 r13=0B92 r14=0000 r15=43C6
t=74.629020250 pc=003B1C70 fcw=D0A8 r0=0000 r1=0001 r2=201D r3=0118 r4=0000 r5=0B02 r6=0100 r7=0000 r8=002E r9=0001 r10=0000 r11=0AE6 r12=0000 r13=0B92 r14=0000 r15=43C6
t=74.629021250 pc=003B1C72 fcw=D0E8 r0=0000 r1=0001 r2=201D r3=0118 r4=0000 r5=0B02 r6=0100 r7=0000 r8=002E r9=0001 r10=0000 r11=0AE6 r12=0000 r13=0B92 r14=0000 r15=43C6
t=74.629022750 pc=003B1C80 fcw=D0E8 r0=0000 r1=0001 r2=201D r3=0118 r4=0000 r5=0B02 r6=0100 r7=0000 r8=002E r9=0001 r10=0000 r11=0AE6 r12=0000 r13=0B92 r14=0000 r15=43C6
t=74.629026250 pc=003B1C84 fcw=D0E8 r0=0000 r1=0001 r2=201D r3=0118 r4=0000 r5=0B02 r6=0100 r7=0000 r8=002E r9=0001 r10=0000 r11=0AE6 r12=0000 r13=0B92 r14=0000 r15=43C6
t=74.629028000 pc=003B1C88 fcw=D0D8 r0=0000 r1=0001 r2=201D r3=0118 r4=0000 r5=0B02 r6=0100 r7=0000 r8=002E r9=0001 r10=0000 r11=0AE6 r12=0000 r13=0B92 r14=0000 r15=43C6
t=74.629029750 pc=003B1C8C fcw=D048 r0=0000 r1=0001 r2=201D r3=0118 r4=0000 r5=0B02 r6=0100 r7=0000 r8=002E r9=0001 r10=0000 r11=0AE6 r12=0000 r13=0B92 r14=0000 r15=43C6
t=74.629031250 pc=003B1CF6 fcw=D048 r0=0000 r1=0001 r2=201D r3=0118 r4=0000 r5=0B02 r6=0100 r7=0000 r8=002E r9=0001 r10=0000 r11=0AE6 r12=0000 r13=0B92 r14=0000 r15=43C6
t=74.629033000 pc=003B1CFA fcw=D008 r0=0000 r1=0001 r2=201D r3=0118 r4=0000 r5=0B02 r6=0100 r7=0000 r8=002E r9=0001 r10=0000 r11=0AE6 r12=0000 r13=0B92 r14=0000 r15=43C6
t=74.629034500 pc=003B1CFC fcw=D008 r0=0000 r1=0001 r2=201D r3=0118 r4=0000 r5=0B02 r6=0100 r7=0000 r8=002E r9=0001 r10=0000 r11=0AE6 r12=0000 r13=0B92 r14=0000 r15=43C6
t=74.629036250 pc=003B1D00 fcw=D048 r0=0000 r1=0001 r2=201D r3=0118 r4=0000 r5=0B02 r6=0100 r7=0000 r8=002E r9=0001 r10=0000 r11=0AE6 r12=0000 r13=0B92 r14=0000 r15=43C6
t=74.629037750 pc=003B1D02 fcw=D048 r0=0000 r1=0001 r2=201D r3=0118 r4=0000 r5=0B02 r6=0100 r7=0000 r8=002E r9=0001 r10=0000 r11=0AE6 r12=0000 r13=0B92 r14=0000 r15=43C6
t=74.629039500 pc=003B1D06 fcw=D004 r0=0000 r1=0001 r2=201D r3=0132 r4=0000 r5=0B02 r6=0100 r7=0000 r8=002E r9=0001 r10=0000 r11=0AE6 r12=0000 r13=0B92 r14=0000 r15=43C6
t=74.629041000 pc=003B1D0C fcw=D004 r0=0000 r1=0001 r2=201D r3=0132 r4=0000 r5=0B02 r6=0100 r7=0000 r8=002E r9=0001 r10=0000 r11=0AE6 r12=0000 r13=0B92 r14=0000 r15=43C6
t=74.629041750 pc=003B1D0E fcw=D004 r0=0000 r1=0001 r2=201D r3=0132 r4=0000 r5=0B02 r6=0101 r7=0000 r8=002E r9=0001 r10=0000 r11=0AE6 r12=0000 r13=0B92 r14=0000 r15=43C6
t=74.629042750 pc=003B1D10 fcw=D048 r0=0000 r1=0001 r2=201D r3=0132 r4=0000 r5=0B02 r6=0101 r7=0000 r8=002E r9=0001 r10=0000 r11=0AE6 r12=0000 r13=0B92 r14=0000 r15=43C6
t=74.629043750 pc=003B1D12 fcw=D048 r0=0000 r1=0001 r2=201D r3=0032 r4=0000 r5=0B02 r6=0101 r7=0000 r8=002E r9=0001 r10=0000 r11=0AE6 r12=0000 r13=0B92 r14=0000 r15=43C6
t=74.629044750 pc=003B1D14 fcw=D048 r0=0000 r1=0001 r2=201D r3=0032 r4=0000 r5=0B02 r6=0001 r7=0000 r8=002E r9=0001 r10=0000 r11=0AE6 r12=0000 r13=0B92 r14=0000 r15=43C6
t=74.629046750 pc=003B1D16 fcw=D048 r0=0000 r1=0001 r2=201D r3=0032 r4=0000 r5=0B02 r6=0001 r7=0000 r8=002E r9=0001 r10=0000 r11=0AE6 r12=0000 r13=0B92 r14=0000 r15=43C6
t=74.629050250 pc=003B1D1A fcw=D048 r0=0000 r1=0001 r2=201D r3=0032 r4=0000 r5=0B02 r6=0001 r7=0000 r8=002E r9=0001 r10=0000 r11=0AE6 r12=0000 r13=0B92 r14=0000 r15=43C6
t=74.629053750 pc=003B1D1E fcw=D048 r0=0000 r1=0001 r2=201D r3=0032 r4=0000 r5=0B02 r6=0001 r7=0000 r8=002E r9=0001 r10=0000 r11=0AE6 r12=0000 r13=0B92 r14=0000 r15=43C6
t=74.629056250 pc=003B1C50 fcw=D048 r0=0000 r1=0001 r2=201D r3=0032 r4=0000 r5=0B02 r6=0001 r7=0000 r8=002E r9=0001 r10=0000 r11=0AE6 r12=0000 r13=0B92 r14=0000 r15=43CA
t=74.629058750 pc=003B1696 fcw=D048 r0=0000 r1=0001 r2=201D r3=0032 r4=0000 r5=0B02 r6=0001 r7=0000 r8=002E r9=0001 r10=0000 r11=0AE6 r12=0000 r13=0B92 r14=0000 r15=43CE
t=74.629061250 pc=003B10A6 fcw=D048 r0=0000 r1=0001 r2=201D r3=0032 r4=0000 r5=0B02 r6=0001 r7=0000 r8=002E r9=0001 r10=0000 r11=0AE6 r12=0000 r13=0B92 r14=0000 r15=43D2
t=74.629062750 pc=003B10AA fcw=D048 r0=0000 r1=0001 r2=201D r3=0032 r4=0000 r5=0B02 r6=0001 r7=0000 r8=002E r9=0001 r10=0000 r11=0AE6 r12=0000 r13=0B92 r14=0000 r15=43D2
t=74.629065750 pc=003B10AC fcw=D048 r0=0000 r1=0001 r2=201D r3=0032 r4=0000 r5=0B2C r6=0001 r7=0000 r8=002E r9=0001 r10=0000 r11=0AE6 r12=0000 r13=0B92 r14=0000 r15=43D6
t=74.629068750 pc=003B10AE fcw=D048 r0=0000 r1=0001 r2=0020 r3=0001 r4=0000 r5=0B2C r6=0001 r7=0000 r8=002E r9=0001 r10=0000 r11=0AE6 r12=0000 r13=0B92 r14=0000 r15=43DA
t=74.629071000 pc=003B10B0 fcw=D048 r0=0000 r1=0001 r2=0020 r3=0001 r4=0000 r5=0B2C r6=0001 r7=0000 r8=002E r9=0001 r10=0000 r11=0AE6 r12=0000 r13=0B92 r14=0000 r15=43D8
t=74.629074000 pc=003B10B2 fcw=D048 r0=0000 r1=0001 r2=0020 r3=0001 r4=0000 r5=0B2C r6=0001 r7=0000 r8=002E r9=0001 r10=0000 r11=0AE6 r12=0000 r13=0B92 r14=0000 r15=43D4
t=74.629077000 pc=003B10B4 fcw=D048 r0=0000 r1=0001 r2=0020 r3=0001 r4=0000 r5=0B2C r6=0001 r7=0000 r8=002E r9=0001 r10=0000 r11=0AE6 r12=0000 r13=0B92 r14=0000 r15=43D0
t=74.629079250 pc=003B10B6 fcw=D048 r0=0000 r1=0001 r2=0020 r3=0001 r4=0000 r5=0B2C r6=0001 r7=0000 r8=002E r9=0001 r10=0000 r11=0AE6 r12=0000 r13=0B92 r14=0000 r15=43CE
t=74.629080500 pc=003B10B8 fcw=D048 r0=0000 r1=0001 r2=0020 r3=0001 r4=0000 r5=0AE6 r6=0001 r7=0000 r8=002E r9=0001 r10=0000 r11=0AE6 r12=0000 r13=0B92 r14=0000 r15=43CE
t=74.629082250 pc=003B10BC fcw=D008 r0=0000 r1=0001 r2=0020 r3=0001 r4=0000 r5=0B0C r6=0001 r7=0000 r8=002E r9=0001 r10=0000 r11=0AE6 r12=0000 r13=0B92 r14=0000 r15=43CE
t=74.629084000 pc=003B10BE fcw=D008 r0=0000 r1=0001 r2=0020 r3=0001 r4=0000 r5=0B0C r6=0001 r7=0000 r8=4FF6 r9=0001 r10=0000 r11=0AE6 r12=0000 r13=0B92 r14=0000 r15=43CE
t=74.629086500 pc=003B169C fcw=D008 r0=0000 r1=0001 r2=0020 r3=0001 r4=0000 r5=0B0C r6=0001 r7=0000 r8=4FF6 r9=0001 r10=0000 r11=0AE6 r12=0000 r13=0B92 r14=0000 r15=43CA
t=74.629089000 pc=003B1746 fcw=D008 r0=0000 r1=0001 r2=0020 r3=0001 r4=0000 r5=0B0C r6=0001 r7=0000 r8=4FF6 r9=0001 r10=0000 r11=0AE6 r12=0000 r13=0B92 r14=0000 r15=43C6
t=74.629089750 pc=003B1748 fcw=D008 r0=0000 r1=0001 r2=2020 r3=0001 r4=0000 r5=0B0C r6=0001 r7=0000 r8=4FF6 r9=0001 r10=0000 r11=0AE6 r12=0000 r13=0B92 r14=0000 r15=43C6
t=74.629091000 pc=003B174A fcw=D008 r0=0000 r1=0001 r2=2058 r3=0001 r4=0000 r5=0B0C r6=0001 r7=0000 r8=4FF6 r9=0001 r10=0000 r11=0AE6 r12=0000 r13=0B92 r14=0000 r15=43C6
t=74.629094000 pc=003B174C fcw=D008 r0=0000 r1=0001 r2=2058 r3=0001 r4=0000 r5=0B0C r6=0001 r7=0000 r8=4FF6 r9=0001 r10=0000 r11=0AE6 r12=0000 r13=0B92 r14=0000 r15=43C6
t=74.629095250 pc=003B174E fcw=D008 r0=0000 r1=0001 r2=2044 r3=0001 r4=0000 r5=0B0C r6=0001 r7=0000 r8=4FF6 r9=0001 r10=0000 r11=0AE6 r12=0000 r13=0B92 r14=0000 r15=43C6
t=74.629097750 pc=003B1750 fcw=D008 r0=007B r1=0001 r2=2044 r3=0001 r4=0000 r5=0B0C r6=0001 r7=0000 r8=4FF6 r9=0001 r10=0000 r11=0AE6 r12=0000 r13=0B92 r14=0000 r15=43C6
t=74.629100250 pc=003B1752 fcw=D008 r0=287B r1=0001 r2=2044 r3=0001 r4=0000 r5=0B0C r6=0001 r7=0000 r8=4FF6 r9=0001 r10=0000 r11=0AE6 r12=0000 r13=0B92 r14=0000 r15=43C6
t=74.629103500 pc=003B1756 fcw=D008 r0=50F6 r1=0001 r2=2044 r3=0001 r4=0000 r5=0B0C r6=0001 r7=0000 r8=4FF6 r9=0001 r10=0000 r11=0AE6 r12=0000 r13=0B92 r14=0000 r15=43C6
t=74.629105500 pc=003B1758 fcw=D008 r0=50F6 r1=0001 r2=2044 r3=0001 r4=0000 r5=0B0C r6=0001 r7=0000 r8=4FF6 r9=0001 r10=0000 r11=0AE6 r12=0000 r13=0B92 r14=0000 r15=43C6
t=74.629106750 pc=003B175A fcw=D008 r0=50F6 r1=0001 r2=204A r3=0001 r4=0000 r5=0B0C r6=0001 r7=0000 r8=4FF6 r9=0001 r10=0000 r11=0AE6 r12=0000 r13=0B92 r14=0000 r15=43C6
t=74.629109250 pc=003B175C fcw=D008 r0=50FF r1=0001 r2=204A r3=0001 r4=0000 r5=0B0C r6=0001 r7=0000 r8=4FF6 r9=0001 r10=0000 r11=0AE6 r12=0000 r13=0B92 r14=0000 r15=43C6
t=74.629111750 pc=003B175E fcw=D008 r0=FFFF r1=0001 r2=204A r3=0001 r4=0000 r5=0B0C r6=0001 r7=0000 r8=4FF6 r9=0001 r10=0000 r11=0AE6 r12=0000 r13=0B92 r14=0000 r15=43C6
t=74.629112750 pc=003B1760 fcw=D048 r0=0000 r1=0001 r2=204A r3=0001 r4=0000 r5=0B0C r6=0001 r7=0000 r8=4FF6 r9=0001 r10=0000 r11=0AE6 r12=0000 r13=0B92 r14=0000 r15=43C6
t=74.629116250 pc=003B1764 fcw=D048 r0=0000 r1=0001 r2=204A r3=0001 r4=0000 r5=0B0C r6=0001 r7=0000 r8=4FF6 r9=0001 r10=0000 r11=0AE6 r12=0000 r13=0B92 r14=0000 r15=43C6
t=74.629117500 pc=003B1766 fcw=D048 r0=0000 r1=0001 r2=2050 r3=0001 r4=0000 r5=0B0C r6=0001 r7=0000 r8=4FF6 r9=0001 r10=0000 r11=0AE6 r12=0000 r13=0B92 r14=0000 r15=43C6
t=74.629120000 pc=003B1768 fcw=D048 r0=0006 r1=0001 r2=2050 r3=0001 r4=0000 r5=0B0C r6=0001 r7=0000 r8=4FF6 r9=0001 r10=0000 r11=0AE6 r12=0000 r13=0B92 r14=0000 r15=43C6
t=74.629121000 pc=003B176A fcw=D008 r0=0006 r1=0001 r2=2050 r3=0001 r4=0000 r5=0B0C r6=0001 r7=0000 r8=4FF6 r9=0001 r10=0000 r11=0AE6 r12=0000 r13=0B92 r14=0000 r15=43C6
t=74.629122500 pc=003B176C fcw=D008 r0=0006 r1=0001 r2=2050 r3=0001 r4=0000 r5=0B0C r6=0001 r7=0000 r8=4FF6 r9=0001 r10=0000 r11=0AE6 r12=0000 r13=0B92 r14=0000 r15=43C6
t=74.629123750 pc=003B176E fcw=D008 r0=0006 r1=0001 r2=2050 r3=0001 r4=0000 r5=0B0C r6=0001 r7=0000 r8=4FF6 r9=0001 r10=0000 r11=0AE6 r12=0000 r13=0B92 r14=0000 r15=43C6
t=74.629125250 pc=003B1772 fcw=D008 r0=0006 r1=0001 r2=2050 r3=0001 r4=0000 r5=0B0C r6=0001 r7=0000 r8=4FF6 r9=0001 r10=0000 r11=0AE6 r12=0000 r13=0B92 r14=0000 r15=43C6
t=74.629126250 pc=003B1774 fcw=D048 r0=0006 r1=0001 r2=2050 r3=0001 r4=0000 r5=0B0C r6=0001 r7=0000 r8=4FF6 r9=0001 r10=0000 r11=0AE6 r12=0000 r13=0B92 r14=0000 r15=43C6
t=74.629128750 pc=003B169E fcw=D048 r0=0006 r1=0001 r2=2050 r3=0001 r4=0000 r5=0B0C r6=0001 r7=0000 r8=4FF6 r9=0001 r10=0000 r11=0AE6 r12=0000 r13=0B92 r14=0000 r15=43CA
t=74.629131250 pc=003B10C0 fcw=D048 r0=0006 r1=0001 r2=2050 r3=0001 r4=0000 r5=0B0C r6=0001 r7=0000 r8=4FF6 r9=0001 r10=0000 r11=0AE6 r12=0000 r13=0B92 r14=0000 r15=43CE
t=74.629134750 pc=003B10C4 fcw=D048 r0=0006 r1=0001 r2=2050 r3=0001 r4=50F6 r5=0B0C r6=0001 r7=0000 r8=4FF6 r9=0001 r10=0000 r11=0AE6 r12=0000 r13=0B92 r14=0000 r15=43CE
t=74.629135750 pc=003B10C6 fcw=D048 r0=0006 r1=0001 r2=2050 r3=0001 r4=50F6 r5=0000 r6=0001 r7=0000 r8=4FF6 r9=0001 r10=0000 r11=0AE6 r12=0000 r13=0B92 r14=0000 r15=43CE
t=74.629139250 pc=003B10CA fcw=D048 r0=0006 r1=0001 r2=2050 r3=0001 r4=50F6 r5=0002 r6=0001 r7=0000 r8=4FF6 r9=0001 r10=0000 r11=0AE6 r12=0000 r13=0B92 r14=0000 r15=43CE
t=74.629141000 pc=003B10CE fcw=D008 r0=0006 r1=0001 r2=2050 r3=0001 r4=50F6 r5=0002 r6=0001 r7=0000 r8=4FF6 r9=0001 r10=0000 r11=0AE6 r12=0000 r13=0B92 r14=0000 r15=43CE
t=74.629142500 pc=003B10D0 fcw=D008 r0=0006 r1=0001 r2=2050 r3=0001 r4=50F6 r5=0002 r6=0001 r7=0000 r8=4FF6 r9=0001 r10=0000 r11=0AE6 r12=0000 r13=0B92 r14=0000 r15=43CE
t=74.629144250 pc=003B10D4 fcw=D0A8 r0=0006 r1=0001 r2=2050 r3=0001 r4=50F6 r5=0002 r6=0001 r7=0000 r8=4FF6 r9=0001 r10=0000 r11=0AE6 r12=0000 r13=0B92 r14=0000 r15=43CE
t=74.629145750 pc=003B10DC fcw=D0A8 r0=0006 r1=0001 r2=2050 r3=0001 r4=50F6 r5=0002 r6=0001 r7=0000 r8=4FF6 r9=0001 r10=0000 r11=0AE6 r12=0000 r13=0B92 r14=0000 r15=43CE
t=74.629146750 pc=003B10DE fcw=D008 r0=0006 r1=0001 r2=2050 r3=0001 r4=50F6 r5=0002 r6=0001 r7=0000 r8=4FF6 r9=0001 r10=0000 r11=0AE6 r12=0000 r13=0B92 r14=0000 r15=43CE
t=74.629148250 pc=003B10EA fcw=D008 r0=0006 r1=0001 r2=2050 r3=0001 r4=50F6 r5=0002 r6=0001 r7=0000 r8=4FF6 r9=0001 r10=0000 r11=0AE6 r12=0000 r13=0B92 r14=0000 r15=43CE
t=74.629151750 pc=003B10EE fcw=D008 r0=0006 r1=0001 r2=2050 r3=0001 r4=5002 r5=0002 r6=0001 r7=0000 r8=4FF6 r9=0001 r10=0000 r11=0AE6 r12=0000 r13=0B92 r14=0000 r15=43CE
t=74.629153500 pc=003B10F2 fcw=D0A8 r0=0006 r1=0001 r2=2050 r3=0001 r4=5002 r5=0002 r6=0001 r7=0000 r8=4FF6 r9=0001 r10=0000 r11=0AE6 r12=0000 r13=0B92 r14=0000 r15=43CE
t=74.629155000 pc=003B10F6 fcw=D0A8 r0=0006 r1=0001 r2=2050 r3=0001 r4=5002 r5=0002 r6=0001 r7=0000 r8=4FF6 r9=0001 r10=0000 r11=0AE6 r12=0000 r13=0B92 r14=0000 r15=43CE
t=74.629157000 pc=003B10F8 fcw=D0A8 r0=0006 r1=0001 r2=2050 r3=0001 r4=5002 r5=0002 r6=0001 r7=0000 r8=002E r9=0001 r10=0000 r11=0AE6 r12=0000 r13=0B92 r14=0000 r15=43D0
t=74.629160000 pc=003B10FA fcw=D0A8 r0=0006 r1=0001 r2=2050 r3=0001 r4=0000 r5=0B2C r6=0001 r7=0000 r8=002E r9=0001 r10=0000 r11=0AE6 r12=0000 r13=0B92 r14=0000 r15=43D4
t=74.629163000 pc=003B10FC fcw=D0A8 r0=0006 r1=0001 r2=0020 r3=0001 r4=0000 r5=0B2C r6=0001 r7=0000 r8=002E r9=0001 r10=0000 r11=0AE6 r12=0000 r13=0B92 r14=0000 r15=43D8
t=74.629166500 pc=003B1100 fcw=D0A8 r0=0002 r1=0001 r2=0020 r3=0001 r4=0000 r5=0B2C r6=0001 r7=0000 r8=002E r9=0001 r10=0000 r11=0AE6 r12=0000 r13=0B92 r14=0000 r15=43D8
t=74.629168250 pc=003B1104 fcw=D0A8 r0=0002 r1=0001 r2=0020 r3=0001 r4=0000 r5=0B2C r6=0001 r7=0000 r8=002E r9=0001 r10=0000 r11=0AE6 r12=0000 r13=0B92 r14=0000 r15=43D8
t=74.629169750 pc=003B1110 fcw=D0A8 r0=0002 r1=0001 r2=0020 r3=0001 r4=0000 r5=0B2C r6=0001 r7=0000 r8=002E r9=0001 r10=0000 r11=0AE6 r12=0000 r13=0B92 r14=0000 r15=43D8
t=74.629171500 pc=003B1114 fcw=D048 r0=0002 r1=0001 r2=0020 r3=0001 r4=0000 r5=0B2C r6=0001 r7=0000 r8=002E r9=0001 r10=0000 r11=0AE6 r12=0000 r13=0B92 r14=0000 r15=43D8
t=74.629173500 pc=003B1116 fcw=D048 r0=0002 r1=0001 r2=0020 r3=0001 r4=0000 r5=0B2C r6=0001 r7=0000 r8=002E r9=0001 r10=0000 r11=0AE6 r12=0000 r13=0B92 r14=0000 r15=43DA
t=74.629175500 pc=003B1118 fcw=D048 r0=0002 r1=870C r2=0020 r3=0001 r4=0000 r5=0B2C r6=0001 r7=0000 r8=002E r9=0001 r10=0000 r11=0AE6 r12=0000 r13=0B92 r14=0000 r15=43DC
t=74.629179750 pc=003B111C fcw=D048 r0=0002 r1=870C r2=0020 r3=0001 r4=0000 r5=0B2C r6=0001 r7=0000 r8=002E r9=0001 r10=0000 r11=0AE6 r12=0000 r13=0B92 r14=0000 r15=43DC
t=74.629181250 pc=003B111E fcw=D048 r0=0002 r1=870C r2=0020 r3=0001 r4=0000 r5=0B2C r6=0001 r7=0000 r8=002E r9=0001 r10=0000 r11=0AE6 r12=0000 r13=0B92 r14=0000 r15=43DC
t=74.629183000 pc=003B1122 fcw=D0A8 r0=0002 r1=870C r2=0020 r3=0001 r4=0000 r5=0B2C r6=0001 r7=0000 r8=002E r9=0001 r10=0000 r11=0AE6 r12=0000 r13=0B92 r14=0000 r15=43DC
t=74.629184500 pc=003B1128 fcw=D0A8 r0=0002 r1=870C r2=0020 r3=0001 r4=0000 r5=0B2C r6=0001 r7=0000 r8=002E r9=0001 r10=0000 r11=0AE6 r12=0000 r13=0B92 r14=0000 r15=43DC
t=74.629186250 pc=003B112C fcw=D0A8 r0=0002 r1=870C r2=0020 r3=0001 r4=0000 r5=0B2C r6=0001 r7=0000 r8=002E r9=0001 r10=0000 r11=0AE6 r12=0000 r13=0B92 r14=0000 r15=43DC
t=74.629187750 pc=003B112E fcw=D0A8 r0=0002 r1=870C r2=0020 r3=0001 r4=0000 r5=0B2C r6=0001 r7=0000 r8=002E r9=0001 r10=0000 r11=0AE6 r12=0000 r13=0B92 r14=0000 r15=43DC
t=74.629189500 pc=003B1132 fcw=D048 r0=0002 r1=870C r2=0020 r3=0001 r4=0000 r5=0B2C r6=0001 r7=0000 r8=002E r9=0001 r10=0000 r11=0AE6 r12=0000 r13=0B92 r14=0000 r15=43DC
t=74.629191000 pc=003B113A fcw=D048 r0=0002 r1=870C r2=0020 r3=0001 r4=0000 r5=0B2C r6=0001 r7=0000 r8=002E r9=0001 r10=0000 r11=0AE6 r12=0000 r13=0B92 r14=0000 r15=43DC
t=74.629193500 pc=003B1460 fcw=D048 r0=0002 r1=870C r2=0020 r3=0001 r4=0000 r5=0B2C r6=0001 r7=0000 r8=002E r9=0001 r10=0000 r11=0AE6 r12=0000 r13=0B92 r14=0000 r15=43D8
t=74.629197000 pc=003B1464 fcw=D048 r0=0002 r1=870C r2=0020 r3=0001 r4=0000 r5=0B2C r6=0001 r7=0000 r8=002E r9=0001 r10=0000 r11=0AE6 r12=0000 r13=0B92 r14=0000 r15=43D8
t=74.629198750 pc=003B1468 fcw=D048 r0=0002 r1=870C r2=0020 r3=0001 r4=0000 r5=0B2C r6=0001 r7=0000 r8=002E r9=0001 r10=0000 r11=0AE6 r12=0000 r13=0B92 r14=0000 r15=43D8
t=74.629200250 pc=003B148C fcw=D048 r0=0002 r1=870C r2=0020 r3=0001 r4=0000 r5=0B2C r6=0001 r7=0000 r8=002E r9=0001 r10=0000 r11=0AE6 r12=0000 r13=0B92 r14=0000 r15=43D8
t=74.629202750 pc=003B113C fcw=D048 r0=0002 r1=870C r2=0020 r3=0001 r4=0000 r5=0B2C r6=0001 r7=0000 r8=002E r9=0001 r10=0000 r11=0AE6 r12=0000 r13=0B92 r14=0000 r15=43DC
t=74.629206250 pc=003B1140 fcw=D048 r0=0002 r1=870C r2=0020 r3=0001 r4=0000 r5=0B2C r6=0002 r7=0000 r8=002E r9=0001 r10=0000 r11=0AE6 r12=0000 r13=0B92 r14=0000 r15=43DC
t=74.629208000 pc=003B1144 fcw=D0A8 r0=0002 r1=870C r2=0020 r3=0001 r4=0000 r5=0B2C r6=0002 r7=0000 r8=002E r9=0001 r10=0000 r11=0AE6 r12=0000 r13=0B92 r14=0000 r15=43DC
t=74.629209500 pc=003B115C fcw=D0A8 r0=0002 r1=870C r2=0020 r3=0001 r4=0000 r5=0B2C r6=0002 r7=0000 r8=002E r9=0001 r10=0000 r11=0AE6 r12=0000 r13=0B92 r14=0000 r15=43DC
t=74.629211250 pc=003B1160 fcw=D0A8 r0=0002 r1=870C r2=0020 r3=0001 r4=0000 r5=0B2C r6=0002 r7=0000 r8=002E r9=0001 r10=0000 r11=0AE6 r12=0000 r13=0B92 r14=0000 r15=43DC
t=74.629212750 pc=003B1168 fcw=D0A8 r0=0002 r1=870C r2=0020 r3=0001 r4=0000 r5=0B2C r6=0002 r7=0000 r8=002E r9=0001 r10=0000 r11=0AE6 r12=0000 r13=0B92 r14=0000 r15=43DC
t=74.629215000 pc=003B116A fcw=D0A8 r0=0002 r1=870C r2=0020 r3=0001 r4=0000 r5=0B2C r6=0002 r7=0000 r8=002E r9=0001 r10=0000 r11=0AE6 r12=0000 r13=0B92 r14=0000 r15=43DA
t=74.629218500 pc=003B116E fcw=D0A8 r0=0102 r1=870C r2=0020 r3=0001 r4=0000 r5=0B2C r6=0002 r7=0000 r8=002E r9=0001 r10=0000 r11=0AE6 r12=0000 r13=0B92 r14=0000 r15=43DA
t=74.629222000 pc=003B1172 fcw=D0A8 r0=0132 r1=870C r2=0020 r3=0001 r4=0000 r5=0B2C r6=0002 r7=0000 r8=002E r9=0001 r10=0000 r11=0AE6 r12=0000 r13=0B92 r14=0000 r15=43DA
t=74.629222750 pc=003B1174 fcw=D0A8 r0=0132 r1=870C r2=0020 r3=0001 r4=8700 r5=0B2C r6=0002 r7=0000 r8=002E r9=0001 r10=0000 r11=0AE6 r12=0000 r13=0B92 r14=0000 r15=43DA
t=74.629224500 pc=003B1178 fcw=D098 r0=0132 r1=870C r2=0020 r3=0001 r4=0300 r5=0B2C r6=0002 r7=0000 r8=002E r9=0001 r10=0000 r11=0AE6 r12=0000 r13=0B92 r14=0000 r15=43DA
t=74.629227000 pc=003B1308 fcw=D098 r0=0132 r1=870C r2=0020 r3=0001 r4=0300 r5=0B2C r6=0002 r7=0000 r8=002E r9=0001 r10=0000 r11=0AE6 r12=0000 r13=0B92 r14=0000 r15=43D6
t=74.629230000 pc=003B130A fcw=D098 r0=0132 r1=870C r2=0020 r3=0001 r4=0300 r5=0B2C r6=0002 r7=0000 r8=002E r9=0001 r10=0000 r11=0AE6 r12=0000 r13=0B92 r14=0000 r15=43D2
t=74.629233500 pc=003B130E fcw=D098 r0=0132 r1=870C r2=0020 r3=E101 r4=0300 r5=0B2C r6=0002 r7=0000 r8=002E r9=0001 r10=0000 r11=0AE6 r12=0000 r13=0B92 r14=0000 r15=43D2
t=74.629237000 pc=003B1312 fcw=D098 r0=0132 r1=870C r2=0131 r3=E101 r4=0300 r5=0B2C r6=0002 r7=0000 r8=002E r9=0001 r10=0000 r11=0AE6 r12=0000 r13=0B92 r14=0000 r15=43D2
t=74.629238750 pc=003B1316 fcw=D008 r0=0132 r1=870C r2=0131 r3=E101 r4=0300 r5=0B2C r6=0002 r7=0000 r8=002E r9=0001 r10=0000 r11=0AE6 r12=0000 r13=0B92 r14=0000 r15=43D2
t=74.629240250 pc=003B1330 fcw=D008 r0=0132 r1=870C r2=0131 r3=E101 r4=0300 r5=0B2C r6=0002 r7=0000 r8=002E r9=0001 r10=0000 r11=0AE6 r12=0000 r13=0B92 r14=0000 r15=43D2
t=74.629243250 pc=003B1332 fcw=D008 r0=0132 r1=870C r2=0020 r3=0001 r4=0300 r5=0B2C r6=0002 r7=0000 r8=002E r9=0001 r10=0000 r11=0AE6 r12=0000 r13=0B92 r14=0000 r15=43D6
t=74.629246750 pc=003B1336 fcw=D008 r0=0132 r1=870C r2=0020 r3=0001 r4=0300 r5=0B2C r6=0002 r7=0000 r8=002E r9=0001 r10=0000 r11=0AE6 r12=0000 r13=0B92 r14=0000 r15=43D6
t=74.629250250 pc=003B133A fcw=D008 r0=0102 r1=870C r2=0020 r3=0001 r4=0300 r5=0B2C r6=0002 r7=0000 r8=002E r9=0001 r10=0000 r11=0AE6 r12=0000 r13=0B92 r14=0000 r15=43D6
t=74.629252000 pc=003B133E fcw=D0A8 r0=0102 r1=870C r2=0020 r3=0001 r4=0300 r5=0B2C r6=0002 r7=0000 r8=002E r9=0001 r10=0000 r11=0AE6 r12=0000 r13=0B92 r14=0000 r15=43D6
t=74.629253500 pc=003B135C fcw=D0A8 r0=0102 r1=870C r2=0020 r3=0001 r4=0300 r5=0B2C r6=0002 r7=0000 r8=002E r9=0001 r10=0000 r11=0AE6 r12=0000 r13=0B92 r14=0000 r15=43D6
t=74.629257000 pc=003B1360 fcw=D0A8 r0=0102 r1=870C r2=0020 r3=0001 r4=0300 r5=0B2C r6=0002 r7=0000 r8=002E r9=0001 r10=0000 r11=0AE6 r12=0000 r13=0B92 r14=0000 r15=43D6
t=74.629259500 pc=003B117A fcw=D0A8 r0=0102 r1=870C r2=0020 r3=0001 r4=0300 r5=0B2C r6=0002 r7=0000 r8=002E r9=0001 r10=0000 r11=0AE6 r12=0000 r13=0B92 r14=0000 r15=43DA
t=74.629263000 pc=003B117E fcw=D0A8 r0=0102 r1=870C r2=0020 r3=0001 r4=0300 r5=0B2C r6=0002 r7=0000 r8=002E r9=0001 r10=0000 r11=0AE6 r12=0000 r13=0B92 r14=0000 r15=43DA
t=74.629265000 pc=003B1180 fcw=D0A8 r0=0102 r1=870C r2=0020 r3=0001 r4=0000 r5=0B2C r6=0002 r7=0000 r8=002E r9=0001 r10=0000 r11=0AE6 r12=0000 r13=0B92 r14=0000 r15=43DC
t=74.629267500 pc=003B148E fcw=D0A8 r0=0102 r1=870C r2=0020 r3=0001 r4=0000 r5=0B2C r6=0002 r7=0000 r8=002E r9=0001 r10=0000 r11=0AE6 r12=0000 r13=0B92 r14=0000 r15=43D8
t=74.629271000 pc=003B1492 fcw=D0A8 r0=0100 r1=870C r2=0020 r3=0001 r4=0000 r5=0B2C r6=0002 r7=0000 r8=002E r9=0001 r10=0000 r11=0AE6 r12=0000 r13=0B92 r14=0000 r15=43D8
t=74.629272000 pc=003B1494 fcw=D048 r0=0000 r1=870C r2=0020 r3=0001 r4=0000 r5=0B2C r6=0002 r7=0000 r8=002E r9=0001 r10=0000 r11=0AE6 r12=0000 r13=0B92 r14=0000 r15=43D8
t=74.629273000 pc=003B1496 fcw=D048 r0=0000 r1=870C r2=0020 r3=0001 r4=0000 r5=0B2C r6=0002 r7=0000 r8=002E r9=0001 r10=0000 r11=0AE6 r12=0000 r13=0B92 r14=0000 r15=43D8
t=74.629274500 pc=003B14CC fcw=D048 r0=0000 r1=870C r2=0020 r3=0001 r4=0000 r5=0B2C r6=0002 r7=0000 r8=002E r9=0001 r10=0000 r11=0AE6 r12=0000 r13=0B92 r14=0000 r15=43D8
t=74.629277000 pc=003B1182 fcw=D048 r0=0000 r1=870C r2=0020 r3=0001 r4=0000 r5=0B2C r6=0002 r7=0000 r8=002E r9=0001 r10=0000 r11=0AE6 r12=0000 r13=0B92 r14=0000 r15=43DC
t=74.629278750 pc=003B1186 fcw=D058 r0=0000 r1=8700 r2=0020 r3=0001 r4=0000 r5=0B2C r6=0002 r7=0000 r8=002E r9=0001 r10=0000 r11=0AE6 r12=0000 r13=0B92 r14=0000 r15=43DC
t=74.629282250 pc=003B118A fcw=D058 r0=0000 r1=8700 r2=0020 r3=0001 r4=0000 r5=0B2C r6=0002 r7=0000 r8=002E r9=0001 r10=0000 r11=0AE6 r12=0000 r13=0B92 r14=0000 r15=43DC
t=74.629283250 pc=003B118C fcw=D048 r0=0000 r1=8700 r2=0020 r3=0001 r4=0000 r5=0B2C r6=0002 r7=0000 r8=002E r9=0001 r10=0000 r11=0AE6 r12=0000 r13=0B92 r14=0000 r15=43DC
t=74.629286750 pc=003B1190 fcw=D048 r0=0000 r1=8700 r2=0020 r3=0001 r4=0000 r5=0B2C r6=FA02 r7=0000 r8=002E r9=0001 r10=0000 r11=0AE6 r12=0000 r13=0B92 r14=0000 r15=43DC
t=74.629287750 pc=003B1192 fcw=D008 r0=0000 r1=8700 r2=0020 r3=0001 r4=0000 r5=0B2C r6=FA02 r7=0000 r8=002E r9=0001 r10=0000 r11=0AE6 r12=0000 r13=0B92 r14=0000 r15=43DC
t=74.629289250 pc=003B11AE fcw=D008 r0=0000 r1=8700 r2=0020 r3=0001 r4=0000 r5=0B2C r6=FA02 r7=0000 r8=002E r9=0001 r10=0000 r11=0AE6 r12=0000 r13=0B92 r14=0000 r15=43DC
t=74.629292750 pc=003B11B2 fcw=D008 r0=0000 r1=8700 r2=0020 r3=0001 r4=0000 r5=0B2C r6=FA00 r7=0000 r8=002E r9=0001 r10=0000 r11=0AE6 r12=0000 r13=0B92 r14=0000 r15=43DC
t=74.629294500 pc=003B11B6 fcw=D048 r0=0000 r1=8700 r2=0020 r3=0001 r4=0000 r5=0B2C r6=FA00 r7=0000 r8=002E r9=0001 r10=0000 r11=0AE6 r12=0000 r13=0B92 r14=0000 r15=43DC
t=74.629296000 pc=003B11BC fcw=D048 r0=0000 r1=8700 r2=0020 r3=0001 r4=0000 r5=0B2C r6=FA00 r7=0000 r8=002E r9=0001 r10=0000 r11=0AE6 r12=0000 r13=0B92 r14=0000 r15=43DC
t=74.629299500 pc=003B11C0 fcw=D048 r0=0000 r1=8700 r2=0020 r3=0001 r4=0000 r5=0B2C r6=FA00 r7=0000 r8=002E r9=0001 r10=0000 r11=0AE6 r12=0000 r13=0B92 r14=0000 r15=43DC
t=74.629300500 pc=003B11C2 fcw=D048 r0=0002 r1=8700 r2=0020 r3=0001 r4=0000 r5=0B2C r6=FA00 r7=0000 r8=002E r9=0001 r10=0000 r11=0AE6 r12=0000 r13=0B92 r14=0000 r15=43DC
t=74.629304000 pc=003B11C6 fcw=D048 r0=0002 r1=8700 r2=0020 r3=0001 r4=0000 r5=0B2C r6=FA00 r7=0000 r8=002E r9=0001 r10=0000 r11=0AE6 r12=0000 r13=0B92 r14=0000 r15=43DC
t=74.629305750 pc=003B11CA fcw=D048 r0=0002 r1=8700 r2=0020 r3=0001 r4=0000 r5=0B2C r6=FA00 r7=0000 r8=002E r9=0001 r10=0000 r11=0AE6 r12=0000 r13=0B92 r14=0000 r15=43DC
t=74.629307250 pc=003B11CC fcw=D048 r0=0002 r1=8700 r2=0020 r3=0001 r4=0000 r5=0B2C r6=FA00 r7=0000 r8=002E r9=0001 r10=0000 r11=0AE6 r12=0000 r13=0B92 r14=0000 r15=43DC
t=74.629310250 pc=003B11CE fcw=D048 r0=0002 r1=8700 r2=0020 r3=0001 r4=0000 r5=0B2C r6=FA00 r7=0000 r8=002E r9=0001 r10=0000 r11=0AE6 r12=0000 r13=0B92 r14=0000 r15=43D8
t=74.629312500 pc=003B11D0 fcw=D048 r0=0002 r1=8700 r2=0020 r3=0001 r4=0000 r5=0B2C r6=FA00 r7=0000 r8=002E r9=0001 r10=0000 r11=0AE6 r12=0000 r13=0B92 r14=0000 r15=43D6
t=74.629313250 pc=003B11D2 fcw=D048 r0=0002 r1=8700 r2=0020 r3=0002 r4=0000 r5=0B2C r6=FA00 r7=0000 r8=002E r9=0001 r10=0000 r11=0AE6 r12=0000 r13=0B92 r14=0000 r15=43D6
t=74.629315750 pc=003B1684 fcw=D048 r0=0002 r1=8700 r2=0020 r3=0002 r4=0000 r5=0B2C r6=FA00 r7=0000 r8=002E r9=0001 r10=0000 r11=0AE6 r12=0000 r13=0B92 r14=0000 r15=43D2
t=74.629318250 pc=003B1B0A fcw=D048 r0=0002 r1=8700 r2=0020 r3=0002 r4=0000 r5=0B2C r6=FA00 r7=0000 r8=002E r9=0001 r10=0000 r11=0AE6 r12=0000 r13=0B92 r14=0000 r15=43CE
t=74.629321750 pc=003B1B0E fcw=D048 r0=001A r1=8700 r2=0020 r3=0002 r4=0000 r5=0B2C r6=FA00 r7=0000 r8=002E r9=0001 r10=0000 r11=0AE6 r12=0000 r13=0B92 r14=0000 r15=43CE
t=74.629323500 pc=003B1B12 fcw=D008 r0=001A r1=8700 r2=0020 r3=0002 r4=0000 r5=0B2C r6=FA00 r7=0000 r8=002E r9=0001 r10=0000 r11=0AE6 r12=0000 r13=0B92 r14=0000 r15=43CE
t=74.629324500 pc=003B1B14 fcw=D048 r0=001A r1=8700 r2=0020 r3=0002 r4=0000 r5=0B2C r6=FA00 r7=0000 r8=002E r9=0001 r10=0000 r11=0AE6 r12=0000 r13=0B92 r14=0000 r15=43CE
t=74.629326000 pc=003B1B1A fcw=D048 r0=001A r1=8700 r2=0020 r3=0002 r4=0000 r5=0B2C r6=FA00 r7=0000 r8=002E r9=0001 r10=0000 r11=0AE6 r12=0000 r13=0B92 r14=0000 r15=43CE
t=74.629327000 pc=003B1B1C fcw=D048 r0=001A r1=8700 r2=0020 r3=0002 r4=0000 r5=0B2C r6=FA00 r7=0000 r8=002E r9=0001 r10=0000 r11=0AE6 r12=0000 r13=0B92 r14=0000 r15=43CE
t=74.629327750 pc=003B1B1E fcw=D048 r0=001A r1=8700 r2=2020 r3=0002 r4=0000 r5=0B2C r6=FA00 r7=0000 r8=002E r9=0001 r10=0000 r11=0AE6 r12=0000 r13=0B92 r14=0000 r15=43CE
t=74.629329000 pc=003B1B20 fcw=D048 r0=001A r1=8700 r2=20E7 r3=0002 r4=0000 r5=0B2C r6=FA00 r7=0000 r8=002E r9=0001 r10=0000 r11=0AE6 r12=0000 r13=0B92 r14=0000 r15=43CE
t=74.629332000 pc=003B1B22 fcw=D048 r0=001A r1=8700 r2=20E7 r3=0002 r4=0000 r5=0B2C r6=FA00 r7=0000 r8=002E r9=0001 r10=0000 r11=0AE6 r12=0000 r13=0B92 r14=0000 r15=43CE
t=74.629335500 pc=003B1B26 fcw=D048 r0=001A r1=8700 r2=20E7 r3=0002 r4=0000 r5=0B2C r6=FA00 r7=0000 r8=002E r9=0001 r10=0000 r11=0AE6 r12=0000 r13=0B92 r14=0000 r15=43CE
t=74.629336500 pc=003B1B28 fcw=D048 r0=001A r1=8700 r2=20E7 r3=0002 r4=0000 r5=0B2C r6=FA00 r7=0000 r8=002E r9=0001 r10=0000 r11=0AE6 r12=0000 r13=0B92 r14=0000 r15=43CE
t=74.629339000 pc=003B1686 fcw=D048 r0=001A r1=8700 r2=20E7 r3=0002 r4=0000 r5=0B2C r6=FA00 r7=0000 r8=002E r9=0001 r10=0000 r11=0AE6 r12=0000 r13=0B92 r14=0000 r15=43D2
t=74.629341500 pc=003B11D4 fcw=D048 r0=001A r1=8700 r2=20E7 r3=0002 r4=0000 r5=0B2C r6=FA00 r7=0000 r8=002E r9=0001 r10=0000 r11=0AE6 r12=0000 r13=0B92 r14=0000 r15=43D6
t=74.629343500 pc=003B11D6 fcw=D048 r0=001A r1=8700 r2=20E7 r3=0002 r4=0000 r5=0B2C r6=FA00 r7=0000 r8=002E r9=0001 r10=0000 r11=0AE6 r12=0000 r13=0B92 r14=0000 r15=43D8
t=74.629346500 pc=003B11D8 fcw=D048 r0=001A r1=8700 r2=0020 r3=0001 r4=0000 r5=0B2C r6=FA00 r7=0000 r8=002E r9=0001 r10=0000 r11=0AE6 r12=0000 r13=0B92 r14=0000 r15=43DC
t=74.629349250 pc=003B11DA fcw=D048 r0=001A r1=8700 r2=0020 r3=0001 r4=0000 r5=0B2C r6=FA00 r7=0000 r8=002E r9=0001 r10=0000 r11=0AE6 r12=0000 r13=0B92 r14=0000 r15=43DC
t=74.629351000 pc=003B11DE fcw=D0A8 r0=001A r1=8700 r2=0020 r3=0001 r4=0000 r5=0B2C r6=FA00 r7=0000 r8=002E r9=0001 r10=0000 r11=0AE6 r12=0000 r13=0B92 r14=0000 r15=43DC
t=74.629352500 pc=003B11EC fcw=D0A8 r0=001A r1=8700 r2=0020 r3=0001 r4=0000 r5=0B2C r6=FA00 r7=0000 r8=002E r9=0001 r10=0000 r11=0AE6 r12=0000 r13=0B92 r14=0000 r15=43DC
t=74.629354000 pc=003B1232 fcw=D0A8 r0=001A r1=8700 r2=0020 r3=0001 r4=0000 r5=0B2C r6=FA00 r7=0000 r8=002E r9=0001 r10=0000 r11=0AE6 r12=0000 r13=0B92 r14=0000 r15=43DC
t=74.629356000 pc=003B1234 fcw=D0E8 r0=001A r1=8700 r2=0020 r3=0001 r4=0000 r5=0B2C r6=FA00 r7=0000 r8=002E r9=0001 r10=0000 r11=0AE6 r12=0000 r13=0B92 r14=0000 r15=43DC
t=74.629357500 pc=003B1306 fcw=D0E8 r0=001A r1=8700 r2=0020 r3=0001 r4=0000 r5=0B2C r6=FA00 r7=0000 r8=002E r9=0001 r10=0000 r11=0AE6 r12=0000 r13=0B92 r14=0000 r15=43DC
t=74.629360000 pc=003B0EAE fcw=D0E8 r0=001A r1=8700 r2=0020 r3=0001 r4=0000 r5=0B2C r6=FA00 r7=0000 r8=002E r9=0001 r10=0000 r11=0AE6 r12=0000 r13=0B92 r14=0000 r15=43E0
t=74.629361500 pc=003B0EB2 fcw=D0E8 r0=001A r1=8700 r2=0020 r3=0001 r4=0000 r5=0B2C r6=FA00 r7=0000 r8=002E r9=0001 r10=0000 r11=0AE6 r12=0000 r13=0B92 r14=0000 r15=43E0
t=74.629365000 pc=003B0EB6 fcw=D0E8 r0=001A r1=8700 r2=0020 r3=0001 r4=0000 r5=0B2C r6=FA00 r7=0000 r8=002E r9=0001 r10=0000 r11=0AE6 r12=0000 r13=0B92 r14=0000 r15=43E0
t=74.629365750 pc=003B0EB8 fcw=D0E8 r0=001A r1=8700 r2=0020 r3=0001 r4=0000 r5=0B2C r6=FA00 r7=0000 r8=002E r9=0001 r10=0000 r11=0AE6 r12=0000 r13=0B92 r14=0000 r15=43E0
t=74.629367500 pc=003B0EBC fcw=D008 r0=001A r1=8700 r2=0020 r3=0001 r4=0000 r5=0B2C r6=FA00 r7=0000 r8=002E r9=0001 r10=0000 r11=0AE6 r12=0000 r13=0B92 r14=0000 r15=43E0
t=74.629369000 pc=003B0EBE fcw=D008 r0=001A r1=8700 r2=0020 r3=0001 r4=0000 r5=0B2C r6=FA00 r7=0000 r8=002E r9=0001 r10=0000 r11=0AE6 r12=0000 r13=0B92 r14=0000 r15=43E0
t=74.629370000 pc=003B0EC0 fcw=D048 r0=001A r1=8700 r2=0020 r3=0001 r4=0000 r5=0B2C r6=FA00 r7=0000 r8=002E r9=0000 r10=0000 r11=0AE6 r12=0000 r13=0B92 r14=0000 r15=43E0
t=74.629371750 pc=003B0EC4 fcw=D008 r0=001A r1=8700 r2=0020 r3=0001 r4=0000 r5=0B2C r6=FA00 r7=0000 r8=002E r9=002E r10=0000 r11=0AE6 r12=0000 r13=0B92 r14=0000 r15=43E0
t=74.629375250 pc=003B0EC8 fcw=D008 r0=00FF r1=8700 r2=0020 r3=0001 r4=0000 r5=0B2C r6=FA00 r7=0000 r8=002E r9=002E r10=0000 r11=0AE6 r12=0000 r13=0B92 r14=0000 r15=43E0
t=74.629377000 pc=003B0ECC fcw=D028 r0=00FF r1=8700 r2=0020 r3=0001 r4=0000 r5=0B2C r6=FA00 r7=0000 r8=002E r9=002E r10=0000 r11=0AE6 r12=0000 r13=0B92 r14=0000 r15=43E0
t=74.629378500 pc=003B0ECE fcw=D028 r0=00FF r1=8700 r2=0020 r3=0001 r4=0000 r5=0B2C r6=FA00 r7=0000 r8=002E r9=002E r10=0000 r11=0AE6 r12=0000 r13=0B92 r14=0000 r15=43E0
t=74.629382000 pc=003B0ED2 fcw=D028 r0=00FF r1=8700 r2=0020 r3=0001 r4=0000 r5=0B2C r6=FA00 r7=0000 r8=002E r9=002E r10=0000 r11=0AE6 r12=0000 r13=0B92 r14=0000 r15=43E0
t=74.629383000 pc=003B0ED4 fcw=D068 r0=00FF r1=8700 r2=0020 r3=0001 r4=0000 r5=0B2C r6=FA00 r7=0000 r8=002E r9=002E r10=0000 r11=0AE6 r12=0000 r13=0B92 r14=0000 r15=43E0
t=74.629384500 pc=003B0ED6 fcw=D068 r0=00FF r1=8700 r2=0020 r3=0001 r4=0000 r5=0B2C r6=FA00 r7=0000 r8=002E r9=002E r10=0000 r11=0AE6 r12=0000 r13=0B92 r14=0000 r15=43E0
t=74.629388000 pc=003B0EDA fcw=D068 r0=0002 r1=8700 r2=0020 r3=0001 r4=0000 r5=0B2C r6=FA00 r7=0000 r8=002E r9=002E r10=0000 r11=0AE6 r12=0000 r13=0B92 r14=0000 r15=43E0
t=74.629389750 pc=003B0EDE fcw=D008 r0=0002 r1=8700 r2=0020 r3=0001 r4=0000 r5=0B2C r6=FA00 r7=0000 r8=002E r9=002E r10=0000 r11=0AE6 r12=0000 r13=0B92 r14=0000 r15=43E0
t=74.629391250 pc=003B0EE0 fcw=D008 r0=0002 r1=8700 r2=0020 r3=0001 r4=0000 r5=0B2C r6=FA00 r7=0000 r8=002E r9=002E r10=0000 r11=0AE6 r12=0000 r13=0B92 r14=0000 r15=43E0
t=74.629393000 pc=003B0EE4 fcw=D008 r0=0002 r1=8700 r2=0020 r3=0001 r4=0000 r5=0B2C r6=FA00 r7=0000 r8=002E r9=002E r10=0000 r11=0AE6 r12=0000 r13=0B92 r14=0000 r15=43E0
t=74.629394500 pc=003B0EE6 fcw=D008 r0=0002 r1=8700 r2=0020 r3=0001 r4=0000 r5=0B2C r6=FA00 r7=0000 r8=002E r9=002E r10=0000 r11=0AE6 r12=0000 r13=0B92 r14=0000 r15=43E0
t=74.629397000 pc=003B0BC2 fcw=D008 r0=0002 r1=8700 r2=0020 r3=0001 r4=0000 r5=0B2C r6=FA00 r7=0000 r8=002E r9=002E r10=0000 r11=0AE6 r12=0000 r13=0B92 r14=0000 r15=43DC
t=74.629400000 pc=003B0BC4 fcw=D008 r0=0002 r1=8700 r2=0020 r3=0001 r4=0000 r5=0B2C r6=FA00 r7=0000 r8=002E r9=002E r10=0000 r11=0AE6 r12=0000 r13=0B92 r14=0000 r15=43D8
t=74.629403000 pc=003B0BC6 fcw=D008 r0=0002 r1=8700 r2=0020 r3=0001 r4=0000 r5=0B2C r6=FA00 r7=0000 r8=002E r9=002E r10=0000 r11=0AE6 r12=0000 r13=0B92 r14=0000 r15=43D4
t=74.629404250 pc=003B0BC8 fcw=D008 r0=0002 r1=8700 r2=0020 r3=0001 r4=0000 r5=0B03 r6=FA00 r7=0000 r8=002E r9=002E r10=0000 r11=0AE6 r12=0000 r13=0B92 r14=0000 r15=43D4
t=74.629407750 pc=003B0BCC fcw=D008 r0=0002 r1=8700 r2=0020 r3=0001 r4=0000 r5=0B03 r6=FA00 r7=0000 r8=002E r9=002E r10=0000 r11=0AE6 r12=0000 r13=0B92 r14=0000 r15=43D4
t=74.629408750 pc=003B0BCE fcw=D048 r0=0002 r1=8700 r2=0020 r3=0001 r4=0000 r5=0B03 r6=FA00 r7=0000 r8=002E r9=002E r10=0000 r11=0AE6 r12=0000 r13=0B92 r14=0000 r15=43D4
t=74.629409750 pc=003B0BD0 fcw=D048 r0=0002 r1=8700 r2=0020 r3=0000 r4=0000 r5=0B03 r6=FA00 r7=0000 r8=002E r9=002E r10=0000 r11=0AE6 r12=0000 r13=0B92 r14=0000 r15=43D4
t=74.629413250 pc=003B0BD4 fcw=D048 r0=0002 r1=8700 r2=0020 r3=00FA r4=0000 r5=0B03 r6=FA00 r7=0000 r8=002E r9=002E r10=0000 r11=0AE6 r12=0000 r13=0B92 r14=0000 r15=43D4
t=74.629416500 pc=003B0BD8 fcw=D008 r0=0002 r1=8700 r2=0020 r3=03E8 r4=0000 r5=0B03 r6=FA00 r7=0000 r8=002E r9=002E r10=0000 r11=0AE6 r12=0000 r13=0B92 r14=0000 r15=43D4
t=74.629419000 pc=003B1668 fcw=D008 r0=0002 r1=8700 r2=0020 r3=03E8 r4=0000 r5=0B03 r6=FA00 r7=0000 r8=002E r9=002E r10=0000 r11=0AE6 r12=0000 r13=0B92 r14=0000 r15=43D0
t=74.629421500 pc=003B1D54 fcw=D008 r0=0002 r1=8700 r2=0020 r3=03E8 r4=0000 r5=0B03 r6=FA00 r7=0000 r8=002E r9=002E r10=0000 r11=0AE6 r12=0000 r13=0B92 r14=0000 r15=43CC
t=74.629422250 pc=003B1D56 fcw=D008 r0=0002 r1=8700 r2=2020 r3=03E8 r4=0000 r5=0B03 r6=FA00 r7=0000 r8=002E r9=002E r10=0000 r11=0AE6 r12=0000 r13=0B92 r14=0000 r15=43CC
t=74.629424000 pc=003B1D5A fcw=D048 r0=0002 r1=8700 r2=2020 r3=03E8 r4=0000 r5=0B03 r6=FA00 r7=0000 r8=002E r9=002E r10=0000 r11=0AE6 r12=0000 r13=0B92 r14=0000 r15=43CC
t=74.629425500 pc=003B1D5C fcw=D048 r0=0002 r1=8700 r2=2020 r3=03E8 r4=0000 r5=0B03 r6=FA00 r7=0000 r8=002E r9=002E r10=0000 r11=0AE6 r12=0000 r13=0B92 r14=0000 r15=43CC
t=74.629426750 pc=003B1D5E fcw=D048 r0=0002 r1=8700 r2=209F r3=03E8 r4=0000 r5=0B03 r6=FA00 r7=0000 r8=002E r9=002E r10=0000 r11=0AE6 r12=0000 r13=0B92 r14=0000 r15=43CC
t=74.629428000 pc=003B1D60 fcw=D048 r0=0002 r1=8700 r2=209F r3=03E8 r4=0098 r5=0B03 r6=FA00 r7=0000 r8=002E r9=002E r10=0000 r11=0AE6 r12=0000 r13=0B92 r14=0000 r15=43CC
t=74.629431000 pc=003B1D62 fcw=D048 r0=0002 r1=8700 r2=209F r3=03E8 r4=0098 r5=0B03 r6=FA00 r7=0000 r8=002E r9=002E r10=0000 r11=0AE6 r12=0000 r13=0B92 r14=0000 r15=43CC
t=74.629432250 pc=003B1D64 fcw=D048 r0=0002 r1=8700 r2=209F r3=03E8 r4=00FF r5=0B03 r6=FA00 r7=0000 r8=002E r9=002E r10=0000 r11=0AE6 r12=0000 r13=0B92 r14=0000 r15=43CC
t=74.629433500 pc=003B1D66 fcw=D048 r0=0002 r1=8700 r2=209D r3=03E8 r4=00FF r5=0B03 r6=FA00 r7=0000 r8=002E r9=002E r10=0000 r11=0AE6 r12=0000 r13=0B92 r14=0000 r15=43CC
t=74.629436500 pc=003B1D68 fcw=D048 r0=0002 r1=8700 r2=209D r3=03E8 r4=00FF r5=0B03 r6=FA00 r7=0000 r8=002E r9=002E r10=0000 r11=0AE6 r12=0000 r13=0B92 r14=0000 r15=43CC
t=74.629438250 pc=003B1D6C fcw=D008 r0=0002 r1=8700 r2=209D r3=03E8 r4=00FF r5=0B03 r6=FA00 r7=0000 r8=002E r9=002E r10=0000 r11=0AE6 r12=0000 r13=0B92 r14=0000 r15=43CC
t=74.629439750 pc=003B1D6E fcw=D008 r0=0002 r1=8700 r2=209D r3=03E8 r4=00FF r5=0B03 r6=FA00 r7=0000 r8=002E r9=002E r10=0000 r11=0AE6 r12=0000 r13=0B92 r14=0000 r15=43CC
t=74.629441000 pc=003B1D70 fcw=D008 r0=0002 r1=8700 r2=209B r3=03E8 r4=00FF r5=0B03 r6=FA00 r7=0000 r8=002E r9=002E r10=0000 r11=0AE6 r12=0000 r13=0B92 r14=0000 r15=43CC
t=74.629444000 pc=003B1D72 fcw=D008 r0=0002 r1=8700 r2=209B r3=03E8 r4=00FF r5=0B03 r6=FA00 r7=0000 r8=002E r9=002E r10=0000 r11=0AE6 r12=0000 r13=0B92 r14=0000 r15=43CC
t=74.629447000 pc=003B1D74 fcw=D008 r0=0002 r1=8700 r2=209B r3=03E8 r4=00FF r5=0B03 r6=FA00 r7=0000 r8=002E r9=002E r10=0000 r11=0AE6 r12=0000 r13=0B92 r14=0000 r15=43CC
t=74.629448000 pc=003B1D76 fcw=D048 r0=0002 r1=8700 r2=209B r3=03E8 r4=00FF r5=0B03 r6=FA00 r7=0000 r8=002E r9=002E r10=0000 r11=0AE6 r12=0000 r13=0B92 r14=0000 r15=43CC
t=74.629450500 pc=003B166A fcw=D048 r0=0002 r1=8700 r2=209B r3=03E8 r4=00FF r5=0B03 r6=FA00 r7=0000 r8=002E r9=002E r10=0000 r11=0AE6 r12=0000 r13=0B92 r14=0000 r15=43D0
t=74.629453000 pc=003B0BDA fcw=D048 r0=0002 r1=8700 r2=209B r3=03E8 r4=00FF r5=0B03 r6=FA00 r7=0000 r8=002E r9=002E r10=0000 r11=0AE6 r12=0000 r13=0B92 r14=0000 r15=43D4
t=74.629456000 pc=003B0BDC fcw=D048 r0=0002 r1=8700 r2=209B r3=03E8 r4=0000 r5=0B2C r6=FA00 r7=0000 r8=002E r9=002E r10=0000 r11=0AE6 r12=0000 r13=0B92 r14=0000 r15=43D8
t=74.629459000 pc=003B0BDE fcw=D048 r0=0002 r1=8700 r2=0020 r3=0001 r4=0000 r5=0B2C r6=FA00 r7=0000 r8=002E r9=002E r10=0000 r11=0AE6 r12=0000 r13=0B92 r14=0000 r15=43DC
t=74.629461500 pc=003B0EE8 fcw=D048 r0=0002 r1=8700 r2=0020 r3=0001 r4=0000 r5=0B2C r6=FA00 r7=0000 r8=002E r9=002E r10=0000 r11=0AE6 r12=0000 r13=0B92 r14=0000 r15=43E0
t=74.629465000 pc=003B0EEC fcw=D048 r0=0020 r1=8700 r2=0020 r3=0001 r4=0000 r5=0B2C r6=FA00 r7=0000 r8=002E r9=002E r10=0000 r11=0AE6 r12=0000 r13=0B92 r14=0000 r15=43E0
t=74.629466750 pc=003B0EF0 fcw=D008 r0=0020 r1=8700 r2=0020 r3=0001 r4=0000 r5=0B2C r6=FA00 r7=0000 r8=002E r9=002E r10=0000 r11=0AE6 r12=0000 r13=0B92 r14=0000 r15=43E0
t=74.629469750 pc=003B0EF2 fcw=D008 r0=0020 r1=8700 r2=0020 r3=0001 r4=0000 r5=0B2C r6=FA00 r7=0000 r8=002E r9=002E r10=0000 r11=0AE6 r12=0000 r13=0B92 r14=0000 r15=43DC
t=74.629471250 pc=003B0EF4 fcw=D008 r0=0020 r1=8700 r2=0020 r3=0001 r4=0000 r5=0B2C r6=FA00 r7=0000 r8=002E r9=002E r10=0000 r11=0AE6 r12=0000 r13=0B92 r14=0000 r15=43DC
t=74.629473250 pc=003B0EF6 fcw=D048 r0=0020 r1=8700 r2=0020 r3=0001 r4=0000 r5=0B2C r6=FA00 r7=0000 r8=002E r9=002E r10=0000 r11=0AE6 r12=0000 r13=0000 r14=0000 r15=43DC
t=74.629477500 pc=003B0EFA fcw=D048 r0=0020 r1=8700 r2=0020 r3=0001 r4=0000 r5=0B2C r6=FA00 r7=0000 r8=002E r9=002E r10=0000 r11=0AE6 r12=0000 r13=0000 r14=0000 r15=43DC
t=74.629481000 pc=003B0EFE fcw=D048 r0=0020 r1=8700 r2=0020 r3=0001 r4=0000 r5=0B2C r6=FA00 r7=0000 r8=002E r9=002E r10=0000 r11=0AE6 r12=0000 r13=0000 r14=0000 r15=43DC
t=74.629485250 pc=003B0F02 fcw=D048 r0=0020 r1=8700 r2=0020 r3=0001 r4=0000 r5=0B2C r6=FA00 r7=0000 r8=002E r9=002E r10=0000 r11=0AE6 r12=A800 r13=05C2 r14=0000 r15=43DC
t=74.629486250 pc=003B0F04 fcw=D048 r0=0000 r1=8700 r2=0020 r3=0001 r4=0000 r5=0B2C r6=FA00 r7=0000 r8=002E r9=002E r10=0000 r11=0AE6 r12=A800 r13=05C2 r14=0000 r15=43DC
t=74.629487500 pc=003B0F06 fcw=D048 r0=0000 r1=8700 r2=0000 r3=0AE6 r4=0000 r5=0B2C r6=FA00 r7=0000 r8=002E r9=002E r10=0000 r11=0AE6 r12=A800 r13=05C2 r14=0000 r15=43DC
t=74.629490000 pc=002805C2 fcw=D048 r0=0000 r1=8700 r2=0000 r3=0AE6 r4=0000 r5=0B2C r6=FA00 r7=0000 r8=002E r9=002E r10=0000 r11=0AE6 r12=A800 r13=05C2 r14=0000 r15=43D8
t=74.629491250 pc=002805C4 fcw=D048 r0=0000 r1=8700 r2=0000 r3=0AE6 r4=0000 r5=0B2C r6=FA00 r7=0000 r8=002E r9=002E r10=0000 r11=0AE6 r12=A800 r13=0002 r14=0000 r15=43D8
t=74.629493000 pc=000000CA fcw=D048 r0=0000 r1=8700 r2=0000 r3=0AE6 r4=0000 r5=0B2C r6=FA00 r7=0000 r8=002E r9=002E r10=0000 r11=0AE6 r12=A800 r13=0002 r14=0000 r15=43D8
t=74.629494750 pc=00021170 fcw=D048 r0=0000 r1=8700 r2=0000 r3=0AE6 r4=0000 r5=0B2C r6=FA00 r7=0000 r8=002E r9=002E r10=0000 r11=0AE6 r12=A800 r13=0002 r14=0000 r15=43D8
t=74.629496500 pc=00021174 fcw=D048 r0=0000 r1=8700 r2=0000 r3=0AE6 r4=0000 r5=0B2C r6=FA00 r7=0000 r8=FF8B r9=002E r10=0000 r11=0AE6 r12=A800 r13=0002 r14=0000 r15=43D8
t=74.629497500 pc=00021176 fcw=D028 r0=0000 r1=8700 r2=0000 r3=0AE6 r4=0000 r5=0B2C r6=FA00 r7=0000 r8=FF89 r9=002E r10=0000 r11=0AE6 r12=A800 r13=0002 r14=0000 r15=43D8
t=74.629500500 pc=00021178 fcw=D028 r0=0000 r1=8700 r2=0000 r3=0AE6 r4=0000 r5=0B2C r6=FA00 r7=0000 r8=FF89 r9=002E r10=0000 r11=0AE6 r12=A800 r13=0002 r14=0000 r15=43D8
t=74.629502250 pc=0002117A fcw=D028 r0=0000 r1=8700 r2=0000 r3=0AE6 r4=0000 r5=0B2C r6=FA00 r7=0000 r8=D028 r9=002E r10=0000 r11=0AE6 r12=A800 r13=0002 r14=0000 r15=43D8
t=74.629503250 pc=0002117C fcw=D008 r0=0000 r1=8700 r2=0000 r3=0AE6 r4=0000 r5=0B2C r6=FA00 r7=0000 r8=D028 r9=002E r10=0000 r11=0AE6 r12=A800 r13=0004 r14=0000 r15=43D8
t=74.629505000 pc=00021180 fcw=D008 r0=0000 r1=8700 r2=0000 r3=0AE6 r4=0000 r5=0B2C r6=FA00 r7=0000 r8=D028 r9=002E r10=0000 r11=0AE6 r12=A800 r13=0084 r14=0000 r15=43D8
t=74.629506000 pc=00021182 fcw=D048 r0=0000 r1=8700 r2=0000 r3=0AE6 r4=0000 r5=0B2C r6=FA00 r7=0000 r8=D028 r9=002E r10=0000 r11=0AE6 r12=0000 r13=0084 r14=0000 r15=43D8
t=74.629507750 pc=00021184 fcw=D048 r0=0000 r1=8700 r2=0000 r3=0AE6 r4=0000 r5=0B2C r6=FA00 r7=0000 r8=D028 r9=002E r10=0000 r11=0AE6 r12=0000 r13=124C r14=0000 r15=43D8
t=74.629509500 pc=00021186 fcw=C048 r0=0000 r1=8700 r2=0000 r3=0AE6 r4=0000 r5=0B2C r6=FA00 r7=0000 r8=D028 r9=002E r10=0000 r11=0AE6 r12=0000 r13=124C r14=0000 r15=43D8
t=74.629511250 pc=00021188 fcw=C048 r0=0000 r1=8700 r2=0000 r3=0AE6 r4=0000 r5=0B2C r6=FA00 r7=128A r8=D028 r9=002E r10=0000 r11=0AE6 r12=0000 r13=124C r14=0000 r15=43D8
t=74.629513750 pc=0002118C fcw=C008 r0=0000 r1=8700 r2=0000 r3=0AE6 r4=0000 r5=0B2C r6=FA00 r7=128A r8=D028 r9=002E r10=0000 r11=0AE6 r12=0000 r13=124C r14=0000 r15=43D8
t=74.629515250 pc=00021192 fcw=C008 r0=0000 r1=8700 r2=0000 r3=0AE6 r4=0000 r5=0B2C r6=FA00 r7=128A r8=D028 r9=002E r10=0000 r11=0AE6 r12=0000 r13=124C r14=0000 r15=43D8
t=74.629516000 pc=00021194 fcw=C008 r0=0000 r1=8700 r2=0000 r3=0AE6 r4=0000 r5=0B2C r6=0000 r7=128A r8=D028 r9=002E r10=0000 r11=0AE6 r12=0000 r13=124C r14=0000 r15=43D8
t=74.629519000 pc=00021196 fcw=C008 r0=0000 r1=8700 r2=0000 r3=0AE6 r4=0000 r5=0B2C r6=0000 r7=1286 r8=D028 r9=002E r10=0000 r11=0AE6 r12=0000 r13=124C r14=0000 r15=43D8
t=74.629522000 pc=00021198 fcw=C008 r0=0000 r1=8700 r2=0000 r3=0AE6 r4=0000 r5=0B2C r6=0000 r7=1282 r8=D028 r9=002E r10=0000 r11=0AE6 r12=0000 r13=124C r14=0000 r15=43D8
t=74.629524000 pc=0002119A fcw=C008 r0=0000 r1=8700 r2=0000 r3=0AE6 r4=0000 r5=0B2C r6=0000 r7=1282 r8=D028 r9=002E r10=0000 r11=0AE6 r12=0000 r13=124C r14=0000 r15=43D8
t=74.629525750 pc=0002119C fcw=D028 r0=0000 r1=8700 r2=0000 r3=0AE6 r4=0000 r5=0B2C r6=0000 r7=1282 r8=D028 r9=002E r10=0000 r11=0AE6 r12=0000 r13=124C r14=0000 r15=43D8
t=74.629528250 pc=003B0F08 fcw=D028 r0=0000 r1=8700 r2=0000 r3=0AE6 r4=0000 r5=0B2C r6=0000 r7=1282 r8=D028 r9=002E r10=0000 r11=0AE6 r12=0000 r13=124C r14=0000 r15=43DC
t=74.629531250 pc=003B0F0A fcw=D028 r0=0000 r1=8700 r2=0020 r3=0001 r4=0000 r5=0B2C r6=0000 r7=1282 r8=D028 r9=002E r10=0000 r11=0AE6 r12=0000 r13=124C r14=0000 r15=43E0
t=74.629534750 pc=003B0F0E fcw=D028 r0=0000 r1=8700 r2=0020 r3=0001 r4=0000 r5=0B2C r6=0000 r7=1282 r8=D028 r9=002E r10=0000 r11=0AE6 r12=0000 r13=124C r14=0000 r15=43E0
t=74.629537250 pc=003B1688 fcw=D028 r0=0000 r1=8700 r2=0020 r3=0001 r4=0000 r5=0B2C r6=0000 r7=1282 r8=D028 r9=002E r10=0000 r11=0AE6 r12=0000 r13=124C r14=0000 r15=43DC
t=74.629539750 pc=003B1AA4 fcw=D028 r0=0000 r1=8700 r2=0020 r3=0001 r4=0000 r5=0B2C r6=0000 r7=1282 r8=D028 r9=002E r10=0000 r11=0AE6 r12=0000 r13=124C r14=0000 r15=43D8
t=74.629543250 pc=003B1AA8 fcw=D028 r0=001A r1=8700 r2=0020 r3=0001 r4=0000 r5=0B2C r6=0000 r7=1282 r8=D028 r9=002E r10=0000 r11=0AE6 r12=0000 r13=124C r14=0000 r15=43D8
t=74.629544250 pc=003B1AAA fcw=D028 r0=001B r1=8700 r2=0020 r3=0001 r4=0000 r5=0B2C r6=0000 r7=1282 r8=D028 r9=002E r10=0000 r11=0AE6 r12=0000 r13=124C r14=0000 r15=43D8
t=74.629545000 pc=003B1AAC fcw=D028 r0=001B r1=8700 r2=2020 r3=0001 r4=0000 r5=0B2C r6=0000 r7=1282 r8=D028 r9=002E r10=0000 r11=0AE6 r12=0000 r13=124C r14=0000 r15=43D8
t=74.629546250 pc=003B1AAE fcw=D028 r0=001B r1=8700 r2=20E7 r3=0001 r4=0000 r5=0B2C r6=0000 r7=1282 r8=D028 r9=002E r10=0000 r11=0AE6 r12=0000 r13=124C r14=0000 r15=43D8
t=74.629549250 pc=003B1AB0 fcw=D028 r0=001B r1=8700 r2=20E7 r3=0001 r4=0000 r5=0B2C r6=0000 r7=1282 r8=D028 r9=002E r10=0000 r11=0AE6 r12=0000 r13=124C r14=0000 r15=43D8
t=74.629552750 pc=003B1AB4 fcw=D028 r0=001B r1=8700 r2=20E7 r3=0001 r4=0000 r5=0B2C r6=0000 r7=1282 r8=D028 r9=002E r10=0000 r11=0AE6 r12=0000 r13=124C r14=0000 r15=43D8
t=74.629553500 pc=003B1AB6 fcw=D028 r0=001B r1=8700 r2=2020 r3=0001 r4=0000 r5=0B2C r6=0000 r7=1282 r8=D028 r9=002E r10=0000 r11=0AE6 r12=0000 r13=124C r14=0000 r15=43D8
t=74.629554500 pc=003B1AB8 fcw=D048 r0=001B r1=8700 r2=2020 r3=0001 r4=0000 r5=0B2C r6=0000 r7=0000 r8=D028 r9=002E r10=0000 r11=0AE6 r12=0000 r13=124C r14=0000 r15=43D8
t=74.629557000 pc=003B168A fcw=D048 r0=001B r1=8700 r2=2020 r3=0001 r4=0000 r5=0B2C r6=0000 r7=0000 r8=D028 r9=002E r10=0000 r11=0AE6 r12=0000 r13=124C r14=0000 r15=43DC
t=74.629559500 pc=003B0F10 fcw=D048 r0=001B r1=8700 r2=2020 r3=0001 r4=0000 r5=0B2C r6=0000 r7=0000 r8=D028 r9=002E r10=0000 r11=0AE6 r12=0000 r13=124C r14=0000 r15=43E0
t=74.629563000 pc=003B0F16 fcw=D048 r0=010F r1=0008 r2=2000 r3=12F8 r4=3D00 r5=2FFC r6=0000 r7=0000 r8=7F06 r9=D848 r10=0000 r11=0AE6 r12=8383 r13=047C r14=0000 r15=43E0
t=74.629566000 pc=003B0F1A fcw=D048 r0=010F r1=0008 r2=2000 r3=12F8 r4=3D00 r5=2FFC r6=0000 r7=0000 r8=7F06 r9=D848 r10=0000 r11=0AE6 r12=8383 r13=047C r14=0000 r15=43E0
t=74.629569250 pc=00021126 fcw=D000 r0=010F r1=0008 r2=2000 r3=12F8 r4=3D00 r5=2FFC r6=0000 r7=0000 r8=7F06 r9=D848 r10=0000 r11=0AE6 r12=8383 r13=047C r14=0000 r15=43E0
t=74.629570750 pc=00021128 fcw=D000 r0=010F r1=0008 r2=2000 r3=12F8 r4=3D00 r5=2FFC r6=0000 r7=0000 r8=7F06 r9=D848 r10=0000 r11=0AE6 r12=8383 r13=047C r14=0000 r15=43E0
t=74.629574250 pc=00021130 fcw=D000 r0=010F r1=0008 r2=2000 r3=12F8 r4=3D00 r5=2FFC r6=0000 r7=0000 r8=7F06 r9=D848 r10=0000 r11=0AE6 r12=8383 r13=047C r14=0000 r15=43E0
t=74.629577500 pc=00021136 fcw=D000 r0=010F r1=0008 r2=2000 r3=12F8 r4=3D00 r5=2FFC r6=0000 r7=0000 r8=7F06 r9=D848 r10=0000 r11=0AE6 r12=8383 r13=047C r14=0000 r15=43E0
t=74.629579000 pc=0002113A fcw=D000 r0=010F r1=0008 r2=2000 r3=12F8 r4=3D00 r5=2FFC r6=0000 r7=0000 r8=7F06 r9=D848 r10=0000 r11=0AE6 r12=8383 r13=047C r14=0000 r15=43E0
t=74.629581500 pc=0002113E fcw=D000 r0=0148 r1=0008 r2=2000 r3=12F8 r4=3D00 r5=2FFC r6=0000 r7=0000 r8=7F06 r9=D848 r10=0000 r11=0AE6 r12=8383 r13=047C r14=0000 r15=43E0
t=74.629583250 pc=00021140 fcw=D048 r0=0148 r1=0008 r2=2000 r3=12F8 r4=3D00 r5=2FFC r6=0000 r7=0000 r8=7F06 r9=D848 r10=0000 r11=0AE6 r12=8383 r13=047C r14=0000 r15=43E0
t=74.629584750 pc=00021142 fcw=D048 r0=0148 r1=0008 r2=2000 r3=12F8 r4=3D00 r5=2FFC r6=0000 r7=0000 r8=7F06 r9=D848 r10=0000 r11=0AE6 r12=8383 r13=047C r14=0000 r15=43E0
t=74.629586250 pc=0002115C fcw=D048 r0=0148 r1=0008 r2=2000 r3=12F8 r4=3D00 r5=2FFC r6=0000 r7=0000 r8=7F06 r9=D848 r10=0000 r11=0AE6 r12=8383 r13=047C r14=0000 r15=43E0
t=74.629589250 pc=00021160 fcw=D048 r0=0148 r1=0008 r2=2000 r3=12F8 r4=3D00 r5=2FFC r6=0000 r7=0000 r8=7F06 r9=D848 r10=0000 r11=0AE6 r12=8383 r13=047C r14=0000 r15=43E0
t=74.629591500 pc=00021164 fcw=D048 r0=0148 r1=0008 r2=2000 r3=124C r4=3D00 r5=2FFC r6=0000 r7=0000 r8=7F06 r9=D848 r10=0000 r11=0AE6 r12=8383 r13=047C r14=0000 r15=43E0
t=74.629593000 pc=000210E8 fcw=D048 r0=0148 r1=0008 r2=2000 r3=124C r4=3D00 r5=2FFC r6=0000 r7=0000 r8=7F06 r9=D848 r10=0000 r11=0AE6 r12=8383 r13=047C r14=0000 r15=43E0
t=74.629595500 pc=000210EC fcw=D048 r0=0148 r1=0008 r2=2000 r3=124C r4=3D00 r5=2FFC r6=0000 r7=1292 r8=7F06 r9=D848 r10=0000 r11=0AE6 r12=8383 r13=047C r14=0000 r15=43E0
t=74.629598000 pc=000210F0 fcw=D008 r0=0148 r1=0008 r2=2000 r3=124C r4=3D00 r5=2FFC r6=0000 r7=1292 r8=7F06 r9=D848 r10=0000 r11=0AE6 r12=8383 r13=047C r14=0000 r15=43E0
t=74.629599500 pc=000210F2 fcw=D008 r0=0148 r1=0008 r2=2000 r3=124C r4=3D00 r5=2FFC r6=0000 r7=1292 r8=7F06 r9=D848 r10=0000 r11=0AE6 r12=8383 r13=047C r14=0000 r15=43E0
t=74.629602000 pc=000210F6 fcw=D008 r0=0148 r1=0008 r2=2000 r3=124C r4=3D00 r5=2FFC r6=0000 r7=1292 r8=7F06 r9=D848 r10=0000 r11=0AE6 r12=8383 r13=047C r14=0000 r15=43E0
t=74.629603500 pc=000210FC fcw=D008 r0=0148 r1=0008 r2=2000 r3=124C r4=3D00 r5=2FFC r6=0000 r7=1292 r8=7F06 r9=D848 r10=0000 r11=0AE6 r12=8383 r13=047C r14=0000 r15=43E0
t=74.629604500 pc=000210FE fcw=D048 r0=0148 r1=0008 r2=2000 r3=124C r4=3D00 r5=2FFC r6=0000 r7=1292 r8=7F06 r9=D848 r10=0000 r11=0AE6 r12=8383 r13=047C r14=0000 r15=43E0
t=74.629605500 pc=00021100 fcw=D008 r0=0148 r1=0008 r2=2000 r3=124C r4=3D00 r5=2FFC r6=0000 r7=128E r8=7F06 r9=D848 r10=0000 r11=0AE6 r12=8383 r13=047C r14=0000 r15=43E0
t=74.629608250 pc=00021102 fcw=D008 r0=0148 r1=0008 r2=2000 r3=124C r4=0000 r5=0800 r6=0000 r7=128E r8=7F06 r9=D848 r10=0000 r11=0AE6 r12=8383 r13=047C r14=0000 r15=43E0
t=74.629609250 pc=00021104 fcw=D008 r0=0148 r1=0008 r2=2000 r3=124C r4=0000 r5=0800 r6=0000 r7=128A r8=7F06 r9=D848 r10=0000 r11=0AE6 r12=8383 r13=047C r14=0000 r15=43E0
t=74.629612000 pc=00021106 fcw=D008 r0=010F r1=0004 r2=2000 r3=124C r4=0000 r5=0800 r6=0000 r7=128A r8=7F06 r9=D848 r10=0000 r11=0AE6 r12=8383 r13=047C r14=0000 r15=43E0
t=74.629615000 pc=0002110A fcw=D008 r0=010F r1=0004 r2=2000 r3=124C r4=0000 r5=0800 r6=0000 r7=128A r8=7F06 r9=D848 r10=0000 r11=0AE6 r12=8383 r13=047C r14=0000 r15=43E0
t=74.629617250 pc=0002110C fcw=D008 r0=010F r1=0004 r2=2000 r3=124C r4=0000 r5=0800 r6=0000 r7=128A r8=7F06 r9=D848 r10=0000 r11=0AE6 r12=8383 r13=047C r14=0000 r15=43DE
t=74.629618750 pc=0002111C fcw=D008 r0=010F r1=0004 r2=2000 r3=124C r4=0000 r5=0800 r6=0000 r7=128A r8=7F06 r9=D848 r10=0000 r11=0AE6 r12=8383 r13=047C r14=0000 r15=43DE
t=74.629623000 pc=00021120 fcw=D008 r0=010F r1=0004 r2=8300 r3=1A36 r4=0000 r5=0800 r6=0000 r7=128A r8=7F06 r9=D848 r10=0000 r11=0AE6 r12=8383 r13=047C r14=0000 r15=43DE
t=74.629625500 pc=00031A36 fcw=D008 r0=010F r1=0004 r2=8300 r3=1A36 r4=0000 r5=0800 r6=0000 r7=128A r8=7F06 r9=D848 r10=0000 r11=0AE6 r12=8383 r13=047C r14=0000 r15=43DA
t=74.629629750 pc=00031A3A fcw=D008 r0=010F r1=0004 r2=0000 r3=1416 r4=0000 r5=0800 r6=0000 r7=128A r8=7F06 r9=D848 r10=0000 r11=0AE6 r12=8383 r13=047C r14=0000 r15=43DA
t=74.629630750 pc=00031A3C fcw=D008 r0=010F r1=0004 r2=0000 r3=1416 r4=0000 r5=0800 r6=0000 r7=128A r8=7F06 r9=D848 r10=0000 r11=0AE6 r12=8383 r13=047C r14=0000 r15=43DA
t=74.629632250 pc=00031A3E fcw=D008 r0=010F r1=0004 r2=0000 r3=1416 r4=0000 r5=0800 r6=0000 r7=128A r8=7F06 r9=D848 r10=0000 r11=0AE6 r12=8383 r13=047C r14=0000 r15=43DA
t=74.629633250 pc=00031A40 fcw=D048 r0=010F r1=0000 r2=0000 r3=1416 r4=0000 r5=0800 r6=0000 r7=128A r8=7F06 r9=D848 r10=0000 r11=0AE6 r12=8383 r13=047C r14=0000 r15=43DA
t=74.629636750 pc=00031A44 fcw=D048 r0=0033 r1=0000 r2=0000 r3=1416 r4=0000 r5=0800 r6=0000 r7=128A r8=7F06 r9=D848 r10=0000 r11=0AE6 r12=8383 r13=047C r14=0000 r15=43DA
t=74.629637750 pc=00031A46 fcw=D008 r0=0033 r1=0000 r2=0000 r3=1416 r4=0000 r5=0800 r6=0000 r7=128A r8=7F06 r9=D848 r10=0000 r11=0AE6 r12=8383 r13=047C r14=0000 r15=43DA
t=74.629639250 pc=00031A48 fcw=D008 r0=0033 r1=0000 r2=0000 r3=1416 r4=0000 r5=0800 r6=0000 r7=128A r8=7F06 r9=D848 r10=0000 r11=0AE6 r12=8383 r13=047C r14=0000 r15=43DA
t=74.629640250 pc=00031A4A fcw=D008 r0=0032 r1=0000 r2=0000 r3=1416 r4=0000 r5=0800 r6=0000 r7=128A r8=7F06 r9=D848 r10=0000 r11=0AE6 r12=8383 r13=047C r14=0000 r15=43DA
t=74.629641750 pc=00031A56 fcw=D008 r0=0032 r1=0000 r2=0000 r3=1416 r4=0000 r5=0800 r6=0000 r7=128A r8=7F06 r9=D848 r10=0000 r11=0AE6 r12=8383 r13=047C r14=0000 r15=43DA
t=74.629645250 pc=00031A5A fcw=D008 r0=0032 r1=0000 r2=0000 r3=1416 r4=0000 r5=0800 r6=0000 r7=128A r8=7F06 r9=D848 r10=0000 r11=0AE6 r12=8383 r13=047C r14=0000 r15=43DA
t=74.629648000 pc=00031A5C fcw=D008 r0=0032 r1=0000 r2=0000 r3=0800 r4=0000 r5=0800 r6=0000 r7=128A r8=7F06 r9=D848 r10=0000 r11=0AE6 r12=8383 r13=047C r14=0000 r15=43DA
t=74.629649000 pc=00031A5E fcw=D048 r0=0032 r1=0000 r2=0000 r3=0800 r4=0000 r5=0800 r6=0000 r7=128A r8=7F06 r9=D848 r10=0000 r11=0AE6 r12=8383 r13=047C r14=0000 r15=43DA
t=74.629650500 pc=00031A60 fcw=D048 r0=0032 r1=0000 r2=0000 r3=0800 r4=0000 r5=0800 r6=0000 r7=128A r8=7F06 r9=D848 r10=0000 r11=0AE6 r12=8383 r13=047C r14=0000 r15=43DA
t=74.629651500 pc=00031A62 fcw=D048 r0=0032 r1=0000 r2=0000 r3=0800 r4=0000 r5=0800 r6=0000 r7=128A r8=7F06 r9=D848 r10=0000 r11=0AE6 r12=8383 r13=047C r14=0000 r15=43DA
t=74.629653000 pc=00031A68 fcw=D048 r0=0032 r1=0000 r2=0000 r3=0800 r4=0000 r5=0800 r6=0000 r7=128A r8=7F06 r9=D848 r10=0000 r11=0AE6 r12=8383 r13=047C r14=0000 r15=43DA
t=74.629654750 pc=0000012C fcw=D048 r0=0032 r1=0000 r2=0000 r3=0800 r4=0000 r5=0800 r6=0000 r7=128A r8=7F06 r9=D848 r10=0000 r11=0AE6 r12=8383 r13=047C r14=0000 r15=43DA
t=74.629656500 pc=000206A8 fcw=D048 r0=0032 r1=0000 r2=0000 r3=0800 r4=0000 r5=0800 r6=0000 r7=128A r8=7F06 r9=D848 r10=0000 r11=0AE6 r12=8383 r13=047C r14=0000 r15=43DA
t=74.629659750 pc=000206AE fcw=D008 r0=0032 r1=0000 r2=0000 r3=0800 r4=0000 r5=0800 r6=0000 r7=128A r8=7F06 r9=D848 r10=0000 r11=0AE6 r12=8383 r13=047C r14=0000 r15=43DA
t=74.629663000 pc=000206B4 fcw=D008 r0=0032 r1=0000 r2=0000 r3=0800 r4=0000 r5=0800 r6=0000 r7=128A r8=7F06 r9=D848 r10=0000 r11=0AE6 r12=8383 r13=047C r14=0000 r15=43DA
t=74.629664500 pc=000206D0 fcw=D008 r0=0032 r1=0000 r2=0000 r3=0800 r4=0000 r5=0800 r6=0000 r7=128A r8=7F06 r9=D848 r10=0000 r11=0AE6 r12=8383 r13=047C r14=0000 r15=43DA
t=74.629667250 pc=000206D4 fcw=D058 r0=0032 r1=0000 r2=0000 r3=0800 r4=0000 r5=0800 r6=0000 r7=128A r8=7F06 r9=D848 r10=0000 r11=0AE6 r12=8383 r13=047C r14=0000 r15=43DA
t=74.629668750 pc=000206E0 fcw=D058 r0=0032 r1=0000 r2=0000 r3=0800 r4=0000 r5=0800 r6=0000 r7=128A r8=7F06 r9=D848 r10=0000 r11=0AE6 r12=8383 r13=047C r14=0000 r15=43DA
t=74.629670500 pc=000206E2 fcw=D058 r0=0032 r1=0000 r2=0000 r3=0800 r4=0000 r5=0800 r6=0000 r7=128A r8=7F06 r9=D848 r10=D058 r11=0AE6 r12=8383 r13=047C r14=0000 r15=43DA
t=74.629671500 pc=000206E4 fcw=D058 r0=0032 r1=0000 r2=0000 r3=0800 r4=0000 r5=0800 r6=0000 r7=128A r8=0000 r9=D848 r10=D058 r11=0AE6 r12=8383 r13=047C r14=0000 r15=43DA
t=74.629673250 pc=000206E8 fcw=D058 r0=0032 r1=0000 r2=0000 r3=0800 r4=0000 r5=0800 r6=0000 r7=128A r8=0000 r9=0164 r10=D058 r11=0AE6 r12=8383 r13=047C r14=0000 r15=43DA
t=74.629674500 pc=000206EA fcw=D058 r0=0032 r1=0000 r2=0000 r3=0800 r4=0000 r5=0800 r6=0000 r7=128A r8=0000 r9=0164 r10=D058 r11=0AE6 r12=0000 r13=0164 r14=0000 r15=43DA
t=74.629675500 pc=000206EC fcw=D058 r0=0032 r1=0000 r2=0000 r3=0800 r4=0000 r5=0800 r6=0000 r7=128A r8=0000 r9=0164 r10=D058 r11=0AE6 r12=0000 r13=0164 r14=0000 r15=43DA
t=74.629677250 pc=000206EE fcw=D058 r0=0032 r1=0000 r2=0000 r3=0000 r4=0000 r5=0800 r6=0000 r7=128A r8=0000 r9=0164 r10=D058 r11=0AE6 r12=0000 r13=0164 r14=0000 r15=43DA
t=74.629679000 pc=000206F0 fcw=C058 r0=0032 r1=0000 r2=0000 r3=0000 r4=0000 r5=0800 r6=0000 r7=128A r8=0000 r9=0164 r10=D058 r11=0AE6 r12=0000 r13=0164 r14=0000 r15=43DA
t=74.629680000 pc=000206F2 fcw=C058 r0=0032 r1=0000 r2=0000 r3=0000 r4=0000 r5=0800 r6=0000 r7=128A r8=0000 r9=0164 r10=D058 r11=0AE6 r12=0000 r13=0164 r14=0000 r15=43DA
t=74.629681500 pc=00020728 fcw=C058 r0=0032 r1=0000 r2=0000 r3=0000 r4=0000 r5=0800 r6=0000 r7=128A r8=0000 r9=0164 r10=D058 r11=0AE6 r12=0000 r13=0164 r14=0000 r15=43DA
t=74.629683250 pc=0002072A fcw=D058 r0=0032 r1=0000 r2=0000 r3=0000 r4=0000 r5=0800 r6=0000 r7=128A r8=0000 r9=0164 r10=D058 r11=0AE6 r12=0000 r13=0164 r14=0000 r15=43DA
t=74.629685750 pc=00021122 fcw=D058 r0=0032 r1=0000 r2=0000 r3=0000 r4=0000 r5=0800 r6=0000 r7=128A r8=0000 r9=0164 r10=D058 r11=0AE6 r12=0000 r13=0164 r14=0000 r15=43DE
t=74.629687750 pc=00021124 fcw=D058 r0=0032 r1=0000 r2=0000 r3=124C r4=0000 r5=0800 r6=0000 r7=128A r8=0000 r9=0164 r10=D058 r11=0AE6 r12=0000 r13=0164 r14=0000 r15=43E0
t=74.629689250 pc=000210E8 fcw=D058 r0=0032 r1=0000 r2=0000 r3=124C r4=0000 r5=0800 r6=0000 r7=128A r8=0000 r9=0164 r10=D058 r11=0AE6 r12=0000 r13=0164 r14=0000 r15=43E0
t=74.629691750 pc=000210EC fcw=D058 r0=0032 r1=0000 r2=0000 r3=124C r4=0000 r5=0800 r6=0000 r7=128A r8=0000 r9=0164 r10=D058 r11=0AE6 r12=0000 r13=0164 r14=0000 r15=43E0
t=74.629694250 pc=000210F0 fcw=D008 r0=0032 r1=0000 r2=0000 r3=124C r4=0000 r5=0800 r6=0000 r7=128A r8=0000 r9=0164 r10=D058 r11=0AE6 r12=0000 r13=0164 r14=0000 r15=43E0
t=74.629695750 pc=000210F2 fcw=D008 r0=0032 r1=0000 r2=0000 r3=124C r4=0000 r5=0800 r6=0000 r7=128A r8=0000 r9=0164 r10=D058 r11=0AE6 r12=0000 r13=0164 r14=0000 r15=43E0
t=74.629698250 pc=000210F6 fcw=D008 r0=0032 r1=0000 r2=0000 r3=124C r4=0000 r5=0800 r6=0000 r7=128A r8=0000 r9=0164 r10=D058 r11=0AE6 r12=0000 r13=0164 r14=0000 r15=43E0
t=74.629699750 pc=000210FC fcw=D008 r0=0032 r1=0000 r2=0000 r3=124C r4=0000 r5=0800 r6=0000 r7=128A r8=0000 r9=0164 r10=D058 r11=0AE6 r12=0000 r13=0164 r14=0000 r15=43E0
t=74.629700750 pc=000210FE fcw=D048 r0=0032 r1=0000 r2=0000 r3=124C r4=0000 r5=0800 r6=0000 r7=128A r8=0000 r9=0164 r10=D058 r11=0AE6 r12=0000 r13=0164 r14=0000 r15=43E0
t=74.629701750 pc=00021100 fcw=D008 r0=0032 r1=0000 r2=0000 r3=124C r4=0000 r5=0800 r6=0000 r7=1286 r8=0000 r9=0164 r10=D058 r11=0AE6 r12=0000 r13=0164 r14=0000 r15=43E0
t=74.629704500 pc=00021102 fcw=D008 r0=0032 r1=0000 r2=0000 r3=124C r4=0000 r5=0AE6 r6=0000 r7=1286 r8=0000 r9=0164 r10=D058 r11=0AE6 r12=0000 r13=0164 r14=0000 r15=43E0
t=74.629705500 pc=00021104 fcw=D008 r0=0032 r1=0000 r2=0000 r3=124C r4=0000 r5=0AE6 r6=0000 r7=1282 r8=0000 r9=0164 r10=D058 r11=0AE6 r12=0000 r13=0164 r14=0000 r15=43E0
t=74.629708250 pc=00021106 fcw=D008 r0=0000 r1=8700 r2=0000 r3=124C r4=0000 r5=0AE6 r6=0000 r7=1282 r8=0000 r9=0164 r10=D058 r11=0AE6 r12=0000 r13=0164 r14=0000 r15=43E0
t=74.629711250 pc=0002110A fcw=D008 r0=0000 r1=8700 r2=0000 r3=124C r4=0000 r5=0AE6 r6=0000 r7=1282 r8=0000 r9=0164 r10=D058 r11=0AE6 r12=0000 r13=0164 r14=0000 r15=43E0
t=74.629713500 pc=0002110C fcw=D008 r0=0000 r1=8700 r2=0000 r3=124C r4=0000 r5=0AE6 r6=0000 r7=1282 r8=0000 r9=0164 r10=D058 r11=0AE6 r12=0000 r13=0164 r14=0000 r15=43DE
t=74.629715000 pc=0002111C fcw=D008 r0=0000 r1=8700 r2=0000 r3=124C r4=0000 r5=0AE6 r6=0000 r7=1282 r8=0000 r9=0164 r10=D058 r11=0AE6 r12=0000 r13=0164 r14=0000 r15=43DE
t=74.629719250 pc=00021120 fcw=D008 r0=0000 r1=8700 r2=A800 r3=05A0 r4=0000 r5=0AE6 r6=0000 r7=1282 r8=0000 r9=0164 r10=D058 r11=0AE6 r12=0000 r13=0164 r14=0000 r15=43DE
t=74.629721750 pc=002805A0 fcw=D008 r0=0000 r1=8700 r2=A800 r3=05A0 r4=0000 r5=0AE6 r6=0000 r7=1282 r8=0000 r9=0164 r10=D058 r11=0AE6 r12=0000 r13=0164 r14=0000 r15=43DA
t=74.629722750 pc=002805A2 fcw=D048 r0=0000 r1=8700 r2=A800 r3=05A0 r4=0000 r5=0AE6 r6=0000 r7=1282 r8=0000 r9=0164 r10=D058 r11=0AE6 r12=0000 r13=0164 r14=0000 r15=43DA
t=74.629724250 pc=002805A4 fcw=D048 r0=0000 r1=8700 r2=A800 r3=05A0 r4=0000 r5=0AE6 r6=0000 r7=1282 r8=0000 r9=0164 r10=D058 r11=0AE6 r12=0000 r13=0164 r14=0000 r15=43DA
t=74.629725250 pc=002805A6 fcw=D048 r0=0000 r1=8700 r2=A800 r3=05A0 r4=0000 r5=0AE6 r6=0000 r7=1282 r8=0000 r9=0164 r10=D058 r11=0AE6 r12=0000 r13=0164 r14=0000 r15=43DA
t=74.629728750 pc=002805AA fcw=D048 r0=0000 r1=8700 r2=A800 r3=05A0 r4=0000 r5=0AE6 r6=0000 r7=0BB6 r8=0000 r9=0164 r10=D058 r11=0AE6 r12=0000 r13=0164 r14=0000 r15=43DA
t=74.629732500 pc=002805AE fcw=D048 r0=0000 r1=8700 r2=A800 r3=05A0 r4=0000 r5=0AE6 r6=0000 r7=0BB6 r8=0000 r9=0164 r10=D058 r11=0AE6 r12=0000 r13=0164 r14=0000 r15=43DA
t=74.629736000 pc=002805B2 fcw=D048 r0=0000 r1=8700 r2=A800 r3=035E r4=0000 r5=0AE6 r6=0000 r7=0BB6 r8=0000 r9=0164 r10=D058 r11=0AE6 r12=0000 r13=0164 r14=0000 r15=43DA
t=74.629740250 pc=002805B6 fcw=D048 r0=0000 r1=0001 r2=A800 r3=035E r4=0000 r5=0AE6 r6=0000 r7=0BB6 r8=0000 r9=0164 r10=D058 r11=0AE6 r12=0000 r13=0164 r14=0000 r15=43DA
t=74.629741250 pc=002805B8 fcw=D048 r0=0000 r1=0001 r2=A800 r3=035E r4=0000 r5=0AE6 r6=0000 r7=0BB6 r8=0000 r9=0164 r10=D058 r11=0AE6 r12=0000 r13=0164 r14=0000 r15=43DA
t=74.629743750 pc=0028035E fcw=D048 r0=0000 r1=0001 r2=A800 r3=035E r4=0000 r5=0AE6 r6=0000 r7=0BB6 r8=0000 r9=0164 r10=D058 r11=0AE6 r12=0000 r13=0164 r14=0000 r15=43DA
t=74.629744750 pc=00280360 fcw=D048 r0=0000 r1=0001 r2=A800 r3=035E r4=0000 r5=0AE6 r6=0000 r7=0BB6 r8=0000 r9=0164 r10=D058 r11=0AE6 r12=0000 r13=0164 r14=0000 r15=43DA
t=74.629746250 pc=00280362 fcw=D048 r0=0000 r1=0001 r2=A800 r3=035E r4=0000 r5=0AE6 r6=0000 r7=0BB6 r8=0000 r9=0164 r10=D058 r11=0AE6 r12=0000 r13=0164 r14=0000 r15=43DA
t=74.629749000 pc=00280366 fcw=D048 r0=0000 r1=0001 r2=A800 r3=035E r4=0000 r5=0AE6 r6=0000 r7=0BB6 r8=0000 r9=0164 r10=D058 r11=0AE6 r12=0000 r13=0164 r14=0000 r15=43DA
t=74.629750500 pc=00280368 fcw=D048 r0=0000 r1=0001 r2=A800 r3=035E r4=0000 r5=0AE6 r6=0000 r7=0BB6 r8=0000 r9=0164 r10=D058 r11=0AE6 r12=0000 r13=0164 r14=0000 r15=43DA
t=74.629751500 pc=0028036A fcw=D048 r0=0000 r1=0001 r2=A800 r3=035E r4=0000 r5=0AE6 r6=0000 r7=0BB6 r8=0000 r9=0164 r10=D058 r11=0AE6 r12=0000 r13=0164 r14=0000 r15=43DA
t=74.629753000 pc=002803CE fcw=D048 r0=0000 r1=0001 r2=A800 r3=035E r4=0000 r5=0AE6 r6=0000 r7=0BB6 r8=0000 r9=0164 r10=D058 r11=0AE6 r12=0000 r13=0164 r14=0000 r15=43DA
t=74.629754000 pc=002803D0 fcw=D048 r0=0000 r1=0001 r2=0000 r3=035E r4=0000 r5=0AE6 r6=0000 r7=0BB6 r8=0000 r9=0164 r10=D058 r11=0AE6 r12=0000 r13=0164 r14=0000 r15=43DA
t=74.629757500 pc=002803D4 fcw=D048 r0=0000 r1=0001 r2=0000 r3=0132 r4=0000 r5=0AE6 r6=0000 r7=0BB6 r8=0000 r9=0164 r10=D058 r11=0AE6 r12=0000 r13=0164 r14=0000 r15=43DA
t=74.629759000 pc=002803D6 fcw=D048 r0=0000 r1=0001 r2=0001 r3=0032 r4=0000 r5=0AE6 r6=0000 r7=0BB6 r8=0000 r9=0164 r10=D058 r11=0AE6 r12=0000 r13=0164 r14=0000 r15=43DA
t=74.629760750 pc=002803D8 fcw=D008 r0=0000 r1=0001 r2=0001 r3=0032 r4=0000 r5=0AE6 r6=0000 r7=0BB6 r8=0000 r9=0164 r10=D058 r11=0AE6 r12=0000 r13=0164 r14=0000 r15=43DA
t=74.629762250 pc=002803DC fcw=D008 r0=0000 r1=0001 r2=0001 r3=0032 r4=0000 r5=0AE6 r6=0000 r7=0BB6 r8=0000 r9=0164 r10=D058 r11=0AE6 r12=0000 r13=0164 r14=0000 r15=43DA
t=74.629764750 pc=002801A2 fcw=D008 r0=0000 r1=0001 r2=0001 r3=0032 r4=0000 r5=0AE6 r6=0000 r7=0BB6 r8=0000 r9=0164 r10=D058 r11=0AE6 r12=0000 r13=0164 r14=0000 r15=43D6
t=74.629765500 pc=002801A4 fcw=D008 r0=0000 r1=0001 r2=0001 r3=0032 r4=0000 r5=0AE6 r6=0000 r7=0BB6 r8=0000 r9=0001 r10=D058 r11=0AE6 r12=0000 r13=0164 r14=0000 r15=43D6
t=74.629766500 pc=002801A6 fcw=D048 r0=0000 r1=0001 r2=0001 r3=0032 r4=0000 r5=0AE6 r6=0000 r7=0BB6 r8=0000 r9=0001 r10=D058 r11=0AE6 r12=0000 r13=0164 r14=0000 r15=43D6
t=74.629767500 pc=002801A8 fcw=D048 r0=0000 r1=0001 r2=0001 r3=0032 r4=0000 r5=0AE6 r6=0000 r7=0BB6 r8=8000 r9=0001 r10=D058 r11=0AE6 r12=0000 r13=0164 r14=0000 r15=43D6
t=74.629768500 pc=002801AA fcw=D008 r0=0000 r1=0001 r2=0001 r3=0032 r4=0000 r5=0AE6 r6=0000 r7=0BB6 r8=8000 r9=0001 r10=D058 r11=0AE6 r12=0000 r13=0164 r14=0000 r15=43D6
t=74.629770000 pc=002801AC fcw=D008 r0=0000 r1=0001 r2=0001 r3=0032 r4=0000 r5=0AE6 r6=0000 r7=0BB6 r8=8000 r9=0001 r10=D058 r11=0AE6 r12=0000 r13=0164 r14=0000 r15=43D6
t=74.629773500 pc=002801B2 fcw=D028 r0=0000 r1=0001 r2=0001 r3=0032 r4=0000 r5=0AE6 r6=0000 r7=0BB6 r8=8000 r9=0000 r10=D058 r11=0AE6 r12=0000 r13=0164 r14=0000 r15=43D6
t=74.629775250 pc=002801B4 fcw=D028 r0=0000 r1=0001 r2=0034 r3=0032 r4=0000 r5=0AE6 r6=0000 r7=0BB6 r8=8000 r9=0000 r10=D058 r11=0AE6 r12=0000 r13=0164 r14=0000 r15=43D6
t=74.629792750 pc=002801B6 fcw=D048 r0=0000 r1=0001 r2=0034 r3=0032 r4=0000 r5=0AE6 r6=0000 r7=0BB6 r8=0000 r9=0000 r10=D058 r11=0AE6 r12=0000 r13=0164 r14=0000 r15=43D6
t=74.629793750 pc=002801B8 fcw=D048 r0=0000 r1=0001 r2=0000 r3=0032 r4=0000 r5=0AE6 r6=0000 r7=0BB6 r8=0000 r9=0000 r10=D058 r11=0AE6 r12=0000 r13=0164 r14=0000 r15=43D6
t=74.629795750 pc=002801BA fcw=D008 r0=0000 r1=0001 r2=0000 r3=0032 r4=0000 r5=0AE6 r6=0000 r7=0BB6 r8=0000 r9=0032 r10=D058 r11=0AE6 r12=0000 r13=0164 r14=0000 r15=43D6
t=74.629800000 pc=002801BE fcw=D008 r0=0000 r1=0001 r2=0000 r3=0032 r4=0000 r5=0AE6 r6=0000 r7=0BB6 r8=0000 r9=0032 r10=D058 r11=0AE6 r12=0000 r13=0164 r14=0000 r15=43D6
t=74.629802500 pc=002803DE fcw=D008 r0=0000 r1=0001 r2=0000 r3=0032 r4=0000 r5=0AE6 r6=0000 r7=0BB6 r8=0000 r9=0032 r10=D058 r11=0AE6 r12=0000 r13=0164 r14=0000 r15=43DA
t=74.629805000 pc=002803E2 fcw=D058 r0=0000 r1=0001 r2=0000 r3=0032 r4=0000 r5=0AE6 r6=0000 r7=0BB6 r8=0000 r9=0032 r10=D058 r11=0AE6 r12=0000 r13=0164 r14=0000 r15=43DA
t=74.629807500 pc=002803E6 fcw=D000 r0=0000 r1=0001 r2=0000 r3=0032 r4=0000 r5=0AE6 r6=0000 r7=0BB6 r8=0000 r9=0032 r10=D058 r11=0AE6 r12=0000 r13=0164 r14=0000 r15=43DA
t=74.629808250 pc=002803E8 fcw=D000 r0=0000 r1=0001 r2=0000 r3=0032 r4=0000 r5=0AE6 r6=0000 r7=0BB6 r8=0000 r9=0032 r10=D058 r11=0AE6 r12=0000 r13=0164 r14=0000 r15=43DA
t=74.629810000 pc=002803EC fcw=D050 r0=0000 r1=0001 r2=0000 r3=0032 r4=0000 r5=0AE6 r6=0000 r7=0BB6 r8=0000 r9=0032 r10=D058 r11=0AE6 r12=0000 r13=0164 r14=0000 r15=43DA
t=74.629811000 pc=002803EE fcw=D050 r0=4000 r1=0001 r2=0000 r3=0032 r4=0000 r5=0AE6 r6=0000 r7=0BB6 r8=0000 r9=0032 r10=D058 r11=0AE6 r12=0000 r13=0164 r14=0000 r15=43DA
t=74.629812750 pc=002803F2 fcw=D050 r0=4000 r1=0001 r2=0000 r3=0032 r4=0000 r5=0AE6 r6=0000 r7=0BB6 r8=0000 r9=0032 r10=D058 r11=0AE6 r12=0000 r13=0164 r14=0000 r15=43DA
t=74.629813750 pc=002803F4 fcw=D010 r0=4000 r1=0001 r2=0000 r3=0032 r4=0000 r5=0AE6 r6=0000 r7=0BB6 r8=0000 r9=0032 r10=D058 r11=0AE6 r12=0000 r13=0164 r14=0000 r15=43DA
t=74.629818000 pc=002803F8 fcw=D010 r0=4000 r1=0001 r2=0000 r3=0032 r4=0000 r5=0AE6 r6=0000 r7=0BB6 r8=0000 r9=0032 r10=D058 r11=0AE6 r12=0000 r13=0164 r14=0000 r15=43DA
t=74.629821500 pc=002803FC fcw=D010 r0=4000 r1=0001 r2=0000 r3=0032 r4=0000 r5=0AE6 r6=0000 r7=0BB6 r8=0000 r9=0032 r10=D058 r11=0AE6 r12=0000 r13=0164 r14=0000 r15=43DA
t=74.629825000 pc=00280400 fcw=D010 r0=4000 r1=0001 r2=0000 r3=0032 r4=0000 r5=0AE6 r6=0000 r7=0BB6 r8=0000 r9=0032 r10=D058 r11=0AE6 r12=0000 r13=0164 r14=0000 r15=43DA
t=74.629826750 pc=00000050 fcw=D010 r0=4000 r1=0001 r2=0000 r3=0032 r4=0000 r5=0AE6 r6=0000 r7=0BB6 r8=0000 r9=0032 r10=D058 r11=0AE6 r12=0000 r13=0164 r14=0000 r15=43DA
t=74.629828500 pc=00020EB2 fcw=D010 r0=4000 r1=0001 r2=0000 r3=0032 r4=0000 r5=0AE6 r6=0000 r7=0BB6 r8=0000 r9=0032 r10=D058 r11=0AE6 r12=0000 r13=0164 r14=0000 r15=43DA
t=74.629831750 pc=00020EB6 fcw=D010 r0=4000 r1=0001 r2=0000 r3=0032 r4=0000 r5=0AE6 r6=0000 r7=0BB6 r8=0000 r9=0032 r10=D058 r11=0AE6 r12=0000 r13=0164 r14=0000 r15=43DA
t=74.629833000 pc=00020EB8 fcw=D010 r0=4000 r1=0001 r2=0000 r3=0032 r4=0000 r5=0AE6 r6=0000 r7=0BB6 r8=0000 r9=0AE6 r10=D058 r11=0AE6 r12=0000 r13=0164 r14=0000 r15=43DA
t=74.629835000 pc=00020EBA fcw=D040 r0=4000 r1=0001 r2=0000 r3=0000 r4=0000 r5=0AE6 r6=0000 r7=0BB6 r8=0000 r9=0AE6 r10=D058 r11=0AE6 r12=0000 r13=0164 r14=0000 r15=43DA
t=74.629839000 pc=00020EBE fcw=D040 r0=4000 r1=0001 r2=0000 r3=0000 r4=0000 r5=0AE6 r6=0000 r7=0BB6 r8=0000 r9=0AE6 r10=D058 r11=0AE6 r12=0000 r13=0164 r14=0000 r15=43DA
t=74.629840000 pc=00020EC0 fcw=D040 r0=4000 r1=0001 r2=0000 r3=0000 r4=0000 r5=0AE6 r6=0000 r7=0BB6 r8=0000 r9=0AE6 r10=D058 r11=0AE6 r12=0000 r13=0164 r14=0000 r15=43DA
t=74.629841500 pc=00020EC2 fcw=D040 r0=4000 r1=0001 r2=0000 r3=0000 r4=0000 r5=0AE6 r6=0000 r7=0BB6 r8=0000 r9=0AE6 r10=D058 r11=0AE6 r12=0000 r13=0164 r14=0000 r15=43DA
t=74.629843500 pc=00020EC4 fcw=D040 r0=4000 r1=0001 r2=0000 r3=0000 r4=0000 r5=0AE6 r6=0000 r7=0000 r8=0000 r9=0AE6 r10=D058 r11=0AE6 r12=0000 r13=0164 r14=0000 r15=43DA
t=74.629847500 pc=00020EC8 fcw=D000 r0=4000 r1=0001 r2=0000 r3=0000 r4=0000 r5=0AE6 r6=0000 r7=1376 r8=0000 r9=0AE6 r10=D058 r11=0AE6 r12=0000 r13=0164 r14=0000 r15=43DA
t=74.629849000 pc=00020ECA fcw=D000 r0=4000 r1=0001 r2=0000 r3=0000 r4=0000 r5=0AE6 r6=0000 r7=1376 r8=0000 r9=0AE6 r10=D058 r11=0AE6 r12=0000 r13=0164 r14=0000 r15=43DA
t=74.629850000 pc=00020ECC fcw=D040 r0=4000 r1=0001 r2=0000 r3=0000 r4=0000 r5=0AE6 r6=0000 r7=1376 r8=0000 r9=0AE6 r10=D058 r11=0AE6 r12=0000 r13=0164 r14=0000 r15=43DA
t=74.629854000 pc=00020ED0 fcw=D040 r0=4000 r1=0001 r2=0000 r3=213E r4=0000 r5=0AE6 r6=0000 r7=1376 r8=0000 r9=0AE6 r10=D058 r11=0AE6 r12=0000 r13=0164 r14=0000 r15=43DA
t=74.629855000 pc=00020ED2 fcw=D000 r0=4000 r1=0001 r2=0000 r3=213E r4=0000 r5=0AE6 r6=0000 r7=1376 r8=0000 r9=0AE6 r10=D058 r11=0AE6 r12=0000 r13=0164 r14=0000 r15=43DA
t=74.629856500 pc=00020EF6 fcw=D000 r0=4000 r1=0001 r2=0000 r3=213E r4=0000 r5=0AE6 r6=0000 r7=1376 r8=0000 r9=0AE6 r10=D058 r11=0AE6 r12=0000 r13=0164 r14=0000 r15=43DA
t=74.629859000 pc=00020EFA fcw=D000 r0=4000 r1=20CE r2=0000 r3=213E r4=0000 r5=0AE6 r6=0000 r7=1376 r8=0000 r9=0AE6 r10=D058 r11=0AE6 r12=0000 r13=0164 r14=0000 r15=43DA
t=74.629860000 pc=00020EFC fcw=D000 r0=4000 r1=20CE r2=0000 r3=213E r4=0000 r5=0AE6 r6=0000 r7=1376 r8=0000 r9=0AE6 r10=D058 r11=0AE6 r12=0000 r13=0164 r14=0000 r15=43DA
t=74.629861500 pc=00020EFE fcw=D000 r0=4000 r1=20CE r2=0000 r3=213E r4=0000 r5=0AE6 r6=0000 r7=1376 r8=0000 r9=0AE6 r10=D058 r11=0AE6 r12=0000 r13=0164 r14=0000 r15=43DA
t=74.629864500 pc=00020F02 fcw=D000 r0=4000 r1=20CE r2=0000 r3=213E r4=0000 r5=0AE6 r6=0000 r7=1376 r8=0000 r9=0AE6 r10=D058 r11=0AE6 r12=0000 r13=0164 r14=0000 r15=43DA
t=74.629866250 pc=00020F04 fcw=D000 r0=4000 r1=20CE r2=0000 r3=213E r4=0000 r5=0AE6 r6=0000 r7=1376 r8=0000 r9=0AE6 r10=D000 r11=0AE6 r12=0000 r13=0164 r14=0000 r15=43DA
t=74.629870000 pc=00020F08 fcw=D000 r0=4000 r1=20CE r2=0000 r3=213E r4=0000 r5=0AE6 r6=0000 r7=1376 r8=0000 r9=0AE6 r10=D000 r11=0AE6 r12=8200 r13=0F0E r14=0000 r15=43DA
t=74.629871750 pc=00020810 fcw=D000 r0=4000 r1=20CE r2=0000 r3=213E r4=0000 r5=0AE6 r6=0000 r7=1376 r8=0000 r9=0AE6 r10=D000 r11=0AE6 r12=8200 r13=0F0E r14=0000 r15=43DA
t=74.629875250 pc=00020814 fcw=D000 r0=4000 r1=20CE r2=0000 r3=213E r4=0000 r5=0AE6 r6=0000 r7=1376 r8=0000 r9=0AE6 r10=D000 r11=0AE6 r12=8200 r13=0F0E r14=0000 r15=43DA
t=74.629876750 pc=00020828 fcw=D000 r0=4000 r1=20CE r2=0000 r3=213E r4=0000 r5=0AE6 r6=0000 r7=1376 r8=0000 r9=0AE6 r10=D000 r11=0AE6 r12=8200 r13=0F0E r14=0000 r15=43DA
t=74.629879250 pc=0002082C fcw=D000 r0=FE42 r1=20CE r2=0000 r3=213E r4=0000 r5=0AE6 r6=0000 r7=1376 r8=0000 r9=0AE6 r10=D000 r11=0AE6 r12=8200 r13=0F0E r14=0000 r15=43DA
t=74.629880250 pc=0002082E fcw=D000 r0=FE42 r1=20CE r2=0000 r3=213E r4=0000 r5=0AE6 r6=0000 r7=1376 r8=0000 r9=0AE6 r10=D000 r11=0AE6 r12=8200 r13=0F0E r14=0000 r15=43DA
t=74.629881750 pc=0002083A fcw=D000 r0=FE42 r1=20CE r2=0000 r3=213E r4=0000 r5=0AE6 r6=0000 r7=1376 r8=0000 r9=0AE6 r10=D000 r11=0AE6 r12=8200 r13=0F0E r14=0000 r15=43DA
t=74.629883000 pc=0002083C fcw=D000 r0=FE42 r1=20CE r2=0000 r3=213E r4=0000 r5=213E r6=0000 r7=1376 r8=0000 r9=0AE6 r10=D000 r11=0AE6 r12=8200 r13=0F0E r14=0000 r15=43DA
t=74.629885000 pc=0002083E fcw=D000 r0=FE42 r1=20CE r2=0000 r3=213E r4=0000 r5=213E r6=0000 r7=1376 r8=0000 r9=0AE6 r10=D000 r11=0AE6 r12=8200 r13=0F0E r14=0000 r15=43DA
t=74.629885750 pc=00020840 fcw=D000 r0=FE42 r1=FE42 r2=0000 r3=213E r4=0000 r5=213E r6=0000 r7=1376 r8=0000 r9=0AE6 r10=D000 r11=0AE6 r12=8200 r13=0F0E r14=0000 r15=43DA
t=74.629887500 pc=00020844 fcw=D000 r0=0002 r1=FE42 r2=0000 r3=213E r4=0000 r5=213E r6=0000 r7=1376 r8=0000 r9=0AE6 r10=D000 r11=0AE6 r12=8200 r13=0F0E r14=0000 r15=43DA
t=74.629888500 pc=00020846 fcw=D000 r0=0004 r1=FE42 r2=0000 r3=213E r4=0000 r5=213E r6=0000 r7=1376 r8=0000 r9=0AE6 r10=D000 r11=0AE6 r12=8200 r13=0F0E r14=0000 r15=43DA
t=74.629889500 pc=00020848 fcw=D000 r0=0008 r1=FE42 r2=0000 r3=213E r4=0000 r5=213E r6=0000 r7=1376 r8=0000 r9=0AE6 r10=D000 r11=0AE6 r12=8200 r13=0F0E r14=0000 r15=43DA
t=74.629891750 pc=0002084C fcw=D000 r0=0008 r1=FE42 r2=0000 r3=12F8 r4=0000 r5=213E r6=0000 r7=1376 r8=0000 r9=0AE6 r10=D000 r11=0AE6 r12=8200 r13=0F0E r14=0000 r15=43DA
t=74.629892750 pc=0002084E fcw=D000 r0=0008 r1=FE42 r2=0000 r3=12FC r4=0000 r5=213E r6=0000 r7=1376 r8=0000 r9=0AE6 r10=D000 r11=0AE6 r12=8200 r13=0F0E r14=0000 r15=43DA
t=74.629893750 pc=00020850 fcw=D000 r0=0008 r1=FE42 r2=0000 r3=1304 r4=0000 r5=213E r6=0000 r7=1376 r8=0000 r9=0AE6 r10=D000 r11=0AE6 r12=8200 r13=0F0E r14=0000 r15=43DA
t=74.629894750 pc=00020852 fcw=D040 r0=0008 r1=FE42 r2=0000 r3=1304 r4=0000 r5=213E r6=0000 r7=1376 r8=0000 r9=0AE6 r10=D000 r11=0AE6 r12=8200 r13=0F0E r14=0000 r15=43DA
t=74.629896250 pc=00020854 fcw=D040 r0=0008 r1=FE42 r2=0000 r3=1304 r4=0000 r5=213E r6=0000 r7=1376 r8=0000 r9=0AE6 r10=D000 r11=0AE6 r12=8200 r13=0F0E r14=0000 r15=43DA
t=74.629897250 pc=00020856 fcw=D000 r0=0008 r1=FE42 r2=0000 r3=1304 r4=0000 r5=213E r6=0000 r7=1376 r8=0000 r9=0AE6 r10=D000 r11=0AE6 r12=8200 r13=0F0E r14=0000 r15=43DA
t=74.629898750 pc=00020858 fcw=D000 r0=0008 r1=FE42 r2=0000 r3=1304 r4=0000 r5=213E r6=0000 r7=1376 r8=0000 r9=0AE6 r10=D000 r11=0AE6 r12=8200 r13=0F0E r14=0000 r15=43DA
t=74.629900500 pc=0002085A fcw=C000 r0=0008 r1=FE42 r2=0000 r3=1304 r4=0000 r5=213E r6=0000 r7=1376 r8=0000 r9=0AE6 r10=D000 r11=0AE6 r12=8200 r13=0F0E r14=0000 r15=43DA
t=74.629902250 pc=0002085C fcw=C000 r0=0000 r1=FE42 r2=0000 r3=1304 r4=0000 r5=213E r6=0000 r7=1376 r8=0000 r9=0AE6 r10=D000 r11=0AE6 r12=8200 r13=0F0E r14=0000 r15=43DA
t=74.629904250 pc=0002085E fcw=C000 r0=0000 r1=FE42 r2=0000 r3=1304 r4=0000 r5=213E r6=0000 r7=1376 r8=0000 r9=0AE6 r10=D000 r11=0AE6 r12=8200 r13=0F0E r14=0000 r15=43DA
t=74.629906250 pc=00020860 fcw=C000 r0=0000 r1=FE42 r2=0000 r3=1304 r4=0000 r5=213E r6=0000 r7=1376 r8=0000 r9=0AE6 r10=D000 r11=0AE6 r12=8200 r13=0F0E r14=0000 r15=43DA
t=74.629909250 pc=00020864 fcw=C040 r0=0000 r1=FE42 r2=0000 r3=1304 r4=0000 r5=213E r6=0000 r7=1376 r8=0000 r9=0AE6 r10=D000 r11=0AE6 r12=8200 r13=0F0E r14=0000 r15=43DA
t=74.629910750 pc=00020866 fcw=C040 r0=0000 r1=FE42 r2=0000 r3=1304 r4=0000 r5=213E r6=0000 r7=1376 r8=0000 r9=0AE6 r10=D000 r11=0AE6 r12=8200 r13=0F0E r14=0000 r15=43DA
t=74.629913750 pc=0002086A fcw=C040 r0=0000 r1=FE42 r2=0000 r3=1304 r4=0000 r5=213E r6=0000 r7=1376 r8=0000 r9=0AE6 r10=D000 r11=0AE6 r12=8200 r13=0F0E r14=0000 r15=43DA
t=74.629915250 pc=0002087E fcw=C040 r0=0000 r1=FE42 r2=0000 r3=1304 r4=0000 r5=213E r6=0000 r7=1376 r8=0000 r9=0AE6 r10=D000 r11=0AE6 r12=8200 r13=0F0E r14=0000 r15=43DA
t=74.629917500 pc=00020882 fcw=C040 r0=0000 r1=FE42 r2=0000 r3=12F8 r4=0000 r5=213E r6=0000 r7=1376 r8=0000 r9=0AE6 r10=D000 r11=0AE6 r12=8200 r13=0F0E r14=0000 r15=43DA
t=74.629919500 pc=00020884 fcw=C040 r0=0000 r1=FE42 r2=0000 r3=12F8 r4=0000 r5=213E r6=0000 r7=1376 r8=0000 r9=0AE6 r10=D000 r11=0AE6 r12=8200 r13=0F0E r14=0000 r15=43DA
t=74.629922750 pc=00020888 fcw=C000 r0=0000 r1=FE42 r2=0000 r3=12F8 r4=0000 r5=213E r6=0000 r7=1376 r8=0000 r9=0AE6 r10=D000 r11=0AE6 r12=8200 r13=0F0E r14=0000 r15=43DA
t=74.629924500 pc=0002088A fcw=D000 r0=0000 r1=FE42 r2=0000 r3=12F8 r4=0000 r5=213E r6=0000 r7=1376 r8=0000 r9=0AE6 r10=D000 r11=0AE6 r12=8200 r13=0F0E r14=0000 r15=43DA
t=74.629925750 pc=0002088C fcw=D000 r0=0000 r1=FE42 r2=0000 r3=213E r4=0000 r5=213E r6=0000 r7=1376 r8=0000 r9=0AE6 r10=D000 r11=0AE6 r12=8200 r13=0F0E r14=0000 r15=43DA
t=74.629928250 pc=00020F0E fcw=D000 r0=0000 r1=FE42 r2=0000 r3=213E r4=0000 r5=213E r6=0000 r7=1376 r8=0000 r9=0AE6 r10=D000 r11=0AE6 r12=8200 r13=0F0E r14=0000 r15=43DA
t=74.629929500 pc=00020F10 fcw=D000 r0=0000 r1=FE42 r2=0000 r3=213E r4=0000 r5=0AE6 r6=0000 r7=1376 r8=0000 r9=0AE6 r10=D000 r11=0AE6 r12=8200 r13=0F0E r14=0000 r15=43DA
t=74.629932000 pc=00021122 fcw=D000 r0=0000 r1=FE42 r2=0000 r3=213E r4=0000 r5=0AE6 r6=0000 r7=1376 r8=0000 r9=0AE6 r10=D000 r11=0AE6 r12=8200 r13=0F0E r14=0000 r15=43DE
t=74.629934000 pc=00021124 fcw=D000 r0=0000 r1=FE42 r2=0000 r3=124C r4=0000 r5=0AE6 r6=0000 r7=1376 r8=0000 r9=0AE6 r10=D000 r11=0AE6 r12=8200 r13=0F0E r14=0000 r15=43E0
t=74.629935500 pc=000210E8 fcw=D000 r0=0000 r1=FE42 r2=0000 r3=124C r4=0000 r5=0AE6 r6=0000 r7=1376 r8=0000 r9=0AE6 r10=D000 r11=0AE6 r12=8200 r13=0F0E r14=0000 r15=43E0
t=74.629938000 pc=000210EC fcw=D000 r0=0000 r1=FE42 r2=0000 r3=124C r4=0000 r5=0AE6 r6=0000 r7=1282 r8=0000 r9=0AE6 r10=D000 r11=0AE6 r12=8200 r13=0F0E r14=0000 r15=43E0
t=74.629940500 pc=000210F0 fcw=D040 r0=0000 r1=FE42 r2=0000 r3=124C r4=0000 r5=0AE6 r6=0000 r7=1282 r8=0000 r9=0AE6 r10=D000 r11=0AE6 r12=8200 r13=0F0E r14=0000 r15=43E0
t=74.629942000 pc=00021000 fcw=D040 r0=0000 r1=FE42 r2=0000 r3=124C r4=0000 r5=0AE6 r6=0000 r7=1282 r8=0000 r9=0AE6 r10=D000 r11=0AE6 r12=8200 r13=0F0E r14=0000 r15=43E0
t=74.629945500 pc=00021006 fcw=D040 r0=0000 r1=FE42 r2=0000 r3=124C r4=0000 r5=0AE6 r6=0000 r7=1282 r8=0000 r9=0AE6 r10=D000 r11=0AE6 r12=8200 r13=0F0E r14=0000 r15=43E0
t=74.629947000 pc=0002101A fcw=D040 r0=0000 r1=FE42 r2=0000 r3=124C r4=0000 r5=0AE6 r6=0000 r7=1282 r8=0000 r9=0AE6 r10=D000 r11=0AE6 r12=8200 r13=0F0E r14=0000 r15=43E0
t=74.629948750 pc=0002101C fcw=D840 r0=0000 r1=FE42 r2=0000 r3=124C r4=0000 r5=0AE6 r6=0000 r7=1282 r8=0000 r9=0AE6 r10=D000 r11=0AE6 r12=8200 r13=0F0E r14=0000 r15=43E0
t=74.629950500 pc=0002101E fcw=D040 r0=0000 r1=FE42 r2=0000 r3=124C r4=0000 r5=0AE6 r6=0000 r7=1282 r8=0000 r9=0AE6 r10=D000 r11=0AE6 r12=8200 r13=0F0E r14=0000 r15=43E0
t=74.629954000 pc=00021026 fcw=D040 r0=010F r1=0008 r2=2000 r3=12F8 r4=3D00 r5=2FFC r6=0000 r7=0000 r8=7F06 r9=D848 r10=0000 r11=0AE6 r12=8383 r13=047C r14=0000 r15=43E0
t=74.629957250 pc=0002102C fcw=D040 r0=010F r1=0008 r2=2000 r3=12F8 r4=3D00 r5=2FFC r6=0000 r7=0000 r8=7F06 r9=D848 r10=0000 r11=0AE6 r12=8383 r13=047C r14=0000 r15=43E0
t=74.629960500 pc=00020920 fcw=D8E8 r0=010F r1=0008 r2=2000 r3=12F8 r4=3D00 r5=2FFC r6=0000 r7=0000 r8=7F06 r9=D848 r10=0000 r11=0AE6 r12=8383 r13=047C r14=0000 r15=43E8
t=74.629962000 pc=00020912 fcw=D8E8 r0=010F r1=0008 r2=2000 r3=12F8 r4=3D00 r5=2FFC r6=0000 r7=0000 r8=7F06 r9=D848 r10=0000 r11=0AE6 r12=8383 r13=047C r14=0000 r15=43E8
