t=85.196270500 pc=000206A8 fcw=D048 r0=0024 r1=0000 r2=0000 r3=0800 r4=0000 r5=0800 r6=0000 r7=1262 r8=002F r9=0002 r10=D860 r11=0AE6 r12=0402 r13=0000 r14=0000 r15=43E6
t=85.196273750 pc=000206AE fcw=D008 r0=0024 r1=0000 r2=0000 r3=0800 r4=0000 r5=0800 r6=0000 r7=1262 r8=002F r9=0002 r10=D860 r11=0AE6 r12=0402 r13=0000 r14=0000 r15=43E6
t=85.196277000 pc=000206B4 fcw=D008 r0=0024 r1=0000 r2=0000 r3=0800 r4=0000 r5=0800 r6=0000 r7=1262 r8=002F r9=0002 r10=D860 r11=0AE6 r12=0402 r13=0000 r14=0000 r15=43E6
t=85.196278500 pc=000206D0 fcw=D008 r0=0024 r1=0000 r2=0000 r3=0800 r4=0000 r5=0800 r6=0000 r7=1262 r8=002F r9=0002 r10=D860 r11=0AE6 r12=0402 r13=0000 r14=0000 r15=43E6
t=85.196281250 pc=000206D4 fcw=D058 r0=0024 r1=0000 r2=0000 r3=0800 r4=0000 r5=0800 r6=0000 r7=1262 r8=002F r9=0002 r10=D860 r11=0AE6 r12=0402 r13=0000 r14=0000 r15=43E6
t=85.196282750 pc=000206E0 fcw=D058 r0=0024 r1=0000 r2=0000 r3=0800 r4=0000 r5=0800 r6=0000 r7=1262 r8=002F r9=0002 r10=D860 r11=0AE6 r12=0402 r13=0000 r14=0000 r15=43E6
t=85.196284500 pc=000206E2 fcw=D058 r0=0024 r1=0000 r2=0000 r3=0800 r4=0000 r5=0800 r6=0000 r7=1262 r8=002F r9=0002 r10=D058 r11=0AE6 r12=0402 r13=0000 r14=0000 r15=43E6
t=85.196285500 pc=000206E4 fcw=D058 r0=0024 r1=0000 r2=0000 r3=0800 r4=0000 r5=0800 r6=0000 r7=1262 r8=0000 r9=0002 r10=D058 r11=0AE6 r12=0402 r13=0000 r14=0000 r15=43E6
t=85.196287250 pc=000206E8 fcw=D058 r0=0024 r1=0000 r2=0000 r3=0800 r4=0000 r5=0800 r6=0000 r7=1262 r8=0000 r9=0164 r10=D058 r11=0AE6 r12=0402 r13=0000 r14=0000 r15=43E6
t=85.196288500 pc=000206EA fcw=D058 r0=0024 r1=0000 r2=0000 r3=0800 r4=0000 r5=0800 r6=0000 r7=1262 r8=0000 r9=0164 r10=D058 r11=0AE6 r12=0000 r13=0164 r14=0000 r15=43E6
t=85.196289500 pc=000206EC fcw=D058 r0=0024 r1=0000 r2=0000 r3=0800 r4=0000 r5=0800 r6=0000 r7=1262 r8=0000 r9=0164 r10=D058 r11=0AE6 r12=0000 r13=0164 r14=0000 r15=43E6
t=85.196291250 pc=000206EE fcw=D058 r0=0024 r1=0000 r2=0000 r3=0000 r4=0000 r5=0800 r6=0000 r7=1262 r8=0000 r9=0164 r10=D058 r11=0AE6 r12=0000 r13=0164 r14=0000 r15=43E6
t=85.196293000 pc=000206F0 fcw=C058 r0=0024 r1=0000 r2=0000 r3=0000 r4=0000 r5=0800 r6=0000 r7=1262 r8=0000 r9=0164 r10=D058 r11=0AE6 r12=0000 r13=0164 r14=0000 r15=43E6
t=85.196294000 pc=000206F2 fcw=C058 r0=0024 r1=0000 r2=0000 r3=0000 r4=0000 r5=0800 r6=0000 r7=1262 r8=0000 r9=0164 r10=D058 r11=0AE6 r12=0000 r13=0164 r14=0000 r15=43E6
t=85.196295500 pc=00020728 fcw=C058 r0=0024 r1=0000 r2=0000 r3=0000 r4=0000 r5=0800 r6=0000 r7=1262 r8=0000 r9=0164 r10=D058 r11=0AE6 r12=0000 r13=0164 r14=0000 r15=43E6
t=85.196297250 pc=0002072A fcw=D058 r0=0024 r1=0000 r2=0000 r3=0000 r4=0000 r5=0800 r6=0000 r7=1262 r8=0000 r9=0164 r10=D058 r11=0AE6 r12=0000 r13=0164 r14=0000 r15=43E6
t=85.196299750 pc=00021122 fcw=D058 r0=0024 r1=0000 r2=0000 r3=0000 r4=0000 r5=0800 r6=0000 r7=1262 r8=0000 r9=0164 r10=D058 r11=0AE6 r12=0000 r13=0164 r14=0000 r15=43EA
t=85.196301750 pc=00021124 fcw=D058 r0=0024 r1=0000 r2=0000 r3=124C r4=0000 r5=0800 r6=0000 r7=1262 r8=0000 r9=0164 r10=D058 r11=0AE6 r12=0000 r13=0164 r14=0000 r15=43EC
t=85.196303250 pc=000210E8 fcw=D058 r0=0024 r1=0000 r2=0000 r3=124C r4=0000 r5=0800 r6=0000 r7=1262 r8=0000 r9=0164 r10=D058 r11=0AE6 r12=0000 r13=0164 r14=0000 r15=43EC
t=85.196305750 pc=000210EC fcw=D058 r0=0024 r1=0000 r2=0000 r3=124C r4=0000 r5=0800 r6=0000 r7=1262 r8=0000 r9=0164 r10=D058 r11=0AE6 r12=0000 r13=0164 r14=0000 r15=43EC
t=85.196308250 pc=000210F0 fcw=D048 r0=0024 r1=0000 r2=0000 r3=124C r4=0000 r5=0800 r6=0000 r7=1262 r8=0000 r9=0164 r10=D058 r11=0AE6 r12=0000 r13=0164 r14=0000 r15=43EC
t=85.196309750 pc=00021000 fcw=D048 r0=0024 r1=0000 r2=0000 r3=124C r4=0000 r5=0800 r6=0000 r7=1262 r8=0000 r9=0164 r10=D058 r11=0AE6 r12=0000 r13=0164 r14=0000 r15=43EC
t=85.196313250 pc=00021006 fcw=D048 r0=0024 r1=0000 r2=0000 r3=124C r4=0000 r5=0800 r6=0000 r7=1262 r8=0000 r9=0164 r10=D058 r11=0AE6 r12=0000 r13=0164 r14=0000 r15=43EC
t=85.196314750 pc=0002101A fcw=D048 r0=0024 r1=0000 r2=0000 r3=124C r4=0000 r5=0800 r6=0000 r7=1262 r8=0000 r9=0164 r10=D058 r11=0AE6 r12=0000 r13=0164 r14=0000 r15=43EC
t=85.196316500 pc=0002101C fcw=D848 r0=0024 r1=0000 r2=0000 r3=124C r4=0000 r5=0800 r6=0000 r7=1262 r8=0000 r9=0164 r10=D058 r11=0AE6 r12=0000 r13=0164 r14=0000 r15=43EC
t=85.196318250 pc=0002101E fcw=D048 r0=0024 r1=0000 r2=0000 r3=124C r4=0000 r5=0800 r6=0000 r7=1262 r8=0000 r9=0164 r10=D058 r11=0AE6 r12=0000 r13=0164 r14=0000 r15=43EC
t=85.196321750 pc=00021026 fcw=D048 r0=010F r1=0103 r2=0000 r3=12F8 r4=3D06 r5=2FA2 r6=0000 r7=0000 r8=002F r9=0002 r10=D860 r11=0AE6 r12=0402 r13=0000 r14=0000 r15=43EC
t=85.196325000 pc=0002102C fcw=D048 r0=010F r1=0103 r2=0000 r3=12F8 r4=3D06 r5=2FA2 r6=0000 r7=0000 r8=002F r9=0002 r10=D860 r11=0AE6 r12=0402 r13=0000 r14=0000 r15=43EC
t=85.196328250 pc=0002091C fcw=D860 r0=010F r1=0103 r2=0000 r3=12F8 r4=3D06 r5=2FA2 r6=0000 r7=0000 r8=002F r9=0002 r10=D860 r11=0AE6 r12=0402 r13=0000 r14=0000 r15=43F4
t=85.196329750 pc=0002091E fcw=D860 r0=0103 r1=010F r2=0000 r3=12F8 r4=3D06 r5=2FA2 r6=0000 r7=0000 r8=002F r9=0002 r10=D860 r11=0AE6 r12=0402 r13=0000 r14=0000 r15=43F4
t=85.196332500 pc=00020920 fcw=D860 r0=0103 r1=010F r2=0000 r3=12F8 r4=3D06 r5=2FA2 r6=0000 r7=0000 r8=002F r9=0002 r10=D860 r11=0AE6 r12=0402 r13=0000 r14=0000 r15=43F4
t=85.196334000 pc=00020912 fcw=D860 r0=0103 r1=010F r2=0000 r3=12F8 r4=3D06 r5=2FA2 r6=0000 r7=0000 r8=002F r9=0002 r10=D860 r11=0AE6 r12=0402 r13=0000 r14=0000 r15=43F4
t=85.196335750 pc=00020914 fcw=D860 r0=0103 r1=010F r2=0000 r3=12F8 r4=3D06 r5=2FA2 r6=0000 r7=0000 r8=002F r9=0002 r10=D860 r11=0AE6 r12=0402 r13=0000 r14=0000 r15=43F4
t=85.196337500 pc=00020916 fcw=D860 r0=0103 r1=010F r2=0000 r3=12F8 r4=3D06 r5=2FA2 r6=0000 r7=0000 r8=002F r9=0002 r10=D860 r11=0AE6 r12=0402 r13=0000 r14=0000 r15=43F4
t=85.196341000 pc=0002091A fcw=D860 r0=0103 r1=010F r2=0000 r3=12F8 r4=3D06 r5=2FA2 r6=0000 r7=0000 r8=002F r9=0002 r10=D860 r11=0AE6 r12=0402 r13=0000 r14=0000 r15=43F4
t=85.196343000 pc=0002091C fcw=D860 r0=0103 r1=010F r2=0000 r3=12F8 r4=3D06 r5=2FA2 r6=0000 r7=0000 r8=002F r9=0002 r10=D860 r11=0AE6 r12=0402 r13=0000 r14=0000 r15=43F4
t=85.196344500 pc=0002091E fcw=D860 r0=010F r1=0103 r2=0000 r3=12F8 r4=3D06 r5=2FA2 r6=0000 r7=0000 r8=002F r9=0002 r10=D860 r11=0AE6 r12=0402 r13=0000 r14=0000 r15=43F4
t=85.196347250 pc=00020920 fcw=D860 r0=010F r1=0103 r2=0000 r3=12F8 r4=3D06 r5=2FA2 r6=0000 r7=0000 r8=002F r9=0002 r10=D860 r11=0AE6 r12=0402 r13=0000 r14=0000 r15=43F4
t=85.196348750 pc=00020912 fcw=D860 r0=010F r1=0103 r2=0000 r3=12F8 r4=3D06 r5=2FA2 r6=0000 r7=0000 r8=002F r9=0002 r10=D860 r11=0AE6 r12=0402 r13=0000 r14=0000 r15=43F4
t=85.196350500 pc=00020914 fcw=D860 r0=010F r1=0103 r2=0000 r3=12F8 r4=3D06 r5=2FA2 r6=0000 r7=0000 r8=002F r9=0002 r10=D860 r11=0AE6 r12=0402 r13=0000 r14=0000 r15=43F4
t=85.196352250 pc=00020916 fcw=D860 r0=010F r1=0103 r2=0000 r3=12F8 r4=3D06 r5=2FA2 r6=0000 r7=0000 r8=002F r9=0002 r10=D860 r11=0AE6 r12=0402 r13=0000 r14=0000 r15=43F4
t=85.196355750 pc=0002091A fcw=D860 r0=010F r1=0103 r2=0000 r3=12F8 r4=3D06 r5=2FA2 r6=0000 r7=0000 r8=002F r9=0002 r10=D860 r11=0AE6 r12=0402 r13=0000 r14=0000 r15=43F4
t=85.196357750 pc=0002091C fcw=D860 r0=010F r1=0103 r2=0000 r3=12F8 r4=3D06 r5=2FA2 r6=0000 r7=0000 r8=002F r9=0002 r10=D860 r11=0AE6 r12=0402 r13=0000 r14=0000 r15=43F4
t=85.196359250 pc=0002091E fcw=D860 r0=0103 r1=010F r2=0000 r3=12F8 r4=3D06 r5=2FA2 r6=0000 r7=0000 r8=002F r9=0002 r10=D860 r11=0AE6 r12=0402 r13=0000 r14=0000 r15=43F4
t=85.196362000 pc=00020920 fcw=D860 r0=0103 r1=010F r2=0000 r3=12F8 r4=3D06 r5=2FA2 r6=0000 r7=0000 r8=002F r9=0002 r10=D860 r11=0AE6 r12=0402 r13=0000 r14=0000 r15=43F4
t=85.196363500 pc=00020912 fcw=D860 r0=0103 r1=010F r2=0000 r3=12F8 r4=3D06 r5=2FA2 r6=0000 r7=0000 r8=002F r9=0002 r10=D860 r11=0AE6 r12=0402 r13=0000 r14=0000 r15=43F4
t=85.196365250 pc=00020914 fcw=D860 r0=0103 r1=010F r2=0000 r3=12F8 r4=3D06 r5=2FA2 r6=0000 r7=0000 r8=002F r9=0002 r10=D860 r11=0AE6 r12=0402 r13=0000 r14=0000 r15=43F4
t=85.196367000 pc=00020916 fcw=D860 r0=0103 r1=010F r2=0000 r3=12F8 r4=3D06 r5=2FA2 r6=0000 r7=0000 r8=002F r9=0002 r10=D860 r11=0AE6 r12=0402 r13=0000 r14=0000 r15=43F4
t=85.196370500 pc=0002091A fcw=D860 r0=0103 r1=010F r2=0000 r3=12F8 r4=3D06 r5=2FA2 r6=0000 r7=0000 r8=002F r9=0002 r10=D860 r11=0AE6 r12=0402 r13=0000 r14=0000 r15=43F4
t=85.196372500 pc=0002091C fcw=D860 r0=0103 r1=010F r2=0000 r3=12F8 r4=3D06 r5=2FA2 r6=0000 r7=0000 r8=002F r9=0002 r10=D860 r11=0AE6 r12=0402 r13=0000 r14=0000 r15=43F4
t=85.196374000 pc=0002091E fcw=D860 r0=010F r1=0103 r2=0000 r3=12F8 r4=3D06 r5=2FA2 r6=0000 r7=0000 r8=002F r9=0002 r10=D860 r11=0AE6 r12=0402 r13=0000 r14=0000 r15=43F4
t=85.196376750 pc=00020920 fcw=D860 r0=010F r1=0103 r2=0000 r3=12F8 r4=3D06 r5=2FA2 r6=0000 r7=0000 r8=002F r9=0002 r10=D860 r11=0AE6 r12=0402 r13=0000 r14=0000 r15=43F4
t=85.196378250 pc=00020912 fcw=D860 r0=010F r1=0103 r2=0000 r3=12F8 r4=3D06 r5=2FA2 r6=0000 r7=0000 r8=002F r9=0002 r10=D860 r11=0AE6 r12=0402 r13=0000 r14=0000 r15=43F4
t=85.196380000 pc=00020914 fcw=D860 r0=010F r1=0103 r2=0000 r3=12F8 r4=3D06 r5=2FA2 r6=0000 r7=0000 r8=002F r9=0002 r10=D860 r11=0AE6 r12=0402 r13=0000 r14=0000 r15=43F4
t=85.196381750 pc=00020916 fcw=D860 r0=010F r1=0103 r2=0000 r3=12F8 r4=3D06 r5=2FA2 r6=0000 r7=0000 r8=002F r9=0002 r10=D860 r11=0AE6 r12=0402 r13=0000 r14=0000 r15=43F4
t=85.196385250 pc=0002091A fcw=D860 r0=010F r1=0103 r2=0000 r3=12F8 r4=3D06 r5=2FA2 r6=0000 r7=0000 r8=002F r9=0002 r10=D860 r11=0AE6 r12=0402 r13=0000 r14=0000 r15=43F4
t=85.196387250 pc=0002091C fcw=D860 r0=010F r1=0103 r2=0000 r3=12F8 r4=3D06 r5=2FA2 r6=0000 r7=0000 r8=002F r9=0002 r10=D860 r11=0AE6 r12=0402 r13=0000 r14=0000 r15=43F4
t=85.196388750 pc=0002091E fcw=D860 r0=0103 r1=010F r2=0000 r3=12F8 r4=3D06 r5=2FA2 r6=0000 r7=0000 r8=002F r9=0002 r10=D860 r11=0AE6 r12=0402 r13=0000 r14=0000 r15=43F4
t=85.196391500 pc=00020920 fcw=D860 r0=0103 r1=010F r2=0000 r3=12F8 r4=3D06 r5=2FA2 r6=0000 r7=0000 r8=002F r9=0002 r10=D860 r11=0AE6 r12=0402 r13=0000 r14=0000 r15=43F4
t=85.196393000 pc=00020912 fcw=D860 r0=0103 r1=010F r2=0000 r3=12F8 r4=3D06 r5=2FA2 r6=0000 r7=0000 r8=002F r9=0002 r10=D860 r11=0AE6 r12=0402 r13=0000 r14=0000 r15=43F4
t=85.196394750 pc=00020914 fcw=D860 r0=0103 r1=010F r2=0000 r3=12F8 r4=3D06 r5=2FA2 r6=0000 r7=0000 r8=002F r9=0002 r10=D860 r11=0AE6 r12=0402 r13=0000 r14=0000 r15=43F4
t=85.196396500 pc=00020916 fcw=D860 r0=0103 r1=010F r2=0000 r3=12F8 r4=3D06 r5=2FA2 r6=0000 r7=0000 r8=002F r9=0002 r10=D860 r11=0AE6 r12=0402 r13=0000 r14=0000 r15=43F4
t=85.196400000 pc=0002091A fcw=D860 r0=0103 r1=010F r2=0000 r3=12F8 r4=3D06 r5=2FA2 r6=0000 r7=0000 r8=002F r9=0002 r10=D860 r11=0AE6 r12=0402 r13=0000 r14=0000 r15=43F4
t=85.196402000 pc=0002091C fcw=D860 r0=0103 r1=010F r2=0000 r3=12F8 r4=3D06 r5=2FA2 r6=0000 r7=0000 r8=002F r9=0002 r10=D860 r11=0AE6 r12=0402 r13=0000 r14=0000 r15=43F4
t=85.196403500 pc=0002091E fcw=D860 r0=010F r1=0103 r2=0000 r3=12F8 r4=3D06 r5=2FA2 r6=0000 r7=0000 r8=002F r9=0002 r10=D860 r11=0AE6 r12=0402 r13=0000 r14=0000 r15=43F4
t=85.196406250 pc=00020920 fcw=D860 r0=010F r1=0103 r2=0000 r3=12F8 r4=3D06 r5=2FA2 r6=0000 r7=0000 r8=002F r9=0002 r10=D860 r11=0AE6 r12=0402 r13=0000 r14=0000 r15=43F4
t=85.196407750 pc=00020912 fcw=D860 r0=010F r1=0103 r2=0000 r3=12F8 r4=3D06 r5=2FA2 r6=0000 r7=0000 r8=002F r9=0002 r10=D860 r11=0AE6 r12=0402 r13=0000 r14=0000 r15=43F4
t=85.196409500 pc=00020914 fcw=D860 r0=010F r1=0103 r2=0000 r3=12F8 r4=3D06 r5=2FA2 r6=0000 r7=0000 r8=002F r9=0002 r10=D860 r11=0AE6 r12=0402 r13=0000 r14=0000 r15=43F4
t=85.196411250 pc=00020916 fcw=D860 r0=010F r1=0103 r2=0000 r3=12F8 r4=3D06 r5=2FA2 r6=0000 r7=0000 r8=002F r9=0002 r10=D860 r11=0AE6 r12=0402 r13=0000 r14=0000 r15=43F4
t=85.196414750 pc=0002091A fcw=D860 r0=010F r1=0103 r2=0000 r3=12F8 r4=3D06 r5=2FA2 r6=0000 r7=0000 r8=002F r9=0002 r10=D860 r11=0AE6 r12=0402 r13=0000 r14=0000 r15=43F4
t=85.196416750 pc=0002091C fcw=D860 r0=010F r1=0103 r2=0000 r3=12F8 r4=3D06 r5=2FA2 r6=0000 r7=0000 r8=002F r9=0002 r10=D860 r11=0AE6 r12=0402 r13=0000 r14=0000 r15=43F4
t=85.196418250 pc=0002091E fcw=D860 r0=0103 r1=010F r2=0000 r3=12F8 r4=3D06 r5=2FA2 r6=0000 r7=0000 r8=002F r9=0002 r10=D860 r11=0AE6 r12=0402 r13=0000 r14=0000 r15=43F4
t=85.196421000 pc=00020920 fcw=D860 r0=0103 r1=010F r2=0000 r3=12F8 r4=3D06 r5=2FA2 r6=0000 r7=0000 r8=002F r9=0002 r10=D860 r11=0AE6 r12=0402 r13=0000 r14=0000 r15=43F4
t=85.196422500 pc=00020912 fcw=D860 r0=0103 r1=010F r2=0000 r3=12F8 r4=3D06 r5=2FA2 r6=0000 r7=0000 r8=002F r9=0002 r10=D860 r11=0AE6 r12=0402 r13=0000 r14=0000 r15=43F4
t=85.196424250 pc=00020914 fcw=D860 r0=0103 r1=010F r2=0000 r3=12F8 r4=3D06 r5=2FA2 r6=0000 r7=0000 r8=002F r9=0002 r10=D860 r11=0AE6 r12=0402 r13=0000 r14=0000 r15=43F4
t=85.196426000 pc=00020916 fcw=D860 r0=0103 r1=010F r2=0000 r3=12F8 r4=3D06 r5=2FA2 r6=0000 r7=0000 r8=002F r9=0002 r10=D860 r11=0AE6 r12=0402 r13=0000 r14=0000 r15=43F4
t=85.196429500 pc=0002091A fcw=D860 r0=0103 r1=010F r2=0000 r3=12F8 r4=3D06 r5=2FA2 r6=0000 r7=0000 r8=002F r9=0002 r10=D860 r11=0AE6 r12=0402 r13=0000 r14=0000 r15=43F4
t=85.196431500 pc=0002091C fcw=D860 r0=0103 r1=010F r2=0000 r3=12F8 r4=3D06 r5=2FA2 r6=0000 r7=0000 r8=002F r9=0002 r10=D860 r11=0AE6 r12=0402 r13=0000 r14=0000 r15=43F4
t=85.196433000 pc=0002091E fcw=D860 r0=010F r1=0103 r2=0000 r3=12F8 r4=3D06 r5=2FA2 r6=0000 r7=0000 r8=002F r9=0002 r10=D860 r11=0AE6 r12=0402 r13=0000 r14=0000 r15=43F4
t=85.196435750 pc=00020920 fcw=D860 r0=010F r1=0103 r2=0000 r3=12F8 r4=3D06 r5=2FA2 r6=0000 r7=0000 r8=002F r9=0002 r10=D860 r11=0AE6 r12=0402 r13=0000 r14=0000 r15=43F4
t=85.196437250 pc=00020912 fcw=D860 r0=010F r1=0103 r2=0000 r3=12F8 r4=3D06 r5=2FA2 r6=0000 r7=0000 r8=002F r9=0002 r10=D860 r11=0AE6 r12=0402 r13=0000 r14=0000 r15=43F4
t=85.196439000 pc=00020914 fcw=D860 r0=010F r1=0103 r2=0000 r3=12F8 r4=3D06 r5=2FA2 r6=0000 r7=0000 r8=002F r9=0002 r10=D860 r11=0AE6 r12=0402 r13=0000 r14=0000 r15=43F4
t=85.196440750 pc=00020916 fcw=D860 r0=010F r1=0103 r2=0000 r3=12F8 r4=3D06 r5=2FA2 r6=0000 r7=0000 r8=002F r9=0002 r10=D860 r11=0AE6 r12=0402 r13=0000 r14=0000 r15=43F4
t=85.196444250 pc=0002091A fcw=D860 r0=010F r1=0103 r2=0000 r3=12F8 r4=3D06 r5=2FA2 r6=0000 r7=0000 r8=002F r9=0002 r10=D860 r11=0AE6 r12=0402 r13=0000 r14=0000 r15=43F4
t=85.196446250 pc=0002091C fcw=D860 r0=010F r1=0103 r2=0000 r3=12F8 r4=3D06 r5=2FA2 r6=0000 r7=0000 r8=002F r9=0002 r10=D860 r11=0AE6 r12=0402 r13=0000 r14=0000 r15=43F4
t=85.196447750 pc=0002091E fcw=D860 r0=0103 r1=010F r2=0000 r3=12F8 r4=3D06 r5=2FA2 r6=0000 r7=0000 r8=002F r9=0002 r10=D860 r11=0AE6 r12=0402 r13=0000 r14=0000 r15=43F4
t=85.196450500 pc=00020920 fcw=D860 r0=0103 r1=010F r2=0000 r3=12F8 r4=3D06 r5=2FA2 r6=0000 r7=0000 r8=002F r9=0002 r10=D860 r11=0AE6 r12=0402 r13=0000 r14=0000 r15=43F4
t=85.196452000 pc=00020912 fcw=D860 r0=0103 r1=010F r2=0000 r3=12F8 r4=3D06 r5=2FA2 r6=0000 r7=0000 r8=002F r9=0002 r10=D860 r11=0AE6 r12=0402 r13=0000 r14=0000 r15=43F4
t=85.196453750 pc=00020914 fcw=D860 r0=0103 r1=010F r2=0000 r3=12F8 r4=3D06 r5=2FA2 r6=0000 r7=0000 r8=002F r9=0002 r10=D860 r11=0AE6 r12=0402 r13=0000 r14=0000 r15=43F4
t=85.196455500 pc=00020916 fcw=D860 r0=0103 r1=010F r2=0000 r3=12F8 r4=3D06 r5=2FA2 r6=0000 r7=0000 r8=002F r9=0002 r10=D860 r11=0AE6 r12=0402 r13=0000 r14=0000 r15=43F4
t=85.196459000 pc=0002091A fcw=D860 r0=0103 r1=010F r2=0000 r3=12F8 r4=3D06 r5=2FA2 r6=0000 r7=0000 r8=002F r9=0002 r10=D860 r11=0AE6 r12=0402 r13=0000 r14=0000 r15=43F4
t=85.196461000 pc=0002091C fcw=D860 r0=0103 r1=010F r2=0000 r3=12F8 r4=3D06 r5=2FA2 r6=0000 r7=0000 r8=002F r9=0002 r10=D860 r11=0AE6 r12=0402 r13=0000 r14=0000 r15=43F4
t=85.196462500 pc=0002091E fcw=D860 r0=010F r1=0103 r2=0000 r3=12F8 r4=3D06 r5=2FA2 r6=0000 r7=0000 r8=002F r9=0002 r10=D860 r11=0AE6 r12=0402 r13=0000 r14=0000 r15=43F4
t=85.196465250 pc=00020920 fcw=D860 r0=010F r1=0103 r2=0000 r3=12F8 r4=3D06 r5=2FA2 r6=0000 r7=0000 r8=002F r9=0002 r10=D860 r11=0AE6 r12=0402 r13=0000 r14=0000 r15=43F4
t=85.196466750 pc=00020912 fcw=D860 r0=010F r1=0103 r2=0000 r3=12F8 r4=3D06 r5=2FA2 r6=0000 r7=0000 r8=002F r9=0002 r10=D860 r11=0AE6 r12=0402 r13=0000 r14=0000 r15=43F4
t=85.196468500 pc=00020914 fcw=D860 r0=010F r1=0103 r2=0000 r3=12F8 r4=3D06 r5=2FA2 r6=0000 r7=0000 r8=002F r9=0002 r10=D860 r11=0AE6 r12=0402 r13=0000 r14=0000 r15=43F4
t=85.196470250 pc=00020916 fcw=D860 r0=010F r1=0103 r2=0000 r3=12F8 r4=3D06 r5=2FA2 r6=0000 r7=0000 r8=002F r9=0002 r10=D860 r11=0AE6 r12=0402 r13=0000 r14=0000 r15=43F4
t=85.196473750 pc=0002091A fcw=D860 r0=010F r1=0103 r2=0000 r3=12F8 r4=3D06 r5=2FA2 r6=0000 r7=0000 r8=002F r9=0002 r10=D860 r11=0AE6 r12=0402 r13=0000 r14=0000 r15=43F4
t=85.196475750 pc=0002091C fcw=D860 r0=010F r1=0103 r2=0000 r3=12F8 r4=3D06 r5=2FA2 r6=0000 r7=0000 r8=002F r9=0002 r10=D860 r11=0AE6 r12=0402 r13=0000 r14=0000 r15=43F4
t=85.196477250 pc=0002091E fcw=D860 r0=0103 r1=010F r2=0000 r3=12F8 r4=3D06 r5=2FA2 r6=0000 r7=0000 r8=002F r9=0002 r10=D860 r11=0AE6 r12=0402 r13=0000 r14=0000 r15=43F4
t=85.196480000 pc=00020920 fcw=D860 r0=0103 r1=010F r2=0000 r3=12F8 r4=3D06 r5=2FA2 r6=0000 r7=0000 r8=002F r9=0002 r10=D860 r11=0AE6 r12=0402 r13=0000 r14=0000 r15=43F4
t=85.196481500 pc=00020912 fcw=D860 r0=0103 r1=010F r2=0000 r3=12F8 r4=3D06 r5=2FA2 r6=0000 r7=0000 r8=002F r9=0002 r10=D860 r11=0AE6 r12=0402 r13=0000 r14=0000 r15=43F4
t=85.196483250 pc=00020914 fcw=D860 r0=0103 r1=010F r2=0000 r3=12F8 r4=3D06 r5=2FA2 r6=0000 r7=0000 r8=002F r9=0002 r10=D860 r11=0AE6 r12=0402 r13=0000 r14=0000 r15=43F4
t=85.196485000 pc=00020916 fcw=D860 r0=0103 r1=010F r2=0000 r3=12F8 r4=3D06 r5=2FA2 r6=0000 r7=0000 r8=002F r9=0002 r10=D860 r11=0AE6 r12=0402 r13=0000 r14=0000 r15=43F4
t=85.196488500 pc=0002091A fcw=D860 r0=0103 r1=010F r2=0000 r3=12F8 r4=3D06 r5=2FA2 r6=0000 r7=0000 r8=002F r9=0002 r10=D860 r11=0AE6 r12=0402 r13=0000 r14=0000 r15=43F4
t=85.196490500 pc=0002091C fcw=D860 r0=0103 r1=010F r2=0000 r3=12F8 r4=3D06 r5=2FA2 r6=0000 r7=0000 r8=002F r9=0002 r10=D860 r11=0AE6 r12=0402 r13=0000 r14=0000 r15=43F4
t=85.196492000 pc=0002091E fcw=D860 r0=010F r1=0103 r2=0000 r3=12F8 r4=3D06 r5=2FA2 r6=0000 r7=0000 r8=002F r9=0002 r10=D860 r11=0AE6 r12=0402 r13=0000 r14=0000 r15=43F4
t=85.196494750 pc=00020920 fcw=D860 r0=010F r1=0103 r2=0000 r3=12F8 r4=3D06 r5=2FA2 r6=0000 r7=0000 r8=002F r9=0002 r10=D860 r11=0AE6 r12=0402 r13=0000 r14=0000 r15=43F4
t=85.196496250 pc=00020912 fcw=D860 r0=010F r1=0103 r2=0000 r3=12F8 r4=3D06 r5=2FA2 r6=0000 r7=0000 r8=002F r9=0002 r10=D860 r11=0AE6 r12=0402 r13=0000 r14=0000 r15=43F4
t=85.196498000 pc=00020914 fcw=D860 r0=010F r1=0103 r2=0000 r3=12F8 r4=3D06 r5=2FA2 r6=0000 r7=0000 r8=002F r9=0002 r10=D860 r11=0AE6 r12=0402 r13=0000 r14=0000 r15=43F4
t=85.196499750 pc=00020916 fcw=D860 r0=010F r1=0103 r2=0000 r3=12F8 r4=3D06 r5=2FA2 r6=0000 r7=0000 r8=002F r9=0002 r10=D860 r11=0AE6 r12=0402 r13=0000 r14=0000 r15=43F4
t=85.196503250 pc=0002091A fcw=D860 r0=010F r1=0103 r2=0000 r3=12F8 r4=3D06 r5=2FA2 r6=0000 r7=0000 r8=002F r9=0002 r10=D860 r11=0AE6 r12=0402 r13=0000 r14=0000 r15=43F4
t=85.196505250 pc=0002091C fcw=D860 r0=010F r1=0103 r2=0000 r3=12F8 r4=3D06 r5=2FA2 r6=0000 r7=0000 r8=002F r9=0002 r10=D860 r11=0AE6 r12=0402 r13=0000 r14=0000 r15=43F4
t=85.196506750 pc=0002091E fcw=D860 r0=0103 r1=010F r2=0000 r3=12F8 r4=3D06 r5=2FA2 r6=0000 r7=0000 r8=002F r9=0002 r10=D860 r11=0AE6 r12=0402 r13=0000 r14=0000 r15=43F4
t=85.196509500 pc=00020920 fcw=D860 r0=0103 r1=010F r2=0000 r3=12F8 r4=3D06 r5=2FA2 r6=0000 r7=0000 r8=002F r9=0002 r10=D860 r11=0AE6 r12=0402 r13=0000 r14=0000 r15=43F4
t=85.196511000 pc=00020912 fcw=D860 r0=0103 r1=010F r2=0000 r3=12F8 r4=3D06 r5=2FA2 r6=0000 r7=0000 r8=002F r9=0002 r10=D860 r11=0AE6 r12=0402 r13=0000 r14=0000 r15=43F4
t=85.196512750 pc=00020914 fcw=D860 r0=0103 r1=010F r2=0000 r3=12F8 r4=3D06 r5=2FA2 r6=0000 r7=0000 r8=002F r9=0002 r10=D860 r11=0AE6 r12=0402 r13=0000 r14=0000 r15=43F4
t=85.196514500 pc=00020916 fcw=D860 r0=0103 r1=010F r2=0000 r3=12F8 r4=3D06 r5=2FA2 r6=0000 r7=0000 r8=002F r9=0002 r10=D860 r11=0AE6 r12=0402 r13=0000 r14=0000 r15=43F4
t=85.196518000 pc=0002091A fcw=D860 r0=0103 r1=010F r2=0000 r3=12F8 r4=3D06 r5=2FA2 r6=0000 r7=0000 r8=002F r9=0002 r10=D860 r11=0AE6 r12=0402 r13=0000 r14=0000 r15=43F4
t=85.196520000 pc=0002091C fcw=D860 r0=0103 r1=010F r2=0000 r3=12F8 r4=3D06 r5=2FA2 r6=0000 r7=0000 r8=002F r9=0002 r10=D860 r11=0AE6 r12=0402 r13=0000 r14=0000 r15=43F4
t=85.196521500 pc=0002091E fcw=D860 r0=010F r1=0103 r2=0000 r3=12F8 r4=3D06 r5=2FA2 r6=0000 r7=0000 r8=002F r9=0002 r10=D860 r11=0AE6 r12=0402 r13=0000 r14=0000 r15=43F4
t=85.196524250 pc=00020920 fcw=D860 r0=010F r1=0103 r2=0000 r3=12F8 r4=3D06 r5=2FA2 r6=0000 r7=0000 r8=002F r9=0002 r10=D860 r11=0AE6 r12=0402 r13=0000 r14=0000 r15=43F4
t=85.196525750 pc=00020912 fcw=D860 r0=010F r1=0103 r2=0000 r3=12F8 r4=3D06 r5=2FA2 r6=0000 r7=0000 r8=002F r9=0002 r10=D860 r11=0AE6 r12=0402 r13=0000 r14=0000 r15=43F4
t=85.196527500 pc=00020914 fcw=D860 r0=010F r1=0103 r2=0000 r3=12F8 r4=3D06 r5=2FA2 r6=0000 r7=0000 r8=002F r9=0002 r10=D860 r11=0AE6 r12=0402 r13=0000 r14=0000 r15=43F4
t=85.196529250 pc=00020916 fcw=D860 r0=010F r1=0103 r2=0000 r3=12F8 r4=3D06 r5=2FA2 r6=0000 r7=0000 r8=002F r9=0002 r10=D860 r11=0AE6 r12=0402 r13=0000 r14=0000 r15=43F4
t=85.196532750 pc=0002091A fcw=D860 r0=010F r1=0103 r2=0000 r3=12F8 r4=3D06 r5=2FA2 r6=0000 r7=0000 r8=002F r9=0002 r10=D860 r11=0AE6 r12=0402 r13=0000 r14=0000 r15=43F4
t=85.196534750 pc=0002091C fcw=D860 r0=010F r1=0103 r2=0000 r3=12F8 r4=3D06 r5=2FA2 r6=0000 r7=0000 r8=002F r9=0002 r10=D860 r11=0AE6 r12=0402 r13=0000 r14=0000 r15=43F4
t=85.196536250 pc=0002091E fcw=D860 r0=0103 r1=010F r2=0000 r3=12F8 r4=3D06 r5=2FA2 r6=0000 r7=0000 r8=002F r9=0002 r10=D860 r11=0AE6 r12=0402 r13=0000 r14=0000 r15=43F4
t=85.196539000 pc=00020920 fcw=D860 r0=0103 r1=010F r2=0000 r3=12F8 r4=3D06 r5=2FA2 r6=0000 r7=0000 r8=002F r9=0002 r10=D860 r11=0AE6 r12=0402 r13=0000 r14=0000 r15=43F4
t=85.196540500 pc=00020912 fcw=D860 r0=0103 r1=010F r2=0000 r3=12F8 r4=3D06 r5=2FA2 r6=0000 r7=0000 r8=002F r9=0002 r10=D860 r11=0AE6 r12=0402 r13=0000 r14=0000 r15=43F4
t=85.196542250 pc=00020914 fcw=D860 r0=0103 r1=010F r2=0000 r3=12F8 r4=3D06 r5=2FA2 r6=0000 r7=0000 r8=002F r9=0002 r10=D860 r11=0AE6 r12=0402 r13=0000 r14=0000 r15=43F4
t=85.196544000 pc=00020916 fcw=D860 r0=0103 r1=010F r2=0000 r3=12F8 r4=3D06 r5=2FA2 r6=0000 r7=0000 r8=002F r9=0002 r10=D860 r11=0AE6 r12=0402 r13=0000 r14=0000 r15=43F4
t=85.196547500 pc=0002091A fcw=D860 r0=0103 r1=010F r2=0000 r3=12F8 r4=3D06 r5=2FA2 r6=0000 r7=0000 r8=002F r9=0002 r10=D860 r11=0AE6 r12=0402 r13=0000 r14=0000 r15=43F4
t=85.196549500 pc=0002091C fcw=D860 r0=0103 r1=010F r2=0000 r3=12F8 r4=3D06 r5=2FA2 r6=0000 r7=0000 r8=002F r9=0002 r10=D860 r11=0AE6 r12=0402 r13=0000 r14=0000 r15=43F4
t=85.196551000 pc=0002091E fcw=D860 r0=010F r1=0103 r2=0000 r3=12F8 r4=3D06 r5=2FA2 r6=0000 r7=0000 r8=002F r9=0002 r10=D860 r11=0AE6 r12=0402 r13=0000 r14=0000 r15=43F4
t=85.196553750 pc=00020920 fcw=D860 r0=010F r1=0103 r2=0000 r3=12F8 r4=3D06 r5=2FA2 r6=0000 r7=0000 r8=002F r9=0002 r10=D860 r11=0AE6 r12=0402 r13=0000 r14=0000 r15=43F4
t=85.196555250 pc=00020912 fcw=D860 r0=010F r1=0103 r2=0000 r3=12F8 r4=3D06 r5=2FA2 r6=0000 r7=0000 r8=002F r9=0002 r10=D860 r11=0AE6 r12=0402 r13=0000 r14=0000 r15=43F4
t=85.196557000 pc=00020914 fcw=D860 r0=010F r1=0103 r2=0000 r3=12F8 r4=3D06 r5=2FA2 r6=0000 r7=0000 r8=002F r9=0002 r10=D860 r11=0AE6 r12=0402 r13=0000 r14=0000 r15=43F4
t=85.196558750 pc=00020916 fcw=D860 r0=010F r1=0103 r2=0000 r3=12F8 r4=3D06 r5=2FA2 r6=0000 r7=0000 r8=002F r9=0002 r10=D860 r11=0AE6 r12=0402 r13=0000 r14=0000 r15=43F4
t=85.196562250 pc=0002091A fcw=D860 r0=010F r1=0103 r2=0000 r3=12F8 r4=3D06 r5=2FA2 r6=0000 r7=0000 r8=002F r9=0002 r10=D860 r11=0AE6 r12=0402 r13=0000 r14=0000 r15=43F4
t=85.196564250 pc=0002091C fcw=D860 r0=010F r1=0103 r2=0000 r3=12F8 r4=3D06 r5=2FA2 r6=0000 r7=0000 r8=002F r9=0002 r10=D860 r11=0AE6 r12=0402 r13=0000 r14=0000 r15=43F4
t=85.196565750 pc=0002091E fcw=D860 r0=0103 r1=010F r2=0000 r3=12F8 r4=3D06 r5=2FA2 r6=0000 r7=0000 r8=002F r9=0002 r10=D860 r11=0AE6 r12=0402 r13=0000 r14=0000 r15=43F4
t=85.196568500 pc=00020920 fcw=D860 r0=0103 r1=010F r2=0000 r3=12F8 r4=3D06 r5=2FA2 r6=0000 r7=0000 r8=002F r9=0002 r10=D860 r11=0AE6 r12=0402 r13=0000 r14=0000 r15=43F4
t=85.196570000 pc=00020912 fcw=D860 r0=0103 r1=010F r2=0000 r3=12F8 r4=3D06 r5=2FA2 r6=0000 r7=0000 r8=002F r9=0002 r10=D860 r11=0AE6 r12=0402 r13=0000 r14=0000 r15=43F4
t=85.196571750 pc=00020914 fcw=D860 r0=0103 r1=010F r2=0000 r3=12F8 r4=3D06 r5=2FA2 r6=0000 r7=0000 r8=002F r9=0002 r10=D860 r11=0AE6 r12=0402 r13=0000 r14=0000 r15=43F4
t=85.196573500 pc=00020916 fcw=D860 r0=0103 r1=010F r2=0000 r3=12F8 r4=3D06 r5=2FA2 r6=0000 r7=0000 r8=002F r9=0002 r10=D860 r11=0AE6 r12=0402 r13=0000 r14=0000 r15=43F4
t=85.196577000 pc=0002091A fcw=D860 r0=0103 r1=010F r2=0000 r3=12F8 r4=3D06 r5=2FA2 r6=0000 r7=0000 r8=002F r9=0002 r10=D860 r11=0AE6 r12=0402 r13=0000 r14=0000 r15=43F4
t=85.196579000 pc=0002091C fcw=D860 r0=0103 r1=010F r2=0000 r3=12F8 r4=3D06 r5=2FA2 r6=0000 r7=0000 r8=002F r9=0002 r10=D860 r11=0AE6 r12=0402 r13=0000 r14=0000 r15=43F4
t=85.196580500 pc=0002091E fcw=D860 r0=010F r1=0103 r2=0000 r3=12F8 r4=3D06 r5=2FA2 r6=0000 r7=0000 r8=002F r9=0002 r10=D860 r11=0AE6 r12=0402 r13=0000 r14=0000 r15=43F4
t=85.196583250 pc=00020920 fcw=D860 r0=010F r1=0103 r2=0000 r3=12F8 r4=3D06 r5=2FA2 r6=0000 r7=0000 r8=002F r9=0002 r10=D860 r11=0AE6 r12=0402 r13=0000 r14=0000 r15=43F4
t=85.196584750 pc=00020912 fcw=D860 r0=010F r1=0103 r2=0000 r3=12F8 r4=3D06 r5=2FA2 r6=0000 r7=0000 r8=002F r9=0002 r10=D860 r11=0AE6 r12=0402 r13=0000 r14=0000 r15=43F4
t=85.196586500 pc=00020914 fcw=D860 r0=010F r1=0103 r2=0000 r3=12F8 r4=3D06 r5=2FA2 r6=0000 r7=0000 r8=002F r9=0002 r10=D860 r11=0AE6 r12=0402 r13=0000 r14=0000 r15=43F4
t=85.196588250 pc=00020916 fcw=D860 r0=010F r1=0103 r2=0000 r3=12F8 r4=3D06 r5=2FA2 r6=0000 r7=0000 r8=002F r9=0002 r10=D860 r11=0AE6 r12=0402 r13=0000 r14=0000 r15=43F4
t=85.196591750 pc=0002091A fcw=D860 r0=010F r1=0103 r2=0000 r3=12F8 r4=3D06 r5=2FA2 r6=0000 r7=0000 r8=002F r9=0002 r10=D860 r11=0AE6 r12=0402 r13=0000 r14=0000 r15=43F4
t=85.196593750 pc=0002091C fcw=D860 r0=010F r1=0103 r2=0000 r3=12F8 r4=3D06 r5=2FA2 r6=0000 r7=0000 r8=002F r9=0002 r10=D860 r11=0AE6 r12=0402 r13=0000 r14=0000 r15=43F4
t=85.196595250 pc=0002091E fcw=D860 r0=0103 r1=010F r2=0000 r3=12F8 r4=3D06 r5=2FA2 r6=0000 r7=0000 r8=002F r9=0002 r10=D860 r11=0AE6 r12=0402 r13=0000 r14=0000 r15=43F4
t=85.196598000 pc=00020920 fcw=D860 r0=0103 r1=010F r2=0000 r3=12F8 r4=3D06 r5=2FA2 r6=0000 r7=0000 r8=002F r9=0002 r10=D860 r11=0AE6 r12=0402 r13=0000 r14=0000 r15=43F4
t=85.196599500 pc=00020912 fcw=D860 r0=0103 r1=010F r2=0000 r3=12F8 r4=3D06 r5=2FA2 r6=0000 r7=0000 r8=002F r9=0002 r10=D860 r11=0AE6 r12=0402 r13=0000 r14=0000 r15=43F4
t=85.196601250 pc=00020914 fcw=D860 r0=0103 r1=010F r2=0000 r3=12F8 r4=3D06 r5=2FA2 r6=0000 r7=0000 r8=002F r9=0002 r10=D860 r11=0AE6 r12=0402 r13=0000 r14=0000 r15=43F4
t=85.196603000 pc=00020916 fcw=D860 r0=0103 r1=010F r2=0000 r3=12F8 r4=3D06 r5=2FA2 r6=0000 r7=0000 r8=002F r9=0002 r10=D860 r11=0AE6 r12=0402 r13=0000 r14=0000 r15=43F4
t=85.196606500 pc=0002091A fcw=D860 r0=0103 r1=010F r2=0000 r3=12F8 r4=3D06 r5=2FA2 r6=0000 r7=0000 r8=002F r9=0002 r10=D860 r11=0AE6 r12=0402 r13=0000 r14=0000 r15=43F4
t=85.196608500 pc=0002091C fcw=D860 r0=0103 r1=010F r2=0000 r3=12F8 r4=3D06 r5=2FA2 r6=0000 r7=0000 r8=002F r9=0002 r10=D860 r11=0AE6 r12=0402 r13=0000 r14=0000 r15=43F4
t=85.196610000 pc=0002091E fcw=D860 r0=010F r1=0103 r2=0000 r3=12F8 r4=3D06 r5=2FA2 r6=0000 r7=0000 r8=002F r9=0002 r10=D860 r11=0AE6 r12=0402 r13=0000 r14=0000 r15=43F4
t=85.196612750 pc=00020920 fcw=D860 r0=010F r1=0103 r2=0000 r3=12F8 r4=3D06 r5=2FA2 r6=0000 r7=0000 r8=002F r9=0002 r10=D860 r11=0AE6 r12=0402 r13=0000 r14=0000 r15=43F4
t=85.196614250 pc=00020912 fcw=D860 r0=010F r1=0103 r2=0000 r3=12F8 r4=3D06 r5=2FA2 r6=0000 r7=0000 r8=002F r9=0002 r10=D860 r11=0AE6 r12=0402 r13=0000 r14=0000 r15=43F4
t=85.196616000 pc=00020914 fcw=D860 r0=010F r1=0103 r2=0000 r3=12F8 r4=3D06 r5=2FA2 r6=0000 r7=0000 r8=002F r9=0002 r10=D860 r11=0AE6 r12=0402 r13=0000 r14=0000 r15=43F4
t=85.196617750 pc=00020916 fcw=D860 r0=010F r1=0103 r2=0000 r3=12F8 r4=3D06 r5=2FA2 r6=0000 r7=0000 r8=002F r9=0002 r10=D860 r11=0AE6 r12=0402 r13=0000 r14=0000 r15=43F4
t=85.196621250 pc=0002091A fcw=D860 r0=010F r1=0103 r2=0000 r3=12F8 r4=3D06 r5=2FA2 r6=0000 r7=0000 r8=002F r9=0002 r10=D860 r11=0AE6 r12=0402 r13=0000 r14=0000 r15=43F4
t=85.196623250 pc=0002091C fcw=D860 r0=010F r1=0103 r2=0000 r3=12F8 r4=3D06 r5=2FA2 r6=0000 r7=0000 r8=002F r9=0002 r10=D860 r11=0AE6 r12=0402 r13=0000 r14=0000 r15=43F4
t=85.196624750 pc=0002091E fcw=D860 r0=0103 r1=010F r2=0000 r3=12F8 r4=3D06 r5=2FA2 r6=0000 r7=0000 r8=002F r9=0002 r10=D860 r11=0AE6 r12=0402 r13=0000 r14=0000 r15=43F4
t=85.196627500 pc=00020920 fcw=D860 r0=0103 r1=010F r2=0000 r3=12F8 r4=3D06 r5=2FA2 r6=0000 r7=0000 r8=002F r9=0002 r10=D860 r11=0AE6 r12=0402 r13=0000 r14=0000 r15=43F4
t=85.196629000 pc=00020912 fcw=D860 r0=0103 r1=010F r2=0000 r3=12F8 r4=3D06 r5=2FA2 r6=0000 r7=0000 r8=002F r9=0002 r10=D860 r11=0AE6 r12=0402 r13=0000 r14=0000 r15=43F4
t=85.196630750 pc=00020914 fcw=D860 r0=0103 r1=010F r2=0000 r3=12F8 r4=3D06 r5=2FA2 r6=0000 r7=0000 r8=002F r9=0002 r10=D860 r11=0AE6 r12=0402 r13=0000 r14=0000 r15=43F4
t=85.196632500 pc=00020916 fcw=D860 r0=0103 r1=010F r2=0000 r3=12F8 r4=3D06 r5=2FA2 r6=0000 r7=0000 r8=002F r9=0002 r10=D860 r11=0AE6 r12=0402 r13=0000 r14=0000 r15=43F4
t=85.196636000 pc=0002091A fcw=D860 r0=0103 r1=010F r2=0000 r3=12F8 r4=3D06 r5=2FA2 r6=0000 r7=0000 r8=002F r9=0002 r10=D860 r11=0AE6 r12=0402 r13=0000 r14=0000 r15=43F4
t=85.196638000 pc=0002091C fcw=D860 r0=0103 r1=010F r2=0000 r3=12F8 r4=3D06 r5=2FA2 r6=0000 r7=0000 r8=002F r9=0002 r10=D860 r11=0AE6 r12=0402 r13=0000 r14=0000 r15=43F4
t=85.196639500 pc=0002091E fcw=D860 r0=010F r1=0103 r2=0000 r3=12F8 r4=3D06 r5=2FA2 r6=0000 r7=0000 r8=002F r9=0002 r10=D860 r11=0AE6 r12=0402 r13=0000 r14=0000 r15=43F4
t=85.196642250 pc=00020920 fcw=D860 r0=010F r1=0103 r2=0000 r3=12F8 r4=3D06 r5=2FA2 r6=0000 r7=0000 r8=002F r9=0002 r10=D860 r11=0AE6 r12=0402 r13=0000 r14=0000 r15=43F4
t=85.196643750 pc=00020912 fcw=D860 r0=010F r1=0103 r2=0000 r3=12F8 r4=3D06 r5=2FA2 r6=0000 r7=0000 r8=002F r9=0002 r10=D860 r11=0AE6 r12=0402 r13=0000 r14=0000 r15=43F4
t=85.196645500 pc=00020914 fcw=D860 r0=010F r1=0103 r2=0000 r3=12F8 r4=3D06 r5=2FA2 r6=0000 r7=0000 r8=002F r9=0002 r10=D860 r11=0AE6 r12=0402 r13=0000 r14=0000 r15=43F4
t=85.196647250 pc=00020916 fcw=D860 r0=010F r1=0103 r2=0000 r3=12F8 r4=3D06 r5=2FA2 r6=0000 r7=0000 r8=002F r9=0002 r10=D860 r11=0AE6 r12=0402 r13=0000 r14=0000 r15=43F4
t=85.196650750 pc=0002091A fcw=D860 r0=010F r1=0103 r2=0000 r3=12F8 r4=3D06 r5=2FA2 r6=0000 r7=0000 r8=002F r9=0002 r10=D860 r11=0AE6 r12=0402 r13=0000 r14=0000 r15=43F4
t=85.196652750 pc=0002091C fcw=D860 r0=010F r1=0103 r2=0000 r3=12F8 r4=3D06 r5=2FA2 r6=0000 r7=0000 r8=002F r9=0002 r10=D860 r11=0AE6 r12=0402 r13=0000 r14=0000 r15=43F4
t=85.196654250 pc=0002091E fcw=D860 r0=0103 r1=010F r2=0000 r3=12F8 r4=3D06 r5=2FA2 r6=0000 r7=0000 r8=002F r9=0002 r10=D860 r11=0AE6 r12=0402 r13=0000 r14=0000 r15=43F4
t=85.196657000 pc=00020920 fcw=D860 r0=0103 r1=010F r2=0000 r3=12F8 r4=3D06 r5=2FA2 r6=0000 r7=0000 r8=002F r9=0002 r10=D860 r11=0AE6 r12=0402 r13=0000 r14=0000 r15=43F4
t=85.196658500 pc=00020912 fcw=D860 r0=0103 r1=010F r2=0000 r3=12F8 r4=3D06 r5=2FA2 r6=0000 r7=0000 r8=002F r9=0002 r10=D860 r11=0AE6 r12=0402 r13=0000 r14=0000 r15=43F4
t=85.196660250 pc=00020914 fcw=D860 r0=0103 r1=010F r2=0000 r3=12F8 r4=3D06 r5=2FA2 r6=0000 r7=0000 r8=002F r9=0002 r10=D860 r11=0AE6 r12=0402 r13=0000 r14=0000 r15=43F4
t=85.196662000 pc=00020916 fcw=D860 r0=0103 r1=010F r2=0000 r3=12F8 r4=3D06 r5=2FA2 r6=0000 r7=0000 r8=002F r9=0002 r10=D860 r11=0AE6 r12=0402 r13=0000 r14=0000 r15=43F4
t=85.196665500 pc=0002091A fcw=D860 r0=0103 r1=010F r2=0000 r3=12F8 r4=3D06 r5=2FA2 r6=0000 r7=0000 r8=002F r9=0002 r10=D860 r11=0AE6 r12=0402 r13=0000 r14=0000 r15=43F4
t=85.196667500 pc=0002091C fcw=D860 r0=0103 r1=010F r2=0000 r3=12F8 r4=3D06 r5=2FA2 r6=0000 r7=0000 r8=002F r9=0002 r10=D860 r11=0AE6 r12=0402 r13=0000 r14=0000 r15=43F4
t=85.196669000 pc=0002091E fcw=D860 r0=010F r1=0103 r2=0000 r3=12F8 r4=3D06 r5=2FA2 r6=0000 r7=0000 r8=002F r9=0002 r10=D860 r11=0AE6 r12=0402 r13=0000 r14=0000 r15=43F4
t=85.196671750 pc=00020920 fcw=D860 r0=010F r1=0103 r2=0000 r3=12F8 r4=3D06 r5=2FA2 r6=0000 r7=0000 r8=002F r9=0002 r10=D860 r11=0AE6 r12=0402 r13=0000 r14=0000 r15=43F4
t=85.196673250 pc=00020912 fcw=D860 r0=010F r1=0103 r2=0000 r3=12F8 r4=3D06 r5=2FA2 r6=0000 r7=0000 r8=002F r9=0002 r10=D860 r11=0AE6 r12=0402 r13=0000 r14=0000 r15=43F4
t=85.196675000 pc=00020914 fcw=D860 r0=010F r1=0103 r2=0000 r3=12F8 r4=3D06 r5=2FA2 r6=0000 r7=0000 r8=002F r9=0002 r10=D860 r11=0AE6 r12=0402 r13=0000 r14=0000 r15=43F4
t=85.196676750 pc=00020916 fcw=D860 r0=010F r1=0103 r2=0000 r3=12F8 r4=3D06 r5=2FA2 r6=0000 r7=0000 r8=002F r9=0002 r10=D860 r11=0AE6 r12=0402 r13=0000 r14=0000 r15=43F4
t=85.196680250 pc=0002091A fcw=D860 r0=010F r1=0103 r2=0000 r3=12F8 r4=3D06 r5=2FA2 r6=0000 r7=0000 r8=002F r9=0002 r10=D860 r11=0AE6 r12=0402 r13=0000 r14=0000 r15=43F4
t=85.196682250 pc=0002091C fcw=D860 r0=010F r1=0103 r2=0000 r3=12F8 r4=3D06 r5=2FA2 r6=0000 r7=0000 r8=002F r9=0002 r10=D860 r11=0AE6 r12=0402 r13=0000 r14=0000 r15=43F4
t=85.196683750 pc=0002091E fcw=D860 r0=0103 r1=010F r2=0000 r3=12F8 r4=3D06 r5=2FA2 r6=0000 r7=0000 r8=002F r9=0002 r10=D860 r11=0AE6 r12=0402 r13=0000 r14=0000 r15=43F4
t=85.196686500 pc=00020920 fcw=D860 r0=0103 r1=010F r2=0000 r3=12F8 r4=3D06 r5=2FA2 r6=0000 r7=0000 r8=002F r9=0002 r10=D860 r11=0AE6 r12=0402 r13=0000 r14=0000 r15=43F4
t=85.196688000 pc=00020912 fcw=D860 r0=0103 r1=010F r2=0000 r3=12F8 r4=3D06 r5=2FA2 r6=0000 r7=0000 r8=002F r9=0002 r10=D860 r11=0AE6 r12=0402 r13=0000 r14=0000 r15=43F4
t=85.196689750 pc=00020914 fcw=D860 r0=0103 r1=010F r2=0000 r3=12F8 r4=3D06 r5=2FA2 r6=0000 r7=0000 r8=002F r9=0002 r10=D860 r11=0AE6 r12=0402 r13=0000 r14=0000 r15=43F4
t=85.196691500 pc=00020916 fcw=D860 r0=0103 r1=010F r2=0000 r3=12F8 r4=3D06 r5=2FA2 r6=0000 r7=0000 r8=002F r9=0002 r10=D860 r11=0AE6 r12=0402 r13=0000 r14=0000 r15=43F4
t=85.196695000 pc=0002091A fcw=D860 r0=0103 r1=010F r2=0000 r3=12F8 r4=3D06 r5=2FA2 r6=0000 r7=0000 r8=002F r9=0002 r10=D860 r11=0AE6 r12=0402 r13=0000 r14=0000 r15=43F4
t=85.196697000 pc=0002091C fcw=D860 r0=0103 r1=010F r2=0000 r3=12F8 r4=3D06 r5=2FA2 r6=0000 r7=0000 r8=002F r9=0002 r10=D860 r11=0AE6 r12=0402 r13=0000 r14=0000 r15=43F4
t=85.196698500 pc=0002091E fcw=D860 r0=010F r1=0103 r2=0000 r3=12F8 r4=3D06 r5=2FA2 r6=0000 r7=0000 r8=002F r9=0002 r10=D860 r11=0AE6 r12=0402 r13=0000 r14=0000 r15=43F4
t=85.196701250 pc=00020920 fcw=D860 r0=010F r1=0103 r2=0000 r3=12F8 r4=3D06 r5=2FA2 r6=0000 r7=0000 r8=002F r9=0002 r10=D860 r11=0AE6 r12=0402 r13=0000 r14=0000 r15=43F4
t=85.196702750 pc=00020912 fcw=D860 r0=010F r1=0103 r2=0000 r3=12F8 r4=3D06 r5=2FA2 r6=0000 r7=0000 r8=002F r9=0002 r10=D860 r11=0AE6 r12=0402 r13=0000 r14=0000 r15=43F4
t=85.196704500 pc=00020914 fcw=D860 r0=010F r1=0103 r2=0000 r3=12F8 r4=3D06 r5=2FA2 r6=0000 r7=0000 r8=002F r9=0002 r10=D860 r11=0AE6 r12=0402 r13=0000 r14=0000 r15=43F4
t=85.196706250 pc=00020916 fcw=D860 r0=010F r1=0103 r2=0000 r3=12F8 r4=3D06 r5=2FA2 r6=0000 r7=0000 r8=002F r9=0002 r10=D860 r11=0AE6 r12=0402 r13=0000 r14=0000 r15=43F4
t=85.196709750 pc=0002091A fcw=D860 r0=010F r1=0103 r2=0000 r3=12F8 r4=3D06 r5=2FA2 r6=0000 r7=0000 r8=002F r9=0002 r10=D860 r11=0AE6 r12=0402 r13=0000 r14=0000 r15=43F4
t=85.196711750 pc=0002091C fcw=D860 r0=010F r1=0103 r2=0000 r3=12F8 r4=3D06 r5=2FA2 r6=0000 r7=0000 r8=002F r9=0002 r10=D860 r11=0AE6 r12=0402 r13=0000 r14=0000 r15=43F4
t=85.196713250 pc=0002091E fcw=D860 r0=0103 r1=010F r2=0000 r3=12F8 r4=3D06 r5=2FA2 r6=0000 r7=0000 r8=002F r9=0002 r10=D860 r11=0AE6 r12=0402 r13=0000 r14=0000 r15=43F4
t=85.196716000 pc=00020920 fcw=D860 r0=0103 r1=010F r2=0000 r3=12F8 r4=3D06 r5=2FA2 r6=0000 r7=0000 r8=002F r9=0002 r10=D860 r11=0AE6 r12=0402 r13=0000 r14=0000 r15=43F4
t=85.196717500 pc=00020912 fcw=D860 r0=0103 r1=010F r2=0000 r3=12F8 r4=3D06 r5=2FA2 r6=0000 r7=0000 r8=002F r9=0002 r10=D860 r11=0AE6 r12=0402 r13=0000 r14=0000 r15=43F4
t=85.196719250 pc=00020914 fcw=D860 r0=0103 r1=010F r2=0000 r3=12F8 r4=3D06 r5=2FA2 r6=0000 r7=0000 r8=002F r9=0002 r10=D860 r11=0AE6 r12=0402 r13=0000 r14=0000 r15=43F4
t=85.196721000 pc=00020916 fcw=D860 r0=0103 r1=010F r2=0000 r3=12F8 r4=3D06 r5=2FA2 r6=0000 r7=0000 r8=002F r9=0002 r10=D860 r11=0AE6 r12=0402 r13=0000 r14=0000 r15=43F4
t=85.196724500 pc=0002091A fcw=D860 r0=0103 r1=010F r2=0000 r3=12F8 r4=3D06 r5=2FA2 r6=0000 r7=0000 r8=002F r9=0002 r10=D860 r11=0AE6 r12=0402 r13=0000 r14=0000 r15=43F4
t=85.196726500 pc=0002091C fcw=D860 r0=0103 r1=010F r2=0000 r3=12F8 r4=3D06 r5=2FA2 r6=0000 r7=0000 r8=002F r9=0002 r10=D860 r11=0AE6 r12=0402 r13=0000 r14=0000 r15=43F4
t=85.196728000 pc=0002091E fcw=D860 r0=010F r1=0103 r2=0000 r3=12F8 r4=3D06 r5=2FA2 r6=0000 r7=0000 r8=002F r9=0002 r10=D860 r11=0AE6 r12=0402 r13=0000 r14=0000 r15=43F4
t=85.196730750 pc=00020920 fcw=D860 r0=010F r1=0103 r2=0000 r3=12F8 r4=3D06 r5=2FA2 r6=0000 r7=0000 r8=002F r9=0002 r10=D860 r11=0AE6 r12=0402 r13=0000 r14=0000 r15=43F4
t=85.196732250 pc=00020912 fcw=D860 r0=010F r1=0103 r2=0000 r3=12F8 r4=3D06 r5=2FA2 r6=0000 r7=0000 r8=002F r9=0002 r10=D860 r11=0AE6 r12=0402 r13=0000 r14=0000 r15=43F4
t=85.196734000 pc=00020914 fcw=D860 r0=010F r1=0103 r2=0000 r3=12F8 r4=3D06 r5=2FA2 r6=0000 r7=0000 r8=002F r9=0002 r10=D860 r11=0AE6 r12=0402 r13=0000 r14=0000 r15=43F4
t=85.196735750 pc=00020916 fcw=D860 r0=010F r1=0103 r2=0000 r3=12F8 r4=3D06 r5=2FA2 r6=0000 r7=0000 r8=002F r9=0002 r10=D860 r11=0AE6 r12=0402 r13=0000 r14=0000 r15=43F4
t=85.196739250 pc=0002091A fcw=D860 r0=010F r1=0103 r2=0000 r3=12F8 r4=3D06 r5=2FA2 r6=0000 r7=0000 r8=002F r9=0002 r10=D860 r11=0AE6 r12=0402 r13=0000 r14=0000 r15=43F4
t=85.196741250 pc=0002091C fcw=D860 r0=010F r1=0103 r2=0000 r3=12F8 r4=3D06 r5=2FA2 r6=0000 r7=0000 r8=002F r9=0002 r10=D860 r11=0AE6 r12=0402 r13=0000 r14=0000 r15=43F4
t=85.196742750 pc=0002091E fcw=D860 r0=0103 r1=010F r2=0000 r3=12F8 r4=3D06 r5=2FA2 r6=0000 r7=0000 r8=002F r9=0002 r10=D860 r11=0AE6 r12=0402 r13=0000 r14=0000 r15=43F4
t=85.196745500 pc=00020920 fcw=D860 r0=0103 r1=010F r2=0000 r3=12F8 r4=3D06 r5=2FA2 r6=0000 r7=0000 r8=002F r9=0002 r10=D860 r11=0AE6 r12=0402 r13=0000 r14=0000 r15=43F4
t=85.196747000 pc=00020912 fcw=D860 r0=0103 r1=010F r2=0000 r3=12F8 r4=3D06 r5=2FA2 r6=0000 r7=0000 r8=002F r9=0002 r10=D860 r11=0AE6 r12=0402 r13=0000 r14=0000 r15=43F4
t=85.196748750 pc=00020914 fcw=D860 r0=0103 r1=010F r2=0000 r3=12F8 r4=3D06 r5=2FA2 r6=0000 r7=0000 r8=002F r9=0002 r10=D860 r11=0AE6 r12=0402 r13=0000 r14=0000 r15=43F4
t=85.196750500 pc=00020916 fcw=D860 r0=0103 r1=010F r2=0000 r3=12F8 r4=3D06 r5=2FA2 r6=0000 r7=0000 r8=002F r9=0002 r10=D860 r11=0AE6 r12=0402 r13=0000 r14=0000 r15=43F4
t=85.196754000 pc=0002091A fcw=D860 r0=0103 r1=010F r2=0000 r3=12F8 r4=3D06 r5=2FA2 r6=0000 r7=0000 r8=002F r9=0002 r10=D860 r11=0AE6 r12=0402 r13=0000 r14=0000 r15=43F4
t=85.196756000 pc=0002091C fcw=D860 r0=0103 r1=010F r2=0000 r3=12F8 r4=3D06 r5=2FA2 r6=0000 r7=0000 r8=002F r9=0002 r10=D860 r11=0AE6 r12=0402 r13=0000 r14=0000 r15=43F4
t=85.196757500 pc=0002091E fcw=D860 r0=010F r1=0103 r2=0000 r3=12F8 r4=3D06 r5=2FA2 r6=0000 r7=0000 r8=002F r9=0002 r10=D860 r11=0AE6 r12=0402 r13=0000 r14=0000 r15=43F4
t=85.196760250 pc=00020920 fcw=D860 r0=010F r1=0103 r2=0000 r3=12F8 r4=3D06 r5=2FA2 r6=0000 r7=0000 r8=002F r9=0002 r10=D860 r11=0AE6 r12=0402 r13=0000 r14=0000 r15=43F4
t=85.196761750 pc=00020912 fcw=D860 r0=010F r1=0103 r2=0000 r3=12F8 r4=3D06 r5=2FA2 r6=0000 r7=0000 r8=002F r9=0002 r10=D860 r11=0AE6 r12=0402 r13=0000 r14=0000 r15=43F4
t=85.196763500 pc=00020914 fcw=D860 r0=010F r1=0103 r2=0000 r3=12F8 r4=3D06 r5=2FA2 r6=0000 r7=0000 r8=002F r9=0002 r10=D860 r11=0AE6 r12=0402 r13=0000 r14=0000 r15=43F4
t=85.196765250 pc=00020916 fcw=D860 r0=010F r1=0103 r2=0000 r3=12F8 r4=3D06 r5=2FA2 r6=0000 r7=0000 r8=002F r9=0002 r10=D860 r11=0AE6 r12=0402 r13=0000 r14=0000 r15=43F4
t=85.196768750 pc=0002091A fcw=D860 r0=010F r1=0103 r2=0000 r3=12F8 r4=3D06 r5=2FA2 r6=0000 r7=0000 r8=002F r9=0002 r10=D860 r11=0AE6 r12=0402 r13=0000 r14=0000 r15=43F4
t=85.196770750 pc=0002091C fcw=D860 r0=010F r1=0103 r2=0000 r3=12F8 r4=3D06 r5=2FA2 r6=0000 r7=0000 r8=002F r9=0002 r10=D860 r11=0AE6 r12=0402 r13=0000 r14=0000 r15=43F4
t=85.196772250 pc=0002091E fcw=D860 r0=0103 r1=010F r2=0000 r3=12F8 r4=3D06 r5=2FA2 r6=0000 r7=0000 r8=002F r9=0002 r10=D860 r11=0AE6 r12=0402 r13=0000 r14=0000 r15=43F4
t=85.196775000 pc=00020920 fcw=D860 r0=0103 r1=010F r2=0000 r3=12F8 r4=3D06 r5=2FA2 r6=0000 r7=0000 r8=002F r9=0002 r10=D860 r11=0AE6 r12=0402 r13=0000 r14=0000 r15=43F4
t=85.196776500 pc=00020912 fcw=D860 r0=0103 r1=010F r2=0000 r3=12F8 r4=3D06 r5=2FA2 r6=0000 r7=0000 r8=002F r9=0002 r10=D860 r11=0AE6 r12=0402 r13=0000 r14=0000 r15=43F4
t=85.196778250 pc=00020914 fcw=D860 r0=0103 r1=010F r2=0000 r3=12F8 r4=3D06 r5=2FA2 r6=0000 r7=0000 r8=002F r9=0002 r10=D860 r11=0AE6 r12=0402 r13=0000 r14=0000 r15=43F4
t=85.196780000 pc=00020916 fcw=D860 r0=0103 r1=010F r2=0000 r3=12F8 r4=3D06 r5=2FA2 r6=0000 r7=0000 r8=002F r9=0002 r10=D860 r11=0AE6 r12=0402 r13=0000 r14=0000 r15=43F4
t=85.196783500 pc=0002091A fcw=D860 r0=0103 r1=010F r2=0000 r3=12F8 r4=3D06 r5=2FA2 r6=0000 r7=0000 r8=002F r9=0002 r10=D860 r11=0AE6 r12=0402 r13=0000 r14=0000 r15=43F4
t=85.196785500 pc=0002091C fcw=D860 r0=0103 r1=010F r2=0000 r3=12F8 r4=3D06 r5=2FA2 r6=0000 r7=0000 r8=002F r9=0002 r10=D860 r11=0AE6 r12=0402 r13=0000 r14=0000 r15=43F4
t=85.196787000 pc=0002091E fcw=D860 r0=010F r1=0103 r2=0000 r3=12F8 r4=3D06 r5=2FA2 r6=0000 r7=0000 r8=002F r9=0002 r10=D860 r11=0AE6 r12=0402 r13=0000 r14=0000 r15=43F4
t=85.196789750 pc=00020920 fcw=D860 r0=010F r1=0103 r2=0000 r3=12F8 r4=3D06 r5=2FA2 r6=0000 r7=0000 r8=002F r9=0002 r10=D860 r11=0AE6 r12=0402 r13=0000 r14=0000 r15=43F4
t=85.196791250 pc=00020912 fcw=D860 r0=010F r1=0103 r2=0000 r3=12F8 r4=3D06 r5=2FA2 r6=0000 r7=0000 r8=002F r9=0002 r10=D860 r11=0AE6 r12=0402 r13=0000 r14=0000 r15=43F4
t=85.196793000 pc=00020914 fcw=D860 r0=010F r1=0103 r2=0000 r3=12F8 r4=3D06 r5=2FA2 r6=0000 r7=0000 r8=002F r9=0002 r10=D860 r11=0AE6 r12=0402 r13=0000 r14=0000 r15=43F4
t=85.196794750 pc=00020916 fcw=D860 r0=010F r1=0103 r2=0000 r3=12F8 r4=3D06 r5=2FA2 r6=0000 r7=0000 r8=002F r9=0002 r10=D860 r11=0AE6 r12=0402 r13=0000 r14=0000 r15=43F4
t=85.196798250 pc=0002091A fcw=D860 r0=010F r1=0103 r2=0000 r3=12F8 r4=3D06 r5=2FA2 r6=0000 r7=0000 r8=002F r9=0002 r10=D860 r11=0AE6 r12=0402 r13=0000 r14=0000 r15=43F4
t=85.196800250 pc=0002091C fcw=D860 r0=010F r1=0103 r2=0000 r3=12F8 r4=3D06 r5=2FA2 r6=0000 r7=0000 r8=002F r9=0002 r10=D860 r11=0AE6 r12=0402 r13=0000 r14=0000 r15=43F4
t=85.196801750 pc=0002091E fcw=D860 r0=0103 r1=010F r2=0000 r3=12F8 r4=3D06 r5=2FA2 r6=0000 r7=0000 r8=002F r9=0002 r10=D860 r11=0AE6 r12=0402 r13=0000 r14=0000 r15=43F4
t=85.196804500 pc=00020920 fcw=D860 r0=0103 r1=010F r2=0000 r3=12F8 r4=3D06 r5=2FA2 r6=0000 r7=0000 r8=002F r9=0002 r10=D860 r11=0AE6 r12=0402 r13=0000 r14=0000 r15=43F4
t=85.196806000 pc=00020912 fcw=D860 r0=0103 r1=010F r2=0000 r3=12F8 r4=3D06 r5=2FA2 r6=0000 r7=0000 r8=002F r9=0002 r10=D860 r11=0AE6 r12=0402 r13=0000 r14=0000 r15=43F4
t=85.196807750 pc=00020914 fcw=D860 r0=0103 r1=010F r2=0000 r3=12F8 r4=3D06 r5=2FA2 r6=0000 r7=0000 r8=002F r9=0002 r10=D860 r11=0AE6 r12=0402 r13=0000 r14=0000 r15=43F4
t=85.196809500 pc=00020916 fcw=D860 r0=0103 r1=010F r2=0000 r3=12F8 r4=3D06 r5=2FA2 r6=0000 r7=0000 r8=002F r9=0002 r10=D860 r11=0AE6 r12=0402 r13=0000 r14=0000 r15=43F4
t=85.196813000 pc=0002091A fcw=D860 r0=0103 r1=010F r2=0000 r3=12F8 r4=3D06 r5=2FA2 r6=0000 r7=0000 r8=002F r9=0002 r10=D860 r11=0AE6 r12=0402 r13=0000 r14=0000 r15=43F4
t=85.196815000 pc=0002091C fcw=D860 r0=0103 r1=010F r2=0000 r3=12F8 r4=3D06 r5=2FA2 r6=0000 r7=0000 r8=002F r9=0002 r10=D860 r11=0AE6 r12=0402 r13=0000 r14=0000 r15=43F4
t=85.196816500 pc=0002091E fcw=D860 r0=010F r1=0103 r2=0000 r3=12F8 r4=3D06 r5=2FA2 r6=0000 r7=0000 r8=002F r9=0002 r10=D860 r11=0AE6 r12=0402 r13=0000 r14=0000 r15=43F4
t=85.196819250 pc=00020920 fcw=D860 r0=010F r1=0103 r2=0000 r3=12F8 r4=3D06 r5=2FA2 r6=0000 r7=0000 r8=002F r9=0002 r10=D860 r11=0AE6 r12=0402 r13=0000 r14=0000 r15=43F4
t=85.196820750 pc=00020912 fcw=D860 r0=010F r1=0103 r2=0000 r3=12F8 r4=3D06 r5=2FA2 r6=0000 r7=0000 r8=002F r9=0002 r10=D860 r11=0AE6 r12=0402 r13=0000 r14=0000 r15=43F4
t=85.196822500 pc=00020914 fcw=D860 r0=010F r1=0103 r2=0000 r3=12F8 r4=3D06 r5=2FA2 r6=0000 r7=0000 r8=002F r9=0002 r10=D860 r11=0AE6 r12=0402 r13=0000 r14=0000 r15=43F4
t=85.196824250 pc=00020916 fcw=D860 r0=010F r1=0103 r2=0000 r3=12F8 r4=3D06 r5=2FA2 r6=0000 r7=0000 r8=002F r9=0002 r10=D860 r11=0AE6 r12=0402 r13=0000 r14=0000 r15=43F4
t=85.196827750 pc=0002091A fcw=D860 r0=010F r1=0103 r2=0000 r3=12F8 r4=3D06 r5=2FA2 r6=0000 r7=0000 r8=002F r9=0002 r10=D860 r11=0AE6 r12=0402 r13=0000 r14=0000 r15=43F4
t=85.196829750 pc=0002091C fcw=D860 r0=010F r1=0103 r2=0000 r3=12F8 r4=3D06 r5=2FA2 r6=0000 r7=0000 r8=002F r9=0002 r10=D860 r11=0AE6 r12=0402 r13=0000 r14=0000 r15=43F4
t=85.196831250 pc=0002091E fcw=D860 r0=0103 r1=010F r2=0000 r3=12F8 r4=3D06 r5=2FA2 r6=0000 r7=0000 r8=002F r9=0002 r10=D860 r11=0AE6 r12=0402 r13=0000 r14=0000 r15=43F4
t=85.196834000 pc=00020920 fcw=D860 r0=0103 r1=010F r2=0000 r3=12F8 r4=3D06 r5=2FA2 r6=0000 r7=0000 r8=002F r9=0002 r10=D860 r11=0AE6 r12=0402 r13=0000 r14=0000 r15=43F4
t=85.196835500 pc=00020912 fcw=D860 r0=0103 r1=010F r2=0000 r3=12F8 r4=3D06 r5=2FA2 r6=0000 r7=0000 r8=002F r9=0002 r10=D860 r11=0AE6 r12=0402 r13=0000 r14=0000 r15=43F4
t=85.196837250 pc=00020914 fcw=D860 r0=0103 r1=010F r2=0000 r3=12F8 r4=3D06 r5=2FA2 r6=0000 r7=0000 r8=002F r9=0002 r10=D860 r11=0AE6 r12=0402 r13=0000 r14=0000 r15=43F4
t=85.196839000 pc=00020916 fcw=D860 r0=0103 r1=010F r2=0000 r3=12F8 r4=3D06 r5=2FA2 r6=0000 r7=0000 r8=002F r9=0002 r10=D860 r11=0AE6 r12=0402 r13=0000 r14=0000 r15=43F4
t=85.196842500 pc=0002091A fcw=D860 r0=0103 r1=010F r2=0000 r3=12F8 r4=3D06 r5=2FA2 r6=0000 r7=0000 r8=002F r9=0002 r10=D860 r11=0AE6 r12=0402 r13=0000 r14=0000 r15=43F4
t=85.196844500 pc=0002091C fcw=D860 r0=0103 r1=010F r2=0000 r3=12F8 r4=3D06 r5=2FA2 r6=0000 r7=0000 r8=002F r9=0002 r10=D860 r11=0AE6 r12=0402 r13=0000 r14=0000 r15=43F4
t=85.196846000 pc=0002091E fcw=D860 r0=010F r1=0103 r2=0000 r3=12F8 r4=3D06 r5=2FA2 r6=0000 r7=0000 r8=002F r9=0002 r10=D860 r11=0AE6 r12=0402 r13=0000 r14=0000 r15=43F4
t=85.196848750 pc=00020920 fcw=D860 r0=010F r1=0103 r2=0000 r3=12F8 r4=3D06 r5=2FA2 r6=0000 r7=0000 r8=002F r9=0002 r10=D860 r11=0AE6 r12=0402 r13=0000 r14=0000 r15=43F4
t=85.196850250 pc=00020912 fcw=D860 r0=010F r1=0103 r2=0000 r3=12F8 r4=3D06 r5=2FA2 r6=0000 r7=0000 r8=002F r9=0002 r10=D860 r11=0AE6 r12=0402 r13=0000 r14=0000 r15=43F4
t=85.196852000 pc=00020914 fcw=D860 r0=010F r1=0103 r2=0000 r3=12F8 r4=3D06 r5=2FA2 r6=0000 r7=0000 r8=002F r9=0002 r10=D860 r11=0AE6 r12=0402 r13=0000 r14=0000 r15=43F4
t=85.196853750 pc=00020916 fcw=D860 r0=010F r1=0103 r2=0000 r3=12F8 r4=3D06 r5=2FA2 r6=0000 r7=0000 r8=002F r9=0002 r10=D860 r11=0AE6 r12=0402 r13=0000 r14=0000 r15=43F4
t=85.196857250 pc=0002091A fcw=D860 r0=010F r1=0103 r2=0000 r3=12F8 r4=3D06 r5=2FA2 r6=0000 r7=0000 r8=002F r9=0002 r10=D860 r11=0AE6 r12=0402 r13=0000 r14=0000 r15=43F4
t=85.196859250 pc=0002091C fcw=D860 r0=010F r1=0103 r2=0000 r3=12F8 r4=3D06 r5=2FA2 r6=0000 r7=0000 r8=002F r9=0002 r10=D860 r11=0AE6 r12=0402 r13=0000 r14=0000 r15=43F4
t=85.196860750 pc=0002091E fcw=D860 r0=0103 r1=010F r2=0000 r3=12F8 r4=3D06 r5=2FA2 r6=0000 r7=0000 r8=002F r9=0002 r10=D860 r11=0AE6 r12=0402 r13=0000 r14=0000 r15=43F4
t=85.196863500 pc=00020920 fcw=D860 r0=0103 r1=010F r2=0000 r3=12F8 r4=3D06 r5=2FA2 r6=0000 r7=0000 r8=002F r9=0002 r10=D860 r11=0AE6 r12=0402 r13=0000 r14=0000 r15=43F4
t=85.196865000 pc=00020912 fcw=D860 r0=0103 r1=010F r2=0000 r3=12F8 r4=3D06 r5=2FA2 r6=0000 r7=0000 r8=002F r9=0002 r10=D860 r11=0AE6 r12=0402 r13=0000 r14=0000 r15=43F4
t=85.196866750 pc=00020914 fcw=D860 r0=0103 r1=010F r2=0000 r3=12F8 r4=3D06 r5=2FA2 r6=0000 r7=0000 r8=002F r9=0002 r10=D860 r11=0AE6 r12=0402 r13=0000 r14=0000 r15=43F4
t=85.196868500 pc=00020916 fcw=D860 r0=0103 r1=010F r2=0000 r3=12F8 r4=3D06 r5=2FA2 r6=0000 r7=0000 r8=002F r9=0002 r10=D860 r11=0AE6 r12=0402 r13=0000 r14=0000 r15=43F4
t=85.196872000 pc=0002091A fcw=D860 r0=0103 r1=010F r2=0000 r3=12F8 r4=3D06 r5=2FA2 r6=0000 r7=0000 r8=002F r9=0002 r10=D860 r11=0AE6 r12=0402 r13=0000 r14=0000 r15=43F4
t=85.196874000 pc=0002091C fcw=D860 r0=0103 r1=010F r2=0000 r3=12F8 r4=3D06 r5=2FA2 r6=0000 r7=0000 r8=002F r9=0002 r10=D860 r11=0AE6 r12=0402 r13=0000 r14=0000 r15=43F4
t=85.196875500 pc=0002091E fcw=D860 r0=010F r1=0103 r2=0000 r3=12F8 r4=3D06 r5=2FA2 r6=0000 r7=0000 r8=002F r9=0002 r10=D860 r11=0AE6 r12=0402 r13=0000 r14=0000 r15=43F4
t=85.196878250 pc=00020920 fcw=D860 r0=010F r1=0103 r2=0000 r3=12F8 r4=3D06 r5=2FA2 r6=0000 r7=0000 r8=002F r9=0002 r10=D860 r11=0AE6 r12=0402 r13=0000 r14=0000 r15=43F4
t=85.196879750 pc=00020912 fcw=D860 r0=010F r1=0103 r2=0000 r3=12F8 r4=3D06 r5=2FA2 r6=0000 r7=0000 r8=002F r9=0002 r10=D860 r11=0AE6 r12=0402 r13=0000 r14=0000 r15=43F4
t=85.196881500 pc=00020914 fcw=D860 r0=010F r1=0103 r2=0000 r3=12F8 r4=3D06 r5=2FA2 r6=0000 r7=0000 r8=002F r9=0002 r10=D860 r11=0AE6 r12=0402 r13=0000 r14=0000 r15=43F4
t=85.196883250 pc=00020916 fcw=D860 r0=010F r1=0103 r2=0000 r3=12F8 r4=3D06 r5=2FA2 r6=0000 r7=0000 r8=002F r9=0002 r10=D860 r11=0AE6 r12=0402 r13=0000 r14=0000 r15=43F4
t=85.196886750 pc=0002091A fcw=D860 r0=010F r1=0103 r2=0000 r3=12F8 r4=3D06 r5=2FA2 r6=0000 r7=0000 r8=002F r9=0002 r10=D860 r11=0AE6 r12=0402 r13=0000 r14=0000 r15=43F4
t=85.196888750 pc=0002091C fcw=D860 r0=010F r1=0103 r2=0000 r3=12F8 r4=3D06 r5=2FA2 r6=0000 r7=0000 r8=002F r9=0002 r10=D860 r11=0AE6 r12=0402 r13=0000 r14=0000 r15=43F4
t=85.196890250 pc=0002091E fcw=D860 r0=0103 r1=010F r2=0000 r3=12F8 r4=3D06 r5=2FA2 r6=0000 r7=0000 r8=002F r9=0002 r10=D860 r11=0AE6 r12=0402 r13=0000 r14=0000 r15=43F4
t=85.196893000 pc=00020920 fcw=D860 r0=0103 r1=010F r2=0000 r3=12F8 r4=3D06 r5=2FA2 r6=0000 r7=0000 r8=002F r9=0002 r10=D860 r11=0AE6 r12=0402 r13=0000 r14=0000 r15=43F4
t=85.196894500 pc=00020912 fcw=D860 r0=0103 r1=010F r2=0000 r3=12F8 r4=3D06 r5=2FA2 r6=0000 r7=0000 r8=002F r9=0002 r10=D860 r11=0AE6 r12=0402 r13=0000 r14=0000 r15=43F4
t=85.196896250 pc=00020914 fcw=D860 r0=0103 r1=010F r2=0000 r3=12F8 r4=3D06 r5=2FA2 r6=0000 r7=0000 r8=002F r9=0002 r10=D860 r11=0AE6 r12=0402 r13=0000 r14=0000 r15=43F4
t=85.196898000 pc=00020916 fcw=D860 r0=0103 r1=010F r2=0000 r3=12F8 r4=3D06 r5=2FA2 r6=0000 r7=0000 r8=002F r9=0002 r10=D860 r11=0AE6 r12=0402 r13=0000 r14=0000 r15=43F4
t=85.196901500 pc=0002091A fcw=D860 r0=0103 r1=010F r2=0000 r3=12F8 r4=3D06 r5=2FA2 r6=0000 r7=0000 r8=002F r9=0002 r10=D860 r11=0AE6 r12=0402 r13=0000 r14=0000 r15=43F4
t=85.196903500 pc=0002091C fcw=D860 r0=0103 r1=010F r2=0000 r3=12F8 r4=3D06 r5=2FA2 r6=0000 r7=0000 r8=002F r9=0002 r10=D860 r11=0AE6 r12=0402 r13=0000 r14=0000 r15=43F4
t=85.196905000 pc=0002091E fcw=D860 r0=010F r1=0103 r2=0000 r3=12F8 r4=3D06 r5=2FA2 r6=0000 r7=0000 r8=002F r9=0002 r10=D860 r11=0AE6 r12=0402 r13=0000 r14=0000 r15=43F4
t=85.196907750 pc=00020920 fcw=D860 r0=010F r1=0103 r2=0000 r3=12F8 r4=3D06 r5=2FA2 r6=0000 r7=0000 r8=002F r9=0002 r10=D860 r11=0AE6 r12=0402 r13=0000 r14=0000 r15=43F4
t=85.196909250 pc=00020912 fcw=D860 r0=010F r1=0103 r2=0000 r3=12F8 r4=3D06 r5=2FA2 r6=0000 r7=0000 r8=002F r9=0002 r10=D860 r11=0AE6 r12=0402 r13=0000 r14=0000 r15=43F4
t=85.196911000 pc=00020914 fcw=D860 r0=010F r1=0103 r2=0000 r3=12F8 r4=3D06 r5=2FA2 r6=0000 r7=0000 r8=002F r9=0002 r10=D860 r11=0AE6 r12=0402 r13=0000 r14=0000 r15=43F4
t=85.196912750 pc=00020916 fcw=D860 r0=010F r1=0103 r2=0000 r3=12F8 r4=3D06 r5=2FA2 r6=0000 r7=0000 r8=002F r9=0002 r10=D860 r11=0AE6 r12=0402 r13=0000 r14=0000 r15=43F4
t=85.196916250 pc=0002091A fcw=D860 r0=010F r1=0103 r2=0000 r3=12F8 r4=3D06 r5=2FA2 r6=0000 r7=0000 r8=002F r9=0002 r10=D860 r11=0AE6 r12=0402 r13=0000 r14=0000 r15=43F4
t=85.196918250 pc=0002091C fcw=D860 r0=010F r1=0103 r2=0000 r3=12F8 r4=3D06 r5=2FA2 r6=0000 r7=0000 r8=002F r9=0002 r10=D860 r11=0AE6 r12=0402 r13=0000 r14=0000 r15=43F4
t=85.196919750 pc=0002091E fcw=D860 r0=0103 r1=010F r2=0000 r3=12F8 r4=3D06 r5=2FA2 r6=0000 r7=0000 r8=002F r9=0002 r10=D860 r11=0AE6 r12=0402 r13=0000 r14=0000 r15=43F4
t=85.196922500 pc=00020920 fcw=D860 r0=0103 r1=010F r2=0000 r3=12F8 r4=3D06 r5=2FA2 r6=0000 r7=0000 r8=002F r9=0002 r10=D860 r11=0AE6 r12=0402 r13=0000 r14=0000 r15=43F4
t=85.196924000 pc=00020912 fcw=D860 r0=0103 r1=010F r2=0000 r3=12F8 r4=3D06 r5=2FA2 r6=0000 r7=0000 r8=002F r9=0002 r10=D860 r11=0AE6 r12=0402 r13=0000 r14=0000 r15=43F4
t=85.196925750 pc=00020914 fcw=D860 r0=0103 r1=010F r2=0000 r3=12F8 r4=3D06 r5=2FA2 r6=0000 r7=0000 r8=002F r9=0002 r10=D860 r11=0AE6 r12=0402 r13=0000 r14=0000 r15=43F4
t=85.196927500 pc=00020916 fcw=D860 r0=0103 r1=010F r2=0000 r3=12F8 r4=3D06 r5=2FA2 r6=0000 r7=0000 r8=002F r9=0002 r10=D860 r11=0AE6 r12=0402 r13=0000 r14=0000 r15=43F4
t=85.196931000 pc=0002091A fcw=D860 r0=0103 r1=010F r2=0000 r3=12F8 r4=3D06 r5=2FA2 r6=0000 r7=0000 r8=002F r9=0002 r10=D860 r11=0AE6 r12=0402 r13=0000 r14=0000 r15=43F4
t=85.196933000 pc=0002091C fcw=D860 r0=0103 r1=010F r2=0000 r3=12F8 r4=3D06 r5=2FA2 r6=0000 r7=0000 r8=002F r9=0002 r10=D860 r11=0AE6 r12=0402 r13=0000 r14=0000 r15=43F4
t=85.196934500 pc=0002091E fcw=D860 r0=010F r1=0103 r2=0000 r3=12F8 r4=3D06 r5=2FA2 r6=0000 r7=0000 r8=002F r9=0002 r10=D860 r11=0AE6 r12=0402 r13=0000 r14=0000 r15=43F4
t=85.196937250 pc=00020920 fcw=D860 r0=010F r1=0103 r2=0000 r3=12F8 r4=3D06 r5=2FA2 r6=0000 r7=0000 r8=002F r9=0002 r10=D860 r11=0AE6 r12=0402 r13=0000 r14=0000 r15=43F4
t=85.196938750 pc=00020912 fcw=D860 r0=010F r1=0103 r2=0000 r3=12F8 r4=3D06 r5=2FA2 r6=0000 r7=0000 r8=002F r9=0002 r10=D860 r11=0AE6 r12=0402 r13=0000 r14=0000 r15=43F4
t=85.196940500 pc=00020914 fcw=D860 r0=010F r1=0103 r2=0000 r3=12F8 r4=3D06 r5=2FA2 r6=0000 r7=0000 r8=002F r9=0002 r10=D860 r11=0AE6 r12=0402 r13=0000 r14=0000 r15=43F4
t=85.196942250 pc=00020916 fcw=D860 r0=010F r1=0103 r2=0000 r3=12F8 r4=3D06 r5=2FA2 r6=0000 r7=0000 r8=002F r9=0002 r10=D860 r11=0AE6 r12=0402 r13=0000 r14=0000 r15=43F4
t=85.196945750 pc=0002091A fcw=D860 r0=010F r1=0103 r2=0000 r3=12F8 r4=3D06 r5=2FA2 r6=0000 r7=0000 r8=002F r9=0002 r10=D860 r11=0AE6 r12=0402 r13=0000 r14=0000 r15=43F4
t=85.196947750 pc=0002091C fcw=D860 r0=010F r1=0103 r2=0000 r3=12F8 r4=3D06 r5=2FA2 r6=0000 r7=0000 r8=002F r9=0002 r10=D860 r11=0AE6 r12=0402 r13=0000 r14=0000 r15=43F4
t=85.196949250 pc=0002091E fcw=D860 r0=0103 r1=010F r2=0000 r3=12F8 r4=3D06 r5=2FA2 r6=0000 r7=0000 r8=002F r9=0002 r10=D860 r11=0AE6 r12=0402 r13=0000 r14=0000 r15=43F4
t=85.196952000 pc=00020920 fcw=D860 r0=0103 r1=010F r2=0000 r3=12F8 r4=3D06 r5=2FA2 r6=0000 r7=0000 r8=002F r9=0002 r10=D860 r11=0AE6 r12=0402 r13=0000 r14=0000 r15=43F4
t=85.196953500 pc=00020912 fcw=D860 r0=0103 r1=010F r2=0000 r3=12F8 r4=3D06 r5=2FA2 r6=0000 r7=0000 r8=002F r9=0002 r10=D860 r11=0AE6 r12=0402 r13=0000 r14=0000 r15=43F4
t=85.196955250 pc=00020914 fcw=D860 r0=0103 r1=010F r2=0000 r3=12F8 r4=3D06 r5=2FA2 r6=0000 r7=0000 r8=002F r9=0002 r10=D860 r11=0AE6 r12=0402 r13=0000 r14=0000 r15=43F4
t=85.196957000 pc=00020916 fcw=D860 r0=0103 r1=010F r2=0000 r3=12F8 r4=3D06 r5=2FA2 r6=0000 r7=0000 r8=002F r9=0002 r10=D860 r11=0AE6 r12=0402 r13=0000 r14=0000 r15=43F4
t=85.196960500 pc=0002091A fcw=D860 r0=0103 r1=010F r2=0000 r3=12F8 r4=3D06 r5=2FA2 r6=0000 r7=0000 r8=002F r9=0002 r10=D860 r11=0AE6 r12=0402 r13=0000 r14=0000 r15=43F4
t=85.196962500 pc=0002091C fcw=D860 r0=0103 r1=010F r2=0000 r3=12F8 r4=3D06 r5=2FA2 r6=0000 r7=0000 r8=002F r9=0002 r10=D860 r11=0AE6 r12=0402 r13=0000 r14=0000 r15=43F4
t=85.196964000 pc=0002091E fcw=D860 r0=010F r1=0103 r2=0000 r3=12F8 r4=3D06 r5=2FA2 r6=0000 r7=0000 r8=002F r9=0002 r10=D860 r11=0AE6 r12=0402 r13=0000 r14=0000 r15=43F4
t=85.196966750 pc=00020920 fcw=D860 r0=010F r1=0103 r2=0000 r3=12F8 r4=3D06 r5=2FA2 r6=0000 r7=0000 r8=002F r9=0002 r10=D860 r11=0AE6 r12=0402 r13=0000 r14=0000 r15=43F4
t=85.196968250 pc=00020912 fcw=D860 r0=010F r1=0103 r2=0000 r3=12F8 r4=3D06 r5=2FA2 r6=0000 r7=0000 r8=002F r9=0002 r10=D860 r11=0AE6 r12=0402 r13=0000 r14=0000 r15=43F4
t=85.196970000 pc=00020914 fcw=D860 r0=010F r1=0103 r2=0000 r3=12F8 r4=3D06 r5=2FA2 r6=0000 r7=0000 r8=002F r9=0002 r10=D860 r11=0AE6 r12=0402 r13=0000 r14=0000 r15=43F4
t=85.196971750 pc=00020916 fcw=D860 r0=010F r1=0103 r2=0000 r3=12F8 r4=3D06 r5=2FA2 r6=0000 r7=0000 r8=002F r9=0002 r10=D860 r11=0AE6 r12=0402 r13=0000 r14=0000 r15=43F4
t=85.196975250 pc=0002091A fcw=D860 r0=010F r1=0103 r2=0000 r3=12F8 r4=3D06 r5=2FA2 r6=0000 r7=0000 r8=002F r9=0002 r10=D860 r11=0AE6 r12=0402 r13=0000 r14=0000 r15=43F4
t=85.196977250 pc=0002091C fcw=D860 r0=010F r1=0103 r2=0000 r3=12F8 r4=3D06 r5=2FA2 r6=0000 r7=0000 r8=002F r9=0002 r10=D860 r11=0AE6 r12=0402 r13=0000 r14=0000 r15=43F4
t=85.196978750 pc=0002091E fcw=D860 r0=0103 r1=010F r2=0000 r3=12F8 r4=3D06 r5=2FA2 r6=0000 r7=0000 r8=002F r9=0002 r10=D860 r11=0AE6 r12=0402 r13=0000 r14=0000 r15=43F4
t=85.196981500 pc=00020920 fcw=D860 r0=0103 r1=010F r2=0000 r3=12F8 r4=3D06 r5=2FA2 r6=0000 r7=0000 r8=002F r9=0002 r10=D860 r11=0AE6 r12=0402 r13=0000 r14=0000 r15=43F4
t=85.196983000 pc=00020912 fcw=D860 r0=0103 r1=010F r2=0000 r3=12F8 r4=3D06 r5=2FA2 r6=0000 r7=0000 r8=002F r9=0002 r10=D860 r11=0AE6 r12=0402 r13=0000 r14=0000 r15=43F4
t=85.196984750 pc=00020914 fcw=D860 r0=0103 r1=010F r2=0000 r3=12F8 r4=3D06 r5=2FA2 r6=0000 r7=0000 r8=002F r9=0002 r10=D860 r11=0AE6 r12=0402 r13=0000 r14=0000 r15=43F4
t=85.196986500 pc=00020916 fcw=D860 r0=0103 r1=010F r2=0000 r3=12F8 r4=3D06 r5=2FA2 r6=0000 r7=0000 r8=002F r9=0002 r10=D860 r11=0AE6 r12=0402 r13=0000 r14=0000 r15=43F4
t=85.196990000 pc=0002091A fcw=D860 r0=0103 r1=010F r2=0000 r3=12F8 r4=3D06 r5=2FA2 r6=0000 r7=0000 r8=002F r9=0002 r10=D860 r11=0AE6 r12=0402 r13=0000 r14=0000 r15=43F4
t=85.196992000 pc=0002091C fcw=D860 r0=0103 r1=010F r2=0000 r3=12F8 r4=3D06 r5=2FA2 r6=0000 r7=0000 r8=002F r9=0002 r10=D860 r11=0AE6 r12=0402 r13=0000 r14=0000 r15=43F4
t=85.196993500 pc=0002091E fcw=D860 r0=010F r1=0103 r2=0000 r3=12F8 r4=3D06 r5=2FA2 r6=0000 r7=0000 r8=002F r9=0002 r10=D860 r11=0AE6 r12=0402 r13=0000 r14=0000 r15=43F4
t=85.196996250 pc=00020920 fcw=D860 r0=010F r1=0103 r2=0000 r3=12F8 r4=3D06 r5=2FA2 r6=0000 r7=0000 r8=002F r9=0002 r10=D860 r11=0AE6 r12=0402 r13=0000 r14=0000 r15=43F4
t=85.196997750 pc=00020912 fcw=D860 r0=010F r1=0103 r2=0000 r3=12F8 r4=3D06 r5=2FA2 r6=0000 r7=0000 r8=002F r9=0002 r10=D860 r11=0AE6 r12=0402 r13=0000 r14=0000 r15=43F4
t=85.196999500 pc=00020914 fcw=D860 r0=010F r1=0103 r2=0000 r3=12F8 r4=3D06 r5=2FA2 r6=0000 r7=0000 r8=002F r9=0002 r10=D860 r11=0AE6 r12=0402 r13=0000 r14=0000 r15=43F4
t=85.197001250 pc=00020916 fcw=D860 r0=010F r1=0103 r2=0000 r3=12F8 r4=3D06 r5=2FA2 r6=0000 r7=0000 r8=002F r9=0002 r10=D860 r11=0AE6 r12=0402 r13=0000 r14=0000 r15=43F4
t=85.197004750 pc=0002091A fcw=D860 r0=010F r1=0103 r2=0000 r3=12F8 r4=3D06 r5=2FA2 r6=0000 r7=0000 r8=002F r9=0002 r10=D860 r11=0AE6 r12=0402 r13=0000 r14=0000 r15=43F4
t=85.197006750 pc=0002091C fcw=D860 r0=010F r1=0103 r2=0000 r3=12F8 r4=3D06 r5=2FA2 r6=0000 r7=0000 r8=002F r9=0002 r10=D860 r11=0AE6 r12=0402 r13=0000 r14=0000 r15=43F4
t=85.197008250 pc=0002091E fcw=D860 r0=0103 r1=010F r2=0000 r3=12F8 r4=3D06 r5=2FA2 r6=0000 r7=0000 r8=002F r9=0002 r10=D860 r11=0AE6 r12=0402 r13=0000 r14=0000 r15=43F4
t=85.197011000 pc=00020920 fcw=D860 r0=0103 r1=010F r2=0000 r3=12F8 r4=3D06 r5=2FA2 r6=0000 r7=0000 r8=002F r9=0002 r10=D860 r11=0AE6 r12=0402 r13=0000 r14=0000 r15=43F4
t=85.197012500 pc=00020912 fcw=D860 r0=0103 r1=010F r2=0000 r3=12F8 r4=3D06 r5=2FA2 r6=0000 r7=0000 r8=002F r9=0002 r10=D860 r11=0AE6 r12=0402 r13=0000 r14=0000 r15=43F4
t=85.197014250 pc=00020914 fcw=D860 r0=0103 r1=010F r2=0000 r3=12F8 r4=3D06 r5=2FA2 r6=0000 r7=0000 r8=002F r9=0002 r10=D860 r11=0AE6 r12=0402 r13=0000 r14=0000 r15=43F4
t=85.197016000 pc=00020916 fcw=D860 r0=0103 r1=010F r2=0000 r3=12F8 r4=3D06 r5=2FA2 r6=0000 r7=0000 r8=002F r9=0002 r10=D860 r11=0AE6 r12=0402 r13=0000 r14=0000 r15=43F4
t=85.197019500 pc=0002091A fcw=D860 r0=0103 r1=010F r2=0000 r3=12F8 r4=3D06 r5=2FA2 r6=0000 r7=0000 r8=002F r9=0002 r10=D860 r11=0AE6 r12=0402 r13=0000 r14=0000 r15=43F4
t=85.197021500 pc=0002091C fcw=D860 r0=0103 r1=010F r2=0000 r3=12F8 r4=3D06 r5=2FA2 r6=0000 r7=0000 r8=002F r9=0002 r10=D860 r11=0AE6 r12=0402 r13=0000 r14=0000 r15=43F4
t=85.197023000 pc=0002091E fcw=D860 r0=010F r1=0103 r2=0000 r3=12F8 r4=3D06 r5=2FA2 r6=0000 r7=0000 r8=002F r9=0002 r10=D860 r11=0AE6 r12=0402 r13=0000 r14=0000 r15=43F4
t=85.197025750 pc=00020920 fcw=D860 r0=010F r1=0103 r2=0000 r3=12F8 r4=3D06 r5=2FA2 r6=0000 r7=0000 r8=002F r9=0002 r10=D860 r11=0AE6 r12=0402 r13=0000 r14=0000 r15=43F4
t=85.197027250 pc=00020912 fcw=D860 r0=010F r1=0103 r2=0000 r3=12F8 r4=3D06 r5=2FA2 r6=0000 r7=0000 r8=002F r9=0002 r10=D860 r11=0AE6 r12=0402 r13=0000 r14=0000 r15=43F4
t=85.197029000 pc=00020914 fcw=D860 r0=010F r1=0103 r2=0000 r3=12F8 r4=3D06 r5=2FA2 r6=0000 r7=0000 r8=002F r9=0002 r10=D860 r11=0AE6 r12=0402 r13=0000 r14=0000 r15=43F4
t=85.197030750 pc=00020916 fcw=D860 r0=010F r1=0103 r2=0000 r3=12F8 r4=3D06 r5=2FA2 r6=0000 r7=0000 r8=002F r9=0002 r10=D860 r11=0AE6 r12=0402 r13=0000 r14=0000 r15=43F4
t=85.197034250 pc=0002091A fcw=D860 r0=010F r1=0103 r2=0000 r3=12F8 r4=3D06 r5=2FA2 r6=0000 r7=0000 r8=002F r9=0002 r10=D860 r11=0AE6 r12=0402 r13=0000 r14=0000 r15=43F4
t=85.197036250 pc=0002091C fcw=D860 r0=010F r1=0103 r2=0000 r3=12F8 r4=3D06 r5=2FA2 r6=0000 r7=0000 r8=002F r9=0002 r10=D860 r11=0AE6 r12=0402 r13=0000 r14=0000 r15=43F4
t=85.197037750 pc=0002091E fcw=D860 r0=0103 r1=010F r2=0000 r3=12F8 r4=3D06 r5=2FA2 r6=0000 r7=0000 r8=002F r9=0002 r10=D860 r11=0AE6 r12=0402 r13=0000 r14=0000 r15=43F4
t=85.197040500 pc=00020920 fcw=D860 r0=0103 r1=010F r2=0000 r3=12F8 r4=3D06 r5=2FA2 r6=0000 r7=0000 r8=002F r9=0002 r10=D860 r11=0AE6 r12=0402 r13=0000 r14=0000 r15=43F4
t=85.197042000 pc=00020912 fcw=D860 r0=0103 r1=010F r2=0000 r3=12F8 r4=3D06 r5=2FA2 r6=0000 r7=0000 r8=002F r9=0002 r10=D860 r11=0AE6 r12=0402 r13=0000 r14=0000 r15=43F4
t=85.197043750 pc=00020914 fcw=D860 r0=0103 r1=010F r2=0000 r3=12F8 r4=3D06 r5=2FA2 r6=0000 r7=0000 r8=002F r9=0002 r10=D860 r11=0AE6 r12=0402 r13=0000 r14=0000 r15=43F4
t=85.197045500 pc=00020916 fcw=D860 r0=0103 r1=010F r2=0000 r3=12F8 r4=3D06 r5=2FA2 r6=0000 r7=0000 r8=002F r9=0002 r10=D860 r11=0AE6 r12=0402 r13=0000 r14=0000 r15=43F4
t=85.197049000 pc=0002091A fcw=D860 r0=0103 r1=010F r2=0000 r3=12F8 r4=3D06 r5=2FA2 r6=0000 r7=0000 r8=002F r9=0002 r10=D860 r11=0AE6 r12=0402 r13=0000 r14=0000 r15=43F4
t=85.197051000 pc=0002091C fcw=D860 r0=0103 r1=010F r2=0000 r3=12F8 r4=3D06 r5=2FA2 r6=0000 r7=0000 r8=002F r9=0002 r10=D860 r11=0AE6 r12=0402 r13=0000 r14=0000 r15=43F4
t=85.197052500 pc=0002091E fcw=D860 r0=010F r1=0103 r2=0000 r3=12F8 r4=3D06 r5=2FA2 r6=0000 r7=0000 r8=002F r9=0002 r10=D860 r11=0AE6 r12=0402 r13=0000 r14=0000 r15=43F4
t=85.197055250 pc=00020920 fcw=D860 r0=010F r1=0103 r2=0000 r3=12F8 r4=3D06 r5=2FA2 r6=0000 r7=0000 r8=002F r9=0002 r10=D860 r11=0AE6 r12=0402 r13=0000 r14=0000 r15=43F4
t=85.197056750 pc=00020912 fcw=D860 r0=010F r1=0103 r2=0000 r3=12F8 r4=3D06 r5=2FA2 r6=0000 r7=0000 r8=002F r9=0002 r10=D860 r11=0AE6 r12=0402 r13=0000 r14=0000 r15=43F4
t=85.197058500 pc=00020914 fcw=D860 r0=010F r1=0103 r2=0000 r3=12F8 r4=3D06 r5=2FA2 r6=0000 r7=0000 r8=002F r9=0002 r10=D860 r11=0AE6 r12=0402 r13=0000 r14=0000 r15=43F4
t=85.197060250 pc=00020916 fcw=D860 r0=010F r1=0103 r2=0000 r3=12F8 r4=3D06 r5=2FA2 r6=0000 r7=0000 r8=002F r9=0002 r10=D860 r11=0AE6 r12=0402 r13=0000 r14=0000 r15=43F4
t=85.197063750 pc=0002091A fcw=D860 r0=010F r1=0103 r2=0000 r3=12F8 r4=3D06 r5=2FA2 r6=0000 r7=0000 r8=002F r9=0002 r10=D860 r11=0AE6 r12=0402 r13=0000 r14=0000 r15=43F4
t=85.197065750 pc=0002091C fcw=D860 r0=010F r1=0103 r2=0000 r3=12F8 r4=3D06 r5=2FA2 r6=0000 r7=0000 r8=002F r9=0002 r10=D860 r11=0AE6 r12=0402 r13=0000 r14=0000 r15=43F4
t=85.197067250 pc=0002091E fcw=D860 r0=0103 r1=010F r2=0000 r3=12F8 r4=3D06 r5=2FA2 r6=0000 r7=0000 r8=002F r9=0002 r10=D860 r11=0AE6 r12=0402 r13=0000 r14=0000 r15=43F4
t=85.197070000 pc=00020920 fcw=D860 r0=0103 r1=010F r2=0000 r3=12F8 r4=3D06 r5=2FA2 r6=0000 r7=0000 r8=002F r9=0002 r10=D860 r11=0AE6 r12=0402 r13=0000 r14=0000 r15=43F4
t=85.197071500 pc=00020912 fcw=D860 r0=0103 r1=010F r2=0000 r3=12F8 r4=3D06 r5=2FA2 r6=0000 r7=0000 r8=002F r9=0002 r10=D860 r11=0AE6 r12=0402 r13=0000 r14=0000 r15=43F4
t=85.197073250 pc=00020914 fcw=D860 r0=0103 r1=010F r2=0000 r3=12F8 r4=3D06 r5=2FA2 r6=0000 r7=0000 r8=002F r9=0002 r10=D860 r11=0AE6 r12=0402 r13=0000 r14=0000 r15=43F4
t=85.197075000 pc=00020916 fcw=D860 r0=0103 r1=010F r2=0000 r3=12F8 r4=3D06 r5=2FA2 r6=0000 r7=0000 r8=002F r9=0002 r10=D860 r11=0AE6 r12=0402 r13=0000 r14=0000 r15=43F4
t=85.197078500 pc=0002091A fcw=D860 r0=0103 r1=010F r2=0000 r3=12F8 r4=3D06 r5=2FA2 r6=0000 r7=0000 r8=002F r9=0002 r10=D860 r11=0AE6 r12=0402 r13=0000 r14=0000 r15=43F4
t=85.197080500 pc=0002091C fcw=D860 r0=0103 r1=010F r2=0000 r3=12F8 r4=3D06 r5=2FA2 r6=0000 r7=0000 r8=002F r9=0002 r10=D860 r11=0AE6 r12=0402 r13=0000 r14=0000 r15=43F4
t=85.197082000 pc=0002091E fcw=D860 r0=010F r1=0103 r2=0000 r3=12F8 r4=3D06 r5=2FA2 r6=0000 r7=0000 r8=002F r9=0002 r10=D860 r11=0AE6 r12=0402 r13=0000 r14=0000 r15=43F4
t=85.197084750 pc=00020920 fcw=D860 r0=010F r1=0103 r2=0000 r3=12F8 r4=3D06 r5=2FA2 r6=0000 r7=0000 r8=002F r9=0002 r10=D860 r11=0AE6 r12=0402 r13=0000 r14=0000 r15=43F4
t=85.197086250 pc=00020912 fcw=D860 r0=010F r1=0103 r2=0000 r3=12F8 r4=3D06 r5=2FA2 r6=0000 r7=0000 r8=002F r9=0002 r10=D860 r11=0AE6 r12=0402 r13=0000 r14=0000 r15=43F4
t=85.197088000 pc=00020914 fcw=D860 r0=010F r1=0103 r2=0000 r3=12F8 r4=3D06 r5=2FA2 r6=0000 r7=0000 r8=002F r9=0002 r10=D860 r11=0AE6 r12=0402 r13=0000 r14=0000 r15=43F4
t=85.197089750 pc=00020916 fcw=D860 r0=010F r1=0103 r2=0000 r3=12F8 r4=3D06 r5=2FA2 r6=0000 r7=0000 r8=002F r9=0002 r10=D860 r11=0AE6 r12=0402 r13=0000 r14=0000 r15=43F4
t=85.197093250 pc=0002091A fcw=D860 r0=010F r1=0103 r2=0000 r3=12F8 r4=3D06 r5=2FA2 r6=0000 r7=0000 r8=002F r9=0002 r10=D860 r11=0AE6 r12=0402 r13=0000 r14=0000 r15=43F4
t=85.197095250 pc=0002091C fcw=D860 r0=010F r1=0103 r2=0000 r3=12F8 r4=3D06 r5=2FA2 r6=0000 r7=0000 r8=002F r9=0002 r10=D860 r11=0AE6 r12=0402 r13=0000 r14=0000 r15=43F4
t=85.197096750 pc=0002091E fcw=D860 r0=0103 r1=010F r2=0000 r3=12F8 r4=3D06 r5=2FA2 r6=0000 r7=0000 r8=002F r9=0002 r10=D860 r11=0AE6 r12=0402 r13=0000 r14=0000 r15=43F4
t=85.197099500 pc=00020920 fcw=D860 r0=0103 r1=010F r2=0000 r3=12F8 r4=3D06 r5=2FA2 r6=0000 r7=0000 r8=002F r9=0002 r10=D860 r11=0AE6 r12=0402 r13=0000 r14=0000 r15=43F4
t=85.197101000 pc=00020912 fcw=D860 r0=0103 r1=010F r2=0000 r3=12F8 r4=3D06 r5=2FA2 r6=0000 r7=0000 r8=002F r9=0002 r10=D860 r11=0AE6 r12=0402 r13=0000 r14=0000 r15=43F4
t=85.197102750 pc=00020914 fcw=D860 r0=0103 r1=010F r2=0000 r3=12F8 r4=3D06 r5=2FA2 r6=0000 r7=0000 r8=002F r9=0002 r10=D860 r11=0AE6 r12=0402 r13=0000 r14=0000 r15=43F4
t=85.197104500 pc=00020916 fcw=D860 r0=0103 r1=010F r2=0000 r3=12F8 r4=3D06 r5=2FA2 r6=0000 r7=0000 r8=002F r9=0002 r10=D860 r11=0AE6 r12=0402 r13=0000 r14=0000 r15=43F4
t=85.197108000 pc=0002091A fcw=D860 r0=0103 r1=010F r2=0000 r3=12F8 r4=3D06 r5=2FA2 r6=0000 r7=0000 r8=002F r9=0002 r10=D860 r11=0AE6 r12=0402 r13=0000 r14=0000 r15=43F4
t=85.197110000 pc=0002091C fcw=D860 r0=0103 r1=010F r2=0000 r3=12F8 r4=3D06 r5=2FA2 r6=0000 r7=0000 r8=002F r9=0002 r10=D860 r11=0AE6 r12=0402 r13=0000 r14=0000 r15=43F4
t=85.197111500 pc=0002091E fcw=D860 r0=010F r1=0103 r2=0000 r3=12F8 r4=3D06 r5=2FA2 r6=0000 r7=0000 r8=002F r9=0002 r10=D860 r11=0AE6 r12=0402 r13=0000 r14=0000 r15=43F4
t=85.197114250 pc=00020920 fcw=D860 r0=010F r1=0103 r2=0000 r3=12F8 r4=3D06 r5=2FA2 r6=0000 r7=0000 r8=002F r9=0002 r10=D860 r11=0AE6 r12=0402 r13=0000 r14=0000 r15=43F4
t=85.197115750 pc=00020912 fcw=D860 r0=010F r1=0103 r2=0000 r3=12F8 r4=3D06 r5=2FA2 r6=0000 r7=0000 r8=002F r9=0002 r10=D860 r11=0AE6 r12=0402 r13=0000 r14=0000 r15=43F4
t=85.197117500 pc=00020914 fcw=D860 r0=010F r1=0103 r2=0000 r3=12F8 r4=3D06 r5=2FA2 r6=0000 r7=0000 r8=002F r9=0002 r10=D860 r11=0AE6 r12=0402 r13=0000 r14=0000 r15=43F4
t=85.197119250 pc=00020916 fcw=D860 r0=010F r1=0103 r2=0000 r3=12F8 r4=3D06 r5=2FA2 r6=0000 r7=0000 r8=002F r9=0002 r10=D860 r11=0AE6 r12=0402 r13=0000 r14=0000 r15=43F4
t=85.197122750 pc=0002091A fcw=D860 r0=010F r1=0103 r2=0000 r3=12F8 r4=3D06 r5=2FA2 r6=0000 r7=0000 r8=002F r9=0002 r10=D860 r11=0AE6 r12=0402 r13=0000 r14=0000 r15=43F4
t=85.197124750 pc=0002091C fcw=D860 r0=010F r1=0103 r2=0000 r3=12F8 r4=3D06 r5=2FA2 r6=0000 r7=0000 r8=002F r9=0002 r10=D860 r11=0AE6 r12=0402 r13=0000 r14=0000 r15=43F4
t=85.197126250 pc=0002091E fcw=D860 r0=0103 r1=010F r2=0000 r3=12F8 r4=3D06 r5=2FA2 r6=0000 r7=0000 r8=002F r9=0002 r10=D860 r11=0AE6 r12=0402 r13=0000 r14=0000 r15=43F4
t=85.197129000 pc=00020920 fcw=D860 r0=0103 r1=010F r2=0000 r3=12F8 r4=3D06 r5=2FA2 r6=0000 r7=0000 r8=002F r9=0002 r10=D860 r11=0AE6 r12=0402 r13=0000 r14=0000 r15=43F4
t=85.197130500 pc=00020912 fcw=D860 r0=0103 r1=010F r2=0000 r3=12F8 r4=3D06 r5=2FA2 r6=0000 r7=0000 r8=002F r9=0002 r10=D860 r11=0AE6 r12=0402 r13=0000 r14=0000 r15=43F4
t=85.197132250 pc=00020914 fcw=D860 r0=0103 r1=010F r2=0000 r3=12F8 r4=3D06 r5=2FA2 r6=0000 r7=0000 r8=002F r9=0002 r10=D860 r11=0AE6 r12=0402 r13=0000 r14=0000 r15=43F4
t=85.197134000 pc=00020916 fcw=D860 r0=0103 r1=010F r2=0000 r3=12F8 r4=3D06 r5=2FA2 r6=0000 r7=0000 r8=002F r9=0002 r10=D860 r11=0AE6 r12=0402 r13=0000 r14=0000 r15=43F4
t=85.197137500 pc=0002091A fcw=D860 r0=0103 r1=010F r2=0000 r3=12F8 r4=3D06 r5=2FA2 r6=0000 r7=0000 r8=002F r9=0002 r10=D860 r11=0AE6 r12=0402 r13=0000 r14=0000 r15=43F4
t=85.197139500 pc=0002091C fcw=D860 r0=0103 r1=010F r2=0000 r3=12F8 r4=3D06 r5=2FA2 r6=0000 r7=0000 r8=002F r9=0002 r10=D860 r11=0AE6 r12=0402 r13=0000 r14=0000 r15=43F4
t=85.197141000 pc=0002091E fcw=D860 r0=010F r1=0103 r2=0000 r3=12F8 r4=3D06 r5=2FA2 r6=0000 r7=0000 r8=002F r9=0002 r10=D860 r11=0AE6 r12=0402 r13=0000 r14=0000 r15=43F4
t=85.197143750 pc=00020920 fcw=D860 r0=010F r1=0103 r2=0000 r3=12F8 r4=3D06 r5=2FA2 r6=0000 r7=0000 r8=002F r9=0002 r10=D860 r11=0AE6 r12=0402 r13=0000 r14=0000 r15=43F4
t=85.197145250 pc=00020912 fcw=D860 r0=010F r1=0103 r2=0000 r3=12F8 r4=3D06 r5=2FA2 r6=0000 r7=0000 r8=002F r9=0002 r10=D860 r11=0AE6 r12=0402 r13=0000 r14=0000 r15=43F4
t=85.197147000 pc=00020914 fcw=D860 r0=010F r1=0103 r2=0000 r3=12F8 r4=3D06 r5=2FA2 r6=0000 r7=0000 r8=002F r9=0002 r10=D860 r11=0AE6 r12=0402 r13=0000 r14=0000 r15=43F4
t=85.197148750 pc=00020916 fcw=D860 r0=010F r1=0103 r2=0000 r3=12F8 r4=3D06 r5=2FA2 r6=0000 r7=0000 r8=002F r9=0002 r10=D860 r11=0AE6 r12=0402 r13=0000 r14=0000 r15=43F4
t=85.197152250 pc=0002091A fcw=D860 r0=010F r1=0103 r2=0000 r3=12F8 r4=3D06 r5=2FA2 r6=0000 r7=0000 r8=002F r9=0002 r10=D860 r11=0AE6 r12=0402 r13=0000 r14=0000 r15=43F4
t=85.197154250 pc=0002091C fcw=D860 r0=010F r1=0103 r2=0000 r3=12F8 r4=3D06 r5=2FA2 r6=0000 r7=0000 r8=002F r9=0002 r10=D860 r11=0AE6 r12=0402 r13=0000 r14=0000 r15=43F4
t=85.197155750 pc=0002091E fcw=D860 r0=0103 r1=010F r2=0000 r3=12F8 r4=3D06 r5=2FA2 r6=0000 r7=0000 r8=002F r9=0002 r10=D860 r11=0AE6 r12=0402 r13=0000 r14=0000 r15=43F4
t=85.197158500 pc=00020920 fcw=D860 r0=0103 r1=010F r2=0000 r3=12F8 r4=3D06 r5=2FA2 r6=0000 r7=0000 r8=002F r9=0002 r10=D860 r11=0AE6 r12=0402 r13=0000 r14=0000 r15=43F4
t=85.197160000 pc=00020912 fcw=D860 r0=0103 r1=010F r2=0000 r3=12F8 r4=3D06 r5=2FA2 r6=0000 r7=0000 r8=002F r9=0002 r10=D860 r11=0AE6 r12=0402 r13=0000 r14=0000 r15=43F4
t=85.197161750 pc=00020914 fcw=D860 r0=0103 r1=010F r2=0000 r3=12F8 r4=3D06 r5=2FA2 r6=0000 r7=0000 r8=002F r9=0002 r10=D860 r11=0AE6 r12=0402 r13=0000 r14=0000 r15=43F4
t=85.197163500 pc=00020916 fcw=D860 r0=0103 r1=010F r2=0000 r3=12F8 r4=3D06 r5=2FA2 r6=0000 r7=0000 r8=002F r9=0002 r10=D860 r11=0AE6 r12=0402 r13=0000 r14=0000 r15=43F4
t=85.197167000 pc=0002091A fcw=D860 r0=0103 r1=010F r2=0000 r3=12F8 r4=3D06 r5=2FA2 r6=0000 r7=0000 r8=002F r9=0002 r10=D860 r11=0AE6 r12=0402 r13=0000 r14=0000 r15=43F4
t=85.197169000 pc=0002091C fcw=D860 r0=0103 r1=010F r2=0000 r3=12F8 r4=3D06 r5=2FA2 r6=0000 r7=0000 r8=002F r9=0002 r10=D860 r11=0AE6 r12=0402 r13=0000 r14=0000 r15=43F4
t=85.197170500 pc=0002091E fcw=D860 r0=010F r1=0103 r2=0000 r3=12F8 r4=3D06 r5=2FA2 r6=0000 r7=0000 r8=002F r9=0002 r10=D860 r11=0AE6 r12=0402 r13=0000 r14=0000 r15=43F4
t=85.197173250 pc=00020920 fcw=D860 r0=010F r1=0103 r2=0000 r3=12F8 r4=3D06 r5=2FA2 r6=0000 r7=0000 r8=002F r9=0002 r10=D860 r11=0AE6 r12=0402 r13=0000 r14=0000 r15=43F4
t=85.197174750 pc=00020912 fcw=D860 r0=010F r1=0103 r2=0000 r3=12F8 r4=3D06 r5=2FA2 r6=0000 r7=0000 r8=002F r9=0002 r10=D860 r11=0AE6 r12=0402 r13=0000 r14=0000 r15=43F4
t=85.197176500 pc=00020914 fcw=D860 r0=010F r1=0103 r2=0000 r3=12F8 r4=3D06 r5=2FA2 r6=0000 r7=0000 r8=002F r9=0002 r10=D860 r11=0AE6 r12=0402 r13=0000 r14=0000 r15=43F4
t=85.197178250 pc=00020916 fcw=D860 r0=010F r1=0103 r2=0000 r3=12F8 r4=3D06 r5=2FA2 r6=0000 r7=0000 r8=002F r9=0002 r10=D860 r11=0AE6 r12=0402 r13=0000 r14=0000 r15=43F4
t=85.197181750 pc=0002091A fcw=D860 r0=010F r1=0103 r2=0000 r3=12F8 r4=3D06 r5=2FA2 r6=0000 r7=0000 r8=002F r9=0002 r10=D860 r11=0AE6 r12=0402 r13=0000 r14=0000 r15=43F4
t=85.197183750 pc=0002091C fcw=D860 r0=010F r1=0103 r2=0000 r3=12F8 r4=3D06 r5=2FA2 r6=0000 r7=0000 r8=002F r9=0002 r10=D860 r11=0AE6 r12=0402 r13=0000 r14=0000 r15=43F4
t=85.197185250 pc=0002091E fcw=D860 r0=0103 r1=010F r2=0000 r3=12F8 r4=3D06 r5=2FA2 r6=0000 r7=0000 r8=002F r9=0002 r10=D860 r11=0AE6 r12=0402 r13=0000 r14=0000 r15=43F4
t=85.197188000 pc=00020920 fcw=D860 r0=0103 r1=010F r2=0000 r3=12F8 r4=3D06 r5=2FA2 r6=0000 r7=0000 r8=002F r9=0002 r10=D860 r11=0AE6 r12=0402 r13=0000 r14=0000 r15=43F4
t=85.197189500 pc=00020912 fcw=D860 r0=0103 r1=010F r2=0000 r3=12F8 r4=3D06 r5=2FA2 r6=0000 r7=0000 r8=002F r9=0002 r10=D860 r11=0AE6 r12=0402 r13=0000 r14=0000 r15=43F4
t=85.197191250 pc=00020914 fcw=D860 r0=0103 r1=010F r2=0000 r3=12F8 r4=3D06 r5=2FA2 r6=0000 r7=0000 r8=002F r9=0002 r10=D860 r11=0AE6 r12=0402 r13=0000 r14=0000 r15=43F4
t=85.197193000 pc=00020916 fcw=D860 r0=0103 r1=010F r2=0000 r3=12F8 r4=3D06 r5=2FA2 r6=0000 r7=0000 r8=002F r9=0002 r10=D860 r11=0AE6 r12=0402 r13=0000 r14=0000 r15=43F4
t=85.197196500 pc=0002091A fcw=D860 r0=0103 r1=010F r2=0000 r3=12F8 r4=3D06 r5=2FA2 r6=0000 r7=0000 r8=002F r9=0002 r10=D860 r11=0AE6 r12=0402 r13=0000 r14=0000 r15=43F4
t=85.197198500 pc=0002091C fcw=D860 r0=0103 r1=010F r2=0000 r3=12F8 r4=3D06 r5=2FA2 r6=0000 r7=0000 r8=002F r9=0002 r10=D860 r11=0AE6 r12=0402 r13=0000 r14=0000 r15=43F4
t=85.197200000 pc=0002091E fcw=D860 r0=010F r1=0103 r2=0000 r3=12F8 r4=3D06 r5=2FA2 r6=0000 r7=0000 r8=002F r9=0002 r10=D860 r11=0AE6 r12=0402 r13=0000 r14=0000 r15=43F4
t=85.197202750 pc=00020920 fcw=D860 r0=010F r1=0103 r2=0000 r3=12F8 r4=3D06 r5=2FA2 r6=0000 r7=0000 r8=002F r9=0002 r10=D860 r11=0AE6 r12=0402 r13=0000 r14=0000 r15=43F4
t=85.197204250 pc=00020912 fcw=D860 r0=010F r1=0103 r2=0000 r3=12F8 r4=3D06 r5=2FA2 r6=0000 r7=0000 r8=002F r9=0002 r10=D860 r11=0AE6 r12=0402 r13=0000 r14=0000 r15=43F4
t=85.197206000 pc=00020914 fcw=D860 r0=010F r1=0103 r2=0000 r3=12F8 r4=3D06 r5=2FA2 r6=0000 r7=0000 r8=002F r9=0002 r10=D860 r11=0AE6 r12=0402 r13=0000 r14=0000 r15=43F4
t=85.197207750 pc=00020916 fcw=D860 r0=010F r1=0103 r2=0000 r3=12F8 r4=3D06 r5=2FA2 r6=0000 r7=0000 r8=002F r9=0002 r10=D860 r11=0AE6 r12=0402 r13=0000 r14=0000 r15=43F4
t=85.197211250 pc=0002091A fcw=D860 r0=010F r1=0103 r2=0000 r3=12F8 r4=3D06 r5=2FA2 r6=0000 r7=0000 r8=002F r9=0002 r10=D860 r11=0AE6 r12=0402 r13=0000 r14=0000 r15=43F4
t=85.197213250 pc=0002091C fcw=D860 r0=010F r1=0103 r2=0000 r3=12F8 r4=3D06 r5=2FA2 r6=0000 r7=0000 r8=002F r9=0002 r10=D860 r11=0AE6 r12=0402 r13=0000 r14=0000 r15=43F4
t=85.197214750 pc=0002091E fcw=D860 r0=0103 r1=010F r2=0000 r3=12F8 r4=3D06 r5=2FA2 r6=0000 r7=0000 r8=002F r9=0002 r10=D860 r11=0AE6 r12=0402 r13=0000 r14=0000 r15=43F4
t=85.197217500 pc=00020920 fcw=D860 r0=0103 r1=010F r2=0000 r3=12F8 r4=3D06 r5=2FA2 r6=0000 r7=0000 r8=002F r9=0002 r10=D860 r11=0AE6 r12=0402 r13=0000 r14=0000 r15=43F4
t=85.197219000 pc=00020912 fcw=D860 r0=0103 r1=010F r2=0000 r3=12F8 r4=3D06 r5=2FA2 r6=0000 r7=0000 r8=002F r9=0002 r10=D860 r11=0AE6 r12=0402 r13=0000 r14=0000 r15=43F4
t=85.197220750 pc=00020914 fcw=D860 r0=0103 r1=010F r2=0000 r3=12F8 r4=3D06 r5=2FA2 r6=0000 r7=0000 r8=002F r9=0002 r10=D860 r11=0AE6 r12=0402 r13=0000 r14=0000 r15=43F4
t=85.197222500 pc=00020916 fcw=D860 r0=0103 r1=010F r2=0000 r3=12F8 r4=3D06 r5=2FA2 r6=0000 r7=0000 r8=002F r9=0002 r10=D860 r11=0AE6 r12=0402 r13=0000 r14=0000 r15=43F4
t=85.197226000 pc=0002091A fcw=D860 r0=0103 r1=010F r2=0000 r3=12F8 r4=3D06 r5=2FA2 r6=0000 r7=0000 r8=002F r9=0002 r10=D860 r11=0AE6 r12=0402 r13=0000 r14=0000 r15=43F4
t=85.197228000 pc=0002091C fcw=D860 r0=0103 r1=010F r2=0000 r3=12F8 r4=3D06 r5=2FA2 r6=0000 r7=0000 r8=002F r9=0002 r10=D860 r11=0AE6 r12=0402 r13=0000 r14=0000 r15=43F4
t=85.197229500 pc=0002091E fcw=D860 r0=010F r1=0103 r2=0000 r3=12F8 r4=3D06 r5=2FA2 r6=0000 r7=0000 r8=002F r9=0002 r10=D860 r11=0AE6 r12=0402 r13=0000 r14=0000 r15=43F4
t=85.197232250 pc=00020920 fcw=D860 r0=010F r1=0103 r2=0000 r3=12F8 r4=3D06 r5=2FA2 r6=0000 r7=0000 r8=002F r9=0002 r10=D860 r11=0AE6 r12=0402 r13=0000 r14=0000 r15=43F4
t=85.197233750 pc=00020912 fcw=D860 r0=010F r1=0103 r2=0000 r3=12F8 r4=3D06 r5=2FA2 r6=0000 r7=0000 r8=002F r9=0002 r10=D860 r11=0AE6 r12=0402 r13=0000 r14=0000 r15=43F4
t=85.197235500 pc=00020914 fcw=D860 r0=010F r1=0103 r2=0000 r3=12F8 r4=3D06 r5=2FA2 r6=0000 r7=0000 r8=002F r9=0002 r10=D860 r11=0AE6 r12=0402 r13=0000 r14=0000 r15=43F4
t=85.197237250 pc=00020916 fcw=D860 r0=010F r1=0103 r2=0000 r3=12F8 r4=3D06 r5=2FA2 r6=0000 r7=0000 r8=002F r9=0002 r10=D860 r11=0AE6 r12=0402 r13=0000 r14=0000 r15=43F4
t=85.197240750 pc=0002091A fcw=D860 r0=010F r1=0103 r2=0000 r3=12F8 r4=3D06 r5=2FA2 r6=0000 r7=0000 r8=002F r9=0002 r10=D860 r11=0AE6 r12=0402 r13=0000 r14=0000 r15=43F4
t=85.197242750 pc=0002091C fcw=D860 r0=010F r1=0103 r2=0000 r3=12F8 r4=3D06 r5=2FA2 r6=0000 r7=0000 r8=002F r9=0002 r10=D860 r11=0AE6 r12=0402 r13=0000 r14=0000 r15=43F4
t=85.197244250 pc=0002091E fcw=D860 r0=0103 r1=010F r2=0000 r3=12F8 r4=3D06 r5=2FA2 r6=0000 r7=0000 r8=002F r9=0002 r10=D860 r11=0AE6 r12=0402 r13=0000 r14=0000 r15=43F4
t=85.197247000 pc=00020920 fcw=D860 r0=0103 r1=010F r2=0000 r3=12F8 r4=3D06 r5=2FA2 r6=0000 r7=0000 r8=002F r9=0002 r10=D860 r11=0AE6 r12=0402 r13=0000 r14=0000 r15=43F4
t=85.197248500 pc=00020912 fcw=D860 r0=0103 r1=010F r2=0000 r3=12F8 r4=3D06 r5=2FA2 r6=0000 r7=0000 r8=002F r9=0002 r10=D860 r11=0AE6 r12=0402 r13=0000 r14=0000 r15=43F4
t=85.197250250 pc=00020914 fcw=D860 r0=0103 r1=010F r2=0000 r3=12F8 r4=3D06 r5=2FA2 r6=0000 r7=0000 r8=002F r9=0002 r10=D860 r11=0AE6 r12=0402 r13=0000 r14=0000 r15=43F4
t=85.197252000 pc=00020916 fcw=D860 r0=0103 r1=010F r2=0000 r3=12F8 r4=3D06 r5=2FA2 r6=0000 r7=0000 r8=002F r9=0002 r10=D860 r11=0AE6 r12=0402 r13=0000 r14=0000 r15=43F4
t=85.197255500 pc=0002091A fcw=D860 r0=0103 r1=010F r2=0000 r3=12F8 r4=3D06 r5=2FA2 r6=0000 r7=0000 r8=002F r9=0002 r10=D860 r11=0AE6 r12=0402 r13=0000 r14=0000 r15=43F4
t=85.197257500 pc=0002091C fcw=D860 r0=0103 r1=010F r2=0000 r3=12F8 r4=3D06 r5=2FA2 r6=0000 r7=0000 r8=002F r9=0002 r10=D860 r11=0AE6 r12=0402 r13=0000 r14=0000 r15=43F4
t=85.197259000 pc=0002091E fcw=D860 r0=010F r1=0103 r2=0000 r3=12F8 r4=3D06 r5=2FA2 r6=0000 r7=0000 r8=002F r9=0002 r10=D860 r11=0AE6 r12=0402 r13=0000 r14=0000 r15=43F4
t=85.197261750 pc=00020920 fcw=D860 r0=010F r1=0103 r2=0000 r3=12F8 r4=3D06 r5=2FA2 r6=0000 r7=0000 r8=002F r9=0002 r10=D860 r11=0AE6 r12=0402 r13=0000 r14=0000 r15=43F4
t=85.197263250 pc=00020912 fcw=D860 r0=010F r1=0103 r2=0000 r3=12F8 r4=3D06 r5=2FA2 r6=0000 r7=0000 r8=002F r9=0002 r10=D860 r11=0AE6 r12=0402 r13=0000 r14=0000 r15=43F4
t=85.197265000 pc=00020914 fcw=D860 r0=010F r1=0103 r2=0000 r3=12F8 r4=3D06 r5=2FA2 r6=0000 r7=0000 r8=002F r9=0002 r10=D860 r11=0AE6 r12=0402 r13=0000 r14=0000 r15=43F4
t=85.197266750 pc=00020916 fcw=D860 r0=010F r1=0103 r2=0000 r3=12F8 r4=3D06 r5=2FA2 r6=0000 r7=0000 r8=002F r9=0002 r10=D860 r11=0AE6 r12=0402 r13=0000 r14=0000 r15=43F4
t=85.197270250 pc=0002091A fcw=D860 r0=010F r1=0103 r2=0000 r3=12F8 r4=3D06 r5=2FA2 r6=0000 r7=0000 r8=002F r9=0002 r10=D860 r11=0AE6 r12=0402 r13=0000 r14=0000 r15=43F4
t=85.197272250 pc=0002091C fcw=D860 r0=010F r1=0103 r2=0000 r3=12F8 r4=3D06 r5=2FA2 r6=0000 r7=0000 r8=002F r9=0002 r10=D860 r11=0AE6 r12=0402 r13=0000 r14=0000 r15=43F4
t=85.197273750 pc=0002091E fcw=D860 r0=0103 r1=010F r2=0000 r3=12F8 r4=3D06 r5=2FA2 r6=0000 r7=0000 r8=002F r9=0002 r10=D860 r11=0AE6 r12=0402 r13=0000 r14=0000 r15=43F4
t=85.197276500 pc=00020920 fcw=D860 r0=0103 r1=010F r2=0000 r3=12F8 r4=3D06 r5=2FA2 r6=0000 r7=0000 r8=002F r9=0002 r10=D860 r11=0AE6 r12=0402 r13=0000 r14=0000 r15=43F4
t=85.197278000 pc=00020912 fcw=D860 r0=0103 r1=010F r2=0000 r3=12F8 r4=3D06 r5=2FA2 r6=0000 r7=0000 r8=002F r9=0002 r10=D860 r11=0AE6 r12=0402 r13=0000 r14=0000 r15=43F4
t=85.197279750 pc=00020914 fcw=D860 r0=0103 r1=010F r2=0000 r3=12F8 r4=3D06 r5=2FA2 r6=0000 r7=0000 r8=002F r9=0002 r10=D860 r11=0AE6 r12=0402 r13=0000 r14=0000 r15=43F4
t=85.197281500 pc=00020916 fcw=D860 r0=0103 r1=010F r2=0000 r3=12F8 r4=3D06 r5=2FA2 r6=0000 r7=0000 r8=002F r9=0002 r10=D860 r11=0AE6 r12=0402 r13=0000 r14=0000 r15=43F4
t=85.197285000 pc=0002091A fcw=D860 r0=0103 r1=010F r2=0000 r3=12F8 r4=3D06 r5=2FA2 r6=0000 r7=0000 r8=002F r9=0002 r10=D860 r11=0AE6 r12=0402 r13=0000 r14=0000 r15=43F4
t=85.197287000 pc=0002091C fcw=D860 r0=0103 r1=010F r2=0000 r3=12F8 r4=3D06 r5=2FA2 r6=0000 r7=0000 r8=002F r9=0002 r10=D860 r11=0AE6 r12=0402 r13=0000 r14=0000 r15=43F4
t=85.197288500 pc=0002091E fcw=D860 r0=010F r1=0103 r2=0000 r3=12F8 r4=3D06 r5=2FA2 r6=0000 r7=0000 r8=002F r9=0002 r10=D860 r11=0AE6 r12=0402 r13=0000 r14=0000 r15=43F4
t=85.197291250 pc=00020920 fcw=D860 r0=010F r1=0103 r2=0000 r3=12F8 r4=3D06 r5=2FA2 r6=0000 r7=0000 r8=002F r9=0002 r10=D860 r11=0AE6 r12=0402 r13=0000 r14=0000 r15=43F4
t=85.197292750 pc=00020912 fcw=D860 r0=010F r1=0103 r2=0000 r3=12F8 r4=3D06 r5=2FA2 r6=0000 r7=0000 r8=002F r9=0002 r10=D860 r11=0AE6 r12=0402 r13=0000 r14=0000 r15=43F4
t=85.197294500 pc=00020914 fcw=D860 r0=010F r1=0103 r2=0000 r3=12F8 r4=3D06 r5=2FA2 r6=0000 r7=0000 r8=002F r9=0002 r10=D860 r11=0AE6 r12=0402 r13=0000 r14=0000 r15=43F4
t=85.197296250 pc=00020916 fcw=D860 r0=010F r1=0103 r2=0000 r3=12F8 r4=3D06 r5=2FA2 r6=0000 r7=0000 r8=002F r9=0002 r10=D860 r11=0AE6 r12=0402 r13=0000 r14=0000 r15=43F4
t=85.197299750 pc=0002091A fcw=D860 r0=010F r1=0103 r2=0000 r3=12F8 r4=3D06 r5=2FA2 r6=0000 r7=0000 r8=002F r9=0002 r10=D860 r11=0AE6 r12=0402 r13=0000 r14=0000 r15=43F4
t=85.197301750 pc=0002091C fcw=D860 r0=010F r1=0103 r2=0000 r3=12F8 r4=3D06 r5=2FA2 r6=0000 r7=0000 r8=002F r9=0002 r10=D860 r11=0AE6 r12=0402 r13=0000 r14=0000 r15=43F4
t=85.197303250 pc=0002091E fcw=D860 r0=0103 r1=010F r2=0000 r3=12F8 r4=3D06 r5=2FA2 r6=0000 r7=0000 r8=002F r9=0002 r10=D860 r11=0AE6 r12=0402 r13=0000 r14=0000 r15=43F4
t=85.197306000 pc=00020920 fcw=D860 r0=0103 r1=010F r2=0000 r3=12F8 r4=3D06 r5=2FA2 r6=0000 r7=0000 r8=002F r9=0002 r10=D860 r11=0AE6 r12=0402 r13=0000 r14=0000 r15=43F4
t=85.197307500 pc=00020912 fcw=D860 r0=0103 r1=010F r2=0000 r3=12F8 r4=3D06 r5=2FA2 r6=0000 r7=0000 r8=002F r9=0002 r10=D860 r11=0AE6 r12=0402 r13=0000 r14=0000 r15=43F4
t=85.197309250 pc=00020914 fcw=D860 r0=0103 r1=010F r2=0000 r3=12F8 r4=3D06 r5=2FA2 r6=0000 r7=0000 r8=002F r9=0002 r10=D860 r11=0AE6 r12=0402 r13=0000 r14=0000 r15=43F4
t=85.197311000 pc=00020916 fcw=D860 r0=0103 r1=010F r2=0000 r3=12F8 r4=3D06 r5=2FA2 r6=0000 r7=0000 r8=002F r9=0002 r10=D860 r11=0AE6 r12=0402 r13=0000 r14=0000 r15=43F4
t=85.197314500 pc=0002091A fcw=D860 r0=0103 r1=010F r2=0000 r3=12F8 r4=3D06 r5=2FA2 r6=0000 r7=0000 r8=002F r9=0002 r10=D860 r11=0AE6 r12=0402 r13=0000 r14=0000 r15=43F4
t=85.197316500 pc=0002091C fcw=D860 r0=0103 r1=010F r2=0000 r3=12F8 r4=3D06 r5=2FA2 r6=0000 r7=0000 r8=002F r9=0002 r10=D860 r11=0AE6 r12=0402 r13=0000 r14=0000 r15=43F4
t=85.197318000 pc=0002091E fcw=D860 r0=010F r1=0103 r2=0000 r3=12F8 r4=3D06 r5=2FA2 r6=0000 r7=0000 r8=002F r9=0002 r10=D860 r11=0AE6 r12=0402 r13=0000 r14=0000 r15=43F4
t=85.197320750 pc=00020920 fcw=D860 r0=010F r1=0103 r2=0000 r3=12F8 r4=3D06 r5=2FA2 r6=0000 r7=0000 r8=002F r9=0002 r10=D860 r11=0AE6 r12=0402 r13=0000 r14=0000 r15=43F4
t=85.197322250 pc=00020912 fcw=D860 r0=010F r1=0103 r2=0000 r3=12F8 r4=3D06 r5=2FA2 r6=0000 r7=0000 r8=002F r9=0002 r10=D860 r11=0AE6 r12=0402 r13=0000 r14=0000 r15=43F4
t=85.197324000 pc=00020914 fcw=D860 r0=010F r1=0103 r2=0000 r3=12F8 r4=3D06 r5=2FA2 r6=0000 r7=0000 r8=002F r9=0002 r10=D860 r11=0AE6 r12=0402 r13=0000 r14=0000 r15=43F4
t=85.197325750 pc=00020916 fcw=D860 r0=010F r1=0103 r2=0000 r3=12F8 r4=3D06 r5=2FA2 r6=0000 r7=0000 r8=002F r9=0002 r10=D860 r11=0AE6 r12=0402 r13=0000 r14=0000 r15=43F4
t=85.197329250 pc=0002091A fcw=D860 r0=010F r1=0103 r2=0000 r3=12F8 r4=3D06 r5=2FA2 r6=0000 r7=0000 r8=002F r9=0002 r10=D860 r11=0AE6 r12=0402 r13=0000 r14=0000 r15=43F4
t=85.197331250 pc=0002091C fcw=D860 r0=010F r1=0103 r2=0000 r3=12F8 r4=3D06 r5=2FA2 r6=0000 r7=0000 r8=002F r9=0002 r10=D860 r11=0AE6 r12=0402 r13=0000 r14=0000 r15=43F4
t=85.197332750 pc=0002091E fcw=D860 r0=0103 r1=010F r2=0000 r3=12F8 r4=3D06 r5=2FA2 r6=0000 r7=0000 r8=002F r9=0002 r10=D860 r11=0AE6 r12=0402 r13=0000 r14=0000 r15=43F4
t=85.197335500 pc=00020920 fcw=D860 r0=0103 r1=010F r2=0000 r3=12F8 r4=3D06 r5=2FA2 r6=0000 r7=0000 r8=002F r9=0002 r10=D860 r11=0AE6 r12=0402 r13=0000 r14=0000 r15=43F4
t=85.197337000 pc=00020912 fcw=D860 r0=0103 r1=010F r2=0000 r3=12F8 r4=3D06 r5=2FA2 r6=0000 r7=0000 r8=002F r9=0002 r10=D860 r11=0AE6 r12=0402 r13=0000 r14=0000 r15=43F4
t=85.197338750 pc=00020914 fcw=D860 r0=0103 r1=010F r2=0000 r3=12F8 r4=3D06 r5=2FA2 r6=0000 r7=0000 r8=002F r9=0002 r10=D860 r11=0AE6 r12=0402 r13=0000 r14=0000 r15=43F4
t=85.197340500 pc=00020916 fcw=D860 r0=0103 r1=010F r2=0000 r3=12F8 r4=3D06 r5=2FA2 r6=0000 r7=0000 r8=002F r9=0002 r10=D860 r11=0AE6 r12=0402 r13=0000 r14=0000 r15=43F4
t=85.197344000 pc=0002091A fcw=D860 r0=0103 r1=010F r2=0000 r3=12F8 r4=3D06 r5=2FA2 r6=0000 r7=0000 r8=002F r9=0002 r10=D860 r11=0AE6 r12=0402 r13=0000 r14=0000 r15=43F4
t=85.197346000 pc=0002091C fcw=D860 r0=0103 r1=010F r2=0000 r3=12F8 r4=3D06 r5=2FA2 r6=0000 r7=0000 r8=002F r9=0002 r10=D860 r11=0AE6 r12=0402 r13=0000 r14=0000 r15=43F4
t=85.197347500 pc=0002091E fcw=D860 r0=010F r1=0103 r2=0000 r3=12F8 r4=3D06 r5=2FA2 r6=0000 r7=0000 r8=002F r9=0002 r10=D860 r11=0AE6 r12=0402 r13=0000 r14=0000 r15=43F4
t=85.197350250 pc=00020920 fcw=D860 r0=010F r1=0103 r2=0000 r3=12F8 r4=3D06 r5=2FA2 r6=0000 r7=0000 r8=002F r9=0002 r10=D860 r11=0AE6 r12=0402 r13=0000 r14=0000 r15=43F4
t=85.197351750 pc=00020912 fcw=D860 r0=010F r1=0103 r2=0000 r3=12F8 r4=3D06 r5=2FA2 r6=0000 r7=0000 r8=002F r9=0002 r10=D860 r11=0AE6 r12=0402 r13=0000 r14=0000 r15=43F4
t=85.197353500 pc=00020914 fcw=D860 r0=010F r1=0103 r2=0000 r3=12F8 r4=3D06 r5=2FA2 r6=0000 r7=0000 r8=002F r9=0002 r10=D860 r11=0AE6 r12=0402 r13=0000 r14=0000 r15=43F4
t=85.197355250 pc=00020916 fcw=D860 r0=010F r1=0103 r2=0000 r3=12F8 r4=3D06 r5=2FA2 r6=0000 r7=0000 r8=002F r9=0002 r10=D860 r11=0AE6 r12=0402 r13=0000 r14=0000 r15=43F4
t=85.197358750 pc=0002091A fcw=D860 r0=010F r1=0103 r2=0000 r3=12F8 r4=3D06 r5=2FA2 r6=0000 r7=0000 r8=002F r9=0002 r10=D860 r11=0AE6 r12=0402 r13=0000 r14=0000 r15=43F4
t=85.197360750 pc=0002091C fcw=D860 r0=010F r1=0103 r2=0000 r3=12F8 r4=3D06 r5=2FA2 r6=0000 r7=0000 r8=002F r9=0002 r10=D860 r11=0AE6 r12=0402 r13=0000 r14=0000 r15=43F4
t=85.197362250 pc=0002091E fcw=D860 r0=0103 r1=010F r2=0000 r3=12F8 r4=3D06 r5=2FA2 r6=0000 r7=0000 r8=002F r9=0002 r10=D860 r11=0AE6 r12=0402 r13=0000 r14=0000 r15=43F4
t=85.197365000 pc=00020920 fcw=D860 r0=0103 r1=010F r2=0000 r3=12F8 r4=3D06 r5=2FA2 r6=0000 r7=0000 r8=002F r9=0002 r10=D860 r11=0AE6 r12=0402 r13=0000 r14=0000 r15=43F4
t=85.197366500 pc=00020912 fcw=D860 r0=0103 r1=010F r2=0000 r3=12F8 r4=3D06 r5=2FA2 r6=0000 r7=0000 r8=002F r9=0002 r10=D860 r11=0AE6 r12=0402 r13=0000 r14=0000 r15=43F4
t=85.197368250 pc=00020914 fcw=D860 r0=0103 r1=010F r2=0000 r3=12F8 r4=3D06 r5=2FA2 r6=0000 r7=0000 r8=002F r9=0002 r10=D860 r11=0AE6 r12=0402 r13=0000 r14=0000 r15=43F4
t=85.197370000 pc=00020916 fcw=D860 r0=0103 r1=010F r2=0000 r3=12F8 r4=3D06 r5=2FA2 r6=0000 r7=0000 r8=002F r9=0002 r10=D860 r11=0AE6 r12=0402 r13=0000 r14=0000 r15=43F4
t=85.197373500 pc=0002091A fcw=D860 r0=0103 r1=010F r2=0000 r3=12F8 r4=3D06 r5=2FA2 r6=0000 r7=0000 r8=002F r9=0002 r10=D860 r11=0AE6 r12=0402 r13=0000 r14=0000 r15=43F4
t=85.197375500 pc=0002091C fcw=D860 r0=0103 r1=010F r2=0000 r3=12F8 r4=3D06 r5=2FA2 r6=0000 r7=0000 r8=002F r9=0002 r10=D860 r11=0AE6 r12=0402 r13=0000 r14=0000 r15=43F4
t=85.197377000 pc=0002091E fcw=D860 r0=010F r1=0103 r2=0000 r3=12F8 r4=3D06 r5=2FA2 r6=0000 r7=0000 r8=002F r9=0002 r10=D860 r11=0AE6 r12=0402 r13=0000 r14=0000 r15=43F4
t=85.197379750 pc=00020920 fcw=D860 r0=010F r1=0103 r2=0000 r3=12F8 r4=3D06 r5=2FA2 r6=0000 r7=0000 r8=002F r9=0002 r10=D860 r11=0AE6 r12=0402 r13=0000 r14=0000 r15=43F4
t=85.197381250 pc=00020912 fcw=D860 r0=010F r1=0103 r2=0000 r3=12F8 r4=3D06 r5=2FA2 r6=0000 r7=0000 r8=002F r9=0002 r10=D860 r11=0AE6 r12=0402 r13=0000 r14=0000 r15=43F4
t=85.197383000 pc=00020914 fcw=D860 r0=010F r1=0103 r2=0000 r3=12F8 r4=3D06 r5=2FA2 r6=0000 r7=0000 r8=002F r9=0002 r10=D860 r11=0AE6 r12=0402 r13=0000 r14=0000 r15=43F4
t=85.197384750 pc=00020916 fcw=D860 r0=010F r1=0103 r2=0000 r3=12F8 r4=3D06 r5=2FA2 r6=0000 r7=0000 r8=002F r9=0002 r10=D860 r11=0AE6 r12=0402 r13=0000 r14=0000 r15=43F4
t=85.197388250 pc=0002091A fcw=D860 r0=010F r1=0103 r2=0000 r3=12F8 r4=3D06 r5=2FA2 r6=0000 r7=0000 r8=002F r9=0002 r10=D860 r11=0AE6 r12=0402 r13=0000 r14=0000 r15=43F4
t=85.197390250 pc=0002091C fcw=D860 r0=010F r1=0103 r2=0000 r3=12F8 r4=3D06 r5=2FA2 r6=0000 r7=0000 r8=002F r9=0002 r10=D860 r11=0AE6 r12=0402 r13=0000 r14=0000 r15=43F4
t=85.197391750 pc=0002091E fcw=D860 r0=0103 r1=010F r2=0000 r3=12F8 r4=3D06 r5=2FA2 r6=0000 r7=0000 r8=002F r9=0002 r10=D860 r11=0AE6 r12=0402 r13=0000 r14=0000 r15=43F4
t=85.197394500 pc=00020920 fcw=D860 r0=0103 r1=010F r2=0000 r3=12F8 r4=3D06 r5=2FA2 r6=0000 r7=0000 r8=002F r9=0002 r10=D860 r11=0AE6 r12=0402 r13=0000 r14=0000 r15=43F4
t=85.197396000 pc=00020912 fcw=D860 r0=0103 r1=010F r2=0000 r3=12F8 r4=3D06 r5=2FA2 r6=0000 r7=0000 r8=002F r9=0002 r10=D860 r11=0AE6 r12=0402 r13=0000 r14=0000 r15=43F4
t=85.197397750 pc=00020914 fcw=D860 r0=0103 r1=010F r2=0000 r3=12F8 r4=3D06 r5=2FA2 r6=0000 r7=0000 r8=002F r9=0002 r10=D860 r11=0AE6 r12=0402 r13=0000 r14=0000 r15=43F4
t=85.197399500 pc=00020916 fcw=D860 r0=0103 r1=010F r2=0000 r3=12F8 r4=3D06 r5=2FA2 r6=0000 r7=0000 r8=002F r9=0002 r10=D860 r11=0AE6 r12=0402 r13=0000 r14=0000 r15=43F4
t=85.197403000 pc=0002091A fcw=D860 r0=0103 r1=010F r2=0000 r3=12F8 r4=3D06 r5=2FA2 r6=0000 r7=0000 r8=002F r9=0002 r10=D860 r11=0AE6 r12=0402 r13=0000 r14=0000 r15=43F4
t=85.197405000 pc=0002091C fcw=D860 r0=0103 r1=010F r2=0000 r3=12F8 r4=3D06 r5=2FA2 r6=0000 r7=0000 r8=002F r9=0002 r10=D860 r11=0AE6 r12=0402 r13=0000 r14=0000 r15=43F4
t=85.197406500 pc=0002091E fcw=D860 r0=010F r1=0103 r2=0000 r3=12F8 r4=3D06 r5=2FA2 r6=0000 r7=0000 r8=002F r9=0002 r10=D860 r11=0AE6 r12=0402 r13=0000 r14=0000 r15=43F4
t=85.197409250 pc=00020920 fcw=D860 r0=010F r1=0103 r2=0000 r3=12F8 r4=3D06 r5=2FA2 r6=0000 r7=0000 r8=002F r9=0002 r10=D860 r11=0AE6 r12=0402 r13=0000 r14=0000 r15=43F4
t=85.197410750 pc=00020912 fcw=D860 r0=010F r1=0103 r2=0000 r3=12F8 r4=3D06 r5=2FA2 r6=0000 r7=0000 r8=002F r9=0002 r10=D860 r11=0AE6 r12=0402 r13=0000 r14=0000 r15=43F4
t=85.197412500 pc=00020914 fcw=D860 r0=010F r1=0103 r2=0000 r3=12F8 r4=3D06 r5=2FA2 r6=0000 r7=0000 r8=002F r9=0002 r10=D860 r11=0AE6 r12=0402 r13=0000 r14=0000 r15=43F4
t=85.197414250 pc=00020916 fcw=D860 r0=010F r1=0103 r2=0000 r3=12F8 r4=3D06 r5=2FA2 r6=0000 r7=0000 r8=002F r9=0002 r10=D860 r11=0AE6 r12=0402 r13=0000 r14=0000 r15=43F4
t=85.197417750 pc=0002091A fcw=D860 r0=010F r1=0103 r2=0000 r3=12F8 r4=3D06 r5=2FA2 r6=0000 r7=0000 r8=002F r9=0002 r10=D860 r11=0AE6 r12=0402 r13=0000 r14=0000 r15=43F4
t=85.197419750 pc=0002091C fcw=D860 r0=010F r1=0103 r2=0000 r3=12F8 r4=3D06 r5=2FA2 r6=0000 r7=0000 r8=002F r9=0002 r10=D860 r11=0AE6 r12=0402 r13=0000 r14=0000 r15=43F4
t=85.197421250 pc=0002091E fcw=D860 r0=0103 r1=010F r2=0000 r3=12F8 r4=3D06 r5=2FA2 r6=0000 r7=0000 r8=002F r9=0002 r10=D860 r11=0AE6 r12=0402 r13=0000 r14=0000 r15=43F4
t=85.197424000 pc=00020920 fcw=D860 r0=0103 r1=010F r2=0000 r3=12F8 r4=3D06 r5=2FA2 r6=0000 r7=0000 r8=002F r9=0002 r10=D860 r11=0AE6 r12=0402 r13=0000 r14=0000 r15=43F4
t=85.197425500 pc=00020912 fcw=D860 r0=0103 r1=010F r2=0000 r3=12F8 r4=3D06 r5=2FA2 r6=0000 r7=0000 r8=002F r9=0002 r10=D860 r11=0AE6 r12=0402 r13=0000 r14=0000 r15=43F4
t=85.197427250 pc=00020914 fcw=D860 r0=0103 r1=010F r2=0000 r3=12F8 r4=3D06 r5=2FA2 r6=0000 r7=0000 r8=002F r9=0002 r10=D860 r11=0AE6 r12=0402 r13=0000 r14=0000 r15=43F4
t=85.197429000 pc=00020916 fcw=D860 r0=0103 r1=010F r2=0000 r3=12F8 r4=3D06 r5=2FA2 r6=0000 r7=0000 r8=002F r9=0002 r10=D860 r11=0AE6 r12=0402 r13=0000 r14=0000 r15=43F4
t=85.197432500 pc=0002091A fcw=D860 r0=0103 r1=010F r2=0000 r3=12F8 r4=3D06 r5=2FA2 r6=0000 r7=0000 r8=002F r9=0002 r10=D860 r11=0AE6 r12=0402 r13=0000 r14=0000 r15=43F4
t=85.197434500 pc=0002091C fcw=D860 r0=0103 r1=010F r2=0000 r3=12F8 r4=3D06 r5=2FA2 r6=0000 r7=0000 r8=002F r9=0002 r10=D860 r11=0AE6 r12=0402 r13=0000 r14=0000 r15=43F4
t=85.197436000 pc=0002091E fcw=D860 r0=010F r1=0103 r2=0000 r3=12F8 r4=3D06 r5=2FA2 r6=0000 r7=0000 r8=002F r9=0002 r10=D860 r11=0AE6 r12=0402 r13=0000 r14=0000 r15=43F4
t=85.197438750 pc=00020920 fcw=D860 r0=010F r1=0103 r2=0000 r3=12F8 r4=3D06 r5=2FA2 r6=0000 r7=0000 r8=002F r9=0002 r10=D860 r11=0AE6 r12=0402 r13=0000 r14=0000 r15=43F4
t=85.197440250 pc=00020912 fcw=D860 r0=010F r1=0103 r2=0000 r3=12F8 r4=3D06 r5=2FA2 r6=0000 r7=0000 r8=002F r9=0002 r10=D860 r11=0AE6 r12=0402 r13=0000 r14=0000 r15=43F4
t=85.197442000 pc=00020914 fcw=D860 r0=010F r1=0103 r2=0000 r3=12F8 r4=3D06 r5=2FA2 r6=0000 r7=0000 r8=002F r9=0002 r10=D860 r11=0AE6 r12=0402 r13=0000 r14=0000 r15=43F4
t=85.197443750 pc=00020916 fcw=D860 r0=010F r1=0103 r2=0000 r3=12F8 r4=3D06 r5=2FA2 r6=0000 r7=0000 r8=002F r9=0002 r10=D860 r11=0AE6 r12=0402 r13=0000 r14=0000 r15=43F4
t=85.197447250 pc=0002091A fcw=D860 r0=010F r1=0103 r2=0000 r3=12F8 r4=3D06 r5=2FA2 r6=0000 r7=0000 r8=002F r9=0002 r10=D860 r11=0AE6 r12=0402 r13=0000 r14=0000 r15=43F4
t=85.197449250 pc=0002091C fcw=D860 r0=010F r1=0103 r2=0000 r3=12F8 r4=3D06 r5=2FA2 r6=0000 r7=0000 r8=002F r9=0002 r10=D860 r11=0AE6 r12=0402 r13=0000 r14=0000 r15=43F4
t=85.197450750 pc=0002091E fcw=D860 r0=0103 r1=010F r2=0000 r3=12F8 r4=3D06 r5=2FA2 r6=0000 r7=0000 r8=002F r9=0002 r10=D860 r11=0AE6 r12=0402 r13=0000 r14=0000 r15=43F4
t=85.197453500 pc=00020920 fcw=D860 r0=0103 r1=010F r2=0000 r3=12F8 r4=3D06 r5=2FA2 r6=0000 r7=0000 r8=002F r9=0002 r10=D860 r11=0AE6 r12=0402 r13=0000 r14=0000 r15=43F4
t=85.197455000 pc=00020912 fcw=D860 r0=0103 r1=010F r2=0000 r3=12F8 r4=3D06 r5=2FA2 r6=0000 r7=0000 r8=002F r9=0002 r10=D860 r11=0AE6 r12=0402 r13=0000 r14=0000 r15=43F4
t=85.197456750 pc=00020914 fcw=D860 r0=0103 r1=010F r2=0000 r3=12F8 r4=3D06 r5=2FA2 r6=0000 r7=0000 r8=002F r9=0002 r10=D860 r11=0AE6 r12=0402 r13=0000 r14=0000 r15=43F4
t=85.197458500 pc=00020916 fcw=D860 r0=0103 r1=010F r2=0000 r3=12F8 r4=3D06 r5=2FA2 r6=0000 r7=0000 r8=002F r9=0002 r10=D860 r11=0AE6 r12=0402 r13=0000 r14=0000 r15=43F4
t=85.197462000 pc=0002091A fcw=D860 r0=0103 r1=010F r2=0000 r3=12F8 r4=3D06 r5=2FA2 r6=0000 r7=0000 r8=002F r9=0002 r10=D860 r11=0AE6 r12=0402 r13=0000 r14=0000 r15=43F4
t=85.197464000 pc=0002091C fcw=D860 r0=0103 r1=010F r2=0000 r3=12F8 r4=3D06 r5=2FA2 r6=0000 r7=0000 r8=002F r9=0002 r10=D860 r11=0AE6 r12=0402 r13=0000 r14=0000 r15=43F4
t=85.197465500 pc=0002091E fcw=D860 r0=010F r1=0103 r2=0000 r3=12F8 r4=3D06 r5=2FA2 r6=0000 r7=0000 r8=002F r9=0002 r10=D860 r11=0AE6 r12=0402 r13=0000 r14=0000 r15=43F4
t=85.197468250 pc=00020920 fcw=D860 r0=010F r1=0103 r2=0000 r3=12F8 r4=3D06 r5=2FA2 r6=0000 r7=0000 r8=002F r9=0002 r10=D860 r11=0AE6 r12=0402 r13=0000 r14=0000 r15=43F4
t=85.197469750 pc=00020912 fcw=D860 r0=010F r1=0103 r2=0000 r3=12F8 r4=3D06 r5=2FA2 r6=0000 r7=0000 r8=002F r9=0002 r10=D860 r11=0AE6 r12=0402 r13=0000 r14=0000 r15=43F4
t=85.197471500 pc=00020914 fcw=D860 r0=010F r1=0103 r2=0000 r3=12F8 r4=3D06 r5=2FA2 r6=0000 r7=0000 r8=002F r9=0002 r10=D860 r11=0AE6 r12=0402 r13=0000 r14=0000 r15=43F4
t=85.197473250 pc=00020916 fcw=D860 r0=010F r1=0103 r2=0000 r3=12F8 r4=3D06 r5=2FA2 r6=0000 r7=0000 r8=002F r9=0002 r10=D860 r11=0AE6 r12=0402 r13=0000 r14=0000 r15=43F4
t=85.197476750 pc=0002091A fcw=D860 r0=010F r1=0103 r2=0000 r3=12F8 r4=3D06 r5=2FA2 r6=0000 r7=0000 r8=002F r9=0002 r10=D860 r11=0AE6 r12=0402 r13=0000 r14=0000 r15=43F4
t=85.197478750 pc=0002091C fcw=D860 r0=010F r1=0103 r2=0000 r3=12F8 r4=3D06 r5=2FA2 r6=0000 r7=0000 r8=002F r9=0002 r10=D860 r11=0AE6 r12=0402 r13=0000 r14=0000 r15=43F4
t=85.197480250 pc=0002091E fcw=D860 r0=0103 r1=010F r2=0000 r3=12F8 r4=3D06 r5=2FA2 r6=0000 r7=0000 r8=002F r9=0002 r10=D860 r11=0AE6 r12=0402 r13=0000 r14=0000 r15=43F4
t=85.197483000 pc=00020920 fcw=D860 r0=0103 r1=010F r2=0000 r3=12F8 r4=3D06 r5=2FA2 r6=0000 r7=0000 r8=002F r9=0002 r10=D860 r11=0AE6 r12=0402 r13=0000 r14=0000 r15=43F4
t=85.197484500 pc=00020912 fcw=D860 r0=0103 r1=010F r2=0000 r3=12F8 r4=3D06 r5=2FA2 r6=0000 r7=0000 r8=002F r9=0002 r10=D860 r11=0AE6 r12=0402 r13=0000 r14=0000 r15=43F4
t=85.197486250 pc=00020914 fcw=D860 r0=0103 r1=010F r2=0000 r3=12F8 r4=3D06 r5=2FA2 r6=0000 r7=0000 r8=002F r9=0002 r10=D860 r11=0AE6 r12=0402 r13=0000 r14=0000 r15=43F4
t=85.197488000 pc=00020916 fcw=D860 r0=0103 r1=010F r2=0000 r3=12F8 r4=3D06 r5=2FA2 r6=0000 r7=0000 r8=002F r9=0002 r10=D860 r11=0AE6 r12=0402 r13=0000 r14=0000 r15=43F4
t=85.197491500 pc=0002091A fcw=D860 r0=0103 r1=010F r2=0000 r3=12F8 r4=3D06 r5=2FA2 r6=0000 r7=0000 r8=002F r9=0002 r10=D860 r11=0AE6 r12=0402 r13=0000 r14=0000 r15=43F4
t=85.197493500 pc=0002091C fcw=D860 r0=0103 r1=010F r2=0000 r3=12F8 r4=3D06 r5=2FA2 r6=0000 r7=0000 r8=002F r9=0002 r10=D860 r11=0AE6 r12=0402 r13=0000 r14=0000 r15=43F4
t=85.197495000 pc=0002091E fcw=D860 r0=010F r1=0103 r2=0000 r3=12F8 r4=3D06 r5=2FA2 r6=0000 r7=0000 r8=002F r9=0002 r10=D860 r11=0AE6 r12=0402 r13=0000 r14=0000 r15=43F4
t=85.197497750 pc=00020920 fcw=D860 r0=010F r1=0103 r2=0000 r3=12F8 r4=3D06 r5=2FA2 r6=0000 r7=0000 r8=002F r9=0002 r10=D860 r11=0AE6 r12=0402 r13=0000 r14=0000 r15=43F4
t=85.197499250 pc=00020912 fcw=D860 r0=010F r1=0103 r2=0000 r3=12F8 r4=3D06 r5=2FA2 r6=0000 r7=0000 r8=002F r9=0002 r10=D860 r11=0AE6 r12=0402 r13=0000 r14=0000 r15=43F4
t=85.197501000 pc=00020914 fcw=D860 r0=010F r1=0103 r2=0000 r3=12F8 r4=3D06 r5=2FA2 r6=0000 r7=0000 r8=002F r9=0002 r10=D860 r11=0AE6 r12=0402 r13=0000 r14=0000 r15=43F4
t=85.197502750 pc=00020916 fcw=D860 r0=010F r1=0103 r2=0000 r3=12F8 r4=3D06 r5=2FA2 r6=0000 r7=0000 r8=002F r9=0002 r10=D860 r11=0AE6 r12=0402 r13=0000 r14=0000 r15=43F4
t=85.197506250 pc=0002091A fcw=D860 r0=010F r1=0103 r2=0000 r3=12F8 r4=3D06 r5=2FA2 r6=0000 r7=0000 r8=002F r9=0002 r10=D860 r11=0AE6 r12=0402 r13=0000 r14=0000 r15=43F4
t=85.197508250 pc=0002091C fcw=D860 r0=010F r1=0103 r2=0000 r3=12F8 r4=3D06 r5=2FA2 r6=0000 r7=0000 r8=002F r9=0002 r10=D860 r11=0AE6 r12=0402 r13=0000 r14=0000 r15=43F4
t=85.197509750 pc=0002091E fcw=D860 r0=0103 r1=010F r2=0000 r3=12F8 r4=3D06 r5=2FA2 r6=0000 r7=0000 r8=002F r9=0002 r10=D860 r11=0AE6 r12=0402 r13=0000 r14=0000 r15=43F4
t=85.197512500 pc=00020920 fcw=D860 r0=0103 r1=010F r2=0000 r3=12F8 r4=3D06 r5=2FA2 r6=0000 r7=0000 r8=002F r9=0002 r10=D860 r11=0AE6 r12=0402 r13=0000 r14=0000 r15=43F4
t=85.197514000 pc=00020912 fcw=D860 r0=0103 r1=010F r2=0000 r3=12F8 r4=3D06 r5=2FA2 r6=0000 r7=0000 r8=002F r9=0002 r10=D860 r11=0AE6 r12=0402 r13=0000 r14=0000 r15=43F4
t=85.197515750 pc=00020914 fcw=D860 r0=0103 r1=010F r2=0000 r3=12F8 r4=3D06 r5=2FA2 r6=0000 r7=0000 r8=002F r9=0002 r10=D860 r11=0AE6 r12=0402 r13=0000 r14=0000 r15=43F4
t=85.197517500 pc=00020916 fcw=D860 r0=0103 r1=010F r2=0000 r3=12F8 r4=3D06 r5=2FA2 r6=0000 r7=0000 r8=002F r9=0002 r10=D860 r11=0AE6 r12=0402 r13=0000 r14=0000 r15=43F4
t=85.197521000 pc=0002091A fcw=D860 r0=0103 r1=010F r2=0000 r3=12F8 r4=3D06 r5=2FA2 r6=0000 r7=0000 r8=002F r9=0002 r10=D860 r11=0AE6 r12=0402 r13=0000 r14=0000 r15=43F4
t=85.197523000 pc=0002091C fcw=D860 r0=0103 r1=010F r2=0000 r3=12F8 r4=3D06 r5=2FA2 r6=0000 r7=0000 r8=002F r9=0002 r10=D860 r11=0AE6 r12=0402 r13=0000 r14=0000 r15=43F4
t=85.197524500 pc=0002091E fcw=D860 r0=010F r1=0103 r2=0000 r3=12F8 r4=3D06 r5=2FA2 r6=0000 r7=0000 r8=002F r9=0002 r10=D860 r11=0AE6 r12=0402 r13=0000 r14=0000 r15=43F4
t=85.197527250 pc=00020920 fcw=D860 r0=010F r1=0103 r2=0000 r3=12F8 r4=3D06 r5=2FA2 r6=0000 r7=0000 r8=002F r9=0002 r10=D860 r11=0AE6 r12=0402 r13=0000 r14=0000 r15=43F4
t=85.197528750 pc=00020912 fcw=D860 r0=010F r1=0103 r2=0000 r3=12F8 r4=3D06 r5=2FA2 r6=0000 r7=0000 r8=002F r9=0002 r10=D860 r11=0AE6 r12=0402 r13=0000 r14=0000 r15=43F4
t=85.197530500 pc=00020914 fcw=D860 r0=010F r1=0103 r2=0000 r3=12F8 r4=3D06 r5=2FA2 r6=0000 r7=0000 r8=002F r9=0002 r10=D860 r11=0AE6 r12=0402 r13=0000 r14=0000 r15=43F4
t=85.197532250 pc=00020916 fcw=D860 r0=010F r1=0103 r2=0000 r3=12F8 r4=3D06 r5=2FA2 r6=0000 r7=0000 r8=002F r9=0002 r10=D860 r11=0AE6 r12=0402 r13=0000 r14=0000 r15=43F4
t=85.197535750 pc=0002091A fcw=D860 r0=010F r1=0103 r2=0000 r3=12F8 r4=3D06 r5=2FA2 r6=0000 r7=0000 r8=002F r9=0002 r10=D860 r11=0AE6 r12=0402 r13=0000 r14=0000 r15=43F4
t=85.197537750 pc=0002091C fcw=D860 r0=010F r1=0103 r2=0000 r3=12F8 r4=3D06 r5=2FA2 r6=0000 r7=0000 r8=002F r9=0002 r10=D860 r11=0AE6 r12=0402 r13=0000 r14=0000 r15=43F4
t=85.197539250 pc=0002091E fcw=D860 r0=0103 r1=010F r2=0000 r3=12F8 r4=3D06 r5=2FA2 r6=0000 r7=0000 r8=002F r9=0002 r10=D860 r11=0AE6 r12=0402 r13=0000 r14=0000 r15=43F4
t=85.197542000 pc=00020920 fcw=D860 r0=0103 r1=010F r2=0000 r3=12F8 r4=3D06 r5=2FA2 r6=0000 r7=0000 r8=002F r9=0002 r10=D860 r11=0AE6 r12=0402 r13=0000 r14=0000 r15=43F4
t=85.197543500 pc=00020912 fcw=D860 r0=0103 r1=010F r2=0000 r3=12F8 r4=3D06 r5=2FA2 r6=0000 r7=0000 r8=002F r9=0002 r10=D860 r11=0AE6 r12=0402 r13=0000 r14=0000 r15=43F4
t=85.197545250 pc=00020914 fcw=D860 r0=0103 r1=010F r2=0000 r3=12F8 r4=3D06 r5=2FA2 r6=0000 r7=0000 r8=002F r9=0002 r10=D860 r11=0AE6 r12=0402 r13=0000 r14=0000 r15=43F4
t=85.197547000 pc=00020916 fcw=D860 r0=0103 r1=010F r2=0000 r3=12F8 r4=3D06 r5=2FA2 r6=0000 r7=0000 r8=002F r9=0002 r10=D860 r11=0AE6 r12=0402 r13=0000 r14=0000 r15=43F4
t=85.197550500 pc=0002091A fcw=D860 r0=0103 r1=010F r2=0000 r3=12F8 r4=3D06 r5=2FA2 r6=0000 r7=0000 r8=002F r9=0002 r10=D860 r11=0AE6 r12=0402 r13=0000 r14=0000 r15=43F4
t=85.197552500 pc=0002091C fcw=D860 r0=0103 r1=010F r2=0000 r3=12F8 r4=3D06 r5=2FA2 r6=0000 r7=0000 r8=002F r9=0002 r10=D860 r11=0AE6 r12=0402 r13=0000 r14=0000 r15=43F4
t=85.197554000 pc=0002091E fcw=D860 r0=010F r1=0103 r2=0000 r3=12F8 r4=3D06 r5=2FA2 r6=0000 r7=0000 r8=002F r9=0002 r10=D860 r11=0AE6 r12=0402 r13=0000 r14=0000 r15=43F4
t=85.197556750 pc=00020920 fcw=D860 r0=010F r1=0103 r2=0000 r3=12F8 r4=3D06 r5=2FA2 r6=0000 r7=0000 r8=002F r9=0002 r10=D860 r11=0AE6 r12=0402 r13=0000 r14=0000 r15=43F4
t=85.197558250 pc=00020912 fcw=D860 r0=010F r1=0103 r2=0000 r3=12F8 r4=3D06 r5=2FA2 r6=0000 r7=0000 r8=002F r9=0002 r10=D860 r11=0AE6 r12=0402 r13=0000 r14=0000 r15=43F4
t=85.197560000 pc=00020914 fcw=D860 r0=010F r1=0103 r2=0000 r3=12F8 r4=3D06 r5=2FA2 r6=0000 r7=0000 r8=002F r9=0002 r10=D860 r11=0AE6 r12=0402 r13=0000 r14=0000 r15=43F4
t=85.197561750 pc=00020916 fcw=D860 r0=010F r1=0103 r2=0000 r3=12F8 r4=3D06 r5=2FA2 r6=0000 r7=0000 r8=002F r9=0002 r10=D860 r11=0AE6 r12=0402 r13=0000 r14=0000 r15=43F4
t=85.197565250 pc=0002091A fcw=D860 r0=010F r1=0103 r2=0000 r3=12F8 r4=3D06 r5=2FA2 r6=0000 r7=0000 r8=002F r9=0002 r10=D860 r11=0AE6 r12=0402 r13=0000 r14=0000 r15=43F4
t=85.197567250 pc=0002091C fcw=D860 r0=010F r1=0103 r2=0000 r3=12F8 r4=3D06 r5=2FA2 r6=0000 r7=0000 r8=002F r9=0002 r10=D860 r11=0AE6 r12=0402 r13=0000 r14=0000 r15=43F4
t=85.197568750 pc=0002091E fcw=D860 r0=0103 r1=010F r2=0000 r3=12F8 r4=3D06 r5=2FA2 r6=0000 r7=0000 r8=002F r9=0002 r10=D860 r11=0AE6 r12=0402 r13=0000 r14=0000 r15=43F4
t=85.197571500 pc=00020920 fcw=D860 r0=0103 r1=010F r2=0000 r3=12F8 r4=3D06 r5=2FA2 r6=0000 r7=0000 r8=002F r9=0002 r10=D860 r11=0AE6 r12=0402 r13=0000 r14=0000 r15=43F4
t=85.197573000 pc=00020912 fcw=D860 r0=0103 r1=010F r2=0000 r3=12F8 r4=3D06 r5=2FA2 r6=0000 r7=0000 r8=002F r9=0002 r10=D860 r11=0AE6 r12=0402 r13=0000 r14=0000 r15=43F4
t=85.197574750 pc=00020914 fcw=D860 r0=0103 r1=010F r2=0000 r3=12F8 r4=3D06 r5=2FA2 r6=0000 r7=0000 r8=002F r9=0002 r10=D860 r11=0AE6 r12=0402 r13=0000 r14=0000 r15=43F4
t=85.197576500 pc=00020916 fcw=D860 r0=0103 r1=010F r2=0000 r3=12F8 r4=3D06 r5=2FA2 r6=0000 r7=0000 r8=002F r9=0002 r10=D860 r11=0AE6 r12=0402 r13=0000 r14=0000 r15=43F4
t=85.197580000 pc=0002091A fcw=D860 r0=0103 r1=010F r2=0000 r3=12F8 r4=3D06 r5=2FA2 r6=0000 r7=0000 r8=002F r9=0002 r10=D860 r11=0AE6 r12=0402 r13=0000 r14=0000 r15=43F4
t=85.197582000 pc=0002091C fcw=D860 r0=0103 r1=010F r2=0000 r3=12F8 r4=3D06 r5=2FA2 r6=0000 r7=0000 r8=002F r9=0002 r10=D860 r11=0AE6 r12=0402 r13=0000 r14=0000 r15=43F4
t=85.197583500 pc=0002091E fcw=D860 r0=010F r1=0103 r2=0000 r3=12F8 r4=3D06 r5=2FA2 r6=0000 r7=0000 r8=002F r9=0002 r10=D860 r11=0AE6 r12=0402 r13=0000 r14=0000 r15=43F4
t=85.197586250 pc=00020920 fcw=D860 r0=010F r1=0103 r2=0000 r3=12F8 r4=3D06 r5=2FA2 r6=0000 r7=0000 r8=002F r9=0002 r10=D860 r11=0AE6 r12=0402 r13=0000 r14=0000 r15=43F4
t=85.197587750 pc=00020912 fcw=D860 r0=010F r1=0103 r2=0000 r3=12F8 r4=3D06 r5=2FA2 r6=0000 r7=0000 r8=002F r9=0002 r10=D860 r11=0AE6 r12=0402 r13=0000 r14=0000 r15=43F4
t=85.197589500 pc=00020914 fcw=D860 r0=010F r1=0103 r2=0000 r3=12F8 r4=3D06 r5=2FA2 r6=0000 r7=0000 r8=002F r9=0002 r10=D860 r11=0AE6 r12=0402 r13=0000 r14=0000 r15=43F4
t=85.197591250 pc=00020916 fcw=D860 r0=010F r1=0103 r2=0000 r3=12F8 r4=3D06 r5=2FA2 r6=0000 r7=0000 r8=002F r9=0002 r10=D860 r11=0AE6 r12=0402 r13=0000 r14=0000 r15=43F4
t=85.197594750 pc=0002091A fcw=D860 r0=010F r1=0103 r2=0000 r3=12F8 r4=3D06 r5=2FA2 r6=0000 r7=0000 r8=002F r9=0002 r10=D860 r11=0AE6 r12=0402 r13=0000 r14=0000 r15=43F4
t=85.197596750 pc=0002091C fcw=D860 r0=010F r1=0103 r2=0000 r3=12F8 r4=3D06 r5=2FA2 r6=0000 r7=0000 r8=002F r9=0002 r10=D860 r11=0AE6 r12=0402 r13=0000 r14=0000 r15=43F4
t=85.197598250 pc=0002091E fcw=D860 r0=0103 r1=010F r2=0000 r3=12F8 r4=3D06 r5=2FA2 r6=0000 r7=0000 r8=002F r9=0002 r10=D860 r11=0AE6 r12=0402 r13=0000 r14=0000 r15=43F4
t=85.197601000 pc=00020920 fcw=D860 r0=0103 r1=010F r2=0000 r3=12F8 r4=3D06 r5=2FA2 r6=0000 r7=0000 r8=002F r9=0002 r10=D860 r11=0AE6 r12=0402 r13=0000 r14=0000 r15=43F4
t=85.197602500 pc=00020912 fcw=D860 r0=0103 r1=010F r2=0000 r3=12F8 r4=3D06 r5=2FA2 r6=0000 r7=0000 r8=002F r9=0002 r10=D860 r11=0AE6 r12=0402 r13=0000 r14=0000 r15=43F4
t=85.197604250 pc=00020914 fcw=D860 r0=0103 r1=010F r2=0000 r3=12F8 r4=3D06 r5=2FA2 r6=0000 r7=0000 r8=002F r9=0002 r10=D860 r11=0AE6 r12=0402 r13=0000 r14=0000 r15=43F4
t=85.197606000 pc=00020916 fcw=D860 r0=0103 r1=010F r2=0000 r3=12F8 r4=3D06 r5=2FA2 r6=0000 r7=0000 r8=002F r9=0002 r10=D860 r11=0AE6 r12=0402 r13=0000 r14=0000 r15=43F4
t=85.197609500 pc=0002091A fcw=D860 r0=0103 r1=010F r2=0000 r3=12F8 r4=3D06 r5=2FA2 r6=0000 r7=0000 r8=002F r9=0002 r10=D860 r11=0AE6 r12=0402 r13=0000 r14=0000 r15=43F4
t=85.197611500 pc=0002091C fcw=D860 r0=0103 r1=010F r2=0000 r3=12F8 r4=3D06 r5=2FA2 r6=0000 r7=0000 r8=002F r9=0002 r10=D860 r11=0AE6 r12=0402 r13=0000 r14=0000 r15=43F4
t=85.197613000 pc=0002091E fcw=D860 r0=010F r1=0103 r2=0000 r3=12F8 r4=3D06 r5=2FA2 r6=0000 r7=0000 r8=002F r9=0002 r10=D860 r11=0AE6 r12=0402 r13=0000 r14=0000 r15=43F4
t=85.197615750 pc=00020920 fcw=D860 r0=010F r1=0103 r2=0000 r3=12F8 r4=3D06 r5=2FA2 r6=0000 r7=0000 r8=002F r9=0002 r10=D860 r11=0AE6 r12=0402 r13=0000 r14=0000 r15=43F4
t=85.197617250 pc=00020912 fcw=D860 r0=010F r1=0103 r2=0000 r3=12F8 r4=3D06 r5=2FA2 r6=0000 r7=0000 r8=002F r9=0002 r10=D860 r11=0AE6 r12=0402 r13=0000 r14=0000 r15=43F4
t=85.197619000 pc=00020914 fcw=D860 r0=010F r1=0103 r2=0000 r3=12F8 r4=3D06 r5=2FA2 r6=0000 r7=0000 r8=002F r9=0002 r10=D860 r11=0AE6 r12=0402 r13=0000 r14=0000 r15=43F4
t=85.197620750 pc=00020916 fcw=D860 r0=010F r1=0103 r2=0000 r3=12F8 r4=3D06 r5=2FA2 r6=0000 r7=0000 r8=002F r9=0002 r10=D860 r11=0AE6 r12=0402 r13=0000 r14=0000 r15=43F4
t=85.197624250 pc=0002091A fcw=D860 r0=010F r1=0103 r2=0000 r3=12F8 r4=3D06 r5=2FA2 r6=0000 r7=0000 r8=002F r9=0002 r10=D860 r11=0AE6 r12=0402 r13=0000 r14=0000 r15=43F4
t=85.197626250 pc=0002091C fcw=D860 r0=010F r1=0103 r2=0000 r3=12F8 r4=3D06 r5=2FA2 r6=0000 r7=0000 r8=002F r9=0002 r10=D860 r11=0AE6 r12=0402 r13=0000 r14=0000 r15=43F4
t=85.197627750 pc=0002091E fcw=D860 r0=0103 r1=010F r2=0000 r3=12F8 r4=3D06 r5=2FA2 r6=0000 r7=0000 r8=002F r9=0002 r10=D860 r11=0AE6 r12=0402 r13=0000 r14=0000 r15=43F4
t=85.197630500 pc=00020920 fcw=D860 r0=0103 r1=010F r2=0000 r3=12F8 r4=3D06 r5=2FA2 r6=0000 r7=0000 r8=002F r9=0002 r10=D860 r11=0AE6 r12=0402 r13=0000 r14=0000 r15=43F4
t=85.197632000 pc=00020912 fcw=D860 r0=0103 r1=010F r2=0000 r3=12F8 r4=3D06 r5=2FA2 r6=0000 r7=0000 r8=002F r9=0002 r10=D860 r11=0AE6 r12=0402 r13=0000 r14=0000 r15=43F4
t=85.197633750 pc=00020914 fcw=D860 r0=0103 r1=010F r2=0000 r3=12F8 r4=3D06 r5=2FA2 r6=0000 r7=0000 r8=002F r9=0002 r10=D860 r11=0AE6 r12=0402 r13=0000 r14=0000 r15=43F4
t=85.197635500 pc=00020916 fcw=D860 r0=0103 r1=010F r2=0000 r3=12F8 r4=3D06 r5=2FA2 r6=0000 r7=0000 r8=002F r9=0002 r10=D860 r11=0AE6 r12=0402 r13=0000 r14=0000 r15=43F4
t=85.197639000 pc=0002091A fcw=D860 r0=0103 r1=010F r2=0000 r3=12F8 r4=3D06 r5=2FA2 r6=0000 r7=0000 r8=002F r9=0002 r10=D860 r11=0AE6 r12=0402 r13=0000 r14=0000 r15=43F4
t=85.197641000 pc=0002091C fcw=D860 r0=0103 r1=010F r2=0000 r3=12F8 r4=3D06 r5=2FA2 r6=0000 r7=0000 r8=002F r9=0002 r10=D860 r11=0AE6 r12=0402 r13=0000 r14=0000 r15=43F4
t=85.197642500 pc=0002091E fcw=D860 r0=010F r1=0103 r2=0000 r3=12F8 r4=3D06 r5=2FA2 r6=0000 r7=0000 r8=002F r9=0002 r10=D860 r11=0AE6 r12=0402 r13=0000 r14=0000 r15=43F4
t=85.197645250 pc=00020920 fcw=D860 r0=010F r1=0103 r2=0000 r3=12F8 r4=3D06 r5=2FA2 r6=0000 r7=0000 r8=002F r9=0002 r10=D860 r11=0AE6 r12=0402 r13=0000 r14=0000 r15=43F4
t=85.197646750 pc=00020912 fcw=D860 r0=010F r1=0103 r2=0000 r3=12F8 r4=3D06 r5=2FA2 r6=0000 r7=0000 r8=002F r9=0002 r10=D860 r11=0AE6 r12=0402 r13=0000 r14=0000 r15=43F4
t=85.197648500 pc=00020914 fcw=D860 r0=010F r1=0103 r2=0000 r3=12F8 r4=3D06 r5=2FA2 r6=0000 r7=0000 r8=002F r9=0002 r10=D860 r11=0AE6 r12=0402 r13=0000 r14=0000 r15=43F4
t=85.197650250 pc=00020916 fcw=D860 r0=010F r1=0103 r2=0000 r3=12F8 r4=3D06 r5=2FA2 r6=0000 r7=0000 r8=002F r9=0002 r10=D860 r11=0AE6 r12=0402 r13=0000 r14=0000 r15=43F4
t=85.197653750 pc=0002091A fcw=D860 r0=010F r1=0103 r2=0000 r3=12F8 r4=3D06 r5=2FA2 r6=0000 r7=0000 r8=002F r9=0002 r10=D860 r11=0AE6 r12=0402 r13=0000 r14=0000 r15=43F4
t=85.197655750 pc=0002091C fcw=D860 r0=010F r1=0103 r2=0000 r3=12F8 r4=3D06 r5=2FA2 r6=0000 r7=0000 r8=002F r9=0002 r10=D860 r11=0AE6 r12=0402 r13=0000 r14=0000 r15=43F4
t=85.197657250 pc=0002091E fcw=D860 r0=0103 r1=010F r2=0000 r3=12F8 r4=3D06 r5=2FA2 r6=0000 r7=0000 r8=002F r9=0002 r10=D860 r11=0AE6 r12=0402 r13=0000 r14=0000 r15=43F4
t=85.197660000 pc=00020920 fcw=D860 r0=0103 r1=010F r2=0000 r3=12F8 r4=3D06 r5=2FA2 r6=0000 r7=0000 r8=002F r9=0002 r10=D860 r11=0AE6 r12=0402 r13=0000 r14=0000 r15=43F4
t=85.197661500 pc=00020912 fcw=D860 r0=0103 r1=010F r2=0000 r3=12F8 r4=3D06 r5=2FA2 r6=0000 r7=0000 r8=002F r9=0002 r10=D860 r11=0AE6 r12=0402 r13=0000 r14=0000 r15=43F4
t=85.197663250 pc=00020914 fcw=D860 r0=0103 r1=010F r2=0000 r3=12F8 r4=3D06 r5=2FA2 r6=0000 r7=0000 r8=002F r9=0002 r10=D860 r11=0AE6 r12=0402 r13=0000 r14=0000 r15=43F4
t=85.197665000 pc=00020916 fcw=D860 r0=0103 r1=010F r2=0000 r3=12F8 r4=3D06 r5=2FA2 r6=0000 r7=0000 r8=002F r9=0002 r10=D860 r11=0AE6 r12=0402 r13=0000 r14=0000 r15=43F4
t=85.197668500 pc=0002091A fcw=D860 r0=0103 r1=010F r2=0000 r3=12F8 r4=3D06 r5=2FA2 r6=0000 r7=0000 r8=002F r9=0002 r10=D860 r11=0AE6 r12=0402 r13=0000 r14=0000 r15=43F4
t=85.197670500 pc=0002091C fcw=D860 r0=0103 r1=010F r2=0000 r3=12F8 r4=3D06 r5=2FA2 r6=0000 r7=0000 r8=002F r9=0002 r10=D860 r11=0AE6 r12=0402 r13=0000 r14=0000 r15=43F4
t=85.197672000 pc=0002091E fcw=D860 r0=010F r1=0103 r2=0000 r3=12F8 r4=3D06 r5=2FA2 r6=0000 r7=0000 r8=002F r9=0002 r10=D860 r11=0AE6 r12=0402 r13=0000 r14=0000 r15=43F4
t=85.197674750 pc=00020920 fcw=D860 r0=010F r1=0103 r2=0000 r3=12F8 r4=3D06 r5=2FA2 r6=0000 r7=0000 r8=002F r9=0002 r10=D860 r11=0AE6 r12=0402 r13=0000 r14=0000 r15=43F4
t=85.197676250 pc=00020912 fcw=D860 r0=010F r1=0103 r2=0000 r3=12F8 r4=3D06 r5=2FA2 r6=0000 r7=0000 r8=002F r9=0002 r10=D860 r11=0AE6 r12=0402 r13=0000 r14=0000 r15=43F4
t=85.197678000 pc=00020914 fcw=D860 r0=010F r1=0103 r2=0000 r3=12F8 r4=3D06 r5=2FA2 r6=0000 r7=0000 r8=002F r9=0002 r10=D860 r11=0AE6 r12=0402 r13=0000 r14=0000 r15=43F4
t=85.197679750 pc=00020916 fcw=D860 r0=010F r1=0103 r2=0000 r3=12F8 r4=3D06 r5=2FA2 r6=0000 r7=0000 r8=002F r9=0002 r10=D860 r11=0AE6 r12=0402 r13=0000 r14=0000 r15=43F4
t=85.197683250 pc=0002091A fcw=D860 r0=010F r1=0103 r2=0000 r3=12F8 r4=3D06 r5=2FA2 r6=0000 r7=0000 r8=002F r9=0002 r10=D860 r11=0AE6 r12=0402 r13=0000 r14=0000 r15=43F4
t=85.197685250 pc=0002091C fcw=D860 r0=010F r1=0103 r2=0000 r3=12F8 r4=3D06 r5=2FA2 r6=0000 r7=0000 r8=002F r9=0002 r10=D860 r11=0AE6 r12=0402 r13=0000 r14=0000 r15=43F4
t=85.197686750 pc=0002091E fcw=D860 r0=0103 r1=010F r2=0000 r3=12F8 r4=3D06 r5=2FA2 r6=0000 r7=0000 r8=002F r9=0002 r10=D860 r11=0AE6 r12=0402 r13=0000 r14=0000 r15=43F4
t=85.197689500 pc=00020920 fcw=D860 r0=0103 r1=010F r2=0000 r3=12F8 r4=3D06 r5=2FA2 r6=0000 r7=0000 r8=002F r9=0002 r10=D860 r11=0AE6 r12=0402 r13=0000 r14=0000 r15=43F4
t=85.197691000 pc=00020912 fcw=D860 r0=0103 r1=010F r2=0000 r3=12F8 r4=3D06 r5=2FA2 r6=0000 r7=0000 r8=002F r9=0002 r10=D860 r11=0AE6 r12=0402 r13=0000 r14=0000 r15=43F4
t=85.197692750 pc=00020914 fcw=D860 r0=0103 r1=010F r2=0000 r3=12F8 r4=3D06 r5=2FA2 r6=0000 r7=0000 r8=002F r9=0002 r10=D860 r11=0AE6 r12=0402 r13=0000 r14=0000 r15=43F4
t=85.197694500 pc=00020916 fcw=D860 r0=0103 r1=010F r2=0000 r3=12F8 r4=3D06 r5=2FA2 r6=0000 r7=0000 r8=002F r9=0002 r10=D860 r11=0AE6 r12=0402 r13=0000 r14=0000 r15=43F4
t=85.197698000 pc=0002091A fcw=D860 r0=0103 r1=010F r2=0000 r3=12F8 r4=3D06 r5=2FA2 r6=0000 r7=0000 r8=002F r9=0002 r10=D860 r11=0AE6 r12=0402 r13=0000 r14=0000 r15=43F4
t=85.197700000 pc=0002091C fcw=D860 r0=0103 r1=010F r2=0000 r3=12F8 r4=3D06 r5=2FA2 r6=0000 r7=0000 r8=002F r9=0002 r10=D860 r11=0AE6 r12=0402 r13=0000 r14=0000 r15=43F4
t=85.197701500 pc=0002091E fcw=D860 r0=010F r1=0103 r2=0000 r3=12F8 r4=3D06 r5=2FA2 r6=0000 r7=0000 r8=002F r9=0002 r10=D860 r11=0AE6 r12=0402 r13=0000 r14=0000 r15=43F4
t=85.197704250 pc=00020920 fcw=D860 r0=010F r1=0103 r2=0000 r3=12F8 r4=3D06 r5=2FA2 r6=0000 r7=0000 r8=002F r9=0002 r10=D860 r11=0AE6 r12=0402 r13=0000 r14=0000 r15=43F4
t=85.197705750 pc=00020912 fcw=D860 r0=010F r1=0103 r2=0000 r3=12F8 r4=3D06 r5=2FA2 r6=0000 r7=0000 r8=002F r9=0002 r10=D860 r11=0AE6 r12=0402 r13=0000 r14=0000 r15=43F4
t=85.197707500 pc=00020914 fcw=D860 r0=010F r1=0103 r2=0000 r3=12F8 r4=3D06 r5=2FA2 r6=0000 r7=0000 r8=002F r9=0002 r10=D860 r11=0AE6 r12=0402 r13=0000 r14=0000 r15=43F4
t=85.197709250 pc=00020916 fcw=D860 r0=010F r1=0103 r2=0000 r3=12F8 r4=3D06 r5=2FA2 r6=0000 r7=0000 r8=002F r9=0002 r10=D860 r11=0AE6 r12=0402 r13=0000 r14=0000 r15=43F4
t=85.197712750 pc=0002091A fcw=D860 r0=010F r1=0103 r2=0000 r3=12F8 r4=3D06 r5=2FA2 r6=0000 r7=0000 r8=002F r9=0002 r10=D860 r11=0AE6 r12=0402 r13=0000 r14=0000 r15=43F4
t=85.197714750 pc=0002091C fcw=D860 r0=010F r1=0103 r2=0000 r3=12F8 r4=3D06 r5=2FA2 r6=0000 r7=0000 r8=002F r9=0002 r10=D860 r11=0AE6 r12=0402 r13=0000 r14=0000 r15=43F4
t=85.197716250 pc=0002091E fcw=D860 r0=0103 r1=010F r2=0000 r3=12F8 r4=3D06 r5=2FA2 r6=0000 r7=0000 r8=002F r9=0002 r10=D860 r11=0AE6 r12=0402 r13=0000 r14=0000 r15=43F4
t=85.197719000 pc=00020920 fcw=D860 r0=0103 r1=010F r2=0000 r3=12F8 r4=3D06 r5=2FA2 r6=0000 r7=0000 r8=002F r9=0002 r10=D860 r11=0AE6 r12=0402 r13=0000 r14=0000 r15=43F4
t=85.197720500 pc=00020912 fcw=D860 r0=0103 r1=010F r2=0000 r3=12F8 r4=3D06 r5=2FA2 r6=0000 r7=0000 r8=002F r9=0002 r10=D860 r11=0AE6 r12=0402 r13=0000 r14=0000 r15=43F4
t=85.197722250 pc=00020914 fcw=D860 r0=0103 r1=010F r2=0000 r3=12F8 r4=3D06 r5=2FA2 r6=0000 r7=0000 r8=002F r9=0002 r10=D860 r11=0AE6 r12=0402 r13=0000 r14=0000 r15=43F4
t=85.197724000 pc=00020916 fcw=D860 r0=0103 r1=010F r2=0000 r3=12F8 r4=3D06 r5=2FA2 r6=0000 r7=0000 r8=002F r9=0002 r10=D860 r11=0AE6 r12=0402 r13=0000 r14=0000 r15=43F4
t=85.197727500 pc=0002091A fcw=D860 r0=0103 r1=010F r2=0000 r3=12F8 r4=3D06 r5=2FA2 r6=0000 r7=0000 r8=002F r9=0002 r10=D860 r11=0AE6 r12=0402 r13=0000 r14=0000 r15=43F4
t=85.197729500 pc=0002091C fcw=D860 r0=0103 r1=010F r2=0000 r3=12F8 r4=3D06 r5=2FA2 r6=0000 r7=0000 r8=002F r9=0002 r10=D860 r11=0AE6 r12=0402 r13=0000 r14=0000 r15=43F4
t=85.197731000 pc=0002091E fcw=D860 r0=010F r1=0103 r2=0000 r3=12F8 r4=3D06 r5=2FA2 r6=0000 r7=0000 r8=002F r9=0002 r10=D860 r11=0AE6 r12=0402 r13=0000 r14=0000 r15=43F4
t=85.197733750 pc=00020920 fcw=D860 r0=010F r1=0103 r2=0000 r3=12F8 r4=3D06 r5=2FA2 r6=0000 r7=0000 r8=002F r9=0002 r10=D860 r11=0AE6 r12=0402 r13=0000 r14=0000 r15=43F4
t=85.197735250 pc=00020912 fcw=D860 r0=010F r1=0103 r2=0000 r3=12F8 r4=3D06 r5=2FA2 r6=0000 r7=0000 r8=002F r9=0002 r10=D860 r11=0AE6 r12=0402 r13=0000 r14=0000 r15=43F4
t=85.197737000 pc=00020914 fcw=D860 r0=010F r1=0103 r2=0000 r3=12F8 r4=3D06 r5=2FA2 r6=0000 r7=0000 r8=002F r9=0002 r10=D860 r11=0AE6 r12=0402 r13=0000 r14=0000 r15=43F4
t=85.197738750 pc=00020916 fcw=D860 r0=010F r1=0103 r2=0000 r3=12F8 r4=3D06 r5=2FA2 r6=0000 r7=0000 r8=002F r9=0002 r10=D860 r11=0AE6 r12=0402 r13=0000 r14=0000 r15=43F4
t=85.197742250 pc=0002091A fcw=D860 r0=010F r1=0103 r2=0000 r3=12F8 r4=3D06 r5=2FA2 r6=0000 r7=0000 r8=002F r9=0002 r10=D860 r11=0AE6 r12=0402 r13=0000 r14=0000 r15=43F4
t=85.197744250 pc=0002091C fcw=D860 r0=010F r1=0103 r2=0000 r3=12F8 r4=3D06 r5=2FA2 r6=0000 r7=0000 r8=002F r9=0002 r10=D860 r11=0AE6 r12=0402 r13=0000 r14=0000 r15=43F4
t=85.197745750 pc=0002091E fcw=D860 r0=0103 r1=010F r2=0000 r3=12F8 r4=3D06 r5=2FA2 r6=0000 r7=0000 r8=002F r9=0002 r10=D860 r11=0AE6 r12=0402 r13=0000 r14=0000 r15=43F4
t=85.197748500 pc=00020920 fcw=D860 r0=0103 r1=010F r2=0000 r3=12F8 r4=3D06 r5=2FA2 r6=0000 r7=0000 r8=002F r9=0002 r10=D860 r11=0AE6 r12=0402 r13=0000 r14=0000 r15=43F4
t=85.197750000 pc=00020912 fcw=D860 r0=0103 r1=010F r2=0000 r3=12F8 r4=3D06 r5=2FA2 r6=0000 r7=0000 r8=002F r9=0002 r10=D860 r11=0AE6 r12=0402 r13=0000 r14=0000 r15=43F4
t=85.197751750 pc=00020914 fcw=D860 r0=0103 r1=010F r2=0000 r3=12F8 r4=3D06 r5=2FA2 r6=0000 r7=0000 r8=002F r9=0002 r10=D860 r11=0AE6 r12=0402 r13=0000 r14=0000 r15=43F4
t=85.197753500 pc=00020916 fcw=D860 r0=0103 r1=010F r2=0000 r3=12F8 r4=3D06 r5=2FA2 r6=0000 r7=0000 r8=002F r9=0002 r10=D860 r11=0AE6 r12=0402 r13=0000 r14=0000 r15=43F4
t=85.197757000 pc=0002091A fcw=D860 r0=0103 r1=010F r2=0000 r3=12F8 r4=3D06 r5=2FA2 r6=0000 r7=0000 r8=002F r9=0002 r10=D860 r11=0AE6 r12=0402 r13=0000 r14=0000 r15=43F4
t=85.197759000 pc=0002091C fcw=D860 r0=0103 r1=010F r2=0000 r3=12F8 r4=3D06 r5=2FA2 r6=0000 r7=0000 r8=002F r9=0002 r10=D860 r11=0AE6 r12=0402 r13=0000 r14=0000 r15=43F4
t=85.197760500 pc=0002091E fcw=D860 r0=010F r1=0103 r2=0000 r3=12F8 r4=3D06 r5=2FA2 r6=0000 r7=0000 r8=002F r9=0002 r10=D860 r11=0AE6 r12=0402 r13=0000 r14=0000 r15=43F4
t=85.197763250 pc=00020920 fcw=D860 r0=010F r1=0103 r2=0000 r3=12F8 r4=3D06 r5=2FA2 r6=0000 r7=0000 r8=002F r9=0002 r10=D860 r11=0AE6 r12=0402 r13=0000 r14=0000 r15=43F4
t=85.197764750 pc=00020912 fcw=D860 r0=010F r1=0103 r2=0000 r3=12F8 r4=3D06 r5=2FA2 r6=0000 r7=0000 r8=002F r9=0002 r10=D860 r11=0AE6 r12=0402 r13=0000 r14=0000 r15=43F4
t=85.197766500 pc=00020914 fcw=D860 r0=010F r1=0103 r2=0000 r3=12F8 r4=3D06 r5=2FA2 r6=0000 r7=0000 r8=002F r9=0002 r10=D860 r11=0AE6 r12=0402 r13=0000 r14=0000 r15=43F4
t=85.197768250 pc=00020916 fcw=D860 r0=010F r1=0103 r2=0000 r3=12F8 r4=3D06 r5=2FA2 r6=0000 r7=0000 r8=002F r9=0002 r10=D860 r11=0AE6 r12=0402 r13=0000 r14=0000 r15=43F4
t=85.197771750 pc=0002091A fcw=D860 r0=010F r1=0103 r2=0000 r3=12F8 r4=3D06 r5=2FA2 r6=0000 r7=0000 r8=002F r9=0002 r10=D860 r11=0AE6 r12=0402 r13=0000 r14=0000 r15=43F4
t=85.197773750 pc=0002091C fcw=D860 r0=010F r1=0103 r2=0000 r3=12F8 r4=3D06 r5=2FA2 r6=0000 r7=0000 r8=002F r9=0002 r10=D860 r11=0AE6 r12=0402 r13=0000 r14=0000 r15=43F4
t=85.197775250 pc=0002091E fcw=D860 r0=0103 r1=010F r2=0000 r3=12F8 r4=3D06 r5=2FA2 r6=0000 r7=0000 r8=002F r9=0002 r10=D860 r11=0AE6 r12=0402 r13=0000 r14=0000 r15=43F4
t=85.197778000 pc=00020920 fcw=D860 r0=0103 r1=010F r2=0000 r3=12F8 r4=3D06 r5=2FA2 r6=0000 r7=0000 r8=002F r9=0002 r10=D860 r11=0AE6 r12=0402 r13=0000 r14=0000 r15=43F4
t=85.197779500 pc=00020912 fcw=D860 r0=0103 r1=010F r2=0000 r3=12F8 r4=3D06 r5=2FA2 r6=0000 r7=0000 r8=002F r9=0002 r10=D860 r11=0AE6 r12=0402 r13=0000 r14=0000 r15=43F4
t=85.197781250 pc=00020914 fcw=D860 r0=0103 r1=010F r2=0000 r3=12F8 r4=3D06 r5=2FA2 r6=0000 r7=0000 r8=002F r9=0002 r10=D860 r11=0AE6 r12=0402 r13=0000 r14=0000 r15=43F4
t=85.197783000 pc=00020916 fcw=D860 r0=0103 r1=010F r2=0000 r3=12F8 r4=3D06 r5=2FA2 r6=0000 r7=0000 r8=002F r9=0002 r10=D860 r11=0AE6 r12=0402 r13=0000 r14=0000 r15=43F4
t=85.197786500 pc=0002091A fcw=D860 r0=0103 r1=010F r2=0000 r3=12F8 r4=3D06 r5=2FA2 r6=0000 r7=0000 r8=002F r9=0002 r10=D860 r11=0AE6 r12=0402 r13=0000 r14=0000 r15=43F4
t=85.197788500 pc=0002091C fcw=D860 r0=0103 r1=010F r2=0000 r3=12F8 r4=3D06 r5=2FA2 r6=0000 r7=0000 r8=002F r9=0002 r10=D860 r11=0AE6 r12=0402 r13=0000 r14=0000 r15=43F4
t=85.197790000 pc=0002091E fcw=D860 r0=010F r1=0103 r2=0000 r3=12F8 r4=3D06 r5=2FA2 r6=0000 r7=0000 r8=002F r9=0002 r10=D860 r11=0AE6 r12=0402 r13=0000 r14=0000 r15=43F4
t=85.197792750 pc=00020920 fcw=D860 r0=010F r1=0103 r2=0000 r3=12F8 r4=3D06 r5=2FA2 r6=0000 r7=0000 r8=002F r9=0002 r10=D860 r11=0AE6 r12=0402 r13=0000 r14=0000 r15=43F4
t=85.197794250 pc=00020912 fcw=D860 r0=010F r1=0103 r2=0000 r3=12F8 r4=3D06 r5=2FA2 r6=0000 r7=0000 r8=002F r9=0002 r10=D860 r11=0AE6 r12=0402 r13=0000 r14=0000 r15=43F4
t=85.197796000 pc=00020914 fcw=D860 r0=010F r1=0103 r2=0000 r3=12F8 r4=3D06 r5=2FA2 r6=0000 r7=0000 r8=002F r9=0002 r10=D860 r11=0AE6 r12=0402 r13=0000 r14=0000 r15=43F4
t=85.197797750 pc=00020916 fcw=D860 r0=010F r1=0103 r2=0000 r3=12F8 r4=3D06 r5=2FA2 r6=0000 r7=0000 r8=002F r9=0002 r10=D860 r11=0AE6 r12=0402 r13=0000 r14=0000 r15=43F4
t=85.197801250 pc=0002091A fcw=D860 r0=010F r1=0103 r2=0000 r3=12F8 r4=3D06 r5=2FA2 r6=0000 r7=0000 r8=002F r9=0002 r10=D860 r11=0AE6 r12=0402 r13=0000 r14=0000 r15=43F4
t=85.197803250 pc=0002091C fcw=D860 r0=010F r1=0103 r2=0000 r3=12F8 r4=3D06 r5=2FA2 r6=0000 r7=0000 r8=002F r9=0002 r10=D860 r11=0AE6 r12=0402 r13=0000 r14=0000 r15=43F4
t=85.197804750 pc=0002091E fcw=D860 r0=0103 r1=010F r2=0000 r3=12F8 r4=3D06 r5=2FA2 r6=0000 r7=0000 r8=002F r9=0002 r10=D860 r11=0AE6 r12=0402 r13=0000 r14=0000 r15=43F4
t=85.197807500 pc=00020920 fcw=D860 r0=0103 r1=010F r2=0000 r3=12F8 r4=3D06 r5=2FA2 r6=0000 r7=0000 r8=002F r9=0002 r10=D860 r11=0AE6 r12=0402 r13=0000 r14=0000 r15=43F4
t=85.197809000 pc=00020912 fcw=D860 r0=0103 r1=010F r2=0000 r3=12F8 r4=3D06 r5=2FA2 r6=0000 r7=0000 r8=002F r9=0002 r10=D860 r11=0AE6 r12=0402 r13=0000 r14=0000 r15=43F4
t=85.197810750 pc=00020914 fcw=D860 r0=0103 r1=010F r2=0000 r3=12F8 r4=3D06 r5=2FA2 r6=0000 r7=0000 r8=002F r9=0002 r10=D860 r11=0AE6 r12=0402 r13=0000 r14=0000 r15=43F4
t=85.197812500 pc=00020916 fcw=D860 r0=0103 r1=010F r2=0000 r3=12F8 r4=3D06 r5=2FA2 r6=0000 r7=0000 r8=002F r9=0002 r10=D860 r11=0AE6 r12=0402 r13=0000 r14=0000 r15=43F4
t=85.197816000 pc=0002091A fcw=D860 r0=0103 r1=010F r2=0000 r3=12F8 r4=3D06 r5=2FA2 r6=0000 r7=0000 r8=002F r9=0002 r10=D860 r11=0AE6 r12=0402 r13=0000 r14=0000 r15=43F4
t=85.197818000 pc=0002091C fcw=D860 r0=0103 r1=010F r2=0000 r3=12F8 r4=3D06 r5=2FA2 r6=0000 r7=0000 r8=002F r9=0002 r10=D860 r11=0AE6 r12=0402 r13=0000 r14=0000 r15=43F4
t=85.197819500 pc=0002091E fcw=D860 r0=010F r1=0103 r2=0000 r3=12F8 r4=3D06 r5=2FA2 r6=0000 r7=0000 r8=002F r9=0002 r10=D860 r11=0AE6 r12=0402 r13=0000 r14=0000 r15=43F4
t=85.197822250 pc=00020920 fcw=D860 r0=010F r1=0103 r2=0000 r3=12F8 r4=3D06 r5=2FA2 r6=0000 r7=0000 r8=002F r9=0002 r10=D860 r11=0AE6 r12=0402 r13=0000 r14=0000 r15=43F4
t=85.197823750 pc=00020912 fcw=D860 r0=010F r1=0103 r2=0000 r3=12F8 r4=3D06 r5=2FA2 r6=0000 r7=0000 r8=002F r9=0002 r10=D860 r11=0AE6 r12=0402 r13=0000 r14=0000 r15=43F4
t=85.197825500 pc=00020914 fcw=D860 r0=010F r1=0103 r2=0000 r3=12F8 r4=3D06 r5=2FA2 r6=0000 r7=0000 r8=002F r9=0002 r10=D860 r11=0AE6 r12=0402 r13=0000 r14=0000 r15=43F4
t=85.197827250 pc=00020916 fcw=D860 r0=010F r1=0103 r2=0000 r3=12F8 r4=3D06 r5=2FA2 r6=0000 r7=0000 r8=002F r9=0002 r10=D860 r11=0AE6 r12=0402 r13=0000 r14=0000 r15=43F4
t=85.197830750 pc=0002091A fcw=D860 r0=010F r1=0103 r2=0000 r3=12F8 r4=3D06 r5=2FA2 r6=0000 r7=0000 r8=002F r9=0002 r10=D860 r11=0AE6 r12=0402 r13=0000 r14=0000 r15=43F4
t=85.197832750 pc=0002091C fcw=D860 r0=010F r1=0103 r2=0000 r3=12F8 r4=3D06 r5=2FA2 r6=0000 r7=0000 r8=002F r9=0002 r10=D860 r11=0AE6 r12=0402 r13=0000 r14=0000 r15=43F4
t=85.197834250 pc=0002091E fcw=D860 r0=0103 r1=010F r2=0000 r3=12F8 r4=3D06 r5=2FA2 r6=0000 r7=0000 r8=002F r9=0002 r10=D860 r11=0AE6 r12=0402 r13=0000 r14=0000 r15=43F4
t=85.197837000 pc=00020920 fcw=D860 r0=0103 r1=010F r2=0000 r3=12F8 r4=3D06 r5=2FA2 r6=0000 r7=0000 r8=002F r9=0002 r10=D860 r11=0AE6 r12=0402 r13=0000 r14=0000 r15=43F4
t=85.197838500 pc=00020912 fcw=D860 r0=0103 r1=010F r2=0000 r3=12F8 r4=3D06 r5=2FA2 r6=0000 r7=0000 r8=002F r9=0002 r10=D860 r11=0AE6 r12=0402 r13=0000 r14=0000 r15=43F4
t=85.197840250 pc=00020914 fcw=D860 r0=0103 r1=010F r2=0000 r3=12F8 r4=3D06 r5=2FA2 r6=0000 r7=0000 r8=002F r9=0002 r10=D860 r11=0AE6 r12=0402 r13=0000 r14=0000 r15=43F4
t=85.197842000 pc=00020916 fcw=D860 r0=0103 r1=010F r2=0000 r3=12F8 r4=3D06 r5=2FA2 r6=0000 r7=0000 r8=002F r9=0002 r10=D860 r11=0AE6 r12=0402 r13=0000 r14=0000 r15=43F4
t=85.197845500 pc=0002091A fcw=D860 r0=0103 r1=010F r2=0000 r3=12F8 r4=3D06 r5=2FA2 r6=0000 r7=0000 r8=002F r9=0002 r10=D860 r11=0AE6 r12=0402 r13=0000 r14=0000 r15=43F4
t=85.197847500 pc=0002091C fcw=D860 r0=0103 r1=010F r2=0000 r3=12F8 r4=3D06 r5=2FA2 r6=0000 r7=0000 r8=002F r9=0002 r10=D860 r11=0AE6 r12=0402 r13=0000 r14=0000 r15=43F4
t=85.197849000 pc=0002091E fcw=D860 r0=010F r1=0103 r2=0000 r3=12F8 r4=3D06 r5=2FA2 r6=0000 r7=0000 r8=002F r9=0002 r10=D860 r11=0AE6 r12=0402 r13=0000 r14=0000 r15=43F4
t=85.197851750 pc=00020920 fcw=D860 r0=010F r1=0103 r2=0000 r3=12F8 r4=3D06 r5=2FA2 r6=0000 r7=0000 r8=002F r9=0002 r10=D860 r11=0AE6 r12=0402 r13=0000 r14=0000 r15=43F4
t=85.197853250 pc=00020912 fcw=D860 r0=010F r1=0103 r2=0000 r3=12F8 r4=3D06 r5=2FA2 r6=0000 r7=0000 r8=002F r9=0002 r10=D860 r11=0AE6 r12=0402 r13=0000 r14=0000 r15=43F4
t=85.197855000 pc=00020914 fcw=D860 r0=010F r1=0103 r2=0000 r3=12F8 r4=3D06 r5=2FA2 r6=0000 r7=0000 r8=002F r9=0002 r10=D860 r11=0AE6 r12=0402 r13=0000 r14=0000 r15=43F4
t=85.197856750 pc=00020916 fcw=D860 r0=010F r1=0103 r2=0000 r3=12F8 r4=3D06 r5=2FA2 r6=0000 r7=0000 r8=002F r9=0002 r10=D860 r11=0AE6 r12=0402 r13=0000 r14=0000 r15=43F4
t=85.197860250 pc=0002091A fcw=D860 r0=010F r1=0103 r2=0000 r3=12F8 r4=3D06 r5=2FA2 r6=0000 r7=0000 r8=002F r9=0002 r10=D860 r11=0AE6 r12=0402 r13=0000 r14=0000 r15=43F4
t=85.197862250 pc=0002091C fcw=D860 r0=010F r1=0103 r2=0000 r3=12F8 r4=3D06 r5=2FA2 r6=0000 r7=0000 r8=002F r9=0002 r10=D860 r11=0AE6 r12=0402 r13=0000 r14=0000 r15=43F4
t=85.197863750 pc=0002091E fcw=D860 r0=0103 r1=010F r2=0000 r3=12F8 r4=3D06 r5=2FA2 r6=0000 r7=0000 r8=002F r9=0002 r10=D860 r11=0AE6 r12=0402 r13=0000 r14=0000 r15=43F4
t=85.197866500 pc=00020920 fcw=D860 r0=0103 r1=010F r2=0000 r3=12F8 r4=3D06 r5=2FA2 r6=0000 r7=0000 r8=002F r9=0002 r10=D860 r11=0AE6 r12=0402 r13=0000 r14=0000 r15=43F4
t=85.197868000 pc=00020912 fcw=D860 r0=0103 r1=010F r2=0000 r3=12F8 r4=3D06 r5=2FA2 r6=0000 r7=0000 r8=002F r9=0002 r10=D860 r11=0AE6 r12=0402 r13=0000 r14=0000 r15=43F4
t=85.197869750 pc=00020914 fcw=D860 r0=0103 r1=010F r2=0000 r3=12F8 r4=3D06 r5=2FA2 r6=0000 r7=0000 r8=002F r9=0002 r10=D860 r11=0AE6 r12=0402 r13=0000 r14=0000 r15=43F4
t=85.197871500 pc=00020916 fcw=D860 r0=0103 r1=010F r2=0000 r3=12F8 r4=3D06 r5=2FA2 r6=0000 r7=0000 r8=002F r9=0002 r10=D860 r11=0AE6 r12=0402 r13=0000 r14=0000 r15=43F4
t=85.197875000 pc=0002091A fcw=D860 r0=0103 r1=010F r2=0000 r3=12F8 r4=3D06 r5=2FA2 r6=0000 r7=0000 r8=002F r9=0002 r10=D860 r11=0AE6 r12=0402 r13=0000 r14=0000 r15=43F4
t=85.197877000 pc=0002091C fcw=D860 r0=0103 r1=010F r2=0000 r3=12F8 r4=3D06 r5=2FA2 r6=0000 r7=0000 r8=002F r9=0002 r10=D860 r11=0AE6 r12=0402 r13=0000 r14=0000 r15=43F4
t=85.197878500 pc=0002091E fcw=D860 r0=010F r1=0103 r2=0000 r3=12F8 r4=3D06 r5=2FA2 r6=0000 r7=0000 r8=002F r9=0002 r10=D860 r11=0AE6 r12=0402 r13=0000 r14=0000 r15=43F4
t=85.197881250 pc=00020920 fcw=D860 r0=010F r1=0103 r2=0000 r3=12F8 r4=3D06 r5=2FA2 r6=0000 r7=0000 r8=002F r9=0002 r10=D860 r11=0AE6 r12=0402 r13=0000 r14=0000 r15=43F4
t=85.197882750 pc=00020912 fcw=D860 r0=010F r1=0103 r2=0000 r3=12F8 r4=3D06 r5=2FA2 r6=0000 r7=0000 r8=002F r9=0002 r10=D860 r11=0AE6 r12=0402 r13=0000 r14=0000 r15=43F4
t=85.197884500 pc=00020914 fcw=D860 r0=010F r1=0103 r2=0000 r3=12F8 r4=3D06 r5=2FA2 r6=0000 r7=0000 r8=002F r9=0002 r10=D860 r11=0AE6 r12=0402 r13=0000 r14=0000 r15=43F4
t=85.197886250 pc=00020916 fcw=D860 r0=010F r1=0103 r2=0000 r3=12F8 r4=3D06 r5=2FA2 r6=0000 r7=0000 r8=002F r9=0002 r10=D860 r11=0AE6 r12=0402 r13=0000 r14=0000 r15=43F4
t=85.197889750 pc=0002091A fcw=D860 r0=010F r1=0103 r2=0000 r3=12F8 r4=3D06 r5=2FA2 r6=0000 r7=0000 r8=002F r9=0002 r10=D860 r11=0AE6 r12=0402 r13=0000 r14=0000 r15=43F4
t=85.197891750 pc=0002091C fcw=D860 r0=010F r1=0103 r2=0000 r3=12F8 r4=3D06 r5=2FA2 r6=0000 r7=0000 r8=002F r9=0002 r10=D860 r11=0AE6 r12=0402 r13=0000 r14=0000 r15=43F4
t=85.197893250 pc=0002091E fcw=D860 r0=0103 r1=010F r2=0000 r3=12F8 r4=3D06 r5=2FA2 r6=0000 r7=0000 r8=002F r9=0002 r10=D860 r11=0AE6 r12=0402 r13=0000 r14=0000 r15=43F4
t=85.197896000 pc=00020920 fcw=D860 r0=0103 r1=010F r2=0000 r3=12F8 r4=3D06 r5=2FA2 r6=0000 r7=0000 r8=002F r9=0002 r10=D860 r11=0AE6 r12=0402 r13=0000 r14=0000 r15=43F4
t=85.197897500 pc=00020912 fcw=D860 r0=0103 r1=010F r2=0000 r3=12F8 r4=3D06 r5=2FA2 r6=0000 r7=0000 r8=002F r9=0002 r10=D860 r11=0AE6 r12=0402 r13=0000 r14=0000 r15=43F4
t=85.197899250 pc=00020914 fcw=D860 r0=0103 r1=010F r2=0000 r3=12F8 r4=3D06 r5=2FA2 r6=0000 r7=0000 r8=002F r9=0002 r10=D860 r11=0AE6 r12=0402 r13=0000 r14=0000 r15=43F4
t=85.197901000 pc=00020916 fcw=D860 r0=0103 r1=010F r2=0000 r3=12F8 r4=3D06 r5=2FA2 r6=0000 r7=0000 r8=002F r9=0002 r10=D860 r11=0AE6 r12=0402 r13=0000 r14=0000 r15=43F4
t=85.197904500 pc=0002091A fcw=D860 r0=0103 r1=010F r2=0000 r3=12F8 r4=3D06 r5=2FA2 r6=0000 r7=0000 r8=002F r9=0002 r10=D860 r11=0AE6 r12=0402 r13=0000 r14=0000 r15=43F4
t=85.197906500 pc=0002091C fcw=D860 r0=0103 r1=010F r2=0000 r3=12F8 r4=3D06 r5=2FA2 r6=0000 r7=0000 r8=002F r9=0002 r10=D860 r11=0AE6 r12=0402 r13=0000 r14=0000 r15=43F4
t=85.197908000 pc=0002091E fcw=D860 r0=010F r1=0103 r2=0000 r3=12F8 r4=3D06 r5=2FA2 r6=0000 r7=0000 r8=002F r9=0002 r10=D860 r11=0AE6 r12=0402 r13=0000 r14=0000 r15=43F4
t=85.197910750 pc=00020920 fcw=D860 r0=010F r1=0103 r2=0000 r3=12F8 r4=3D06 r5=2FA2 r6=0000 r7=0000 r8=002F r9=0002 r10=D860 r11=0AE6 r12=0402 r13=0000 r14=0000 r15=43F4
t=85.197912250 pc=00020912 fcw=D860 r0=010F r1=0103 r2=0000 r3=12F8 r4=3D06 r5=2FA2 r6=0000 r7=0000 r8=002F r9=0002 r10=D860 r11=0AE6 r12=0402 r13=0000 r14=0000 r15=43F4
t=85.197914000 pc=00020914 fcw=D860 r0=010F r1=0103 r2=0000 r3=12F8 r4=3D06 r5=2FA2 r6=0000 r7=0000 r8=002F r9=0002 r10=D860 r11=0AE6 r12=0402 r13=0000 r14=0000 r15=43F4
t=85.197915750 pc=00020916 fcw=D860 r0=010F r1=0103 r2=0000 r3=12F8 r4=3D06 r5=2FA2 r6=0000 r7=0000 r8=002F r9=0002 r10=D860 r11=0AE6 r12=0402 r13=0000 r14=0000 r15=43F4
t=85.197919250 pc=0002091A fcw=D860 r0=010F r1=0103 r2=0000 r3=12F8 r4=3D06 r5=2FA2 r6=0000 r7=0000 r8=002F r9=0002 r10=D860 r11=0AE6 r12=0402 r13=0000 r14=0000 r15=43F4
t=85.197921250 pc=0002091C fcw=D860 r0=010F r1=0103 r2=0000 r3=12F8 r4=3D06 r5=2FA2 r6=0000 r7=0000 r8=002F r9=0002 r10=D860 r11=0AE6 r12=0402 r13=0000 r14=0000 r15=43F4
t=85.197922750 pc=0002091E fcw=D860 r0=0103 r1=010F r2=0000 r3=12F8 r4=3D06 r5=2FA2 r6=0000 r7=0000 r8=002F r9=0002 r10=D860 r11=0AE6 r12=0402 r13=0000 r14=0000 r15=43F4
t=85.197925500 pc=00020920 fcw=D860 r0=0103 r1=010F r2=0000 r3=12F8 r4=3D06 r5=2FA2 r6=0000 r7=0000 r8=002F r9=0002 r10=D860 r11=0AE6 r12=0402 r13=0000 r14=0000 r15=43F4
t=85.197927000 pc=00020912 fcw=D860 r0=0103 r1=010F r2=0000 r3=12F8 r4=3D06 r5=2FA2 r6=0000 r7=0000 r8=002F r9=0002 r10=D860 r11=0AE6 r12=0402 r13=0000 r14=0000 r15=43F4
t=85.197928750 pc=00020914 fcw=D860 r0=0103 r1=010F r2=0000 r3=12F8 r4=3D06 r5=2FA2 r6=0000 r7=0000 r8=002F r9=0002 r10=D860 r11=0AE6 r12=0402 r13=0000 r14=0000 r15=43F4
t=85.197930500 pc=00020916 fcw=D860 r0=0103 r1=010F r2=0000 r3=12F8 r4=3D06 r5=2FA2 r6=0000 r7=0000 r8=002F r9=0002 r10=D860 r11=0AE6 r12=0402 r13=0000 r14=0000 r15=43F4
t=85.197934000 pc=0002091A fcw=D860 r0=0103 r1=010F r2=0000 r3=12F8 r4=3D06 r5=2FA2 r6=0000 r7=0000 r8=002F r9=0002 r10=D860 r11=0AE6 r12=0402 r13=0000 r14=0000 r15=43F4
t=85.197936000 pc=0002091C fcw=D860 r0=0103 r1=010F r2=0000 r3=12F8 r4=3D06 r5=2FA2 r6=0000 r7=0000 r8=002F r9=0002 r10=D860 r11=0AE6 r12=0402 r13=0000 r14=0000 r15=43F4
t=85.197937500 pc=0002091E fcw=D860 r0=010F r1=0103 r2=0000 r3=12F8 r4=3D06 r5=2FA2 r6=0000 r7=0000 r8=002F r9=0002 r10=D860 r11=0AE6 r12=0402 r13=0000 r14=0000 r15=43F4
t=85.197940250 pc=00020920 fcw=D860 r0=010F r1=0103 r2=0000 r3=12F8 r4=3D06 r5=2FA2 r6=0000 r7=0000 r8=002F r9=0002 r10=D860 r11=0AE6 r12=0402 r13=0000 r14=0000 r15=43F4
t=85.197941750 pc=00020912 fcw=D860 r0=010F r1=0103 r2=0000 r3=12F8 r4=3D06 r5=2FA2 r6=0000 r7=0000 r8=002F r9=0002 r10=D860 r11=0AE6 r12=0402 r13=0000 r14=0000 r15=43F4
t=85.197943500 pc=00020914 fcw=D860 r0=010F r1=0103 r2=0000 r3=12F8 r4=3D06 r5=2FA2 r6=0000 r7=0000 r8=002F r9=0002 r10=D860 r11=0AE6 r12=0402 r13=0000 r14=0000 r15=43F4
t=85.197945250 pc=00020916 fcw=D860 r0=010F r1=0103 r2=0000 r3=12F8 r4=3D06 r5=2FA2 r6=0000 r7=0000 r8=002F r9=0002 r10=D860 r11=0AE6 r12=0402 r13=0000 r14=0000 r15=43F4
t=85.197948750 pc=0002091A fcw=D860 r0=010F r1=0103 r2=0000 r3=12F8 r4=3D06 r5=2FA2 r6=0000 r7=0000 r8=002F r9=0002 r10=D860 r11=0AE6 r12=0402 r13=0000 r14=0000 r15=43F4
t=85.197950750 pc=0002091C fcw=D860 r0=010F r1=0103 r2=0000 r3=12F8 r4=3D06 r5=2FA2 r6=0000 r7=0000 r8=002F r9=0002 r10=D860 r11=0AE6 r12=0402 r13=0000 r14=0000 r15=43F4
t=85.197952250 pc=0002091E fcw=D860 r0=0103 r1=010F r2=0000 r3=12F8 r4=3D06 r5=2FA2 r6=0000 r7=0000 r8=002F r9=0002 r10=D860 r11=0AE6 r12=0402 r13=0000 r14=0000 r15=43F4
t=85.197955000 pc=00020920 fcw=D860 r0=0103 r1=010F r2=0000 r3=12F8 r4=3D06 r5=2FA2 r6=0000 r7=0000 r8=002F r9=0002 r10=D860 r11=0AE6 r12=0402 r13=0000 r14=0000 r15=43F4
t=85.197956500 pc=00020912 fcw=D860 r0=0103 r1=010F r2=0000 r3=12F8 r4=3D06 r5=2FA2 r6=0000 r7=0000 r8=002F r9=0002 r10=D860 r11=0AE6 r12=0402 r13=0000 r14=0000 r15=43F4
t=85.197958250 pc=00020914 fcw=D860 r0=0103 r1=010F r2=0000 r3=12F8 r4=3D06 r5=2FA2 r6=0000 r7=0000 r8=002F r9=0002 r10=D860 r11=0AE6 r12=0402 r13=0000 r14=0000 r15=43F4
t=85.197960000 pc=00020916 fcw=D860 r0=0103 r1=010F r2=0000 r3=12F8 r4=3D06 r5=2FA2 r6=0000 r7=0000 r8=002F r9=0002 r10=D860 r11=0AE6 r12=0402 r13=0000 r14=0000 r15=43F4
t=85.197963500 pc=0002091A fcw=D860 r0=0103 r1=010F r2=0000 r3=12F8 r4=3D06 r5=2FA2 r6=0000 r7=0000 r8=002F r9=0002 r10=D860 r11=0AE6 r12=0402 r13=0000 r14=0000 r15=43F4
t=85.197965500 pc=0002091C fcw=D860 r0=0103 r1=010F r2=0000 r3=12F8 r4=3D06 r5=2FA2 r6=0000 r7=0000 r8=002F r9=0002 r10=D860 r11=0AE6 r12=0402 r13=0000 r14=0000 r15=43F4
t=85.197967000 pc=0002091E fcw=D860 r0=010F r1=0103 r2=0000 r3=12F8 r4=3D06 r5=2FA2 r6=0000 r7=0000 r8=002F r9=0002 r10=D860 r11=0AE6 r12=0402 r13=0000 r14=0000 r15=43F4
t=85.197969750 pc=00020920 fcw=D860 r0=010F r1=0103 r2=0000 r3=12F8 r4=3D06 r5=2FA2 r6=0000 r7=0000 r8=002F r9=0002 r10=D860 r11=0AE6 r12=0402 r13=0000 r14=0000 r15=43F4
t=85.197971250 pc=00020912 fcw=D860 r0=010F r1=0103 r2=0000 r3=12F8 r4=3D06 r5=2FA2 r6=0000 r7=0000 r8=002F r9=0002 r10=D860 r11=0AE6 r12=0402 r13=0000 r14=0000 r15=43F4
t=85.197973000 pc=00020914 fcw=D860 r0=010F r1=0103 r2=0000 r3=12F8 r4=3D06 r5=2FA2 r6=0000 r7=0000 r8=002F r9=0002 r10=D860 r11=0AE6 r12=0402 r13=0000 r14=0000 r15=43F4
t=85.197974750 pc=00020916 fcw=D860 r0=010F r1=0103 r2=0000 r3=12F8 r4=3D06 r5=2FA2 r6=0000 r7=0000 r8=002F r9=0002 r10=D860 r11=0AE6 r12=0402 r13=0000 r14=0000 r15=43F4
t=85.197978250 pc=0002091A fcw=D860 r0=010F r1=0103 r2=0000 r3=12F8 r4=3D06 r5=2FA2 r6=0000 r7=0000 r8=002F r9=0002 r10=D860 r11=0AE6 r12=0402 r13=0000 r14=0000 r15=43F4
t=85.197980250 pc=0002091C fcw=D860 r0=010F r1=0103 r2=0000 r3=12F8 r4=3D06 r5=2FA2 r6=0000 r7=0000 r8=002F r9=0002 r10=D860 r11=0AE6 r12=0402 r13=0000 r14=0000 r15=43F4
t=85.197981750 pc=0002091E fcw=D860 r0=0103 r1=010F r2=0000 r3=12F8 r4=3D06 r5=2FA2 r6=0000 r7=0000 r8=002F r9=0002 r10=D860 r11=0AE6 r12=0402 r13=0000 r14=0000 r15=43F4
t=85.197984500 pc=00020920 fcw=D860 r0=0103 r1=010F r2=0000 r3=12F8 r4=3D06 r5=2FA2 r6=0000 r7=0000 r8=002F r9=0002 r10=D860 r11=0AE6 r12=0402 r13=0000 r14=0000 r15=43F4
t=85.197986000 pc=00020912 fcw=D860 r0=0103 r1=010F r2=0000 r3=12F8 r4=3D06 r5=2FA2 r6=0000 r7=0000 r8=002F r9=0002 r10=D860 r11=0AE6 r12=0402 r13=0000 r14=0000 r15=43F4
t=85.197987750 pc=00020914 fcw=D860 r0=0103 r1=010F r2=0000 r3=12F8 r4=3D06 r5=2FA2 r6=0000 r7=0000 r8=002F r9=0002 r10=D860 r11=0AE6 r12=0402 r13=0000 r14=0000 r15=43F4
t=85.197989500 pc=00020916 fcw=D860 r0=0103 r1=010F r2=0000 r3=12F8 r4=3D06 r5=2FA2 r6=0000 r7=0000 r8=002F r9=0002 r10=D860 r11=0AE6 r12=0402 r13=0000 r14=0000 r15=43F4
t=85.197993000 pc=0002091A fcw=D860 r0=0103 r1=010F r2=0000 r3=12F8 r4=3D06 r5=2FA2 r6=0000 r7=0000 r8=002F r9=0002 r10=D860 r11=0AE6 r12=0402 r13=0000 r14=0000 r15=43F4
t=85.197995000 pc=0002091C fcw=D860 r0=0103 r1=010F r2=0000 r3=12F8 r4=3D06 r5=2FA2 r6=0000 r7=0000 r8=002F r9=0002 r10=D860 r11=0AE6 r12=0402 r13=0000 r14=0000 r15=43F4
t=85.197996500 pc=0002091E fcw=D860 r0=010F r1=0103 r2=0000 r3=12F8 r4=3D06 r5=2FA2 r6=0000 r7=0000 r8=002F r9=0002 r10=D860 r11=0AE6 r12=0402 r13=0000 r14=0000 r15=43F4
t=85.197999250 pc=00020920 fcw=D860 r0=010F r1=0103 r2=0000 r3=12F8 r4=3D06 r5=2FA2 r6=0000 r7=0000 r8=002F r9=0002 r10=D860 r11=0AE6 r12=0402 r13=0000 r14=0000 r15=43F4
t=85.198000750 pc=00020912 fcw=D860 r0=010F r1=0103 r2=0000 r3=12F8 r4=3D06 r5=2FA2 r6=0000 r7=0000 r8=002F r9=0002 r10=D860 r11=0AE6 r12=0402 r13=0000 r14=0000 r15=43F4
t=85.198002500 pc=00020914 fcw=D860 r0=010F r1=0103 r2=0000 r3=12F8 r4=3D06 r5=2FA2 r6=0000 r7=0000 r8=002F r9=0002 r10=D860 r11=0AE6 r12=0402 r13=0000 r14=0000 r15=43F4
t=85.198004250 pc=00020916 fcw=D860 r0=010F r1=0103 r2=0000 r3=12F8 r4=3D06 r5=2FA2 r6=0000 r7=0000 r8=002F r9=0002 r10=D860 r11=0AE6 r12=0402 r13=0000 r14=0000 r15=43F4
t=85.198007750 pc=0002091A fcw=D860 r0=010F r1=0103 r2=0000 r3=12F8 r4=3D06 r5=2FA2 r6=0000 r7=0000 r8=002F r9=0002 r10=D860 r11=0AE6 r12=0402 r13=0000 r14=0000 r15=43F4
t=85.198009750 pc=0002091C fcw=D860 r0=010F r1=0103 r2=0000 r3=12F8 r4=3D06 r5=2FA2 r6=0000 r7=0000 r8=002F r9=0002 r10=D860 r11=0AE6 r12=0402 r13=0000 r14=0000 r15=43F4
t=85.198011250 pc=0002091E fcw=D860 r0=0103 r1=010F r2=0000 r3=12F8 r4=3D06 r5=2FA2 r6=0000 r7=0000 r8=002F r9=0002 r10=D860 r11=0AE6 r12=0402 r13=0000 r14=0000 r15=43F4
t=85.198014000 pc=00020920 fcw=D860 r0=0103 r1=010F r2=0000 r3=12F8 r4=3D06 r5=2FA2 r6=0000 r7=0000 r8=002F r9=0002 r10=D860 r11=0AE6 r12=0402 r13=0000 r14=0000 r15=43F4
t=85.198015500 pc=00020912 fcw=D860 r0=0103 r1=010F r2=0000 r3=12F8 r4=3D06 r5=2FA2 r6=0000 r7=0000 r8=002F r9=0002 r10=D860 r11=0AE6 r12=0402 r13=0000 r14=0000 r15=43F4
t=85.198017250 pc=00020914 fcw=D860 r0=0103 r1=010F r2=0000 r3=12F8 r4=3D06 r5=2FA2 r6=0000 r7=0000 r8=002F r9=0002 r10=D860 r11=0AE6 r12=0402 r13=0000 r14=0000 r15=43F4
t=85.198019000 pc=00020916 fcw=D860 r0=0103 r1=010F r2=0000 r3=12F8 r4=3D06 r5=2FA2 r6=0000 r7=0000 r8=002F r9=0002 r10=D860 r11=0AE6 r12=0402 r13=0000 r14=0000 r15=43F4
t=85.198022500 pc=0002091A fcw=D860 r0=0103 r1=010F r2=0000 r3=12F8 r4=3D06 r5=2FA2 r6=0000 r7=0000 r8=002F r9=0002 r10=D860 r11=0AE6 r12=0402 r13=0000 r14=0000 r15=43F4
t=85.198024500 pc=0002091C fcw=D860 r0=0103 r1=010F r2=0000 r3=12F8 r4=3D06 r5=2FA2 r6=0000 r7=0000 r8=002F r9=0002 r10=D860 r11=0AE6 r12=0402 r13=0000 r14=0000 r15=43F4
t=85.198026000 pc=0002091E fcw=D860 r0=010F r1=0103 r2=0000 r3=12F8 r4=3D06 r5=2FA2 r6=0000 r7=0000 r8=002F r9=0002 r10=D860 r11=0AE6 r12=0402 r13=0000 r14=0000 r15=43F4
t=85.198028750 pc=00020920 fcw=D860 r0=010F r1=0103 r2=0000 r3=12F8 r4=3D06 r5=2FA2 r6=0000 r7=0000 r8=002F r9=0002 r10=D860 r11=0AE6 r12=0402 r13=0000 r14=0000 r15=43F4
t=85.198030250 pc=00020912 fcw=D860 r0=010F r1=0103 r2=0000 r3=12F8 r4=3D06 r5=2FA2 r6=0000 r7=0000 r8=002F r9=0002 r10=D860 r11=0AE6 r12=0402 r13=0000 r14=0000 r15=43F4
t=85.198032000 pc=00020914 fcw=D860 r0=010F r1=0103 r2=0000 r3=12F8 r4=3D06 r5=2FA2 r6=0000 r7=0000 r8=002F r9=0002 r10=D860 r11=0AE6 r12=0402 r13=0000 r14=0000 r15=43F4
t=85.198033750 pc=00020916 fcw=D860 r0=010F r1=0103 r2=0000 r3=12F8 r4=3D06 r5=2FA2 r6=0000 r7=0000 r8=002F r9=0002 r10=D860 r11=0AE6 r12=0402 r13=0000 r14=0000 r15=43F4
t=85.198037250 pc=0002091A fcw=D860 r0=010F r1=0103 r2=0000 r3=12F8 r4=3D06 r5=2FA2 r6=0000 r7=0000 r8=002F r9=0002 r10=D860 r11=0AE6 r12=0402 r13=0000 r14=0000 r15=43F4
t=85.198039250 pc=0002091C fcw=D860 r0=010F r1=0103 r2=0000 r3=12F8 r4=3D06 r5=2FA2 r6=0000 r7=0000 r8=002F r9=0002 r10=D860 r11=0AE6 r12=0402 r13=0000 r14=0000 r15=43F4
t=85.198040750 pc=0002091E fcw=D860 r0=0103 r1=010F r2=0000 r3=12F8 r4=3D06 r5=2FA2 r6=0000 r7=0000 r8=002F r9=0002 r10=D860 r11=0AE6 r12=0402 r13=0000 r14=0000 r15=43F4
t=85.198043500 pc=00020920 fcw=D860 r0=0103 r1=010F r2=0000 r3=12F8 r4=3D06 r5=2FA2 r6=0000 r7=0000 r8=002F r9=0002 r10=D860 r11=0AE6 r12=0402 r13=0000 r14=0000 r15=43F4
t=85.198045000 pc=00020912 fcw=D860 r0=0103 r1=010F r2=0000 r3=12F8 r4=3D06 r5=2FA2 r6=0000 r7=0000 r8=002F r9=0002 r10=D860 r11=0AE6 r12=0402 r13=0000 r14=0000 r15=43F4
t=85.198046750 pc=00020914 fcw=D860 r0=0103 r1=010F r2=0000 r3=12F8 r4=3D06 r5=2FA2 r6=0000 r7=0000 r8=002F r9=0002 r10=D860 r11=0AE6 r12=0402 r13=0000 r14=0000 r15=43F4
t=85.198048500 pc=00020916 fcw=D860 r0=0103 r1=010F r2=0000 r3=12F8 r4=3D06 r5=2FA2 r6=0000 r7=0000 r8=002F r9=0002 r10=D860 r11=0AE6 r12=0402 r13=0000 r14=0000 r15=43F4
t=85.198052000 pc=0002091A fcw=D860 r0=0103 r1=010F r2=0000 r3=12F8 r4=3D06 r5=2FA2 r6=0000 r7=0000 r8=002F r9=0002 r10=D860 r11=0AE6 r12=0402 r13=0000 r14=0000 r15=43F4
t=85.198054000 pc=0002091C fcw=D860 r0=0103 r1=010F r2=0000 r3=12F8 r4=3D06 r5=2FA2 r6=0000 r7=0000 r8=002F r9=0002 r10=D860 r11=0AE6 r12=0402 r13=0000 r14=0000 r15=43F4
t=85.198055500 pc=0002091E fcw=D860 r0=010F r1=0103 r2=0000 r3=12F8 r4=3D06 r5=2FA2 r6=0000 r7=0000 r8=002F r9=0002 r10=D860 r11=0AE6 r12=0402 r13=0000 r14=0000 r15=43F4
t=85.198058250 pc=00020920 fcw=D860 r0=010F r1=0103 r2=0000 r3=12F8 r4=3D06 r5=2FA2 r6=0000 r7=0000 r8=002F r9=0002 r10=D860 r11=0AE6 r12=0402 r13=0000 r14=0000 r15=43F4
t=85.198059750 pc=00020912 fcw=D860 r0=010F r1=0103 r2=0000 r3=12F8 r4=3D06 r5=2FA2 r6=0000 r7=0000 r8=002F r9=0002 r10=D860 r11=0AE6 r12=0402 r13=0000 r14=0000 r15=43F4
t=85.198061500 pc=00020914 fcw=D860 r0=010F r1=0103 r2=0000 r3=12F8 r4=3D06 r5=2FA2 r6=0000 r7=0000 r8=002F r9=0002 r10=D860 r11=0AE6 r12=0402 r13=0000 r14=0000 r15=43F4
t=85.198063250 pc=00020916 fcw=D860 r0=010F r1=0103 r2=0000 r3=12F8 r4=3D06 r5=2FA2 r6=0000 r7=0000 r8=002F r9=0002 r10=D860 r11=0AE6 r12=0402 r13=0000 r14=0000 r15=43F4
t=85.198066750 pc=0002091A fcw=D860 r0=010F r1=0103 r2=0000 r3=12F8 r4=3D06 r5=2FA2 r6=0000 r7=0000 r8=002F r9=0002 r10=D860 r11=0AE6 r12=0402 r13=0000 r14=0000 r15=43F4
t=85.198068750 pc=0002091C fcw=D860 r0=010F r1=0103 r2=0000 r3=12F8 r4=3D06 r5=2FA2 r6=0000 r7=0000 r8=002F r9=0002 r10=D860 r11=0AE6 r12=0402 r13=0000 r14=0000 r15=43F4
t=85.198070250 pc=0002091E fcw=D860 r0=0103 r1=010F r2=0000 r3=12F8 r4=3D06 r5=2FA2 r6=0000 r7=0000 r8=002F r9=0002 r10=D860 r11=0AE6 r12=0402 r13=0000 r14=0000 r15=43F4
t=85.198073000 pc=00020920 fcw=D860 r0=0103 r1=010F r2=0000 r3=12F8 r4=3D06 r5=2FA2 r6=0000 r7=0000 r8=002F r9=0002 r10=D860 r11=0AE6 r12=0402 r13=0000 r14=0000 r15=43F4
t=85.198074500 pc=00020912 fcw=D860 r0=0103 r1=010F r2=0000 r3=12F8 r4=3D06 r5=2FA2 r6=0000 r7=0000 r8=002F r9=0002 r10=D860 r11=0AE6 r12=0402 r13=0000 r14=0000 r15=43F4
t=85.198076250 pc=00020914 fcw=D860 r0=0103 r1=010F r2=0000 r3=12F8 r4=3D06 r5=2FA2 r6=0000 r7=0000 r8=002F r9=0002 r10=D860 r11=0AE6 r12=0402 r13=0000 r14=0000 r15=43F4
t=85.198078000 pc=00020916 fcw=D860 r0=0103 r1=010F r2=0000 r3=12F8 r4=3D06 r5=2FA2 r6=0000 r7=0000 r8=002F r9=0002 r10=D860 r11=0AE6 r12=0402 r13=0000 r14=0000 r15=43F4
t=85.198081500 pc=0002091A fcw=D860 r0=0103 r1=010F r2=0000 r3=12F8 r4=3D06 r5=2FA2 r6=0000 r7=0000 r8=002F r9=0002 r10=D860 r11=0AE6 r12=0402 r13=0000 r14=0000 r15=43F4
t=85.198083500 pc=0002091C fcw=D860 r0=0103 r1=010F r2=0000 r3=12F8 r4=3D06 r5=2FA2 r6=0000 r7=0000 r8=002F r9=0002 r10=D860 r11=0AE6 r12=0402 r13=0000 r14=0000 r15=43F4
t=85.198085000 pc=0002091E fcw=D860 r0=010F r1=0103 r2=0000 r3=12F8 r4=3D06 r5=2FA2 r6=0000 r7=0000 r8=002F r9=0002 r10=D860 r11=0AE6 r12=0402 r13=0000 r14=0000 r15=43F4
t=85.198087750 pc=00020920 fcw=D860 r0=010F r1=0103 r2=0000 r3=12F8 r4=3D06 r5=2FA2 r6=0000 r7=0000 r8=002F r9=0002 r10=D860 r11=0AE6 r12=0402 r13=0000 r14=0000 r15=43F4
t=85.198089250 pc=00020912 fcw=D860 r0=010F r1=0103 r2=0000 r3=12F8 r4=3D06 r5=2FA2 r6=0000 r7=0000 r8=002F r9=0002 r10=D860 r11=0AE6 r12=0402 r13=0000 r14=0000 r15=43F4
t=85.198091000 pc=00020914 fcw=D860 r0=010F r1=0103 r2=0000 r3=12F8 r4=3D06 r5=2FA2 r6=0000 r7=0000 r8=002F r9=0002 r10=D860 r11=0AE6 r12=0402 r13=0000 r14=0000 r15=43F4
t=85.198092750 pc=00020916 fcw=D860 r0=010F r1=0103 r2=0000 r3=12F8 r4=3D06 r5=2FA2 r6=0000 r7=0000 r8=002F r9=0002 r10=D860 r11=0AE6 r12=0402 r13=0000 r14=0000 r15=43F4
t=85.198096250 pc=0002091A fcw=D860 r0=010F r1=0103 r2=0000 r3=12F8 r4=3D06 r5=2FA2 r6=0000 r7=0000 r8=002F r9=0002 r10=D860 r11=0AE6 r12=0402 r13=0000 r14=0000 r15=43F4
t=85.198098250 pc=0002091C fcw=D860 r0=010F r1=0103 r2=0000 r3=12F8 r4=3D06 r5=2FA2 r6=0000 r7=0000 r8=002F r9=0002 r10=D860 r11=0AE6 r12=0402 r13=0000 r14=0000 r15=43F4
t=85.198099750 pc=0002091E fcw=D860 r0=0103 r1=010F r2=0000 r3=12F8 r4=3D06 r5=2FA2 r6=0000 r7=0000 r8=002F r9=0002 r10=D860 r11=0AE6 r12=0402 r13=0000 r14=0000 r15=43F4
t=85.198102500 pc=00020920 fcw=D860 r0=0103 r1=010F r2=0000 r3=12F8 r4=3D06 r5=2FA2 r6=0000 r7=0000 r8=002F r9=0002 r10=D860 r11=0AE6 r12=0402 r13=0000 r14=0000 r15=43F4
t=85.198104000 pc=00020912 fcw=D860 r0=0103 r1=010F r2=0000 r3=12F8 r4=3D06 r5=2FA2 r6=0000 r7=0000 r8=002F r9=0002 r10=D860 r11=0AE6 r12=0402 r13=0000 r14=0000 r15=43F4
t=85.198105750 pc=00020914 fcw=D860 r0=0103 r1=010F r2=0000 r3=12F8 r4=3D06 r5=2FA2 r6=0000 r7=0000 r8=002F r9=0002 r10=D860 r11=0AE6 r12=0402 r13=0000 r14=0000 r15=43F4
t=85.198107500 pc=00020916 fcw=D860 r0=0103 r1=010F r2=0000 r3=12F8 r4=3D06 r5=2FA2 r6=0000 r7=0000 r8=002F r9=0002 r10=D860 r11=0AE6 r12=0402 r13=0000 r14=0000 r15=43F4
t=85.198111000 pc=0002091A fcw=D860 r0=0103 r1=010F r2=0000 r3=12F8 r4=3D06 r5=2FA2 r6=0000 r7=0000 r8=002F r9=0002 r10=D860 r11=0AE6 r12=0402 r13=0000 r14=0000 r15=43F4
t=85.198113000 pc=0002091C fcw=D860 r0=0103 r1=010F r2=0000 r3=12F8 r4=3D06 r5=2FA2 r6=0000 r7=0000 r8=002F r9=0002 r10=D860 r11=0AE6 r12=0402 r13=0000 r14=0000 r15=43F4
t=85.198114500 pc=0002091E fcw=D860 r0=010F r1=0103 r2=0000 r3=12F8 r4=3D06 r5=2FA2 r6=0000 r7=0000 r8=002F r9=0002 r10=D860 r11=0AE6 r12=0402 r13=0000 r14=0000 r15=43F4
t=85.198117250 pc=00020920 fcw=D860 r0=010F r1=0103 r2=0000 r3=12F8 r4=3D06 r5=2FA2 r6=0000 r7=0000 r8=002F r9=0002 r10=D860 r11=0AE6 r12=0402 r13=0000 r14=0000 r15=43F4
t=85.198118750 pc=00020912 fcw=D860 r0=010F r1=0103 r2=0000 r3=12F8 r4=3D06 r5=2FA2 r6=0000 r7=0000 r8=002F r9=0002 r10=D860 r11=0AE6 r12=0402 r13=0000 r14=0000 r15=43F4
t=85.198120500 pc=00020914 fcw=D860 r0=010F r1=0103 r2=0000 r3=12F8 r4=3D06 r5=2FA2 r6=0000 r7=0000 r8=002F r9=0002 r10=D860 r11=0AE6 r12=0402 r13=0000 r14=0000 r15=43F4
t=85.198122250 pc=00020916 fcw=D860 r0=010F r1=0103 r2=0000 r3=12F8 r4=3D06 r5=2FA2 r6=0000 r7=0000 r8=002F r9=0002 r10=D860 r11=0AE6 r12=0402 r13=0000 r14=0000 r15=43F4
t=85.198125750 pc=0002091A fcw=D860 r0=010F r1=0103 r2=0000 r3=12F8 r4=3D06 r5=2FA2 r6=0000 r7=0000 r8=002F r9=0002 r10=D860 r11=0AE6 r12=0402 r13=0000 r14=0000 r15=43F4
t=85.198127750 pc=0002091C fcw=D860 r0=010F r1=0103 r2=0000 r3=12F8 r4=3D06 r5=2FA2 r6=0000 r7=0000 r8=002F r9=0002 r10=D860 r11=0AE6 r12=0402 r13=0000 r14=0000 r15=43F4
t=85.198129250 pc=0002091E fcw=D860 r0=0103 r1=010F r2=0000 r3=12F8 r4=3D06 r5=2FA2 r6=0000 r7=0000 r8=002F r9=0002 r10=D860 r11=0AE6 r12=0402 r13=0000 r14=0000 r15=43F4
t=85.198132000 pc=00020920 fcw=D860 r0=0103 r1=010F r2=0000 r3=12F8 r4=3D06 r5=2FA2 r6=0000 r7=0000 r8=002F r9=0002 r10=D860 r11=0AE6 r12=0402 r13=0000 r14=0000 r15=43F4
t=85.198133500 pc=00020912 fcw=D860 r0=0103 r1=010F r2=0000 r3=12F8 r4=3D06 r5=2FA2 r6=0000 r7=0000 r8=002F r9=0002 r10=D860 r11=0AE6 r12=0402 r13=0000 r14=0000 r15=43F4
t=85.198135250 pc=00020914 fcw=D860 r0=0103 r1=010F r2=0000 r3=12F8 r4=3D06 r5=2FA2 r6=0000 r7=0000 r8=002F r9=0002 r10=D860 r11=0AE6 r12=0402 r13=0000 r14=0000 r15=43F4
t=85.198137000 pc=00020916 fcw=D860 r0=0103 r1=010F r2=0000 r3=12F8 r4=3D06 r5=2FA2 r6=0000 r7=0000 r8=002F r9=0002 r10=D860 r11=0AE6 r12=0402 r13=0000 r14=0000 r15=43F4
t=85.198140500 pc=0002091A fcw=D860 r0=0103 r1=010F r2=0000 r3=12F8 r4=3D06 r5=2FA2 r6=0000 r7=0000 r8=002F r9=0002 r10=D860 r11=0AE6 r12=0402 r13=0000 r14=0000 r15=43F4
t=85.198142500 pc=0002091C fcw=D860 r0=0103 r1=010F r2=0000 r3=12F8 r4=3D06 r5=2FA2 r6=0000 r7=0000 r8=002F r9=0002 r10=D860 r11=0AE6 r12=0402 r13=0000 r14=0000 r15=43F4
t=85.198144000 pc=0002091E fcw=D860 r0=010F r1=0103 r2=0000 r3=12F8 r4=3D06 r5=2FA2 r6=0000 r7=0000 r8=002F r9=0002 r10=D860 r11=0AE6 r12=0402 r13=0000 r14=0000 r15=43F4
t=85.198146750 pc=00020920 fcw=D860 r0=010F r1=0103 r2=0000 r3=12F8 r4=3D06 r5=2FA2 r6=0000 r7=0000 r8=002F r9=0002 r10=D860 r11=0AE6 r12=0402 r13=0000 r14=0000 r15=43F4
t=85.198148250 pc=00020912 fcw=D860 r0=010F r1=0103 r2=0000 r3=12F8 r4=3D06 r5=2FA2 r6=0000 r7=0000 r8=002F r9=0002 r10=D860 r11=0AE6 r12=0402 r13=0000 r14=0000 r15=43F4
t=85.198150000 pc=00020914 fcw=D860 r0=010F r1=0103 r2=0000 r3=12F8 r4=3D06 r5=2FA2 r6=0000 r7=0000 r8=002F r9=0002 r10=D860 r11=0AE6 r12=0402 r13=0000 r14=0000 r15=43F4
t=85.198151750 pc=00020916 fcw=D860 r0=010F r1=0103 r2=0000 r3=12F8 r4=3D06 r5=2FA2 r6=0000 r7=0000 r8=002F r9=0002 r10=D860 r11=0AE6 r12=0402 r13=0000 r14=0000 r15=43F4
t=85.198155250 pc=0002091A fcw=D860 r0=010F r1=0103 r2=0000 r3=12F8 r4=3D06 r5=2FA2 r6=0000 r7=0000 r8=002F r9=0002 r10=D860 r11=0AE6 r12=0402 r13=0000 r14=0000 r15=43F4
t=85.198157250 pc=0002091C fcw=D860 r0=010F r1=0103 r2=0000 r3=12F8 r4=3D06 r5=2FA2 r6=0000 r7=0000 r8=002F r9=0002 r10=D860 r11=0AE6 r12=0402 r13=0000 r14=0000 r15=43F4
t=85.198158750 pc=0002091E fcw=D860 r0=0103 r1=010F r2=0000 r3=12F8 r4=3D06 r5=2FA2 r6=0000 r7=0000 r8=002F r9=0002 r10=D860 r11=0AE6 r12=0402 r13=0000 r14=0000 r15=43F4
t=85.198161500 pc=00020920 fcw=D860 r0=0103 r1=010F r2=0000 r3=12F8 r4=3D06 r5=2FA2 r6=0000 r7=0000 r8=002F r9=0002 r10=D860 r11=0AE6 r12=0402 r13=0000 r14=0000 r15=43F4
t=85.198163000 pc=00020912 fcw=D860 r0=0103 r1=010F r2=0000 r3=12F8 r4=3D06 r5=2FA2 r6=0000 r7=0000 r8=002F r9=0002 r10=D860 r11=0AE6 r12=0402 r13=0000 r14=0000 r15=43F4
t=85.198164750 pc=00020914 fcw=D860 r0=0103 r1=010F r2=0000 r3=12F8 r4=3D06 r5=2FA2 r6=0000 r7=0000 r8=002F r9=0002 r10=D860 r11=0AE6 r12=0402 r13=0000 r14=0000 r15=43F4
t=85.198166500 pc=00020916 fcw=D860 r0=0103 r1=010F r2=0000 r3=12F8 r4=3D06 r5=2FA2 r6=0000 r7=0000 r8=002F r9=0002 r10=D860 r11=0AE6 r12=0402 r13=0000 r14=0000 r15=43F4
t=85.198170000 pc=0002091A fcw=D860 r0=0103 r1=010F r2=0000 r3=12F8 r4=3D06 r5=2FA2 r6=0000 r7=0000 r8=002F r9=0002 r10=D860 r11=0AE6 r12=0402 r13=0000 r14=0000 r15=43F4
t=85.198172000 pc=0002091C fcw=D860 r0=0103 r1=010F r2=0000 r3=12F8 r4=3D06 r5=2FA2 r6=0000 r7=0000 r8=002F r9=0002 r10=D860 r11=0AE6 r12=0402 r13=0000 r14=0000 r15=43F4
t=85.198173500 pc=0002091E fcw=D860 r0=010F r1=0103 r2=0000 r3=12F8 r4=3D06 r5=2FA2 r6=0000 r7=0000 r8=002F r9=0002 r10=D860 r11=0AE6 r12=0402 r13=0000 r14=0000 r15=43F4
t=85.198176250 pc=00020920 fcw=D860 r0=010F r1=0103 r2=0000 r3=12F8 r4=3D06 r5=2FA2 r6=0000 r7=0000 r8=002F r9=0002 r10=D860 r11=0AE6 r12=0402 r13=0000 r14=0000 r15=43F4
t=85.198177750 pc=00020912 fcw=D860 r0=010F r1=0103 r2=0000 r3=12F8 r4=3D06 r5=2FA2 r6=0000 r7=0000 r8=002F r9=0002 r10=D860 r11=0AE6 r12=0402 r13=0000 r14=0000 r15=43F4
t=85.198179500 pc=00020914 fcw=D860 r0=010F r1=0103 r2=0000 r3=12F8 r4=3D06 r5=2FA2 r6=0000 r7=0000 r8=002F r9=0002 r10=D860 r11=0AE6 r12=0402 r13=0000 r14=0000 r15=43F4
t=85.198181250 pc=00020916 fcw=D860 r0=010F r1=0103 r2=0000 r3=12F8 r4=3D06 r5=2FA2 r6=0000 r7=0000 r8=002F r9=0002 r10=D860 r11=0AE6 r12=0402 r13=0000 r14=0000 r15=43F4
t=85.198184750 pc=0002091A fcw=D860 r0=010F r1=0103 r2=0000 r3=12F8 r4=3D06 r5=2FA2 r6=0000 r7=0000 r8=002F r9=0002 r10=D860 r11=0AE6 r12=0402 r13=0000 r14=0000 r15=43F4
t=85.198186750 pc=0002091C fcw=D860 r0=010F r1=0103 r2=0000 r3=12F8 r4=3D06 r5=2FA2 r6=0000 r7=0000 r8=002F r9=0002 r10=D860 r11=0AE6 r12=0402 r13=0000 r14=0000 r15=43F4
t=85.198188250 pc=0002091E fcw=D860 r0=0103 r1=010F r2=0000 r3=12F8 r4=3D06 r5=2FA2 r6=0000 r7=0000 r8=002F r9=0002 r10=D860 r11=0AE6 r12=0402 r13=0000 r14=0000 r15=43F4
t=85.198191000 pc=00020920 fcw=D860 r0=0103 r1=010F r2=0000 r3=12F8 r4=3D06 r5=2FA2 r6=0000 r7=0000 r8=002F r9=0002 r10=D860 r11=0AE6 r12=0402 r13=0000 r14=0000 r15=43F4
t=85.198192500 pc=00020912 fcw=D860 r0=0103 r1=010F r2=0000 r3=12F8 r4=3D06 r5=2FA2 r6=0000 r7=0000 r8=002F r9=0002 r10=D860 r11=0AE6 r12=0402 r13=0000 r14=0000 r15=43F4
t=85.198194250 pc=00020914 fcw=D860 r0=0103 r1=010F r2=0000 r3=12F8 r4=3D06 r5=2FA2 r6=0000 r7=0000 r8=002F r9=0002 r10=D860 r11=0AE6 r12=0402 r13=0000 r14=0000 r15=43F4
t=85.198196000 pc=00020916 fcw=D860 r0=0103 r1=010F r2=0000 r3=12F8 r4=3D06 r5=2FA2 r6=0000 r7=0000 r8=002F r9=0002 r10=D860 r11=0AE6 r12=0402 r13=0000 r14=0000 r15=43F4
t=85.198199500 pc=0002091A fcw=D860 r0=0103 r1=010F r2=0000 r3=12F8 r4=3D06 r5=2FA2 r6=0000 r7=0000 r8=002F r9=0002 r10=D860 r11=0AE6 r12=0402 r13=0000 r14=0000 r15=43F4
t=85.198201500 pc=0002091C fcw=D860 r0=0103 r1=010F r2=0000 r3=12F8 r4=3D06 r5=2FA2 r6=0000 r7=0000 r8=002F r9=0002 r10=D860 r11=0AE6 r12=0402 r13=0000 r14=0000 r15=43F4
t=85.198203000 pc=0002091E fcw=D860 r0=010F r1=0103 r2=0000 r3=12F8 r4=3D06 r5=2FA2 r6=0000 r7=0000 r8=002F r9=0002 r10=D860 r11=0AE6 r12=0402 r13=0000 r14=0000 r15=43F4
t=85.198205750 pc=00020920 fcw=D860 r0=010F r1=0103 r2=0000 r3=12F8 r4=3D06 r5=2FA2 r6=0000 r7=0000 r8=002F r9=0002 r10=D860 r11=0AE6 r12=0402 r13=0000 r14=0000 r15=43F4
t=85.198207250 pc=00020912 fcw=D860 r0=010F r1=0103 r2=0000 r3=12F8 r4=3D06 r5=2FA2 r6=0000 r7=0000 r8=002F r9=0002 r10=D860 r11=0AE6 r12=0402 r13=0000 r14=0000 r15=43F4
t=85.198209000 pc=00020914 fcw=D860 r0=010F r1=0103 r2=0000 r3=12F8 r4=3D06 r5=2FA2 r6=0000 r7=0000 r8=002F r9=0002 r10=D860 r11=0AE6 r12=0402 r13=0000 r14=0000 r15=43F4
t=85.198210750 pc=00020916 fcw=D860 r0=010F r1=0103 r2=0000 r3=12F8 r4=3D06 r5=2FA2 r6=0000 r7=0000 r8=002F r9=0002 r10=D860 r11=0AE6 r12=0402 r13=0000 r14=0000 r15=43F4
t=85.198214250 pc=0002091A fcw=D860 r0=010F r1=0103 r2=0000 r3=12F8 r4=3D06 r5=2FA2 r6=0000 r7=0000 r8=002F r9=0002 r10=D860 r11=0AE6 r12=0402 r13=0000 r14=0000 r15=43F4
t=85.198216250 pc=0002091C fcw=D860 r0=010F r1=0103 r2=0000 r3=12F8 r4=3D06 r5=2FA2 r6=0000 r7=0000 r8=002F r9=0002 r10=D860 r11=0AE6 r12=0402 r13=0000 r14=0000 r15=43F4
t=85.198217750 pc=0002091E fcw=D860 r0=0103 r1=010F r2=0000 r3=12F8 r4=3D06 r5=2FA2 r6=0000 r7=0000 r8=002F r9=0002 r10=D860 r11=0AE6 r12=0402 r13=0000 r14=0000 r15=43F4
t=85.198220500 pc=00020920 fcw=D860 r0=0103 r1=010F r2=0000 r3=12F8 r4=3D06 r5=2FA2 r6=0000 r7=0000 r8=002F r9=0002 r10=D860 r11=0AE6 r12=0402 r13=0000 r14=0000 r15=43F4
t=85.198222000 pc=00020912 fcw=D860 r0=0103 r1=010F r2=0000 r3=12F8 r4=3D06 r5=2FA2 r6=0000 r7=0000 r8=002F r9=0002 r10=D860 r11=0AE6 r12=0402 r13=0000 r14=0000 r15=43F4
t=85.198223750 pc=00020914 fcw=D860 r0=0103 r1=010F r2=0000 r3=12F8 r4=3D06 r5=2FA2 r6=0000 r7=0000 r8=002F r9=0002 r10=D860 r11=0AE6 r12=0402 r13=0000 r14=0000 r15=43F4
t=85.198225500 pc=00020916 fcw=D860 r0=0103 r1=010F r2=0000 r3=12F8 r4=3D06 r5=2FA2 r6=0000 r7=0000 r8=002F r9=0002 r10=D860 r11=0AE6 r12=0402 r13=0000 r14=0000 r15=43F4
t=85.198229000 pc=0002091A fcw=D860 r0=0103 r1=010F r2=0000 r3=12F8 r4=3D06 r5=2FA2 r6=0000 r7=0000 r8=002F r9=0002 r10=D860 r11=0AE6 r12=0402 r13=0000 r14=0000 r15=43F4
t=85.198231000 pc=0002091C fcw=D860 r0=0103 r1=010F r2=0000 r3=12F8 r4=3D06 r5=2FA2 r6=0000 r7=0000 r8=002F r9=0002 r10=D860 r11=0AE6 r12=0402 r13=0000 r14=0000 r15=43F4
t=85.198232500 pc=0002091E fcw=D860 r0=010F r1=0103 r2=0000 r3=12F8 r4=3D06 r5=2FA2 r6=0000 r7=0000 r8=002F r9=0002 r10=D860 r11=0AE6 r12=0402 r13=0000 r14=0000 r15=43F4
t=85.198235250 pc=00020920 fcw=D860 r0=010F r1=0103 r2=0000 r3=12F8 r4=3D06 r5=2FA2 r6=0000 r7=0000 r8=002F r9=0002 r10=D860 r11=0AE6 r12=0402 r13=0000 r14=0000 r15=43F4
t=85.198236750 pc=00020912 fcw=D860 r0=010F r1=0103 r2=0000 r3=12F8 r4=3D06 r5=2FA2 r6=0000 r7=0000 r8=002F r9=0002 r10=D860 r11=0AE6 r12=0402 r13=0000 r14=0000 r15=43F4
t=85.198238500 pc=00020914 fcw=D860 r0=010F r1=0103 r2=0000 r3=12F8 r4=3D06 r5=2FA2 r6=0000 r7=0000 r8=002F r9=0002 r10=D860 r11=0AE6 r12=0402 r13=0000 r14=0000 r15=43F4
t=85.198240250 pc=00020916 fcw=D860 r0=010F r1=0103 r2=0000 r3=12F8 r4=3D06 r5=2FA2 r6=0000 r7=0000 r8=002F r9=0002 r10=D860 r11=0AE6 r12=0402 r13=0000 r14=0000 r15=43F4
t=85.198243750 pc=0002091A fcw=D860 r0=010F r1=0103 r2=0000 r3=12F8 r4=3D06 r5=2FA2 r6=0000 r7=0000 r8=002F r9=0002 r10=D860 r11=0AE6 r12=0402 r13=0000 r14=0000 r15=43F4
t=85.198245750 pc=0002091C fcw=D860 r0=010F r1=0103 r2=0000 r3=12F8 r4=3D06 r5=2FA2 r6=0000 r7=0000 r8=002F r9=0002 r10=D860 r11=0AE6 r12=0402 r13=0000 r14=0000 r15=43F4
t=85.198247250 pc=0002091E fcw=D860 r0=0103 r1=010F r2=0000 r3=12F8 r4=3D06 r5=2FA2 r6=0000 r7=0000 r8=002F r9=0002 r10=D860 r11=0AE6 r12=0402 r13=0000 r14=0000 r15=43F4
t=85.198250000 pc=00020920 fcw=D860 r0=0103 r1=010F r2=0000 r3=12F8 r4=3D06 r5=2FA2 r6=0000 r7=0000 r8=002F r9=0002 r10=D860 r11=0AE6 r12=0402 r13=0000 r14=0000 r15=43F4
t=85.198251500 pc=00020912 fcw=D860 r0=0103 r1=010F r2=0000 r3=12F8 r4=3D06 r5=2FA2 r6=0000 r7=0000 r8=002F r9=0002 r10=D860 r11=0AE6 r12=0402 r13=0000 r14=0000 r15=43F4
t=85.198253250 pc=00020914 fcw=D860 r0=0103 r1=010F r2=0000 r3=12F8 r4=3D06 r5=2FA2 r6=0000 r7=0000 r8=002F r9=0002 r10=D860 r11=0AE6 r12=0402 r13=0000 r14=0000 r15=43F4
t=85.198255000 pc=00020916 fcw=D860 r0=0103 r1=010F r2=0000 r3=12F8 r4=3D06 r5=2FA2 r6=0000 r7=0000 r8=002F r9=0002 r10=D860 r11=0AE6 r12=0402 r13=0000 r14=0000 r15=43F4
t=85.198258500 pc=0002091A fcw=D860 r0=0103 r1=010F r2=0000 r3=12F8 r4=3D06 r5=2FA2 r6=0000 r7=0000 r8=002F r9=0002 r10=D860 r11=0AE6 r12=0402 r13=0000 r14=0000 r15=43F4
t=85.198260500 pc=0002091C fcw=D860 r0=0103 r1=010F r2=0000 r3=12F8 r4=3D06 r5=2FA2 r6=0000 r7=0000 r8=002F r9=0002 r10=D860 r11=0AE6 r12=0402 r13=0000 r14=0000 r15=43F4
t=85.198262000 pc=0002091E fcw=D860 r0=010F r1=0103 r2=0000 r3=12F8 r4=3D06 r5=2FA2 r6=0000 r7=0000 r8=002F r9=0002 r10=D860 r11=0AE6 r12=0402 r13=0000 r14=0000 r15=43F4
t=85.198264750 pc=00020920 fcw=D860 r0=010F r1=0103 r2=0000 r3=12F8 r4=3D06 r5=2FA2 r6=0000 r7=0000 r8=002F r9=0002 r10=D860 r11=0AE6 r12=0402 r13=0000 r14=0000 r15=43F4
t=85.198266250 pc=00020912 fcw=D860 r0=010F r1=0103 r2=0000 r3=12F8 r4=3D06 r5=2FA2 r6=0000 r7=0000 r8=002F r9=0002 r10=D860 r11=0AE6 r12=0402 r13=0000 r14=0000 r15=43F4
t=85.198268000 pc=00020914 fcw=D860 r0=010F r1=0103 r2=0000 r3=12F8 r4=3D06 r5=2FA2 r6=0000 r7=0000 r8=002F r9=0002 r10=D860 r11=0AE6 r12=0402 r13=0000 r14=0000 r15=43F4
t=85.198269750 pc=00020916 fcw=D860 r0=010F r1=0103 r2=0000 r3=12F8 r4=3D06 r5=2FA2 r6=0000 r7=0000 r8=002F r9=0002 r10=D860 r11=0AE6 r12=0402 r13=0000 r14=0000 r15=43F4
t=85.198273250 pc=0002091A fcw=D860 r0=010F r1=0103 r2=0000 r3=12F8 r4=3D06 r5=2FA2 r6=0000 r7=0000 r8=002F r9=0002 r10=D860 r11=0AE6 r12=0402 r13=0000 r14=0000 r15=43F4
t=85.198275250 pc=0002091C fcw=D860 r0=010F r1=0103 r2=0000 r3=12F8 r4=3D06 r5=2FA2 r6=0000 r7=0000 r8=002F r9=0002 r10=D860 r11=0AE6 r12=0402 r13=0000 r14=0000 r15=43F4
t=85.198276750 pc=0002091E fcw=D860 r0=0103 r1=010F r2=0000 r3=12F8 r4=3D06 r5=2FA2 r6=0000 r7=0000 r8=002F r9=0002 r10=D860 r11=0AE6 r12=0402 r13=0000 r14=0000 r15=43F4
t=85.198279500 pc=00020920 fcw=D860 r0=0103 r1=010F r2=0000 r3=12F8 r4=3D06 r5=2FA2 r6=0000 r7=0000 r8=002F r9=0002 r10=D860 r11=0AE6 r12=0402 r13=0000 r14=0000 r15=43F4
t=85.198281000 pc=00020912 fcw=D860 r0=0103 r1=010F r2=0000 r3=12F8 r4=3D06 r5=2FA2 r6=0000 r7=0000 r8=002F r9=0002 r10=D860 r11=0AE6 r12=0402 r13=0000 r14=0000 r15=43F4
t=85.198282750 pc=00020914 fcw=D860 r0=0103 r1=010F r2=0000 r3=12F8 r4=3D06 r5=2FA2 r6=0000 r7=0000 r8=002F r9=0002 r10=D860 r11=0AE6 r12=0402 r13=0000 r14=0000 r15=43F4
t=85.198284500 pc=00020916 fcw=D860 r0=0103 r1=010F r2=0000 r3=12F8 r4=3D06 r5=2FA2 r6=0000 r7=0000 r8=002F r9=0002 r10=D860 r11=0AE6 r12=0402 r13=0000 r14=0000 r15=43F4
t=85.198288000 pc=0002091A fcw=D860 r0=0103 r1=010F r2=0000 r3=12F8 r4=3D06 r5=2FA2 r6=0000 r7=0000 r8=002F r9=0002 r10=D860 r11=0AE6 r12=0402 r13=0000 r14=0000 r15=43F4
t=85.198290000 pc=0002091C fcw=D860 r0=0103 r1=010F r2=0000 r3=12F8 r4=3D06 r5=2FA2 r6=0000 r7=0000 r8=002F r9=0002 r10=D860 r11=0AE6 r12=0402 r13=0000 r14=0000 r15=43F4
t=85.198291500 pc=0002091E fcw=D860 r0=010F r1=0103 r2=0000 r3=12F8 r4=3D06 r5=2FA2 r6=0000 r7=0000 r8=002F r9=0002 r10=D860 r11=0AE6 r12=0402 r13=0000 r14=0000 r15=43F4
t=85.198294250 pc=00020920 fcw=D860 r0=010F r1=0103 r2=0000 r3=12F8 r4=3D06 r5=2FA2 r6=0000 r7=0000 r8=002F r9=0002 r10=D860 r11=0AE6 r12=0402 r13=0000 r14=0000 r15=43F4
t=85.198295750 pc=00020912 fcw=D860 r0=010F r1=0103 r2=0000 r3=12F8 r4=3D06 r5=2FA2 r6=0000 r7=0000 r8=002F r9=0002 r10=D860 r11=0AE6 r12=0402 r13=0000 r14=0000 r15=43F4
t=85.198297500 pc=00020914 fcw=D860 r0=010F r1=0103 r2=0000 r3=12F8 r4=3D06 r5=2FA2 r6=0000 r7=0000 r8=002F r9=0002 r10=D860 r11=0AE6 r12=0402 r13=0000 r14=0000 r15=43F4
t=85.198299250 pc=00020916 fcw=D860 r0=010F r1=0103 r2=0000 r3=12F8 r4=3D06 r5=2FA2 r6=0000 r7=0000 r8=002F r9=0002 r10=D860 r11=0AE6 r12=0402 r13=0000 r14=0000 r15=43F4
t=85.198302750 pc=0002091A fcw=D860 r0=010F r1=0103 r2=0000 r3=12F8 r4=3D06 r5=2FA2 r6=0000 r7=0000 r8=002F r9=0002 r10=D860 r11=0AE6 r12=0402 r13=0000 r14=0000 r15=43F4
t=85.198304750 pc=0002091C fcw=D860 r0=010F r1=0103 r2=0000 r3=12F8 r4=3D06 r5=2FA2 r6=0000 r7=0000 r8=002F r9=0002 r10=D860 r11=0AE6 r12=0402 r13=0000 r14=0000 r15=43F4
t=85.198306250 pc=0002091E fcw=D860 r0=0103 r1=010F r2=0000 r3=12F8 r4=3D06 r5=2FA2 r6=0000 r7=0000 r8=002F r9=0002 r10=D860 r11=0AE6 r12=0402 r13=0000 r14=0000 r15=43F4
t=85.198309000 pc=00020920 fcw=D860 r0=0103 r1=010F r2=0000 r3=12F8 r4=3D06 r5=2FA2 r6=0000 r7=0000 r8=002F r9=0002 r10=D860 r11=0AE6 r12=0402 r13=0000 r14=0000 r15=43F4
t=85.198310500 pc=00020912 fcw=D860 r0=0103 r1=010F r2=0000 r3=12F8 r4=3D06 r5=2FA2 r6=0000 r7=0000 r8=002F r9=0002 r10=D860 r11=0AE6 r12=0402 r13=0000 r14=0000 r15=43F4
t=85.198312250 pc=00020914 fcw=D860 r0=0103 r1=010F r2=0000 r3=12F8 r4=3D06 r5=2FA2 r6=0000 r7=0000 r8=002F r9=0002 r10=D860 r11=0AE6 r12=0402 r13=0000 r14=0000 r15=43F4
t=85.198314000 pc=00020916 fcw=D860 r0=0103 r1=010F r2=0000 r3=12F8 r4=3D06 r5=2FA2 r6=0000 r7=0000 r8=002F r9=0002 r10=D860 r11=0AE6 r12=0402 r13=0000 r14=0000 r15=43F4
t=85.198317500 pc=0002091A fcw=D860 r0=0103 r1=010F r2=0000 r3=12F8 r4=3D06 r5=2FA2 r6=0000 r7=0000 r8=002F r9=0002 r10=D860 r11=0AE6 r12=0402 r13=0000 r14=0000 r15=43F4
t=85.198319500 pc=0002091C fcw=D860 r0=0103 r1=010F r2=0000 r3=12F8 r4=3D06 r5=2FA2 r6=0000 r7=0000 r8=002F r9=0002 r10=D860 r11=0AE6 r12=0402 r13=0000 r14=0000 r15=43F4
t=85.198321000 pc=0002091E fcw=D860 r0=010F r1=0103 r2=0000 r3=12F8 r4=3D06 r5=2FA2 r6=0000 r7=0000 r8=002F r9=0002 r10=D860 r11=0AE6 r12=0402 r13=0000 r14=0000 r15=43F4
t=85.198323750 pc=00020920 fcw=D860 r0=010F r1=0103 r2=0000 r3=12F8 r4=3D06 r5=2FA2 r6=0000 r7=0000 r8=002F r9=0002 r10=D860 r11=0AE6 r12=0402 r13=0000 r14=0000 r15=43F4
t=85.198325250 pc=00020912 fcw=D860 r0=010F r1=0103 r2=0000 r3=12F8 r4=3D06 r5=2FA2 r6=0000 r7=0000 r8=002F r9=0002 r10=D860 r11=0AE6 r12=0402 r13=0000 r14=0000 r15=43F4
t=85.198327000 pc=00020914 fcw=D860 r0=010F r1=0103 r2=0000 r3=12F8 r4=3D06 r5=2FA2 r6=0000 r7=0000 r8=002F r9=0002 r10=D860 r11=0AE6 r12=0402 r13=0000 r14=0000 r15=43F4
t=85.198328750 pc=00020916 fcw=D860 r0=010F r1=0103 r2=0000 r3=12F8 r4=3D06 r5=2FA2 r6=0000 r7=0000 r8=002F r9=0002 r10=D860 r11=0AE6 r12=0402 r13=0000 r14=0000 r15=43F4
t=85.198332250 pc=0002091A fcw=D860 r0=010F r1=0103 r2=0000 r3=12F8 r4=3D06 r5=2FA2 r6=0000 r7=0000 r8=002F r9=0002 r10=D860 r11=0AE6 r12=0402 r13=0000 r14=0000 r15=43F4
t=85.198334250 pc=0002091C fcw=D860 r0=010F r1=0103 r2=0000 r3=12F8 r4=3D06 r5=2FA2 r6=0000 r7=0000 r8=002F r9=0002 r10=D860 r11=0AE6 r12=0402 r13=0000 r14=0000 r15=43F4
t=85.198335750 pc=0002091E fcw=D860 r0=0103 r1=010F r2=0000 r3=12F8 r4=3D06 r5=2FA2 r6=0000 r7=0000 r8=002F r9=0002 r10=D860 r11=0AE6 r12=0402 r13=0000 r14=0000 r15=43F4
t=85.198338500 pc=00020920 fcw=D860 r0=0103 r1=010F r2=0000 r3=12F8 r4=3D06 r5=2FA2 r6=0000 r7=0000 r8=002F r9=0002 r10=D860 r11=0AE6 r12=0402 r13=0000 r14=0000 r15=43F4
t=85.198340000 pc=00020912 fcw=D860 r0=0103 r1=010F r2=0000 r3=12F8 r4=3D06 r5=2FA2 r6=0000 r7=0000 r8=002F r9=0002 r10=D860 r11=0AE6 r12=0402 r13=0000 r14=0000 r15=43F4
t=85.198341750 pc=00020914 fcw=D860 r0=0103 r1=010F r2=0000 r3=12F8 r4=3D06 r5=2FA2 r6=0000 r7=0000 r8=002F r9=0002 r10=D860 r11=0AE6 r12=0402 r13=0000 r14=0000 r15=43F4
t=85.198343500 pc=00020916 fcw=D860 r0=0103 r1=010F r2=0000 r3=12F8 r4=3D06 r5=2FA2 r6=0000 r7=0000 r8=002F r9=0002 r10=D860 r11=0AE6 r12=0402 r13=0000 r14=0000 r15=43F4
t=85.198347000 pc=0002091A fcw=D860 r0=0103 r1=010F r2=0000 r3=12F8 r4=3D06 r5=2FA2 r6=0000 r7=0000 r8=002F r9=0002 r10=D860 r11=0AE6 r12=0402 r13=0000 r14=0000 r15=43F4
t=85.198349000 pc=0002091C fcw=D860 r0=0103 r1=010F r2=0000 r3=12F8 r4=3D06 r5=2FA2 r6=0000 r7=0000 r8=002F r9=0002 r10=D860 r11=0AE6 r12=0402 r13=0000 r14=0000 r15=43F4
t=85.198350500 pc=0002091E fcw=D860 r0=010F r1=0103 r2=0000 r3=12F8 r4=3D06 r5=2FA2 r6=0000 r7=0000 r8=002F r9=0002 r10=D860 r11=0AE6 r12=0402 r13=0000 r14=0000 r15=43F4
t=85.198353250 pc=00020920 fcw=D860 r0=010F r1=0103 r2=0000 r3=12F8 r4=3D06 r5=2FA2 r6=0000 r7=0000 r8=002F r9=0002 r10=D860 r11=0AE6 r12=0402 r13=0000 r14=0000 r15=43F4
t=85.198354750 pc=00020912 fcw=D860 r0=010F r1=0103 r2=0000 r3=12F8 r4=3D06 r5=2FA2 r6=0000 r7=0000 r8=002F r9=0002 r10=D860 r11=0AE6 r12=0402 r13=0000 r14=0000 r15=43F4
t=85.198356500 pc=00020914 fcw=D860 r0=010F r1=0103 r2=0000 r3=12F8 r4=3D06 r5=2FA2 r6=0000 r7=0000 r8=002F r9=0002 r10=D860 r11=0AE6 r12=0402 r13=0000 r14=0000 r15=43F4
t=85.198358250 pc=00020916 fcw=D860 r0=010F r1=0103 r2=0000 r3=12F8 r4=3D06 r5=2FA2 r6=0000 r7=0000 r8=002F r9=0002 r10=D860 r11=0AE6 r12=0402 r13=0000 r14=0000 r15=43F4
t=85.198361750 pc=0002091A fcw=D860 r0=010F r1=0103 r2=0000 r3=12F8 r4=3D06 r5=2FA2 r6=0000 r7=0000 r8=002F r9=0002 r10=D860 r11=0AE6 r12=0402 r13=0000 r14=0000 r15=43F4
t=85.198363750 pc=0002091C fcw=D860 r0=010F r1=0103 r2=0000 r3=12F8 r4=3D06 r5=2FA2 r6=0000 r7=0000 r8=002F r9=0002 r10=D860 r11=0AE6 r12=0402 r13=0000 r14=0000 r15=43F4
t=85.198365250 pc=0002091E fcw=D860 r0=0103 r1=010F r2=0000 r3=12F8 r4=3D06 r5=2FA2 r6=0000 r7=0000 r8=002F r9=0002 r10=D860 r11=0AE6 r12=0402 r13=0000 r14=0000 r15=43F4
t=85.198368000 pc=00020920 fcw=D860 r0=0103 r1=010F r2=0000 r3=12F8 r4=3D06 r5=2FA2 r6=0000 r7=0000 r8=002F r9=0002 r10=D860 r11=0AE6 r12=0402 r13=0000 r14=0000 r15=43F4
t=85.198369500 pc=00020912 fcw=D860 r0=0103 r1=010F r2=0000 r3=12F8 r4=3D06 r5=2FA2 r6=0000 r7=0000 r8=002F r9=0002 r10=D860 r11=0AE6 r12=0402 r13=0000 r14=0000 r15=43F4
t=85.198371250 pc=00020914 fcw=D860 r0=0103 r1=010F r2=0000 r3=12F8 r4=3D06 r5=2FA2 r6=0000 r7=0000 r8=002F r9=0002 r10=D860 r11=0AE6 r12=0402 r13=0000 r14=0000 r15=43F4
t=85.198373000 pc=00020916 fcw=D860 r0=0103 r1=010F r2=0000 r3=12F8 r4=3D06 r5=2FA2 r6=0000 r7=0000 r8=002F r9=0002 r10=D860 r11=0AE6 r12=0402 r13=0000 r14=0000 r15=43F4
t=85.198376500 pc=0002091A fcw=D860 r0=0103 r1=010F r2=0000 r3=12F8 r4=3D06 r5=2FA2 r6=0000 r7=0000 r8=002F r9=0002 r10=D860 r11=0AE6 r12=0402 r13=0000 r14=0000 r15=43F4
t=85.198378500 pc=0002091C fcw=D860 r0=0103 r1=010F r2=0000 r3=12F8 r4=3D06 r5=2FA2 r6=0000 r7=0000 r8=002F r9=0002 r10=D860 r11=0AE6 r12=0402 r13=0000 r14=0000 r15=43F4
t=85.198380000 pc=0002091E fcw=D860 r0=010F r1=0103 r2=0000 r3=12F8 r4=3D06 r5=2FA2 r6=0000 r7=0000 r8=002F r9=0002 r10=D860 r11=0AE6 r12=0402 r13=0000 r14=0000 r15=43F4
t=85.198382750 pc=00020920 fcw=D860 r0=010F r1=0103 r2=0000 r3=12F8 r4=3D06 r5=2FA2 r6=0000 r7=0000 r8=002F r9=0002 r10=D860 r11=0AE6 r12=0402 r13=0000 r14=0000 r15=43F4
t=85.198384250 pc=00020912 fcw=D860 r0=010F r1=0103 r2=0000 r3=12F8 r4=3D06 r5=2FA2 r6=0000 r7=0000 r8=002F r9=0002 r10=D860 r11=0AE6 r12=0402 r13=0000 r14=0000 r15=43F4
t=85.198386000 pc=00020914 fcw=D860 r0=010F r1=0103 r2=0000 r3=12F8 r4=3D06 r5=2FA2 r6=0000 r7=0000 r8=002F r9=0002 r10=D860 r11=0AE6 r12=0402 r13=0000 r14=0000 r15=43F4
t=85.198387750 pc=00020916 fcw=D860 r0=010F r1=0103 r2=0000 r3=12F8 r4=3D06 r5=2FA2 r6=0000 r7=0000 r8=002F r9=0002 r10=D860 r11=0AE6 r12=0402 r13=0000 r14=0000 r15=43F4
t=85.198391250 pc=0002091A fcw=D860 r0=010F r1=0103 r2=0000 r3=12F8 r4=3D06 r5=2FA2 r6=0000 r7=0000 r8=002F r9=0002 r10=D860 r11=0AE6 r12=0402 r13=0000 r14=0000 r15=43F4
t=85.198393250 pc=0002091C fcw=D860 r0=010F r1=0103 r2=0000 r3=12F8 r4=3D06 r5=2FA2 r6=0000 r7=0000 r8=002F r9=0002 r10=D860 r11=0AE6 r12=0402 r13=0000 r14=0000 r15=43F4
t=85.198394750 pc=0002091E fcw=D860 r0=0103 r1=010F r2=0000 r3=12F8 r4=3D06 r5=2FA2 r6=0000 r7=0000 r8=002F r9=0002 r10=D860 r11=0AE6 r12=0402 r13=0000 r14=0000 r15=43F4
t=85.198397500 pc=00020920 fcw=D860 r0=0103 r1=010F r2=0000 r3=12F8 r4=3D06 r5=2FA2 r6=0000 r7=0000 r8=002F r9=0002 r10=D860 r11=0AE6 r12=0402 r13=0000 r14=0000 r15=43F4
t=85.198399000 pc=00020912 fcw=D860 r0=0103 r1=010F r2=0000 r3=12F8 r4=3D06 r5=2FA2 r6=0000 r7=0000 r8=002F r9=0002 r10=D860 r11=0AE6 r12=0402 r13=0000 r14=0000 r15=43F4
t=85.198400750 pc=00020914 fcw=D860 r0=0103 r1=010F r2=0000 r3=12F8 r4=3D06 r5=2FA2 r6=0000 r7=0000 r8=002F r9=0002 r10=D860 r11=0AE6 r12=0402 r13=0000 r14=0000 r15=43F4
t=85.198402500 pc=00020916 fcw=D860 r0=0103 r1=010F r2=0000 r3=12F8 r4=3D06 r5=2FA2 r6=0000 r7=0000 r8=002F r9=0002 r10=D860 r11=0AE6 r12=0402 r13=0000 r14=0000 r15=43F4
t=85.198406000 pc=0002091A fcw=D860 r0=0103 r1=010F r2=0000 r3=12F8 r4=3D06 r5=2FA2 r6=0000 r7=0000 r8=002F r9=0002 r10=D860 r11=0AE6 r12=0402 r13=0000 r14=0000 r15=43F4
t=85.198408000 pc=0002091C fcw=D860 r0=0103 r1=010F r2=0000 r3=12F8 r4=3D06 r5=2FA2 r6=0000 r7=0000 r8=002F r9=0002 r10=D860 r11=0AE6 r12=0402 r13=0000 r14=0000 r15=43F4
t=85.198409500 pc=0002091E fcw=D860 r0=010F r1=0103 r2=0000 r3=12F8 r4=3D06 r5=2FA2 r6=0000 r7=0000 r8=002F r9=0002 r10=D860 r11=0AE6 r12=0402 r13=0000 r14=0000 r15=43F4
t=85.198412250 pc=00020920 fcw=D860 r0=010F r1=0103 r2=0000 r3=12F8 r4=3D06 r5=2FA2 r6=0000 r7=0000 r8=002F r9=0002 r10=D860 r11=0AE6 r12=0402 r13=0000 r14=0000 r15=43F4
t=85.198413750 pc=00020912 fcw=D860 r0=010F r1=0103 r2=0000 r3=12F8 r4=3D06 r5=2FA2 r6=0000 r7=0000 r8=002F r9=0002 r10=D860 r11=0AE6 r12=0402 r13=0000 r14=0000 r15=43F4
t=85.198415500 pc=00020914 fcw=D860 r0=010F r1=0103 r2=0000 r3=12F8 r4=3D06 r5=2FA2 r6=0000 r7=0000 r8=002F r9=0002 r10=D860 r11=0AE6 r12=0402 r13=0000 r14=0000 r15=43F4
t=85.198417250 pc=00020916 fcw=D860 r0=010F r1=0103 r2=0000 r3=12F8 r4=3D06 r5=2FA2 r6=0000 r7=0000 r8=002F r9=0002 r10=D860 r11=0AE6 r12=0402 r13=0000 r14=0000 r15=43F4
t=85.198420750 pc=0002091A fcw=D860 r0=010F r1=0103 r2=0000 r3=12F8 r4=3D06 r5=2FA2 r6=0000 r7=0000 r8=002F r9=0002 r10=D860 r11=0AE6 r12=0402 r13=0000 r14=0000 r15=43F4
t=85.198422750 pc=0002091C fcw=D860 r0=010F r1=0103 r2=0000 r3=12F8 r4=3D06 r5=2FA2 r6=0000 r7=0000 r8=002F r9=0002 r10=D860 r11=0AE6 r12=0402 r13=0000 r14=0000 r15=43F4
t=85.198424250 pc=0002091E fcw=D860 r0=0103 r1=010F r2=0000 r3=12F8 r4=3D06 r5=2FA2 r6=0000 r7=0000 r8=002F r9=0002 r10=D860 r11=0AE6 r12=0402 r13=0000 r14=0000 r15=43F4
t=85.198427000 pc=00020920 fcw=D860 r0=0103 r1=010F r2=0000 r3=12F8 r4=3D06 r5=2FA2 r6=0000 r7=0000 r8=002F r9=0002 r10=D860 r11=0AE6 r12=0402 r13=0000 r14=0000 r15=43F4
t=85.198428500 pc=00020912 fcw=D860 r0=0103 r1=010F r2=0000 r3=12F8 r4=3D06 r5=2FA2 r6=0000 r7=0000 r8=002F r9=0002 r10=D860 r11=0AE6 r12=0402 r13=0000 r14=0000 r15=43F4
t=85.198430250 pc=00020914 fcw=D860 r0=0103 r1=010F r2=0000 r3=12F8 r4=3D06 r5=2FA2 r6=0000 r7=0000 r8=002F r9=0002 r10=D860 r11=0AE6 r12=0402 r13=0000 r14=0000 r15=43F4
t=85.198432000 pc=00020916 fcw=D860 r0=0103 r1=010F r2=0000 r3=12F8 r4=3D06 r5=2FA2 r6=0000 r7=0000 r8=002F r9=0002 r10=D860 r11=0AE6 r12=0402 r13=0000 r14=0000 r15=43F4
t=85.198435500 pc=0002091A fcw=D860 r0=0103 r1=010F r2=0000 r3=12F8 r4=3D06 r5=2FA2 r6=0000 r7=0000 r8=002F r9=0002 r10=D860 r11=0AE6 r12=0402 r13=0000 r14=0000 r15=43F4
t=85.198437500 pc=0002091C fcw=D860 r0=0103 r1=010F r2=0000 r3=12F8 r4=3D06 r5=2FA2 r6=0000 r7=0000 r8=002F r9=0002 r10=D860 r11=0AE6 r12=0402 r13=0000 r14=0000 r15=43F4
t=85.198439000 pc=0002091E fcw=D860 r0=010F r1=0103 r2=0000 r3=12F8 r4=3D06 r5=2FA2 r6=0000 r7=0000 r8=002F r9=0002 r10=D860 r11=0AE6 r12=0402 r13=0000 r14=0000 r15=43F4
t=85.198441750 pc=00020920 fcw=D860 r0=010F r1=0103 r2=0000 r3=12F8 r4=3D06 r5=2FA2 r6=0000 r7=0000 r8=002F r9=0002 r10=D860 r11=0AE6 r12=0402 r13=0000 r14=0000 r15=43F4
t=85.198443250 pc=00020912 fcw=D860 r0=010F r1=0103 r2=0000 r3=12F8 r4=3D06 r5=2FA2 r6=0000 r7=0000 r8=002F r9=0002 r10=D860 r11=0AE6 r12=0402 r13=0000 r14=0000 r15=43F4
t=85.198445000 pc=00020914 fcw=D860 r0=010F r1=0103 r2=0000 r3=12F8 r4=3D06 r5=2FA2 r6=0000 r7=0000 r8=002F r9=0002 r10=D860 r11=0AE6 r12=0402 r13=0000 r14=0000 r15=43F4
t=85.198446750 pc=00020916 fcw=D860 r0=010F r1=0103 r2=0000 r3=12F8 r4=3D06 r5=2FA2 r6=0000 r7=0000 r8=002F r9=0002 r10=D860 r11=0AE6 r12=0402 r13=0000 r14=0000 r15=43F4
t=85.198450250 pc=0002091A fcw=D860 r0=010F r1=0103 r2=0000 r3=12F8 r4=3D06 r5=2FA2 r6=0000 r7=0000 r8=002F r9=0002 r10=D860 r11=0AE6 r12=0402 r13=0000 r14=0000 r15=43F4
t=85.198452250 pc=0002091C fcw=D860 r0=010F r1=0103 r2=0000 r3=12F8 r4=3D06 r5=2FA2 r6=0000 r7=0000 r8=002F r9=0002 r10=D860 r11=0AE6 r12=0402 r13=0000 r14=0000 r15=43F4
t=85.198453750 pc=0002091E fcw=D860 r0=0103 r1=010F r2=0000 r3=12F8 r4=3D06 r5=2FA2 r6=0000 r7=0000 r8=002F r9=0002 r10=D860 r11=0AE6 r12=0402 r13=0000 r14=0000 r15=43F4
t=85.198456500 pc=00020920 fcw=D860 r0=0103 r1=010F r2=0000 r3=12F8 r4=3D06 r5=2FA2 r6=0000 r7=0000 r8=002F r9=0002 r10=D860 r11=0AE6 r12=0402 r13=0000 r14=0000 r15=43F4
t=85.198458000 pc=00020912 fcw=D860 r0=0103 r1=010F r2=0000 r3=12F8 r4=3D06 r5=2FA2 r6=0000 r7=0000 r8=002F r9=0002 r10=D860 r11=0AE6 r12=0402 r13=0000 r14=0000 r15=43F4
t=85.198459750 pc=00020914 fcw=D860 r0=0103 r1=010F r2=0000 r3=12F8 r4=3D06 r5=2FA2 r6=0000 r7=0000 r8=002F r9=0002 r10=D860 r11=0AE6 r12=0402 r13=0000 r14=0000 r15=43F4
t=85.198461500 pc=00020916 fcw=D860 r0=0103 r1=010F r2=0000 r3=12F8 r4=3D06 r5=2FA2 r6=0000 r7=0000 r8=002F r9=0002 r10=D860 r11=0AE6 r12=0402 r13=0000 r14=0000 r15=43F4
t=85.198465000 pc=0002091A fcw=D860 r0=0103 r1=010F r2=0000 r3=12F8 r4=3D06 r5=2FA2 r6=0000 r7=0000 r8=002F r9=0002 r10=D860 r11=0AE6 r12=0402 r13=0000 r14=0000 r15=43F4
t=85.198467000 pc=0002091C fcw=D860 r0=0103 r1=010F r2=0000 r3=12F8 r4=3D06 r5=2FA2 r6=0000 r7=0000 r8=002F r9=0002 r10=D860 r11=0AE6 r12=0402 r13=0000 r14=0000 r15=43F4
t=85.198468500 pc=0002091E fcw=D860 r0=010F r1=0103 r2=0000 r3=12F8 r4=3D06 r5=2FA2 r6=0000 r7=0000 r8=002F r9=0002 r10=D860 r11=0AE6 r12=0402 r13=0000 r14=0000 r15=43F4
t=85.198471250 pc=00020920 fcw=D860 r0=010F r1=0103 r2=0000 r3=12F8 r4=3D06 r5=2FA2 r6=0000 r7=0000 r8=002F r9=0002 r10=D860 r11=0AE6 r12=0402 r13=0000 r14=0000 r15=43F4
t=85.198472750 pc=00020912 fcw=D860 r0=010F r1=0103 r2=0000 r3=12F8 r4=3D06 r5=2FA2 r6=0000 r7=0000 r8=002F r9=0002 r10=D860 r11=0AE6 r12=0402 r13=0000 r14=0000 r15=43F4
t=85.198474500 pc=00020914 fcw=D860 r0=010F r1=0103 r2=0000 r3=12F8 r4=3D06 r5=2FA2 r6=0000 r7=0000 r8=002F r9=0002 r10=D860 r11=0AE6 r12=0402 r13=0000 r14=0000 r15=43F4
t=85.198476250 pc=00020916 fcw=D860 r0=010F r1=0103 r2=0000 r3=12F8 r4=3D06 r5=2FA2 r6=0000 r7=0000 r8=002F r9=0002 r10=D860 r11=0AE6 r12=0402 r13=0000 r14=0000 r15=43F4
t=85.198479750 pc=0002091A fcw=D860 r0=010F r1=0103 r2=0000 r3=12F8 r4=3D06 r5=2FA2 r6=0000 r7=0000 r8=002F r9=0002 r10=D860 r11=0AE6 r12=0402 r13=0000 r14=0000 r15=43F4
t=85.198481750 pc=0002091C fcw=D860 r0=010F r1=0103 r2=0000 r3=12F8 r4=3D06 r5=2FA2 r6=0000 r7=0000 r8=002F r9=0002 r10=D860 r11=0AE6 r12=0402 r13=0000 r14=0000 r15=43F4
t=85.198483250 pc=0002091E fcw=D860 r0=0103 r1=010F r2=0000 r3=12F8 r4=3D06 r5=2FA2 r6=0000 r7=0000 r8=002F r9=0002 r10=D860 r11=0AE6 r12=0402 r13=0000 r14=0000 r15=43F4
t=85.198486000 pc=00020920 fcw=D860 r0=0103 r1=010F r2=0000 r3=12F8 r4=3D06 r5=2FA2 r6=0000 r7=0000 r8=002F r9=0002 r10=D860 r11=0AE6 r12=0402 r13=0000 r14=0000 r15=43F4
t=85.198487500 pc=00020912 fcw=D860 r0=0103 r1=010F r2=0000 r3=12F8 r4=3D06 r5=2FA2 r6=0000 r7=0000 r8=002F r9=0002 r10=D860 r11=0AE6 r12=0402 r13=0000 r14=0000 r15=43F4
t=85.198489250 pc=00020914 fcw=D860 r0=0103 r1=010F r2=0000 r3=12F8 r4=3D06 r5=2FA2 r6=0000 r7=0000 r8=002F r9=0002 r10=D860 r11=0AE6 r12=0402 r13=0000 r14=0000 r15=43F4
t=85.198491000 pc=00020916 fcw=D860 r0=0103 r1=010F r2=0000 r3=12F8 r4=3D06 r5=2FA2 r6=0000 r7=0000 r8=002F r9=0002 r10=D860 r11=0AE6 r12=0402 r13=0000 r14=0000 r15=43F4
t=85.198494500 pc=0002091A fcw=D860 r0=0103 r1=010F r2=0000 r3=12F8 r4=3D06 r5=2FA2 r6=0000 r7=0000 r8=002F r9=0002 r10=D860 r11=0AE6 r12=0402 r13=0000 r14=0000 r15=43F4
t=85.198496500 pc=0002091C fcw=D860 r0=0103 r1=010F r2=0000 r3=12F8 r4=3D06 r5=2FA2 r6=0000 r7=0000 r8=002F r9=0002 r10=D860 r11=0AE6 r12=0402 r13=0000 r14=0000 r15=43F4
t=85.198498000 pc=0002091E fcw=D860 r0=010F r1=0103 r2=0000 r3=12F8 r4=3D06 r5=2FA2 r6=0000 r7=0000 r8=002F r9=0002 r10=D860 r11=0AE6 r12=0402 r13=0000 r14=0000 r15=43F4
t=85.198500750 pc=00020920 fcw=D860 r0=010F r1=0103 r2=0000 r3=12F8 r4=3D06 r5=2FA2 r6=0000 r7=0000 r8=002F r9=0002 r10=D860 r11=0AE6 r12=0402 r13=0000 r14=0000 r15=43F4
t=85.198502250 pc=00020912 fcw=D860 r0=010F r1=0103 r2=0000 r3=12F8 r4=3D06 r5=2FA2 r6=0000 r7=0000 r8=002F r9=0002 r10=D860 r11=0AE6 r12=0402 r13=0000 r14=0000 r15=43F4
t=85.198504000 pc=00020914 fcw=D860 r0=010F r1=0103 r2=0000 r3=12F8 r4=3D06 r5=2FA2 r6=0000 r7=0000 r8=002F r9=0002 r10=D860 r11=0AE6 r12=0402 r13=0000 r14=0000 r15=43F4
t=85.198505750 pc=00020916 fcw=D860 r0=010F r1=0103 r2=0000 r3=12F8 r4=3D06 r5=2FA2 r6=0000 r7=0000 r8=002F r9=0002 r10=D860 r11=0AE6 r12=0402 r13=0000 r14=0000 r15=43F4
t=85.198509250 pc=0002091A fcw=D860 r0=010F r1=0103 r2=0000 r3=12F8 r4=3D06 r5=2FA2 r6=0000 r7=0000 r8=002F r9=0002 r10=D860 r11=0AE6 r12=0402 r13=0000 r14=0000 r15=43F4
t=85.198511250 pc=0002091C fcw=D860 r0=010F r1=0103 r2=0000 r3=12F8 r4=3D06 r5=2FA2 r6=0000 r7=0000 r8=002F r9=0002 r10=D860 r11=0AE6 r12=0402 r13=0000 r14=0000 r15=43F4
t=85.198512750 pc=0002091E fcw=D860 r0=0103 r1=010F r2=0000 r3=12F8 r4=3D06 r5=2FA2 r6=0000 r7=0000 r8=002F r9=0002 r10=D860 r11=0AE6 r12=0402 r13=0000 r14=0000 r15=43F4
t=85.198515500 pc=00020920 fcw=D860 r0=0103 r1=010F r2=0000 r3=12F8 r4=3D06 r5=2FA2 r6=0000 r7=0000 r8=002F r9=0002 r10=D860 r11=0AE6 r12=0402 r13=0000 r14=0000 r15=43F4
t=85.198517000 pc=00020912 fcw=D860 r0=0103 r1=010F r2=0000 r3=12F8 r4=3D06 r5=2FA2 r6=0000 r7=0000 r8=002F r9=0002 r10=D860 r11=0AE6 r12=0402 r13=0000 r14=0000 r15=43F4
t=85.198518750 pc=00020914 fcw=D860 r0=0103 r1=010F r2=0000 r3=12F8 r4=3D06 r5=2FA2 r6=0000 r7=0000 r8=002F r9=0002 r10=D860 r11=0AE6 r12=0402 r13=0000 r14=0000 r15=43F4
t=85.198520500 pc=00020916 fcw=D860 r0=0103 r1=010F r2=0000 r3=12F8 r4=3D06 r5=2FA2 r6=0000 r7=0000 r8=002F r9=0002 r10=D860 r11=0AE6 r12=0402 r13=0000 r14=0000 r15=43F4
t=85.198524000 pc=0002091A fcw=D860 r0=0103 r1=010F r2=0000 r3=12F8 r4=3D06 r5=2FA2 r6=0000 r7=0000 r8=002F r9=0002 r10=D860 r11=0AE6 r12=0402 r13=0000 r14=0000 r15=43F4
t=85.198526000 pc=0002091C fcw=D860 r0=0103 r1=010F r2=0000 r3=12F8 r4=3D06 r5=2FA2 r6=0000 r7=0000 r8=002F r9=0002 r10=D860 r11=0AE6 r12=0402 r13=0000 r14=0000 r15=43F4
t=85.198527500 pc=0002091E fcw=D860 r0=010F r1=0103 r2=0000 r3=12F8 r4=3D06 r5=2FA2 r6=0000 r7=0000 r8=002F r9=0002 r10=D860 r11=0AE6 r12=0402 r13=0000 r14=0000 r15=43F4
t=85.198530250 pc=00020920 fcw=D860 r0=010F r1=0103 r2=0000 r3=12F8 r4=3D06 r5=2FA2 r6=0000 r7=0000 r8=002F r9=0002 r10=D860 r11=0AE6 r12=0402 r13=0000 r14=0000 r15=43F4
t=85.198531750 pc=00020912 fcw=D860 r0=010F r1=0103 r2=0000 r3=12F8 r4=3D06 r5=2FA2 r6=0000 r7=0000 r8=002F r9=0002 r10=D860 r11=0AE6 r12=0402 r13=0000 r14=0000 r15=43F4
t=85.198533500 pc=00020914 fcw=D860 r0=010F r1=0103 r2=0000 r3=12F8 r4=3D06 r5=2FA2 r6=0000 r7=0000 r8=002F r9=0002 r10=D860 r11=0AE6 r12=0402 r13=0000 r14=0000 r15=43F4
t=85.198535250 pc=00020916 fcw=D860 r0=010F r1=0103 r2=0000 r3=12F8 r4=3D06 r5=2FA2 r6=0000 r7=0000 r8=002F r9=0002 r10=D860 r11=0AE6 r12=0402 r13=0000 r14=0000 r15=43F4
t=85.198538750 pc=0002091A fcw=D860 r0=010F r1=0103 r2=0000 r3=12F8 r4=3D06 r5=2FA2 r6=0000 r7=0000 r8=002F r9=0002 r10=D860 r11=0AE6 r12=0402 r13=0000 r14=0000 r15=43F4
t=85.198540750 pc=0002091C fcw=D860 r0=010F r1=0103 r2=0000 r3=12F8 r4=3D06 r5=2FA2 r6=0000 r7=0000 r8=002F r9=0002 r10=D860 r11=0AE6 r12=0402 r13=0000 r14=0000 r15=43F4
t=85.198542250 pc=0002091E fcw=D860 r0=0103 r1=010F r2=0000 r3=12F8 r4=3D06 r5=2FA2 r6=0000 r7=0000 r8=002F r9=0002 r10=D860 r11=0AE6 r12=0402 r13=0000 r14=0000 r15=43F4
t=85.198545000 pc=00020920 fcw=D860 r0=0103 r1=010F r2=0000 r3=12F8 r4=3D06 r5=2FA2 r6=0000 r7=0000 r8=002F r9=0002 r10=D860 r11=0AE6 r12=0402 r13=0000 r14=0000 r15=43F4
t=85.198546500 pc=00020912 fcw=D860 r0=0103 r1=010F r2=0000 r3=12F8 r4=3D06 r5=2FA2 r6=0000 r7=0000 r8=002F r9=0002 r10=D860 r11=0AE6 r12=0402 r13=0000 r14=0000 r15=43F4
t=85.198548250 pc=00020914 fcw=D860 r0=0103 r1=010F r2=0000 r3=12F8 r4=3D06 r5=2FA2 r6=0000 r7=0000 r8=002F r9=0002 r10=D860 r11=0AE6 r12=0402 r13=0000 r14=0000 r15=43F4
t=85.198550000 pc=00020916 fcw=D860 r0=0103 r1=010F r2=0000 r3=12F8 r4=3D06 r5=2FA2 r6=0000 r7=0000 r8=002F r9=0002 r10=D860 r11=0AE6 r12=0402 r13=0000 r14=0000 r15=43F4
t=85.198553500 pc=0002091A fcw=D860 r0=0103 r1=010F r2=0000 r3=12F8 r4=3D06 r5=2FA2 r6=0000 r7=0000 r8=002F r9=0002 r10=D860 r11=0AE6 r12=0402 r13=0000 r14=0000 r15=43F4
t=85.198555500 pc=0002091C fcw=D860 r0=0103 r1=010F r2=0000 r3=12F8 r4=3D06 r5=2FA2 r6=0000 r7=0000 r8=002F r9=0002 r10=D860 r11=0AE6 r12=0402 r13=0000 r14=0000 r15=43F4
t=85.198557000 pc=0002091E fcw=D860 r0=010F r1=0103 r2=0000 r3=12F8 r4=3D06 r5=2FA2 r6=0000 r7=0000 r8=002F r9=0002 r10=D860 r11=0AE6 r12=0402 r13=0000 r14=0000 r15=43F4
t=85.198559750 pc=00020920 fcw=D860 r0=010F r1=0103 r2=0000 r3=12F8 r4=3D06 r5=2FA2 r6=0000 r7=0000 r8=002F r9=0002 r10=D860 r11=0AE6 r12=0402 r13=0000 r14=0000 r15=43F4
t=85.198561250 pc=00020912 fcw=D860 r0=010F r1=0103 r2=0000 r3=12F8 r4=3D06 r5=2FA2 r6=0000 r7=0000 r8=002F r9=0002 r10=D860 r11=0AE6 r12=0402 r13=0000 r14=0000 r15=43F4
t=85.198563000 pc=00020914 fcw=D860 r0=010F r1=0103 r2=0000 r3=12F8 r4=3D06 r5=2FA2 r6=0000 r7=0000 r8=002F r9=0002 r10=D860 r11=0AE6 r12=0402 r13=0000 r14=0000 r15=43F4
t=85.198564750 pc=00020916 fcw=D860 r0=010F r1=0103 r2=0000 r3=12F8 r4=3D06 r5=2FA2 r6=0000 r7=0000 r8=002F r9=0002 r10=D860 r11=0AE6 r12=0402 r13=0000 r14=0000 r15=43F4
t=85.198568250 pc=0002091A fcw=D860 r0=010F r1=0103 r2=0000 r3=12F8 r4=3D06 r5=2FA2 r6=0000 r7=0000 r8=002F r9=0002 r10=D860 r11=0AE6 r12=0402 r13=0000 r14=0000 r15=43F4
t=85.198570250 pc=0002091C fcw=D860 r0=010F r1=0103 r2=0000 r3=12F8 r4=3D06 r5=2FA2 r6=0000 r7=0000 r8=002F r9=0002 r10=D860 r11=0AE6 r12=0402 r13=0000 r14=0000 r15=43F4
t=85.198571750 pc=0002091E fcw=D860 r0=0103 r1=010F r2=0000 r3=12F8 r4=3D06 r5=2FA2 r6=0000 r7=0000 r8=002F r9=0002 r10=D860 r11=0AE6 r12=0402 r13=0000 r14=0000 r15=43F4
t=85.198574500 pc=00020920 fcw=D860 r0=0103 r1=010F r2=0000 r3=12F8 r4=3D06 r5=2FA2 r6=0000 r7=0000 r8=002F r9=0002 r10=D860 r11=0AE6 r12=0402 r13=0000 r14=0000 r15=43F4
t=85.198576000 pc=00020912 fcw=D860 r0=0103 r1=010F r2=0000 r3=12F8 r4=3D06 r5=2FA2 r6=0000 r7=0000 r8=002F r9=0002 r10=D860 r11=0AE6 r12=0402 r13=0000 r14=0000 r15=43F4
t=85.198577750 pc=00020914 fcw=D860 r0=0103 r1=010F r2=0000 r3=12F8 r4=3D06 r5=2FA2 r6=0000 r7=0000 r8=002F r9=0002 r10=D860 r11=0AE6 r12=0402 r13=0000 r14=0000 r15=43F4
t=85.198579500 pc=00020916 fcw=D860 r0=0103 r1=010F r2=0000 r3=12F8 r4=3D06 r5=2FA2 r6=0000 r7=0000 r8=002F r9=0002 r10=D860 r11=0AE6 r12=0402 r13=0000 r14=0000 r15=43F4
t=85.198583000 pc=0002091A fcw=D860 r0=0103 r1=010F r2=0000 r3=12F8 r4=3D06 r5=2FA2 r6=0000 r7=0000 r8=002F r9=0002 r10=D860 r11=0AE6 r12=0402 r13=0000 r14=0000 r15=43F4
t=85.198585000 pc=0002091C fcw=D860 r0=0103 r1=010F r2=0000 r3=12F8 r4=3D06 r5=2FA2 r6=0000 r7=0000 r8=002F r9=0002 r10=D860 r11=0AE6 r12=0402 r13=0000 r14=0000 r15=43F4
t=85.198586500 pc=0002091E fcw=D860 r0=010F r1=0103 r2=0000 r3=12F8 r4=3D06 r5=2FA2 r6=0000 r7=0000 r8=002F r9=0002 r10=D860 r11=0AE6 r12=0402 r13=0000 r14=0000 r15=43F4
t=85.198589250 pc=00020920 fcw=D860 r0=010F r1=0103 r2=0000 r3=12F8 r4=3D06 r5=2FA2 r6=0000 r7=0000 r8=002F r9=0002 r10=D860 r11=0AE6 r12=0402 r13=0000 r14=0000 r15=43F4
t=85.198590750 pc=00020912 fcw=D860 r0=010F r1=0103 r2=0000 r3=12F8 r4=3D06 r5=2FA2 r6=0000 r7=0000 r8=002F r9=0002 r10=D860 r11=0AE6 r12=0402 r13=0000 r14=0000 r15=43F4
t=85.198592500 pc=00020914 fcw=D860 r0=010F r1=0103 r2=0000 r3=12F8 r4=3D06 r5=2FA2 r6=0000 r7=0000 r8=002F r9=0002 r10=D860 r11=0AE6 r12=0402 r13=0000 r14=0000 r15=43F4
t=85.198594250 pc=00020916 fcw=D860 r0=010F r1=0103 r2=0000 r3=12F8 r4=3D06 r5=2FA2 r6=0000 r7=0000 r8=002F r9=0002 r10=D860 r11=0AE6 r12=0402 r13=0000 r14=0000 r15=43F4
t=85.198597750 pc=0002091A fcw=D860 r0=010F r1=0103 r2=0000 r3=12F8 r4=3D06 r5=2FA2 r6=0000 r7=0000 r8=002F r9=0002 r10=D860 r11=0AE6 r12=0402 r13=0000 r14=0000 r15=43F4
t=85.198599750 pc=0002091C fcw=D860 r0=010F r1=0103 r2=0000 r3=12F8 r4=3D06 r5=2FA2 r6=0000 r7=0000 r8=002F r9=0002 r10=D860 r11=0AE6 r12=0402 r13=0000 r14=0000 r15=43F4
t=85.198601250 pc=0002091E fcw=D860 r0=0103 r1=010F r2=0000 r3=12F8 r4=3D06 r5=2FA2 r6=0000 r7=0000 r8=002F r9=0002 r10=D860 r11=0AE6 r12=0402 r13=0000 r14=0000 r15=43F4
t=85.198604000 pc=00020920 fcw=D860 r0=0103 r1=010F r2=0000 r3=12F8 r4=3D06 r5=2FA2 r6=0000 r7=0000 r8=002F r9=0002 r10=D860 r11=0AE6 r12=0402 r13=0000 r14=0000 r15=43F4
t=85.198605500 pc=00020912 fcw=D860 r0=0103 r1=010F r2=0000 r3=12F8 r4=3D06 r5=2FA2 r6=0000 r7=0000 r8=002F r9=0002 r10=D860 r11=0AE6 r12=0402 r13=0000 r14=0000 r15=43F4
t=85.198607250 pc=00020914 fcw=D860 r0=0103 r1=010F r2=0000 r3=12F8 r4=3D06 r5=2FA2 r6=0000 r7=0000 r8=002F r9=0002 r10=D860 r11=0AE6 r12=0402 r13=0000 r14=0000 r15=43F4
t=85.198609000 pc=00020916 fcw=D860 r0=0103 r1=010F r2=0000 r3=12F8 r4=3D06 r5=2FA2 r6=0000 r7=0000 r8=002F r9=0002 r10=D860 r11=0AE6 r12=0402 r13=0000 r14=0000 r15=43F4
t=85.198612500 pc=0002091A fcw=D860 r0=0103 r1=010F r2=0000 r3=12F8 r4=3D06 r5=2FA2 r6=0000 r7=0000 r8=002F r9=0002 r10=D860 r11=0AE6 r12=0402 r13=0000 r14=0000 r15=43F4
t=85.198614500 pc=0002091C fcw=D860 r0=0103 r1=010F r2=0000 r3=12F8 r4=3D06 r5=2FA2 r6=0000 r7=0000 r8=002F r9=0002 r10=D860 r11=0AE6 r12=0402 r13=0000 r14=0000 r15=43F4
t=85.198616000 pc=0002091E fcw=D860 r0=010F r1=0103 r2=0000 r3=12F8 r4=3D06 r5=2FA2 r6=0000 r7=0000 r8=002F r9=0002 r10=D860 r11=0AE6 r12=0402 r13=0000 r14=0000 r15=43F4
t=85.198618750 pc=00020920 fcw=D860 r0=010F r1=0103 r2=0000 r3=12F8 r4=3D06 r5=2FA2 r6=0000 r7=0000 r8=002F r9=0002 r10=D860 r11=0AE6 r12=0402 r13=0000 r14=0000 r15=43F4
t=85.198620250 pc=00020912 fcw=D860 r0=010F r1=0103 r2=0000 r3=12F8 r4=3D06 r5=2FA2 r6=0000 r7=0000 r8=002F r9=0002 r10=D860 r11=0AE6 r12=0402 r13=0000 r14=0000 r15=43F4
t=85.198622000 pc=00020914 fcw=D860 r0=010F r1=0103 r2=0000 r3=12F8 r4=3D06 r5=2FA2 r6=0000 r7=0000 r8=002F r9=0002 r10=D860 r11=0AE6 r12=0402 r13=0000 r14=0000 r15=43F4
t=85.198623750 pc=00020916 fcw=D860 r0=010F r1=0103 r2=0000 r3=12F8 r4=3D06 r5=2FA2 r6=0000 r7=0000 r8=002F r9=0002 r10=D860 r11=0AE6 r12=0402 r13=0000 r14=0000 r15=43F4
t=85.198627250 pc=0002091A fcw=D860 r0=010F r1=0103 r2=0000 r3=12F8 r4=3D06 r5=2FA2 r6=0000 r7=0000 r8=002F r9=0002 r10=D860 r11=0AE6 r12=0402 r13=0000 r14=0000 r15=43F4
t=85.198629250 pc=0002091C fcw=D860 r0=010F r1=0103 r2=0000 r3=12F8 r4=3D06 r5=2FA2 r6=0000 r7=0000 r8=002F r9=0002 r10=D860 r11=0AE6 r12=0402 r13=0000 r14=0000 r15=43F4
t=85.198630750 pc=0002091E fcw=D860 r0=0103 r1=010F r2=0000 r3=12F8 r4=3D06 r5=2FA2 r6=0000 r7=0000 r8=002F r9=0002 r10=D860 r11=0AE6 r12=0402 r13=0000 r14=0000 r15=43F4
t=85.198633500 pc=00020920 fcw=D860 r0=0103 r1=010F r2=0000 r3=12F8 r4=3D06 r5=2FA2 r6=0000 r7=0000 r8=002F r9=0002 r10=D860 r11=0AE6 r12=0402 r13=0000 r14=0000 r15=43F4
t=85.198635000 pc=00020912 fcw=D860 r0=0103 r1=010F r2=0000 r3=12F8 r4=3D06 r5=2FA2 r6=0000 r7=0000 r8=002F r9=0002 r10=D860 r11=0AE6 r12=0402 r13=0000 r14=0000 r15=43F4
t=85.198636750 pc=00020914 fcw=D860 r0=0103 r1=010F r2=0000 r3=12F8 r4=3D06 r5=2FA2 r6=0000 r7=0000 r8=002F r9=0002 r10=D860 r11=0AE6 r12=0402 r13=0000 r14=0000 r15=43F4
t=85.198638500 pc=00020916 fcw=D860 r0=0103 r1=010F r2=0000 r3=12F8 r4=3D06 r5=2FA2 r6=0000 r7=0000 r8=002F r9=0002 r10=D860 r11=0AE6 r12=0402 r13=0000 r14=0000 r15=43F4
t=85.198642000 pc=0002091A fcw=D860 r0=0103 r1=010F r2=0000 r3=12F8 r4=3D06 r5=2FA2 r6=0000 r7=0000 r8=002F r9=0002 r10=D860 r11=0AE6 r12=0402 r13=0000 r14=0000 r15=43F4
t=85.198644000 pc=0002091C fcw=D860 r0=0103 r1=010F r2=0000 r3=12F8 r4=3D06 r5=2FA2 r6=0000 r7=0000 r8=002F r9=0002 r10=D860 r11=0AE6 r12=0402 r13=0000 r14=0000 r15=43F4
t=85.198645500 pc=0002091E fcw=D860 r0=010F r1=0103 r2=0000 r3=12F8 r4=3D06 r5=2FA2 r6=0000 r7=0000 r8=002F r9=0002 r10=D860 r11=0AE6 r12=0402 r13=0000 r14=0000 r15=43F4
t=85.198648250 pc=00020920 fcw=D860 r0=010F r1=0103 r2=0000 r3=12F8 r4=3D06 r5=2FA2 r6=0000 r7=0000 r8=002F r9=0002 r10=D860 r11=0AE6 r12=0402 r13=0000 r14=0000 r15=43F4
t=85.198649750 pc=00020912 fcw=D860 r0=010F r1=0103 r2=0000 r3=12F8 r4=3D06 r5=2FA2 r6=0000 r7=0000 r8=002F r9=0002 r10=D860 r11=0AE6 r12=0402 r13=0000 r14=0000 r15=43F4
t=85.198651500 pc=00020914 fcw=D860 r0=010F r1=0103 r2=0000 r3=12F8 r4=3D06 r5=2FA2 r6=0000 r7=0000 r8=002F r9=0002 r10=D860 r11=0AE6 r12=0402 r13=0000 r14=0000 r15=43F4
t=85.198653250 pc=00020916 fcw=D860 r0=010F r1=0103 r2=0000 r3=12F8 r4=3D06 r5=2FA2 r6=0000 r7=0000 r8=002F r9=0002 r10=D860 r11=0AE6 r12=0402 r13=0000 r14=0000 r15=43F4
t=85.198656750 pc=0002091A fcw=D860 r0=010F r1=0103 r2=0000 r3=12F8 r4=3D06 r5=2FA2 r6=0000 r7=0000 r8=002F r9=0002 r10=D860 r11=0AE6 r12=0402 r13=0000 r14=0000 r15=43F4
t=85.198658750 pc=0002091C fcw=D860 r0=010F r1=0103 r2=0000 r3=12F8 r4=3D06 r5=2FA2 r6=0000 r7=0000 r8=002F r9=0002 r10=D860 r11=0AE6 r12=0402 r13=0000 r14=0000 r15=43F4
t=85.198660250 pc=0002091E fcw=D860 r0=0103 r1=010F r2=0000 r3=12F8 r4=3D06 r5=2FA2 r6=0000 r7=0000 r8=002F r9=0002 r10=D860 r11=0AE6 r12=0402 r13=0000 r14=0000 r15=43F4
t=85.198663000 pc=00020920 fcw=D860 r0=0103 r1=010F r2=0000 r3=12F8 r4=3D06 r5=2FA2 r6=0000 r7=0000 r8=002F r9=0002 r10=D860 r11=0AE6 r12=0402 r13=0000 r14=0000 r15=43F4
t=85.198664500 pc=00020912 fcw=D860 r0=0103 r1=010F r2=0000 r3=12F8 r4=3D06 r5=2FA2 r6=0000 r7=0000 r8=002F r9=0002 r10=D860 r11=0AE6 r12=0402 r13=0000 r14=0000 r15=43F4
t=85.198666250 pc=00020914 fcw=D860 r0=0103 r1=010F r2=0000 r3=12F8 r4=3D06 r5=2FA2 r6=0000 r7=0000 r8=002F r9=0002 r10=D860 r11=0AE6 r12=0402 r13=0000 r14=0000 r15=43F4
t=85.198668000 pc=00020916 fcw=D860 r0=0103 r1=010F r2=0000 r3=12F8 r4=3D06 r5=2FA2 r6=0000 r7=0000 r8=002F r9=0002 r10=D860 r11=0AE6 r12=0402 r13=0000 r14=0000 r15=43F4
t=85.198671500 pc=0002091A fcw=D860 r0=0103 r1=010F r2=0000 r3=12F8 r4=3D06 r5=2FA2 r6=0000 r7=0000 r8=002F r9=0002 r10=D860 r11=0AE6 r12=0402 r13=0000 r14=0000 r15=43F4
t=85.198673500 pc=0002091C fcw=D860 r0=0103 r1=010F r2=0000 r3=12F8 r4=3D06 r5=2FA2 r6=0000 r7=0000 r8=002F r9=0002 r10=D860 r11=0AE6 r12=0402 r13=0000 r14=0000 r15=43F4
t=85.198675000 pc=0002091E fcw=D860 r0=010F r1=0103 r2=0000 r3=12F8 r4=3D06 r5=2FA2 r6=0000 r7=0000 r8=002F r9=0002 r10=D860 r11=0AE6 r12=0402 r13=0000 r14=0000 r15=43F4
t=85.198677750 pc=00020920 fcw=D860 r0=010F r1=0103 r2=0000 r3=12F8 r4=3D06 r5=2FA2 r6=0000 r7=0000 r8=002F r9=0002 r10=D860 r11=0AE6 r12=0402 r13=0000 r14=0000 r15=43F4
t=85.198679250 pc=00020912 fcw=D860 r0=010F r1=0103 r2=0000 r3=12F8 r4=3D06 r5=2FA2 r6=0000 r7=0000 r8=002F r9=0002 r10=D860 r11=0AE6 r12=0402 r13=0000 r14=0000 r15=43F4
t=85.198681000 pc=00020914 fcw=D860 r0=010F r1=0103 r2=0000 r3=12F8 r4=3D06 r5=2FA2 r6=0000 r7=0000 r8=002F r9=0002 r10=D860 r11=0AE6 r12=0402 r13=0000 r14=0000 r15=43F4
t=85.198682750 pc=00020916 fcw=D860 r0=010F r1=0103 r2=0000 r3=12F8 r4=3D06 r5=2FA2 r6=0000 r7=0000 r8=002F r9=0002 r10=D860 r11=0AE6 r12=0402 r13=0000 r14=0000 r15=43F4
t=85.198686250 pc=0002091A fcw=D860 r0=010F r1=0103 r2=0000 r3=12F8 r4=3D06 r5=2FA2 r6=0000 r7=0000 r8=002F r9=0002 r10=D860 r11=0AE6 r12=0402 r13=0000 r14=0000 r15=43F4
t=85.198688250 pc=0002091C fcw=D860 r0=010F r1=0103 r2=0000 r3=12F8 r4=3D06 r5=2FA2 r6=0000 r7=0000 r8=002F r9=0002 r10=D860 r11=0AE6 r12=0402 r13=0000 r14=0000 r15=43F4
t=85.198689750 pc=0002091E fcw=D860 r0=0103 r1=010F r2=0000 r3=12F8 r4=3D06 r5=2FA2 r6=0000 r7=0000 r8=002F r9=0002 r10=D860 r11=0AE6 r12=0402 r13=0000 r14=0000 r15=43F4
t=85.198692500 pc=00020920 fcw=D860 r0=0103 r1=010F r2=0000 r3=12F8 r4=3D06 r5=2FA2 r6=0000 r7=0000 r8=002F r9=0002 r10=D860 r11=0AE6 r12=0402 r13=0000 r14=0000 r15=43F4
t=85.198694000 pc=00020912 fcw=D860 r0=0103 r1=010F r2=0000 r3=12F8 r4=3D06 r5=2FA2 r6=0000 r7=0000 r8=002F r9=0002 r10=D860 r11=0AE6 r12=0402 r13=0000 r14=0000 r15=43F4
t=85.198695750 pc=00020914 fcw=D860 r0=0103 r1=010F r2=0000 r3=12F8 r4=3D06 r5=2FA2 r6=0000 r7=0000 r8=002F r9=0002 r10=D860 r11=0AE6 r12=0402 r13=0000 r14=0000 r15=43F4
t=85.198697500 pc=00020916 fcw=D860 r0=0103 r1=010F r2=0000 r3=12F8 r4=3D06 r5=2FA2 r6=0000 r7=0000 r8=002F r9=0002 r10=D860 r11=0AE6 r12=0402 r13=0000 r14=0000 r15=43F4
t=85.198701000 pc=0002091A fcw=D860 r0=0103 r1=010F r2=0000 r3=12F8 r4=3D06 r5=2FA2 r6=0000 r7=0000 r8=002F r9=0002 r10=D860 r11=0AE6 r12=0402 r13=0000 r14=0000 r15=43F4
t=85.198703000 pc=0002091C fcw=D860 r0=0103 r1=010F r2=0000 r3=12F8 r4=3D06 r5=2FA2 r6=0000 r7=0000 r8=002F r9=0002 r10=D860 r11=0AE6 r12=0402 r13=0000 r14=0000 r15=43F4
t=85.198704500 pc=0002091E fcw=D860 r0=010F r1=0103 r2=0000 r3=12F8 r4=3D06 r5=2FA2 r6=0000 r7=0000 r8=002F r9=0002 r10=D860 r11=0AE6 r12=0402 r13=0000 r14=0000 r15=43F4
t=85.198707250 pc=00020920 fcw=D860 r0=010F r1=0103 r2=0000 r3=12F8 r4=3D06 r5=2FA2 r6=0000 r7=0000 r8=002F r9=0002 r10=D860 r11=0AE6 r12=0402 r13=0000 r14=0000 r15=43F4
t=85.198708750 pc=00020912 fcw=D860 r0=010F r1=0103 r2=0000 r3=12F8 r4=3D06 r5=2FA2 r6=0000 r7=0000 r8=002F r9=0002 r10=D860 r11=0AE6 r12=0402 r13=0000 r14=0000 r15=43F4
t=85.198710500 pc=00020914 fcw=D860 r0=010F r1=0103 r2=0000 r3=12F8 r4=3D06 r5=2FA2 r6=0000 r7=0000 r8=002F r9=0002 r10=D860 r11=0AE6 r12=0402 r13=0000 r14=0000 r15=43F4
t=85.198712250 pc=00020916 fcw=D860 r0=010F r1=0103 r2=0000 r3=12F8 r4=3D06 r5=2FA2 r6=0000 r7=0000 r8=002F r9=0002 r10=D860 r11=0AE6 r12=0402 r13=0000 r14=0000 r15=43F4
t=85.198715750 pc=0002091A fcw=D860 r0=010F r1=0103 r2=0000 r3=12F8 r4=3D06 r5=2FA2 r6=0000 r7=0000 r8=002F r9=0002 r10=D860 r11=0AE6 r12=0402 r13=0000 r14=0000 r15=43F4
t=85.198717750 pc=0002091C fcw=D860 r0=010F r1=0103 r2=0000 r3=12F8 r4=3D06 r5=2FA2 r6=0000 r7=0000 r8=002F r9=0002 r10=D860 r11=0AE6 r12=0402 r13=0000 r14=0000 r15=43F4
t=85.198719250 pc=0002091E fcw=D860 r0=0103 r1=010F r2=0000 r3=12F8 r4=3D06 r5=2FA2 r6=0000 r7=0000 r8=002F r9=0002 r10=D860 r11=0AE6 r12=0402 r13=0000 r14=0000 r15=43F4
t=85.198722000 pc=00020920 fcw=D860 r0=0103 r1=010F r2=0000 r3=12F8 r4=3D06 r5=2FA2 r6=0000 r7=0000 r8=002F r9=0002 r10=D860 r11=0AE6 r12=0402 r13=0000 r14=0000 r15=43F4
t=85.198723500 pc=00020912 fcw=D860 r0=0103 r1=010F r2=0000 r3=12F8 r4=3D06 r5=2FA2 r6=0000 r7=0000 r8=002F r9=0002 r10=D860 r11=0AE6 r12=0402 r13=0000 r14=0000 r15=43F4
t=85.198725250 pc=00020914 fcw=D860 r0=0103 r1=010F r2=0000 r3=12F8 r4=3D06 r5=2FA2 r6=0000 r7=0000 r8=002F r9=0002 r10=D860 r11=0AE6 r12=0402 r13=0000 r14=0000 r15=43F4
t=85.198727000 pc=00020916 fcw=D860 r0=0103 r1=010F r2=0000 r3=12F8 r4=3D06 r5=2FA2 r6=0000 r7=0000 r8=002F r9=0002 r10=D860 r11=0AE6 r12=0402 r13=0000 r14=0000 r15=43F4
t=85.198730500 pc=0002091A fcw=D860 r0=0103 r1=010F r2=0000 r3=12F8 r4=3D06 r5=2FA2 r6=0000 r7=0000 r8=002F r9=0002 r10=D860 r11=0AE6 r12=0402 r13=0000 r14=0000 r15=43F4
t=85.198732500 pc=0002091C fcw=D860 r0=0103 r1=010F r2=0000 r3=12F8 r4=3D06 r5=2FA2 r6=0000 r7=0000 r8=002F r9=0002 r10=D860 r11=0AE6 r12=0402 r13=0000 r14=0000 r15=43F4
t=85.198734000 pc=0002091E fcw=D860 r0=010F r1=0103 r2=0000 r3=12F8 r4=3D06 r5=2FA2 r6=0000 r7=0000 r8=002F r9=0002 r10=D860 r11=0AE6 r12=0402 r13=0000 r14=0000 r15=43F4
t=85.198736750 pc=00020920 fcw=D860 r0=010F r1=0103 r2=0000 r3=12F8 r4=3D06 r5=2FA2 r6=0000 r7=0000 r8=002F r9=0002 r10=D860 r11=0AE6 r12=0402 r13=0000 r14=0000 r15=43F4
t=85.198738250 pc=00020912 fcw=D860 r0=010F r1=0103 r2=0000 r3=12F8 r4=3D06 r5=2FA2 r6=0000 r7=0000 r8=002F r9=0002 r10=D860 r11=0AE6 r12=0402 r13=0000 r14=0000 r15=43F4
t=85.198740000 pc=00020914 fcw=D860 r0=010F r1=0103 r2=0000 r3=12F8 r4=3D06 r5=2FA2 r6=0000 r7=0000 r8=002F r9=0002 r10=D860 r11=0AE6 r12=0402 r13=0000 r14=0000 r15=43F4
t=85.198741750 pc=00020916 fcw=D860 r0=010F r1=0103 r2=0000 r3=12F8 r4=3D06 r5=2FA2 r6=0000 r7=0000 r8=002F r9=0002 r10=D860 r11=0AE6 r12=0402 r13=0000 r14=0000 r15=43F4
t=85.198745250 pc=0002091A fcw=D860 r0=010F r1=0103 r2=0000 r3=12F8 r4=3D06 r5=2FA2 r6=0000 r7=0000 r8=002F r9=0002 r10=D860 r11=0AE6 r12=0402 r13=0000 r14=0000 r15=43F4
t=85.198747250 pc=0002091C fcw=D860 r0=010F r1=0103 r2=0000 r3=12F8 r4=3D06 r5=2FA2 r6=0000 r7=0000 r8=002F r9=0002 r10=D860 r11=0AE6 r12=0402 r13=0000 r14=0000 r15=43F4
t=85.198748750 pc=0002091E fcw=D860 r0=0103 r1=010F r2=0000 r3=12F8 r4=3D06 r5=2FA2 r6=0000 r7=0000 r8=002F r9=0002 r10=D860 r11=0AE6 r12=0402 r13=0000 r14=0000 r15=43F4
t=85.198751500 pc=00020920 fcw=D860 r0=0103 r1=010F r2=0000 r3=12F8 r4=3D06 r5=2FA2 r6=0000 r7=0000 r8=002F r9=0002 r10=D860 r11=0AE6 r12=0402 r13=0000 r14=0000 r15=43F4
t=85.198753000 pc=00020912 fcw=D860 r0=0103 r1=010F r2=0000 r3=12F8 r4=3D06 r5=2FA2 r6=0000 r7=0000 r8=002F r9=0002 r10=D860 r11=0AE6 r12=0402 r13=0000 r14=0000 r15=43F4
t=85.198754750 pc=00020914 fcw=D860 r0=0103 r1=010F r2=0000 r3=12F8 r4=3D06 r5=2FA2 r6=0000 r7=0000 r8=002F r9=0002 r10=D860 r11=0AE6 r12=0402 r13=0000 r14=0000 r15=43F4
t=85.198756500 pc=00020916 fcw=D860 r0=0103 r1=010F r2=0000 r3=12F8 r4=3D06 r5=2FA2 r6=0000 r7=0000 r8=002F r9=0002 r10=D860 r11=0AE6 r12=0402 r13=0000 r14=0000 r15=43F4
t=85.198760000 pc=0002091A fcw=D860 r0=0103 r1=010F r2=0000 r3=12F8 r4=3D06 r5=2FA2 r6=0000 r7=0000 r8=002F r9=0002 r10=D860 r11=0AE6 r12=0402 r13=0000 r14=0000 r15=43F4
t=85.198762000 pc=0002091C fcw=D860 r0=0103 r1=010F r2=0000 r3=12F8 r4=3D06 r5=2FA2 r6=0000 r7=0000 r8=002F r9=0002 r10=D860 r11=0AE6 r12=0402 r13=0000 r14=0000 r15=43F4
t=85.198763500 pc=0002091E fcw=D860 r0=010F r1=0103 r2=0000 r3=12F8 r4=3D06 r5=2FA2 r6=0000 r7=0000 r8=002F r9=0002 r10=D860 r11=0AE6 r12=0402 r13=0000 r14=0000 r15=43F4
t=85.198766250 pc=00020920 fcw=D860 r0=010F r1=0103 r2=0000 r3=12F8 r4=3D06 r5=2FA2 r6=0000 r7=0000 r8=002F r9=0002 r10=D860 r11=0AE6 r12=0402 r13=0000 r14=0000 r15=43F4
t=85.198767750 pc=00020912 fcw=D860 r0=010F r1=0103 r2=0000 r3=12F8 r4=3D06 r5=2FA2 r6=0000 r7=0000 r8=002F r9=0002 r10=D860 r11=0AE6 r12=0402 r13=0000 r14=0000 r15=43F4
t=85.198769500 pc=00020914 fcw=D860 r0=010F r1=0103 r2=0000 r3=12F8 r4=3D06 r5=2FA2 r6=0000 r7=0000 r8=002F r9=0002 r10=D860 r11=0AE6 r12=0402 r13=0000 r14=0000 r15=43F4
t=85.198771250 pc=00020916 fcw=D860 r0=010F r1=0103 r2=0000 r3=12F8 r4=3D06 r5=2FA2 r6=0000 r7=0000 r8=002F r9=0002 r10=D860 r11=0AE6 r12=0402 r13=0000 r14=0000 r15=43F4
t=85.198774750 pc=0002091A fcw=D860 r0=010F r1=0103 r2=0000 r3=12F8 r4=3D06 r5=2FA2 r6=0000 r7=0000 r8=002F r9=0002 r10=D860 r11=0AE6 r12=0402 r13=0000 r14=0000 r15=43F4
t=85.198776750 pc=0002091C fcw=D860 r0=010F r1=0103 r2=0000 r3=12F8 r4=3D06 r5=2FA2 r6=0000 r7=0000 r8=002F r9=0002 r10=D860 r11=0AE6 r12=0402 r13=0000 r14=0000 r15=43F4
t=85.198778250 pc=0002091E fcw=D860 r0=0103 r1=010F r2=0000 r3=12F8 r4=3D06 r5=2FA2 r6=0000 r7=0000 r8=002F r9=0002 r10=D860 r11=0AE6 r12=0402 r13=0000 r14=0000 r15=43F4
t=85.198781000 pc=00020920 fcw=D860 r0=0103 r1=010F r2=0000 r3=12F8 r4=3D06 r5=2FA2 r6=0000 r7=0000 r8=002F r9=0002 r10=D860 r11=0AE6 r12=0402 r13=0000 r14=0000 r15=43F4
t=85.198782500 pc=00020912 fcw=D860 r0=0103 r1=010F r2=0000 r3=12F8 r4=3D06 r5=2FA2 r6=0000 r7=0000 r8=002F r9=0002 r10=D860 r11=0AE6 r12=0402 r13=0000 r14=0000 r15=43F4
t=85.198784250 pc=00020914 fcw=D860 r0=0103 r1=010F r2=0000 r3=12F8 r4=3D06 r5=2FA2 r6=0000 r7=0000 r8=002F r9=0002 r10=D860 r11=0AE6 r12=0402 r13=0000 r14=0000 r15=43F4
t=85.198786000 pc=00020916 fcw=D860 r0=0103 r1=010F r2=0000 r3=12F8 r4=3D06 r5=2FA2 r6=0000 r7=0000 r8=002F r9=0002 r10=D860 r11=0AE6 r12=0402 r13=0000 r14=0000 r15=43F4
t=85.198789500 pc=0002091A fcw=D860 r0=0103 r1=010F r2=0000 r3=12F8 r4=3D06 r5=2FA2 r6=0000 r7=0000 r8=002F r9=0002 r10=D860 r11=0AE6 r12=0402 r13=0000 r14=0000 r15=43F4
t=85.198791500 pc=0002091C fcw=D860 r0=0103 r1=010F r2=0000 r3=12F8 r4=3D06 r5=2FA2 r6=0000 r7=0000 r8=002F r9=0002 r10=D860 r11=0AE6 r12=0402 r13=0000 r14=0000 r15=43F4
t=85.198793000 pc=0002091E fcw=D860 r0=010F r1=0103 r2=0000 r3=12F8 r4=3D06 r5=2FA2 r6=0000 r7=0000 r8=002F r9=0002 r10=D860 r11=0AE6 r12=0402 r13=0000 r14=0000 r15=43F4
t=85.198795750 pc=00020920 fcw=D860 r0=010F r1=0103 r2=0000 r3=12F8 r4=3D06 r5=2FA2 r6=0000 r7=0000 r8=002F r9=0002 r10=D860 r11=0AE6 r12=0402 r13=0000 r14=0000 r15=43F4
t=85.198797250 pc=00020912 fcw=D860 r0=010F r1=0103 r2=0000 r3=12F8 r4=3D06 r5=2FA2 r6=0000 r7=0000 r8=002F r9=0002 r10=D860 r11=0AE6 r12=0402 r13=0000 r14=0000 r15=43F4
t=85.198799000 pc=00020914 fcw=D860 r0=010F r1=0103 r2=0000 r3=12F8 r4=3D06 r5=2FA2 r6=0000 r7=0000 r8=002F r9=0002 r10=D860 r11=0AE6 r12=0402 r13=0000 r14=0000 r15=43F4
t=85.198800750 pc=00020916 fcw=D860 r0=010F r1=0103 r2=0000 r3=12F8 r4=3D06 r5=2FA2 r6=0000 r7=0000 r8=002F r9=0002 r10=D860 r11=0AE6 r12=0402 r13=0000 r14=0000 r15=43F4
t=85.198804250 pc=0002091A fcw=D860 r0=010F r1=0103 r2=0000 r3=12F8 r4=3D06 r5=2FA2 r6=0000 r7=0000 r8=002F r9=0002 r10=D860 r11=0AE6 r12=0402 r13=0000 r14=0000 r15=43F4
t=85.198806250 pc=0002091C fcw=D860 r0=010F r1=0103 r2=0000 r3=12F8 r4=3D06 r5=2FA2 r6=0000 r7=0000 r8=002F r9=0002 r10=D860 r11=0AE6 r12=0402 r13=0000 r14=0000 r15=43F4
t=85.198807750 pc=0002091E fcw=D860 r0=0103 r1=010F r2=0000 r3=12F8 r4=3D06 r5=2FA2 r6=0000 r7=0000 r8=002F r9=0002 r10=D860 r11=0AE6 r12=0402 r13=0000 r14=0000 r15=43F4
t=85.198810500 pc=00020920 fcw=D860 r0=0103 r1=010F r2=0000 r3=12F8 r4=3D06 r5=2FA2 r6=0000 r7=0000 r8=002F r9=0002 r10=D860 r11=0AE6 r12=0402 r13=0000 r14=0000 r15=43F4
t=85.198812000 pc=00020912 fcw=D860 r0=0103 r1=010F r2=0000 r3=12F8 r4=3D06 r5=2FA2 r6=0000 r7=0000 r8=002F r9=0002 r10=D860 r11=0AE6 r12=0402 r13=0000 r14=0000 r15=43F4
t=85.198813750 pc=00020914 fcw=D860 r0=0103 r1=010F r2=0000 r3=12F8 r4=3D06 r5=2FA2 r6=0000 r7=0000 r8=002F r9=0002 r10=D860 r11=0AE6 r12=0402 r13=0000 r14=0000 r15=43F4
t=85.198815500 pc=00020916 fcw=D860 r0=0103 r1=010F r2=0000 r3=12F8 r4=3D06 r5=2FA2 r6=0000 r7=0000 r8=002F r9=0002 r10=D860 r11=0AE6 r12=0402 r13=0000 r14=0000 r15=43F4
t=85.198819000 pc=0002091A fcw=D860 r0=0103 r1=010F r2=0000 r3=12F8 r4=3D06 r5=2FA2 r6=0000 r7=0000 r8=002F r9=0002 r10=D860 r11=0AE6 r12=0402 r13=0000 r14=0000 r15=43F4
t=85.198821000 pc=0002091C fcw=D860 r0=0103 r1=010F r2=0000 r3=12F8 r4=3D06 r5=2FA2 r6=0000 r7=0000 r8=002F r9=0002 r10=D860 r11=0AE6 r12=0402 r13=0000 r14=0000 r15=43F4
t=85.198822500 pc=0002091E fcw=D860 r0=010F r1=0103 r2=0000 r3=12F8 r4=3D06 r5=2FA2 r6=0000 r7=0000 r8=002F r9=0002 r10=D860 r11=0AE6 r12=0402 r13=0000 r14=0000 r15=43F4
t=85.198825250 pc=00020920 fcw=D860 r0=010F r1=0103 r2=0000 r3=12F8 r4=3D06 r5=2FA2 r6=0000 r7=0000 r8=002F r9=0002 r10=D860 r11=0AE6 r12=0402 r13=0000 r14=0000 r15=43F4
t=85.198826750 pc=00020912 fcw=D860 r0=010F r1=0103 r2=0000 r3=12F8 r4=3D06 r5=2FA2 r6=0000 r7=0000 r8=002F r9=0002 r10=D860 r11=0AE6 r12=0402 r13=0000 r14=0000 r15=43F4
t=85.198828500 pc=00020914 fcw=D860 r0=010F r1=0103 r2=0000 r3=12F8 r4=3D06 r5=2FA2 r6=0000 r7=0000 r8=002F r9=0002 r10=D860 r11=0AE6 r12=0402 r13=0000 r14=0000 r15=43F4
t=85.198830250 pc=00020916 fcw=D860 r0=010F r1=0103 r2=0000 r3=12F8 r4=3D06 r5=2FA2 r6=0000 r7=0000 r8=002F r9=0002 r10=D860 r11=0AE6 r12=0402 r13=0000 r14=0000 r15=43F4
t=85.198833750 pc=0002091A fcw=D860 r0=010F r1=0103 r2=0000 r3=12F8 r4=3D06 r5=2FA2 r6=0000 r7=0000 r8=002F r9=0002 r10=D860 r11=0AE6 r12=0402 r13=0000 r14=0000 r15=43F4
t=85.198835750 pc=0002091C fcw=D860 r0=010F r1=0103 r2=0000 r3=12F8 r4=3D06 r5=2FA2 r6=0000 r7=0000 r8=002F r9=0002 r10=D860 r11=0AE6 r12=0402 r13=0000 r14=0000 r15=43F4
t=85.198837250 pc=0002091E fcw=D860 r0=0103 r1=010F r2=0000 r3=12F8 r4=3D06 r5=2FA2 r6=0000 r7=0000 r8=002F r9=0002 r10=D860 r11=0AE6 r12=0402 r13=0000 r14=0000 r15=43F4
t=85.198840000 pc=00020920 fcw=D860 r0=0103 r1=010F r2=0000 r3=12F8 r4=3D06 r5=2FA2 r6=0000 r7=0000 r8=002F r9=0002 r10=D860 r11=0AE6 r12=0402 r13=0000 r14=0000 r15=43F4
t=85.198841500 pc=00020912 fcw=D860 r0=0103 r1=010F r2=0000 r3=12F8 r4=3D06 r5=2FA2 r6=0000 r7=0000 r8=002F r9=0002 r10=D860 r11=0AE6 r12=0402 r13=0000 r14=0000 r15=43F4
t=85.198843250 pc=00020914 fcw=D860 r0=0103 r1=010F r2=0000 r3=12F8 r4=3D06 r5=2FA2 r6=0000 r7=0000 r8=002F r9=0002 r10=D860 r11=0AE6 r12=0402 r13=0000 r14=0000 r15=43F4
t=85.198845000 pc=00020916 fcw=D860 r0=0103 r1=010F r2=0000 r3=12F8 r4=3D06 r5=2FA2 r6=0000 r7=0000 r8=002F r9=0002 r10=D860 r11=0AE6 r12=0402 r13=0000 r14=0000 r15=43F4
t=85.198848500 pc=0002091A fcw=D860 r0=0103 r1=010F r2=0000 r3=12F8 r4=3D06 r5=2FA2 r6=0000 r7=0000 r8=002F r9=0002 r10=D860 r11=0AE6 r12=0402 r13=0000 r14=0000 r15=43F4
t=85.198850500 pc=0002091C fcw=D860 r0=0103 r1=010F r2=0000 r3=12F8 r4=3D06 r5=2FA2 r6=0000 r7=0000 r8=002F r9=0002 r10=D860 r11=0AE6 r12=0402 r13=0000 r14=0000 r15=43F4
t=85.198852000 pc=0002091E fcw=D860 r0=010F r1=0103 r2=0000 r3=12F8 r4=3D06 r5=2FA2 r6=0000 r7=0000 r8=002F r9=0002 r10=D860 r11=0AE6 r12=0402 r13=0000 r14=0000 r15=43F4
t=85.198854750 pc=00020920 fcw=D860 r0=010F r1=0103 r2=0000 r3=12F8 r4=3D06 r5=2FA2 r6=0000 r7=0000 r8=002F r9=0002 r10=D860 r11=0AE6 r12=0402 r13=0000 r14=0000 r15=43F4
t=85.198856250 pc=00020912 fcw=D860 r0=010F r1=0103 r2=0000 r3=12F8 r4=3D06 r5=2FA2 r6=0000 r7=0000 r8=002F r9=0002 r10=D860 r11=0AE6 r12=0402 r13=0000 r14=0000 r15=43F4
t=85.198858000 pc=00020914 fcw=D860 r0=010F r1=0103 r2=0000 r3=12F8 r4=3D06 r5=2FA2 r6=0000 r7=0000 r8=002F r9=0002 r10=D860 r11=0AE6 r12=0402 r13=0000 r14=0000 r15=43F4
t=85.198859750 pc=00020916 fcw=D860 r0=010F r1=0103 r2=0000 r3=12F8 r4=3D06 r5=2FA2 r6=0000 r7=0000 r8=002F r9=0002 r10=D860 r11=0AE6 r12=0402 r13=0000 r14=0000 r15=43F4
t=85.198863250 pc=0002091A fcw=D860 r0=010F r1=0103 r2=0000 r3=12F8 r4=3D06 r5=2FA2 r6=0000 r7=0000 r8=002F r9=0002 r10=D860 r11=0AE6 r12=0402 r13=0000 r14=0000 r15=43F4
t=85.198865250 pc=0002091C fcw=D860 r0=010F r1=0103 r2=0000 r3=12F8 r4=3D06 r5=2FA2 r6=0000 r7=0000 r8=002F r9=0002 r10=D860 r11=0AE6 r12=0402 r13=0000 r14=0000 r15=43F4
t=85.198866750 pc=0002091E fcw=D860 r0=0103 r1=010F r2=0000 r3=12F8 r4=3D06 r5=2FA2 r6=0000 r7=0000 r8=002F r9=0002 r10=D860 r11=0AE6 r12=0402 r13=0000 r14=0000 r15=43F4
t=85.198869500 pc=00020920 fcw=D860 r0=0103 r1=010F r2=0000 r3=12F8 r4=3D06 r5=2FA2 r6=0000 r7=0000 r8=002F r9=0002 r10=D860 r11=0AE6 r12=0402 r13=0000 r14=0000 r15=43F4
t=85.198871000 pc=00020912 fcw=D860 r0=0103 r1=010F r2=0000 r3=12F8 r4=3D06 r5=2FA2 r6=0000 r7=0000 r8=002F r9=0002 r10=D860 r11=0AE6 r12=0402 r13=0000 r14=0000 r15=43F4
t=85.198872750 pc=00020914 fcw=D860 r0=0103 r1=010F r2=0000 r3=12F8 r4=3D06 r5=2FA2 r6=0000 r7=0000 r8=002F r9=0002 r10=D860 r11=0AE6 r12=0402 r13=0000 r14=0000 r15=43F4
t=85.198874500 pc=00020916 fcw=D860 r0=0103 r1=010F r2=0000 r3=12F8 r4=3D06 r5=2FA2 r6=0000 r7=0000 r8=002F r9=0002 r10=D860 r11=0AE6 r12=0402 r13=0000 r14=0000 r15=43F4
t=85.198878000 pc=0002091A fcw=D860 r0=0103 r1=010F r2=0000 r3=12F8 r4=3D06 r5=2FA2 r6=0000 r7=0000 r8=002F r9=0002 r10=D860 r11=0AE6 r12=0402 r13=0000 r14=0000 r15=43F4
t=85.198880000 pc=0002091C fcw=D860 r0=0103 r1=010F r2=0000 r3=12F8 r4=3D06 r5=2FA2 r6=0000 r7=0000 r8=002F r9=0002 r10=D860 r11=0AE6 r12=0402 r13=0000 r14=0000 r15=43F4
t=85.198881500 pc=0002091E fcw=D860 r0=010F r1=0103 r2=0000 r3=12F8 r4=3D06 r5=2FA2 r6=0000 r7=0000 r8=002F r9=0002 r10=D860 r11=0AE6 r12=0402 r13=0000 r14=0000 r15=43F4
t=85.198884250 pc=00020920 fcw=D860 r0=010F r1=0103 r2=0000 r3=12F8 r4=3D06 r5=2FA2 r6=0000 r7=0000 r8=002F r9=0002 r10=D860 r11=0AE6 r12=0402 r13=0000 r14=0000 r15=43F4
t=85.198885750 pc=00020912 fcw=D860 r0=010F r1=0103 r2=0000 r3=12F8 r4=3D06 r5=2FA2 r6=0000 r7=0000 r8=002F r9=0002 r10=D860 r11=0AE6 r12=0402 r13=0000 r14=0000 r15=43F4
t=85.198887500 pc=00020914 fcw=D860 r0=010F r1=0103 r2=0000 r3=12F8 r4=3D06 r5=2FA2 r6=0000 r7=0000 r8=002F r9=0002 r10=D860 r11=0AE6 r12=0402 r13=0000 r14=0000 r15=43F4
t=85.198889250 pc=00020916 fcw=D860 r0=010F r1=0103 r2=0000 r3=12F8 r4=3D06 r5=2FA2 r6=0000 r7=0000 r8=002F r9=0002 r10=D860 r11=0AE6 r12=0402 r13=0000 r14=0000 r15=43F4
t=85.198892750 pc=0002091A fcw=D860 r0=010F r1=0103 r2=0000 r3=12F8 r4=3D06 r5=2FA2 r6=0000 r7=0000 r8=002F r9=0002 r10=D860 r11=0AE6 r12=0402 r13=0000 r14=0000 r15=43F4
t=85.198894750 pc=0002091C fcw=D860 r0=010F r1=0103 r2=0000 r3=12F8 r4=3D06 r5=2FA2 r6=0000 r7=0000 r8=002F r9=0002 r10=D860 r11=0AE6 r12=0402 r13=0000 r14=0000 r15=43F4
t=85.198896250 pc=0002091E fcw=D860 r0=0103 r1=010F r2=0000 r3=12F8 r4=3D06 r5=2FA2 r6=0000 r7=0000 r8=002F r9=0002 r10=D860 r11=0AE6 r12=0402 r13=0000 r14=0000 r15=43F4
t=85.198899000 pc=00020920 fcw=D860 r0=0103 r1=010F r2=0000 r3=12F8 r4=3D06 r5=2FA2 r6=0000 r7=0000 r8=002F r9=0002 r10=D860 r11=0AE6 r12=0402 r13=0000 r14=0000 r15=43F4
t=85.198900500 pc=00020912 fcw=D860 r0=0103 r1=010F r2=0000 r3=12F8 r4=3D06 r5=2FA2 r6=0000 r7=0000 r8=002F r9=0002 r10=D860 r11=0AE6 r12=0402 r13=0000 r14=0000 r15=43F4
t=85.198902250 pc=00020914 fcw=D860 r0=0103 r1=010F r2=0000 r3=12F8 r4=3D06 r5=2FA2 r6=0000 r7=0000 r8=002F r9=0002 r10=D860 r11=0AE6 r12=0402 r13=0000 r14=0000 r15=43F4
t=85.198904000 pc=00020916 fcw=D860 r0=0103 r1=010F r2=0000 r3=12F8 r4=3D06 r5=2FA2 r6=0000 r7=0000 r8=002F r9=0002 r10=D860 r11=0AE6 r12=0402 r13=0000 r14=0000 r15=43F4
t=85.198907500 pc=0002091A fcw=D860 r0=0103 r1=010F r2=0000 r3=12F8 r4=3D06 r5=2FA2 r6=0000 r7=0000 r8=002F r9=0002 r10=D860 r11=0AE6 r12=0402 r13=0000 r14=0000 r15=43F4
t=85.198909500 pc=0002091C fcw=D860 r0=0103 r1=010F r2=0000 r3=12F8 r4=3D06 r5=2FA2 r6=0000 r7=0000 r8=002F r9=0002 r10=D860 r11=0AE6 r12=0402 r13=0000 r14=0000 r15=43F4
t=85.198911000 pc=0002091E fcw=D860 r0=010F r1=0103 r2=0000 r3=12F8 r4=3D06 r5=2FA2 r6=0000 r7=0000 r8=002F r9=0002 r10=D860 r11=0AE6 r12=0402 r13=0000 r14=0000 r15=43F4
t=85.198913750 pc=00020920 fcw=D860 r0=010F r1=0103 r2=0000 r3=12F8 r4=3D06 r5=2FA2 r6=0000 r7=0000 r8=002F r9=0002 r10=D860 r11=0AE6 r12=0402 r13=0000 r14=0000 r15=43F4
t=85.198915250 pc=00020912 fcw=D860 r0=010F r1=0103 r2=0000 r3=12F8 r4=3D06 r5=2FA2 r6=0000 r7=0000 r8=002F r9=0002 r10=D860 r11=0AE6 r12=0402 r13=0000 r14=0000 r15=43F4
t=85.198917000 pc=00020914 fcw=D860 r0=010F r1=0103 r2=0000 r3=12F8 r4=3D06 r5=2FA2 r6=0000 r7=0000 r8=002F r9=0002 r10=D860 r11=0AE6 r12=0402 r13=0000 r14=0000 r15=43F4
t=85.198918750 pc=00020916 fcw=D860 r0=010F r1=0103 r2=0000 r3=12F8 r4=3D06 r5=2FA2 r6=0000 r7=0000 r8=002F r9=0002 r10=D860 r11=0AE6 r12=0402 r13=0000 r14=0000 r15=43F4
t=85.198922250 pc=0002091A fcw=D860 r0=010F r1=0103 r2=0000 r3=12F8 r4=3D06 r5=2FA2 r6=0000 r7=0000 r8=002F r9=0002 r10=D860 r11=0AE6 r12=0402 r13=0000 r14=0000 r15=43F4
t=85.198924250 pc=0002091C fcw=D860 r0=010F r1=0103 r2=0000 r3=12F8 r4=3D06 r5=2FA2 r6=0000 r7=0000 r8=002F r9=0002 r10=D860 r11=0AE6 r12=0402 r13=0000 r14=0000 r15=43F4
t=85.198925750 pc=0002091E fcw=D860 r0=0103 r1=010F r2=0000 r3=12F8 r4=3D06 r5=2FA2 r6=0000 r7=0000 r8=002F r9=0002 r10=D860 r11=0AE6 r12=0402 r13=0000 r14=0000 r15=43F4
t=85.198928500 pc=00020920 fcw=D860 r0=0103 r1=010F r2=0000 r3=12F8 r4=3D06 r5=2FA2 r6=0000 r7=0000 r8=002F r9=0002 r10=D860 r11=0AE6 r12=0402 r13=0000 r14=0000 r15=43F4
t=85.198930000 pc=00020912 fcw=D860 r0=0103 r1=010F r2=0000 r3=12F8 r4=3D06 r5=2FA2 r6=0000 r7=0000 r8=002F r9=0002 r10=D860 r11=0AE6 r12=0402 r13=0000 r14=0000 r15=43F4
t=85.198931750 pc=00020914 fcw=D860 r0=0103 r1=010F r2=0000 r3=12F8 r4=3D06 r5=2FA2 r6=0000 r7=0000 r8=002F r9=0002 r10=D860 r11=0AE6 r12=0402 r13=0000 r14=0000 r15=43F4
t=85.198933500 pc=00020916 fcw=D860 r0=0103 r1=010F r2=0000 r3=12F8 r4=3D06 r5=2FA2 r6=0000 r7=0000 r8=002F r9=0002 r10=D860 r11=0AE6 r12=0402 r13=0000 r14=0000 r15=43F4
t=85.198937000 pc=0002091A fcw=D860 r0=0103 r1=010F r2=0000 r3=12F8 r4=3D06 r5=2FA2 r6=0000 r7=0000 r8=002F r9=0002 r10=D860 r11=0AE6 r12=0402 r13=0000 r14=0000 r15=43F4
t=85.198939000 pc=0002091C fcw=D860 r0=0103 r1=010F r2=0000 r3=12F8 r4=3D06 r5=2FA2 r6=0000 r7=0000 r8=002F r9=0002 r10=D860 r11=0AE6 r12=0402 r13=0000 r14=0000 r15=43F4
t=85.198940500 pc=0002091E fcw=D860 r0=010F r1=0103 r2=0000 r3=12F8 r4=3D06 r5=2FA2 r6=0000 r7=0000 r8=002F r9=0002 r10=D860 r11=0AE6 r12=0402 r13=0000 r14=0000 r15=43F4
t=85.198943250 pc=00020920 fcw=D860 r0=010F r1=0103 r2=0000 r3=12F8 r4=3D06 r5=2FA2 r6=0000 r7=0000 r8=002F r9=0002 r10=D860 r11=0AE6 r12=0402 r13=0000 r14=0000 r15=43F4
t=85.198944750 pc=00020912 fcw=D860 r0=010F r1=0103 r2=0000 r3=12F8 r4=3D06 r5=2FA2 r6=0000 r7=0000 r8=002F r9=0002 r10=D860 r11=0AE6 r12=0402 r13=0000 r14=0000 r15=43F4
t=85.198946500 pc=00020914 fcw=D860 r0=010F r1=0103 r2=0000 r3=12F8 r4=3D06 r5=2FA2 r6=0000 r7=0000 r8=002F r9=0002 r10=D860 r11=0AE6 r12=0402 r13=0000 r14=0000 r15=43F4
t=85.198948250 pc=00020916 fcw=D860 r0=010F r1=0103 r2=0000 r3=12F8 r4=3D06 r5=2FA2 r6=0000 r7=0000 r8=002F r9=0002 r10=D860 r11=0AE6 r12=0402 r13=0000 r14=0000 r15=43F4
t=85.198951750 pc=0002091A fcw=D860 r0=010F r1=0103 r2=0000 r3=12F8 r4=3D06 r5=2FA2 r6=0000 r7=0000 r8=002F r9=0002 r10=D860 r11=0AE6 r12=0402 r13=0000 r14=0000 r15=43F4
t=85.198953750 pc=0002091C fcw=D860 r0=010F r1=0103 r2=0000 r3=12F8 r4=3D06 r5=2FA2 r6=0000 r7=0000 r8=002F r9=0002 r10=D860 r11=0AE6 r12=0402 r13=0000 r14=0000 r15=43F4
t=85.198955250 pc=0002091E fcw=D860 r0=0103 r1=010F r2=0000 r3=12F8 r4=3D06 r5=2FA2 r6=0000 r7=0000 r8=002F r9=0002 r10=D860 r11=0AE6 r12=0402 r13=0000 r14=0000 r15=43F4
t=85.198958000 pc=00020920 fcw=D860 r0=0103 r1=010F r2=0000 r3=12F8 r4=3D06 r5=2FA2 r6=0000 r7=0000 r8=002F r9=0002 r10=D860 r11=0AE6 r12=0402 r13=0000 r14=0000 r15=43F4
t=85.198959500 pc=00020912 fcw=D860 r0=0103 r1=010F r2=0000 r3=12F8 r4=3D06 r5=2FA2 r6=0000 r7=0000 r8=002F r9=0002 r10=D860 r11=0AE6 r12=0402 r13=0000 r14=0000 r15=43F4
t=85.198961250 pc=00020914 fcw=D860 r0=0103 r1=010F r2=0000 r3=12F8 r4=3D06 r5=2FA2 r6=0000 r7=0000 r8=002F r9=0002 r10=D860 r11=0AE6 r12=0402 r13=0000 r14=0000 r15=43F4
t=85.198963000 pc=00020916 fcw=D860 r0=0103 r1=010F r2=0000 r3=12F8 r4=3D06 r5=2FA2 r6=0000 r7=0000 r8=002F r9=0002 r10=D860 r11=0AE6 r12=0402 r13=0000 r14=0000 r15=43F4
t=85.198966500 pc=0002091A fcw=D860 r0=0103 r1=010F r2=0000 r3=12F8 r4=3D06 r5=2FA2 r6=0000 r7=0000 r8=002F r9=0002 r10=D860 r11=0AE6 r12=0402 r13=0000 r14=0000 r15=43F4
t=85.198968500 pc=0002091C fcw=D860 r0=0103 r1=010F r2=0000 r3=12F8 r4=3D06 r5=2FA2 r6=0000 r7=0000 r8=002F r9=0002 r10=D860 r11=0AE6 r12=0402 r13=0000 r14=0000 r15=43F4
t=85.198970000 pc=0002091E fcw=D860 r0=010F r1=0103 r2=0000 r3=12F8 r4=3D06 r5=2FA2 r6=0000 r7=0000 r8=002F r9=0002 r10=D860 r11=0AE6 r12=0402 r13=0000 r14=0000 r15=43F4
t=85.198972750 pc=00020920 fcw=D860 r0=010F r1=0103 r2=0000 r3=12F8 r4=3D06 r5=2FA2 r6=0000 r7=0000 r8=002F r9=0002 r10=D860 r11=0AE6 r12=0402 r13=0000 r14=0000 r15=43F4
t=85.198974250 pc=00020912 fcw=D860 r0=010F r1=0103 r2=0000 r3=12F8 r4=3D06 r5=2FA2 r6=0000 r7=0000 r8=002F r9=0002 r10=D860 r11=0AE6 r12=0402 r13=0000 r14=0000 r15=43F4
t=85.198976000 pc=00020914 fcw=D860 r0=010F r1=0103 r2=0000 r3=12F8 r4=3D06 r5=2FA2 r6=0000 r7=0000 r8=002F r9=0002 r10=D860 r11=0AE6 r12=0402 r13=0000 r14=0000 r15=43F4
t=85.198977750 pc=00020916 fcw=D860 r0=010F r1=0103 r2=0000 r3=12F8 r4=3D06 r5=2FA2 r6=0000 r7=0000 r8=002F r9=0002 r10=D860 r11=0AE6 r12=0402 r13=0000 r14=0000 r15=43F4
t=85.198981250 pc=0002091A fcw=D860 r0=010F r1=0103 r2=0000 r3=12F8 r4=3D06 r5=2FA2 r6=0000 r7=0000 r8=002F r9=0002 r10=D860 r11=0AE6 r12=0402 r13=0000 r14=0000 r15=43F4
t=85.198983250 pc=0002091C fcw=D860 r0=010F r1=0103 r2=0000 r3=12F8 r4=3D06 r5=2FA2 r6=0000 r7=0000 r8=002F r9=0002 r10=D860 r11=0AE6 r12=0402 r13=0000 r14=0000 r15=43F4
t=85.198984750 pc=0002091E fcw=D860 r0=0103 r1=010F r2=0000 r3=12F8 r4=3D06 r5=2FA2 r6=0000 r7=0000 r8=002F r9=0002 r10=D860 r11=0AE6 r12=0402 r13=0000 r14=0000 r15=43F4
t=85.198987500 pc=00020920 fcw=D860 r0=0103 r1=010F r2=0000 r3=12F8 r4=3D06 r5=2FA2 r6=0000 r7=0000 r8=002F r9=0002 r10=D860 r11=0AE6 r12=0402 r13=0000 r14=0000 r15=43F4
t=85.198989000 pc=00020912 fcw=D860 r0=0103 r1=010F r2=0000 r3=12F8 r4=3D06 r5=2FA2 r6=0000 r7=0000 r8=002F r9=0002 r10=D860 r11=0AE6 r12=0402 r13=0000 r14=0000 r15=43F4
t=85.198990750 pc=00020914 fcw=D860 r0=0103 r1=010F r2=0000 r3=12F8 r4=3D06 r5=2FA2 r6=0000 r7=0000 r8=002F r9=0002 r10=D860 r11=0AE6 r12=0402 r13=0000 r14=0000 r15=43F4
t=85.198992500 pc=00020916 fcw=D860 r0=0103 r1=010F r2=0000 r3=12F8 r4=3D06 r5=2FA2 r6=0000 r7=0000 r8=002F r9=0002 r10=D860 r11=0AE6 r12=0402 r13=0000 r14=0000 r15=43F4
t=85.198996000 pc=0002091A fcw=D860 r0=0103 r1=010F r2=0000 r3=12F8 r4=3D06 r5=2FA2 r6=0000 r7=0000 r8=002F r9=0002 r10=D860 r11=0AE6 r12=0402 r13=0000 r14=0000 r15=43F4
t=85.198998000 pc=0002091C fcw=D860 r0=0103 r1=010F r2=0000 r3=12F8 r4=3D06 r5=2FA2 r6=0000 r7=0000 r8=002F r9=0002 r10=D860 r11=0AE6 r12=0402 r13=0000 r14=0000 r15=43F4
t=85.198999500 pc=0002091E fcw=D860 r0=010F r1=0103 r2=0000 r3=12F8 r4=3D06 r5=2FA2 r6=0000 r7=0000 r8=002F r9=0002 r10=D860 r11=0AE6 r12=0402 r13=0000 r14=0000 r15=43F4
t=85.199002250 pc=00020920 fcw=D860 r0=010F r1=0103 r2=0000 r3=12F8 r4=3D06 r5=2FA2 r6=0000 r7=0000 r8=002F r9=0002 r10=D860 r11=0AE6 r12=0402 r13=0000 r14=0000 r15=43F4
t=85.199003750 pc=00020912 fcw=D860 r0=010F r1=0103 r2=0000 r3=12F8 r4=3D06 r5=2FA2 r6=0000 r7=0000 r8=002F r9=0002 r10=D860 r11=0AE6 r12=0402 r13=0000 r14=0000 r15=43F4
t=85.199005500 pc=00020914 fcw=D860 r0=010F r1=0103 r2=0000 r3=12F8 r4=3D06 r5=2FA2 r6=0000 r7=0000 r8=002F r9=0002 r10=D860 r11=0AE6 r12=0402 r13=0000 r14=0000 r15=43F4
t=85.199007250 pc=00020916 fcw=D860 r0=010F r1=0103 r2=0000 r3=12F8 r4=3D06 r5=2FA2 r6=0000 r7=0000 r8=002F r9=0002 r10=D860 r11=0AE6 r12=0402 r13=0000 r14=0000 r15=43F4
t=85.199010750 pc=0002091A fcw=D860 r0=010F r1=0103 r2=0000 r3=12F8 r4=3D06 r5=2FA2 r6=0000 r7=0000 r8=002F r9=0002 r10=D860 r11=0AE6 r12=0402 r13=0000 r14=0000 r15=43F4
t=85.199012750 pc=0002091C fcw=D860 r0=010F r1=0103 r2=0000 r3=12F8 r4=3D06 r5=2FA2 r6=0000 r7=0000 r8=002F r9=0002 r10=D860 r11=0AE6 r12=0402 r13=0000 r14=0000 r15=43F4
t=85.199014250 pc=0002091E fcw=D860 r0=0103 r1=010F r2=0000 r3=12F8 r4=3D06 r5=2FA2 r6=0000 r7=0000 r8=002F r9=0002 r10=D860 r11=0AE6 r12=0402 r13=0000 r14=0000 r15=43F4
t=85.199017000 pc=00020920 fcw=D860 r0=0103 r1=010F r2=0000 r3=12F8 r4=3D06 r5=2FA2 r6=0000 r7=0000 r8=002F r9=0002 r10=D860 r11=0AE6 r12=0402 r13=0000 r14=0000 r15=43F4
t=85.199018500 pc=00020912 fcw=D860 r0=0103 r1=010F r2=0000 r3=12F8 r4=3D06 r5=2FA2 r6=0000 r7=0000 r8=002F r9=0002 r10=D860 r11=0AE6 r12=0402 r13=0000 r14=0000 r15=43F4
t=85.199020250 pc=00020914 fcw=D860 r0=0103 r1=010F r2=0000 r3=12F8 r4=3D06 r5=2FA2 r6=0000 r7=0000 r8=002F r9=0002 r10=D860 r11=0AE6 r12=0402 r13=0000 r14=0000 r15=43F4
t=85.199022000 pc=00020916 fcw=D860 r0=0103 r1=010F r2=0000 r3=12F8 r4=3D06 r5=2FA2 r6=0000 r7=0000 r8=002F r9=0002 r10=D860 r11=0AE6 r12=0402 r13=0000 r14=0000 r15=43F4
t=85.199025500 pc=0002091A fcw=D860 r0=0103 r1=010F r2=0000 r3=12F8 r4=3D06 r5=2FA2 r6=0000 r7=0000 r8=002F r9=0002 r10=D860 r11=0AE6 r12=0402 r13=0000 r14=0000 r15=43F4
t=85.199027500 pc=0002091C fcw=D860 r0=0103 r1=010F r2=0000 r3=12F8 r4=3D06 r5=2FA2 r6=0000 r7=0000 r8=002F r9=0002 r10=D860 r11=0AE6 r12=0402 r13=0000 r14=0000 r15=43F4
t=85.199029000 pc=0002091E fcw=D860 r0=010F r1=0103 r2=0000 r3=12F8 r4=3D06 r5=2FA2 r6=0000 r7=0000 r8=002F r9=0002 r10=D860 r11=0AE6 r12=0402 r13=0000 r14=0000 r15=43F4
t=85.199031750 pc=00020920 fcw=D860 r0=010F r1=0103 r2=0000 r3=12F8 r4=3D06 r5=2FA2 r6=0000 r7=0000 r8=002F r9=0002 r10=D860 r11=0AE6 r12=0402 r13=0000 r14=0000 r15=43F4
t=85.199033250 pc=00020912 fcw=D860 r0=010F r1=0103 r2=0000 r3=12F8 r4=3D06 r5=2FA2 r6=0000 r7=0000 r8=002F r9=0002 r10=D860 r11=0AE6 r12=0402 r13=0000 r14=0000 r15=43F4
t=85.199035000 pc=00020914 fcw=D860 r0=010F r1=0103 r2=0000 r3=12F8 r4=3D06 r5=2FA2 r6=0000 r7=0000 r8=002F r9=0002 r10=D860 r11=0AE6 r12=0402 r13=0000 r14=0000 r15=43F4
t=85.199036750 pc=00020916 fcw=D860 r0=010F r1=0103 r2=0000 r3=12F8 r4=3D06 r5=2FA2 r6=0000 r7=0000 r8=002F r9=0002 r10=D860 r11=0AE6 r12=0402 r13=0000 r14=0000 r15=43F4
t=85.199040250 pc=0002091A fcw=D860 r0=010F r1=0103 r2=0000 r3=12F8 r4=3D06 r5=2FA2 r6=0000 r7=0000 r8=002F r9=0002 r10=D860 r11=0AE6 r12=0402 r13=0000 r14=0000 r15=43F4
t=85.199042250 pc=0002091C fcw=D860 r0=010F r1=0103 r2=0000 r3=12F8 r4=3D06 r5=2FA2 r6=0000 r7=0000 r8=002F r9=0002 r10=D860 r11=0AE6 r12=0402 r13=0000 r14=0000 r15=43F4
t=85.199043750 pc=0002091E fcw=D860 r0=0103 r1=010F r2=0000 r3=12F8 r4=3D06 r5=2FA2 r6=0000 r7=0000 r8=002F r9=0002 r10=D860 r11=0AE6 r12=0402 r13=0000 r14=0000 r15=43F4
t=85.199046500 pc=00020920 fcw=D860 r0=0103 r1=010F r2=0000 r3=12F8 r4=3D06 r5=2FA2 r6=0000 r7=0000 r8=002F r9=0002 r10=D860 r11=0AE6 r12=0402 r13=0000 r14=0000 r15=43F4
t=85.199048000 pc=00020912 fcw=D860 r0=0103 r1=010F r2=0000 r3=12F8 r4=3D06 r5=2FA2 r6=0000 r7=0000 r8=002F r9=0002 r10=D860 r11=0AE6 r12=0402 r13=0000 r14=0000 r15=43F4
t=85.199049750 pc=00020914 fcw=D860 r0=0103 r1=010F r2=0000 r3=12F8 r4=3D06 r5=2FA2 r6=0000 r7=0000 r8=002F r9=0002 r10=D860 r11=0AE6 r12=0402 r13=0000 r14=0000 r15=43F4
t=85.199051500 pc=00020916 fcw=D860 r0=0103 r1=010F r2=0000 r3=12F8 r4=3D06 r5=2FA2 r6=0000 r7=0000 r8=002F r9=0002 r10=D860 r11=0AE6 r12=0402 r13=0000 r14=0000 r15=43F4
t=85.199055000 pc=0002091A fcw=D860 r0=0103 r1=010F r2=0000 r3=12F8 r4=3D06 r5=2FA2 r6=0000 r7=0000 r8=002F r9=0002 r10=D860 r11=0AE6 r12=0402 r13=0000 r14=0000 r15=43F4
t=85.199057000 pc=0002091C fcw=D860 r0=0103 r1=010F r2=0000 r3=12F8 r4=3D06 r5=2FA2 r6=0000 r7=0000 r8=002F r9=0002 r10=D860 r11=0AE6 r12=0402 r13=0000 r14=0000 r15=43F4
t=85.199058500 pc=0002091E fcw=D860 r0=010F r1=0103 r2=0000 r3=12F8 r4=3D06 r5=2FA2 r6=0000 r7=0000 r8=002F r9=0002 r10=D860 r11=0AE6 r12=0402 r13=0000 r14=0000 r15=43F4
t=85.199061250 pc=00020920 fcw=D860 r0=010F r1=0103 r2=0000 r3=12F8 r4=3D06 r5=2FA2 r6=0000 r7=0000 r8=002F r9=0002 r10=D860 r11=0AE6 r12=0402 r13=0000 r14=0000 r15=43F4
t=85.199062750 pc=00020912 fcw=D860 r0=010F r1=0103 r2=0000 r3=12F8 r4=3D06 r5=2FA2 r6=0000 r7=0000 r8=002F r9=0002 r10=D860 r11=0AE6 r12=0402 r13=0000 r14=0000 r15=43F4
t=85.199064500 pc=00020914 fcw=D860 r0=010F r1=0103 r2=0000 r3=12F8 r4=3D06 r5=2FA2 r6=0000 r7=0000 r8=002F r9=0002 r10=D860 r11=0AE6 r12=0402 r13=0000 r14=0000 r15=43F4
t=85.199066250 pc=00020916 fcw=D860 r0=010F r1=0103 r2=0000 r3=12F8 r4=3D06 r5=2FA2 r6=0000 r7=0000 r8=002F r9=0002 r10=D860 r11=0AE6 r12=0402 r13=0000 r14=0000 r15=43F4
t=85.199069750 pc=0002091A fcw=D860 r0=010F r1=0103 r2=0000 r3=12F8 r4=3D06 r5=2FA2 r6=0000 r7=0000 r8=002F r9=0002 r10=D860 r11=0AE6 r12=0402 r13=0000 r14=0000 r15=43F4
t=85.199071750 pc=0002091C fcw=D860 r0=010F r1=0103 r2=0000 r3=12F8 r4=3D06 r5=2FA2 r6=0000 r7=0000 r8=002F r9=0002 r10=D860 r11=0AE6 r12=0402 r13=0000 r14=0000 r15=43F4
t=85.199073250 pc=0002091E fcw=D860 r0=0103 r1=010F r2=0000 r3=12F8 r4=3D06 r5=2FA2 r6=0000 r7=0000 r8=002F r9=0002 r10=D860 r11=0AE6 r12=0402 r13=0000 r14=0000 r15=43F4
t=85.199076000 pc=00020920 fcw=D860 r0=0103 r1=010F r2=0000 r3=12F8 r4=3D06 r5=2FA2 r6=0000 r7=0000 r8=002F r9=0002 r10=D860 r11=0AE6 r12=0402 r13=0000 r14=0000 r15=43F4
t=85.199077500 pc=00020912 fcw=D860 r0=0103 r1=010F r2=0000 r3=12F8 r4=3D06 r5=2FA2 r6=0000 r7=0000 r8=002F r9=0002 r10=D860 r11=0AE6 r12=0402 r13=0000 r14=0000 r15=43F4
t=85.199079250 pc=00020914 fcw=D860 r0=0103 r1=010F r2=0000 r3=12F8 r4=3D06 r5=2FA2 r6=0000 r7=0000 r8=002F r9=0002 r10=D860 r11=0AE6 r12=0402 r13=0000 r14=0000 r15=43F4
t=85.199081000 pc=00020916 fcw=D860 r0=0103 r1=010F r2=0000 r3=12F8 r4=3D06 r5=2FA2 r6=0000 r7=0000 r8=002F r9=0002 r10=D860 r11=0AE6 r12=0402 r13=0000 r14=0000 r15=43F4
t=85.199084500 pc=0002091A fcw=D860 r0=0103 r1=010F r2=0000 r3=12F8 r4=3D06 r5=2FA2 r6=0000 r7=0000 r8=002F r9=0002 r10=D860 r11=0AE6 r12=0402 r13=0000 r14=0000 r15=43F4
t=85.199086500 pc=0002091C fcw=D860 r0=0103 r1=010F r2=0000 r3=12F8 r4=3D06 r5=2FA2 r6=0000 r7=0000 r8=002F r9=0002 r10=D860 r11=0AE6 r12=0402 r13=0000 r14=0000 r15=43F4
t=85.199088000 pc=0002091E fcw=D860 r0=010F r1=0103 r2=0000 r3=12F8 r4=3D06 r5=2FA2 r6=0000 r7=0000 r8=002F r9=0002 r10=D860 r11=0AE6 r12=0402 r13=0000 r14=0000 r15=43F4
t=85.199090750 pc=00020920 fcw=D860 r0=010F r1=0103 r2=0000 r3=12F8 r4=3D06 r5=2FA2 r6=0000 r7=0000 r8=002F r9=0002 r10=D860 r11=0AE6 r12=0402 r13=0000 r14=0000 r15=43F4
t=85.199092250 pc=00020912 fcw=D860 r0=010F r1=0103 r2=0000 r3=12F8 r4=3D06 r5=2FA2 r6=0000 r7=0000 r8=002F r9=0002 r10=D860 r11=0AE6 r12=0402 r13=0000 r14=0000 r15=43F4
t=85.199094000 pc=00020914 fcw=D860 r0=010F r1=0103 r2=0000 r3=12F8 r4=3D06 r5=2FA2 r6=0000 r7=0000 r8=002F r9=0002 r10=D860 r11=0AE6 r12=0402 r13=0000 r14=0000 r15=43F4
t=85.199095750 pc=00020916 fcw=D860 r0=010F r1=0103 r2=0000 r3=12F8 r4=3D06 r5=2FA2 r6=0000 r7=0000 r8=002F r9=0002 r10=D860 r11=0AE6 r12=0402 r13=0000 r14=0000 r15=43F4
t=85.199099250 pc=0002091A fcw=D860 r0=010F r1=0103 r2=0000 r3=12F8 r4=3D06 r5=2FA2 r6=0000 r7=0000 r8=002F r9=0002 r10=D860 r11=0AE6 r12=0402 r13=0000 r14=0000 r15=43F4
t=85.199101250 pc=0002091C fcw=D860 r0=010F r1=0103 r2=0000 r3=12F8 r4=3D06 r5=2FA2 r6=0000 r7=0000 r8=002F r9=0002 r10=D860 r11=0AE6 r12=0402 r13=0000 r14=0000 r15=43F4
t=85.199102750 pc=0002091E fcw=D860 r0=0103 r1=010F r2=0000 r3=12F8 r4=3D06 r5=2FA2 r6=0000 r7=0000 r8=002F r9=0002 r10=D860 r11=0AE6 r12=0402 r13=0000 r14=0000 r15=43F4
t=85.199105500 pc=00020920 fcw=D860 r0=0103 r1=010F r2=0000 r3=12F8 r4=3D06 r5=2FA2 r6=0000 r7=0000 r8=002F r9=0002 r10=D860 r11=0AE6 r12=0402 r13=0000 r14=0000 r15=43F4
t=85.199107000 pc=00020912 fcw=D860 r0=0103 r1=010F r2=0000 r3=12F8 r4=3D06 r5=2FA2 r6=0000 r7=0000 r8=002F r9=0002 r10=D860 r11=0AE6 r12=0402 r13=0000 r14=0000 r15=43F4
t=85.199108750 pc=00020914 fcw=D860 r0=0103 r1=010F r2=0000 r3=12F8 r4=3D06 r5=2FA2 r6=0000 r7=0000 r8=002F r9=0002 r10=D860 r11=0AE6 r12=0402 r13=0000 r14=0000 r15=43F4
t=85.199110500 pc=00020916 fcw=D860 r0=0103 r1=010F r2=0000 r3=12F8 r4=3D06 r5=2FA2 r6=0000 r7=0000 r8=002F r9=0002 r10=D860 r11=0AE6 r12=0402 r13=0000 r14=0000 r15=43F4
t=85.199114000 pc=0002091A fcw=D860 r0=0103 r1=010F r2=0000 r3=12F8 r4=3D06 r5=2FA2 r6=0000 r7=0000 r8=002F r9=0002 r10=D860 r11=0AE6 r12=0402 r13=0000 r14=0000 r15=43F4
t=85.199116000 pc=0002091C fcw=D860 r0=0103 r1=010F r2=0000 r3=12F8 r4=3D06 r5=2FA2 r6=0000 r7=0000 r8=002F r9=0002 r10=D860 r11=0AE6 r12=0402 r13=0000 r14=0000 r15=43F4
t=85.199117500 pc=0002091E fcw=D860 r0=010F r1=0103 r2=0000 r3=12F8 r4=3D06 r5=2FA2 r6=0000 r7=0000 r8=002F r9=0002 r10=D860 r11=0AE6 r12=0402 r13=0000 r14=0000 r15=43F4
t=85.199120250 pc=00020920 fcw=D860 r0=010F r1=0103 r2=0000 r3=12F8 r4=3D06 r5=2FA2 r6=0000 r7=0000 r8=002F r9=0002 r10=D860 r11=0AE6 r12=0402 r13=0000 r14=0000 r15=43F4
t=85.199121750 pc=00020912 fcw=D860 r0=010F r1=0103 r2=0000 r3=12F8 r4=3D06 r5=2FA2 r6=0000 r7=0000 r8=002F r9=0002 r10=D860 r11=0AE6 r12=0402 r13=0000 r14=0000 r15=43F4
t=85.199123500 pc=00020914 fcw=D860 r0=010F r1=0103 r2=0000 r3=12F8 r4=3D06 r5=2FA2 r6=0000 r7=0000 r8=002F r9=0002 r10=D860 r11=0AE6 r12=0402 r13=0000 r14=0000 r15=43F4
t=85.199125250 pc=00020916 fcw=D860 r0=010F r1=0103 r2=0000 r3=12F8 r4=3D06 r5=2FA2 r6=0000 r7=0000 r8=002F r9=0002 r10=D860 r11=0AE6 r12=0402 r13=0000 r14=0000 r15=43F4
t=85.199128750 pc=0002091A fcw=D860 r0=010F r1=0103 r2=0000 r3=12F8 r4=3D06 r5=2FA2 r6=0000 r7=0000 r8=002F r9=0002 r10=D860 r11=0AE6 r12=0402 r13=0000 r14=0000 r15=43F4
t=85.199130750 pc=0002091C fcw=D860 r0=010F r1=0103 r2=0000 r3=12F8 r4=3D06 r5=2FA2 r6=0000 r7=0000 r8=002F r9=0002 r10=D860 r11=0AE6 r12=0402 r13=0000 r14=0000 r15=43F4
t=85.199132250 pc=0002091E fcw=D860 r0=0103 r1=010F r2=0000 r3=12F8 r4=3D06 r5=2FA2 r6=0000 r7=0000 r8=002F r9=0002 r10=D860 r11=0AE6 r12=0402 r13=0000 r14=0000 r15=43F4
t=85.199135000 pc=00020920 fcw=D860 r0=0103 r1=010F r2=0000 r3=12F8 r4=3D06 r5=2FA2 r6=0000 r7=0000 r8=002F r9=0002 r10=D860 r11=0AE6 r12=0402 r13=0000 r14=0000 r15=43F4
t=85.199136500 pc=00020912 fcw=D860 r0=0103 r1=010F r2=0000 r3=12F8 r4=3D06 r5=2FA2 r6=0000 r7=0000 r8=002F r9=0002 r10=D860 r11=0AE6 r12=0402 r13=0000 r14=0000 r15=43F4
t=85.199138250 pc=00020914 fcw=D860 r0=0103 r1=010F r2=0000 r3=12F8 r4=3D06 r5=2FA2 r6=0000 r7=0000 r8=002F r9=0002 r10=D860 r11=0AE6 r12=0402 r13=0000 r14=0000 r15=43F4
t=85.199140000 pc=00020916 fcw=D860 r0=0103 r1=010F r2=0000 r3=12F8 r4=3D06 r5=2FA2 r6=0000 r7=0000 r8=002F r9=0002 r10=D860 r11=0AE6 r12=0402 r13=0000 r14=0000 r15=43F4
t=85.199143500 pc=0002091A fcw=D860 r0=0103 r1=010F r2=0000 r3=12F8 r4=3D06 r5=2FA2 r6=0000 r7=0000 r8=002F r9=0002 r10=D860 r11=0AE6 r12=0402 r13=0000 r14=0000 r15=43F4
t=85.199145500 pc=0002091C fcw=D860 r0=0103 r1=010F r2=0000 r3=12F8 r4=3D06 r5=2FA2 r6=0000 r7=0000 r8=002F r9=0002 r10=D860 r11=0AE6 r12=0402 r13=0000 r14=0000 r15=43F4
t=85.199147000 pc=0002091E fcw=D860 r0=010F r1=0103 r2=0000 r3=12F8 r4=3D06 r5=2FA2 r6=0000 r7=0000 r8=002F r9=0002 r10=D860 r11=0AE6 r12=0402 r13=0000 r14=0000 r15=43F4
t=85.199149750 pc=00020920 fcw=D860 r0=010F r1=0103 r2=0000 r3=12F8 r4=3D06 r5=2FA2 r6=0000 r7=0000 r8=002F r9=0002 r10=D860 r11=0AE6 r12=0402 r13=0000 r14=0000 r15=43F4
t=85.199151250 pc=00020912 fcw=D860 r0=010F r1=0103 r2=0000 r3=12F8 r4=3D06 r5=2FA2 r6=0000 r7=0000 r8=002F r9=0002 r10=D860 r11=0AE6 r12=0402 r13=0000 r14=0000 r15=43F4
t=85.199153000 pc=00020914 fcw=D860 r0=010F r1=0103 r2=0000 r3=12F8 r4=3D06 r5=2FA2 r6=0000 r7=0000 r8=002F r9=0002 r10=D860 r11=0AE6 r12=0402 r13=0000 r14=0000 r15=43F4
t=85.199154750 pc=00020916 fcw=D860 r0=010F r1=0103 r2=0000 r3=12F8 r4=3D06 r5=2FA2 r6=0000 r7=0000 r8=002F r9=0002 r10=D860 r11=0AE6 r12=0402 r13=0000 r14=0000 r15=43F4
t=85.199158250 pc=0002091A fcw=D860 r0=010F r1=0103 r2=0000 r3=12F8 r4=3D06 r5=2FA2 r6=0000 r7=0000 r8=002F r9=0002 r10=D860 r11=0AE6 r12=0402 r13=0000 r14=0000 r15=43F4
t=85.199160250 pc=0002091C fcw=D860 r0=010F r1=0103 r2=0000 r3=12F8 r4=3D06 r5=2FA2 r6=0000 r7=0000 r8=002F r9=0002 r10=D860 r11=0AE6 r12=0402 r13=0000 r14=0000 r15=43F4
t=85.199161750 pc=0002091E fcw=D860 r0=0103 r1=010F r2=0000 r3=12F8 r4=3D06 r5=2FA2 r6=0000 r7=0000 r8=002F r9=0002 r10=D860 r11=0AE6 r12=0402 r13=0000 r14=0000 r15=43F4
t=85.199164500 pc=00020920 fcw=D860 r0=0103 r1=010F r2=0000 r3=12F8 r4=3D06 r5=2FA2 r6=0000 r7=0000 r8=002F r9=0002 r10=D860 r11=0AE6 r12=0402 r13=0000 r14=0000 r15=43F4
t=85.199166000 pc=00020912 fcw=D860 r0=0103 r1=010F r2=0000 r3=12F8 r4=3D06 r5=2FA2 r6=0000 r7=0000 r8=002F r9=0002 r10=D860 r11=0AE6 r12=0402 r13=0000 r14=0000 r15=43F4
t=85.199167750 pc=00020914 fcw=D860 r0=0103 r1=010F r2=0000 r3=12F8 r4=3D06 r5=2FA2 r6=0000 r7=0000 r8=002F r9=0002 r10=D860 r11=0AE6 r12=0402 r13=0000 r14=0000 r15=43F4
t=85.199169500 pc=00020916 fcw=D860 r0=0103 r1=010F r2=0000 r3=12F8 r4=3D06 r5=2FA2 r6=0000 r7=0000 r8=002F r9=0002 r10=D860 r11=0AE6 r12=0402 r13=0000 r14=0000 r15=43F4
t=85.199173000 pc=0002091A fcw=D860 r0=0103 r1=010F r2=0000 r3=12F8 r4=3D06 r5=2FA2 r6=0000 r7=0000 r8=002F r9=0002 r10=D860 r11=0AE6 r12=0402 r13=0000 r14=0000 r15=43F4
t=85.199175000 pc=0002091C fcw=D860 r0=0103 r1=010F r2=0000 r3=12F8 r4=3D06 r5=2FA2 r6=0000 r7=0000 r8=002F r9=0002 r10=D860 r11=0AE6 r12=0402 r13=0000 r14=0000 r15=43F4
t=85.199176500 pc=0002091E fcw=D860 r0=010F r1=0103 r2=0000 r3=12F8 r4=3D06 r5=2FA2 r6=0000 r7=0000 r8=002F r9=0002 r10=D860 r11=0AE6 r12=0402 r13=0000 r14=0000 r15=43F4
t=85.199179250 pc=00020920 fcw=D860 r0=010F r1=0103 r2=0000 r3=12F8 r4=3D06 r5=2FA2 r6=0000 r7=0000 r8=002F r9=0002 r10=D860 r11=0AE6 r12=0402 r13=0000 r14=0000 r15=43F4
t=85.199180750 pc=00020912 fcw=D860 r0=010F r1=0103 r2=0000 r3=12F8 r4=3D06 r5=2FA2 r6=0000 r7=0000 r8=002F r9=0002 r10=D860 r11=0AE6 r12=0402 r13=0000 r14=0000 r15=43F4
t=85.199182500 pc=00020914 fcw=D860 r0=010F r1=0103 r2=0000 r3=12F8 r4=3D06 r5=2FA2 r6=0000 r7=0000 r8=002F r9=0002 r10=D860 r11=0AE6 r12=0402 r13=0000 r14=0000 r15=43F4
t=85.199184250 pc=00020916 fcw=D860 r0=010F r1=0103 r2=0000 r3=12F8 r4=3D06 r5=2FA2 r6=0000 r7=0000 r8=002F r9=0002 r10=D860 r11=0AE6 r12=0402 r13=0000 r14=0000 r15=43F4
t=85.199187750 pc=0002091A fcw=D860 r0=010F r1=0103 r2=0000 r3=12F8 r4=3D06 r5=2FA2 r6=0000 r7=0000 r8=002F r9=0002 r10=D860 r11=0AE6 r12=0402 r13=0000 r14=0000 r15=43F4
t=85.199189750 pc=0002091C fcw=D860 r0=010F r1=0103 r2=0000 r3=12F8 r4=3D06 r5=2FA2 r6=0000 r7=0000 r8=002F r9=0002 r10=D860 r11=0AE6 r12=0402 r13=0000 r14=0000 r15=43F4
t=85.199191250 pc=0002091E fcw=D860 r0=0103 r1=010F r2=0000 r3=12F8 r4=3D06 r5=2FA2 r6=0000 r7=0000 r8=002F r9=0002 r10=D860 r11=0AE6 r12=0402 r13=0000 r14=0000 r15=43F4
t=85.199194000 pc=00020920 fcw=D860 r0=0103 r1=010F r2=0000 r3=12F8 r4=3D06 r5=2FA2 r6=0000 r7=0000 r8=002F r9=0002 r10=D860 r11=0AE6 r12=0402 r13=0000 r14=0000 r15=43F4
t=85.199195500 pc=00020912 fcw=D860 r0=0103 r1=010F r2=0000 r3=12F8 r4=3D06 r5=2FA2 r6=0000 r7=0000 r8=002F r9=0002 r10=D860 r11=0AE6 r12=0402 r13=0000 r14=0000 r15=43F4
t=85.199197250 pc=00020914 fcw=D860 r0=0103 r1=010F r2=0000 r3=12F8 r4=3D06 r5=2FA2 r6=0000 r7=0000 r8=002F r9=0002 r10=D860 r11=0AE6 r12=0402 r13=0000 r14=0000 r15=43F4
t=85.199199000 pc=00020916 fcw=D860 r0=0103 r1=010F r2=0000 r3=12F8 r4=3D06 r5=2FA2 r6=0000 r7=0000 r8=002F r9=0002 r10=D860 r11=0AE6 r12=0402 r13=0000 r14=0000 r15=43F4
t=85.199202500 pc=0002091A fcw=D860 r0=0103 r1=010F r2=0000 r3=12F8 r4=3D06 r5=2FA2 r6=0000 r7=0000 r8=002F r9=0002 r10=D860 r11=0AE6 r12=0402 r13=0000 r14=0000 r15=43F4
t=85.199204500 pc=0002091C fcw=D860 r0=0103 r1=010F r2=0000 r3=12F8 r4=3D06 r5=2FA2 r6=0000 r7=0000 r8=002F r9=0002 r10=D860 r11=0AE6 r12=0402 r13=0000 r14=0000 r15=43F4
t=85.199206000 pc=0002091E fcw=D860 r0=010F r1=0103 r2=0000 r3=12F8 r4=3D06 r5=2FA2 r6=0000 r7=0000 r8=002F r9=0002 r10=D860 r11=0AE6 r12=0402 r13=0000 r14=0000 r15=43F4
t=85.199208750 pc=00020920 fcw=D860 r0=010F r1=0103 r2=0000 r3=12F8 r4=3D06 r5=2FA2 r6=0000 r7=0000 r8=002F r9=0002 r10=D860 r11=0AE6 r12=0402 r13=0000 r14=0000 r15=43F4
t=85.199210250 pc=00020912 fcw=D860 r0=010F r1=0103 r2=0000 r3=12F8 r4=3D06 r5=2FA2 r6=0000 r7=0000 r8=002F r9=0002 r10=D860 r11=0AE6 r12=0402 r13=0000 r14=0000 r15=43F4
t=85.199212000 pc=00020914 fcw=D860 r0=010F r1=0103 r2=0000 r3=12F8 r4=3D06 r5=2FA2 r6=0000 r7=0000 r8=002F r9=0002 r10=D860 r11=0AE6 r12=0402 r13=0000 r14=0000 r15=43F4
t=85.199213750 pc=00020916 fcw=D860 r0=010F r1=0103 r2=0000 r3=12F8 r4=3D06 r5=2FA2 r6=0000 r7=0000 r8=002F r9=0002 r10=D860 r11=0AE6 r12=0402 r13=0000 r14=0000 r15=43F4
t=85.199217250 pc=0002091A fcw=D860 r0=010F r1=0103 r2=0000 r3=12F8 r4=3D06 r5=2FA2 r6=0000 r7=0000 r8=002F r9=0002 r10=D860 r11=0AE6 r12=0402 r13=0000 r14=0000 r15=43F4
t=85.199219250 pc=0002091C fcw=D860 r0=010F r1=0103 r2=0000 r3=12F8 r4=3D06 r5=2FA2 r6=0000 r7=0000 r8=002F r9=0002 r10=D860 r11=0AE6 r12=0402 r13=0000 r14=0000 r15=43F4
t=85.199220750 pc=0002091E fcw=D860 r0=0103 r1=010F r2=0000 r3=12F8 r4=3D06 r5=2FA2 r6=0000 r7=0000 r8=002F r9=0002 r10=D860 r11=0AE6 r12=0402 r13=0000 r14=0000 r15=43F4
t=85.199223500 pc=00020920 fcw=D860 r0=0103 r1=010F r2=0000 r3=12F8 r4=3D06 r5=2FA2 r6=0000 r7=0000 r8=002F r9=0002 r10=D860 r11=0AE6 r12=0402 r13=0000 r14=0000 r15=43F4
t=85.199225000 pc=00020912 fcw=D860 r0=0103 r1=010F r2=0000 r3=12F8 r4=3D06 r5=2FA2 r6=0000 r7=0000 r8=002F r9=0002 r10=D860 r11=0AE6 r12=0402 r13=0000 r14=0000 r15=43F4
t=85.199226750 pc=00020914 fcw=D860 r0=0103 r1=010F r2=0000 r3=12F8 r4=3D06 r5=2FA2 r6=0000 r7=0000 r8=002F r9=0002 r10=D860 r11=0AE6 r12=0402 r13=0000 r14=0000 r15=43F4
t=85.199228500 pc=00020916 fcw=D860 r0=0103 r1=010F r2=0000 r3=12F8 r4=3D06 r5=2FA2 r6=0000 r7=0000 r8=002F r9=0002 r10=D860 r11=0AE6 r12=0402 r13=0000 r14=0000 r15=43F4
t=85.199232000 pc=0002091A fcw=D860 r0=0103 r1=010F r2=0000 r3=12F8 r4=3D06 r5=2FA2 r6=0000 r7=0000 r8=002F r9=0002 r10=D860 r11=0AE6 r12=0402 r13=0000 r14=0000 r15=43F4
t=85.199234000 pc=0002091C fcw=D860 r0=0103 r1=010F r2=0000 r3=12F8 r4=3D06 r5=2FA2 r6=0000 r7=0000 r8=002F r9=0002 r10=D860 r11=0AE6 r12=0402 r13=0000 r14=0000 r15=43F4
t=85.199235500 pc=0002091E fcw=D860 r0=010F r1=0103 r2=0000 r3=12F8 r4=3D06 r5=2FA2 r6=0000 r7=0000 r8=002F r9=0002 r10=D860 r11=0AE6 r12=0402 r13=0000 r14=0000 r15=43F4
t=85.199238250 pc=00020920 fcw=D860 r0=010F r1=0103 r2=0000 r3=12F8 r4=3D06 r5=2FA2 r6=0000 r7=0000 r8=002F r9=0002 r10=D860 r11=0AE6 r12=0402 r13=0000 r14=0000 r15=43F4
t=85.199239750 pc=00020912 fcw=D860 r0=010F r1=0103 r2=0000 r3=12F8 r4=3D06 r5=2FA2 r6=0000 r7=0000 r8=002F r9=0002 r10=D860 r11=0AE6 r12=0402 r13=0000 r14=0000 r15=43F4
t=85.199241500 pc=00020914 fcw=D860 r0=010F r1=0103 r2=0000 r3=12F8 r4=3D06 r5=2FA2 r6=0000 r7=0000 r8=002F r9=0002 r10=D860 r11=0AE6 r12=0402 r13=0000 r14=0000 r15=43F4
t=85.199243250 pc=00020916 fcw=D860 r0=010F r1=0103 r2=0000 r3=12F8 r4=3D06 r5=2FA2 r6=0000 r7=0000 r8=002F r9=0002 r10=D860 r11=0AE6 r12=0402 r13=0000 r14=0000 r15=43F4
t=85.199246750 pc=0002091A fcw=D860 r0=010F r1=0103 r2=0000 r3=12F8 r4=3D06 r5=2FA2 r6=0000 r7=0000 r8=002F r9=0002 r10=D860 r11=0AE6 r12=0402 r13=0000 r14=0000 r15=43F4
t=85.199248750 pc=0002091C fcw=D860 r0=010F r1=0103 r2=0000 r3=12F8 r4=3D06 r5=2FA2 r6=0000 r7=0000 r8=002F r9=0002 r10=D860 r11=0AE6 r12=0402 r13=0000 r14=0000 r15=43F4
t=85.199250250 pc=0002091E fcw=D860 r0=0103 r1=010F r2=0000 r3=12F8 r4=3D06 r5=2FA2 r6=0000 r7=0000 r8=002F r9=0002 r10=D860 r11=0AE6 r12=0402 r13=0000 r14=0000 r15=43F4
t=85.199253000 pc=00020920 fcw=D860 r0=0103 r1=010F r2=0000 r3=12F8 r4=3D06 r5=2FA2 r6=0000 r7=0000 r8=002F r9=0002 r10=D860 r11=0AE6 r12=0402 r13=0000 r14=0000 r15=43F4
t=85.199254500 pc=00020912 fcw=D860 r0=0103 r1=010F r2=0000 r3=12F8 r4=3D06 r5=2FA2 r6=0000 r7=0000 r8=002F r9=0002 r10=D860 r11=0AE6 r12=0402 r13=0000 r14=0000 r15=43F4
t=85.199256250 pc=00020914 fcw=D860 r0=0103 r1=010F r2=0000 r3=12F8 r4=3D06 r5=2FA2 r6=0000 r7=0000 r8=002F r9=0002 r10=D860 r11=0AE6 r12=0402 r13=0000 r14=0000 r15=43F4
t=85.199258000 pc=00020916 fcw=D860 r0=0103 r1=010F r2=0000 r3=12F8 r4=3D06 r5=2FA2 r6=0000 r7=0000 r8=002F r9=0002 r10=D860 r11=0AE6 r12=0402 r13=0000 r14=0000 r15=43F4
t=85.199261500 pc=0002091A fcw=D860 r0=0103 r1=010F r2=0000 r3=12F8 r4=3D06 r5=2FA2 r6=0000 r7=0000 r8=002F r9=0002 r10=D860 r11=0AE6 r12=0402 r13=0000 r14=0000 r15=43F4
t=85.199263500 pc=0002091C fcw=D860 r0=0103 r1=010F r2=0000 r3=12F8 r4=3D06 r5=2FA2 r6=0000 r7=0000 r8=002F r9=0002 r10=D860 r11=0AE6 r12=0402 r13=0000 r14=0000 r15=43F4
t=85.199265000 pc=0002091E fcw=D860 r0=010F r1=0103 r2=0000 r3=12F8 r4=3D06 r5=2FA2 r6=0000 r7=0000 r8=002F r9=0002 r10=D860 r11=0AE6 r12=0402 r13=0000 r14=0000 r15=43F4
t=85.199267750 pc=00020920 fcw=D860 r0=010F r1=0103 r2=0000 r3=12F8 r4=3D06 r5=2FA2 r6=0000 r7=0000 r8=002F r9=0002 r10=D860 r11=0AE6 r12=0402 r13=0000 r14=0000 r15=43F4
t=85.199269250 pc=00020912 fcw=D860 r0=010F r1=0103 r2=0000 r3=12F8 r4=3D06 r5=2FA2 r6=0000 r7=0000 r8=002F r9=0002 r10=D860 r11=0AE6 r12=0402 r13=0000 r14=0000 r15=43F4
t=85.199271000 pc=00020914 fcw=D860 r0=010F r1=0103 r2=0000 r3=12F8 r4=3D06 r5=2FA2 r6=0000 r7=0000 r8=002F r9=0002 r10=D860 r11=0AE6 r12=0402 r13=0000 r14=0000 r15=43F4
t=85.199272750 pc=00020916 fcw=D860 r0=010F r1=0103 r2=0000 r3=12F8 r4=3D06 r5=2FA2 r6=0000 r7=0000 r8=002F r9=0002 r10=D860 r11=0AE6 r12=0402 r13=0000 r14=0000 r15=43F4
t=85.199276250 pc=0002091A fcw=D860 r0=010F r1=0103 r2=0000 r3=12F8 r4=3D06 r5=2FA2 r6=0000 r7=0000 r8=002F r9=0002 r10=D860 r11=0AE6 r12=0402 r13=0000 r14=0000 r15=43F4
t=85.199278250 pc=0002091C fcw=D860 r0=010F r1=0103 r2=0000 r3=12F8 r4=3D06 r5=2FA2 r6=0000 r7=0000 r8=002F r9=0002 r10=D860 r11=0AE6 r12=0402 r13=0000 r14=0000 r15=43F4
t=85.199279750 pc=0002091E fcw=D860 r0=0103 r1=010F r2=0000 r3=12F8 r4=3D06 r5=2FA2 r6=0000 r7=0000 r8=002F r9=0002 r10=D860 r11=0AE6 r12=0402 r13=0000 r14=0000 r15=43F4
t=85.199282500 pc=00020920 fcw=D860 r0=0103 r1=010F r2=0000 r3=12F8 r4=3D06 r5=2FA2 r6=0000 r7=0000 r8=002F r9=0002 r10=D860 r11=0AE6 r12=0402 r13=0000 r14=0000 r15=43F4
t=85.199284000 pc=00020912 fcw=D860 r0=0103 r1=010F r2=0000 r3=12F8 r4=3D06 r5=2FA2 r6=0000 r7=0000 r8=002F r9=0002 r10=D860 r11=0AE6 r12=0402 r13=0000 r14=0000 r15=43F4
t=85.199285750 pc=00020914 fcw=D860 r0=0103 r1=010F r2=0000 r3=12F8 r4=3D06 r5=2FA2 r6=0000 r7=0000 r8=002F r9=0002 r10=D860 r11=0AE6 r12=0402 r13=0000 r14=0000 r15=43F4
t=85.199287500 pc=00020916 fcw=D860 r0=0103 r1=010F r2=0000 r3=12F8 r4=3D06 r5=2FA2 r6=0000 r7=0000 r8=002F r9=0002 r10=D860 r11=0AE6 r12=0402 r13=0000 r14=0000 r15=43F4
t=85.199291000 pc=0002091A fcw=D860 r0=0103 r1=010F r2=0000 r3=12F8 r4=3D06 r5=2FA2 r6=0000 r7=0000 r8=002F r9=0002 r10=D860 r11=0AE6 r12=0402 r13=0000 r14=0000 r15=43F4
t=85.199293000 pc=0002091C fcw=D860 r0=0103 r1=010F r2=0000 r3=12F8 r4=3D06 r5=2FA2 r6=0000 r7=0000 r8=002F r9=0002 r10=D860 r11=0AE6 r12=0402 r13=0000 r14=0000 r15=43F4
t=85.199294500 pc=0002091E fcw=D860 r0=010F r1=0103 r2=0000 r3=12F8 r4=3D06 r5=2FA2 r6=0000 r7=0000 r8=002F r9=0002 r10=D860 r11=0AE6 r12=0402 r13=0000 r14=0000 r15=43F4
t=85.199297250 pc=00020920 fcw=D860 r0=010F r1=0103 r2=0000 r3=12F8 r4=3D06 r5=2FA2 r6=0000 r7=0000 r8=002F r9=0002 r10=D860 r11=0AE6 r12=0402 r13=0000 r14=0000 r15=43F4
t=85.199298750 pc=00020912 fcw=D860 r0=010F r1=0103 r2=0000 r3=12F8 r4=3D06 r5=2FA2 r6=0000 r7=0000 r8=002F r9=0002 r10=D860 r11=0AE6 r12=0402 r13=0000 r14=0000 r15=43F4
t=85.199300500 pc=00020914 fcw=D860 r0=010F r1=0103 r2=0000 r3=12F8 r4=3D06 r5=2FA2 r6=0000 r7=0000 r8=002F r9=0002 r10=D860 r11=0AE6 r12=0402 r13=0000 r14=0000 r15=43F4
t=85.199302250 pc=00020916 fcw=D860 r0=010F r1=0103 r2=0000 r3=12F8 r4=3D06 r5=2FA2 r6=0000 r7=0000 r8=002F r9=0002 r10=D860 r11=0AE6 r12=0402 r13=0000 r14=0000 r15=43F4
t=85.199305750 pc=0002091A fcw=D860 r0=010F r1=0103 r2=0000 r3=12F8 r4=3D06 r5=2FA2 r6=0000 r7=0000 r8=002F r9=0002 r10=D860 r11=0AE6 r12=0402 r13=0000 r14=0000 r15=43F4
t=85.199307750 pc=0002091C fcw=D860 r0=010F r1=0103 r2=0000 r3=12F8 r4=3D06 r5=2FA2 r6=0000 r7=0000 r8=002F r9=0002 r10=D860 r11=0AE6 r12=0402 r13=0000 r14=0000 r15=43F4
t=85.199309250 pc=0002091E fcw=D860 r0=0103 r1=010F r2=0000 r3=12F8 r4=3D06 r5=2FA2 r6=0000 r7=0000 r8=002F r9=0002 r10=D860 r11=0AE6 r12=0402 r13=0000 r14=0000 r15=43F4
t=85.199312000 pc=00020920 fcw=D860 r0=0103 r1=010F r2=0000 r3=12F8 r4=3D06 r5=2FA2 r6=0000 r7=0000 r8=002F r9=0002 r10=D860 r11=0AE6 r12=0402 r13=0000 r14=0000 r15=43F4
t=85.199313500 pc=00020912 fcw=D860 r0=0103 r1=010F r2=0000 r3=12F8 r4=3D06 r5=2FA2 r6=0000 r7=0000 r8=002F r9=0002 r10=D860 r11=0AE6 r12=0402 r13=0000 r14=0000 r15=43F4
t=85.199315250 pc=00020914 fcw=D860 r0=0103 r1=010F r2=0000 r3=12F8 r4=3D06 r5=2FA2 r6=0000 r7=0000 r8=002F r9=0002 r10=D860 r11=0AE6 r12=0402 r13=0000 r14=0000 r15=43F4
t=85.199317000 pc=00020916 fcw=D860 r0=0103 r1=010F r2=0000 r3=12F8 r4=3D06 r5=2FA2 r6=0000 r7=0000 r8=002F r9=0002 r10=D860 r11=0AE6 r12=0402 r13=0000 r14=0000 r15=43F4
t=85.199320500 pc=0002091A fcw=D860 r0=0103 r1=010F r2=0000 r3=12F8 r4=3D06 r5=2FA2 r6=0000 r7=0000 r8=002F r9=0002 r10=D860 r11=0AE6 r12=0402 r13=0000 r14=0000 r15=43F4
t=85.199322500 pc=0002091C fcw=D860 r0=0103 r1=010F r2=0000 r3=12F8 r4=3D06 r5=2FA2 r6=0000 r7=0000 r8=002F r9=0002 r10=D860 r11=0AE6 r12=0402 r13=0000 r14=0000 r15=43F4
t=85.199324000 pc=0002091E fcw=D860 r0=010F r1=0103 r2=0000 r3=12F8 r4=3D06 r5=2FA2 r6=0000 r7=0000 r8=002F r9=0002 r10=D860 r11=0AE6 r12=0402 r13=0000 r14=0000 r15=43F4
t=85.199326750 pc=00020920 fcw=D860 r0=010F r1=0103 r2=0000 r3=12F8 r4=3D06 r5=2FA2 r6=0000 r7=0000 r8=002F r9=0002 r10=D860 r11=0AE6 r12=0402 r13=0000 r14=0000 r15=43F4
t=85.199328250 pc=00020912 fcw=D860 r0=010F r1=0103 r2=0000 r3=12F8 r4=3D06 r5=2FA2 r6=0000 r7=0000 r8=002F r9=0002 r10=D860 r11=0AE6 r12=0402 r13=0000 r14=0000 r15=43F4
t=85.199330000 pc=00020914 fcw=D860 r0=010F r1=0103 r2=0000 r3=12F8 r4=3D06 r5=2FA2 r6=0000 r7=0000 r8=002F r9=0002 r10=D860 r11=0AE6 r12=0402 r13=0000 r14=0000 r15=43F4
t=85.199331750 pc=00020916 fcw=D860 r0=010F r1=0103 r2=0000 r3=12F8 r4=3D06 r5=2FA2 r6=0000 r7=0000 r8=002F r9=0002 r10=D860 r11=0AE6 r12=0402 r13=0000 r14=0000 r15=43F4
t=85.199335250 pc=0002091A fcw=D860 r0=010F r1=0103 r2=0000 r3=12F8 r4=3D06 r5=2FA2 r6=0000 r7=0000 r8=002F r9=0002 r10=D860 r11=0AE6 r12=0402 r13=0000 r14=0000 r15=43F4
t=85.199337250 pc=0002091C fcw=D860 r0=010F r1=0103 r2=0000 r3=12F8 r4=3D06 r5=2FA2 r6=0000 r7=0000 r8=002F r9=0002 r10=D860 r11=0AE6 r12=0402 r13=0000 r14=0000 r15=43F4
t=85.199338750 pc=0002091E fcw=D860 r0=0103 r1=010F r2=0000 r3=12F8 r4=3D06 r5=2FA2 r6=0000 r7=0000 r8=002F r9=0002 r10=D860 r11=0AE6 r12=0402 r13=0000 r14=0000 r15=43F4
t=85.199341500 pc=00020920 fcw=D860 r0=0103 r1=010F r2=0000 r3=12F8 r4=3D06 r5=2FA2 r6=0000 r7=0000 r8=002F r9=0002 r10=D860 r11=0AE6 r12=0402 r13=0000 r14=0000 r15=43F4
t=85.199343000 pc=00020912 fcw=D860 r0=0103 r1=010F r2=0000 r3=12F8 r4=3D06 r5=2FA2 r6=0000 r7=0000 r8=002F r9=0002 r10=D860 r11=0AE6 r12=0402 r13=0000 r14=0000 r15=43F4
t=85.199344750 pc=00020914 fcw=D860 r0=0103 r1=010F r2=0000 r3=12F8 r4=3D06 r5=2FA2 r6=0000 r7=0000 r8=002F r9=0002 r10=D860 r11=0AE6 r12=0402 r13=0000 r14=0000 r15=43F4
t=85.199346500 pc=00020916 fcw=D860 r0=0103 r1=010F r2=0000 r3=12F8 r4=3D06 r5=2FA2 r6=0000 r7=0000 r8=002F r9=0002 r10=D860 r11=0AE6 r12=0402 r13=0000 r14=0000 r15=43F4
t=85.199350000 pc=0002091A fcw=D860 r0=0103 r1=010F r2=0000 r3=12F8 r4=3D06 r5=2FA2 r6=0000 r7=0000 r8=002F r9=0002 r10=D860 r11=0AE6 r12=0402 r13=0000 r14=0000 r15=43F4
t=85.199352000 pc=0002091C fcw=D860 r0=0103 r1=010F r2=0000 r3=12F8 r4=3D06 r5=2FA2 r6=0000 r7=0000 r8=002F r9=0002 r10=D860 r11=0AE6 r12=0402 r13=0000 r14=0000 r15=43F4
t=85.199353500 pc=0002091E fcw=D860 r0=010F r1=0103 r2=0000 r3=12F8 r4=3D06 r5=2FA2 r6=0000 r7=0000 r8=002F r9=0002 r10=D860 r11=0AE6 r12=0402 r13=0000 r14=0000 r15=43F4
t=85.199356250 pc=00020920 fcw=D860 r0=010F r1=0103 r2=0000 r3=12F8 r4=3D06 r5=2FA2 r6=0000 r7=0000 r8=002F r9=0002 r10=D860 r11=0AE6 r12=0402 r13=0000 r14=0000 r15=43F4
t=85.199357750 pc=00020912 fcw=D860 r0=010F r1=0103 r2=0000 r3=12F8 r4=3D06 r5=2FA2 r6=0000 r7=0000 r8=002F r9=0002 r10=D860 r11=0AE6 r12=0402 r13=0000 r14=0000 r15=43F4
t=85.199359500 pc=00020914 fcw=D860 r0=010F r1=0103 r2=0000 r3=12F8 r4=3D06 r5=2FA2 r6=0000 r7=0000 r8=002F r9=0002 r10=D860 r11=0AE6 r12=0402 r13=0000 r14=0000 r15=43F4
t=85.199361250 pc=00020916 fcw=D860 r0=010F r1=0103 r2=0000 r3=12F8 r4=3D06 r5=2FA2 r6=0000 r7=0000 r8=002F r9=0002 r10=D860 r11=0AE6 r12=0402 r13=0000 r14=0000 r15=43F4
t=85.199364750 pc=0002091A fcw=D860 r0=010F r1=0103 r2=0000 r3=12F8 r4=3D06 r5=2FA2 r6=0000 r7=0000 r8=002F r9=0002 r10=D860 r11=0AE6 r12=0402 r13=0000 r14=0000 r15=43F4
t=85.199366750 pc=0002091C fcw=D860 r0=010F r1=0103 r2=0000 r3=12F8 r4=3D06 r5=2FA2 r6=0000 r7=0000 r8=002F r9=0002 r10=D860 r11=0AE6 r12=0402 r13=0000 r14=0000 r15=43F4
t=85.199368250 pc=0002091E fcw=D860 r0=0103 r1=010F r2=0000 r3=12F8 r4=3D06 r5=2FA2 r6=0000 r7=0000 r8=002F r9=0002 r10=D860 r11=0AE6 r12=0402 r13=0000 r14=0000 r15=43F4
t=85.199371000 pc=00020920 fcw=D860 r0=0103 r1=010F r2=0000 r3=12F8 r4=3D06 r5=2FA2 r6=0000 r7=0000 r8=002F r9=0002 r10=D860 r11=0AE6 r12=0402 r13=0000 r14=0000 r15=43F4
t=85.199372500 pc=00020912 fcw=D860 r0=0103 r1=010F r2=0000 r3=12F8 r4=3D06 r5=2FA2 r6=0000 r7=0000 r8=002F r9=0002 r10=D860 r11=0AE6 r12=0402 r13=0000 r14=0000 r15=43F4
t=85.199374250 pc=00020914 fcw=D860 r0=0103 r1=010F r2=0000 r3=12F8 r4=3D06 r5=2FA2 r6=0000 r7=0000 r8=002F r9=0002 r10=D860 r11=0AE6 r12=0402 r13=0000 r14=0000 r15=43F4
t=85.199376000 pc=00020916 fcw=D860 r0=0103 r1=010F r2=0000 r3=12F8 r4=3D06 r5=2FA2 r6=0000 r7=0000 r8=002F r9=0002 r10=D860 r11=0AE6 r12=0402 r13=0000 r14=0000 r15=43F4
t=85.199379500 pc=0002091A fcw=D860 r0=0103 r1=010F r2=0000 r3=12F8 r4=3D06 r5=2FA2 r6=0000 r7=0000 r8=002F r9=0002 r10=D860 r11=0AE6 r12=0402 r13=0000 r14=0000 r15=43F4
t=85.199381500 pc=0002091C fcw=D860 r0=0103 r1=010F r2=0000 r3=12F8 r4=3D06 r5=2FA2 r6=0000 r7=0000 r8=002F r9=0002 r10=D860 r11=0AE6 r12=0402 r13=0000 r14=0000 r15=43F4
t=85.199383000 pc=0002091E fcw=D860 r0=010F r1=0103 r2=0000 r3=12F8 r4=3D06 r5=2FA2 r6=0000 r7=0000 r8=002F r9=0002 r10=D860 r11=0AE6 r12=0402 r13=0000 r14=0000 r15=43F4
t=85.199385750 pc=00020920 fcw=D860 r0=010F r1=0103 r2=0000 r3=12F8 r4=3D06 r5=2FA2 r6=0000 r7=0000 r8=002F r9=0002 r10=D860 r11=0AE6 r12=0402 r13=0000 r14=0000 r15=43F4
t=85.199387250 pc=00020912 fcw=D860 r0=010F r1=0103 r2=0000 r3=12F8 r4=3D06 r5=2FA2 r6=0000 r7=0000 r8=002F r9=0002 r10=D860 r11=0AE6 r12=0402 r13=0000 r14=0000 r15=43F4
t=85.199389000 pc=00020914 fcw=D860 r0=010F r1=0103 r2=0000 r3=12F8 r4=3D06 r5=2FA2 r6=0000 r7=0000 r8=002F r9=0002 r10=D860 r11=0AE6 r12=0402 r13=0000 r14=0000 r15=43F4
t=85.199390750 pc=00020916 fcw=D860 r0=010F r1=0103 r2=0000 r3=12F8 r4=3D06 r5=2FA2 r6=0000 r7=0000 r8=002F r9=0002 r10=D860 r11=0AE6 r12=0402 r13=0000 r14=0000 r15=43F4
t=85.199394250 pc=0002091A fcw=D860 r0=010F r1=0103 r2=0000 r3=12F8 r4=3D06 r5=2FA2 r6=0000 r7=0000 r8=002F r9=0002 r10=D860 r11=0AE6 r12=0402 r13=0000 r14=0000 r15=43F4
t=85.199396250 pc=0002091C fcw=D860 r0=010F r1=0103 r2=0000 r3=12F8 r4=3D06 r5=2FA2 r6=0000 r7=0000 r8=002F r9=0002 r10=D860 r11=0AE6 r12=0402 r13=0000 r14=0000 r15=43F4
t=85.199397750 pc=0002091E fcw=D860 r0=0103 r1=010F r2=0000 r3=12F8 r4=3D06 r5=2FA2 r6=0000 r7=0000 r8=002F r9=0002 r10=D860 r11=0AE6 r12=0402 r13=0000 r14=0000 r15=43F4
t=85.199400500 pc=00020920 fcw=D860 r0=0103 r1=010F r2=0000 r3=12F8 r4=3D06 r5=2FA2 r6=0000 r7=0000 r8=002F r9=0002 r10=D860 r11=0AE6 r12=0402 r13=0000 r14=0000 r15=43F4
t=85.199402000 pc=00020912 fcw=D860 r0=0103 r1=010F r2=0000 r3=12F8 r4=3D06 r5=2FA2 r6=0000 r7=0000 r8=002F r9=0002 r10=D860 r11=0AE6 r12=0402 r13=0000 r14=0000 r15=43F4
t=85.199403750 pc=00020914 fcw=D860 r0=0103 r1=010F r2=0000 r3=12F8 r4=3D06 r5=2FA2 r6=0000 r7=0000 r8=002F r9=0002 r10=D860 r11=0AE6 r12=0402 r13=0000 r14=0000 r15=43F4
t=85.199405500 pc=00020916 fcw=D860 r0=0103 r1=010F r2=0000 r3=12F8 r4=3D06 r5=2FA2 r6=0000 r7=0000 r8=002F r9=0002 r10=D860 r11=0AE6 r12=0402 r13=0000 r14=0000 r15=43F4
t=85.199409000 pc=0002091A fcw=D860 r0=0103 r1=010F r2=0000 r3=12F8 r4=3D06 r5=2FA2 r6=0000 r7=0000 r8=002F r9=0002 r10=D860 r11=0AE6 r12=0402 r13=0000 r14=0000 r15=43F4
t=85.199411000 pc=0002091C fcw=D860 r0=0103 r1=010F r2=0000 r3=12F8 r4=3D06 r5=2FA2 r6=0000 r7=0000 r8=002F r9=0002 r10=D860 r11=0AE6 r12=0402 r13=0000 r14=0000 r15=43F4
t=85.199412500 pc=0002091E fcw=D860 r0=010F r1=0103 r2=0000 r3=12F8 r4=3D06 r5=2FA2 r6=0000 r7=0000 r8=002F r9=0002 r10=D860 r11=0AE6 r12=0402 r13=0000 r14=0000 r15=43F4
t=85.199415250 pc=00020920 fcw=D860 r0=010F r1=0103 r2=0000 r3=12F8 r4=3D06 r5=2FA2 r6=0000 r7=0000 r8=002F r9=0002 r10=D860 r11=0AE6 r12=0402 r13=0000 r14=0000 r15=43F4
t=85.199416750 pc=00020912 fcw=D860 r0=010F r1=0103 r2=0000 r3=12F8 r4=3D06 r5=2FA2 r6=0000 r7=0000 r8=002F r9=0002 r10=D860 r11=0AE6 r12=0402 r13=0000 r14=0000 r15=43F4
t=85.199418500 pc=00020914 fcw=D860 r0=010F r1=0103 r2=0000 r3=12F8 r4=3D06 r5=2FA2 r6=0000 r7=0000 r8=002F r9=0002 r10=D860 r11=0AE6 r12=0402 r13=0000 r14=0000 r15=43F4
t=85.199420250 pc=00020916 fcw=D860 r0=010F r1=0103 r2=0000 r3=12F8 r4=3D06 r5=2FA2 r6=0000 r7=0000 r8=002F r9=0002 r10=D860 r11=0AE6 r12=0402 r13=0000 r14=0000 r15=43F4
t=85.199423750 pc=0002091A fcw=D860 r0=010F r1=0103 r2=0000 r3=12F8 r4=3D06 r5=2FA2 r6=0000 r7=0000 r8=002F r9=0002 r10=D860 r11=0AE6 r12=0402 r13=0000 r14=0000 r15=43F4
t=85.199425750 pc=0002091C fcw=D860 r0=010F r1=0103 r2=0000 r3=12F8 r4=3D06 r5=2FA2 r6=0000 r7=0000 r8=002F r9=0002 r10=D860 r11=0AE6 r12=0402 r13=0000 r14=0000 r15=43F4
t=85.199427250 pc=0002091E fcw=D860 r0=0103 r1=010F r2=0000 r3=12F8 r4=3D06 r5=2FA2 r6=0000 r7=0000 r8=002F r9=0002 r10=D860 r11=0AE6 r12=0402 r13=0000 r14=0000 r15=43F4
t=85.199430000 pc=00020920 fcw=D860 r0=0103 r1=010F r2=0000 r3=12F8 r4=3D06 r5=2FA2 r6=0000 r7=0000 r8=002F r9=0002 r10=D860 r11=0AE6 r12=0402 r13=0000 r14=0000 r15=43F4
t=85.199431500 pc=00020912 fcw=D860 r0=0103 r1=010F r2=0000 r3=12F8 r4=3D06 r5=2FA2 r6=0000 r7=0000 r8=002F r9=0002 r10=D860 r11=0AE6 r12=0402 r13=0000 r14=0000 r15=43F4
t=85.199433250 pc=00020914 fcw=D860 r0=0103 r1=010F r2=0000 r3=12F8 r4=3D06 r5=2FA2 r6=0000 r7=0000 r8=002F r9=0002 r10=D860 r11=0AE6 r12=0402 r13=0000 r14=0000 r15=43F4
t=85.199435000 pc=00020916 fcw=D860 r0=0103 r1=010F r2=0000 r3=12F8 r4=3D06 r5=2FA2 r6=0000 r7=0000 r8=002F r9=0002 r10=D860 r11=0AE6 r12=0402 r13=0000 r14=0000 r15=43F4
t=85.199438500 pc=0002091A fcw=D860 r0=0103 r1=010F r2=0000 r3=12F8 r4=3D06 r5=2FA2 r6=0000 r7=0000 r8=002F r9=0002 r10=D860 r11=0AE6 r12=0402 r13=0000 r14=0000 r15=43F4
t=85.199440500 pc=0002091C fcw=D860 r0=0103 r1=010F r2=0000 r3=12F8 r4=3D06 r5=2FA2 r6=0000 r7=0000 r8=002F r9=0002 r10=D860 r11=0AE6 r12=0402 r13=0000 r14=0000 r15=43F4
t=85.199442000 pc=0002091E fcw=D860 r0=010F r1=0103 r2=0000 r3=12F8 r4=3D06 r5=2FA2 r6=0000 r7=0000 r8=002F r9=0002 r10=D860 r11=0AE6 r12=0402 r13=0000 r14=0000 r15=43F4
t=85.199444750 pc=00020920 fcw=D860 r0=010F r1=0103 r2=0000 r3=12F8 r4=3D06 r5=2FA2 r6=0000 r7=0000 r8=002F r9=0002 r10=D860 r11=0AE6 r12=0402 r13=0000 r14=0000 r15=43F4
t=85.199446250 pc=00020912 fcw=D860 r0=010F r1=0103 r2=0000 r3=12F8 r4=3D06 r5=2FA2 r6=0000 r7=0000 r8=002F r9=0002 r10=D860 r11=0AE6 r12=0402 r13=0000 r14=0000 r15=43F4
t=85.199448000 pc=00020914 fcw=D860 r0=010F r1=0103 r2=0000 r3=12F8 r4=3D06 r5=2FA2 r6=0000 r7=0000 r8=002F r9=0002 r10=D860 r11=0AE6 r12=0402 r13=0000 r14=0000 r15=43F4
t=85.199449750 pc=00020916 fcw=D860 r0=010F r1=0103 r2=0000 r3=12F8 r4=3D06 r5=2FA2 r6=0000 r7=0000 r8=002F r9=0002 r10=D860 r11=0AE6 r12=0402 r13=0000 r14=0000 r15=43F4
t=85.199453250 pc=0002091A fcw=D860 r0=010F r1=0103 r2=0000 r3=12F8 r4=3D06 r5=2FA2 r6=0000 r7=0000 r8=002F r9=0002 r10=D860 r11=0AE6 r12=0402 r13=0000 r14=0000 r15=43F4
t=85.199455250 pc=0002091C fcw=D860 r0=010F r1=0103 r2=0000 r3=12F8 r4=3D06 r5=2FA2 r6=0000 r7=0000 r8=002F r9=0002 r10=D860 r11=0AE6 r12=0402 r13=0000 r14=0000 r15=43F4
t=85.199456750 pc=0002091E fcw=D860 r0=0103 r1=010F r2=0000 r3=12F8 r4=3D06 r5=2FA2 r6=0000 r7=0000 r8=002F r9=0002 r10=D860 r11=0AE6 r12=0402 r13=0000 r14=0000 r15=43F4
t=85.199459500 pc=00020920 fcw=D860 r0=0103 r1=010F r2=0000 r3=12F8 r4=3D06 r5=2FA2 r6=0000 r7=0000 r8=002F r9=0002 r10=D860 r11=0AE6 r12=0402 r13=0000 r14=0000 r15=43F4
t=85.199461000 pc=00020912 fcw=D860 r0=0103 r1=010F r2=0000 r3=12F8 r4=3D06 r5=2FA2 r6=0000 r7=0000 r8=002F r9=0002 r10=D860 r11=0AE6 r12=0402 r13=0000 r14=0000 r15=43F4
t=85.199462750 pc=00020914 fcw=D860 r0=0103 r1=010F r2=0000 r3=12F8 r4=3D06 r5=2FA2 r6=0000 r7=0000 r8=002F r9=0002 r10=D860 r11=0AE6 r12=0402 r13=0000 r14=0000 r15=43F4
t=85.199464500 pc=00020916 fcw=D860 r0=0103 r1=010F r2=0000 r3=12F8 r4=3D06 r5=2FA2 r6=0000 r7=0000 r8=002F r9=0002 r10=D860 r11=0AE6 r12=0402 r13=0000 r14=0000 r15=43F4
t=85.199468000 pc=0002091A fcw=D860 r0=0103 r1=010F r2=0000 r3=12F8 r4=3D06 r5=2FA2 r6=0000 r7=0000 r8=002F r9=0002 r10=D860 r11=0AE6 r12=0402 r13=0000 r14=0000 r15=43F4
t=85.199470000 pc=0002091C fcw=D860 r0=0103 r1=010F r2=0000 r3=12F8 r4=3D06 r5=2FA2 r6=0000 r7=0000 r8=002F r9=0002 r10=D860 r11=0AE6 r12=0402 r13=0000 r14=0000 r15=43F4
t=85.199471500 pc=0002091E fcw=D860 r0=010F r1=0103 r2=0000 r3=12F8 r4=3D06 r5=2FA2 r6=0000 r7=0000 r8=002F r9=0002 r10=D860 r11=0AE6 r12=0402 r13=0000 r14=0000 r15=43F4
t=85.199474250 pc=00020920 fcw=D860 r0=010F r1=0103 r2=0000 r3=12F8 r4=3D06 r5=2FA2 r6=0000 r7=0000 r8=002F r9=0002 r10=D860 r11=0AE6 r12=0402 r13=0000 r14=0000 r15=43F4
t=85.199475750 pc=00020912 fcw=D860 r0=010F r1=0103 r2=0000 r3=12F8 r4=3D06 r5=2FA2 r6=0000 r7=0000 r8=002F r9=0002 r10=D860 r11=0AE6 r12=0402 r13=0000 r14=0000 r15=43F4
t=85.199477500 pc=00020914 fcw=D860 r0=010F r1=0103 r2=0000 r3=12F8 r4=3D06 r5=2FA2 r6=0000 r7=0000 r8=002F r9=0002 r10=D860 r11=0AE6 r12=0402 r13=0000 r14=0000 r15=43F4
t=85.199479250 pc=00020916 fcw=D860 r0=010F r1=0103 r2=0000 r3=12F8 r4=3D06 r5=2FA2 r6=0000 r7=0000 r8=002F r9=0002 r10=D860 r11=0AE6 r12=0402 r13=0000 r14=0000 r15=43F4
t=85.199482750 pc=0002091A fcw=D860 r0=010F r1=0103 r2=0000 r3=12F8 r4=3D06 r5=2FA2 r6=0000 r7=0000 r8=002F r9=0002 r10=D860 r11=0AE6 r12=0402 r13=0000 r14=0000 r15=43F4
t=85.199484750 pc=0002091C fcw=D860 r0=010F r1=0103 r2=0000 r3=12F8 r4=3D06 r5=2FA2 r6=0000 r7=0000 r8=002F r9=0002 r10=D860 r11=0AE6 r12=0402 r13=0000 r14=0000 r15=43F4
t=85.199486250 pc=0002091E fcw=D860 r0=0103 r1=010F r2=0000 r3=12F8 r4=3D06 r5=2FA2 r6=0000 r7=0000 r8=002F r9=0002 r10=D860 r11=0AE6 r12=0402 r13=0000 r14=0000 r15=43F4
t=85.199489000 pc=00020920 fcw=D860 r0=0103 r1=010F r2=0000 r3=12F8 r4=3D06 r5=2FA2 r6=0000 r7=0000 r8=002F r9=0002 r10=D860 r11=0AE6 r12=0402 r13=0000 r14=0000 r15=43F4
t=85.199490500 pc=00020912 fcw=D860 r0=0103 r1=010F r2=0000 r3=12F8 r4=3D06 r5=2FA2 r6=0000 r7=0000 r8=002F r9=0002 r10=D860 r11=0AE6 r12=0402 r13=0000 r14=0000 r15=43F4
t=85.199492250 pc=00020914 fcw=D860 r0=0103 r1=010F r2=0000 r3=12F8 r4=3D06 r5=2FA2 r6=0000 r7=0000 r8=002F r9=0002 r10=D860 r11=0AE6 r12=0402 r13=0000 r14=0000 r15=43F4
t=85.199494000 pc=00020916 fcw=D860 r0=0103 r1=010F r2=0000 r3=12F8 r4=3D06 r5=2FA2 r6=0000 r7=0000 r8=002F r9=0002 r10=D860 r11=0AE6 r12=0402 r13=0000 r14=0000 r15=43F4
t=85.199497500 pc=0002091A fcw=D860 r0=0103 r1=010F r2=0000 r3=12F8 r4=3D06 r5=2FA2 r6=0000 r7=0000 r8=002F r9=0002 r10=D860 r11=0AE6 r12=0402 r13=0000 r14=0000 r15=43F4
t=85.199499500 pc=0002091C fcw=D860 r0=0103 r1=010F r2=0000 r3=12F8 r4=3D06 r5=2FA2 r6=0000 r7=0000 r8=002F r9=0002 r10=D860 r11=0AE6 r12=0402 r13=0000 r14=0000 r15=43F4
t=85.199501000 pc=0002091E fcw=D860 r0=010F r1=0103 r2=0000 r3=12F8 r4=3D06 r5=2FA2 r6=0000 r7=0000 r8=002F r9=0002 r10=D860 r11=0AE6 r12=0402 r13=0000 r14=0000 r15=43F4
t=85.199503750 pc=00020920 fcw=D860 r0=010F r1=0103 r2=0000 r3=12F8 r4=3D06 r5=2FA2 r6=0000 r7=0000 r8=002F r9=0002 r10=D860 r11=0AE6 r12=0402 r13=0000 r14=0000 r15=43F4
t=85.199505250 pc=00020912 fcw=D860 r0=010F r1=0103 r2=0000 r3=12F8 r4=3D06 r5=2FA2 r6=0000 r7=0000 r8=002F r9=0002 r10=D860 r11=0AE6 r12=0402 r13=0000 r14=0000 r15=43F4
t=85.199507000 pc=00020914 fcw=D860 r0=010F r1=0103 r2=0000 r3=12F8 r4=3D06 r5=2FA2 r6=0000 r7=0000 r8=002F r9=0002 r10=D860 r11=0AE6 r12=0402 r13=0000 r14=0000 r15=43F4
t=85.199508750 pc=00020916 fcw=D860 r0=010F r1=0103 r2=0000 r3=12F8 r4=3D06 r5=2FA2 r6=0000 r7=0000 r8=002F r9=0002 r10=D860 r11=0AE6 r12=0402 r13=0000 r14=0000 r15=43F4
t=85.199512250 pc=0002091A fcw=D860 r0=010F r1=0103 r2=0000 r3=12F8 r4=3D06 r5=2FA2 r6=0000 r7=0000 r8=002F r9=0002 r10=D860 r11=0AE6 r12=0402 r13=0000 r14=0000 r15=43F4
t=85.199514250 pc=0002091C fcw=D860 r0=010F r1=0103 r2=0000 r3=12F8 r4=3D06 r5=2FA2 r6=0000 r7=0000 r8=002F r9=0002 r10=D860 r11=0AE6 r12=0402 r13=0000 r14=0000 r15=43F4
t=85.199515750 pc=0002091E fcw=D860 r0=0103 r1=010F r2=0000 r3=12F8 r4=3D06 r5=2FA2 r6=0000 r7=0000 r8=002F r9=0002 r10=D860 r11=0AE6 r12=0402 r13=0000 r14=0000 r15=43F4
t=85.199518500 pc=00020920 fcw=D860 r0=0103 r1=010F r2=0000 r3=12F8 r4=3D06 r5=2FA2 r6=0000 r7=0000 r8=002F r9=0002 r10=D860 r11=0AE6 r12=0402 r13=0000 r14=0000 r15=43F4
t=85.199520000 pc=00020912 fcw=D860 r0=0103 r1=010F r2=0000 r3=12F8 r4=3D06 r5=2FA2 r6=0000 r7=0000 r8=002F r9=0002 r10=D860 r11=0AE6 r12=0402 r13=0000 r14=0000 r15=43F4
t=85.199521750 pc=00020914 fcw=D860 r0=0103 r1=010F r2=0000 r3=12F8 r4=3D06 r5=2FA2 r6=0000 r7=0000 r8=002F r9=0002 r10=D860 r11=0AE6 r12=0402 r13=0000 r14=0000 r15=43F4
t=85.199523500 pc=00020916 fcw=D860 r0=0103 r1=010F r2=0000 r3=12F8 r4=3D06 r5=2FA2 r6=0000 r7=0000 r8=002F r9=0002 r10=D860 r11=0AE6 r12=0402 r13=0000 r14=0000 r15=43F4
t=85.199527000 pc=0002091A fcw=D860 r0=0103 r1=010F r2=0000 r3=12F8 r4=3D06 r5=2FA2 r6=0000 r7=0000 r8=002F r9=0002 r10=D860 r11=0AE6 r12=0402 r13=0000 r14=0000 r15=43F4
t=85.199529000 pc=0002091C fcw=D860 r0=0103 r1=010F r2=0000 r3=12F8 r4=3D06 r5=2FA2 r6=0000 r7=0000 r8=002F r9=0002 r10=D860 r11=0AE6 r12=0402 r13=0000 r14=0000 r15=43F4
t=85.199530500 pc=0002091E fcw=D860 r0=010F r1=0103 r2=0000 r3=12F8 r4=3D06 r5=2FA2 r6=0000 r7=0000 r8=002F r9=0002 r10=D860 r11=0AE6 r12=0402 r13=0000 r14=0000 r15=43F4
t=85.199533250 pc=00020920 fcw=D860 r0=010F r1=0103 r2=0000 r3=12F8 r4=3D06 r5=2FA2 r6=0000 r7=0000 r8=002F r9=0002 r10=D860 r11=0AE6 r12=0402 r13=0000 r14=0000 r15=43F4
t=85.199534750 pc=00020912 fcw=D860 r0=010F r1=0103 r2=0000 r3=12F8 r4=3D06 r5=2FA2 r6=0000 r7=0000 r8=002F r9=0002 r10=D860 r11=0AE6 r12=0402 r13=0000 r14=0000 r15=43F4
t=85.199536500 pc=00020914 fcw=D860 r0=010F r1=0103 r2=0000 r3=12F8 r4=3D06 r5=2FA2 r6=0000 r7=0000 r8=002F r9=0002 r10=D860 r11=0AE6 r12=0402 r13=0000 r14=0000 r15=43F4
t=85.199538250 pc=00020916 fcw=D860 r0=010F r1=0103 r2=0000 r3=12F8 r4=3D06 r5=2FA2 r6=0000 r7=0000 r8=002F r9=0002 r10=D860 r11=0AE6 r12=0402 r13=0000 r14=0000 r15=43F4
t=85.199541750 pc=0002091A fcw=D860 r0=010F r1=0103 r2=0000 r3=12F8 r4=3D06 r5=2FA2 r6=0000 r7=0000 r8=002F r9=0002 r10=D860 r11=0AE6 r12=0402 r13=0000 r14=0000 r15=43F4
t=85.199543750 pc=0002091C fcw=D860 r0=010F r1=0103 r2=0000 r3=12F8 r4=3D06 r5=2FA2 r6=0000 r7=0000 r8=002F r9=0002 r10=D860 r11=0AE6 r12=0402 r13=0000 r14=0000 r15=43F4
t=85.199545250 pc=0002091E fcw=D860 r0=0103 r1=010F r2=0000 r3=12F8 r4=3D06 r5=2FA2 r6=0000 r7=0000 r8=002F r9=0002 r10=D860 r11=0AE6 r12=0402 r13=0000 r14=0000 r15=43F4
t=85.199548000 pc=00020920 fcw=D860 r0=0103 r1=010F r2=0000 r3=12F8 r4=3D06 r5=2FA2 r6=0000 r7=0000 r8=002F r9=0002 r10=D860 r11=0AE6 r12=0402 r13=0000 r14=0000 r15=43F4
t=85.199549500 pc=00020912 fcw=D860 r0=0103 r1=010F r2=0000 r3=12F8 r4=3D06 r5=2FA2 r6=0000 r7=0000 r8=002F r9=0002 r10=D860 r11=0AE6 r12=0402 r13=0000 r14=0000 r15=43F4
t=85.199551250 pc=00020914 fcw=D860 r0=0103 r1=010F r2=0000 r3=12F8 r4=3D06 r5=2FA2 r6=0000 r7=0000 r8=002F r9=0002 r10=D860 r11=0AE6 r12=0402 r13=0000 r14=0000 r15=43F4
t=85.199553000 pc=00020916 fcw=D860 r0=0103 r1=010F r2=0000 r3=12F8 r4=3D06 r5=2FA2 r6=0000 r7=0000 r8=002F r9=0002 r10=D860 r11=0AE6 r12=0402 r13=0000 r14=0000 r15=43F4
t=85.199556500 pc=0002091A fcw=D860 r0=0103 r1=010F r2=0000 r3=12F8 r4=3D06 r5=2FA2 r6=0000 r7=0000 r8=002F r9=0002 r10=D860 r11=0AE6 r12=0402 r13=0000 r14=0000 r15=43F4
t=85.199558500 pc=0002091C fcw=D860 r0=0103 r1=010F r2=0000 r3=12F8 r4=3D06 r5=2FA2 r6=0000 r7=0000 r8=002F r9=0002 r10=D860 r11=0AE6 r12=0402 r13=0000 r14=0000 r15=43F4
t=85.199560000 pc=0002091E fcw=D860 r0=010F r1=0103 r2=0000 r3=12F8 r4=3D06 r5=2FA2 r6=0000 r7=0000 r8=002F r9=0002 r10=D860 r11=0AE6 r12=0402 r13=0000 r14=0000 r15=43F4
t=85.199562750 pc=00020920 fcw=D860 r0=010F r1=0103 r2=0000 r3=12F8 r4=3D06 r5=2FA2 r6=0000 r7=0000 r8=002F r9=0002 r10=D860 r11=0AE6 r12=0402 r13=0000 r14=0000 r15=43F4
t=85.199564250 pc=00020912 fcw=D860 r0=010F r1=0103 r2=0000 r3=12F8 r4=3D06 r5=2FA2 r6=0000 r7=0000 r8=002F r9=0002 r10=D860 r11=0AE6 r12=0402 r13=0000 r14=0000 r15=43F4
t=85.199566000 pc=00020914 fcw=D860 r0=010F r1=0103 r2=0000 r3=12F8 r4=3D06 r5=2FA2 r6=0000 r7=0000 r8=002F r9=0002 r10=D860 r11=0AE6 r12=0402 r13=0000 r14=0000 r15=43F4
t=85.199567750 pc=00020916 fcw=D860 r0=010F r1=0103 r2=0000 r3=12F8 r4=3D06 r5=2FA2 r6=0000 r7=0000 r8=002F r9=0002 r10=D860 r11=0AE6 r12=0402 r13=0000 r14=0000 r15=43F4
t=85.199571250 pc=0002091A fcw=D860 r0=010F r1=0103 r2=0000 r3=12F8 r4=3D06 r5=2FA2 r6=0000 r7=0000 r8=002F r9=0002 r10=D860 r11=0AE6 r12=0402 r13=0000 r14=0000 r15=43F4
t=85.199573250 pc=0002091C fcw=D860 r0=010F r1=0103 r2=0000 r3=12F8 r4=3D06 r5=2FA2 r6=0000 r7=0000 r8=002F r9=0002 r10=D860 r11=0AE6 r12=0402 r13=0000 r14=0000 r15=43F4
t=85.199574750 pc=0002091E fcw=D860 r0=0103 r1=010F r2=0000 r3=12F8 r4=3D06 r5=2FA2 r6=0000 r7=0000 r8=002F r9=0002 r10=D860 r11=0AE6 r12=0402 r13=0000 r14=0000 r15=43F4
t=85.199577500 pc=00020920 fcw=D860 r0=0103 r1=010F r2=0000 r3=12F8 r4=3D06 r5=2FA2 r6=0000 r7=0000 r8=002F r9=0002 r10=D860 r11=0AE6 r12=0402 r13=0000 r14=0000 r15=43F4
t=85.199579000 pc=00020912 fcw=D860 r0=0103 r1=010F r2=0000 r3=12F8 r4=3D06 r5=2FA2 r6=0000 r7=0000 r8=002F r9=0002 r10=D860 r11=0AE6 r12=0402 r13=0000 r14=0000 r15=43F4
t=85.199580750 pc=00020914 fcw=D860 r0=0103 r1=010F r2=0000 r3=12F8 r4=3D06 r5=2FA2 r6=0000 r7=0000 r8=002F r9=0002 r10=D860 r11=0AE6 r12=0402 r13=0000 r14=0000 r15=43F4
t=85.199582500 pc=00020916 fcw=D860 r0=0103 r1=010F r2=0000 r3=12F8 r4=3D06 r5=2FA2 r6=0000 r7=0000 r8=002F r9=0002 r10=D860 r11=0AE6 r12=0402 r13=0000 r14=0000 r15=43F4
t=85.199586000 pc=0002091A fcw=D860 r0=0103 r1=010F r2=0000 r3=12F8 r4=3D06 r5=2FA2 r6=0000 r7=0000 r8=002F r9=0002 r10=D860 r11=0AE6 r12=0402 r13=0000 r14=0000 r15=43F4
t=85.199588000 pc=0002091C fcw=D860 r0=0103 r1=010F r2=0000 r3=12F8 r4=3D06 r5=2FA2 r6=0000 r7=0000 r8=002F r9=0002 r10=D860 r11=0AE6 r12=0402 r13=0000 r14=0000 r15=43F4
t=85.199589500 pc=0002091E fcw=D860 r0=010F r1=0103 r2=0000 r3=12F8 r4=3D06 r5=2FA2 r6=0000 r7=0000 r8=002F r9=0002 r10=D860 r11=0AE6 r12=0402 r13=0000 r14=0000 r15=43F4
t=85.199592250 pc=00020920 fcw=D860 r0=010F r1=0103 r2=0000 r3=12F8 r4=3D06 r5=2FA2 r6=0000 r7=0000 r8=002F r9=0002 r10=D860 r11=0AE6 r12=0402 r13=0000 r14=0000 r15=43F4
t=85.199593750 pc=00020912 fcw=D860 r0=010F r1=0103 r2=0000 r3=12F8 r4=3D06 r5=2FA2 r6=0000 r7=0000 r8=002F r9=0002 r10=D860 r11=0AE6 r12=0402 r13=0000 r14=0000 r15=43F4
t=85.199595500 pc=00020914 fcw=D860 r0=010F r1=0103 r2=0000 r3=12F8 r4=3D06 r5=2FA2 r6=0000 r7=0000 r8=002F r9=0002 r10=D860 r11=0AE6 r12=0402 r13=0000 r14=0000 r15=43F4
t=85.199597250 pc=00020916 fcw=D860 r0=010F r1=0103 r2=0000 r3=12F8 r4=3D06 r5=2FA2 r6=0000 r7=0000 r8=002F r9=0002 r10=D860 r11=0AE6 r12=0402 r13=0000 r14=0000 r15=43F4
t=85.199600750 pc=0002091A fcw=D860 r0=010F r1=0103 r2=0000 r3=12F8 r4=3D06 r5=2FA2 r6=0000 r7=0000 r8=002F r9=0002 r10=D860 r11=0AE6 r12=0402 r13=0000 r14=0000 r15=43F4
t=85.199602750 pc=0002091C fcw=D860 r0=010F r1=0103 r2=0000 r3=12F8 r4=3D06 r5=2FA2 r6=0000 r7=0000 r8=002F r9=0002 r10=D860 r11=0AE6 r12=0402 r13=0000 r14=0000 r15=43F4
t=85.199604250 pc=0002091E fcw=D860 r0=0103 r1=010F r2=0000 r3=12F8 r4=3D06 r5=2FA2 r6=0000 r7=0000 r8=002F r9=0002 r10=D860 r11=0AE6 r12=0402 r13=0000 r14=0000 r15=43F4
t=85.199607000 pc=00020920 fcw=D860 r0=0103 r1=010F r2=0000 r3=12F8 r4=3D06 r5=2FA2 r6=0000 r7=0000 r8=002F r9=0002 r10=D860 r11=0AE6 r12=0402 r13=0000 r14=0000 r15=43F4
t=85.199608500 pc=00020912 fcw=D860 r0=0103 r1=010F r2=0000 r3=12F8 r4=3D06 r5=2FA2 r6=0000 r7=0000 r8=002F r9=0002 r10=D860 r11=0AE6 r12=0402 r13=0000 r14=0000 r15=43F4
t=85.199610250 pc=00020914 fcw=D860 r0=0103 r1=010F r2=0000 r3=12F8 r4=3D06 r5=2FA2 r6=0000 r7=0000 r8=002F r9=0002 r10=D860 r11=0AE6 r12=0402 r13=0000 r14=0000 r15=43F4
t=85.199612000 pc=00020916 fcw=D860 r0=0103 r1=010F r2=0000 r3=12F8 r4=3D06 r5=2FA2 r6=0000 r7=0000 r8=002F r9=0002 r10=D860 r11=0AE6 r12=0402 r13=0000 r14=0000 r15=43F4
t=85.199615500 pc=0002091A fcw=D860 r0=0103 r1=010F r2=0000 r3=12F8 r4=3D06 r5=2FA2 r6=0000 r7=0000 r8=002F r9=0002 r10=D860 r11=0AE6 r12=0402 r13=0000 r14=0000 r15=43F4
t=85.199617500 pc=0002091C fcw=D860 r0=0103 r1=010F r2=0000 r3=12F8 r4=3D06 r5=2FA2 r6=0000 r7=0000 r8=002F r9=0002 r10=D860 r11=0AE6 r12=0402 r13=0000 r14=0000 r15=43F4
t=85.199619000 pc=0002091E fcw=D860 r0=010F r1=0103 r2=0000 r3=12F8 r4=3D06 r5=2FA2 r6=0000 r7=0000 r8=002F r9=0002 r10=D860 r11=0AE6 r12=0402 r13=0000 r14=0000 r15=43F4
t=85.199621750 pc=00020920 fcw=D860 r0=010F r1=0103 r2=0000 r3=12F8 r4=3D06 r5=2FA2 r6=0000 r7=0000 r8=002F r9=0002 r10=D860 r11=0AE6 r12=0402 r13=0000 r14=0000 r15=43F4
t=85.199623250 pc=00020912 fcw=D860 r0=010F r1=0103 r2=0000 r3=12F8 r4=3D06 r5=2FA2 r6=0000 r7=0000 r8=002F r9=0002 r10=D860 r11=0AE6 r12=0402 r13=0000 r14=0000 r15=43F4
t=85.199625000 pc=00020914 fcw=D860 r0=010F r1=0103 r2=0000 r3=12F8 r4=3D06 r5=2FA2 r6=0000 r7=0000 r8=002F r9=0002 r10=D860 r11=0AE6 r12=0402 r13=0000 r14=0000 r15=43F4
t=85.199626750 pc=00020916 fcw=D860 r0=010F r1=0103 r2=0000 r3=12F8 r4=3D06 r5=2FA2 r6=0000 r7=0000 r8=002F r9=0002 r10=D860 r11=0AE6 r12=0402 r13=0000 r14=0000 r15=43F4
t=85.199630250 pc=0002091A fcw=D860 r0=010F r1=0103 r2=0000 r3=12F8 r4=3D06 r5=2FA2 r6=0000 r7=0000 r8=002F r9=0002 r10=D860 r11=0AE6 r12=0402 r13=0000 r14=0000 r15=43F4
t=85.199632250 pc=0002091C fcw=D860 r0=010F r1=0103 r2=0000 r3=12F8 r4=3D06 r5=2FA2 r6=0000 r7=0000 r8=002F r9=0002 r10=D860 r11=0AE6 r12=0402 r13=0000 r14=0000 r15=43F4
t=85.199633750 pc=0002091E fcw=D860 r0=0103 r1=010F r2=0000 r3=12F8 r4=3D06 r5=2FA2 r6=0000 r7=0000 r8=002F r9=0002 r10=D860 r11=0AE6 r12=0402 r13=0000 r14=0000 r15=43F4
t=85.199636500 pc=00020920 fcw=D860 r0=0103 r1=010F r2=0000 r3=12F8 r4=3D06 r5=2FA2 r6=0000 r7=0000 r8=002F r9=0002 r10=D860 r11=0AE6 r12=0402 r13=0000 r14=0000 r15=43F4
t=85.199638000 pc=00020912 fcw=D860 r0=0103 r1=010F r2=0000 r3=12F8 r4=3D06 r5=2FA2 r6=0000 r7=0000 r8=002F r9=0002 r10=D860 r11=0AE6 r12=0402 r13=0000 r14=0000 r15=43F4
t=85.199639750 pc=00020914 fcw=D860 r0=0103 r1=010F r2=0000 r3=12F8 r4=3D06 r5=2FA2 r6=0000 r7=0000 r8=002F r9=0002 r10=D860 r11=0AE6 r12=0402 r13=0000 r14=0000 r15=43F4
t=85.199641500 pc=00020916 fcw=D860 r0=0103 r1=010F r2=0000 r3=12F8 r4=3D06 r5=2FA2 r6=0000 r7=0000 r8=002F r9=0002 r10=D860 r11=0AE6 r12=0402 r13=0000 r14=0000 r15=43F4
t=85.199645000 pc=0002091A fcw=D860 r0=0103 r1=010F r2=0000 r3=12F8 r4=3D06 r5=2FA2 r6=0000 r7=0000 r8=002F r9=0002 r10=D860 r11=0AE6 r12=0402 r13=0000 r14=0000 r15=43F4
t=85.199647000 pc=0002091C fcw=D860 r0=0103 r1=010F r2=0000 r3=12F8 r4=3D06 r5=2FA2 r6=0000 r7=0000 r8=002F r9=0002 r10=D860 r11=0AE6 r12=0402 r13=0000 r14=0000 r15=43F4
t=85.199648500 pc=0002091E fcw=D860 r0=010F r1=0103 r2=0000 r3=12F8 r4=3D06 r5=2FA2 r6=0000 r7=0000 r8=002F r9=0002 r10=D860 r11=0AE6 r12=0402 r13=0000 r14=0000 r15=43F4
t=85.199651250 pc=00020920 fcw=D860 r0=010F r1=0103 r2=0000 r3=12F8 r4=3D06 r5=2FA2 r6=0000 r7=0000 r8=002F r9=0002 r10=D860 r11=0AE6 r12=0402 r13=0000 r14=0000 r15=43F4
t=85.199652750 pc=00020912 fcw=D860 r0=010F r1=0103 r2=0000 r3=12F8 r4=3D06 r5=2FA2 r6=0000 r7=0000 r8=002F r9=0002 r10=D860 r11=0AE6 r12=0402 r13=0000 r14=0000 r15=43F4
t=85.199654500 pc=00020914 fcw=D860 r0=010F r1=0103 r2=0000 r3=12F8 r4=3D06 r5=2FA2 r6=0000 r7=0000 r8=002F r9=0002 r10=D860 r11=0AE6 r12=0402 r13=0000 r14=0000 r15=43F4
t=85.199656250 pc=00020916 fcw=D860 r0=010F r1=0103 r2=0000 r3=12F8 r4=3D06 r5=2FA2 r6=0000 r7=0000 r8=002F r9=0002 r10=D860 r11=0AE6 r12=0402 r13=0000 r14=0000 r15=43F4
t=85.199659750 pc=0002091A fcw=D860 r0=010F r1=0103 r2=0000 r3=12F8 r4=3D06 r5=2FA2 r6=0000 r7=0000 r8=002F r9=0002 r10=D860 r11=0AE6 r12=0402 r13=0000 r14=0000 r15=43F4
t=85.199661750 pc=0002091C fcw=D860 r0=010F r1=0103 r2=0000 r3=12F8 r4=3D06 r5=2FA2 r6=0000 r7=0000 r8=002F r9=0002 r10=D860 r11=0AE6 r12=0402 r13=0000 r14=0000 r15=43F4
t=85.199663250 pc=0002091E fcw=D860 r0=0103 r1=010F r2=0000 r3=12F8 r4=3D06 r5=2FA2 r6=0000 r7=0000 r8=002F r9=0002 r10=D860 r11=0AE6 r12=0402 r13=0000 r14=0000 r15=43F4
t=85.199666000 pc=00020920 fcw=D860 r0=0103 r1=010F r2=0000 r3=12F8 r4=3D06 r5=2FA2 r6=0000 r7=0000 r8=002F r9=0002 r10=D860 r11=0AE6 r12=0402 r13=0000 r14=0000 r15=43F4
t=85.199667500 pc=00020912 fcw=D860 r0=0103 r1=010F r2=0000 r3=12F8 r4=3D06 r5=2FA2 r6=0000 r7=0000 r8=002F r9=0002 r10=D860 r11=0AE6 r12=0402 r13=0000 r14=0000 r15=43F4
t=85.199669250 pc=00020914 fcw=D860 r0=0103 r1=010F r2=0000 r3=12F8 r4=3D06 r5=2FA2 r6=0000 r7=0000 r8=002F r9=0002 r10=D860 r11=0AE6 r12=0402 r13=0000 r14=0000 r15=43F4
t=85.199671000 pc=00020916 fcw=D860 r0=0103 r1=010F r2=0000 r3=12F8 r4=3D06 r5=2FA2 r6=0000 r7=0000 r8=002F r9=0002 r10=D860 r11=0AE6 r12=0402 r13=0000 r14=0000 r15=43F4
t=85.199674500 pc=0002091A fcw=D860 r0=0103 r1=010F r2=0000 r3=12F8 r4=3D06 r5=2FA2 r6=0000 r7=0000 r8=002F r9=0002 r10=D860 r11=0AE6 r12=0402 r13=0000 r14=0000 r15=43F4
t=85.199676500 pc=0002091C fcw=D860 r0=0103 r1=010F r2=0000 r3=12F8 r4=3D06 r5=2FA2 r6=0000 r7=0000 r8=002F r9=0002 r10=D860 r11=0AE6 r12=0402 r13=0000 r14=0000 r15=43F4
t=85.199678000 pc=0002091E fcw=D860 r0=010F r1=0103 r2=0000 r3=12F8 r4=3D06 r5=2FA2 r6=0000 r7=0000 r8=002F r9=0002 r10=D860 r11=0AE6 r12=0402 r13=0000 r14=0000 r15=43F4
t=85.199680750 pc=00020920 fcw=D860 r0=010F r1=0103 r2=0000 r3=12F8 r4=3D06 r5=2FA2 r6=0000 r7=0000 r8=002F r9=0002 r10=D860 r11=0AE6 r12=0402 r13=0000 r14=0000 r15=43F4
t=85.199682250 pc=00020912 fcw=D860 r0=010F r1=0103 r2=0000 r3=12F8 r4=3D06 r5=2FA2 r6=0000 r7=0000 r8=002F r9=0002 r10=D860 r11=0AE6 r12=0402 r13=0000 r14=0000 r15=43F4
t=85.199684000 pc=00020914 fcw=D860 r0=010F r1=0103 r2=0000 r3=12F8 r4=3D06 r5=2FA2 r6=0000 r7=0000 r8=002F r9=0002 r10=D860 r11=0AE6 r12=0402 r13=0000 r14=0000 r15=43F4
t=85.199685750 pc=00020916 fcw=D860 r0=010F r1=0103 r2=0000 r3=12F8 r4=3D06 r5=2FA2 r6=0000 r7=0000 r8=002F r9=0002 r10=D860 r11=0AE6 r12=0402 r13=0000 r14=0000 r15=43F4
t=85.199689250 pc=0002091A fcw=D860 r0=010F r1=0103 r2=0000 r3=12F8 r4=3D06 r5=2FA2 r6=0000 r7=0000 r8=002F r9=0002 r10=D860 r11=0AE6 r12=0402 r13=0000 r14=0000 r15=43F4
t=85.199691250 pc=0002091C fcw=D860 r0=010F r1=0103 r2=0000 r3=12F8 r4=3D06 r5=2FA2 r6=0000 r7=0000 r8=002F r9=0002 r10=D860 r11=0AE6 r12=0402 r13=0000 r14=0000 r15=43F4
t=85.199692750 pc=0002091E fcw=D860 r0=0103 r1=010F r2=0000 r3=12F8 r4=3D06 r5=2FA2 r6=0000 r7=0000 r8=002F r9=0002 r10=D860 r11=0AE6 r12=0402 r13=0000 r14=0000 r15=43F4
t=85.199695500 pc=00020920 fcw=D860 r0=0103 r1=010F r2=0000 r3=12F8 r4=3D06 r5=2FA2 r6=0000 r7=0000 r8=002F r9=0002 r10=D860 r11=0AE6 r12=0402 r13=0000 r14=0000 r15=43F4
t=85.199697000 pc=00020912 fcw=D860 r0=0103 r1=010F r2=0000 r3=12F8 r4=3D06 r5=2FA2 r6=0000 r7=0000 r8=002F r9=0002 r10=D860 r11=0AE6 r12=0402 r13=0000 r14=0000 r15=43F4
t=85.199698750 pc=00020914 fcw=D860 r0=0103 r1=010F r2=0000 r3=12F8 r4=3D06 r5=2FA2 r6=0000 r7=0000 r8=002F r9=0002 r10=D860 r11=0AE6 r12=0402 r13=0000 r14=0000 r15=43F4
t=85.199700500 pc=00020916 fcw=D860 r0=0103 r1=010F r2=0000 r3=12F8 r4=3D06 r5=2FA2 r6=0000 r7=0000 r8=002F r9=0002 r10=D860 r11=0AE6 r12=0402 r13=0000 r14=0000 r15=43F4
t=85.199704000 pc=0002091A fcw=D860 r0=0103 r1=010F r2=0000 r3=12F8 r4=3D06 r5=2FA2 r6=0000 r7=0000 r8=002F r9=0002 r10=D860 r11=0AE6 r12=0402 r13=0000 r14=0000 r15=43F4
t=85.199706000 pc=0002091C fcw=D860 r0=0103 r1=010F r2=0000 r3=12F8 r4=3D06 r5=2FA2 r6=0000 r7=0000 r8=002F r9=0002 r10=D860 r11=0AE6 r12=0402 r13=0000 r14=0000 r15=43F4
t=85.199707500 pc=0002091E fcw=D860 r0=010F r1=0103 r2=0000 r3=12F8 r4=3D06 r5=2FA2 r6=0000 r7=0000 r8=002F r9=0002 r10=D860 r11=0AE6 r12=0402 r13=0000 r14=0000 r15=43F4
t=85.199710250 pc=00020920 fcw=D860 r0=010F r1=0103 r2=0000 r3=12F8 r4=3D06 r5=2FA2 r6=0000 r7=0000 r8=002F r9=0002 r10=D860 r11=0AE6 r12=0402 r13=0000 r14=0000 r15=43F4
t=85.199711750 pc=00020912 fcw=D860 r0=010F r1=0103 r2=0000 r3=12F8 r4=3D06 r5=2FA2 r6=0000 r7=0000 r8=002F r9=0002 r10=D860 r11=0AE6 r12=0402 r13=0000 r14=0000 r15=43F4
t=85.199713500 pc=00020914 fcw=D860 r0=010F r1=0103 r2=0000 r3=12F8 r4=3D06 r5=2FA2 r6=0000 r7=0000 r8=002F r9=0002 r10=D860 r11=0AE6 r12=0402 r13=0000 r14=0000 r15=43F4
t=85.199715250 pc=00020916 fcw=D860 r0=010F r1=0103 r2=0000 r3=12F8 r4=3D06 r5=2FA2 r6=0000 r7=0000 r8=002F r9=0002 r10=D860 r11=0AE6 r12=0402 r13=0000 r14=0000 r15=43F4
t=85.199718750 pc=0002091A fcw=D860 r0=010F r1=0103 r2=0000 r3=12F8 r4=3D06 r5=2FA2 r6=0000 r7=0000 r8=002F r9=0002 r10=D860 r11=0AE6 r12=0402 r13=0000 r14=0000 r15=43F4
t=85.199720750 pc=0002091C fcw=D860 r0=010F r1=0103 r2=0000 r3=12F8 r4=3D06 r5=2FA2 r6=0000 r7=0000 r8=002F r9=0002 r10=D860 r11=0AE6 r12=0402 r13=0000 r14=0000 r15=43F4
t=85.199722250 pc=0002091E fcw=D860 r0=0103 r1=010F r2=0000 r3=12F8 r4=3D06 r5=2FA2 r6=0000 r7=0000 r8=002F r9=0002 r10=D860 r11=0AE6 r12=0402 r13=0000 r14=0000 r15=43F4
t=85.199725000 pc=00020920 fcw=D860 r0=0103 r1=010F r2=0000 r3=12F8 r4=3D06 r5=2FA2 r6=0000 r7=0000 r8=002F r9=0002 r10=D860 r11=0AE6 r12=0402 r13=0000 r14=0000 r15=43F4
t=85.199726500 pc=00020912 fcw=D860 r0=0103 r1=010F r2=0000 r3=12F8 r4=3D06 r5=2FA2 r6=0000 r7=0000 r8=002F r9=0002 r10=D860 r11=0AE6 r12=0402 r13=0000 r14=0000 r15=43F4
t=85.199728250 pc=00020914 fcw=D860 r0=0103 r1=010F r2=0000 r3=12F8 r4=3D06 r5=2FA2 r6=0000 r7=0000 r8=002F r9=0002 r10=D860 r11=0AE6 r12=0402 r13=0000 r14=0000 r15=43F4
t=85.199730000 pc=00020916 fcw=D860 r0=0103 r1=010F r2=0000 r3=12F8 r4=3D06 r5=2FA2 r6=0000 r7=0000 r8=002F r9=0002 r10=D860 r11=0AE6 r12=0402 r13=0000 r14=0000 r15=43F4
t=85.199733500 pc=0002091A fcw=D860 r0=0103 r1=010F r2=0000 r3=12F8 r4=3D06 r5=2FA2 r6=0000 r7=0000 r8=002F r9=0002 r10=D860 r11=0AE6 r12=0402 r13=0000 r14=0000 r15=43F4
t=85.199735500 pc=0002091C fcw=D860 r0=0103 r1=010F r2=0000 r3=12F8 r4=3D06 r5=2FA2 r6=0000 r7=0000 r8=002F r9=0002 r10=D860 r11=0AE6 r12=0402 r13=0000 r14=0000 r15=43F4
t=85.199737000 pc=0002091E fcw=D860 r0=010F r1=0103 r2=0000 r3=12F8 r4=3D06 r5=2FA2 r6=0000 r7=0000 r8=002F r9=0002 r10=D860 r11=0AE6 r12=0402 r13=0000 r14=0000 r15=43F4
t=85.199739750 pc=00020920 fcw=D860 r0=010F r1=0103 r2=0000 r3=12F8 r4=3D06 r5=2FA2 r6=0000 r7=0000 r8=002F r9=0002 r10=D860 r11=0AE6 r12=0402 r13=0000 r14=0000 r15=43F4
t=85.199741250 pc=00020912 fcw=D860 r0=010F r1=0103 r2=0000 r3=12F8 r4=3D06 r5=2FA2 r6=0000 r7=0000 r8=002F r9=0002 r10=D860 r11=0AE6 r12=0402 r13=0000 r14=0000 r15=43F4
t=85.199743000 pc=00020914 fcw=D860 r0=010F r1=0103 r2=0000 r3=12F8 r4=3D06 r5=2FA2 r6=0000 r7=0000 r8=002F r9=0002 r10=D860 r11=0AE6 r12=0402 r13=0000 r14=0000 r15=43F4
t=85.199744750 pc=00020916 fcw=D860 r0=010F r1=0103 r2=0000 r3=12F8 r4=3D06 r5=2FA2 r6=0000 r7=0000 r8=002F r9=0002 r10=D860 r11=0AE6 r12=0402 r13=0000 r14=0000 r15=43F4
t=85.199748250 pc=0002091A fcw=D860 r0=010F r1=0103 r2=0000 r3=12F8 r4=3D06 r5=2FA2 r6=0000 r7=0000 r8=002F r9=0002 r10=D860 r11=0AE6 r12=0402 r13=0000 r14=0000 r15=43F4
t=85.199750250 pc=0002091C fcw=D860 r0=010F r1=0103 r2=0000 r3=12F8 r4=3D06 r5=2FA2 r6=0000 r7=0000 r8=002F r9=0002 r10=D860 r11=0AE6 r12=0402 r13=0000 r14=0000 r15=43F4
t=85.199751750 pc=0002091E fcw=D860 r0=0103 r1=010F r2=0000 r3=12F8 r4=3D06 r5=2FA2 r6=0000 r7=0000 r8=002F r9=0002 r10=D860 r11=0AE6 r12=0402 r13=0000 r14=0000 r15=43F4
t=85.199754500 pc=00020920 fcw=D860 r0=0103 r1=010F r2=0000 r3=12F8 r4=3D06 r5=2FA2 r6=0000 r7=0000 r8=002F r9=0002 r10=D860 r11=0AE6 r12=0402 r13=0000 r14=0000 r15=43F4
t=85.199756000 pc=00020912 fcw=D860 r0=0103 r1=010F r2=0000 r3=12F8 r4=3D06 r5=2FA2 r6=0000 r7=0000 r8=002F r9=0002 r10=D860 r11=0AE6 r12=0402 r13=0000 r14=0000 r15=43F4
t=85.199757750 pc=00020914 fcw=D860 r0=0103 r1=010F r2=0000 r3=12F8 r4=3D06 r5=2FA2 r6=0000 r7=0000 r8=002F r9=0002 r10=D860 r11=0AE6 r12=0402 r13=0000 r14=0000 r15=43F4
t=85.199759500 pc=00020916 fcw=D860 r0=0103 r1=010F r2=0000 r3=12F8 r4=3D06 r5=2FA2 r6=0000 r7=0000 r8=002F r9=0002 r10=D860 r11=0AE6 r12=0402 r13=0000 r14=0000 r15=43F4
t=85.199763000 pc=0002091A fcw=D860 r0=0103 r1=010F r2=0000 r3=12F8 r4=3D06 r5=2FA2 r6=0000 r7=0000 r8=002F r9=0002 r10=D860 r11=0AE6 r12=0402 r13=0000 r14=0000 r15=43F4
t=85.199765000 pc=0002091C fcw=D860 r0=0103 r1=010F r2=0000 r3=12F8 r4=3D06 r5=2FA2 r6=0000 r7=0000 r8=002F r9=0002 r10=D860 r11=0AE6 r12=0402 r13=0000 r14=0000 r15=43F4
t=85.199766500 pc=0002091E fcw=D860 r0=010F r1=0103 r2=0000 r3=12F8 r4=3D06 r5=2FA2 r6=0000 r7=0000 r8=002F r9=0002 r10=D860 r11=0AE6 r12=0402 r13=0000 r14=0000 r15=43F4
t=85.199769250 pc=00020920 fcw=D860 r0=010F r1=0103 r2=0000 r3=12F8 r4=3D06 r5=2FA2 r6=0000 r7=0000 r8=002F r9=0002 r10=D860 r11=0AE6 r12=0402 r13=0000 r14=0000 r15=43F4
t=85.199770750 pc=00020912 fcw=D860 r0=010F r1=0103 r2=0000 r3=12F8 r4=3D06 r5=2FA2 r6=0000 r7=0000 r8=002F r9=0002 r10=D860 r11=0AE6 r12=0402 r13=0000 r14=0000 r15=43F4
t=85.199772500 pc=00020914 fcw=D860 r0=010F r1=0103 r2=0000 r3=12F8 r4=3D06 r5=2FA2 r6=0000 r7=0000 r8=002F r9=0002 r10=D860 r11=0AE6 r12=0402 r13=0000 r14=0000 r15=43F4
t=85.199774250 pc=00020916 fcw=D860 r0=010F r1=0103 r2=0000 r3=12F8 r4=3D06 r5=2FA2 r6=0000 r7=0000 r8=002F r9=0002 r10=D860 r11=0AE6 r12=0402 r13=0000 r14=0000 r15=43F4
t=85.199777750 pc=0002091A fcw=D860 r0=010F r1=0103 r2=0000 r3=12F8 r4=3D06 r5=2FA2 r6=0000 r7=0000 r8=002F r9=0002 r10=D860 r11=0AE6 r12=0402 r13=0000 r14=0000 r15=43F4
t=85.199779750 pc=0002091C fcw=D860 r0=010F r1=0103 r2=0000 r3=12F8 r4=3D06 r5=2FA2 r6=0000 r7=0000 r8=002F r9=0002 r10=D860 r11=0AE6 r12=0402 r13=0000 r14=0000 r15=43F4
t=85.199781250 pc=0002091E fcw=D860 r0=0103 r1=010F r2=0000 r3=12F8 r4=3D06 r5=2FA2 r6=0000 r7=0000 r8=002F r9=0002 r10=D860 r11=0AE6 r12=0402 r13=0000 r14=0000 r15=43F4
t=85.199784000 pc=00020920 fcw=D860 r0=0103 r1=010F r2=0000 r3=12F8 r4=3D06 r5=2FA2 r6=0000 r7=0000 r8=002F r9=0002 r10=D860 r11=0AE6 r12=0402 r13=0000 r14=0000 r15=43F4
t=85.199785500 pc=00020912 fcw=D860 r0=0103 r1=010F r2=0000 r3=12F8 r4=3D06 r5=2FA2 r6=0000 r7=0000 r8=002F r9=0002 r10=D860 r11=0AE6 r12=0402 r13=0000 r14=0000 r15=43F4
t=85.199787250 pc=00020914 fcw=D860 r0=0103 r1=010F r2=0000 r3=12F8 r4=3D06 r5=2FA2 r6=0000 r7=0000 r8=002F r9=0002 r10=D860 r11=0AE6 r12=0402 r13=0000 r14=0000 r15=43F4
t=85.199789000 pc=00020916 fcw=D860 r0=0103 r1=010F r2=0000 r3=12F8 r4=3D06 r5=2FA2 r6=0000 r7=0000 r8=002F r9=0002 r10=D860 r11=0AE6 r12=0402 r13=0000 r14=0000 r15=43F4
t=85.199792500 pc=0002091A fcw=D860 r0=0103 r1=010F r2=0000 r3=12F8 r4=3D06 r5=2FA2 r6=0000 r7=0000 r8=002F r9=0002 r10=D860 r11=0AE6 r12=0402 r13=0000 r14=0000 r15=43F4
t=85.199794500 pc=0002091C fcw=D860 r0=0103 r1=010F r2=0000 r3=12F8 r4=3D06 r5=2FA2 r6=0000 r7=0000 r8=002F r9=0002 r10=D860 r11=0AE6 r12=0402 r13=0000 r14=0000 r15=43F4
t=85.199796000 pc=0002091E fcw=D860 r0=010F r1=0103 r2=0000 r3=12F8 r4=3D06 r5=2FA2 r6=0000 r7=0000 r8=002F r9=0002 r10=D860 r11=0AE6 r12=0402 r13=0000 r14=0000 r15=43F4
t=85.199798750 pc=00020920 fcw=D860 r0=010F r1=0103 r2=0000 r3=12F8 r4=3D06 r5=2FA2 r6=0000 r7=0000 r8=002F r9=0002 r10=D860 r11=0AE6 r12=0402 r13=0000 r14=0000 r15=43F4
t=85.199800250 pc=00020912 fcw=D860 r0=010F r1=0103 r2=0000 r3=12F8 r4=3D06 r5=2FA2 r6=0000 r7=0000 r8=002F r9=0002 r10=D860 r11=0AE6 r12=0402 r13=0000 r14=0000 r15=43F4
t=85.199802000 pc=00020914 fcw=D860 r0=010F r1=0103 r2=0000 r3=12F8 r4=3D06 r5=2FA2 r6=0000 r7=0000 r8=002F r9=0002 r10=D860 r11=0AE6 r12=0402 r13=0000 r14=0000 r15=43F4
t=85.199803750 pc=00020916 fcw=D860 r0=010F r1=0103 r2=0000 r3=12F8 r4=3D06 r5=2FA2 r6=0000 r7=0000 r8=002F r9=0002 r10=D860 r11=0AE6 r12=0402 r13=0000 r14=0000 r15=43F4
t=85.199807250 pc=0002091A fcw=D860 r0=010F r1=0103 r2=0000 r3=12F8 r4=3D06 r5=2FA2 r6=0000 r7=0000 r8=002F r9=0002 r10=D860 r11=0AE6 r12=0402 r13=0000 r14=0000 r15=43F4
t=85.199809250 pc=0002091C fcw=D860 r0=010F r1=0103 r2=0000 r3=12F8 r4=3D06 r5=2FA2 r6=0000 r7=0000 r8=002F r9=0002 r10=D860 r11=0AE6 r12=0402 r13=0000 r14=0000 r15=43F4
t=85.199810750 pc=0002091E fcw=D860 r0=0103 r1=010F r2=0000 r3=12F8 r4=3D06 r5=2FA2 r6=0000 r7=0000 r8=002F r9=0002 r10=D860 r11=0AE6 r12=0402 r13=0000 r14=0000 r15=43F4
t=85.199813500 pc=00020920 fcw=D860 r0=0103 r1=010F r2=0000 r3=12F8 r4=3D06 r5=2FA2 r6=0000 r7=0000 r8=002F r9=0002 r10=D860 r11=0AE6 r12=0402 r13=0000 r14=0000 r15=43F4
t=85.199815000 pc=00020912 fcw=D860 r0=0103 r1=010F r2=0000 r3=12F8 r4=3D06 r5=2FA2 r6=0000 r7=0000 r8=002F r9=0002 r10=D860 r11=0AE6 r12=0402 r13=0000 r14=0000 r15=43F4
t=85.199816750 pc=00020914 fcw=D860 r0=0103 r1=010F r2=0000 r3=12F8 r4=3D06 r5=2FA2 r6=0000 r7=0000 r8=002F r9=0002 r10=D860 r11=0AE6 r12=0402 r13=0000 r14=0000 r15=43F4
t=85.199818500 pc=00020916 fcw=D860 r0=0103 r1=010F r2=0000 r3=12F8 r4=3D06 r5=2FA2 r6=0000 r7=0000 r8=002F r9=0002 r10=D860 r11=0AE6 r12=0402 r13=0000 r14=0000 r15=43F4
t=85.199822000 pc=0002091A fcw=D860 r0=0103 r1=010F r2=0000 r3=12F8 r4=3D06 r5=2FA2 r6=0000 r7=0000 r8=002F r9=0002 r10=D860 r11=0AE6 r12=0402 r13=0000 r14=0000 r15=43F4
t=85.199824000 pc=0002091C fcw=D860 r0=0103 r1=010F r2=0000 r3=12F8 r4=3D06 r5=2FA2 r6=0000 r7=0000 r8=002F r9=0002 r10=D860 r11=0AE6 r12=0402 r13=0000 r14=0000 r15=43F4
t=85.199825500 pc=0002091E fcw=D860 r0=010F r1=0103 r2=0000 r3=12F8 r4=3D06 r5=2FA2 r6=0000 r7=0000 r8=002F r9=0002 r10=D860 r11=0AE6 r12=0402 r13=0000 r14=0000 r15=43F4
t=85.199828250 pc=00020920 fcw=D860 r0=010F r1=0103 r2=0000 r3=12F8 r4=3D06 r5=2FA2 r6=0000 r7=0000 r8=002F r9=0002 r10=D860 r11=0AE6 r12=0402 r13=0000 r14=0000 r15=43F4
t=85.199829750 pc=00020912 fcw=D860 r0=010F r1=0103 r2=0000 r3=12F8 r4=3D06 r5=2FA2 r6=0000 r7=0000 r8=002F r9=0002 r10=D860 r11=0AE6 r12=0402 r13=0000 r14=0000 r15=43F4
t=85.199831500 pc=00020914 fcw=D860 r0=010F r1=0103 r2=0000 r3=12F8 r4=3D06 r5=2FA2 r6=0000 r7=0000 r8=002F r9=0002 r10=D860 r11=0AE6 r12=0402 r13=0000 r14=0000 r15=43F4
t=85.199833250 pc=00020916 fcw=D860 r0=010F r1=0103 r2=0000 r3=12F8 r4=3D06 r5=2FA2 r6=0000 r7=0000 r8=002F r9=0002 r10=D860 r11=0AE6 r12=0402 r13=0000 r14=0000 r15=43F4
t=85.199836750 pc=0002091A fcw=D860 r0=010F r1=0103 r2=0000 r3=12F8 r4=3D06 r5=2FA2 r6=0000 r7=0000 r8=002F r9=0002 r10=D860 r11=0AE6 r12=0402 r13=0000 r14=0000 r15=43F4
t=85.199838750 pc=0002091C fcw=D860 r0=010F r1=0103 r2=0000 r3=12F8 r4=3D06 r5=2FA2 r6=0000 r7=0000 r8=002F r9=0002 r10=D860 r11=0AE6 r12=0402 r13=0000 r14=0000 r15=43F4
t=85.199840250 pc=0002091E fcw=D860 r0=0103 r1=010F r2=0000 r3=12F8 r4=3D06 r5=2FA2 r6=0000 r7=0000 r8=002F r9=0002 r10=D860 r11=0AE6 r12=0402 r13=0000 r14=0000 r15=43F4
t=85.199843000 pc=00020920 fcw=D860 r0=0103 r1=010F r2=0000 r3=12F8 r4=3D06 r5=2FA2 r6=0000 r7=0000 r8=002F r9=0002 r10=D860 r11=0AE6 r12=0402 r13=0000 r14=0000 r15=43F4
t=85.199844500 pc=00020912 fcw=D860 r0=0103 r1=010F r2=0000 r3=12F8 r4=3D06 r5=2FA2 r6=0000 r7=0000 r8=002F r9=0002 r10=D860 r11=0AE6 r12=0402 r13=0000 r14=0000 r15=43F4
t=85.199846250 pc=00020914 fcw=D860 r0=0103 r1=010F r2=0000 r3=12F8 r4=3D06 r5=2FA2 r6=0000 r7=0000 r8=002F r9=0002 r10=D860 r11=0AE6 r12=0402 r13=0000 r14=0000 r15=43F4
t=85.199848000 pc=00020916 fcw=D860 r0=0103 r1=010F r2=0000 r3=12F8 r4=3D06 r5=2FA2 r6=0000 r7=0000 r8=002F r9=0002 r10=D860 r11=0AE6 r12=0402 r13=0000 r14=0000 r15=43F4
t=85.199851500 pc=0002091A fcw=D860 r0=0103 r1=010F r2=0000 r3=12F8 r4=3D06 r5=2FA2 r6=0000 r7=0000 r8=002F r9=0002 r10=D860 r11=0AE6 r12=0402 r13=0000 r14=0000 r15=43F4
t=85.199853500 pc=0002091C fcw=D860 r0=0103 r1=010F r2=0000 r3=12F8 r4=3D06 r5=2FA2 r6=0000 r7=0000 r8=002F r9=0002 r10=D860 r11=0AE6 r12=0402 r13=0000 r14=0000 r15=43F4
t=85.199855000 pc=0002091E fcw=D860 r0=010F r1=0103 r2=0000 r3=12F8 r4=3D06 r5=2FA2 r6=0000 r7=0000 r8=002F r9=0002 r10=D860 r11=0AE6 r12=0402 r13=0000 r14=0000 r15=43F4
t=85.199857750 pc=00020920 fcw=D860 r0=010F r1=0103 r2=0000 r3=12F8 r4=3D06 r5=2FA2 r6=0000 r7=0000 r8=002F r9=0002 r10=D860 r11=0AE6 r12=0402 r13=0000 r14=0000 r15=43F4
t=85.199859250 pc=00020912 fcw=D860 r0=010F r1=0103 r2=0000 r3=12F8 r4=3D06 r5=2FA2 r6=0000 r7=0000 r8=002F r9=0002 r10=D860 r11=0AE6 r12=0402 r13=0000 r14=0000 r15=43F4
t=85.199861000 pc=00020914 fcw=D860 r0=010F r1=0103 r2=0000 r3=12F8 r4=3D06 r5=2FA2 r6=0000 r7=0000 r8=002F r9=0002 r10=D860 r11=0AE6 r12=0402 r13=0000 r14=0000 r15=43F4
t=85.199862750 pc=00020916 fcw=D860 r0=010F r1=0103 r2=0000 r3=12F8 r4=3D06 r5=2FA2 r6=0000 r7=0000 r8=002F r9=0002 r10=D860 r11=0AE6 r12=0402 r13=0000 r14=0000 r15=43F4
t=85.199866250 pc=0002091A fcw=D860 r0=010F r1=0103 r2=0000 r3=12F8 r4=3D06 r5=2FA2 r6=0000 r7=0000 r8=002F r9=0002 r10=D860 r11=0AE6 r12=0402 r13=0000 r14=0000 r15=43F4
t=85.199868250 pc=0002091C fcw=D860 r0=010F r1=0103 r2=0000 r3=12F8 r4=3D06 r5=2FA2 r6=0000 r7=0000 r8=002F r9=0002 r10=D860 r11=0AE6 r12=0402 r13=0000 r14=0000 r15=43F4
t=85.199869750 pc=0002091E fcw=D860 r0=0103 r1=010F r2=0000 r3=12F8 r4=3D06 r5=2FA2 r6=0000 r7=0000 r8=002F r9=0002 r10=D860 r11=0AE6 r12=0402 r13=0000 r14=0000 r15=43F4
t=85.199872500 pc=00020920 fcw=D860 r0=0103 r1=010F r2=0000 r3=12F8 r4=3D06 r5=2FA2 r6=0000 r7=0000 r8=002F r9=0002 r10=D860 r11=0AE6 r12=0402 r13=0000 r14=0000 r15=43F4
t=85.199874000 pc=00020912 fcw=D860 r0=0103 r1=010F r2=0000 r3=12F8 r4=3D06 r5=2FA2 r6=0000 r7=0000 r8=002F r9=0002 r10=D860 r11=0AE6 r12=0402 r13=0000 r14=0000 r15=43F4
t=85.199875750 pc=00020914 fcw=D860 r0=0103 r1=010F r2=0000 r3=12F8 r4=3D06 r5=2FA2 r6=0000 r7=0000 r8=002F r9=0002 r10=D860 r11=0AE6 r12=0402 r13=0000 r14=0000 r15=43F4
t=85.199877500 pc=00020916 fcw=D860 r0=0103 r1=010F r2=0000 r3=12F8 r4=3D06 r5=2FA2 r6=0000 r7=0000 r8=002F r9=0002 r10=D860 r11=0AE6 r12=0402 r13=0000 r14=0000 r15=43F4
t=85.199881000 pc=0002091A fcw=D860 r0=0103 r1=010F r2=0000 r3=12F8 r4=3D06 r5=2FA2 r6=0000 r7=0000 r8=002F r9=0002 r10=D860 r11=0AE6 r12=0402 r13=0000 r14=0000 r15=43F4
t=85.199883000 pc=0002091C fcw=D860 r0=0103 r1=010F r2=0000 r3=12F8 r4=3D06 r5=2FA2 r6=0000 r7=0000 r8=002F r9=0002 r10=D860 r11=0AE6 r12=0402 r13=0000 r14=0000 r15=43F4
t=85.199884500 pc=0002091E fcw=D860 r0=010F r1=0103 r2=0000 r3=12F8 r4=3D06 r5=2FA2 r6=0000 r7=0000 r8=002F r9=0002 r10=D860 r11=0AE6 r12=0402 r13=0000 r14=0000 r15=43F4
t=85.199887250 pc=00020920 fcw=D860 r0=010F r1=0103 r2=0000 r3=12F8 r4=3D06 r5=2FA2 r6=0000 r7=0000 r8=002F r9=0002 r10=D860 r11=0AE6 r12=0402 r13=0000 r14=0000 r15=43F4
t=85.199888750 pc=00020912 fcw=D860 r0=010F r1=0103 r2=0000 r3=12F8 r4=3D06 r5=2FA2 r6=0000 r7=0000 r8=002F r9=0002 r10=D860 r11=0AE6 r12=0402 r13=0000 r14=0000 r15=43F4
t=85.199890500 pc=00020914 fcw=D860 r0=010F r1=0103 r2=0000 r3=12F8 r4=3D06 r5=2FA2 r6=0000 r7=0000 r8=002F r9=0002 r10=D860 r11=0AE6 r12=0402 r13=0000 r14=0000 r15=43F4
t=85.199892250 pc=00020916 fcw=D860 r0=010F r1=0103 r2=0000 r3=12F8 r4=3D06 r5=2FA2 r6=0000 r7=0000 r8=002F r9=0002 r10=D860 r11=0AE6 r12=0402 r13=0000 r14=0000 r15=43F4
t=85.199895750 pc=0002091A fcw=D860 r0=010F r1=0103 r2=0000 r3=12F8 r4=3D06 r5=2FA2 r6=0000 r7=0000 r8=002F r9=0002 r10=D860 r11=0AE6 r12=0402 r13=0000 r14=0000 r15=43F4
t=85.199897750 pc=0002091C fcw=D860 r0=010F r1=0103 r2=0000 r3=12F8 r4=3D06 r5=2FA2 r6=0000 r7=0000 r8=002F r9=0002 r10=D860 r11=0AE6 r12=0402 r13=0000 r14=0000 r15=43F4
t=85.199899250 pc=0002091E fcw=D860 r0=0103 r1=010F r2=0000 r3=12F8 r4=3D06 r5=2FA2 r6=0000 r7=0000 r8=002F r9=0002 r10=D860 r11=0AE6 r12=0402 r13=0000 r14=0000 r15=43F4
t=85.199902000 pc=00020920 fcw=D860 r0=0103 r1=010F r2=0000 r3=12F8 r4=3D06 r5=2FA2 r6=0000 r7=0000 r8=002F r9=0002 r10=D860 r11=0AE6 r12=0402 r13=0000 r14=0000 r15=43F4
t=85.199903500 pc=00020912 fcw=D860 r0=0103 r1=010F r2=0000 r3=12F8 r4=3D06 r5=2FA2 r6=0000 r7=0000 r8=002F r9=0002 r10=D860 r11=0AE6 r12=0402 r13=0000 r14=0000 r15=43F4
t=85.199905250 pc=00020914 fcw=D860 r0=0103 r1=010F r2=0000 r3=12F8 r4=3D06 r5=2FA2 r6=0000 r7=0000 r8=002F r9=0002 r10=D860 r11=0AE6 r12=0402 r13=0000 r14=0000 r15=43F4
t=85.199907000 pc=00020916 fcw=D860 r0=0103 r1=010F r2=0000 r3=12F8 r4=3D06 r5=2FA2 r6=0000 r7=0000 r8=002F r9=0002 r10=D860 r11=0AE6 r12=0402 r13=0000 r14=0000 r15=43F4
t=85.199910500 pc=0002091A fcw=D860 r0=0103 r1=010F r2=0000 r3=12F8 r4=3D06 r5=2FA2 r6=0000 r7=0000 r8=002F r9=0002 r10=D860 r11=0AE6 r12=0402 r13=0000 r14=0000 r15=43F4
t=85.199912500 pc=0002091C fcw=D860 r0=0103 r1=010F r2=0000 r3=12F8 r4=3D06 r5=2FA2 r6=0000 r7=0000 r8=002F r9=0002 r10=D860 r11=0AE6 r12=0402 r13=0000 r14=0000 r15=43F4
t=85.199914000 pc=0002091E fcw=D860 r0=010F r1=0103 r2=0000 r3=12F8 r4=3D06 r5=2FA2 r6=0000 r7=0000 r8=002F r9=0002 r10=D860 r11=0AE6 r12=0402 r13=0000 r14=0000 r15=43F4
t=85.199916750 pc=00020920 fcw=D860 r0=010F r1=0103 r2=0000 r3=12F8 r4=3D06 r5=2FA2 r6=0000 r7=0000 r8=002F r9=0002 r10=D860 r11=0AE6 r12=0402 r13=0000 r14=0000 r15=43F4
t=85.199918250 pc=00020912 fcw=D860 r0=010F r1=0103 r2=0000 r3=12F8 r4=3D06 r5=2FA2 r6=0000 r7=0000 r8=002F r9=0002 r10=D860 r11=0AE6 r12=0402 r13=0000 r14=0000 r15=43F4
t=85.199920000 pc=00020914 fcw=D860 r0=010F r1=0103 r2=0000 r3=12F8 r4=3D06 r5=2FA2 r6=0000 r7=0000 r8=002F r9=0002 r10=D860 r11=0AE6 r12=0402 r13=0000 r14=0000 r15=43F4
t=85.199921750 pc=00020916 fcw=D860 r0=010F r1=0103 r2=0000 r3=12F8 r4=3D06 r5=2FA2 r6=0000 r7=0000 r8=002F r9=0002 r10=D860 r11=0AE6 r12=0402 r13=0000 r14=0000 r15=43F4
t=85.199925250 pc=0002091A fcw=D860 r0=010F r1=0103 r2=0000 r3=12F8 r4=3D06 r5=2FA2 r6=0000 r7=0000 r8=002F r9=0002 r10=D860 r11=0AE6 r12=0402 r13=0000 r14=0000 r15=43F4
t=85.199927250 pc=0002091C fcw=D860 r0=010F r1=0103 r2=0000 r3=12F8 r4=3D06 r5=2FA2 r6=0000 r7=0000 r8=002F r9=0002 r10=D860 r11=0AE6 r12=0402 r13=0000 r14=0000 r15=43F4
t=85.199928750 pc=0002091E fcw=D860 r0=0103 r1=010F r2=0000 r3=12F8 r4=3D06 r5=2FA2 r6=0000 r7=0000 r8=002F r9=0002 r10=D860 r11=0AE6 r12=0402 r13=0000 r14=0000 r15=43F4
t=85.199931500 pc=00020920 fcw=D860 r0=0103 r1=010F r2=0000 r3=12F8 r4=3D06 r5=2FA2 r6=0000 r7=0000 r8=002F r9=0002 r10=D860 r11=0AE6 r12=0402 r13=0000 r14=0000 r15=43F4
t=85.199933000 pc=00020912 fcw=D860 r0=0103 r1=010F r2=0000 r3=12F8 r4=3D06 r5=2FA2 r6=0000 r7=0000 r8=002F r9=0002 r10=D860 r11=0AE6 r12=0402 r13=0000 r14=0000 r15=43F4
t=85.199934750 pc=00020914 fcw=D860 r0=0103 r1=010F r2=0000 r3=12F8 r4=3D06 r5=2FA2 r6=0000 r7=0000 r8=002F r9=0002 r10=D860 r11=0AE6 r12=0402 r13=0000 r14=0000 r15=43F4
t=85.199936500 pc=00020916 fcw=D860 r0=0103 r1=010F r2=0000 r3=12F8 r4=3D06 r5=2FA2 r6=0000 r7=0000 r8=002F r9=0002 r10=D860 r11=0AE6 r12=0402 r13=0000 r14=0000 r15=43F4
t=85.199940000 pc=0002091A fcw=D860 r0=0103 r1=010F r2=0000 r3=12F8 r4=3D06 r5=2FA2 r6=0000 r7=0000 r8=002F r9=0002 r10=D860 r11=0AE6 r12=0402 r13=0000 r14=0000 r15=43F4
t=85.199942000 pc=0002091C fcw=D860 r0=0103 r1=010F r2=0000 r3=12F8 r4=3D06 r5=2FA2 r6=0000 r7=0000 r8=002F r9=0002 r10=D860 r11=0AE6 r12=0402 r13=0000 r14=0000 r15=43F4
t=85.199943500 pc=0002091E fcw=D860 r0=010F r1=0103 r2=0000 r3=12F8 r4=3D06 r5=2FA2 r6=0000 r7=0000 r8=002F r9=0002 r10=D860 r11=0AE6 r12=0402 r13=0000 r14=0000 r15=43F4
t=85.199946250 pc=00020920 fcw=D860 r0=010F r1=0103 r2=0000 r3=12F8 r4=3D06 r5=2FA2 r6=0000 r7=0000 r8=002F r9=0002 r10=D860 r11=0AE6 r12=0402 r13=0000 r14=0000 r15=43F4
t=85.199947750 pc=00020912 fcw=D860 r0=010F r1=0103 r2=0000 r3=12F8 r4=3D06 r5=2FA2 r6=0000 r7=0000 r8=002F r9=0002 r10=D860 r11=0AE6 r12=0402 r13=0000 r14=0000 r15=43F4
t=85.199949500 pc=00020914 fcw=D860 r0=010F r1=0103 r2=0000 r3=12F8 r4=3D06 r5=2FA2 r6=0000 r7=0000 r8=002F r9=0002 r10=D860 r11=0AE6 r12=0402 r13=0000 r14=0000 r15=43F4
t=85.199951250 pc=00020916 fcw=D860 r0=010F r1=0103 r2=0000 r3=12F8 r4=3D06 r5=2FA2 r6=0000 r7=0000 r8=002F r9=0002 r10=D860 r11=0AE6 r12=0402 r13=0000 r14=0000 r15=43F4
t=85.199954750 pc=0002091A fcw=D860 r0=010F r1=0103 r2=0000 r3=12F8 r4=3D06 r5=2FA2 r6=0000 r7=0000 r8=002F r9=0002 r10=D860 r11=0AE6 r12=0402 r13=0000 r14=0000 r15=43F4
t=85.199956750 pc=0002091C fcw=D860 r0=010F r1=0103 r2=0000 r3=12F8 r4=3D06 r5=2FA2 r6=0000 r7=0000 r8=002F r9=0002 r10=D860 r11=0AE6 r12=0402 r13=0000 r14=0000 r15=43F4
t=85.199958250 pc=0002091E fcw=D860 r0=0103 r1=010F r2=0000 r3=12F8 r4=3D06 r5=2FA2 r6=0000 r7=0000 r8=002F r9=0002 r10=D860 r11=0AE6 r12=0402 r13=0000 r14=0000 r15=43F4
t=85.199961000 pc=00020920 fcw=D860 r0=0103 r1=010F r2=0000 r3=12F8 r4=3D06 r5=2FA2 r6=0000 r7=0000 r8=002F r9=0002 r10=D860 r11=0AE6 r12=0402 r13=0000 r14=0000 r15=43F4
t=85.199962500 pc=00020912 fcw=D860 r0=0103 r1=010F r2=0000 r3=12F8 r4=3D06 r5=2FA2 r6=0000 r7=0000 r8=002F r9=0002 r10=D860 r11=0AE6 r12=0402 r13=0000 r14=0000 r15=43F4
t=85.199964250 pc=00020914 fcw=D860 r0=0103 r1=010F r2=0000 r3=12F8 r4=3D06 r5=2FA2 r6=0000 r7=0000 r8=002F r9=0002 r10=D860 r11=0AE6 r12=0402 r13=0000 r14=0000 r15=43F4
t=85.199966000 pc=00020916 fcw=D860 r0=0103 r1=010F r2=0000 r3=12F8 r4=3D06 r5=2FA2 r6=0000 r7=0000 r8=002F r9=0002 r10=D860 r11=0AE6 r12=0402 r13=0000 r14=0000 r15=43F4
t=85.199969500 pc=0002091A fcw=D860 r0=0103 r1=010F r2=0000 r3=12F8 r4=3D06 r5=2FA2 r6=0000 r7=0000 r8=002F r9=0002 r10=D860 r11=0AE6 r12=0402 r13=0000 r14=0000 r15=43F4
t=85.199971500 pc=0002091C fcw=D860 r0=0103 r1=010F r2=0000 r3=12F8 r4=3D06 r5=2FA2 r6=0000 r7=0000 r8=002F r9=0002 r10=D860 r11=0AE6 r12=0402 r13=0000 r14=0000 r15=43F4
t=85.199973000 pc=0002091E fcw=D860 r0=010F r1=0103 r2=0000 r3=12F8 r4=3D06 r5=2FA2 r6=0000 r7=0000 r8=002F r9=0002 r10=D860 r11=0AE6 r12=0402 r13=0000 r14=0000 r15=43F4
t=85.199975750 pc=00020920 fcw=D860 r0=010F r1=0103 r2=0000 r3=12F8 r4=3D06 r5=2FA2 r6=0000 r7=0000 r8=002F r9=0002 r10=D860 r11=0AE6 r12=0402 r13=0000 r14=0000 r15=43F4
t=85.199977250 pc=00020912 fcw=D860 r0=010F r1=0103 r2=0000 r3=12F8 r4=3D06 r5=2FA2 r6=0000 r7=0000 r8=002F r9=0002 r10=D860 r11=0AE6 r12=0402 r13=0000 r14=0000 r15=43F4
t=85.199979000 pc=00020914 fcw=D860 r0=010F r1=0103 r2=0000 r3=12F8 r4=3D06 r5=2FA2 r6=0000 r7=0000 r8=002F r9=0002 r10=D860 r11=0AE6 r12=0402 r13=0000 r14=0000 r15=43F4
t=85.199980750 pc=00020916 fcw=D860 r0=010F r1=0103 r2=0000 r3=12F8 r4=3D06 r5=2FA2 r6=0000 r7=0000 r8=002F r9=0002 r10=D860 r11=0AE6 r12=0402 r13=0000 r14=0000 r15=43F4
t=85.199984250 pc=0002091A fcw=D860 r0=010F r1=0103 r2=0000 r3=12F8 r4=3D06 r5=2FA2 r6=0000 r7=0000 r8=002F r9=0002 r10=D860 r11=0AE6 r12=0402 r13=0000 r14=0000 r15=43F4
t=85.199986250 pc=0002091C fcw=D860 r0=010F r1=0103 r2=0000 r3=12F8 r4=3D06 r5=2FA2 r6=0000 r7=0000 r8=002F r9=0002 r10=D860 r11=0AE6 r12=0402 r13=0000 r14=0000 r15=43F4
t=85.199987750 pc=0002091E fcw=D860 r0=0103 r1=010F r2=0000 r3=12F8 r4=3D06 r5=2FA2 r6=0000 r7=0000 r8=002F r9=0002 r10=D860 r11=0AE6 r12=0402 r13=0000 r14=0000 r15=43F4
t=85.199990500 pc=00020920 fcw=D860 r0=0103 r1=010F r2=0000 r3=12F8 r4=3D06 r5=2FA2 r6=0000 r7=0000 r8=002F r9=0002 r10=D860 r11=0AE6 r12=0402 r13=0000 r14=0000 r15=43F4
t=85.199992000 pc=00020912 fcw=D860 r0=0103 r1=010F r2=0000 r3=12F8 r4=3D06 r5=2FA2 r6=0000 r7=0000 r8=002F r9=0002 r10=D860 r11=0AE6 r12=0402 r13=0000 r14=0000 r15=43F4
t=85.199993750 pc=00020914 fcw=D860 r0=0103 r1=010F r2=0000 r3=12F8 r4=3D06 r5=2FA2 r6=0000 r7=0000 r8=002F r9=0002 r10=D860 r11=0AE6 r12=0402 r13=0000 r14=0000 r15=43F4
t=85.199995500 pc=00020916 fcw=D860 r0=0103 r1=010F r2=0000 r3=12F8 r4=3D06 r5=2FA2 r6=0000 r7=0000 r8=002F r9=0002 r10=D860 r11=0AE6 r12=0402 r13=0000 r14=0000 r15=43F4
t=85.199999000 pc=0002091A fcw=D860 r0=0103 r1=010F r2=0000 r3=12F8 r4=3D06 r5=2FA2 r6=0000 r7=0000 r8=002F r9=0002 r10=D860 r11=0AE6 r12=0402 r13=0000 r14=0000 r15=43F4
t=85.200001000 pc=0002091C fcw=D860 r0=0103 r1=010F r2=0000 r3=12F8 r4=3D06 r5=2FA2 r6=0000 r7=0000 r8=002F r9=0002 r10=D860 r11=0AE6 r12=0402 r13=0000 r14=0000 r15=43F4
t=85.200002500 pc=0002091E fcw=D860 r0=010F r1=0103 r2=0000 r3=12F8 r4=3D06 r5=2FA2 r6=0000 r7=0000 r8=002F r9=0002 r10=D860 r11=0AE6 r12=0402 r13=0000 r14=0000 r15=43F4
t=85.200005250 pc=00020920 fcw=D860 r0=010F r1=0103 r2=0000 r3=12F8 r4=3D06 r5=2FA2 r6=0000 r7=0000 r8=002F r9=0002 r10=D860 r11=0AE6 r12=0402 r13=0000 r14=0000 r15=43F4
t=85.200006750 pc=00020912 fcw=D860 r0=010F r1=0103 r2=0000 r3=12F8 r4=3D06 r5=2FA2 r6=0000 r7=0000 r8=002F r9=0002 r10=D860 r11=0AE6 r12=0402 r13=0000 r14=0000 r15=43F4
t=85.200008500 pc=00020914 fcw=D860 r0=010F r1=0103 r2=0000 r3=12F8 r4=3D06 r5=2FA2 r6=0000 r7=0000 r8=002F r9=0002 r10=D860 r11=0AE6 r12=0402 r13=0000 r14=0000 r15=43F4
t=85.200010250 pc=00020916 fcw=D860 r0=010F r1=0103 r2=0000 r3=12F8 r4=3D06 r5=2FA2 r6=0000 r7=0000 r8=002F r9=0002 r10=D860 r11=0AE6 r12=0402 r13=0000 r14=0000 r15=43F4
t=85.200013750 pc=0002091A fcw=D860 r0=010F r1=0103 r2=0000 r3=12F8 r4=3D06 r5=2FA2 r6=0000 r7=0000 r8=002F r9=0002 r10=D860 r11=0AE6 r12=0402 r13=0000 r14=0000 r15=43F4
t=85.200015750 pc=0002091C fcw=D860 r0=010F r1=0103 r2=0000 r3=12F8 r4=3D06 r5=2FA2 r6=0000 r7=0000 r8=002F r9=0002 r10=D860 r11=0AE6 r12=0402 r13=0000 r14=0000 r15=43F4
t=85.200017250 pc=0002091E fcw=D860 r0=0103 r1=010F r2=0000 r3=12F8 r4=3D06 r5=2FA2 r6=0000 r7=0000 r8=002F r9=0002 r10=D860 r11=0AE6 r12=0402 r13=0000 r14=0000 r15=43F4
t=85.200020000 pc=00020920 fcw=D860 r0=0103 r1=010F r2=0000 r3=12F8 r4=3D06 r5=2FA2 r6=0000 r7=0000 r8=002F r9=0002 r10=D860 r11=0AE6 r12=0402 r13=0000 r14=0000 r15=43F4
t=85.200021500 pc=00020912 fcw=D860 r0=0103 r1=010F r2=0000 r3=12F8 r4=3D06 r5=2FA2 r6=0000 r7=0000 r8=002F r9=0002 r10=D860 r11=0AE6 r12=0402 r13=0000 r14=0000 r15=43F4
t=85.200023250 pc=00020914 fcw=D860 r0=0103 r1=010F r2=0000 r3=12F8 r4=3D06 r5=2FA2 r6=0000 r7=0000 r8=002F r9=0002 r10=D860 r11=0AE6 r12=0402 r13=0000 r14=0000 r15=43F4
t=85.200025000 pc=00020916 fcw=D860 r0=0103 r1=010F r2=0000 r3=12F8 r4=3D06 r5=2FA2 r6=0000 r7=0000 r8=002F r9=0002 r10=D860 r11=0AE6 r12=0402 r13=0000 r14=0000 r15=43F4
t=85.200028500 pc=0002091A fcw=D860 r0=0103 r1=010F r2=0000 r3=12F8 r4=3D06 r5=2FA2 r6=0000 r7=0000 r8=002F r9=0002 r10=D860 r11=0AE6 r12=0402 r13=0000 r14=0000 r15=43F4
t=85.200030500 pc=0002091C fcw=D860 r0=0103 r1=010F r2=0000 r3=12F8 r4=3D06 r5=2FA2 r6=0000 r7=0000 r8=002F r9=0002 r10=D860 r11=0AE6 r12=0402 r13=0000 r14=0000 r15=43F4
t=85.200032000 pc=0002091E fcw=D860 r0=010F r1=0103 r2=0000 r3=12F8 r4=3D06 r5=2FA2 r6=0000 r7=0000 r8=002F r9=0002 r10=D860 r11=0AE6 r12=0402 r13=0000 r14=0000 r15=43F4
t=85.200034750 pc=00020920 fcw=D860 r0=010F r1=0103 r2=0000 r3=12F8 r4=3D06 r5=2FA2 r6=0000 r7=0000 r8=002F r9=0002 r10=D860 r11=0AE6 r12=0402 r13=0000 r14=0000 r15=43F4
t=85.200036250 pc=00020912 fcw=D860 r0=010F r1=0103 r2=0000 r3=12F8 r4=3D06 r5=2FA2 r6=0000 r7=0000 r8=002F r9=0002 r10=D860 r11=0AE6 r12=0402 r13=0000 r14=0000 r15=43F4
t=85.200038000 pc=00020914 fcw=D860 r0=010F r1=0103 r2=0000 r3=12F8 r4=3D06 r5=2FA2 r6=0000 r7=0000 r8=002F r9=0002 r10=D860 r11=0AE6 r12=0402 r13=0000 r14=0000 r15=43F4
t=85.200039750 pc=00020916 fcw=D860 r0=010F r1=0103 r2=0000 r3=12F8 r4=3D06 r5=2FA2 r6=0000 r7=0000 r8=002F r9=0002 r10=D860 r11=0AE6 r12=0402 r13=0000 r14=0000 r15=43F4
t=85.200043250 pc=0002091A fcw=D860 r0=010F r1=0103 r2=0000 r3=12F8 r4=3D06 r5=2FA2 r6=0000 r7=0000 r8=002F r9=0002 r10=D860 r11=0AE6 r12=0402 r13=0000 r14=0000 r15=43F4
t=85.200045250 pc=0002091C fcw=D860 r0=010F r1=0103 r2=0000 r3=12F8 r4=3D06 r5=2FA2 r6=0000 r7=0000 r8=002F r9=0002 r10=D860 r11=0AE6 r12=0402 r13=0000 r14=0000 r15=43F4
t=85.200046750 pc=0002091E fcw=D860 r0=0103 r1=010F r2=0000 r3=12F8 r4=3D06 r5=2FA2 r6=0000 r7=0000 r8=002F r9=0002 r10=D860 r11=0AE6 r12=0402 r13=0000 r14=0000 r15=43F4
t=85.200049500 pc=00020920 fcw=D860 r0=0103 r1=010F r2=0000 r3=12F8 r4=3D06 r5=2FA2 r6=0000 r7=0000 r8=002F r9=0002 r10=D860 r11=0AE6 r12=0402 r13=0000 r14=0000 r15=43F4
t=85.200051000 pc=00020912 fcw=D860 r0=0103 r1=010F r2=0000 r3=12F8 r4=3D06 r5=2FA2 r6=0000 r7=0000 r8=002F r9=0002 r10=D860 r11=0AE6 r12=0402 r13=0000 r14=0000 r15=43F4
t=85.200052750 pc=00020914 fcw=D860 r0=0103 r1=010F r2=0000 r3=12F8 r4=3D06 r5=2FA2 r6=0000 r7=0000 r8=002F r9=0002 r10=D860 r11=0AE6 r12=0402 r13=0000 r14=0000 r15=43F4
t=85.200054500 pc=00020916 fcw=D860 r0=0103 r1=010F r2=0000 r3=12F8 r4=3D06 r5=2FA2 r6=0000 r7=0000 r8=002F r9=0002 r10=D860 r11=0AE6 r12=0402 r13=0000 r14=0000 r15=43F4
t=85.200058000 pc=0002091A fcw=D860 r0=0103 r1=010F r2=0000 r3=12F8 r4=3D06 r5=2FA2 r6=0000 r7=0000 r8=002F r9=0002 r10=D860 r11=0AE6 r12=0402 r13=0000 r14=0000 r15=43F4
t=85.200060000 pc=0002091C fcw=D860 r0=0103 r1=010F r2=0000 r3=12F8 r4=3D06 r5=2FA2 r6=0000 r7=0000 r8=002F r9=0002 r10=D860 r11=0AE6 r12=0402 r13=0000 r14=0000 r15=43F4
t=85.200061500 pc=0002091E fcw=D860 r0=010F r1=0103 r2=0000 r3=12F8 r4=3D06 r5=2FA2 r6=0000 r7=0000 r8=002F r9=0002 r10=D860 r11=0AE6 r12=0402 r13=0000 r14=0000 r15=43F4
t=85.200064250 pc=00020920 fcw=D860 r0=010F r1=0103 r2=0000 r3=12F8 r4=3D06 r5=2FA2 r6=0000 r7=0000 r8=002F r9=0002 r10=D860 r11=0AE6 r12=0402 r13=0000 r14=0000 r15=43F4
t=85.200065750 pc=00020912 fcw=D860 r0=010F r1=0103 r2=0000 r3=12F8 r4=3D06 r5=2FA2 r6=0000 r7=0000 r8=002F r9=0002 r10=D860 r11=0AE6 r12=0402 r13=0000 r14=0000 r15=43F4
t=85.200067500 pc=00020914 fcw=D860 r0=010F r1=0103 r2=0000 r3=12F8 r4=3D06 r5=2FA2 r6=0000 r7=0000 r8=002F r9=0002 r10=D860 r11=0AE6 r12=0402 r13=0000 r14=0000 r15=43F4
t=85.200069250 pc=00020916 fcw=D860 r0=010F r1=0103 r2=0000 r3=12F8 r4=3D06 r5=2FA2 r6=0000 r7=0000 r8=002F r9=0002 r10=D860 r11=0AE6 r12=0402 r13=0000 r14=0000 r15=43F4
t=85.200072750 pc=0002091A fcw=D860 r0=010F r1=0103 r2=0000 r3=12F8 r4=3D06 r5=2FA2 r6=0000 r7=0000 r8=002F r9=0002 r10=D860 r11=0AE6 r12=0402 r13=0000 r14=0000 r15=43F4
t=85.200074750 pc=0002091C fcw=D860 r0=010F r1=0103 r2=0000 r3=12F8 r4=3D06 r5=2FA2 r6=0000 r7=0000 r8=002F r9=0002 r10=D860 r11=0AE6 r12=0402 r13=0000 r14=0000 r15=43F4
t=85.200076250 pc=0002091E fcw=D860 r0=0103 r1=010F r2=0000 r3=12F8 r4=3D06 r5=2FA2 r6=0000 r7=0000 r8=002F r9=0002 r10=D860 r11=0AE6 r12=0402 r13=0000 r14=0000 r15=43F4
t=85.200079000 pc=00020920 fcw=D860 r0=0103 r1=010F r2=0000 r3=12F8 r4=3D06 r5=2FA2 r6=0000 r7=0000 r8=002F r9=0002 r10=D860 r11=0AE6 r12=0402 r13=0000 r14=0000 r15=43F4
t=85.200080500 pc=00020912 fcw=D860 r0=0103 r1=010F r2=0000 r3=12F8 r4=3D06 r5=2FA2 r6=0000 r7=0000 r8=002F r9=0002 r10=D860 r11=0AE6 r12=0402 r13=0000 r14=0000 r15=43F4
t=85.200082250 pc=00020914 fcw=D860 r0=0103 r1=010F r2=0000 r3=12F8 r4=3D06 r5=2FA2 r6=0000 r7=0000 r8=002F r9=0002 r10=D860 r11=0AE6 r12=0402 r13=0000 r14=0000 r15=43F4
t=85.200084000 pc=00020916 fcw=D860 r0=0103 r1=010F r2=0000 r3=12F8 r4=3D06 r5=2FA2 r6=0000 r7=0000 r8=002F r9=0002 r10=D860 r11=0AE6 r12=0402 r13=0000 r14=0000 r15=43F4
t=85.200087500 pc=0002091A fcw=D860 r0=0103 r1=010F r2=0000 r3=12F8 r4=3D06 r5=2FA2 r6=0000 r7=0000 r8=002F r9=0002 r10=D860 r11=0AE6 r12=0402 r13=0000 r14=0000 r15=43F4
t=85.200089500 pc=0002091C fcw=D860 r0=0103 r1=010F r2=0000 r3=12F8 r4=3D06 r5=2FA2 r6=0000 r7=0000 r8=002F r9=0002 r10=D860 r11=0AE6 r12=0402 r13=0000 r14=0000 r15=43F4
t=85.200091000 pc=0002091E fcw=D860 r0=010F r1=0103 r2=0000 r3=12F8 r4=3D06 r5=2FA2 r6=0000 r7=0000 r8=002F r9=0002 r10=D860 r11=0AE6 r12=0402 r13=0000 r14=0000 r15=43F4
t=85.200093750 pc=00020920 fcw=D860 r0=010F r1=0103 r2=0000 r3=12F8 r4=3D06 r5=2FA2 r6=0000 r7=0000 r8=002F r9=0002 r10=D860 r11=0AE6 r12=0402 r13=0000 r14=0000 r15=43F4
t=85.200095250 pc=00020912 fcw=D860 r0=010F r1=0103 r2=0000 r3=12F8 r4=3D06 r5=2FA2 r6=0000 r7=0000 r8=002F r9=0002 r10=D860 r11=0AE6 r12=0402 r13=0000 r14=0000 r15=43F4
t=85.200097000 pc=00020914 fcw=D860 r0=010F r1=0103 r2=0000 r3=12F8 r4=3D06 r5=2FA2 r6=0000 r7=0000 r8=002F r9=0002 r10=D860 r11=0AE6 r12=0402 r13=0000 r14=0000 r15=43F4
t=85.200098750 pc=00020916 fcw=D860 r0=010F r1=0103 r2=0000 r3=12F8 r4=3D06 r5=2FA2 r6=0000 r7=0000 r8=002F r9=0002 r10=D860 r11=0AE6 r12=0402 r13=0000 r14=0000 r15=43F4
t=85.200102250 pc=0002091A fcw=D860 r0=010F r1=0103 r2=0000 r3=12F8 r4=3D06 r5=2FA2 r6=0000 r7=0000 r8=002F r9=0002 r10=D860 r11=0AE6 r12=0402 r13=0000 r14=0000 r15=43F4
t=85.200104250 pc=0002091C fcw=D860 r0=010F r1=0103 r2=0000 r3=12F8 r4=3D06 r5=2FA2 r6=0000 r7=0000 r8=002F r9=0002 r10=D860 r11=0AE6 r12=0402 r13=0000 r14=0000 r15=43F4
t=85.200105750 pc=0002091E fcw=D860 r0=0103 r1=010F r2=0000 r3=12F8 r4=3D06 r5=2FA2 r6=0000 r7=0000 r8=002F r9=0002 r10=D860 r11=0AE6 r12=0402 r13=0000 r14=0000 r15=43F4
t=85.200108500 pc=00020920 fcw=D860 r0=0103 r1=010F r2=0000 r3=12F8 r4=3D06 r5=2FA2 r6=0000 r7=0000 r8=002F r9=0002 r10=D860 r11=0AE6 r12=0402 r13=0000 r14=0000 r15=43F4
t=85.200110000 pc=00020912 fcw=D860 r0=0103 r1=010F r2=0000 r3=12F8 r4=3D06 r5=2FA2 r6=0000 r7=0000 r8=002F r9=0002 r10=D860 r11=0AE6 r12=0402 r13=0000 r14=0000 r15=43F4
t=85.200111750 pc=00020914 fcw=D860 r0=0103 r1=010F r2=0000 r3=12F8 r4=3D06 r5=2FA2 r6=0000 r7=0000 r8=002F r9=0002 r10=D860 r11=0AE6 r12=0402 r13=0000 r14=0000 r15=43F4
t=85.200113500 pc=00020916 fcw=D860 r0=0103 r1=010F r2=0000 r3=12F8 r4=3D06 r5=2FA2 r6=0000 r7=0000 r8=002F r9=0002 r10=D860 r11=0AE6 r12=0402 r13=0000 r14=0000 r15=43F4
t=85.200117000 pc=0002091A fcw=D860 r0=0103 r1=010F r2=0000 r3=12F8 r4=3D06 r5=2FA2 r6=0000 r7=0000 r8=002F r9=0002 r10=D860 r11=0AE6 r12=0402 r13=0000 r14=0000 r15=43F4
t=85.200119000 pc=0002091C fcw=D860 r0=0103 r1=010F r2=0000 r3=12F8 r4=3D06 r5=2FA2 r6=0000 r7=0000 r8=002F r9=0002 r10=D860 r11=0AE6 r12=0402 r13=0000 r14=0000 r15=43F4
t=85.200120500 pc=0002091E fcw=D860 r0=010F r1=0103 r2=0000 r3=12F8 r4=3D06 r5=2FA2 r6=0000 r7=0000 r8=002F r9=0002 r10=D860 r11=0AE6 r12=0402 r13=0000 r14=0000 r15=43F4
t=85.200123250 pc=00020920 fcw=D860 r0=010F r1=0103 r2=0000 r3=12F8 r4=3D06 r5=2FA2 r6=0000 r7=0000 r8=002F r9=0002 r10=D860 r11=0AE6 r12=0402 r13=0000 r14=0000 r15=43F4
t=85.200124750 pc=00020912 fcw=D860 r0=010F r1=0103 r2=0000 r3=12F8 r4=3D06 r5=2FA2 r6=0000 r7=0000 r8=002F r9=0002 r10=D860 r11=0AE6 r12=0402 r13=0000 r14=0000 r15=43F4
t=85.200126500 pc=00020914 fcw=D860 r0=010F r1=0103 r2=0000 r3=12F8 r4=3D06 r5=2FA2 r6=0000 r7=0000 r8=002F r9=0002 r10=D860 r11=0AE6 r12=0402 r13=0000 r14=0000 r15=43F4
t=85.200128250 pc=00020916 fcw=D860 r0=010F r1=0103 r2=0000 r3=12F8 r4=3D06 r5=2FA2 r6=0000 r7=0000 r8=002F r9=0002 r10=D860 r11=0AE6 r12=0402 r13=0000 r14=0000 r15=43F4
t=85.200131750 pc=0002091A fcw=D860 r0=010F r1=0103 r2=0000 r3=12F8 r4=3D06 r5=2FA2 r6=0000 r7=0000 r8=002F r9=0002 r10=D860 r11=0AE6 r12=0402 r13=0000 r14=0000 r15=43F4
t=85.200133750 pc=0002091C fcw=D860 r0=010F r1=0103 r2=0000 r3=12F8 r4=3D06 r5=2FA2 r6=0000 r7=0000 r8=002F r9=0002 r10=D860 r11=0AE6 r12=0402 r13=0000 r14=0000 r15=43F4
t=85.200135250 pc=0002091E fcw=D860 r0=0103 r1=010F r2=0000 r3=12F8 r4=3D06 r5=2FA2 r6=0000 r7=0000 r8=002F r9=0002 r10=D860 r11=0AE6 r12=0402 r13=0000 r14=0000 r15=43F4
t=85.200138000 pc=00020920 fcw=D860 r0=0103 r1=010F r2=0000 r3=12F8 r4=3D06 r5=2FA2 r6=0000 r7=0000 r8=002F r9=0002 r10=D860 r11=0AE6 r12=0402 r13=0000 r14=0000 r15=43F4
t=85.200139500 pc=00020912 fcw=D860 r0=0103 r1=010F r2=0000 r3=12F8 r4=3D06 r5=2FA2 r6=0000 r7=0000 r8=002F r9=0002 r10=D860 r11=0AE6 r12=0402 r13=0000 r14=0000 r15=43F4
t=85.200141250 pc=00020914 fcw=D860 r0=0103 r1=010F r2=0000 r3=12F8 r4=3D06 r5=2FA2 r6=0000 r7=0000 r8=002F r9=0002 r10=D860 r11=0AE6 r12=0402 r13=0000 r14=0000 r15=43F4
t=85.200143000 pc=00020916 fcw=D860 r0=0103 r1=010F r2=0000 r3=12F8 r4=3D06 r5=2FA2 r6=0000 r7=0000 r8=002F r9=0002 r10=D860 r11=0AE6 r12=0402 r13=0000 r14=0000 r15=43F4
t=85.200146500 pc=0002091A fcw=D860 r0=0103 r1=010F r2=0000 r3=12F8 r4=3D06 r5=2FA2 r6=0000 r7=0000 r8=002F r9=0002 r10=D860 r11=0AE6 r12=0402 r13=0000 r14=0000 r15=43F4
t=85.200148500 pc=0002091C fcw=D860 r0=0103 r1=010F r2=0000 r3=12F8 r4=3D06 r5=2FA2 r6=0000 r7=0000 r8=002F r9=0002 r10=D860 r11=0AE6 r12=0402 r13=0000 r14=0000 r15=43F4
t=85.200150000 pc=0002091E fcw=D860 r0=010F r1=0103 r2=0000 r3=12F8 r4=3D06 r5=2FA2 r6=0000 r7=0000 r8=002F r9=0002 r10=D860 r11=0AE6 r12=0402 r13=0000 r14=0000 r15=43F4
t=85.200152750 pc=00020920 fcw=D860 r0=010F r1=0103 r2=0000 r3=12F8 r4=3D06 r5=2FA2 r6=0000 r7=0000 r8=002F r9=0002 r10=D860 r11=0AE6 r12=0402 r13=0000 r14=0000 r15=43F4
t=85.200154250 pc=00020912 fcw=D860 r0=010F r1=0103 r2=0000 r3=12F8 r4=3D06 r5=2FA2 r6=0000 r7=0000 r8=002F r9=0002 r10=D860 r11=0AE6 r12=0402 r13=0000 r14=0000 r15=43F4
t=85.200156000 pc=00020914 fcw=D860 r0=010F r1=0103 r2=0000 r3=12F8 r4=3D06 r5=2FA2 r6=0000 r7=0000 r8=002F r9=0002 r10=D860 r11=0AE6 r12=0402 r13=0000 r14=0000 r15=43F4
t=85.200157750 pc=00020916 fcw=D860 r0=010F r1=0103 r2=0000 r3=12F8 r4=3D06 r5=2FA2 r6=0000 r7=0000 r8=002F r9=0002 r10=D860 r11=0AE6 r12=0402 r13=0000 r14=0000 r15=43F4
t=85.200161250 pc=0002091A fcw=D860 r0=010F r1=0103 r2=0000 r3=12F8 r4=3D06 r5=2FA2 r6=0000 r7=0000 r8=002F r9=0002 r10=D860 r11=0AE6 r12=0402 r13=0000 r14=0000 r15=43F4
t=85.200163250 pc=0002091C fcw=D860 r0=010F r1=0103 r2=0000 r3=12F8 r4=3D06 r5=2FA2 r6=0000 r7=0000 r8=002F r9=0002 r10=D860 r11=0AE6 r12=0402 r13=0000 r14=0000 r15=43F4
t=85.200164750 pc=0002091E fcw=D860 r0=0103 r1=010F r2=0000 r3=12F8 r4=3D06 r5=2FA2 r6=0000 r7=0000 r8=002F r9=0002 r10=D860 r11=0AE6 r12=0402 r13=0000 r14=0000 r15=43F4
t=85.200167500 pc=00020920 fcw=D860 r0=0103 r1=010F r2=0000 r3=12F8 r4=3D06 r5=2FA2 r6=0000 r7=0000 r8=002F r9=0002 r10=D860 r11=0AE6 r12=0402 r13=0000 r14=0000 r15=43F4
t=85.200169000 pc=00020912 fcw=D860 r0=0103 r1=010F r2=0000 r3=12F8 r4=3D06 r5=2FA2 r6=0000 r7=0000 r8=002F r9=0002 r10=D860 r11=0AE6 r12=0402 r13=0000 r14=0000 r15=43F4
t=85.200170750 pc=00020914 fcw=D860 r0=0103 r1=010F r2=0000 r3=12F8 r4=3D06 r5=2FA2 r6=0000 r7=0000 r8=002F r9=0002 r10=D860 r11=0AE6 r12=0402 r13=0000 r14=0000 r15=43F4
t=85.200172500 pc=00020916 fcw=D860 r0=0103 r1=010F r2=0000 r3=12F8 r4=3D06 r5=2FA2 r6=0000 r7=0000 r8=002F r9=0002 r10=D860 r11=0AE6 r12=0402 r13=0000 r14=0000 r15=43F4
t=85.200176000 pc=0002091A fcw=D860 r0=0103 r1=010F r2=0000 r3=12F8 r4=3D06 r5=2FA2 r6=0000 r7=0000 r8=002F r9=0002 r10=D860 r11=0AE6 r12=0402 r13=0000 r14=0000 r15=43F4
t=85.200178000 pc=0002091C fcw=D860 r0=0103 r1=010F r2=0000 r3=12F8 r4=3D06 r5=2FA2 r6=0000 r7=0000 r8=002F r9=0002 r10=D860 r11=0AE6 r12=0402 r13=0000 r14=0000 r15=43F4
t=85.200179500 pc=0002091E fcw=D860 r0=010F r1=0103 r2=0000 r3=12F8 r4=3D06 r5=2FA2 r6=0000 r7=0000 r8=002F r9=0002 r10=D860 r11=0AE6 r12=0402 r13=0000 r14=0000 r15=43F4
t=85.200182250 pc=00020920 fcw=D860 r0=010F r1=0103 r2=0000 r3=12F8 r4=3D06 r5=2FA2 r6=0000 r7=0000 r8=002F r9=0002 r10=D860 r11=0AE6 r12=0402 r13=0000 r14=0000 r15=43F4
t=85.200183750 pc=00020912 fcw=D860 r0=010F r1=0103 r2=0000 r3=12F8 r4=3D06 r5=2FA2 r6=0000 r7=0000 r8=002F r9=0002 r10=D860 r11=0AE6 r12=0402 r13=0000 r14=0000 r15=43F4
t=85.200185500 pc=00020914 fcw=D860 r0=010F r1=0103 r2=0000 r3=12F8 r4=3D06 r5=2FA2 r6=0000 r7=0000 r8=002F r9=0002 r10=D860 r11=0AE6 r12=0402 r13=0000 r14=0000 r15=43F4
t=85.200187250 pc=00020916 fcw=D860 r0=010F r1=0103 r2=0000 r3=12F8 r4=3D06 r5=2FA2 r6=0000 r7=0000 r8=002F r9=0002 r10=D860 r11=0AE6 r12=0402 r13=0000 r14=0000 r15=43F4
t=85.200190750 pc=0002091A fcw=D860 r0=010F r1=0103 r2=0000 r3=12F8 r4=3D06 r5=2FA2 r6=0000 r7=0000 r8=002F r9=0002 r10=D860 r11=0AE6 r12=0402 r13=0000 r14=0000 r15=43F4
t=85.200192750 pc=0002091C fcw=D860 r0=010F r1=0103 r2=0000 r3=12F8 r4=3D06 r5=2FA2 r6=0000 r7=0000 r8=002F r9=0002 r10=D860 r11=0AE6 r12=0402 r13=0000 r14=0000 r15=43F4
t=85.200194250 pc=0002091E fcw=D860 r0=0103 r1=010F r2=0000 r3=12F8 r4=3D06 r5=2FA2 r6=0000 r7=0000 r8=002F r9=0002 r10=D860 r11=0AE6 r12=0402 r13=0000 r14=0000 r15=43F4
t=85.200197000 pc=00020920 fcw=D860 r0=0103 r1=010F r2=0000 r3=12F8 r4=3D06 r5=2FA2 r6=0000 r7=0000 r8=002F r9=0002 r10=D860 r11=0AE6 r12=0402 r13=0000 r14=0000 r15=43F4
t=85.200198500 pc=00020912 fcw=D860 r0=0103 r1=010F r2=0000 r3=12F8 r4=3D06 r5=2FA2 r6=0000 r7=0000 r8=002F r9=0002 r10=D860 r11=0AE6 r12=0402 r13=0000 r14=0000 r15=43F4
t=85.200200250 pc=00020914 fcw=D860 r0=0103 r1=010F r2=0000 r3=12F8 r4=3D06 r5=2FA2 r6=0000 r7=0000 r8=002F r9=0002 r10=D860 r11=0AE6 r12=0402 r13=0000 r14=0000 r15=43F4
t=85.200202000 pc=00020916 fcw=D860 r0=0103 r1=010F r2=0000 r3=12F8 r4=3D06 r5=2FA2 r6=0000 r7=0000 r8=002F r9=0002 r10=D860 r11=0AE6 r12=0402 r13=0000 r14=0000 r15=43F4
t=85.200205500 pc=0002091A fcw=D860 r0=0103 r1=010F r2=0000 r3=12F8 r4=3D06 r5=2FA2 r6=0000 r7=0000 r8=002F r9=0002 r10=D860 r11=0AE6 r12=0402 r13=0000 r14=0000 r15=43F4
t=85.200207500 pc=0002091C fcw=D860 r0=0103 r1=010F r2=0000 r3=12F8 r4=3D06 r5=2FA2 r6=0000 r7=0000 r8=002F r9=0002 r10=D860 r11=0AE6 r12=0402 r13=0000 r14=0000 r15=43F4
t=85.200209000 pc=0002091E fcw=D860 r0=010F r1=0103 r2=0000 r3=12F8 r4=3D06 r5=2FA2 r6=0000 r7=0000 r8=002F r9=0002 r10=D860 r11=0AE6 r12=0402 r13=0000 r14=0000 r15=43F4
t=85.200211750 pc=00020920 fcw=D860 r0=010F r1=0103 r2=0000 r3=12F8 r4=3D06 r5=2FA2 r6=0000 r7=0000 r8=002F r9=0002 r10=D860 r11=0AE6 r12=0402 r13=0000 r14=0000 r15=43F4
t=85.200213250 pc=00020912 fcw=D860 r0=010F r1=0103 r2=0000 r3=12F8 r4=3D06 r5=2FA2 r6=0000 r7=0000 r8=002F r9=0002 r10=D860 r11=0AE6 r12=0402 r13=0000 r14=0000 r15=43F4
t=85.200215000 pc=00020914 fcw=D860 r0=010F r1=0103 r2=0000 r3=12F8 r4=3D06 r5=2FA2 r6=0000 r7=0000 r8=002F r9=0002 r10=D860 r11=0AE6 r12=0402 r13=0000 r14=0000 r15=43F4
t=85.200216750 pc=00020916 fcw=D860 r0=010F r1=0103 r2=0000 r3=12F8 r4=3D06 r5=2FA2 r6=0000 r7=0000 r8=002F r9=0002 r10=D860 r11=0AE6 r12=0402 r13=0000 r14=0000 r15=43F4
t=85.200220250 pc=0002091A fcw=D860 r0=010F r1=0103 r2=0000 r3=12F8 r4=3D06 r5=2FA2 r6=0000 r7=0000 r8=002F r9=0002 r10=D860 r11=0AE6 r12=0402 r13=0000 r14=0000 r15=43F4
t=85.200222250 pc=0002091C fcw=D860 r0=010F r1=0103 r2=0000 r3=12F8 r4=3D06 r5=2FA2 r6=0000 r7=0000 r8=002F r9=0002 r10=D860 r11=0AE6 r12=0402 r13=0000 r14=0000 r15=43F4
t=85.200223750 pc=0002091E fcw=D860 r0=0103 r1=010F r2=0000 r3=12F8 r4=3D06 r5=2FA2 r6=0000 r7=0000 r8=002F r9=0002 r10=D860 r11=0AE6 r12=0402 r13=0000 r14=0000 r15=43F4
t=85.200226500 pc=00020920 fcw=D860 r0=0103 r1=010F r2=0000 r3=12F8 r4=3D06 r5=2FA2 r6=0000 r7=0000 r8=002F r9=0002 r10=D860 r11=0AE6 r12=0402 r13=0000 r14=0000 r15=43F4
t=85.200228000 pc=00020912 fcw=D860 r0=0103 r1=010F r2=0000 r3=12F8 r4=3D06 r5=2FA2 r6=0000 r7=0000 r8=002F r9=0002 r10=D860 r11=0AE6 r12=0402 r13=0000 r14=0000 r15=43F4
t=85.200229750 pc=00020914 fcw=D860 r0=0103 r1=010F r2=0000 r3=12F8 r4=3D06 r5=2FA2 r6=0000 r7=0000 r8=002F r9=0002 r10=D860 r11=0AE6 r12=0402 r13=0000 r14=0000 r15=43F4
t=85.200231500 pc=00020916 fcw=D860 r0=0103 r1=010F r2=0000 r3=12F8 r4=3D06 r5=2FA2 r6=0000 r7=0000 r8=002F r9=0002 r10=D860 r11=0AE6 r12=0402 r13=0000 r14=0000 r15=43F4
t=85.200235000 pc=0002091A fcw=D860 r0=0103 r1=010F r2=0000 r3=12F8 r4=3D06 r5=2FA2 r6=0000 r7=0000 r8=002F r9=0002 r10=D860 r11=0AE6 r12=0402 r13=0000 r14=0000 r15=43F4
t=85.200237000 pc=0002091C fcw=D860 r0=0103 r1=010F r2=0000 r3=12F8 r4=3D06 r5=2FA2 r6=0000 r7=0000 r8=002F r9=0002 r10=D860 r11=0AE6 r12=0402 r13=0000 r14=0000 r15=43F4
t=85.200238500 pc=0002091E fcw=D860 r0=010F r1=0103 r2=0000 r3=12F8 r4=3D06 r5=2FA2 r6=0000 r7=0000 r8=002F r9=0002 r10=D860 r11=0AE6 r12=0402 r13=0000 r14=0000 r15=43F4
t=85.200241250 pc=00020920 fcw=D860 r0=010F r1=0103 r2=0000 r3=12F8 r4=3D06 r5=2FA2 r6=0000 r7=0000 r8=002F r9=0002 r10=D860 r11=0AE6 r12=0402 r13=0000 r14=0000 r15=43F4
t=85.200242750 pc=00020912 fcw=D860 r0=010F r1=0103 r2=0000 r3=12F8 r4=3D06 r5=2FA2 r6=0000 r7=0000 r8=002F r9=0002 r10=D860 r11=0AE6 r12=0402 r13=0000 r14=0000 r15=43F4
t=85.200244500 pc=00020914 fcw=D860 r0=010F r1=0103 r2=0000 r3=12F8 r4=3D06 r5=2FA2 r6=0000 r7=0000 r8=002F r9=0002 r10=D860 r11=0AE6 r12=0402 r13=0000 r14=0000 r15=43F4
t=85.200246250 pc=00020916 fcw=D860 r0=010F r1=0103 r2=0000 r3=12F8 r4=3D06 r5=2FA2 r6=0000 r7=0000 r8=002F r9=0002 r10=D860 r11=0AE6 r12=0402 r13=0000 r14=0000 r15=43F4
t=85.200249750 pc=0002091A fcw=D860 r0=010F r1=0103 r2=0000 r3=12F8 r4=3D06 r5=2FA2 r6=0000 r7=0000 r8=002F r9=0002 r10=D860 r11=0AE6 r12=0402 r13=0000 r14=0000 r15=43F4
t=85.200251750 pc=0002091C fcw=D860 r0=010F r1=0103 r2=0000 r3=12F8 r4=3D06 r5=2FA2 r6=0000 r7=0000 r8=002F r9=0002 r10=D860 r11=0AE6 r12=0402 r13=0000 r14=0000 r15=43F4
t=85.200253250 pc=0002091E fcw=D860 r0=0103 r1=010F r2=0000 r3=12F8 r4=3D06 r5=2FA2 r6=0000 r7=0000 r8=002F r9=0002 r10=D860 r11=0AE6 r12=0402 r13=0000 r14=0000 r15=43F4
t=85.200256000 pc=00020920 fcw=D860 r0=0103 r1=010F r2=0000 r3=12F8 r4=3D06 r5=2FA2 r6=0000 r7=0000 r8=002F r9=0002 r10=D860 r11=0AE6 r12=0402 r13=0000 r14=0000 r15=43F4
t=85.200257500 pc=00020912 fcw=D860 r0=0103 r1=010F r2=0000 r3=12F8 r4=3D06 r5=2FA2 r6=0000 r7=0000 r8=002F r9=0002 r10=D860 r11=0AE6 r12=0402 r13=0000 r14=0000 r15=43F4
t=85.200259250 pc=00020914 fcw=D860 r0=0103 r1=010F r2=0000 r3=12F8 r4=3D06 r5=2FA2 r6=0000 r7=0000 r8=002F r9=0002 r10=D860 r11=0AE6 r12=0402 r13=0000 r14=0000 r15=43F4
t=85.200261000 pc=00020916 fcw=D860 r0=0103 r1=010F r2=0000 r3=12F8 r4=3D06 r5=2FA2 r6=0000 r7=0000 r8=002F r9=0002 r10=D860 r11=0AE6 r12=0402 r13=0000 r14=0000 r15=43F4
t=85.200264500 pc=0002091A fcw=D860 r0=0103 r1=010F r2=0000 r3=12F8 r4=3D06 r5=2FA2 r6=0000 r7=0000 r8=002F r9=0002 r10=D860 r11=0AE6 r12=0402 r13=0000 r14=0000 r15=43F4
t=85.200266500 pc=0002091C fcw=D860 r0=0103 r1=010F r2=0000 r3=12F8 r4=3D06 r5=2FA2 r6=0000 r7=0000 r8=002F r9=0002 r10=D860 r11=0AE6 r12=0402 r13=0000 r14=0000 r15=43F4
t=85.200268000 pc=0002091E fcw=D860 r0=010F r1=0103 r2=0000 r3=12F8 r4=3D06 r5=2FA2 r6=0000 r7=0000 r8=002F r9=0002 r10=D860 r11=0AE6 r12=0402 r13=0000 r14=0000 r15=43F4
t=85.200270750 pc=00020920 fcw=D860 r0=010F r1=0103 r2=0000 r3=12F8 r4=3D06 r5=2FA2 r6=0000 r7=0000 r8=002F r9=0002 r10=D860 r11=0AE6 r12=0402 r13=0000 r14=0000 r15=43F4
t=85.200272250 pc=00020912 fcw=D860 r0=010F r1=0103 r2=0000 r3=12F8 r4=3D06 r5=2FA2 r6=0000 r7=0000 r8=002F r9=0002 r10=D860 r11=0AE6 r12=0402 r13=0000 r14=0000 r15=43F4
t=85.200274000 pc=00020914 fcw=D860 r0=010F r1=0103 r2=0000 r3=12F8 r4=3D06 r5=2FA2 r6=0000 r7=0000 r8=002F r9=0002 r10=D860 r11=0AE6 r12=0402 r13=0000 r14=0000 r15=43F4
t=85.200275750 pc=00020916 fcw=D860 r0=010F r1=0103 r2=0000 r3=12F8 r4=3D06 r5=2FA2 r6=0000 r7=0000 r8=002F r9=0002 r10=D860 r11=0AE6 r12=0402 r13=0000 r14=0000 r15=43F4
t=85.200279250 pc=0002091A fcw=D860 r0=010F r1=0103 r2=0000 r3=12F8 r4=3D06 r5=2FA2 r6=0000 r7=0000 r8=002F r9=0002 r10=D860 r11=0AE6 r12=0402 r13=0000 r14=0000 r15=43F4
t=85.200281250 pc=0002091C fcw=D860 r0=010F r1=0103 r2=0000 r3=12F8 r4=3D06 r5=2FA2 r6=0000 r7=0000 r8=002F r9=0002 r10=D860 r11=0AE6 r12=0402 r13=0000 r14=0000 r15=43F4
t=85.200282750 pc=0002091E fcw=D860 r0=0103 r1=010F r2=0000 r3=12F8 r4=3D06 r5=2FA2 r6=0000 r7=0000 r8=002F r9=0002 r10=D860 r11=0AE6 r12=0402 r13=0000 r14=0000 r15=43F4
t=85.200285500 pc=00020920 fcw=D860 r0=0103 r1=010F r2=0000 r3=12F8 r4=3D06 r5=2FA2 r6=0000 r7=0000 r8=002F r9=0002 r10=D860 r11=0AE6 r12=0402 r13=0000 r14=0000 r15=43F4
t=85.200287000 pc=00020912 fcw=D860 r0=0103 r1=010F r2=0000 r3=12F8 r4=3D06 r5=2FA2 r6=0000 r7=0000 r8=002F r9=0002 r10=D860 r11=0AE6 r12=0402 r13=0000 r14=0000 r15=43F4
t=85.200288750 pc=00020914 fcw=D860 r0=0103 r1=010F r2=0000 r3=12F8 r4=3D06 r5=2FA2 r6=0000 r7=0000 r8=002F r9=0002 r10=D860 r11=0AE6 r12=0402 r13=0000 r14=0000 r15=43F4
t=85.200290500 pc=00020916 fcw=D860 r0=0103 r1=010F r2=0000 r3=12F8 r4=3D06 r5=2FA2 r6=0000 r7=0000 r8=002F r9=0002 r10=D860 r11=0AE6 r12=0402 r13=0000 r14=0000 r15=43F4
t=85.200294000 pc=0002091A fcw=D860 r0=0103 r1=010F r2=0000 r3=12F8 r4=3D06 r5=2FA2 r6=0000 r7=0000 r8=002F r9=0002 r10=D860 r11=0AE6 r12=0402 r13=0000 r14=0000 r15=43F4
t=85.200296000 pc=0002091C fcw=D860 r0=0103 r1=010F r2=0000 r3=12F8 r4=3D06 r5=2FA2 r6=0000 r7=0000 r8=002F r9=0002 r10=D860 r11=0AE6 r12=0402 r13=0000 r14=0000 r15=43F4
t=85.200297500 pc=0002091E fcw=D860 r0=010F r1=0103 r2=0000 r3=12F8 r4=3D06 r5=2FA2 r6=0000 r7=0000 r8=002F r9=0002 r10=D860 r11=0AE6 r12=0402 r13=0000 r14=0000 r15=43F4
t=85.200300250 pc=00020920 fcw=D860 r0=010F r1=0103 r2=0000 r3=12F8 r4=3D06 r5=2FA2 r6=0000 r7=0000 r8=002F r9=0002 r10=D860 r11=0AE6 r12=0402 r13=0000 r14=0000 r15=43F4
t=85.200301750 pc=00020912 fcw=D860 r0=010F r1=0103 r2=0000 r3=12F8 r4=3D06 r5=2FA2 r6=0000 r7=0000 r8=002F r9=0002 r10=D860 r11=0AE6 r12=0402 r13=0000 r14=0000 r15=43F4
t=85.200303500 pc=00020914 fcw=D860 r0=010F r1=0103 r2=0000 r3=12F8 r4=3D06 r5=2FA2 r6=0000 r7=0000 r8=002F r9=0002 r10=D860 r11=0AE6 r12=0402 r13=0000 r14=0000 r15=43F4
t=85.200305250 pc=00020916 fcw=D860 r0=010F r1=0103 r2=0000 r3=12F8 r4=3D06 r5=2FA2 r6=0000 r7=0000 r8=002F r9=0002 r10=D860 r11=0AE6 r12=0402 r13=0000 r14=0000 r15=43F4
t=85.200308750 pc=0002091A fcw=D860 r0=010F r1=0103 r2=0000 r3=12F8 r4=3D06 r5=2FA2 r6=0000 r7=0000 r8=002F r9=0002 r10=D860 r11=0AE6 r12=0402 r13=0000 r14=0000 r15=43F4
t=85.200310750 pc=0002091C fcw=D860 r0=010F r1=0103 r2=0000 r3=12F8 r4=3D06 r5=2FA2 r6=0000 r7=0000 r8=002F r9=0002 r10=D860 r11=0AE6 r12=0402 r13=0000 r14=0000 r15=43F4
t=85.200312250 pc=0002091E fcw=D860 r0=0103 r1=010F r2=0000 r3=12F8 r4=3D06 r5=2FA2 r6=0000 r7=0000 r8=002F r9=0002 r10=D860 r11=0AE6 r12=0402 r13=0000 r14=0000 r15=43F4
t=85.200315000 pc=00020920 fcw=D860 r0=0103 r1=010F r2=0000 r3=12F8 r4=3D06 r5=2FA2 r6=0000 r7=0000 r8=002F r9=0002 r10=D860 r11=0AE6 r12=0402 r13=0000 r14=0000 r15=43F4
t=85.200316500 pc=00020912 fcw=D860 r0=0103 r1=010F r2=0000 r3=12F8 r4=3D06 r5=2FA2 r6=0000 r7=0000 r8=002F r9=0002 r10=D860 r11=0AE6 r12=0402 r13=0000 r14=0000 r15=43F4
t=85.200318250 pc=00020914 fcw=D860 r0=0103 r1=010F r2=0000 r3=12F8 r4=3D06 r5=2FA2 r6=0000 r7=0000 r8=002F r9=0002 r10=D860 r11=0AE6 r12=0402 r13=0000 r14=0000 r15=43F4
t=85.200320000 pc=00020916 fcw=D860 r0=0103 r1=010F r2=0000 r3=12F8 r4=3D06 r5=2FA2 r6=0000 r7=0000 r8=002F r9=0002 r10=D860 r11=0AE6 r12=0402 r13=0000 r14=0000 r15=43F4
t=85.200323500 pc=0002091A fcw=D860 r0=0103 r1=010F r2=0000 r3=12F8 r4=3D06 r5=2FA2 r6=0000 r7=0000 r8=002F r9=0002 r10=D860 r11=0AE6 r12=0402 r13=0000 r14=0000 r15=43F4
t=85.200325500 pc=0002091C fcw=D860 r0=0103 r1=010F r2=0000 r3=12F8 r4=3D06 r5=2FA2 r6=0000 r7=0000 r8=002F r9=0002 r10=D860 r11=0AE6 r12=0402 r13=0000 r14=0000 r15=43F4
t=85.200327000 pc=0002091E fcw=D860 r0=010F r1=0103 r2=0000 r3=12F8 r4=3D06 r5=2FA2 r6=0000 r7=0000 r8=002F r9=0002 r10=D860 r11=0AE6 r12=0402 r13=0000 r14=0000 r15=43F4
t=85.200329750 pc=00020920 fcw=D860 r0=010F r1=0103 r2=0000 r3=12F8 r4=3D06 r5=2FA2 r6=0000 r7=0000 r8=002F r9=0002 r10=D860 r11=0AE6 r12=0402 r13=0000 r14=0000 r15=43F4
t=85.200331250 pc=00020912 fcw=D860 r0=010F r1=0103 r2=0000 r3=12F8 r4=3D06 r5=2FA2 r6=0000 r7=0000 r8=002F r9=0002 r10=D860 r11=0AE6 r12=0402 r13=0000 r14=0000 r15=43F4
t=85.200333000 pc=00020914 fcw=D860 r0=010F r1=0103 r2=0000 r3=12F8 r4=3D06 r5=2FA2 r6=0000 r7=0000 r8=002F r9=0002 r10=D860 r11=0AE6 r12=0402 r13=0000 r14=0000 r15=43F4
t=85.200334750 pc=00020916 fcw=D860 r0=010F r1=0103 r2=0000 r3=12F8 r4=3D06 r5=2FA2 r6=0000 r7=0000 r8=002F r9=0002 r10=D860 r11=0AE6 r12=0402 r13=0000 r14=0000 r15=43F4
t=85.200338250 pc=0002091A fcw=D860 r0=010F r1=0103 r2=0000 r3=12F8 r4=3D06 r5=2FA2 r6=0000 r7=0000 r8=002F r9=0002 r10=D860 r11=0AE6 r12=0402 r13=0000 r14=0000 r15=43F4
t=85.200340250 pc=0002091C fcw=D860 r0=010F r1=0103 r2=0000 r3=12F8 r4=3D06 r5=2FA2 r6=0000 r7=0000 r8=002F r9=0002 r10=D860 r11=0AE6 r12=0402 r13=0000 r14=0000 r15=43F4
t=85.200341750 pc=0002091E fcw=D860 r0=0103 r1=010F r2=0000 r3=12F8 r4=3D06 r5=2FA2 r6=0000 r7=0000 r8=002F r9=0002 r10=D860 r11=0AE6 r12=0402 r13=0000 r14=0000 r15=43F4
t=85.200344500 pc=00020920 fcw=D860 r0=0103 r1=010F r2=0000 r3=12F8 r4=3D06 r5=2FA2 r6=0000 r7=0000 r8=002F r9=0002 r10=D860 r11=0AE6 r12=0402 r13=0000 r14=0000 r15=43F4
t=85.200346000 pc=00020912 fcw=D860 r0=0103 r1=010F r2=0000 r3=12F8 r4=3D06 r5=2FA2 r6=0000 r7=0000 r8=002F r9=0002 r10=D860 r11=0AE6 r12=0402 r13=0000 r14=0000 r15=43F4
t=85.200347750 pc=00020914 fcw=D860 r0=0103 r1=010F r2=0000 r3=12F8 r4=3D06 r5=2FA2 r6=0000 r7=0000 r8=002F r9=0002 r10=D860 r11=0AE6 r12=0402 r13=0000 r14=0000 r15=43F4
t=85.200349500 pc=00020916 fcw=D860 r0=0103 r1=010F r2=0000 r3=12F8 r4=3D06 r5=2FA2 r6=0000 r7=0000 r8=002F r9=0002 r10=D860 r11=0AE6 r12=0402 r13=0000 r14=0000 r15=43F4
t=85.200353000 pc=0002091A fcw=D860 r0=0103 r1=010F r2=0000 r3=12F8 r4=3D06 r5=2FA2 r6=0000 r7=0000 r8=002F r9=0002 r10=D860 r11=0AE6 r12=0402 r13=0000 r14=0000 r15=43F4
t=85.200355000 pc=0002091C fcw=D860 r0=0103 r1=010F r2=0000 r3=12F8 r4=3D06 r5=2FA2 r6=0000 r7=0000 r8=002F r9=0002 r10=D860 r11=0AE6 r12=0402 r13=0000 r14=0000 r15=43F4
t=85.200356500 pc=0002091E fcw=D860 r0=010F r1=0103 r2=0000 r3=12F8 r4=3D06 r5=2FA2 r6=0000 r7=0000 r8=002F r9=0002 r10=D860 r11=0AE6 r12=0402 r13=0000 r14=0000 r15=43F4
t=85.200359250 pc=00020920 fcw=D860 r0=010F r1=0103 r2=0000 r3=12F8 r4=3D06 r5=2FA2 r6=0000 r7=0000 r8=002F r9=0002 r10=D860 r11=0AE6 r12=0402 r13=0000 r14=0000 r15=43F4
t=85.200360750 pc=00020912 fcw=D860 r0=010F r1=0103 r2=0000 r3=12F8 r4=3D06 r5=2FA2 r6=0000 r7=0000 r8=002F r9=0002 r10=D860 r11=0AE6 r12=0402 r13=0000 r14=0000 r15=43F4
t=85.200362500 pc=00020914 fcw=D860 r0=010F r1=0103 r2=0000 r3=12F8 r4=3D06 r5=2FA2 r6=0000 r7=0000 r8=002F r9=0002 r10=D860 r11=0AE6 r12=0402 r13=0000 r14=0000 r15=43F4
t=85.200364250 pc=00020916 fcw=D860 r0=010F r1=0103 r2=0000 r3=12F8 r4=3D06 r5=2FA2 r6=0000 r7=0000 r8=002F r9=0002 r10=D860 r11=0AE6 r12=0402 r13=0000 r14=0000 r15=43F4
t=85.200367750 pc=0002091A fcw=D860 r0=010F r1=0103 r2=0000 r3=12F8 r4=3D06 r5=2FA2 r6=0000 r7=0000 r8=002F r9=0002 r10=D860 r11=0AE6 r12=0402 r13=0000 r14=0000 r15=43F4
t=85.200369750 pc=0002091C fcw=D860 r0=010F r1=0103 r2=0000 r3=12F8 r4=3D06 r5=2FA2 r6=0000 r7=0000 r8=002F r9=0002 r10=D860 r11=0AE6 r12=0402 r13=0000 r14=0000 r15=43F4
t=85.200371250 pc=0002091E fcw=D860 r0=0103 r1=010F r2=0000 r3=12F8 r4=3D06 r5=2FA2 r6=0000 r7=0000 r8=002F r9=0002 r10=D860 r11=0AE6 r12=0402 r13=0000 r14=0000 r15=43F4
t=85.200374000 pc=00020920 fcw=D860 r0=0103 r1=010F r2=0000 r3=12F8 r4=3D06 r5=2FA2 r6=0000 r7=0000 r8=002F r9=0002 r10=D860 r11=0AE6 r12=0402 r13=0000 r14=0000 r15=43F4
t=85.200375500 pc=00020912 fcw=D860 r0=0103 r1=010F r2=0000 r3=12F8 r4=3D06 r5=2FA2 r6=0000 r7=0000 r8=002F r9=0002 r10=D860 r11=0AE6 r12=0402 r13=0000 r14=0000 r15=43F4
t=85.200377250 pc=00020914 fcw=D860 r0=0103 r1=010F r2=0000 r3=12F8 r4=3D06 r5=2FA2 r6=0000 r7=0000 r8=002F r9=0002 r10=D860 r11=0AE6 r12=0402 r13=0000 r14=0000 r15=43F4
t=85.200379000 pc=00020916 fcw=D860 r0=0103 r1=010F r2=0000 r3=12F8 r4=3D06 r5=2FA2 r6=0000 r7=0000 r8=002F r9=0002 r10=D860 r11=0AE6 r12=0402 r13=0000 r14=0000 r15=43F4
t=85.200382500 pc=0002091A fcw=D860 r0=0103 r1=010F r2=0000 r3=12F8 r4=3D06 r5=2FA2 r6=0000 r7=0000 r8=002F r9=0002 r10=D860 r11=0AE6 r12=0402 r13=0000 r14=0000 r15=43F4
t=85.200384500 pc=0002091C fcw=D860 r0=0103 r1=010F r2=0000 r3=12F8 r4=3D06 r5=2FA2 r6=0000 r7=0000 r8=002F r9=0002 r10=D860 r11=0AE6 r12=0402 r13=0000 r14=0000 r15=43F4
t=85.200386000 pc=0002091E fcw=D860 r0=010F r1=0103 r2=0000 r3=12F8 r4=3D06 r5=2FA2 r6=0000 r7=0000 r8=002F r9=0002 r10=D860 r11=0AE6 r12=0402 r13=0000 r14=0000 r15=43F4
t=85.200388750 pc=00020920 fcw=D860 r0=010F r1=0103 r2=0000 r3=12F8 r4=3D06 r5=2FA2 r6=0000 r7=0000 r8=002F r9=0002 r10=D860 r11=0AE6 r12=0402 r13=0000 r14=0000 r15=43F4
t=85.200390250 pc=00020912 fcw=D860 r0=010F r1=0103 r2=0000 r3=12F8 r4=3D06 r5=2FA2 r6=0000 r7=0000 r8=002F r9=0002 r10=D860 r11=0AE6 r12=0402 r13=0000 r14=0000 r15=43F4
t=85.200392000 pc=00020914 fcw=D860 r0=010F r1=0103 r2=0000 r3=12F8 r4=3D06 r5=2FA2 r6=0000 r7=0000 r8=002F r9=0002 r10=D860 r11=0AE6 r12=0402 r13=0000 r14=0000 r15=43F4
t=85.200393750 pc=00020916 fcw=D860 r0=010F r1=0103 r2=0000 r3=12F8 r4=3D06 r5=2FA2 r6=0000 r7=0000 r8=002F r9=0002 r10=D860 r11=0AE6 r12=0402 r13=0000 r14=0000 r15=43F4
t=85.200397250 pc=0002091A fcw=D860 r0=010F r1=0103 r2=0000 r3=12F8 r4=3D06 r5=2FA2 r6=0000 r7=0000 r8=002F r9=0002 r10=D860 r11=0AE6 r12=0402 r13=0000 r14=0000 r15=43F4
t=85.200399250 pc=0002091C fcw=D860 r0=010F r1=0103 r2=0000 r3=12F8 r4=3D06 r5=2FA2 r6=0000 r7=0000 r8=002F r9=0002 r10=D860 r11=0AE6 r12=0402 r13=0000 r14=0000 r15=43F4
t=85.200400750 pc=0002091E fcw=D860 r0=0103 r1=010F r2=0000 r3=12F8 r4=3D06 r5=2FA2 r6=0000 r7=0000 r8=002F r9=0002 r10=D860 r11=0AE6 r12=0402 r13=0000 r14=0000 r15=43F4
t=85.200403500 pc=00020920 fcw=D860 r0=0103 r1=010F r2=0000 r3=12F8 r4=3D06 r5=2FA2 r6=0000 r7=0000 r8=002F r9=0002 r10=D860 r11=0AE6 r12=0402 r13=0000 r14=0000 r15=43F4
t=85.200405000 pc=00020912 fcw=D860 r0=0103 r1=010F r2=0000 r3=12F8 r4=3D06 r5=2FA2 r6=0000 r7=0000 r8=002F r9=0002 r10=D860 r11=0AE6 r12=0402 r13=0000 r14=0000 r15=43F4
t=85.200406750 pc=00020914 fcw=D860 r0=0103 r1=010F r2=0000 r3=12F8 r4=3D06 r5=2FA2 r6=0000 r7=0000 r8=002F r9=0002 r10=D860 r11=0AE6 r12=0402 r13=0000 r14=0000 r15=43F4
t=85.200408500 pc=00020916 fcw=D860 r0=0103 r1=010F r2=0000 r3=12F8 r4=3D06 r5=2FA2 r6=0000 r7=0000 r8=002F r9=0002 r10=D860 r11=0AE6 r12=0402 r13=0000 r14=0000 r15=43F4
t=85.200412000 pc=0002091A fcw=D860 r0=0103 r1=010F r2=0000 r3=12F8 r4=3D06 r5=2FA2 r6=0000 r7=0000 r8=002F r9=0002 r10=D860 r11=0AE6 r12=0402 r13=0000 r14=0000 r15=43F4
t=85.200414000 pc=0002091C fcw=D860 r0=0103 r1=010F r2=0000 r3=12F8 r4=3D06 r5=2FA2 r6=0000 r7=0000 r8=002F r9=0002 r10=D860 r11=0AE6 r12=0402 r13=0000 r14=0000 r15=43F4
t=85.200415500 pc=0002091E fcw=D860 r0=010F r1=0103 r2=0000 r3=12F8 r4=3D06 r5=2FA2 r6=0000 r7=0000 r8=002F r9=0002 r10=D860 r11=0AE6 r12=0402 r13=0000 r14=0000 r15=43F4
t=85.200418250 pc=00020920 fcw=D860 r0=010F r1=0103 r2=0000 r3=12F8 r4=3D06 r5=2FA2 r6=0000 r7=0000 r8=002F r9=0002 r10=D860 r11=0AE6 r12=0402 r13=0000 r14=0000 r15=43F4
t=85.200419750 pc=00020912 fcw=D860 r0=010F r1=0103 r2=0000 r3=12F8 r4=3D06 r5=2FA2 r6=0000 r7=0000 r8=002F r9=0002 r10=D860 r11=0AE6 r12=0402 r13=0000 r14=0000 r15=43F4
t=85.200421500 pc=00020914 fcw=D860 r0=010F r1=0103 r2=0000 r3=12F8 r4=3D06 r5=2FA2 r6=0000 r7=0000 r8=002F r9=0002 r10=D860 r11=0AE6 r12=0402 r13=0000 r14=0000 r15=43F4
t=85.200423250 pc=00020916 fcw=D860 r0=010F r1=0103 r2=0000 r3=12F8 r4=3D06 r5=2FA2 r6=0000 r7=0000 r8=002F r9=0002 r10=D860 r11=0AE6 r12=0402 r13=0000 r14=0000 r15=43F4
t=85.200426750 pc=0002091A fcw=D860 r0=010F r1=0103 r2=0000 r3=12F8 r4=3D06 r5=2FA2 r6=0000 r7=0000 r8=002F r9=0002 r10=D860 r11=0AE6 r12=0402 r13=0000 r14=0000 r15=43F4
t=85.200428750 pc=0002091C fcw=D860 r0=010F r1=0103 r2=0000 r3=12F8 r4=3D06 r5=2FA2 r6=0000 r7=0000 r8=002F r9=0002 r10=D860 r11=0AE6 r12=0402 r13=0000 r14=0000 r15=43F4
t=85.200430250 pc=0002091E fcw=D860 r0=0103 r1=010F r2=0000 r3=12F8 r4=3D06 r5=2FA2 r6=0000 r7=0000 r8=002F r9=0002 r10=D860 r11=0AE6 r12=0402 r13=0000 r14=0000 r15=43F4
t=85.200433000 pc=00020920 fcw=D860 r0=0103 r1=010F r2=0000 r3=12F8 r4=3D06 r5=2FA2 r6=0000 r7=0000 r8=002F r9=0002 r10=D860 r11=0AE6 r12=0402 r13=0000 r14=0000 r15=43F4
t=85.200434500 pc=00020912 fcw=D860 r0=0103 r1=010F r2=0000 r3=12F8 r4=3D06 r5=2FA2 r6=0000 r7=0000 r8=002F r9=0002 r10=D860 r11=0AE6 r12=0402 r13=0000 r14=0000 r15=43F4
t=85.200436250 pc=00020914 fcw=D860 r0=0103 r1=010F r2=0000 r3=12F8 r4=3D06 r5=2FA2 r6=0000 r7=0000 r8=002F r9=0002 r10=D860 r11=0AE6 r12=0402 r13=0000 r14=0000 r15=43F4
t=85.200438000 pc=00020916 fcw=D860 r0=0103 r1=010F r2=0000 r3=12F8 r4=3D06 r5=2FA2 r6=0000 r7=0000 r8=002F r9=0002 r10=D860 r11=0AE6 r12=0402 r13=0000 r14=0000 r15=43F4
t=85.200441500 pc=0002091A fcw=D860 r0=0103 r1=010F r2=0000 r3=12F8 r4=3D06 r5=2FA2 r6=0000 r7=0000 r8=002F r9=0002 r10=D860 r11=0AE6 r12=0402 r13=0000 r14=0000 r15=43F4
t=85.200443500 pc=0002091C fcw=D860 r0=0103 r1=010F r2=0000 r3=12F8 r4=3D06 r5=2FA2 r6=0000 r7=0000 r8=002F r9=0002 r10=D860 r11=0AE6 r12=0402 r13=0000 r14=0000 r15=43F4
t=85.200445000 pc=0002091E fcw=D860 r0=010F r1=0103 r2=0000 r3=12F8 r4=3D06 r5=2FA2 r6=0000 r7=0000 r8=002F r9=0002 r10=D860 r11=0AE6 r12=0402 r13=0000 r14=0000 r15=43F4
t=85.200447750 pc=00020920 fcw=D860 r0=010F r1=0103 r2=0000 r3=12F8 r4=3D06 r5=2FA2 r6=0000 r7=0000 r8=002F r9=0002 r10=D860 r11=0AE6 r12=0402 r13=0000 r14=0000 r15=43F4
t=85.200449250 pc=00020912 fcw=D860 r0=010F r1=0103 r2=0000 r3=12F8 r4=3D06 r5=2FA2 r6=0000 r7=0000 r8=002F r9=0002 r10=D860 r11=0AE6 r12=0402 r13=0000 r14=0000 r15=43F4
t=85.200451000 pc=00020914 fcw=D860 r0=010F r1=0103 r2=0000 r3=12F8 r4=3D06 r5=2FA2 r6=0000 r7=0000 r8=002F r9=0002 r10=D860 r11=0AE6 r12=0402 r13=0000 r14=0000 r15=43F4
t=85.200452750 pc=00020916 fcw=D860 r0=010F r1=0103 r2=0000 r3=12F8 r4=3D06 r5=2FA2 r6=0000 r7=0000 r8=002F r9=0002 r10=D860 r11=0AE6 r12=0402 r13=0000 r14=0000 r15=43F4
t=85.200456250 pc=0002091A fcw=D860 r0=010F r1=0103 r2=0000 r3=12F8 r4=3D06 r5=2FA2 r6=0000 r7=0000 r8=002F r9=0002 r10=D860 r11=0AE6 r12=0402 r13=0000 r14=0000 r15=43F4
t=85.200458250 pc=0002091C fcw=D860 r0=010F r1=0103 r2=0000 r3=12F8 r4=3D06 r5=2FA2 r6=0000 r7=0000 r8=002F r9=0002 r10=D860 r11=0AE6 r12=0402 r13=0000 r14=0000 r15=43F4
t=85.200459750 pc=0002091E fcw=D860 r0=0103 r1=010F r2=0000 r3=12F8 r4=3D06 r5=2FA2 r6=0000 r7=0000 r8=002F r9=0002 r10=D860 r11=0AE6 r12=0402 r13=0000 r14=0000 r15=43F4
t=85.200462500 pc=00020920 fcw=D860 r0=0103 r1=010F r2=0000 r3=12F8 r4=3D06 r5=2FA2 r6=0000 r7=0000 r8=002F r9=0002 r10=D860 r11=0AE6 r12=0402 r13=0000 r14=0000 r15=43F4
t=85.200464000 pc=00020912 fcw=D860 r0=0103 r1=010F r2=0000 r3=12F8 r4=3D06 r5=2FA2 r6=0000 r7=0000 r8=002F r9=0002 r10=D860 r11=0AE6 r12=0402 r13=0000 r14=0000 r15=43F4
t=85.200465750 pc=00020914 fcw=D860 r0=0103 r1=010F r2=0000 r3=12F8 r4=3D06 r5=2FA2 r6=0000 r7=0000 r8=002F r9=0002 r10=D860 r11=0AE6 r12=0402 r13=0000 r14=0000 r15=43F4
t=85.200467500 pc=00020916 fcw=D860 r0=0103 r1=010F r2=0000 r3=12F8 r4=3D06 r5=2FA2 r6=0000 r7=0000 r8=002F r9=0002 r10=D860 r11=0AE6 r12=0402 r13=0000 r14=0000 r15=43F4
t=85.200471000 pc=0002091A fcw=D860 r0=0103 r1=010F r2=0000 r3=12F8 r4=3D06 r5=2FA2 r6=0000 r7=0000 r8=002F r9=0002 r10=D860 r11=0AE6 r12=0402 r13=0000 r14=0000 r15=43F4
t=85.200473000 pc=0002091C fcw=D860 r0=0103 r1=010F r2=0000 r3=12F8 r4=3D06 r5=2FA2 r6=0000 r7=0000 r8=002F r9=0002 r10=D860 r11=0AE6 r12=0402 r13=0000 r14=0000 r15=43F4
t=85.200474500 pc=0002091E fcw=D860 r0=010F r1=0103 r2=0000 r3=12F8 r4=3D06 r5=2FA2 r6=0000 r7=0000 r8=002F r9=0002 r10=D860 r11=0AE6 r12=0402 r13=0000 r14=0000 r15=43F4
t=85.200477250 pc=00020920 fcw=D860 r0=010F r1=0103 r2=0000 r3=12F8 r4=3D06 r5=2FA2 r6=0000 r7=0000 r8=002F r9=0002 r10=D860 r11=0AE6 r12=0402 r13=0000 r14=0000 r15=43F4
t=85.200478750 pc=00020912 fcw=D860 r0=010F r1=0103 r2=0000 r3=12F8 r4=3D06 r5=2FA2 r6=0000 r7=0000 r8=002F r9=0002 r10=D860 r11=0AE6 r12=0402 r13=0000 r14=0000 r15=43F4
t=85.200480500 pc=00020914 fcw=D860 r0=010F r1=0103 r2=0000 r3=12F8 r4=3D06 r5=2FA2 r6=0000 r7=0000 r8=002F r9=0002 r10=D860 r11=0AE6 r12=0402 r13=0000 r14=0000 r15=43F4
t=85.200482250 pc=00020916 fcw=D860 r0=010F r1=0103 r2=0000 r3=12F8 r4=3D06 r5=2FA2 r6=0000 r7=0000 r8=002F r9=0002 r10=D860 r11=0AE6 r12=0402 r13=0000 r14=0000 r15=43F4
t=85.200485750 pc=0002091A fcw=D860 r0=010F r1=0103 r2=0000 r3=12F8 r4=3D06 r5=2FA2 r6=0000 r7=0000 r8=002F r9=0002 r10=D860 r11=0AE6 r12=0402 r13=0000 r14=0000 r15=43F4
t=85.200487750 pc=0002091C fcw=D860 r0=010F r1=0103 r2=0000 r3=12F8 r4=3D06 r5=2FA2 r6=0000 r7=0000 r8=002F r9=0002 r10=D860 r11=0AE6 r12=0402 r13=0000 r14=0000 r15=43F4
t=85.200489250 pc=0002091E fcw=D860 r0=0103 r1=010F r2=0000 r3=12F8 r4=3D06 r5=2FA2 r6=0000 r7=0000 r8=002F r9=0002 r10=D860 r11=0AE6 r12=0402 r13=0000 r14=0000 r15=43F4
t=85.200492000 pc=00020920 fcw=D860 r0=0103 r1=010F r2=0000 r3=12F8 r4=3D06 r5=2FA2 r6=0000 r7=0000 r8=002F r9=0002 r10=D860 r11=0AE6 r12=0402 r13=0000 r14=0000 r15=43F4
t=85.200493500 pc=00020912 fcw=D860 r0=0103 r1=010F r2=0000 r3=12F8 r4=3D06 r5=2FA2 r6=0000 r7=0000 r8=002F r9=0002 r10=D860 r11=0AE6 r12=0402 r13=0000 r14=0000 r15=43F4
t=85.200495250 pc=00020914 fcw=D860 r0=0103 r1=010F r2=0000 r3=12F8 r4=3D06 r5=2FA2 r6=0000 r7=0000 r8=002F r9=0002 r10=D860 r11=0AE6 r12=0402 r13=0000 r14=0000 r15=43F4
t=85.200497000 pc=00020916 fcw=D860 r0=0103 r1=010F r2=0000 r3=12F8 r4=3D06 r5=2FA2 r6=0000 r7=0000 r8=002F r9=0002 r10=D860 r11=0AE6 r12=0402 r13=0000 r14=0000 r15=43F4
t=85.200500500 pc=0002091A fcw=D860 r0=0103 r1=010F r2=0000 r3=12F8 r4=3D06 r5=2FA2 r6=0000 r7=0000 r8=002F r9=0002 r10=D860 r11=0AE6 r12=0402 r13=0000 r14=0000 r15=43F4
t=85.200502500 pc=0002091C fcw=D860 r0=0103 r1=010F r2=0000 r3=12F8 r4=3D06 r5=2FA2 r6=0000 r7=0000 r8=002F r9=0002 r10=D860 r11=0AE6 r12=0402 r13=0000 r14=0000 r15=43F4
t=85.200504000 pc=0002091E fcw=D860 r0=010F r1=0103 r2=0000 r3=12F8 r4=3D06 r5=2FA2 r6=0000 r7=0000 r8=002F r9=0002 r10=D860 r11=0AE6 r12=0402 r13=0000 r14=0000 r15=43F4
t=85.200506750 pc=00020920 fcw=D860 r0=010F r1=0103 r2=0000 r3=12F8 r4=3D06 r5=2FA2 r6=0000 r7=0000 r8=002F r9=0002 r10=D860 r11=0AE6 r12=0402 r13=0000 r14=0000 r15=43F4
t=85.200508250 pc=00020912 fcw=D860 r0=010F r1=0103 r2=0000 r3=12F8 r4=3D06 r5=2FA2 r6=0000 r7=0000 r8=002F r9=0002 r10=D860 r11=0AE6 r12=0402 r13=0000 r14=0000 r15=43F4
t=85.200510000 pc=00020914 fcw=D860 r0=010F r1=0103 r2=0000 r3=12F8 r4=3D06 r5=2FA2 r6=0000 r7=0000 r8=002F r9=0002 r10=D860 r11=0AE6 r12=0402 r13=0000 r14=0000 r15=43F4
t=85.200511750 pc=00020916 fcw=D860 r0=010F r1=0103 r2=0000 r3=12F8 r4=3D06 r5=2FA2 r6=0000 r7=0000 r8=002F r9=0002 r10=D860 r11=0AE6 r12=0402 r13=0000 r14=0000 r15=43F4
t=85.200515250 pc=0002091A fcw=D860 r0=010F r1=0103 r2=0000 r3=12F8 r4=3D06 r5=2FA2 r6=0000 r7=0000 r8=002F r9=0002 r10=D860 r11=0AE6 r12=0402 r13=0000 r14=0000 r15=43F4
t=85.200517250 pc=0002091C fcw=D860 r0=010F r1=0103 r2=0000 r3=12F8 r4=3D06 r5=2FA2 r6=0000 r7=0000 r8=002F r9=0002 r10=D860 r11=0AE6 r12=0402 r13=0000 r14=0000 r15=43F4
t=85.200518750 pc=0002091E fcw=D860 r0=0103 r1=010F r2=0000 r3=12F8 r4=3D06 r5=2FA2 r6=0000 r7=0000 r8=002F r9=0002 r10=D860 r11=0AE6 r12=0402 r13=0000 r14=0000 r15=43F4
t=85.200521500 pc=00020920 fcw=D860 r0=0103 r1=010F r2=0000 r3=12F8 r4=3D06 r5=2FA2 r6=0000 r7=0000 r8=002F r9=0002 r10=D860 r11=0AE6 r12=0402 r13=0000 r14=0000 r15=43F4
t=85.200523000 pc=00020912 fcw=D860 r0=0103 r1=010F r2=0000 r3=12F8 r4=3D06 r5=2FA2 r6=0000 r7=0000 r8=002F r9=0002 r10=D860 r11=0AE6 r12=0402 r13=0000 r14=0000 r15=43F4
t=85.200524750 pc=00020914 fcw=D860 r0=0103 r1=010F r2=0000 r3=12F8 r4=3D06 r5=2FA2 r6=0000 r7=0000 r8=002F r9=0002 r10=D860 r11=0AE6 r12=0402 r13=0000 r14=0000 r15=43F4
t=85.200526500 pc=00020916 fcw=D860 r0=0103 r1=010F r2=0000 r3=12F8 r4=3D06 r5=2FA2 r6=0000 r7=0000 r8=002F r9=0002 r10=D860 r11=0AE6 r12=0402 r13=0000 r14=0000 r15=43F4
t=85.200530000 pc=0002091A fcw=D860 r0=0103 r1=010F r2=0000 r3=12F8 r4=3D06 r5=2FA2 r6=0000 r7=0000 r8=002F r9=0002 r10=D860 r11=0AE6 r12=0402 r13=0000 r14=0000 r15=43F4
t=85.200532000 pc=0002091C fcw=D860 r0=0103 r1=010F r2=0000 r3=12F8 r4=3D06 r5=2FA2 r6=0000 r7=0000 r8=002F r9=0002 r10=D860 r11=0AE6 r12=0402 r13=0000 r14=0000 r15=43F4
t=85.200533500 pc=0002091E fcw=D860 r0=010F r1=0103 r2=0000 r3=12F8 r4=3D06 r5=2FA2 r6=0000 r7=0000 r8=002F r9=0002 r10=D860 r11=0AE6 r12=0402 r13=0000 r14=0000 r15=43F4
t=85.200536250 pc=00020920 fcw=D860 r0=010F r1=0103 r2=0000 r3=12F8 r4=3D06 r5=2FA2 r6=0000 r7=0000 r8=002F r9=0002 r10=D860 r11=0AE6 r12=0402 r13=0000 r14=0000 r15=43F4
t=85.200537750 pc=00020912 fcw=D860 r0=010F r1=0103 r2=0000 r3=12F8 r4=3D06 r5=2FA2 r6=0000 r7=0000 r8=002F r9=0002 r10=D860 r11=0AE6 r12=0402 r13=0000 r14=0000 r15=43F4
t=85.200539500 pc=00020914 fcw=D860 r0=010F r1=0103 r2=0000 r3=12F8 r4=3D06 r5=2FA2 r6=0000 r7=0000 r8=002F r9=0002 r10=D860 r11=0AE6 r12=0402 r13=0000 r14=0000 r15=43F4
t=85.200541250 pc=00020916 fcw=D860 r0=010F r1=0103 r2=0000 r3=12F8 r4=3D06 r5=2FA2 r6=0000 r7=0000 r8=002F r9=0002 r10=D860 r11=0AE6 r12=0402 r13=0000 r14=0000 r15=43F4
t=85.200544750 pc=0002091A fcw=D860 r0=010F r1=0103 r2=0000 r3=12F8 r4=3D06 r5=2FA2 r6=0000 r7=0000 r8=002F r9=0002 r10=D860 r11=0AE6 r12=0402 r13=0000 r14=0000 r15=43F4
t=85.200546750 pc=0002091C fcw=D860 r0=010F r1=0103 r2=0000 r3=12F8 r4=3D06 r5=2FA2 r6=0000 r7=0000 r8=002F r9=0002 r10=D860 r11=0AE6 r12=0402 r13=0000 r14=0000 r15=43F4
t=85.200548250 pc=0002091E fcw=D860 r0=0103 r1=010F r2=0000 r3=12F8 r4=3D06 r5=2FA2 r6=0000 r7=0000 r8=002F r9=0002 r10=D860 r11=0AE6 r12=0402 r13=0000 r14=0000 r15=43F4
t=85.200551000 pc=00020920 fcw=D860 r0=0103 r1=010F r2=0000 r3=12F8 r4=3D06 r5=2FA2 r6=0000 r7=0000 r8=002F r9=0002 r10=D860 r11=0AE6 r12=0402 r13=0000 r14=0000 r15=43F4
t=85.200552500 pc=00020912 fcw=D860 r0=0103 r1=010F r2=0000 r3=12F8 r4=3D06 r5=2FA2 r6=0000 r7=0000 r8=002F r9=0002 r10=D860 r11=0AE6 r12=0402 r13=0000 r14=0000 r15=43F4
t=85.200554250 pc=00020914 fcw=D860 r0=0103 r1=010F r2=0000 r3=12F8 r4=3D06 r5=2FA2 r6=0000 r7=0000 r8=002F r9=0002 r10=D860 r11=0AE6 r12=0402 r13=0000 r14=0000 r15=43F4
t=85.200556000 pc=00020916 fcw=D860 r0=0103 r1=010F r2=0000 r3=12F8 r4=3D06 r5=2FA2 r6=0000 r7=0000 r8=002F r9=0002 r10=D860 r11=0AE6 r12=0402 r13=0000 r14=0000 r15=43F4
t=85.200559500 pc=0002091A fcw=D860 r0=0103 r1=010F r2=0000 r3=12F8 r4=3D06 r5=2FA2 r6=0000 r7=0000 r8=002F r9=0002 r10=D860 r11=0AE6 r12=0402 r13=0000 r14=0000 r15=43F4
t=85.200561500 pc=0002091C fcw=D860 r0=0103 r1=010F r2=0000 r3=12F8 r4=3D06 r5=2FA2 r6=0000 r7=0000 r8=002F r9=0002 r10=D860 r11=0AE6 r12=0402 r13=0000 r14=0000 r15=43F4
t=85.200563000 pc=0002091E fcw=D860 r0=010F r1=0103 r2=0000 r3=12F8 r4=3D06 r5=2FA2 r6=0000 r7=0000 r8=002F r9=0002 r10=D860 r11=0AE6 r12=0402 r13=0000 r14=0000 r15=43F4
t=85.200565750 pc=00020920 fcw=D860 r0=010F r1=0103 r2=0000 r3=12F8 r4=3D06 r5=2FA2 r6=0000 r7=0000 r8=002F r9=0002 r10=D860 r11=0AE6 r12=0402 r13=0000 r14=0000 r15=43F4
t=85.200567250 pc=00020912 fcw=D860 r0=010F r1=0103 r2=0000 r3=12F8 r4=3D06 r5=2FA2 r6=0000 r7=0000 r8=002F r9=0002 r10=D860 r11=0AE6 r12=0402 r13=0000 r14=0000 r15=43F4
t=85.200569000 pc=00020914 fcw=D860 r0=010F r1=0103 r2=0000 r3=12F8 r4=3D06 r5=2FA2 r6=0000 r7=0000 r8=002F r9=0002 r10=D860 r11=0AE6 r12=0402 r13=0000 r14=0000 r15=43F4
t=85.200570750 pc=00020916 fcw=D860 r0=010F r1=0103 r2=0000 r3=12F8 r4=3D06 r5=2FA2 r6=0000 r7=0000 r8=002F r9=0002 r10=D860 r11=0AE6 r12=0402 r13=0000 r14=0000 r15=43F4
t=85.200574250 pc=0002091A fcw=D860 r0=010F r1=0103 r2=0000 r3=12F8 r4=3D06 r5=2FA2 r6=0000 r7=0000 r8=002F r9=0002 r10=D860 r11=0AE6 r12=0402 r13=0000 r14=0000 r15=43F4
t=85.200576250 pc=0002091C fcw=D860 r0=010F r1=0103 r2=0000 r3=12F8 r4=3D06 r5=2FA2 r6=0000 r7=0000 r8=002F r9=0002 r10=D860 r11=0AE6 r12=0402 r13=0000 r14=0000 r15=43F4
t=85.200577750 pc=0002091E fcw=D860 r0=0103 r1=010F r2=0000 r3=12F8 r4=3D06 r5=2FA2 r6=0000 r7=0000 r8=002F r9=0002 r10=D860 r11=0AE6 r12=0402 r13=0000 r14=0000 r15=43F4
t=85.200580500 pc=00020920 fcw=D860 r0=0103 r1=010F r2=0000 r3=12F8 r4=3D06 r5=2FA2 r6=0000 r7=0000 r8=002F r9=0002 r10=D860 r11=0AE6 r12=0402 r13=0000 r14=0000 r15=43F4
t=85.200582000 pc=00020912 fcw=D860 r0=0103 r1=010F r2=0000 r3=12F8 r4=3D06 r5=2FA2 r6=0000 r7=0000 r8=002F r9=0002 r10=D860 r11=0AE6 r12=0402 r13=0000 r14=0000 r15=43F4
t=85.200583750 pc=00020914 fcw=D860 r0=0103 r1=010F r2=0000 r3=12F8 r4=3D06 r5=2FA2 r6=0000 r7=0000 r8=002F r9=0002 r10=D860 r11=0AE6 r12=0402 r13=0000 r14=0000 r15=43F4
t=85.200585500 pc=00020916 fcw=D860 r0=0103 r1=010F r2=0000 r3=12F8 r4=3D06 r5=2FA2 r6=0000 r7=0000 r8=002F r9=0002 r10=D860 r11=0AE6 r12=0402 r13=0000 r14=0000 r15=43F4
t=85.200589000 pc=0002091A fcw=D860 r0=0103 r1=010F r2=0000 r3=12F8 r4=3D06 r5=2FA2 r6=0000 r7=0000 r8=002F r9=0002 r10=D860 r11=0AE6 r12=0402 r13=0000 r14=0000 r15=43F4
t=85.200591000 pc=0002091C fcw=D860 r0=0103 r1=010F r2=0000 r3=12F8 r4=3D06 r5=2FA2 r6=0000 r7=0000 r8=002F r9=0002 r10=D860 r11=0AE6 r12=0402 r13=0000 r14=0000 r15=43F4
t=85.200592500 pc=0002091E fcw=D860 r0=010F r1=0103 r2=0000 r3=12F8 r4=3D06 r5=2FA2 r6=0000 r7=0000 r8=002F r9=0002 r10=D860 r11=0AE6 r12=0402 r13=0000 r14=0000 r15=43F4
t=85.200595250 pc=00020920 fcw=D860 r0=010F r1=0103 r2=0000 r3=12F8 r4=3D06 r5=2FA2 r6=0000 r7=0000 r8=002F r9=0002 r10=D860 r11=0AE6 r12=0402 r13=0000 r14=0000 r15=43F4
t=85.200596750 pc=00020912 fcw=D860 r0=010F r1=0103 r2=0000 r3=12F8 r4=3D06 r5=2FA2 r6=0000 r7=0000 r8=002F r9=0002 r10=D860 r11=0AE6 r12=0402 r13=0000 r14=0000 r15=43F4
t=85.200598500 pc=00020914 fcw=D860 r0=010F r1=0103 r2=0000 r3=12F8 r4=3D06 r5=2FA2 r6=0000 r7=0000 r8=002F r9=0002 r10=D860 r11=0AE6 r12=0402 r13=0000 r14=0000 r15=43F4
t=85.200600250 pc=00020916 fcw=D860 r0=010F r1=0103 r2=0000 r3=12F8 r4=3D06 r5=2FA2 r6=0000 r7=0000 r8=002F r9=0002 r10=D860 r11=0AE6 r12=0402 r13=0000 r14=0000 r15=43F4
t=85.200603750 pc=0002091A fcw=D860 r0=010F r1=0103 r2=0000 r3=12F8 r4=3D06 r5=2FA2 r6=0000 r7=0000 r8=002F r9=0002 r10=D860 r11=0AE6 r12=0402 r13=0000 r14=0000 r15=43F4
t=85.200605750 pc=0002091C fcw=D860 r0=010F r1=0103 r2=0000 r3=12F8 r4=3D06 r5=2FA2 r6=0000 r7=0000 r8=002F r9=0002 r10=D860 r11=0AE6 r12=0402 r13=0000 r14=0000 r15=43F4
t=85.200607250 pc=0002091E fcw=D860 r0=0103 r1=010F r2=0000 r3=12F8 r4=3D06 r5=2FA2 r6=0000 r7=0000 r8=002F r9=0002 r10=D860 r11=0AE6 r12=0402 r13=0000 r14=0000 r15=43F4
t=85.200610000 pc=00020920 fcw=D860 r0=0103 r1=010F r2=0000 r3=12F8 r4=3D06 r5=2FA2 r6=0000 r7=0000 r8=002F r9=0002 r10=D860 r11=0AE6 r12=0402 r13=0000 r14=0000 r15=43F4
t=85.200611500 pc=00020912 fcw=D860 r0=0103 r1=010F r2=0000 r3=12F8 r4=3D06 r5=2FA2 r6=0000 r7=0000 r8=002F r9=0002 r10=D860 r11=0AE6 r12=0402 r13=0000 r14=0000 r15=43F4
t=85.200613250 pc=00020914 fcw=D860 r0=0103 r1=010F r2=0000 r3=12F8 r4=3D06 r5=2FA2 r6=0000 r7=0000 r8=002F r9=0002 r10=D860 r11=0AE6 r12=0402 r13=0000 r14=0000 r15=43F4
t=85.200615000 pc=00020916 fcw=D860 r0=0103 r1=010F r2=0000 r3=12F8 r4=3D06 r5=2FA2 r6=0000 r7=0000 r8=002F r9=0002 r10=D860 r11=0AE6 r12=0402 r13=0000 r14=0000 r15=43F4
t=85.200618500 pc=0002091A fcw=D860 r0=0103 r1=010F r2=0000 r3=12F8 r4=3D06 r5=2FA2 r6=0000 r7=0000 r8=002F r9=0002 r10=D860 r11=0AE6 r12=0402 r13=0000 r14=0000 r15=43F4
t=85.200620500 pc=0002091C fcw=D860 r0=0103 r1=010F r2=0000 r3=12F8 r4=3D06 r5=2FA2 r6=0000 r7=0000 r8=002F r9=0002 r10=D860 r11=0AE6 r12=0402 r13=0000 r14=0000 r15=43F4
t=85.200622000 pc=0002091E fcw=D860 r0=010F r1=0103 r2=0000 r3=12F8 r4=3D06 r5=2FA2 r6=0000 r7=0000 r8=002F r9=0002 r10=D860 r11=0AE6 r12=0402 r13=0000 r14=0000 r15=43F4
t=85.200624750 pc=00020920 fcw=D860 r0=010F r1=0103 r2=0000 r3=12F8 r4=3D06 r5=2FA2 r6=0000 r7=0000 r8=002F r9=0002 r10=D860 r11=0AE6 r12=0402 r13=0000 r14=0000 r15=43F4
t=85.200626250 pc=00020912 fcw=D860 r0=010F r1=0103 r2=0000 r3=12F8 r4=3D06 r5=2FA2 r6=0000 r7=0000 r8=002F r9=0002 r10=D860 r11=0AE6 r12=0402 r13=0000 r14=0000 r15=43F4
t=85.200628000 pc=00020914 fcw=D860 r0=010F r1=0103 r2=0000 r3=12F8 r4=3D06 r5=2FA2 r6=0000 r7=0000 r8=002F r9=0002 r10=D860 r11=0AE6 r12=0402 r13=0000 r14=0000 r15=43F4
t=85.200629750 pc=00020916 fcw=D860 r0=010F r1=0103 r2=0000 r3=12F8 r4=3D06 r5=2FA2 r6=0000 r7=0000 r8=002F r9=0002 r10=D860 r11=0AE6 r12=0402 r13=0000 r14=0000 r15=43F4
t=85.200633250 pc=0002091A fcw=D860 r0=010F r1=0103 r2=0000 r3=12F8 r4=3D06 r5=2FA2 r6=0000 r7=0000 r8=002F r9=0002 r10=D860 r11=0AE6 r12=0402 r13=0000 r14=0000 r15=43F4
t=85.200635250 pc=0002091C fcw=D860 r0=010F r1=0103 r2=0000 r3=12F8 r4=3D06 r5=2FA2 r6=0000 r7=0000 r8=002F r9=0002 r10=D860 r11=0AE6 r12=0402 r13=0000 r14=0000 r15=43F4
t=85.200636750 pc=0002091E fcw=D860 r0=0103 r1=010F r2=0000 r3=12F8 r4=3D06 r5=2FA2 r6=0000 r7=0000 r8=002F r9=0002 r10=D860 r11=0AE6 r12=0402 r13=0000 r14=0000 r15=43F4
t=85.200639500 pc=00020920 fcw=D860 r0=0103 r1=010F r2=0000 r3=12F8 r4=3D06 r5=2FA2 r6=0000 r7=0000 r8=002F r9=0002 r10=D860 r11=0AE6 r12=0402 r13=0000 r14=0000 r15=43F4
t=85.200641000 pc=00020912 fcw=D860 r0=0103 r1=010F r2=0000 r3=12F8 r4=3D06 r5=2FA2 r6=0000 r7=0000 r8=002F r9=0002 r10=D860 r11=0AE6 r12=0402 r13=0000 r14=0000 r15=43F4
t=85.200642750 pc=00020914 fcw=D860 r0=0103 r1=010F r2=0000 r3=12F8 r4=3D06 r5=2FA2 r6=0000 r7=0000 r8=002F r9=0002 r10=D860 r11=0AE6 r12=0402 r13=0000 r14=0000 r15=43F4
t=85.200644500 pc=00020916 fcw=D860 r0=0103 r1=010F r2=0000 r3=12F8 r4=3D06 r5=2FA2 r6=0000 r7=0000 r8=002F r9=0002 r10=D860 r11=0AE6 r12=0402 r13=0000 r14=0000 r15=43F4
t=85.200648000 pc=0002091A fcw=D860 r0=0103 r1=010F r2=0000 r3=12F8 r4=3D06 r5=2FA2 r6=0000 r7=0000 r8=002F r9=0002 r10=D860 r11=0AE6 r12=0402 r13=0000 r14=0000 r15=43F4
t=85.200650000 pc=0002091C fcw=D860 r0=0103 r1=010F r2=0000 r3=12F8 r4=3D06 r5=2FA2 r6=0000 r7=0000 r8=002F r9=0002 r10=D860 r11=0AE6 r12=0402 r13=0000 r14=0000 r15=43F4
t=85.200651500 pc=0002091E fcw=D860 r0=010F r1=0103 r2=0000 r3=12F8 r4=3D06 r5=2FA2 r6=0000 r7=0000 r8=002F r9=0002 r10=D860 r11=0AE6 r12=0402 r13=0000 r14=0000 r15=43F4
t=85.200654250 pc=00020920 fcw=D860 r0=010F r1=0103 r2=0000 r3=12F8 r4=3D06 r5=2FA2 r6=0000 r7=0000 r8=002F r9=0002 r10=D860 r11=0AE6 r12=0402 r13=0000 r14=0000 r15=43F4
t=85.200655750 pc=00020912 fcw=D860 r0=010F r1=0103 r2=0000 r3=12F8 r4=3D06 r5=2FA2 r6=0000 r7=0000 r8=002F r9=0002 r10=D860 r11=0AE6 r12=0402 r13=0000 r14=0000 r15=43F4
t=85.200657500 pc=00020914 fcw=D860 r0=010F r1=0103 r2=0000 r3=12F8 r4=3D06 r5=2FA2 r6=0000 r7=0000 r8=002F r9=0002 r10=D860 r11=0AE6 r12=0402 r13=0000 r14=0000 r15=43F4
t=85.200659250 pc=00020916 fcw=D860 r0=010F r1=0103 r2=0000 r3=12F8 r4=3D06 r5=2FA2 r6=0000 r7=0000 r8=002F r9=0002 r10=D860 r11=0AE6 r12=0402 r13=0000 r14=0000 r15=43F4
t=85.200662750 pc=0002091A fcw=D860 r0=010F r1=0103 r2=0000 r3=12F8 r4=3D06 r5=2FA2 r6=0000 r7=0000 r8=002F r9=0002 r10=D860 r11=0AE6 r12=0402 r13=0000 r14=0000 r15=43F4
t=85.200664750 pc=0002091C fcw=D860 r0=010F r1=0103 r2=0000 r3=12F8 r4=3D06 r5=2FA2 r6=0000 r7=0000 r8=002F r9=0002 r10=D860 r11=0AE6 r12=0402 r13=0000 r14=0000 r15=43F4
t=85.200666250 pc=0002091E fcw=D860 r0=0103 r1=010F r2=0000 r3=12F8 r4=3D06 r5=2FA2 r6=0000 r7=0000 r8=002F r9=0002 r10=D860 r11=0AE6 r12=0402 r13=0000 r14=0000 r15=43F4
t=85.200669000 pc=00020920 fcw=D860 r0=0103 r1=010F r2=0000 r3=12F8 r4=3D06 r5=2FA2 r6=0000 r7=0000 r8=002F r9=0002 r10=D860 r11=0AE6 r12=0402 r13=0000 r14=0000 r15=43F4
t=85.200670500 pc=00020912 fcw=D860 r0=0103 r1=010F r2=0000 r3=12F8 r4=3D06 r5=2FA2 r6=0000 r7=0000 r8=002F r9=0002 r10=D860 r11=0AE6 r12=0402 r13=0000 r14=0000 r15=43F4
t=85.200672250 pc=00020914 fcw=D860 r0=0103 r1=010F r2=0000 r3=12F8 r4=3D06 r5=2FA2 r6=0000 r7=0000 r8=002F r9=0002 r10=D860 r11=0AE6 r12=0402 r13=0000 r14=0000 r15=43F4
t=85.200674000 pc=00020916 fcw=D860 r0=0103 r1=010F r2=0000 r3=12F8 r4=3D06 r5=2FA2 r6=0000 r7=0000 r8=002F r9=0002 r10=D860 r11=0AE6 r12=0402 r13=0000 r14=0000 r15=43F4
t=85.200677500 pc=0002091A fcw=D860 r0=0103 r1=010F r2=0000 r3=12F8 r4=3D06 r5=2FA2 r6=0000 r7=0000 r8=002F r9=0002 r10=D860 r11=0AE6 r12=0402 r13=0000 r14=0000 r15=43F4
t=85.200679500 pc=0002091C fcw=D860 r0=0103 r1=010F r2=0000 r3=12F8 r4=3D06 r5=2FA2 r6=0000 r7=0000 r8=002F r9=0002 r10=D860 r11=0AE6 r12=0402 r13=0000 r14=0000 r15=43F4
t=85.200681000 pc=0002091E fcw=D860 r0=010F r1=0103 r2=0000 r3=12F8 r4=3D06 r5=2FA2 r6=0000 r7=0000 r8=002F r9=0002 r10=D860 r11=0AE6 r12=0402 r13=0000 r14=0000 r15=43F4
t=85.200683750 pc=00020920 fcw=D860 r0=010F r1=0103 r2=0000 r3=12F8 r4=3D06 r5=2FA2 r6=0000 r7=0000 r8=002F r9=0002 r10=D860 r11=0AE6 r12=0402 r13=0000 r14=0000 r15=43F4
t=85.200685250 pc=00020912 fcw=D860 r0=010F r1=0103 r2=0000 r3=12F8 r4=3D06 r5=2FA2 r6=0000 r7=0000 r8=002F r9=0002 r10=D860 r11=0AE6 r12=0402 r13=0000 r14=0000 r15=43F4
t=85.200687000 pc=00020914 fcw=D860 r0=010F r1=0103 r2=0000 r3=12F8 r4=3D06 r5=2FA2 r6=0000 r7=0000 r8=002F r9=0002 r10=D860 r11=0AE6 r12=0402 r13=0000 r14=0000 r15=43F4
t=85.200688750 pc=00020916 fcw=D860 r0=010F r1=0103 r2=0000 r3=12F8 r4=3D06 r5=2FA2 r6=0000 r7=0000 r8=002F r9=0002 r10=D860 r11=0AE6 r12=0402 r13=0000 r14=0000 r15=43F4
t=85.200692250 pc=0002091A fcw=D860 r0=010F r1=0103 r2=0000 r3=12F8 r4=3D06 r5=2FA2 r6=0000 r7=0000 r8=002F r9=0002 r10=D860 r11=0AE6 r12=0402 r13=0000 r14=0000 r15=43F4
t=85.200694250 pc=0002091C fcw=D860 r0=010F r1=0103 r2=0000 r3=12F8 r4=3D06 r5=2FA2 r6=0000 r7=0000 r8=002F r9=0002 r10=D860 r11=0AE6 r12=0402 r13=0000 r14=0000 r15=43F4
t=85.200695750 pc=0002091E fcw=D860 r0=0103 r1=010F r2=0000 r3=12F8 r4=3D06 r5=2FA2 r6=0000 r7=0000 r8=002F r9=0002 r10=D860 r11=0AE6 r12=0402 r13=0000 r14=0000 r15=43F4
t=85.200698500 pc=00020920 fcw=D860 r0=0103 r1=010F r2=0000 r3=12F8 r4=3D06 r5=2FA2 r6=0000 r7=0000 r8=002F r9=0002 r10=D860 r11=0AE6 r12=0402 r13=0000 r14=0000 r15=43F4
t=85.200700000 pc=00020912 fcw=D860 r0=0103 r1=010F r2=0000 r3=12F8 r4=3D06 r5=2FA2 r6=0000 r7=0000 r8=002F r9=0002 r10=D860 r11=0AE6 r12=0402 r13=0000 r14=0000 r15=43F4
t=85.200701750 pc=00020914 fcw=D860 r0=0103 r1=010F r2=0000 r3=12F8 r4=3D06 r5=2FA2 r6=0000 r7=0000 r8=002F r9=0002 r10=D860 r11=0AE6 r12=0402 r13=0000 r14=0000 r15=43F4
t=85.200703500 pc=00020916 fcw=D860 r0=0103 r1=010F r2=0000 r3=12F8 r4=3D06 r5=2FA2 r6=0000 r7=0000 r8=002F r9=0002 r10=D860 r11=0AE6 r12=0402 r13=0000 r14=0000 r15=43F4
t=85.200707000 pc=0002091A fcw=D860 r0=0103 r1=010F r2=0000 r3=12F8 r4=3D06 r5=2FA2 r6=0000 r7=0000 r8=002F r9=0002 r10=D860 r11=0AE6 r12=0402 r13=0000 r14=0000 r15=43F4
t=85.200709000 pc=0002091C fcw=D860 r0=0103 r1=010F r2=0000 r3=12F8 r4=3D06 r5=2FA2 r6=0000 r7=0000 r8=002F r9=0002 r10=D860 r11=0AE6 r12=0402 r13=0000 r14=0000 r15=43F4
t=85.200710500 pc=0002091E fcw=D860 r0=010F r1=0103 r2=0000 r3=12F8 r4=3D06 r5=2FA2 r6=0000 r7=0000 r8=002F r9=0002 r10=D860 r11=0AE6 r12=0402 r13=0000 r14=0000 r15=43F4
t=85.200713250 pc=00020920 fcw=D860 r0=010F r1=0103 r2=0000 r3=12F8 r4=3D06 r5=2FA2 r6=0000 r7=0000 r8=002F r9=0002 r10=D860 r11=0AE6 r12=0402 r13=0000 r14=0000 r15=43F4
t=85.200714750 pc=00020912 fcw=D860 r0=010F r1=0103 r2=0000 r3=12F8 r4=3D06 r5=2FA2 r6=0000 r7=0000 r8=002F r9=0002 r10=D860 r11=0AE6 r12=0402 r13=0000 r14=0000 r15=43F4
t=85.200716500 pc=00020914 fcw=D860 r0=010F r1=0103 r2=0000 r3=12F8 r4=3D06 r5=2FA2 r6=0000 r7=0000 r8=002F r9=0002 r10=D860 r11=0AE6 r12=0402 r13=0000 r14=0000 r15=43F4
t=85.200718250 pc=00020916 fcw=D860 r0=010F r1=0103 r2=0000 r3=12F8 r4=3D06 r5=2FA2 r6=0000 r7=0000 r8=002F r9=0002 r10=D860 r11=0AE6 r12=0402 r13=0000 r14=0000 r15=43F4
t=85.200721750 pc=0002091A fcw=D860 r0=010F r1=0103 r2=0000 r3=12F8 r4=3D06 r5=2FA2 r6=0000 r7=0000 r8=002F r9=0002 r10=D860 r11=0AE6 r12=0402 r13=0000 r14=0000 r15=43F4
t=85.200723750 pc=0002091C fcw=D860 r0=010F r1=0103 r2=0000 r3=12F8 r4=3D06 r5=2FA2 r6=0000 r7=0000 r8=002F r9=0002 r10=D860 r11=0AE6 r12=0402 r13=0000 r14=0000 r15=43F4
t=85.200725250 pc=0002091E fcw=D860 r0=0103 r1=010F r2=0000 r3=12F8 r4=3D06 r5=2FA2 r6=0000 r7=0000 r8=002F r9=0002 r10=D860 r11=0AE6 r12=0402 r13=0000 r14=0000 r15=43F4
t=85.200728000 pc=00020920 fcw=D860 r0=0103 r1=010F r2=0000 r3=12F8 r4=3D06 r5=2FA2 r6=0000 r7=0000 r8=002F r9=0002 r10=D860 r11=0AE6 r12=0402 r13=0000 r14=0000 r15=43F4
t=85.200729500 pc=00020912 fcw=D860 r0=0103 r1=010F r2=0000 r3=12F8 r4=3D06 r5=2FA2 r6=0000 r7=0000 r8=002F r9=0002 r10=D860 r11=0AE6 r12=0402 r13=0000 r14=0000 r15=43F4
t=85.200731250 pc=00020914 fcw=D860 r0=0103 r1=010F r2=0000 r3=12F8 r4=3D06 r5=2FA2 r6=0000 r7=0000 r8=002F r9=0002 r10=D860 r11=0AE6 r12=0402 r13=0000 r14=0000 r15=43F4
t=85.200733000 pc=00020916 fcw=D860 r0=0103 r1=010F r2=0000 r3=12F8 r4=3D06 r5=2FA2 r6=0000 r7=0000 r8=002F r9=0002 r10=D860 r11=0AE6 r12=0402 r13=0000 r14=0000 r15=43F4
t=85.200736500 pc=0002091A fcw=D860 r0=0103 r1=010F r2=0000 r3=12F8 r4=3D06 r5=2FA2 r6=0000 r7=0000 r8=002F r9=0002 r10=D860 r11=0AE6 r12=0402 r13=0000 r14=0000 r15=43F4
t=85.200738500 pc=0002091C fcw=D860 r0=0103 r1=010F r2=0000 r3=12F8 r4=3D06 r5=2FA2 r6=0000 r7=0000 r8=002F r9=0002 r10=D860 r11=0AE6 r12=0402 r13=0000 r14=0000 r15=43F4
t=85.200740000 pc=0002091E fcw=D860 r0=010F r1=0103 r2=0000 r3=12F8 r4=3D06 r5=2FA2 r6=0000 r7=0000 r8=002F r9=0002 r10=D860 r11=0AE6 r12=0402 r13=0000 r14=0000 r15=43F4
t=85.200742750 pc=00020920 fcw=D860 r0=010F r1=0103 r2=0000 r3=12F8 r4=3D06 r5=2FA2 r6=0000 r7=0000 r8=002F r9=0002 r10=D860 r11=0AE6 r12=0402 r13=0000 r14=0000 r15=43F4
t=85.200744250 pc=00020912 fcw=D860 r0=010F r1=0103 r2=0000 r3=12F8 r4=3D06 r5=2FA2 r6=0000 r7=0000 r8=002F r9=0002 r10=D860 r11=0AE6 r12=0402 r13=0000 r14=0000 r15=43F4
t=85.200746000 pc=00020914 fcw=D860 r0=010F r1=0103 r2=0000 r3=12F8 r4=3D06 r5=2FA2 r6=0000 r7=0000 r8=002F r9=0002 r10=D860 r11=0AE6 r12=0402 r13=0000 r14=0000 r15=43F4
t=85.200747750 pc=00020916 fcw=D860 r0=010F r1=0103 r2=0000 r3=12F8 r4=3D06 r5=2FA2 r6=0000 r7=0000 r8=002F r9=0002 r10=D860 r11=0AE6 r12=0402 r13=0000 r14=0000 r15=43F4
t=85.200751250 pc=0002091A fcw=D860 r0=010F r1=0103 r2=0000 r3=12F8 r4=3D06 r5=2FA2 r6=0000 r7=0000 r8=002F r9=0002 r10=D860 r11=0AE6 r12=0402 r13=0000 r14=0000 r15=43F4
t=85.200753250 pc=0002091C fcw=D860 r0=010F r1=0103 r2=0000 r3=12F8 r4=3D06 r5=2FA2 r6=0000 r7=0000 r8=002F r9=0002 r10=D860 r11=0AE6 r12=0402 r13=0000 r14=0000 r15=43F4
t=85.200754750 pc=0002091E fcw=D860 r0=0103 r1=010F r2=0000 r3=12F8 r4=3D06 r5=2FA2 r6=0000 r7=0000 r8=002F r9=0002 r10=D860 r11=0AE6 r12=0402 r13=0000 r14=0000 r15=43F4
t=85.200757500 pc=00020920 fcw=D860 r0=0103 r1=010F r2=0000 r3=12F8 r4=3D06 r5=2FA2 r6=0000 r7=0000 r8=002F r9=0002 r10=D860 r11=0AE6 r12=0402 r13=0000 r14=0000 r15=43F4
t=85.200759000 pc=00020912 fcw=D860 r0=0103 r1=010F r2=0000 r3=12F8 r4=3D06 r5=2FA2 r6=0000 r7=0000 r8=002F r9=0002 r10=D860 r11=0AE6 r12=0402 r13=0000 r14=0000 r15=43F4
t=85.200760750 pc=00020914 fcw=D860 r0=0103 r1=010F r2=0000 r3=12F8 r4=3D06 r5=2FA2 r6=0000 r7=0000 r8=002F r9=0002 r10=D860 r11=0AE6 r12=0402 r13=0000 r14=0000 r15=43F4
t=85.200762500 pc=00020916 fcw=D860 r0=0103 r1=010F r2=0000 r3=12F8 r4=3D06 r5=2FA2 r6=0000 r7=0000 r8=002F r9=0002 r10=D860 r11=0AE6 r12=0402 r13=0000 r14=0000 r15=43F4
t=85.200766000 pc=0002091A fcw=D860 r0=0103 r1=010F r2=0000 r3=12F8 r4=3D06 r5=2FA2 r6=0000 r7=0000 r8=002F r9=0002 r10=D860 r11=0AE6 r12=0402 r13=0000 r14=0000 r15=43F4
t=85.200768000 pc=0002091C fcw=D860 r0=0103 r1=010F r2=0000 r3=12F8 r4=3D06 r5=2FA2 r6=0000 r7=0000 r8=002F r9=0002 r10=D860 r11=0AE6 r12=0402 r13=0000 r14=0000 r15=43F4
t=85.200769500 pc=0002091E fcw=D860 r0=010F r1=0103 r2=0000 r3=12F8 r4=3D06 r5=2FA2 r6=0000 r7=0000 r8=002F r9=0002 r10=D860 r11=0AE6 r12=0402 r13=0000 r14=0000 r15=43F4
t=85.200772250 pc=00020920 fcw=D860 r0=010F r1=0103 r2=0000 r3=12F8 r4=3D06 r5=2FA2 r6=0000 r7=0000 r8=002F r9=0002 r10=D860 r11=0AE6 r12=0402 r13=0000 r14=0000 r15=43F4
t=85.200773750 pc=00020912 fcw=D860 r0=010F r1=0103 r2=0000 r3=12F8 r4=3D06 r5=2FA2 r6=0000 r7=0000 r8=002F r9=0002 r10=D860 r11=0AE6 r12=0402 r13=0000 r14=0000 r15=43F4
t=85.200775500 pc=00020914 fcw=D860 r0=010F r1=0103 r2=0000 r3=12F8 r4=3D06 r5=2FA2 r6=0000 r7=0000 r8=002F r9=0002 r10=D860 r11=0AE6 r12=0402 r13=0000 r14=0000 r15=43F4
t=85.200777250 pc=00020916 fcw=D860 r0=010F r1=0103 r2=0000 r3=12F8 r4=3D06 r5=2FA2 r6=0000 r7=0000 r8=002F r9=0002 r10=D860 r11=0AE6 r12=0402 r13=0000 r14=0000 r15=43F4
t=85.200780750 pc=0002091A fcw=D860 r0=010F r1=0103 r2=0000 r3=12F8 r4=3D06 r5=2FA2 r6=0000 r7=0000 r8=002F r9=0002 r10=D860 r11=0AE6 r12=0402 r13=0000 r14=0000 r15=43F4
t=85.200782750 pc=0002091C fcw=D860 r0=010F r1=0103 r2=0000 r3=12F8 r4=3D06 r5=2FA2 r6=0000 r7=0000 r8=002F r9=0002 r10=D860 r11=0AE6 r12=0402 r13=0000 r14=0000 r15=43F4
t=85.200784250 pc=0002091E fcw=D860 r0=0103 r1=010F r2=0000 r3=12F8 r4=3D06 r5=2FA2 r6=0000 r7=0000 r8=002F r9=0002 r10=D860 r11=0AE6 r12=0402 r13=0000 r14=0000 r15=43F4
t=85.200787000 pc=00020920 fcw=D860 r0=0103 r1=010F r2=0000 r3=12F8 r4=3D06 r5=2FA2 r6=0000 r7=0000 r8=002F r9=0002 r10=D860 r11=0AE6 r12=0402 r13=0000 r14=0000 r15=43F4
t=85.200788500 pc=00020912 fcw=D860 r0=0103 r1=010F r2=0000 r3=12F8 r4=3D06 r5=2FA2 r6=0000 r7=0000 r8=002F r9=0002 r10=D860 r11=0AE6 r12=0402 r13=0000 r14=0000 r15=43F4
t=85.200790250 pc=00020914 fcw=D860 r0=0103 r1=010F r2=0000 r3=12F8 r4=3D06 r5=2FA2 r6=0000 r7=0000 r8=002F r9=0002 r10=D860 r11=0AE6 r12=0402 r13=0000 r14=0000 r15=43F4
t=85.200792000 pc=00020916 fcw=D860 r0=0103 r1=010F r2=0000 r3=12F8 r4=3D06 r5=2FA2 r6=0000 r7=0000 r8=002F r9=0002 r10=D860 r11=0AE6 r12=0402 r13=0000 r14=0000 r15=43F4
t=85.200795500 pc=0002091A fcw=D860 r0=0103 r1=010F r2=0000 r3=12F8 r4=3D06 r5=2FA2 r6=0000 r7=0000 r8=002F r9=0002 r10=D860 r11=0AE6 r12=0402 r13=0000 r14=0000 r15=43F4
t=85.200797500 pc=0002091C fcw=D860 r0=0103 r1=010F r2=0000 r3=12F8 r4=3D06 r5=2FA2 r6=0000 r7=0000 r8=002F r9=0002 r10=D860 r11=0AE6 r12=0402 r13=0000 r14=0000 r15=43F4
t=85.200799000 pc=0002091E fcw=D860 r0=010F r1=0103 r2=0000 r3=12F8 r4=3D06 r5=2FA2 r6=0000 r7=0000 r8=002F r9=0002 r10=D860 r11=0AE6 r12=0402 r13=0000 r14=0000 r15=43F4
t=85.200801750 pc=00020920 fcw=D860 r0=010F r1=0103 r2=0000 r3=12F8 r4=3D06 r5=2FA2 r6=0000 r7=0000 r8=002F r9=0002 r10=D860 r11=0AE6 r12=0402 r13=0000 r14=0000 r15=43F4
t=85.200803250 pc=00020912 fcw=D860 r0=010F r1=0103 r2=0000 r3=12F8 r4=3D06 r5=2FA2 r6=0000 r7=0000 r8=002F r9=0002 r10=D860 r11=0AE6 r12=0402 r13=0000 r14=0000 r15=43F4
t=85.200805000 pc=00020914 fcw=D860 r0=010F r1=0103 r2=0000 r3=12F8 r4=3D06 r5=2FA2 r6=0000 r7=0000 r8=002F r9=0002 r10=D860 r11=0AE6 r12=0402 r13=0000 r14=0000 r15=43F4
t=85.200806750 pc=00020916 fcw=D860 r0=010F r1=0103 r2=0000 r3=12F8 r4=3D06 r5=2FA2 r6=0000 r7=0000 r8=002F r9=0002 r10=D860 r11=0AE6 r12=0402 r13=0000 r14=0000 r15=43F4
t=85.200810250 pc=0002091A fcw=D860 r0=010F r1=0103 r2=0000 r3=12F8 r4=3D06 r5=2FA2 r6=0000 r7=0000 r8=002F r9=0002 r10=D860 r11=0AE6 r12=0402 r13=0000 r14=0000 r15=43F4
t=85.200812250 pc=0002091C fcw=D860 r0=010F r1=0103 r2=0000 r3=12F8 r4=3D06 r5=2FA2 r6=0000 r7=0000 r8=002F r9=0002 r10=D860 r11=0AE6 r12=0402 r13=0000 r14=0000 r15=43F4
t=85.200813750 pc=0002091E fcw=D860 r0=0103 r1=010F r2=0000 r3=12F8 r4=3D06 r5=2FA2 r6=0000 r7=0000 r8=002F r9=0002 r10=D860 r11=0AE6 r12=0402 r13=0000 r14=0000 r15=43F4
t=85.200816500 pc=00020920 fcw=D860 r0=0103 r1=010F r2=0000 r3=12F8 r4=3D06 r5=2FA2 r6=0000 r7=0000 r8=002F r9=0002 r10=D860 r11=0AE6 r12=0402 r13=0000 r14=0000 r15=43F4
t=85.200818000 pc=00020912 fcw=D860 r0=0103 r1=010F r2=0000 r3=12F8 r4=3D06 r5=2FA2 r6=0000 r7=0000 r8=002F r9=0002 r10=D860 r11=0AE6 r12=0402 r13=0000 r14=0000 r15=43F4
t=85.200819750 pc=00020914 fcw=D860 r0=0103 r1=010F r2=0000 r3=12F8 r4=3D06 r5=2FA2 r6=0000 r7=0000 r8=002F r9=0002 r10=D860 r11=0AE6 r12=0402 r13=0000 r14=0000 r15=43F4
t=85.200821500 pc=00020916 fcw=D860 r0=0103 r1=010F r2=0000 r3=12F8 r4=3D06 r5=2FA2 r6=0000 r7=0000 r8=002F r9=0002 r10=D860 r11=0AE6 r12=0402 r13=0000 r14=0000 r15=43F4
t=85.200825000 pc=0002091A fcw=D860 r0=0103 r1=010F r2=0000 r3=12F8 r4=3D06 r5=2FA2 r6=0000 r7=0000 r8=002F r9=0002 r10=D860 r11=0AE6 r12=0402 r13=0000 r14=0000 r15=43F4
t=85.200827000 pc=0002091C fcw=D860 r0=0103 r1=010F r2=0000 r3=12F8 r4=3D06 r5=2FA2 r6=0000 r7=0000 r8=002F r9=0002 r10=D860 r11=0AE6 r12=0402 r13=0000 r14=0000 r15=43F4
t=85.200828500 pc=0002091E fcw=D860 r0=010F r1=0103 r2=0000 r3=12F8 r4=3D06 r5=2FA2 r6=0000 r7=0000 r8=002F r9=0002 r10=D860 r11=0AE6 r12=0402 r13=0000 r14=0000 r15=43F4
t=85.200831250 pc=00020920 fcw=D860 r0=010F r1=0103 r2=0000 r3=12F8 r4=3D06 r5=2FA2 r6=0000 r7=0000 r8=002F r9=0002 r10=D860 r11=0AE6 r12=0402 r13=0000 r14=0000 r15=43F4
t=85.200832750 pc=00020912 fcw=D860 r0=010F r1=0103 r2=0000 r3=12F8 r4=3D06 r5=2FA2 r6=0000 r7=0000 r8=002F r9=0002 r10=D860 r11=0AE6 r12=0402 r13=0000 r14=0000 r15=43F4
t=85.200834500 pc=00020914 fcw=D860 r0=010F r1=0103 r2=0000 r3=12F8 r4=3D06 r5=2FA2 r6=0000 r7=0000 r8=002F r9=0002 r10=D860 r11=0AE6 r12=0402 r13=0000 r14=0000 r15=43F4
t=85.200836250 pc=00020916 fcw=D860 r0=010F r1=0103 r2=0000 r3=12F8 r4=3D06 r5=2FA2 r6=0000 r7=0000 r8=002F r9=0002 r10=D860 r11=0AE6 r12=0402 r13=0000 r14=0000 r15=43F4
t=85.200839750 pc=0002091A fcw=D860 r0=010F r1=0103 r2=0000 r3=12F8 r4=3D06 r5=2FA2 r6=0000 r7=0000 r8=002F r9=0002 r10=D860 r11=0AE6 r12=0402 r13=0000 r14=0000 r15=43F4
t=85.200841750 pc=0002091C fcw=D860 r0=010F r1=0103 r2=0000 r3=12F8 r4=3D06 r5=2FA2 r6=0000 r7=0000 r8=002F r9=0002 r10=D860 r11=0AE6 r12=0402 r13=0000 r14=0000 r15=43F4
t=85.200843250 pc=0002091E fcw=D860 r0=0103 r1=010F r2=0000 r3=12F8 r4=3D06 r5=2FA2 r6=0000 r7=0000 r8=002F r9=0002 r10=D860 r11=0AE6 r12=0402 r13=0000 r14=0000 r15=43F4
t=85.200846000 pc=00020920 fcw=D860 r0=0103 r1=010F r2=0000 r3=12F8 r4=3D06 r5=2FA2 r6=0000 r7=0000 r8=002F r9=0002 r10=D860 r11=0AE6 r12=0402 r13=0000 r14=0000 r15=43F4
t=85.200847500 pc=00020912 fcw=D860 r0=0103 r1=010F r2=0000 r3=12F8 r4=3D06 r5=2FA2 r6=0000 r7=0000 r8=002F r9=0002 r10=D860 r11=0AE6 r12=0402 r13=0000 r14=0000 r15=43F4
t=85.200849250 pc=00020914 fcw=D860 r0=0103 r1=010F r2=0000 r3=12F8 r4=3D06 r5=2FA2 r6=0000 r7=0000 r8=002F r9=0002 r10=D860 r11=0AE6 r12=0402 r13=0000 r14=0000 r15=43F4
t=85.200851000 pc=00020916 fcw=D860 r0=0103 r1=010F r2=0000 r3=12F8 r4=3D06 r5=2FA2 r6=0000 r7=0000 r8=002F r9=0002 r10=D860 r11=0AE6 r12=0402 r13=0000 r14=0000 r15=43F4
t=85.200854500 pc=0002091A fcw=D860 r0=0103 r1=010F r2=0000 r3=12F8 r4=3D06 r5=2FA2 r6=0000 r7=0000 r8=002F r9=0002 r10=D860 r11=0AE6 r12=0402 r13=0000 r14=0000 r15=43F4
t=85.200856500 pc=0002091C fcw=D860 r0=0103 r1=010F r2=0000 r3=12F8 r4=3D06 r5=2FA2 r6=0000 r7=0000 r8=002F r9=0002 r10=D860 r11=0AE6 r12=0402 r13=0000 r14=0000 r15=43F4
t=85.200858000 pc=0002091E fcw=D860 r0=010F r1=0103 r2=0000 r3=12F8 r4=3D06 r5=2FA2 r6=0000 r7=0000 r8=002F r9=0002 r10=D860 r11=0AE6 r12=0402 r13=0000 r14=0000 r15=43F4
t=85.200860750 pc=00020920 fcw=D860 r0=010F r1=0103 r2=0000 r3=12F8 r4=3D06 r5=2FA2 r6=0000 r7=0000 r8=002F r9=0002 r10=D860 r11=0AE6 r12=0402 r13=0000 r14=0000 r15=43F4
t=85.200862250 pc=00020912 fcw=D860 r0=010F r1=0103 r2=0000 r3=12F8 r4=3D06 r5=2FA2 r6=0000 r7=0000 r8=002F r9=0002 r10=D860 r11=0AE6 r12=0402 r13=0000 r14=0000 r15=43F4
t=85.200864000 pc=00020914 fcw=D860 r0=010F r1=0103 r2=0000 r3=12F8 r4=3D06 r5=2FA2 r6=0000 r7=0000 r8=002F r9=0002 r10=D860 r11=0AE6 r12=0402 r13=0000 r14=0000 r15=43F4
t=85.200865750 pc=00020916 fcw=D860 r0=010F r1=0103 r2=0000 r3=12F8 r4=3D06 r5=2FA2 r6=0000 r7=0000 r8=002F r9=0002 r10=D860 r11=0AE6 r12=0402 r13=0000 r14=0000 r15=43F4
t=85.200869250 pc=0002091A fcw=D860 r0=010F r1=0103 r2=0000 r3=12F8 r4=3D06 r5=2FA2 r6=0000 r7=0000 r8=002F r9=0002 r10=D860 r11=0AE6 r12=0402 r13=0000 r14=0000 r15=43F4
t=85.200871250 pc=0002091C fcw=D860 r0=010F r1=0103 r2=0000 r3=12F8 r4=3D06 r5=2FA2 r6=0000 r7=0000 r8=002F r9=0002 r10=D860 r11=0AE6 r12=0402 r13=0000 r14=0000 r15=43F4
t=85.200872750 pc=0002091E fcw=D860 r0=0103 r1=010F r2=0000 r3=12F8 r4=3D06 r5=2FA2 r6=0000 r7=0000 r8=002F r9=0002 r10=D860 r11=0AE6 r12=0402 r13=0000 r14=0000 r15=43F4
t=85.200875500 pc=00020920 fcw=D860 r0=0103 r1=010F r2=0000 r3=12F8 r4=3D06 r5=2FA2 r6=0000 r7=0000 r8=002F r9=0002 r10=D860 r11=0AE6 r12=0402 r13=0000 r14=0000 r15=43F4
t=85.200877000 pc=00020912 fcw=D860 r0=0103 r1=010F r2=0000 r3=12F8 r4=3D06 r5=2FA2 r6=0000 r7=0000 r8=002F r9=0002 r10=D860 r11=0AE6 r12=0402 r13=0000 r14=0000 r15=43F4
t=85.200878750 pc=00020914 fcw=D860 r0=0103 r1=010F r2=0000 r3=12F8 r4=3D06 r5=2FA2 r6=0000 r7=0000 r8=002F r9=0002 r10=D860 r11=0AE6 r12=0402 r13=0000 r14=0000 r15=43F4
t=85.200880500 pc=00020916 fcw=D860 r0=0103 r1=010F r2=0000 r3=12F8 r4=3D06 r5=2FA2 r6=0000 r7=0000 r8=002F r9=0002 r10=D860 r11=0AE6 r12=0402 r13=0000 r14=0000 r15=43F4
t=85.200884000 pc=0002091A fcw=D860 r0=0103 r1=010F r2=0000 r3=12F8 r4=3D06 r5=2FA2 r6=0000 r7=0000 r8=002F r9=0002 r10=D860 r11=0AE6 r12=0402 r13=0000 r14=0000 r15=43F4
t=85.200886000 pc=0002091C fcw=D860 r0=0103 r1=010F r2=0000 r3=12F8 r4=3D06 r5=2FA2 r6=0000 r7=0000 r8=002F r9=0002 r10=D860 r11=0AE6 r12=0402 r13=0000 r14=0000 r15=43F4
t=85.200887500 pc=0002091E fcw=D860 r0=010F r1=0103 r2=0000 r3=12F8 r4=3D06 r5=2FA2 r6=0000 r7=0000 r8=002F r9=0002 r10=D860 r11=0AE6 r12=0402 r13=0000 r14=0000 r15=43F4
t=85.200890250 pc=00020920 fcw=D860 r0=010F r1=0103 r2=0000 r3=12F8 r4=3D06 r5=2FA2 r6=0000 r7=0000 r8=002F r9=0002 r10=D860 r11=0AE6 r12=0402 r13=0000 r14=0000 r15=43F4
t=85.200891750 pc=00020912 fcw=D860 r0=010F r1=0103 r2=0000 r3=12F8 r4=3D06 r5=2FA2 r6=0000 r7=0000 r8=002F r9=0002 r10=D860 r11=0AE6 r12=0402 r13=0000 r14=0000 r15=43F4
t=85.200893500 pc=00020914 fcw=D860 r0=010F r1=0103 r2=0000 r3=12F8 r4=3D06 r5=2FA2 r6=0000 r7=0000 r8=002F r9=0002 r10=D860 r11=0AE6 r12=0402 r13=0000 r14=0000 r15=43F4
t=85.200895250 pc=00020916 fcw=D860 r0=010F r1=0103 r2=0000 r3=12F8 r4=3D06 r5=2FA2 r6=0000 r7=0000 r8=002F r9=0002 r10=D860 r11=0AE6 r12=0402 r13=0000 r14=0000 r15=43F4
t=85.200898750 pc=0002091A fcw=D860 r0=010F r1=0103 r2=0000 r3=12F8 r4=3D06 r5=2FA2 r6=0000 r7=0000 r8=002F r9=0002 r10=D860 r11=0AE6 r12=0402 r13=0000 r14=0000 r15=43F4
t=85.200900750 pc=0002091C fcw=D860 r0=010F r1=0103 r2=0000 r3=12F8 r4=3D06 r5=2FA2 r6=0000 r7=0000 r8=002F r9=0002 r10=D860 r11=0AE6 r12=0402 r13=0000 r14=0000 r15=43F4
t=85.200902250 pc=0002091E fcw=D860 r0=0103 r1=010F r2=0000 r3=12F8 r4=3D06 r5=2FA2 r6=0000 r7=0000 r8=002F r9=0002 r10=D860 r11=0AE6 r12=0402 r13=0000 r14=0000 r15=43F4
t=85.200905000 pc=00020920 fcw=D860 r0=0103 r1=010F r2=0000 r3=12F8 r4=3D06 r5=2FA2 r6=0000 r7=0000 r8=002F r9=0002 r10=D860 r11=0AE6 r12=0402 r13=0000 r14=0000 r15=43F4
t=85.200906500 pc=00020912 fcw=D860 r0=0103 r1=010F r2=0000 r3=12F8 r4=3D06 r5=2FA2 r6=0000 r7=0000 r8=002F r9=0002 r10=D860 r11=0AE6 r12=0402 r13=0000 r14=0000 r15=43F4
t=85.200908250 pc=00020914 fcw=D860 r0=0103 r1=010F r2=0000 r3=12F8 r4=3D06 r5=2FA2 r6=0000 r7=0000 r8=002F r9=0002 r10=D860 r11=0AE6 r12=0402 r13=0000 r14=0000 r15=43F4
t=85.200910000 pc=00020916 fcw=D860 r0=0103 r1=010F r2=0000 r3=12F8 r4=3D06 r5=2FA2 r6=0000 r7=0000 r8=002F r9=0002 r10=D860 r11=0AE6 r12=0402 r13=0000 r14=0000 r15=43F4
t=85.200913500 pc=0002091A fcw=D860 r0=0103 r1=010F r2=0000 r3=12F8 r4=3D06 r5=2FA2 r6=0000 r7=0000 r8=002F r9=0002 r10=D860 r11=0AE6 r12=0402 r13=0000 r14=0000 r15=43F4
t=85.200915500 pc=0002091C fcw=D860 r0=0103 r1=010F r2=0000 r3=12F8 r4=3D06 r5=2FA2 r6=0000 r7=0000 r8=002F r9=0002 r10=D860 r11=0AE6 r12=0402 r13=0000 r14=0000 r15=43F4
t=85.200917000 pc=0002091E fcw=D860 r0=010F r1=0103 r2=0000 r3=12F8 r4=3D06 r5=2FA2 r6=0000 r7=0000 r8=002F r9=0002 r10=D860 r11=0AE6 r12=0402 r13=0000 r14=0000 r15=43F4
t=85.200919750 pc=00020920 fcw=D860 r0=010F r1=0103 r2=0000 r3=12F8 r4=3D06 r5=2FA2 r6=0000 r7=0000 r8=002F r9=0002 r10=D860 r11=0AE6 r12=0402 r13=0000 r14=0000 r15=43F4
t=85.200921250 pc=00020912 fcw=D860 r0=010F r1=0103 r2=0000 r3=12F8 r4=3D06 r5=2FA2 r6=0000 r7=0000 r8=002F r9=0002 r10=D860 r11=0AE6 r12=0402 r13=0000 r14=0000 r15=43F4
t=85.200923000 pc=00020914 fcw=D860 r0=010F r1=0103 r2=0000 r3=12F8 r4=3D06 r5=2FA2 r6=0000 r7=0000 r8=002F r9=0002 r10=D860 r11=0AE6 r12=0402 r13=0000 r14=0000 r15=43F4
t=85.200924750 pc=00020916 fcw=D860 r0=010F r1=0103 r2=0000 r3=12F8 r4=3D06 r5=2FA2 r6=0000 r7=0000 r8=002F r9=0002 r10=D860 r11=0AE6 r12=0402 r13=0000 r14=0000 r15=43F4
t=85.200928250 pc=0002091A fcw=D860 r0=010F r1=0103 r2=0000 r3=12F8 r4=3D06 r5=2FA2 r6=0000 r7=0000 r8=002F r9=0002 r10=D860 r11=0AE6 r12=0402 r13=0000 r14=0000 r15=43F4
t=85.200930250 pc=0002091C fcw=D860 r0=010F r1=0103 r2=0000 r3=12F8 r4=3D06 r5=2FA2 r6=0000 r7=0000 r8=002F r9=0002 r10=D860 r11=0AE6 r12=0402 r13=0000 r14=0000 r15=43F4
t=85.200931750 pc=0002091E fcw=D860 r0=0103 r1=010F r2=0000 r3=12F8 r4=3D06 r5=2FA2 r6=0000 r7=0000 r8=002F r9=0002 r10=D860 r11=0AE6 r12=0402 r13=0000 r14=0000 r15=43F4
t=85.200934500 pc=00020920 fcw=D860 r0=0103 r1=010F r2=0000 r3=12F8 r4=3D06 r5=2FA2 r6=0000 r7=0000 r8=002F r9=0002 r10=D860 r11=0AE6 r12=0402 r13=0000 r14=0000 r15=43F4
t=85.200936000 pc=00020912 fcw=D860 r0=0103 r1=010F r2=0000 r3=12F8 r4=3D06 r5=2FA2 r6=0000 r7=0000 r8=002F r9=0002 r10=D860 r11=0AE6 r12=0402 r13=0000 r14=0000 r15=43F4
t=85.200937750 pc=00020914 fcw=D860 r0=0103 r1=010F r2=0000 r3=12F8 r4=3D06 r5=2FA2 r6=0000 r7=0000 r8=002F r9=0002 r10=D860 r11=0AE6 r12=0402 r13=0000 r14=0000 r15=43F4
t=85.200939500 pc=00020916 fcw=D860 r0=0103 r1=010F r2=0000 r3=12F8 r4=3D06 r5=2FA2 r6=0000 r7=0000 r8=002F r9=0002 r10=D860 r11=0AE6 r12=0402 r13=0000 r14=0000 r15=43F4
t=85.200943000 pc=0002091A fcw=D860 r0=0103 r1=010F r2=0000 r3=12F8 r4=3D06 r5=2FA2 r6=0000 r7=0000 r8=002F r9=0002 r10=D860 r11=0AE6 r12=0402 r13=0000 r14=0000 r15=43F4
t=85.200945000 pc=0002091C fcw=D860 r0=0103 r1=010F r2=0000 r3=12F8 r4=3D06 r5=2FA2 r6=0000 r7=0000 r8=002F r9=0002 r10=D860 r11=0AE6 r12=0402 r13=0000 r14=0000 r15=43F4
t=85.200946500 pc=0002091E fcw=D860 r0=010F r1=0103 r2=0000 r3=12F8 r4=3D06 r5=2FA2 r6=0000 r7=0000 r8=002F r9=0002 r10=D860 r11=0AE6 r12=0402 r13=0000 r14=0000 r15=43F4
t=85.200949250 pc=00020920 fcw=D860 r0=010F r1=0103 r2=0000 r3=12F8 r4=3D06 r5=2FA2 r6=0000 r7=0000 r8=002F r9=0002 r10=D860 r11=0AE6 r12=0402 r13=0000 r14=0000 r15=43F4
t=85.200950750 pc=00020912 fcw=D860 r0=010F r1=0103 r2=0000 r3=12F8 r4=3D06 r5=2FA2 r6=0000 r7=0000 r8=002F r9=0002 r10=D860 r11=0AE6 r12=0402 r13=0000 r14=0000 r15=43F4
t=85.200952500 pc=00020914 fcw=D860 r0=010F r1=0103 r2=0000 r3=12F8 r4=3D06 r5=2FA2 r6=0000 r7=0000 r8=002F r9=0002 r10=D860 r11=0AE6 r12=0402 r13=0000 r14=0000 r15=43F4
t=85.200954250 pc=00020916 fcw=D860 r0=010F r1=0103 r2=0000 r3=12F8 r4=3D06 r5=2FA2 r6=0000 r7=0000 r8=002F r9=0002 r10=D860 r11=0AE6 r12=0402 r13=0000 r14=0000 r15=43F4
t=85.200957750 pc=0002091A fcw=D860 r0=010F r1=0103 r2=0000 r3=12F8 r4=3D06 r5=2FA2 r6=0000 r7=0000 r8=002F r9=0002 r10=D860 r11=0AE6 r12=0402 r13=0000 r14=0000 r15=43F4
t=85.200959750 pc=0002091C fcw=D860 r0=010F r1=0103 r2=0000 r3=12F8 r4=3D06 r5=2FA2 r6=0000 r7=0000 r8=002F r9=0002 r10=D860 r11=0AE6 r12=0402 r13=0000 r14=0000 r15=43F4
t=85.200961250 pc=0002091E fcw=D860 r0=0103 r1=010F r2=0000 r3=12F8 r4=3D06 r5=2FA2 r6=0000 r7=0000 r8=002F r9=0002 r10=D860 r11=0AE6 r12=0402 r13=0000 r14=0000 r15=43F4
t=85.200964000 pc=00020920 fcw=D860 r0=0103 r1=010F r2=0000 r3=12F8 r4=3D06 r5=2FA2 r6=0000 r7=0000 r8=002F r9=0002 r10=D860 r11=0AE6 r12=0402 r13=0000 r14=0000 r15=43F4
t=85.200965500 pc=00020912 fcw=D860 r0=0103 r1=010F r2=0000 r3=12F8 r4=3D06 r5=2FA2 r6=0000 r7=0000 r8=002F r9=0002 r10=D860 r11=0AE6 r12=0402 r13=0000 r14=0000 r15=43F4
t=85.200967250 pc=00020914 fcw=D860 r0=0103 r1=010F r2=0000 r3=12F8 r4=3D06 r5=2FA2 r6=0000 r7=0000 r8=002F r9=0002 r10=D860 r11=0AE6 r12=0402 r13=0000 r14=0000 r15=43F4
t=85.200969000 pc=00020916 fcw=D860 r0=0103 r1=010F r2=0000 r3=12F8 r4=3D06 r5=2FA2 r6=0000 r7=0000 r8=002F r9=0002 r10=D860 r11=0AE6 r12=0402 r13=0000 r14=0000 r15=43F4
t=85.200972500 pc=0002091A fcw=D860 r0=0103 r1=010F r2=0000 r3=12F8 r4=3D06 r5=2FA2 r6=0000 r7=0000 r8=002F r9=0002 r10=D860 r11=0AE6 r12=0402 r13=0000 r14=0000 r15=43F4
t=85.200974500 pc=0002091C fcw=D860 r0=0103 r1=010F r2=0000 r3=12F8 r4=3D06 r5=2FA2 r6=0000 r7=0000 r8=002F r9=0002 r10=D860 r11=0AE6 r12=0402 r13=0000 r14=0000 r15=43F4
t=85.200976000 pc=0002091E fcw=D860 r0=010F r1=0103 r2=0000 r3=12F8 r4=3D06 r5=2FA2 r6=0000 r7=0000 r8=002F r9=0002 r10=D860 r11=0AE6 r12=0402 r13=0000 r14=0000 r15=43F4
t=85.200978750 pc=00020920 fcw=D860 r0=010F r1=0103 r2=0000 r3=12F8 r4=3D06 r5=2FA2 r6=0000 r7=0000 r8=002F r9=0002 r10=D860 r11=0AE6 r12=0402 r13=0000 r14=0000 r15=43F4
t=85.200980250 pc=00020912 fcw=D860 r0=010F r1=0103 r2=0000 r3=12F8 r4=3D06 r5=2FA2 r6=0000 r7=0000 r8=002F r9=0002 r10=D860 r11=0AE6 r12=0402 r13=0000 r14=0000 r15=43F4
t=85.200982000 pc=00020914 fcw=D860 r0=010F r1=0103 r2=0000 r3=12F8 r4=3D06 r5=2FA2 r6=0000 r7=0000 r8=002F r9=0002 r10=D860 r11=0AE6 r12=0402 r13=0000 r14=0000 r15=43F4
t=85.200983750 pc=00020916 fcw=D860 r0=010F r1=0103 r2=0000 r3=12F8 r4=3D06 r5=2FA2 r6=0000 r7=0000 r8=002F r9=0002 r10=D860 r11=0AE6 r12=0402 r13=0000 r14=0000 r15=43F4
t=85.200987250 pc=0002091A fcw=D860 r0=010F r1=0103 r2=0000 r3=12F8 r4=3D06 r5=2FA2 r6=0000 r7=0000 r8=002F r9=0002 r10=D860 r11=0AE6 r12=0402 r13=0000 r14=0000 r15=43F4
t=85.200989250 pc=0002091C fcw=D860 r0=010F r1=0103 r2=0000 r3=12F8 r4=3D06 r5=2FA2 r6=0000 r7=0000 r8=002F r9=0002 r10=D860 r11=0AE6 r12=0402 r13=0000 r14=0000 r15=43F4
t=85.200990750 pc=0002091E fcw=D860 r0=0103 r1=010F r2=0000 r3=12F8 r4=3D06 r5=2FA2 r6=0000 r7=0000 r8=002F r9=0002 r10=D860 r11=0AE6 r12=0402 r13=0000 r14=0000 r15=43F4
t=85.200993500 pc=00020920 fcw=D860 r0=0103 r1=010F r2=0000 r3=12F8 r4=3D06 r5=2FA2 r6=0000 r7=0000 r8=002F r9=0002 r10=D860 r11=0AE6 r12=0402 r13=0000 r14=0000 r15=43F4
t=85.200995000 pc=00020912 fcw=D860 r0=0103 r1=010F r2=0000 r3=12F8 r4=3D06 r5=2FA2 r6=0000 r7=0000 r8=002F r9=0002 r10=D860 r11=0AE6 r12=0402 r13=0000 r14=0000 r15=43F4
t=85.200996750 pc=00020914 fcw=D860 r0=0103 r1=010F r2=0000 r3=12F8 r4=3D06 r5=2FA2 r6=0000 r7=0000 r8=002F r9=0002 r10=D860 r11=0AE6 r12=0402 r13=0000 r14=0000 r15=43F4
t=85.200998500 pc=00020916 fcw=D860 r0=0103 r1=010F r2=0000 r3=12F8 r4=3D06 r5=2FA2 r6=0000 r7=0000 r8=002F r9=0002 r10=D860 r11=0AE6 r12=0402 r13=0000 r14=0000 r15=43F4
t=85.201002000 pc=0002091A fcw=D860 r0=0103 r1=010F r2=0000 r3=12F8 r4=3D06 r5=2FA2 r6=0000 r7=0000 r8=002F r9=0002 r10=D860 r11=0AE6 r12=0402 r13=0000 r14=0000 r15=43F4
t=85.201004000 pc=0002091C fcw=D860 r0=0103 r1=010F r2=0000 r3=12F8 r4=3D06 r5=2FA2 r6=0000 r7=0000 r8=002F r9=0002 r10=D860 r11=0AE6 r12=0402 r13=0000 r14=0000 r15=43F4
t=85.201005500 pc=0002091E fcw=D860 r0=010F r1=0103 r2=0000 r3=12F8 r4=3D06 r5=2FA2 r6=0000 r7=0000 r8=002F r9=0002 r10=D860 r11=0AE6 r12=0402 r13=0000 r14=0000 r15=43F4
t=85.201008250 pc=00020920 fcw=D860 r0=010F r1=0103 r2=0000 r3=12F8 r4=3D06 r5=2FA2 r6=0000 r7=0000 r8=002F r9=0002 r10=D860 r11=0AE6 r12=0402 r13=0000 r14=0000 r15=43F4
t=85.201009750 pc=00020912 fcw=D860 r0=010F r1=0103 r2=0000 r3=12F8 r4=3D06 r5=2FA2 r6=0000 r7=0000 r8=002F r9=0002 r10=D860 r11=0AE6 r12=0402 r13=0000 r14=0000 r15=43F4
t=85.201011500 pc=00020914 fcw=D860 r0=010F r1=0103 r2=0000 r3=12F8 r4=3D06 r5=2FA2 r6=0000 r7=0000 r8=002F r9=0002 r10=D860 r11=0AE6 r12=0402 r13=0000 r14=0000 r15=43F4
t=85.201013250 pc=00020916 fcw=D860 r0=010F r1=0103 r2=0000 r3=12F8 r4=3D06 r5=2FA2 r6=0000 r7=0000 r8=002F r9=0002 r10=D860 r11=0AE6 r12=0402 r13=0000 r14=0000 r15=43F4
t=85.201016750 pc=0002091A fcw=D860 r0=010F r1=0103 r2=0000 r3=12F8 r4=3D06 r5=2FA2 r6=0000 r7=0000 r8=002F r9=0002 r10=D860 r11=0AE6 r12=0402 r13=0000 r14=0000 r15=43F4
t=85.201018750 pc=0002091C fcw=D860 r0=010F r1=0103 r2=0000 r3=12F8 r4=3D06 r5=2FA2 r6=0000 r7=0000 r8=002F r9=0002 r10=D860 r11=0AE6 r12=0402 r13=0000 r14=0000 r15=43F4
t=85.201020250 pc=0002091E fcw=D860 r0=0103 r1=010F r2=0000 r3=12F8 r4=3D06 r5=2FA2 r6=0000 r7=0000 r8=002F r9=0002 r10=D860 r11=0AE6 r12=0402 r13=0000 r14=0000 r15=43F4
t=85.201023000 pc=00020920 fcw=D860 r0=0103 r1=010F r2=0000 r3=12F8 r4=3D06 r5=2FA2 r6=0000 r7=0000 r8=002F r9=0002 r10=D860 r11=0AE6 r12=0402 r13=0000 r14=0000 r15=43F4
t=85.201024500 pc=00020912 fcw=D860 r0=0103 r1=010F r2=0000 r3=12F8 r4=3D06 r5=2FA2 r6=0000 r7=0000 r8=002F r9=0002 r10=D860 r11=0AE6 r12=0402 r13=0000 r14=0000 r15=43F4
t=85.201026250 pc=00020914 fcw=D860 r0=0103 r1=010F r2=0000 r3=12F8 r4=3D06 r5=2FA2 r6=0000 r7=0000 r8=002F r9=0002 r10=D860 r11=0AE6 r12=0402 r13=0000 r14=0000 r15=43F4
t=85.201028000 pc=00020916 fcw=D860 r0=0103 r1=010F r2=0000 r3=12F8 r4=3D06 r5=2FA2 r6=0000 r7=0000 r8=002F r9=0002 r10=D860 r11=0AE6 r12=0402 r13=0000 r14=0000 r15=43F4
t=85.201031500 pc=0002091A fcw=D860 r0=0103 r1=010F r2=0000 r3=12F8 r4=3D06 r5=2FA2 r6=0000 r7=0000 r8=002F r9=0002 r10=D860 r11=0AE6 r12=0402 r13=0000 r14=0000 r15=43F4
t=85.201033500 pc=0002091C fcw=D860 r0=0103 r1=010F r2=0000 r3=12F8 r4=3D06 r5=2FA2 r6=0000 r7=0000 r8=002F r9=0002 r10=D860 r11=0AE6 r12=0402 r13=0000 r14=0000 r15=43F4
t=85.201035000 pc=0002091E fcw=D860 r0=010F r1=0103 r2=0000 r3=12F8 r4=3D06 r5=2FA2 r6=0000 r7=0000 r8=002F r9=0002 r10=D860 r11=0AE6 r12=0402 r13=0000 r14=0000 r15=43F4
t=85.201037750 pc=00020920 fcw=D860 r0=010F r1=0103 r2=0000 r3=12F8 r4=3D06 r5=2FA2 r6=0000 r7=0000 r8=002F r9=0002 r10=D860 r11=0AE6 r12=0402 r13=0000 r14=0000 r15=43F4
t=85.201039250 pc=00020912 fcw=D860 r0=010F r1=0103 r2=0000 r3=12F8 r4=3D06 r5=2FA2 r6=0000 r7=0000 r8=002F r9=0002 r10=D860 r11=0AE6 r12=0402 r13=0000 r14=0000 r15=43F4
t=85.201041000 pc=00020914 fcw=D860 r0=010F r1=0103 r2=0000 r3=12F8 r4=3D06 r5=2FA2 r6=0000 r7=0000 r8=002F r9=0002 r10=D860 r11=0AE6 r12=0402 r13=0000 r14=0000 r15=43F4
t=85.201042750 pc=00020916 fcw=D860 r0=010F r1=0103 r2=0000 r3=12F8 r4=3D06 r5=2FA2 r6=0000 r7=0000 r8=002F r9=0002 r10=D860 r11=0AE6 r12=0402 r13=0000 r14=0000 r15=43F4
t=85.201046250 pc=0002091A fcw=D860 r0=010F r1=0103 r2=0000 r3=12F8 r4=3D06 r5=2FA2 r6=0000 r7=0000 r8=002F r9=0002 r10=D860 r11=0AE6 r12=0402 r13=0000 r14=0000 r15=43F4
t=85.201048250 pc=0002091C fcw=D860 r0=010F r1=0103 r2=0000 r3=12F8 r4=3D06 r5=2FA2 r6=0000 r7=0000 r8=002F r9=0002 r10=D860 r11=0AE6 r12=0402 r13=0000 r14=0000 r15=43F4
t=85.201049750 pc=0002091E fcw=D860 r0=0103 r1=010F r2=0000 r3=12F8 r4=3D06 r5=2FA2 r6=0000 r7=0000 r8=002F r9=0002 r10=D860 r11=0AE6 r12=0402 r13=0000 r14=0000 r15=43F4
t=85.201052500 pc=00020920 fcw=D860 r0=0103 r1=010F r2=0000 r3=12F8 r4=3D06 r5=2FA2 r6=0000 r7=0000 r8=002F r9=0002 r10=D860 r11=0AE6 r12=0402 r13=0000 r14=0000 r15=43F4
t=85.201054000 pc=00020912 fcw=D860 r0=0103 r1=010F r2=0000 r3=12F8 r4=3D06 r5=2FA2 r6=0000 r7=0000 r8=002F r9=0002 r10=D860 r11=0AE6 r12=0402 r13=0000 r14=0000 r15=43F4
t=85.201055750 pc=00020914 fcw=D860 r0=0103 r1=010F r2=0000 r3=12F8 r4=3D06 r5=2FA2 r6=0000 r7=0000 r8=002F r9=0002 r10=D860 r11=0AE6 r12=0402 r13=0000 r14=0000 r15=43F4
t=85.201057500 pc=00020916 fcw=D860 r0=0103 r1=010F r2=0000 r3=12F8 r4=3D06 r5=2FA2 r6=0000 r7=0000 r8=002F r9=0002 r10=D860 r11=0AE6 r12=0402 r13=0000 r14=0000 r15=43F4
t=85.201061000 pc=0002091A fcw=D860 r0=0103 r1=010F r2=0000 r3=12F8 r4=3D06 r5=2FA2 r6=0000 r7=0000 r8=002F r9=0002 r10=D860 r11=0AE6 r12=0402 r13=0000 r14=0000 r15=43F4
t=85.201063000 pc=0002091C fcw=D860 r0=0103 r1=010F r2=0000 r3=12F8 r4=3D06 r5=2FA2 r6=0000 r7=0000 r8=002F r9=0002 r10=D860 r11=0AE6 r12=0402 r13=0000 r14=0000 r15=43F4
t=85.201064500 pc=0002091E fcw=D860 r0=010F r1=0103 r2=0000 r3=12F8 r4=3D06 r5=2FA2 r6=0000 r7=0000 r8=002F r9=0002 r10=D860 r11=0AE6 r12=0402 r13=0000 r14=0000 r15=43F4
t=85.201067250 pc=00020920 fcw=D860 r0=010F r1=0103 r2=0000 r3=12F8 r4=3D06 r5=2FA2 r6=0000 r7=0000 r8=002F r9=0002 r10=D860 r11=0AE6 r12=0402 r13=0000 r14=0000 r15=43F4
t=85.201068750 pc=00020912 fcw=D860 r0=010F r1=0103 r2=0000 r3=12F8 r4=3D06 r5=2FA2 r6=0000 r7=0000 r8=002F r9=0002 r10=D860 r11=0AE6 r12=0402 r13=0000 r14=0000 r15=43F4
t=85.201070500 pc=00020914 fcw=D860 r0=010F r1=0103 r2=0000 r3=12F8 r4=3D06 r5=2FA2 r6=0000 r7=0000 r8=002F r9=0002 r10=D860 r11=0AE6 r12=0402 r13=0000 r14=0000 r15=43F4
t=85.201072250 pc=00020916 fcw=D860 r0=010F r1=0103 r2=0000 r3=12F8 r4=3D06 r5=2FA2 r6=0000 r7=0000 r8=002F r9=0002 r10=D860 r11=0AE6 r12=0402 r13=0000 r14=0000 r15=43F4
t=85.201075750 pc=0002091A fcw=D860 r0=010F r1=0103 r2=0000 r3=12F8 r4=3D06 r5=2FA2 r6=0000 r7=0000 r8=002F r9=0002 r10=D860 r11=0AE6 r12=0402 r13=0000 r14=0000 r15=43F4
t=85.201077750 pc=0002091C fcw=D860 r0=010F r1=0103 r2=0000 r3=12F8 r4=3D06 r5=2FA2 r6=0000 r7=0000 r8=002F r9=0002 r10=D860 r11=0AE6 r12=0402 r13=0000 r14=0000 r15=43F4
t=85.201079250 pc=0002091E fcw=D860 r0=0103 r1=010F r2=0000 r3=12F8 r4=3D06 r5=2FA2 r6=0000 r7=0000 r8=002F r9=0002 r10=D860 r11=0AE6 r12=0402 r13=0000 r14=0000 r15=43F4
t=85.201082000 pc=00020920 fcw=D860 r0=0103 r1=010F r2=0000 r3=12F8 r4=3D06 r5=2FA2 r6=0000 r7=0000 r8=002F r9=0002 r10=D860 r11=0AE6 r12=0402 r13=0000 r14=0000 r15=43F4
t=85.201083500 pc=00020912 fcw=D860 r0=0103 r1=010F r2=0000 r3=12F8 r4=3D06 r5=2FA2 r6=0000 r7=0000 r8=002F r9=0002 r10=D860 r11=0AE6 r12=0402 r13=0000 r14=0000 r15=43F4
t=85.201085250 pc=00020914 fcw=D860 r0=0103 r1=010F r2=0000 r3=12F8 r4=3D06 r5=2FA2 r6=0000 r7=0000 r8=002F r9=0002 r10=D860 r11=0AE6 r12=0402 r13=0000 r14=0000 r15=43F4
t=85.201087000 pc=00020916 fcw=D860 r0=0103 r1=010F r2=0000 r3=12F8 r4=3D06 r5=2FA2 r6=0000 r7=0000 r8=002F r9=0002 r10=D860 r11=0AE6 r12=0402 r13=0000 r14=0000 r15=43F4
t=85.201090500 pc=0002091A fcw=D860 r0=0103 r1=010F r2=0000 r3=12F8 r4=3D06 r5=2FA2 r6=0000 r7=0000 r8=002F r9=0002 r10=D860 r11=0AE6 r12=0402 r13=0000 r14=0000 r15=43F4
t=85.201092500 pc=0002091C fcw=D860 r0=0103 r1=010F r2=0000 r3=12F8 r4=3D06 r5=2FA2 r6=0000 r7=0000 r8=002F r9=0002 r10=D860 r11=0AE6 r12=0402 r13=0000 r14=0000 r15=43F4
t=85.201094000 pc=0002091E fcw=D860 r0=010F r1=0103 r2=0000 r3=12F8 r4=3D06 r5=2FA2 r6=0000 r7=0000 r8=002F r9=0002 r10=D860 r11=0AE6 r12=0402 r13=0000 r14=0000 r15=43F4
t=85.201096750 pc=00020920 fcw=D860 r0=010F r1=0103 r2=0000 r3=12F8 r4=3D06 r5=2FA2 r6=0000 r7=0000 r8=002F r9=0002 r10=D860 r11=0AE6 r12=0402 r13=0000 r14=0000 r15=43F4
t=85.201098250 pc=00020912 fcw=D860 r0=010F r1=0103 r2=0000 r3=12F8 r4=3D06 r5=2FA2 r6=0000 r7=0000 r8=002F r9=0002 r10=D860 r11=0AE6 r12=0402 r13=0000 r14=0000 r15=43F4
t=85.201100000 pc=00020914 fcw=D860 r0=010F r1=0103 r2=0000 r3=12F8 r4=3D06 r5=2FA2 r6=0000 r7=0000 r8=002F r9=0002 r10=D860 r11=0AE6 r12=0402 r13=0000 r14=0000 r15=43F4
t=85.201101750 pc=00020916 fcw=D860 r0=010F r1=0103 r2=0000 r3=12F8 r4=3D06 r5=2FA2 r6=0000 r7=0000 r8=002F r9=0002 r10=D860 r11=0AE6 r12=0402 r13=0000 r14=0000 r15=43F4
t=85.201105250 pc=0002091A fcw=D860 r0=010F r1=0103 r2=0000 r3=12F8 r4=3D06 r5=2FA2 r6=0000 r7=0000 r8=002F r9=0002 r10=D860 r11=0AE6 r12=0402 r13=0000 r14=0000 r15=43F4
t=85.201107250 pc=0002091C fcw=D860 r0=010F r1=0103 r2=0000 r3=12F8 r4=3D06 r5=2FA2 r6=0000 r7=0000 r8=002F r9=0002 r10=D860 r11=0AE6 r12=0402 r13=0000 r14=0000 r15=43F4
t=85.201108750 pc=0002091E fcw=D860 r0=0103 r1=010F r2=0000 r3=12F8 r4=3D06 r5=2FA2 r6=0000 r7=0000 r8=002F r9=0002 r10=D860 r11=0AE6 r12=0402 r13=0000 r14=0000 r15=43F4
t=85.201111500 pc=00020920 fcw=D860 r0=0103 r1=010F r2=0000 r3=12F8 r4=3D06 r5=2FA2 r6=0000 r7=0000 r8=002F r9=0002 r10=D860 r11=0AE6 r12=0402 r13=0000 r14=0000 r15=43F4
t=85.201113000 pc=00020912 fcw=D860 r0=0103 r1=010F r2=0000 r3=12F8 r4=3D06 r5=2FA2 r6=0000 r7=0000 r8=002F r9=0002 r10=D860 r11=0AE6 r12=0402 r13=0000 r14=0000 r15=43F4
t=85.201114750 pc=00020914 fcw=D860 r0=0103 r1=010F r2=0000 r3=12F8 r4=3D06 r5=2FA2 r6=0000 r7=0000 r8=002F r9=0002 r10=D860 r11=0AE6 r12=0402 r13=0000 r14=0000 r15=43F4
t=85.201116500 pc=00020916 fcw=D860 r0=0103 r1=010F r2=0000 r3=12F8 r4=3D06 r5=2FA2 r6=0000 r7=0000 r8=002F r9=0002 r10=D860 r11=0AE6 r12=0402 r13=0000 r14=0000 r15=43F4
t=85.201120000 pc=0002091A fcw=D860 r0=0103 r1=010F r2=0000 r3=12F8 r4=3D06 r5=2FA2 r6=0000 r7=0000 r8=002F r9=0002 r10=D860 r11=0AE6 r12=0402 r13=0000 r14=0000 r15=43F4
t=85.201122000 pc=0002091C fcw=D860 r0=0103 r1=010F r2=0000 r3=12F8 r4=3D06 r5=2FA2 r6=0000 r7=0000 r8=002F r9=0002 r10=D860 r11=0AE6 r12=0402 r13=0000 r14=0000 r15=43F4
t=85.201123500 pc=0002091E fcw=D860 r0=010F r1=0103 r2=0000 r3=12F8 r4=3D06 r5=2FA2 r6=0000 r7=0000 r8=002F r9=0002 r10=D860 r11=0AE6 r12=0402 r13=0000 r14=0000 r15=43F4
t=85.201126250 pc=00020920 fcw=D860 r0=010F r1=0103 r2=0000 r3=12F8 r4=3D06 r5=2FA2 r6=0000 r7=0000 r8=002F r9=0002 r10=D860 r11=0AE6 r12=0402 r13=0000 r14=0000 r15=43F4
t=85.201127750 pc=00020912 fcw=D860 r0=010F r1=0103 r2=0000 r3=12F8 r4=3D06 r5=2FA2 r6=0000 r7=0000 r8=002F r9=0002 r10=D860 r11=0AE6 r12=0402 r13=0000 r14=0000 r15=43F4
t=85.201129500 pc=00020914 fcw=D860 r0=010F r1=0103 r2=0000 r3=12F8 r4=3D06 r5=2FA2 r6=0000 r7=0000 r8=002F r9=0002 r10=D860 r11=0AE6 r12=0402 r13=0000 r14=0000 r15=43F4
t=85.201131250 pc=00020916 fcw=D860 r0=010F r1=0103 r2=0000 r3=12F8 r4=3D06 r5=2FA2 r6=0000 r7=0000 r8=002F r9=0002 r10=D860 r11=0AE6 r12=0402 r13=0000 r14=0000 r15=43F4
t=85.201134750 pc=0002091A fcw=D860 r0=010F r1=0103 r2=0000 r3=12F8 r4=3D06 r5=2FA2 r6=0000 r7=0000 r8=002F r9=0002 r10=D860 r11=0AE6 r12=0402 r13=0000 r14=0000 r15=43F4
t=85.201136750 pc=0002091C fcw=D860 r0=010F r1=0103 r2=0000 r3=12F8 r4=3D06 r5=2FA2 r6=0000 r7=0000 r8=002F r9=0002 r10=D860 r11=0AE6 r12=0402 r13=0000 r14=0000 r15=43F4
t=85.201138250 pc=0002091E fcw=D860 r0=0103 r1=010F r2=0000 r3=12F8 r4=3D06 r5=2FA2 r6=0000 r7=0000 r8=002F r9=0002 r10=D860 r11=0AE6 r12=0402 r13=0000 r14=0000 r15=43F4
t=85.201141000 pc=00020920 fcw=D860 r0=0103 r1=010F r2=0000 r3=12F8 r4=3D06 r5=2FA2 r6=0000 r7=0000 r8=002F r9=0002 r10=D860 r11=0AE6 r12=0402 r13=0000 r14=0000 r15=43F4
t=85.201142500 pc=00020912 fcw=D860 r0=0103 r1=010F r2=0000 r3=12F8 r4=3D06 r5=2FA2 r6=0000 r7=0000 r8=002F r9=0002 r10=D860 r11=0AE6 r12=0402 r13=0000 r14=0000 r15=43F4
t=85.201144250 pc=00020914 fcw=D860 r0=0103 r1=010F r2=0000 r3=12F8 r4=3D06 r5=2FA2 r6=0000 r7=0000 r8=002F r9=0002 r10=D860 r11=0AE6 r12=0402 r13=0000 r14=0000 r15=43F4
t=85.201146000 pc=00020916 fcw=D860 r0=0103 r1=010F r2=0000 r3=12F8 r4=3D06 r5=2FA2 r6=0000 r7=0000 r8=002F r9=0002 r10=D860 r11=0AE6 r12=0402 r13=0000 r14=0000 r15=43F4
t=85.201149500 pc=0002091A fcw=D860 r0=0103 r1=010F r2=0000 r3=12F8 r4=3D06 r5=2FA2 r6=0000 r7=0000 r8=002F r9=0002 r10=D860 r11=0AE6 r12=0402 r13=0000 r14=0000 r15=43F4
t=85.201151500 pc=0002091C fcw=D860 r0=0103 r1=010F r2=0000 r3=12F8 r4=3D06 r5=2FA2 r6=0000 r7=0000 r8=002F r9=0002 r10=D860 r11=0AE6 r12=0402 r13=0000 r14=0000 r15=43F4
t=85.201153000 pc=0002091E fcw=D860 r0=010F r1=0103 r2=0000 r3=12F8 r4=3D06 r5=2FA2 r6=0000 r7=0000 r8=002F r9=0002 r10=D860 r11=0AE6 r12=0402 r13=0000 r14=0000 r15=43F4
t=85.201155750 pc=00020920 fcw=D860 r0=010F r1=0103 r2=0000 r3=12F8 r4=3D06 r5=2FA2 r6=0000 r7=0000 r8=002F r9=0002 r10=D860 r11=0AE6 r12=0402 r13=0000 r14=0000 r15=43F4
t=85.201157250 pc=00020912 fcw=D860 r0=010F r1=0103 r2=0000 r3=12F8 r4=3D06 r5=2FA2 r6=0000 r7=0000 r8=002F r9=0002 r10=D860 r11=0AE6 r12=0402 r13=0000 r14=0000 r15=43F4
t=85.201159000 pc=00020914 fcw=D860 r0=010F r1=0103 r2=0000 r3=12F8 r4=3D06 r5=2FA2 r6=0000 r7=0000 r8=002F r9=0002 r10=D860 r11=0AE6 r12=0402 r13=0000 r14=0000 r15=43F4
t=85.201160750 pc=00020916 fcw=D860 r0=010F r1=0103 r2=0000 r3=12F8 r4=3D06 r5=2FA2 r6=0000 r7=0000 r8=002F r9=0002 r10=D860 r11=0AE6 r12=0402 r13=0000 r14=0000 r15=43F4
t=85.201164250 pc=0002091A fcw=D860 r0=010F r1=0103 r2=0000 r3=12F8 r4=3D06 r5=2FA2 r6=0000 r7=0000 r8=002F r9=0002 r10=D860 r11=0AE6 r12=0402 r13=0000 r14=0000 r15=43F4
t=85.201166250 pc=0002091C fcw=D860 r0=010F r1=0103 r2=0000 r3=12F8 r4=3D06 r5=2FA2 r6=0000 r7=0000 r8=002F r9=0002 r10=D860 r11=0AE6 r12=0402 r13=0000 r14=0000 r15=43F4
t=85.201167750 pc=0002091E fcw=D860 r0=0103 r1=010F r2=0000 r3=12F8 r4=3D06 r5=2FA2 r6=0000 r7=0000 r8=002F r9=0002 r10=D860 r11=0AE6 r12=0402 r13=0000 r14=0000 r15=43F4
t=85.201170500 pc=00020920 fcw=D860 r0=0103 r1=010F r2=0000 r3=12F8 r4=3D06 r5=2FA2 r6=0000 r7=0000 r8=002F r9=0002 r10=D860 r11=0AE6 r12=0402 r13=0000 r14=0000 r15=43F4
t=85.201172000 pc=00020912 fcw=D860 r0=0103 r1=010F r2=0000 r3=12F8 r4=3D06 r5=2FA2 r6=0000 r7=0000 r8=002F r9=0002 r10=D860 r11=0AE6 r12=0402 r13=0000 r14=0000 r15=43F4
t=85.201173750 pc=00020914 fcw=D860 r0=0103 r1=010F r2=0000 r3=12F8 r4=3D06 r5=2FA2 r6=0000 r7=0000 r8=002F r9=0002 r10=D860 r11=0AE6 r12=0402 r13=0000 r14=0000 r15=43F4
t=85.201175500 pc=00020916 fcw=D860 r0=0103 r1=010F r2=0000 r3=12F8 r4=3D06 r5=2FA2 r6=0000 r7=0000 r8=002F r9=0002 r10=D860 r11=0AE6 r12=0402 r13=0000 r14=0000 r15=43F4
t=85.201179000 pc=0002091A fcw=D860 r0=0103 r1=010F r2=0000 r3=12F8 r4=3D06 r5=2FA2 r6=0000 r7=0000 r8=002F r9=0002 r10=D860 r11=0AE6 r12=0402 r13=0000 r14=0000 r15=43F4
t=85.201181000 pc=0002091C fcw=D860 r0=0103 r1=010F r2=0000 r3=12F8 r4=3D06 r5=2FA2 r6=0000 r7=0000 r8=002F r9=0002 r10=D860 r11=0AE6 r12=0402 r13=0000 r14=0000 r15=43F4
t=85.201182500 pc=0002091E fcw=D860 r0=010F r1=0103 r2=0000 r3=12F8 r4=3D06 r5=2FA2 r6=0000 r7=0000 r8=002F r9=0002 r10=D860 r11=0AE6 r12=0402 r13=0000 r14=0000 r15=43F4
t=85.201185250 pc=00020920 fcw=D860 r0=010F r1=0103 r2=0000 r3=12F8 r4=3D06 r5=2FA2 r6=0000 r7=0000 r8=002F r9=0002 r10=D860 r11=0AE6 r12=0402 r13=0000 r14=0000 r15=43F4
t=85.201186750 pc=00020912 fcw=D860 r0=010F r1=0103 r2=0000 r3=12F8 r4=3D06 r5=2FA2 r6=0000 r7=0000 r8=002F r9=0002 r10=D860 r11=0AE6 r12=0402 r13=0000 r14=0000 r15=43F4
t=85.201188500 pc=00020914 fcw=D860 r0=010F r1=0103 r2=0000 r3=12F8 r4=3D06 r5=2FA2 r6=0000 r7=0000 r8=002F r9=0002 r10=D860 r11=0AE6 r12=0402 r13=0000 r14=0000 r15=43F4
t=85.201190250 pc=00020916 fcw=D860 r0=010F r1=0103 r2=0000 r3=12F8 r4=3D06 r5=2FA2 r6=0000 r7=0000 r8=002F r9=0002 r10=D860 r11=0AE6 r12=0402 r13=0000 r14=0000 r15=43F4
t=85.201193750 pc=0002091A fcw=D860 r0=010F r1=0103 r2=0000 r3=12F8 r4=3D06 r5=2FA2 r6=0000 r7=0000 r8=002F r9=0002 r10=D860 r11=0AE6 r12=0402 r13=0000 r14=0000 r15=43F4
t=85.201195750 pc=0002091C fcw=D860 r0=010F r1=0103 r2=0000 r3=12F8 r4=3D06 r5=2FA2 r6=0000 r7=0000 r8=002F r9=0002 r10=D860 r11=0AE6 r12=0402 r13=0000 r14=0000 r15=43F4
t=85.201197250 pc=0002091E fcw=D860 r0=0103 r1=010F r2=0000 r3=12F8 r4=3D06 r5=2FA2 r6=0000 r7=0000 r8=002F r9=0002 r10=D860 r11=0AE6 r12=0402 r13=0000 r14=0000 r15=43F4
t=85.201200000 pc=00020920 fcw=D860 r0=0103 r1=010F r2=0000 r3=12F8 r4=3D06 r5=2FA2 r6=0000 r7=0000 r8=002F r9=0002 r10=D860 r11=0AE6 r12=0402 r13=0000 r14=0000 r15=43F4
t=85.201201500 pc=00020912 fcw=D860 r0=0103 r1=010F r2=0000 r3=12F8 r4=3D06 r5=2FA2 r6=0000 r7=0000 r8=002F r9=0002 r10=D860 r11=0AE6 r12=0402 r13=0000 r14=0000 r15=43F4
t=85.201203250 pc=00020914 fcw=D860 r0=0103 r1=010F r2=0000 r3=12F8 r4=3D06 r5=2FA2 r6=0000 r7=0000 r8=002F r9=0002 r10=D860 r11=0AE6 r12=0402 r13=0000 r14=0000 r15=43F4
t=85.201205000 pc=00020916 fcw=D860 r0=0103 r1=010F r2=0000 r3=12F8 r4=3D06 r5=2FA2 r6=0000 r7=0000 r8=002F r9=0002 r10=D860 r11=0AE6 r12=0402 r13=0000 r14=0000 r15=43F4
t=85.201208500 pc=0002091A fcw=D860 r0=0103 r1=010F r2=0000 r3=12F8 r4=3D06 r5=2FA2 r6=0000 r7=0000 r8=002F r9=0002 r10=D860 r11=0AE6 r12=0402 r13=0000 r14=0000 r15=43F4
t=85.201210500 pc=0002091C fcw=D860 r0=0103 r1=010F r2=0000 r3=12F8 r4=3D06 r5=2FA2 r6=0000 r7=0000 r8=002F r9=0002 r10=D860 r11=0AE6 r12=0402 r13=0000 r14=0000 r15=43F4
t=85.201212000 pc=0002091E fcw=D860 r0=010F r1=0103 r2=0000 r3=12F8 r4=3D06 r5=2FA2 r6=0000 r7=0000 r8=002F r9=0002 r10=D860 r11=0AE6 r12=0402 r13=0000 r14=0000 r15=43F4
t=85.201214750 pc=00020920 fcw=D860 r0=010F r1=0103 r2=0000 r3=12F8 r4=3D06 r5=2FA2 r6=0000 r7=0000 r8=002F r9=0002 r10=D860 r11=0AE6 r12=0402 r13=0000 r14=0000 r15=43F4
t=85.201216250 pc=00020912 fcw=D860 r0=010F r1=0103 r2=0000 r3=12F8 r4=3D06 r5=2FA2 r6=0000 r7=0000 r8=002F r9=0002 r10=D860 r11=0AE6 r12=0402 r13=0000 r14=0000 r15=43F4
t=85.201218000 pc=00020914 fcw=D860 r0=010F r1=0103 r2=0000 r3=12F8 r4=3D06 r5=2FA2 r6=0000 r7=0000 r8=002F r9=0002 r10=D860 r11=0AE6 r12=0402 r13=0000 r14=0000 r15=43F4
t=85.201219750 pc=00020916 fcw=D860 r0=010F r1=0103 r2=0000 r3=12F8 r4=3D06 r5=2FA2 r6=0000 r7=0000 r8=002F r9=0002 r10=D860 r11=0AE6 r12=0402 r13=0000 r14=0000 r15=43F4
t=85.201223250 pc=0002091A fcw=D860 r0=010F r1=0103 r2=0000 r3=12F8 r4=3D06 r5=2FA2 r6=0000 r7=0000 r8=002F r9=0002 r10=D860 r11=0AE6 r12=0402 r13=0000 r14=0000 r15=43F4
t=85.201225250 pc=0002091C fcw=D860 r0=010F r1=0103 r2=0000 r3=12F8 r4=3D06 r5=2FA2 r6=0000 r7=0000 r8=002F r9=0002 r10=D860 r11=0AE6 r12=0402 r13=0000 r14=0000 r15=43F4
t=85.201226750 pc=0002091E fcw=D860 r0=0103 r1=010F r2=0000 r3=12F8 r4=3D06 r5=2FA2 r6=0000 r7=0000 r8=002F r9=0002 r10=D860 r11=0AE6 r12=0402 r13=0000 r14=0000 r15=43F4
t=85.201229500 pc=00020920 fcw=D860 r0=0103 r1=010F r2=0000 r3=12F8 r4=3D06 r5=2FA2 r6=0000 r7=0000 r8=002F r9=0002 r10=D860 r11=0AE6 r12=0402 r13=0000 r14=0000 r15=43F4
t=85.201231000 pc=00020912 fcw=D860 r0=0103 r1=010F r2=0000 r3=12F8 r4=3D06 r5=2FA2 r6=0000 r7=0000 r8=002F r9=0002 r10=D860 r11=0AE6 r12=0402 r13=0000 r14=0000 r15=43F4
t=85.201232750 pc=00020914 fcw=D860 r0=0103 r1=010F r2=0000 r3=12F8 r4=3D06 r5=2FA2 r6=0000 r7=0000 r8=002F r9=0002 r10=D860 r11=0AE6 r12=0402 r13=0000 r14=0000 r15=43F4
t=85.201234500 pc=00020916 fcw=D860 r0=0103 r1=010F r2=0000 r3=12F8 r4=3D06 r5=2FA2 r6=0000 r7=0000 r8=002F r9=0002 r10=D860 r11=0AE6 r12=0402 r13=0000 r14=0000 r15=43F4
t=85.201238000 pc=0002091A fcw=D860 r0=0103 r1=010F r2=0000 r3=12F8 r4=3D06 r5=2FA2 r6=0000 r7=0000 r8=002F r9=0002 r10=D860 r11=0AE6 r12=0402 r13=0000 r14=0000 r15=43F4
t=85.201240000 pc=0002091C fcw=D860 r0=0103 r1=010F r2=0000 r3=12F8 r4=3D06 r5=2FA2 r6=0000 r7=0000 r8=002F r9=0002 r10=D860 r11=0AE6 r12=0402 r13=0000 r14=0000 r15=43F4
t=85.201241500 pc=0002091E fcw=D860 r0=010F r1=0103 r2=0000 r3=12F8 r4=3D06 r5=2FA2 r6=0000 r7=0000 r8=002F r9=0002 r10=D860 r11=0AE6 r12=0402 r13=0000 r14=0000 r15=43F4
t=85.201244250 pc=00020920 fcw=D860 r0=010F r1=0103 r2=0000 r3=12F8 r4=3D06 r5=2FA2 r6=0000 r7=0000 r8=002F r9=0002 r10=D860 r11=0AE6 r12=0402 r13=0000 r14=0000 r15=43F4
t=85.201245750 pc=00020912 fcw=D860 r0=010F r1=0103 r2=0000 r3=12F8 r4=3D06 r5=2FA2 r6=0000 r7=0000 r8=002F r9=0002 r10=D860 r11=0AE6 r12=0402 r13=0000 r14=0000 r15=43F4
t=85.201247500 pc=00020914 fcw=D860 r0=010F r1=0103 r2=0000 r3=12F8 r4=3D06 r5=2FA2 r6=0000 r7=0000 r8=002F r9=0002 r10=D860 r11=0AE6 r12=0402 r13=0000 r14=0000 r15=43F4
t=85.201249250 pc=00020916 fcw=D860 r0=010F r1=0103 r2=0000 r3=12F8 r4=3D06 r5=2FA2 r6=0000 r7=0000 r8=002F r9=0002 r10=D860 r11=0AE6 r12=0402 r13=0000 r14=0000 r15=43F4
t=85.201252750 pc=0002091A fcw=D860 r0=010F r1=0103 r2=0000 r3=12F8 r4=3D06 r5=2FA2 r6=0000 r7=0000 r8=002F r9=0002 r10=D860 r11=0AE6 r12=0402 r13=0000 r14=0000 r15=43F4
t=85.201254750 pc=0002091C fcw=D860 r0=010F r1=0103 r2=0000 r3=12F8 r4=3D06 r5=2FA2 r6=0000 r7=0000 r8=002F r9=0002 r10=D860 r11=0AE6 r12=0402 r13=0000 r14=0000 r15=43F4
t=85.201256250 pc=0002091E fcw=D860 r0=0103 r1=010F r2=0000 r3=12F8 r4=3D06 r5=2FA2 r6=0000 r7=0000 r8=002F r9=0002 r10=D860 r11=0AE6 r12=0402 r13=0000 r14=0000 r15=43F4
t=85.201259000 pc=00020920 fcw=D860 r0=0103 r1=010F r2=0000 r3=12F8 r4=3D06 r5=2FA2 r6=0000 r7=0000 r8=002F r9=0002 r10=D860 r11=0AE6 r12=0402 r13=0000 r14=0000 r15=43F4
t=85.201260500 pc=00020912 fcw=D860 r0=0103 r1=010F r2=0000 r3=12F8 r4=3D06 r5=2FA2 r6=0000 r7=0000 r8=002F r9=0002 r10=D860 r11=0AE6 r12=0402 r13=0000 r14=0000 r15=43F4
t=85.201262250 pc=00020914 fcw=D860 r0=0103 r1=010F r2=0000 r3=12F8 r4=3D06 r5=2FA2 r6=0000 r7=0000 r8=002F r9=0002 r10=D860 r11=0AE6 r12=0402 r13=0000 r14=0000 r15=43F4
t=85.201264000 pc=00020916 fcw=D860 r0=0103 r1=010F r2=0000 r3=12F8 r4=3D06 r5=2FA2 r6=0000 r7=0000 r8=002F r9=0002 r10=D860 r11=0AE6 r12=0402 r13=0000 r14=0000 r15=43F4
t=85.201267500 pc=0002091A fcw=D860 r0=0103 r1=010F r2=0000 r3=12F8 r4=3D06 r5=2FA2 r6=0000 r7=0000 r8=002F r9=0002 r10=D860 r11=0AE6 r12=0402 r13=0000 r14=0000 r15=43F4
t=85.201269500 pc=0002091C fcw=D860 r0=0103 r1=010F r2=0000 r3=12F8 r4=3D06 r5=2FA2 r6=0000 r7=0000 r8=002F r9=0002 r10=D860 r11=0AE6 r12=0402 r13=0000 r14=0000 r15=43F4
t=85.201271000 pc=0002091E fcw=D860 r0=010F r1=0103 r2=0000 r3=12F8 r4=3D06 r5=2FA2 r6=0000 r7=0000 r8=002F r9=0002 r10=D860 r11=0AE6 r12=0402 r13=0000 r14=0000 r15=43F4
t=85.201273750 pc=00020920 fcw=D860 r0=010F r1=0103 r2=0000 r3=12F8 r4=3D06 r5=2FA2 r6=0000 r7=0000 r8=002F r9=0002 r10=D860 r11=0AE6 r12=0402 r13=0000 r14=0000 r15=43F4
t=85.201275250 pc=00020912 fcw=D860 r0=010F r1=0103 r2=0000 r3=12F8 r4=3D06 r5=2FA2 r6=0000 r7=0000 r8=002F r9=0002 r10=D860 r11=0AE6 r12=0402 r13=0000 r14=0000 r15=43F4
t=85.201277000 pc=00020914 fcw=D860 r0=010F r1=0103 r2=0000 r3=12F8 r4=3D06 r5=2FA2 r6=0000 r7=0000 r8=002F r9=0002 r10=D860 r11=0AE6 r12=0402 r13=0000 r14=0000 r15=43F4
t=85.201278750 pc=00020916 fcw=D860 r0=010F r1=0103 r2=0000 r3=12F8 r4=3D06 r5=2FA2 r6=0000 r7=0000 r8=002F r9=0002 r10=D860 r11=0AE6 r12=0402 r13=0000 r14=0000 r15=43F4
t=85.201282250 pc=0002091A fcw=D860 r0=010F r1=0103 r2=0000 r3=12F8 r4=3D06 r5=2FA2 r6=0000 r7=0000 r8=002F r9=0002 r10=D860 r11=0AE6 r12=0402 r13=0000 r14=0000 r15=43F4
t=85.201284250 pc=0002091C fcw=D860 r0=010F r1=0103 r2=0000 r3=12F8 r4=3D06 r5=2FA2 r6=0000 r7=0000 r8=002F r9=0002 r10=D860 r11=0AE6 r12=0402 r13=0000 r14=0000 r15=43F4
t=85.201285750 pc=0002091E fcw=D860 r0=0103 r1=010F r2=0000 r3=12F8 r4=3D06 r5=2FA2 r6=0000 r7=0000 r8=002F r9=0002 r10=D860 r11=0AE6 r12=0402 r13=0000 r14=0000 r15=43F4
t=85.201288500 pc=00020920 fcw=D860 r0=0103 r1=010F r2=0000 r3=12F8 r4=3D06 r5=2FA2 r6=0000 r7=0000 r8=002F r9=0002 r10=D860 r11=0AE6 r12=0402 r13=0000 r14=0000 r15=43F4
t=85.201290000 pc=00020912 fcw=D860 r0=0103 r1=010F r2=0000 r3=12F8 r4=3D06 r5=2FA2 r6=0000 r7=0000 r8=002F r9=0002 r10=D860 r11=0AE6 r12=0402 r13=0000 r14=0000 r15=43F4
t=85.201291750 pc=00020914 fcw=D860 r0=0103 r1=010F r2=0000 r3=12F8 r4=3D06 r5=2FA2 r6=0000 r7=0000 r8=002F r9=0002 r10=D860 r11=0AE6 r12=0402 r13=0000 r14=0000 r15=43F4
t=85.201293500 pc=00020916 fcw=D860 r0=0103 r1=010F r2=0000 r3=12F8 r4=3D06 r5=2FA2 r6=0000 r7=0000 r8=002F r9=0002 r10=D860 r11=0AE6 r12=0402 r13=0000 r14=0000 r15=43F4
t=85.201297000 pc=0002091A fcw=D860 r0=0103 r1=010F r2=0000 r3=12F8 r4=3D06 r5=2FA2 r6=0000 r7=0000 r8=002F r9=0002 r10=D860 r11=0AE6 r12=0402 r13=0000 r14=0000 r15=43F4
t=85.201299000 pc=0002091C fcw=D860 r0=0103 r1=010F r2=0000 r3=12F8 r4=3D06 r5=2FA2 r6=0000 r7=0000 r8=002F r9=0002 r10=D860 r11=0AE6 r12=0402 r13=0000 r14=0000 r15=43F4
t=85.201300500 pc=0002091E fcw=D860 r0=010F r1=0103 r2=0000 r3=12F8 r4=3D06 r5=2FA2 r6=0000 r7=0000 r8=002F r9=0002 r10=D860 r11=0AE6 r12=0402 r13=0000 r14=0000 r15=43F4
t=85.201303250 pc=00020920 fcw=D860 r0=010F r1=0103 r2=0000 r3=12F8 r4=3D06 r5=2FA2 r6=0000 r7=0000 r8=002F r9=0002 r10=D860 r11=0AE6 r12=0402 r13=0000 r14=0000 r15=43F4
t=85.201304750 pc=00020912 fcw=D860 r0=010F r1=0103 r2=0000 r3=12F8 r4=3D06 r5=2FA2 r6=0000 r7=0000 r8=002F r9=0002 r10=D860 r11=0AE6 r12=0402 r13=0000 r14=0000 r15=43F4
t=85.201306500 pc=00020914 fcw=D860 r0=010F r1=0103 r2=0000 r3=12F8 r4=3D06 r5=2FA2 r6=0000 r7=0000 r8=002F r9=0002 r10=D860 r11=0AE6 r12=0402 r13=0000 r14=0000 r15=43F4
t=85.201308250 pc=00020916 fcw=D860 r0=010F r1=0103 r2=0000 r3=12F8 r4=3D06 r5=2FA2 r6=0000 r7=0000 r8=002F r9=0002 r10=D860 r11=0AE6 r12=0402 r13=0000 r14=0000 r15=43F4
t=85.201311750 pc=0002091A fcw=D860 r0=010F r1=0103 r2=0000 r3=12F8 r4=3D06 r5=2FA2 r6=0000 r7=0000 r8=002F r9=0002 r10=D860 r11=0AE6 r12=0402 r13=0000 r14=0000 r15=43F4
t=85.201313750 pc=0002091C fcw=D860 r0=010F r1=0103 r2=0000 r3=12F8 r4=3D06 r5=2FA2 r6=0000 r7=0000 r8=002F r9=0002 r10=D860 r11=0AE6 r12=0402 r13=0000 r14=0000 r15=43F4
t=85.201315250 pc=0002091E fcw=D860 r0=0103 r1=010F r2=0000 r3=12F8 r4=3D06 r5=2FA2 r6=0000 r7=0000 r8=002F r9=0002 r10=D860 r11=0AE6 r12=0402 r13=0000 r14=0000 r15=43F4
t=85.201318000 pc=00020920 fcw=D860 r0=0103 r1=010F r2=0000 r3=12F8 r4=3D06 r5=2FA2 r6=0000 r7=0000 r8=002F r9=0002 r10=D860 r11=0AE6 r12=0402 r13=0000 r14=0000 r15=43F4
t=85.201319500 pc=00020912 fcw=D860 r0=0103 r1=010F r2=0000 r3=12F8 r4=3D06 r5=2FA2 r6=0000 r7=0000 r8=002F r9=0002 r10=D860 r11=0AE6 r12=0402 r13=0000 r14=0000 r15=43F4
t=85.201321250 pc=00020914 fcw=D860 r0=0103 r1=010F r2=0000 r3=12F8 r4=3D06 r5=2FA2 r6=0000 r7=0000 r8=002F r9=0002 r10=D860 r11=0AE6 r12=0402 r13=0000 r14=0000 r15=43F4
t=85.201323000 pc=00020916 fcw=D860 r0=0103 r1=010F r2=0000 r3=12F8 r4=3D06 r5=2FA2 r6=0000 r7=0000 r8=002F r9=0002 r10=D860 r11=0AE6 r12=0402 r13=0000 r14=0000 r15=43F4
t=85.201326500 pc=0002091A fcw=D860 r0=0103 r1=010F r2=0000 r3=12F8 r4=3D06 r5=2FA2 r6=0000 r7=0000 r8=002F r9=0002 r10=D860 r11=0AE6 r12=0402 r13=0000 r14=0000 r15=43F4
t=85.201328500 pc=0002091C fcw=D860 r0=0103 r1=010F r2=0000 r3=12F8 r4=3D06 r5=2FA2 r6=0000 r7=0000 r8=002F r9=0002 r10=D860 r11=0AE6 r12=0402 r13=0000 r14=0000 r15=43F4
t=85.201330000 pc=0002091E fcw=D860 r0=010F r1=0103 r2=0000 r3=12F8 r4=3D06 r5=2FA2 r6=0000 r7=0000 r8=002F r9=0002 r10=D860 r11=0AE6 r12=0402 r13=0000 r14=0000 r15=43F4
t=85.201332750 pc=00020920 fcw=D860 r0=010F r1=0103 r2=0000 r3=12F8 r4=3D06 r5=2FA2 r6=0000 r7=0000 r8=002F r9=0002 r10=D860 r11=0AE6 r12=0402 r13=0000 r14=0000 r15=43F4
t=85.201334250 pc=00020912 fcw=D860 r0=010F r1=0103 r2=0000 r3=12F8 r4=3D06 r5=2FA2 r6=0000 r7=0000 r8=002F r9=0002 r10=D860 r11=0AE6 r12=0402 r13=0000 r14=0000 r15=43F4
t=85.201336000 pc=00020914 fcw=D860 r0=010F r1=0103 r2=0000 r3=12F8 r4=3D06 r5=2FA2 r6=0000 r7=0000 r8=002F r9=0002 r10=D860 r11=0AE6 r12=0402 r13=0000 r14=0000 r15=43F4
t=85.201337750 pc=00020916 fcw=D860 r0=010F r1=0103 r2=0000 r3=12F8 r4=3D06 r5=2FA2 r6=0000 r7=0000 r8=002F r9=0002 r10=D860 r11=0AE6 r12=0402 r13=0000 r14=0000 r15=43F4
t=85.201341250 pc=0002091A fcw=D860 r0=010F r1=0103 r2=0000 r3=12F8 r4=3D06 r5=2FA2 r6=0000 r7=0000 r8=002F r9=0002 r10=D860 r11=0AE6 r12=0402 r13=0000 r14=0000 r15=43F4
t=85.201343250 pc=0002091C fcw=D860 r0=010F r1=0103 r2=0000 r3=12F8 r4=3D06 r5=2FA2 r6=0000 r7=0000 r8=002F r9=0002 r10=D860 r11=0AE6 r12=0402 r13=0000 r14=0000 r15=43F4
t=85.201344750 pc=0002091E fcw=D860 r0=0103 r1=010F r2=0000 r3=12F8 r4=3D06 r5=2FA2 r6=0000 r7=0000 r8=002F r9=0002 r10=D860 r11=0AE6 r12=0402 r13=0000 r14=0000 r15=43F4
t=85.201347500 pc=00020920 fcw=D860 r0=0103 r1=010F r2=0000 r3=12F8 r4=3D06 r5=2FA2 r6=0000 r7=0000 r8=002F r9=0002 r10=D860 r11=0AE6 r12=0402 r13=0000 r14=0000 r15=43F4
t=85.201349000 pc=00020912 fcw=D860 r0=0103 r1=010F r2=0000 r3=12F8 r4=3D06 r5=2FA2 r6=0000 r7=0000 r8=002F r9=0002 r10=D860 r11=0AE6 r12=0402 r13=0000 r14=0000 r15=43F4
t=85.201350750 pc=00020914 fcw=D860 r0=0103 r1=010F r2=0000 r3=12F8 r4=3D06 r5=2FA2 r6=0000 r7=0000 r8=002F r9=0002 r10=D860 r11=0AE6 r12=0402 r13=0000 r14=0000 r15=43F4
t=85.201352500 pc=00020916 fcw=D860 r0=0103 r1=010F r2=0000 r3=12F8 r4=3D06 r5=2FA2 r6=0000 r7=0000 r8=002F r9=0002 r10=D860 r11=0AE6 r12=0402 r13=0000 r14=0000 r15=43F4
t=85.201356000 pc=0002091A fcw=D860 r0=0103 r1=010F r2=0000 r3=12F8 r4=3D06 r5=2FA2 r6=0000 r7=0000 r8=002F r9=0002 r10=D860 r11=0AE6 r12=0402 r13=0000 r14=0000 r15=43F4
t=85.201358000 pc=0002091C fcw=D860 r0=0103 r1=010F r2=0000 r3=12F8 r4=3D06 r5=2FA2 r6=0000 r7=0000 r8=002F r9=0002 r10=D860 r11=0AE6 r12=0402 r13=0000 r14=0000 r15=43F4
t=85.201359500 pc=0002091E fcw=D860 r0=010F r1=0103 r2=0000 r3=12F8 r4=3D06 r5=2FA2 r6=0000 r7=0000 r8=002F r9=0002 r10=D860 r11=0AE6 r12=0402 r13=0000 r14=0000 r15=43F4
t=85.201362250 pc=00020920 fcw=D860 r0=010F r1=0103 r2=0000 r3=12F8 r4=3D06 r5=2FA2 r6=0000 r7=0000 r8=002F r9=0002 r10=D860 r11=0AE6 r12=0402 r13=0000 r14=0000 r15=43F4
t=85.201363750 pc=00020912 fcw=D860 r0=010F r1=0103 r2=0000 r3=12F8 r4=3D06 r5=2FA2 r6=0000 r7=0000 r8=002F r9=0002 r10=D860 r11=0AE6 r12=0402 r13=0000 r14=0000 r15=43F4
t=85.201365500 pc=00020914 fcw=D860 r0=010F r1=0103 r2=0000 r3=12F8 r4=3D06 r5=2FA2 r6=0000 r7=0000 r8=002F r9=0002 r10=D860 r11=0AE6 r12=0402 r13=0000 r14=0000 r15=43F4
t=85.201367250 pc=00020916 fcw=D860 r0=010F r1=0103 r2=0000 r3=12F8 r4=3D06 r5=2FA2 r6=0000 r7=0000 r8=002F r9=0002 r10=D860 r11=0AE6 r12=0402 r13=0000 r14=0000 r15=43F4
t=85.201370750 pc=0002091A fcw=D860 r0=010F r1=0103 r2=0000 r3=12F8 r4=3D06 r5=2FA2 r6=0000 r7=0000 r8=002F r9=0002 r10=D860 r11=0AE6 r12=0402 r13=0000 r14=0000 r15=43F4
t=85.201372750 pc=0002091C fcw=D860 r0=010F r1=0103 r2=0000 r3=12F8 r4=3D06 r5=2FA2 r6=0000 r7=0000 r8=002F r9=0002 r10=D860 r11=0AE6 r12=0402 r13=0000 r14=0000 r15=43F4
t=85.201374250 pc=0002091E fcw=D860 r0=0103 r1=010F r2=0000 r3=12F8 r4=3D06 r5=2FA2 r6=0000 r7=0000 r8=002F r9=0002 r10=D860 r11=0AE6 r12=0402 r13=0000 r14=0000 r15=43F4
t=85.201377000 pc=00020920 fcw=D860 r0=0103 r1=010F r2=0000 r3=12F8 r4=3D06 r5=2FA2 r6=0000 r7=0000 r8=002F r9=0002 r10=D860 r11=0AE6 r12=0402 r13=0000 r14=0000 r15=43F4
t=85.201378500 pc=00020912 fcw=D860 r0=0103 r1=010F r2=0000 r3=12F8 r4=3D06 r5=2FA2 r6=0000 r7=0000 r8=002F r9=0002 r10=D860 r11=0AE6 r12=0402 r13=0000 r14=0000 r15=43F4
t=85.201380250 pc=00020914 fcw=D860 r0=0103 r1=010F r2=0000 r3=12F8 r4=3D06 r5=2FA2 r6=0000 r7=0000 r8=002F r9=0002 r10=D860 r11=0AE6 r12=0402 r13=0000 r14=0000 r15=43F4
t=85.201382000 pc=00020916 fcw=D860 r0=0103 r1=010F r2=0000 r3=12F8 r4=3D06 r5=2FA2 r6=0000 r7=0000 r8=002F r9=0002 r10=D860 r11=0AE6 r12=0402 r13=0000 r14=0000 r15=43F4
t=85.201385500 pc=0002091A fcw=D860 r0=0103 r1=010F r2=0000 r3=12F8 r4=3D06 r5=2FA2 r6=0000 r7=0000 r8=002F r9=0002 r10=D860 r11=0AE6 r12=0402 r13=0000 r14=0000 r15=43F4
t=85.201387500 pc=0002091C fcw=D860 r0=0103 r1=010F r2=0000 r3=12F8 r4=3D06 r5=2FA2 r6=0000 r7=0000 r8=002F r9=0002 r10=D860 r11=0AE6 r12=0402 r13=0000 r14=0000 r15=43F4
t=85.201389000 pc=0002091E fcw=D860 r0=010F r1=0103 r2=0000 r3=12F8 r4=3D06 r5=2FA2 r6=0000 r7=0000 r8=002F r9=0002 r10=D860 r11=0AE6 r12=0402 r13=0000 r14=0000 r15=43F4
t=85.201391750 pc=00020920 fcw=D860 r0=010F r1=0103 r2=0000 r3=12F8 r4=3D06 r5=2FA2 r6=0000 r7=0000 r8=002F r9=0002 r10=D860 r11=0AE6 r12=0402 r13=0000 r14=0000 r15=43F4
t=85.201393250 pc=00020912 fcw=D860 r0=010F r1=0103 r2=0000 r3=12F8 r4=3D06 r5=2FA2 r6=0000 r7=0000 r8=002F r9=0002 r10=D860 r11=0AE6 r12=0402 r13=0000 r14=0000 r15=43F4
t=85.201395000 pc=00020914 fcw=D860 r0=010F r1=0103 r2=0000 r3=12F8 r4=3D06 r5=2FA2 r6=0000 r7=0000 r8=002F r9=0002 r10=D860 r11=0AE6 r12=0402 r13=0000 r14=0000 r15=43F4
t=85.201396750 pc=00020916 fcw=D860 r0=010F r1=0103 r2=0000 r3=12F8 r4=3D06 r5=2FA2 r6=0000 r7=0000 r8=002F r9=0002 r10=D860 r11=0AE6 r12=0402 r13=0000 r14=0000 r15=43F4
t=85.201400250 pc=0002091A fcw=D860 r0=010F r1=0103 r2=0000 r3=12F8 r4=3D06 r5=2FA2 r6=0000 r7=0000 r8=002F r9=0002 r10=D860 r11=0AE6 r12=0402 r13=0000 r14=0000 r15=43F4
t=85.201402250 pc=0002091C fcw=D860 r0=010F r1=0103 r2=0000 r3=12F8 r4=3D06 r5=2FA2 r6=0000 r7=0000 r8=002F r9=0002 r10=D860 r11=0AE6 r12=0402 r13=0000 r14=0000 r15=43F4
t=85.201403750 pc=0002091E fcw=D860 r0=0103 r1=010F r2=0000 r3=12F8 r4=3D06 r5=2FA2 r6=0000 r7=0000 r8=002F r9=0002 r10=D860 r11=0AE6 r12=0402 r13=0000 r14=0000 r15=43F4
t=85.201406500 pc=00020920 fcw=D860 r0=0103 r1=010F r2=0000 r3=12F8 r4=3D06 r5=2FA2 r6=0000 r7=0000 r8=002F r9=0002 r10=D860 r11=0AE6 r12=0402 r13=0000 r14=0000 r15=43F4
t=85.201408000 pc=00020912 fcw=D860 r0=0103 r1=010F r2=0000 r3=12F8 r4=3D06 r5=2FA2 r6=0000 r7=0000 r8=002F r9=0002 r10=D860 r11=0AE6 r12=0402 r13=0000 r14=0000 r15=43F4
t=85.201409750 pc=00020914 fcw=D860 r0=0103 r1=010F r2=0000 r3=12F8 r4=3D06 r5=2FA2 r6=0000 r7=0000 r8=002F r9=0002 r10=D860 r11=0AE6 r12=0402 r13=0000 r14=0000 r15=43F4
t=85.201411500 pc=00020916 fcw=D860 r0=0103 r1=010F r2=0000 r3=12F8 r4=3D06 r5=2FA2 r6=0000 r7=0000 r8=002F r9=0002 r10=D860 r11=0AE6 r12=0402 r13=0000 r14=0000 r15=43F4
t=85.201415000 pc=0002091A fcw=D860 r0=0103 r1=010F r2=0000 r3=12F8 r4=3D06 r5=2FA2 r6=0000 r7=0000 r8=002F r9=0002 r10=D860 r11=0AE6 r12=0402 r13=0000 r14=0000 r15=43F4
t=85.201417000 pc=0002091C fcw=D860 r0=0103 r1=010F r2=0000 r3=12F8 r4=3D06 r5=2FA2 r6=0000 r7=0000 r8=002F r9=0002 r10=D860 r11=0AE6 r12=0402 r13=0000 r14=0000 r15=43F4
t=85.201418500 pc=0002091E fcw=D860 r0=010F r1=0103 r2=0000 r3=12F8 r4=3D06 r5=2FA2 r6=0000 r7=0000 r8=002F r9=0002 r10=D860 r11=0AE6 r12=0402 r13=0000 r14=0000 r15=43F4
t=85.201421250 pc=00020920 fcw=D860 r0=010F r1=0103 r2=0000 r3=12F8 r4=3D06 r5=2FA2 r6=0000 r7=0000 r8=002F r9=0002 r10=D860 r11=0AE6 r12=0402 r13=0000 r14=0000 r15=43F4
t=85.201422750 pc=00020912 fcw=D860 r0=010F r1=0103 r2=0000 r3=12F8 r4=3D06 r5=2FA2 r6=0000 r7=0000 r8=002F r9=0002 r10=D860 r11=0AE6 r12=0402 r13=0000 r14=0000 r15=43F4
t=85.201424500 pc=00020914 fcw=D860 r0=010F r1=0103 r2=0000 r3=12F8 r4=3D06 r5=2FA2 r6=0000 r7=0000 r8=002F r9=0002 r10=D860 r11=0AE6 r12=0402 r13=0000 r14=0000 r15=43F4
t=85.201426250 pc=00020916 fcw=D860 r0=010F r1=0103 r2=0000 r3=12F8 r4=3D06 r5=2FA2 r6=0000 r7=0000 r8=002F r9=0002 r10=D860 r11=0AE6 r12=0402 r13=0000 r14=0000 r15=43F4
t=85.201429750 pc=0002091A fcw=D860 r0=010F r1=0103 r2=0000 r3=12F8 r4=3D06 r5=2FA2 r6=0000 r7=0000 r8=002F r9=0002 r10=D860 r11=0AE6 r12=0402 r13=0000 r14=0000 r15=43F4
t=85.201431750 pc=0002091C fcw=D860 r0=010F r1=0103 r2=0000 r3=12F8 r4=3D06 r5=2FA2 r6=0000 r7=0000 r8=002F r9=0002 r10=D860 r11=0AE6 r12=0402 r13=0000 r14=0000 r15=43F4
t=85.201433250 pc=0002091E fcw=D860 r0=0103 r1=010F r2=0000 r3=12F8 r4=3D06 r5=2FA2 r6=0000 r7=0000 r8=002F r9=0002 r10=D860 r11=0AE6 r12=0402 r13=0000 r14=0000 r15=43F4
t=85.201436000 pc=00020920 fcw=D860 r0=0103 r1=010F r2=0000 r3=12F8 r4=3D06 r5=2FA2 r6=0000 r7=0000 r8=002F r9=0002 r10=D860 r11=0AE6 r12=0402 r13=0000 r14=0000 r15=43F4
t=85.201437500 pc=00020912 fcw=D860 r0=0103 r1=010F r2=0000 r3=12F8 r4=3D06 r5=2FA2 r6=0000 r7=0000 r8=002F r9=0002 r10=D860 r11=0AE6 r12=0402 r13=0000 r14=0000 r15=43F4
t=85.201439250 pc=00020914 fcw=D860 r0=0103 r1=010F r2=0000 r3=12F8 r4=3D06 r5=2FA2 r6=0000 r7=0000 r8=002F r9=0002 r10=D860 r11=0AE6 r12=0402 r13=0000 r14=0000 r15=43F4
t=85.201441000 pc=00020916 fcw=D860 r0=0103 r1=010F r2=0000 r3=12F8 r4=3D06 r5=2FA2 r6=0000 r7=0000 r8=002F r9=0002 r10=D860 r11=0AE6 r12=0402 r13=0000 r14=0000 r15=43F4
t=85.201444500 pc=0002091A fcw=D860 r0=0103 r1=010F r2=0000 r3=12F8 r4=3D06 r5=2FA2 r6=0000 r7=0000 r8=002F r9=0002 r10=D860 r11=0AE6 r12=0402 r13=0000 r14=0000 r15=43F4
t=85.201446500 pc=0002091C fcw=D860 r0=0103 r1=010F r2=0000 r3=12F8 r4=3D06 r5=2FA2 r6=0000 r7=0000 r8=002F r9=0002 r10=D860 r11=0AE6 r12=0402 r13=0000 r14=0000 r15=43F4
t=85.201448000 pc=0002091E fcw=D860 r0=010F r1=0103 r2=0000 r3=12F8 r4=3D06 r5=2FA2 r6=0000 r7=0000 r8=002F r9=0002 r10=D860 r11=0AE6 r12=0402 r13=0000 r14=0000 r15=43F4
t=85.201450750 pc=00020920 fcw=D860 r0=010F r1=0103 r2=0000 r3=12F8 r4=3D06 r5=2FA2 r6=0000 r7=0000 r8=002F r9=0002 r10=D860 r11=0AE6 r12=0402 r13=0000 r14=0000 r15=43F4
t=85.201452250 pc=00020912 fcw=D860 r0=010F r1=0103 r2=0000 r3=12F8 r4=3D06 r5=2FA2 r6=0000 r7=0000 r8=002F r9=0002 r10=D860 r11=0AE6 r12=0402 r13=0000 r14=0000 r15=43F4
t=85.201454000 pc=00020914 fcw=D860 r0=010F r1=0103 r2=0000 r3=12F8 r4=3D06 r5=2FA2 r6=0000 r7=0000 r8=002F r9=0002 r10=D860 r11=0AE6 r12=0402 r13=0000 r14=0000 r15=43F4
t=85.201455750 pc=00020916 fcw=D860 r0=010F r1=0103 r2=0000 r3=12F8 r4=3D06 r5=2FA2 r6=0000 r7=0000 r8=002F r9=0002 r10=D860 r11=0AE6 r12=0402 r13=0000 r14=0000 r15=43F4
t=85.201459250 pc=0002091A fcw=D860 r0=010F r1=0103 r2=0000 r3=12F8 r4=3D06 r5=2FA2 r6=0000 r7=0000 r8=002F r9=0002 r10=D860 r11=0AE6 r12=0402 r13=0000 r14=0000 r15=43F4
t=85.201461250 pc=0002091C fcw=D860 r0=010F r1=0103 r2=0000 r3=12F8 r4=3D06 r5=2FA2 r6=0000 r7=0000 r8=002F r9=0002 r10=D860 r11=0AE6 r12=0402 r13=0000 r14=0000 r15=43F4
t=85.201462750 pc=0002091E fcw=D860 r0=0103 r1=010F r2=0000 r3=12F8 r4=3D06 r5=2FA2 r6=0000 r7=0000 r8=002F r9=0002 r10=D860 r11=0AE6 r12=0402 r13=0000 r14=0000 r15=43F4
t=85.201465500 pc=00020920 fcw=D860 r0=0103 r1=010F r2=0000 r3=12F8 r4=3D06 r5=2FA2 r6=0000 r7=0000 r8=002F r9=0002 r10=D860 r11=0AE6 r12=0402 r13=0000 r14=0000 r15=43F4
t=85.201467000 pc=00020912 fcw=D860 r0=0103 r1=010F r2=0000 r3=12F8 r4=3D06 r5=2FA2 r6=0000 r7=0000 r8=002F r9=0002 r10=D860 r11=0AE6 r12=0402 r13=0000 r14=0000 r15=43F4
t=85.201468750 pc=00020914 fcw=D860 r0=0103 r1=010F r2=0000 r3=12F8 r4=3D06 r5=2FA2 r6=0000 r7=0000 r8=002F r9=0002 r10=D860 r11=0AE6 r12=0402 r13=0000 r14=0000 r15=43F4
t=85.201470500 pc=00020916 fcw=D860 r0=0103 r1=010F r2=0000 r3=12F8 r4=3D06 r5=2FA2 r6=0000 r7=0000 r8=002F r9=0002 r10=D860 r11=0AE6 r12=0402 r13=0000 r14=0000 r15=43F4
t=85.201474000 pc=0002091A fcw=D860 r0=0103 r1=010F r2=0000 r3=12F8 r4=3D06 r5=2FA2 r6=0000 r7=0000 r8=002F r9=0002 r10=D860 r11=0AE6 r12=0402 r13=0000 r14=0000 r15=43F4
t=85.201476000 pc=0002091C fcw=D860 r0=0103 r1=010F r2=0000 r3=12F8 r4=3D06 r5=2FA2 r6=0000 r7=0000 r8=002F r9=0002 r10=D860 r11=0AE6 r12=0402 r13=0000 r14=0000 r15=43F4
t=85.201477500 pc=0002091E fcw=D860 r0=010F r1=0103 r2=0000 r3=12F8 r4=3D06 r5=2FA2 r6=0000 r7=0000 r8=002F r9=0002 r10=D860 r11=0AE6 r12=0402 r13=0000 r14=0000 r15=43F4
t=85.201480250 pc=00020920 fcw=D860 r0=010F r1=0103 r2=0000 r3=12F8 r4=3D06 r5=2FA2 r6=0000 r7=0000 r8=002F r9=0002 r10=D860 r11=0AE6 r12=0402 r13=0000 r14=0000 r15=43F4
t=85.201481750 pc=00020912 fcw=D860 r0=010F r1=0103 r2=0000 r3=12F8 r4=3D06 r5=2FA2 r6=0000 r7=0000 r8=002F r9=0002 r10=D860 r11=0AE6 r12=0402 r13=0000 r14=0000 r15=43F4
t=85.201483500 pc=00020914 fcw=D860 r0=010F r1=0103 r2=0000 r3=12F8 r4=3D06 r5=2FA2 r6=0000 r7=0000 r8=002F r9=0002 r10=D860 r11=0AE6 r12=0402 r13=0000 r14=0000 r15=43F4
t=85.201485250 pc=00020916 fcw=D860 r0=010F r1=0103 r2=0000 r3=12F8 r4=3D06 r5=2FA2 r6=0000 r7=0000 r8=002F r9=0002 r10=D860 r11=0AE6 r12=0402 r13=0000 r14=0000 r15=43F4
t=85.201488750 pc=0002091A fcw=D860 r0=010F r1=0103 r2=0000 r3=12F8 r4=3D06 r5=2FA2 r6=0000 r7=0000 r8=002F r9=0002 r10=D860 r11=0AE6 r12=0402 r13=0000 r14=0000 r15=43F4
t=85.201490750 pc=0002091C fcw=D860 r0=010F r1=0103 r2=0000 r3=12F8 r4=3D06 r5=2FA2 r6=0000 r7=0000 r8=002F r9=0002 r10=D860 r11=0AE6 r12=0402 r13=0000 r14=0000 r15=43F4
t=85.201492250 pc=0002091E fcw=D860 r0=0103 r1=010F r2=0000 r3=12F8 r4=3D06 r5=2FA2 r6=0000 r7=0000 r8=002F r9=0002 r10=D860 r11=0AE6 r12=0402 r13=0000 r14=0000 r15=43F4
t=85.201495000 pc=00020920 fcw=D860 r0=0103 r1=010F r2=0000 r3=12F8 r4=3D06 r5=2FA2 r6=0000 r7=0000 r8=002F r9=0002 r10=D860 r11=0AE6 r12=0402 r13=0000 r14=0000 r15=43F4
t=85.201496500 pc=00020912 fcw=D860 r0=0103 r1=010F r2=0000 r3=12F8 r4=3D06 r5=2FA2 r6=0000 r7=0000 r8=002F r9=0002 r10=D860 r11=0AE6 r12=0402 r13=0000 r14=0000 r15=43F4
t=85.201498250 pc=00020914 fcw=D860 r0=0103 r1=010F r2=0000 r3=12F8 r4=3D06 r5=2FA2 r6=0000 r7=0000 r8=002F r9=0002 r10=D860 r11=0AE6 r12=0402 r13=0000 r14=0000 r15=43F4
t=85.201500000 pc=00020916 fcw=D860 r0=0103 r1=010F r2=0000 r3=12F8 r4=3D06 r5=2FA2 r6=0000 r7=0000 r8=002F r9=0002 r10=D860 r11=0AE6 r12=0402 r13=0000 r14=0000 r15=43F4
t=85.201503500 pc=0002091A fcw=D860 r0=0103 r1=010F r2=0000 r3=12F8 r4=3D06 r5=2FA2 r6=0000 r7=0000 r8=002F r9=0002 r10=D860 r11=0AE6 r12=0402 r13=0000 r14=0000 r15=43F4
t=85.201505500 pc=0002091C fcw=D860 r0=0103 r1=010F r2=0000 r3=12F8 r4=3D06 r5=2FA2 r6=0000 r7=0000 r8=002F r9=0002 r10=D860 r11=0AE6 r12=0402 r13=0000 r14=0000 r15=43F4
t=85.201507000 pc=0002091E fcw=D860 r0=010F r1=0103 r2=0000 r3=12F8 r4=3D06 r5=2FA2 r6=0000 r7=0000 r8=002F r9=0002 r10=D860 r11=0AE6 r12=0402 r13=0000 r14=0000 r15=43F4
t=85.201509750 pc=00020920 fcw=D860 r0=010F r1=0103 r2=0000 r3=12F8 r4=3D06 r5=2FA2 r6=0000 r7=0000 r8=002F r9=0002 r10=D860 r11=0AE6 r12=0402 r13=0000 r14=0000 r15=43F4
t=85.201511250 pc=00020912 fcw=D860 r0=010F r1=0103 r2=0000 r3=12F8 r4=3D06 r5=2FA2 r6=0000 r7=0000 r8=002F r9=0002 r10=D860 r11=0AE6 r12=0402 r13=0000 r14=0000 r15=43F4
t=85.201513000 pc=00020914 fcw=D860 r0=010F r1=0103 r2=0000 r3=12F8 r4=3D06 r5=2FA2 r6=0000 r7=0000 r8=002F r9=0002 r10=D860 r11=0AE6 r12=0402 r13=0000 r14=0000 r15=43F4
t=85.201514750 pc=00020916 fcw=D860 r0=010F r1=0103 r2=0000 r3=12F8 r4=3D06 r5=2FA2 r6=0000 r7=0000 r8=002F r9=0002 r10=D860 r11=0AE6 r12=0402 r13=0000 r14=0000 r15=43F4
t=85.201518250 pc=0002091A fcw=D860 r0=010F r1=0103 r2=0000 r3=12F8 r4=3D06 r5=2FA2 r6=0000 r7=0000 r8=002F r9=0002 r10=D860 r11=0AE6 r12=0402 r13=0000 r14=0000 r15=43F4
t=85.201520250 pc=0002091C fcw=D860 r0=010F r1=0103 r2=0000 r3=12F8 r4=3D06 r5=2FA2 r6=0000 r7=0000 r8=002F r9=0002 r10=D860 r11=0AE6 r12=0402 r13=0000 r14=0000 r15=43F4
t=85.201521750 pc=0002091E fcw=D860 r0=0103 r1=010F r2=0000 r3=12F8 r4=3D06 r5=2FA2 r6=0000 r7=0000 r8=002F r9=0002 r10=D860 r11=0AE6 r12=0402 r13=0000 r14=0000 r15=43F4
t=85.201524500 pc=00020920 fcw=D860 r0=0103 r1=010F r2=0000 r3=12F8 r4=3D06 r5=2FA2 r6=0000 r7=0000 r8=002F r9=0002 r10=D860 r11=0AE6 r12=0402 r13=0000 r14=0000 r15=43F4
t=85.201526000 pc=00020912 fcw=D860 r0=0103 r1=010F r2=0000 r3=12F8 r4=3D06 r5=2FA2 r6=0000 r7=0000 r8=002F r9=0002 r10=D860 r11=0AE6 r12=0402 r13=0000 r14=0000 r15=43F4
t=85.201527750 pc=00020914 fcw=D860 r0=0103 r1=010F r2=0000 r3=12F8 r4=3D06 r5=2FA2 r6=0000 r7=0000 r8=002F r9=0002 r10=D860 r11=0AE6 r12=0402 r13=0000 r14=0000 r15=43F4
t=85.201529500 pc=00020916 fcw=D860 r0=0103 r1=010F r2=0000 r3=12F8 r4=3D06 r5=2FA2 r6=0000 r7=0000 r8=002F r9=0002 r10=D860 r11=0AE6 r12=0402 r13=0000 r14=0000 r15=43F4
t=85.201533000 pc=0002091A fcw=D860 r0=0103 r1=010F r2=0000 r3=12F8 r4=3D06 r5=2FA2 r6=0000 r7=0000 r8=002F r9=0002 r10=D860 r11=0AE6 r12=0402 r13=0000 r14=0000 r15=43F4
t=85.201535000 pc=0002091C fcw=D860 r0=0103 r1=010F r2=0000 r3=12F8 r4=3D06 r5=2FA2 r6=0000 r7=0000 r8=002F r9=0002 r10=D860 r11=0AE6 r12=0402 r13=0000 r14=0000 r15=43F4
t=85.201536500 pc=0002091E fcw=D860 r0=010F r1=0103 r2=0000 r3=12F8 r4=3D06 r5=2FA2 r6=0000 r7=0000 r8=002F r9=0002 r10=D860 r11=0AE6 r12=0402 r13=0000 r14=0000 r15=43F4
t=85.201539250 pc=00020920 fcw=D860 r0=010F r1=0103 r2=0000 r3=12F8 r4=3D06 r5=2FA2 r6=0000 r7=0000 r8=002F r9=0002 r10=D860 r11=0AE6 r12=0402 r13=0000 r14=0000 r15=43F4
t=85.201540750 pc=00020912 fcw=D860 r0=010F r1=0103 r2=0000 r3=12F8 r4=3D06 r5=2FA2 r6=0000 r7=0000 r8=002F r9=0002 r10=D860 r11=0AE6 r12=0402 r13=0000 r14=0000 r15=43F4
t=85.201542500 pc=00020914 fcw=D860 r0=010F r1=0103 r2=0000 r3=12F8 r4=3D06 r5=2FA2 r6=0000 r7=0000 r8=002F r9=0002 r10=D860 r11=0AE6 r12=0402 r13=0000 r14=0000 r15=43F4
t=85.201544250 pc=00020916 fcw=D860 r0=010F r1=0103 r2=0000 r3=12F8 r4=3D06 r5=2FA2 r6=0000 r7=0000 r8=002F r9=0002 r10=D860 r11=0AE6 r12=0402 r13=0000 r14=0000 r15=43F4
t=85.201547750 pc=0002091A fcw=D860 r0=010F r1=0103 r2=0000 r3=12F8 r4=3D06 r5=2FA2 r6=0000 r7=0000 r8=002F r9=0002 r10=D860 r11=0AE6 r12=0402 r13=0000 r14=0000 r15=43F4
t=85.201549750 pc=0002091C fcw=D860 r0=010F r1=0103 r2=0000 r3=12F8 r4=3D06 r5=2FA2 r6=0000 r7=0000 r8=002F r9=0002 r10=D860 r11=0AE6 r12=0402 r13=0000 r14=0000 r15=43F4
t=85.201551250 pc=0002091E fcw=D860 r0=0103 r1=010F r2=0000 r3=12F8 r4=3D06 r5=2FA2 r6=0000 r7=0000 r8=002F r9=0002 r10=D860 r11=0AE6 r12=0402 r13=0000 r14=0000 r15=43F4
t=85.201554000 pc=00020920 fcw=D860 r0=0103 r1=010F r2=0000 r3=12F8 r4=3D06 r5=2FA2 r6=0000 r7=0000 r8=002F r9=0002 r10=D860 r11=0AE6 r12=0402 r13=0000 r14=0000 r15=43F4
t=85.201555500 pc=00020912 fcw=D860 r0=0103 r1=010F r2=0000 r3=12F8 r4=3D06 r5=2FA2 r6=0000 r7=0000 r8=002F r9=0002 r10=D860 r11=0AE6 r12=0402 r13=0000 r14=0000 r15=43F4
t=85.201557250 pc=00020914 fcw=D860 r0=0103 r1=010F r2=0000 r3=12F8 r4=3D06 r5=2FA2 r6=0000 r7=0000 r8=002F r9=0002 r10=D860 r11=0AE6 r12=0402 r13=0000 r14=0000 r15=43F4
t=85.201559000 pc=00020916 fcw=D860 r0=0103 r1=010F r2=0000 r3=12F8 r4=3D06 r5=2FA2 r6=0000 r7=0000 r8=002F r9=0002 r10=D860 r11=0AE6 r12=0402 r13=0000 r14=0000 r15=43F4
t=85.201562500 pc=0002091A fcw=D860 r0=0103 r1=010F r2=0000 r3=12F8 r4=3D06 r5=2FA2 r6=0000 r7=0000 r8=002F r9=0002 r10=D860 r11=0AE6 r12=0402 r13=0000 r14=0000 r15=43F4
t=85.201564500 pc=0002091C fcw=D860 r0=0103 r1=010F r2=0000 r3=12F8 r4=3D06 r5=2FA2 r6=0000 r7=0000 r8=002F r9=0002 r10=D860 r11=0AE6 r12=0402 r13=0000 r14=0000 r15=43F4
t=85.201566000 pc=0002091E fcw=D860 r0=010F r1=0103 r2=0000 r3=12F8 r4=3D06 r5=2FA2 r6=0000 r7=0000 r8=002F r9=0002 r10=D860 r11=0AE6 r12=0402 r13=0000 r14=0000 r15=43F4
t=85.201568750 pc=00020920 fcw=D860 r0=010F r1=0103 r2=0000 r3=12F8 r4=3D06 r5=2FA2 r6=0000 r7=0000 r8=002F r9=0002 r10=D860 r11=0AE6 r12=0402 r13=0000 r14=0000 r15=43F4
t=85.201570250 pc=00020912 fcw=D860 r0=010F r1=0103 r2=0000 r3=12F8 r4=3D06 r5=2FA2 r6=0000 r7=0000 r8=002F r9=0002 r10=D860 r11=0AE6 r12=0402 r13=0000 r14=0000 r15=43F4
t=85.201572000 pc=00020914 fcw=D860 r0=010F r1=0103 r2=0000 r3=12F8 r4=3D06 r5=2FA2 r6=0000 r7=0000 r8=002F r9=0002 r10=D860 r11=0AE6 r12=0402 r13=0000 r14=0000 r15=43F4
t=85.201573750 pc=00020916 fcw=D860 r0=010F r1=0103 r2=0000 r3=12F8 r4=3D06 r5=2FA2 r6=0000 r7=0000 r8=002F r9=0002 r10=D860 r11=0AE6 r12=0402 r13=0000 r14=0000 r15=43F4
t=85.201577250 pc=0002091A fcw=D860 r0=010F r1=0103 r2=0000 r3=12F8 r4=3D06 r5=2FA2 r6=0000 r7=0000 r8=002F r9=0002 r10=D860 r11=0AE6 r12=0402 r13=0000 r14=0000 r15=43F4
t=85.201579250 pc=0002091C fcw=D860 r0=010F r1=0103 r2=0000 r3=12F8 r4=3D06 r5=2FA2 r6=0000 r7=0000 r8=002F r9=0002 r10=D860 r11=0AE6 r12=0402 r13=0000 r14=0000 r15=43F4
t=85.201580750 pc=0002091E fcw=D860 r0=0103 r1=010F r2=0000 r3=12F8 r4=3D06 r5=2FA2 r6=0000 r7=0000 r8=002F r9=0002 r10=D860 r11=0AE6 r12=0402 r13=0000 r14=0000 r15=43F4
t=85.201583500 pc=00020920 fcw=D860 r0=0103 r1=010F r2=0000 r3=12F8 r4=3D06 r5=2FA2 r6=0000 r7=0000 r8=002F r9=0002 r10=D860 r11=0AE6 r12=0402 r13=0000 r14=0000 r15=43F4
t=85.201585000 pc=00020912 fcw=D860 r0=0103 r1=010F r2=0000 r3=12F8 r4=3D06 r5=2FA2 r6=0000 r7=0000 r8=002F r9=0002 r10=D860 r11=0AE6 r12=0402 r13=0000 r14=0000 r15=43F4
t=85.201586750 pc=00020914 fcw=D860 r0=0103 r1=010F r2=0000 r3=12F8 r4=3D06 r5=2FA2 r6=0000 r7=0000 r8=002F r9=0002 r10=D860 r11=0AE6 r12=0402 r13=0000 r14=0000 r15=43F4
t=85.201588500 pc=00020916 fcw=D860 r0=0103 r1=010F r2=0000 r3=12F8 r4=3D06 r5=2FA2 r6=0000 r7=0000 r8=002F r9=0002 r10=D860 r11=0AE6 r12=0402 r13=0000 r14=0000 r15=43F4
t=85.201592000 pc=0002091A fcw=D860 r0=0103 r1=010F r2=0000 r3=12F8 r4=3D06 r5=2FA2 r6=0000 r7=0000 r8=002F r9=0002 r10=D860 r11=0AE6 r12=0402 r13=0000 r14=0000 r15=43F4
t=85.201594000 pc=0002091C fcw=D860 r0=0103 r1=010F r2=0000 r3=12F8 r4=3D06 r5=2FA2 r6=0000 r7=0000 r8=002F r9=0002 r10=D860 r11=0AE6 r12=0402 r13=0000 r14=0000 r15=43F4
t=85.201595500 pc=0002091E fcw=D860 r0=010F r1=0103 r2=0000 r3=12F8 r4=3D06 r5=2FA2 r6=0000 r7=0000 r8=002F r9=0002 r10=D860 r11=0AE6 r12=0402 r13=0000 r14=0000 r15=43F4
t=85.201598250 pc=00020920 fcw=D860 r0=010F r1=0103 r2=0000 r3=12F8 r4=3D06 r5=2FA2 r6=0000 r7=0000 r8=002F r9=0002 r10=D860 r11=0AE6 r12=0402 r13=0000 r14=0000 r15=43F4
t=85.201599750 pc=00020912 fcw=D860 r0=010F r1=0103 r2=0000 r3=12F8 r4=3D06 r5=2FA2 r6=0000 r7=0000 r8=002F r9=0002 r10=D860 r11=0AE6 r12=0402 r13=0000 r14=0000 r15=43F4
t=85.201601500 pc=00020914 fcw=D860 r0=010F r1=0103 r2=0000 r3=12F8 r4=3D06 r5=2FA2 r6=0000 r7=0000 r8=002F r9=0002 r10=D860 r11=0AE6 r12=0402 r13=0000 r14=0000 r15=43F4
t=85.201603250 pc=00020916 fcw=D860 r0=010F r1=0103 r2=0000 r3=12F8 r4=3D06 r5=2FA2 r6=0000 r7=0000 r8=002F r9=0002 r10=D860 r11=0AE6 r12=0402 r13=0000 r14=0000 r15=43F4
t=85.201606750 pc=0002091A fcw=D860 r0=010F r1=0103 r2=0000 r3=12F8 r4=3D06 r5=2FA2 r6=0000 r7=0000 r8=002F r9=0002 r10=D860 r11=0AE6 r12=0402 r13=0000 r14=0000 r15=43F4
t=85.201608750 pc=0002091C fcw=D860 r0=010F r1=0103 r2=0000 r3=12F8 r4=3D06 r5=2FA2 r6=0000 r7=0000 r8=002F r9=0002 r10=D860 r11=0AE6 r12=0402 r13=0000 r14=0000 r15=43F4
t=85.201610250 pc=0002091E fcw=D860 r0=0103 r1=010F r2=0000 r3=12F8 r4=3D06 r5=2FA2 r6=0000 r7=0000 r8=002F r9=0002 r10=D860 r11=0AE6 r12=0402 r13=0000 r14=0000 r15=43F4
t=85.201613000 pc=00020920 fcw=D860 r0=0103 r1=010F r2=0000 r3=12F8 r4=3D06 r5=2FA2 r6=0000 r7=0000 r8=002F r9=0002 r10=D860 r11=0AE6 r12=0402 r13=0000 r14=0000 r15=43F4
t=85.201614500 pc=00020912 fcw=D860 r0=0103 r1=010F r2=0000 r3=12F8 r4=3D06 r5=2FA2 r6=0000 r7=0000 r8=002F r9=0002 r10=D860 r11=0AE6 r12=0402 r13=0000 r14=0000 r15=43F4
t=85.201616250 pc=00020914 fcw=D860 r0=0103 r1=010F r2=0000 r3=12F8 r4=3D06 r5=2FA2 r6=0000 r7=0000 r8=002F r9=0002 r10=D860 r11=0AE6 r12=0402 r13=0000 r14=0000 r15=43F4
t=85.201618000 pc=00020916 fcw=D860 r0=0103 r1=010F r2=0000 r3=12F8 r4=3D06 r5=2FA2 r6=0000 r7=0000 r8=002F r9=0002 r10=D860 r11=0AE6 r12=0402 r13=0000 r14=0000 r15=43F4
t=85.201621500 pc=0002091A fcw=D860 r0=0103 r1=010F r2=0000 r3=12F8 r4=3D06 r5=2FA2 r6=0000 r7=0000 r8=002F r9=0002 r10=D860 r11=0AE6 r12=0402 r13=0000 r14=0000 r15=43F4
t=85.201623500 pc=0002091C fcw=D860 r0=0103 r1=010F r2=0000 r3=12F8 r4=3D06 r5=2FA2 r6=0000 r7=0000 r8=002F r9=0002 r10=D860 r11=0AE6 r12=0402 r13=0000 r14=0000 r15=43F4
t=85.201625000 pc=0002091E fcw=D860 r0=010F r1=0103 r2=0000 r3=12F8 r4=3D06 r5=2FA2 r6=0000 r7=0000 r8=002F r9=0002 r10=D860 r11=0AE6 r12=0402 r13=0000 r14=0000 r15=43F4
t=85.201627750 pc=00020920 fcw=D860 r0=010F r1=0103 r2=0000 r3=12F8 r4=3D06 r5=2FA2 r6=0000 r7=0000 r8=002F r9=0002 r10=D860 r11=0AE6 r12=0402 r13=0000 r14=0000 r15=43F4
t=85.201629250 pc=00020912 fcw=D860 r0=010F r1=0103 r2=0000 r3=12F8 r4=3D06 r5=2FA2 r6=0000 r7=0000 r8=002F r9=0002 r10=D860 r11=0AE6 r12=0402 r13=0000 r14=0000 r15=43F4
t=85.201631000 pc=00020914 fcw=D860 r0=010F r1=0103 r2=0000 r3=12F8 r4=3D06 r5=2FA2 r6=0000 r7=0000 r8=002F r9=0002 r10=D860 r11=0AE6 r12=0402 r13=0000 r14=0000 r15=43F4
t=85.201632750 pc=00020916 fcw=D860 r0=010F r1=0103 r2=0000 r3=12F8 r4=3D06 r5=2FA2 r6=0000 r7=0000 r8=002F r9=0002 r10=D860 r11=0AE6 r12=0402 r13=0000 r14=0000 r15=43F4
t=85.201636250 pc=0002091A fcw=D860 r0=010F r1=0103 r2=0000 r3=12F8 r4=3D06 r5=2FA2 r6=0000 r7=0000 r8=002F r9=0002 r10=D860 r11=0AE6 r12=0402 r13=0000 r14=0000 r15=43F4
t=85.201638250 pc=0002091C fcw=D860 r0=010F r1=0103 r2=0000 r3=12F8 r4=3D06 r5=2FA2 r6=0000 r7=0000 r8=002F r9=0002 r10=D860 r11=0AE6 r12=0402 r13=0000 r14=0000 r15=43F4
t=85.201639750 pc=0002091E fcw=D860 r0=0103 r1=010F r2=0000 r3=12F8 r4=3D06 r5=2FA2 r6=0000 r7=0000 r8=002F r9=0002 r10=D860 r11=0AE6 r12=0402 r13=0000 r14=0000 r15=43F4
t=85.201642500 pc=00020920 fcw=D860 r0=0103 r1=010F r2=0000 r3=12F8 r4=3D06 r5=2FA2 r6=0000 r7=0000 r8=002F r9=0002 r10=D860 r11=0AE6 r12=0402 r13=0000 r14=0000 r15=43F4
t=85.201644000 pc=00020912 fcw=D860 r0=0103 r1=010F r2=0000 r3=12F8 r4=3D06 r5=2FA2 r6=0000 r7=0000 r8=002F r9=0002 r10=D860 r11=0AE6 r12=0402 r13=0000 r14=0000 r15=43F4
t=85.201645750 pc=00020914 fcw=D860 r0=0103 r1=010F r2=0000 r3=12F8 r4=3D06 r5=2FA2 r6=0000 r7=0000 r8=002F r9=0002 r10=D860 r11=0AE6 r12=0402 r13=0000 r14=0000 r15=43F4
t=85.201647500 pc=00020916 fcw=D860 r0=0103 r1=010F r2=0000 r3=12F8 r4=3D06 r5=2FA2 r6=0000 r7=0000 r8=002F r9=0002 r10=D860 r11=0AE6 r12=0402 r13=0000 r14=0000 r15=43F4
t=85.201651000 pc=0002091A fcw=D860 r0=0103 r1=010F r2=0000 r3=12F8 r4=3D06 r5=2FA2 r6=0000 r7=0000 r8=002F r9=0002 r10=D860 r11=0AE6 r12=0402 r13=0000 r14=0000 r15=43F4
t=85.201653000 pc=0002091C fcw=D860 r0=0103 r1=010F r2=0000 r3=12F8 r4=3D06 r5=2FA2 r6=0000 r7=0000 r8=002F r9=0002 r10=D860 r11=0AE6 r12=0402 r13=0000 r14=0000 r15=43F4
t=85.201654500 pc=0002091E fcw=D860 r0=010F r1=0103 r2=0000 r3=12F8 r4=3D06 r5=2FA2 r6=0000 r7=0000 r8=002F r9=0002 r10=D860 r11=0AE6 r12=0402 r13=0000 r14=0000 r15=43F4
t=85.201657250 pc=00020920 fcw=D860 r0=010F r1=0103 r2=0000 r3=12F8 r4=3D06 r5=2FA2 r6=0000 r7=0000 r8=002F r9=0002 r10=D860 r11=0AE6 r12=0402 r13=0000 r14=0000 r15=43F4
t=85.201658750 pc=00020912 fcw=D860 r0=010F r1=0103 r2=0000 r3=12F8 r4=3D06 r5=2FA2 r6=0000 r7=0000 r8=002F r9=0002 r10=D860 r11=0AE6 r12=0402 r13=0000 r14=0000 r15=43F4
t=85.201660500 pc=00020914 fcw=D860 r0=010F r1=0103 r2=0000 r3=12F8 r4=3D06 r5=2FA2 r6=0000 r7=0000 r8=002F r9=0002 r10=D860 r11=0AE6 r12=0402 r13=0000 r14=0000 r15=43F4
t=85.201662250 pc=00020916 fcw=D860 r0=010F r1=0103 r2=0000 r3=12F8 r4=3D06 r5=2FA2 r6=0000 r7=0000 r8=002F r9=0002 r10=D860 r11=0AE6 r12=0402 r13=0000 r14=0000 r15=43F4
t=85.201665750 pc=0002091A fcw=D860 r0=010F r1=0103 r2=0000 r3=12F8 r4=3D06 r5=2FA2 r6=0000 r7=0000 r8=002F r9=0002 r10=D860 r11=0AE6 r12=0402 r13=0000 r14=0000 r15=43F4
t=85.201667750 pc=0002091C fcw=D860 r0=010F r1=0103 r2=0000 r3=12F8 r4=3D06 r5=2FA2 r6=0000 r7=0000 r8=002F r9=0002 r10=D860 r11=0AE6 r12=0402 r13=0000 r14=0000 r15=43F4
t=85.201669250 pc=0002091E fcw=D860 r0=0103 r1=010F r2=0000 r3=12F8 r4=3D06 r5=2FA2 r6=0000 r7=0000 r8=002F r9=0002 r10=D860 r11=0AE6 r12=0402 r13=0000 r14=0000 r15=43F4
t=85.201672000 pc=00020920 fcw=D860 r0=0103 r1=010F r2=0000 r3=12F8 r4=3D06 r5=2FA2 r6=0000 r7=0000 r8=002F r9=0002 r10=D860 r11=0AE6 r12=0402 r13=0000 r14=0000 r15=43F4
t=85.201673500 pc=00020912 fcw=D860 r0=0103 r1=010F r2=0000 r3=12F8 r4=3D06 r5=2FA2 r6=0000 r7=0000 r8=002F r9=0002 r10=D860 r11=0AE6 r12=0402 r13=0000 r14=0000 r15=43F4
t=85.201675250 pc=00020914 fcw=D860 r0=0103 r1=010F r2=0000 r3=12F8 r4=3D06 r5=2FA2 r6=0000 r7=0000 r8=002F r9=0002 r10=D860 r11=0AE6 r12=0402 r13=0000 r14=0000 r15=43F4
t=85.201677000 pc=00020916 fcw=D860 r0=0103 r1=010F r2=0000 r3=12F8 r4=3D06 r5=2FA2 r6=0000 r7=0000 r8=002F r9=0002 r10=D860 r11=0AE6 r12=0402 r13=0000 r14=0000 r15=43F4
t=85.201680500 pc=0002091A fcw=D860 r0=0103 r1=010F r2=0000 r3=12F8 r4=3D06 r5=2FA2 r6=0000 r7=0000 r8=002F r9=0002 r10=D860 r11=0AE6 r12=0402 r13=0000 r14=0000 r15=43F4
t=85.201682500 pc=0002091C fcw=D860 r0=0103 r1=010F r2=0000 r3=12F8 r4=3D06 r5=2FA2 r6=0000 r7=0000 r8=002F r9=0002 r10=D860 r11=0AE6 r12=0402 r13=0000 r14=0000 r15=43F4
t=85.201684000 pc=0002091E fcw=D860 r0=010F r1=0103 r2=0000 r3=12F8 r4=3D06 r5=2FA2 r6=0000 r7=0000 r8=002F r9=0002 r10=D860 r11=0AE6 r12=0402 r13=0000 r14=0000 r15=43F4
t=85.201686750 pc=00020920 fcw=D860 r0=010F r1=0103 r2=0000 r3=12F8 r4=3D06 r5=2FA2 r6=0000 r7=0000 r8=002F r9=0002 r10=D860 r11=0AE6 r12=0402 r13=0000 r14=0000 r15=43F4
t=85.201688250 pc=00020912 fcw=D860 r0=010F r1=0103 r2=0000 r3=12F8 r4=3D06 r5=2FA2 r6=0000 r7=0000 r8=002F r9=0002 r10=D860 r11=0AE6 r12=0402 r13=0000 r14=0000 r15=43F4
t=85.201690000 pc=00020914 fcw=D860 r0=010F r1=0103 r2=0000 r3=12F8 r4=3D06 r5=2FA2 r6=0000 r7=0000 r8=002F r9=0002 r10=D860 r11=0AE6 r12=0402 r13=0000 r14=0000 r15=43F4
t=85.201691750 pc=00020916 fcw=D860 r0=010F r1=0103 r2=0000 r3=12F8 r4=3D06 r5=2FA2 r6=0000 r7=0000 r8=002F r9=0002 r10=D860 r11=0AE6 r12=0402 r13=0000 r14=0000 r15=43F4
t=85.201695250 pc=0002091A fcw=D860 r0=010F r1=0103 r2=0000 r3=12F8 r4=3D06 r5=2FA2 r6=0000 r7=0000 r8=002F r9=0002 r10=D860 r11=0AE6 r12=0402 r13=0000 r14=0000 r15=43F4
t=85.201697250 pc=0002091C fcw=D860 r0=010F r1=0103 r2=0000 r3=12F8 r4=3D06 r5=2FA2 r6=0000 r7=0000 r8=002F r9=0002 r10=D860 r11=0AE6 r12=0402 r13=0000 r14=0000 r15=43F4
t=85.201698750 pc=0002091E fcw=D860 r0=0103 r1=010F r2=0000 r3=12F8 r4=3D06 r5=2FA2 r6=0000 r7=0000 r8=002F r9=0002 r10=D860 r11=0AE6 r12=0402 r13=0000 r14=0000 r15=43F4
t=85.201701500 pc=00020920 fcw=D860 r0=0103 r1=010F r2=0000 r3=12F8 r4=3D06 r5=2FA2 r6=0000 r7=0000 r8=002F r9=0002 r10=D860 r11=0AE6 r12=0402 r13=0000 r14=0000 r15=43F4
t=85.201703000 pc=00020912 fcw=D860 r0=0103 r1=010F r2=0000 r3=12F8 r4=3D06 r5=2FA2 r6=0000 r7=0000 r8=002F r9=0002 r10=D860 r11=0AE6 r12=0402 r13=0000 r14=0000 r15=43F4
t=85.201704750 pc=00020914 fcw=D860 r0=0103 r1=010F r2=0000 r3=12F8 r4=3D06 r5=2FA2 r6=0000 r7=0000 r8=002F r9=0002 r10=D860 r11=0AE6 r12=0402 r13=0000 r14=0000 r15=43F4
t=85.201706500 pc=00020916 fcw=D860 r0=0103 r1=010F r2=0000 r3=12F8 r4=3D06 r5=2FA2 r6=0000 r7=0000 r8=002F r9=0002 r10=D860 r11=0AE6 r12=0402 r13=0000 r14=0000 r15=43F4
t=85.201710000 pc=0002091A fcw=D860 r0=0103 r1=010F r2=0000 r3=12F8 r4=3D06 r5=2FA2 r6=0000 r7=0000 r8=002F r9=0002 r10=D860 r11=0AE6 r12=0402 r13=0000 r14=0000 r15=43F4
t=85.201712000 pc=0002091C fcw=D860 r0=0103 r1=010F r2=0000 r3=12F8 r4=3D06 r5=2FA2 r6=0000 r7=0000 r8=002F r9=0002 r10=D860 r11=0AE6 r12=0402 r13=0000 r14=0000 r15=43F4
t=85.201713500 pc=0002091E fcw=D860 r0=010F r1=0103 r2=0000 r3=12F8 r4=3D06 r5=2FA2 r6=0000 r7=0000 r8=002F r9=0002 r10=D860 r11=0AE6 r12=0402 r13=0000 r14=0000 r15=43F4
t=85.201716250 pc=00020920 fcw=D860 r0=010F r1=0103 r2=0000 r3=12F8 r4=3D06 r5=2FA2 r6=0000 r7=0000 r8=002F r9=0002 r10=D860 r11=0AE6 r12=0402 r13=0000 r14=0000 r15=43F4
t=85.201717750 pc=00020912 fcw=D860 r0=010F r1=0103 r2=0000 r3=12F8 r4=3D06 r5=2FA2 r6=0000 r7=0000 r8=002F r9=0002 r10=D860 r11=0AE6 r12=0402 r13=0000 r14=0000 r15=43F4
t=85.201719500 pc=00020914 fcw=D860 r0=010F r1=0103 r2=0000 r3=12F8 r4=3D06 r5=2FA2 r6=0000 r7=0000 r8=002F r9=0002 r10=D860 r11=0AE6 r12=0402 r13=0000 r14=0000 r15=43F4
t=85.201721250 pc=00020916 fcw=D860 r0=010F r1=0103 r2=0000 r3=12F8 r4=3D06 r5=2FA2 r6=0000 r7=0000 r8=002F r9=0002 r10=D860 r11=0AE6 r12=0402 r13=0000 r14=0000 r15=43F4
t=85.201724750 pc=0002091A fcw=D860 r0=010F r1=0103 r2=0000 r3=12F8 r4=3D06 r5=2FA2 r6=0000 r7=0000 r8=002F r9=0002 r10=D860 r11=0AE6 r12=0402 r13=0000 r14=0000 r15=43F4
t=85.201726750 pc=0002091C fcw=D860 r0=010F r1=0103 r2=0000 r3=12F8 r4=3D06 r5=2FA2 r6=0000 r7=0000 r8=002F r9=0002 r10=D860 r11=0AE6 r12=0402 r13=0000 r14=0000 r15=43F4
t=85.201728250 pc=0002091E fcw=D860 r0=0103 r1=010F r2=0000 r3=12F8 r4=3D06 r5=2FA2 r6=0000 r7=0000 r8=002F r9=0002 r10=D860 r11=0AE6 r12=0402 r13=0000 r14=0000 r15=43F4
t=85.201731000 pc=00020920 fcw=D860 r0=0103 r1=010F r2=0000 r3=12F8 r4=3D06 r5=2FA2 r6=0000 r7=0000 r8=002F r9=0002 r10=D860 r11=0AE6 r12=0402 r13=0000 r14=0000 r15=43F4
t=85.201732500 pc=00020912 fcw=D860 r0=0103 r1=010F r2=0000 r3=12F8 r4=3D06 r5=2FA2 r6=0000 r7=0000 r8=002F r9=0002 r10=D860 r11=0AE6 r12=0402 r13=0000 r14=0000 r15=43F4
t=85.201734250 pc=00020914 fcw=D860 r0=0103 r1=010F r2=0000 r3=12F8 r4=3D06 r5=2FA2 r6=0000 r7=0000 r8=002F r9=0002 r10=D860 r11=0AE6 r12=0402 r13=0000 r14=0000 r15=43F4
t=85.201736000 pc=00020916 fcw=D860 r0=0103 r1=010F r2=0000 r3=12F8 r4=3D06 r5=2FA2 r6=0000 r7=0000 r8=002F r9=0002 r10=D860 r11=0AE6 r12=0402 r13=0000 r14=0000 r15=43F4
t=85.201739500 pc=0002091A fcw=D860 r0=0103 r1=010F r2=0000 r3=12F8 r4=3D06 r5=2FA2 r6=0000 r7=0000 r8=002F r9=0002 r10=D860 r11=0AE6 r12=0402 r13=0000 r14=0000 r15=43F4
t=85.201741500 pc=0002091C fcw=D860 r0=0103 r1=010F r2=0000 r3=12F8 r4=3D06 r5=2FA2 r6=0000 r7=0000 r8=002F r9=0002 r10=D860 r11=0AE6 r12=0402 r13=0000 r14=0000 r15=43F4
t=85.201743000 pc=0002091E fcw=D860 r0=010F r1=0103 r2=0000 r3=12F8 r4=3D06 r5=2FA2 r6=0000 r7=0000 r8=002F r9=0002 r10=D860 r11=0AE6 r12=0402 r13=0000 r14=0000 r15=43F4
t=85.201745750 pc=00020920 fcw=D860 r0=010F r1=0103 r2=0000 r3=12F8 r4=3D06 r5=2FA2 r6=0000 r7=0000 r8=002F r9=0002 r10=D860 r11=0AE6 r12=0402 r13=0000 r14=0000 r15=43F4
t=85.201747250 pc=00020912 fcw=D860 r0=010F r1=0103 r2=0000 r3=12F8 r4=3D06 r5=2FA2 r6=0000 r7=0000 r8=002F r9=0002 r10=D860 r11=0AE6 r12=0402 r13=0000 r14=0000 r15=43F4
t=85.201749000 pc=00020914 fcw=D860 r0=010F r1=0103 r2=0000 r3=12F8 r4=3D06 r5=2FA2 r6=0000 r7=0000 r8=002F r9=0002 r10=D860 r11=0AE6 r12=0402 r13=0000 r14=0000 r15=43F4
t=85.201750750 pc=00020916 fcw=D860 r0=010F r1=0103 r2=0000 r3=12F8 r4=3D06 r5=2FA2 r6=0000 r7=0000 r8=002F r9=0002 r10=D860 r11=0AE6 r12=0402 r13=0000 r14=0000 r15=43F4
t=85.201754250 pc=0002091A fcw=D860 r0=010F r1=0103 r2=0000 r3=12F8 r4=3D06 r5=2FA2 r6=0000 r7=0000 r8=002F r9=0002 r10=D860 r11=0AE6 r12=0402 r13=0000 r14=0000 r15=43F4
t=85.201756250 pc=0002091C fcw=D860 r0=010F r1=0103 r2=0000 r3=12F8 r4=3D06 r5=2FA2 r6=0000 r7=0000 r8=002F r9=0002 r10=D860 r11=0AE6 r12=0402 r13=0000 r14=0000 r15=43F4
t=85.201757750 pc=0002091E fcw=D860 r0=0103 r1=010F r2=0000 r3=12F8 r4=3D06 r5=2FA2 r6=0000 r7=0000 r8=002F r9=0002 r10=D860 r11=0AE6 r12=0402 r13=0000 r14=0000 r15=43F4
t=85.201760500 pc=00020920 fcw=D860 r0=0103 r1=010F r2=0000 r3=12F8 r4=3D06 r5=2FA2 r6=0000 r7=0000 r8=002F r9=0002 r10=D860 r11=0AE6 r12=0402 r13=0000 r14=0000 r15=43F4
t=85.201762000 pc=00020912 fcw=D860 r0=0103 r1=010F r2=0000 r3=12F8 r4=3D06 r5=2FA2 r6=0000 r7=0000 r8=002F r9=0002 r10=D860 r11=0AE6 r12=0402 r13=0000 r14=0000 r15=43F4
t=85.201763750 pc=00020914 fcw=D860 r0=0103 r1=010F r2=0000 r3=12F8 r4=3D06 r5=2FA2 r6=0000 r7=0000 r8=002F r9=0002 r10=D860 r11=0AE6 r12=0402 r13=0000 r14=0000 r15=43F4
t=85.201765500 pc=00020916 fcw=D860 r0=0103 r1=010F r2=0000 r3=12F8 r4=3D06 r5=2FA2 r6=0000 r7=0000 r8=002F r9=0002 r10=D860 r11=0AE6 r12=0402 r13=0000 r14=0000 r15=43F4
t=85.201769000 pc=0002091A fcw=D860 r0=0103 r1=010F r2=0000 r3=12F8 r4=3D06 r5=2FA2 r6=0000 r7=0000 r8=002F r9=0002 r10=D860 r11=0AE6 r12=0402 r13=0000 r14=0000 r15=43F4
t=85.201771000 pc=0002091C fcw=D860 r0=0103 r1=010F r2=0000 r3=12F8 r4=3D06 r5=2FA2 r6=0000 r7=0000 r8=002F r9=0002 r10=D860 r11=0AE6 r12=0402 r13=0000 r14=0000 r15=43F4
t=85.201772500 pc=0002091E fcw=D860 r0=010F r1=0103 r2=0000 r3=12F8 r4=3D06 r5=2FA2 r6=0000 r7=0000 r8=002F r9=0002 r10=D860 r11=0AE6 r12=0402 r13=0000 r14=0000 r15=43F4
t=85.201775250 pc=00020920 fcw=D860 r0=010F r1=0103 r2=0000 r3=12F8 r4=3D06 r5=2FA2 r6=0000 r7=0000 r8=002F r9=0002 r10=D860 r11=0AE6 r12=0402 r13=0000 r14=0000 r15=43F4
t=85.201776750 pc=00020912 fcw=D860 r0=010F r1=0103 r2=0000 r3=12F8 r4=3D06 r5=2FA2 r6=0000 r7=0000 r8=002F r9=0002 r10=D860 r11=0AE6 r12=0402 r13=0000 r14=0000 r15=43F4
t=85.201778500 pc=00020914 fcw=D860 r0=010F r1=0103 r2=0000 r3=12F8 r4=3D06 r5=2FA2 r6=0000 r7=0000 r8=002F r9=0002 r10=D860 r11=0AE6 r12=0402 r13=0000 r14=0000 r15=43F4
t=85.201780250 pc=00020916 fcw=D860 r0=010F r1=0103 r2=0000 r3=12F8 r4=3D06 r5=2FA2 r6=0000 r7=0000 r8=002F r9=0002 r10=D860 r11=0AE6 r12=0402 r13=0000 r14=0000 r15=43F4
t=85.201783750 pc=0002091A fcw=D860 r0=010F r1=0103 r2=0000 r3=12F8 r4=3D06 r5=2FA2 r6=0000 r7=0000 r8=002F r9=0002 r10=D860 r11=0AE6 r12=0402 r13=0000 r14=0000 r15=43F4
t=85.201785750 pc=0002091C fcw=D860 r0=010F r1=0103 r2=0000 r3=12F8 r4=3D06 r5=2FA2 r6=0000 r7=0000 r8=002F r9=0002 r10=D860 r11=0AE6 r12=0402 r13=0000 r14=0000 r15=43F4
t=85.201787250 pc=0002091E fcw=D860 r0=0103 r1=010F r2=0000 r3=12F8 r4=3D06 r5=2FA2 r6=0000 r7=0000 r8=002F r9=0002 r10=D860 r11=0AE6 r12=0402 r13=0000 r14=0000 r15=43F4
t=85.201790000 pc=00020920 fcw=D860 r0=0103 r1=010F r2=0000 r3=12F8 r4=3D06 r5=2FA2 r6=0000 r7=0000 r8=002F r9=0002 r10=D860 r11=0AE6 r12=0402 r13=0000 r14=0000 r15=43F4
t=85.201791500 pc=00020912 fcw=D860 r0=0103 r1=010F r2=0000 r3=12F8 r4=3D06 r5=2FA2 r6=0000 r7=0000 r8=002F r9=0002 r10=D860 r11=0AE6 r12=0402 r13=0000 r14=0000 r15=43F4
t=85.201793250 pc=00020914 fcw=D860 r0=0103 r1=010F r2=0000 r3=12F8 r4=3D06 r5=2FA2 r6=0000 r7=0000 r8=002F r9=0002 r10=D860 r11=0AE6 r12=0402 r13=0000 r14=0000 r15=43F4
t=85.201795000 pc=00020916 fcw=D860 r0=0103 r1=010F r2=0000 r3=12F8 r4=3D06 r5=2FA2 r6=0000 r7=0000 r8=002F r9=0002 r10=D860 r11=0AE6 r12=0402 r13=0000 r14=0000 r15=43F4
t=85.201798500 pc=0002091A fcw=D860 r0=0103 r1=010F r2=0000 r3=12F8 r4=3D06 r5=2FA2 r6=0000 r7=0000 r8=002F r9=0002 r10=D860 r11=0AE6 r12=0402 r13=0000 r14=0000 r15=43F4
t=85.201800500 pc=0002091C fcw=D860 r0=0103 r1=010F r2=0000 r3=12F8 r4=3D06 r5=2FA2 r6=0000 r7=0000 r8=002F r9=0002 r10=D860 r11=0AE6 r12=0402 r13=0000 r14=0000 r15=43F4
t=85.201802000 pc=0002091E fcw=D860 r0=010F r1=0103 r2=0000 r3=12F8 r4=3D06 r5=2FA2 r6=0000 r7=0000 r8=002F r9=0002 r10=D860 r11=0AE6 r12=0402 r13=0000 r14=0000 r15=43F4
t=85.201804750 pc=00020920 fcw=D860 r0=010F r1=0103 r2=0000 r3=12F8 r4=3D06 r5=2FA2 r6=0000 r7=0000 r8=002F r9=0002 r10=D860 r11=0AE6 r12=0402 r13=0000 r14=0000 r15=43F4
t=85.201806250 pc=00020912 fcw=D860 r0=010F r1=0103 r2=0000 r3=12F8 r4=3D06 r5=2FA2 r6=0000 r7=0000 r8=002F r9=0002 r10=D860 r11=0AE6 r12=0402 r13=0000 r14=0000 r15=43F4
t=85.201808000 pc=00020914 fcw=D860 r0=010F r1=0103 r2=0000 r3=12F8 r4=3D06 r5=2FA2 r6=0000 r7=0000 r8=002F r9=0002 r10=D860 r11=0AE6 r12=0402 r13=0000 r14=0000 r15=43F4
t=85.201809750 pc=00020916 fcw=D860 r0=010F r1=0103 r2=0000 r3=12F8 r4=3D06 r5=2FA2 r6=0000 r7=0000 r8=002F r9=0002 r10=D860 r11=0AE6 r12=0402 r13=0000 r14=0000 r15=43F4
t=85.201813250 pc=0002091A fcw=D860 r0=010F r1=0103 r2=0000 r3=12F8 r4=3D06 r5=2FA2 r6=0000 r7=0000 r8=002F r9=0002 r10=D860 r11=0AE6 r12=0402 r13=0000 r14=0000 r15=43F4
t=85.201815250 pc=0002091C fcw=D860 r0=010F r1=0103 r2=0000 r3=12F8 r4=3D06 r5=2FA2 r6=0000 r7=0000 r8=002F r9=0002 r10=D860 r11=0AE6 r12=0402 r13=0000 r14=0000 r15=43F4
t=85.201816750 pc=0002091E fcw=D860 r0=0103 r1=010F r2=0000 r3=12F8 r4=3D06 r5=2FA2 r6=0000 r7=0000 r8=002F r9=0002 r10=D860 r11=0AE6 r12=0402 r13=0000 r14=0000 r15=43F4
t=85.201819500 pc=00020920 fcw=D860 r0=0103 r1=010F r2=0000 r3=12F8 r4=3D06 r5=2FA2 r6=0000 r7=0000 r8=002F r9=0002 r10=D860 r11=0AE6 r12=0402 r13=0000 r14=0000 r15=43F4
t=85.201821000 pc=00020912 fcw=D860 r0=0103 r1=010F r2=0000 r3=12F8 r4=3D06 r5=2FA2 r6=0000 r7=0000 r8=002F r9=0002 r10=D860 r11=0AE6 r12=0402 r13=0000 r14=0000 r15=43F4
t=85.201822750 pc=00020914 fcw=D860 r0=0103 r1=010F r2=0000 r3=12F8 r4=3D06 r5=2FA2 r6=0000 r7=0000 r8=002F r9=0002 r10=D860 r11=0AE6 r12=0402 r13=0000 r14=0000 r15=43F4
t=85.201824500 pc=00020916 fcw=D860 r0=0103 r1=010F r2=0000 r3=12F8 r4=3D06 r5=2FA2 r6=0000 r7=0000 r8=002F r9=0002 r10=D860 r11=0AE6 r12=0402 r13=0000 r14=0000 r15=43F4
t=85.201828000 pc=0002091A fcw=D860 r0=0103 r1=010F r2=0000 r3=12F8 r4=3D06 r5=2FA2 r6=0000 r7=0000 r8=002F r9=0002 r10=D860 r11=0AE6 r12=0402 r13=0000 r14=0000 r15=43F4
t=85.201830000 pc=0002091C fcw=D860 r0=0103 r1=010F r2=0000 r3=12F8 r4=3D06 r5=2FA2 r6=0000 r7=0000 r8=002F r9=0002 r10=D860 r11=0AE6 r12=0402 r13=0000 r14=0000 r15=43F4
t=85.201831500 pc=0002091E fcw=D860 r0=010F r1=0103 r2=0000 r3=12F8 r4=3D06 r5=2FA2 r6=0000 r7=0000 r8=002F r9=0002 r10=D860 r11=0AE6 r12=0402 r13=0000 r14=0000 r15=43F4
t=85.201834250 pc=00020920 fcw=D860 r0=010F r1=0103 r2=0000 r3=12F8 r4=3D06 r5=2FA2 r6=0000 r7=0000 r8=002F r9=0002 r10=D860 r11=0AE6 r12=0402 r13=0000 r14=0000 r15=43F4
t=85.201835750 pc=00020912 fcw=D860 r0=010F r1=0103 r2=0000 r3=12F8 r4=3D06 r5=2FA2 r6=0000 r7=0000 r8=002F r9=0002 r10=D860 r11=0AE6 r12=0402 r13=0000 r14=0000 r15=43F4
t=85.201837500 pc=00020914 fcw=D860 r0=010F r1=0103 r2=0000 r3=12F8 r4=3D06 r5=2FA2 r6=0000 r7=0000 r8=002F r9=0002 r10=D860 r11=0AE6 r12=0402 r13=0000 r14=0000 r15=43F4
t=85.201839250 pc=00020916 fcw=D860 r0=010F r1=0103 r2=0000 r3=12F8 r4=3D06 r5=2FA2 r6=0000 r7=0000 r8=002F r9=0002 r10=D860 r11=0AE6 r12=0402 r13=0000 r14=0000 r15=43F4
t=85.201842750 pc=0002091A fcw=D860 r0=010F r1=0103 r2=0000 r3=12F8 r4=3D06 r5=2FA2 r6=0000 r7=0000 r8=002F r9=0002 r10=D860 r11=0AE6 r12=0402 r13=0000 r14=0000 r15=43F4
t=85.201844750 pc=0002091C fcw=D860 r0=010F r1=0103 r2=0000 r3=12F8 r4=3D06 r5=2FA2 r6=0000 r7=0000 r8=002F r9=0002 r10=D860 r11=0AE6 r12=0402 r13=0000 r14=0000 r15=43F4
t=85.201846250 pc=0002091E fcw=D860 r0=0103 r1=010F r2=0000 r3=12F8 r4=3D06 r5=2FA2 r6=0000 r7=0000 r8=002F r9=0002 r10=D860 r11=0AE6 r12=0402 r13=0000 r14=0000 r15=43F4
t=85.201849000 pc=00020920 fcw=D860 r0=0103 r1=010F r2=0000 r3=12F8 r4=3D06 r5=2FA2 r6=0000 r7=0000 r8=002F r9=0002 r10=D860 r11=0AE6 r12=0402 r13=0000 r14=0000 r15=43F4
t=85.201850500 pc=00020912 fcw=D860 r0=0103 r1=010F r2=0000 r3=12F8 r4=3D06 r5=2FA2 r6=0000 r7=0000 r8=002F r9=0002 r10=D860 r11=0AE6 r12=0402 r13=0000 r14=0000 r15=43F4
t=85.201852250 pc=00020914 fcw=D860 r0=0103 r1=010F r2=0000 r3=12F8 r4=3D06 r5=2FA2 r6=0000 r7=0000 r8=002F r9=0002 r10=D860 r11=0AE6 r12=0402 r13=0000 r14=0000 r15=43F4
t=85.201854000 pc=00020916 fcw=D860 r0=0103 r1=010F r2=0000 r3=12F8 r4=3D06 r5=2FA2 r6=0000 r7=0000 r8=002F r9=0002 r10=D860 r11=0AE6 r12=0402 r13=0000 r14=0000 r15=43F4
t=85.201857500 pc=0002091A fcw=D860 r0=0103 r1=010F r2=0000 r3=12F8 r4=3D06 r5=2FA2 r6=0000 r7=0000 r8=002F r9=0002 r10=D860 r11=0AE6 r12=0402 r13=0000 r14=0000 r15=43F4
t=85.201859500 pc=0002091C fcw=D860 r0=0103 r1=010F r2=0000 r3=12F8 r4=3D06 r5=2FA2 r6=0000 r7=0000 r8=002F r9=0002 r10=D860 r11=0AE6 r12=0402 r13=0000 r14=0000 r15=43F4
t=85.201861000 pc=0002091E fcw=D860 r0=010F r1=0103 r2=0000 r3=12F8 r4=3D06 r5=2FA2 r6=0000 r7=0000 r8=002F r9=0002 r10=D860 r11=0AE6 r12=0402 r13=0000 r14=0000 r15=43F4
t=85.201863750 pc=00020920 fcw=D860 r0=010F r1=0103 r2=0000 r3=12F8 r4=3D06 r5=2FA2 r6=0000 r7=0000 r8=002F r9=0002 r10=D860 r11=0AE6 r12=0402 r13=0000 r14=0000 r15=43F4
t=85.201865250 pc=00020912 fcw=D860 r0=010F r1=0103 r2=0000 r3=12F8 r4=3D06 r5=2FA2 r6=0000 r7=0000 r8=002F r9=0002 r10=D860 r11=0AE6 r12=0402 r13=0000 r14=0000 r15=43F4
t=85.201867000 pc=00020914 fcw=D860 r0=010F r1=0103 r2=0000 r3=12F8 r4=3D06 r5=2FA2 r6=0000 r7=0000 r8=002F r9=0002 r10=D860 r11=0AE6 r12=0402 r13=0000 r14=0000 r15=43F4
t=85.201868750 pc=00020916 fcw=D860 r0=010F r1=0103 r2=0000 r3=12F8 r4=3D06 r5=2FA2 r6=0000 r7=0000 r8=002F r9=0002 r10=D860 r11=0AE6 r12=0402 r13=0000 r14=0000 r15=43F4
t=85.201872250 pc=0002091A fcw=D860 r0=010F r1=0103 r2=0000 r3=12F8 r4=3D06 r5=2FA2 r6=0000 r7=0000 r8=002F r9=0002 r10=D860 r11=0AE6 r12=0402 r13=0000 r14=0000 r15=43F4
t=85.201874250 pc=0002091C fcw=D860 r0=010F r1=0103 r2=0000 r3=12F8 r4=3D06 r5=2FA2 r6=0000 r7=0000 r8=002F r9=0002 r10=D860 r11=0AE6 r12=0402 r13=0000 r14=0000 r15=43F4
t=85.201875750 pc=0002091E fcw=D860 r0=0103 r1=010F r2=0000 r3=12F8 r4=3D06 r5=2FA2 r6=0000 r7=0000 r8=002F r9=0002 r10=D860 r11=0AE6 r12=0402 r13=0000 r14=0000 r15=43F4
t=85.201878500 pc=00020920 fcw=D860 r0=0103 r1=010F r2=0000 r3=12F8 r4=3D06 r5=2FA2 r6=0000 r7=0000 r8=002F r9=0002 r10=D860 r11=0AE6 r12=0402 r13=0000 r14=0000 r15=43F4
t=85.201880000 pc=00020912 fcw=D860 r0=0103 r1=010F r2=0000 r3=12F8 r4=3D06 r5=2FA2 r6=0000 r7=0000 r8=002F r9=0002 r10=D860 r11=0AE6 r12=0402 r13=0000 r14=0000 r15=43F4
t=85.201881750 pc=00020914 fcw=D860 r0=0103 r1=010F r2=0000 r3=12F8 r4=3D06 r5=2FA2 r6=0000 r7=0000 r8=002F r9=0002 r10=D860 r11=0AE6 r12=0402 r13=0000 r14=0000 r15=43F4
t=85.201883500 pc=00020916 fcw=D860 r0=0103 r1=010F r2=0000 r3=12F8 r4=3D06 r5=2FA2 r6=0000 r7=0000 r8=002F r9=0002 r10=D860 r11=0AE6 r12=0402 r13=0000 r14=0000 r15=43F4
t=85.201887000 pc=0002091A fcw=D860 r0=0103 r1=010F r2=0000 r3=12F8 r4=3D06 r5=2FA2 r6=0000 r7=0000 r8=002F r9=0002 r10=D860 r11=0AE6 r12=0402 r13=0000 r14=0000 r15=43F4
t=85.201889000 pc=0002091C fcw=D860 r0=0103 r1=010F r2=0000 r3=12F8 r4=3D06 r5=2FA2 r6=0000 r7=0000 r8=002F r9=0002 r10=D860 r11=0AE6 r12=0402 r13=0000 r14=0000 r15=43F4
t=85.201890500 pc=0002091E fcw=D860 r0=010F r1=0103 r2=0000 r3=12F8 r4=3D06 r5=2FA2 r6=0000 r7=0000 r8=002F r9=0002 r10=D860 r11=0AE6 r12=0402 r13=0000 r14=0000 r15=43F4
t=85.201893250 pc=00020920 fcw=D860 r0=010F r1=0103 r2=0000 r3=12F8 r4=3D06 r5=2FA2 r6=0000 r7=0000 r8=002F r9=0002 r10=D860 r11=0AE6 r12=0402 r13=0000 r14=0000 r15=43F4
t=85.201894750 pc=00020912 fcw=D860 r0=010F r1=0103 r2=0000 r3=12F8 r4=3D06 r5=2FA2 r6=0000 r7=0000 r8=002F r9=0002 r10=D860 r11=0AE6 r12=0402 r13=0000 r14=0000 r15=43F4
t=85.201896500 pc=00020914 fcw=D860 r0=010F r1=0103 r2=0000 r3=12F8 r4=3D06 r5=2FA2 r6=0000 r7=0000 r8=002F r9=0002 r10=D860 r11=0AE6 r12=0402 r13=0000 r14=0000 r15=43F4
t=85.201898250 pc=00020916 fcw=D860 r0=010F r1=0103 r2=0000 r3=12F8 r4=3D06 r5=2FA2 r6=0000 r7=0000 r8=002F r9=0002 r10=D860 r11=0AE6 r12=0402 r13=0000 r14=0000 r15=43F4
t=85.201901750 pc=0002091A fcw=D860 r0=010F r1=0103 r2=0000 r3=12F8 r4=3D06 r5=2FA2 r6=0000 r7=0000 r8=002F r9=0002 r10=D860 r11=0AE6 r12=0402 r13=0000 r14=0000 r15=43F4
t=85.201903750 pc=0002091C fcw=D860 r0=010F r1=0103 r2=0000 r3=12F8 r4=3D06 r5=2FA2 r6=0000 r7=0000 r8=002F r9=0002 r10=D860 r11=0AE6 r12=0402 r13=0000 r14=0000 r15=43F4
t=85.201905250 pc=0002091E fcw=D860 r0=0103 r1=010F r2=0000 r3=12F8 r4=3D06 r5=2FA2 r6=0000 r7=0000 r8=002F r9=0002 r10=D860 r11=0AE6 r12=0402 r13=0000 r14=0000 r15=43F4
t=85.201908000 pc=00020920 fcw=D860 r0=0103 r1=010F r2=0000 r3=12F8 r4=3D06 r5=2FA2 r6=0000 r7=0000 r8=002F r9=0002 r10=D860 r11=0AE6 r12=0402 r13=0000 r14=0000 r15=43F4
t=85.201909500 pc=00020912 fcw=D860 r0=0103 r1=010F r2=0000 r3=12F8 r4=3D06 r5=2FA2 r6=0000 r7=0000 r8=002F r9=0002 r10=D860 r11=0AE6 r12=0402 r13=0000 r14=0000 r15=43F4
t=85.201911250 pc=00020914 fcw=D860 r0=0103 r1=010F r2=0000 r3=12F8 r4=3D06 r5=2FA2 r6=0000 r7=0000 r8=002F r9=0002 r10=D860 r11=0AE6 r12=0402 r13=0000 r14=0000 r15=43F4
t=85.201913000 pc=00020916 fcw=D860 r0=0103 r1=010F r2=0000 r3=12F8 r4=3D06 r5=2FA2 r6=0000 r7=0000 r8=002F r9=0002 r10=D860 r11=0AE6 r12=0402 r13=0000 r14=0000 r15=43F4
t=85.201916500 pc=0002091A fcw=D860 r0=0103 r1=010F r2=0000 r3=12F8 r4=3D06 r5=2FA2 r6=0000 r7=0000 r8=002F r9=0002 r10=D860 r11=0AE6 r12=0402 r13=0000 r14=0000 r15=43F4
t=85.201918500 pc=0002091C fcw=D860 r0=0103 r1=010F r2=0000 r3=12F8 r4=3D06 r5=2FA2 r6=0000 r7=0000 r8=002F r9=0002 r10=D860 r11=0AE6 r12=0402 r13=0000 r14=0000 r15=43F4
t=85.201920000 pc=0002091E fcw=D860 r0=010F r1=0103 r2=0000 r3=12F8 r4=3D06 r5=2FA2 r6=0000 r7=0000 r8=002F r9=0002 r10=D860 r11=0AE6 r12=0402 r13=0000 r14=0000 r15=43F4
t=85.201922750 pc=00020920 fcw=D860 r0=010F r1=0103 r2=0000 r3=12F8 r4=3D06 r5=2FA2 r6=0000 r7=0000 r8=002F r9=0002 r10=D860 r11=0AE6 r12=0402 r13=0000 r14=0000 r15=43F4
t=85.201924250 pc=00020912 fcw=D860 r0=010F r1=0103 r2=0000 r3=12F8 r4=3D06 r5=2FA2 r6=0000 r7=0000 r8=002F r9=0002 r10=D860 r11=0AE6 r12=0402 r13=0000 r14=0000 r15=43F4
t=85.201926000 pc=00020914 fcw=D860 r0=010F r1=0103 r2=0000 r3=12F8 r4=3D06 r5=2FA2 r6=0000 r7=0000 r8=002F r9=0002 r10=D860 r11=0AE6 r12=0402 r13=0000 r14=0000 r15=43F4
t=85.201927750 pc=00020916 fcw=D860 r0=010F r1=0103 r2=0000 r3=12F8 r4=3D06 r5=2FA2 r6=0000 r7=0000 r8=002F r9=0002 r10=D860 r11=0AE6 r12=0402 r13=0000 r14=0000 r15=43F4
t=85.201931250 pc=0002091A fcw=D860 r0=010F r1=0103 r2=0000 r3=12F8 r4=3D06 r5=2FA2 r6=0000 r7=0000 r8=002F r9=0002 r10=D860 r11=0AE6 r12=0402 r13=0000 r14=0000 r15=43F4
t=85.201933250 pc=0002091C fcw=D860 r0=010F r1=0103 r2=0000 r3=12F8 r4=3D06 r5=2FA2 r6=0000 r7=0000 r8=002F r9=0002 r10=D860 r11=0AE6 r12=0402 r13=0000 r14=0000 r15=43F4
t=85.201934750 pc=0002091E fcw=D860 r0=0103 r1=010F r2=0000 r3=12F8 r4=3D06 r5=2FA2 r6=0000 r7=0000 r8=002F r9=0002 r10=D860 r11=0AE6 r12=0402 r13=0000 r14=0000 r15=43F4
t=85.201937500 pc=00020920 fcw=D860 r0=0103 r1=010F r2=0000 r3=12F8 r4=3D06 r5=2FA2 r6=0000 r7=0000 r8=002F r9=0002 r10=D860 r11=0AE6 r12=0402 r13=0000 r14=0000 r15=43F4
t=85.201939000 pc=00020912 fcw=D860 r0=0103 r1=010F r2=0000 r3=12F8 r4=3D06 r5=2FA2 r6=0000 r7=0000 r8=002F r9=0002 r10=D860 r11=0AE6 r12=0402 r13=0000 r14=0000 r15=43F4
t=85.201940750 pc=00020914 fcw=D860 r0=0103 r1=010F r2=0000 r3=12F8 r4=3D06 r5=2FA2 r6=0000 r7=0000 r8=002F r9=0002 r10=D860 r11=0AE6 r12=0402 r13=0000 r14=0000 r15=43F4
t=85.201942500 pc=00020916 fcw=D860 r0=0103 r1=010F r2=0000 r3=12F8 r4=3D06 r5=2FA2 r6=0000 r7=0000 r8=002F r9=0002 r10=D860 r11=0AE6 r12=0402 r13=0000 r14=0000 r15=43F4
t=85.201946000 pc=0002091A fcw=D860 r0=0103 r1=010F r2=0000 r3=12F8 r4=3D06 r5=2FA2 r6=0000 r7=0000 r8=002F r9=0002 r10=D860 r11=0AE6 r12=0402 r13=0000 r14=0000 r15=43F4
t=85.201948000 pc=0002091C fcw=D860 r0=0103 r1=010F r2=0000 r3=12F8 r4=3D06 r5=2FA2 r6=0000 r7=0000 r8=002F r9=0002 r10=D860 r11=0AE6 r12=0402 r13=0000 r14=0000 r15=43F4
t=85.201949500 pc=0002091E fcw=D860 r0=010F r1=0103 r2=0000 r3=12F8 r4=3D06 r5=2FA2 r6=0000 r7=0000 r8=002F r9=0002 r10=D860 r11=0AE6 r12=0402 r13=0000 r14=0000 r15=43F4
t=85.201952250 pc=00020920 fcw=D860 r0=010F r1=0103 r2=0000 r3=12F8 r4=3D06 r5=2FA2 r6=0000 r7=0000 r8=002F r9=0002 r10=D860 r11=0AE6 r12=0402 r13=0000 r14=0000 r15=43F4
t=85.201953750 pc=00020912 fcw=D860 r0=010F r1=0103 r2=0000 r3=12F8 r4=3D06 r5=2FA2 r6=0000 r7=0000 r8=002F r9=0002 r10=D860 r11=0AE6 r12=0402 r13=0000 r14=0000 r15=43F4
t=85.201955500 pc=00020914 fcw=D860 r0=010F r1=0103 r2=0000 r3=12F8 r4=3D06 r5=2FA2 r6=0000 r7=0000 r8=002F r9=0002 r10=D860 r11=0AE6 r12=0402 r13=0000 r14=0000 r15=43F4
t=85.201957250 pc=00020916 fcw=D860 r0=010F r1=0103 r2=0000 r3=12F8 r4=3D06 r5=2FA2 r6=0000 r7=0000 r8=002F r9=0002 r10=D860 r11=0AE6 r12=0402 r13=0000 r14=0000 r15=43F4
t=85.201960750 pc=0002091A fcw=D860 r0=010F r1=0103 r2=0000 r3=12F8 r4=3D06 r5=2FA2 r6=0000 r7=0000 r8=002F r9=0002 r10=D860 r11=0AE6 r12=0402 r13=0000 r14=0000 r15=43F4
t=85.201962750 pc=0002091C fcw=D860 r0=010F r1=0103 r2=0000 r3=12F8 r4=3D06 r5=2FA2 r6=0000 r7=0000 r8=002F r9=0002 r10=D860 r11=0AE6 r12=0402 r13=0000 r14=0000 r15=43F4
t=85.201964250 pc=0002091E fcw=D860 r0=0103 r1=010F r2=0000 r3=12F8 r4=3D06 r5=2FA2 r6=0000 r7=0000 r8=002F r9=0002 r10=D860 r11=0AE6 r12=0402 r13=0000 r14=0000 r15=43F4
t=85.201967000 pc=00020920 fcw=D860 r0=0103 r1=010F r2=0000 r3=12F8 r4=3D06 r5=2FA2 r6=0000 r7=0000 r8=002F r9=0002 r10=D860 r11=0AE6 r12=0402 r13=0000 r14=0000 r15=43F4
t=85.201968500 pc=00020912 fcw=D860 r0=0103 r1=010F r2=0000 r3=12F8 r4=3D06 r5=2FA2 r6=0000 r7=0000 r8=002F r9=0002 r10=D860 r11=0AE6 r12=0402 r13=0000 r14=0000 r15=43F4
t=85.201970250 pc=00020914 fcw=D860 r0=0103 r1=010F r2=0000 r3=12F8 r4=3D06 r5=2FA2 r6=0000 r7=0000 r8=002F r9=0002 r10=D860 r11=0AE6 r12=0402 r13=0000 r14=0000 r15=43F4
t=85.201972000 pc=00020916 fcw=D860 r0=0103 r1=010F r2=0000 r3=12F8 r4=3D06 r5=2FA2 r6=0000 r7=0000 r8=002F r9=0002 r10=D860 r11=0AE6 r12=0402 r13=0000 r14=0000 r15=43F4
t=85.201975500 pc=0002091A fcw=D860 r0=0103 r1=010F r2=0000 r3=12F8 r4=3D06 r5=2FA2 r6=0000 r7=0000 r8=002F r9=0002 r10=D860 r11=0AE6 r12=0402 r13=0000 r14=0000 r15=43F4
t=85.201977500 pc=0002091C fcw=D860 r0=0103 r1=010F r2=0000 r3=12F8 r4=3D06 r5=2FA2 r6=0000 r7=0000 r8=002F r9=0002 r10=D860 r11=0AE6 r12=0402 r13=0000 r14=0000 r15=43F4
t=85.201979000 pc=0002091E fcw=D860 r0=010F r1=0103 r2=0000 r3=12F8 r4=3D06 r5=2FA2 r6=0000 r7=0000 r8=002F r9=0002 r10=D860 r11=0AE6 r12=0402 r13=0000 r14=0000 r15=43F4
t=85.201981750 pc=00020920 fcw=D860 r0=010F r1=0103 r2=0000 r3=12F8 r4=3D06 r5=2FA2 r6=0000 r7=0000 r8=002F r9=0002 r10=D860 r11=0AE6 r12=0402 r13=0000 r14=0000 r15=43F4
t=85.201983250 pc=00020912 fcw=D860 r0=010F r1=0103 r2=0000 r3=12F8 r4=3D06 r5=2FA2 r6=0000 r7=0000 r8=002F r9=0002 r10=D860 r11=0AE6 r12=0402 r13=0000 r14=0000 r15=43F4
t=85.201985000 pc=00020914 fcw=D860 r0=010F r1=0103 r2=0000 r3=12F8 r4=3D06 r5=2FA2 r6=0000 r7=0000 r8=002F r9=0002 r10=D860 r11=0AE6 r12=0402 r13=0000 r14=0000 r15=43F4
t=85.201986750 pc=00020916 fcw=D860 r0=010F r1=0103 r2=0000 r3=12F8 r4=3D06 r5=2FA2 r6=0000 r7=0000 r8=002F r9=0002 r10=D860 r11=0AE6 r12=0402 r13=0000 r14=0000 r15=43F4
t=85.201990250 pc=0002091A fcw=D860 r0=010F r1=0103 r2=0000 r3=12F8 r4=3D06 r5=2FA2 r6=0000 r7=0000 r8=002F r9=0002 r10=D860 r11=0AE6 r12=0402 r13=0000 r14=0000 r15=43F4
t=85.201992250 pc=0002091C fcw=D860 r0=010F r1=0103 r2=0000 r3=12F8 r4=3D06 r5=2FA2 r6=0000 r7=0000 r8=002F r9=0002 r10=D860 r11=0AE6 r12=0402 r13=0000 r14=0000 r15=43F4
t=85.201993750 pc=0002091E fcw=D860 r0=0103 r1=010F r2=0000 r3=12F8 r4=3D06 r5=2FA2 r6=0000 r7=0000 r8=002F r9=0002 r10=D860 r11=0AE6 r12=0402 r13=0000 r14=0000 r15=43F4
t=85.201996500 pc=00020920 fcw=D860 r0=0103 r1=010F r2=0000 r3=12F8 r4=3D06 r5=2FA2 r6=0000 r7=0000 r8=002F r9=0002 r10=D860 r11=0AE6 r12=0402 r13=0000 r14=0000 r15=43F4
t=85.201998000 pc=00020912 fcw=D860 r0=0103 r1=010F r2=0000 r3=12F8 r4=3D06 r5=2FA2 r6=0000 r7=0000 r8=002F r9=0002 r10=D860 r11=0AE6 r12=0402 r13=0000 r14=0000 r15=43F4
t=85.201999750 pc=00020914 fcw=D860 r0=0103 r1=010F r2=0000 r3=12F8 r4=3D06 r5=2FA2 r6=0000 r7=0000 r8=002F r9=0002 r10=D860 r11=0AE6 r12=0402 r13=0000 r14=0000 r15=43F4
t=85.202001500 pc=00020916 fcw=D860 r0=0103 r1=010F r2=0000 r3=12F8 r4=3D06 r5=2FA2 r6=0000 r7=0000 r8=002F r9=0002 r10=D860 r11=0AE6 r12=0402 r13=0000 r14=0000 r15=43F4
t=85.202005000 pc=0002091A fcw=D860 r0=0103 r1=010F r2=0000 r3=12F8 r4=3D06 r5=2FA2 r6=0000 r7=0000 r8=002F r9=0002 r10=D860 r11=0AE6 r12=0402 r13=0000 r14=0000 r15=43F4
t=85.202007000 pc=0002091C fcw=D860 r0=0103 r1=010F r2=0000 r3=12F8 r4=3D06 r5=2FA2 r6=0000 r7=0000 r8=002F r9=0002 r10=D860 r11=0AE6 r12=0402 r13=0000 r14=0000 r15=43F4
t=85.202008500 pc=0002091E fcw=D860 r0=010F r1=0103 r2=0000 r3=12F8 r4=3D06 r5=2FA2 r6=0000 r7=0000 r8=002F r9=0002 r10=D860 r11=0AE6 r12=0402 r13=0000 r14=0000 r15=43F4
t=85.202011250 pc=00020920 fcw=D860 r0=010F r1=0103 r2=0000 r3=12F8 r4=3D06 r5=2FA2 r6=0000 r7=0000 r8=002F r9=0002 r10=D860 r11=0AE6 r12=0402 r13=0000 r14=0000 r15=43F4
t=85.202012750 pc=00020912 fcw=D860 r0=010F r1=0103 r2=0000 r3=12F8 r4=3D06 r5=2FA2 r6=0000 r7=0000 r8=002F r9=0002 r10=D860 r11=0AE6 r12=0402 r13=0000 r14=0000 r15=43F4
t=85.202014500 pc=00020914 fcw=D860 r0=010F r1=0103 r2=0000 r3=12F8 r4=3D06 r5=2FA2 r6=0000 r7=0000 r8=002F r9=0002 r10=D860 r11=0AE6 r12=0402 r13=0000 r14=0000 r15=43F4
t=85.202016250 pc=00020916 fcw=D860 r0=010F r1=0103 r2=0000 r3=12F8 r4=3D06 r5=2FA2 r6=0000 r7=0000 r8=002F r9=0002 r10=D860 r11=0AE6 r12=0402 r13=0000 r14=0000 r15=43F4
t=85.202019750 pc=0002091A fcw=D860 r0=010F r1=0103 r2=0000 r3=12F8 r4=3D06 r5=2FA2 r6=0000 r7=0000 r8=002F r9=0002 r10=D860 r11=0AE6 r12=0402 r13=0000 r14=0000 r15=43F4
t=85.202021750 pc=0002091C fcw=D860 r0=010F r1=0103 r2=0000 r3=12F8 r4=3D06 r5=2FA2 r6=0000 r7=0000 r8=002F r9=0002 r10=D860 r11=0AE6 r12=0402 r13=0000 r14=0000 r15=43F4
t=85.202023250 pc=0002091E fcw=D860 r0=0103 r1=010F r2=0000 r3=12F8 r4=3D06 r5=2FA2 r6=0000 r7=0000 r8=002F r9=0002 r10=D860 r11=0AE6 r12=0402 r13=0000 r14=0000 r15=43F4
t=85.202026000 pc=00020920 fcw=D860 r0=0103 r1=010F r2=0000 r3=12F8 r4=3D06 r5=2FA2 r6=0000 r7=0000 r8=002F r9=0002 r10=D860 r11=0AE6 r12=0402 r13=0000 r14=0000 r15=43F4
t=85.202027500 pc=00020912 fcw=D860 r0=0103 r1=010F r2=0000 r3=12F8 r4=3D06 r5=2FA2 r6=0000 r7=0000 r8=002F r9=0002 r10=D860 r11=0AE6 r12=0402 r13=0000 r14=0000 r15=43F4
t=85.202029250 pc=00020914 fcw=D860 r0=0103 r1=010F r2=0000 r3=12F8 r4=3D06 r5=2FA2 r6=0000 r7=0000 r8=002F r9=0002 r10=D860 r11=0AE6 r12=0402 r13=0000 r14=0000 r15=43F4
t=85.202031000 pc=00020916 fcw=D860 r0=0103 r1=010F r2=0000 r3=12F8 r4=3D06 r5=2FA2 r6=0000 r7=0000 r8=002F r9=0002 r10=D860 r11=0AE6 r12=0402 r13=0000 r14=0000 r15=43F4
t=85.202034500 pc=0002091A fcw=D860 r0=0103 r1=010F r2=0000 r3=12F8 r4=3D06 r5=2FA2 r6=0000 r7=0000 r8=002F r9=0002 r10=D860 r11=0AE6 r12=0402 r13=0000 r14=0000 r15=43F4
t=85.202036500 pc=0002091C fcw=D860 r0=0103 r1=010F r2=0000 r3=12F8 r4=3D06 r5=2FA2 r6=0000 r7=0000 r8=002F r9=0002 r10=D860 r11=0AE6 r12=0402 r13=0000 r14=0000 r15=43F4
t=85.202038000 pc=0002091E fcw=D860 r0=010F r1=0103 r2=0000 r3=12F8 r4=3D06 r5=2FA2 r6=0000 r7=0000 r8=002F r9=0002 r10=D860 r11=0AE6 r12=0402 r13=0000 r14=0000 r15=43F4
t=85.202040750 pc=00020920 fcw=D860 r0=010F r1=0103 r2=0000 r3=12F8 r4=3D06 r5=2FA2 r6=0000 r7=0000 r8=002F r9=0002 r10=D860 r11=0AE6 r12=0402 r13=0000 r14=0000 r15=43F4
t=85.202042250 pc=00020912 fcw=D860 r0=010F r1=0103 r2=0000 r3=12F8 r4=3D06 r5=2FA2 r6=0000 r7=0000 r8=002F r9=0002 r10=D860 r11=0AE6 r12=0402 r13=0000 r14=0000 r15=43F4
t=85.202044000 pc=00020914 fcw=D860 r0=010F r1=0103 r2=0000 r3=12F8 r4=3D06 r5=2FA2 r6=0000 r7=0000 r8=002F r9=0002 r10=D860 r11=0AE6 r12=0402 r13=0000 r14=0000 r15=43F4
t=85.202045750 pc=00020916 fcw=D860 r0=010F r1=0103 r2=0000 r3=12F8 r4=3D06 r5=2FA2 r6=0000 r7=0000 r8=002F r9=0002 r10=D860 r11=0AE6 r12=0402 r13=0000 r14=0000 r15=43F4
t=85.202049250 pc=0002091A fcw=D860 r0=010F r1=0103 r2=0000 r3=12F8 r4=3D06 r5=2FA2 r6=0000 r7=0000 r8=002F r9=0002 r10=D860 r11=0AE6 r12=0402 r13=0000 r14=0000 r15=43F4
t=85.202051250 pc=0002091C fcw=D860 r0=010F r1=0103 r2=0000 r3=12F8 r4=3D06 r5=2FA2 r6=0000 r7=0000 r8=002F r9=0002 r10=D860 r11=0AE6 r12=0402 r13=0000 r14=0000 r15=43F4
t=85.202052750 pc=0002091E fcw=D860 r0=0103 r1=010F r2=0000 r3=12F8 r4=3D06 r5=2FA2 r6=0000 r7=0000 r8=002F r9=0002 r10=D860 r11=0AE6 r12=0402 r13=0000 r14=0000 r15=43F4
t=85.202055500 pc=00020920 fcw=D860 r0=0103 r1=010F r2=0000 r3=12F8 r4=3D06 r5=2FA2 r6=0000 r7=0000 r8=002F r9=0002 r10=D860 r11=0AE6 r12=0402 r13=0000 r14=0000 r15=43F4
t=85.202057000 pc=00020912 fcw=D860 r0=0103 r1=010F r2=0000 r3=12F8 r4=3D06 r5=2FA2 r6=0000 r7=0000 r8=002F r9=0002 r10=D860 r11=0AE6 r12=0402 r13=0000 r14=0000 r15=43F4
t=85.202058750 pc=00020914 fcw=D860 r0=0103 r1=010F r2=0000 r3=12F8 r4=3D06 r5=2FA2 r6=0000 r7=0000 r8=002F r9=0002 r10=D860 r11=0AE6 r12=0402 r13=0000 r14=0000 r15=43F4
t=85.202060500 pc=00020916 fcw=D860 r0=0103 r1=010F r2=0000 r3=12F8 r4=3D06 r5=2FA2 r6=0000 r7=0000 r8=002F r9=0002 r10=D860 r11=0AE6 r12=0402 r13=0000 r14=0000 r15=43F4
t=85.202064000 pc=0002091A fcw=D860 r0=0103 r1=010F r2=0000 r3=12F8 r4=3D06 r5=2FA2 r6=0000 r7=0000 r8=002F r9=0002 r10=D860 r11=0AE6 r12=0402 r13=0000 r14=0000 r15=43F4
t=85.202066000 pc=0002091C fcw=D860 r0=0103 r1=010F r2=0000 r3=12F8 r4=3D06 r5=2FA2 r6=0000 r7=0000 r8=002F r9=0002 r10=D860 r11=0AE6 r12=0402 r13=0000 r14=0000 r15=43F4
t=85.202067500 pc=0002091E fcw=D860 r0=010F r1=0103 r2=0000 r3=12F8 r4=3D06 r5=2FA2 r6=0000 r7=0000 r8=002F r9=0002 r10=D860 r11=0AE6 r12=0402 r13=0000 r14=0000 r15=43F4
t=85.202070250 pc=00020920 fcw=D860 r0=010F r1=0103 r2=0000 r3=12F8 r4=3D06 r5=2FA2 r6=0000 r7=0000 r8=002F r9=0002 r10=D860 r11=0AE6 r12=0402 r13=0000 r14=0000 r15=43F4
t=85.202071750 pc=00020912 fcw=D860 r0=010F r1=0103 r2=0000 r3=12F8 r4=3D06 r5=2FA2 r6=0000 r7=0000 r8=002F r9=0002 r10=D860 r11=0AE6 r12=0402 r13=0000 r14=0000 r15=43F4
t=85.202073500 pc=00020914 fcw=D860 r0=010F r1=0103 r2=0000 r3=12F8 r4=3D06 r5=2FA2 r6=0000 r7=0000 r8=002F r9=0002 r10=D860 r11=0AE6 r12=0402 r13=0000 r14=0000 r15=43F4
t=85.202075250 pc=00020916 fcw=D860 r0=010F r1=0103 r2=0000 r3=12F8 r4=3D06 r5=2FA2 r6=0000 r7=0000 r8=002F r9=0002 r10=D860 r11=0AE6 r12=0402 r13=0000 r14=0000 r15=43F4
t=85.202078750 pc=0002091A fcw=D860 r0=010F r1=0103 r2=0000 r3=12F8 r4=3D06 r5=2FA2 r6=0000 r7=0000 r8=002F r9=0002 r10=D860 r11=0AE6 r12=0402 r13=0000 r14=0000 r15=43F4
t=85.202080750 pc=0002091C fcw=D860 r0=010F r1=0103 r2=0000 r3=12F8 r4=3D06 r5=2FA2 r6=0000 r7=0000 r8=002F r9=0002 r10=D860 r11=0AE6 r12=0402 r13=0000 r14=0000 r15=43F4
t=85.202082250 pc=0002091E fcw=D860 r0=0103 r1=010F r2=0000 r3=12F8 r4=3D06 r5=2FA2 r6=0000 r7=0000 r8=002F r9=0002 r10=D860 r11=0AE6 r12=0402 r13=0000 r14=0000 r15=43F4
t=85.202085000 pc=00020920 fcw=D860 r0=0103 r1=010F r2=0000 r3=12F8 r4=3D06 r5=2FA2 r6=0000 r7=0000 r8=002F r9=0002 r10=D860 r11=0AE6 r12=0402 r13=0000 r14=0000 r15=43F4
t=85.202086500 pc=00020912 fcw=D860 r0=0103 r1=010F r2=0000 r3=12F8 r4=3D06 r5=2FA2 r6=0000 r7=0000 r8=002F r9=0002 r10=D860 r11=0AE6 r12=0402 r13=0000 r14=0000 r15=43F4
t=85.202088250 pc=00020914 fcw=D860 r0=0103 r1=010F r2=0000 r3=12F8 r4=3D06 r5=2FA2 r6=0000 r7=0000 r8=002F r9=0002 r10=D860 r11=0AE6 r12=0402 r13=0000 r14=0000 r15=43F4
t=85.202090000 pc=00020916 fcw=D860 r0=0103 r1=010F r2=0000 r3=12F8 r4=3D06 r5=2FA2 r6=0000 r7=0000 r8=002F r9=0002 r10=D860 r11=0AE6 r12=0402 r13=0000 r14=0000 r15=43F4
t=85.202093500 pc=0002091A fcw=D860 r0=0103 r1=010F r2=0000 r3=12F8 r4=3D06 r5=2FA2 r6=0000 r7=0000 r8=002F r9=0002 r10=D860 r11=0AE6 r12=0402 r13=0000 r14=0000 r15=43F4
t=85.202095500 pc=0002091C fcw=D860 r0=0103 r1=010F r2=0000 r3=12F8 r4=3D06 r5=2FA2 r6=0000 r7=0000 r8=002F r9=0002 r10=D860 r11=0AE6 r12=0402 r13=0000 r14=0000 r15=43F4
t=85.202097000 pc=0002091E fcw=D860 r0=010F r1=0103 r2=0000 r3=12F8 r4=3D06 r5=2FA2 r6=0000 r7=0000 r8=002F r9=0002 r10=D860 r11=0AE6 r12=0402 r13=0000 r14=0000 r15=43F4
t=85.202099750 pc=00020920 fcw=D860 r0=010F r1=0103 r2=0000 r3=12F8 r4=3D06 r5=2FA2 r6=0000 r7=0000 r8=002F r9=0002 r10=D860 r11=0AE6 r12=0402 r13=0000 r14=0000 r15=43F4
t=85.202101250 pc=00020912 fcw=D860 r0=010F r1=0103 r2=0000 r3=12F8 r4=3D06 r5=2FA2 r6=0000 r7=0000 r8=002F r9=0002 r10=D860 r11=0AE6 r12=0402 r13=0000 r14=0000 r15=43F4
t=85.202103000 pc=00020914 fcw=D860 r0=010F r1=0103 r2=0000 r3=12F8 r4=3D06 r5=2FA2 r6=0000 r7=0000 r8=002F r9=0002 r10=D860 r11=0AE6 r12=0402 r13=0000 r14=0000 r15=43F4
t=85.202104750 pc=00020916 fcw=D860 r0=010F r1=0103 r2=0000 r3=12F8 r4=3D06 r5=2FA2 r6=0000 r7=0000 r8=002F r9=0002 r10=D860 r11=0AE6 r12=0402 r13=0000 r14=0000 r15=43F4
t=85.202108250 pc=0002091A fcw=D860 r0=010F r1=0103 r2=0000 r3=12F8 r4=3D06 r5=2FA2 r6=0000 r7=0000 r8=002F r9=0002 r10=D860 r11=0AE6 r12=0402 r13=0000 r14=0000 r15=43F4
t=85.202110250 pc=0002091C fcw=D860 r0=010F r1=0103 r2=0000 r3=12F8 r4=3D06 r5=2FA2 r6=0000 r7=0000 r8=002F r9=0002 r10=D860 r11=0AE6 r12=0402 r13=0000 r14=0000 r15=43F4
t=85.202111750 pc=0002091E fcw=D860 r0=0103 r1=010F r2=0000 r3=12F8 r4=3D06 r5=2FA2 r6=0000 r7=0000 r8=002F r9=0002 r10=D860 r11=0AE6 r12=0402 r13=0000 r14=0000 r15=43F4
t=85.202114500 pc=00020920 fcw=D860 r0=0103 r1=010F r2=0000 r3=12F8 r4=3D06 r5=2FA2 r6=0000 r7=0000 r8=002F r9=0002 r10=D860 r11=0AE6 r12=0402 r13=0000 r14=0000 r15=43F4
t=85.202116000 pc=00020912 fcw=D860 r0=0103 r1=010F r2=0000 r3=12F8 r4=3D06 r5=2FA2 r6=0000 r7=0000 r8=002F r9=0002 r10=D860 r11=0AE6 r12=0402 r13=0000 r14=0000 r15=43F4
t=85.202117750 pc=00020914 fcw=D860 r0=0103 r1=010F r2=0000 r3=12F8 r4=3D06 r5=2FA2 r6=0000 r7=0000 r8=002F r9=0002 r10=D860 r11=0AE6 r12=0402 r13=0000 r14=0000 r15=43F4
t=85.202119500 pc=00020916 fcw=D860 r0=0103 r1=010F r2=0000 r3=12F8 r4=3D06 r5=2FA2 r6=0000 r7=0000 r8=002F r9=0002 r10=D860 r11=0AE6 r12=0402 r13=0000 r14=0000 r15=43F4
t=85.202123000 pc=0002091A fcw=D860 r0=0103 r1=010F r2=0000 r3=12F8 r4=3D06 r5=2FA2 r6=0000 r7=0000 r8=002F r9=0002 r10=D860 r11=0AE6 r12=0402 r13=0000 r14=0000 r15=43F4
t=85.202125000 pc=0002091C fcw=D860 r0=0103 r1=010F r2=0000 r3=12F8 r4=3D06 r5=2FA2 r6=0000 r7=0000 r8=002F r9=0002 r10=D860 r11=0AE6 r12=0402 r13=0000 r14=0000 r15=43F4
t=85.202126500 pc=0002091E fcw=D860 r0=010F r1=0103 r2=0000 r3=12F8 r4=3D06 r5=2FA2 r6=0000 r7=0000 r8=002F r9=0002 r10=D860 r11=0AE6 r12=0402 r13=0000 r14=0000 r15=43F4
t=85.202129250 pc=00020920 fcw=D860 r0=010F r1=0103 r2=0000 r3=12F8 r4=3D06 r5=2FA2 r6=0000 r7=0000 r8=002F r9=0002 r10=D860 r11=0AE6 r12=0402 r13=0000 r14=0000 r15=43F4
t=85.202130750 pc=00020912 fcw=D860 r0=010F r1=0103 r2=0000 r3=12F8 r4=3D06 r5=2FA2 r6=0000 r7=0000 r8=002F r9=0002 r10=D860 r11=0AE6 r12=0402 r13=0000 r14=0000 r15=43F4
t=85.202132500 pc=00020914 fcw=D860 r0=010F r1=0103 r2=0000 r3=12F8 r4=3D06 r5=2FA2 r6=0000 r7=0000 r8=002F r9=0002 r10=D860 r11=0AE6 r12=0402 r13=0000 r14=0000 r15=43F4
t=85.202134250 pc=00020916 fcw=D860 r0=010F r1=0103 r2=0000 r3=12F8 r4=3D06 r5=2FA2 r6=0000 r7=0000 r8=002F r9=0002 r10=D860 r11=0AE6 r12=0402 r13=0000 r14=0000 r15=43F4
t=85.202137750 pc=0002091A fcw=D860 r0=010F r1=0103 r2=0000 r3=12F8 r4=3D06 r5=2FA2 r6=0000 r7=0000 r8=002F r9=0002 r10=D860 r11=0AE6 r12=0402 r13=0000 r14=0000 r15=43F4
t=85.202139750 pc=0002091C fcw=D860 r0=010F r1=0103 r2=0000 r3=12F8 r4=3D06 r5=2FA2 r6=0000 r7=0000 r8=002F r9=0002 r10=D860 r11=0AE6 r12=0402 r13=0000 r14=0000 r15=43F4
t=85.202141250 pc=0002091E fcw=D860 r0=0103 r1=010F r2=0000 r3=12F8 r4=3D06 r5=2FA2 r6=0000 r7=0000 r8=002F r9=0002 r10=D860 r11=0AE6 r12=0402 r13=0000 r14=0000 r15=43F4
t=85.202144000 pc=00020920 fcw=D860 r0=0103 r1=010F r2=0000 r3=12F8 r4=3D06 r5=2FA2 r6=0000 r7=0000 r8=002F r9=0002 r10=D860 r11=0AE6 r12=0402 r13=0000 r14=0000 r15=43F4
t=85.202145500 pc=00020912 fcw=D860 r0=0103 r1=010F r2=0000 r3=12F8 r4=3D06 r5=2FA2 r6=0000 r7=0000 r8=002F r9=0002 r10=D860 r11=0AE6 r12=0402 r13=0000 r14=0000 r15=43F4
t=85.202147250 pc=00020914 fcw=D860 r0=0103 r1=010F r2=0000 r3=12F8 r4=3D06 r5=2FA2 r6=0000 r7=0000 r8=002F r9=0002 r10=D860 r11=0AE6 r12=0402 r13=0000 r14=0000 r15=43F4
t=85.202149000 pc=00020916 fcw=D860 r0=0103 r1=010F r2=0000 r3=12F8 r4=3D06 r5=2FA2 r6=0000 r7=0000 r8=002F r9=0002 r10=D860 r11=0AE6 r12=0402 r13=0000 r14=0000 r15=43F4
t=85.202152500 pc=0002091A fcw=D860 r0=0103 r1=010F r2=0000 r3=12F8 r4=3D06 r5=2FA2 r6=0000 r7=0000 r8=002F r9=0002 r10=D860 r11=0AE6 r12=0402 r13=0000 r14=0000 r15=43F4
t=85.202154500 pc=0002091C fcw=D860 r0=0103 r1=010F r2=0000 r3=12F8 r4=3D06 r5=2FA2 r6=0000 r7=0000 r8=002F r9=0002 r10=D860 r11=0AE6 r12=0402 r13=0000 r14=0000 r15=43F4
t=85.202156000 pc=0002091E fcw=D860 r0=010F r1=0103 r2=0000 r3=12F8 r4=3D06 r5=2FA2 r6=0000 r7=0000 r8=002F r9=0002 r10=D860 r11=0AE6 r12=0402 r13=0000 r14=0000 r15=43F4
t=85.202158750 pc=00020920 fcw=D860 r0=010F r1=0103 r2=0000 r3=12F8 r4=3D06 r5=2FA2 r6=0000 r7=0000 r8=002F r9=0002 r10=D860 r11=0AE6 r12=0402 r13=0000 r14=0000 r15=43F4
t=85.202160250 pc=00020912 fcw=D860 r0=010F r1=0103 r2=0000 r3=12F8 r4=3D06 r5=2FA2 r6=0000 r7=0000 r8=002F r9=0002 r10=D860 r11=0AE6 r12=0402 r13=0000 r14=0000 r15=43F4
t=85.202162000 pc=00020914 fcw=D860 r0=010F r1=0103 r2=0000 r3=12F8 r4=3D06 r5=2FA2 r6=0000 r7=0000 r8=002F r9=0002 r10=D860 r11=0AE6 r12=0402 r13=0000 r14=0000 r15=43F4
t=85.202163750 pc=00020916 fcw=D860 r0=010F r1=0103 r2=0000 r3=12F8 r4=3D06 r5=2FA2 r6=0000 r7=0000 r8=002F r9=0002 r10=D860 r11=0AE6 r12=0402 r13=0000 r14=0000 r15=43F4
t=85.202167250 pc=0002091A fcw=D860 r0=010F r1=0103 r2=0000 r3=12F8 r4=3D06 r5=2FA2 r6=0000 r7=0000 r8=002F r9=0002 r10=D860 r11=0AE6 r12=0402 r13=0000 r14=0000 r15=43F4
t=85.202169250 pc=0002091C fcw=D860 r0=010F r1=0103 r2=0000 r3=12F8 r4=3D06 r5=2FA2 r6=0000 r7=0000 r8=002F r9=0002 r10=D860 r11=0AE6 r12=0402 r13=0000 r14=0000 r15=43F4
t=85.202170750 pc=0002091E fcw=D860 r0=0103 r1=010F r2=0000 r3=12F8 r4=3D06 r5=2FA2 r6=0000 r7=0000 r8=002F r9=0002 r10=D860 r11=0AE6 r12=0402 r13=0000 r14=0000 r15=43F4
t=85.202173500 pc=00020920 fcw=D860 r0=0103 r1=010F r2=0000 r3=12F8 r4=3D06 r5=2FA2 r6=0000 r7=0000 r8=002F r9=0002 r10=D860 r11=0AE6 r12=0402 r13=0000 r14=0000 r15=43F4
t=85.202175000 pc=00020912 fcw=D860 r0=0103 r1=010F r2=0000 r3=12F8 r4=3D06 r5=2FA2 r6=0000 r7=0000 r8=002F r9=0002 r10=D860 r11=0AE6 r12=0402 r13=0000 r14=0000 r15=43F4
t=85.202176750 pc=00020914 fcw=D860 r0=0103 r1=010F r2=0000 r3=12F8 r4=3D06 r5=2FA2 r6=0000 r7=0000 r8=002F r9=0002 r10=D860 r11=0AE6 r12=0402 r13=0000 r14=0000 r15=43F4
t=85.202178500 pc=00020916 fcw=D860 r0=0103 r1=010F r2=0000 r3=12F8 r4=3D06 r5=2FA2 r6=0000 r7=0000 r8=002F r9=0002 r10=D860 r11=0AE6 r12=0402 r13=0000 r14=0000 r15=43F4
t=85.202182000 pc=0002091A fcw=D860 r0=0103 r1=010F r2=0000 r3=12F8 r4=3D06 r5=2FA2 r6=0000 r7=0000 r8=002F r9=0002 r10=D860 r11=0AE6 r12=0402 r13=0000 r14=0000 r15=43F4
t=85.202184000 pc=0002091C fcw=D860 r0=0103 r1=010F r2=0000 r3=12F8 r4=3D06 r5=2FA2 r6=0000 r7=0000 r8=002F r9=0002 r10=D860 r11=0AE6 r12=0402 r13=0000 r14=0000 r15=43F4
t=85.202185500 pc=0002091E fcw=D860 r0=010F r1=0103 r2=0000 r3=12F8 r4=3D06 r5=2FA2 r6=0000 r7=0000 r8=002F r9=0002 r10=D860 r11=0AE6 r12=0402 r13=0000 r14=0000 r15=43F4
t=85.202188250 pc=00020920 fcw=D860 r0=010F r1=0103 r2=0000 r3=12F8 r4=3D06 r5=2FA2 r6=0000 r7=0000 r8=002F r9=0002 r10=D860 r11=0AE6 r12=0402 r13=0000 r14=0000 r15=43F4
t=85.202189750 pc=00020912 fcw=D860 r0=010F r1=0103 r2=0000 r3=12F8 r4=3D06 r5=2FA2 r6=0000 r7=0000 r8=002F r9=0002 r10=D860 r11=0AE6 r12=0402 r13=0000 r14=0000 r15=43F4
t=85.202191500 pc=00020914 fcw=D860 r0=010F r1=0103 r2=0000 r3=12F8 r4=3D06 r5=2FA2 r6=0000 r7=0000 r8=002F r9=0002 r10=D860 r11=0AE6 r12=0402 r13=0000 r14=0000 r15=43F4
t=85.202193250 pc=00020916 fcw=D860 r0=010F r1=0103 r2=0000 r3=12F8 r4=3D06 r5=2FA2 r6=0000 r7=0000 r8=002F r9=0002 r10=D860 r11=0AE6 r12=0402 r13=0000 r14=0000 r15=43F4
t=85.202196750 pc=0002091A fcw=D860 r0=010F r1=0103 r2=0000 r3=12F8 r4=3D06 r5=2FA2 r6=0000 r7=0000 r8=002F r9=0002 r10=D860 r11=0AE6 r12=0402 r13=0000 r14=0000 r15=43F4
t=85.202198750 pc=0002091C fcw=D860 r0=010F r1=0103 r2=0000 r3=12F8 r4=3D06 r5=2FA2 r6=0000 r7=0000 r8=002F r9=0002 r10=D860 r11=0AE6 r12=0402 r13=0000 r14=0000 r15=43F4
t=85.202200250 pc=0002091E fcw=D860 r0=0103 r1=010F r2=0000 r3=12F8 r4=3D06 r5=2FA2 r6=0000 r7=0000 r8=002F r9=0002 r10=D860 r11=0AE6 r12=0402 r13=0000 r14=0000 r15=43F4
t=85.202203000 pc=00020920 fcw=D860 r0=0103 r1=010F r2=0000 r3=12F8 r4=3D06 r5=2FA2 r6=0000 r7=0000 r8=002F r9=0002 r10=D860 r11=0AE6 r12=0402 r13=0000 r14=0000 r15=43F4
t=85.202204500 pc=00020912 fcw=D860 r0=0103 r1=010F r2=0000 r3=12F8 r4=3D06 r5=2FA2 r6=0000 r7=0000 r8=002F r9=0002 r10=D860 r11=0AE6 r12=0402 r13=0000 r14=0000 r15=43F4
t=85.202206250 pc=00020914 fcw=D860 r0=0103 r1=010F r2=0000 r3=12F8 r4=3D06 r5=2FA2 r6=0000 r7=0000 r8=002F r9=0002 r10=D860 r11=0AE6 r12=0402 r13=0000 r14=0000 r15=43F4
t=85.202208000 pc=003B0314 fcw=C000 r0=0103 r1=010F r2=0000 r3=12F8 r4=3D06 r5=2FA2 r6=0000 r7=0000 r8=002F r9=0002 r10=D860 r11=0AE6 r12=0402 r13=0000 r14=0000 r15=43EC
t=85.202209500 pc=003B0316 fcw=C000 r0=0103 r1=010F r2=0000 r3=12F8 r4=3D06 r5=2FA2 r6=0000 r7=0000 r8=002F r9=0002 r10=D860 r11=0AE6 r12=0402 r13=0000 r14=0000 r15=43EC
t=85.202213000 pc=003B031C fcw=C000 r0=0103 r1=010F r2=0000 r3=12F8 r4=3D06 r5=2FA2 r6=0000 r7=0000 r8=002F r9=0002 r10=D860 r11=0AE6 r12=0402 r13=0000 r14=0000 r15=43EC
t=85.202214750 pc=003B031E fcw=C000 r0=0103 r1=0004 r2=0000 r3=12F8 r4=3D06 r5=2FA2 r6=0000 r7=0000 r8=002F r9=0002 r10=D860 r11=0AE6 r12=0402 r13=0000 r14=0000 r15=43EC
t=85.202216250 pc=003B0338 fcw=C000 r0=0103 r1=0004 r2=0000 r3=12F8 r4=3D06 r5=2FA2 r6=0000 r7=0000 r8=002F r9=0002 r10=D860 r11=0AE6 r12=0402 r13=0000 r14=0000 r15=43EC
t=85.202219250 pc=003B033C fcw=C000 r0=0103 r1=0004 r2=0000 r3=12F8 r4=3D06 r5=2FA2 r6=0000 r7=0000 r8=002F r9=0002 r10=D860 r11=0AE6 r12=0402 r13=0000 r14=0000 r15=43EC
t=85.202221000 pc=003B033E fcw=D000 r0=0103 r1=0004 r2=0000 r3=12F8 r4=3D06 r5=2FA2 r6=0000 r7=0000 r8=002F r9=0002 r10=D860 r11=0AE6 r12=0402 r13=0000 r14=0000 r15=43EC
t=85.202222000 pc=003B0340 fcw=D048 r0=0103 r1=0004 r2=0000 r3=12F8 r4=3D06 r5=2FA2 r6=0000 r7=0000 r8=002F r9=0002 r10=D860 r11=0AE6 r12=0402 r13=0000 r14=0000 r15=43EC
t=85.202225000 pc=003B0344 fcw=D048 r0=0103 r1=0004 r2=0000 r3=0440 r4=3D06 r5=2FA2 r6=0000 r7=0000 r8=002F r9=0002 r10=D860 r11=0AE6 r12=0402 r13=0000 r14=0000 r15=43EC
t=85.202228500 pc=003B0348 fcw=D048 r0=0103 r1=0004 r2=0000 r3=0800 r4=3D06 r5=2FA2 r6=0000 r7=0000 r8=002F r9=0002 r10=D860 r11=0AE6 r12=0402 r13=0000 r14=0000 r15=43EC
t=85.202232750 pc=003B034C fcw=D048 r0=0103 r1=0004 r2=0000 r3=0800 r4=0000 r5=0000 r6=0000 r7=0000 r8=002F r9=0002 r10=D860 r11=0AE6 r12=0402 r13=0000 r14=0000 r15=43EC
t=85.202233750 pc=003B034E fcw=D048 r0=0103 r1=0004 r2=0000 r3=0800 r4=0000 r5=0000 r6=0000 r7=0000 r8=002F r9=0002 r10=D860 r11=0AE6 r12=0402 r13=0000 r14=0000 r15=43EC
t=85.202235250 pc=003B0358 fcw=D048 r0=0103 r1=0004 r2=0000 r3=0800 r4=0000 r5=0000 r6=0000 r7=0000 r8=002F r9=0002 r10=D860 r11=0AE6 r12=0402 r13=0000 r14=0000 r15=43EC
t=85.202236250 pc=003B035A fcw=D048 r0=0103 r1=0004 r2=0000 r3=0800 r4=0000 r5=0000 r6=0000 r7=0000 r8=002F r9=0002 r10=D860 r11=0AE6 r12=0402 r13=0000 r14=0000 r15=43EC
t=85.202237750 pc=003B0376 fcw=D048 r0=0103 r1=0004 r2=0000 r3=0800 r4=0000 r5=0000 r6=0000 r7=0000 r8=002F r9=0002 r10=D860 r11=0AE6 r12=0402 r13=0000 r14=0000 r15=43EC
t=85.202240500 pc=003B0378 fcw=D048 r0=0103 r1=0004 r2=0000 r3=0800 r4=0000 r5=0000 r6=8300 r7=1A2C r8=002F r9=0002 r10=D860 r11=0AE6 r12=0402 r13=0000 r14=0000 r15=43EC
t=85.202243000 pc=00031A2C fcw=D048 r0=0103 r1=0004 r2=0000 r3=0800 r4=0000 r5=0000 r6=8300 r7=1A2C r8=002F r9=0002 r10=D860 r11=0AE6 r12=0402 r13=0000 r14=0000 r15=43E8
t=85.202244250 pc=00031A2E fcw=D048 r0=0103 r1=0004 r2=0000 r3=0800 r4=0000 r5=0000 r6=8300 r7=1A2C r8=002F r9=0002 r10=D860 r11=0AE6 r12=0402 r13=0002 r14=0000 r15=43E8
t=85.202247250 pc=000000CA fcw=D048 r0=0103 r1=0004 r2=0000 r3=0800 r4=0000 r5=0000 r6=8300 r7=1A2C r8=002F r9=0002 r10=D860 r11=0AE6 r12=0402 r13=0002 r14=0000 r15=43E4
t=85.202249000 pc=00021170 fcw=D048 r0=0103 r1=0004 r2=0000 r3=0800 r4=0000 r5=0000 r6=8300 r7=1A2C r8=002F r9=0002 r10=D860 r11=0AE6 r12=0402 r13=0002 r14=0000 r15=43E4
t=85.202250750 pc=00021174 fcw=D048 r0=0103 r1=0004 r2=0000 r3=0800 r4=0000 r5=0000 r6=8300 r7=1A2C r8=FF8B r9=0002 r10=D860 r11=0AE6 r12=0402 r13=0002 r14=0000 r15=43E4
t=85.202251750 pc=00021176 fcw=D028 r0=0103 r1=0004 r2=0000 r3=0800 r4=0000 r5=0000 r6=8300 r7=1A2C r8=FF89 r9=0002 r10=D860 r11=0AE6 r12=0402 r13=0002 r14=0000 r15=43E4
t=85.202254750 pc=00021178 fcw=D028 r0=0103 r1=0004 r2=0000 r3=0800 r4=0000 r5=0000 r6=8300 r7=1A2C r8=FF89 r9=0002 r10=D860 r11=0AE6 r12=0402 r13=0002 r14=0000 r15=43E4
t=85.202256500 pc=0002117A fcw=D028 r0=0103 r1=0004 r2=0000 r3=0800 r4=0000 r5=0000 r6=8300 r7=1A2C r8=D028 r9=0002 r10=D860 r11=0AE6 r12=0402 r13=0002 r14=0000 r15=43E4
t=85.202257500 pc=0002117C fcw=D008 r0=0103 r1=0004 r2=0000 r3=0800 r4=0000 r5=0000 r6=8300 r7=1A2C r8=D028 r9=0002 r10=D860 r11=0AE6 r12=0402 r13=0004 r14=0000 r15=43E4
t=85.202259250 pc=00021180 fcw=D008 r0=0103 r1=0004 r2=0000 r3=0800 r4=0000 r5=0000 r6=8300 r7=1A2C r8=D028 r9=0002 r10=D860 r11=0AE6 r12=0402 r13=0084 r14=0000 r15=43E4
t=85.202260250 pc=00021182 fcw=D048 r0=0103 r1=0004 r2=0000 r3=0800 r4=0000 r5=0000 r6=8300 r7=1A2C r8=D028 r9=0002 r10=D860 r11=0AE6 r12=0000 r13=0084 r14=0000 r15=43E4
t=85.202262000 pc=00021184 fcw=D048 r0=0103 r1=0004 r2=0000 r3=0800 r4=0000 r5=0000 r6=8300 r7=1A2C r8=D028 r9=0002 r10=D860 r11=0AE6 r12=0000 r13=124C r14=0000 r15=43E4
t=85.202263750 pc=00021186 fcw=C048 r0=0103 r1=0004 r2=0000 r3=0800 r4=0000 r5=0000 r6=8300 r7=1A2C r8=D028 r9=0002 r10=D860 r11=0AE6 r12=0000 r13=124C r14=0000 r15=43E4
t=85.202265500 pc=00021188 fcw=C048 r0=0103 r1=0004 r2=0000 r3=0800 r4=0000 r5=0000 r6=8300 r7=1262 r8=D028 r9=0002 r10=D860 r11=0AE6 r12=0000 r13=124C r14=0000 r15=43E4
t=85.202268000 pc=0002118C fcw=C008 r0=0103 r1=0004 r2=0000 r3=0800 r4=0000 r5=0000 r6=8300 r7=1262 r8=D028 r9=0002 r10=D860 r11=0AE6 r12=0000 r13=124C r14=0000 r15=43E4
t=85.202269500 pc=00021192 fcw=C008 r0=0103 r1=0004 r2=0000 r3=0800 r4=0000 r5=0000 r6=8300 r7=1262 r8=D028 r9=0002 r10=D860 r11=0AE6 r12=0000 r13=124C r14=0000 r15=43E4
t=85.202270250 pc=00021194 fcw=C008 r0=0103 r1=0004 r2=0000 r3=0800 r4=0000 r5=0000 r6=0000 r7=1262 r8=D028 r9=0002 r10=D860 r11=0AE6 r12=0000 r13=124C r14=0000 r15=43E4
t=85.202273250 pc=00021196 fcw=C008 r0=0103 r1=0004 r2=0000 r3=0800 r4=0000 r5=0000 r6=0000 r7=125E r8=D028 r9=0002 r10=D860 r11=0AE6 r12=0000 r13=124C r14=0000 r15=43E4
t=85.202276250 pc=00021198 fcw=C008 r0=0103 r1=0004 r2=0000 r3=0800 r4=0000 r5=0000 r6=0000 r7=125A r8=D028 r9=0002 r10=D860 r11=0AE6 r12=0000 r13=124C r14=0000 r15=43E4
t=85.202278250 pc=0002119A fcw=C008 r0=0103 r1=0004 r2=0000 r3=0800 r4=0000 r5=0000 r6=0000 r7=125A r8=D028 r9=0002 r10=D860 r11=0AE6 r12=0000 r13=124C r14=0000 r15=43E4
t=85.202280000 pc=0002119C fcw=D028 r0=0103 r1=0004 r2=0000 r3=0800 r4=0000 r5=0000 r6=0000 r7=125A r8=D028 r9=0002 r10=D860 r11=0AE6 r12=0000 r13=124C r14=0000 r15=43E4
t=85.202282500 pc=00031A32 fcw=D028 r0=0103 r1=0004 r2=0000 r3=0800 r4=0000 r5=0000 r6=0000 r7=125A r8=D028 r9=0002 r10=D860 r11=0AE6 r12=0000 r13=124C r14=0000 r15=43E8
t=85.202284250 pc=00031A34 fcw=D028 r0=0103 r1=0004 r2=0000 r3=0800 r4=0000 r5=0000 r6=0000 r7=125A r8=D028 r9=0002 r10=D860 r11=0AE6 r12=0000 r13=124C r14=0000 r15=43E8
t=85.202286750 pc=003B037A fcw=D028 r0=0103 r1=0004 r2=0000 r3=0800 r4=0000 r5=0000 r6=0000 r7=125A r8=D028 r9=0002 r10=D860 r11=0AE6 r12=0000 r13=124C r14=0000 r15=43EC
t=85.202288250 pc=003B037C fcw=D028 r0=0103 r1=0004 r2=0000 r3=0800 r4=0000 r5=0000 r6=0000 r7=125A r8=D028 r9=0002 r10=D860 r11=0AE6 r12=0000 r13=124C r14=0000 r15=43EC
t=85.202290750 pc=003B01F6 fcw=D028 r0=0103 r1=0004 r2=0000 r3=0800 r4=0000 r5=0000 r6=0000 r7=125A r8=D028 r9=0002 r10=D860 r11=0AE6 r12=0000 r13=124C r14=0000 r15=43E8
t=85.202292000 pc=003B01F8 fcw=D028 r0=0103 r1=0004 r2=0000 r3=0800 r4=0000 r5=0000 r6=0000 r7=1234 r8=D028 r9=0002 r10=D860 r11=0AE6 r12=0000 r13=124C r14=0000 r15=43E8
t=85.202295000 pc=003B01FC fcw=D028 r0=0103 r1=0004 r2=0000 r3=0800 r4=0000 r5=0000 r6=0000 r7=1234 r8=D028 r9=0002 r10=D860 r11=0AE6 r12=0000 r13=124C r14=0000 r15=43E8
t=85.202296250 pc=003B01FE fcw=D028 r0=0103 r1=0004 r2=0000 r3=0800 r4=0000 r5=0000 r6=0000 r7=0002 r8=D028 r9=0002 r10=D860 r11=0AE6 r12=0000 r13=124C r14=0000 r15=43E8
t=85.202299250 pc=003B0202 fcw=D028 r0=0103 r1=0004 r2=0000 r3=0800 r4=0000 r5=0000 r6=0000 r7=0002 r8=D028 r9=0002 r10=D860 r11=0AE6 r12=0000 r13=124C r14=0000 r15=43E8
t=85.202302250 pc=003B0206 fcw=D028 r0=0103 r1=0004 r2=0000 r3=0800 r4=0000 r5=0000 r6=0000 r7=0002 r8=D028 r9=0002 r10=D860 r11=0AE6 r12=0000 r13=124C r14=0000 r15=43E8
t=85.202306000 pc=003B020C fcw=D028 r0=0103 r1=0004 r2=0000 r3=0800 r4=0000 r5=0000 r6=2F30 r7=0002 r8=D028 r9=0002 r10=D860 r11=0AE6 r12=0000 r13=124C r14=0000 r15=43E8
t=85.202309250 pc=003B0210 fcw=D008 r0=0103 r1=0004 r2=0000 r3=0800 r4=0000 r5=0000 r6=1798 r7=0002 r8=D028 r9=0002 r10=D860 r11=0AE6 r12=0000 r13=124C r14=0000 r15=43E8
t=85.202310250 pc=003B0212 fcw=D008 r0=0103 r1=0004 r2=0000 r3=0800 r4=0000 r5=0000 r6=1799 r7=0002 r8=D028 r9=0002 r10=D860 r11=0AE6 r12=0000 r13=124C r14=0000 r15=43E8
t=85.202313250 pc=003B0216 fcw=D008 r0=0103 r1=0004 r2=0000 r3=0800 r4=0000 r5=0000 r6=1799 r7=0002 r8=D028 r9=0002 r10=D860 r11=0AE6 r12=0000 r13=124C r14=0000 r15=43E8
t=85.202316250 pc=003B021A fcw=D008 r0=0103 r1=0004 r2=0000 r3=0800 r4=0000 r5=0000 r6=1799 r7=0002 r8=D028 r9=0002 r10=D860 r11=0AE6 r12=0000 r13=124C r14=0000 r15=43E8
t=85.202320500 pc=003B021E fcw=D008 r0=0103 r1=0004 r2=0000 r3=0800 r4=0000 r5=0000 r6=1799 r7=0002 r8=D028 r9=0002 r10=D860 r11=0AE6 r12=0000 r13=124C r14=0000 r15=43E8
t=85.202323000 pc=003B037E fcw=D008 r0=0103 r1=0004 r2=0000 r3=0800 r4=0000 r5=0000 r6=1799 r7=0002 r8=D028 r9=0002 r10=D860 r11=0AE6 r12=0000 r13=124C r14=0000 r15=43EC
t=85.202324500 pc=003B0386 fcw=D008 r0=0103 r1=0004 r2=0000 r3=0800 r4=0000 r5=0000 r6=1799 r7=0002 r8=D028 r9=0002 r10=D860 r11=0AE6 r12=0000 r13=124C r14=0000 r15=43EC
t=85.202328000 pc=003B038C fcw=D008 r0=0103 r1=010F r2=0000 r3=12F8 r4=3D06 r5=2FA2 r6=0000 r7=0000 r8=002F r9=0002 r10=D860 r11=0AE6 r12=0402 r13=0000 r14=0000 r15=43EC
t=85.202331000 pc=003B0390 fcw=D008 r0=0103 r1=010F r2=0000 r3=12F8 r4=3D06 r5=2FA2 r6=0000 r7=0000 r8=002F r9=0002 r10=D860 r11=0AE6 r12=0402 r13=0000 r14=0000 r15=43EC
t=85.202334250 pc=00021126 fcw=D000 r0=0103 r1=010F r2=0000 r3=12F8 r4=3D06 r5=2FA2 r6=0000 r7=0000 r8=002F r9=0002 r10=D860 r11=0AE6 r12=0402 r13=0000 r14=0000 r15=43EC
t=85.202335750 pc=00021128 fcw=D000 r0=0103 r1=010F r2=0000 r3=12F8 r4=3D06 r5=2FA2 r6=0000 r7=0000 r8=002F r9=0002 r10=D860 r11=0AE6 r12=0402 r13=0000 r14=0000 r15=43EC
t=85.202339250 pc=00021130 fcw=D000 r0=0103 r1=010F r2=0000 r3=12F8 r4=3D06 r5=2FA2 r6=0000 r7=0000 r8=002F r9=0002 r10=D860 r11=0AE6 r12=0402 r13=0000 r14=0000 r15=43EC
t=85.202342500 pc=00021136 fcw=D000 r0=0103 r1=010F r2=0000 r3=12F8 r4=3D06 r5=2FA2 r6=0000 r7=0000 r8=002F r9=0002 r10=D860 r11=0AE6 r12=0402 r13=0000 r14=0000 r15=43EC
t=85.202344000 pc=0002113A fcw=D000 r0=0103 r1=010F r2=0000 r3=12F8 r4=3D06 r5=2FA2 r6=0000 r7=0000 r8=002F r9=0002 r10=D860 r11=0AE6 r12=0402 r13=0000 r14=0000 r15=43EC
t=85.202346500 pc=0002113E fcw=D000 r0=0148 r1=010F r2=0000 r3=12F8 r4=3D06 r5=2FA2 r6=0000 r7=0000 r8=002F r9=0002 r10=D860 r11=0AE6 r12=0402 r13=0000 r14=0000 r15=43EC
t=85.202348250 pc=00021140 fcw=D048 r0=0148 r1=010F r2=0000 r3=12F8 r4=3D06 r5=2FA2 r6=0000 r7=0000 r8=002F r9=0002 r10=D860 r11=0AE6 r12=0402 r13=0000 r14=0000 r15=43EC
t=85.202349750 pc=00021142 fcw=D048 r0=0148 r1=010F r2=0000 r3=12F8 r4=3D06 r5=2FA2 r6=0000 r7=0000 r8=002F r9=0002 r10=D860 r11=0AE6 r12=0402 r13=0000 r14=0000 r15=43EC
t=85.202351250 pc=0002115C fcw=D048 r0=0148 r1=010F r2=0000 r3=12F8 r4=3D06 r5=2FA2 r6=0000 r7=0000 r8=002F r9=0002 r10=D860 r11=0AE6 r12=0402 r13=0000 r14=0000 r15=43EC
t=85.202354250 pc=00021160 fcw=D048 r0=0148 r1=010F r2=0000 r3=12F8 r4=3D06 r5=2FA2 r6=0000 r7=0000 r8=002F r9=0002 r10=D860 r11=0AE6 r12=0402 r13=0000 r14=0000 r15=43EC
t=85.202356500 pc=00021164 fcw=D048 r0=0148 r1=010F r2=0000 r3=124C r4=3D06 r5=2FA2 r6=0000 r7=0000 r8=002F r9=0002 r10=D860 r11=0AE6 r12=0402 r13=0000 r14=0000 r15=43EC
t=85.202358000 pc=000210E8 fcw=D048 r0=0148 r1=010F r2=0000 r3=124C r4=3D06 r5=2FA2 r6=0000 r7=0000 r8=002F r9=0002 r10=D860 r11=0AE6 r12=0402 r13=0000 r14=0000 r15=43EC
t=85.202360500 pc=000210EC fcw=D048 r0=0148 r1=010F r2=0000 r3=124C r4=3D06 r5=2FA2 r6=0000 r7=1262 r8=002F r9=0002 r10=D860 r11=0AE6 r12=0402 r13=0000 r14=0000 r15=43EC
t=85.202363000 pc=000210F0 fcw=D008 r0=0148 r1=010F r2=0000 r3=124C r4=3D06 r5=2FA2 r6=0000 r7=1262 r8=002F r9=0002 r10=D860 r11=0AE6 r12=0402 r13=0000 r14=0000 r15=43EC
t=85.202364500 pc=000210F2 fcw=D008 r0=0148 r1=010F r2=0000 r3=124C r4=3D06 r5=2FA2 r6=0000 r7=1262 r8=002F r9=0002 r10=D860 r11=0AE6 r12=0402 r13=0000 r14=0000 r15=43EC
t=85.202367000 pc=000210F6 fcw=D008 r0=0148 r1=010F r2=0000 r3=124C r4=3D06 r5=2FA2 r6=0000 r7=1262 r8=002F r9=0002 r10=D860 r11=0AE6 r12=0402 r13=0000 r14=0000 r15=43EC
t=85.202368500 pc=000210FC fcw=D008 r0=0148 r1=010F r2=0000 r3=124C r4=3D06 r5=2FA2 r6=0000 r7=1262 r8=002F r9=0002 r10=D860 r11=0AE6 r12=0402 r13=0000 r14=0000 r15=43EC
t=85.202369500 pc=000210FE fcw=D048 r0=0148 r1=010F r2=0000 r3=124C r4=3D06 r5=2FA2 r6=0000 r7=1262 r8=002F r9=0002 r10=D860 r11=0AE6 r12=0402 r13=0000 r14=0000 r15=43EC
t=85.202370500 pc=00021100 fcw=D008 r0=0148 r1=010F r2=0000 r3=124C r4=3D06 r5=2FA2 r6=0000 r7=125E r8=002F r9=0002 r10=D860 r11=0AE6 r12=0402 r13=0000 r14=0000 r15=43EC
t=85.202373250 pc=00021102 fcw=D008 r0=0148 r1=010F r2=0000 r3=124C r4=0000 r5=0800 r6=0000 r7=125E r8=002F r9=0002 r10=D860 r11=0AE6 r12=0402 r13=0000 r14=0000 r15=43EC
t=85.202374250 pc=00021104 fcw=D008 r0=0148 r1=010F r2=0000 r3=124C r4=0000 r5=0800 r6=0000 r7=125A r8=002F r9=0002 r10=D860 r11=0AE6 r12=0402 r13=0000 r14=0000 r15=43EC
t=85.202377000 pc=00021106 fcw=D008 r0=0103 r1=0004 r2=0000 r3=124C r4=0000 r5=0800 r6=0000 r7=125A r8=002F r9=0002 r10=D860 r11=0AE6 r12=0402 r13=0000 r14=0000 r15=43EC
t=85.202380000 pc=0002110A fcw=D008 r0=0103 r1=0004 r2=0000 r3=124C r4=0000 r5=0800 r6=0000 r7=125A r8=002F r9=0002 r10=D860 r11=0AE6 r12=0402 r13=0000 r14=0000 r15=43EC
t=85.202382250 pc=0002110C fcw=D008 r0=0103 r1=0004 r2=0000 r3=124C r4=0000 r5=0800 r6=0000 r7=125A r8=002F r9=0002 r10=D860 r11=0AE6 r12=0402 r13=0000 r14=0000 r15=43EA
t=85.202383750 pc=0002111C fcw=D008 r0=0103 r1=0004 r2=0000 r3=124C r4=0000 r5=0800 r6=0000 r7=125A r8=002F r9=0002 r10=D860 r11=0AE6 r12=0402 r13=0000 r14=0000 r15=43EA
t=85.202388000 pc=00021120 fcw=D008 r0=0103 r1=0004 r2=8300 r3=1A36 r4=0000 r5=0800 r6=0000 r7=125A r8=002F r9=0002 r10=D860 r11=0AE6 r12=0402 r13=0000 r14=0000 r15=43EA
t=85.202390500 pc=00031A36 fcw=D008 r0=0103 r1=0004 r2=8300 r3=1A36 r4=0000 r5=0800 r6=0000 r7=125A r8=002F r9=0002 r10=D860 r11=0AE6 r12=0402 r13=0000 r14=0000 r15=43E6
t=85.202394750 pc=00031A3A fcw=D008 r0=0103 r1=0004 r2=0000 r3=1416 r4=0000 r5=0800 r6=0000 r7=125A r8=002F r9=0002 r10=D860 r11=0AE6 r12=0402 r13=0000 r14=0000 r15=43E6
t=85.202395750 pc=00031A3C fcw=D008 r0=0103 r1=0004 r2=0000 r3=1416 r4=0000 r5=0800 r6=0000 r7=125A r8=002F r9=0002 r10=D860 r11=0AE6 r12=0402 r13=0000 r14=0000 r15=43E6
t=85.202397250 pc=00031A3E fcw=D008 r0=0103 r1=0004 r2=0000 r3=1416 r4=0000 r5=0800 r6=0000 r7=125A r8=002F r9=0002 r10=D860 r11=0AE6 r12=0402 r13=0000 r14=0000 r15=43E6
t=85.202398250 pc=00031A40 fcw=D048 r0=0103 r1=0000 r2=0000 r3=1416 r4=0000 r5=0800 r6=0000 r7=125A r8=002F r9=0002 r10=D860 r11=0AE6 r12=0402 r13=0000 r14=0000 r15=43E6
t=85.202401750 pc=00031A44 fcw=D048 r0=0024 r1=0000 r2=0000 r3=1416 r4=0000 r5=0800 r6=0000 r7=125A r8=002F r9=0002 r10=D860 r11=0AE6 r12=0402 r13=0000 r14=0000 r15=43E6
t=85.202402750 pc=00031A46 fcw=D008 r0=0024 r1=0000 r2=0000 r3=1416 r4=0000 r5=0800 r6=0000 r7=125A r8=002F r9=0002 r10=D860 r11=0AE6 r12=0402 r13=0000 r14=0000 r15=43E6
t=85.202404250 pc=00031A48 fcw=D008 r0=0024 r1=0000 r2=0000 r3=1416 r4=0000 r5=0800 r6=0000 r7=125A r8=002F r9=0002 r10=D860 r11=0AE6 r12=0402 r13=0000 r14=0000 r15=43E6
t=85.202405250 pc=00031A4A fcw=D008 r0=0023 r1=0000 r2=0000 r3=1416 r4=0000 r5=0800 r6=0000 r7=125A r8=002F r9=0002 r10=D860 r11=0AE6 r12=0402 r13=0000 r14=0000 r15=43E6
t=85.202406750 pc=00031A56 fcw=D008 r0=0023 r1=0000 r2=0000 r3=1416 r4=0000 r5=0800 r6=0000 r7=125A r8=002F r9=0002 r10=D860 r11=0AE6 r12=0402 r13=0000 r14=0000 r15=43E6
t=85.202410250 pc=00031A5A fcw=D008 r0=0023 r1=0000 r2=0000 r3=1416 r4=0000 r5=0800 r6=0000 r7=125A r8=002F r9=0002 r10=D860 r11=0AE6 r12=0402 r13=0000 r14=0000 r15=43E6
t=85.202413000 pc=00031A5C fcw=D008 r0=0023 r1=0000 r2=0000 r3=0800 r4=0000 r5=0800 r6=0000 r7=125A r8=002F r9=0002 r10=D860 r11=0AE6 r12=0402 r13=0000 r14=0000 r15=43E6
t=85.202414000 pc=00031A5E fcw=D048 r0=0023 r1=0000 r2=0000 r3=0800 r4=0000 r5=0800 r6=0000 r7=125A r8=002F r9=0002 r10=D860 r11=0AE6 r12=0402 r13=0000 r14=0000 r15=43E6
t=85.202415500 pc=00031A60 fcw=D048 r0=0023 r1=0000 r2=0000 r3=0800 r4=0000 r5=0800 r6=0000 r7=125A r8=002F r9=0002 r10=D860 r11=0AE6 r12=0402 r13=0000 r14=0000 r15=43E6
t=85.202416500 pc=00031A62 fcw=D048 r0=0023 r1=0000 r2=0000 r3=0800 r4=0000 r5=0800 r6=0000 r7=125A r8=002F r9=0002 r10=D860 r11=0AE6 r12=0402 r13=0000 r14=0000 r15=43E6
t=85.202418000 pc=00031A68 fcw=D048 r0=0023 r1=0000 r2=0000 r3=0800 r4=0000 r5=0800 r6=0000 r7=125A r8=002F r9=0002 r10=D860 r11=0AE6 r12=0402 r13=0000 r14=0000 r15=43E6
t=85.202419750 pc=0000012C fcw=D048 r0=0023 r1=0000 r2=0000 r3=0800 r4=0000 r5=0800 r6=0000 r7=125A r8=002F r9=0002 r10=D860 r11=0AE6 r12=0402 r13=0000 r14=0000 r15=43E6
t=85.202421500 pc=000206A8 fcw=D048 r0=0023 r1=0000 r2=0000 r3=0800 r4=0000 r5=0800 r6=0000 r7=125A r8=002F r9=0002 r10=D860 r11=0AE6 r12=0402 r13=0000 r14=0000 r15=43E6
t=85.202424750 pc=000206AE fcw=D008 r0=0023 r1=0000 r2=0000 r3=0800 r4=0000 r5=0800 r6=0000 r7=125A r8=002F r9=0002 r10=D860 r11=0AE6 r12=0402 r13=0000 r14=0000 r15=43E6
t=85.202428000 pc=000206B4 fcw=D008 r0=0023 r1=0000 r2=0000 r3=0800 r4=0000 r5=0800 r6=0000 r7=125A r8=002F r9=0002 r10=D860 r11=0AE6 r12=0402 r13=0000 r14=0000 r15=43E6
t=85.202429500 pc=000206D0 fcw=D008 r0=0023 r1=0000 r2=0000 r3=0800 r4=0000 r5=0800 r6=0000 r7=125A r8=002F r9=0002 r10=D860 r11=0AE6 r12=0402 r13=0000 r14=0000 r15=43E6
t=85.202432250 pc=000206D4 fcw=D058 r0=0023 r1=0000 r2=0000 r3=0800 r4=0000 r5=0800 r6=0000 r7=125A r8=002F r9=0002 r10=D860 r11=0AE6 r12=0402 r13=0000 r14=0000 r15=43E6
t=85.202433750 pc=000206E0 fcw=D058 r0=0023 r1=0000 r2=0000 r3=0800 r4=0000 r5=0800 r6=0000 r7=125A r8=002F r9=0002 r10=D860 r11=0AE6 r12=0402 r13=0000 r14=0000 r15=43E6
t=85.202435500 pc=000206E2 fcw=D058 r0=0023 r1=0000 r2=0000 r3=0800 r4=0000 r5=0800 r6=0000 r7=125A r8=002F r9=0002 r10=D058 r11=0AE6 r12=0402 r13=0000 r14=0000 r15=43E6
t=85.202436500 pc=000206E4 fcw=D058 r0=0023 r1=0000 r2=0000 r3=0800 r4=0000 r5=0800 r6=0000 r7=125A r8=0000 r9=0002 r10=D058 r11=0AE6 r12=0402 r13=0000 r14=0000 r15=43E6
t=85.202438250 pc=000206E8 fcw=D058 r0=0023 r1=0000 r2=0000 r3=0800 r4=0000 r5=0800 r6=0000 r7=125A r8=0000 r9=0164 r10=D058 r11=0AE6 r12=0402 r13=0000 r14=0000 r15=43E6
t=85.202439500 pc=000206EA fcw=D058 r0=0023 r1=0000 r2=0000 r3=0800 r4=0000 r5=0800 r6=0000 r7=125A r8=0000 r9=0164 r10=D058 r11=0AE6 r12=0000 r13=0164 r14=0000 r15=43E6
t=85.202440500 pc=000206EC fcw=D058 r0=0023 r1=0000 r2=0000 r3=0800 r4=0000 r5=0800 r6=0000 r7=125A r8=0000 r9=0164 r10=D058 r11=0AE6 r12=0000 r13=0164 r14=0000 r15=43E6
t=85.202442250 pc=000206EE fcw=D058 r0=0023 r1=0000 r2=0000 r3=0000 r4=0000 r5=0800 r6=0000 r7=125A r8=0000 r9=0164 r10=D058 r11=0AE6 r12=0000 r13=0164 r14=0000 r15=43E6
t=85.202444000 pc=000206F0 fcw=C058 r0=0023 r1=0000 r2=0000 r3=0000 r4=0000 r5=0800 r6=0000 r7=125A r8=0000 r9=0164 r10=D058 r11=0AE6 r12=0000 r13=0164 r14=0000 r15=43E6
t=85.202445000 pc=000206F2 fcw=C058 r0=0023 r1=0000 r2=0000 r3=0000 r4=0000 r5=0800 r6=0000 r7=125A r8=0000 r9=0164 r10=D058 r11=0AE6 r12=0000 r13=0164 r14=0000 r15=43E6
t=85.202446500 pc=00020728 fcw=C058 r0=0023 r1=0000 r2=0000 r3=0000 r4=0000 r5=0800 r6=0000 r7=125A r8=0000 r9=0164 r10=D058 r11=0AE6 r12=0000 r13=0164 r14=0000 r15=43E6
t=85.202448250 pc=0002072A fcw=D058 r0=0023 r1=0000 r2=0000 r3=0000 r4=0000 r5=0800 r6=0000 r7=125A r8=0000 r9=0164 r10=D058 r11=0AE6 r12=0000 r13=0164 r14=0000 r15=43E6
t=85.202450750 pc=00021122 fcw=D058 r0=0023 r1=0000 r2=0000 r3=0000 r4=0000 r5=0800 r6=0000 r7=125A r8=0000 r9=0164 r10=D058 r11=0AE6 r12=0000 r13=0164 r14=0000 r15=43EA
t=85.202452750 pc=00021124 fcw=D058 r0=0023 r1=0000 r2=0000 r3=124C r4=0000 r5=0800 r6=0000 r7=125A r8=0000 r9=0164 r10=D058 r11=0AE6 r12=0000 r13=0164 r14=0000 r15=43EC
t=85.202454250 pc=000210E8 fcw=D058 r0=0023 r1=0000 r2=0000 r3=124C r4=0000 r5=0800 r6=0000 r7=125A r8=0000 r9=0164 r10=D058 r11=0AE6 r12=0000 r13=0164 r14=0000 r15=43EC
t=85.202456750 pc=000210EC fcw=D058 r0=0023 r1=0000 r2=0000 r3=124C r4=0000 r5=0800 r6=0000 r7=125A r8=0000 r9=0164 r10=D058 r11=0AE6 r12=0000 r13=0164 r14=0000 r15=43EC
t=85.202459250 pc=000210F0 fcw=D048 r0=0023 r1=0000 r2=0000 r3=124C r4=0000 r5=0800 r6=0000 r7=125A r8=0000 r9=0164 r10=D058 r11=0AE6 r12=0000 r13=0164 r14=0000 r15=43EC
t=85.202460750 pc=00021000 fcw=D048 r0=0023 r1=0000 r2=0000 r3=124C r4=0000 r5=0800 r6=0000 r7=125A r8=0000 r9=0164 r10=D058 r11=0AE6 r12=0000 r13=0164 r14=0000 r15=43EC
t=85.202464250 pc=00021006 fcw=D048 r0=0023 r1=0000 r2=0000 r3=124C r4=0000 r5=0800 r6=0000 r7=125A r8=0000 r9=0164 r10=D058 r11=0AE6 r12=0000 r13=0164 r14=0000 r15=43EC
t=85.202465750 pc=0002101A fcw=D048 r0=0023 r1=0000 r2=0000 r3=124C r4=0000 r5=0800 r6=0000 r7=125A r8=0000 r9=0164 r10=D058 r11=0AE6 r12=0000 r13=0164 r14=0000 r15=43EC
t=85.202467500 pc=0002101C fcw=D848 r0=0023 r1=0000 r2=0000 r3=124C r4=0000 r5=0800 r6=0000 r7=125A r8=0000 r9=0164 r10=D058 r11=0AE6 r12=0000 r13=0164 r14=0000 r15=43EC
t=85.202469250 pc=0002101E fcw=D048 r0=0023 r1=0000 r2=0000 r3=124C r4=0000 r5=0800 r6=0000 r7=125A r8=0000 r9=0164 r10=D058 r11=0AE6 r12=0000 r13=0164 r14=0000 r15=43EC
t=85.202472750 pc=00021026 fcw=D048 r0=0103 r1=010F r2=0000 r3=12F8 r4=3D06 r5=2FA2 r6=0000 r7=0000 r8=002F r9=0002 r10=D860 r11=0AE6 r12=0402 r13=0000 r14=0000 r15=43EC
t=85.202476000 pc=0002102C fcw=D048 r0=0103 r1=010F r2=0000 r3=12F8 r4=3D06 r5=2FA2 r6=0000 r7=0000 r8=002F r9=0002 r10=D860 r11=0AE6 r12=0402 r13=0000 r14=0000 r15=43EC
t=85.202479250 pc=00020916 fcw=D860 r0=0103 r1=010F r2=0000 r3=12F8 r4=3D06 r5=2FA2 r6=0000 r7=0000 r8=002F r9=0002 r10=D860 r11=0AE6 r12=0402 r13=0000 r14=0000 r15=43F4
t=85.202482750 pc=0002091A fcw=D860 r0=0103 r1=010F r2=0000 r3=12F8 r4=3D06 r5=2FA2 r6=0000 r7=0000 r8=002F r9=0002 r10=D860 r11=0AE6 r12=0402 r13=0000 r14=0000 r15=43F4
t=85.202484750 pc=0002091C fcw=D860 r0=0103 r1=010F r2=0000 r3=12F8 r4=3D06 r5=2FA2 r6=0000 r7=0000 r8=002F r9=0002 r10=D860 r11=0AE6 r12=0402 r13=0000 r14=0000 r15=43F4
t=85.202486250 pc=0002091E fcw=D860 r0=010F r1=0103 r2=0000 r3=12F8 r4=3D06 r5=2FA2 r6=0000 r7=0000 r8=002F r9=0002 r10=D860 r11=0AE6 r12=0402 r13=0000 r14=0000 r15=43F4
t=85.202489000 pc=00020920 fcw=D860 r0=010F r1=0103 r2=0000 r3=12F8 r4=3D06 r5=2FA2 r6=0000 r7=0000 r8=002F r9=0002 r10=D860 r11=0AE6 r12=0402 r13=0000 r14=0000 r15=43F4
t=85.202490500 pc=00020912 fcw=D860 r0=010F r1=0103 r2=0000 r3=12F8 r4=3D06 r5=2FA2 r6=0000 r7=0000 r8=002F r9=0002 r10=D860 r11=0AE6 r12=0402 r13=0000 r14=0000 r15=43F4
t=85.202492250 pc=00020914 fcw=D860 r0=010F r1=0103 r2=0000 r3=12F8 r4=3D06 r5=2FA2 r6=0000 r7=0000 r8=002F r9=0002 r10=D860 r11=0AE6 r12=0402 r13=0000 r14=0000 r15=43F4
t=85.202494000 pc=00020916 fcw=D860 r0=010F r1=0103 r2=0000 r3=12F8 r4=3D06 r5=2FA2 r6=0000 r7=0000 r8=002F r9=0002 r10=D860 r11=0AE6 r12=0402 r13=0000 r14=0000 r15=43F4
t=85.202497500 pc=0002091A fcw=D860 r0=010F r1=0103 r2=0000 r3=12F8 r4=3D06 r5=2FA2 r6=0000 r7=0000 r8=002F r9=0002 r10=D860 r11=0AE6 r12=0402 r13=0000 r14=0000 r15=43F4
t=85.202499500 pc=0002091C fcw=D860 r0=010F r1=0103 r2=0000 r3=12F8 r4=3D06 r5=2FA2 r6=0000 r7=0000 r8=002F r9=0002 r10=D860 r11=0AE6 r12=0402 r13=0000 r14=0000 r15=43F4
t=85.202501000 pc=0002091E fcw=D860 r0=0103 r1=010F r2=0000 r3=12F8 r4=3D06 r5=2FA2 r6=0000 r7=0000 r8=002F r9=0002 r10=D860 r11=0AE6 r12=0402 r13=0000 r14=0000 r15=43F4
t=85.202503750 pc=00020920 fcw=D860 r0=0103 r1=010F r2=0000 r3=12F8 r4=3D06 r5=2FA2 r6=0000 r7=0000 r8=002F r9=0002 r10=D860 r11=0AE6 r12=0402 r13=0000 r14=0000 r15=43F4
t=85.202505250 pc=00020912 fcw=D860 r0=0103 r1=010F r2=0000 r3=12F8 r4=3D06 r5=2FA2 r6=0000 r7=0000 r8=002F r9=0002 r10=D860 r11=0AE6 r12=0402 r13=0000 r14=0000 r15=43F4
t=85.202507000 pc=00020914 fcw=D860 r0=0103 r1=010F r2=0000 r3=12F8 r4=3D06 r5=2FA2 r6=0000 r7=0000 r8=002F r9=0002 r10=D860 r11=0AE6 r12=0402 r13=0000 r14=0000 r15=43F4
t=85.202508750 pc=00020916 fcw=D860 r0=0103 r1=010F r2=0000 r3=12F8 r4=3D06 r5=2FA2 r6=0000 r7=0000 r8=002F r9=0002 r10=D860 r11=0AE6 r12=0402 r13=0000 r14=0000 r15=43F4
t=85.202512250 pc=0002091A fcw=D860 r0=0103 r1=010F r2=0000 r3=12F8 r4=3D06 r5=2FA2 r6=0000 r7=0000 r8=002F r9=0002 r10=D860 r11=0AE6 r12=0402 r13=0000 r14=0000 r15=43F4
t=85.202514250 pc=0002091C fcw=D860 r0=0103 r1=010F r2=0000 r3=12F8 r4=3D06 r5=2FA2 r6=0000 r7=0000 r8=002F r9=0002 r10=D860 r11=0AE6 r12=0402 r13=0000 r14=0000 r15=43F4
t=85.202515750 pc=0002091E fcw=D860 r0=010F r1=0103 r2=0000 r3=12F8 r4=3D06 r5=2FA2 r6=0000 r7=0000 r8=002F r9=0002 r10=D860 r11=0AE6 r12=0402 r13=0000 r14=0000 r15=43F4
t=85.202518500 pc=00020920 fcw=D860 r0=010F r1=0103 r2=0000 r3=12F8 r4=3D06 r5=2FA2 r6=0000 r7=0000 r8=002F r9=0002 r10=D860 r11=0AE6 r12=0402 r13=0000 r14=0000 r15=43F4
t=85.202520000 pc=00020912 fcw=D860 r0=010F r1=0103 r2=0000 r3=12F8 r4=3D06 r5=2FA2 r6=0000 r7=0000 r8=002F r9=0002 r10=D860 r11=0AE6 r12=0402 r13=0000 r14=0000 r15=43F4
t=85.202521750 pc=00020914 fcw=D860 r0=010F r1=0103 r2=0000 r3=12F8 r4=3D06 r5=2FA2 r6=0000 r7=0000 r8=002F r9=0002 r10=D860 r11=0AE6 r12=0402 r13=0000 r14=0000 r15=43F4
t=85.202523500 pc=00020916 fcw=D860 r0=010F r1=0103 r2=0000 r3=12F8 r4=3D06 r5=2FA2 r6=0000 r7=0000 r8=002F r9=0002 r10=D860 r11=0AE6 r12=0402 r13=0000 r14=0000 r15=43F4
t=85.202527000 pc=0002091A fcw=D860 r0=010F r1=0103 r2=0000 r3=12F8 r4=3D06 r5=2FA2 r6=0000 r7=0000 r8=002F r9=0002 r10=D860 r11=0AE6 r12=0402 r13=0000 r14=0000 r15=43F4
t=85.202529000 pc=0002091C fcw=D860 r0=010F r1=0103 r2=0000 r3=12F8 r4=3D06 r5=2FA2 r6=0000 r7=0000 r8=002F r9=0002 r10=D860 r11=0AE6 r12=0402 r13=0000 r14=0000 r15=43F4
t=85.202530500 pc=0002091E fcw=D860 r0=0103 r1=010F r2=0000 r3=12F8 r4=3D06 r5=2FA2 r6=0000 r7=0000 r8=002F r9=0002 r10=D860 r11=0AE6 r12=0402 r13=0000 r14=0000 r15=43F4
t=85.202533250 pc=00020920 fcw=D860 r0=0103 r1=010F r2=0000 r3=12F8 r4=3D06 r5=2FA2 r6=0000 r7=0000 r8=002F r9=0002 r10=D860 r11=0AE6 r12=0402 r13=0000 r14=0000 r15=43F4
t=85.202534750 pc=00020912 fcw=D860 r0=0103 r1=010F r2=0000 r3=12F8 r4=3D06 r5=2FA2 r6=0000 r7=0000 r8=002F r9=0002 r10=D860 r11=0AE6 r12=0402 r13=0000 r14=0000 r15=43F4
t=85.202536500 pc=00020914 fcw=D860 r0=0103 r1=010F r2=0000 r3=12F8 r4=3D06 r5=2FA2 r6=0000 r7=0000 r8=002F r9=0002 r10=D860 r11=0AE6 r12=0402 r13=0000 r14=0000 r15=43F4
t=85.202538250 pc=00020916 fcw=D860 r0=0103 r1=010F r2=0000 r3=12F8 r4=3D06 r5=2FA2 r6=0000 r7=0000 r8=002F r9=0002 r10=D860 r11=0AE6 r12=0402 r13=0000 r14=0000 r15=43F4
t=85.202541750 pc=0002091A fcw=D860 r0=0103 r1=010F r2=0000 r3=12F8 r4=3D06 r5=2FA2 r6=0000 r7=0000 r8=002F r9=0002 r10=D860 r11=0AE6 r12=0402 r13=0000 r14=0000 r15=43F4
t=85.202543750 pc=0002091C fcw=D860 r0=0103 r1=010F r2=0000 r3=12F8 r4=3D06 r5=2FA2 r6=0000 r7=0000 r8=002F r9=0002 r10=D860 r11=0AE6 r12=0402 r13=0000 r14=0000 r15=43F4
t=85.202545250 pc=0002091E fcw=D860 r0=010F r1=0103 r2=0000 r3=12F8 r4=3D06 r5=2FA2 r6=0000 r7=0000 r8=002F r9=0002 r10=D860 r11=0AE6 r12=0402 r13=0000 r14=0000 r15=43F4
t=85.202548000 pc=00020920 fcw=D860 r0=010F r1=0103 r2=0000 r3=12F8 r4=3D06 r5=2FA2 r6=0000 r7=0000 r8=002F r9=0002 r10=D860 r11=0AE6 r12=0402 r13=0000 r14=0000 r15=43F4
t=85.202549500 pc=00020912 fcw=D860 r0=010F r1=0103 r2=0000 r3=12F8 r4=3D06 r5=2FA2 r6=0000 r7=0000 r8=002F r9=0002 r10=D860 r11=0AE6 r12=0402 r13=0000 r14=0000 r15=43F4
t=85.202551250 pc=00020914 fcw=D860 r0=010F r1=0103 r2=0000 r3=12F8 r4=3D06 r5=2FA2 r6=0000 r7=0000 r8=002F r9=0002 r10=D860 r11=0AE6 r12=0402 r13=0000 r14=0000 r15=43F4
t=85.202553000 pc=00020916 fcw=D860 r0=010F r1=0103 r2=0000 r3=12F8 r4=3D06 r5=2FA2 r6=0000 r7=0000 r8=002F r9=0002 r10=D860 r11=0AE6 r12=0402 r13=0000 r14=0000 r15=43F4
t=85.202556500 pc=0002091A fcw=D860 r0=010F r1=0103 r2=0000 r3=12F8 r4=3D06 r5=2FA2 r6=0000 r7=0000 r8=002F r9=0002 r10=D860 r11=0AE6 r12=0402 r13=0000 r14=0000 r15=43F4
t=85.202558500 pc=0002091C fcw=D860 r0=010F r1=0103 r2=0000 r3=12F8 r4=3D06 r5=2FA2 r6=0000 r7=0000 r8=002F r9=0002 r10=D860 r11=0AE6 r12=0402 r13=0000 r14=0000 r15=43F4
t=85.202560000 pc=0002091E fcw=D860 r0=0103 r1=010F r2=0000 r3=12F8 r4=3D06 r5=2FA2 r6=0000 r7=0000 r8=002F r9=0002 r10=D860 r11=0AE6 r12=0402 r13=0000 r14=0000 r15=43F4
t=85.202562750 pc=00020920 fcw=D860 r0=0103 r1=010F r2=0000 r3=12F8 r4=3D06 r5=2FA2 r6=0000 r7=0000 r8=002F r9=0002 r10=D860 r11=0AE6 r12=0402 r13=0000 r14=0000 r15=43F4
t=85.202564250 pc=00020912 fcw=D860 r0=0103 r1=010F r2=0000 r3=12F8 r4=3D06 r5=2FA2 r6=0000 r7=0000 r8=002F r9=0002 r10=D860 r11=0AE6 r12=0402 r13=0000 r14=0000 r15=43F4
t=85.202566000 pc=00020914 fcw=D860 r0=0103 r1=010F r2=0000 r3=12F8 r4=3D06 r5=2FA2 r6=0000 r7=0000 r8=002F r9=0002 r10=D860 r11=0AE6 r12=0402 r13=0000 r14=0000 r15=43F4
t=85.202567750 pc=00020916 fcw=D860 r0=0103 r1=010F r2=0000 r3=12F8 r4=3D06 r5=2FA2 r6=0000 r7=0000 r8=002F r9=0002 r10=D860 r11=0AE6 r12=0402 r13=0000 r14=0000 r15=43F4
t=85.202571250 pc=0002091A fcw=D860 r0=0103 r1=010F r2=0000 r3=12F8 r4=3D06 r5=2FA2 r6=0000 r7=0000 r8=002F r9=0002 r10=D860 r11=0AE6 r12=0402 r13=0000 r14=0000 r15=43F4
t=85.202573250 pc=0002091C fcw=D860 r0=0103 r1=010F r2=0000 r3=12F8 r4=3D06 r5=2FA2 r6=0000 r7=0000 r8=002F r9=0002 r10=D860 r11=0AE6 r12=0402 r13=0000 r14=0000 r15=43F4
t=85.202574750 pc=0002091E fcw=D860 r0=010F r1=0103 r2=0000 r3=12F8 r4=3D06 r5=2FA2 r6=0000 r7=0000 r8=002F r9=0002 r10=D860 r11=0AE6 r12=0402 r13=0000 r14=0000 r15=43F4
t=85.202577500 pc=00020920 fcw=D860 r0=010F r1=0103 r2=0000 r3=12F8 r4=3D06 r5=2FA2 r6=0000 r7=0000 r8=002F r9=0002 r10=D860 r11=0AE6 r12=0402 r13=0000 r14=0000 r15=43F4
t=85.202579000 pc=00020912 fcw=D860 r0=010F r1=0103 r2=0000 r3=12F8 r4=3D06 r5=2FA2 r6=0000 r7=0000 r8=002F r9=0002 r10=D860 r11=0AE6 r12=0402 r13=0000 r14=0000 r15=43F4
t=85.202580750 pc=00020914 fcw=D860 r0=010F r1=0103 r2=0000 r3=12F8 r4=3D06 r5=2FA2 r6=0000 r7=0000 r8=002F r9=0002 r10=D860 r11=0AE6 r12=0402 r13=0000 r14=0000 r15=43F4
t=85.202582500 pc=00020916 fcw=D860 r0=010F r1=0103 r2=0000 r3=12F8 r4=3D06 r5=2FA2 r6=0000 r7=0000 r8=002F r9=0002 r10=D860 r11=0AE6 r12=0402 r13=0000 r14=0000 r15=43F4
t=85.202586000 pc=0002091A fcw=D860 r0=010F r1=0103 r2=0000 r3=12F8 r4=3D06 r5=2FA2 r6=0000 r7=0000 r8=002F r9=0002 r10=D860 r11=0AE6 r12=0402 r13=0000 r14=0000 r15=43F4
t=85.202588000 pc=0002091C fcw=D860 r0=010F r1=0103 r2=0000 r3=12F8 r4=3D06 r5=2FA2 r6=0000 r7=0000 r8=002F r9=0002 r10=D860 r11=0AE6 r12=0402 r13=0000 r14=0000 r15=43F4
t=85.202589500 pc=0002091E fcw=D860 r0=0103 r1=010F r2=0000 r3=12F8 r4=3D06 r5=2FA2 r6=0000 r7=0000 r8=002F r9=0002 r10=D860 r11=0AE6 r12=0402 r13=0000 r14=0000 r15=43F4
t=85.202592250 pc=00020920 fcw=D860 r0=0103 r1=010F r2=0000 r3=12F8 r4=3D06 r5=2FA2 r6=0000 r7=0000 r8=002F r9=0002 r10=D860 r11=0AE6 r12=0402 r13=0000 r14=0000 r15=43F4
t=85.202593750 pc=00020912 fcw=D860 r0=0103 r1=010F r2=0000 r3=12F8 r4=3D06 r5=2FA2 r6=0000 r7=0000 r8=002F r9=0002 r10=D860 r11=0AE6 r12=0402 r13=0000 r14=0000 r15=43F4
t=85.202595500 pc=00020914 fcw=D860 r0=0103 r1=010F r2=0000 r3=12F8 r4=3D06 r5=2FA2 r6=0000 r7=0000 r8=002F r9=0002 r10=D860 r11=0AE6 r12=0402 r13=0000 r14=0000 r15=43F4
t=85.202597250 pc=00020916 fcw=D860 r0=0103 r1=010F r2=0000 r3=12F8 r4=3D06 r5=2FA2 r6=0000 r7=0000 r8=002F r9=0002 r10=D860 r11=0AE6 r12=0402 r13=0000 r14=0000 r15=43F4
t=85.202600750 pc=0002091A fcw=D860 r0=0103 r1=010F r2=0000 r3=12F8 r4=3D06 r5=2FA2 r6=0000 r7=0000 r8=002F r9=0002 r10=D860 r11=0AE6 r12=0402 r13=0000 r14=0000 r15=43F4
t=85.202602750 pc=0002091C fcw=D860 r0=0103 r1=010F r2=0000 r3=12F8 r4=3D06 r5=2FA2 r6=0000 r7=0000 r8=002F r9=0002 r10=D860 r11=0AE6 r12=0402 r13=0000 r14=0000 r15=43F4
t=85.202604250 pc=0002091E fcw=D860 r0=010F r1=0103 r2=0000 r3=12F8 r4=3D06 r5=2FA2 r6=0000 r7=0000 r8=002F r9=0002 r10=D860 r11=0AE6 r12=0402 r13=0000 r14=0000 r15=43F4
t=85.202607000 pc=00020920 fcw=D860 r0=010F r1=0103 r2=0000 r3=12F8 r4=3D06 r5=2FA2 r6=0000 r7=0000 r8=002F r9=0002 r10=D860 r11=0AE6 r12=0402 r13=0000 r14=0000 r15=43F4
t=85.202608500 pc=00020912 fcw=D860 r0=010F r1=0103 r2=0000 r3=12F8 r4=3D06 r5=2FA2 r6=0000 r7=0000 r8=002F r9=0002 r10=D860 r11=0AE6 r12=0402 r13=0000 r14=0000 r15=43F4
t=85.202610250 pc=00020914 fcw=D860 r0=010F r1=0103 r2=0000 r3=12F8 r4=3D06 r5=2FA2 r6=0000 r7=0000 r8=002F r9=0002 r10=D860 r11=0AE6 r12=0402 r13=0000 r14=0000 r15=43F4
t=85.202612000 pc=00020916 fcw=D860 r0=010F r1=0103 r2=0000 r3=12F8 r4=3D06 r5=2FA2 r6=0000 r7=0000 r8=002F r9=0002 r10=D860 r11=0AE6 r12=0402 r13=0000 r14=0000 r15=43F4
t=85.202615500 pc=0002091A fcw=D860 r0=010F r1=0103 r2=0000 r3=12F8 r4=3D06 r5=2FA2 r6=0000 r7=0000 r8=002F r9=0002 r10=D860 r11=0AE6 r12=0402 r13=0000 r14=0000 r15=43F4
t=85.202617500 pc=0002091C fcw=D860 r0=010F r1=0103 r2=0000 r3=12F8 r4=3D06 r5=2FA2 r6=0000 r7=0000 r8=002F r9=0002 r10=D860 r11=0AE6 r12=0402 r13=0000 r14=0000 r15=43F4
t=85.202619000 pc=0002091E fcw=D860 r0=0103 r1=010F r2=0000 r3=12F8 r4=3D06 r5=2FA2 r6=0000 r7=0000 r8=002F r9=0002 r10=D860 r11=0AE6 r12=0402 r13=0000 r14=0000 r15=43F4
t=85.202621750 pc=00020920 fcw=D860 r0=0103 r1=010F r2=0000 r3=12F8 r4=3D06 r5=2FA2 r6=0000 r7=0000 r8=002F r9=0002 r10=D860 r11=0AE6 r12=0402 r13=0000 r14=0000 r15=43F4
t=85.202623250 pc=00020912 fcw=D860 r0=0103 r1=010F r2=0000 r3=12F8 r4=3D06 r5=2FA2 r6=0000 r7=0000 r8=002F r9=0002 r10=D860 r11=0AE6 r12=0402 r13=0000 r14=0000 r15=43F4
t=85.202625000 pc=00020914 fcw=D860 r0=0103 r1=010F r2=0000 r3=12F8 r4=3D06 r5=2FA2 r6=0000 r7=0000 r8=002F r9=0002 r10=D860 r11=0AE6 r12=0402 r13=0000 r14=0000 r15=43F4
t=85.202626750 pc=00020916 fcw=D860 r0=0103 r1=010F r2=0000 r3=12F8 r4=3D06 r5=2FA2 r6=0000 r7=0000 r8=002F r9=0002 r10=D860 r11=0AE6 r12=0402 r13=0000 r14=0000 r15=43F4
t=85.202630250 pc=0002091A fcw=D860 r0=0103 r1=010F r2=0000 r3=12F8 r4=3D06 r5=2FA2 r6=0000 r7=0000 r8=002F r9=0002 r10=D860 r11=0AE6 r12=0402 r13=0000 r14=0000 r15=43F4
t=85.202632250 pc=0002091C fcw=D860 r0=0103 r1=010F r2=0000 r3=12F8 r4=3D06 r5=2FA2 r6=0000 r7=0000 r8=002F r9=0002 r10=D860 r11=0AE6 r12=0402 r13=0000 r14=0000 r15=43F4
t=85.202633750 pc=0002091E fcw=D860 r0=010F r1=0103 r2=0000 r3=12F8 r4=3D06 r5=2FA2 r6=0000 r7=0000 r8=002F r9=0002 r10=D860 r11=0AE6 r12=0402 r13=0000 r14=0000 r15=43F4
t=85.202636500 pc=00020920 fcw=D860 r0=010F r1=0103 r2=0000 r3=12F8 r4=3D06 r5=2FA2 r6=0000 r7=0000 r8=002F r9=0002 r10=D860 r11=0AE6 r12=0402 r13=0000 r14=0000 r15=43F4
t=85.202638000 pc=00020912 fcw=D860 r0=010F r1=0103 r2=0000 r3=12F8 r4=3D06 r5=2FA2 r6=0000 r7=0000 r8=002F r9=0002 r10=D860 r11=0AE6 r12=0402 r13=0000 r14=0000 r15=43F4
t=85.202639750 pc=00020914 fcw=D860 r0=010F r1=0103 r2=0000 r3=12F8 r4=3D06 r5=2FA2 r6=0000 r7=0000 r8=002F r9=0002 r10=D860 r11=0AE6 r12=0402 r13=0000 r14=0000 r15=43F4
t=85.202641500 pc=00020916 fcw=D860 r0=010F r1=0103 r2=0000 r3=12F8 r4=3D06 r5=2FA2 r6=0000 r7=0000 r8=002F r9=0002 r10=D860 r11=0AE6 r12=0402 r13=0000 r14=0000 r15=43F4
t=85.202645000 pc=0002091A fcw=D860 r0=010F r1=0103 r2=0000 r3=12F8 r4=3D06 r5=2FA2 r6=0000 r7=0000 r8=002F r9=0002 r10=D860 r11=0AE6 r12=0402 r13=0000 r14=0000 r15=43F4
t=85.202647000 pc=0002091C fcw=D860 r0=010F r1=0103 r2=0000 r3=12F8 r4=3D06 r5=2FA2 r6=0000 r7=0000 r8=002F r9=0002 r10=D860 r11=0AE6 r12=0402 r13=0000 r14=0000 r15=43F4
t=85.202648500 pc=0002091E fcw=D860 r0=0103 r1=010F r2=0000 r3=12F8 r4=3D06 r5=2FA2 r6=0000 r7=0000 r8=002F r9=0002 r10=D860 r11=0AE6 r12=0402 r13=0000 r14=0000 r15=43F4
t=85.202651250 pc=00020920 fcw=D860 r0=0103 r1=010F r2=0000 r3=12F8 r4=3D06 r5=2FA2 r6=0000 r7=0000 r8=002F r9=0002 r10=D860 r11=0AE6 r12=0402 r13=0000 r14=0000 r15=43F4
t=85.202652750 pc=00020912 fcw=D860 r0=0103 r1=010F r2=0000 r3=12F8 r4=3D06 r5=2FA2 r6=0000 r7=0000 r8=002F r9=0002 r10=D860 r11=0AE6 r12=0402 r13=0000 r14=0000 r15=43F4
t=85.202654500 pc=00020914 fcw=D860 r0=0103 r1=010F r2=0000 r3=12F8 r4=3D06 r5=2FA2 r6=0000 r7=0000 r8=002F r9=0002 r10=D860 r11=0AE6 r12=0402 r13=0000 r14=0000 r15=43F4
t=85.202656250 pc=00020916 fcw=D860 r0=0103 r1=010F r2=0000 r3=12F8 r4=3D06 r5=2FA2 r6=0000 r7=0000 r8=002F r9=0002 r10=D860 r11=0AE6 r12=0402 r13=0000 r14=0000 r15=43F4
t=85.202659750 pc=0002091A fcw=D860 r0=0103 r1=010F r2=0000 r3=12F8 r4=3D06 r5=2FA2 r6=0000 r7=0000 r8=002F r9=0002 r10=D860 r11=0AE6 r12=0402 r13=0000 r14=0000 r15=43F4
t=85.202661750 pc=0002091C fcw=D860 r0=0103 r1=010F r2=0000 r3=12F8 r4=3D06 r5=2FA2 r6=0000 r7=0000 r8=002F r9=0002 r10=D860 r11=0AE6 r12=0402 r13=0000 r14=0000 r15=43F4
t=85.202663250 pc=0002091E fcw=D860 r0=010F r1=0103 r2=0000 r3=12F8 r4=3D06 r5=2FA2 r6=0000 r7=0000 r8=002F r9=0002 r10=D860 r11=0AE6 r12=0402 r13=0000 r14=0000 r15=43F4
t=85.202666000 pc=00020920 fcw=D860 r0=010F r1=0103 r2=0000 r3=12F8 r4=3D06 r5=2FA2 r6=0000 r7=0000 r8=002F r9=0002 r10=D860 r11=0AE6 r12=0402 r13=0000 r14=0000 r15=43F4
t=85.202667500 pc=00020912 fcw=D860 r0=010F r1=0103 r2=0000 r3=12F8 r4=3D06 r5=2FA2 r6=0000 r7=0000 r8=002F r9=0002 r10=D860 r11=0AE6 r12=0402 r13=0000 r14=0000 r15=43F4
t=85.202669250 pc=00020914 fcw=D860 r0=010F r1=0103 r2=0000 r3=12F8 r4=3D06 r5=2FA2 r6=0000 r7=0000 r8=002F r9=0002 r10=D860 r11=0AE6 r12=0402 r13=0000 r14=0000 r15=43F4
t=85.202671000 pc=00020916 fcw=D860 r0=010F r1=0103 r2=0000 r3=12F8 r4=3D06 r5=2FA2 r6=0000 r7=0000 r8=002F r9=0002 r10=D860 r11=0AE6 r12=0402 r13=0000 r14=0000 r15=43F4
t=85.202674500 pc=0002091A fcw=D860 r0=010F r1=0103 r2=0000 r3=12F8 r4=3D06 r5=2FA2 r6=0000 r7=0000 r8=002F r9=0002 r10=D860 r11=0AE6 r12=0402 r13=0000 r14=0000 r15=43F4
t=85.202676500 pc=0002091C fcw=D860 r0=010F r1=0103 r2=0000 r3=12F8 r4=3D06 r5=2FA2 r6=0000 r7=0000 r8=002F r9=0002 r10=D860 r11=0AE6 r12=0402 r13=0000 r14=0000 r15=43F4
t=85.202678000 pc=0002091E fcw=D860 r0=0103 r1=010F r2=0000 r3=12F8 r4=3D06 r5=2FA2 r6=0000 r7=0000 r8=002F r9=0002 r10=D860 r11=0AE6 r12=0402 r13=0000 r14=0000 r15=43F4
t=85.202680750 pc=00020920 fcw=D860 r0=0103 r1=010F r2=0000 r3=12F8 r4=3D06 r5=2FA2 r6=0000 r7=0000 r8=002F r9=0002 r10=D860 r11=0AE6 r12=0402 r13=0000 r14=0000 r15=43F4
t=85.202682250 pc=00020912 fcw=D860 r0=0103 r1=010F r2=0000 r3=12F8 r4=3D06 r5=2FA2 r6=0000 r7=0000 r8=002F r9=0002 r10=D860 r11=0AE6 r12=0402 r13=0000 r14=0000 r15=43F4
t=85.202684000 pc=00020914 fcw=D860 r0=0103 r1=010F r2=0000 r3=12F8 r4=3D06 r5=2FA2 r6=0000 r7=0000 r8=002F r9=0002 r10=D860 r11=0AE6 r12=0402 r13=0000 r14=0000 r15=43F4
t=85.202685750 pc=00020916 fcw=D860 r0=0103 r1=010F r2=0000 r3=12F8 r4=3D06 r5=2FA2 r6=0000 r7=0000 r8=002F r9=0002 r10=D860 r11=0AE6 r12=0402 r13=0000 r14=0000 r15=43F4
t=85.202689250 pc=0002091A fcw=D860 r0=0103 r1=010F r2=0000 r3=12F8 r4=3D06 r5=2FA2 r6=0000 r7=0000 r8=002F r9=0002 r10=D860 r11=0AE6 r12=0402 r13=0000 r14=0000 r15=43F4
t=85.202691250 pc=0002091C fcw=D860 r0=0103 r1=010F r2=0000 r3=12F8 r4=3D06 r5=2FA2 r6=0000 r7=0000 r8=002F r9=0002 r10=D860 r11=0AE6 r12=0402 r13=0000 r14=0000 r15=43F4
t=85.202692750 pc=0002091E fcw=D860 r0=010F r1=0103 r2=0000 r3=12F8 r4=3D06 r5=2FA2 r6=0000 r7=0000 r8=002F r9=0002 r10=D860 r11=0AE6 r12=0402 r13=0000 r14=0000 r15=43F4
t=85.202695500 pc=00020920 fcw=D860 r0=010F r1=0103 r2=0000 r3=12F8 r4=3D06 r5=2FA2 r6=0000 r7=0000 r8=002F r9=0002 r10=D860 r11=0AE6 r12=0402 r13=0000 r14=0000 r15=43F4
t=85.202697000 pc=00020912 fcw=D860 r0=010F r1=0103 r2=0000 r3=12F8 r4=3D06 r5=2FA2 r6=0000 r7=0000 r8=002F r9=0002 r10=D860 r11=0AE6 r12=0402 r13=0000 r14=0000 r15=43F4
t=85.202698750 pc=00020914 fcw=D860 r0=010F r1=0103 r2=0000 r3=12F8 r4=3D06 r5=2FA2 r6=0000 r7=0000 r8=002F r9=0002 r10=D860 r11=0AE6 r12=0402 r13=0000 r14=0000 r15=43F4
t=85.202700500 pc=00020916 fcw=D860 r0=010F r1=0103 r2=0000 r3=12F8 r4=3D06 r5=2FA2 r6=0000 r7=0000 r8=002F r9=0002 r10=D860 r11=0AE6 r12=0402 r13=0000 r14=0000 r15=43F4
t=85.202704000 pc=0002091A fcw=D860 r0=010F r1=0103 r2=0000 r3=12F8 r4=3D06 r5=2FA2 r6=0000 r7=0000 r8=002F r9=0002 r10=D860 r11=0AE6 r12=0402 r13=0000 r14=0000 r15=43F4
t=85.202706000 pc=0002091C fcw=D860 r0=010F r1=0103 r2=0000 r3=12F8 r4=3D06 r5=2FA2 r6=0000 r7=0000 r8=002F r9=0002 r10=D860 r11=0AE6 r12=0402 r13=0000 r14=0000 r15=43F4
t=85.202707500 pc=0002091E fcw=D860 r0=0103 r1=010F r2=0000 r3=12F8 r4=3D06 r5=2FA2 r6=0000 r7=0000 r8=002F r9=0002 r10=D860 r11=0AE6 r12=0402 r13=0000 r14=0000 r15=43F4
t=85.202710250 pc=00020920 fcw=D860 r0=0103 r1=010F r2=0000 r3=12F8 r4=3D06 r5=2FA2 r6=0000 r7=0000 r8=002F r9=0002 r10=D860 r11=0AE6 r12=0402 r13=0000 r14=0000 r15=43F4
t=85.202711750 pc=00020912 fcw=D860 r0=0103 r1=010F r2=0000 r3=12F8 r4=3D06 r5=2FA2 r6=0000 r7=0000 r8=002F r9=0002 r10=D860 r11=0AE6 r12=0402 r13=0000 r14=0000 r15=43F4
t=85.202713500 pc=00020914 fcw=D860 r0=0103 r1=010F r2=0000 r3=12F8 r4=3D06 r5=2FA2 r6=0000 r7=0000 r8=002F r9=0002 r10=D860 r11=0AE6 r12=0402 r13=0000 r14=0000 r15=43F4
t=85.202715250 pc=00020916 fcw=D860 r0=0103 r1=010F r2=0000 r3=12F8 r4=3D06 r5=2FA2 r6=0000 r7=0000 r8=002F r9=0002 r10=D860 r11=0AE6 r12=0402 r13=0000 r14=0000 r15=43F4
t=85.202718750 pc=0002091A fcw=D860 r0=0103 r1=010F r2=0000 r3=12F8 r4=3D06 r5=2FA2 r6=0000 r7=0000 r8=002F r9=0002 r10=D860 r11=0AE6 r12=0402 r13=0000 r14=0000 r15=43F4
t=85.202720750 pc=0002091C fcw=D860 r0=0103 r1=010F r2=0000 r3=12F8 r4=3D06 r5=2FA2 r6=0000 r7=0000 r8=002F r9=0002 r10=D860 r11=0AE6 r12=0402 r13=0000 r14=0000 r15=43F4
t=85.202722250 pc=0002091E fcw=D860 r0=010F r1=0103 r2=0000 r3=12F8 r4=3D06 r5=2FA2 r6=0000 r7=0000 r8=002F r9=0002 r10=D860 r11=0AE6 r12=0402 r13=0000 r14=0000 r15=43F4
t=85.202725000 pc=00020920 fcw=D860 r0=010F r1=0103 r2=0000 r3=12F8 r4=3D06 r5=2FA2 r6=0000 r7=0000 r8=002F r9=0002 r10=D860 r11=0AE6 r12=0402 r13=0000 r14=0000 r15=43F4
t=85.202726500 pc=00020912 fcw=D860 r0=010F r1=0103 r2=0000 r3=12F8 r4=3D06 r5=2FA2 r6=0000 r7=0000 r8=002F r9=0002 r10=D860 r11=0AE6 r12=0402 r13=0000 r14=0000 r15=43F4
t=85.202728250 pc=00020914 fcw=D860 r0=010F r1=0103 r2=0000 r3=12F8 r4=3D06 r5=2FA2 r6=0000 r7=0000 r8=002F r9=0002 r10=D860 r11=0AE6 r12=0402 r13=0000 r14=0000 r15=43F4
t=85.202730000 pc=00020916 fcw=D860 r0=010F r1=0103 r2=0000 r3=12F8 r4=3D06 r5=2FA2 r6=0000 r7=0000 r8=002F r9=0002 r10=D860 r11=0AE6 r12=0402 r13=0000 r14=0000 r15=43F4
t=85.202733500 pc=0002091A fcw=D860 r0=010F r1=0103 r2=0000 r3=12F8 r4=3D06 r5=2FA2 r6=0000 r7=0000 r8=002F r9=0002 r10=D860 r11=0AE6 r12=0402 r13=0000 r14=0000 r15=43F4
t=85.202735500 pc=0002091C fcw=D860 r0=010F r1=0103 r2=0000 r3=12F8 r4=3D06 r5=2FA2 r6=0000 r7=0000 r8=002F r9=0002 r10=D860 r11=0AE6 r12=0402 r13=0000 r14=0000 r15=43F4
t=85.202737000 pc=0002091E fcw=D860 r0=0103 r1=010F r2=0000 r3=12F8 r4=3D06 r5=2FA2 r6=0000 r7=0000 r8=002F r9=0002 r10=D860 r11=0AE6 r12=0402 r13=0000 r14=0000 r15=43F4
t=85.202739750 pc=00020920 fcw=D860 r0=0103 r1=010F r2=0000 r3=12F8 r4=3D06 r5=2FA2 r6=0000 r7=0000 r8=002F r9=0002 r10=D860 r11=0AE6 r12=0402 r13=0000 r14=0000 r15=43F4
t=85.202741250 pc=00020912 fcw=D860 r0=0103 r1=010F r2=0000 r3=12F8 r4=3D06 r5=2FA2 r6=0000 r7=0000 r8=002F r9=0002 r10=D860 r11=0AE6 r12=0402 r13=0000 r14=0000 r15=43F4
t=85.202743000 pc=00020914 fcw=D860 r0=0103 r1=010F r2=0000 r3=12F8 r4=3D06 r5=2FA2 r6=0000 r7=0000 r8=002F r9=0002 r10=D860 r11=0AE6 r12=0402 r13=0000 r14=0000 r15=43F4
t=85.202744750 pc=00020916 fcw=D860 r0=0103 r1=010F r2=0000 r3=12F8 r4=3D06 r5=2FA2 r6=0000 r7=0000 r8=002F r9=0002 r10=D860 r11=0AE6 r12=0402 r13=0000 r14=0000 r15=43F4
t=85.202748250 pc=0002091A fcw=D860 r0=0103 r1=010F r2=0000 r3=12F8 r4=3D06 r5=2FA2 r6=0000 r7=0000 r8=002F r9=0002 r10=D860 r11=0AE6 r12=0402 r13=0000 r14=0000 r15=43F4
t=85.202750250 pc=0002091C fcw=D860 r0=0103 r1=010F r2=0000 r3=12F8 r4=3D06 r5=2FA2 r6=0000 r7=0000 r8=002F r9=0002 r10=D860 r11=0AE6 r12=0402 r13=0000 r14=0000 r15=43F4
t=85.202751750 pc=0002091E fcw=D860 r0=010F r1=0103 r2=0000 r3=12F8 r4=3D06 r5=2FA2 r6=0000 r7=0000 r8=002F r9=0002 r10=D860 r11=0AE6 r12=0402 r13=0000 r14=0000 r15=43F4
t=85.202754500 pc=00020920 fcw=D860 r0=010F r1=0103 r2=0000 r3=12F8 r4=3D06 r5=2FA2 r6=0000 r7=0000 r8=002F r9=0002 r10=D860 r11=0AE6 r12=0402 r13=0000 r14=0000 r15=43F4
t=85.202756000 pc=00020912 fcw=D860 r0=010F r1=0103 r2=0000 r3=12F8 r4=3D06 r5=2FA2 r6=0000 r7=0000 r8=002F r9=0002 r10=D860 r11=0AE6 r12=0402 r13=0000 r14=0000 r15=43F4
t=85.202757750 pc=00020914 fcw=D860 r0=010F r1=0103 r2=0000 r3=12F8 r4=3D06 r5=2FA2 r6=0000 r7=0000 r8=002F r9=0002 r10=D860 r11=0AE6 r12=0402 r13=0000 r14=0000 r15=43F4
t=85.202759500 pc=00020916 fcw=D860 r0=010F r1=0103 r2=0000 r3=12F8 r4=3D06 r5=2FA2 r6=0000 r7=0000 r8=002F r9=0002 r10=D860 r11=0AE6 r12=0402 r13=0000 r14=0000 r15=43F4
t=85.202763000 pc=0002091A fcw=D860 r0=010F r1=0103 r2=0000 r3=12F8 r4=3D06 r5=2FA2 r6=0000 r7=0000 r8=002F r9=0002 r10=D860 r11=0AE6 r12=0402 r13=0000 r14=0000 r15=43F4
t=85.202765000 pc=0002091C fcw=D860 r0=010F r1=0103 r2=0000 r3=12F8 r4=3D06 r5=2FA2 r6=0000 r7=0000 r8=002F r9=0002 r10=D860 r11=0AE6 r12=0402 r13=0000 r14=0000 r15=43F4
t=85.202766500 pc=0002091E fcw=D860 r0=0103 r1=010F r2=0000 r3=12F8 r4=3D06 r5=2FA2 r6=0000 r7=0000 r8=002F r9=0002 r10=D860 r11=0AE6 r12=0402 r13=0000 r14=0000 r15=43F4
t=85.202769250 pc=00020920 fcw=D860 r0=0103 r1=010F r2=0000 r3=12F8 r4=3D06 r5=2FA2 r6=0000 r7=0000 r8=002F r9=0002 r10=D860 r11=0AE6 r12=0402 r13=0000 r14=0000 r15=43F4
t=85.202770750 pc=00020912 fcw=D860 r0=0103 r1=010F r2=0000 r3=12F8 r4=3D06 r5=2FA2 r6=0000 r7=0000 r8=002F r9=0002 r10=D860 r11=0AE6 r12=0402 r13=0000 r14=0000 r15=43F4
t=85.202772500 pc=00020914 fcw=D860 r0=0103 r1=010F r2=0000 r3=12F8 r4=3D06 r5=2FA2 r6=0000 r7=0000 r8=002F r9=0002 r10=D860 r11=0AE6 r12=0402 r13=0000 r14=0000 r15=43F4
t=85.202774250 pc=00020916 fcw=D860 r0=0103 r1=010F r2=0000 r3=12F8 r4=3D06 r5=2FA2 r6=0000 r7=0000 r8=002F r9=0002 r10=D860 r11=0AE6 r12=0402 r13=0000 r14=0000 r15=43F4
t=85.202777750 pc=0002091A fcw=D860 r0=0103 r1=010F r2=0000 r3=12F8 r4=3D06 r5=2FA2 r6=0000 r7=0000 r8=002F r9=0002 r10=D860 r11=0AE6 r12=0402 r13=0000 r14=0000 r15=43F4
t=85.202779750 pc=0002091C fcw=D860 r0=0103 r1=010F r2=0000 r3=12F8 r4=3D06 r5=2FA2 r6=0000 r7=0000 r8=002F r9=0002 r10=D860 r11=0AE6 r12=0402 r13=0000 r14=0000 r15=43F4
t=85.202781250 pc=0002091E fcw=D860 r0=010F r1=0103 r2=0000 r3=12F8 r4=3D06 r5=2FA2 r6=0000 r7=0000 r8=002F r9=0002 r10=D860 r11=0AE6 r12=0402 r13=0000 r14=0000 r15=43F4
t=85.202784000 pc=00020920 fcw=D860 r0=010F r1=0103 r2=0000 r3=12F8 r4=3D06 r5=2FA2 r6=0000 r7=0000 r8=002F r9=0002 r10=D860 r11=0AE6 r12=0402 r13=0000 r14=0000 r15=43F4
t=85.202785500 pc=00020912 fcw=D860 r0=010F r1=0103 r2=0000 r3=12F8 r4=3D06 r5=2FA2 r6=0000 r7=0000 r8=002F r9=0002 r10=D860 r11=0AE6 r12=0402 r13=0000 r14=0000 r15=43F4
t=85.202787250 pc=00020914 fcw=D860 r0=010F r1=0103 r2=0000 r3=12F8 r4=3D06 r5=2FA2 r6=0000 r7=0000 r8=002F r9=0002 r10=D860 r11=0AE6 r12=0402 r13=0000 r14=0000 r15=43F4
t=85.202789000 pc=00020916 fcw=D860 r0=010F r1=0103 r2=0000 r3=12F8 r4=3D06 r5=2FA2 r6=0000 r7=0000 r8=002F r9=0002 r10=D860 r11=0AE6 r12=0402 r13=0000 r14=0000 r15=43F4
t=85.202792500 pc=0002091A fcw=D860 r0=010F r1=0103 r2=0000 r3=12F8 r4=3D06 r5=2FA2 r6=0000 r7=0000 r8=002F r9=0002 r10=D860 r11=0AE6 r12=0402 r13=0000 r14=0000 r15=43F4
t=85.202794500 pc=0002091C fcw=D860 r0=010F r1=0103 r2=0000 r3=12F8 r4=3D06 r5=2FA2 r6=0000 r7=0000 r8=002F r9=0002 r10=D860 r11=0AE6 r12=0402 r13=0000 r14=0000 r15=43F4
t=85.202796000 pc=0002091E fcw=D860 r0=0103 r1=010F r2=0000 r3=12F8 r4=3D06 r5=2FA2 r6=0000 r7=0000 r8=002F r9=0002 r10=D860 r11=0AE6 r12=0402 r13=0000 r14=0000 r15=43F4
t=85.202798750 pc=00020920 fcw=D860 r0=0103 r1=010F r2=0000 r3=12F8 r4=3D06 r5=2FA2 r6=0000 r7=0000 r8=002F r9=0002 r10=D860 r11=0AE6 r12=0402 r13=0000 r14=0000 r15=43F4
t=85.202800250 pc=00020912 fcw=D860 r0=0103 r1=010F r2=0000 r3=12F8 r4=3D06 r5=2FA2 r6=0000 r7=0000 r8=002F r9=0002 r10=D860 r11=0AE6 r12=0402 r13=0000 r14=0000 r15=43F4
t=85.202802000 pc=00020914 fcw=D860 r0=0103 r1=010F r2=0000 r3=12F8 r4=3D06 r5=2FA2 r6=0000 r7=0000 r8=002F r9=0002 r10=D860 r11=0AE6 r12=0402 r13=0000 r14=0000 r15=43F4
t=85.202803750 pc=00020916 fcw=D860 r0=0103 r1=010F r2=0000 r3=12F8 r4=3D06 r5=2FA2 r6=0000 r7=0000 r8=002F r9=0002 r10=D860 r11=0AE6 r12=0402 r13=0000 r14=0000 r15=43F4
t=85.202807250 pc=0002091A fcw=D860 r0=0103 r1=010F r2=0000 r3=12F8 r4=3D06 r5=2FA2 r6=0000 r7=0000 r8=002F r9=0002 r10=D860 r11=0AE6 r12=0402 r13=0000 r14=0000 r15=43F4
t=85.202809250 pc=0002091C fcw=D860 r0=0103 r1=010F r2=0000 r3=12F8 r4=3D06 r5=2FA2 r6=0000 r7=0000 r8=002F r9=0002 r10=D860 r11=0AE6 r12=0402 r13=0000 r14=0000 r15=43F4
t=85.202810750 pc=0002091E fcw=D860 r0=010F r1=0103 r2=0000 r3=12F8 r4=3D06 r5=2FA2 r6=0000 r7=0000 r8=002F r9=0002 r10=D860 r11=0AE6 r12=0402 r13=0000 r14=0000 r15=43F4
t=85.202813500 pc=00020920 fcw=D860 r0=010F r1=0103 r2=0000 r3=12F8 r4=3D06 r5=2FA2 r6=0000 r7=0000 r8=002F r9=0002 r10=D860 r11=0AE6 r12=0402 r13=0000 r14=0000 r15=43F4
t=85.202815000 pc=00020912 fcw=D860 r0=010F r1=0103 r2=0000 r3=12F8 r4=3D06 r5=2FA2 r6=0000 r7=0000 r8=002F r9=0002 r10=D860 r11=0AE6 r12=0402 r13=0000 r14=0000 r15=43F4
t=85.202816750 pc=00020914 fcw=D860 r0=010F r1=0103 r2=0000 r3=12F8 r4=3D06 r5=2FA2 r6=0000 r7=0000 r8=002F r9=0002 r10=D860 r11=0AE6 r12=0402 r13=0000 r14=0000 r15=43F4
t=85.202818500 pc=00020916 fcw=D860 r0=010F r1=0103 r2=0000 r3=12F8 r4=3D06 r5=2FA2 r6=0000 r7=0000 r8=002F r9=0002 r10=D860 r11=0AE6 r12=0402 r13=0000 r14=0000 r15=43F4
t=85.202822000 pc=0002091A fcw=D860 r0=010F r1=0103 r2=0000 r3=12F8 r4=3D06 r5=2FA2 r6=0000 r7=0000 r8=002F r9=0002 r10=D860 r11=0AE6 r12=0402 r13=0000 r14=0000 r15=43F4
t=85.202824000 pc=0002091C fcw=D860 r0=010F r1=0103 r2=0000 r3=12F8 r4=3D06 r5=2FA2 r6=0000 r7=0000 r8=002F r9=0002 r10=D860 r11=0AE6 r12=0402 r13=0000 r14=0000 r15=43F4
t=85.202825500 pc=0002091E fcw=D860 r0=0103 r1=010F r2=0000 r3=12F8 r4=3D06 r5=2FA2 r6=0000 r7=0000 r8=002F r9=0002 r10=D860 r11=0AE6 r12=0402 r13=0000 r14=0000 r15=43F4
t=85.202828250 pc=00020920 fcw=D860 r0=0103 r1=010F r2=0000 r3=12F8 r4=3D06 r5=2FA2 r6=0000 r7=0000 r8=002F r9=0002 r10=D860 r11=0AE6 r12=0402 r13=0000 r14=0000 r15=43F4
t=85.202829750 pc=00020912 fcw=D860 r0=0103 r1=010F r2=0000 r3=12F8 r4=3D06 r5=2FA2 r6=0000 r7=0000 r8=002F r9=0002 r10=D860 r11=0AE6 r12=0402 r13=0000 r14=0000 r15=43F4
t=85.202831500 pc=00020914 fcw=D860 r0=0103 r1=010F r2=0000 r3=12F8 r4=3D06 r5=2FA2 r6=0000 r7=0000 r8=002F r9=0002 r10=D860 r11=0AE6 r12=0402 r13=0000 r14=0000 r15=43F4
t=85.202833250 pc=00020916 fcw=D860 r0=0103 r1=010F r2=0000 r3=12F8 r4=3D06 r5=2FA2 r6=0000 r7=0000 r8=002F r9=0002 r10=D860 r11=0AE6 r12=0402 r13=0000 r14=0000 r15=43F4
t=85.202836750 pc=0002091A fcw=D860 r0=0103 r1=010F r2=0000 r3=12F8 r4=3D06 r5=2FA2 r6=0000 r7=0000 r8=002F r9=0002 r10=D860 r11=0AE6 r12=0402 r13=0000 r14=0000 r15=43F4
t=85.202838750 pc=0002091C fcw=D860 r0=0103 r1=010F r2=0000 r3=12F8 r4=3D06 r5=2FA2 r6=0000 r7=0000 r8=002F r9=0002 r10=D860 r11=0AE6 r12=0402 r13=0000 r14=0000 r15=43F4
t=85.202840250 pc=0002091E fcw=D860 r0=010F r1=0103 r2=0000 r3=12F8 r4=3D06 r5=2FA2 r6=0000 r7=0000 r8=002F r9=0002 r10=D860 r11=0AE6 r12=0402 r13=0000 r14=0000 r15=43F4
t=85.202843000 pc=00020920 fcw=D860 r0=010F r1=0103 r2=0000 r3=12F8 r4=3D06 r5=2FA2 r6=0000 r7=0000 r8=002F r9=0002 r10=D860 r11=0AE6 r12=0402 r13=0000 r14=0000 r15=43F4
t=85.202844500 pc=00020912 fcw=D860 r0=010F r1=0103 r2=0000 r3=12F8 r4=3D06 r5=2FA2 r6=0000 r7=0000 r8=002F r9=0002 r10=D860 r11=0AE6 r12=0402 r13=0000 r14=0000 r15=43F4
t=85.202846250 pc=00020914 fcw=D860 r0=010F r1=0103 r2=0000 r3=12F8 r4=3D06 r5=2FA2 r6=0000 r7=0000 r8=002F r9=0002 r10=D860 r11=0AE6 r12=0402 r13=0000 r14=0000 r15=43F4
t=85.202848000 pc=00020916 fcw=D860 r0=010F r1=0103 r2=0000 r3=12F8 r4=3D06 r5=2FA2 r6=0000 r7=0000 r8=002F r9=0002 r10=D860 r11=0AE6 r12=0402 r13=0000 r14=0000 r15=43F4
t=85.202851500 pc=003B0D28 fcw=C000 r0=010F r1=0103 r2=0000 r3=12F8 r4=3D06 r5=2FA2 r6=0000 r7=0000 r8=002F r9=0002 r10=D860 r11=0AE6 r12=0402 r13=0000 r14=0000 r15=43EC
t=85.202853000 pc=003B0D2A fcw=C000 r0=010F r1=0103 r2=0000 r3=12F8 r4=3D06 r5=2FA2 r6=0000 r7=0000 r8=002F r9=0002 r10=D860 r11=0AE6 r12=0402 r13=0000 r14=0000 r15=43EC
t=85.202856500 pc=003B0D32 fcw=C000 r0=010F r1=0103 r2=0000 r3=12F8 r4=3D06 r5=2FA2 r6=0000 r7=0000 r8=002F r9=0002 r10=D860 r11=0AE6 r12=0402 r13=0000 r14=0000 r15=43EC
t=85.202858250 pc=003B0D34 fcw=C000 r0=010F r1=0008 r2=0000 r3=12F8 r4=3D06 r5=2FA2 r6=0000 r7=0000 r8=002F r9=0002 r10=D860 r11=0AE6 r12=0402 r13=0000 r14=0000 r15=43EC
t=85.202859750 pc=003B0D50 fcw=C000 r0=010F r1=0008 r2=0000 r3=12F8 r4=3D06 r5=2FA2 r6=0000 r7=0000 r8=002F r9=0002 r10=D860 r11=0AE6 r12=0402 r13=0000 r14=0000 r15=43EC
t=85.202862750 pc=003B0D54 fcw=C000 r0=010F r1=0008 r2=0000 r3=12F8 r4=3D06 r5=2FA2 r6=0000 r7=0000 r8=002F r9=0002 r10=D860 r11=0AE6 r12=0402 r13=0000 r14=0000 r15=43EC
t=85.202864500 pc=003B0D56 fcw=D000 r0=010F r1=0008 r2=0000 r3=12F8 r4=3D06 r5=2FA2 r6=0000 r7=0000 r8=002F r9=0002 r10=D860 r11=0AE6 r12=0402 r13=0000 r14=0000 r15=43EC
t=85.202865500 pc=003B0D58 fcw=D048 r0=010F r1=0008 r2=0000 r3=12F8 r4=3D06 r5=2FA2 r6=0000 r7=0000 r8=002F r9=0002 r10=D860 r11=0AE6 r12=0402 r13=0000 r14=0000 r15=43EC
t=85.202868500 pc=003B0D5C fcw=D048 r0=010F r1=0008 r2=0000 r3=12F8 r4=3D06 r5=2FA2 r6=0000 r7=0000 r8=002F r9=0002 r10=0000 r11=0440 r12=0402 r13=0000 r14=0000 r15=43EC
t=85.202872000 pc=003B0D60 fcw=D048 r0=010F r1=0008 r2=0000 r3=12F8 r4=3D06 r5=2FA2 r6=0000 r7=0000 r8=002F r9=0002 r10=0000 r11=0AE6 r12=0402 r13=0000 r14=0000 r15=43EC
t=85.202873750 pc=003B0D62 fcw=D048 r0=010F r1=0008 r2=FFFF r3=12F8 r4=3D06 r5=2FA2 r6=0000 r7=0000 r8=002F r9=0002 r10=0000 r11=0AE6 r12=0402 r13=0000 r14=0000 r15=43EC
t=85.202877250 pc=003B0D66 fcw=D048 r0=010F r1=0008 r2=FFFF r3=12F8 r4=3D06 r5=2FA2 r6=0000 r7=0000 r8=002F r9=0002 r10=0000 r11=0AE6 r12=0402 r13=0000 r14=0000 r15=43EC
t=85.202880750 pc=003B0D6A fcw=D048 r0=010F r1=0008 r2=2000 r3=12F8 r4=3D06 r5=2FA2 r6=0000 r7=0000 r8=002F r9=0002 r10=0000 r11=0AE6 r12=0402 r13=0000 r14=0000 r15=43EC
t=85.202882250 pc=003B0D6C fcw=D048 r0=010F r1=0008 r2=0020 r3=12F8 r4=3D06 r5=2FA2 r6=0000 r7=0000 r8=002F r9=0002 r10=0000 r11=0AE6 r12=0402 r13=0000 r14=0000 r15=43EC
t=85.202885750 pc=003B0D70 fcw=D048 r0=010F r1=0008 r2=0020 r3=1202 r4=3D06 r5=2FA2 r6=0000 r7=0000 r8=002F r9=0002 r10=0000 r11=0AE6 r12=0402 r13=0000 r14=0000 r15=43EC
t=85.202887500 pc=003B0D74 fcw=D008 r0=010F r1=0008 r2=0020 r3=0002 r4=3D06 r5=2FA2 r6=0000 r7=0000 r8=002F r9=0002 r10=0000 r11=0AE6 r12=0402 r13=0000 r14=0000 r15=43EC
t=85.202888750 pc=003B0D76 fcw=D008 r0=010F r1=0008 r2=0020 r3=0002 r4=0000 r5=0AE6 r6=0000 r7=0000 r8=002F r9=0002 r10=0000 r11=0AE6 r12=0402 r13=0000 r14=0000 r15=43EC
t=85.202890500 pc=003B0D7A fcw=D008 r0=010F r1=0008 r2=0020 r3=0002 r4=0000 r5=0B2C r6=0000 r7=0000 r8=002F r9=0002 r10=0000 r11=0AE6 r12=0402 r13=0000 r14=0000 r15=43EC
t=85.202891250 pc=003B0D7C fcw=D008 r0=010F r1=0008 r2=0020 r3=0002 r4=0000 r5=0B2C r6=0000 r7=0000 r8=002F r9=0002 r10=0000 r11=0AE6 r12=0402 r13=0000 r14=0000 r15=43EC
t=85.202892000 pc=003B0D7E fcw=D008 r0=010F r1=0008 r2=0020 r3=0002 r4=0000 r5=0B2C r6=0000 r7=0000 r8=0002 r9=0002 r10=0000 r11=0AE6 r12=0402 r13=0000 r14=0000 r15=43EC
t=85.202893750 pc=003B0D82 fcw=D008 r0=010F r1=0008 r2=0020 r3=0002 r4=0000 r5=0B2C r6=0000 r7=0000 r8=0002 r9=0002 r10=0000 r11=0AE6 r12=0402 r13=0000 r14=0000 r15=43EC
t=85.202895250 pc=003B0D84 fcw=D008 r0=010F r1=0008 r2=0020 r3=0002 r4=0000 r5=0B2C r6=0000 r7=0000 r8=0002 r9=0002 r10=0000 r11=0AE6 r12=0402 r13=0000 r14=0000 r15=43EC
t=85.202896250 pc=003B0D86 fcw=D008 r0=010F r1=0008 r2=0020 r3=0002 r4=0000 r5=0B2C r6=0000 r7=0000 r8=0001 r9=0002 r10=0000 r11=0AE6 r12=0402 r13=0000 r14=0000 r15=43EC
t=85.202898000 pc=003B0D8A fcw=D008 r0=010F r1=0008 r2=0020 r3=0002 r4=0000 r5=0B2C r6=0000 r7=0000 r8=002F r9=0002 r10=0000 r11=0AE6 r12=0402 r13=0000 r14=0000 r15=43EC
t=85.202901500 pc=003B0D8E fcw=D008 r0=010F r1=0008 r2=0020 r3=0002 r4=0000 r5=0B2C r6=0000 r7=0000 r8=002F r9=0002 r10=0000 r11=0AE6 r12=0402 r13=0000 r14=0000 r15=43EC
t=85.202902250 pc=003B0D90 fcw=D008 r0=010F r1=0808 r2=0020 r3=0002 r4=0000 r5=0B2C r6=0000 r7=0000 r8=002F r9=0002 r10=0000 r11=0AE6 r12=0402 r13=0000 r14=0000 r15=43EC
t=85.202903250 pc=003B0D92 fcw=D008 r0=010F r1=0808 r2=0020 r3=0002 r4=0000 r5=0B2C r6=0000 r7=0000 r8=002F r9=0002 r10=0000 r11=0AE6 r12=0402 r13=0000 r14=0000 r15=43EC
t=85.202906750 pc=003B0D96 fcw=D008 r0=010F r1=0808 r2=0020 r3=0002 r4=0000 r5=0B2C r6=0000 r7=0000 r8=002F r9=0002 r10=0000 r11=0AE6 r12=0402 r13=0000 r14=0000 r15=43EC
t=85.202910250 pc=003B0D9A fcw=D008 r0=010F r1=4408 r2=0020 r3=0002 r4=0000 r5=0B2C r6=0000 r7=0000 r8=002F r9=0002 r10=0000 r11=0AE6 r12=0402 r13=0000 r14=0000 r15=43EC
t=85.202912500 pc=003B0D9C fcw=D008 r0=010F r1=4408 r2=0020 r3=0002 r4=0000 r5=0B2C r6=0000 r7=0000 r8=002F r9=0002 r10=0000 r11=0AE6 r12=0402 r13=0000 r14=0000 r15=43EA
t=85.202915000 pc=003B167C fcw=D008 r0=010F r1=4408 r2=0020 r3=0002 r4=0000 r5=0B2C r6=0000 r7=0000 r8=002F r9=0002 r10=0000 r11=0AE6 r12=0402 r13=0000 r14=0000 r15=43E6
t=85.202917500 pc=003B1ABA fcw=D008 r0=010F r1=4408 r2=0020 r3=0002 r4=0000 r5=0B2C r6=0000 r7=0000 r8=002F r9=0002 r10=0000 r11=0AE6 r12=0402 r13=0000 r14=0000 r15=43E2
t=85.202920000 pc=003B1A8E fcw=D008 r0=010F r1=4408 r2=0020 r3=0002 r4=0000 r5=0B2C r6=0000 r7=0000 r8=002F r9=0002 r10=0000 r11=0AE6 r12=0402 r13=0000 r14=0000 r15=43DE
t=85.202923500 pc=003B1A92 fcw=D008 r0=019B r1=4408 r2=0020 r3=0002 r4=0000 r5=0B2C r6=0000 r7=0000 r8=002F r9=0002 r10=0000 r11=0AE6 r12=0402 r13=0000 r14=0000 r15=43DE
t=85.202924500 pc=003B1A94 fcw=D008 r0=019A r1=4408 r2=0020 r3=0002 r4=0000 r5=0B2C r6=0000 r7=0000 r8=002F r9=0002 r10=0000 r11=0AE6 r12=0402 r13=0000 r14=0000 r15=43DE
t=85.202925250 pc=003B1A96 fcw=D008 r0=019A r1=4408 r2=2020 r3=0002 r4=0000 r5=0B2C r6=0000 r7=0000 r8=002F r9=0002 r10=0000 r11=0AE6 r12=0402 r13=0000 r14=0000 r15=43DE
t=85.202926500 pc=003B1A98 fcw=D008 r0=019A r1=4408 r2=20E7 r3=0002 r4=0000 r5=0B2C r6=0000 r7=0000 r8=002F r9=0002 r10=0000 r11=0AE6 r12=0402 r13=0000 r14=0000 r15=43DE
t=85.202929500 pc=003B1A9A fcw=D008 r0=019A r1=4408 r2=20E7 r3=0002 r4=0000 r5=0B2C r6=0000 r7=0000 r8=002F r9=0002 r10=0000 r11=0AE6 r12=0402 r13=0000 r14=0000 r15=43DE
t=85.202933000 pc=003B1A9E fcw=D008 r0=019A r1=4408 r2=20E7 r3=0002 r4=0000 r5=0B2C r6=0000 r7=0000 r8=002F r9=0002 r10=0000 r11=0AE6 r12=0402 r13=0000 r14=0000 r15=43DE
t=85.202933750 pc=003B1AA0 fcw=D008 r0=019A r1=4408 r2=2020 r3=0002 r4=0000 r5=0B2C r6=0000 r7=0000 r8=002F r9=0002 r10=0000 r11=0AE6 r12=0402 r13=0000 r14=0000 r15=43DE
t=85.202934750 pc=003B1AA2 fcw=D048 r0=019A r1=4408 r2=2020 r3=0002 r4=0000 r5=0B2C r6=0000 r7=0000 r8=002F r9=0002 r10=0000 r11=0AE6 r12=0402 r13=0000 r14=0000 r15=43DE
t=85.202937250 pc=003B1ABC fcw=D048 r0=019A r1=4408 r2=2020 r3=0002 r4=0000 r5=0B2C r6=0000 r7=0000 r8=002F r9=0002 r10=0000 r11=0AE6 r12=0402 r13=0000 r14=0000 r15=43E2
t=85.202938000 pc=003B1ABE fcw=D048 r0=019A r1=4408 r2=2020 r3=0002 r4=0000 r5=0B2C r6=0000 r7=0000 r8=002F r9=0002 r10=0000 r11=0AE6 r12=0402 r13=0000 r14=0000 r15=43E2
t=85.202939250 pc=003B1AC0 fcw=D048 r0=019A r1=4408 r2=20F7 r3=0002 r4=0000 r5=0B2C r6=0000 r7=0000 r8=002F r9=0002 r10=0000 r11=0AE6 r12=0402 r13=0000 r14=0000 r15=43E2
t=85.202941750 pc=003B1AC2 fcw=D048 r0=019A r1=4408 r2=20F7 r3=0002 r4=0000 r5=0B2C r6=0000 r7=0001 r8=002F r9=0002 r10=0000 r11=0AE6 r12=0402 r13=0000 r14=0000 r15=43E2
t=85.202943500 pc=003B1AC6 fcw=D008 r0=019A r1=4408 r2=20F7 r3=0002 r4=0000 r5=0B2C r6=0000 r7=0001 r8=002F r9=0002 r10=0000 r11=0AE6 r12=0402 r13=0000 r14=0000 r15=43E2
t=85.202945250 pc=003B1ACA fcw=D028 r0=019A r1=4408 r2=20F7 r3=0002 r4=0000 r5=0B2C r6=0000 r7=00F1 r8=002F r9=0002 r10=0000 r11=0AE6 r12=0402 r13=0000 r14=0000 r15=43E2
t=85.202946250 pc=003B1ACC fcw=D048 r0=019A r1=4408 r2=20F7 r3=0002 r4=0000 r5=0B2C r6=0000 r7=00F1 r8=002F r9=0002 r10=0000 r11=0AE6 r12=0402 r13=0000 r14=0000 r15=43E2
t=85.202947500 pc=003B1ACE fcw=D048 r0=019A r1=4408 r2=20FF r3=0002 r4=0000 r5=0B2C r6=0000 r7=00F1 r8=002F r9=0002 r10=0000 r11=0AE6 r12=0402 r13=0000 r14=0000 r15=43E2
t=85.202950500 pc=003B1AD0 fcw=D048 r0=019A r1=4408 r2=20FF r3=0002 r4=0000 r5=0B2C r6=0000 r7=00F1 r8=002F r9=0002 r10=0000 r11=0AE6 r12=0402 r13=0000 r14=0000 r15=43E2
t=85.202953000 pc=003B167E fcw=D048 r0=019A r1=4408 r2=20FF r3=0002 r4=0000 r5=0B2C r6=0000 r7=00F1 r8=002F r9=0002 r10=0000 r11=0AE6 r12=0402 r13=0000 r14=0000 r15=43E6
t=85.202955500 pc=003B0D9E fcw=D048 r0=019A r1=4408 r2=20FF r3=0002 r4=0000 r5=0B2C r6=0000 r7=00F1 r8=002F r9=0002 r10=0000 r11=0AE6 r12=0402 r13=0000 r14=0000 r15=43EA
t=85.202957500 pc=003B0DA0 fcw=D048 r0=019A r1=4408 r2=0020 r3=0002 r4=0000 r5=0B2C r6=0000 r7=00F1 r8=002F r9=0002 r10=0000 r11=0AE6 r12=0402 r13=0000 r14=0000 r15=43EC
t=85.202959750 pc=003B0DA2 fcw=D048 r0=019A r1=4408 r2=0020 r3=0002 r4=0000 r5=0B2C r6=0000 r7=00F1 r8=002F r9=0002 r10=0000 r11=0AE6 r12=0402 r13=0000 r14=0000 r15=43EA
t=85.202962750 pc=003B0DA4 fcw=D048 r0=019A r1=4408 r2=0020 r3=0002 r4=0000 r5=0B2C r6=0000 r7=00F1 r8=002F r9=0002 r10=0000 r11=0AE6 r12=0402 r13=0000 r14=0000 r15=43E6
t=85.202965750 pc=003B0DA6 fcw=D048 r0=019A r1=4408 r2=0020 r3=0002 r4=0000 r5=0B2C r6=0000 r7=00F1 r8=002F r9=0002 r10=0000 r11=0AE6 r12=0402 r13=0000 r14=0000 r15=43E2
t=85.202969250 pc=003B0DAA fcw=D048 r0=019A r1=4408 r2=0020 r3=0102 r4=0000 r5=0B2C r6=0000 r7=00F1 r8=002F r9=0002 r10=0000 r11=0AE6 r12=0402 r13=0000 r14=0000 r15=43E2
t=85.202971000 pc=003B0DAE fcw=D048 r0=019A r1=4408 r2=0020 r3=0102 r4=0000 r5=0B2C r6=0000 r7=00F1 r8=002F r9=0002 r10=0000 r11=0AE6 r12=0402 r13=0000 r14=0000 r15=43E2
t=85.202972500 pc=003B0DBC fcw=D048 r0=019A r1=4408 r2=0020 r3=0102 r4=0000 r5=0B2C r6=0000 r7=00F1 r8=002F r9=0002 r10=0000 r11=0AE6 r12=0402 r13=0000 r14=0000 r15=43E2
t=85.202975500 pc=003B0DBE fcw=D048 r0=019A r1=4408 r2=0020 r3=0102 r4=0000 r5=0B2C r6=0000 r7=00F1 r8=002F r9=0002 r10=0000 r11=0AE6 r12=0402 r13=0000 r14=0000 r15=43E6
t=85.202978500 pc=003B0DC0 fcw=D048 r0=019A r1=4408 r2=0020 r3=0002 r4=0000 r5=0B2C r6=0000 r7=00F1 r8=002F r9=0002 r10=0000 r11=0AE6 r12=0402 r13=0000 r14=0000 r15=43EA
t=85.202980500 pc=003B0DC2 fcw=D048 r0=019A r1=4408 r2=0020 r3=0002 r4=0000 r5=0B2C r6=0000 r7=00F1 r8=002F r9=0002 r10=0000 r11=0AE6 r12=0402 r13=0000 r14=0000 r15=43EC
t=85.202981500 pc=003B0DC4 fcw=D048 r0=019A r1=4408 r2=0020 r3=0002 r4=0000 r5=0B2C r6=0000 r7=00F1 r8=002F r9=0002 r10=0000 r11=0AE6 r12=0402 r13=0000 r14=0000 r15=43EC
t=85.202985750 pc=003B0DC8 fcw=D048 r0=019A r1=4408 r2=0020 r3=0002 r4=0000 r5=0B2C r6=0000 r7=00F1 r8=002F r9=0002 r10=0000 r11=0AE6 r12=0000 r13=0B92 r14=0000 r15=43EC
t=85.202986750 pc=003B0DCA fcw=D048 r0=019A r1=4408 r2=0020 r3=0002 r4=0000 r5=0B2C r6=0000 r7=00F1 r8=002F r9=0002 r10=0000 r11=0AE6 r12=0000 r13=0B92 r14=0000 r15=43EC
t=85.202988250 pc=003B0DDE fcw=D048 r0=019A r1=4408 r2=0020 r3=0002 r4=0000 r5=0B2C r6=0000 r7=00F1 r8=002F r9=0002 r10=0000 r11=0AE6 r12=0000 r13=0B92 r14=0000 r15=43EC
t=85.202989250 pc=003B0DE0 fcw=D048 r0=019A r1=4408 r2=0020 r3=0002 r4=0000 r5=0B2C r6=0000 r7=00F1 r8=002F r9=0002 r10=0000 r11=0AE6 r12=0000 r13=0B92 r14=0000 r15=43EC
t=85.202990750 pc=003B0DF6 fcw=D048 r0=019A r1=4408 r2=0020 r3=0002 r4=0000 r5=0B2C r6=0000 r7=00F1 r8=002F r9=0002 r10=0000 r11=0AE6 r12=0000 r13=0B92 r14=0000 r15=43EC
t=85.202991750 pc=003B0DF8 fcw=D008 r0=019A r1=4408 r2=0020 r3=0002 r4=0000 r5=0B2C r6=0000 r7=00F1 r8=002F r9=0002 r10=0000 r11=0AE6 r12=0000 r13=0B92 r14=0000 r15=43EC
t=85.202993250 pc=003B0DFA fcw=D008 r0=019A r1=4408 r2=0020 r3=0002 r4=0000 r5=0B2C r6=0000 r7=00F1 r8=002F r9=0002 r10=0000 r11=0AE6 r12=0000 r13=0B92 r14=0000 r15=43EC
t=85.202996750 pc=003B0DFE fcw=D008 r0=019A r1=4408 r2=0020 r3=0002 r4=0000 r5=0B2C r6=0100 r7=00F1 r8=002F r9=0002 r10=0000 r11=0AE6 r12=0000 r13=0B92 r14=0000 r15=43EC
t=85.202998500 pc=003B0E02 fcw=D048 r0=019A r1=4408 r2=0020 r3=0002 r4=0000 r5=0B2C r6=0100 r7=00F1 r8=002F r9=0002 r10=0000 r11=0AE6 r12=0000 r13=0B92 r14=0000 r15=43EC
t=85.203000000 pc=003B0E04 fcw=D048 r0=019A r1=4408 r2=0020 r3=0002 r4=0000 r5=0B2C r6=0100 r7=00F1 r8=002F r9=0002 r10=0000 r11=0AE6 r12=0000 r13=0B92 r14=0000 r15=43EC
t=85.203003000 pc=003B0E06 fcw=D048 r0=019A r1=4408 r2=0020 r3=0002 r4=0000 r5=0B2C r6=0100 r7=00F1 r8=002F r9=0002 r10=0000 r11=0AE6 r12=0000 r13=0B92 r14=0000 r15=43E8
t=85.203006000 pc=003B0E08 fcw=D048 r0=019A r1=4408 r2=0020 r3=0002 r4=0000 r5=0B2C r6=0100 r7=00F1 r8=002F r9=0002 r10=0000 r11=0AE6 r12=0000 r13=0B92 r14=0000 r15=43E4
t=85.203009000 pc=003B0E0A fcw=D048 r0=019A r1=4408 r2=0020 r3=0002 r4=0000 r5=0B2C r6=0100 r7=00F1 r8=002F r9=0002 r10=0000 r11=0AE6 r12=0000 r13=0B92 r14=0000 r15=43E0
t=85.203011250 pc=003B0E0C fcw=D048 r0=019A r1=4408 r2=0020 r3=0002 r4=0000 r5=0B2C r6=0100 r7=00F1 r8=002F r9=0002 r10=0000 r11=0AE6 r12=0000 r13=0B92 r14=0000 r15=43DE
t=85.203013750 pc=003B1680 fcw=D048 r0=019A r1=4408 r2=0020 r3=0002 r4=0000 r5=0B2C r6=0100 r7=00F1 r8=002F r9=0002 r10=0000 r11=0AE6 r12=0000 r13=0B92 r14=0000 r15=43DA
t=85.203016250 pc=003B1AD2 fcw=D048 r0=019A r1=4408 r2=0020 r3=0002 r4=0000 r5=0B2C r6=0100 r7=00F1 r8=002F r9=0002 r10=0000 r11=0AE6 r12=0000 r13=0B92 r14=0000 r15=43D6
t=85.203018000 pc=003B1AD4 fcw=D048 r0=019A r1=4408 r2=0020 r3=0002 r4=0000 r5=0B2C r6=009A r7=00F1 r8=002F r9=0002 r10=0000 r11=0AE6 r12=0000 r13=0B92 r14=0000 r15=43D6
t=85.203019000 pc=003B1AD6 fcw=D048 r0=019A r1=4408 r2=0020 r3=0000 r4=0000 r5=0B2C r6=009A r7=00F1 r8=002F r9=0002 r10=0000 r11=0AE6 r12=0000 r13=0B92 r14=0000 r15=43D6
t=85.203021500 pc=003B1D20 fcw=D048 r0=019A r1=4408 r2=0020 r3=0000 r4=0000 r5=0B2C r6=009A r7=00F1 r8=002F r9=0002 r10=0000 r11=0AE6 r12=0000 r13=0B92 r14=0000 r15=43D2
t=85.203022250 pc=003B1D22 fcw=D048 r0=019A r1=4408 r2=2020 r3=0000 r4=0000 r5=0B2C r6=009A r7=00F1 r8=002F r9=0002 r10=0000 r11=0AE6 r12=0000 r13=0B92 r14=0000 r15=43D2
t=85.203023500 pc=003B1D24 fcw=D048 r0=019A r1=4408 r2=20F7 r3=0000 r4=0000 r5=0B2C r6=009A r7=00F1 r8=002F r9=0002 r10=0000 r11=0AE6 r12=0000 r13=0B92 r14=0000 r15=43D2
t=85.203026000 pc=003B1D26 fcw=D048 r0=0101 r1=4408 r2=20F7 r3=0000 r4=0000 r5=0B2C r6=009A r7=00F1 r8=002F r9=0002 r10=0000 r11=0AE6 r12=0000 r13=0B92 r14=0000 r15=43D2
t=85.203027000 pc=003B1D28 fcw=D008 r0=0101 r1=4408 r2=20F7 r3=0000 r4=0000 r5=0B2C r6=009A r7=00F1 r8=002F r9=0002 r10=0000 r11=0AE6 r12=0000 r13=0B92 r14=0000 r15=43D2
t=85.203028500 pc=003B1D2A fcw=D008 r0=0101 r1=4408 r2=20F7 r3=0000 r4=0000 r5=0B2C r6=009A r7=00F1 r8=002F r9=0002 r10=0000 r11=0AE6 r12=0000 r13=0B92 r14=0000 r15=43D2
t=85.203029750 pc=003B1D2C fcw=D008 r0=0101 r1=4408 r2=20F7 r3=0000 r4=0000 r5=0B2C r6=009A r7=000D r8=002F r9=0002 r10=0000 r11=0AE6 r12=0000 r13=0B92 r14=0000 r15=43D2
t=85.203031250 pc=003B1D30 fcw=D008 r0=0101 r1=4408 r2=20F7 r3=0000 r4=0000 r5=0B2C r6=009A r7=000D r8=002F r9=0002 r10=0000 r11=0AE6 r12=0000 r13=0B92 r14=0000 r15=43D2
t=85.203032500 pc=003B1D32 fcw=D008 r0=0101 r1=4408 r2=209F r3=0000 r4=0000 r5=0B2C r6=009A r7=000D r8=002F r9=0002 r10=0000 r11=0AE6 r12=0000 r13=0B92 r14=0000 r15=43D2
t=85.203033750 pc=003B1D34 fcw=D008 r0=0170 r1=4408 r2=209F r3=0000 r4=0000 r5=0B2C r6=009A r7=000D r8=002F r9=0002 r10=0000 r11=0AE6 r12=0000 r13=0B92 r14=0000 r15=43D2
t=85.203036750 pc=003B1D36 fcw=D008 r0=0170 r1=4408 r2=209F r3=0000 r4=0000 r5=0B2C r6=009A r7=000D r8=002F r9=0002 r10=0000 r11=0AE6 r12=0000 r13=0B92 r14=0000 r15=43D2
t=85.203038000 pc=003B1D38 fcw=D008 r0=0180 r1=4408 r2=209F r3=0000 r4=0000 r5=0B2C r6=009A r7=000D r8=002F r9=0002 r10=0000 r11=0AE6 r12=0000 r13=0B92 r14=0000 r15=43D2
t=85.203041000 pc=003B1D3A fcw=D008 r0=0180 r1=4408 r2=209F r3=0000 r4=0000 r5=0B2C r6=009A r7=000D r8=002F r9=0002 r10=0000 r11=0AE6 r12=0000 r13=0B92 r14=0000 r15=43D2
t=85.203042250 pc=003B1D3C fcw=D008 r0=0180 r1=4408 r2=209D r3=0000 r4=0000 r5=0B2C r6=009A r7=000D r8=002F r9=0002 r10=0000 r11=0AE6 r12=0000 r13=0B92 r14=0000 r15=43D2
t=85.203044750 pc=003B1D3E fcw=D008 r0=0101 r1=4408 r2=209D r3=0000 r4=0000 r5=0B2C r6=009A r7=000D r8=002F r9=0002 r10=0000 r11=0AE6 r12=0000 r13=0B92 r14=0000 r15=43D2
t=85.203046000 pc=003B1D40 fcw=D008 r0=0101 r1=4408 r2=209F r3=0000 r4=0000 r5=0B2C r6=009A r7=000D r8=002F r9=0002 r10=0000 r11=0AE6 r12=0000 r13=0B92 r14=0000 r15=43D2
t=85.203047250 pc=003B1D42 fcw=D008 r0=9001 r1=4408 r2=209F r3=0000 r4=0000 r5=0B2C r6=009A r7=000D r8=002F r9=0002 r10=0000 r11=0AE6 r12=0000 r13=0B92 r14=0000 r15=43D2
t=85.203050250 pc=003B1D44 fcw=D008 r0=9001 r1=4408 r2=209F r3=0000 r4=0000 r5=0B2C r6=009A r7=000D r8=002F r9=0002 r10=0000 r11=0AE6 r12=0000 r13=0B92 r14=0000 r15=43D2
t=85.203051250 pc=003B1D46 fcw=D008 r0=9001 r1=4408 r2=209F r3=0000 r4=0000 r5=0B2C r6=009A r7=000D r8=002F r9=0002 r10=0000 r11=0AE6 r12=0000 r13=0B92 r14=0000 r15=43D2
t=85.203052750 pc=003B1D48 fcw=D008 r0=9001 r1=4408 r2=209F r3=0000 r4=0000 r5=0B2C r6=009A r7=000D r8=002F r9=0002 r10=0000 r11=0AE6 r12=0000 r13=0B92 r14=0000 r15=43D2
t=85.203053750 pc=003B1D4A fcw=D048 r0=9000 r1=4408 r2=209F r3=0000 r4=0000 r5=0B2C r6=009A r7=000D r8=002F r9=0002 r10=0000 r11=0AE6 r12=0000 r13=0B92 r14=0000 r15=43D2
t=85.203054750 pc=003B1D4C fcw=D048 r0=0000 r1=4408 r2=209F r3=0000 r4=0000 r5=0B2C r6=009A r7=000D r8=002F r9=0002 r10=0000 r11=0AE6 r12=0000 r13=0B92 r14=0000 r15=43D2
t=85.203056750 pc=003B1D4E fcw=D048 r0=0000 r1=4408 r2=209F r3=0000 r4=0000 r5=0B2C r6=009A r7=000D r8=002F r9=0002 r10=0000 r11=0AE6 r12=0000 r13=0B92 r14=0000 r15=43D2
t=85.203057750 pc=003B1D50 fcw=D048 r0=0000 r1=4408 r2=209F r3=0000 r4=0000 r5=0B2C r6=009A r7=000D r8=002F r9=0002 r10=0000 r11=0AE6 r12=0000 r13=0B92 r14=0000 r15=43D2
t=85.203058500 pc=003B1D52 fcw=D048 r0=0000 r1=4408 r2=2020 r3=0000 r4=0000 r5=0B2C r6=009A r7=000D r8=002F r9=0002 r10=0000 r11=0AE6 r12=0000 r13=0B92 r14=0000 r15=43D2
t=85.203061000 pc=003B1AD8 fcw=D048 r0=0000 r1=4408 r2=2020 r3=0000 r4=0000 r5=0B2C r6=009A r7=000D r8=002F r9=0002 r10=0000 r11=0AE6 r12=0000 r13=0B92 r14=0000 r15=43D6
t=85.203063000 pc=003B1ADA fcw=D048 r0=0000 r1=4408 r2=2020 r3=0000 r4=0000 r5=0B2C r6=009A r7=000D r8=002F r9=0002 r10=0000 r11=0AE6 r12=0000 r13=0B92 r14=0000 r15=43D6
t=85.203064750 pc=003B1ADE fcw=D048 r0=0000 r1=4408 r2=2020 r3=0000 r4=0000 r5=0B2C r6=009A r7=0000 r8=002F r9=0002 r10=0000 r11=0AE6 r12=0000 r13=0B92 r14=0000 r15=43D6
t=85.203067250 pc=003B1682 fcw=D048 r0=0000 r1=4408 r2=2020 r3=0000 r4=0000 r5=0B2C r6=009A r7=0000 r8=002F r9=0002 r10=0000 r11=0AE6 r12=0000 r13=0B92 r14=0000 r15=43DA
t=85.203069750 pc=003B0E0E fcw=D048 r0=0000 r1=4408 r2=2020 r3=0000 r4=0000 r5=0B2C r6=009A r7=0000 r8=002F r9=0002 r10=0000 r11=0AE6 r12=0000 r13=0B92 r14=0000 r15=43DE
t=85.203071750 pc=003B0E10 fcw=D048 r0=0000 r1=4408 r2=2020 r3=0000 r4=0000 r5=0B2C r6=009A r7=0000 r8=002F r9=0002 r10=0000 r11=0AE6 r12=0000 r13=0B92 r14=0000 r15=43E0
t=85.203074750 pc=003B0E12 fcw=D048 r0=0000 r1=4408 r2=2020 r3=0000 r4=0000 r5=0B2C r6=009A r7=0000 r8=002F r9=0002 r10=0000 r11=0AE6 r12=0000 r13=0B92 r14=0000 r15=43E4
t=85.203077750 pc=003B0E14 fcw=D048 r0=0000 r1=4408 r2=2020 r3=0000 r4=0000 r5=0B2C r6=0100 r7=00F1 r8=002F r9=0002 r10=0000 r11=0AE6 r12=0000 r13=0B92 r14=0000 r15=43E8
t=85.203079000 pc=003B0E16 fcw=D048 r0=0000 r1=4408 r2=2020 r3=0002 r4=0000 r5=0B2C r6=0100 r7=00F1 r8=002F r9=0002 r10=0000 r11=0AE6 r12=0000 r13=0B92 r14=0000 r15=43E8
t=85.203082500 pc=003B0E1A fcw=D048 r0=0000 r1=4408 r2=2020 r3=0002 r4=0000 r5=0B2C r6=0100 r7=00F1 r8=002F r9=0002 r10=0000 r11=0AE6 r12=0000 r13=0B92 r14=0000 r15=43E8
t=85.203084250 pc=003B0E1E fcw=D048 r0=0000 r1=4408 r2=2020 r3=003A r4=0000 r5=0B2C r6=0100 r7=00F1 r8=002F r9=0002 r10=0000 r11=0AE6 r12=0000 r13=0B92 r14=0000 r15=43E8
t=85.203087750 pc=003B0E22 fcw=D048 r0=0000 r1=4408 r2=2002 r3=003A r4=0000 r5=0B2C r6=0100 r7=00F1 r8=002F r9=0002 r10=0000 r11=0AE6 r12=0000 r13=0B92 r14=0000 r15=43E8
t=85.203088750 pc=003B0E24 fcw=D048 r0=0000 r1=4408 r2=2002 r3=003A r4=0000 r5=0B2C r6=0100 r7=00F1 r8=002F r9=0002 r10=0000 r11=0AE6 r12=0000 r13=0B92 r14=0000 r15=43E8
t=85.203090250 pc=003B0E26 fcw=D048 r0=0000 r1=4408 r2=2002 r3=003A r4=0000 r5=0B2C r6=0100 r7=00F1 r8=002F r9=0002 r10=0000 r11=0AE6 r12=0000 r13=0B92 r14=0000 r15=43E8
t=85.203091250 pc=003B0E28 fcw=D008 r0=0000 r1=4408 r2=2002 r3=003B r4=0000 r5=0B2C r6=0100 r7=00F1 r8=002F r9=0002 r10=0000 r11=0AE6 r12=0000 r13=0B92 r14=0000 r15=43E8
t=85.203094750 pc=003B0E2C fcw=D008 r0=0000 r1=4408 r2=20FA r3=003B r4=0000 r5=0B2C r6=0100 r7=00F1 r8=002F r9=0002 r10=0000 r11=0AE6 r12=0000 r13=0B92 r14=0000 r15=43E8
t=85.203098250 pc=003B0E30 fcw=D008 r0=0000 r1=4408 r2=20FA r3=003B r4=0000 r5=0B2C r6=0100 r7=00F1 r8=002F r9=0002 r10=0000 r11=0AE6 r12=0000 r13=0B92 r14=0000 r15=43E8
t=85.203101250 pc=003B0E32 fcw=D008 r0=0000 r1=4408 r2=0020 r3=0002 r4=0000 r5=0B2C r6=0100 r7=00F1 r8=002F r9=0002 r10=0000 r11=0AE6 r12=0000 r13=0B92 r14=0000 r15=43EC
t=85.203103000 pc=003B0E34 fcw=D008 r0=0000 r1=4408 r2=0020 r3=0002 r4=0000 r5=0B2C r6=01FF r7=00F1 r8=002F r9=0002 r10=0000 r11=0AE6 r12=0000 r13=0B92 r14=0000 r15=43EC
t=85.203104750 pc=003B0E38 fcw=D0A8 r0=0000 r1=4408 r2=0020 r3=0002 r4=0000 r5=0B2C r6=01FF r7=00F1 r8=002F r9=0002 r10=0000 r11=0AE6 r12=0000 r13=0B92 r14=0000 r15=43EC
t=85.203106250 pc=003B0E64 fcw=D0A8 r0=0000 r1=4408 r2=0020 r3=0002 r4=0000 r5=0B2C r6=01FF r7=00F1 r8=002F r9=0002 r10=0000 r11=0AE6 r12=0000 r13=0B92 r14=0000 r15=43EC
t=85.203108000 pc=003B0E68 fcw=D0A8 r0=0000 r1=4408 r2=0020 r3=0002 r4=0000 r5=0B2C r6=01FF r7=00F1 r8=002F r9=0002 r10=0000 r11=0AE6 r12=0000 r13=0B92 r14=0000 r15=43EC
t=85.203109500 pc=003B0E6E fcw=D0A8 r0=0000 r1=4408 r2=0020 r3=0002 r4=0000 r5=0B2C r6=01FF r7=00F1 r8=002F r9=0002 r10=0000 r11=0AE6 r12=0000 r13=0B92 r14=0000 r15=43EC
t=85.203110500 pc=003B0E70 fcw=D0E8 r0=0000 r1=4408 r2=0020 r3=0002 r4=0000 r5=0B2C r6=01FF r7=00F1 r8=002F r9=0002 r10=0000 r11=0AE6 r12=0000 r13=0B92 r14=0000 r15=43EC
t=85.203112000 pc=003B0E74 fcw=D0E8 r0=0000 r1=4408 r2=0020 r3=0002 r4=0000 r5=0B2C r6=01FF r7=00F1 r8=002F r9=0002 r10=0000 r11=0AE6 r12=0000 r13=0B92 r14=0000 r15=43EC
t=85.203113750 pc=003B0E76 fcw=D0B8 r0=0000 r1=4408 r2=0020 r3=0002 r4=0000 r5=0B2C r6=01FF r7=00F1 r8=002F r9=0002 r10=0000 r11=0AE6 r12=0000 r13=0B92 r14=0000 r15=43EC
t=85.203115250 pc=003B0E78 fcw=D0B8 r0=0000 r1=4408 r2=0020 r3=0002 r4=0000 r5=0B2C r6=01FF r7=00F1 r8=002F r9=0002 r10=0000 r11=0AE6 r12=0000 r13=0B92 r14=0000 r15=43EC
t=85.203117000 pc=003B0E7C fcw=D048 r0=0000 r1=4408 r2=0020 r3=0002 r4=0000 r5=0B2C r6=01FF r7=00F1 r8=002F r9=0002 r10=0000 r11=0AE6 r12=0000 r13=0B92 r14=0000 r15=43EC
t=85.203118500 pc=003B0E7E fcw=D048 r0=0000 r1=4408 r2=0020 r3=0002 r4=0000 r5=0B2C r6=01FF r7=00F1 r8=002F r9=0002 r10=0000 r11=0AE6 r12=0000 r13=0B92 r14=0000 r15=43EC
t=85.203122000 pc=003B0E82 fcw=D048 r0=0000 r1=4408 r2=0020 r3=0002 r4=0000 r5=0B2C r6=0105 r7=00F1 r8=002F r9=0002 r10=0000 r11=0AE6 r12=0000 r13=0B92 r14=0000 r15=43EC
t=85.203124500 pc=003B0944 fcw=D048 r0=0000 r1=4408 r2=0020 r3=0002 r4=0000 r5=0B2C r6=0105 r7=00F1 r8=002F r9=0002 r10=0000 r11=0AE6 r12=0000 r13=0B92 r14=0000 r15=43E8
t=85.203128750 pc=003B0948 fcw=D048 r0=0000 r1=4408 r2=0020 r3=0002 r4=0000 r5=0B2C r6=0105 r7=00F1 r8=002F r9=0002 r10=0000 r11=0AE6 r12=0000 r13=0B92 r14=0000 r15=43E8
t=85.203131750 pc=003B094A fcw=D048 r0=0000 r1=4408 r2=0020 r3=0002 r4=0000 r5=0B2C r6=0105 r7=00F1 r8=002F r9=0002 r10=0000 r11=0AE6 r12=0000 r13=0B92 r14=0000 r15=43E4
t=85.203133750 pc=003B094C fcw=D048 r0=0000 r1=4408 r2=0000 r3=0000 r4=0000 r5=0B2C r6=0105 r7=00F1 r8=002F r9=0002 r10=0000 r11=0AE6 r12=0000 r13=0B92 r14=0000 r15=43E4
t=85.203136500 pc=003B094E fcw=D048 r0=0000 r1=4408 r2=0000 r3=0000 r4=0000 r5=0B2C r6=0105 r7=00F1 r8=002F r9=0002 r10=0000 r11=0AE6 r12=0000 r13=0B92 r14=0000 r15=43E4
t=85.203140000 pc=003B0952 fcw=D048 r0=0000 r1=4408 r2=0000 r3=0000 r4=0000 r5=0B2C r6=0105 r7=00F1 r8=002F r9=0002 r10=0000 r11=0AE6 r12=0000 r13=0B92 r14=0000 r15=43E4
t=85.203143500 pc=003B0956 fcw=D048 r0=0000 r1=4408 r2=0000 r3=0000 r4=0000 r5=0B2C r6=0105 r7=00F1 r8=002F r9=0002 r10=0000 r11=0AE6 r12=0000 r13=0B92 r14=0000 r15=43E4
t=85.203146500 pc=003B0958 fcw=D048 r0=0000 r1=4408 r2=0020 r3=0002 r4=0000 r5=0B2C r6=0105 r7=00F1 r8=002F r9=0002 r10=0000 r11=0AE6 r12=0000 r13=0B92 r14=0000 r15=43E8
t=85.203147500 pc=003B095A fcw=D048 r0=0000 r1=4408 r2=0020 r3=0002 r4=0000 r5=0B2C r6=0105 r7=00F1 r8=002F r9=0002 r10=0000 r11=0AE6 r12=0000 r13=0B92 r14=0000 r15=43E8
t=85.203148500 pc=003B095C fcw=D008 r0=0000 r1=4408 r2=0020 r3=0002 r4=0000 r5=0B2C r6=0105 r7=00F1 r8=002F r9=0002 r10=0000 r11=0AE6 r12=0000 r13=0B92 r14=0000 r15=43E8
t=85.203150000 pc=003B095E fcw=D008 r0=0000 r1=4408 r2=0020 r3=0002 r4=0000 r5=0B2C r6=0105 r7=00F1 r8=002F r9=0002 r10=0000 r11=0AE6 r12=0000 r13=0B92 r14=0000 r15=43E8
t=85.203151750 pc=003B0960 fcw=D008 r0=0000 r1=4408 r2=0020 r3=0002 r4=0000 r5=0B2C r6=0105 r7=FFF1 r8=002F r9=0002 r10=0000 r11=0AE6 r12=0000 r13=0B92 r14=0000 r15=43E8
t=85.203153500 pc=003B0964 fcw=D048 r0=0000 r1=4408 r2=0020 r3=0002 r4=0000 r5=0B2C r6=0105 r7=FFF1 r8=002F r9=0002 r10=0000 r11=0AE6 r12=0000 r13=0B92 r14=0000 r15=43E8
t=85.203155000 pc=003B0966 fcw=D048 r0=0000 r1=4408 r2=0020 r3=0002 r4=0000 r5=0B2C r6=0105 r7=FFF1 r8=002F r9=0002 r10=0000 r11=0AE6 r12=0000 r13=0B92 r14=0000 r15=43E8
t=85.203156750 pc=003B0968 fcw=D068 r0=0000 r1=4408 r2=0020 r3=0002 r4=0000 r5=0B2C r6=0105 r7=FFF1 r8=002F r9=0002 r10=0000 r11=0AE6 r12=0000 r13=0B92 r14=0000 r15=43E8
t=85.203158500 pc=003B096A fcw=D038 r0=0000 r1=4408 r2=0020 r3=0002 r4=0000 r5=0B2C r6=0105 r7=FFF1 r8=002F r9=0002 r10=0000 r11=0AE6 r12=0000 r13=0B92 r14=0000 r15=43E8
t=85.203160000 pc=003B096C fcw=D038 r0=0000 r1=4408 r2=0020 r3=0002 r4=0000 r5=0B2C r6=0105 r7=FFF1 r8=002F r9=0002 r10=0000 r11=0AE6 r12=0000 r13=0B92 r14=0000 r15=43E8
t=85.203161000 pc=003B096E fcw=D038 r0=0000 r1=4409 r2=0020 r3=0002 r4=0000 r5=0B2C r6=0105 r7=FFF1 r8=002F r9=0002 r10=0000 r11=0AE6 r12=0000 r13=0B92 r14=0000 r15=43E8
t=85.203164500 pc=003B0972 fcw=D038 r0=0001 r1=4409 r2=0020 r3=0002 r4=0000 r5=0B2C r6=0105 r7=FFF1 r8=002F r9=0002 r10=0000 r11=0AE6 r12=0000 r13=0B92 r14=0000 r15=43E8
t=85.203168000 pc=003B0976 fcw=D038 r0=0001 r1=4409 r2=0020 r3=0002 r4=0000 r5=0B2C r6=0105 r7=FFF1 r8=002F r9=0002 r10=0000 r11=0AE6 r12=0000 r13=0B92 r14=0000 r15=43E8
t=85.203171000 pc=003B0978 fcw=D038 r0=0001 r1=4409 r2=0020 r3=0002 r4=0000 r5=0B2C r6=0105 r7=FFF1 r8=002F r9=0002 r10=0000 r11=0AE6 r12=0000 r13=0B92 r14=0000 r15=43E4
t=85.203174000 pc=003B097A fcw=D038 r0=0001 r1=4409 r2=0020 r3=0002 r4=0000 r5=0B2C r6=0105 r7=FFF1 r8=002F r9=0002 r10=0000 r11=0AE6 r12=0000 r13=0B92 r14=0000 r15=43E0
t=85.203176250 pc=003B097C fcw=D038 r0=0001 r1=4409 r2=0020 r3=0002 r4=0000 r5=0B2C r6=0105 r7=FFF1 r8=002F r9=0002 r10=0000 r11=0AE6 r12=0000 r13=0B92 r14=0000 r15=43DE
t=85.203178500 pc=003B097E fcw=D038 r0=0001 r1=4409 r2=0020 r3=0002 r4=0000 r5=0B2C r6=0105 r7=FFF1 r8=002F r9=0002 r10=0000 r11=0AE6 r12=0000 r13=0B92 r14=0000 r15=43DC
t=85.203181000 pc=003B1660 fcw=D038 r0=0001 r1=4409 r2=0020 r3=0002 r4=0000 r5=0B2C r6=0105 r7=FFF1 r8=002F r9=0002 r10=0000 r11=0AE6 r12=0000 r13=0B92 r14=0000 r15=43D8
t=85.203183500 pc=003B1A7C fcw=D038 r0=0001 r1=4409 r2=0020 r3=0002 r4=0000 r5=0B2C r6=0105 r7=FFF1 r8=002F r9=0002 r10=0000 r11=0AE6 r12=0000 r13=0B92 r14=0000 r15=43D4
t=85.203185250 pc=003B1A80 fcw=D038 r0=0700 r1=4409 r2=0020 r3=0002 r4=0000 r5=0B2C r6=0105 r7=FFF1 r8=002F r9=0002 r10=0000 r11=0AE6 r12=0000 r13=0B92 r14=0000 r15=43D4
t=85.203186500 pc=003B1A82 fcw=D038 r0=0700 r1=4409 r2=0020 r3=0002 r4=0000 r5=0B2C r6=0000 r7=0B2C r8=002F r9=0002 r10=0000 r11=0AE6 r12=0000 r13=0B92 r14=0000 r15=43D4
t=85.203188250 pc=003B1A86 fcw=D008 r0=0700 r1=4409 r2=0020 r3=0002 r4=0000 r5=0B2C r6=0000 r7=0B2C r8=002F r9=0002 r10=0000 r11=0AE6 r12=0000 r13=0B92 r14=0000 r15=43D4
t=85.203189250 pc=003B1A88 fcw=D008 r0=0702 r1=4409 r2=0020 r3=0002 r4=0000 r5=0B2C r6=0000 r7=0B2C r8=002F r9=0002 r10=0000 r11=0AE6 r12=0000 r13=0B92 r14=0000 r15=43D4
t=85.203190500 pc=003B1A8A fcw=D008 r0=0702 r1=4409 r2=0020 r3=0002 r4=0000 r5=0B02 r6=0000 r7=0B2C r8=002F r9=0002 r10=0000 r11=0AE6 r12=0000 r13=0B92 r14=0000 r15=43D4
t=85.203193000 pc=003B18D8 fcw=D008 r0=0702 r1=4409 r2=0020 r3=0002 r4=0000 r5=0B02 r6=0000 r7=0B2C r8=002F r9=0002 r10=0000 r11=0AE6 r12=0000 r13=0B92 r14=0000 r15=43D0
t=85.203196000 pc=003B18DA fcw=D008 r0=0702 r1=4409 r2=0020 r3=0002 r4=0000 r5=0B02 r6=0000 r7=0B2C r8=002F r9=0002 r10=0000 r11=0AE6 r12=0000 r13=0B92 r14=0000 r15=43CC
t=85.203199000 pc=003B18DC fcw=D008 r0=0702 r1=4409 r2=0020 r3=0002 r4=0000 r5=0B02 r6=0000 r7=0B2C r8=002F r9=0002 r10=0000 r11=0AE6 r12=0000 r13=0B92 r14=0000 r15=43C8
t=85.203199750 pc=003B18DE fcw=D008 r0=0702 r1=4409 r2=2020 r3=0002 r4=0000 r5=0B02 r6=0000 r7=0B2C r8=002F r9=0002 r10=0000 r11=0AE6 r12=0000 r13=0B92 r14=0000 r15=43C8
t=85.203201000 pc=003B18E0 fcw=D008 r0=0702 r1=4409 r2=201D r3=0002 r4=0000 r5=0B02 r6=0000 r7=0B2C r8=002F r9=0002 r10=0000 r11=0AE6 r12=0000 r13=0B92 r14=0000 r15=43C8
t=85.203203500 pc=003B18E2 fcw=D008 r0=0702 r1=4409 r2=201D r3=0002 r4=8000 r5=0B02 r6=0000 r7=0B2C r8=002F r9=0002 r10=0000 r11=0AE6 r12=0000 r13=0B92 r14=0000 r15=43C8
t=85.203204500 pc=003B18E4 fcw=D048 r0=0702 r1=4409 r2=201D r3=0002 r4=8000 r5=0B02 r6=0000 r7=0B2C r8=002F r9=0002 r10=0000 r11=0AE6 r12=0000 r13=0B92 r14=0000 r15=43C8
t=85.203206000 pc=003B18E6 fcw=D048 r0=0702 r1=4409 r2=201D r3=0002 r4=8000 r5=0B02 r6=0000 r7=0B2C r8=002F r9=0002 r10=0000 r11=0AE6 r12=0000 r13=0B92 r14=0000 r15=43C8
t=85.203206750 pc=003B18E8 fcw=D048 r0=0702 r1=4409 r2=201D r3=0002 r4=8000 r5=0B02 r6=0000 r7=0B2C r8=002F r9=0002 r10=0000 r11=0AE6 r12=0000 r13=0B92 r14=0000 r15=43C8
t=85.203208500 pc=003B18EC fcw=D008 r0=0702 r1=4409 r2=201D r3=0002 r4=8000 r5=0B02 r6=0000 r7=0B2C r8=002F r9=0002 r10=0000 r11=0AE6 r12=0000 r13=0B92 r14=0000 r15=43C8
t=85.203211000 pc=003B18F0 fcw=D048 r0=0702 r1=4409 r2=201D r3=0002 r4=8000 r5=0B02 r6=0000 r7=0B2C r8=002F r9=0002 r10=0000 r11=0AE6 r12=0000 r13=0B92 r14=0000 r15=43C8
t=85.203212500 pc=003B18F2 fcw=D048 r0=0702 r1=4409 r2=201D r3=0002 r4=8000 r5=0B02 r6=0000 r7=0B2C r8=002F r9=0002 r10=0000 r11=0AE6 r12=0000 r13=0B92 r14=0000 r15=43C8
t=85.203215500 pc=003B18F4 fcw=D048 r0=0702 r1=4409 r2=201D r3=0002 r4=0000 r5=0B02 r6=0000 r7=0B2C r8=002F r9=0002 r10=0000 r11=0AE6 r12=0000 r13=0B92 r14=0000 r15=43CC
t=85.203218500 pc=003B18F6 fcw=D048 r0=0702 r1=4409 r2=201D r3=0002 r4=0000 r5=0B02 r6=0000 r7=0B2C r8=002F r9=0002 r10=0000 r11=0AE6 r12=0000 r13=0B92 r14=0000 r15=43D0
t=85.203221500 pc=003B18F8 fcw=D048 r0=0702 r1=4409 r2=201D r3=0002 r4=0000 r5=0B02 r6=0000 r7=0B2C r8=002F r9=0002 r10=0000 r11=0AE6 r12=0000 r13=0B92 r14=0000 r15=43CC
t=85.203224500 pc=003B18FA fcw=D048 r0=0702 r1=4409 r2=201D r3=0002 r4=0000 r5=0B02 r6=0000 r7=0B2C r8=002F r9=0002 r10=0000 r11=0AE6 r12=0000 r13=0B92 r14=0000 r15=43C8
t=85.203226750 pc=003B18FC fcw=D048 r0=0702 r1=4409 r2=201D r3=0002 r4=0000 r5=0B02 r6=0000 r7=0B2C r8=002F r9=0002 r10=0000 r11=0AE6 r12=0000 r13=0B92 r14=0000 r15=43C6
t=85.203228000 pc=003B18FE fcw=D048 r0=0702 r1=4409 r2=201D r3=0002 r4=0000 r5=0B2C r6=0000 r7=0B2C r8=002F r9=0002 r10=0000 r11=0AE6 r12=0000 r13=0B92 r14=0000 r15=43C6
t=85.203229000 pc=003B1900 fcw=D048 r0=0702 r1=4409 r2=201D r3=0002 r4=0000 r5=0B2C r6=0000 r7=0B2C r8=002F r9=0002 r10=0000 r11=0AE6 r12=0000 r13=0B92 r14=0000 r15=43C6
t=85.203229750 pc=003B1902 fcw=D048 r0=0702 r1=4409 r2=2020 r3=0002 r4=0000 r5=0B2C r6=0000 r7=0B2C r8=002F r9=0002 r10=0000 r11=0AE6 r12=0000 r13=0B92 r14=0000 r15=43C6
t=85.203232250 pc=003B1A8E fcw=D048 r0=0702 r1=4409 r2=2020 r3=0002 r4=0000 r5=0B2C r6=0000 r7=0B2C r8=002F r9=0002 r10=0000 r11=0AE6 r12=0000 r13=0B92 r14=0000 r15=43C2
t=85.203235750 pc=003B1A92 fcw=D048 r0=079A r1=4409 r2=2020 r3=0002 r4=0000 r5=0B2C r6=0000 r7=0B2C r8=002F r9=0002 r10=0000 r11=0AE6 r12=0000 r13=0B92 r14=0000 r15=43C2
t=85.203236750 pc=003B1A94 fcw=D048 r0=079A r1=4409 r2=2020 r3=0002 r4=0000 r5=0B2C r6=0000 r7=0B2C r8=002F r9=0002 r10=0000 r11=0AE6 r12=0000 r13=0B92 r14=0000 r15=43C2
t=85.203237500 pc=003B1A96 fcw=D048 r0=079A r1=4409 r2=2020 r3=0002 r4=0000 r5=0B2C r6=0000 r7=0B2C r8=002F r9=0002 r10=0000 r11=0AE6 r12=0000 r13=0B92 r14=0000 r15=43C2
t=85.203238750 pc=003B1A98 fcw=D048 r0=079A r1=4409 r2=20E7 r3=0002 r4=0000 r5=0B2C r6=0000 r7=0B2C r8=002F r9=0002 r10=0000 r11=0AE6 r12=0000 r13=0B92 r14=0000 r15=43C2
t=85.203241750 pc=003B1A9A fcw=D048 r0=079A r1=4409 r2=20E7 r3=0002 r4=0000 r5=0B2C r6=0000 r7=0B2C r8=002F r9=0002 r10=0000 r11=0AE6 r12=0000 r13=0B92 r14=0000 r15=43C2
t=85.203245250 pc=003B1A9E fcw=D048 r0=079A r1=4409 r2=20E7 r3=0002 r4=0000 r5=0B2C r6=0000 r7=0B2C r8=002F r9=0002 r10=0000 r11=0AE6 r12=0000 r13=0B92 r14=0000 r15=43C2
t=85.203246000 pc=003B1AA0 fcw=D048 r0=079A r1=4409 r2=2020 r3=0002 r4=0000 r5=0B2C r6=0000 r7=0B2C r8=002F r9=0002 r10=0000 r11=0AE6 r12=0000 r13=0B92 r14=0000 r15=43C2
t=85.203247000 pc=003B1AA2 fcw=D048 r0=079A r1=4409 r2=2020 r3=0002 r4=0000 r5=0B2C r6=0000 r7=0000 r8=002F r9=0002 r10=0000 r11=0AE6 r12=0000 r13=0B92 r14=0000 r15=43C2
t=85.203249500 pc=003B1904 fcw=D048 r0=079A r1=4409 r2=2020 r3=0002 r4=0000 r5=0B2C r6=0000 r7=0000 r8=002F r9=0002 r10=0000 r11=0AE6 r12=0000 r13=0B92 r14=0000 r15=43C6
t=85.203250250 pc=003B1906 fcw=D048 r0=079A r1=4409 r2=2020 r3=0002 r4=0000 r5=0B2C r6=0000 r7=0000 r8=002F r9=0002 r10=0000 r11=0AE6 r12=0000 r13=0B92 r14=0000 r15=43C6
t=85.203251500 pc=003B1908 fcw=D048 r0=079A r1=4409 r2=20E7 r3=0002 r4=0000 r5=0B2C r6=0000 r7=0000 r8=002F r9=0002 r10=0000 r11=0AE6 r12=0000 r13=0B92 r14=0000 r15=43C6
t=85.203255000 pc=003B190C fcw=D048 r0=079A r1=4409 r2=20E7 r3=0002 r4=0000 r5=0B2C r6=0000 r7=0000 r8=002F r9=0002 r10=0000 r11=0AE6 r12=0000 r13=0B92 r14=0000 r15=43C6
t=85.203256000 pc=003B190E fcw=D048 r0=079E r1=4409 r2=20E7 r3=0002 r4=0000 r5=0B2C r6=0000 r7=0000 r8=002F r9=0002 r10=0000 r11=0AE6 r12=0000 r13=0B92 r14=0000 r15=43C6
t=85.203259000 pc=003B1910 fcw=D048 r0=079E r1=4409 r2=20E7 r3=0002 r4=0000 r5=0B2C r6=0000 r7=0000 r8=002F r9=0002 r10=0000 r11=0AE6 r12=0000 r13=0B92 r14=0000 r15=43C6
t=85.203262500 pc=003B1914 fcw=D048 r0=079E r1=4409 r2=20E7 r3=0002 r4=0000 r5=0B2C r6=0000 r7=0000 r8=002F r9=0002 r10=0000 r11=0AE6 r12=0000 r13=0B92 r14=0000 r15=43C6
t=85.203264500 pc=003B1916 fcw=D048 r0=0702 r1=4409 r2=20E7 r3=0002 r4=0000 r5=0B2C r6=0000 r7=0000 r8=002F r9=0002 r10=0000 r11=0AE6 r12=0000 r13=0B92 r14=0000 r15=43C8
t=85.203267500 pc=003B1918 fcw=D048 r0=0702 r1=4409 r2=20E7 r3=0002 r4=0000 r5=0B02 r6=0000 r7=0000 r8=002F r9=0002 r10=0000 r11=0AE6 r12=0000 r13=0B92 r14=0000 r15=43CC
t=85.203269750 pc=003B191A fcw=D048 r0=0702 r1=4409 r2=20E7 r3=0002 r4=0000 r5=0B02 r6=0000 r7=0000 r8=002F r9=0002 r10=0000 r11=0AE6 r12=0000 r13=0B92 r14=0000 r15=43CA
t=85.203272000 pc=003B191C fcw=D048 r0=0702 r1=4409 r2=20E7 r3=0002 r4=0000 r5=0B02 r6=0000 r7=0000 r8=002F r9=0002 r10=0000 r11=0AE6 r12=0000 r13=0B92 r14=0000 r15=43C8
t=85.203274250 pc=003B191E fcw=D048 r0=0702 r1=4409 r2=20E7 r3=0002 r4=0000 r5=0B02 r6=0000 r7=0000 r8=002F r9=0002 r10=0000 r11=0AE6 r12=0000 r13=0B92 r14=0000 r15=43C6
t=85.203276750 pc=003B19E8 fcw=D048 r0=0702 r1=4409 r2=20E7 r3=0002 r4=0000 r5=0B02 r6=0000 r7=0000 r8=002F r9=0002 r10=0000 r11=0AE6 r12=0000 r13=0B92 r14=0000 r15=43C2
t=85.203277750 pc=003B19EA fcw=D048 r0=0702 r1=4409 r2=20E7 r3=0002 r4=0000 r5=0B02 r6=0000 r7=0000 r8=002F r9=0002 r10=0000 r11=0AE6 r12=0000 r13=0B92 r14=0000 r15=43C2
t=85.203279000 pc=003B19EC fcw=D048 r0=0702 r1=4409 r2=20E7 r3=0002 r4=0000 r5=0B02 r6=0000 r7=0005 r8=002F r9=0002 r10=0000 r11=0AE6 r12=0000 r13=0B92 r14=0000 r15=43C2
t=85.203280250 pc=003B19EE fcw=D048 r0=0702 r1=4409 r2=20E7 r3=0010 r4=0000 r5=0B02 r6=0000 r7=0005 r8=002F r9=0002 r10=0000 r11=0AE6 r12=0000 r13=0B92 r14=0000 r15=43C2
t=85.203281500 pc=003B19F0 fcw=D048 r0=0702 r1=4409 r2=201D r3=0010 r4=0000 r5=0B02 r6=0000 r7=0005 r8=002F r9=0002 r10=0000 r11=0AE6 r12=0000 r13=0B92 r14=0000 r15=43C2
t=85.203284000 pc=003B19F2 fcw=D048 r0=0780 r1=4409 r2=201D r3=0010 r4=0000 r5=0B02 r6=0000 r7=0005 r8=002F r9=0002 r10=0000 r11=0AE6 r12=0000 r13=0B92 r14=0000 r15=43C2
t=85.203285000 pc=003B19F4 fcw=D008 r0=0780 r1=4409 r2=201D r3=0010 r4=0000 r5=0B02 r6=0000 r7=0005 r8=002F r9=0002 r10=0000 r11=0AE6 r12=0000 r13=0B92 r14=0000 r15=43C2
t=85.203286500 pc=003B19F6 fcw=D008 r0=0780 r1=4409 r2=201D r3=0010 r4=0000 r5=0B02 r6=0000 r7=0005 r8=002F r9=0002 r10=0000 r11=0AE6 r12=0000 r13=0B92 r14=0000 r15=43C2
t=85.203287500 pc=003B19F8 fcw=D048 r0=0780 r1=4409 r2=201D r3=0000 r4=0000 r5=0B02 r6=0000 r7=0005 r8=002F r9=0002 r10=0000 r11=0AE6 r12=0000 r13=0B92 r14=0000 r15=43C2
t=85.203288500 pc=003B19FA fcw=D048 r0=0780 r1=4409 r2=201D r3=0000 r4=0000 r5=0B02 r6=0000 r7=0000 r8=002F r9=0002 r10=0000 r11=0AE6 r12=0000 r13=0B92 r14=0000 r15=43C2
t=85.203290000 pc=003B1A06 fcw=D048 r0=0780 r1=4409 r2=201D r3=0000 r4=0000 r5=0B02 r6=0000 r7=0000 r8=002F r9=0002 r10=0000 r11=0AE6 r12=0000 r13=0B92 r14=0000 r15=43C2
t=85.203292500 pc=003B1920 fcw=D048 r0=0780 r1=4409 r2=201D r3=0000 r4=0000 r5=0B02 r6=0000 r7=0000 r8=002F r9=0002 r10=0000 r11=0AE6 r12=0000 r13=0B92 r14=0000 r15=43C6
t=85.203294500 pc=003B1922 fcw=D048 r0=0780 r1=4409 r2=201D r3=0000 r4=0000 r5=0B02 r6=0000 r7=0000 r8=002F r9=0002 r10=0000 r11=0AE6 r12=0000 r13=0B92 r14=0000 r15=43C8
t=85.203296500 pc=003B1924 fcw=D048 r0=0780 r1=4409 r2=201D r3=0002 r4=0000 r5=0B02 r6=0000 r7=0000 r8=002F r9=0002 r10=0000 r11=0AE6 r12=0000 r13=0B92 r14=0000 r15=43CA
t=85.203297250 pc=003B1926 fcw=D048 r0=0780 r1=4409 r2=201D r3=0002 r4=0000 r5=0B02 r6=0080 r7=0000 r8=002F r9=0002 r10=0000 r11=0AE6 r12=0000 r13=0B92 r14=0000 r15=43CA
t=85.203299250 pc=003B1928 fcw=D048 r0=0702 r1=4409 r2=201D r3=0002 r4=0000 r5=0B02 r6=0080 r7=0000 r8=002F r9=0002 r10=0000 r11=0AE6 r12=0000 r13=0B92 r14=0000 r15=43CC
t=85.203300250 pc=003B192A fcw=D008 r0=0702 r1=4409 r2=201D r3=0002 r4=0000 r5=0B02 r6=0080 r7=0000 r8=002F r9=0002 r10=0000 r11=0AE6 r12=0000 r13=0B92 r14=0000 r15=43CC
t=85.203301750 pc=003B192C fcw=D008 r0=0702 r1=4409 r2=201D r3=0002 r4=0000 r5=0B02 r6=0080 r7=0000 r8=002F r9=0002 r10=0000 r11=0AE6 r12=0000 r13=0B92 r14=0000 r15=43CC
t=85.203302750 pc=003B192E fcw=D048 r0=0702 r1=4409 r2=201D r3=0002 r4=0000 r5=0B02 r6=0080 r7=0000 r8=002F r9=0002 r10=0000 r11=0AE6 r12=0000 r13=0B92 r14=0000 r15=43CC
t=85.203304250 pc=003B1930 fcw=D048 r0=0702 r1=4409 r2=201D r3=0002 r4=0000 r5=0B02 r6=0080 r7=0000 r8=002F r9=0002 r10=0000 r11=0AE6 r12=0000 r13=0B92 r14=0000 r15=43CC
t=85.203305500 pc=003B1932 fcw=D048 r0=0702 r1=4409 r2=201F r3=0002 r4=0000 r5=0B02 r6=0080 r7=0000 r8=002F r9=0002 r10=0000 r11=0AE6 r12=0000 r13=0B92 r14=0000 r15=43CC
t=85.203307250 pc=003B1936 fcw=D048 r0=0702 r1=4409 r2=201F r3=0002 r4=0000 r5=0B02 r6=0080 r7=0000 r8=002F r9=0002 r10=0000 r11=0AE6 r12=0000 r13=0B92 r14=0000 r15=43CC
t=85.203308750 pc=003B1938 fcw=D048 r0=0702 r1=4409 r2=201F r3=0002 r4=0000 r5=0B02 r6=0080 r7=0000 r8=002F r9=0002 r10=0000 r11=0AE6 r12=0000 r13=0B92 r14=0000 r15=43CC
t=85.203311750 pc=003B193A fcw=D048 r0=0702 r1=4409 r2=201F r3=0002 r4=0000 r5=0B02 r6=0080 r7=0000 r8=002F r9=0002 r10=0000 r11=0AE6 r12=0000 r13=0B92 r14=0000 r15=43CC
t=85.203313250 pc=003B198A fcw=D048 r0=0702 r1=4409 r2=201F r3=0002 r4=0000 r5=0B02 r6=0080 r7=0000 r8=002F r9=0002 r10=0000 r11=0AE6 r12=0000 r13=0B92 r14=0000 r15=43CC
t=85.203314250 pc=003B198C fcw=D008 r0=0702 r1=4409 r2=201F r3=0002 r4=0000 r5=0B02 r6=0080 r7=0001 r8=002F r9=0002 r10=0000 r11=0AE6 r12=0000 r13=0B92 r14=0000 r15=43CC
t=85.203315250 pc=003B198E fcw=D008 r0=0702 r1=4409 r2=201F r3=0002 r4=0000 r5=0B01 r6=0080 r7=0001 r8=002F r9=0002 r10=0000 r11=0AE6 r12=0000 r13=0B92 r14=0000 r15=43CC
t=85.203316750 pc=003B1998 fcw=D008 r0=0702 r1=4409 r2=201F r3=0002 r4=0000 r5=0B01 r6=0080 r7=0001 r8=002F r9=0002 r10=0000 r11=0AE6 r12=0000 r13=0B92 r14=0000 r15=43CC
t=85.203318250 pc=003B19B2 fcw=D008 r0=0702 r1=4409 r2=201F r3=0002 r4=0000 r5=0B01 r6=0080 r7=0001 r8=002F r9=0002 r10=0000 r11=0AE6 r12=0000 r13=0B92 r14=0000 r15=43CC
t=85.203320000 pc=003B19B6 fcw=D008 r0=0702 r1=4409 r2=201F r3=0002 r4=0000 r5=0B01 r6=0080 r7=0001 r8=002F r9=0002 r10=0000 r11=0AE6 r12=0000 r13=0B92 r14=0000 r15=43CC
t=85.203321500 pc=003B1918 fcw=D008 r0=0702 r1=4409 r2=201F r3=0002 r4=0000 r5=0B01 r6=0080 r7=0001 r8=002F r9=0002 r10=0000 r11=0AE6 r12=0000 r13=0B92 r14=0000 r15=43CC
t=85.203323750 pc=003B191A fcw=D008 r0=0702 r1=4409 r2=201F r3=0002 r4=0000 r5=0B01 r6=0080 r7=0001 r8=002F r9=0002 r10=0000 r11=0AE6 r12=0000 r13=0B92 r14=0000 r15=43CA
t=85.203326000 pc=003B191C fcw=D008 r0=0702 r1=4409 r2=201F r3=0002 r4=0000 r5=0B01 r6=0080 r7=0001 r8=002F r9=0002 r10=0000 r11=0AE6 r12=0000 r13=0B92 r14=0000 r15=43C8
t=85.203328250 pc=003B191E fcw=D008 r0=0702 r1=4409 r2=201F r3=0002 r4=0000 r5=0B01 r6=0080 r7=0001 r8=002F r9=0002 r10=0000 r11=0AE6 r12=0000 r13=0B92 r14=0000 r15=43C6
t=85.203330750 pc=003B19E8 fcw=D008 r0=0702 r1=4409 r2=201F r3=0002 r4=0000 r5=0B01 r6=0080 r7=0001 r8=002F r9=0002 r10=0000 r11=0AE6 r12=0000 r13=0B92 r14=0000 r15=43C2
t=85.203331750 pc=003B19EA fcw=D048 r0=0702 r1=4409 r2=201F r3=0002 r4=0000 r5=0B01 r6=0080 r7=0001 r8=002F r9=0002 r10=0000 r11=0AE6 r12=0000 r13=0B92 r14=0000 r15=43C2
t=85.203333000 pc=003B19EC fcw=D048 r0=0702 r1=4409 r2=201F r3=0002 r4=0000 r5=0B01 r6=0080 r7=0005 r8=002F r9=0002 r10=0000 r11=0AE6 r12=0000 r13=0B92 r14=0000 r15=43C2
t=85.203334250 pc=003B19EE fcw=D048 r0=0702 r1=4409 r2=201F r3=0010 r4=0000 r5=0B01 r6=0080 r7=0005 r8=002F r9=0002 r10=0000 r11=0AE6 r12=0000 r13=0B92 r14=0000 r15=43C2
t=85.203335500 pc=003B19F0 fcw=D048 r0=0702 r1=4409 r2=201D r3=0010 r4=0000 r5=0B01 r6=0080 r7=0005 r8=002F r9=0002 r10=0000 r11=0AE6 r12=0000 r13=0B92 r14=0000 r15=43C2
t=85.203338000 pc=003B19F2 fcw=D048 r0=0790 r1=4409 r2=201D r3=0010 r4=0000 r5=0B01 r6=0080 r7=0005 r8=002F r9=0002 r10=0000 r11=0AE6 r12=0000 r13=0B92 r14=0000 r15=43C2
t=85.203339000 pc=003B19F4 fcw=D008 r0=0790 r1=4409 r2=201D r3=0010 r4=0000 r5=0B01 r6=0080 r7=0005 r8=002F r9=0002 r10=0000 r11=0AE6 r12=0000 r13=0B92 r14=0000 r15=43C2
t=85.203340500 pc=003B19F6 fcw=D008 r0=0790 r1=4409 r2=201D r3=0010 r4=0000 r5=0B01 r6=0080 r7=0005 r8=002F r9=0002 r10=0000 r11=0AE6 r12=0000 r13=0B92 r14=0000 r15=43C2
t=85.203341500 pc=003B19F8 fcw=D048 r0=0790 r1=4409 r2=201D r3=0000 r4=0000 r5=0B01 r6=0080 r7=0005 r8=002F r9=0002 r10=0000 r11=0AE6 r12=0000 r13=0B92 r14=0000 r15=43C2
t=85.203342500 pc=003B19FA fcw=D048 r0=0790 r1=4409 r2=201D r3=0000 r4=0000 r5=0B01 r6=0080 r7=0000 r8=002F r9=0002 r10=0000 r11=0AE6 r12=0000 r13=0B92 r14=0000 r15=43C2
t=85.203344000 pc=003B1A06 fcw=D048 r0=0790 r1=4409 r2=201D r3=0000 r4=0000 r5=0B01 r6=0080 r7=0000 r8=002F r9=0002 r10=0000 r11=0AE6 r12=0000 r13=0B92 r14=0000 r15=43C2
t=85.203346500 pc=003B1920 fcw=D048 r0=0790 r1=4409 r2=201D r3=0000 r4=0000 r5=0B01 r6=0080 r7=0000 r8=002F r9=0002 r10=0000 r11=0AE6 r12=0000 r13=0B92 r14=0000 r15=43C6
t=85.203348500 pc=003B1922 fcw=D048 r0=0790 r1=4409 r2=201D r3=0000 r4=0000 r5=0B01 r6=0080 r7=0001 r8=002F r9=0002 r10=0000 r11=0AE6 r12=0000 r13=0B92 r14=0000 r15=43C8
t=85.203350500 pc=003B1924 fcw=D048 r0=0790 r1=4409 r2=201D r3=0002 r4=0000 r5=0B01 r6=0080 r7=0001 r8=002F r9=0002 r10=0000 r11=0AE6 r12=0000 r13=0B92 r14=0000 r15=43CA
t=85.203351250 pc=003B1926 fcw=D048 r0=0790 r1=4409 r2=201D r3=0002 r4=0000 r5=0B01 r6=0090 r7=0001 r8=002F r9=0002 r10=0000 r11=0AE6 r12=0000 r13=0B92 r14=0000 r15=43CA
t=85.203353250 pc=003B1928 fcw=D048 r0=0702 r1=4409 r2=201D r3=0002 r4=0000 r5=0B01 r6=0090 r7=0001 r8=002F r9=0002 r10=0000 r11=0AE6 r12=0000 r13=0B92 r14=0000 r15=43CC
t=85.203354250 pc=003B192A fcw=D008 r0=0702 r1=4409 r2=201D r3=0002 r4=0000 r5=0B01 r6=0090 r7=0001 r8=002F r9=0002 r10=0000 r11=0AE6 r12=0000 r13=0B92 r14=0000 r15=43CC
t=85.203355750 pc=003B192C fcw=D008 r0=0702 r1=4409 r2=201D r3=0002 r4=0000 r5=0B01 r6=0090 r7=0001 r8=002F r9=0002 r10=0000 r11=0AE6 r12=0000 r13=0B92 r14=0000 r15=43CC
t=85.203356750 pc=003B192E fcw=D048 r0=0702 r1=4409 r2=201D r3=0002 r4=0000 r5=0B01 r6=0090 r7=0001 r8=002F r9=0002 r10=0000 r11=0AE6 r12=0000 r13=0B92 r14=0000 r15=43CC
t=85.203358250 pc=003B1930 fcw=D048 r0=0702 r1=4409 r2=201D r3=0002 r4=0000 r5=0B01 r6=0090 r7=0001 r8=002F r9=0002 r10=0000 r11=0AE6 r12=0000 r13=0B92 r14=0000 r15=43CC
t=85.203359500 pc=003B1932 fcw=D048 r0=0702 r1=4409 r2=201F r3=0002 r4=0000 r5=0B01 r6=0090 r7=0001 r8=002F r9=0002 r10=0000 r11=0AE6 r12=0000 r13=0B92 r14=0000 r15=43CC
t=85.203361250 pc=003B1936 fcw=D008 r0=0702 r1=4409 r2=201F r3=0002 r4=0000 r5=0B01 r6=0090 r7=0001 r8=002F r9=0002 r10=0000 r11=0AE6 r12=0000 r13=0B92 r14=0000 r15=43CC
t=85.203362750 pc=003B193C fcw=D008 r0=0702 r1=4409 r2=201F r3=0002 r4=0000 r5=0B01 r6=0090 r7=0001 r8=002F r9=0002 r10=0000 r11=0AE6 r12=0000 r13=0B92 r14=0000 r15=43CC
t=85.203364500 pc=003B1940 fcw=D048 r0=0702 r1=4409 r2=201F r3=0002 r4=0000 r5=0B01 r6=0090 r7=0001 r8=002F r9=0002 r10=0000 r11=0AE6 r12=0000 r13=0B92 r14=0000 r15=43CC
t=85.203366000 pc=003B1942 fcw=D048 r0=0702 r1=4409 r2=201F r3=0002 r4=0000 r5=0B01 r6=0090 r7=0001 r8=002F r9=0002 r10=0000 r11=0AE6 r12=0000 r13=0B92 r14=0000 r15=43CC
t=85.203369000 pc=003B1944 fcw=D048 r0=0702 r1=4409 r2=201F r3=0002 r4=0000 r5=0B01 r6=0090 r7=0001 r8=002F r9=0002 r10=0000 r11=0AE6 r12=0000 r13=0B92 r14=0000 r15=43CC
t=85.203370500 pc=003B198A fcw=D048 r0=0702 r1=4409 r2=201F r3=0002 r4=0000 r5=0B01 r6=0090 r7=0001 r8=002F r9=0002 r10=0000 r11=0AE6 r12=0000 r13=0B92 r14=0000 r15=43CC
t=85.203371500 pc=003B198C fcw=D008 r0=0702 r1=4409 r2=201F r3=0002 r4=0000 r5=0B01 r6=0090 r7=0002 r8=002F r9=0002 r10=0000 r11=0AE6 r12=0000 r13=0B92 r14=0000 r15=43CC
t=85.203372500 pc=003B198E fcw=D048 r0=0702 r1=4409 r2=201F r3=0002 r4=0000 r5=0B00 r6=0090 r7=0002 r8=002F r9=0002 r10=0000 r11=0AE6 r12=0000 r13=0B92 r14=0000 r15=43CC
t=85.203374000 pc=003B1998 fcw=D048 r0=0702 r1=4409 r2=201F r3=0002 r4=0000 r5=0B00 r6=0090 r7=0002 r8=002F r9=0002 r10=0000 r11=0AE6 r12=0000 r13=0B92 r14=0000 r15=43CC
t=85.203375500 pc=003B19B2 fcw=D048 r0=0702 r1=4409 r2=201F r3=0002 r4=0000 r5=0B00 r6=0090 r7=0002 r8=002F r9=0002 r10=0000 r11=0AE6 r12=0000 r13=0B92 r14=0000 r15=43CC
t=85.203377250 pc=003B19B6 fcw=D048 r0=0702 r1=4409 r2=201F r3=0002 r4=0000 r5=0B00 r6=0090 r7=0002 r8=002F r9=0002 r10=0000 r11=0AE6 r12=0000 r13=0B92 r14=0000 r15=43CC
t=85.203378750 pc=003B19B8 fcw=D048 r0=0702 r1=4409 r2=201F r3=0002 r4=0000 r5=0B00 r6=0090 r7=0002 r8=002F r9=0002 r10=0000 r11=0AE6 r12=0000 r13=0B92 r14=0000 r15=43CC
t=85.203380250 pc=003B19C2 fcw=D048 r0=0702 r1=4409 r2=201F r3=0002 r4=0000 r5=0B00 r6=0090 r7=0002 r8=002F r9=0002 r10=0000 r11=0AE6 r12=0000 r13=0B92 r14=0000 r15=43CC
t=85.203381750 pc=003B19CC fcw=D048 r0=0702 r1=4409 r2=201F r3=0002 r4=0000 r5=0B00 r6=0090 r7=0002 r8=002F r9=0002 r10=0000 r11=0AE6 r12=0000 r13=0B92 r14=0000 r15=43CC
t=85.203384750 pc=003B19CE fcw=D048 r0=0702 r1=4409 r2=201F r3=0002 r4=0000 r5=0B2C r6=0090 r7=0002 r8=002F r9=0002 r10=0000 r11=0AE6 r12=0000 r13=0B92 r14=0000 r15=43D0
t=85.203386000 pc=003B19D0 fcw=D048 r0=0702 r1=4409 r2=20E7 r3=0002 r4=0000 r5=0B2C r6=0090 r7=0002 r8=002F r9=0002 r10=0000 r11=0AE6 r12=0000 r13=0B92 r14=0000 r15=43D0
t=85.203389500 pc=003B19D4 fcw=D048 r0=0702 r1=449E r2=20E7 r3=0002 r4=0000 r5=0B2C r6=0090 r7=0002 r8=002F r9=0002 r10=0000 r11=0AE6 r12=0000 r13=0B92 r14=0000 r15=43D0
t=85.203390500 pc=003B19D6 fcw=D048 r0=0702 r1=449A r2=20E7 r3=0002 r4=0000 r5=0B2C r6=0090 r7=0002 r8=002F r9=0002 r10=0000 r11=0AE6 r12=0000 r13=0B92 r14=0000 r15=43D0
t=85.203393500 pc=003B19D8 fcw=D048 r0=0702 r1=449A r2=20E7 r3=0002 r4=0000 r5=0B2C r6=0090 r7=0002 r8=002F r9=0002 r10=0000 r11=0AE6 r12=0000 r13=0B92 r14=0000 r15=43D0
t=85.203397000 pc=003B19DC fcw=D048 r0=0702 r1=449A r2=20E7 r3=0002 r4=0000 r5=0B2C r6=0090 r7=0002 r8=002F r9=0002 r10=0000 r11=0AE6 r12=0000 r13=0B92 r14=0000 r15=43D0
t=85.203397750 pc=003B19DE fcw=D048 r0=0702 r1=449A r2=2020 r3=0002 r4=0000 r5=0B2C r6=0090 r7=0002 r8=002F r9=0002 r10=0000 r11=0AE6 r12=0000 r13=0B92 r14=0000 r15=43D0
t=85.203399500 pc=003B19E2 fcw=D048 r0=0702 r1=449A r2=2020 r3=0002 r4=0000 r5=0B2C r6=0090 r7=0000 r8=002F r9=0002 r10=0000 r11=0AE6 r12=0000 r13=0B92 r14=0000 r15=43D0
t=85.203402000 pc=003B1AA4 fcw=D048 r0=0702 r1=449A r2=2020 r3=0002 r4=0000 r5=0B2C r6=0090 r7=0000 r8=002F r9=0002 r10=0000 r11=0AE6 r12=0000 r13=0B92 r14=0000 r15=43CC
t=85.203405500 pc=003B1AA8 fcw=D048 r0=079A r1=449A r2=2020 r3=0002 r4=0000 r5=0B2C r6=0090 r7=0000 r8=002F r9=0002 r10=0000 r11=0AE6 r12=0000 r13=0B92 r14=0000 r15=43CC
t=85.203406500 pc=003B1AAA fcw=D048 r0=079B r1=449A r2=2020 r3=0002 r4=0000 r5=0B2C r6=0090 r7=0000 r8=002F r9=0002 r10=0000 r11=0AE6 r12=0000 r13=0B92 r14=0000 r15=43CC
t=85.203407250 pc=003B1AAC fcw=D048 r0=079B r1=449A r2=2020 r3=0002 r4=0000 r5=0B2C r6=0090 r7=0000 r8=002F r9=0002 r10=0000 r11=0AE6 r12=0000 r13=0B92 r14=0000 r15=43CC
t=85.203408500 pc=003B1AAE fcw=D048 r0=079B r1=449A r2=20E7 r3=0002 r4=0000 r5=0B2C r6=0090 r7=0000 r8=002F r9=0002 r10=0000 r11=0AE6 r12=0000 r13=0B92 r14=0000 r15=43CC
t=85.203411500 pc=003B0D28 fcw=C000 r0=079B r1=449A r2=20E7 r3=0002 r4=0000 r5=0B2C r6=0090 r7=0000 r8=002F r9=0002 r10=0000 r11=0AE6 r12=0000 r13=0B92 r14=0000 r15=43C4
t=85.203413000 pc=003B0D2A fcw=C000 r0=079B r1=449A r2=20E7 r3=0002 r4=0000 r5=0B2C r6=0090 r7=0000 r8=002F r9=0002 r10=0000 r11=0AE6 r12=0000 r13=0B92 r14=0000 r15=43C4
t=85.203416500 pc=003B0D32 fcw=C000 r0=079B r1=449A r2=20E7 r3=0002 r4=0000 r5=0B2C r6=0090 r7=0000 r8=002F r9=0002 r10=0000 r11=0AE6 r12=0000 r13=0B92 r14=0000 r15=43C4
t=85.203418250 pc=003B0D34 fcw=C000 r0=079B r1=0008 r2=20E7 r3=0002 r4=0000 r5=0B2C r6=0090 r7=0000 r8=002F r9=0002 r10=0000 r11=0AE6 r12=0000 r13=0B92 r14=0000 r15=43C4
t=85.203419750 pc=003B0D50 fcw=C000 r0=079B r1=0008 r2=20E7 r3=0002 r4=0000 r5=0B2C r6=0090 r7=0000 r8=002F r9=0002 r10=0000 r11=0AE6 r12=0000 r13=0B92 r14=0000 r15=43C4
t=85.203422750 pc=003B0D54 fcw=C000 r0=079B r1=0008 r2=20E7 r3=0002 r4=0000 r5=0B2C r6=0090 r7=0000 r8=002F r9=0002 r10=0000 r11=0AE6 r12=0000 r13=0B92 r14=0000 r15=43C4
t=85.203424500 pc=003B0D56 fcw=D000 r0=079B r1=0008 r2=20E7 r3=0002 r4=0000 r5=0B2C r6=0090 r7=0000 r8=002F r9=0002 r10=0000 r11=0AE6 r12=0000 r13=0B92 r14=0000 r15=43C4
t=85.203425500 pc=003B0D58 fcw=D048 r0=079B r1=0008 r2=20E7 r3=0002 r4=0000 r5=0B2C r6=0090 r7=0000 r8=002F r9=0002 r10=0000 r11=0AE6 r12=0000 r13=0B92 r14=0000 r15=43C4
t=85.203428500 pc=003B0D5C fcw=D048 r0=079B r1=0008 r2=20E7 r3=0002 r4=0000 r5=0B2C r6=0090 r7=0000 r8=002F r9=0002 r10=0000 r11=0440 r12=0000 r13=0B92 r14=0000 r15=43C4
t=85.203432000 pc=003B0D60 fcw=D048 r0=079B r1=0008 r2=20E7 r3=0002 r4=0000 r5=0B2C r6=0090 r7=0000 r8=002F r9=0002 r10=0000 r11=0AE6 r12=0000 r13=0B92 r14=0000 r15=43C4
t=85.203433750 pc=003B0D62 fcw=D048 r0=079B r1=0008 r2=FFFF r3=0002 r4=0000 r5=0B2C r6=0090 r7=0000 r8=002F r9=0002 r10=0000 r11=0AE6 r12=0000 r13=0B92 r14=0000 r15=43C4
t=85.203437250 pc=003B0D66 fcw=D048 r0=079B r1=0008 r2=FFFF r3=0002 r4=0000 r5=0B2C r6=0090 r7=0000 r8=002F r9=0002 r10=0000 r11=0AE6 r12=0000 r13=0B92 r14=0000 r15=43C4
t=85.203440750 pc=003B0D6A fcw=D048 r0=079B r1=0008 r2=2000 r3=0002 r4=0000 r5=0B2C r6=0090 r7=0000 r8=002F r9=0002 r10=0000 r11=0AE6 r12=0000 r13=0B92 r14=0000 r15=43C4
t=85.203442250 pc=003B0D6C fcw=D048 r0=079B r1=0008 r2=0020 r3=0002 r4=0000 r5=0B2C r6=0090 r7=0000 r8=002F r9=0002 r10=0000 r11=0AE6 r12=0000 r13=0B92 r14=0000 r15=43C4
t=85.203445750 pc=003B0D70 fcw=D048 r0=079B r1=0008 r2=0020 r3=0002 r4=0000 r5=0B2C r6=0090 r7=0000 r8=002F r9=0002 r10=0000 r11=0AE6 r12=0000 r13=0B92 r14=0000 r15=43C4
t=85.203447500 pc=003B0D74 fcw=D008 r0=079B r1=0008 r2=0020 r3=0002 r4=0000 r5=0B2C r6=0090 r7=0000 r8=002F r9=0002 r10=0000 r11=0AE6 r12=0000 r13=0B92 r14=0000 r15=43C4
t=85.203448750 pc=003B0D76 fcw=D008 r0=079B r1=0008 r2=0020 r3=0002 r4=0000 r5=0AE6 r6=0090 r7=0000 r8=002F r9=0002 r10=0000 r11=0AE6 r12=0000 r13=0B92 r14=0000 r15=43C4
t=85.203450500 pc=003B0D7A fcw=D008 r0=079B r1=0008 r2=0020 r3=0002 r4=0000 r5=0B2C r6=0090 r7=0000 r8=002F r9=0002 r10=0000 r11=0AE6 r12=0000 r13=0B92 r14=0000 r15=43C4
t=85.203451250 pc=003B0D7C fcw=D008 r0=079B r1=0008 r2=0020 r3=0002 r4=0000 r5=0B2C r6=0090 r7=0000 r8=002F r9=0002 r10=0000 r11=0AE6 r12=0000 r13=0B92 r14=0000 r15=43C4
t=85.203452000 pc=003B0D7E fcw=D008 r0=079B r1=0008 r2=0020 r3=0002 r4=0000 r5=0B2C r6=0090 r7=0000 r8=0002 r9=0002 r10=0000 r11=0AE6 r12=0000 r13=0B92 r14=0000 r15=43C4
t=85.203453750 pc=003B0D82 fcw=D008 r0=079B r1=0008 r2=0020 r3=0002 r4=0000 r5=0B2C r6=0090 r7=0000 r8=0002 r9=0002 r10=0000 r11=0AE6 r12=0000 r13=0B92 r14=0000 r15=43C4
t=85.203455250 pc=003B0D84 fcw=D008 r0=079B r1=0008 r2=0020 r3=0002 r4=0000 r5=0B2C r6=0090 r7=0000 r8=0002 r9=0002 r10=0000 r11=0AE6 r12=0000 r13=0B92 r14=0000 r15=43C4
t=85.203456250 pc=003B0D86 fcw=D008 r0=079B r1=0008 r2=0020 r3=0002 r4=0000 r5=0B2C r6=0090 r7=0000 r8=0001 r9=0002 r10=0000 r11=0AE6 r12=0000 r13=0B92 r14=0000 r15=43C4
t=85.203458000 pc=003B0D8A fcw=D008 r0=079B r1=0008 r2=0020 r3=0002 r4=0000 r5=0B2C r6=0090 r7=0000 r8=002F r9=0002 r10=0000 r11=0AE6 r12=0000 r13=0B92 r14=0000 r15=43C4
t=85.203461500 pc=003B0D8E fcw=D008 r0=079B r1=0008 r2=0020 r3=0002 r4=0000 r5=0B2C r6=0090 r7=0000 r8=002F r9=0002 r10=0000 r11=0AE6 r12=0000 r13=0B92 r14=0000 r15=43C4
t=85.203462250 pc=003B0D90 fcw=D008 r0=079B r1=0808 r2=0020 r3=0002 r4=0000 r5=0B2C r6=0090 r7=0000 r8=002F r9=0002 r10=0000 r11=0AE6 r12=0000 r13=0B92 r14=0000 r15=43C4
t=85.203463250 pc=003B0D92 fcw=D008 r0=079B r1=0808 r2=0020 r3=0002 r4=0000 r5=0B2C r6=0090 r7=0000 r8=002F r9=0002 r10=0000 r11=0AE6 r12=0000 r13=0B92 r14=0000 r15=43C4
t=85.203466750 pc=003B0D96 fcw=D008 r0=079B r1=0808 r2=0020 r3=0002 r4=0000 r5=0B2C r6=0090 r7=0000 r8=002F r9=0002 r10=0000 r11=0AE6 r12=0000 r13=0B92 r14=0000 r15=43C4
t=85.203470250 pc=003B0D9A fcw=D008 r0=079B r1=4408 r2=0020 r3=0002 r4=0000 r5=0B2C r6=0090 r7=0000 r8=002F r9=0002 r10=0000 r11=0AE6 r12=0000 r13=0B92 r14=0000 r15=43C4
t=85.203472500 pc=003B0D9C fcw=D008 r0=079B r1=4408 r2=0020 r3=0002 r4=0000 r5=0B2C r6=0090 r7=0000 r8=002F r9=0002 r10=0000 r11=0AE6 r12=0000 r13=0B92 r14=0000 r15=43C2
t=85.203475000 pc=003B167C fcw=D008 r0=079B r1=4408 r2=0020 r3=0002 r4=0000 r5=0B2C r6=0090 r7=0000 r8=002F r9=0002 r10=0000 r11=0AE6 r12=0000 r13=0B92 r14=0000 r15=43BE
t=85.203477500 pc=003B1ABA fcw=D008 r0=079B r1=4408 r2=0020 r3=0002 r4=0000 r5=0B2C r6=0090 r7=0000 r8=002F r9=0002 r10=0000 r11=0AE6 r12=0000 r13=0B92 r14=0000 r15=43BA
t=85.203480000 pc=003B1A8E fcw=D008 r0=079B r1=4408 r2=0020 r3=0002 r4=0000 r5=0B2C r6=0090 r7=0000 r8=002F r9=0002 r10=0000 r11=0AE6 r12=0000 r13=0B92 r14=0000 r15=43B6
t=85.203483500 pc=003B1A92 fcw=D008 r0=079A r1=4408 r2=0020 r3=0002 r4=0000 r5=0B2C r6=0090 r7=0000 r8=002F r9=0002 r10=0000 r11=0AE6 r12=0000 r13=0B92 r14=0000 r15=43B6
t=85.203484500 pc=003B1A94 fcw=D008 r0=079A r1=4408 r2=0020 r3=0002 r4=0000 r5=0B2C r6=0090 r7=0000 r8=002F r9=0002 r10=0000 r11=0AE6 r12=0000 r13=0B92 r14=0000 r15=43B6
t=85.203485250 pc=003B1A96 fcw=D008 r0=079A r1=4408 r2=2020 r3=0002 r4=0000 r5=0B2C r6=0090 r7=0000 r8=002F r9=0002 r10=0000 r11=0AE6 r12=0000 r13=0B92 r14=0000 r15=43B6
t=85.203486500 pc=003B1A98 fcw=D008 r0=079A r1=4408 r2=20E7 r3=0002 r4=0000 r5=0B2C r6=0090 r7=0000 r8=002F r9=0002 r10=0000 r11=0AE6 r12=0000 r13=0B92 r14=0000 r15=43B6
t=85.203489500 pc=003B1A9A fcw=D008 r0=079A r1=4408 r2=20E7 r3=0002 r4=0000 r5=0B2C r6=0090 r7=0000 r8=002F r9=0002 r10=0000 r11=0AE6 r12=0000 r13=0B92 r14=0000 r15=43B6
t=85.203493000 pc=003B1A9E fcw=D008 r0=079A r1=4408 r2=20E7 r3=0002 r4=0000 r5=0B2C r6=0090 r7=0000 r8=002F r9=0002 r10=0000 r11=0AE6 r12=0000 r13=0B92 r14=0000 r15=43B6
t=85.203493750 pc=003B1AA0 fcw=D008 r0=079A r1=4408 r2=2020 r3=0002 r4=0000 r5=0B2C r6=0090 r7=0000 r8=002F r9=0002 r10=0000 r11=0AE6 r12=0000 r13=0B92 r14=0000 r15=43B6
t=85.203494750 pc=003B1AA2 fcw=D048 r0=079A r1=4408 r2=2020 r3=0002 r4=0000 r5=0B2C r6=0090 r7=0000 r8=002F r9=0002 r10=0000 r11=0AE6 r12=0000 r13=0B92 r14=0000 r15=43B6
t=85.203497250 pc=003B1ABC fcw=D048 r0=079A r1=4408 r2=2020 r3=0002 r4=0000 r5=0B2C r6=0090 r7=0000 r8=002F r9=0002 r10=0000 r11=0AE6 r12=0000 r13=0B92 r14=0000 r15=43BA
t=85.203498000 pc=003B1ABE fcw=D048 r0=079A r1=4408 r2=2020 r3=0002 r4=0000 r5=0B2C r6=0090 r7=0000 r8=002F r9=0002 r10=0000 r11=0AE6 r12=0000 r13=0B92 r14=0000 r15=43BA
t=85.203499250 pc=003B1AC0 fcw=D048 r0=079A r1=4408 r2=20F7 r3=0002 r4=0000 r5=0B2C r6=0090 r7=0000 r8=002F r9=0002 r10=0000 r11=0AE6 r12=0000 r13=0B92 r14=0000 r15=43BA
t=85.203501750 pc=003B1AC2 fcw=D048 r0=079A r1=4408 r2=20F7 r3=0002 r4=0000 r5=0B2C r6=0090 r7=0002 r8=002F r9=0002 r10=0000 r11=0AE6 r12=0000 r13=0B92 r14=0000 r15=43BA
t=85.203503500 pc=003B1AC6 fcw=D008 r0=079A r1=4408 r2=20F7 r3=0002 r4=0000 r5=0B2C r6=0090 r7=0002 r8=002F r9=0002 r10=0000 r11=0AE6 r12=0000 r13=0B92 r14=0000 r15=43BA
t=85.203505250 pc=003B1ACA fcw=D028 r0=079A r1=4408 r2=20F7 r3=0002 r4=0000 r5=0B2C r6=0090 r7=00F2 r8=002F r9=0002 r10=0000 r11=0AE6 r12=0000 r13=0B92 r14=0000 r15=43BA
t=85.203506250 pc=003B1ACC fcw=D048 r0=079A r1=4408 r2=20F7 r3=0002 r4=0000 r5=0B2C r6=0090 r7=00F2 r8=002F r9=0002 r10=0000 r11=0AE6 r12=0000 r13=0B92 r14=0000 r15=43BA
t=85.203507500 pc=003B1ACE fcw=D048 r0=079A r1=4408 r2=20FF r3=0002 r4=0000 r5=0B2C r6=0090 r7=00F2 r8=002F r9=0002 r10=0000 r11=0AE6 r12=0000 r13=0B92 r14=0000 r15=43BA
t=85.203510500 pc=003B1AD0 fcw=D048 r0=079A r1=4408 r2=20FF r3=0002 r4=0000 r5=0B2C r6=0090 r7=00F2 r8=002F r9=0002 r10=0000 r11=0AE6 r12=0000 r13=0B92 r14=0000 r15=43BA
t=85.203513000 pc=003B167E fcw=D048 r0=079A r1=4408 r2=20FF r3=0002 r4=0000 r5=0B2C r6=0090 r7=00F2 r8=002F r9=0002 r10=0000 r11=0AE6 r12=0000 r13=0B92 r14=0000 r15=43BE
t=85.203515500 pc=003B0D9E fcw=D048 r0=079A r1=4408 r2=20FF r3=0002 r4=0000 r5=0B2C r6=0090 r7=00F2 r8=002F r9=0002 r10=0000 r11=0AE6 r12=0000 r13=0B92 r14=0000 r15=43C2
t=85.203517500 pc=003B0DA0 fcw=D048 r0=079A r1=4408 r2=0020 r3=0002 r4=0000 r5=0B2C r6=0090 r7=00F2 r8=002F r9=0002 r10=0000 r11=0AE6 r12=0000 r13=0B92 r14=0000 r15=43C4
t=85.203519750 pc=003B0DA2 fcw=D048 r0=079A r1=4408 r2=0020 r3=0002 r4=0000 r5=0B2C r6=0090 r7=00F2 r8=002F r9=0002 r10=0000 r11=0AE6 r12=0000 r13=0B92 r14=0000 r15=43C2
t=85.203522750 pc=003B0DA4 fcw=D048 r0=079A r1=4408 r2=0020 r3=0002 r4=0000 r5=0B2C r6=0090 r7=00F2 r8=002F r9=0002 r10=0000 r11=0AE6 r12=0000 r13=0B92 r14=0000 r15=43BE
t=85.203525750 pc=003B0DA6 fcw=D048 r0=079A r1=4408 r2=0020 r3=0002 r4=0000 r5=0B2C r6=0090 r7=00F2 r8=002F r9=0002 r10=0000 r11=0AE6 r12=0000 r13=0B92 r14=0000 r15=43BA
t=85.203529250 pc=003B0DAA fcw=D048 r0=079A r1=4408 r2=0020 r3=0202 r4=0000 r5=0B2C r6=0090 r7=00F2 r8=002F r9=0002 r10=0000 r11=0AE6 r12=0000 r13=0B92 r14=0000 r15=43BA
t=85.203531000 pc=003B0DAE fcw=D008 r0=079A r1=4408 r2=0020 r3=0202 r4=0000 r5=0B2C r6=0090 r7=00F2 r8=002F r9=0002 r10=0000 r11=0AE6 r12=0000 r13=0B92 r14=0000 r15=43BA
t=85.203532500 pc=003B0DB0 fcw=D008 r0=079A r1=4408 r2=0020 r3=0202 r4=0000 r5=0B2C r6=0090 r7=00F2 r8=002F r9=0002 r10=0000 r11=0AE6 r12=0000 r13=0B92 r14=0000 r15=43BA
t=85.203536000 pc=003B0DB4 fcw=D008 r0=079A r1=4408 r2=0020 r3=0001 r4=0000 r5=0B2C r6=0090 r7=00F2 r8=002F r9=0002 r10=0000 r11=0AE6 r12=0000 r13=0B92 r14=0000 r15=43BA
t=85.203537250 pc=003B0DB6 fcw=D008 r0=079A r1=4408 r2=0020 r3=0001 r4=0000 r5=0AE6 r6=0090 r7=00F2 r8=002F r9=0002 r10=0000 r11=0AE6 r12=0000 r13=0B92 r14=0000 r15=43BA
t=85.203539000 pc=003B0DBA fcw=D008 r0=079A r1=4408 r2=0020 r3=0001 r4=0000 r5=0B24 r6=0090 r7=00F2 r8=002F r9=0002 r10=0000 r11=0AE6 r12=0000 r13=0B92 r14=0000 r15=43BA
t=85.203541500 pc=003B164C fcw=D008 r0=079A r1=4408 r2=0020 r3=0001 r4=0000 r5=0B24 r6=0090 r7=00F2 r8=002F r9=0002 r10=0000 r11=0AE6 r12=0000 r13=0B92 r14=0000 r15=43B6
t=85.203544000 pc=003B1D20 fcw=D008 r0=079A r1=4408 r2=0020 r3=0001 r4=0000 r5=0B24 r6=0090 r7=00F2 r8=002F r9=0002 r10=0000 r11=0AE6 r12=0000 r13=0B92 r14=0000 r15=43B2
t=85.203544750 pc=003B1D22 fcw=D008 r0=079A r1=4408 r2=2020 r3=0001 r4=0000 r5=0B24 r6=0090 r7=00F2 r8=002F r9=0002 r10=0000 r11=0AE6 r12=0000 r13=0B92 r14=0000 r15=43B2
t=85.203546000 pc=003B1D24 fcw=D008 r0=079A r1=4408 r2=20F7 r3=0001 r4=0000 r5=0B24 r6=0090 r7=00F2 r8=002F r9=0002 r10=0000 r11=0AE6 r12=0000 r13=0B92 r14=0000 r15=43B2
t=85.203548500 pc=003B1D26 fcw=D008 r0=0702 r1=4408 r2=20F7 r3=0001 r4=0000 r5=0B24 r6=0090 r7=00F2 r8=002F r9=0002 r10=0000 r11=0AE6 r12=0000 r13=0B92 r14=0000 r15=43B2
t=85.203549500 pc=003B1D28 fcw=D048 r0=0702 r1=4408 r2=20F7 r3=0001 r4=0000 r5=0B24 r6=0090 r7=00F2 r8=002F r9=0002 r10=0000 r11=0AE6 r12=0000 r13=0B92 r14=0000 r15=43B2
t=85.203551000 pc=003B1D2E fcw=D048 r0=0702 r1=4408 r2=20F7 r3=0001 r4=0000 r5=0B24 r6=0090 r7=00F2 r8=002F r9=0002 r10=0000 r11=0AE6 r12=0000 r13=0B92 r14=0000 r15=43B2
t=85.203552250 pc=003B1D30 fcw=D048 r0=0702 r1=4408 r2=20F7 r3=0001 r4=0000 r5=0B24 r6=0090 r7=0000 r8=002F r9=0002 r10=0000 r11=0AE6 r12=0000 r13=0B92 r14=0000 r15=43B2
t=85.203553500 pc=003B1D32 fcw=D048 r0=0702 r1=4408 r2=209F r3=0001 r4=0000 r5=0B24 r6=0090 r7=0000 r8=002F r9=0002 r10=0000 r11=0AE6 r12=0000 r13=0B92 r14=0000 r15=43B2
t=85.203554750 pc=003B1D34 fcw=D048 r0=0770 r1=4408 r2=209F r3=0001 r4=0000 r5=0B24 r6=0090 r7=0000 r8=002F r9=0002 r10=0000 r11=0AE6 r12=0000 r13=0B92 r14=0000 r15=43B2
t=85.203557750 pc=003B1D36 fcw=D048 r0=0770 r1=4408 r2=209F r3=0001 r4=0000 r5=0B24 r6=0090 r7=0000 r8=002F r9=0002 r10=0000 r11=0AE6 r12=0000 r13=0B92 r14=0000 r15=43B2
t=85.203559000 pc=003B1D38 fcw=D048 r0=0780 r1=4408 r2=209F r3=0001 r4=0000 r5=0B24 r6=0090 r7=0000 r8=002F r9=0002 r10=0000 r11=0AE6 r12=0000 r13=0B92 r14=0000 r15=43B2
t=85.203562000 pc=003B1D3A fcw=D048 r0=0780 r1=4408 r2=209F r3=0001 r4=0000 r5=0B24 r6=0090 r7=0000 r8=002F r9=0002 r10=0000 r11=0AE6 r12=0000 r13=0B92 r14=0000 r15=43B2
t=85.203563250 pc=003B1D3C fcw=D048 r0=0780 r1=4408 r2=209D r3=0001 r4=0000 r5=0B24 r6=0090 r7=0000 r8=002F r9=0002 r10=0000 r11=0AE6 r12=0000 r13=0B92 r14=0000 r15=43B2
t=85.203565750 pc=003B1D3E fcw=D048 r0=0701 r1=4408 r2=209D r3=0001 r4=0000 r5=0B24 r6=0090 r7=0000 r8=002F r9=0002 r10=0000 r11=0AE6 r12=0000 r13=0B92 r14=0000 r15=43B2
t=85.203567000 pc=003B1D40 fcw=D048 r0=0701 r1=4408 r2=209F r3=0001 r4=0000 r5=0B24 r6=0090 r7=0000 r8=002F r9=0002 r10=0000 r11=0AE6 r12=0000 r13=0B92 r14=0000 r15=43B2
t=85.203568250 pc=003B1D42 fcw=D048 r0=9001 r1=4408 r2=209F r3=0001 r4=0000 r5=0B24 r6=0090 r7=0000 r8=002F r9=0002 r10=0000 r11=0AE6 r12=0000 r13=0B92 r14=0000 r15=43B2
t=85.203571250 pc=003B1D44 fcw=D048 r0=9001 r1=4408 r2=209F r3=0001 r4=0000 r5=0B24 r6=0090 r7=0000 r8=002F r9=0002 r10=0000 r11=0AE6 r12=0000 r13=0B92 r14=0000 r15=43B2
t=85.203572250 pc=003B1D46 fcw=D048 r0=9001 r1=4408 r2=209F r3=0001 r4=0000 r5=0B24 r6=0090 r7=0000 r8=002F r9=0002 r10=0000 r11=0AE6 r12=0000 r13=0B92 r14=0000 r15=43B2
t=85.203573750 pc=003B1D4A fcw=D048 r0=9001 r1=4408 r2=209F r3=0001 r4=0000 r5=0B24 r6=0090 r7=0000 r8=002F r9=0002 r10=0000 r11=0AE6 r12=0000 r13=0B92 r14=0000 r15=43B2
t=85.203574750 pc=003B1D4C fcw=D048 r0=0001 r1=4408 r2=209F r3=0001 r4=0000 r5=0B24 r6=0090 r7=0000 r8=002F r9=0002 r10=0000 r11=0AE6 r12=0000 r13=0B92 r14=0000 r15=43B2
t=85.203576750 pc=003B1D4E fcw=D048 r0=0001 r1=4408 r2=209F r3=0001 r4=0000 r5=0B24 r6=0090 r7=0000 r8=002F r9=0002 r10=0000 r11=0AE6 r12=0000 r13=0B92 r14=0000 r15=43B2
t=85.203577750 pc=003B1D50 fcw=D048 r0=0001 r1=4408 r2=209F r3=0001 r4=0000 r5=0B24 r6=0090 r7=0000 r8=002F r9=0002 r10=0000 r11=0AE6 r12=0000 r13=0B92 r14=0000 r15=43B2
t=85.203578500 pc=003B1D52 fcw=D048 r0=0001 r1=4408 r2=2020 r3=0001 r4=0000 r5=0B24 r6=0090 r7=0000 r8=002F r9=0002 r10=0000 r11=0AE6 r12=0000 r13=0B92 r14=0000 r15=43B2
t=85.203581000 pc=003B164E fcw=D048 r0=0001 r1=4408 r2=2020 r3=0001 r4=0000 r5=0B24 r6=0090 r7=0000 r8=002F r9=0002 r10=0000 r11=0AE6 r12=0000 r13=0B92 r14=0000 r15=43B6
t=85.203583500 pc=003B0DBC fcw=D048 r0=0001 r1=4408 r2=2020 r3=0001 r4=0000 r5=0B24 r6=0090 r7=0000 r8=002F r9=0002 r10=0000 r11=0AE6 r12=0000 r13=0B92 r14=0000 r15=43BA
t=85.203586500 pc=003B0DBE fcw=D048 r0=0001 r1=4408 r2=2020 r3=0001 r4=0000 r5=0B2C r6=0090 r7=0000 r8=002F r9=0002 r10=0000 r11=0AE6 r12=0000 r13=0B92 r14=0000 r15=43BE
t=85.203589500 pc=003B0DC0 fcw=D048 r0=0001 r1=4408 r2=0020 r3=0002 r4=0000 r5=0B2C r6=0090 r7=0000 r8=002F r9=0002 r10=0000 r11=0AE6 r12=0000 r13=0B92 r14=0000 r15=43C2
t=85.203591500 pc=003B0DC2 fcw=D048 r0=0001 r1=4408 r2=0020 r3=0002 r4=0000 r5=0B2C r6=0090 r7=00F2 r8=002F r9=0002 r10=0000 r11=0AE6 r12=0000 r13=0B92 r14=0000 r15=43C4
t=85.203592500 pc=003B0DC4 fcw=D048 r0=0001 r1=4408 r2=0020 r3=0002 r4=0000 r5=0B2C r6=0000 r7=00F2 r8=002F r9=0002 r10=0000 r11=0AE6 r12=0000 r13=0B92 r14=0000 r15=43C4
t=85.203596750 pc=003B0DC8 fcw=D048 r0=0001 r1=4408 r2=0020 r3=0002 r4=0000 r5=0B2C r6=0000 r7=00F2 r8=002F r9=0002 r10=0000 r11=0AE6 r12=0000 r13=0B92 r14=0000 r15=43C4
t=85.203597750 pc=003B0DCA fcw=D048 r0=0001 r1=4408 r2=0020 r3=0002 r4=0000 r5=0B2C r6=0000 r7=00F2 r8=002F r9=0002 r10=0000 r11=0AE6 r12=0000 r13=0B92 r14=0000 r15=43C4
t=85.203599250 pc=003B0DDE fcw=D048 r0=0001 r1=4408 r2=0020 r3=0002 r4=0000 r5=0B2C r6=0000 r7=00F2 r8=002F r9=0002 r10=0000 r11=0AE6 r12=0000 r13=0B92 r14=0000 r15=43C4
t=85.203600250 pc=003B0DE0 fcw=D048 r0=0001 r1=4408 r2=0020 r3=0002 r4=0000 r5=0B2C r6=0000 r7=00F2 r8=002F r9=0002 r10=0000 r11=0AE6 r12=0000 r13=0B92 r14=0000 r15=43C4
t=85.203601750 pc=003B0DF6 fcw=D048 r0=0001 r1=4408 r2=0020 r3=0002 r4=0000 r5=0B2C r6=0000 r7=00F2 r8=002F r9=0002 r10=0000 r11=0AE6 r12=0000 r13=0B92 r14=0000 r15=43C4
t=85.203602750 pc=003B0DF8 fcw=D048 r0=0001 r1=4408 r2=0020 r3=0002 r4=0000 r5=0B2C r6=0000 r7=00F2 r8=002F r9=0002 r10=0000 r11=0AE6 r12=0000 r13=0B92 r14=0000 r15=43C4
t=85.203604250 pc=003B0E6E fcw=D048 r0=0001 r1=4408 r2=0020 r3=0002 r4=0000 r5=0B2C r6=0000 r7=00F2 r8=002F r9=0002 r10=0000 r11=0AE6 r12=0000 r13=0B92 r14=0000 r15=43C4
t=85.203605250 pc=003B0E70 fcw=D008 r0=0001 r1=4408 r2=0020 r3=0002 r4=0000 r5=0B2C r6=0000 r7=00F2 r8=002F r9=0002 r10=0000 r11=0AE6 r12=0000 r13=0B92 r14=0000 r15=43C4
t=85.203606750 pc=003B0E72 fcw=D008 r0=0001 r1=4408 r2=0020 r3=0002 r4=0000 r5=0B2C r6=0000 r7=00F2 r8=002F r9=0002 r10=0000 r11=0AE6 r12=0000 r13=0B92 r14=0000 r15=43C4
t=85.203608500 pc=003B0E74 fcw=D008 r0=0001 r1=4408 r2=0020 r3=0002 r4=0000 r5=0B2C r6=00FF r7=00F2 r8=002F r9=0002 r10=0000 r11=0AE6 r12=0000 r13=0B92 r14=0000 r15=43C4
t=85.203610250 pc=003B0E76 fcw=D038 r0=0001 r1=4408 r2=0020 r3=0002 r4=0000 r5=0B2C r6=00FF r7=00F2 r8=002F r9=0002 r10=0000 r11=0AE6 r12=0000 r13=0B92 r14=0000 r15=43C4
t=85.203611750 pc=003B0E78 fcw=D038 r0=0001 r1=4408 r2=0020 r3=0002 r4=0000 r5=0B2C r6=00FF r7=00F2 r8=002F r9=0002 r10=0000 r11=0AE6 r12=0000 r13=0B92 r14=0000 r15=43C4
t=85.203613500 pc=003B0E7C fcw=D0A8 r0=0001 r1=4408 r2=0020 r3=0002 r4=0000 r5=0B2C r6=00FF r7=00F2 r8=002F r9=0002 r10=0000 r11=0AE6 r12=0000 r13=0B92 r14=0000 r15=43C4
t=85.203615000 pc=003B0E8C fcw=D0A8 r0=0001 r1=4408 r2=0020 r3=0002 r4=0000 r5=0B2C r6=00FF r7=00F2 r8=002F r9=0002 r10=0000 r11=0AE6 r12=0000 r13=0B92 r14=0000 r15=43C4
t=85.203615750 pc=003B0E8E fcw=D0A8 r0=0001 r1=4408 r2=0020 r3=0002 r4=0000 r5=0B2C r6=0008 r7=00F2 r8=002F r9=0002 r10=0000 r11=0AE6 r12=0000 r13=0B92 r14=0000 r15=43C4
t=85.203617500 pc=003B0E92 fcw=D0C8 r0=0001 r1=4408 r2=0020 r3=0002 r4=0000 r5=0B2C r6=0000 r7=00F2 r8=002F r9=0002 r10=0000 r11=0AE6 r12=0000 r13=0B92 r14=0000 r15=43C4
t=85.203619250 pc=003B0E96 fcw=D0A8 r0=0001 r1=4408 r2=0020 r3=0002 r4=0000 r5=0B2C r6=0000 r7=00F2 r8=002F r9=0002 r10=0000 r11=0AE6 r12=0000 r13=0B92 r14=0000 r15=43C4
t=85.203620750 pc=003B0E9C fcw=D0A8 r0=0001 r1=4408 r2=0020 r3=0002 r4=0000 r5=0B2C r6=0000 r7=00F2 r8=002F r9=0002 r10=0000 r11=0AE6 r12=0000 r13=0B92 r14=0000 r15=43C4
t=85.203622500 pc=003B0EA0 fcw=D0A8 r0=0001 r1=4408 r2=0020 r3=0002 r4=0000 r5=0B2C r6=0000 r7=00F2 r8=002F r9=0002 r10=0000 r11=0AE6 r12=0000 r13=0B92 r14=0000 r15=43C4
t=85.203624000 pc=003B0EA6 fcw=D0A8 r0=0001 r1=4408 r2=0020 r3=0002 r4=0000 r5=0B2C r6=0000 r7=00F2 r8=002F r9=0002 r10=0000 r11=0AE6 r12=0000 r13=0B92 r14=0000 r15=43C4
t=85.203625750 pc=003B0EAA fcw=D0A8 r0=0001 r1=4408 r2=0020 r3=0002 r4=0000 r5=0B2C r6=0000 r7=00F2 r8=002F r9=0002 r10=0000 r11=0AE6 r12=0000 r13=0B92 r14=0000 r15=43C4
t=85.203627250 pc=003B0EB0 fcw=D0A8 r0=0001 r1=4408 r2=0020 r3=0002 r4=0000 r5=0B2C r6=0000 r7=00F2 r8=002F r9=0002 r10=0000 r11=0AE6 r12=0000 r13=0B92 r14=0000 r15=43C4
t=85.203629750 pc=003B0FEE fcw=D0A8 r0=0001 r1=4408 r2=0020 r3=0002 r4=0000 r5=0B2C r6=0000 r7=00F2 r8=002F r9=0002 r10=0000 r11=0AE6 r12=0000 r13=0B92 r14=0000 r15=43C0
t=85.203632000 pc=003B0FF0 fcw=D0A8 r0=0001 r1=4408 r2=0020 r3=0002 r4=0000 r5=0B2C r6=0000 r7=00F2 r8=002F r9=0002 r10=0000 r11=0AE6 r12=0000 r13=0B92 r14=0000 r15=43BE
t=85.203635000 pc=003B0FF2 fcw=D0A8 r0=0001 r1=4408 r2=0020 r3=0002 r4=0000 r5=0B2C r6=0000 r7=00F2 r8=002F r9=0002 r10=0000 r11=0AE6 r12=0000 r13=0B92 r14=0000 r15=43BA
t=85.203638000 pc=003B0FF4 fcw=D0A8 r0=0001 r1=4408 r2=0020 r3=0002 r4=0000 r5=0B2C r6=0000 r7=00F2 r8=002F r9=0002 r10=0000 r11=0AE6 r12=0000 r13=0B92 r14=0000 r15=43B6
t=85.203639250 pc=003B0FF6 fcw=D0A8 r0=0001 r1=4408 r2=0020 r3=0002 r4=0000 r5=0AE6 r6=0000 r7=00F2 r8=002F r9=0002 r10=0000 r11=0AE6 r12=0000 r13=0B92 r14=0000 r15=43B6
t=85.203641000 pc=003B0FFA fcw=D008 r0=0001 r1=4408 r2=0020 r3=0002 r4=0000 r5=0B02 r6=0000 r7=00F2 r8=002F r9=0002 r10=0000 r11=0AE6 r12=0000 r13=0B92 r14=0000 r15=43B6
t=85.203643500 pc=003B1690 fcw=D008 r0=0001 r1=4408 r2=0020 r3=0002 r4=0000 r5=0B02 r6=0000 r7=00F2 r8=002F r9=0002 r10=0000 r11=0AE6 r12=0000 r13=0B92 r14=0000 r15=43B2
t=85.203646000 pc=003B1C16 fcw=D008 r0=0001 r1=4408 r2=0020 r3=0002 r4=0000 r5=0B02 r6=0000 r7=00F2 r8=002F r9=0002 r10=0000 r11=0AE6 r12=0000 r13=0B92 r14=0000 r15=43AE
t=85.203648500 pc=003B1B2A fcw=D008 r0=0001 r1=4408 r2=0020 r3=0002 r4=0000 r5=0B02 r6=0000 r7=00F2 r8=002F r9=0002 r10=0000 r11=0AE6 r12=0000 r13=0B92 r14=0000 r15=43AA
t=85.203649500 pc=003B1B2C fcw=D048 r0=0001 r1=4408 r2=0020 r3=0002 r4=0000 r5=0B02 r6=0000 r7=0000 r8=002F r9=0002 r10=0000 r11=0AE6 r12=0000 r13=0B92 r14=0000 r15=43AA
t=85.203650250 pc=003B1B2E fcw=D048 r0=0001 r1=4408 r2=2020 r3=0002 r4=0000 r5=0B02 r6=0000 r7=0000 r8=002F r9=0002 r10=0000 r11=0AE6 r12=0000 r13=0B92 r14=0000 r15=43AA
t=85.203651500 pc=003B1B30 fcw=D048 r0=0001 r1=4408 r2=201D r3=0002 r4=0000 r5=0B02 r6=0000 r7=0000 r8=002F r9=0002 r10=0000 r11=0AE6 r12=0000 r13=0B92 r14=0000 r15=43AA
t=85.203654000 pc=003B1B32 fcw=D048 r0=0084 r1=4408 r2=201D r3=0002 r4=0000 r5=0B02 r6=0000 r7=0000 r8=002F r9=0002 r10=0000 r11=0AE6 r12=0000 r13=0B92 r14=0000 r15=43AA
t=85.203655000 pc=003B1B34 fcw=D048 r0=0084 r1=4408 r2=201D r3=0002 r4=0000 r5=0B02 r6=0000 r7=0000 r8=002F r9=0002 r10=0000 r11=0AE6 r12=0000 r13=0B92 r14=0000 r15=43AA
t=85.203656500 pc=003B1B36 fcw=D048 r0=0084 r1=4408 r2=201D r3=0002 r4=0000 r5=0B02 r6=0000 r7=0000 r8=002F r9=0002 r10=0000 r11=0AE6 r12=0000 r13=0B92 r14=0000 r15=43AA
t=85.203657500 pc=003B1B38 fcw=D048 r0=0084 r1=4408 r2=201D r3=0002 r4=0000 r5=0B02 r6=0000 r7=0000 r8=002F r9=0002 r10=0000 r11=0AE6 r12=0000 r13=0B92 r14=0000 r15=43AA
t=85.203659000 pc=003B1B3A fcw=D048 r0=0084 r1=4408 r2=201D r3=0002 r4=0000 r5=0B02 r6=0000 r7=0000 r8=002F r9=0002 r10=0000 r11=0AE6 r12=0000 r13=0B92 r14=0000 r15=43AA
t=85.203660000 pc=003B1B3C fcw=D008 r0=0084 r1=4408 r2=201D r3=0002 r4=0000 r5=0B02 r6=0000 r7=0000 r8=002F r9=0002 r10=0000 r11=0AE6 r12=0000 r13=0B92 r14=0000 r15=43AA
t=85.203661500 pc=003B1B3E fcw=D008 r0=0084 r1=4408 r2=201D r3=0002 r4=0000 r5=0B02 r6=0000 r7=0000 r8=002F r9=0002 r10=0000 r11=0AE6 r12=0000 r13=0B92 r14=0000 r15=43AA
t=85.203662500 pc=003B1B40 fcw=D048 r0=0084 r1=4408 r2=201D r3=0002 r4=0000 r5=0B02 r6=0000 r7=0000 r8=002F r9=0002 r10=0000 r11=0AE6 r12=0000 r13=0B92 r14=0000 r15=43AA
t=85.203664000 pc=003B1B42 fcw=D048 r0=0084 r1=4408 r2=201D r3=0002 r4=0000 r5=0B02 r6=0000 r7=0000 r8=002F r9=0002 r10=0000 r11=0AE6 r12=0000 r13=0B92 r14=0000 r15=43AA
t=85.203665250 pc=003B1B44 fcw=D048 r0=0884 r1=4408 r2=201D r3=0002 r4=0000 r5=0B02 r6=0000 r7=0000 r8=002F r9=0002 r10=0000 r11=0AE6 r12=0000 r13=0B92 r14=0000 r15=43AA
t=85.203666500 pc=003B1B46 fcw=D048 r0=0884 r1=4408 r2=201F r3=0002 r4=0000 r5=0B02 r6=0000 r7=0000 r8=002F r9=0002 r10=0000 r11=0AE6 r12=0000 r13=0B92 r14=0000 r15=43AA
t=85.203669500 pc=003B1B48 fcw=D048 r0=0884 r1=4408 r2=201F r3=0002 r4=0000 r5=0B02 r6=0000 r7=0000 r8=002F r9=0002 r10=0000 r11=0AE6 r12=0000 r13=0B92 r14=0000 r15=43AA
t=85.203672000 pc=003B19E8 fcw=D048 r0=0884 r1=4408 r2=201F r3=0002 r4=0000 r5=0B02 r6=0000 r7=0000 r8=002F r9=0002 r10=0000 r11=0AE6 r12=0000 r13=0B92 r14=0000 r15=43A6
t=85.203673000 pc=003B19EA fcw=D048 r0=0884 r1=4408 r2=201F r3=0002 r4=0000 r5=0B02 r6=0000 r7=0000 r8=002F r9=0002 r10=0000 r11=0AE6 r12=0000 r13=0B92 r14=0000 r15=43A6
t=85.203674250 pc=003B19EC fcw=D048 r0=0884 r1=4408 r2=201F r3=0002 r4=0000 r5=0B02 r6=0000 r7=0005 r8=002F r9=0002 r10=0000 r11=0AE6 r12=0000 r13=0B92 r14=0000 r15=43A6
t=85.203675500 pc=003B19EE fcw=D048 r0=0884 r1=4408 r2=201F r3=0010 r4=0000 r5=0B02 r6=0000 r7=0005 r8=002F r9=0002 r10=0000 r11=0AE6 r12=0000 r13=0B92 r14=0000 r15=43A6
t=85.203676750 pc=003B19F0 fcw=D048 r0=0884 r1=4408 r2=201D r3=0010 r4=0000 r5=0B02 r6=0000 r7=0005 r8=002F r9=0002 r10=0000 r11=0AE6 r12=0000 r13=0B92 r14=0000 r15=43A6
t=85.203679250 pc=003B19F2 fcw=D048 r0=08D4 r1=4408 r2=201D r3=0010 r4=0000 r5=0B02 r6=0000 r7=0005 r8=002F r9=0002 r10=0000 r11=0AE6 r12=0000 r13=0B92 r14=0000 r15=43A6
t=85.203680250 pc=003B19F4 fcw=D008 r0=08D4 r1=4408 r2=201D r3=0010 r4=0000 r5=0B02 r6=0000 r7=0005 r8=002F r9=0002 r10=0000 r11=0AE6 r12=0000 r13=0B92 r14=0000 r15=43A6
t=85.203681750 pc=003B19F6 fcw=D008 r0=08D4 r1=4408 r2=201D r3=0010 r4=0000 r5=0B02 r6=0000 r7=0005 r8=002F r9=0002 r10=0000 r11=0AE6 r12=0000 r13=0B92 r14=0000 r15=43A6
t=85.203682750 pc=003B19F8 fcw=D048 r0=08D4 r1=4408 r2=201D r3=0000 r4=0000 r5=0B02 r6=0000 r7=0005 r8=002F r9=0002 r10=0000 r11=0AE6 r12=0000 r13=0B92 r14=0000 r15=43A6
t=85.203683750 pc=003B19FA fcw=D048 r0=08D4 r1=4408 r2=201D r3=0000 r4=0000 r5=0B02 r6=0000 r7=0000 r8=002F r9=0002 r10=0000 r11=0AE6 r12=0000 r13=0B92 r14=0000 r15=43A6
t=85.203685250 pc=003B1A06 fcw=D048 r0=08D4 r1=4408 r2=201D r3=0000 r4=0000 r5=0B02 r6=0000 r7=0000 r8=002F r9=0002 r10=0000 r11=0AE6 r12=0000 r13=0B92 r14=0000 r15=43A6
t=85.203687750 pc=003B1B4A fcw=D048 r0=08D4 r1=4408 r2=201D r3=0000 r4=0000 r5=0B02 r6=0000 r7=0000 r8=002F r9=0002 r10=0000 r11=0AE6 r12=0000 r13=0B92 r14=0000 r15=43AA
t=85.203689500 pc=003B1B4E fcw=D048 r0=08D4 r1=4408 r2=201D r3=0000 r4=0000 r5=0B02 r6=0000 r7=0000 r8=002F r9=0002 r10=0000 r11=0AE6 r12=0000 r13=0B92 r14=0000 r15=43AA
t=85.203691000 pc=003B1B50 fcw=D048 r0=08D4 r1=4408 r2=201D r3=0000 r4=0000 r5=0B02 r6=0000 r7=0000 r8=002F r9=0002 r10=0000 r11=0AE6 r12=0000 r13=0B92 r14=0000 r15=43AA
t=85.203692250 pc=003B1B52 fcw=D048 r0=08D4 r1=4408 r2=201D r3=0000 r4=0000 r5=0B02 r6=0000 r7=0000 r8=002F r9=0002 r10=0000 r11=0AE6 r12=0000 r13=0B92 r14=0000 r15=43AA
t=85.203694750 pc=003B1B54 fcw=D048 r0=08D4 r1=4408 r2=201D r3=0000 r4=0000 r5=0B02 r6=0000 r7=0000 r8=002F r9=0002 r10=0000 r11=0AE6 r12=0000 r13=0B92 r14=0000 r15=43AA
t=85.203695750 pc=003B1B56 fcw=D008 r0=08D4 r1=4408 r2=201D r3=0000 r4=0000 r5=0B02 r6=0000 r7=0000 r8=002F r9=0002 r10=0000 r11=0AE6 r12=0000 r13=0B92 r14=0000 r15=43AA
t=85.203697250 pc=003B1B58 fcw=D008 r0=08D4 r1=4408 r2=201D r3=0000 r4=0000 r5=0B02 r6=0000 r7=0000 r8=002F r9=0002 r10=0000 r11=0AE6 r12=0000 r13=0B92 r14=0000 r15=43AA
t=85.203698500 pc=003B1B5A fcw=D008 r0=08D4 r1=4408 r2=201F r3=0000 r4=0000 r5=0B02 r6=0000 r7=0000 r8=002F r9=0002 r10=0000 r11=0AE6 r12=0000 r13=0B92 r14=0000 r15=43AA
t=85.203701000 pc=003B1B5C fcw=D008 r0=086A r1=4408 r2=201F r3=0000 r4=0000 r5=0B02 r6=0000 r7=0000 r8=002F r9=0002 r10=0000 r11=0AE6 r12=0000 r13=0B92 r14=0000 r15=43AA
t=85.203702000 pc=003B1B5E fcw=D048 r0=086A r1=0000 r2=201F r3=0000 r4=0000 r5=0B02 r6=0000 r7=0000 r8=002F r9=0002 r10=0000 r11=0AE6 r12=0000 r13=0B92 r14=0000 r15=43AA
t=85.203703000 pc=003B1B60 fcw=D008 r0=086A r1=0001 r2=201F r3=0000 r4=0000 r5=0B02 r6=0000 r7=0000 r8=002F r9=0002 r10=0000 r11=0AE6 r12=0000 r13=0B92 r14=0000 r15=43AA
t=85.203703750 pc=003B1B62 fcw=D008 r0=086A r1=0001 r2=206A r3=0000 r4=0000 r5=0B02 r6=0000 r7=0000 r8=002F r9=0002 r10=0000 r11=0AE6 r12=0000 r13=0B92 r14=0000 r15=43AA
t=85.203705500 pc=003B1B66 fcw=D008 r0=086A r1=0001 r2=2040 r3=0000 r4=0000 r5=0B02 r6=0000 r7=0000 r8=002F r9=0002 r10=0000 r11=0AE6 r12=0000 r13=0B92 r14=0000 r15=43AA
t=85.203707250 pc=003B1B6A fcw=D0B8 r0=086A r1=0001 r2=2040 r3=0000 r4=0000 r5=0B02 r6=0000 r7=0000 r8=002F r9=0002 r10=0000 r11=0AE6 r12=0000 r13=0B92 r14=0000 r15=43AA
t=85.203708750 pc=003B1BE8 fcw=D0B8 r0=086A r1=0001 r2=2040 r3=0000 r4=0000 r5=0B02 r6=0000 r7=0000 r8=002F r9=0002 r10=0000 r11=0AE6 r12=0000 r13=0B92 r14=0000 r15=43AA
t=85.203710500 pc=003B1BEC fcw=D0B8 r0=086A r1=0001 r2=2040 r3=0000 r4=0000 r5=0B02 r6=0000 r7=0000 r8=002F r9=0002 r10=0000 r11=0AE6 r12=0000 r13=0B92 r14=0000 r15=43AA
t=85.203712000 pc=003B1BF2 fcw=D0B8 r0=086A r1=0001 r2=2040 r3=0000 r4=0000 r5=0B02 r6=0000 r7=0000 r8=002F r9=0002 r10=0000 r11=0AE6 r12=0000 r13=0B92 r14=0000 r15=43AA
t=85.203713250 pc=003B1BF4 fcw=D0B8 r0=086A r1=0001 r2=2040 r3=0000 r4=0000 r5=0B02 r6=0000 r7=0000 r8=002F r9=0002 r10=0000 r11=0AE6 r12=0000 r13=0B92 r14=0000 r15=43AA
t=85.203714750 pc=003B1BF8 fcw=D0B8 r0=086A r1=0001 r2=2040 r3=0000 r4=0000 r5=0B02 r6=0000 r7=0000 r8=002F r9=0002 r10=0000 r11=0AE6 r12=0000 r13=0B92 r14=0000 r15=43AA
t=85.203716250 pc=003B1BFC fcw=D0B8 r0=086A r1=0001 r2=2040 r3=0000 r4=0000 r5=0B02 r6=0000 r7=0000 r8=002F r9=0002 r10=0000 r11=0AE6 r12=0000 r13=0B92 r14=0000 r15=43AA
t=85.203717750 pc=003B1C00 fcw=D0B8 r0=086A r1=0001 r2=2040 r3=0000 r4=0000 r5=0B02 r6=0000 r7=0000 r8=002F r9=0002 r10=0000 r11=0AE6 r12=0000 r13=0B92 r14=0000 r15=43AA
t=85.203719250 pc=003B1C04 fcw=D0B8 r0=086A r1=0001 r2=2040 r3=0000 r4=0000 r5=0B02 r6=0000 r7=0000 r8=002F r9=0002 r10=0000 r11=0AE6 r12=0000 r13=0B92 r14=0000 r15=43AA
t=85.203720750 pc=003B1C08 fcw=D0B8 r0=086A r1=0001 r2=2040 r3=0000 r4=0000 r5=0B02 r6=0000 r7=0000 r8=002F r9=0002 r10=0000 r11=0AE6 r12=0000 r13=0B92 r14=0000 r15=43AA
t=85.203721500 pc=003B1C0A fcw=D0B8 r0=086A r1=0001 r2=2020 r3=0000 r4=0000 r5=0B02 r6=0000 r7=0000 r8=002F r9=0002 r10=0000 r11=0AE6 r12=0000 r13=0B92 r14=0000 r15=43AA
t=85.203722500 pc=003B1C0C fcw=D048 r0=086A r1=0001 r2=2020 r3=0000 r4=0000 r5=0B02 r6=0000 r7=0000 r8=002F r9=0002 r10=0000 r11=0AE6 r12=0000 r13=0B92 r14=0000 r15=43AA
t=85.203724250 pc=003B1C10 fcw=D048 r0=086A r1=0001 r2=2020 r3=0000 r4=0000 r5=0B02 r6=0000 r7=0000 r8=002F r9=0002 r10=0000 r11=0AE6 r12=0000 r13=0B92 r14=0000 r15=43AA
t=85.203725750 pc=003B1C12 fcw=D048 r0=086A r1=0001 r2=2020 r3=0000 r4=0000 r5=0B02 r6=0000 r7=0000 r8=002F r9=0002 r10=0000 r11=0AE6 r12=0000 r13=0B92 r14=0000 r15=43AA
t=85.203726500 pc=003B1C14 fcw=D048 r0=086A r1=0001 r2=2020 r3=0000 r4=0000 r5=0B02 r6=0000 r7=0000 r8=002F r9=0002 r10=0000 r11=0AE6 r12=0000 r13=0B92 r14=0000 r15=43AA
t=85.203729000 pc=003B1C18 fcw=D048 r0=086A r1=0001 r2=2020 r3=0000 r4=0000 r5=0B02 r6=0000 r7=0000 r8=002F r9=0002 r10=0000 r11=0AE6 r12=0000 r13=0B92 r14=0000 r15=43AE
t=85.203730750 pc=003B1C1C fcw=D048 r0=086A r1=0001 r2=2020 r3=0000 r4=0000 r5=0B02 r6=0000 r7=0000 r8=002F r9=0002 r10=0000 r11=0AE6 r12=0000 r13=0B92 r14=0000 r15=43AE
t=85.203732250 pc=003B1C1E fcw=D048 r0=086A r1=0001 r2=2020 r3=0000 r4=0000 r5=0B02 r6=0000 r7=0000 r8=002F r9=0002 r10=0000 r11=0AE6 r12=0000 r13=0B92 r14=0000 r15=43AE
t=85.203734000 pc=003B1C22 fcw=D008 r0=0868 r1=0001 r2=2020 r3=0000 r4=0000 r5=0B02 r6=0000 r7=0000 r8=002F r9=0002 r10=0000 r11=0AE6 r12=0000 r13=0B92 r14=0000 r15=43AE
t=85.203735750 pc=003B1C26 fcw=D048 r0=0868 r1=0001 r2=2020 r3=0000 r4=0000 r5=0B02 r6=0000 r7=0000 r8=002F r9=0002 r10=0000 r11=0AE6 r12=0000 r13=0B92 r14=0000 r15=43AE
t=85.203737250 pc=003B1C28 fcw=D048 r0=0868 r1=0001 r2=2020 r3=0000 r4=0000 r5=0B02 r6=0000 r7=0000 r8=002F r9=0002 r10=0000 r11=0AE6 r12=0000 r13=0B92 r14=0000 r15=43AE
t=85.203738500 pc=003B1C2A fcw=D048 r0=0868 r1=0001 r2=2020 r3=0000 r4=0000 r5=0B02 r6=0000 r7=0018 r8=002F r9=0002 r10=0000 r11=0AE6 r12=0000 r13=0B92 r14=0000 r15=43AE
t=85.203740750 pc=003B1C2C fcw=D048 r0=0868 r1=0001 r2=2020 r3=0000 r4=0000 r5=0B02 r6=0000 r7=0018 r8=002F r9=0002 r10=0000 r11=0AE6 r12=0000 r13=0B92 r14=0000 r15=43AC
t=85.203743250 pc=003B1D78 fcw=D048 r0=0868 r1=0001 r2=2020 r3=0000 r4=0000 r5=0B02 r6=0000 r7=0018 r8=002F r9=0002 r10=0000 r11=0AE6 r12=0000 r13=0B92 r14=0000 r15=43A8
t=85.203746250 pc=003B1D7A fcw=D048 r0=0868 r1=0001 r2=2020 r3=0000 r4=0000 r5=0B02 r6=0000 r7=0018 r8=002F r9=0002 r10=0000 r11=0AE6 r12=0000 r13=0B92 r14=0000 r15=43A4
t=85.203747250 pc=003B1D7C fcw=D048 r0=0868 r1=0001 r2=2020 r3=0000 r4=0000 r5=0B00 r6=0000 r7=0018 r8=002F r9=0002 r10=0000 r11=0AE6 r12=0000 r13=0B92 r14=0000 r15=43A4
t=85.203748000 pc=003B1D7E fcw=D048 r0=0868 r1=0001 r2=2020 r3=0000 r4=0000 r5=0B00 r6=0000 r7=0018 r8=002F r9=0002 r10=0000 r11=0AE6 r12=0000 r13=0B92 r14=0000 r15=43A4
t=85.203749250 pc=003B1D80 fcw=D048 r0=0868 r1=0001 r2=201D r3=0000 r4=0000 r5=0B00 r6=0000 r7=0018 r8=002F r9=0002 r10=0000 r11=0AE6 r12=0000 r13=0B92 r14=0000 r15=43A4
t=85.203751750 pc=003B1D82 fcw=D048 r0=0868 r1=0001 r2=201D r3=0000 r4=0000 r5=D000 r6=0000 r7=0018 r8=002F r9=0002 r10=0000 r11=0AE6 r12=0000 r13=0B92 r14=0000 r15=43A4
t=85.203752750 pc=003B1D84 fcw=D008 r0=0868 r1=0001 r2=201D r3=0000 r4=0000 r5=D000 r6=0000 r7=0018 r8=002F r9=0002 r10=0000 r11=0AE6 r12=0000 r13=0B92 r14=0000 r15=43A4
t=85.203754250 pc=003B1D86 fcw=D008 r0=0868 r1=0001 r2=201D r3=0000 r4=0000 r5=D000 r6=0000 r7=0018 r8=002F r9=0002 r10=0000 r11=0AE6 r12=0000 r13=0B92 r14=0000 r15=43A4
t=85.203756500 pc=003B1D88 fcw=D008 r0=0868 r1=0001 r2=201D r3=0000 r4=0000 r5=D000 r6=0000 r7=0018 r8=002F r9=0002 r10=0000 r11=0AE6 r12=0000 r13=0B92 r14=0000 r15=43A2
t=85.203758750 pc=003B1D8A fcw=D008 r0=0868 r1=0001 r2=201D r3=0000 r4=0000 r5=D000 r6=0000 r7=0018 r8=002F r9=0002 r10=0000 r11=0AE6 r12=0000 r13=0B92 r14=0000 r15=43A0
t=85.203761250 pc=003B19E8 fcw=D008 r0=0868 r1=0001 r2=201D r3=0000 r4=0000 r5=D000 r6=0000 r7=0018 r8=002F r9=0002 r10=0000 r11=0AE6 r12=0000 r13=0B92 r14=0000 r15=439C
t=85.203762250 pc=003B19EA fcw=D048 r0=0868 r1=0001 r2=201D r3=0000 r4=0000 r5=D000 r6=0000 r7=0018 r8=002F r9=0002 r10=0000 r11=0AE6 r12=0000 r13=0B92 r14=0000 r15=439C
t=85.203763500 pc=003B19EC fcw=D048 r0=0868 r1=0001 r2=201D r3=0000 r4=0000 r5=D000 r6=0000 r7=0005 r8=002F r9=0002 r10=0000 r11=0AE6 r12=0000 r13=0B92 r14=0000 r15=439C
t=85.203764750 pc=003B19EE fcw=D048 r0=0868 r1=0001 r2=201D r3=0010 r4=0000 r5=D000 r6=0000 r7=0005 r8=002F r9=0002 r10=0000 r11=0AE6 r12=0000 r13=0B92 r14=0000 r15=439C
t=85.203766000 pc=003B19F0 fcw=D048 r0=0868 r1=0001 r2=201D r3=0010 r4=0000 r5=D000 r6=0000 r7=0005 r8=002F r9=0002 r10=0000 r11=0AE6 r12=0000 r13=0B92 r14=0000 r15=439C
t=85.203768500 pc=003B19F2 fcw=D048 r0=08D0 r1=0001 r2=201D r3=0010 r4=0000 r5=D000 r6=0000 r7=0005 r8=002F r9=0002 r10=0000 r11=0AE6 r12=0000 r13=0B92 r14=0000 r15=439C
t=85.203769500 pc=003B19F4 fcw=D008 r0=08D0 r1=0001 r2=201D r3=0010 r4=0000 r5=D000 r6=0000 r7=0005 r8=002F r9=0002 r10=0000 r11=0AE6 r12=0000 r13=0B92 r14=0000 r15=439C
t=85.203771000 pc=003B19F6 fcw=D008 r0=08D0 r1=0001 r2=201D r3=0010 r4=0000 r5=D000 r6=0000 r7=0005 r8=002F r9=0002 r10=0000 r11=0AE6 r12=0000 r13=0B92 r14=0000 r15=439C
t=85.203772000 pc=003B19F8 fcw=D048 r0=08D0 r1=0001 r2=201D r3=0000 r4=0000 r5=D000 r6=0000 r7=0005 r8=002F r9=0002 r10=0000 r11=0AE6 r12=0000 r13=0B92 r14=0000 r15=439C
t=85.203773000 pc=003B19FA fcw=D048 r0=08D0 r1=0001 r2=201D r3=0000 r4=0000 r5=D000 r6=0000 r7=0000 r8=002F r9=0002 r10=0000 r11=0AE6 r12=0000 r13=0B92 r14=0000 r15=439C
t=85.203774500 pc=003B1A06 fcw=D048 r0=08D0 r1=0001 r2=201D r3=0000 r4=0000 r5=D000 r6=0000 r7=0000 r8=002F r9=0002 r10=0000 r11=0AE6 r12=0000 r13=0B92 r14=0000 r15=439C
t=85.203777000 pc=003B1D8C fcw=D048 r0=08D0 r1=0001 r2=201D r3=0000 r4=0000 r5=D000 r6=0000 r7=0000 r8=002F r9=0002 r10=0000 r11=0AE6 r12=0000 r13=0B92 r14=0000 r15=43A0
t=85.203779000 pc=003B1D8E fcw=D048 r0=08D0 r1=0001 r2=201D r3=0000 r4=0000 r5=D000 r6=0000 r7=0000 r8=002F r9=0002 r10=0000 r11=0AE6 r12=0000 r13=0B92 r14=0000 r15=43A2
t=85.203781000 pc=003B1D90 fcw=D048 r0=0868 r1=0001 r2=201D r3=0000 r4=0000 r5=D000 r6=0000 r7=0000 r8=002F r9=0002 r10=0000 r11=0AE6 r12=0000 r13=0B92 r14=0000 r15=43A4
t=85.203782750 pc=003B1D94 fcw=D048 r0=0868 r1=0001 r2=201D r3=0000 r4=0000 r5=D000 r6=0000 r7=0000 r8=002F r9=0002 r10=0000 r11=0AE6 r12=0000 r13=0B92 r14=0000 r15=43A4
t=85.203784250 pc=003B1D96 fcw=D048 r0=0868 r1=0001 r2=201D r3=0000 r4=0000 r5=D000 r6=0000 r7=0000 r8=002F r9=0002 r10=0000 r11=0AE6 r12=0000 r13=0B92 r14=0000 r15=43A4
t=85.203786750 pc=003B1D98 fcw=D048 r0=0868 r1=0001 r2=201D r3=0000 r4=0000 r5=D000 r6=0000 r7=0000 r8=002F r9=0002 r10=0000 r11=0AE6 r12=0000 r13=0B92 r14=0000 r15=43A4
t=85.203787750 pc=003B1D9A fcw=D008 r0=0868 r1=0001 r2=201D r3=0000 r4=0000 r5=D000 r6=0000 r7=0000 r8=002F r9=0002 r10=0000 r11=0AE6 r12=0000 r13=0B92 r14=0000 r15=43A4
t=85.203789250 pc=003B1D9C fcw=D008 r0=0868 r1=0001 r2=201D r3=0000 r4=0000 r5=D000 r6=0000 r7=0000 r8=002F r9=0002 r10=0000 r11=0AE6 r12=0000 r13=0B92 r14=0000 r15=43A4
t=85.203790500 pc=003B1D9E fcw=D008 r0=0868 r1=0001 r2=201F r3=0000 r4=0000 r5=D000 r6=0000 r7=0000 r8=002F r9=0002 r10=0000 r11=0AE6 r12=0000 r13=0B92 r14=0000 r15=43A4
t=85.203793000 pc=003B1DA0 fcw=D008 r0=0868 r1=0001 r2=201F r3=0000 r4=0000 r5=0000 r6=0000 r7=0000 r8=002F r9=0002 r10=0000 r11=0AE6 r12=0000 r13=0B92 r14=0000 r15=43A4
t=85.203794750 pc=003B1DA4 fcw=D048 r0=0868 r1=0001 r2=201F r3=0000 r4=0000 r5=0000 r6=0000 r7=0000 r8=002F r9=0002 r10=0000 r11=0AE6 r12=0000 r13=0B92 r14=0000 r15=43A4
t=85.203796250 pc=003B1DA6 fcw=D048 r0=0868 r1=0001 r2=201F r3=0000 r4=0000 r5=0000 r6=0000 r7=0000 r8=002F r9=0002 r10=0000 r11=0AE6 r12=0000 r13=0B92 r14=0000 r15=43A4
t=85.203797000 pc=003B1DA8 fcw=D048 r0=0068 r1=0001 r2=201F r3=0000 r4=0000 r5=0000 r6=0000 r7=0000 r8=002F r9=0002 r10=0000 r11=0AE6 r12=0000 r13=0B92 r14=0000 r15=43A4
t=85.203798500 pc=003B1DE4 fcw=D048 r0=0068 r1=0001 r2=201F r3=0000 r4=0000 r5=0000 r6=0000 r7=0000 r8=002F r9=0002 r10=0000 r11=0AE6 r12=0000 r13=0B92 r14=0000 r15=43A4
t=85.203799500 pc=003B1DE6 fcw=D008 r0=0068 r1=0001 r2=201F r3=0000 r4=0000 r5=0001 r6=0000 r7=0000 r8=002F r9=0002 r10=0000 r11=0AE6 r12=0000 r13=0B92 r14=0000 r15=43A4
t=85.203801000 pc=003B1D7E fcw=D008 r0=0068 r1=0001 r2=201F r3=0000 r4=0000 r5=0001 r6=0000 r7=0000 r8=002F r9=0002 r10=0000 r11=0AE6 r12=0000 r13=0B92 r14=0000 r15=43A4
t=85.203802250 pc=003B1D80 fcw=D008 r0=0068 r1=0001 r2=201D r3=0000 r4=0000 r5=0001 r6=0000 r7=0000 r8=002F r9=0002 r10=0000 r11=0AE6 r12=0000 r13=0B92 r14=0000 r15=43A4
t=85.203804750 pc=003B1D82 fcw=D008 r0=0068 r1=0001 r2=201D r3=0000 r4=0000 r5=8001 r6=0000 r7=0000 r8=002F r9=0002 r10=0000 r11=0AE6 r12=0000 r13=0B92 r14=0000 r15=43A4
t=85.203805750 pc=003B1D84 fcw=D048 r0=0068 r1=0001 r2=201D r3=0000 r4=0000 r5=8001 r6=0000 r7=0000 r8=002F r9=0002 r10=0000 r11=0AE6 r12=0000 r13=0B92 r14=0000 r15=43A4
t=85.203807250 pc=003B1DEC fcw=D048 r0=0068 r1=0001 r2=201D r3=0000 r4=0000 r5=8001 r6=0000 r7=0000 r8=002F r9=0002 r10=0000 r11=0AE6 r12=0000 r13=0B92 r14=0000 r15=43A4
t=85.203810250 pc=003B1DEE fcw=D048 r0=0068 r1=0001 r2=201D r3=0000 r4=0000 r5=0B02 r6=0000 r7=0000 r8=002F r9=0002 r10=0000 r11=0AE6 r12=0000 r13=0B92 r14=0000 r15=43A8
t=85.203812750 pc=003B1C2E fcw=D048 r0=0068 r1=0001 r2=201D r3=0000 r4=0000 r5=0B02 r6=0000 r7=0000 r8=002F r9=0002 r10=0000 r11=0AE6 r12=0000 r13=0B92 r14=0000 r15=43AC
t=85.203814750 pc=003B1C30 fcw=D048 r0=0068 r1=0001 r2=201D r3=0000 r4=0000 r5=0B02 r6=0000 r7=0018 r8=002F r9=0002 r10=0000 r11=0AE6 r12=0000 r13=0B92 r14=0000 r15=43AE
t=85.203818250 pc=003B1C34 fcw=D048 r0=0068 r1=0001 r2=201D r3=0000 r4=0000 r5=0B02 r6=0000 r7=0018 r8=002F r9=0002 r10=0000 r11=0AE6 r12=0000 r13=0B92 r14=0000 r15=43AE
t=85.203819250 pc=003B1C36 fcw=D048 r0=0068 r1=0001 r2=201D r3=0000 r4=0000 r5=0B02 r6=0000 r7=0018 r8=002F r9=0002 r10=0000 r11=0AE6 r12=0000 r13=0B92 r14=0000 r15=43AE
t=85.203821250 pc=003B1C38 fcw=D048 r0=0068 r1=0001 r2=201D r3=0000 r4=0000 r5=0B02 r6=0000 r7=0018 r8=002F r9=0002 r10=0000 r11=0AE6 r12=0000 r13=0B92 r14=0000 r15=43AE
t=85.203823750 pc=003B1692 fcw=D048 r0=0068 r1=0001 r2=201D r3=0000 r4=0000 r5=0B02 r6=0000 r7=0018 r8=002F r9=0002 r10=0000 r11=0AE6 r12=0000 r13=0B92 r14=0000 r15=43B2
t=85.203826250 pc=003B0FFC fcw=D048 r0=0068 r1=0001 r2=201D r3=0000 r4=0000 r5=0B02 r6=0000 r7=0018 r8=002F r9=0002 r10=0000 r11=0AE6 r12=0000 r13=0B92 r14=0000 r15=43B6
t=85.203829250 pc=003B0FFE fcw=D048 r0=0068 r1=0001 r2=201D r3=0000 r4=0000 r5=0B2C r6=0000 r7=0018 r8=002F r9=0002 r10=0000 r11=0AE6 r12=0000 r13=0B92 r14=0000 r15=43BA
t=85.203832250 pc=003B1000 fcw=D048 r0=0068 r1=0001 r2=0020 r3=0002 r4=0000 r5=0B2C r6=0000 r7=0018 r8=002F r9=0002 r10=0000 r11=0AE6 r12=0000 r13=0B92 r14=0000 r15=43BE
t=85.203834250 pc=003B1002 fcw=D048 r0=0068 r1=4408 r2=0020 r3=0002 r4=0000 r5=0B2C r6=0000 r7=0018 r8=002F r9=0002 r10=0000 r11=0AE6 r12=0000 r13=0B92 r14=0000 r15=43C0
t=85.203836000 pc=003B1006 fcw=D0A8 r0=0068 r1=4408 r2=0020 r3=0002 r4=0000 r5=0B2C r6=0000 r7=0018 r8=002F r9=0002 r10=0000 r11=0AE6 r12=0000 r13=0B92 r14=0000 r15=43C0
t=85.203837500 pc=003B100C fcw=D0A8 r0=0068 r1=4408 r2=0020 r3=0002 r4=0000 r5=0B2C r6=0000 r7=0018 r8=002F r9=0002 r10=0000 r11=0AE6 r12=0000 r13=0B92 r14=0000 r15=43C0
t=85.203839250 pc=003B1010 fcw=D008 r0=0068 r1=4408 r2=0020 r3=0002 r4=0000 r5=0B2C r6=0000 r7=0018 r8=002F r9=0002 r10=0000 r11=0AE6 r12=0000 r13=0B92 r14=0000 r15=43C0
t=85.203840750 pc=003B1080 fcw=D008 r0=0068 r1=4408 r2=0020 r3=0002 r4=0000 r5=0B2C r6=0000 r7=0018 r8=002F r9=0002 r10=0000 r11=0AE6 r12=0000 r13=0B92 r14=0000 r15=43C0
t=85.203842500 pc=003B1084 fcw=D048 r0=0068 r1=4408 r2=0020 r3=0002 r4=0000 r5=0B2C r6=0000 r7=0018 r8=002F r9=0002 r10=0000 r11=0AE6 r12=0000 r13=0B92 r14=0000 r15=43C0
t=85.203844000 pc=003B1086 fcw=D048 r0=0068 r1=4408 r2=0020 r3=0002 r4=0000 r5=0B2C r6=0000 r7=0018 r8=002F r9=0002 r10=0000 r11=0AE6 r12=0000 r13=0B92 r14=0000 r15=43C0
t=85.203846500 pc=003B0D12 fcw=D048 r0=0068 r1=4408 r2=0020 r3=0002 r4=0000 r5=0B2C r6=0000 r7=0018 r8=002F r9=0002 r10=0000 r11=0AE6 r12=0000 r13=0B92 r14=0000 r15=43BC
t=85.203849500 pc=003B0D14 fcw=D048 r0=0068 r1=4408 r2=0020 r3=0002 r4=0000 r5=0B2C r6=0000 r7=0018 r8=002F r9=0002 r10=0000 r11=0AE6 r12=0000 r13=0B92 r14=0000 r15=43B8
t=85.203850500 pc=003B0D16 fcw=D048 r0=0068 r1=4408 r2=0020 r3=0002 r4=0000 r5=0B2C r6=0000 r7=0000 r8=002F r9=0002 r10=0000 r11=0AE6 r12=0000 r13=0B92 r14=0000 r15=43B8
t=85.203851250 pc=003B0D18 fcw=D048 r0=0068 r1=4408 r2=0020 r3=0002 r4=0000 r5=0B2C r6=0002 r7=0000 r8=002F r9=0002 r10=0000 r11=0AE6 r12=0000 r13=0B92 r14=0000 r15=43B8
t=85.203853000 pc=003B0D1C fcw=D038 r0=0068 r1=4408 r2=0020 r3=0002 r4=0000 r5=0B2C r6=00CA r7=0000 r8=002F r9=0002 r10=0000 r11=0AE6 r12=0000 r13=0B92 r14=0000 r15=43B8
t=85.203857250 pc=003B0D20 fcw=D038 r0=0068 r1=4408 r2=0020 r3=0002 r4=0000 r5=0B2C r6=00CA r7=0000 r8=002F r9=0002 r10=0000 r11=0AE6 r12=0000 r13=0B92 r14=0000 r15=43B8
t=85.203860250 pc=003B0D22 fcw=D038 r0=0068 r1=4408 r2=0020 r3=0002 r4=0000 r5=0B2C r6=0000 r7=0018 r8=002F r9=0002 r10=0000 r11=0AE6 r12=0000 r13=0B92 r14=0000 r15=43BC
t=85.203862750 pc=003B14CE fcw=D038 r0=0068 r1=4408 r2=0020 r3=0002 r4=0000 r5=0B2C r6=0000 r7=0018 r8=002F r9=0002 r10=0000 r11=0AE6 r12=0000 r13=0B92 r14=0000 r15=43B8
t=85.203865750 pc=003B14D0 fcw=D038 r0=0068 r1=4408 r2=0020 r3=0002 r4=0000 r5=0B2C r6=0000 r7=0018 r8=002F r9=0002 r10=0000 r11=0AE6 r12=0000 r13=0B92 r14=0000 r15=43B4
t=85.203868750 pc=003B14D2 fcw=D038 r0=0068 r1=4408 r2=0020 r3=0002 r4=0000 r5=0B2C r6=0000 r7=0018 r8=002F r9=0002 r10=0000 r11=0AE6 r12=0000 r13=0B92 r14=0000 r15=43B0
t=85.203871750 pc=003B14D4 fcw=D038 r0=0068 r1=4408 r2=0020 r3=0002 r4=0000 r5=0B2C r6=0000 r7=0018 r8=002F r9=0002 r10=0000 r11=0AE6 r12=0000 r13=0B92 r14=0000 r15=43AC
t=85.203873500 pc=003B14D8 fcw=D038 r0=0068 r1=4408 r2=0020 r3=0002 r4=0000 r5=0001 r6=0000 r7=0018 r8=002F r9=0002 r10=0000 r11=0AE6 r12=0000 r13=0B92 r14=0000 r15=43AC
t=85.203874750 pc=003B14DA fcw=D038 r0=0068 r1=4408 r2=0020 r3=0002 r4=0000 r5=0001 r6=0000 r7=0018 r8=002F r9=0002 r10=0000 r11=0AE6 r12=0000 r13=0AE6 r14=0000 r15=43AC
t=85.203876500 pc=003B14DE fcw=D008 r0=0068 r1=4408 r2=0020 r3=0002 r4=0000 r5=0001 r6=0000 r7=0018 r8=002F r9=0002 r10=0000 r11=0AE6 r12=0000 r13=0B02 r14=0000 r15=43AC
t=85.203880000 pc=003B14E2 fcw=D008 r0=00CA r1=4408 r2=0020 r3=0002 r4=0000 r5=0001 r6=0000 r7=0018 r8=002F r9=0002 r10=0000 r11=0AE6 r12=0000 r13=0B02 r14=0000 r15=43AC
t=85.203880750 pc=003B14E4 fcw=D008 r0=00CA r1=4408 r2=0020 r3=0002 r4=0000 r5=0001 r6=00CA r7=0018 r8=002F r9=0002 r10=0000 r11=0AE6 r12=0000 r13=0B02 r14=0000 r15=43AC
t=85.203882500 pc=003B14E8 fcw=D038 r0=00CA r1=4408 r2=0020 r3=0002 r4=0000 r5=0001 r6=00C0 r7=0018 r8=002F r9=0002 r10=0000 r11=0AE6 r12=0000 r13=0B02 r14=0000 r15=43AC
t=85.203884250 pc=003B14EC fcw=D048 r0=00CA r1=4408 r2=0020 r3=0002 r4=0000 r5=0001 r6=00C0 r7=0018 r8=002F r9=0002 r10=0000 r11=0AE6 r12=0000 r13=0B02 r14=0000 r15=43AC
t=85.203885750 pc=003B14EE fcw=D048 r0=00CA r1=4408 r2=0020 r3=0002 r4=0000 r5=0001 r6=00C0 r7=0018 r8=002F r9=0002 r10=0000 r11=0AE6 r12=0000 r13=0B02 r14=0000 r15=43AC
t=85.203890000 pc=003B14F2 fcw=D048 r0=00CA r1=4408 r2=0020 r3=0002 r4=0000 r5=0001 r6=00C0 r7=0018 r8=002F r9=0002 r10=0000 r11=0AE6 r12=0000 r13=0B92 r14=0000 r15=43AC
t=85.203891250 pc=003B14F4 fcw=D048 r0=00CA r1=4408 r2=0020 r3=0002 r4=0000 r5=0001 r6=0000 r7=0AE6 r8=002F r9=0002 r10=0000 r11=0AE6 r12=0000 r13=0B92 r14=0000 r15=43AC
t=85.203893000 pc=003B14F8 fcw=D008 r0=00CA r1=4408 r2=0020 r3=0002 r4=0000 r5=0001 r6=0000 r7=0B14 r8=002F r9=0002 r10=0000 r11=0AE6 r12=0000 r13=0B92 r14=0000 r15=43AC
t=85.203893750 pc=003B14FA fcw=D008 r0=00CA r1=4408 r2=0020 r3=0002 r4=00CA r5=0001 r6=0000 r7=0B14 r8=002F r9=0002 r10=0000 r11=0AE6 r12=0000 r13=0B92 r14=0000 r15=43AC
t=85.203895500 pc=003B14FE fcw=D008 r0=00CA r1=4408 r2=0020 r3=0002 r4=0002 r5=0001 r6=0000 r7=0B14 r8=002F r9=0002 r10=0000 r11=0AE6 r12=0000 r13=0B92 r14=0000 r15=43AC
t=85.203897000 pc=003B1502 fcw=D008 r0=00CA r1=4408 r2=0020 r3=0002 r4=0002 r5=0001 r6=0000 r7=0B14 r8=002F r9=0002 r10=0000 r11=0AE6 r12=0000 r13=0B92 r14=0000 r15=43AC
t=85.203898750 pc=003B1506 fcw=D008 r0=00CA r1=4408 r2=0020 r3=0002 r4=0001 r5=0001 r6=0000 r7=0B14 r8=002F r9=0002 r10=0000 r11=0AE6 r12=0000 r13=0B92 r14=0000 r15=43AC
t=85.203902250 pc=003B150A fcw=D008 r0=44CA r1=4408 r2=0020 r3=0002 r4=0001 r5=0001 r6=0000 r7=0B14 r8=002F r9=0002 r10=0000 r11=0AE6 r12=0000 r13=0B92 r14=0000 r15=43AC
t=85.203903250 pc=003B150C fcw=D008 r0=44CA r1=4408 r2=0020 r3=0002 r4=0001 r5=0001 r6=0000 r7=0B14 r8=002F r9=0002 r10=0000 r11=0AE6 r12=0000 r13=0B92 r14=0000 r15=43AC
t=85.203904750 pc=003B150E fcw=D008 r0=44CA r1=4408 r2=0020 r3=0002 r4=0001 r5=0001 r6=0000 r7=0B14 r8=002F r9=0002 r10=0000 r11=0AE6 r12=0000 r13=0B92 r14=0000 r15=43AC
t=85.203905750 pc=003B1510 fcw=D008 r0=44CA r1=4408 r2=0020 r3=0002 r4=0001 r5=0001 r6=0000 r7=0B14 r8=002F r9=0002 r10=0000 r11=0AE6 r12=0000 r13=0B92 r14=0000 r15=43AC
t=85.203907250 pc=003B1512 fcw=D008 r0=44CA r1=4408 r2=0020 r3=0002 r4=0001 r5=0001 r6=0000 r7=0B14 r8=002F r9=0002 r10=0000 r11=0AE6 r12=0000 r13=0B92 r14=0000 r15=43AC
t=85.203909000 pc=003B1516 fcw=D008 r0=4402 r1=4408 r2=0020 r3=0002 r4=0001 r5=0001 r6=0000 r7=0B14 r8=002F r9=0002 r10=0000 r11=0AE6 r12=0000 r13=0B92 r14=0000 r15=43AC
t=85.203910000 pc=003B1518 fcw=D048 r0=4402 r1=4408 r2=0020 r3=0002 r4=0001 r5=0001 r6=0000 r7=0B14 r8=002F r9=0002 r10=0000 r11=0AE6 r12=0000 r13=0B92 r14=0000 r15=43AC
t=85.203911500 pc=003B151A fcw=D048 r0=4402 r1=4408 r2=0020 r3=0002 r4=0001 r5=0001 r6=0000 r7=0B14 r8=002F r9=0002 r10=0000 r11=0AE6 r12=0000 r13=0B92 r14=0000 r15=43AC
t=85.203913250 pc=003B151E fcw=D048 r0=4402 r1=4408 r2=0020 r3=0002 r4=0001 r5=0001 r6=0000 r7=0B14 r8=8004 r9=0002 r10=0000 r11=0AE6 r12=0000 r13=0B92 r14=0000 r15=43AC
t=85.203915250 pc=003B1520 fcw=D048 r0=4402 r1=4408 r2=0020 r3=0002 r4=0001 r5=0001 r6=0000 r7=0B14 r8=8004 r9=0002 r10=0000 r11=0AE6 r12=0000 r13=0B92 r14=0000 r15=43AC
t=85.203917250 pc=003B1522 fcw=D048 r0=4402 r1=4408 r2=0020 r3=0002 r4=0001 r5=0001 r6=0000 r7=0B14 r8=8004 r9=0002 r10=0000 r11=0AE6 r12=0000 r13=0000 r14=0000 r15=43AC
t=85.203921500 pc=003B1526 fcw=D048 r0=4402 r1=4408 r2=0020 r3=0002 r4=0001 r5=0001 r6=0000 r7=0B14 r8=8004 r9=0002 r10=0000 r11=0AE6 r12=0000 r13=0000 r14=0000 r15=43AC
t=85.203925000 pc=003B152A fcw=D048 r0=4402 r1=4408 r2=0020 r3=0002 r4=0001 r5=0001 r6=0000 r7=0B14 r8=8004 r9=0002 r10=0000 r11=0AE6 r12=0000 r13=0000 r14=0000 r15=43AC
t=85.203928000 pc=003B152C fcw=D048 r0=4402 r1=4408 r2=0020 r3=0002 r4=0001 r5=0001 r6=0000 r7=0B14 r8=8004 r9=0002 r10=0000 r11=0AE6 r12=0000 r13=0000 r14=0000 r15=43A8
t=85.203930500 pc=003B0BC2 fcw=D048 r0=4402 r1=4408 r2=0020 r3=0002 r4=0001 r5=0001 r6=0000 r7=0B14 r8=8004 r9=0002 r10=0000 r11=0AE6 r12=0000 r13=0000 r14=0000 r15=43A4
t=85.203933500 pc=003B0BC4 fcw=D048 r0=4402 r1=4408 r2=0020 r3=0002 r4=0001 r5=0001 r6=0000 r7=0B14 r8=8004 r9=0002 r10=0000 r11=0AE6 r12=0000 r13=0000 r14=0000 r15=43A0
t=85.203936500 pc=003B0BC6 fcw=D048 r0=4402 r1=4408 r2=0020 r3=0002 r4=0001 r5=0001 r6=0000 r7=0B14 r8=8004 r9=0002 r10=0000 r11=0AE6 r12=0000 r13=0000 r14=0000 r15=439C
t=85.203937750 pc=003B0BC8 fcw=D048 r0=4402 r1=4408 r2=0020 r3=0002 r4=0001 r5=0003 r6=0000 r7=0B14 r8=8004 r9=0002 r10=0000 r11=0AE6 r12=0000 r13=0000 r14=0000 r15=439C
t=85.203941250 pc=003B0BCC fcw=D048 r0=4402 r1=4408 r2=0020 r3=0002 r4=0001 r5=0003 r6=0000 r7=0B14 r8=8004 r9=0002 r10=0000 r11=0AE6 r12=0000 r13=0000 r14=0000 r15=439C
t=85.203942250 pc=003B0BCE fcw=D048 r0=4402 r1=4408 r2=0020 r3=0002 r4=0000 r5=0003 r6=0000 r7=0B14 r8=8004 r9=0002 r10=0000 r11=0AE6 r12=0000 r13=0000 r14=0000 r15=439C
t=85.203943250 pc=003B0BD0 fcw=D048 r0=4402 r1=4408 r2=0020 r3=0000 r4=0000 r5=0003 r6=0000 r7=0B14 r8=8004 r9=0002 r10=0000 r11=0AE6 r12=0000 r13=0000 r14=0000 r15=439C
t=85.203946750 pc=003B0BD4 fcw=D048 r0=4402 r1=4408 r2=0020 r3=00FA r4=0000 r5=0003 r6=0000 r7=0B14 r8=8004 r9=0002 r10=0000 r11=0AE6 r12=0000 r13=0000 r14=0000 r15=439C
t=85.203950000 pc=003B0BD8 fcw=D008 r0=4402 r1=4408 r2=0020 r3=03E8 r4=0000 r5=0003 r6=0000 r7=0B14 r8=8004 r9=0002 r10=0000 r11=0AE6 r12=0000 r13=0000 r14=0000 r15=439C
t=85.203952500 pc=003B1668 fcw=D008 r0=4402 r1=4408 r2=0020 r3=03E8 r4=0000 r5=0003 r6=0000 r7=0B14 r8=8004 r9=0002 r10=0000 r11=0AE6 r12=0000 r13=0000 r14=0000 r15=4398
t=85.203955000 pc=003B1D54 fcw=D008 r0=4402 r1=4408 r2=0020 r3=03E8 r4=0000 r5=0003 r6=0000 r7=0B14 r8=8004 r9=0002 r10=0000 r11=0AE6 r12=0000 r13=0000 r14=0000 r15=4394
t=85.203955750 pc=003B1D56 fcw=D008 r0=4402 r1=4408 r2=2020 r3=03E8 r4=0000 r5=0003 r6=0000 r7=0B14 r8=8004 r9=0002 r10=0000 r11=0AE6 r12=0000 r13=0000 r14=0000 r15=4394
t=85.203957500 pc=003B1D5A fcw=D048 r0=4402 r1=4408 r2=2020 r3=03E8 r4=0000 r5=0003 r6=0000 r7=0B14 r8=8004 r9=0002 r10=0000 r11=0AE6 r12=0000 r13=0000 r14=0000 r15=4394
t=85.203959000 pc=003B1D5C fcw=D048 r0=4402 r1=4408 r2=2020 r3=03E8 r4=0000 r5=0003 r6=0000 r7=0B14 r8=8004 r9=0002 r10=0000 r11=0AE6 r12=0000 r13=0000 r14=0000 r15=4394
t=85.203960250 pc=003B1D5E fcw=D048 r0=4402 r1=4408 r2=209F r3=03E8 r4=0000 r5=0003 r6=0000 r7=0B14 r8=8004 r9=0002 r10=0000 r11=0AE6 r12=0000 r13=0000 r14=0000 r15=4394
t=85.203961500 pc=003B1D60 fcw=D048 r0=4402 r1=4408 r2=209F r3=03E8 r4=0098 r5=0003 r6=0000 r7=0B14 r8=8004 r9=0002 r10=0000 r11=0AE6 r12=0000 r13=0000 r14=0000 r15=4394
t=85.203964500 pc=003B1D62 fcw=D048 r0=4402 r1=4408 r2=209F r3=03E8 r4=0098 r5=0003 r6=0000 r7=0B14 r8=8004 r9=0002 r10=0000 r11=0AE6 r12=0000 r13=0000 r14=0000 r15=4394
t=85.203965750 pc=003B1D64 fcw=D048 r0=4402 r1=4408 r2=209F r3=03E8 r4=00FF r5=0003 r6=0000 r7=0B14 r8=8004 r9=0002 r10=0000 r11=0AE6 r12=0000 r13=0000 r14=0000 r15=4394
t=85.203967000 pc=003B1D66 fcw=D048 r0=4402 r1=4408 r2=209D r3=03E8 r4=00FF r5=0003 r6=0000 r7=0B14 r8=8004 r9=0002 r10=0000 r11=0AE6 r12=0000 r13=0000 r14=0000 r15=4394
t=85.203970000 pc=003B1D68 fcw=D048 r0=4402 r1=4408 r2=209D r3=03E8 r4=00FF r5=0003 r6=0000 r7=0B14 r8=8004 r9=0002 r10=0000 r11=0AE6 r12=0000 r13=0000 r14=0000 r15=4394
t=85.203971750 pc=003B1D6C fcw=D008 r0=4402 r1=4408 r2=209D r3=03E8 r4=00FF r5=0003 r6=0000 r7=0B14 r8=8004 r9=0002 r10=0000 r11=0AE6 r12=0000 r13=0000 r14=0000 r15=4394
t=85.203973250 pc=003B1D6E fcw=D008 r0=4402 r1=4408 r2=209D r3=03E8 r4=00FF r5=0003 r6=0000 r7=0B14 r8=8004 r9=0002 r10=0000 r11=0AE6 r12=0000 r13=0000 r14=0000 r15=4394
t=85.203974500 pc=003B1D70 fcw=D008 r0=4402 r1=4408 r2=209B r3=03E8 r4=00FF r5=0003 r6=0000 r7=0B14 r8=8004 r9=0002 r10=0000 r11=0AE6 r12=0000 r13=0000 r14=0000 r15=4394
t=85.203977500 pc=003B1D72 fcw=D008 r0=4402 r1=4408 r2=209B r3=03E8 r4=00FF r5=0003 r6=0000 r7=0B14 r8=8004 r9=0002 r10=0000 r11=0AE6 r12=0000 r13=0000 r14=0000 r15=4394
t=85.203980500 pc=003B1D74 fcw=D008 r0=4402 r1=4408 r2=209B r3=03E8 r4=00FF r5=0003 r6=0000 r7=0B14 r8=8004 r9=0002 r10=0000 r11=0AE6 r12=0000 r13=0000 r14=0000 r15=4394
t=85.203981500 pc=003B1D76 fcw=D048 r0=4402 r1=4408 r2=209B r3=03E8 r4=00FF r5=0003 r6=0000 r7=0000 r8=8004 r9=0002 r10=0000 r11=0AE6 r12=0000 r13=0000 r14=0000 r15=4394
t=85.203984000 pc=003B166A fcw=D048 r0=4402 r1=4408 r2=209B r3=03E8 r4=00FF r5=0003 r6=0000 r7=0000 r8=8004 r9=0002 r10=0000 r11=0AE6 r12=0000 r13=0000 r14=0000 r15=4398
t=85.203986500 pc=003B0BDA fcw=D048 r0=4402 r1=4408 r2=209B r3=03E8 r4=00FF r5=0003 r6=0000 r7=0000 r8=8004 r9=0002 r10=0000 r11=0AE6 r12=0000 r13=0000 r14=0000 r15=439C
t=85.203989500 pc=003B0BDC fcw=D048 r0=4402 r1=4408 r2=209B r3=03E8 r4=0001 r5=0001 r6=0000 r7=0000 r8=8004 r9=0002 r10=0000 r11=0AE6 r12=0000 r13=0000 r14=0000 r15=43A0
t=85.203992500 pc=003B0BDE fcw=D048 r0=4402 r1=4408 r2=0020 r3=0002 r4=0001 r5=0001 r6=0000 r7=0000 r8=8004 r9=0002 r10=0000 r11=0AE6 r12=0000 r13=0000 r14=0000 r15=43A4
t=85.203995000 pc=003B152E fcw=D048 r0=4402 r1=4408 r2=0020 r3=0002 r4=0001 r5=0001 r6=0000 r7=0000 r8=8004 r9=0002 r10=0000 r11=0AE6 r12=0000 r13=0000 r14=0000 r15=43A8
t=85.203998000 pc=003B1530 fcw=D048 r0=4402 r1=4408 r2=0020 r3=0002 r4=0001 r5=0001 r6=0000 r7=0B14 r8=8004 r9=0002 r10=0000 r11=0AE6 r12=0000 r13=0000 r14=0000 r15=43AC
t=85.203999250 pc=003B1532 fcw=D048 r0=0802 r1=4408 r2=0020 r3=0002 r4=0001 r5=0001 r6=0000 r7=0B14 r8=8004 r9=0002 r10=0000 r11=0AE6 r12=0000 r13=0000 r14=0000 r15=43AC
t=85.204002750 pc=003B1536 fcw=D048 r0=0802 r1=4408 r2=0020 r3=0002 r4=0001 r5=0001 r6=0000 r7=0B14 r8=8004 r9=0002 r10=0000 r11=0AE6 r12=0000 r13=0000 r14=0000 r15=43AC
t=85.204004500 pc=003B153A fcw=D048 r0=0802 r1=4408 r2=0020 r3=0002 r4=0001 r5=0001 r6=0000 r7=0B14 r8=8004 r9=0002 r10=0000 r11=0AE6 r12=0000 r13=0000 r14=0000 r15=43AC
t=85.204006000 pc=003B153C fcw=D048 r0=0802 r1=4408 r2=0020 r3=0002 r4=0001 r5=0001 r6=0000 r7=0B14 r8=8004 r9=0002 r10=0000 r11=0AE6 r12=0000 r13=0000 r14=0000 r15=43AC
t=85.204007000 pc=003B153E fcw=D048 r0=0000 r1=4408 r2=0020 r3=0002 r4=0001 r5=0001 r6=0000 r7=0B14 r8=8004 r9=0002 r10=0000 r11=0AE6 r12=0000 r13=0000 r14=0000 r15=43AC
t=85.204008500 pc=003B1544 fcw=D048 r0=0000 r1=4408 r2=0020 r3=0002 r4=0001 r5=0001 r6=0000 r7=0B14 r8=8004 r9=0002 r10=0000 r11=0AE6 r12=0000 r13=0000 r14=0000 r15=43AC
t=85.204010250 pc=003B1546 fcw=D068 r0=0000 r1=4408 r2=0020 r3=0002 r4=0001 r5=0001 r6=0000 r7=0B14 r8=FFFF r9=0002 r10=0000 r11=0AE6 r12=0000 r13=0000 r14=0000 r15=43AC
t=85.204011500 pc=003B1548 fcw=D068 r0=0000 r1=4408 r2=0020 r3=0002 r4=0001 r5=0001 r6=0000 r7=0AE6 r8=FFFF r9=0002 r10=0000 r11=0AE6 r12=0000 r13=0000 r14=0000 r15=43AC
t=85.204013250 pc=003B154C fcw=D008 r0=0000 r1=4408 r2=0020 r3=0002 r4=0001 r5=0001 r6=0000 r7=0B18 r8=FFFF r9=0002 r10=0000 r11=0AE6 r12=0000 r13=0000 r14=0000 r15=43AC
t=85.204016500 pc=003B1550 fcw=D008 r0=0000 r1=4408 r2=0020 r3=0002 r4=0002 r5=0001 r6=0000 r7=0B18 r8=FFFF r9=0002 r10=0000 r11=0AE6 r12=0000 r13=0000 r14=0000 r15=43AC
t=85.204020000 pc=003B1554 fcw=D008 r0=0000 r1=4408 r2=0020 r3=0002 r4=0002 r5=0001 r6=0000 r7=0B18 r8=FFFF r9=0002 r10=0000 r11=0AE6 r12=0000 r13=0000 r14=0000 r15=43AC
t=85.204023250 pc=003B1558 fcw=D008 r0=0000 r1=4408 r2=0020 r3=0002 r4=0001 r5=0001 r6=0000 r7=0B18 r8=FFFF r9=0002 r10=0000 r11=0AE6 r12=0000 r13=0000 r14=0000 r15=43AC
t=85.204024750 pc=003B1564 fcw=D008 r0=0000 r1=4408 r2=0020 r3=0002 r4=0001 r5=0001 r6=0000 r7=0B18 r8=FFFF r9=0002 r10=0000 r11=0AE6 r12=0000 r13=0000 r14=0000 r15=43AC
t=85.204025750 pc=003B1566 fcw=D008 r0=0000 r1=4408 r2=0020 r3=0002 r4=0002 r5=0001 r6=0000 r7=0B18 r8=FFFF r9=0002 r10=0000 r11=0AE6 r12=0000 r13=0000 r14=0000 r15=43AC
t=85.204027500 pc=003B156A fcw=D008 r0=0000 r1=4408 r2=0020 r3=0002 r4=0002 r5=0001 r6=0000 r7=0B18 r8=FFFF r9=0002 r10=0000 r11=0AE6 r12=0000 r13=0000 r14=0000 r15=43AC
t=85.204030750 pc=003B156E fcw=D008 r0=0000 r1=4408 r2=0020 r3=0002 r4=0004 r5=0001 r6=0000 r7=0B18 r8=FFFF r9=0002 r10=0000 r11=0AE6 r12=0000 r13=0000 r14=0000 r15=43AC
t=85.204034500 pc=003B1572 fcw=D048 r0=0000 r1=4408 r2=0020 r3=0002 r4=0004 r5=0001 r6=0000 r7=0B18 r8=FFFF r9=0002 r10=0000 r11=0AE6 r12=0000 r13=0000 r14=0000 r15=43AC
t=85.204037500 pc=003B1574 fcw=D048 r0=0000 r1=4408 r2=0020 r3=0002 r4=0004 r5=0001 r6=0000 r7=0B18 r8=FFFF r9=0002 r10=0000 r11=0AE6 r12=0000 r13=0000 r14=0000 r15=43A8
t=85.204040500 pc=003B1576 fcw=D048 r0=0000 r1=4408 r2=0020 r3=0002 r4=0004 r5=0001 r6=0000 r7=0B18 r8=FFFF r9=0002 r10=0000 r11=0AE6 r12=0000 r13=0000 r14=0000 r15=43A4
t=85.204044000 pc=003B157A fcw=D048 r0=0000 r1=4408 r2=0000 r3=0002 r4=0004 r5=0001 r6=0000 r7=0B18 r8=FFFF r9=0002 r10=0000 r11=0AE6 r12=0000 r13=0000 r14=0000 r15=43A4
t=85.204045750 pc=003B157E fcw=D048 r0=0000 r1=4408 r2=0000 r3=0002 r4=0004 r5=0001 r6=0000 r7=0B18 r8=FFFF r9=0002 r10=0000 r11=0AE6 r12=0000 r13=0000 r14=0000 r15=43A4
t=85.204047250 pc=003B1586 fcw=D048 r0=0000 r1=4408 r2=0000 r3=0002 r4=0004 r5=0001 r6=0000 r7=0B18 r8=FFFF r9=0002 r10=0000 r11=0AE6 r12=0000 r13=0000 r14=0000 r15=43A4
t=85.204048500 pc=003B1588 fcw=D048 r0=0000 r1=4408 r2=0000 r3=0AE6 r4=0004 r5=0001 r6=0000 r7=0B18 r8=FFFF r9=0002 r10=0000 r11=0AE6 r12=0000 r13=0000 r14=0000 r15=43A4
t=85.204052750 pc=003B158C fcw=D048 r0=0000 r1=4408 r2=0000 r3=0AE6 r4=0004 r5=0001 r6=0000 r7=0B18 r8=FFFF r9=0002 r10=0000 r11=0AE6 r12=A800 r13=05C2 r14=0000 r15=43A4
t=85.204055250 pc=002805C2 fcw=D048 r0=0000 r1=4408 r2=0000 r3=0AE6 r4=0004 r5=0001 r6=0000 r7=0B18 r8=FFFF r9=0002 r10=0000 r11=0AE6 r12=A800 r13=05C2 r14=0000 r15=43A0
t=85.204056500 pc=002805C4 fcw=D048 r0=0000 r1=4408 r2=0000 r3=0AE6 r4=0004 r5=0001 r6=0000 r7=0B18 r8=FFFF r9=0002 r10=0000 r11=0AE6 r12=A800 r13=0002 r14=0000 r15=43A0
t=85.204058250 pc=000000CA fcw=D048 r0=0000 r1=4408 r2=0000 r3=0AE6 r4=0004 r5=0001 r6=0000 r7=0B18 r8=FFFF r9=0002 r10=0000 r11=0AE6 r12=A800 r13=0002 r14=0000 r15=43A0
t=85.204060000 pc=00021170 fcw=D048 r0=0000 r1=4408 r2=0000 r3=0AE6 r4=0004 r5=0001 r6=0000 r7=0B18 r8=FFFF r9=0002 r10=0000 r11=0AE6 r12=A800 r13=0002 r14=0000 r15=43A0
t=85.204061750 pc=00021174 fcw=D048 r0=0000 r1=4408 r2=0000 r3=0AE6 r4=0004 r5=0001 r6=0000 r7=0B18 r8=FF8B r9=0002 r10=0000 r11=0AE6 r12=A800 r13=0002 r14=0000 r15=43A0
t=85.204062750 pc=00021176 fcw=D028 r0=0000 r1=4408 r2=0000 r3=0AE6 r4=0004 r5=0001 r6=0000 r7=0B18 r8=FF89 r9=0002 r10=0000 r11=0AE6 r12=A800 r13=0002 r14=0000 r15=43A0
t=85.204065750 pc=00021178 fcw=D028 r0=0000 r1=4408 r2=0000 r3=0AE6 r4=0004 r5=0001 r6=0000 r7=0B18 r8=FF89 r9=0002 r10=0000 r11=0AE6 r12=A800 r13=0002 r14=0000 r15=43A0
t=85.204067500 pc=0002117A fcw=D028 r0=0000 r1=4408 r2=0000 r3=0AE6 r4=0004 r5=0001 r6=0000 r7=0B18 r8=D028 r9=0002 r10=0000 r11=0AE6 r12=A800 r13=0002 r14=0000 r15=43A0
t=85.204068500 pc=0002117C fcw=D008 r0=0000 r1=4408 r2=0000 r3=0AE6 r4=0004 r5=0001 r6=0000 r7=0B18 r8=D028 r9=0002 r10=0000 r11=0AE6 r12=A800 r13=0004 r14=0000 r15=43A0
t=85.204070250 pc=00021180 fcw=D008 r0=0000 r1=4408 r2=0000 r3=0AE6 r4=0004 r5=0001 r6=0000 r7=0B18 r8=D028 r9=0002 r10=0000 r11=0AE6 r12=A800 r13=0084 r14=0000 r15=43A0
t=85.204071250 pc=00021182 fcw=D048 r0=0000 r1=4408 r2=0000 r3=0AE6 r4=0004 r5=0001 r6=0000 r7=0B18 r8=D028 r9=0002 r10=0000 r11=0AE6 r12=0000 r13=0084 r14=0000 r15=43A0
t=85.204073000 pc=00021184 fcw=D048 r0=0000 r1=4408 r2=0000 r3=0AE6 r4=0004 r5=0001 r6=0000 r7=0B18 r8=D028 r9=0002 r10=0000 r11=0AE6 r12=0000 r13=124C r14=0000 r15=43A0
t=85.204074750 pc=00021186 fcw=C048 r0=0000 r1=4408 r2=0000 r3=0AE6 r4=0004 r5=0001 r6=0000 r7=0B18 r8=D028 r9=0002 r10=0000 r11=0AE6 r12=0000 r13=124C r14=0000 r15=43A0
t=85.204076500 pc=00021188 fcw=C048 r0=0000 r1=4408 r2=0000 r3=0AE6 r4=0004 r5=0001 r6=0000 r7=125A r8=D028 r9=0002 r10=0000 r11=0AE6 r12=0000 r13=124C r14=0000 r15=43A0
t=85.204079000 pc=0002118C fcw=C048 r0=0000 r1=4408 r2=0000 r3=0AE6 r4=0004 r5=0001 r6=0000 r7=125A r8=D028 r9=0002 r10=0000 r11=0AE6 r12=0000 r13=124C r14=0000 r15=43A0
t=85.204080500 pc=0002118E fcw=C048 r0=0000 r1=4408 r2=0000 r3=0AE6 r4=0004 r5=0001 r6=0000 r7=125A r8=D028 r9=0002 r10=0000 r11=0AE6 r12=0000 r13=124C r14=0000 r15=43A0
t=85.204083000 pc=00021192 fcw=C048 r0=0000 r1=4408 r2=0000 r3=0AE6 r4=0004 r5=0001 r6=0000 r7=12DA r8=D028 r9=0002 r10=0000 r11=0AE6 r12=0000 r13=124C r14=0000 r15=43A0
t=85.204083750 pc=00021194 fcw=C048 r0=0000 r1=4408 r2=0000 r3=0AE6 r4=0004 r5=0001 r6=0000 r7=12DA r8=D028 r9=0002 r10=0000 r11=0AE6 r12=0000 r13=124C r14=0000 r15=43A0
t=85.204086750 pc=00021196 fcw=C048 r0=0000 r1=4408 r2=0000 r3=0AE6 r4=0004 r5=0001 r6=0000 r7=12D6 r8=D028 r9=0002 r10=0000 r11=0AE6 r12=0000 r13=124C r14=0000 r15=43A0
t=85.204089750 pc=00021198 fcw=C048 r0=0000 r1=4408 r2=0000 r3=0AE6 r4=0004 r5=0001 r6=0000 r7=12D2 r8=D028 r9=0002 r10=0000 r11=0AE6 r12=0000 r13=124C r14=0000 r15=43A0
t=85.204091750 pc=0002119A fcw=C048 r0=0000 r1=4408 r2=0000 r3=0AE6 r4=0004 r5=0001 r6=0000 r7=12D2 r8=D028 r9=0002 r10=0000 r11=0AE6 r12=0000 r13=124C r14=0000 r15=43A0
t=85.204093500 pc=0002119C fcw=D028 r0=0000 r1=4408 r2=0000 r3=0AE6 r4=0004 r5=0001 r6=0000 r7=12D2 r8=D028 r9=0002 r10=0000 r11=0AE6 r12=0000 r13=124C r14=0000 r15=43A0
t=85.204096000 pc=003B158E fcw=D028 r0=0000 r1=4408 r2=0000 r3=0AE6 r4=0004 r5=0001 r6=0000 r7=12D2 r8=D028 r9=0002 r10=0000 r11=0AE6 r12=0000 r13=124C r14=0000 r15=43A4
t=85.204097250 pc=003B1590 fcw=D028 r0=0000 r1=4408 r2=0000 r3=0AE6 r4=0004 r5=0001 r6=0000 r7=12D2 r8=D028 r9=0002 r10=0000 r11=0AE6 r12=0000 r13=124C r14=0000 r15=43A4
t=85.204100250 pc=003B1592 fcw=D028 r0=0000 r1=4408 r2=0020 r3=0002 r4=0004 r5=0001 r6=0000 r7=12D2 r8=D028 r9=0002 r10=0000 r11=0AE6 r12=0000 r13=124C r14=0000 r15=43A8
t=85.204103250 pc=003B1594 fcw=D028 r0=0000 r1=4408 r2=0020 r3=0002 r4=0004 r5=0001 r6=0000 r7=12D2 r8=D028 r9=0002 r10=0000 r11=0AE6 r12=0000 r13=0000 r14=0000 r15=43AC
t=85.204104250 pc=003B1596 fcw=D008 r0=0000 r1=4408 r2=0020 r3=0002 r4=0004 r5=0003 r6=0000 r7=12D2 r8=D028 r9=0002 r10=0000 r11=0AE6 r12=0000 r13=0000 r14=0000 r15=43AC
t=85.204106000 pc=003B159A fcw=D0A8 r0=0000 r1=4408 r2=0020 r3=0002 r4=0004 r5=0003 r6=0000 r7=12D2 r8=D028 r9=0002 r10=0000 r11=0AE6 r12=0000 r13=0000 r14=0000 r15=43AC
t=85.204107500 pc=003B14D8 fcw=D0A8 r0=0000 r1=4408 r2=0020 r3=0002 r4=0004 r5=0003 r6=0000 r7=12D2 r8=D028 r9=0002 r10=0000 r11=0AE6 r12=0000 r13=0000 r14=0000 r15=43AC
t=85.204108750 pc=003B14DA fcw=D0A8 r0=0000 r1=4408 r2=0020 r3=0002 r4=0004 r5=0003 r6=0000 r7=12D2 r8=D028 r9=0002 r10=0000 r11=0AE6 r12=0000 r13=0AE6 r14=0000 r15=43AC
t=85.204110500 pc=003B14DE fcw=D008 r0=0000 r1=4408 r2=0020 r3=0002 r4=0004 r5=0003 r6=0000 r7=12D2 r8=D028 r9=0002 r10=0000 r11=0AE6 r12=0000 r13=0B02 r14=0000 r15=43AC
t=85.204114000 pc=003B14E2 fcw=D008 r0=0000 r1=4408 r2=0020 r3=0002 r4=0004 r5=0003 r6=0000 r7=12D2 r8=D028 r9=0002 r10=0000 r11=0AE6 r12=0000 r13=0B02 r14=0000 r15=43AC
t=85.204114750 pc=003B14E4 fcw=D008 r0=0000 r1=4408 r2=0020 r3=0002 r4=0004 r5=0003 r6=0000 r7=12D2 r8=D028 r9=0002 r10=0000 r11=0AE6 r12=0000 r13=0B02 r14=0000 r15=43AC
t=85.204116500 pc=003B14E8 fcw=D058 r0=0000 r1=4408 r2=0020 r3=0002 r4=0004 r5=0003 r6=0000 r7=12D2 r8=D028 r9=0002 r10=0000 r11=0AE6 r12=0000 r13=0B02 r14=0000 r15=43AC
t=85.204118250 pc=003B14EC fcw=D088 r0=0000 r1=4408 r2=0020 r3=0002 r4=0004 r5=0003 r6=0000 r7=12D2 r8=D028 r9=0002 r10=0000 r11=0AE6 r12=0000 r13=0B02 r14=0000 r15=43AC
t=85.204119750 pc=003B159C fcw=D088 r0=0000 r1=4408 r2=0020 r3=0002 r4=0004 r5=0003 r6=0000 r7=12D2 r8=D028 r9=0002 r10=0000 r11=0AE6 r12=0000 r13=0B02 r14=0000 r15=43AC
t=85.204120750 pc=003B159E fcw=D088 r0=0000 r1=4400 r2=0020 r3=0002 r4=0004 r5=0003 r6=0000 r7=12D2 r8=D028 r9=0002 r10=0000 r11=0AE6 r12=0000 r13=0B02 r14=0000 r15=43AC
t=85.204122750 pc=003B15A0 fcw=D048 r0=0000 r1=4400 r2=0020 r3=0002 r4=0004 r5=0003 r6=0000 r7=0000 r8=D028 r9=0002 r10=0000 r11=0AE6 r12=0000 r13=0B02 r14=0000 r15=43AC
t=85.204127000 pc=003B15A4 fcw=D048 r0=0000 r1=4400 r2=0020 r3=0002 r4=0004 r5=0003 r6=0000 r7=0000 r8=D028 r9=0002 r10=0000 r11=0AE6 r12=0000 r13=0B02 r14=0000 r15=43AC
t=85.204131250 pc=003B15A8 fcw=D048 r0=0000 r1=4400 r2=0020 r3=0002 r4=0004 r5=0003 r6=0000 r7=0000 r8=D028 r9=0002 r10=0000 r11=0AE6 r12=0000 r13=0B02 r14=0000 r15=43AC
t=85.204134750 pc=003B15AC fcw=D048 r0=0000 r1=4400 r2=0020 r3=0002 r4=0004 r5=0003 r6=0000 r7=0000 r8=D028 r9=0002 r10=0000 r11=0AE6 r12=0000 r13=0B02 r14=0000 r15=43AC
t=85.204137750 pc=003B15AE fcw=D048 r0=0000 r1=4400 r2=0020 r3=0002 r4=0004 r5=0003 r6=0000 r7=0018 r8=D028 r9=0002 r10=0000 r11=0AE6 r12=0000 r13=0B02 r14=0000 r15=43B0
t=85.204140750 pc=003B15B0 fcw=D048 r0=0000 r1=4400 r2=0020 r3=0002 r4=0000 r5=0B2C r6=0000 r7=0018 r8=D028 r9=0002 r10=0000 r11=0AE6 r12=0000 r13=0B02 r14=0000 r15=43B4
t=85.204143750 pc=003B15B2 fcw=D048 r0=0000 r1=4400 r2=0020 r3=0002 r4=0000 r5=0B2C r6=0000 r7=0018 r8=D028 r9=0002 r10=0000 r11=0AE6 r12=0000 r13=0B92 r14=0000 r15=43B8
t=85.204146250 pc=003B0D24 fcw=D048 r0=0000 r1=4400 r2=0020 r3=0002 r4=0000 r5=0B2C r6=0000 r7=0018 r8=D028 r9=0002 r10=0000 r11=0AE6 r12=0000 r13=0B92 r14=0000 r15=43BC
t=85.204148750 pc=003B1088 fcw=D048 r0=0000 r1=4400 r2=0020 r3=0002 r4=0000 r5=0B2C r6=0000 r7=0018 r8=D028 r9=0002 r10=0000 r11=0AE6 r12=0000 r13=0B92 r14=0000 r15=43C0
t=85.204150250 pc=003B108E fcw=D048 r0=0000 r1=4400 r2=0020 r3=0002 r4=0000 r5=0B2C r6=0000 r7=0018 r8=D028 r9=0002 r10=0000 r11=0AE6 r12=0000 r13=0B92 r14=0000 r15=43C0
t=85.204153750 pc=003B1092 fcw=D048 r0=0000 r1=4400 r2=0020 r3=0002 r4=0000 r5=0B2C r6=0000 r7=0018 r8=D028 r9=0002 r10=0000 r11=0AE6 r12=0000 r13=0B92 r14=0000 r15=43C0
t=85.204156250 pc=003B0EB2 fcw=D048 r0=0000 r1=4400 r2=0020 r3=0002 r4=0000 r5=0B2C r6=0000 r7=0018 r8=D028 r9=0002 r10=0000 r11=0AE6 r12=0000 r13=0B92 r14=0000 r15=43C4
t=85.204159750 pc=003B0EB6 fcw=D048 r0=0000 r1=4400 r2=0020 r3=0002 r4=0000 r5=0B2C r6=0000 r7=0018 r8=D028 r9=0002 r10=0000 r11=0AE6 r12=0000 r13=0B92 r14=0000 r15=43C4
t=85.204160500 pc=003B0EB8 fcw=D048 r0=0000 r1=4400 r2=0020 r3=0002 r4=0000 r5=0B2C r6=0000 r7=0018 r8=D028 r9=0002 r10=0000 r11=0AE6 r12=0000 r13=0B92 r14=0000 r15=43C4
t=85.204162250 pc=003B0EBC fcw=D008 r0=0000 r1=4400 r2=0020 r3=0002 r4=0000 r5=0B2C r6=0000 r7=0018 r8=D028 r9=0002 r10=0000 r11=0AE6 r12=0000 r13=0B92 r14=0000 r15=43C4
t=85.204163750 pc=003B0EBE fcw=D008 r0=0000 r1=4400 r2=0020 r3=0002 r4=0000 r5=0B2C r6=0000 r7=0018 r8=D028 r9=0002 r10=0000 r11=0AE6 r12=0000 r13=0B92 r14=0000 r15=43C4
t=85.204164750 pc=003B0EC0 fcw=D008 r0=0000 r1=4400 r2=0020 r3=0002 r4=0000 r5=0B2C r6=0000 r7=0018 r8=D028 r9=0001 r10=0000 r11=0AE6 r12=0000 r13=0B92 r14=0000 r15=43C4
t=85.204166500 pc=003B0EC4 fcw=D008 r0=0000 r1=4400 r2=0020 r3=0002 r4=0000 r5=0B2C r6=0000 r7=0018 r8=D028 r9=002F r10=0000 r11=0AE6 r12=0000 r13=0B92 r14=0000 r15=43C4
t=85.204170000 pc=003B0EC8 fcw=D008 r0=0000 r1=4400 r2=0020 r3=0002 r4=0000 r5=0B2C r6=0000 r7=0018 r8=D028 r9=002F r10=0000 r11=0AE6 r12=0000 r13=0B92 r14=0000 r15=43C4
t=85.204171750 pc=003B0ECC fcw=D048 r0=0000 r1=4400 r2=0020 r3=0002 r4=0000 r5=0B2C r6=0000 r7=0018 r8=D028 r9=002F r10=0000 r11=0AE6 r12=0000 r13=0B92 r14=0000 r15=43C4
t=85.204173250 pc=003B0ED2 fcw=D048 r0=0000 r1=4400 r2=0020 r3=0002 r4=0000 r5=0B2C r6=0000 r7=0018 r8=D028 r9=002F r10=0000 r11=0AE6 r12=0000 r13=0B92 r14=0000 r15=43C4
t=85.204174250 pc=003B0ED4 fcw=D048 r0=0000 r1=4400 r2=0020 r3=0002 r4=0000 r5=0B2C r6=0000 r7=0018 r8=D028 r9=002F r10=0000 r11=0AE6 r12=0000 r13=0B92 r14=0000 r15=43C4
t=85.204175750 pc=003B0ED6 fcw=D048 r0=0000 r1=4400 r2=0020 r3=0002 r4=0000 r5=0B2C r6=0000 r7=0018 r8=D028 r9=002F r10=0000 r11=0AE6 r12=0000 r13=0B92 r14=0000 r15=43C4
t=85.204179250 pc=003B0EDA fcw=D048 r0=0003 r1=4400 r2=0020 r3=0002 r4=0000 r5=0B2C r6=0000 r7=0018 r8=D028 r9=002F r10=0000 r11=0AE6 r12=0000 r13=0B92 r14=0000 r15=43C4
t=85.204181000 pc=003B0EDE fcw=D008 r0=0003 r1=4400 r2=0020 r3=0002 r4=0000 r5=0B2C r6=0000 r7=0018 r8=D028 r9=002F r10=0000 r11=0AE6 r12=0000 r13=0B92 r14=0000 r15=43C4
t=85.204182500 pc=003B0EE0 fcw=D008 r0=0003 r1=4400 r2=0020 r3=0002 r4=0000 r5=0B2C r6=0000 r7=0018 r8=D028 r9=002F r10=0000 r11=0AE6 r12=0000 r13=0B92 r14=0000 r15=43C4
t=85.204184250 pc=003B0EE4 fcw=D008 r0=0003 r1=4400 r2=0020 r3=0002 r4=0000 r5=0B2C r6=0000 r7=0018 r8=D028 r9=002F r10=0000 r11=0AE6 r12=0000 r13=0B92 r14=0000 r15=43C4
t=85.204185750 pc=003B0EE6 fcw=D008 r0=0003 r1=4400 r2=0020 r3=0002 r4=0000 r5=0B2C r6=0000 r7=0018 r8=D028 r9=002F r10=0000 r11=0AE6 r12=0000 r13=0B92 r14=0000 r15=43C4
t=85.204188250 pc=003B0BC2 fcw=D008 r0=0003 r1=4400 r2=0020 r3=0002 r4=0000 r5=0B2C r6=0000 r7=0018 r8=D028 r9=002F r10=0000 r11=0AE6 r12=0000 r13=0B92 r14=0000 r15=43C0
t=85.204191250 pc=003B0BC4 fcw=D008 r0=0003 r1=4400 r2=0020 r3=0002 r4=0000 r5=0B2C r6=0000 r7=0018 r8=D028 r9=002F r10=0000 r11=0AE6 r12=0000 r13=0B92 r14=0000 r15=43BC
t=85.204194250 pc=003B0BC6 fcw=D008 r0=0003 r1=4400 r2=0020 r3=0002 r4=0000 r5=0B2C r6=0000 r7=0018 r8=D028 r9=002F r10=0000 r11=0AE6 r12=0000 r13=0B92 r14=0000 r15=43B8
t=85.204195500 pc=003B0BC8 fcw=D008 r0=0003 r1=4400 r2=0020 r3=0002 r4=0000 r5=0B03 r6=0000 r7=0018 r8=D028 r9=002F r10=0000 r11=0AE6 r12=0000 r13=0B92 r14=0000 r15=43B8
t=85.204199000 pc=003B0BCC fcw=D008 r0=0003 r1=4400 r2=0020 r3=0002 r4=0000 r5=0B03 r6=0000 r7=0018 r8=D028 r9=002F r10=0000 r11=0AE6 r12=0000 r13=0B92 r14=0000 r15=43B8
t=85.204200000 pc=003B0BCE fcw=D048 r0=0003 r1=4400 r2=0020 r3=0002 r4=0000 r5=0B03 r6=0000 r7=0018 r8=D028 r9=002F r10=0000 r11=0AE6 r12=0000 r13=0B92 r14=0000 r15=43B8
t=85.204201000 pc=003B0BD0 fcw=D048 r0=0003 r1=4400 r2=0020 r3=0000 r4=0000 r5=0B03 r6=0000 r7=0018 r8=D028 r9=002F r10=0000 r11=0AE6 r12=0000 r13=0B92 r14=0000 r15=43B8
t=85.204204500 pc=003B0BD4 fcw=D048 r0=0003 r1=4400 r2=0020 r3=00FA r4=0000 r5=0B03 r6=0000 r7=0018 r8=D028 r9=002F r10=0000 r11=0AE6 r12=0000 r13=0B92 r14=0000 r15=43B8
t=85.204207750 pc=003B0BD8 fcw=D008 r0=0003 r1=4400 r2=0020 r3=03E8 r4=0000 r5=0B03 r6=0000 r7=0018 r8=D028 r9=002F r10=0000 r11=0AE6 r12=0000 r13=0B92 r14=0000 r15=43B8
t=85.204210250 pc=003B1668 fcw=D008 r0=0003 r1=4400 r2=0020 r3=03E8 r4=0000 r5=0B03 r6=0000 r7=0018 r8=D028 r9=002F r10=0000 r11=0AE6 r12=0000 r13=0B92 r14=0000 r15=43B4
t=85.204212750 pc=003B1D54 fcw=D008 r0=0003 r1=4400 r2=0020 r3=03E8 r4=0000 r5=0B03 r6=0000 r7=0018 r8=D028 r9=002F r10=0000 r11=0AE6 r12=0000 r13=0B92 r14=0000 r15=43B0
t=85.204213500 pc=003B1D56 fcw=D008 r0=0003 r1=4400 r2=2020 r3=03E8 r4=0000 r5=0B03 r6=0000 r7=0018 r8=D028 r9=002F r10=0000 r11=0AE6 r12=0000 r13=0B92 r14=0000 r15=43B0
t=85.204215250 pc=003B1D5A fcw=D048 r0=0003 r1=4400 r2=2020 r3=03E8 r4=0000 r5=0B03 r6=0000 r7=0018 r8=D028 r9=002F r10=0000 r11=0AE6 r12=0000 r13=0B92 r14=0000 r15=43B0
t=85.204216750 pc=003B1D5C fcw=D048 r0=0003 r1=4400 r2=2020 r3=03E8 r4=0000 r5=0B03 r6=0000 r7=0018 r8=D028 r9=002F r10=0000 r11=0AE6 r12=0000 r13=0B92 r14=0000 r15=43B0
t=85.204218000 pc=003B1D5E fcw=D048 r0=0003 r1=4400 r2=209F r3=03E8 r4=0000 r5=0B03 r6=0000 r7=0018 r8=D028 r9=002F r10=0000 r11=0AE6 r12=0000 r13=0B92 r14=0000 r15=43B0
t=85.204219250 pc=003B1D60 fcw=D048 r0=0003 r1=4400 r2=209F r3=03E8 r4=0098 r5=0B03 r6=0000 r7=0018 r8=D028 r9=002F r10=0000 r11=0AE6 r12=0000 r13=0B92 r14=0000 r15=43B0
t=85.204222250 pc=003B1D62 fcw=D048 r0=0003 r1=4400 r2=209F r3=03E8 r4=0098 r5=0B03 r6=0000 r7=0018 r8=D028 r9=002F r10=0000 r11=0AE6 r12=0000 r13=0B92 r14=0000 r15=43B0
t=85.204223500 pc=003B1D64 fcw=D048 r0=0003 r1=4400 r2=209F r3=03E8 r4=00FF r5=0B03 r6=0000 r7=0018 r8=D028 r9=002F r10=0000 r11=0AE6 r12=0000 r13=0B92 r14=0000 r15=43B0
t=85.204224750 pc=003B1D66 fcw=D048 r0=0003 r1=4400 r2=209D r3=03E8 r4=00FF r5=0B03 r6=0000 r7=0018 r8=D028 r9=002F r10=0000 r11=0AE6 r12=0000 r13=0B92 r14=0000 r15=43B0
t=85.204227750 pc=003B1D68 fcw=D048 r0=0003 r1=4400 r2=209D r3=03E8 r4=00FF r5=0B03 r6=0000 r7=0018 r8=D028 r9=002F r10=0000 r11=0AE6 r12=0000 r13=0B92 r14=0000 r15=43B0
t=85.204229500 pc=003B1D6C fcw=D008 r0=0003 r1=4400 r2=209D r3=03E8 r4=00FF r5=0B03 r6=0000 r7=0018 r8=D028 r9=002F r10=0000 r11=0AE6 r12=0000 r13=0B92 r14=0000 r15=43B0
t=85.204231000 pc=003B1D6E fcw=D008 r0=0003 r1=4400 r2=209D r3=03E8 r4=00FF r5=0B03 r6=0000 r7=0018 r8=D028 r9=002F r10=0000 r11=0AE6 r12=0000 r13=0B92 r14=0000 r15=43B0
t=85.204232250 pc=003B1D70 fcw=D008 r0=0003 r1=4400 r2=209B r3=03E8 r4=00FF r5=0B03 r6=0000 r7=0018 r8=D028 r9=002F r10=0000 r11=0AE6 r12=0000 r13=0B92 r14=0000 r15=43B0
t=85.204235250 pc=003B1D72 fcw=D008 r0=0003 r1=4400 r2=209B r3=03E8 r4=00FF r5=0B03 r6=0000 r7=0018 r8=D028 r9=002F r10=0000 r11=0AE6 r12=0000 r13=0B92 r14=0000 r15=43B0
t=85.204238250 pc=003B1D74 fcw=D008 r0=0003 r1=4400 r2=209B r3=03E8 r4=00FF r5=0B03 r6=0000 r7=0018 r8=D028 r9=002F r10=0000 r11=0AE6 r12=0000 r13=0B92 r14=0000 r15=43B0
t=85.204239250 pc=003B1D76 fcw=D048 r0=0003 r1=4400 r2=209B r3=03E8 r4=00FF r5=0B03 r6=0000 r7=0000 r8=D028 r9=002F r10=0000 r11=0AE6 r12=0000 r13=0B92 r14=0000 r15=43B0
t=85.204241750 pc=003B166A fcw=D048 r0=0003 r1=4400 r2=209B r3=03E8 r4=00FF r5=0B03 r6=0000 r7=0000 r8=D028 r9=002F r10=0000 r11=0AE6 r12=0000 r13=0B92 r14=0000 r15=43B4
t=85.204244250 pc=003B0BDA fcw=D048 r0=0003 r1=4400 r2=209B r3=03E8 r4=00FF r5=0B03 r6=0000 r7=0000 r8=D028 r9=002F r10=0000 r11=0AE6 r12=0000 r13=0B92 r14=0000 r15=43B8
t=85.204247250 pc=003B0BDC fcw=D048 r0=0003 r1=4400 r2=209B r3=03E8 r4=0000 r5=0B2C r6=0000 r7=0000 r8=D028 r9=002F r10=0000 r11=0AE6 r12=0000 r13=0B92 r14=0000 r15=43BC
t=85.204250250 pc=003B0BDE fcw=D048 r0=0003 r1=4400 r2=0020 r3=0002 r4=0000 r5=0B2C r6=0000 r7=0000 r8=D028 r9=002F r10=0000 r11=0AE6 r12=0000 r13=0B92 r14=0000 r15=43C0
t=85.204252750 pc=003B0EE8 fcw=D048 r0=0003 r1=4400 r2=0020 r3=0002 r4=0000 r5=0B2C r6=0000 r7=0000 r8=D028 r9=002F r10=0000 r11=0AE6 r12=0000 r13=0B92 r14=0000 r15=43C4
t=85.204256250 pc=003B0EEC fcw=D048 r0=0000 r1=4400 r2=0020 r3=0002 r4=0000 r5=0B2C r6=0000 r7=0000 r8=D028 r9=002F r10=0000 r11=0AE6 r12=0000 r13=0B92 r14=0000 r15=43C4
t=85.204258000 pc=003B0EF0 fcw=D048 r0=0000 r1=4400 r2=0020 r3=0002 r4=0000 r5=0B2C r6=0000 r7=0000 r8=D028 r9=002F r10=0000 r11=0AE6 r12=0000 r13=0B92 r14=0000 r15=43C4
t=85.204261000 pc=003B0EF2 fcw=D048 r0=0000 r1=4400 r2=0020 r3=0002 r4=0000 r5=0B2C r6=0000 r7=0000 r8=D028 r9=002F r10=0000 r11=0AE6 r12=0000 r13=0B92 r14=0000 r15=43C0
t=85.204262500 pc=003B0F08 fcw=D048 r0=0000 r1=4400 r2=0020 r3=0002 r4=0000 r5=0B2C r6=0000 r7=0000 r8=D028 r9=002F r10=0000 r11=0AE6 r12=0000 r13=0B92 r14=0000 r15=43C0
t=85.204265500 pc=003B0F0A fcw=D048 r0=0000 r1=4400 r2=0020 r3=0002 r4=0000 r5=0B2C r6=0000 r7=0000 r8=D028 r9=002F r10=0000 r11=0AE6 r12=0000 r13=0B92 r14=0000 r15=43C4
t=85.204269000 pc=003B0F0E fcw=D048 r0=0000 r1=4400 r2=0020 r3=0002 r4=0000 r5=0B2C r6=0000 r7=0000 r8=D028 r9=002F r10=0000 r11=0AE6 r12=0000 r13=0B92 r14=0000 r15=43C4
t=85.204271500 pc=003B1688 fcw=D048 r0=0000 r1=4400 r2=0020 r3=0002 r4=0000 r5=0B2C r6=0000 r7=0000 r8=D028 r9=002F r10=0000 r11=0AE6 r12=0000 r13=0B92 r14=0000 r15=43C0
t=85.204274000 pc=003B1AA4 fcw=D048 r0=0000 r1=4400 r2=0020 r3=0002 r4=0000 r5=0B2C r6=0000 r7=0000 r8=D028 r9=002F r10=0000 r11=0AE6 r12=0000 r13=0B92 r14=0000 r15=43BC
t=85.204277500 pc=003B1AA8 fcw=D048 r0=009A r1=4400 r2=0020 r3=0002 r4=0000 r5=0B2C r6=0000 r7=0000 r8=D028 r9=002F r10=0000 r11=0AE6 r12=0000 r13=0B92 r14=0000 r15=43BC
t=85.204278500 pc=003B1AAA fcw=D048 r0=009B r1=4400 r2=0020 r3=0002 r4=0000 r5=0B2C r6=0000 r7=0000 r8=D028 r9=002F r10=0000 r11=0AE6 r12=0000 r13=0B92 r14=0000 r15=43BC
t=85.204279250 pc=003B1AAC fcw=D048 r0=009B r1=4400 r2=2020 r3=0002 r4=0000 r5=0B2C r6=0000 r7=0000 r8=D028 r9=002F r10=0000 r11=0AE6 r12=0000 r13=0B92 r14=0000 r15=43BC
t=85.204280500 pc=003B1AAE fcw=D048 r0=009B r1=4400 r2=20E7 r3=0002 r4=0000 r5=0B2C r6=0000 r7=0000 r8=D028 r9=002F r10=0000 r11=0AE6 r12=0000 r13=0B92 r14=0000 r15=43BC
t=85.204283500 pc=003B1AB0 fcw=D048 r0=009B r1=4400 r2=20E7 r3=0002 r4=0000 r5=0B2C r6=0000 r7=0000 r8=D028 r9=002F r10=0000 r11=0AE6 r12=0000 r13=0B92 r14=0000 r15=43BC
t=85.204287000 pc=003B1AB4 fcw=D048 r0=009B r1=4400 r2=20E7 r3=0002 r4=0000 r5=0B2C r6=0000 r7=0000 r8=D028 r9=002F r10=0000 r11=0AE6 r12=0000 r13=0B92 r14=0000 r15=43BC
t=85.204287750 pc=003B1AB6 fcw=D048 r0=009B r1=4400 r2=2020 r3=0002 r4=0000 r5=0B2C r6=0000 r7=0000 r8=D028 r9=002F r10=0000 r11=0AE6 r12=0000 r13=0B92 r14=0000 r15=43BC
t=85.204288750 pc=003B1AB8 fcw=D048 r0=009B r1=4400 r2=2020 r3=0002 r4=0000 r5=0B2C r6=0000 r7=0000 r8=D028 r9=002F r10=0000 r11=0AE6 r12=0000 r13=0B92 r14=0000 r15=43BC
t=85.204291250 pc=003B168A fcw=D048 r0=009B r1=4400 r2=2020 r3=0002 r4=0000 r5=0B2C r6=0000 r7=0000 r8=D028 r9=002F r10=0000 r11=0AE6 r12=0000 r13=0B92 r14=0000 r15=43C0
t=85.204293750 pc=003B0F10 fcw=D048 r0=009B r1=4400 r2=2020 r3=0002 r4=0000 r5=0B2C r6=0000 r7=0000 r8=D028 r9=002F r10=0000 r11=0AE6 r12=0000 r13=0B92 r14=0000 r15=43C4
t=85.204297250 pc=003B0F16 fcw=D048 r0=079B r1=449A r2=20E7 r3=0002 r4=0000 r5=0B2C r6=0090 r7=0000 r8=002F r9=0002 r10=0000 r11=0AE6 r12=0000 r13=0B92 r14=0000 r15=43C4
t=85.204300250 pc=003B0F1A fcw=D048 r0=079B r1=449A r2=20E7 r3=0002 r4=0000 r5=0B2C r6=0090 r7=0000 r8=002F r9=0002 r10=0000 r11=0AE6 r12=0000 r13=0B92 r14=0000 r15=43C4
t=85.204303500 pc=003B1AB0 fcw=D048 r0=079B r1=449A r2=20E7 r3=0002 r4=0000 r5=0B2C r6=0090 r7=0000 r8=002F r9=0002 r10=0000 r11=0AE6 r12=0000 r13=0B92 r14=0000 r15=43CC
t=85.204307000 pc=003B1AB4 fcw=D048 r0=079B r1=449A r2=20E7 r3=0002 r4=0000 r5=0B2C r6=0090 r7=0000 r8=002F r9=0002 r10=0000 r11=0AE6 r12=0000 r13=0B92 r14=0000 r15=43CC
t=85.204307750 pc=003B1AB6 fcw=D048 r0=079B r1=449A r2=2020 r3=0002 r4=0000 r5=0B2C r6=0090 r7=0000 r8=002F r9=0002 r10=0000 r11=0AE6 r12=0000 r13=0B92 r14=0000 r15=43CC
t=85.204308750 pc=003B1AB8 fcw=D048 r0=079B r1=449A r2=2020 r3=0002 r4=0000 r5=0B2C r6=0090 r7=0000 r8=002F r9=0002 r10=0000 r11=0AE6 r12=0000 r13=0B92 r14=0000 r15=43CC
t=85.204311250 pc=003B19E4 fcw=D048 r0=079B r1=449A r2=2020 r3=0002 r4=0000 r5=0B2C r6=0090 r7=0000 r8=002F r9=0002 r10=0000 r11=0AE6 r12=0000 r13=0B92 r14=0000 r15=43D0
t=85.204312000 pc=003B19E6 fcw=D048 r0=079B r1=449A r2=2020 r3=0002 r4=0000 r5=0B2C r6=0090 r7=0000 r8=002F r9=0002 r10=0000 r11=0AE6 r12=0000 r13=0B92 r14=0000 r15=43D0
t=85.204314500 pc=003B1A8C fcw=D048 r0=079B r1=449A r2=2020 r3=0002 r4=0000 r5=0B2C r6=0090 r7=0000 r8=002F r9=0002 r10=0000 r11=0AE6 r12=0000 r13=0B92 r14=0000 r15=43D4
t=85.204317000 pc=003B1662 fcw=D048 r0=079B r1=449A r2=2020 r3=0002 r4=0000 r5=0B2C r6=0090 r7=0000 r8=002F r9=0002 r10=0000 r11=0AE6 r12=0000 r13=0B92 r14=0000 r15=43D8
t=85.204319500 pc=003B0980 fcw=D048 r0=079B r1=449A r2=2020 r3=0002 r4=0000 r5=0B2C r6=0090 r7=0000 r8=002F r9=0002 r10=0000 r11=0AE6 r12=0000 r13=0B92 r14=0000 r15=43DC
t=85.204321500 pc=003B0982 fcw=D048 r0=079B r1=4409 r2=2020 r3=0002 r4=0000 r5=0B2C r6=0090 r7=0000 r8=002F r9=0002 r10=0000 r11=0AE6 r12=0000 r13=0B92 r14=0000 r15=43DE
t=85.204323500 pc=003B0984 fcw=D048 r0=079B r1=4409 r2=2020 r3=0002 r4=0000 r5=0B2C r6=0105 r7=0000 r8=002F r9=0002 r10=0000 r11=0AE6 r12=0000 r13=0B92 r14=0000 r15=43E0
t=85.204326500 pc=003B0986 fcw=D048 r0=079B r1=4409 r2=2020 r3=0002 r4=0000 r5=0B2C r6=0105 r7=0000 r8=002F r9=0002 r10=0000 r11=0AE6 r12=0000 r13=0B92 r14=0000 r15=43E4
t=85.204329500 pc=003B0988 fcw=D048 r0=079B r1=4409 r2=0020 r3=0002 r4=0000 r5=0B2C r6=0105 r7=0000 r8=002F r9=0002 r10=0000 r11=0AE6 r12=0000 r13=0B92 r14=0000 r15=43E8
t=85.204330500 pc=003B098A fcw=D048 r0=0000 r1=4409 r2=0020 r3=0002 r4=0000 r5=0B2C r6=0105 r7=0000 r8=002F r9=0002 r10=0000 r11=0AE6 r12=0000 r13=0B92 r14=0000 r15=43E8
t=85.204332000 pc=003B0994 fcw=D048 r0=0000 r1=4409 r2=0020 r3=0002 r4=0000 r5=0B2C r6=0105 r7=0000 r8=002F r9=0002 r10=0000 r11=0AE6 r12=0000 r13=0B92 r14=0000 r15=43E8
t=85.204334500 pc=003B0E84 fcw=D048 r0=0000 r1=4409 r2=0020 r3=0002 r4=0000 r5=0B2C r6=0105 r7=0000 r8=002F r9=0002 r10=0000 r11=0AE6 r12=0000 r13=0B92 r14=0000 r15=43EC
t=85.204338000 pc=003B0E88 fcw=D048 r0=0000 r1=4409 r2=0020 r3=0002 r4=0000 r5=0B2C r6=0105 r7=0000 r8=002F r9=0002 r10=0000 r11=0AE6 r12=0000 r13=0B92 r14=0000 r15=43EC
t=85.204339500 pc=003B0EB2 fcw=D048 r0=0000 r1=4409 r2=0020 r3=0002 r4=0000 r5=0B2C r6=0105 r7=0000 r8=002F r9=0002 r10=0000 r11=0AE6 r12=0000 r13=0B92 r14=0000 r15=43EC
t=85.204343000 pc=003B0EB6 fcw=D048 r0=0000 r1=4409 r2=0020 r3=0002 r4=0000 r5=0B2C r6=0105 r7=0000 r8=002F r9=0002 r10=0000 r11=0AE6 r12=0000 r13=0B92 r14=0000 r15=43EC
t=85.204343750 pc=003B0EB8 fcw=D048 r0=0000 r1=4409 r2=0020 r3=0002 r4=0000 r5=0B2C r6=0105 r7=0000 r8=002F r9=0002 r10=0000 r11=0AE6 r12=0000 r13=0B92 r14=0000 r15=43EC
t=85.204345500 pc=003B0EBC fcw=D008 r0=0000 r1=4409 r2=0020 r3=0002 r4=0000 r5=0B2C r6=0105 r7=0000 r8=002F r9=0002 r10=0000 r11=0AE6 r12=0000 r13=0B92 r14=0000 r15=43EC
t=85.204347000 pc=003B0EBE fcw=D008 r0=0000 r1=4409 r2=0020 r3=0002 r4=0000 r5=0B2C r6=0105 r7=0000 r8=002F r9=0002 r10=0000 r11=0AE6 r12=0000 r13=0B92 r14=0000 r15=43EC
t=85.204348000 pc=003B0EC0 fcw=D008 r0=0000 r1=4409 r2=0020 r3=0002 r4=0000 r5=0B2C r6=0105 r7=0000 r8=002F r9=0001 r10=0000 r11=0AE6 r12=0000 r13=0B92 r14=0000 r15=43EC
t=85.204349750 pc=003B0EC4 fcw=D008 r0=0000 r1=4409 r2=0020 r3=0002 r4=0000 r5=0B2C r6=0105 r7=0000 r8=002F r9=002F r10=0000 r11=0AE6 r12=0000 r13=0B92 r14=0000 r15=43EC
t=85.204353250 pc=003B0EC8 fcw=D008 r0=0000 r1=4409 r2=0020 r3=0002 r4=0000 r5=0B2C r6=0105 r7=0000 r8=002F r9=002F r10=0000 r11=0AE6 r12=0000 r13=0B92 r14=0000 r15=43EC
t=85.204355000 pc=003B0ECC fcw=D048 r0=0000 r1=4409 r2=0020 r3=0002 r4=0000 r5=0B2C r6=0105 r7=0000 r8=002F r9=002F r10=0000 r11=0AE6 r12=0000 r13=0B92 r14=0000 r15=43EC
t=85.204356500 pc=003B0ED2 fcw=D048 r0=0000 r1=4409 r2=0020 r3=0002 r4=0000 r5=0B2C r6=0105 r7=0000 r8=002F r9=002F r10=0000 r11=0AE6 r12=0000 r13=0B92 r14=0000 r15=43EC
t=85.204357500 pc=003B0ED4 fcw=D008 r0=0000 r1=4409 r2=0020 r3=0002 r4=0000 r5=0B2C r6=0105 r7=0000 r8=002F r9=002F r10=0000 r11=0AE6 r12=0000 r13=0B92 r14=0000 r15=43EC
t=85.204359000 pc=003B0EE8 fcw=D008 r0=0000 r1=4409 r2=0020 r3=0002 r4=0000 r5=0B2C r6=0105 r7=0000 r8=002F r9=002F r10=0000 r11=0AE6 r12=0000 r13=0B92 r14=0000 r15=43EC
t=85.204362500 pc=003B0EEC fcw=D008 r0=0000 r1=4409 r2=0020 r3=0002 r4=0000 r5=0B2C r6=0105 r7=0000 r8=002F r9=002F r10=0000 r11=0AE6 r12=0000 r13=0B92 r14=0000 r15=43EC
t=85.204364250 pc=003B0EF0 fcw=D048 r0=0000 r1=4409 r2=0020 r3=0002 r4=0000 r5=0B2C r6=0105 r7=0000 r8=002F r9=002F r10=0000 r11=0AE6 r12=0000 r13=0B92 r14=0000 r15=43EC
t=85.204367250 pc=003B0EF2 fcw=D048 r0=0000 r1=4409 r2=0020 r3=0002 r4=0000 r5=0B2C r6=0105 r7=0000 r8=002F r9=002F r10=0000 r11=0AE6 r12=0000 r13=0B92 r14=0000 r15=43E8
t=85.204368750 pc=003B0F08 fcw=D048 r0=0000 r1=4409 r2=0020 r3=0002 r4=0000 r5=0B2C r6=0105 r7=0000 r8=002F r9=002F r10=0000 r11=0AE6 r12=0000 r13=0B92 r14=0000 r15=43E8
t=85.204371750 pc=003B0F0A fcw=D048 r0=0000 r1=4409 r2=0020 r3=0002 r4=0000 r5=0B2C r6=0105 r7=0000 r8=002F r9=002F r10=0000 r11=0AE6 r12=0000 r13=0B92 r14=0000 r15=43EC
t=85.204375250 pc=003B0F0E fcw=D048 r0=0000 r1=4409 r2=0020 r3=0002 r4=0000 r5=0B2C r6=0105 r7=0000 r8=002F r9=002F r10=0000 r11=0AE6 r12=0000 r13=0B92 r14=0000 r15=43EC
t=85.204377750 pc=003B1688 fcw=D048 r0=0000 r1=4409 r2=0020 r3=0002 r4=0000 r5=0B2C r6=0105 r7=0000 r8=002F r9=002F r10=0000 r11=0AE6 r12=0000 r13=0B92 r14=0000 r15=43E8
t=85.204380250 pc=003B1AA4 fcw=D048 r0=0000 r1=4409 r2=0020 r3=0002 r4=0000 r5=0B2C r6=0105 r7=0000 r8=002F r9=002F r10=0000 r11=0AE6 r12=0000 r13=0B92 r14=0000 r15=43E4
t=85.204383750 pc=003B1AA8 fcw=D048 r0=009B r1=4409 r2=0020 r3=0002 r4=0000 r5=0B2C r6=0105 r7=0000 r8=002F r9=002F r10=0000 r11=0AE6 r12=0000 r13=0B92 r14=0000 r15=43E4
t=85.204384750 pc=003B1AAA fcw=D048 r0=009B r1=4409 r2=0020 r3=0002 r4=0000 r5=0B2C r6=0105 r7=0000 r8=002F r9=002F r10=0000 r11=0AE6 r12=0000 r13=0B92 r14=0000 r15=43E4
t=85.204385500 pc=003B1AAC fcw=D048 r0=009B r1=4409 r2=2020 r3=0002 r4=0000 r5=0B2C r6=0105 r7=0000 r8=002F r9=002F r10=0000 r11=0AE6 r12=0000 r13=0B92 r14=0000 r15=43E4
t=85.204386750 pc=003B1AAE fcw=D048 r0=009B r1=4409 r2=20E7 r3=0002 r4=0000 r5=0B2C r6=0105 r7=0000 r8=002F r9=002F r10=0000 r11=0AE6 r12=0000 r13=0B92 r14=0000 r15=43E4
t=85.204389750 pc=003B1AB0 fcw=D048 r0=009B r1=4409 r2=20E7 r3=0002 r4=0000 r5=0B2C r6=0105 r7=0000 r8=002F r9=002F r10=0000 r11=0AE6 r12=0000 r13=0B92 r14=0000 r15=43E4
t=85.204393250 pc=003B1AB4 fcw=D048 r0=009B r1=4409 r2=20E7 r3=0002 r4=0000 r5=0B2C r6=0105 r7=0000 r8=002F r9=002F r10=0000 r11=0AE6 r12=0000 r13=0B92 r14=0000 r15=43E4
t=85.204394000 pc=003B1AB6 fcw=D048 r0=009B r1=4409 r2=2020 r3=0002 r4=0000 r5=0B2C r6=0105 r7=0000 r8=002F r9=002F r10=0000 r11=0AE6 r12=0000 r13=0B92 r14=0000 r15=43E4
t=85.204395000 pc=003B1AB8 fcw=D048 r0=009B r1=4409 r2=2020 r3=0002 r4=0000 r5=0B2C r6=0105 r7=0000 r8=002F r9=002F r10=0000 r11=0AE6 r12=0000 r13=0B92 r14=0000 r15=43E4
t=85.204397500 pc=003B168A fcw=D048 r0=009B r1=4409 r2=2020 r3=0002 r4=0000 r5=0B2C r6=0105 r7=0000 r8=002F r9=002F r10=0000 r11=0AE6 r12=0000 r13=0B92 r14=0000 r15=43E8
t=85.204400000 pc=003B0F10 fcw=D048 r0=009B r1=4409 r2=2020 r3=0002 r4=0000 r5=0B2C r6=0105 r7=0000 r8=002F r9=002F r10=0000 r11=0AE6 r12=0000 r13=0B92 r14=0000 r15=43EC
t=85.204403500 pc=003B0F16 fcw=D048 r0=079B r1=449A r2=20E7 r3=0002 r4=0000 r5=0B2C r6=0090 r7=0000 r8=002F r9=0002 r10=0000 r11=0AE6 r12=0000 r13=0B92 r14=0000 r15=43EC
t=85.204406500 pc=003B0F1A fcw=D048 r0=079B r1=449A r2=20E7 r3=0002 r4=0000 r5=0B2C r6=0090 r7=0000 r8=002F r9=0002 r10=0000 r11=0AE6 r12=0000 r13=0B92 r14=0000 r15=43EC
t=85.204409750 pc=00021126 fcw=D000 r0=079B r1=449A r2=20E7 r3=0002 r4=0000 r5=0B2C r6=0090 r7=0000 r8=002F r9=0002 r10=0000 r11=0AE6 r12=0000 r13=0B92 r14=0000 r15=43EC
t=85.204411250 pc=00021128 fcw=D000 r0=079B r1=449A r2=20E7 r3=0002 r4=0000 r5=0B2C r6=0090 r7=0000 r8=002F r9=0002 r10=0000 r11=0AE6 r12=0000 r13=0B92 r14=0000 r15=43EC
t=85.204414750 pc=00021130 fcw=D000 r0=079B r1=449A r2=20E7 r3=0002 r4=0000 r5=0B2C r6=0090 r7=0000 r8=002F r9=0002 r10=0000 r11=0AE6 r12=0000 r13=0B92 r14=0000 r15=43EC
t=85.204418000 pc=00021136 fcw=D000 r0=079B r1=449A r2=20E7 r3=0002 r4=0000 r5=0B2C r6=0090 r7=0000 r8=002F r9=0002 r10=0000 r11=0AE6 r12=0000 r13=0B92 r14=0000 r15=43EC
t=85.204419500 pc=0002113A fcw=D000 r0=079B r1=449A r2=20E7 r3=0002 r4=0000 r5=0B2C r6=0090 r7=0000 r8=002F r9=0002 r10=0000 r11=0AE6 r12=0000 r13=0B92 r14=0000 r15=43EC
t=85.204422000 pc=0002113E fcw=D000 r0=0748 r1=449A r2=20E7 r3=0002 r4=0000 r5=0B2C r6=0090 r7=0000 r8=002F r9=0002 r10=0000 r11=0AE6 r12=0000 r13=0B92 r14=0000 r15=43EC
t=85.204423750 pc=00021140 fcw=D048 r0=0748 r1=449A r2=20E7 r3=0002 r4=0000 r5=0B2C r6=0090 r7=0000 r8=002F r9=0002 r10=0000 r11=0AE6 r12=0000 r13=0B92 r14=0000 r15=43EC
t=85.204425250 pc=00021142 fcw=D048 r0=0748 r1=449A r2=20E7 r3=0002 r4=0000 r5=0B2C r6=0090 r7=0000 r8=002F r9=0002 r10=0000 r11=0AE6 r12=0000 r13=0B92 r14=0000 r15=43EC
t=85.204426750 pc=0002115C fcw=D048 r0=0748 r1=449A r2=20E7 r3=0002 r4=0000 r5=0B2C r6=0090 r7=0000 r8=002F r9=0002 r10=0000 r11=0AE6 r12=0000 r13=0B92 r14=0000 r15=43EC
t=85.204429750 pc=00021160 fcw=D048 r0=0748 r1=449A r2=20E7 r3=0002 r4=0000 r5=0B2C r6=0090 r7=0000 r8=002F r9=0002 r10=0000 r11=0AE6 r12=0000 r13=0B92 r14=0000 r15=43EC
t=85.204432000 pc=00021164 fcw=D048 r0=0748 r1=449A r2=20E7 r3=124C r4=0000 r5=0B2C r6=0090 r7=0000 r8=002F r9=0002 r10=0000 r11=0AE6 r12=0000 r13=0B92 r14=0000 r15=43EC
t=85.204433500 pc=000210E8 fcw=D048 r0=0748 r1=449A r2=20E7 r3=124C r4=0000 r5=0B2C r6=0090 r7=0000 r8=002F r9=0002 r10=0000 r11=0AE6 r12=0000 r13=0B92 r14=0000 r15=43EC
t=85.204436000 pc=000210EC fcw=D048 r0=0748 r1=449A r2=20E7 r3=124C r4=0000 r5=0B2C r6=0090 r7=125A r8=002F r9=0002 r10=0000 r11=0AE6 r12=0000 r13=0B92 r14=0000 r15=43EC
t=85.204438500 pc=000210F0 fcw=D0A8 r0=0748 r1=449A r2=20E7 r3=124C r4=0000 r5=0B2C r6=0090 r7=125A r8=002F r9=0002 r10=0000 r11=0AE6 r12=0000 r13=0B92 r14=0000 r15=43EC
t=85.204440000 pc=000210F2 fcw=D0A8 r0=0748 r1=449A r2=20E7 r3=124C r4=0000 r5=0B2C r6=0090 r7=125A r8=002F r9=0002 r10=0000 r11=0AE6 r12=0000 r13=0B92 r14=0000 r15=43EC
t=85.204442500 pc=000210F6 fcw=D048 r0=0748 r1=449A r2=20E7 r3=124C r4=0000 r5=0B2C r6=0090 r7=125A r8=002F r9=0002 r10=0000 r11=0AE6 r12=0000 r13=0B92 r14=0000 r15=43EC
t=85.204444000 pc=000210F8 fcw=D048 r0=0748 r1=449A r2=20E7 r3=124C r4=0000 r5=0B2C r6=0090 r7=125A r8=002F r9=0002 r10=0000 r11=0AE6 r12=0000 r13=0B92 r14=0000 r15=43EC
t=85.204446500 pc=000210FC fcw=D048 r0=0748 r1=449A r2=20E7 r3=124C r4=0000 r5=0B2C r6=0090 r7=12DA r8=002F r9=0002 r10=0000 r11=0AE6 r12=0000 r13=0B92 r14=0000 r15=43EC
t=85.204447500 pc=000210FE fcw=D048 r0=0748 r1=449A r2=20E7 r3=124C r4=0000 r5=0B2C r6=0000 r7=12DA r8=002F r9=0002 r10=0000 r11=0AE6 r12=0000 r13=0B92 r14=0000 r15=43EC
t=85.204448500 pc=00021100 fcw=D008 r0=0748 r1=449A r2=20E7 r3=124C r4=0000 r5=0B2C r6=0000 r7=12D6 r8=002F r9=0002 r10=0000 r11=0AE6 r12=0000 r13=0B92 r14=0000 r15=43EC
t=85.204451250 pc=00021102 fcw=D008 r0=0748 r1=449A r2=20E7 r3=124C r4=0000 r5=0AE6 r6=0000 r7=12D6 r8=002F r9=0002 r10=0000 r11=0AE6 r12=0000 r13=0B92 r14=0000 r15=43EC
t=85.204452250 pc=00021104 fcw=D008 r0=0748 r1=449A r2=20E7 r3=124C r4=0000 r5=0AE6 r6=0000 r7=12D2 r8=002F r9=0002 r10=0000 r11=0AE6 r12=0000 r13=0B92 r14=0000 r15=43EC
t=85.204455000 pc=00021106 fcw=D008 r0=0000 r1=4408 r2=20E7 r3=124C r4=0000 r5=0AE6 r6=0000 r7=12D2 r8=002F r9=0002 r10=0000 r11=0AE6 r12=0000 r13=0B92 r14=0000 r15=43EC
t=85.204458000 pc=0002110A fcw=D008 r0=0000 r1=4408 r2=20E7 r3=124C r4=0000 r5=0AE6 r6=0000 r7=12D2 r8=002F r9=0002 r10=0000 r11=0AE6 r12=0000 r13=0B92 r14=0000 r15=43EC
t=85.204460250 pc=0002110C fcw=D008 r0=0000 r1=4408 r2=20E7 r3=124C r4=0000 r5=0AE6 r6=0000 r7=12D2 r8=002F r9=0002 r10=0000 r11=0AE6 r12=0000 r13=0B92 r14=0000 r15=43EA
t=85.204461750 pc=0002111C fcw=D008 r0=0000 r1=4408 r2=20E7 r3=124C r4=0000 r5=0AE6 r6=0000 r7=12D2 r8=002F r9=0002 r10=0000 r11=0AE6 r12=0000 r13=0B92 r14=0000 r15=43EA
t=85.204466000 pc=00021120 fcw=D008 r0=0000 r1=4408 r2=A800 r3=05A0 r4=0000 r5=0AE6 r6=0000 r7=12D2 r8=002F r9=0002 r10=0000 r11=0AE6 r12=0000 r13=0B92 r14=0000 r15=43EA
t=85.204468500 pc=002805A0 fcw=D008 r0=0000 r1=4408 r2=A800 r3=05A0 r4=0000 r5=0AE6 r6=0000 r7=12D2 r8=002F r9=0002 r10=0000 r11=0AE6 r12=0000 r13=0B92 r14=0000 r15=43E6
t=85.204469500 pc=002805A2 fcw=D048 r0=0000 r1=4408 r2=A800 r3=05A0 r4=0000 r5=0AE6 r6=0000 r7=12D2 r8=002F r9=0002 r10=0000 r11=0AE6 r12=0000 r13=0B92 r14=0000 r15=43E6
t=85.204471000 pc=002805A4 fcw=D048 r0=0000 r1=4408 r2=A800 r3=05A0 r4=0000 r5=0AE6 r6=0000 r7=12D2 r8=002F r9=0002 r10=0000 r11=0AE6 r12=0000 r13=0B92 r14=0000 r15=43E6
t=85.204472000 pc=002805A6 fcw=D048 r0=0000 r1=4408 r2=A800 r3=05A0 r4=0000 r5=0AE6 r6=0000 r7=12D2 r8=002F r9=0002 r10=0000 r11=0AE6 r12=0000 r13=0B92 r14=0000 r15=43E6
t=85.204475500 pc=002805AA fcw=D048 r0=0000 r1=4408 r2=A800 r3=05A0 r4=0000 r5=0AE6 r6=0000 r7=0BE6 r8=002F r9=0002 r10=0000 r11=0AE6 r12=0000 r13=0B92 r14=0000 r15=43E6
t=85.204479250 pc=002805AE fcw=D048 r0=0000 r1=4408 r2=A800 r3=05A0 r4=0000 r5=0AE6 r6=0000 r7=0BE6 r8=002F r9=0002 r10=0000 r11=0AE6 r12=0000 r13=0B92 r14=0000 r15=43E6
t=85.204482750 pc=002805B2 fcw=D048 r0=0000 r1=4408 r2=A800 r3=02F4 r4=0000 r5=0AE6 r6=0000 r7=0BE6 r8=002F r9=0002 r10=0000 r11=0AE6 r12=0000 r13=0B92 r14=0000 r15=43E6
t=85.204487000 pc=002805B6 fcw=D048 r0=8004 r1=0000 r2=A800 r3=02F4 r4=0000 r5=0AE6 r6=0000 r7=0BE6 r8=002F r9=0002 r10=0000 r11=0AE6 r12=0000 r13=0B92 r14=0000 r15=43E6
t=85.204488000 pc=002805B8 fcw=D008 r0=8004 r1=0000 r2=A800 r3=02F4 r4=0000 r5=0AE6 r6=0000 r7=0BE6 r8=002F r9=0002 r10=0000 r11=0AE6 r12=0000 r13=0B92 r14=0000 r15=43E6
t=85.204490500 pc=002802F4 fcw=D008 r0=8004 r1=0000 r2=A800 r3=02F4 r4=0000 r5=0AE6 r6=0000 r7=0BE6 r8=002F r9=0002 r10=0000 r11=0AE6 r12=0000 r13=0B92 r14=0000 r15=43E6
t=85.204492000 pc=002803E6 fcw=D008 r0=8004 r1=0000 r2=A800 r3=02F4 r4=0000 r5=0AE6 r6=0000 r7=0BE6 r8=002F r9=0002 r10=0000 r11=0AE6 r12=0000 r13=0B92 r14=0000 r15=43E6
t=85.204492750 pc=002803E8 fcw=D008 r0=8004 r1=0000 r2=8000 r3=02F4 r4=0000 r5=0AE6 r6=0000 r7=0BE6 r8=002F r9=0002 r10=0000 r11=0AE6 r12=0000 r13=0B92 r14=0000 r15=43E6
t=85.204494500 pc=002803EC fcw=D028 r0=8004 r1=0000 r2=8000 r3=02F4 r4=0000 r5=0AE6 r6=0000 r7=0BE6 r8=002F r9=0002 r10=0000 r11=0AE6 r12=0000 r13=0B92 r14=0000 r15=43E6
t=85.204495500 pc=002803EE fcw=D028 r0=C004 r1=0000 r2=8000 r3=02F4 r4=0000 r5=0AE6 r6=0000 r7=0BE6 r8=002F r9=0002 r10=0000 r11=0AE6 r12=0000 r13=0B92 r14=0000 r15=43E6
t=85.204497250 pc=002803F2 fcw=D058 r0=C004 r1=0000 r2=0000 r3=02F4 r4=0000 r5=0AE6 r6=0000 r7=0BE6 r8=002F r9=0002 r10=0000 r11=0AE6 r12=0000 r13=0B92 r14=0000 r15=43E6
t=85.204498250 pc=002803F4 fcw=D058 r0=C004 r1=0000 r2=0000 r3=02F4 r4=0000 r5=0AE6 r6=0000 r7=0BE6 r8=002F r9=0002 r10=0000 r11=0AE6 r12=0000 r13=0B92 r14=0000 r15=43E6
t=85.204502500 pc=002803F8 fcw=D058 r0=C004 r1=0000 r2=0000 r3=02F4 r4=0000 r5=0AE6 r6=0000 r7=0BE6 r8=002F r9=0002 r10=0000 r11=0AE6 r12=0000 r13=0B92 r14=0000 r15=43E6
t=85.204506000 pc=002803FC fcw=D058 r0=C004 r1=0000 r2=0000 r3=02F4 r4=0000 r5=0AE6 r6=0000 r7=0BE6 r8=002F r9=0002 r10=0000 r11=0AE6 r12=0000 r13=0B92 r14=0000 r15=43E6
t=85.204509500 pc=00280400 fcw=D058 r0=C004 r1=0000 r2=0000 r3=02F4 r4=0000 r5=0AE6 r6=0000 r7=0BE6 r8=002F r9=0002 r10=0000 r11=0AE6 r12=0000 r13=0B92 r14=0000 r15=43E6
t=85.204511250 pc=00000050 fcw=D058 r0=C004 r1=0000 r2=0000 r3=02F4 r4=0000 r5=0AE6 r6=0000 r7=0BE6 r8=002F r9=0002 r10=0000 r11=0AE6 r12=0000 r13=0B92 r14=0000 r15=43E6
t=85.204513000 pc=00020EB2 fcw=D058 r0=C004 r1=0000 r2=0000 r3=02F4 r4=0000 r5=0AE6 r6=0000 r7=0BE6 r8=002F r9=0002 r10=0000 r11=0AE6 r12=0000 r13=0B92 r14=0000 r15=43E6
t=85.204516250 pc=00020EB6 fcw=D058 r0=C004 r1=0000 r2=0000 r3=02F4 r4=0000 r5=0AE6 r6=0000 r7=0BE6 r8=002F r9=0002 r10=0000 r11=0AE6 r12=0000 r13=0B92 r14=0000 r15=43E6
t=85.204517500 pc=00020EB8 fcw=D058 r0=C004 r1=0000 r2=0000 r3=02F4 r4=0000 r5=0AE6 r6=0000 r7=0BE6 r8=0000 r9=0AE6 r10=0000 r11=0AE6 r12=0000 r13=0B92 r14=0000 r15=43E6
t=85.204519500 pc=00020EBA fcw=D048 r0=C004 r1=0000 r2=0000 r3=0000 r4=0000 r5=0AE6 r6=0000 r7=0BE6 r8=0000 r9=0AE6 r10=0000 r11=0AE6 r12=0000 r13=0B92 r14=0000 r15=43E6
t=85.204523500 pc=00020EBE fcw=D048 r0=C004 r1=0000 r2=0000 r3=20CE r4=0000 r5=0AE6 r6=0000 r7=0BE6 r8=0000 r9=0AE6 r10=0000 r11=0AE6 r12=0000 r13=0B92 r14=0000 r15=43E6
t=85.204524500 pc=00020EC0 fcw=D008 r0=C004 r1=0000 r2=0000 r3=20CE r4=0000 r5=0AE6 r6=0000 r7=0BE6 r8=0000 r9=0AE6 r10=0000 r11=0AE6 r12=0000 r13=0B92 r14=0000 r15=43E6
t=85.204526000 pc=00020EF6 fcw=D008 r0=C004 r1=0000 r2=0000 r3=20CE r4=0000 r5=0AE6 r6=0000 r7=0BE6 r8=0000 r9=0AE6 r10=0000 r11=0AE6 r12=0000 r13=0B92 r14=0000 r15=43E6
t=85.204528500 pc=00020EFA fcw=D008 r0=C004 r1=2096 r2=0000 r3=20CE r4=0000 r5=0AE6 r6=0000 r7=0BE6 r8=0000 r9=0AE6 r10=0000 r11=0AE6 r12=0000 r13=0B92 r14=0000 r15=43E6
t=85.204529500 pc=00020EFC fcw=D008 r0=C004 r1=2096 r2=0000 r3=20CE r4=0000 r5=0AE6 r6=0000 r7=0BE6 r8=0000 r9=0AE6 r10=0000 r11=0AE6 r12=0000 r13=0B92 r14=0000 r15=43E6
t=85.204531000 pc=00020EFE fcw=D008 r0=C004 r1=2096 r2=0000 r3=20CE r4=0000 r5=0AE6 r6=0000 r7=0BE6 r8=0000 r9=0AE6 r10=0000 r11=0AE6 r12=0000 r13=0B92 r14=0000 r15=43E6
t=85.204534000 pc=00020F02 fcw=D008 r0=C004 r1=2096 r2=0000 r3=20CE r4=0000 r5=0AE6 r6=0000 r7=0BE6 r8=0000 r9=0AE6 r10=0000 r11=0AE6 r12=0000 r13=0B92 r14=0000 r15=43E6
t=85.204535750 pc=00020F04 fcw=D008 r0=C004 r1=2096 r2=0000 r3=20CE r4=0000 r5=0AE6 r6=0000 r7=0BE6 r8=0000 r9=0AE6 r10=D008 r11=0AE6 r12=0000 r13=0B92 r14=0000 r15=43E6
t=85.204539500 pc=00020F08 fcw=D008 r0=C004 r1=2096 r2=0000 r3=20CE r4=0000 r5=0AE6 r6=0000 r7=0BE6 r8=0000 r9=0AE6 r10=D008 r11=0AE6 r12=8200 r13=0F0E r14=0000 r15=43E6
t=85.204541250 pc=00020810 fcw=D008 r0=C004 r1=2096 r2=0000 r3=20CE r4=0000 r5=0AE6 r6=0000 r7=0BE6 r8=0000 r9=0AE6 r10=D008 r11=0AE6 r12=8200 r13=0F0E r14=0000 r15=43E6
t=85.204544750 pc=00020814 fcw=D008 r0=C004 r1=2096 r2=0000 r3=20CE r4=0000 r5=0AE6 r6=0000 r7=0BE6 r8=0000 r9=0AE6 r10=D008 r11=0AE6 r12=8200 r13=0F0E r14=0000 r15=43E6
t=85.204546250 pc=00020828 fcw=D008 r0=C004 r1=2096 r2=0000 r3=20CE r4=0000 r5=0AE6 r6=0000 r7=0BE6 r8=0000 r9=0AE6 r10=D008 r11=0AE6 r12=8200 r13=0F0E r14=0000 r15=43E6
t=85.204548750 pc=0002082C fcw=D008 r0=FE40 r1=2096 r2=0000 r3=20CE r4=0000 r5=0AE6 r6=0000 r7=0BE6 r8=0000 r9=0AE6 r10=D008 r11=0AE6 r12=8200 r13=0F0E r14=0000 r15=43E6
t=85.204549750 pc=0002082E fcw=D008 r0=FE40 r1=2096 r2=0000 r3=20CE r4=0000 r5=0AE6 r6=0000 r7=0BE6 r8=0000 r9=0AE6 r10=D008 r11=0AE6 r12=8200 r13=0F0E r14=0000 r15=43E6
t=85.204551250 pc=0002083A fcw=D008 r0=FE40 r1=2096 r2=0000 r3=20CE r4=0000 r5=0AE6 r6=0000 r7=0BE6 r8=0000 r9=0AE6 r10=D008 r11=0AE6 r12=8200 r13=0F0E r14=0000 r15=43E6
t=85.204552500 pc=0002083C fcw=D008 r0=FE40 r1=2096 r2=0000 r3=20CE r4=0000 r5=20CE r6=0000 r7=0BE6 r8=0000 r9=0AE6 r10=D008 r11=0AE6 r12=8200 r13=0F0E r14=0000 r15=43E6
t=85.204554500 pc=0002083E fcw=D008 r0=FE40 r1=2096 r2=0000 r3=20CE r4=0000 r5=20CE r6=0000 r7=0BE6 r8=0000 r9=0AE6 r10=D008 r11=0AE6 r12=8200 r13=0F0E r14=0000 r15=43E6
t=85.204555250 pc=00020840 fcw=D008 r0=FE40 r1=FE40 r2=0000 r3=20CE r4=0000 r5=20CE r6=0000 r7=0BE6 r8=0000 r9=0AE6 r10=D008 r11=0AE6 r12=8200 r13=0F0E r14=0000 r15=43E6
t=85.204557000 pc=00020844 fcw=D048 r0=0000 r1=FE40 r2=0000 r3=20CE r4=0000 r5=20CE r6=0000 r7=0BE6 r8=0000 r9=0AE6 r10=D008 r11=0AE6 r12=8200 r13=0F0E r14=0000 r15=43E6
t=85.204558000 pc=00020846 fcw=D048 r0=0000 r1=FE40 r2=0000 r3=20CE r4=0000 r5=20CE r6=0000 r7=0BE6 r8=0000 r9=0AE6 r10=D008 r11=0AE6 r12=8200 r13=0F0E r14=0000 r15=43E6
t=85.204559000 pc=00020848 fcw=D048 r0=0000 r1=FE40 r2=0000 r3=20CE r4=0000 r5=20CE r6=0000 r7=0BE6 r8=0000 r9=0AE6 r10=D008 r11=0AE6 r12=8200 r13=0F0E r14=0000 r15=43E6
t=85.204561250 pc=0002084C fcw=D048 r0=0000 r1=FE40 r2=0000 r3=12F8 r4=0000 r5=20CE r6=0000 r7=0BE6 r8=0000 r9=0AE6 r10=D008 r11=0AE6 r12=8200 r13=0F0E r14=0000 r15=43E6
t=85.204562250 pc=0002084E fcw=D008 r0=0000 r1=FE40 r2=0000 r3=12FC r4=0000 r5=20CE r6=0000 r7=0BE6 r8=0000 r9=0AE6 r10=D008 r11=0AE6 r12=8200 r13=0F0E r14=0000 r15=43E6
t=85.204563250 pc=00020850 fcw=D008 r0=0000 r1=FE40 r2=0000 r3=12FC r4=0000 r5=20CE r6=0000 r7=0BE6 r8=0000 r9=0AE6 r10=D008 r11=0AE6 r12=8200 r13=0F0E r14=0000 r15=43E6
t=85.204564250 pc=00020852 fcw=D048 r0=0000 r1=FE40 r2=0000 r3=12FC r4=0000 r5=20CE r6=0000 r7=0BE6 r8=0000 r9=0AE6 r10=D008 r11=0AE6 r12=8200 r13=0F0E r14=0000 r15=43E6
t=85.204565750 pc=00020854 fcw=D048 r0=0000 r1=FE40 r2=0000 r3=12FC r4=0000 r5=20CE r6=0000 r7=0BE6 r8=0000 r9=0AE6 r10=D008 r11=0AE6 r12=8200 r13=0F0E r14=0000 r15=43E6
t=85.204566750 pc=00020856 fcw=D008 r0=0000 r1=FE40 r2=0000 r3=12FC r4=0000 r5=20CE r6=0000 r7=0BE6 r8=0000 r9=0AE6 r10=D008 r11=0AE6 r12=8200 r13=0F0E r14=0000 r15=43E6
t=85.204568250 pc=00020858 fcw=D008 r0=0000 r1=FE40 r2=0000 r3=12FC r4=0000 r5=20CE r6=0000 r7=0BE6 r8=0000 r9=0AE6 r10=D008 r11=0AE6 r12=8200 r13=0F0E r14=0000 r15=43E6
t=85.204570000 pc=0002085A fcw=C008 r0=0000 r1=FE40 r2=0000 r3=12FC r4=0000 r5=20CE r6=0000 r7=0BE6 r8=0000 r9=0AE6 r10=D008 r11=0AE6 r12=8200 r13=0F0E r14=0000 r15=43E6
t=85.204571750 pc=0002085C fcw=C008 r0=0000 r1=FE40 r2=0000 r3=12FC r4=0000 r5=20CE r6=0000 r7=0BE6 r8=0000 r9=0AE6 r10=D008 r11=0AE6 r12=8200 r13=0F0E r14=0000 r15=43E6
t=85.204573750 pc=0002085E fcw=C008 r0=0000 r1=FE40 r2=0000 r3=12FC r4=0000 r5=20CE r6=0000 r7=0BE6 r8=0000 r9=0AE6 r10=D008 r11=0AE6 r12=8200 r13=0F0E r14=0000 r15=43E6
t=85.204575750 pc=00020860 fcw=C008 r0=0000 r1=FE40 r2=0000 r3=12FC r4=0000 r5=20CE r6=0000 r7=0BE6 r8=0000 r9=0AE6 r10=D008 r11=0AE6 r12=8200 r13=0F0E r14=0000 r15=43E6
t=85.204578750 pc=00020864 fcw=C048 r0=0000 r1=FE40 r2=0000 r3=12FC r4=0000 r5=20CE r6=0000 r7=0BE6 r8=0000 r9=0AE6 r10=D008 r11=0AE6 r12=8200 r13=0F0E r14=0000 r15=43E6
t=85.204580250 pc=00020866 fcw=C048 r0=0000 r1=FE40 r2=0000 r3=12FC r4=0000 r5=20CE r6=0000 r7=0BE6 r8=0000 r9=0AE6 r10=D008 r11=0AE6 r12=8200 r13=0F0E r14=0000 r15=43E6
t=85.204583250 pc=0002086A fcw=C048 r0=0000 r1=FE40 r2=0000 r3=12FC r4=0000 r5=20CE r6=0000 r7=0BE6 r8=0000 r9=0AE6 r10=D008 r11=0AE6 r12=8200 r13=0F0E r14=0000 r15=43E6
t=85.204584750 pc=0002087E fcw=C048 r0=0000 r1=FE40 r2=0000 r3=12FC r4=0000 r5=20CE r6=0000 r7=0BE6 r8=0000 r9=0AE6 r10=D008 r11=0AE6 r12=8200 r13=0F0E r14=0000 r15=43E6
t=85.204587000 pc=00020882 fcw=C048 r0=0000 r1=FE40 r2=0000 r3=12F8 r4=0000 r5=20CE r6=0000 r7=0BE6 r8=0000 r9=0AE6 r10=D008 r11=0AE6 r12=8200 r13=0F0E r14=0000 r15=43E6
t=85.204589000 pc=00020884 fcw=C048 r0=0000 r1=FE40 r2=0000 r3=12F8 r4=0000 r5=20CE r6=0000 r7=0BE6 r8=0000 r9=0AE6 r10=D008 r11=0AE6 r12=8200 r13=0F0E r14=0000 r15=43E6
t=85.204592250 pc=00020888 fcw=C008 r0=0000 r1=FE40 r2=0000 r3=12F8 r4=0000 r5=20CE r6=0000 r7=0BE6 r8=0000 r9=0AE6 r10=D008 r11=0AE6 r12=8200 r13=0F0E r14=0000 r15=43E6
t=85.204594000 pc=0002088A fcw=D008 r0=0000 r1=FE40 r2=0000 r3=12F8 r4=0000 r5=20CE r6=0000 r7=0BE6 r8=0000 r9=0AE6 r10=D008 r11=0AE6 r12=8200 r13=0F0E r14=0000 r15=43E6
t=85.204595250 pc=0002088C fcw=D008 r0=0000 r1=FE40 r2=0000 r3=20CE r4=0000 r5=20CE r6=0000 r7=0BE6 r8=0000 r9=0AE6 r10=D008 r11=0AE6 r12=8200 r13=0F0E r14=0000 r15=43E6
t=85.204597750 pc=00020F0E fcw=D008 r0=0000 r1=FE40 r2=0000 r3=20CE r4=0000 r5=20CE r6=0000 r7=0BE6 r8=0000 r9=0AE6 r10=D008 r11=0AE6 r12=8200 r13=0F0E r14=0000 r15=43E6
t=85.204599000 pc=00020F10 fcw=D008 r0=0000 r1=FE40 r2=0000 r3=20CE r4=0000 r5=0AE6 r6=0000 r7=0BE6 r8=0000 r9=0AE6 r10=D008 r11=0AE6 r12=8200 r13=0F0E r14=0000 r15=43E6
t=85.204601500 pc=00021122 fcw=D008 r0=0000 r1=FE40 r2=0000 r3=20CE r4=0000 r5=0AE6 r6=0000 r7=0BE6 r8=0000 r9=0AE6 r10=D008 r11=0AE6 r12=8200 r13=0F0E r14=0000 r15=43EA
t=85.204603500 pc=00021124 fcw=D008 r0=0000 r1=FE40 r2=0000 r3=124C r4=0000 r5=0AE6 r6=0000 r7=0BE6 r8=0000 r9=0AE6 r10=D008 r11=0AE6 r12=8200 r13=0F0E r14=0000 r15=43EC
t=85.204605000 pc=000210E8 fcw=D008 r0=0000 r1=FE40 r2=0000 r3=124C r4=0000 r5=0AE6 r6=0000 r7=0BE6 r8=0000 r9=0AE6 r10=D008 r11=0AE6 r12=8200 r13=0F0E r14=0000 r15=43EC
t=85.204607500 pc=000210EC fcw=D008 r0=0000 r1=FE40 r2=0000 r3=124C r4=0000 r5=0AE6 r6=0000 r7=12D2 r8=0000 r9=0AE6 r10=D008 r11=0AE6 r12=8200 r13=0F0E r14=0000 r15=43EC
t=85.204610000 pc=000210F0 fcw=D048 r0=0000 r1=FE40 r2=0000 r3=124C r4=0000 r5=0AE6 r6=0000 r7=12D2 r8=0000 r9=0AE6 r10=D008 r11=0AE6 r12=8200 r13=0F0E r14=0000 r15=43EC
t=85.204611500 pc=00021000 fcw=D048 r0=0000 r1=FE40 r2=0000 r3=124C r4=0000 r5=0AE6 r6=0000 r7=12D2 r8=0000 r9=0AE6 r10=D008 r11=0AE6 r12=8200 r13=0F0E r14=0000 r15=43EC
t=85.204615000 pc=00021006 fcw=D048 r0=0000 r1=FE40 r2=0000 r3=124C r4=0000 r5=0AE6 r6=0000 r7=12D2 r8=0000 r9=0AE6 r10=D008 r11=0AE6 r12=8200 r13=0F0E r14=0000 r15=43EC
t=85.204616500 pc=0002101A fcw=D048 r0=0000 r1=FE40 r2=0000 r3=124C r4=0000 r5=0AE6 r6=0000 r7=12D2 r8=0000 r9=0AE6 r10=D008 r11=0AE6 r12=8200 r13=0F0E r14=0000 r15=43EC
t=85.204618250 pc=0002101C fcw=D848 r0=0000 r1=FE40 r2=0000 r3=124C r4=0000 r5=0AE6 r6=0000 r7=12D2 r8=0000 r9=0AE6 r10=D008 r11=0AE6 r12=8200 r13=0F0E r14=0000 r15=43EC
t=85.204620000 pc=0002101E fcw=D048 r0=0000 r1=FE40 r2=0000 r3=124C r4=0000 r5=0AE6 r6=0000 r7=12D2 r8=0000 r9=0AE6 r10=D008 r11=0AE6 r12=8200 r13=0F0E r14=0000 r15=43EC
t=85.204623500 pc=00021026 fcw=D048 r0=079B r1=449A r2=20E7 r3=0002 r4=0000 r5=0B2C r6=0090 r7=0000 r8=002F r9=0002 r10=0000 r11=0AE6 r12=0000 r13=0B92 r14=0000 r15=43EC
t=85.204626750 pc=0002102C fcw=D048 r0=079B r1=449A r2=20E7 r3=0002 r4=0000 r5=0B2C r6=0090 r7=0000 r8=002F r9=0002 r10=0000 r11=0AE6 r12=0000 r13=0B92 r14=0000 r15=43EC
t=85.204630000 pc=0002091A fcw=D860 r0=079B r1=449A r2=20E7 r3=0002 r4=0000 r5=0B2C r6=0090 r7=0000 r8=002F r9=0002 r10=0000 r11=0AE6 r12=0000 r13=0B92 r14=0000 r15=43F4
t=85.204632000 pc=0002091C fcw=D860 r0=079B r1=449A r2=20E7 r3=0002 r4=0000 r5=0B2C r6=0090 r7=0000 r8=002F r9=0002 r10=0000 r11=0AE6 r12=0000 r13=0B92 r14=0000 r15=43F4
t=85.204633500 pc=0002091E fcw=D860 r0=449A r1=079B r2=20E7 r3=0002 r4=0000 r5=0B2C r6=0090 r7=0000 r8=002F r9=0002 r10=0000 r11=0AE6 r12=0000 r13=0B92 r14=0000 r15=43F4
t=85.204636250 pc=00020920 fcw=D840 r0=449A r1=079B r2=20E7 r3=0002 r4=0000 r5=0B2C r6=0090 r7=0000 r8=002F r9=0002 r10=0000 r11=0AE6 r12=0000 r13=0B92 r14=0000 r15=43F4
t=85.204637750 pc=00020922 fcw=D840 r0=449A r1=079B r2=20E7 r3=0002 r4=0000 r5=0B2C r6=0090 r7=0000 r8=002F r9=0002 r10=0000 r11=0AE6 r12=0000 r13=0B92 r14=0000 r15=43F4
t=85.204639500 pc=00020924 fcw=C040 r0=449A r1=079B r2=20E7 r3=0002 r4=0000 r5=0B2C r6=0090 r7=0000 r8=002F r9=0002 r10=0000 r11=0AE6 r12=0000 r13=0B92 r14=0000 r15=43F4
t=85.204641250 pc=00020928 fcw=C040 r0=449A r1=079B r2=20E7 r3=0002 r4=0000 r5=0B2C r6=0090 r7=0010 r8=002F r9=0002 r10=0000 r11=0AE6 r12=0000 r13=0B92 r14=0000 r15=43F4
t=85.204642250 pc=0002092A fcw=C000 r0=449A r1=079B r2=20E7 r3=0006 r4=0000 r5=0B2C r6=0090 r7=0010 r8=002F r9=0002 r10=0000 r11=0AE6 r12=0000 r13=0B92 r14=0000 r15=43F4
t=85.204644250 pc=0002092C fcw=C040 r0=449A r1=079B r2=20E7 r3=0006 r4=0000 r5=0B2C r6=0090 r7=0010 r8=002F r9=0002 r10=0000 r11=0AE6 r12=0000 r13=0B92 r14=0000 r15=43F4
t=85.204645750 pc=0002092E fcw=C040 r0=449A r1=079B r2=20E7 r3=0006 r4=0000 r5=0B2C r6=0090 r7=0010 r8=002F r9=0002 r10=0000 r11=0AE6 r12=0000 r13=0B92 r14=0000 r15=43F4
t=85.204648500 pc=00020928 fcw=C040 r0=449A r1=079B r2=20E7 r3=0006 r4=0000 r5=0B2C r6=0090 r7=000F r8=002F r9=0002 r10=0000 r11=0AE6 r12=0000 r13=0B92 r14=0000 r15=43F4
t=85.204649500 pc=0002092A fcw=C000 r0=449A r1=079B r2=20E7 r3=000A r4=0000 r5=0B2C r6=0090 r7=000F r8=002F r9=0002 r10=0000 r11=0AE6 r12=0000 r13=0B92 r14=0000 r15=43F4
t=85.204651500 pc=0002092C fcw=C040 r0=449A r1=079B r2=20E7 r3=000A r4=0000 r5=0B2C r6=0090 r7=000F r8=002F r9=0002 r10=0000 r11=0AE6 r12=0000 r13=0B92 r14=0000 r15=43F4
t=85.204653000 pc=0002092E fcw=C040 r0=449A r1=079B r2=20E7 r3=000A r4=0000 r5=0B2C r6=0090 r7=000F r8=002F r9=0002 r10=0000 r11=0AE6 r12=0000 r13=0B92 r14=0000 r15=43F4
t=85.204655750 pc=00020928 fcw=C040 r0=449A r1=079B r2=20E7 r3=000A r4=0000 r5=0B2C r6=0090 r7=000E r8=002F r9=0002 r10=0000 r11=0AE6 r12=0000 r13=0B92 r14=0000 r15=43F4
t=85.204656750 pc=0002092A fcw=C000 r0=449A r1=079B r2=20E7 r3=000E r4=0000 r5=0B2C r6=0090 r7=000E r8=002F r9=0002 r10=0000 r11=0AE6 r12=0000 r13=0B92 r14=0000 r15=43F4
t=85.204658750 pc=0002092C fcw=C040 r0=449A r1=079B r2=20E7 r3=000E r4=0000 r5=0B2C r6=0090 r7=000E r8=002F r9=0002 r10=0000 r11=0AE6 r12=0000 r13=0B92 r14=0000 r15=43F4
t=85.204660250 pc=0002092E fcw=C040 r0=449A r1=079B r2=20E7 r3=000E r4=0000 r5=0B2C r6=0090 r7=000E r8=002F r9=0002 r10=0000 r11=0AE6 r12=0000 r13=0B92 r14=0000 r15=43F4
t=85.204663000 pc=00020928 fcw=C040 r0=449A r1=079B r2=20E7 r3=000E r4=0000 r5=0B2C r6=0090 r7=000D r8=002F r9=0002 r10=0000 r11=0AE6 r12=0000 r13=0B92 r14=0000 r15=43F4
t=85.204664000 pc=0002092A fcw=C000 r0=449A r1=079B r2=20E7 r3=0012 r4=0000 r5=0B2C r6=0090 r7=000D r8=002F r9=0002 r10=0000 r11=0AE6 r12=0000 r13=0B92 r14=0000 r15=43F4
t=85.204666000 pc=0002092C fcw=C040 r0=449A r1=079B r2=20E7 r3=0012 r4=0000 r5=0B2C r6=0090 r7=000D r8=002F r9=0002 r10=0000 r11=0AE6 r12=0000 r13=0B92 r14=0000 r15=43F4
t=85.204667500 pc=0002092E fcw=C040 r0=449A r1=079B r2=20E7 r3=0012 r4=0000 r5=0B2C r6=0090 r7=000D r8=002F r9=0002 r10=0000 r11=0AE6 r12=0000 r13=0B92 r14=0000 r15=43F4
t=85.204670250 pc=00020928 fcw=C040 r0=449A r1=079B r2=20E7 r3=0012 r4=0000 r5=0B2C r6=0090 r7=000C r8=002F r9=0002 r10=0000 r11=0AE6 r12=0000 r13=0B92 r14=0000 r15=43F4
t=85.204671250 pc=0002092A fcw=C000 r0=449A r1=079B r2=20E7 r3=0016 r4=0000 r5=0B2C r6=0090 r7=000C r8=002F r9=0002 r10=0000 r11=0AE6 r12=0000 r13=0B92 r14=0000 r15=43F4
t=85.204673250 pc=0002092C fcw=C040 r0=449A r1=079B r2=20E7 r3=0016 r4=0000 r5=0B2C r6=0090 r7=000C r8=002F r9=0002 r10=0000 r11=0AE6 r12=0000 r13=0B92 r14=0000 r15=43F4
t=85.204674750 pc=0002092E fcw=C040 r0=449A r1=079B r2=20E7 r3=0016 r4=0000 r5=0B2C r6=0090 r7=000C r8=002F r9=0002 r10=0000 r11=0AE6 r12=0000 r13=0B92 r14=0000 r15=43F4
t=85.204677500 pc=00020928 fcw=C040 r0=449A r1=079B r2=20E7 r3=0016 r4=0000 r5=0B2C r6=0090 r7=000B r8=002F r9=0002 r10=0000 r11=0AE6 r12=0000 r13=0B92 r14=0000 r15=43F4
t=85.204678500 pc=0002092A fcw=C000 r0=449A r1=079B r2=20E7 r3=001A r4=0000 r5=0B2C r6=0090 r7=000B r8=002F r9=0002 r10=0000 r11=0AE6 r12=0000 r13=0B92 r14=0000 r15=43F4
t=85.204680500 pc=0002092C fcw=C040 r0=449A r1=079B r2=20E7 r3=001A r4=0000 r5=0B2C r6=0090 r7=000B r8=002F r9=0002 r10=0000 r11=0AE6 r12=0000 r13=0B92 r14=0000 r15=43F4
t=85.204682000 pc=0002092E fcw=C040 r0=449A r1=079B r2=20E7 r3=001A r4=0000 r5=0B2C r6=0090 r7=000B r8=002F r9=0002 r10=0000 r11=0AE6 r12=0000 r13=0B92 r14=0000 r15=43F4
t=85.204684750 pc=00020928 fcw=C040 r0=449A r1=079B r2=20E7 r3=001A r4=0000 r5=0B2C r6=0090 r7=000A r8=002F r9=0002 r10=0000 r11=0AE6 r12=0000 r13=0B92 r14=0000 r15=43F4
t=85.204685750 pc=0002092A fcw=C000 r0=449A r1=079B r2=20E7 r3=001E r4=0000 r5=0B2C r6=0090 r7=000A r8=002F r9=0002 r10=0000 r11=0AE6 r12=0000 r13=0B92 r14=0000 r15=43F4
t=85.204687750 pc=0002092C fcw=C040 r0=449A r1=079B r2=20E7 r3=001E r4=0000 r5=0B2C r6=0090 r7=000A r8=002F r9=0002 r10=0000 r11=0AE6 r12=0000 r13=0B92 r14=0000 r15=43F4
t=85.204689250 pc=0002092E fcw=C040 r0=449A r1=079B r2=20E7 r3=001E r4=0000 r5=0B2C r6=0090 r7=000A r8=002F r9=0002 r10=0000 r11=0AE6 r12=0000 r13=0B92 r14=0000 r15=43F4
t=85.204692000 pc=00020928 fcw=C040 r0=449A r1=079B r2=20E7 r3=001E r4=0000 r5=0B2C r6=0090 r7=0009 r8=002F r9=0002 r10=0000 r11=0AE6 r12=0000 r13=0B92 r14=0000 r15=43F4
t=85.204693000 pc=0002092A fcw=C000 r0=449A r1=079B r2=20E7 r3=0022 r4=0000 r5=0B2C r6=0090 r7=0009 r8=002F r9=0002 r10=0000 r11=0AE6 r12=0000 r13=0B92 r14=0000 r15=43F4
t=85.204695000 pc=0002092C fcw=C040 r0=449A r1=079B r2=20E7 r3=0022 r4=0000 r5=0B2C r6=0090 r7=0009 r8=002F r9=0002 r10=0000 r11=0AE6 r12=0000 r13=0B92 r14=0000 r15=43F4
t=85.204696500 pc=0002092E fcw=C040 r0=449A r1=079B r2=20E7 r3=0022 r4=0000 r5=0B2C r6=0090 r7=0009 r8=002F r9=0002 r10=0000 r11=0AE6 r12=0000 r13=0B92 r14=0000 r15=43F4
t=85.204699250 pc=00020928 fcw=C040 r0=449A r1=079B r2=20E7 r3=0022 r4=0000 r5=0B2C r6=0090 r7=0008 r8=002F r9=0002 r10=0000 r11=0AE6 r12=0000 r13=0B92 r14=0000 r15=43F4
t=85.204700250 pc=0002092A fcw=C000 r0=449A r1=079B r2=20E7 r3=0026 r4=0000 r5=0B2C r6=0090 r7=0008 r8=002F r9=0002 r10=0000 r11=0AE6 r12=0000 r13=0B92 r14=0000 r15=43F4
t=85.204702250 pc=0002092C fcw=C040 r0=449A r1=079B r2=20E7 r3=0026 r4=0000 r5=0B2C r6=0090 r7=0008 r8=002F r9=0002 r10=0000 r11=0AE6 r12=0000 r13=0B92 r14=0000 r15=43F4
t=85.204703750 pc=0002092E fcw=C040 r0=449A r1=079B r2=20E7 r3=0026 r4=0000 r5=0B2C r6=0090 r7=0008 r8=002F r9=0002 r10=0000 r11=0AE6 r12=0000 r13=0B92 r14=0000 r15=43F4
t=85.204706500 pc=00020928 fcw=C040 r0=449A r1=079B r2=20E7 r3=0026 r4=0000 r5=0B2C r6=0090 r7=0007 r8=002F r9=0002 r10=0000 r11=0AE6 r12=0000 r13=0B92 r14=0000 r15=43F4
t=85.204707500 pc=0002092A fcw=C000 r0=449A r1=079B r2=20E7 r3=002A r4=0000 r5=0B2C r6=0090 r7=0007 r8=002F r9=0002 r10=0000 r11=0AE6 r12=0000 r13=0B92 r14=0000 r15=43F4
t=85.204709500 pc=0002092C fcw=C040 r0=449A r1=079B r2=20E7 r3=002A r4=0000 r5=0B2C r6=0090 r7=0007 r8=002F r9=0002 r10=0000 r11=0AE6 r12=0000 r13=0B92 r14=0000 r15=43F4
t=85.204711000 pc=0002092E fcw=C040 r0=449A r1=079B r2=20E7 r3=002A r4=0000 r5=0B2C r6=0090 r7=0007 r8=002F r9=0002 r10=0000 r11=0AE6 r12=0000 r13=0B92 r14=0000 r15=43F4
t=85.204713750 pc=00020928 fcw=C040 r0=449A r1=079B r2=20E7 r3=002A r4=0000 r5=0B2C r6=0090 r7=0006 r8=002F r9=0002 r10=0000 r11=0AE6 r12=0000 r13=0B92 r14=0000 r15=43F4
t=85.204714750 pc=0002092A fcw=C000 r0=449A r1=079B r2=20E7 r3=002E r4=0000 r5=0B2C r6=0090 r7=0006 r8=002F r9=0002 r10=0000 r11=0AE6 r12=0000 r13=0B92 r14=0000 r15=43F4
t=85.204716750 pc=0002092C fcw=C040 r0=449A r1=079B r2=20E7 r3=002E r4=0000 r5=0B2C r6=0090 r7=0006 r8=002F r9=0002 r10=0000 r11=0AE6 r12=0000 r13=0B92 r14=0000 r15=43F4
t=85.204718250 pc=0002092E fcw=C040 r0=449A r1=079B r2=20E7 r3=002E r4=0000 r5=0B2C r6=0090 r7=0006 r8=002F r9=0002 r10=0000 r11=0AE6 r12=0000 r13=0B92 r14=0000 r15=43F4
t=85.204721000 pc=00020928 fcw=C040 r0=449A r1=079B r2=20E7 r3=002E r4=0000 r5=0B2C r6=0090 r7=0005 r8=002F r9=0002 r10=0000 r11=0AE6 r12=0000 r13=0B92 r14=0000 r15=43F4
t=85.204722000 pc=0002092A fcw=C000 r0=449A r1=079B r2=20E7 r3=0032 r4=0000 r5=0B2C r6=0090 r7=0005 r8=002F r9=0002 r10=0000 r11=0AE6 r12=0000 r13=0B92 r14=0000 r15=43F4
t=85.204724000 pc=0002092C fcw=C040 r0=449A r1=079B r2=20E7 r3=0032 r4=0000 r5=0B2C r6=0090 r7=0005 r8=002F r9=0002 r10=0000 r11=0AE6 r12=0000 r13=0B92 r14=0000 r15=43F4
t=85.204725500 pc=0002092E fcw=C040 r0=449A r1=079B r2=20E7 r3=0032 r4=0000 r5=0B2C r6=0090 r7=0005 r8=002F r9=0002 r10=0000 r11=0AE6 r12=0000 r13=0B92 r14=0000 r15=43F4
t=85.204728250 pc=00020928 fcw=C040 r0=449A r1=079B r2=20E7 r3=0032 r4=0000 r5=0B2C r6=0090 r7=0004 r8=002F r9=0002 r10=0000 r11=0AE6 r12=0000 r13=0B92 r14=0000 r15=43F4
t=85.204729250 pc=0002092A fcw=C000 r0=449A r1=079B r2=20E7 r3=0036 r4=0000 r5=0B2C r6=0090 r7=0004 r8=002F r9=0002 r10=0000 r11=0AE6 r12=0000 r13=0B92 r14=0000 r15=43F4
t=85.204731250 pc=0002092C fcw=C040 r0=449A r1=079B r2=20E7 r3=0036 r4=0000 r5=0B2C r6=0090 r7=0004 r8=002F r9=0002 r10=0000 r11=0AE6 r12=0000 r13=0B92 r14=0000 r15=43F4
t=85.204732750 pc=0002092E fcw=C040 r0=449A r1=079B r2=20E7 r3=0036 r4=0000 r5=0B2C r6=0090 r7=0004 r8=002F r9=0002 r10=0000 r11=0AE6 r12=0000 r13=0B92 r14=0000 r15=43F4
t=85.204735500 pc=00020928 fcw=C040 r0=449A r1=079B r2=20E7 r3=0036 r4=0000 r5=0B2C r6=0090 r7=0003 r8=002F r9=0002 r10=0000 r11=0AE6 r12=0000 r13=0B92 r14=0000 r15=43F4
t=85.204736500 pc=0002092A fcw=C000 r0=449A r1=079B r2=20E7 r3=003A r4=0000 r5=0B2C r6=0090 r7=0003 r8=002F r9=0002 r10=0000 r11=0AE6 r12=0000 r13=0B92 r14=0000 r15=43F4
t=85.204738500 pc=0002092C fcw=C040 r0=449A r1=079B r2=20E7 r3=003A r4=0000 r5=0B2C r6=0090 r7=0003 r8=002F r9=0002 r10=0000 r11=0AE6 r12=0000 r13=0B92 r14=0000 r15=43F4
t=85.204740000 pc=0002092E fcw=C040 r0=449A r1=079B r2=20E7 r3=003A r4=0000 r5=0B2C r6=0090 r7=0003 r8=002F r9=0002 r10=0000 r11=0AE6 r12=0000 r13=0B92 r14=0000 r15=43F4
t=85.204742750 pc=00020928 fcw=C040 r0=449A r1=079B r2=20E7 r3=003A r4=0000 r5=0B2C r6=0090 r7=0002 r8=002F r9=0002 r10=0000 r11=0AE6 r12=0000 r13=0B92 r14=0000 r15=43F4
t=85.204743750 pc=0002092A fcw=C000 r0=449A r1=079B r2=20E7 r3=003E r4=0000 r5=0B2C r6=0090 r7=0002 r8=002F r9=0002 r10=0000 r11=0AE6 r12=0000 r13=0B92 r14=0000 r15=43F4
t=85.204745750 pc=0002092C fcw=C040 r0=449A r1=079B r2=20E7 r3=003E r4=0000 r5=0B2C r6=0090 r7=0002 r8=002F r9=0002 r10=0000 r11=0AE6 r12=0000 r13=0B92 r14=0000 r15=43F4
t=85.204747250 pc=0002092E fcw=C040 r0=449A r1=079B r2=20E7 r3=003E r4=0000 r5=0B2C r6=0090 r7=0002 r8=002F r9=0002 r10=0000 r11=0AE6 r12=0000 r13=0B92 r14=0000 r15=43F4
t=85.204750000 pc=00020928 fcw=C040 r0=449A r1=079B r2=20E7 r3=003E r4=0000 r5=0B2C r6=0090 r7=0001 r8=002F r9=0002 r10=0000 r11=0AE6 r12=0000 r13=0B92 r14=0000 r15=43F4
t=85.204751000 pc=0002092A fcw=C000 r0=449A r1=079B r2=20E7 r3=0042 r4=0000 r5=0B2C r6=0090 r7=0001 r8=002F r9=0002 r10=0000 r11=0AE6 r12=0000 r13=0B92 r14=0000 r15=43F4
t=85.204753000 pc=0002092C fcw=C040 r0=449A r1=079B r2=20E7 r3=0042 r4=0000 r5=0B2C r6=0090 r7=0001 r8=002F r9=0002 r10=0000 r11=0AE6 r12=0000 r13=0B92 r14=0000 r15=43F4
t=85.204754500 pc=0002092E fcw=C040 r0=449A r1=079B r2=20E7 r3=0042 r4=0000 r5=0B2C r6=0090 r7=0001 r8=002F r9=0002 r10=0000 r11=0AE6 r12=0000 r13=0B92 r14=0000 r15=43F4
t=85.204757250 pc=00020930 fcw=C040 r0=449A r1=079B r2=20E7 r3=0042 r4=0000 r5=0B2C r6=0090 r7=0000 r8=002F r9=0002 r10=0000 r11=0AE6 r12=0000 r13=0B92 r14=0000 r15=43F4
t=85.204758750 pc=0002090E fcw=C040 r0=449A r1=079B r2=20E7 r3=0042 r4=0000 r5=0B2C r6=0090 r7=0000 r8=002F r9=0002 r10=0000 r11=0AE6 r12=0000 r13=0B92 r14=0000 r15=43F4
t=85.204761000 pc=00020912 fcw=C040 r0=449A r1=079B r2=20E7 r3=12F8 r4=0000 r5=0B2C r6=0090 r7=0000 r8=002F r9=0002 r10=0000 r11=0AE6 r12=0000 r13=0B92 r14=0000 r15=43F4
