baf00:  004e               addb rl6,@rr4
baf02:  a970               inc r7,#1
baf04:  ab70               dec r7,#1
baf06:  33270050           ld rr2(#0x0050),r7
baf0a:  3128004c           ld r8,rr2(#0x004c)
baf0e:  a78f               bit r8,#15
baf10:  eefc               jr nz,0xaf0a
baf12:  03080001           sub r8,#0x0001
baf16:  ef02               jr nc,0xaf1c
baf18:  3128004e           ld r8,rr2(#0x004e)
baf1c:  8378               sub r8,r7
baf1e:  ef0b               jr nc,0xaf36
baf20:  03080001           sub r8,#0x0001
baf24:  ef02               jr nc,0xaf2a
baf26:  3128004e           ld r8,rr2(#0x004e)
baf2a:  8378               sub r8,r7
baf2c:  ef04               jr nc,0xaf36
baf2e:  3127004e           ld r7,rr2(#0x004e)
baf32:  8178               add r8,r7
baf34:  a980               inc r8,#1
baf36:  95e4               popl rr4,@rr14
baf38:  31490004           ld r9,rr4(#0x0004)
baf3c:  33490006           ld rr4(#0x0006),r9
baf40:  33480008           ld rr4(#0x0008),r8
baf44:  8977               xor r7,r7
baf46:  8788               and r8,r8
baf48:  9e0e               ret nz
baf4a:  e8d3               jr 0xaef2
baf4c:  01030024           add r3,#0x0024
baf50:  8744               and r4,r4
baf52:  e603               jr z,0xaf5a
baf54:  01030030           add r3,#0x0030
baf58:  f483               djnz r4,0xaf54
baf5a:  35240008           ldl rr4,rr2(#0x0008)
baf5e:  a148               ld r8,r4
baf60:  b2c1fffe           srlb rl4,#2
baf64:  37640004           ldl rr6(#0x0004),rr4
baf68:  01030005           add r3,#0x0005
baf6c:  0c24               testb @rr2
baf6e:  eefe               jr nz,0xaf6c
baf70:  ab30               dec r3,#1
baf72:  0c24               testb @rr2
baf74:  e602               jr z,0xaf7a
baf76:  a930               inc r3,#1
baf78:  e8f9               jr 0xaf6c
baf7a:  a930               inc r3,#1
baf7c:  0c26               tsetb @rr2
baf7e:  e5f6               jr mi,0xaf6c
baf80:  ab30               dec r3,#1
baf82:  0c24               testb @rr2
baf84:  e604               jr z,0xaf8e
baf86:  a930               inc r3,#1
baf88:  0c250000           ldb @rr2,#0x00
baf8c:  e8ef               jr 0xaf6c
baf8e:  03030004           sub r3,#0x0004
baf92:  01030006           add r3,#0x0006
baf96:  2420               setb @rr2,#0
baf98:  03030006           sub r3,#0x0006
baf9c:  88cc               xorb rl4,rl4
baf9e:  322c0005           ldb rr2(#0x0005),rl4
bafa2:  a184               ld r4,r8
bafa4:  b381fff9           srl r8,#7
bafa8:  0708001e           and r8,#0x001e
bafac:  01030010           add r3,#0x0010
bafb0:  71280800           ld r8,rr2(r8)
bafb4:  07038000           and r3,#0x8000
bafb8:  8183               add r3,r8
bafba:  37620008           ldl rr6(#0x0008),rr2
bafbe:  8844               xorb rh4,rh4
bafc0:  0a0c0c0c           cpb rl4,#0x0c
bafc4:  ee10               jr nz,0xafe6
bafc6:  3120000c           ld r0,rr2(#0x000c)
bafca:  a124               ld r4,r2
bafcc:  31250004           ld r5,rr2(#0x0004)
bafd0:  204d               ldb rl5,@rr4
bafd2:  a6d1               bitb rl5,#1
bafd4:  ee01               jr nz,0xafd8
bafd6:  a080               ldb rh0,rl0
bafd8:  33600006           ld rr6(#0x0006),r0
bafdc:  8900               xor r0,r0
bafde:  3320000c           ld rr2(#0x000c),r0
bafe2:  2104000c           ld r4,#0x000c
bafe6:  0103005c           add r3,#0x005c
bafea:  75240400           ldl rr4,rr2(r4)
bafee:  1d64               ldl @rr6,rr4
baff0:  8977               xor r7,r7
baff2:  9e08               ret 
baff4:  8d24               test r2
baff6:  ee02               jr nz,0xaffc
baff8:  8d78               clr r7
baffa:  9e08               ret 
baffc:  5c09000fa10096f6   ldm <<33>>0x96f6,r0,#16
bb004:  6f02a10096f4       ld <<33>>0x96f4,r2
bb00a:  4d04a1008ab4       test <<33>>0x8ab4
bb010:  ee07               jr nz,0xb020
bb012:  4c05a1008ab40303   ldb <<33>>0x8ab4,#0x03
bb01a:  6f03a1008ab6       ld <<33>>0x8ab6,r3
bb020:  8d48               clr r4
bb022:  8d58               clr r5
bb024:  8d68               clr r6
bb026:  8d28               clr r2
bb028:  21070005           ld r7,#0x0005
bb02c:  6103a1008ab6       ld r3,<<33>>0x8ab6
bb032:  9824               multl rq4,rr2
bb034:  8d68               clr r6
bb036:  160600000003       addl rr6,#0x00000003
bb03c:  b331000f           sll r3,#15
bb040:  8d28               clr r2
bb042:  9626               addl rr6,rr2
bb044:  6f07a1008ab6       ld <<33>>0x8ab6,r7
bb04a:  ac7f               exb rl7,rh7
bb04c:  8d48               clr r4
bb04e:  8d58               clr r5
bb050:  8d68               clr r6
bb052:  8d28               clr r2
bb054:  6103a10096f4       ld r3,<<33>>0x96f4
bb05a:  160200000001       addl rr2,#0x00000001
bb060:  9a24               divl rq4,rr2
bb062:  a157               ld r7,r5
bb064:  5c010005a10096f6   ldm r0,<<33>>0x96f6,#6
bb06c:  9e08               ret 
bb06e:  5d02a100971e       ldl <<33>>0x971e,rr2
bb074:  ca71               ldb rl2,#0x71
bb076:  3aa6ffc7           outb #0xffc7,rl2
bb07a:  4c01a1008ab80101   cpb <<33>>0x8ab8,#0x01
bb082:  ee1f               jr nz,0xb0c2
bb084:  5402a1009716       ldl rr2,<<33>>0x9716
bb08a:  0b03003b           cp r3,#0x003b
bb08e:  ee03               jr nz,0xb096
bb090:  2103ffff           ld r3,#0xffff
bb094:  a920               inc r2,#1
bb096:  a930               inc r3,#1
bb098:  5d02a1009716       ldl <<33>>0x9716,rr2
bb09e:  4c05a1008ab80202   ldb <<33>>0x8ab8,#0x02
bb0a6:  5002a100971a       cpl rr2,<<33>>0x971a
bb0ac:  e60a               jr z,0xb0c2
bb0ae:  21020098           ld r2,#0x0098
bb0b2:  3aa6ffc3           outb #0xffc3,rl2
bb0b6:  3a26ffc3           outb #0xffc3,rh2
bb0ba:  4c05a1008ab80101   ldb <<33>>0x8ab8,#0x01
bb0c2:  5402a100971e       ldl rr2,<<33>>0x971e
bb0c8:  7b00               iret
bb0ca:  8d24               test r2
bb0cc:  ed0d               jr pl,0xb0e8
bb0ce:  7608a1008acf       lda rr8,<<33>>0x8acf
bb0d4:  5d08a1008b00       ldl <<33>>0x8b00,rr8
bb0da:  7604a1008afa       lda rr4,<<33>>0x8afa
bb0e0:  5f0084000000       call <<4>>0x0000
bb0e6:  e8ff               jr 0xb0e6
bb0e8:  8d34               test r3
bb0ea:  e5f1               jr mi,0xb0ce
bb0ec:  0b03003b           cp r3,#0x003b
bb0f0:  eaee               jr gt,0xb0ce
bb0f2:  9c28               testl rr2
bb0f4:  e6ec               jr z,0xb0ce
bb0f6:  7608a1008aba       lda rr8,<<33>>0x8aba
bb0fc:  a740               bit r4,#0
bb0fe:  eeea               jr nz,0xb0d4
bb100:  5d02a100971a       ldl <<33>>0x971a,rr2
bb106:  4d05a10097160000   ld <<33>>0x9716,#0x0000
bb10e:  4d05a10097180000   ld <<33>>0x9718,#0x0000
bb116:  4c05a1008ab90000   ldb <<33>>0x8ab9,#0x00
bb11e:  3ac6ff01           outb #0xff01,rl4
bb122:  a0cd               ldb rl5,rl4
bb124:  8c58               clrb rh5
bb126:  b3590001           sla r5,#1
bb12a:  7d95               ldctl r9,psap
bb12c:  7d84               ldctl r8,psapseg
bb12e:  0109003c           add r9,#0x003c
bb132:  8159               add r9,r5
bb134:  7602a100666e       lda rr2,<<33>>0x666e
bb13a:  1d82               ldl @rr8,rr2
bb13c:  ca34               ldb rl2,#0x34
bb13e:  3aa6ffc7           outb #0xffc7,rl2
bb142:  21023014           ld r2,#0x3014
bb146:  3aa6ffc1           outb #0xffc1,rl2
bb14a:  3a26ffc1           outb #0xffc1,rh2
bb14e:  ca71               ldb rl2,#0x71
bb150:  3aa6ffc7           outb #0xffc7,rl2
bb154:  21020098           ld r2,#0x0098
bb158:  3aa6ffc3           outb #0xffc3,rl2
bb15c:  3a26ffc3           outb #0xffc3,rh2
bb160:  21070000           ld r7,#0x0000
bb164:  4c05a1008ab80101   ldb <<33>>0x8ab8,#0x01
bb16c:  7c05               ei vi
bb16e:  3aa6ff8c           outb #0xff8c,rl2
bb172:  9e08               ret 
bb174:  a730               bit r3,#0
bb176:  e60d               jr z,0xb192
bb178:  7608a1008ae4       lda rr8,<<33>>0x8ae4
bb17e:  5d08a1008b00       ldl <<33>>0x8b00,rr8
bb184:  7604a1008afa       lda rr4,<<33>>0x8afa
bb18a:  5f0084000000       call <<4>>0x0000
bb190:  e8ff               jr 0xb190
bb192:  7d42               ldctl r4,fcw
bb194:  7c00               di nvi,vi
bb196:  93e4               push @rr14,r4
bb198:  6107a1009716       ld r7,<<33>>0x9716
bb19e:  2f27               ld @rr2,r7
bb1a0:  160200000002       addl rr2,#0x00000002
bb1a6:  6107a1009718       ld r7,<<33>>0x9718
bb1ac:  2f27               ld @rr2,r7
bb1ae:  8c78               clrb rh7
bb1b0:  600fa1008ab8       ldb rl7,<<33>>0x8ab8
bb1b6:  97e2               pop r2,@rr14
bb1b8:  7d2a               ldctl fcw,r2
bb1ba:  9e08               ret 
bb1bc:  4c01a1008ab80101   cpb <<33>>0x8ab8,#0x01
bb1c4:  ee0a               jr nz,0xb1da
bb1c6:  c771               ldb rh7,#0x71
bb1c8:  3a76ffc7           outb #0xffc7,rh7
bb1cc:  4c05a1008ab80303   ldb <<33>>0x8ab8,#0x03
bb1d4:  21070001           ld r7,#0x0001
bb1d8:  9e08               ret 
bb1da:  4c01a1008ab80202   cpb <<33>>0x8ab8,#0x02
bb1e2:  e608               jr z,0xb1f4
bb1e4:  4c01a1008ab80303   cpb <<33>>0x8ab8,#0x03
bb1ec:  e603               jr z,0xb1f4
bb1ee:  4c08a1008ab8       clrb <<33>>0x8ab8
bb1f4:  8c78               clrb rh7
bb1f6:  600fa1008ab8       ldb rl7,<<33>>0x8ab8
bb1fc:  9e08               ret 
bb1fe:  2a2a               decb @rr2,#11
bb200:  2a20               decb @rr2,#1
bb202:  4e4f4e204d41       ext4e #0x4e4f4e20,<<77>>0x0041
bb208:  534b4142           push @rr4,<<65>>0x0042(r11)
bb20c:  4c4520494e54       ldb <<32>>0x0049(r4),#0x54
bb212:  45525255           or r2,<<82>>0x0055(r5)
bb216:  5054202a           cpl rr4,<<32>>0x002a(r5)
bb21a:  2a2a               decb @rr2,#11
bb21c:  2a2a               decb @rr2,#11
bb21e:  2a20               decb @rr2,#1
bb220:  5345474d           push @rr4,<<71>>0x004d(r5)
bb224:  454e5420           or r14,<<84>>0x0020(r4)
bb228:  54524150           ldl rr2,<<65>>0x0050(r5)
bb22c:  202a               ldb rl2,@rr2
bb22e:  2a2a               decb @rr2,#11
bb230:  2a2a               decb @rr2,#11
bb232:  2a20               decb @rr2,#1
bb234:  50524956           cpl rr2,<<73>>0x0056(r5)
bb238:  494c4547           xor r12,<<69>>0x0047(r4)
bb23c:  45442049           or r4,<<32>>0x0049(r4)
bb240:  4e5354525543       ext4e #0x4e535452,<<85>>0x0043
bb246:  54494f4e           ldl rr9,<<79>>0x004e(r4)
bb24a:  2054               ldb rh4,@rr5
bb24c:  52415020           subl rr1,<<80>>0x0020(r4)
bb250:  2a2a               decb @rr2,#11
bb252:  2a00               .word #0x2a00
bb254:  2020               ldb rh0,@rr2
bb256:  2020               ldb rh0,@rr2
bb258:  2020               ldb rh0,@rr2
bb25a:  37203d20           ldl rr2(#0x3d20),rr0
bb25e:  33303020           ld rr3(#0x3020),r0
bb262:  42505320           subb rh0,<<83>>0x0020(r5)
bb266:  2020               ldb rh0,@rr2
bb268:  2031               ldb rh1,@rr3
bb26a:  34203d20           lda rr0,rr2(#0x3d20)
bb26e:  31393230           ld r9,rr3(#0x3230)
bb272:  30204250           ldb rh0,rr2(#0x4250)
bb276:  5300               .word #0x5300
bb278:  73657276           ld rr6(r2),r5
bb27c:  2020               ldb rh0,@rr2
bb27e:  2020               ldb rh0,@rr2
bb280:  2020               ldb rh0,@rr2
bb282:  3620               .word #0x3620
bb284:  3d20               in r0,@r2
bb286:  32303020           ldb rr3(#0x3020),rh0
bb28a:  42505320           subb rh0,<<83>>0x0020(r5)
bb28e:  2020               ldb rh0,@rr2
bb290:  2031               ldb rh1,@rr3
bb292:  33203d20           ld rr2(#0x3d20),r0
bb296:  3936               .word #0x3936
bb298:  30302042           ldb rh0,rr3(#0x2042)
bb29c:  50537365           cpl rr3,<<115>>0x0065(r5)
bb2a0:  72762020           ldb rr7(r0),rh6
bb2a4:  2020               ldb rh0,@rr2
bb2a6:  2020               ldb rh0,@rr2
bb2a8:  35203d20           ldl rr0,rr2(#0x3d20)
bb2ac:  31353020           ld r5,rr3(#0x3020)
bb2b0:  42505320           subb rh0,<<83>>0x0020(r5)
bb2b4:  2020               ldb rh0,@rr2
bb2b6:  2031               ldb rh1,@rr3
bb2b8:  32203d20           ldb rr2(#0x3d20),rh0
bb2bc:  34383030           lda rr8,rr3(#0x3030)
bb2c0:  2042               ldb rh2,@rr4
bb2c2:  50537365           cpl rr3,<<115>>0x0065(r5)
bb2c6:  72762020           ldb rr7(r0),rh6
bb2ca:  2020               ldb rh0,@rr2
bb2cc:  2020               ldb rh0,@rr2
bb2ce:  34203d20           lda rr0,rr2(#0x3d20)
bb2d2:  3133342e           ld r3,rr3(#0x342e)
bb2d6:  35204250           ldl rr0,rr2(#0x4250)
bb2da:  53202031           push @rr2,<<32>>0x0031
bb2de:  31203d20           ld r0,rr2(#0x3d20)
bb2e2:  32343030           ldb rr3(#0x3030),rh4
bb2e6:  2042               ldb rh2,@rr4
bb2e8:  50537365           cpl rr3,<<115>>0x0065(r5)
bb2ec:  72762020           ldb rr7(r0),rh6
bb2f0:  2020               ldb rh0,@rr2
bb2f2:  2020               ldb rh0,@rr2
bb2f4:  33203d20           ld rr2(#0x3d20),r0
bb2f8:  31313020           ld r1,rr3(#0x3020)
bb2fc:  42505320           subb rh0,<<83>>0x0020(r5)
bb300:  2020               ldb rh0,@rr2
bb302:  2031               ldb rh1,@rr3
bb304:  30203d20           ldb rh0,rr2(#0x3d20)
bb308:  31383030           ld r8,rr3(#0x3030)
bb30c:  2042               ldb rh2,@rr4
bb30e:  50537365           cpl rr3,<<115>>0x0065(r5)
bb312:  72762020           ldb rr7(r0),rh6
bb316:  2020               ldb rh0,@rr2
bb318:  2020               ldb rh0,@rr2
bb31a:  32203d20           ldb rr2(#0x3d20),rh0
bb31e:  37352042           ldl rr3(#0x2042),rr5
bb322:  50532020           cpl rr3,<<32>>0x0020(r5)
bb326:  2020               ldb rh0,@rr2
bb328:  2020               ldb rh0,@rr2
bb32a:  3920               ldps @rr2
bb32c:  3d20               in r0,@r2
bb32e:  31323030           ld r2,rr3(#0x3030)
bb332:  2042               ldb rh2,@rr4
bb334:  50537365           cpl rr3,<<115>>0x0065(r5)
bb338:  72765350           ldb rr7(r3),rh6
bb33c:  45454420           or r5,<<68>>0x0020(r4)
bb340:  31203d20           ld r0,rr2(#0x3d20)
bb344:  35302042           ldl rr0,rr3(#0x2042)
bb348:  50532020           cpl rr3,<<32>>0x0020(r5)
bb34c:  2020               ldb rh0,@rr2
bb34e:  2020               ldb rh0,@rr2
bb350:  3820               .word #0x3820
bb352:  3d20               in r0,@r2
bb354:  3630               .word #0x3630
bb356:  30204250           ldb rh0,rr2(#0x4250)
bb35a:  5300               .word #0x5300
bb35c:  73657276           ld rr6(r2),r5
bb360:  6e6f7000           ldb <<112>>0x0000(r6),rl7
bb364:  2020               ldb rh0,@rr2
bb366:  2020               ldb rh0,@rr2
bb368:  2020               ldb rh0,@rr2
bb36a:  2020               ldb rh0,@rr2
bb36c:  34203d20           lda rr0,rr2(#0x3d20)
bb370:  3820               .word #0x3820
bb372:  42495453           subb rl1,<<84>>0x0053(r4)
bb376:  73657276           ld rr6(r2),r5
bb37a:  2020               ldb rh0,@rr2
bb37c:  2020               ldb rh0,@rr2
bb37e:  2020               ldb rh0,@rr2
bb380:  2020               ldb rh0,@rr2
bb382:  33203d20           ld rr2(#0x3d20),r0
bb386:  37204249           ldl rr2(#0x4249),rr0
bb38a:  54537365           ldl rr3,<<115>>0x0065(r5)
bb38e:  72762020           ldb rr7(r0),rh6
bb392:  2020               ldb rh0,@rr2
bb394:  2020               ldb rh0,@rr2
bb396:  2020               ldb rh0,@rr2
bb398:  32203d20           ldb rr2(#0x3d20),rh0
bb39c:  3620               .word #0x3620
bb39e:  42495453           subb rl1,<<84>>0x0053(r4)
bb3a2:  73657276           ld rr6(r2),r5
bb3a6:  4c454e475448       ldb <<78>>0x0047(r4),#0x48
bb3ac:  2020               ldb rh0,@rr2
bb3ae:  31203d20           ld r0,rr2(#0x3d20)
bb3b2:  35204249           ldl rr0,rr2(#0x4249)
bb3b6:  54537365           ldl rr3,<<115>>0x0065(r5)
bb3ba:  72766e6f           ldb rr7(r14),rh6
bb3be:  7000               .word #0x7000
bb3c0:  2020               ldb rh0,@rr2
bb3c2:  2020               ldb rh0,@rr2
bb3c4:  2020               ldb rh0,@rr2
bb3c6:  2020               ldb rh0,@rr2
bb3c8:  33203d20           ld rr2(#0x3d20),r0
bb3cc:  4556454e           or r6,<<69>>0x004e(r5)
bb3d0:  2050               ldb rh0,@rr5
bb3d2:  41524954           add r2,<<73>>0x0054(r5)
bb3d6:  59007365           mult rr0,<<115>>0x0065
bb3da:  72762020           ldb rr7(r0),rh6
bb3de:  2020               ldb rh0,@rr2
bb3e0:  2020               ldb rh0,@rr2
bb3e2:  2020               ldb rh0,@rr2
bb3e4:  32203d20           ldb rr2(#0x3d20),rh0
bb3e8:  4f4444205041       ext4f #0x4f444420,<<80>>0x0041
bb3ee:  52495459           subl rr9,<<84>>0x0059(r4)
bb3f2:  73657276           ld rr6(r2),r5
bb3f6:  50415249           cpl rr1,<<82>>0x0049(r4)
bb3fa:  54592020           ldl rr9,<<32>>0x0020(r5)
bb3fe:  31203d20           ld r0,rr2(#0x3d20)
bb402:  4e4f20504152       ext4e #0x4e4f2050,<<65>>0x0052
bb408:  49545900           xor r4,<<89>>0x0000(r5)
bb40c:  73657276           ld rr6(r2),r5
bb410:  6e6f7000           ldb <<112>>0x0000(r6),rl7
bb414:  2020               ldb rh0,@rr2
bb416:  2020               ldb rh0,@rr2
bb418:  2020               ldb rh0,@rr2
bb41a:  2020               ldb rh0,@rr2
bb41c:  2033               ldb rh3,@rr3
bb41e:  203d               ldb rl5,@rr3
bb420:  2032               ldb rh2,@rr3
bb422:  2e30               ldb @rr3,rh0
bb424:  2042               ldb rh2,@rr4
bb426:  49545320           xor r4,<<83>>0x0020(r5)
bb42a:  53544f50           push @rr5,<<79>>0x0050(r4)
bb42e:  73657276           ld rr6(r2),r5
bb432:  2020               ldb rh0,@rr2
bb434:  2020               ldb rh0,@rr2
bb436:  2020               ldb rh0,@rr2
bb438:  2020               ldb rh0,@rr2
bb43a:  2032               ldb rh2,@rr3
bb43c:  203d               ldb rl5,@rr3
bb43e:  2031               ldb rh1,@rr3
bb440:  2e35               ldb @rr3,rh5
bb442:  2042               ldb rh2,@rr4
bb444:  49545320           xor r4,<<83>>0x0020(r5)
bb448:  53544f50           push @rr5,<<79>>0x0050(r4)
bb44c:  73657276           ld rr6(r2),r5
bb450:  42495420           subb rl1,<<84>>0x0020(r4)
bb454:  53544f50           push @rr5,<<79>>0x0050(r4)
bb458:  2031               ldb rh1,@rr3
bb45a:  203d               ldb rl5,@rr3
bb45c:  2031               ldb rh1,@rr3
bb45e:  2e30               ldb @rr3,rh0
bb460:  2042               ldb rh2,@rr4
bb462:  49542053           xor r4,<<32>>0x0053(r5)
bb466:  544f5000           ldl rr15,<<80>>0x0000(r4)
bb46a:  73657276           ld rr6(r2),r5
bb46e:  6e6f7000           ldb <<112>>0x0000(r6),rl7
bb472:  05e0               or r0,@rr14
bb474:  06040628           andb rh4,#0x28
bb478:  064c               andb rl4,@rr4
bb47a:  0670               andb rh0,@rr7
bb47c:  0694               andb rh4,@rr9
bb47e:  06b8               andb rl0,@rr11
bb480:  06d8               andb rl0,@rr13
bb482:  06f8               andb rl0,@rr15
bb484:  0718               and r8,@rr1
bb486:  0738               and r8,@rr3
bb488:  0758               and r8,@rr5
bb48a:  0778               and r8,@rr7
bb48c:  0798               and r8,@rr9
bb48e:  103c               cpl rr12,@rr3
bb490:  10aa               cpl rr10,@rr10
bb492:  10fe               cpl rr14,@rr15
bb494:  1152               pushl @rr5,@rr2
bb496:  11a6               pushl @rr10,@rr6
bb498:  11fa               pushl @rr15,@rr10
bb49a:  124a               subl rr10,@rr4
bb49c:  129a               subl rr10,@rr9
bb49e:  12ea               subl rr10,@rr14
bb4a0:  1430               ldl rr0,@rr3
bb4a2:  143c               ldl rr12,@rr3
bb4a4:  1448               ldl rr8,@rr4
bb4a6:  1454               ldl rr4,@rr5
bb4a8:  1460               ldl rr0,@rr6
bb4aa:  146c               ldl rr12,@rr6
bb4ac:  1478               ldl rr8,@rr7
bb4ae:  1484               ldl rr4,@rr8
bb4b0:  1490               ldl rr0,@rr9
bb4b2:  2a2a               decb @rr2,#11
bb4b4:  2044               ldb rh4,@rr4
bb4b6:  4941474e           xor r1,<<71>>0x004e(r4)
bb4ba:  4f5354494320       ext4f #0x4f535449,<<67>>0x0020
bb4c0:  52455355           subl rr5,<<83>>0x0055(r4)
bb4c4:  4c54203a           testb <<32>>0x003a(r5)
bb4c8:  204e               ldb rl6,@rr4
bb4ca:  4f204552524f       ext4f #0x4f204552,<<82>>0x004f
bb4d0:  5253202a           subl rr3,<<32>>0x002a(r5)
bb4d4:  2a00               .word #0x2a00
bb4d6:  65737900           set <<121>>0x0000(r7),#3
bb4da:  2a20               decb @rr2,#1
bb4dc:  44494147           orb rl1,<<65>>0x0047(r4)
bb4e0:  4e4f53544943       ext4e #0x4e4f5354,<<73>>0x0043
bb4e6:  2052               ldb rh2,@rr5
bb4e8:  4553554c           or r3,<<85>>0x004c(r5)
bb4ec:  54203a20           ldl rr0,<<58>>0x0020(r2)
bb4f0:  48415244           xorb rh1,<<82>>0x0044(r4)
bb4f4:  57415245           pop <<82>>0x0045(r1),@rr4
bb4f8:  2046               ldb rh6,@rr4
bb4fa:  41554c54           add r5,<<76>>0x0054(r5)
bb4fe:  202a               ldb rl2,@rr2
bb500:  65737900           set <<121>>0x0000(r7),#3
bb504:  56494445           addl rr9,<<68>>0x0045(r4)
bb508:  4f2054455354       ext4f #0x4f205445,<<83>>0x0054
bb50e:  2045               ldb rh5,@rr4
bb510:  4c422033           negb <<32>>0x0033(r4)
bb514:  3638               .word #0x3638
bb516:  332f3420           ld rr2(#0x3420),r15
bb51a:  2620               bitb @rr2,#0
bb51c:  57533638           pop <<54>>0x0038(r3),@rr5
bb520:  352f4d20           ldl rr15,rr2(#0x4d20)
bb524:  4c3120575320       cpb <<32>>0x0057(r3),#0x20
bb52a:  2020               ldb rh0,@rr2
bb52c:  53454c46           push @rr4,<<76>>0x0046(r5)
bb530:  204b               ldb rl3,@rr4
bb532:  4559424f           or r9,<<66>>0x004f(r5)
bb536:  41524420           add r2,<<68>>0x0020(r5)
bb53a:  54455354           ldl rr5,<<83>>0x0054(r4)
bb53e:  2045               ldb rh5,@rr4
bb540:  52524f52           subl rr2,<<79>>0x0052(r5)
bb544:  4b455942           cp r5,<<89>>0x0042(r4)
bb548:  4f415244204e       ext4f #0x4f415244,<<32>>0x004e
bb54e:  4f5420505245       ext4f #0x4f542050,<<82>>0x0045
bb554:  53454e54           push @rr4,<<78>>0x0054(r5)
bb558:  53494f20           push @rr4,<<79>>0x0020(r9)
bb55c:  31204348           ld r0,rr2(#0x4348)
bb560:  414e4e45           add r14,<<78>>0x0045(r4)
bb564:  4c204220           comb <<66>>0x0020(r2)
bb568:  4552524f           or r2,<<82>>0x004f(r5)
bb56c:  52005345           subl rr0,<<83>>0x0045
bb570:  4c462057           tsetb <<32>>0x0057(r4)
bb574:  2e53               ldb @rr5,rh3
bb576:  2e20               ldb @rr2,rh0
bb578:  52455355           subl rr5,<<83>>0x0055(r4)
bb57c:  4c542046           testb <<32>>0x0046(r5)
bb580:  41554c54           add r5,<<76>>0x0054(r5)
bb584:  56494445           addl rr9,<<68>>0x0045(r4)
bb588:  4f2054455354       ext4f #0x4f205445,<<83>>0x0054
bb58e:  2045               ldb rh5,@rr4
bb590:  4c422033           negb <<32>>0x0033(r4)
bb594:  3638               .word #0x3638
bb596:  332f3420           ld rr2(#0x3420),r15
bb59a:  2620               bitb @rr2,#0
bb59c:  57533638           pop <<54>>0x0038(r3),@rr5
bb5a0:  352f4d20           ldl rr15,rr2(#0x4d20)
bb5a4:  4c3120575320       cpb <<32>>0x0057(r3),#0x20
bb5aa:  2020               ldb rh0,@rr2
bb5ac:  4f5220202253       ext4f #0x4f522020,<<34>>0x0053
bb5b2:  4b495022           cp r9,<<80>>0x0022(r4)
bb5b6:  2020               ldb rh0,@rr2
bb5b8:  544f2047           ldl rr15,<<32>>0x0047(r4)
bb5bc:  4f204241434b       ext4f #0x4f204241,<<67>>0x004b
bb5c2:  48495420           xorb rl1,<<84>>0x0020(r4)
bb5c6:  2245               resb @rr4,#5
bb5c8:  4e5445522220       ext4e #0x4e544552,<<34>>0x0020
bb5ce:  544f2052           ldl rr15,<<32>>0x0052(r4)
bb5d2:  45545552           or r4,<<85>>0x0052(r5)
bb5d6:  4e203929203f       ext4e #0x4e203929,<<32>>0x003f
bb5dc:  2044               ldb rh4,@rr4
bb5de:  594e414d           mult rr14,<<65>>0x004d(r4)
bb5e2:  49432044           xor r3,<<32>>0x0044(r4)
bb5e6:  4953544f           xor r3,<<84>>0x004f(r5)
bb5ea:  5254494f           subl rr4,<<73>>0x004f(r5)
bb5ee:  4e2054455354       ext4e #0x4e205445,<<83>>0x0054
bb5f4:  2020               ldb rh0,@rr2
bb5f6:  2020               ldb rh0,@rr2
bb5f8:  2020               ldb rh0,@rr2
bb5fa:  2020               ldb rh0,@rr2
bb5fc:  2020               ldb rh0,@rr2
bb5fe:  2020               ldb rh0,@rr2
bb600:  3829               .word #0x3829
bb602:  203f               ldb rl7,@rr3
bb604:  2050               ldb rh0,@rr5
bb606:  484f544f           xorb rl7,<<84>>0x004f(r4)
bb60a:  4d4554524943       ld <<84>>0x0052(r4),#0x4943
bb610:  2054               ldb rh4,@rr5
bb612:  45535420           or r3,<<84>>0x0020(r5)
bb616:  2020               ldb rh0,@rr2
bb618:  2020               ldb rh0,@rr2
bb61a:  2020               ldb rh0,@rr2
bb61c:  2020               ldb rh0,@rr2
bb61e:  2020               ldb rh0,@rr2
bb620:  2020               ldb rh0,@rr2
bb622:  2020               ldb rh0,@rr2
bb624:  2020               ldb rh0,@rr2
bb626:  2020               ldb rh0,@rr2
bb628:  3729203f           ldl rr2(#0x203f),rr9
bb62c:  204c               ldb rl4,@rr4
bb62e:  554d494e           popl <<73>>0x004e(r13),@rr4
bb632:  4f5349545920       ext4f #0x4f534954,<<89>>0x0020
bb638:  54455354           ldl rr5,<<83>>0x0054(r4)
bb63c:  2020               ldb rh0,@rr2
bb63e:  2020               ldb rh0,@rr2
bb640:  2020               ldb rh0,@rr2
bb642:  2020               ldb rh0,@rr2
bb644:  2020               ldb rh0,@rr2
bb646:  2020               ldb rh0,@rr2
bb648:  2020               ldb rh0,@rr2
bb64a:  2020               ldb rh0,@rr2
bb64c:  2020               ldb rh0,@rr2
bb64e:  2020               ldb rh0,@rr2
bb650:  3629               .word #0x3629
bb652:  203f               ldb rl7,@rr3
bb654:  2053               ldb rh3,@rr5
bb656:  504f5420           cpl rr15,<<84>>0x0020(r4)
bb65a:  53495a45           push @rr4,<<90>>0x0045(r9)
bb65e:  2054               ldb rh4,@rr5
bb660:  45535420           or r3,<<84>>0x0020(r5)
bb664:  2020               ldb rh0,@rr2
bb666:  2020               ldb rh0,@rr2
bb668:  2020               ldb rh0,@rr2
bb66a:  2020               ldb rh0,@rr2
bb66c:  2020               ldb rh0,@rr2
bb66e:  2020               ldb rh0,@rr2
bb670:  2020               ldb rh0,@rr2
bb672:  2020               ldb rh0,@rr2
bb674:  2020               ldb rh0,@rr2
bb676:  2020               ldb rh0,@rr2
bb678:  3529203f           ldl rr9,rr2(#0x203f)
bb67c:  2047               ldb rh7,@rr4
bb67e:  454f4d45           or r15,<<77>>0x0045(r4)
bb682:  54525920           ldl rr2,<<89>>0x0020(r5)
bb686:  414e4420           add r14,<<68>>0x0020(r4)
bb68a:  4c49               .word #0x4c49
bb68c:  4e4541525920       ext4e #0x4e454152,<<89>>0x0020
bb692:  54455354           ldl rr5,<<83>>0x0054(r4)
bb696:  2020               ldb rh0,@rr2
bb698:  2020               ldb rh0,@rr2
bb69a:  2020               ldb rh0,@rr2
bb69c:  2020               ldb rh0,@rr2
bb69e:  2020               ldb rh0,@rr2
bb6a0:  3429203f           lda rr9,rr2(#0x203f)
bb6a4:  2053               ldb rh3,@rr5
bb6a6:  43524545           sub r2,<<69>>0x0045(r5)
bb6aa:  4e2053495a45       ext4e #0x4e205349,<<90>>0x0045
bb6b0:  2054               ldb rh4,@rr5
bb6b2:  45535420           or r3,<<84>>0x0020(r5)
bb6b6:  2020               ldb rh0,@rr2
bb6b8:  2020               ldb rh0,@rr2
bb6ba:  2020               ldb rh0,@rr2
bb6bc:  2020               ldb rh0,@rr2
bb6be:  2020               ldb rh0,@rr2
bb6c0:  2020               ldb rh0,@rr2
bb6c2:  2020               ldb rh0,@rr2
bb6c4:  2020               ldb rh0,@rr2
bb6c6:  2020               ldb rh0,@rr2
bb6c8:  3329203f           ld rr2(#0x203f),r9
bb6cc:  2053               ldb rh3,@rr5
bb6ce:  43524f4c           sub r2,<<79>>0x004c(r5)
bb6d2:  4c49               .word #0x4c49
bb6d4:  4e4720434841       ext4e #0x4e472043,<<72>>0x0041
bb6da:  522e2041           subl rr14,<<32>>0x0041(r2)
bb6de:  4e4420534554       ext4e #0x4e442053,<<69>>0x0054
bb6e4:  2041               ldb rh1,@rr4
bb6e6:  5454522e           ldl rr4,<<82>>0x002e(r5)
bb6ea:  2054               ldb rh4,@rr5
bb6ec:  45535420           or r3,<<84>>0x0020(r5)
bb6f0:  3229203f           ldb rr2(#0x203f),rl1
bb6f4:  2052               ldb rh2,@rr5
bb6f6:  454d4f54           or r13,<<79>>0x0054(r4)
bb6fa:  45204c4f           or r0,<<76>>0x004f(r2)
bb6fe:  4f504241434b       ext4f #0x4f504241,<<67>>0x004b
bb704:  2054               ldb rh4,@rr5
bb706:  45535420           or r3,<<84>>0x0020(r5)
bb70a:  2020               ldb rh0,@rr2
bb70c:  2020               ldb rh0,@rr2
bb70e:  2020               ldb rh0,@rr2
bb710:  2020               ldb rh0,@rr2
bb712:  2020               ldb rh0,@rr2
bb714:  2020               ldb rh0,@rr2
bb716:  2020               ldb rh0,@rr2
bb718:  31292020           ld r9,rr2(#0x2020)
bb71c:  2053               ldb rh3,@rr5
bb71e:  454c4620           or r12,<<70>>0x0020(r4)
bb722:  44494147           orb rl1,<<65>>0x0047(r4)
bb726:  4e4f53544943       ext4e #0x4e4f5354,<<73>>0x0043
bb72c:  2057               ldb rh7,@rr5
bb72e:  53205445           push @rr2,<<84>>0x0045
bb732:  53542020           push @rr5,<<32>>0x0020(r4)
bb736:  2020               ldb rh0,@rr2
bb738:  2020               ldb rh0,@rr2
bb73a:  2020               ldb rh0,@rr2
bb73c:  2020               ldb rh0,@rr2
bb73e:  2020               ldb rh0,@rr2
bb740:  4d4f               .word #0x4d4f
bb742:  52452043           subl rr5,<<32>>0x0043(r4)
bb746:  484f4943           xorb rl7,<<73>>0x0043(r4)
bb74a:  45202020           or r0,<<32>>0x0020(r2)
bb74e:  2020               ldb rh0,@rr2
bb750:  3f20               out @r2,r0
bb752:  2028               ldb rl0,@rr2
bb754:  312d3329           ld r13,rr2(#0x3329)
bb758:  2020               ldb rh0,@rr2
bb75a:  4d4f               .word #0x4d4f
bb75c:  52452043           subl rr5,<<32>>0x0043(r4)
bb760:  484f4943           xorb rl7,<<73>>0x0043(r4)
bb764:  45202020           or r0,<<32>>0x0020(r2)
bb768:  2020               ldb rh0,@rr2
bb76a:  3f20               out @r2,r0
bb76c:  2028               ldb rl0,@rr2
bb76e:  312d3329           ld r13,rr2(#0x3329)
bb772:  2020               ldb rh0,@rr2
bb774:  4d4f               .word #0x4d4f
bb776:  52452043           subl rr5,<<32>>0x0043(r4)
bb77a:  484f4943           xorb rl7,<<73>>0x0043(r4)
bb77e:  45202020           or r0,<<32>>0x0020(r2)
bb782:  2020               ldb rh0,@rr2
bb784:  3f20               out @r2,r0
bb786:  2028               ldb rl0,@rr2
bb788:  312d3429           ld r13,rr2(#0x3429)
bb78c:  2020               ldb rh0,@rr2
bb78e:  4d4f               .word #0x4d4f
bb790:  52452043           subl rr5,<<32>>0x0043(r4)
bb794:  484f4943           xorb rl7,<<73>>0x0043(r4)
bb798:  45202020           or r0,<<32>>0x0020(r2)
bb79c:  2020               ldb rh0,@rr2
bb79e:  3f20               out @r2,r0
bb7a0:  2028               ldb rl0,@rr2
bb7a2:  312d3134           ld r13,rr2(#0x3134)
bb7a6:  2920               inc @rr2,#1
bb7a8:  4c49               .word #0x4c49
bb7aa:  4e45204e554d       ext4e #0x4e45204e,<<85>>0x004d
bb7b0:  42455220           subb rh5,<<82>>0x0020(r4)
bb7b4:  2020               ldb rh0,@rr2
bb7b6:  2020               ldb rh0,@rr2
bb7b8:  3f20               out @r2,r0
bb7ba:  2028               ldb rl0,@rr2
bb7bc:  302d3329           ldb rl5,rr2(#0x3329)
bb7c0:  2020               ldb rh0,@rr2
bb7c2:  534c4f54           push @rr4,<<79>>0x0054(r12)
bb7c6:  204e               ldb rl6,@rr4
bb7c8:  554d4245           popl <<66>>0x0045(r13),@rr4
bb7cc:  52202020           subl rr0,<<32>>0x0020(r2)
bb7d0:  2020               ldb rh0,@rr2
bb7d2:  3f20               out @r2,r0
bb7d4:  2830               incb @rr3,#1
bb7d6:  2d31               ex r1,@rr3
bb7d8:  35292020           ldl rr9,rr2(#0x2020)
bb7dc:  50415241           cpl rr1,<<82>>0x0041(r4)
bb7e0:  4d4554455253       ld <<84>>0x0045(r4),#0x5253
bb7e6:  2020               ldb rh0,@rr2
bb7e8:  2020               ldb rh0,@rr2
bb7ea:  2020               ldb rh0,@rr2
bb7ec:  2020               ldb rh0,@rr2
bb7ee:  2052               ldb rh2,@rr5
bb7f0:  414e4745           add r14,<<71>>0x0045(r4)
bb7f4:  2020               ldb rh0,@rr2
bb7f6:  44454641           orb rh5,<<70>>0x0041(r4)
bb7fa:  554c5420           popl <<84>>0x0020(r12),@rr4
bb7fe:  2056               ldb rh6,@rr5
bb800:  414c5545           add r12,<<85>>0x0045(r4)
bb804:  57535649           pop <<86>>0x0049(r3),@rr5
bb808:  44365649           orb rh6,<<86>>0x0049(r3)
bb80c:  44454f20           orb rh5,<<79>>0x0020(r4)
bb810:  54455354           ldl rr5,<<83>>0x0054(r4)
bb814:  2045               ldb rh5,@rr4
bb816:  4c422033           negb <<32>>0x0033(r4)
bb81a:  3638               .word #0x3638
bb81c:  332f3420           ld rr2(#0x3420),r15
bb820:  2620               bitb @rr2,#0
bb822:  57533638           pop <<54>>0x0038(r3),@rr5
bb826:  352f4d20           ldl rr15,rr2(#0x4d20)
bb82a:  4c3120575320       cpb <<32>>0x0057(r3),#0x20
bb830:  2020               ldb rh0,@rr2
bb832:  073e               and r14,@rr3
bb834:  082a               xorb rl2,@rr2
bb836:  095e               xor r14,@rr5
bb838:  0afe               cpb rl6,@rr15
bb83a:  0c52               negb @rr5
bb83c:  48495420           xorb rl1,<<84>>0x0020(r4)
bb840:  2245               resb @rr4,#5
bb842:  4e5445522220       ext4e #0x4e544552,<<34>>0x0020
bb848:  544f2052           ldl rr15,<<32>>0x0052(r4)
bb84c:  45545552           or r4,<<85>>0x0052(r5)
bb850:  4e2020202020       ext4e #0x4e202020,<<32>>0x0020
bb856:  2020               ldb rh0,@rr2
bb858:  2020               ldb rh0,@rr2
bb85a:  2020               ldb rh0,@rr2
bb85c:  2020               ldb rh0,@rr2
bb85e:  2020               ldb rh0,@rr2
bb860:  2020               ldb rh0,@rr2
bb862:  2020               ldb rh0,@rr2
bb864:  2020               ldb rh0,@rr2
bb866:  2020               ldb rh0,@rr2
bb868:  2020               ldb rh0,@rr2
bb86a:  2020               ldb rh0,@rr2
bb86c:  2020               ldb rh0,@rr2
bb86e:  2020               ldb rh0,@rr2
bb870:  2020               ldb rh0,@rr2
bb872:  2020               ldb rh0,@rr2
bb874:  2020               ldb rh0,@rr2
bb876:  2020               ldb rh0,@rr2
bb878:  2020               ldb rh0,@rr2
bb87a:  2020               ldb rh0,@rr2
bb87c:  2020               ldb rh0,@rr2
bb87e:  2020               ldb rh0,@rr2
bb880:  2020               ldb rh0,@rr2
bb882:  2020               ldb rh0,@rr2
bb884:  2020               ldb rh0,@rr2
bb886:  2020               ldb rh0,@rr2
bb888:  2020               ldb rh0,@rr2
bb88a:  2020               ldb rh0,@rr2
bb88c:  2254               resb @rr5,#4
bb88e:  4543484e           or r3,<<72>>0x004e(r4)
bb892:  4943414c           xor r3,<<65>>0x004c(r4)
bb896:  2053               ldb rh3,@rr5
bb898:  50454349           cpl rr5,<<67>>0x0049(r4)
bb89c:  46494341           andb rl1,<<67>>0x0041(r4)
bb8a0:  54494f4e           ldl rr9,<<79>>0x004e(r4)
bb8a4:  2220               resb @rr2,#0
bb8a6:  544f4c45           ldl rr15,<<76>>0x0045(r4)
bb8aa:  52414e43           subl rr1,<<78>>0x0043(r4)
bb8ae:  45532e20           or r3,<<46>>0x0020(r5)
bb8b2:  2020               ldb rh0,@rr2
bb8b4:  2020               ldb rh0,@rr2
bb8b6:  2020               ldb rh0,@rr2
bb8b8:  2020               ldb rh0,@rr2
bb8ba:  2020               ldb rh0,@rr2
bb8bc:  2020               ldb rh0,@rr2
bb8be:  2020               ldb rh0,@rr2
bb8c0:  2020               ldb rh0,@rr2
bb8c2:  2020               ldb rh0,@rr2
bb8c4:  2020               ldb rh0,@rr2
bb8c6:  2020               ldb rh0,@rr2
bb8c8:  2020               ldb rh0,@rr2
bb8ca:  2020               ldb rh0,@rr2
bb8cc:  2020               ldb rh0,@rr2
bb8ce:  2020               ldb rh0,@rr2
bb8d0:  2020               ldb rh0,@rr2
bb8d2:  2020               ldb rh0,@rr2
bb8d4:  2020               ldb rh0,@rr2
bb8d6:  2020               ldb rh0,@rr2
bb8d8:  2020               ldb rh0,@rr2
bb8da:  2020               ldb rh0,@rr2
bb8dc:  4f4e204c4546       ext4f #0x4f4e204c,<<69>>0x0046
bb8e2:  5420414e           ldl rr0,<<65>>0x004e(r2)
bb8e6:  44205249           orb rh0,<<82>>0x0049(r2)
bb8ea:  47485420           and r8,<<84>>0x0020(r4)
bb8ee:  4f4620494d41       ext4f #0x4f462049,<<77>>0x0041
bb8f4:  47452020           and r5,<<32>>0x0020(r4)
bb8f8:  49532057           xor r3,<<32>>0x0057(r5)
bb8fc:  49544849           xor r4,<<72>>0x0049(r5)
bb900:  4e2020202020       ext4e #0x4e202020,<<32>>0x0020
bb906:  2020               ldb rh0,@rr2
bb908:  2020               ldb rh0,@rr2
bb90a:  2020               ldb rh0,@rr2
bb90c:  2020               ldb rh0,@rr2
bb90e:  2020               ldb rh0,@rr2
bb910:  2020               ldb rh0,@rr2
bb912:  2020               ldb rh0,@rr2
bb914:  2020               ldb rh0,@rr2
bb916:  2020               ldb rh0,@rr2
bb918:  2020               ldb rh0,@rr2
bb91a:  2020               ldb rh0,@rr2
bb91c:  2020               ldb rh0,@rr2
bb91e:  2020               ldb rh0,@rr2
bb920:  2020               ldb rh0,@rr2
bb922:  2020               ldb rh0,@rr2
bb924:  2020               ldb rh0,@rr2
bb926:  2020               ldb rh0,@rr2
bb928:  2020               ldb rh0,@rr2
bb92a:  2020               ldb rh0,@rr2
bb92c:  55534520           popl <<69>>0x0020(r3),@rr5
bb930:  54484520           ldl rr8,<<69>>0x0020(r4)
bb934:  4d41534b2054       cp <<83>>0x004b(r4),#0x2054
bb93a:  4f2043484543       ext4f #0x4f204348,<<69>>0x0043
bb940:  4b205448           cp r0,<<84>>0x0048(r2)
bb944:  41542044           add r4,<<32>>0x0044(r5)
bb948:  4953544f           xor r3,<<84>>0x004f(r5)
bb94c:  5254494f           subl rr4,<<73>>0x004f(r5)
bb950:  4e2020202020       ext4e #0x4e202020,<<32>>0x0020
bb956:  2020               ldb rh0,@rr2
bb958:  2020               ldb rh0,@rr2
bb95a:  2020               ldb rh0,@rr2
bb95c:  2020               ldb rh0,@rr2
bb95e:  2020               ldb rh0,@rr2
bb960:  2020               ldb rh0,@rr2
bb962:  2020               ldb rh0,@rr2
bb964:  2020               ldb rh0,@rr2
bb966:  2020               ldb rh0,@rr2
bb968:  2020               ldb rh0,@rr2
bb96a:  2020               ldb rh0,@rr2
bb96c:  2020               ldb rh0,@rr2
bb96e:  2020               ldb rh0,@rr2
bb970:  2020               ldb rh0,@rr2
bb972:  2020               ldb rh0,@rr2
bb974:  2020               ldb rh0,@rr2
bb976:  2020               ldb rh0,@rr2
bb978:  2020               ldb rh0,@rr2
bb97a:  2020               ldb rh0,@rr2
bb97c:  44594e41           orb rl1,<<78>>0x0041(r5)
bb980:  4d49               .word #0x4d49
bb982:  43204449           sub r0,<<68>>0x0049(r2)
bb986:  53544f52           push @rr5,<<79>>0x0052(r4)
bb98a:  54494f4e           ldl rr9,<<79>>0x004e(r4)
bb98e:  2054               ldb rh4,@rr5
bb990:  45535420           or r3,<<84>>0x0020(r5)
bb994:  2020               ldb rh0,@rr2
bb996:  2020               ldb rh0,@rr2
bb998:  2020               ldb rh0,@rr2
bb99a:  2020               ldb rh0,@rr2
bb99c:  2020               ldb rh0,@rr2
bb99e:  2020               ldb rh0,@rr2
bb9a0:  2020               ldb rh0,@rr2
bb9a2:  2020               ldb rh0,@rr2
bb9a4:  2020               ldb rh0,@rr2
bb9a6:  2020               ldb rh0,@rr2
bb9a8:  2020               ldb rh0,@rr2
bb9aa:  2020               ldb rh0,@rr2
bb9ac:  2020               ldb rh0,@rr2
bb9ae:  2020               ldb rh0,@rr2
bb9b0:  2020               ldb rh0,@rr2
bb9b2:  2020               ldb rh0,@rr2
bb9b4:  2020               ldb rh0,@rr2
bb9b6:  2020               ldb rh0,@rr2
bb9b8:  2020               ldb rh0,@rr2
bb9ba:  2020               ldb rh0,@rr2
bb9bc:  2020               ldb rh0,@rr2
bb9be:  2020               ldb rh0,@rr2
bb9c0:  2020               ldb rh0,@rr2
bb9c2:  2020               ldb rh0,@rr2
bb9c4:  2020               ldb rh0,@rr2
bb9c6:  2020               ldb rh0,@rr2
bb9c8:  2020               ldb rh0,@rr2
bb9ca:  2020               ldb rh0,@rr2
bb9cc:  48495420           xorb rl1,<<84>>0x0020(r4)
bb9d0:  2245               resb @rr4,#5
bb9d2:  4e5445522220       ext4e #0x4e544552,<<34>>0x0020
bb9d8:  544f2052           ldl rr15,<<32>>0x0052(r4)
bb9dc:  45545552           or r4,<<85>>0x0052(r5)
bb9e0:  4e2020202020       ext4e #0x4e202020,<<32>>0x0020
bb9e6:  2020               ldb rh0,@rr2
bb9e8:  2020               ldb rh0,@rr2
bb9ea:  2020               ldb rh0,@rr2
bb9ec:  2020               ldb rh0,@rr2
bb9ee:  2020               ldb rh0,@rr2
bb9f0:  2020               ldb rh0,@rr2
bb9f2:  2020               ldb rh0,@rr2
bb9f4:  2020               ldb rh0,@rr2
bb9f6:  2020               ldb rh0,@rr2
bb9f8:  2020               ldb rh0,@rr2
bb9fa:  2020               ldb rh0,@rr2
bb9fc:  2020               ldb rh0,@rr2
bb9fe:  2020               ldb rh0,@rr2
bba00:  2020               ldb rh0,@rr2
bba02:  2020               ldb rh0,@rr2
bba04:  2020               ldb rh0,@rr2
bba06:  2020               ldb rh0,@rr2
bba08:  2020               ldb rh0,@rr2
bba0a:  2020               ldb rh0,@rr2
bba0c:  2020               ldb rh0,@rr2
bba0e:  2020               ldb rh0,@rr2
bba10:  2020               ldb rh0,@rr2
bba12:  2020               ldb rh0,@rr2
bba14:  2020               ldb rh0,@rr2
bba16:  2020               ldb rh0,@rr2
bba18:  2020               ldb rh0,@rr2
bba1a:  2020               ldb rh0,@rr2
bba1c:  54484520           ldl rr8,<<69>>0x0020(r4)
bba20:  2254               resb @rr5,#4
bba22:  4543484e           or r3,<<72>>0x004e(r4)
bba26:  4943414c           xor r3,<<65>>0x004c(r4)
bba2a:  2053               ldb rh3,@rr5
bba2c:  50454349           cpl rr5,<<67>>0x0049(r4)
bba30:  46494341           andb rl1,<<67>>0x0041(r4)
bba34:  54494f4e           ldl rr9,<<79>>0x004e(r4)
bba38:  222e               resb @rr2,#14
bba3a:  2020               ldb rh0,@rr2
bba3c:  2020               ldb rh0,@rr2
bba3e:  2020               ldb rh0,@rr2
bba40:  2020               ldb rh0,@rr2
bba42:  2020               ldb rh0,@rr2
bba44:  2020               ldb rh0,@rr2
bba46:  2020               ldb rh0,@rr2
bba48:  2020               ldb rh0,@rr2
bba4a:  2020               ldb rh0,@rr2
bba4c:  2020               ldb rh0,@rr2
bba4e:  2020               ldb rh0,@rr2
bba50:  2020               ldb rh0,@rr2
bba52:  2020               ldb rh0,@rr2
bba54:  2020               ldb rh0,@rr2
bba56:  2020               ldb rh0,@rr2
bba58:  2020               ldb rh0,@rr2
bba5a:  2020               ldb rh0,@rr2
bba5c:  2020               ldb rh0,@rr2
bba5e:  2020               ldb rh0,@rr2
bba60:  2020               ldb rh0,@rr2
bba62:  2020               ldb rh0,@rr2
bba64:  2020               ldb rh0,@rr2
bba66:  2020               ldb rh0,@rr2
bba68:  2020               ldb rh0,@rr2
bba6a:  2020               ldb rh0,@rr2
bba6c:  544f4c45           ldl rr15,<<76>>0x0045(r4)
bba70:  52414e43           subl rr1,<<78>>0x0043(r4)
bba74:  45532c20           or r3,<<44>>0x0020(r5)
bba78:  41444a55           add r4,<<74>>0x0055(r4)
bba7c:  53542020           push @rr5,<<32>>0x0020(r4)
bba80:  41532020           add r3,<<32>>0x0020(r5)
bba84:  44455343           orb rh5,<<83>>0x0043(r4)
bba88:  52494245           subl rr9,<<66>>0x0045(r4)
bba8c:  4420494e           orb rh0,<<73>>0x004e(r2)
bba90:  2020               ldb rh0,@rr2
bba92:  2020               ldb rh0,@rr2
bba94:  2020               ldb rh0,@rr2
bba96:  2020               ldb rh0,@rr2
bba98:  2020               ldb rh0,@rr2
bba9a:  2020               ldb rh0,@rr2
bba9c:  2020               ldb rh0,@rr2
bba9e:  2020               ldb rh0,@rr2
bbaa0:  2020               ldb rh0,@rr2
bbaa2:  2020               ldb rh0,@rr2
bbaa4:  2020               ldb rh0,@rr2
bbaa6:  2020               ldb rh0,@rr2
bbaa8:  2020               ldb rh0,@rr2
bbaaa:  2020               ldb rh0,@rr2
bbaac:  2020               ldb rh0,@rr2
bbaae:  2020               ldb rh0,@rr2
bbab0:  2020               ldb rh0,@rr2
bbab2:  2020               ldb rh0,@rr2
bbab4:  2020               ldb rh0,@rr2
bbab6:  2020               ldb rh0,@rr2
bbab8:  2020               ldb rh0,@rr2
bbaba:  2020               ldb rh0,@rr2
bbabc:  4f5554534944       ext4f #0x4f555453,<<73>>0x0044
bbac2:  45205448           or r0,<<84>>0x0048(r2)
bbac6:  45202254           or r0,<<34>>0x0054(r2)
bbaca:  4543484e           or r3,<<72>>0x004e(r4)
bbace:  4943414c           xor r3,<<65>>0x004c(r4)
bbad2:  2053               ldb rh3,@rr5
bbad4:  50454349           cpl rr5,<<67>>0x0049(r4)
bbad8:  46494341           andb rl1,<<67>>0x0041(r4)
bbadc:  54494f4e           ldl rr9,<<79>>0x004e(r4)
bbae0:  2220               resb @rr2,#0
bbae2:  2020               ldb rh0,@rr2
bbae4:  2020               ldb rh0,@rr2
bbae6:  2020               ldb rh0,@rr2
bbae8:  2020               ldb rh0,@rr2
bbaea:  2020               ldb rh0,@rr2
bbaec:  2020               ldb rh0,@rr2
bbaee:  2020               ldb rh0,@rr2
bbaf0:  2020               ldb rh0,@rr2
bbaf2:  2020               ldb rh0,@rr2
bbaf4:  2020               ldb rh0,@rr2
bbaf6:  2020               ldb rh0,@rr2
bbaf8:  2020               ldb rh0,@rr2
bbafa:  2020               ldb rh0,@rr2
bbafc:  2020               ldb rh0,@rr2
bbafe:  2020               ldb rh0,@rr2
bbb00:  2020               ldb rh0,@rr2
bbb02:  2020               ldb rh0,@rr2
bbb04:  2020               ldb rh0,@rr2
bbb06:  2020               ldb rh0,@rr2
bbb08:  2020               ldb rh0,@rr2
bbb0a:  2020               ldb rh0,@rr2
bbb0c:  49462020           xor r6,<<32>>0x0020(r4)
bbb10:  54484520           ldl rr8,<<69>>0x0020(r4)
bbb14:  2044               ldb rh4,@rr4
bbb16:  45475245           or r7,<<82>>0x0045(r4)
bbb1a:  45204f46           or r0,<<79>>0x0046(r2)
bbb1e:  2057               ldb rh7,@rr5
bbb20:  48495445           xorb rl1,<<84>>0x0045(r4)
bbb24:  4e4553532020       ext4e #0x4e455353,<<32>>0x0020
bbb2a:  46414c4c           andb rh1,<<76>>0x004c(r4)
bbb2e:  53202020           push @rr2,<<32>>0x0020
bbb32:  2020               ldb rh0,@rr2
bbb34:  2020               ldb rh0,@rr2
bbb36:  2020               ldb rh0,@rr2
bbb38:  2020               ldb rh0,@rr2
bbb3a:  2020               ldb rh0,@rr2
bbb3c:  2020               ldb rh0,@rr2
bbb3e:  2020               ldb rh0,@rr2
bbb40:  2020               ldb rh0,@rr2
bbb42:  2020               ldb rh0,@rr2
bbb44:  2020               ldb rh0,@rr2
bbb46:  2020               ldb rh0,@rr2
bbb48:  2020               ldb rh0,@rr2
bbb4a:  2020               ldb rh0,@rr2
bbb4c:  2020               ldb rh0,@rr2
bbb4e:  2020               ldb rh0,@rr2
bbb50:  2020               ldb rh0,@rr2
bbb52:  2020               ldb rh0,@rr2
bbb54:  2020               ldb rh0,@rr2
bbb56:  2020               ldb rh0,@rr2
bbb58:  2020               ldb rh0,@rr2
bbb5a:  2020               ldb rh0,@rr2
bbb5c:  54484520           ldl rr8,<<69>>0x0020(r4)
bbb60:  42524947           subb rh2,<<73>>0x0047(r5)
bbb64:  48544e45           xorb rh4,<<78>>0x0045(r5)
bbb68:  53532057           push @rr5,<<32>>0x0057(r3)
bbb6c:  49544820           xor r4,<<72>>0x0020(r5)
bbb70:  52455645           subl rr5,<<86>>0x0045(r4)
bbb74:  52534520           subl rr3,<<69>>0x0020(r5)
bbb78:  41545452           add r4,<<84>>0x0052(r5)
bbb7c:  49425554           xor r2,<<85>>0x0054(r4)
bbb80:  452e2020           or r14,<<32>>0x0020(r2)
bbb84:  2020               ldb rh0,@rr2
bbb86:  2020               ldb rh0,@rr2
bbb88:  2020               ldb rh0,@rr2
bbb8a:  2020               ldb rh0,@rr2
bbb8c:  2020               ldb rh0,@rr2
bbb8e:  2020               ldb rh0,@rr2
bbb90:  2020               ldb rh0,@rr2
bbb92:  2020               ldb rh0,@rr2
bbb94:  2020               ldb rh0,@rr2
bbb96:  2020               ldb rh0,@rr2
bbb98:  2020               ldb rh0,@rr2
bbb9a:  2020               ldb rh0,@rr2
bbb9c:  2020               ldb rh0,@rr2
bbb9e:  2020               ldb rh0,@rr2
bbba0:  2020               ldb rh0,@rr2
bbba2:  2020               ldb rh0,@rr2
bbba4:  2020               ldb rh0,@rr2
bbba6:  2020               ldb rh0,@rr2
bbba8:  2020               ldb rh0,@rr2
bbbaa:  2020               ldb rh0,@rr2
bbbac:  2820               incb @rr2,#1
bbbae:  2049               ldb rl1,@rr4
bbbb0:  2e45               ldb @rr4,rh5
bbbb2:  2e20               ldb @rr2,rh0
bbbb4:  2050               ldb rh0,@rr5
bbbb6:  484f544f           xorb rl7,<<84>>0x004f(r4)
bbbba:  4d4554455220       ld <<84>>0x0045(r4),#0x5220
bbbc0:  2920               inc @rr2,#1
bbbc2:  2020               ldb rh0,@rr2
bbbc4:  544f2020           ldl rr15,<<32>>0x0020(r4)
bbbc8:  2052               ldb rh2,@rr5
bbbca:  45434f52           or r3,<<79>>0x0052(r4)
bbbce:  44202020           orb rh0,<<32>>0x0020(r2)
bbbd2:  2020               ldb rh0,@rr2
bbbd4:  2020               ldb rh0,@rr2
bbbd6:  2020               ldb rh0,@rr2
bbbd8:  2020               ldb rh0,@rr2
bbbda:  2020               ldb rh0,@rr2
bbbdc:  2020               ldb rh0,@rr2
bbbde:  2020               ldb rh0,@rr2
bbbe0:  2020               ldb rh0,@rr2
bbbe2:  2020               ldb rh0,@rr2
bbbe4:  2020               ldb rh0,@rr2
bbbe6:  2020               ldb rh0,@rr2
bbbe8:  2020               ldb rh0,@rr2
bbbea:  2020               ldb rh0,@rr2
bbbec:  2020               ldb rh0,@rr2
bbbee:  2020               ldb rh0,@rr2
bbbf0:  2020               ldb rh0,@rr2
bbbf2:  2020               ldb rh0,@rr2
bbbf4:  2020               ldb rh0,@rr2
bbbf6:  2020               ldb rh0,@rr2
bbbf8:  2020               ldb rh0,@rr2
bbbfa:  2020               ldb rh0,@rr2
bbbfc:  55534520           popl <<69>>0x0020(r3),@rr5
bbc00:  2020               ldb rh0,@rr2
bbc02:  54484520           ldl rr8,<<69>>0x0020(r4)
bbc06:  2020               ldb rh0,@rr2
bbc08:  41505052           add r0,<<80>>0x0052(r5)
bbc0c:  4f5052494154       ext4f #0x4f505249,<<65>>0x0054
bbc12:  45202020           or r0,<<32>>0x0020(r2)
bbc16:  41505041           add r0,<<80>>0x0041(r5)
bbc1a:  52415455           subl rr1,<<84>>0x0055(r4)
bbc1e:  53202020           push @rr2,<<32>>0x0020
bbc22:  2020               ldb rh0,@rr2
bbc24:  2020               ldb rh0,@rr2
bbc26:  2020               ldb rh0,@rr2
bbc28:  2020               ldb rh0,@rr2
bbc2a:  2020               ldb rh0,@rr2
bbc2c:  2020               ldb rh0,@rr2
bbc2e:  2020               ldb rh0,@rr2
bbc30:  2020               ldb rh0,@rr2
bbc32:  2020               ldb rh0,@rr2
bbc34:  2020               ldb rh0,@rr2
bbc36:  2020               ldb rh0,@rr2
bbc38:  2020               ldb rh0,@rr2
bbc3a:  2020               ldb rh0,@rr2
bbc3c:  2020               ldb rh0,@rr2
bbc3e:  2020               ldb rh0,@rr2
bbc40:  2020               ldb rh0,@rr2
bbc42:  2020               ldb rh0,@rr2
bbc44:  2020               ldb rh0,@rr2
bbc46:  2020               ldb rh0,@rr2
bbc48:  2020               ldb rh0,@rr2
bbc4a:  2020               ldb rh0,@rr2
bbc4c:  50484f54           cpl rr8,<<79>>0x0054(r4)
bbc50:  4f4d45545249       ext4f #0x4f4d4554,<<82>>0x0049
bbc56:  43205445           sub r0,<<84>>0x0045(r2)
bbc5a:  53542020           push @rr5,<<32>>0x0020(r4)
bbc5e:  2020               ldb rh0,@rr2
bbc60:  2020               ldb rh0,@rr2
bbc62:  2020               ldb rh0,@rr2
bbc64:  2020               ldb rh0,@rr2
bbc66:  2020               ldb rh0,@rr2
bbc68:  2020               ldb rh0,@rr2
bbc6a:  2020               ldb rh0,@rr2
bbc6c:  2020               ldb rh0,@rr2
bbc6e:  2020               ldb rh0,@rr2
bbc70:  2020               ldb rh0,@rr2
bbc72:  2020               ldb rh0,@rr2
bbc74:  2020               ldb rh0,@rr2
bbc76:  2020               ldb rh0,@rr2
bbc78:  2020               ldb rh0,@rr2
bbc7a:  2020               ldb rh0,@rr2
bbc7c:  2020               ldb rh0,@rr2
bbc7e:  2020               ldb rh0,@rr2
bbc80:  2020               ldb rh0,@rr2
bbc82:  2020               ldb rh0,@rr2
bbc84:  2020               ldb rh0,@rr2
bbc86:  2020               ldb rh0,@rr2
bbc88:  2020               ldb rh0,@rr2
bbc8a:  2020               ldb rh0,@rr2
bbc8c:  2020               ldb rh0,@rr2
bbc8e:  2020               ldb rh0,@rr2
bbc90:  2020               ldb rh0,@rr2
bbc92:  2020               ldb rh0,@rr2
bbc94:  2020               ldb rh0,@rr2
bbc96:  2020               ldb rh0,@rr2
bbc98:  2020               ldb rh0,@rr2
bbc9a:  2020               ldb rh0,@rr2
bbc9c:  48495420           xorb rl1,<<84>>0x0020(r4)
bbca0:  2245               resb @rr4,#5
bbca2:  4e5445522220       ext4e #0x4e544552,<<34>>0x0020
bbca8:  544f2052           ldl rr15,<<32>>0x0052(r4)
bbcac:  45545552           or r4,<<85>>0x0052(r5)
bbcb0:  4e2020202020       ext4e #0x4e202020,<<32>>0x0020
bbcb6:  2020               ldb rh0,@rr2
bbcb8:  2020               ldb rh0,@rr2
bbcba:  2020               ldb rh0,@rr2
bbcbc:  2020               ldb rh0,@rr2
bbcbe:  2020               ldb rh0,@rr2
bbcc0:  2020               ldb rh0,@rr2
bbcc2:  2020               ldb rh0,@rr2
bbcc4:  2020               ldb rh0,@rr2
bbcc6:  2020               ldb rh0,@rr2
bbcc8:  2020               ldb rh0,@rr2
bbcca:  2020               ldb rh0,@rr2
bbccc:  2020               ldb rh0,@rr2
bbcce:  2020               ldb rh0,@rr2
bbcd0:  2020               ldb rh0,@rr2
bbcd2:  2020               ldb rh0,@rr2
bbcd4:  2020               ldb rh0,@rr2
bbcd6:  2020               ldb rh0,@rr2
bbcd8:  2020               ldb rh0,@rr2
bbcda:  2020               ldb rh0,@rr2
bbcdc:  2020               ldb rh0,@rr2
bbcde:  2020               ldb rh0,@rr2
bbce0:  2020               ldb rh0,@rr2
bbce2:  2020               ldb rh0,@rr2
bbce4:  2020               ldb rh0,@rr2
bbce6:  2020               ldb rh0,@rr2
bbce8:  2020               ldb rh0,@rr2
bbcea:  2020               ldb rh0,@rr2
bbcec:  57533638           pop <<54>>0x0038(r3),@rr5
bbcf0:  352f4d20           ldl rr15,rr2(#0x4d20)
bbcf4:  2020               ldb rh0,@rr2
bbcf6:  2220               resb @rr2,#0
bbcf8:  2020               ldb rh0,@rr2
bbcfa:  2022               ldb rh2,@rr2
bbcfc:  2020               ldb rh0,@rr2
bbcfe:  2022               ldb rh2,@rr2
bbd00:  2031               ldb rh1,@rr3
bbd02:  392f               .word #0x392f
bbd04:  31372020           ld r7,rr3(#0x2020)
bbd08:  31342f31           ld r4,rr3(#0x2f31)
bbd0c:  33202031           ld rr2(#0x2031),r0
bbd10:  382f               .word #0x382f
bbd12:  31362020           ld r6,rr3(#0x2020)
bbd16:  2020               ldb rh0,@rr2
bbd18:  2020               ldb rh0,@rr2
bbd1a:  2020               ldb rh0,@rr2
bbd1c:  2020               ldb rh0,@rr2
bbd1e:  2020               ldb rh0,@rr2
bbd20:  2020               ldb rh0,@rr2
bbd22:  2020               ldb rh0,@rr2
bbd24:  2020               ldb rh0,@rr2
bbd26:  2020               ldb rh0,@rr2
bbd28:  2020               ldb rh0,@rr2
bbd2a:  2020               ldb rh0,@rr2
bbd2c:  2020               ldb rh0,@rr2
bbd2e:  2020               ldb rh0,@rr2
bbd30:  2020               ldb rh0,@rr2
bbd32:  2020               ldb rh0,@rr2
bbd34:  2020               ldb rh0,@rr2
bbd36:  2020               ldb rh0,@rr2
bbd38:  2020               ldb rh0,@rr2
bbd3a:  2020               ldb rh0,@rr2
bbd3c:  2031               ldb rh1,@rr3
bbd3e:  35224720           ldl rr2,rr2(#0x4720)
bbd42:  2022               ldb rh2,@rr2
bbd44:  2020               ldb rh0,@rr2
bbd46:  2220               resb @rr2,#0
bbd48:  2020               ldb rh0,@rr2
bbd4a:  2022               ldb rh2,@rr2
bbd4c:  2020               ldb rh0,@rr2
bbd4e:  2022               ldb rh2,@rr2
bbd50:  2032               ldb rh2,@rr3
bbd52:  332f3138           ld rr2(#0x3138),r15
bbd56:  2020               ldb rh0,@rr2
bbd58:  2020               ldb rh0,@rr2
bbd5a:  2020               ldb rh0,@rr2
bbd5c:  2020               ldb rh0,@rr2
bbd5e:  2020               ldb rh0,@rr2
bbd60:  2020               ldb rh0,@rr2
bbd62:  2020               ldb rh0,@rr2
bbd64:  2020               ldb rh0,@rr2
bbd66:  2020               ldb rh0,@rr2
bbd68:  2020               ldb rh0,@rr2
bbd6a:  2020               ldb rh0,@rr2
bbd6c:  2020               ldb rh0,@rr2
bbd6e:  2020               ldb rh0,@rr2
bbd70:  2020               ldb rh0,@rr2
bbd72:  2020               ldb rh0,@rr2
bbd74:  2020               ldb rh0,@rr2
bbd76:  2020               ldb rh0,@rr2
bbd78:  2020               ldb rh0,@rr2
bbd7a:  2020               ldb rh0,@rr2
bbd7c:  2020               ldb rh0,@rr2
bbd7e:  2020               ldb rh0,@rr2
bbd80:  2020               ldb rh0,@rr2
bbd82:  2020               ldb rh0,@rr2
bbd84:  2020               ldb rh0,@rr2
bbd86:  2020               ldb rh0,@rr2
bbd88:  2020               ldb rh0,@rr2
bbd8a:  2020               ldb rh0,@rr2
bbd8c:  2031               ldb rh1,@rr3
bbd8e:  35222020           ldl rr2,rr2(#0x2020)
bbd92:  2022               ldb rh2,@rr2
bbd94:  2020               ldb rh0,@rr2
bbd96:  2220               resb @rr2,#0
bbd98:  2020               ldb rh0,@rr2
bbd9a:  2022               ldb rh2,@rr2
bbd9c:  2020               ldb rh0,@rr2
bbd9e:  2022               ldb rh2,@rr2
bbda0:  2020               ldb rh0,@rr2
bbda2:  2020               ldb rh0,@rr2
bbda4:  2020               ldb rh0,@rr2
bbda6:  2020               ldb rh0,@rr2
bbda8:  2020               ldb rh0,@rr2
bbdaa:  2020               ldb rh0,@rr2
bbdac:  2020               ldb rh0,@rr2
bbdae:  2032               ldb rh2,@rr3
bbdb0:  332f3138           ld rr2(#0x3138),r15
bbdb4:  2020               ldb rh0,@rr2
bbdb6:  2020               ldb rh0,@rr2
bbdb8:  2020               ldb rh0,@rr2
bbdba:  2020               ldb rh0,@rr2
bbdbc:  2020               ldb rh0,@rr2
bbdbe:  2020               ldb rh0,@rr2
bbdc0:  2020               ldb rh0,@rr2
bbdc2:  2020               ldb rh0,@rr2
bbdc4:  2020               ldb rh0,@rr2
bbdc6:  2020               ldb rh0,@rr2
bbdc8:  2020               ldb rh0,@rr2
bbdca:  2020               ldb rh0,@rr2
bbdcc:  2020               ldb rh0,@rr2
bbdce:  2020               ldb rh0,@rr2
bbdd0:  2020               ldb rh0,@rr2
bbdd2:  2020               ldb rh0,@rr2
bbdd4:  2020               ldb rh0,@rr2
bbdd6:  2020               ldb rh0,@rr2
bbdd8:  2020               ldb rh0,@rr2
bbdda:  2020               ldb rh0,@rr2
bbddc:  2039               ldb rl1,@rr3
bbdde:  2220               resb @rr2,#0
bbde0:  2020               ldb rh0,@rr2
bbde2:  2022               ldb rh2,@rr2
bbde4:  2035               ldb rh5,@rr3
bbde6:  32302f32           ldb rr3(#0x2f32),rh0
bbdea:  30303020           ldb rh0,rr3(#0x3020)
bbdee:  2022               ldb rh2,@rr2
bbdf0:  2020               ldb rh0,@rr2
bbdf2:  2020               ldb rh0,@rr2
bbdf4:  2020               ldb rh0,@rr2
bbdf6:  2020               ldb rh0,@rr2
bbdf8:  2020               ldb rh0,@rr2
bbdfa:  2020               ldb rh0,@rr2
bbdfc:  2020               ldb rh0,@rr2
bbdfe:  2033               ldb rh3,@rr3
bbe00:  332f3138           ld rr2(#0x3138),r15
bbe04:  2020               ldb rh0,@rr2
bbe06:  2020               ldb rh0,@rr2
bbe08:  2020               ldb rh0,@rr2
bbe0a:  2020               ldb rh0,@rr2
bbe0c:  2020               ldb rh0,@rr2
bbe0e:  2020               ldb rh0,@rr2
bbe10:  2020               ldb rh0,@rr2
bbe12:  2020               ldb rh0,@rr2
bbe14:  2020               ldb rh0,@rr2
bbe16:  2020               ldb rh0,@rr2
bbe18:  2020               ldb rh0,@rr2
bbe1a:  2020               ldb rh0,@rr2
bbe1c:  2020               ldb rh0,@rr2
bbe1e:  2020               ldb rh0,@rr2
bbe20:  2020               ldb rh0,@rr2
bbe22:  2020               ldb rh0,@rr2
bbe24:  2020               ldb rh0,@rr2
bbe26:  2020               ldb rh0,@rr2
bbe28:  2020               ldb rh0,@rr2
bbe2a:  2020               ldb rh0,@rr2
bbe2c:  2035               ldb rh5,@rr3
bbe2e:  2220               resb @rr2,#0
bbe30:  2020               ldb rh0,@rr2
bbe32:  2063               ldb rh3,@rr6
bbe34:  72742020           ldb rr7(r0),rh4
bbe38:  2031               ldb rh1,@rr3
bbe3a:  30303020           ldb rh0,rr3(#0x3020)
bbe3e:  4e4954532020       ext4e #0x4e495453,<<32>>0x0020
bbe44:  2020               ldb rh0,@rr2
bbe46:  2020               ldb rh0,@rr2
bbe48:  2020               ldb rh0,@rr2
bbe4a:  2020               ldb rh0,@rr2
bbe4c:  2020               ldb rh0,@rr2
bbe4e:  2020               ldb rh0,@rr2
bbe50:  2032               ldb rh2,@rr3
bbe52:  30202020           ldb rh0,rr2(#0x2020)
bbe56:  2020               ldb rh0,@rr2
bbe58:  2020               ldb rh0,@rr2
bbe5a:  2020               ldb rh0,@rr2
bbe5c:  2020               ldb rh0,@rr2
bbe5e:  2020               ldb rh0,@rr2
bbe60:  2020               ldb rh0,@rr2
bbe62:  2020               ldb rh0,@rr2
bbe64:  2020               ldb rh0,@rr2
bbe66:  2020               ldb rh0,@rr2
bbe68:  2020               ldb rh0,@rr2
bbe6a:  2020               ldb rh0,@rr2
bbe6c:  2020               ldb rh0,@rr2
bbe6e:  2020               ldb rh0,@rr2
bbe70:  2020               ldb rh0,@rr2
bbe72:  2020               ldb rh0,@rr2
bbe74:  2020               ldb rh0,@rr2
bbe76:  2020               ldb rh0,@rr2
bbe78:  2020               ldb rh0,@rr2
bbe7a:  2020               ldb rh0,@rr2
bbe7c:  56494445           addl rr9,<<68>>0x0045(r4)
bbe80:  4f2050484f53       ext4f #0x4f205048,<<79>>0x0053
bbe86:  50484f52           cpl rr8,<<79>>0x0052(r4)
bbe8a:  4f5553202020       ext4f #0x4f555320,<<32>>0x0020
bbe90:  2047               ldb rh7,@rr4
bbe92:  5245454e           subl rr5,<<69>>0x004e(r4)
bbe96:  2020               ldb rh0,@rr2
bbe98:  414d4245           add r13,<<66>>0x0045(r4)
bbe9c:  52202057           subl rr0,<<32>>0x0057(r2)
bbea0:  48495445           xorb rl1,<<84>>0x0045(r4)
bbea4:  2020               ldb rh0,@rr2
bbea6:  2020               ldb rh0,@rr2
bbea8:  2020               ldb rh0,@rr2
bbeaa:  2020               ldb rh0,@rr2
bbeac:  2020               ldb rh0,@rr2
bbeae:  2020               ldb rh0,@rr2
bbeb0:  2020               ldb rh0,@rr2
bbeb2:  2020               ldb rh0,@rr2
bbeb4:  2020               ldb rh0,@rr2
bbeb6:  2020               ldb rh0,@rr2
bbeb8:  2020               ldb rh0,@rr2
bbeba:  2020               ldb rh0,@rr2
bbebc:  2020               ldb rh0,@rr2
bbebe:  2020               ldb rh0,@rr2
bbec0:  2020               ldb rh0,@rr2
bbec2:  2020               ldb rh0,@rr2
bbec4:  2020               ldb rh0,@rr2
bbec6:  2020               ldb rh0,@rr2
bbec8:  2020               ldb rh0,@rr2
bbeca:  2020               ldb rh0,@rr2
bbecc:  53504f54           push @rr5,<<79>>0x0054
bbed0:  204c               ldb rl4,@rr4
bbed2:  554d494e           popl <<73>>0x004e(r13),@rr4
bbed6:  4f5349545920       ext4f #0x4f534954,<<89>>0x0020
bbedc:  41542054           add r4,<<32>>0x0054(r5)
bbee0:  48452044           xorb rh5,<<32>>0x0044(r4)
bbee4:  4953504c           xor r3,<<80>>0x004c(r5)
bbee8:  41592043           add r9,<<32>>0x0043(r5)
bbeec:  454e5445           or r14,<<84>>0x0045(r4)
bbef0:  52202020           subl rr0,<<32>>0x0020(r2)
bbef4:  2020               ldb rh0,@rr2
bbef6:  2020               ldb rh0,@rr2
bbef8:  2020               ldb rh0,@rr2
bbefa:  2020               ldb rh0,@rr2
bbefc:  2020               ldb rh0,@rr2
bbefe:  2020               ldb rh0,@rr2
bbf00:  2020               ldb rh0,@rr2
bbf02:  2020               ldb rh0,@rr2
bbf04:  2020               ldb rh0,@rr2
bbf06:  2020               ldb rh0,@rr2
bbf08:  2020               ldb rh0,@rr2
bbf0a:  2020               ldb rh0,@rr2
bbf0c:  2020               ldb rh0,@rr2
bbf0e:  2020               ldb rh0,@rr2
bbf10:  2020               ldb rh0,@rr2
bbf12:  2020               ldb rh0,@rr2
bbf14:  2020               ldb rh0,@rr2
bbf16:  2020               ldb rh0,@rr2
bbf18:  2020               ldb rh0,@rr2
bbf1a:  2020               ldb rh0,@rr2
bbf1c:  414e4420           add r14,<<68>>0x0020(r4)
bbf20:  4c554d494e41       ldb <<77>>0x0049(r5),#0x41
bbf26:  4e4345205052       ext4e #0x4e434520,<<80>>0x0052
bbf2c:  4f4245204a36       ext4f #0x4f424520,<<74>>0x0036
bbf32:  35303320           ldl rr0,rr3(#0x3320)
bbf36:  41444a55           add r4,<<74>>0x0055(r4)
bbf3a:  53542054           push @rr5,<<32>>0x0054(r4)
bbf3e:  48452020           xorb rh5,<<32>>0x0020(r4)
bbf42:  2020               ldb rh0,@rr2
bbf44:  2020               ldb rh0,@rr2
bbf46:  2020               ldb rh0,@rr2
bbf48:  2020               ldb rh0,@rr2
bbf4a:  2020               ldb rh0,@rr2
bbf4c:  2020               ldb rh0,@rr2
bbf4e:  2020               ldb rh0,@rr2
bbf50:  2020               ldb rh0,@rr2
bbf52:  2020               ldb rh0,@rr2
bbf54:  2020               ldb rh0,@rr2
bbf56:  2020               ldb rh0,@rr2
bbf58:  2020               ldb rh0,@rr2
bbf5a:  2020               ldb rh0,@rr2
bbf5c:  2020               ldb rh0,@rr2
bbf5e:  2020               ldb rh0,@rr2
bbf60:  2020               ldb rh0,@rr2
bbf62:  2020               ldb rh0,@rr2
bbf64:  2020               ldb rh0,@rr2
bbf66:  2020               ldb rh0,@rr2
bbf68:  2020               ldb rh0,@rr2
bbf6a:  2020               ldb rh0,@rr2
bbf6c:  5553494e           popl <<73>>0x004e(r3),@rr5
bbf70:  47205448           and r0,<<84>>0x0048(r2)
bbf74:  45205048           or r0,<<80>>0x0048(r2)
bbf78:  4f544f4d4554       ext4f #0x4f544f4d,<<69>>0x0054
bbf7e:  45522022           or r2,<<32>>0x0022(r5)
bbf82:  54454b54           ldl rr5,<<75>>0x0054(r4)
bbf86:  524f4e49           subl rr15,<<78>>0x0049(r4)
bbf8a:  58204a31           multl rq0,<<74>>0x0031(r2)
bbf8e:  3622               .word #0x3622
bbf90:  2020               ldb rh0,@rr2
bbf92:  2020               ldb rh0,@rr2
bbf94:  2020               ldb rh0,@rr2
bbf96:  2020               ldb rh0,@rr2
bbf98:  2020               ldb rh0,@rr2
bbf9a:  2020               ldb rh0,@rr2
bbf9c:  2020               ldb rh0,@rr2
bbf9e:  2020               ldb rh0,@rr2
bbfa0:  2020               ldb rh0,@rr2
bbfa2:  2020               ldb rh0,@rr2
bbfa4:  2020               ldb rh0,@rr2
bbfa6:  2020               ldb rh0,@rr2
bbfa8:  2020               ldb rh0,@rr2
bbfaa:  2020               ldb rh0,@rr2
bbfac:  2020               ldb rh0,@rr2
bbfae:  2020               ldb rh0,@rr2
bbfb0:  2020               ldb rh0,@rr2
bbfb2:  2020               ldb rh0,@rr2
bbfb4:  2020               ldb rh0,@rr2
bbfb6:  2020               ldb rh0,@rr2
bbfb8:  2020               ldb rh0,@rr2
bbfba:  2020               ldb rh0,@rr2
bbfbc:  4c554d494e4f       ldb <<77>>0x0049(r5),#0x4f
bbfc2:  53495459           push @rr4,<<84>>0x0059(r9)
bbfc6:  2054               ldb rh4,@rr5
bbfc8:  45535420           or r3,<<84>>0x0020(r5)
bbfcc:  2020               ldb rh0,@rr2
bbfce:  2020               ldb rh0,@rr2
bbfd0:  2020               ldb rh0,@rr2
bbfd2:  2020               ldb rh0,@rr2
bbfd4:  2020               ldb rh0,@rr2
bbfd6:  2020               ldb rh0,@rr2
bbfd8:  2020               ldb rh0,@rr2
bbfda:  2020               ldb rh0,@rr2
bbfdc:  2020               ldb rh0,@rr2
bbfde:  2020               ldb rh0,@rr2
bbfe0:  2020               ldb rh0,@rr2
bbfe2:  2020               ldb rh0,@rr2
bbfe4:  2020               ldb rh0,@rr2
bbfe6:  2020               ldb rh0,@rr2
bbfe8:  2020               ldb rh0,@rr2
bbfea:  2020               ldb rh0,@rr2
bbfec:  2020               ldb rh0,@rr2
bbfee:  2020               ldb rh0,@rr2
bbff0:  2020               ldb rh0,@rr2
bbff2:  2020               ldb rh0,@rr2
bbff4:  2020               ldb rh0,@rr2
bbff6:  2020               ldb rh0,@rr2
bbff8:  2020               ldb rh0,@rr2
bbffa:  2020               ldb rh0,@rr2
bbffc:  2020               ldb rh0,@rr2
bbffe:  2020               ldb rh0,@rr2
bc000:  2020               ldb rh0,@rr2
bc002:  2020               ldb rh0,@rr2
bc004:  2020               ldb rh0,@rr2
bc006:  2020               ldb rh0,@rr2
bc008:  2020               ldb rh0,@rr2
bc00a:  2020               ldb rh0,@rr2
bc00c:  48495420           xorb rl1,<<84>>0x0020(r4)
bc010:  2245               resb @rr4,#5
bc012:  4e5445522220       ext4e #0x4e544552,<<34>>0x0020
bc018:  544f2052           ldl rr15,<<32>>0x0052(r4)
bc01c:  45545552           or r4,<<85>>0x0052(r5)
bc020:  4e2020202020       ext4e #0x4e202020,<<32>>0x0020
bc026:  2020               ldb rh0,@rr2
bc028:  2020               ldb rh0,@rr2
bc02a:  2020               ldb rh0,@rr2
bc02c:  2020               ldb rh0,@rr2
bc02e:  2020               ldb rh0,@rr2
bc030:  2020               ldb rh0,@rr2
bc032:  2020               ldb rh0,@rr2
bc034:  2020               ldb rh0,@rr2
bc036:  2020               ldb rh0,@rr2
bc038:  2020               ldb rh0,@rr2
bc03a:  2020               ldb rh0,@rr2
bc03c:  2020               ldb rh0,@rr2
bc03e:  2020               ldb rh0,@rr2
bc040:  2020               ldb rh0,@rr2
bc042:  2020               ldb rh0,@rr2
bc044:  2020               ldb rh0,@rr2
bc046:  2020               ldb rh0,@rr2
bc048:  2020               ldb rh0,@rr2
bc04a:  2020               ldb rh0,@rr2
bc04c:  2020               ldb rh0,@rr2
bc04e:  2020               ldb rh0,@rr2
bc050:  2020               ldb rh0,@rr2
bc052:  2020               ldb rh0,@rr2
bc054:  2020               ldb rh0,@rr2
bc056:  2020               ldb rh0,@rr2
bc058:  2020               ldb rh0,@rr2
bc05a:  2020               ldb rh0,@rr2
bc05c:  5553494e           popl <<73>>0x004e(r3),@rr5
bc060:  4720464f           and r0,<<70>>0x004f(r2)
bc064:  43555320           sub r5,<<83>>0x0020(r5)
bc068:  434f4e54           sub r15,<<78>>0x0054(r4)
bc06c:  524f4c2e           subl rr15,<<76>>0x002e(r4)
bc070:  2020               ldb rh0,@rr2
bc072:  2020               ldb rh0,@rr2
bc074:  2020               ldb rh0,@rr2
bc076:  2020               ldb rh0,@rr2
bc078:  2020               ldb rh0,@rr2
bc07a:  2020               ldb rh0,@rr2
bc07c:  2020               ldb rh0,@rr2
bc07e:  2020               ldb rh0,@rr2
bc080:  2020               ldb rh0,@rr2
bc082:  2020               ldb rh0,@rr2
bc084:  2020               ldb rh0,@rr2
bc086:  2020               ldb rh0,@rr2
bc088:  2020               ldb rh0,@rr2
bc08a:  2020               ldb rh0,@rr2
bc08c:  2020               ldb rh0,@rr2
bc08e:  2020               ldb rh0,@rr2
bc090:  2020               ldb rh0,@rr2
bc092:  2020               ldb rh0,@rr2
bc094:  2020               ldb rh0,@rr2
bc096:  2020               ldb rh0,@rr2
bc098:  2020               ldb rh0,@rr2
bc09a:  2020               ldb rh0,@rr2
bc09c:  2020               ldb rh0,@rr2
bc09e:  2020               ldb rh0,@rr2
bc0a0:  2020               ldb rh0,@rr2
bc0a2:  2020               ldb rh0,@rr2
bc0a4:  2020               ldb rh0,@rr2
bc0a6:  2020               ldb rh0,@rr2
bc0a8:  2020               ldb rh0,@rr2
bc0aa:  2020               ldb rh0,@rr2
bc0ac:  49462020           xor r6,<<32>>0x0020(r4)
bc0b0:  49542020           xor r4,<<32>>0x0020(r5)
bc0b4:  49532020           xor r3,<<32>>0x0020(r5)
bc0b8:  4f555420204f       ext4f #0x4f555420,<<32>>0x004f
bc0be:  46202054           andb rh0,<<32>>0x0054(r2)
bc0c2:  4f4c4552414e       ext4f #0x4f4c4552,<<65>>0x004e
bc0c8:  43452c20           sub r5,<<44>>0x0020(r4)
bc0cc:  41444a55           add r4,<<74>>0x0055(r4)
bc0d0:  53542020           push @rr5,<<32>>0x0020(r4)
bc0d4:  2020               ldb rh0,@rr2
bc0d6:  2020               ldb rh0,@rr2
bc0d8:  2020               ldb rh0,@rr2
bc0da:  2020               ldb rh0,@rr2
bc0dc:  2020               ldb rh0,@rr2
bc0de:  2020               ldb rh0,@rr2
bc0e0:  2020               ldb rh0,@rr2
bc0e2:  2020               ldb rh0,@rr2
bc0e4:  2020               ldb rh0,@rr2
bc0e6:  2020               ldb rh0,@rr2
bc0e8:  2020               ldb rh0,@rr2
bc0ea:  2020               ldb rh0,@rr2
bc0ec:  2020               ldb rh0,@rr2
bc0ee:  2020               ldb rh0,@rr2
bc0f0:  2020               ldb rh0,@rr2
bc0f2:  2020               ldb rh0,@rr2
bc0f4:  2020               ldb rh0,@rr2
bc0f6:  2020               ldb rh0,@rr2
bc0f8:  2020               ldb rh0,@rr2
bc0fa:  2020               ldb rh0,@rr2
bc0fc:  544f4c45           ldl rr15,<<76>>0x0045(r4)
bc100:  52414e43           subl rr1,<<78>>0x0043(r4)
bc104:  4520204c           or r0,<<32>>0x004c(r2)
bc108:  494d4954           xor r13,<<73>>0x0054(r4)
bc10c:  532e2020           push @rr2,<<32>>0x0020(r14)
bc110:  2020               ldb rh0,@rr2
bc112:  2020               ldb rh0,@rr2
bc114:  2020               ldb rh0,@rr2
bc116:  2020               ldb rh0,@rr2
bc118:  2020               ldb rh0,@rr2
bc11a:  2020               ldb rh0,@rr2
bc11c:  2020               ldb rh0,@rr2
bc11e:  2020               ldb rh0,@rr2
bc120:  2020               ldb rh0,@rr2
bc122:  2020               ldb rh0,@rr2
bc124:  2020               ldb rh0,@rr2
bc126:  2020               ldb rh0,@rr2
bc128:  2020               ldb rh0,@rr2
bc12a:  2020               ldb rh0,@rr2
bc12c:  2020               ldb rh0,@rr2
bc12e:  2020               ldb rh0,@rr2
bc130:  2020               ldb rh0,@rr2
bc132:  2020               ldb rh0,@rr2
bc134:  2020               ldb rh0,@rr2
bc136:  2020               ldb rh0,@rr2
bc138:  2020               ldb rh0,@rr2
bc13a:  2020               ldb rh0,@rr2
bc13c:  2020               ldb rh0,@rr2
bc13e:  2020               ldb rh0,@rr2
bc140:  2020               ldb rh0,@rr2
bc142:  2020               ldb rh0,@rr2
bc144:  2020               ldb rh0,@rr2
bc146:  2020               ldb rh0,@rr2
bc148:  2020               ldb rh0,@rr2
bc14a:  2020               ldb rh0,@rr2
bc14c:  42524947           subb rh2,<<73>>0x0047(r5)
bc150:  48544e45           xorb rh4,<<78>>0x0045(r5)
bc154:  53532020           push @rr5,<<32>>0x0020(r3)
bc158:  49532020           xor r3,<<32>>0x0020(r5)
bc15c:  57495448           pop <<84>>0x0048(r9),@rr4
bc160:  494e2020           xor r14,<<32>>0x0020(r4)
bc164:  54484520           ldl rr8,<<69>>0x0020(r4)
bc168:  2022               ldb rh2,@rr2
bc16a:  542e532e           ldl rr14,<<83>>0x002e(r2)
bc16e:  2220               resb @rr2,#0
bc170:  2020               ldb rh0,@rr2
bc172:  2020               ldb rh0,@rr2
bc174:  2020               ldb rh0,@rr2
bc176:  2020               ldb rh0,@rr2
bc178:  2020               ldb rh0,@rr2
bc17a:  2020               ldb rh0,@rr2
bc17c:  2020               ldb rh0,@rr2
bc17e:  2020               ldb rh0,@rr2
bc180:  2020               ldb rh0,@rr2
bc182:  2020               ldb rh0,@rr2
bc184:  2020               ldb rh0,@rr2
bc186:  2020               ldb rh0,@rr2
bc188:  2020               ldb rh0,@rr2
bc18a:  2020               ldb rh0,@rr2
bc18c:  2020               ldb rh0,@rr2
bc18e:  2020               ldb rh0,@rr2
bc190:  2020               ldb rh0,@rr2
bc192:  2020               ldb rh0,@rr2
bc194:  2020               ldb rh0,@rr2
bc196:  2020               ldb rh0,@rr2
bc198:  2020               ldb rh0,@rr2
bc19a:  2020               ldb rh0,@rr2
bc19c:  444f5420           orb rl7,<<84>>0x0020(r4)
bc1a0:  2053               ldb rh3,@rr5
bc1a2:  495a452c           xor r10,<<69>>0x002c(r5)
bc1a6:  2041               ldb rh1,@rr4
bc1a8:  54202254           ldl rr0,<<34>>0x0054(r2)
bc1ac:  4543484e           or r3,<<72>>0x004e(r4)
bc1b0:  4943414c           xor r3,<<65>>0x004c(r4)
bc1b4:  2053               ldb rh3,@rr5
bc1b6:  50454349           cpl rr5,<<67>>0x0049(r4)
bc1ba:  46494341           andb rl1,<<67>>0x0041(r4)
bc1be:  54494f4e           ldl rr9,<<79>>0x004e(r4)
bc1c2:  2220               resb @rr2,#0
bc1c4:  2020               ldb rh0,@rr2
bc1c6:  2020               ldb rh0,@rr2
bc1c8:  2020               ldb rh0,@rr2
bc1ca:  2020               ldb rh0,@rr2
bc1cc:  2020               ldb rh0,@rr2
bc1ce:  2020               ldb rh0,@rr2
bc1d0:  2020               ldb rh0,@rr2
bc1d2:  2020               ldb rh0,@rr2
bc1d4:  2020               ldb rh0,@rr2
bc1d6:  2020               ldb rh0,@rr2
bc1d8:  2020               ldb rh0,@rr2
bc1da:  2020               ldb rh0,@rr2
bc1dc:  2020               ldb rh0,@rr2
bc1de:  2020               ldb rh0,@rr2
bc1e0:  2020               ldb rh0,@rr2
bc1e2:  2020               ldb rh0,@rr2
bc1e4:  2020               ldb rh0,@rr2
bc1e6:  2020               ldb rh0,@rr2
bc1e8:  2020               ldb rh0,@rr2
bc1ea:  2020               ldb rh0,@rr2
bc1ec:  41204249           add r0,<<66>>0x0049(r2)
bc1f0:  2d46               ex r6,@rr4
bc1f2:  4f43414c204c       ext4f #0x4f43414c,<<32>>0x004c
bc1f8:  454e5320           or r14,<<83>>0x0020(r4)
bc1fc:  49532055           xor r3,<<32>>0x0055(r5)
bc200:  53454420           push @rr4,<<68>>0x0020(r5)
bc204:  544f2043           ldl rr15,<<32>>0x0043(r4)
bc208:  4845434b           xorb rh5,<<67>>0x004b(r4)
bc20c:  2020               ldb rh0,@rr2
bc20e:  54484154           ldl rr8,<<65>>0x0054(r4)
bc212:  2020               ldb rh0,@rr2
bc214:  2020               ldb rh0,@rr2
bc216:  2020               ldb rh0,@rr2
bc218:  2020               ldb rh0,@rr2
bc21a:  2020               ldb rh0,@rr2
bc21c:  2020               ldb rh0,@rr2
bc21e:  2020               ldb rh0,@rr2
bc220:  2020               ldb rh0,@rr2
bc222:  2020               ldb rh0,@rr2
bc224:  2020               ldb rh0,@rr2
bc226:  2020               ldb rh0,@rr2
bc228:  2020               ldb rh0,@rr2
bc22a:  2020               ldb rh0,@rr2
bc22c:  2020               ldb rh0,@rr2
bc22e:  2020               ldb rh0,@rr2
bc230:  2020               ldb rh0,@rr2
bc232:  2020               ldb rh0,@rr2
bc234:  2020               ldb rh0,@rr2
bc236:  2020               ldb rh0,@rr2
bc238:  2020               ldb rh0,@rr2
bc23a:  2020               ldb rh0,@rr2
bc23c:  53504f54           push @rr5,<<79>>0x0054
bc240:  2053               ldb rh3,@rr5
bc242:  495a4520           xor r10,<<69>>0x0020(r5)
bc246:  54455354           ldl rr5,<<83>>0x0054(r4)
bc24a:  2020               ldb rh0,@rr2
bc24c:  2020               ldb rh0,@rr2
bc24e:  2020               ldb rh0,@rr2
bc250:  2020               ldb rh0,@rr2
bc252:  2020               ldb rh0,@rr2
bc254:  2020               ldb rh0,@rr2
bc256:  2020               ldb rh0,@rr2
bc258:  2020               ldb rh0,@rr2
bc25a:  2020               ldb rh0,@rr2
bc25c:  2020               ldb rh0,@rr2
bc25e:  2020               ldb rh0,@rr2
bc260:  2020               ldb rh0,@rr2
bc262:  2020               ldb rh0,@rr2
bc264:  2020               ldb rh0,@rr2
bc266:  2020               ldb rh0,@rr2
bc268:  2020               ldb rh0,@rr2
bc26a:  2020               ldb rh0,@rr2
bc26c:  2020               ldb rh0,@rr2
bc26e:  2020               ldb rh0,@rr2
bc270:  2020               ldb rh0,@rr2
bc272:  2020               ldb rh0,@rr2
bc274:  2020               ldb rh0,@rr2
bc276:  2020               ldb rh0,@rr2
bc278:  2020               ldb rh0,@rr2
bc27a:  2020               ldb rh0,@rr2
bc27c:  2020               ldb rh0,@rr2
bc27e:  2020               ldb rh0,@rr2
bc280:  2020               ldb rh0,@rr2
bc282:  2020               ldb rh0,@rr2
bc284:  2020               ldb rh0,@rr2
bc286:  2020               ldb rh0,@rr2
bc288:  2020               ldb rh0,@rr2
bc28a:  2020               ldb rh0,@rr2
bc28c:  48495420           xorb rl1,<<84>>0x0020(r4)
bc290:  2245               resb @rr4,#5
bc292:  4e5445522220       ext4e #0x4e544552,<<34>>0x0020
bc298:  544f2052           ldl rr15,<<32>>0x0052(r4)
bc29c:  45545552           or r4,<<85>>0x0052(r5)
bc2a0:  4e2020202020       ext4e #0x4e202020,<<32>>0x0020
bc2a6:  2020               ldb rh0,@rr2
bc2a8:  2020               ldb rh0,@rr2
bc2aa:  2020               ldb rh0,@rr2
bc2ac:  2020               ldb rh0,@rr2
bc2ae:  2020               ldb rh0,@rr2
bc2b0:  2020               ldb rh0,@rr2
bc2b2:  2020               ldb rh0,@rr2
bc2b4:  2020               ldb rh0,@rr2
bc2b6:  2020               ldb rh0,@rr2
bc2b8:  2020               ldb rh0,@rr2
bc2ba:  2020               ldb rh0,@rr2
bc2bc:  2020               ldb rh0,@rr2
bc2be:  2020               ldb rh0,@rr2
bc2c0:  2020               ldb rh0,@rr2
bc2c2:  2020               ldb rh0,@rr2
bc2c4:  2020               ldb rh0,@rr2
bc2c6:  2020               ldb rh0,@rr2
bc2c8:  2020               ldb rh0,@rr2
bc2ca:  2020               ldb rh0,@rr2
bc2cc:  2020               ldb rh0,@rr2
bc2ce:  2020               ldb rh0,@rr2
bc2d0:  2020               ldb rh0,@rr2
bc2d2:  2020               ldb rh0,@rr2
bc2d4:  2020               ldb rh0,@rr2
bc2d6:  2020               ldb rh0,@rr2
bc2d8:  2020               ldb rh0,@rr2
bc2da:  2020               ldb rh0,@rr2
bc2dc:  53504543           push @rr5,<<69>>0x0043
bc2e0:  49464943           xor r6,<<73>>0x0043(r4)
bc2e4:  4154494f           add r4,<<73>>0x004f(r5)
bc2e8:  4e2220202052       ext4e #0x4e222020,<<32>>0x0052
bc2ee:  45434f4d           or r3,<<79>>0x004d(r4)
bc2f2:  4d454e444154       ld <<78>>0x0044(r4),#0x4154
bc2f8:  494f4e53           xor r15,<<78>>0x0053(r4)
bc2fc:  292e               inc @rr2,#15
bc2fe:  2020               ldb rh0,@rr2
bc300:  2020               ldb rh0,@rr2
bc302:  2020               ldb rh0,@rr2
bc304:  2020               ldb rh0,@rr2
bc306:  2020               ldb rh0,@rr2
bc308:  2020               ldb rh0,@rr2
bc30a:  2020               ldb rh0,@rr2
bc30c:  2020               ldb rh0,@rr2
bc30e:  2020               ldb rh0,@rr2
bc310:  2020               ldb rh0,@rr2
bc312:  2020               ldb rh0,@rr2
bc314:  2020               ldb rh0,@rr2
bc316:  2020               ldb rh0,@rr2
bc318:  2020               ldb rh0,@rr2
bc31a:  2020               ldb rh0,@rr2
bc31c:  2020               ldb rh0,@rr2
bc31e:  2020               ldb rh0,@rr2
bc320:  2020               ldb rh0,@rr2
bc322:  2020               ldb rh0,@rr2
bc324:  2020               ldb rh0,@rr2
bc326:  2020               ldb rh0,@rr2
bc328:  2020               ldb rh0,@rr2
bc32a:  2020               ldb rh0,@rr2
bc32c:  2820               incb @rr2,#1
bc32e:  53484f55           push @rr4,<<79>>0x0055(r8)
bc332:  4c442020           testb <<32>>0x0020(r4)
bc336:  2043               ldb rh3,@rr4
bc338:  4f4e464f524d       ext4f #0x4f4e464f,<<82>>0x004d
bc33e:  2020               ldb rh0,@rr2
bc340:  2020               ldb rh0,@rr2
bc342:  544f2020           ldl rr15,<<32>>0x0020(r4)
bc346:  2022               ldb rh2,@rr2
bc348:  54454348           ldl rr5,<<67>>0x0048(r4)
bc34c:  4e4943414c20       ext4e #0x4e494341,<<76>>0x0020
bc352:  2020               ldb rh0,@rr2
bc354:  2020               ldb rh0,@rr2
bc356:  2020               ldb rh0,@rr2
bc358:  2020               ldb rh0,@rr2
bc35a:  2020               ldb rh0,@rr2
bc35c:  2020               ldb rh0,@rr2
bc35e:  2020               ldb rh0,@rr2
bc360:  2020               ldb rh0,@rr2
bc362:  2020               ldb rh0,@rr2
bc364:  2020               ldb rh0,@rr2
bc366:  2020               ldb rh0,@rr2
bc368:  2020               ldb rh0,@rr2
bc36a:  2020               ldb rh0,@rr2
bc36c:  2020               ldb rh0,@rr2
bc36e:  2020               ldb rh0,@rr2
bc370:  2020               ldb rh0,@rr2
bc372:  2020               ldb rh0,@rr2
bc374:  2020               ldb rh0,@rr2
bc376:  2020               ldb rh0,@rr2
bc378:  2020               ldb rh0,@rr2
bc37a:  2020               ldb rh0,@rr2
bc37c:  464c4558           andb rl4,<<69>>0x0058(r4)
bc380:  49424c45           xor r2,<<76>>0x0045(r4)
bc384:  2052               ldb rh2,@rr5
bc386:  554c4552           popl <<69>>0x0052(r12),@rr4
bc38a:  2054               ldb rh4,@rr5
bc38c:  4f20204d4541       ext4f #0x4f20204d,<<69>>0x0041
bc392:  53555245           push @rr5,<<82>>0x0045(r5)
bc396:  2046               ldb rh6,@rr4
bc398:  52414d45           subl rr1,<<77>>0x0045(r4)
bc39c:  2020               ldb rh0,@rr2
bc39e:  53495a45           push @rr4,<<90>>0x0045(r9)
bc3a2:  2020               ldb rh0,@rr2
bc3a4:  2020               ldb rh0,@rr2
bc3a6:  2020               ldb rh0,@rr2
bc3a8:  2020               ldb rh0,@rr2
bc3aa:  2020               ldb rh0,@rr2
bc3ac:  2020               ldb rh0,@rr2
bc3ae:  2020               ldb rh0,@rr2
bc3b0:  2020               ldb rh0,@rr2
bc3b2:  2020               ldb rh0,@rr2
bc3b4:  2020               ldb rh0,@rr2
bc3b6:  2020               ldb rh0,@rr2
bc3b8:  2020               ldb rh0,@rr2
bc3ba:  2020               ldb rh0,@rr2
bc3bc:  2020               ldb rh0,@rr2
bc3be:  2020               ldb rh0,@rr2
bc3c0:  2020               ldb rh0,@rr2
bc3c2:  2020               ldb rh0,@rr2
bc3c4:  2020               ldb rh0,@rr2
bc3c6:  2020               ldb rh0,@rr2
bc3c8:  2020               ldb rh0,@rr2
bc3ca:  2020               ldb rh0,@rr2
bc3cc:  55534520           popl <<69>>0x0020(r3),@rr5
bc3d0:  4120434f           add r0,<<67>>0x004f(r2)
bc3d4:  4d504152           com <<65>>0x0052(r5)
bc3d8:  4953494f           xor r3,<<73>>0x004f(r5)
bc3dc:  4e204d41534b       ext4e #0x4e204d41,<<83>>0x004b
bc3e2:  204f               ldb rl7,@rr4
bc3e4:  52204120           subl rr0,<<65>>0x0020(r2)
bc3e8:  54524153           ldl rr2,<<65>>0x0053(r5)
bc3ec:  50415245           cpl rr1,<<82>>0x0045(r4)
bc3f0:  4e5420202020       ext4e #0x4e542020,<<32>>0x0020
bc3f6:  2020               ldb rh0,@rr2
bc3f8:  2020               ldb rh0,@rr2
bc3fa:  2020               ldb rh0,@rr2
bc3fc:  2020               ldb rh0,@rr2
bc3fe:  2020               ldb rh0,@rr2
bc400:  2020               ldb rh0,@rr2
bc402:  2020               ldb rh0,@rr2
bc404:  2020               ldb rh0,@rr2
bc406:  2020               ldb rh0,@rr2
bc408:  2020               ldb rh0,@rr2
bc40a:  2020               ldb rh0,@rr2
bc40c:  2020               ldb rh0,@rr2
bc40e:  2020               ldb rh0,@rr2
bc410:  2020               ldb rh0,@rr2
bc412:  2020               ldb rh0,@rr2
bc414:  2020               ldb rh0,@rr2
bc416:  2020               ldb rh0,@rr2
bc418:  2020               ldb rh0,@rr2
bc41a:  2020               ldb rh0,@rr2
bc41c:  47454f4d           and r5,<<79>>0x004d(r4)
bc420:  45545259           or r4,<<82>>0x0059(r5)
bc424:  2041               ldb rh1,@rr4
bc426:  4e44204c494e       ext4e #0x4e44204c,<<73>>0x004e
bc42c:  45415259           or r1,<<82>>0x0059(r4)
bc430:  2054               ldb rh4,@rr5
bc432:  45535420           or r3,<<84>>0x0020(r5)
bc436:  2020               ldb rh0,@rr2
bc438:  2020               ldb rh0,@rr2
bc43a:  2020               ldb rh0,@rr2
bc43c:  2020               ldb rh0,@rr2
bc43e:  2020               ldb rh0,@rr2
bc440:  2020               ldb rh0,@rr2
bc442:  2020               ldb rh0,@rr2
bc444:  2020               ldb rh0,@rr2
bc446:  2020               ldb rh0,@rr2
bc448:  2020               ldb rh0,@rr2
bc44a:  2020               ldb rh0,@rr2
bc44c:  2020               ldb rh0,@rr2
bc44e:  2020               ldb rh0,@rr2
bc450:  2020               ldb rh0,@rr2
bc452:  2020               ldb rh0,@rr2
bc454:  2020               ldb rh0,@rr2
bc456:  2020               ldb rh0,@rr2
bc458:  2020               ldb rh0,@rr2
bc45a:  2020               ldb rh0,@rr2
bc45c:  2020               ldb rh0,@rr2
bc45e:  2020               ldb rh0,@rr2
bc460:  2020               ldb rh0,@rr2
bc462:  2020               ldb rh0,@rr2
bc464:  2020               ldb rh0,@rr2
bc466:  2020               ldb rh0,@rr2
bc468:  2020               ldb rh0,@rr2
bc46a:  2020               ldb rh0,@rr2
bc46c:  31205345           ld r0,rr2(#0x5345)
bc470:  4c462044           tsetb <<32>>0x0044(r4)
bc474:  4941474e           xor r1,<<71>>0x004e(r4)
bc478:  4f5354494320       ext4f #0x4f535449,<<67>>0x0020
bc47e:  57532054           pop <<32>>0x0054(r3),@rr5
bc482:  45535420           or r3,<<84>>0x0020(r5)
bc486:  2020               ldb rh0,@rr2
bc488:  2020               ldb rh0,@rr2
bc48a:  2020               ldb rh0,@rr2
bc48c:  2020               ldb rh0,@rr2
bc48e:  2020               ldb rh0,@rr2
bc490:  2020               ldb rh0,@rr2
bc492:  2020               ldb rh0,@rr2
bc494:  2020               ldb rh0,@rr2
bc496:  2020               ldb rh0,@rr2
bc498:  2020               ldb rh0,@rr2
bc49a:  2020               ldb rh0,@rr2
bc49c:  2020               ldb rh0,@rr2
bc49e:  2020               ldb rh0,@rr2
bc4a0:  2020               ldb rh0,@rr2
bc4a2:  2020               ldb rh0,@rr2
bc4a4:  2020               ldb rh0,@rr2
bc4a6:  2020               ldb rh0,@rr2
bc4a8:  2020               ldb rh0,@rr2
bc4aa:  2020               ldb rh0,@rr2
bc4ac:  2020               ldb rh0,@rr2
bc4ae:  2020               ldb rh0,@rr2
bc4b0:  2020               ldb rh0,@rr2
bc4b2:  2020               ldb rh0,@rr2
bc4b4:  2020               ldb rh0,@rr2
bc4b6:  2020               ldb rh0,@rr2
bc4b8:  2020               ldb rh0,@rr2
bc4ba:  2020               ldb rh0,@rr2
bc4bc:  32205245           ldb rr2(#0x5245),rh0
bc4c0:  4d4f               .word #0x4d4f
bc4c2:  5445204c           ldl rr5,<<32>>0x004c(r4)
bc4c6:  4f4f50424143       ext4f #0x4f4f5042,<<65>>0x0043
bc4cc:  4b205445           cp r0,<<84>>0x0045(r2)
bc4d0:  53542020           push @rr5,<<32>>0x0020(r4)
bc4d4:  2020               ldb rh0,@rr2
bc4d6:  2020               ldb rh0,@rr2
bc4d8:  2020               ldb rh0,@rr2
bc4da:  2020               ldb rh0,@rr2
bc4dc:  2020               ldb rh0,@rr2
bc4de:  2020               ldb rh0,@rr2
bc4e0:  2020               ldb rh0,@rr2
bc4e2:  2020               ldb rh0,@rr2
bc4e4:  2020               ldb rh0,@rr2
bc4e6:  2020               ldb rh0,@rr2
bc4e8:  2020               ldb rh0,@rr2
bc4ea:  2020               ldb rh0,@rr2
bc4ec:  2020               ldb rh0,@rr2
bc4ee:  2020               ldb rh0,@rr2
bc4f0:  2020               ldb rh0,@rr2
bc4f2:  2020               ldb rh0,@rr2
bc4f4:  2020               ldb rh0,@rr2
bc4f6:  2020               ldb rh0,@rr2
bc4f8:  2020               ldb rh0,@rr2
bc4fa:  2020               ldb rh0,@rr2
bc4fc:  2020               ldb rh0,@rr2
bc4fe:  2020               ldb rh0,@rr2
bc500:  2020               ldb rh0,@rr2
bc502:  2020               ldb rh0,@rr2
bc504:  2020               ldb rh0,@rr2
bc506:  2020               ldb rh0,@rr2
bc508:  2020               ldb rh0,@rr2
bc50a:  2020               ldb rh0,@rr2
bc50c:  19ba               mult rr10,@rr11
bc50e:  19d4               mult rr4,@rr13
bc510:  19ee               mult rr14,@rr14
bc512:  1a041a1a1a30       divl rq4,#0x1a1a1a30
bc518:  1a46               divl rq6,@rr4
bc51a:  1a5c               divl rq12,@rr5
bc51c:  1a72               divl rq2,@rr7
bc51e:  1a88               divl rq8,@rr8
bc520:  1a9e               divl rq14,@rr9
bc522:  1ab4               divl rq4,@rr11
bc524:  1aca               divl rq10,@rr12
bc526:  1b74               div rr4,@rr7
bc528:  1b7c               div rr12,@rr7
bc52a:  1b86               div rr6,@rr8
bc52c:  1b90               div rr0,@rr9
bc52e:  1b9a               div rr10,@rr9
bc530:  1ba4               div rr4,@rr10
bc532:  1bae               div rr14,@rr10
bc534:  1bb8               div rr8,@rr11
bc536:  1bc2               div rr2,@rr12
bc538:  1bcc               div rr12,@rr12
bc53a:  1bd6               div rr6,@rr13
bc53c:  2048               ldb rl0,@rr4
bc53e:  49542022           xor r4,<<32>>0x0022(r5)
bc542:  454e5445           or r14,<<84>>0x0045(r4)
bc546:  52222054           subl rr2,<<32>>0x0054(r2)
bc54a:  4f20434f4e54       ext4f #0x4f20434f,<<78>>0x0054
bc550:  494e5545           xor r14,<<85>>0x0045(r4)
bc554:  2020               ldb rh0,@rr2
bc556:  2020               ldb rh0,@rr2
bc558:  2020               ldb rh0,@rr2
bc55a:  2020               ldb rh0,@rr2
bc55c:  2020               ldb rh0,@rr2
bc55e:  2020               ldb rh0,@rr2
bc560:  2020               ldb rh0,@rr2
bc562:  2020               ldb rh0,@rr2
bc564:  2020               ldb rh0,@rr2
bc566:  2020               ldb rh0,@rr2
bc568:  2020               ldb rh0,@rr2
bc56a:  2020               ldb rh0,@rr2
bc56c:  2020               ldb rh0,@rr2
bc56e:  2020               ldb rh0,@rr2
bc570:  2020               ldb rh0,@rr2
bc572:  2020               ldb rh0,@rr2
bc574:  2020               ldb rh0,@rr2
bc576:  2020               ldb rh0,@rr2
bc578:  2020               ldb rh0,@rr2
bc57a:  2020               ldb rh0,@rr2
bc57c:  2020               ldb rh0,@rr2
bc57e:  2020               ldb rh0,@rr2
bc580:  2020               ldb rh0,@rr2
bc582:  2020               ldb rh0,@rr2
bc584:  2020               ldb rh0,@rr2
bc586:  2020               ldb rh0,@rr2
bc588:  2020               ldb rh0,@rr2
bc58a:  2020               ldb rh0,@rr2
bc58c:  48494445           xorb rl1,<<68>>0x0045(r4)
bc590:  2020               ldb rh0,@rr2
bc592:  2020               ldb rh0,@rr2
bc594:  2020               ldb rh0,@rr2
bc596:  2020               ldb rh0,@rr2
bc598:  2020               ldb rh0,@rr2
bc59a:  2020               ldb rh0,@rr2
bc59c:  2020               ldb rh0,@rr2
bc59e:  2020               ldb rh0,@rr2
bc5a0:  2020               ldb rh0,@rr2
bc5a2:  2020               ldb rh0,@rr2
bc5a4:  2020               ldb rh0,@rr2
bc5a6:  2020               ldb rh0,@rr2
bc5a8:  2020               ldb rh0,@rr2
bc5aa:  2020               ldb rh0,@rr2
bc5ac:  2020               ldb rh0,@rr2
bc5ae:  2020               ldb rh0,@rr2
bc5b0:  2020               ldb rh0,@rr2
bc5b2:  2020               ldb rh0,@rr2
bc5b4:  2020               ldb rh0,@rr2
bc5b6:  2020               ldb rh0,@rr2
bc5b8:  2020               ldb rh0,@rr2
bc5ba:  2020               ldb rh0,@rr2
bc5bc:  2020               ldb rh0,@rr2
bc5be:  2020               ldb rh0,@rr2
bc5c0:  2020               ldb rh0,@rr2
bc5c2:  2020               ldb rh0,@rr2
bc5c4:  2020               ldb rh0,@rr2
bc5c6:  2020               ldb rh0,@rr2
bc5c8:  2020               ldb rh0,@rr2
bc5ca:  2020               ldb rh0,@rr2
bc5cc:  2020               ldb rh0,@rr2
bc5ce:  2020               ldb rh0,@rr2
bc5d0:  2020               ldb rh0,@rr2
bc5d2:  2020               ldb rh0,@rr2
bc5d4:  2020               ldb rh0,@rr2
bc5d6:  2020               ldb rh0,@rr2
bc5d8:  2020               ldb rh0,@rr2
bc5da:  2020               ldb rh0,@rr2
bc5dc:  5245562e           subl rr5,<<86>>0x002e(r4)
bc5e0:  2041               ldb rh1,@rr4
bc5e2:  4e4420424c49       ext4e #0x4e442042,<<76>>0x0049
bc5e8:  4e4b20202020       ext4e #0x4e4b2020,<<32>>0x0020
bc5ee:  2020               ldb rh0,@rr2
bc5f0:  2020               ldb rh0,@rr2
bc5f2:  2020               ldb rh0,@rr2
bc5f4:  2020               ldb rh0,@rr2
bc5f6:  2020               ldb rh0,@rr2
bc5f8:  2020               ldb rh0,@rr2
bc5fa:  2020               ldb rh0,@rr2
bc5fc:  2020               ldb rh0,@rr2
bc5fe:  2020               ldb rh0,@rr2
bc600:  2020               ldb rh0,@rr2
bc602:  2020               ldb rh0,@rr2
bc604:  2020               ldb rh0,@rr2
bc606:  2020               ldb rh0,@rr2
bc608:  2020               ldb rh0,@rr2
bc60a:  2020               ldb rh0,@rr2
bc60c:  2020               ldb rh0,@rr2
bc60e:  2020               ldb rh0,@rr2
bc610:  2020               ldb rh0,@rr2
bc612:  2020               ldb rh0,@rr2
bc614:  2020               ldb rh0,@rr2
bc616:  2020               ldb rh0,@rr2
bc618:  2020               ldb rh0,@rr2
bc61a:  2020               ldb rh0,@rr2
bc61c:  2020               ldb rh0,@rr2
bc61e:  2020               ldb rh0,@rr2
bc620:  2020               ldb rh0,@rr2
bc622:  2020               ldb rh0,@rr2
bc624:  2020               ldb rh0,@rr2
bc626:  2020               ldb rh0,@rr2
bc628:  2020               ldb rh0,@rr2
bc62a:  2020               ldb rh0,@rr2
bc62c:  52455645           subl rr5,<<86>>0x0045(r4)
bc630:  52534520           subl rr3,<<69>>0x0020(r5)
bc634:  2020               ldb rh0,@rr2
bc636:  2020               ldb rh0,@rr2
bc638:  2020               ldb rh0,@rr2
bc63a:  2020               ldb rh0,@rr2
bc63c:  2020               ldb rh0,@rr2
bc63e:  2020               ldb rh0,@rr2
bc640:  2020               ldb rh0,@rr2
bc642:  2020               ldb rh0,@rr2
bc644:  2020               ldb rh0,@rr2
bc646:  2020               ldb rh0,@rr2
bc648:  2020               ldb rh0,@rr2
bc64a:  2020               ldb rh0,@rr2
bc64c:  2020               ldb rh0,@rr2
bc64e:  2020               ldb rh0,@rr2
bc650:  2020               ldb rh0,@rr2
bc652:  2020               ldb rh0,@rr2
bc654:  2020               ldb rh0,@rr2
bc656:  2020               ldb rh0,@rr2
bc658:  2020               ldb rh0,@rr2
bc65a:  2020               ldb rh0,@rr2
bc65c:  2020               ldb rh0,@rr2
bc65e:  2020               ldb rh0,@rr2
bc660:  2020               ldb rh0,@rr2
bc662:  2020               ldb rh0,@rr2
bc664:  2020               ldb rh0,@rr2
bc666:  2020               ldb rh0,@rr2
bc668:  2020               ldb rh0,@rr2
bc66a:  2020               ldb rh0,@rr2
bc66c:  2020               ldb rh0,@rr2
bc66e:  2020               ldb rh0,@rr2
bc670:  2020               ldb rh0,@rr2
bc672:  2020               ldb rh0,@rr2
bc674:  2020               ldb rh0,@rr2
bc676:  2020               ldb rh0,@rr2
bc678:  2020               ldb rh0,@rr2
bc67a:  2020               ldb rh0,@rr2
bc67c:  482e4c2e           xorb rl6,<<76>>0x002e(r2)
bc680:  2041               ldb rh1,@rr4
bc682:  4e4420424c49       ext4e #0x4e442042,<<76>>0x0049
bc688:  4e4b20202020       ext4e #0x4e4b2020,<<32>>0x0020
bc68e:  2020               ldb rh0,@rr2
bc690:  2020               ldb rh0,@rr2
bc692:  2020               ldb rh0,@rr2
bc694:  2020               ldb rh0,@rr2
bc696:  2020               ldb rh0,@rr2
bc698:  2020               ldb rh0,@rr2
bc69a:  2020               ldb rh0,@rr2
bc69c:  2020               ldb rh0,@rr2
bc69e:  2020               ldb rh0,@rr2
bc6a0:  2020               ldb rh0,@rr2
bc6a2:  2020               ldb rh0,@rr2
bc6a4:  2020               ldb rh0,@rr2
bc6a6:  2020               ldb rh0,@rr2
bc6a8:  2020               ldb rh0,@rr2
bc6aa:  2020               ldb rh0,@rr2
bc6ac:  2020               ldb rh0,@rr2
bc6ae:  2020               ldb rh0,@rr2
bc6b0:  2020               ldb rh0,@rr2
bc6b2:  2020               ldb rh0,@rr2
bc6b4:  2020               ldb rh0,@rr2
bc6b6:  2020               ldb rh0,@rr2
bc6b8:  2020               ldb rh0,@rr2
bc6ba:  2020               ldb rh0,@rr2
bc6bc:  2020               ldb rh0,@rr2
bc6be:  2020               ldb rh0,@rr2
bc6c0:  2020               ldb rh0,@rr2
bc6c2:  2020               ldb rh0,@rr2
bc6c4:  2020               ldb rh0,@rr2
bc6c6:  2020               ldb rh0,@rr2
bc6c8:  2020               ldb rh0,@rr2
bc6ca:  2020               ldb rh0,@rr2
bc6cc:  48494748           xorb rl1,<<71>>0x0048(r4)
bc6d0:  4c49               .word #0x4c49
bc6d2:  47485420           and r8,<<84>>0x0020(r4)
bc6d6:  2020               ldb rh0,@rr2
bc6d8:  2020               ldb rh0,@rr2
bc6da:  2020               ldb rh0,@rr2
bc6dc:  2020               ldb rh0,@rr2
bc6de:  2020               ldb rh0,@rr2
bc6e0:  2020               ldb rh0,@rr2
bc6e2:  2020               ldb rh0,@rr2
bc6e4:  2020               ldb rh0,@rr2
bc6e6:  2020               ldb rh0,@rr2
bc6e8:  2020               ldb rh0,@rr2
bc6ea:  2020               ldb rh0,@rr2
bc6ec:  2020               ldb rh0,@rr2
bc6ee:  2020               ldb rh0,@rr2
bc6f0:  2020               ldb rh0,@rr2
bc6f2:  2020               ldb rh0,@rr2
bc6f4:  2020               ldb rh0,@rr2
bc6f6:  2020               ldb rh0,@rr2
bc6f8:  2020               ldb rh0,@rr2
bc6fa:  2020               ldb rh0,@rr2
bc6fc:  2020               ldb rh0,@rr2
bc6fe:  2020               ldb rh0,@rr2
bc700:  2020               ldb rh0,@rr2
bc702:  2020               ldb rh0,@rr2
bc704:  2020               ldb rh0,@rr2
bc706:  2020               ldb rh0,@rr2
bc708:  2020               ldb rh0,@rr2
bc70a:  2020               ldb rh0,@rr2
bc70c:  2020               ldb rh0,@rr2
bc70e:  2020               ldb rh0,@rr2
bc710:  2020               ldb rh0,@rr2
bc712:  2020               ldb rh0,@rr2
bc714:  2020               ldb rh0,@rr2
bc716:  2020               ldb rh0,@rr2
bc718:  2020               ldb rh0,@rr2
bc71a:  2020               ldb rh0,@rr2
bc71c:  424c494e           subb rl4,<<73>>0x004e(r4)
bc720:  4b202020           cp r0,<<32>>0x0020(r2)
bc724:  2020               ldb rh0,@rr2
bc726:  2020               ldb rh0,@rr2
bc728:  2020               ldb rh0,@rr2
bc72a:  2020               ldb rh0,@rr2
bc72c:  2020               ldb rh0,@rr2
bc72e:  2020               ldb rh0,@rr2
bc730:  2020               ldb rh0,@rr2
bc732:  2020               ldb rh0,@rr2
bc734:  2020               ldb rh0,@rr2
bc736:  2020               ldb rh0,@rr2
bc738:  2020               ldb rh0,@rr2
bc73a:  2020               ldb rh0,@rr2
bc73c:  2020               ldb rh0,@rr2
bc73e:  2020               ldb rh0,@rr2
bc740:  2020               ldb rh0,@rr2
bc742:  2020               ldb rh0,@rr2
bc744:  2020               ldb rh0,@rr2
bc746:  2020               ldb rh0,@rr2
bc748:  2020               ldb rh0,@rr2
bc74a:  2020               ldb rh0,@rr2
bc74c:  2020               ldb rh0,@rr2
bc74e:  2020               ldb rh0,@rr2
bc750:  2020               ldb rh0,@rr2
bc752:  2020               ldb rh0,@rr2
bc754:  2020               ldb rh0,@rr2
bc756:  2020               ldb rh0,@rr2
bc758:  2020               ldb rh0,@rr2
bc75a:  2020               ldb rh0,@rr2
bc75c:  2020               ldb rh0,@rr2
bc75e:  2020               ldb rh0,@rr2
bc760:  2020               ldb rh0,@rr2
bc762:  2020               ldb rh0,@rr2
bc764:  2020               ldb rh0,@rr2
bc766:  2020               ldb rh0,@rr2
bc768:  2020               ldb rh0,@rr2
bc76a:  2020               ldb rh0,@rr2
bc76c:  52494748           subl rr9,<<71>>0x0048(r4)
bc770:  54204c49           ldl rr0,<<76>>0x0049(r2)
bc774:  4e4520202020       ext4e #0x4e452020,<<32>>0x0020
bc77a:  2020               ldb rh0,@rr2
bc77c:  2020               ldb rh0,@rr2
bc77e:  2020               ldb rh0,@rr2
bc780:  2020               ldb rh0,@rr2
bc782:  2020               ldb rh0,@rr2
bc784:  2020               ldb rh0,@rr2
bc786:  2020               ldb rh0,@rr2
bc788:  2020               ldb rh0,@rr2
bc78a:  2020               ldb rh0,@rr2
bc78c:  2020               ldb rh0,@rr2
bc78e:  2020               ldb rh0,@rr2
bc790:  2020               ldb rh0,@rr2
bc792:  2020               ldb rh0,@rr2
bc794:  2020               ldb rh0,@rr2
bc796:  2020               ldb rh0,@rr2
bc798:  2020               ldb rh0,@rr2
bc79a:  2020               ldb rh0,@rr2
bc79c:  2020               ldb rh0,@rr2
bc79e:  2020               ldb rh0,@rr2
bc7a0:  2020               ldb rh0,@rr2
bc7a2:  2020               ldb rh0,@rr2
bc7a4:  2020               ldb rh0,@rr2
bc7a6:  2020               ldb rh0,@rr2
bc7a8:  2020               ldb rh0,@rr2
bc7aa:  2020               ldb rh0,@rr2
bc7ac:  2020               ldb rh0,@rr2
bc7ae:  2020               ldb rh0,@rr2
bc7b0:  2020               ldb rh0,@rr2
bc7b2:  2020               ldb rh0,@rr2
bc7b4:  2020               ldb rh0,@rr2
bc7b6:  2020               ldb rh0,@rr2
bc7b8:  2020               ldb rh0,@rr2
bc7ba:  2020               ldb rh0,@rr2
bc7bc:  4c454654204c       ldb <<70>>0x0054(r4),#0x4c
bc7c2:  494e4520           xor r14,<<69>>0x0020(r4)
bc7c6:  2020               ldb rh0,@rr2
bc7c8:  2020               ldb rh0,@rr2
bc7ca:  2020               ldb rh0,@rr2
bc7cc:  2020               ldb rh0,@rr2
bc7ce:  2020               ldb rh0,@rr2
bc7d0:  2020               ldb rh0,@rr2
bc7d2:  2020               ldb rh0,@rr2
bc7d4:  2020               ldb rh0,@rr2
bc7d6:  2020               ldb rh0,@rr2
bc7d8:  2020               ldb rh0,@rr2
bc7da:  2020               ldb rh0,@rr2
bc7dc:  2020               ldb rh0,@rr2
bc7de:  2020               ldb rh0,@rr2
bc7e0:  2020               ldb rh0,@rr2
bc7e2:  2020               ldb rh0,@rr2
bc7e4:  2020               ldb rh0,@rr2
bc7e6:  2020               ldb rh0,@rr2
bc7e8:  2020               ldb rh0,@rr2
bc7ea:  2020               ldb rh0,@rr2
bc7ec:  2020               ldb rh0,@rr2
bc7ee:  2020               ldb rh0,@rr2
bc7f0:  2020               ldb rh0,@rr2
bc7f2:  2020               ldb rh0,@rr2
bc7f4:  2020               ldb rh0,@rr2
bc7f6:  2020               ldb rh0,@rr2
bc7f8:  2020               ldb rh0,@rr2
bc7fa:  2020               ldb rh0,@rr2
bc7fc:  2020               ldb rh0,@rr2
bc7fe:  2020               ldb rh0,@rr2
bc800:  2020               ldb rh0,@rr2
bc802:  2020               ldb rh0,@rr2
bc804:  2020               ldb rh0,@rr2
bc806:  2020               ldb rh0,@rr2
bc808:  2020               ldb rh0,@rr2
bc80a:  2020               ldb rh0,@rr2
bc80c:  554e4445           popl <<68>>0x0045(r14),@rr4
bc810:  52204c49           subl rr0,<<76>>0x0049(r2)
bc814:  4e4520202020       ext4e #0x4e452020,<<32>>0x0020
bc81a:  2020               ldb rh0,@rr2
bc81c:  2020               ldb rh0,@rr2
bc81e:  2020               ldb rh0,@rr2
bc820:  2020               ldb rh0,@rr2
bc822:  2020               ldb rh0,@rr2
bc824:  2020               ldb rh0,@rr2
bc826:  2020               ldb rh0,@rr2
bc828:  2020               ldb rh0,@rr2
bc82a:  2020               ldb rh0,@rr2
bc82c:  2020               ldb rh0,@rr2
bc82e:  2020               ldb rh0,@rr2
bc830:  2020               ldb rh0,@rr2
bc832:  2020               ldb rh0,@rr2
bc834:  2020               ldb rh0,@rr2
bc836:  2020               ldb rh0,@rr2
bc838:  2020               ldb rh0,@rr2
bc83a:  2020               ldb rh0,@rr2
bc83c:  2020               ldb rh0,@rr2
bc83e:  2020               ldb rh0,@rr2
bc840:  2020               ldb rh0,@rr2
bc842:  2020               ldb rh0,@rr2
bc844:  2020               ldb rh0,@rr2
bc846:  2020               ldb rh0,@rr2
bc848:  2020               ldb rh0,@rr2
bc84a:  2020               ldb rh0,@rr2
bc84c:  2020               ldb rh0,@rr2
bc84e:  2020               ldb rh0,@rr2
bc850:  2020               ldb rh0,@rr2
bc852:  2020               ldb rh0,@rr2
bc854:  2020               ldb rh0,@rr2
bc856:  2020               ldb rh0,@rr2
bc858:  2020               ldb rh0,@rr2
bc85a:  2020               ldb rh0,@rr2
bc85c:  55505045           popl <<80>>0x0045,@rr5
bc860:  52204c49           subl rr0,<<76>>0x0049(r2)
bc864:  4e4520202020       ext4e #0x4e452020,<<32>>0x0020
bc86a:  2020               ldb rh0,@rr2
bc86c:  2020               ldb rh0,@rr2
bc86e:  2020               ldb rh0,@rr2
bc870:  2020               ldb rh0,@rr2
bc872:  2020               ldb rh0,@rr2
bc874:  2020               ldb rh0,@rr2
bc876:  2020               ldb rh0,@rr2
bc878:  2020               ldb rh0,@rr2
bc87a:  2020               ldb rh0,@rr2
bc87c:  2020               ldb rh0,@rr2
bc87e:  2020               ldb rh0,@rr2
bc880:  2020               ldb rh0,@rr2
bc882:  2020               ldb rh0,@rr2
bc884:  2020               ldb rh0,@rr2
bc886:  2020               ldb rh0,@rr2
bc888:  2020               ldb rh0,@rr2
bc88a:  2020               ldb rh0,@rr2
bc88c:  2020               ldb rh0,@rr2
bc88e:  2020               ldb rh0,@rr2
bc890:  2020               ldb rh0,@rr2
bc892:  2020               ldb rh0,@rr2
bc894:  2020               ldb rh0,@rr2
bc896:  2020               ldb rh0,@rr2
bc898:  2020               ldb rh0,@rr2
bc89a:  2020               ldb rh0,@rr2
bc89c:  2020               ldb rh0,@rr2
bc89e:  2020               ldb rh0,@rr2
bc8a0:  2020               ldb rh0,@rr2
bc8a2:  2020               ldb rh0,@rr2
bc8a4:  2020               ldb rh0,@rr2
bc8a6:  2020               ldb rh0,@rr2
bc8a8:  2020               ldb rh0,@rr2
bc8aa:  2020               ldb rh0,@rr2
bc8ac:  4e4f524d414c       ext4e #0x4e4f524d,<<65>>0x004c
bc8b2:  2020               ldb rh0,@rr2
bc8b4:  2020               ldb rh0,@rr2
bc8b6:  2020               ldb rh0,@rr2
bc8b8:  2020               ldb rh0,@rr2
bc8ba:  2020               ldb rh0,@rr2
bc8bc:  2020               ldb rh0,@rr2
bc8be:  2020               ldb rh0,@rr2
bc8c0:  2020               ldb rh0,@rr2
bc8c2:  2020               ldb rh0,@rr2
bc8c4:  2020               ldb rh0,@rr2
bc8c6:  2020               ldb rh0,@rr2
bc8c8:  2020               ldb rh0,@rr2
bc8ca:  2020               ldb rh0,@rr2
bc8cc:  2020               ldb rh0,@rr2
bc8ce:  2020               ldb rh0,@rr2
bc8d0:  2020               ldb rh0,@rr2
bc8d2:  2020               ldb rh0,@rr2
bc8d4:  2020               ldb rh0,@rr2
bc8d6:  2020               ldb rh0,@rr2
bc8d8:  2020               ldb rh0,@rr2
bc8da:  2020               ldb rh0,@rr2
bc8dc:  2020               ldb rh0,@rr2
bc8de:  2020               ldb rh0,@rr2
bc8e0:  2020               ldb rh0,@rr2
bc8e2:  2020               ldb rh0,@rr2
bc8e4:  2020               ldb rh0,@rr2
bc8e6:  2020               ldb rh0,@rr2
bc8e8:  2020               ldb rh0,@rr2
bc8ea:  2020               ldb rh0,@rr2
bc8ec:  2020               ldb rh0,@rr2
bc8ee:  2020               ldb rh0,@rr2
bc8f0:  2020               ldb rh0,@rr2
bc8f2:  2020               ldb rh0,@rr2
bc8f4:  2020               ldb rh0,@rr2
bc8f6:  2020               ldb rh0,@rr2
bc8f8:  2020               ldb rh0,@rr2
bc8fa:  2020               ldb rh0,@rr2
bc8fc:  53455420           push @rr4,<<84>>0x0020(r5)
bc900:  41545452           add r4,<<84>>0x0052(r5)
bc904:  49425554           xor r2,<<85>>0x0054(r4)
bc908:  45202020           or r0,<<32>>0x0020(r2)
bc90c:  2020               ldb rh0,@rr2
bc90e:  2020               ldb rh0,@rr2
bc910:  2020               ldb rh0,@rr2
bc912:  2020               ldb rh0,@rr2
bc914:  2020               ldb rh0,@rr2
bc916:  2020               ldb rh0,@rr2
bc918:  2020               ldb rh0,@rr2
bc91a:  2020               ldb rh0,@rr2
bc91c:  2020               ldb rh0,@rr2
bc91e:  2020               ldb rh0,@rr2
bc920:  2020               ldb rh0,@rr2
bc922:  2020               ldb rh0,@rr2
bc924:  2020               ldb rh0,@rr2
bc926:  2020               ldb rh0,@rr2
bc928:  2020               ldb rh0,@rr2
bc92a:  2020               ldb rh0,@rr2
bc92c:  2020               ldb rh0,@rr2
bc92e:  2020               ldb rh0,@rr2
bc930:  2020               ldb rh0,@rr2
bc932:  2020               ldb rh0,@rr2
bc934:  2020               ldb rh0,@rr2
bc936:  2020               ldb rh0,@rr2
bc938:  2020               ldb rh0,@rr2
bc93a:  2020               ldb rh0,@rr2
bc93c:  2020               ldb rh0,@rr2
bc93e:  2020               ldb rh0,@rr2
bc940:  2020               ldb rh0,@rr2
bc942:  2020               ldb rh0,@rr2
bc944:  2020               ldb rh0,@rr2
bc946:  2020               ldb rh0,@rr2
bc948:  2020               ldb rh0,@rr2
bc94a:  2020               ldb rh0,@rr2
bc94c:  2048               ldb rl0,@rr4
bc94e:  49542022           xor r4,<<32>>0x0022(r5)
bc952:  454e5445           or r14,<<84>>0x0045(r4)
bc956:  52222054           subl rr2,<<32>>0x0054(r2)
bc95a:  4f20434f4e54       ext4f #0x4f20434f,<<78>>0x0054
bc960:  494e5545           xor r14,<<85>>0x0045(r4)
bc964:  2020               ldb rh0,@rr2
bc966:  2020               ldb rh0,@rr2
bc968:  2020               ldb rh0,@rr2
bc96a:  2020               ldb rh0,@rr2
bc96c:  2020               ldb rh0,@rr2
bc96e:  2020               ldb rh0,@rr2
bc970:  2020               ldb rh0,@rr2
bc972:  2020               ldb rh0,@rr2
bc974:  2020               ldb rh0,@rr2
bc976:  2020               ldb rh0,@rr2
bc978:  2020               ldb rh0,@rr2
bc97a:  2020               ldb rh0,@rr2
bc97c:  2020               ldb rh0,@rr2
bc97e:  2020               ldb rh0,@rr2
bc980:  2020               ldb rh0,@rr2
bc982:  2020               ldb rh0,@rr2
bc984:  2020               ldb rh0,@rr2
bc986:  2020               ldb rh0,@rr2
bc988:  2020               ldb rh0,@rr2
bc98a:  2020               ldb rh0,@rr2
bc98c:  2020               ldb rh0,@rr2
bc98e:  2020               ldb rh0,@rr2
bc990:  2020               ldb rh0,@rr2
bc992:  2020               ldb rh0,@rr2
bc994:  2020               ldb rh0,@rr2
bc996:  2020               ldb rh0,@rr2
bc998:  2020               ldb rh0,@rr2
bc99a:  2020               ldb rh0,@rr2
bc99c:  43484152           sub r8,<<65>>0x0052(r4)
bc9a0:  41435445           add r3,<<84>>0x0045(r4)
bc9a4:  52204745           subl rr0,<<71>>0x0045(r2)
bc9a8:  4e455241544f       ext4e #0x4e455241,<<84>>0x004f
bc9ae:  5220524f           subl rr0,<<82>>0x004f(r2)
bc9b2:  4d202020           com <<32>>0x0020(r2)
bc9b6:  2020               ldb rh0,@rr2
bc9b8:  2020               ldb rh0,@rr2
bc9ba:  2020               ldb rh0,@rr2
bc9bc:  2020               ldb rh0,@rr2
bc9be:  2020               ldb rh0,@rr2
bc9c0:  2020               ldb rh0,@rr2
bc9c2:  2020               ldb rh0,@rr2
bc9c4:  2020               ldb rh0,@rr2
bc9c6:  2020               ldb rh0,@rr2
bc9c8:  2020               ldb rh0,@rr2
bc9ca:  2020               ldb rh0,@rr2
bc9cc:  2020               ldb rh0,@rr2
bc9ce:  2020               ldb rh0,@rr2
bc9d0:  2020               ldb rh0,@rr2
bc9d2:  2020               ldb rh0,@rr2
bc9d4:  2020               ldb rh0,@rr2
bc9d6:  2020               ldb rh0,@rr2
bc9d8:  2020               ldb rh0,@rr2
bc9da:  2020               ldb rh0,@rr2
bc9dc:  2020               ldb rh0,@rr2
bc9de:  2020               ldb rh0,@rr2
bc9e0:  2020               ldb rh0,@rr2
bc9e2:  2020               ldb rh0,@rr2
bc9e4:  2020               ldb rh0,@rr2
bc9e6:  2020               ldb rh0,@rr2
bc9e8:  2020               ldb rh0,@rr2
bc9ea:  2020               ldb rh0,@rr2
bc9ec:  33205343           ld rr2(#0x5343),r0
bc9f0:  524f4c4c           subl rr15,<<76>>0x004c(r4)
bc9f4:  494e4720           xor r14,<<71>>0x0020(r4)
bc9f8:  43484152           sub r8,<<65>>0x0052(r4)
bc9fc:  2e20               ldb @rr2,rh0
bc9fe:  414e4420           add r14,<<68>>0x0020(r4)
bca02:  53455420           push @rr4,<<84>>0x0020(r5)
bca06:  41545452           add r4,<<84>>0x0052(r5)
bca0a:  2e20               ldb @rr2,rh0
bca0c:  54455354           ldl rr5,<<83>>0x0054(r4)
bca10:  2020               ldb rh0,@rr2
bca12:  2020               ldb rh0,@rr2
bca14:  2020               ldb rh0,@rr2
bca16:  2020               ldb rh0,@rr2
bca18:  2020               ldb rh0,@rr2
bca1a:  2020               ldb rh0,@rr2
bca1c:  2020               ldb rh0,@rr2
bca1e:  2020               ldb rh0,@rr2
bca20:  2020               ldb rh0,@rr2
bca22:  2020               ldb rh0,@rr2
bca24:  2020               ldb rh0,@rr2
bca26:  2020               ldb rh0,@rr2
bca28:  2020               ldb rh0,@rr2
bca2a:  2020               ldb rh0,@rr2
bca2c:  2020               ldb rh0,@rr2
bca2e:  2020               ldb rh0,@rr2
bca30:  2020               ldb rh0,@rr2
bca32:  2020               ldb rh0,@rr2
bca34:  2020               ldb rh0,@rr2
bca36:  2020               ldb rh0,@rr2
bca38:  2020               ldb rh0,@rr2
bca3a:  2020               ldb rh0,@rr2
bca3c:  2048               ldb rl0,@rr4
bca3e:  49542022           xor r4,<<32>>0x0022(r5)
bca42:  454e5445           or r14,<<84>>0x0045(r4)
bca46:  52222054           subl rr2,<<32>>0x0054(r2)
bca4a:  4f20434f4e54       ext4f #0x4f20434f,<<78>>0x0054
bca50:  494e5545           xor r14,<<85>>0x0045(r4)
bca54:  2020               ldb rh0,@rr2
bca56:  2020               ldb rh0,@rr2
bca58:  2020               ldb rh0,@rr2
bca5a:  2020               ldb rh0,@rr2
bca5c:  2020               ldb rh0,@rr2
bca5e:  2020               ldb rh0,@rr2
bca60:  2020               ldb rh0,@rr2
bca62:  2020               ldb rh0,@rr2
bca64:  2020               ldb rh0,@rr2
bca66:  2020               ldb rh0,@rr2
bca68:  2020               ldb rh0,@rr2
bca6a:  2020               ldb rh0,@rr2
bca6c:  2020               ldb rh0,@rr2
bca6e:  2020               ldb rh0,@rr2
bca70:  2020               ldb rh0,@rr2
bca72:  2020               ldb rh0,@rr2
bca74:  2020               ldb rh0,@rr2
bca76:  2020               ldb rh0,@rr2
bca78:  2020               ldb rh0,@rr2
bca7a:  2020               ldb rh0,@rr2
bca7c:  2020               ldb rh0,@rr2
bca7e:  2020               ldb rh0,@rr2
bca80:  2020               ldb rh0,@rr2
bca82:  2020               ldb rh0,@rr2
bca84:  2020               ldb rh0,@rr2
bca86:  2020               ldb rh0,@rr2
bca88:  2020               ldb rh0,@rr2
bca8a:  2020               ldb rh0,@rr2
bca8c:  57533638           pop <<54>>0x0038(r3),@rr5
bca90:  352f4d20           ldl rr15,rr2(#0x4d20)
bca94:  31342220           ld r4,rr3(#0x2220)
bca98:  32333920           ldb rr3(#0x3920),rh3
bca9c:  58203137           multl rq0,<<49>>0x0037(r2)
bcaa0:  30204d4d           ldb rh0,rr2(#0x4d4d)
bcaa4:  2e20               ldb @rr2,rh0
bcaa6:  2020               ldb rh0,@rr2
bcaa8:  2020               ldb rh0,@rr2
bcaaa:  2020               ldb rh0,@rr2
bcaac:  2020               ldb rh0,@rr2
bcaae:  2020               ldb rh0,@rr2
bcab0:  2020               ldb rh0,@rr2
bcab2:  2020               ldb rh0,@rr2
bcab4:  2020               ldb rh0,@rr2
bcab6:  2020               ldb rh0,@rr2
bcab8:  2020               ldb rh0,@rr2
bcaba:  2020               ldb rh0,@rr2
bcabc:  2020               ldb rh0,@rr2
bcabe:  2020               ldb rh0,@rr2
bcac0:  2020               ldb rh0,@rr2
bcac2:  2020               ldb rh0,@rr2
bcac4:  2020               ldb rh0,@rr2
bcac6:  2020               ldb rh0,@rr2
bcac8:  2020               ldb rh0,@rr2
bcaca:  2020               ldb rh0,@rr2
bcacc:  2020               ldb rh0,@rr2
bcace:  2020               ldb rh0,@rr2
bcad0:  2020               ldb rh0,@rr2
bcad2:  2020               ldb rh0,@rr2
bcad4:  2020               ldb rh0,@rr2
bcad6:  2020               ldb rh0,@rr2
bcad8:  2020               ldb rh0,@rr2
bcada:  2020               ldb rh0,@rr2
bcadc:  44534d20           orb rh3,<<77>>0x0020(r5)
bcae0:  31323135           ld r2,rr3(#0x3135)
bcae4:  2031               ldb rh1,@rr3
bcae6:  35222032           ldl rr2,rr2(#0x2032)
bcaea:  3630               .word #0x3630
bcaec:  2058               ldb rl0,@rr5
bcaee:  2031               ldb rh1,@rr3
bcaf0:  3632               .word #0x3632
bcaf2:  204d               ldb rl5,@rr4
bcaf4:  4d2e               .word #0x4d2e
bcaf6:  2020               ldb rh0,@rr2
bcaf8:  2020               ldb rh0,@rr2
bcafa:  2020               ldb rh0,@rr2
bcafc:  2020               ldb rh0,@rr2
bcafe:  2020               ldb rh0,@rr2
bcb00:  2020               ldb rh0,@rr2
bcb02:  2020               ldb rh0,@rr2
bcb04:  2020               ldb rh0,@rr2
bcb06:  2020               ldb rh0,@rr2
bcb08:  2020               ldb rh0,@rr2
bcb0a:  2020               ldb rh0,@rr2
bcb0c:  2020               ldb rh0,@rr2
bcb0e:  2020               ldb rh0,@rr2
bcb10:  2020               ldb rh0,@rr2
bcb12:  2020               ldb rh0,@rr2
bcb14:  2020               ldb rh0,@rr2
bcb16:  2020               ldb rh0,@rr2
bcb18:  2020               ldb rh0,@rr2
bcb1a:  2020               ldb rh0,@rr2
bcb1c:  2020               ldb rh0,@rr2
bcb1e:  2020               ldb rh0,@rr2
bcb20:  2020               ldb rh0,@rr2
bcb22:  2020               ldb rh0,@rr2
bcb24:  2020               ldb rh0,@rr2
bcb26:  2020               ldb rh0,@rr2
bcb28:  2020               ldb rh0,@rr2
bcb2a:  2020               ldb rh0,@rr2
bcb2c:  44534d20           orb rh3,<<77>>0x0020(r5)
bcb30:  31323035           ld r2,rr3(#0x3035)
bcb34:  2020               ldb rh0,@rr2
bcb36:  35222020           ldl rr2,rr2(#0x2020)
bcb3a:  3930               ldps @rr3
bcb3c:  2058               ldb rl0,@rr5
bcb3e:  2036               ldb rh6,@rr3
bcb40:  3620               .word #0x3620
bcb42:  4d4d               .word #0x4d4d
bcb44:  2e20               ldb @rr2,rh0
bcb46:  2020               ldb rh0,@rr2
bcb48:  2020               ldb rh0,@rr2
bcb4a:  2020               ldb rh0,@rr2
bcb4c:  2020               ldb rh0,@rr2
bcb4e:  2020               ldb rh0,@rr2
bcb50:  2020               ldb rh0,@rr2
bcb52:  2020               ldb rh0,@rr2
bcb54:  2020               ldb rh0,@rr2
bcb56:  2020               ldb rh0,@rr2
bcb58:  2020               ldb rh0,@rr2
bcb5a:  2020               ldb rh0,@rr2
bcb5c:  2020               ldb rh0,@rr2
bcb5e:  2020               ldb rh0,@rr2
bcb60:  2020               ldb rh0,@rr2
bcb62:  2020               ldb rh0,@rr2
bcb64:  2020               ldb rh0,@rr2
bcb66:  2020               ldb rh0,@rr2
bcb68:  2020               ldb rh0,@rr2
bcb6a:  2020               ldb rh0,@rr2
bcb6c:  2020               ldb rh0,@rr2
bcb6e:  2020               ldb rh0,@rr2
bcb70:  2020               ldb rh0,@rr2
bcb72:  2020               ldb rh0,@rr2
bcb74:  2020               ldb rh0,@rr2
bcb76:  2020               ldb rh0,@rr2
bcb78:  2020               ldb rh0,@rr2
bcb7a:  2020               ldb rh0,@rr2
bcb7c:  44534d20           orb rh3,<<77>>0x0020(r5)
bcb80:  31323139           ld r2,rr3(#0x3139)
bcb84:  2020               ldb rh0,@rr2
bcb86:  3922               .word #0x3922
bcb88:  2020               ldb rh0,@rr2
bcb8a:  3134302e           ld r4,rr3(#0x302e)
bcb8e:  35205820           ldl rr0,rr2(#0x5820)
bcb92:  3130362e           ld r0,rr3(#0x362e)
bcb96:  35204d4d           ldl rr0,rr2(#0x4d4d)
bcb9a:  2e20               ldb @rr2,rh0
bcb9c:  2020               ldb rh0,@rr2
bcb9e:  2020               ldb rh0,@rr2
bcba0:  2020               ldb rh0,@rr2
bcba2:  2020               ldb rh0,@rr2
bcba4:  2020               ldb rh0,@rr2
bcba6:  2020               ldb rh0,@rr2
bcba8:  2020               ldb rh0,@rr2
bcbaa:  2020               ldb rh0,@rr2
bcbac:  2020               ldb rh0,@rr2
bcbae:  2020               ldb rh0,@rr2
bcbb0:  2020               ldb rh0,@rr2
bcbb2:  2020               ldb rh0,@rr2
bcbb4:  2020               ldb rh0,@rr2
bcbb6:  2020               ldb rh0,@rr2
bcbb8:  2020               ldb rh0,@rr2
bcbba:  2020               ldb rh0,@rr2
bcbbc:  2020               ldb rh0,@rr2
bcbbe:  2020               ldb rh0,@rr2
bcbc0:  2020               ldb rh0,@rr2
bcbc2:  2020               ldb rh0,@rr2
bcbc4:  2020               ldb rh0,@rr2
bcbc6:  2020               ldb rh0,@rr2
bcbc8:  2020               ldb rh0,@rr2
bcbca:  2020               ldb rh0,@rr2
bcbcc:  44534d20           orb rh3,<<77>>0x0020(r5)
bcbd0:  31323136           ld r2,rr3(#0x3136)
bcbd4:  2031               ldb rh1,@rr3
bcbd6:  35222047           ldl rr2,rr2(#0x2047)
bcbda:  2020               ldb rh0,@rr2
bcbdc:  32363620           ldb rr3(#0x3620),rh6
bcbe0:  58203136           multl rq0,<<49>>0x0036(r2)
bcbe4:  3820               .word #0x3820
bcbe6:  4d4d               .word #0x4d4d
bcbe8:  2e20               ldb @rr2,rh0
bcbea:  2020               ldb rh0,@rr2
bcbec:  2020               ldb rh0,@rr2
bcbee:  2020               ldb rh0,@rr2
bcbf0:  2020               ldb rh0,@rr2
bcbf2:  2020               ldb rh0,@rr2
bcbf4:  2020               ldb rh0,@rr2
bcbf6:  2020               ldb rh0,@rr2
bcbf8:  2020               ldb rh0,@rr2
bcbfa:  2020               ldb rh0,@rr2
bcbfc:  2020               ldb rh0,@rr2
bcbfe:  2020               ldb rh0,@rr2
bcc00:  2020               ldb rh0,@rr2
bcc02:  2020               ldb rh0,@rr2
bcc04:  2020               ldb rh0,@rr2
bcc06:  2020               ldb rh0,@rr2
bcc08:  2020               ldb rh0,@rr2
bcc0a:  2020               ldb rh0,@rr2
bcc0c:  2020               ldb rh0,@rr2
bcc0e:  2020               ldb rh0,@rr2
bcc10:  2020               ldb rh0,@rr2
bcc12:  2020               ldb rh0,@rr2
bcc14:  2020               ldb rh0,@rr2
bcc16:  2020               ldb rh0,@rr2
bcc18:  2020               ldb rh0,@rr2
bcc1a:  2020               ldb rh0,@rr2
bcc1c:  34205343           lda rr0,rr2(#0x5343)
bcc20:  5245454e           subl rr5,<<69>>0x004e(r4)
bcc24:  2053               ldb rh3,@rr5
bcc26:  495a4520           xor r10,<<69>>0x0020(r5)
bcc2a:  54455354           ldl rr5,<<83>>0x0054(r4)
bcc2e:  2020               ldb rh0,@rr2
bcc30:  2020               ldb rh0,@rr2
bcc32:  2020               ldb rh0,@rr2
bcc34:  2020               ldb rh0,@rr2
bcc36:  2020               ldb rh0,@rr2
bcc38:  2020               ldb rh0,@rr2
bcc3a:  2020               ldb rh0,@rr2
bcc3c:  2020               ldb rh0,@rr2
bcc3e:  2020               ldb rh0,@rr2
bcc40:  2020               ldb rh0,@rr2
bcc42:  2020               ldb rh0,@rr2
bcc44:  2020               ldb rh0,@rr2
bcc46:  2020               ldb rh0,@rr2
bcc48:  2020               ldb rh0,@rr2
bcc4a:  2020               ldb rh0,@rr2
bcc4c:  2020               ldb rh0,@rr2
bcc4e:  2020               ldb rh0,@rr2
bcc50:  2020               ldb rh0,@rr2
bcc52:  2020               ldb rh0,@rr2
bcc54:  2020               ldb rh0,@rr2
bcc56:  2020               ldb rh0,@rr2
bcc58:  2020               ldb rh0,@rr2
bcc5a:  2020               ldb rh0,@rr2
bcc5c:  2020               ldb rh0,@rr2
bcc5e:  2020               ldb rh0,@rr2
bcc60:  2020               ldb rh0,@rr2
bcc62:  2020               ldb rh0,@rr2
bcc64:  2020               ldb rh0,@rr2
bcc66:  2020               ldb rh0,@rr2
bcc68:  2020               ldb rh0,@rr2
bcc6a:  2020               ldb rh0,@rr2
bcc6c:  2020               ldb rh0,@rr2
bcc6e:  4f5220202020       ext4f #0x4f522020,<<32>>0x0020
bcc74:  2230               resb @rr3,#0
bcc76:  2220               resb @rr2,#0
bcc78:  2020               ldb rh0,@rr2
bcc7a:  2020               ldb rh0,@rr2
bcc7c:  544f2048           ldl rr15,<<32>>0x0048(r4)
bcc80:  454c5020           or r12,<<80>>0x0020(r4)
bcc84:  2020               ldb rh0,@rr2
bcc86:  2020               ldb rh0,@rr2
bcc88:  2020               ldb rh0,@rr2
bcc8a:  2020               ldb rh0,@rr2
bcc8c:  2020               ldb rh0,@rr2
bcc8e:  2020               ldb rh0,@rr2
bcc90:  2020               ldb rh0,@rr2
bcc92:  2020               ldb rh0,@rr2
bcc94:  2020               ldb rh0,@rr2
bcc96:  2020               ldb rh0,@rr2
bcc98:  2020               ldb rh0,@rr2
bcc9a:  2020               ldb rh0,@rr2
bcc9c:  2020               ldb rh0,@rr2
bcc9e:  2020               ldb rh0,@rr2
bcca0:  2020               ldb rh0,@rr2
bcca2:  2020               ldb rh0,@rr2
bcca4:  2020               ldb rh0,@rr2
bcca6:  2020               ldb rh0,@rr2
bcca8:  2020               ldb rh0,@rr2
bccaa:  2020               ldb rh0,@rr2
bccac:  2020               ldb rh0,@rr2
bccae:  2020               ldb rh0,@rr2
bccb0:  2020               ldb rh0,@rr2
bccb2:  2020               ldb rh0,@rr2
bccb4:  2020               ldb rh0,@rr2
bccb6:  2020               ldb rh0,@rr2
bccb8:  2020               ldb rh0,@rr2
bccba:  2020               ldb rh0,@rr2
bccbc:  2048               ldb rl0,@rr4
bccbe:  49542022           xor r4,<<32>>0x0022(r5)
bccc2:  454e5445           or r14,<<84>>0x0045(r4)
bccc6:  52222054           subl rr2,<<32>>0x0054(r2)
bccca:  4f20434f4e54       ext4f #0x4f20434f,<<78>>0x0054
bccd0:  494e5545           xor r14,<<85>>0x0045(r4)
bccd4:  2020               ldb rh0,@rr2
bccd6:  2020               ldb rh0,@rr2
bccd8:  2020               ldb rh0,@rr2
bccda:  2020               ldb rh0,@rr2
bccdc:  2020               ldb rh0,@rr2
bccde:  2020               ldb rh0,@rr2
bcce0:  2020               ldb rh0,@rr2
bcce2:  2020               ldb rh0,@rr2
bcce4:  2020               ldb rh0,@rr2
bcce6:  2020               ldb rh0,@rr2
bcce8:  2020               ldb rh0,@rr2
bccea:  2020               ldb rh0,@rr2
bccec:  2020               ldb rh0,@rr2
bccee:  2020               ldb rh0,@rr2
bccf0:  2020               ldb rh0,@rr2
bccf2:  2020               ldb rh0,@rr2
bccf4:  2020               ldb rh0,@rr2
bccf6:  2020               ldb rh0,@rr2
bccf8:  2020               ldb rh0,@rr2
bccfa:  2020               ldb rh0,@rr2
bccfc:  2020               ldb rh0,@rr2
bccfe:  2020               ldb rh0,@rr2
bcd00:  2020               ldb rh0,@rr2
bcd02:  2020               ldb rh0,@rr2
bcd04:  2020               ldb rh0,@rr2
bcd06:  2020               ldb rh0,@rr2
bcd08:  2020               ldb rh0,@rr2
bcd0a:  2020               ldb rh0,@rr2
bcd0c:  35204745           ldl rr0,rr2(#0x4745)
bcd10:  4f4d45545259       ext4f #0x4f4d4554,<<82>>0x0059
bcd16:  2041               ldb rh1,@rr4
bcd18:  4e44204c494e       ext4e #0x4e44204c,<<73>>0x004e
bcd1e:  45415259           or r1,<<82>>0x0059(r4)
bcd22:  2054               ldb rh4,@rr5
bcd24:  45535420           or r3,<<84>>0x0020(r5)
bcd28:  2020               ldb rh0,@rr2
bcd2a:  2020               ldb rh0,@rr2
bcd2c:  2020               ldb rh0,@rr2
bcd2e:  2020               ldb rh0,@rr2
bcd30:  2020               ldb rh0,@rr2
bcd32:  2020               ldb rh0,@rr2
bcd34:  2020               ldb rh0,@rr2
bcd36:  2020               ldb rh0,@rr2
bcd38:  2020               ldb rh0,@rr2
bcd3a:  2020               ldb rh0,@rr2
bcd3c:  2020               ldb rh0,@rr2
bcd3e:  2020               ldb rh0,@rr2
bcd40:  2020               ldb rh0,@rr2
bcd42:  2020               ldb rh0,@rr2
bcd44:  2020               ldb rh0,@rr2
bcd46:  2020               ldb rh0,@rr2
bcd48:  2020               ldb rh0,@rr2
bcd4a:  2020               ldb rh0,@rr2
bcd4c:  2020               ldb rh0,@rr2
bcd4e:  2020               ldb rh0,@rr2
bcd50:  2020               ldb rh0,@rr2
bcd52:  2020               ldb rh0,@rr2
bcd54:  2020               ldb rh0,@rr2
bcd56:  2020               ldb rh0,@rr2
bcd58:  2020               ldb rh0,@rr2
bcd5a:  2020               ldb rh0,@rr2
bcd5c:  2048               ldb rl0,@rr4
bcd5e:  49542022           xor r4,<<32>>0x0022(r5)
bcd62:  454e5445           or r14,<<84>>0x0045(r4)
bcd66:  52222054           subl rr2,<<32>>0x0054(r2)
bcd6a:  4f20434f4e54       ext4f #0x4f20434f,<<78>>0x0054
bcd70:  494e5545           xor r14,<<85>>0x0045(r4)
bcd74:  204f               ldb rl7,@rr4
bcd76:  52202230           subl rr0,<<34>>0x0030(r2)
bcd7a:  2220               resb @rr2,#0
bcd7c:  544f2048           ldl rr15,<<32>>0x0048(r4)
bcd80:  454c5020           or r12,<<80>>0x0020(r4)
bcd84:  2020               ldb rh0,@rr2
bcd86:  2020               ldb rh0,@rr2
bcd88:  2020               ldb rh0,@rr2
bcd8a:  2020               ldb rh0,@rr2
bcd8c:  2020               ldb rh0,@rr2
bcd8e:  2020               ldb rh0,@rr2
bcd90:  2020               ldb rh0,@rr2
bcd92:  2020               ldb rh0,@rr2
bcd94:  2020               ldb rh0,@rr2
bcd96:  2020               ldb rh0,@rr2
bcd98:  2020               ldb rh0,@rr2
bcd9a:  2020               ldb rh0,@rr2
bcd9c:  2020               ldb rh0,@rr2
bcd9e:  2020               ldb rh0,@rr2
bcda0:  2020               ldb rh0,@rr2
bcda2:  2020               ldb rh0,@rr2
bcda4:  2020               ldb rh0,@rr2
bcda6:  2020               ldb rh0,@rr2
bcda8:  2020               ldb rh0,@rr2
bcdaa:  2020               ldb rh0,@rr2
bcdac:  3620               .word #0x3620
bcdae:  53504f54           push @rr5,<<79>>0x0054
bcdb2:  2053               ldb rh3,@rr5
bcdb4:  495a4520           xor r10,<<69>>0x0020(r5)
bcdb8:  54455354           ldl rr5,<<83>>0x0054(r4)
bcdbc:  2020               ldb rh0,@rr2
bcdbe:  2020               ldb rh0,@rr2
bcdc0:  2020               ldb rh0,@rr2
bcdc2:  2020               ldb rh0,@rr2
bcdc4:  2020               ldb rh0,@rr2
bcdc6:  2020               ldb rh0,@rr2
bcdc8:  2020               ldb rh0,@rr2
bcdca:  2020               ldb rh0,@rr2
bcdcc:  2020               ldb rh0,@rr2
bcdce:  2020               ldb rh0,@rr2
bcdd0:  2020               ldb rh0,@rr2
bcdd2:  2020               ldb rh0,@rr2
bcdd4:  2020               ldb rh0,@rr2
bcdd6:  2020               ldb rh0,@rr2
bcdd8:  2020               ldb rh0,@rr2
bcdda:  2020               ldb rh0,@rr2
bcddc:  2020               ldb rh0,@rr2
bcdde:  2020               ldb rh0,@rr2
bcde0:  2020               ldb rh0,@rr2
bcde2:  2020               ldb rh0,@rr2
bcde4:  2020               ldb rh0,@rr2
bcde6:  2020               ldb rh0,@rr2
bcde8:  2020               ldb rh0,@rr2
bcdea:  2020               ldb rh0,@rr2
bcdec:  2020               ldb rh0,@rr2
bcdee:  2020               ldb rh0,@rr2
bcdf0:  2020               ldb rh0,@rr2
bcdf2:  2020               ldb rh0,@rr2
bcdf4:  2020               ldb rh0,@rr2
bcdf6:  2020               ldb rh0,@rr2
bcdf8:  2020               ldb rh0,@rr2
bcdfa:  2020               ldb rh0,@rr2
bcdfc:  2048               ldb rl0,@rr4
bcdfe:  49542022           xor r4,<<32>>0x0022(r5)
bce02:  454e5445           or r14,<<84>>0x0045(r4)
bce06:  52222054           subl rr2,<<32>>0x0054(r2)
bce0a:  4f20434f4e54       ext4f #0x4f20434f,<<78>>0x0054
bce10:  494e5545           xor r14,<<85>>0x0045(r4)
bce14:  204f               ldb rl7,@rr4
bce16:  52202230           subl rr0,<<34>>0x0030(r2)
bce1a:  2220               resb @rr2,#0
bce1c:  544f2048           ldl rr15,<<32>>0x0048(r4)
bce20:  454c5020           or r12,<<80>>0x0020(r4)
bce24:  2020               ldb rh0,@rr2
bce26:  2020               ldb rh0,@rr2
bce28:  2020               ldb rh0,@rr2
bce2a:  2020               ldb rh0,@rr2
bce2c:  2020               ldb rh0,@rr2
bce2e:  2020               ldb rh0,@rr2
bce30:  2020               ldb rh0,@rr2
bce32:  2020               ldb rh0,@rr2
bce34:  2020               ldb rh0,@rr2
bce36:  2020               ldb rh0,@rr2
bce38:  2020               ldb rh0,@rr2
bce3a:  2020               ldb rh0,@rr2
bce3c:  2020               ldb rh0,@rr2
bce3e:  2020               ldb rh0,@rr2
bce40:  2020               ldb rh0,@rr2
bce42:  2020               ldb rh0,@rr2
bce44:  2020               ldb rh0,@rr2
bce46:  2020               ldb rh0,@rr2
bce48:  2020               ldb rh0,@rr2
bce4a:  2020               ldb rh0,@rr2
bce4c:  2048               ldb rl0,@rr4
bce4e:  49542022           xor r4,<<32>>0x0022(r5)
bce52:  454e5445           or r14,<<84>>0x0045(r4)
bce56:  52222054           subl rr2,<<32>>0x0054(r2)
bce5a:  4f20434f4e54       ext4f #0x4f20434f,<<78>>0x0054
bce60:  494e5545           xor r14,<<85>>0x0045(r4)
bce64:  2020               ldb rh0,@rr2
bce66:  2020               ldb rh0,@rr2
bce68:  2020               ldb rh0,@rr2
bce6a:  2020               ldb rh0,@rr2
bce6c:  2020               ldb rh0,@rr2
bce6e:  2020               ldb rh0,@rr2
bce70:  2020               ldb rh0,@rr2
bce72:  2020               ldb rh0,@rr2
bce74:  2020               ldb rh0,@rr2
bce76:  2020               ldb rh0,@rr2
bce78:  2020               ldb rh0,@rr2
bce7a:  2020               ldb rh0,@rr2
bce7c:  2020               ldb rh0,@rr2
bce7e:  2020               ldb rh0,@rr2
bce80:  2020               ldb rh0,@rr2
bce82:  2020               ldb rh0,@rr2
bce84:  2020               ldb rh0,@rr2
bce86:  2020               ldb rh0,@rr2
bce88:  2020               ldb rh0,@rr2
bce8a:  2020               ldb rh0,@rr2
bce8c:  2020               ldb rh0,@rr2
bce8e:  2020               ldb rh0,@rr2
bce90:  2020               ldb rh0,@rr2
bce92:  2020               ldb rh0,@rr2
bce94:  2020               ldb rh0,@rr2
bce96:  2020               ldb rh0,@rr2
bce98:  2020               ldb rh0,@rr2
bce9a:  2020               ldb rh0,@rr2
bce9c:  48495420           xorb rl1,<<84>>0x0020(r4)
bcea0:  2232               resb @rr3,#2
bcea2:  2220               resb @rr2,#0
bcea4:  53455420           push @rr4,<<84>>0x0020(r5)
bcea8:  53435245           push @rr4,<<82>>0x0045(r3)
bceac:  454e2054           or r14,<<32>>0x0054(r4)
bceb0:  4f2032303030       ext4f #0x4f203230,<<48>>0x0030
bceb6:  2043               ldb rh3,@rr4
bceb8:  48415220           xorb rh1,<<82>>0x0020(r4)
bcebc:  2020               ldb rh0,@rr2
bcebe:  2020               ldb rh0,@rr2
bcec0:  2020               ldb rh0,@rr2
bcec2:  2020               ldb rh0,@rr2
bcec4:  2020               ldb rh0,@rr2
bcec6:  2020               ldb rh0,@rr2
bcec8:  2020               ldb rh0,@rr2
bceca:  2020               ldb rh0,@rr2
bcecc:  2020               ldb rh0,@rr2
bcece:  2020               ldb rh0,@rr2
bced0:  2020               ldb rh0,@rr2
bced2:  2020               ldb rh0,@rr2
bced4:  2020               ldb rh0,@rr2
bced6:  2020               ldb rh0,@rr2
bced8:  2020               ldb rh0,@rr2
bceda:  2020               ldb rh0,@rr2
bcedc:  2020               ldb rh0,@rr2
bcede:  2020               ldb rh0,@rr2
bcee0:  2020               ldb rh0,@rr2
bcee2:  2020               ldb rh0,@rr2
bcee4:  2020               ldb rh0,@rr2
bcee6:  2020               ldb rh0,@rr2
bcee8:  2020               ldb rh0,@rr2
bceea:  2020               ldb rh0,@rr2
bceec:  48495420           xorb rl1,<<84>>0x0020(r4)
bcef0:  2231               resb @rr3,#1
bcef2:  2220               resb @rr2,#0
bcef4:  53455420           push @rr4,<<84>>0x0020(r5)
bcef8:  53435245           push @rr4,<<82>>0x0045(r3)
bcefc:  454e2054           or r14,<<32>>0x0054(r4)
bcf00:  4f2020353230       ext4f #0x4f202035,<<50>>0x0030
bcf06:  2043               ldb rh3,@rr4
bcf08:  48415220           xorb rh1,<<82>>0x0020(r4)
bcf0c:  2020               ldb rh0,@rr2
bcf0e:  2020               ldb rh0,@rr2
bcf10:  2020               ldb rh0,@rr2
bcf12:  2020               ldb rh0,@rr2
bcf14:  2020               ldb rh0,@rr2
bcf16:  2020               ldb rh0,@rr2
bcf18:  2020               ldb rh0,@rr2
bcf1a:  2020               ldb rh0,@rr2
bcf1c:  2020               ldb rh0,@rr2
bcf1e:  2020               ldb rh0,@rr2
bcf20:  2020               ldb rh0,@rr2
bcf22:  2020               ldb rh0,@rr2
bcf24:  2020               ldb rh0,@rr2
bcf26:  2020               ldb rh0,@rr2
bcf28:  2020               ldb rh0,@rr2
bcf2a:  2020               ldb rh0,@rr2
bcf2c:  2020               ldb rh0,@rr2
bcf2e:  2020               ldb rh0,@rr2
bcf30:  2020               ldb rh0,@rr2
bcf32:  2020               ldb rh0,@rr2
bcf34:  2020               ldb rh0,@rr2
bcf36:  2020               ldb rh0,@rr2
bcf38:  2020               ldb rh0,@rr2
bcf3a:  2020               ldb rh0,@rr2
bcf3c:  48495420           xorb rl1,<<84>>0x0020(r4)
bcf40:  2230               resb @rr3,#0
bcf42:  2220               resb @rr2,#0
bcf44:  45584954           or r8,<<73>>0x0054(r5)
bcf48:  2020               ldb rh0,@rr2
bcf4a:  2020               ldb rh0,@rr2
bcf4c:  2020               ldb rh0,@rr2
bcf4e:  2020               ldb rh0,@rr2
bcf50:  2020               ldb rh0,@rr2
bcf52:  2020               ldb rh0,@rr2
bcf54:  2020               ldb rh0,@rr2
bcf56:  2020               ldb rh0,@rr2
bcf58:  2020               ldb rh0,@rr2
bcf5a:  2020               ldb rh0,@rr2
bcf5c:  2020               ldb rh0,@rr2
bcf5e:  2020               ldb rh0,@rr2
bcf60:  2020               ldb rh0,@rr2
bcf62:  2020               ldb rh0,@rr2
bcf64:  2020               ldb rh0,@rr2
bcf66:  2020               ldb rh0,@rr2
bcf68:  2020               ldb rh0,@rr2
bcf6a:  2020               ldb rh0,@rr2
bcf6c:  2020               ldb rh0,@rr2
bcf6e:  2020               ldb rh0,@rr2
bcf70:  2020               ldb rh0,@rr2
bcf72:  2020               ldb rh0,@rr2
bcf74:  2020               ldb rh0,@rr2
bcf76:  2020               ldb rh0,@rr2
bcf78:  2020               ldb rh0,@rr2
bcf7a:  2020               ldb rh0,@rr2
bcf7c:  2020               ldb rh0,@rr2
bcf7e:  2020               ldb rh0,@rr2
bcf80:  2020               ldb rh0,@rr2
bcf82:  2020               ldb rh0,@rr2
bcf84:  2020               ldb rh0,@rr2
bcf86:  2020               ldb rh0,@rr2
bcf88:  2020               ldb rh0,@rr2
bcf8a:  2020               ldb rh0,@rr2
bcf8c:  4c554d494e4f       ldb <<77>>0x0049(r5),#0x4f
bcf92:  53495459           push @rr4,<<84>>0x0059(r9)
bcf96:  2054               ldb rh4,@rr5
bcf98:  45535420           or r3,<<84>>0x0020(r5)
bcf9c:  2020               ldb rh0,@rr2
bcf9e:  2020               ldb rh0,@rr2
bcfa0:  2020               ldb rh0,@rr2
bcfa2:  2020               ldb rh0,@rr2
bcfa4:  2020               ldb rh0,@rr2
bcfa6:  2020               ldb rh0,@rr2
bcfa8:  2020               ldb rh0,@rr2
bcfaa:  2020               ldb rh0,@rr2
bcfac:  2020               ldb rh0,@rr2
bcfae:  2020               ldb rh0,@rr2
bcfb0:  2020               ldb rh0,@rr2
bcfb2:  2020               ldb rh0,@rr2
bcfb4:  2020               ldb rh0,@rr2
bcfb6:  2020               ldb rh0,@rr2
bcfb8:  2020               ldb rh0,@rr2
bcfba:  2020               ldb rh0,@rr2
bcfbc:  2020               ldb rh0,@rr2
bcfbe:  2020               ldb rh0,@rr2
bcfc0:  2020               ldb rh0,@rr2
bcfc2:  2020               ldb rh0,@rr2
bcfc4:  2020               ldb rh0,@rr2
bcfc6:  2020               ldb rh0,@rr2
bcfc8:  2020               ldb rh0,@rr2
bcfca:  2020               ldb rh0,@rr2
bcfcc:  2020               ldb rh0,@rr2
bcfce:  2020               ldb rh0,@rr2
bcfd0:  2020               ldb rh0,@rr2
bcfd2:  2020               ldb rh0,@rr2
bcfd4:  2020               ldb rh0,@rr2
bcfd6:  2020               ldb rh0,@rr2
bcfd8:  2020               ldb rh0,@rr2
bcfda:  2020               ldb rh0,@rr2
bcfdc:  37204c55           ldl rr2(#0x4c55),rr0
bcfe0:  4d49               .word #0x4d49
bcfe2:  4e4f53495459       ext4e #0x4e4f5349,<<84>>0x0059
bcfe8:  2054               ldb rh4,@rr5
bcfea:  45535420           or r3,<<84>>0x0020(r5)
bcfee:  2020               ldb rh0,@rr2
bcff0:  2020               ldb rh0,@rr2
bcff2:  2020               ldb rh0,@rr2
bcff4:  2020               ldb rh0,@rr2
bcff6:  2020               ldb rh0,@rr2
bcff8:  2020               ldb rh0,@rr2
bcffa:  2020               ldb rh0,@rr2
bcffc:  2020               ldb rh0,@rr2
bcffe:  2020               ldb rh0,@rr2
bd000:  2020               ldb rh0,@rr2
bd002:  2020               ldb rh0,@rr2
bd004:  2020               ldb rh0,@rr2
bd006:  2020               ldb rh0,@rr2
bd008:  2020               ldb rh0,@rr2
bd00a:  2020               ldb rh0,@rr2
bd00c:  2020               ldb rh0,@rr2
bd00e:  2020               ldb rh0,@rr2
bd010:  2020               ldb rh0,@rr2
bd012:  2020               ldb rh0,@rr2
bd014:  2020               ldb rh0,@rr2
bd016:  2020               ldb rh0,@rr2
bd018:  2020               ldb rh0,@rr2
bd01a:  2020               ldb rh0,@rr2
bd01c:  2020               ldb rh0,@rr2
bd01e:  2020               ldb rh0,@rr2
bd020:  2020               ldb rh0,@rr2
bd022:  2020               ldb rh0,@rr2
bd024:  2020               ldb rh0,@rr2
bd026:  2020               ldb rh0,@rr2
bd028:  2020               ldb rh0,@rr2
bd02a:  2020               ldb rh0,@rr2
bd02c:  2048               ldb rl0,@rr4
bd02e:  49542022           xor r4,<<32>>0x0022(r5)
bd032:  534b4950           push @rr4,<<73>>0x0050(r11)
bd036:  2220               resb @rr2,#0
bd038:  4f522022444f       ext4f #0x4f522022,<<68>>0x004f
bd03e:  2220               resb @rr2,#0
bd040:  544f2052           ldl rr15,<<32>>0x0052(r4)
bd044:  45504541           or r0,<<69>>0x0041(r5)
bd048:  54202020           ldl rr0,<<32>>0x0020(r2)
bd04c:  2020               ldb rh0,@rr2
bd04e:  2020               ldb rh0,@rr2
bd050:  2020               ldb rh0,@rr2
bd052:  2020               ldb rh0,@rr2
bd054:  2020               ldb rh0,@rr2
bd056:  2020               ldb rh0,@rr2
bd058:  2020               ldb rh0,@rr2
bd05a:  2020               ldb rh0,@rr2
bd05c:  2020               ldb rh0,@rr2
bd05e:  2020               ldb rh0,@rr2
bd060:  2020               ldb rh0,@rr2
bd062:  2020               ldb rh0,@rr2
bd064:  2020               ldb rh0,@rr2
bd066:  2020               ldb rh0,@rr2
bd068:  2020               ldb rh0,@rr2
bd06a:  2020               ldb rh0,@rr2
bd06c:  2020               ldb rh0,@rr2
bd06e:  2020               ldb rh0,@rr2
bd070:  2020               ldb rh0,@rr2
bd072:  2020               ldb rh0,@rr2
bd074:  2020               ldb rh0,@rr2
bd076:  2020               ldb rh0,@rr2
bd078:  2020               ldb rh0,@rr2
bd07a:  2020               ldb rh0,@rr2
bd07c:  2048               ldb rl0,@rr4
bd07e:  49542022           xor r4,<<32>>0x0022(r5)
bd082:  454e5445           or r14,<<84>>0x0045(r4)
bd086:  52222054           subl rr2,<<32>>0x0054(r2)
bd08a:  4f20434f4e54       ext4f #0x4f20434f,<<78>>0x0054
bd090:  494e5545           xor r14,<<85>>0x0045(r4)
bd094:  2020               ldb rh0,@rr2
bd096:  2020               ldb rh0,@rr2
bd098:  2020               ldb rh0,@rr2
bd09a:  2020               ldb rh0,@rr2
bd09c:  2020               ldb rh0,@rr2
bd09e:  2020               ldb rh0,@rr2
bd0a0:  2020               ldb rh0,@rr2
bd0a2:  2020               ldb rh0,@rr2
bd0a4:  2020               ldb rh0,@rr2
bd0a6:  2020               ldb rh0,@rr2
bd0a8:  2020               ldb rh0,@rr2
bd0aa:  2020               ldb rh0,@rr2
bd0ac:  2020               ldb rh0,@rr2
bd0ae:  2020               ldb rh0,@rr2
bd0b0:  2020               ldb rh0,@rr2
bd0b2:  2020               ldb rh0,@rr2
bd0b4:  2020               ldb rh0,@rr2
bd0b6:  2020               ldb rh0,@rr2
bd0b8:  2020               ldb rh0,@rr2
bd0ba:  2020               ldb rh0,@rr2
bd0bc:  2020               ldb rh0,@rr2
bd0be:  2020               ldb rh0,@rr2
bd0c0:  2020               ldb rh0,@rr2
bd0c2:  2020               ldb rh0,@rr2
bd0c4:  2020               ldb rh0,@rr2
bd0c6:  2020               ldb rh0,@rr2
bd0c8:  2020               ldb rh0,@rr2
bd0ca:  2020               ldb rh0,@rr2
bd0cc:  2048               ldb rl0,@rr4
bd0ce:  49542022           xor r4,<<32>>0x0022(r5)
bd0d2:  454e5445           or r14,<<84>>0x0045(r4)
bd0d6:  52222054           subl rr2,<<32>>0x0054(r2)
bd0da:  4f20434f4e54       ext4f #0x4f20434f,<<78>>0x0054
bd0e0:  494e5545           xor r14,<<85>>0x0045(r4)
bd0e4:  204f               ldb rl7,@rr4
bd0e6:  52202230           subl rr0,<<34>>0x0030(r2)
bd0ea:  2220               resb @rr2,#0
bd0ec:  544f2048           ldl rr15,<<32>>0x0048(r4)
bd0f0:  454c5020           or r12,<<80>>0x0020(r4)
bd0f4:  2020               ldb rh0,@rr2
bd0f6:  2020               ldb rh0,@rr2
bd0f8:  2020               ldb rh0,@rr2
bd0fa:  2020               ldb rh0,@rr2
bd0fc:  2020               ldb rh0,@rr2
bd0fe:  2020               ldb rh0,@rr2
bd100:  2020               ldb rh0,@rr2
bd102:  2020               ldb rh0,@rr2
bd104:  2020               ldb rh0,@rr2
bd106:  2020               ldb rh0,@rr2
bd108:  2020               ldb rh0,@rr2
bd10a:  2020               ldb rh0,@rr2
bd10c:  2020               ldb rh0,@rr2
bd10e:  2020               ldb rh0,@rr2
bd110:  2020               ldb rh0,@rr2
bd112:  2020               ldb rh0,@rr2
bd114:  2020               ldb rh0,@rr2
bd116:  2020               ldb rh0,@rr2
bd118:  2020               ldb rh0,@rr2
bd11a:  2020               ldb rh0,@rr2
bd11c:  3820               .word #0x3820
bd11e:  50484f54           cpl rr8,<<79>>0x0054(r4)
bd122:  4f4d45545249       ext4f #0x4f4d4554,<<82>>0x0049
bd128:  43205445           sub r0,<<84>>0x0045(r2)
bd12c:  53542020           push @rr5,<<32>>0x0020(r4)
bd130:  2020               ldb rh0,@rr2
bd132:  2020               ldb rh0,@rr2
bd134:  2020               ldb rh0,@rr2
bd136:  2020               ldb rh0,@rr2
bd138:  2020               ldb rh0,@rr2
bd13a:  2020               ldb rh0,@rr2
bd13c:  2020               ldb rh0,@rr2
bd13e:  2020               ldb rh0,@rr2
bd140:  2020               ldb rh0,@rr2
bd142:  2020               ldb rh0,@rr2
bd144:  2020               ldb rh0,@rr2
bd146:  2020               ldb rh0,@rr2
bd148:  2020               ldb rh0,@rr2
bd14a:  2020               ldb rh0,@rr2
bd14c:  2020               ldb rh0,@rr2
bd14e:  2020               ldb rh0,@rr2
bd150:  2020               ldb rh0,@rr2
bd152:  2020               ldb rh0,@rr2
bd154:  2020               ldb rh0,@rr2
bd156:  2020               ldb rh0,@rr2
bd158:  2020               ldb rh0,@rr2
bd15a:  2020               ldb rh0,@rr2
bd15c:  2020               ldb rh0,@rr2
bd15e:  2020               ldb rh0,@rr2
bd160:  2020               ldb rh0,@rr2
bd162:  2020               ldb rh0,@rr2
bd164:  2020               ldb rh0,@rr2
bd166:  2020               ldb rh0,@rr2
bd168:  2020               ldb rh0,@rr2
bd16a:  2020               ldb rh0,@rr2
bd16c:  2048               ldb rl0,@rr4
bd16e:  49542022           xor r4,<<32>>0x0022(r5)
bd172:  454e5445           or r14,<<84>>0x0045(r4)
bd176:  52222054           subl rr2,<<32>>0x0054(r2)
bd17a:  4f20434f4e54       ext4f #0x4f20434f,<<78>>0x0054
bd180:  494e5545           xor r14,<<85>>0x0045(r4)
bd184:  204f               ldb rl7,@rr4
bd186:  52202230           subl rr0,<<34>>0x0030(r2)
bd18a:  2220               resb @rr2,#0
bd18c:  544f2048           ldl rr15,<<32>>0x0048(r4)
bd190:  454c5020           or r12,<<80>>0x0020(r4)
bd194:  2020               ldb rh0,@rr2
bd196:  2020               ldb rh0,@rr2
bd198:  2020               ldb rh0,@rr2
bd19a:  2020               ldb rh0,@rr2
bd19c:  2020               ldb rh0,@rr2
bd19e:  2020               ldb rh0,@rr2
bd1a0:  2020               ldb rh0,@rr2
bd1a2:  2020               ldb rh0,@rr2
bd1a4:  2020               ldb rh0,@rr2
bd1a6:  2020               ldb rh0,@rr2
bd1a8:  2020               ldb rh0,@rr2
bd1aa:  2020               ldb rh0,@rr2
bd1ac:  2020               ldb rh0,@rr2
bd1ae:  2020               ldb rh0,@rr2
bd1b0:  2020               ldb rh0,@rr2
bd1b2:  2020               ldb rh0,@rr2
bd1b4:  2020               ldb rh0,@rr2
bd1b6:  2020               ldb rh0,@rr2
bd1b8:  2020               ldb rh0,@rr2
bd1ba:  2020               ldb rh0,@rr2
bd1bc:  2020               ldb rh0,@rr2
bd1be:  4f5220202020       ext4f #0x4f522020,<<32>>0x0020
bd1c4:  2230               resb @rr3,#0
bd1c6:  2220               resb @rr2,#0
bd1c8:  2020               ldb rh0,@rr2
bd1ca:  2020               ldb rh0,@rr2
bd1cc:  544f2048           ldl rr15,<<32>>0x0048(r4)
bd1d0:  454c5020           or r12,<<80>>0x0020(r4)
bd1d4:  2020               ldb rh0,@rr2
bd1d6:  2020               ldb rh0,@rr2
bd1d8:  2020               ldb rh0,@rr2
bd1da:  2020               ldb rh0,@rr2
bd1dc:  2020               ldb rh0,@rr2
bd1de:  2020               ldb rh0,@rr2
bd1e0:  2020               ldb rh0,@rr2
bd1e2:  2020               ldb rh0,@rr2
bd1e4:  2020               ldb rh0,@rr2
bd1e6:  2020               ldb rh0,@rr2
bd1e8:  2020               ldb rh0,@rr2
bd1ea:  2020               ldb rh0,@rr2
bd1ec:  2020               ldb rh0,@rr2
bd1ee:  2020               ldb rh0,@rr2
bd1f0:  2020               ldb rh0,@rr2
bd1f2:  2020               ldb rh0,@rr2
bd1f4:  2020               ldb rh0,@rr2
bd1f6:  2020               ldb rh0,@rr2
bd1f8:  2020               ldb rh0,@rr2
bd1fa:  2020               ldb rh0,@rr2
bd1fc:  2020               ldb rh0,@rr2
bd1fe:  2020               ldb rh0,@rr2
bd200:  2020               ldb rh0,@rr2
bd202:  2020               ldb rh0,@rr2
bd204:  2020               ldb rh0,@rr2
bd206:  2020               ldb rh0,@rr2
bd208:  2020               ldb rh0,@rr2
bd20a:  2020               ldb rh0,@rr2
bd20c:  2048               ldb rl0,@rr4
bd20e:  49542022           xor r4,<<32>>0x0022(r5)
bd212:  454e5445           or r14,<<84>>0x0045(r4)
bd216:  52222054           subl rr2,<<32>>0x0054(r2)
bd21a:  4f20434f4e54       ext4f #0x4f20434f,<<78>>0x0054
bd220:  494e5545           xor r14,<<85>>0x0045(r4)
bd224:  2020               ldb rh0,@rr2
bd226:  2020               ldb rh0,@rr2
bd228:  2020               ldb rh0,@rr2
bd22a:  2020               ldb rh0,@rr2
bd22c:  2020               ldb rh0,@rr2
bd22e:  2020               ldb rh0,@rr2
bd230:  2020               ldb rh0,@rr2
bd232:  2020               ldb rh0,@rr2
bd234:  2020               ldb rh0,@rr2
bd236:  2020               ldb rh0,@rr2
bd238:  2020               ldb rh0,@rr2
bd23a:  2020               ldb rh0,@rr2
bd23c:  2020               ldb rh0,@rr2
bd23e:  2020               ldb rh0,@rr2
bd240:  2020               ldb rh0,@rr2
bd242:  2020               ldb rh0,@rr2
bd244:  2020               ldb rh0,@rr2
bd246:  2020               ldb rh0,@rr2
bd248:  2020               ldb rh0,@rr2
bd24a:  2020               ldb rh0,@rr2
bd24c:  2020               ldb rh0,@rr2
bd24e:  2020               ldb rh0,@rr2
bd250:  2020               ldb rh0,@rr2
bd252:  2020               ldb rh0,@rr2
bd254:  2020               ldb rh0,@rr2
bd256:  2020               ldb rh0,@rr2
bd258:  2020               ldb rh0,@rr2
bd25a:  2020               ldb rh0,@rr2
bd25c:  3920               ldps @rr2
bd25e:  44594e41           orb rl1,<<78>>0x0041(r5)
bd262:  4d49               .word #0x4d49
bd264:  43204449           sub r0,<<68>>0x0049(r2)
bd268:  53544f52           push @rr5,<<79>>0x0052(r4)
bd26c:  54494f4e           ldl rr9,<<79>>0x004e(r4)
bd270:  2054               ldb rh4,@rr5
bd272:  45535420           or r3,<<84>>0x0020(r5)
bd276:  2020               ldb rh0,@rr2
bd278:  2020               ldb rh0,@rr2
bd27a:  2020               ldb rh0,@rr2
bd27c:  2020               ldb rh0,@rr2
bd27e:  2020               ldb rh0,@rr2
bd280:  2020               ldb rh0,@rr2
bd282:  2020               ldb rh0,@rr2
bd284:  2020               ldb rh0,@rr2
bd286:  2020               ldb rh0,@rr2
bd288:  2020               ldb rh0,@rr2
bd28a:  2020               ldb rh0,@rr2
bd28c:  2020               ldb rh0,@rr2
bd28e:  2020               ldb rh0,@rr2
bd290:  2020               ldb rh0,@rr2
bd292:  2020               ldb rh0,@rr2
bd294:  2020               ldb rh0,@rr2
bd296:  2020               ldb rh0,@rr2
bd298:  2020               ldb rh0,@rr2
bd29a:  2020               ldb rh0,@rr2
bd29c:  2020               ldb rh0,@rr2
bd29e:  2020               ldb rh0,@rr2
bd2a0:  2020               ldb rh0,@rr2
bd2a2:  2020               ldb rh0,@rr2
bd2a4:  2020               ldb rh0,@rr2
bd2a6:  2020               ldb rh0,@rr2
bd2a8:  2020               ldb rh0,@rr2
bd2aa:  2020               ldb rh0,@rr2
bd2ac:  010c012c           add r12,#0x012c
bd2b0:  0148               add r8,@rr4
bd2b2:  0164               add r4,@rr6
bd2b4:  0180               add r0,@rr8
bd2b6:  019c               add r12,@rr9
bd2b8:  01b8               add r8,@rr11
bd2ba:  01d4               add r4,@rr13
bd2bc:  01f0               add r0,@rr15
bd2be:  020c0228           subb rl4,#0x28
bd2c2:  e000               jr f,0xd2c4
bd2c4:  00000000           addb rh0,#0x00
bd2c8:  00000000           addb rh0,#0x00
bd2cc:  00000000           addb rh0,#0x00
bd2d0:  00000000           addb rh0,#0x00
bd2d4:  00000000           addb rh0,#0x00
bd2d8:  00000000           addb rh0,#0x00
bd2dc:  00000000           addb rh0,#0x00
bd2e0:  00003ffc           addb rh0,#0xfc
bd2e4:  00000000           addb rh0,#0x00
bd2e8:  00000000           addb rh0,#0x00
bd2ec:  00000000           addb rh0,#0x00
bd2f0:  00000000           addb rh0,#0x00
bd2f4:  00000000           addb rh0,#0x00
bd2f8:  00000000           addb rh0,#0x00
bd2fc:  00000000           addb rh0,#0x00
bd300:  0000494e           addb rh0,#0x4e
bd304:  434f4845           sub r15,<<72>>0x0045(r4)
bd308:  52454e54           subl rr5,<<78>>0x0054(r4)
bd30c:  2045               ldb rh5,@rr4
bd30e:  52524f52           subl rr2,<<79>>0x0052(r5)
bd312:  204d               ldb rl5,@rr4
bd314:  45535341           or r3,<<83>>0x0041(r5)
bd318:  47452052           and r5,<<32>>0x0052(r4)
bd31c:  45504541           or r0,<<69>>0x0041(r5)
bd320:  54205445           ldl rr0,<<84>>0x0045(r2)
bd324:  53546572           push @rr5,<<101>>0x0072(r4)
bd328:  7200               .word #0x7200
bd32a:  65727200           set <<114>>0x0000(r7),#2
bd32e:  56494445           addl rr9,<<68>>0x0045(r4)
bd332:  4f2054455354       ext4f #0x4f205445,<<83>>0x0054
bd338:  2045               ldb rh5,@rr4
bd33a:  52524f52           subl rr2,<<79>>0x0052(r5)
bd33e:  56494445           addl rr9,<<68>>0x0045(r4)
bd342:  4f204e4f5420       ext4f #0x4f204e4f,<<84>>0x0020
bd348:  50524553           cpl rr2,<<69>>0x0053(r5)
bd34c:  454e5420           or r14,<<84>>0x0020(r4)
bd350:  4552524f           or r2,<<82>>0x004f(r5)
bd354:  52005649           subl rr0,<<86>>0x0049
bd358:  44454f20           orb rh5,<<79>>0x0020(r4)
bd35c:  52414d20           subl rr1,<<77>>0x0020(r4)
bd360:  54455354           ldl rr5,<<83>>0x0054(r4)
bd364:  2045               ldb rh5,@rr4
bd366:  52524f52           subl rr2,<<79>>0x0052(r5)
bd36a:  65727200           set <<114>>0x0000(r7),#2
bd36e:  48415244           xorb rh1,<<82>>0x0044(r4)
bd372:  57415245           pop <<82>>0x0045(r1),@rr4
bd376:  2057               ldb rh7,@rr5
bd378:  2e53               ldb @rr5,rh3
bd37a:  2045               ldb rh5,@rr4
bd37c:  52524f52           subl rr2,<<79>>0x0052(r5)
bd380:  52454d4f           subl rr5,<<77>>0x004f(r4)
bd384:  5445204c           ldl rr5,<<32>>0x004c(r4)
bd388:  4f4f50204241       ext4f #0x4f4f5020,<<66>>0x0041
bd38e:  434b2045           sub r11,<<32>>0x0045(r4)
bd392:  52524f52           subl rr2,<<79>>0x0052(r5)
bd396:  4b455942           cp r5,<<89>>0x0042(r4)
bd39a:  4f4152442054       ext4f #0x4f415244,<<32>>0x0054
bd3a0:  52414e53           subl rr1,<<78>>0x0053(r4)
bd3a4:  502e2043           cpl rr14,<<32>>0x0043(r2)
bd3a8:  48414e4e           xorb rh1,<<78>>0x004e(r4)
bd3ac:  454c2052           or r12,<<32>>0x0052(r4)
bd3b0:  442f5752           orb rl7,<<87>>0x0052(r2)
bd3b4:  2045               ldb rh5,@rr4
bd3b6:  52524f52           subl rr2,<<79>>0x0052(r5)
bd3ba:  4b455942           cp r5,<<89>>0x0042(r4)
bd3be:  4f4152442054       ext4f #0x4f415244,<<32>>0x0054
bd3c4:  52414e53           subl rr1,<<78>>0x0053(r4)
bd3c8:  502e2043           cpl rr14,<<32>>0x0043(r2)
bd3cc:  48414e4e           xorb rh1,<<78>>0x004e(r4)
bd3d0:  454c2049           or r12,<<32>>0x0049(r4)
bd3d4:  4e49542e2045       ext4e #0x4e49542e,<<32>>0x0045
bd3da:  52524f52           subl rr2,<<79>>0x0052(r5)
bd3de:  4b455942           cp r5,<<89>>0x0042(r4)
bd3e2:  4f4152442f56       ext4f #0x4f415244,<<47>>0x0056
bd3e8:  4944454f           xor r4,<<69>>0x004f(r4)
bd3ec:  2043               ldb rh3,@rr4
bd3ee:  48414e4e           xorb rh1,<<78>>0x004e(r4)
bd3f2:  454c2052           or r12,<<32>>0x0052(r4)
bd3f6:  442f5752           orb rl7,<<87>>0x0052(r2)
bd3fa:  2045               ldb rh5,@rr4
bd3fc:  52524f52           subl rr2,<<79>>0x0052(r5)
bd400:  4b455942           cp r5,<<89>>0x0042(r4)
bd404:  4f4152442f56       ext4f #0x4f415244,<<47>>0x0056
bd40a:  4944454f           xor r4,<<69>>0x004f(r4)
bd40e:  2043               ldb rh3,@rr4
bd410:  48414e4e           xorb rh1,<<78>>0x004e(r4)
bd414:  454c2049           or r12,<<32>>0x0049(r4)
bd418:  4e49542e2045       ext4e #0x4e49542e,<<32>>0x0045
bd41e:  52524f52           subl rr2,<<79>>0x0052(r5)
bd422:  434f4e54           sub r15,<<78>>0x0054(r4)
bd426:  524f4c20           subl rr15,<<76>>0x0020(r4)
bd42a:  4348414e           sub r8,<<65>>0x004e(r4)
bd42e:  4e454c205244       ext4e #0x4e454c20,<<82>>0x0044
bd434:  2f57               ld @rr5,r7
bd436:  52204552           subl rr0,<<69>>0x0052(r2)
bd43a:  524f5200           subl rr15,<<82>>0x0000(r4)
bd43e:  434f4e54           sub r15,<<78>>0x0054(r4)
bd442:  524f4c20           subl rr15,<<76>>0x0020(r4)
bd446:  4348414e           sub r8,<<65>>0x004e(r4)
bd44a:  4e454c20494e       ext4e #0x4e454c20,<<73>>0x004e
bd450:  49542e20           xor r4,<<46>>0x0020(r5)
bd454:  4552524f           or r2,<<82>>0x004f(r5)
bd458:  52004255           subl rr0,<<66>>0x0055
bd45c:  46464552           andb rh6,<<69>>0x0052(r4)
bd460:  2045               ldb rh5,@rr4
bd462:  4d505459           com <<84>>0x0059(r5)
bd466:  2045               ldb rh5,@rr4
bd468:  52524f52           subl rr2,<<79>>0x0052(r5)
bd46c:  42554646           subb rh5,<<70>>0x0046(r5)
bd470:  4552204e           or r2,<<32>>0x004e(r5)
bd474:  4f5420454d50       ext4f #0x4f542045,<<77>>0x0050
bd47a:  54592045           ldl rr9,<<32>>0x0045(r5)
bd47e:  52524f52           subl rr2,<<79>>0x0052(r5)
bd482:  554e4156           popl <<65>>0x0056(r14),@rr4
bd486:  41494c41           add r9,<<76>>0x0041(r4)
bd48a:  424c4520           subb rl4,<<69>>0x0020(r4)
bd48e:  572e532e           pop <<83>>0x002e(r14),@rr2
bd492:  2045               ldb rh5,@rr4
bd494:  52524f52           subl rr2,<<79>>0x0052(r5)
bd498:  4c49               .word #0x4c49
bd49a:  4e4520434f4e       ext4e #0x4e452043,<<79>>0x004e
bd4a0:  46494755           andb rl1,<<71>>0x0055(r4)
bd4a4:  52415449           subl rr1,<<84>>0x0049(r4)
bd4a8:  4f4e20455252       ext4f #0x4f4e2045,<<82>>0x0052
bd4ae:  4f5265727200       ext4f #0x4f526572,<<114>>0x0000
bd4b4:  00000000           addb rh0,#0x00
bd4b8:  00002020           addb rh0,#0x20
bd4bc:  2020               ldb rh0,@rr2
bd4be:  726f7574           ldb rr6(r5),rl7
bd4c2:  5f74               .word #0x5f74
bd4c4:  696d7374           inc <<115>>0x0074(r6),#14
bd4c8:  6172743a           ld r2,<<116>>0x003a(r7)
bd4cc:  2030               ldb rh0,@rr3
bd4ce:  31202020           ld r0,rr2(#0x2020)
bd4d2:  2072               ldb rh2,@rr7
bd4d4:  6f75745f           ld <<116>>0x005f(r7),r5
bd4d8:  74696d73           lda rr9,rr6(r13)
bd4dc:  74617274           lda rr1,rr6(r2)
bd4e0:  3a203032           inirb @rr3,@r2,r0
bd4e4:  2020               ldb rh0,@rr2
bd4e6:  2020               ldb rh0,@rr2
bd4e8:  726f7574           ldb rr6(r5),rl7
bd4ec:  5f74               .word #0x5f74
bd4ee:  696d6c65           inc <<108>>0x0065(r6),#14
bd4f2:  6767693a           bit <<105>>0x003a(r6),#7
bd4f6:  2030               ldb rh0,@rr3
bd4f8:  31000181           ldr r0,0xd67d
bd4fc:  100001010000       cpl rr0,#0x01010000
bd502:  00000015           addb rh0,#0x15
bd506:  00000000           addb rh0,#0x00
bd50a:  00000000           addb rh0,#0x00
bd50e:  00000000           addb rh0,#0x00
bd512:  00000000           addb rh0,#0x00
bd516:  00000000           addb rh0,#0x00
bd51a:  00000000           addb rh0,#0x00
bd51e:  00000000           addb rh0,#0x00
bd522:  00000000           addb rh0,#0x00
bd526:  00000000           addb rh0,#0x00
bd52a:  00000000           addb rh0,#0x00
bd52e:  00000000           addb rh0,#0x00
bd532:  00000000           addb rh0,#0x00
bd536:  00000000           addb rh0,#0x00
bd53a:  00000000           addb rh0,#0x00
bd53e:  00000000           addb rh0,#0x00
bd542:  00000000           addb rh0,#0x00
bd546:  00000000           addb rh0,#0x00
bd54a:  00000000           addb rh0,#0x00
bd54e:  00000000           addb rh0,#0x00
bd552:  00000000           addb rh0,#0x00
bd556:  00000000           addb rh0,#0x00
bd55a:  00000000           addb rh0,#0x00
bd55e:  00000000           addb rh0,#0x00
bd562:  00000000           addb rh0,#0x00
bd566:  00000000           addb rh0,#0x00
bd56a:  00000000           addb rh0,#0x00
bd56e:  00000000           addb rh0,#0x00
bd572:  00000000           addb rh0,#0x00
bd576:  00000000           addb rh0,#0x00
bd57a:  00000000           addb rh0,#0x00
bd57e:  00000000           addb rh0,#0x00
bd582:  00000000           addb rh0,#0x00
bd586:  00000000           addb rh0,#0x00
bd58a:  00000000           addb rh0,#0x00
bd58e:  00000000           addb rh0,#0x00
bd592:  00000000           addb rh0,#0x00
bd596:  00000000           addb rh0,#0x00
bd59a:  00000000           addb rh0,#0x00
bd59e:  00000000           addb rh0,#0x00
bd5a2:  00000000           addb rh0,#0x00
bd5a6:  00000000           addb rh0,#0x00
bd5aa:  00000000           addb rh0,#0x00
bd5ae:  00000000           addb rh0,#0x00
bd5b2:  00000000           addb rh0,#0x00
bd5b6:  00000000           addb rh0,#0x00
bd5ba:  00000000           addb rh0,#0x00
bd5be:  00000000           addb rh0,#0x00
bd5c2:  00000000           addb rh0,#0x00
bd5c6:  00000000           addb rh0,#0x00
bd5ca:  00000000           addb rh0,#0x00
bd5ce:  00000000           addb rh0,#0x00
bd5d2:  00000000           addb rh0,#0x00
bd5d6:  00000000           addb rh0,#0x00
bd5da:  00000000           addb rh0,#0x00
bd5de:  00000000           addb rh0,#0x00
bd5e2:  00000000           addb rh0,#0x00
bd5e6:  00000000           addb rh0,#0x00
bd5ea:  00000000           addb rh0,#0x00
bd5ee:  00000000           addb rh0,#0x00
bd5f2:  00000000           addb rh0,#0x00
bd5f6:  00000000           addb rh0,#0x00
bd5fa:  00000000           addb rh0,#0x00
bd5fe:  00000303           addb rh0,#0x03
bd602:  00000000           addb rh0,#0x00
bd606:  00000000           addb rh0,#0x00
bd60a:  00000000           addb rh0,#0x00
bd60e:  00000000           addb rh0,#0x00
bd612:  00000000           addb rh0,#0x00
bd616:  00000000           addb rh0,#0x00
bd61a:  00000000           addb rh0,#0x00
bd61e:  00000000           addb rh0,#0x00
bd622:  00000000           addb rh0,#0x00
bd626:  00000000           addb rh0,#0x00
bd62a:  00000000           addb rh0,#0x00
bd62e:  00000000           addb rh0,#0x00
bd632:  00000000           addb rh0,#0x00
bd636:  00000000           addb rh0,#0x00
bd63a:  00000000           addb rh0,#0x00
bd63e:  00000000           addb rh0,#0x00
bd642:  00000000           addb rh0,#0x00
bd646:  00000000           addb rh0,#0x00
bd64a:  00000000           addb rh0,#0x00
bd64e:  00000000           addb rh0,#0x00
bd652:  00000000           addb rh0,#0x00
bd656:  00000000           addb rh0,#0x00
bd65a:  00000000           addb rh0,#0x00
bd65e:  00000000           addb rh0,#0x00
bd662:  00000000           addb rh0,#0x00
bd666:  00000000           addb rh0,#0x00
bd66a:  00000000           addb rh0,#0x00
bd66e:  00000000           addb rh0,#0x00
bd672:  00000000           addb rh0,#0x00
bd676:  00000000           addb rh0,#0x00
bd67a:  00000000           addb rh0,#0x00
bd67e:  00000000           addb rh0,#0x00
bd682:  00000000           addb rh0,#0x00
bd686:  00000000           addb rh0,#0x00
bd68a:  00000000           addb rh0,#0x00
bd68e:  00000000           addb rh0,#0x00
bd692:  00000000           addb rh0,#0x00
bd696:  00000000           addb rh0,#0x00
bd69a:  00000000           addb rh0,#0x00
bd69e:  00000000           addb rh0,#0x00
bd6a2:  00000000           addb rh0,#0x00
bd6a6:  00000000           addb rh0,#0x00
bd6aa:  00000000           addb rh0,#0x00
bd6ae:  00000000           addb rh0,#0x00
bd6b2:  00000000           addb rh0,#0x00
bd6b6:  00000000           addb rh0,#0x00
bd6ba:  00000000           addb rh0,#0x00
bd6be:  00000000           addb rh0,#0x00
bd6c2:  00000000           addb rh0,#0x00
bd6c6:  00000000           addb rh0,#0x00
bd6ca:  00000000           addb rh0,#0x00
bd6ce:  00000000           addb rh0,#0x00
bd6d2:  00000000           addb rh0,#0x00
bd6d6:  00000000           addb rh0,#0x00
bd6da:  00000000           addb rh0,#0x00
bd6de:  00000000           addb rh0,#0x00
bd6e2:  00000000           addb rh0,#0x00
bd6e6:  00000000           addb rh0,#0x00
bd6ea:  00000000           addb rh0,#0x00
bd6ee:  00000000           addb rh0,#0x00
bd6f2:  00000000           addb rh0,#0x00
bd6f6:  00000000           addb rh0,#0x00
bd6fa:  00000000           addb rh0,#0x00
bd6fe:  00000000           addb rh0,#0x00
bd702:  00000000           addb rh0,#0x00
bd706:  00002020           addb rh0,#0x20
bd70a:  2020               ldb rh0,@rr2
bd70c:  2020               ldb rh0,@rr2
bd70e:  2020               ldb rh0,@rr2
bd710:  2020               ldb rh0,@rr2
bd712:  00000000           addb rh0,#0x00
bd716:  00000000           addb rh0,#0x00
bd71a:  00000000           addb rh0,#0x00
bd71e:  00000000           addb rh0,#0x00
bd722:  00000000           addb rh0,#0x00
bd726:  00000000           addb rh0,#0x00
bd72a:  00000000           addb rh0,#0x00
bd72e:  00000000           addb rh0,#0x00
bd732:  00000000           addb rh0,#0x00
bd736:  00000000           addb rh0,#0x00
bd73a:  00000000           addb rh0,#0x00
bd73e:  00000000           addb rh0,#0x00
bd742:  00000000           addb rh0,#0x00
bd746:  00000000           addb rh0,#0x00
bd74a:  00000000           addb rh0,#0x00
bd74e:  00000000           addb rh0,#0x00
bd752:  0000aaa1           addb rh0,#0xa1
bd756:  00000000           addb rh0,#0x00
bd75a:  00000000           addb rh0,#0x00
bd75e:  00000000           addb rh0,#0x00
bd762:  00000000           addb rh0,#0x00
bd766:  00010000           addb rh1,#0x00
bd76a:  00000000           addb rh0,#0x00
bd76e:  00000000           addb rh0,#0x00
bd772:  00000000           addb rh0,#0x00
bd776:  00000000           addb rh0,#0x00
bd77a:  00000000           addb rh0,#0x00
bd77e:  00000000           addb rh0,#0x00
bd782:  00000000           addb rh0,#0x00
bd786:  00000000           addb rh0,#0x00
bd78a:  00000000           addb rh0,#0x00
bd78e:  00000000           addb rh0,#0x00
bd792:  00000000           addb rh0,#0x00
bd796:  00000000           addb rh0,#0x00
bd79a:  00000000           addb rh0,#0x00
bd79e:  00000000           addb rh0,#0x00
bd7a2:  00000000           addb rh0,#0x00
bd7a6:  00000000           addb rh0,#0x00
bd7aa:  00000000           addb rh0,#0x00
bd7ae:  00000000           addb rh0,#0x00
bd7b2:  00000000           addb rh0,#0x00
bd7b6:  00000000           addb rh0,#0x00
bd7ba:  00000000           addb rh0,#0x00
bd7be:  00000000           addb rh0,#0x00
bd7c2:  00000000           addb rh0,#0x00
bd7c6:  00000000           addb rh0,#0x00
bd7ca:  00000000           addb rh0,#0x00
bd7ce:  00000000           addb rh0,#0x00
bd7d2:  00000000           addb rh0,#0x00
bd7d6:  00000000           addb rh0,#0x00
bd7da:  00000000           addb rh0,#0x00
bd7de:  00000000           addb rh0,#0x00
bd7e2:  00000000           addb rh0,#0x00
bd7e6:  00000000           addb rh0,#0x00
bd7ea:  00000000           addb rh0,#0x00
bd7ee:  00000000           addb rh0,#0x00
bd7f2:  00000000           addb rh0,#0x00
bd7f6:  00000000           addb rh0,#0x00
bd7fa:  00000000           addb rh0,#0x00
bd7fe:  00000000           addb rh0,#0x00
