
re/disasm/line/006_W24D0883861117.bin:     file format binary


Disassembly of section .data:

00000000 <.data>:
       0:	4533 203a      	or	r3,0x2000003a(r3)
       4:	2020           	ldb	rh0,@rr2
       6:	7365           	.word 7365
       8:	7200           	.word 7200
       a:	2020           	ldb	rh0,@rr2
       c:	2020           	ldb	rh0,@rr2
       e:	2020           	ldb	rh0,@rr2
      10:	2020           	ldb	rh0,@rr2
      12:	2020           	ldb	rh0,@rr2
      14:	2041           	ldb	rh1,@rr4
      16:	4e44           	.word 4e44
      18:	2842           	incb	@rr4,#0x3
      1a:	4954 2030      	xor	r4,0x20000030(r5)
      1e:	2d31           	ex	r1,@rr3
      20:	2942           	inc	@rr4,#0x3
      22:	4f41           	.word 4f41
      24:	5244 2050      	subl	rr4,0x20000050(r4)
      28:	4f53           	.word 4f53
      2a:	2e44           	ldb	@rr4,rh4
      2c:	3039 2e20      	ldb	rl1,rr3(#0x2e20)
      30:	4c2e           	.word 4c2e
      32:	7365           	.word 7365
      34:	7200           	.word 7200
      36:	2020           	ldb	rh0,@rr2
      38:	2020           	ldb	rh0,@rr2
      3a:	2044           	ldb	rh4,@rr4
      3c:	5249 5645      	subl	rr9,0x56000045(r4)
      40:	5220 474f      	subl	rr0,0x4700004f(r2)
      44:	3135 313a      	ld	r5,rr3(#0x313a)
      48:	2842           	incb	@rr4,#0x3
      4a:	4954 2031      	xor	r4,0x20000031(r5)
      4e:	2d33           	ex	r3,@rr3
      50:	2942           	inc	@rr4,#0x3
      52:	4f41           	.word 4f41
      54:	5244 2050      	subl	rr4,0x20000050(r4)
      58:	4f53           	.word 4f53
      5a:	2e44           	ldb	@rr4,rh4
      5c:	3039 7365      	ldb	rl1,rr3(#0x7365)
      60:	7200           	.word 7200
      62:	2020           	ldb	rh0,@rr2
      64:	2020           	ldb	rh0,@rr2
      66:	2044           	ldb	rh4,@rr4
      68:	5249 5645      	subl	rr9,0x56000045(r4)
      6c:	5220 474f      	subl	rr0,0x4700004f(r2)
      70:	3332 373a      	ld	rr3(#0x373a),r2
      74:	2842           	incb	@rr4,#0x3
      76:	4954 2030      	xor	r4,0x20000030(r5)
      7a:	2d34           	ex	r4,@rr3
      7c:	2942           	inc	@rr4,#0x3
      7e:	4f41           	.word 4f41
      80:	5244 2050      	subl	rr4,0x20000050(r4)
      84:	4f53           	.word 4f53
      86:	2e41           	ldb	@rr4,rh1
      88:	3130 7365      	ld	r0,rr3(#0x7365)
      8c:	7200           	.word 7200
      8e:	2020           	ldb	rh0,@rr2
      90:	2020           	ldb	rh0,@rr2
      92:	2043           	ldb	rh3,@rr4
      94:	482e 4120      	xorb	rl6,0x41000020(r2)
      98:	494e 464f      	xor	r14,0x4600004f(r4)
      9c:	524d 4154      	subl	rr13,0x41000054(r4)
      a0:	494f 4e20      	xor	r15,0x4e000020(r4)
      a4:	414e 4420      	add	r14,0x44000020(r4)
      a8:	4449 5053      	orb	rl1,0x50000053(r4)
      ac:	5749 5443      	pop	0x54000043(r9),@rr4
      b0:	4853 2046      	xorb	rh3,0x20000046(r5)
      b4:	4f52           	.word 4f52
      b6:	7365           	.word 7365
      b8:	7200           	.word 7200
      ba:	2020           	ldb	rh0,@rr2
      bc:	2020           	ldb	rh0,@rr2
      be:	2053           	ldb	rh3,@rr5
      c0:	5441 5455      	ldl	rr1,0x54000055(r4)
      c4:	5320 5245      	push	@rr2,0x52000045
      c8:	4749 5354      	and	r9,0x53000054(r4)
      cc:	4552 2020      	or	r2,0x20000020(r5)
      d0:	2041           	ldb	rh1,@rr4
      d2:	4444 5245      	orb	rh4,0x52000045(r4)
      d6:	5353 2025      	push	@rr5,0x20000025(r3)
      da:	4131 203a      	add	r1,0x2000003a(r3)
      de:	2020           	ldb	rh0,@rr2
      e0:	7365           	.word 7365
      e2:	7200           	.word 7200
      e4:	2020           	ldb	rh0,@rr2
      e6:	2020           	ldb	rh0,@rr2
      e8:	2044           	ldb	rh4,@rr4
      ea:	5249 5645      	subl	rr9,0x56000045(r4)
      ee:	5220 4e41      	subl	rr0,0x4e000041(r2)
      f2:	4d45 2020 2020 	ld	0x20000020(r4),#0x2020
      f8:	2020           	ldb	rh0,@rr2
      fa:	2041           	ldb	rh1,@rr4
      fc:	4444 5245      	orb	rh4,0x52000045(r4)
     100:	5353 2025      	push	@rr5,0x20000025(r3)
     104:	4537 203a      	or	r7,0x2000003a(r3)
     108:	2020           	ldb	rh0,@rr2
     10a:	7365           	.word 7365
     10c:	7200           	.word 7200
     10e:	5349 474e      	push	@rr4,0x4700004e(r9)
     112:	414c 533a      	add	r12,0x5300003a(r4)
     116:	2043           	ldb	rh3,@rr4
     118:	4b31 3230      	cp	r1,0x32000030(r3)
     11c:	3b50           	.word 3b50
     11e:	4f33           	.word 4f33
     120:	3030 3b20      	ldb	rh0,rr3(#0x3b20)
     124:	2020           	ldb	rh0,@rr2
     126:	2020           	ldb	rh0,@rr2
     128:	2020           	ldb	rh0,@rr2
     12a:	2020           	ldb	rh0,@rr2
     12c:	2020           	ldb	rh0,@rr2
     12e:	2020           	ldb	rh0,@rr2
     130:	2020           	ldb	rh0,@rr2
     132:	2020           	ldb	rh0,@rr2
     134:	2020           	ldb	rh0,@rr2
     136:	5349 474e      	push	@rr4,0x4700004e(r9)
     13a:	414c 533a      	add	r12,0x5300003a(r4)
     13e:	204f           	ldb	rl7,@rr4
     140:	5331 324e      	push	@rr3,0x3200004e(r1)
     144:	3b50           	.word 3b50
     146:	4955 3430      	xor	r5,0x34000030(r5)
     14a:	3b20           	.word 3b20
     14c:	2020           	ldb	rh0,@rr2
     14e:	2020           	ldb	rh0,@rr2
     150:	2020           	ldb	rh0,@rr2
     152:	2020           	ldb	rh0,@rr2
     154:	2020           	ldb	rh0,@rr2
     156:	2020           	ldb	rh0,@rr2
     158:	2020           	ldb	rh0,@rr2
     15a:	2020           	ldb	rh0,@rr2
     15c:	2020           	ldb	rh0,@rr2
     15e:	2043           	ldb	rh3,@rr4
     160:	4841 4e4e      	xorb	rh1,0x4e00004e(r4)
     164:	454c 2032      	or	r12,0x20000032(r4)
     168:	2045           	ldb	rh5,@rr4
     16a:	5252 4f52      	subl	rr2,0x4f000052(r5)
     16e:	2020           	ldb	rh0,@rr2
     170:	6572 7200      	set	0x72000000(r7),#0x2
     174:	2043           	ldb	rh3,@rr4
     176:	4f55           	.word 4f55
     178:	4e54           	.word 4e54
     17a:	4552 2d54      	or	r2,0x2d000054(r5)
     17e:	494d 4552      	xor	r13,0x45000052(r4)
     182:	2038           	ldb	rl0,@rr3
     184:	3235 3320      	ldb	rr3(#0x3320),rh5
     188:	4552 524f      	or	r2,0x5200004f(r5)
     18c:	5200 6572      	subl	rr0,0x65000072
     190:	7200           	.word 7200
     192:	2043           	ldb	rh3,@rr4
     194:	4841 4e4e      	xorb	rh1,0x4e00004e(r4)
     198:	454c 2032      	or	r12,0x20000032(r4)
     19c:	2045           	ldb	rh5,@rr4
     19e:	5252 4f52      	subl	rr2,0x4f000052(r5)
     1a2:	2020           	ldb	rh0,@rr2
     1a4:	2020           	ldb	rh0,@rr2
     1a6:	2020           	ldb	rh0,@rr2
     1a8:	2020           	ldb	rh0,@rr2
     1aa:	2020           	ldb	rh0,@rr2
     1ac:	2020           	ldb	rh0,@rr2
     1ae:	2020           	ldb	rh0,@rr2
     1b0:	2020           	ldb	rh0,@rr2
     1b2:	2020           	ldb	rh0,@rr2
     1b4:	2020           	ldb	rh0,@rr2
     1b6:	2020           	ldb	rh0,@rr2
     1b8:	2020           	ldb	rh0,@rr2
     1ba:	2043           	ldb	rh3,@rr4
     1bc:	4f55           	.word 4f55
     1be:	4e54           	.word 4e54
     1c0:	4552 2d54      	or	r2,0x2d000054(r5)
     1c4:	494d 4552      	xor	r13,0x45000052(r4)
     1c8:	2038           	ldb	rl0,@rr3
     1ca:	3235 3320      	ldb	rr3(#0x3320),rh5
     1ce:	4552 524f      	or	r2,0x5200004f(r5)
     1d2:	5220 2020      	subl	rr0,0x20000020(r2)
     1d6:	2020           	ldb	rh0,@rr2
     1d8:	2020           	ldb	rh0,@rr2
     1da:	2020           	ldb	rh0,@rr2
     1dc:	2020           	ldb	rh0,@rr2
     1de:	2020           	ldb	rh0,@rr2
     1e0:	2020           	ldb	rh0,@rr2
     1e2:	5349 474e      	push	@rr4,0x4700004e(r9)
     1e6:	414c 533a      	add	r12,0x5300003a(r4)
     1ea:	2043           	ldb	rh3,@rr4
     1ec:	4b31 3230      	cp	r1,0x32000030(r3)
     1f0:	3b50           	.word 3b50
     1f2:	4f33           	.word 4f33
     1f4:	3030 3b20      	ldb	rh0,rr3(#0x3b20)
     1f8:	2020           	ldb	rh0,@rr2
     1fa:	2020           	ldb	rh0,@rr2
     1fc:	2020           	ldb	rh0,@rr2
     1fe:	2020           	ldb	rh0,@rr2
     200:	2020           	ldb	rh0,@rr2
     202:	2020           	ldb	rh0,@rr2
     204:	2020           	ldb	rh0,@rr2
     206:	2020           	ldb	rh0,@rr2
     208:	2020           	ldb	rh0,@rr2
     20a:	5349 474e      	push	@rr4,0x4700004e(r9)
     20e:	414c 533a      	add	r12,0x5300003a(r4)
     212:	204f           	ldb	rl7,@rr4
     214:	5331 324e      	push	@rr3,0x3200004e(r1)
     218:	3b50           	.word 3b50
     21a:	4955 3430      	xor	r5,0x34000030(r5)
     21e:	3b20           	.word 3b20
     220:	2020           	ldb	rh0,@rr2
     222:	2020           	ldb	rh0,@rr2
     224:	2020           	ldb	rh0,@rr2
     226:	2020           	ldb	rh0,@rr2
     228:	2020           	ldb	rh0,@rr2
     22a:	2020           	ldb	rh0,@rr2
     22c:	2020           	ldb	rh0,@rr2
     22e:	2020           	ldb	rh0,@rr2
     230:	2020           	ldb	rh0,@rr2
     232:	2043           	ldb	rh3,@rr4
     234:	4841 4e4e      	xorb	rh1,0x4e00004e(r4)
     238:	454c 2031      	or	r12,0x20000031(r4)
     23c:	2045           	ldb	rh5,@rr4
     23e:	5252 4f52      	subl	rr2,0x4f000052(r5)
     242:	2020           	ldb	rh0,@rr2
     244:	2020           	ldb	rh0,@rr2
     246:	2020           	ldb	rh0,@rr2
     248:	2020           	ldb	rh0,@rr2
     24a:	2020           	ldb	rh0,@rr2
     24c:	2020           	ldb	rh0,@rr2
     24e:	2020           	ldb	rh0,@rr2
     250:	2020           	ldb	rh0,@rr2
     252:	2020           	ldb	rh0,@rr2
     254:	2020           	ldb	rh0,@rr2
     256:	2020           	ldb	rh0,@rr2
     258:	2020           	ldb	rh0,@rr2
     25a:	2043           	ldb	rh3,@rr4
     25c:	4f55           	.word 4f55
     25e:	4e54           	.word 4e54
     260:	4552 2d54      	or	r2,0x2d000054(r5)
     264:	494d 4552      	xor	r13,0x45000052(r4)
     268:	2038           	ldb	rl0,@rr3
     26a:	3235 3320      	ldb	rr3(#0x3320),rh5
     26e:	4552 524f      	or	r2,0x5200004f(r5)
     272:	5220 2020      	subl	rr0,0x20000020(r2)
     276:	2020           	ldb	rh0,@rr2
     278:	2020           	ldb	rh0,@rr2
     27a:	2020           	ldb	rh0,@rr2
     27c:	2020           	ldb	rh0,@rr2
     27e:	2020           	ldb	rh0,@rr2
     280:	2020           	ldb	rh0,@rr2
     282:	5349 474e      	push	@rr4,0x4700004e(r9)
     286:	414c 533a      	add	r12,0x5300003a(r4)
     28a:	2043           	ldb	rh3,@rr4
     28c:	4b31 3230      	cp	r1,0x32000030(r3)
     290:	3b50           	.word 3b50
     292:	4f33           	.word 4f33
     294:	3030 3b20      	ldb	rh0,rr3(#0x3b20)
     298:	2020           	ldb	rh0,@rr2
     29a:	2020           	ldb	rh0,@rr2
     29c:	2020           	ldb	rh0,@rr2
     29e:	2020           	ldb	rh0,@rr2
     2a0:	2020           	ldb	rh0,@rr2
     2a2:	2020           	ldb	rh0,@rr2
     2a4:	2020           	ldb	rh0,@rr2
     2a6:	2020           	ldb	rh0,@rr2
     2a8:	2020           	ldb	rh0,@rr2
     2aa:	5349 474e      	push	@rr4,0x4700004e(r9)
     2ae:	414c 533a      	add	r12,0x5300003a(r4)
     2b2:	204f           	ldb	rl7,@rr4
     2b4:	5331 324e      	push	@rr3,0x3200004e(r1)
     2b8:	3b50           	.word 3b50
     2ba:	4955 3430      	xor	r5,0x34000030(r5)
     2be:	3b20           	.word 3b20
     2c0:	2020           	ldb	rh0,@rr2
     2c2:	2020           	ldb	rh0,@rr2
     2c4:	2020           	ldb	rh0,@rr2
     2c6:	2020           	ldb	rh0,@rr2
     2c8:	2020           	ldb	rh0,@rr2
     2ca:	2020           	ldb	rh0,@rr2
     2cc:	2020           	ldb	rh0,@rr2
     2ce:	2020           	ldb	rh0,@rr2
     2d0:	2020           	ldb	rh0,@rr2
     2d2:	2043           	ldb	rh3,@rr4
     2d4:	4841 4e4e      	xorb	rh1,0x4e00004e(r4)
     2d8:	454c 2030      	or	r12,0x20000030(r4)
     2dc:	2045           	ldb	rh5,@rr4
     2de:	5252 4f52      	subl	rr2,0x4f000052(r5)
     2e2:	2020           	ldb	rh0,@rr2
     2e4:	2020           	ldb	rh0,@rr2
     2e6:	2020           	ldb	rh0,@rr2
     2e8:	2020           	ldb	rh0,@rr2
     2ea:	2020           	ldb	rh0,@rr2
     2ec:	2020           	ldb	rh0,@rr2
     2ee:	2020           	ldb	rh0,@rr2
     2f0:	2020           	ldb	rh0,@rr2
     2f2:	2020           	ldb	rh0,@rr2
     2f4:	2020           	ldb	rh0,@rr2
     2f6:	2020           	ldb	rh0,@rr2
     2f8:	2020           	ldb	rh0,@rr2
     2fa:	2043           	ldb	rh3,@rr4
     2fc:	4f55           	.word 4f55
     2fe:	4e54           	.word 4e54
     300:	4552 2d54      	or	r2,0x2d000054(r5)
     304:	494d 4552      	xor	r13,0x45000052(r4)
     308:	2038           	ldb	rl0,@rr3
     30a:	3235 3320      	ldb	rr3(#0x3320),rh5
     30e:	4552 524f      	or	r2,0x5200004f(r5)
     312:	5220 2020      	subl	rr0,0x20000020(r2)
     316:	2020           	ldb	rh0,@rr2
     318:	2020           	ldb	rh0,@rr2
     31a:	2020           	ldb	rh0,@rr2
     31c:	2020           	ldb	rh0,@rr2
     31e:	2020           	ldb	rh0,@rr2
     320:	2020           	ldb	rh0,@rr2
     322:	5349 474e      	push	@rr4,0x4700004e(r9)
     326:	414c 533a      	add	r12,0x5300003a(r4)
     32a:	434b 3132      	sub	r11,0x31000032(r4)
     32e:	303d 3e43      	ldb	rl5,rr3(#0x3e43)
     332:	4b32 3430      	cp	r2,0x34000030(r3)
     336:	2c43           	exb	rh3,@rr4
     338:	4b34 3932      	cp	r4,0x39000032(r3)
     33c:	3b42           	.word 3b42
     33e:	4c4f           	.word 4c4f
     340:	534e 3b50      	push	@rr4,0x3b000050(r14)
     344:	4f33           	.word 4f33
     346:	3030 2020      	ldb	rh0,rr3(#0x2020)
     34a:	5349 474e      	push	@rr4,0x4700004e(r9)
     34e:	414c 533a      	add	r12,0x5300003a(r4)
     352:	4f53           	.word 4f53
     354:	3132 4e3d      	ld	r2,rr3(#0x4e3d)
     358:	3e4f           	outb	@r4,rl7
     35a:	5334 3831      	push	@rr3,0x38000031(r4)
     35e:	2c4f           	exb	rl7,@rr4
     360:	5334 394e      	push	@rr3,0x3900004e(r4)
     364:	3b42           	.word 3b42
     366:	4c4f           	.word 4c4f
     368:	534f 3b50      	push	@rr4,0x3b000050(r15)
     36c:	4955 3430      	xor	r5,0x34000030(r5)
     370:	2020           	ldb	rh0,@rr2
     372:	2045           	ldb	rh5,@rr4
     374:	5252 4f52      	subl	rr2,0x4f000052(r5)
     378:	204f           	ldb	rl7,@rr4
     37a:	4e20           	.word 4e20
     37c:	414c 4c20      	add	r12,0x4c000020(r4)
     380:	4348 414e      	sub	r8,0x4100004e(r4)
     384:	4e45           	.word 4e45
     386:	4c53           	.word 4c53
     388:	2020           	ldb	rh0,@rr2
     38a:	2020           	ldb	rh0,@rr2
     38c:	2020           	ldb	rh0,@rr2
     38e:	2020           	ldb	rh0,@rr2
     390:	2020           	ldb	rh0,@rr2
     392:	2020           	ldb	rh0,@rr2
     394:	2020           	ldb	rh0,@rr2
     396:	2020           	ldb	rh0,@rr2
     398:	2020           	ldb	rh0,@rr2
     39a:	2043           	ldb	rh3,@rr4
     39c:	4f55           	.word 4f55
     39e:	4e54           	.word 4e54
     3a0:	4552 2d54      	or	r2,0x2d000054(r5)
     3a4:	494d 4552      	xor	r13,0x45000052(r4)
     3a8:	2038           	ldb	rl0,@rr3
     3aa:	3235 3320      	ldb	rr3(#0x3320),rh5
     3ae:	4552 524f      	or	r2,0x5200004f(r5)
     3b2:	5220 2020      	subl	rr0,0x20000020(r2)
     3b6:	2020           	ldb	rh0,@rr2
     3b8:	2020           	ldb	rh0,@rr2
     3ba:	2020           	ldb	rh0,@rr2
     3bc:	2020           	ldb	rh0,@rr2
     3be:	2020           	ldb	rh0,@rr2
     3c0:	2020           	ldb	rh0,@rr2
     3c2:	5349 474e      	push	@rr4,0x4700004e(r9)
     3c6:	414c 533a      	add	r12,0x5300003a(r4)
     3ca:	2054           	ldb	rh4,@rr5
     3cc:	5844 3130      	multl	rq4,0x31000030(r4)
     3d0:	3d3e           	in	r14,@r3
     3d2:	5458 4431      	ldl	rr8,0x44000031(r5)
     3d6:	353b 4442      	ldl	rr11,rr3(#0x4442)
     3da:	4c35 3020 2020 	ldb	0x30000020(r3),#0x20
     3e0:	2020           	ldb	rh0,@rr2
     3e2:	2020           	ldb	rh0,@rr2
     3e4:	2020           	ldb	rh0,@rr2
     3e6:	2020           	ldb	rh0,@rr2
     3e8:	2020           	ldb	rh0,@rr2
     3ea:	5349 474e      	push	@rr4,0x4700004e(r9)
     3ee:	414c 533a      	add	r12,0x5300003a(r4)
     3f2:	2054           	ldb	rh4,@rr5
     3f4:	5844 3130      	multl	rq4,0x31000030(r4)
     3f8:	3d3e           	in	r14,@r3
     3fa:	5458 4431      	ldl	rr8,0x44000031(r5)
     3fe:	353b 4442      	ldl	rr11,rr3(#0x4442)
     402:	3135 3020      	ld	r5,rr3(#0x3020)
     406:	2020           	ldb	rh0,@rr2
     408:	2020           	ldb	rh0,@rr2
     40a:	2020           	ldb	rh0,@rr2
     40c:	2020           	ldb	rh0,@rr2
     40e:	2020           	ldb	rh0,@rr2
     410:	2020           	ldb	rh0,@rr2
     412:	5349 474e      	push	@rr4,0x4700004e(r9)
     416:	414c 2054      	add	r12,0x20000054(r4)
     41a:	5844 3135      	multl	rq4,0x31000035(r4)
     41e:	3d31           	in	r1,@r3
     420:	204e           	ldb	rl6,@rr4
     422:	4f54           	.word 4f54
     424:	2056           	ldb	rh6,@rr5
     426:	4552 4946      	or	r2,0x49000046(r5)
     42a:	5945 4420      	mult	rr5,0x44000020(r4)
     42e:	2020           	ldb	rh0,@rr2
     430:	2020           	ldb	rh0,@rr2
     432:	2020           	ldb	rh0,@rr2
     434:	2020           	ldb	rh0,@rr2
     436:	2020           	ldb	rh0,@rr2
     438:	2020           	ldb	rh0,@rr2
     43a:	5345 5249      	push	@rr4,0x52000049(r5)
     43e:	414c 2043      	add	r12,0x20000043(r4)
     442:	4f4e           	.word 4f4e
     444:	5452 4f4c      	ldl	rr2,0x4f00004c(r5)
     448:	4c45 5220 5349 	ldb	0x52000020(r4),#0x49
     44e:	4f2f           	.word 4f2f
     450:	3020 4552      	ldb	rh0,rr2(#0x4552)
     454:	524f 5220      	subl	rr15,0x52000020(r4)
     458:	2020           	ldb	rh0,@rr2
     45a:	2020           	ldb	rh0,@rr2
     45c:	2020           	ldb	rh0,@rr2
     45e:	2020           	ldb	rh0,@rr2
     460:	2020           	ldb	rh0,@rr2
     462:	5349 474e      	push	@rr4,0x4700004e(r9)
     466:	414c 533a      	add	r12,0x5300003a(r4)
     46a:	2054           	ldb	rh4,@rr5
     46c:	5844 3230      	multl	rq4,0x32000030(r4)
     470:	3d3e           	in	r14,@r3
     472:	5458 4432      	ldl	rr8,0x44000032(r5)
     476:	353b 4442      	ldl	rr11,rr3(#0x4442)
     47a:	4c34 3020      	testb	0x30000020(r3)
     47e:	2020           	ldb	rh0,@rr2
     480:	2020           	ldb	rh0,@rr2
     482:	2020           	ldb	rh0,@rr2
     484:	2020           	ldb	rh0,@rr2
     486:	2020           	ldb	rh0,@rr2
     488:	2020           	ldb	rh0,@rr2
     48a:	5349 474e      	push	@rr4,0x4700004e(r9)
     48e:	414c 533a      	add	r12,0x5300003a(r4)
     492:	2054           	ldb	rh4,@rr5
     494:	5844 3230      	multl	rq4,0x32000030(r4)
     498:	3d3e           	in	r14,@r3
     49a:	5458 4432      	ldl	rr8,0x44000032(r5)
     49e:	353b 4442      	ldl	rr11,rr3(#0x4442)
     4a2:	3134 3020      	ld	r4,rr3(#0x3020)
     4a6:	2020           	ldb	rh0,@rr2
     4a8:	2020           	ldb	rh0,@rr2
     4aa:	2020           	ldb	rh0,@rr2
     4ac:	2020           	ldb	rh0,@rr2
     4ae:	2020           	ldb	rh0,@rr2
     4b0:	2020           	ldb	rh0,@rr2
     4b2:	5349 474e      	push	@rr4,0x4700004e(r9)
     4b6:	414c 2054      	add	r12,0x20000054(r4)
     4ba:	5844 3235      	multl	rq4,0x32000035(r4)
     4be:	3d31           	in	r1,@r3
     4c0:	204e           	ldb	rl6,@rr4
     4c2:	4f54           	.word 4f54
     4c4:	2056           	ldb	rh6,@rr5
     4c6:	4552 4946      	or	r2,0x49000046(r5)
     4ca:	5945 4420      	mult	rr5,0x44000020(r4)
     4ce:	2020           	ldb	rh0,@rr2
     4d0:	2020           	ldb	rh0,@rr2
     4d2:	2020           	ldb	rh0,@rr2
     4d4:	2020           	ldb	rh0,@rr2
     4d6:	2020           	ldb	rh0,@rr2
     4d8:	2020           	ldb	rh0,@rr2
     4da:	5345 5249      	push	@rr4,0x52000049(r5)
     4de:	414c 2043      	add	r12,0x20000043(r4)
     4e2:	4f4e           	.word 4f4e
     4e4:	5452 4f4c      	ldl	rr2,0x4f00004c(r5)
     4e8:	4c45 5220 5349 	ldb	0x52000020(r4),#0x49
     4ee:	4f2f           	.word 4f2f
     4f0:	3020 4552      	ldb	rh0,rr2(#0x4552)
     4f4:	524f 5220      	subl	rr15,0x52000020(r4)
     4f8:	2020           	ldb	rh0,@rr2
     4fa:	2020           	ldb	rh0,@rr2
     4fc:	2020           	ldb	rh0,@rr2
     4fe:	2020           	ldb	rh0,@rr2
     500:	2020           	ldb	rh0,@rr2
     502:	5349 474e      	push	@rr4,0x4700004e(r9)
     506:	414c 533a      	add	r12,0x5300003a(r4)
     50a:	5458 4431      	ldl	rr8,0x44000031(r5)
     50e:	303d 3e54      	ldb	rl5,rr3(#0x3e54)
     512:	5844 3135      	multl	rq4,0x31000035(r4)
     516:	3b43           	.word 3b43
     518:	4c4b           	.word 4c4b
     51a:	3130 3b52      	ld	r0,rr3(#0x3b52)
     51e:	5844 3130      	multl	rq4,0x31000030(r4)
     522:	3b4c           	.word 3b4c
     524:	4f44           	.word 4f44
     526:	414f 2020      	add	r15,0x20000020(r4)
     52a:	5349 474e      	push	@rr4,0x4700004e(r9)
     52e:	414c 2052      	add	r12,0x20000052(r4)
     532:	5844 3130      	multl	rq4,0x31000030(r4)
     536:	3d31           	in	r1,@r3
     538:	204e           	ldb	rl6,@rr4
     53a:	4f54           	.word 4f54
     53c:	2056           	ldb	rh6,@rr5
     53e:	4552 4946      	or	r2,0x49000046(r5)
     542:	5945 4420      	mult	rr5,0x44000020(r4)
     546:	2020           	ldb	rh0,@rr2
     548:	2020           	ldb	rh0,@rr2
     54a:	2020           	ldb	rh0,@rr2
     54c:	2020           	ldb	rh0,@rr2
     54e:	2020           	ldb	rh0,@rr2
     550:	2020           	ldb	rh0,@rr2
     552:	5345 5249      	push	@rr4,0x52000049(r5)
     556:	414c 2043      	add	r12,0x20000043(r4)
     55a:	4f4e           	.word 4f4e
     55c:	5452 4f4c      	ldl	rr2,0x4f00004c(r5)
     560:	4c45 5220 5349 	ldb	0x52000020(r4),#0x49
     566:	4f2f           	.word 4f2f
     568:	3020 4552      	ldb	rh0,rr2(#0x4552)
     56c:	524f 5220      	subl	rr15,0x52000020(r4)
     570:	2020           	ldb	rh0,@rr2
     572:	2020           	ldb	rh0,@rr2
     574:	2020           	ldb	rh0,@rr2
     576:	2020           	ldb	rh0,@rr2
     578:	2020           	ldb	rh0,@rr2
     57a:	5349 474e      	push	@rr4,0x4700004e(r9)
     57e:	414c 533a      	add	r12,0x5300003a(r4)
     582:	5458 4432      	ldl	rr8,0x44000032(r5)
     586:	303d 3e54      	ldb	rl5,rr3(#0x3e54)
     58a:	5844 3235      	multl	rq4,0x32000035(r4)
     58e:	3b43           	.word 3b43
     590:	4c4b           	.word 4c4b
     592:	3230 3b52      	ldb	rr3(#0x3b52),rh0
     596:	5844 3230      	multl	rq4,0x32000030(r4)
     59a:	3b4c           	.word 3b4c
     59c:	4f44           	.word 4f44
     59e:	414f 2020      	add	r15,0x20000020(r4)
     5a2:	5349 474e      	push	@rr4,0x4700004e(r9)
     5a6:	414c 2052      	add	r12,0x20000052(r4)
     5aa:	5844 3230      	multl	rq4,0x32000030(r4)
     5ae:	3d31           	in	r1,@r3
     5b0:	204e           	ldb	rl6,@rr4
     5b2:	4f54           	.word 4f54
     5b4:	2056           	ldb	rh6,@rr5
     5b6:	4552 4946      	or	r2,0x49000046(r5)
     5ba:	5945 4420      	mult	rr5,0x44000020(r4)
     5be:	2020           	ldb	rh0,@rr2
     5c0:	2020           	ldb	rh0,@rr2
     5c2:	2020           	ldb	rh0,@rr2
     5c4:	2020           	ldb	rh0,@rr2
     5c6:	2020           	ldb	rh0,@rr2
     5c8:	2020           	ldb	rh0,@rr2
     5ca:	5345 5249      	push	@rr4,0x52000049(r5)
     5ce:	414c 2043      	add	r12,0x20000043(r4)
     5d2:	4f4e           	.word 4f4e
     5d4:	5452 4f4c      	ldl	rr2,0x4f00004c(r5)
     5d8:	4c45 5220 5349 	ldb	0x52000020(r4),#0x49
     5de:	4f2f           	.word 4f2f
     5e0:	3020 4552      	ldb	rh0,rr2(#0x4552)
     5e4:	524f 5220      	subl	rr15,0x52000020(r4)
     5e8:	2020           	ldb	rh0,@rr2
     5ea:	2020           	ldb	rh0,@rr2
     5ec:	2020           	ldb	rh0,@rr2
     5ee:	2020           	ldb	rh0,@rr2
     5f0:	2020           	ldb	rh0,@rr2
     5f2:	5349 474e      	push	@rr4,0x4700004e(r9)
     5f6:	414c 533a      	add	r12,0x5300003a(r4)
     5fa:	4c4f           	.word 4c4f
     5fc:	4441 4f3b      	orb	rh1,0x4f00003b(r4)
     600:	5245 5345      	subl	rr5,0x53000045(r4)
     604:	4e3b           	.word 4e3b
     606:	5244 4431      	subl	rr4,0x44000031(r4)
     60a:	413b 4442      	add	r11,0x44000042(r3)
     60e:	4c31 3020 2020 	cpb	0x30000020(r3),#0x20
     614:	2020           	ldb	rh0,@rr2
     616:	2020           	ldb	rh0,@rr2
     618:	2020           	ldb	rh0,@rr2
     61a:	5349 474e      	push	@rr4,0x4700004e(r9)
     61e:	414c 533a      	add	r12,0x5300003a(r4)
     622:	4c4f           	.word 4c4f
     624:	4441 4f3b      	orb	rh1,0x4f00003b(r4)
     628:	5245 5345      	subl	rr5,0x53000045(r4)
     62c:	433b 5244      	sub	r11,0x52000044(r3)
     630:	5354 4e3b      	push	@rr5,0x4e00003b(r4)
     634:	4442 3131      	orb	rh2,0x31000031(r4)
     638:	3020 2020      	ldb	rh0,rr2(#0x2020)
     63c:	2020           	ldb	rh0,@rr2
     63e:	2020           	ldb	rh0,@rr2
     640:	2020           	ldb	rh0,@rr2
     642:	5349 474e      	push	@rr4,0x4700004e(r9)
     646:	414c 204c      	add	r12,0x2000004c(r4)
     64a:	4f44           	.word 4f44
     64c:	414f 3d31      	add	r15,0x3d000031(r4)
     650:	204e           	ldb	rl6,@rr4
     652:	4f54           	.word 4f54
     654:	2056           	ldb	rh6,@rr5
     656:	4552 4946      	or	r2,0x49000046(r5)
     65a:	5945 4420      	mult	rr5,0x44000020(r4)
     65e:	2020           	ldb	rh0,@rr2
     660:	2020           	ldb	rh0,@rr2
     662:	2020           	ldb	rh0,@rr2
     664:	2020           	ldb	rh0,@rr2
     666:	2020           	ldb	rh0,@rr2
     668:	2020           	ldb	rh0,@rr2
     66a:	5345 5249      	push	@rr4,0x52000049(r5)
     66e:	414c 2043      	add	r12,0x20000043(r4)
     672:	4f4e           	.word 4f4e
     674:	5452 4f4c      	ldl	rr2,0x4f00004c(r5)
     678:	4c45 5220 5349 	ldb	0x52000020(r4),#0x49
     67e:	4f2f           	.word 4f2f
     680:	3020 4552      	ldb	rh0,rr2(#0x4552)
     684:	524f 5220      	subl	rr15,0x52000020(r4)
     688:	2020           	ldb	rh0,@rr2
     68a:	2020           	ldb	rh0,@rr2
     68c:	2020           	ldb	rh0,@rr2
     68e:	2020           	ldb	rh0,@rr2
     690:	2020           	ldb	rh0,@rr2
     692:	5349 474e      	push	@rr4,0x4700004e(r9)
     696:	414c 533a      	add	r12,0x5300003a(r4)
     69a:	5254 5332      	subl	rr4,0x53000032(r5)
     69e:	4e3d           	.word 4e3d
     6a0:	3e43           	outb	@r4,rh3
     6a2:	5453 3242      	ldl	rr3,0x32000042(r5)
     6a6:	3b4c           	.word 3b4c
     6a8:	4f44           	.word 4f44
     6aa:	414f 3b49      	add	r15,0x3b000049(r4)
     6ae:	4e54           	.word 4e54
     6b0:	524e 3b49      	subl	rr14,0x3b000049(r4)
     6b4:	4531 3030      	or	r1,0x30000030(r3)
     6b8:	2020           	ldb	rh0,@rr2
     6ba:	5349 474e      	push	@rr4,0x4700004e(r9)
     6be:	414c 533a      	add	r12,0x5300003a(r4)
     6c2:	5254 5332      	subl	rr4,0x53000032(r5)
     6c6:	4e3d           	.word 4e3d
     6c8:	3e43           	outb	@r4,rh3
     6ca:	5453 3242      	ldl	rr3,0x32000042(r5)
     6ce:	3b4c           	.word 3b4c
     6d0:	4f44           	.word 4f44
     6d2:	414f 3b49      	add	r15,0x3b000049(r4)
     6d6:	4e53           	.word 4e53
     6d8:	494e 3b49      	xor	r14,0x3b000049(r4)
     6dc:	4549 5331      	or	r9,0x53000031(r4)
     6e0:	2020           	ldb	rh0,@rr2
     6e2:	4348 2e20      	sub	r8,0x2e000020(r4)
     6e6:	4220 4354      	subb	rh0,0x43000054(r2)
     6ea:	5320 4f4e      	push	@rr2,0x4f00004e
     6ee:	2049           	ldb	rl1,@rr4
     6f0:	4e54           	.word 4e54
     6f2:	4552 5255      	or	r2,0x52000055(r5)
     6f6:	5054 204e      	cpl	rr4,0x2000004e(r5)
     6fa:	4f54           	.word 4f54
     6fc:	204f           	ldb	rl7,@rr4
     6fe:	4343 5552      	sub	r3,0x55000052(r4)
     702:	4544 2020      	or	r4,0x20000020(r4)
     706:	2020           	ldb	rh0,@rr2
     708:	2020           	ldb	rh0,@rr2
     70a:	5345 5249      	push	@rr4,0x52000049(r5)
     70e:	414c 2043      	add	r12,0x20000043(r4)
     712:	4f4e           	.word 4f4e
     714:	5452 4f4c      	ldl	rr2,0x4f00004c(r5)
     718:	4c45 5220 5349 	ldb	0x52000020(r4),#0x49
     71e:	4f2f           	.word 4f2f
     720:	3020 4552      	ldb	rh0,rr2(#0x4552)
     724:	524f 5220      	subl	rr15,0x52000020(r4)
     728:	2020           	ldb	rh0,@rr2
     72a:	2020           	ldb	rh0,@rr2
     72c:	2020           	ldb	rh0,@rr2
     72e:	2020           	ldb	rh0,@rr2
     730:	2020           	ldb	rh0,@rr2
     732:	5349 474e      	push	@rr4,0x4700004e(r9)
     736:	414c 533a      	add	r12,0x5300003a(r4)
     73a:	2049           	ldb	rl1,@rr4
     73c:	4e54           	.word 4e54
     73e:	524e 3b49      	subl	rr14,0x3b000049(r4)
     742:	4531 3030      	or	r1,0x30000030(r3)
     746:	3b20           	.word 3b20
     748:	2020           	ldb	rh0,@rr2
     74a:	2020           	ldb	rh0,@rr2
     74c:	2020           	ldb	rh0,@rr2
     74e:	2020           	ldb	rh0,@rr2
     750:	2020           	ldb	rh0,@rr2
     752:	2020           	ldb	rh0,@rr2
     754:	2020           	ldb	rh0,@rr2
     756:	2020           	ldb	rh0,@rr2
     758:	2020           	ldb	rh0,@rr2
     75a:	5349 474e      	push	@rr4,0x4700004e(r9)
     75e:	414c 533a      	add	r12,0x5300003a(r4)
     762:	2049           	ldb	rl1,@rr4
     764:	4e53           	.word 4e53
     766:	494e 3b49      	xor	r14,0x3b000049(r4)
     76a:	4549 5331      	or	r9,0x53000031(r4)
     76e:	3b20           	.word 3b20
     770:	2020           	ldb	rh0,@rr2
     772:	2020           	ldb	rh0,@rr2
     774:	2020           	ldb	rh0,@rr2
     776:	2020           	ldb	rh0,@rr2
     778:	2020           	ldb	rh0,@rr2
     77a:	2020           	ldb	rh0,@rr2
     77c:	2020           	ldb	rh0,@rr2
     77e:	2020           	ldb	rh0,@rr2
     780:	2020           	ldb	rh0,@rr2
     782:	5349 474e      	push	@rr4,0x4700004e(r9)
     786:	414c 533a      	add	r12,0x5300003a(r4)
     78a:	5458 4431      	ldl	rr8,0x44000031(r5)
     78e:	303d 3e54      	ldb	rl5,rr3(#0x3e54)
     792:	5844 3135      	multl	rq4,0x31000035(r4)
     796:	3b43           	.word 3b43
     798:	4c4b           	.word 4c4b
     79a:	3130 3b52      	ld	r0,rr3(#0x3b52)
     79e:	5844 3130      	multl	rq4,0x31000030(r4)
     7a2:	3b4c           	.word 3b4c
     7a4:	4f44           	.word 4f44
     7a6:	414f 2020      	add	r15,0x20000020(r4)
     7aa:	4348 2e20      	sub	r8,0x2e000020(r4)
     7ae:	4120 454e      	add	r0,0x4500004e(r2)
     7b2:	4420 4f46      	orb	rh0,0x4f000046(r2)
     7b6:	2054           	ldb	rh4,@rr5
     7b8:	5241 534d      	subl	rr1,0x5300004d(r4)
     7bc:	4954 494f      	xor	r4,0x4900004f(r5)
     7c0:	4e20           	.word 4e20
     7c2:	4e4f           	.word 4e4f
     7c4:	5420 5645      	ldl	rr0,0x56000045(r2)
     7c8:	5249 4649      	subl	rr9,0x46000049(r4)
     7cc:	4544 2020      	or	r4,0x20000020(r4)
     7d0:	2020           	ldb	rh0,@rr2
     7d2:	5345 5249      	push	@rr4,0x52000049(r5)
     7d6:	414c 2043      	add	r12,0x20000043(r4)
     7da:	4f4e           	.word 4f4e
     7dc:	5452 4f4c      	ldl	rr2,0x4f00004c(r5)
     7e0:	4c45 5220 5349 	ldb	0x52000020(r4),#0x49
     7e6:	4f2f           	.word 4f2f
     7e8:	3020 4552      	ldb	rh0,rr2(#0x4552)
     7ec:	524f 5220      	subl	rr15,0x52000020(r4)
     7f0:	2020           	ldb	rh0,@rr2
     7f2:	2020           	ldb	rh0,@rr2
     7f4:	2020           	ldb	rh0,@rr2
     7f6:	2020           	ldb	rh0,@rr2
     7f8:	2020           	ldb	rh0,@rr2
     7fa:	5349 474e      	push	@rr4,0x4700004e(r9)
     7fe:	414c 533a      	add	r12,0x5300003a(r4)
     802:	4454 5231      	orb	rh4,0x52000031(r5)
     806:	4e3d           	.word 4e3d
     808:	3e44           	outb	@r4,rh4
     80a:	5352 3142      	push	@rr5,0x31000042(r2)
     80e:	3b4c           	.word 3b4c
     810:	4f44           	.word 4f44
     812:	414f 3b20      	add	r15,0x3b000020(r4)
     816:	2020           	ldb	rh0,@rr2
     818:	2020           	ldb	rh0,@rr2
     81a:	2020           	ldb	rh0,@rr2
     81c:	2020           	ldb	rh0,@rr2
     81e:	2020           	ldb	rh0,@rr2
     820:	2020           	ldb	rh0,@rr2
     822:	4348 2e20      	sub	r8,0x2e000020(r4)
     826:	4120 4453      	add	r0,0x44000053(r2)
     82a:	5220 494e      	subl	rr0,0x4900004e(r2)
     82e:	5445 5252      	ldl	rr5,0x52000052(r4)
     832:	5550 5420      	popl	0x54000020,@rr5
     836:	4e4f           	.word 4e4f
     838:	5420 4f43      	ldl	rr0,0x4f000043(r2)
     83c:	434f 5552      	sub	r15,0x55000052(r4)
     840:	4544 2020      	or	r4,0x20000020(r4)
     844:	2020           	ldb	rh0,@rr2
     846:	2020           	ldb	rh0,@rr2
     848:	2020           	ldb	rh0,@rr2
     84a:	5345 5249      	push	@rr4,0x52000049(r5)
     84e:	414c 2043      	add	r12,0x20000043(r4)
     852:	4f4e           	.word 4f4e
     854:	5452 4f4c      	ldl	rr2,0x4f00004c(r5)
     858:	4c45 5220 5349 	ldb	0x52000020(r4),#0x49
     85e:	4f2f           	.word 4f2f
     860:	3020 4552      	ldb	rh0,rr2(#0x4552)
     864:	524f 5220      	subl	rr15,0x52000020(r4)
     868:	2020           	ldb	rh0,@rr2
     86a:	2020           	ldb	rh0,@rr2
     86c:	2020           	ldb	rh0,@rr2
     86e:	2020           	ldb	rh0,@rr2
     870:	2020           	ldb	rh0,@rr2
     872:	5349 474e      	push	@rr4,0x4700004e(r9)
     876:	414c 533a      	add	r12,0x5300003a(r4)
     87a:	5254 5332      	subl	rr4,0x53000032(r5)
     87e:	4e3d           	.word 4e3d
     880:	3e42           	outb	@r4,rh2
     882:	5553 324e      	popl	0x3200004e(r3),@rr5
     886:	3b4c           	.word 3b4c
     888:	4f44           	.word 4f44
     88a:	414f 3b49      	add	r15,0x3b000049(r4)
     88e:	4e54           	.word 4e54
     890:	524e 3b49      	subl	rr14,0x3b000049(r4)
     894:	4531 3030      	or	r1,0x30000030(r3)
     898:	2020           	ldb	rh0,@rr2
     89a:	5349 474e      	push	@rr4,0x4700004e(r9)
     89e:	414c 533a      	add	r12,0x5300003a(r4)
     8a2:	5254 5332      	subl	rr4,0x53000032(r5)
     8a6:	4e3d           	.word 4e3d
     8a8:	3e42           	outb	@r4,rh2
     8aa:	5553 324e      	popl	0x3200004e(r3),@rr5
     8ae:	3b4c           	.word 3b4c
     8b0:	4f44           	.word 4f44
     8b2:	414f 3b49      	add	r15,0x3b000049(r4)
     8b6:	4e53           	.word 4e53
     8b8:	494e 3b49      	xor	r14,0x3b000049(r4)
     8bc:	4549 5331      	or	r9,0x53000031(r4)
     8c0:	2020           	ldb	rh0,@rr2
     8c2:	4348 2e20      	sub	r8,0x2e000020(r4)
     8c6:	4220 4443      	subb	rh0,0x44000043(r2)
     8ca:	442d 4f46      	orb	rl5,0x4f000046(r2)
     8ce:	4620 494e      	andb	rh0,0x4900004e(r2)
     8d2:	5445 5252      	ldl	rr5,0x52000052(r4)
     8d6:	5550 5420      	popl	0x54000020,@rr5
     8da:	4e4f           	.word 4e4f
     8dc:	5420 4f43      	ldl	rr0,0x4f000043(r2)
     8e0:	4355 5245      	sub	r5,0x52000045(r5)
     8e4:	4420 2020      	orb	rh0,0x20000020(r2)
     8e8:	2020           	ldb	rh0,@rr2
     8ea:	5345 5249      	push	@rr4,0x52000049(r5)
     8ee:	414c 2043      	add	r12,0x20000043(r4)
     8f2:	4f4e           	.word 4f4e
     8f4:	5452 4f4c      	ldl	rr2,0x4f00004c(r5)
     8f8:	4c45 5220 5349 	ldb	0x52000020(r4),#0x49
     8fe:	4f2f           	.word 4f2f
     900:	3020 4552      	ldb	rh0,rr2(#0x4552)
     904:	524f 5220      	subl	rr15,0x52000020(r4)
     908:	2020           	ldb	rh0,@rr2
     90a:	2020           	ldb	rh0,@rr2
     90c:	2020           	ldb	rh0,@rr2
     90e:	2020           	ldb	rh0,@rr2
     910:	2020           	ldb	rh0,@rr2
     912:	5349 474e      	push	@rr4,0x4700004e(r9)
     916:	414c 533a      	add	r12,0x5300003a(r4)
     91a:	2049           	ldb	rl1,@rr4
     91c:	4e54           	.word 4e54
     91e:	524e 3b49      	subl	rr14,0x3b000049(r4)
     922:	4531 3030      	or	r1,0x30000030(r3)
     926:	3b20           	.word 3b20
     928:	2020           	ldb	rh0,@rr2
     92a:	2020           	ldb	rh0,@rr2
     92c:	2020           	ldb	rh0,@rr2
     92e:	2020           	ldb	rh0,@rr2
     930:	2020           	ldb	rh0,@rr2
     932:	2020           	ldb	rh0,@rr2
     934:	2020           	ldb	rh0,@rr2
     936:	2020           	ldb	rh0,@rr2
     938:	2020           	ldb	rh0,@rr2
     93a:	5349 474e      	push	@rr4,0x4700004e(r9)
     93e:	414c 533a      	add	r12,0x5300003a(r4)
     942:	2049           	ldb	rl1,@rr4
     944:	4e53           	.word 4e53
     946:	494e 3b49      	xor	r14,0x3b000049(r4)
     94a:	4549 5331      	or	r9,0x53000031(r4)
     94e:	3b20           	.word 3b20
     950:	2020           	ldb	rh0,@rr2
     952:	2020           	ldb	rh0,@rr2
     954:	2020           	ldb	rh0,@rr2
     956:	2020           	ldb	rh0,@rr2
     958:	2020           	ldb	rh0,@rr2
     95a:	2020           	ldb	rh0,@rr2
     95c:	2020           	ldb	rh0,@rr2
     95e:	2020           	ldb	rh0,@rr2
     960:	2020           	ldb	rh0,@rr2
     962:	5349 474e      	push	@rr4,0x4700004e(r9)
     966:	414c 533a      	add	r12,0x5300003a(r4)
     96a:	5458 4432      	ldl	rr8,0x44000032(r5)
     96e:	303d 3e54      	ldb	rl5,rr3(#0x3e54)
     972:	5844 3235      	multl	rq4,0x32000035(r4)
     976:	3b43           	.word 3b43
     978:	4c4b           	.word 4c4b
     97a:	3230 3b52      	ldb	rr3(#0x3b52),rh0
     97e:	5844 3230      	multl	rq4,0x32000030(r4)
     982:	3b4c           	.word 3b4c
     984:	4f44           	.word 4f44
     986:	414f 2020      	add	r15,0x20000020(r4)
     98a:	4348 2e20      	sub	r8,0x2e000020(r4)
     98e:	4220 454e      	subb	rh0,0x4500004e(r2)
     992:	4420 4f46      	orb	rh0,0x4f000046(r2)
     996:	2054           	ldb	rh4,@rr5
     998:	5241 534d      	subl	rr1,0x5300004d(r4)
     99c:	4954 494f      	xor	r4,0x4900004f(r5)
     9a0:	4e20           	.word 4e20
     9a2:	4e4f           	.word 4e4f
     9a4:	5420 5645      	ldl	rr0,0x56000045(r2)
     9a8:	5249 4649      	subl	rr9,0x46000049(r4)
     9ac:	4544 2020      	or	r4,0x20000020(r4)
     9b0:	2020           	ldb	rh0,@rr2
     9b2:	5345 5249      	push	@rr4,0x52000049(r5)
     9b6:	414c 2043      	add	r12,0x20000043(r4)
     9ba:	4f4e           	.word 4f4e
     9bc:	5452 4f4c      	ldl	rr2,0x4f00004c(r5)
     9c0:	4c45 5220 5349 	ldb	0x52000020(r4),#0x49
     9c6:	4f2f           	.word 4f2f
     9c8:	3020 4552      	ldb	rh0,rr2(#0x4552)
     9cc:	524f 5220      	subl	rr15,0x52000020(r4)
     9d0:	2020           	ldb	rh0,@rr2
     9d2:	2020           	ldb	rh0,@rr2
     9d4:	2020           	ldb	rh0,@rr2
     9d6:	2020           	ldb	rh0,@rr2
     9d8:	2020           	ldb	rh0,@rr2
     9da:	5349 474e      	push	@rr4,0x4700004e(r9)
     9de:	414c 533a      	add	r12,0x5300003a(r4)
     9e2:	4454 5232      	orb	rh4,0x52000032(r5)
     9e6:	4e3d           	.word 4e3d
     9e8:	3e44           	outb	@r4,rh4
     9ea:	5352 3242      	push	@rr5,0x32000042(r2)
     9ee:	3b4c           	.word 3b4c
     9f0:	4f44           	.word 4f44
     9f2:	414f 3b20      	add	r15,0x3b000020(r4)
     9f6:	2020           	ldb	rh0,@rr2
     9f8:	2020           	ldb	rh0,@rr2
     9fa:	2020           	ldb	rh0,@rr2
     9fc:	2020           	ldb	rh0,@rr2
     9fe:	2020           	ldb	rh0,@rr2
     a00:	2020           	ldb	rh0,@rr2
     a02:	4348 2e20      	sub	r8,0x2e000020(r4)
     a06:	4220 4453      	subb	rh0,0x44000053(r2)
     a0a:	5220 494e      	subl	rr0,0x4900004e(r2)
     a0e:	5445 5252      	ldl	rr5,0x52000052(r4)
     a12:	5550 5420      	popl	0x54000020,@rr5
     a16:	4e4f           	.word 4e4f
     a18:	5420 4f43      	ldl	rr0,0x4f000043(r2)
     a1c:	4355 5245      	sub	r5,0x52000045(r5)
     a20:	4420 2020      	orb	rh0,0x20000020(r2)
     a24:	2020           	ldb	rh0,@rr2
     a26:	2020           	ldb	rh0,@rr2
     a28:	2020           	ldb	rh0,@rr2
     a2a:	5345 5249      	push	@rr4,0x52000049(r5)
     a2e:	414c 2043      	add	r12,0x20000043(r4)
     a32:	4f4e           	.word 4f4e
     a34:	5452 4f4c      	ldl	rr2,0x4f00004c(r5)
     a38:	4c45 5220 5349 	ldb	0x52000020(r4),#0x49
     a3e:	4f2f           	.word 4f2f
     a40:	3020 4552      	ldb	rh0,rr2(#0x4552)
     a44:	524f 5220      	subl	rr15,0x52000020(r4)
     a48:	2020           	ldb	rh0,@rr2
     a4a:	2020           	ldb	rh0,@rr2
     a4c:	2020           	ldb	rh0,@rr2
     a4e:	2020           	ldb	rh0,@rr2
     a50:	2020           	ldb	rh0,@rr2
     a52:	5349 474e      	push	@rr4,0x4700004e(r9)
     a56:	414c 533a      	add	r12,0x5300003a(r4)
     a5a:	5254 5332      	subl	rr4,0x53000032(r5)
     a5e:	4e3d           	.word 4e3d
     a60:	3e42           	outb	@r4,rh2
     a62:	5553 324e      	popl	0x3200004e(r3),@rr5
     a66:	3b4c           	.word 3b4c
     a68:	4f44           	.word 4f44
     a6a:	414f 3b49      	add	r15,0x3b000049(r4)
     a6e:	4e54           	.word 4e54
     a70:	524e 3b49      	subl	rr14,0x3b000049(r4)
     a74:	4531 3030      	or	r1,0x30000030(r3)
     a78:	2020           	ldb	rh0,@rr2
     a7a:	5349 474e      	push	@rr4,0x4700004e(r9)
     a7e:	414c 533a      	add	r12,0x5300003a(r4)
     a82:	5254 5332      	subl	rr4,0x53000032(r5)
     a86:	4e3d           	.word 4e3d
     a88:	3e42           	outb	@r4,rh2
     a8a:	5553 324e      	popl	0x3200004e(r3),@rr5
     a8e:	3b4c           	.word 3b4c
     a90:	4f44           	.word 4f44
     a92:	414f 3b49      	add	r15,0x3b000049(r4)
     a96:	4e53           	.word 4e53
     a98:	494e 3b49      	xor	r14,0x3b000049(r4)
     a9c:	4549 5331      	or	r9,0x53000031(r4)
     aa0:	2020           	ldb	rh0,@rr2
     aa2:	4348 2e20      	sub	r8,0x2e000020(r4)
     aa6:	4220 4443      	subb	rh0,0x44000043(r2)
     aaa:	442d 4f4e      	orb	rl5,0x4f00004e(r2)
     aae:	2049           	ldb	rl1,@rr4
     ab0:	4e54           	.word 4e54
     ab2:	4552 5255      	or	r2,0x52000055(r5)
     ab6:	5054 204e      	cpl	rr4,0x2000004e(r5)
     aba:	4f54           	.word 4f54
     abc:	204f           	ldb	rl7,@rr4
     abe:	4343 5552      	sub	r3,0x55000052(r4)
     ac2:	4544 2020      	or	r4,0x20000020(r4)
     ac6:	2020           	ldb	rh0,@rr2
     ac8:	2020           	ldb	rh0,@rr2
     aca:	5345 5249      	push	@rr4,0x52000049(r5)
     ace:	414c 2043      	add	r12,0x20000043(r4)
     ad2:	4f4e           	.word 4f4e
     ad4:	5452 4f4c      	ldl	rr2,0x4f00004c(r5)
     ad8:	4c45 5220 5349 	ldb	0x52000020(r4),#0x49
     ade:	4f2f           	.word 4f2f
     ae0:	3020 4552      	ldb	rh0,rr2(#0x4552)
     ae4:	524f 5220      	subl	rr15,0x52000020(r4)
     ae8:	2020           	ldb	rh0,@rr2
     aea:	2020           	ldb	rh0,@rr2
     aec:	2020           	ldb	rh0,@rr2
     aee:	2020           	ldb	rh0,@rr2
     af0:	2020           	ldb	rh0,@rr2
     af2:	5349 474e      	push	@rr4,0x4700004e(r9)
     af6:	414c 533a      	add	r12,0x5300003a(r4)
     afa:	5254 5331      	subl	rr4,0x53000031(r5)
     afe:	4e3d           	.word 4e3d
     b00:	3e43           	outb	@r4,rh3
     b02:	5453 3142      	ldl	rr3,0x31000042(r5)
     b06:	3b4c           	.word 3b4c
     b08:	4f44           	.word 4f44
     b0a:	414f 3b49      	add	r15,0x3b000049(r4)
     b0e:	4e54           	.word 4e54
     b10:	524e 3b49      	subl	rr14,0x3b000049(r4)
     b14:	4531 3030      	or	r1,0x30000030(r3)
     b18:	2020           	ldb	rh0,@rr2
     b1a:	5349 474e      	push	@rr4,0x4700004e(r9)
     b1e:	414c 533a      	add	r12,0x5300003a(r4)
     b22:	5254 5331      	subl	rr4,0x53000031(r5)
     b26:	4e3d           	.word 4e3d
     b28:	3e43           	outb	@r4,rh3
     b2a:	5453 3142      	ldl	rr3,0x31000042(r5)
     b2e:	3b4c           	.word 3b4c
     b30:	4f44           	.word 4f44
     b32:	414f 3b49      	add	r15,0x3b000049(r4)
     b36:	4e53           	.word 4e53
     b38:	494e 3b49      	xor	r14,0x3b000049(r4)
     b3c:	4549 5331      	or	r9,0x53000031(r4)
     b40:	2020           	ldb	rh0,@rr2
     b42:	4348 2e20      	sub	r8,0x2e000020(r4)
     b46:	4120 4354      	add	r0,0x43000054(r2)
     b4a:	5320 4f46      	push	@rr2,0x4f000046
     b4e:	4620 494e      	andb	rh0,0x4900004e(r2)
     b52:	5445 5252      	ldl	rr5,0x52000052(r4)
     b56:	5550 5420      	popl	0x54000020,@rr5
     b5a:	4e4f           	.word 4e4f
     b5c:	5420 4f43      	ldl	rr0,0x4f000043(r2)
     b60:	4355 5245      	sub	r5,0x52000045(r5)
     b64:	4420 2020      	orb	rh0,0x20000020(r2)
     b68:	2020           	ldb	rh0,@rr2
     b6a:	5345 5249      	push	@rr4,0x52000049(r5)
     b6e:	414c 2043      	add	r12,0x20000043(r4)
     b72:	4f4e           	.word 4f4e
     b74:	5452 4f4c      	ldl	rr2,0x4f00004c(r5)
     b78:	4c45 5220 5349 	ldb	0x52000020(r4),#0x49
     b7e:	4f2f           	.word 4f2f
     b80:	3020 4552      	ldb	rh0,rr2(#0x4552)
     b84:	524f 5220      	subl	rr15,0x52000020(r4)
     b88:	2020           	ldb	rh0,@rr2
     b8a:	2020           	ldb	rh0,@rr2
     b8c:	2020           	ldb	rh0,@rr2
     b8e:	2020           	ldb	rh0,@rr2
     b90:	2020           	ldb	rh0,@rr2
     b92:	5349 474e      	push	@rr4,0x4700004e(r9)
     b96:	414c 533a      	add	r12,0x5300003a(r4)
     b9a:	5254 5331      	subl	rr4,0x53000031(r5)
     b9e:	4e3d           	.word 4e3d
     ba0:	3e42           	outb	@r4,rh2
     ba2:	5553 314e      	popl	0x3100004e(r3),@rr5
     ba6:	2c4c           	exb	rl4,@rr4
     ba8:	4f44           	.word 4f44
     baa:	414f 3b49      	add	r15,0x3b000049(r4)
     bae:	4e54           	.word 4e54
     bb0:	524e 3b49      	subl	rr14,0x3b000049(r4)
     bb4:	4531 3030      	or	r1,0x30000030(r3)
     bb8:	2020           	ldb	rh0,@rr2
     bba:	5349 474e      	push	@rr4,0x4700004e(r9)
     bbe:	414c 533a      	add	r12,0x5300003a(r4)
     bc2:	5254 5331      	subl	rr4,0x53000031(r5)
     bc6:	4e3d           	.word 4e3d
     bc8:	3e42           	outb	@r4,rh2
     bca:	5553 314e      	popl	0x3100004e(r3),@rr5
     bce:	3b4c           	.word 3b4c
     bd0:	4f44           	.word 4f44
     bd2:	414f 3b49      	add	r15,0x3b000049(r4)
     bd6:	4e53           	.word 4e53
     bd8:	494e 3b49      	xor	r14,0x3b000049(r4)
     bdc:	4549 5331      	or	r9,0x53000031(r4)
     be0:	2020           	ldb	rh0,@rr2
     be2:	4348 2e20      	sub	r8,0x2e000020(r4)
     be6:	4120 4443      	add	r0,0x44000043(r2)
     bea:	4420 4f46      	orb	rh0,0x4f000046(r2)
     bee:	4620 494e      	andb	rh0,0x4900004e(r2)
     bf2:	5445 5252      	ldl	rr5,0x52000052(r4)
     bf6:	5550 5420      	popl	0x54000020,@rr5
     bfa:	4e4f           	.word 4e4f
     bfc:	5420 4f43      	ldl	rr0,0x4f000043(r2)
     c00:	4355 5245      	sub	r5,0x52000045(r5)
     c04:	4420 2020      	orb	rh0,0x20000020(r2)
     c08:	2020           	ldb	rh0,@rr2
     c0a:	5345 5249      	push	@rr4,0x52000049(r5)
     c0e:	414c 2043      	add	r12,0x20000043(r4)
     c12:	4f4e           	.word 4f4e
     c14:	5452 4f4c      	ldl	rr2,0x4f00004c(r5)
     c18:	4c45 5220 5349 	ldb	0x52000020(r4),#0x49
     c1e:	4f2f           	.word 4f2f
     c20:	3020 4552      	ldb	rh0,rr2(#0x4552)
     c24:	524f 5220      	subl	rr15,0x52000020(r4)
     c28:	2020           	ldb	rh0,@rr2
     c2a:	2020           	ldb	rh0,@rr2
     c2c:	2020           	ldb	rh0,@rr2
     c2e:	2020           	ldb	rh0,@rr2
     c30:	2020           	ldb	rh0,@rr2
     c32:	5349 474e      	push	@rr4,0x4700004e(r9)
     c36:	414c 533a      	add	r12,0x5300003a(r4)
     c3a:	5254 5331      	subl	rr4,0x53000031(r5)
     c3e:	4e3d           	.word 4e3d
     c40:	3e43           	outb	@r4,rh3
     c42:	5453 3142      	ldl	rr3,0x31000042(r5)
     c46:	3b4c           	.word 3b4c
     c48:	4f44           	.word 4f44
     c4a:	414f 3b49      	add	r15,0x3b000049(r4)
     c4e:	4e54           	.word 4e54
     c50:	524e 3b49      	subl	rr14,0x3b000049(r4)
     c54:	4531 3030      	or	r1,0x30000030(r3)
     c58:	2020           	ldb	rh0,@rr2
     c5a:	5349 474e      	push	@rr4,0x4700004e(r9)
     c5e:	414c 533a      	add	r12,0x5300003a(r4)
     c62:	5254 5331      	subl	rr4,0x53000031(r5)
     c66:	4e3d           	.word 4e3d
     c68:	3e43           	outb	@r4,rh3
     c6a:	5453 3142      	ldl	rr3,0x31000042(r5)
     c6e:	3b4c           	.word 3b4c
     c70:	4f44           	.word 4f44
     c72:	414f 3b49      	add	r15,0x3b000049(r4)
     c76:	4e53           	.word 4e53
     c78:	494e 3b49      	xor	r14,0x3b000049(r4)
     c7c:	4549 5331      	or	r9,0x53000031(r4)
     c80:	2020           	ldb	rh0,@rr2
     c82:	4348 2e20      	sub	r8,0x2e000020(r4)
     c86:	4120 4354      	add	r0,0x43000054(r2)
     c8a:	5320 4f4e      	push	@rr2,0x4f00004e
     c8e:	2049           	ldb	rl1,@rr4
     c90:	4e54           	.word 4e54
     c92:	4552 5255      	or	r2,0x52000055(r5)
     c96:	5054 204e      	cpl	rr4,0x2000004e(r5)
     c9a:	4f54           	.word 4f54
     c9c:	204f           	ldb	rl7,@rr4
     c9e:	4343 5552      	sub	r3,0x55000052(r4)
     ca2:	4544 2020      	or	r4,0x20000020(r4)
     ca6:	2020           	ldb	rh0,@rr2
     ca8:	2020           	ldb	rh0,@rr2
     caa:	5345 5249      	push	@rr4,0x52000049(r5)
     cae:	414c 2043      	add	r12,0x20000043(r4)
     cb2:	4f4e           	.word 4f4e
     cb4:	5452 4f4c      	ldl	rr2,0x4f00004c(r5)
     cb8:	4c45 5220 5349 	ldb	0x52000020(r4),#0x49
     cbe:	4f2f           	.word 4f2f
     cc0:	3020 4552      	ldb	rh0,rr2(#0x4552)
     cc4:	524f 5220      	subl	rr15,0x52000020(r4)
     cc8:	2020           	ldb	rh0,@rr2
     cca:	2020           	ldb	rh0,@rr2
     ccc:	2020           	ldb	rh0,@rr2
     cce:	2020           	ldb	rh0,@rr2
     cd0:	2020           	ldb	rh0,@rr2
     cd2:	5349 474e      	push	@rr4,0x4700004e(r9)
     cd6:	414c 533a      	add	r12,0x5300003a(r4)
     cda:	5254 5331      	subl	rr4,0x53000031(r5)
     cde:	4e3d           	.word 4e3d
     ce0:	3e42           	outb	@r4,rh2
     ce2:	5553 314e      	popl	0x3100004e(r3),@rr5
     ce6:	2c4c           	exb	rl4,@rr4
     ce8:	4f44           	.word 4f44
     cea:	414f 3b49      	add	r15,0x3b000049(r4)
     cee:	4e54           	.word 4e54
     cf0:	524e 3b49      	subl	rr14,0x3b000049(r4)
     cf4:	4531 3030      	or	r1,0x30000030(r3)
     cf8:	2020           	ldb	rh0,@rr2
     cfa:	5349 474e      	push	@rr4,0x4700004e(r9)
     cfe:	414c 533a      	add	r12,0x5300003a(r4)
     d02:	5254 5331      	subl	rr4,0x53000031(r5)
     d06:	4e3d           	.word 4e3d
     d08:	3e42           	outb	@r4,rh2
     d0a:	5553 314e      	popl	0x3100004e(r3),@rr5
     d0e:	3b4c           	.word 3b4c
     d10:	4f44           	.word 4f44
     d12:	414f 3b49      	add	r15,0x3b000049(r4)
     d16:	4e53           	.word 4e53
     d18:	494e 3b49      	xor	r14,0x3b000049(r4)
     d1c:	4549 5331      	or	r9,0x53000031(r4)
     d20:	2020           	ldb	rh0,@rr2
     d22:	4348 2e20      	sub	r8,0x2e000020(r4)
     d26:	4120 4443      	add	r0,0x44000043(r2)
     d2a:	4420 4f4e      	orb	rh0,0x4f00004e(r2)
     d2e:	2049           	ldb	rl1,@rr4
     d30:	4e54           	.word 4e54
     d32:	4552 5255      	or	r2,0x52000055(r5)
     d36:	5054 204e      	cpl	rr4,0x2000004e(r5)
     d3a:	4f54           	.word 4f54
     d3c:	204f           	ldb	rl7,@rr4
     d3e:	4343 5552      	sub	r3,0x55000052(r4)
     d42:	4544 2020      	or	r4,0x20000020(r4)
     d46:	2020           	ldb	rh0,@rr2
     d48:	2020           	ldb	rh0,@rr2
     d4a:	5345 5249      	push	@rr4,0x52000049(r5)
     d4e:	414c 2043      	add	r12,0x20000043(r4)
     d52:	4f4e           	.word 4f4e
     d54:	5452 4f4c      	ldl	rr2,0x4f00004c(r5)
     d58:	4c45 5220 5349 	ldb	0x52000020(r4),#0x49
     d5e:	4f2f           	.word 4f2f
     d60:	3020 4552      	ldb	rh0,rr2(#0x4552)
     d64:	524f 5220      	subl	rr15,0x52000020(r4)
     d68:	2020           	ldb	rh0,@rr2
     d6a:	2020           	ldb	rh0,@rr2
     d6c:	2020           	ldb	rh0,@rr2
     d6e:	2020           	ldb	rh0,@rr2
     d70:	2020           	ldb	rh0,@rr2
     d72:	5349 474e      	push	@rr4,0x4700004e(r9)
     d76:	414c 533a      	add	r12,0x5300003a(r4)
     d7a:	5458 4431      	ldl	rr8,0x44000031(r5)
     d7e:	303d 3e54      	ldb	rl5,rr3(#0x3e54)
     d82:	5844 3135      	multl	rq4,0x31000035(r4)
     d86:	3b43           	.word 3b43
     d88:	4c4b           	.word 4c4b
     d8a:	3130 3b52      	ld	r0,rr3(#0x3b52)
     d8e:	5844 3130      	multl	rq4,0x31000030(r4)
     d92:	3b4c           	.word 3b4c
     d94:	4f44           	.word 4f44
     d96:	414f 2020      	add	r15,0x20000020(r4)
     d9a:	4348 2e20      	sub	r8,0x2e000020(r4)
     d9e:	4120 5041      	add	r0,0x50000041(r2)
     da2:	5249 5459      	subl	rr9,0x54000059(r4)
     da6:	2045           	ldb	rh5,@rr4
     da8:	5252 4f52      	subl	rr2,0x4f000052(r5)
     dac:	2020           	ldb	rh0,@rr2
     dae:	2020           	ldb	rh0,@rr2
     db0:	2020           	ldb	rh0,@rr2
     db2:	2020           	ldb	rh0,@rr2
     db4:	2020           	ldb	rh0,@rr2
     db6:	2020           	ldb	rh0,@rr2
     db8:	2020           	ldb	rh0,@rr2
     dba:	2020           	ldb	rh0,@rr2
     dbc:	2020           	ldb	rh0,@rr2
     dbe:	2020           	ldb	rh0,@rr2
     dc0:	2020           	ldb	rh0,@rr2
     dc2:	5345 5249      	push	@rr4,0x52000049(r5)
     dc6:	414c 2043      	add	r12,0x20000043(r4)
     dca:	4f4e           	.word 4f4e
     dcc:	5452 4f4c      	ldl	rr2,0x4f00004c(r5)
     dd0:	4c45 5220 5349 	ldb	0x52000020(r4),#0x49
     dd6:	4f2f           	.word 4f2f
     dd8:	3020 4552      	ldb	rh0,rr2(#0x4552)
     ddc:	524f 5220      	subl	rr15,0x52000020(r4)
     de0:	2020           	ldb	rh0,@rr2
     de2:	2020           	ldb	rh0,@rr2
     de4:	2020           	ldb	rh0,@rr2
     de6:	2020           	ldb	rh0,@rr2
     de8:	2020           	ldb	rh0,@rr2
     dea:	5349 474e      	push	@rr4,0x4700004e(r9)
     dee:	414c 533a      	add	r12,0x5300003a(r4)
     df2:	5458 4432      	ldl	rr8,0x44000032(r5)
     df6:	303d 3e54      	ldb	rl5,rr3(#0x3e54)
     dfa:	5844 3235      	multl	rq4,0x32000035(r4)
     dfe:	3b43           	.word 3b43
     e00:	4c4b           	.word 4c4b
     e02:	3230 3b52      	ldb	rr3(#0x3b52),rh0
     e06:	5844 3230      	multl	rq4,0x32000030(r4)
     e0a:	3b4c           	.word 3b4c
     e0c:	4f44           	.word 4f44
     e0e:	414f 2020      	add	r15,0x20000020(r4)
     e12:	4348 2e20      	sub	r8,0x2e000020(r4)
     e16:	4220 5245      	subb	rh0,0x52000045(r2)
     e1a:	4345 4956      	sub	r5,0x49000056(r4)
     e1e:	4520 4f56      	or	r0,0x4f000056(r2)
     e22:	4552 5255      	or	r2,0x52000055(r5)
     e26:	4e20           	.word 4e20
     e28:	4552 524f      	or	r2,0x5200004f(r5)
     e2c:	5220 2020      	subl	rr0,0x20000020(r2)
     e30:	2020           	ldb	rh0,@rr2
     e32:	2020           	ldb	rh0,@rr2
     e34:	2020           	ldb	rh0,@rr2
     e36:	2020           	ldb	rh0,@rr2
     e38:	2020           	ldb	rh0,@rr2
     e3a:	5345 5249      	push	@rr4,0x52000049(r5)
     e3e:	414c 2043      	add	r12,0x20000043(r4)
     e42:	4f4e           	.word 4f4e
     e44:	5452 4f4c      	ldl	rr2,0x4f00004c(r5)
     e48:	4c45 5220 5349 	ldb	0x52000020(r4),#0x49
     e4e:	4f2f           	.word 4f2f
     e50:	3020 4552      	ldb	rh0,rr2(#0x4552)
     e54:	524f 5220      	subl	rr15,0x52000020(r4)
     e58:	2020           	ldb	rh0,@rr2
     e5a:	2020           	ldb	rh0,@rr2
     e5c:	2020           	ldb	rh0,@rr2
     e5e:	2020           	ldb	rh0,@rr2
     e60:	2020           	ldb	rh0,@rr2
     e62:	5349 474e      	push	@rr4,0x4700004e(r9)
     e66:	414c 533a      	add	r12,0x5300003a(r4)
     e6a:	5254 5332      	subl	rr4,0x53000032(r5)
     e6e:	4e3d           	.word 4e3d
     e70:	3e43           	outb	@r4,rh3
     e72:	5453 3242      	ldl	rr3,0x32000042(r5)
     e76:	3b4c           	.word 3b4c
     e78:	4f44           	.word 4f44
     e7a:	414f 3b49      	add	r15,0x3b000049(r4)
     e7e:	4e54           	.word 4e54
     e80:	524e 3b49      	subl	rr14,0x3b000049(r4)
     e84:	4531 3030      	or	r1,0x30000030(r3)
     e88:	2020           	ldb	rh0,@rr2
     e8a:	5349 474e      	push	@rr4,0x4700004e(r9)
     e8e:	414c 533a      	add	r12,0x5300003a(r4)
     e92:	5254 5332      	subl	rr4,0x53000032(r5)
     e96:	4e3d           	.word 4e3d
     e98:	3e43           	outb	@r4,rh3
     e9a:	5453 3242      	ldl	rr3,0x32000042(r5)
     e9e:	3b4c           	.word 3b4c
     ea0:	4f44           	.word 4f44
     ea2:	414f 3b49      	add	r15,0x3b000049(r4)
     ea6:	4e53           	.word 4e53
     ea8:	494e 3b49      	xor	r14,0x3b000049(r4)
     eac:	4549 5331      	or	r9,0x53000031(r4)
     eb0:	2020           	ldb	rh0,@rr2
     eb2:	4348 2e20      	sub	r8,0x2e000020(r4)
     eb6:	4220 4354      	subb	rh0,0x43000054(r2)
     eba:	5320 4f46      	push	@rr2,0x4f000046
     ebe:	4620 494e      	andb	rh0,0x4900004e(r2)
     ec2:	5445 5252      	ldl	rr5,0x52000052(r4)
     ec6:	5550 5420      	popl	0x54000020,@rr5
     eca:	4e4f           	.word 4e4f
     ecc:	5420 4f43      	ldl	rr0,0x4f000043(r2)
     ed0:	4355 5245      	sub	r5,0x52000045(r5)
     ed4:	4420 2020      	orb	rh0,0x20000020(r2)
     ed8:	2020           	ldb	rh0,@rr2
     eda:	5345 5249      	push	@rr4,0x52000049(r5)
     ede:	414c 2043      	add	r12,0x20000043(r4)
     ee2:	4f4e           	.word 4f4e
     ee4:	5452 4f4c      	ldl	rr2,0x4f00004c(r5)
     ee8:	4c45 5220 5349 	ldb	0x52000020(r4),#0x49
     eee:	4f2f           	.word 4f2f
     ef0:	3020 4552      	ldb	rh0,rr2(#0x4552)
     ef4:	524f 5220      	subl	rr15,0x52000020(r4)
     ef8:	2020           	ldb	rh0,@rr2
     efa:	2020           	ldb	rh0,@rr2
     efc:	2020           	ldb	rh0,@rr2
     efe:	2020           	ldb	rh0,@rr2
     f00:	2020           	ldb	rh0,@rr2
     f02:	5349 474e      	push	@rr4,0x4700004e(r9)
     f06:	414c 533a      	add	r12,0x5300003a(r4)
     f0a:	5458 4432      	ldl	rr8,0x44000032(r5)
     f0e:	303d 3e54      	ldb	rl5,rr3(#0x3e54)
     f12:	5844 3235      	multl	rq4,0x32000035(r4)
     f16:	3b43           	.word 3b43
     f18:	4c4b           	.word 4c4b
     f1a:	3230 3b52      	ldb	rr3(#0x3b52),rh0
     f1e:	5844 3230      	multl	rq4,0x32000030(r4)
     f22:	3b4c           	.word 3b4c
     f24:	4f44           	.word 4f44
     f26:	414f 2020      	add	r15,0x20000020(r4)
     f2a:	4348 2e20      	sub	r8,0x2e000020(r4)
     f2e:	4220 5041      	subb	rh0,0x50000041(r2)
     f32:	5249 5459      	subl	rr9,0x54000059(r4)
     f36:	2045           	ldb	rh5,@rr4
     f38:	5252 4f52      	subl	rr2,0x4f000052(r5)
     f3c:	2020           	ldb	rh0,@rr2
     f3e:	2020           	ldb	rh0,@rr2
     f40:	2020           	ldb	rh0,@rr2
     f42:	2020           	ldb	rh0,@rr2
     f44:	2020           	ldb	rh0,@rr2
     f46:	2020           	ldb	rh0,@rr2
     f48:	2020           	ldb	rh0,@rr2
     f4a:	2020           	ldb	rh0,@rr2
     f4c:	2020           	ldb	rh0,@rr2
     f4e:	2020           	ldb	rh0,@rr2
     f50:	2020           	ldb	rh0,@rr2
     f52:	5345 5249      	push	@rr4,0x52000049(r5)
     f56:	414c 2043      	add	r12,0x20000043(r4)
     f5a:	4f4e           	.word 4f4e
     f5c:	5452 4f4c      	ldl	rr2,0x4f00004c(r5)
     f60:	4c45 5220 5349 	ldb	0x52000020(r4),#0x49
     f66:	4f2f           	.word 4f2f
     f68:	3020 4552      	ldb	rh0,rr2(#0x4552)
     f6c:	524f 5220      	subl	rr15,0x52000020(r4)
     f70:	2020           	ldb	rh0,@rr2
     f72:	2020           	ldb	rh0,@rr2
     f74:	2020           	ldb	rh0,@rr2
     f76:	2020           	ldb	rh0,@rr2
     f78:	2020           	ldb	rh0,@rr2
     f7a:	5349 474e      	push	@rr4,0x4700004e(r9)
     f7e:	414c 533a      	add	r12,0x5300003a(r4)
     f82:	5458 4432      	ldl	rr8,0x44000032(r5)
     f86:	303d 3e54      	ldb	rl5,rr3(#0x3e54)
     f8a:	5844 3235      	multl	rq4,0x32000035(r4)
     f8e:	3b43           	.word 3b43
     f90:	4c4b           	.word 4c4b
     f92:	3230 3b52      	ldb	rr3(#0x3b52),rh0
     f96:	5844 3230      	multl	rq4,0x32000030(r4)
     f9a:	3b4c           	.word 3b4c
     f9c:	4f44           	.word 4f44
     f9e:	414f 6572      	add	r15,0x65000072(r4)
     fa2:	7200           	.word 7200
     fa4:	4348 2e42      	sub	r8,0x2e000042(r4)
     fa8:	2052           	ldb	rh2,@rr5
     faa:	5820 414e      	multl	rq0,0x4100004e(r2)
     fae:	4420 5458      	orb	rh0,0x54000058(r2)
     fb2:	2042           	ldb	rh2,@rr4
     fb4:	5546 4645      	popl	0x46000045(r6),@rr4
     fb8:	5253 2041      	subl	rr3,0x20000041(r5)
     fbc:	5245 2044      	subl	rr5,0x20000044(r4)
     fc0:	4946 4645      	xor	r6,0x46000045(r4)
     fc4:	5245 4e54      	subl	rr5,0x4e000054(r4)
     fc8:	2e00           	.word 2e00
     fca:	6572 7200      	set	0x72000000(r7),#0x2
     fce:	2020           	ldb	rh0,@rr2
     fd0:	2020           	ldb	rh0,@rr2
     fd2:	2020           	ldb	rh0,@rr2
     fd4:	2020           	ldb	rh0,@rr2
     fd6:	5452 414e      	ldl	rr2,0x4100004e(r5)
     fda:	534d 4954      	push	@rr4,0x49000054(r13)
     fde:	2050           	ldb	rh0,@rr5
     fe0:	4841 5345      	xorb	rh1,0x53000045(r4)
     fe4:	2000 7365      	ldb	rh0,#0x65
     fe8:	7200           	.word 7200
     fea:	2042           	ldb	rh2,@rr4
     fec:	4155 4400      	add	r5,0x44000000(r5)
     ff0:	2020           	ldb	rh0,@rr2
     ff2:	2020           	ldb	rh0,@rr2
     ff4:	2020           	ldb	rh0,@rr2
     ff6:	2046           	ldb	rh6,@rr4
     ff8:	5245 5155      	subl	rr5,0x51000055(r4)
     ffc:	454e 4359      	or	r14,0x43000059(r4)
    1000:	203a           	ldb	rl2,@rr3
    1002:	2000 7365      	ldb	rh0,#0x65
    1006:	7200           	.word 7200
    1008:	5349 474e      	push	@rr4,0x4700004e(r9)
    100c:	414c 533a      	add	r12,0x5300003a(r4)
    1010:	5458 4431      	ldl	rr8,0x44000031(r5)
    1014:	303d 3e54      	ldb	rl5,rr3(#0x3e54)
    1018:	5844 3135      	multl	rq4,0x31000035(r4)
    101c:	3b43           	.word 3b43
    101e:	4c4b           	.word 4c4b
    1020:	3130 3b52      	ld	r0,rr3(#0x3b52)
    1024:	5844 3130      	multl	rq4,0x31000030(r4)
    1028:	3b4c           	.word 3b4c
    102a:	4f44           	.word 4f44
    102c:	414f 6572      	add	r15,0x65000072(r4)
    1030:	7200           	.word 7200
    1032:	4348 2e41      	sub	r8,0x2e000041(r4)
    1036:	2052           	ldb	rh2,@rr5
    1038:	5820 414e      	multl	rq0,0x4100004e(r2)
    103c:	4420 5458      	orb	rh0,0x54000058(r2)
    1040:	2042           	ldb	rh2,@rr4
    1042:	5546 4645      	popl	0x46000045(r6),@rr4
    1046:	5253 2041      	subl	rr3,0x20000041(r5)
    104a:	5245 2044      	subl	rr5,0x20000044(r4)
    104e:	4946 4645      	xor	r6,0x46000045(r4)
    1052:	5245 4e54      	subl	rr5,0x4e000054(r4)
    1056:	2e00           	.word 2e00
    1058:	6572 7200      	set	0x72000000(r7),#0x2
    105c:	2020           	ldb	rh0,@rr2
    105e:	2020           	ldb	rh0,@rr2
    1060:	2020           	ldb	rh0,@rr2
    1062:	2020           	ldb	rh0,@rr2
    1064:	5452 414e      	ldl	rr2,0x4100004e(r5)
    1068:	534d 4954      	push	@rr4,0x49000054(r13)
    106c:	2050           	ldb	rh0,@rr5
    106e:	4841 5345      	xorb	rh1,0x53000045(r4)
    1072:	2000 7365      	ldb	rh0,#0x65
    1076:	7200           	.word 7200
    1078:	2042           	ldb	rh2,@rr4
    107a:	4155 4400      	add	r5,0x44000000(r5)
    107e:	2020           	ldb	rh0,@rr2
    1080:	2020           	ldb	rh0,@rr2
    1082:	2020           	ldb	rh0,@rr2
    1084:	2046           	ldb	rh6,@rr4
    1086:	5245 5155      	subl	rr5,0x51000055(r4)
    108a:	454e 4359      	or	r14,0x43000059(r4)
    108e:	203a           	ldb	rl2,@rr3
    1090:	2000 7365      	ldb	rh0,#0x65
    1094:	7200           	.word 7200
    1096:	2020           	ldb	rh0,@rr2
    1098:	2020           	ldb	rh0,@rr2
    109a:	2043           	ldb	rh3,@rr4
    109c:	4841 4e4e      	xorb	rh1,0x4e00004e(r4)
    10a0:	454c 2041      	or	r12,0x20000041(r4)
    10a4:	7365           	.word 7365
    10a6:	7200           	.word 7200
    10a8:	2020           	ldb	rh0,@rr2
    10aa:	2020           	ldb	rh0,@rr2
    10ac:	2043           	ldb	rh3,@rr4
    10ae:	4841 4e4e      	xorb	rh1,0x4e00004e(r4)
    10b2:	454c 2042      	or	r12,0x20000042(r4)
    10b6:	7365           	.word 7365
    10b8:	7200           	.word 7200
    10ba:	0000 0000      	addb	rh0,#0x0
    10be:	0000 0003      	addb	rh0,#0x3
	...
    10de:	0000 0003      	addb	rh0,#0x3
	...
    10fa:	594f 5520      	mult	rr15,0x55000020(r4)
    10fe:	4d55 5354 2044 	ld	0x53000054(r5),#0x2044
    1104:	4947 4954      	xor	r7,0x49000054(r4)
    1108:	2030           	ldb	rh0,@rr3
    110a:	206f           	ldb	rl7,@rr6
    110c:	7220           	.word 7220
    110e:	3120 2100      	ld	r0,rr2(#0x2100)
    1112:	7365           	.word 7365
    1114:	7200           	.word 7200
    1116:	6572 7200      	set	0x72000000(r7),#0x2
    111a:	203d           	ldb	rl5,@rr3
    111c:	3e20           	outb	@r2,rh0
    111e:	2000 204f      	ldb	rh0,#0x4f
    1122:	5448 4552      	ldl	rr8,0x45000052(r4)
    1126:	2043           	ldb	rh3,@rr4
    1128:	4f4e           	.word 4f4e
    112a:	4649 4755      	andb	rl1,0x47000055(r4)
    112e:	5241 5449      	subl	rr1,0x54000049(r4)
    1132:	4f4e           	.word 4f4e
    1134:	203f           	ldb	rl7,@rr3
    1136:	2059           	ldb	rl1,@rr5
    1138:	3d31           	in	r1,@r3
    113a:	2f4e           	ld	@rr4,r14
    113c:	3d30           	in	r0,@r3
    113e:	2020           	ldb	rh0,@rr2
    1140:	696e 7400      	inc	0x74000000(r6),#0xf
    1144:	203d           	ldb	rl5,@rr3
    1146:	3e20           	outb	@r2,rh0
    1148:	2000 5052      	ldb	rh0,#0x52
    114c:	4f54           	.word 4f54
    114e:	4f43           	.word 4f43
    1150:	4f4c           	.word 4f4c
    1152:	2056           	ldb	rh6,@rr5
    1154:	3234 2042      	ldb	rr3(#0x2042),rh4
    1158:	4f54           	.word 4f54
    115a:	4820 4348      	xorb	rh0,0x43000048(r2)
    115e:	2e3f           	ldb	@rr3,rl7
    1160:	2059           	ldb	rl1,@rr5
    1162:	3d31           	in	r1,@r3
    1164:	2f4e           	ld	@rr4,r14
    1166:	3d30           	in	r0,@r3
    1168:	2020           	ldb	rh0,@rr2
    116a:	696e 7400      	inc	0x74000000(r6),#0xf
    116e:	203d           	ldb	rl5,@rr3
    1170:	3e20           	outb	@r2,rh0
    1172:	2000 5052      	ldb	rh0,#0x52
    1176:	4f54           	.word 4f54
    1178:	4f43           	.word 4f43
    117a:	4f4c           	.word 4f4c
    117c:	2043           	ldb	rh3,@rr4
    117e:	2e4c           	ldb	@rr4,rl4
    1180:	2e20           	ldb	@rr2,rh0
    1182:	424f 5448      	subb	rl7,0x54000048(r4)
    1186:	2043           	ldb	rh3,@rr4
    1188:	482e 3f59      	xorb	rl6,0x3f000059(r2)
    118c:	3d31           	in	r1,@r3
    118e:	2f4e           	ld	@rr4,r14
    1190:	3d30           	in	r0,@r3
    1192:	2020           	ldb	rh0,@rr2
    1194:	696e 7400      	inc	0x74000000(r6),#0xf
    1198:	2020           	ldb	rh0,@rr2
    119a:	2020           	ldb	rh0,@rr2
    119c:	504c 5547      	cpl	rr12,0x55000047(r4)
    11a0:	2044           	ldb	rh4,@rr4
    11a2:	4546 494e      	or	r6,0x4900004e(r4)
    11a6:	4954 494f      	xor	r4,0x4900004f(r5)
    11aa:	4e20           	.word 4e20
    11ac:	696e 7400      	inc	0x74000000(r6),#0xf
    11b0:	5349 474e      	push	@rr4,0x4700004e(r9)
    11b4:	414c 533a      	add	r12,0x5300003a(r4)
    11b8:	2050           	ldb	rh0,@rr5
    11ba:	5245 5331      	subl	rr5,0x53000031(r4)
    11be:	3b50           	.word 3b50
    11c0:	5245 5332      	subl	rr5,0x53000032(r4)
    11c4:	3b20           	.word 3b20
    11c6:	2020           	ldb	rh0,@rr2
    11c8:	2020           	ldb	rh0,@rr2
    11ca:	2020           	ldb	rh0,@rr2
    11cc:	2020           	ldb	rh0,@rr2
    11ce:	2020           	ldb	rh0,@rr2
    11d0:	2020           	ldb	rh0,@rr2
    11d2:	2020           	ldb	rh0,@rr2
    11d4:	2020           	ldb	rh0,@rr2
    11d6:	2020           	ldb	rh0,@rr2
    11d8:	4558 5445      	or	r8,0x54000045(r5)
    11dc:	524e 414c      	subl	rr14,0x4100004c(r4)
    11e0:	2050           	ldb	rh0,@rr5
    11e2:	4c55 4720 5245 	ldb	0x47000020(r5),#0x45
    11e8:	5355 4c54      	push	@rr5,0x4c000054(r5)
    11ec:	5320 4142      	push	@rr2,0x41000042
    11f0:	5345 4e54      	push	@rr4,0x4e000054(r5)
    11f4:	2020           	ldb	rh0,@rr2
    11f6:	2020           	ldb	rh0,@rr2
    11f8:	2020           	ldb	rh0,@rr2
    11fa:	2020           	ldb	rh0,@rr2
    11fc:	2020           	ldb	rh0,@rr2
    11fe:	2020           	ldb	rh0,@rr2
    1200:	5349 474e      	push	@rr4,0x4700004e(r9)
    1204:	414c 533a      	add	r12,0x5300003a(r4)
    1208:	2041           	ldb	rh1,@rr4
    120a:	434c 3234      	sub	r12,0x32000034(r4)
    120e:	3b42           	.word 3b42
    1210:	434c 3234      	sub	r12,0x32000034(r4)
    1214:	3b20           	.word 3b20
    1216:	2020           	ldb	rh0,@rr2
    1218:	2020           	ldb	rh0,@rr2
    121a:	2020           	ldb	rh0,@rr2
    121c:	2020           	ldb	rh0,@rr2
    121e:	2020           	ldb	rh0,@rr2
    1220:	2020           	ldb	rh0,@rr2
    1222:	2020           	ldb	rh0,@rr2
    1224:	2020           	ldb	rh0,@rr2
    1226:	2020           	ldb	rh0,@rr2
    1228:	5245 5355      	subl	rr5,0x53000055(r4)
    122c:	4c54 204f      	testb	0x2000004f(r5)
    1230:	4620 4954      	andb	rh0,0x49000054(r2)
    1234:	5320 5445      	push	@rr2,0x54000045
    1238:	5354 2020      	push	@rr5,0x20000020(r4)
    123c:	2020           	ldb	rh0,@rr2
    123e:	2020           	ldb	rh0,@rr2
    1240:	2020           	ldb	rh0,@rr2
    1242:	2020           	ldb	rh0,@rr2
    1244:	2020           	ldb	rh0,@rr2
    1246:	2020           	ldb	rh0,@rr2
    1248:	2020           	ldb	rh0,@rr2
    124a:	2020           	ldb	rh0,@rr2
    124c:	2020           	ldb	rh0,@rr2
    124e:	2020           	ldb	rh0,@rr2
    1250:	4449 4646      	orb	rl1,0x46000046(r4)
    1254:	4552 454e      	or	r2,0x4500004e(r5)
    1258:	4345 2042      	sub	r5,0x20000042(r4)
    125c:	4554 5745      	or	r4,0x57000045(r5)
    1260:	454e 2050      	or	r14,0x20000050(r4)
    1264:	4c55 4720 4445 	ldb	0x47000020(r5),#0x45
    126a:	4649 4e49      	andb	rl1,0x4e000049(r4)
    126e:	5449 4f4e      	ldl	rr9,0x4f00004e(r4)
    1272:	2041           	ldb	rh1,@rr4
    1274:	4e44           	.word 4e44
    1276:	2020           	ldb	rh0,@rr2
    1278:	5349 474e      	push	@rr4,0x4700004e(r9)
    127c:	414c 533a      	add	r12,0x5300003a(r4)
    1280:	2052           	ldb	rh2,@rr5
    1282:	5453 324e      	ldl	rr3,0x3200004e(r5)
    1286:	3d3e           	in	r14,@r3
    1288:	4231 3035      	subb	rh1,0x30000035(r3)
    128c:	312c 4231      	ld	r12,rr2(#0x4231)
    1290:	3036 312c      	ldb	rh6,rr3(#0x312c)
    1294:	4354 5332      	sub	r4,0x53000032(r5)
    1298:	413b 2020      	add	r11,0x20000020(r3)
    129c:	2020           	ldb	rh0,@rr2
    129e:	2020           	ldb	rh0,@rr2
    12a0:	4348 2e20      	sub	r8,0x2e000020(r4)
    12a4:	4220 4354      	subb	rh0,0x43000054(r2)
    12a8:	5320 4f4e      	push	@rr2,0x4f00004e
    12ac:	2049           	ldb	rl1,@rr4
    12ae:	4e54           	.word 4e54
    12b0:	4552 5255      	or	r2,0x52000055(r5)
    12b4:	5054 204e      	cpl	rr4,0x2000004e(r5)
    12b8:	4f54           	.word 4f54
    12ba:	204f           	ldb	rl7,@rr4
    12bc:	4343 5552      	sub	r3,0x55000052(r4)
    12c0:	4544 2020      	or	r4,0x20000020(r4)
    12c4:	2020           	ldb	rh0,@rr2
    12c6:	2020           	ldb	rh0,@rr2
    12c8:	5345 5249      	push	@rr4,0x52000049(r5)
    12cc:	414c 2043      	add	r12,0x20000043(r4)
    12d0:	4f4e           	.word 4f4e
    12d2:	5452 4f4c      	ldl	rr2,0x4f00004c(r5)
    12d6:	4c45 5220 5349 	ldb	0x52000020(r4),#0x49
    12dc:	4f2f           	.word 4f2f
    12de:	3020 4552      	ldb	rh0,rr2(#0x4552)
    12e2:	524f 5220      	subl	rr15,0x52000020(r4)
    12e6:	2020           	ldb	rh0,@rr2
    12e8:	2020           	ldb	rh0,@rr2
    12ea:	2020           	ldb	rh0,@rr2
    12ec:	2020           	ldb	rh0,@rr2
    12ee:	2020           	ldb	rh0,@rr2
    12f0:	2020           	ldb	rh0,@rr2
    12f2:	2020           	ldb	rh0,@rr2
    12f4:	2020           	ldb	rh0,@rr2
    12f6:	2020           	ldb	rh0,@rr2
    12f8:	5258 4430      	subl	rr8,0x44000030(r5)
    12fc:	333b 4143      	ld	rr3(#0x4143),r11
    1300:	4c32 4e3b      	negb	0x4e00003b(r3)
    1304:	4243 4c32      	subb	rh3,0x4c000032(r4)
    1308:	4e3b           	.word 4e3b
    130a:	5049 5544      	cpl	rr9,0x55000044(r4)
    130e:	313b 4d45      	ld	r11,rr3(#0x4d45)
    1312:	4e44           	.word 4e44
    1314:	3020 2020      	ldb	rh0,rr2(#0x2020)
    1318:	5349 474e      	push	@rr4,0x4700004e(r9)
    131c:	414c 533a      	add	r12,0x5300003a(r4)
    1320:	5458 4431      	ldl	rr8,0x44000031(r5)
    1324:	353d 3e54      	ldl	rr13,rr3(#0x3e54)
    1328:	5844 3435      	multl	rq4,0x34000035(r4)
    132c:	2c41           	exb	rh1,@rr4
    132e:	3130 334e      	ld	r0,rr3(#0x334e)
    1332:	2c41           	exb	rh1,@rr4
    1334:	3130 344e      	ld	r0,rr3(#0x344e)
    1338:	2c52           	exb	rh2,@rr5
    133a:	5844 3133      	multl	rq4,0x31000033(r4)
    133e:	2020           	ldb	rh0,@rr2
    1340:	2020           	ldb	rh0,@rr2
    1342:	2020           	ldb	rh0,@rr2
    1344:	2020           	ldb	rh0,@rr2
    1346:	2020           	ldb	rh0,@rr2
    1348:	524d 3132      	subl	rr13,0x31000032(r4)
    134c:	302c 5258      	ldb	rl4,rr2(#0x5258)
    1350:	434c 323b      	sub	r12,0x3200003b(r4)
    1354:	2020           	ldb	rh0,@rr2
    1356:	2020           	ldb	rh0,@rr2
    1358:	2020           	ldb	rh0,@rr2
    135a:	2020           	ldb	rh0,@rr2
    135c:	2020           	ldb	rh0,@rr2
    135e:	2020           	ldb	rh0,@rr2
    1360:	2020           	ldb	rh0,@rr2
    1362:	2020           	ldb	rh0,@rr2
    1364:	2020           	ldb	rh0,@rr2
    1366:	2020           	ldb	rh0,@rr2
    1368:	5349 474e      	push	@rr4,0x4700004e(r9)
    136c:	414c 533a      	add	r12,0x5300003a(r4)
    1370:	5458 4432      	ldl	rr8,0x44000032(r5)
    1374:	353d 3e54      	ldl	rr13,rr3(#0x3e54)
    1378:	5832 3031      	multl	rq2,0x30000031(r3)
    137c:	2c54           	exb	rh4,@rr5
    137e:	5832 304e      	multl	rq2,0x3000004e(r3)
    1382:	2c52           	exb	rh2,@rr5
    1384:	5832 3031      	multl	rq2,0x30000031(r3)
    1388:	2c52           	exb	rh2,@rr5
    138a:	5832 304e      	multl	rq2,0x3000004e(r3)
    138e:	2020           	ldb	rh0,@rr2
    1390:	2020           	ldb	rh0,@rr2
    1392:	2020           	ldb	rh0,@rr2
    1394:	2020           	ldb	rh0,@rr2
    1396:	2020           	ldb	rh0,@rr2
    1398:	524d 3130      	subl	rr13,0x31000030(r4)
    139c:	302c 5258      	ldb	rl4,rr2(#0x5258)
    13a0:	4c31 312c 4452 	cpb	0x3100002c(r3),#0x52
    13a6:	494e 313b      	xor	r14,0x3100003b(r4)
    13aa:	2020           	ldb	rh0,@rr2
    13ac:	2020           	ldb	rh0,@rr2
    13ae:	2020           	ldb	rh0,@rr2
    13b0:	2020           	ldb	rh0,@rr2
    13b2:	2020           	ldb	rh0,@rr2
    13b4:	2020           	ldb	rh0,@rr2
    13b6:	2020           	ldb	rh0,@rr2
    13b8:	5349 474e      	push	@rr4,0x4700004e(r9)
    13bc:	414c 533a      	add	r12,0x5300003a(r4)
    13c0:	5458 4434      	ldl	rr8,0x44000034(r5)
    13c4:	353d 3e54      	ldl	rr13,rr3(#0x3e54)
    13c8:	5830 3031      	multl	rq0,0x30000031(r3)
    13cc:	2c54           	exb	rh4,@rr5
    13ce:	5830 304e      	multl	rq0,0x3000004e(r3)
    13d2:	2c52           	exb	rh2,@rr5
    13d4:	5830 3031      	multl	rq0,0x30000031(r3)
    13d8:	2c52           	exb	rh2,@rr5
    13da:	5830 304e      	multl	rq0,0x3000004e(r3)
    13de:	2020           	ldb	rh0,@rr2
    13e0:	2043           	ldb	rh3,@rr4
    13e2:	5552 5245      	popl	0x52000045(r2),@rr5
    13e6:	4e54           	.word 4e54
    13e8:	204c           	ldb	rl4,@rr4
    13ea:	4f4f           	.word 4f4f
    13ec:	5020 494e      	cpl	rr0,0x4900004e(r2)
    13f0:	5445 5246      	ldl	rr5,0x52000046(r4)
    13f4:	4143 4520      	add	r3,0x45000020(r4)
    13f8:	202d           	ldb	rl5,@rr2
    13fa:	2d20           	ex	r0,@rr2
    13fc:	534f 4d45      	push	@rr4,0x4d000045(r15)
    1400:	204f           	ldb	rl7,@rr4
    1402:	4620 2020      	andb	rh0,0x20000020(r2)
    1406:	2020           	ldb	rh0,@rr2
    1408:	4348 2e20      	sub	r8,0x2e000020(r4)
    140c:	4120 454e      	add	r0,0x4500004e(r2)
    1410:	4420 4f46      	orb	rh0,0x4f000046(r2)
    1414:	2054           	ldb	rh4,@rr5
    1416:	5241 534d      	subl	rr1,0x5300004d(r4)
    141a:	4954 494f      	xor	r4,0x4900004f(r5)
    141e:	4e20           	.word 4e20
    1420:	4e4f           	.word 4e4f
    1422:	5420 5645      	ldl	rr0,0x56000045(r2)
    1426:	5249 4649      	subl	rr9,0x46000049(r4)
    142a:	4544 2020      	or	r4,0x20000020(r4)
    142e:	2020           	ldb	rh0,@rr2
    1430:	5345 5249      	push	@rr4,0x52000049(r5)
    1434:	414c 2043      	add	r12,0x20000043(r4)
    1438:	4f4e           	.word 4f4e
    143a:	5452 4f4c      	ldl	rr2,0x4f00004c(r5)
    143e:	4c45 5220 5349 	ldb	0x52000020(r4),#0x49
    1444:	4f2f           	.word 4f2f
    1446:	3020 4552      	ldb	rh0,rr2(#0x4552)
    144a:	524f 5220      	subl	rr15,0x52000020(r4)
    144e:	2020           	ldb	rh0,@rr2
    1450:	2020           	ldb	rh0,@rr2
    1452:	2020           	ldb	rh0,@rr2
    1454:	2020           	ldb	rh0,@rr2
    1456:	2020           	ldb	rh0,@rr2
    1458:	5349 474e      	push	@rr4,0x4700004e(r9)
    145c:	414c 533a      	add	r12,0x5300003a(r4)
    1460:	4454 5231      	orb	rh4,0x52000031(r5)
    1464:	4e3d           	.word 4e3d
    1466:	3e41           	outb	@r4,rh1
    1468:	3130 3831      	ld	r0,rr3(#0x3831)
    146c:	2c41           	exb	rh1,@rr4
    146e:	3130 3731      	ld	r0,rr3(#0x3731)
    1472:	2c44           	exb	rh4,@rr4
    1474:	5352 3141      	push	@rr5,0x31000041(r2)
    1478:	2c44           	exb	rh4,@rr4
    147a:	5352 3142      	push	@rr5,0x31000042(r2)
    147e:	2020           	ldb	rh0,@rr2
    1480:	4348 2e20      	sub	r8,0x2e000020(r4)
    1484:	4120 4453      	add	r0,0x44000053(r2)
    1488:	5220 494e      	subl	rr0,0x4900004e(r2)
    148c:	5445 5252      	ldl	rr5,0x52000052(r4)
    1490:	5550 5420      	popl	0x54000020,@rr5
    1494:	4e4f           	.word 4e4f
    1496:	5420 4f43      	ldl	rr0,0x4f000043(r2)
    149a:	434f 5552      	sub	r15,0x55000052(r4)
    149e:	4544 2020      	or	r4,0x20000020(r4)
    14a2:	2020           	ldb	rh0,@rr2
    14a4:	2020           	ldb	rh0,@rr2
    14a6:	2020           	ldb	rh0,@rr2
    14a8:	5345 5249      	push	@rr4,0x52000049(r5)
    14ac:	414c 2043      	add	r12,0x20000043(r4)
    14b0:	4f4e           	.word 4f4e
    14b2:	5452 4f4c      	ldl	rr2,0x4f00004c(r5)
    14b6:	4c45 5220 5349 	ldb	0x52000020(r4),#0x49
    14bc:	4f2f           	.word 4f2f
    14be:	3020 4552      	ldb	rh0,rr2(#0x4552)
    14c2:	524f 5220      	subl	rr15,0x52000020(r4)
    14c6:	2020           	ldb	rh0,@rr2
    14c8:	2020           	ldb	rh0,@rr2
    14ca:	2020           	ldb	rh0,@rr2
    14cc:	2020           	ldb	rh0,@rr2
    14ce:	2020           	ldb	rh0,@rr2
    14d0:	5349 474e      	push	@rr4,0x4700004e(r9)
    14d4:	414c 533a      	add	r12,0x5300003a(r4)
    14d8:	5232 4354      	subl	rr2,0x43000054(r3)
    14dc:	533d 3e42      	push	@rr3,0x3e000042(r13)
    14e0:	4354 5331      	sub	r4,0x53000031(r5)
    14e4:	2c42           	exb	rh2,@rr4
    14e6:	3130 3931      	ld	r0,rr3(#0x3931)
    14ea:	2c42           	exb	rh2,@rr4
    14ec:	5553 3242      	popl	0x32000042(r3),@rr5
    14f0:	2c42           	exb	rh2,@rr4
    14f2:	5553 324e      	popl	0x3200004e(r3),@rr5
    14f6:	2020           	ldb	rh0,@rr2
    14f8:	5349 474e      	push	@rr4,0x4700004e(r9)
    14fc:	414c 533a      	add	r12,0x5300003a(r4)
    1500:	5254 5332      	subl	rr4,0x53000032(r5)
    1504:	4e3d           	.word 4e3d
    1506:	3e42           	outb	@r4,rh2
    1508:	3130 3531      	ld	r0,rr3(#0x3531)
    150c:	2c42           	exb	rh2,@rr4
    150e:	3130 3931      	ld	r0,rr3(#0x3931)
    1512:	2c42           	exb	rh2,@rr4
    1514:	5553 3242      	popl	0x32000042(r3),@rr5
    1518:	2c42           	exb	rh2,@rr4
    151a:	5553 324e      	popl	0x3200004e(r3),@rr5
    151e:	2020           	ldb	rh0,@rr2
    1520:	4348 2e20      	sub	r8,0x2e000020(r4)
    1524:	4220 4443      	subb	rh0,0x44000043(r2)
    1528:	442d 4f46      	orb	rl5,0x4f000046(r2)
    152c:	4620 494e      	andb	rh0,0x4900004e(r2)
    1530:	5445 5252      	ldl	rr5,0x52000052(r4)
    1534:	5550 5420      	popl	0x54000020,@rr5
    1538:	4e4f           	.word 4e4f
    153a:	5420 4f43      	ldl	rr0,0x4f000043(r2)
    153e:	4355 5245      	sub	r5,0x52000045(r5)
    1542:	4420 2020      	orb	rh0,0x20000020(r2)
    1546:	2020           	ldb	rh0,@rr2
    1548:	5345 5249      	push	@rr4,0x52000049(r5)
    154c:	414c 2043      	add	r12,0x20000043(r4)
    1550:	4f4e           	.word 4f4e
    1552:	5452 4f4c      	ldl	rr2,0x4f00004c(r5)
    1556:	4c45 5220 5349 	ldb	0x52000020(r4),#0x49
    155c:	4f2f           	.word 4f2f
    155e:	3020 4552      	ldb	rh0,rr2(#0x4552)
    1562:	524f 5220      	subl	rr15,0x52000020(r4)
    1566:	2020           	ldb	rh0,@rr2
    1568:	2020           	ldb	rh0,@rr2
    156a:	2020           	ldb	rh0,@rr2
    156c:	2020           	ldb	rh0,@rr2
    156e:	2020           	ldb	rh0,@rr2
    1570:	2020           	ldb	rh0,@rr2
    1572:	2020           	ldb	rh0,@rr2
    1574:	2020           	ldb	rh0,@rr2
    1576:	2020           	ldb	rh0,@rr2
    1578:	5258 4433      	subl	rr8,0x44000033(r5)
    157c:	333b 4143      	ld	rr3(#0x4143),r11
    1580:	4c32 4e3b      	negb	0x4e00003b(r3)
    1584:	4243 4c32      	subb	rh3,0x4c000032(r4)
    1588:	4e3b           	.word 4e3b
    158a:	5049 5544      	cpl	rr9,0x55000044(r4)
    158e:	313b 4d45      	ld	r11,rr3(#0x4d45)
    1592:	4e44           	.word 4e44
    1594:	3020 2020      	ldb	rh0,rr2(#0x2020)
    1598:	5349 474e      	push	@rr4,0x4700004e(r9)
    159c:	414c 533a      	add	r12,0x5300003a(r4)
    15a0:	5458 4432      	ldl	rr8,0x44000032(r5)
    15a4:	353d 3e54      	ldl	rr13,rr3(#0x3e54)
    15a8:	5844 3535      	multl	rq4,0x35000035(r4)
    15ac:	2c42           	exb	rh2,@rr4
    15ae:	3130 334e      	ld	r0,rr3(#0x334e)
    15b2:	2c42           	exb	rh2,@rr4
    15b4:	3130 344e      	ld	r0,rr3(#0x344e)
    15b8:	2c52           	exb	rh2,@rr5
    15ba:	5844 3233      	multl	rq4,0x32000033(r4)
    15be:	2020           	ldb	rh0,@rr2
    15c0:	2020           	ldb	rh0,@rr2
    15c2:	2020           	ldb	rh0,@rr2
    15c4:	2020           	ldb	rh0,@rr2
    15c6:	2020           	ldb	rh0,@rr2
    15c8:	524d 3132      	subl	rr13,0x31000032(r4)
    15cc:	302c 5258      	ldb	rl4,rr2(#0x5258)
    15d0:	434c 323b      	sub	r12,0x3200003b(r4)
    15d4:	2020           	ldb	rh0,@rr2
    15d6:	2020           	ldb	rh0,@rr2
    15d8:	2020           	ldb	rh0,@rr2
    15da:	2020           	ldb	rh0,@rr2
    15dc:	2020           	ldb	rh0,@rr2
    15de:	2020           	ldb	rh0,@rr2
    15e0:	2020           	ldb	rh0,@rr2
    15e2:	2020           	ldb	rh0,@rr2
    15e4:	2020           	ldb	rh0,@rr2
    15e6:	2020           	ldb	rh0,@rr2
    15e8:	5349 474e      	push	@rr4,0x4700004e(r9)
    15ec:	414c 533a      	add	r12,0x5300003a(r4)
    15f0:	5458 4432      	ldl	rr8,0x44000032(r5)
    15f4:	353d 3e54      	ldl	rr13,rr3(#0x3e54)
    15f8:	5832 3031      	multl	rq2,0x30000031(r3)
    15fc:	2c54           	exb	rh4,@rr5
    15fe:	5832 304e      	multl	rq2,0x3000004e(r3)
    1602:	2c52           	exb	rh2,@rr5
    1604:	5832 3031      	multl	rq2,0x30000031(r3)
    1608:	2c52           	exb	rh2,@rr5
    160a:	5832 304e      	multl	rq2,0x3000004e(r3)
    160e:	2020           	ldb	rh0,@rr2
    1610:	2020           	ldb	rh0,@rr2
    1612:	2020           	ldb	rh0,@rr2
    1614:	2020           	ldb	rh0,@rr2
    1616:	2020           	ldb	rh0,@rr2
    1618:	524d 3132      	subl	rr13,0x31000032(r4)
    161c:	302c 5258      	ldb	rl4,rr2(#0x5258)
    1620:	4c32 322c      	negb	0x3200002c(r3)
    1624:	4452 494e      	orb	rh2,0x4900004e(r5)
    1628:	3220 2020      	ldb	rr2(#0x2020),rh0
    162c:	2020           	ldb	rh0,@rr2
    162e:	2020           	ldb	rh0,@rr2
    1630:	2020           	ldb	rh0,@rr2
    1632:	2020           	ldb	rh0,@rr2
    1634:	2020           	ldb	rh0,@rr2
    1636:	2020           	ldb	rh0,@rr2
    1638:	5349 474e      	push	@rr4,0x4700004e(r9)
    163c:	414c 533a      	add	r12,0x5300003a(r4)
    1640:	5458 4435      	ldl	rr8,0x44000035(r5)
    1644:	353d 3e54      	ldl	rr13,rr3(#0x3e54)
    1648:	5832 3031      	multl	rq2,0x30000031(r3)
    164c:	2c54           	exb	rh4,@rr5
    164e:	5832 304e      	multl	rq2,0x3000004e(r3)
    1652:	2c52           	exb	rh2,@rr5
    1654:	5832 3031      	multl	rq2,0x30000031(r3)
    1658:	2c52           	exb	rh2,@rr5
    165a:	5832 304e      	multl	rq2,0x3000004e(r3)
    165e:	2020           	ldb	rh0,@rr2
    1660:	2043           	ldb	rh3,@rr4
    1662:	5552 5245      	popl	0x52000045(r2),@rr5
    1666:	4e54           	.word 4e54
    1668:	204c           	ldb	rl4,@rr4
    166a:	4f4f           	.word 4f4f
    166c:	5020 494e      	cpl	rr0,0x4900004e(r2)
    1670:	5445 5246      	ldl	rr5,0x52000046(r4)
    1674:	4143 4520      	add	r3,0x45000020(r4)
    1678:	202d           	ldb	rl5,@rr2
    167a:	2d20           	ex	r0,@rr2
    167c:	534f 4d45      	push	@rr4,0x4d000045(r15)
    1680:	204f           	ldb	rl7,@rr4
    1682:	4620 2020      	andb	rh0,0x20000020(r2)
    1686:	2020           	ldb	rh0,@rr2
    1688:	4348 2e20      	sub	r8,0x2e000020(r4)
    168c:	4220 454e      	subb	rh0,0x4500004e(r2)
    1690:	4420 4f46      	orb	rh0,0x4f000046(r2)
    1694:	2054           	ldb	rh4,@rr5
    1696:	5241 534d      	subl	rr1,0x5300004d(r4)
    169a:	4954 494f      	xor	r4,0x4900004f(r5)
    169e:	4e20           	.word 4e20
    16a0:	4e4f           	.word 4e4f
    16a2:	5420 5645      	ldl	rr0,0x56000045(r2)
    16a6:	5249 4649      	subl	rr9,0x46000049(r4)
    16aa:	4544 2020      	or	r4,0x20000020(r4)
    16ae:	2020           	ldb	rh0,@rr2
    16b0:	5345 5249      	push	@rr4,0x52000049(r5)
    16b4:	414c 2043      	add	r12,0x20000043(r4)
    16b8:	4f4e           	.word 4f4e
    16ba:	5452 4f4c      	ldl	rr2,0x4f00004c(r5)
    16be:	4c45 5220 5349 	ldb	0x52000020(r4),#0x49
    16c4:	4f2f           	.word 4f2f
    16c6:	3020 4552      	ldb	rh0,rr2(#0x4552)
    16ca:	524f 5220      	subl	rr15,0x52000020(r4)
    16ce:	2020           	ldb	rh0,@rr2
    16d0:	2020           	ldb	rh0,@rr2
    16d2:	2020           	ldb	rh0,@rr2
    16d4:	2020           	ldb	rh0,@rr2
    16d6:	2020           	ldb	rh0,@rr2
    16d8:	5349 474e      	push	@rr4,0x4700004e(r9)
    16dc:	414c 533a      	add	r12,0x5300003a(r4)
    16e0:	4454 5232      	orb	rh4,0x52000032(r5)
    16e4:	4e3d           	.word 4e3d
    16e6:	3e42           	outb	@r4,rh2
    16e8:	3130 3831      	ld	r0,rr3(#0x3831)
    16ec:	2c42           	exb	rh2,@rr4
    16ee:	3130 3731      	ld	r0,rr3(#0x3731)
    16f2:	2c44           	exb	rh4,@rr4
    16f4:	5352 3241      	push	@rr5,0x32000041(r2)
    16f8:	2c44           	exb	rh4,@rr4
    16fa:	5352 3242      	push	@rr5,0x32000042(r2)
    16fe:	2020           	ldb	rh0,@rr2
    1700:	4348 2e20      	sub	r8,0x2e000020(r4)
    1704:	4220 4453      	subb	rh0,0x44000053(r2)
    1708:	5220 494e      	subl	rr0,0x4900004e(r2)
    170c:	5445 5252      	ldl	rr5,0x52000052(r4)
    1710:	5550 5420      	popl	0x54000020,@rr5
    1714:	4e4f           	.word 4e4f
    1716:	5420 4f43      	ldl	rr0,0x4f000043(r2)
    171a:	4355 5245      	sub	r5,0x52000045(r5)
    171e:	4420 2020      	orb	rh0,0x20000020(r2)
    1722:	2020           	ldb	rh0,@rr2
    1724:	2020           	ldb	rh0,@rr2
    1726:	2020           	ldb	rh0,@rr2
    1728:	5345 5249      	push	@rr4,0x52000049(r5)
    172c:	414c 2043      	add	r12,0x20000043(r4)
    1730:	4f4e           	.word 4f4e
    1732:	5452 4f4c      	ldl	rr2,0x4f00004c(r5)
    1736:	4c45 5220 5349 	ldb	0x52000020(r4),#0x49
    173c:	4f2f           	.word 4f2f
    173e:	3020 4552      	ldb	rh0,rr2(#0x4552)
    1742:	524f 5220      	subl	rr15,0x52000020(r4)
    1746:	2020           	ldb	rh0,@rr2
    1748:	2020           	ldb	rh0,@rr2
    174a:	2020           	ldb	rh0,@rr2
    174c:	2020           	ldb	rh0,@rr2
    174e:	2020           	ldb	rh0,@rr2
    1750:	5349 474e      	push	@rr4,0x4700004e(r9)
    1754:	414c 533a      	add	r12,0x5300003a(r4)
    1758:	5232 4354      	subl	rr2,0x43000054(r3)
    175c:	533d 3e42      	push	@rr3,0x3e000042(r13)
    1760:	4354 5331      	sub	r4,0x53000031(r5)
    1764:	2c42           	exb	rh2,@rr4
    1766:	3130 3931      	ld	r0,rr3(#0x3931)
    176a:	2c42           	exb	rh2,@rr4
    176c:	5553 3242      	popl	0x32000042(r3),@rr5
    1770:	2c42           	exb	rh2,@rr4
    1772:	5553 324e      	popl	0x3200004e(r3),@rr5
    1776:	2020           	ldb	rh0,@rr2
    1778:	5349 474e      	push	@rr4,0x4700004e(r9)
    177c:	414c 533a      	add	r12,0x5300003a(r4)
    1780:	5254 5332      	subl	rr4,0x53000032(r5)
    1784:	4e3d           	.word 4e3d
    1786:	3e42           	outb	@r4,rh2
    1788:	3130 3531      	ld	r0,rr3(#0x3531)
    178c:	2c42           	exb	rh2,@rr4
    178e:	3130 3931      	ld	r0,rr3(#0x3931)
    1792:	2c42           	exb	rh2,@rr4
    1794:	5553 3242      	popl	0x32000042(r3),@rr5
    1798:	2c42           	exb	rh2,@rr4
    179a:	5553 324e      	popl	0x3200004e(r3),@rr5
    179e:	2020           	ldb	rh0,@rr2
    17a0:	4348 2e20      	sub	r8,0x2e000020(r4)
    17a4:	4220 4443      	subb	rh0,0x44000043(r2)
    17a8:	442d 4f4e      	orb	rl5,0x4f00004e(r2)
    17ac:	2049           	ldb	rl1,@rr4
    17ae:	4e54           	.word 4e54
    17b0:	4552 5255      	or	r2,0x52000055(r5)
    17b4:	5054 204e      	cpl	rr4,0x2000004e(r5)
    17b8:	4f54           	.word 4f54
    17ba:	204f           	ldb	rl7,@rr4
    17bc:	4343 5552      	sub	r3,0x55000052(r4)
    17c0:	4544 2020      	or	r4,0x20000020(r4)
    17c4:	2020           	ldb	rh0,@rr2
    17c6:	2020           	ldb	rh0,@rr2
    17c8:	5345 5249      	push	@rr4,0x52000049(r5)
    17cc:	414c 2043      	add	r12,0x20000043(r4)
    17d0:	4f4e           	.word 4f4e
    17d2:	5452 4f4c      	ldl	rr2,0x4f00004c(r5)
    17d6:	4c45 5220 5349 	ldb	0x52000020(r4),#0x49
    17dc:	4f2f           	.word 4f2f
    17de:	3020 4552      	ldb	rh0,rr2(#0x4552)
    17e2:	524f 5220      	subl	rr15,0x52000020(r4)
    17e6:	2020           	ldb	rh0,@rr2
    17e8:	2020           	ldb	rh0,@rr2
    17ea:	2020           	ldb	rh0,@rr2
    17ec:	2020           	ldb	rh0,@rr2
    17ee:	2020           	ldb	rh0,@rr2
    17f0:	5349 474e      	push	@rr4,0x4700004e(r9)
    17f4:	414c 533a      	add	r12,0x5300003a(r4)
    17f8:	2052           	ldb	rh2,@rr5
    17fa:	5453 314e      	ldl	rr3,0x3100004e(r5)
    17fe:	3d3e           	in	r14,@r3
    1800:	4131 3035      	add	r1,0x30000035(r3)
    1804:	312c 4131      	ld	r12,rr2(#0x4131)
    1808:	3036 312c      	ldb	rh6,rr3(#0x312c)
    180c:	4354 5331      	sub	r4,0x53000031(r5)
    1810:	4120 2020      	add	r0,0x20000020(r2)
    1814:	2020           	ldb	rh0,@rr2
    1816:	2020           	ldb	rh0,@rr2
    1818:	4348 2e20      	sub	r8,0x2e000020(r4)
    181c:	4120 4354      	add	r0,0x43000054(r2)
    1820:	5320 4f46      	push	@rr2,0x4f000046
    1824:	4620 494e      	andb	rh0,0x4900004e(r2)
    1828:	5445 5252      	ldl	rr5,0x52000052(r4)
    182c:	5550 5420      	popl	0x54000020,@rr5
    1830:	4e4f           	.word 4e4f
    1832:	5420 4f43      	ldl	rr0,0x4f000043(r2)
    1836:	4355 5245      	sub	r5,0x52000045(r5)
    183a:	4420 2020      	orb	rh0,0x20000020(r2)
    183e:	2020           	ldb	rh0,@rr2
    1840:	5345 5249      	push	@rr4,0x52000049(r5)
    1844:	414c 2043      	add	r12,0x20000043(r4)
    1848:	4f4e           	.word 4f4e
    184a:	5452 4f4c      	ldl	rr2,0x4f00004c(r5)
    184e:	4c45 5220 5349 	ldb	0x52000020(r4),#0x49
    1854:	4f2f           	.word 4f2f
    1856:	3020 4552      	ldb	rh0,rr2(#0x4552)
    185a:	524f 5220      	subl	rr15,0x52000020(r4)
    185e:	2020           	ldb	rh0,@rr2
    1860:	2020           	ldb	rh0,@rr2
    1862:	2020           	ldb	rh0,@rr2
    1864:	2020           	ldb	rh0,@rr2
    1866:	2020           	ldb	rh0,@rr2
    1868:	5349 474e      	push	@rr4,0x4700004e(r9)
    186c:	414c 533a      	add	r12,0x5300003a(r4)
    1870:	5231 4354      	subl	rr1,0x43000054(r3)
    1874:	533d 3e41      	push	@rr3,0x3e000041(r13)
    1878:	4354 5331      	sub	r4,0x53000031(r5)
    187c:	2c41           	exb	rh1,@rr4
    187e:	3130 3931      	ld	r0,rr3(#0x3931)
    1882:	2c42           	exb	rh2,@rr4
    1884:	5553 4942      	popl	0x49000042(r3),@rr5
    1888:	2c42           	exb	rh2,@rr4
    188a:	5553 314e      	popl	0x3100004e(r3),@rr5
    188e:	2020           	ldb	rh0,@rr2
    1890:	5349 474e      	push	@rr4,0x4700004e(r9)
    1894:	414c 533a      	add	r12,0x5300003a(r4)
    1898:	5254 5331      	subl	rr4,0x53000031(r5)
    189c:	4e3d           	.word 4e3d
    189e:	3e41           	outb	@r4,rh1
    18a0:	3130 3531      	ld	r0,rr3(#0x3531)
    18a4:	2c41           	exb	rh1,@rr4
    18a6:	3130 3931      	ld	r0,rr3(#0x3931)
    18aa:	2c42           	exb	rh2,@rr4
    18ac:	5553 4942      	popl	0x49000042(r3),@rr5
    18b0:	2c42           	exb	rh2,@rr4
    18b2:	5553 314e      	popl	0x3100004e(r3),@rr5
    18b6:	2020           	ldb	rh0,@rr2
    18b8:	4348 2e20      	sub	r8,0x2e000020(r4)
    18bc:	4120 4443      	add	r0,0x44000043(r2)
    18c0:	4420 4f46      	orb	rh0,0x4f000046(r2)
    18c4:	4620 494e      	andb	rh0,0x4900004e(r2)
    18c8:	5445 5252      	ldl	rr5,0x52000052(r4)
    18cc:	5550 5420      	popl	0x54000020,@rr5
    18d0:	4e4f           	.word 4e4f
    18d2:	5420 4f43      	ldl	rr0,0x4f000043(r2)
    18d6:	4355 5245      	sub	r5,0x52000045(r5)
    18da:	4420 2020      	orb	rh0,0x20000020(r2)
    18de:	2020           	ldb	rh0,@rr2
    18e0:	5345 5249      	push	@rr4,0x52000049(r5)
    18e4:	414c 2043      	add	r12,0x20000043(r4)
    18e8:	4f4e           	.word 4f4e
    18ea:	5452 4f4c      	ldl	rr2,0x4f00004c(r5)
    18ee:	4c45 5220 5349 	ldb	0x52000020(r4),#0x49
    18f4:	4f2f           	.word 4f2f
    18f6:	3020 4552      	ldb	rh0,rr2(#0x4552)
    18fa:	524f 5220      	subl	rr15,0x52000020(r4)
    18fe:	2020           	ldb	rh0,@rr2
    1900:	2020           	ldb	rh0,@rr2
    1902:	2020           	ldb	rh0,@rr2
    1904:	2020           	ldb	rh0,@rr2
    1906:	2020           	ldb	rh0,@rr2
    1908:	5349 474e      	push	@rr4,0x4700004e(r9)
    190c:	414c 533a      	add	r12,0x5300003a(r4)
    1910:	2052           	ldb	rh2,@rr5
    1912:	5453 314e      	ldl	rr3,0x3100004e(r5)
    1916:	3d3e           	in	r14,@r3
    1918:	4131 3035      	add	r1,0x30000035(r3)
    191c:	312c 4131      	ld	r12,rr2(#0x4131)
    1920:	3036 312c      	ldb	rh6,rr3(#0x312c)
    1924:	4354 5331      	sub	r4,0x53000031(r5)
    1928:	4120 2020      	add	r0,0x20000020(r2)
    192c:	2020           	ldb	rh0,@rr2
    192e:	2020           	ldb	rh0,@rr2
    1930:	4348 2e20      	sub	r8,0x2e000020(r4)
    1934:	4120 4354      	add	r0,0x43000054(r2)
    1938:	5320 4f4e      	push	@rr2,0x4f00004e
    193c:	2049           	ldb	rl1,@rr4
    193e:	4e54           	.word 4e54
    1940:	4552 5255      	or	r2,0x52000055(r5)
    1944:	5054 204e      	cpl	rr4,0x2000004e(r5)
    1948:	4f54           	.word 4f54
    194a:	204f           	ldb	rl7,@rr4
    194c:	4343 5552      	sub	r3,0x55000052(r4)
    1950:	4544 2020      	or	r4,0x20000020(r4)
    1954:	2020           	ldb	rh0,@rr2
    1956:	2020           	ldb	rh0,@rr2
    1958:	5345 5249      	push	@rr4,0x52000049(r5)
    195c:	414c 2043      	add	r12,0x20000043(r4)
    1960:	4f4e           	.word 4f4e
    1962:	5452 4f4c      	ldl	rr2,0x4f00004c(r5)
    1966:	4c45 5220 5349 	ldb	0x52000020(r4),#0x49
    196c:	4f2f           	.word 4f2f
    196e:	3020 4552      	ldb	rh0,rr2(#0x4552)
    1972:	524f 5220      	subl	rr15,0x52000020(r4)
    1976:	2020           	ldb	rh0,@rr2
    1978:	2020           	ldb	rh0,@rr2
    197a:	2020           	ldb	rh0,@rr2
    197c:	2020           	ldb	rh0,@rr2
    197e:	2020           	ldb	rh0,@rr2
    1980:	5349 474e      	push	@rr4,0x4700004e(r9)
    1984:	414c 533a      	add	r12,0x5300003a(r4)
    1988:	5231 4354      	subl	rr1,0x43000054(r3)
    198c:	533d 3e41      	push	@rr3,0x3e000041(r13)
    1990:	4354 5331      	sub	r4,0x53000031(r5)
    1994:	2c41           	exb	rh1,@rr4
    1996:	3130 3931      	ld	r0,rr3(#0x3931)
    199a:	2c42           	exb	rh2,@rr4
    199c:	5553 4942      	popl	0x49000042(r3),@rr5
    19a0:	2c42           	exb	rh2,@rr4
    19a2:	5553 314e      	popl	0x3100004e(r3),@rr5
    19a6:	2020           	ldb	rh0,@rr2
    19a8:	5349 474e      	push	@rr4,0x4700004e(r9)
    19ac:	414c 533a      	add	r12,0x5300003a(r4)
    19b0:	5254 5331      	subl	rr4,0x53000031(r5)
    19b4:	4e3d           	.word 4e3d
    19b6:	3e41           	outb	@r4,rh1
    19b8:	3130 3531      	ld	r0,rr3(#0x3531)
    19bc:	2c41           	exb	rh1,@rr4
    19be:	3130 3931      	ld	r0,rr3(#0x3931)
    19c2:	2c42           	exb	rh2,@rr4
    19c4:	5553 4942      	popl	0x49000042(r3),@rr5
    19c8:	2c42           	exb	rh2,@rr4
    19ca:	5553 314e      	popl	0x3100004e(r3),@rr5
    19ce:	2020           	ldb	rh0,@rr2
    19d0:	4348 2e20      	sub	r8,0x2e000020(r4)
    19d4:	4120 4443      	add	r0,0x44000043(r2)
    19d8:	4420 4f4e      	orb	rh0,0x4f00004e(r2)
    19dc:	2049           	ldb	rl1,@rr4
    19de:	4e54           	.word 4e54
    19e0:	4552 5255      	or	r2,0x52000055(r5)
    19e4:	5054 204e      	cpl	rr4,0x2000004e(r5)
    19e8:	4f54           	.word 4f54
    19ea:	204f           	ldb	rl7,@rr4
    19ec:	4343 5552      	sub	r3,0x55000052(r4)
    19f0:	4544 2020      	or	r4,0x20000020(r4)
    19f4:	2020           	ldb	rh0,@rr2
    19f6:	2020           	ldb	rh0,@rr2
    19f8:	5345 5249      	push	@rr4,0x52000049(r5)
    19fc:	414c 2043      	add	r12,0x20000043(r4)
    1a00:	4f4e           	.word 4f4e
    1a02:	5452 4f4c      	ldl	rr2,0x4f00004c(r5)
    1a06:	4c45 5220 5349 	ldb	0x52000020(r4),#0x49
    1a0c:	4f2f           	.word 4f2f
    1a0e:	3020 4552      	ldb	rh0,rr2(#0x4552)
    1a12:	524f 5220      	subl	rr15,0x52000020(r4)
    1a16:	2020           	ldb	rh0,@rr2
    1a18:	2020           	ldb	rh0,@rr2
    1a1a:	2020           	ldb	rh0,@rr2
    1a1c:	2020           	ldb	rh0,@rr2
    1a1e:	2020           	ldb	rh0,@rr2
    1a20:	2020           	ldb	rh0,@rr2
    1a22:	2020           	ldb	rh0,@rr2
    1a24:	2020           	ldb	rh0,@rr2
    1a26:	2020           	ldb	rh0,@rr2
    1a28:	5258 4430      	subl	rr8,0x44000030(r5)
    1a2c:	333b 4143      	ld	rr3(#0x4143),r11
    1a30:	4c32 4e3b      	negb	0x4e00003b(r3)
    1a34:	4243 4c32      	subb	rh3,0x4c000032(r4)
    1a38:	4e3b           	.word 4e3b
    1a3a:	5049 5544      	cpl	rr9,0x55000044(r4)
    1a3e:	313b 4d45      	ld	r11,rr3(#0x4d45)
    1a42:	4e44           	.word 4e44
    1a44:	3020 2020      	ldb	rh0,rr2(#0x2020)
    1a48:	5349 474e      	push	@rr4,0x4700004e(r9)
    1a4c:	414c 533a      	add	r12,0x5300003a(r4)
    1a50:	5458 4431      	ldl	rr8,0x44000031(r5)
    1a54:	353d 3e54      	ldl	rr13,rr3(#0x3e54)
    1a58:	5844 3435      	multl	rq4,0x34000035(r4)
    1a5c:	2c41           	exb	rh1,@rr4
    1a5e:	3130 334e      	ld	r0,rr3(#0x334e)
    1a62:	2c41           	exb	rh1,@rr4
    1a64:	3130 344e      	ld	r0,rr3(#0x344e)
    1a68:	2c52           	exb	rh2,@rr5
    1a6a:	5844 3133      	multl	rq4,0x31000033(r4)
    1a6e:	2020           	ldb	rh0,@rr2
    1a70:	2020           	ldb	rh0,@rr2
    1a72:	2020           	ldb	rh0,@rr2
    1a74:	2020           	ldb	rh0,@rr2
    1a76:	2020           	ldb	rh0,@rr2
    1a78:	524d 3130      	subl	rr13,0x31000030(r4)
    1a7c:	302c 5258      	ldb	rl4,rr2(#0x5258)
    1a80:	434c 313b      	sub	r12,0x3100003b(r4)
    1a84:	2020           	ldb	rh0,@rr2
    1a86:	2020           	ldb	rh0,@rr2
    1a88:	2020           	ldb	rh0,@rr2
    1a8a:	2020           	ldb	rh0,@rr2
    1a8c:	2020           	ldb	rh0,@rr2
    1a8e:	2020           	ldb	rh0,@rr2
    1a90:	2020           	ldb	rh0,@rr2
    1a92:	2020           	ldb	rh0,@rr2
    1a94:	2020           	ldb	rh0,@rr2
    1a96:	2020           	ldb	rh0,@rr2
    1a98:	5349 474e      	push	@rr4,0x4700004e(r9)
    1a9c:	414c 533a      	add	r12,0x5300003a(r4)
    1aa0:	5458 4431      	ldl	rr8,0x44000031(r5)
    1aa4:	353d 3e54      	ldl	rr13,rr3(#0x3e54)
    1aa8:	5830 3031      	multl	rq0,0x30000031(r3)
    1aac:	2c54           	exb	rh4,@rr5
    1aae:	5830 304e      	multl	rq0,0x3000004e(r3)
    1ab2:	2c52           	exb	rh2,@rr5
    1ab4:	5830 3031      	multl	rq0,0x30000031(r3)
    1ab8:	2c52           	exb	rh2,@rr5
    1aba:	5830 304e      	multl	rq0,0x3000004e(r3)
    1abe:	2020           	ldb	rh0,@rr2
    1ac0:	2020           	ldb	rh0,@rr2
    1ac2:	2020           	ldb	rh0,@rr2
    1ac4:	2020           	ldb	rh0,@rr2
    1ac6:	2020           	ldb	rh0,@rr2
    1ac8:	524d 3130      	subl	rr13,0x31000030(r4)
    1acc:	302c 5258      	ldb	rl4,rr2(#0x5258)
    1ad0:	4c31 312c 4452 	cpb	0x3100002c(r3),#0x52
    1ad6:	494e 313b      	xor	r14,0x3100003b(r4)
    1ada:	2020           	ldb	rh0,@rr2
    1adc:	2020           	ldb	rh0,@rr2
    1ade:	2020           	ldb	rh0,@rr2
    1ae0:	2020           	ldb	rh0,@rr2
    1ae2:	2020           	ldb	rh0,@rr2
    1ae4:	2020           	ldb	rh0,@rr2
    1ae6:	2020           	ldb	rh0,@rr2
    1ae8:	5349 474e      	push	@rr4,0x4700004e(r9)
    1aec:	414c 533a      	add	r12,0x5300003a(r4)
    1af0:	5458 4434      	ldl	rr8,0x44000034(r5)
    1af4:	353d 3e54      	ldl	rr13,rr3(#0x3e54)
    1af8:	5830 3031      	multl	rq0,0x30000031(r3)
    1afc:	2c54           	exb	rh4,@rr5
    1afe:	5830 304e      	multl	rq0,0x3000004e(r3)
    1b02:	2c52           	exb	rh2,@rr5
    1b04:	5830 3031      	multl	rq0,0x30000031(r3)
    1b08:	2c52           	exb	rh2,@rr5
    1b0a:	5830 304e      	multl	rq0,0x3000004e(r3)
    1b0e:	2020           	ldb	rh0,@rr2
    1b10:	2043           	ldb	rh3,@rr4
    1b12:	5552 5245      	popl	0x52000045(r2),@rr5
    1b16:	4e54           	.word 4e54
    1b18:	204c           	ldb	rl4,@rr4
    1b1a:	4f4f           	.word 4f4f
    1b1c:	5020 494e      	cpl	rr0,0x4900004e(r2)
    1b20:	5445 5246      	ldl	rr5,0x52000046(r4)
    1b24:	4143 4520      	add	r3,0x45000020(r4)
    1b28:	202d           	ldb	rl5,@rr2
    1b2a:	2d20           	ex	r0,@rr2
    1b2c:	534f 4d45      	push	@rr4,0x4d000045(r15)
    1b30:	204f           	ldb	rl7,@rr4
    1b32:	4620 2020      	andb	rh0,0x20000020(r2)
    1b36:	2020           	ldb	rh0,@rr2
    1b38:	4348 2e20      	sub	r8,0x2e000020(r4)
    1b3c:	4120 5041      	add	r0,0x50000041(r2)
    1b40:	5249 5459      	subl	rr9,0x54000059(r4)
    1b44:	2045           	ldb	rh5,@rr4
    1b46:	5252 4f52      	subl	rr2,0x4f000052(r5)
    1b4a:	2020           	ldb	rh0,@rr2
    1b4c:	2020           	ldb	rh0,@rr2
    1b4e:	2020           	ldb	rh0,@rr2
    1b50:	2020           	ldb	rh0,@rr2
    1b52:	2020           	ldb	rh0,@rr2
    1b54:	2020           	ldb	rh0,@rr2
    1b56:	2020           	ldb	rh0,@rr2
    1b58:	2020           	ldb	rh0,@rr2
    1b5a:	2020           	ldb	rh0,@rr2
    1b5c:	2020           	ldb	rh0,@rr2
    1b5e:	2020           	ldb	rh0,@rr2
    1b60:	5345 5249      	push	@rr4,0x52000049(r5)
    1b64:	414c 2043      	add	r12,0x20000043(r4)
    1b68:	4f4e           	.word 4f4e
    1b6a:	5452 4f4c      	ldl	rr2,0x4f00004c(r5)
    1b6e:	4c45 5220 5349 	ldb	0x52000020(r4),#0x49
    1b74:	4f2f           	.word 4f2f
    1b76:	3020 4552      	ldb	rh0,rr2(#0x4552)
    1b7a:	524f 5220      	subl	rr15,0x52000020(r4)
    1b7e:	2020           	ldb	rh0,@rr2
    1b80:	2020           	ldb	rh0,@rr2
    1b82:	2020           	ldb	rh0,@rr2
    1b84:	2020           	ldb	rh0,@rr2
    1b86:	2020           	ldb	rh0,@rr2
    1b88:	2020           	ldb	rh0,@rr2
    1b8a:	2020           	ldb	rh0,@rr2
    1b8c:	2020           	ldb	rh0,@rr2
    1b8e:	2020           	ldb	rh0,@rr2
    1b90:	5258 4433      	subl	rr8,0x44000033(r5)
    1b94:	333b 4143      	ld	rr3(#0x4143),r11
    1b98:	4c32 4e3b      	negb	0x4e00003b(r3)
    1b9c:	4243 4c32      	subb	rh3,0x4c000032(r4)
    1ba0:	4e3b           	.word 4e3b
    1ba2:	5049 5544      	cpl	rr9,0x55000044(r4)
    1ba6:	313b 4d45      	ld	r11,rr3(#0x4d45)
    1baa:	4e44           	.word 4e44
    1bac:	3020 2020      	ldb	rh0,rr2(#0x2020)
    1bb0:	5349 474e      	push	@rr4,0x4700004e(r9)
    1bb4:	414c 533a      	add	r12,0x5300003a(r4)
    1bb8:	5458 4432      	ldl	rr8,0x44000032(r5)
    1bbc:	353d 3e54      	ldl	rr13,rr3(#0x3e54)
    1bc0:	5844 3535      	multl	rq4,0x35000035(r4)
    1bc4:	2c42           	exb	rh2,@rr4
    1bc6:	3130 334e      	ld	r0,rr3(#0x334e)
    1bca:	2c42           	exb	rh2,@rr4
    1bcc:	3130 344e      	ld	r0,rr3(#0x344e)
    1bd0:	2c52           	exb	rh2,@rr5
    1bd2:	5844 3233      	multl	rq4,0x32000033(r4)
    1bd6:	2020           	ldb	rh0,@rr2
    1bd8:	2020           	ldb	rh0,@rr2
    1bda:	2020           	ldb	rh0,@rr2
    1bdc:	2020           	ldb	rh0,@rr2
    1bde:	2020           	ldb	rh0,@rr2
    1be0:	524d 3132      	subl	rr13,0x31000032(r4)
    1be4:	302c 5258      	ldb	rl4,rr2(#0x5258)
    1be8:	434c 323b      	sub	r12,0x3200003b(r4)
    1bec:	2020           	ldb	rh0,@rr2
    1bee:	2020           	ldb	rh0,@rr2
    1bf0:	2020           	ldb	rh0,@rr2
    1bf2:	2020           	ldb	rh0,@rr2
    1bf4:	2020           	ldb	rh0,@rr2
    1bf6:	2020           	ldb	rh0,@rr2
    1bf8:	2020           	ldb	rh0,@rr2
    1bfa:	2020           	ldb	rh0,@rr2
    1bfc:	2020           	ldb	rh0,@rr2
    1bfe:	2020           	ldb	rh0,@rr2
    1c00:	5349 474e      	push	@rr4,0x4700004e(r9)
    1c04:	414c 533a      	add	r12,0x5300003a(r4)
    1c08:	5458 4432      	ldl	rr8,0x44000032(r5)
    1c0c:	353d 3e54      	ldl	rr13,rr3(#0x3e54)
    1c10:	5832 3031      	multl	rq2,0x30000031(r3)
    1c14:	2c54           	exb	rh4,@rr5
    1c16:	5832 304e      	multl	rq2,0x3000004e(r3)
    1c1a:	2c52           	exb	rh2,@rr5
    1c1c:	5832 3031      	multl	rq2,0x30000031(r3)
    1c20:	2c52           	exb	rh2,@rr5
    1c22:	5832 304e      	multl	rq2,0x3000004e(r3)
    1c26:	2020           	ldb	rh0,@rr2
    1c28:	2020           	ldb	rh0,@rr2
    1c2a:	2020           	ldb	rh0,@rr2
    1c2c:	2020           	ldb	rh0,@rr2
    1c2e:	2020           	ldb	rh0,@rr2
    1c30:	524d 3132      	subl	rr13,0x31000032(r4)
    1c34:	302c 5258      	ldb	rl4,rr2(#0x5258)
    1c38:	4c32 322c      	negb	0x3200002c(r3)
    1c3c:	4452 494e      	orb	rh2,0x4900004e(r5)
    1c40:	3220 2020      	ldb	rr2(#0x2020),rh0
    1c44:	2020           	ldb	rh0,@rr2
    1c46:	2020           	ldb	rh0,@rr2
    1c48:	2020           	ldb	rh0,@rr2
    1c4a:	2020           	ldb	rh0,@rr2
    1c4c:	2020           	ldb	rh0,@rr2
    1c4e:	2020           	ldb	rh0,@rr2
    1c50:	5349 474e      	push	@rr4,0x4700004e(r9)
    1c54:	414c 533a      	add	r12,0x5300003a(r4)
    1c58:	5458 4435      	ldl	rr8,0x44000035(r5)
    1c5c:	353d 3e54      	ldl	rr13,rr3(#0x3e54)
    1c60:	5832 3031      	multl	rq2,0x30000031(r3)
    1c64:	2c54           	exb	rh4,@rr5
    1c66:	5832 304e      	multl	rq2,0x3000004e(r3)
    1c6a:	2c52           	exb	rh2,@rr5
    1c6c:	5832 3031      	multl	rq2,0x30000031(r3)
    1c70:	2c52           	exb	rh2,@rr5
    1c72:	5832 304e      	multl	rq2,0x3000004e(r3)
    1c76:	2020           	ldb	rh0,@rr2
    1c78:	2043           	ldb	rh3,@rr4
    1c7a:	5552 5245      	popl	0x52000045(r2),@rr5
    1c7e:	4e54           	.word 4e54
    1c80:	204c           	ldb	rl4,@rr4
    1c82:	4f4f           	.word 4f4f
    1c84:	5020 494e      	cpl	rr0,0x4900004e(r2)
    1c88:	5445 5246      	ldl	rr5,0x52000046(r4)
    1c8c:	4143 4520      	add	r3,0x45000020(r4)
    1c90:	202d           	ldb	rl5,@rr2
    1c92:	2d20           	ex	r0,@rr2
    1c94:	534f 4d45      	push	@rr4,0x4d000045(r15)
    1c98:	204f           	ldb	rl7,@rr4
    1c9a:	4620 2020      	andb	rh0,0x20000020(r2)
    1c9e:	2020           	ldb	rh0,@rr2
    1ca0:	4348 2e20      	sub	r8,0x2e000020(r4)
    1ca4:	4220 5245      	subb	rh0,0x52000045(r2)
    1ca8:	4345 4956      	sub	r5,0x49000056(r4)
    1cac:	4520 4f56      	or	r0,0x4f000056(r2)
    1cb0:	4552 5255      	or	r2,0x52000055(r5)
    1cb4:	4e20           	.word 4e20
    1cb6:	4552 524f      	or	r2,0x5200004f(r5)
    1cba:	5220 2020      	subl	rr0,0x20000020(r2)
    1cbe:	2020           	ldb	rh0,@rr2
    1cc0:	2020           	ldb	rh0,@rr2
    1cc2:	2020           	ldb	rh0,@rr2
    1cc4:	2020           	ldb	rh0,@rr2
    1cc6:	2020           	ldb	rh0,@rr2
    1cc8:	5345 5249      	push	@rr4,0x52000049(r5)
    1ccc:	414c 2043      	add	r12,0x20000043(r4)
    1cd0:	4f4e           	.word 4f4e
    1cd2:	5452 4f4c      	ldl	rr2,0x4f00004c(r5)
    1cd6:	4c45 5220 5349 	ldb	0x52000020(r4),#0x49
    1cdc:	4f2f           	.word 4f2f
    1cde:	3020 4552      	ldb	rh0,rr2(#0x4552)
    1ce2:	524f 5220      	subl	rr15,0x52000020(r4)
    1ce6:	2020           	ldb	rh0,@rr2
    1ce8:	2020           	ldb	rh0,@rr2
    1cea:	2020           	ldb	rh0,@rr2
    1cec:	2020           	ldb	rh0,@rr2
    1cee:	2020           	ldb	rh0,@rr2
    1cf0:	5349 474e      	push	@rr4,0x4700004e(r9)
    1cf4:	414c 533a      	add	r12,0x5300003a(r4)
    1cf8:	2052           	ldb	rh2,@rr5
    1cfa:	5453 324e      	ldl	rr3,0x3200004e(r5)
    1cfe:	3d3e           	in	r14,@r3
    1d00:	4231 3035      	subb	rh1,0x30000035(r3)
    1d04:	312c 4231      	ld	r12,rr2(#0x4231)
    1d08:	3036 312c      	ldb	rh6,rr3(#0x312c)
    1d0c:	4354 5332      	sub	r4,0x53000032(r5)
    1d10:	413b 2020      	add	r11,0x20000020(r3)
    1d14:	2020           	ldb	rh0,@rr2
    1d16:	2020           	ldb	rh0,@rr2
    1d18:	4348 2e20      	sub	r8,0x2e000020(r4)
    1d1c:	4220 4354      	subb	rh0,0x43000054(r2)
    1d20:	5320 4f46      	push	@rr2,0x4f000046
    1d24:	4620 494e      	andb	rh0,0x4900004e(r2)
    1d28:	5445 5252      	ldl	rr5,0x52000052(r4)
    1d2c:	5550 5420      	popl	0x54000020,@rr5
    1d30:	4e4f           	.word 4e4f
    1d32:	5420 4f43      	ldl	rr0,0x4f000043(r2)
    1d36:	4355 5245      	sub	r5,0x52000045(r5)
    1d3a:	4420 2020      	orb	rh0,0x20000020(r2)
    1d3e:	2020           	ldb	rh0,@rr2
    1d40:	5345 5249      	push	@rr4,0x52000049(r5)
    1d44:	414c 2043      	add	r12,0x20000043(r4)
    1d48:	4f4e           	.word 4f4e
    1d4a:	5452 4f4c      	ldl	rr2,0x4f00004c(r5)
    1d4e:	4c45 5220 5349 	ldb	0x52000020(r4),#0x49
    1d54:	4f2f           	.word 4f2f
    1d56:	3020 4552      	ldb	rh0,rr2(#0x4552)
    1d5a:	524f 5220      	subl	rr15,0x52000020(r4)
    1d5e:	2020           	ldb	rh0,@rr2
    1d60:	2020           	ldb	rh0,@rr2
    1d62:	2020           	ldb	rh0,@rr2
    1d64:	2020           	ldb	rh0,@rr2
    1d66:	2020           	ldb	rh0,@rr2
    1d68:	2020           	ldb	rh0,@rr2
    1d6a:	2020           	ldb	rh0,@rr2
    1d6c:	2020           	ldb	rh0,@rr2
    1d6e:	2020           	ldb	rh0,@rr2
    1d70:	5258 4433      	subl	rr8,0x44000033(r5)
    1d74:	333b 4143      	ld	rr3(#0x4143),r11
    1d78:	4c32 4e3b      	negb	0x4e00003b(r3)
    1d7c:	4243 4c32      	subb	rh3,0x4c000032(r4)
    1d80:	4e3b           	.word 4e3b
    1d82:	5049 5544      	cpl	rr9,0x55000044(r4)
    1d86:	313b 4d45      	ld	r11,rr3(#0x4d45)
    1d8a:	4e44           	.word 4e44
    1d8c:	3020 2020      	ldb	rh0,rr2(#0x2020)
    1d90:	5349 474e      	push	@rr4,0x4700004e(r9)
    1d94:	414c 533a      	add	r12,0x5300003a(r4)
    1d98:	5458 4432      	ldl	rr8,0x44000032(r5)
    1d9c:	353d 3e54      	ldl	rr13,rr3(#0x3e54)
    1da0:	5844 3535      	multl	rq4,0x35000035(r4)
    1da4:	2c42           	exb	rh2,@rr4
    1da6:	3130 334e      	ld	r0,rr3(#0x334e)
    1daa:	2c42           	exb	rh2,@rr4
    1dac:	3130 344e      	ld	r0,rr3(#0x344e)
    1db0:	2c52           	exb	rh2,@rr5
    1db2:	5844 3233      	multl	rq4,0x32000033(r4)
    1db6:	2020           	ldb	rh0,@rr2
    1db8:	2020           	ldb	rh0,@rr2
    1dba:	2020           	ldb	rh0,@rr2
    1dbc:	2020           	ldb	rh0,@rr2
    1dbe:	2020           	ldb	rh0,@rr2
    1dc0:	524d 3132      	subl	rr13,0x31000032(r4)
    1dc4:	302c 5258      	ldb	rl4,rr2(#0x5258)
    1dc8:	434c 323b      	sub	r12,0x3200003b(r4)
    1dcc:	2020           	ldb	rh0,@rr2
    1dce:	2020           	ldb	rh0,@rr2
    1dd0:	2020           	ldb	rh0,@rr2
    1dd2:	2020           	ldb	rh0,@rr2
    1dd4:	2020           	ldb	rh0,@rr2
    1dd6:	2020           	ldb	rh0,@rr2
    1dd8:	2020           	ldb	rh0,@rr2
    1dda:	2020           	ldb	rh0,@rr2
    1ddc:	2020           	ldb	rh0,@rr2
    1dde:	2020           	ldb	rh0,@rr2
    1de0:	5349 474e      	push	@rr4,0x4700004e(r9)
    1de4:	414c 533a      	add	r12,0x5300003a(r4)
    1de8:	5458 4432      	ldl	rr8,0x44000032(r5)
    1dec:	353d 3e54      	ldl	rr13,rr3(#0x3e54)
    1df0:	5832 3031      	multl	rq2,0x30000031(r3)
    1df4:	2c54           	exb	rh4,@rr5
    1df6:	5832 304e      	multl	rq2,0x3000004e(r3)
    1dfa:	2c52           	exb	rh2,@rr5
    1dfc:	5832 3031      	multl	rq2,0x30000031(r3)
    1e00:	2c52           	exb	rh2,@rr5
    1e02:	5832 304e      	multl	rq2,0x3000004e(r3)
    1e06:	2020           	ldb	rh0,@rr2
    1e08:	2020           	ldb	rh0,@rr2
    1e0a:	2020           	ldb	rh0,@rr2
    1e0c:	2020           	ldb	rh0,@rr2
    1e0e:	2020           	ldb	rh0,@rr2
    1e10:	524d 3132      	subl	rr13,0x31000032(r4)
    1e14:	302c 5258      	ldb	rl4,rr2(#0x5258)
    1e18:	4c32 322c      	negb	0x3200002c(r3)
    1e1c:	4452 494e      	orb	rh2,0x4900004e(r5)
    1e20:	3220 2020      	ldb	rr2(#0x2020),rh0
    1e24:	2020           	ldb	rh0,@rr2
    1e26:	2020           	ldb	rh0,@rr2
    1e28:	2020           	ldb	rh0,@rr2
    1e2a:	2020           	ldb	rh0,@rr2
    1e2c:	2020           	ldb	rh0,@rr2
    1e2e:	2020           	ldb	rh0,@rr2
    1e30:	5349 474e      	push	@rr4,0x4700004e(r9)
    1e34:	414c 533a      	add	r12,0x5300003a(r4)
    1e38:	5458 4435      	ldl	rr8,0x44000035(r5)
    1e3c:	353d 3e54      	ldl	rr13,rr3(#0x3e54)
    1e40:	5832 3031      	multl	rq2,0x30000031(r3)
    1e44:	2c54           	exb	rh4,@rr5
    1e46:	5832 304e      	multl	rq2,0x3000004e(r3)
    1e4a:	2c52           	exb	rh2,@rr5
    1e4c:	5832 3031      	multl	rq2,0x30000031(r3)
    1e50:	2c52           	exb	rh2,@rr5
    1e52:	5832 304e      	multl	rq2,0x3000004e(r3)
    1e56:	2020           	ldb	rh0,@rr2
    1e58:	2043           	ldb	rh3,@rr4
    1e5a:	5552 5245      	popl	0x52000045(r2),@rr5
    1e5e:	4e54           	.word 4e54
    1e60:	204c           	ldb	rl4,@rr4
    1e62:	4f4f           	.word 4f4f
    1e64:	5020 494e      	cpl	rr0,0x4900004e(r2)
    1e68:	5445 5246      	ldl	rr5,0x52000046(r4)
    1e6c:	4143 4520      	add	r3,0x45000020(r4)
    1e70:	202d           	ldb	rl5,@rr2
    1e72:	2d20           	ex	r0,@rr2
    1e74:	534f 4d45      	push	@rr4,0x4d000045(r15)
    1e78:	204f           	ldb	rl7,@rr4
    1e7a:	4620 2020      	andb	rh0,0x20000020(r2)
    1e7e:	2020           	ldb	rh0,@rr2
    1e80:	4348 2e20      	sub	r8,0x2e000020(r4)
    1e84:	4220 5041      	subb	rh0,0x50000041(r2)
    1e88:	5249 5459      	subl	rr9,0x54000059(r4)
    1e8c:	2045           	ldb	rh5,@rr4
    1e8e:	5252 4f52      	subl	rr2,0x4f000052(r5)
    1e92:	2020           	ldb	rh0,@rr2
    1e94:	2020           	ldb	rh0,@rr2
    1e96:	2020           	ldb	rh0,@rr2
    1e98:	2020           	ldb	rh0,@rr2
    1e9a:	2020           	ldb	rh0,@rr2
    1e9c:	2020           	ldb	rh0,@rr2
    1e9e:	2020           	ldb	rh0,@rr2
    1ea0:	2020           	ldb	rh0,@rr2
    1ea2:	2020           	ldb	rh0,@rr2
    1ea4:	2020           	ldb	rh0,@rr2
    1ea6:	2020           	ldb	rh0,@rr2
    1ea8:	5345 5249      	push	@rr4,0x52000049(r5)
    1eac:	414c 2043      	add	r12,0x20000043(r4)
    1eb0:	4f4e           	.word 4f4e
    1eb2:	5452 4f4c      	ldl	rr2,0x4f00004c(r5)
    1eb6:	4c45 5220 5349 	ldb	0x52000020(r4),#0x49
    1ebc:	4f2f           	.word 4f2f
    1ebe:	3020 4552      	ldb	rh0,rr2(#0x4552)
    1ec2:	524f 5220      	subl	rr15,0x52000020(r4)
    1ec6:	2020           	ldb	rh0,@rr2
    1ec8:	2020           	ldb	rh0,@rr2
    1eca:	2020           	ldb	rh0,@rr2
    1ecc:	2020           	ldb	rh0,@rr2
    1ece:	2020           	ldb	rh0,@rr2
    1ed0:	2020           	ldb	rh0,@rr2
    1ed2:	2020           	ldb	rh0,@rr2
    1ed4:	2020           	ldb	rh0,@rr2
    1ed6:	2020           	ldb	rh0,@rr2
    1ed8:	5258 4433      	subl	rr8,0x44000033(r5)
    1edc:	333b 4143      	ld	rr3(#0x4143),r11
    1ee0:	4c32 4e3b      	negb	0x4e00003b(r3)
    1ee4:	4243 4c32      	subb	rh3,0x4c000032(r4)
    1ee8:	4e3b           	.word 4e3b
    1eea:	5049 5544      	cpl	rr9,0x55000044(r4)
    1eee:	313b 4d45      	ld	r11,rr3(#0x4d45)
    1ef2:	4e44           	.word 4e44
    1ef4:	3000 6572      	ldrb	rh0,0x846a
    1ef8:	7200           	.word 7200
    1efa:	5349 474e      	push	@rr4,0x4700004e(r9)
    1efe:	414c 533a      	add	r12,0x5300003a(r4)
    1f02:	5458 4432      	ldl	rr8,0x44000032(r5)
    1f06:	353d 3e54      	ldl	rr13,rr3(#0x3e54)
    1f0a:	5844 3535      	multl	rq4,0x35000035(r4)
    1f0e:	2c42           	exb	rh2,@rr4
    1f10:	3130 334e      	ld	r0,rr3(#0x334e)
    1f14:	2c42           	exb	rh2,@rr4
    1f16:	3130 344e      	ld	r0,rr3(#0x344e)
    1f1a:	2c52           	exb	rh2,@rr5
    1f1c:	5844 3233      	multl	rq4,0x32000033(r4)
    1f20:	6572 7200      	set	0x72000000(r7),#0x2
    1f24:	2020           	ldb	rh0,@rr2
    1f26:	2020           	ldb	rh0,@rr2
    1f28:	2020           	ldb	rh0,@rr2
    1f2a:	2020           	ldb	rh0,@rr2
    1f2c:	524d 3132      	subl	rr13,0x31000032(r4)
    1f30:	302c 5258      	ldb	rl4,rr2(#0x5258)
    1f34:	4c32 322c      	negb	0x3200002c(r3)
    1f38:	4452 494e      	orb	rh2,0x4900004e(r5)
    1f3c:	3200 6572      	ldrb	0x84b2,rh0
    1f40:	7200           	.word 7200
    1f42:	5349 474e      	push	@rr4,0x4700004e(r9)
    1f46:	414c 533a      	add	r12,0x5300003a(r4)
    1f4a:	5458 4435      	ldl	rr8,0x44000035(r5)
    1f4e:	353d 3e54      	ldl	rr13,rr3(#0x3e54)
    1f52:	5832 3031      	multl	rq2,0x30000031(r3)
    1f56:	2c54           	exb	rh4,@rr5
    1f58:	5832 304e      	multl	rq2,0x3000004e(r3)
    1f5c:	2c52           	exb	rh2,@rr5
    1f5e:	5832 3031      	multl	rq2,0x30000031(r3)
    1f62:	2c52           	exb	rh2,@rr5
    1f64:	5832 304e      	multl	rq2,0x3000004e(r3)
    1f68:	6572 7200      	set	0x72000000(r7),#0x2
    1f6c:	2043           	ldb	rh3,@rr4
    1f6e:	5552 5245      	popl	0x52000045(r2),@rr5
    1f72:	4e54           	.word 4e54
    1f74:	204c           	ldb	rl4,@rr4
    1f76:	4f4f           	.word 4f4f
    1f78:	5020 494e      	cpl	rr0,0x4900004e(r2)
    1f7c:	5445 5246      	ldl	rr5,0x52000046(r4)
    1f80:	4143 4520      	add	r3,0x45000020(r4)
    1f84:	202d           	ldb	rl5,@rr2
    1f86:	2d20           	ex	r0,@rr2
    1f88:	534f 4d45      	push	@rr4,0x4d000045(r15)
    1f8c:	204f           	ldb	rl7,@rr4
    1f8e:	4620 6572      	andb	rh0,0x65000072(r2)
    1f92:	7200           	.word 7200
    1f94:	4348 2e42      	sub	r8,0x2e000042(r4)
    1f98:	2052           	ldb	rh2,@rr5
    1f9a:	5820 414e      	multl	rq0,0x4100004e(r2)
    1f9e:	4420 5458      	orb	rh0,0x54000058(r2)
    1fa2:	2042           	ldb	rh2,@rr4
    1fa4:	5546 4645      	popl	0x46000045(r6),@rr4
    1fa8:	5253 2041      	subl	rr3,0x20000041(r5)
    1fac:	5245 2044      	subl	rr5,0x20000044(r4)
    1fb0:	4946 4645      	xor	r6,0x46000045(r4)
    1fb4:	5245 4e54      	subl	rr5,0x4e000054(r4)
    1fb8:	2e00           	.word 2e00
    1fba:	6572 7200      	set	0x72000000(r7),#0x2
    1fbe:	2020           	ldb	rh0,@rr2
    1fc0:	2020           	ldb	rh0,@rr2
    1fc2:	2020           	ldb	rh0,@rr2
    1fc4:	2020           	ldb	rh0,@rr2
    1fc6:	5452 414e      	ldl	rr2,0x4100004e(r5)
    1fca:	534d 4954      	push	@rr4,0x49000054(r13)
    1fce:	2050           	ldb	rh0,@rr5
    1fd0:	4841 5345      	xorb	rh1,0x53000045(r4)
    1fd4:	2000 7365      	ldb	rh0,#0x65
    1fd8:	7200           	.word 7200
    1fda:	2042           	ldb	rh2,@rr4
    1fdc:	4155 4400      	add	r5,0x44000000(r5)
    1fe0:	2020           	ldb	rh0,@rr2
    1fe2:	2020           	ldb	rh0,@rr2
    1fe4:	2020           	ldb	rh0,@rr2
    1fe6:	2046           	ldb	rh6,@rr4
    1fe8:	5245 5155      	subl	rr5,0x51000055(r4)
    1fec:	454e 4359      	or	r14,0x43000059(r4)
    1ff0:	203a           	ldb	rl2,@rr3
    1ff2:	2000 7365      	ldb	rh0,#0x65
    1ff6:	7200           	.word 7200
    1ff8:	2020           	ldb	rh0,@rr2
    1ffa:	2020           	ldb	rh0,@rr2
    1ffc:	2020           	ldb	rh0,@rr2
    1ffe:	2020           	ldb	rh0,@rr2
    2000:	5258 4430      	subl	rr8,0x44000030(r5)
    2004:	333b 4143      	ld	rr3(#0x4143),r11
    2008:	4c32 4e3b      	negb	0x4e00003b(r3)
    200c:	4243 4c32      	subb	rh3,0x4c000032(r4)
    2010:	4e3b           	.word 4e3b
    2012:	5049 5544      	cpl	rr9,0x55000044(r4)
    2016:	313b 4d45      	ld	r11,rr3(#0x4d45)
    201a:	4e44           	.word 4e44
    201c:	3000 6572      	ldrb	rh0,0x8592
    2020:	7200           	.word 7200
    2022:	5349 474e      	push	@rr4,0x4700004e(r9)
    2026:	414c 533a      	add	r12,0x5300003a(r4)
    202a:	5458 4431      	ldl	rr8,0x44000031(r5)
    202e:	353d 3e54      	ldl	rr13,rr3(#0x3e54)
    2032:	5844 3435      	multl	rq4,0x34000035(r4)
    2036:	2c41           	exb	rh1,@rr4
    2038:	3130 334e      	ld	r0,rr3(#0x334e)
    203c:	2c41           	exb	rh1,@rr4
    203e:	3130 344e      	ld	r0,rr3(#0x344e)
    2042:	2c52           	exb	rh2,@rr5
    2044:	5844 3133      	multl	rq4,0x31000033(r4)
    2048:	6572 7200      	set	0x72000000(r7),#0x2
    204c:	2020           	ldb	rh0,@rr2
    204e:	2020           	ldb	rh0,@rr2
    2050:	2020           	ldb	rh0,@rr2
    2052:	2020           	ldb	rh0,@rr2
    2054:	524d 3130      	subl	rr13,0x31000030(r4)
    2058:	302c 5258      	ldb	rl4,rr2(#0x5258)
    205c:	4c31 312c 4452 	cpb	0x3100002c(r3),#0x52
    2062:	494e 313b      	xor	r14,0x3100003b(r4)
    2066:	6572 7200      	set	0x72000000(r7),#0x2
    206a:	5349 474e      	push	@rr4,0x4700004e(r9)
    206e:	414c 533a      	add	r12,0x5300003a(r4)
    2072:	5458 4434      	ldl	rr8,0x44000034(r5)
    2076:	353d 3e54      	ldl	rr13,rr3(#0x3e54)
    207a:	5830 3031      	multl	rq0,0x30000031(r3)
    207e:	2c54           	exb	rh4,@rr5
    2080:	5830 304e      	multl	rq0,0x3000004e(r3)
    2084:	2c52           	exb	rh2,@rr5
    2086:	5830 3031      	multl	rq0,0x30000031(r3)
    208a:	2c52           	exb	rh2,@rr5
    208c:	5830 304e      	multl	rq0,0x3000004e(r3)
    2090:	6572 7200      	set	0x72000000(r7),#0x2
    2094:	2043           	ldb	rh3,@rr4
    2096:	5552 5245      	popl	0x52000045(r2),@rr5
    209a:	4e54           	.word 4e54
    209c:	204c           	ldb	rl4,@rr4
    209e:	4f4f           	.word 4f4f
    20a0:	5020 494e      	cpl	rr0,0x4900004e(r2)
    20a4:	5445 5246      	ldl	rr5,0x52000046(r4)
    20a8:	4143 4520      	add	r3,0x45000020(r4)
    20ac:	202d           	ldb	rl5,@rr2
    20ae:	2d20           	ex	r0,@rr2
    20b0:	534f 4d45      	push	@rr4,0x4d000045(r15)
    20b4:	204f           	ldb	rl7,@rr4
    20b6:	4620 6572      	andb	rh0,0x65000072(r2)
    20ba:	7200           	.word 7200
    20bc:	4348 2e41      	sub	r8,0x2e000041(r4)
    20c0:	2052           	ldb	rh2,@rr5
    20c2:	5820 414e      	multl	rq0,0x4100004e(r2)
    20c6:	4420 5458      	orb	rh0,0x54000058(r2)
    20ca:	2042           	ldb	rh2,@rr4
    20cc:	5546 4645      	popl	0x46000045(r6),@rr4
    20d0:	5253 2041      	subl	rr3,0x20000041(r5)
    20d4:	5245 2044      	subl	rr5,0x20000044(r4)
    20d8:	4946 4645      	xor	r6,0x46000045(r4)
    20dc:	5245 4e54      	subl	rr5,0x4e000054(r4)
    20e0:	2e00           	.word 2e00
    20e2:	6572 7200      	set	0x72000000(r7),#0x2
    20e6:	2020           	ldb	rh0,@rr2
    20e8:	2020           	ldb	rh0,@rr2
    20ea:	2020           	ldb	rh0,@rr2
    20ec:	2020           	ldb	rh0,@rr2
    20ee:	5452 414e      	ldl	rr2,0x4100004e(r5)
    20f2:	534d 4954      	push	@rr4,0x49000054(r13)
    20f6:	2050           	ldb	rh0,@rr5
    20f8:	4841 5345      	xorb	rh1,0x53000045(r4)
    20fc:	2000 7365      	ldb	rh0,#0x65
    2100:	7200           	.word 7200
    2102:	2042           	ldb	rh2,@rr4
    2104:	4155 4400      	add	r5,0x44000000(r5)
    2108:	2020           	ldb	rh0,@rr2
    210a:	2020           	ldb	rh0,@rr2
    210c:	2020           	ldb	rh0,@rr2
    210e:	2046           	ldb	rh6,@rr4
    2110:	5245 5155      	subl	rr5,0x51000055(r4)
    2114:	454e 4359      	or	r14,0x43000059(r4)
    2118:	203a           	ldb	rl2,@rr3
    211a:	2000 7365      	ldb	rh0,#0x65
    211e:	7200           	.word 7200
    2120:	001e           	addb	rl6,@rr1
	...
    213e:	0000 2050      	addb	rh0,#0x50
    2142:	4c55 4720 4e4f 	ldb	0x47000020(r5),#0x4f
    2148:	5420 5245      	ldl	rr0,0x52000045(r2)
    214c:	4755 4c41      	and	r5,0x4c000041(r5)
    2150:	5220 2000      	subl	rr0,0x20000000(r2)
    2154:	7365           	.word 7365
    2156:	7200           	.word 7200
    2158:	2020           	ldb	rh0,@rr2
    215a:	2020           	ldb	rh0,@rr2
    215c:	2043           	ldb	rh3,@rr4
    215e:	4841 4e4e      	xorb	rh1,0x4e00004e(r4)
    2162:	454c 2041      	or	r12,0x20000041(r4)
    2166:	7365           	.word 7365
    2168:	7200           	.word 7200
    216a:	2020           	ldb	rh0,@rr2
    216c:	2020           	ldb	rh0,@rr2
    216e:	2043           	ldb	rh3,@rr4
    2170:	4841 4e4e      	xorb	rh1,0x4e00004e(r4)
    2174:	454c 2042      	or	r12,0x20000042(r4)
    2178:	7365           	.word 7365
    217a:	7200           	.word 7200
    217c:	2043           	ldb	rh3,@rr4
    217e:	482e 4120      	xorb	rl6,0x41000020(r2)
    2182:	494e 2056      	xor	r14,0x20000056(r4)
    2186:	3234 2041      	ldb	rr3(#0x2041),rh4
    218a:	4e44           	.word 4e44
    218c:	2043           	ldb	rh3,@rr4
    218e:	482e 4220      	xorb	rl6,0x42000020(r2)
    2192:	494e 2043      	xor	r14,0x20000043(r4)
    2196:	2e4c           	ldb	@rr4,rl4
    2198:	2e20           	ldb	@rr2,rh0
    219a:	7365           	.word 7365
    219c:	7200           	.word 7200
    219e:	2043           	ldb	rh3,@rr4
    21a0:	482e 4120      	xorb	rl6,0x41000020(r2)
    21a4:	494e 2043      	xor	r14,0x20000043(r4)
    21a8:	2e4c           	ldb	@rr4,rl4
    21aa:	2e20           	ldb	@rr2,rh0
    21ac:	414e 4420      	add	r14,0x44000020(r4)
    21b0:	4348 2e42      	sub	r8,0x2e000042(r4)
    21b4:	2049           	ldb	rl1,@rr4
    21b6:	4e20           	.word 4e20
    21b8:	5632 3420      	addl	rr2,0x34000020(r3)
    21bc:	7365           	.word 7365
    21be:	7200           	.word 7200
    21c0:	2042           	ldb	rh2,@rr4
    21c2:	4f54           	.word 4f54
    21c4:	4820 4348      	xorb	rh0,0x43000048(r2)
    21c8:	414e 4e45      	add	r14,0x4e000045(r4)
    21cc:	4c53           	.word 4c53
    21ce:	2049           	ldb	rl1,@rr4
    21d0:	4e20           	.word 4e20
    21d2:	5632 3420      	addl	rr2,0x34000020(r3)
    21d6:	7365           	.word 7365
    21d8:	7200           	.word 7200
    21da:	2042           	ldb	rh2,@rr4
    21dc:	4f54           	.word 4f54
    21de:	4820 4348      	xorb	rh0,0x43000048(r2)
    21e2:	414e 4e45      	add	r14,0x4e000045(r4)
    21e6:	4c53           	.word 4c53
    21e8:	2049           	ldb	rl1,@rr4
    21ea:	4e20           	.word 4e20
    21ec:	4355 5252      	sub	r5,0x52000052(r5)
    21f0:	454e 5420      	or	r14,0x54000020(r4)
    21f4:	4c4f           	.word 4c4f
    21f6:	4f50           	.word 4f50
    21f8:	2000 7365      	ldb	rh0,#0x65
    21fc:	7200           	.word 7200
	...
    2206:	0000 2020      	addb	rh0,#0x20
    220a:	2020           	ldb	rh0,@rr2
    220c:	2020           	ldb	rh0,@rr2
    220e:	2020           	ldb	rh0,@rr2
    2210:	2020           	ldb	rh0,@rr2
	...
    2252:	0000 aaa1      	addb	rh0,#0xa1
	...
    2266:	0001 0000      	addb	rh1,#0x0
	...
    2512:	0000 bd21      	addb	rh0,#0x21
    2516:	5f00 8400 18c0 	call	0x40018c0
    251c:	1402 2020 2020 	ldl	rr2,#0x20202020
    2522:	5f00 8400 1852 	call	0x4001852
    2528:	7602 a100 0000 	lda	rr2,0x21000000
    252e:	5f00 8400 43ae 	call	0x40043ae
    2534:	9e08           	ret	t
    2536:	7602 a100 0000 	lda	rr2,0x21000000
    253c:	5f00 8400 43ae 	call	0x40043ae
    2542:	95e2           	popl	rr2,@rr14
    2544:	1de2           	ldl	@rr14,rr2
    2546:	9e08           	ret	t
	...
    2608:	2020           	ldb	rh0,@rr2
    260a:	2020           	ldb	rh0,@rr2
    260c:	2020           	ldb	rh0,@rr2
    260e:	2020           	ldb	rh0,@rr2
    2610:	2020           	ldb	rh0,@rr2
	...
    2652:	0000 aaa1      	addb	rh0,#0xa1
	...
    2666:	0001 0000      	addb	rh1,#0x0
	...
