
re/disasm/line/011_SLANC484871127.bin:     file format binary


Disassembly of section .data:

00000000 <.data>:
       0:	5458 2050      	ldl	rr8,0x20000050(r5)
       4:	4143 4b2e      	add	r3,0x4b00002e(r4)
       8:	4e52           	.word 4e52
       a:	2e00           	.word 2e00
       c:	7669 6400      	lda	rr9,0x64000000(r6)
      10:	4352 4f53      	sub	r2,0x4f000053(r5)
      14:	5320 5452      	push	@rr2,0x54000052
      18:	4146 4649      	add	r6,0x46000049(r4)
      1c:	4320 5048      	sub	r0,0x50000048(r2)
      20:	4153 452e      	add	r3,0x4500002e(r5)
      24:	2e2e           	ldb	@rr2,rl6
      26:	2020           	ldb	rh0,@rr2
      28:	2020           	ldb	rh0,@rr2
      2a:	2020           	ldb	rh0,@rr2
      2c:	2020           	ldb	rh0,@rr2
      2e:	2020           	ldb	rh0,@rr2
      30:	2020           	ldb	rh0,@rr2
      32:	2020           	ldb	rh0,@rr2
      34:	2020           	ldb	rh0,@rr2
      36:	2020           	ldb	rh0,@rr2
      38:	5041 434b      	cpl	rr1,0x4300004b(r4)
      3c:	4554 2046      	or	r4,0x20000046(r5)
      40:	524f 4d20      	subl	rr15,0x4d000020(r4)
      44:	554e 4b4e      	popl	0x4b00004e(r14),@rr4
      48:	4f57           	.word 4f57
      4a:	4e20           	.word 4e20
      4c:	435f 4e4f      	sub	r15,0x4e00004f(r5)
      50:	4445 2052      	orb	rh5,0x20000052(r4)
      54:	4543 4549      	or	r3,0x45000049(r4)
      58:	5645 4420      	addl	rr5,0x44000020(r4)
      5c:	2020           	ldb	rh0,@rr2
      5e:	2020           	ldb	rh0,@rr2
      60:	554e 4b4e      	popl	0x4b00004e(r14),@rr4
      64:	4f57           	.word 4f57
      66:	4e20           	.word 4e20
      68:	5041 434b      	cpl	rr1,0x4300004b(r4)
      6c:	4554 2054      	or	r4,0x20000054(r5)
      70:	5950 4520      	mult	rr0,0x45000020(r5)
      74:	2020           	ldb	rh0,@rr2
      76:	2020           	ldb	rh0,@rr2
      78:	2020           	ldb	rh0,@rr2
      7a:	2020           	ldb	rh0,@rr2
      7c:	2020           	ldb	rh0,@rr2
      7e:	2020           	ldb	rh0,@rr2
      80:	2020           	ldb	rh0,@rr2
      82:	2020           	ldb	rh0,@rr2
      84:	2020           	ldb	rh0,@rr2
      86:	2020           	ldb	rh0,@rr2
      88:	0476           	orb	rh6,@rr7
      8a:	04e4           	orb	rh4,@rr14
      8c:	0552           	or	r2,@rr5
      8e:	068e           	andb	rl6,@rr8
      90:	0746           	and	r6,@rr4
      92:	07b4           	and	r4,@rr11
      94:	0822           	xorb	rh2,@rr2
      96:	2020           	ldb	rh0,@rr2
      98:	2020           	ldb	rh0,@rr2
      9a:	2053           	ldb	rh3,@rr5
      9c:	5441 524c      	ldl	rr1,0x5200004c(r4)
      a0:	414e 5f44      	add	r14,0x5f000044(r4)
      a4:	554d 4220      	popl	0x42000020(r13),@rr4
      a8:	4552 524f      	or	r2,0x5200004f(r5)
      ac:	5220 5241      	subl	rr0,0x52000041(r2)
      b0:	5445 2020      	ldl	rr5,0x20000020(r4)
      b4:	2020           	ldb	rh0,@rr2
      b6:	2020           	ldb	rh0,@rr2
      b8:	2020           	ldb	rh0,@rr2
      ba:	2020           	ldb	rh0,@rr2
      bc:	2020           	ldb	rh0,@rr2
      be:	204e           	ldb	rl6,@rr4
      c0:	4f54           	.word 4f54
      c2:	2046           	ldb	rh6,@rr4
      c4:	4f55           	.word 4f55
      c6:	4e44           	.word 4e44
      c8:	5445 5354      	ldl	rr5,0x53000054(r4)
      cc:	2000 7365      	ldb	rh0,#0x65
      d0:	7200           	.word 7200
      d2:	4e4f           	.word 4e4f
      d4:	4445 2050      	orb	rh5,0x20000050(r4)
      d8:	524f 4752      	subl	rr15,0x47000052(r4)
      dc:	414d 696e      	add	r13,0x6900006e(r4)
      e0:	7400           	.word 7400
      e2:	3629           	rsvd36	
      e4:	2043           	ldb	rh3,@rr4
      e6:	524f 5353      	subl	rr15,0x53000053(r4)
      ea:	2054           	ldb	rh4,@rr5
      ec:	5241 4646      	subl	rr1,0x46000046(r4)
      f0:	4943 2045      	xor	r3,0x20000045(r4)
      f4:	5252 4f52      	subl	rr2,0x4f000052(r5)
      f8:	2052           	ldb	rh2,@rr5
      fa:	4154 4500      	add	r4,0x45000000(r5)
      fe:	696e 7400      	inc	0x74000000(r6),#0xf
     102:	3529 2043      	ldl	rr9,rr2(#0x2043)
     106:	4841 4e4e      	xorb	rh1,0x4e00004e(r4)
     10a:	454c 2043      	or	r12,0x20000043(r4)
     10e:	4f4e           	.word 4f4e
     110:	5445 4e54      	ldl	rr5,0x4e000054(r4)
     114:	494f 4e20      	xor	r15,0x4e000020(r4)
     118:	4552 524f      	or	r2,0x5200004f(r5)
     11c:	5220 5241      	subl	rr0,0x52000041(r2)
     120:	5445 696e      	ldl	rr5,0x6900006e(r4)
     124:	7400           	.word 7400
     126:	3429 204e      	lda	rr9,rr2(#0x204e)
     12a:	4f20           	.word 4f20
     12c:	4348 414e      	sub	r8,0x4100004e(r4)
     130:	4e45           	.word 4e45
     132:	4c20 434f      	comb	0x4300004f(r2)
     136:	4e54           	.word 4e54
     138:	454e 5449      	or	r14,0x54000049(r4)
     13c:	4f4e           	.word 4f4e
     13e:	2045           	ldb	rh5,@rr4
     140:	5252 4f52      	subl	rr2,0x4f000052(r5)
     144:	2052           	ldb	rh2,@rr5
     146:	4154 4500      	add	r4,0x45000000(r5)
     14a:	696e 7400      	inc	0x74000000(r6),#0xf
     14e:	696c 2074      	inc	0x20000074(r6),#0xd
     152:	6573 7420      	set	0x74000020(r7),#0x3
     156:	696e 7400      	inc	0x74000000(r6),#0xf
     15a:	6e6f 6e20      	ldb	0x6e000020(r6),rl7
     15e:	6560 2070      	set	0x20000070(r6),#0x0
     162:	6f73 7369      	ld	0x73000069(r7),r3
     166:	6269 6c65      	resb	0x6c000065(r6),#0x9
     16a:	2065           	ldb	rh5,@rr6
     16c:	7365           	.word 7365
     16e:	6775 6972      	bit	0x69000072(r7),#0x5
     172:	6500 696e      	set	0x6900006e,#0x0
     176:	7400           	.word 7400
     178:	4e65           	.word 4e65
     17a:	6c20 6361      	exb	rh0,0x63000061(r2)
     17e:	736f           	.word 736f
     180:	2064           	ldb	rh4,@rr6
     182:	6920 676f      	inc	0x6700006f(r2),#0x1
     186:	7665 726e      	lda	rr5,0x7200006e(r6)
     18a:	6f20 736c      	ld	0x7300006c(r2),r0
     18e:	616e 696e      	ld	r14,0x6900006e(r6)
     192:	7400           	.word 7400
     194:	3329 2050      	ld	rr2(#0x2050),r9
     198:	4859 5349      	xorb	rl1,0x53000049(r5)
     19c:	4341 4c20      	sub	r1,0x4c000020(r4)
     1a0:	4c49           	.word 4c49
     1a2:	4e4b           	.word 4e4b
     1a4:	2054           	ldb	rh4,@rr5
     1a6:	4553 5400      	or	r3,0x54000000(r5)
     1aa:	696e 7400      	inc	0x74000000(r6),#0xf
     1ae:	3229 2048      	ldb	rr2(#0x2048),rl1
     1b2:	5542 2020      	popl	0x20000020(r2),@rr4
     1b6:	4c4f           	.word 4c4f
     1b8:	4f50           	.word 4f50
     1ba:	4241 434b      	subb	rh1,0x4300004b(r4)
     1be:	2054           	ldb	rh4,@rr5
     1c0:	4553 5400      	or	r3,0x54000000(r5)
     1c4:	696e 7400      	inc	0x74000000(r6),#0xf
     1c8:	3129 204c      	ld	r9,rr2(#0x204c)
     1cc:	4343 2020      	sub	r3,0x20000020(r4)
     1d0:	4c4f           	.word 4c4f
     1d2:	4f50           	.word 4f50
     1d4:	4241 434b      	subb	rh1,0x4300004b(r4)
     1d8:	2054           	ldb	rh4,@rr5
     1da:	4553 5400      	or	r3,0x54000000(r5)
     1de:	696e 7400      	inc	0x74000000(r6),#0xf
     1e2:	2020           	ldb	rh0,@rr2
     1e4:	2020           	ldb	rh0,@rr2
     1e6:	2053           	ldb	rh3,@rr5
     1e8:	5441 524c      	ldl	rr1,0x5200004c(r4)
     1ec:	414e 5f44      	add	r14,0x5f000044(r4)
     1f0:	554d 4220      	popl	0x42000020(r13),@rr4
     1f4:	4552 524f      	or	r2,0x5200004f(r5)
     1f8:	5220 5241      	subl	rr0,0x52000041(r2)
     1fc:	5445 2020      	ldl	rr5,0x20000020(r4)
     200:	2020           	ldb	rh0,@rr2
     202:	2020           	ldb	rh0,@rr2
     204:	2020           	ldb	rh0,@rr2
     206:	2020           	ldb	rh0,@rr2
     208:	2020           	ldb	rh0,@rr2
     20a:	2273           	resb	@rr7,#0x3
     20c:	6b69 7022      	dec	0x70000022(r6),#0xa
     210:	2074           	ldb	rh4,@rr7
     212:	6f20 676f      	ld	0x6700006f(r2),r0
     216:	2062           	ldb	rh2,@rr6
     218:	6163 6b20      	ld	r3,0x6b000020(r6)
     21c:	746f           	.word 746f
     21e:	206d           	ldb	rl5,@rr6
     220:	656e 7500      	set	0x75000000(r6),#0xe
     224:	7365           	.word 7365
     226:	7200           	.word 7200
     228:	7479           	.word 7479
     22a:	7065           	.word 7065
     22c:	2069           	ldb	rl1,@rr6
     22e:	6e20 2265      	ldb	0x22000065(r2),rh0
     232:	6e74 6572      	ldb	0x65000072(r7),rh4
     236:	2220           	resb	@rr2,#0x0
     238:	746f           	.word 746f
     23a:	2067           	ldb	rh7,@rr6
     23c:	6f20 6f6e      	ld	0x6f00006e(r2),r0
     240:	206f           	ldb	rl7,@rr6
     242:	7200           	.word 7200
     244:	7365           	.word 7365
     246:	7200           	.word 7200
     248:	4e4f           	.word 4e4f
     24a:	4445 2050      	orb	rh5,0x20000050(r4)
     24e:	524f 4752      	subl	rr15,0x47000052(r4)
     252:	414d 2020      	add	r13,0x20000020(r4)
     256:	2020           	ldb	rh0,@rr2
     258:	2020           	ldb	rh0,@rr2
     25a:	2020           	ldb	rh0,@rr2
     25c:	2020           	ldb	rh0,@rr2
     25e:	2020           	ldb	rh0,@rr2
     260:	2020           	ldb	rh0,@rr2
     262:	2020           	ldb	rh0,@rr2
     264:	2020           	ldb	rh0,@rr2
     266:	2020           	ldb	rh0,@rr2
     268:	2020           	ldb	rh0,@rr2
     26a:	2020           	ldb	rh0,@rr2
     26c:	2020           	ldb	rh0,@rr2
     26e:	2020           	ldb	rh0,@rr2
     270:	3629           	rsvd36	
     272:	2043           	ldb	rh3,@rr4
     274:	524f 5353      	subl	rr15,0x53000053(r4)
     278:	2054           	ldb	rh4,@rr5
     27a:	5241 4646      	subl	rr1,0x46000046(r4)
     27e:	4943 2045      	xor	r3,0x20000045(r4)
     282:	5252 4f52      	subl	rr2,0x4f000052(r5)
     286:	2052           	ldb	rh2,@rr5
     288:	4154 4520      	add	r4,0x45000020(r5)
     28c:	2020           	ldb	rh0,@rr2
     28e:	2020           	ldb	rh0,@rr2
     290:	2020           	ldb	rh0,@rr2
     292:	2020           	ldb	rh0,@rr2
     294:	2020           	ldb	rh0,@rr2
     296:	2020           	ldb	rh0,@rr2
     298:	3529 2043      	ldl	rr9,rr2(#0x2043)
     29c:	4841 4e4e      	xorb	rh1,0x4e00004e(r4)
     2a0:	454c 2043      	or	r12,0x20000043(r4)
     2a4:	4f4e           	.word 4f4e
     2a6:	5445 4e54      	ldl	rr5,0x4e000054(r4)
     2aa:	494f 4e20      	xor	r15,0x4e000020(r4)
     2ae:	4552 524f      	or	r2,0x5200004f(r5)
     2b2:	5220 5241      	subl	rr0,0x52000041(r2)
     2b6:	5445 2020      	ldl	rr5,0x20000020(r4)
     2ba:	2020           	ldb	rh0,@rr2
     2bc:	2020           	ldb	rh0,@rr2
     2be:	2020           	ldb	rh0,@rr2
     2c0:	3429 204e      	lda	rr9,rr2(#0x204e)
     2c4:	4f20           	.word 4f20
     2c6:	4348 414e      	sub	r8,0x4100004e(r4)
     2ca:	4e45           	.word 4e45
     2cc:	4c20 434f      	comb	0x4300004f(r2)
     2d0:	4e54           	.word 4e54
     2d2:	454e 5449      	or	r14,0x54000049(r4)
     2d6:	4f4e           	.word 4f4e
     2d8:	2045           	ldb	rh5,@rr4
     2da:	5252 4f52      	subl	rr2,0x4f000052(r5)
     2de:	2052           	ldb	rh2,@rr5
     2e0:	4154 4520      	add	r4,0x45000020(r5)
     2e4:	2020           	ldb	rh0,@rr2
     2e6:	2020           	ldb	rh0,@rr2
     2e8:	3329 2050      	ld	rr2(#0x2050),r9
     2ec:	4859 5349      	xorb	rl1,0x53000049(r5)
     2f0:	4341 4c20      	sub	r1,0x4c000020(r4)
     2f4:	4c49           	.word 4c49
     2f6:	4e4b           	.word 4e4b
     2f8:	2054           	ldb	rh4,@rr5
     2fa:	4553 5420      	or	r3,0x54000020(r5)
     2fe:	2020           	ldb	rh0,@rr2
     300:	2020           	ldb	rh0,@rr2
     302:	2020           	ldb	rh0,@rr2
     304:	2020           	ldb	rh0,@rr2
     306:	2020           	ldb	rh0,@rr2
     308:	2020           	ldb	rh0,@rr2
     30a:	2020           	ldb	rh0,@rr2
     30c:	2020           	ldb	rh0,@rr2
     30e:	2020           	ldb	rh0,@rr2
     310:	3229 2048      	ldb	rr2(#0x2048),rl1
     314:	5542 2020      	popl	0x20000020(r2),@rr4
     318:	4c4f           	.word 4c4f
     31a:	4f50           	.word 4f50
     31c:	4241 434b      	subb	rh1,0x4300004b(r4)
     320:	2054           	ldb	rh4,@rr5
     322:	4553 5420      	or	r3,0x54000020(r5)
     326:	2020           	ldb	rh0,@rr2
     328:	2020           	ldb	rh0,@rr2
     32a:	2020           	ldb	rh0,@rr2
     32c:	2020           	ldb	rh0,@rr2
     32e:	2020           	ldb	rh0,@rr2
     330:	2020           	ldb	rh0,@rr2
     332:	2020           	ldb	rh0,@rr2
     334:	2020           	ldb	rh0,@rr2
     336:	2020           	ldb	rh0,@rr2
     338:	3129 204c      	ld	r9,rr2(#0x204c)
     33c:	4343 2020      	sub	r3,0x20000020(r4)
     340:	4c4f           	.word 4c4f
     342:	4f50           	.word 4f50
     344:	4241 434b      	subb	rh1,0x4300004b(r4)
     348:	2054           	ldb	rh4,@rr5
     34a:	4553 5420      	or	r3,0x54000020(r5)
     34e:	2020           	ldb	rh0,@rr2
     350:	2020           	ldb	rh0,@rr2
     352:	2020           	ldb	rh0,@rr2
     354:	2020           	ldb	rh0,@rr2
     356:	2020           	ldb	rh0,@rr2
     358:	2020           	ldb	rh0,@rr2
     35a:	2020           	ldb	rh0,@rr2
     35c:	2020           	ldb	rh0,@rr2
     35e:	2020           	ldb	rh0,@rr2
     360:	5354 4152      	push	@rr5,0x41000052(r4)
     364:	4c30 2020      	comb	0x20000020(r3)
     368:	2020           	ldb	rh0,@rr2
     36a:	2053           	ldb	rh3,@rr5
     36c:	5441 524c      	ldl	rr1,0x5200004c(r4)
     370:	414e 5f44      	add	r14,0x5f000044(r4)
     374:	554d 4220      	popl	0x42000020(r13),@rr4
     378:	4552 524f      	or	r2,0x5200004f(r5)
     37c:	5220 5241      	subl	rr0,0x52000041(r2)
     380:	5445 2020      	ldl	rr5,0x20000020(r4)
     384:	2020           	ldb	rh0,@rr2
     386:	2020           	ldb	rh0,@rr2
     388:	2020           	ldb	rh0,@rr2
     38a:	2020           	ldb	rh0,@rr2
     38c:	2020           	ldb	rh0,@rr2
     38e:	494e 5445      	xor	r14,0x54000045(r4)
     392:	524e 414c      	subl	rr14,0x4100004c(r4)
     396:	204c           	ldb	rl4,@rr4
     398:	4f4f           	.word 4f4f
     39a:	5042 4143      	cpl	rr2,0x41000043(r4)
     39e:	4b20 5445      	cp	r0,0x54000045(r2)
     3a2:	5354 2046      	push	@rr5,0x20000046(r4)
     3a6:	4149 4c45      	add	r9,0x4c000045(r4)
     3aa:	4420 2020      	orb	rh0,0x20000020(r2)
     3ae:	2020           	ldb	rh0,@rr2
     3b0:	2020           	ldb	rh0,@rr2
     3b2:	2020           	ldb	rh0,@rr2
     3b4:	2020           	ldb	rh0,@rr2
     3b6:	494e 5445      	xor	r14,0x54000045(r4)
     3ba:	524e 414c      	subl	rr14,0x4100004c(r4)
     3be:	204c           	ldb	rl4,@rr4
     3c0:	4f4f           	.word 4f4f
     3c2:	5042 4143      	cpl	rr2,0x41000043(r4)
     3c6:	4b20 5445      	cp	r0,0x54000045(r2)
     3ca:	5354 2050      	push	@rr5,0x20000050(r4)
     3ce:	4153 5345      	add	r3,0x53000045(r5)
     3d2:	4420 2020      	orb	rh0,0x20000020(r2)
     3d6:	2020           	ldb	rh0,@rr2
     3d8:	2020           	ldb	rh0,@rr2
     3da:	2020           	ldb	rh0,@rr2
     3dc:	2020           	ldb	rh0,@rr2
     3de:	4855 4220      	xorb	rh5,0x42000020(r5)
     3e2:	4c4f           	.word 4c4f
     3e4:	4f50           	.word 4f50
     3e6:	4241 434b      	subb	rh1,0x4300004b(r4)
     3ea:	2054           	ldb	rh4,@rr5
     3ec:	4553 5420      	or	r3,0x54000020(r5)
     3f0:	4641 494c      	andb	rh1,0x4900004c(r4)
     3f4:	4544 2020      	or	r4,0x20000020(r4)
     3f8:	2020           	ldb	rh0,@rr2
     3fa:	2020           	ldb	rh0,@rr2
     3fc:	2020           	ldb	rh0,@rr2
     3fe:	2020           	ldb	rh0,@rr2
     400:	2020           	ldb	rh0,@rr2
     402:	2020           	ldb	rh0,@rr2
     404:	2020           	ldb	rh0,@rr2
     406:	4855 4220      	xorb	rh5,0x42000020(r5)
     40a:	4c4f           	.word 4c4f
     40c:	4f50           	.word 4f50
     40e:	4241 434b      	subb	rh1,0x4300004b(r4)
     412:	2054           	ldb	rh4,@rr5
     414:	4553 5420      	or	r3,0x54000020(r5)
     418:	5041 5353      	cpl	rr1,0x53000053(r4)
     41c:	4544 2020      	or	r4,0x20000020(r4)
     420:	2020           	ldb	rh0,@rr2
     422:	2020           	ldb	rh0,@rr2
     424:	2020           	ldb	rh0,@rr2
     426:	2020           	ldb	rh0,@rr2
     428:	2020           	ldb	rh0,@rr2
     42a:	2020           	ldb	rh0,@rr2
     42c:	2020           	ldb	rh0,@rr2
     42e:	4641 494c      	andb	rh1,0x4900004c(r4)
     432:	2044           	ldb	rh4,@rr4
     434:	4953 5441      	xor	r3,0x54000041(r5)
     438:	4e43           	.word 4e43
     43a:	4520 2849      	or	r0,0x28000049(r2)
     43e:	4e20           	.word 4e20
     440:	434c 4f43      	sub	r12,0x4f000043(r4)
     444:	4b20 4359      	cp	r0,0x43000059(r2)
     448:	434c 4553      	sub	r12,0x45000053(r4)
     44c:	2920           	inc	@rr2,#0x1
     44e:	4953 2000      	xor	r3,0x20000000(r5)
     452:	6572 7200      	set	0x72000000(r7),#0x2
     456:	6572 7200      	set	0x72000000(r7),#0x2
     45a:	554e 4b4e      	popl	0x4b00004e(r14),@rr4
     45e:	4f57           	.word 4f57
     460:	4e20           	.word 4e20
     462:	4552 524f      	or	r2,0x5200004f(r5)
     466:	5220 434f      	subl	rr0,0x4300004f(r2)
     46a:	4445 2020      	orb	rh5,0x20000020(r4)
     46e:	2020           	ldb	rh0,@rr2
     470:	2020           	ldb	rh0,@rr2
     472:	2020           	ldb	rh0,@rr2
     474:	2020           	ldb	rh0,@rr2
     476:	2020           	ldb	rh0,@rr2
     478:	2020           	ldb	rh0,@rr2
     47a:	2020           	ldb	rh0,@rr2
     47c:	2020           	ldb	rh0,@rr2
     47e:	2020           	ldb	rh0,@rr2
     480:	2020           	ldb	rh0,@rr2
     482:	4841 5244      	xorb	rh1,0x52000044(r4)
     486:	5741 5245      	pop	0x52000045(r1),@rr4
     48a:	2045           	ldb	rh5,@rr4
     48c:	5252 4f52      	subl	rr2,0x4f000052(r5)
     490:	2020           	ldb	rh0,@rr2
     492:	2020           	ldb	rh0,@rr2
     494:	2020           	ldb	rh0,@rr2
     496:	2020           	ldb	rh0,@rr2
     498:	2020           	ldb	rh0,@rr2
     49a:	2020           	ldb	rh0,@rr2
     49c:	2020           	ldb	rh0,@rr2
     49e:	2020           	ldb	rh0,@rr2
     4a0:	2020           	ldb	rh0,@rr2
     4a2:	2020           	ldb	rh0,@rr2
     4a4:	2020           	ldb	rh0,@rr2
     4a6:	2020           	ldb	rh0,@rr2
     4a8:	2020           	ldb	rh0,@rr2
     4aa:	5348 4f52      	push	@rr4,0x4f000052(r8)
     4ae:	5420 4f4e      	ldl	rr0,0x4f00004e(r2)
     4b2:	2054           	ldb	rh4,@rr5
     4b4:	4845 204c      	xorb	rh5,0x2000004c(r4)
     4b8:	494e 4b20      	xor	r14,0x4b000020(r4)
     4bc:	4944 454e      	xor	r4,0x4500004e(r4)
     4c0:	5449 4649      	ldl	rr9,0x46000049(r4)
     4c4:	4544 2020      	or	r4,0x20000020(r4)
     4c8:	2020           	ldb	rh0,@rr2
     4ca:	2020           	ldb	rh0,@rr2
     4cc:	2020           	ldb	rh0,@rr2
     4ce:	2020           	ldb	rh0,@rr2
     4d0:	2020           	ldb	rh0,@rr2
     4d2:	4f50           	.word 4f50
     4d4:	454e 204f      	or	r14,0x2000004f(r4)
     4d8:	4e20           	.word 4e20
     4da:	5448 4520      	ldl	rr8,0x45000020(r4)
     4de:	4c49           	.word 4c49
     4e0:	4e4b           	.word 4e4b
     4e2:	2049           	ldb	rl1,@rr4
     4e4:	4445 4e54      	orb	rh5,0x4e000054(r4)
     4e8:	4946 4945      	xor	r6,0x49000045(r4)
     4ec:	4420 2020      	orb	rh0,0x20000020(r2)
     4f0:	2020           	ldb	rh0,@rr2
     4f2:	2020           	ldb	rh0,@rr2
     4f4:	2020           	ldb	rh0,@rr2
     4f6:	2020           	ldb	rh0,@rr2
     4f8:	2020           	ldb	rh0,@rr2
     4fa:	4855 4220      	xorb	rh5,0x42000020(r5)
     4fe:	4341 424c      	sub	r1,0x4200004c(r4)
     502:	4520 5052      	or	r0,0x50000052(r2)
     506:	4f42           	.word 4f42
     508:	4c45 4d20 4944 	ldb	0x4d000020(r4),#0x44
     50e:	454e 5449      	or	r14,0x54000049(r4)
     512:	4649 4544      	andb	rl1,0x45000044(r4)
     516:	2020           	ldb	rh0,@rr2
     518:	2020           	ldb	rh0,@rr2
     51a:	2020           	ldb	rh0,@rr2
     51c:	2020           	ldb	rh0,@rr2
     51e:	2020           	ldb	rh0,@rr2
     520:	2020           	ldb	rh0,@rr2
     522:	4e4f           	.word 4e4f
     524:	204c           	ldb	rl4,@rr4
     526:	494e 4b20      	xor	r14,0x4b000020(r4)
     52a:	5052 4f42      	cpl	rr2,0x4f000042(r5)
     52e:	4c45 4d20 4944 	ldb	0x4d000020(r4),#0x44
     534:	454e 5449      	or	r14,0x54000049(r4)
     538:	4649 4544      	andb	rl1,0x45000044(r4)
     53c:	2020           	ldb	rh0,@rr2
     53e:	2020           	ldb	rh0,@rr2
     540:	2020           	ldb	rh0,@rr2
     542:	2020           	ldb	rh0,@rr2
     544:	2020           	ldb	rh0,@rr2
     546:	2020           	ldb	rh0,@rr2
     548:	2020           	ldb	rh0,@rr2
     54a:	554e 4b4e      	popl	0x4b00004e(r14),@rr4
     54e:	4f57           	.word 4f57
     550:	4e20           	.word 4e20
     552:	4552 524f      	or	r2,0x5200004f(r5)
     556:	5220 434f      	subl	rr0,0x4300004f(r2)
     55a:	4445 2020      	orb	rh5,0x20000020(r4)
     55e:	2020           	ldb	rh0,@rr2
     560:	2020           	ldb	rh0,@rr2
     562:	2020           	ldb	rh0,@rr2
     564:	2020           	ldb	rh0,@rr2
     566:	2020           	ldb	rh0,@rr2
     568:	2020           	ldb	rh0,@rr2
     56a:	2020           	ldb	rh0,@rr2
     56c:	2020           	ldb	rh0,@rr2
     56e:	2020           	ldb	rh0,@rr2
     570:	2020           	ldb	rh0,@rr2
     572:	5449 4d45      	ldl	rr9,0x4d000045(r4)
     576:	4f55           	.word 4f55
     578:	5420 4f4e      	ldl	rr0,0x4f00004e(r2)
     57c:	2043           	ldb	rh3,@rr4
     57e:	4f4d           	.word 4f4d
     580:	4d41 4e44 2045 	cp	0x4e000044(r4),#0x2045
     586:	5845 4355      	multl	rq5,0x43000055(r4)
     58a:	5449 4f4e      	ldl	rr9,0x4f00004e(r4)
     58e:	2020           	ldb	rh0,@rr2
     590:	2020           	ldb	rh0,@rr2
     592:	2020           	ldb	rh0,@rr2
     594:	2020           	ldb	rh0,@rr2
     596:	2020           	ldb	rh0,@rr2
     598:	2020           	ldb	rh0,@rr2
     59a:	434f 4e46      	sub	r15,0x4e000046(r4)
     59e:	4947 5552      	xor	r7,0x55000052(r4)
     5a2:	4520 434f      	or	r0,0x4300004f(r2)
     5a6:	4d4d           	.word 4d4d
     5a8:	414e 4420      	add	r14,0x44000020(r4)
     5ac:	4142 4f52      	add	r2,0x4f000052(r4)
     5b0:	5445 4420      	ldl	rr5,0x44000020(r4)
     5b4:	2020           	ldb	rh0,@rr2
     5b6:	2020           	ldb	rh0,@rr2
     5b8:	2020           	ldb	rh0,@rr2
     5ba:	2020           	ldb	rh0,@rr2
     5bc:	2020           	ldb	rh0,@rr2
     5be:	2020           	ldb	rh0,@rr2
     5c0:	2020           	ldb	rh0,@rr2
     5c2:	434f 4e46      	sub	r15,0x4e000046(r4)
     5c6:	4947 5552      	xor	r7,0x55000052(r4)
     5ca:	4520 434f      	or	r0,0x4300004f(r2)
     5ce:	4d4d           	.word 4d4d
     5d0:	414e 4420      	add	r14,0x44000020(r4)
     5d4:	4e4f           	.word 4e4f
     5d6:	5420 4143      	ldl	rr0,0x41000043(r2)
     5da:	4345 5054      	sub	r5,0x50000054(r4)
     5de:	4544 2020      	or	r4,0x20000020(r4)
     5e2:	2020           	ldb	rh0,@rr2
     5e4:	2020           	ldb	rh0,@rr2
     5e6:	2020           	ldb	rh0,@rr2
     5e8:	2020           	ldb	rh0,@rr2
     5ea:	554e 4b4e      	popl	0x4b00004e(r14),@rr4
     5ee:	4f57           	.word 4f57
     5f0:	4e20           	.word 4e20
     5f2:	4552 524f      	or	r2,0x5200004f(r5)
     5f6:	5220 434f      	subl	rr0,0x4300004f(r2)
     5fa:	4445 2020      	orb	rh5,0x20000020(r4)
     5fe:	2020           	ldb	rh0,@rr2
     600:	2020           	ldb	rh0,@rr2
     602:	2020           	ldb	rh0,@rr2
     604:	2020           	ldb	rh0,@rr2
     606:	2020           	ldb	rh0,@rr2
     608:	2020           	ldb	rh0,@rr2
     60a:	2020           	ldb	rh0,@rr2
     60c:	2020           	ldb	rh0,@rr2
     60e:	2020           	ldb	rh0,@rr2
     610:	2020           	ldb	rh0,@rr2
     612:	4c43           	.word 4c43
     614:	4320 4641      	sub	r0,0x46000041(r2)
     618:	494c 2020      	xor	r12,0x20000020(r4)
     61c:	2020           	ldb	rh0,@rr2
     61e:	2020           	ldb	rh0,@rr2
     620:	2020           	ldb	rh0,@rr2
     622:	2020           	ldb	rh0,@rr2
     624:	2020           	ldb	rh0,@rr2
     626:	2020           	ldb	rh0,@rr2
     628:	2020           	ldb	rh0,@rr2
     62a:	2020           	ldb	rh0,@rr2
     62c:	2020           	ldb	rh0,@rr2
     62e:	2020           	ldb	rh0,@rr2
     630:	2020           	ldb	rh0,@rr2
     632:	2020           	ldb	rh0,@rr2
     634:	2020           	ldb	rh0,@rr2
     636:	2020           	ldb	rh0,@rr2
     638:	2020           	ldb	rh0,@rr2
     63a:	4c43           	.word 4c43
     63c:	4320 4641      	sub	r0,0x46000041(r2)
     640:	494c 2020      	xor	r12,0x20000020(r4)
     644:	2020           	ldb	rh0,@rr2
     646:	2020           	ldb	rh0,@rr2
     648:	2020           	ldb	rh0,@rr2
     64a:	2020           	ldb	rh0,@rr2
     64c:	2020           	ldb	rh0,@rr2
     64e:	2020           	ldb	rh0,@rr2
     650:	2020           	ldb	rh0,@rr2
     652:	2020           	ldb	rh0,@rr2
     654:	2020           	ldb	rh0,@rr2
     656:	2020           	ldb	rh0,@rr2
     658:	2020           	ldb	rh0,@rr2
     65a:	2020           	ldb	rh0,@rr2
     65c:	2020           	ldb	rh0,@rr2
     65e:	2020           	ldb	rh0,@rr2
     660:	2020           	ldb	rh0,@rr2
     662:	4449 4147      	orb	rl1,0x41000047(r4)
     666:	4e4f           	.word 4e4f
     668:	5345 2043      	push	@rr4,0x20000043(r5)
     66c:	4f4d           	.word 4f4d
     66e:	4d41 4e44 204e 	cp	0x4e000044(r4),#0x204e
     674:	4f54           	.word 4f54
     676:	2045           	ldb	rh5,@rr4
     678:	5845 4355      	multl	rq5,0x43000055(r4)
     67c:	5445 4420      	ldl	rr5,0x44000020(r4)
     680:	2020           	ldb	rh0,@rr2
     682:	2020           	ldb	rh0,@rr2
     684:	2020           	ldb	rh0,@rr2
     686:	2020           	ldb	rh0,@rr2
     688:	2020           	ldb	rh0,@rr2
     68a:	5354 4152      	push	@rr5,0x41000052(r4)
     68e:	545f 5258      	ldl	rr15,0x52000058(r5)
     692:	204e           	ldb	rl6,@rr4
     694:	4f54           	.word 4f54
     696:	2045           	ldb	rh5,@rr4
     698:	5845 4355      	multl	rq5,0x43000055(r4)
     69c:	5445 4420      	ldl	rr5,0x44000020(r4)
     6a0:	2020           	ldb	rh0,@rr2
     6a2:	2020           	ldb	rh0,@rr2
     6a4:	2020           	ldb	rh0,@rr2
     6a6:	2020           	ldb	rh0,@rr2
     6a8:	2020           	ldb	rh0,@rr2
     6aa:	2020           	ldb	rh0,@rr2
     6ac:	2020           	ldb	rh0,@rr2
     6ae:	2020           	ldb	rh0,@rr2
     6b0:	2020           	ldb	rh0,@rr2
     6b2:	5354 4152      	push	@rr5,0x41000052(r4)
     6b6:	545f 5258      	ldl	rr15,0x52000058(r5)
     6ba:	204e           	ldb	rl6,@rr4
     6bc:	4f54           	.word 4f54
     6be:	2045           	ldb	rh5,@rr4
     6c0:	5845 4355      	multl	rq5,0x43000055(r4)
     6c4:	5445 4420      	ldl	rr5,0x44000020(r4)
     6c8:	2020           	ldb	rh0,@rr2
     6ca:	2020           	ldb	rh0,@rr2
     6cc:	2020           	ldb	rh0,@rr2
     6ce:	2020           	ldb	rh0,@rr2
     6d0:	2020           	ldb	rh0,@rr2
     6d2:	2020           	ldb	rh0,@rr2
     6d4:	2020           	ldb	rh0,@rr2
     6d6:	2020           	ldb	rh0,@rr2
     6d8:	2020           	ldb	rh0,@rr2
     6da:	5255 2053      	subl	rr5,0x20000053(r5)
     6de:	5441 5254      	ldl	rr1,0x52000054(r4)
     6e2:	2020           	ldb	rh0,@rr2
     6e4:	2020           	ldb	rh0,@rr2
     6e6:	2020           	ldb	rh0,@rr2
     6e8:	2020           	ldb	rh0,@rr2
     6ea:	2020           	ldb	rh0,@rr2
     6ec:	2020           	ldb	rh0,@rr2
     6ee:	2020           	ldb	rh0,@rr2
     6f0:	2020           	ldb	rh0,@rr2
     6f2:	2020           	ldb	rh0,@rr2
     6f4:	2020           	ldb	rh0,@rr2
     6f6:	2020           	ldb	rh0,@rr2
     6f8:	2020           	ldb	rh0,@rr2
     6fa:	2020           	ldb	rh0,@rr2
     6fc:	2020           	ldb	rh0,@rr2
     6fe:	2020           	ldb	rh0,@rr2
     700:	2020           	ldb	rh0,@rr2
     702:	4c43           	.word 4c43
     704:	4320 4449      	sub	r0,0x44000049(r2)
     708:	4147 4e4f      	add	r7,0x4e00004f(r4)
     70c:	5345 2020      	push	@rr4,0x20000020(r5)
     710:	2020           	ldb	rh0,@rr2
     712:	2020           	ldb	rh0,@rr2
     714:	2020           	ldb	rh0,@rr2
     716:	2020           	ldb	rh0,@rr2
     718:	2020           	ldb	rh0,@rr2
     71a:	2020           	ldb	rh0,@rr2
     71c:	2020           	ldb	rh0,@rr2
     71e:	2020           	ldb	rh0,@rr2
     720:	2020           	ldb	rh0,@rr2
     722:	2020           	ldb	rh0,@rr2
     724:	2020           	ldb	rh0,@rr2
     726:	2020           	ldb	rh0,@rr2
     728:	2020           	ldb	rh0,@rr2
     72a:	4941 5f53      	xor	r1,0x5f000053(r4)
     72e:	4554 5550      	or	r4,0x55000050(r5)
     732:	2043           	ldb	rh3,@rr4
     734:	4f4d           	.word 4f4d
     736:	4d41 4e44 204e 	cp	0x4e000044(r4),#0x204e
     73c:	4f54           	.word 4f54
     73e:	2045           	ldb	rh5,@rr4
     740:	5845 4355      	multl	rq5,0x43000055(r4)
     744:	5445 4420      	ldl	rr5,0x44000020(r4)
     748:	2020           	ldb	rh0,@rr2
     74a:	2020           	ldb	rh0,@rr2
     74c:	2020           	ldb	rh0,@rr2
     74e:	2020           	ldb	rh0,@rr2
     750:	2020           	ldb	rh0,@rr2
     752:	4941 5f53      	xor	r1,0x5f000053(r4)
     756:	4554 5550      	or	r4,0x55000050(r5)
     75a:	2043           	ldb	rh3,@rr4
     75c:	4f4d           	.word 4f4d
     75e:	4d41 4e44 204e 	cp	0x4e000044(r4),#0x204e
     764:	4f54           	.word 4f54
     766:	2041           	ldb	rh1,@rr4
     768:	4343 4550      	sub	r3,0x45000050(r4)
     76c:	5445 4420      	ldl	rr5,0x44000020(r4)
     770:	2020           	ldb	rh0,@rr2
     772:	2020           	ldb	rh0,@rr2
     774:	2020           	ldb	rh0,@rr2
     776:	2020           	ldb	rh0,@rr2
     778:	2020           	ldb	rh0,@rr2
     77a:	494e 4449      	xor	r14,0x44000049(r4)
     77e:	5649 4455      	addl	rr9,0x44000055(r4)
     782:	414c 2041      	add	r12,0x20000041(r4)
     786:	4444 5245      	orb	rh4,0x52000045(r4)
     78a:	5353 2053      	push	@rr5,0x20000053(r3)
     78e:	4554 2d55      	or	r4,0x2d000055(r5)
     792:	5020 2020      	cpl	rr0,0x20000020(r2)
     796:	2020           	ldb	rh0,@rr2
     798:	2020           	ldb	rh0,@rr2
     79a:	2020           	ldb	rh0,@rr2
     79c:	2020           	ldb	rh0,@rr2
     79e:	2020           	ldb	rh0,@rr2
     7a0:	2020           	ldb	rh0,@rr2
     7a2:	4c43           	.word 4c43
     7a4:	4320 434f      	sub	r0,0x4300004f(r2)
     7a8:	4e46           	.word 4e46
     7aa:	4947 5552      	xor	r7,0x55000052(r4)
     7ae:	4154 494f      	add	r4,0x4900004f(r5)
     7b2:	4e20           	.word 4e20
     7b4:	2020           	ldb	rh0,@rr2
     7b6:	2020           	ldb	rh0,@rr2
     7b8:	2020           	ldb	rh0,@rr2
     7ba:	2020           	ldb	rh0,@rr2
     7bc:	2020           	ldb	rh0,@rr2
     7be:	2020           	ldb	rh0,@rr2
     7c0:	2020           	ldb	rh0,@rr2
     7c2:	2020           	ldb	rh0,@rr2
     7c4:	2020           	ldb	rh0,@rr2
     7c6:	2020           	ldb	rh0,@rr2
     7c8:	2020           	ldb	rh0,@rr2
     7ca:	4c43           	.word 4c43
     7cc:	4320 5245      	sub	r0,0x52000045(r2)
     7d0:	5345 5420      	push	@rr4,0x54000020(r5)
     7d4:	4e4f           	.word 4e4f
     7d6:	5420 4143      	ldl	rr0,0x41000043(r2)
     7da:	4345 5054      	sub	r5,0x50000054(r4)
     7de:	4544 2020      	or	r4,0x20000020(r4)
     7e2:	2020           	ldb	rh0,@rr2
     7e4:	2020           	ldb	rh0,@rr2
     7e6:	2020           	ldb	rh0,@rr2
     7e8:	2020           	ldb	rh0,@rr2
     7ea:	2020           	ldb	rh0,@rr2
     7ec:	2020           	ldb	rh0,@rr2
     7ee:	2020           	ldb	rh0,@rr2
     7f0:	2020           	ldb	rh0,@rr2
     7f2:	4c43           	.word 4c43
     7f4:	4320 534f      	sub	r0,0x5300004f(r2)
     7f8:	4654 5741      	andb	rh4,0x57000041(r5)
     7fc:	5245 2052      	subl	rr5,0x20000052(r4)
     800:	4553 4554      	or	r3,0x45000054(r5)
     804:	2020           	ldb	rh0,@rr2
     806:	2020           	ldb	rh0,@rr2
     808:	2020           	ldb	rh0,@rr2
     80a:	2020           	ldb	rh0,@rr2
     80c:	2020           	ldb	rh0,@rr2
     80e:	2020           	ldb	rh0,@rr2
     810:	2020           	ldb	rh0,@rr2
     812:	2020           	ldb	rh0,@rr2
     814:	2020           	ldb	rh0,@rr2
     816:	2020           	ldb	rh0,@rr2
     818:	2020           	ldb	rh0,@rr2
     81a:	554e 4b4e      	popl	0x4b00004e(r14),@rr4
     81e:	4f57           	.word 4f57
     820:	4e20           	.word 4e20
     822:	4552 524f      	or	r2,0x5200004f(r5)
     826:	5220 434f      	subl	rr0,0x4300004f(r2)
     82a:	4445 2020      	orb	rh5,0x20000020(r4)
     82e:	2020           	ldb	rh0,@rr2
     830:	2020           	ldb	rh0,@rr2
     832:	2020           	ldb	rh0,@rr2
     834:	2020           	ldb	rh0,@rr2
     836:	2020           	ldb	rh0,@rr2
     838:	2020           	ldb	rh0,@rr2
     83a:	2020           	ldb	rh0,@rr2
     83c:	2020           	ldb	rh0,@rr2
     83e:	2020           	ldb	rh0,@rr2
     840:	2020           	ldb	rh0,@rr2
     842:	4455 414c      	orb	rh5,0x4100004c(r5)
     846:	2050           	ldb	rh0,@rr5
     848:	4f52           	.word 4f52
     84a:	5420 4d45      	ldl	rr0,0x4d000045(r2)
     84e:	4d4f           	.word 4d4f
     850:	5259 2055      	subl	rr9,0x20000055(r5)
     854:	4e41           	.word 4e41
     856:	5641 494c      	addl	rr1,0x4900004c(r4)
     85a:	4142 4c45      	add	r2,0x4c000045(r4)
     85e:	2020           	ldb	rh0,@rr2
     860:	2020           	ldb	rh0,@rr2
     862:	2020           	ldb	rh0,@rr2
     864:	2020           	ldb	rh0,@rr2
     866:	2020           	ldb	rh0,@rr2
     868:	2020           	ldb	rh0,@rr2
     86a:	494e 4954      	xor	r14,0x49000054(r4)
     86e:	2046           	ldb	rh6,@rr4
     870:	4149 4c55      	add	r9,0x4c000055(r4)
     874:	5245 2e20      	subl	rr5,0x2e000020(r4)
     878:	554e 4156      	popl	0x41000056(r14),@rr4
     87c:	4149 4c41      	add	r9,0x4c000041(r4)
     880:	424c 4520      	subb	rl4,0x45000020(r4)
     884:	4d45 4d4f 5259 	ld	0x4d00004f(r4),#0x5259
     88a:	2020           	ldb	rh0,@rr2
     88c:	2020           	ldb	rh0,@rr2
     88e:	2020           	ldb	rh0,@rr2
     890:	2020           	ldb	rh0,@rr2
     892:	4c43           	.word 4c43
     894:	4320 494e      	sub	r0,0x4900004e(r2)
     898:	4954 4941      	xor	r4,0x49000041(r5)
     89c:	4c49           	.word 4c49
     89e:	5a41 5449      	divl	rq1,0x54000049(r4)
     8a2:	4f4e           	.word 4f4e
     8a4:	2020           	ldb	rh0,@rr2
     8a6:	2020           	ldb	rh0,@rr2
     8a8:	2020           	ldb	rh0,@rr2
     8aa:	2020           	ldb	rh0,@rr2
     8ac:	2020           	ldb	rh0,@rr2
     8ae:	2020           	ldb	rh0,@rr2
     8b0:	2020           	ldb	rh0,@rr2
     8b2:	2020           	ldb	rh0,@rr2
     8b4:	2020           	ldb	rh0,@rr2
     8b6:	2020           	ldb	rh0,@rr2
     8b8:	2020           	ldb	rh0,@rr2
     8ba:	434f 4e54      	sub	r15,0x4e000054(r4)
     8be:	524f 4c4c      	subl	rr15,0x4c00004c(r4)
     8c2:	4552 2042      	or	r2,0x20000042(r5)
     8c6:	4f41           	.word 4f41
     8c8:	5244 2052      	subl	rr4,0x20000052(r4)
     8cc:	4553 4554      	or	r3,0x45000054(r5)
     8d0:	2020           	ldb	rh0,@rr2
     8d2:	2020           	ldb	rh0,@rr2
     8d4:	2020           	ldb	rh0,@rr2
     8d6:	2020           	ldb	rh0,@rr2
     8d8:	2020           	ldb	rh0,@rr2
     8da:	2020           	ldb	rh0,@rr2
     8dc:	2020           	ldb	rh0,@rr2
     8de:	2020           	ldb	rh0,@rr2
     8e0:	2020           	ldb	rh0,@rr2
     8e2:	0544           	or	r4,@rr4
     8e4:	0546           	or	r6,@rr4
     8e6:	055a           	or	r10,@rr5
     8e8:	056e           	or	r14,@rr6
     8ea:	05e2           	or	r2,@rr14
     8ec:	05e4           	or	r4,@rr14
     8ee:	05fa           	or	r10,@rr15
     8f0:	0610           	andb	rh0,@rr1
     8f2:	0626           	andb	rh6,@rr2
     8f4:	063c           	andb	rl4,@rr3
     8f6:	4855 4220      	xorb	rh5,0x42000020(r5)
     8fa:	5445 5354      	ldl	rr5,0x53000054(r4)
     8fe:	2046           	ldb	rh6,@rr4
     900:	4149 4c55      	add	r9,0x4c000055(r4)
     904:	5245 2020      	subl	rr5,0x20000020(r4)
     908:	2020           	ldb	rh0,@rr2
     90a:	2020           	ldb	rh0,@rr2
     90c:	2020           	ldb	rh0,@rr2
     90e:	2020           	ldb	rh0,@rr2
     910:	2020           	ldb	rh0,@rr2
     912:	2020           	ldb	rh0,@rr2
     914:	2020           	ldb	rh0,@rr2
     916:	2020           	ldb	rh0,@rr2
     918:	2020           	ldb	rh0,@rr2
     91a:	2020           	ldb	rh0,@rr2
     91c:	2020           	ldb	rh0,@rr2
     91e:	4543 4345      	or	r3,0x43000045(r4)
     922:	5353 4956      	push	@rr5,0x49000056(r3)
     926:	4520 434f      	or	r0,0x4300004f(r2)
     92a:	4c4c           	.word 4c4c
     92c:	4953 494f      	xor	r3,0x4900004f(r5)
     930:	4e20           	.word 4e20
     932:	5452 414e      	ldl	rr2,0x4100004e(r5)
     936:	534d 4953      	push	@rr4,0x49000053(r13)
     93a:	5349 4f4e      	push	@rr4,0x4f00004e(r9)
     93e:	2046           	ldb	rh6,@rr4
     940:	4149 4c55      	add	r9,0x4c000055(r4)
     944:	5245 4841      	subl	rr5,0x48000041(r4)
     948:	5244 5741      	subl	rr4,0x57000041(r4)
     94c:	5245 2045      	subl	rr5,0x20000045(r4)
     950:	5252 4f52      	subl	rr2,0x4f000052(r5)
     954:	2020           	ldb	rh0,@rr2
     956:	2020           	ldb	rh0,@rr2
     958:	2020           	ldb	rh0,@rr2
     95a:	2020           	ldb	rh0,@rr2
     95c:	2020           	ldb	rh0,@rr2
     95e:	2020           	ldb	rh0,@rr2
     960:	2020           	ldb	rh0,@rr2
     962:	2020           	ldb	rh0,@rr2
     964:	2020           	ldb	rh0,@rr2
     966:	2020           	ldb	rh0,@rr2
     968:	2020           	ldb	rh0,@rr2
     96a:	2020           	ldb	rh0,@rr2
     96c:	2020           	ldb	rh0,@rr2
     96e:	4e4f           	.word 4e4f
     970:	2043           	ldb	rh3,@rr4
     972:	4152 5249      	add	r2,0x52000049(r5)
     976:	4552 2053      	or	r2,0x20000053(r5)
     97a:	454e 5345      	or	r14,0x53000045(r4)
     97e:	2053           	ldb	rh3,@rr5
     980:	4947 4e41      	xor	r7,0x4e000041(r4)
     984:	4c20 4455      	comb	0x44000055(r2)
     988:	5249 4e47      	subl	rr9,0x4e000047(r4)
     98c:	2054           	ldb	rh4,@rr5
     98e:	5241 4e53      	subl	rr1,0x4e000053(r4)
     992:	4d2e           	.word 4d2e
     994:	2020           	ldb	rh0,@rr2
     996:	4841 5244      	xorb	rh1,0x52000044(r4)
     99a:	5741 5245      	pop	0x52000045(r1),@rr4
     99e:	2045           	ldb	rh5,@rr4
     9a0:	5252 4f52      	subl	rr2,0x4f000052(r5)
     9a4:	2020           	ldb	rh0,@rr2
     9a6:	2020           	ldb	rh0,@rr2
     9a8:	2020           	ldb	rh0,@rr2
     9aa:	2020           	ldb	rh0,@rr2
     9ac:	2020           	ldb	rh0,@rr2
     9ae:	2020           	ldb	rh0,@rr2
     9b0:	2020           	ldb	rh0,@rr2
     9b2:	2020           	ldb	rh0,@rr2
     9b4:	2020           	ldb	rh0,@rr2
     9b6:	2020           	ldb	rh0,@rr2
     9b8:	2020           	ldb	rh0,@rr2
     9ba:	2020           	ldb	rh0,@rr2
     9bc:	2020           	ldb	rh0,@rr2
     9be:	4841 5244      	xorb	rh1,0x52000044(r4)
     9c2:	5741 5245      	pop	0x52000045(r1),@rr4
     9c6:	2045           	ldb	rh5,@rr4
     9c8:	5252 4f52      	subl	rr2,0x4f000052(r5)
     9cc:	2020           	ldb	rh0,@rr2
     9ce:	2020           	ldb	rh0,@rr2
     9d0:	2020           	ldb	rh0,@rr2
     9d2:	2020           	ldb	rh0,@rr2
     9d4:	2020           	ldb	rh0,@rr2
     9d6:	2020           	ldb	rh0,@rr2
     9d8:	2020           	ldb	rh0,@rr2
     9da:	2020           	ldb	rh0,@rr2
     9dc:	2020           	ldb	rh0,@rr2
     9de:	2020           	ldb	rh0,@rr2
     9e0:	2020           	ldb	rh0,@rr2
     9e2:	2020           	ldb	rh0,@rr2
     9e4:	2020           	ldb	rh0,@rr2
     9e6:	5041 434b      	cpl	rr1,0x4300004b(r4)
     9ea:	4554 2054      	or	r4,0x20000054(r5)
     9ee:	4f4f           	.word 4f4f
     9f0:	2053           	ldb	rh3,@rr5
     9f2:	484f 5254      	xorb	rl7,0x52000054(r4)
     9f6:	2020           	ldb	rh0,@rr2
     9f8:	2020           	ldb	rh0,@rr2
     9fa:	2020           	ldb	rh0,@rr2
     9fc:	2020           	ldb	rh0,@rr2
     9fe:	2020           	ldb	rh0,@rr2
     a00:	2020           	ldb	rh0,@rr2
     a02:	2020           	ldb	rh0,@rr2
     a04:	2020           	ldb	rh0,@rr2
     a06:	2020           	ldb	rh0,@rr2
     a08:	2020           	ldb	rh0,@rr2
     a0a:	2020           	ldb	rh0,@rr2
     a0c:	2020           	ldb	rh0,@rr2
     a0e:	5041 434b      	cpl	rr1,0x4300004b(r4)
     a12:	4554 2054      	or	r4,0x20000054(r5)
     a16:	4f4f           	.word 4f4f
     a18:	204c           	ldb	rl4,@rr4
     a1a:	4f4e           	.word 4f4e
     a1c:	4720 2020      	and	r0,0x20000020(r2)
     a20:	2020           	ldb	rh0,@rr2
     a22:	2020           	ldb	rh0,@rr2
     a24:	2020           	ldb	rh0,@rr2
     a26:	2020           	ldb	rh0,@rr2
     a28:	2020           	ldb	rh0,@rr2
     a2a:	2020           	ldb	rh0,@rr2
     a2c:	2020           	ldb	rh0,@rr2
     a2e:	2020           	ldb	rh0,@rr2
     a30:	2020           	ldb	rh0,@rr2
     a32:	2020           	ldb	rh0,@rr2
     a34:	2020           	ldb	rh0,@rr2
     a36:	0742           	and	r2,@rr4
     a38:	0744           	and	r4,@rr4
     a3a:	0758           	and	r8,@rr5
     a3c:	076c           	and	r12,@rr6
     a3e:	07e0           	and	r0,@rr14
     a40:	07e2           	and	r2,@rr14
     a42:	07f8           	and	r8,@rr15
     a44:	080e 0824      	xorb	rl6,#0x24
     a48:	083a           	xorb	rl2,@rr3
     a4a:	4855 4220      	xorb	rh5,0x42000020(r5)
     a4e:	5445 5354      	ldl	rr5,0x53000054(r4)
     a52:	2046           	ldb	rh6,@rr4
     a54:	4149 4c55      	add	r9,0x4c000055(r4)
     a58:	5245 2020      	subl	rr5,0x20000020(r4)
     a5c:	2020           	ldb	rh0,@rr2
     a5e:	2020           	ldb	rh0,@rr2
     a60:	2020           	ldb	rh0,@rr2
     a62:	2020           	ldb	rh0,@rr2
     a64:	2020           	ldb	rh0,@rr2
     a66:	2020           	ldb	rh0,@rr2
     a68:	2020           	ldb	rh0,@rr2
     a6a:	2020           	ldb	rh0,@rr2
     a6c:	2020           	ldb	rh0,@rr2
     a6e:	2020           	ldb	rh0,@rr2
     a70:	2020           	ldb	rh0,@rr2
     a72:	4543 4345      	or	r3,0x43000045(r4)
     a76:	5353 4956      	push	@rr5,0x49000056(r3)
     a7a:	4520 434f      	or	r0,0x4300004f(r2)
     a7e:	4c4c           	.word 4c4c
     a80:	4953 494f      	xor	r3,0x4900004f(r5)
     a84:	4e20           	.word 4e20
     a86:	5452 414e      	ldl	rr2,0x4100004e(r5)
     a8a:	534d 4953      	push	@rr4,0x49000053(r13)
     a8e:	5349 4f4e      	push	@rr4,0x4f00004e(r9)
     a92:	2046           	ldb	rh6,@rr4
     a94:	4149 4c55      	add	r9,0x4c000055(r4)
     a98:	5245 4841      	subl	rr5,0x48000041(r4)
     a9c:	5244 5741      	subl	rr4,0x57000041(r4)
     aa0:	5245 2045      	subl	rr5,0x20000045(r4)
     aa4:	5252 4f52      	subl	rr2,0x4f000052(r5)
     aa8:	2020           	ldb	rh0,@rr2
     aaa:	2020           	ldb	rh0,@rr2
     aac:	2020           	ldb	rh0,@rr2
     aae:	2020           	ldb	rh0,@rr2
     ab0:	2020           	ldb	rh0,@rr2
     ab2:	2020           	ldb	rh0,@rr2
     ab4:	2020           	ldb	rh0,@rr2
     ab6:	2020           	ldb	rh0,@rr2
     ab8:	2020           	ldb	rh0,@rr2
     aba:	2020           	ldb	rh0,@rr2
     abc:	2020           	ldb	rh0,@rr2
     abe:	2020           	ldb	rh0,@rr2
     ac0:	2020           	ldb	rh0,@rr2
     ac2:	4e4f           	.word 4e4f
     ac4:	2043           	ldb	rh3,@rr4
     ac6:	4152 5249      	add	r2,0x52000049(r5)
     aca:	4552 2053      	or	r2,0x20000053(r5)
     ace:	454e 5345      	or	r14,0x53000045(r4)
     ad2:	2053           	ldb	rh3,@rr5
     ad4:	4947 4e41      	xor	r7,0x4e000041(r4)
     ad8:	4c20 4455      	comb	0x44000055(r2)
     adc:	5249 4e47      	subl	rr9,0x4e000047(r4)
     ae0:	2054           	ldb	rh4,@rr5
     ae2:	5241 4e53      	subl	rr1,0x4e000053(r4)
     ae6:	4d2e           	.word 4d2e
     ae8:	2020           	ldb	rh0,@rr2
     aea:	4841 5244      	xorb	rh1,0x52000044(r4)
     aee:	5741 5245      	pop	0x52000045(r1),@rr4
     af2:	2045           	ldb	rh5,@rr4
     af4:	5252 4f52      	subl	rr2,0x4f000052(r5)
     af8:	2020           	ldb	rh0,@rr2
     afa:	2020           	ldb	rh0,@rr2
     afc:	2020           	ldb	rh0,@rr2
     afe:	2020           	ldb	rh0,@rr2
     b00:	2020           	ldb	rh0,@rr2
     b02:	2020           	ldb	rh0,@rr2
     b04:	2020           	ldb	rh0,@rr2
     b06:	2020           	ldb	rh0,@rr2
     b08:	2020           	ldb	rh0,@rr2
     b0a:	2020           	ldb	rh0,@rr2
     b0c:	2020           	ldb	rh0,@rr2
     b0e:	2020           	ldb	rh0,@rr2
     b10:	2020           	ldb	rh0,@rr2
     b12:	4841 5244      	xorb	rh1,0x52000044(r4)
     b16:	5741 5245      	pop	0x52000045(r1),@rr4
     b1a:	2045           	ldb	rh5,@rr4
     b1c:	5252 4f52      	subl	rr2,0x4f000052(r5)
     b20:	2020           	ldb	rh0,@rr2
     b22:	2020           	ldb	rh0,@rr2
     b24:	2020           	ldb	rh0,@rr2
     b26:	2020           	ldb	rh0,@rr2
     b28:	2020           	ldb	rh0,@rr2
     b2a:	2020           	ldb	rh0,@rr2
     b2c:	2020           	ldb	rh0,@rr2
     b2e:	2020           	ldb	rh0,@rr2
     b30:	2020           	ldb	rh0,@rr2
     b32:	2020           	ldb	rh0,@rr2
     b34:	2020           	ldb	rh0,@rr2
     b36:	2020           	ldb	rh0,@rr2
     b38:	2020           	ldb	rh0,@rr2
     b3a:	5041 434b      	cpl	rr1,0x4300004b(r4)
     b3e:	4554 2054      	or	r4,0x20000054(r5)
     b42:	4f4f           	.word 4f4f
     b44:	2053           	ldb	rh3,@rr5
     b46:	484f 5254      	xorb	rl7,0x52000054(r4)
     b4a:	2020           	ldb	rh0,@rr2
     b4c:	2020           	ldb	rh0,@rr2
     b4e:	2020           	ldb	rh0,@rr2
     b50:	2020           	ldb	rh0,@rr2
     b52:	2020           	ldb	rh0,@rr2
     b54:	2020           	ldb	rh0,@rr2
     b56:	2020           	ldb	rh0,@rr2
     b58:	2020           	ldb	rh0,@rr2
     b5a:	2020           	ldb	rh0,@rr2
     b5c:	2020           	ldb	rh0,@rr2
     b5e:	2020           	ldb	rh0,@rr2
     b60:	2020           	ldb	rh0,@rr2
     b62:	5041 434b      	cpl	rr1,0x4300004b(r4)
     b66:	4554 2054      	or	r4,0x20000054(r5)
     b6a:	4f4f           	.word 4f4f
     b6c:	204c           	ldb	rl4,@rr4
     b6e:	4f4e           	.word 4f4e
     b70:	4720 2020      	and	r0,0x20000020(r2)
     b74:	2020           	ldb	rh0,@rr2
     b76:	2020           	ldb	rh0,@rr2
     b78:	2020           	ldb	rh0,@rr2
     b7a:	2020           	ldb	rh0,@rr2
     b7c:	2020           	ldb	rh0,@rr2
     b7e:	2020           	ldb	rh0,@rr2
     b80:	2020           	ldb	rh0,@rr2
     b82:	2020           	ldb	rh0,@rr2
     b84:	2020           	ldb	rh0,@rr2
     b86:	2020           	ldb	rh0,@rr2
     b88:	2020           	ldb	rh0,@rr2
     b8a:	093e           	xor	r14,@rr3
     b8c:	0940           	xor	r0,@rr4
     b8e:	0954           	xor	r4,@rr5
     b90:	0968           	xor	r8,@rr6
     b92:	09e6           	xor	r6,@rr14
     b94:	09e8           	xor	r8,@rr14
     b96:	09fe           	xor	r14,@rr15
     b98:	0a14           	cpb	rh4,@rr1
     b9a:	0a2a           	cpb	rl2,@rr2
     b9c:	0a40           	cpb	rh0,@rr4
     b9e:	4855 4220      	xorb	rh5,0x42000020(r5)
     ba2:	5445 5354      	ldl	rr5,0x53000054(r4)
     ba6:	2046           	ldb	rh6,@rr4
     ba8:	4149 4c55      	add	r9,0x4c000055(r4)
     bac:	5245 2020      	subl	rr5,0x20000020(r4)
     bb0:	2020           	ldb	rh0,@rr2
     bb2:	2020           	ldb	rh0,@rr2
     bb4:	2020           	ldb	rh0,@rr2
     bb6:	2020           	ldb	rh0,@rr2
     bb8:	2020           	ldb	rh0,@rr2
     bba:	2020           	ldb	rh0,@rr2
     bbc:	2020           	ldb	rh0,@rr2
     bbe:	2020           	ldb	rh0,@rr2
     bc0:	2020           	ldb	rh0,@rr2
     bc2:	2020           	ldb	rh0,@rr2
     bc4:	2020           	ldb	rh0,@rr2
     bc6:	4543 4345      	or	r3,0x43000045(r4)
     bca:	5353 4956      	push	@rr5,0x49000056(r3)
     bce:	4520 434f      	or	r0,0x4300004f(r2)
     bd2:	4c4c           	.word 4c4c
     bd4:	4953 494f      	xor	r3,0x4900004f(r5)
     bd8:	4e20           	.word 4e20
     bda:	5452 414e      	ldl	rr2,0x4100004e(r5)
     bde:	534d 4953      	push	@rr4,0x49000053(r13)
     be2:	5349 4f4e      	push	@rr4,0x4f00004e(r9)
     be6:	2046           	ldb	rh6,@rr4
     be8:	4149 4c55      	add	r9,0x4c000055(r4)
     bec:	5245 4841      	subl	rr5,0x48000041(r4)
     bf0:	5244 5741      	subl	rr4,0x57000041(r4)
     bf4:	5245 2045      	subl	rr5,0x20000045(r4)
     bf8:	5252 4f52      	subl	rr2,0x4f000052(r5)
     bfc:	2020           	ldb	rh0,@rr2
     bfe:	2020           	ldb	rh0,@rr2
     c00:	2020           	ldb	rh0,@rr2
     c02:	2020           	ldb	rh0,@rr2
     c04:	2020           	ldb	rh0,@rr2
     c06:	2020           	ldb	rh0,@rr2
     c08:	2020           	ldb	rh0,@rr2
     c0a:	2020           	ldb	rh0,@rr2
     c0c:	2020           	ldb	rh0,@rr2
     c0e:	2020           	ldb	rh0,@rr2
     c10:	2020           	ldb	rh0,@rr2
     c12:	2020           	ldb	rh0,@rr2
     c14:	2020           	ldb	rh0,@rr2
     c16:	4e4f           	.word 4e4f
     c18:	2043           	ldb	rh3,@rr4
     c1a:	4152 5249      	add	r2,0x52000049(r5)
     c1e:	4552 2053      	or	r2,0x20000053(r5)
     c22:	454e 5345      	or	r14,0x53000045(r4)
     c26:	2053           	ldb	rh3,@rr5
     c28:	4947 4e41      	xor	r7,0x4e000041(r4)
     c2c:	4c20 4455      	comb	0x44000055(r2)
     c30:	5249 4e47      	subl	rr9,0x4e000047(r4)
     c34:	2054           	ldb	rh4,@rr5
     c36:	5241 4e53      	subl	rr1,0x4e000053(r4)
     c3a:	4d2e           	.word 4d2e
     c3c:	2020           	ldb	rh0,@rr2
     c3e:	4841 5244      	xorb	rh1,0x52000044(r4)
     c42:	5741 5245      	pop	0x52000045(r1),@rr4
     c46:	2045           	ldb	rh5,@rr4
     c48:	5252 4f52      	subl	rr2,0x4f000052(r5)
     c4c:	2020           	ldb	rh0,@rr2
     c4e:	2020           	ldb	rh0,@rr2
     c50:	2020           	ldb	rh0,@rr2
     c52:	2020           	ldb	rh0,@rr2
     c54:	2020           	ldb	rh0,@rr2
     c56:	2020           	ldb	rh0,@rr2
     c58:	2020           	ldb	rh0,@rr2
     c5a:	2020           	ldb	rh0,@rr2
     c5c:	2020           	ldb	rh0,@rr2
     c5e:	2020           	ldb	rh0,@rr2
     c60:	2020           	ldb	rh0,@rr2
     c62:	2020           	ldb	rh0,@rr2
     c64:	2020           	ldb	rh0,@rr2
     c66:	4841 5244      	xorb	rh1,0x52000044(r4)
     c6a:	5741 5245      	pop	0x52000045(r1),@rr4
     c6e:	2045           	ldb	rh5,@rr4
     c70:	5252 4f52      	subl	rr2,0x4f000052(r5)
     c74:	2020           	ldb	rh0,@rr2
     c76:	2020           	ldb	rh0,@rr2
     c78:	2020           	ldb	rh0,@rr2
     c7a:	2020           	ldb	rh0,@rr2
     c7c:	2020           	ldb	rh0,@rr2
     c7e:	2020           	ldb	rh0,@rr2
     c80:	2020           	ldb	rh0,@rr2
     c82:	2020           	ldb	rh0,@rr2
     c84:	2020           	ldb	rh0,@rr2
     c86:	2020           	ldb	rh0,@rr2
     c88:	2020           	ldb	rh0,@rr2
     c8a:	2020           	ldb	rh0,@rr2
     c8c:	2020           	ldb	rh0,@rr2
     c8e:	5041 434b      	cpl	rr1,0x4300004b(r4)
     c92:	4554 2054      	or	r4,0x20000054(r5)
     c96:	4f4f           	.word 4f4f
     c98:	2053           	ldb	rh3,@rr5
     c9a:	484f 5254      	xorb	rl7,0x52000054(r4)
     c9e:	2020           	ldb	rh0,@rr2
     ca0:	2020           	ldb	rh0,@rr2
     ca2:	2020           	ldb	rh0,@rr2
     ca4:	2020           	ldb	rh0,@rr2
     ca6:	2020           	ldb	rh0,@rr2
     ca8:	2020           	ldb	rh0,@rr2
     caa:	2020           	ldb	rh0,@rr2
     cac:	2020           	ldb	rh0,@rr2
     cae:	2020           	ldb	rh0,@rr2
     cb0:	2020           	ldb	rh0,@rr2
     cb2:	2020           	ldb	rh0,@rr2
     cb4:	2020           	ldb	rh0,@rr2
     cb6:	5041 434b      	cpl	rr1,0x4300004b(r4)
     cba:	4554 2054      	or	r4,0x20000054(r5)
     cbe:	4f4f           	.word 4f4f
     cc0:	204c           	ldb	rl4,@rr4
     cc2:	4f4e           	.word 4f4e
     cc4:	4720 2020      	and	r0,0x20000020(r2)
     cc8:	2020           	ldb	rh0,@rr2
     cca:	2020           	ldb	rh0,@rr2
     ccc:	2020           	ldb	rh0,@rr2
     cce:	2020           	ldb	rh0,@rr2
     cd0:	2020           	ldb	rh0,@rr2
     cd2:	2020           	ldb	rh0,@rr2
     cd4:	2020           	ldb	rh0,@rr2
     cd6:	2020           	ldb	rh0,@rr2
     cd8:	2020           	ldb	rh0,@rr2
     cda:	2020           	ldb	rh0,@rr2
     cdc:	2020           	ldb	rh0,@rr2
     cde:	0b32           	cp	r2,@rr3
     ce0:	0b34           	cp	r4,@rr3
     ce2:	0b48           	cp	r8,@rr4
     ce4:	0b5c           	cp	r12,@rr5
     ce6:	0bda           	cp	r10,@rr13
     ce8:	0bdc           	cp	r12,@rr13
     cea:	0bf2           	cp	r2,@rr15
     cec:	0c08           	.word 0c08
     cee:	0c1e           	.word 0c1e
     cf0:	0c34           	testb	@rr3
     cf2:	4855 4220      	xorb	rh5,0x42000020(r5)
     cf6:	5445 5354      	ldl	rr5,0x53000054(r4)
     cfa:	2046           	ldb	rh6,@rr4
     cfc:	4149 4c55      	add	r9,0x4c000055(r4)
     d00:	5245 2020      	subl	rr5,0x20000020(r4)
     d04:	2020           	ldb	rh0,@rr2
     d06:	2020           	ldb	rh0,@rr2
     d08:	2020           	ldb	rh0,@rr2
     d0a:	2020           	ldb	rh0,@rr2
     d0c:	2020           	ldb	rh0,@rr2
     d0e:	2020           	ldb	rh0,@rr2
     d10:	2020           	ldb	rh0,@rr2
     d12:	2020           	ldb	rh0,@rr2
     d14:	2020           	ldb	rh0,@rr2
     d16:	2020           	ldb	rh0,@rr2
     d18:	2020           	ldb	rh0,@rr2
     d1a:	4543 4345      	or	r3,0x43000045(r4)
     d1e:	5353 4956      	push	@rr5,0x49000056(r3)
     d22:	4520 434f      	or	r0,0x4300004f(r2)
     d26:	4c4c           	.word 4c4c
     d28:	4953 494f      	xor	r3,0x4900004f(r5)
     d2c:	4e20           	.word 4e20
     d2e:	5452 414e      	ldl	rr2,0x4100004e(r5)
     d32:	534d 4953      	push	@rr4,0x49000053(r13)
     d36:	5349 4f4e      	push	@rr4,0x4f00004e(r9)
     d3a:	2046           	ldb	rh6,@rr4
     d3c:	4149 4c55      	add	r9,0x4c000055(r4)
     d40:	5245 4841      	subl	rr5,0x48000041(r4)
     d44:	5244 5741      	subl	rr4,0x57000041(r4)
     d48:	5245 2045      	subl	rr5,0x20000045(r4)
     d4c:	5252 4f52      	subl	rr2,0x4f000052(r5)
     d50:	2020           	ldb	rh0,@rr2
     d52:	2020           	ldb	rh0,@rr2
     d54:	2020           	ldb	rh0,@rr2
     d56:	2020           	ldb	rh0,@rr2
     d58:	2020           	ldb	rh0,@rr2
     d5a:	2020           	ldb	rh0,@rr2
     d5c:	2020           	ldb	rh0,@rr2
     d5e:	2020           	ldb	rh0,@rr2
     d60:	2020           	ldb	rh0,@rr2
     d62:	2020           	ldb	rh0,@rr2
     d64:	2020           	ldb	rh0,@rr2
     d66:	2020           	ldb	rh0,@rr2
     d68:	2020           	ldb	rh0,@rr2
     d6a:	4e4f           	.word 4e4f
     d6c:	2043           	ldb	rh3,@rr4
     d6e:	4152 5249      	add	r2,0x52000049(r5)
     d72:	4552 2053      	or	r2,0x20000053(r5)
     d76:	454e 5345      	or	r14,0x53000045(r4)
     d7a:	2053           	ldb	rh3,@rr5
     d7c:	4947 4e41      	xor	r7,0x4e000041(r4)
     d80:	4c20 4455      	comb	0x44000055(r2)
     d84:	5249 4e47      	subl	rr9,0x4e000047(r4)
     d88:	2054           	ldb	rh4,@rr5
     d8a:	5241 4e53      	subl	rr1,0x4e000053(r4)
     d8e:	4d2e           	.word 4d2e
     d90:	2020           	ldb	rh0,@rr2
     d92:	4841 5244      	xorb	rh1,0x52000044(r4)
     d96:	5741 5245      	pop	0x52000045(r1),@rr4
     d9a:	2045           	ldb	rh5,@rr4
     d9c:	5252 4f52      	subl	rr2,0x4f000052(r5)
     da0:	2020           	ldb	rh0,@rr2
     da2:	2020           	ldb	rh0,@rr2
     da4:	2020           	ldb	rh0,@rr2
     da6:	2020           	ldb	rh0,@rr2
     da8:	2020           	ldb	rh0,@rr2
     daa:	2020           	ldb	rh0,@rr2
     dac:	2020           	ldb	rh0,@rr2
     dae:	2020           	ldb	rh0,@rr2
     db0:	2020           	ldb	rh0,@rr2
     db2:	2020           	ldb	rh0,@rr2
     db4:	2020           	ldb	rh0,@rr2
     db6:	2020           	ldb	rh0,@rr2
     db8:	2020           	ldb	rh0,@rr2
     dba:	4841 5244      	xorb	rh1,0x52000044(r4)
     dbe:	5741 5245      	pop	0x52000045(r1),@rr4
     dc2:	2045           	ldb	rh5,@rr4
     dc4:	5252 4f52      	subl	rr2,0x4f000052(r5)
     dc8:	2020           	ldb	rh0,@rr2
     dca:	2020           	ldb	rh0,@rr2
     dcc:	2020           	ldb	rh0,@rr2
     dce:	2020           	ldb	rh0,@rr2
     dd0:	2020           	ldb	rh0,@rr2
     dd2:	2020           	ldb	rh0,@rr2
     dd4:	2020           	ldb	rh0,@rr2
     dd6:	2020           	ldb	rh0,@rr2
     dd8:	2020           	ldb	rh0,@rr2
     dda:	2020           	ldb	rh0,@rr2
     ddc:	2020           	ldb	rh0,@rr2
     dde:	2020           	ldb	rh0,@rr2
     de0:	2020           	ldb	rh0,@rr2
     de2:	5041 434b      	cpl	rr1,0x4300004b(r4)
     de6:	4554 2054      	or	r4,0x20000054(r5)
     dea:	4f4f           	.word 4f4f
     dec:	2053           	ldb	rh3,@rr5
     dee:	484f 5254      	xorb	rl7,0x52000054(r4)
     df2:	2020           	ldb	rh0,@rr2
     df4:	2020           	ldb	rh0,@rr2
     df6:	2020           	ldb	rh0,@rr2
     df8:	2020           	ldb	rh0,@rr2
     dfa:	2020           	ldb	rh0,@rr2
     dfc:	2020           	ldb	rh0,@rr2
     dfe:	2020           	ldb	rh0,@rr2
     e00:	2020           	ldb	rh0,@rr2
     e02:	2020           	ldb	rh0,@rr2
     e04:	2020           	ldb	rh0,@rr2
     e06:	2020           	ldb	rh0,@rr2
     e08:	2020           	ldb	rh0,@rr2
     e0a:	5041 434b      	cpl	rr1,0x4300004b(r4)
     e0e:	4554 2054      	or	r4,0x20000054(r5)
     e12:	4f4f           	.word 4f4f
     e14:	204c           	ldb	rl4,@rr4
     e16:	4f4e           	.word 4f4e
     e18:	4720 2020      	and	r0,0x20000020(r2)
     e1c:	2020           	ldb	rh0,@rr2
     e1e:	2020           	ldb	rh0,@rr2
     e20:	2020           	ldb	rh0,@rr2
     e22:	2020           	ldb	rh0,@rr2
     e24:	2020           	ldb	rh0,@rr2
     e26:	2020           	ldb	rh0,@rr2
     e28:	2020           	ldb	rh0,@rr2
     e2a:	2020           	ldb	rh0,@rr2
     e2c:	2020           	ldb	rh0,@rr2
     e2e:	2020           	ldb	rh0,@rr2
     e30:	2020           	ldb	rh0,@rr2
     e32:	5444 5220      	ldl	rr4,0x52000020(r4)
     e36:	434f 4d4d      	sub	r15,0x4d00004d(r4)
     e3a:	414e 4420      	add	r14,0x44000020(r4)
     e3e:	4e4f           	.word 4e4f
     e40:	5420 4143      	ldl	rr0,0x41000043(r2)
     e44:	4345 5054      	sub	r5,0x50000054(r4)
     e48:	4544 2020      	or	r4,0x20000020(r4)
     e4c:	2020           	ldb	rh0,@rr2
     e4e:	2020           	ldb	rh0,@rr2
     e50:	2020           	ldb	rh0,@rr2
     e52:	2020           	ldb	rh0,@rr2
     e54:	2020           	ldb	rh0,@rr2
     e56:	2020           	ldb	rh0,@rr2
     e58:	2020           	ldb	rh0,@rr2
     e5a:	3029 2043      	ldb	rl1,rr2(#0x2043)
     e5e:	4f4e           	.word 4f4e
     e60:	5452 4f4c      	ldl	rr2,0x4f00004c(r5)
     e64:	4c45 5220 494e 	ldb	0x52000020(r4),#0x4e
     e6a:	4954 4941      	xor	r4,0x49000041(r5)
     e6e:	4c49           	.word 4c49
     e70:	5a41 5449      	divl	rq1,0x54000049(r4)
     e74:	4f4e           	.word 4f4e
     e76:	2000 6572      	ldb	rh0,#0x72
     e7a:	7200           	.word 7200
     e7c:	08c6           	xorb	rh6,@rr12
     e7e:	08cc           	xorb	rl4,@rr12
     e80:	08f0           	xorb	rh0,@rr15
     e82:	0958           	xor	r8,@rr5
     e84:	09bc           	xor	r12,@rr11
     e86:	0a20           	cpb	rh0,@rr2
     e88:	0a84           	cpb	rh4,@rr8
     e8a:	204e           	ldb	rl6,@rr4
     e8c:	554d 2e50      	popl	0x2e000050(r13),@rr4
     e90:	524f 5641      	subl	rr15,0x56000041(r4)
     e94:	3a00           	.word 3a00
     e96:	204e           	ldb	rl6,@rr4
     e98:	554d 2e50      	popl	0x2e000050(r13),@rr4
     e9c:	4143 432e      	add	r3,0x4300002e(r4)
     ea0:	3a00           	.word 3a00
     ea2:	4e4f           	.word 4e4f
     ea4:	444f 3a00      	orb	rl7,0x3a000000(r4)
     ea8:	554e 4b4e      	popl	0x4b00004e(r14),@rr4
     eac:	4f57           	.word 4f57
     eae:	4e20           	.word 4e20
     eb0:	4552 524f      	or	r2,0x5200004f(r5)
     eb4:	5220 434f      	subl	rr0,0x4300004f(r2)
     eb8:	4445 2020      	orb	rh5,0x20000020(r4)
     ebc:	2020           	ldb	rh0,@rr2
     ebe:	2020           	ldb	rh0,@rr2
     ec0:	2020           	ldb	rh0,@rr2
     ec2:	2020           	ldb	rh0,@rr2
     ec4:	2020           	ldb	rh0,@rr2
     ec6:	2020           	ldb	rh0,@rr2
     ec8:	2020           	ldb	rh0,@rr2
     eca:	2020           	ldb	rh0,@rr2
     ecc:	2020           	ldb	rh0,@rr2
     ece:	2020           	ldb	rh0,@rr2
     ed0:	5258 2054      	subl	rr8,0x20000054(r5)
     ed4:	494d 454f      	xor	r13,0x4500004f(r4)
     ed8:	5554 2020      	popl	0x20000020(r4),@rr5
     edc:	2020           	ldb	rh0,@rr2
     ede:	2020           	ldb	rh0,@rr2
     ee0:	2020           	ldb	rh0,@rr2
     ee2:	2020           	ldb	rh0,@rr2
     ee4:	2020           	ldb	rh0,@rr2
     ee6:	2020           	ldb	rh0,@rr2
     ee8:	2020           	ldb	rh0,@rr2
     eea:	2020           	ldb	rh0,@rr2
     eec:	2020           	ldb	rh0,@rr2
     eee:	2020           	ldb	rh0,@rr2
     ef0:	2020           	ldb	rh0,@rr2
     ef2:	2020           	ldb	rh0,@rr2
     ef4:	2020           	ldb	rh0,@rr2
     ef6:	2020           	ldb	rh0,@rr2
     ef8:	4352 4320      	sub	r2,0x43000020(r5)
     efc:	4552 524f      	or	r2,0x5200004f(r5)
     f00:	5220 2020      	subl	rr0,0x20000020(r2)
     f04:	2020           	ldb	rh0,@rr2
     f06:	2020           	ldb	rh0,@rr2
     f08:	2020           	ldb	rh0,@rr2
     f0a:	2020           	ldb	rh0,@rr2
     f0c:	2020           	ldb	rh0,@rr2
     f0e:	2020           	ldb	rh0,@rr2
     f10:	2020           	ldb	rh0,@rr2
     f12:	2020           	ldb	rh0,@rr2
     f14:	2020           	ldb	rh0,@rr2
     f16:	2020           	ldb	rh0,@rr2
     f18:	2020           	ldb	rh0,@rr2
     f1a:	2020           	ldb	rh0,@rr2
     f1c:	2020           	ldb	rh0,@rr2
     f1e:	2020           	ldb	rh0,@rr2
     f20:	414c 4947      	add	r12,0x49000047(r4)
     f24:	4e4d           	.word 4e4d
     f26:	454e 5420      	or	r14,0x54000020(r4)
     f2a:	4552 524f      	or	r2,0x5200004f(r5)
     f2e:	5220 2020      	subl	rr0,0x20000020(r2)
     f32:	2020           	ldb	rh0,@rr2
     f34:	2020           	ldb	rh0,@rr2
     f36:	2020           	ldb	rh0,@rr2
     f38:	2020           	ldb	rh0,@rr2
     f3a:	2020           	ldb	rh0,@rr2
     f3c:	2020           	ldb	rh0,@rr2
     f3e:	2020           	ldb	rh0,@rr2
     f40:	2020           	ldb	rh0,@rr2
     f42:	2020           	ldb	rh0,@rr2
     f44:	2020           	ldb	rh0,@rr2
     f46:	2020           	ldb	rh0,@rr2
     f48:	5255 2052      	subl	rr5,0x20000052(r5)
     f4c:	414e 204f      	add	r14,0x2000004f(r4)
     f50:	5554 204f      	popl	0x2000004f(r4),@rr5
     f54:	4620 4d45      	andb	rh0,0x4d000045(r2)
     f58:	4d4f           	.word 4d4f
     f5a:	5259 2020      	subl	rr9,0x20000020(r5)
     f5e:	2020           	ldb	rh0,@rr2
     f60:	2020           	ldb	rh0,@rr2
     f62:	2020           	ldb	rh0,@rr2
     f64:	2020           	ldb	rh0,@rr2
     f66:	2020           	ldb	rh0,@rr2
     f68:	2020           	ldb	rh0,@rr2
     f6a:	2020           	ldb	rh0,@rr2
     f6c:	2020           	ldb	rh0,@rr2
     f6e:	2020           	ldb	rh0,@rr2
     f70:	5041 434b      	cpl	rr1,0x4300004b(r4)
     f74:	4554 2054      	or	r4,0x20000054(r5)
     f78:	4f4f           	.word 4f4f
     f7a:	2053           	ldb	rh3,@rr5
     f7c:	484f 5254      	xorb	rl7,0x52000054(r4)
     f80:	2020           	ldb	rh0,@rr2
     f82:	2020           	ldb	rh0,@rr2
     f84:	2020           	ldb	rh0,@rr2
     f86:	2020           	ldb	rh0,@rr2
     f88:	2020           	ldb	rh0,@rr2
     f8a:	2020           	ldb	rh0,@rr2
     f8c:	2020           	ldb	rh0,@rr2
     f8e:	2020           	ldb	rh0,@rr2
     f90:	2020           	ldb	rh0,@rr2
     f92:	2020           	ldb	rh0,@rr2
     f94:	2020           	ldb	rh0,@rr2
     f96:	2020           	ldb	rh0,@rr2
     f98:	4841 5244      	xorb	rh1,0x52000044(r4)
     f9c:	5741 5245      	pop	0x52000045(r1),@rr4
     fa0:	2045           	ldb	rh5,@rr4
     fa2:	5252 4f52      	subl	rr2,0x4f000052(r5)
     fa6:	2020           	ldb	rh0,@rr2
     fa8:	2020           	ldb	rh0,@rr2
     faa:	2020           	ldb	rh0,@rr2
     fac:	2020           	ldb	rh0,@rr2
     fae:	2020           	ldb	rh0,@rr2
     fb0:	2020           	ldb	rh0,@rr2
     fb2:	2020           	ldb	rh0,@rr2
     fb4:	2020           	ldb	rh0,@rr2
     fb6:	2020           	ldb	rh0,@rr2
     fb8:	2020           	ldb	rh0,@rr2
     fba:	2020           	ldb	rh0,@rr2
     fbc:	2020           	ldb	rh0,@rr2
     fbe:	2020           	ldb	rh0,@rr2
     fc0:	0c74           	testb	@rr7
     fc2:	0c76           	tsetb	@rr7
     fc4:	0c96           	tsetb	@rr9
     fc6:	0cac           	.word 0cac
     fc8:	0cc2           	negb	@rr12
     fca:	0cd8           	clrb	@rr13
     fcc:	0cee           	.word 0cee
     fce:	554e 4b4e      	popl	0x4b00004e(r14),@rr4
     fd2:	4f57           	.word 4f57
     fd4:	4e20           	.word 4e20
     fd6:	4552 524f      	or	r2,0x5200004f(r5)
     fda:	5220 434f      	subl	rr0,0x4300004f(r2)
     fde:	4445 2020      	orb	rh5,0x20000020(r4)
     fe2:	2020           	ldb	rh0,@rr2
     fe4:	2020           	ldb	rh0,@rr2
     fe6:	2020           	ldb	rh0,@rr2
     fe8:	2020           	ldb	rh0,@rr2
     fea:	2020           	ldb	rh0,@rr2
     fec:	2020           	ldb	rh0,@rr2
     fee:	2020           	ldb	rh0,@rr2
     ff0:	2020           	ldb	rh0,@rr2
     ff2:	2020           	ldb	rh0,@rr2
     ff4:	2020           	ldb	rh0,@rr2
     ff6:	5258 2054      	subl	rr8,0x20000054(r5)
     ffa:	494d 454f      	xor	r13,0x4500004f(r4)
     ffe:	5554 2020      	popl	0x20000020(r4),@rr5
    1002:	2020           	ldb	rh0,@rr2
    1004:	2020           	ldb	rh0,@rr2
    1006:	2020           	ldb	rh0,@rr2
    1008:	2020           	ldb	rh0,@rr2
    100a:	2020           	ldb	rh0,@rr2
    100c:	2020           	ldb	rh0,@rr2
    100e:	2020           	ldb	rh0,@rr2
    1010:	2020           	ldb	rh0,@rr2
    1012:	2020           	ldb	rh0,@rr2
    1014:	2020           	ldb	rh0,@rr2
    1016:	2020           	ldb	rh0,@rr2
    1018:	2020           	ldb	rh0,@rr2
    101a:	2020           	ldb	rh0,@rr2
    101c:	2020           	ldb	rh0,@rr2
    101e:	4352 4320      	sub	r2,0x43000020(r5)
    1022:	4552 524f      	or	r2,0x5200004f(r5)
    1026:	5220 2020      	subl	rr0,0x20000020(r2)
    102a:	2020           	ldb	rh0,@rr2
    102c:	2020           	ldb	rh0,@rr2
    102e:	2020           	ldb	rh0,@rr2
    1030:	2020           	ldb	rh0,@rr2
    1032:	2020           	ldb	rh0,@rr2
    1034:	2020           	ldb	rh0,@rr2
    1036:	2020           	ldb	rh0,@rr2
    1038:	2020           	ldb	rh0,@rr2
    103a:	2020           	ldb	rh0,@rr2
    103c:	2020           	ldb	rh0,@rr2
    103e:	2020           	ldb	rh0,@rr2
    1040:	2020           	ldb	rh0,@rr2
    1042:	2020           	ldb	rh0,@rr2
    1044:	2020           	ldb	rh0,@rr2
    1046:	414c 4947      	add	r12,0x49000047(r4)
    104a:	4e4d           	.word 4e4d
    104c:	454e 5420      	or	r14,0x54000020(r4)
    1050:	4552 524f      	or	r2,0x5200004f(r5)
    1054:	5220 2020      	subl	rr0,0x20000020(r2)
    1058:	2020           	ldb	rh0,@rr2
    105a:	2020           	ldb	rh0,@rr2
    105c:	2020           	ldb	rh0,@rr2
    105e:	2020           	ldb	rh0,@rr2
    1060:	2020           	ldb	rh0,@rr2
    1062:	2020           	ldb	rh0,@rr2
    1064:	2020           	ldb	rh0,@rr2
    1066:	2020           	ldb	rh0,@rr2
    1068:	2020           	ldb	rh0,@rr2
    106a:	2020           	ldb	rh0,@rr2
    106c:	2020           	ldb	rh0,@rr2
    106e:	5255 2052      	subl	rr5,0x20000052(r5)
    1072:	414e 204f      	add	r14,0x2000004f(r4)
    1076:	5554 204f      	popl	0x2000004f(r4),@rr5
    107a:	4620 4d45      	andb	rh0,0x4d000045(r2)
    107e:	4d4f           	.word 4d4f
    1080:	5259 2020      	subl	rr9,0x20000020(r5)
    1084:	2020           	ldb	rh0,@rr2
    1086:	2020           	ldb	rh0,@rr2
    1088:	2020           	ldb	rh0,@rr2
    108a:	2020           	ldb	rh0,@rr2
    108c:	2020           	ldb	rh0,@rr2
    108e:	2020           	ldb	rh0,@rr2
    1090:	2020           	ldb	rh0,@rr2
    1092:	2020           	ldb	rh0,@rr2
    1094:	2020           	ldb	rh0,@rr2
    1096:	5041 434b      	cpl	rr1,0x4300004b(r4)
    109a:	4554 2054      	or	r4,0x20000054(r5)
    109e:	4f4f           	.word 4f4f
    10a0:	2053           	ldb	rh3,@rr5
    10a2:	484f 5254      	xorb	rl7,0x52000054(r4)
    10a6:	2020           	ldb	rh0,@rr2
    10a8:	2020           	ldb	rh0,@rr2
    10aa:	2020           	ldb	rh0,@rr2
    10ac:	2020           	ldb	rh0,@rr2
    10ae:	2020           	ldb	rh0,@rr2
    10b0:	2020           	ldb	rh0,@rr2
    10b2:	2020           	ldb	rh0,@rr2
    10b4:	2020           	ldb	rh0,@rr2
    10b6:	2020           	ldb	rh0,@rr2
    10b8:	2020           	ldb	rh0,@rr2
    10ba:	2020           	ldb	rh0,@rr2
    10bc:	2020           	ldb	rh0,@rr2
    10be:	4841 5244      	xorb	rh1,0x52000044(r4)
    10c2:	5741 5245      	pop	0x52000045(r1),@rr4
    10c6:	2045           	ldb	rh5,@rr4
    10c8:	5252 4f52      	subl	rr2,0x4f000052(r5)
    10cc:	2020           	ldb	rh0,@rr2
    10ce:	2020           	ldb	rh0,@rr2
    10d0:	2020           	ldb	rh0,@rr2
    10d2:	2020           	ldb	rh0,@rr2
    10d4:	2020           	ldb	rh0,@rr2
    10d6:	2020           	ldb	rh0,@rr2
    10d8:	2020           	ldb	rh0,@rr2
    10da:	2020           	ldb	rh0,@rr2
    10dc:	2020           	ldb	rh0,@rr2
    10de:	2020           	ldb	rh0,@rr2
    10e0:	2020           	ldb	rh0,@rr2
    10e2:	2020           	ldb	rh0,@rr2
    10e4:	2020           	ldb	rh0,@rr2
    10e6:	4e4f           	.word 4e4f
    10e8:	4445 5320      	orb	rh5,0x53000020(r4)
    10ec:	494e 204c      	xor	r14,0x2000004c(r4)
    10f0:	4953 543a      	xor	r3,0x5400003a(r5)
    10f4:	4d4f           	.word 4d4f
    10f6:	5245 2054      	subl	rr5,0x20000054(r4)
    10fa:	4841 4e20      	xorb	rh1,0x4e000020(r4)
    10fe:	4f4e           	.word 4f4e
    1100:	4520 4e4f      	or	r0,0x4e00004f(r2)
    1104:	4445 2048      	orb	rh5,0x20000048(r4)
    1108:	4156 4520      	add	r6,0x45000020(r5)
    110c:	5448 4520      	ldl	rr8,0x45000020(r4)
    1110:	4c4f           	.word 4c4f
    1112:	474e 414d      	and	r14,0x4100004d(r4)
    1116:	4520 6572      	or	r0,0x65000072(r2)
    111a:	7200           	.word 7200
    111c:	4c49           	.word 4c49
    111e:	5354 2045      	push	@rr5,0x20000045(r4)
    1122:	4d50 5459      	com	0x54000059(r5)
    1126:	2020           	ldb	rh0,@rr2
    1128:	2020           	ldb	rh0,@rr2
    112a:	2020           	ldb	rh0,@rr2
    112c:	2020           	ldb	rh0,@rr2
    112e:	2020           	ldb	rh0,@rr2
    1130:	2020           	ldb	rh0,@rr2
    1132:	2020           	ldb	rh0,@rr2
    1134:	2020           	ldb	rh0,@rr2
    1136:	2020           	ldb	rh0,@rr2
    1138:	2020           	ldb	rh0,@rr2
    113a:	2020           	ldb	rh0,@rr2
    113c:	2020           	ldb	rh0,@rr2
    113e:	2020           	ldb	rh0,@rr2
    1140:	2020           	ldb	rh0,@rr2
    1142:	2020           	ldb	rh0,@rr2
    1144:	4e4f           	.word 4e4f
    1146:	2053           	ldb	rh3,@rr5
    1148:	5543 4820      	popl	0x48000020(r3),@rr4
    114c:	4e4f           	.word 4e4f
    114e:	4445 3a20      	orb	rh5,0x3a000020(r4)
    1152:	2043           	ldb	rh3,@rr4
    1154:	4f4e           	.word 4f4e
    1156:	4e45           	.word 4e45
    1158:	4354 4544      	sub	r4,0x45000044(r5)
    115c:	4e4f           	.word 4e4f
    115e:	4445 2000      	orb	rh5,0x20000000(r4)
    1162:	2020           	ldb	rh0,@rr2
    1164:	2020           	ldb	rh0,@rr2
    1166:	2020           	ldb	rh0,@rr2
    1168:	2020           	ldb	rh0,@rr2
    116a:	2020           	ldb	rh0,@rr2
    116c:	2020           	ldb	rh0,@rr2
    116e:	2020           	ldb	rh0,@rr2
    1170:	2020           	ldb	rh0,@rr2
    1172:	2020           	ldb	rh0,@rr2
    1174:	2020           	ldb	rh0,@rr2
    1176:	2020           	ldb	rh0,@rr2
    1178:	2020           	ldb	rh0,@rr2
    117a:	2020           	ldb	rh0,@rr2
    117c:	2020           	ldb	rh0,@rr2
    117e:	2020           	ldb	rh0,@rr2
    1180:	2020           	ldb	rh0,@rr2
    1182:	2020           	ldb	rh0,@rr2
    1184:	2020           	ldb	rh0,@rr2
    1186:	2020           	ldb	rh0,@rr2
    1188:	2020           	ldb	rh0,@rr2
    118a:	202d           	ldb	rl5,@rr2
    118c:	2054           	ldb	rh4,@rr5
    118e:	4f4f           	.word 4f4f
    1190:	2053           	ldb	rh3,@rr5
    1192:	484f 5254      	xorb	rl7,0x52000054(r4)
    1196:	2050           	ldb	rh0,@rr5
    1198:	4143 4b2e      	add	r3,0x4b00002e(r4)
    119c:	2045           	ldb	rh5,@rr4
    119e:	5252 2e20      	subl	rr2,0x2e000020(r5)
    11a2:	202d           	ldb	rl5,@rr2
    11a4:	204f           	ldb	rl7,@rr4
    11a6:	5554 204d      	popl	0x2000004d(r4),@rr5
    11aa:	454d 4f52      	or	r13,0x4f000052(r4)
    11ae:	5920 5245      	mult	rr0,0x52000045(r2)
    11b2:	534f 5552      	push	@rr4,0x55000052(r15)
    11b6:	4345 2020      	sub	r5,0x20000020(r4)
    11ba:	202d           	ldb	rl5,@rr2
    11bc:	2041           	ldb	rh1,@rr4
    11be:	4c49           	.word 4c49
    11c0:	474e 4d45      	and	r14,0x4d000045(r4)
    11c4:	4e54           	.word 4e54
    11c6:	2045           	ldb	rh5,@rr4
    11c8:	5252 4f52      	subl	rr2,0x4f000052(r5)
    11cc:	5320 2020      	push	@rr2,0x20000020
    11d0:	2020           	ldb	rh0,@rr2
    11d2:	202d           	ldb	rl5,@rr2
    11d4:	2043           	ldb	rh3,@rr4
    11d6:	5243 2045      	subl	rr3,0x20000045(r4)
    11da:	5252 4f52      	subl	rr2,0x4f000052(r5)
    11de:	5320 2020      	push	@rr2,0x20000020
    11e2:	2020           	ldb	rh0,@rr2
    11e4:	2020           	ldb	rh0,@rr2
    11e6:	2020           	ldb	rh0,@rr2
    11e8:	2020           	ldb	rh0,@rr2
    11ea:	202d           	ldb	rl5,@rr2
    11ec:	2042           	ldb	rh2,@rr4
    11ee:	4144 2052      	add	r4,0x20000052(r4)
    11f2:	5820 5041      	multl	rq0,0x50000041(r2)
    11f6:	434b 4554      	sub	r11,0x45000054(r4)
    11fa:	5320 2020      	push	@rr2,0x20000020
    11fe:	2020           	ldb	rh0,@rr2
    1200:	2020           	ldb	rh0,@rr2
    1202:	4552 524f      	or	r2,0x5200004f(r5)
    1206:	5253 204f      	subl	rr3,0x2000004f(r5)
    120a:	4e20           	.word 4e20
    120c:	414c 4c20      	add	r12,0x4c000020(r4)
    1210:	5245 4345      	subl	rr5,0x43000045(r4)
    1214:	4956 4544      	xor	r6,0x45000044(r5)
    1218:	2050           	ldb	rh0,@rr5
    121a:	4143 4b2e      	add	r3,0x4b00002e(r4)
    121e:	2044           	ldb	rh4,@rr4
    1220:	5552 494e      	popl	0x4900004e(r2),@rr5
    1224:	4720 5445      	and	r0,0x54000045(r2)
    1228:	5354 202d      	push	@rr5,0x2000002d(r4)
    122c:	2054           	ldb	rh4,@rr5
    122e:	4f4f           	.word 4f4f
    1230:	2053           	ldb	rh3,@rr5
    1232:	484f 5254      	xorb	rl7,0x52000054(r4)
    1236:	2050           	ldb	rh0,@rr5
    1238:	4143 4b2e      	add	r3,0x4b00002e(r4)
    123c:	2045           	ldb	rh5,@rr4
    123e:	5252 2e20      	subl	rr2,0x2e000020(r5)
    1242:	202d           	ldb	rl5,@rr2
    1244:	204f           	ldb	rl7,@rr4
    1246:	5554 204d      	popl	0x2000004d(r4),@rr5
    124a:	454d 4f52      	or	r13,0x4f000052(r4)
    124e:	5920 5245      	mult	rr0,0x52000045(r2)
    1252:	534f 5552      	push	@rr4,0x55000052(r15)
    1256:	4345 2020      	sub	r5,0x20000020(r4)
    125a:	202d           	ldb	rl5,@rr2
    125c:	2041           	ldb	rh1,@rr4
    125e:	4c49           	.word 4c49
    1260:	474e 4d45      	and	r14,0x4d000045(r4)
    1264:	4e54           	.word 4e54
    1266:	2045           	ldb	rh5,@rr4
    1268:	5252 4f52      	subl	rr2,0x4f000052(r5)
    126c:	5320 2020      	push	@rr2,0x20000020
    1270:	2020           	ldb	rh0,@rr2
    1272:	202d           	ldb	rl5,@rr2
    1274:	2043           	ldb	rh3,@rr4
    1276:	5243 2045      	subl	rr3,0x20000045(r4)
    127a:	5252 4f52      	subl	rr2,0x4f000052(r5)
    127e:	5320 2020      	push	@rr2,0x20000020
    1282:	2020           	ldb	rh0,@rr2
    1284:	2020           	ldb	rh0,@rr2
    1286:	2020           	ldb	rh0,@rr2
    1288:	2020           	ldb	rh0,@rr2
    128a:	202d           	ldb	rl5,@rr2
    128c:	2042           	ldb	rh2,@rr4
    128e:	4144 2052      	add	r4,0x20000052(r4)
    1292:	5820 5041      	multl	rq0,0x50000041(r2)
    1296:	434b 4554      	sub	r11,0x45000054(r4)
    129a:	5320 2020      	push	@rr2,0x20000020
    129e:	2020           	ldb	rh0,@rr2
    12a0:	2020           	ldb	rh0,@rr2
    12a2:	4552 524f      	or	r2,0x5200004f(r5)
    12a6:	5253 204f      	subl	rr3,0x2000004f(r5)
    12aa:	4e20           	.word 4e20
    12ac:	414c 4c20      	add	r12,0x4c000020(r4)
    12b0:	5245 4345      	subl	rr5,0x43000045(r4)
    12b4:	4956 4544      	xor	r6,0x45000044(r5)
    12b8:	2050           	ldb	rh0,@rr5
    12ba:	4143 4b2e      	add	r3,0x4b00002e(r4)
    12be:	2044           	ldb	rh4,@rr4
    12c0:	5552 494e      	popl	0x4900004e(r2),@rr5
    12c4:	4720 5445      	and	r0,0x54000045(r2)
    12c8:	5354 202d      	push	@rr5,0x2000002d(r4)
    12cc:	2054           	ldb	rh4,@rr5
    12ce:	4f4f           	.word 4f4f
    12d0:	2053           	ldb	rh3,@rr5
    12d2:	484f 5254      	xorb	rl7,0x52000054(r4)
    12d6:	2050           	ldb	rh0,@rr5
    12d8:	4143 4b2e      	add	r3,0x4b00002e(r4)
    12dc:	2045           	ldb	rh5,@rr4
    12de:	5252 2e20      	subl	rr2,0x2e000020(r5)
    12e2:	202d           	ldb	rl5,@rr2
    12e4:	204f           	ldb	rl7,@rr4
    12e6:	5554 204d      	popl	0x2000004d(r4),@rr5
    12ea:	454d 4f52      	or	r13,0x4f000052(r4)
    12ee:	5920 5245      	mult	rr0,0x52000045(r2)
    12f2:	534f 5552      	push	@rr4,0x55000052(r15)
    12f6:	4345 2020      	sub	r5,0x20000020(r4)
    12fa:	202d           	ldb	rl5,@rr2
    12fc:	2041           	ldb	rh1,@rr4
    12fe:	4c49           	.word 4c49
    1300:	474e 4d45      	and	r14,0x4d000045(r4)
    1304:	4e54           	.word 4e54
    1306:	2045           	ldb	rh5,@rr4
    1308:	5252 4f52      	subl	rr2,0x4f000052(r5)
    130c:	5320 2020      	push	@rr2,0x20000020
    1310:	2020           	ldb	rh0,@rr2
    1312:	202d           	ldb	rl5,@rr2
    1314:	2043           	ldb	rh3,@rr4
    1316:	5243 2045      	subl	rr3,0x20000045(r4)
    131a:	5252 4f52      	subl	rr2,0x4f000052(r5)
    131e:	5320 2020      	push	@rr2,0x20000020
    1322:	2020           	ldb	rh0,@rr2
    1324:	2020           	ldb	rh0,@rr2
    1326:	2020           	ldb	rh0,@rr2
    1328:	2020           	ldb	rh0,@rr2
    132a:	202d           	ldb	rl5,@rr2
    132c:	204e           	ldb	rl6,@rr4
    132e:	4f44           	.word 4f44
    1330:	4520 4241      	or	r0,0x42000041(r2)
    1334:	4420 5258      	orb	rh0,0x52000058(r2)
    1338:	2050           	ldb	rh0,@rr5
    133a:	4143 4b45      	add	r3,0x4b000045(r4)
    133e:	5453 2020      	ldl	rr3,0x20000020(r5)
    1342:	202d           	ldb	rl5,@rr2
    1344:	2054           	ldb	rh4,@rr5
    1346:	4f4f           	.word 4f4f
    1348:	2053           	ldb	rh3,@rr5
    134a:	484f 5254      	xorb	rl7,0x52000054(r4)
    134e:	2050           	ldb	rh0,@rr5
    1350:	4143 4b2e      	add	r3,0x4b00002e(r4)
    1354:	2045           	ldb	rh5,@rr4
    1356:	5252 2e20      	subl	rr2,0x2e000020(r5)
    135a:	202d           	ldb	rl5,@rr2
    135c:	204f           	ldb	rl7,@rr4
    135e:	5554 204d      	popl	0x2000004d(r4),@rr5
    1362:	454d 4f52      	or	r13,0x4f000052(r4)
    1366:	5920 5245      	mult	rr0,0x52000045(r2)
    136a:	534f 5552      	push	@rr4,0x55000052(r15)
    136e:	4345 2020      	sub	r5,0x20000020(r4)
    1372:	202d           	ldb	rl5,@rr2
    1374:	2041           	ldb	rh1,@rr4
    1376:	4c49           	.word 4c49
    1378:	474e 4d45      	and	r14,0x4d000045(r4)
    137c:	4e54           	.word 4e54
    137e:	2045           	ldb	rh5,@rr4
    1380:	5252 4f52      	subl	rr2,0x4f000052(r5)
    1384:	5320 2020      	push	@rr2,0x20000020
    1388:	2020           	ldb	rh0,@rr2
    138a:	202d           	ldb	rl5,@rr2
    138c:	2043           	ldb	rh3,@rr4
    138e:	5243 2045      	subl	rr3,0x20000045(r4)
    1392:	5252 4f52      	subl	rr2,0x4f000052(r5)
    1396:	5320 2020      	push	@rr2,0x20000020
    139a:	2020           	ldb	rh0,@rr2
    139c:	2020           	ldb	rh0,@rr2
    139e:	2020           	ldb	rh0,@rr2
    13a0:	2020           	ldb	rh0,@rr2
    13a2:	202d           	ldb	rl5,@rr2
    13a4:	2042           	ldb	rh2,@rr4
    13a6:	4144 2052      	add	r4,0x20000052(r4)
    13aa:	5820 5041      	multl	rq0,0x50000041(r2)
    13ae:	434b 4554      	sub	r11,0x45000054(r4)
    13b2:	5320 2020      	push	@rr2,0x20000020
    13b6:	2020           	ldb	rh0,@rr2
    13b8:	2020           	ldb	rh0,@rr2
    13ba:	202d           	ldb	rl5,@rr2
    13bc:	2052           	ldb	rh2,@rr5
    13be:	5820 5041      	multl	rq0,0x50000041(r2)
    13c2:	434b 4554      	sub	r11,0x45000054(r4)
    13c6:	5320 2020      	push	@rr2,0x20000020
    13ca:	2020           	ldb	rh0,@rr2
    13cc:	2020           	ldb	rh0,@rr2
    13ce:	2020           	ldb	rh0,@rr2
    13d0:	2020           	ldb	rh0,@rr2
    13d2:	202d           	ldb	rl5,@rr2
    13d4:	2054           	ldb	rh4,@rr5
    13d6:	4f54           	.word 4f54
    13d8:	414c 2043      	add	r12,0x20000043(r4)
    13dc:	4f4c           	.word 4f4c
    13de:	4c49           	.word 4c49
    13e0:	5349 4f4e      	push	@rr4,0x4f00004e(r9)
    13e4:	5320 2020      	push	@rr2,0x20000020
    13e8:	2020           	ldb	rh0,@rr2
    13ea:	202d           	ldb	rl5,@rr2
    13ec:	2044           	ldb	rh4,@rr4
    13ee:	4546 4552      	or	r6,0x45000052(r4)
    13f2:	454e 4345      	or	r14,0x43000045(r4)
    13f6:	5320 2020      	push	@rr2,0x20000020
    13fa:	2020           	ldb	rh0,@rr2
    13fc:	2020           	ldb	rh0,@rr2
    13fe:	2020           	ldb	rh0,@rr2
    1400:	2020           	ldb	rh0,@rr2
    1402:	202d           	ldb	rl5,@rr2
    1404:	2054           	ldb	rh4,@rr5
    1406:	5820 5041      	multl	rq0,0x50000041(r2)
    140a:	434b 4554      	sub	r11,0x45000054(r4)
    140e:	5320 2020      	push	@rr2,0x20000020
    1412:	2020           	ldb	rh0,@rr2
    1414:	2020           	ldb	rh0,@rr2
    1416:	2020           	ldb	rh0,@rr2
    1418:	2020           	ldb	rh0,@rr2
    141a:	2020           	ldb	rh0,@rr2
    141c:	434f 4e54      	sub	r15,0x4e000054(r4)
    1420:	524f 4c20      	subl	rr15,0x4c000020(r4)
    1424:	4e4f           	.word 4e4f
    1426:	4445 2020      	orb	rh5,0x20000020(r4)
    142a:	4e55           	.word 4e55
    142c:	4d42 4552      	neg	0x45000052(r4)
    1430:	2020           	ldb	rh0,@rr2
    1432:	2020           	ldb	rh0,@rr2
    1434:	2020           	ldb	rh0,@rr2
    1436:	4e4f           	.word 4e4f
    1438:	4445 2020      	orb	rh5,0x20000020(r4)
    143c:	4e55           	.word 4e55
    143e:	4d42 4552      	neg	0x45000052(r4)
    1442:	2020           	ldb	rh0,@rr2
    1444:	2020           	ldb	rh0,@rr2
    1446:	2020           	ldb	rh0,@rr2
    1448:	2020           	ldb	rh0,@rr2
    144a:	2020           	ldb	rh0,@rr2
    144c:	2020           	ldb	rh0,@rr2
    144e:	2020           	ldb	rh0,@rr2
    1450:	5445 5354      	ldl	rr5,0x53000054(r4)
    1454:	2054           	ldb	rh4,@rr5
    1456:	5950 4520      	mult	rr0,0x45000020(r5)
    145a:	2020           	ldb	rh0,@rr2
    145c:	2020           	ldb	rh0,@rr2
    145e:	2020           	ldb	rh0,@rr2
    1460:	2020           	ldb	rh0,@rr2
    1462:	2020           	ldb	rh0,@rr2
    1464:	2020           	ldb	rh0,@rr2
    1466:	2020           	ldb	rh0,@rr2
    1468:	2020           	ldb	rh0,@rr2
    146a:	2020           	ldb	rh0,@rr2
    146c:	2020           	ldb	rh0,@rr2
    146e:	2020           	ldb	rh0,@rr2
    1470:	2020           	ldb	rh0,@rr2
    1472:	2020           	ldb	rh0,@rr2
    1474:	2020           	ldb	rh0,@rr2
    1476:	2020           	ldb	rh0,@rr2
    1478:	2020           	ldb	rh0,@rr2
    147a:	2020           	ldb	rh0,@rr2
    147c:	2020           	ldb	rh0,@rr2
    147e:	2020           	ldb	rh0,@rr2
    1480:	5245 504f      	subl	rr5,0x5000004f(r4)
    1484:	5254 204e      	subl	rr4,0x2000004e(r5)
    1488:	522e 2245      	subl	rr14,0x22000045(r2)
    148c:	4e54           	.word 4e54
    148e:	4552 2220      	or	r2,0x22000020(r5)
    1492:	464f 5220      	andb	rl7,0x52000020(r4)
    1496:	4558 4954      	or	r8,0x49000054(r5)
    149a:	3b20           	.word 3b20
    149c:	2253           	resb	@rr5,#0x3
    149e:	4b49 5022      	cp	r9,0x50000022(r4)
    14a2:	2046           	ldb	rh6,@rr4
    14a4:	4f52           	.word 4f52
    14a6:	204e           	ldb	rl6,@rr4
    14a8:	4557 2044      	or	r7,0x20000044(r5)
    14ac:	4953 504c      	xor	r3,0x5000004c(r5)
    14b0:	4159 4849      	add	r9,0x48000049(r5)
    14b4:	5420 2245      	ldl	rr0,0x22000045(r2)
    14b8:	4e54           	.word 4e54
    14ba:	4552 2220      	or	r2,0x22000020(r5)
    14be:	464f 5220      	andb	rl7,0x52000020(r4)
    14c2:	4e45           	.word 4e45
    14c4:	5854 2020      	multl	rq4,0x20000020(r5)
    14c8:	2020           	ldb	rh0,@rr2
    14ca:	2020           	ldb	rh0,@rr2
    14cc:	2020           	ldb	rh0,@rr2
    14ce:	2020           	ldb	rh0,@rr2
    14d0:	2020           	ldb	rh0,@rr2
    14d2:	2020           	ldb	rh0,@rr2
    14d4:	2020           	ldb	rh0,@rr2
    14d6:	2020           	ldb	rh0,@rr2
    14d8:	2020           	ldb	rh0,@rr2
    14da:	4352 4f53      	sub	r2,0x4f000053(r5)
    14de:	5320 5452      	push	@rr2,0x54000052
    14e2:	4146 4649      	add	r6,0x46000049(r4)
    14e6:	4320 5445      	sub	r0,0x54000045(r2)
    14ea:	5354 2053      	push	@rr5,0x20000053(r4)
    14ee:	5441 5449      	ldl	rr1,0x54000049(r4)
    14f2:	5354 4943      	push	@rr5,0x49000043(r4)
    14f6:	5320 284e      	push	@rr2,0x2800004e
    14fa:	4f44           	.word 4f44
    14fc:	4529 2020      	or	r9,0x20000020(r2)
    1500:	2020           	ldb	rh0,@rr2
    1502:	4352 4f53      	sub	r2,0x4f000053(r5)
    1506:	5320 5452      	push	@rr2,0x54000052
    150a:	4146 4649      	add	r6,0x46000049(r4)
    150e:	4320 5445      	sub	r0,0x54000045(r2)
    1512:	5354 2053      	push	@rr5,0x20000053(r4)
    1516:	5441 5449      	ldl	rr1,0x54000049(r4)
    151a:	5354 4943      	push	@rr5,0x49000043(r4)
    151e:	5328 4354      	push	@rr2,0x43000054(r8)
    1522:	524c 5f4e      	subl	rr12,0x5f00004e(r4)
    1526:	4f44           	.word 4f44
    1528:	4529 434f      	or	r9,0x4300004f(r2)
    152c:	4e54           	.word 4e54
    152e:	454e 5449      	or	r14,0x54000049(r4)
    1532:	4f4e           	.word 4f4e
    1534:	2054           	ldb	rh4,@rr5
    1536:	4553 5420      	or	r3,0x54000020(r5)
    153a:	5354 4154      	push	@rr5,0x41000054(r4)
    153e:	4953 5449      	xor	r3,0x54000049(r5)
    1542:	4353 2028      	sub	r3,0x20000028(r5)
    1546:	4e4f           	.word 4e4f
    1548:	4445 2920      	orb	rh5,0x29000020(r4)
    154c:	2020           	ldb	rh0,@rr2
    154e:	2020           	ldb	rh0,@rr2
    1550:	2020           	ldb	rh0,@rr2
    1552:	434f 4e54      	sub	r15,0x4e000054(r4)
    1556:	454e 5449      	or	r14,0x54000049(r4)
    155a:	4f4e           	.word 4f4e
    155c:	2054           	ldb	rh4,@rr5
    155e:	4553 5420      	or	r3,0x54000020(r5)
    1562:	5354 4154      	push	@rr5,0x41000054(r4)
    1566:	4953 5449      	xor	r3,0x54000049(r5)
    156a:	4353 2028      	sub	r3,0x20000028(r5)
    156e:	4354 524c      	sub	r4,0x5200004c(r5)
    1572:	5f4e           	.word 5f4e
    1574:	4f44           	.word 4f44
    1576:	4529 2020      	or	r9,0x20000020(r2)
    157a:	504f 4c4c      	cpl	rr15,0x4c00004c(r4)
    157e:	494e 4720      	xor	r14,0x47000020(r4)
    1582:	5445 5354      	ldl	rr5,0x53000054(r4)
    1586:	2053           	ldb	rh3,@rr5
    1588:	5441 5449      	ldl	rr1,0x54000049(r4)
    158c:	5354 4943      	push	@rr5,0x49000043(r4)
    1590:	5320 284e      	push	@rr2,0x2800004e
    1594:	4f44           	.word 4f44
    1596:	4529 2020      	or	r9,0x20000020(r2)
    159a:	2020           	ldb	rh0,@rr2
    159c:	2020           	ldb	rh0,@rr2
    159e:	2020           	ldb	rh0,@rr2
    15a0:	2020           	ldb	rh0,@rr2
    15a2:	504f 4c4c      	cpl	rr15,0x4c00004c(r4)
    15a6:	494e 4720      	xor	r14,0x47000020(r4)
    15aa:	5445 5354      	ldl	rr5,0x53000054(r4)
    15ae:	2053           	ldb	rh3,@rr5
    15b0:	5441 5449      	ldl	rr1,0x54000049(r4)
    15b4:	5354 4943      	push	@rr5,0x49000043(r4)
    15b8:	5320 2843      	push	@rr2,0x28000043
    15bc:	5452 4c5f      	ldl	rr2,0x4c00005f(r5)
    15c0:	4e4f           	.word 4e4f
    15c2:	4445 2920      	orb	rh5,0x29000020(r4)
    15c6:	2020           	ldb	rh0,@rr2
    15c8:	2020           	ldb	rh0,@rr2
    15ca:	4849 5420      	xorb	rl1,0x54000020(r4)
    15ce:	2245           	resb	@rr4,#0x5
    15d0:	4e54           	.word 4e54
    15d2:	4552 2220      	or	r2,0x22000020(r5)
    15d6:	464f 5220      	andb	rl7,0x52000020(r4)
    15da:	5245 504f      	subl	rr5,0x5000004f(r4)
    15de:	5254 2020      	subl	rr4,0x20000020(r5)
    15e2:	2020           	ldb	rh0,@rr2
    15e4:	2020           	ldb	rh0,@rr2
    15e6:	2020           	ldb	rh0,@rr2
    15e8:	2020           	ldb	rh0,@rr2
    15ea:	2020           	ldb	rh0,@rr2
    15ec:	2020           	ldb	rh0,@rr2
    15ee:	2020           	ldb	rh0,@rr2
    15f0:	2020           	ldb	rh0,@rr2
    15f2:	2044           	ldb	rh4,@rr4
    15f4:	4953 434f      	xor	r3,0x4300004f(r5)
    15f8:	4e4e           	.word 4e4e
    15fa:	4543 5445      	or	r3,0x54000045(r4)
    15fe:	4400 4e4f      	orb	rh0,0x4e00004f
    1602:	4445 2000      	orb	rh5,0x20000000(r4)
    1606:	2245           	resb	@rr4,#0x5
    1608:	4e54           	.word 4e54
    160a:	4552 2220      	or	r2,0x22000020(r5)
    160e:	464f 5220      	andb	rl7,0x52000020(r4)
    1612:	4558 4954      	or	r8,0x49000054(r5)
    1616:	3b20           	.word 3b20
    1618:	2253           	resb	@rr5,#0x3
    161a:	4b49 5022      	cp	r9,0x50000022(r4)
    161e:	2046           	ldb	rh6,@rr4
    1620:	4f52           	.word 4f52
    1622:	204e           	ldb	rl6,@rr4
    1624:	4557 2044      	or	r7,0x20000044(r5)
    1628:	4953 504c      	xor	r3,0x5000004c(r5)
    162c:	4159 4c49      	add	r9,0x4c000049(r5)
    1630:	5354 2045      	push	@rr5,0x20000045(r4)
    1634:	4d50 5459      	com	0x54000059(r5)
    1638:	2020           	ldb	rh0,@rr2
    163a:	2020           	ldb	rh0,@rr2
    163c:	2020           	ldb	rh0,@rr2
    163e:	2020           	ldb	rh0,@rr2
    1640:	2020           	ldb	rh0,@rr2
    1642:	2020           	ldb	rh0,@rr2
    1644:	2020           	ldb	rh0,@rr2
    1646:	2020           	ldb	rh0,@rr2
    1648:	2020           	ldb	rh0,@rr2
    164a:	2020           	ldb	rh0,@rr2
    164c:	2020           	ldb	rh0,@rr2
    164e:	2020           	ldb	rh0,@rr2
    1650:	2020           	ldb	rh0,@rr2
    1652:	2020           	ldb	rh0,@rr2
    1654:	2020           	ldb	rh0,@rr2
    1656:	4e4f           	.word 4e4f
    1658:	2053           	ldb	rh3,@rr5
    165a:	5543 4820      	popl	0x48000020(r3),@rr4
    165e:	4e4f           	.word 4e4f
    1660:	4445 3a20      	orb	rh5,0x3a000020(r4)
    1664:	4f55           	.word 4f55
    1666:	5420 5241      	ldl	rr0,0x52000041(r2)
    166a:	4e47           	.word 4e47
    166c:	4520 5641      	or	r0,0x56000041(r2)
    1670:	4c55 4520 2020 	ldb	0x45000020(r5),#0x20
    1676:	2020           	ldb	rh0,@rr2
    1678:	2020           	ldb	rh0,@rr2
    167a:	2020           	ldb	rh0,@rr2
    167c:	2020           	ldb	rh0,@rr2
    167e:	2020           	ldb	rh0,@rr2
    1680:	2020           	ldb	rh0,@rr2
    1682:	2020           	ldb	rh0,@rr2
    1684:	2020           	ldb	rh0,@rr2
    1686:	2020           	ldb	rh0,@rr2
    1688:	2020           	ldb	rh0,@rr2
    168a:	2020           	ldb	rh0,@rr2
    168c:	4445 4c45      	orb	rh5,0x4c000045(r4)
    1690:	5445 204e      	ldl	rr5,0x2000004e(r4)
    1694:	4f44           	.word 4f44
    1696:	4520 2020      	or	r0,0x20000020(r2)
    169a:	5b30 2d31      	div	rr0,0x2d000031(r3)
    169e:	3237 5d20      	ldb	rr3(#0x5d20),rh7
    16a2:	2020           	ldb	rh0,@rr2
    16a4:	2020           	ldb	rh0,@rr2
    16a6:	2020           	ldb	rh0,@rr2
    16a8:	2020           	ldb	rh0,@rr2
    16aa:	2020           	ldb	rh0,@rr2
    16ac:	2020           	ldb	rh0,@rr2
    16ae:	2020           	ldb	rh0,@rr2
    16b0:	204e           	ldb	rl6,@rr4
    16b2:	4f54           	.word 4f54
    16b4:	2043           	ldb	rh3,@rr4
    16b6:	4f4e           	.word 4f4e
    16b8:	4e45           	.word 4e45
    16ba:	4354 4544      	sub	r4,0x45000044(r5)
    16be:	4e4f           	.word 4e4f
    16c0:	4445 2000      	orb	rh5,0x20000000(r4)
    16c4:	2043           	ldb	rh3,@rr4
    16c6:	4f4e           	.word 4f4e
    16c8:	4e45           	.word 4e45
    16ca:	4354 4544      	sub	r4,0x45000044(r5)
    16ce:	4e4f           	.word 4e4f
    16d0:	4445 2000      	orb	rh5,0x20000000(r4)
    16d4:	4c49           	.word 4c49
    16d6:	5354 2046      	push	@rr5,0x20000046(r4)
    16da:	554c 4c20      	popl	0x4c000020(r12),@rr4
    16de:	2020           	ldb	rh0,@rr2
    16e0:	2020           	ldb	rh0,@rr2
    16e2:	2020           	ldb	rh0,@rr2
    16e4:	2020           	ldb	rh0,@rr2
    16e6:	2020           	ldb	rh0,@rr2
    16e8:	2020           	ldb	rh0,@rr2
    16ea:	2020           	ldb	rh0,@rr2
    16ec:	2020           	ldb	rh0,@rr2
    16ee:	2020           	ldb	rh0,@rr2
    16f0:	2020           	ldb	rh0,@rr2
    16f2:	2020           	ldb	rh0,@rr2
    16f4:	2020           	ldb	rh0,@rr2
    16f6:	2020           	ldb	rh0,@rr2
    16f8:	2020           	ldb	rh0,@rr2
    16fa:	2020           	ldb	rh0,@rr2
    16fc:	4e4f           	.word 4e4f
    16fe:	4445 2041      	orb	rh5,0x20000041(r4)
    1702:	4c52 4541      	negb	0x45000041(r5)
    1706:	4459 2045      	orb	rl1,0x20000045(r5)
    170a:	5849 5354      	multl	rq9,0x53000054(r4)
    170e:	3a20           	.word 3a20
    1710:	494e 5641      	xor	r14,0x56000041(r4)
    1714:	4c49           	.word 4c49
    1716:	4420 4e41      	orb	rh0,0x4e000041(r2)
    171a:	4d45 3a20 5448 	ld	0x3a000020(r4),#0x5448
    1720:	4953 2049      	xor	r3,0x20000049(r5)
    1724:	5320 594f      	push	@rr2,0x5900004f
    1728:	5552 204c      	popl	0x2000004c(r2),@rr5
    172c:	4f47           	.word 4f47
    172e:	4943 414c      	xor	r3,0x4100004c(r4)
    1732:	204e           	ldb	rl6,@rr4
    1734:	414d 4520      	add	r13,0x45000020(r4)
    1738:	4f55           	.word 4f55
    173a:	5420 5241      	ldl	rr0,0x52000041(r2)
    173e:	4e47           	.word 4e47
    1740:	4520 5641      	or	r0,0x56000041(r2)
    1744:	4c55 4520 2020 	ldb	0x45000020(r5),#0x20
    174a:	2020           	ldb	rh0,@rr2
    174c:	2020           	ldb	rh0,@rr2
    174e:	2020           	ldb	rh0,@rr2
    1750:	2020           	ldb	rh0,@rr2
    1752:	2020           	ldb	rh0,@rr2
    1754:	2020           	ldb	rh0,@rr2
    1756:	2020           	ldb	rh0,@rr2
    1758:	2020           	ldb	rh0,@rr2
    175a:	2020           	ldb	rh0,@rr2
    175c:	2020           	ldb	rh0,@rr2
    175e:	2020           	ldb	rh0,@rr2
    1760:	494e 5345      	xor	r14,0x53000045(r4)
    1764:	5254 204e      	subl	rr4,0x2000004e(r5)
    1768:	4f44           	.word 4f44
    176a:	4520 2020      	or	r0,0x20000020(r2)
    176e:	5b30 2d31      	div	rr0,0x2d000031(r3)
    1772:	3237 5d20      	ldb	rr3(#0x5d20),rh7
    1776:	2020           	ldb	rh0,@rr2
    1778:	2020           	ldb	rh0,@rr2
    177a:	2020           	ldb	rh0,@rr2
    177c:	2020           	ldb	rh0,@rr2
    177e:	2020           	ldb	rh0,@rr2
    1780:	2020           	ldb	rh0,@rr2
    1782:	2020           	ldb	rh0,@rr2
    1784:	4f55           	.word 4f55
    1786:	5420 5241      	ldl	rr0,0x52000041(r2)
    178a:	4e47           	.word 4e47
    178c:	4520 5641      	or	r0,0x56000041(r2)
    1790:	4c55 4520 2020 	ldb	0x45000020(r5),#0x20
    1796:	2020           	ldb	rh0,@rr2
    1798:	2020           	ldb	rh0,@rr2
    179a:	2020           	ldb	rh0,@rr2
    179c:	2020           	ldb	rh0,@rr2
    179e:	2020           	ldb	rh0,@rr2
    17a0:	2020           	ldb	rh0,@rr2
    17a2:	2020           	ldb	rh0,@rr2
    17a4:	2020           	ldb	rh0,@rr2
    17a6:	2020           	ldb	rh0,@rr2
    17a8:	2020           	ldb	rh0,@rr2
    17aa:	2020           	ldb	rh0,@rr2
    17ac:	4d4f           	.word 4d4f
    17ae:	4449 4659      	orb	rl1,0x46000059(r4)
    17b2:	204c           	ldb	rl4,@rr4
    17b4:	4953 5420      	xor	r3,0x54000020(r5)
    17b8:	2020           	ldb	rh0,@rr2
    17ba:	2830           	incb	@rr3,#0x1
    17bc:	3d44           	in	r4,@r4
    17be:	454c 2c31      	or	r12,0x2c000031(r4)
    17c2:	3d49           	in	r9,@r4
    17c4:	4e53           	.word 4e53
    17c6:	2920           	inc	@rr2,#0x1
    17c8:	2020           	ldb	rh0,@rr2
    17ca:	2020           	ldb	rh0,@rr2
    17cc:	2020           	ldb	rh0,@rr2
    17ce:	2020           	ldb	rh0,@rr2
    17d0:	5041 5241      	cpl	rr1,0x52000041(r4)
    17d4:	4d45 5445 5253 	ld	0x54000045(r4),#0x5253
    17da:	2020           	ldb	rh0,@rr2
    17dc:	2020           	ldb	rh0,@rr2
    17de:	5241 4e47      	subl	rr1,0x4e000047(r4)
    17e2:	4520 2020      	or	r0,0x20000020(r2)
    17e6:	2020           	ldb	rh0,@rr2
    17e8:	2020           	ldb	rh0,@rr2
    17ea:	4445 4641      	orb	rh5,0x46000041(r4)
    17ee:	554c 5420      	popl	0x54000020(r12),@rr4
    17f2:	2056           	ldb	rh6,@rr5
    17f4:	414c 5545      	add	r12,0x55000045(r4)
    17f8:	434f 4e54      	sub	r15,0x4e000054(r4)
    17fc:	524f 4c20      	subl	rr15,0x4c000020(r4)
    1800:	4e4f           	.word 4e4f
    1802:	4445 2043      	orb	rh5,0x20000043(r4)
    1806:	4f4d           	.word 4f4d
    1808:	4d41 4e44 204d 	cp	0x4e000044(r4),#0x204d
    180e:	4f44           	.word 4f44
    1810:	4520 2020      	or	r0,0x20000020(r2)
    1814:	2020           	ldb	rh0,@rr2
    1816:	2020           	ldb	rh0,@rr2
    1818:	2020           	ldb	rh0,@rr2
    181a:	2020           	ldb	rh0,@rr2
    181c:	2020           	ldb	rh0,@rr2
    181e:	2020           	ldb	rh0,@rr2
    1820:	4e4d           	.word 4e4d
    1822:	4920 5449      	xor	r0,0x54000049(r2)
    1826:	4d45 4f55 5420 	ld	0x4f000055(r4),#0x5420
    182c:	4455 5249      	orb	rh5,0x52000049(r5)
    1830:	4e47           	.word 4e47
    1832:	2042           	ldb	rh2,@rr4
    1834:	4f41           	.word 4f41
    1836:	5244 2052      	subl	rr4,0x20000052(r4)
    183a:	4553 4554      	or	r3,0x45000054(r5)
    183e:	2020           	ldb	rh0,@rr2
    1840:	2020           	ldb	rh0,@rr2
    1842:	2020           	ldb	rh0,@rr2
    1844:	2020           	ldb	rh0,@rr2
    1846:	2020           	ldb	rh0,@rr2
    1848:	4c43           	.word 4c43
    184a:	4320 4641      	sub	r0,0x46000041(r2)
    184e:	494c 6572      	xor	r12,0x65000072(r4)
    1852:	7200           	.word 7200
    1854:	2020           	ldb	rh0,@rr2
    1856:	2020           	ldb	rh0,@rr2
    1858:	726f           	.word 726f
    185a:	7574           	.word 7574
    185c:	5f6d           	.word 5f6d
    185e:	6d75 6c6f      	ex	r5,0x6c00006f(r7)
    1862:	6766 693a      	bit	0x6900003a(r6),#0x6
    1866:	2030           	ldb	rh0,@rr3
    1868:	3120 2020      	ld	r0,rr2(#0x2020)
    186c:	2072           	ldb	rh2,@rr7
    186e:	6f75 745f      	ld	0x7400005f(r7),r5
    1872:	6d6d 756c      	ex	r13,0x7500006c(r6)
    1876:	6f67 6669      	ld	0x66000069(r6),r7
    187a:	3a20           	.word 3a20
    187c:	3032 2020      	ldb	rh2,rr3(#0x2020)
    1880:	2020           	ldb	rh0,@rr2
    1882:	726f           	.word 726f
    1884:	7574           	.word 7574
    1886:	5f6d           	.word 5f6d
    1888:	6d75 6c65      	ex	r5,0x6c000065(r7)
    188c:	6e67 743a      	ldb	0x7400003a(r6),rh7
    1890:	2030           	ldb	rh0,@rr3
    1892:	3120 2020      	ld	r0,rr2(#0x2020)
    1896:	2072           	ldb	rh2,@rr7
    1898:	6f75 745f      	ld	0x7400005f(r7),r5
    189c:	7067           	.word 7067
    189e:	6d73 6567      	ex	r3,0x65000067(r7)
    18a2:	3a20           	.word 3a20
    18a4:	2020           	ldb	rh0,@rr2
    18a6:	3031 2020      	ldb	rh1,rr3(#0x2020)
    18aa:	2020           	ldb	rh0,@rr2
    18ac:	726f           	.word 726f
    18ae:	7574           	.word 7574
    18b0:	5f70 676d      	call	0x6700006d(r7)
    18b4:	7365           	.word 7365
    18b6:	673a 2020      	bit	0x20000020(r3),#0xa
    18ba:	2030           	ldb	rh0,@rr3
    18bc:	3220 2020      	ldb	rr2(#0x2020),rh0
    18c0:	2072           	ldb	rh2,@rr7
    18c2:	6f75 745f      	ld	0x7400005f(r7),r5
    18c6:	7067           	.word 7067
    18c8:	6d73 6567      	ex	r3,0x65000067(r7)
    18cc:	3a20           	.word 3a20
    18ce:	2020           	ldb	rh0,@rr2
    18d0:	3033 2020      	ldb	rh3,rr3(#0x2020)
    18d4:	2020           	ldb	rh0,@rr2
    18d6:	726f           	.word 726f
    18d8:	7574           	.word 7574
    18da:	5f70 676d      	call	0x6700006d(r7)
    18de:	7365           	.word 7365
    18e0:	673a 2020      	bit	0x20000020(r3),#0xa
    18e4:	2030           	ldb	rh0,@rr3
    18e6:	3420 2020      	lda	rr0,rr2(#0x2020)
    18ea:	2072           	ldb	rh2,@rr7
    18ec:	6f75 745f      	ld	0x7400005f(r7),r5
    18f0:	7067           	.word 7067
    18f2:	6d73 6567      	ex	r3,0x65000067(r7)
    18f6:	3a20           	.word 3a20
    18f8:	2020           	ldb	rh0,@rr2
    18fa:	3035 2020      	ldb	rh5,rr3(#0x2020)
    18fe:	2020           	ldb	rh0,@rr2
    1900:	726f           	.word 726f
    1902:	7574           	.word 7574
    1904:	5f70 676d      	call	0x6700006d(r7)
    1908:	7365           	.word 7365
    190a:	673a 2020      	bit	0x20000020(r3),#0xa
    190e:	2030           	ldb	rh0,@rr3
    1910:	3600           	bpt	
    1912:	0181           	add	r1,@rr8
    1914:	1000 0101 0000 	cpl	rr0,#0x1010000
    191a:	0000 0015      	addb	rh0,#0x15
	...
    19a2:	a100           	ld	r0,r0
    19a4:	3554 a100      	ldl	rr4,rr5(#0xa100)
    19a8:	3572 a100      	ldl	rr2,rr7(#0xa100)
    19ac:	3584 a100      	ldl	rr4,rr8(#0xa100)
    19b0:	359c a100      	ldl	rr12,rr9(#0xa100)
    19b4:	3544 a100      	ldl	rr4,rr4(#0xa100)
    19b8:	35be a100      	ldl	rr14,rr11(#0xa100)
    19bc:	35d8 a100      	ldl	rr8,rr13(#0xa100)
    19c0:	35f8 a100      	ldl	rr8,rr15(#0xa100)
    19c4:	3554 a100      	ldl	rr4,rr5(#0xa100)
    19c8:	3554 a100      	ldl	rr4,rr5(#0xa100)
    19cc:	3622           	rsvd36	
    19ce:	a100           	ld	r0,r0
    19d0:	3634           	rsvd36	
    19d2:	a100           	ld	r0,r0
    19d4:	3554 a100      	ldl	rr4,rr5(#0xa100)
    19d8:	3554 a100      	ldl	rr4,rr5(#0xa100)
    19dc:	3650           	rsvd36	
    19de:	a100           	ld	r0,r0
    19e0:	366a           	rsvd36	
	...
    1a06:	0000 2020      	addb	rh0,#0x20
    1a0a:	2020           	ldb	rh0,@rr2
    1a0c:	2020           	ldb	rh0,@rr2
    1a0e:	2020           	ldb	rh0,@rr2
    1a10:	2020           	ldb	rh0,@rr2
	...
    1a52:	0000 aaa1      	addb	rh0,#0xa1
	...
    1a66:	0001 0000      	addb	rh1,#0x0
	...
