cf900:  44454421           orb rh5,<<68>>0x0021(r4)
cf904:  20006573           ldb rh0,#0x73
cf908:  79005452           ldps <<84>>0x0052
cf90c:  41434b20           add r3,<<75>>0x0020(r4)
cf910:  3020414c           ldb rh0,rr2(#0x414c)
cf914:  52454144           subl rr5,<<65>>0x0044(r4)
cf918:  59205245           mult rr0,<<82>>0x0045(r2)
cf91c:  434f5244           sub r15,<<82>>0x0044(r4)
cf920:  45446573           or r4,<<101>>0x0073(r4)
cf924:  79005052           ldps <<80>>0x0052
cf928:  4f4752414d20       ext4f #0x4f475241,<<77>>0x0020
cf92e:  2020               ldb rh0,@rr2
cf930:  4e4f54202045       ext4e #0x4e4f5420,<<32>>0x0045
cf936:  58454355           multl rq5,<<67>>0x0055(r4)
cf93a:  54454421           ldl rr5,<<68>>0x0021(r4)
cf93e:  65737900           set <<121>>0x0000(r7),#3
cf942:  2a2a               decb @rr2,#11
cf944:  2a2a               decb @rr2,#11
cf946:  2a2a               decb @rr2,#11
cf948:  2a2a               decb @rr2,#11
cf94a:  2a2a               decb @rr2,#11
cf94c:  2a2a               decb @rr2,#11
cf94e:  2a2a               decb @rr2,#11
cf950:  2053               ldb rh3,@rr5
cf952:  554d4d41           popl <<77>>0x0041(r13),@rr4
cf956:  5259202a           subl rr9,<<32>>0x002a(r5)
cf95a:  2a2a               decb @rr2,#11
cf95c:  2a2a               decb @rr2,#11
cf95e:  2a2a               decb @rr2,#11
cf960:  2a2a               decb @rr2,#11
cf962:  2a2a               decb @rr2,#11
cf964:  2a2a               decb @rr2,#11
cf966:  2a2a               decb @rr2,#11
cf968:  65737900           set <<121>>0x0000(r7),#3
cf96c:  2020               ldb rh0,@rr2
cf96e:  65737900           set <<121>>0x0000(r7),#3
cf972:  2020               ldb rh0,@rr2
cf974:  2020               ldb rh0,@rr2
cf976:  2020               ldb rh0,@rr2
cf978:  2020               ldb rh0,@rr2
cf97a:  2020               ldb rh0,@rr2
cf97c:  2020               ldb rh0,@rr2
cf97e:  2020               ldb rh0,@rr2
cf980:  2020               ldb rh0,@rr2
cf982:  2020               ldb rh0,@rr2
cf984:  2020               ldb rh0,@rr2
cf986:  2020               ldb rh0,@rr2
cf988:  2020               ldb rh0,@rr2
cf98a:  2020               ldb rh0,@rr2
cf98c:  2020               ldb rh0,@rr2
cf98e:  2020               ldb rh0,@rr2
cf990:  2020               ldb rh0,@rr2
cf992:  2020               ldb rh0,@rr2
cf994:  2020               ldb rh0,@rr2
cf996:  2020               ldb rh0,@rr2
cf998:  2020               ldb rh0,@rr2
cf99a:  73657200           ld rr6(r2),r5
cf99e:  4552524f           or r2,<<82>>0x004f(r5)
cf9a2:  52204455           subl rr0,<<68>>0x0055(r2)
cf9a6:  52494e47           subl rr9,<<78>>0x0047(r4)
cf9aa:  2057               ldb rh7,@rr5
cf9ac:  52495449           subl rr9,<<84>>0x0049(r4)
cf9b0:  4e4720504841       ext4e #0x4e472050,<<72>>0x0041
cf9b6:  53457365           push @rr4,<<115>>0x0065(r5)
cf9ba:  7200               .word #0x7200
cf9bc:  2e2e               ldb @rr2,rl6
cf9be:  2e20               ldb @rr2,rh0
cf9c0:  57524954           pop <<73>>0x0054(r2),@rr5
cf9c4:  494e4720           xor r14,<<71>>0x0020(r4)
cf9c8:  53544432           push @rr5,<<68>>0x0032(r4)
cf9cc:  34205048           lda rr0,rr2(#0x5048)
cf9d0:  41534520           add r3,<<69>>0x0020(r5)
cf9d4:  76696400           lda rr9,<<100>>0x0000(r6)
cf9d8:  2020               ldb rh0,@rr2
cf9da:  2020               ldb rh0,@rr2
cf9dc:  2020               ldb rh0,@rr2
cf9de:  2020               ldb rh0,@rr2
cf9e0:  2020               ldb rh0,@rr2
cf9e2:  2020               ldb rh0,@rr2
cf9e4:  2020               ldb rh0,@rr2
cf9e6:  2020               ldb rh0,@rr2
cf9e8:  2020               ldb rh0,@rr2
cf9ea:  2020               ldb rh0,@rr2
cf9ec:  2020               ldb rh0,@rr2
cf9ee:  2020               ldb rh0,@rr2
cf9f0:  2020               ldb rh0,@rr2
cf9f2:  2020               ldb rh0,@rr2
cf9f4:  2020               ldb rh0,@rr2
cf9f6:  2020               ldb rh0,@rr2
cf9f8:  2020               ldb rh0,@rr2
cf9fa:  2020               ldb rh0,@rr2
cf9fc:  2020               ldb rh0,@rr2
cf9fe:  2020               ldb rh0,@rr2
cfa00:  2e2e               ldb @rr2,rl6
cfa02:  2e20               ldb @rr2,rh0
cfa04:  43455254           sub r5,<<82>>0x0054(r4)
cfa08:  49465949           xor r6,<<89>>0x0049(r4)
cfa0c:  4e4720504841       ext4e #0x4e472050,<<72>>0x0041
cfa12:  53452000           push @rr4,<<32>>0x0000(r5)
cfa16:  76696400           lda rr9,<<100>>0x0000(r6)
cfa1a:  2020               ldb rh0,@rr2
cfa1c:  2020               ldb rh0,@rr2
cfa1e:  2020               ldb rh0,@rr2
cfa20:  2020               ldb rh0,@rr2
cfa22:  2020               ldb rh0,@rr2
cfa24:  2020               ldb rh0,@rr2
cfa26:  2020               ldb rh0,@rr2
cfa28:  2020               ldb rh0,@rr2
cfa2a:  2020               ldb rh0,@rr2
cfa2c:  2020               ldb rh0,@rr2
cfa2e:  2020               ldb rh0,@rr2
cfa30:  2020               ldb rh0,@rr2
cfa32:  2020               ldb rh0,@rr2
cfa34:  2020               ldb rh0,@rr2
cfa36:  2020               ldb rh0,@rr2
cfa38:  2020               ldb rh0,@rr2
cfa3a:  2020               ldb rh0,@rr2
cfa3c:  2020               ldb rh0,@rr2
cfa3e:  2020               ldb rh0,@rr2
cfa40:  2020               ldb rh0,@rr2
cfa42:  2e2e               ldb @rr2,rl6
cfa44:  2e20               ldb @rr2,rh0
cfa46:  464f524d           andb rl7,<<82>>0x004d(r4)
cfa4a:  41545449           add r4,<<84>>0x0049(r5)
cfa4e:  4e4720504841       ext4e #0x4e472050,<<72>>0x0041
cfa54:  53452000           push @rr4,<<32>>0x0000(r5)
cfa58:  76696400           lda rr9,<<100>>0x0000(r6)
cfa5c:  73657200           ld rr6(r2),r5
cfa60:  4552524f           or r2,<<82>>0x004f(r5)
cfa64:  52204455           subl rr0,<<68>>0x0055(r2)
cfa68:  52494e47           subl rr9,<<78>>0x0047(r4)
cfa6c:  2057               ldb rh7,@rr5
cfa6e:  52495449           subl rr9,<<84>>0x0049(r4)
cfa72:  4e4720504841       ext4e #0x4e472050,<<72>>0x0041
cfa78:  53457365           push @rr4,<<115>>0x0065(r5)
cfa7c:  7200               .word #0x7200
cfa7e:  53454354           push @rr4,<<67>>0x0054(r5)
cfa82:  4f5220313520       ext4f #0x4f522031,<<53>>0x0020
cfa88:  4f4620544845       ext4f #0x4f462054,<<72>>0x0045
cfa8e:  2053               ldb rh3,@rr5
cfa90:  54442032           ldl rr4,<<32>>0x0032(r4)
cfa94:  34202859           lda rr0,rr2(#0x2859)
cfa98:  3d31               in r1,@r3
cfa9a:  2c4e               exb rl6,@rr4
cfa9c:  3d30               in r0,@r3
cfa9e:  293f               inc @rr3,#16
cfaa0:  2020               ldb rh0,@rr2
cfaa2:  2020               ldb rh0,@rr2
cfaa4:  2020               ldb rh0,@rr2
cfaa6:  444f2059           orb rl7,<<32>>0x0059(r4)
cfaaa:  4f5520524541       ext4f #0x4f552052,<<69>>0x0041
cfab0:  4c4c               .word #0x4c4c
cfab2:  59205741           mult rr0,<<87>>0x0041(r2)
cfab6:  4e5420544f20       ext4e #0x4e542054,<<79>>0x0020
cfabc:  5245504c           subl rr5,<<80>>0x004c(r4)
cfac0:  41434520           add r3,<<69>>0x0020(r4)
cfac4:  54484520           ldl rr8,<<69>>0x0020(r4)
cfac8:  2020               ldb rh0,@rr2
cfaca:  2020               ldb rh0,@rr2
cfacc:  2020               ldb rh0,@rr2
cface:  0cce               .word #0x0cce
cfad0:  0cd4               testb @rr13
cfad2:  0d00               .word #0x0d00
cfad4:  0d08               .word #0x0d08
cfad6:  0ce4               testb @rr14
cfad8:  0d10               com @rr1
cfada:  0d18               clr @rr1
cfadc:  000003c0           addb rh0,#0xc0
cfae0:  00000000           addb rh0,#0x00
cfae4:  00000000           addb rh0,#0x00
cfae8:  00000000           addb rh0,#0x00
cfaec:  00000000           addb rh0,#0x00
cfaf0:  00000000           addb rh0,#0x00
cfaf4:  00000000           addb rh0,#0x00
cfaf8:  00000000           addb rh0,#0x00
cfafc:  00000380           addb rh0,#0x80
cfb00:  00000000           addb rh0,#0x00
cfb04:  00000000           addb rh0,#0x00
cfb08:  00000000           addb rh0,#0x00
cfb0c:  00000000           addb rh0,#0x00
cfb10:  00000000           addb rh0,#0x00
cfb14:  00000000           addb rh0,#0x00
cfb18:  00000000           addb rh0,#0x00
cfb1c:  11f2               pushl @rr15,@rr2
cfb1e:  11f8               pushl @rr15,@rr8
cfb20:  120812081210       subl rr8,#0x12081210
cfb26:  1218               subl rr8,@rr1
cfb28:  1220               subl rr0,@rr2
cfb2a:  1228               subl rr8,@rr2
cfb2c:  0081               addb rh1,@rr8
cfb2e:  0060               addb rh0,@rr6
cfb30:  00000000           addb rh0,#0x00
cfb34:  00000000           addb rh0,#0x00
cfb38:  00000000           addb rh0,#0x00
cfb3c:  00000000           addb rh0,#0x00
cfb40:  00000000           addb rh0,#0x00
cfb44:  00000000           addb rh0,#0x00
cfb48:  00000000           addb rh0,#0x00
cfb4c:  0081               addb rh1,@rr8
cfb4e:  00080000           addb rl0,#0x00
cfb52:  00000000           addb rh0,#0x00
cfb56:  00000000           addb rh0,#0x00
cfb5a:  00000000           addb rh0,#0x00
cfb5e:  00000000           addb rh0,#0x00
cfb62:  00000000           addb rh0,#0x00
cfb66:  00000000           addb rh0,#0x00
cfb6a:  00000081           addb rh0,#0x81
cfb6e:  00080000           addb rl0,#0x00
cfb72:  00000000           addb rh0,#0x00
cfb76:  00000000           addb rh0,#0x00
cfb7a:  00000000           addb rh0,#0x00
cfb7e:  00000000           addb rh0,#0x00
cfb82:  00000000           addb rh0,#0x00
cfb86:  00000000           addb rh0,#0x00
cfb8a:  000024d6           addb rh0,#0xd6
cfb8e:  24d6               setb @rr13,#6
cfb90:  260226b6           bitb rh6,r2
cfb94:  276a               bit @rr6,#10
cfb96:  29c8               inc @rr12,#9
cfb98:  494e5445           xor r14,<<84>>0x0045(r4)
cfb9c:  52525550           subl rr2,<<85>>0x0050(r5)
cfba0:  54204e4f           ldl rr0,<<78>>0x004f(r2)
cfba4:  54204449           ldl rr0,<<68>>0x0049(r2)
cfba8:  5341424c           push @rr4,<<66>>0x004c(r1)
cfbac:  45442121           or r4,<<33>>0x0021(r4)
cfbb0:  21000000           ld r0,#0x0000
cfbb4:  2020               ldb rh0,@rr2
cfbb6:  2020               ldb rh0,@rr2
cfbb8:  726f7574           ldb rr6(r5),rl7
cfbbc:  5f74               .word #0x5f74
cfbbe:  696d7374           inc <<115>>0x0074(r6),#14
cfbc2:  6172743a           ld r2,<<116>>0x003a(r7)
cfbc6:  2030               ldb rh0,@rr3
cfbc8:  31202020           ld r0,rr2(#0x2020)
cfbcc:  2072               ldb rh2,@rr7
cfbce:  6f75745f           ld <<116>>0x005f(r7),r5
cfbd2:  74696d73           lda rr9,rr6(r13)
cfbd6:  74617274           lda rr1,rr6(r2)
cfbda:  3a203032           inirb @rr3,@r2,r0
cfbde:  2020               ldb rh0,@rr2
cfbe0:  2020               ldb rh0,@rr2
cfbe2:  726f7574           ldb rr6(r5),rl7
cfbe6:  5f74               .word #0x5f74
cfbe8:  696d6c65           inc <<108>>0x0065(r6),#14
cfbec:  6767693a           bit <<105>>0x003a(r6),#7
cfbf0:  2030               ldb rh0,@rr3
cfbf2:  31000181           ldr r0,0xfd77
cfbf6:  100001010000       cpl rr0,#0x01010000
cfbfc:  00000015           addb rh0,#0x15
cfc00:  2020               ldb rh0,@rr2
cfc02:  2020               ldb rh0,@rr2
cfc04:  2020               ldb rh0,@rr2
cfc06:  2020               ldb rh0,@rr2
cfc08:  2020               ldb rh0,@rr2
cfc0a:  2020               ldb rh0,@rr2
cfc0c:  2020               ldb rh0,@rr2
cfc0e:  2020               ldb rh0,@rr2
cfc10:  2020               ldb rh0,@rr2
cfc12:  2020               ldb rh0,@rr2
cfc14:  2020               ldb rh0,@rr2
cfc16:  2020               ldb rh0,@rr2
cfc18:  2020               ldb rh0,@rr2
cfc1a:  2020               ldb rh0,@rr2
cfc1c:  2020               ldb rh0,@rr2
cfc1e:  2020               ldb rh0,@rr2
cfc20:  2020               ldb rh0,@rr2
cfc22:  2020               ldb rh0,@rr2
cfc24:  2020               ldb rh0,@rr2
cfc26:  2020               ldb rh0,@rr2
cfc28:  76696400           lda rr9,<<100>>0x0000(r6)
cfc2c:  76696400           lda rr9,<<100>>0x0000(r6)
cfc30:  3e20               outb @r2,rh0
cfc32:  00000000           addb rh0,#0x00
cfc36:  00000000           addb rh0,#0x00
cfc3a:  00000000           addb rh0,#0x00
cfc3e:  00000000           addb rh0,#0x00
cfc42:  00000000           addb rh0,#0x00
cfc46:  00000000           addb rh0,#0x00
cfc4a:  00000000           addb rh0,#0x00
cfc4e:  00000000           addb rh0,#0x00
cfc52:  00000000           addb rh0,#0x00
cfc56:  00000000           addb rh0,#0x00
cfc5a:  00000000           addb rh0,#0x00
cfc5e:  00000000           addb rh0,#0x00
cfc62:  00000000           addb rh0,#0x00
cfc66:  00000000           addb rh0,#0x00
cfc6a:  00000000           addb rh0,#0x00
cfc6e:  00000000           addb rh0,#0x00
cfc72:  00000000           addb rh0,#0x00
cfc76:  00000000           addb rh0,#0x00
cfc7a:  00000000           addb rh0,#0x00
cfc7e:  00000000           addb rh0,#0x00
cfc82:  00000000           addb rh0,#0x00
cfc86:  00000000           addb rh0,#0x00
cfc8a:  00000000           addb rh0,#0x00
cfc8e:  00000000           addb rh0,#0x00
cfc92:  00000000           addb rh0,#0x00
cfc96:  00000000           addb rh0,#0x00
cfc9a:  00000000           addb rh0,#0x00
cfc9e:  00000000           addb rh0,#0x00
cfca2:  00000000           addb rh0,#0x00
cfca6:  00000000           addb rh0,#0x00
cfcaa:  00000000           addb rh0,#0x00
cfcae:  00000000           addb rh0,#0x00
cfcb2:  00000000           addb rh0,#0x00
cfcb6:  00000000           addb rh0,#0x00
cfcba:  00000000           addb rh0,#0x00
cfcbe:  00000000           addb rh0,#0x00
cfcc2:  00000000           addb rh0,#0x00
cfcc6:  00000000           addb rh0,#0x00
cfcca:  00000000           addb rh0,#0x00
cfcce:  00000000           addb rh0,#0x00
cfcd2:  00000000           addb rh0,#0x00
cfcd6:  00000000           addb rh0,#0x00
cfcda:  00000000           addb rh0,#0x00
cfcde:  00000000           addb rh0,#0x00
cfce2:  00000000           addb rh0,#0x00
cfce6:  00000000           addb rh0,#0x00
cfcea:  00000000           addb rh0,#0x00
cfcee:  00000000           addb rh0,#0x00
cfcf2:  00000000           addb rh0,#0x00
cfcf6:  00000000           addb rh0,#0x00
cfcfa:  00000000           addb rh0,#0x00
cfcfe:  00000000           addb rh0,#0x00
cfd02:  00000000           addb rh0,#0x00
cfd06:  00000000           addb rh0,#0x00
cfd0a:  00000000           addb rh0,#0x00
cfd0e:  00000000           addb rh0,#0x00
cfd12:  00000000           addb rh0,#0x00
cfd16:  00000000           addb rh0,#0x00
cfd1a:  00000000           addb rh0,#0x00
cfd1e:  00000000           addb rh0,#0x00
cfd22:  00000000           addb rh0,#0x00
cfd26:  00000000           addb rh0,#0x00
cfd2a:  00000000           addb rh0,#0x00
cfd2e:  00000000           addb rh0,#0x00
cfd32:  00000000           addb rh0,#0x00
cfd36:  00000000           addb rh0,#0x00
cfd3a:  00000000           addb rh0,#0x00
cfd3e:  00000000           addb rh0,#0x00
cfd42:  00000000           addb rh0,#0x00
cfd46:  00000000           addb rh0,#0x00
cfd4a:  00000000           addb rh0,#0x00
cfd4e:  00000000           addb rh0,#0x00
cfd52:  00000000           addb rh0,#0x00
cfd56:  00000000           addb rh0,#0x00
cfd5a:  00000000           addb rh0,#0x00
cfd5e:  00000000           addb rh0,#0x00
cfd62:  00000000           addb rh0,#0x00
cfd66:  00000000           addb rh0,#0x00
cfd6a:  00000000           addb rh0,#0x00
cfd6e:  00000000           addb rh0,#0x00
cfd72:  00000000           addb rh0,#0x00
cfd76:  00000000           addb rh0,#0x00
cfd7a:  00000000           addb rh0,#0x00
cfd7e:  00000000           addb rh0,#0x00
cfd82:  00000000           addb rh0,#0x00
cfd86:  00000000           addb rh0,#0x00
cfd8a:  00000000           addb rh0,#0x00
cfd8e:  00000000           addb rh0,#0x00
cfd92:  00000000           addb rh0,#0x00
cfd96:  00000000           addb rh0,#0x00
cfd9a:  00000000           addb rh0,#0x00
cfd9e:  00000000           addb rh0,#0x00
cfda2:  00000000           addb rh0,#0x00
cfda6:  00000000           addb rh0,#0x00
cfdaa:  00000000           addb rh0,#0x00
cfdae:  00000000           addb rh0,#0x00
cfdb2:  00000000           addb rh0,#0x00
cfdb6:  00000000           addb rh0,#0x00
cfdba:  00000000           addb rh0,#0x00
cfdbe:  00000000           addb rh0,#0x00
cfdc2:  00000000           addb rh0,#0x00
cfdc6:  00000000           addb rh0,#0x00
cfdca:  00000000           addb rh0,#0x00
cfdce:  00000000           addb rh0,#0x00
cfdd2:  00000000           addb rh0,#0x00
cfdd6:  00000000           addb rh0,#0x00
cfdda:  00000000           addb rh0,#0x00
cfdde:  00000000           addb rh0,#0x00
cfde2:  00000000           addb rh0,#0x00
cfde6:  00000000           addb rh0,#0x00
cfdea:  00000000           addb rh0,#0x00
cfdee:  00000000           addb rh0,#0x00
cfdf2:  00000000           addb rh0,#0x00
cfdf6:  00000000           addb rh0,#0x00
cfdfa:  00000000           addb rh0,#0x00
cfdfe:  00000000           addb rh0,#0x00
cfe02:  00000000           addb rh0,#0x00
cfe06:  00000000           addb rh0,#0x00
cfe0a:  00000000           addb rh0,#0x00
cfe0e:  00000000           addb rh0,#0x00
cfe12:  00000000           addb rh0,#0x00
cfe16:  00000000           addb rh0,#0x00
cfe1a:  00000000           addb rh0,#0x00
cfe1e:  00000000           addb rh0,#0x00
cfe22:  00000000           addb rh0,#0x00
cfe26:  00000000           addb rh0,#0x00
cfe2a:  00000000           addb rh0,#0x00
cfe2e:  00000000           addb rh0,#0x00
cfe32:  00000000           addb rh0,#0x00
cfe36:  00000000           addb rh0,#0x00
cfe3a:  00000000           addb rh0,#0x00
cfe3e:  00000000           addb rh0,#0x00
cfe42:  00000000           addb rh0,#0x00
cfe46:  00000000           addb rh0,#0x00
cfe4a:  00000000           addb rh0,#0x00
cfe4e:  00000000           addb rh0,#0x00
cfe52:  00000000           addb rh0,#0x00
cfe56:  00000000           addb rh0,#0x00
cfe5a:  00000000           addb rh0,#0x00
cfe5e:  00000000           addb rh0,#0x00
cfe62:  00000000           addb rh0,#0x00
cfe66:  00000000           addb rh0,#0x00
cfe6a:  00000000           addb rh0,#0x00
cfe6e:  00000000           addb rh0,#0x00
cfe72:  00000000           addb rh0,#0x00
cfe76:  00000000           addb rh0,#0x00
cfe7a:  00000000           addb rh0,#0x00
cfe7e:  00000000           addb rh0,#0x00
cfe82:  00000000           addb rh0,#0x00
cfe86:  00000000           addb rh0,#0x00
cfe8a:  00000000           addb rh0,#0x00
cfe8e:  00000000           addb rh0,#0x00
cfe92:  00000000           addb rh0,#0x00
cfe96:  00000000           addb rh0,#0x00
cfe9a:  00000000           addb rh0,#0x00
cfe9e:  00000000           addb rh0,#0x00
cfea2:  00000000           addb rh0,#0x00
cfea6:  00000000           addb rh0,#0x00
cfeaa:  00000000           addb rh0,#0x00
cfeae:  00000000           addb rh0,#0x00
cfeb2:  00000000           addb rh0,#0x00
cfeb6:  00000000           addb rh0,#0x00
cfeba:  00000000           addb rh0,#0x00
cfebe:  00000000           addb rh0,#0x00
cfec2:  00000000           addb rh0,#0x00
cfec6:  00000000           addb rh0,#0x00
cfeca:  00000000           addb rh0,#0x00
cfece:  00000000           addb rh0,#0x00
cfed2:  00000000           addb rh0,#0x00
cfed6:  00000000           addb rh0,#0x00
cfeda:  00000000           addb rh0,#0x00
cfede:  00000000           addb rh0,#0x00
cfee2:  00000000           addb rh0,#0x00
cfee6:  00000000           addb rh0,#0x00
cfeea:  00000000           addb rh0,#0x00
cfeee:  00000000           addb rh0,#0x00
cfef2:  00000000           addb rh0,#0x00
cfef6:  00000000           addb rh0,#0x00
cfefa:  00000000           addb rh0,#0x00
cfefe:  00000000           addb rh0,#0x00
cff02:  00000000           addb rh0,#0x00
cff06:  00000000           addb rh0,#0x00
cff0a:  00000000           addb rh0,#0x00
cff0e:  00000000           addb rh0,#0x00
cff12:  00000000           addb rh0,#0x00
cff16:  00000000           addb rh0,#0x00
cff1a:  00000000           addb rh0,#0x00
cff1e:  00000000           addb rh0,#0x00
cff22:  00000000           addb rh0,#0x00
cff26:  00000000           addb rh0,#0x00
cff2a:  00000000           addb rh0,#0x00
cff2e:  00000000           addb rh0,#0x00
cff32:  00000000           addb rh0,#0x00
cff36:  00000000           addb rh0,#0x00
cff3a:  00000000           addb rh0,#0x00
cff3e:  00000000           addb rh0,#0x00
cff42:  00000000           addb rh0,#0x00
cff46:  00000000           addb rh0,#0x00
cff4a:  00000000           addb rh0,#0x00
cff4e:  00000000           addb rh0,#0x00
cff52:  00000000           addb rh0,#0x00
cff56:  00000000           addb rh0,#0x00
cff5a:  00000000           addb rh0,#0x00
cff5e:  00000000           addb rh0,#0x00
cff62:  00000000           addb rh0,#0x00
cff66:  00000000           addb rh0,#0x00
cff6a:  00000000           addb rh0,#0x00
cff6e:  00000000           addb rh0,#0x00
cff72:  00000000           addb rh0,#0x00
cff76:  00000000           addb rh0,#0x00
cff7a:  00000000           addb rh0,#0x00
cff7e:  00000000           addb rh0,#0x00
cff82:  00000000           addb rh0,#0x00
cff86:  00000000           addb rh0,#0x00
cff8a:  00000000           addb rh0,#0x00
cff8e:  00000000           addb rh0,#0x00
cff92:  00000000           addb rh0,#0x00
cff96:  00000000           addb rh0,#0x00
cff9a:  00000000           addb rh0,#0x00
cff9e:  00000000           addb rh0,#0x00
cffa2:  00000000           addb rh0,#0x00
cffa6:  00000000           addb rh0,#0x00
cffaa:  00000000           addb rh0,#0x00
cffae:  00000000           addb rh0,#0x00
cffb2:  00000000           addb rh0,#0x00
cffb6:  00000000           addb rh0,#0x00
cffba:  00000000           addb rh0,#0x00
cffbe:  00000000           addb rh0,#0x00
cffc2:  00000000           addb rh0,#0x00
cffc6:  00000000           addb rh0,#0x00
cffca:  00000000           addb rh0,#0x00
cffce:  00000000           addb rh0,#0x00
cffd2:  00000000           addb rh0,#0x00
cffd6:  00000000           addb rh0,#0x00
cffda:  00000000           addb rh0,#0x00
cffde:  00000000           addb rh0,#0x00
cffe2:  00000000           addb rh0,#0x00
cffe6:  00000000           addb rh0,#0x00
cffea:  00000000           addb rh0,#0x00
cffee:  00000000           addb rh0,#0x00
cfff2:  00000000           addb rh0,#0x00
cfff6:  00000000           addb rh0,#0x00
cfffa:  00000000           addb rh0,#0x00
cfffe:  00000000           addb rh0,#0x00
d0002:  00000000           addb rh0,#0x00
d0006:  00000000           addb rh0,#0x00
d000a:  00000000           addb rh0,#0x00
d000e:  00000000           addb rh0,#0x00
d0012:  00000000           addb rh0,#0x00
d0016:  00000000           addb rh0,#0x00
d001a:  00000000           addb rh0,#0x00
d001e:  00000000           addb rh0,#0x00
d0022:  00000000           addb rh0,#0x00
d0026:  00000000           addb rh0,#0x00
d002a:  00000000           addb rh0,#0x00
d002e:  00000000           addb rh0,#0x00
d0032:  00000000           addb rh0,#0x00
d0036:  00000000           addb rh0,#0x00
d003a:  00000000           addb rh0,#0x00
d003e:  00000000           addb rh0,#0x00
d0042:  00000000           addb rh0,#0x00
d0046:  00000000           addb rh0,#0x00
d004a:  00000000           addb rh0,#0x00
d004e:  00000000           addb rh0,#0x00
d0052:  00000000           addb rh0,#0x00
d0056:  00000000           addb rh0,#0x00
d005a:  00000000           addb rh0,#0x00
d005e:  00000000           addb rh0,#0x00
d0062:  00000000           addb rh0,#0x00
d0066:  00000000           addb rh0,#0x00
d006a:  00000000           addb rh0,#0x00
d006e:  00000000           addb rh0,#0x00
d0072:  00000000           addb rh0,#0x00
d0076:  00000000           addb rh0,#0x00
d007a:  00000000           addb rh0,#0x00
d007e:  00000000           addb rh0,#0x00
d0082:  00000000           addb rh0,#0x00
d0086:  00000000           addb rh0,#0x00
d008a:  00000000           addb rh0,#0x00
d008e:  00000000           addb rh0,#0x00
d0092:  00000000           addb rh0,#0x00
d0096:  00000000           addb rh0,#0x00
d009a:  00000000           addb rh0,#0x00
d009e:  00000000           addb rh0,#0x00
d00a2:  00000000           addb rh0,#0x00
d00a6:  00000000           addb rh0,#0x00
d00aa:  00000000           addb rh0,#0x00
d00ae:  00000000           addb rh0,#0x00
d00b2:  00000000           addb rh0,#0x00
d00b6:  00000000           addb rh0,#0x00
d00ba:  00000000           addb rh0,#0x00
d00be:  00000000           addb rh0,#0x00
d00c2:  00000000           addb rh0,#0x00
d00c6:  00000000           addb rh0,#0x00
d00ca:  00000000           addb rh0,#0x00
d00ce:  00000000           addb rh0,#0x00
d00d2:  00000000           addb rh0,#0x00
d00d6:  00000000           addb rh0,#0x00
d00da:  00000000           addb rh0,#0x00
d00de:  00000000           addb rh0,#0x00
d00e2:  00000000           addb rh0,#0x00
d00e6:  00000000           addb rh0,#0x00
d00ea:  00000000           addb rh0,#0x00
d00ee:  00000000           addb rh0,#0x00
d00f2:  00000000           addb rh0,#0x00
d00f6:  00000000           addb rh0,#0x00
d00fa:  00000000           addb rh0,#0x00
d00fe:  00000000           addb rh0,#0x00
d0102:  00000000           addb rh0,#0x00
d0106:  00000000           addb rh0,#0x00
d010a:  00000000           addb rh0,#0x00
d010e:  00000000           addb rh0,#0x00
d0112:  00000000           addb rh0,#0x00
d0116:  00000000           addb rh0,#0x00
d011a:  00000000           addb rh0,#0x00
d011e:  00000000           addb rh0,#0x00
d0122:  00000000           addb rh0,#0x00
d0126:  00000000           addb rh0,#0x00
d012a:  00000000           addb rh0,#0x00
d012e:  00000000           addb rh0,#0x00
d0132:  00000000           addb rh0,#0x00
d0136:  00000000           addb rh0,#0x00
d013a:  00000000           addb rh0,#0x00
d013e:  00000000           addb rh0,#0x00
d0142:  00000000           addb rh0,#0x00
d0146:  00000000           addb rh0,#0x00
d014a:  00000000           addb rh0,#0x00
d014e:  00000000           addb rh0,#0x00
d0152:  00000000           addb rh0,#0x00
d0156:  00000000           addb rh0,#0x00
d015a:  00000000           addb rh0,#0x00
d015e:  00000000           addb rh0,#0x00
d0162:  00000000           addb rh0,#0x00
d0166:  00000000           addb rh0,#0x00
d016a:  00000000           addb rh0,#0x00
d016e:  00000000           addb rh0,#0x00
d0172:  00000000           addb rh0,#0x00
d0176:  00000000           addb rh0,#0x00
d017a:  00000000           addb rh0,#0x00
d017e:  00000000           addb rh0,#0x00
d0182:  00000000           addb rh0,#0x00
d0186:  00000000           addb rh0,#0x00
d018a:  00000000           addb rh0,#0x00
d018e:  00000000           addb rh0,#0x00
d0192:  00000000           addb rh0,#0x00
d0196:  00000000           addb rh0,#0x00
d019a:  00000000           addb rh0,#0x00
d019e:  00000000           addb rh0,#0x00
d01a2:  00000000           addb rh0,#0x00
d01a6:  00000000           addb rh0,#0x00
d01aa:  00000000           addb rh0,#0x00
d01ae:  00000000           addb rh0,#0x00
d01b2:  00000000           addb rh0,#0x00
d01b6:  00000000           addb rh0,#0x00
d01ba:  00000000           addb rh0,#0x00
d01be:  00000000           addb rh0,#0x00
d01c2:  00000000           addb rh0,#0x00
d01c6:  00000000           addb rh0,#0x00
d01ca:  00000000           addb rh0,#0x00
d01ce:  00000000           addb rh0,#0x00
d01d2:  00000000           addb rh0,#0x00
d01d6:  00000000           addb rh0,#0x00
d01da:  00000000           addb rh0,#0x00
d01de:  00000000           addb rh0,#0x00
d01e2:  00000000           addb rh0,#0x00
d01e6:  00000000           addb rh0,#0x00
d01ea:  00000000           addb rh0,#0x00
d01ee:  00000000           addb rh0,#0x00
d01f2:  00000000           addb rh0,#0x00
d01f6:  00000000           addb rh0,#0x00
d01fa:  00000000           addb rh0,#0x00
d01fe:  00000000           addb rh0,#0x00
d0202:  00000000           addb rh0,#0x00
d0206:  00000000           addb rh0,#0x00
d020a:  00000000           addb rh0,#0x00
d020e:  00000000           addb rh0,#0x00
d0212:  00000000           addb rh0,#0x00
d0216:  00000000           addb rh0,#0x00
d021a:  00000000           addb rh0,#0x00
d021e:  00000000           addb rh0,#0x00
d0222:  00000000           addb rh0,#0x00
d0226:  00000000           addb rh0,#0x00
d022a:  00000000           addb rh0,#0x00
d022e:  00000000           addb rh0,#0x00
d0232:  00000000           addb rh0,#0x00
d0236:  00000000           addb rh0,#0x00
d023a:  00000000           addb rh0,#0x00
d023e:  00000000           addb rh0,#0x00
d0242:  00000000           addb rh0,#0x00
d0246:  00000000           addb rh0,#0x00
d024a:  00000000           addb rh0,#0x00
d024e:  00000000           addb rh0,#0x00
d0252:  00000000           addb rh0,#0x00
d0256:  00000000           addb rh0,#0x00
d025a:  00000000           addb rh0,#0x00
d025e:  00000000           addb rh0,#0x00
d0262:  00000000           addb rh0,#0x00
d0266:  00000000           addb rh0,#0x00
d026a:  00000000           addb rh0,#0x00
d026e:  00000000           addb rh0,#0x00
d0272:  00000000           addb rh0,#0x00
d0276:  00000000           addb rh0,#0x00
d027a:  00000000           addb rh0,#0x00
d027e:  00000000           addb rh0,#0x00
d0282:  00000000           addb rh0,#0x00
d0286:  00000000           addb rh0,#0x00
d028a:  00000000           addb rh0,#0x00
d028e:  00000000           addb rh0,#0x00
d0292:  00000000           addb rh0,#0x00
d0296:  00000000           addb rh0,#0x00
d029a:  00000000           addb rh0,#0x00
d029e:  00000000           addb rh0,#0x00
d02a2:  00000000           addb rh0,#0x00
d02a6:  00000000           addb rh0,#0x00
d02aa:  00000000           addb rh0,#0x00
d02ae:  00000000           addb rh0,#0x00
d02b2:  00000000           addb rh0,#0x00
d02b6:  00000000           addb rh0,#0x00
d02ba:  00000000           addb rh0,#0x00
d02be:  00000000           addb rh0,#0x00
d02c2:  00000000           addb rh0,#0x00
d02c6:  00000000           addb rh0,#0x00
d02ca:  00000000           addb rh0,#0x00
d02ce:  00000000           addb rh0,#0x00
d02d2:  00000000           addb rh0,#0x00
d02d6:  00000000           addb rh0,#0x00
d02da:  00000000           addb rh0,#0x00
d02de:  00000000           addb rh0,#0x00
d02e2:  00000000           addb rh0,#0x00
d02e6:  00000000           addb rh0,#0x00
d02ea:  00000000           addb rh0,#0x00
d02ee:  00000000           addb rh0,#0x00
d02f2:  00000000           addb rh0,#0x00
d02f6:  00000000           addb rh0,#0x00
d02fa:  00000000           addb rh0,#0x00
d02fe:  00000000           addb rh0,#0x00
d0302:  00000000           addb rh0,#0x00
d0306:  00000000           addb rh0,#0x00
d030a:  00000000           addb rh0,#0x00
d030e:  00000000           addb rh0,#0x00
d0312:  00000000           addb rh0,#0x00
d0316:  00000000           addb rh0,#0x00
d031a:  00000000           addb rh0,#0x00
d031e:  00000000           addb rh0,#0x00
d0322:  00000000           addb rh0,#0x00
d0326:  00000000           addb rh0,#0x00
d032a:  00000000           addb rh0,#0x00
d032e:  00000000           addb rh0,#0x00
d0332:  564f4c31           addl rr15,<<76>>0x0031(r4)
d0336:  2020               ldb rh0,@rr2
d0338:  2020               ldb rh0,@rr2
d033a:  2020               ldb rh0,@rr2
d033c:  2020               ldb rh0,@rr2
d033e:  2020               ldb rh0,@rr2
d0340:  2020               ldb rh0,@rr2
d0342:  2020               ldb rh0,@rr2
d0344:  2020               ldb rh0,@rr2
d0346:  2020               ldb rh0,@rr2
d0348:  2020               ldb rh0,@rr2
d034a:  2020               ldb rh0,@rr2
d034c:  2020               ldb rh0,@rr2
d034e:  2020               ldb rh0,@rr2
d0350:  2020               ldb rh0,@rr2
d0352:  2020               ldb rh0,@rr2
d0354:  2020               ldb rh0,@rr2
d0356:  2020               ldb rh0,@rr2
d0358:  2020               ldb rh0,@rr2
d035a:  2020               ldb rh0,@rr2
d035c:  2020               ldb rh0,@rr2
d035e:  2020               ldb rh0,@rr2
d0360:  2020               ldb rh0,@rr2
d0362:  2020               ldb rh0,@rr2
d0364:  2020               ldb rh0,@rr2
d0366:  2020               ldb rh0,@rr2
d0368:  2020               ldb rh0,@rr2
d036a:  2020               ldb rh0,@rr2
d036c:  2020               ldb rh0,@rr2
d036e:  2020               ldb rh0,@rr2
d0370:  2020               ldb rh0,@rr2
d0372:  2020               ldb rh0,@rr2
d0374:  2020               ldb rh0,@rr2
d0376:  2020               ldb rh0,@rr2
d0378:  2034               ldb rh4,@rr3
d037a:  2020               ldb rh0,@rr2
d037c:  2038               ldb rl0,@rr3
d037e:  2020               ldb rh0,@rr2
d0380:  2057               ldb rh7,@rr5
d0382:  56303630           addl rr0,<<54>>0x0030(r3)
d0386:  3830               .word #0x3830
d0388:  33323235           ld rr3(#0x3235),r2
d038c:  3630               .word #0x3630
d038e:  0269               subb rl1,@rr6
d0390:  026a               subb rl2,@rr6
d0392:  001c               addb rl4,@rr1
d0394:  0269               subb rl1,@rr6
d0396:  00000000           addb rh0,#0x00
d039a:  0070               addb rh0,@rr7
d039c:  026a               subb rl2,@rr6
d039e:  00000000           addb rh0,#0x00
d03a2:  0070               addb rh0,@rr7
d03a4:  ffff               djnz r15,0x02a8
d03a6:  ffff               djnz r15,0x02aa
d03a8:  ffff               djnz r15,0x02ac
d03aa:  ffff               djnz r15,0x02ae
d03ac:  ffff               djnz r15,0x02b0
d03ae:  ffff               djnz r15,0x02b2
d03b0:  ffff               djnz r15,0x02b4
d03b2:  ffff               djnz r15,0x02b6
d03b4:  0100000c           add r0,#0x000c
d03b8:  ffff               djnz r15,0x02bc
d03ba:  0000ffff           addb rh0,#0xff
d03be:  0000ffff           addb rh0,#0xff
d03c2:  0000ffff           addb rh0,#0xff
d03c6:  ffff               djnz r15,0x02ca
d03c8:  ffff               djnz r15,0x02cc
d03ca:  ffff               djnz r15,0x02ce
d03cc:  ffff               djnz r15,0x02d0
d03ce:  ffff               djnz r15,0x02d2
d03d0:  ffff               djnz r15,0x02d4
d03d2:  ffff               djnz r15,0x02d6
d03d4:  ffff               djnz r15,0x02d8
d03d6:  ffff               djnz r15,0x02da
d03d8:  ffff               djnz r15,0x02dc
d03da:  ffff               djnz r15,0x02de
d03dc:  ffff               djnz r15,0x02e0
d03de:  ffff               djnz r15,0x02e2
d03e0:  ffff               djnz r15,0x02e4
d03e2:  ffff               djnz r15,0x02e6
d03e4:  ffff               djnz r15,0x02e8
d03e6:  ffff               djnz r15,0x02ea
d03e8:  ffff               djnz r15,0x02ec
d03ea:  ffff               djnz r15,0x02ee
d03ec:  ffff               djnz r15,0x02f0
d03ee:  ffff               djnz r15,0x02f2
d03f0:  ffff               djnz r15,0x02f4
d03f2:  ffff               djnz r15,0x02f6
d03f4:  ffff               djnz r15,0x02f8
d03f6:  ffff               djnz r15,0x02fa
d03f8:  ffff               djnz r15,0x02fc
d03fa:  2020               ldb rh0,@rr2
d03fc:  2020               ldb rh0,@rr2
d03fe:  2020               ldb rh0,@rr2
d0400:  2020               ldb rh0,@rr2
d0402:  2020               ldb rh0,@rr2
d0404:  2020               ldb rh0,@rr2
d0406:  2020               ldb rh0,@rr2
d0408:  2020               ldb rh0,@rr2
d040a:  2020               ldb rh0,@rr2
d040c:  2020               ldb rh0,@rr2
d040e:  2020               ldb rh0,@rr2
d0410:  2020               ldb rh0,@rr2
d0412:  2020               ldb rh0,@rr2
d0414:  2020               ldb rh0,@rr2
d0416:  2020               ldb rh0,@rr2
d0418:  2020               ldb rh0,@rr2
d041a:  2020               ldb rh0,@rr2
d041c:  2020               ldb rh0,@rr2
d041e:  2020               ldb rh0,@rr2
d0420:  2020               ldb rh0,@rr2
d0422:  2020               ldb rh0,@rr2
d0424:  2020               ldb rh0,@rr2
d0426:  2020               ldb rh0,@rr2
d0428:  2020               ldb rh0,@rr2
d042a:  2020               ldb rh0,@rr2
d042c:  2020               ldb rh0,@rr2
d042e:  2020               ldb rh0,@rr2
d0430:  2020               ldb rh0,@rr2
d0432:  53534944           push @rr5,<<73>>0x0044(r3)
d0436:  2020               ldb rh0,@rr2
d0438:  2020               ldb rh0,@rr2
d043a:  00000000           addb rh0,#0x00
d043e:  00000000           addb rh0,#0x00
d0442:  00000000           addb rh0,#0x00
d0446:  00000000           addb rh0,#0x00
d044a:  00000000           addb rh0,#0x00
d044e:  00000000           addb rh0,#0x00
d0452:  00000000           addb rh0,#0x00
d0456:  00000000           addb rh0,#0x00
d045a:  00000000           addb rh0,#0x00
d045e:  00000000           addb rh0,#0x00
d0462:  00000000           addb rh0,#0x00
d0466:  00000000           addb rh0,#0x00
d046a:  2020               ldb rh0,@rr2
d046c:  2020               ldb rh0,@rr2
d046e:  2020               ldb rh0,@rr2
d0470:  2020               ldb rh0,@rr2
d0472:  2020               ldb rh0,@rr2
d0474:  2020               ldb rh0,@rr2
d0476:  2020               ldb rh0,@rr2
d0478:  2020               ldb rh0,@rr2
d047a:  00000000           addb rh0,#0x00
d047e:  00000000           addb rh0,#0x00
d0482:  00000000           addb rh0,#0x00
d0486:  00000000           addb rh0,#0x00
d048a:  00000000           addb rh0,#0x00
d048e:  00000000           addb rh0,#0x00
d0492:  2020               ldb rh0,@rr2
d0494:  2020               ldb rh0,@rr2
d0496:  2020               ldb rh0,@rr2
d0498:  2020               ldb rh0,@rr2
d049a:  00000000           addb rh0,#0x00
d049e:  00000000           addb rh0,#0x00
d04a2:  00000000           addb rh0,#0x00
d04a6:  00000000           addb rh0,#0x00
d04aa:  00000000           addb rh0,#0x00
d04ae:  00000000           addb rh0,#0x00
d04b2:  2020               ldb rh0,@rr2
d04b4:  2020               ldb rh0,@rr2
d04b6:  2020               ldb rh0,@rr2
d04b8:  2020               ldb rh0,@rr2
d04ba:  00000000           addb rh0,#0x00
d04be:  00000000           addb rh0,#0x00
d04c2:  00000000           addb rh0,#0x00
d04c6:  00000000           addb rh0,#0x00
d04ca:  00000000           addb rh0,#0x00
d04ce:  00000000           addb rh0,#0x00
d04d2:  2020               ldb rh0,@rr2
d04d4:  2020               ldb rh0,@rr2
d04d6:  2020               ldb rh0,@rr2
d04d8:  2020               ldb rh0,@rr2
d04da:  00000000           addb rh0,#0x00
d04de:  00000000           addb rh0,#0x00
d04e2:  00000000           addb rh0,#0x00
d04e6:  00000000           addb rh0,#0x00
d04ea:  00000000           addb rh0,#0x00
d04ee:  00000000           addb rh0,#0x00
d04f2:  2020               ldb rh0,@rr2
d04f4:  2020               ldb rh0,@rr2
d04f6:  2020               ldb rh0,@rr2
d04f8:  2020               ldb rh0,@rr2
d04fa:  00000000           addb rh0,#0x00
d04fe:  00000000           addb rh0,#0x00
d0502:  00000000           addb rh0,#0x00
d0506:  00000000           addb rh0,#0x00
d050a:  00000000           addb rh0,#0x00
d050e:  00000000           addb rh0,#0x00
d0512:  2020               ldb rh0,@rr2
d0514:  2020               ldb rh0,@rr2
d0516:  2020               ldb rh0,@rr2
d0518:  2020               ldb rh0,@rr2
d051a:  00000000           addb rh0,#0x00
d051e:  00000000           addb rh0,#0x00
d0522:  00000000           addb rh0,#0x00
d0526:  00000000           addb rh0,#0x00
d052a:  00000000           addb rh0,#0x00
d052e:  00000000           addb rh0,#0x00
d0532:  2020               ldb rh0,@rr2
d0534:  2020               ldb rh0,@rr2
d0536:  2020               ldb rh0,@rr2
d0538:  2020               ldb rh0,@rr2
d053a:  00000000           addb rh0,#0x00
d053e:  00000000           addb rh0,#0x00
d0542:  00000000           addb rh0,#0x00
d0546:  00000000           addb rh0,#0x00
d054a:  2020               ldb rh0,@rr2
d054c:  2020               ldb rh0,@rr2
d054e:  2020               ldb rh0,@rr2
d0550:  2020               ldb rh0,@rr2
d0552:  2020               ldb rh0,@rr2
d0554:  2020               ldb rh0,@rr2
d0556:  2020               ldb rh0,@rr2
d0558:  2020               ldb rh0,@rr2
d055a:  00000000           addb rh0,#0x00
d055e:  00000000           addb rh0,#0x00
d0562:  00000000           addb rh0,#0x00
d0566:  00000000           addb rh0,#0x00
d056a:  2020               ldb rh0,@rr2
d056c:  2020               ldb rh0,@rr2
d056e:  2020               ldb rh0,@rr2
d0570:  2020               ldb rh0,@rr2
d0572:  2020               ldb rh0,@rr2
d0574:  2020               ldb rh0,@rr2
d0576:  2020               ldb rh0,@rr2
d0578:  2020               ldb rh0,@rr2
d057a:  00000000           addb rh0,#0x00
d057e:  00000000           addb rh0,#0x00
d0582:  00000000           addb rh0,#0x00
d0586:  00000000           addb rh0,#0x00
d058a:  2020               ldb rh0,@rr2
d058c:  2020               ldb rh0,@rr2
d058e:  2020               ldb rh0,@rr2
d0590:  2020               ldb rh0,@rr2
d0592:  2020               ldb rh0,@rr2
d0594:  2020               ldb rh0,@rr2
d0596:  2020               ldb rh0,@rr2
d0598:  2020               ldb rh0,@rr2
d059a:  00000000           addb rh0,#0x00
d059e:  00000000           addb rh0,#0x00
d05a2:  00000000           addb rh0,#0x00
d05a6:  00000000           addb rh0,#0x00
d05aa:  2020               ldb rh0,@rr2
d05ac:  2020               ldb rh0,@rr2
d05ae:  2020               ldb rh0,@rr2
d05b0:  2020               ldb rh0,@rr2
d05b2:  2020               ldb rh0,@rr2
d05b4:  2020               ldb rh0,@rr2
d05b6:  2020               ldb rh0,@rr2
d05b8:  2020               ldb rh0,@rr2
d05ba:  00000000           addb rh0,#0x00
d05be:  00000000           addb rh0,#0x00
d05c2:  00000000           addb rh0,#0x00
d05c6:  00000000           addb rh0,#0x00
d05ca:  2020               ldb rh0,@rr2
d05cc:  2020               ldb rh0,@rr2
d05ce:  2020               ldb rh0,@rr2
d05d0:  2020               ldb rh0,@rr2
d05d2:  2020               ldb rh0,@rr2
d05d4:  2020               ldb rh0,@rr2
d05d6:  2020               ldb rh0,@rr2
d05d8:  2020               ldb rh0,@rr2
d05da:  00000000           addb rh0,#0x00
d05de:  00000000           addb rh0,#0x00
d05e2:  00000000           addb rh0,#0x00
d05e6:  00000000           addb rh0,#0x00
d05ea:  2020               ldb rh0,@rr2
d05ec:  2020               ldb rh0,@rr2
d05ee:  2020               ldb rh0,@rr2
d05f0:  2020               ldb rh0,@rr2
d05f2:  2020               ldb rh0,@rr2
d05f4:  2020               ldb rh0,@rr2
d05f6:  2020               ldb rh0,@rr2
d05f8:  2020               ldb rh0,@rr2
d05fa:  00000000           addb rh0,#0x00
d05fe:  00000000           addb rh0,#0x00
d0602:  00000000           addb rh0,#0x00
d0606:  00000000           addb rh0,#0x00
d060a:  2020               ldb rh0,@rr2
d060c:  2020               ldb rh0,@rr2
d060e:  2020               ldb rh0,@rr2
d0610:  2020               ldb rh0,@rr2
d0612:  2020               ldb rh0,@rr2
d0614:  2020               ldb rh0,@rr2
d0616:  2020               ldb rh0,@rr2
d0618:  2020               ldb rh0,@rr2
d061a:  00000000           addb rh0,#0x00
d061e:  00000000           addb rh0,#0x00
d0622:  00000000           addb rh0,#0x00
d0626:  00000000           addb rh0,#0x00
d062a:  2020               ldb rh0,@rr2
d062c:  2020               ldb rh0,@rr2
d062e:  2020               ldb rh0,@rr2
d0630:  2020               ldb rh0,@rr2
d0632:  564f4c31           addl rr15,<<76>>0x0031(r4)
d0636:  2020               ldb rh0,@rr2
d0638:  2020               ldb rh0,@rr2
d063a:  2020               ldb rh0,@rr2
d063c:  2020               ldb rh0,@rr2
d063e:  2020               ldb rh0,@rr2
d0640:  2020               ldb rh0,@rr2
d0642:  2020               ldb rh0,@rr2
d0644:  2020               ldb rh0,@rr2
d0646:  2020               ldb rh0,@rr2
d0648:  2020               ldb rh0,@rr2
d064a:  2020               ldb rh0,@rr2
d064c:  2020               ldb rh0,@rr2
d064e:  2020               ldb rh0,@rr2
d0650:  2020               ldb rh0,@rr2
d0652:  2020               ldb rh0,@rr2
d0654:  2020               ldb rh0,@rr2
d0656:  2020               ldb rh0,@rr2
d0658:  2020               ldb rh0,@rr2
d065a:  2020               ldb rh0,@rr2
d065c:  2020               ldb rh0,@rr2
d065e:  2020               ldb rh0,@rr2
d0660:  2020               ldb rh0,@rr2
d0662:  2020               ldb rh0,@rr2
d0664:  2020               ldb rh0,@rr2
d0666:  2020               ldb rh0,@rr2
d0668:  2020               ldb rh0,@rr2
d066a:  2020               ldb rh0,@rr2
d066c:  2020               ldb rh0,@rr2
d066e:  2020               ldb rh0,@rr2
d0670:  2020               ldb rh0,@rr2
d0672:  2020               ldb rh0,@rr2
d0674:  2020               ldb rh0,@rr2
d0676:  2020               ldb rh0,@rr2
d0678:  2034               ldb rh4,@rr3
d067a:  2020               ldb rh0,@rr2
d067c:  2038               ldb rl0,@rr3
d067e:  2020               ldb rh0,@rr2
d0680:  2057               ldb rh7,@rr5
d0682:  56303630           addl rr0,<<54>>0x0030(r3)
d0686:  3830               .word #0x3830
d0688:  33323235           ld rr3(#0x3235),r2
d068c:  3630               .word #0x3630
d068e:  0269               subb rl1,@rr6
d0690:  026a               subb rl2,@rr6
d0692:  001c               addb rl4,@rr1
d0694:  0269               subb rl1,@rr6
d0696:  00000000           addb rh0,#0x00
d069a:  0070               addb rh0,@rr7
d069c:  026a               subb rl2,@rr6
d069e:  00000000           addb rh0,#0x00
d06a2:  0070               addb rh0,@rr7
d06a4:  ffff               djnz r15,0x05a8
d06a6:  ffff               djnz r15,0x05aa
d06a8:  ffff               djnz r15,0x05ac
d06aa:  ffff               djnz r15,0x05ae
d06ac:  ffff               djnz r15,0x05b0
d06ae:  ffff               djnz r15,0x05b2
d06b0:  ffff               djnz r15,0x05b4
d06b2:  ffff               djnz r15,0x05b6
d06b4:  0100000c           add r0,#0x000c
d06b8:  ffff               djnz r15,0x05bc
d06ba:  0000ffff           addb rh0,#0xff
d06be:  0000ffff           addb rh0,#0xff
d06c2:  0000ffff           addb rh0,#0xff
d06c6:  ffff               djnz r15,0x05ca
d06c8:  ffff               djnz r15,0x05cc
d06ca:  ffff               djnz r15,0x05ce
d06cc:  ffff               djnz r15,0x05d0
d06ce:  ffff               djnz r15,0x05d2
d06d0:  ffff               djnz r15,0x05d4
d06d2:  ffff               djnz r15,0x05d6
d06d4:  ffff               djnz r15,0x05d8
d06d6:  ffff               djnz r15,0x05da
d06d8:  ffff               djnz r15,0x05dc
d06da:  ffff               djnz r15,0x05de
d06dc:  ffff               djnz r15,0x05e0
d06de:  ffff               djnz r15,0x05e2
d06e0:  ffff               djnz r15,0x05e4
d06e2:  ffff               djnz r15,0x05e6
d06e4:  ffff               djnz r15,0x05e8
d06e6:  ffff               djnz r15,0x05ea
d06e8:  ffff               djnz r15,0x05ec
d06ea:  ffff               djnz r15,0x05ee
d06ec:  ffff               djnz r15,0x05f0
d06ee:  ffff               djnz r15,0x05f2
d06f0:  ffff               djnz r15,0x05f4
d06f2:  ffff               djnz r15,0x05f6
d06f4:  ffff               djnz r15,0x05f8
d06f6:  ffff               djnz r15,0x05fa
d06f8:  ffff               djnz r15,0x05fc
d06fa:  2020               ldb rh0,@rr2
d06fc:  2020               ldb rh0,@rr2
d06fe:  2020               ldb rh0,@rr2
d0700:  2020               ldb rh0,@rr2
d0702:  2020               ldb rh0,@rr2
d0704:  2020               ldb rh0,@rr2
d0706:  2020               ldb rh0,@rr2
d0708:  2020               ldb rh0,@rr2
d070a:  2020               ldb rh0,@rr2
d070c:  2020               ldb rh0,@rr2
d070e:  2020               ldb rh0,@rr2
d0710:  2020               ldb rh0,@rr2
d0712:  2020               ldb rh0,@rr2
d0714:  2020               ldb rh0,@rr2
d0716:  2020               ldb rh0,@rr2
d0718:  2020               ldb rh0,@rr2
d071a:  2020               ldb rh0,@rr2
d071c:  2020               ldb rh0,@rr2
d071e:  2020               ldb rh0,@rr2
d0720:  2020               ldb rh0,@rr2
d0722:  2020               ldb rh0,@rr2
d0724:  2020               ldb rh0,@rr2
d0726:  2020               ldb rh0,@rr2
d0728:  2020               ldb rh0,@rr2
d072a:  2020               ldb rh0,@rr2
d072c:  2020               ldb rh0,@rr2
d072e:  2020               ldb rh0,@rr2
d0730:  2020               ldb rh0,@rr2
d0732:  53534944           push @rr5,<<73>>0x0044(r3)
d0736:  2020               ldb rh0,@rr2
d0738:  2020               ldb rh0,@rr2
d073a:  00000000           addb rh0,#0x00
d073e:  00000000           addb rh0,#0x00
d0742:  00000000           addb rh0,#0x00
d0746:  00000000           addb rh0,#0x00
d074a:  00000000           addb rh0,#0x00
d074e:  00000000           addb rh0,#0x00
d0752:  00000000           addb rh0,#0x00
d0756:  00000000           addb rh0,#0x00
d075a:  00000000           addb rh0,#0x00
d075e:  00000000           addb rh0,#0x00
d0762:  00000000           addb rh0,#0x00
d0766:  00000000           addb rh0,#0x00
d076a:  2020               ldb rh0,@rr2
d076c:  2020               ldb rh0,@rr2
d076e:  2020               ldb rh0,@rr2
d0770:  2020               ldb rh0,@rr2
d0772:  2020               ldb rh0,@rr2
d0774:  2020               ldb rh0,@rr2
d0776:  2020               ldb rh0,@rr2
d0778:  2020               ldb rh0,@rr2
d077a:  00000000           addb rh0,#0x00
d077e:  00000000           addb rh0,#0x00
d0782:  00000000           addb rh0,#0x00
d0786:  00000000           addb rh0,#0x00
d078a:  00000000           addb rh0,#0x00
d078e:  00000000           addb rh0,#0x00
d0792:  2020               ldb rh0,@rr2
d0794:  2020               ldb rh0,@rr2
d0796:  2020               ldb rh0,@rr2
d0798:  2020               ldb rh0,@rr2
d079a:  00000000           addb rh0,#0x00
d079e:  00000000           addb rh0,#0x00
d07a2:  00000000           addb rh0,#0x00
d07a6:  00000000           addb rh0,#0x00
d07aa:  00000000           addb rh0,#0x00
d07ae:  00000000           addb rh0,#0x00
d07b2:  2020               ldb rh0,@rr2
d07b4:  2020               ldb rh0,@rr2
d07b6:  2020               ldb rh0,@rr2
d07b8:  2020               ldb rh0,@rr2
d07ba:  00000000           addb rh0,#0x00
d07be:  00000000           addb rh0,#0x00
d07c2:  00000000           addb rh0,#0x00
d07c6:  00000000           addb rh0,#0x00
d07ca:  00000000           addb rh0,#0x00
d07ce:  00000000           addb rh0,#0x00
d07d2:  2020               ldb rh0,@rr2
d07d4:  2020               ldb rh0,@rr2
d07d6:  2020               ldb rh0,@rr2
d07d8:  2020               ldb rh0,@rr2
d07da:  00000000           addb rh0,#0x00
d07de:  00000000           addb rh0,#0x00
d07e2:  00000000           addb rh0,#0x00
d07e6:  00000000           addb rh0,#0x00
d07ea:  00000000           addb rh0,#0x00
d07ee:  00000000           addb rh0,#0x00
d07f2:  2020               ldb rh0,@rr2
d07f4:  2020               ldb rh0,@rr2
d07f6:  2020               ldb rh0,@rr2
d07f8:  2020               ldb rh0,@rr2
d07fa:  00000000           addb rh0,#0x00
d07fe:  00000000           addb rh0,#0x00
d0802:  00000000           addb rh0,#0x00
d0806:  00000000           addb rh0,#0x00
d080a:  00000000           addb rh0,#0x00
d080e:  00000000           addb rh0,#0x00
d0812:  2020               ldb rh0,@rr2
d0814:  2020               ldb rh0,@rr2
d0816:  2020               ldb rh0,@rr2
d0818:  2020               ldb rh0,@rr2
d081a:  00000000           addb rh0,#0x00
d081e:  00000000           addb rh0,#0x00
d0822:  00000000           addb rh0,#0x00
d0826:  00000000           addb rh0,#0x00
d082a:  00000000           addb rh0,#0x00
d082e:  00000000           addb rh0,#0x00
d0832:  2020               ldb rh0,@rr2
d0834:  2020               ldb rh0,@rr2
d0836:  2020               ldb rh0,@rr2
d0838:  2020               ldb rh0,@rr2
d083a:  00000000           addb rh0,#0x00
d083e:  00000000           addb rh0,#0x00
d0842:  00000000           addb rh0,#0x00
d0846:  00000000           addb rh0,#0x00
d084a:  2020               ldb rh0,@rr2
d084c:  2020               ldb rh0,@rr2
d084e:  2020               ldb rh0,@rr2
d0850:  2020               ldb rh0,@rr2
d0852:  2020               ldb rh0,@rr2
d0854:  2020               ldb rh0,@rr2
d0856:  2020               ldb rh0,@rr2
d0858:  2020               ldb rh0,@rr2
d085a:  00000000           addb rh0,#0x00
d085e:  00000000           addb rh0,#0x00
d0862:  00000000           addb rh0,#0x00
d0866:  00000000           addb rh0,#0x00
d086a:  2020               ldb rh0,@rr2
d086c:  2020               ldb rh0,@rr2
d086e:  2020               ldb rh0,@rr2
d0870:  2020               ldb rh0,@rr2
d0872:  2020               ldb rh0,@rr2
d0874:  2020               ldb rh0,@rr2
d0876:  2020               ldb rh0,@rr2
d0878:  2020               ldb rh0,@rr2
d087a:  00000000           addb rh0,#0x00
d087e:  00000000           addb rh0,#0x00
d0882:  00000000           addb rh0,#0x00
d0886:  00000000           addb rh0,#0x00
d088a:  2020               ldb rh0,@rr2
d088c:  2020               ldb rh0,@rr2
d088e:  2020               ldb rh0,@rr2
d0890:  2020               ldb rh0,@rr2
d0892:  2020               ldb rh0,@rr2
d0894:  2020               ldb rh0,@rr2
d0896:  2020               ldb rh0,@rr2
d0898:  2020               ldb rh0,@rr2
d089a:  00000000           addb rh0,#0x00
d089e:  00000000           addb rh0,#0x00
d08a2:  00000000           addb rh0,#0x00
d08a6:  00000000           addb rh0,#0x00
d08aa:  2020               ldb rh0,@rr2
d08ac:  2020               ldb rh0,@rr2
d08ae:  2020               ldb rh0,@rr2
d08b0:  2020               ldb rh0,@rr2
d08b2:  2020               ldb rh0,@rr2
d08b4:  2020               ldb rh0,@rr2
d08b6:  2020               ldb rh0,@rr2
d08b8:  2020               ldb rh0,@rr2
d08ba:  00000000           addb rh0,#0x00
d08be:  00000000           addb rh0,#0x00
d08c2:  00000000           addb rh0,#0x00
d08c6:  00000000           addb rh0,#0x00
d08ca:  2020               ldb rh0,@rr2
d08cc:  2020               ldb rh0,@rr2
d08ce:  2020               ldb rh0,@rr2
d08d0:  2020               ldb rh0,@rr2
d08d2:  2020               ldb rh0,@rr2
d08d4:  2020               ldb rh0,@rr2
d08d6:  2020               ldb rh0,@rr2
d08d8:  2020               ldb rh0,@rr2
d08da:  00000000           addb rh0,#0x00
d08de:  00000000           addb rh0,#0x00
d08e2:  00000000           addb rh0,#0x00
d08e6:  00000000           addb rh0,#0x00
d08ea:  2020               ldb rh0,@rr2
d08ec:  2020               ldb rh0,@rr2
d08ee:  2020               ldb rh0,@rr2
d08f0:  2020               ldb rh0,@rr2
d08f2:  2020               ldb rh0,@rr2
d08f4:  2020               ldb rh0,@rr2
d08f6:  2020               ldb rh0,@rr2
d08f8:  2020               ldb rh0,@rr2
d08fa:  00000000           addb rh0,#0x00
d08fe:  00000000           addb rh0,#0x00
d0902:  00000000           addb rh0,#0x00
d0906:  00000000           addb rh0,#0x00
d090a:  2020               ldb rh0,@rr2
d090c:  2020               ldb rh0,@rr2
d090e:  2020               ldb rh0,@rr2
d0910:  2020               ldb rh0,@rr2
d0912:  2020               ldb rh0,@rr2
d0914:  2020               ldb rh0,@rr2
d0916:  2020               ldb rh0,@rr2
d0918:  2020               ldb rh0,@rr2
d091a:  00000000           addb rh0,#0x00
d091e:  00000000           addb rh0,#0x00
d0922:  00000000           addb rh0,#0x00
d0926:  00000000           addb rh0,#0x00
d092a:  2020               ldb rh0,@rr2
d092c:  2020               ldb rh0,@rr2
d092e:  2020               ldb rh0,@rr2
d0930:  2020               ldb rh0,@rr2
d0932:  00000000           addb rh0,#0x00
d0936:  00000000           addb rh0,#0x00
d093a:  00000000           addb rh0,#0x00
d093e:  00000000           addb rh0,#0x00
d0942:  00000000           addb rh0,#0x00
d0946:  00000000           addb rh0,#0x00
d094a:  00000000           addb rh0,#0x00
d094e:  00000000           addb rh0,#0x00
d0952:  00000000           addb rh0,#0x00
d0956:  00000000           addb rh0,#0x00
d095a:  00000000           addb rh0,#0x00
d095e:  00000000           addb rh0,#0x00
d0962:  00000000           addb rh0,#0x00
d0966:  00000000           addb rh0,#0x00
d096a:  00000000           addb rh0,#0x00
d096e:  00000000           addb rh0,#0x00
d0972:  00000000           addb rh0,#0x00
d0976:  00000000           addb rh0,#0x00
d097a:  00000000           addb rh0,#0x00
d097e:  00000000           addb rh0,#0x00
d0982:  00000000           addb rh0,#0x00
d0986:  00000000           addb rh0,#0x00
d098a:  00000000           addb rh0,#0x00
d098e:  00000000           addb rh0,#0x00
d0992:  00000000           addb rh0,#0x00
d0996:  00000000           addb rh0,#0x00
d099a:  00000000           addb rh0,#0x00
d099e:  00000000           addb rh0,#0x00
d09a2:  00000000           addb rh0,#0x00
d09a6:  00000000           addb rh0,#0x00
d09aa:  00000000           addb rh0,#0x00
d09ae:  00000000           addb rh0,#0x00
d09b2:  00000000           addb rh0,#0x00
d09b6:  00000000           addb rh0,#0x00
d09ba:  00000000           addb rh0,#0x00
d09be:  00000000           addb rh0,#0x00
d09c2:  00000000           addb rh0,#0x00
d09c6:  00000000           addb rh0,#0x00
d09ca:  00000000           addb rh0,#0x00
d09ce:  00000000           addb rh0,#0x00
d09d2:  00000000           addb rh0,#0x00
d09d6:  00000000           addb rh0,#0x00
d09da:  00000000           addb rh0,#0x00
d09de:  00000000           addb rh0,#0x00
d09e2:  00000000           addb rh0,#0x00
d09e6:  00000000           addb rh0,#0x00
d09ea:  00000000           addb rh0,#0x00
d09ee:  00000000           addb rh0,#0x00
d09f2:  00000000           addb rh0,#0x00
d09f6:  00000000           addb rh0,#0x00
d09fa:  00000000           addb rh0,#0x00
d09fe:  00000000           addb rh0,#0x00
d0a02:  00000000           addb rh0,#0x00
d0a06:  00000000           addb rh0,#0x00
d0a0a:  00000000           addb rh0,#0x00
d0a0e:  00000000           addb rh0,#0x00
d0a12:  00000000           addb rh0,#0x00
d0a16:  00000000           addb rh0,#0x00
d0a1a:  00000000           addb rh0,#0x00
d0a1e:  00000000           addb rh0,#0x00
d0a22:  00000000           addb rh0,#0x00
d0a26:  00000000           addb rh0,#0x00
d0a2a:  00000000           addb rh0,#0x00
d0a2e:  00000000           addb rh0,#0x00
d0a32:  00000000           addb rh0,#0x00
d0a36:  00000000           addb rh0,#0x00
d0a3a:  00000000           addb rh0,#0x00
d0a3e:  00000000           addb rh0,#0x00
d0a42:  00000000           addb rh0,#0x00
d0a46:  00000000           addb rh0,#0x00
d0a4a:  00000000           addb rh0,#0x00
d0a4e:  00000000           addb rh0,#0x00
d0a52:  00000000           addb rh0,#0x00
d0a56:  00000000           addb rh0,#0x00
d0a5a:  00000000           addb rh0,#0x00
d0a5e:  00000000           addb rh0,#0x00
d0a62:  00000000           addb rh0,#0x00
d0a66:  00000000           addb rh0,#0x00
d0a6a:  00000000           addb rh0,#0x00
d0a6e:  00000000           addb rh0,#0x00
d0a72:  00000000           addb rh0,#0x00
d0a76:  00000000           addb rh0,#0x00
d0a7a:  00000000           addb rh0,#0x00
d0a7e:  00000000           addb rh0,#0x00
d0a82:  00000000           addb rh0,#0x00
d0a86:  00000000           addb rh0,#0x00
d0a8a:  00000000           addb rh0,#0x00
d0a8e:  00000000           addb rh0,#0x00
d0a92:  00000000           addb rh0,#0x00
d0a96:  00000000           addb rh0,#0x00
d0a9a:  00000000           addb rh0,#0x00
d0a9e:  00000000           addb rh0,#0x00
d0aa2:  00000000           addb rh0,#0x00
d0aa6:  00000000           addb rh0,#0x00
d0aaa:  00000000           addb rh0,#0x00
d0aae:  00000000           addb rh0,#0x00
d0ab2:  00000000           addb rh0,#0x00
d0ab6:  00000000           addb rh0,#0x00
d0aba:  00000000           addb rh0,#0x00
d0abe:  00000000           addb rh0,#0x00
d0ac2:  00000000           addb rh0,#0x00
d0ac6:  00000000           addb rh0,#0x00
d0aca:  00000000           addb rh0,#0x00
d0ace:  00000000           addb rh0,#0x00
d0ad2:  00000000           addb rh0,#0x00
d0ad6:  00000000           addb rh0,#0x00
d0ada:  00000000           addb rh0,#0x00
d0ade:  00000000           addb rh0,#0x00
d0ae2:  00000000           addb rh0,#0x00
d0ae6:  00000000           addb rh0,#0x00
d0aea:  00000000           addb rh0,#0x00
d0aee:  00000000           addb rh0,#0x00
d0af2:  00000000           addb rh0,#0x00
d0af6:  00000000           addb rh0,#0x00
d0afa:  00000000           addb rh0,#0x00
d0afe:  00000000           addb rh0,#0x00
d0b02:  00000000           addb rh0,#0x00
d0b06:  00000000           addb rh0,#0x00
d0b0a:  00000000           addb rh0,#0x00
d0b0e:  00000000           addb rh0,#0x00
d0b12:  00000000           addb rh0,#0x00
d0b16:  00000000           addb rh0,#0x00
d0b1a:  00000000           addb rh0,#0x00
d0b1e:  00000000           addb rh0,#0x00
d0b22:  00000000           addb rh0,#0x00
d0b26:  00000000           addb rh0,#0x00
d0b2a:  00000000           addb rh0,#0x00
d0b2e:  00000000           addb rh0,#0x00
d0b32:  554e4954           popl <<73>>0x0054(r14),@rr4
d0b36:  44455343           orb rh5,<<83>>0x0043(r4)
d0b3a:  584d3532           multl rq13,<<53>>0x0032(r4)
d0b3e:  32312020           ldb rr3(#0x2020),rh1
d0b42:  0000025f           addb rh0,#0x5f
d0b46:  00030000           addb rh3,#0x00
d0b4a:  001f               addb rl7,@rr1
d0b4c:  0100013c           add r0,#0x013c
d0b50:  00000000           addb rh0,#0x00
d0b54:  0260               subb rh0,@rr6
d0b56:  0266               subb rh6,@rr6
d0b58:  0268               subb rl0,@rr6
d0b5a:  0011               addb rh1,@rr1
d0b5c:  0016               addb rh6,@rr1
d0b5e:  0267               subb rh7,@rr6
d0b60:  026b               subb rl3,@rr6
d0b62:  026b               subb rl3,@rr6
d0b64:  0001026b           addb rh1,#0x6b
d0b68:  00000000           addb rh0,#0x00
d0b6c:  026b               subb rl3,@rr6
d0b6e:  00000003           addb rh0,#0x03
d0b72:  00030008           addb rh3,#0x08
d0b76:  0014               addb rh4,@rr1
d0b78:  00040008           addb rh4,#0x08
d0b7c:  00001b58           addb rh0,#0x58
d0b80:  00009c40           addb rh0,#0x40
d0b84:  000036b0           addb rh0,#0xb0
d0b88:  00014c08           addb rh1,#0x08
d0b8c:  000249f0           addb rh2,#0xf0
d0b90:  00015f90           addb rh1,#0x90
d0b94:  00009664           addb rh0,#0x64
d0b98:  00009c40           addb rh0,#0x40
d0b9c:  0000abe0           addb rh0,#0xe0
d0ba0:  ffff               djnz r15,0x0aa4
d0ba2:  ffff               djnz r15,0x0aa6
d0ba4:  ffff               djnz r15,0x0aa8
d0ba6:  ffff               djnz r15,0x0aaa
d0ba8:  ffff               djnz r15,0x0aac
d0baa:  ffff               djnz r15,0x0aae
d0bac:  ffff               djnz r15,0x0ab0
d0bae:  00004176           addb rh0,#0x76
d0bb2:  000041ca           addb rh0,#0xca
d0bb6:  000041a0           addb rh0,#0xa0
d0bba:  02bc               subb rl4,@rr11
d0bbc:  2020               ldb rh0,@rr2
d0bbe:  2020               ldb rh0,@rr2
d0bc0:  2020               ldb rh0,@rr2
d0bc2:  2020               ldb rh0,@rr2
d0bc4:  2020               ldb rh0,@rr2
d0bc6:  2020               ldb rh0,@rr2
d0bc8:  2020               ldb rh0,@rr2
d0bca:  2020               ldb rh0,@rr2
d0bcc:  2020               ldb rh0,@rr2
d0bce:  2020               ldb rh0,@rr2
d0bd0:  2020               ldb rh0,@rr2
d0bd2:  2020               ldb rh0,@rr2
d0bd4:  2020               ldb rh0,@rr2
d0bd6:  2020               ldb rh0,@rr2
d0bd8:  2020               ldb rh0,@rr2
d0bda:  2020               ldb rh0,@rr2
d0bdc:  2020               ldb rh0,@rr2
d0bde:  2020               ldb rh0,@rr2
d0be0:  2020               ldb rh0,@rr2
d0be2:  2020               ldb rh0,@rr2
d0be4:  2020               ldb rh0,@rr2
d0be6:  2020               ldb rh0,@rr2
d0be8:  2020               ldb rh0,@rr2
d0bea:  2020               ldb rh0,@rr2
d0bec:  2020               ldb rh0,@rr2
d0bee:  2020               ldb rh0,@rr2
d0bf0:  2020               ldb rh0,@rr2
d0bf2:  2020               ldb rh0,@rr2
d0bf4:  2020               ldb rh0,@rr2
d0bf6:  2020               ldb rh0,@rr2
d0bf8:  2020               ldb rh0,@rr2
d0bfa:  2020               ldb rh0,@rr2
d0bfc:  2020               ldb rh0,@rr2
d0bfe:  2020               ldb rh0,@rr2
d0c00:  2020               ldb rh0,@rr2
d0c02:  2020               ldb rh0,@rr2
d0c04:  2020               ldb rh0,@rr2
d0c06:  2020               ldb rh0,@rr2
d0c08:  2020               ldb rh0,@rr2
d0c0a:  2020               ldb rh0,@rr2
d0c0c:  2020               ldb rh0,@rr2
d0c0e:  2020               ldb rh0,@rr2
d0c10:  2020               ldb rh0,@rr2
d0c12:  2020               ldb rh0,@rr2
d0c14:  2020               ldb rh0,@rr2
d0c16:  2020               ldb rh0,@rr2
d0c18:  2020               ldb rh0,@rr2
d0c1a:  2020               ldb rh0,@rr2
d0c1c:  2020               ldb rh0,@rr2
d0c1e:  2020               ldb rh0,@rr2
d0c20:  2020               ldb rh0,@rr2
d0c22:  2020               ldb rh0,@rr2
d0c24:  2020               ldb rh0,@rr2
d0c26:  2020               ldb rh0,@rr2
d0c28:  2020               ldb rh0,@rr2
d0c2a:  2020               ldb rh0,@rr2
d0c2c:  2020               ldb rh0,@rr2
d0c2e:  2020               ldb rh0,@rr2
d0c30:  2020               ldb rh0,@rr2
d0c32:  00000000           addb rh0,#0x00
d0c36:  00000000           addb rh0,#0x00
d0c3a:  00000000           addb rh0,#0x00
d0c3e:  00000000           addb rh0,#0x00
d0c42:  00000000           addb rh0,#0x00
d0c46:  00000000           addb rh0,#0x00
d0c4a:  00000000           addb rh0,#0x00
d0c4e:  00000000           addb rh0,#0x00
d0c52:  00000000           addb rh0,#0x00
d0c56:  00000000           addb rh0,#0x00
d0c5a:  00000000           addb rh0,#0x00
d0c5e:  00000000           addb rh0,#0x00
d0c62:  00000000           addb rh0,#0x00
d0c66:  00000000           addb rh0,#0x00
d0c6a:  00000000           addb rh0,#0x00
d0c6e:  00000000           addb rh0,#0x00
d0c72:  00000000           addb rh0,#0x00
d0c76:  00000000           addb rh0,#0x00
d0c7a:  00000000           addb rh0,#0x00
d0c7e:  00000000           addb rh0,#0x00
d0c82:  00000000           addb rh0,#0x00
d0c86:  00000000           addb rh0,#0x00
d0c8a:  00000000           addb rh0,#0x00
d0c8e:  00000000           addb rh0,#0x00
d0c92:  00000000           addb rh0,#0x00
d0c96:  00000000           addb rh0,#0x00
d0c9a:  00000000           addb rh0,#0x00
d0c9e:  00000000           addb rh0,#0x00
d0ca2:  00000000           addb rh0,#0x00
d0ca6:  00000000           addb rh0,#0x00
d0caa:  00000000           addb rh0,#0x00
d0cae:  00000000           addb rh0,#0x00
d0cb2:  00000000           addb rh0,#0x00
d0cb6:  00000000           addb rh0,#0x00
d0cba:  00000000           addb rh0,#0x00
d0cbe:  00000000           addb rh0,#0x00
d0cc2:  00000000           addb rh0,#0x00
d0cc6:  00000000           addb rh0,#0x00
d0cca:  00000000           addb rh0,#0x00
d0cce:  00000000           addb rh0,#0x00
d0cd2:  00000000           addb rh0,#0x00
d0cd6:  00000000           addb rh0,#0x00
d0cda:  00000000           addb rh0,#0x00
d0cde:  00000000           addb rh0,#0x00
d0ce2:  00000000           addb rh0,#0x00
d0ce6:  00000000           addb rh0,#0x00
d0cea:  00000000           addb rh0,#0x00
d0cee:  00000000           addb rh0,#0x00
d0cf2:  00000000           addb rh0,#0x00
d0cf6:  00000000           addb rh0,#0x00
d0cfa:  00000000           addb rh0,#0x00
d0cfe:  00000000           addb rh0,#0x00
d0d02:  00000000           addb rh0,#0x00
d0d06:  00000000           addb rh0,#0x00
d0d0a:  00000000           addb rh0,#0x00
d0d0e:  00000000           addb rh0,#0x00
d0d12:  00000000           addb rh0,#0x00
d0d16:  00000000           addb rh0,#0x00
d0d1a:  00000000           addb rh0,#0x00
d0d1e:  00000000           addb rh0,#0x00
d0d22:  00000000           addb rh0,#0x00
d0d26:  00000000           addb rh0,#0x00
d0d2a:  00000000           addb rh0,#0x00
d0d2e:  00000000           addb rh0,#0x00
d0d32:  00000000           addb rh0,#0x00
d0d36:  00000000           addb rh0,#0x00
d0d3a:  00000000           addb rh0,#0x00
d0d3e:  00000000           addb rh0,#0x00
d0d42:  00000000           addb rh0,#0x00
d0d46:  00000000           addb rh0,#0x00
d0d4a:  00000000           addb rh0,#0x00
d0d4e:  00000000           addb rh0,#0x00
d0d52:  00000000           addb rh0,#0x00
d0d56:  00000000           addb rh0,#0x00
d0d5a:  00000000           addb rh0,#0x00
d0d5e:  00000000           addb rh0,#0x00
d0d62:  00000000           addb rh0,#0x00
d0d66:  00000000           addb rh0,#0x00
d0d6a:  00000000           addb rh0,#0x00
d0d6e:  00000000           addb rh0,#0x00
d0d72:  00000000           addb rh0,#0x00
d0d76:  00000000           addb rh0,#0x00
d0d7a:  00000000           addb rh0,#0x00
d0d7e:  00000000           addb rh0,#0x00
d0d82:  00000000           addb rh0,#0x00
d0d86:  00000000           addb rh0,#0x00
d0d8a:  00000000           addb rh0,#0x00
d0d8e:  00000000           addb rh0,#0x00
d0d92:  00000000           addb rh0,#0x00
d0d96:  00000000           addb rh0,#0x00
d0d9a:  00000000           addb rh0,#0x00
d0d9e:  00000000           addb rh0,#0x00
d0da2:  00000000           addb rh0,#0x00
d0da6:  00000000           addb rh0,#0x00
d0daa:  00000000           addb rh0,#0x00
d0dae:  00000000           addb rh0,#0x00
d0db2:  00000000           addb rh0,#0x00
d0db6:  00000000           addb rh0,#0x00
d0dba:  00000000           addb rh0,#0x00
d0dbe:  00000000           addb rh0,#0x00
d0dc2:  00000000           addb rh0,#0x00
d0dc6:  00000000           addb rh0,#0x00
d0dca:  00000000           addb rh0,#0x00
d0dce:  00000000           addb rh0,#0x00
d0dd2:  00000000           addb rh0,#0x00
d0dd6:  00000000           addb rh0,#0x00
d0dda:  00000000           addb rh0,#0x00
d0dde:  00000000           addb rh0,#0x00
d0de2:  00000000           addb rh0,#0x00
d0de6:  00000000           addb rh0,#0x00
d0dea:  00000000           addb rh0,#0x00
d0dee:  00000000           addb rh0,#0x00
d0df2:  00000000           addb rh0,#0x00
d0df6:  00000000           addb rh0,#0x00
d0dfa:  00000000           addb rh0,#0x00
d0dfe:  00000000           addb rh0,#0x00
d0e02:  00000000           addb rh0,#0x00
d0e06:  00000000           addb rh0,#0x00
d0e0a:  00000000           addb rh0,#0x00
d0e0e:  00000000           addb rh0,#0x00
d0e12:  00000000           addb rh0,#0x00
d0e16:  00000000           addb rh0,#0x00
d0e1a:  00000000           addb rh0,#0x00
d0e1e:  00000000           addb rh0,#0x00
d0e22:  00000000           addb rh0,#0x00
d0e26:  00000000           addb rh0,#0x00
d0e2a:  00000000           addb rh0,#0x00
d0e2e:  00000000           addb rh0,#0x00
d0e32:  00000000           addb rh0,#0x00
d0e36:  00000000           addb rh0,#0x00
d0e3a:  00000000           addb rh0,#0x00
d0e3e:  00000000           addb rh0,#0x00
d0e42:  00000000           addb rh0,#0x00
d0e46:  00000000           addb rh0,#0x00
d0e4a:  00000000           addb rh0,#0x00
d0e4e:  00000000           addb rh0,#0x00
d0e52:  00000000           addb rh0,#0x00
d0e56:  00000000           addb rh0,#0x00
d0e5a:  00000000           addb rh0,#0x00
d0e5e:  00000000           addb rh0,#0x00
d0e62:  00000000           addb rh0,#0x00
d0e66:  00000000           addb rh0,#0x00
d0e6a:  00000000           addb rh0,#0x00
d0e6e:  00000000           addb rh0,#0x00
d0e72:  00000000           addb rh0,#0x00
d0e76:  00000000           addb rh0,#0x00
d0e7a:  00000000           addb rh0,#0x00
d0e7e:  00000000           addb rh0,#0x00
d0e82:  00000000           addb rh0,#0x00
d0e86:  00000000           addb rh0,#0x00
d0e8a:  00000000           addb rh0,#0x00
d0e8e:  00000000           addb rh0,#0x00
d0e92:  00000000           addb rh0,#0x00
d0e96:  00000000           addb rh0,#0x00
d0e9a:  00000000           addb rh0,#0x00
d0e9e:  00000000           addb rh0,#0x00
d0ea2:  00000000           addb rh0,#0x00
d0ea6:  00000000           addb rh0,#0x00
d0eaa:  00000000           addb rh0,#0x00
d0eae:  00000000           addb rh0,#0x00
d0eb2:  00000000           addb rh0,#0x00
d0eb6:  00000000           addb rh0,#0x00
d0eba:  00000000           addb rh0,#0x00
d0ebe:  00000000           addb rh0,#0x00
d0ec2:  00000000           addb rh0,#0x00
d0ec6:  00000000           addb rh0,#0x00
d0eca:  00000000           addb rh0,#0x00
d0ece:  00000000           addb rh0,#0x00
d0ed2:  00000000           addb rh0,#0x00
d0ed6:  00000000           addb rh0,#0x00
d0eda:  00000000           addb rh0,#0x00
d0ede:  00000000           addb rh0,#0x00
d0ee2:  00000000           addb rh0,#0x00
d0ee6:  00000000           addb rh0,#0x00
d0eea:  00000000           addb rh0,#0x00
d0eee:  00000000           addb rh0,#0x00
d0ef2:  00000000           addb rh0,#0x00
d0ef6:  00000000           addb rh0,#0x00
d0efa:  00000000           addb rh0,#0x00
d0efe:  00000000           addb rh0,#0x00
d0f02:  00000000           addb rh0,#0x00
d0f06:  00000000           addb rh0,#0x00
d0f0a:  00000000           addb rh0,#0x00
d0f0e:  00000000           addb rh0,#0x00
d0f12:  00000000           addb rh0,#0x00
d0f16:  00000000           addb rh0,#0x00
d0f1a:  00000000           addb rh0,#0x00
d0f1e:  00000000           addb rh0,#0x00
d0f22:  00000000           addb rh0,#0x00
d0f26:  00000000           addb rh0,#0x00
d0f2a:  00000000           addb rh0,#0x00
d0f2e:  00000000           addb rh0,#0x00
d0f32:  00000000           addb rh0,#0x00
d0f36:  00000000           addb rh0,#0x00
d0f3a:  00000000           addb rh0,#0x00
d0f3e:  00000000           addb rh0,#0x00
d0f42:  00000000           addb rh0,#0x00
d0f46:  00000000           addb rh0,#0x00
d0f4a:  00000000           addb rh0,#0x00
d0f4e:  00000000           addb rh0,#0x00
d0f52:  00000000           addb rh0,#0x00
d0f56:  00000000           addb rh0,#0x00
d0f5a:  00000000           addb rh0,#0x00
d0f5e:  00000000           addb rh0,#0x00
d0f62:  00000000           addb rh0,#0x00
d0f66:  00000000           addb rh0,#0x00
d0f6a:  00000000           addb rh0,#0x00
d0f6e:  00000000           addb rh0,#0x00
d0f72:  00000000           addb rh0,#0x00
d0f76:  00000000           addb rh0,#0x00
d0f7a:  00000000           addb rh0,#0x00
d0f7e:  00000000           addb rh0,#0x00
d0f82:  00000000           addb rh0,#0x00
d0f86:  00000000           addb rh0,#0x00
d0f8a:  00000000           addb rh0,#0x00
d0f8e:  00000000           addb rh0,#0x00
d0f92:  00000000           addb rh0,#0x00
d0f96:  00000000           addb rh0,#0x00
d0f9a:  00000000           addb rh0,#0x00
d0f9e:  00000000           addb rh0,#0x00
d0fa2:  00000000           addb rh0,#0x00
d0fa6:  00000000           addb rh0,#0x00
d0faa:  00000000           addb rh0,#0x00
d0fae:  00000000           addb rh0,#0x00
d0fb2:  00000000           addb rh0,#0x00
d0fb6:  00000000           addb rh0,#0x00
d0fba:  00000000           addb rh0,#0x00
d0fbe:  00000000           addb rh0,#0x00
d0fc2:  00000000           addb rh0,#0x00
d0fc6:  00000000           addb rh0,#0x00
d0fca:  00000000           addb rh0,#0x00
d0fce:  00000000           addb rh0,#0x00
d0fd2:  00000000           addb rh0,#0x00
d0fd6:  00000000           addb rh0,#0x00
d0fda:  00000000           addb rh0,#0x00
d0fde:  00000000           addb rh0,#0x00
d0fe2:  00000000           addb rh0,#0x00
d0fe6:  00000000           addb rh0,#0x00
d0fea:  00000000           addb rh0,#0x00
d0fee:  00000000           addb rh0,#0x00
d0ff2:  00000000           addb rh0,#0x00
d0ff6:  00000000           addb rh0,#0x00
d0ffa:  00000000           addb rh0,#0x00
d0ffe:  00000000           addb rh0,#0x00
d1002:  00000000           addb rh0,#0x00
d1006:  00000000           addb rh0,#0x00
d100a:  00000000           addb rh0,#0x00
d100e:  00000000           addb rh0,#0x00
d1012:  00000000           addb rh0,#0x00
d1016:  00000000           addb rh0,#0x00
d101a:  00000000           addb rh0,#0x00
d101e:  00000000           addb rh0,#0x00
d1022:  00000000           addb rh0,#0x00
d1026:  00000000           addb rh0,#0x00
d102a:  00000000           addb rh0,#0x00
d102e:  00000000           addb rh0,#0x00
d1032:  00000000           addb rh0,#0x00
d1036:  00000000           addb rh0,#0x00
d103a:  00000000           addb rh0,#0x00
d103e:  00000000           addb rh0,#0x00
d1042:  00000000           addb rh0,#0x00
d1046:  00000000           addb rh0,#0x00
d104a:  00000000           addb rh0,#0x00
d104e:  00000000           addb rh0,#0x00
d1052:  00000000           addb rh0,#0x00
d1056:  00000000           addb rh0,#0x00
d105a:  00000000           addb rh0,#0x00
d105e:  00000000           addb rh0,#0x00
d1062:  00000000           addb rh0,#0x00
d1066:  00000000           addb rh0,#0x00
d106a:  00000000           addb rh0,#0x00
d106e:  00000000           addb rh0,#0x00
d1072:  00000000           addb rh0,#0x00
d1076:  00000000           addb rh0,#0x00
d107a:  00000000           addb rh0,#0x00
d107e:  00000000           addb rh0,#0x00
d1082:  00000000           addb rh0,#0x00
d1086:  00000000           addb rh0,#0x00
d108a:  00000000           addb rh0,#0x00
d108e:  00000000           addb rh0,#0x00
d1092:  00000000           addb rh0,#0x00
d1096:  00000000           addb rh0,#0x00
d109a:  00000000           addb rh0,#0x00
d109e:  00000000           addb rh0,#0x00
d10a2:  00000000           addb rh0,#0x00
d10a6:  00000000           addb rh0,#0x00
d10aa:  00000000           addb rh0,#0x00
d10ae:  00000000           addb rh0,#0x00
d10b2:  00000000           addb rh0,#0x00
d10b6:  00000000           addb rh0,#0x00
d10ba:  00000000           addb rh0,#0x00
d10be:  00000000           addb rh0,#0x00
d10c2:  00000000           addb rh0,#0x00
d10c6:  00000000           addb rh0,#0x00
d10ca:  00000000           addb rh0,#0x00
d10ce:  00000000           addb rh0,#0x00
d10d2:  00000000           addb rh0,#0x00
d10d6:  00000000           addb rh0,#0x00
d10da:  00000000           addb rh0,#0x00
d10de:  00000000           addb rh0,#0x00
d10e2:  00000000           addb rh0,#0x00
d10e6:  00000000           addb rh0,#0x00
d10ea:  00000000           addb rh0,#0x00
d10ee:  00000000           addb rh0,#0x00
d10f2:  00000000           addb rh0,#0x00
d10f6:  00000000           addb rh0,#0x00
d10fa:  00000000           addb rh0,#0x00
d10fe:  00000000           addb rh0,#0x00
d1102:  00000000           addb rh0,#0x00
d1106:  00000000           addb rh0,#0x00
d110a:  00000000           addb rh0,#0x00
d110e:  00000000           addb rh0,#0x00
d1112:  00000000           addb rh0,#0x00
d1116:  00000000           addb rh0,#0x00
d111a:  00000000           addb rh0,#0x00
d111e:  00000000           addb rh0,#0x00
d1122:  00000000           addb rh0,#0x00
d1126:  00000000           addb rh0,#0x00
d112a:  00000000           addb rh0,#0x00
d112e:  00000000           addb rh0,#0x00
d1132:  00000000           addb rh0,#0x00
d1136:  00000000           addb rh0,#0x00
d113a:  00000000           addb rh0,#0x00
d113e:  00000000           addb rh0,#0x00
d1142:  00000000           addb rh0,#0x00
d1146:  00000000           addb rh0,#0x00
d114a:  00000000           addb rh0,#0x00
d114e:  00000000           addb rh0,#0x00
d1152:  00000000           addb rh0,#0x00
d1156:  00000000           addb rh0,#0x00
d115a:  00000000           addb rh0,#0x00
d115e:  00000000           addb rh0,#0x00
d1162:  00000000           addb rh0,#0x00
d1166:  00000000           addb rh0,#0x00
d116a:  00000000           addb rh0,#0x00
d116e:  00000000           addb rh0,#0x00
d1172:  00000000           addb rh0,#0x00
d1176:  00000000           addb rh0,#0x00
d117a:  00000000           addb rh0,#0x00
d117e:  00000000           addb rh0,#0x00
d1182:  00000000           addb rh0,#0x00
d1186:  00000000           addb rh0,#0x00
d118a:  00000000           addb rh0,#0x00
d118e:  00000000           addb rh0,#0x00
d1192:  00000000           addb rh0,#0x00
d1196:  00000000           addb rh0,#0x00
d119a:  00000000           addb rh0,#0x00
d119e:  00000000           addb rh0,#0x00
d11a2:  00000000           addb rh0,#0x00
d11a6:  00000000           addb rh0,#0x00
d11aa:  00000000           addb rh0,#0x00
d11ae:  00000000           addb rh0,#0x00
d11b2:  00000000           addb rh0,#0x00
d11b6:  00000000           addb rh0,#0x00
d11ba:  00000000           addb rh0,#0x00
d11be:  00000000           addb rh0,#0x00
d11c2:  00000000           addb rh0,#0x00
d11c6:  00000000           addb rh0,#0x00
d11ca:  00000000           addb rh0,#0x00
d11ce:  00000000           addb rh0,#0x00
d11d2:  00000000           addb rh0,#0x00
d11d6:  00000000           addb rh0,#0x00
d11da:  00000000           addb rh0,#0x00
d11de:  00000000           addb rh0,#0x00
d11e2:  00000000           addb rh0,#0x00
d11e6:  00000000           addb rh0,#0x00
d11ea:  00000000           addb rh0,#0x00
d11ee:  00000000           addb rh0,#0x00
d11f2:  00000000           addb rh0,#0x00
d11f6:  00000000           addb rh0,#0x00
d11fa:  00000000           addb rh0,#0x00
d11fe:  00000000           addb rh0,#0x00
d1202:  00000000           addb rh0,#0x00
d1206:  00000000           addb rh0,#0x00
d120a:  00000000           addb rh0,#0x00
d120e:  00000000           addb rh0,#0x00
d1212:  00000000           addb rh0,#0x00
d1216:  00000000           addb rh0,#0x00
d121a:  00000000           addb rh0,#0x00
d121e:  00000000           addb rh0,#0x00
d1222:  00000000           addb rh0,#0x00
d1226:  00000000           addb rh0,#0x00
d122a:  00000000           addb rh0,#0x00
d122e:  00000000           addb rh0,#0x00
d1232:  00000000           addb rh0,#0x00
d1236:  00000000           addb rh0,#0x00
d123a:  00000000           addb rh0,#0x00
d123e:  00000000           addb rh0,#0x00
d1242:  00000000           addb rh0,#0x00
d1246:  00000000           addb rh0,#0x00
d124a:  00000000           addb rh0,#0x00
d124e:  00000000           addb rh0,#0x00
d1252:  00000000           addb rh0,#0x00
d1256:  00000000           addb rh0,#0x00
d125a:  00000000           addb rh0,#0x00
d125e:  00000000           addb rh0,#0x00
d1262:  00000000           addb rh0,#0x00
d1266:  00000000           addb rh0,#0x00
d126a:  00000000           addb rh0,#0x00
d126e:  00000000           addb rh0,#0x00
d1272:  00000000           addb rh0,#0x00
d1276:  00000000           addb rh0,#0x00
d127a:  00000000           addb rh0,#0x00
d127e:  00000000           addb rh0,#0x00
d1282:  00000000           addb rh0,#0x00
d1286:  00000000           addb rh0,#0x00
d128a:  00000000           addb rh0,#0x00
d128e:  00000000           addb rh0,#0x00
d1292:  00000000           addb rh0,#0x00
d1296:  00000000           addb rh0,#0x00
d129a:  00000000           addb rh0,#0x00
d129e:  00000000           addb rh0,#0x00
d12a2:  00000000           addb rh0,#0x00
d12a6:  00000000           addb rh0,#0x00
d12aa:  00000000           addb rh0,#0x00
d12ae:  00000000           addb rh0,#0x00
d12b2:  00000000           addb rh0,#0x00
d12b6:  00000000           addb rh0,#0x00
d12ba:  00000000           addb rh0,#0x00
d12be:  00000000           addb rh0,#0x00
d12c2:  00000000           addb rh0,#0x00
d12c6:  00000000           addb rh0,#0x00
d12ca:  00000000           addb rh0,#0x00
d12ce:  00000000           addb rh0,#0x00
d12d2:  00000000           addb rh0,#0x00
d12d6:  00000000           addb rh0,#0x00
d12da:  00000000           addb rh0,#0x00
d12de:  00000000           addb rh0,#0x00
d12e2:  00000000           addb rh0,#0x00
d12e6:  00000000           addb rh0,#0x00
d12ea:  00000000           addb rh0,#0x00
d12ee:  00000000           addb rh0,#0x00
d12f2:  00000000           addb rh0,#0x00
d12f6:  00000000           addb rh0,#0x00
d12fa:  00000000           addb rh0,#0x00
d12fe:  00000000           addb rh0,#0x00
d1302:  00000000           addb rh0,#0x00
d1306:  00000000           addb rh0,#0x00
d130a:  00000000           addb rh0,#0x00
d130e:  00000000           addb rh0,#0x00
d1312:  00000000           addb rh0,#0x00
d1316:  00000000           addb rh0,#0x00
d131a:  00000000           addb rh0,#0x00
d131e:  00000000           addb rh0,#0x00
d1322:  00000000           addb rh0,#0x00
d1326:  00000000           addb rh0,#0x00
d132a:  00000000           addb rh0,#0x00
d132e:  00000000           addb rh0,#0x00
d1332:  00000000           addb rh0,#0x00
d1336:  00000000           addb rh0,#0x00
d133a:  00000000           addb rh0,#0x00
d133e:  00000000           addb rh0,#0x00
d1342:  00000000           addb rh0,#0x00
d1346:  00000000           addb rh0,#0x00
d134a:  00000000           addb rh0,#0x00
d134e:  00000000           addb rh0,#0x00
d1352:  00000000           addb rh0,#0x00
d1356:  00000000           addb rh0,#0x00
d135a:  00000000           addb rh0,#0x00
d135e:  00000000           addb rh0,#0x00
d1362:  00000000           addb rh0,#0x00
d1366:  00000000           addb rh0,#0x00
d136a:  00000000           addb rh0,#0x00
d136e:  00000000           addb rh0,#0x00
d1372:  00000000           addb rh0,#0x00
d1376:  00000000           addb rh0,#0x00
d137a:  00000000           addb rh0,#0x00
d137e:  00000000           addb rh0,#0x00
d1382:  00000000           addb rh0,#0x00
d1386:  00000000           addb rh0,#0x00
d138a:  00000000           addb rh0,#0x00
d138e:  00000000           addb rh0,#0x00
d1392:  00000000           addb rh0,#0x00
d1396:  00000000           addb rh0,#0x00
d139a:  00000000           addb rh0,#0x00
d139e:  00000000           addb rh0,#0x00
d13a2:  00000000           addb rh0,#0x00
d13a6:  00000000           addb rh0,#0x00
d13aa:  00000000           addb rh0,#0x00
d13ae:  00000000           addb rh0,#0x00
d13b2:  00000000           addb rh0,#0x00
d13b6:  00000000           addb rh0,#0x00
d13ba:  00000000           addb rh0,#0x00
d13be:  00000000           addb rh0,#0x00
d13c2:  00000000           addb rh0,#0x00
d13c6:  00000000           addb rh0,#0x00
d13ca:  00000000           addb rh0,#0x00
d13ce:  00000000           addb rh0,#0x00
d13d2:  00000000           addb rh0,#0x00
d13d6:  00000000           addb rh0,#0x00
d13da:  00000000           addb rh0,#0x00
d13de:  00000000           addb rh0,#0x00
d13e2:  00000000           addb rh0,#0x00
d13e6:  00000000           addb rh0,#0x00
d13ea:  00000000           addb rh0,#0x00
d13ee:  00000000           addb rh0,#0x00
d13f2:  00000000           addb rh0,#0x00
d13f6:  00000000           addb rh0,#0x00
d13fa:  00000000           addb rh0,#0x00
d13fe:  00000000           addb rh0,#0x00
d1402:  00000000           addb rh0,#0x00
d1406:  00000000           addb rh0,#0x00
d140a:  00000000           addb rh0,#0x00
d140e:  00000000           addb rh0,#0x00
d1412:  00000000           addb rh0,#0x00
d1416:  00000000           addb rh0,#0x00
d141a:  00000000           addb rh0,#0x00
d141e:  00000000           addb rh0,#0x00
d1422:  00000000           addb rh0,#0x00
d1426:  00000000           addb rh0,#0x00
d142a:  00000000           addb rh0,#0x00
d142e:  00000000           addb rh0,#0x00
d1432:  00000000           addb rh0,#0x00
d1436:  00000000           addb rh0,#0x00
d143a:  00000000           addb rh0,#0x00
d143e:  00000000           addb rh0,#0x00
d1442:  00000000           addb rh0,#0x00
d1446:  00000000           addb rh0,#0x00
d144a:  00000000           addb rh0,#0x00
d144e:  00000000           addb rh0,#0x00
d1452:  00000000           addb rh0,#0x00
d1456:  00000000           addb rh0,#0x00
d145a:  00000000           addb rh0,#0x00
d145e:  00000000           addb rh0,#0x00
d1462:  00000000           addb rh0,#0x00
d1466:  00000000           addb rh0,#0x00
d146a:  00000000           addb rh0,#0x00
d146e:  00000000           addb rh0,#0x00
d1472:  00000000           addb rh0,#0x00
d1476:  00000000           addb rh0,#0x00
d147a:  00000000           addb rh0,#0x00
d147e:  00000000           addb rh0,#0x00
d1482:  00000000           addb rh0,#0x00
d1486:  00000000           addb rh0,#0x00
d148a:  00000000           addb rh0,#0x00
d148e:  00000000           addb rh0,#0x00
d1492:  00000000           addb rh0,#0x00
d1496:  00000000           addb rh0,#0x00
d149a:  00000000           addb rh0,#0x00
d149e:  00000000           addb rh0,#0x00
d14a2:  00000000           addb rh0,#0x00
d14a6:  00000000           addb rh0,#0x00
d14aa:  00000000           addb rh0,#0x00
d14ae:  00000000           addb rh0,#0x00
d14b2:  00000000           addb rh0,#0x00
d14b6:  00000000           addb rh0,#0x00
d14ba:  00000000           addb rh0,#0x00
d14be:  00000000           addb rh0,#0x00
d14c2:  00000000           addb rh0,#0x00
d14c6:  00000000           addb rh0,#0x00
d14ca:  00000000           addb rh0,#0x00
d14ce:  00000000           addb rh0,#0x00
d14d2:  00000000           addb rh0,#0x00
d14d6:  00000000           addb rh0,#0x00
d14da:  00000000           addb rh0,#0x00
d14de:  00000000           addb rh0,#0x00
d14e2:  00000000           addb rh0,#0x00
d14e6:  00000000           addb rh0,#0x00
d14ea:  00000000           addb rh0,#0x00
d14ee:  00000000           addb rh0,#0x00
d14f2:  00000000           addb rh0,#0x00
d14f6:  00000000           addb rh0,#0x00
d14fa:  00000000           addb rh0,#0x00
d14fe:  00000000           addb rh0,#0x00
d1502:  00000000           addb rh0,#0x00
d1506:  00000000           addb rh0,#0x00
d150a:  00000000           addb rh0,#0x00
d150e:  00000000           addb rh0,#0x00
d1512:  00000000           addb rh0,#0x00
d1516:  00000000           addb rh0,#0x00
d151a:  00000000           addb rh0,#0x00
d151e:  00000000           addb rh0,#0x00
d1522:  00000000           addb rh0,#0x00
d1526:  00000000           addb rh0,#0x00
d152a:  00000000           addb rh0,#0x00
d152e:  00000000           addb rh0,#0x00
d1532:  00000000           addb rh0,#0x00
d1536:  00000000           addb rh0,#0x00
d153a:  00000000           addb rh0,#0x00
d153e:  00000000           addb rh0,#0x00
d1542:  00000000           addb rh0,#0x00
d1546:  00000000           addb rh0,#0x00
d154a:  00000000           addb rh0,#0x00
d154e:  00000000           addb rh0,#0x00
d1552:  00000000           addb rh0,#0x00
d1556:  00000000           addb rh0,#0x00
d155a:  00000000           addb rh0,#0x00
d155e:  00000000           addb rh0,#0x00
d1562:  00000000           addb rh0,#0x00
d1566:  00000000           addb rh0,#0x00
d156a:  00000000           addb rh0,#0x00
d156e:  00000000           addb rh0,#0x00
d1572:  00000000           addb rh0,#0x00
d1576:  00000000           addb rh0,#0x00
d157a:  00000000           addb rh0,#0x00
d157e:  00000000           addb rh0,#0x00
d1582:  00000000           addb rh0,#0x00
d1586:  00000000           addb rh0,#0x00
d158a:  00000000           addb rh0,#0x00
d158e:  00000000           addb rh0,#0x00
d1592:  00000000           addb rh0,#0x00
d1596:  00000000           addb rh0,#0x00
d159a:  00000000           addb rh0,#0x00
d159e:  00000000           addb rh0,#0x00
d15a2:  00000000           addb rh0,#0x00
d15a6:  00000000           addb rh0,#0x00
d15aa:  00000000           addb rh0,#0x00
d15ae:  00000000           addb rh0,#0x00
d15b2:  00000000           addb rh0,#0x00
d15b6:  00000000           addb rh0,#0x00
d15ba:  00000000           addb rh0,#0x00
d15be:  00000000           addb rh0,#0x00
d15c2:  00000000           addb rh0,#0x00
d15c6:  00000000           addb rh0,#0x00
d15ca:  00000000           addb rh0,#0x00
d15ce:  00000000           addb rh0,#0x00
d15d2:  00000000           addb rh0,#0x00
d15d6:  00000000           addb rh0,#0x00
d15da:  00000000           addb rh0,#0x00
d15de:  00000000           addb rh0,#0x00
d15e2:  00000000           addb rh0,#0x00
d15e6:  00000000           addb rh0,#0x00
d15ea:  00000000           addb rh0,#0x00
d15ee:  00000000           addb rh0,#0x00
d15f2:  00000000           addb rh0,#0x00
d15f6:  00000000           addb rh0,#0x00
d15fa:  00000000           addb rh0,#0x00
d15fe:  00000000           addb rh0,#0x00
d1602:  00000000           addb rh0,#0x00
d1606:  00000000           addb rh0,#0x00
d160a:  00000000           addb rh0,#0x00
d160e:  00000000           addb rh0,#0x00
d1612:  00000000           addb rh0,#0x00
d1616:  00000000           addb rh0,#0x00
d161a:  00000000           addb rh0,#0x00
d161e:  00000000           addb rh0,#0x00
d1622:  00000000           addb rh0,#0x00
d1626:  00000000           addb rh0,#0x00
d162a:  00000000           addb rh0,#0x00
d162e:  00000000           addb rh0,#0x00
d1632:  00000000           addb rh0,#0x00
d1636:  00000000           addb rh0,#0x00
d163a:  00000000           addb rh0,#0x00
d163e:  00000000           addb rh0,#0x00
d1642:  00000000           addb rh0,#0x00
d1646:  00000000           addb rh0,#0x00
d164a:  00000000           addb rh0,#0x00
d164e:  00000000           addb rh0,#0x00
d1652:  00000000           addb rh0,#0x00
d1656:  00000000           addb rh0,#0x00
d165a:  00000000           addb rh0,#0x00
d165e:  00000000           addb rh0,#0x00
d1662:  00000000           addb rh0,#0x00
d1666:  00000000           addb rh0,#0x00
d166a:  00000000           addb rh0,#0x00
d166e:  00000000           addb rh0,#0x00
d1672:  00000000           addb rh0,#0x00
d1676:  00000000           addb rh0,#0x00
d167a:  00000000           addb rh0,#0x00
d167e:  00000000           addb rh0,#0x00
d1682:  00000000           addb rh0,#0x00
d1686:  00000000           addb rh0,#0x00
d168a:  00000000           addb rh0,#0x00
d168e:  00000000           addb rh0,#0x00
d1692:  00000000           addb rh0,#0x00
d1696:  00000000           addb rh0,#0x00
d169a:  00000000           addb rh0,#0x00
d169e:  00000000           addb rh0,#0x00
d16a2:  00000000           addb rh0,#0x00
d16a6:  00000000           addb rh0,#0x00
d16aa:  00000000           addb rh0,#0x00
d16ae:  00000000           addb rh0,#0x00
d16b2:  00000000           addb rh0,#0x00
d16b6:  00000000           addb rh0,#0x00
d16ba:  00000000           addb rh0,#0x00
d16be:  00000000           addb rh0,#0x00
d16c2:  00000000           addb rh0,#0x00
d16c6:  00000000           addb rh0,#0x00
d16ca:  00000000           addb rh0,#0x00
d16ce:  00000000           addb rh0,#0x00
d16d2:  00000000           addb rh0,#0x00
d16d6:  00000000           addb rh0,#0x00
d16da:  00000000           addb rh0,#0x00
d16de:  00000000           addb rh0,#0x00
d16e2:  00000000           addb rh0,#0x00
d16e6:  00000000           addb rh0,#0x00
d16ea:  00000000           addb rh0,#0x00
d16ee:  00000000           addb rh0,#0x00
d16f2:  00000000           addb rh0,#0x00
d16f6:  00000000           addb rh0,#0x00
d16fa:  00000000           addb rh0,#0x00
d16fe:  00000000           addb rh0,#0x00
d1702:  00000000           addb rh0,#0x00
d1706:  00000000           addb rh0,#0x00
d170a:  00000000           addb rh0,#0x00
d170e:  00000000           addb rh0,#0x00
d1712:  00000000           addb rh0,#0x00
d1716:  00000000           addb rh0,#0x00
d171a:  00000000           addb rh0,#0x00
d171e:  00000000           addb rh0,#0x00
d1722:  00000000           addb rh0,#0x00
d1726:  00000000           addb rh0,#0x00
d172a:  00000000           addb rh0,#0x00
d172e:  00000000           addb rh0,#0x00
d1732:  00000000           addb rh0,#0x00
d1736:  00000000           addb rh0,#0x00
d173a:  00000000           addb rh0,#0x00
d173e:  00000000           addb rh0,#0x00
d1742:  00000000           addb rh0,#0x00
d1746:  00000000           addb rh0,#0x00
d174a:  00000000           addb rh0,#0x00
d174e:  00000000           addb rh0,#0x00
d1752:  00000000           addb rh0,#0x00
d1756:  00000000           addb rh0,#0x00
d175a:  00000000           addb rh0,#0x00
d175e:  00000000           addb rh0,#0x00
d1762:  00000000           addb rh0,#0x00
d1766:  00000000           addb rh0,#0x00
d176a:  00000000           addb rh0,#0x00
d176e:  00000000           addb rh0,#0x00
d1772:  00000000           addb rh0,#0x00
d1776:  00000000           addb rh0,#0x00
d177a:  00000000           addb rh0,#0x00
d177e:  00000000           addb rh0,#0x00
d1782:  00000000           addb rh0,#0x00
d1786:  00000000           addb rh0,#0x00
d178a:  00000000           addb rh0,#0x00
d178e:  00000000           addb rh0,#0x00
d1792:  00000000           addb rh0,#0x00
d1796:  00000000           addb rh0,#0x00
d179a:  00000000           addb rh0,#0x00
d179e:  00000000           addb rh0,#0x00
d17a2:  00000000           addb rh0,#0x00
d17a6:  00000000           addb rh0,#0x00
d17aa:  00000000           addb rh0,#0x00
d17ae:  00000000           addb rh0,#0x00
d17b2:  00000000           addb rh0,#0x00
d17b6:  00000000           addb rh0,#0x00
d17ba:  00000000           addb rh0,#0x00
d17be:  00000000           addb rh0,#0x00
d17c2:  00000000           addb rh0,#0x00
d17c6:  00000000           addb rh0,#0x00
d17ca:  00000000           addb rh0,#0x00
d17ce:  00000000           addb rh0,#0x00
d17d2:  00000000           addb rh0,#0x00
d17d6:  00000000           addb rh0,#0x00
d17da:  00000000           addb rh0,#0x00
d17de:  00000000           addb rh0,#0x00
d17e2:  00000000           addb rh0,#0x00
d17e6:  00000000           addb rh0,#0x00
d17ea:  00000000           addb rh0,#0x00
d17ee:  00000000           addb rh0,#0x00
d17f2:  00000000           addb rh0,#0x00
d17f6:  00000000           addb rh0,#0x00
d17fa:  00000000           addb rh0,#0x00
d17fe:  00000000           addb rh0,#0x00
d1802:  00000000           addb rh0,#0x00
d1806:  00000000           addb rh0,#0x00
d180a:  00000000           addb rh0,#0x00
d180e:  00000000           addb rh0,#0x00
d1812:  00000000           addb rh0,#0x00
d1816:  00000000           addb rh0,#0x00
d181a:  00000000           addb rh0,#0x00
d181e:  00000000           addb rh0,#0x00
d1822:  00000000           addb rh0,#0x00
d1826:  00000000           addb rh0,#0x00
d182a:  00000000           addb rh0,#0x00
d182e:  00000000           addb rh0,#0x00
d1832:  00000000           addb rh0,#0x00
d1836:  00000000           addb rh0,#0x00
d183a:  00000000           addb rh0,#0x00
d183e:  00000000           addb rh0,#0x00
d1842:  00000000           addb rh0,#0x00
d1846:  00000000           addb rh0,#0x00
d184a:  00000000           addb rh0,#0x00
d184e:  00000000           addb rh0,#0x00
d1852:  00000000           addb rh0,#0x00
d1856:  00000000           addb rh0,#0x00
d185a:  00000000           addb rh0,#0x00
d185e:  00000000           addb rh0,#0x00
d1862:  00000000           addb rh0,#0x00
d1866:  00000000           addb rh0,#0x00
d186a:  00000000           addb rh0,#0x00
d186e:  00000000           addb rh0,#0x00
d1872:  00000000           addb rh0,#0x00
d1876:  00000000           addb rh0,#0x00
d187a:  00000000           addb rh0,#0x00
d187e:  00000000           addb rh0,#0x00
d1882:  00000000           addb rh0,#0x00
d1886:  00000000           addb rh0,#0x00
d188a:  00000000           addb rh0,#0x00
d188e:  00000000           addb rh0,#0x00
d1892:  00000000           addb rh0,#0x00
d1896:  00000000           addb rh0,#0x00
d189a:  00000000           addb rh0,#0x00
d189e:  00000000           addb rh0,#0x00
d18a2:  00000000           addb rh0,#0x00
d18a6:  00000000           addb rh0,#0x00
d18aa:  00000000           addb rh0,#0x00
d18ae:  00000000           addb rh0,#0x00
d18b2:  00000000           addb rh0,#0x00
d18b6:  00000000           addb rh0,#0x00
d18ba:  00000000           addb rh0,#0x00
d18be:  00000000           addb rh0,#0x00
d18c2:  00000000           addb rh0,#0x00
d18c6:  00000000           addb rh0,#0x00
d18ca:  00000000           addb rh0,#0x00
d18ce:  00000000           addb rh0,#0x00
d18d2:  00000000           addb rh0,#0x00
d18d6:  00000000           addb rh0,#0x00
d18da:  00000000           addb rh0,#0x00
d18de:  00000000           addb rh0,#0x00
d18e2:  00000000           addb rh0,#0x00
d18e6:  00000000           addb rh0,#0x00
d18ea:  00000000           addb rh0,#0x00
d18ee:  00000000           addb rh0,#0x00
d18f2:  00000000           addb rh0,#0x00
d18f6:  00000000           addb rh0,#0x00
d18fa:  00000000           addb rh0,#0x00
d18fe:  00000000           addb rh0,#0x00
d1902:  00000000           addb rh0,#0x00
d1906:  00000000           addb rh0,#0x00
d190a:  00000000           addb rh0,#0x00
d190e:  00000000           addb rh0,#0x00
d1912:  00000000           addb rh0,#0x00
d1916:  00000000           addb rh0,#0x00
d191a:  00000000           addb rh0,#0x00
d191e:  00000000           addb rh0,#0x00
d1922:  00000000           addb rh0,#0x00
d1926:  00000000           addb rh0,#0x00
d192a:  00000000           addb rh0,#0x00
d192e:  00000000           addb rh0,#0x00
d1932:  00000000           addb rh0,#0x00
d1936:  00000000           addb rh0,#0x00
d193a:  00000000           addb rh0,#0x00
d193e:  00000000           addb rh0,#0x00
d1942:  00000000           addb rh0,#0x00
d1946:  00000000           addb rh0,#0x00
d194a:  00000000           addb rh0,#0x00
d194e:  00000000           addb rh0,#0x00
d1952:  00000000           addb rh0,#0x00
d1956:  00000000           addb rh0,#0x00
d195a:  00000000           addb rh0,#0x00
d195e:  00000000           addb rh0,#0x00
d1962:  00000000           addb rh0,#0x00
d1966:  00000000           addb rh0,#0x00
d196a:  00000000           addb rh0,#0x00
d196e:  00000000           addb rh0,#0x00
d1972:  00000000           addb rh0,#0x00
d1976:  00000000           addb rh0,#0x00
d197a:  00000000           addb rh0,#0x00
d197e:  00000000           addb rh0,#0x00
d1982:  00000000           addb rh0,#0x00
d1986:  00000000           addb rh0,#0x00
d198a:  00000000           addb rh0,#0x00
d198e:  00000000           addb rh0,#0x00
d1992:  00000000           addb rh0,#0x00
d1996:  00000000           addb rh0,#0x00
d199a:  00000000           addb rh0,#0x00
d199e:  00000000           addb rh0,#0x00
d19a2:  00000000           addb rh0,#0x00
d19a6:  00000000           addb rh0,#0x00
d19aa:  00000000           addb rh0,#0x00
d19ae:  00000000           addb rh0,#0x00
d19b2:  00000000           addb rh0,#0x00
d19b6:  00000000           addb rh0,#0x00
d19ba:  00000000           addb rh0,#0x00
d19be:  00000000           addb rh0,#0x00
d19c2:  00000000           addb rh0,#0x00
d19c6:  00000000           addb rh0,#0x00
d19ca:  00000000           addb rh0,#0x00
d19ce:  00000000           addb rh0,#0x00
d19d2:  00000000           addb rh0,#0x00
d19d6:  00000000           addb rh0,#0x00
d19da:  00000000           addb rh0,#0x00
d19de:  00000000           addb rh0,#0x00
d19e2:  00000000           addb rh0,#0x00
d19e6:  00000000           addb rh0,#0x00
d19ea:  00000000           addb rh0,#0x00
d19ee:  00000000           addb rh0,#0x00
d19f2:  00000000           addb rh0,#0x00
d19f6:  00000000           addb rh0,#0x00
d19fa:  00000000           addb rh0,#0x00
d19fe:  00000000           addb rh0,#0x00
d1a02:  00000000           addb rh0,#0x00
d1a06:  00000000           addb rh0,#0x00
d1a0a:  00000000           addb rh0,#0x00
d1a0e:  00000000           addb rh0,#0x00
d1a12:  00000000           addb rh0,#0x00
d1a16:  00000000           addb rh0,#0x00
d1a1a:  00000000           addb rh0,#0x00
d1a1e:  00000000           addb rh0,#0x00
d1a22:  00000000           addb rh0,#0x00
d1a26:  00000000           addb rh0,#0x00
d1a2a:  00000000           addb rh0,#0x00
d1a2e:  00000000           addb rh0,#0x00
d1a32:  00000000           addb rh0,#0x00
d1a36:  00000000           addb rh0,#0x00
d1a3a:  00000000           addb rh0,#0x00
d1a3e:  00000000           addb rh0,#0x00
d1a42:  00000000           addb rh0,#0x00
d1a46:  00000000           addb rh0,#0x00
d1a4a:  00000000           addb rh0,#0x00
d1a4e:  00000000           addb rh0,#0x00
d1a52:  00000000           addb rh0,#0x00
d1a56:  00000000           addb rh0,#0x00
d1a5a:  00000000           addb rh0,#0x00
d1a5e:  00000000           addb rh0,#0x00
d1a62:  00000000           addb rh0,#0x00
d1a66:  00000000           addb rh0,#0x00
d1a6a:  00000000           addb rh0,#0x00
d1a6e:  00000000           addb rh0,#0x00
d1a72:  00000000           addb rh0,#0x00
d1a76:  00000000           addb rh0,#0x00
d1a7a:  00000000           addb rh0,#0x00
d1a7e:  00000000           addb rh0,#0x00
d1a82:  00000000           addb rh0,#0x00
d1a86:  00000000           addb rh0,#0x00
d1a8a:  00000000           addb rh0,#0x00
d1a8e:  00000000           addb rh0,#0x00
d1a92:  00000000           addb rh0,#0x00
d1a96:  00000000           addb rh0,#0x00
d1a9a:  00000000           addb rh0,#0x00
d1a9e:  00000000           addb rh0,#0x00
d1aa2:  00000000           addb rh0,#0x00
d1aa6:  00000000           addb rh0,#0x00
d1aaa:  00000000           addb rh0,#0x00
d1aae:  00000000           addb rh0,#0x00
d1ab2:  00000000           addb rh0,#0x00
d1ab6:  00000000           addb rh0,#0x00
d1aba:  00000000           addb rh0,#0x00
d1abe:  00000000           addb rh0,#0x00
d1ac2:  00000000           addb rh0,#0x00
d1ac6:  00000000           addb rh0,#0x00
d1aca:  00000000           addb rh0,#0x00
d1ace:  00000000           addb rh0,#0x00
d1ad2:  00000000           addb rh0,#0x00
d1ad6:  00000000           addb rh0,#0x00
d1ada:  00000000           addb rh0,#0x00
d1ade:  00000000           addb rh0,#0x00
d1ae2:  00000000           addb rh0,#0x00
d1ae6:  00000000           addb rh0,#0x00
d1aea:  00000000           addb rh0,#0x00
d1aee:  00000000           addb rh0,#0x00
d1af2:  00000000           addb rh0,#0x00
d1af6:  00000000           addb rh0,#0x00
d1afa:  00000000           addb rh0,#0x00
d1afe:  00000000           addb rh0,#0x00
d1b02:  00000000           addb rh0,#0x00
d1b06:  00000000           addb rh0,#0x00
d1b0a:  00000000           addb rh0,#0x00
d1b0e:  00000000           addb rh0,#0x00
d1b12:  00000000           addb rh0,#0x00
d1b16:  00000000           addb rh0,#0x00
d1b1a:  00000000           addb rh0,#0x00
d1b1e:  00000000           addb rh0,#0x00
d1b22:  00000000           addb rh0,#0x00
d1b26:  00000000           addb rh0,#0x00
d1b2a:  00000000           addb rh0,#0x00
d1b2e:  00000000           addb rh0,#0x00
d1b32:  00000000           addb rh0,#0x00
d1b36:  00000000           addb rh0,#0x00
d1b3a:  00000000           addb rh0,#0x00
d1b3e:  00000000           addb rh0,#0x00
d1b42:  00000000           addb rh0,#0x00
d1b46:  00000000           addb rh0,#0x00
d1b4a:  00000000           addb rh0,#0x00
d1b4e:  00000000           addb rh0,#0x00
d1b52:  00000000           addb rh0,#0x00
d1b56:  00000000           addb rh0,#0x00
d1b5a:  00000000           addb rh0,#0x00
d1b5e:  00000000           addb rh0,#0x00
d1b62:  00000000           addb rh0,#0x00
d1b66:  00000000           addb rh0,#0x00
d1b6a:  00000000           addb rh0,#0x00
d1b6e:  00000000           addb rh0,#0x00
d1b72:  00000000           addb rh0,#0x00
d1b76:  00000000           addb rh0,#0x00
d1b7a:  00000000           addb rh0,#0x00
d1b7e:  00000000           addb rh0,#0x00
d1b82:  00000000           addb rh0,#0x00
d1b86:  00000000           addb rh0,#0x00
d1b8a:  00000000           addb rh0,#0x00
d1b8e:  00000000           addb rh0,#0x00
d1b92:  00000000           addb rh0,#0x00
d1b96:  00000000           addb rh0,#0x00
d1b9a:  00000000           addb rh0,#0x00
d1b9e:  00000000           addb rh0,#0x00
d1ba2:  00000000           addb rh0,#0x00
d1ba6:  00000000           addb rh0,#0x00
d1baa:  00000000           addb rh0,#0x00
d1bae:  00000000           addb rh0,#0x00
d1bb2:  00000000           addb rh0,#0x00
d1bb6:  00000000           addb rh0,#0x00
d1bba:  00000000           addb rh0,#0x00
d1bbe:  00000000           addb rh0,#0x00
d1bc2:  00000000           addb rh0,#0x00
d1bc6:  00000000           addb rh0,#0x00
d1bca:  00000000           addb rh0,#0x00
d1bce:  00000000           addb rh0,#0x00
d1bd2:  00000000           addb rh0,#0x00
d1bd6:  00000000           addb rh0,#0x00
d1bda:  00000000           addb rh0,#0x00
d1bde:  00000000           addb rh0,#0x00
d1be2:  00000000           addb rh0,#0x00
d1be6:  00000000           addb rh0,#0x00
d1bea:  00000000           addb rh0,#0x00
d1bee:  00000000           addb rh0,#0x00
d1bf2:  00000000           addb rh0,#0x00
d1bf6:  00000000           addb rh0,#0x00
d1bfa:  00000000           addb rh0,#0x00
d1bfe:  00000000           addb rh0,#0x00
d1c02:  00000000           addb rh0,#0x00
d1c06:  00000000           addb rh0,#0x00
d1c0a:  00000000           addb rh0,#0x00
d1c0e:  00000000           addb rh0,#0x00
d1c12:  00000000           addb rh0,#0x00
d1c16:  00000000           addb rh0,#0x00
d1c1a:  00000000           addb rh0,#0x00
d1c1e:  00000000           addb rh0,#0x00
d1c22:  00000000           addb rh0,#0x00
d1c26:  00000000           addb rh0,#0x00
d1c2a:  00000000           addb rh0,#0x00
d1c2e:  00000000           addb rh0,#0x00
d1c32:  00004844           addb rh0,#0x44
d1c36:  43355f43           sub r5,<<95>>0x0043(r3)
d1c3a:  4f4e54524553       ext4f #0x4f4e5452,<<69>>0x0053
d1c40:  7e57               .word #0x7e57
d1c42:  3b484443           indr @rr4,@r4,r4
d1c46:  355f5645           ldl rr15,rr5(#0x5645)
d1c4a:  43544f52           sub r4,<<79>>0x0052(r5)
d1c4e:  7e57               .word #0x7e57
d1c50:  573b4844           pop <<72>>0x0044(r11),@rr3
d1c54:  43355f50           sub r5,<<95>>0x0050(r3)
d1c58:  524f494e           subl rr15,<<73>>0x004e(r4)
d1c5c:  547e5757           ldl rr14,<<87>>0x0057(r7)
d1c60:  3b484443           indr @rr4,@r4,r4
d1c64:  355f5354           ldl rr15,rr5(#0x5354)
d1c68:  41545553           add r4,<<85>>0x0053(r5)
d1c6c:  464c4147           andb rl4,<<65>>0x0047(r4)
d1c70:  7e57               .word #0x7e57
d1c72:  503b4844           cpl rr11,<<72>>0x0044(r3)
d1c76:  43355f53           sub r5,<<95>>0x0053(r3)
d1c7a:  54415455           ldl rr1,<<84>>0x0055(r4)
d1c7e:  537e5750           push @rr7,<<87>>0x0050(r14)
d1c82:  3b484443           indr @rr4,@r4,r4
d1c86:  355f5052           ldl rr15,rr5(#0x5052)
d1c8a:  4f5045414b7e       ext4f #0x4f504541,<<75>>0x007e
d1c90:  57573b48           pop <<59>>0x0048(r7),@rr5
d1c94:  4443355f           orb rh3,<<53>>0x005f(r4)
d1c98:  444d4143           orb rl5,<<65>>0x0043(r4)
d1c9c:  41527e57           add r2,<<126>>0x0057(r5)
d1ca0:  573b4844           pop <<72>>0x0044(r11),@rr3
d1ca4:  43355f54           sub r5,<<95>>0x0054(r3)
d1ca8:  494d4552           xor r13,<<69>>0x0052(r4)
d1cac:  7e57               .word #0x7e57
d1cae:  573b4844           pop <<72>>0x0044(r11),@rr3
d1cb2:  43355f43           sub r5,<<95>>0x0043(r3)
d1cb6:  4f4e5452494e       ext4f #0x4f4e5452,<<73>>0x004e
d1cbc:  495a7e57           xor r10,<<126>>0x0057(r5)
d1cc0:  502a5757           cpl rr10,<<87>>0x0057(r2)
d1cc4:  57575757           pop <<87>>0x0057(r7),@rr5
d1cc8:  57575757           pop <<87>>0x0057(r7),@rr5
d1ccc:  3b484443           indr @rr4,@r4,r4
d1cd0:  355f4745           ldl rr15,rr5(#0x4745)
d1cd4:  4e494e547e57       ext4e #0x4e494e54,<<126>>0x0057
d1cda:  3b484443           indr @rr4,@r4,r4
d1cde:  355f484f           ldl rr15,rr5(#0x484f)
d1ce2:  4d457e57573b       ld <<126>>0x0057(r4),#0x573b
d1ce8:  48444335           xorb rh4,<<67>>0x0035(r4)
d1cec:  5f53               .word #0x5f53
d1cee:  45454b7e           or r5,<<75>>0x007e(r4)
d1cf2:  5757502a           pop <<80>>0x002a(r7),@rr5
d1cf6:  57575757           pop <<87>>0x0057(r7),@rr5
d1cfa:  573b4844           pop <<72>>0x0044(r11),@rr3
d1cfe:  43355f4c           sub r5,<<95>>0x004c(r3)
d1d02:  4f41447e574c       ext4f #0x4f41447e,<<87>>0x004c
d1d08:  573b4844           pop <<72>>0x0044(r11),@rr3
d1d0c:  43355f53           sub r5,<<95>>0x0053(r3)
d1d10:  544f5245           ldl rr15,<<82>>0x0045(r4)
d1d14:  7e57               .word #0x7e57
d1d16:  4c57               .word #0x4c57
d1d18:  3b484443           indr @rr4,@r4,r4
d1d1c:  355f434f           ldl rr15,rr5(#0x434f)
d1d20:  52454343           subl rr5,<<67>>0x0043(r4)
d1d24:  7e57               .word #0x7e57
d1d26:  3b484443           indr @rr4,@r4,r4
d1d2a:  355f5445           ldl rr15,rr5(#0x5445)
d1d2e:  5354504c           push @rr5,<<80>>0x004c(r4)
d1d32:  4f7e5757502a       ext4f #0x4f7e5757,<<80>>0x002a
d1d38:  4c57               .word #0x4c57
d1d3a:  57575757           pop <<87>>0x0057(r7),@rr5
d1d3e:  57575757           pop <<87>>0x0057(r7),@rr5
d1d42:  57573b48           pop <<59>>0x0048(r7),@rr5
d1d46:  4443355f           orb rh3,<<53>>0x005f(r4)
d1d4a:  52454144           subl rr5,<<65>>0x0044(r4)
d1d4e:  7e57               .word #0x7e57
d1d50:  57502a4c           pop <<42>>0x004c,@rr5
d1d54:  57575757           pop <<87>>0x0057(r7),@rr5
d1d58:  57575757           pop <<87>>0x0057(r7),@rr5
d1d5c:  57573b48           pop <<59>>0x0048(r7),@rr5
d1d60:  4443355f           orb rh3,<<53>>0x005f(r4)
d1d64:  57524954           pop <<73>>0x0054(r2),@rr5
d1d68:  457e5757           or r14,<<87>>0x0057(r7)
d1d6c:  502a4c57           cpl rr10,<<76>>0x0057(r2)
d1d70:  57575757           pop <<87>>0x0057(r7),@rr5
d1d74:  57575757           pop <<87>>0x0057(r7),@rr5
d1d78:  573b4844           pop <<72>>0x0044(r11),@rr3
d1d7c:  43355f56           sub r5,<<95>>0x0056(r3)
d1d80:  45524946           or r2,<<73>>0x0046(r5)
d1d84:  597e5757           mult rr14,<<87>>0x0057(r7)
d1d88:  502a4c57           cpl rr10,<<76>>0x0057(r2)
d1d8c:  57575757           pop <<87>>0x0057(r7),@rr5
d1d90:  57575757           pop <<87>>0x0057(r7),@rr5
d1d94:  57573b48           pop <<59>>0x0048(r7),@rr5
d1d98:  4443355f           orb rh3,<<53>>0x005f(r4)
d1d9c:  464f524d           andb rl7,<<82>>0x004d(r4)
d1da0:  41547e57           add r4,<<126>>0x0057(r5)
d1da4:  57502a57           pop <<42>>0x0057,@rr5
d1da8:  57575757           pop <<87>>0x0057(r7),@rr5
d1dac:  57575757           pop <<87>>0x0057(r7),@rr5
d1db0:  3b484443           indr @rr4,@r4,r4
d1db4:  355f5245           ldl rr15,rr5(#0x5245)
d1db8:  41444c4f           add r4,<<76>>0x004f(r4)
d1dbc:  4e477e575750       ext4e #0x4e477e57,<<87>>0x0050
d1dc2:  2a57               decb @rr5,#8
d1dc4:  57575757           pop <<87>>0x0057(r7),@rr5
d1dc8:  57575757           pop <<87>>0x0057(r7),@rr5
d1dcc:  573b4844           pop <<72>>0x0044(r11),@rr3
d1dd0:  43355f57           sub r5,<<95>>0x0057(r3)
d1dd4:  52495445           subl rr9,<<84>>0x0045(r4)
d1dd8:  4c4f               .word #0x4c4f
d1dda:  4e477e575750       ext4e #0x4e477e57,<<87>>0x0050
d1de0:  2a57               decb @rr5,#8
d1de2:  57575757           pop <<87>>0x0057(r7),@rr5
d1de6:  57575757           pop <<87>>0x0057(r7),@rr5
d1dea:  573b4844           pop <<72>>0x0044(r11),@rr3
d1dee:  43355f56           sub r5,<<95>>0x0056(r3)
d1df2:  45524946           or r2,<<73>>0x0046(r5)
d1df6:  594c4f4e           mult rr12,<<79>>0x004e(r4)
d1dfa:  477e5757           and r14,<<87>>0x0057(r7)
d1dfe:  502a5757           cpl rr10,<<87>>0x0057(r2)
d1e02:  57575757           pop <<87>>0x0057(r7),@rr5
d1e06:  57575757           pop <<87>>0x0057(r7),@rr5
d1e0a:  3b484443           indr @rr4,@r4,r4
d1e0e:  355f5245           ldl rr15,rr5(#0x5245)
d1e12:  41444944           add r4,<<73>>0x0044(r4)
d1e16:  7e57               .word #0x7e57
d1e18:  57502a4c           pop <<42>>0x004c,@rr5
d1e1c:  57575757           pop <<87>>0x0057(r7),@rr5
d1e20:  57573b48           pop <<59>>0x0048(r7),@rr5
d1e24:  4443355f           orb rh3,<<53>>0x005f(r4)
d1e28:  56455249           addl rr5,<<82>>0x0049(r4)
d1e2c:  46594944           andb rl1,<<73>>0x0044(r5)
d1e30:  7e57               .word #0x7e57
d1e32:  57502a57           pop <<42>>0x0057,@rr5
d1e36:  57575757           pop <<87>>0x0057(r7),@rr5
d1e3a:  573b4844           pop <<72>>0x0044(r11),@rr3
d1e3e:  43355f54           sub r5,<<95>>0x0054(r3)
d1e42:  494d4553           xor r13,<<69>>0x0053(r4)
d1e46:  45454b7e           or r5,<<75>>0x007e(r4)
d1e4a:  5757502a           pop <<80>>0x002a(r7),@rr5
d1e4e:  57575757           pop <<87>>0x0057(r7),@rr5
d1e52:  573b4844           pop <<72>>0x0044(r11),@rr3
d1e56:  43355f54           sub r5,<<95>>0x0054(r3)
d1e5a:  494d4552           xor r13,<<69>>0x0052(r4)
d1e5e:  4f547e575750       ext4f #0x4f547e57,<<87>>0x0050
d1e64:  2a57               decb @rr5,#8
d1e66:  5757573b           pop <<87>>0x003b(r7),@rr5
d1e6a:  48444335           xorb rh4,<<67>>0x0035(r4)
d1e6e:  5f54               .word #0x5f54
d1e70:  494d4552           xor r13,<<69>>0x0052(r4)
d1e74:  454e447e           or r14,<<68>>0x007e(r4)
d1e78:  573b4844           pop <<72>>0x0044(r11),@rr3
d1e7c:  43355f43           sub r5,<<95>>0x0043(r3)
d1e80:  4f4e5452454e       ext4f #0x4f4e5452,<<69>>0x004e
d1e86:  447e573b           orb rl6,<<87>>0x003b(r7)
d1e8a:  48444335           xorb rh4,<<67>>0x0035(r4)
d1e8e:  5f47               .word #0x5f47
d1e90:  454e494e           or r14,<<73>>0x004e(r4)
d1e94:  54454e44           ldl rr5,<<78>>0x0044(r4)
d1e98:  7e57               .word #0x7e57
d1e9a:  3b484443           indr @rr4,@r4,r4
d1e9e:  355f484f           ldl rr15,rr5(#0x484f)
d1ea2:  4d454e447e57       ld <<78>>0x0044(r4),#0x7e57
d1ea8:  503b4844           cpl rr11,<<72>>0x0044(r3)
d1eac:  43355f53           sub r5,<<95>>0x0053(r3)
d1eb0:  45454b45           or r5,<<75>>0x0045(r4)
d1eb4:  4e447e57503b       ext4e #0x4e447e57,<<80>>0x003b
d1eba:  48444335           xorb rh4,<<67>>0x0035(r4)
d1ebe:  5f4c               .word #0x5f4c
d1ec0:  4f4144454e44       ext4f #0x4f414445,<<78>>0x0044
d1ec6:  7e57               .word #0x7e57
d1ec8:  3b484443           indr @rr4,@r4,r4
d1ecc:  355f5354           ldl rr15,rr5(#0x5354)
d1ed0:  4f52454e447e       ext4f #0x4f52454e,<<68>>0x007e
d1ed6:  573b4844           pop <<72>>0x0044(r11),@rr3
d1eda:  43355f43           sub r5,<<95>>0x0043(r3)
d1ede:  4f5245434345       ext4f #0x4f524543,<<67>>0x0045
d1ee4:  4e447e575050       ext4e #0x4e447e57,<<80>>0x0050
d1eea:  3b484443           indr @rr4,@r4,r4
d1eee:  355f5445           ldl rr15,rr5(#0x5445)
d1ef2:  5354504c           push @rr5,<<80>>0x004c(r4)
d1ef6:  4f454e447e57       ext4f #0x4f454e44,<<126>>0x0057
d1efc:  503b4844           cpl rr11,<<72>>0x0044(r3)
d1f00:  43355f52           sub r5,<<95>>0x0052(r3)
d1f04:  45414445           or r1,<<68>>0x0045(r4)
d1f08:  4e447e57503b       ext4e #0x4e447e57,<<80>>0x003b
d1f0e:  48444335           xorb rh4,<<67>>0x0035(r4)
d1f12:  5f57               .word #0x5f57
d1f14:  52495445           subl rr9,<<84>>0x0045(r4)
d1f18:  4e447e57503b       ext4e #0x4e447e57,<<80>>0x003b
d1f1e:  48444335           xorb rh4,<<67>>0x0035(r4)
d1f22:  5f56               .word #0x5f56
d1f24:  45524946           or r2,<<73>>0x0046(r5)
d1f28:  59454e44           mult rr5,<<78>>0x0044(r4)
d1f2c:  7e57               .word #0x7e57
d1f2e:  503b4844           cpl rr11,<<72>>0x0044(r3)
d1f32:  43355f46           sub r5,<<95>>0x0046(r3)
d1f36:  4f524d415445       ext4f #0x4f524d41,<<84>>0x0045
d1f3c:  4e447e57503b       ext4e #0x4e447e57,<<80>>0x003b
d1f42:  48444335           xorb rh4,<<67>>0x0035(r4)
d1f46:  5f52               .word #0x5f52
d1f48:  444c4f4e           orb rl4,<<79>>0x004e(r4)
d1f4c:  47454e44           and r5,<<78>>0x0044(r4)
d1f50:  7e57               .word #0x7e57
d1f52:  503b4844           cpl rr11,<<72>>0x0044(r3)
d1f56:  43355f57           sub r5,<<95>>0x0057(r3)
d1f5a:  524c4f4e           subl rr12,<<79>>0x004e(r4)
d1f5e:  47454e44           and r5,<<78>>0x0044(r4)
d1f62:  7e57               .word #0x7e57
d1f64:  503b4844           cpl rr11,<<72>>0x0044(r3)
d1f68:  43355f56           sub r5,<<95>>0x0056(r3)
d1f6c:  454c4f4e           or r12,<<79>>0x004e(r4)
d1f70:  47454e44           and r5,<<78>>0x0044(r4)
d1f74:  7e57               .word #0x7e57
d1f76:  503b4844           cpl rr11,<<72>>0x0044(r3)
d1f7a:  43355f52           sub r5,<<95>>0x0052(r3)
d1f7e:  45414449           or r1,<<68>>0x0049(r4)
d1f82:  44454e44           orb rh5,<<78>>0x0044(r4)
d1f86:  7e57               .word #0x7e57
d1f88:  503b4844           cpl rr11,<<72>>0x0044(r3)
d1f8c:  43355f56           sub r5,<<95>>0x0056(r3)
d1f90:  45524944           or r2,<<73>>0x0044(r5)
d1f94:  454e447e           or r14,<<68>>0x007e(r4)
d1f98:  57503b48           pop <<59>>0x0048,@rr5
d1f9c:  4443355f           orb rh3,<<53>>0x005f(r4)
d1fa0:  544d5345           ldl rr13,<<83>>0x0045(r4)
d1fa4:  454b454e           or r11,<<69>>0x004e(r4)
d1fa8:  447e5750           orb rl6,<<87>>0x0050(r7)
d1fac:  3b484443           indr @rr4,@r4,r4
d1fb0:  355f544d           ldl rr15,rr5(#0x544d)
d1fb4:  524f5445           subl rr15,<<84>>0x0045(r4)
d1fb8:  4e447e57503b       ext4e #0x4e447e57,<<80>>0x003b
d1fbe:  414e5357           add r14,<<83>>0x0057(r4)
d1fc2:  45527e21           or r2,<<126>>0x0021(r5)
d1fc6:  573b414e           pop <<65>>0x004e(r11),@rr3
d1fca:  53574552           push @rr5,<<69>>0x0052(r7)
d1fce:  7e21               .word #0x7e21
d1fd0:  572a573b           pop <<87>>0x003b(r10),@rr2
d1fd4:  414e5357           add r14,<<83>>0x0057(r4)
d1fd8:  45527e21           or r2,<<126>>0x0021(r5)
d1fdc:  572a5757           pop <<87>>0x0057(r10),@rr2
d1fe0:  3b414e53           sinir @rr5,@r4,r14
d1fe4:  5745527e           pop <<82>>0x007e(r5),@rr4
d1fe8:  2157               ld r7,@rr5
d1fea:  2a57               decb @rr5,#8
d1fec:  5757573b           pop <<87>>0x003b(r7),@rr5
d1ff0:  414e5357           add r14,<<83>>0x0057(r4)
d1ff4:  45527e21           or r2,<<126>>0x0021(r5)
d1ff8:  572a5757           pop <<87>>0x0057(r10),@rr2
d1ffc:  5757573b           pop <<87>>0x003b(r7),@rr5
d2000:  414e5357           add r14,<<83>>0x0057(r4)
d2004:  45527e21           or r2,<<126>>0x0021(r5)
d2008:  572a5757           pop <<87>>0x0057(r10),@rr2
d200c:  57575757           pop <<87>>0x0057(r7),@rr5
d2010:  3b414e53           sinir @rr5,@r4,r14
d2014:  5745527e           pop <<82>>0x007e(r5),@rr4
d2018:  2157               ld r7,@rr5
d201a:  2a57               decb @rr5,#8
d201c:  57575757           pop <<87>>0x0057(r7),@rr5
d2020:  5757573b           pop <<87>>0x003b(r7),@rr5
d2024:  414e5357           add r14,<<83>>0x0057(r4)
d2028:  45527e21           or r2,<<126>>0x0021(r5)
d202c:  572a4242           pop <<66>>0x0042(r10),@rr2
d2030:  42424242           subb rh2,<<66>>0x0042(r4)
d2034:  42424242           subb rh2,<<66>>0x0042(r4)
d2038:  42423b00           subb rh2,<<59>>0x0000(r4)
d203c:  00000000           addb rh0,#0x00
d2040:  00000000           addb rh0,#0x00
d2044:  00000000           addb rh0,#0x00
d2048:  00000000           addb rh0,#0x00
d204c:  00000000           addb rh0,#0x00
d2050:  00000000           addb rh0,#0x00
d2054:  00000000           addb rh0,#0x00
d2058:  00000000           addb rh0,#0x00
d205c:  00000000           addb rh0,#0x00
d2060:  00000000           addb rh0,#0x00
d2064:  00000000           addb rh0,#0x00
d2068:  00000000           addb rh0,#0x00
d206c:  00000000           addb rh0,#0x00
d2070:  00000000           addb rh0,#0x00
d2074:  00000000           addb rh0,#0x00
d2078:  00000000           addb rh0,#0x00
d207c:  00000000           addb rh0,#0x00
d2080:  00000000           addb rh0,#0x00
d2084:  00000000           addb rh0,#0x00
d2088:  00000000           addb rh0,#0x00
d208c:  00000000           addb rh0,#0x00
d2090:  00000000           addb rh0,#0x00
d2094:  00000000           addb rh0,#0x00
d2098:  00000000           addb rh0,#0x00
d209c:  00000000           addb rh0,#0x00
d20a0:  00000000           addb rh0,#0x00
d20a4:  00000000           addb rh0,#0x00
d20a8:  00000000           addb rh0,#0x00
d20ac:  00000000           addb rh0,#0x00
d20b0:  00000000           addb rh0,#0x00
d20b4:  00000000           addb rh0,#0x00
d20b8:  00000000           addb rh0,#0x00
d20bc:  00000000           addb rh0,#0x00
d20c0:  00000000           addb rh0,#0x00
d20c4:  00000000           addb rh0,#0x00
d20c8:  00000000           addb rh0,#0x00
d20cc:  00000000           addb rh0,#0x00
d20d0:  00000000           addb rh0,#0x00
d20d4:  00000000           addb rh0,#0x00
d20d8:  00000000           addb rh0,#0x00
d20dc:  00000000           addb rh0,#0x00
d20e0:  00000000           addb rh0,#0x00
d20e4:  00000000           addb rh0,#0x00
d20e8:  00000000           addb rh0,#0x00
d20ec:  00000000           addb rh0,#0x00
d20f0:  00000000           addb rh0,#0x00
d20f4:  00000000           addb rh0,#0x00
d20f8:  00000000           addb rh0,#0x00
d20fc:  00000000           addb rh0,#0x00
d2100:  00000000           addb rh0,#0x00
d2104:  00000000           addb rh0,#0x00
d2108:  2020               ldb rh0,@rr2
d210a:  2020               ldb rh0,@rr2
d210c:  2020               ldb rh0,@rr2
d210e:  2020               ldb rh0,@rr2
d2110:  2020               ldb rh0,@rr2
d2112:  00000000           addb rh0,#0x00
d2116:  00000000           addb rh0,#0x00
d211a:  00000000           addb rh0,#0x00
d211e:  00000000           addb rh0,#0x00
d2122:  00000000           addb rh0,#0x00
d2126:  00000000           addb rh0,#0x00
d212a:  00000000           addb rh0,#0x00
d212e:  00000000           addb rh0,#0x00
d2132:  00000000           addb rh0,#0x00
d2136:  00000000           addb rh0,#0x00
d213a:  00000000           addb rh0,#0x00
d213e:  00000000           addb rh0,#0x00
d2142:  00000000           addb rh0,#0x00
d2146:  00000000           addb rh0,#0x00
d214a:  00000000           addb rh0,#0x00
d214e:  00000000           addb rh0,#0x00
d2152:  0000aaa1           addb rh0,#0xa1
d2156:  00000000           addb rh0,#0x00
d215a:  00000000           addb rh0,#0x00
d215e:  00000000           addb rh0,#0x00
d2162:  00000000           addb rh0,#0x00
d2166:  00010000           addb rh1,#0x00
d216a:  00000000           addb rh0,#0x00
d216e:  00000000           addb rh0,#0x00
d2172:  00000000           addb rh0,#0x00
d2176:  00000000           addb rh0,#0x00
d217a:  00000000           addb rh0,#0x00
d217e:  00000000           addb rh0,#0x00
d2182:  00000000           addb rh0,#0x00
d2186:  00000000           addb rh0,#0x00
d218a:  00000000           addb rh0,#0x00
d218e:  00000000           addb rh0,#0x00
d2192:  00000000           addb rh0,#0x00
d2196:  00000000           addb rh0,#0x00
d219a:  00000000           addb rh0,#0x00
d219e:  00000000           addb rh0,#0x00
d21a2:  00000000           addb rh0,#0x00
d21a6:  00000000           addb rh0,#0x00
d21aa:  00000000           addb rh0,#0x00
d21ae:  00000000           addb rh0,#0x00
d21b2:  00000000           addb rh0,#0x00
d21b6:  00000000           addb rh0,#0x00
d21ba:  00000000           addb rh0,#0x00
d21be:  00000000           addb rh0,#0x00
d21c2:  00000000           addb rh0,#0x00
d21c6:  00000000           addb rh0,#0x00
d21ca:  00000000           addb rh0,#0x00
d21ce:  00000000           addb rh0,#0x00
d21d2:  00000000           addb rh0,#0x00
d21d6:  00000000           addb rh0,#0x00
d21da:  00000000           addb rh0,#0x00
d21de:  00000000           addb rh0,#0x00
d21e2:  00000000           addb rh0,#0x00
d21e6:  00000000           addb rh0,#0x00
d21ea:  00000000           addb rh0,#0x00
d21ee:  00000000           addb rh0,#0x00
d21f2:  00000000           addb rh0,#0x00
d21f6:  00000000           addb rh0,#0x00
d21fa:  00000000           addb rh0,#0x00
d21fe:  00000000           addb rh0,#0x00
