49500:  7604a100e61c       lda rr4,<<33>>0xe61c
49506:  5f0084000000       call <<4>>0x0000
4950c:  e8ff               jr 0x950c
4950e:  8d34               test r3
49510:  e5f1               jr mi,0x94f4
49512:  0b03003b           cp r3,#0x003b
49516:  eaee               jr gt,0x94f4
49518:  9c28               testl rr2
4951a:  e6ec               jr z,0x94f4
4951c:  7608a100e5dc       lda rr8,<<33>>0xe5dc
49522:  a740               bit r4,#0
49524:  eeea               jr nz,0x94fa
49526:  5d02a100f774       ldl <<33>>0xf774,rr2
4952c:  4d05a100f7700000   ld <<33>>0xf770,#0x0000
49534:  4d05a100f7720000   ld <<33>>0xf772,#0x0000
4953c:  4c05a100e5db0000   ldb <<33>>0xe5db,#0x00
49544:  3ac6ff01           outb #0xff01,rl4
49548:  a0cd               ldb rl5,rl4
4954a:  8c58               clrb rh5
4954c:  b3590001           sla r5,#1
49550:  7d95               ldctl r9,psap
49552:  7d84               ldctl r8,psapseg
49554:  0109003c           add r9,#0x003c
49558:  8159               add r9,r5
4955a:  7602a100c694       lda rr2,<<33>>0xc694
49560:  1d82               ldl @rr8,rr2
49562:  ca34               ldb rl2,#0x34
49564:  3aa6ffc7           outb #0xffc7,rl2
49568:  21023014           ld r2,#0x3014
4956c:  3aa6ffc1           outb #0xffc1,rl2
49570:  3a26ffc1           outb #0xffc1,rh2
49574:  ca71               ldb rl2,#0x71
49576:  3aa6ffc7           outb #0xffc7,rl2
4957a:  21020098           ld r2,#0x0098
4957e:  3aa6ffc3           outb #0xffc3,rl2
49582:  3a26ffc3           outb #0xffc3,rh2
49586:  21070000           ld r7,#0x0000
4958a:  4c05a100e5da0101   ldb <<33>>0xe5da,#0x01
49592:  7c05               ei vi
49594:  3aa6ff8c           outb #0xff8c,rl2
49598:  9e08               ret 
4959a:  a730               bit r3,#0
4959c:  e60d               jr z,0x95b8
4959e:  7608a100e606       lda rr8,<<33>>0xe606
495a4:  5d08a100e622       ldl <<33>>0xe622,rr8
495aa:  7604a100e61c       lda rr4,<<33>>0xe61c
495b0:  5f0084000000       call <<4>>0x0000
495b6:  e8ff               jr 0x95b6
495b8:  7d42               ldctl r4,fcw
495ba:  7c00               di nvi,vi
495bc:  93e4               push @rr14,r4
495be:  6107a100f770       ld r7,<<33>>0xf770
495c4:  2f27               ld @rr2,r7
495c6:  160200000002       addl rr2,#0x00000002
495cc:  6107a100f772       ld r7,<<33>>0xf772
495d2:  2f27               ld @rr2,r7
495d4:  8c78               clrb rh7
495d6:  600fa100e5da       ldb rl7,<<33>>0xe5da
495dc:  97e2               pop r2,@rr14
495de:  7d2a               ldctl fcw,r2
495e0:  9e08               ret 
495e2:  4c01a100e5da0101   cpb <<33>>0xe5da,#0x01
495ea:  ee0a               jr nz,0x9600
495ec:  c771               ldb rh7,#0x71
495ee:  3a76ffc7           outb #0xffc7,rh7
495f2:  4c05a100e5da0303   ldb <<33>>0xe5da,#0x03
495fa:  21070001           ld r7,#0x0001
495fe:  9e08               ret 
49600:  4c01a100e5da0202   cpb <<33>>0xe5da,#0x02
49608:  e608               jr z,0x961a
4960a:  4c01a100e5da0303   cpb <<33>>0xe5da,#0x03
49612:  e603               jr z,0x961a
49614:  4c08a100e5da       clrb <<33>>0xe5da
4961a:  8c78               clrb rh7
4961c:  600fa100e5da       ldb rl7,<<33>>0xe5da
49622:  9e08               ret 
49624:  030f004c           sub r15,#0x004c
49628:  0de50050           ld @rr14,#0x0050
4962c:  5cf90205190a       ldm <<25>>0x000a(r15),r2,#6
49632:  4df5191e0001       ld <<25>>0x001e(r15),#0x0001
49638:  e81d               jr 0x9674
4963a:  21010020           ld r1,#0x0020
4963e:  0b010000           cp r1,#0x0000
49642:  e103               jr lt,0x964a
49644:  0b0100ff           cp r1,#0x00ff
49648:  e204               jr le,0x9652
4964a:  bd2e               ldk r2,#14
4964c:  5f00840033f6       call <<4>>0x33f6
49652:  61f2191e           ld r2,<<25>>0x001e(r15)
49656:  0b020001           cp r2,#0x0001
4965a:  e103               jr lt,0x9662
4965c:  0b020028           cp r2,#0x0028
49660:  e204               jr le,0x966a
49662:  bd2d               ldk r2,#13
49664:  5f00840033f6       call <<4>>0x33f6
4966a:  81f2               add r2,r15
4966c:  6e291921           ldb <<25>>0x0021(r2),rl1
49670:  69f0191e           inc <<25>>0x001e(r15),#1
49674:  4df1191e0028       cp <<25>>0x001e(r15),#0x0028
4967a:  e2df               jr le,0x963a
4967c:  4df8191e           clr <<25>>0x001e(r15)
49680:  7602840042f0       lda rr2,<<4>>0x42f0
49686:  2104ffff           ld r4,#0xffff
4968a:  bd52               ldk r5,#2
4968c:  7606a100e658       lda rr6,<<33>>0xe658
49692:  5f008400285a       call <<4>>0x285a
49698:  76028400434c       lda rr2,<<4>>0x434c
4969e:  5f0084001bbc       call <<4>>0x1bbc
496a4:  6eff1906           ldb <<25>>0x0006(r15),rl7
496a8:  4cf41906           testb <<25>>0x0006(r15)
496ac:  ee4c               jr nz,0x9746
496ae:  76028400434c       lda rr2,<<4>>0x434c
496b4:  5f00840019bc       call <<4>>0x19bc
496ba:  6eff1920           ldb <<25>>0x0020(r15),rl7
496be:  69f0191e           inc <<25>>0x001e(r15),#1
496c2:  4cf119204141       cpb <<25>>0x0020(r15),#0x41
496c8:  e721               jr c,0x970c
496ca:  4cf119204646       cpb <<25>>0x0020(r15),#0x46
496d0:  eb1d               jr ugt,0x970c
496d2:  60f91920           ldb rl1,<<25>>0x0020(r15)
496d6:  8c18               clrb rh1
496d8:  01010020           add r1,#0x0020
496dc:  0b010000           cp r1,#0x0000
496e0:  e103               jr lt,0x96e8
496e2:  0b0100ff           cp r1,#0x00ff
496e6:  e205               jr le,0x96f2
496e8:  21020012           ld r2,#0x0012
496ec:  5f00840033f6       call <<4>>0x33f6
496f2:  8c18               clrb rh1
496f4:  0b010000           cp r1,#0x0000
496f8:  e103               jr lt,0x9700
496fa:  0b0100ff           cp r1,#0x00ff
496fe:  e204               jr le,0x9708
49700:  bd2e               ldk r2,#14
49702:  5f00840033f6       call <<4>>0x33f6
49708:  6ef91920           ldb <<25>>0x0020(r15),rl1
4970c:  60f91920           ldb rl1,<<25>>0x0020(r15)
49710:  8c18               clrb rh1
49712:  0b010000           cp r1,#0x0000
49716:  e103               jr lt,0x971e
49718:  0b0100ff           cp r1,#0x00ff
4971c:  e204               jr le,0x9726
4971e:  bd2e               ldk r2,#14
49720:  5f00840033f6       call <<4>>0x33f6
49726:  61f2191e           ld r2,<<25>>0x001e(r15)
4972a:  0b020001           cp r2,#0x0001
4972e:  e103               jr lt,0x9736
49730:  0b020028           cp r2,#0x0028
49734:  e204               jr le,0x973e
49736:  bd2d               ldk r2,#13
49738:  5f00840033f6       call <<4>>0x33f6
4973e:  81f2               add r2,r15
49740:  6e291921           ldb <<25>>0x0021(r2),rl1
49744:  e8a9               jr 0x9698
49746:  76028400434c       lda rr2,<<4>>0x434c
4974c:  5f0084001a0c       call <<4>>0x1a0c
49752:  4df1191e0000       cp <<25>>0x001e(r15),#0x0000
49758:  5e02a100cc56       jp le,<<33>>0xcc56
4975e:  21010020           ld r1,#0x0020
49762:  0b010000           cp r1,#0x0000
49766:  e103               jr lt,0x976e
49768:  0b0100ff           cp r1,#0x00ff
4976c:  e204               jr le,0x9776
4976e:  bd2e               ldk r2,#14
49770:  5f00840033f6       call <<4>>0x33f6
49776:  61f2191e           ld r2,<<25>>0x001e(r15)
4977a:  a920               inc r2,#1
4977c:  0b020001           cp r2,#0x0001
49780:  e103               jr lt,0x9788
49782:  0b020028           cp r2,#0x0028
49786:  e204               jr le,0x9790
49788:  bd2d               ldk r2,#13
4978a:  5f00840033f6       call <<4>>0x33f6
49790:  81f2               add r2,r15
49792:  6e291921           ldb <<25>>0x0021(r2),rl1
49796:  bd10               ldk r1,#0
49798:  0b010000           cp r1,#0x0000
4979c:  e103               jr lt,0x97a4
4979e:  0b010003           cp r1,#0x0003
497a2:  e204               jr le,0x97ac
497a4:  bd2e               ldk r2,#14
497a6:  5f00840033f6       call <<4>>0x33f6
497ac:  6ef9194b           ldb <<25>>0x004b(r15),rl1
497b0:  61f1191e           ld r1,<<25>>0x001e(r15)
497b4:  6ff11908           ld <<25>>0x0008(r15),r1
497b8:  4df5191c0001       ld <<25>>0x001c(r15),#0x0001
497be:  5e08a100cba2       jp <<33>>0xcba2
497c4:  61f1191c           ld r1,<<25>>0x001c(r15)
497c8:  0b010001           cp r1,#0x0001
497cc:  e103               jr lt,0x97d4
497ce:  0b010028           cp r1,#0x0028
497d2:  e204               jr le,0x97dc
497d4:  bd2d               ldk r2,#13
497d6:  5f00840033f6       call <<4>>0x33f6
497dc:  81f1               add r1,r15
497de:  60191921           ldb rl1,<<25>>0x0021(r1)
497e2:  8c18               clrb rh1
497e4:  0b010000           cp r1,#0x0000
497e8:  e103               jr lt,0x97f0
497ea:  0b0100ff           cp r1,#0x00ff
497ee:  e204               jr le,0x97f8
497f0:  bd2e               ldk r2,#14
497f2:  5f00840033f6       call <<4>>0x33f6
497f8:  6ef91920           ldb <<25>>0x0020(r15),rl1
497fc:  60f9194b           ldb rl1,<<25>>0x004b(r15)
49800:  b110               extsb r1
49802:  0b010000           cp r1,#0x0000
49806:  ee38               jr nz,0x9878
49808:  4cf119203030       cpb <<25>>0x0020(r15),#0x30
4980e:  e704               jr c,0x9818
49810:  4cf119203939       cpb <<25>>0x0020(r15),#0x39
49816:  e30e               jr ule,0x9834
49818:  4cf119206161       cpb <<25>>0x0020(r15),#0x61
4981e:  e704               jr c,0x9828
49820:  4cf119206666       cpb <<25>>0x0020(r15),#0x66
49826:  e306               jr ule,0x9834
49828:  4cf119202a2a       cpb <<25>>0x0020(r15),#0x2a
4982e:  e602               jr z,0x9834
49830:  c901               ldb rl1,#0x01
49832:  e801               jr 0x9836
49834:  c900               ldb rl1,#0x00
49836:  b110               extsb r1
49838:  0b010000           cp r1,#0x0000
4983c:  e103               jr lt,0x9844
4983e:  0b010001           cp r1,#0x0001
49842:  e204               jr le,0x984c
49844:  bd2e               ldk r2,#14
49846:  5f00840033f6       call <<4>>0x33f6
4984c:  6ef9194a           ldb <<25>>0x004a(r15),rl1
49850:  4cf119202a2a       cpb <<25>>0x0020(r15),#0x2a
49856:  ee0d               jr nz,0x9872
49858:  bd13               ldk r1,#3
4985a:  0b010000           cp r1,#0x0000
4985e:  e103               jr lt,0x9866
49860:  0b010003           cp r1,#0x0003
49864:  e204               jr le,0x986e
49866:  bd2e               ldk r2,#14
49868:  5f00840033f6       call <<4>>0x33f6
4986e:  6ef9194b           ldb <<25>>0x004b(r15),rl1
49872:  5e08a100cb96       jp <<33>>0xcb96
49878:  0b010001           cp r1,#0x0001
4987c:  ee2e               jr nz,0x98da
4987e:  4cf119203030       cpb <<25>>0x0020(r15),#0x30
49884:  e704               jr c,0x988e
49886:  4cf119203939       cpb <<25>>0x0020(r15),#0x39
4988c:  e306               jr ule,0x989a
4988e:  4cf119202c2c       cpb <<25>>0x0020(r15),#0x2c
49894:  e602               jr z,0x989a
49896:  c901               ldb rl1,#0x01
49898:  e801               jr 0x989c
4989a:  c900               ldb rl1,#0x00
4989c:  b110               extsb r1
4989e:  0b010000           cp r1,#0x0000
498a2:  e103               jr lt,0x98aa
498a4:  0b010001           cp r1,#0x0001
498a8:  e204               jr le,0x98b2
498aa:  bd2e               ldk r2,#14
498ac:  5f00840033f6       call <<4>>0x33f6
498b2:  6ef9194a           ldb <<25>>0x004a(r15),rl1
498b6:  4cf119202c2c       cpb <<25>>0x0020(r15),#0x2c
498bc:  ee0d               jr nz,0x98d8
498be:  bd12               ldk r1,#2
498c0:  0b010000           cp r1,#0x0000
498c4:  e103               jr lt,0x98cc
498c6:  0b010003           cp r1,#0x0003
498ca:  e204               jr le,0x98d4
498cc:  bd2e               ldk r2,#14
498ce:  5f00840033f6       call <<4>>0x33f6
498d4:  6ef9194b           ldb <<25>>0x004b(r15),rl1
498d8:  e85e               jr 0x9996
498da:  0b010003           cp r1,#0x0003
498de:  ee26               jr nz,0x992c
498e0:  4cf119203030       cpb <<25>>0x0020(r15),#0x30
498e6:  e704               jr c,0x98f0
498e8:  4cf119203939       cpb <<25>>0x0020(r15),#0x39
498ee:  e302               jr ule,0x98f4
498f0:  c901               ldb rl1,#0x01
498f2:  e801               jr 0x98f6
498f4:  c900               ldb rl1,#0x00
498f6:  b110               extsb r1
498f8:  0b010000           cp r1,#0x0000
498fc:  e103               jr lt,0x9904
498fe:  0b010001           cp r1,#0x0001
49902:  e204               jr le,0x990c
49904:  bd2e               ldk r2,#14
49906:  5f00840033f6       call <<4>>0x33f6
4990c:  6ef9194a           ldb <<25>>0x004a(r15),rl1
49910:  bd11               ldk r1,#1
49912:  0b010000           cp r1,#0x0000
49916:  e103               jr lt,0x991e
49918:  0b010003           cp r1,#0x0003
4991c:  e204               jr le,0x9926
4991e:  bd2e               ldk r2,#14
49920:  5f00840033f6       call <<4>>0x33f6
49926:  6ef9194b           ldb <<25>>0x004b(r15),rl1
4992a:  e835               jr 0x9996
4992c:  0b010002           cp r1,#0x0002
49930:  ee2e               jr nz,0x998e
49932:  4cf119203030       cpb <<25>>0x0020(r15),#0x30
49938:  e704               jr c,0x9942
4993a:  4cf119203939       cpb <<25>>0x0020(r15),#0x39
49940:  e30a               jr ule,0x9956
49942:  4cf119206161       cpb <<25>>0x0020(r15),#0x61
49948:  e704               jr c,0x9952
4994a:  4cf119206666       cpb <<25>>0x0020(r15),#0x66
49950:  e302               jr ule,0x9956
49952:  c901               ldb rl1,#0x01
49954:  e801               jr 0x9958
49956:  c900               ldb rl1,#0x00
49958:  b110               extsb r1
4995a:  0b010000           cp r1,#0x0000
4995e:  e103               jr lt,0x9966
49960:  0b010001           cp r1,#0x0001
49964:  e204               jr le,0x996e
49966:  bd2e               ldk r2,#14
49968:  5f00840033f6       call <<4>>0x33f6
4996e:  6ef9194a           ldb <<25>>0x004a(r15),rl1
49972:  bd10               ldk r1,#0
49974:  0b010000           cp r1,#0x0000
49978:  e103               jr lt,0x9980
4997a:  0b010003           cp r1,#0x0003
4997e:  e204               jr le,0x9988
49980:  bd2e               ldk r2,#14
49982:  5f00840033f6       call <<4>>0x33f6
49988:  6ef9194b           ldb <<25>>0x004b(r15),rl1
4998c:  e804               jr 0x9996
4998e:  bd20               ldk r2,#0
49990:  5f00840033f6       call <<4>>0x33f6
49996:  4cf4194a           testb <<25>>0x004a(r15)
4999a:  e601               jr z,0x999e
4999c:  e809               jr 0x99b0
4999e:  69f0191c           inc <<25>>0x001c(r15),#1
499a2:  61f1191c           ld r1,<<25>>0x001c(r15)
499a6:  4bf11908           cp r1,<<25>>0x0008(r15)
499aa:  5e02a100c9c4       jp le,<<33>>0xc9c4
499b0:  4cf1194b0303       cpb <<25>>0x004b(r15),#0x03
499b6:  e604               jr z,0x99c0
499b8:  4cf1194b0202       cpb <<25>>0x004b(r15),#0x02
499be:  ee11               jr nz,0x99e2
499c0:  bd11               ldk r1,#1
499c2:  0b010000           cp r1,#0x0000
499c6:  e103               jr lt,0x99ce
499c8:  0b010001           cp r1,#0x0001
499cc:  e204               jr le,0x99d6
499ce:  bd2e               ldk r2,#14
499d0:  5f00840033f6       call <<4>>0x33f6
499d6:  6ef9194a           ldb <<25>>0x004a(r15),rl1
499da:  61f1191e           ld r1,<<25>>0x001e(r15)
499de:  6ff1191c           ld <<25>>0x001c(r15),r1
499e2:  4cf4194a           testb <<25>>0x004a(r15)
499e6:  e637               jr z,0x9a56
499e8:  7602840042f0       lda rr2,<<4>>0x42f0
499ee:  bd40               ldk r4,#0
499f0:  bd53               ldk r5,#3
499f2:  7606a100e654       lda rr6,<<33>>0xe654
499f8:  5f008400285a       call <<4>>0x285a
499fe:  6bf0191c           dec <<25>>0x001c(r15),#1
49a02:  61f1191c           ld r1,<<25>>0x001c(r15)
49a06:  6ff11908           ld <<25>>0x0008(r15),r1
49a0a:  4df5191a0001       ld <<25>>0x001a(r15),#0x0001
49a10:  e817               jr 0x9a40
49a12:  7602840042f0       lda rr2,<<4>>0x42f0
49a18:  61f1191a           ld r1,<<25>>0x001a(r15)
49a1c:  0b010001           cp r1,#0x0001
49a20:  e103               jr lt,0x9a28
49a22:  0b010028           cp r1,#0x0028
49a26:  e204               jr le,0x9a30
49a28:  bd2d               ldk r2,#13
49a2a:  5f00840033f6       call <<4>>0x33f6
49a30:  81f1               add r1,r15
49a32:  601c1921           ldb rl4,<<25>>0x0021(r1)
49a36:  5f00840010b8       call <<4>>0x10b8
49a3c:  69f0191a           inc <<25>>0x001a(r15),#1
49a40:  61f1191a           ld r1,<<25>>0x001a(r15)
49a44:  4bf11908           cp r1,<<25>>0x0008(r15)
49a48:  e2e4               jr le,0x9a12
49a4a:  7602840042f0       lda rr2,<<4>>0x42f0
49a50:  5f00840011f6       call <<4>>0x11f6
49a56:  4df4191e           test <<25>>0x001e(r15)
49a5a:  e605               jr z,0x9a66
49a5c:  4cf4194a           testb <<25>>0x004a(r15)
49a60:  5e0ea100c832       jp nz,<<33>>0xc832
49a66:  7602840042f0       lda rr2,<<4>>0x42f0
49a6c:  bd40               ldk r4,#0
49a6e:  bd53               ldk r5,#3
49a70:  7606a100e650       lda rr6,<<33>>0xe650
49a76:  5f008400285a       call <<4>>0x285a
49a7c:  7602840042f0       lda rr2,<<4>>0x42f0
49a82:  2104ffff           ld r4,#0xffff
49a86:  21050028           ld r5,#0x0028
49a8a:  7606a100e628       lda rr6,<<33>>0xe628
49a90:  5f008400285a       call <<4>>0x285a
49a96:  7602840042f0       lda rr2,<<4>>0x42f0
49a9c:  5f00840011f6       call <<4>>0x11f6
49aa2:  4df1191e0000       cp <<25>>0x001e(r15),#0x0000
49aa8:  c900               ldb rl1,#0x00
49aaa:  ae9a               tccb gt,rl1
49aac:  b110               extsb r1
49aae:  0b010000           cp r1,#0x0000
49ab2:  e103               jr lt,0x9aba
49ab4:  0b010001           cp r1,#0x0001
49ab8:  e204               jr le,0x9ac2
49aba:  bd2e               ldk r2,#14
49abc:  5f00840033f6       call <<4>>0x33f6
49ac2:  6ef91916           ldb <<25>>0x0016(r15),rl1
49ac6:  34ec0022           lda rr12,rr14(#0x0022)
49aca:  54fa190a           ldl rr10,<<25>>0x000a(r15)
49ace:  21010014           ld r1,#0x0014
49ad2:  bbc101a0           ldir @rr10,@rr12,r1
49ad6:  60ff1916           ldb rl7,<<25>>0x0016(r15)
49ada:  010f004c           add r15,#0x004c
49ade:  9e08               ret 
49ae0:  030f001a           sub r15,#0x001a
49ae4:  0de5001e           ld @rr14,#0x001e
49ae8:  54fc1920           ldl rr12,<<25>>0x0020(r15)
49aec:  010dfb88           add r13,#0xfb88
49af0:  6bd09900046c       dec <<25>>0x046c(r13),#1
49af6:  54fc1920           ldl rr12,<<25>>0x0020(r15)
49afa:  010dfb88           add r13,#0xfb88
49afe:  31c1046c           ld r1,rr12(#0x046c)
49b02:  6ff11908           ld <<25>>0x0008(r15),r1
49b06:  4df81918           clr <<25>>0x0018(r15)
49b0a:  e86f               jr 0x9bea
49b0c:  54fc1920           ldl rr12,<<25>>0x0020(r15)
49b10:  010dfb88           add r13,#0xfb88
49b14:  61d1193e           ld r1,<<25>>0x003e(r13)
49b18:  6ff11906           ld <<25>>0x0006(r15),r1
49b1c:  4df519160001       ld <<25>>0x0016(r15),#0x0001
49b22:  e85c               jr 0x9bdc
49b24:  54fc1920           ldl rr12,<<25>>0x0020(r15)
49b28:  010dfb88           add r13,#0xfb88
49b2c:  61dd193e           ld r13,<<25>>0x003e(r13)
49b30:  59fc1918           mult rr12,<<25>>0x0018(r15)
49b34:  41fd1916           add r13,<<25>>0x0016(r15)
49b38:  54fa1920           ldl rr10,<<25>>0x0020(r15)
49b3c:  010bfb88           add r11,#0xfb88
49b40:  41bd9900046e       add r13,<<25>>0x046e(r11)
49b46:  54fa1920           ldl rr10,<<25>>0x0020(r15)
49b4a:  010bfb88           add r11,#0xfb88
49b4e:  33ad0470           ld rr10(#0x0470),r13
49b52:  54fc1920           ldl rr12,<<25>>0x0020(r15)
49b56:  010dfb88           add r13,#0xfb88
49b5a:  31c10470           ld r1,rr12(#0x0470)
49b5e:  54fc1920           ldl rr12,<<25>>0x0020(r15)
49b62:  010dfb88           add r13,#0xfb88
49b66:  4bd11912           cp r1,<<25>>0x0012(r13)
49b6a:  ea36               jr gt,0x9bd8
49b6c:  61f11916           ld r1,<<25>>0x0016(r15)
49b70:  0b010001           cp r1,#0x0001
49b74:  e103               jr lt,0x9b7c
49b76:  0b010028           cp r1,#0x0028
49b7a:  e204               jr le,0x9b84
49b7c:  bd2d               ldk r2,#13
49b7e:  5f00840033f6       call <<4>>0x33f6
49b84:  54fc1920           ldl rr12,<<25>>0x0020(r15)
49b88:  010dfb88           add r13,#0xfb88
49b8c:  811d               add r13,r1
49b8e:  60d999000441       ldb rl1,<<25>>0x0441(r13)
49b94:  8c18               clrb rh1
49b96:  0b010000           cp r1,#0x0000
49b9a:  e103               jr lt,0x9ba2
49b9c:  0b0100ff           cp r1,#0x00ff
49ba0:  e204               jr le,0x9baa
49ba2:  bd2e               ldk r2,#14
49ba4:  5f00840033f6       call <<4>>0x33f6
49baa:  54fc1920           ldl rr12,<<25>>0x0020(r15)
49bae:  010dfb88           add r13,#0xfb88
49bb2:  31c20470           ld r2,rr12(#0x0470)
49bb6:  0b020001           cp r2,#0x0001
49bba:  e103               jr lt,0x9bc2
49bbc:  0b020400           cp r2,#0x0400
49bc0:  e204               jr le,0x9bca
49bc2:  bd2d               ldk r2,#13
49bc4:  5f00840033f6       call <<4>>0x33f6
49bca:  54fc1920           ldl rr12,<<25>>0x0020(r15)
49bce:  010dfb88           add r13,#0xfb88
49bd2:  812d               add r13,r2
49bd4:  6ed91941           ldb <<25>>0x0041(r13),rl1
49bd8:  69f01916           inc <<25>>0x0016(r15),#1
49bdc:  61f11916           ld r1,<<25>>0x0016(r15)
49be0:  4bf11906           cp r1,<<25>>0x0006(r15)
49be4:  e29f               jr le,0x9b24
49be6:  69f01918           inc <<25>>0x0018(r15),#1
49bea:  61f11918           ld r1,<<25>>0x0018(r15)
49bee:  4bf11908           cp r1,<<25>>0x0008(r15)
49bf2:  e28c               jr le,0x9b0c
49bf4:  010f001a           add r15,#0x001a
49bf8:  9e08               ret 
49bfa:  030f0016           sub r15,#0x0016
49bfe:  0de5001a           ld @rr14,#0x001a
49c02:  54fc191c           ldl rr12,<<25>>0x001c(r15)
49c06:  010dfb88           add r13,#0xfb88
49c0a:  31c10470           ld r1,rr12(#0x0470)
49c0e:  a910               inc r1,#1
49c10:  54fc191c           ldl rr12,<<25>>0x001c(r15)
49c14:  010dfb88           add r13,#0xfb88
49c18:  33c1046e           ld rr12(#0x046e),r1
49c1c:  54fc191c           ldl rr12,<<25>>0x001c(r15)
49c20:  010dfb88           add r13,#0xfb88
49c24:  31c1046e           ld r1,rr12(#0x046e)
49c28:  54fc191c           ldl rr12,<<25>>0x001c(r15)
49c2c:  010dfb88           add r13,#0xfb88
49c30:  61d21912           ld r2,<<25>>0x0012(r13)
49c34:  6ff21906           ld <<25>>0x0006(r15),r2
49c38:  6ff11914           ld <<25>>0x0014(r15),r1
49c3c:  e839               jr 0x9cb0
49c3e:  61f11914           ld r1,<<25>>0x0014(r15)
49c42:  54fc191c           ldl rr12,<<25>>0x001c(r15)
49c46:  010dfb88           add r13,#0xfb88
49c4a:  43d1193e           sub r1,<<25>>0x003e(r13)
49c4e:  0b010001           cp r1,#0x0001
49c52:  e103               jr lt,0x9c5a
49c54:  0b010400           cp r1,#0x0400
49c58:  e204               jr le,0x9c62
49c5a:  bd2d               ldk r2,#13
49c5c:  5f00840033f6       call <<4>>0x33f6
49c62:  54fc191c           ldl rr12,<<25>>0x001c(r15)
49c66:  010dfb88           add r13,#0xfb88
49c6a:  811d               add r13,r1
49c6c:  60d91941           ldb rl1,<<25>>0x0041(r13)
49c70:  8c18               clrb rh1
49c72:  0b010000           cp r1,#0x0000
49c76:  e103               jr lt,0x9c7e
49c78:  0b0100ff           cp r1,#0x00ff
49c7c:  e204               jr le,0x9c86
49c7e:  bd2e               ldk r2,#14
49c80:  5f00840033f6       call <<4>>0x33f6
49c86:  61f21914           ld r2,<<25>>0x0014(r15)
49c8a:  0b020001           cp r2,#0x0001
49c8e:  e103               jr lt,0x9c96
49c90:  0b020400           cp r2,#0x0400
49c94:  e204               jr le,0x9c9e
49c96:  bd2d               ldk r2,#13
49c98:  5f00840033f6       call <<4>>0x33f6
49c9e:  54fc191c           ldl rr12,<<25>>0x001c(r15)
49ca2:  010dfb88           add r13,#0xfb88
49ca6:  812d               add r13,r2
49ca8:  6ed91941           ldb <<25>>0x0041(r13),rl1
49cac:  69f01914           inc <<25>>0x0014(r15),#1
49cb0:  61f11914           ld r1,<<25>>0x0014(r15)
49cb4:  4bf11906           cp r1,<<25>>0x0006(r15)
49cb8:  e2c2               jr le,0x9c3e
49cba:  010f0016           add r15,#0x0016
49cbe:  9e08               ret 
49cc0:  33effb8e           ld rr14(#0xfb8e),r15
49cc4:  030f0472           sub r15,#0x0472
49cc8:  0de50476           ld @rr14,#0x0476
49ccc:  5cf902051908       ldm <<25>>0x0008(r15),r2,#6
49cd2:  54fc190c           ldl rr12,<<25>>0x000c(r15)
49cd6:  34ea0014           lda rr10,rr14(#0x0014)
49cda:  21010014           ld r1,#0x0014
49cde:  bbc101a0           ldir @rr10,@rr12,r1
49ce2:  61f11912           ld r1,<<25>>0x0012(r15)
49ce6:  8111               add r1,r1
49ce8:  6ff11912           ld <<25>>0x0012(r15),r1
49cec:  4df81940           clr <<25>>0x0040(r15)
49cf0:  4df8193e           clr <<25>>0x003e(r15)
49cf4:  bd11               ldk r1,#1
49cf6:  0b010000           cp r1,#0x0000
49cfa:  e103               jr lt,0x9d02
49cfc:  0b010001           cp r1,#0x0001
49d00:  e204               jr le,0x9d0a
49d02:  bd2e               ldk r2,#14
49d04:  5f00840033f6       call <<4>>0x33f6
49d0a:  32e9046a           ldb rr14(#0x046a),rl1
49d0e:  4df89900046e       clr <<25>>0x046e(r15)
49d14:  4df89900046c       clr <<25>>0x046c(r15)
49d1a:  69f01940           inc <<25>>0x0040(r15),#1
49d1e:  61f11940           ld r1,<<25>>0x0040(r15)
49d22:  0b010001           cp r1,#0x0001
49d26:  e103               jr lt,0x9d2e
49d28:  0b010028           cp r1,#0x0028
49d2c:  e204               jr le,0x9d36
49d2e:  bd2d               ldk r2,#13
49d30:  5f00840033f6       call <<4>>0x33f6
49d36:  81f1               add r1,r15
49d38:  60191913           ldb rl1,<<25>>0x0013(r1)
49d3c:  8c18               clrb rh1
49d3e:  0b01002a           cp r1,#0x002a
49d42:  ee10               jr nz,0x9d64
49d44:  bd10               ldk r1,#0
49d46:  0b010000           cp r1,#0x0000
49d4a:  e103               jr lt,0x9d52
49d4c:  0b010001           cp r1,#0x0001
49d50:  e204               jr le,0x9d5a
49d52:  bd2e               ldk r2,#14
49d54:  5f00840033f6       call <<4>>0x33f6
49d5a:  32e9046a           ldb rr14(#0x046a),rl1
49d5e:  5e08a100d0a4       jp <<33>>0xd0a4
49d64:  0b01002c           cp r1,#0x002c
49d68:  ee1e               jr nz,0x9da6
49d6a:  34ec0478           lda rr12,rr14(#0x0478)
49d6e:  5dfc1902           ldl <<25>>0x0002(r15),rr12
49d72:  5f00a100cce0       call <<33>>0xcce0
49d78:  31e10470           ld r1,rr14(#0x0470)
49d7c:  33e1046e           ld rr14(#0x046e),r1
49d80:  bd11               ldk r1,#1
49d82:  0b010000           cp r1,#0x0000
49d86:  e103               jr lt,0x9d8e
49d88:  0b010001           cp r1,#0x0001
49d8c:  e204               jr le,0x9d96
49d8e:  bd2e               ldk r2,#14
49d90:  5f00840033f6       call <<4>>0x33f6
49d96:  32e9046a           ldb rr14(#0x046a),rl1
49d9a:  4df8193e           clr <<25>>0x003e(r15)
49d9e:  4df89900046c       clr <<25>>0x046c(r15)
49da4:  e87f               jr 0x9ea4
49da6:  0b010020           cp r1,#0x0020
49daa:  ee31               jr nz,0x9e0e
49dac:  4df49900046c       test <<25>>0x046c(r15)
49db2:  ee1a               jr nz,0x9de8
49db4:  61f11912           ld r1,<<25>>0x0012(r15)
49db8:  43f19900046e       sub r1,<<25>>0x046e(r15)
49dbe:  a11d               ld r13,r1
49dc0:  b1ca               exts rr12
49dc2:  5bfc193e           div rr12,<<25>>0x003e(r15)
49dc6:  33ed046c           ld rr14(#0x046c),r13
49dca:  34ec0478           lda rr12,rr14(#0x0478)
49dce:  5dfc1902           ldl <<25>>0x0002(r15),rr12
49dd2:  5f00a100cce0       call <<33>>0xcce0
49dd8:  34ec0478           lda rr12,rr14(#0x0478)
49ddc:  5dfc1902           ldl <<25>>0x0002(r15),rr12
49de0:  5f00a100cdfa       call <<33>>0xcdfa
49de6:  e812               jr 0x9e0c
49de8:  34ec0478           lda rr12,rr14(#0x0478)
49dec:  5dfc1902           ldl <<25>>0x0002(r15),rr12
49df0:  5f00a100cce0       call <<33>>0xcce0
49df6:  31e10470           ld r1,rr14(#0x0470)
49dfa:  6ff1193e           ld <<25>>0x003e(r15),r1
49dfe:  34ec0478           lda rr12,rr14(#0x0478)
49e02:  5dfc1902           ldl <<25>>0x0002(r15),rr12
49e06:  5f00a100cdfa       call <<33>>0xcdfa
49e0c:  e84b               jr 0x9ea4
49e0e:  4cf49900046a       testb <<25>>0x046a(r15)
49e14:  e62d               jr z,0x9e70
49e16:  69f0193e           inc <<25>>0x003e(r15),#1
49e1a:  61f11940           ld r1,<<25>>0x0040(r15)
49e1e:  0b010001           cp r1,#0x0001
49e22:  e103               jr lt,0x9e2a
49e24:  0b010028           cp r1,#0x0028
49e28:  e204               jr le,0x9e32
49e2a:  bd2d               ldk r2,#13
49e2c:  5f00840033f6       call <<4>>0x33f6
49e32:  81f1               add r1,r15
49e34:  60191913           ldb rl1,<<25>>0x0013(r1)
49e38:  8c18               clrb rh1
49e3a:  0b010000           cp r1,#0x0000
49e3e:  e103               jr lt,0x9e46
49e40:  0b0100ff           cp r1,#0x00ff
49e44:  e204               jr le,0x9e4e
49e46:  bd2e               ldk r2,#14
49e48:  5f00840033f6       call <<4>>0x33f6
49e4e:  61f2193e           ld r2,<<25>>0x003e(r15)
49e52:  0b020001           cp r2,#0x0001
49e56:  e103               jr lt,0x9e5e
49e58:  0b020028           cp r2,#0x0028
49e5c:  e204               jr le,0x9e66
49e5e:  bd2d               ldk r2,#13
49e60:  5f00840033f6       call <<4>>0x33f6
49e66:  81f2               add r2,r15
49e68:  6e2999000441       ldb <<25>>0x0441(r2),rl1
49e6e:  e81a               jr 0x9ea4
49e70:  61fd9900046c       ld r13,<<25>>0x046c(r15)
49e76:  190c000a           mult rr12,#0x000a
49e7a:  61f11940           ld r1,<<25>>0x0040(r15)
49e7e:  0b010001           cp r1,#0x0001
49e82:  e103               jr lt,0x9e8a
49e84:  0b010028           cp r1,#0x0028
49e88:  e204               jr le,0x9e92
49e8a:  bd2d               ldk r2,#13
49e8c:  5f00840033f6       call <<4>>0x33f6
49e92:  81f1               add r1,r15
49e94:  60191913           ldb rl1,<<25>>0x0013(r1)
49e98:  8c18               clrb rh1
49e9a:  811d               add r13,r1
49e9c:  010dffd0           add r13,#0xffd0
49ea0:  33ed046c           ld rr14(#0x046c),r13
49ea4:  61f11940           ld r1,<<25>>0x0040(r15)
49ea8:  0b010001           cp r1,#0x0001
49eac:  e103               jr lt,0x9eb4
49eae:  0b010028           cp r1,#0x0028
49eb2:  e204               jr le,0x9ebc
49eb4:  bd2d               ldk r2,#13
49eb6:  5f00840033f6       call <<4>>0x33f6
49ebc:  81f1               add r1,r15
49ebe:  4c1119132020       cpb <<25>>0x0013(r1),#0x20
49ec4:  5e0ea100cf1a       jp nz,<<33>>0xcf1a
49eca:  61f21912           ld r2,<<25>>0x0012(r15)
49ece:  34e40042           lda rr4,rr14(#0x0042)
49ed2:  54f61908           ldl rr6,<<25>>0x0008(r15)
49ed6:  5f008400456a       call <<4>>0x456a
49edc:  61f11912           ld r1,<<25>>0x0012(r15)
49ee0:  8d14               test r1
49ee2:  ed02               jr pl,0x9ee8
49ee4:  8d12               neg r1
49ee6:  a51f               set r1,#15
49ee8:  b311ffff           srl r1,#1
49eec:  a71e               bit r1,#14
49eee:  e602               jr z,0x9ef4
49ef0:  a31e               res r1,#14
49ef2:  8d12               neg r1
49ef4:  6ff11912           ld <<25>>0x0012(r15),r1
49ef8:  61f11910           ld r1,<<25>>0x0010(r15)
49efc:  ab10               dec r1,#1
49efe:  6ff11906           ld <<25>>0x0006(r15),r1
49f02:  4df519400001       ld <<25>>0x0040(r15),#0x0001
49f08:  e825               jr 0x9f54
49f0a:  bd10               ldk r1,#0
49f0c:  0b010000           cp r1,#0x0000
49f10:  e103               jr lt,0x9f18
49f12:  0b017fff           cp r1,#0x7fff
49f16:  e204               jr le,0x9f20
49f18:  bd2d               ldk r2,#13
49f1a:  5f00840033f6       call <<4>>0x33f6
49f20:  54fc1908           ldl rr12,<<25>>0x0008(r15)
49f24:  811d               add r13,r1
49f26:  61fb1940           ld r11,<<25>>0x0040(r15)
49f2a:  59fa1912           mult rr10,<<25>>0x0012(r15)
49f2e:  0b0b0000           cp r11,#0x0000
49f32:  e103               jr lt,0x9f3a
49f34:  0b0b7fff           cp r11,#0x7fff
49f38:  e204               jr le,0x9f42
49f3a:  bd2d               ldk r2,#13
49f3c:  5f00840033f6       call <<4>>0x33f6
49f42:  54f81908           ldl rr8,<<25>>0x0008(r15)
49f46:  81b9               add r9,r11
49f48:  61f11912           ld r1,<<25>>0x0012(r15)
49f4c:  bac10180           ldirb @rr8,@rr12,r1
49f50:  69f01940           inc <<25>>0x0040(r15),#1
49f54:  61f11940           ld r1,<<25>>0x0040(r15)
49f58:  4bf11906           cp r1,<<25>>0x0006(r15)
49f5c:  e2d6               jr le,0x9f0a
49f5e:  010f0472           add r15,#0x0472
49f62:  9e08               ret 
49f64:  030f0026           sub r15,#0x0026
49f68:  0de5002a           ld @rr14,#0x002a
49f6c:  5cf902051908       ldm <<25>>0x0008(r15),r2,#6
49f72:  54fc1930           ldl rr12,<<25>>0x0030(r15)
49f76:  34ea0014           lda rr10,rr14(#0x0014)
49f7a:  bd15               ldk r1,#5
49f7c:  bbc101a0           ldir @rr10,@rr12,r1
49f80:  4df8191e           clr <<25>>0x001e(r15)
49f84:  61f1190c           ld r1,<<25>>0x000c(r15)
49f88:  6ff11906           ld <<25>>0x0006(r15),r1
49f8c:  4df519200001       ld <<25>>0x0020(r15),#0x0001
49f92:  5e08a100d2fa       jp <<33>>0xd2fa
49f98:  61f1190e           ld r1,<<25>>0x000e(r15)
49f9c:  8d14               test r1
49f9e:  ed02               jr pl,0x9fa4
49fa0:  8d12               neg r1
49fa2:  a51f               set r1,#15
49fa4:  b311fff8           srl r1,#8
49fa8:  a717               bit r1,#7
49faa:  e602               jr z,0x9fb0
49fac:  a317               res r1,#7
49fae:  8d12               neg r1
49fb0:  6ff11924           ld <<25>>0x0024(r15),r1
49fb4:  61f1190e           ld r1,<<25>>0x000e(r15)
49fb8:  070100ff           and r1,#0x00ff
49fbc:  6ff11922           ld <<25>>0x0022(r15),r1
49fc0:  4df119220080       cp <<25>>0x0022(r15),#0x0080
49fc6:  e106               jr lt,0x9fd4
49fc8:  61f11922           ld r1,<<25>>0x0022(r15)
49fcc:  0101ff00           add r1,#0xff00
49fd0:  6ff11922           ld <<25>>0x0022(r15),r1
49fd4:  61f11924           ld r1,<<25>>0x0024(r15)
49fd8:  0b01ff80           cp r1,#0xff80
49fdc:  e103               jr lt,0x9fe4
49fde:  0b01007f           cp r1,#0x007f
49fe2:  e204               jr le,0x9fec
49fe4:  bd2e               ldk r2,#14
49fe6:  5f00840033f6       call <<4>>0x33f6
49fec:  61f2191e           ld r2,<<25>>0x001e(r15)
49ff0:  0b020000           cp r2,#0x0000
49ff4:  e103               jr lt,0x9ffc
49ff6:  0b027fff           cp r2,#0x7fff
49ffa:  e204               jr le,0xa004
49ffc:  bd2d               ldk r2,#13
49ffe:  5f00840033f6       call <<4>>0x33f6
4a004:  54fc1908           ldl rr12,<<25>>0x0008(r15)
4a008:  812d               add r13,r2
4a00a:  2ec9               ldb @rr12,rl1
4a00c:  61f11922           ld r1,<<25>>0x0022(r15)
4a010:  0b01ff80           cp r1,#0xff80
4a014:  e103               jr lt,0xa01c
4a016:  0b01007f           cp r1,#0x007f
4a01a:  e204               jr le,0xa024
4a01c:  bd2e               ldk r2,#14
4a01e:  5f00840033f6       call <<4>>0x33f6
4a024:  61f2191e           ld r2,<<25>>0x001e(r15)
4a028:  a920               inc r2,#1
4a02a:  0b020000           cp r2,#0x0000
4a02e:  e103               jr lt,0xa036
4a030:  0b027fff           cp r2,#0x7fff
4a034:  e204               jr le,0xa03e
4a036:  bd2d               ldk r2,#13
4a038:  5f00840033f6       call <<4>>0x33f6
4a03e:  54fc1908           ldl rr12,<<25>>0x0008(r15)
4a042:  812d               add r13,r2
4a044:  2ec9               ldb @rr12,rl1
4a046:  61f11910           ld r1,<<25>>0x0010(r15)
4a04a:  0b01ff80           cp r1,#0xff80
4a04e:  e103               jr lt,0xa056
4a050:  0b01007f           cp r1,#0x007f
4a054:  e204               jr le,0xa05e
4a056:  bd2e               ldk r2,#14
4a058:  5f00840033f6       call <<4>>0x33f6
4a05e:  61f2191e           ld r2,<<25>>0x001e(r15)
4a062:  a921               inc r2,#2
4a064:  0b020000           cp r2,#0x0000
4a068:  e103               jr lt,0xa070
4a06a:  0b027fff           cp r2,#0x7fff
4a06e:  e204               jr le,0xa078
4a070:  bd2d               ldk r2,#13
4a072:  5f00840033f6       call <<4>>0x33f6
4a078:  54fc1908           ldl rr12,<<25>>0x0008(r15)
4a07c:  812d               add r13,r2
4a07e:  2ec9               ldb @rr12,rl1
4a080:  61f11912           ld r1,<<25>>0x0012(r15)
4a084:  0b01ff80           cp r1,#0xff80
4a088:  e103               jr lt,0xa090
4a08a:  0b01007f           cp r1,#0x007f
4a08e:  e204               jr le,0xa098
4a090:  bd2e               ldk r2,#14
4a092:  5f00840033f6       call <<4>>0x33f6
4a098:  61f2191e           ld r2,<<25>>0x001e(r15)
4a09c:  a922               inc r2,#3
4a09e:  0b020000           cp r2,#0x0000
4a0a2:  e103               jr lt,0xa0aa
4a0a4:  0b027fff           cp r2,#0x7fff
4a0a8:  e204               jr le,0xa0b2
4a0aa:  bd2d               ldk r2,#13
4a0ac:  5f00840033f6       call <<4>>0x33f6
4a0b2:  54fc1908           ldl rr12,<<25>>0x0008(r15)
4a0b6:  812d               add r13,r2
4a0b8:  2ec9               ldb @rr12,rl1
4a0ba:  61f1191c           ld r1,<<25>>0x001c(r15)
4a0be:  41f1191e           add r1,<<25>>0x001e(r15)
4a0c2:  6ff1191e           ld <<25>>0x001e(r15),r1
4a0c6:  69f01912           inc <<25>>0x0012(r15),#1
4a0ca:  61f11912           ld r1,<<25>>0x0012(r15)
4a0ce:  4bf1191a           cp r1,<<25>>0x001a(r15)
4a0d2:  e211               jr le,0xa0f6
4a0d4:  61f11918           ld r1,<<25>>0x0018(r15)
4a0d8:  6ff11912           ld <<25>>0x0012(r15),r1
4a0dc:  69f01910           inc <<25>>0x0010(r15),#1
4a0e0:  61f11910           ld r1,<<25>>0x0010(r15)
4a0e4:  4bf11916           cp r1,<<25>>0x0016(r15)
4a0e8:  e206               jr le,0xa0f6
4a0ea:  61f11914           ld r1,<<25>>0x0014(r15)
4a0ee:  6ff11910           ld <<25>>0x0010(r15),r1
4a0f2:  69f0190e           inc <<25>>0x000e(r15),#1
4a0f6:  69f01920           inc <<25>>0x0020(r15),#1
4a0fa:  61f11920           ld r1,<<25>>0x0020(r15)
4a0fe:  4bf11906           cp r1,<<25>>0x0006(r15)
4a102:  5e02a100d198       jp le,<<33>>0xd198
4a108:  010f0026           add r15,#0x0026
4a10c:  9e08               ret 
4a10e:  030f0016           sub r15,#0x0016
4a112:  0de5001a           ld @rr14,#0x001a
4a116:  5cf902051906       ldm <<25>>0x0006(r15),r2,#6
4a11c:  61f11910           ld r1,<<25>>0x0010(r15)
4a120:  a11d               ld r13,r1
4a122:  b1ca               exts rr12
4a124:  61fb190e           ld r11,<<25>>0x000e(r15)
4a128:  b1aa               exts rr10
4a12a:  98c8               multl rq8,rr12
4a12c:  5dfa1912           ldl <<25>>0x0012(r15),rr10
4a130:  54f21906           ldl rr2,<<25>>0x0006(r15)
4a134:  54f4190a           ldl rr4,<<25>>0x000a(r15)
4a138:  54f61912           ldl rr6,<<25>>0x0012(r15)
4a13c:  5f00a100d5be       call <<33>>0xd5be
4a142:  010f0016           add r15,#0x0016
4a146:  9e08               ret 
4a148:  030f0024           sub r15,#0x0024
4a14c:  0de50028           ld @rr14,#0x0028
4a150:  5cf90205190c       ldm <<25>>0x000c(r15),r2,#6
4a156:  61f11914           ld r1,<<25>>0x0014(r15)
4a15a:  ab10               dec r1,#1
4a15c:  6ff11920           ld <<25>>0x0020(r15),r1
4a160:  4df81918           clr <<25>>0x0018(r15)
4a164:  4df5191e7fff       ld <<25>>0x001e(r15),#0x7fff
4a16a:  61f11920           ld r1,<<25>>0x0020(r15)
4a16e:  6ff1190a           ld <<25>>0x000a(r15),r1
4a172:  4df81922           clr <<25>>0x0022(r15)
4a176:  e828               jr 0xa1c8
4a178:  61f11922           ld r1,<<25>>0x0022(r15)
4a17c:  0b010000           cp r1,#0x0000
4a180:  e103               jr lt,0xa188
4a182:  0b017fff           cp r1,#0x7fff
4a186:  e204               jr le,0xa190
4a188:  bd2d               ldk r2,#13
4a18a:  5f00840033f6       call <<4>>0x33f6
4a190:  54fc190c           ldl rr12,<<25>>0x000c(r15)
4a194:  811d               add r13,r1
4a196:  61f11922           ld r1,<<25>>0x0022(r15)
4a19a:  0b010000           cp r1,#0x0000
4a19e:  e103               jr lt,0xa1a6
4a1a0:  0b017fff           cp r1,#0x7fff
4a1a4:  e204               jr le,0xa1ae
4a1a6:  bd2d               ldk r2,#13
4a1a8:  5f00840033f6       call <<4>>0x33f6
4a1ae:  54fa1910           ldl rr10,<<25>>0x0010(r15)
4a1b2:  811b               add r11,r1
4a1b4:  20c9               ldb rl1,@rr12
4a1b6:  0aa9               cpb rl1,@rr10
4a1b8:  e605               jr z,0xa1c4
4a1ba:  61f11922           ld r1,<<25>>0x0022(r15)
4a1be:  6ff1191e           ld <<25>>0x001e(r15),r1
4a1c2:  e807               jr 0xa1d2
4a1c4:  69f01922           inc <<25>>0x0022(r15),#1
4a1c8:  61f11922           ld r1,<<25>>0x0022(r15)
4a1cc:  4bf1190a           cp r1,<<25>>0x000a(r15)
4a1d0:  e2d3               jr le,0xa178
4a1d2:  4df1191e7fff       cp <<25>>0x001e(r15),#0x7fff
4a1d8:  5e06a100d59a       jp z,<<33>>0xd59a
4a1de:  4df5191c7fff       ld <<25>>0x001c(r15),#0x7fff
4a1e4:  61f11920           ld r1,<<25>>0x0020(r15)
4a1e8:  61f2191e           ld r2,<<25>>0x001e(r15)
4a1ec:  6ff2190a           ld <<25>>0x000a(r15),r2
4a1f0:  6ff11922           ld <<25>>0x0022(r15),r1
4a1f4:  e828               jr 0xa246
4a1f6:  61f11922           ld r1,<<25>>0x0022(r15)
4a1fa:  0b010000           cp r1,#0x0000
4a1fe:  e103               jr lt,0xa206
4a200:  0b017fff           cp r1,#0x7fff
4a204:  e204               jr le,0xa20e
4a206:  bd2d               ldk r2,#13
4a208:  5f00840033f6       call <<4>>0x33f6
4a20e:  54fc190c           ldl rr12,<<25>>0x000c(r15)
4a212:  811d               add r13,r1
4a214:  61f11922           ld r1,<<25>>0x0022(r15)
4a218:  0b010000           cp r1,#0x0000
4a21c:  e103               jr lt,0xa224
4a21e:  0b017fff           cp r1,#0x7fff
4a222:  e204               jr le,0xa22c
4a224:  bd2d               ldk r2,#13
4a226:  5f00840033f6       call <<4>>0x33f6
4a22c:  54fa1910           ldl rr10,<<25>>0x0010(r15)
4a230:  811b               add r11,r1
4a232:  20c9               ldb rl1,@rr12
4a234:  0aa9               cpb rl1,@rr10
4a236:  e605               jr z,0xa242
4a238:  61f11922           ld r1,<<25>>0x0022(r15)
4a23c:  6ff1191c           ld <<25>>0x001c(r15),r1
4a240:  e807               jr 0xa250
4a242:  6bf01922           dec <<25>>0x0022(r15),#1
4a246:  61f11922           ld r1,<<25>>0x0022(r15)
4a24a:  4bf1190a           cp r1,<<25>>0x000a(r15)
4a24e:  e9d3               jr ge,0xa1f6
4a250:  61f1191e           ld r1,<<25>>0x001e(r15)
4a254:  0b010000           cp r1,#0x0000
4a258:  e103               jr lt,0xa260
4a25a:  0b017fff           cp r1,#0x7fff
4a25e:  e204               jr le,0xa268
4a260:  bd2d               ldk r2,#13
4a262:  5f00840033f6       call <<4>>0x33f6
4a268:  54fc190c           ldl rr12,<<25>>0x000c(r15)
4a26c:  811d               add r13,r1
4a26e:  20c9               ldb rl1,@rr12
4a270:  b110               extsb r1
4a272:  0b01ff80           cp r1,#0xff80
4a276:  e103               jr lt,0xa27e
4a278:  0b01007f           cp r1,#0x007f
4a27c:  e205               jr le,0xa288
4a27e:  21020010           ld r2,#0x0010
4a282:  5f00840033f6       call <<4>>0x33f6
4a288:  a112               ld r2,r1
4a28a:  61f1191e           ld r1,<<25>>0x001e(r15)
4a28e:  0b010000           cp r1,#0x0000
4a292:  e103               jr lt,0xa29a
4a294:  0b017fff           cp r1,#0x7fff
4a298:  e204               jr le,0xa2a2
4a29a:  bd2d               ldk r2,#13
4a29c:  5f00840033f6       call <<4>>0x33f6
4a2a2:  54fc1910           ldl rr12,<<25>>0x0010(r15)
4a2a6:  811d               add r13,r1
4a2a8:  20c9               ldb rl1,@rr12
4a2aa:  b110               extsb r1
4a2ac:  0b01ff80           cp r1,#0xff80
4a2b0:  e103               jr lt,0xa2b8
4a2b2:  0b01007f           cp r1,#0x007f
4a2b6:  e205               jr le,0xa2c2
4a2b8:  21020010           ld r2,#0x0010
4a2bc:  5f00840033f6       call <<4>>0x33f6
4a2c2:  a113               ld r3,r1
4a2c4:  bd10               ldk r1,#0
4a2c6:  0b010000           cp r1,#0x0000
4a2ca:  e103               jr lt,0xa2d2
4a2cc:  0b010001           cp r1,#0x0001
4a2d0:  e205               jr le,0xa2dc
4a2d2:  21020010           ld r2,#0x0010
4a2d6:  5f00840033f6       call <<4>>0x33f6
4a2dc:  a114               ld r4,r1
4a2de:  5f00a100d5a4       call <<33>>0xd5a4
4a2e4:  6ff71906           ld <<25>>0x0006(r15),r7
4a2e8:  61f1191c           ld r1,<<25>>0x001c(r15)
4a2ec:  0b010000           cp r1,#0x0000
4a2f0:  e103               jr lt,0xa2f8
4a2f2:  0b017fff           cp r1,#0x7fff
4a2f6:  e204               jr le,0xa300
4a2f8:  bd2d               ldk r2,#13
4a2fa:  5f00840033f6       call <<4>>0x33f6
4a300:  54fc190c           ldl rr12,<<25>>0x000c(r15)
4a304:  811d               add r13,r1
4a306:  20c9               ldb rl1,@rr12
4a308:  b110               extsb r1
4a30a:  0b01ff80           cp r1,#0xff80
4a30e:  e103               jr lt,0xa316
4a310:  0b01007f           cp r1,#0x007f
4a314:  e205               jr le,0xa320
4a316:  21020010           ld r2,#0x0010
4a31a:  5f00840033f6       call <<4>>0x33f6
4a320:  a112               ld r2,r1
4a322:  61f1191c           ld r1,<<25>>0x001c(r15)
4a326:  0b010000           cp r1,#0x0000
4a32a:  e103               jr lt,0xa332
4a32c:  0b017fff           cp r1,#0x7fff
4a330:  e204               jr le,0xa33a
4a332:  bd2d               ldk r2,#13
4a334:  5f00840033f6       call <<4>>0x33f6
4a33a:  54fc1910           ldl rr12,<<25>>0x0010(r15)
4a33e:  811d               add r13,r1
4a340:  20c9               ldb rl1,@rr12
4a342:  b110               extsb r1
4a344:  0b01ff80           cp r1,#0xff80
4a348:  e103               jr lt,0xa350
4a34a:  0b01007f           cp r1,#0x007f
4a34e:  e205               jr le,0xa35a
4a350:  21020010           ld r2,#0x0010
4a354:  5f00840033f6       call <<4>>0x33f6
4a35a:  a113               ld r3,r1
4a35c:  bd11               ldk r1,#1
4a35e:  0b010000           cp r1,#0x0000
4a362:  e103               jr lt,0xa36a
4a364:  0b010001           cp r1,#0x0001
4a368:  e205               jr le,0xa374
4a36a:  21020010           ld r2,#0x0010
4a36e:  5f00840033f6       call <<4>>0x33f6
4a374:  a114               ld r4,r1
4a376:  5f00a100d5a4       call <<33>>0xd5a4
4a37c:  6ff71908           ld <<25>>0x0008(r15),r7
4a380:  61f1191c           ld r1,<<25>>0x001c(r15)
4a384:  43f1191e           sub r1,<<25>>0x001e(r15)
4a388:  ab10               dec r1,#1
4a38a:  b3190003           sla r1,#3
4a38e:  41f11906           add r1,<<25>>0x0006(r15)
4a392:  41f11908           add r1,<<25>>0x0008(r15)
4a396:  6ff11918           ld <<25>>0x0018(r15),r1
4a39a:  61f71918           ld r7,<<25>>0x0018(r15)
4a39e:  010f0024           add r15,#0x0024
4a3a2:  9e08               ret 
4a3a4:  88ba               xorb rl2,rl3
4a3a6:  21070008           ld r7,#0x0008
4a3aa:  8cc4               testb rl4
4a3ac:  ee02               jr nz,0xa3b2
4a3ae:  b2a0               rlb rl2,#1
4a3b0:  e801               jr 0xa3b4
4a3b2:  b2a4               rrb rl2,#1
4a3b4:  ef01               jr nc,0xa3b8
4a3b6:  e802               jr 0xa3bc
4a3b8:  ab70               dec r7,#1
4a3ba:  e8f7               jr 0xa3aa
4a3bc:  9e08               ret 
4a3be:  2029               ldb rl1,@rr2
4a3c0:  8c90               comb rl1
4a3c2:  2e49               ldb @rr4,rl1
4a3c4:  a950               inc r5,#1
4a3c6:  a930               inc r3,#1
4a3c8:  f786               djnz r7,0xa3be
4a3ca:  9e08               ret 
4a3cc:  9c68               testl rr6
4a3ce:  9e06               ret z
4a3d0:  ba46072e           cpsirb @rr2,@rr4,r7,nz
4a3d4:  ee03               jr nz,0xa3dc
4a3d6:  21070001           ld r7,#0x0001
4a3da:  e801               jr 0xa3de
4a3dc:  8d78               clr r7
4a3de:  9e08               ret 
4a3e0:  2253               resb @rr5,#3
4a3e2:  4b495022           cp r9,<<80>>0x0022(r4)
4a3e6:  2054               ldb rh4,@rr5
4a3e8:  4f2052455455       ext4f #0x4f205245,<<84>>0x0055
4a3ee:  524e2054           subl rr14,<<32>>0x0054(r4)
4a3f2:  4f204d454e55       ext4f #0x4f204d45,<<78>>0x0055
4a3f8:  48495420           xorb rl1,<<84>>0x0020(r4)
4a3fc:  2245               resb @rr4,#5
4a3fe:  4e5445522220       ext4e #0x4e544552,<<34>>0x0020
4a404:  544f2047           ldl rr15,<<32>>0x0047(r4)
4a408:  4f204f4e204f       ext4f #0x4f204f4e,<<32>>0x004f
4a40e:  52003129           subl rr0,<<49>>0x0029
4a412:  2026               ldb rh6,@rr2
4a414:  2020               ldb rh0,@rr2
4a416:  464f524d           andb rl7,<<82>>0x004d(r4)
4a41a:  41542044           add r4,<<32>>0x0044(r5)
4a41e:  49534b20           xor r3,<<75>>0x0020(r5)
4a422:  2020               ldb rh0,@rr2
4a424:  2020               ldb rh0,@rr2
4a426:  2020               ldb rh0,@rr2
4a428:  2020               ldb rh0,@rr2
4a42a:  2020               ldb rh0,@rr2
4a42c:  2020               ldb rh0,@rr2
4a42e:  2020               ldb rh0,@rr2
4a430:  2020               ldb rh0,@rr2
4a432:  2020               ldb rh0,@rr2
4a434:  2020               ldb rh0,@rr2
4a436:  2020               ldb rh0,@rr2
4a438:  2020               ldb rh0,@rr2
4a43a:  2020               ldb rh0,@rr2
4a43c:  2020               ldb rh0,@rr2
4a43e:  5550204e           popl <<32>>0x004e,@rr5
4a442:  414d4520           add r13,<<69>>0x0020(r4)
4a446:  2020               ldb rh0,@rr2
4a448:  2020               ldb rh0,@rr2
4a44a:  2028               ldb rl0,@rr2
4a44c:  302d3129           ldb rl5,rr2(#0x3129)
4a450:  2020               ldb rh0,@rr2
4a452:  2020               ldb rh0,@rr2
4a454:  2020               ldb rh0,@rr2
4a456:  20002020           ldb rh0,#0x20
4a45a:  2020               ldb rh0,@rr2
4a45c:  2020               ldb rh0,@rr2
4a45e:  534c4f54           push @rr4,<<79>>0x0054(r12)
4a462:  204e               ldb rl6,@rr4
4a464:  554d4245           popl <<66>>0x0045(r13),@rr4
4a468:  52202023           subl rr0,<<32>>0x0023(r2)
4a46c:  2323               res @rr2,#3
4a46e:  2323               res @rr2,#3
4a470:  2320               res @rr2,#0
4a472:  2020               ldb rh0,@rr2
4a474:  2020               ldb rh0,@rr2
4a476:  2020               ldb rh0,@rr2
4a478:  2020               ldb rh0,@rr2
4a47a:  2020               ldb rh0,@rr2
4a47c:  2020               ldb rh0,@rr2
4a47e:  2020               ldb rh0,@rr2
4a480:  2020               ldb rh0,@rr2
4a482:  2020               ldb rh0,@rr2
4a484:  2020               ldb rh0,@rr2
4a486:  2020               ldb rh0,@rr2
4a488:  2020               ldb rh0,@rr2
4a48a:  2020               ldb rh0,@rr2
4a48c:  2020               ldb rh0,@rr2
4a48e:  2020               ldb rh0,@rr2
4a490:  2020               ldb rh0,@rr2
4a492:  2052               ldb rh2,@rr5
4a494:  414e4745           add r14,<<71>>0x0045(r4)
4a498:  2020               ldb rh0,@rr2
4a49a:  2020               ldb rh0,@rr2
4a49c:  2020               ldb rh0,@rr2
4a49e:  44454620           orb rh5,<<70>>0x0020(r4)
4a4a2:  2020               ldb rh0,@rr2
4a4a4:  56414c55           addl rr1,<<76>>0x0055(r4)
4a4a8:  45002a2a           or r0,<<42>>0x002a
4a4ac:  2a52               decb @rr5,#3
4a4ae:  45515545           or r1,<<85>>0x0045(r5)
4a4b2:  53542050           push @rr5,<<32>>0x0050(r4)
4a4b6:  4152414d           add r2,<<65>>0x004d(r5)
4a4ba:  45544552           or r4,<<69>>0x0052(r5)
4a4be:  532a2a2a           push @rr2,<<42>>0x002a(r10)
4a4c2:  48444335           xorb rh4,<<67>>0x0035(r4)
4a4c6:  46352d48           andb rh5,<<45>>0x0048(r3)
4a4ca:  4443352d           orb rh3,<<53>>0x002d(r4)
4a4ce:  2053               ldb rh3,@rr5
4a4d0:  55425359           popl <<83>>0x0059(r2),@rr4
4a4d4:  5354454d           push @rr5,<<69>>0x004d(r4)
4a4d8:  2046               ldb rh6,@rr4
4a4da:  4f524d415454       ext4f #0x4f524d41,<<84>>0x0054
4a4e0:  494e4720           xor r14,<<71>>0x0020(r4)
4a4e4:  50524f47           cpl rr2,<<79>>0x0047(r5)
4a4e8:  52414d20           subl rr1,<<77>>0x0020(r4)
4a4ec:  2020               ldb rh0,@rr2
4a4ee:  2020               ldb rh0,@rr2
4a4f0:  2d48               ex r8,@rr4
4a4f2:  4443352d           orb rh3,<<53>>0x002d(r4)
4a4f6:  2053               ldb rh3,@rr5
4a4f8:  55425359           popl <<83>>0x0059(r2),@rr4
4a4fc:  5354454d           push @rr5,<<69>>0x004d(r4)
4a500:  2046               ldb rh6,@rr4
4a502:  4f524d415454       ext4f #0x4f524d41,<<84>>0x0054
4a508:  494e4720           xor r14,<<71>>0x0020(r4)
4a50c:  50524f47           cpl rr2,<<79>>0x0047(r5)
4a510:  52414d20           subl rr1,<<77>>0x0020(r4)
4a514:  2020               ldb rh0,@rr2
4a516:  2020               ldb rh0,@rr2
4a518:  54455354           ldl rr5,<<83>>0x0054(r4)
4a51c:  2049               ldb rl1,@rr4
4a51e:  4e4553495354       ext4e #0x4e455349,<<83>>0x0054
4a524:  454e5445           or r14,<<84>>0x0045(r4)
4a528:  696e7400           inc <<116>>0x0000(r6),#15
4a52c:  31292026           ld r9,rr2(#0x2026)
4a530:  2020               ldb rh0,@rr2
4a532:  464f524d           andb rl7,<<82>>0x004d(r4)
4a536:  41542044           add r4,<<32>>0x0044(r5)
4a53a:  49534b20           xor r3,<<75>>0x0020(r5)
4a53e:  696e7400           inc <<116>>0x0000(r6),#15
4a542:  2d48               ex r8,@rr4
4a544:  4443352d           orb rh3,<<53>>0x002d(r4)
4a548:  2053               ldb rh3,@rr5
4a54a:  55425359           popl <<83>>0x0059(r2),@rr4
4a54e:  5354454d           push @rr5,<<69>>0x004d(r4)
4a552:  2046               ldb rh6,@rr4
4a554:  4f524d415454       ext4f #0x4f524d41,<<84>>0x0054
4a55a:  494e4720           xor r14,<<71>>0x0020(r4)
4a55e:  50524f47           cpl rr2,<<79>>0x0047(r5)
4a562:  52414d20           subl rr1,<<77>>0x0020(r4)
4a566:  2020               ldb rh0,@rr2
4a568:  2020               ldb rh0,@rr2
4a56a:  554e4954           popl <<73>>0x0054(r14),@rr4
4a56e:  44455343           orb rh5,<<83>>0x0043(r4)
4a572:  5354414e           push @rr5,<<65>>0x004e(r4)
4a576:  44415244           orb rh1,<<82>>0x0044(r4)
4a57a:  204e               ldb rl6,@rr4
4a57c:  4f2e20323420       ext4f #0x4f2e2032,<<52>>0x0020
4a582:  52454144           subl rr5,<<65>>0x0044(r4)
4a586:  2050               ldb rh0,@rr5
4a588:  48415345           xorb rh1,<<83>>0x0045(r4)
4a58c:  202e               ldb rl6,@rr2
4a58e:  2e2e               ldb @rr2,rl6
4a590:  73657200           ld rr6(r2),r5
4a594:  204c               ldb rl4,@rr4
4a596:  31204554           ld r0,rr2(#0x4554)
4a59a:  46205245           andb rh0,<<82>>0x0045(r2)
4a59e:  41442050           add r4,<<32>>0x0050(r4)
4a5a2:  48415345           xorb rh1,<<83>>0x0045(r4)
4a5a6:  202e               ldb rl6,@rr2
4a5a8:  2e2e               ldb @rr2,rl6
4a5aa:  73657200           ld rr6(r2),r5
4a5ae:  6e6f6d69           ldb <<109>>0x0069(r6),rl7
4a5b2:  6e616c00           ldb <<108>>0x0000(r6),rh1
4a5b6:  34353100           lda rr5,rr3(#0x3100)
4a5ba:  086c               xorb rl4,@rr6
4a5bc:  08ae               xorb rl6,@rr10
4a5be:  0938               xor r8,@rr3
4a5c0:  09b6               xor r6,@rr11
4a5c2:  0a34               cpb rh4,@rr3
4a5c4:  0ab2               cpb rh2,@rr11
4a5c6:  0cd0               comb @rr13
4a5c8:  0d4a               .word #0x0d4a
4a5ca:  0d88               clr @rr8
4a5cc:  54524143           ldl rr2,<<65>>0x0043(r5)
4a5d0:  4b532049           cp r3,<<32>>0x0049(r5)
4a5d4:  4e204f524445       ext4e #0x4e204f52,<<68>>0x0045
4a5da:  5220544f           subl rr0,<<84>>0x004f(r2)
4a5de:  2041               ldb rh1,@rr4
4a5e0:  53534947           push @rr5,<<73>>0x0047(r3)
4a5e4:  4e204641554c       ext4e #0x4e204641,<<85>>0x004c
4a5ea:  54592054           ldl rr9,<<32>>0x0054(r5)
4a5ee:  5241434b           subl rr1,<<67>>0x004b(r4)
4a5f2:  2021               ldb rh1,@rr2
4a5f4:  73657200           ld rr6(r2),r5
4a5f8:  54484552           ldl rr8,<<69>>0x0052(r4)
4a5fc:  45204152           or r0,<<65>>0x0052(r2)
4a600:  45204e4f           or r0,<<78>>0x004f(r2)
4a604:  204d               ldb rl5,@rr4
4a606:  4f524520414c       ext4f #0x4f524520,<<65>>0x004c
4a60c:  5445524e           ldl rr5,<<82>>0x004e(r4)
4a610:  41544956           add r4,<<73>>0x0056(r5)
4a614:  45007365           or r0,<<115>>0x0065
4a618:  7200               .word #0x7200
4a61a:  4449534b           orb rl1,<<83>>0x004b(r4)
4a61e:  204e               ldb rl6,@rr4
4a620:  4f5420464f52       ext4f #0x4f542046,<<79>>0x0052
4a626:  4d4154544544       cp <<84>>0x0054(r4),#0x4544
4a62c:  73657200           ld rr6(r2),r5
4a630:  4449534b           orb rl1,<<83>>0x004b(r4)
4a634:  2043               ldb rh3,@rr4
4a636:  4f5252454354       ext4f #0x4f525245,<<67>>0x0054
4a63c:  4c59               .word #0x4c59
4a63e:  2046               ldb rh6,@rr4
4a640:  4f524d415454       ext4f #0x4f524d41,<<84>>0x0054
4a646:  45447365           or r4,<<115>>0x0065(r4)
4a64a:  7200               .word #0x7200
4a64c:  544f4f20           ldl rr15,<<79>>0x0020(r4)
4a650:  4d414e592042       cp <<78>>0x0059(r4),#0x2042
4a656:  41442053           add r4,<<32>>0x0053(r4)
4a65a:  4543544f           or r3,<<84>>0x004f(r4)
4a65e:  5253204f           subl rr3,<<32>>0x004f(r5)
4a662:  4e2041204749       ext4e #0x4e204120,<<71>>0x0049
4a668:  56454e20           addl rr5,<<78>>0x0020(r4)
4a66c:  54524143           ldl rr2,<<65>>0x0043(r5)
4a670:  4b007365           cp r0,<<115>>0x0065
4a674:  7200               .word #0x7200
4a676:  4449534b           orb rl1,<<83>>0x004b(r4)
4a67a:  204e               ldb rl6,@rr4
4a67c:  4f5420464f52       ext4f #0x4f542046,<<79>>0x0052
4a682:  4d4154544544       cp <<84>>0x0054(r4),#0x4544
4a688:  2042               ldb rh2,@rr4
4a68a:  45434155           or r3,<<65>>0x0055(r4)
4a68e:  53452054           push @rr4,<<32>>0x0054(r5)
4a692:  48455245           xorb rh5,<<82>>0x0045(r4)
4a696:  2041               ldb rh1,@rr4
4a698:  52457365           subl rr5,<<115>>0x0065(r4)
4a69c:  7200               .word #0x7200
4a69e:  2020               ldb rh0,@rr2
4a6a0:  48443a20           xorb rh4,<<58>>0x0020(r4)
4a6a4:  43594c3a           sub r9,<<76>>0x003a(r5)
4a6a8:  20007365           ldb rh0,#0x65
4a6ac:  7200               .word #0x7200
4a6ae:  464f4c4c           andb rl7,<<76>>0x004c(r4)
4a6b2:  4f57494e4720       ext4f #0x4f57494e,<<71>>0x0020
4a6b8:  54524143           ldl rr2,<<65>>0x0043(r5)
4a6bc:  4b285329           cp r8,<<83>>0x0029(r2)
4a6c0:  3a00               .word #0x3a00
4a6c2:  73657200           ld rr6(r2),r5
4a6c6:  44494147           orb rl1,<<65>>0x0047(r4)
4a6ca:  4e4f53544943       ext4e #0x4e4f5354,<<73>>0x0043
4a6d0:  2050               ldb rh0,@rr5
4a6d2:  524f4752           subl rr15,<<71>>0x0052(r4)
4a6d6:  414d2054           add r13,<<32>>0x0054(r4)
4a6da:  4f2056455249       ext4f #0x4f205645,<<82>>0x0049
4a6e0:  46592054           andb rl1,<<32>>0x0054(r5)
4a6e4:  48457365           xorb rh5,<<115>>0x0065(r4)
4a6e8:  7200               .word #0x7200
4a6ea:  444f204e           orb rl7,<<32>>0x004e(r4)
4a6ee:  4f5420524553       ext4f #0x4f542052,<<69>>0x0053
4a6f4:  54415254           ldl rr1,<<82>>0x0054(r4)
4a6f8:  2050               ldb rh0,@rr5
4a6fa:  524f4752           subl rr15,<<71>>0x0052(r4)
4a6fe:  414d2c20           add r13,<<44>>0x0020(r4)
4a702:  55534520           popl <<69>>0x0020(r3),@rr5
4a706:  53504543           push @rr5,<<69>>0x0043
4a70a:  49464943           xor r6,<<73>>0x0043(r4)
4a70e:  73657200           ld rr6(r2),r5
4a712:  54484520           ldl rr8,<<69>>0x0020(r4)
4a716:  4449534b           orb rl1,<<83>>0x004b(r4)
4a71a:  2049               ldb rl1,@rr4
4a71c:  53205245           push @rr2,<<82>>0x0045
4a720:  434f5645           sub r15,<<86>>0x0045(r4)
4a724:  5241424c           subl rr1,<<66>>0x004c(r4)
4a728:  45204255           or r0,<<66>>0x0055(r2)
4a72c:  54204953           ldl rr0,<<73>>0x0053(r2)
4a730:  2043               ldb rh3,@rr4
4a732:  52495449           subl rr9,<<84>>0x0049(r4)
4a736:  43414c00           sub r1,<<76>>0x0000(r4)
4a73a:  73657200           ld rr6(r2),r5
4a73e:  4449534b           orb rl1,<<83>>0x004b(r4)
4a742:  204e               ldb rl6,@rr4
4a744:  4f5420464f52       ext4f #0x4f542046,<<79>>0x0052
4a74a:  4d4154544544       cp <<84>>0x0054(r4),#0x4544
4a750:  73657200           ld rr6(r2),r5
4a754:  45544620           or r4,<<70>>0x0020(r5)
4a758:  4e4f54205245       ext4e #0x4e4f5420,<<82>>0x0045
4a75e:  41444142           add r4,<<65>>0x0042(r4)
4a762:  4c4573657200       ldb <<115>>0x0065(r4),#0x00
4a768:  4449534b           orb rl1,<<83>>0x004b(r4)
4a76c:  204e               ldb rl6,@rr4
4a76e:  4f5420464f52       ext4f #0x4f542046,<<79>>0x0052
4a774:  4d4154544544       cp <<84>>0x0054(r4),#0x4544
4a77a:  73657200           ld rr6(r2),r5
4a77e:  50524f47           cpl rr2,<<79>>0x0047(r5)
4a782:  52414d20           subl rr1,<<77>>0x0020(r4)
4a786:  43414e4e           sub r1,<<78>>0x004e(r4)
4a78a:  4f5420424520       ext4f #0x4f542042,<<69>>0x0020
4a790:  52554e20           subl rr5,<<78>>0x0020(r5)
4a794:  4f4e20544849       ext4f #0x4f4e2054,<<72>>0x0049
4a79a:  53205055           push @rr2,<<80>>0x0055
4a79e:  73657200           ld rr6(r2),r5
4a7a2:  4449534b           orb rl1,<<83>>0x004b(r4)
4a7a6:  204e               ldb rl6,@rr4
4a7a8:  4f5420464f52       ext4f #0x4f542046,<<79>>0x0052
4a7ae:  4d4154544544       cp <<84>>0x0054(r4),#0x4544
4a7b4:  73657200           ld rr6(r2),r5
4a7b8:  48415244           xorb rh1,<<82>>0x0044(r4)
4a7bc:  57415245           pop <<82>>0x0045(r1),@rr4
4a7c0:  2046               ldb rh6,@rr4
4a7c2:  41494c55           add r9,<<76>>0x0055(r4)
4a7c6:  52457365           subl rr5,<<115>>0x0065(r4)
4a7ca:  7200               .word #0x7200
4a7cc:  5553494e           popl <<73>>0x004e(r3),@rr5
4a7d0:  47204554           and r0,<<69>>0x0054(r2)
4a7d4:  4620494e           andb rh0,<<73>>0x004e(r2)
4a7d8:  464f524d           andb rl7,<<82>>0x004d(r4)
4a7dc:  4154494f           add r4,<<73>>0x004f(r5)
4a7e0:  4e2021007365       ext4e #0x4e202100,<<115>>0x0065
4a7e6:  7200               .word #0x7200
4a7e8:  50524f47           cpl rr2,<<79>>0x0047(r5)
4a7ec:  52414d20           subl rr1,<<77>>0x0020(r4)
4a7f0:  45584543           or r8,<<69>>0x0043(r5)
4a7f4:  55544544           popl <<69>>0x0044(r4),@rr5
4a7f8:  2057               ldb rh7,@rr5
4a7fa:  4954484f           xor r4,<<72>>0x004f(r5)
4a7fe:  55547365           popl <<115>>0x0065(r4),@rr5
4a802:  7200               .word #0x7200
4a804:  4449534b           orb rl1,<<83>>0x004b(r4)
4a808:  204e               ldb rl6,@rr4
4a80a:  4f5420464f52       ext4f #0x4f542046,<<79>>0x0052
4a810:  4d4154544544       cp <<84>>0x0054(r4),#0x4544
4a816:  73657200           ld rr6(r2),r5
4a81a:  2a2a               decb @rr2,#11
4a81c:  2a2a               decb @rr2,#11
4a81e:  2a2a               decb @rr2,#11
4a820:  2a2a               decb @rr2,#11
4a822:  2a2a               decb @rr2,#11
4a824:  2a2a               decb @rr2,#11
4a826:  2a2a               decb @rr2,#11
4a828:  2a20               decb @rr2,#1
4a82a:  53554d4d           push @rr5,<<77>>0x004d(r5)
4a82e:  41525920           add r2,<<89>>0x0020(r5)
4a832:  2a2a               decb @rr2,#11
4a834:  2a2a               decb @rr2,#11
4a836:  2a2a               decb @rr2,#11
4a838:  2a2a               decb @rr2,#11
4a83a:  2a2a               decb @rr2,#11
4a83c:  2a2a               decb @rr2,#11
4a83e:  2a2a               decb @rr2,#11
4a840:  2a2a               decb @rr2,#11
4a842:  73657200           ld rr6(r2),r5
4a846:  50524f47           cpl rr2,<<79>>0x0047(r5)
4a84a:  52414d20           subl rr1,<<77>>0x0020(r4)
4a84e:  41424f52           add r2,<<79>>0x0052(r4)
4a852:  54536572           ldl rr3,<<101>>0x0072(r5)
4a856:  7200               .word #0x7200
4a858:  54525920           ldl rr2,<<89>>0x0020(r5)
4a85c:  544f2049           ldl rr15,<<32>>0x0049(r4)
4a860:  4e5354414c4c       ext4e #0x4e535441,<<76>>0x004c
4a866:  2053               ldb rh3,@rr5
4a868:  54443234           ldl rr4,<<50>>0x0034(r4)
4a86c:  65727200           set <<114>>0x0000(r7),#2
4a870:  53544420           push @rr5,<<68>>0x0020(r4)
4a874:  32342052           ldb rr3(#0x2052),rh4
4a878:  45434f52           or r3,<<79>>0x0052(r4)
4a87c:  44454420           orb rh5,<<68>>0x0020(r4)
4a880:  4f4e20545241       ext4f #0x4f4e2054,<<82>>0x0041
4a886:  434b2030           sub r11,<<32>>0x0030(r4)
4a88a:  204e               ldb rl6,@rr4
4a88c:  4f5420434f52       ext4f #0x4f542043,<<79>>0x0052
4a892:  52454354           subl rr5,<<67>>0x0054(r4)
4a896:  2e00               .word #0x2e00
4a898:  65727200           set <<114>>0x0000(r7),#2
4a89c:  2028               ldb rl0,@rr2
4a89e:  2059               ldb rl1,@rr5
4a8a0:  4553203d           or r3,<<32>>0x003d(r5)
4a8a4:  2034               ldb rh4,@rr3
4a8a6:  3531202c           ldl rr1,rr3(#0x202c)
4a8aa:  204e               ldb rl6,@rr4
4a8ac:  4f203d20414e       ext4f #0x4f203d20,<<65>>0x004e
4a8b2:  59204b45           mult rr0,<<75>>0x0045(r2)
4a8b6:  59202920           mult rr0,<<41>>0x0020(r2)
4a8ba:  73657200           ld rr6(r2),r5
4a8be:  5553494e           popl <<73>>0x004e(r3),@rr5
4a8c2:  47204554           and r0,<<69>>0x0054(r2)
4a8c6:  46203f00           andb rh0,<<63>>0x0000(r2)
4a8ca:  73657200           ld rr6(r2),r5
4a8ce:  444f2059           orb rl7,<<32>>0x0059(r4)
4a8d2:  4f552057414e       ext4f #0x4f552057,<<65>>0x004e
4a8d8:  5420544f           ldl rr0,<<84>>0x004f(r2)
4a8dc:  2046               ldb rh6,@rr4
4a8de:  4f524d415420       ext4f #0x4f524d41,<<84>>0x0020
4a8e4:  57495448           pop <<84>>0x0048(r9),@rr4
4a8e8:  4f5554007365       ext4f #0x4f555400,<<115>>0x0065
4a8ee:  7200               .word #0x7200
4a8f0:  45544620           or r4,<<70>>0x0020(r5)
4a8f4:  4e4f54205245       ext4e #0x4e4f5420,<<82>>0x0045
4a8fa:  41444142           add r4,<<65>>0x0042(r4)
4a8fe:  4c4565727200       ldb <<101>>0x0072(r4),#0x00
4a904:  48495420           xorb rl1,<<84>>0x0020(r4)
4a908:  34353120           lda rr5,rr3(#0x3120)
4a90c:  544f2043           ldl rr15,<<32>>0x0043(r4)
4a910:  4f4e54494e55       ext4f #0x4f4e5449,<<78>>0x0055
4a916:  45204f52           or r0,<<79>>0x0052(r2)
4a91a:  2041               ldb rh1,@rr4
4a91c:  4e59204b4559       ext4e #0x4e59204b,<<69>>0x0059
4a922:  2054               ldb rh4,@rr5
4a924:  4f2051554954       ext4f #0x4f205155,<<73>>0x0054
4a92a:  73657200           ld rr6(r2),r5
4a92e:  54484953           ldl rr8,<<73>>0x0053(r4)
4a932:  2050               ldb rh0,@rr5
4a934:  524f4752           subl rr15,<<71>>0x0052(r4)
4a938:  414d2044           add r13,<<32>>0x0044(r4)
4a93c:  45535452           or r3,<<84>>0x0052(r5)
4a940:  4f5953205553       ext4f #0x4f595320,<<85>>0x0053
4a946:  45522044           or r2,<<32>>0x0044(r5)
4a94a:  4154412e           add r4,<<65>>0x002e(r5)
4a94e:  73657200           ld rr6(r2),r5
4a952:  5741524e           pop <<82>>0x004e(r1),@rr4
4a956:  494e4721           xor r14,<<71>>0x0021(r4)
4a95a:  73657200           ld rr6(r2),r5
4a95e:  2020               ldb rh0,@rr2
4a960:  2020               ldb rh0,@rr2
4a962:  2020               ldb rh0,@rr2
4a964:  2020               ldb rh0,@rr2
4a966:  2020               ldb rh0,@rr2
4a968:  2020               ldb rh0,@rr2
4a96a:  2020               ldb rh0,@rr2
4a96c:  2020               ldb rh0,@rr2
4a96e:  2020               ldb rh0,@rr2
4a970:  2020               ldb rh0,@rr2
4a972:  2020               ldb rh0,@rr2
4a974:  2020               ldb rh0,@rr2
4a976:  2020               ldb rh0,@rr2
4a978:  2020               ldb rh0,@rr2
4a97a:  2020               ldb rh0,@rr2
4a97c:  2020               ldb rh0,@rr2
4a97e:  2020               ldb rh0,@rr2
4a980:  2020               ldb rh0,@rr2
4a982:  2020               ldb rh0,@rr2
4a984:  20007669           ldb rh0,#0x69
4a988:  64002020           setb <<32>>0x0020,#0
4a98c:  48443a20           xorb rh4,<<58>>0x0020(r4)
4a990:  43594c3a           sub r9,<<76>>0x003a(r5)
4a994:  20006572           ldb rh0,#0x72
4a998:  7200               .word #0x7200
4a99a:  4552524f           or r2,<<82>>0x004f(r5)
4a99e:  5220494e           subl rr0,<<73>>0x004e(r2)
4a9a2:  2056               ldb rh6,@rr5
4a9a4:  45524946           or r2,<<73>>0x0046(r5)
4a9a8:  5920464f           mult rr0,<<70>>0x004f(r2)
4a9ac:  524d4154           subl rr13,<<65>>0x0054(r4)
4a9b0:  54494e47           ldl rr9,<<78>>0x0047(r4)
4a9b4:  2050               ldb rh0,@rr5
4a9b6:  48415345           xorb rh1,<<83>>0x0045(r4)
4a9ba:  65727200           set <<114>>0x0000(r7),#2
4a9be:  2057               ldb rh7,@rr5
4a9c0:  41495420           add r9,<<84>>0x0020(r4)
4a9c4:  2e2e               ldb @rr2,rl6
4a9c6:  2e00               .word #0x2e00
4a9c8:  76696400           lda rr9,<<100>>0x0000(r6)
4a9cc:  2020               ldb rh0,@rr2
4a9ce:  2020               ldb rh0,@rr2
4a9d0:  2020               ldb rh0,@rr2
4a9d2:  2020               ldb rh0,@rr2
4a9d4:  2020               ldb rh0,@rr2
4a9d6:  2020               ldb rh0,@rr2
4a9d8:  2020               ldb rh0,@rr2
4a9da:  2020               ldb rh0,@rr2
4a9dc:  2020               ldb rh0,@rr2
4a9de:  2020               ldb rh0,@rr2
4a9e0:  2020               ldb rh0,@rr2
4a9e2:  2020               ldb rh0,@rr2
4a9e4:  2020               ldb rh0,@rr2
4a9e6:  2020               ldb rh0,@rr2
4a9e8:  2020               ldb rh0,@rr2
4a9ea:  2020               ldb rh0,@rr2
4a9ec:  2020               ldb rh0,@rr2
4a9ee:  2020               ldb rh0,@rr2
4a9f0:  2020               ldb rh0,@rr2
4a9f2:  20007669           ldb rh0,#0x69
4a9f6:  64002020           setb <<32>>0x0020,#0
4a9fa:  2020               ldb rh0,@rr2
4a9fc:  2020               ldb rh0,@rr2
4a9fe:  2020               ldb rh0,@rr2
4aa00:  2020               ldb rh0,@rr2
4aa02:  2020               ldb rh0,@rr2
4aa04:  2020               ldb rh0,@rr2
4aa06:  2020               ldb rh0,@rr2
4aa08:  2020               ldb rh0,@rr2
4aa0a:  2020               ldb rh0,@rr2
4aa0c:  2020               ldb rh0,@rr2
4aa0e:  2020               ldb rh0,@rr2
4aa10:  2020               ldb rh0,@rr2
4aa12:  2020               ldb rh0,@rr2
4aa14:  2020               ldb rh0,@rr2
4aa16:  2020               ldb rh0,@rr2
4aa18:  2020               ldb rh0,@rr2
4aa1a:  2020               ldb rh0,@rr2
4aa1c:  2020               ldb rh0,@rr2
4aa1e:  20007669           ldb rh0,#0x69
4aa22:  64002020           setb <<32>>0x0020,#0
4aa26:  544f2043           ldl rr15,<<32>>0x0043(r4)
4aa2a:  594c3a20           mult rr12,<<58>>0x0020(r4)
4aa2e:  46524f4d           andb rh2,<<79>>0x004d(r5)
4aa32:  2043               ldb rh3,@rr4
4aa34:  594c3a20           mult rr12,<<58>>0x0020(r4)
4aa38:  76696400           lda rr9,<<100>>0x0000(r6)
4aa3c:  2020               ldb rh0,@rr2
4aa3e:  544f2043           ldl rr15,<<32>>0x0043(r4)
4aa42:  594c3a20           mult rr12,<<58>>0x0020(r4)
4aa46:  46524f4d           andb rh2,<<79>>0x004d(r5)
4aa4a:  2043               ldb rh3,@rr4
4aa4c:  594c3a20           mult rr12,<<58>>0x0020(r4)
4aa50:  76696400           lda rr9,<<100>>0x0000(r6)
4aa54:  2020               ldb rh0,@rr2
4aa56:  2020               ldb rh0,@rr2
4aa58:  2020               ldb rh0,@rr2
4aa5a:  2020               ldb rh0,@rr2
4aa5c:  2020               ldb rh0,@rr2
4aa5e:  2020               ldb rh0,@rr2
4aa60:  2020               ldb rh0,@rr2
4aa62:  2020               ldb rh0,@rr2
4aa64:  2020               ldb rh0,@rr2
4aa66:  2020               ldb rh0,@rr2
4aa68:  2020               ldb rh0,@rr2
4aa6a:  2020               ldb rh0,@rr2
4aa6c:  2020               ldb rh0,@rr2
4aa6e:  2020               ldb rh0,@rr2
4aa70:  2020               ldb rh0,@rr2
4aa72:  2020               ldb rh0,@rr2
4aa74:  2020               ldb rh0,@rr2
4aa76:  2020               ldb rh0,@rr2
4aa78:  2020               ldb rh0,@rr2
4aa7a:  20007669           ldb rh0,#0x69
4aa7e:  64002020           setb <<32>>0x0020,#0
4aa82:  2020               ldb rh0,@rr2
4aa84:  2020               ldb rh0,@rr2
4aa86:  2020               ldb rh0,@rr2
4aa88:  2020               ldb rh0,@rr2
4aa8a:  2020               ldb rh0,@rr2
4aa8c:  2020               ldb rh0,@rr2
4aa8e:  2020               ldb rh0,@rr2
4aa90:  2020               ldb rh0,@rr2
4aa92:  2020               ldb rh0,@rr2
4aa94:  2020               ldb rh0,@rr2
4aa96:  2020               ldb rh0,@rr2
4aa98:  2020               ldb rh0,@rr2
4aa9a:  2020               ldb rh0,@rr2
4aa9c:  2020               ldb rh0,@rr2
4aa9e:  2020               ldb rh0,@rr2
4aaa0:  2020               ldb rh0,@rr2
4aaa2:  2020               ldb rh0,@rr2
4aaa4:  2020               ldb rh0,@rr2
4aaa6:  20007669           ldb rh0,#0x69
4aaaa:  64002020           setb <<32>>0x0020,#0
4aaae:  544f2043           ldl rr15,<<32>>0x0043(r4)
4aab2:  594c3a20           mult rr12,<<58>>0x0020(r4)
4aab6:  46524f4d           andb rh2,<<79>>0x004d(r5)
4aaba:  2043               ldb rh3,@rr4
4aabc:  594c3a20           mult rr12,<<58>>0x0020(r4)
4aac0:  76696400           lda rr9,<<100>>0x0000(r6)
4aac4:  2020               ldb rh0,@rr2
4aac6:  544f2043           ldl rr15,<<32>>0x0043(r4)
4aaca:  594c3a20           mult rr12,<<58>>0x0020(r4)
4aace:  46524f4d           andb rh2,<<79>>0x004d(r5)
4aad2:  2043               ldb rh3,@rr4
4aad4:  594c3a20           mult rr12,<<58>>0x0020(r4)
4aad8:  76696400           lda rr9,<<100>>0x0000(r6)
4aadc:  2020               ldb rh0,@rr2
4aade:  2020               ldb rh0,@rr2
4aae0:  2020               ldb rh0,@rr2
4aae2:  2020               ldb rh0,@rr2
4aae4:  2020               ldb rh0,@rr2
4aae6:  2020               ldb rh0,@rr2
4aae8:  2020               ldb rh0,@rr2
4aaea:  2020               ldb rh0,@rr2
4aaec:  2020               ldb rh0,@rr2
4aaee:  2020               ldb rh0,@rr2
4aaf0:  2020               ldb rh0,@rr2
4aaf2:  2020               ldb rh0,@rr2
4aaf4:  2020               ldb rh0,@rr2
4aaf6:  2020               ldb rh0,@rr2
4aaf8:  2020               ldb rh0,@rr2
4aafa:  2020               ldb rh0,@rr2
4aafc:  2020               ldb rh0,@rr2
4aafe:  2020               ldb rh0,@rr2
4ab00:  2020               ldb rh0,@rr2
4ab02:  20007669           ldb rh0,#0x69
4ab06:  64003030           setb <<48>>0x0030,#0
4ab0a:  2020               ldb rh0,@rr2
4ab0c:  2020               ldb rh0,@rr2
4ab0e:  2020               ldb rh0,@rr2
4ab10:  2020               ldb rh0,@rr2
4ab12:  2020               ldb rh0,@rr2
4ab14:  2020               ldb rh0,@rr2
4ab16:  2020               ldb rh0,@rr2
4ab18:  2020               ldb rh0,@rr2
4ab1a:  2020               ldb rh0,@rr2
4ab1c:  2020               ldb rh0,@rr2
4ab1e:  2020               ldb rh0,@rr2
4ab20:  2020               ldb rh0,@rr2
4ab22:  2020               ldb rh0,@rr2
4ab24:  2020               ldb rh0,@rr2
4ab26:  2020               ldb rh0,@rr2
4ab28:  2020               ldb rh0,@rr2
4ab2a:  2020               ldb rh0,@rr2
4ab2c:  2020               ldb rh0,@rr2
4ab2e:  2020               ldb rh0,@rr2
4ab30:  4f4620444941       ext4f #0x4f462044,<<73>>0x0041
4ab36:  474e4f53           and r14,<<79>>0x0053(r4)
4ab3a:  54494320           ldl rr9,<<67>>0x0020(r4)
4ab3e:  41524541           add r2,<<69>>0x0041(r5)
4ab42:  53202e2e           push @rr2,<<46>>0x002e
4ab46:  2e00               .word #0x2e00
4ab48:  73657200           ld rr6(r2),r5
4ab4c:  43455254           sub r5,<<82>>0x0054(r4)
4ab50:  4946592c           xor r6,<<89>>0x002c(r4)
4ab54:  2046               ldb rh6,@rr4
4ab56:  4f524d415420       ext4f #0x4f524d41,<<84>>0x0020
4ab5c:  2620               bitb @rr2,#0
4ab5e:  57524954           pop <<73>>0x0054(r2),@rr5
4ab62:  45007365           or r0,<<115>>0x0065
4ab66:  7200               .word #0x7200
4ab68:  57524954           pop <<73>>0x0054(r2),@rr5
4ab6c:  45202620           or r0,<<38>>0x0020(r2)
4ab70:  56455249           addl rr5,<<82>>0x0049(r4)
4ab74:  46592044           andb rl1,<<32>>0x0044(r5)
4ab78:  41544120           add r4,<<65>>0x0020(r5)
4ab7c:  4649454c           andb rl1,<<69>>0x004c(r4)
4ab80:  44205048           orb rh0,<<80>>0x0048(r2)
4ab84:  41534520           add r3,<<69>>0x0020(r5)
4ab88:  2e2e               ldb @rr2,rl6
4ab8a:  2e00               .word #0x2e00
4ab8c:  73657200           ld rr6(r2),r5
4ab90:  494e2056           xor r14,<<32>>0x0056(r4)
4ab94:  45524946           or r2,<<73>>0x0046(r5)
4ab98:  5920464f           mult rr0,<<70>>0x004f(r2)
4ab9c:  524d4154           subl rr13,<<65>>0x0054(r4)
4aba0:  2050               ldb rh0,@rr5
4aba2:  48415345           xorb rh1,<<83>>0x0045(r4)
4aba6:  2120               ld r0,@rr2
4aba8:  50524f47           cpl rr2,<<79>>0x0047(r5)
4abac:  52414d20           subl rr1,<<77>>0x0020(r4)
4abb0:  41424f52           add r2,<<79>>0x0052(r4)
4abb4:  54536572           ldl rr3,<<101>>0x0072(r5)
4abb8:  7200               .word #0x7200
4abba:  4e4f4e20464f       ext4e #0x4e4f4e20,<<70>>0x004f
4abc0:  524d4154           subl rr13,<<65>>0x0054(r4)
4abc4:  54454420           ldl rr5,<<68>>0x0020(r4)
4abc8:  54524143           ldl rr2,<<65>>0x0043(r5)
4abcc:  4b204445           cp r0,<<68>>0x0045(r2)
4abd0:  54454354           ldl rr5,<<67>>0x0054(r4)
4abd4:  45446572           or r4,<<101>>0x0072(r4)
4abd8:  7200               .word #0x7200
4abda:  56455249           addl rr5,<<82>>0x0049(r4)
4abde:  46592049           andb rl1,<<32>>0x0049(r5)
4abe2:  44454e54           orb rh5,<<78>>0x0054(r4)
4abe6:  49464945           xor r6,<<73>>0x0045(r4)
4abea:  52205048           subl rr0,<<80>>0x0048(r2)
4abee:  41534520           add r3,<<69>>0x0020(r5)
4abf2:  2e2e               ldb @rr2,rl6
4abf4:  2e00               .word #0x2e00
4abf6:  73657200           ld rr6(r2),r5
4abfa:  464f524d           andb rl7,<<82>>0x004d(r4)
4abfe:  41542050           add r4,<<32>>0x0050(r5)
4ac02:  48415345           xorb rh1,<<83>>0x0045(r4)
4ac06:  202e               ldb rl6,@rr2
4ac08:  2e2e               ldb @rr2,rl6
4ac0a:  73657200           ld rr6(r2),r5
4ac0e:  2020               ldb rh0,@rr2
4ac10:  2020               ldb rh0,@rr2
4ac12:  2020               ldb rh0,@rr2
4ac14:  2020               ldb rh0,@rr2
4ac16:  2020               ldb rh0,@rr2
4ac18:  2020               ldb rh0,@rr2
4ac1a:  2020               ldb rh0,@rr2
4ac1c:  2020               ldb rh0,@rr2
4ac1e:  2020               ldb rh0,@rr2
4ac20:  2020               ldb rh0,@rr2
4ac22:  2020               ldb rh0,@rr2
4ac24:  2020               ldb rh0,@rr2
4ac26:  2020               ldb rh0,@rr2
4ac28:  2020               ldb rh0,@rr2
4ac2a:  2020               ldb rh0,@rr2
4ac2c:  2020               ldb rh0,@rr2
4ac2e:  2020               ldb rh0,@rr2
4ac30:  2020               ldb rh0,@rr2
4ac32:  2020               ldb rh0,@rr2
4ac34:  20007669           ldb rh0,#0x69
4ac38:  64002053           setb <<32>>0x0053,#0
4ac3c:  45432000           or r3,<<32>>0x0000(r4)
4ac40:  4d49               .word #0x4d49
4ac42:  4e2054494d45       ext4e #0x4e205449,<<77>>0x0045
4ac48:  204f               ldb rl7,@rr4
4ac4a:  55542032           popl <<32>>0x0032(r4),@rr5
4ac4e:  204d               ldb rl5,@rr4
4ac50:  494e5554           xor r14,<<85>>0x0054(r4)
4ac54:  45533b20           or r3,<<59>>0x0020(r5)
4ac58:  54494d45           ldl rr9,<<77>>0x0045(r4)
4ac5c:  203a               ldb rl2,@rr3
4ac5e:  20007669           ldb rh0,#0x69
4ac62:  64005741           setb <<87>>0x0041,#0
4ac66:  49542041           xor r4,<<32>>0x0041(r5)
4ac6a:  424f5554           subb rl7,<<85>>0x0054(r4)
4ac6e:  2032               ldb rh2,@rr3
4ac70:  204d               ldb rl5,@rr4
4ac72:  494e5554           xor r14,<<85>>0x0054(r4)
4ac76:  45532c20           or r3,<<44>>0x0020(r5)
4ac7a:  504c4541           cpl rr12,<<69>>0x0041(r4)
4ac7e:  5345202e           push @rr4,<<32>>0x002e(r5)
4ac82:  2e2e               ldb @rr2,rl6
4ac84:  65727200           set <<114>>0x0000(r7),#2
4ac88:  2020               ldb rh0,@rr2
4ac8a:  4e4f54205245       ext4e #0x4e4f5420,<<82>>0x0045
4ac90:  41445900           add r4,<<89>>0x0000(r4)
4ac94:  50552000           cpl rr5,<<32>>0x0000(r5)
4ac98:  65727200           set <<114>>0x0000(r7),#2
4ac9c:  2020               ldb rh0,@rr2
4ac9e:  2020               ldb rh0,@rr2
4aca0:  2020               ldb rh0,@rr2
4aca2:  2020               ldb rh0,@rr2
4aca4:  2020               ldb rh0,@rr2
4aca6:  2020               ldb rh0,@rr2
4aca8:  2020               ldb rh0,@rr2
4acaa:  2020               ldb rh0,@rr2
4acac:  2020               ldb rh0,@rr2
4acae:  2020               ldb rh0,@rr2
4acb0:  2020               ldb rh0,@rr2
4acb2:  2020               ldb rh0,@rr2
4acb4:  2020               ldb rh0,@rr2
4acb6:  2020               ldb rh0,@rr2
4acb8:  2020               ldb rh0,@rr2
4acba:  2020               ldb rh0,@rr2
4acbc:  2020               ldb rh0,@rr2
4acbe:  2020               ldb rh0,@rr2
4acc0:  2020               ldb rh0,@rr2
4acc2:  20007669           ldb rh0,#0x69
4acc6:  6400434f           setb <<67>>0x004f,#0
4acca:  4e54524f4c4c       ext4e #0x4e54524f,<<76>>0x004c
4acd0:  45522049           or r2,<<32>>0x0049(r5)
4acd4:  4e495449414c       ext4e #0x4e495449,<<65>>0x004c
4acda:  495a4154           xor r10,<<65>>0x0054(r5)
4acde:  494f4e20           xor r15,<<78>>0x0020(r4)
4ace2:  4552524f           or r2,<<82>>0x004f(r5)
4ace6:  52006572           subl rr0,<<101>>0x0072
4acea:  7200               .word #0x7200
4acec:  4c414e44494e       cpb <<78>>0x0044(r4),#0x4e
4acf2:  47205a4f           and r0,<<90>>0x004f(r2)
4acf6:  4e4520504f53       ext4e #0x4e452050,<<79>>0x0053
4acfc:  4954494f           xor r4,<<73>>0x004f(r5)
4ad00:  4e494e472046       ext4e #0x4e494e47,<<32>>0x0046
4ad06:  41494c55           add r9,<<76>>0x0055(r4)
4ad0a:  52456572           subl rr5,<<101>>0x0072(r4)
4ad0e:  7200               .word #0x7200
4ad10:  0a40               cpb rh0,@rr4
4ad12:  0a3a               cpb rl2,@rr3
4ad14:  0a46               cpb rh6,@rr4
4ad16:  0a3a               cpb rl2,@rr3
4ad18:  0a3a               cpb rl2,@rr3
4ad1a:  0a3a               cpb rl2,@rr3
4ad1c:  0a3a               cpb rl2,@rr3
4ad1e:  0a3a               cpb rl2,@rr3
4ad20:  0a98               cpb rl0,@rr9
4ad22:  0a98               cpb rl0,@rr9
4ad24:  0a98               cpb rl0,@rr9
4ad26:  0a98               cpb rl0,@rr9
4ad28:  0a98               cpb rl0,@rr9
4ad2a:  0a98               cpb rl0,@rr9
4ad2c:  0a98               cpb rl0,@rr9
4ad2e:  0a98               cpb rl0,@rr9
4ad30:  0a98               cpb rl0,@rr9
4ad32:  0a98               cpb rl0,@rr9
4ad34:  0a98               cpb rl0,@rr9
4ad36:  0e0a0e04           ext0e #0x0e0a0e04
4ad3a:  0e100e04           ext0e #0x0e100e04
4ad3e:  0e040e04           ext0e #0x0e040e04
4ad42:  0fa20fa2           ext0f #0x0fa20fa2
4ad46:  0e620e62           ext0e #0x0e620e62
4ad4a:  0e620e62           ext0e #0x0e620e62
4ad4e:  0e620e62           ext0e #0x0e620e62
4ad52:  0e620e62           ext0e #0x0e620e62
4ad56:  0e620e62           ext0e #0x0e620e62
4ad5a:  0e620fa2           ext0e #0x0e620fa2
4ad5e:  1212               subl rr2,@rr1
4ad60:  120c1218120c       subl rr12,#0x1218120c
4ad66:  120c120c120c       subl rr12,#0x120c120c
4ad6c:  120c126a126a       subl rr12,#0x126a126a
4ad72:  126a               subl rr10,@rr6
4ad74:  126a               subl rr10,@rr6
4ad76:  126a               subl rr10,@rr6
4ad78:  126a               subl rr10,@rr6
4ad7a:  126a               subl rr10,@rr6
4ad7c:  126a               subl rr10,@rr6
4ad7e:  126a               subl rr10,@rr6
4ad80:  126a               subl rr10,@rr6
4ad82:  126a               subl rr10,@rr6
4ad84:  15f6               popl @rr6,@rr15
4ad86:  15f0               popl @rr0,@rr15
4ad88:  15fc               popl @rr12,@rr15
4ad8a:  15f0               popl @rr0,@rr15
4ad8c:  15f0               popl @rr0,@rr15
4ad8e:  15f0               popl @rr0,@rr15
4ad90:  15f0               popl @rr0,@rr15
4ad92:  15f0               popl @rr0,@rr15
4ad94:  164e               addl rr14,@rr4
4ad96:  164e               addl rr14,@rr4
4ad98:  164e               addl rr14,@rr4
4ad9a:  164e               addl rr14,@rr4
4ad9c:  164e               addl rr14,@rr4
4ad9e:  164e               addl rr14,@rr4
4ada0:  164e               addl rr14,@rr4
4ada2:  164e               addl rr14,@rr4
4ada4:  164e               addl rr14,@rr4
4ada6:  164e               addl rr14,@rr4
4ada8:  164e               addl rr14,@rr4
4adaa:  003c               addb rl4,@rr3
4adac:  0042               addb rh2,@rr4
4adae:  0116               add r6,@rr1
4adb0:  0036               addb rh6,@rr3
4adb2:  01cc               add r12,@rr12
4adb4:  0036               addb rh6,@rr3
4adb6:  0254               subb rh4,@rr5
4adb8:  0350               sub r0,@rr5
4adba:  044c               orb rl4,@rr4
4adbc:  04d2               orb rh2,@rr13
4adbe:  04d2               orb rh2,@rr13
4adc0:  04d2               orb rh2,@rr13
4adc2:  04d2               orb rh2,@rr13
4adc4:  04d2               orb rh2,@rr13
4adc6:  04d2               orb rh2,@rr13
4adc8:  0036               addb rh6,@rr3
4adca:  0036               addb rh6,@rr3
4adcc:  0036               addb rh6,@rr3
4adce:  0036               addb rh6,@rr3
4add0:  05ac               or r12,@rr10
4add2:  08a0               xorb rh0,@rr10
4add4:  06a8               andb rl0,@rr10
4add6:  07a4               and r4,@rr10
4add8:  0036               addb rh6,@rr3
4adda:  0036               addb rh6,@rr3
4addc:  0036               addb rh6,@rr3
4adde:  099e               xor r14,@rr9
4ade0:  0a80               cpb rh0,@rr8
4ade2:  0b60               cp r0,@rr6
4ade4:  0c06               .word #0x0c06
4ade6:  08a0               xorb rh0,@rr10
4ade8:  08a0               xorb rh0,@rr10
4adea:  6572726f           set <<114>>0x006f(r7),#2
4adee:  7265206e           ldb rr6(r0),rh5
4adf2:  6f6e2063           ld <<32>>0x0063(r6),r14
4adf6:  6f6e6f73           ld <<111>>0x0073(r6),r14
4adfa:  63697574           res <<117>>0x0074(r6),#9
4adfe:  6f007365           ld <<115>>0x0065,r0
4ae02:  7200               .word #0x7200
4ae04:  494e4348           xor r14,<<67>>0x0048(r4)
4ae08:  4f4552454e54       ext4f #0x4f455245,<<78>>0x0054
4ae0e:  2043               ldb rh3,@rr4
4ae10:  4f4e54524f4c       ext4f #0x4f4e5452,<<79>>0x004c
4ae16:  4c4552205245       ldb <<82>>0x0020(r4),#0x45
4ae1c:  53504f4e           push @rr5,<<79>>0x004e
4ae20:  53456572           push @rr4,<<101>>0x0072(r5)
4ae24:  7200               .word #0x7200
4ae26:  48415244           xorb rh1,<<82>>0x0044(r4)
4ae2a:  57415245           pop <<82>>0x0045(r1),@rr4
4ae2e:  2046               ldb rh6,@rr4
4ae30:  41494c55           add r9,<<76>>0x0055(r4)
4ae34:  52456572           subl rr5,<<101>>0x0072(r4)
4ae38:  7200               .word #0x7200
4ae3a:  48415244           xorb rh1,<<82>>0x0044(r4)
4ae3e:  57415245           pop <<82>>0x0045(r1),@rr4
4ae42:  2046               ldb rh6,@rr4
4ae44:  41494c55           add r9,<<76>>0x0055(r4)
4ae48:  52456572           subl rr5,<<101>>0x0072(r4)
4ae4c:  7200               .word #0x7200
4ae4e:  50552045           cpl rr5,<<32>>0x0045(r5)
4ae52:  52524f52           subl rr2,<<79>>0x0052(r5)
4ae56:  65727200           set <<114>>0x0000(r7),#2
4ae5a:  48415244           xorb rh1,<<82>>0x0044(r4)
4ae5e:  57415245           pop <<82>>0x0045(r1),@rr4
4ae62:  2046               ldb rh6,@rr4
4ae64:  41494c55           add r9,<<76>>0x0055(r4)
4ae68:  52456572           subl rr5,<<101>>0x0072(r4)
4ae6c:  7200               .word #0x7200
4ae6e:  54494d45           ldl rr9,<<77>>0x0045(r4)
4ae72:  204f               ldb rl7,@rr4
4ae74:  55542044           popl <<32>>0x0044(r4),@rr5
4ae78:  5552494e           popl <<73>>0x004e(r2),@rr5
4ae7c:  4720492f           and r0,<<73>>0x002f(r2)
4ae80:  4f204f504552       ext4f #0x4f204f50,<<69>>0x0052
4ae86:  4154494f           add r4,<<73>>0x004f(r5)
4ae8a:  4e0065727200       ext4e #0x4e006572,<<114>>0x0000
4ae90:  48415244           xorb rh1,<<82>>0x0044(r4)
4ae94:  57415245           pop <<82>>0x0045(r1),@rr4
4ae98:  2046               ldb rh6,@rr4
4ae9a:  41494c55           add r9,<<76>>0x0055(r4)
4ae9e:  52456572           subl rr5,<<101>>0x0072(r4)
4aea2:  7200               .word #0x7200
4aea4:  2020               ldb rh0,@rr2
4aea6:  48443a20           xorb rh4,<<58>>0x0020(r4)
4aeaa:  43594c3a           sub r9,<<76>>0x003a(r5)
4aeae:  20006572           ldb rh0,#0x72
4aeb2:  7200               .word #0x7200
4aeb4:  4552524f           or r2,<<82>>0x004f(r5)
4aeb8:  5220494e           subl rr0,<<73>>0x004e(r2)
4aebc:  2056               ldb rh6,@rr5
4aebe:  45524946           or r2,<<73>>0x0046(r5)
4aec2:  5920464f           mult rr0,<<70>>0x004f(r2)
4aec6:  524d4154           subl rr13,<<65>>0x0054(r4)
4aeca:  54494e47           ldl rr9,<<78>>0x0047(r4)
4aece:  2050               ldb rh0,@rr5
4aed0:  48415345           xorb rh1,<<83>>0x0045(r4)
4aed4:  65727200           set <<114>>0x0000(r7),#2
4aed8:  2020               ldb rh0,@rr2
4aeda:  48443a20           xorb rh4,<<58>>0x0020(r4)
4aede:  43594c3a           sub r9,<<76>>0x003a(r5)
4aee2:  20006572           ldb rh0,#0x72
4aee6:  7200               .word #0x7200
4aee8:  44454645           orb rh5,<<70>>0x0045(r4)
4aeec:  43544956           sub r4,<<73>>0x0056(r5)
4aef0:  45205452           or r0,<<84>>0x0052(r2)
4aef4:  41434b00           add r3,<<75>>0x0000(r4)
4aef8:  65727200           set <<114>>0x0000(r7),#2
4aefc:  2020               ldb rh0,@rr2
4aefe:  48443a20           xorb rh4,<<58>>0x0020(r4)
4af02:  43594c3a           sub r9,<<76>>0x003a(r5)
4af06:  20006572           ldb rh0,#0x72
4af0a:  7200               .word #0x7200
4af0c:  44454645           orb rh5,<<70>>0x0045(r4)
4af10:  43544956           sub r4,<<73>>0x0056(r5)
4af14:  45205452           or r0,<<84>>0x0052(r2)
4af18:  41434b00           add r3,<<75>>0x0000(r4)
4af1c:  65727200           set <<114>>0x0000(r7),#2
4af20:  2020               ldb rh0,@rr2
4af22:  48443a20           xorb rh4,<<58>>0x0020(r4)
4af26:  43594c3a           sub r9,<<76>>0x003a(r5)
4af2a:  20006572           ldb rh0,#0x72
4af2e:  7200               .word #0x7200
4af30:  44454645           orb rh5,<<70>>0x0045(r4)
4af34:  43544956           sub r4,<<73>>0x0056(r5)
4af38:  45205452           or r0,<<84>>0x0052(r2)
4af3c:  41434b00           add r3,<<75>>0x0000(r4)
4af40:  65727200           set <<114>>0x0000(r7),#2
4af44:  2020               ldb rh0,@rr2
4af46:  48443a20           xorb rh4,<<58>>0x0020(r4)
4af4a:  43594c3a           sub r9,<<76>>0x003a(r5)
4af4e:  20005345           ldb rh0,#0x45
4af52:  454b2045           or r11,<<32>>0x0045(r4)
4af56:  52524f52           subl rr2,<<79>>0x0052(r5)
4af5a:  2020               ldb rh0,@rr2
4af5c:  65727200           set <<114>>0x0000(r7),#2
4af60:  484f4d45           xorb rl7,<<77>>0x0045(r4)
4af64:  2045               ldb rh5,@rr4
4af66:  52524f52           subl rr2,<<79>>0x0052(r5)
4af6a:  65727200           set <<114>>0x0000(r7),#2
4af6e:  2020               ldb rh0,@rr2
4af70:  48443a20           xorb rh4,<<58>>0x0020(r4)
4af74:  43594c3a           sub r9,<<76>>0x003a(r5)
4af78:  20006572           ldb rh0,#0x72
4af7c:  7200               .word #0x7200
4af7e:  44454645           orb rh5,<<70>>0x0045(r4)
4af82:  43544956           sub r4,<<73>>0x0056(r5)
4af86:  45205452           or r0,<<84>>0x0052(r2)
4af8a:  41434b00           add r3,<<75>>0x0000(r4)
4af8e:  65727200           set <<114>>0x0000(r7),#2
4af92:  2020               ldb rh0,@rr2
4af94:  48443a20           xorb rh4,<<58>>0x0020(r4)
4af98:  43594c3a           sub r9,<<76>>0x003a(r5)
4af9c:  20006572           ldb rh0,#0x72
4afa0:  7200               .word #0x7200
4afa2:  44454645           orb rh5,<<70>>0x0045(r4)
4afa6:  43544956           sub r4,<<73>>0x0056(r5)
4afaa:  45205452           or r0,<<84>>0x0052(r2)
4afae:  41434b00           add r3,<<75>>0x0000(r4)
4afb2:  65727200           set <<114>>0x0000(r7),#2
4afb6:  434f4e54           sub r15,<<78>>0x0054(r4)
4afba:  524f4c4c           subl rr15,<<76>>0x004c(r4)
4afbe:  45522049           or r2,<<32>>0x0049(r5)
4afc2:  4e495449414c       ext4e #0x4e495449,<<65>>0x004c
4afc8:  495a4154           xor r10,<<65>>0x0054(r5)
4afcc:  494f4e20           xor r15,<<78>>0x0020(r4)
4afd0:  4552524f           or r2,<<82>>0x004f(r5)
4afd4:  52006572           subl rr0,<<101>>0x0072
4afd8:  7200               .word #0x7200
4afda:  2020               ldb rh0,@rr2
4afdc:  4e4f54205245       ext4e #0x4e4f5420,<<82>>0x0045
4afe2:  41445900           add r4,<<89>>0x0000(r4)
4afe6:  50552000           cpl rr5,<<32>>0x0000(r5)
4afea:  65727200           set <<114>>0x0000(r7),#2
4afee:  2020               ldb rh0,@rr2
4aff0:  41425345           add r2,<<83>>0x0045(r4)
4aff4:  4e5450552000       ext4e #0x4e545055,<<32>>0x0000
4affa:  65727200           set <<114>>0x0000(r7),#2
4affe:  0d5e               .word #0x0d5e
4b000:  0d90               com @rr9
4b002:  0ea80efa           ext0e #0x0ea80efa
4b006:  0f2c0f5e           ext0f #0x0f2c0f5e
4b00a:  109c               cpl rr12,@rr9
4b00c:  2020               ldb rh0,@rr2
4b00e:  48443a20           xorb rh4,<<58>>0x0020(r4)
4b012:  43594c3a           sub r9,<<76>>0x003a(r5)
4b016:  20006572           ldb rh0,#0x72
4b01a:  7200               .word #0x7200
4b01c:  44454645           orb rh5,<<70>>0x0045(r4)
4b020:  43544956           sub r4,<<73>>0x0056(r5)
4b024:  45205452           or r0,<<84>>0x0052(r2)
4b028:  41434b00           add r3,<<75>>0x0000(r4)
4b02c:  65727200           set <<114>>0x0000(r7),#2
4b030:  50524f47           cpl rr2,<<79>>0x0047(r5)
4b034:  52414d20           subl rr1,<<77>>0x0020(r4)
4b038:  41424f52           add r2,<<79>>0x0052(r4)
4b03c:  54536572           ldl rr3,<<101>>0x0072(r5)
4b040:  7200               .word #0x7200
4b042:  54524143           ldl rr2,<<65>>0x0043(r5)
4b046:  4b203020           cp r0,<<48>>0x0020(r2)
4b04a:  554e5245           popl <<82>>0x0045(r14),@rr4
4b04e:  41444142           add r4,<<65>>0x0042(r4)
4b052:  4c4521205452       ldb <<33>>0x0020(r4),#0x52
4b058:  5920544f           mult rr0,<<84>>0x004f(r2)
4b05c:  2049               ldb rl1,@rr4
4b05e:  4e5354414c4c       ext4e #0x4e535441,<<76>>0x004c
4b064:  2053               ldb rh3,@rr5
4b066:  54443234           ldl rr4,<<50>>0x0034(r4)
4b06a:  65727200           set <<114>>0x0000(r7),#2
4b06e:  2020               ldb rh0,@rr2
4b070:  48443a20           xorb rh4,<<58>>0x0020(r4)
4b074:  43594c3a           sub r9,<<76>>0x003a(r5)
4b078:  20004345           ldb rh0,#0x45
4b07c:  52544946           subl rr4,<<73>>0x0046(r5)
4b080:  59207669           mult rr0,<<118>>0x0069(r2)
4b084:  64006666           setb <<102>>0x0066,#0
4b088:  2020               ldb rh0,@rr2
4b08a:  2020               ldb rh0,@rr2
4b08c:  2020               ldb rh0,@rr2
4b08e:  2020               ldb rh0,@rr2
4b090:  2020               ldb rh0,@rr2
4b092:  2020               ldb rh0,@rr2
4b094:  2020               ldb rh0,@rr2
4b096:  2020               ldb rh0,@rr2
4b098:  2020               ldb rh0,@rr2
4b09a:  2020               ldb rh0,@rr2
4b09c:  2020               ldb rh0,@rr2
4b09e:  2020               ldb rh0,@rr2
4b0a0:  2020               ldb rh0,@rr2
4b0a2:  2020               ldb rh0,@rr2
4b0a4:  2020               ldb rh0,@rr2
4b0a6:  2020               ldb rh0,@rr2
4b0a8:  2020               ldb rh0,@rr2
4b0aa:  2020               ldb rh0,@rr2
4b0ac:  2020               ldb rh0,@rr2
4b0ae:  64623664           setb <<54>>0x0064(r6),#2
4b0b2:  62362a34           resb <<42>>0x0034(r3),#6
4b0b6:  322c6464           ldb rr2(#0x6464),rl4
4b0ba:  2a31               decb @rr3,#2
4b0bc:  2c62               exb rh2,@rr6
4b0be:  3664               .word #0x3664
4b0c0:  2020               ldb rh0,@rr2
4b0c2:  2020               ldb rh0,@rr2
4b0c4:  2020               ldb rh0,@rr2
4b0c6:  2020               ldb rh0,@rr2
4b0c8:  2020               ldb rh0,@rr2
4b0ca:  2020               ldb rh0,@rr2
4b0cc:  2020               ldb rh0,@rr2
4b0ce:  2020               ldb rh0,@rr2
4b0d0:  2020               ldb rh0,@rr2
4b0d2:  2020               ldb rh0,@rr2
4b0d4:  2020               ldb rh0,@rr2
4b0d6:  35352020           ldl rr5,rr3(#0x2020)
4b0da:  2020               ldb rh0,@rr2
4b0dc:  2020               ldb rh0,@rr2
4b0de:  2020               ldb rh0,@rr2
4b0e0:  2020               ldb rh0,@rr2
4b0e2:  2020               ldb rh0,@rr2
4b0e4:  2020               ldb rh0,@rr2
4b0e6:  2020               ldb rh0,@rr2
4b0e8:  2020               ldb rh0,@rr2
4b0ea:  2020               ldb rh0,@rr2
4b0ec:  2020               ldb rh0,@rr2
4b0ee:  2020               ldb rh0,@rr2
4b0f0:  2020               ldb rh0,@rr2
4b0f2:  2020               ldb rh0,@rr2
4b0f4:  2020               ldb rh0,@rr2
4b0f6:  2020               ldb rh0,@rr2
4b0f8:  2020               ldb rh0,@rr2
4b0fa:  2020               ldb rh0,@rr2
4b0fc:  2020               ldb rh0,@rr2
4b0fe:  66662020           bitb <<32>>0x0020(r6),#6
4b102:  2020               ldb rh0,@rr2
4b104:  2020               ldb rh0,@rr2
4b106:  2020               ldb rh0,@rr2
4b108:  2020               ldb rh0,@rr2
4b10a:  2020               ldb rh0,@rr2
4b10c:  2020               ldb rh0,@rr2
4b10e:  2020               ldb rh0,@rr2
4b110:  2020               ldb rh0,@rr2
4b112:  2020               ldb rh0,@rr2
4b114:  2020               ldb rh0,@rr2
4b116:  2020               ldb rh0,@rr2
4b118:  2020               ldb rh0,@rr2
4b11a:  2020               ldb rh0,@rr2
4b11c:  2020               ldb rh0,@rr2
4b11e:  2020               ldb rh0,@rr2
4b120:  2020               ldb rh0,@rr2
4b122:  2020               ldb rh0,@rr2
4b124:  2020               ldb rh0,@rr2
4b126:  2020               ldb rh0,@rr2
4b128:  2020               ldb rh0,@rr2
4b12a:  2020               ldb rh0,@rr2
4b12c:  2020               ldb rh0,@rr2
4b12e:  2020               ldb rh0,@rr2
4b130:  2020               ldb rh0,@rr2
4b132:  2020               ldb rh0,@rr2
4b134:  2020               ldb rh0,@rr2
4b136:  2020               ldb rh0,@rr2
4b138:  2020               ldb rh0,@rr2
4b13a:  2020               ldb rh0,@rr2
4b13c:  2020               ldb rh0,@rr2
4b13e:  2020               ldb rh0,@rr2
4b140:  2020               ldb rh0,@rr2
4b142:  2020               ldb rh0,@rr2
4b144:  2020               ldb rh0,@rr2
4b146:  2020               ldb rh0,@rr2
4b148:  2020               ldb rh0,@rr2
4b14a:  2020               ldb rh0,@rr2
4b14c:  20007669           ldb rh0,#0x69
4b150:  64002020           setb <<32>>0x0020,#0
4b154:  48443a20           xorb rh4,<<58>>0x0020(r4)
4b158:  43594c3a           sub r9,<<76>>0x003a(r5)
4b15c:  20004345           ldb rh0,#0x45
4b160:  52544946           subl rr4,<<73>>0x0046(r5)
4b164:  59207669           mult rr0,<<118>>0x0069(r2)
4b168:  64006462           setb <<100>>0x0062,#0
4b16c:  3620               .word #0x3620
4b16e:  2020               ldb rh0,@rr2
4b170:  2020               ldb rh0,@rr2
4b172:  2020               ldb rh0,@rr2
4b174:  2020               ldb rh0,@rr2
4b176:  2020               ldb rh0,@rr2
4b178:  2020               ldb rh0,@rr2
4b17a:  2020               ldb rh0,@rr2
4b17c:  2020               ldb rh0,@rr2
4b17e:  2020               ldb rh0,@rr2
4b180:  2020               ldb rh0,@rr2
4b182:  2020               ldb rh0,@rr2
4b184:  2020               ldb rh0,@rr2
4b186:  2020               ldb rh0,@rr2
4b188:  2020               ldb rh0,@rr2
4b18a:  2020               ldb rh0,@rr2
4b18c:  2020               ldb rh0,@rr2
4b18e:  2020               ldb rh0,@rr2
4b190:  2020               ldb rh0,@rr2
4b192:  2020               ldb rh0,@rr2
4b194:  48443a20           xorb rh4,<<58>>0x0020(r4)
4b198:  43594c3a           sub r9,<<76>>0x003a(r5)
4b19c:  2000464f           ldb rh0,#0x4f
4b1a0:  524d4154           subl rr13,<<65>>0x0054(r4)
4b1a4:  20007669           ldb rh0,#0x69
4b1a8:  64002020           setb <<32>>0x0020,#0
4b1ac:  2020               ldb rh0,@rr2
4b1ae:  2020               ldb rh0,@rr2
4b1b0:  2020               ldb rh0,@rr2
4b1b2:  2020               ldb rh0,@rr2
4b1b4:  2020               ldb rh0,@rr2
4b1b6:  2020               ldb rh0,@rr2
4b1b8:  2020               ldb rh0,@rr2
4b1ba:  2020               ldb rh0,@rr2
4b1bc:  2020               ldb rh0,@rr2
4b1be:  2020               ldb rh0,@rr2
4b1c0:  2020               ldb rh0,@rr2
4b1c2:  2020               ldb rh0,@rr2
4b1c4:  2020               ldb rh0,@rr2
4b1c6:  2020               ldb rh0,@rr2
4b1c8:  2020               ldb rh0,@rr2
4b1ca:  2020               ldb rh0,@rr2
4b1cc:  2020               ldb rh0,@rr2
4b1ce:  2020               ldb rh0,@rr2
4b1d0:  20007669           ldb rh0,#0x69
4b1d4:  64002020           setb <<32>>0x0020,#0
4b1d8:  2020               ldb rh0,@rr2
4b1da:  2020               ldb rh0,@rr2
4b1dc:  2020               ldb rh0,@rr2
4b1de:  2020               ldb rh0,@rr2
4b1e0:  2020               ldb rh0,@rr2
4b1e2:  2020               ldb rh0,@rr2
4b1e4:  2020               ldb rh0,@rr2
4b1e6:  2020               ldb rh0,@rr2
4b1e8:  2020               ldb rh0,@rr2
4b1ea:  2020               ldb rh0,@rr2
4b1ec:  2020               ldb rh0,@rr2
4b1ee:  2020               ldb rh0,@rr2
4b1f0:  2020               ldb rh0,@rr2
4b1f2:  2020               ldb rh0,@rr2
4b1f4:  2020               ldb rh0,@rr2
4b1f6:  2020               ldb rh0,@rr2
4b1f8:  2020               ldb rh0,@rr2
4b1fa:  2020               ldb rh0,@rr2
4b1fc:  20007669           ldb rh0,#0x69
4b200:  64002020           setb <<32>>0x0020,#0
4b204:  48443a20           xorb rh4,<<58>>0x0020(r4)
4b208:  43594c3a           sub r9,<<76>>0x003a(r5)
4b20c:  2000464f           ldb rh0,#0x4f
4b210:  524d4154           subl rr13,<<65>>0x0054(r4)
4b214:  20007669           ldb rh0,#0x69
4b218:  64002020           setb <<32>>0x0020,#0
4b21c:  2020               ldb rh0,@rr2
4b21e:  2020               ldb rh0,@rr2
4b220:  2020               ldb rh0,@rr2
4b222:  2020               ldb rh0,@rr2
4b224:  2020               ldb rh0,@rr2
4b226:  2020               ldb rh0,@rr2
4b228:  2020               ldb rh0,@rr2
4b22a:  2020               ldb rh0,@rr2
4b22c:  2020               ldb rh0,@rr2
4b22e:  2020               ldb rh0,@rr2
4b230:  2020               ldb rh0,@rr2
4b232:  2020               ldb rh0,@rr2
4b234:  2020               ldb rh0,@rr2
4b236:  2020               ldb rh0,@rr2
4b238:  2020               ldb rh0,@rr2
4b23a:  2020               ldb rh0,@rr2
4b23c:  2020               ldb rh0,@rr2
4b23e:  2020               ldb rh0,@rr2
4b240:  20007669           ldb rh0,#0x69
4b244:  64002020           setb <<32>>0x0020,#0
4b248:  48443a20           xorb rh4,<<58>>0x0020(r4)
4b24c:  43594c3a           sub r9,<<76>>0x003a(r5)
4b250:  20004345           ldb rh0,#0x45
4b254:  52544946           subl rr4,<<73>>0x0046(r5)
4b258:  59207669           mult rr0,<<118>>0x0069(r2)
4b25c:  64006462           setb <<100>>0x0062,#0
4b260:  3620               .word #0x3620
4b262:  2020               ldb rh0,@rr2
4b264:  2020               ldb rh0,@rr2
4b266:  2020               ldb rh0,@rr2
4b268:  2020               ldb rh0,@rr2
4b26a:  2020               ldb rh0,@rr2
4b26c:  2020               ldb rh0,@rr2
4b26e:  2020               ldb rh0,@rr2
4b270:  2020               ldb rh0,@rr2
4b272:  2020               ldb rh0,@rr2
4b274:  2020               ldb rh0,@rr2
4b276:  2020               ldb rh0,@rr2
4b278:  2020               ldb rh0,@rr2
4b27a:  2020               ldb rh0,@rr2
4b27c:  2020               ldb rh0,@rr2
4b27e:  2020               ldb rh0,@rr2
4b280:  2020               ldb rh0,@rr2
4b282:  2020               ldb rh0,@rr2
4b284:  2020               ldb rh0,@rr2
4b286:  2020               ldb rh0,@rr2
4b288:  48443a20           xorb rh4,<<58>>0x0020(r4)
4b28c:  43594c3a           sub r9,<<76>>0x003a(r5)
4b290:  2000464f           ldb rh0,#0x4f
4b294:  524d4154           subl rr13,<<65>>0x0054(r4)
4b298:  20007669           ldb rh0,#0x69
4b29c:  64002020           setb <<32>>0x0020,#0
4b2a0:  2020               ldb rh0,@rr2
4b2a2:  2020               ldb rh0,@rr2
4b2a4:  2020               ldb rh0,@rr2
4b2a6:  2020               ldb rh0,@rr2
4b2a8:  2020               ldb rh0,@rr2
4b2aa:  2020               ldb rh0,@rr2
4b2ac:  2020               ldb rh0,@rr2
4b2ae:  2020               ldb rh0,@rr2
4b2b0:  2020               ldb rh0,@rr2
4b2b2:  2020               ldb rh0,@rr2
4b2b4:  2020               ldb rh0,@rr2
4b2b6:  2020               ldb rh0,@rr2
4b2b8:  2020               ldb rh0,@rr2
4b2ba:  2020               ldb rh0,@rr2
4b2bc:  2020               ldb rh0,@rr2
4b2be:  2020               ldb rh0,@rr2
4b2c0:  2020               ldb rh0,@rr2
4b2c2:  2020               ldb rh0,@rr2
4b2c4:  20007669           ldb rh0,#0x69
4b2c8:  64002020           setb <<32>>0x0020,#0
4b2cc:  2020               ldb rh0,@rr2
4b2ce:  2020               ldb rh0,@rr2
4b2d0:  2020               ldb rh0,@rr2
4b2d2:  2020               ldb rh0,@rr2
4b2d4:  2020               ldb rh0,@rr2
4b2d6:  2020               ldb rh0,@rr2
4b2d8:  2020               ldb rh0,@rr2
4b2da:  2020               ldb rh0,@rr2
4b2dc:  2020               ldb rh0,@rr2
4b2de:  2020               ldb rh0,@rr2
4b2e0:  2020               ldb rh0,@rr2
4b2e2:  2020               ldb rh0,@rr2
4b2e4:  2020               ldb rh0,@rr2
4b2e6:  2020               ldb rh0,@rr2
4b2e8:  2020               ldb rh0,@rr2
4b2ea:  2020               ldb rh0,@rr2
4b2ec:  2020               ldb rh0,@rr2
4b2ee:  2020               ldb rh0,@rr2
4b2f0:  20007669           ldb rh0,#0x69
4b2f4:  64000cce           setb <<12>>0x00ce,#0
4b2f8:  0cd4               testb @rr13
4b2fa:  0d00               .word #0x0d00
4b2fc:  0d08               .word #0x0d08
4b2fe:  0ce4               testb @rr14
4b300:  0d10               com @rr1
4b302:  0d18               clr @rr1
4b304:  000003c0           addb rh0,#0xc0
4b308:  00000000           addb rh0,#0x00
4b30c:  00000000           addb rh0,#0x00
4b310:  00000000           addb rh0,#0x00
4b314:  00000000           addb rh0,#0x00
4b318:  00000000           addb rh0,#0x00
4b31c:  00000000           addb rh0,#0x00
4b320:  00000000           addb rh0,#0x00
4b324:  00000380           addb rh0,#0x80
4b328:  00000000           addb rh0,#0x00
4b32c:  00000000           addb rh0,#0x00
4b330:  00000000           addb rh0,#0x00
4b334:  00000000           addb rh0,#0x00
4b338:  00000000           addb rh0,#0x00
4b33c:  00000000           addb rh0,#0x00
4b340:  00000000           addb rh0,#0x00
4b344:  11f2               pushl @rr15,@rr2
4b346:  11f8               pushl @rr15,@rr8
4b348:  120812081210       subl rr8,#0x12081210
4b34e:  1218               subl rr8,@rr1
4b350:  1220               subl rr0,@rr2
4b352:  1228               subl rr8,@rr2
4b354:  0081               addb rh1,@rr8
4b356:  0060               addb rh0,@rr6
4b358:  00000000           addb rh0,#0x00
4b35c:  00000000           addb rh0,#0x00
4b360:  00000000           addb rh0,#0x00
4b364:  00000000           addb rh0,#0x00
4b368:  00000000           addb rh0,#0x00
4b36c:  00000000           addb rh0,#0x00
4b370:  00000000           addb rh0,#0x00
4b374:  0081               addb rh1,@rr8
4b376:  00080000           addb rl0,#0x00
4b37a:  00000000           addb rh0,#0x00
4b37e:  00000000           addb rh0,#0x00
4b382:  00000000           addb rh0,#0x00
4b386:  00000000           addb rh0,#0x00
4b38a:  00000000           addb rh0,#0x00
4b38e:  00000000           addb rh0,#0x00
4b392:  00000081           addb rh0,#0x81
4b396:  00080000           addb rl0,#0x00
4b39a:  00000000           addb rh0,#0x00
4b39e:  00000000           addb rh0,#0x00
4b3a2:  00000000           addb rh0,#0x00
4b3a6:  00000000           addb rh0,#0x00
4b3aa:  00000000           addb rh0,#0x00
4b3ae:  00000000           addb rh0,#0x00
4b3b2:  000024d6           addb rh0,#0xd6
4b3b6:  24d6               setb @rr13,#6
4b3b8:  260226b6           bitb rh6,r2
4b3bc:  276a               bit @rr6,#10
4b3be:  29c8               inc @rr12,#9
4b3c0:  494e5445           xor r14,<<84>>0x0045(r4)
4b3c4:  52525550           subl rr2,<<85>>0x0050(r5)
4b3c8:  54204e4f           ldl rr0,<<78>>0x004f(r2)
4b3cc:  54204449           ldl rr0,<<68>>0x0049(r2)
4b3d0:  5341424c           push @rr4,<<66>>0x004c(r1)
4b3d4:  45442121           or r4,<<33>>0x0021(r4)
4b3d8:  21000000           ld r0,#0x0000
4b3dc:  2020               ldb rh0,@rr2
4b3de:  2020               ldb rh0,@rr2
4b3e0:  726f7574           ldb rr6(r5),rl7
4b3e4:  5f74               .word #0x5f74
4b3e6:  696d7374           inc <<115>>0x0074(r6),#14
4b3ea:  6172743a           ld r2,<<116>>0x003a(r7)
4b3ee:  2030               ldb rh0,@rr3
4b3f0:  31202020           ld r0,rr2(#0x2020)
4b3f4:  2072               ldb rh2,@rr7
4b3f6:  6f75745f           ld <<116>>0x005f(r7),r5
4b3fa:  74696d73           lda rr9,rr6(r13)
4b3fe:  74617274           lda rr1,rr6(r2)
4b402:  3a203032           inirb @rr3,@r2,r0
4b406:  2020               ldb rh0,@rr2
4b408:  2020               ldb rh0,@rr2
4b40a:  726f7574           ldb rr6(r5),rl7
4b40e:  5f74               .word #0x5f74
4b410:  696d6c65           inc <<108>>0x0065(r6),#14
4b414:  6767693a           bit <<105>>0x003a(r6),#7
4b418:  2030               ldb rh0,@rr3
4b41a:  31000181           ldr r0,0xb59f
4b41e:  100001010000       cpl rr0,#0x01010000
4b424:  00000015           addb rh0,#0x15
4b428:  2020               ldb rh0,@rr2
4b42a:  2020               ldb rh0,@rr2
4b42c:  2020               ldb rh0,@rr2
4b42e:  2020               ldb rh0,@rr2
4b430:  2020               ldb rh0,@rr2
4b432:  2020               ldb rh0,@rr2
4b434:  2020               ldb rh0,@rr2
4b436:  2020               ldb rh0,@rr2
4b438:  2020               ldb rh0,@rr2
4b43a:  2020               ldb rh0,@rr2
4b43c:  2020               ldb rh0,@rr2
4b43e:  2020               ldb rh0,@rr2
4b440:  2020               ldb rh0,@rr2
4b442:  2020               ldb rh0,@rr2
4b444:  2020               ldb rh0,@rr2
4b446:  2020               ldb rh0,@rr2
4b448:  2020               ldb rh0,@rr2
4b44a:  2020               ldb rh0,@rr2
4b44c:  2020               ldb rh0,@rr2
4b44e:  2020               ldb rh0,@rr2
4b450:  76696400           lda rr9,<<100>>0x0000(r6)
4b454:  76696400           lda rr9,<<100>>0x0000(r6)
4b458:  3e20               outb @r2,rh0
4b45a:  00000000           addb rh0,#0x00
4b45e:  00000000           addb rh0,#0x00
4b462:  00000000           addb rh0,#0x00
4b466:  00000000           addb rh0,#0x00
4b46a:  00000000           addb rh0,#0x00
4b46e:  00000000           addb rh0,#0x00
4b472:  00000000           addb rh0,#0x00
4b476:  00000000           addb rh0,#0x00
4b47a:  00000000           addb rh0,#0x00
4b47e:  00000000           addb rh0,#0x00
4b482:  00000000           addb rh0,#0x00
4b486:  00000000           addb rh0,#0x00
4b48a:  00000000           addb rh0,#0x00
4b48e:  00000000           addb rh0,#0x00
4b492:  00000000           addb rh0,#0x00
4b496:  00000000           addb rh0,#0x00
4b49a:  00000000           addb rh0,#0x00
4b49e:  00000000           addb rh0,#0x00
4b4a2:  00000000           addb rh0,#0x00
4b4a6:  00000000           addb rh0,#0x00
4b4aa:  00000000           addb rh0,#0x00
4b4ae:  00000000           addb rh0,#0x00
4b4b2:  00000000           addb rh0,#0x00
4b4b6:  00000000           addb rh0,#0x00
4b4ba:  00000000           addb rh0,#0x00
4b4be:  00000000           addb rh0,#0x00
4b4c2:  00000000           addb rh0,#0x00
4b4c6:  00000000           addb rh0,#0x00
4b4ca:  00000000           addb rh0,#0x00
4b4ce:  00000000           addb rh0,#0x00
4b4d2:  00000000           addb rh0,#0x00
4b4d6:  00000000           addb rh0,#0x00
4b4da:  00000000           addb rh0,#0x00
4b4de:  00000000           addb rh0,#0x00
4b4e2:  00000000           addb rh0,#0x00
4b4e6:  00000000           addb rh0,#0x00
4b4ea:  00000000           addb rh0,#0x00
4b4ee:  00000000           addb rh0,#0x00
4b4f2:  00000000           addb rh0,#0x00
4b4f6:  00000000           addb rh0,#0x00
4b4fa:  00000000           addb rh0,#0x00
4b4fe:  00000000           addb rh0,#0x00
4b502:  00000000           addb rh0,#0x00
4b506:  00000000           addb rh0,#0x00
4b50a:  00000000           addb rh0,#0x00
4b50e:  00000000           addb rh0,#0x00
4b512:  00000000           addb rh0,#0x00
4b516:  00000000           addb rh0,#0x00
4b51a:  00000000           addb rh0,#0x00
4b51e:  00000000           addb rh0,#0x00
4b522:  00000000           addb rh0,#0x00
4b526:  00000000           addb rh0,#0x00
4b52a:  00000000           addb rh0,#0x00
4b52e:  00000000           addb rh0,#0x00
4b532:  00000000           addb rh0,#0x00
4b536:  00000000           addb rh0,#0x00
4b53a:  00000000           addb rh0,#0x00
4b53e:  00000000           addb rh0,#0x00
4b542:  00000000           addb rh0,#0x00
4b546:  00000000           addb rh0,#0x00
4b54a:  00000000           addb rh0,#0x00
4b54e:  00000000           addb rh0,#0x00
4b552:  00000000           addb rh0,#0x00
4b556:  00000000           addb rh0,#0x00
4b55a:  00000000           addb rh0,#0x00
4b55e:  00000000           addb rh0,#0x00
4b562:  00000000           addb rh0,#0x00
4b566:  00000000           addb rh0,#0x00
4b56a:  00000000           addb rh0,#0x00
4b56e:  00000000           addb rh0,#0x00
4b572:  00000000           addb rh0,#0x00
4b576:  00000000           addb rh0,#0x00
4b57a:  00000000           addb rh0,#0x00
4b57e:  00000000           addb rh0,#0x00
4b582:  00000000           addb rh0,#0x00
4b586:  00000000           addb rh0,#0x00
4b58a:  00000000           addb rh0,#0x00
4b58e:  00000000           addb rh0,#0x00
4b592:  00000000           addb rh0,#0x00
4b596:  00000000           addb rh0,#0x00
4b59a:  00000000           addb rh0,#0x00
4b59e:  00000000           addb rh0,#0x00
4b5a2:  00000000           addb rh0,#0x00
4b5a6:  00000000           addb rh0,#0x00
4b5aa:  00000000           addb rh0,#0x00
4b5ae:  00000000           addb rh0,#0x00
4b5b2:  00000000           addb rh0,#0x00
4b5b6:  00000000           addb rh0,#0x00
4b5ba:  00000000           addb rh0,#0x00
4b5be:  00000000           addb rh0,#0x00
4b5c2:  00000000           addb rh0,#0x00
4b5c6:  00000000           addb rh0,#0x00
4b5ca:  00000000           addb rh0,#0x00
4b5ce:  00000000           addb rh0,#0x00
4b5d2:  00000000           addb rh0,#0x00
4b5d6:  00000000           addb rh0,#0x00
4b5da:  00000000           addb rh0,#0x00
4b5de:  00000000           addb rh0,#0x00
4b5e2:  00000000           addb rh0,#0x00
4b5e6:  00000000           addb rh0,#0x00
4b5ea:  00000000           addb rh0,#0x00
4b5ee:  00000000           addb rh0,#0x00
4b5f2:  00000000           addb rh0,#0x00
4b5f6:  00000000           addb rh0,#0x00
4b5fa:  00000000           addb rh0,#0x00
4b5fe:  00000000           addb rh0,#0x00
4b602:  00000000           addb rh0,#0x00
4b606:  00000000           addb rh0,#0x00
4b60a:  00000000           addb rh0,#0x00
4b60e:  00000000           addb rh0,#0x00
4b612:  00000000           addb rh0,#0x00
4b616:  00000000           addb rh0,#0x00
4b61a:  00000000           addb rh0,#0x00
4b61e:  00000000           addb rh0,#0x00
4b622:  00000000           addb rh0,#0x00
4b626:  00000000           addb rh0,#0x00
4b62a:  00000000           addb rh0,#0x00
4b62e:  00000000           addb rh0,#0x00
4b632:  00000000           addb rh0,#0x00
4b636:  00000000           addb rh0,#0x00
4b63a:  00000000           addb rh0,#0x00
4b63e:  00000000           addb rh0,#0x00
4b642:  00000000           addb rh0,#0x00
4b646:  00000000           addb rh0,#0x00
4b64a:  00000000           addb rh0,#0x00
4b64e:  00000000           addb rh0,#0x00
4b652:  00000000           addb rh0,#0x00
4b656:  00000000           addb rh0,#0x00
4b65a:  00000000           addb rh0,#0x00
4b65e:  00000000           addb rh0,#0x00
4b662:  00000000           addb rh0,#0x00
4b666:  00000000           addb rh0,#0x00
4b66a:  00000000           addb rh0,#0x00
4b66e:  00000000           addb rh0,#0x00
4b672:  00000000           addb rh0,#0x00
4b676:  00000000           addb rh0,#0x00
4b67a:  00000000           addb rh0,#0x00
4b67e:  00000000           addb rh0,#0x00
4b682:  00000000           addb rh0,#0x00
4b686:  00000000           addb rh0,#0x00
4b68a:  00000000           addb rh0,#0x00
4b68e:  00000000           addb rh0,#0x00
4b692:  00000000           addb rh0,#0x00
4b696:  00000000           addb rh0,#0x00
4b69a:  00000000           addb rh0,#0x00
4b69e:  00000000           addb rh0,#0x00
4b6a2:  00000000           addb rh0,#0x00
4b6a6:  00000000           addb rh0,#0x00
4b6aa:  00000000           addb rh0,#0x00
4b6ae:  00000000           addb rh0,#0x00
4b6b2:  00000000           addb rh0,#0x00
4b6b6:  00000000           addb rh0,#0x00
4b6ba:  00000000           addb rh0,#0x00
4b6be:  00000000           addb rh0,#0x00
4b6c2:  00000000           addb rh0,#0x00
4b6c6:  00000000           addb rh0,#0x00
4b6ca:  00000000           addb rh0,#0x00
4b6ce:  00000000           addb rh0,#0x00
4b6d2:  00000000           addb rh0,#0x00
4b6d6:  00000000           addb rh0,#0x00
4b6da:  00000000           addb rh0,#0x00
4b6de:  00000000           addb rh0,#0x00
4b6e2:  00000000           addb rh0,#0x00
4b6e6:  00000000           addb rh0,#0x00
4b6ea:  00000000           addb rh0,#0x00
4b6ee:  00000000           addb rh0,#0x00
4b6f2:  00000000           addb rh0,#0x00
4b6f6:  00000000           addb rh0,#0x00
4b6fa:  00000000           addb rh0,#0x00
4b6fe:  00000000           addb rh0,#0x00
4b702:  00000000           addb rh0,#0x00
4b706:  00000000           addb rh0,#0x00
4b70a:  00000000           addb rh0,#0x00
4b70e:  00000000           addb rh0,#0x00
4b712:  00000000           addb rh0,#0x00
4b716:  00000000           addb rh0,#0x00
4b71a:  00000000           addb rh0,#0x00
4b71e:  00000000           addb rh0,#0x00
4b722:  00000000           addb rh0,#0x00
4b726:  00000000           addb rh0,#0x00
4b72a:  00000000           addb rh0,#0x00
4b72e:  00000000           addb rh0,#0x00
4b732:  00000000           addb rh0,#0x00
4b736:  00000000           addb rh0,#0x00
4b73a:  00000000           addb rh0,#0x00
4b73e:  00000000           addb rh0,#0x00
4b742:  00000000           addb rh0,#0x00
4b746:  00000000           addb rh0,#0x00
4b74a:  00000000           addb rh0,#0x00
4b74e:  00000000           addb rh0,#0x00
4b752:  00000000           addb rh0,#0x00
4b756:  00000000           addb rh0,#0x00
4b75a:  00000000           addb rh0,#0x00
4b75e:  00000000           addb rh0,#0x00
4b762:  00000000           addb rh0,#0x00
4b766:  00000000           addb rh0,#0x00
4b76a:  00000000           addb rh0,#0x00
4b76e:  00000000           addb rh0,#0x00
4b772:  00000000           addb rh0,#0x00
4b776:  00000000           addb rh0,#0x00
4b77a:  00000000           addb rh0,#0x00
4b77e:  00000000           addb rh0,#0x00
4b782:  00000000           addb rh0,#0x00
4b786:  00000000           addb rh0,#0x00
4b78a:  00000000           addb rh0,#0x00
4b78e:  00000000           addb rh0,#0x00
4b792:  00000000           addb rh0,#0x00
4b796:  00000000           addb rh0,#0x00
4b79a:  00000000           addb rh0,#0x00
4b79e:  00000000           addb rh0,#0x00
4b7a2:  00000000           addb rh0,#0x00
4b7a6:  00000000           addb rh0,#0x00
4b7aa:  00000000           addb rh0,#0x00
4b7ae:  00000000           addb rh0,#0x00
4b7b2:  00000000           addb rh0,#0x00
4b7b6:  00000000           addb rh0,#0x00
4b7ba:  00000000           addb rh0,#0x00
4b7be:  00000000           addb rh0,#0x00
4b7c2:  00000000           addb rh0,#0x00
4b7c6:  00000000           addb rh0,#0x00
4b7ca:  00000000           addb rh0,#0x00
4b7ce:  00000000           addb rh0,#0x00
4b7d2:  00000000           addb rh0,#0x00
4b7d6:  00000000           addb rh0,#0x00
4b7da:  00000000           addb rh0,#0x00
4b7de:  00000000           addb rh0,#0x00
4b7e2:  00000000           addb rh0,#0x00
4b7e6:  00000000           addb rh0,#0x00
4b7ea:  00000000           addb rh0,#0x00
4b7ee:  00000000           addb rh0,#0x00
4b7f2:  00000000           addb rh0,#0x00
4b7f6:  00000000           addb rh0,#0x00
4b7fa:  00000000           addb rh0,#0x00
4b7fe:  00000000           addb rh0,#0x00
4b802:  00000000           addb rh0,#0x00
4b806:  00000000           addb rh0,#0x00
4b80a:  00000000           addb rh0,#0x00
4b80e:  00000000           addb rh0,#0x00
4b812:  00000000           addb rh0,#0x00
4b816:  00000000           addb rh0,#0x00
4b81a:  00000000           addb rh0,#0x00
4b81e:  00000000           addb rh0,#0x00
4b822:  00000000           addb rh0,#0x00
4b826:  00000000           addb rh0,#0x00
4b82a:  00000000           addb rh0,#0x00
4b82e:  00000000           addb rh0,#0x00
4b832:  00000000           addb rh0,#0x00
4b836:  00000000           addb rh0,#0x00
4b83a:  00000000           addb rh0,#0x00
4b83e:  00000000           addb rh0,#0x00
4b842:  00000000           addb rh0,#0x00
4b846:  00000000           addb rh0,#0x00
4b84a:  00000000           addb rh0,#0x00
4b84e:  00000000           addb rh0,#0x00
4b852:  00000000           addb rh0,#0x00
4b856:  00000000           addb rh0,#0x00
4b85a:  00000000           addb rh0,#0x00
4b85e:  00000000           addb rh0,#0x00
4b862:  00000000           addb rh0,#0x00
4b866:  00000000           addb rh0,#0x00
4b86a:  00000000           addb rh0,#0x00
4b86e:  00000000           addb rh0,#0x00
4b872:  00000000           addb rh0,#0x00
4b876:  00000000           addb rh0,#0x00
4b87a:  00000000           addb rh0,#0x00
4b87e:  00000000           addb rh0,#0x00
4b882:  00000000           addb rh0,#0x00
4b886:  00000000           addb rh0,#0x00
4b88a:  00000000           addb rh0,#0x00
4b88e:  00000000           addb rh0,#0x00
4b892:  00000000           addb rh0,#0x00
4b896:  00000000           addb rh0,#0x00
4b89a:  00000000           addb rh0,#0x00
4b89e:  00000000           addb rh0,#0x00
4b8a2:  00000000           addb rh0,#0x00
4b8a6:  00000000           addb rh0,#0x00
4b8aa:  00000000           addb rh0,#0x00
4b8ae:  00000000           addb rh0,#0x00
4b8b2:  00000000           addb rh0,#0x00
4b8b6:  00000000           addb rh0,#0x00
4b8ba:  00000000           addb rh0,#0x00
4b8be:  00000000           addb rh0,#0x00
4b8c2:  00000000           addb rh0,#0x00
4b8c6:  00000000           addb rh0,#0x00
4b8ca:  00000000           addb rh0,#0x00
4b8ce:  00000000           addb rh0,#0x00
4b8d2:  00000000           addb rh0,#0x00
4b8d6:  00000000           addb rh0,#0x00
4b8da:  00000000           addb rh0,#0x00
4b8de:  00000000           addb rh0,#0x00
4b8e2:  00000000           addb rh0,#0x00
4b8e6:  00000000           addb rh0,#0x00
4b8ea:  00000000           addb rh0,#0x00
4b8ee:  00000000           addb rh0,#0x00
4b8f2:  00000000           addb rh0,#0x00
4b8f6:  00000000           addb rh0,#0x00
4b8fa:  00000000           addb rh0,#0x00
4b8fe:  00000000           addb rh0,#0x00
4b902:  00000000           addb rh0,#0x00
4b906:  00000000           addb rh0,#0x00
4b90a:  00000000           addb rh0,#0x00
4b90e:  00000000           addb rh0,#0x00
4b912:  00000000           addb rh0,#0x00
4b916:  00000000           addb rh0,#0x00
4b91a:  00000000           addb rh0,#0x00
4b91e:  00000000           addb rh0,#0x00
4b922:  00000000           addb rh0,#0x00
4b926:  00000000           addb rh0,#0x00
4b92a:  00000000           addb rh0,#0x00
4b92e:  00000000           addb rh0,#0x00
4b932:  00000000           addb rh0,#0x00
4b936:  00000000           addb rh0,#0x00
4b93a:  00000000           addb rh0,#0x00
4b93e:  00000000           addb rh0,#0x00
4b942:  00000000           addb rh0,#0x00
4b946:  00000000           addb rh0,#0x00
4b94a:  00000000           addb rh0,#0x00
4b94e:  00000000           addb rh0,#0x00
4b952:  00000000           addb rh0,#0x00
4b956:  00000000           addb rh0,#0x00
4b95a:  00000000           addb rh0,#0x00
4b95e:  00000000           addb rh0,#0x00
4b962:  00000000           addb rh0,#0x00
4b966:  00000000           addb rh0,#0x00
4b96a:  00000000           addb rh0,#0x00
4b96e:  00000000           addb rh0,#0x00
4b972:  00000000           addb rh0,#0x00
4b976:  00000000           addb rh0,#0x00
4b97a:  00000000           addb rh0,#0x00
4b97e:  00000000           addb rh0,#0x00
4b982:  00000000           addb rh0,#0x00
4b986:  00000000           addb rh0,#0x00
4b98a:  00000000           addb rh0,#0x00
4b98e:  00000000           addb rh0,#0x00
4b992:  00000000           addb rh0,#0x00
4b996:  00000000           addb rh0,#0x00
4b99a:  00000000           addb rh0,#0x00
4b99e:  00000000           addb rh0,#0x00
4b9a2:  00000000           addb rh0,#0x00
4b9a6:  00000000           addb rh0,#0x00
4b9aa:  00000000           addb rh0,#0x00
4b9ae:  00000000           addb rh0,#0x00
4b9b2:  00000000           addb rh0,#0x00
4b9b6:  00000000           addb rh0,#0x00
4b9ba:  00000000           addb rh0,#0x00
4b9be:  00000000           addb rh0,#0x00
4b9c2:  00000000           addb rh0,#0x00
4b9c6:  00000000           addb rh0,#0x00
4b9ca:  00000000           addb rh0,#0x00
4b9ce:  00000000           addb rh0,#0x00
4b9d2:  00000000           addb rh0,#0x00
4b9d6:  00000000           addb rh0,#0x00
4b9da:  00000000           addb rh0,#0x00
4b9de:  00000000           addb rh0,#0x00
4b9e2:  00000000           addb rh0,#0x00
4b9e6:  00000000           addb rh0,#0x00
4b9ea:  00000000           addb rh0,#0x00
4b9ee:  00000000           addb rh0,#0x00
4b9f2:  00000000           addb rh0,#0x00
4b9f6:  00000000           addb rh0,#0x00
4b9fa:  00000000           addb rh0,#0x00
4b9fe:  00005353           addb rh0,#0x53
4ba02:  49442020           xor r4,<<32>>0x0020(r4)
4ba06:  2020               ldb rh0,@rr2
4ba08:  000138d1           addb rh1,#0xd1
4ba0c:  00013c90           addb rh1,#0x90
4ba10:  00000000           addb rh0,#0x00
4ba14:  00000000           addb rh0,#0x00
4ba18:  00000000           addb rh0,#0x00
4ba1c:  00000000           addb rh0,#0x00
4ba20:  00000000           addb rh0,#0x00
4ba24:  00000000           addb rh0,#0x00
4ba28:  00000000           addb rh0,#0x00
4ba2c:  00000000           addb rh0,#0x00
4ba30:  00000000           addb rh0,#0x00
4ba34:  00000000           addb rh0,#0x00
4ba38:  2020               ldb rh0,@rr2
4ba3a:  2020               ldb rh0,@rr2
4ba3c:  2020               ldb rh0,@rr2
4ba3e:  2020               ldb rh0,@rr2
4ba40:  30542020           ldb rh4,rr5(#0x2020)
4ba44:  2020               ldb rh0,@rr2
4ba46:  2020               ldb rh0,@rr2
4ba48:  00000051           addb rh0,#0x51
4ba4c:  00013880           addb rh1,#0x80
4ba50:  00000051           addb rh0,#0x51
4ba54:  00000c73           addb rh0,#0x73
4ba58:  00000061           addb rh0,#0x61
4ba5c:  00000010           addb rh0,#0x10
4ba60:  2020               ldb rh0,@rr2
4ba62:  2020               ldb rh0,@rr2
4ba64:  2020               ldb rh0,@rr2
4ba66:  2020               ldb rh0,@rr2
4ba68:  00000000           addb rh0,#0x00
4ba6c:  00000000           addb rh0,#0x00
4ba70:  00000000           addb rh0,#0x00
4ba74:  00000000           addb rh0,#0x00
4ba78:  00000000           addb rh0,#0x00
4ba7c:  00000000           addb rh0,#0x00
4ba80:  2020               ldb rh0,@rr2
4ba82:  2020               ldb rh0,@rr2
4ba84:  2020               ldb rh0,@rr2
4ba86:  2020               ldb rh0,@rr2
4ba88:  00000000           addb rh0,#0x00
4ba8c:  00000000           addb rh0,#0x00
4ba90:  00000000           addb rh0,#0x00
4ba94:  00000000           addb rh0,#0x00
4ba98:  00000000           addb rh0,#0x00
4ba9c:  00000000           addb rh0,#0x00
4baa0:  2020               ldb rh0,@rr2
4baa2:  2020               ldb rh0,@rr2
4baa4:  2020               ldb rh0,@rr2
4baa6:  2020               ldb rh0,@rr2
4baa8:  00000000           addb rh0,#0x00
4baac:  00000000           addb rh0,#0x00
4bab0:  00000000           addb rh0,#0x00
4bab4:  00000000           addb rh0,#0x00
4bab8:  00000000           addb rh0,#0x00
4babc:  00000000           addb rh0,#0x00
4bac0:  2020               ldb rh0,@rr2
4bac2:  2020               ldb rh0,@rr2
4bac4:  2020               ldb rh0,@rr2
4bac6:  2020               ldb rh0,@rr2
4bac8:  00000000           addb rh0,#0x00
4bacc:  00000000           addb rh0,#0x00
4bad0:  00000000           addb rh0,#0x00
4bad4:  00000000           addb rh0,#0x00
4bad8:  00000000           addb rh0,#0x00
4badc:  00000000           addb rh0,#0x00
4bae0:  2020               ldb rh0,@rr2
4bae2:  2020               ldb rh0,@rr2
4bae4:  2020               ldb rh0,@rr2
4bae6:  2020               ldb rh0,@rr2
4bae8:  00000000           addb rh0,#0x00
4baec:  00000000           addb rh0,#0x00
4baf0:  00000000           addb rh0,#0x00
4baf4:  00000000           addb rh0,#0x00
4baf8:  00000000           addb rh0,#0x00
4bafc:  00000000           addb rh0,#0x00
4bb00:  00015554           addb rh1,#0x54
4bb04:  494c5938           xor r12,<<89>>0x0038(r4)
4bb08:  3834               .word #0x3834
4bb0a:  3837               .word #0x3837
4bb0c:  30333331           ldb rh3,rr3(#0x3331)
4bb10:  006c               addb rl4,@rr6
4bb12:  0329               sub r9,@rr2
4bb14:  00024844           addb rh2,#0x44
4bb18:  46445537           andb rh4,<<85>>0x0037(r4)
4bb1c:  3834               .word #0x3834
4bb1e:  3837               .word #0x3837
4bb20:  30333331           ldb rh3,rr3(#0x3331)
4bb24:  002c               addb rl4,@rr2
4bb26:  0395               sub r5,@rr9
4bb28:  00034844           addb rh3,#0x44
4bb2c:  43354635           sub r5,<<70>>0x0035(r3)
4bb30:  3833               .word #0x3833
4bb32:  3836               .word #0x3836
4bb34:  31313137           ld r1,rr3(#0x3137)
4bb38:  00fa               addb rl2,@rr15
4bb3a:  03c1               sub r1,@rr12
4bb3c:  00044844           addb rh4,#0x44
4bb40:  43354539           sub r5,<<69>>0x0039(r3)
4bb44:  3834               .word #0x3834
4bb46:  3837               .word #0x3837
4bb48:  30333331           ldb rh3,rr3(#0x3331)
4bb4c:  01a2               add r2,@rr10
4bb4e:  1727               pop @rr7,@rr2
4bb50:  00054844           addb rh5,#0x44
4bb54:  43355636           sub r5,<<86>>0x0036(r3)
4bb58:  3833               .word #0x3833
4bb5a:  3836               .word #0x3836
4bb5c:  31313137           ld r1,rr3(#0x3137)
4bb60:  01a4               add r4,@rr10
4bb62:  1f29               .word #0x1f29
4bb64:  00064844           addb rh6,#0x44
4bb68:  43353035           sub r5,<<48>>0x0035(r3)
4bb6c:  3834               .word #0x3834
4bb6e:  3837               .word #0x3837
4bb70:  30333331           ldb rh3,rr3(#0x3331)
4bb74:  010e272d           add r14,#0x272d
4bb78:  00074844           addb rh7,#0x44
4bb7c:  43355833           sub r5,<<88>>0x0033(r3)
4bb80:  3833               .word #0x3833
4bb82:  3835               .word #0x3835
4bb84:  31323132           ld r2,rr3(#0x3132)
4bb88:  00b0               addb rh0,@rr11
4bb8a:  2d03               .word #0x2d03
4bb8c:  00085332           addb rl0,#0x32
4bb90:  34573136           lda rr7,rr5(#0x3136)
4bb94:  3833               .word #0x3833
4bb96:  3835               .word #0x3835
4bb98:  31323132           ld r2,rr3(#0x3132)
4bb9c:  00d6               addb rh6,@rr13
4bb9e:  30170009           ldb rh7,rr1(#0x0009)
4bba2:  53323457           push @rr3,<<52>>0x0057(r2)
4bba6:  32353833           ldb rr3(#0x3833),rh5
4bbaa:  3835               .word #0x3835
4bbac:  31323132           ld r2,rr3(#0x3132)
4bbb0:  00d6               addb rh6,@rr13
4bbb2:  341d000a           lda rr13,rr1(#0x000a)
4bbb6:  5332344d           push @rr3,<<52>>0x004d(r2)
4bbba:  35343833           ldl rr4,rr3(#0x3833)
4bbbe:  3835               .word #0x3835
4bbc0:  31323132           ld r2,rr3(#0x3132)
4bbc4:  00d6               addb rh6,@rr13
4bbc6:  3823               .word #0x3823
4bbc8:  000b5332           addb rl3,#0x32
4bbcc:  34583131           lda rr8,rr5(#0x3131)
4bbd0:  3833               .word #0x3833
4bbd2:  3836               .word #0x3836
4bbd4:  30363136           ldb rh6,rr3(#0x3136)
4bbd8:  00d6               addb rh6,@rr13
4bbda:  3c29               inb rl1,@r2
4bbdc:  000c5332           addb rl4,#0x32
4bbe0:  34574430           lda rr7,rr5(#0x4430)
4bbe4:  3833               .word #0x3833
4bbe6:  3836               .word #0x3836
4bbe8:  30363136           ldb rh6,rr3(#0x3136)
4bbec:  00d6               addb rh6,@rr13
4bbee:  402f000d           addb rl7,<<0>>0x000d(r2)
4bbf2:  5332344d           push @rr3,<<52>>0x004d(r2)
4bbf6:  41313833           add r1,<<56>>0x0033(r3)
4bbfa:  3836               .word #0x3836
4bbfc:  31313137           ld r1,rr3(#0x3137)
4bc00:  00d6               addb rh6,@rr13
4bc02:  4501ffffffff       or r1,<<127>>0xffff
4bc08:  30353535           ldb rh5,rr3(#0x3535)
4bc0c:  35353535           ldl rr5,rr3(#0x3535)
4bc10:  35353535           ldl rr5,rr3(#0x3535)
4bc14:  35353535           ldl rr5,rr3(#0x3535)
4bc18:  35353535           ldl rr5,rr3(#0x3535)
4bc1c:  35353535           ldl rr5,rr3(#0x3535)
4bc20:  35353535           ldl rr5,rr3(#0x3535)
4bc24:  35353535           ldl rr5,rr3(#0x3535)
4bc28:  35353535           ldl rr5,rr3(#0x3535)
4bc2c:  35353535           ldl rr5,rr3(#0x3535)
4bc30:  35353535           ldl rr5,rr3(#0x3535)
4bc34:  35353535           ldl rr5,rr3(#0x3535)
4bc38:  35353535           ldl rr5,rr3(#0x3535)
4bc3c:  35353535           ldl rr5,rr3(#0x3535)
4bc40:  35353535           ldl rr5,rr3(#0x3535)
4bc44:  35353535           ldl rr5,rr3(#0x3535)
4bc48:  35353535           ldl rr5,rr3(#0x3535)
4bc4c:  35353535           ldl rr5,rr3(#0x3535)
4bc50:  35353535           ldl rr5,rr3(#0x3535)
4bc54:  35353535           ldl rr5,rr3(#0x3535)
4bc58:  35353535           ldl rr5,rr3(#0x3535)
4bc5c:  35353535           ldl rr5,rr3(#0x3535)
4bc60:  35353535           ldl rr5,rr3(#0x3535)
4bc64:  35353535           ldl rr5,rr3(#0x3535)
4bc68:  35353535           ldl rr5,rr3(#0x3535)
4bc6c:  35353535           ldl rr5,rr3(#0x3535)
4bc70:  35353535           ldl rr5,rr3(#0x3535)
4bc74:  35353535           ldl rr5,rr3(#0x3535)
4bc78:  35353535           ldl rr5,rr3(#0x3535)
4bc7c:  35353535           ldl rr5,rr3(#0x3535)
4bc80:  35353535           ldl rr5,rr3(#0x3535)
4bc84:  35353535           ldl rr5,rr3(#0x3535)
4bc88:  35353535           ldl rr5,rr3(#0x3535)
4bc8c:  35353535           ldl rr5,rr3(#0x3535)
4bc90:  35353535           ldl rr5,rr3(#0x3535)
4bc94:  35353535           ldl rr5,rr3(#0x3535)
4bc98:  35353535           ldl rr5,rr3(#0x3535)
4bc9c:  35353535           ldl rr5,rr3(#0x3535)
4bca0:  35353535           ldl rr5,rr3(#0x3535)
4bca4:  35353535           ldl rr5,rr3(#0x3535)
4bca8:  35353535           ldl rr5,rr3(#0x3535)
4bcac:  35353535           ldl rr5,rr3(#0x3535)
4bcb0:  35353535           ldl rr5,rr3(#0x3535)
4bcb4:  35353535           ldl rr5,rr3(#0x3535)
4bcb8:  35353535           ldl rr5,rr3(#0x3535)
4bcbc:  35353535           ldl rr5,rr3(#0x3535)
4bcc0:  35353535           ldl rr5,rr3(#0x3535)
4bcc4:  35353535           ldl rr5,rr3(#0x3535)
4bcc8:  35353535           ldl rr5,rr3(#0x3535)
4bccc:  35353535           ldl rr5,rr3(#0x3535)
4bcd0:  35353535           ldl rr5,rr3(#0x3535)
4bcd4:  35353535           ldl rr5,rr3(#0x3535)
4bcd8:  35353535           ldl rr5,rr3(#0x3535)
4bcdc:  35353535           ldl rr5,rr3(#0x3535)
4bce0:  35353535           ldl rr5,rr3(#0x3535)
4bce4:  35353535           ldl rr5,rr3(#0x3535)
4bce8:  35353535           ldl rr5,rr3(#0x3535)
4bcec:  35353535           ldl rr5,rr3(#0x3535)
4bcf0:  35353535           ldl rr5,rr3(#0x3535)
4bcf4:  35353535           ldl rr5,rr3(#0x3535)
4bcf8:  35353535           ldl rr5,rr3(#0x3535)
4bcfc:  35353535           ldl rr5,rr3(#0x3535)
4bd00:  35353535           ldl rr5,rr3(#0x3535)
4bd04:  35353535           ldl rr5,rr3(#0x3535)
4bd08:  35353535           ldl rr5,rr3(#0x3535)
4bd0c:  35353535           ldl rr5,rr3(#0x3535)
4bd10:  35353535           ldl rr5,rr3(#0x3535)
4bd14:  35353535           ldl rr5,rr3(#0x3535)
4bd18:  35353535           ldl rr5,rr3(#0x3535)
4bd1c:  35353535           ldl rr5,rr3(#0x3535)
4bd20:  35353535           ldl rr5,rr3(#0x3535)
4bd24:  35353535           ldl rr5,rr3(#0x3535)
4bd28:  35353535           ldl rr5,rr3(#0x3535)
4bd2c:  35353535           ldl rr5,rr3(#0x3535)
4bd30:  35353535           ldl rr5,rr3(#0x3535)
4bd34:  35353535           ldl rr5,rr3(#0x3535)
4bd38:  35353535           ldl rr5,rr3(#0x3535)
4bd3c:  35353535           ldl rr5,rr3(#0x3535)
4bd40:  35353535           ldl rr5,rr3(#0x3535)
4bd44:  35353535           ldl rr5,rr3(#0x3535)
4bd48:  35353535           ldl rr5,rr3(#0x3535)
4bd4c:  35353535           ldl rr5,rr3(#0x3535)
4bd50:  35353535           ldl rr5,rr3(#0x3535)
4bd54:  35353535           ldl rr5,rr3(#0x3535)
4bd58:  35353535           ldl rr5,rr3(#0x3535)
4bd5c:  35353535           ldl rr5,rr3(#0x3535)
4bd60:  35353535           ldl rr5,rr3(#0x3535)
4bd64:  35353535           ldl rr5,rr3(#0x3535)
4bd68:  35353535           ldl rr5,rr3(#0x3535)
4bd6c:  35353535           ldl rr5,rr3(#0x3535)
4bd70:  35353535           ldl rr5,rr3(#0x3535)
4bd74:  35353535           ldl rr5,rr3(#0x3535)
4bd78:  35353535           ldl rr5,rr3(#0x3535)
4bd7c:  35353535           ldl rr5,rr3(#0x3535)
4bd80:  35353535           ldl rr5,rr3(#0x3535)
4bd84:  35353535           ldl rr5,rr3(#0x3535)
4bd88:  35353535           ldl rr5,rr3(#0x3535)
4bd8c:  35353535           ldl rr5,rr3(#0x3535)
4bd90:  35353535           ldl rr5,rr3(#0x3535)
4bd94:  35353535           ldl rr5,rr3(#0x3535)
4bd98:  35353535           ldl rr5,rr3(#0x3535)
4bd9c:  35353535           ldl rr5,rr3(#0x3535)
4bda0:  35353535           ldl rr5,rr3(#0x3535)
4bda4:  35353535           ldl rr5,rr3(#0x3535)
4bda8:  35353535           ldl rr5,rr3(#0x3535)
4bdac:  35353535           ldl rr5,rr3(#0x3535)
4bdb0:  35353535           ldl rr5,rr3(#0x3535)
4bdb4:  35353535           ldl rr5,rr3(#0x3535)
4bdb8:  35353535           ldl rr5,rr3(#0x3535)
4bdbc:  35353535           ldl rr5,rr3(#0x3535)
4bdc0:  35353535           ldl rr5,rr3(#0x3535)
4bdc4:  35353535           ldl rr5,rr3(#0x3535)
4bdc8:  35353535           ldl rr5,rr3(#0x3535)
4bdcc:  35353535           ldl rr5,rr3(#0x3535)
4bdd0:  35353535           ldl rr5,rr3(#0x3535)
4bdd4:  35353535           ldl rr5,rr3(#0x3535)
4bdd8:  35353535           ldl rr5,rr3(#0x3535)
4bddc:  35353535           ldl rr5,rr3(#0x3535)
4bde0:  35353535           ldl rr5,rr3(#0x3535)
4bde4:  35353535           ldl rr5,rr3(#0x3535)
4bde8:  35353535           ldl rr5,rr3(#0x3535)
4bdec:  35353535           ldl rr5,rr3(#0x3535)
4bdf0:  35353535           ldl rr5,rr3(#0x3535)
4bdf4:  35353535           ldl rr5,rr3(#0x3535)
4bdf8:  35353535           ldl rr5,rr3(#0x3535)
4bdfc:  35353535           ldl rr5,rr3(#0x3535)
4be00:  35353535           ldl rr5,rr3(#0x3535)
4be04:  35353535           ldl rr5,rr3(#0x3535)
4be08:  35353535           ldl rr5,rr3(#0x3535)
4be0c:  35353535           ldl rr5,rr3(#0x3535)
4be10:  35353535           ldl rr5,rr3(#0x3535)
4be14:  35353535           ldl rr5,rr3(#0x3535)
4be18:  35353535           ldl rr5,rr3(#0x3535)
4be1c:  35353535           ldl rr5,rr3(#0x3535)
4be20:  35353535           ldl rr5,rr3(#0x3535)
4be24:  35353535           ldl rr5,rr3(#0x3535)
4be28:  35353535           ldl rr5,rr3(#0x3535)
4be2c:  35353535           ldl rr5,rr3(#0x3535)
4be30:  35353535           ldl rr5,rr3(#0x3535)
4be34:  35353535           ldl rr5,rr3(#0x3535)
4be38:  35353535           ldl rr5,rr3(#0x3535)
4be3c:  35353535           ldl rr5,rr3(#0x3535)
4be40:  35353535           ldl rr5,rr3(#0x3535)
4be44:  35353535           ldl rr5,rr3(#0x3535)
4be48:  35353535           ldl rr5,rr3(#0x3535)
4be4c:  35353535           ldl rr5,rr3(#0x3535)
4be50:  35353535           ldl rr5,rr3(#0x3535)
4be54:  35353535           ldl rr5,rr3(#0x3535)
4be58:  35353535           ldl rr5,rr3(#0x3535)
4be5c:  35353535           ldl rr5,rr3(#0x3535)
4be60:  35353535           ldl rr5,rr3(#0x3535)
4be64:  35353535           ldl rr5,rr3(#0x3535)
4be68:  35353535           ldl rr5,rr3(#0x3535)
4be6c:  35353535           ldl rr5,rr3(#0x3535)
4be70:  35353535           ldl rr5,rr3(#0x3535)
4be74:  35353535           ldl rr5,rr3(#0x3535)
4be78:  35353535           ldl rr5,rr3(#0x3535)
4be7c:  35353535           ldl rr5,rr3(#0x3535)
4be80:  35353535           ldl rr5,rr3(#0x3535)
4be84:  35353535           ldl rr5,rr3(#0x3535)
4be88:  35353535           ldl rr5,rr3(#0x3535)
4be8c:  35353535           ldl rr5,rr3(#0x3535)
4be90:  35353535           ldl rr5,rr3(#0x3535)
4be94:  35353535           ldl rr5,rr3(#0x3535)
4be98:  35353535           ldl rr5,rr3(#0x3535)
4be9c:  35353535           ldl rr5,rr3(#0x3535)
4bea0:  35353535           ldl rr5,rr3(#0x3535)
4bea4:  35353535           ldl rr5,rr3(#0x3535)
4bea8:  35353535           ldl rr5,rr3(#0x3535)
4beac:  35353535           ldl rr5,rr3(#0x3535)
4beb0:  35353535           ldl rr5,rr3(#0x3535)
4beb4:  35353535           ldl rr5,rr3(#0x3535)
4beb8:  35353535           ldl rr5,rr3(#0x3535)
4bebc:  35353535           ldl rr5,rr3(#0x3535)
4bec0:  35353535           ldl rr5,rr3(#0x3535)
4bec4:  35353535           ldl rr5,rr3(#0x3535)
4bec8:  35353535           ldl rr5,rr3(#0x3535)
4becc:  35353535           ldl rr5,rr3(#0x3535)
4bed0:  35353535           ldl rr5,rr3(#0x3535)
4bed4:  35353535           ldl rr5,rr3(#0x3535)
4bed8:  35353535           ldl rr5,rr3(#0x3535)
4bedc:  35353535           ldl rr5,rr3(#0x3535)
4bee0:  35353535           ldl rr5,rr3(#0x3535)
4bee4:  35353535           ldl rr5,rr3(#0x3535)
4bee8:  35353535           ldl rr5,rr3(#0x3535)
4beec:  35353535           ldl rr5,rr3(#0x3535)
4bef0:  35353535           ldl rr5,rr3(#0x3535)
4bef4:  35353535           ldl rr5,rr3(#0x3535)
4bef8:  35353535           ldl rr5,rr3(#0x3535)
4befc:  35353535           ldl rr5,rr3(#0x3535)
4bf00:  35353535           ldl rr5,rr3(#0x3535)
4bf04:  35353535           ldl rr5,rr3(#0x3535)
4bf08:  35353535           ldl rr5,rr3(#0x3535)
4bf0c:  35353535           ldl rr5,rr3(#0x3535)
4bf10:  35353535           ldl rr5,rr3(#0x3535)
4bf14:  35353535           ldl rr5,rr3(#0x3535)
4bf18:  35353535           ldl rr5,rr3(#0x3535)
4bf1c:  35353535           ldl rr5,rr3(#0x3535)
4bf20:  35353535           ldl rr5,rr3(#0x3535)
4bf24:  35353535           ldl rr5,rr3(#0x3535)
4bf28:  35353535           ldl rr5,rr3(#0x3535)
4bf2c:  35353535           ldl rr5,rr3(#0x3535)
4bf30:  35353535           ldl rr5,rr3(#0x3535)
4bf34:  35353535           ldl rr5,rr3(#0x3535)
4bf38:  35353535           ldl rr5,rr3(#0x3535)
4bf3c:  35353535           ldl rr5,rr3(#0x3535)
4bf40:  35353535           ldl rr5,rr3(#0x3535)
4bf44:  35353535           ldl rr5,rr3(#0x3535)
4bf48:  35353535           ldl rr5,rr3(#0x3535)
4bf4c:  35353535           ldl rr5,rr3(#0x3535)
4bf50:  35353535           ldl rr5,rr3(#0x3535)
4bf54:  35353535           ldl rr5,rr3(#0x3535)
4bf58:  35353535           ldl rr5,rr3(#0x3535)
4bf5c:  35353535           ldl rr5,rr3(#0x3535)
4bf60:  35353535           ldl rr5,rr3(#0x3535)
4bf64:  35353535           ldl rr5,rr3(#0x3535)
4bf68:  35353535           ldl rr5,rr3(#0x3535)
4bf6c:  35353535           ldl rr5,rr3(#0x3535)
4bf70:  35353535           ldl rr5,rr3(#0x3535)
4bf74:  35353535           ldl rr5,rr3(#0x3535)
4bf78:  35353535           ldl rr5,rr3(#0x3535)
4bf7c:  35353535           ldl rr5,rr3(#0x3535)
4bf80:  35353535           ldl rr5,rr3(#0x3535)
4bf84:  35353535           ldl rr5,rr3(#0x3535)
4bf88:  35353535           ldl rr5,rr3(#0x3535)
4bf8c:  35353535           ldl rr5,rr3(#0x3535)
4bf90:  35353535           ldl rr5,rr3(#0x3535)
4bf94:  35353535           ldl rr5,rr3(#0x3535)
4bf98:  35353535           ldl rr5,rr3(#0x3535)
4bf9c:  35353535           ldl rr5,rr3(#0x3535)
4bfa0:  35353535           ldl rr5,rr3(#0x3535)
4bfa4:  35353535           ldl rr5,rr3(#0x3535)
4bfa8:  35353535           ldl rr5,rr3(#0x3535)
4bfac:  35353535           ldl rr5,rr3(#0x3535)
4bfb0:  35353535           ldl rr5,rr3(#0x3535)
4bfb4:  35353535           ldl rr5,rr3(#0x3535)
4bfb8:  35353535           ldl rr5,rr3(#0x3535)
4bfbc:  35353535           ldl rr5,rr3(#0x3535)
4bfc0:  35353535           ldl rr5,rr3(#0x3535)
4bfc4:  35353535           ldl rr5,rr3(#0x3535)
4bfc8:  35353535           ldl rr5,rr3(#0x3535)
4bfcc:  35353535           ldl rr5,rr3(#0x3535)
4bfd0:  35353535           ldl rr5,rr3(#0x3535)
4bfd4:  35353535           ldl rr5,rr3(#0x3535)
4bfd8:  35353535           ldl rr5,rr3(#0x3535)
4bfdc:  35353535           ldl rr5,rr3(#0x3535)
4bfe0:  35353535           ldl rr5,rr3(#0x3535)
4bfe4:  35353535           ldl rr5,rr3(#0x3535)
4bfe8:  35353535           ldl rr5,rr3(#0x3535)
4bfec:  35353535           ldl rr5,rr3(#0x3535)
4bff0:  35353535           ldl rr5,rr3(#0x3535)
4bff4:  35353535           ldl rr5,rr3(#0x3535)
4bff8:  35353535           ldl rr5,rr3(#0x3535)
4bffc:  35353535           ldl rr5,rr3(#0x3535)
4c000:  35353535           ldl rr5,rr3(#0x3535)
4c004:  35353535           ldl rr5,rr3(#0x3535)
4c008:  35353535           ldl rr5,rr3(#0x3535)
4c00c:  35353535           ldl rr5,rr3(#0x3535)
4c010:  35353535           ldl rr5,rr3(#0x3535)
4c014:  35353535           ldl rr5,rr3(#0x3535)
4c018:  35353535           ldl rr5,rr3(#0x3535)
4c01c:  35353535           ldl rr5,rr3(#0x3535)
4c020:  35353535           ldl rr5,rr3(#0x3535)
4c024:  35353535           ldl rr5,rr3(#0x3535)
4c028:  35353535           ldl rr5,rr3(#0x3535)
4c02c:  35353535           ldl rr5,rr3(#0x3535)
4c030:  35353535           ldl rr5,rr3(#0x3535)
4c034:  35353535           ldl rr5,rr3(#0x3535)
4c038:  35353535           ldl rr5,rr3(#0x3535)
4c03c:  35353535           ldl rr5,rr3(#0x3535)
4c040:  35353535           ldl rr5,rr3(#0x3535)
4c044:  35353535           ldl rr5,rr3(#0x3535)
4c048:  35353535           ldl rr5,rr3(#0x3535)
4c04c:  35353535           ldl rr5,rr3(#0x3535)
4c050:  35353535           ldl rr5,rr3(#0x3535)
4c054:  35353535           ldl rr5,rr3(#0x3535)
4c058:  35353535           ldl rr5,rr3(#0x3535)
4c05c:  35353535           ldl rr5,rr3(#0x3535)
4c060:  35353535           ldl rr5,rr3(#0x3535)
4c064:  35353535           ldl rr5,rr3(#0x3535)
4c068:  35353535           ldl rr5,rr3(#0x3535)
4c06c:  35353535           ldl rr5,rr3(#0x3535)
4c070:  35353535           ldl rr5,rr3(#0x3535)
4c074:  35353535           ldl rr5,rr3(#0x3535)
4c078:  35353535           ldl rr5,rr3(#0x3535)
4c07c:  35353535           ldl rr5,rr3(#0x3535)
4c080:  35353535           ldl rr5,rr3(#0x3535)
4c084:  35353535           ldl rr5,rr3(#0x3535)
4c088:  35353535           ldl rr5,rr3(#0x3535)
4c08c:  35353535           ldl rr5,rr3(#0x3535)
4c090:  35353535           ldl rr5,rr3(#0x3535)
4c094:  35353535           ldl rr5,rr3(#0x3535)
4c098:  35353535           ldl rr5,rr3(#0x3535)
4c09c:  35353535           ldl rr5,rr3(#0x3535)
4c0a0:  35353535           ldl rr5,rr3(#0x3535)
4c0a4:  35353535           ldl rr5,rr3(#0x3535)
4c0a8:  35353535           ldl rr5,rr3(#0x3535)
4c0ac:  35353535           ldl rr5,rr3(#0x3535)
4c0b0:  35353535           ldl rr5,rr3(#0x3535)
4c0b4:  35353535           ldl rr5,rr3(#0x3535)
4c0b8:  35353535           ldl rr5,rr3(#0x3535)
4c0bc:  35353535           ldl rr5,rr3(#0x3535)
4c0c0:  35353535           ldl rr5,rr3(#0x3535)
4c0c4:  35353535           ldl rr5,rr3(#0x3535)
4c0c8:  35353535           ldl rr5,rr3(#0x3535)
4c0cc:  35353535           ldl rr5,rr3(#0x3535)
4c0d0:  35353535           ldl rr5,rr3(#0x3535)
4c0d4:  35353535           ldl rr5,rr3(#0x3535)
4c0d8:  35353535           ldl rr5,rr3(#0x3535)
4c0dc:  35353535           ldl rr5,rr3(#0x3535)
4c0e0:  35353535           ldl rr5,rr3(#0x3535)
4c0e4:  35353535           ldl rr5,rr3(#0x3535)
4c0e8:  35353535           ldl rr5,rr3(#0x3535)
4c0ec:  35353535           ldl rr5,rr3(#0x3535)
4c0f0:  35353535           ldl rr5,rr3(#0x3535)
4c0f4:  35353535           ldl rr5,rr3(#0x3535)
4c0f8:  35353535           ldl rr5,rr3(#0x3535)
4c0fc:  35353535           ldl rr5,rr3(#0x3535)
4c100:  00000000           addb rh0,#0x00
4c104:  00000000           addb rh0,#0x00
4c108:  00000000           addb rh0,#0x00
4c10c:  00000000           addb rh0,#0x00
4c110:  00000000           addb rh0,#0x00
4c114:  00000000           addb rh0,#0x00
4c118:  00000000           addb rh0,#0x00
4c11c:  00000000           addb rh0,#0x00
4c120:  00000000           addb rh0,#0x00
4c124:  00000000           addb rh0,#0x00
4c128:  00000000           addb rh0,#0x00
4c12c:  00000000           addb rh0,#0x00
4c130:  00000000           addb rh0,#0x00
4c134:  00000000           addb rh0,#0x00
4c138:  00000000           addb rh0,#0x00
4c13c:  00000000           addb rh0,#0x00
4c140:  00000000           addb rh0,#0x00
4c144:  00000000           addb rh0,#0x00
4c148:  00000000           addb rh0,#0x00
4c14c:  00000000           addb rh0,#0x00
4c150:  00000000           addb rh0,#0x00
4c154:  00000000           addb rh0,#0x00
4c158:  00000000           addb rh0,#0x00
4c15c:  00000000           addb rh0,#0x00
4c160:  00000000           addb rh0,#0x00
4c164:  00000000           addb rh0,#0x00
4c168:  00000000           addb rh0,#0x00
4c16c:  00000000           addb rh0,#0x00
4c170:  00000000           addb rh0,#0x00
4c174:  00000000           addb rh0,#0x00
4c178:  00000000           addb rh0,#0x00
4c17c:  00000000           addb rh0,#0x00
4c180:  00000000           addb rh0,#0x00
4c184:  00000000           addb rh0,#0x00
4c188:  00000000           addb rh0,#0x00
4c18c:  00000000           addb rh0,#0x00
4c190:  00000000           addb rh0,#0x00
4c194:  00000000           addb rh0,#0x00
4c198:  00000000           addb rh0,#0x00
4c19c:  00000000           addb rh0,#0x00
4c1a0:  00000000           addb rh0,#0x00
4c1a4:  00000000           addb rh0,#0x00
4c1a8:  00000000           addb rh0,#0x00
4c1ac:  00000000           addb rh0,#0x00
4c1b0:  00000000           addb rh0,#0x00
4c1b4:  00000000           addb rh0,#0x00
4c1b8:  00000000           addb rh0,#0x00
4c1bc:  00000000           addb rh0,#0x00
4c1c0:  00000000           addb rh0,#0x00
4c1c4:  00000000           addb rh0,#0x00
4c1c8:  00000000           addb rh0,#0x00
4c1cc:  00000000           addb rh0,#0x00
4c1d0:  00000000           addb rh0,#0x00
4c1d4:  00000000           addb rh0,#0x00
4c1d8:  00000000           addb rh0,#0x00
4c1dc:  00000000           addb rh0,#0x00
4c1e0:  00000000           addb rh0,#0x00
4c1e4:  00000000           addb rh0,#0x00
4c1e8:  00000000           addb rh0,#0x00
4c1ec:  00000000           addb rh0,#0x00
4c1f0:  00000000           addb rh0,#0x00
4c1f4:  00000000           addb rh0,#0x00
4c1f8:  00000000           addb rh0,#0x00
4c1fc:  00000000           addb rh0,#0x00
4c200:  00000000           addb rh0,#0x00
4c204:  00000000           addb rh0,#0x00
4c208:  00000000           addb rh0,#0x00
4c20c:  00000000           addb rh0,#0x00
4c210:  00000000           addb rh0,#0x00
4c214:  00000000           addb rh0,#0x00
4c218:  00000000           addb rh0,#0x00
4c21c:  00000000           addb rh0,#0x00
4c220:  00000000           addb rh0,#0x00
4c224:  00000000           addb rh0,#0x00
4c228:  00000000           addb rh0,#0x00
4c22c:  00000000           addb rh0,#0x00
4c230:  00000000           addb rh0,#0x00
4c234:  00000000           addb rh0,#0x00
4c238:  00000000           addb rh0,#0x00
4c23c:  00000000           addb rh0,#0x00
4c240:  00000000           addb rh0,#0x00
4c244:  00000000           addb rh0,#0x00
4c248:  00000000           addb rh0,#0x00
4c24c:  00000000           addb rh0,#0x00
4c250:  00000000           addb rh0,#0x00
4c254:  00000000           addb rh0,#0x00
4c258:  00000000           addb rh0,#0x00
4c25c:  00000000           addb rh0,#0x00
4c260:  00000000           addb rh0,#0x00
4c264:  00000000           addb rh0,#0x00
4c268:  00000000           addb rh0,#0x00
4c26c:  00000000           addb rh0,#0x00
4c270:  00000000           addb rh0,#0x00
4c274:  00000000           addb rh0,#0x00
4c278:  00000000           addb rh0,#0x00
4c27c:  00000000           addb rh0,#0x00
4c280:  00000000           addb rh0,#0x00
4c284:  00000000           addb rh0,#0x00
4c288:  00000000           addb rh0,#0x00
4c28c:  00000000           addb rh0,#0x00
4c290:  00000000           addb rh0,#0x00
4c294:  00000000           addb rh0,#0x00
4c298:  00000000           addb rh0,#0x00
4c29c:  00000000           addb rh0,#0x00
4c2a0:  00000000           addb rh0,#0x00
4c2a4:  00000000           addb rh0,#0x00
4c2a8:  00000000           addb rh0,#0x00
4c2ac:  00000000           addb rh0,#0x00
4c2b0:  00000000           addb rh0,#0x00
4c2b4:  00000000           addb rh0,#0x00
4c2b8:  00000000           addb rh0,#0x00
4c2bc:  00000000           addb rh0,#0x00
4c2c0:  00000000           addb rh0,#0x00
4c2c4:  00000000           addb rh0,#0x00
4c2c8:  00000000           addb rh0,#0x00
4c2cc:  00000000           addb rh0,#0x00
4c2d0:  00000000           addb rh0,#0x00
4c2d4:  00000000           addb rh0,#0x00
4c2d8:  00000000           addb rh0,#0x00
4c2dc:  00000000           addb rh0,#0x00
4c2e0:  00000000           addb rh0,#0x00
4c2e4:  00000000           addb rh0,#0x00
4c2e8:  00000000           addb rh0,#0x00
4c2ec:  00000000           addb rh0,#0x00
4c2f0:  00000000           addb rh0,#0x00
4c2f4:  00000000           addb rh0,#0x00
4c2f8:  00000000           addb rh0,#0x00
4c2fc:  00000000           addb rh0,#0x00
4c300:  00000000           addb rh0,#0x00
4c304:  00000000           addb rh0,#0x00
4c308:  00000000           addb rh0,#0x00
4c30c:  00000000           addb rh0,#0x00
4c310:  00000000           addb rh0,#0x00
4c314:  00000000           addb rh0,#0x00
4c318:  00000000           addb rh0,#0x00
4c31c:  00000000           addb rh0,#0x00
4c320:  00000000           addb rh0,#0x00
4c324:  00000000           addb rh0,#0x00
4c328:  00000000           addb rh0,#0x00
4c32c:  00000000           addb rh0,#0x00
4c330:  00000000           addb rh0,#0x00
4c334:  00000000           addb rh0,#0x00
4c338:  00000000           addb rh0,#0x00
4c33c:  00000000           addb rh0,#0x00
4c340:  00000000           addb rh0,#0x00
4c344:  00000000           addb rh0,#0x00
4c348:  00000000           addb rh0,#0x00
4c34c:  00000000           addb rh0,#0x00
4c350:  00000000           addb rh0,#0x00
4c354:  00000000           addb rh0,#0x00
4c358:  00000000           addb rh0,#0x00
4c35c:  00000000           addb rh0,#0x00
4c360:  00000000           addb rh0,#0x00
4c364:  00000000           addb rh0,#0x00
4c368:  00000000           addb rh0,#0x00
4c36c:  00000000           addb rh0,#0x00
4c370:  00000000           addb rh0,#0x00
4c374:  00000000           addb rh0,#0x00
4c378:  00000000           addb rh0,#0x00
4c37c:  00000000           addb rh0,#0x00
4c380:  00000000           addb rh0,#0x00
4c384:  00000000           addb rh0,#0x00
4c388:  00000000           addb rh0,#0x00
4c38c:  00000000           addb rh0,#0x00
4c390:  00000000           addb rh0,#0x00
4c394:  00000000           addb rh0,#0x00
4c398:  00000000           addb rh0,#0x00
4c39c:  00000000           addb rh0,#0x00
4c3a0:  00000000           addb rh0,#0x00
4c3a4:  00000000           addb rh0,#0x00
4c3a8:  00000000           addb rh0,#0x00
4c3ac:  00000000           addb rh0,#0x00
4c3b0:  00000000           addb rh0,#0x00
4c3b4:  00000000           addb rh0,#0x00
4c3b8:  00000000           addb rh0,#0x00
4c3bc:  00000000           addb rh0,#0x00
4c3c0:  00000000           addb rh0,#0x00
4c3c4:  00000000           addb rh0,#0x00
4c3c8:  00000000           addb rh0,#0x00
4c3cc:  00000000           addb rh0,#0x00
4c3d0:  00000000           addb rh0,#0x00
4c3d4:  00000000           addb rh0,#0x00
4c3d8:  00000000           addb rh0,#0x00
4c3dc:  00000000           addb rh0,#0x00
4c3e0:  00000000           addb rh0,#0x00
4c3e4:  00000000           addb rh0,#0x00
4c3e8:  00000000           addb rh0,#0x00
4c3ec:  00000000           addb rh0,#0x00
4c3f0:  00000000           addb rh0,#0x00
4c3f4:  00000000           addb rh0,#0x00
4c3f8:  00000000           addb rh0,#0x00
4c3fc:  00000000           addb rh0,#0x00
4c400:  00000000           addb rh0,#0x00
4c404:  00000000           addb rh0,#0x00
4c408:  00000000           addb rh0,#0x00
4c40c:  00000000           addb rh0,#0x00
4c410:  00000000           addb rh0,#0x00
4c414:  00000000           addb rh0,#0x00
4c418:  00000000           addb rh0,#0x00
4c41c:  00000000           addb rh0,#0x00
4c420:  00000000           addb rh0,#0x00
4c424:  00000000           addb rh0,#0x00
4c428:  00000000           addb rh0,#0x00
4c42c:  00000000           addb rh0,#0x00
4c430:  00000000           addb rh0,#0x00
4c434:  00000000           addb rh0,#0x00
4c438:  00000000           addb rh0,#0x00
4c43c:  00000000           addb rh0,#0x00
4c440:  00000000           addb rh0,#0x00
4c444:  00000000           addb rh0,#0x00
4c448:  00000000           addb rh0,#0x00
4c44c:  00000000           addb rh0,#0x00
4c450:  00000000           addb rh0,#0x00
4c454:  00000000           addb rh0,#0x00
4c458:  00000000           addb rh0,#0x00
4c45c:  00000000           addb rh0,#0x00
4c460:  00000000           addb rh0,#0x00
4c464:  00000000           addb rh0,#0x00
4c468:  00000000           addb rh0,#0x00
4c46c:  00000000           addb rh0,#0x00
4c470:  00000000           addb rh0,#0x00
4c474:  00000000           addb rh0,#0x00
4c478:  00000000           addb rh0,#0x00
4c47c:  00000000           addb rh0,#0x00
4c480:  00000000           addb rh0,#0x00
4c484:  00000000           addb rh0,#0x00
4c488:  00000000           addb rh0,#0x00
4c48c:  00000000           addb rh0,#0x00
4c490:  00000000           addb rh0,#0x00
4c494:  00000000           addb rh0,#0x00
4c498:  00000000           addb rh0,#0x00
4c49c:  00000000           addb rh0,#0x00
4c4a0:  00000000           addb rh0,#0x00
4c4a4:  00000000           addb rh0,#0x00
4c4a8:  00000000           addb rh0,#0x00
4c4ac:  00000000           addb rh0,#0x00
4c4b0:  00000000           addb rh0,#0x00
4c4b4:  00000000           addb rh0,#0x00
4c4b8:  00000000           addb rh0,#0x00
4c4bc:  00000000           addb rh0,#0x00
4c4c0:  00000000           addb rh0,#0x00
4c4c4:  00000000           addb rh0,#0x00
4c4c8:  00000000           addb rh0,#0x00
4c4cc:  00000000           addb rh0,#0x00
4c4d0:  00000000           addb rh0,#0x00
4c4d4:  00000000           addb rh0,#0x00
4c4d8:  00000000           addb rh0,#0x00
4c4dc:  00000000           addb rh0,#0x00
4c4e0:  00000000           addb rh0,#0x00
4c4e4:  00000000           addb rh0,#0x00
4c4e8:  00000000           addb rh0,#0x00
4c4ec:  00000000           addb rh0,#0x00
4c4f0:  00000000           addb rh0,#0x00
4c4f4:  00000000           addb rh0,#0x00
4c4f8:  00000000           addb rh0,#0x00
4c4fc:  00000000           addb rh0,#0x00
4c500:  00000000           addb rh0,#0x00
4c504:  00000000           addb rh0,#0x00
4c508:  2020               ldb rh0,@rr2
4c50a:  2020               ldb rh0,@rr2
4c50c:  48444335           xorb rh4,<<67>>0x0035(r4)
4c510:  45390000           or r9,<<0>>0x0000(r3)
4c514:  00000000           addb rh0,#0x00
4c518:  00000000           addb rh0,#0x00
4c51c:  00000000           addb rh0,#0x00
4c520:  00000000           addb rh0,#0x00
4c524:  00000000           addb rh0,#0x00
4c528:  00000000           addb rh0,#0x00
4c52c:  00000000           addb rh0,#0x00
4c530:  00000000           addb rh0,#0x00
4c534:  00000000           addb rh0,#0x00
4c538:  00000000           addb rh0,#0x00
4c53c:  00000000           addb rh0,#0x00
4c540:  00000000           addb rh0,#0x00
4c544:  00000000           addb rh0,#0x00
4c548:  00000000           addb rh0,#0x00
4c54c:  00000000           addb rh0,#0x00
4c550:  00000000           addb rh0,#0x00
4c554:  aaa1               decb rl2,#2
4c556:  00030000           addb rh3,#0x00
4c55a:  0065               addb rh5,@rr6
4c55c:  8200               subb rh0,rh0
4c55e:  4c1c               .word #0x4c1c
4c560:  00000000           addb rh0,#0x00
4c564:  00000001           addb rh0,#0x01
4c568:  00000000           addb rh0,#0x00
4c56c:  00000000           addb rh0,#0x00
4c570:  00000000           addb rh0,#0x00
4c574:  01000000           add r0,#0x0000
4c578:  02000001           subb rh0,#0x01
4c57c:  03000000           sub r0,#0x0000
4c580:  04000001           orb rh0,#0x01
4c584:  05000001           or r0,#0x0001
4c588:  ff00               dbjnz rl7,0xc58a
4c58a:  00000000           addb rh0,#0x00
4c58e:  00000000           addb rh0,#0x00
4c592:  00000000           addb rh0,#0x00
4c596:  00000000           addb rh0,#0x00
4c59a:  00000000           addb rh0,#0x00
4c59e:  00000000           addb rh0,#0x00
4c5a2:  00000000           addb rh0,#0x00
4c5a6:  00000000           addb rh0,#0x00
4c5aa:  00000000           addb rh0,#0x00
4c5ae:  00000000           addb rh0,#0x00
4c5b2:  00000000           addb rh0,#0x00
4c5b6:  00000000           addb rh0,#0x00
4c5ba:  00000000           addb rh0,#0x00
4c5be:  00000000           addb rh0,#0x00
4c5c2:  00000000           addb rh0,#0x00
4c5c6:  00000000           addb rh0,#0x00
4c5ca:  00000000           addb rh0,#0x00
4c5ce:  00000000           addb rh0,#0x00
4c5d2:  00000000           addb rh0,#0x00
4c5d6:  00000000           addb rh0,#0x00
4c5da:  00000000           addb rh0,#0x00
4c5de:  00000000           addb rh0,#0x00
4c5e2:  00000000           addb rh0,#0x00
4c5e6:  00000000           addb rh0,#0x00
4c5ea:  00000000           addb rh0,#0x00
4c5ee:  00000000           addb rh0,#0x00
4c5f2:  00000000           addb rh0,#0x00
4c5f6:  00000000           addb rh0,#0x00
4c5fa:  00000000           addb rh0,#0x00
4c5fe:  00000000           addb rh0,#0x00
