8ed00:  434b2054           sub r11,<<32>>0x0054(r4)
8ed04:  59504520           mult rr0,<<69>>0x0020(r5)
8ed08:  2620               bitb @rr2,#0
8ed0a:  424f4152           subb rl7,<<65>>0x0052(r4)
8ed0e:  44204144           orb rh0,<<65>>0x0044(r2)
8ed12:  44524553           orb rh2,<<69>>0x0053(r5)
8ed16:  5300               .word #0x5300
8ed18:  696e7400           inc <<116>>0x0000(r6),#15
8ed1c:  44524956           orb rh2,<<73>>0x0056(r5)
8ed20:  45204844           or r0,<<72>>0x0044(r2)
8ed24:  552d4844           popl <<72>>0x0044(r13),@rr2
8ed28:  4335202d           sub r5,<<32>>0x002d(r3)
8ed2c:  2044               ldb rh4,@rr4
8ed2e:  4941474e           xor r1,<<71>>0x004e(r4)
8ed32:  4f5354494320       ext4f #0x4f535449,<<67>>0x0020
8ed38:  424f4152           subb rl7,<<65>>0x0052(r4)
8ed3c:  44205445           orb rh0,<<84>>0x0045(r2)
8ed40:  53542020           push @rr5,<<32>>0x0020(r4)
8ed44:  4f522027534b       ext4f #0x4f522027,<<83>>0x004b
8ed4a:  49502720           xor r0,<<39>>0x0020(r5)
8ed4e:  544f2052           ldl rr15,<<32>>0x0052(r4)
8ed52:  45545552           or r4,<<85>>0x0052(r5)
8ed56:  4e20544f204d       ext4e #0x4e20544f,<<32>>0x004d
8ed5c:  454e5500           or r14,<<85>>0x0000(r4)
8ed60:  48495420           xorb rl1,<<84>>0x0020(r4)
8ed64:  2745               bit @rr4,#5
8ed66:  4e5445522720       ext4e #0x4e544552,<<39>>0x0020
8ed6c:  544f2047           ldl rr15,<<32>>0x0047(r4)
8ed70:  4f204f4e3136       ext4f #0x4f204f4e,<<49>>0x0036
8ed76:  2920               inc @rr2,#1
8ed78:  464f524d           andb rl7,<<82>>0x004d(r4)
8ed7c:  41542d52           add r4,<<45>>0x0052(r5)
8ed80:  45414420           or r1,<<68>>0x0020(r4)
8ed84:  2747               bit @rr4,#7
8ed86:  504c5827           cpl rr12,<<88>>0x0027(r4)
8ed8a:  204d               ldb rl5,@rr4
8ed8c:  494e494d           xor r14,<<73>>0x004d(r4)
8ed90:  554d2043           popl <<32>>0x0043(r13),@rr4
8ed94:  594c2e20           mult rr12,<<46>>0x0020(r4)
8ed98:  2020               ldb rh0,@rr2
8ed9a:  2020               ldb rh0,@rr2
8ed9c:  31352920           ld r5,rr3(#0x2920)
8eda0:  464f524d           andb rl7,<<82>>0x004d(r4)
8eda4:  2d57               ex r7,@rr5
8eda6:  522d5244           subl rr13,<<82>>0x0044(r2)
8edaa:  2057               ldb rh7,@rr5
8edac:  49544820           xor r4,<<72>>0x0020(r5)
8edb0:  57524f4e           pop <<79>>0x004e(r2),@rr5
8edb4:  47204944           and r0,<<73>>0x0044(r2)
8edb8:  454e542e           or r14,<<84>>0x002e(r4)
8edbc:  43594c20           sub r9,<<76>>0x0020(r5)
8edc0:  2020               ldb rh0,@rr2
8edc2:  2020               ldb rh0,@rr2
8edc4:  31342920           ld r4,rr3(#0x2920)
8edc8:  47454e45           and r5,<<78>>0x0045(r4)
8edcc:  522e4552           subl rr14,<<69>>0x0052(r2)
8edd0:  524f5220           subl rr15,<<82>>0x0020(r4)
8edd4:  464f5220           andb rl7,<<82>>0x0020(r4)
8edd8:  2745               bit @rr4,#5
8edda:  43432720           sub r3,<<39>>0x0020(r4)
8edde:  54455354           ldl rr5,<<83>>0x0054(r4)
8ede2:  2043               ldb rh3,@rr4
8ede4:  594c2e20           mult rr12,<<46>>0x0020(r4)
8ede8:  2020               ldb rh0,@rr2
8edea:  2020               ldb rh0,@rr2
8edec:  31332920           ld r3,rr3(#0x2920)
8edf0:  57522d52           pop <<45>>0x0052(r2),@rr5
8edf4:  442d5645           orb rl5,<<86>>0x0045(r2)
8edf8:  522e204e           subl rr14,<<32>>0x004e(r2)
8edfc:  4f2d4552522d       ext4f #0x4f2d4552,<<82>>0x002d
8ee02:  46524545           andb rh2,<<69>>0x0045(r5)
8ee06:  2054               ldb rh4,@rr5
8ee08:  524b2043           subl rr11,<<32>>0x0043(r4)
8ee0c:  594c2e20           mult rr12,<<46>>0x0020(r4)
8ee10:  2020               ldb rh0,@rr2
8ee12:  2020               ldb rh0,@rr2
8ee14:  31322920           ld r2,rr3(#0x2920)
8ee18:  57522d52           pop <<45>>0x0052(r2),@rr5
8ee1c:  442d5645           orb rl5,<<86>>0x0045(r2)
8ee20:  522e2045           subl rr14,<<32>>0x0045(r2)
8ee24:  52524f52           subl rr2,<<79>>0x0052(r5)
8ee28:  2d46               ex r6,@rr4
8ee2a:  52454520           subl rr5,<<69>>0x0020(r4)
8ee2e:  2054               ldb rh4,@rr5
8ee30:  524b2043           subl rr11,<<32>>0x0043(r4)
8ee34:  594c2e20           mult rr12,<<46>>0x0020(r4)
8ee38:  2020               ldb rh0,@rr2
8ee3a:  2020               ldb rh0,@rr2
8ee3c:  31312920           ld r1,rr3(#0x2920)
8ee40:  56455249           addl rr5,<<82>>0x0049(r4)
8ee44:  46592044           andb rl1,<<32>>0x0044(r5)
8ee48:  41544120           add r4,<<65>>0x0020(r5)
8ee4c:  44494646           orb rl1,<<70>>0x0046(r4)
8ee50:  2e20               ldb @rr2,rh0
8ee52:  544f2052           ldl rr15,<<32>>0x0052(r4)
8ee56:  45414420           or r1,<<68>>0x0020(r4)
8ee5a:  2043               ldb rh3,@rr4
8ee5c:  594c2e20           mult rr12,<<46>>0x0020(r4)
8ee60:  2020               ldb rh0,@rr2
8ee62:  2020               ldb rh0,@rr2
8ee64:  31302920           ld r0,rr3(#0x2920)
8ee68:  52454144           subl rr5,<<65>>0x0044(r4)
8ee6c:  2049               ldb rl1,@rr4
8ee6e:  44454e54           orb rh5,<<78>>0x0054(r4)
8ee72:  2e44               ldb @rr4,rh4
8ee74:  4946462e           xor r6,<<70>>0x002e(r4)
8ee78:  2054               ldb rh4,@rr5
8ee7a:  4f2053544f52       ext4f #0x4f205354,<<79>>0x0052
8ee80:  45442043           or r4,<<32>>0x0043(r4)
8ee84:  594c2e20           mult rr12,<<46>>0x0020(r4)
8ee88:  2020               ldb rh0,@rr2
8ee8a:  2020               ldb rh0,@rr2
8ee8c:  3929               .word #0x3929
8ee8e:  2046               ldb rh6,@rr4
8ee90:  4f524d2d5244       ext4f #0x4f524d2d,<<82>>0x0044
8ee96:  2d56               ex r6,@rr5
8ee98:  45522e20           or r2,<<46>>0x0020(r5)
8ee9c:  4552524f           or r2,<<82>>0x004f(r5)
8eea0:  522d4652           subl rr13,<<70>>0x0052(r2)
8eea4:  45452054           or r5,<<32>>0x0054(r4)
8eea8:  524b2043           subl rr11,<<32>>0x0043(r4)
8eeac:  594c2e20           mult rr12,<<46>>0x0020(r4)
8eeb0:  2020               ldb rh0,@rr2
8eeb2:  2020               ldb rh0,@rr2
8eeb4:  3829               .word #0x3829
8eeb6:  2052               ldb rh2,@rr5
8eeb8:  4541442f           or r1,<<68>>0x002f(r4)
8eebc:  56455249           addl rr5,<<82>>0x0049(r4)
8eec0:  46592052           andb rl1,<<32>>0x0052(r5)
8eec4:  45414420           or r1,<<68>>0x0020(r4)
8eec8:  43594c2e           sub r9,<<76>>0x002e(r5)
8eecc:  204f               ldb rl7,@rr4
8eece:  4e4c593b2043       ext4e #0x4e4c593b,<<32>>0x0043
8eed4:  594c2e20           mult rr12,<<46>>0x0020(r4)
8eed8:  2020               ldb rh0,@rr2
8eeda:  2020               ldb rh0,@rr2
8eedc:  37292054           ldl rr2(#0x2054),rr9
8eee0:  494d4553           xor r13,<<69>>0x0053(r4)
8eee4:  45454b2b           or r5,<<75>>0x002b(r4)
8eee8:  54494d45           ldl rr9,<<77>>0x0045(r4)
8eeec:  524f542b           subl rr15,<<84>>0x002b(r4)
8eef0:  52454144           subl rr5,<<65>>0x0044(r4)
8eef4:  49442043           xor r4,<<32>>0x0043(r4)
8eef8:  594c2e30           mult rr12,<<46>>0x0030(r4)
8eefc:  2054               ldb rh4,@rr5
8eefe:  4f20454e4420       ext4f #0x4f20454e,<<68>>0x0020
8ef04:  3629               .word #0x3629
8ef06:  2054               ldb rh4,@rr5
8ef08:  45535420           or r3,<<84>>0x0020(r5)
8ef0c:  484f4d45           xorb rl7,<<77>>0x0045(r4)
8ef10:  2b54               dec @rr5,#5
8ef12:  494d4552           xor r13,<<69>>0x0052(r4)
8ef16:  4f542b524541       ext4f #0x4f542b52,<<69>>0x0041
8ef1c:  4449442b           orb rl1,<<68>>0x002b(r4)
8ef20:  53544432           push @rr5,<<68>>0x0032(r4)
8ef24:  343a4359           lda rr10,rr3(#0x4359)
8ef28:  4c2e               .word #0x4c2e
8ef2a:  30203529           ldb rh0,rr2(#0x3529)
8ef2e:  2054               ldb rh4,@rr5
8ef30:  45535420           or r3,<<84>>0x0020(r5)
8ef34:  444d4120           orb rl5,<<65>>0x0020(r4)
8ef38:  2620               bitb @rr2,#0
8ef3a:  52414d20           subl rr1,<<77>>0x0020(r4)
8ef3e:  2620               bitb @rr2,#0
8ef40:  4153532e           add r3,<<83>>0x002e(r5)
8ef44:  41444452           add r4,<<68>>0x0052(r4)
8ef48:  45535320           or r3,<<83>>0x0020(r5)
8ef4c:  434f554e           sub r15,<<85>>0x004e(r4)
8ef50:  54455220           ldl rr5,<<82>>0x0020(r4)
8ef54:  34292054           lda rr9,rr2(#0x2054)
8ef58:  45535420           or r3,<<84>>0x0020(r5)
8ef5c:  3832               .word #0x3832
8ef5e:  35332054           ldl rr3,rr3(#0x2054)
8ef62:  494d4552           xor r13,<<69>>0x0052(r4)
8ef66:  2026               ldb rh6,@rr2
8ef68:  2044               ldb rh4,@rr4
8ef6a:  4d4120545241       cp <<32>>0x0054(r4),#0x5241
8ef70:  4e5346455220       ext4e #0x4e534645,<<82>>0x0020
8ef76:  4c4f               .word #0x4c4f
8ef78:  47494320           and r9,<<67>>0x0020(r4)
8ef7c:  33292050           ld rr2(#0x2050),r9
8ef80:  524f4752           subl rr15,<<71>>0x0052(r4)
8ef84:  414d2027           add r13,<<32>>0x0027(r4)
8ef88:  4e4543272026       ext4e #0x4e454327,<<32>>0x0026
8ef8e:  2057               ldb rh7,@rr5
8ef90:  52495445           subl rr9,<<84>>0x0045(r4)
8ef94:  2f52               ld @rr5,r2
8ef96:  45414420           or r1,<<68>>0x0020(r4)
8ef9a:  2746               bit @rr4,#6
8ef9c:  49464f27           xor r6,<<79>>0x0027(r4)
8efa0:  2020               ldb rh0,@rr2
8efa2:  2020               ldb rh0,@rr2
8efa4:  32292047           ldb rr2(#0x2047),rl1
8efa8:  454e4552           or r14,<<69>>0x0052(r4)
8efac:  41544520           add r4,<<69>>0x0020(r5)
8efb0:  494e5445           xor r14,<<84>>0x0045(r4)
8efb4:  52525550           subl rr2,<<85>>0x0050(r5)
8efb8:  5420414e           ldl rr0,<<65>>0x004e(r2)
8efbc:  44205445           orb rh0,<<84>>0x0045(r2)
8efc0:  53542056           push @rr5,<<32>>0x0056(r4)
8efc4:  4543544f           or r3,<<84>>0x004f(r4)
8efc8:  52532020           subl rr3,<<32>>0x0020(r5)
8efcc:  31292053           ld r9,rr2(#0x2053)
8efd0:  4c4f               .word #0x4c4f
8efd2:  54205445           ldl rr0,<<84>>0x0045(r2)
8efd6:  53542d43           push @rr5,<<45>>0x0043(r4)
8efda:  4845434b           xorb rh5,<<67>>0x004b(r4)
8efde:  2054               ldb rh4,@rr5
8efe0:  59504520           mult rr0,<<69>>0x0020(r5)
8efe4:  2620               bitb @rr2,#0
8efe6:  424f4152           subb rl7,<<65>>0x0052(r4)
8efea:  44204144           orb rh0,<<65>>0x0044(r2)
8efee:  44524553           orb rh2,<<69>>0x0053(r5)
8eff2:  53204844           push @rr2,<<72>>0x0044
8eff6:  43353035           sub r5,<<48>>0x0035(r3)
8effa:  44524956           orb rh2,<<73>>0x0056(r5)
8effe:  45204844           or r0,<<72>>0x0044(r2)
8f002:  552d4844           popl <<72>>0x0044(r13),@rr2
8f006:  4335202d           sub r5,<<32>>0x002d(r3)
8f00a:  2044               ldb rh4,@rr4
8f00c:  4941474e           xor r1,<<71>>0x004e(r4)
8f010:  4f5354494320       ext4f #0x4f535449,<<67>>0x0020
8f016:  424f4152           subb rl7,<<65>>0x0052(r4)
8f01a:  44205445           orb rh0,<<84>>0x0045(r2)
8f01e:  53542020           push @rr5,<<32>>0x0020(r4)
8f022:  444f2059           orb rl7,<<32>>0x0059(r4)
8f026:  4f552057414e       ext4f #0x4f552057,<<65>>0x004e
8f02c:  54204449           ldl rr0,<<68>>0x0049(r2)
8f030:  53502e53           push @rr5,<<46>>0x0053
8f034:  4543542e           or r3,<<84>>0x002e(r4)
8f038:  2042               ldb rh2,@rr4
8f03a:  55462e20           popl <<46>>0x0020(r6),@rr4
8f03e:  3f20               out @r2,r0
8f040:  2020               ldb rh0,@rr2
8f042:  2020               ldb rh0,@rr2
8f044:  2020               ldb rh0,@rr2
8f046:  30203d20           ldb rh0,rr2(#0x3d20)
8f04a:  4e4f20202020       ext4e #0x4e4f2020,<<32>>0x0020
8f050:  2031               ldb rh1,@rr3
8f052:  203d               ldb rl5,@rr3
8f054:  2059               ldb rl1,@rr5
8f056:  45532020           or r3,<<32>>0x0020(r5)
8f05a:  2020               ldb rh0,@rr2
8f05c:  76696400           lda rr9,<<100>>0x0000(r6)
8f060:  50552020           cpl rr5,<<32>>0x0020(r5)
8f064:  4e414d452020       ext4e #0x4e414d45,<<32>>0x0020
8f06a:  2020               ldb rh0,@rr2
8f06c:  2020               ldb rh0,@rr2
8f06e:  2020               ldb rh0,@rr2
8f070:  2020               ldb rh0,@rr2
8f072:  2020               ldb rh0,@rr2
8f074:  2020               ldb rh0,@rr2
8f076:  2020               ldb rh0,@rr2
8f078:  2020               ldb rh0,@rr2
8f07a:  2020               ldb rh0,@rr2
8f07c:  2020               ldb rh0,@rr2
8f07e:  2020               ldb rh0,@rr2
8f080:  303d2050           ldb rl5,rr3(#0x2050)
8f084:  55203020           popl <<48>>0x0020,@rr2
8f088:  2020               ldb rh0,@rr2
8f08a:  2031               ldb rh1,@rr3
8f08c:  3d20               in r0,@r2
8f08e:  50552031           cpl rr5,<<32>>0x0031(r5)
8f092:  2020               ldb rh0,@rr2
8f094:  2020               ldb rh0,@rr2
8f096:  2020               ldb rh0,@rr2
8f098:  2020               ldb rh0,@rr2
8f09a:  76696400           lda rr9,<<100>>0x0000(r6)
8f09e:  534c4f54           push @rr4,<<79>>0x0054(r12)
8f0a2:  204e               ldb rl6,@rr4
8f0a4:  414d4520           add r13,<<69>>0x0020(r4)
8f0a8:  2020               ldb rh0,@rr2
8f0aa:  2020               ldb rh0,@rr2
8f0ac:  2020               ldb rh0,@rr2
8f0ae:  2020               ldb rh0,@rr2
8f0b0:  2020               ldb rh0,@rr2
8f0b2:  2020               ldb rh0,@rr2
8f0b4:  2020               ldb rh0,@rr2
8f0b6:  2020               ldb rh0,@rr2
8f0b8:  2020               ldb rh0,@rr2
8f0ba:  2020               ldb rh0,@rr2
8f0bc:  2020               ldb rh0,@rr2
8f0be:  2020               ldb rh0,@rr2
8f0c0:  2020               ldb rh0,@rr2
8f0c2:  2032               ldb rh2,@rr3
8f0c4:  2044               ldb rh4,@rr4
8f0c6:  4543494d           or r3,<<73>>0x004d(r4)
8f0ca:  414c2043           add r12,<<32>>0x0043(r4)
8f0ce:  48415253           xorb rh1,<<82>>0x0053(r4)
8f0d2:  2020               ldb rh0,@rr2
8f0d4:  2020               ldb rh0,@rr2
8f0d6:  2020               ldb rh0,@rr2
8f0d8:  76696400           lda rr9,<<100>>0x0000(r6)
8f0dc:  3d3d               in r13,@r3
8f0de:  3d3d               in r13,@r3
8f0e0:  3d3d               in r13,@r3
8f0e2:  3d3d               in r13,@r3
8f0e4:  3d3d               in r13,@r3
8f0e6:  3d3d               in r13,@r3
8f0e8:  3d3d               in r13,@r3
8f0ea:  3d3d               in r13,@r3
8f0ec:  3d3d               in r13,@r3
8f0ee:  3d3d               in r13,@r3
8f0f0:  3d3d               in r13,@r3
8f0f2:  3d3d               in r13,@r3
8f0f4:  3d3d               in r13,@r3
8f0f6:  3d3d               in r13,@r3
8f0f8:  3d3d               in r13,@r3
8f0fa:  3d3d               in r13,@r3
8f0fc:  3d3d               in r13,@r3
8f0fe:  3d3d               in r13,@r3
8f100:  3d3d               in r13,@r3
8f102:  3d00               in r0,@r0
8f104:  2020               ldb rh0,@rr2
8f106:  2050               ldb rh0,@rr5
8f108:  4152414d           add r2,<<65>>0x004d(r5)
8f10c:  45544552           or r4,<<69>>0x0052(r5)
8f110:  53202020           push @rr2,<<32>>0x0020
8f114:  2020               ldb rh0,@rr2
8f116:  2020               ldb rh0,@rr2
8f118:  2020               ldb rh0,@rr2
8f11a:  2020               ldb rh0,@rr2
8f11c:  2020               ldb rh0,@rr2
8f11e:  44454641           orb rh5,<<70>>0x0041(r4)
8f122:  554c5420           popl <<84>>0x0020(r12),@rr4
8f126:  56414c55           addl rr1,<<76>>0x0055(r4)
8f12a:  45002a2a           or r0,<<42>>0x002a
8f12e:  204e               ldb rl6,@rr4
8f130:  4f4e204d4153       ext4f #0x4f4e204d,<<65>>0x0053
8f136:  4b41424c           cp r1,<<66>>0x004c(r4)
8f13a:  4520494e           or r0,<<73>>0x004e(r2)
8f13e:  54455252           ldl rr5,<<82>>0x0052(r4)
8f142:  55505420           popl <<84>>0x0020,@rr5
8f146:  2a2a               decb @rr2,#11
8f148:  2a2a               decb @rr2,#11
8f14a:  2053               ldb rh3,@rr5
8f14c:  45474d45           or r7,<<77>>0x0045(r4)
8f150:  4e5420545241       ext4e #0x4e542054,<<82>>0x0041
8f156:  50202a2a           cpl rr0,<<42>>0x002a(r2)
8f15a:  2a2a               decb @rr2,#11
8f15c:  2050               ldb rh0,@rr5
8f15e:  52495649           subl rr9,<<86>>0x0049(r4)
8f162:  4c4547454420       ldb <<71>>0x0045(r4),#0x20
8f168:  494e5354           xor r14,<<83>>0x0054(r4)
8f16c:  52554354           subl rr5,<<67>>0x0054(r5)
8f170:  494f4e20           xor r15,<<78>>0x0020(r4)
8f174:  54524150           ldl rr2,<<65>>0x0050(r5)
8f178:  202a               ldb rl2,@rr2
8f17a:  2a00               .word #0x2a00
8f17c:  696e7400           inc <<116>>0x0000(r6),#15
8f180:  76696400           lda rr9,<<100>>0x0000(r6)
8f184:  76696400           lda rr9,<<100>>0x0000(r6)
8f188:  65727200           set <<114>>0x0000(r7),#2
8f18c:  2020               ldb rh0,@rr2
8f18e:  2020               ldb rh0,@rr2
8f190:  2020               ldb rh0,@rr2
8f192:  2020               ldb rh0,@rr2
8f194:  2020               ldb rh0,@rr2
8f196:  2020               ldb rh0,@rr2
8f198:  2020               ldb rh0,@rr2
8f19a:  2020               ldb rh0,@rr2
8f19c:  2020               ldb rh0,@rr2
8f19e:  2020               ldb rh0,@rr2
8f1a0:  2020               ldb rh0,@rr2
8f1a2:  2020               ldb rh0,@rr2
8f1a4:  2020               ldb rh0,@rr2
8f1a6:  2020               ldb rh0,@rr2
8f1a8:  2020               ldb rh0,@rr2
8f1aa:  2020               ldb rh0,@rr2
8f1ac:  2020               ldb rh0,@rr2
8f1ae:  2020               ldb rh0,@rr2
8f1b0:  20007669           ldb rh0,#0x69
8f1b4:  64007669           setb <<118>>0x0069,#0
8f1b8:  64007669           setb <<118>>0x0069,#0
8f1bc:  64007669           setb <<118>>0x0069,#0
8f1c0:  64007669           setb <<118>>0x0069,#0
8f1c4:  64005245           setb <<82>>0x0045,#0
8f1c8:  41442020           add r4,<<32>>0x0020(r4)
8f1cc:  4e53543d7669       ext4e #0x4e53543d,<<118>>0x0069
8f1d2:  64005752           setb <<87>>0x0052,#0
8f1d6:  49544520           xor r4,<<69>>0x0020(r5)
8f1da:  4e53543d7669       ext4e #0x4e53543d,<<118>>0x0069
8f1e0:  64005645           setb <<86>>0x0045,#0
8f1e4:  5249462e           subl rr9,<<70>>0x002e(r4)
8f1e8:  4e53543d7669       ext4e #0x4e53543d,<<118>>0x0069
8f1ee:  6400464f           setb <<70>>0x004f,#0
8f1f2:  524d4154           subl rr13,<<65>>0x0054(r4)
8f1f6:  2054               ldb rh4,@rr5
8f1f8:  5241434b           subl rr1,<<67>>0x004b(r4)
8f1fc:  76696400           lda rr9,<<100>>0x0000(r6)
8f200:  52454144           subl rr5,<<65>>0x0044(r4)
8f204:  204c               ldb rl4,@rr4
8f206:  4f4e47202020       ext4f #0x4f4e4720,<<32>>0x0020
8f20c:  76696400           lda rr9,<<100>>0x0000(r6)
8f210:  57524954           pop <<73>>0x0054(r2),@rr5
8f214:  454c4f4e           or r12,<<79>>0x004e(r4)
8f218:  47202020           and r0,<<32>>0x0020(r2)
8f21c:  76696400           lda rr9,<<100>>0x0000(r6)
8f220:  52454144           subl rr5,<<65>>0x0044(r4)
8f224:  2049               ldb rl1,@rr4
8f226:  44454e2e           orb rh5,<<78>>0x002e(r4)
8f22a:  2020               ldb rh0,@rr2
8f22c:  76696400           lda rr9,<<100>>0x0000(r6)
8f230:  434f4d4d           sub r15,<<77>>0x004d(r4)
8f234:  414e4420           add r14,<<68>>0x0020(r4)
8f238:  52455350           subl rr5,<<83>>0x0050(r4)
8f23c:  4f4e53452041       ext4f #0x4f4e5345,<<32>>0x0041
8f242:  52524159           subl rr2,<<65>>0x0059(r5)
8f246:  203a               ldb rl2,@rr3
8f248:  204d               ldb rl5,@rr4
8f24a:  41582e00           add r8,<<46>>0x0000(r5)
8f24e:  45585045           or r8,<<80>>0x0045(r5)
8f252:  43544544           sub r4,<<69>>0x0044(r5)
8f256:  2042               ldb rh2,@rr4
8f258:  45545745           or r4,<<87>>0x0045(r5)
8f25c:  454e204d           or r14,<<32>>0x004d(r4)
8f260:  494e2e00           xor r14,<<46>>0x0000(r4)
8f264:  2044               ldb rh4,@rr4
8f266:  41544120           add r4,<<65>>0x0020(r5)
8f26a:  464f554e           andb rl7,<<85>>0x004e(r4)
8f26e:  44203d00           orb rh0,<<61>>0x0000(r2)
8f272:  44415441           orb rh1,<<84>>0x0041(r4)
8f276:  2045               ldb rh5,@rr4
8f278:  58504543           multl rq0,<<69>>0x0043(r5)
8f27c:  5445443d           ldl rr5,<<68>>0x003d(r4)
8f280:  2050               ldb rh0,@rr5
8f282:  48595349           xorb rl1,<<83>>0x0049(r5)
8f286:  432e3d00           sub r14,<<61>>0x0000(r2)
8f28a:  41444452           add r4,<<68>>0x0052(r4)
8f28e:  2e4c               ldb @rr4,rl4
8f290:  4f4749432e20       ext4f #0x4f474943,<<46>>0x0020
8f296:  574f5244           pop <<82>>0x0044(r15),@rr4
8f29a:  3d00               in r0,@r0
8f29c:  2042               ldb rh2,@rr4
8f29e:  5954453d           mult rr4,<<69>>0x003d(r5)
8f2a2:  41444452           add r4,<<68>>0x0052(r4)
8f2a6:  2e42               ldb @rr4,rh2
8f2a8:  4f4152442052       ext4f #0x4f415244,<<32>>0x0052
8f2ae:  414d2857           add r13,<<40>>0x0057(r4)
8f2b2:  4f5244293d00       ext4f #0x4f524429,<<61>>0x0000
8f2b8:  2042               ldb rh2,@rr4
8f2ba:  5954453d           mult rr4,<<69>>0x003d(r5)
8f2be:  41444452           add r4,<<68>>0x0052(r4)
8f2c2:  2e53               ldb @rr5,rh3
8f2c4:  59532e52           mult rr3,<<46>>0x0052(r5)
8f2c8:  414d2857           add r13,<<40>>0x0057(r4)
8f2cc:  4f5244293d00       ext4f #0x4f524429,<<61>>0x0000
8f2d2:  4552524f           or r2,<<82>>0x004f(r5)
8f2d6:  52204e4f           subl rr0,<<78>>0x004f(r2)
8f2da:  5420504f           ldl rr0,<<80>>0x004f(r2)
8f2de:  53534942           push @rr5,<<73>>0x0042(r3)
8f2e2:  4c4550524f47       ldb <<80>>0x0052(r4),#0x47
8f2e8:  2e47               ldb @rr4,rh7
8f2ea:  504c3630           cpl rr12,<<54>>0x0030(r4)
8f2ee:  50524f47           cpl rr2,<<79>>0x0047(r5)
8f2f2:  2e47               ldb @rr4,rh7
8f2f4:  504c3430           cpl rr12,<<52>>0x0030(r4)
8f2f8:  52455345           subl rr5,<<83>>0x0045(r4)
8f2fc:  5420424f           ldl rr0,<<66>>0x004f(r2)
8f300:  41524400           add r2,<<68>>0x0000(r5)
8f304:  52554e2d           subl rr5,<<78>>0x002d(r5)
8f308:  434f4d4d           sub r15,<<77>>0x004d(r4)
8f30c:  414e4400           add r14,<<68>>0x0000(r4)
8f310:  2753               bit @rr5,#3
8f312:  54415455           ldl rr1,<<84>>0x0055(r4)
8f316:  53272045           push @rr2,<<32>>0x0045(r7)
8f31a:  52524f52           subl rr2,<<79>>0x0052(r5)
8f31e:  2041               ldb rh1,@rr4
8f320:  46544552           andb rh4,<<69>>0x0052(r5)
8f324:  20002045           ldb rh0,#0x45
8f328:  4e443d004449       ext4e #0x4e443d00,<<68>>0x0049
8f32e:  41472e43           add r7,<<46>>0x0043(r4)
8f332:  4f442845582d       ext4f #0x4f442845,<<88>>0x002d
8f338:  56414c55           addl rr1,<<76>>0x0055(r4)
8f33c:  45292043           or r9,<<32>>0x0043(r2)
8f340:  4d442053           test <<32>>0x0053(r4)
8f344:  54415254           ldl rr1,<<82>>0x0054(r4)
8f348:  3d00               in r0,@r0
8f34a:  434f4d4d           sub r15,<<77>>0x004d(r4)
8f34e:  414e4420           add r14,<<68>>0x0020(r4)
8f352:  4e4f5420434f       ext4e #0x4e4f5420,<<67>>0x004f
8f358:  52524543           subl rr2,<<69>>0x0043(r5)
8f35c:  543d0b3a           ldl rr13,<<11>>0x003a(r3)
8f360:  09020920           xor r2,#0x0920
8f364:  093e               xor r14,@rr3
8f366:  095c               xor r12,@rr5
8f368:  097a               xor r10,@rr7
8f36a:  0998               xor r8,@rr9
8f36c:  09b6               xor r6,@rr11
8f36e:  09d4               xor r4,@rr13
8f370:  09f2               xor r2,@rr15
8f372:  0a10               cpb rh0,@rr1
8f374:  0a2e               cpb rl6,@rr2
8f376:  0a4c               cpb rl4,@rr4
8f378:  0a6a               cpb rl2,@rr6
8f37a:  0a84               cpb rh4,@rr8
8f37c:  0a9e               cpb rl6,@rr9
8f37e:  0ab8               cpb rl0,@rr11
8f380:  0ad2               cpb rh2,@rr13
8f382:  0aec               cpb rl4,@rr14
8f384:  0b060b20           cp r6,#0x0b20
8f388:  4552524f           or r2,<<82>>0x004f(r5)
8f38c:  52204e4f           subl rr0,<<78>>0x004f(r2)
8f390:  5420504f           ldl rr0,<<80>>0x004f(r2)
8f394:  53534942           push @rr5,<<73>>0x0042(r3)
8f398:  4c4545525353       ldb <<69>>0x0052(r4),#0x53
8f39e:  20004844           ldb rh0,#0x44
8f3a2:  43455200           sub r5,<<82>>0x0000(r4)
8f3a6:  474f4f43           and r15,<<79>>0x0043(r4)
8f3aa:  4300504f           sub r0,<<80>>0x004f
8f3ae:  57462000           pop <<32>>0x0000(r6),@rr4
8f3b2:  45524d45           or r2,<<77>>0x0045(r5)
8f3b6:  20004552           ldb rh0,#0x52
8f3ba:  544f2000           ldl rr15,<<32>>0x0000(r4)
8f3be:  45524c4c           or r2,<<76>>0x004c(r5)
8f3c2:  20005550           ldb rh0,#0x50
8f3c6:  4f4343005550       ext4f #0x4f434300,<<85>>0x0050
8f3cc:  4e534c00534b       ext4e #0x4e534c00,<<83>>0x004b
8f3d2:  45522000           or r2,<<32>>0x0000(r5)
8f3d6:  55504e52           popl <<78>>0x0052,@rr5
8f3da:  44004641           orb rh0,<<70>>0x0041
8f3de:  554c5400           popl <<84>>0x0000(r12),@rr4
8f3e2:  55504153           popl <<65>>0x0053,@rr5
8f3e6:  20004552           ldb rh0,#0x52
8f3ea:  434f2000           sub r15,<<32>>0x0000(r4)
8f3ee:  45524352           or r2,<<67>>0x0052(r5)
8f3f2:  43004552           sub r0,<<69>>0x0052
8f3f6:  44414d00           orb rh1,<<77>>0x0000(r4)
8f3fa:  45524941           or r2,<<73>>0x0041(r5)
8f3fe:  4d004552           com <<69>>0x0052
8f402:  43454e00           sub r5,<<78>>0x0000(r4)
8f406:  45524345           or r2,<<67>>0x0045(r5)
8f40a:  43004552           sub r0,<<69>>0x0052
8f40e:  53452000           push @rr4,<<32>>0x0000(r5)
8f412:  4e4f20455252       ext4e #0x4e4f2045,<<82>>0x0052
8f418:  4f5253005445       ext4f #0x4f525300,<<84>>0x0045
8f41e:  53542053           push @rr5,<<32>>0x0053(r4)
8f422:  544f5050           ldl rr15,<<80>>0x0050(r4)
8f426:  45442d45           or r4,<<45>>0x0045(r4)
8f42a:  52524f52           subl rr2,<<79>>0x0052(r5)
8f42e:  2043               ldb rh3,@rr4
8f430:  4f4e44495449       ext4f #0x4f4e4449,<<84>>0x0049
8f436:  4f4e3d00444d       ext4f #0x4f4e3d00,<<68>>0x004d
8f43c:  41204652           add r0,<<70>>0x0052(r2)
8f440:  4f4d20424f41       ext4f #0x4f4d2042,<<79>>0x0041
8f446:  52442052           subl rr4,<<32>>0x0052(r4)
8f44a:  414d2054           add r13,<<32>>0x0054(r4)
8f44e:  4f2053595354       ext4f #0x4f205359,<<83>>0x0054
8f454:  454d2052           or r13,<<32>>0x0052(r4)
8f458:  414d444d           add r13,<<68>>0x004d(r4)
8f45c:  41204652           add r0,<<70>>0x0052(r2)
8f460:  4f4d20535953       ext4f #0x4f4d2053,<<89>>0x0053
8f466:  54454d20           ldl rr5,<<77>>0x0020(r4)
8f46a:  52414d20           subl rr1,<<77>>0x0020(r4)
8f46e:  544f2042           ldl rr15,<<32>>0x0042(r4)
8f472:  4f4152442052       ext4f #0x4f415244,<<32>>0x0052
8f478:  414d5359           add r13,<<83>>0x0059(r4)
8f47c:  5354454d           push @rr5,<<69>>0x004d(r4)
8f480:  2052               ldb rh2,@rr5
8f482:  414d2050           add r13,<<32>>0x0050(r4)
8f486:  48595349           xorb rl1,<<83>>0x0049(r5)
8f48a:  432e4144           sub r14,<<65>>0x0044(r2)
8f48e:  44524553           orb rh2,<<69>>0x0053(r5)
8f492:  533d5359           push @rr3,<<83>>0x0059(r13)
8f496:  5354454d           push @rr5,<<69>>0x004d(r4)
8f49a:  2052               ldb rh2,@rr5
8f49c:  414d204c           add r13,<<32>>0x004c(r4)
8f4a0:  4f4749432020       ext4f #0x4f474943,<<32>>0x0020
8f4a6:  41444452           add r4,<<68>>0x0052(r4)
8f4aa:  4553533d           or r3,<<83>>0x003d(r5)
8f4ae:  54524153           ldl rr2,<<65>>0x0053(r5)
8f4b2:  46455220           andb rh5,<<82>>0x0020(r4)
8f4b6:  4c454e475448       ldb <<78>>0x0047(r4),#0x48
8f4bc:  2028               ldb rl0,@rr2
8f4be:  494e2057           xor r14,<<32>>0x0057(r4)
8f4c2:  4f524453293d       ext4f #0x4f524453,<<41>>0x003d
8f4c8:  41542045           add r4,<<32>>0x0045(r5)
8f4cc:  4e44204f4620       ext4e #0x4e44204f,<<70>>0x0020
8f4d2:  5452414e           ldl rr2,<<65>>0x004e(r5)
8f4d6:  53464552           push @rr4,<<69>>0x0052(r6)
8f4da:  2044               ldb rh4,@rr4
8f4dc:  4d4120455252       cp <<32>>0x0045(r4),#0x5252
8f4e2:  4f523d006573       ext4f #0x4f523d00,<<101>>0x0073
8f4e8:  79002046           ldps <<32>>0x0046
8f4ec:  41494c45           add r9,<<76>>0x0045(r4)
8f4f0:  443d204f           orb rl5,<<32>>0x004f(r3)
8f4f4:  4b3d5445           cp r13,<<84>>0x0045(r3)
8f4f8:  53542043           push @rr5,<<32>>0x0043(r4)
8f4fc:  59434c45           mult rr3,<<76>>0x0045(r4)
8f500:  533d2020           push @rr3,<<32>>0x0020(r13)
8f504:  2020               ldb rh0,@rr2
8f506:  53544550           push @rr5,<<69>>0x0050(r4)
8f50a:  203d               ldb rl5,@rr3
8f50c:  20004552           ldb rh0,#0x52
8f510:  524f5220           subl rr15,<<82>>0x0020(r4)
8f514:  494e2054           xor r14,<<32>>0x0054(r4)
8f518:  45535420           or r3,<<84>>0x0020(r5)
8f51c:  3d20               in r0,@r2
8f51e:  2046               ldb rh6,@rr4
8f520:  41494c45           add r9,<<76>>0x0045(r4)
8f524:  443d6573           orb rl5,<<101>>0x0073(r3)
8f528:  7900204f           ldps <<32>>0x004f
8f52c:  4b3d6573           cp r13,<<101>>0x0073(r3)
8f530:  79005445           ldps <<84>>0x0045
8f534:  53542043           push @rr5,<<32>>0x0043(r4)
8f538:  59434c45           mult rr3,<<76>>0x0045(r4)
8f53c:  533d6573           push @rr3,<<101>>0x0073(r13)
8f540:  79002020           ldps <<32>>0x0020
8f544:  2020               ldb rh0,@rr2
8f546:  53544550           push @rr5,<<69>>0x0050(r4)
8f54a:  203d               ldb rl5,@rr3
8f54c:  20006573           ldb rh0,#0x73
8f550:  79004552           ldps <<69>>0x0052
8f554:  524f5220           subl rr15,<<82>>0x0020(r4)
8f558:  494e2054           xor r14,<<32>>0x0054(r4)
8f55c:  45535420           or r3,<<84>>0x0020(r5)
8f560:  3d20               in r0,@r2
8f562:  65737900           set <<121>>0x0000(r7),#3
8f566:  544f5441           ldl rr15,<<84>>0x0041(r4)
8f56a:  4c204359           comb <<67>>0x0059(r2)
8f56e:  434c4553           sub r12,<<69>>0x0053(r4)
8f572:  2046               ldb rh6,@rr4
8f574:  41494c45           add r9,<<76>>0x0045(r4)
8f578:  44203d00           orb rh0,<<61>>0x0000(r2)
8f57c:  65737900           set <<121>>0x0000(r7),#3
8f580:  544f5441           ldl rr15,<<84>>0x0041(r4)
8f584:  4c204359           comb <<67>>0x0059(r2)
8f588:  434c4553           sub r12,<<69>>0x0053(r4)
8f58c:  204f               ldb rl7,@rr4
8f58e:  4b202020           cp r0,<<32>>0x0020(r2)
8f592:  2020               ldb rh0,@rr2
8f594:  3d00               in r0,@r0
8f596:  65737900           set <<121>>0x0000(r7),#3
8f59a:  544f5441           ldl rr15,<<84>>0x0041(r4)
8f59e:  4c205047           comb <<80>>0x0047(r2)
8f5a2:  4d204359           com <<67>>0x0059(r2)
8f5a6:  434c4553           sub r12,<<69>>0x0053(r4)
8f5aa:  2020               ldb rh0,@rr2
8f5ac:  2020               ldb rh0,@rr2
8f5ae:  3d00               in r0,@r0
8f5b0:  65737900           set <<121>>0x0000(r7),#3
8f5b4:  44494147           orb rl1,<<65>>0x0047(r4)
8f5b8:  4e4f53544943       ext4e #0x4e4f5354,<<73>>0x0043
8f5be:  2020               ldb rh0,@rr2
8f5c0:  52455355           subl rr5,<<83>>0x0055(r4)
8f5c4:  4c54203a           testb <<32>>0x003a(r5)
8f5c8:  2048               ldb rl0,@rr4
8f5ca:  41524457           add r2,<<68>>0x0057(r5)
8f5ce:  41524520           add r2,<<69>>0x0020(r5)
8f5d2:  4f4b65737900       ext4f #0x4f4b6573,<<121>>0x0000
8f5d8:  44494147           orb rl1,<<65>>0x0047(r4)
8f5dc:  4e4f53544943       ext4e #0x4e4f5354,<<73>>0x0043
8f5e2:  2020               ldb rh0,@rr2
8f5e4:  52455355           subl rr5,<<83>>0x0055(r4)
8f5e8:  4c54203a           testb <<32>>0x003a(r5)
8f5ec:  2048               ldb rl0,@rr4
8f5ee:  41524457           add r2,<<68>>0x0057(r5)
8f5f2:  41524520           add r2,<<69>>0x0020(r5)
8f5f6:  4552524f           or r2,<<82>>0x004f(r5)
8f5fa:  52006573           subl rr0,<<101>>0x0073
8f5fe:  79002020           ldps <<32>>0x0020
8f602:  48495420           xorb rl1,<<84>>0x0020(r4)
8f606:  2745               bit @rr4,#5
8f608:  4e5445522720       ext4e #0x4e544552,<<39>>0x0020
8f60e:  544f2047           ldl rr15,<<32>>0x0047(r4)
8f612:  4f204f4e4750       ext4f #0x4f204f4e,<<71>>0x0050
8f618:  4c3147504c32       cpb <<71>>0x0050(r3),#0x32
8f61e:  47504c33           and r0,<<76>>0x0033(r5)
8f622:  2046               ldb rh6,@rr4
8f624:  4f5220494e44       ext4f #0x4f522049,<<78>>0x0044
8f62a:  45582d50           or r8,<<45>>0x0050(r5)
8f62e:  4c4c               .word #0x4c4c
8f630:  2053               ldb rh3,@rr5
8f632:  594e432d           mult rr14,<<67>>0x002d(r4)
8f636:  53454354           push @rr4,<<67>>0x0054(r5)
8f63a:  464f524d           andb rl7,<<82>>0x004d(r4)
8f63e:  41545449           add r4,<<84>>0x0049(r5)
8f642:  4e4720434f4d       ext4e #0x4e472043,<<79>>0x004d
8f648:  4d414e442055       cp <<78>>0x0044(r4),#0x2055
8f64e:  53455320           push @rr4,<<83>>0x0020(r5)
8f652:  54484953           ldl rr8,<<73>>0x0053(r4)
8f656:  2047               ldb rh7,@rr4
8f658:  41502056           add r0,<<32>>0x0056(r5)
8f65c:  414c5545           add r12,<<85>>0x0045(r4)
8f660:  2d20               ex r0,@rr2
8f662:  2054               ldb rh4,@rr5
8f664:  45535420           or r3,<<84>>0x0020(r5)
8f668:  534b4950           push @rr4,<<73>>0x0050(r11)
8f66c:  50454400           cpl rr5,<<68>>0x0000(r4)
8f670:  41524520           add r2,<<69>>0x0020(r5)
8f674:  4f4e20575249       ext4f #0x4f4e2057,<<82>>0x0049
8f67a:  54452043           ldl rr5,<<32>>0x0043(r4)
8f67e:  594c494e           mult rr12,<<73>>0x004e(r4)
8f682:  44455220           orb rh5,<<82>>0x0020(r4)
8f686:  4f4e4c59464f       ext4f #0x4f4e4c59,<<70>>0x004f
8f68c:  524d2042           subl rr13,<<32>>0x0042(r4)
8f690:  45434155           or r3,<<65>>0x0055(r4)
8f694:  53452045           push @rr4,<<32>>0x0045(r5)
8f698:  52524f52           subl rr2,<<79>>0x0052(r5)
8f69c:  2046               ldb rh6,@rr4
8f69e:  52454520           subl rr5,<<69>>0x0020(r4)
8f6a2:  54524143           ldl rr2,<<65>>0x0043(r5)
8f6a6:  4b285329           cp r8,<<83>>0x0029(r2)
8f6aa:  54484953           ldl rr8,<<73>>0x0053(r4)
8f6ae:  2050               ldb rh0,@rr5
8f6b0:  524f4752           subl rr15,<<71>>0x0052(r4)
8f6b4:  414d2049           add r13,<<32>>0x0049(r4)
8f6b8:  53204558           push @rr2,<<69>>0x0058
8f6bc:  45435554           or r3,<<85>>0x0054(r4)
8f6c0:  45442049           or r4,<<32>>0x0049(r4)
8f6c4:  4e2052454455       ext4e #0x4e205245,<<68>>0x0055
8f6ca:  43454400           sub r5,<<68>>0x0000(r4)
8f6ce:  2d20               ex r0,@rr2
8f6d0:  2057               ldb rh7,@rr5
8f6d2:  41524e49           add r2,<<78>>0x0049(r5)
8f6d6:  4e4720212048       ext4e #0x4e472021,<<32>>0x0048
8f6dc:  443d2053           orb rl5,<<32>>0x0053(r3)
8f6e0:  4543542e           or r3,<<84>>0x002e(r4)
8f6e4:  3d00               in r0,@r0
8f6e6:  2020               ldb rh0,@rr2
8f6e8:  41444452           add r4,<<68>>0x0052(r4)
8f6ec:  45535320           or r3,<<83>>0x0020(r5)
8f6f0:  76696400           lda rr9,<<100>>0x0000(r6)
8f6f4:  53544f52           push @rr5,<<79>>0x0052(r4)
8f6f8:  4520574f           or r0,<<87>>0x004f(r2)
8f6fc:  52442000           subl rr4,<<32>>0x0000(r4)
8f700:  76696400           lda rr9,<<100>>0x0000(r6)
8f704:  4c4f               .word #0x4c4f
8f706:  41442020           add r4,<<32>>0x0020(r4)
8f70a:  574f5244           pop <<82>>0x0044(r15),@rr4
8f70e:  20007669           ldb rh0,#0x69
8f712:  64002053           setb <<32>>0x0053,#0
8f716:  4543543d           or r3,<<84>>0x003d(r4)
8f71a:  2048               ldb rl0,@rr4
8f71c:  4541443d           or r1,<<68>>0x003d(r4)
8f720:  2043               ldb rh3,@rr4
8f722:  594c3d00           mult rr12,<<61>>0x0000(r4)
8f726:  464c4147           andb rl4,<<65>>0x0047(r4)
8f72a:  3d00               in r0,@r0
8f72c:  2046               ldb rh6,@rr4
8f72e:  4f52204e2042       ext4f #0x4f52204e,<<32>>0x0042
8f734:  4954533b           xor r4,<<83>>0x003b(r5)
8f738:  204e               ldb rl6,@rr4
8f73a:  3d00               in r0,@r0
8f73c:  4d4f               .word #0x4d4f
8f73e:  4449462e           orb rl1,<<70>>0x002e(r4)
8f742:  46524f4d           andb rh2,<<79>>0x004d(r5)
8f746:  2042               ldb rh2,@rr4
8f748:  49543d00           xor r4,<<61>>0x0000(r5)
8f74c:  2044               ldb rh4,@rr4
8f74e:  41544120           add r4,<<65>>0x0020(r5)
8f752:  4f4e20534543       ext4f #0x4f4e2053,<<69>>0x0043
8f758:  544f523d           ldl rr15,<<82>>0x003d(r4)
8f75c:  434f5252           sub r15,<<82>>0x0052(r4)
8f760:  45435420           or r3,<<84>>0x0020(r4)
8f764:  44415441           orb rh1,<<84>>0x0041(r4)
8f768:  3d00               in r0,@r0
8f76a:  2745               bit @rr4,#5
8f76c:  43432720           sub r3,<<39>>0x0020(r4)
8f770:  4649454c           andb rl1,<<69>>0x004c(r4)
8f774:  4420414c           orb rh0,<<65>>0x004c(r2)
8f778:  534f204d           push @rr4,<<32>>0x004d(r15)
8f77c:  4f4449464945       ext4f #0x4f444946,<<73>>0x0045
8f782:  44002046           orb rh0,<<32>>0x0046
8f786:  4f52204e2042       ext4f #0x4f52204e,<<32>>0x0042
8f78c:  4954533b           xor r4,<<83>>0x003b(r5)
8f790:  204e               ldb rl6,@rr4
8f792:  3d00               in r0,@r0
8f794:  4d4f               .word #0x4d4f
8f796:  4449462e           orb rl1,<<70>>0x002e(r4)
8f79a:  46524f4d           andb rh2,<<79>>0x004d(r5)
8f79e:  2042               ldb rh2,@rr4
8f7a0:  49543d00           xor r4,<<61>>0x0000(r5)
8f7a4:  2044               ldb rh4,@rr4
8f7a6:  41544120           add r4,<<65>>0x0020(r5)
8f7aa:  4f4e20534543       ext4f #0x4f4e2053,<<69>>0x0043
8f7b0:  544f523d           ldl rr15,<<82>>0x003d(r4)
8f7b4:  434f5252           sub r15,<<82>>0x0052(r4)
8f7b8:  45435420           or r3,<<84>>0x0020(r4)
8f7bc:  44415441           orb rh1,<<84>>0x0041(r4)
8f7c0:  3d00               in r0,@r0
8f7c2:  4845582e           xorb rh5,<<88>>0x002e(r4)
8f7c6:  2041               ldb rh1,@rr4
8f7c8:  44445245           orb rh4,<<82>>0x0045(r4)
8f7cc:  53532057           push @rr5,<<32>>0x0057(r3)
8f7d0:  4f5244204f46       ext4f #0x4f524420,<<79>>0x0046
8f7d6:  2032               ldb rh2,@rr3
8f7d8:  3630               .word #0x3630
8f7da:  2042               ldb rh2,@rr4
8f7dc:  59544553           mult rr4,<<69>>0x0053(r5)
8f7e0:  3d00               in r0,@r0
8f7e2:  2753               bit @rr5,#3
8f7e4:  54455027           ldl rr5,<<80>>0x0027(r4)
8f7e8:  204e               ldb rl6,@rr4
8f7ea:  4f5420505245       ext4f #0x4f542050,<<82>>0x0045
8f7f0:  53454e54           push @rr4,<<78>>0x0054(r5)
8f7f4:  4e4f54204745       ext4e #0x4e4f5420,<<71>>0x0045
8f7fa:  4e4552415449       ext4e #0x4e455241,<<84>>0x0049
8f800:  4e4720494e54       ext4e #0x4e472049,<<78>>0x0054
8f806:  45525255           or r2,<<82>>0x0055(r5)
8f80a:  50542028           cpl rr4,<<32>>0x0028(r5)
8f80e:  2050               ldb rh0,@rr5
8f810:  52494e4f           subl rr9,<<78>>0x004f(r4)
8f814:  203d               ldb rl5,@rr3
8f816:  2030               ldb rh0,@rr3
8f818:  2029               ldb rl1,@rr2
8f81a:  47454e45           and r5,<<78>>0x0045(r4)
8f81e:  52415449           subl rr1,<<84>>0x0049(r4)
8f822:  4e4720494e54       ext4e #0x4e472049,<<78>>0x0054
8f828:  45525255           or r2,<<82>>0x0055(r5)
8f82c:  50542041           cpl rr4,<<32>>0x0041(r5)
8f830:  46544552           andb rh4,<<69>>0x0052(r5)
8f834:  2045               ldb rh5,@rr4
8f836:  4e4420434f4d       ext4e #0x4e442043,<<79>>0x004d
8f83c:  4d414e445241       cp <<78>>0x0044(r4),#0x5241
8f842:  4e444f4d2045       ext4e #0x4e444f4d,<<32>>0x0045
8f848:  52524f52           subl rr2,<<79>>0x0052(r5)
8f84c:  50524f47           cpl rr2,<<79>>0x0047(r5)
8f850:  2e47               ldb @rr4,rh7
8f852:  504c3630           cpl rr12,<<54>>0x0030(r4)
8f856:  50524f47           cpl rr2,<<79>>0x0047(r5)
8f85a:  2e47               ldb @rr4,rh7
8f85c:  504c3430           cpl rr12,<<52>>0x0030(r4)
8f860:  2753               bit @rr5,#3
8f862:  45454b27           or r5,<<75>>0x0027(r4)
8f866:  2045               ldb rh5,@rr4
8f868:  52524f52           subl rr2,<<79>>0x0052(r5)
8f86c:  204f               ldb rl7,@rr4
8f86e:  4e2043594c49       ext4e #0x4e204359,<<76>>0x0049
8f874:  4e4445523d00       ext4e #0x4e444552,<<61>>0x0000
8f87a:  2053               ldb rh3,@rr5
8f87c:  4543544f           or r3,<<84>>0x004f(r4)
8f880:  52205752           subl rr0,<<87>>0x0052(r2)
8f884:  4f4e4700464c       ext4f #0x4f4e4700,<<70>>0x004c
8f88a:  41472f43           add r7,<<47>>0x0043(r4)
8f88e:  594c2f48           mult rr12,<<47>>0x0048(r4)
8f892:  442f5345           orb rl7,<<83>>0x0045(r2)
8f896:  43544e4f           sub r4,<<78>>0x004f(r5)
8f89a:  2e20               ldb @rr2,rh0
8f89c:  4f4620534543       ext4f #0x4f462053,<<69>>0x0043
8f8a2:  544f5253           ldl rr15,<<82>>0x0053(r4)
8f8a6:  2057               ldb rh7,@rr5
8f8a8:  49544820           xor r4,<<72>>0x0020(r5)
8f8ac:  4f4e4c592d4f       ext4f #0x4f4e4c59,<<45>>0x004f
8f8b2:  4e4520434d44       ext4e #0x4e452043,<<77>>0x0044
8f8b8:  2e3d               ldb @rr3,rl5
8f8ba:  2744               bit @rr4,#4
8f8bc:  4d4127205452       cp <<39>>0x0020(r4),#0x5452
8f8c2:  414e5346           add r14,<<83>>0x0046(r4)
8f8c6:  45522049           or r2,<<32>>0x0049(r5)
8f8ca:  4e434f525245       ext4e #0x4e434f52,<<82>>0x0045
8f8d0:  43544c59           sub r4,<<76>>0x0059(r5)
8f8d4:  2041               ldb rh1,@rr4
8f8d6:  43544956           sub r4,<<73>>0x0056(r5)
8f8da:  41544544           add r4,<<69>>0x0044(r5)
8f8de:  464f554e           andb rl7,<<85>>0x004e(r4)
8f8e2:  4420284f           orb rh0,<<40>>0x004f(r2)
8f8e6:  4e204649464f       ext4e #0x4e204649,<<70>>0x004f
8f8ec:  293d               inc @rr3,#14
8f8ee:  45585045           or r8,<<80>>0x0045(r5)
8f8f2:  43544544           sub r4,<<69>>0x0044(r5)
8f8f6:  2020               ldb rh0,@rr2
8f8f8:  2020               ldb rh0,@rr2
8f8fa:  2020               ldb rh0,@rr2
8f8fc:  203d               ldb rl5,@rr3
8f8fe:  41542045           add r4,<<32>>0x0045(r5)
8f902:  4e4420434d44       ext4e #0x4e442043,<<77>>0x0044
8f908:  2e20               ldb @rr2,rh0
8f90a:  4944454e           xor r4,<<69>>0x004e(r4)
8f90e:  54494649           ldl rr9,<<70>>0x0049(r4)
8f912:  4552204e           or r2,<<32>>0x004e(r5)
8f916:  4f5420434f52       ext4f #0x4f542043,<<79>>0x0052
8f91c:  52454354           subl rr5,<<67>>0x0054(r4)
8f920:  4944454e           xor r4,<<69>>0x004e(r4)
8f924:  542e2046           ldl rr14,<<32>>0x0046(r2)
8f928:  4f554e442020       ext4f #0x4f554e44,<<32>>0x0020
8f92e:  2020               ldb rh0,@rr2
8f930:  3a204944           inirb @rr4,@r2,r9
8f934:  454e542e           or r14,<<84>>0x002e(r4)
8f938:  2045               ldb rh5,@rr4
8f93a:  58504543           multl rq0,<<69>>0x0043(r5)
8f93e:  54454420           ldl rr5,<<68>>0x0020(r4)
8f942:  3a204944           inirb @rr4,@r2,r9
8f946:  454e542e           or r14,<<84>>0x002e(r4)
8f94a:  44495343           orb rl1,<<83>>0x0043(r4)
8f94e:  52455041           subl rr5,<<80>>0x0041(r4)
8f952:  4e43592d464c       ext4e #0x4e43592d,<<70>>0x004c
8f958:  41472f43           add r7,<<47>>0x0043(r4)
8f95c:  594c2f48           mult rr12,<<47>>0x0048(r4)
8f960:  442f5345           orb rl7,<<83>>0x0045(r2)
8f964:  4354524f           sub r4,<<82>>0x004f(r5)
8f968:  54415449           ldl rr1,<<84>>0x0049(r4)
8f96c:  4f4e2054494d       ext4f #0x4f4e2054,<<73>>0x004d
8f972:  45204d45           or r0,<<77>>0x0045(r2)
8f976:  41535552           add r3,<<85>>0x0052(r5)
8f97a:  4544284d           or r4,<<40>>0x004d(r4)
8f97e:  4943524f           xor r3,<<82>>0x004f(r4)
8f982:  532e293d           push @rr2,<<41>>0x003d(r14)
8f986:  20004359           ldb rh0,#0x59
8f98a:  4c49               .word #0x4c49
8f98c:  4e4445522052       ext4e #0x4e444552,<<32>>0x0052
8f992:  4f544154494f       ext4f #0x4f544154,<<73>>0x004f
8f998:  4e2054494d45       ext4e #0x4e205449,<<77>>0x0045
8f99e:  2045               ldb rh5,@rr4
8f9a0:  52524f52           subl rr2,<<79>>0x0052(r5)
8f9a4:  3d00               in r0,@r0
8f9a6:  2757               bit @rr5,#7
8f9a8:  52454e32           subl rr5,<<78>>0x0032(r4)
8f9ac:  2720               bit @rr2,#0
8f9ae:  5349474e           push @rr4,<<71>>0x004e(r9)
8f9b2:  414c2053           add r12,<<32>>0x0053(r4)
8f9b6:  5455434b           ldl rr5,<<67>>0x004b(r5)
8f9ba:  2041               ldb rh1,@rr4
8f9bc:  54203020           ldl rr0,<<48>>0x0020(r2)
8f9c0:  3f00               out @r0,r0
8f9c2:  4944454e           xor r4,<<69>>0x004e(r4)
8f9c6:  542e2046           ldl rr14,<<32>>0x0046(r2)
8f9ca:  4f554e442020       ext4f #0x4f554e44,<<32>>0x0020
8f9d0:  2020               ldb rh0,@rr2
8f9d2:  3a202020           inirb @rr2,@r2,r0
8f9d6:  52443d00           subl rr4,<<61>>0x0000(r4)
8f9da:  2020               ldb rh0,@rr2
8f9dc:  4e4f54205244       ext4e #0x4e4f5420,<<82>>0x0044
8f9e2:  3d00               in r0,@r0
8f9e4:  4e4f2e494445       ext4e #0x4e4f2e49,<<68>>0x0045
8f9ea:  4e542e4d5553       ext4e #0x4e542e4d,<<85>>0x0053
8f9f0:  54205244           ldl rr0,<<82>>0x0044(r2)
8f9f4:  3d00               in r0,@r0
8f9f6:  52454144           subl rr5,<<65>>0x0044(r4)
8f9fa:  2045               ldb rh5,@rr4
8f9fc:  52524f52           subl rr2,<<79>>0x0052(r5)
8fa00:  204f               ldb rl7,@rr4
8fa02:  4e20414c4c20       ext4e #0x4e20414c,<<76>>0x0020
8fa08:  53454354           push @rr4,<<67>>0x0054(r5)
8fa0c:  4f5220494445       ext4f #0x4f522049,<<68>>0x0045
8fa12:  4e5449464945       ext4e #0x4e544946,<<73>>0x0045
8fa18:  52534452           subl rr3,<<68>>0x0052(r5)
8fa1c:  49564520           xor r6,<<69>>0x0020(r5)
8fa20:  2844               incb @rr4,#5
8fa22:  544c3630           ldl rr12,<<54>>0x0030(r4)
8fa26:  2920               inc @rr2,#1
8fa28:  50524f47           cpl rr2,<<79>>0x0047(r5)
8fa2c:  52414d4d           subl rr1,<<77>>0x004d(r4)
8fa30:  45442054           or r4,<<32>>0x0054(r4)
8fa34:  4f20464f5243       ext4f #0x4f20464f,<<82>>0x0043
8fa3a:  45274352           or r7,<<67>>0x0052(r2)
8fa3e:  43274944           sub r7,<<73>>0x0044(r2)
8fa42:  454e542e           or r14,<<84>>0x002e(r4)
8fa46:  2045               ldb rh5,@rr4
8fa48:  58504543           multl rq0,<<69>>0x0043(r5)
8fa4c:  54454420           ldl rr5,<<68>>0x0020(r4)
8fa50:  3a205645           inirb @rr4,@r2,r6
8fa54:  52494659           subl rr9,<<70>>0x0059(r4)
8fa58:  2d49               ex r9,@rr4
8fa5a:  44454e54           orb rh5,<<78>>0x0054(r4)
8fa5e:  2e20               ldb @rr2,rh0
8fa60:  4552524f           or r2,<<82>>0x004f(r5)
8fa64:  52204255           subl rr0,<<66>>0x0055(r2)
8fa68:  54205245           ldl rr0,<<82>>0x0045(r2)
8fa6c:  41444944           add r4,<<73>>0x0044(r4)
8fa70:  2043               ldb rh3,@rr4
8fa72:  4f5252454354       ext4f #0x4f525245,<<67>>0x0054
8fa78:  2750               bit @rr5,#0
8fa7a:  4c4f               .word #0x4c4f
8fa7c:  2752               bit @rr5,#2
8fa7e:  45414420           or r1,<<68>>0x0020(r4)
8fa82:  53494e43           push @rr4,<<78>>0x0043(r9)
8fa86:  522e4441           subl rr14,<<68>>0x0041(r2)
8fa8a:  54412046           ldl rr1,<<32>>0x0046(r4)
8fa8e:  49454c44           xor r5,<<76>>0x0044(r4)
8fa92:  204e               ldb rl6,@rr4
8fa94:  4f5420494445       ext4f #0x4f542049,<<68>>0x0045
8fa9a:  4e542e00464c       ext4e #0x4e542e00,<<70>>0x004c
8faa0:  41472f43           add r7,<<47>>0x0043(r4)
8faa4:  594c2f48           mult rr12,<<47>>0x0048(r4)
8faa8:  442f5345           orb rl7,<<83>>0x0045(r2)
8faac:  43544452           sub r4,<<68>>0x0052(r5)
8fab0:  49564520           xor r6,<<69>>0x0020(r5)
8fab4:  2844               incb @rr4,#5
8fab6:  544c3430           ldl rr12,<<52>>0x0030(r4)
8faba:  292d               inc @rr2,#14
8fabc:  50524f47           cpl rr2,<<79>>0x0047(r5)
8fac0:  2e54               ldb @rr5,rh4
8fac2:  4f2052454144       ext4f #0x4f205245,<<65>>0x0044
8fac8:  204f               ldb rl7,@rr4
8faca:  4e4520494445       ext4e #0x4e452049,<<68>>0x0045
8fad0:  4e542e005749       ext4e #0x4e542e00,<<87>>0x0049
8fad6:  54482743           ldl rr8,<<39>>0x0043(r4)
8fada:  52432745           subl rr3,<<39>>0x0045(r4)
8fade:  52524f52           subl rr2,<<79>>0x0052(r5)
8fae2:  2041               ldb rh1,@rr4
8fae4:  4c4c               .word #0x4c4c
8fae6:  2049               ldb rl1,@rr4
8fae8:  44454e54           orb rh5,<<78>>0x0054(r4)
8faec:  2853               incb @rr5,#4
8faee:  2920               inc @rr2,#1
8faf0:  41524520           add r2,<<69>>0x0020(r5)
8faf4:  52454144           subl rr5,<<65>>0x0044(r4)
8faf8:  0ea00ea0           ext0e #0x0ea00ea0
8fafc:  0ea00eaa           ext0e #0x0ea00eaa
8fb00:  0eaa0eaa           ext0e #0x0eaa0eaa
8fb04:  0eb40eb4           ext0e #0x0eb40eb4
8fb08:  0eb40ea0           ext0e #0x0eb40ea0
8fb0c:  0ea00ea0           ext0e #0x0ea00ea0
8fb10:  0eaa0eaa           ext0e #0x0eaa0eaa
8fb14:  0eaa0eb4           ext0e #0x0eaa0eb4
8fb18:  0eb40eb4           ext0e #0x0eb40eb4
8fb1c:  0ea00ea0           ext0e #0x0ea00ea0
8fb20:  0ea00eaa           ext0e #0x0ea00eaa
8fb24:  0eaa0eaa           ext0e #0x0eaa0eaa
8fb28:  0eb40eb4           ext0e #0x0eb40eb4
8fb2c:  0eb40ea0           ext0e #0x0eb40ea0
8fb30:  0ea00ea0           ext0e #0x0ea00ea0
8fb34:  0eaa0eaa           ext0e #0x0eaa0eaa
8fb38:  52454144           subl rr5,<<65>>0x0044(r4)
8fb3c:  2049               ldb rl1,@rr4
8fb3e:  4e204c4f4144       ext4e #0x4e204c4f,<<65>>0x0044
8fb44:  204f               ldb rl7,@rr4
8fb46:  46203235           andb rh0,<<50>>0x0035(r2)
8fb4a:  3600               bpt
8fb4c:  2745               bit @rr4,#5
8fb4e:  43432720           sub r3,<<39>>0x0020(r4)
8fb52:  4e4f5420434f       ext4e #0x4e4f5420,<<67>>0x004f
8fb58:  52524543           subl rr2,<<69>>0x0043(r5)
8fb5c:  54204245           ldl rr0,<<66>>0x0045(r2)
8fb60:  43415553           sub r1,<<85>>0x0053(r4)
8fb64:  45203531           or r0,<<53>>0x0031(r2)
8fb68:  32204259           ldb rr2(#0x4259),rh0
8fb6c:  54455300           ldl rr5,<<83>>0x0000(r4)
8fb70:  53454354           push @rr4,<<67>>0x0054(r5)
8fb74:  4f5220434f52       ext4f #0x4f522043,<<79>>0x0052
8fb7a:  52454354           subl rr5,<<67>>0x0054(r4)
8fb7e:  2049               ldb rl1,@rr4
8fb80:  4e2050524556       ext4e #0x4e205052,<<69>>0x0056
8fb86:  494f5553           xor r15,<<85>>0x0053(r4)
8fb8a:  2054               ldb rh4,@rr5
8fb8c:  45535453           or r3,<<84>>0x0053(r5)
8fb90:  53454354           push @rr4,<<67>>0x0054(r5)
8fb94:  4f5220434f52       ext4f #0x4f522043,<<79>>0x0052
8fb9a:  52454354           subl rr5,<<67>>0x0054(r4)
8fb9e:  2049               ldb rl1,@rr4
8fba0:  4e2050524556       ext4e #0x4e205052,<<69>>0x0056
8fba6:  494f5553           xor r15,<<85>>0x0053(r4)
8fbaa:  2054               ldb rh4,@rr5
8fbac:  45535453           or r3,<<84>>0x0053(r5)
8fbb0:  4f4e20455252       ext4f #0x4f4e2045,<<82>>0x0052
8fbb6:  4f5220465245       ext4f #0x4f522046,<<82>>0x0045
8fbbc:  45205452           or r0,<<84>>0x0052(r2)
8fbc0:  41434b3d           add r3,<<75>>0x003d(r4)
8fbc4:  20004552           ldb rh0,#0x52
8fbc8:  524f5220           subl rr15,<<82>>0x0020(r4)
8fbcc:  44555249           orb rh5,<<82>>0x0049(r5)
8fbd0:  4e4720464f52       ext4e #0x4e472046,<<79>>0x0052
8fbd6:  4d415454494e       cp <<84>>0x0054(r4),#0x494e
8fbdc:  47005749           and r0,<<87>>0x0049
8fbe0:  54482045           ldl rr8,<<32>>0x0045(r4)
8fbe4:  4e49524f3d30       ext4e #0x4e49524f,<<61>>0x0030
8fbea:  2049               ldb rl1,@rr4
8fbec:  4e5445525255       ext4e #0x4e544552,<<82>>0x0055
8fbf2:  50542045           cpl rr4,<<32>>0x0045(r5)
8fbf6:  4e41424c4544       ext4e #0x4e41424c,<<69>>0x0044
8fbfc:  57495448           pop <<84>>0x0048(r9),@rr4
8fc00:  2045               ldb rh5,@rr4
8fc02:  4e49524f3d31       ext4e #0x4e49524f,<<61>>0x0031
8fc08:  2049               ldb rl1,@rr4
8fc0a:  4e5445525255       ext4e #0x4e544552,<<82>>0x0055
8fc10:  50542044           cpl rr4,<<32>>0x0044(r5)
8fc14:  49534142           xor r3,<<65>>0x0042(r5)
8fc18:  4c4544005645       ldb <<68>>0x0000(r4),#0x45
8fc1e:  43544f52           sub r4,<<79>>0x0052(r5)
8fc22:  2046               ldb rh6,@rr4
8fc24:  4f554e442020       ext4f #0x4f554e44,<<32>>0x0020
8fc2a:  2020               ldb rh0,@rr2
8fc2c:  3d00               in r0,@r0
8fc2e:  56454354           addl rr5,<<67>>0x0054(r4)
8fc32:  4f5220455850       ext4f #0x4f522045,<<88>>0x0050
8fc38:  45435445           or r3,<<84>>0x0045(r4)
8fc3c:  44203d00           orb rh0,<<61>>0x0000(r2)
8fc40:  494e5445           xor r14,<<84>>0x0045(r4)
8fc44:  52525550           subl rr2,<<85>>0x0050(r5)
8fc48:  54205749           ldl rr0,<<87>>0x0049(r2)
8fc4c:  54482056           ldl rr8,<<32>>0x0056(r4)
8fc50:  4543544f           or r3,<<84>>0x004f(r4)
8fc54:  52204e4f           subl rr0,<<78>>0x004f(r2)
8fc58:  5420434f           ldl rr0,<<67>>0x004f(r2)
8fc5c:  52524543           subl rr2,<<69>>0x0043(r5)
8fc60:  5400494e           ldl rr0,<<73>>0x004e
8fc64:  54455252           ldl rr5,<<82>>0x0052(r4)
8fc68:  55505420           popl <<84>>0x0020,@rr5
8fc6c:  56454354           addl rr5,<<67>>0x0054(r4)
8fc70:  4f52203a2000       ext4f #0x4f52203a,<<32>>0x0000
8fc76:  76696400           lda rr9,<<100>>0x0000(r6)
8fc7a:  3620               .word #0x3620
8fc7c:  44415441           orb rh1,<<84>>0x0041(r4)
8fc80:  2042               ldb rh2,@rr4
8fc82:  59544553           mult rr4,<<69>>0x0053(r5)
8fc86:  2052               ldb rh2,@rr5
8fc88:  45414420           or r1,<<68>>0x0020(r4)
8fc8c:  2020               ldb rh0,@rr2
8fc8e:  203d               ldb rl5,@rr3
8fc90:  3620               .word #0x3620
8fc92:  44415441           orb rh1,<<84>>0x0041(r4)
8fc96:  2042               ldb rh2,@rr4
8fc98:  59544553           mult rr4,<<69>>0x0053(r5)
8fc9c:  2057               ldb rh7,@rr5
8fc9e:  52495454           subl rr9,<<84>>0x0054(r4)
8fca2:  454e203d           or r14,<<32>>0x003d(r4)
8fca6:  4552524f           or r2,<<82>>0x004f(r5)
8fcaa:  5220494e           subl rr0,<<73>>0x004e(r2)
8fcae:  2057               ldb rh7,@rr5
8fcb0:  52495445           subl rr9,<<84>>0x0045(r4)
8fcb4:  2f52               ld @rr5,r2
8fcb6:  45414420           or r1,<<68>>0x0020(r4)
8fcba:  4f4620274e45       ext4f #0x4f462027,<<78>>0x0045
8fcc0:  43272046           sub r7,<<32>>0x0046(r2)
8fcc4:  49464f00           xor r6,<<79>>0x0000(r4)
8fcc8:  41542045           add r4,<<32>>0x0045(r5)
8fccc:  4e44204f4620       ext4e #0x4e44204f,<<70>>0x0020
8fcd2:  5452414e           ldl rr2,<<65>>0x004e(r5)
8fcd6:  53464552           push @rr4,<<69>>0x0052(r6)
8fcda:  2044               ldb rh4,@rr4
8fcdc:  4d4120455252       cp <<32>>0x0045(r4),#0x5252
8fce2:  4f523d005345       ext4f #0x4f523d00,<<83>>0x0045
8fce8:  434f4e44           sub r15,<<78>>0x0044(r4)
8fcec:  2031               ldb rh1,@rr3
8fcee:  3620               .word #0x3620
8fcf0:  574f5244           pop <<82>>0x0044(r15),@rr4
8fcf4:  2054               ldb rh4,@rr5
8fcf6:  52414e53           subl rr1,<<78>>0x0053(r4)
8fcfa:  46455220           andb rh5,<<82>>0x0020(r4)
8fcfe:  2d20               ex r0,@rr2
8fd00:  46495253           andb rl1,<<82>>0x0053(r4)
8fd04:  54205741           ldl rr0,<<87>>0x0041(r2)
8fd08:  53204f4b           push @rr2,<<79>>0x004b
8fd0c:  46495253           andb rl1,<<82>>0x0053(r4)
8fd10:  54203136           ldl rr0,<<49>>0x0036(r2)
8fd14:  2057               ldb rh7,@rr5
8fd16:  4f5244205452       ext4f #0x4f524420,<<84>>0x0052
8fd1c:  414e5346           add r14,<<83>>0x0046(r4)
8fd20:  45525449           or r2,<<84>>0x0049(r5)
8fd24:  4d45204d4541       ld <<32>>0x004d(r4),#0x4541
8fd2a:  53555245           push @rr5,<<82>>0x0045(r5)
8fd2e:  44203d20           orb rh0,<<61>>0x0020(r2)
8fd32:  54494d45           ldl rr9,<<77>>0x0045(r4)
8fd36:  52205445           subl rr0,<<84>>0x0045(r2)
8fd3a:  53542057           push @rr5,<<32>>0x0057(r4)
8fd3e:  49544820           xor r4,<<72>>0x0020(r5)
8fd42:  53595354           push @rr5,<<83>>0x0054(r9)
8fd46:  454d2d43           or r13,<<45>>0x0043(r4)
8fd4a:  4c4f               .word #0x4c4f
8fd4c:  434b3d31           sub r11,<<61>>0x0031(r4)
8fd50:  322e3330           ldb rr2(#0x3330),rl6
8fd54:  37204d5a           ldl rr2(#0x4d5a),rr0
8fd58:  4359434c           sub r9,<<67>>0x004c(r5)
8fd5c:  45205449           or r0,<<84>>0x0049(r2)
8fd60:  4d4520464f52       ld <<32>>0x0046(r4),#0x4f52
8fd66:  2038               ldb rl0,@rr3
8fd68:  2057               ldb rh7,@rr5
8fd6a:  4f5244532049       ext4f #0x4f524453,<<32>>0x0049
8fd70:  53204d53           push @rr2,<<77>>0x0053
8fd74:  2e3d               ldb @rr3,rl5
8fd76:  444d4120           orb rl5,<<65>>0x0020(r4)
8fd7a:  48415244           xorb rh1,<<82>>0x0044(r4)
8fd7e:  57415245           pop <<82>>0x0045(r1),@rr4
8fd82:  2054               ldb rh4,@rr5
8fd84:  52415346           subl rr1,<<83>>0x0046(r4)
8fd88:  2e4f               ldb @rr4,rl7
8fd8a:  52273832           subl rr7,<<56>>0x0032(r2)
8fd8e:  35332754           ldl rr3,rr3(#0x2754)
8fd92:  494d4552           xor r13,<<69>>0x0052(r4)
8fd96:  2043               ldb rh3,@rr4
8fd98:  482e494e           xorb rl6,<<73>>0x004e(r2)
8fd9c:  54455252           ldl rr5,<<82>>0x0052(r4)
8fda0:  55505420           popl <<84>>0x0020,@rr5
8fda4:  4e4f54204745       ext4e #0x4e4f5420,<<71>>0x0045
8fdaa:  4e4552415445       ext4e #0x4e455241,<<84>>0x0045
8fdb0:  44204154           orb rh0,<<65>>0x0054(r2)
8fdb4:  2045               ldb rh5,@rr4
8fdb6:  4e44204f4620       ext4e #0x4e44204f,<<70>>0x0020
8fdbc:  444d4100           orb rl5,<<65>>0x0000(r4)
8fdc0:  2738               bit @rr3,#8
8fdc2:  32353327           ldb rr3(#0x3327),rh5
8fdc6:  434f4d50           sub r15,<<77>>0x0050(r4)
8fdca:  4f4e454e542d       ext4f #0x4f4e454e,<<84>>0x002d
8fdd0:  54494d45           ldl rr9,<<77>>0x0045(r4)
8fdd4:  52204641           subl rr0,<<70>>0x0041(r2)
8fdd8:  554c5459           popl <<84>>0x0059(r12),@rr4
8fddc:  4e4f20494e54       ext4e #0x4e4f2049,<<78>>0x0054
8fde2:  4552522e           or r2,<<82>>0x002e(r5)
8fde6:  2041               ldb rh1,@rr4
8fde8:  46544552           andb rh4,<<69>>0x0052(r5)
8fdec:  2038               ldb rl0,@rr3
8fdee:  32353320           ldb rr3(#0x3320),rh5
8fdf2:  53544152           push @rr5,<<65>>0x0052(r4)
8fdf6:  54532043           ldl rr3,<<32>>0x0043(r5)
8fdfa:  4f554e54494e       ext4f #0x4f554e54,<<73>>0x004e
8fe00:  47005359           and r0,<<83>>0x0059
8fe04:  5354454d           push @rr5,<<69>>0x004d(r4)
8fe08:  2052               ldb rh2,@rr5
8fe0a:  414d2050           add r13,<<32>>0x0050(r4)
8fe0e:  48595349           xorb rl1,<<83>>0x0049(r5)
8fe12:  432e4144           sub r14,<<65>>0x0044(r2)
8fe16:  44524553           orb rh2,<<69>>0x0053(r5)
8fe1a:  533d4e4f           push @rr3,<<78>>0x004f(r13)
8fe1e:  2027               ldb rh7,@rr2
8fe20:  4552544f           or r2,<<84>>0x004f(r5)
8fe24:  2720               bit @rr2,#0
8fe26:  54595045           ldl rr9,<<80>>0x0045(r5)
8fe2a:  2045               ldb rh5,@rr4
8fe2c:  52524f52           subl rr2,<<79>>0x0052(r5)
8fe30:  53204745           push @rr2,<<71>>0x0045
8fe34:  4e4552415445       ext4e #0x4e455241,<<84>>0x0045
8fe3a:  4400083e           orb rh0,<<8>>0x003e
8fe3e:  08d6               xorb rh6,@rr13
8fe40:  08de               xorb rl6,@rr13
8fe42:  08e6               xorb rh6,@rr14
8fe44:  08ee               xorb rl6,@rr14
8fe46:  08f6               xorb rh6,@rr15
8fe48:  08fe               xorb rl6,@rr15
8fe4a:  0906090e           xor r6,#0x090e
8fe4e:  0916               xor r6,@rr1
8fe50:  091e               xor r14,@rr1
8fe52:  4e4f20545241       ext4e #0x4e4f2054,<<82>>0x0041
8fe58:  53464552           push @rr4,<<69>>0x0052(r6)
8fe5c:  2e20               ldb @rr2,rh0
8fe5e:  46524f4d           andb rh2,<<79>>0x004d(r5)
8fe62:  2042               ldb rh2,@rr4
8fe64:  4f4152442054       ext4f #0x4f415244,<<32>>0x0054
8fe6a:  4f2053595354       ext4f #0x4f205359,<<83>>0x0054
8fe70:  454d2052           or r13,<<32>>0x0052(r4)
8fe74:  414d4e4f           add r13,<<78>>0x004f(r4)
8fe78:  2e20               ldb @rr2,rh0
8fe7a:  4f4620424c4f       ext4f #0x4f462042,<<76>>0x004f
8fe80:  434b5320           sub r11,<<83>>0x0020(r4)
8fe84:  2838               incb @rr3,#9
8fe86:  2057               ldb rh7,@rr5
8fe88:  4f5244293d00       ext4f #0x4f524429,<<61>>0x0000
8fe8e:  494e2044           xor r14,<<32>>0x0044(r4)
8fe92:  4d41204e4f2e       cp <<32>>0x004e(r4),#0x4f2e
8fe98:  2054               ldb rh4,@rr5
8fe9a:  52415346           subl rr1,<<83>>0x0046(r4)
8fe9e:  45524544           or r2,<<69>>0x0044(r5)
8fea2:  203e               ldb rl6,@rr3
8fea4:  2042               ldb rh2,@rr4
8fea6:  4c4f               .word #0x4c4f
8fea8:  434b2053           sub r11,<<32>>0x0053(r4)
8feac:  495a4528           xor r10,<<69>>0x0028(r5)
8feb0:  532908fc           push @rr2,<<8>>0x00fc(r9)
8feb4:  0954               xor r4,@rr5
8feb6:  095c               xor r12,@rr5
8feb8:  0964               xor r4,@rr6
8feba:  096c               xor r12,@rr6
8febc:  0974               xor r4,@rr7
8febe:  097c               xor r12,@rr7
8fec0:  52454144           subl rr5,<<65>>0x0044(r4)
8fec4:  2026               ldb rh6,@rr2
8fec6:  2052               ldb rh2,@rr5
8fec8:  4541444c           or r1,<<68>>0x004c(r4)
8fecc:  4f4e47204552       ext4f #0x4f4e4720,<<69>>0x0052
8fed2:  524f5253           subl rr15,<<82>>0x0053(r4)
8fed6:  2041               ldb rh1,@rr4
8fed8:  5245204e           subl rr5,<<32>>0x004e(r4)
8fedc:  4f542053414d       ext4f #0x4f542053,<<65>>0x004d
8fee2:  45002745           or r0,<<39>>0x0045
8fee6:  43432720           sub r3,<<39>>0x0020(r4)
8feea:  4552524f           or r2,<<82>>0x004f(r5)
8feee:  52204255           subl rr0,<<66>>0x0055(r2)
8fef2:  54204441           ldl rr0,<<68>>0x0041(r2)
8fef6:  54412043           ldl rr1,<<32>>0x0043(r4)
8fefa:  4f5252454354       ext4f #0x4f525245,<<67>>0x0054
8ff00:  2049               ldb rl1,@rr4
8ff02:  4e2052414d00       ext4e #0x4e205241,<<77>>0x0000
8ff08:  44415441           orb rh1,<<84>>0x0041(r4)
8ff0c:  2052               ldb rh2,@rr5
8ff0e:  4541444c           or r1,<<68>>0x004c(r4)
8ff12:  4f4e47204552       ext4f #0x4f4e4720,<<69>>0x0052
8ff18:  524f5220           subl rr15,<<82>>0x0020(r4)
8ff1c:  42555420           subb rh5,<<84>>0x0020(r5)
8ff20:  52454144           subl rr5,<<65>>0x0044(r4)
8ff24:  2043               ldb rh3,@rr4
8ff26:  4f5252454354       ext4f #0x4f525245,<<67>>0x0054
8ff2c:  4552524f           or r2,<<82>>0x004f(r5)
8ff30:  52205748           subl rr0,<<87>>0x0048(r2)
8ff34:  49434820           xor r3,<<72>>0x0020(r4)
8ff38:  4953204e           xor r3,<<32>>0x004e(r5)
8ff3c:  4f5420455649       ext4f #0x4f542045,<<86>>0x0049
8ff42:  44454e54           orb rh5,<<78>>0x0054(r4)
8ff46:  2049               ldb rl1,@rr4
8ff48:  4e2052454144       ext4e #0x4e205245,<<65>>0x0044
8ff4e:  44415441           orb rh1,<<84>>0x0041(r4)
8ff52:  2d52               ex r2,@rr5
8ff54:  45414420           or r1,<<68>>0x0020(r4)
8ff58:  43414c43           sub r1,<<76>>0x0043(r4)
8ff5c:  554c4154           popl <<65>>0x0054(r12),@rr4
8ff60:  494f4e20           xor r15,<<78>>0x0020(r4)
8ff64:  47495645           and r9,<<86>>0x0045(r4)
8ff68:  53202745           push @rr2,<<39>>0x0045
8ff6c:  43432700           sub r3,<<39>>0x0000(r4)
8ff70:  42494e41           subb rl1,<<78>>0x0041(r4)
8ff74:  52592043           subl rr9,<<32>>0x0043(r5)
8ff78:  48415253           xorb rh1,<<82>>0x0053(r4)
8ff7c:  2046               ldb rh6,@rr4
8ff7e:  4f554e442020       ext4f #0x4f554e44,<<32>>0x0020
8ff84:  203d               ldb rl5,@rr3
8ff86:  42494e41           subb rl1,<<78>>0x0041(r4)
8ff8a:  52592043           subl rr9,<<32>>0x0043(r5)
8ff8e:  48415253           xorb rh1,<<82>>0x0053(r4)
8ff92:  2045               ldb rh5,@rr4
8ff94:  58504543           multl rq0,<<69>>0x0043(r5)
8ff98:  5445443d           ldl rr5,<<68>>0x003d(r4)
8ff9c:  46495253           andb rl1,<<82>>0x0053(r4)
8ffa0:  54203820           ldl rr0,<<56>>0x0020(r2)
8ffa4:  44415441           orb rh1,<<84>>0x0041(r4)
8ffa8:  2042               ldb rh2,@rr4
8ffaa:  59544553           mult rr4,<<69>>0x0053(r5)
8ffae:  2049               ldb rl1,@rr4
8ffb0:  534e2754           push @rr4,<<39>>0x0054(r14)
8ffb4:  2020               ldb rh0,@rr2
8ffb6:  2027               ldb rh7,@rr2
8ffb8:  554e4954           popl <<73>>0x0054(r14),@rr4
8ffbc:  44455343           orb rh5,<<83>>0x0043(r4)
8ffc0:  27004649           bit r6,r0
8ffc4:  52535420           subl rr3,<<84>>0x0020(r5)
8ffc8:  44415441           orb rh1,<<84>>0x0041(r4)
8ffcc:  2d53               ex r3,@rr5
8ffce:  4543544f           or r3,<<84>>0x004f(r4)
8ffd2:  52205245           subl rr0,<<82>>0x0045(r2)
8ffd6:  41445345           add r4,<<83>>0x0045(r4)
8ffda:  454b2054           or r11,<<32>>0x0054(r4)
8ffde:  494d4520           xor r13,<<69>>0x0020(r4)
8ffe2:  4d4541535552       ld <<65>>0x0053(r4),#0x5552
8ffe8:  45443d00           or r4,<<61>>0x0000(r4)
8ffec:  32204348           ldb rr2(#0x4348),rh0
8fff0:  41522e3d           add r2,<<46>>0x003d(r5)
8fff4:  4d49               .word #0x4d49
8fff6:  4c4c               .word #0x4c4c
8fff8:  49532e20           xor r3,<<46>>0x0020(r5)
8fffc:  34204348           lda rr0,rr2(#0x4348)
90000:  41522e3d           add r2,<<46>>0x003d(r5)
90004:  4d49               .word #0x4d49
90006:  43524f53           sub r2,<<79>>0x0053(r5)
9000a:  2e00               .word #0x2e00
9000c:  2054               ldb rh4,@rr5
9000e:  4f2043594c2e       ext4f #0x4f204359,<<76>>0x002e
90014:  20005345           ldb rh0,#0x45
90018:  454b2054           or r11,<<32>>0x0054(r4)
9001c:  494d4520           xor r13,<<69>>0x0020(r4)
90020:  46524f4d           andb rh2,<<79>>0x004d(r5)
90024:  2043               ldb rh3,@rr4
90026:  594c2e20           mult rr12,<<46>>0x0020(r4)
9002a:  2753               bit @rr5,#3
9002c:  4b45524f           cp r5,<<82>>0x004f(r4)
90030:  2720               bit @rr2,#0
90032:  5349474e           push @rr4,<<71>>0x004e(r9)
90036:  414c2053           add r12,<<32>>0x0053(r4)
9003a:  5455434b           ldl rr5,<<67>>0x004b(r5)
9003e:  2041               ldb rh1,@rr4
90040:  54203020           ldl rr0,<<48>>0x0020(r2)
90044:  3f00               out @r0,r0
90046:  43594c2e           sub r9,<<76>>0x002e(r5)
9004a:  76696400           lda rr9,<<100>>0x0000(r6)
9004e:  43594c2e           sub r9,<<76>>0x002e(r5)
90052:  524f542e           subl rr15,<<84>>0x002e(r4)
90056:  76696400           lda rr9,<<100>>0x0000(r6)
9005a:  036a               sub r10,@rr6
9005c:  03f6               sub r6,@rr15
9005e:  0416               orb rh6,@rr1
90060:  0430               orb rh0,@rr3
90062:  044a               orb rl2,@rr4
90064:  0452               orb rh2,@rr5
90066:  046c               orb rl4,@rr6
90068:  0474               orb rh4,@rr7
9006a:  43484152           sub r8,<<65>>0x0052(r4)
9006e:  53205752           push @rr2,<<87>>0x0052
90072:  49545445           xor r4,<<84>>0x0045(r5)
90076:  4e204f4e2057       ext4e #0x4e204f4e,<<32>>0x0057
9007c:  484f4c45           xorb rl7,<<76>>0x0045(r4)
90080:  2054               ldb rh4,@rr5
90082:  5241434b           subl rr1,<<67>>0x004b(r4)
90086:  3d00               in r0,@r0
90088:  023a               subb rl2,@rr3
9008a:  0272               subb rh2,@rr7
9008c:  0292               subb rh2,@rr9
9008e:  02c0               subb rh0,@rr12
90090:  02ea               subb rl2,@rr14
90092:  03060322           sub r6,#0x0322
90096:  033e               sub r14,@rr3
90098:  035a               sub r10,@rr5
9009a:  0384               sub r4,@rr8
9009c:  03a0               sub r0,@rr10
9009e:  54484953           ldl rr8,<<73>>0x0053(r4)
900a2:  2053               ldb rh3,@rr5
900a4:  4543544f           or r3,<<84>>0x004f(r4)
900a8:  52205741           subl rr0,<<87>>0x0041(r2)
900ac:  53205052           push @rr2,<<80>>0x0052
900b0:  4556494f           or r6,<<73>>0x004f(r5)
900b4:  55534c59           popl <<76>>0x0059(r3),@rr5
900b8:  2043               ldb rh3,@rr4
900ba:  4f5252454354       ext4f #0x4f525245,<<67>>0x0054
900c0:  46495253           andb rl1,<<82>>0x0053(r4)
900c4:  54205245           ldl rr0,<<82>>0x0045(r2)
900c8:  41444c4f           add r4,<<76>>0x004f(r4)
900cc:  4e4720414654       ext4e #0x4e472041,<<70>>0x0054
900d2:  45522046           or r2,<<32>>0x0046(r5)
900d6:  4f524d41542e       ext4f #0x4f524d41,<<84>>0x002e
900dc:  3b484541           indr @rr4,@r4,r5
900e0:  443d4944           orb rl5,<<73>>0x0044(r3)
900e4:  454e542e           or r14,<<84>>0x002e(r4)
900e8:  2043               ldb rh3,@rr4
900ea:  4f5252454354       ext4f #0x4f525245,<<67>>0x0054
900f0:  2049               ldb rl1,@rr4
900f2:  4e2052454144       ext4e #0x4e205245,<<65>>0x0044
900f8:  49444441           xor r4,<<68>>0x0041(r4)
900fc:  54412046           ldl rr1,<<32>>0x0046(r4)
90100:  4f554e442020       ext4f #0x4f554e44,<<32>>0x0020
90106:  203d               ldb rl5,@rr3
90108:  44415441           orb rh1,<<84>>0x0041(r4)
9010c:  2045               ldb rh5,@rr4
9010e:  58504543           multl rq0,<<69>>0x0043(r5)
90112:  5445443d           ldl rr5,<<68>>0x003d(r4)
90116:  4552524f           or r2,<<82>>0x004f(r5)
9011a:  52204f4e           subl rr0,<<79>>0x004e(r2)
9011e:  2042               ldb rh2,@rr4
90120:  59544520           mult rr4,<<69>>0x0020(r5)
90124:  4e4f2e3d2734       ext4e #0x4e4f2e3d,<<39>>0x0034
9012a:  45274146           or r7,<<65>>0x0046(r2)
9012e:  54455220           ldl rr5,<<82>>0x0020(r4)
90132:  4c4153542027       cpb <<83>>0x0054(r4),#0x27
90138:  45434327           or r3,<<67>>0x0027(r4)
9013c:  42595445           subb rl1,<<84>>0x0045(r5)
90140:  3d33               in r3,@r3
90142:  32002741           ldrb 0x2887,rh0
90146:  31463827           ld r6,rr4(#0x3827)
9014a:  53594e43           push @rr5,<<78>>0x0043(r9)
9014e:  2e44               ldb @rr4,rh4
90150:  41544120           add r4,<<65>>0x0020(r5)
90154:  4649454c           andb rl1,<<69>>0x004c(r4)
90158:  44204259           orb rh0,<<66>>0x0059(r2)
9015c:  54453d32           ldl rr5,<<61>>0x0032(r4)
90160:  2730               bit @rr3,#0
90162:  30275052           ldb rh7,rr2(#0x5052)
90166:  45434544           or r3,<<69>>0x0044(r4)
9016a:  494e4720           xor r14,<<71>>0x0020(r4)
9016e:  44415441           orb rh1,<<84>>0x0041(r4)
90172:  2046               ldb rh6,@rr4
90174:  2e20               ldb @rr2,rh0
90176:  42595445           subb rl1,<<84>>0x0045(r5)
9017a:  3d00               in r0,@r0
9017c:  2734               bit @rr3,#4
9017e:  45274146           or r7,<<65>>0x0046(r2)
90182:  54455220           ldl rr5,<<82>>0x0020(r4)
90186:  43524320           sub r2,<<67>>0x0020(r5)
9018a:  4944454e           xor r4,<<69>>0x004e(r4)
9018e:  542e2042           ldl rr14,<<32>>0x0042(r2)
90192:  5954453d           mult rr4,<<69>>0x003d(r5)
90196:  33002743           ldr 0x28dd,r0
9019a:  52432720           subl rr3,<<39>>0x0020(r4)
9019e:  4f4620494445       ext4f #0x4f462049,<<68>>0x0045
901a4:  4e5449464945       ext4e #0x4e544946,<<73>>0x0045
901aa:  52202042           subl rr0,<<32>>0x0042(r2)
901ae:  5954453d           mult rr4,<<69>>0x003d(r5)
901b2:  32004944           ldrb 0x4afa,rh0
901b6:  454e5449           or r14,<<84>>0x0049(r4)
901ba:  46494552           andb rl1,<<69>>0x0052(r4)
901be:  203a               ldb rl2,@rr3
901c0:  2042               ldb rh2,@rr4
901c2:  5954453d           mult rr4,<<69>>0x003d(r5)
901c6:  34002741           ldar rr0,0x290b
901ca:  31275359           ld r7,rr2(#0x5359)
901ce:  4e432e204944       ext4e #0x4e432e20,<<73>>0x0044
901d4:  454e542e           or r14,<<84>>0x002e(r4)
901d8:  2042               ldb rh2,@rr4
901da:  5954453d           mult rr4,<<69>>0x003d(r5)
901de:  31002730           ldr r0,0x2912
901e2:  30275052           ldb rh7,rr2(#0x5052)
901e6:  45434544           or r3,<<69>>0x0044(r4)
901ea:  494e4720           xor r14,<<71>>0x0020(r4)
901ee:  4944454e           xor r4,<<69>>0x004e(r4)
901f2:  542e2042           ldl rr14,<<32>>0x0042(r2)
901f6:  5954453d           mult rr4,<<69>>0x003d(r5)
901fa:  2734               bit @rr3,#4
901fc:  45274348           or r7,<<67>>0x0048(r2)
90200:  41525320           add r2,<<83>>0x0020(r5)
90204:  41465445           add r6,<<84>>0x0045(r4)
90208:  52274543           subl rr7,<<69>>0x0043(r2)
9020c:  43274259           sub r7,<<66>>0x0059(r2)
90210:  54453d00           ldl rr5,<<61>>0x0000(r4)
90214:  2745               bit @rr4,#5
90216:  43432720           sub r3,<<39>>0x0020(r4)
9021a:  4649454c           andb rl1,<<69>>0x004c(r4)
9021e:  44203a20           orb rh0,<<58>>0x0020(r2)
90222:  42595445           subb rl1,<<84>>0x0045(r5)
90226:  3d34               in r4,@r3
90228:  44415441           orb rh1,<<84>>0x0041(r4)
9022c:  2046               ldb rh6,@rr4
9022e:  49454c44           xor r5,<<76>>0x0044(r4)
90232:  203a               ldb rl2,@rr3
90234:  2057               ldb rh7,@rr5
90236:  4f52443d4552       ext4f #0x4f52443d,<<69>>0x0052
9023c:  524f5220           subl rr15,<<82>>0x0020(r4)
90240:  4f4e20002041       ext4f #0x4f4e2000,<<32>>0x0041
90246:  4e4420534543       ext4e #0x4e442053,<<69>>0x0043
9024c:  544f5220           ldl rr15,<<82>>0x0020(r4)
90250:  53544152           push @rr5,<<65>>0x0052(r4)
90254:  543d5345           ldl rr13,<<83>>0x0045(r3)
90258:  43544f52           sub r4,<<79>>0x0052(r5)
9025c:  3d00               in r0,@r0
9025e:  4f4e20455252       ext4f #0x4f4e2045,<<82>>0x0052
90264:  4f5220465245       ext4f #0x4f522046,<<82>>0x0045
9026a:  45205452           or r0,<<84>>0x0052(r2)
9026e:  41434b3d           add r3,<<75>>0x003d(r4)
90272:  20005245           ldb rh0,#0x45
90276:  41444c4f           add r4,<<76>>0x004f(r4)
9027a:  4e4720455252       ext4e #0x4e472045,<<82>>0x0052
90280:  4f5220414654       ext4f #0x4f522041,<<70>>0x0054
90286:  45522046           or r2,<<32>>0x0046(r5)
9028a:  4f524d415454       ext4f #0x4f524d41,<<84>>0x0054
90290:  494e4700           xor r14,<<71>>0x0000(r4)
90294:  44415441           orb rh1,<<84>>0x0041(r4)
90298:  2052               ldb rh2,@rr5
9029a:  45414420           or r1,<<68>>0x0020(r4)
9029e:  4552524f           or r2,<<82>>0x004f(r5)
902a2:  52204255           subl rr0,<<66>>0x0055(r2)
902a6:  54205245           ldl rr0,<<82>>0x0045(r2)
902aa:  41444c4f           add r4,<<76>>0x004f(r4)
902ae:  4e4720434f52       ext4e #0x4e472043,<<79>>0x0052
902b4:  52454354           subl rr5,<<67>>0x0054(r4)
902b8:  54484953           ldl rr8,<<73>>0x0053(r4)
902bc:  2053               ldb rh3,@rr5
902be:  4543544f           or r3,<<84>>0x004f(r4)
902c2:  52205741           subl rr0,<<87>>0x0041(r2)
902c6:  53205052           push @rr2,<<80>>0x0052
902ca:  4556494f           or r6,<<73>>0x004f(r5)
902ce:  55534c59           popl <<76>>0x0059(r3),@rr5
902d2:  2043               ldb rh3,@rr4
902d4:  4f5252454354       ext4f #0x4f525245,<<67>>0x0054
902da:  464f554e           andb rl7,<<85>>0x004e(r4)
902de:  44202020           orb rh0,<<32>>0x0020(r2)
902e2:  203d               ldb rl5,@rr3
902e4:  45585045           or r8,<<80>>0x0045(r5)
902e8:  43544544           sub r4,<<69>>0x0044(r5)
902ec:  203d               ldb rl5,@rr3
902ee:  32204449           ldb rr2(#0x4449),rh0
902f2:  46464552           andb rh6,<<69>>0x0052(r4)
902f6:  454e5420           or r14,<<84>>0x0020(r4)
902fa:  4944454e           xor r4,<<69>>0x004e(r4)
902fe:  542e2057           ldl rr14,<<32>>0x0057(r2)
90302:  4954484f           xor r4,<<72>>0x004f(r5)
90306:  55542027           popl <<32>>0x0027(r4),@rr5
9030a:  45525345           or r2,<<83>>0x0045(r5)
9030e:  27004154           bit r1,r0
90312:  2045               ldb rh5,@rr4
90314:  4e44204f4620       ext4e #0x4e44204f,<<70>>0x0020
9031a:  414e2049           add r14,<<32>>0x0049(r4)
9031e:  4e434f525245       ext4e #0x4e434f52,<<82>>0x0045
90324:  43542049           sub r4,<<32>>0x0049(r5)
90328:  44454e54           orb rh5,<<78>>0x0054(r4)
9032c:  49464945           xor r6,<<73>>0x0045(r4)
90330:  52205245           subl rr0,<<82>>0x0045(r2)
90334:  41445241           add r4,<<82>>0x0041(r4)
90338:  4d20414e           com <<65>>0x004e(r2)
9033c:  44205345           orb rh0,<<83>>0x0045(r2)
90340:  43544f52           sub r4,<<79>>0x0052(r5)
90344:  2044               ldb rh4,@rr4
90346:  41544120           add r4,<<65>>0x0020(r5)
9034a:  44494646           orb rl1,<<70>>0x0046(r4)
9034e:  4552454e           or r2,<<69>>0x004e(r5)
90352:  54004e4f           ldl rr0,<<78>>0x004f
90356:  2027               ldb rh7,@rr2
90358:  4552434f           or r2,<<67>>0x004f(r5)
9035c:  2720               bit @rr2,#0
9035e:  4552524f           or r2,<<82>>0x004f(r5)
90362:  5220494e           subl rr0,<<73>>0x004e(r2)
90366:  2056               ldb rh6,@rr5
90368:  45524946           or r2,<<73>>0x0046(r5)
9036c:  59205748           mult rr0,<<87>>0x0048(r2)
90370:  454e2042           or r14,<<32>>0x0042(r4)
90374:  4f415244033a       ext4f #0x4f415244,<<3>>0x003a
9037a:  0392               sub r2,@rr9
9037c:  039a               sub r10,@rr9
9037e:  03a2               sub r2,@rr10
90380:  03aa               sub r10,@rr10
90382:  03b2               sub r2,@rr11
90384:  03ba               sub r10,@rr11
90386:  52454144           subl rr5,<<65>>0x0044(r4)
9038a:  2043               ldb rh3,@rr4
9038c:  4f5252454354       ext4f #0x4f525245,<<67>>0x0054
90392:  2042               ldb rh2,@rr4
90394:  55542745           popl <<39>>0x0045(r4),@rr5
90398:  43432753           sub r3,<<39>>0x0053(r4)
9039c:  4543544f           or r3,<<84>>0x004f(r4)
903a0:  5220494e           subl rr0,<<73>>0x004e(r2)
903a4:  434f5252           sub r15,<<82>>0x0052(r4)
903a8:  45435400           or r3,<<84>>0x0000(r4)
903ac:  53454354           push @rr4,<<67>>0x0054(r5)
903b0:  4f5220524541       ext4f #0x4f522052,<<69>>0x0041
903b6:  44205749           orb rh0,<<87>>0x0049(r2)
903ba:  54482044           ldl rr8,<<32>>0x0044(r4)
903be:  41544120           add r4,<<65>>0x0020(r5)
903c2:  262f               bitb @rr2,#15
903c4:  4f5220274543       ext4f #0x4f522027,<<69>>0x0043
903ca:  43272046           sub r7,<<32>>0x0046(r2)
903ce:  49454c44           xor r5,<<76>>0x0044(r4)
903d2:  4845582e           xorb rh5,<<88>>0x002e(r4)
903d6:  2041               ldb rh1,@rr4
903d8:  44445245           orb rh4,<<82>>0x0045(r4)
903dc:  53532057           push @rr5,<<32>>0x0057(r3)
903e0:  4f5244204f46       ext4f #0x4f524420,<<79>>0x0046
903e6:  2032               ldb rh2,@rr3
903e8:  3630               .word #0x3630
903ea:  2042               ldb rh2,@rr4
903ec:  59544553           mult rr4,<<69>>0x0053(r5)
903f0:  3d00               in r0,@r0
903f2:  41465445           add r6,<<84>>0x0045(r4)
903f6:  52202745           subl rr0,<<39>>0x0045(r2)
903fa:  43432720           sub r3,<<39>>0x0020(r4)
903fe:  44415441           orb rh1,<<84>>0x0041(r4)
90402:  2046               ldb rh6,@rr4
90404:  49454c44           xor r5,<<76>>0x0044(r4)
90408:  2049               ldb rl1,@rr4
9040a:  4e434f525245       ext4e #0x4e434f52,<<82>>0x0045
90410:  43545752           sub r4,<<87>>0x0052(r5)
90414:  49545445           xor r4,<<84>>0x0045(r5)
90418:  4e2057495448       ext4e #0x4e205749,<<84>>0x0048
9041e:  204d               ldb rl5,@rr4
90420:  41582e31           add r8,<<46>>0x0031(r5)
90424:  3120494e           ld r0,rr2(#0x494e)
90428:  434f5252           sub r15,<<82>>0x0052(r4)
9042c:  45435420           or r3,<<84>>0x0020(r4)
90430:  42495453           subb rl1,<<84>>0x0053(r4)
90434:  2020               ldb rh0,@rr2
90436:  2020               ldb rh0,@rr2
90438:  57524954           pop <<73>>0x0054(r2),@rr5
9043c:  54454e20           ldl rr5,<<78>>0x0020(r4)
90440:  57495448           pop <<84>>0x0048(r9),@rr4
90444:  204d               ldb rl5,@rr4
90446:  494e2e31           xor r14,<<46>>0x0031(r4)
9044a:  3220494e           ldb rr2(#0x494e),rh0
9044e:  434f5252           sub r15,<<82>>0x0052(r4)
90452:  45435420           or r3,<<84>>0x0020(r4)
90456:  42495453           subb rl1,<<84>>0x0053(r4)
9045a:  2020               ldb rh0,@rr2
9045c:  2020               ldb rh0,@rr2
9045e:  4552524f           or r2,<<82>>0x004f(r5)
90462:  52204f4e           subl rr0,<<79>>0x004e(r2)
90466:  2044               ldb rh4,@rr4
90468:  41544120           add r4,<<65>>0x0020(r5)
9046c:  414e442f           add r14,<<68>>0x002f(r4)
90470:  4f5220274543       ext4f #0x4f522027,<<69>>0x0043
90476:  43274649           sub r7,<<70>>0x0049(r2)
9047a:  454c4400           or r12,<<68>>0x0000(r4)
9047e:  50524f47           cpl rr2,<<79>>0x0047(r5)
90482:  52414d4d           subl rr1,<<77>>0x004d(r4)
90486:  45442046           or r4,<<32>>0x0046(r4)
9048a:  4f5220323630       ext4f #0x4f522032,<<54>>0x0030
90490:  2042               ldb rh2,@rr4
90492:  59544520           mult rr4,<<69>>0x0020(r5)
90496:  57524954           pop <<73>>0x0054(r2),@rr5
9049a:  454c4f4e           or r12,<<79>>0x004e(r4)
9049e:  47205749           and r0,<<87>>0x0049(r2)
904a2:  54482049           ldl rr8,<<32>>0x0049(r4)
904a6:  44454e54           orb rh5,<<78>>0x0054(r4)
904aa:  2e4f               ldb @rr4,rl7
904ac:  4e2053454354       ext4e #0x4e205345,<<67>>0x0054
904b2:  4f524643594c       ext4f #0x4f524643,<<89>>0x004c
904b8:  48445343           xorb rh4,<<83>>0x0043(r4)
904bc:  5400544f           ldl rr0,<<84>>0x004f
904c0:  2047               ldb rh7,@rr4
904c2:  454e4552           or r14,<<69>>0x0052(r4)
904c6:  2e45               ldb @rr4,rh5
904c8:  52524f52           subl rr2,<<79>>0x0052(r5)
904cc:  2027               ldb rh7,@rr2
904ce:  53454354           push @rr4,<<67>>0x0054(r5)
904d2:  2e5f               ldb @rr5,rl7
904d4:  4e4f545f464f       ext4e #0x4e4f545f,<<70>>0x004f
904da:  554e4428           popl <<68>>0x0028(r14),@rr4
904de:  45525345           or r2,<<83>>0x0045(r5)
904e2:  2927               inc @rr2,#8
904e4:  41465445           add r6,<<84>>0x0045(r4)
904e8:  5220464f           subl rr0,<<70>>0x004f(r2)
904ec:  524d4154           subl rr13,<<65>>0x0054(r4)
904f0:  54494e47           ldl rr9,<<78>>0x0047(r4)
904f4:  2057               ldb rh7,@rr5
904f6:  49544820           xor r4,<<72>>0x0020(r5)
904fa:  57524f4e           pop <<79>>0x004e(r2),@rr5
904fe:  47204944           and r0,<<73>>0x0044(r2)
90502:  454e5449           or r14,<<84>>0x0049(r4)
90506:  46494552           andb rl1,<<69>>0x0052(r4)
9050a:  4643594c           andb rh3,<<89>>0x004c(r4)
9050e:  48445343           xorb rh4,<<83>>0x0043(r4)
90512:  54005354           ldl rr0,<<83>>0x0054
90516:  4f5245442049       ext4f #0x4f524544,<<32>>0x0049
9051c:  4e2053454354       ext4e #0x4e205345,<<67>>0x0054
90522:  4f523d005245       ext4f #0x4f523d00,<<82>>0x0045
90528:  41442041           add r4,<<32>>0x0041(r4)
9052c:  4c4c               .word #0x4c4c
9052e:  2049               ldb rl1,@rr4
90530:  44454e54           orb rh5,<<78>>0x0054(r4)
90534:  49464945           xor r6,<<73>>0x0045(r4)
90538:  52532046           subl rr3,<<32>>0x0046(r5)
9053c:  4f554e442049       ext4f #0x4f554e44,<<32>>0x0049
90542:  4e434f525245       ext4e #0x4e434f52,<<82>>0x0045
90548:  43544146           sub r4,<<65>>0x0046(r5)
9054c:  54455220           ldl rr5,<<82>>0x0020(r4)
90550:  464f524d           andb rl7,<<82>>0x004d(r4)
90554:  41545449           add r4,<<84>>0x0049(r5)
90558:  4e4720574954       ext4e #0x4e472057,<<73>>0x0054
9055e:  48205752           xorb rh0,<<87>>0x0052(r2)
90562:  4f4e47204944       ext4f #0x4f4e4720,<<73>>0x0044
90568:  454e5449           or r14,<<84>>0x0049(r4)
9056c:  46494552           andb rl1,<<69>>0x0052(r4)
90570:  57524954           pop <<73>>0x0054(r2),@rr5
90574:  45205245           or r0,<<82>>0x0045(r2)
90578:  41442020           add r4,<<32>>0x0020(r4)
9057c:  2020               ldb rh0,@rr2
9057e:  2020               ldb rh0,@rr2
90580:  726f7574           ldb rr6(r5),rl7
90584:  5f6d               .word #0x5f6d
90586:  6d756c6f           ex r5,<<108>>0x006f(r7)
9058a:  6766693a           bit <<105>>0x003a(r6),#6
9058e:  2030               ldb rh0,@rr3
90590:  31202020           ld r0,rr2(#0x2020)
90594:  2072               ldb rh2,@rr7
90596:  6f75745f           ld <<116>>0x005f(r7),r5
9059a:  6d6d756c           ex r13,<<117>>0x006c(r6)
9059e:  6f676669           ld <<102>>0x0069(r6),r7
905a2:  3a203032           inirb @rr3,@r2,r0
905a6:  2020               ldb rh0,@rr2
905a8:  2020               ldb rh0,@rr2
905aa:  726f7574           ldb rr6(r5),rl7
905ae:  5f6d               .word #0x5f6d
905b0:  6d756c65           ex r5,<<108>>0x0065(r7)
905b4:  6e67743a           ldb <<116>>0x003a(r6),rh7
905b8:  2030               ldb rh0,@rr3
905ba:  31202020           ld r0,rr2(#0x2020)
905be:  2072               ldb rh2,@rr7
905c0:  6f75745f           ld <<116>>0x005f(r7),r5
905c4:  70676d73           ldb rh7,rr6(r13)
905c8:  65673a20           set <<58>>0x0020(r6),#7
905cc:  2020               ldb rh0,@rr2
905ce:  30312020           ldb rh1,rr3(#0x2020)
905d2:  2020               ldb rh0,@rr2
905d4:  726f7574           ldb rr6(r5),rl7
905d8:  5f70676d           call <<103>>0x006d(r7)
905dc:  7365673a           ld rr6(r7),r5
905e0:  2020               ldb rh0,@rr2
905e2:  2030               ldb rh0,@rr3
905e4:  32202020           ldb rr2(#0x2020),rh0
905e8:  2072               ldb rh2,@rr7
905ea:  6f75745f           ld <<116>>0x005f(r7),r5
905ee:  70676d73           ldb rh7,rr6(r13)
905f2:  65673a20           set <<58>>0x0020(r6),#7
905f6:  2020               ldb rh0,@rr2
905f8:  30332020           ldb rh3,rr3(#0x2020)
905fc:  2020               ldb rh0,@rr2
905fe:  726f7574           ldb rr6(r5),rl7
90602:  5f70676d           call <<103>>0x006d(r7)
90606:  7365673a           ld rr6(r7),r5
9060a:  2020               ldb rh0,@rr2
9060c:  2030               ldb rh0,@rr3
9060e:  34202020           lda rr0,rr2(#0x2020)
90612:  2072               ldb rh2,@rr7
90614:  6f75745f           ld <<116>>0x005f(r7),r5
90618:  70676d73           ldb rh7,rr6(r13)
9061c:  65673a20           set <<58>>0x0020(r6),#7
90620:  2020               ldb rh0,@rr2
90622:  30352020           ldb rh5,rr3(#0x2020)
90626:  2020               ldb rh0,@rr2
90628:  726f7574           ldb rr6(r5),rl7
9062c:  5f70676d           call <<103>>0x006d(r7)
90630:  7365673a           ld rr6(r7),r5
90634:  2020               ldb rh0,@rr2
90636:  2030               ldb rh0,@rr3
90638:  3600               bpt
9063a:  0181               add r1,@rr8
9063c:  100001010000       cpl rr0,#0x01010000
90642:  00000015           addb rh0,#0x15
90646:  00000000           addb rh0,#0x00
9064a:  00000000           addb rh0,#0x00
9064e:  00000000           addb rh0,#0x00
90652:  00000000           addb rh0,#0x00
90656:  00000000           addb rh0,#0x00
9065a:  00000000           addb rh0,#0x00
9065e:  00000000           addb rh0,#0x00
90662:  00000000           addb rh0,#0x00
90666:  00000000           addb rh0,#0x00
9066a:  00000000           addb rh0,#0x00
9066e:  00000000           addb rh0,#0x00
90672:  00000000           addb rh0,#0x00
90676:  00000000           addb rh0,#0x00
9067a:  00000000           addb rh0,#0x00
9067e:  00000000           addb rh0,#0x00
90682:  00000000           addb rh0,#0x00
90686:  00000000           addb rh0,#0x00
9068a:  00000000           addb rh0,#0x00
9068e:  00000000           addb rh0,#0x00
90692:  00000000           addb rh0,#0x00
90696:  00000000           addb rh0,#0x00
9069a:  00000000           addb rh0,#0x00
9069e:  00000000           addb rh0,#0x00
906a2:  00000000           addb rh0,#0x00
906a6:  00000000           addb rh0,#0x00
906aa:  00000000           addb rh0,#0x00
906ae:  00000000           addb rh0,#0x00
906b2:  00000000           addb rh0,#0x00
906b6:  00000000           addb rh0,#0x00
906ba:  00000000           addb rh0,#0x00
906be:  00000000           addb rh0,#0x00
906c2:  00000000           addb rh0,#0x00
906c6:  00000000           addb rh0,#0x00
906ca:  00000000           addb rh0,#0x00
906ce:  00000000           addb rh0,#0x00
906d2:  00000000           addb rh0,#0x00
906d6:  00000000           addb rh0,#0x00
906da:  00000000           addb rh0,#0x00
906de:  00000000           addb rh0,#0x00
906e2:  00000000           addb rh0,#0x00
906e6:  00000000           addb rh0,#0x00
906ea:  00000000           addb rh0,#0x00
906ee:  00000000           addb rh0,#0x00
906f2:  00000000           addb rh0,#0x00
906f6:  00000000           addb rh0,#0x00
906fa:  00000000           addb rh0,#0x00
906fe:  00000000           addb rh0,#0x00
90702:  00000000           addb rh0,#0x00
90706:  00000000           addb rh0,#0x00
9070a:  00000000           addb rh0,#0x00
9070e:  00000000           addb rh0,#0x00
90712:  00000000           addb rh0,#0x00
90716:  00000000           addb rh0,#0x00
9071a:  00000000           addb rh0,#0x00
9071e:  00000000           addb rh0,#0x00
90722:  00000000           addb rh0,#0x00
90726:  00000000           addb rh0,#0x00
9072a:  00000000           addb rh0,#0x00
9072e:  00000000           addb rh0,#0x00
90732:  00000000           addb rh0,#0x00
90736:  00000000           addb rh0,#0x00
9073a:  00000000           addb rh0,#0x00
9073e:  00000000           addb rh0,#0x00
90742:  00000000           addb rh0,#0x00
90746:  00000000           addb rh0,#0x00
9074a:  00000000           addb rh0,#0x00
9074e:  00000000           addb rh0,#0x00
90752:  00000000           addb rh0,#0x00
90756:  00000000           addb rh0,#0x00
9075a:  00000000           addb rh0,#0x00
9075e:  00000000           addb rh0,#0x00
90762:  00000000           addb rh0,#0x00
90766:  00000000           addb rh0,#0x00
9076a:  00000000           addb rh0,#0x00
9076e:  00000000           addb rh0,#0x00
90772:  00000000           addb rh0,#0x00
90776:  00000000           addb rh0,#0x00
9077a:  00000000           addb rh0,#0x00
9077e:  00000000           addb rh0,#0x00
90782:  00000000           addb rh0,#0x00
90786:  00000000           addb rh0,#0x00
9078a:  00000000           addb rh0,#0x00
9078e:  00000000           addb rh0,#0x00
90792:  00000000           addb rh0,#0x00
90796:  00000000           addb rh0,#0x00
9079a:  00000000           addb rh0,#0x00
9079e:  00000000           addb rh0,#0x00
907a2:  00000000           addb rh0,#0x00
907a6:  00000000           addb rh0,#0x00
907aa:  00000000           addb rh0,#0x00
907ae:  00000000           addb rh0,#0x00
907b2:  00000000           addb rh0,#0x00
907b6:  00000000           addb rh0,#0x00
907ba:  00000000           addb rh0,#0x00
907be:  00000000           addb rh0,#0x00
907c2:  00000000           addb rh0,#0x00
907c6:  00000000           addb rh0,#0x00
907ca:  00000000           addb rh0,#0x00
907ce:  00000000           addb rh0,#0x00
907d2:  00000000           addb rh0,#0x00
907d6:  00000000           addb rh0,#0x00
907da:  00000000           addb rh0,#0x00
907de:  00000000           addb rh0,#0x00
907e2:  00000000           addb rh0,#0x00
907e6:  00000000           addb rh0,#0x00
907ea:  00000000           addb rh0,#0x00
907ee:  00000000           addb rh0,#0x00
907f2:  00000000           addb rh0,#0x00
907f6:  00000000           addb rh0,#0x00
907fa:  00000000           addb rh0,#0x00
907fe:  00000000           addb rh0,#0x00
90802:  00000000           addb rh0,#0x00
90806:  00000000           addb rh0,#0x00
9080a:  00000000           addb rh0,#0x00
9080e:  00000000           addb rh0,#0x00
90812:  00000000           addb rh0,#0x00
90816:  00000000           addb rh0,#0x00
9081a:  00000000           addb rh0,#0x00
9081e:  00000000           addb rh0,#0x00
90822:  00000000           addb rh0,#0x00
90826:  00000000           addb rh0,#0x00
9082a:  00000000           addb rh0,#0x00
9082e:  00000000           addb rh0,#0x00
90832:  00000000           addb rh0,#0x00
90836:  00000000           addb rh0,#0x00
9083a:  00000000           addb rh0,#0x00
9083e:  00000000           addb rh0,#0x00
90842:  00000000           addb rh0,#0x00
90846:  00000000           addb rh0,#0x00
9084a:  00000000           addb rh0,#0x00
9084e:  00000000           addb rh0,#0x00
90852:  00000000           addb rh0,#0x00
90856:  00000000           addb rh0,#0x00
9085a:  00000000           addb rh0,#0x00
9085e:  00000000           addb rh0,#0x00
90862:  00000000           addb rh0,#0x00
90866:  00000000           addb rh0,#0x00
9086a:  00000000           addb rh0,#0x00
9086e:  00000000           addb rh0,#0x00
90872:  00000000           addb rh0,#0x00
90876:  00000000           addb rh0,#0x00
9087a:  00000000           addb rh0,#0x00
9087e:  00000000           addb rh0,#0x00
90882:  00000000           addb rh0,#0x00
90886:  00000000           addb rh0,#0x00
9088a:  00000000           addb rh0,#0x00
9088e:  00000000           addb rh0,#0x00
90892:  00000000           addb rh0,#0x00
90896:  00000000           addb rh0,#0x00
9089a:  00000000           addb rh0,#0x00
9089e:  00000000           addb rh0,#0x00
908a2:  00000000           addb rh0,#0x00
908a6:  00000000           addb rh0,#0x00
908aa:  00000000           addb rh0,#0x00
908ae:  00000000           addb rh0,#0x00
908b2:  00000000           addb rh0,#0x00
908b6:  00000000           addb rh0,#0x00
908ba:  00000000           addb rh0,#0x00
908be:  00000000           addb rh0,#0x00
908c2:  00000000           addb rh0,#0x00
908c6:  00000000           addb rh0,#0x00
908ca:  00000000           addb rh0,#0x00
908ce:  00000000           addb rh0,#0x00
908d2:  00000000           addb rh0,#0x00
908d6:  00000000           addb rh0,#0x00
908da:  00000000           addb rh0,#0x00
908de:  00000000           addb rh0,#0x00
908e2:  00000000           addb rh0,#0x00
908e6:  00000000           addb rh0,#0x00
908ea:  00000000           addb rh0,#0x00
908ee:  00000000           addb rh0,#0x00
908f2:  00000000           addb rh0,#0x00
908f6:  00000000           addb rh0,#0x00
908fa:  00000000           addb rh0,#0x00
908fe:  00000000           addb rh0,#0x00
90902:  00000000           addb rh0,#0x00
90906:  00000000           addb rh0,#0x00
9090a:  00000000           addb rh0,#0x00
9090e:  00000000           addb rh0,#0x00
90912:  00000000           addb rh0,#0x00
90916:  00000000           addb rh0,#0x00
9091a:  00000000           addb rh0,#0x00
9091e:  00000000           addb rh0,#0x00
90922:  00000000           addb rh0,#0x00
90926:  00000000           addb rh0,#0x00
9092a:  00000000           addb rh0,#0x00
9092e:  00000000           addb rh0,#0x00
90932:  00000000           addb rh0,#0x00
90936:  00000000           addb rh0,#0x00
9093a:  00000000           addb rh0,#0x00
9093e:  00000000           addb rh0,#0x00
90942:  00000000           addb rh0,#0x00
90946:  00000000           addb rh0,#0x00
9094a:  00000000           addb rh0,#0x00
9094e:  00000000           addb rh0,#0x00
90952:  00000000           addb rh0,#0x00
90956:  00000000           addb rh0,#0x00
9095a:  00000000           addb rh0,#0x00
9095e:  00000000           addb rh0,#0x00
90962:  00000000           addb rh0,#0x00
90966:  00000000           addb rh0,#0x00
9096a:  00000000           addb rh0,#0x00
9096e:  00000000           addb rh0,#0x00
90972:  00000000           addb rh0,#0x00
90976:  00000000           addb rh0,#0x00
9097a:  00000000           addb rh0,#0x00
9097e:  00000000           addb rh0,#0x00
90982:  00000000           addb rh0,#0x00
90986:  00000000           addb rh0,#0x00
9098a:  00000000           addb rh0,#0x00
9098e:  00000000           addb rh0,#0x00
90992:  00000000           addb rh0,#0x00
90996:  00000000           addb rh0,#0x00
9099a:  00000000           addb rh0,#0x00
9099e:  00000000           addb rh0,#0x00
909a2:  00000000           addb rh0,#0x00
909a6:  00000000           addb rh0,#0x00
909aa:  00000000           addb rh0,#0x00
909ae:  00000000           addb rh0,#0x00
909b2:  00000000           addb rh0,#0x00
909b6:  00000000           addb rh0,#0x00
909ba:  00000000           addb rh0,#0x00
909be:  00000000           addb rh0,#0x00
909c2:  00000000           addb rh0,#0x00
909c6:  00000000           addb rh0,#0x00
909ca:  00000000           addb rh0,#0x00
909ce:  00000000           addb rh0,#0x00
909d2:  00000000           addb rh0,#0x00
909d6:  00000000           addb rh0,#0x00
909da:  00000000           addb rh0,#0x00
909de:  00000000           addb rh0,#0x00
909e2:  00000000           addb rh0,#0x00
909e6:  00000000           addb rh0,#0x00
909ea:  00000000           addb rh0,#0x00
909ee:  00000000           addb rh0,#0x00
909f2:  00000000           addb rh0,#0x00
909f6:  00000000           addb rh0,#0x00
909fa:  00000000           addb rh0,#0x00
909fe:  00000000           addb rh0,#0x00
90a02:  00000000           addb rh0,#0x00
90a06:  00000000           addb rh0,#0x00
90a0a:  00000000           addb rh0,#0x00
90a0e:  00000000           addb rh0,#0x00
90a12:  00000000           addb rh0,#0x00
90a16:  00000000           addb rh0,#0x00
90a1a:  00000000           addb rh0,#0x00
90a1e:  00000000           addb rh0,#0x00
90a22:  00000000           addb rh0,#0x00
90a26:  00000000           addb rh0,#0x00
90a2a:  00000000           addb rh0,#0x00
90a2e:  00000000           addb rh0,#0x00
90a32:  00000000           addb rh0,#0x00
90a36:  00000000           addb rh0,#0x00
90a3a:  00000000           addb rh0,#0x00
90a3e:  00000000           addb rh0,#0x00
90a42:  00000000           addb rh0,#0x00
90a46:  00000000           addb rh0,#0x00
90a4a:  00000000           addb rh0,#0x00
90a4e:  00000000           addb rh0,#0x00
90a52:  00000000           addb rh0,#0x00
90a56:  00000000           addb rh0,#0x00
90a5a:  00000000           addb rh0,#0x00
90a5e:  00000000           addb rh0,#0x00
90a62:  00000000           addb rh0,#0x00
90a66:  00000000           addb rh0,#0x00
90a6a:  00000000           addb rh0,#0x00
90a6e:  00000000           addb rh0,#0x00
90a72:  00000000           addb rh0,#0x00
90a76:  00000000           addb rh0,#0x00
90a7a:  00000000           addb rh0,#0x00
90a7e:  00000000           addb rh0,#0x00
90a82:  00000000           addb rh0,#0x00
90a86:  00000000           addb rh0,#0x00
90a8a:  00000000           addb rh0,#0x00
90a8e:  00000000           addb rh0,#0x00
90a92:  00000000           addb rh0,#0x00
90a96:  00000000           addb rh0,#0x00
90a9a:  00000000           addb rh0,#0x00
90a9e:  00000000           addb rh0,#0x00
90aa2:  00000000           addb rh0,#0x00
90aa6:  00000000           addb rh0,#0x00
90aaa:  00000000           addb rh0,#0x00
90aae:  00000000           addb rh0,#0x00
90ab2:  00000000           addb rh0,#0x00
90ab6:  00000000           addb rh0,#0x00
90aba:  00000000           addb rh0,#0x00
90abe:  00000000           addb rh0,#0x00
90ac2:  00000000           addb rh0,#0x00
90ac6:  00000000           addb rh0,#0x00
90aca:  00000000           addb rh0,#0x00
90ace:  00000000           addb rh0,#0x00
90ad2:  00000000           addb rh0,#0x00
90ad6:  00000000           addb rh0,#0x00
90ada:  00000000           addb rh0,#0x00
90ade:  00000000           addb rh0,#0x00
90ae2:  00000000           addb rh0,#0x00
90ae6:  00000000           addb rh0,#0x00
90aea:  00000000           addb rh0,#0x00
90aee:  00000000           addb rh0,#0x00
90af2:  00000000           addb rh0,#0x00
90af6:  00000000           addb rh0,#0x00
90afa:  00000000           addb rh0,#0x00
90afe:  00000000           addb rh0,#0x00
90b02:  00000000           addb rh0,#0x00
90b06:  00000000           addb rh0,#0x00
90b0a:  00000000           addb rh0,#0x00
90b0e:  00000000           addb rh0,#0x00
90b12:  00000000           addb rh0,#0x00
90b16:  00000000           addb rh0,#0x00
90b1a:  00000000           addb rh0,#0x00
90b1e:  00000000           addb rh0,#0x00
90b22:  00000000           addb rh0,#0x00
90b26:  00000000           addb rh0,#0x00
90b2a:  00000000           addb rh0,#0x00
90b2e:  00000000           addb rh0,#0x00
90b32:  00000000           addb rh0,#0x00
90b36:  00000000           addb rh0,#0x00
90b3a:  00000000           addb rh0,#0x00
90b3e:  00000000           addb rh0,#0x00
90b42:  00000000           addb rh0,#0x00
90b46:  00000000           addb rh0,#0x00
90b4a:  00000000           addb rh0,#0x00
90b4e:  00000000           addb rh0,#0x00
90b52:  00000000           addb rh0,#0x00
90b56:  00000000           addb rh0,#0x00
90b5a:  00000000           addb rh0,#0x00
90b5e:  00000000           addb rh0,#0x00
90b62:  00000000           addb rh0,#0x00
90b66:  00000000           addb rh0,#0x00
90b6a:  00000000           addb rh0,#0x00
90b6e:  00000000           addb rh0,#0x00
90b72:  00000000           addb rh0,#0x00
90b76:  00000000           addb rh0,#0x00
90b7a:  00000000           addb rh0,#0x00
90b7e:  00000000           addb rh0,#0x00
90b82:  00000000           addb rh0,#0x00
90b86:  00000000           addb rh0,#0x00
90b8a:  00000000           addb rh0,#0x00
90b8e:  00000000           addb rh0,#0x00
90b92:  00000000           addb rh0,#0x00
90b96:  00000000           addb rh0,#0x00
90b9a:  00000000           addb rh0,#0x00
90b9e:  00000000           addb rh0,#0x00
90ba2:  00000000           addb rh0,#0x00
90ba6:  00000000           addb rh0,#0x00
90baa:  00000000           addb rh0,#0x00
90bae:  00000000           addb rh0,#0x00
90bb2:  00000000           addb rh0,#0x00
90bb6:  00000000           addb rh0,#0x00
90bba:  00000000           addb rh0,#0x00
90bbe:  00000000           addb rh0,#0x00
90bc2:  00000000           addb rh0,#0x00
90bc6:  00000000           addb rh0,#0x00
90bca:  00000000           addb rh0,#0x00
90bce:  00000000           addb rh0,#0x00
90bd2:  00000000           addb rh0,#0x00
90bd6:  00000000           addb rh0,#0x00
90bda:  00000000           addb rh0,#0x00
90bde:  00000000           addb rh0,#0x00
90be2:  00000000           addb rh0,#0x00
90be6:  00000000           addb rh0,#0x00
90bea:  00000000           addb rh0,#0x00
90bee:  00000000           addb rh0,#0x00
90bf2:  00000000           addb rh0,#0x00
90bf6:  00000000           addb rh0,#0x00
90bfa:  00000000           addb rh0,#0x00
90bfe:  00000000           addb rh0,#0x00
90c02:  00000000           addb rh0,#0x00
90c06:  00000000           addb rh0,#0x00
90c0a:  00000000           addb rh0,#0x00
90c0e:  00000000           addb rh0,#0x00
90c12:  00000000           addb rh0,#0x00
90c16:  00000000           addb rh0,#0x00
90c1a:  00000000           addb rh0,#0x00
90c1e:  00000000           addb rh0,#0x00
90c22:  00000000           addb rh0,#0x00
90c26:  00000000           addb rh0,#0x00
90c2a:  00000000           addb rh0,#0x00
90c2e:  00000000           addb rh0,#0x00
90c32:  00000000           addb rh0,#0x00
90c36:  00000000           addb rh0,#0x00
90c3a:  00000000           addb rh0,#0x00
90c3e:  00000000           addb rh0,#0x00
90c42:  00000000           addb rh0,#0x00
90c46:  00000000           addb rh0,#0x00
90c4a:  00000000           addb rh0,#0x00
90c4e:  00000000           addb rh0,#0x00
90c52:  00000000           addb rh0,#0x00
90c56:  00000000           addb rh0,#0x00
90c5a:  00000000           addb rh0,#0x00
90c5e:  00000000           addb rh0,#0x00
90c62:  00000000           addb rh0,#0x00
90c66:  00000000           addb rh0,#0x00
90c6a:  00000000           addb rh0,#0x00
90c6e:  00000000           addb rh0,#0x00
90c72:  00000000           addb rh0,#0x00
90c76:  00000000           addb rh0,#0x00
90c7a:  00000000           addb rh0,#0x00
90c7e:  00000000           addb rh0,#0x00
90c82:  00000000           addb rh0,#0x00
90c86:  00000000           addb rh0,#0x00
90c8a:  00000000           addb rh0,#0x00
90c8e:  00000000           addb rh0,#0x00
90c92:  00000000           addb rh0,#0x00
90c96:  00000000           addb rh0,#0x00
90c9a:  00000000           addb rh0,#0x00
90c9e:  00000000           addb rh0,#0x00
90ca2:  00000000           addb rh0,#0x00
90ca6:  00000000           addb rh0,#0x00
90caa:  00000000           addb rh0,#0x00
90cae:  00000000           addb rh0,#0x00
90cb2:  00000000           addb rh0,#0x00
90cb6:  00000000           addb rh0,#0x00
90cba:  00000000           addb rh0,#0x00
90cbe:  00000000           addb rh0,#0x00
90cc2:  00000000           addb rh0,#0x00
90cc6:  00000000           addb rh0,#0x00
90cca:  00000000           addb rh0,#0x00
90cce:  00000000           addb rh0,#0x00
90cd2:  00000000           addb rh0,#0x00
90cd6:  00000000           addb rh0,#0x00
90cda:  00000000           addb rh0,#0x00
90cde:  00000000           addb rh0,#0x00
90ce2:  00000000           addb rh0,#0x00
90ce6:  00000000           addb rh0,#0x00
90cea:  00000000           addb rh0,#0x00
90cee:  00000000           addb rh0,#0x00
90cf2:  00000000           addb rh0,#0x00
90cf6:  00000000           addb rh0,#0x00
90cfa:  00000000           addb rh0,#0x00
90cfe:  00000000           addb rh0,#0x00
90d02:  00000000           addb rh0,#0x00
90d06:  00000000           addb rh0,#0x00
90d0a:  00000000           addb rh0,#0x00
90d0e:  00000000           addb rh0,#0x00
90d12:  00000000           addb rh0,#0x00
90d16:  00000000           addb rh0,#0x00
90d1a:  00000000           addb rh0,#0x00
90d1e:  00000000           addb rh0,#0x00
90d22:  00000000           addb rh0,#0x00
90d26:  00000000           addb rh0,#0x00
90d2a:  00000000           addb rh0,#0x00
90d2e:  00000000           addb rh0,#0x00
90d32:  00000000           addb rh0,#0x00
90d36:  00000000           addb rh0,#0x00
90d3a:  00000000           addb rh0,#0x00
90d3e:  00000000           addb rh0,#0x00
90d42:  00000000           addb rh0,#0x00
90d46:  00000000           addb rh0,#0x00
90d4a:  00000000           addb rh0,#0x00
90d4e:  00000000           addb rh0,#0x00
90d52:  00000000           addb rh0,#0x00
90d56:  00000000           addb rh0,#0x00
90d5a:  00000000           addb rh0,#0x00
90d5e:  00000000           addb rh0,#0x00
90d62:  00000000           addb rh0,#0x00
90d66:  00000000           addb rh0,#0x00
90d6a:  00000000           addb rh0,#0x00
90d6e:  00000000           addb rh0,#0x00
90d72:  00000000           addb rh0,#0x00
90d76:  00000000           addb rh0,#0x00
90d7a:  00000000           addb rh0,#0x00
90d7e:  00000000           addb rh0,#0x00
90d82:  00000000           addb rh0,#0x00
90d86:  00000000           addb rh0,#0x00
90d8a:  00000000           addb rh0,#0x00
90d8e:  00000000           addb rh0,#0x00
90d92:  00000000           addb rh0,#0x00
90d96:  00000000           addb rh0,#0x00
90d9a:  00000000           addb rh0,#0x00
90d9e:  00000000           addb rh0,#0x00
90da2:  00000000           addb rh0,#0x00
90da6:  00000000           addb rh0,#0x00
90daa:  00000000           addb rh0,#0x00
90dae:  00000000           addb rh0,#0x00
90db2:  00000000           addb rh0,#0x00
90db6:  00000000           addb rh0,#0x00
90dba:  00000000           addb rh0,#0x00
90dbe:  00000000           addb rh0,#0x00
90dc2:  00000000           addb rh0,#0x00
90dc6:  00000000           addb rh0,#0x00
90dca:  00000000           addb rh0,#0x00
90dce:  00000000           addb rh0,#0x00
90dd2:  00000000           addb rh0,#0x00
90dd6:  00000000           addb rh0,#0x00
90dda:  00000000           addb rh0,#0x00
90dde:  00000000           addb rh0,#0x00
90de2:  00000000           addb rh0,#0x00
90de6:  00000000           addb rh0,#0x00
90dea:  00000000           addb rh0,#0x00
90dee:  00000000           addb rh0,#0x00
90df2:  00000000           addb rh0,#0x00
90df6:  00000000           addb rh0,#0x00
90dfa:  00000000           addb rh0,#0x00
90dfe:  00000000           addb rh0,#0x00
90e02:  00000000           addb rh0,#0x00
90e06:  00000000           addb rh0,#0x00
90e0a:  00000000           addb rh0,#0x00
90e0e:  00000000           addb rh0,#0x00
90e12:  00000000           addb rh0,#0x00
90e16:  00000000           addb rh0,#0x00
90e1a:  00000000           addb rh0,#0x00
90e1e:  00000000           addb rh0,#0x00
90e22:  00000000           addb rh0,#0x00
90e26:  00000000           addb rh0,#0x00
90e2a:  00000000           addb rh0,#0x00
90e2e:  00000000           addb rh0,#0x00
90e32:  00000000           addb rh0,#0x00
90e36:  00000000           addb rh0,#0x00
90e3a:  00000000           addb rh0,#0x00
90e3e:  00000000           addb rh0,#0x00
90e42:  00000000           addb rh0,#0x00
90e46:  00000000           addb rh0,#0x00
90e4a:  00000000           addb rh0,#0x00
90e4e:  00000000           addb rh0,#0x00
90e52:  00000000           addb rh0,#0x00
90e56:  00000000           addb rh0,#0x00
90e5a:  00000000           addb rh0,#0x00
90e5e:  00000000           addb rh0,#0x00
90e62:  00000000           addb rh0,#0x00
90e66:  00000000           addb rh0,#0x00
90e6a:  00000000           addb rh0,#0x00
90e6e:  00000000           addb rh0,#0x00
90e72:  00000000           addb rh0,#0x00
90e76:  00000000           addb rh0,#0x00
90e7a:  00000000           addb rh0,#0x00
90e7e:  00000000           addb rh0,#0x00
90e82:  00000000           addb rh0,#0x00
90e86:  00000000           addb rh0,#0x00
90e8a:  00000000           addb rh0,#0x00
90e8e:  00000000           addb rh0,#0x00
90e92:  00000000           addb rh0,#0x00
90e96:  00000000           addb rh0,#0x00
90e9a:  00000000           addb rh0,#0x00
90e9e:  00000000           addb rh0,#0x00
90ea2:  00000000           addb rh0,#0x00
90ea6:  00000000           addb rh0,#0x00
90eaa:  00000000           addb rh0,#0x00
90eae:  00000000           addb rh0,#0x00
90eb2:  00000000           addb rh0,#0x00
90eb6:  00000000           addb rh0,#0x00
90eba:  00000000           addb rh0,#0x00
90ebe:  00000000           addb rh0,#0x00
90ec2:  00000000           addb rh0,#0x00
90ec6:  00000000           addb rh0,#0x00
90eca:  00000000           addb rh0,#0x00
90ece:  00000000           addb rh0,#0x00
90ed2:  00000000           addb rh0,#0x00
90ed6:  00000000           addb rh0,#0x00
90eda:  00000000           addb rh0,#0x00
90ede:  00000000           addb rh0,#0x00
90ee2:  00000000           addb rh0,#0x00
90ee6:  00000000           addb rh0,#0x00
90eea:  00000000           addb rh0,#0x00
90eee:  00000000           addb rh0,#0x00
90ef2:  00000000           addb rh0,#0x00
90ef6:  00000000           addb rh0,#0x00
90efa:  00000000           addb rh0,#0x00
90efe:  00000000           addb rh0,#0x00
90f02:  00000000           addb rh0,#0x00
90f06:  00000000           addb rh0,#0x00
90f0a:  00000000           addb rh0,#0x00
90f0e:  00000000           addb rh0,#0x00
90f12:  00000000           addb rh0,#0x00
90f16:  00000000           addb rh0,#0x00
90f1a:  00000000           addb rh0,#0x00
90f1e:  00000000           addb rh0,#0x00
90f22:  00000000           addb rh0,#0x00
90f26:  00000000           addb rh0,#0x00
90f2a:  00000000           addb rh0,#0x00
90f2e:  00000000           addb rh0,#0x00
90f32:  00000000           addb rh0,#0x00
90f36:  00000000           addb rh0,#0x00
90f3a:  00000000           addb rh0,#0x00
90f3e:  00000000           addb rh0,#0x00
90f42:  00000000           addb rh0,#0x00
90f46:  00000000           addb rh0,#0x00
90f4a:  00000000           addb rh0,#0x00
90f4e:  00000000           addb rh0,#0x00
90f52:  00000000           addb rh0,#0x00
90f56:  00000000           addb rh0,#0x00
90f5a:  00000000           addb rh0,#0x00
90f5e:  554e4954           popl <<73>>0x0054(r14),@rr4
90f62:  44455343           orb rh5,<<83>>0x0043(r4)
90f66:  00000000           addb rh0,#0x00
90f6a:  00000000           addb rh0,#0x00
90f6e:  00000000           addb rh0,#0x00
90f72:  00000000           addb rh0,#0x00
90f76:  00000000           addb rh0,#0x00
90f7a:  00000000           addb rh0,#0x00
90f7e:  0000554e           addb rh0,#0x4e
90f82:  53453020           push @rr4,<<48>>0x0020(r5)
90f86:  554e5345           popl <<83>>0x0045(r14),@rr4
90f8a:  3120534b           ld r0,rr2(#0x534b)
90f8e:  454e3020           or r14,<<48>>0x0020(r4)
90f92:  50495a45           cpl rr9,<<90>>0x0045(r4)
90f96:  30205550           ldb rh0,rr2(#0x5550)
90f9a:  52303020           subl rr0,<<48>>0x0020(r3)
90f9e:  45525752           or r2,<<87>>0x0052(r5)
90fa2:  3020504f           ldb rh0,rr2(#0x504f)
90fa6:  53463120           push @rr4,<<49>>0x0020(r6)
90faa:  45524255           or r2,<<66>>0x0055(r5)
90fae:  49205041           xor r0,<<80>>0x0041(r2)
90fb2:  45523020           or r2,<<48>>0x0020(r5)
90fb6:  52455345           subl rr5,<<83>>0x0045(r4)
90fba:  42205052           subb rh0,<<80>>0x0052(r2)
90fbe:  494e3020           xor r14,<<48>>0x0020(r4)
90fc2:  53545543           push @rr5,<<85>>0x0043(r4)
90fc6:  4b204154           cp r0,<<65>>0x0054(r2)
90fca:  2030               ldb rh0,@rr3
90fcc:  2020               ldb rh0,@rr2
90fce:  53545543           push @rr5,<<85>>0x0043(r4)
90fd2:  4b204154           cp r0,<<65>>0x0054(r2)
90fd6:  2031               ldb rh1,@rr3
90fd8:  2020               ldb rh0,@rr2
90fda:  00000000           addb rh0,#0x00
90fde:  00000000           addb rh0,#0x00
90fe2:  000000ff           addb rh0,#0xff
90fe6:  01000102           add r0,#0x0102
90fea:  01000000           add r0,#0x0000
90fee:  000101ff           addb rh1,#0xff
90ff2:  01000101           add r0,#0x0101
90ff6:  01000000           add r0,#0x0000
90ffa:  000101ff           addb rh1,#0xff
90ffe:  01000102           add r0,#0x0102
91002:  01000000           add r0,#0x0000
91006:  000100ff           addb rh1,#0xff
9100a:  00000f01           addb rh0,#0x01
9100e:  00000c01           addb rh0,#0x01
91012:  00fe               addb rl6,@rr15
91014:  080100fe           xorb rh1,#0xfe
91018:  03010000           sub r1,#0x0000
9101c:  0f040000           ext0f #0x0f040000
91020:  0d04               .word #0x0d04
91022:  00fe               addb rl6,@rr15
91024:  060400fe           andb rh4,#0xfe
91028:  03040000           sub r4,#0x0000
9102c:  0f0b0000           ext0f #0x0f0b0000
91030:  0d0b               .word #0x0d0b
91032:  00000b0b           addb rh0,#0x0b
91036:  00fe               addb rl6,@rr15
91038:  0e0b00fe           ext0e #0x0e0b00fe
9103c:  0c0b               .word #0x0c0b
9103e:  00fe               addb rl6,@rr15
91040:  0b0b0100           cp r11,#0x0100
91044:  0f010100           ext0f #0x0f010100
91048:  0c04               .word #0x0c04
9104a:  01000b0b           add r0,#0x0b0b
9104e:  01010f0b           add r1,#0x0f0b
91052:  00000f0c           addb rh0,#0x0c
91056:  007e               addb rl6,@rr7
91058:  0f0c00fe           ext0f #0x0f0c00fe
9105c:  0f0e0100           ext0f #0x0f0e0100
91060:  0f0c00fe           ext0f #0x0f0c00fe
91064:  00010100           addb rh1,#0x00
91068:  0f0100fe           ext0f #0x0f0100fe
9106c:  01020100           add r2,#0x0100
91070:  0f0200fe           ext0f #0x0f0200fe
91074:  090a0100           xor r10,#0x0100
91078:  0f0100fe           ext0f #0x0f0100fe
9107c:  00010100           addb rh1,#0x00
91080:  0f0a0000           ext0f #0x0f0a0000
91084:  0f010000           ext0f #0x0f010000
91088:  0e010000           ext0e #0x0e010000
9108c:  0d01               .word #0x0d01
9108e:  00000c01           addb rh0,#0x01
91092:  00000b01           addb rh0,#0x01
91096:  00000a01           addb rh0,#0x01
9109a:  00000901           addb rh0,#0x01
9109e:  00000801           addb rh0,#0x01
910a2:  00fe               addb rl6,@rr15
910a4:  070100fe           and r1,#0x00fe
910a8:  060100fe           andb rh1,#0xfe
910ac:  050100fe           or r1,#0x00fe
910b0:  040100fe           orb rh1,#0xfe
910b4:  030100fe           sub r1,#0x00fe
910b8:  020100fe           subb rh1,#0xfe
910bc:  010100fe           add r1,#0x00fe
910c0:  00012020           addb rh1,#0x20
910c4:  2048               ldb rl0,@rr4
910c6:  4443352e           orb rh3,<<53>>0x002e(r4)
910ca:  434f4e54           sub r15,<<78>>0x0054(r4)
910ce:  52455320           subl rr5,<<83>>0x0020(r4)
910d2:  2020               ldb rh0,@rr2
910d4:  4e4f20455252       ext4e #0x4e4f2045,<<82>>0x0052
910da:  4f522f535645       ext4f #0x4f522f53,<<86>>0x0045
910e0:  43544f52           sub r4,<<79>>0x0052(r5)
910e4:  2020               ldb rh0,@rr2
910e6:  2020               ldb rh0,@rr2
910e8:  50524f49           cpl rr2,<<79>>0x0049(r5)
910ec:  4e5420202020       ext4e #0x4e542020,<<32>>0x0020
910f2:  53544154           push @rr5,<<65>>0x0054(r4)
910f6:  5553464c           popl <<70>>0x004c(r3),@rr5
910fa:  41475354           add r7,<<83>>0x0054(r4)
910fe:  41545553           add r4,<<85>>0x0053(r5)
91102:  2020               ldb rh0,@rr2
91104:  2020               ldb rh0,@rr2
91106:  50524f50           cpl rr2,<<79>>0x0050(r5)
9110a:  45414b20           or r1,<<75>>0x0020(r4)
9110e:  2020               ldb rh0,@rr2
91110:  444d4143           orb rl5,<<65>>0x0043(r4)
91114:  41522020           add r2,<<32>>0x0020(r5)
91118:  2020               ldb rh0,@rr2
9111a:  54494d45           ldl rr9,<<77>>0x0045(r4)
9111e:  52202020           subl rr0,<<32>>0x0020(r2)
91122:  2020               ldb rh0,@rr2
91124:  434f4e54           sub r15,<<78>>0x0054(r4)
91128:  52494e49           subl rr9,<<78>>0x0049(r4)
9112c:  5a204745           divl rq0,<<71>>0x0045(r2)
91130:  4e494e542020       ext4e #0x4e494e54,<<32>>0x0020
91136:  2020               ldb rh0,@rr2
91138:  484f4d45           xorb rl7,<<77>>0x0045(r4)
9113c:  2020               ldb rh0,@rr2
9113e:  2020               ldb rh0,@rr2
91140:  2020               ldb rh0,@rr2
91142:  5345454b           push @rr4,<<69>>0x004b(r5)
91146:  2020               ldb rh0,@rr2
91148:  2020               ldb rh0,@rr2
9114a:  2020               ldb rh0,@rr2
9114c:  4c4f               .word #0x4c4f
9114e:  41442020           add r4,<<32>>0x0020(r4)
91152:  2020               ldb rh0,@rr2
91154:  2020               ldb rh0,@rr2
91156:  53544f52           push @rr5,<<79>>0x0052(r4)
9115a:  45202020           or r0,<<32>>0x0020(r2)
9115e:  2020               ldb rh0,@rr2
91160:  434f5245           sub r15,<<82>>0x0045(r4)
91164:  43432020           sub r3,<<32>>0x0020(r4)
91168:  2020               ldb rh0,@rr2
9116a:  52454144           subl rr5,<<65>>0x0044(r4)
9116e:  2020               ldb rh0,@rr2
91170:  2020               ldb rh0,@rr2
91172:  2020               ldb rh0,@rr2
91174:  57524954           pop <<73>>0x0054(r2),@rr5
91178:  45202020           or r0,<<32>>0x0020(r2)
9117c:  2020               ldb rh0,@rr2
9117e:  56455249           addl rr5,<<82>>0x0049(r4)
91182:  46592020           andb rl1,<<32>>0x0020(r5)
91186:  2020               ldb rh0,@rr2
91188:  464f524d           andb rl7,<<82>>0x004d(r4)
9118c:  41542020           add r4,<<32>>0x0020(r5)
91190:  2020               ldb rh0,@rr2
91192:  52454144           subl rr5,<<65>>0x0044(r4)
91196:  4c4f               .word #0x4c4f
91198:  4e4720205752       ext4e #0x4e472020,<<87>>0x0052
9119e:  4954454c           xor r4,<<69>>0x004c(r5)
911a2:  4f4e47205645       ext4f #0x4f4e4720,<<86>>0x0045
911a8:  52494659           subl rr9,<<70>>0x0059(r4)
911ac:  4c4f               .word #0x4c4f
911ae:  4e4752454144       ext4e #0x4e475245,<<65>>0x0044
911b4:  49442020           xor r4,<<32>>0x0020(r4)
911b8:  2020               ldb rh0,@rr2
911ba:  56455249           addl rr5,<<82>>0x0049(r4)
911be:  46594944           andb rl1,<<73>>0x0044(r5)
911c2:  2020               ldb rh0,@rr2
911c4:  54494d45           ldl rr9,<<77>>0x0045(r4)
911c8:  5345454b           push @rr4,<<69>>0x004b(r5)
911cc:  2020               ldb rh0,@rr2
911ce:  54494d45           ldl rr9,<<77>>0x0045(r4)
911d2:  524f5420           subl rr15,<<84>>0x0020(r4)
911d6:  2020               ldb rh0,@rr2
911d8:  54494d45           ldl rr9,<<77>>0x0045(r4)
911dc:  52454e44           subl rr5,<<78>>0x0044(r4)
911e0:  2020               ldb rh0,@rr2
911e2:  434f4e54           sub r15,<<78>>0x0054(r4)
911e6:  52454e44           subl rr5,<<78>>0x0044(r4)
911ea:  2020               ldb rh0,@rr2
911ec:  47454e49           and r5,<<78>>0x0049(r4)
911f0:  4e54454e4420       ext4e #0x4e54454e,<<68>>0x0020
911f6:  484f4d45           xorb rl7,<<77>>0x0045(r4)
911fa:  4e4420202020       ext4e #0x4e442020,<<32>>0x0020
91200:  5345454b           push @rr4,<<69>>0x004b(r5)
91204:  454e4420           or r14,<<68>>0x0020(r4)
91208:  2020               ldb rh0,@rr2
9120a:  4c4f               .word #0x4c4f
9120c:  4144454e           add r4,<<69>>0x004e(r4)
91210:  44202020           orb rh0,<<32>>0x0020(r2)
91214:  53544f52           push @rr5,<<79>>0x0052(r4)
91218:  454e4420           or r14,<<68>>0x0020(r4)
9121c:  2020               ldb rh0,@rr2
9121e:  434f5245           sub r15,<<82>>0x0045(r4)
91222:  4343454e           sub r3,<<69>>0x004e(r4)
91226:  44205245           orb rh0,<<82>>0x0045(r2)
9122a:  4144454e           add r4,<<69>>0x004e(r4)
9122e:  44202020           orb rh0,<<32>>0x0020(r2)
91232:  57524954           pop <<73>>0x0054(r2),@rr5
91236:  454e4420           or r14,<<68>>0x0020(r4)
9123a:  2020               ldb rh0,@rr2
9123c:  56455249           addl rr5,<<82>>0x0049(r4)
91240:  4659454e           andb rl1,<<69>>0x004e(r5)
91244:  4420464f           orb rh0,<<70>>0x004f(r2)
91248:  524d4154           subl rr13,<<65>>0x0054(r4)
9124c:  454e4420           or r14,<<68>>0x0020(r4)
91250:  52444c4f           subl rr4,<<76>>0x004f(r4)
91254:  4e47454e4420       ext4e #0x4e47454e,<<68>>0x0020
9125a:  57524c4f           pop <<76>>0x004f(r2),@rr5
9125e:  4e47454e4420       ext4e #0x4e47454e,<<68>>0x0020
91264:  56454c4f           addl rr5,<<76>>0x004f(r4)
91268:  4e47454e4420       ext4e #0x4e47454e,<<68>>0x0020
9126e:  52454144           subl rr5,<<65>>0x0044(r4)
91272:  4944454e           xor r4,<<69>>0x004e(r4)
91276:  44205645           orb rh0,<<86>>0x0045(r2)
9127a:  52494445           subl rr9,<<68>>0x0045(r4)
9127e:  4e442020544d       ext4e #0x4e442020,<<84>>0x004d
91284:  5345454b           push @rr4,<<69>>0x004b(r5)
91288:  454e4420           or r14,<<68>>0x0020(r4)
9128c:  544d524f           ldl rr13,<<82>>0x004f(r4)
91290:  54454e44           ldl rr5,<<78>>0x0044(r4)
91294:  2020               ldb rh0,@rr2
91296:  434f4e54           sub r15,<<78>>0x0054(r4)
9129a:  494d4552           xor r13,<<69>>0x0052(r4)
9129e:  2020               ldb rh0,@rr2
912a0:  434f4e54           sub r15,<<78>>0x0054(r4)
912a4:  4d52454e           neg <<69>>0x004e(r5)
912a8:  44205246           orb rh0,<<82>>0x0046(r2)
912ac:  49464f20           xor r6,<<79>>0x0020(r4)
912b0:  2020               ldb rh0,@rr2
912b2:  2020               ldb rh0,@rr2
912b4:  57464946           pop <<73>>0x0046(r6),@rr4
912b8:  4f2020202020       ext4f #0x4f202020,<<32>>0x0020
912be:  4c4f               .word #0x4c4f
912c0:  41443857           add r4,<<56>>0x0057(r4)
912c4:  2020               ldb rh0,@rr2
912c6:  2020               ldb rh0,@rr2
912c8:  53544f52           push @rr5,<<79>>0x0052(r4)
912cc:  45385720           or r8,<<87>>0x0020(r3)
912d0:  2020               ldb rh0,@rr2
912d2:  54494d45           ldl rr9,<<77>>0x0045(r4)
912d6:  444d4120           orb rl5,<<65>>0x0020(r4)
912da:  2020               ldb rh0,@rr2
912dc:  53544f52           push @rr5,<<79>>0x0052(r4)
912e0:  3857               .word #0x3857
912e2:  454e4420           or r14,<<68>>0x0020(r4)
912e6:  4c4f               .word #0x4c4f
912e8:  41443857           add r4,<<56>>0x0057(r4)
912ec:  454e4420           or r14,<<68>>0x0020(r4)
912f0:  00010000           addb rh1,#0x00
912f4:  00000000           addb rh0,#0x00
912f8:  1111               pushl @rr1,@rr1
912fa:  1111               pushl @rr1,@rr1
912fc:  1111               pushl @rr1,@rr1
912fe:  2222               resb @rr2,#2
91300:  2222               resb @rr2,#2
91302:  2222               resb @rr2,#2
91304:  44444444           orb rh4,<<68>>0x0044(r4)
91308:  444488888888       orb rh4,<<8>>0x8888(r4)
9130e:  8888               xorb rl0,rl0
91310:  aa55               decb rh5,#6
91312:  33cc9966           ld rr12(#0x9966),r12
91316:  5aa53cc3           divl rq5,<<60>>0x00c3(r10)
9131a:  6996ff009966       inc <<127>>0x9966(r9),#7
91320:  7887               .word #0x7887
91322:  8778               and r8,r7
91324:  9669               addl rr9,rr6
91326:  00ff               addb rl7,@rr15
91328:  0007af00           addb rh7,#0x00
9132c:  0007b100           addb rh7,#0x00
91330:  00076f00           addb rh7,#0x00
91334:  00077100           addb rh7,#0x00
91338:  45000000           or r0,<<0>>0x0000
9133c:  4fff00004500       ext4f #0x4fff0000,<<69>>0x0000
91342:  00004fff           addb rh0,#0xff
91346:  00001500           addb rh0,#0x00
9134a:  00001eff           addb rh0,#0xff
9134e:  00001400           addb rh0,#0x00
91352:  00001dff           addb rh0,#0xff
91356:  00000000           addb rh0,#0x00
9135a:  1111               pushl @rr1,@rr1
9135c:  2222               resb @rr2,#2
9135e:  444488888421       orb rh4,<<8>>0x8421(r4)
91364:  48122148           xorb rh2,<<33>>0x0048(r1)
91368:  1284               subl rr4,@rr8
9136a:  a55a               set r5,#10
9136c:  5aa5c33c3cc3       divl rq5,<<67>>0x3cc3(r10)
91372:  9669               addl rr9,rr6
91374:  6996f00f0ff0       inc <<112>>0x0ff0(r9),#7
9137a:  ffff               djnz r15,0x127e
9137c:  aaaa               decb rl2,#11
9137e:  9696               addl rr6,rr9
91380:  5a5a6969           divl rq10,<<105>>0x0069(r5)
91384:  5555a5a57e7e       popl <<37>>0x7e7e(r5),@rr5
9138a:  f0f0               djnz r0,0x12ac
9138c:  0f0fc3c3           ext0f #0x0f0fc3c3
91390:  3c3c               inb rl4,@r3
91392:  dbdb               calr 0x1bde
91394:  6f6fbdbd9f9f       ld <<61>>0x9f9f(r6),r15
9139a:  f9f9               djnz r9,0x12aa
9139c:  f6f6               djnz r6,0x12b2
9139e:  66666060           bitb <<96>>0x0060(r6),#6
913a2:  0d0d               .word #0x0d0d
913a4:  9090               cpl rr0,rr9
913a6:  09090606           xor r9,#0x0606
913aa:  ffff               djnz r15,0x12ae
913ac:  40740000           addb rh4,<<0>>0x0000(r7)
913b0:  41c10000           add r1,<<0>>0x0000(r12)
913b4:  00001000           addb rh0,#0x00
913b8:  20003000           ldb rh0,#0x00
913bc:  40005000           addb rh0,<<80>>0x0000
913c0:  60007000           ldb rh0,<<112>>0x0000
913c4:  75300000           ldl rr0,rr3(r0)
913c8:  00000000           addb rh0,#0x00
913cc:  ffff               djnz r15,0x12d0
913ce:  aaaa               decb rl2,#11
913d0:  5555dbdb6b6b       popl <<91>>0x6b6b(r5),@rr5
913d6:  48444335           xorb rh4,<<67>>0x0035(r4)
913da:  5f43               .word #0x5f43
913dc:  4f4e54524553       ext4f #0x4f4e5452,<<69>>0x0053
913e2:  7e57               .word #0x7e57
913e4:  3b484443           indr @rr4,@r4,r4
913e8:  355f5645           ldl rr15,rr5(#0x5645)
913ec:  43544f52           sub r4,<<79>>0x0052(r5)
913f0:  7e57               .word #0x7e57
913f2:  573b4844           pop <<72>>0x0044(r11),@rr3
913f6:  43355f50           sub r5,<<95>>0x0050(r3)
913fa:  524f494e           subl rr15,<<73>>0x004e(r4)
913fe:  547e5757           ldl rr14,<<87>>0x0057(r7)
91402:  3b484443           indr @rr4,@r4,r4
91406:  355f5354           ldl rr15,rr5(#0x5354)
9140a:  41545553           add r4,<<85>>0x0053(r5)
9140e:  464c4147           andb rl4,<<65>>0x0047(r4)
91412:  7e57               .word #0x7e57
91414:  503b4844           cpl rr11,<<72>>0x0044(r3)
91418:  43355f53           sub r5,<<95>>0x0053(r3)
9141c:  54415455           ldl rr1,<<84>>0x0055(r4)
91420:  537e5750           push @rr7,<<87>>0x0050(r14)
91424:  3b484443           indr @rr4,@r4,r4
91428:  355f5052           ldl rr15,rr5(#0x5052)
9142c:  4f5045414b7e       ext4f #0x4f504541,<<75>>0x007e
91432:  57573b48           pop <<59>>0x0048(r7),@rr5
91436:  4443355f           orb rh3,<<53>>0x005f(r4)
9143a:  444d4143           orb rl5,<<65>>0x0043(r4)
9143e:  41527e57           add r2,<<126>>0x0057(r5)
91442:  573b4844           pop <<72>>0x0044(r11),@rr3
91446:  43355f54           sub r5,<<95>>0x0054(r3)
9144a:  494d4552           xor r13,<<69>>0x0052(r4)
9144e:  7e57               .word #0x7e57
91450:  573b4844           pop <<72>>0x0044(r11),@rr3
91454:  43355f43           sub r5,<<95>>0x0043(r3)
91458:  4f4e5452494e       ext4f #0x4f4e5452,<<73>>0x004e
9145e:  495a7e57           xor r10,<<126>>0x0057(r5)
91462:  502a5757           cpl rr10,<<87>>0x0057(r2)
91466:  57575757           pop <<87>>0x0057(r7),@rr5
9146a:  57575757           pop <<87>>0x0057(r7),@rr5
9146e:  3b484443           indr @rr4,@r4,r4
91472:  355f4745           ldl rr15,rr5(#0x4745)
91476:  4e494e547e57       ext4e #0x4e494e54,<<126>>0x0057
9147c:  3b484443           indr @rr4,@r4,r4
91480:  355f484f           ldl rr15,rr5(#0x484f)
91484:  4d457e57573b       ld <<126>>0x0057(r4),#0x573b
9148a:  48444335           xorb rh4,<<67>>0x0035(r4)
9148e:  5f53               .word #0x5f53
91490:  45454b7e           or r5,<<75>>0x007e(r4)
91494:  5757502a           pop <<80>>0x002a(r7),@rr5
91498:  57575757           pop <<87>>0x0057(r7),@rr5
9149c:  573b4844           pop <<72>>0x0044(r11),@rr3
914a0:  43355f4c           sub r5,<<95>>0x004c(r3)
914a4:  4f41447e574c       ext4f #0x4f41447e,<<87>>0x004c
914aa:  573b4844           pop <<72>>0x0044(r11),@rr3
914ae:  43355f53           sub r5,<<95>>0x0053(r3)
914b2:  544f5245           ldl rr15,<<82>>0x0045(r4)
914b6:  7e57               .word #0x7e57
914b8:  4c57               .word #0x4c57
914ba:  3b484443           indr @rr4,@r4,r4
914be:  355f434f           ldl rr15,rr5(#0x434f)
914c2:  52454343           subl rr5,<<67>>0x0043(r4)
914c6:  7e57               .word #0x7e57
914c8:  3b484443           indr @rr4,@r4,r4
914cc:  355f5445           ldl rr15,rr5(#0x5445)
914d0:  5354504c           push @rr5,<<80>>0x004c(r4)
914d4:  4f7e5757502a       ext4f #0x4f7e5757,<<80>>0x002a
914da:  4c57               .word #0x4c57
914dc:  57575757           pop <<87>>0x0057(r7),@rr5
914e0:  57575757           pop <<87>>0x0057(r7),@rr5
914e4:  57573b48           pop <<59>>0x0048(r7),@rr5
914e8:  4443355f           orb rh3,<<53>>0x005f(r4)
914ec:  52454144           subl rr5,<<65>>0x0044(r4)
914f0:  7e57               .word #0x7e57
914f2:  57502a4c           pop <<42>>0x004c,@rr5
914f6:  57575757           pop <<87>>0x0057(r7),@rr5
914fa:  57575757           pop <<87>>0x0057(r7),@rr5
914fe:  57573b48           pop <<59>>0x0048(r7),@rr5
91502:  4443355f           orb rh3,<<53>>0x005f(r4)
91506:  57524954           pop <<73>>0x0054(r2),@rr5
9150a:  457e5757           or r14,<<87>>0x0057(r7)
9150e:  502a4c57           cpl rr10,<<76>>0x0057(r2)
91512:  57575757           pop <<87>>0x0057(r7),@rr5
91516:  57575757           pop <<87>>0x0057(r7),@rr5
9151a:  573b4844           pop <<72>>0x0044(r11),@rr3
9151e:  43355f56           sub r5,<<95>>0x0056(r3)
91522:  45524946           or r2,<<73>>0x0046(r5)
91526:  597e5757           mult rr14,<<87>>0x0057(r7)
9152a:  502a4c57           cpl rr10,<<76>>0x0057(r2)
9152e:  57575757           pop <<87>>0x0057(r7),@rr5
91532:  57575757           pop <<87>>0x0057(r7),@rr5
91536:  57573b48           pop <<59>>0x0048(r7),@rr5
9153a:  4443355f           orb rh3,<<53>>0x005f(r4)
9153e:  464f524d           andb rl7,<<82>>0x004d(r4)
91542:  41547e57           add r4,<<126>>0x0057(r5)
91546:  57502a57           pop <<42>>0x0057,@rr5
9154a:  57575757           pop <<87>>0x0057(r7),@rr5
9154e:  57575757           pop <<87>>0x0057(r7),@rr5
91552:  3b484443           indr @rr4,@r4,r4
91556:  355f5245           ldl rr15,rr5(#0x5245)
9155a:  41444c4f           add r4,<<76>>0x004f(r4)
9155e:  4e477e575750       ext4e #0x4e477e57,<<87>>0x0050
91564:  2a57               decb @rr5,#8
91566:  57575757           pop <<87>>0x0057(r7),@rr5
9156a:  57575757           pop <<87>>0x0057(r7),@rr5
9156e:  573b4844           pop <<72>>0x0044(r11),@rr3
91572:  43355f57           sub r5,<<95>>0x0057(r3)
91576:  52495445           subl rr9,<<84>>0x0045(r4)
9157a:  4c4f               .word #0x4c4f
9157c:  4e477e575750       ext4e #0x4e477e57,<<87>>0x0050
91582:  2a57               decb @rr5,#8
91584:  57575757           pop <<87>>0x0057(r7),@rr5
91588:  57575757           pop <<87>>0x0057(r7),@rr5
9158c:  573b4844           pop <<72>>0x0044(r11),@rr3
91590:  43355f56           sub r5,<<95>>0x0056(r3)
91594:  45524946           or r2,<<73>>0x0046(r5)
91598:  594c4f4e           mult rr12,<<79>>0x004e(r4)
9159c:  477e5757           and r14,<<87>>0x0057(r7)
915a0:  502a5757           cpl rr10,<<87>>0x0057(r2)
915a4:  57575757           pop <<87>>0x0057(r7),@rr5
915a8:  57575757           pop <<87>>0x0057(r7),@rr5
915ac:  3b484443           indr @rr4,@r4,r4
915b0:  355f5245           ldl rr15,rr5(#0x5245)
915b4:  41444944           add r4,<<73>>0x0044(r4)
915b8:  7e57               .word #0x7e57
915ba:  57502a4c           pop <<42>>0x004c,@rr5
915be:  57575757           pop <<87>>0x0057(r7),@rr5
915c2:  57573b48           pop <<59>>0x0048(r7),@rr5
915c6:  4443355f           orb rh3,<<53>>0x005f(r4)
915ca:  56455249           addl rr5,<<82>>0x0049(r4)
915ce:  46594944           andb rl1,<<73>>0x0044(r5)
915d2:  7e57               .word #0x7e57
915d4:  57502a57           pop <<42>>0x0057,@rr5
915d8:  57575757           pop <<87>>0x0057(r7),@rr5
915dc:  573b4844           pop <<72>>0x0044(r11),@rr3
915e0:  43355f54           sub r5,<<95>>0x0054(r3)
915e4:  494d4553           xor r13,<<69>>0x0053(r4)
915e8:  45454b7e           or r5,<<75>>0x007e(r4)
915ec:  5757502a           pop <<80>>0x002a(r7),@rr5
915f0:  57575757           pop <<87>>0x0057(r7),@rr5
915f4:  573b4844           pop <<72>>0x0044(r11),@rr3
915f8:  43355f54           sub r5,<<95>>0x0054(r3)
915fc:  494d4552           xor r13,<<69>>0x0052(r4)
91600:  4f547e575750       ext4f #0x4f547e57,<<87>>0x0050
91606:  2a57               decb @rr5,#8
91608:  5757573b           pop <<87>>0x003b(r7),@rr5
9160c:  48444335           xorb rh4,<<67>>0x0035(r4)
91610:  5f54               .word #0x5f54
91612:  494d4552           xor r13,<<69>>0x0052(r4)
91616:  454e447e           or r14,<<68>>0x007e(r4)
9161a:  573b4844           pop <<72>>0x0044(r11),@rr3
9161e:  43355f43           sub r5,<<95>>0x0043(r3)
91622:  4f4e5452454e       ext4f #0x4f4e5452,<<69>>0x004e
91628:  447e573b           orb rl6,<<87>>0x003b(r7)
9162c:  48444335           xorb rh4,<<67>>0x0035(r4)
91630:  5f47               .word #0x5f47
91632:  454e494e           or r14,<<73>>0x004e(r4)
91636:  54454e44           ldl rr5,<<78>>0x0044(r4)
9163a:  7e57               .word #0x7e57
9163c:  3b484443           indr @rr4,@r4,r4
91640:  355f484f           ldl rr15,rr5(#0x484f)
91644:  4d454e447e57       ld <<78>>0x0044(r4),#0x7e57
9164a:  503b4844           cpl rr11,<<72>>0x0044(r3)
9164e:  43355f53           sub r5,<<95>>0x0053(r3)
91652:  45454b45           or r5,<<75>>0x0045(r4)
91656:  4e447e57503b       ext4e #0x4e447e57,<<80>>0x003b
9165c:  48444335           xorb rh4,<<67>>0x0035(r4)
91660:  5f4c               .word #0x5f4c
91662:  4f4144454e44       ext4f #0x4f414445,<<78>>0x0044
91668:  7e57               .word #0x7e57
9166a:  3b484443           indr @rr4,@r4,r4
9166e:  355f5354           ldl rr15,rr5(#0x5354)
91672:  4f52454e447e       ext4f #0x4f52454e,<<68>>0x007e
91678:  573b4844           pop <<72>>0x0044(r11),@rr3
9167c:  43355f43           sub r5,<<95>>0x0043(r3)
91680:  4f5245434345       ext4f #0x4f524543,<<67>>0x0045
91686:  4e447e575050       ext4e #0x4e447e57,<<80>>0x0050
9168c:  3b484443           indr @rr4,@r4,r4
91690:  355f5445           ldl rr15,rr5(#0x5445)
91694:  5354504c           push @rr5,<<80>>0x004c(r4)
91698:  4f454e447e57       ext4f #0x4f454e44,<<126>>0x0057
9169e:  503b4844           cpl rr11,<<72>>0x0044(r3)
916a2:  43355f52           sub r5,<<95>>0x0052(r3)
916a6:  45414445           or r1,<<68>>0x0045(r4)
916aa:  4e447e57503b       ext4e #0x4e447e57,<<80>>0x003b
916b0:  48444335           xorb rh4,<<67>>0x0035(r4)
916b4:  5f57               .word #0x5f57
916b6:  52495445           subl rr9,<<84>>0x0045(r4)
916ba:  4e447e57503b       ext4e #0x4e447e57,<<80>>0x003b
916c0:  48444335           xorb rh4,<<67>>0x0035(r4)
916c4:  5f56               .word #0x5f56
916c6:  45524946           or r2,<<73>>0x0046(r5)
916ca:  59454e44           mult rr5,<<78>>0x0044(r4)
916ce:  7e57               .word #0x7e57
916d0:  503b4844           cpl rr11,<<72>>0x0044(r3)
916d4:  43355f46           sub r5,<<95>>0x0046(r3)
916d8:  4f524d415445       ext4f #0x4f524d41,<<84>>0x0045
916de:  4e447e57503b       ext4e #0x4e447e57,<<80>>0x003b
916e4:  48444335           xorb rh4,<<67>>0x0035(r4)
916e8:  5f52               .word #0x5f52
916ea:  444c4f4e           orb rl4,<<79>>0x004e(r4)
916ee:  47454e44           and r5,<<78>>0x0044(r4)
916f2:  7e57               .word #0x7e57
916f4:  503b4844           cpl rr11,<<72>>0x0044(r3)
916f8:  43355f57           sub r5,<<95>>0x0057(r3)
916fc:  524c4f4e           subl rr12,<<79>>0x004e(r4)
91700:  47454e44           and r5,<<78>>0x0044(r4)
91704:  7e57               .word #0x7e57
91706:  503b4844           cpl rr11,<<72>>0x0044(r3)
9170a:  43355f56           sub r5,<<95>>0x0056(r3)
9170e:  454c4f4e           or r12,<<79>>0x004e(r4)
91712:  47454e44           and r5,<<78>>0x0044(r4)
91716:  7e57               .word #0x7e57
91718:  503b4844           cpl rr11,<<72>>0x0044(r3)
9171c:  43355f52           sub r5,<<95>>0x0052(r3)
91720:  45414449           or r1,<<68>>0x0049(r4)
91724:  44454e44           orb rh5,<<78>>0x0044(r4)
91728:  7e57               .word #0x7e57
9172a:  503b4844           cpl rr11,<<72>>0x0044(r3)
9172e:  43355f56           sub r5,<<95>>0x0056(r3)
91732:  45524944           or r2,<<73>>0x0044(r5)
91736:  454e447e           or r14,<<68>>0x007e(r4)
9173a:  57503b48           pop <<59>>0x0048,@rr5
9173e:  4443355f           orb rh3,<<53>>0x005f(r4)
91742:  544d5345           ldl rr13,<<83>>0x0045(r4)
91746:  454b454e           or r11,<<69>>0x004e(r4)
9174a:  447e5750           orb rl6,<<87>>0x0050(r7)
9174e:  3b484443           indr @rr4,@r4,r4
91752:  355f544d           ldl rr15,rr5(#0x544d)
91756:  524f5445           subl rr15,<<84>>0x0045(r4)
9175a:  4e447e57503b       ext4e #0x4e447e57,<<80>>0x003b
91760:  48444335           xorb rh4,<<67>>0x0035(r4)
91764:  505f504f           cpl rr15,<<80>>0x004f(r5)
91768:  5245537e           subl rr5,<<83>>0x007e(r4)
9176c:  573b4844           pop <<72>>0x0044(r11),@rr3
91770:  4335505f           sub r5,<<80>>0x005f(r3)
91774:  52464946           subl rr6,<<73>>0x0046(r4)
91778:  4f7e573b4844       ext4f #0x4f7e573b,<<72>>0x0044
9177e:  4335505f           sub r5,<<80>>0x005f(r3)
91782:  57464946           pop <<73>>0x0046(r6),@rr4
91786:  4f7e573b4844       ext4f #0x4f7e573b,<<72>>0x0044
9178c:  4335505f           sub r5,<<80>>0x005f(r3)
91790:  434f4e54           sub r15,<<78>>0x0054(r4)
91794:  494d4552           xor r13,<<69>>0x0052(r4)
91798:  7e57               .word #0x7e57
9179a:  57573b48           pop <<59>>0x0048(r7),@rr5
9179e:  44433550           orb rh3,<<53>>0x0050(r4)
917a2:  5f43               .word #0x5f43
917a4:  4f4e54494d45       ext4f #0x4f4e5449,<<77>>0x0045
917aa:  427e5757           subb rl6,<<87>>0x0057(r7)
917ae:  573b4844           pop <<72>>0x0044(r11),@rr3
917b2:  4335505f           sub r5,<<80>>0x005f(r3)
917b6:  434f4e54           sub r15,<<78>>0x0054(r4)
917ba:  4d52454e           neg <<69>>0x004e(r5)
917be:  447e573b           orb rl6,<<87>>0x003b(r7)
917c2:  48444335           xorb rh4,<<67>>0x0035(r4)
917c6:  505f4c4f           cpl rr15,<<76>>0x004f(r5)
917ca:  41443857           add r4,<<56>>0x0057(r4)
917ce:  7e57               .word #0x7e57
917d0:  4c57               .word #0x4c57
917d2:  3b484443           indr @rr4,@r4,r4
917d6:  35505f53           ldl rr0,rr5(#0x5f53)
917da:  544f5245           ldl rr15,<<82>>0x0045(r4)
917de:  3857               .word #0x3857
917e0:  7e57               .word #0x7e57
917e2:  4c57               .word #0x4c57
917e4:  3b484443           indr @rr4,@r4,r4
917e8:  35505f4c           ldl rr0,rr5(#0x5f4c)
917ec:  4f4144385745       ext4f #0x4f414438,<<87>>0x0045
917f2:  4e447e573b48       ext4e #0x4e447e57,<<59>>0x0048
917f8:  44433550           orb rh3,<<53>>0x0050(r4)
917fc:  5f53               .word #0x5f53
917fe:  544f5238           ldl rr15,<<82>>0x0038(r4)
91802:  57454e44           pop <<78>>0x0044(r5),@rr4
91806:  7e57               .word #0x7e57
91808:  3b484443           indr @rr4,@r4,r4
9180c:  35505f54           ldl rr0,rr5(#0x5f54)
91810:  494d4544           xor r13,<<69>>0x0044(r4)
91814:  4d414c7e574c       cp <<76>>0x007e(r4),#0x574c
9181a:  3b484443           indr @rr4,@r4,r4
9181e:  35505f54           ldl rr0,rr5(#0x5f54)
91822:  494d4544           xor r13,<<69>>0x0044(r4)
91826:  4d41537e574c       cp <<83>>0x007e(r4),#0x574c
9182c:  3b414e53           sinir @rr5,@r4,r14
91830:  5745527e           pop <<82>>0x007e(r5),@rr4
91834:  2157               ld r7,@rr5
91836:  3b414e53           sinir @rr5,@r4,r14
9183a:  5745527e           pop <<82>>0x007e(r5),@rr4
9183e:  2157               ld r7,@rr5
91840:  2a57               decb @rr5,#8
91842:  3b414e53           sinir @rr5,@r4,r14
91846:  5745527e           pop <<82>>0x007e(r5),@rr4
9184a:  2157               ld r7,@rr5
9184c:  2a57               decb @rr5,#8
9184e:  573b414e           pop <<65>>0x004e(r11),@rr3
91852:  53574552           push @rr5,<<69>>0x0052(r7)
91856:  7e21               .word #0x7e21
91858:  572a5757           pop <<87>>0x0057(r10),@rr2
9185c:  57573b41           pop <<59>>0x0041(r7),@rr5
91860:  4e535745527e       ext4e #0x4e535745,<<82>>0x007e
91866:  2157               ld r7,@rr5
91868:  2a57               decb @rr5,#8
9186a:  57575757           pop <<87>>0x0057(r7),@rr5
9186e:  3b414e53           sinir @rr5,@r4,r14
91872:  5745527e           pop <<82>>0x007e(r5),@rr4
91876:  2157               ld r7,@rr5
91878:  2a57               decb @rr5,#8
9187a:  57575757           pop <<87>>0x0057(r7),@rr5
9187e:  573b414e           pop <<65>>0x004e(r11),@rr3
91882:  53574552           push @rr5,<<69>>0x0052(r7)
91886:  7e21               .word #0x7e21
91888:  572a5757           pop <<87>>0x0057(r10),@rr2
9188c:  57575757           pop <<87>>0x0057(r7),@rr5
91890:  57573b41           pop <<59>>0x0041(r7),@rr5
91894:  4e535745527e       ext4e #0x4e535745,<<82>>0x007e
9189a:  2157               ld r7,@rr5
9189c:  2a42               decb @rr4,#3
9189e:  42424242           subb rh2,<<66>>0x0042(r4)
918a2:  42424242           subb rh2,<<66>>0x0042(r4)
918a6:  4242423b           subb rh2,<<66>>0x003b(r4)
918aa:  00000000           addb rh0,#0x00
918ae:  00000000           addb rh0,#0x00
918b2:  00000000           addb rh0,#0x00
918b6:  00000000           addb rh0,#0x00
918ba:  00000000           addb rh0,#0x00
918be:  00000000           addb rh0,#0x00
918c2:  00000000           addb rh0,#0x00
918c6:  00000000           addb rh0,#0x00
918ca:  00000000           addb rh0,#0x00
918ce:  00000000           addb rh0,#0x00
918d2:  00000000           addb rh0,#0x00
918d6:  00000000           addb rh0,#0x00
918da:  00000000           addb rh0,#0x00
918de:  00000000           addb rh0,#0x00
918e2:  00000000           addb rh0,#0x00
918e6:  00000000           addb rh0,#0x00
918ea:  00000000           addb rh0,#0x00
918ee:  00000000           addb rh0,#0x00
918f2:  00000000           addb rh0,#0x00
918f6:  00000000           addb rh0,#0x00
918fa:  00000000           addb rh0,#0x00
918fe:  00000000           addb rh0,#0x00
91902:  00000000           addb rh0,#0x00
91906:  00002020           addb rh0,#0x20
9190a:  2020               ldb rh0,@rr2
9190c:  2020               ldb rh0,@rr2
9190e:  2020               ldb rh0,@rr2
91910:  2020               ldb rh0,@rr2
91912:  00000000           addb rh0,#0x00
91916:  00000000           addb rh0,#0x00
9191a:  00000000           addb rh0,#0x00
9191e:  00000000           addb rh0,#0x00
91922:  00000000           addb rh0,#0x00
91926:  00000000           addb rh0,#0x00
9192a:  00000000           addb rh0,#0x00
9192e:  00000000           addb rh0,#0x00
91932:  00000000           addb rh0,#0x00
91936:  00000000           addb rh0,#0x00
9193a:  00000000           addb rh0,#0x00
9193e:  00000000           addb rh0,#0x00
91942:  00000000           addb rh0,#0x00
91946:  00000000           addb rh0,#0x00
9194a:  00000000           addb rh0,#0x00
9194e:  00000000           addb rh0,#0x00
91952:  0000aaa1           addb rh0,#0xa1
91956:  00000000           addb rh0,#0x00
9195a:  00000000           addb rh0,#0x00
9195e:  00000000           addb rh0,#0x00
91962:  00000000           addb rh0,#0x00
91966:  00010000           addb rh1,#0x00
9196a:  00000000           addb rh0,#0x00
9196e:  00000000           addb rh0,#0x00
91972:  00000000           addb rh0,#0x00
91976:  00000000           addb rh0,#0x00
9197a:  00000000           addb rh0,#0x00
9197e:  00000000           addb rh0,#0x00
91982:  00000000           addb rh0,#0x00
91986:  00000000           addb rh0,#0x00
9198a:  00000000           addb rh0,#0x00
9198e:  00000000           addb rh0,#0x00
91992:  00000000           addb rh0,#0x00
91996:  00000000           addb rh0,#0x00
9199a:  00000000           addb rh0,#0x00
9199e:  00000000           addb rh0,#0x00
919a2:  00000000           addb rh0,#0x00
919a6:  00000000           addb rh0,#0x00
919aa:  00000000           addb rh0,#0x00
919ae:  00000000           addb rh0,#0x00
919b2:  00000000           addb rh0,#0x00
919b6:  00000000           addb rh0,#0x00
919ba:  00000000           addb rh0,#0x00
919be:  00000000           addb rh0,#0x00
919c2:  00000000           addb rh0,#0x00
919c6:  00000000           addb rh0,#0x00
919ca:  00000000           addb rh0,#0x00
919ce:  00000000           addb rh0,#0x00
919d2:  00000000           addb rh0,#0x00
919d6:  00000000           addb rh0,#0x00
919da:  00000000           addb rh0,#0x00
919de:  00000000           addb rh0,#0x00
919e2:  00000000           addb rh0,#0x00
919e6:  00000000           addb rh0,#0x00
919ea:  00000000           addb rh0,#0x00
919ee:  00000000           addb rh0,#0x00
919f2:  00000000           addb rh0,#0x00
919f6:  00000000           addb rh0,#0x00
919fa:  00000000           addb rh0,#0x00
919fe:  00000000           addb rh0,#0x00
