1d400:  df32               calr 0xd59e
1d402:  ca68               ldb rl2,#0x68
1d404:  3d20               in r0,@r2
1d406:  ca60               ldb rl2,#0x60
1d408:  8311               sub r1,r1
1d40a:  3f21               out @r2,r1
1d40c:  a706               bit r0,#6
1d40e:  e605               jr z,0xd41a
1d410:  21011000           ld r1,#0x1000
1d414:  ca68               ldb rl2,#0x68
1d416:  3d20               in r0,@r2
1d418:  f182               djnz r1,0xd416
1d41a:  ca68               ldb rl2,#0x68
1d41c:  c950               ldb rl1,#0x50
1d41e:  3e29               outb @r2,rl1
1d420:  de2a               calr 0xd7ce
1d422:  de12               calr 0xd800
1d424:  9e08               ret 
1d426:  97e1               pop r1,@rr14
1d428:  e8eb               jr 0xd400
1d42a:  ddda               calr 0xd878
1d42c:  e8dc               jr 0xd3e6
1d42e:  b3210001           sll r2,#1
1d432:  a725               bit r2,#5
1d434:  ee02               jr nz,0xd43a
1d436:  05020001           or r2,#0x0001
1d43a:  b321000b           sll r2,#11
1d43e:  9e08               ret 
1d440:  8377               sub r7,r7
1d442:  ca6a               ldb rl2,#0x6a
1d444:  3d21               in r1,@r2
1d446:  a693               bitb rl1,#3
1d448:  e601               jr z,0xd44c
1d44a:  cf14               ldb rl7,#0x14
1d44c:  9e08               ret 
1d44e:  a131               ld r1,r3
1d450:  b311ffff           srl r1,#1
1d454:  b3110002           sll r1,#2
1d458:  0301000c           sub r1,#0x000c
1d45c:  ca66               ldb rl2,#0x66
1d45e:  3d20               in r0,@r2
1d460:  ac08               exb rl0,rh0
1d462:  b3030100           sdl r0,r1
1d466:  0700000f           and r0,#0x000f
1d46a:  9e08               ret 
1d46c:  8377               sub r7,r7
1d46e:  0b000000           cp r0,#0x0000
1d472:  ee02               jr nz,0xd478
1d474:  cf0b               ldb rl7,#0x0b
1d476:  9e08               ret 
1d478:  ca2e               ldb rl2,#0x2e
1d47a:  3d21               in r1,@r2
1d47c:  8300               sub r0,r0
1d47e:  a0b8               ldb rl0,rl3
1d480:  b301ffff           srl r0,#1
1d484:  01000004           add r0,#0x0004
1d488:  26000900           bitb rl1,r0
1d48c:  e602               jr z,0xd492
1d48e:  cf15               ldb rl7,#0x15
1d490:  9e08               ret 
1d492:  ca68               ldb rl2,#0x68
1d494:  c9d0               ldb rl1,#0xd0
1d496:  3e29               outb @r2,rl1
1d498:  03000004           sub r0,#0x0004
1d49c:  a131               ld r1,r3
1d49e:  0701fffe           and r1,#0xfffe
1d4a2:  ac19               exb rl1,rh1
1d4a4:  b3110005           sll r1,#5
1d4a8:  0901e000           xor r1,#0xe000
1d4ac:  ca60               ldb rl2,#0x60
1d4ae:  3f21               out @r2,r1
1d4b0:  3d21               in r1,@r2
1d4b2:  ca08               ldb rl2,#0x08
1d4b4:  3d21               in r1,@r2
1d4b6:  27000100           bit r1,r0
1d4ba:  ee02               jr nz,0xd4c0
1d4bc:  cf0f               ldb rl7,#0x0f
1d4be:  9e08               ret 
1d4c0:  ca68               ldb rl2,#0x68
1d4c2:  3d21               in r1,@r2
1d4c4:  a691               bitb rl1,#1
1d4c6:  e617               jr z,0xd4f6
1d4c8:  ca60               ldb rl2,#0x60
1d4ca:  21010010           ld r1,#0x0010
1d4ce:  3f21               out @r2,r1
1d4d0:  05011000           or r1,#0x1000
1d4d4:  3f21               out @r2,r1
1d4d6:  21010010           ld r1,#0x0010
1d4da:  3f21               out @r2,r1
1d4dc:  ca68               ldb rl2,#0x68
1d4de:  c90c               ldb rl1,#0x0c
1d4e0:  3e29               outb @r2,rl1
1d4e2:  ca60               ldb rl2,#0x60
1d4e4:  8311               sub r1,r1
1d4e6:  3f21               out @r2,r1
1d4e8:  cf0e               ldb rl7,#0x0e
1d4ea:  ca68               ldb rl2,#0x68
1d4ec:  3d21               in r1,@r2
1d4ee:  a691               bitb rl1,#1
1d4f0:  e601               jr z,0xd4f4
1d4f2:  cf0d               ldb rl7,#0x0d
1d4f4:  9e08               ret 
1d4f6:  8d07               nop
1d4f8:  ca68               ldb rl2,#0x68
1d4fa:  3d21               in r1,@r2
1d4fc:  a692               bitb rl1,#2
1d4fe:  e602               jr z,0xd504
1d500:  cf0c               ldb rl7,#0x0c
1d502:  9e08               ret 
1d504:  8d07               nop
1d506:  ca68               ldb rl2,#0x68
1d508:  3d21               in r1,@r2
1d50a:  a695               bitb rl1,#5
1d50c:  ee02               jr nz,0xd512
1d50e:  cf10               ldb rl7,#0x10
1d510:  9e08               ret 
1d512:  a694               bitb rl1,#4
1d514:  ee02               jr nz,0xd51a
1d516:  cf12               ldb rl7,#0x12
1d518:  9e08               ret 
1d51a:  9e08               ret 
1d51c:  ca2e               ldb rl2,#0x2e
1d51e:  3d21               in r1,@r2
1d520:  a130               ld r0,r3
1d522:  b301ffff           srl r0,#1
1d526:  01000004           add r0,#0x0004
1d52a:  24000900           setb rl1,r0
1d52e:  0701fff0           and r1,#0xfff0
1d532:  ca2a               ldb rl2,#0x2a
1d534:  3d20               in r0,@r2
1d536:  b301fffa           srl r0,#6
1d53a:  07000003           and r0,#0x0003
1d53e:  8501               or r1,r0
1d540:  ca0c               ldb rl2,#0x0c
1d542:  3e29               outb @r2,rl1
1d544:  9e08               ret 
1d546:  0b060021           cp r6,#0x0021
1d54a:  e503               jr mi,0xd552
1d54c:  21070016           ld r7,#0x0016
1d550:  9e08               ret 
1d552:  b385ffff           srll rr8,#1
1d556:  b3610004           sll r6,#4
1d55a:  ab60               dec r6,#1
1d55c:  ca77               ldb rl2,#0x77
1d55e:  c9b0               ldb rl1,#0xb0
1d560:  3e29               outb @r2,rl1
1d562:  ca76               ldb rl2,#0x76
1d564:  3e2e               outb @r2,rl6
1d566:  3e26               outb @r2,rh6
1d568:  ca62               ldb rl2,#0x62
1d56a:  3f29               out @r2,r9
1d56c:  07098000           and r9,#0x8000
1d570:  8598               or r8,r9
1d572:  ca64               ldb rl2,#0x64
1d574:  3f28               out @r2,r8
1d576:  8377               sub r7,r7
1d578:  9e08               ret 
1d57a:  ca68               ldb rl2,#0x68
1d57c:  c90b               ldb rl1,#0x0b
1d57e:  04092020           orb rl1,#0x20
1d582:  3e29               outb @r2,rl1
1d584:  9e08               ret 
1d586:  ca68               ldb rl2,#0x68
1d588:  c90a               ldb rl1,#0x0a
1d58a:  0409a0a0           orb rl1,#0xa0
1d58e:  3e29               outb @r2,rl1
1d590:  9e08               ret 
1d592:  ca68               ldb rl2,#0x68
1d594:  c909               ldb rl1,#0x09
1d596:  04099090           orb rl1,#0x90
1d59a:  3e29               outb @r2,rl1
1d59c:  9e08               ret 
1d59e:  ca68               ldb rl2,#0x68
1d5a0:  c90c               ldb rl1,#0x0c
1d5a2:  3e29               outb @r2,rl1
1d5a4:  c908               ldb rl1,#0x08
1d5a6:  04091010           orb rl1,#0x10
1d5aa:  3e29               outb @r2,rl1
1d5ac:  ca08               ldb rl2,#0x08
1d5ae:  c901               ldb rl1,#0x01
1d5b0:  3e29               outb @r2,rl1
1d5b2:  ca68               ldb rl2,#0x68
1d5b4:  c903               ldb rl1,#0x03
1d5b6:  3e29               outb @r2,rl1
1d5b8:  9e08               ret 
1d5ba:  ca0e               ldb rl2,#0x0e
1d5bc:  a130               ld r0,r3
1d5be:  b301ffff           srl r0,#1
1d5c2:  8311               sub r1,r1
1d5c4:  24000900           setb rl1,r0
1d5c8:  3e29               outb @r2,rl1
1d5ca:  ca60               ldb rl2,#0x60
1d5cc:  a730               bit r3,#0
1d5ce:  e601               jr z,0xd5d2
1d5d0:  a584               set r8,#4
1d5d2:  3f28               out @r2,r8
1d5d4:  ca64               ldb rl2,#0x64
1d5d6:  3d21               in r1,@r2
1d5d8:  ca60               ldb rl2,#0x60
1d5da:  8300               sub r0,r0
1d5dc:  3f20               out @r2,r0
1d5de:  0b090000           cp r9,#0x0000
1d5e2:  e611               jr z,0xd606
1d5e4:  2100000c           ld r0,#0x000c
1d5e8:  8790               and r0,r9
1d5ea:  e60c               jr z,0xd604
1d5ec:  05090400           or r9,#0x0400
1d5f0:  3f29               out @r2,r9
1d5f2:  05091000           or r9,#0x1000
1d5f6:  3f29               out @r2,r9
1d5f8:  21011000           ld r1,#0x1000
1d5fc:  ca68               ldb rl2,#0x68
1d5fe:  3d20               in r0,@r2
1d600:  f182               djnz r1,0xd5fe
1d602:  e801               jr 0xd606
1d604:  3f29               out @r2,r9
1d606:  ca60               ldb rl2,#0x60
1d608:  05091000           or r9,#0x1000
1d60c:  3f29               out @r2,r9
1d60e:  9e08               ret 
1d610:  ca02               ldb rl2,#0x02
1d612:  31410008           ld r1,rr4(#0x0008)
1d616:  3e29               outb @r2,rl1
1d618:  ca03               ldb rl2,#0x03
1d61a:  3141000a           ld r1,rr4(#0x000a)
1d61e:  3e21               outb @r2,rh1
1d620:  ca12               ldb rl2,#0x12
1d622:  3e29               outb @r2,rl1
1d624:  ca13               ldb rl2,#0x13
1d626:  3141000c           ld r1,rr4(#0x000c)
1d62a:  3e29               outb @r2,rl1
1d62c:  ca06               ldb rl2,#0x06
1d62e:  3141000e           ld r1,rr4(#0x000e)
1d632:  3e29               outb @r2,rl1
1d634:  ca77               ldb rl2,#0x77
1d636:  c930               ldb rl1,#0x30
1d638:  3e29               outb @r2,rl1
1d63a:  21010001           ld r1,#0x0001
1d63e:  ca66               ldb rl2,#0x66
1d640:  3e29               outb @r2,rl1
1d642:  3e21               outb @r2,rh1
1d644:  31410010           ld r1,rr4(#0x0010)
1d648:  0b010021           cp r1,#0x0021
1d64c:  e203               jr le,0xd654
1d64e:  21070016           ld r7,#0x0016
1d652:  9e08               ret 
1d654:  ca77               ldb rl2,#0x77
1d656:  c870               ldb rl0,#0x70
1d658:  3e28               outb @r2,rl0
1d65a:  ca67               ldb rl2,#0x67
1d65c:  b3110008           sll r1,#8
1d660:  ab10               dec r1,#1
1d662:  3e29               outb @r2,rl1
1d664:  3e21               outb @r2,rh1
1d666:  8377               sub r7,r7
1d668:  9e08               ret 
1d66a:  8377               sub r7,r7
1d66c:  0b010000           cp r1,#0x0000
1d670:  e601               jr z,0xd674
1d672:  cf17               ldb rl7,#0x17
1d674:  9e08               ret 
1d676:  ca2a               ldb rl2,#0x2a
1d678:  3d20               in r0,@r2
1d67a:  b301fffa           srl r0,#6
1d67e:  07000003           and r0,#0x0003
1d682:  a107               ld r7,r0
1d684:  a970               inc r7,#1
1d686:  07070003           and r7,#0x0003
1d68a:  ca08               ldb rl2,#0x08
1d68c:  3d21               in r1,@r2
1d68e:  b3110004           sll r1,#4
1d692:  c904               ldb rl1,#0x04
1d694:  a900               inc r0,#1
1d696:  07000003           and r0,#0x0003
1d69a:  26000100           bitb rh1,r0
1d69e:  e604               jr z,0xd6a8
1d6a0:  f907               dbjnz rl1,0xd694
1d6a2:  2107ffff           ld r7,#0xffff
1d6a6:  9e08               ret 
1d6a8:  b3010001           sll r0,#1
1d6ac:  2f40               ld @rr4,r0
1d6ae:  ca2e               ldb rl2,#0x2e
1d6b0:  3d21               in r1,@r2
1d6b2:  b301ffff           srl r0,#1
1d6b6:  01000004           add r0,#0x0004
1d6ba:  26000900           bitb rl1,r0
1d6be:  ee03               jr nz,0xd6c6
1d6c0:  2107ffff           ld r7,#0xffff
1d6c4:  9e08               ret 
1d6c6:  22000900           resb rl1,r0
1d6ca:  ca0c               ldb rl2,#0x0c
1d6cc:  0609f0f0           andb rl1,#0xf0
1d6d0:  84f9               orb rl1,rl7
1d6d2:  3e29               outb @r2,rl1
1d6d4:  8311               sub r1,r1
1d6d6:  ca0e               ldb rl2,#0x0e
1d6d8:  3e29               outb @r2,rl1
1d6da:  ca68               ldb rl2,#0x68
1d6dc:  c9d0               ldb rl1,#0xd0
1d6de:  3e29               outb @r2,rl1
1d6e0:  0100fffc           add r0,#0xfffc
1d6e4:  a101               ld r1,r0
1d6e6:  b311000e           sll r1,#14
1d6ea:  0901e000           xor r1,#0xe000
1d6ee:  ca60               ldb rl2,#0x60
1d6f0:  3f21               out @r2,r1
1d6f2:  ca60               ldb rl2,#0x60
1d6f4:  3d21               in r1,@r2
1d6f6:  8377               sub r7,r7
1d6f8:  ca08               ldb rl2,#0x08
1d6fa:  3d21               in r1,@r2
1d6fc:  27000100           bit r1,r0
1d700:  ee02               jr nz,0xd706
1d702:  2107000f           ld r7,#0x000f
1d706:  ca68               ldb rl2,#0x68
1d708:  c950               ldb rl1,#0x50
1d70a:  3e29               outb @r2,rl1
1d70c:  9e08               ret 
1d70e:  8377               sub r7,r7
1d710:  ca68               ldb rl2,#0x68
1d712:  3d21               in r1,@r2
1d714:  a690               bitb rl1,#0
1d716:  e601               jr z,0xd71a
1d718:  cf11               ldb rl7,#0x11
1d71a:  9e08               ret 
1d71c:  2107ffff           ld r7,#0xffff
1d720:  ca6a               ldb rl2,#0x6a
1d722:  3d21               in r1,@r2
1d724:  a695               bitb rl1,#5
1d726:  9e06               ret z
1d728:  a693               bitb rl1,#3
1d72a:  9e06               ret z
1d72c:  8377               sub r7,r7
1d72e:  9e08               ret 
1d730:  8377               sub r7,r7
1d732:  ca6a               ldb rl2,#0x6a
1d734:  3d21               in r1,@r2
1d736:  a691               bitb rl1,#1
1d738:  e602               jr z,0xd73e
1d73a:  cf18               ldb rl7,#0x18
1d73c:  e803               jr 0xd744
1d73e:  a692               bitb rl1,#2
1d740:  e601               jr z,0xd744
1d742:  cf19               ldb rl7,#0x19
1d744:  9e08               ret 
1d746:  8377               sub r7,r7
1d748:  ca6a               ldb rl2,#0x6a
1d74a:  3d21               in r1,@r2
1d74c:  a695               bitb rl1,#5
1d74e:  ee02               jr nz,0xd754
1d750:  2107ffff           ld r7,#0xffff
1d754:  9e08               ret 
1d756:  8377               sub r7,r7
1d758:  ca06               ldb rl2,#0x06
1d75a:  3d21               in r1,@r2
1d75c:  0a098080           cpb rl1,#0x80
1d760:  9e06               ret z
1d762:  8d80               com r8
1d764:  8781               and r1,r8
1d766:  0a090000           cpb rl1,#0x00
1d76a:  ee2e               jr nz,0xd7c8
1d76c:  8d80               com r8
1d76e:  3d21               in r1,@r2
1d770:  8781               and r1,r8
1d772:  a715               bit r1,#5
1d774:  ee27               jr nz,0xd7c4
1d776:  a714               bit r1,#4
1d778:  ee23               jr nz,0xd7c0
1d77a:  a710               bit r1,#0
1d77c:  ee1f               jr nz,0xd7bc
1d77e:  a716               bit r1,#6
1d780:  ee0f               jr nz,0xd7a0
1d782:  a712               bit r1,#2
1d784:  ee0b               jr nz,0xd79c
1d786:  a713               bit r1,#3
1d788:  ee07               jr nz,0xd798
1d78a:  a711               bit r1,#1
1d78c:  ee03               jr nz,0xd794
1d78e:  2107ffff           ld r7,#0xffff
1d792:  e801               jr 0xd796
1d794:  cf0a               ldb rl7,#0x0a
1d796:  e801               jr 0xd79a
1d798:  cf03               ldb rl7,#0x03
1d79a:  e801               jr 0xd79e
1d79c:  cf02               ldb rl7,#0x02
1d79e:  e80d               jr 0xd7ba
1d7a0:  a712               bit r1,#2
1d7a2:  ee0a               jr nz,0xd7b8
1d7a4:  a713               bit r1,#3
1d7a6:  ee06               jr nz,0xd7b4
1d7a8:  a711               bit r1,#1
1d7aa:  ee02               jr nz,0xd7b0
1d7ac:  cf06               ldb rl7,#0x06
1d7ae:  e801               jr 0xd7b2
1d7b0:  cf09               ldb rl7,#0x09
1d7b2:  e801               jr 0xd7b6
1d7b4:  cf07               ldb rl7,#0x07
1d7b6:  e801               jr 0xd7ba
1d7b8:  cf08               ldb rl7,#0x08
1d7ba:  e801               jr 0xd7be
1d7bc:  cf01               ldb rl7,#0x01
1d7be:  e801               jr 0xd7c2
1d7c0:  cf04               ldb rl7,#0x04
1d7c2:  e801               jr 0xd7c6
1d7c4:  cf05               ldb rl7,#0x05
1d7c6:  9e08               ret 
1d7c8:  2107ffff           ld r7,#0xffff
1d7cc:  9e08               ret 
1d7ce:  0b070000           cp r7,#0x0000
1d7d2:  e615               jr z,0xd7fe
1d7d4:  d11c               calr 0xd59e
1d7d6:  ca68               ldb rl2,#0x68
1d7d8:  3d20               in r0,@r2
1d7da:  ca60               ldb rl2,#0x60
1d7dc:  8311               sub r1,r1
1d7de:  3f21               out @r2,r1
1d7e0:  a706               bit r0,#6
1d7e2:  e605               jr z,0xd7ee
1d7e4:  21011000           ld r1,#0x1000
1d7e8:  ca68               ldb rl2,#0x68
1d7ea:  3d20               in r0,@r2
1d7ec:  f182               djnz r1,0xd7ea
1d7ee:  ca68               ldb rl2,#0x68
1d7f0:  c950               ldb rl1,#0x50
1d7f2:  3e29               outb @r2,rl1
1d7f4:  ca6c               ldb rl2,#0x6c
1d7f6:  95e0               popl rr0,@rr14
1d7f8:  97e1               pop r1,@rr14
1d7fa:  a0f9               ldb rl1,rl7
1d7fc:  3f21               out @r2,r1
1d7fe:  9e08               ret 
1d800:  ca6c               ldb rl2,#0x6c
1d802:  95e0               popl rr0,@rr14
1d804:  97e1               pop r1,@rr14
1d806:  3f21               out @r2,r1
1d808:  8377               sub r7,r7
1d80a:  9e08               ret 
1d80c:  21070017           ld r7,#0x0017
1d810:  a191               ld r1,r9
1d812:  0701fe73           and r1,#0xfe73
1d816:  9e0e               ret nz
1d818:  a191               ld r1,r9
1d81a:  b3110001           sll r1,#1
1d81e:  0a010303           cpb rh1,#0x03
1d822:  9e06               ret z
1d824:  0a091818           cpb rl1,#0x18
1d828:  9e06               ret z
1d82a:  8377               sub r7,r7
1d82c:  9e08               ret 
1d82e:  21070013           ld r7,#0x0013
1d832:  ca68               ldb rl2,#0x68
1d834:  3d21               in r1,@r2
1d836:  a693               bitb rl1,#3
1d838:  9e0e               ret nz
1d83a:  8377               sub r7,r7
1d83c:  9e08               ret 
1d83e:  8377               sub r7,r7
1d840:  ca68               ldb rl2,#0x68
1d842:  3d21               in r1,@r2
1d844:  a691               bitb rl1,#1
1d846:  e617               jr z,0xd876
1d848:  ca60               ldb rl2,#0x60
1d84a:  21010010           ld r1,#0x0010
1d84e:  3f21               out @r2,r1
1d850:  05011000           or r1,#0x1000
1d854:  3f21               out @r2,r1
1d856:  21010010           ld r1,#0x0010
1d85a:  3f21               out @r2,r1
1d85c:  ca68               ldb rl2,#0x68
1d85e:  c90c               ldb rl1,#0x0c
1d860:  3e29               outb @r2,rl1
1d862:  ca60               ldb rl2,#0x60
1d864:  8311               sub r1,r1
1d866:  3f21               out @r2,r1
1d868:  cf0e               ldb rl7,#0x0e
1d86a:  ca68               ldb rl2,#0x68
1d86c:  3d21               in r1,@r2
1d86e:  a691               bitb rl1,#1
1d870:  e601               jr z,0xd874
1d872:  cf0d               ldb rl7,#0x0d
1d874:  9e08               ret 
1d876:  9e08               ret 
1d878:  ca03               ldb rl2,#0x03
1d87a:  3d26               in r6,@r2
1d87c:  ca12               ldb rl2,#0x12
1d87e:  3d27               in r7,@r2
1d880:  a0e7               ldb rh7,rl6
1d882:  ca02               ldb rl2,#0x02
1d884:  3d26               in r6,@r2
1d886:  8266               subb rh6,rh6
1d888:  1d46               ldl @rr4,rr6
1d88a:  01050004           add r5,#0x0004
1d88e:  ca13               ldb rl2,#0x13
1d890:  3d26               in r6,@r2
1d892:  0706000f           and r6,#0x000f
1d896:  ca04               ldb rl2,#0x04
1d898:  3d27               in r7,@r2
1d89a:  8277               subb rh7,rh7
1d89c:  1d46               ldl @rr4,rr6
1d89e:  9e08               ret 
1d8a0:  2020               ldb rh0,@rr2
1d8a2:  68646335           incb <<99>>0x0035(r6),#5
1d8a6:  2033               ldb rh3,@rr3
1d8a8:  30204d61           ldb rh0,rr2(#0x4d61)
1d8ac:  672e2038           bit <<32>>0x0038(r2),#14
1d8b0:  3620               .word #0x3620
1d8b2:  2020               ldb rh0,@rr2
1d8b4:  942a               ldl rr10,rr2
1d8b6:  4db503020090       ld <<3>>0x0002(r11),#0x0090
1d8bc:  7d55               ldctl r5,psap
1d8be:  7d44               ldctl r4,psapseg
1d8c0:  cd3c               ldb rl5,#0x3c
1d8c2:  30a9000a           ldb rl1,rr10(#0x000a)
1d8c6:  8c18               clrb rh1
1d8c8:  a113               ld r3,r1
1d8ca:  8111               add r1,r1
1d8cc:  8115               add r5,r1
1d8ce:  34080554           ldar rr8,0xde26
1d8d2:  1d48               ldl @rr4,rr8
1d8d4:  6f3b830038d2       ld <<3>>0x38d2(r3),r11
1d8da:  a8b1               incb rl3,#2
1d8dc:  32ab000b           ldb rr10(#0x000b),rl3
1d8e0:  4cb5032b0101       ldb <<3>>0x002b(r11),#0x01
1d8e6:  4db503800130       ld <<3>>0x0080(r11),#0x0130
1d8ec:  4cb503820404       ldb <<3>>0x0082(r11),#0x04
1d8f2:  4cb503832020       ldb <<3>>0x0083(r11),#0x20
1d8f8:  4db503840100       ld <<3>>0x0084(r11),#0x0100
1d8fe:  4db503860080       ld <<3>>0x0086(r11),#0x0080
1d904:  dd2f               calr 0xdea8
1d906:  9e0e               ret nz
1d908:  8d18               clr r1
1d90a:  a110               ld r0,r1
1d90c:  5db00318           ldl <<3>>0x0018(r11),rr0
1d910:  5db0031c           ldl <<3>>0x001c(r11),rr0
1d914:  a119               ld r9,r1
1d916:  81b9               add r9,r11
1d918:  91e8               pushl @rr14,rr8
1d91a:  94a4               ldl rr4,rr10
1d91c:  01050058           add r5,#0x0058
1d920:  bd0e               ldk r0,#14
1d922:  0c48               clrb @rr4
1d924:  a950               inc r5,#1
1d926:  f083               djnz r0,0xd922
1d928:  ab5d               dec r5,#14
1d92a:  a113               ld r3,r1
1d92c:  340c070c           ldar rr12,0xe03c
1d930:  34080962           ldar rr8,0xe296
1d934:  dd6a               calr 0xde62
1d936:  95e8               popl rr8,@rr14
1d938:  ee04               jr nz,0xd942
1d93a:  4c9503180101       ldb <<3>>0x0018(r9),#0x01
1d940:  e804               jr 0xd94a
1d942:  0a0f0202           cpb rl7,#0x02
1d946:  e601               jr z,0xd94a
1d948:  e806               jr 0xd956
1d94a:  8d78               clr r7
1d94c:  a910               inc r1,#1
1d94e:  a711               bit r1,#1
1d950:  e601               jr z,0xd954
1d952:  e801               jr 0xd956
1d954:  e8df               jr 0xd914
1d956:  9e08               ret 
1d958:  942a               ldl rr10,rr2
1d95a:  4cb80313           clrb <<3>>0x0013(r11)
1d95e:  60ba032a           ldb rl2,<<3>>0x002a(r11)
1d962:  060a0f0f           andb rl2,#0x0f
1d966:  0a0a0707           cpb rl2,#0x07
1d96a:  ee04               jr nz,0xd974
1d96c:  4cb5032a2121       ldb <<3>>0x002a(r11),#0x21
1d972:  e804               jr 0xd97c
1d974:  a0a2               ldb rh2,rl2
1d976:  bea2               rldb rh2,rl2
1d978:  6eba032a           ldb <<3>>0x002a(r11),rl2
1d97c:  dd5b               calr 0xdec8
1d97e:  61b20324           ld r2,<<3>>0x0024(r11)
1d982:  8ca4               testb rl2
1d984:  e601               jr z,0xd988
1d986:  a820               incb rh2,#1
1d988:  b321fff8           srl r2,#8
1d98c:  6fb20324           ld <<3>>0x0024(r11),r2
1d990:  4cb503520a0a       ldb <<3>>0x0052(r11),#0x0a
1d996:  4cb80355           clrb <<3>>0x0055(r11)
1d99a:  94a8               ldl rr8,rr10
1d99c:  8d18               clr r1
1d99e:  30a9002b           ldb rl1,rr10(#0x002b)
1d9a2:  ab10               dec r1,#1
1d9a4:  b3110003           sll r1,#3
1d9a8:  8119               add r9,r1
1d9aa:  8d68               clr r6
1d9ac:  308e0083           ldb rl6,rr8(#0x0083)
1d9b0:  8d28               clr r2
1d9b2:  60ba0329           ldb rl2,<<3>>0x0029(r11)
1d9b6:  8326               sub r6,r2
1d9b8:  0b060020           cp r6,#0x0020
1d9bc:  e302               jr ule,0xd9c2
1d9be:  21060020           ld r6,#0x0020
1d9c2:  61b30324           ld r3,<<3>>0x0024(r11)
1d9c6:  8b63               cp r3,r6
1d9c8:  a167               ld r7,r6
1d9ca:  ef01               jr nc,0xd9ce
1d9cc:  a137               ld r7,r3
1d9ce:  8373               sub r3,r7
1d9d0:  6fb30324           ld <<3>>0x0024(r11),r3
1d9d4:  61b40326           ld r4,<<3>>0x0026(r11)
1d9d8:  8d58               clr r5
1d9da:  60bd0328           ldb rl5,<<3>>0x0028(r11)
1d9de:  a152               ld r2,r5
1d9e0:  8d68               clr r6
1d9e2:  60be0329           ldb rl6,<<3>>0x0029(r11)
1d9e6:  a160               ld r0,r6
1d9e8:  8170               add r0,r7
1d9ea:  6eb80329           ldb <<3>>0x0029(r11),rl0
1d9ee:  4a980383           cpb rl0,<<3>>0x0083(r9)
1d9f2:  ee0d               jr nz,0xda0e
1d9f4:  4cb80329           clrb <<3>>0x0029(r11)
1d9f8:  68b00328           incb <<3>>0x0028(r11),#1
1d9fc:  a150               ld r0,r5
1d9fe:  a900               inc r0,#1
1da00:  4a980382           cpb rl0,<<3>>0x0082(r9)
1da04:  ee04               jr nz,0xda0e
1da06:  69b00326           inc <<3>>0x0026(r11),#1
1da0a:  4cb80328           clrb <<3>>0x0028(r11)
1da0e:  bd31               ldk r3,#1
1da10:  5cb902050334       ldm <<3>>0x0034(r11),r2,#6
1da16:  54b20320           ldl rr2,<<3>>0x0020(r11)
1da1a:  3404fffc           ldar rr4,0xda1a
1da1e:  2105ad10           ld r5,#0xad10
1da22:  1f40               call @rr4
1da24:  5db20330           ldl <<3>>0x0030(r11),rr2
1da28:  54b20320           ldl rr2,<<3>>0x0020(r11)
1da2c:  61b5033e           ld r5,<<3>>0x003e(r11)
1da30:  80d3               addb rh3,rl5
1da32:  5db20320           ldl <<3>>0x0020(r11),rr2
1da36:  4db80340           clr <<3>>0x0040(r11)
1da3a:  66b10355           bitb <<3>>0x0055(r11),#1
1da3e:  ee04               jr nz,0xda48
1da40:  61b40338           ld r4,<<3>>0x0038(r11)
1da44:  6fb40356           ld <<3>>0x0056(r11),r4
1da48:  34080014           ldar rr8,0xda60
1da4c:  5db8034e           ldl <<3>>0x004e(r11),rr8
1da50:  340c0610           ldar rr12,0xe064
1da54:  94a4               ldl rr4,rr10
1da56:  01050056           add r5,#0x0056
1da5a:  dd9f               calr 0xdf1e
1da5c:  ee44               jr nz,0xdae6
1da5e:  9e08               ret 
1da60:  340c0850           ldar rr12,0xe2b4
1da64:  dda7               calr 0xdf18
1da66:  340c008e           ldar rr12,0xdaf8
1da6a:  1ece               jp nz,@rr12
1da6c:  94a4               ldl rr4,rr10
1da6e:  01050030           add r5,#0x0030
1da72:  60ba032a           ldb rl2,<<3>>0x002a(r11)
1da76:  060a0f0f           andb rl2,#0x0f
1da7a:  340c06d0           ldar rr12,0xe14e
1da7e:  34080928           ldar rr8,0xe3aa
1da82:  0a0a0808           cpb rl2,#0x08
1da86:  ee04               jr nz,0xda90
1da88:  340c0626           ldar rr12,0xe0b2
1da8c:  340808f8           ldar rr8,0xe388
1da90:  0a0a0202           cpb rl2,#0x02
1da94:  ee04               jr nz,0xda9e
1da96:  340c06c6           ldar rr12,0xe160
1da9a:  3408092e           ldar rr8,0xe3cc
1da9e:  5db8034a           ldl <<3>>0x004a(r11),rr8
1daa2:  3408000a           ldar rr8,0xdab0
1daa6:  5db8034e           ldl <<3>>0x004e(r11),rr8
1daaa:  ddc7               calr 0xdf1e
1daac:  ee1c               jr nz,0xdae6
1daae:  9e08               ret 
1dab0:  54bc034a           ldl rr12,<<3>>0x004a(r11)
1dab4:  ddcf               calr 0xdf18
1dab6:  ee20               jr nz,0xdaf8
1dab8:  60ba032a           ldb rl2,<<3>>0x002a(r11)
1dabc:  a0a2               ldb rh2,rl2
1dabe:  b2a6               rrb rl2,#2
1dac0:  b2a6               rrb rl2,#2
1dac2:  8a2a               cpb rl2,rh2
1dac4:  e60b               jr z,0xdadc
1dac6:  4db503400001       ld <<3>>0x0040(r11),#0x0001
1dacc:  a0a2               ldb rh2,rl2
1dace:  6eb2032a           ldb <<3>>0x002a(r11),rh2
1dad2:  060a0f0f           andb rl2,#0x0f
1dad6:  0a0a0202           cpb rl2,#0x02
1dada:  e6c8               jr z,0xda6c
1dadc:  4db40324           test <<3>>0x0024(r11)
1dae0:  3404feac           ldar rr4,0xd990
1dae4:  1e4e               jp nz,@rr4
1dae6:  b371fff8           srl r7,#8
1daea:  6fb70318           ld <<3>>0x0018(r11),r7
1daee:  94a2               ldl rr2,rr10
1daf0:  54b4030c           ldl rr4,<<3>>0x000c(r11)
1daf4:  1f40               call @rr4
1daf6:  9e08               ret 
1daf8:  68b00313           incb <<3>>0x0013(r11),#1
1dafc:  61b2035a           ld r2,<<3>>0x005a(r11)
1db00:  6fb2031a           ld <<3>>0x001a(r11),r2
1db04:  61b2035e           ld r2,<<3>>0x005e(r11)
1db08:  6eba031d           ldb <<3>>0x001d(r11),rl2
1db0c:  61b3035c           ld r3,<<3>>0x005c(r11)
1db10:  6ebb031c           ldb <<3>>0x001c(r11),rl3
1db14:  61b3033c           ld r3,<<3>>0x003c(r11)
1db18:  6fb2033c           ld <<3>>0x003c(r11),r2
1db1c:  8b23               cp r3,r2
1db1e:  e605               jr z,0xdb2a
1db20:  4cb503520a0a       ldb <<3>>0x0052(r11),#0x0a
1db26:  62b00355           resb <<3>>0x0055(r11),#0
1db2a:  8332               sub r2,r3
1db2c:  54b40330           ldl rr4,<<3>>0x0030(r11)
1db30:  80a5               addb rh5,rl2
1db32:  ef01               jr nc,0xdb36
1db34:  a8c0               incb rl4,#1
1db36:  5db40330           ldl <<3>>0x0030(r11),rr4
1db3a:  61b3033e           ld r3,<<3>>0x003e(r11)
1db3e:  8323               sub r3,r2
1db40:  6fb3033e           ld <<3>>0x003e(r11),r3
1db44:  6ab00352           decb <<3>>0x0052(r11),#1
1db48:  ee3a               jr nz,0xdbbe
1db4a:  60ba032a           ldb rl2,<<3>>0x002a(r11)
1db4e:  060a0f0f           andb rl2,#0x0f
1db52:  0a0a0808           cpb rl2,#0x08
1db56:  ee32               jr nz,0xdbbc
1db58:  60bf0354           ldb rl7,<<3>>0x0054(r11)
1db5c:  0a0f0202           cpb rl7,#0x02
1db60:  ee2d               jr nz,0xdbbc
1db62:  66b00355           bitb <<3>>0x0055(r11),#0
1db66:  ee2a               jr nz,0xdbbc
1db68:  340c000e           ldar rr12,0xdb7a
1db6c:  5dbc034e           ldl <<3>>0x004e(r11),rr12
1db70:  340c051e           ldar rr12,0xe092
1db74:  de28               calr 0xdf26
1db76:  eeb7               jr nz,0xdae6
1db78:  9e08               ret 
1db7a:  61b20308           ld r2,<<3>>0x0008(r11)
1db7e:  54b40320           ldl rr4,<<3>>0x0020(r11)
1db82:  61b1033e           ld r1,<<3>>0x003e(r11)
1db86:  8285               subb rh5,rl0
1db88:  94a6               ldl rr6,rr10
1db8a:  01070058           add r7,#0x0058
1db8e:  dc6a               calr 0xe2bc
1db90:  8d74               test r7
1db92:  ee14               jr nz,0xdbbc
1db94:  6bb0033e           dec <<3>>0x003e(r11),#1
1db98:  e60c               jr z,0xdbb2
1db9a:  69b0033c           inc <<3>>0x003c(r11),#1
1db9e:  54b40330           ldl rr4,<<3>>0x0030(r11)
1dba2:  a850               incb rh5,#1
1dba4:  ef01               jr nc,0xdba8
1dba6:  a8c0               incb rl4,#1
1dba8:  5db40330           ldl <<3>>0x0030(r11),rr4
1dbac:  340cfebc           ldar rr12,0xda6c
1dbb0:  1ec8               jp @rr12
1dbb2:  340cfdda           ldar rr12,0xd990
1dbb6:  4db40324           test <<3>>0x0024(r11)
1dbba:  1ece               jp nz,@rr12
1dbbc:  e894               jr 0xdae6
1dbbe:  4cb103540303       cpb <<3>>0x0054(r11),#0x03
1dbc4:  ee02               jr nz,0xdbca
1dbc6:  64b00355           setb <<3>>0x0055(r11),#0
1dbca:  0a0f0404           cpb rl7,#0x04
1dbce:  ee26               jr nz,0xdc1c
1dbd0:  4cb103520505       cpb <<3>>0x0052(r11),#0x05
1dbd6:  ee02               jr nz,0xdbdc
1dbd8:  bd75               ldk r7,#5
1dbda:  e820               jr 0xdc1c
1dbdc:  4cb103520303       cpb <<3>>0x0052(r11),#0x03
1dbe2:  ee19               jr nz,0xdc16
1dbe4:  69b00356           inc <<3>>0x0056(r11),#1
1dbe8:  340c0016           ldar rr12,0xdc02
1dbec:  5dbc034e           ldl <<3>>0x004e(r11),rr12
1dbf0:  340c0470           ldar rr12,0xe064
1dbf4:  94a4               ldl rr4,rr10
1dbf6:  01050056           add r5,#0x0056
1dbfa:  de6f               calr 0xdf1e
1dbfc:  9e06               ret z
1dbfe:  d08d               calr 0xdae6
1dc00:  9e08               ret 
1dc02:  340c06ae           ldar rr12,0xe2b4
1dc06:  6bb00356           dec <<3>>0x0056(r11),#1
1dc0a:  de7a               calr 0xdf18
1dc0c:  340cfe2a           ldar rr12,0xda3a
1dc10:  1ec6               jp z,@rr12
1dc12:  bd75               ldk r7,#5
1dc14:  e803               jr 0xdc1c
1dc16:  340cfe52           ldar rr12,0xda6c
1dc1a:  1ec8               jp @rr12
1dc1c:  0a0f0303           cpb rl7,#0x03
1dc20:  ee4a               jr nz,0xdcb6
1dc22:  66b10355           bitb <<3>>0x0055(r11),#1
1dc26:  ee46               jr nz,0xdcb4
1dc28:  340c0038           ldar rr12,0xdc64
1dc2c:  5dbc034e           ldl <<3>>0x004e(r11),rr12
1dc30:  94a2               ldl rr2,rr10
1dc32:  01030060           add r3,#0x0060
1dc36:  3404fffc           ldar rr4,0xdc36
1dc3a:  2105ad10           ld r5,#0xad10
1dc3e:  1f40               call @rr4
1dc40:  5db20356           ldl <<3>>0x0056(r11),rr2
1dc44:  61b20334           ld r2,<<3>>0x0034(r11)
1dc48:  6fb2035a           ld <<3>>0x005a(r11),r2
1dc4c:  4db5035c0008       ld <<3>>0x005c(r11),#0x0008
1dc52:  340c05a6           ldar rr12,0xe1fc
1dc56:  94a4               ldl rr4,rr10
1dc58:  01050056           add r5,#0x0056
1dc5c:  dea0               calr 0xdf1e
1dc5e:  9e06               ret z
1dc60:  d0be               calr 0xdae6
1dc62:  9e08               ret 
1dc64:  340c0786           ldar rr12,0xe3ee
1dc68:  94a4               ldl rr4,rr10
1dc6a:  01050056           add r5,#0x0056
1dc6e:  dea9               calr 0xdf1e
1dc70:  ee21               jr nz,0xdcb4
1dc72:  bd27               ldk r2,#7
1dc74:  43b20356           sub r2,<<3>>0x0056(r11)
1dc78:  b3210002           sll r2,#2
1dc7c:  94a8               ldl rr8,rr10
1dc7e:  8129               add r9,r2
1dc80:  61930360           ld r3,<<3>>0x0060(r9)
1dc84:  61940362           ld r4,<<3>>0x0062(r9)
1dc88:  b341fff8           srl r4,#8
1dc8c:  a132               ld r2,r3
1dc8e:  0602f0f0           andb rh2,#0xf0
1dc92:  0a02e0e0           cpb rh2,#0xe0
1dc96:  ee0e               jr nz,0xdcb4
1dc98:  64b10355           setb <<3>>0x0055(r11),#1
1dc9c:  07030fff           and r3,#0x0fff
1dca0:  6fb30356           ld <<3>>0x0056(r11),r3
1dca4:  bd3d               ldk r3,#13
1dca6:  6fb30336           ld <<3>>0x0036(r11),r3
1dcaa:  6fb40334           ld <<3>>0x0034(r11),r4
1dcae:  3404fd88           ldar rr4,0xda3a
1dcb2:  1e48               jp @rr4
1dcb4:  bd75               ldk r7,#5
1dcb6:  0a0f0505           cpb rl7,#0x05
1dcba:  ee12               jr nz,0xdce0
1dcbc:  df0b               calr 0xdea8
1dcbe:  ee10               jr nz,0xdce0
1dcc0:  340c0010           ldar rr12,0xdcd4
1dcc4:  5dbc034e           ldl <<3>>0x004e(r11),rr12
1dcc8:  340c0370           ldar rr12,0xe03c
1dccc:  dedb               calr 0xdf18
1dcce:  9e06               ret z
1dcd0:  d0f6               calr 0xdae6
1dcd2:  9e08               ret 
1dcd4:  340c05be           ldar rr12,0xe296
1dcd8:  dee1               calr 0xdf18
1dcda:  340cfd5c           ldar rr12,0xda3a
1dcde:  1ec6               jp z,@rr12
1dce0:  93e7               push @rr14,r7
1dce2:  df1e               calr 0xdea8
1dce4:  97e7               pop r7,@rr14
1dce6:  d101               calr 0xdae6
1dce8:  9e08               ret 
1dcea:  9424               ldl rr4,rr2
1dcec:  942a               ldl rr10,rr2
1dcee:  8d38               clr r3
1dcf0:  605b032b           ldb rl3,<<3>>0x002b(r5)
1dcf4:  ab30               dec r3,#1
1dcf6:  b3310003           sll r3,#3
1dcfa:  8135               add r5,r3
1dcfc:  4d5503800132       ld <<3>>0x0080(r5),#0x0132
1dd02:  4db503180132       ld <<3>>0x0018(r11),#0x0132
1dd08:  4c5503820404       ldb <<3>>0x0082(r5),#0x04
1dd0e:  4cb5031a0404       ldb <<3>>0x001a(r11),#0x04
1dd14:  4c5503832020       ldb <<3>>0x0083(r5),#0x20
1dd1a:  4cb5031b2020       ldb <<3>>0x001b(r11),#0x20
1dd20:  4d5503860080       ld <<3>>0x0086(r5),#0x0080
1dd26:  4db80326           clr <<3>>0x0026(r11)
1dd2a:  4cb80328           clrb <<3>>0x0028(r11)
1dd2e:  4cb503290707       ldb <<3>>0x0029(r11),#0x07
1dd34:  4db503240100       ld <<3>>0x0024(r11),#0x0100
1dd3a:  4cb5032a0808       ldb <<3>>0x002a(r11),#0x08
1dd40:  340200c4           ldar rr2,0xde08
1dd44:  5db2030c           ldl <<3>>0x000c(r11),rr2
1dd48:  4cb60312           tsetb <<3>>0x0012(r11)
1dd4c:  94a2               ldl rr2,rr10
1dd4e:  d1fc               calr 0xd958
1dd50:  4cb40312           testb <<3>>0x0012(r11)
1dd54:  ee01               jr nz,0xdd58
1dd56:  e801               jr 0xdd5a
1dd58:  e8fb               jr 0xdd50
1dd5a:  61b70318           ld r7,<<3>>0x0018(r11)
1dd5e:  8d74               test r7
1dd60:  9e0e               ret nz
1dd62:  54b20320           ldl rr2,<<3>>0x0020(r11)
1dd66:  aa30               decb rh3,#1
1dd68:  1420               ldl rr0,@rr2
1dd6a:  1000564f4c31       cpl rr0,#0x564f4c31
1dd70:  e60c               jr z,0xdd8a
1dd72:  4db503180132       ld <<3>>0x0018(r11),#0x0132
1dd78:  4cb5031a0404       ldb <<3>>0x001a(r11),#0x04
1dd7e:  4cb5031b2020       ldb <<3>>0x001b(r11),#0x20
1dd84:  8d78               clr r7
1dd86:  8d41               setflg z
1dd88:  9e08               ret 
1dd8a:  94a8               ldl rr8,rr10
1dd8c:  8d48               clr r4
1dd8e:  60bc032b           ldb rl4,<<3>>0x002b(r11)
1dd92:  ab40               dec r4,#1
1dd94:  b3410003           sll r4,#3
1dd98:  8149               add r9,r4
1dd9a:  30280047           ldb rl0,rr2(#0x0047)
1dd9e:  0a083939           cpb rl0,#0x39
1dda2:  e205               jr le,0xddae
1dda4:  02084141           subb rl0,#0x41
1dda8:  00080a0a           addb rl0,#0x0a
1ddac:  e802               jr 0xddb2
1ddae:  02083030           subb rl0,#0x30
1ddb2:  6e980382           ldb <<3>>0x0082(r9),rl0
1ddb6:  6eb8031a           ldb <<3>>0x001a(r11),rl0
1ddba:  bd54               ldk r5,#4
1ddbc:  160200000051       addl rr2,#0x00000051
1ddc2:  dfdb               calr 0xde0e
1ddc4:  6f910380           ld <<3>>0x0080(r9),r1
1ddc8:  6fb10318           ld <<3>>0x0018(r11),r1
1ddcc:  bd53               ldk r5,#3
1ddce:  dfe1               calr 0xde0e
1ddd0:  6e990383           ldb <<3>>0x0083(r9),rl1
1ddd4:  6eb9031b           ldb <<3>>0x001b(r11),rl1
1ddd8:  a116               ld r6,r1
1ddda:  bd53               ldk r5,#3
1dddc:  dfe8               calr 0xde0e
1ddde:  6f910384           ld <<3>>0x0084(r9),r1
1dde2:  61940380           ld r4,<<3>>0x0080(r9)
1dde6:  54b20320           ldl rr2,<<3>>0x0020(r11)
1ddea:  31210082           ld r1,rr2(#0x0082)
1ddee:  0b012020           cp r1,#0x2020
1ddf2:  ee02               jr nz,0xddf8
1ddf4:  21010080           ld r1,#0x0080
1ddf8:  6f910386           ld <<3>>0x0086(r9),r1
1ddfc:  8d58               clr r5
1ddfe:  609d0382           ldb rl5,<<3>>0x0082(r9)
1de02:  8d78               clr r7
1de04:  8d41               setflg z
1de06:  9e08               ret 
1de08:  4cb80312           clrb <<3>>0x0012(r11)
1de0c:  9e08               ret 
1de0e:  93e4               push @rr14,r4
1de10:  9200               subl rr0,rr0
1de12:  1900000a           mult rr0,#0x000a
1de16:  202c               ldb rl4,@rr2
1de18:  0704000f           and r4,#0x000f
1de1c:  8141               add r1,r4
1de1e:  a930               inc r3,#1
1de20:  f588               djnz r5,0xde12
1de22:  97e4               pop r4,@rr14
1de24:  9e08               ret 
1de26:  3a86ff84           outb #0xff84,rl0
1de2a:  7c05               ei vi
1de2c:  abfd               dec r15,#14
1de2e:  abfd               dec r15,#14
1de30:  1ce9000d           ldm @rr14,r0,#14
1de34:  31e1001c           ld r1,rr14(#0x001c)
1de38:  8c18               clrb rh1
1de3a:  760a830038d2       lda rr10,<<3>>0x38d2
1de40:  71ab0100           ld r11,rr10(r1)
1de44:  31a20008           ld r2,rr10(#0x0008)
1de48:  ca48               ldb rl2,#0x48
1de4a:  bd02               ldk r0,#2
1de4c:  3e28               outb @r2,rl0
1de4e:  35a4004e           ldl rr4,rr10(#0x004e)
1de52:  1f40               call @rr4
1de54:  1ce1000d           ldm r0,@rr14,#14
1de58:  a9fd               inc r15,#14
1de5a:  a9fd               inc r15,#14
1de5c:  3a86ff8c           outb #0xff8c,rl0
1de60:  7b00               iret
1de62:  91e0               pushl @rr14,rr0
1de64:  93e2               push @rr14,r2
1de66:  91ea               pushl @rr14,rr10
1de68:  4cb60353           tsetb <<3>>0x0053(r11)
1de6c:  37a8004a           ldl rr10(#0x004a),rr8
1de70:  34080028           ldar rr8,0xde9c
1de74:  37a8004e           ldl rr10(#0x004e),rr8
1de78:  dfaa               calr 0xdf26
1de7a:  3a86ff8c           outb #0xff8c,rl0
1de7e:  210d0014           ld r13,#0x0014
1de82:  ee07               jr nz,0xde92
1de84:  4cb40353           testb <<3>>0x0053(r11)
1de88:  e604               jr z,0xde92
1de8a:  fc84               djnz r12,0xde84
1de8c:  fd85               djnz r13,0xde84
1de8e:  2107ffff           ld r7,#0xffff
1de92:  8d74               test r7
1de94:  95ea               popl rr10,@rr14
1de96:  97e2               pop r2,@rr14
1de98:  95e0               popl rr0,@rr14
1de9a:  9e08               ret 
1de9c:  35ac004a           ldl rr12,rr10(#0x004a)
1dea0:  dfc5               calr 0xdf18
1dea2:  4cb80353           clrb <<3>>0x0053(r11)
1dea6:  9e08               ret 
1dea8:  340c00ca           ldar rr12,0xdf76
1deac:  dfc4               calr 0xdf26
1deae:  9e0e               ret nz
1deb0:  8d38               clr r3
1deb2:  30ab000a           ldb rl3,rr10(#0x000a)
1deb6:  340c00ce           ldar rr12,0xdf88
1deba:  dfcb               calr 0xdf26
1debc:  9e0e               ret nz
1debe:  bd31               ldk r3,#1
1dec0:  340c00d4           ldar rr12,0xdf98
1dec4:  dfd0               calr 0xdf26
1dec6:  9e0e               ret nz
1dec8:  94a4               ldl rr4,rr10
1deca:  94a8               ldl rr8,rr10
1decc:  01050058           add r5,#0x0058
1ded0:  8d38               clr r3
1ded2:  60bb032b           ldb rl3,<<3>>0x002b(r11)
1ded6:  ab30               dec r3,#1
1ded8:  b3310003           sll r3,#3
1dedc:  8139               add r9,r3
1dede:  4d5503000040       ld <<3>>0x0000(r5),#0x0040
1dee4:  61900384           ld r0,<<3>>0x0084(r9)
1dee8:  6f500302           ld <<3>>0x0002(r5),r0
1deec:  8d08               clr r0
1deee:  60980382           ldb rl0,<<3>>0x0082(r9)
1def2:  6f500304           ld <<3>>0x0004(r5),r0
1def6:  60980383           ldb rl0,<<3>>0x0083(r9)
1defa:  6f500306           ld <<3>>0x0006(r5),r0
1defe:  4d550308000d       ld <<3>>0x0008(r5),#0x000d
1df04:  61900386           ld r0,<<3>>0x0086(r9)
1df08:  6f50030a           ld <<3>>0x000a(r5),r0
1df0c:  340c00b8           ldar rr12,0xdfc8
1df10:  34080356           ldar rr8,0xe26a
1df14:  d05a               calr 0xde62
1df16:  9e08               ret 
1df18:  94a4               ldl rr4,rr10
1df1a:  01050058           add r5,#0x0058
1df1e:  8d38               clr r3
1df20:  60bb032b           ldb rl3,<<3>>0x002b(r11)
1df24:  ab30               dec r3,#1
1df26:  61b20308           ld r2,<<3>>0x0008(r11)
1df2a:  91ea               pushl @rr14,rr10
1df2c:  1fc0               call @rr12
1df2e:  95ea               popl rr10,@rr14
1df30:  32af0054           ldb rr10(#0x0054),rl7
1df34:  0b07ffff           cp r7,#0xffff
1df38:  e606               jr z,0xdf46
1df3a:  340c000e           ldar rr12,0xdf4c
1df3e:  817d               add r13,r7
1df40:  817d               add r13,r7
1df42:  21c7               ld r7,@rr12
1df44:  e801               jr 0xdf48
1df46:  bd71               ldk r7,#1
1df48:  8d74               test r7
1df4a:  9e08               ret 
1df4c:  00000403           addb rh0,#0x03
1df50:  04040404           orb rh4,#0x04
1df54:  04050404           orb rh5,#0x04
1df58:  04040404           orb rh4,#0x04
1df5c:  02020404           subb rh2,#0x04
1df60:  04040205           orb rh4,#0x05
1df64:  02020104           subb rh2,#0x04
1df68:  01010101           add r1,#0x0101
1df6c:  01010105           add r1,#0x0105
1df70:  01010105           add r1,#0x0105
1df74:  00042107           addb rh4,#0x07
1df78:  0100ddb5           add r0,#0xddb5
1df7c:  ee03               jr nz,0xdf84
1df7e:  c901               ldb rl1,#0x01
1df80:  ca11               ldb rl2,#0x11
1df82:  3f21               out @r2,r1
1df84:  dd65               calr 0xe4bc
1df86:  9e08               ret 
1df88:  21070300           ld r7,#0x0300
1df8c:  ddbe               calr 0xe412
1df8e:  ee02               jr nz,0xdf94
1df90:  ca4a               ldb rl2,#0x4a
1df92:  3e2b               outb @r2,rl3
1df94:  dd6d               calr 0xe4bc
1df96:  9e08               ret 
1df98:  21070400           ld r7,#0x0400
1df9c:  ddc6               calr 0xe412
1df9e:  ee06               jr nz,0xdfac
1dfa0:  c903               ldb rl1,#0x03
1dfa2:  a730               bit r3,#0
1dfa4:  ee01               jr nz,0xdfa8
1dfa6:  c902               ldb rl1,#0x02
1dfa8:  ca48               ldb rl2,#0x48
1dfaa:  3f21               out @r2,r1
1dfac:  dd79               calr 0xe4bc
1dfae:  9e08               ret 
1dfb0:  21070800           ld r7,#0x0800
1dfb4:  ddd2               calr 0xe412
1dfb6:  ee06               jr nz,0xdfc4
1dfb8:  c9f0               ldb rl1,#0xf0
1dfba:  a730               bit r3,#0
1dfbc:  ee01               jr nz,0xdfc0
1dfbe:  c970               ldb rl1,#0x70
1dfc0:  ca48               ldb rl2,#0x48
1dfc2:  3f21               out @r2,r1
1dfc4:  dd85               calr 0xe4bc
1dfc6:  9e08               ret 
1dfc8:  21070a00           ld r7,#0x0a00
1dfcc:  ddde               calr 0xe412
1dfce:  ee29               jr nz,0xe022
1dfd0:  ddda               calr 0xe41e
1dfd2:  ee27               jr nz,0xe022
1dfd4:  ca48               ldb rl2,#0x48
1dfd6:  c920               ldb rl1,#0x20
1dfd8:  3f21               out @r2,r1
1dfda:  2141               ld r1,@rr4
1dfdc:  05010018           or r1,#0x0018
1dfe0:  3249000c           ldb rr4(#0x000c),rl1
1dfe4:  31410002           ld r1,rr4(#0x0002)
1dfe8:  0501b000           or r1,#0xb000
1dfec:  3241000d           ldb rr4(#0x000d),rh1
1dff0:  3249000e           ldb rr4(#0x000e),rl1
1dff4:  31410004           ld r1,rr4(#0x0004)
1dff8:  3249000f           ldb rr4(#0x000f),rl1
1dffc:  31410006           ld r1,rr4(#0x0006)
1e000:  32490010           ldb rr4(#0x0010),rl1
1e004:  31410008           ld r1,rr4(#0x0008)
1e008:  32490011           ldb rr4(#0x0011),rl1
1e00c:  3141000a           ld r1,rr4(#0x000a)
1e010:  32410012           ldb rr4(#0x0012),rh1
1e014:  32490013           ldb rr4(#0x0013),rl1
1e018:  bd08               ldk r0,#8
1e01a:  16040000000c       addl rr4,#0x0000000c
1e020:  c920               ldb rl1,#0x20
1e022:  ddbe               calr 0xe4a8
1e024:  9e08               ret 
1e026:  21070b00           ld r7,#0x0b00
1e02a:  de0d               calr 0xe412
1e02c:  ee05               jr nz,0xe038
1e02e:  ca48               ldb rl2,#0x48
1e030:  c905               ldb rl1,#0x05
1e032:  3f21               out @r2,r1
1e034:  c90d               ldb rl1,#0x0d
1e036:  3f21               out @r2,r1
1e038:  ddbf               calr 0xe4bc
1e03a:  9e08               ret 
1e03c:  21070c00           ld r7,#0x0c00
1e040:  de18               calr 0xe412
1e042:  ee0e               jr nz,0xe060
1e044:  de14               calr 0xe41e
1e046:  ee0c               jr nz,0xe060
1e048:  bd10               ldk r1,#0
1e04a:  de11               calr 0xe42a
1e04c:  e609               jr z,0xe060
1e04e:  ca48               ldb rl2,#0x48
1e050:  c920               ldb rl1,#0x20
1e052:  3f21               out @r2,r1
1e054:  c90d               ldb rl1,#0x0d
1e056:  3f21               out @r2,r1
1e058:  05030058           or r3,#0x0058
1e05c:  ca11               ldb rl2,#0x11
1e05e:  3e2b               outb @r2,rl3
1e060:  ddd3               calr 0xe4bc
1e062:  9e08               ret 
1e064:  21070d00           ld r7,#0x0d00
1e068:  de2c               calr 0xe412
1e06a:  ee11               jr nz,0xe08e
1e06c:  de28               calr 0xe41e
1e06e:  ee0f               jr nz,0xe08e
1e070:  bd10               ldk r1,#0
1e072:  de25               calr 0xe42a
1e074:  e60c               jr z,0xe08e
1e076:  ca48               ldb rl2,#0x48
1e078:  c920               ldb rl1,#0x20
1e07a:  3f21               out @r2,r1
1e07c:  2141               ld r1,@rr4
1e07e:  160400000002       addl rr4,#0x00000002
1e084:  2f41               ld @rr4,r1
1e086:  bd02               ldk r0,#2
1e088:  05030068           or r3,#0x0068
1e08c:  a131               ld r1,r3
1e08e:  ddf4               calr 0xe4a8
1e090:  9e08               ret 
1e092:  21071000           ld r7,#0x1000
1e096:  de43               calr 0xe412
1e098:  ee0a               jr nz,0xe0ae
1e09a:  de3f               calr 0xe41e
1e09c:  ee08               jr nz,0xe0ae
1e09e:  ca48               ldb rl2,#0x48
1e0a0:  c920               ldb rl1,#0x20
1e0a2:  3f21               out @r2,r1
1e0a4:  c90d               ldb rl1,#0x0d
1e0a6:  3f21               out @r2,r1
1e0a8:  ca11               ldb rl2,#0x11
1e0aa:  c940               ldb rl1,#0x40
1e0ac:  3e29               outb @r2,rl1
1e0ae:  ddfa               calr 0xe4bc
1e0b0:  9e08               ret 
1e0b2:  21071100           ld r7,#0x1100
1e0b6:  ce0a               ldb rl6,#0x0a
1e0b8:  040ea0a0           orb rl6,#0xa0
1e0bc:  c609               ldb rh6,#0x09
1e0be:  04061010           orb rh6,#0x10
1e0c2:  de59               calr 0xe412
1e0c4:  ee42               jr nz,0xe14a
1e0c6:  de55               calr 0xe41e
1e0c8:  ee40               jr nz,0xe14a
1e0ca:  31410004           ld r1,rr4(#0x0004)
1e0ce:  de53               calr 0xe42a
1e0d0:  e63c               jr z,0xe14a
1e0d2:  3140000e           ld r0,rr4(#0x000e)
1e0d6:  0b000020           cp r0,#0x0020
1e0da:  e202               jr le,0xe0e0
1e0dc:  cf0e               ldb rl7,#0x0e
1e0de:  e835               jr 0xe14a
1e0e0:  0b000000           cp r0,#0x0000
1e0e4:  ee02               jr nz,0xe0ea
1e0e6:  cf0e               ldb rl7,#0x0e
1e0e8:  e830               jr 0xe14a
1e0ea:  93e6               push @rr14,r6
1e0ec:  3146000e           ld r6,rr4(#0x000e)
1e0f0:  1448               ldl rr8,@rr4
1e0f2:  de36               calr 0xe488
1e0f4:  3146000e           ld r6,rr4(#0x000e)
1e0f8:  de43               calr 0xe474
1e0fa:  97e6               pop r6,@rr14
1e0fc:  ca48               ldb rl2,#0x48
1e0fe:  3e2e               outb @r2,rl6
1e100:  3e26               outb @r2,rh6
1e102:  bd10               ldk r1,#0
1e104:  32490010           ldb rr4(#0x0010),rl1
1e108:  31410006           ld r1,rr4(#0x0006)
1e10c:  b2910004           sllb rl1,#4
1e110:  31400008           ld r0,rr4(#0x0008)
1e114:  8409               orb rl1,rh0
1e116:  32490011           ldb rr4(#0x0011),rl1
1e11a:  32480012           ldb rr4(#0x0012),rl0
1e11e:  3141000a           ld r1,rr4(#0x000a)
1e122:  32490013           ldb rr4(#0x0013),rl1
1e126:  3141000c           ld r1,rr4(#0x000c)
1e12a:  32490014           ldb rr4(#0x0014),rl1
1e12e:  3141000e           ld r1,rr4(#0x000e)
1e132:  32490015           ldb rr4(#0x0015),rl1
1e136:  160400000010       addl rr4,#0x00000010
1e13c:  c9b0               ldb rl1,#0xb0
1e13e:  21001200           ld r0,#0x1200
1e142:  8a07               cpb rh7,rh0
1e144:  ee01               jr nz,0xe148
1e146:  c9f0               ldb rl1,#0xf0
1e148:  bd06               ldk r0,#6
1e14a:  de52               calr 0xe4a8
1e14c:  9e08               ret 
1e14e:  21071200           ld r7,#0x1200
1e152:  ce0b               ldb rl6,#0x0b
1e154:  040e2020           orb rl6,#0x20
1e158:  c609               ldb rh6,#0x09
1e15a:  04069090           orb rh6,#0x90
1e15e:  e8b1               jr 0xe0c2
1e160:  21071300           ld r7,#0x1300
1e164:  ce0b               ldb rl6,#0x0b
1e166:  040e2020           orb rl6,#0x20
1e16a:  dead               calr 0xe412
1e16c:  ee45               jr nz,0xe1f8
1e16e:  dea9               calr 0xe41e
1e170:  ee43               jr nz,0xe1f8
1e172:  31410004           ld r1,rr4(#0x0004)
1e176:  dea7               calr 0xe42a
1e178:  e63f               jr z,0xe1f8
1e17a:  3140000e           ld r0,rr4(#0x000e)
1e17e:  0b000020           cp r0,#0x0020
1e182:  e202               jr le,0xe188
1e184:  cf0e               ldb rl7,#0x0e
1e186:  e838               jr 0xe1f8
1e188:  0b000000           cp r0,#0x0000
1e18c:  ee02               jr nz,0xe192
1e18e:  cf0e               ldb rl7,#0x0e
1e190:  e833               jr 0xe1f8
1e192:  31400010           ld r0,rr4(#0x0010)
1e196:  8c68               clrb rh6
1e198:  a700               bit r0,#0
1e19a:  ee03               jr nz,0xe1a2
1e19c:  c609               ldb rh6,#0x09
1e19e:  04069090           orb rh6,#0x90
1e1a2:  93e6               push @rr14,r6
1e1a4:  3146000e           ld r6,rr4(#0x000e)
1e1a8:  1448               ldl rr8,@rr4
1e1aa:  de92               calr 0xe488
1e1ac:  3146000e           ld r6,rr4(#0x000e)
1e1b0:  de9f               calr 0xe474
1e1b2:  97e6               pop r6,@rr14
1e1b4:  ca48               ldb rl2,#0x48
1e1b6:  3e2e               outb @r2,rl6
1e1b8:  3e26               outb @r2,rh6
1e1ba:  bd10               ldk r1,#0
1e1bc:  32490012           ldb rr4(#0x0012),rl1
1e1c0:  31410006           ld r1,rr4(#0x0006)
1e1c4:  b2910004           sllb rl1,#4
1e1c8:  31400008           ld r0,rr4(#0x0008)
1e1cc:  8409               orb rl1,rh0
1e1ce:  32490013           ldb rr4(#0x0013),rl1
1e1d2:  32480014           ldb rr4(#0x0014),rl0
1e1d6:  3141000a           ld r1,rr4(#0x000a)
1e1da:  32490015           ldb rr4(#0x0015),rl1
1e1de:  3141000c           ld r1,rr4(#0x000c)
1e1e2:  32490016           ldb rr4(#0x0016),rl1
1e1e6:  3141000e           ld r1,rr4(#0x000e)
1e1ea:  32490017           ldb rr4(#0x0017),rl1
1e1ee:  160400000012       addl rr4,#0x00000012
1e1f4:  c9e0               ldb rl1,#0xe0
1e1f6:  bd06               ldk r0,#6
1e1f8:  dea9               calr 0xe4a8
1e1fa:  9e08               ret 
1e1fc:  21071800           ld r7,#0x1800
1e200:  def8               calr 0xe412
1e202:  ee31               jr nz,0xe266
1e204:  def4               calr 0xe41e
1e206:  ee2f               jr nz,0xe266
1e208:  31410004           ld r1,rr4(#0x0004)
1e20c:  def2               calr 0xe42a
1e20e:  e62b               jr z,0xe266
1e210:  31410006           ld r1,rr4(#0x0006)
1e214:  a116               ld r6,r1
1e216:  0b010000           cp r1,#0x0000
1e21a:  ee02               jr nz,0xe220
1e21c:  cf0e               ldb rl7,#0x0e
1e21e:  e823               jr 0xe266
1e220:  07010007           and r1,#0x0007
1e224:  e602               jr z,0xe22a
1e226:  cf0e               ldb rl7,#0x0e
1e228:  e81e               jr 0xe266
1e22a:  b361fffe           srl r6,#2
1e22e:  1448               ldl rr8,@rr4
1e230:  ded3               calr 0xe48c
1e232:  31460006           ld r6,rr4(#0x0006)
1e236:  b3610002           sll r6,#2
1e23a:  dee2               calr 0xe478
1e23c:  ca48               ldb rl2,#0x48
1e23e:  c90a               ldb rl1,#0x0a
1e240:  0409a0a0           orb rl1,#0xa0
1e244:  3f21               out @r2,r1
1e246:  c909               ldb rl1,#0x09
1e248:  04091010           orb rl1,#0x10
1e24c:  3f21               out @r2,r1
1e24e:  bd10               ldk r1,#0
1e250:  32490008           ldb rr4(#0x0008),rl1
1e254:  31410006           ld r1,rr4(#0x0006)
1e258:  32490009           ldb rr4(#0x0009),rl1
1e25c:  bd02               ldk r0,#2
1e25e:  160400000008       addl rr4,#0x00000008
1e264:  c990               ldb rl1,#0x90
1e266:  dee0               calr 0xe4a8
1e268:  9e08               ret 
1e26a:  21071d00           ld r7,#0x1d00
1e26e:  c82f               ldb rl0,#0x2f
1e270:  debd               calr 0xe4f8
1e272:  ee06               jr nz,0xe280
1e274:  ca11               ldb rl2,#0x11
1e276:  3c26               inb rh6,@r2
1e278:  8ce8               clrb rl6
1e27a:  21009f00           ld r0,#0x9f00
1e27e:  deae               calr 0xe524
1e280:  de74               calr 0xe59a
1e282:  9e08               ret 
1e284:  21071e00           ld r7,#0x1e00
1e288:  c82f               ldb rl0,#0x2f
1e28a:  deca               calr 0xe4f8
1e28c:  ca48               ldb rl2,#0x48
1e28e:  c904               ldb rl1,#0x04
1e290:  3f21               out @r2,r1
1e292:  de78               calr 0xe5a4
1e294:  9e08               ret 
1e296:  21071f00           ld r7,#0x1f00
1e29a:  c82f               ldb rl0,#0x2f
1e29c:  ded3               calr 0xe4f8
1e29e:  ee08               jr nz,0xe2b0
1e2a0:  bd11               ldk r1,#1
1e2a2:  9448               ldl rr8,rr4
1e2a4:  dee2               calr 0xe4e2
1e2a6:  060ef8f8           andb rl6,#0xf8
1e2aa:  21009f45           ld r0,#0x9f45
1e2ae:  dec6               calr 0xe524
1e2b0:  de8c               calr 0xe59a
1e2b2:  9e08               ret 
1e2b4:  21072000           ld r7,#0x2000
1e2b8:  c82f               ldb rl0,#0x2f
1e2ba:  e8f0               jr 0xe29c
1e2bc:  9468               ldl rr8,rr6
1e2be:  21072300           ld r7,#0x2300
1e2c2:  c82f               ldb rl0,#0x2f
1e2c4:  dee7               calr 0xe4f8
1e2c6:  ee5e               jr nz,0xe384
1e2c8:  bd15               ldk r1,#5
1e2ca:  91e8               pushl @rr14,rr8
1e2cc:  160800000004       addl rr8,#0x00000004
1e2d2:  def9               calr 0xe4e2
1e2d4:  8ce8               clrb rl6
1e2d6:  21009f00           ld r0,#0x9f00
1e2da:  dedc               calr 0xe524
1e2dc:  95e8               popl rr8,@rr14
1e2de:  ee52               jr nz,0xe384
1e2e0:  91ea               pushl @rr14,rr10
1e2e2:  358a0006           ldl rr10,rr8(#0x0006)
1e2e6:  100a00000000       cpl rr10,#0x00000000
1e2ec:  e649               jr z,0xe380
1e2ee:  b3a5fff8           srll rr10,#8
1e2f2:  94a0               ldl rr0,rr10
1e2f4:  21030022           ld r3,#0x0022
1e2f8:  b305ffff           srll rr0,#1
1e2fc:  ab30               dec r3,#1
1e2fe:  effc               jr nc,0xe2f8
1e300:  94a0               ldl rr0,rr10
1e302:  b3050001           slll rr0,#1
1e306:  ab30               dec r3,#1
1e308:  effc               jr nc,0xe302
1e30a:  33830002           ld rr8(#0x0002),r3
1e30e:  0d88               clr @rr8
1e310:  8900               xor r0,r0
1e312:  31830004           ld r3,rr8(#0x0004)
1e316:  8cb0               comb rl3
1e318:  0a03ffff           cpb rh3,#0xff
1e31c:  ee03               jr nz,0xe324
1e31e:  0d850002           ld @rr8,#0x0002
1e322:  e82f               jr 0xe382
1e324:  0a030000           cpb rh3,#0x00
1e328:  ee2b               jr nz,0xe380
1e32a:  0a0bffff           cpb rl3,#0xff
1e32e:  ee0b               jr nz,0xe346
1e330:  70480300           ldb rl0,rr4(r3)
1e334:  89a0               xor r0,r10
1e336:  72480300           ldb rr4(r3),rl0
1e33a:  0b0b0000           cp r11,#0x0000
1e33e:  e602               jr z,0xe344
1e340:  0d850003           ld @rr8,#0x0003
1e344:  e81c               jr 0xe37e
1e346:  0a0bfefe           cpb rl3,#0xfe
1e34a:  ee0d               jr nz,0xe366
1e34c:  71400300           ld r0,rr4(r3)
1e350:  b3a50008           slll rr10,#8
1e354:  89a0               xor r0,r10
1e356:  73400300           ld rr4(r3),r0
1e35a:  070bf000           and r11,#0xf000
1e35e:  e602               jr z,0xe364
1e360:  0d850003           ld @rr8,#0x0003
1e364:  e80c               jr 0xe37e
1e366:  a730               bit r3,#0
1e368:  e602               jr z,0xe36e
1e36a:  ab30               dec r3,#1
1e36c:  e802               jr 0xe372
1e36e:  b3a50008           slll rr10,#8
1e372:  75400300           ldl rr0,rr4(r3)
1e376:  89a0               xor r0,r10
1e378:  89b1               xor r1,r11
1e37a:  77400300           ldl rr4(r3),rr0
1e37e:  e801               jr 0xe382
1e380:  cf13               ldb rl7,#0x13
1e382:  95ea               popl rr10,@rr14
1e384:  def6               calr 0xe59a
1e386:  9e08               ret 
1e388:  21072400           ld r7,#0x2400
1e38c:  c828               ldb rl0,#0x28
1e38e:  df4c               calr 0xe4f8
1e390:  ee0a               jr nz,0xe3a6
1e392:  bd17               ldk r1,#7
1e394:  9448               ldl rr8,rr4
1e396:  160800000008       addl rr8,#0x00000008
1e39c:  df5e               calr 0xe4e2
1e39e:  deec               calr 0xe5c8
1e3a0:  210093c0           ld r0,#0x93c0
1e3a4:  df41               calr 0xe524
1e3a6:  df07               calr 0xe59a
1e3a8:  9e08               ret 
1e3aa:  21072500           ld r7,#0x2500
1e3ae:  c828               ldb rl0,#0x28
1e3b0:  df5d               calr 0xe4f8
1e3b2:  ee0a               jr nz,0xe3c8
1e3b4:  bd17               ldk r1,#7
1e3b6:  9448               ldl rr8,rr4
1e3b8:  160800000008       addl rr8,#0x00000008
1e3be:  df6f               calr 0xe4e2
1e3c0:  defd               calr 0xe5c8
1e3c2:  210093e0           ld r0,#0x93e0
1e3c6:  df52               calr 0xe524
1e3c8:  df18               calr 0xe59a
1e3ca:  9e08               ret 
1e3cc:  21072600           ld r7,#0x2600
1e3d0:  c828               ldb rl0,#0x28
1e3d2:  df6e               calr 0xe4f8
1e3d4:  ee0a               jr nz,0xe3ea
1e3d6:  bd17               ldk r1,#7
1e3d8:  9448               ldl rr8,rr4
1e3da:  160800000008       addl rr8,#0x00000008
1e3e0:  df80               calr 0xe4e2
1e3e2:  df0e               calr 0xe5c8
1e3e4:  210091c0           ld r0,#0x91c0
1e3e8:  df63               calr 0xe524
1e3ea:  df29               calr 0xe59a
1e3ec:  9e08               ret 
1e3ee:  21072b00           ld r7,#0x2b00
1e3f2:  c828               ldb rl0,#0x28
1e3f4:  df7f               calr 0xe4f8
1e3f6:  ee0b               jr nz,0xe40e
1e3f8:  bd12               ldk r1,#2
1e3fa:  9448               ldl rr8,rr4
1e3fc:  160800000002       addl rr8,#0x00000002
1e402:  df91               calr 0xe4e2
1e404:  2181               ld r1,@rr8
1e406:  2f41               ld @rr4,r1
1e408:  210093e5           ld r0,#0x93e5
1e40c:  df75               calr 0xe524
1e40e:  df3b               calr 0xe59a
1e410:  9e08               ret 
1e412:  ca4a               ldb rl2,#0x4a
1e414:  3d21               in r1,@r2
1e416:  a693               bitb rl1,#3
1e418:  e601               jr z,0xe41c
1e41a:  cf12               ldb rl7,#0x12
1e41c:  9e08               ret 
1e41e:  ca11               ldb rl2,#0x11
1e420:  3d21               in r1,@r2
1e422:  8c94               testb rl1
1e424:  e601               jr z,0xe428
1e426:  cf13               ldb rl7,#0x13
1e428:  9e08               ret 
1e42a:  a0b8               ldb rl0,rl3
1e42c:  b284               rrb rl0,#1
1e42e:  8510               or r0,r1
1e430:  ca40               ldb rl2,#0x40
1e432:  3f20               out @r2,r0
1e434:  ca48               ldb rl2,#0x48
1e436:  c90d               ldb rl1,#0x0d
1e438:  3f21               out @r2,r1
1e43a:  ca42               ldb rl2,#0x42
1e43c:  3d21               in r1,@r2
1e43e:  ca48               ldb rl2,#0x48
1e440:  c80c               ldb rl0,#0x0c
1e442:  3f20               out @r2,r0
1e444:  a730               bit r3,#0
1e446:  ee05               jr nz,0xe452
1e448:  a710               bit r1,#0
1e44a:  ee02               jr nz,0xe450
1e44c:  cf0c               ldb rl7,#0x0c
1e44e:  9e08               ret 
1e450:  e804               jr 0xe45a
1e452:  a711               bit r1,#1
1e454:  ee02               jr nz,0xe45a
1e456:  cf0c               ldb rl7,#0x0c
1e458:  9e08               ret 
1e45a:  a714               bit r1,#4
1e45c:  ee02               jr nz,0xe462
1e45e:  cf0a               ldb rl7,#0x0a
1e460:  9e08               ret 
1e462:  a715               bit r1,#5
1e464:  e603               jr z,0xe46c
1e466:  cf09               ldb rl7,#0x09
1e468:  8d41               setflg z
1e46a:  9e08               ret 
1e46c:  a712               bit r1,#2
1e46e:  ee01               jr nz,0xe472
1e470:  cf0d               ldb rl7,#0x0d
1e472:  9e08               ret 
1e474:  b3610008           sll r6,#8
1e478:  ab60               dec r6,#1
1e47a:  ca57               ldb rl2,#0x57
1e47c:  c970               ldb rl1,#0x70
1e47e:  3e29               outb @r2,rl1
1e480:  ca47               ldb rl2,#0x47
1e482:  3e2e               outb @r2,rl6
1e484:  3e26               outb @r2,rh6
1e486:  9e08               ret 
1e488:  b3610004           sll r6,#4
1e48c:  ab60               dec r6,#1
1e48e:  b385ffff           srll rr8,#1
1e492:  ca57               ldb rl2,#0x57
1e494:  c9b0               ldb rl1,#0xb0
1e496:  3e29               outb @r2,rl1
1e498:  ca56               ldb rl2,#0x56
1e49a:  3e2e               outb @r2,rl6
1e49c:  3e26               outb @r2,rh6
1e49e:  ca42               ldb rl2,#0x42
1e4a0:  3f29               out @r2,r9
1e4a2:  ca44               ldb rl2,#0x44
1e4a4:  3f28               out @r2,r8
1e4a6:  9e08               ret 
1e4a8:  8cf4               testb rl7
1e4aa:  ee08               jr nz,0xe4bc
1e4ac:  ca01               ldb rl2,#0x01
1e4ae:  3a420020           otirb @r2,@rr4,r0
1e4b2:  ca48               ldb rl2,#0x48
1e4b4:  c80d               ldb rl0,#0x0d
1e4b6:  3f20               out @r2,r0
1e4b8:  ca11               ldb rl2,#0x11
1e4ba:  3e29               outb @r2,rl1
1e4bc:  ca4c               ldb rl2,#0x4c
1e4be:  3f27               out @r2,r7
1e4c0:  8877               xorb rh7,rh7
1e4c2:  9e08               ret 
1e4c4:  210807d0           ld r8,#0x07d0
1e4c8:  ca57               ldb rl2,#0x57
1e4ca:  3e29               outb @r2,rl1
1e4cc:  a181               ld r1,r8
1e4ce:  ca46               ldb rl2,#0x46
1e4d0:  3e29               outb @r2,rl1
1e4d2:  3e21               outb @r2,rh1
1e4d4:  ca57               ldb rl2,#0x57
1e4d6:  c970               ldb rl1,#0x70
1e4d8:  3e29               outb @r2,rl1
1e4da:  ca47               ldb rl2,#0x47
1e4dc:  3e2b               outb @r2,rl3
1e4de:  3e23               outb @r2,rh3
1e4e0:  9e08               ret 
1e4e2:  ca11               ldb rl2,#0x11
1e4e4:  3c26               inb rh6,@r2
1e4e6:  ca01               ldb rl2,#0x01
1e4e8:  a110               ld r0,r1
1e4ea:  3a200080           inirb @rr8,@r2,r0
1e4ee:  9208               subl rr8,rr0
1e4f0:  208e               ldb rl6,@rr8
1e4f2:  32860007           ldb rr8(#0x0007),rh6
1e4f6:  9e08               ret 
1e4f8:  ca4a               ldb rl2,#0x4a
1e4fa:  3d21               in r1,@r2
1e4fc:  8698               andb rl0,rl1
1e4fe:  0a082828           cpb rl0,#0x28
1e502:  e602               jr z,0xe508
1e504:  cfff               ldb rl7,#0xff
1e506:  9e08               ret 
1e508:  06090707           andb rl1,#0x07
1e50c:  9e06               ret z
1e50e:  a691               bitb rl1,#1
1e510:  e602               jr z,0xe516
1e512:  cf0f               ldb rl7,#0x0f
1e514:  9e08               ret 
1e516:  a692               bitb rl1,#2
1e518:  e602               jr z,0xe51e
1e51a:  cf10               ldb rl7,#0x10
1e51c:  9e08               ret 
1e51e:  cf11               ldb rl7,#0x11
1e520:  8d43               resflg z
1e522:  9e08               ret 
1e524:  a666               bitb rh6,#6
1e526:  e604               jr z,0xe530
1e528:  a665               bitb rh6,#5
1e52a:  e602               jr z,0xe530
1e52c:  cf13               ldb rl7,#0x13
1e52e:  9e08               ret 
1e530:  a101               ld r1,r0
1e532:  8761               and r1,r6
1e534:  e602               jr z,0xe53a
1e536:  cf13               ldb rl7,#0x13
1e538:  9e08               ret 
1e53a:  8d00               com r0
1e53c:  07009f7f           and r0,#0x9f7f
1e540:  8760               and r0,r6
1e542:  e62a               jr z,0xe598
1e544:  cf04               ldb rl7,#0x04
1e546:  a663               bitb rh6,#3
1e548:  9e0e               ret nz
1e54a:  cf06               ldb rl7,#0x06
1e54c:  a662               bitb rh6,#2
1e54e:  9e0e               ret nz
1e550:  cf07               ldb rl7,#0x07
1e552:  a661               bitb rh6,#1
1e554:  9e0e               ret nz
1e556:  cf05               ldb rl7,#0x05
1e558:  a6e0               bitb rl6,#0
1e55a:  9e0e               ret nz
1e55c:  cf01               ldb rl7,#0x01
1e55e:  a6e2               bitb rl6,#2
1e560:  9e0e               ret nz
1e562:  cf0a               ldb rl7,#0x0a
1e564:  a6e3               bitb rl6,#3
1e566:  9e0e               ret nz
1e568:  cf09               ldb rl7,#0x09
1e56a:  a6e4               bitb rl6,#4
1e56c:  9e0e               ret nz
1e56e:  cf0b               ldb rl7,#0x0b
1e570:  21002000           ld r0,#0x2000
1e574:  8a07               cpb rh7,rh0
1e576:  9e06               ret z
1e578:  21001f00           ld r0,#0x1f00
1e57c:  8a07               cpb rh7,rh0
1e57e:  9e06               ret z
1e580:  21002d00           ld r0,#0x2d00
1e584:  8a07               cpb rh7,rh0
1e586:  9e06               ret z
1e588:  cf03               ldb rl7,#0x03
1e58a:  06066060           andb rh6,#0x60
1e58e:  0a064040           cpb rh6,#0x40
1e592:  9e0e               ret nz
1e594:  cf02               ldb rl7,#0x02
1e596:  9e08               ret 
1e598:  9e08               ret 
1e59a:  ca11               ldb rl2,#0x11
1e59c:  c908               ldb rl1,#0x08
1e59e:  3f21               out @r2,r1
1e5a0:  c902               ldb rl1,#0x02
1e5a2:  3f21               out @r2,r1
1e5a4:  ca48               ldb rl2,#0x48
1e5a6:  c90c               ldb rl1,#0x0c
1e5a8:  3f21               out @r2,r1
1e5aa:  c908               ldb rl1,#0x08
1e5ac:  04091010           orb rl1,#0x10
1e5b0:  3f21               out @r2,r1
1e5b2:  c903               ldb rl1,#0x03
1e5b4:  3e29               outb @r2,rl1
1e5b6:  ca4c               ldb rl2,#0x4c
1e5b8:  3f27               out @r2,r7
1e5ba:  0a0fffff           cpb rl7,#0xff
1e5be:  ee02               jr nz,0xe5c4
1e5c0:  a0f7               ldb rh7,rl7
1e5c2:  e801               jr 0xe5c6
1e5c4:  8877               xorb rh7,rh7
1e5c6:  9e08               ret 
1e5c8:  35800002           ldl rr0,rr8(#0x0002)
1e5cc:  a113               ld r3,r1
1e5ce:  8833               xorb rh3,rh3
1e5d0:  33430006           ld rr4(#0x0006),r3
1e5d4:  a01b               ldb rl3,rh1
1e5d6:  33430004           ld rr4(#0x0004),r3
1e5da:  a00b               ldb rl3,rh0
1e5dc:  b331fffc           srl r3,#4
1e5e0:  2f43               ld @rr4,r3
1e5e2:  06000f0f           andb rh0,#0x0f
1e5e6:  33400002           ld rr4(#0x0002),r0
1e5ea:  9e08               ret 
1e5ec:  2020               ldb rh0,@rr2
1e5ee:  65736469           set <<100>>0x0069(r7),#3
1e5f2:  2031               ldb rh1,@rr3
1e5f4:  33204d61           ld rr2(#0x4d61),r0
1e5f8:  722e2038           ldb rr2(r0),rl6
1e5fc:  37202020           ldl rr2(#0x2020),rr0
1e600:  942a               ldl rr10,rr2
1e602:  4db503020070       ld <<3>>0x0002(r11),#0x0070
1e608:  7d44               ldctl r4,psapseg
1e60a:  7d55               ldctl r5,psap
1e60c:  0105003c           add r5,#0x003c
1e610:  30a9000a           ldb rl1,rr10(#0x000a)
1e614:  8c18               clrb rh1
1e616:  a113               ld r3,r1
1e618:  8111               add r1,r1
1e61a:  8115               add r5,r1
1e61c:  34080580           ldar rr8,0xeba0
1e620:  1d48               ldl @rr4,rr8
1e622:  6f3b830038d2       ld <<3>>0x38d2(r3),r11
1e628:  a8b1               incb rl3,#2
1e62a:  32ab000b           ldb rr10(#0x000b),rl3
1e62e:  8d38               clr r3
1e630:  30ab000a           ldb rl3,rr10(#0x000a)
1e634:  340c0614           ldar rr12,0xec4c
1e638:  dd2a               calr 0xebe6
1e63a:  9e0e               ret nz
1e63c:  bd31               ldk r3,#1
1e63e:  340c062a           ldar rr12,0xec6c
1e642:  dd2f               calr 0xebe6
1e644:  9e0e               ret nz
1e646:  8d18               clr r1
1e648:  4cb5034c2828       ldb <<3>>0x004c(r11),#0x28
1e64e:  a119               ld r9,r1
1e650:  81b9               add r9,r11
1e652:  4d980318           clr <<3>>0x0018(r9)
1e656:  93e1               push @rr14,r1
1e658:  a113               ld r3,r1
1e65a:  340c082e           ldar rr12,0xee8c
1e65e:  dd3d               calr 0xebe6
1e660:  97e1               pop r1,@rr14
1e662:  ee04               jr nz,0xe66c
1e664:  4d9503180100       ld <<3>>0x0018(r9),#0x0100
1e66a:  e815               jr 0xe696
1e66c:  0a0f0101           cpb rl7,#0x01
1e670:  ee03               jr nz,0xe678
1e672:  a07f               ldb rl7,rh7
1e674:  8c78               clrb rh7
1e676:  9e08               ret 
1e678:  21040001           ld r4,#0x0001
1e67c:  2105ffff           ld r5,#0xffff
1e680:  0a0f0303           cpb rl7,#0x03
1e684:  ee05               jr nz,0xe690
1e686:  f581               djnz r5,0xe686
1e688:  f482               djnz r4,0xe686
1e68a:  6ab0034c           decb <<3>>0x004c(r11),#1
1e68e:  e802               jr 0xe694
1e690:  6ab9034c           decb <<3>>0x004c(r11),#10
1e694:  eee0               jr nz,0xe656
1e696:  8d78               clr r7
1e698:  a911               inc r1,#2
1e69a:  a713               bit r1,#3
1e69c:  e601               jr z,0xe6a0
1e69e:  e801               jr 0xe6a2
1e6a0:  e8d3               jr 0xe648
1e6a2:  9e08               ret 
1e6a4:  942a               ldl rr10,rr2
1e6a6:  4cb80313           clrb <<3>>0x0013(r11)
1e6aa:  60ba032a           ldb rl2,<<3>>0x002a(r11)
1e6ae:  060a0f0f           andb rl2,#0x0f
1e6b2:  0a0a0707           cpb rl2,#0x07
1e6b6:  ee04               jr nz,0xe6c0
1e6b8:  4cb5032a2121       ldb <<3>>0x002a(r11),#0x21
1e6be:  e804               jr 0xe6c8
1e6c0:  a0a2               ldb rh2,rl2
1e6c2:  bea2               rldb rh2,rl2
1e6c4:  6eba032a           ldb <<3>>0x002a(r11),rl2
1e6c8:  61b20324           ld r2,<<3>>0x0024(r11)
1e6cc:  8ca4               testb rl2
1e6ce:  e601               jr z,0xe6d2
1e6d0:  a820               incb rh2,#1
1e6d2:  b321fff8           srl r2,#8
1e6d6:  de21               calr 0xea96
1e6d8:  e602               jr z,0xe6de
1e6da:  b321ffff           srl r2,#1
1e6de:  6fb20324           ld <<3>>0x0024(r11),r2
1e6e2:  4cb5034c0606       ldb <<3>>0x004c(r11),#0x06
1e6e8:  4cb8034f           clrb <<3>>0x004f(r11)
1e6ec:  94a8               ldl rr8,rr10
1e6ee:  8d18               clr r1
1e6f0:  30a9002b           ldb rl1,rr10(#0x002b)
1e6f4:  ab10               dec r1,#1
1e6f6:  8119               add r9,r1
1e6f8:  8d68               clr r6
1e6fa:  609e035b           ldb rl6,<<3>>0x005b(r9)
1e6fe:  8d28               clr r2
1e700:  60ba0329           ldb rl2,<<3>>0x0029(r11)
1e704:  8326               sub r6,r2
1e706:  0b060040           cp r6,#0x0040
1e70a:  e302               jr ule,0xe710
1e70c:  21060040           ld r6,#0x0040
1e710:  61b30324           ld r3,<<3>>0x0024(r11)
1e714:  8b63               cp r3,r6
1e716:  a167               ld r7,r6
1e718:  ef01               jr nc,0xe71c
1e71a:  a137               ld r7,r3
1e71c:  8373               sub r3,r7
1e71e:  6fb30324           ld <<3>>0x0024(r11),r3
1e722:  61b40326           ld r4,<<3>>0x0026(r11)
1e726:  8d58               clr r5
1e728:  60bd0328           ldb rl5,<<3>>0x0028(r11)
1e72c:  a151               ld r1,r5
1e72e:  8d68               clr r6
1e730:  60be0329           ldb rl6,<<3>>0x0029(r11)
1e734:  a160               ld r0,r6
1e736:  8170               add r0,r7
1e738:  6eb80329           ldb <<3>>0x0029(r11),rl0
1e73c:  4a98035b           cpb rl0,<<3>>0x005b(r9)
1e740:  ee0d               jr nz,0xe75c
1e742:  4cb80329           clrb <<3>>0x0029(r11)
1e746:  68b00328           incb <<3>>0x0028(r11),#1
1e74a:  a150               ld r0,r5
1e74c:  a900               inc r0,#1
1e74e:  4a98035a           cpb rl0,<<3>>0x005a(r9)
1e752:  ee04               jr nz,0xe75c
1e754:  69b00326           inc <<3>>0x0026(r11),#1
1e758:  4cb80328           clrb <<3>>0x0028(r11)
1e75c:  8d28               clr r2
1e75e:  bd31               ldk r3,#1
1e760:  5cb901060334       ldm <<3>>0x0034(r11),r1,#7
1e766:  54b20320           ldl rr2,<<3>>0x0020(r11)
1e76a:  3404fffc           ldar rr4,0xe76a
1e76e:  2105ad10           ld r5,#0xad10
1e772:  1f40               call @rr4
1e774:  5db20330           ldl <<3>>0x0030(r11),rr2
1e778:  61b50340           ld r5,<<3>>0x0040(r11)
1e77c:  61b20334           ld r2,<<3>>0x0034(r11)
1e780:  61b3033a           ld r3,<<3>>0x003a(r11)
1e784:  8b32               cp r2,r3
1e786:  ee03               jr nz,0xe78e
1e788:  0b020000           cp r2,#0x0000
1e78c:  e601               jr z,0xe790
1e78e:  8155               add r5,r5
1e790:  54b20320           ldl rr2,<<3>>0x0020(r11)
1e794:  80d3               addb rh3,rl5
1e796:  5db20320           ldl <<3>>0x0020(r11),rr2
1e79a:  4db80342           clr <<3>>0x0042(r11)
1e79e:  340c04ea           ldar rr12,0xec8c
1e7a2:  bd31               ldk r3,#1
1e7a4:  bd41               ldk r4,#1
1e7a6:  bd51               ldk r5,#1
1e7a8:  bd61               ldk r6,#1
1e7aa:  dde3               calr 0xebe6
1e7ac:  e602               jr z,0xe7b2
1e7ae:  df72               calr 0xe8cc
1e7b0:  9e08               ret 
1e7b2:  4cb4034f           testb <<3>>0x004f(r11)
1e7b6:  ee05               jr nz,0xe7c2
1e7b8:  61b4033a           ld r4,<<3>>0x003a(r11)
1e7bc:  6fb40350           ld <<3>>0x0050(r11),r4
1e7c0:  e802               jr 0xe7c6
1e7c2:  61b40350           ld r4,<<3>>0x0050(r11)
1e7c6:  3408000e           ldar rr8,0xe7d8
1e7ca:  5db80348           ldl <<3>>0x0048(r11),rr8
1e7ce:  340c0730           ldar rr12,0xef02
1e7d2:  ddfb               calr 0xebde
1e7d4:  ee7b               jr nz,0xe8cc
1e7d6:  9e08               ret 
1e7d8:  340c0872           ldar rr12,0xf04e
1e7dc:  de03               calr 0xebd8
1e7de:  e639               jr z,0xe852
1e7e0:  0a0f0505           cpb rl7,#0x05
1e7e4:  ee12               jr nz,0xe80a
1e7e6:  340c04a2           ldar rr12,0xec8c
1e7ea:  bd31               ldk r3,#1
1e7ec:  bd41               ldk r4,#1
1e7ee:  bd51               ldk r5,#1
1e7f0:  bd61               ldk r6,#1
1e7f2:  de07               calr 0xebe6
1e7f4:  ee6b               jr nz,0xe8cc
1e7f6:  34080012           ldar rr8,0xe80c
1e7fa:  5db80348           ldl <<3>>0x0048(r11),rr8
1e7fe:  340c06be           ldar rr12,0xeec0
1e802:  de13               calr 0xebde
1e804:  ee63               jr nz,0xe8cc
1e806:  9e08               ret 
1e808:  e801               jr 0xe80c
1e80a:  e860               jr 0xe8cc
1e80c:  340c0838           ldar rr12,0xf048
1e810:  de1d               calr 0xebd8
1e812:  ee5c               jr nz,0xe8cc
1e814:  340c0474           ldar rr12,0xec8c
1e818:  bd31               ldk r3,#1
1e81a:  bd41               ldk r4,#1
1e81c:  bd51               ldk r5,#1
1e81e:  bd61               ldk r6,#1
1e820:  de1e               calr 0xebe6
1e822:  ee54               jr nz,0xe8cc
1e824:  4cb4034f           testb <<3>>0x004f(r11)
1e828:  ee05               jr nz,0xe834
1e82a:  61b4033a           ld r4,<<3>>0x003a(r11)
1e82e:  6fb40350           ld <<3>>0x0050(r11),r4
1e832:  e802               jr 0xe838
1e834:  61b40350           ld r4,<<3>>0x0050(r11)
1e838:  3408000e           ldar rr8,0xe84a
1e83c:  5db80348           ldl <<3>>0x0048(r11),rr8
1e840:  340c06be           ldar rr12,0xef02
1e844:  de34               calr 0xebde
1e846:  ee42               jr nz,0xe8cc
1e848:  9e08               ret 
1e84a:  340c0800           ldar rr12,0xf04e
1e84e:  de3c               calr 0xebd8
1e850:  ee3d               jr nz,0xe8cc
1e852:  94a4               ldl rr4,rr10
1e854:  01050030           add r5,#0x0030
1e858:  60ba032a           ldb rl2,<<3>>0x002a(r11)
1e85c:  060a0f0f           andb rl2,#0x0f
1e860:  340c073e           ldar rr12,0xefa2
1e864:  34080834           ldar rr8,0xf09c
1e868:  0a0a0808           cpb rl2,#0x08
1e86c:  ee04               jr nz,0xe876
1e86e:  340c06d4           ldar rr12,0xef46
1e872:  340807f2           ldar rr8,0xf068
1e876:  0a0a0202           cpb rl2,#0x02
1e87a:  ee04               jr nz,0xe884
1e87c:  340c076c           ldar rr12,0xefec
1e880:  3408083e           ldar rr8,0xf0c2
1e884:  5db80344           ldl <<3>>0x0044(r11),rr8
1e888:  3408000a           ldar rr8,0xe896
1e88c:  5db80348           ldl <<3>>0x0048(r11),rr8
1e890:  de5a               calr 0xebde
1e892:  ee1c               jr nz,0xe8cc
1e894:  9e08               ret 
1e896:  54bc0344           ldl rr12,<<3>>0x0044(r11)
1e89a:  de62               calr 0xebd8
1e89c:  ee20               jr nz,0xe8de
1e89e:  60ba032a           ldb rl2,<<3>>0x002a(r11)
1e8a2:  a0a2               ldb rh2,rl2
1e8a4:  b2a6               rrb rl2,#2
1e8a6:  b2a6               rrb rl2,#2
1e8a8:  8a2a               cpb rl2,rh2
1e8aa:  e60b               jr z,0xe8c2
1e8ac:  4db503420001       ld <<3>>0x0042(r11),#0x0001
1e8b2:  a0a2               ldb rh2,rl2
1e8b4:  6eb2032a           ldb <<3>>0x002a(r11),rh2
1e8b8:  060a0f0f           andb rl2,#0x0f
1e8bc:  0a0a0202           cpb rl2,#0x02
1e8c0:  e6c8               jr z,0xe852
1e8c2:  4db40324           test <<3>>0x0024(r11)
1e8c6:  3404fe18           ldar rr4,0xe6e2
1e8ca:  1e4e               jp nz,@rr4
1e8cc:  b371fff8           srl r7,#8
1e8d0:  6fb70318           ld <<3>>0x0018(r11),r7
1e8d4:  94a2               ldl rr2,rr10
1e8d6:  54b4030c           ldl rr4,<<3>>0x000c(r11)
1e8da:  1f40               call @rr4
1e8dc:  9e08               ret 
1e8de:  68b00313           incb <<3>>0x0013(r11),#1
1e8e2:  61b20354           ld r2,<<3>>0x0054(r11)
1e8e6:  6fb2031a           ld <<3>>0x001a(r11),r2
1e8ea:  61b20358           ld r2,<<3>>0x0058(r11)
1e8ee:  6eba031d           ldb <<3>>0x001d(r11),rl2
1e8f2:  61b30356           ld r3,<<3>>0x0056(r11)
1e8f6:  6ebb031c           ldb <<3>>0x001c(r11),rl3
1e8fa:  61b3033e           ld r3,<<3>>0x003e(r11)
1e8fe:  6fb2033e           ld <<3>>0x003e(r11),r2
1e902:  8b23               cp r3,r2
1e904:  e603               jr z,0xe90c
1e906:  4cb5034c0606       ldb <<3>>0x004c(r11),#0x06
1e90c:  8332               sub r2,r3
1e90e:  54b40330           ldl rr4,<<3>>0x0030(r11)
1e912:  80a5               addb rh5,rl2
1e914:  df40               calr 0xea96
1e916:  e601               jr z,0xe91a
1e918:  80a5               addb rh5,rl2
1e91a:  5db40330           ldl <<3>>0x0030(r11),rr4
1e91e:  61b30340           ld r3,<<3>>0x0040(r11)
1e922:  8323               sub r3,r2
1e924:  6fb30340           ld <<3>>0x0040(r11),r3
1e928:  4cb1034e0101       cpb <<3>>0x004e(r11),#0x01
1e92e:  ee15               jr nz,0xe95a
1e930:  61b30354           ld r3,<<3>>0x0054(r11)
1e934:  61b40356           ld r4,<<3>>0x0056(r11)
1e938:  61b20352           ld r2,<<3>>0x0052(r11)
1e93c:  0a0a0e0e           cpb rl2,#0x0e
1e940:  ee0c               jr nz,0xe95a
1e942:  4cb6034f           tsetb <<3>>0x004f(r11)
1e946:  6fb30350           ld <<3>>0x0050(r11),r3
1e94a:  bd3d               ldk r3,#13
1e94c:  6fb30338           ld <<3>>0x0038(r11),r3
1e950:  6fb40334           ld <<3>>0x0034(r11),r4
1e954:  3404fe46           ldar rr4,0xe79e
1e958:  1e48               jp @rr4
1e95a:  6ab0034c           decb <<3>>0x004c(r11),#1
1e95e:  ee3b               jr nz,0xe9d6
1e960:  60ba032a           ldb rl2,<<3>>0x002a(r11)
1e964:  060a0f0f           andb rl2,#0x0f
1e968:  0a0a0808           cpb rl2,#0x08
1e96c:  ee32               jr nz,0xe9d2
1e96e:  60bf034e           ldb rl7,<<3>>0x004e(r11)
1e972:  4cb1034e0202       cpb <<3>>0x004e(r11),#0x02
1e978:  ee2c               jr nz,0xe9d2
1e97a:  61b20308           ld r2,<<3>>0x0008(r11)
1e97e:  54b40320           ldl rr4,<<3>>0x0020(r11)
1e982:  61b10340           ld r1,<<3>>0x0040(r11)
1e986:  8295               subb rh5,rl1
1e988:  df7a               calr 0xea96
1e98a:  e601               jr z,0xe98e
1e98c:  8295               subb rh5,rl1
1e98e:  94a6               ldl rr6,rr10
1e990:  01070052           add r7,#0x0052
1e994:  de6f               calr 0xecb8
1e996:  8d74               test r7
1e998:  ee1c               jr nz,0xe9d2
1e99a:  94a4               ldl rr4,rr10
1e99c:  01050052           add r5,#0x0052
1e9a0:  2140               ld r0,@rr4
1e9a2:  0b000001           cp r0,#0x0001
1e9a6:  e615               jr z,0xe9d2
1e9a8:  6bb00340           dec <<3>>0x0040(r11),#1
1e9ac:  e60d               jr z,0xe9c8
1e9ae:  69b0033e           inc <<3>>0x003e(r11),#1
1e9b2:  54b40330           ldl rr4,<<3>>0x0030(r11)
1e9b6:  a850               incb rh5,#1
1e9b8:  df92               calr 0xea96
1e9ba:  e601               jr z,0xe9be
1e9bc:  a850               incb rh5,#1
1e9be:  5db40330           ldl <<3>>0x0030(r11),rr4
1e9c2:  340cfe8c           ldar rr12,0xe852
1e9c6:  1ec8               jp @rr12
1e9c8:  340cfd16           ldar rr12,0xe6e2
1e9cc:  4db40324           test <<3>>0x0024(r11)
1e9d0:  1ece               jp nz,@rr12
1e9d2:  d084               calr 0xe8cc
1e9d4:  9e08               ret 
1e9d6:  0a0f0404           cpb rl7,#0x04
1e9da:  ee5b               jr nz,0xea92
1e9dc:  4cb1034c0303       cpb <<3>>0x004c(r11),#0x03
1e9e2:  ee3f               jr nz,0xea62
1e9e4:  340c02a4           ldar rr12,0xec8c
1e9e8:  bd31               ldk r3,#1
1e9ea:  bd41               ldk r4,#1
1e9ec:  bd51               ldk r5,#1
1e9ee:  bd61               ldk r6,#1
1e9f0:  df06               calr 0xebe6
1e9f2:  e602               jr z,0xe9f8
1e9f4:  d095               calr 0xe8cc
1e9f6:  9e08               ret 
1e9f8:  340c0010           ldar rr12,0xea0c
1e9fc:  5dbc0348           ldl <<3>>0x0048(r11),rr12
1ea00:  340c04bc           ldar rr12,0xeec0
1ea04:  df17               calr 0xebd8
1ea06:  9e06               ret z
1ea08:  d09f               calr 0xe8cc
1ea0a:  9e08               ret 
1ea0c:  340c0638           ldar rr12,0xf048
1ea10:  df1d               calr 0xebd8
1ea12:  e602               jr z,0xea18
1ea14:  d0a5               calr 0xe8cc
1ea16:  9e08               ret 
1ea18:  340c0270           ldar rr12,0xec8c
1ea1c:  bd31               ldk r3,#1
1ea1e:  bd41               ldk r4,#1
1ea20:  bd51               ldk r5,#1
1ea22:  bd61               ldk r6,#1
1ea24:  df20               calr 0xebe6
1ea26:  e602               jr z,0xea2c
1ea28:  d0af               calr 0xe8cc
1ea2a:  9e08               ret 
1ea2c:  340c0024           ldar rr12,0xea54
1ea30:  5dbc0348           ldl <<3>>0x0048(r11),rr12
1ea34:  340c04ca           ldar rr12,0xef02
1ea38:  4cb4034f           testb <<3>>0x004f(r11)
1ea3c:  ee05               jr nz,0xea48
1ea3e:  61b4033a           ld r4,<<3>>0x003a(r11)
1ea42:  6fb40350           ld <<3>>0x0050(r11),r4
1ea46:  e802               jr 0xea4c
1ea48:  61b40350           ld r4,<<3>>0x0050(r11)
1ea4c:  df38               calr 0xebde
1ea4e:  9e06               ret z
1ea50:  d0c3               calr 0xe8cc
1ea52:  9e08               ret 
1ea54:  340c05f6           ldar rr12,0xf04e
1ea58:  df41               calr 0xebd8
1ea5a:  340cfdf4           ldar rr12,0xe852
1ea5e:  1ec6               jp z,@rr12
1ea60:  e818               jr 0xea92
1ea62:  60ba032a           ldb rl2,<<3>>0x002a(r11)
1ea66:  060a0f0f           andb rl2,#0x0f
1ea6a:  0a0a0808           cpb rl2,#0x08
1ea6e:  ee0e               jr nz,0xea8c
1ea70:  4cb1034c0202       cpb <<3>>0x004c(r11),#0x02
1ea76:  ee03               jr nz,0xea7e
1ea78:  4db503360001       ld <<3>>0x0036(r11),#0x0001
1ea7e:  4cb1034c0101       cpb <<3>>0x004c(r11),#0x01
1ea84:  ee03               jr nz,0xea8c
1ea86:  4db503360002       ld <<3>>0x0036(r11),#0x0002
1ea8c:  340cfdc2           ldar rr12,0xe852
1ea90:  1ec8               jp @rr12
1ea92:  d0e4               calr 0xe8cc
1ea94:  9e08               ret 
1ea96:  91e0               pushl @rr14,rr0
1ea98:  61b00326           ld r0,<<3>>0x0026(r11)
1ea9c:  8d18               clr r1
1ea9e:  60b90328           ldb rl1,<<3>>0x0028(r11)
1eaa2:  8b10               cp r0,r1
1eaa4:  ee01               jr nz,0xeaa8
1eaa6:  8d04               test r0
1eaa8:  95e0               popl rr0,@rr14
1eaaa:  9e08               ret 
1eaac:  9424               ldl rr4,rr2
1eaae:  942a               ldl rr10,rr2
1eab0:  8d38               clr r3
1eab2:  605b032b           ldb rl3,<<3>>0x002b(r5)
1eab6:  ab30               dec r3,#1
1eab8:  8135               add r5,r3
1eaba:  4db80326           clr <<3>>0x0026(r11)
1eabe:  4cb80328           clrb <<3>>0x0028(r11)
1eac2:  4cb503290707       ldb <<3>>0x0029(r11),#0x07
1eac8:  4db503240100       ld <<3>>0x0024(r11),#0x0100
1eace:  4cb5032a0808       ldb <<3>>0x002a(r11),#0x08
1ead4:  340200aa           ldar rr2,0xeb82
1ead8:  5db2030c           ldl <<3>>0x000c(r11),rr2
1eadc:  4cb60312           tsetb <<3>>0x0012(r11)
1eae0:  94a2               ldl rr2,rr10
1eae2:  d220               calr 0xe6a4
1eae4:  4cb40312           testb <<3>>0x0012(r11)
1eae8:  ee01               jr nz,0xeaec
1eaea:  e801               jr 0xeaee
1eaec:  e8fb               jr 0xeae4
1eaee:  61b70318           ld r7,<<3>>0x0018(r11)
1eaf2:  8d74               test r7
1eaf4:  9e0e               ret nz
1eaf6:  54b20320           ldl rr2,<<3>>0x0020(r11)
1eafa:  aa30               decb rh3,#1
1eafc:  1420               ldl rr0,@rr2
1eafe:  1000564f4c31       cpl rr0,#0x564f4c31
1eb04:  e612               jr z,0xeb2a
1eb06:  4db503180001       ld <<3>>0x0018(r11),#0x0001
1eb0c:  4cb5031a0101       ldb <<3>>0x001a(r11),#0x01
1eb12:  4cb5035a0101       ldb <<3>>0x005a(r11),#0x01
1eb18:  4cb5031b1010       ldb <<3>>0x001b(r11),#0x10
1eb1e:  4cb5035b1010       ldb <<3>>0x005b(r11),#0x10
1eb24:  8d78               clr r7
1eb26:  8d41               setflg z
1eb28:  9e08               ret 
1eb2a:  94a8               ldl rr8,rr10
1eb2c:  8d48               clr r4
1eb2e:  60bc032b           ldb rl4,<<3>>0x002b(r11)
1eb32:  ab40               dec r4,#1
1eb34:  8149               add r9,r4
1eb36:  30280047           ldb rl0,rr2(#0x0047)
1eb3a:  0a083939           cpb rl0,#0x39
1eb3e:  e205               jr le,0xeb4a
1eb40:  02084141           subb rl0,#0x41
1eb44:  00080a0a           addb rl0,#0x0a
1eb48:  e802               jr 0xeb4e
1eb4a:  02083030           subb rl0,#0x30
1eb4e:  6e98035a           ldb <<3>>0x005a(r9),rl0
1eb52:  6eb8031a           ldb <<3>>0x001a(r11),rl0
1eb56:  bd54               ldk r5,#4
1eb58:  160200000051       addl rr2,#0x00000051
1eb5e:  dfec               calr 0xeb88
1eb60:  6fb10318           ld <<3>>0x0018(r11),r1
1eb64:  bd53               ldk r5,#3
1eb66:  dff0               calr 0xeb88
1eb68:  6eb9031b           ldb <<3>>0x001b(r11),rl1
1eb6c:  6e99035b           ldb <<3>>0x005b(r9),rl1
1eb70:  a116               ld r6,r1
1eb72:  61b40318           ld r4,<<3>>0x0018(r11)
1eb76:  8d58               clr r5
1eb78:  60bd031a           ldb rl5,<<3>>0x001a(r11)
1eb7c:  8d78               clr r7
1eb7e:  8d41               setflg z
1eb80:  9e08               ret 
1eb82:  4cb80312           clrb <<3>>0x0012(r11)
1eb86:  9e08               ret 
1eb88:  93e4               push @rr14,r4
1eb8a:  9200               subl rr0,rr0
1eb8c:  1900000a           mult rr0,#0x000a
1eb90:  202c               ldb rl4,@rr2
1eb92:  0704000f           and r4,#0x000f
1eb96:  8141               add r1,r4
1eb98:  a930               inc r3,#1
1eb9a:  f588               djnz r5,0xeb8c
1eb9c:  97e4               pop r4,@rr14
1eb9e:  9e08               ret 
1eba0:  3a86ff84           outb #0xff84,rl0
1eba4:  7c05               ei vi
1eba6:  abfd               dec r15,#14
1eba8:  abfd               dec r15,#14
1ebaa:  1ce9000d           ldm @rr14,r0,#14
1ebae:  31e1001c           ld r1,rr14(#0x001c)
1ebb2:  8c18               clrb rh1
1ebb4:  760a830038d2       lda rr10,<<3>>0x38d2
1ebba:  71ab0100           ld r11,rr10(r1)
1ebbe:  31a20008           ld r2,rr10(#0x0008)
1ebc2:  dfb1               calr 0xec62
1ebc4:  35a40048           ldl rr4,rr10(#0x0048)
1ebc8:  1f40               call @rr4
1ebca:  1ce1000d           ldm r0,@rr14,#14
1ebce:  a9fd               inc r15,#14
1ebd0:  a9fd               inc r15,#14
1ebd2:  3a86ff8c           outb #0xff8c,rl0
1ebd6:  7b00               iret
1ebd8:  94a4               ldl rr4,rr10
1ebda:  01050052           add r5,#0x0052
1ebde:  8d38               clr r3
1ebe0:  60bb032b           ldb rl3,<<3>>0x002b(r11)
1ebe4:  ab30               dec r3,#1
1ebe6:  61b20308           ld r2,<<3>>0x0008(r11)
1ebea:  91ea               pushl @rr14,rr10
1ebec:  1fc0               call @rr12
1ebee:  95ea               popl rr10,@rr14
1ebf0:  32af004e           ldb rr10(#0x004e),rl7
1ebf4:  0b07ffff           cp r7,#0xffff
1ebf8:  e606               jr z,0xec06
1ebfa:  340c000e           ldar rr12,0xec0c
1ebfe:  817d               add r13,r7
1ec00:  817d               add r13,r7
1ec02:  21c7               ld r7,@rr12
1ec04:  e801               jr 0xec08
1ec06:  bd71               ldk r7,#1
1ec08:  8d74               test r7
1ec0a:  9e08               ret 
1ec0c:  00000404           addb rh0,#0x04
1ec10:  04040404           orb rh4,#0x04
1ec14:  04040404           orb rh4,#0x04
1ec18:  04040404           orb rh4,#0x04
1ec1c:  04040404           orb rh4,#0x04
1ec20:  04040202           orb rh4,#0x02
1ec24:  02030101           subb rh3,#0x01
1ec28:  02010201           subb rh1,#0x01
1ec2c:  02020203           subb rh2,#0x03
1ec30:  02020201           subb rh2,#0x01
1ec34:  02050202           subb rh5,#0x02
1ec38:  02020201           subb rh2,#0x01
1ec3c:  02010201           subb rh1,#0x01
1ec40:  01010101           add r1,#0x0101
1ec44:  01020102           add r2,#0x0102
1ec48:  01020005           add r2,#0x0005
1ec4c:  21070200           ld r7,#0x0200
1ec50:  dd9b               calr 0xf11c
1ec52:  ee05               jr nz,0xec5e
1ec54:  ca6a               ldb rl2,#0x6a
1ec56:  3e2b               outb @r2,rl3
1ec58:  340808ea           ldar rr8,0xf546
1ec5c:  1f80               call @rr8
1ec5e:  8c78               clrb rh7
1ec60:  9e08               ret 
1ec62:  c902               ldb rl1,#0x02
1ec64:  ca6c               ldb rl2,#0x6c
1ec66:  3e29               outb @r2,rl1
1ec68:  8d78               clr r7
1ec6a:  9e08               ret 
1ec6c:  21070300           ld r7,#0x0300
1ec70:  ddab               calr 0xf11c
1ec72:  ee0a               jr nz,0xec88
1ec74:  a730               bit r3,#0
1ec76:  ee02               jr nz,0xec7c
1ec78:  c902               ldb rl1,#0x02
1ec7a:  e801               jr 0xec7e
1ec7c:  c903               ldb rl1,#0x03
1ec7e:  ca6c               ldb rl2,#0x6c
1ec80:  3e29               outb @r2,rl1
1ec82:  340808c0           ldar rr8,0xf546
1ec86:  1f80               call @rr8
1ec88:  8c78               clrb rh7
1ec8a:  9e08               ret 
1ec8c:  21070400           ld r7,#0x0400
1ec90:  ddbb               calr 0xf11c
1ec92:  ee10               jr nz,0xecb4
1ec94:  b3410001           sll r4,#1
1ec98:  8543               or r3,r4
1ec9a:  b3510002           sll r5,#2
1ec9e:  8553               or r3,r5
1eca0:  b3610003           sll r6,#3
1eca4:  8563               or r3,r6
1eca6:  b3310004           sll r3,#4
1ecaa:  ca0e               ldb rl2,#0x0e
1ecac:  3e2b               outb @r2,rl3
1ecae:  34080894           ldar rr8,0xf546
1ecb2:  1f80               call @rr8
1ecb4:  8c78               clrb rh7
1ecb6:  9e08               ret 
1ecb8:  93e7               push @rr14,r7
1ecba:  ddd0               calr 0xf11c
1ecbc:  97e7               pop r7,@rr14
1ecbe:  5e0e83009b86       jp nz,<<3>>0x9b86
1ecc4:  ca0a               ldb rl2,#0x0a
1ecc6:  21010071           ld r1,#0x0071
1ecca:  3e29               outb @r2,rl1
1eccc:  8300               sub r0,r0
1ecce:  8311               sub r1,r1
1ecd0:  21080016           ld r8,#0x0016
1ecd4:  ca00               ldb rl2,#0x00
1ecd6:  a129               ld r9,r2
1ecd8:  ca2a               ldb rl2,#0x2a
1ecda:  3d23               in r3,@r2
1ecdc:  a734               bit r3,#4
1ecde:  ee12               jr nz,0xed04
1ece0:  a733               bit r3,#3
1ece2:  ee02               jr nz,0xece8
1ece4:  a900               inc r0,#1
1ece6:  e801               jr 0xecea
1ece8:  a910               inc r1,#1
1ecea:  3e9b               outb @r9,rl3
1ecec:  f88a               djnz r8,0xecda
1ecee:  14080001ffff       ldl rr8,#0x0001ffff
1ecf4:  1d68               ldl @rr6,rr8
1ecf6:  ca0a               ldb rl2,#0x0a
1ecf8:  8311               sub r1,r1
1ecfa:  3e29               outb @r2,rl1
1ecfc:  21070800           ld r7,#0x0800
1ed00:  dbde               calr 0xf546
1ed02:  9e08               ret 
1ed04:  a118               ld r8,r1
1ed06:  ca2a               ldb rl2,#0x2a
1ed08:  210100f1           ld r1,#0x00f1
1ed0c:  3e29               outb @r2,rl1
1ed0e:  ca2c               ldb rl2,#0x2c
1ed10:  3d21               in r1,@r2
1ed12:  ca2e               ldb rl2,#0x2e
1ed14:  3d23               in r3,@r2
1ed16:  b3310004           sll r3,#4
1ed1a:  a093               ldb rh3,rl1
1ed1c:  93e3               push @rr14,r3
1ed1e:  a181               ld r1,r8
1ed20:  b3010003           sll r0,#3
1ed24:  8101               add r1,r0
1ed26:  190000dd           mult rr0,#0x00dd
1ed2a:  190007ff           mult rr0,#0x07ff
1ed2e:  ca0a               ldb rl2,#0x0a
1ed30:  21030072           ld r3,#0x0072
1ed34:  3e2b               outb @r2,rl3
1ed36:  2108000d           ld r8,#0x000d
1ed3a:  ca00               ldb rl2,#0x00
1ed3c:  a129               ld r9,r2
1ed3e:  ca2a               ldb rl2,#0x2a
1ed40:  3d23               in r3,@r2
1ed42:  a730               bit r3,#0
1ed44:  ee04               jr nz,0xed4e
1ed46:  3e9b               outb @r9,rl3
1ed48:  f885               djnz r8,0xed40
1ed4a:  97e8               pop r8,@rr14
1ed4c:  e8d0               jr 0xecee
1ed4e:  2109000d           ld r9,#0x000d
1ed52:  8389               sub r9,r8
1ed54:  19080059           mult rr8,#0x0059
1ed58:  19086eb0           mult rr8,#0x6eb0
1ed5c:  9680               addl rr0,rr8
1ed5e:  ca0a               ldb rl2,#0x0a
1ed60:  21030074           ld r3,#0x0074
1ed64:  3e2b               outb @r2,rl3
1ed66:  21080059           ld r8,#0x0059
1ed6a:  ca00               ldb rl2,#0x00
1ed6c:  a129               ld r9,r2
1ed6e:  ca2a               ldb rl2,#0x2a
1ed70:  3d23               in r3,@r2
1ed72:  a731               bit r3,#1
1ed74:  ee05               jr nz,0xed80
1ed76:  3e9b               outb @r9,rl3
1ed78:  a930               inc r3,#1
1ed7a:  f886               djnz r8,0xed70
1ed7c:  97e8               pop r8,@rr14
1ed7e:  e8b7               jr 0xecee
1ed80:  21090059           ld r9,#0x0059
1ed84:  8389               sub r9,r8
1ed86:  190800d0           mult rr8,#0x00d0
1ed8a:  19080adf           mult rr8,#0x0adf
1ed8e:  9680               addl rr0,rr8
1ed90:  ca0a               ldb rl2,#0x0a
1ed92:  21030078           ld r3,#0x0078
1ed96:  3e2b               outb @r2,rl3
1ed98:  21080017           ld r8,#0x0017
1ed9c:  ca00               ldb rl2,#0x00
1ed9e:  a129               ld r9,r2
1eda0:  ca2a               ldb rl2,#0x2a
1eda2:  3d23               in r3,@r2
1eda4:  a732               bit r3,#2
1eda6:  ee05               jr nz,0xedb2
1eda8:  3e9b               outb @r9,rl3
1edaa:  f885               djnz r8,0xeda2
1edac:  97e8               pop r8,@rr14
1edae:  e89f               jr 0xecee
1edb0:  e8a1               jr 0xecf4
1edb2:  21090017           ld r9,#0x0017
1edb6:  8389               sub r9,r8
1edb8:  190800b0           mult rr8,#0x00b0
1edbc:  19083ac1           mult rr8,#0x3ac1
1edc0:  9680               addl rr0,rr8
1edc2:  14080008eee2       ldl rr8,#0x0008eee2
1edc8:  93e2               push @rr14,r2
1edca:  9402               ldl rr2,rr0
1edcc:  9200               subl rr0,rr0
1edce:  9a80               divl rq0,rr8
1edd0:  9208               subl rr8,rr0
1edd2:  97e2               pop r2,@rr14
1edd4:  97e3               pop r3,@rr14
1edd6:  140000000838       ldl rr0,#0x00000838
1eddc:  de4b               calr 0xf148
1edde:  e603               jr z,0xede6
1ede0:  140000001038       ldl rr0,#0x00001038
1ede6:  9280               subl rr0,rr8
1ede8:  e582               jr mi,0xecee
1edea:  de52               calr 0xf148
1edec:  93e0               push @rr14,r0
1edee:  ee03               jr nz,0xedf6
1edf0:  210007ff           ld r0,#0x07ff
1edf4:  e802               jr 0xedfa
1edf6:  21000fff           ld r0,#0x0fff
1edfa:  8b01               cp r1,r0
1edfc:  97e0               pop r0,@rr14
1edfe:  e204               jr le,0xee08
1ee00:  140800020000       ldl rr8,#0x00020000
1ee06:  e8d4               jr 0xedb0
1ee08:  21000004           ld r0,#0x0004
1ee0c:  2109000c           ld r9,#0x000c
1ee10:  27000300           bit r3,r0
1ee14:  ee03               jr nz,0xee1c
1ee16:  a900               inc r0,#1
1ee18:  f985               djnz r9,0xee10
1ee1a:  e8c9               jr 0xedae
1ee1c:  8388               sub r8,r8
1ee1e:  1d68               ldl @rr6,rr8
1ee20:  a138               ld r8,r3
1ee22:  8300               sub r0,r0
1ee24:  b305000c           slll rr0,#12
1ee28:  b311fff4           srl r1,#12
1ee2c:  93e1               push @rr14,r1
1ee2e:  a103               ld r3,r0
1ee30:  8105               add r5,r0
1ee32:  8105               add r5,r0
1ee34:  2101007f           ld r1,#0x007f
1ee38:  de79               calr 0xf148
1ee3a:  e602               jr z,0xee40
1ee3c:  210100ff           ld r1,#0x00ff
1ee40:  8b13               cp r3,r1
1ee42:  97e1               pop r1,@rr14
1ee44:  ee08               jr nz,0xee56
1ee46:  8119               add r9,r1
1ee48:  0b090010           cp r9,#0x0010
1ee4c:  e202               jr le,0xee52
1ee4e:  0d650003           ld @rr6,#0x0003
1ee52:  2146               ld r6,@rr4
1ee54:  e801               jr 0xee58
1ee56:  1446               ldl rr6,@rr4
1ee58:  8399               sub r9,r9
1ee5a:  8319               sub r9,r1
1ee5c:  a191               ld r1,r9
1ee5e:  8399               sub r9,r9
1ee60:  b3870100           sdll rr8,r1
1ee64:  8986               xor r6,r8
1ee66:  8997               xor r7,r9
1ee68:  2101007f           ld r1,#0x007f
1ee6c:  de93               calr 0xf148
1ee6e:  e602               jr z,0xee74
1ee70:  210100ff           ld r1,#0x00ff
1ee74:  8b13               cp r3,r1
1ee76:  ee02               jr nz,0xee7c
1ee78:  2f46               ld @rr4,r6
1ee7a:  e801               jr 0xee7e
1ee7c:  1d46               ldl @rr4,rr6
1ee7e:  21070800           ld r7,#0x0800
1ee82:  dc9f               calr 0xf546
1ee84:  e802               jr 0xee8a
1ee86:  8c78               clrb rh7
1ee88:  cf0d               ldb rl7,#0x0d
1ee8a:  9e08               ret 
1ee8c:  21070700           ld r7,#0x0700
1ee90:  debb               calr 0xf11c
1ee92:  ee14               jr nz,0xeebc
1ee94:  8d88               clr r8
1ee96:  de72               calr 0xf1b4
1ee98:  ee08               jr nz,0xeeaa
1ee9a:  21039000           ld r3,#0x9000
1ee9e:  05030252           or r3,#0x0252
1eea2:  dc64               calr 0xf5dc
1eea4:  db96               calr 0xf77a
1eea6:  dbf6               calr 0xf6bc
1eea8:  e805               jr 0xeeb4
1eeaa:  0a0f1212           cpb rl7,#0x12
1eeae:  ee02               jr nz,0xeeb4
1eeb0:  8cf8               clrb rl7
1eeb2:  e8f3               jr 0xee9a
1eeb4:  dcb8               calr 0xf546
1eeb6:  8300               sub r0,r0
1eeb8:  ca60               ldb rl2,#0x60
1eeba:  3e28               outb @r2,rl0
1eebc:  8c78               clrb rh7
1eebe:  9e08               ret 
1eec0:  21070d00           ld r7,#0x0d00
1eec4:  ded5               calr 0xf11c
1eec6:  ee1b               jr nz,0xeefe
1eec8:  8d88               clr r8
1eeca:  de8c               calr 0xf1b4
1eecc:  ee14               jr nz,0xeef6
1eece:  de3e               calr 0xf254
1eed0:  ca18               ldb rl2,#0x18
1eed2:  3d20               in r0,@r2
1eed4:  93e0               push @rr14,r0
1eed6:  93e3               push @rr14,r3
1eed8:  8d08               clr r0
1eeda:  ca0e               ldb rl2,#0x0e
1eedc:  3e28               outb @r2,rl0
1eede:  21031000           ld r3,#0x1000
1eee2:  dc84               calr 0xf5dc
1eee4:  dc15               calr 0xf6bc
1eee6:  97e3               pop r3,@rr14
1eee8:  e601               jr z,0xeeec
1eeea:  de37               calr 0xf27e
1eeec:  97e0               pop r0,@rr14
1eeee:  b3010004           sll r0,#4
1eef2:  ca0e               ldb rl2,#0x0e
1eef4:  3e28               outb @r2,rl0
1eef6:  ca60               ldb rl2,#0x60
1eef8:  8d08               clr r0
1eefa:  3e28               outb @r2,rl0
1eefc:  dcdc               calr 0xf546
1eefe:  8c78               clrb rh7
1ef00:  9e08               ret 
1ef02:  21070e00           ld r7,#0x0e00
1ef06:  def6               calr 0xf11c
1ef08:  ee1c               jr nz,0xef42
1ef0a:  8d88               clr r8
1ef0c:  dead               calr 0xf1b4
1ef0e:  ee15               jr nz,0xef3a
1ef10:  de5f               calr 0xf254
1ef12:  ca18               ldb rl2,#0x18
1ef14:  3d20               in r0,@r2
1ef16:  93e0               push @rr14,r0
1ef18:  93e3               push @rr14,r3
1ef1a:  8d08               clr r0
1ef1c:  ca0e               ldb rl2,#0x0e
1ef1e:  3e28               outb @r2,rl0
1ef20:  21030000           ld r3,#0x0000
1ef24:  8543               or r3,r4
1ef26:  dca6               calr 0xf5dc
1ef28:  dc37               calr 0xf6bc
1ef2a:  97e3               pop r3,@rr14
1ef2c:  e601               jr z,0xef30
1ef2e:  de59               calr 0xf27e
1ef30:  97e0               pop r0,@rr14
1ef32:  b3010004           sll r0,#4
1ef36:  ca0e               ldb rl2,#0x0e
1ef38:  3e28               outb @r2,rl0
1ef3a:  ca60               ldb rl2,#0x60
1ef3c:  8d08               clr r0
1ef3e:  3e28               outb @r2,rl0
1ef40:  dcfe               calr 0xf546
1ef42:  8c78               clrb rh7
1ef44:  9e08               ret 
1ef46:  21071100           ld r7,#0x1100
1ef4a:  df18               calr 0xf11c
1ef4c:  ee28               jr nz,0xef9e
1ef4e:  31480004           ld r8,rr4(#0x0004)
1ef52:  ded0               calr 0xf1b4
1ef54:  ee23               jr nz,0xef9c
1ef56:  3140000a           ld r0,rr4(#0x000a)
1ef5a:  31410004           ld r1,rr4(#0x0004)
1ef5e:  df1b               calr 0xf12a
1ef60:  1448               ldl rr8,@rr4
1ef62:  31460010           ld r6,rr4(#0x0010)
1ef66:  de45               calr 0xf2de
1ef68:  ee19               jr nz,0xef9c
1ef6a:  31460010           ld r6,rr4(#0x0010)
1ef6e:  de0a               calr 0xf35c
1ef70:  31460006           ld r6,rr4(#0x0006)
1ef74:  df11               calr 0xf154
1ef76:  ee12               jr nz,0xef9c
1ef78:  de29               calr 0xf328
1ef7a:  ca6c               ldb rl2,#0x6c
1ef7c:  21010009           ld r1,#0x0009
1ef80:  05010010           or r1,#0x0010
1ef84:  3e29               outb @r2,rl1
1ef86:  ca0a               ldb rl2,#0x0a
1ef88:  c930               ldb rl1,#0x30
1ef8a:  3e29               outb @r2,rl1
1ef8c:  ca6c               ldb rl2,#0x6c
1ef8e:  c90d               ldb rl1,#0x0d
1ef90:  3e29               outb @r2,rl1
1ef92:  ca08               ldb rl2,#0x08
1ef94:  c904               ldb rl1,#0x04
1ef96:  3e29               outb @r2,rl1
1ef98:  a491               setb rl1,#1
1ef9a:  3e29               outb @r2,rl1
1ef9c:  dd2c               calr 0xf546
1ef9e:  8c78               clrb rh7
1efa0:  9e08               ret 
1efa2:  21071200           ld r7,#0x1200
1efa6:  df46               calr 0xf11c
1efa8:  ee1f               jr nz,0xefe8
1efaa:  31480004           ld r8,rr4(#0x0004)
1efae:  defe               calr 0xf1b4
1efb0:  ee1a               jr nz,0xefe6
1efb2:  3140000a           ld r0,rr4(#0x000a)
1efb6:  31410004           ld r1,rr4(#0x0004)
1efba:  df49               calr 0xf12a
1efbc:  1448               ldl rr8,@rr4
1efbe:  31460010           ld r6,rr4(#0x0010)
1efc2:  de73               calr 0xf2de
1efc4:  ee10               jr nz,0xefe6
1efc6:  31460010           ld r6,rr4(#0x0010)
1efca:  de38               calr 0xf35c
1efcc:  de59               calr 0xf31c
1efce:  de4e               calr 0xf334
1efd0:  ca0a               ldb rl2,#0x0a
1efd2:  8311               sub r1,r1
1efd4:  3e29               outb @r2,rl1
1efd6:  ca6c               ldb rl2,#0x6c
1efd8:  c90d               ldb rl1,#0x0d
1efda:  3e29               outb @r2,rl1
1efdc:  ca08               ldb rl2,#0x08
1efde:  c908               ldb rl1,#0x08
1efe0:  3e29               outb @r2,rl1
1efe2:  a491               setb rl1,#1
1efe4:  3e29               outb @r2,rl1
1efe6:  dd51               calr 0xf546
1efe8:  8c78               clrb rh7
1efea:  9e08               ret 
1efec:  21071300           ld r7,#0x1300
1eff0:  df6b               calr 0xf11c
1eff2:  ee28               jr nz,0xf044
1eff4:  31480004           ld r8,rr4(#0x0004)
1eff8:  df23               calr 0xf1b4
1effa:  ee23               jr nz,0xf042
1effc:  3140000a           ld r0,rr4(#0x000a)
1f000:  31410004           ld r1,rr4(#0x0004)
1f004:  df6e               calr 0xf12a
1f006:  1448               ldl rr8,@rr4
1f008:  31460010           ld r6,rr4(#0x0010)
1f00c:  de98               calr 0xf2de
1f00e:  ee19               jr nz,0xf042
1f010:  31460010           ld r6,rr4(#0x0010)
1f014:  de5d               calr 0xf35c
1f016:  31460006           ld r6,rr4(#0x0006)
1f01a:  df64               calr 0xf154
1f01c:  ee12               jr nz,0xf042
1f01e:  de82               calr 0xf31c
1f020:  31400012           ld r0,rr4(#0x0012)
1f024:  0b000000           cp r0,#0x0000
1f028:  ee01               jr nz,0xf02c
1f02a:  de7c               calr 0xf334
1f02c:  ca0a               ldb rl2,#0x0a
1f02e:  c930               ldb rl1,#0x30
1f030:  3e29               outb @r2,rl1
1f032:  ca6c               ldb rl2,#0x6c
1f034:  c90d               ldb rl1,#0x0d
1f036:  3e29               outb @r2,rl1
1f038:  ca08               ldb rl2,#0x08
1f03a:  c92c               ldb rl1,#0x2c
1f03c:  3e29               outb @r2,rl1
1f03e:  a491               setb rl1,#1
1f040:  3e29               outb @r2,rl1
1f042:  dd7f               calr 0xf546
1f044:  8c78               clrb rh7
1f046:  9e08               ret 
1f048:  21071b00           ld r7,#0x1b00
1f04c:  e802               jr 0xf052
1f04e:  21071c00           ld r7,#0x1c00
1f052:  ddd2               calr 0xf4b0
1f054:  ee01               jr nz,0xf058
1f056:  de43               calr 0xf3d2
1f058:  ddde               calr 0xf49e
1f05a:  dcd0               calr 0xf6bc
1f05c:  de8f               calr 0xf340
1f05e:  dd8d               calr 0xf546
1f060:  8300               sub r0,r0
1f062:  ca60               ldb rl2,#0x60
1f064:  3e28               outb @r2,rl0
1f066:  9e08               ret 
1f068:  21071f00           ld r7,#0x1f00
1f06c:  de04               calr 0xf466
1f06e:  e603               jr z,0xf076
1f070:  dcdb               calr 0xf6bc
1f072:  dd97               calr 0xf546
1f074:  9e08               ret 
1f076:  dcde               calr 0xf6bc
1f078:  93e7               push @rr14,r7
1f07a:  df78               calr 0xf18c
1f07c:  e603               jr z,0xf084
1f07e:  97e0               pop r0,@rr14
1f080:  dd9e               calr 0xf546
1f082:  9e08               ret 
1f084:  97e7               pop r7,@rr14
1f086:  8cf4               testb rl7
1f088:  e602               jr z,0xf08e
1f08a:  dda3               calr 0xf546
1f08c:  9e08               ret 
1f08e:  ddf9               calr 0xf49e
1f090:  e602               jr z,0xf096
1f092:  dda7               calr 0xf546
1f094:  9e08               ret 
1f096:  0de9007d           push @rr14,#0x007d
1f09a:  e82c               jr 0xf0f4
1f09c:  21072000           ld r7,#0x2000
1f0a0:  de1e               calr 0xf466
1f0a2:  e603               jr z,0xf0aa
1f0a4:  dcf5               calr 0xf6bc
1f0a6:  ddb1               calr 0xf546
1f0a8:  9e08               ret 
1f0aa:  dcf8               calr 0xf6bc
1f0ac:  8cf4               testb rl7
1f0ae:  e602               jr z,0xf0b4
1f0b0:  ddb6               calr 0xf546
1f0b2:  9e08               ret 
1f0b4:  de0c               calr 0xf49e
1f0b6:  e602               jr z,0xf0bc
1f0b8:  ddba               calr 0xf546
1f0ba:  9e08               ret 
1f0bc:  0de90071           push @rr14,#0x0071
1f0c0:  e819               jr 0xf0f4
1f0c2:  21072100           ld r7,#0x2100
1f0c6:  de31               calr 0xf466
1f0c8:  e603               jr z,0xf0d0
1f0ca:  dd08               calr 0xf6bc
1f0cc:  ddc4               calr 0xf546
1f0ce:  9e08               ret 
1f0d0:  dd0b               calr 0xf6bc
1f0d2:  93e7               push @rr14,r7
1f0d4:  dfa5               calr 0xf18c
1f0d6:  e603               jr z,0xf0de
1f0d8:  97e0               pop r0,@rr14
1f0da:  ddcb               calr 0xf546
1f0dc:  9e08               ret 
1f0de:  97e7               pop r7,@rr14
1f0e0:  8cf4               testb rl7
1f0e2:  e602               jr z,0xf0e8
1f0e4:  ddd0               calr 0xf546
1f0e6:  9e08               ret 
1f0e8:  de26               calr 0xf49e
1f0ea:  e602               jr z,0xf0f0
1f0ec:  ddd4               calr 0xf546
1f0ee:  9e08               ret 
1f0f0:  0de9007f           push @rr14,#0x007f
1f0f4:  ddc5               calr 0xf56c
1f0f6:  97e8               pop r8,@rr14
1f0f8:  de1b               calr 0xf4c4
1f0fa:  0a0f0101           cpb rl7,#0x01
1f0fe:  e608               jr z,0xf110
1f100:  0a0f0404           cpb rl7,#0x04
1f104:  e605               jr z,0xf110
1f106:  0a0f0505           cpb rl7,#0x05
1f10a:  e602               jr z,0xf110
1f10c:  a951               inc r5,#2
1f10e:  2b40               dec @rr4,#1
1f110:  dee9               calr 0xf340
1f112:  dde7               calr 0xf546
1f114:  8300               sub r0,r0
1f116:  ca60               ldb rl2,#0x60
1f118:  3e28               outb @r2,rl0
1f11a:  9e08               ret 
1f11c:  8cf8               clrb rl7
1f11e:  ca6a               ldb rl2,#0x6a
1f120:  3d21               in r1,@r2
1f122:  a693               bitb rl1,#3
1f124:  e601               jr z,0xf128
1f126:  cf0d               ldb rl7,#0x0d
1f128:  9e08               ret 
1f12a:  93e1               push @rr14,r1
1f12c:  ca7c               ldb rl2,#0x7c
1f12e:  c9d0               ldb rl1,#0xd0
1f130:  3e29               outb @r2,rl1
1f132:  97e1               pop r1,@rr14
1f134:  0b000000           cp r0,#0x0000
1f138:  9e0e               ret nz
1f13a:  0b010000           cp r1,#0x0000
1f13e:  9e0e               ret nz
1f140:  ca7c               ldb rl2,#0x7c
1f142:  c950               ldb rl1,#0x50
1f144:  3e29               outb @r2,rl1
1f146:  9e08               ret 
1f148:  93e0               push @rr14,r0
1f14a:  ca68               ldb rl2,#0x68
1f14c:  3d20               in r0,@r2
1f14e:  a700               bit r0,#0
1f150:  97e0               pop r0,@rr14
1f152:  9e08               ret 
1f154:  0b060000           cp r6,#0x0000
1f158:  9e06               ret z
1f15a:  0b060002           cp r6,#0x0002
1f15e:  e202               jr le,0xf164
1f160:  cf1b               ldb rl7,#0x1b
1f162:  9e08               ret 
1f164:  dcf6               calr 0xf77a
1f166:  9e0e               ret nz
1f168:  ca7c               ldb rl2,#0x7c
1f16a:  21000090           ld r0,#0x0090
1f16e:  3e28               outb @r2,rl0
1f170:  21037000           ld r3,#0x7000
1f174:  21000200           ld r0,#0x0200
1f178:  0b060001           cp r6,#0x0001
1f17c:  e602               jr z,0xf182
1f17e:  21000300           ld r0,#0x0300
1f182:  8503               or r3,r0
1f184:  ddd5               calr 0xf5dc
1f186:  dd07               calr 0xf77a
1f188:  dd67               calr 0xf6bc
1f18a:  9e08               ret 
1f18c:  ca68               ldb rl2,#0x68
1f18e:  3d20               in r0,@r2
1f190:  a701               bit r0,#1
1f192:  9e06               ret z
1f194:  dd0e               calr 0xf77a
1f196:  9e0e               ret nz
1f198:  ca7c               ldb rl2,#0x7c
1f19a:  c910               ldb rl1,#0x10
1f19c:  3e29               outb @r2,rl1
1f19e:  21037000           ld r3,#0x7000
1f1a2:  21000000           ld r0,#0x0000
1f1a6:  8503               or r3,r0
1f1a8:  91e4               pushl @rr14,rr4
1f1aa:  dde8               calr 0xf5dc
1f1ac:  dd1a               calr 0xf77a
1f1ae:  dd7a               calr 0xf6bc
1f1b0:  95e4               popl rr4,@rr14
1f1b2:  9e08               ret 
1f1b4:  8cf8               clrb rl7
1f1b6:  ca18               ldb rl2,#0x18
1f1b8:  3d21               in r1,@r2
1f1ba:  8300               sub r0,r0
1f1bc:  a0b8               ldb rl0,rl3
1f1be:  b301ffff           srl r0,#1
1f1c2:  b311fffc           srl r1,#4
1f1c6:  26000900           bitb rl1,r0
1f1ca:  e602               jr z,0xf1d0
1f1cc:  cf0e               ldb rl7,#0x0e
1f1ce:  9e08               ret 
1f1d0:  ca60               ldb rl2,#0x60
1f1d2:  a900               inc r0,#1
1f1d4:  b3010004           sll r0,#4
1f1d8:  8580               or r0,r8
1f1da:  3e28               outb @r2,rl0
1f1dc:  a130               ld r0,r3
1f1de:  21061388           ld r6,#0x1388
1f1e2:  ca08               ldb rl2,#0x08
1f1e4:  b301ffff           srl r0,#1
1f1e8:  3d21               in r1,@r2
1f1ea:  27000100           bit r1,r0
1f1ee:  ee04               jr nz,0xf1f8
1f1f0:  f685               djnz r6,0xf1e8
1f1f2:  cf0b               ldb rl7,#0x0b
1f1f4:  8d43               resflg z
1f1f6:  9e08               ret 
1f1f8:  ca68               ldb rl2,#0x68
1f1fa:  3d21               in r1,@r2
1f1fc:  a714               bit r1,#4
1f1fe:  ee03               jr nz,0xf206
1f200:  cf0c               ldb rl7,#0x0c
1f202:  8d43               resflg z
1f204:  9e08               ret 
1f206:  93e8               push @rr14,r8
1f208:  a715               bit r1,#5
1f20a:  ee01               jr nz,0xf20e
1f20c:  cf0c               ldb rl7,#0x0c
1f20e:  ddaa               calr 0xf6bc
1f210:  97e8               pop r8,@rr14
1f212:  ee1f               jr nz,0xf252
1f214:  ca68               ldb rl2,#0x68
1f216:  3d21               in r1,@r2
1f218:  21004010           ld r0,#0x4010
1f21c:  a712               bit r1,#2
1f21e:  ee05               jr nz,0xf22a
1f220:  a784               bit r8,#4
1f222:  9e06               ret z
1f224:  210100b0           ld r1,#0x00b0
1f228:  e808               jr 0xf23a
1f22a:  21004000           ld r0,#0x4000
1f22e:  21010030           ld r1,#0x0030
1f232:  a784               bit r8,#4
1f234:  e602               jr z,0xf23a
1f236:  8d41               setflg z
1f238:  9e08               ret 
1f23a:  93e1               push @rr14,r1
1f23c:  93e3               push @rr14,r3
1f23e:  a103               ld r3,r0
1f240:  de33               calr 0xf5dc
1f242:  97e3               pop r3,@rr14
1f244:  dd66               calr 0xf77a
1f246:  ddc6               calr 0xf6bc
1f248:  97e1               pop r1,@rr14
1f24a:  8cf4               testb rl7
1f24c:  ee02               jr nz,0xf252
1f24e:  ca7c               ldb rl2,#0x7c
1f250:  3e29               outb @r2,rl1
1f252:  9e08               ret 
1f254:  ca18               ldb rl2,#0x18
1f256:  3d21               in r1,@r2
1f258:  a130               ld r0,r3
1f25a:  b301ffff           srl r0,#1
1f25e:  01000004           add r0,#0x0004
1f262:  24000900           setb rl1,r0
1f266:  0701fff0           and r1,#0xfff0
1f26a:  ca2a               ldb rl2,#0x2a
1f26c:  3d20               in r0,@r2
1f26e:  b301fffa           srl r0,#6
1f272:  07000003           and r0,#0x0003
1f276:  8501               or r1,r0
1f278:  ca0c               ldb rl2,#0x0c
1f27a:  3e29               outb @r2,rl1
1f27c:  9e08               ret 
1f27e:  ca18               ldb rl2,#0x18
1f280:  3d21               in r1,@r2
1f282:  a130               ld r0,r3
1f284:  b301ffff           srl r0,#1
1f288:  01000004           add r0,#0x0004
1f28c:  22000900           resb rl1,r0
1f290:  0701fff0           and r1,#0xfff0
1f294:  ca2a               ldb rl2,#0x2a
1f296:  3d20               in r0,@r2
1f298:  b301fffa           srl r0,#6
1f29c:  07000003           and r0,#0x0003
1f2a0:  8501               or r1,r0
1f2a2:  ca0c               ldb rl2,#0x0c
1f2a4:  3e29               outb @r2,rl1
1f2a6:  9e08               ret 
1f2a8:  0b060030           cp r6,#0x0030
1f2ac:  e303               jr ule,0xf2b4
1f2ae:  cf1a               ldb rl7,#0x1a
1f2b0:  8d43               resflg z
1f2b2:  9e08               ret 
1f2b4:  b385ffff           srll rr8,#1
1f2b8:  b3610005           sll r6,#5
1f2bc:  ab60               dec r6,#1
1f2be:  ca77               ldb rl2,#0x77
1f2c0:  c9b0               ldb rl1,#0xb0
1f2c2:  3e29               outb @r2,rl1
1f2c4:  ca76               ldb rl2,#0x76
1f2c6:  3e2e               outb @r2,rl6
1f2c8:  3e26               outb @r2,rh6
1f2ca:  ca62               ldb rl2,#0x62
1f2cc:  3f29               out @r2,r9
1f2ce:  07098000           and r9,#0x8000
1f2d2:  8598               or r8,r9
1f2d4:  ca64               ldb rl2,#0x64
1f2d6:  3f28               out @r2,r8
1f2d8:  8cf8               clrb rl7
1f2da:  8d41               setflg z
1f2dc:  9e08               ret 
1f2de:  0b060030           cp r6,#0x0030
1f2e2:  e303               jr ule,0xf2ea
1f2e4:  cf1a               ldb rl7,#0x1a
1f2e6:  8d43               resflg z
1f2e8:  9e08               ret 
1f2ea:  b385ffff           srll rr8,#1
1f2ee:  b3610004           sll r6,#4
1f2f2:  d0d6               calr 0xf148
1f2f4:  e602               jr z,0xf2fa
1f2f6:  b3610001           sll r6,#1
1f2fa:  ab60               dec r6,#1
1f2fc:  ca77               ldb rl2,#0x77
1f2fe:  c9b0               ldb rl1,#0xb0
1f300:  3e29               outb @r2,rl1
1f302:  ca76               ldb rl2,#0x76
1f304:  3e2e               outb @r2,rl6
1f306:  3e26               outb @r2,rh6
1f308:  ca62               ldb rl2,#0x62
1f30a:  3f29               out @r2,r9
1f30c:  07098000           and r9,#0x8000
1f310:  8598               or r8,r9
1f312:  ca64               ldb rl2,#0x64
1f314:  3f28               out @r2,r8
1f316:  8cf8               clrb rl7
1f318:  8d41               setflg z
1f31a:  9e08               ret 
1f31c:  ca6c               ldb rl2,#0x6c
1f31e:  c90b               ldb rl1,#0x0b
1f320:  04092020           orb rl1,#0x20
1f324:  3e29               outb @r2,rl1
1f326:  9e08               ret 
1f328:  ca6c               ldb rl2,#0x6c
1f32a:  c90a               ldb rl1,#0x0a
1f32c:  0409a0a0           orb rl1,#0xa0
1f330:  3e29               outb @r2,rl1
1f332:  9e08               ret 
1f334:  ca6c               ldb rl2,#0x6c
1f336:  c909               ldb rl1,#0x09
1f338:  04099090           orb rl1,#0x90
1f33c:  3e29               outb @r2,rl1
1f33e:  9e08               ret 
1f340:  ca6c               ldb rl2,#0x6c
1f342:  c90c               ldb rl1,#0x0c
1f344:  3e29               outb @r2,rl1
1f346:  c908               ldb rl1,#0x08
1f348:  04091010           orb rl1,#0x10
1f34c:  3e29               outb @r2,rl1
1f34e:  ca08               ldb rl2,#0x08
1f350:  c900               ldb rl1,#0x00
1f352:  3e29               outb @r2,rl1
1f354:  ca6c               ldb rl2,#0x6c
1f356:  c903               ldb rl1,#0x03
1f358:  3e29               outb @r2,rl1
1f35a:  9e08               ret 
1f35c:  ca02               ldb rl2,#0x02
1f35e:  31410008           ld r1,rr4(#0x0008)
1f362:  3e29               outb @r2,rl1
1f364:  ca03               ldb rl2,#0x03
1f366:  3141000a           ld r1,rr4(#0x000a)
1f36a:  3e21               outb @r2,rh1
1f36c:  ca12               ldb rl2,#0x12
1f36e:  3e29               outb @r2,rl1
1f370:  ca13               ldb rl2,#0x13
1f372:  3141000c           ld r1,rr4(#0x000c)
1f376:  3e29               outb @r2,rl1
1f378:  ca06               ldb rl2,#0x06
1f37a:  3141000e           ld r1,rr4(#0x000e)
1f37e:  3e29               outb @r2,rl1
1f380:  ca77               ldb rl2,#0x77
1f382:  c930               ldb rl1,#0x30
1f384:  3e29               outb @r2,rl1
1f386:  bd11               ldk r1,#1
1f388:  ca66               ldb rl2,#0x66
1f38a:  3e29               outb @r2,rl1
1f38c:  3e21               outb @r2,rh1
1f38e:  ca77               ldb rl2,#0x77
1f390:  c870               ldb rl0,#0x70
1f392:  3e28               outb @r2,rl0
1f394:  b3610008           sll r6,#8
1f398:  d129               calr 0xf148
1f39a:  e602               jr z,0xf3a0
1f39c:  b3610001           sll r6,#1
1f3a0:  ca67               ldb rl2,#0x67
1f3a2:  ab60               dec r6,#1
1f3a4:  3e2e               outb @r2,rl6
1f3a6:  3e26               outb @r2,rh6
1f3a8:  8cf8               clrb rl7
1f3aa:  8d41               setflg z
1f3ac:  9e08               ret 
1f3ae:  ca77               ldb rl2,#0x77
1f3b0:  c930               ldb rl1,#0x30
1f3b2:  3e29               outb @r2,rl1
1f3b4:  ca66               ldb rl2,#0x66
1f3b6:  3e28               outb @r2,rl0
1f3b8:  3e20               outb @r2,rh0
1f3ba:  9e08               ret 
1f3bc:  ab10               dec r1,#1
1f3be:  ca77               ldb rl2,#0x77
1f3c0:  c870               ldb rl0,#0x70
1f3c2:  3e28               outb @r2,rl0
1f3c4:  ca67               ldb rl2,#0x67
1f3c6:  3e29               outb @r2,rl1
1f3c8:  3e21               outb @r2,rh1
1f3ca:  ca06               ldb rl2,#0x06
1f3cc:  8311               sub r1,r1
1f3ce:  3e29               outb @r2,rl1
1f3d0:  9e08               ret 
1f3d2:  ca2a               ldb rl2,#0x2a
1f3d4:  3d20               in r0,@r2
1f3d6:  b301fffa           srl r0,#6
1f3da:  07000003           and r0,#0x0003
1f3de:  a106               ld r6,r0
1f3e0:  a960               inc r6,#1
1f3e2:  07060003           and r6,#0x0003
1f3e6:  ca08               ldb rl2,#0x08
1f3e8:  3d21               in r1,@r2
1f3ea:  b3110004           sll r1,#4
1f3ee:  c904               ldb rl1,#0x04
1f3f0:  a900               inc r0,#1
1f3f2:  07000003           and r0,#0x0003
1f3f6:  26000100           bitb rh1,r0
1f3fa:  e604               jr z,0xf404
1f3fc:  f907               dbjnz rl1,0xf3f0
1f3fe:  cfff               ldb rl7,#0xff
