c2900:  00000000           addb rh0,#0x00
c2904:  00000000           addb rh0,#0x00
c2908:  00000000           addb rh0,#0x00
c290c:  00000000           addb rh0,#0x00
c2910:  00000000           addb rh0,#0x00
c2914:  00000000           addb rh0,#0x00
c2918:  00000000           addb rh0,#0x00
c291c:  00000000           addb rh0,#0x00
c2920:  00000000           addb rh0,#0x00
c2924:  00000000           addb rh0,#0x00
c2928:  00000000           addb rh0,#0x00
c292c:  00000000           addb rh0,#0x00
c2930:  00000000           addb rh0,#0x00
c2934:  00000000           addb rh0,#0x00
c2938:  00000000           addb rh0,#0x00
c293c:  00000000           addb rh0,#0x00
c2940:  00000000           addb rh0,#0x00
c2944:  00000000           addb rh0,#0x00
c2948:  00000000           addb rh0,#0x00
c294c:  00000000           addb rh0,#0x00
c2950:  00000000           addb rh0,#0x00
c2954:  00000000           addb rh0,#0x00
c2958:  00000000           addb rh0,#0x00
c295c:  00000000           addb rh0,#0x00
c2960:  00000000           addb rh0,#0x00
c2964:  00000000           addb rh0,#0x00
c2968:  00000000           addb rh0,#0x00
c296c:  00000000           addb rh0,#0x00
c2970:  00000000           addb rh0,#0x00
c2974:  00000000           addb rh0,#0x00
c2978:  00000000           addb rh0,#0x00
c297c:  00000000           addb rh0,#0x00
c2980:  00000000           addb rh0,#0x00
c2984:  00000000           addb rh0,#0x00
c2988:  00000000           addb rh0,#0x00
c298c:  00000000           addb rh0,#0x00
c2990:  00000000           addb rh0,#0x00
c2994:  00000000           addb rh0,#0x00
c2998:  00000000           addb rh0,#0x00
c299c:  00000000           addb rh0,#0x00
c29a0:  00000000           addb rh0,#0x00
c29a4:  00000000           addb rh0,#0x00
c29a8:  00000000           addb rh0,#0x00
c29ac:  00000000           addb rh0,#0x00
c29b0:  00000000           addb rh0,#0x00
c29b4:  00000000           addb rh0,#0x00
c29b8:  00000000           addb rh0,#0x00
c29bc:  00000000           addb rh0,#0x00
c29c0:  00000000           addb rh0,#0x00
c29c4:  00000000           addb rh0,#0x00
c29c8:  00000000           addb rh0,#0x00
c29cc:  00000000           addb rh0,#0x00
c29d0:  00000000           addb rh0,#0x00
c29d4:  00000000           addb rh0,#0x00
c29d8:  00000000           addb rh0,#0x00
c29dc:  00000000           addb rh0,#0x00
c29e0:  00000000           addb rh0,#0x00
c29e4:  00000000           addb rh0,#0x00
c29e8:  00000000           addb rh0,#0x00
c29ec:  00000000           addb rh0,#0x00
c29f0:  00000000           addb rh0,#0x00
c29f4:  00000000           addb rh0,#0x00
c29f8:  00000000           addb rh0,#0x00
c29fc:  00000000           addb rh0,#0x00
c2a00:  00000000           addb rh0,#0x00
c2a04:  00000000           addb rh0,#0x00
c2a08:  00000000           addb rh0,#0x00
c2a0c:  00000000           addb rh0,#0x00
c2a10:  00000000           addb rh0,#0x00
c2a14:  00000000           addb rh0,#0x00
c2a18:  00000000           addb rh0,#0x00
c2a1c:  00000000           addb rh0,#0x00
c2a20:  00000000           addb rh0,#0x00
c2a24:  00000000           addb rh0,#0x00
c2a28:  00000000           addb rh0,#0x00
c2a2c:  00000000           addb rh0,#0x00
c2a30:  00000000           addb rh0,#0x00
c2a34:  00000000           addb rh0,#0x00
c2a38:  00000000           addb rh0,#0x00
c2a3c:  00000000           addb rh0,#0x00
c2a40:  00000000           addb rh0,#0x00
c2a44:  00000000           addb rh0,#0x00
c2a48:  00000000           addb rh0,#0x00
c2a4c:  00000000           addb rh0,#0x00
c2a50:  00000000           addb rh0,#0x00
c2a54:  00000000           addb rh0,#0x00
c2a58:  00000000           addb rh0,#0x00
c2a5c:  00000000           addb rh0,#0x00
c2a60:  00000000           addb rh0,#0x00
c2a64:  00000000           addb rh0,#0x00
c2a68:  00000000           addb rh0,#0x00
c2a6c:  00000000           addb rh0,#0x00
c2a70:  00000000           addb rh0,#0x00
c2a74:  00000000           addb rh0,#0x00
c2a78:  00000000           addb rh0,#0x00
c2a7c:  00000000           addb rh0,#0x00
c2a80:  00000000           addb rh0,#0x00
c2a84:  00000000           addb rh0,#0x00
c2a88:  00000000           addb rh0,#0x00
c2a8c:  00000000           addb rh0,#0x00
c2a90:  00000000           addb rh0,#0x00
c2a94:  00000000           addb rh0,#0x00
c2a98:  00000000           addb rh0,#0x00
c2a9c:  00000000           addb rh0,#0x00
c2aa0:  00000000           addb rh0,#0x00
c2aa4:  00000000           addb rh0,#0x00
c2aa8:  00000000           addb rh0,#0x00
c2aac:  00000000           addb rh0,#0x00
c2ab0:  00000000           addb rh0,#0x00
c2ab4:  00000000           addb rh0,#0x00
c2ab8:  00000000           addb rh0,#0x00
c2abc:  00000000           addb rh0,#0x00
c2ac0:  00000000           addb rh0,#0x00
c2ac4:  00000000           addb rh0,#0x00
c2ac8:  00000000           addb rh0,#0x00
c2acc:  00000000           addb rh0,#0x00
c2ad0:  00000000           addb rh0,#0x00
c2ad4:  00000000           addb rh0,#0x00
c2ad8:  00000000           addb rh0,#0x00
c2adc:  00000000           addb rh0,#0x00
c2ae0:  00000000           addb rh0,#0x00
c2ae4:  00000000           addb rh0,#0x00
c2ae8:  00000000           addb rh0,#0x00
c2aec:  00000000           addb rh0,#0x00
c2af0:  00000000           addb rh0,#0x00
c2af4:  00000000           addb rh0,#0x00
c2af8:  00000000           addb rh0,#0x00
c2afc:  00000000           addb rh0,#0x00
c2b00:  00000000           addb rh0,#0x00
c2b04:  00000000           addb rh0,#0x00
c2b08:  00000000           addb rh0,#0x00
c2b0c:  00000000           addb rh0,#0x00
c2b10:  00000000           addb rh0,#0x00
c2b14:  00000000           addb rh0,#0x00
c2b18:  00000000           addb rh0,#0x00
c2b1c:  00000000           addb rh0,#0x00
c2b20:  00000000           addb rh0,#0x00
c2b24:  00000000           addb rh0,#0x00
c2b28:  00000000           addb rh0,#0x00
c2b2c:  00000000           addb rh0,#0x00
c2b30:  00000000           addb rh0,#0x00
c2b34:  00000000           addb rh0,#0x00
c2b38:  00000000           addb rh0,#0x00
c2b3c:  00000000           addb rh0,#0x00
c2b40:  00000000           addb rh0,#0x00
c2b44:  00000000           addb rh0,#0x00
c2b48:  00000000           addb rh0,#0x00
c2b4c:  00000000           addb rh0,#0x00
c2b50:  00000000           addb rh0,#0x00
c2b54:  00000000           addb rh0,#0x00
c2b58:  00000000           addb rh0,#0x00
c2b5c:  00000000           addb rh0,#0x00
c2b60:  00000000           addb rh0,#0x00
c2b64:  00000000           addb rh0,#0x00
c2b68:  00000000           addb rh0,#0x00
c2b6c:  00000000           addb rh0,#0x00
c2b70:  00000000           addb rh0,#0x00
c2b74:  00000000           addb rh0,#0x00
c2b78:  00000000           addb rh0,#0x00
c2b7c:  00000000           addb rh0,#0x00
c2b80:  00000000           addb rh0,#0x00
c2b84:  00000000           addb rh0,#0x00
c2b88:  00000000           addb rh0,#0x00
c2b8c:  00000000           addb rh0,#0x00
c2b90:  00000000           addb rh0,#0x00
c2b94:  00000000           addb rh0,#0x00
c2b98:  00000000           addb rh0,#0x00
c2b9c:  00000000           addb rh0,#0x00
c2ba0:  00000000           addb rh0,#0x00
c2ba4:  00000000           addb rh0,#0x00
c2ba8:  00000000           addb rh0,#0x00
c2bac:  00000000           addb rh0,#0x00
c2bb0:  00000000           addb rh0,#0x00
c2bb4:  00000000           addb rh0,#0x00
c2bb8:  00000000           addb rh0,#0x00
c2bbc:  00000000           addb rh0,#0x00
c2bc0:  00000000           addb rh0,#0x00
c2bc4:  00000000           addb rh0,#0x00
c2bc8:  00000000           addb rh0,#0x00
c2bcc:  00000000           addb rh0,#0x00
c2bd0:  00000000           addb rh0,#0x00
c2bd4:  00000000           addb rh0,#0x00
c2bd8:  00000000           addb rh0,#0x00
c2bdc:  00000000           addb rh0,#0x00
c2be0:  00000000           addb rh0,#0x00
c2be4:  00000000           addb rh0,#0x00
c2be8:  00000000           addb rh0,#0x00
c2bec:  00000000           addb rh0,#0x00
c2bf0:  00000000           addb rh0,#0x00
c2bf4:  00000000           addb rh0,#0x00
c2bf8:  00000000           addb rh0,#0x00
c2bfc:  00000000           addb rh0,#0x00
c2c00:  00000000           addb rh0,#0x00
c2c04:  00000000           addb rh0,#0x00
c2c08:  00000000           addb rh0,#0x00
c2c0c:  00000000           addb rh0,#0x00
c2c10:  00000000           addb rh0,#0x00
c2c14:  00000000           addb rh0,#0x00
c2c18:  00000000           addb rh0,#0x00
c2c1c:  00000000           addb rh0,#0x00
c2c20:  00000000           addb rh0,#0x00
c2c24:  00000000           addb rh0,#0x00
c2c28:  00000000           addb rh0,#0x00
c2c2c:  00000000           addb rh0,#0x00
c2c30:  00000000           addb rh0,#0x00
c2c34:  00000000           addb rh0,#0x00
c2c38:  00000000           addb rh0,#0x00
c2c3c:  00000000           addb rh0,#0x00
c2c40:  00000000           addb rh0,#0x00
c2c44:  00000000           addb rh0,#0x00
c2c48:  00000000           addb rh0,#0x00
c2c4c:  00000000           addb rh0,#0x00
c2c50:  00000000           addb rh0,#0x00
c2c54:  00000000           addb rh0,#0x00
c2c58:  00000000           addb rh0,#0x00
c2c5c:  00000000           addb rh0,#0x00
c2c60:  00000000           addb rh0,#0x00
c2c64:  00000000           addb rh0,#0x00
c2c68:  00000000           addb rh0,#0x00
c2c6c:  00000000           addb rh0,#0x00
c2c70:  00000000           addb rh0,#0x00
c2c74:  00000000           addb rh0,#0x00
c2c78:  00000000           addb rh0,#0x00
c2c7c:  00000000           addb rh0,#0x00
c2c80:  00000000           addb rh0,#0x00
c2c84:  00000000           addb rh0,#0x00
c2c88:  00000000           addb rh0,#0x00
c2c8c:  00000000           addb rh0,#0x00
c2c90:  00000000           addb rh0,#0x00
c2c94:  00000000           addb rh0,#0x00
c2c98:  00000000           addb rh0,#0x00
c2c9c:  00000000           addb rh0,#0x00
c2ca0:  00000000           addb rh0,#0x00
c2ca4:  00000000           addb rh0,#0x00
c2ca8:  00000000           addb rh0,#0x00
c2cac:  00000000           addb rh0,#0x00
c2cb0:  00000000           addb rh0,#0x00
c2cb4:  00000000           addb rh0,#0x00
c2cb8:  00000000           addb rh0,#0x00
c2cbc:  00000000           addb rh0,#0x00
c2cc0:  00000000           addb rh0,#0x00
c2cc4:  00000000           addb rh0,#0x00
c2cc8:  00000000           addb rh0,#0x00
c2ccc:  00000000           addb rh0,#0x00
c2cd0:  00000000           addb rh0,#0x00
c2cd4:  00000000           addb rh0,#0x00
c2cd8:  00000000           addb rh0,#0x00
c2cdc:  00000000           addb rh0,#0x00
c2ce0:  00000000           addb rh0,#0x00
c2ce4:  00000000           addb rh0,#0x00
c2ce8:  00000000           addb rh0,#0x00
c2cec:  00000000           addb rh0,#0x00
c2cf0:  00000000           addb rh0,#0x00
c2cf4:  00000000           addb rh0,#0x00
c2cf8:  00000000           addb rh0,#0x00
c2cfc:  00000000           addb rh0,#0x00
c2d00:  00000000           addb rh0,#0x00
c2d04:  00000000           addb rh0,#0x00
c2d08:  00000000           addb rh0,#0x00
c2d0c:  00000000           addb rh0,#0x00
c2d10:  00000000           addb rh0,#0x00
c2d14:  00000000           addb rh0,#0x00
c2d18:  00000000           addb rh0,#0x00
c2d1c:  00000000           addb rh0,#0x00
c2d20:  00000000           addb rh0,#0x00
c2d24:  00000000           addb rh0,#0x00
c2d28:  00000000           addb rh0,#0x00
c2d2c:  00000000           addb rh0,#0x00
c2d30:  00000000           addb rh0,#0x00
c2d34:  564f4c31           addl rr15,<<76>>0x0031(r4)
c2d38:  2020               ldb rh0,@rr2
c2d3a:  2020               ldb rh0,@rr2
c2d3c:  2020               ldb rh0,@rr2
c2d3e:  2020               ldb rh0,@rr2
c2d40:  2020               ldb rh0,@rr2
c2d42:  2020               ldb rh0,@rr2
c2d44:  2020               ldb rh0,@rr2
c2d46:  2020               ldb rh0,@rr2
c2d48:  2020               ldb rh0,@rr2
c2d4a:  2020               ldb rh0,@rr2
c2d4c:  2020               ldb rh0,@rr2
c2d4e:  2020               ldb rh0,@rr2
c2d50:  2020               ldb rh0,@rr2
c2d52:  2020               ldb rh0,@rr2
c2d54:  2020               ldb rh0,@rr2
c2d56:  2020               ldb rh0,@rr2
c2d58:  2020               ldb rh0,@rr2
c2d5a:  2020               ldb rh0,@rr2
c2d5c:  2020               ldb rh0,@rr2
c2d5e:  2020               ldb rh0,@rr2
c2d60:  2020               ldb rh0,@rr2
c2d62:  2020               ldb rh0,@rr2
c2d64:  2020               ldb rh0,@rr2
c2d66:  2020               ldb rh0,@rr2
c2d68:  2020               ldb rh0,@rr2
c2d6a:  2020               ldb rh0,@rr2
c2d6c:  2020               ldb rh0,@rr2
c2d6e:  2020               ldb rh0,@rr2
c2d70:  2020               ldb rh0,@rr2
c2d72:  2020               ldb rh0,@rr2
c2d74:  2020               ldb rh0,@rr2
c2d76:  2020               ldb rh0,@rr2
c2d78:  2020               ldb rh0,@rr2
c2d7a:  2038               ldb rl0,@rr3
c2d7c:  2020               ldb rh0,@rr2
c2d7e:  2038               ldb rl0,@rr3
c2d80:  2020               ldb rh0,@rr2
c2d82:  2057               ldb rh7,@rr5
c2d84:  56313030           addl rr1,<<48>>0x0030(r3)
c2d88:  37303332           ldl rr3(#0x3332),rr0
c2d8c:  32353630           ldb rr3(#0x3630),rh5
c2d90:  03fd               sub r13,@rr15
c2d92:  03fe               sub r14,@rr15
c2d94:  001c               addb rl4,@rr1
c2d96:  03fd               sub r13,@rr15
c2d98:  00000000           addb rh0,#0x00
c2d9c:  00e0               addb rh0,@rr14
c2d9e:  03fe               sub r14,@rr15
c2da0:  00000000           addb rh0,#0x00
c2da4:  00e0               addb rh0,@rr14
c2da6:  ffff               djnz r15,0x2caa
c2da8:  ffff               djnz r15,0x2cac
c2daa:  ffff               djnz r15,0x2cae
c2dac:  ffff               djnz r15,0x2cb0
c2dae:  ffff               djnz r15,0x2cb2
c2db0:  ffff               djnz r15,0x2cb4
c2db2:  ffff               djnz r15,0x2cb6
c2db4:  ffff               djnz r15,0x2cb8
c2db6:  04000000           orb rh0,#0x00
c2dba:  ffff               djnz r15,0x2cbe
c2dbc:  0000ffff           addb rh0,#0xff
c2dc0:  0000ffff           addb rh0,#0xff
c2dc4:  0000ffff           addb rh0,#0xff
c2dc8:  ffff               djnz r15,0x2ccc
c2dca:  ffff               djnz r15,0x2cce
c2dcc:  ffff               djnz r15,0x2cd0
c2dce:  ffff               djnz r15,0x2cd2
c2dd0:  ffff               djnz r15,0x2cd4
c2dd2:  ffff               djnz r15,0x2cd6
c2dd4:  ffff               djnz r15,0x2cd8
c2dd6:  ffff               djnz r15,0x2cda
c2dd8:  ffff               djnz r15,0x2cdc
c2dda:  ffff               djnz r15,0x2cde
c2ddc:  ffff               djnz r15,0x2ce0
c2dde:  ffff               djnz r15,0x2ce2
c2de0:  ffff               djnz r15,0x2ce4
c2de2:  ffff               djnz r15,0x2ce6
c2de4:  ffff               djnz r15,0x2ce8
c2de6:  ffff               djnz r15,0x2cea
c2de8:  ffff               djnz r15,0x2cec
c2dea:  ffff               djnz r15,0x2cee
c2dec:  ffff               djnz r15,0x2cf0
c2dee:  ffff               djnz r15,0x2cf2
c2df0:  ffff               djnz r15,0x2cf4
c2df2:  ffff               djnz r15,0x2cf6
c2df4:  ffff               djnz r15,0x2cf8
c2df6:  ffff               djnz r15,0x2cfa
c2df8:  ffff               djnz r15,0x2cfc
c2dfa:  ffff               djnz r15,0x2cfe
c2dfc:  2020               ldb rh0,@rr2
c2dfe:  2020               ldb rh0,@rr2
c2e00:  2020               ldb rh0,@rr2
c2e02:  2020               ldb rh0,@rr2
c2e04:  2020               ldb rh0,@rr2
c2e06:  2020               ldb rh0,@rr2
c2e08:  2020               ldb rh0,@rr2
c2e0a:  2020               ldb rh0,@rr2
c2e0c:  2020               ldb rh0,@rr2
c2e0e:  2020               ldb rh0,@rr2
c2e10:  2020               ldb rh0,@rr2
c2e12:  2020               ldb rh0,@rr2
c2e14:  2020               ldb rh0,@rr2
c2e16:  2020               ldb rh0,@rr2
c2e18:  2020               ldb rh0,@rr2
c2e1a:  2020               ldb rh0,@rr2
c2e1c:  2020               ldb rh0,@rr2
c2e1e:  2020               ldb rh0,@rr2
c2e20:  2020               ldb rh0,@rr2
c2e22:  2020               ldb rh0,@rr2
c2e24:  2020               ldb rh0,@rr2
c2e26:  2020               ldb rh0,@rr2
c2e28:  2020               ldb rh0,@rr2
c2e2a:  2020               ldb rh0,@rr2
c2e2c:  2020               ldb rh0,@rr2
c2e2e:  2020               ldb rh0,@rr2
c2e30:  2020               ldb rh0,@rr2
c2e32:  2020               ldb rh0,@rr2
c2e34:  53534944           push @rr5,<<73>>0x0044(r3)
c2e38:  2020               ldb rh0,@rr2
c2e3a:  2020               ldb rh0,@rr2
c2e3c:  00000000           addb rh0,#0x00
c2e40:  00000000           addb rh0,#0x00
c2e44:  00000000           addb rh0,#0x00
c2e48:  00000000           addb rh0,#0x00
c2e4c:  00000000           addb rh0,#0x00
c2e50:  00000000           addb rh0,#0x00
c2e54:  00000000           addb rh0,#0x00
c2e58:  00000000           addb rh0,#0x00
c2e5c:  00000000           addb rh0,#0x00
c2e60:  00000000           addb rh0,#0x00
c2e64:  00000000           addb rh0,#0x00
c2e68:  00000000           addb rh0,#0x00
c2e6c:  2020               ldb rh0,@rr2
c2e6e:  2020               ldb rh0,@rr2
c2e70:  2020               ldb rh0,@rr2
c2e72:  2020               ldb rh0,@rr2
c2e74:  2020               ldb rh0,@rr2
c2e76:  2020               ldb rh0,@rr2
c2e78:  2020               ldb rh0,@rr2
c2e7a:  2020               ldb rh0,@rr2
c2e7c:  00000000           addb rh0,#0x00
c2e80:  00000000           addb rh0,#0x00
c2e84:  00000000           addb rh0,#0x00
c2e88:  00000000           addb rh0,#0x00
c2e8c:  00000000           addb rh0,#0x00
c2e90:  00000000           addb rh0,#0x00
c2e94:  2020               ldb rh0,@rr2
c2e96:  2020               ldb rh0,@rr2
c2e98:  2020               ldb rh0,@rr2
c2e9a:  2020               ldb rh0,@rr2
c2e9c:  00000000           addb rh0,#0x00
c2ea0:  00000000           addb rh0,#0x00
c2ea4:  00000000           addb rh0,#0x00
c2ea8:  00000000           addb rh0,#0x00
c2eac:  00000000           addb rh0,#0x00
c2eb0:  00000000           addb rh0,#0x00
c2eb4:  2020               ldb rh0,@rr2
c2eb6:  2020               ldb rh0,@rr2
c2eb8:  2020               ldb rh0,@rr2
c2eba:  2020               ldb rh0,@rr2
c2ebc:  00000000           addb rh0,#0x00
c2ec0:  00000000           addb rh0,#0x00
c2ec4:  00000000           addb rh0,#0x00
c2ec8:  00000000           addb rh0,#0x00
c2ecc:  00000000           addb rh0,#0x00
c2ed0:  00000000           addb rh0,#0x00
c2ed4:  2020               ldb rh0,@rr2
c2ed6:  2020               ldb rh0,@rr2
c2ed8:  2020               ldb rh0,@rr2
c2eda:  2020               ldb rh0,@rr2
c2edc:  00000000           addb rh0,#0x00
c2ee0:  00000000           addb rh0,#0x00
c2ee4:  00000000           addb rh0,#0x00
c2ee8:  00000000           addb rh0,#0x00
c2eec:  00000000           addb rh0,#0x00
c2ef0:  00000000           addb rh0,#0x00
c2ef4:  2020               ldb rh0,@rr2
c2ef6:  2020               ldb rh0,@rr2
c2ef8:  2020               ldb rh0,@rr2
c2efa:  2020               ldb rh0,@rr2
c2efc:  00000000           addb rh0,#0x00
c2f00:  00000000           addb rh0,#0x00
c2f04:  00000000           addb rh0,#0x00
c2f08:  00000000           addb rh0,#0x00
c2f0c:  00000000           addb rh0,#0x00
c2f10:  00000000           addb rh0,#0x00
c2f14:  2020               ldb rh0,@rr2
c2f16:  2020               ldb rh0,@rr2
c2f18:  2020               ldb rh0,@rr2
c2f1a:  2020               ldb rh0,@rr2
c2f1c:  00000000           addb rh0,#0x00
c2f20:  00000000           addb rh0,#0x00
c2f24:  00000000           addb rh0,#0x00
c2f28:  00000000           addb rh0,#0x00
c2f2c:  00000000           addb rh0,#0x00
c2f30:  00000000           addb rh0,#0x00
c2f34:  2020               ldb rh0,@rr2
c2f36:  2020               ldb rh0,@rr2
c2f38:  2020               ldb rh0,@rr2
c2f3a:  2020               ldb rh0,@rr2
c2f3c:  00000000           addb rh0,#0x00
c2f40:  00000000           addb rh0,#0x00
c2f44:  00000000           addb rh0,#0x00
c2f48:  00000000           addb rh0,#0x00
c2f4c:  2020               ldb rh0,@rr2
c2f4e:  2020               ldb rh0,@rr2
c2f50:  2020               ldb rh0,@rr2
c2f52:  2020               ldb rh0,@rr2
c2f54:  2020               ldb rh0,@rr2
c2f56:  2020               ldb rh0,@rr2
c2f58:  2020               ldb rh0,@rr2
c2f5a:  2020               ldb rh0,@rr2
c2f5c:  00000000           addb rh0,#0x00
c2f60:  00000000           addb rh0,#0x00
c2f64:  00000000           addb rh0,#0x00
c2f68:  00000000           addb rh0,#0x00
c2f6c:  2020               ldb rh0,@rr2
c2f6e:  2020               ldb rh0,@rr2
c2f70:  2020               ldb rh0,@rr2
c2f72:  2020               ldb rh0,@rr2
c2f74:  2020               ldb rh0,@rr2
c2f76:  2020               ldb rh0,@rr2
c2f78:  2020               ldb rh0,@rr2
c2f7a:  2020               ldb rh0,@rr2
c2f7c:  00000000           addb rh0,#0x00
c2f80:  00000000           addb rh0,#0x00
c2f84:  00000000           addb rh0,#0x00
c2f88:  00000000           addb rh0,#0x00
c2f8c:  2020               ldb rh0,@rr2
c2f8e:  2020               ldb rh0,@rr2
c2f90:  2020               ldb rh0,@rr2
c2f92:  2020               ldb rh0,@rr2
c2f94:  2020               ldb rh0,@rr2
c2f96:  2020               ldb rh0,@rr2
c2f98:  2020               ldb rh0,@rr2
c2f9a:  2020               ldb rh0,@rr2
c2f9c:  00000000           addb rh0,#0x00
c2fa0:  00000000           addb rh0,#0x00
c2fa4:  00000000           addb rh0,#0x00
c2fa8:  00000000           addb rh0,#0x00
c2fac:  2020               ldb rh0,@rr2
c2fae:  2020               ldb rh0,@rr2
c2fb0:  2020               ldb rh0,@rr2
c2fb2:  2020               ldb rh0,@rr2
c2fb4:  2020               ldb rh0,@rr2
c2fb6:  2020               ldb rh0,@rr2
c2fb8:  2020               ldb rh0,@rr2
c2fba:  2020               ldb rh0,@rr2
c2fbc:  00000000           addb rh0,#0x00
c2fc0:  00000000           addb rh0,#0x00
c2fc4:  00000000           addb rh0,#0x00
c2fc8:  00000000           addb rh0,#0x00
c2fcc:  2020               ldb rh0,@rr2
c2fce:  2020               ldb rh0,@rr2
c2fd0:  2020               ldb rh0,@rr2
c2fd2:  2020               ldb rh0,@rr2
c2fd4:  2020               ldb rh0,@rr2
c2fd6:  2020               ldb rh0,@rr2
c2fd8:  2020               ldb rh0,@rr2
c2fda:  2020               ldb rh0,@rr2
c2fdc:  00000000           addb rh0,#0x00
c2fe0:  00000000           addb rh0,#0x00
c2fe4:  00000000           addb rh0,#0x00
c2fe8:  00000000           addb rh0,#0x00
c2fec:  2020               ldb rh0,@rr2
c2fee:  2020               ldb rh0,@rr2
c2ff0:  2020               ldb rh0,@rr2
c2ff2:  2020               ldb rh0,@rr2
c2ff4:  2020               ldb rh0,@rr2
c2ff6:  2020               ldb rh0,@rr2
c2ff8:  2020               ldb rh0,@rr2
c2ffa:  2020               ldb rh0,@rr2
c2ffc:  00000000           addb rh0,#0x00
c3000:  00000000           addb rh0,#0x00
c3004:  00000000           addb rh0,#0x00
c3008:  00000000           addb rh0,#0x00
c300c:  2020               ldb rh0,@rr2
c300e:  2020               ldb rh0,@rr2
c3010:  2020               ldb rh0,@rr2
c3012:  2020               ldb rh0,@rr2
c3014:  2020               ldb rh0,@rr2
c3016:  2020               ldb rh0,@rr2
c3018:  2020               ldb rh0,@rr2
c301a:  2020               ldb rh0,@rr2
c301c:  00000000           addb rh0,#0x00
c3020:  00000000           addb rh0,#0x00
c3024:  00000000           addb rh0,#0x00
c3028:  00000000           addb rh0,#0x00
c302c:  2020               ldb rh0,@rr2
c302e:  2020               ldb rh0,@rr2
c3030:  2020               ldb rh0,@rr2
c3032:  2020               ldb rh0,@rr2
c3034:  564f4c31           addl rr15,<<76>>0x0031(r4)
c3038:  2020               ldb rh0,@rr2
c303a:  2020               ldb rh0,@rr2
c303c:  2020               ldb rh0,@rr2
c303e:  2020               ldb rh0,@rr2
c3040:  2020               ldb rh0,@rr2
c3042:  2020               ldb rh0,@rr2
c3044:  2020               ldb rh0,@rr2
c3046:  2020               ldb rh0,@rr2
c3048:  2020               ldb rh0,@rr2
c304a:  2020               ldb rh0,@rr2
c304c:  2020               ldb rh0,@rr2
c304e:  2020               ldb rh0,@rr2
c3050:  2020               ldb rh0,@rr2
c3052:  2020               ldb rh0,@rr2
c3054:  2020               ldb rh0,@rr2
c3056:  2020               ldb rh0,@rr2
c3058:  2020               ldb rh0,@rr2
c305a:  2020               ldb rh0,@rr2
c305c:  2020               ldb rh0,@rr2
c305e:  2020               ldb rh0,@rr2
c3060:  2020               ldb rh0,@rr2
c3062:  2020               ldb rh0,@rr2
c3064:  2020               ldb rh0,@rr2
c3066:  2020               ldb rh0,@rr2
c3068:  2020               ldb rh0,@rr2
c306a:  2020               ldb rh0,@rr2
c306c:  2020               ldb rh0,@rr2
c306e:  2020               ldb rh0,@rr2
c3070:  2020               ldb rh0,@rr2
c3072:  2020               ldb rh0,@rr2
c3074:  2020               ldb rh0,@rr2
c3076:  2020               ldb rh0,@rr2
c3078:  2020               ldb rh0,@rr2
c307a:  2038               ldb rl0,@rr3
c307c:  2020               ldb rh0,@rr2
c307e:  2038               ldb rl0,@rr3
c3080:  2020               ldb rh0,@rr2
c3082:  2057               ldb rh7,@rr5
c3084:  56313030           addl rr1,<<48>>0x0030(r3)
c3088:  37303332           ldl rr3(#0x3332),rr0
c308c:  32353630           ldb rr3(#0x3630),rh5
c3090:  03fd               sub r13,@rr15
c3092:  03fe               sub r14,@rr15
c3094:  001c               addb rl4,@rr1
c3096:  03fd               sub r13,@rr15
c3098:  00000000           addb rh0,#0x00
c309c:  00e0               addb rh0,@rr14
c309e:  03fe               sub r14,@rr15
c30a0:  00000000           addb rh0,#0x00
c30a4:  00e0               addb rh0,@rr14
c30a6:  ffff               djnz r15,0x2faa
c30a8:  ffff               djnz r15,0x2fac
c30aa:  ffff               djnz r15,0x2fae
c30ac:  ffff               djnz r15,0x2fb0
c30ae:  ffff               djnz r15,0x2fb2
c30b0:  ffff               djnz r15,0x2fb4
c30b2:  ffff               djnz r15,0x2fb6
c30b4:  ffff               djnz r15,0x2fb8
c30b6:  04000000           orb rh0,#0x00
c30ba:  ffff               djnz r15,0x2fbe
c30bc:  0000ffff           addb rh0,#0xff
c30c0:  0000ffff           addb rh0,#0xff
c30c4:  0000ffff           addb rh0,#0xff
c30c8:  ffff               djnz r15,0x2fcc
c30ca:  ffff               djnz r15,0x2fce
c30cc:  ffff               djnz r15,0x2fd0
c30ce:  ffff               djnz r15,0x2fd2
c30d0:  ffff               djnz r15,0x2fd4
c30d2:  ffff               djnz r15,0x2fd6
c30d4:  ffff               djnz r15,0x2fd8
c30d6:  ffff               djnz r15,0x2fda
c30d8:  ffff               djnz r15,0x2fdc
c30da:  ffff               djnz r15,0x2fde
c30dc:  ffff               djnz r15,0x2fe0
c30de:  ffff               djnz r15,0x2fe2
c30e0:  ffff               djnz r15,0x2fe4
c30e2:  ffff               djnz r15,0x2fe6
c30e4:  ffff               djnz r15,0x2fe8
c30e6:  ffff               djnz r15,0x2fea
c30e8:  ffff               djnz r15,0x2fec
c30ea:  ffff               djnz r15,0x2fee
c30ec:  ffff               djnz r15,0x2ff0
c30ee:  ffff               djnz r15,0x2ff2
c30f0:  ffff               djnz r15,0x2ff4
c30f2:  ffff               djnz r15,0x2ff6
c30f4:  ffff               djnz r15,0x2ff8
c30f6:  ffff               djnz r15,0x2ffa
c30f8:  ffff               djnz r15,0x2ffc
c30fa:  ffff               djnz r15,0x2ffe
c30fc:  2020               ldb rh0,@rr2
c30fe:  2020               ldb rh0,@rr2
c3100:  2020               ldb rh0,@rr2
c3102:  2020               ldb rh0,@rr2
c3104:  2020               ldb rh0,@rr2
c3106:  2020               ldb rh0,@rr2
c3108:  2020               ldb rh0,@rr2
c310a:  2020               ldb rh0,@rr2
c310c:  2020               ldb rh0,@rr2
c310e:  2020               ldb rh0,@rr2
c3110:  2020               ldb rh0,@rr2
c3112:  2020               ldb rh0,@rr2
c3114:  2020               ldb rh0,@rr2
c3116:  2020               ldb rh0,@rr2
c3118:  2020               ldb rh0,@rr2
c311a:  2020               ldb rh0,@rr2
c311c:  2020               ldb rh0,@rr2
c311e:  2020               ldb rh0,@rr2
c3120:  2020               ldb rh0,@rr2
c3122:  2020               ldb rh0,@rr2
c3124:  2020               ldb rh0,@rr2
c3126:  2020               ldb rh0,@rr2
c3128:  2020               ldb rh0,@rr2
c312a:  2020               ldb rh0,@rr2
c312c:  2020               ldb rh0,@rr2
c312e:  2020               ldb rh0,@rr2
c3130:  2020               ldb rh0,@rr2
c3132:  2020               ldb rh0,@rr2
c3134:  53534944           push @rr5,<<73>>0x0044(r3)
c3138:  2020               ldb rh0,@rr2
c313a:  2020               ldb rh0,@rr2
c313c:  00000000           addb rh0,#0x00
c3140:  00000000           addb rh0,#0x00
c3144:  00000000           addb rh0,#0x00
c3148:  00000000           addb rh0,#0x00
c314c:  00000000           addb rh0,#0x00
c3150:  00000000           addb rh0,#0x00
c3154:  00000000           addb rh0,#0x00
c3158:  00000000           addb rh0,#0x00
c315c:  00000000           addb rh0,#0x00
c3160:  00000000           addb rh0,#0x00
c3164:  00000000           addb rh0,#0x00
c3168:  00000000           addb rh0,#0x00
c316c:  2020               ldb rh0,@rr2
c316e:  2020               ldb rh0,@rr2
c3170:  2020               ldb rh0,@rr2
c3172:  2020               ldb rh0,@rr2
c3174:  2020               ldb rh0,@rr2
c3176:  2020               ldb rh0,@rr2
c3178:  2020               ldb rh0,@rr2
c317a:  2020               ldb rh0,@rr2
c317c:  00000000           addb rh0,#0x00
c3180:  00000000           addb rh0,#0x00
c3184:  00000000           addb rh0,#0x00
c3188:  00000000           addb rh0,#0x00
c318c:  00000000           addb rh0,#0x00
c3190:  00000000           addb rh0,#0x00
c3194:  2020               ldb rh0,@rr2
c3196:  2020               ldb rh0,@rr2
c3198:  2020               ldb rh0,@rr2
c319a:  2020               ldb rh0,@rr2
c319c:  00000000           addb rh0,#0x00
c31a0:  00000000           addb rh0,#0x00
c31a4:  00000000           addb rh0,#0x00
c31a8:  00000000           addb rh0,#0x00
c31ac:  00000000           addb rh0,#0x00
c31b0:  00000000           addb rh0,#0x00
c31b4:  2020               ldb rh0,@rr2
c31b6:  2020               ldb rh0,@rr2
c31b8:  2020               ldb rh0,@rr2
c31ba:  2020               ldb rh0,@rr2
c31bc:  00000000           addb rh0,#0x00
c31c0:  00000000           addb rh0,#0x00
c31c4:  00000000           addb rh0,#0x00
c31c8:  00000000           addb rh0,#0x00
c31cc:  00000000           addb rh0,#0x00
c31d0:  00000000           addb rh0,#0x00
c31d4:  2020               ldb rh0,@rr2
c31d6:  2020               ldb rh0,@rr2
c31d8:  2020               ldb rh0,@rr2
c31da:  2020               ldb rh0,@rr2
c31dc:  00000000           addb rh0,#0x00
c31e0:  00000000           addb rh0,#0x00
c31e4:  00000000           addb rh0,#0x00
c31e8:  00000000           addb rh0,#0x00
c31ec:  00000000           addb rh0,#0x00
c31f0:  00000000           addb rh0,#0x00
c31f4:  2020               ldb rh0,@rr2
c31f6:  2020               ldb rh0,@rr2
c31f8:  2020               ldb rh0,@rr2
c31fa:  2020               ldb rh0,@rr2
c31fc:  00000000           addb rh0,#0x00
c3200:  00000000           addb rh0,#0x00
c3204:  00000000           addb rh0,#0x00
c3208:  00000000           addb rh0,#0x00
c320c:  00000000           addb rh0,#0x00
c3210:  00000000           addb rh0,#0x00
c3214:  2020               ldb rh0,@rr2
c3216:  2020               ldb rh0,@rr2
c3218:  2020               ldb rh0,@rr2
c321a:  2020               ldb rh0,@rr2
c321c:  00000000           addb rh0,#0x00
c3220:  00000000           addb rh0,#0x00
c3224:  00000000           addb rh0,#0x00
c3228:  00000000           addb rh0,#0x00
c322c:  00000000           addb rh0,#0x00
c3230:  00000000           addb rh0,#0x00
c3234:  2020               ldb rh0,@rr2
c3236:  2020               ldb rh0,@rr2
c3238:  2020               ldb rh0,@rr2
c323a:  2020               ldb rh0,@rr2
c323c:  00000000           addb rh0,#0x00
c3240:  00000000           addb rh0,#0x00
c3244:  00000000           addb rh0,#0x00
c3248:  00000000           addb rh0,#0x00
c324c:  2020               ldb rh0,@rr2
c324e:  2020               ldb rh0,@rr2
c3250:  2020               ldb rh0,@rr2
c3252:  2020               ldb rh0,@rr2
c3254:  2020               ldb rh0,@rr2
c3256:  2020               ldb rh0,@rr2
c3258:  2020               ldb rh0,@rr2
c325a:  2020               ldb rh0,@rr2
c325c:  00000000           addb rh0,#0x00
c3260:  00000000           addb rh0,#0x00
c3264:  00000000           addb rh0,#0x00
c3268:  00000000           addb rh0,#0x00
c326c:  2020               ldb rh0,@rr2
c326e:  2020               ldb rh0,@rr2
c3270:  2020               ldb rh0,@rr2
c3272:  2020               ldb rh0,@rr2
c3274:  2020               ldb rh0,@rr2
c3276:  2020               ldb rh0,@rr2
c3278:  2020               ldb rh0,@rr2
c327a:  2020               ldb rh0,@rr2
c327c:  00000000           addb rh0,#0x00
c3280:  00000000           addb rh0,#0x00
c3284:  00000000           addb rh0,#0x00
c3288:  00000000           addb rh0,#0x00
c328c:  2020               ldb rh0,@rr2
c328e:  2020               ldb rh0,@rr2
c3290:  2020               ldb rh0,@rr2
c3292:  2020               ldb rh0,@rr2
c3294:  2020               ldb rh0,@rr2
c3296:  2020               ldb rh0,@rr2
c3298:  2020               ldb rh0,@rr2
c329a:  2020               ldb rh0,@rr2
c329c:  00000000           addb rh0,#0x00
c32a0:  00000000           addb rh0,#0x00
c32a4:  00000000           addb rh0,#0x00
c32a8:  00000000           addb rh0,#0x00
c32ac:  2020               ldb rh0,@rr2
c32ae:  2020               ldb rh0,@rr2
c32b0:  2020               ldb rh0,@rr2
c32b2:  2020               ldb rh0,@rr2
c32b4:  2020               ldb rh0,@rr2
c32b6:  2020               ldb rh0,@rr2
c32b8:  2020               ldb rh0,@rr2
c32ba:  2020               ldb rh0,@rr2
c32bc:  00000000           addb rh0,#0x00
c32c0:  00000000           addb rh0,#0x00
c32c4:  00000000           addb rh0,#0x00
c32c8:  00000000           addb rh0,#0x00
c32cc:  2020               ldb rh0,@rr2
c32ce:  2020               ldb rh0,@rr2
c32d0:  2020               ldb rh0,@rr2
c32d2:  2020               ldb rh0,@rr2
c32d4:  2020               ldb rh0,@rr2
c32d6:  2020               ldb rh0,@rr2
c32d8:  2020               ldb rh0,@rr2
c32da:  2020               ldb rh0,@rr2
c32dc:  00000000           addb rh0,#0x00
c32e0:  00000000           addb rh0,#0x00
c32e4:  00000000           addb rh0,#0x00
c32e8:  00000000           addb rh0,#0x00
c32ec:  2020               ldb rh0,@rr2
c32ee:  2020               ldb rh0,@rr2
c32f0:  2020               ldb rh0,@rr2
c32f2:  2020               ldb rh0,@rr2
c32f4:  2020               ldb rh0,@rr2
c32f6:  2020               ldb rh0,@rr2
c32f8:  2020               ldb rh0,@rr2
c32fa:  2020               ldb rh0,@rr2
c32fc:  00000000           addb rh0,#0x00
c3300:  00000000           addb rh0,#0x00
c3304:  00000000           addb rh0,#0x00
c3308:  00000000           addb rh0,#0x00
c330c:  2020               ldb rh0,@rr2
c330e:  2020               ldb rh0,@rr2
c3310:  2020               ldb rh0,@rr2
c3312:  2020               ldb rh0,@rr2
c3314:  2020               ldb rh0,@rr2
c3316:  2020               ldb rh0,@rr2
c3318:  2020               ldb rh0,@rr2
c331a:  2020               ldb rh0,@rr2
c331c:  00000000           addb rh0,#0x00
c3320:  00000000           addb rh0,#0x00
c3324:  00000000           addb rh0,#0x00
c3328:  00000000           addb rh0,#0x00
c332c:  2020               ldb rh0,@rr2
c332e:  2020               ldb rh0,@rr2
c3330:  2020               ldb rh0,@rr2
c3332:  2020               ldb rh0,@rr2
c3334:  00000000           addb rh0,#0x00
c3338:  00000000           addb rh0,#0x00
c333c:  00000000           addb rh0,#0x00
c3340:  00000000           addb rh0,#0x00
c3344:  00000000           addb rh0,#0x00
c3348:  00000000           addb rh0,#0x00
c334c:  00000000           addb rh0,#0x00
c3350:  00000000           addb rh0,#0x00
c3354:  00000000           addb rh0,#0x00
c3358:  00000000           addb rh0,#0x00
c335c:  00000000           addb rh0,#0x00
c3360:  00000000           addb rh0,#0x00
c3364:  00000000           addb rh0,#0x00
c3368:  00000000           addb rh0,#0x00
c336c:  00000000           addb rh0,#0x00
c3370:  00000000           addb rh0,#0x00
c3374:  00000000           addb rh0,#0x00
c3378:  00000000           addb rh0,#0x00
c337c:  00000000           addb rh0,#0x00
c3380:  00000000           addb rh0,#0x00
c3384:  00000000           addb rh0,#0x00
c3388:  00000000           addb rh0,#0x00
c338c:  00000000           addb rh0,#0x00
c3390:  00000000           addb rh0,#0x00
c3394:  00000000           addb rh0,#0x00
c3398:  00000000           addb rh0,#0x00
c339c:  00000000           addb rh0,#0x00
c33a0:  00000000           addb rh0,#0x00
c33a4:  00000000           addb rh0,#0x00
c33a8:  00000000           addb rh0,#0x00
c33ac:  00000000           addb rh0,#0x00
c33b0:  00000000           addb rh0,#0x00
c33b4:  00000000           addb rh0,#0x00
c33b8:  00000000           addb rh0,#0x00
c33bc:  00000000           addb rh0,#0x00
c33c0:  00000000           addb rh0,#0x00
c33c4:  00000000           addb rh0,#0x00
c33c8:  00000000           addb rh0,#0x00
c33cc:  00000000           addb rh0,#0x00
c33d0:  00000000           addb rh0,#0x00
c33d4:  00000000           addb rh0,#0x00
c33d8:  00000000           addb rh0,#0x00
c33dc:  00000000           addb rh0,#0x00
c33e0:  00000000           addb rh0,#0x00
c33e4:  00000000           addb rh0,#0x00
c33e8:  00000000           addb rh0,#0x00
c33ec:  00000000           addb rh0,#0x00
c33f0:  00000000           addb rh0,#0x00
c33f4:  00000000           addb rh0,#0x00
c33f8:  00000000           addb rh0,#0x00
c33fc:  00000000           addb rh0,#0x00
c3400:  00000000           addb rh0,#0x00
c3404:  00000000           addb rh0,#0x00
c3408:  00000000           addb rh0,#0x00
c340c:  00000000           addb rh0,#0x00
c3410:  00000000           addb rh0,#0x00
c3414:  00000000           addb rh0,#0x00
c3418:  00000000           addb rh0,#0x00
c341c:  00000000           addb rh0,#0x00
c3420:  00000000           addb rh0,#0x00
c3424:  00000000           addb rh0,#0x00
c3428:  00000000           addb rh0,#0x00
c342c:  00000000           addb rh0,#0x00
c3430:  00000000           addb rh0,#0x00
c3434:  00000000           addb rh0,#0x00
c3438:  00000000           addb rh0,#0x00
c343c:  00000000           addb rh0,#0x00
c3440:  00000000           addb rh0,#0x00
c3444:  00000000           addb rh0,#0x00
c3448:  00000000           addb rh0,#0x00
c344c:  00000000           addb rh0,#0x00
c3450:  00000000           addb rh0,#0x00
c3454:  00000000           addb rh0,#0x00
c3458:  00000000           addb rh0,#0x00
c345c:  00000000           addb rh0,#0x00
c3460:  00000000           addb rh0,#0x00
c3464:  00000000           addb rh0,#0x00
c3468:  00000000           addb rh0,#0x00
c346c:  00000000           addb rh0,#0x00
c3470:  00000000           addb rh0,#0x00
c3474:  00000000           addb rh0,#0x00
c3478:  00000000           addb rh0,#0x00
c347c:  00000000           addb rh0,#0x00
c3480:  00000000           addb rh0,#0x00
c3484:  00000000           addb rh0,#0x00
c3488:  00000000           addb rh0,#0x00
c348c:  00000000           addb rh0,#0x00
c3490:  00000000           addb rh0,#0x00
c3494:  00000000           addb rh0,#0x00
c3498:  00000000           addb rh0,#0x00
c349c:  00000000           addb rh0,#0x00
c34a0:  00000000           addb rh0,#0x00
c34a4:  00000000           addb rh0,#0x00
c34a8:  00000000           addb rh0,#0x00
c34ac:  00000000           addb rh0,#0x00
c34b0:  00000000           addb rh0,#0x00
c34b4:  00000000           addb rh0,#0x00
c34b8:  00000000           addb rh0,#0x00
c34bc:  00000000           addb rh0,#0x00
c34c0:  00000000           addb rh0,#0x00
c34c4:  00000000           addb rh0,#0x00
c34c8:  00000000           addb rh0,#0x00
c34cc:  00000000           addb rh0,#0x00
c34d0:  00000000           addb rh0,#0x00
c34d4:  00000000           addb rh0,#0x00
c34d8:  00000000           addb rh0,#0x00
c34dc:  00000000           addb rh0,#0x00
c34e0:  00000000           addb rh0,#0x00
c34e4:  00000000           addb rh0,#0x00
c34e8:  00000000           addb rh0,#0x00
c34ec:  00000000           addb rh0,#0x00
c34f0:  00000000           addb rh0,#0x00
c34f4:  00000000           addb rh0,#0x00
c34f8:  00000000           addb rh0,#0x00
c34fc:  00000000           addb rh0,#0x00
c3500:  00000000           addb rh0,#0x00
c3504:  00000000           addb rh0,#0x00
c3508:  00000000           addb rh0,#0x00
c350c:  00000000           addb rh0,#0x00
c3510:  00000000           addb rh0,#0x00
c3514:  00000000           addb rh0,#0x00
c3518:  00000000           addb rh0,#0x00
c351c:  00000000           addb rh0,#0x00
c3520:  00000000           addb rh0,#0x00
c3524:  00000000           addb rh0,#0x00
c3528:  00000000           addb rh0,#0x00
c352c:  00000000           addb rh0,#0x00
c3530:  00000000           addb rh0,#0x00
c3534:  554e4954           popl <<73>>0x0054(r14),@rr4
c3538:  44455343           orb rh5,<<83>>0x0043(r4)
c353c:  4d49               .word #0x4d49
c353e:  43523133           sub r2,<<49>>0x0033(r5)
c3542:  32350000           ldb rr3(#0x0000),rh5
c3546:  03ee               sub r14,@rr14
c3548:  00070000           addb rh7,#0x00
c354c:  001f               addb rl7,@rr1
c354e:  0100013c           add r0,#0x013c
c3552:  00000000           addb rh0,#0x00
c3556:  03ef               sub r15,@rr14
c3558:  03fa               sub r10,@rr15
c355a:  03fc               sub r12,@rr15
c355c:  0011               addb rh1,@rr1
c355e:  0016               addb rh6,@rr1
c3560:  03fb               sub r11,@rr15
c3562:  03ff               sub r15,@rr15
c3564:  03ff               sub r15,@rr15
c3566:  000103ff           addb rh1,#0xff
c356a:  00000000           addb rh0,#0x00
c356e:  03ff               sub r15,@rr15
c3570:  00000003           addb rh0,#0x03
c3574:  0003000f           addb rh3,#0x0f
c3578:  0056               addb rh6,@rr5
c357a:  00040008           addb rh4,#0x08
c357e:  ffff               djnz r15,0x3482
c3580:  ffff               djnz r15,0x3484
c3582:  00001f40           addb rh0,#0x40
c3586:  00001770           addb rh0,#0x70
c358a:  ffff               djnz r15,0x348e
c358c:  ffff               djnz r15,0x3490
c358e:  00017318           addb rh1,#0x18
c3592:  0000f230           addb rh0,#0x30
c3596:  ffff               djnz r15,0x349a
c3598:  ffff               djnz r15,0x349c
c359a:  000088b8           addb rh0,#0xb8
c359e:  00007918           addb rh0,#0x18
c35a2:  ffff               djnz r15,0x34a6
c35a4:  ffff               djnz r15,0x34a8
c35a6:  ffff               djnz r15,0x34aa
c35a8:  ffff               djnz r15,0x34ac
c35aa:  ffff               djnz r15,0x34ae
c35ac:  ffff               djnz r15,0x34b0
c35ae:  ffff               djnz r15,0x34b2
c35b0:  00004112           addb rh0,#0x12
c35b4:  00004122           addb rh0,#0x22
c35b8:  0000411a           addb rh0,#0x1a
c35bc:  00002020           addb rh0,#0x20
c35c0:  2020               ldb rh0,@rr2
c35c2:  2020               ldb rh0,@rr2
c35c4:  2020               ldb rh0,@rr2
c35c6:  2020               ldb rh0,@rr2
c35c8:  2020               ldb rh0,@rr2
c35ca:  2020               ldb rh0,@rr2
c35cc:  2020               ldb rh0,@rr2
c35ce:  2020               ldb rh0,@rr2
c35d0:  2020               ldb rh0,@rr2
c35d2:  2020               ldb rh0,@rr2
c35d4:  2020               ldb rh0,@rr2
c35d6:  2020               ldb rh0,@rr2
c35d8:  2020               ldb rh0,@rr2
c35da:  2020               ldb rh0,@rr2
c35dc:  2020               ldb rh0,@rr2
c35de:  2020               ldb rh0,@rr2
c35e0:  2020               ldb rh0,@rr2
c35e2:  2020               ldb rh0,@rr2
c35e4:  2020               ldb rh0,@rr2
c35e6:  2020               ldb rh0,@rr2
c35e8:  2020               ldb rh0,@rr2
c35ea:  2020               ldb rh0,@rr2
c35ec:  2020               ldb rh0,@rr2
c35ee:  2020               ldb rh0,@rr2
c35f0:  2020               ldb rh0,@rr2
c35f2:  2020               ldb rh0,@rr2
c35f4:  2020               ldb rh0,@rr2
c35f6:  2020               ldb rh0,@rr2
c35f8:  2020               ldb rh0,@rr2
c35fa:  2020               ldb rh0,@rr2
c35fc:  2020               ldb rh0,@rr2
c35fe:  2020               ldb rh0,@rr2
c3600:  2020               ldb rh0,@rr2
c3602:  2020               ldb rh0,@rr2
c3604:  2020               ldb rh0,@rr2
c3606:  2020               ldb rh0,@rr2
c3608:  2020               ldb rh0,@rr2
c360a:  2020               ldb rh0,@rr2
c360c:  2020               ldb rh0,@rr2
c360e:  2020               ldb rh0,@rr2
c3610:  2020               ldb rh0,@rr2
c3612:  2020               ldb rh0,@rr2
c3614:  2020               ldb rh0,@rr2
c3616:  2020               ldb rh0,@rr2
c3618:  2020               ldb rh0,@rr2
c361a:  2020               ldb rh0,@rr2
c361c:  2020               ldb rh0,@rr2
c361e:  2020               ldb rh0,@rr2
c3620:  2020               ldb rh0,@rr2
c3622:  2020               ldb rh0,@rr2
c3624:  2020               ldb rh0,@rr2
c3626:  2020               ldb rh0,@rr2
c3628:  2020               ldb rh0,@rr2
c362a:  2020               ldb rh0,@rr2
c362c:  2020               ldb rh0,@rr2
c362e:  2020               ldb rh0,@rr2
c3630:  2020               ldb rh0,@rr2
c3632:  2020               ldb rh0,@rr2
c3634:  00000000           addb rh0,#0x00
c3638:  00000000           addb rh0,#0x00
c363c:  00000000           addb rh0,#0x00
c3640:  00000000           addb rh0,#0x00
c3644:  00000000           addb rh0,#0x00
c3648:  00000000           addb rh0,#0x00
c364c:  00000000           addb rh0,#0x00
c3650:  00000000           addb rh0,#0x00
c3654:  00000000           addb rh0,#0x00
c3658:  00000000           addb rh0,#0x00
c365c:  00000000           addb rh0,#0x00
c3660:  00000000           addb rh0,#0x00
c3664:  00000000           addb rh0,#0x00
c3668:  00000000           addb rh0,#0x00
c366c:  00000000           addb rh0,#0x00
c3670:  00000000           addb rh0,#0x00
c3674:  00000000           addb rh0,#0x00
c3678:  00000000           addb rh0,#0x00
c367c:  00000000           addb rh0,#0x00
c3680:  00000000           addb rh0,#0x00
c3684:  00000000           addb rh0,#0x00
c3688:  00000000           addb rh0,#0x00
c368c:  00000000           addb rh0,#0x00
c3690:  00000000           addb rh0,#0x00
c3694:  00000000           addb rh0,#0x00
c3698:  00000000           addb rh0,#0x00
c369c:  00000000           addb rh0,#0x00
c36a0:  00000000           addb rh0,#0x00
c36a4:  00000000           addb rh0,#0x00
c36a8:  00000000           addb rh0,#0x00
c36ac:  00000000           addb rh0,#0x00
c36b0:  00000000           addb rh0,#0x00
c36b4:  00000000           addb rh0,#0x00
c36b8:  00000000           addb rh0,#0x00
c36bc:  00000000           addb rh0,#0x00
c36c0:  00000000           addb rh0,#0x00
c36c4:  00000000           addb rh0,#0x00
c36c8:  00000000           addb rh0,#0x00
c36cc:  00000000           addb rh0,#0x00
c36d0:  00000000           addb rh0,#0x00
c36d4:  00000000           addb rh0,#0x00
c36d8:  00000000           addb rh0,#0x00
c36dc:  00000000           addb rh0,#0x00
c36e0:  00000000           addb rh0,#0x00
c36e4:  00000000           addb rh0,#0x00
c36e8:  00000000           addb rh0,#0x00
c36ec:  00000000           addb rh0,#0x00
c36f0:  00000000           addb rh0,#0x00
c36f4:  00000000           addb rh0,#0x00
c36f8:  00000000           addb rh0,#0x00
c36fc:  00000000           addb rh0,#0x00
c3700:  00000000           addb rh0,#0x00
c3704:  00000000           addb rh0,#0x00
c3708:  00000000           addb rh0,#0x00
c370c:  00000000           addb rh0,#0x00
c3710:  00000000           addb rh0,#0x00
c3714:  00000000           addb rh0,#0x00
c3718:  00000000           addb rh0,#0x00
c371c:  00000000           addb rh0,#0x00
c3720:  00000000           addb rh0,#0x00
c3724:  00000000           addb rh0,#0x00
c3728:  00000000           addb rh0,#0x00
c372c:  00000000           addb rh0,#0x00
c3730:  00000000           addb rh0,#0x00
c3734:  00000000           addb rh0,#0x00
c3738:  00000000           addb rh0,#0x00
c373c:  00000000           addb rh0,#0x00
c3740:  00000000           addb rh0,#0x00
c3744:  00000000           addb rh0,#0x00
c3748:  00000000           addb rh0,#0x00
c374c:  00000000           addb rh0,#0x00
c3750:  00000000           addb rh0,#0x00
c3754:  00000000           addb rh0,#0x00
c3758:  00000000           addb rh0,#0x00
c375c:  00000000           addb rh0,#0x00
c3760:  00000000           addb rh0,#0x00
c3764:  00000000           addb rh0,#0x00
c3768:  00000000           addb rh0,#0x00
c376c:  00000000           addb rh0,#0x00
c3770:  00000000           addb rh0,#0x00
c3774:  00000000           addb rh0,#0x00
c3778:  00000000           addb rh0,#0x00
c377c:  00000000           addb rh0,#0x00
c3780:  00000000           addb rh0,#0x00
c3784:  00000000           addb rh0,#0x00
c3788:  00000000           addb rh0,#0x00
c378c:  00000000           addb rh0,#0x00
c3790:  00000000           addb rh0,#0x00
c3794:  00000000           addb rh0,#0x00
c3798:  00000000           addb rh0,#0x00
c379c:  00000000           addb rh0,#0x00
c37a0:  00000000           addb rh0,#0x00
c37a4:  00000000           addb rh0,#0x00
c37a8:  00000000           addb rh0,#0x00
c37ac:  00000000           addb rh0,#0x00
c37b0:  00000000           addb rh0,#0x00
c37b4:  00000000           addb rh0,#0x00
c37b8:  00000000           addb rh0,#0x00
c37bc:  00000000           addb rh0,#0x00
c37c0:  00000000           addb rh0,#0x00
c37c4:  00000000           addb rh0,#0x00
c37c8:  00000000           addb rh0,#0x00
c37cc:  00000000           addb rh0,#0x00
c37d0:  00000000           addb rh0,#0x00
c37d4:  00000000           addb rh0,#0x00
c37d8:  00000000           addb rh0,#0x00
c37dc:  00000000           addb rh0,#0x00
c37e0:  00000000           addb rh0,#0x00
c37e4:  00000000           addb rh0,#0x00
c37e8:  00000000           addb rh0,#0x00
c37ec:  00000000           addb rh0,#0x00
c37f0:  00000000           addb rh0,#0x00
c37f4:  00000000           addb rh0,#0x00
c37f8:  00000000           addb rh0,#0x00
c37fc:  00000000           addb rh0,#0x00
c3800:  00000000           addb rh0,#0x00
c3804:  00000000           addb rh0,#0x00
c3808:  00000000           addb rh0,#0x00
c380c:  00000000           addb rh0,#0x00
c3810:  00000000           addb rh0,#0x00
c3814:  00000000           addb rh0,#0x00
c3818:  00000000           addb rh0,#0x00
c381c:  00000000           addb rh0,#0x00
c3820:  00000000           addb rh0,#0x00
c3824:  00000000           addb rh0,#0x00
c3828:  00000000           addb rh0,#0x00
c382c:  00000000           addb rh0,#0x00
c3830:  00000000           addb rh0,#0x00
c3834:  00000000           addb rh0,#0x00
c3838:  00000000           addb rh0,#0x00
c383c:  00000000           addb rh0,#0x00
c3840:  00000000           addb rh0,#0x00
c3844:  00000000           addb rh0,#0x00
c3848:  00000000           addb rh0,#0x00
c384c:  00000000           addb rh0,#0x00
c3850:  00000000           addb rh0,#0x00
c3854:  00000000           addb rh0,#0x00
c3858:  00000000           addb rh0,#0x00
c385c:  00000000           addb rh0,#0x00
c3860:  00000000           addb rh0,#0x00
c3864:  00000000           addb rh0,#0x00
c3868:  00000000           addb rh0,#0x00
c386c:  00000000           addb rh0,#0x00
c3870:  00000000           addb rh0,#0x00
c3874:  00000000           addb rh0,#0x00
c3878:  00000000           addb rh0,#0x00
c387c:  00000000           addb rh0,#0x00
c3880:  00000000           addb rh0,#0x00
c3884:  00000000           addb rh0,#0x00
c3888:  00000000           addb rh0,#0x00
c388c:  00000000           addb rh0,#0x00
c3890:  00000000           addb rh0,#0x00
c3894:  00000000           addb rh0,#0x00
c3898:  00000000           addb rh0,#0x00
c389c:  00000000           addb rh0,#0x00
c38a0:  00000000           addb rh0,#0x00
c38a4:  00000000           addb rh0,#0x00
c38a8:  00000000           addb rh0,#0x00
c38ac:  00000000           addb rh0,#0x00
c38b0:  00000000           addb rh0,#0x00
c38b4:  00000000           addb rh0,#0x00
c38b8:  00000000           addb rh0,#0x00
c38bc:  00000000           addb rh0,#0x00
c38c0:  00000000           addb rh0,#0x00
c38c4:  00000000           addb rh0,#0x00
c38c8:  00000000           addb rh0,#0x00
c38cc:  00000000           addb rh0,#0x00
c38d0:  00000000           addb rh0,#0x00
c38d4:  00000000           addb rh0,#0x00
c38d8:  00000000           addb rh0,#0x00
c38dc:  00000000           addb rh0,#0x00
c38e0:  00000000           addb rh0,#0x00
c38e4:  00000000           addb rh0,#0x00
c38e8:  00000000           addb rh0,#0x00
c38ec:  00000000           addb rh0,#0x00
c38f0:  00000000           addb rh0,#0x00
c38f4:  00000000           addb rh0,#0x00
c38f8:  00000000           addb rh0,#0x00
c38fc:  00000000           addb rh0,#0x00
c3900:  00000000           addb rh0,#0x00
c3904:  00000000           addb rh0,#0x00
c3908:  00000000           addb rh0,#0x00
c390c:  00000000           addb rh0,#0x00
c3910:  00000000           addb rh0,#0x00
c3914:  00000000           addb rh0,#0x00
c3918:  00000000           addb rh0,#0x00
c391c:  00000000           addb rh0,#0x00
c3920:  00000000           addb rh0,#0x00
c3924:  00000000           addb rh0,#0x00
c3928:  00000000           addb rh0,#0x00
c392c:  00000000           addb rh0,#0x00
c3930:  00000000           addb rh0,#0x00
c3934:  00000000           addb rh0,#0x00
c3938:  00000000           addb rh0,#0x00
c393c:  00000000           addb rh0,#0x00
c3940:  00000000           addb rh0,#0x00
c3944:  00000000           addb rh0,#0x00
c3948:  00000000           addb rh0,#0x00
c394c:  00000000           addb rh0,#0x00
c3950:  00000000           addb rh0,#0x00
c3954:  00000000           addb rh0,#0x00
c3958:  00000000           addb rh0,#0x00
c395c:  00000000           addb rh0,#0x00
c3960:  00000000           addb rh0,#0x00
c3964:  00000000           addb rh0,#0x00
c3968:  00000000           addb rh0,#0x00
c396c:  00000000           addb rh0,#0x00
c3970:  00000000           addb rh0,#0x00
c3974:  00000000           addb rh0,#0x00
c3978:  00000000           addb rh0,#0x00
c397c:  00000000           addb rh0,#0x00
c3980:  00000000           addb rh0,#0x00
c3984:  00000000           addb rh0,#0x00
c3988:  00000000           addb rh0,#0x00
c398c:  00000000           addb rh0,#0x00
c3990:  00000000           addb rh0,#0x00
c3994:  00000000           addb rh0,#0x00
c3998:  00000000           addb rh0,#0x00
c399c:  00000000           addb rh0,#0x00
c39a0:  00000000           addb rh0,#0x00
c39a4:  00000000           addb rh0,#0x00
c39a8:  00000000           addb rh0,#0x00
c39ac:  00000000           addb rh0,#0x00
c39b0:  00000000           addb rh0,#0x00
c39b4:  00000000           addb rh0,#0x00
c39b8:  00000000           addb rh0,#0x00
c39bc:  00000000           addb rh0,#0x00
c39c0:  00000000           addb rh0,#0x00
c39c4:  00000000           addb rh0,#0x00
c39c8:  00000000           addb rh0,#0x00
c39cc:  00000000           addb rh0,#0x00
c39d0:  00000000           addb rh0,#0x00
c39d4:  00000000           addb rh0,#0x00
c39d8:  00000000           addb rh0,#0x00
c39dc:  00000000           addb rh0,#0x00
c39e0:  00000000           addb rh0,#0x00
c39e4:  00000000           addb rh0,#0x00
c39e8:  00000000           addb rh0,#0x00
c39ec:  00000000           addb rh0,#0x00
c39f0:  00000000           addb rh0,#0x00
c39f4:  00000000           addb rh0,#0x00
c39f8:  00000000           addb rh0,#0x00
c39fc:  00000000           addb rh0,#0x00
c3a00:  00000000           addb rh0,#0x00
c3a04:  00000000           addb rh0,#0x00
c3a08:  00000000           addb rh0,#0x00
c3a0c:  00000000           addb rh0,#0x00
c3a10:  00000000           addb rh0,#0x00
c3a14:  00000000           addb rh0,#0x00
c3a18:  00000000           addb rh0,#0x00
c3a1c:  00000000           addb rh0,#0x00
c3a20:  00000000           addb rh0,#0x00
c3a24:  00000000           addb rh0,#0x00
c3a28:  00000000           addb rh0,#0x00
c3a2c:  00000000           addb rh0,#0x00
c3a30:  00000000           addb rh0,#0x00
c3a34:  00000000           addb rh0,#0x00
c3a38:  00000000           addb rh0,#0x00
c3a3c:  00000000           addb rh0,#0x00
c3a40:  00000000           addb rh0,#0x00
c3a44:  00000000           addb rh0,#0x00
c3a48:  00000000           addb rh0,#0x00
c3a4c:  00000000           addb rh0,#0x00
c3a50:  00000000           addb rh0,#0x00
c3a54:  00000000           addb rh0,#0x00
c3a58:  00000000           addb rh0,#0x00
c3a5c:  00000000           addb rh0,#0x00
c3a60:  00000000           addb rh0,#0x00
c3a64:  00000000           addb rh0,#0x00
c3a68:  00000000           addb rh0,#0x00
c3a6c:  00000000           addb rh0,#0x00
c3a70:  00000000           addb rh0,#0x00
c3a74:  00000000           addb rh0,#0x00
c3a78:  00000000           addb rh0,#0x00
c3a7c:  00000000           addb rh0,#0x00
c3a80:  00000000           addb rh0,#0x00
c3a84:  00000000           addb rh0,#0x00
c3a88:  00000000           addb rh0,#0x00
c3a8c:  00000000           addb rh0,#0x00
c3a90:  00000000           addb rh0,#0x00
c3a94:  00000000           addb rh0,#0x00
c3a98:  00000000           addb rh0,#0x00
c3a9c:  00000000           addb rh0,#0x00
c3aa0:  00000000           addb rh0,#0x00
c3aa4:  00000000           addb rh0,#0x00
c3aa8:  00000000           addb rh0,#0x00
c3aac:  00000000           addb rh0,#0x00
c3ab0:  00000000           addb rh0,#0x00
c3ab4:  00000000           addb rh0,#0x00
c3ab8:  00000000           addb rh0,#0x00
c3abc:  00000000           addb rh0,#0x00
c3ac0:  00000000           addb rh0,#0x00
c3ac4:  00000000           addb rh0,#0x00
c3ac8:  00000000           addb rh0,#0x00
c3acc:  00000000           addb rh0,#0x00
c3ad0:  00000000           addb rh0,#0x00
c3ad4:  00000000           addb rh0,#0x00
c3ad8:  00000000           addb rh0,#0x00
c3adc:  00000000           addb rh0,#0x00
c3ae0:  00000000           addb rh0,#0x00
c3ae4:  00000000           addb rh0,#0x00
c3ae8:  00000000           addb rh0,#0x00
c3aec:  00000000           addb rh0,#0x00
c3af0:  00000000           addb rh0,#0x00
c3af4:  00000000           addb rh0,#0x00
c3af8:  00000000           addb rh0,#0x00
c3afc:  00000000           addb rh0,#0x00
c3b00:  00000000           addb rh0,#0x00
c3b04:  00000000           addb rh0,#0x00
c3b08:  00000000           addb rh0,#0x00
c3b0c:  00000000           addb rh0,#0x00
c3b10:  00000000           addb rh0,#0x00
c3b14:  00000000           addb rh0,#0x00
c3b18:  00000000           addb rh0,#0x00
c3b1c:  00000000           addb rh0,#0x00
c3b20:  00000000           addb rh0,#0x00
c3b24:  00000000           addb rh0,#0x00
c3b28:  00000000           addb rh0,#0x00
c3b2c:  00000000           addb rh0,#0x00
c3b30:  00000000           addb rh0,#0x00
c3b34:  00000000           addb rh0,#0x00
c3b38:  00000000           addb rh0,#0x00
c3b3c:  00000000           addb rh0,#0x00
c3b40:  00000000           addb rh0,#0x00
c3b44:  00000000           addb rh0,#0x00
c3b48:  00000000           addb rh0,#0x00
c3b4c:  00000000           addb rh0,#0x00
c3b50:  00000000           addb rh0,#0x00
c3b54:  00000000           addb rh0,#0x00
c3b58:  00000000           addb rh0,#0x00
c3b5c:  00000000           addb rh0,#0x00
c3b60:  00000000           addb rh0,#0x00
c3b64:  00000000           addb rh0,#0x00
c3b68:  00000000           addb rh0,#0x00
c3b6c:  00000000           addb rh0,#0x00
c3b70:  00000000           addb rh0,#0x00
c3b74:  00000000           addb rh0,#0x00
c3b78:  00000000           addb rh0,#0x00
c3b7c:  00000000           addb rh0,#0x00
c3b80:  00000000           addb rh0,#0x00
c3b84:  00000000           addb rh0,#0x00
c3b88:  00000000           addb rh0,#0x00
c3b8c:  00000000           addb rh0,#0x00
c3b90:  00000000           addb rh0,#0x00
c3b94:  00000000           addb rh0,#0x00
c3b98:  00000000           addb rh0,#0x00
c3b9c:  00000000           addb rh0,#0x00
c3ba0:  00000000           addb rh0,#0x00
c3ba4:  00000000           addb rh0,#0x00
c3ba8:  00000000           addb rh0,#0x00
c3bac:  00000000           addb rh0,#0x00
c3bb0:  00000000           addb rh0,#0x00
c3bb4:  00000000           addb rh0,#0x00
c3bb8:  00000000           addb rh0,#0x00
c3bbc:  00000000           addb rh0,#0x00
c3bc0:  00000000           addb rh0,#0x00
c3bc4:  00000000           addb rh0,#0x00
c3bc8:  00000000           addb rh0,#0x00
c3bcc:  00000000           addb rh0,#0x00
c3bd0:  00000000           addb rh0,#0x00
c3bd4:  00000000           addb rh0,#0x00
c3bd8:  00000000           addb rh0,#0x00
c3bdc:  00000000           addb rh0,#0x00
c3be0:  00000000           addb rh0,#0x00
c3be4:  00000000           addb rh0,#0x00
c3be8:  00000000           addb rh0,#0x00
c3bec:  00000000           addb rh0,#0x00
c3bf0:  00000000           addb rh0,#0x00
c3bf4:  00000000           addb rh0,#0x00
c3bf8:  00000000           addb rh0,#0x00
c3bfc:  00000000           addb rh0,#0x00
c3c00:  00000000           addb rh0,#0x00
c3c04:  00000000           addb rh0,#0x00
c3c08:  00000000           addb rh0,#0x00
c3c0c:  00000000           addb rh0,#0x00
c3c10:  00000000           addb rh0,#0x00
c3c14:  00000000           addb rh0,#0x00
c3c18:  00000000           addb rh0,#0x00
c3c1c:  00000000           addb rh0,#0x00
c3c20:  00000000           addb rh0,#0x00
c3c24:  00000000           addb rh0,#0x00
c3c28:  00000000           addb rh0,#0x00
c3c2c:  00000000           addb rh0,#0x00
c3c30:  00000000           addb rh0,#0x00
c3c34:  00000000           addb rh0,#0x00
c3c38:  00000000           addb rh0,#0x00
c3c3c:  00000000           addb rh0,#0x00
c3c40:  00000000           addb rh0,#0x00
c3c44:  00000000           addb rh0,#0x00
c3c48:  00000000           addb rh0,#0x00
c3c4c:  00000000           addb rh0,#0x00
c3c50:  00000000           addb rh0,#0x00
c3c54:  00000000           addb rh0,#0x00
c3c58:  00000000           addb rh0,#0x00
c3c5c:  00000000           addb rh0,#0x00
c3c60:  00000000           addb rh0,#0x00
c3c64:  00000000           addb rh0,#0x00
c3c68:  00000000           addb rh0,#0x00
c3c6c:  00000000           addb rh0,#0x00
c3c70:  00000000           addb rh0,#0x00
c3c74:  00000000           addb rh0,#0x00
c3c78:  00000000           addb rh0,#0x00
c3c7c:  00000000           addb rh0,#0x00
c3c80:  00000000           addb rh0,#0x00
c3c84:  00000000           addb rh0,#0x00
c3c88:  00000000           addb rh0,#0x00
c3c8c:  00000000           addb rh0,#0x00
c3c90:  00000000           addb rh0,#0x00
c3c94:  00000000           addb rh0,#0x00
c3c98:  00000000           addb rh0,#0x00
c3c9c:  00000000           addb rh0,#0x00
c3ca0:  00000000           addb rh0,#0x00
c3ca4:  00000000           addb rh0,#0x00
c3ca8:  00000000           addb rh0,#0x00
c3cac:  00000000           addb rh0,#0x00
c3cb0:  00000000           addb rh0,#0x00
c3cb4:  00000000           addb rh0,#0x00
c3cb8:  00000000           addb rh0,#0x00
c3cbc:  00000000           addb rh0,#0x00
c3cc0:  00000000           addb rh0,#0x00
c3cc4:  00000000           addb rh0,#0x00
c3cc8:  00000000           addb rh0,#0x00
c3ccc:  00000000           addb rh0,#0x00
c3cd0:  00000000           addb rh0,#0x00
c3cd4:  00000000           addb rh0,#0x00
c3cd8:  00000000           addb rh0,#0x00
c3cdc:  00000000           addb rh0,#0x00
c3ce0:  00000000           addb rh0,#0x00
c3ce4:  00000000           addb rh0,#0x00
c3ce8:  00000000           addb rh0,#0x00
c3cec:  00000000           addb rh0,#0x00
c3cf0:  00000000           addb rh0,#0x00
c3cf4:  00000000           addb rh0,#0x00
c3cf8:  00000000           addb rh0,#0x00
c3cfc:  00000000           addb rh0,#0x00
c3d00:  00000000           addb rh0,#0x00
c3d04:  00000000           addb rh0,#0x00
c3d08:  00000000           addb rh0,#0x00
c3d0c:  00000000           addb rh0,#0x00
c3d10:  00000000           addb rh0,#0x00
c3d14:  00000000           addb rh0,#0x00
c3d18:  00000000           addb rh0,#0x00
c3d1c:  00000000           addb rh0,#0x00
c3d20:  00000000           addb rh0,#0x00
c3d24:  00000000           addb rh0,#0x00
c3d28:  00000000           addb rh0,#0x00
c3d2c:  00000000           addb rh0,#0x00
c3d30:  00000000           addb rh0,#0x00
c3d34:  00000000           addb rh0,#0x00
c3d38:  00000000           addb rh0,#0x00
c3d3c:  00000000           addb rh0,#0x00
c3d40:  00000000           addb rh0,#0x00
c3d44:  00000000           addb rh0,#0x00
c3d48:  00000000           addb rh0,#0x00
c3d4c:  00000000           addb rh0,#0x00
c3d50:  00000000           addb rh0,#0x00
c3d54:  00000000           addb rh0,#0x00
c3d58:  00000000           addb rh0,#0x00
c3d5c:  00000000           addb rh0,#0x00
c3d60:  00000000           addb rh0,#0x00
c3d64:  00000000           addb rh0,#0x00
c3d68:  00000000           addb rh0,#0x00
c3d6c:  00000000           addb rh0,#0x00
c3d70:  00000000           addb rh0,#0x00
c3d74:  00000000           addb rh0,#0x00
c3d78:  00000000           addb rh0,#0x00
c3d7c:  00000000           addb rh0,#0x00
c3d80:  00000000           addb rh0,#0x00
c3d84:  00000000           addb rh0,#0x00
c3d88:  00000000           addb rh0,#0x00
c3d8c:  00000000           addb rh0,#0x00
c3d90:  00000000           addb rh0,#0x00
c3d94:  00000000           addb rh0,#0x00
c3d98:  00000000           addb rh0,#0x00
c3d9c:  00000000           addb rh0,#0x00
c3da0:  00000000           addb rh0,#0x00
c3da4:  00000000           addb rh0,#0x00
c3da8:  00000000           addb rh0,#0x00
c3dac:  00000000           addb rh0,#0x00
c3db0:  00000000           addb rh0,#0x00
c3db4:  00000000           addb rh0,#0x00
c3db8:  00000000           addb rh0,#0x00
c3dbc:  00000000           addb rh0,#0x00
c3dc0:  00000000           addb rh0,#0x00
c3dc4:  00000000           addb rh0,#0x00
c3dc8:  00000000           addb rh0,#0x00
c3dcc:  00000000           addb rh0,#0x00
c3dd0:  00000000           addb rh0,#0x00
c3dd4:  00000000           addb rh0,#0x00
c3dd8:  00000000           addb rh0,#0x00
c3ddc:  00000000           addb rh0,#0x00
c3de0:  00000000           addb rh0,#0x00
c3de4:  00000000           addb rh0,#0x00
c3de8:  00000000           addb rh0,#0x00
c3dec:  00000000           addb rh0,#0x00
c3df0:  00000000           addb rh0,#0x00
c3df4:  00000000           addb rh0,#0x00
c3df8:  00000000           addb rh0,#0x00
c3dfc:  00000000           addb rh0,#0x00
c3e00:  00000000           addb rh0,#0x00
c3e04:  00000000           addb rh0,#0x00
c3e08:  00000000           addb rh0,#0x00
c3e0c:  00000000           addb rh0,#0x00
c3e10:  00000000           addb rh0,#0x00
c3e14:  00000000           addb rh0,#0x00
c3e18:  00000000           addb rh0,#0x00
c3e1c:  00000000           addb rh0,#0x00
c3e20:  00000000           addb rh0,#0x00
c3e24:  00000000           addb rh0,#0x00
c3e28:  00000000           addb rh0,#0x00
c3e2c:  00000000           addb rh0,#0x00
c3e30:  00000000           addb rh0,#0x00
c3e34:  00000000           addb rh0,#0x00
c3e38:  00000000           addb rh0,#0x00
c3e3c:  00000000           addb rh0,#0x00
c3e40:  00000000           addb rh0,#0x00
c3e44:  00000000           addb rh0,#0x00
c3e48:  00000000           addb rh0,#0x00
c3e4c:  00000000           addb rh0,#0x00
c3e50:  00000000           addb rh0,#0x00
c3e54:  00000000           addb rh0,#0x00
c3e58:  00000000           addb rh0,#0x00
c3e5c:  00000000           addb rh0,#0x00
c3e60:  00000000           addb rh0,#0x00
c3e64:  00000000           addb rh0,#0x00
c3e68:  00000000           addb rh0,#0x00
c3e6c:  00000000           addb rh0,#0x00
c3e70:  00000000           addb rh0,#0x00
c3e74:  00000000           addb rh0,#0x00
c3e78:  00000000           addb rh0,#0x00
c3e7c:  00000000           addb rh0,#0x00
c3e80:  00000000           addb rh0,#0x00
c3e84:  00000000           addb rh0,#0x00
c3e88:  00000000           addb rh0,#0x00
c3e8c:  00000000           addb rh0,#0x00
c3e90:  00000000           addb rh0,#0x00
c3e94:  00000000           addb rh0,#0x00
c3e98:  00000000           addb rh0,#0x00
c3e9c:  00000000           addb rh0,#0x00
c3ea0:  00000000           addb rh0,#0x00
c3ea4:  00000000           addb rh0,#0x00
c3ea8:  00000000           addb rh0,#0x00
c3eac:  00000000           addb rh0,#0x00
c3eb0:  00000000           addb rh0,#0x00
c3eb4:  00000000           addb rh0,#0x00
c3eb8:  00000000           addb rh0,#0x00
c3ebc:  00000000           addb rh0,#0x00
c3ec0:  00000000           addb rh0,#0x00
c3ec4:  00000000           addb rh0,#0x00
c3ec8:  00000000           addb rh0,#0x00
c3ecc:  00000000           addb rh0,#0x00
c3ed0:  00000000           addb rh0,#0x00
c3ed4:  00000000           addb rh0,#0x00
c3ed8:  00000000           addb rh0,#0x00
c3edc:  00000000           addb rh0,#0x00
c3ee0:  00000000           addb rh0,#0x00
c3ee4:  00000000           addb rh0,#0x00
c3ee8:  00000000           addb rh0,#0x00
c3eec:  00000000           addb rh0,#0x00
c3ef0:  00000000           addb rh0,#0x00
c3ef4:  00000000           addb rh0,#0x00
c3ef8:  00000000           addb rh0,#0x00
c3efc:  00000000           addb rh0,#0x00
c3f00:  00000000           addb rh0,#0x00
c3f04:  00000000           addb rh0,#0x00
c3f08:  00000000           addb rh0,#0x00
c3f0c:  00000000           addb rh0,#0x00
c3f10:  00000000           addb rh0,#0x00
c3f14:  00000000           addb rh0,#0x00
c3f18:  00000000           addb rh0,#0x00
c3f1c:  00000000           addb rh0,#0x00
c3f20:  00000000           addb rh0,#0x00
c3f24:  00000000           addb rh0,#0x00
c3f28:  00000000           addb rh0,#0x00
c3f2c:  00000000           addb rh0,#0x00
c3f30:  00000000           addb rh0,#0x00
c3f34:  00000000           addb rh0,#0x00
c3f38:  00000000           addb rh0,#0x00
c3f3c:  00000000           addb rh0,#0x00
c3f40:  00000000           addb rh0,#0x00
c3f44:  00000000           addb rh0,#0x00
c3f48:  00000000           addb rh0,#0x00
c3f4c:  00000000           addb rh0,#0x00
c3f50:  00000000           addb rh0,#0x00
c3f54:  00000000           addb rh0,#0x00
c3f58:  00000000           addb rh0,#0x00
c3f5c:  00000000           addb rh0,#0x00
c3f60:  00000000           addb rh0,#0x00
c3f64:  00000000           addb rh0,#0x00
c3f68:  00000000           addb rh0,#0x00
c3f6c:  00000000           addb rh0,#0x00
c3f70:  00000000           addb rh0,#0x00
c3f74:  00000000           addb rh0,#0x00
c3f78:  00000000           addb rh0,#0x00
c3f7c:  00000000           addb rh0,#0x00
c3f80:  00000000           addb rh0,#0x00
c3f84:  00000000           addb rh0,#0x00
c3f88:  00000000           addb rh0,#0x00
c3f8c:  00000000           addb rh0,#0x00
c3f90:  00000000           addb rh0,#0x00
c3f94:  00000000           addb rh0,#0x00
c3f98:  00000000           addb rh0,#0x00
c3f9c:  00000000           addb rh0,#0x00
c3fa0:  00000000           addb rh0,#0x00
c3fa4:  00000000           addb rh0,#0x00
c3fa8:  00000000           addb rh0,#0x00
c3fac:  00000000           addb rh0,#0x00
c3fb0:  00000000           addb rh0,#0x00
c3fb4:  00000000           addb rh0,#0x00
c3fb8:  00000000           addb rh0,#0x00
c3fbc:  00000000           addb rh0,#0x00
c3fc0:  00000000           addb rh0,#0x00
c3fc4:  00000000           addb rh0,#0x00
c3fc8:  00000000           addb rh0,#0x00
c3fcc:  00000000           addb rh0,#0x00
c3fd0:  00000000           addb rh0,#0x00
c3fd4:  00000000           addb rh0,#0x00
c3fd8:  00000000           addb rh0,#0x00
c3fdc:  00000000           addb rh0,#0x00
c3fe0:  00000000           addb rh0,#0x00
c3fe4:  00000000           addb rh0,#0x00
c3fe8:  00000000           addb rh0,#0x00
c3fec:  00000000           addb rh0,#0x00
c3ff0:  00000000           addb rh0,#0x00
c3ff4:  00000000           addb rh0,#0x00
c3ff8:  00000000           addb rh0,#0x00
c3ffc:  00000000           addb rh0,#0x00
c4000:  00000000           addb rh0,#0x00
c4004:  00000000           addb rh0,#0x00
c4008:  00000000           addb rh0,#0x00
c400c:  00000000           addb rh0,#0x00
c4010:  00000000           addb rh0,#0x00
c4014:  00000000           addb rh0,#0x00
c4018:  00000000           addb rh0,#0x00
c401c:  00000000           addb rh0,#0x00
c4020:  00000000           addb rh0,#0x00
c4024:  00000000           addb rh0,#0x00
c4028:  00000000           addb rh0,#0x00
c402c:  00000000           addb rh0,#0x00
c4030:  00000000           addb rh0,#0x00
c4034:  00000000           addb rh0,#0x00
c4038:  00000000           addb rh0,#0x00
c403c:  00000000           addb rh0,#0x00
c4040:  00000000           addb rh0,#0x00
c4044:  00000000           addb rh0,#0x00
c4048:  00000000           addb rh0,#0x00
c404c:  00000000           addb rh0,#0x00
c4050:  00000000           addb rh0,#0x00
c4054:  00000000           addb rh0,#0x00
c4058:  00000000           addb rh0,#0x00
c405c:  00000000           addb rh0,#0x00
c4060:  00000000           addb rh0,#0x00
c4064:  00000000           addb rh0,#0x00
c4068:  00000000           addb rh0,#0x00
c406c:  00000000           addb rh0,#0x00
c4070:  00000000           addb rh0,#0x00
c4074:  00000000           addb rh0,#0x00
c4078:  00000000           addb rh0,#0x00
c407c:  00000000           addb rh0,#0x00
c4080:  00000000           addb rh0,#0x00
c4084:  00000000           addb rh0,#0x00
c4088:  00000000           addb rh0,#0x00
c408c:  00000000           addb rh0,#0x00
c4090:  00000000           addb rh0,#0x00
c4094:  00000000           addb rh0,#0x00
c4098:  00000000           addb rh0,#0x00
c409c:  00000000           addb rh0,#0x00
c40a0:  00000000           addb rh0,#0x00
c40a4:  00000000           addb rh0,#0x00
c40a8:  00000000           addb rh0,#0x00
c40ac:  00000000           addb rh0,#0x00
c40b0:  00000000           addb rh0,#0x00
c40b4:  00000000           addb rh0,#0x00
c40b8:  00000000           addb rh0,#0x00
c40bc:  00000000           addb rh0,#0x00
c40c0:  00000000           addb rh0,#0x00
c40c4:  00000000           addb rh0,#0x00
c40c8:  00000000           addb rh0,#0x00
c40cc:  00000000           addb rh0,#0x00
c40d0:  00000000           addb rh0,#0x00
c40d4:  00000000           addb rh0,#0x00
c40d8:  00000000           addb rh0,#0x00
c40dc:  00000000           addb rh0,#0x00
c40e0:  00000000           addb rh0,#0x00
c40e4:  00000000           addb rh0,#0x00
c40e8:  00000000           addb rh0,#0x00
c40ec:  00000000           addb rh0,#0x00
c40f0:  00000000           addb rh0,#0x00
c40f4:  00000000           addb rh0,#0x00
c40f8:  00000000           addb rh0,#0x00
c40fc:  00000000           addb rh0,#0x00
c4100:  00000000           addb rh0,#0x00
c4104:  00000000           addb rh0,#0x00
c4108:  00000000           addb rh0,#0x00
c410c:  00000000           addb rh0,#0x00
c4110:  00000000           addb rh0,#0x00
c4114:  00000000           addb rh0,#0x00
c4118:  00000000           addb rh0,#0x00
c411c:  00000000           addb rh0,#0x00
c4120:  00000000           addb rh0,#0x00
c4124:  00000000           addb rh0,#0x00
c4128:  00000000           addb rh0,#0x00
c412c:  00000000           addb rh0,#0x00
c4130:  00000000           addb rh0,#0x00
c4134:  00000000           addb rh0,#0x00
c4138:  00000000           addb rh0,#0x00
c413c:  00000000           addb rh0,#0x00
c4140:  00000000           addb rh0,#0x00
c4144:  00000000           addb rh0,#0x00
c4148:  00000000           addb rh0,#0x00
c414c:  00000000           addb rh0,#0x00
c4150:  00000000           addb rh0,#0x00
c4154:  00000000           addb rh0,#0x00
c4158:  00000000           addb rh0,#0x00
c415c:  00000000           addb rh0,#0x00
c4160:  00000000           addb rh0,#0x00
c4164:  00000000           addb rh0,#0x00
c4168:  00000000           addb rh0,#0x00
c416c:  00000000           addb rh0,#0x00
c4170:  00000000           addb rh0,#0x00
c4174:  00000000           addb rh0,#0x00
c4178:  00000000           addb rh0,#0x00
c417c:  00000000           addb rh0,#0x00
c4180:  00000000           addb rh0,#0x00
c4184:  00000000           addb rh0,#0x00
c4188:  00000000           addb rh0,#0x00
c418c:  00000000           addb rh0,#0x00
c4190:  00000000           addb rh0,#0x00
c4194:  00000000           addb rh0,#0x00
c4198:  00000000           addb rh0,#0x00
c419c:  00000000           addb rh0,#0x00
c41a0:  00000000           addb rh0,#0x00
c41a4:  00000000           addb rh0,#0x00
c41a8:  00000000           addb rh0,#0x00
c41ac:  00000000           addb rh0,#0x00
c41b0:  00000000           addb rh0,#0x00
c41b4:  00000000           addb rh0,#0x00
c41b8:  00000000           addb rh0,#0x00
c41bc:  00000000           addb rh0,#0x00
c41c0:  00000000           addb rh0,#0x00
c41c4:  00000000           addb rh0,#0x00
c41c8:  00000000           addb rh0,#0x00
c41cc:  00000000           addb rh0,#0x00
c41d0:  00000000           addb rh0,#0x00
c41d4:  00000000           addb rh0,#0x00
c41d8:  00000000           addb rh0,#0x00
c41dc:  00000000           addb rh0,#0x00
c41e0:  00000000           addb rh0,#0x00
c41e4:  00000000           addb rh0,#0x00
c41e8:  00000000           addb rh0,#0x00
c41ec:  00000000           addb rh0,#0x00
c41f0:  00000000           addb rh0,#0x00
c41f4:  00000000           addb rh0,#0x00
c41f8:  00000000           addb rh0,#0x00
c41fc:  00000000           addb rh0,#0x00
c4200:  00000000           addb rh0,#0x00
c4204:  00000000           addb rh0,#0x00
c4208:  00000000           addb rh0,#0x00
c420c:  00000000           addb rh0,#0x00
c4210:  00000000           addb rh0,#0x00
c4214:  00000000           addb rh0,#0x00
c4218:  00000000           addb rh0,#0x00
c421c:  00000000           addb rh0,#0x00
c4220:  00000000           addb rh0,#0x00
c4224:  00000000           addb rh0,#0x00
c4228:  00000000           addb rh0,#0x00
c422c:  00000000           addb rh0,#0x00
c4230:  00000000           addb rh0,#0x00
c4234:  00000000           addb rh0,#0x00
c4238:  00000000           addb rh0,#0x00
c423c:  00000000           addb rh0,#0x00
c4240:  00000000           addb rh0,#0x00
c4244:  00000000           addb rh0,#0x00
c4248:  00000000           addb rh0,#0x00
c424c:  00000000           addb rh0,#0x00
c4250:  00000000           addb rh0,#0x00
c4254:  00000000           addb rh0,#0x00
c4258:  00000000           addb rh0,#0x00
c425c:  00000000           addb rh0,#0x00
c4260:  00000000           addb rh0,#0x00
c4264:  00000000           addb rh0,#0x00
c4268:  00000000           addb rh0,#0x00
c426c:  00000000           addb rh0,#0x00
c4270:  00000000           addb rh0,#0x00
c4274:  00000000           addb rh0,#0x00
c4278:  00000000           addb rh0,#0x00
c427c:  00000000           addb rh0,#0x00
c4280:  00000000           addb rh0,#0x00
c4284:  00000000           addb rh0,#0x00
c4288:  00000000           addb rh0,#0x00
c428c:  00000000           addb rh0,#0x00
c4290:  00000000           addb rh0,#0x00
c4294:  00000000           addb rh0,#0x00
c4298:  00000000           addb rh0,#0x00
c429c:  00000000           addb rh0,#0x00
c42a0:  00000000           addb rh0,#0x00
c42a4:  00000000           addb rh0,#0x00
c42a8:  00000000           addb rh0,#0x00
c42ac:  00000000           addb rh0,#0x00
c42b0:  00000000           addb rh0,#0x00
c42b4:  00000000           addb rh0,#0x00
c42b8:  00000000           addb rh0,#0x00
c42bc:  00000000           addb rh0,#0x00
c42c0:  00000000           addb rh0,#0x00
c42c4:  00000000           addb rh0,#0x00
c42c8:  00000000           addb rh0,#0x00
c42cc:  00000000           addb rh0,#0x00
c42d0:  00000000           addb rh0,#0x00
c42d4:  00000000           addb rh0,#0x00
c42d8:  00000000           addb rh0,#0x00
c42dc:  00000000           addb rh0,#0x00
c42e0:  00000000           addb rh0,#0x00
c42e4:  00000000           addb rh0,#0x00
c42e8:  00000000           addb rh0,#0x00
c42ec:  00000000           addb rh0,#0x00
c42f0:  00000000           addb rh0,#0x00
c42f4:  00000000           addb rh0,#0x00
c42f8:  00000000           addb rh0,#0x00
c42fc:  00000000           addb rh0,#0x00
c4300:  00000000           addb rh0,#0x00
c4304:  00000000           addb rh0,#0x00
c4308:  00000000           addb rh0,#0x00
c430c:  00000000           addb rh0,#0x00
c4310:  00000000           addb rh0,#0x00
c4314:  00000000           addb rh0,#0x00
c4318:  00000000           addb rh0,#0x00
c431c:  00000000           addb rh0,#0x00
c4320:  00000000           addb rh0,#0x00
c4324:  00000000           addb rh0,#0x00
c4328:  00000000           addb rh0,#0x00
c432c:  00000000           addb rh0,#0x00
c4330:  00000000           addb rh0,#0x00
c4334:  00000000           addb rh0,#0x00
c4338:  00000000           addb rh0,#0x00
c433c:  00000000           addb rh0,#0x00
c4340:  00000000           addb rh0,#0x00
c4344:  00000000           addb rh0,#0x00
c4348:  00000000           addb rh0,#0x00
c434c:  00000000           addb rh0,#0x00
c4350:  00000000           addb rh0,#0x00
c4354:  00000000           addb rh0,#0x00
c4358:  00000000           addb rh0,#0x00
c435c:  00000000           addb rh0,#0x00
c4360:  00000000           addb rh0,#0x00
c4364:  00000000           addb rh0,#0x00
c4368:  00000000           addb rh0,#0x00
c436c:  00000000           addb rh0,#0x00
c4370:  00000000           addb rh0,#0x00
c4374:  00000000           addb rh0,#0x00
c4378:  00000000           addb rh0,#0x00
c437c:  00000000           addb rh0,#0x00
c4380:  00000000           addb rh0,#0x00
c4384:  00000000           addb rh0,#0x00
c4388:  00000000           addb rh0,#0x00
c438c:  00000000           addb rh0,#0x00
c4390:  00000000           addb rh0,#0x00
c4394:  00000000           addb rh0,#0x00
c4398:  00000000           addb rh0,#0x00
c439c:  00000000           addb rh0,#0x00
c43a0:  00000000           addb rh0,#0x00
c43a4:  00000000           addb rh0,#0x00
c43a8:  00000000           addb rh0,#0x00
c43ac:  00000000           addb rh0,#0x00
c43b0:  00000000           addb rh0,#0x00
c43b4:  00000000           addb rh0,#0x00
c43b8:  00000000           addb rh0,#0x00
c43bc:  00000000           addb rh0,#0x00
c43c0:  00000000           addb rh0,#0x00
c43c4:  00000000           addb rh0,#0x00
c43c8:  00000000           addb rh0,#0x00
c43cc:  00000000           addb rh0,#0x00
c43d0:  00000000           addb rh0,#0x00
c43d4:  00000000           addb rh0,#0x00
c43d8:  00000000           addb rh0,#0x00
c43dc:  00000000           addb rh0,#0x00
c43e0:  00000000           addb rh0,#0x00
c43e4:  00000000           addb rh0,#0x00
c43e8:  00000000           addb rh0,#0x00
c43ec:  00000000           addb rh0,#0x00
c43f0:  00000000           addb rh0,#0x00
c43f4:  00000000           addb rh0,#0x00
c43f8:  00000000           addb rh0,#0x00
c43fc:  00000000           addb rh0,#0x00
c4400:  00000000           addb rh0,#0x00
c4404:  00000000           addb rh0,#0x00
c4408:  00000000           addb rh0,#0x00
c440c:  00000000           addb rh0,#0x00
c4410:  00000000           addb rh0,#0x00
c4414:  00000000           addb rh0,#0x00
c4418:  00000000           addb rh0,#0x00
c441c:  00000000           addb rh0,#0x00
c4420:  00000000           addb rh0,#0x00
c4424:  00000000           addb rh0,#0x00
c4428:  00000000           addb rh0,#0x00
c442c:  00000000           addb rh0,#0x00
c4430:  00000000           addb rh0,#0x00
c4434:  00000000           addb rh0,#0x00
c4438:  00000000           addb rh0,#0x00
c443c:  00000000           addb rh0,#0x00
c4440:  00000000           addb rh0,#0x00
c4444:  00000000           addb rh0,#0x00
c4448:  00000000           addb rh0,#0x00
c444c:  00000000           addb rh0,#0x00
c4450:  00000000           addb rh0,#0x00
c4454:  00000000           addb rh0,#0x00
c4458:  00000000           addb rh0,#0x00
c445c:  00000000           addb rh0,#0x00
c4460:  00000000           addb rh0,#0x00
c4464:  00000000           addb rh0,#0x00
c4468:  00000000           addb rh0,#0x00
c446c:  00000000           addb rh0,#0x00
c4470:  00000000           addb rh0,#0x00
c4474:  00000000           addb rh0,#0x00
c4478:  00000000           addb rh0,#0x00
c447c:  00000000           addb rh0,#0x00
c4480:  00000000           addb rh0,#0x00
c4484:  00000000           addb rh0,#0x00
c4488:  00000000           addb rh0,#0x00
c448c:  00000000           addb rh0,#0x00
c4490:  00000000           addb rh0,#0x00
c4494:  00000000           addb rh0,#0x00
c4498:  00000000           addb rh0,#0x00
c449c:  00000000           addb rh0,#0x00
c44a0:  00000000           addb rh0,#0x00
c44a4:  00000000           addb rh0,#0x00
c44a8:  00000000           addb rh0,#0x00
c44ac:  00000000           addb rh0,#0x00
c44b0:  00000000           addb rh0,#0x00
c44b4:  00000000           addb rh0,#0x00
c44b8:  00000000           addb rh0,#0x00
c44bc:  00000000           addb rh0,#0x00
c44c0:  00000000           addb rh0,#0x00
c44c4:  00000000           addb rh0,#0x00
c44c8:  00000000           addb rh0,#0x00
c44cc:  00000000           addb rh0,#0x00
c44d0:  00000000           addb rh0,#0x00
c44d4:  00000000           addb rh0,#0x00
c44d8:  00000000           addb rh0,#0x00
c44dc:  00000000           addb rh0,#0x00
c44e0:  00000000           addb rh0,#0x00
c44e4:  00000000           addb rh0,#0x00
c44e8:  00000000           addb rh0,#0x00
c44ec:  00000000           addb rh0,#0x00
c44f0:  00000000           addb rh0,#0x00
c44f4:  00000000           addb rh0,#0x00
c44f8:  00000000           addb rh0,#0x00
c44fc:  00000000           addb rh0,#0x00
c4500:  00000000           addb rh0,#0x00
c4504:  00000000           addb rh0,#0x00
c4508:  00000000           addb rh0,#0x00
c450c:  00000000           addb rh0,#0x00
c4510:  00000000           addb rh0,#0x00
c4514:  00000000           addb rh0,#0x00
c4518:  00000000           addb rh0,#0x00
c451c:  00000000           addb rh0,#0x00
c4520:  00000000           addb rh0,#0x00
c4524:  00000000           addb rh0,#0x00
c4528:  00000000           addb rh0,#0x00
c452c:  00000000           addb rh0,#0x00
c4530:  00000000           addb rh0,#0x00
c4534:  00000000           addb rh0,#0x00
c4538:  00000000           addb rh0,#0x00
c453c:  00000000           addb rh0,#0x00
c4540:  00000000           addb rh0,#0x00
c4544:  00000000           addb rh0,#0x00
c4548:  00000000           addb rh0,#0x00
c454c:  00000000           addb rh0,#0x00
c4550:  00000000           addb rh0,#0x00
c4554:  00000000           addb rh0,#0x00
c4558:  00000000           addb rh0,#0x00
c455c:  00000000           addb rh0,#0x00
c4560:  00000000           addb rh0,#0x00
c4564:  00000000           addb rh0,#0x00
c4568:  00000000           addb rh0,#0x00
c456c:  00000000           addb rh0,#0x00
c4570:  00000000           addb rh0,#0x00
c4574:  00000000           addb rh0,#0x00
c4578:  00000000           addb rh0,#0x00
c457c:  00000000           addb rh0,#0x00
c4580:  00000000           addb rh0,#0x00
c4584:  00000000           addb rh0,#0x00
c4588:  00000000           addb rh0,#0x00
c458c:  00000000           addb rh0,#0x00
c4590:  00000000           addb rh0,#0x00
c4594:  00000000           addb rh0,#0x00
c4598:  00000000           addb rh0,#0x00
c459c:  00000000           addb rh0,#0x00
c45a0:  00000000           addb rh0,#0x00
c45a4:  00000000           addb rh0,#0x00
c45a8:  00000000           addb rh0,#0x00
c45ac:  00000000           addb rh0,#0x00
c45b0:  00000000           addb rh0,#0x00
c45b4:  00000000           addb rh0,#0x00
c45b8:  00000000           addb rh0,#0x00
c45bc:  00000000           addb rh0,#0x00
c45c0:  00000000           addb rh0,#0x00
c45c4:  00000000           addb rh0,#0x00
c45c8:  00000000           addb rh0,#0x00
c45cc:  00000000           addb rh0,#0x00
c45d0:  00000000           addb rh0,#0x00
c45d4:  00000000           addb rh0,#0x00
c45d8:  00000000           addb rh0,#0x00
c45dc:  00000000           addb rh0,#0x00
c45e0:  00000000           addb rh0,#0x00
c45e4:  00000000           addb rh0,#0x00
c45e8:  00000000           addb rh0,#0x00
c45ec:  00000000           addb rh0,#0x00
c45f0:  00000000           addb rh0,#0x00
c45f4:  00000000           addb rh0,#0x00
c45f8:  00000000           addb rh0,#0x00
c45fc:  00000000           addb rh0,#0x00
c4600:  00000000           addb rh0,#0x00
c4604:  00000000           addb rh0,#0x00
c4608:  00000000           addb rh0,#0x00
c460c:  00000000           addb rh0,#0x00
c4610:  00000000           addb rh0,#0x00
c4614:  00000000           addb rh0,#0x00
c4618:  00000000           addb rh0,#0x00
c461c:  00000000           addb rh0,#0x00
c4620:  00000000           addb rh0,#0x00
c4624:  00000000           addb rh0,#0x00
c4628:  00000000           addb rh0,#0x00
c462c:  00000000           addb rh0,#0x00
c4630:  00000000           addb rh0,#0x00
c4634:  00004844           addb rh0,#0x44
c4638:  43355f43           sub r5,<<95>>0x0043(r3)
c463c:  4f4e54524553       ext4f #0x4f4e5452,<<69>>0x0053
c4642:  7e57               .word #0x7e57
c4644:  3b484443           indr @rr4,@r4,r4
c4648:  355f5645           ldl rr15,rr5(#0x5645)
c464c:  43544f52           sub r4,<<79>>0x0052(r5)
c4650:  7e57               .word #0x7e57
c4652:  573b4844           pop <<72>>0x0044(r11),@rr3
c4656:  43355f50           sub r5,<<95>>0x0050(r3)
c465a:  524f494e           subl rr15,<<73>>0x004e(r4)
c465e:  547e5757           ldl rr14,<<87>>0x0057(r7)
c4662:  3b484443           indr @rr4,@r4,r4
c4666:  355f5354           ldl rr15,rr5(#0x5354)
c466a:  41545553           add r4,<<85>>0x0053(r5)
c466e:  464c4147           andb rl4,<<65>>0x0047(r4)
c4672:  7e57               .word #0x7e57
c4674:  503b4844           cpl rr11,<<72>>0x0044(r3)
c4678:  43355f53           sub r5,<<95>>0x0053(r3)
c467c:  54415455           ldl rr1,<<84>>0x0055(r4)
c4680:  537e5750           push @rr7,<<87>>0x0050(r14)
c4684:  3b484443           indr @rr4,@r4,r4
c4688:  355f5052           ldl rr15,rr5(#0x5052)
c468c:  4f5045414b7e       ext4f #0x4f504541,<<75>>0x007e
c4692:  57573b48           pop <<59>>0x0048(r7),@rr5
c4696:  4443355f           orb rh3,<<53>>0x005f(r4)
c469a:  444d4143           orb rl5,<<65>>0x0043(r4)
c469e:  41527e57           add r2,<<126>>0x0057(r5)
c46a2:  573b4844           pop <<72>>0x0044(r11),@rr3
c46a6:  43355f54           sub r5,<<95>>0x0054(r3)
c46aa:  494d4552           xor r13,<<69>>0x0052(r4)
c46ae:  7e57               .word #0x7e57
c46b0:  573b4844           pop <<72>>0x0044(r11),@rr3
c46b4:  43355f43           sub r5,<<95>>0x0043(r3)
c46b8:  4f4e5452494e       ext4f #0x4f4e5452,<<73>>0x004e
c46be:  495a7e57           xor r10,<<126>>0x0057(r5)
c46c2:  502a5757           cpl rr10,<<87>>0x0057(r2)
c46c6:  57575757           pop <<87>>0x0057(r7),@rr5
c46ca:  57575757           pop <<87>>0x0057(r7),@rr5
c46ce:  3b484443           indr @rr4,@r4,r4
c46d2:  355f4745           ldl rr15,rr5(#0x4745)
c46d6:  4e494e547e57       ext4e #0x4e494e54,<<126>>0x0057
c46dc:  3b484443           indr @rr4,@r4,r4
c46e0:  355f484f           ldl rr15,rr5(#0x484f)
c46e4:  4d457e57573b       ld <<126>>0x0057(r4),#0x573b
c46ea:  48444335           xorb rh4,<<67>>0x0035(r4)
c46ee:  5f53               .word #0x5f53
c46f0:  45454b7e           or r5,<<75>>0x007e(r4)
c46f4:  5757502a           pop <<80>>0x002a(r7),@rr5
c46f8:  57575757           pop <<87>>0x0057(r7),@rr5
c46fc:  573b4844           pop <<72>>0x0044(r11),@rr3
c4700:  43355f4c           sub r5,<<95>>0x004c(r3)
c4704:  4f41447e574c       ext4f #0x4f41447e,<<87>>0x004c
c470a:  573b4844           pop <<72>>0x0044(r11),@rr3
c470e:  43355f53           sub r5,<<95>>0x0053(r3)
c4712:  544f5245           ldl rr15,<<82>>0x0045(r4)
c4716:  7e57               .word #0x7e57
c4718:  4c57               .word #0x4c57
c471a:  3b484443           indr @rr4,@r4,r4
c471e:  355f434f           ldl rr15,rr5(#0x434f)
c4722:  52454343           subl rr5,<<67>>0x0043(r4)
c4726:  7e57               .word #0x7e57
c4728:  3b484443           indr @rr4,@r4,r4
c472c:  355f5445           ldl rr15,rr5(#0x5445)
c4730:  5354504c           push @rr5,<<80>>0x004c(r4)
c4734:  4f7e5757502a       ext4f #0x4f7e5757,<<80>>0x002a
c473a:  4c57               .word #0x4c57
c473c:  57575757           pop <<87>>0x0057(r7),@rr5
c4740:  57575757           pop <<87>>0x0057(r7),@rr5
c4744:  57573b48           pop <<59>>0x0048(r7),@rr5
c4748:  4443355f           orb rh3,<<53>>0x005f(r4)
c474c:  52454144           subl rr5,<<65>>0x0044(r4)
c4750:  7e57               .word #0x7e57
c4752:  57502a4c           pop <<42>>0x004c,@rr5
c4756:  57575757           pop <<87>>0x0057(r7),@rr5
c475a:  57575757           pop <<87>>0x0057(r7),@rr5
c475e:  57573b48           pop <<59>>0x0048(r7),@rr5
c4762:  4443355f           orb rh3,<<53>>0x005f(r4)
c4766:  57524954           pop <<73>>0x0054(r2),@rr5
c476a:  457e5757           or r14,<<87>>0x0057(r7)
c476e:  502a4c57           cpl rr10,<<76>>0x0057(r2)
c4772:  57575757           pop <<87>>0x0057(r7),@rr5
c4776:  57575757           pop <<87>>0x0057(r7),@rr5
c477a:  573b4844           pop <<72>>0x0044(r11),@rr3
c477e:  43355f56           sub r5,<<95>>0x0056(r3)
c4782:  45524946           or r2,<<73>>0x0046(r5)
c4786:  597e5757           mult rr14,<<87>>0x0057(r7)
c478a:  502a4c57           cpl rr10,<<76>>0x0057(r2)
c478e:  57575757           pop <<87>>0x0057(r7),@rr5
c4792:  57575757           pop <<87>>0x0057(r7),@rr5
c4796:  57573b48           pop <<59>>0x0048(r7),@rr5
c479a:  4443355f           orb rh3,<<53>>0x005f(r4)
c479e:  464f524d           andb rl7,<<82>>0x004d(r4)
c47a2:  41547e57           add r4,<<126>>0x0057(r5)
c47a6:  57502a57           pop <<42>>0x0057,@rr5
c47aa:  57575757           pop <<87>>0x0057(r7),@rr5
c47ae:  57575757           pop <<87>>0x0057(r7),@rr5
c47b2:  3b484443           indr @rr4,@r4,r4
c47b6:  355f5245           ldl rr15,rr5(#0x5245)
c47ba:  41444c4f           add r4,<<76>>0x004f(r4)
c47be:  4e477e575750       ext4e #0x4e477e57,<<87>>0x0050
c47c4:  2a57               decb @rr5,#8
c47c6:  57575757           pop <<87>>0x0057(r7),@rr5
c47ca:  57575757           pop <<87>>0x0057(r7),@rr5
c47ce:  573b4844           pop <<72>>0x0044(r11),@rr3
c47d2:  43355f57           sub r5,<<95>>0x0057(r3)
c47d6:  52495445           subl rr9,<<84>>0x0045(r4)
c47da:  4c4f               .word #0x4c4f
c47dc:  4e477e575750       ext4e #0x4e477e57,<<87>>0x0050
c47e2:  2a57               decb @rr5,#8
c47e4:  57575757           pop <<87>>0x0057(r7),@rr5
c47e8:  57575757           pop <<87>>0x0057(r7),@rr5
c47ec:  573b4844           pop <<72>>0x0044(r11),@rr3
c47f0:  43355f56           sub r5,<<95>>0x0056(r3)
c47f4:  45524946           or r2,<<73>>0x0046(r5)
c47f8:  594c4f4e           mult rr12,<<79>>0x004e(r4)
c47fc:  477e5757           and r14,<<87>>0x0057(r7)
c4800:  502a5757           cpl rr10,<<87>>0x0057(r2)
c4804:  57575757           pop <<87>>0x0057(r7),@rr5
c4808:  57575757           pop <<87>>0x0057(r7),@rr5
c480c:  3b484443           indr @rr4,@r4,r4
c4810:  355f5245           ldl rr15,rr5(#0x5245)
c4814:  41444944           add r4,<<73>>0x0044(r4)
c4818:  7e57               .word #0x7e57
c481a:  57502a4c           pop <<42>>0x004c,@rr5
c481e:  57575757           pop <<87>>0x0057(r7),@rr5
c4822:  57573b48           pop <<59>>0x0048(r7),@rr5
c4826:  4443355f           orb rh3,<<53>>0x005f(r4)
c482a:  56455249           addl rr5,<<82>>0x0049(r4)
c482e:  46594944           andb rl1,<<73>>0x0044(r5)
c4832:  7e57               .word #0x7e57
c4834:  57502a57           pop <<42>>0x0057,@rr5
c4838:  57575757           pop <<87>>0x0057(r7),@rr5
c483c:  573b4844           pop <<72>>0x0044(r11),@rr3
c4840:  43355f54           sub r5,<<95>>0x0054(r3)
c4844:  494d4553           xor r13,<<69>>0x0053(r4)
c4848:  45454b7e           or r5,<<75>>0x007e(r4)
c484c:  5757502a           pop <<80>>0x002a(r7),@rr5
c4850:  57575757           pop <<87>>0x0057(r7),@rr5
c4854:  573b4844           pop <<72>>0x0044(r11),@rr3
c4858:  43355f54           sub r5,<<95>>0x0054(r3)
c485c:  494d4552           xor r13,<<69>>0x0052(r4)
c4860:  4f547e575750       ext4f #0x4f547e57,<<87>>0x0050
c4866:  2a57               decb @rr5,#8
c4868:  5757573b           pop <<87>>0x003b(r7),@rr5
c486c:  48444335           xorb rh4,<<67>>0x0035(r4)
c4870:  5f54               .word #0x5f54
c4872:  494d4552           xor r13,<<69>>0x0052(r4)
c4876:  454e447e           or r14,<<68>>0x007e(r4)
c487a:  573b4844           pop <<72>>0x0044(r11),@rr3
c487e:  43355f43           sub r5,<<95>>0x0043(r3)
c4882:  4f4e5452454e       ext4f #0x4f4e5452,<<69>>0x004e
c4888:  447e573b           orb rl6,<<87>>0x003b(r7)
c488c:  48444335           xorb rh4,<<67>>0x0035(r4)
c4890:  5f47               .word #0x5f47
c4892:  454e494e           or r14,<<73>>0x004e(r4)
c4896:  54454e44           ldl rr5,<<78>>0x0044(r4)
c489a:  7e57               .word #0x7e57
c489c:  3b484443           indr @rr4,@r4,r4
c48a0:  355f484f           ldl rr15,rr5(#0x484f)
c48a4:  4d454e447e57       ld <<78>>0x0044(r4),#0x7e57
c48aa:  503b4844           cpl rr11,<<72>>0x0044(r3)
c48ae:  43355f53           sub r5,<<95>>0x0053(r3)
c48b2:  45454b45           or r5,<<75>>0x0045(r4)
c48b6:  4e447e57503b       ext4e #0x4e447e57,<<80>>0x003b
c48bc:  48444335           xorb rh4,<<67>>0x0035(r4)
c48c0:  5f4c               .word #0x5f4c
c48c2:  4f4144454e44       ext4f #0x4f414445,<<78>>0x0044
c48c8:  7e57               .word #0x7e57
c48ca:  3b484443           indr @rr4,@r4,r4
c48ce:  355f5354           ldl rr15,rr5(#0x5354)
c48d2:  4f52454e447e       ext4f #0x4f52454e,<<68>>0x007e
c48d8:  573b4844           pop <<72>>0x0044(r11),@rr3
c48dc:  43355f43           sub r5,<<95>>0x0043(r3)
c48e0:  4f5245434345       ext4f #0x4f524543,<<67>>0x0045
c48e6:  4e447e575050       ext4e #0x4e447e57,<<80>>0x0050
c48ec:  3b484443           indr @rr4,@r4,r4
c48f0:  355f5445           ldl rr15,rr5(#0x5445)
c48f4:  5354504c           push @rr5,<<80>>0x004c(r4)
c48f8:  4f454e447e57       ext4f #0x4f454e44,<<126>>0x0057
c48fe:  503b4844           cpl rr11,<<72>>0x0044(r3)
c4902:  43355f52           sub r5,<<95>>0x0052(r3)
c4906:  45414445           or r1,<<68>>0x0045(r4)
c490a:  4e447e57503b       ext4e #0x4e447e57,<<80>>0x003b
c4910:  48444335           xorb rh4,<<67>>0x0035(r4)
c4914:  5f57               .word #0x5f57
c4916:  52495445           subl rr9,<<84>>0x0045(r4)
c491a:  4e447e57503b       ext4e #0x4e447e57,<<80>>0x003b
c4920:  48444335           xorb rh4,<<67>>0x0035(r4)
c4924:  5f56               .word #0x5f56
c4926:  45524946           or r2,<<73>>0x0046(r5)
c492a:  59454e44           mult rr5,<<78>>0x0044(r4)
c492e:  7e57               .word #0x7e57
c4930:  503b4844           cpl rr11,<<72>>0x0044(r3)
c4934:  43355f46           sub r5,<<95>>0x0046(r3)
c4938:  4f524d415445       ext4f #0x4f524d41,<<84>>0x0045
c493e:  4e447e57503b       ext4e #0x4e447e57,<<80>>0x003b
c4944:  48444335           xorb rh4,<<67>>0x0035(r4)
c4948:  5f52               .word #0x5f52
c494a:  444c4f4e           orb rl4,<<79>>0x004e(r4)
c494e:  47454e44           and r5,<<78>>0x0044(r4)
c4952:  7e57               .word #0x7e57
c4954:  503b4844           cpl rr11,<<72>>0x0044(r3)
c4958:  43355f57           sub r5,<<95>>0x0057(r3)
c495c:  524c4f4e           subl rr12,<<79>>0x004e(r4)
c4960:  47454e44           and r5,<<78>>0x0044(r4)
c4964:  7e57               .word #0x7e57
c4966:  503b4844           cpl rr11,<<72>>0x0044(r3)
c496a:  43355f56           sub r5,<<95>>0x0056(r3)
c496e:  454c4f4e           or r12,<<79>>0x004e(r4)
c4972:  47454e44           and r5,<<78>>0x0044(r4)
c4976:  7e57               .word #0x7e57
c4978:  503b4844           cpl rr11,<<72>>0x0044(r3)
c497c:  43355f52           sub r5,<<95>>0x0052(r3)
c4980:  45414449           or r1,<<68>>0x0049(r4)
c4984:  44454e44           orb rh5,<<78>>0x0044(r4)
c4988:  7e57               .word #0x7e57
c498a:  503b4844           cpl rr11,<<72>>0x0044(r3)
c498e:  43355f56           sub r5,<<95>>0x0056(r3)
c4992:  45524944           or r2,<<73>>0x0044(r5)
c4996:  454e447e           or r14,<<68>>0x007e(r4)
c499a:  57503b48           pop <<59>>0x0048,@rr5
c499e:  4443355f           orb rh3,<<53>>0x005f(r4)
c49a2:  544d5345           ldl rr13,<<83>>0x0045(r4)
c49a6:  454b454e           or r11,<<69>>0x004e(r4)
c49aa:  447e5750           orb rl6,<<87>>0x0050(r7)
c49ae:  3b484443           indr @rr4,@r4,r4
c49b2:  355f544d           ldl rr15,rr5(#0x544d)
c49b6:  524f5445           subl rr15,<<84>>0x0045(r4)
c49ba:  4e447e57503b       ext4e #0x4e447e57,<<80>>0x003b
c49c0:  414e5357           add r14,<<83>>0x0057(r4)
c49c4:  45527e21           or r2,<<126>>0x0021(r5)
c49c8:  573b414e           pop <<65>>0x004e(r11),@rr3
c49cc:  53574552           push @rr5,<<69>>0x0052(r7)
c49d0:  7e21               .word #0x7e21
c49d2:  572a573b           pop <<87>>0x003b(r10),@rr2
c49d6:  414e5357           add r14,<<83>>0x0057(r4)
c49da:  45527e21           or r2,<<126>>0x0021(r5)
c49de:  572a5757           pop <<87>>0x0057(r10),@rr2
c49e2:  3b414e53           sinir @rr5,@r4,r14
c49e6:  5745527e           pop <<82>>0x007e(r5),@rr4
c49ea:  2157               ld r7,@rr5
c49ec:  2a57               decb @rr5,#8
c49ee:  5757573b           pop <<87>>0x003b(r7),@rr5
c49f2:  414e5357           add r14,<<83>>0x0057(r4)
c49f6:  45527e21           or r2,<<126>>0x0021(r5)
c49fa:  572a5757           pop <<87>>0x0057(r10),@rr2
c49fe:  5757573b           pop <<87>>0x003b(r7),@rr5
c4a02:  414e5357           add r14,<<83>>0x0057(r4)
c4a06:  45527e21           or r2,<<126>>0x0021(r5)
c4a0a:  572a5757           pop <<87>>0x0057(r10),@rr2
c4a0e:  57575757           pop <<87>>0x0057(r7),@rr5
c4a12:  3b414e53           sinir @rr5,@r4,r14
c4a16:  5745527e           pop <<82>>0x007e(r5),@rr4
c4a1a:  2157               ld r7,@rr5
c4a1c:  2a57               decb @rr5,#8
c4a1e:  57575757           pop <<87>>0x0057(r7),@rr5
c4a22:  5757573b           pop <<87>>0x003b(r7),@rr5
c4a26:  414e5357           add r14,<<83>>0x0057(r4)
c4a2a:  45527e21           or r2,<<126>>0x0021(r5)
c4a2e:  572a4242           pop <<66>>0x0042(r10),@rr2
c4a32:  42424242           subb rh2,<<66>>0x0042(r4)
c4a36:  42424242           subb rh2,<<66>>0x0042(r4)
c4a3a:  42423b00           subb rh2,<<59>>0x0000(r4)
c4a3e:  00000000           addb rh0,#0x00
c4a42:  00000000           addb rh0,#0x00
c4a46:  00000000           addb rh0,#0x00
c4a4a:  00000000           addb rh0,#0x00
c4a4e:  00000000           addb rh0,#0x00
c4a52:  00000000           addb rh0,#0x00
c4a56:  00000000           addb rh0,#0x00
c4a5a:  00000000           addb rh0,#0x00
c4a5e:  00000000           addb rh0,#0x00
c4a62:  00000000           addb rh0,#0x00
c4a66:  00000000           addb rh0,#0x00
c4a6a:  00000000           addb rh0,#0x00
c4a6e:  00000000           addb rh0,#0x00
c4a72:  00000000           addb rh0,#0x00
c4a76:  00000000           addb rh0,#0x00
c4a7a:  00000000           addb rh0,#0x00
c4a7e:  00000000           addb rh0,#0x00
c4a82:  00000000           addb rh0,#0x00
c4a86:  00000000           addb rh0,#0x00
c4a8a:  00000000           addb rh0,#0x00
c4a8e:  00000000           addb rh0,#0x00
c4a92:  00000000           addb rh0,#0x00
c4a96:  00000000           addb rh0,#0x00
c4a9a:  00000000           addb rh0,#0x00
c4a9e:  00000000           addb rh0,#0x00
c4aa2:  00000000           addb rh0,#0x00
c4aa6:  00000000           addb rh0,#0x00
c4aaa:  00000000           addb rh0,#0x00
c4aae:  00000000           addb rh0,#0x00
c4ab2:  00000000           addb rh0,#0x00
c4ab6:  00000000           addb rh0,#0x00
c4aba:  00000000           addb rh0,#0x00
c4abe:  00000000           addb rh0,#0x00
c4ac2:  00000000           addb rh0,#0x00
c4ac6:  00000000           addb rh0,#0x00
c4aca:  00000000           addb rh0,#0x00
c4ace:  00000000           addb rh0,#0x00
c4ad2:  00000000           addb rh0,#0x00
c4ad6:  00000000           addb rh0,#0x00
c4ada:  00000000           addb rh0,#0x00
c4ade:  00000000           addb rh0,#0x00
c4ae2:  00000000           addb rh0,#0x00
c4ae6:  00000000           addb rh0,#0x00
c4aea:  00000000           addb rh0,#0x00
c4aee:  00000000           addb rh0,#0x00
c4af2:  00000000           addb rh0,#0x00
c4af6:  00000000           addb rh0,#0x00
c4afa:  00000000           addb rh0,#0x00
c4afe:  00000000           addb rh0,#0x00
c4b02:  00000000           addb rh0,#0x00
c4b06:  00002020           addb rh0,#0x20
c4b0a:  2020               ldb rh0,@rr2
c4b0c:  2020               ldb rh0,@rr2
c4b0e:  2020               ldb rh0,@rr2
c4b10:  2020               ldb rh0,@rr2
c4b12:  00000000           addb rh0,#0x00
c4b16:  00000000           addb rh0,#0x00
c4b1a:  00000000           addb rh0,#0x00
c4b1e:  00000000           addb rh0,#0x00
c4b22:  00000000           addb rh0,#0x00
c4b26:  00000000           addb rh0,#0x00
c4b2a:  00000000           addb rh0,#0x00
c4b2e:  00000000           addb rh0,#0x00
c4b32:  00000000           addb rh0,#0x00
c4b36:  00000000           addb rh0,#0x00
c4b3a:  00000000           addb rh0,#0x00
c4b3e:  00000000           addb rh0,#0x00
c4b42:  00000000           addb rh0,#0x00
c4b46:  00000000           addb rh0,#0x00
c4b4a:  00000000           addb rh0,#0x00
c4b4e:  00000000           addb rh0,#0x00
c4b52:  0000aaa1           addb rh0,#0xa1
c4b56:  00000000           addb rh0,#0x00
c4b5a:  00000000           addb rh0,#0x00
c4b5e:  00000000           addb rh0,#0x00
c4b62:  00000000           addb rh0,#0x00
c4b66:  00010000           addb rh1,#0x00
c4b6a:  00000000           addb rh0,#0x00
c4b6e:  00000000           addb rh0,#0x00
c4b72:  00000000           addb rh0,#0x00
c4b76:  00000000           addb rh0,#0x00
c4b7a:  00000000           addb rh0,#0x00
c4b7e:  00000000           addb rh0,#0x00
c4b82:  00000000           addb rh0,#0x00
c4b86:  00000000           addb rh0,#0x00
c4b8a:  00000000           addb rh0,#0x00
c4b8e:  00000000           addb rh0,#0x00
c4b92:  00000000           addb rh0,#0x00
c4b96:  00000000           addb rh0,#0x00
c4b9a:  00000000           addb rh0,#0x00
c4b9e:  00000000           addb rh0,#0x00
c4ba2:  00000000           addb rh0,#0x00
c4ba6:  00000000           addb rh0,#0x00
c4baa:  00000000           addb rh0,#0x00
c4bae:  00000000           addb rh0,#0x00
c4bb2:  00000000           addb rh0,#0x00
c4bb6:  00000000           addb rh0,#0x00
c4bba:  00000000           addb rh0,#0x00
c4bbe:  00000000           addb rh0,#0x00
c4bc2:  00000000           addb rh0,#0x00
c4bc6:  00000000           addb rh0,#0x00
c4bca:  00000000           addb rh0,#0x00
c4bce:  00000000           addb rh0,#0x00
c4bd2:  00000000           addb rh0,#0x00
c4bd6:  00000000           addb rh0,#0x00
c4bda:  00000000           addb rh0,#0x00
c4bde:  00000000           addb rh0,#0x00
c4be2:  00000000           addb rh0,#0x00
c4be6:  00000000           addb rh0,#0x00
c4bea:  00000000           addb rh0,#0x00
c4bee:  00000000           addb rh0,#0x00
c4bf2:  00000000           addb rh0,#0x00
c4bf6:  00000000           addb rh0,#0x00
c4bfa:  00000000           addb rh0,#0x00
c4bfe:  00000000           addb rh0,#0x00
