1a400:  340c0268           ldar rr12,0xa66c
1a404:  3408035e           ldar rr8,0xa766
1a408:  df6d               calr 0xa530
1a40a:  340c0064           ldar rr12,0xa472
1a40e:  1ec6               jp z,@rr12
1a410:  760883003786       lda rr8,<<3>>0x3786
1a416:  1c810304           ldm r3,@rr8,#5
1a41a:  340cff0c           ldar rr12,0xa32a
1a41e:  1ec8               jp @rr12
1a420:  760883003768       lda rr8,<<3>>0x3768
1a426:  760283003786       lda rr2,<<3>>0x3786
1a42c:  9244               subl rr4,rr4
1a42e:  30250009           ldb rh5,rr2(#0x0009)
1a432:  54028300375c       ldl rr2,<<3>>0x375c
1a438:  9642               addl rr2,rr4
1a43a:  5d028300375c       ldl <<3>>0x375c,rr2
1a440:  31820004           ld r2,rr8(#0x0004)
1a444:  0b020000           cp r2,#0x0000
1a448:  340cfe26           ldar rr12,0xa272
1a44c:  1ece               jp nz,@rr12
1a44e:  760883003768       lda rr8,<<3>>0x3768
1a454:  308a000a           ldb rl2,rr8(#0x000a)
1a458:  060a0f0f           andb rl2,#0x0f
1a45c:  0a0a0707           cpb rl2,#0x07
1a460:  ca02               ldb rl2,#0x02
1a462:  760a8300377c       lda rr10,<<3>>0x377c
1a468:  32aa000a           ldb rr10(#0x000a),rl2
1a46c:  340cfdb0           ldar rr12,0xa220
1a470:  1ec6               jp z,@rr12
1a472:  a0fa               ldb rl2,rl7
1a474:  0a0a0000           cpb rl2,#0x00
1a478:  8d78               clr r7
1a47a:  e609               jr z,0xa48e
1a47c:  0a0affff           cpb rl2,#0xff
1a480:  bd71               ldk r7,#1
1a482:  e605               jr z,0xa48e
1a484:  060af0f0           andb rl2,#0xf0
1a488:  bd72               ldk r7,#2
1a48a:  ee01               jr nz,0xa48e
1a48c:  bd74               ldk r7,#4
1a48e:  95ec               popl rr12,@rr14
1a490:  95ea               popl rr10,@rr14
1a492:  95e8               popl rr8,@rr14
1a494:  97e6               pop r6,@rr14
1a496:  95e4               popl rr4,@rr14
1a498:  95e2               popl rr2,@rr14
1a49a:  95e0               popl rr0,@rr14
1a49c:  9e08               ret 
1a49e:  91e0               pushl @rr14,rr0
1a4a0:  91e2               pushl @rr14,rr2
1a4a2:  91e8               pushl @rr14,rr8
1a4a4:  91ea               pushl @rr14,rr10
1a4a6:  91ec               pushl @rr14,rr12
1a4a8:  60028400016d       ldb rh2,<<4>>0x016d
1a4ae:  600b84000170       ldb rl3,<<4>>0x0170
1a4b4:  df8d               calr 0xa59c
1a4b6:  8d74               test r7
1a4b8:  ee22               jr nz,0xa4fe
1a4ba:  340c01ea           ldar rr12,0xa6a8
1a4be:  340802f4           ldar rr8,0xa7b6
1a4c2:  dfca               calr 0xa530
1a4c4:  610483003790       ld r4,<<3>>0x3790
1a4ca:  6f0483003760       ld <<3>>0x3760,r4
1a4d0:  8d74               test r7
1a4d2:  ee15               jr nz,0xa4fe
1a4d4:  340c01da           ldar rr12,0xa6b2
1a4d8:  340802fe           ldar rr8,0xa7da
1a4dc:  dfd7               calr 0xa530
1a4de:  8d74               test r7
1a4e0:  ee0e               jr nz,0xa4fe
1a4e2:  540283003790       ldl rr2,<<3>>0x3790
1a4e8:  0b030002           cp r3,#0x0002
1a4ec:  2104026d           ld r4,#0x026d
1a4f0:  2106003a           ld r6,#0x003a
1a4f4:  e604               jr z,0xa4fe
1a4f6:  210401a9           ld r4,#0x01a9
1a4fa:  21060020           ld r6,#0x0020
1a4fe:  a0fa               ldb rl2,rl7
1a500:  0a0a0000           cpb rl2,#0x00
1a504:  8d78               clr r7
1a506:  8d83               resflg c
1a508:  e60a               jr z,0xa51e
1a50a:  0a0affff           cpb rl2,#0xff
1a50e:  bd71               ldk r7,#1
1a510:  e605               jr z,0xa51c
1a512:  060af0f0           andb rl2,#0xf0
1a516:  bd72               ldk r7,#2
1a518:  ee01               jr nz,0xa51c
1a51a:  bd74               ldk r7,#4
1a51c:  8d81               setflg c
1a51e:  610583003760       ld r5,<<3>>0x3760
1a524:  95ec               popl rr12,@rr14
1a526:  95ea               popl rr10,@rr14
1a528:  95e8               popl rr8,@rr14
1a52a:  95e2               popl rr2,@rr14
1a52c:  95e0               popl rr0,@rr14
1a52e:  9e08               ret 
1a530:  91e0               pushl @rr14,rr0
1a532:  93e2               push @rr14,r2
1a534:  91ea               pushl @rr14,rr10
1a536:  4c0683003756       tsetb <<3>>0x3756
1a53c:  2100000a           ld r0,#0x000a
1a540:  340afffc           ldar rr10,0xa540
1a544:  210bad8a           ld r11,#0xad8a
1a548:  1fa0               call @rr10
1a54a:  60028400016d       ldb rh2,<<4>>0x016d
1a550:  91e8               pushl @rr14,rr8
1a552:  1fc0               call @rr12
1a554:  95e8               popl rr8,@rr14
1a556:  8d74               test r7
1a558:  e601               jr z,0xa55c
1a55a:  e817               jr 0xa58a
1a55c:  4c0483003756       testb <<3>>0x3756
1a562:  8d78               clr r7
1a564:  e607               jr z,0xa574
1a566:  4c0483003755       testb <<3>>0x3755
1a56c:  2107ffff           ld r7,#0xffff
1a570:  e60c               jr z,0xa58a
1a572:  e8f4               jr 0xa55c
1a574:  60028400016d       ldb rh2,<<4>>0x016d
1a57a:  760483003790       lda rr4,<<3>>0x3790
1a580:  1f80               call @rr8
1a582:  8d74               test r7
1a584:  ee02               jr nz,0xa58a
1a586:  8d43               resflg z
1a588:  e801               jr 0xa58c
1a58a:  8d41               setflg z
1a58c:  95ea               popl rr10,@rr14
1a58e:  97e2               pop r2,@rr14
1a590:  95e0               popl rr0,@rr14
1a592:  9e08               ret 
1a594:  4c0883003756       clrb <<3>>0x3756
1a59a:  7b00               iret
1a59c:  cae0               ldb rl2,#0xe0
1a59e:  3f23               out @r2,r3
1a5a0:  21090b10           ld r9,#0x0b10
1a5a4:  a730               bit r3,#0
1a5a6:  e602               jr z,0xa5ac
1a5a8:  21090310           ld r9,#0x0310
1a5ac:  cab0               ldb rl2,#0xb0
1a5ae:  3f29               out @r2,r9
1a5b0:  21090810           ld r9,#0x0810
1a5b4:  3f29               out @r2,r9
1a5b6:  ca90               ldb rl2,#0x90
1a5b8:  2108000a           ld r8,#0x000a
1a5bc:  3d26               in r6,@r2
1a5be:  ab80               dec r8,#1
1a5c0:  eefd               jr nz,0xa5bc
1a5c2:  a39b               res r9,#11
1a5c4:  cab0               ldb rl2,#0xb0
1a5c6:  3f29               out @r2,r9
1a5c8:  8d98               clr r9
1a5ca:  3f29               out @r2,r9
1a5cc:  a760               bit r6,#0
1a5ce:  21070014           ld r7,#0x0014
1a5d2:  9e0e               ret nz
1a5d4:  dfff               calr 0xa5d8
1a5d6:  9e08               ret 
1a5d8:  ca90               ldb rl2,#0x90
1a5da:  3d28               in r8,@r2
1a5dc:  a782               bit r8,#2
1a5de:  21070010           ld r7,#0x0010
1a5e2:  e606               jr z,0xa5f0
1a5e4:  a783               bit r8,#3
1a5e6:  21070011           ld r7,#0x0011
1a5ea:  ee02               jr nz,0xa5f0
1a5ec:  8d78               clr r7
1a5ee:  9e08               ret 
1a5f0:  95e8               popl rr8,@rr14
1a5f2:  9e08               ret 
1a5f4:  cab0               ldb rl2,#0xb0
1a5f6:  21080500           ld r8,#0x0500
1a5fa:  3f28               out @r2,r8
1a5fc:  ca70               ldb rl2,#0x70
1a5fe:  8d88               clr r8
1a600:  3f28               out @r2,r8
1a602:  0b070000           cp r7,#0x0000
1a606:  e602               jr z,0xa60c
1a608:  cad0               ldb rl2,#0xd0
1a60a:  3f27               out @r2,r7
1a60c:  9e08               ret 
1a60e:  d01c               calr 0xa5d8
1a610:  a145               ld r5,r4
1a612:  8535               or r5,r3
1a614:  cae0               ldb rl2,#0xe0
1a616:  3f25               out @r2,r5
1a618:  cab0               ldb rl2,#0xb0
1a61a:  21090910           ld r9,#0x0910
1a61e:  3f29               out @r2,r9
1a620:  21060005           ld r6,#0x0005
1a624:  3d28               in r8,@r2
1a626:  f682               djnz r6,0xa624
1a628:  a39b               res r9,#11
1a62a:  3f29               out @r2,r9
1a62c:  3d28               in r8,@r2
1a62e:  3d28               in r8,@r2
1a630:  a394               res r9,#4
1a632:  3f29               out @r2,r9
1a634:  060b3030           andb rl3,#0x30
1a638:  e604               jr z,0xa642
1a63a:  210603e8           ld r6,#0x03e8
1a63e:  3d28               in r8,@r2
1a640:  f682               djnz r6,0xa63e
1a642:  9e08               ret 
1a644:  ca81               ldb rl2,#0x81
1a646:  3f23               out @r2,r3
1a648:  8d78               clr r7
1a64a:  9e08               ret 
1a64c:  ca80               ldb rl2,#0x80
1a64e:  b345ffff           srll rr4,#1
1a652:  3f25               out @r2,r5
1a654:  ca82               ldb rl2,#0x82
1a656:  3f24               out @r2,r4
1a658:  8d78               clr r7
1a65a:  9e08               ret 
1a65c:  21050708           ld r5,#0x0708
1a660:  cab0               ldb rl2,#0xb0
1a662:  3f25               out @r2,r5
1a664:  a557               set r5,#7
1a666:  3f25               out @r2,r5
1a668:  8d78               clr r7
1a66a:  9e08               ret 
1a66c:  d04b               calr 0xa5d8
1a66e:  dfff               calr 0xa672
1a670:  9e08               ret 
1a672:  cae0               ldb rl2,#0xe0
1a674:  acb3               exb rh3,rl3
1a676:  3f23               out @r2,r3
1a678:  acb3               exb rh3,rl3
1a67a:  cae1               ldb rl2,#0xe1
1a67c:  3f23               out @r2,r3
1a67e:  cab0               ldb rl2,#0xb0
1a680:  21060a18           ld r6,#0x0a18
1a684:  3f26               out @r2,r6
1a686:  ca83               ldb rl2,#0x83
1a688:  3f26               out @r2,r6
1a68a:  9e08               ret 
1a68c:  d05b               calr 0xa5d8
1a68e:  21030018           ld r3,#0x0018
1a692:  dfff               calr 0xa696
1a694:  9e08               ret 
1a696:  cae0               ldb rl2,#0xe0
1a698:  3f23               out @r2,r3
1a69a:  cab0               ldb rl2,#0xb0
1a69c:  21030218           ld r3,#0x0218
1a6a0:  3f23               out @r2,r3
1a6a2:  ca83               ldb rl2,#0x83
1a6a4:  3f23               out @r2,r3
1a6a6:  9e08               ret 
1a6a8:  d069               calr 0xa5d8
1a6aa:  21030068           ld r3,#0x0068
1a6ae:  d00d               calr 0xa696
1a6b0:  9e08               ret 
1a6b2:  d06e               calr 0xa5d8
1a6b4:  21030088           ld r3,#0x0088
1a6b8:  d012               calr 0xa696
1a6ba:  9e08               ret 
1a6bc:  d073               calr 0xa5d8
1a6be:  c350               ldb rh3,#0x50
1a6c0:  d028               calr 0xa672
1a6c2:  9e08               ret 
1a6c4:  a170               ld r0,r7
1a6c6:  d078               calr 0xa5d8
1a6c8:  21090d25           ld r9,#0x0d25
1a6cc:  21070083           ld r7,#0x0083
1a6d0:  dfff               calr 0xa6d4
1a6d2:  9e08               ret 
1a6d4:  a6b4               bitb rl3,#4
1a6d6:  e602               jr z,0xa6dc
1a6d8:  09070001           xor r7,#0x0001
1a6dc:  ca20               ldb rl2,#0x20
1a6de:  3f25               out @r2,r5
1a6e0:  ca21               ldb rl2,#0x21
1a6e2:  3f23               out @r2,r3
1a6e4:  ca23               ldb rl2,#0x23
1a6e6:  3f24               out @r2,r4
1a6e8:  ca22               ldb rl2,#0x22
1a6ea:  acc4               exb rh4,rl4
1a6ec:  3f24               out @r2,r4
1a6ee:  ca10               ldb rl2,#0x10
1a6f0:  3f26               out @r2,r6
1a6f2:  cac3               ldb rl2,#0xc3
1a6f4:  21080030           ld r8,#0x0030
1a6f8:  3f28               out @r2,r8
1a6fa:  cac0               ldb rl2,#0xc0
1a6fc:  21080001           ld r8,#0x0001
1a700:  3f28               out @r2,r8
1a702:  8d88               clr r8
1a704:  3f28               out @r2,r8
1a706:  cac3               ldb rl2,#0xc3
1a708:  21080070           ld r8,#0x0070
1a70c:  3f28               out @r2,r8
1a70e:  cac1               ldb rl2,#0xc1
1a710:  ac80               exb rh0,rl0
1a712:  ab00               dec r0,#1
1a714:  3f20               out @r2,r0
1a716:  ac80               exb rh0,rl0
1a718:  3f20               out @r2,r0
1a71a:  cac3               ldb rl2,#0xc3
1a71c:  210800b0           ld r8,#0x00b0
1a720:  3f28               out @r2,r8
1a722:  cac2               ldb rl2,#0xc2
1a724:  ac80               exb rh0,rl0
1a726:  b301ffff           srl r0,#1
1a72a:  3f20               out @r2,r0
1a72c:  ac80               exb rh0,rl0
1a72e:  3f20               out @r2,r0
1a730:  cab0               ldb rl2,#0xb0
1a732:  3f29               out @r2,r9
1a734:  a593               set r9,#3
1a736:  3f29               out @r2,r9
1a738:  ca70               ldb rl2,#0x70
1a73a:  3f27               out @r2,r7
1a73c:  8d78               clr r7
1a73e:  9e08               ret 
1a740:  a170               ld r0,r7
1a742:  d0b6               calr 0xa5d8
1a744:  21090d22           ld r9,#0x0d22
1a748:  21070081           ld r7,#0x0081
1a74c:  d03d               calr 0xa6d4
1a74e:  9e08               ret 
1a750:  a170               ld r0,r7
1a752:  d0be               calr 0xa5d8
1a754:  21090d22           ld r9,#0x0d22
1a758:  21070087           ld r7,#0x0087
1a75c:  d045               calr 0xa6d4
1a75e:  9e08               ret 
1a760:  8d78               clr r7
1a762:  d0b8               calr 0xa5f4
1a764:  9e08               ret 
1a766:  dffd               calr 0xa76e
1a768:  9e08               ret 
1a76a:  dfff               calr 0xa76e
1a76c:  9e08               ret 
1a76e:  dff6               calr 0xa784
1a770:  8d78               clr r7
1a772:  060b0d0d           andb rl3,#0x0d
1a776:  e604               jr z,0xa780
1a778:  cf12               ldb rl7,#0x12
1a77a:  a6b2               bitb rl3,#2
1a77c:  ee01               jr nz,0xa780
1a77e:  a8f0               incb rl7,#1
1a780:  d0c7               calr 0xa5f4
1a782:  9e08               ret 
1a784:  ca90               ldb rl2,#0x90
1a786:  3d27               in r7,@r2
1a788:  a77b               bit r7,#11
1a78a:  ee0b               jr nz,0xa7a2
1a78c:  cab0               ldb rl2,#0xb0
1a78e:  21030208           ld r3,#0x0208
1a792:  3f23               out @r2,r3
1a794:  ca83               ldb rl2,#0x83
1a796:  3f23               out @r2,r3
1a798:  ca90               ldb rl2,#0x90
1a79a:  3d27               in r7,@r2
1a79c:  a771               bit r7,#1
1a79e:  ee06               jr nz,0xa7ac
1a7a0:  f384               djnz r3,0xa79a
1a7a2:  2107ffff           ld r7,#0xffff
1a7a6:  d0da               calr 0xa5f4
1a7a8:  95e8               popl rr8,@rr14
1a7aa:  9e08               ret 
1a7ac:  ca80               ldb rl2,#0x80
1a7ae:  3d23               in r3,@r2
1a7b0:  070300ff           and r3,#0x00ff
1a7b4:  9e08               ret 
1a7b6:  dfff               calr 0xa7ba
1a7b8:  9e08               ret 
1a7ba:  d01c               calr 0xa784
1a7bc:  080bffff           xorb rl3,#0xff
1a7c0:  a0bf               ldb rl7,rl3
1a7c2:  0703000f           and r3,#0x000f
1a7c6:  33430002           ld rr4(#0x0002),r3
1a7ca:  070700f0           and r7,#0x00f0
1a7ce:  b2f1fffc           srlb rl7,#4
1a7d2:  2f47               ld @rr4,r7
1a7d4:  8d78               clr r7
1a7d6:  d0f2               calr 0xa5f4
1a7d8:  9e08               ret 
1a7da:  d011               calr 0xa7ba
1a7dc:  9e08               ret 
1a7de:  d02e               calr 0xa784
1a7e0:  080bffff           xorb rl3,#0xff
1a7e4:  2f43               ld @rr4,r3
1a7e6:  8d78               clr r7
1a7e8:  d0fb               calr 0xa5f4
1a7ea:  9e08               ret 
1a7ec:  21061d00           ld r6,#0x1d00
1a7f0:  dfff               calr 0xa7f4
1a7f2:  9e08               ret 
1a7f4:  ca90               ldb rl2,#0x90
1a7f6:  3d21               in r1,@r2
1a7f8:  dfb4               calr 0xa892
1a7fa:  21070020           ld r7,#0x0020
1a7fe:  a71e               bit r1,#14
1a800:  ee20               jr nz,0xa842
1a802:  a970               inc r7,#1
1a804:  a71d               bit r1,#13
1a806:  ee1d               jr nz,0xa842
1a808:  8d78               clr r7
1a80a:  8763               and r3,r6
1a80c:  e610               jr z,0xa82e
1a80e:  cf01               ldb rl7,#0x01
1a810:  a738               bit r3,#8
1a812:  ee0d               jr nz,0xa82e
1a814:  cf03               ldb rl7,#0x03
1a816:  a73b               bit r3,#11
1a818:  ee0a               jr nz,0xa82e
1a81a:  cf02               ldb rl7,#0x02
1a81c:  a73a               bit r3,#10
1a81e:  ee07               jr nz,0xa82e
1a820:  cf15               ldb rl7,#0x15
1a822:  a73e               bit r3,#14
1a824:  ee04               jr nz,0xa82e
1a826:  cf05               ldb rl7,#0x05
1a828:  a739               bit r3,#9
1a82a:  ee01               jr nz,0xa82e
1a82c:  cf04               ldb rl7,#0x04
1a82e:  0b070000           cp r7,#0x0000
1a832:  ee07               jr nz,0xa842
1a834:  07010300           and r1,#0x0300
1a838:  0b010300           cp r1,#0x0300
1a83c:  e602               jr z,0xa842
1a83e:  2107ffff           ld r7,#0xffff
1a842:  d128               calr 0xa5f4
1a844:  8ca8               clrb rl2
1a846:  3d23               in r3,@r2
1a848:  8c38               clrb rh3
1a84a:  33430004           ld rr4(#0x0004),r3
1a84e:  ca02               ldb rl2,#0x02
1a850:  3d20               in r0,@r2
1a852:  8c08               clrb rh0
1a854:  ac80               exb rh0,rl0
1a856:  a8a0               incb rl2,#1
1a858:  3d23               in r3,@r2
1a85a:  8c38               clrb rh3
1a85c:  8503               or r3,r0
1a85e:  33430002           ld rr4(#0x0002),r3
1a862:  ca01               ldb rl2,#0x01
1a864:  3d23               in r3,@r2
1a866:  8c38               clrb rh3
1a868:  2f43               ld @rr4,r3
1a86a:  ca70               ldb rl2,#0x70
1a86c:  2108001f           ld r8,#0x001f
1a870:  3f28               out @r2,r8
1a872:  ca20               ldb rl2,#0x20
1a874:  3d23               in r3,@r2
1a876:  8c38               clrb rh3
1a878:  ca70               ldb rl2,#0x70
1a87a:  8d88               clr r8
1a87c:  3f28               out @r2,r8
1a87e:  0b070004           cp r7,#0x0004
1a882:  e604               jr z,0xa88c
1a884:  0b070001           cp r7,#0x0001
1a888:  e601               jr z,0xa88c
1a88a:  aab0               decb rl3,#1
1a88c:  33430006           ld rr4(#0x0006),r3
1a890:  9e08               ret 
1a892:  21088000           ld r8,#0x8000
1a896:  ca20               ldb rl2,#0x20
1a898:  3d23               in r3,@r2
1a89a:  a73d               bit r3,#13
1a89c:  e606               jr z,0xa8aa
1a89e:  f884               djnz r8,0xa898
1a8a0:  2107ffff           ld r7,#0xffff
1a8a4:  d159               calr 0xa5f4
1a8a6:  95e8               popl rr8,@rr14
1a8a8:  9e08               ret 
1a8aa:  a71b               bit r1,#11
1a8ac:  eef9               jr nz,0xa8a0
1a8ae:  9e08               ret 
1a8b0:  21065100           ld r6,#0x5100
1a8b4:  d061               calr 0xa7f4
1a8b6:  9e08               ret 
1a8b8:  21061f00           ld r6,#0x1f00
1a8bc:  d065               calr 0xa7f4
1a8be:  9e08               ret 
1a8c0:  00010203           addb rh1,#0x03
1a8c4:  04050607           orb rh5,#0x07
1a8c8:  0810               xorb rh0,@rr1
1a8ca:  1112               pushl @rr1,@rr2
1a8cc:  1314               push @rr1,@rr4
1a8ce:  1516               popl @rr6,@rr1
1a8d0:  1718               pop @rr8,@rr1
1a8d2:  191a               mult rr10,@rr1
1a8d4:  1b1c               div rr12,@rr1
1a8d6:  1d1e               ldl @rr1,rr14
1a8d8:  2021               ldb rh1,@rr2
1a8da:  2223               resb @rr2,#3
1a8dc:  2425               setb @rr2,#5
1a8de:  2627               bitb @rr2,#7
1a8e0:  2829               incb @rr2,#10
1a8e2:  2a2b               decb @rr2,#12
1a8e4:  2c2d               exb rl5,@rr2
1a8e6:  2eff               ldb @rr15,rl7
1a8e8:  942a               ldl rr10,rr2
1a8ea:  4db503020050       ld <<3>>0x0002(r11),#0x0050
1a8f0:  4cb80330           clrb <<3>>0x0030(r11)
1a8f4:  340c053c           ldar rr12,0xae34
1a8f8:  dd98               calr 0xadca
1a8fa:  340c00fe           ldar rr12,0xa9fc
1a8fe:  1ece               jp nz,@rr12
1a900:  7d44               ldctl r4,psapseg
1a902:  7d55               ldctl r5,psap
1a904:  cd3c               ldb rl5,#0x3c
1a906:  8d18               clr r1
1a908:  60b9030a           ldb rl1,<<3>>0x000a(r11)
1a90c:  8d38               clr r3
1a90e:  a09b               ldb rl3,rl1
1a910:  8111               add r1,r1
1a912:  8115               add r5,r1
1a914:  340604cc           ldar rr6,0xade4
1a918:  1d46               ldl @rr4,rr6
1a91a:  6f3b830038d2       ld <<3>>0x38d2(r3),r11
1a920:  000b0202           addb rl3,#0x02
1a924:  6ebb030b           ldb <<3>>0x000b(r11),rl3
1a928:  020b0202           subb rl3,#0x02
1a92c:  340c0658           ldar rr12,0xaf88
1a930:  ddb4               calr 0xadca
1a932:  ee64               jr nz,0xa9fc
1a934:  340c0612           ldar rr12,0xaf4a
1a938:  21030083           ld r3,#0x0083
1a93c:  ddba               calr 0xadca
1a93e:  ee5e               jr nz,0xa9fc
1a940:  340c00b0           ldar rr12,0xa9f4
1a944:  5dbc0336           ldl <<3>>0x0036(r11),rr12
1a948:  340c0644           ldar rr12,0xaf90
1a94c:  ddc2               calr 0xadca
1a94e:  ee56               jr nz,0xa9fc
1a950:  dfca               calr 0xa9be
1a952:  ee54               jr nz,0xa9fc
1a954:  340c08e4           ldar rr12,0xb23c
1a958:  ddc8               calr 0xadca
1a95a:  ee50               jr nz,0xa9fc
1a95c:  340c05ea           ldar rr12,0xaf4a
1a960:  21030083           ld r3,#0x0083
1a964:  ddce               calr 0xadca
1a966:  ee4a               jr nz,0xa9fc
1a968:  4db80342           clr <<3>>0x0042(r11)
1a96c:  21030002           ld r3,#0x0002
1a970:  ddcb               calr 0xaddc
1a972:  0a0f1414           cpb rl7,#0x14
1a976:  eb45               jr ugt,0xaa02
1a978:  0a0f1414           cpb rl7,#0x14
1a97c:  e603               jr z,0xa984
1a97e:  4cb503420101       ldb <<3>>0x0042(r11),#0x01
1a984:  21030003           ld r3,#0x0003
1a988:  ddd7               calr 0xaddc
1a98a:  0a0f1414           cpb rl7,#0x14
1a98e:  eb39               jr ugt,0xaa02
1a990:  0a0f1414           cpb rl7,#0x14
1a994:  e603               jr z,0xa99c
1a996:  4cb503430101       ldb <<3>>0x0043(r11),#0x01
1a99c:  94a2               ldl rr2,rr10
1a99e:  01030018           add r3,#0x0018
1a9a2:  0c250000           ldb @rr2,#0x00
1a9a6:  9428               ldl rr8,rr2
1a9a8:  a990               inc r9,#1
1a9aa:  21010007           ld r1,#0x0007
1a9ae:  ba210180           ldirb @rr8,@rr2,r1
1a9b2:  61b00342           ld r0,<<3>>0x0042(r11)
1a9b6:  6fb00318           ld <<3>>0x0018(r11),r0
1a9ba:  8d78               clr r7
1a9bc:  9e08               ret 
1a9be:  2101ffff           ld r1,#0xffff
1a9c2:  8d28               clr r2
1a9c4:  0b010000           cp r1,#0x0000
1a9c8:  ee0b               jr nz,0xa9e0
1a9ca:  0b020001           cp r2,#0x0001
1a9ce:  ee04               jr nz,0xa9d8
1a9d0:  21070001           ld r7,#0x0001
1a9d4:  e80d               jr 0xa9f0
1a9d6:  e804               jr 0xa9e0
1a9d8:  21020001           ld r2,#0x0001
1a9dc:  2101ffff           ld r1,#0xffff
1a9e0:  4cb40330           testb <<3>>0x0030(r11)
1a9e4:  e603               jr z,0xa9ec
1a9e6:  21070000           ld r7,#0x0000
1a9ea:  e802               jr 0xa9f0
1a9ec:  ab10               dec r1,#1
1a9ee:  e8ea               jr 0xa9c4
1a9f0:  8d74               test r7
1a9f2:  9e08               ret 
1a9f4:  4cb503300101       ldb <<3>>0x0030(r11),#0x01
1a9fa:  9e08               ret 
1a9fc:  21070001           ld r7,#0x0001
1aa00:  9e08               ret 
1aa02:  21070002           ld r7,#0x0002
1aa06:  9e08               ret 
1aa08:  942a               ldl rr10,rr2
1aa0a:  4cb503310505       ldb <<3>>0x0031(r11),#0x05
1aa10:  4cb503400000       ldb <<3>>0x0040(r11),#0x00
1aa16:  4cb80313           clrb <<3>>0x0013(r11)
1aa1a:  60b6032a           ldb rh6,<<3>>0x002a(r11)
1aa1e:  0a060505           cpb rh6,#0x05
1aa22:  ee02               jr nz,0xaa28
1aa24:  e851               jr 0xaac8
1aa26:  e80b               jr 0xaa3e
1aa28:  0a060404           cpb rh6,#0x04
1aa2c:  ee04               jr nz,0xaa36
1aa2e:  340c015a           ldar rr12,0xab8c
1aa32:  1ec8               jp @rr12
1aa34:  e804               jr 0xaa3e
1aa36:  0a060606           cpb rh6,#0x06
1aa3a:  ee01               jr nz,0xaa3e
1aa3c:  e845               jr 0xaac8
1aa3e:  4cb1032b0101       cpb <<3>>0x002b(r11),#0x01
1aa44:  ee04               jr nz,0xaa4e
1aa46:  4cb5034a0101       ldb <<3>>0x004a(r11),#0x01
1aa4c:  e803               jr 0xaa54
1aa4e:  4cb5034c0101       ldb <<3>>0x004c(r11),#0x01
1aa54:  0a060707           cpb rh6,#0x07
1aa58:  ee06               jr nz,0xaa66
1aa5a:  21030004           ld r3,#0x0004
1aa5e:  340c01a0           ldar rr12,0xac02
1aa62:  1ec8               jp @rr12
1aa64:  e808               jr 0xaa76
1aa66:  0a060808           cpb rh6,#0x08
1aa6a:  ee05               jr nz,0xaa76
1aa6c:  21030000           ld r3,#0x0000
1aa70:  340c018e           ldar rr12,0xac02
1aa74:  1ec8               jp @rr12
1aa76:  91ea               pushl @rr14,rr10
1aa78:  91e6               pushl @rr14,rr6
1aa7a:  54b20320           ldl rr2,<<3>>0x0020(r11)
1aa7e:  340cfffc           ldar rr12,0xaa7e
1aa82:  210dad10           ld r13,#0xad10
1aa86:  1fc0               call @rr12
1aa88:  95e6               popl rr6,@rr14
1aa8a:  95ea               popl rr10,@rr14
1aa8c:  5db20332           ldl <<3>>0x0032(r11),rr2
1aa90:  61b00324           ld r0,<<3>>0x0024(r11)
1aa94:  0b004000           cp r0,#0x4000
1aa98:  e304               jr ule,0xaaa2
1aa9a:  4db5033a4000       ld <<3>>0x003a(r11),#0x4000
1aaa0:  e802               jr 0xaaa6
1aaa2:  6fb0033a           ld <<3>>0x003a(r11),r0
1aaa6:  0a068888           cpb rh6,#0x88
1aaaa:  ee04               jr nz,0xaab4
1aaac:  340c0104           ldar rr12,0xabb4
1aab0:  1ec8               jp @rr12
1aab2:  e80a               jr 0xaac8
1aab4:  0a069191           cpb rh6,#0x91
1aab8:  ee04               jr nz,0xaac2
1aaba:  340c0122           ldar rr12,0xabe0
1aabe:  1ec8               jp @rr12
1aac0:  e803               jr 0xaac8
1aac2:  340c02f0           ldar rr12,0xadb6
1aac6:  1ec8               jp @rr12
1aac8:  4cb1032a0606       cpb <<3>>0x002a(r11),#0x06
1aace:  e637               jr z,0xab3e
1aad0:  60b4032b           ldb rh4,<<3>>0x002b(r11)
1aad4:  0a040101           cpb rh4,#0x01
1aad8:  ee03               jr nz,0xaae0
1aada:  21030000           ld r3,#0x0000
1aade:  e809               jr 0xaaf2
1aae0:  0a040202           cpb rh4,#0x02
1aae4:  ee03               jr nz,0xaaec
1aae6:  21030001           ld r3,#0x0001
1aaea:  e803               jr 0xaaf2
1aaec:  340c02c6           ldar rr12,0xadb6
1aaf0:  1ec8               jp @rr12
1aaf2:  de8c               calr 0xaddc
1aaf4:  e60d               jr z,0xab10
1aaf6:  0a0f1212           cpb rl7,#0x12
1aafa:  ee0a               jr nz,0xab10
1aafc:  340c0174           ldar rr12,0xac74
1ab00:  4cb103400101       cpb <<3>>0x0040(r11),#0x01
1ab06:  1ec6               jp z,@rr12
1ab08:  4cb503400101       ldb <<3>>0x0040(r11),#0x01
1ab0e:  e8dc               jr 0xaac8
1ab10:  34080018           ldar rr8,0xab2c
1ab14:  5db80336           ldl <<3>>0x0036(r11),rr8
1ab18:  340c04e2           ldar rr12,0xaffe
1ab1c:  deaa               calr 0xadca
1ab1e:  9e06               ret z
1ab20:  0a0f1616           cpb rl7,#0x16
1ab24:  e60c               jr z,0xab3e
1ab26:  340c014a           ldar rr12,0xac74
1ab2a:  1ec8               jp @rr12
1ab2c:  340c08f8           ldar rr12,0xb428
1ab30:  deb4               calr 0xadca
1ab32:  e605               jr z,0xab3e
1ab34:  340c013c           ldar rr12,0xac74
1ab38:  0a0f1616           cpb rl7,#0x16
1ab3c:  1ece               jp nz,@rr12
1ab3e:  60b4032b           ldb rh4,<<3>>0x002b(r11)
1ab42:  60bc0326           ldb rl4,<<3>>0x0026(r11)
1ab46:  0a040202           cpb rh4,#0x02
1ab4a:  e60d               jr z,0xab66
1ab4c:  0a0c0000           cpb rl4,#0x00
1ab50:  ee05               jr nz,0xab5c
1ab52:  21030000           ld r3,#0x0000
1ab56:  6fb30342           ld <<3>>0x0042(r11),r3
1ab5a:  e804               jr 0xab64
1ab5c:  21030002           ld r3,#0x0002
1ab60:  6fb30342           ld <<3>>0x0042(r11),r3
1ab64:  e80c               jr 0xab7e
1ab66:  0a0c0000           cpb rl4,#0x00
1ab6a:  ee05               jr nz,0xab76
1ab6c:  21030001           ld r3,#0x0001
1ab70:  6fb30344           ld <<3>>0x0044(r11),r3
1ab74:  e804               jr 0xab7e
1ab76:  21030003           ld r3,#0x0003
1ab7a:  6fb30344           ld <<3>>0x0044(r11),r3
1ab7e:  ded2               calr 0xaddc
1ab80:  340c023c           ldar rr12,0xadc0
1ab84:  1ec6               jp z,@rr12
1ab86:  340c00ea           ldar rr12,0xac74
1ab8a:  1ec8               jp @rr12
1ab8c:  34080014           ldar rr8,0xaba4
1ab90:  5db80336           ldl <<3>>0x0036(r11),rr8
1ab94:  340c058e           ldar rr12,0xb126
1ab98:  8d38               clr r3
1ab9a:  dee9               calr 0xadca
1ab9c:  9e06               ret z
1ab9e:  340c00d2           ldar rr12,0xac74
1aba2:  1ec8               jp @rr12
1aba4:  340c0862           ldar rr12,0xb40a
1aba8:  8d38               clr r3
1abaa:  def1               calr 0xadca
1abac:  340c0210           ldar rr12,0xadc0
1abb0:  1ec6               jp z,@rr12
1abb2:  e860               jr 0xac74
1abb4:  3408001a           ldar rr8,0xabd2
1abb8:  5db80336           ldl <<3>>0x0036(r11),rr8
1abbc:  21030004           ld r3,#0x0004
1abc0:  54b40332           ldl rr4,<<3>>0x0032(r11)
1abc4:  61b6033a           ld r6,<<3>>0x003a(r11)
1abc8:  340c03ec           ldar rr12,0xafb8
1abcc:  df02               calr 0xadca
1abce:  9e06               ret z
1abd0:  e851               jr 0xac74
1abd2:  340c0680           ldar rr12,0xb256
1abd6:  94a4               ldl rr4,rr10
1abd8:  0105003c           add r5,#0x003c
1abdc:  df0a               calr 0xadca
1abde:  e84a               jr 0xac74
1abe0:  34080016           ldar rr8,0xabfa
1abe4:  5db80336           ldl <<3>>0x0036(r11),rr8
1abe8:  54b40332           ldl rr4,<<3>>0x0032(r11)
1abec:  61b6033a           ld r6,<<3>>0x003a(r11)
1abf0:  340c052c           ldar rr12,0xb120
1abf4:  df16               calr 0xadca
1abf6:  9e06               ret z
1abf8:  e83d               jr 0xac74
1abfa:  340c065a           ldar rr12,0xb258
1abfe:  df1b               calr 0xadca
1ac00:  e839               jr 0xac74
1ac02:  3408000e           ldar rr8,0xac14
1ac06:  5db80336           ldl <<3>>0x0036(r11),rr8
1ac0a:  340c03d2           ldar rr12,0xafe0
1ac0e:  df23               calr 0xadca
1ac10:  9e06               ret z
1ac12:  e830               jr 0xac74
1ac14:  340c07ec           ldar rr12,0xb404
1ac18:  df28               calr 0xadca
1ac1a:  0a0f0303           cpb rl7,#0x03
1ac1e:  eb2a               jr ugt,0xac74
1ac20:  340c019c           ldar rr12,0xadc0
1ac24:  1ec8               jp @rr12
1ac26:  599a59ee           mult rr10,<<89>>0x00ee(r9)
1ac2a:  59ee59b4           mult rr14,<<89>>0x00b4(r14)
1ac2e:  5a9659ee           divl rq6,<<89>>0x00ee(r9)
1ac32:  5a645a96           divl rq4,<<90>>0x0096(r6)
1ac36:  59b45a6a           mult rr4,<<90>>0x006a(r11)
1ac3a:  5a6a5a6a           divl rq10,<<90>>0x006a(r6)
1ac3e:  5a6a5a6a           divl rq10,<<90>>0x006a(r6)
1ac42:  5a965ab6           divl rq6,<<90>>0x00b6(r9)
1ac46:  5ab65a6a           divl rq6,<<90>>0x006a(r11)
1ac4a:  5a6a5a6a           divl rq10,<<90>>0x006a(r6)
1ac4e:  5a6a5a6a           divl rq10,<<90>>0x006a(r6)
1ac52:  5a6a5a6a           divl rq10,<<90>>0x006a(r6)
1ac56:  5ab65a64           divl rq6,<<90>>0x0064(r11)
1ac5a:  5a645a64           divl rq4,<<90>>0x0064(r6)
1ac5e:  5a645a64           divl rq4,<<90>>0x0064(r6)
1ac62:  5a645a64           divl rq4,<<90>>0x0064(r6)
1ac66:  5a645ab6           divl rq4,<<90>>0x00b6(r6)
1ac6a:  5a645a64           divl rq4,<<90>>0x0064(r6)
1ac6e:  5a645a64           divl rq4,<<90>>0x0064(r6)
1ac72:  5a642104           divl rq4,<<33>>0x0004(r6)
1ac76:  0028               addb rl0,@rr2
1ac78:  3402fc44           ldar rr2,0xa8c0
1ac7c:  ba2404f6           cpirb rl7,@rr2,r4,z
1ac80:  e603               jr z,0xac88
1ac82:  340c013a           ldar rr12,0xadc0
1ac86:  1ec8               jp @rr12
1ac88:  030355c1           sub r3,#0x55c1
1ac8c:  b3310001           sll r3,#1
1ac90:  3404ff92           ldar rr4,0xac26
1ac94:  71450300           ld r5,rr4(r3)
1ac98:  1e48               jp @rr4
1ac9a:  54b80320           ldl rr8,<<3>>0x0020(r11)
1ac9e:  61b1033a           ld r1,<<3>>0x003a(r11)
1aca2:  8119               add r9,r1
1aca4:  5db80320           ldl <<3>>0x0020(r11),rr8
1aca8:  61b00324           ld r0,<<3>>0x0024(r11)
1acac:  8310               sub r0,r1
1acae:  6fb00324           ld <<3>>0x0024(r11),r0
1acb2:  e814               jr 0xacdc
1acb4:  61b0033c           ld r0,<<3>>0x003c(r11)
1acb8:  54b80320           ldl rr8,<<3>>0x0020(r11)
1acbc:  61b20324           ld r2,<<3>>0x0024(r11)
1acc0:  8b20               cp r0,r2
1acc2:  e306               jr ule,0xacd0
1acc4:  8d78               clr r7
1acc6:  4db80318           clr <<3>>0x0018(r11)
1acca:  340c00f2           ldar rr12,0xadc0
1acce:  1ec8               jp @rr12
1acd0:  8302               sub r2,r0
1acd2:  6fb20324           ld <<3>>0x0024(r11),r2
1acd6:  8109               add r9,r0
1acd8:  5db80320           ldl <<3>>0x0020(r11),rr8
1acdc:  4db40324           test <<3>>0x0024(r11)
1ace0:  e66f               jr z,0xadc0
1ace2:  4cb503310505       ldb <<3>>0x0031(r11),#0x05
1ace8:  340cfd2e           ldar rr12,0xaa1a
1acec:  1ec8               jp @rr12
1acee:  68b00313           incb <<3>>0x0013(r11),#1
1acf2:  6ab00331           decb <<3>>0x0031(r11),#1
1acf6:  e64f               jr z,0xad96
1acf8:  61b00318           ld r0,<<3>>0x0018(r11)
1acfc:  6fb0034e           ld <<3>>0x004e(r11),r0
1ad00:  4cb103400202       cpb <<3>>0x0040(r11),#0x02
1ad06:  e712               jr c,0xad2c
1ad08:  61b0034e           ld r0,<<3>>0x004e(r11)
1ad0c:  6fb00318           ld <<3>>0x0018(r11),r0
1ad10:  4cb80331           clrb <<3>>0x0031(r11)
1ad14:  4cb1032b0101       cpb <<3>>0x002b(r11),#0x01
1ad1a:  ee04               jr nz,0xad24
1ad1c:  4cb5034a0101       ldb <<3>>0x004a(r11),#0x01
1ad22:  e803               jr 0xad2a
1ad24:  4cb5034c0101       ldb <<3>>0x004c(r11),#0x01
1ad2a:  e835               jr 0xad96
1ad2c:  68b00340           incb <<3>>0x0040(r11),#1
1ad30:  34080018           ldar rr8,0xad4c
1ad34:  5db80336           ldl <<3>>0x0036(r11),rr8
1ad38:  21030000           ld r3,#0x0000
1ad3c:  340c02a0           ldar rr12,0xafe0
1ad40:  dfbc               calr 0xadca
1ad42:  9e06               ret z
1ad44:  0a0f1111           cpb rl7,#0x11
1ad48:  e3db               jr ule,0xad00
1ad4a:  e894               jr 0xac74
1ad4c:  340c06b4           ldar rr12,0xb404
1ad50:  dfc4               calr 0xadca
1ad52:  a0f8               ldb rl0,rl7
1ad54:  0a080303           cpb rl0,#0x03
1ad58:  eb8d               jr ugt,0xac74
1ad5a:  4cb80340           clrb <<3>>0x0040(r11)
1ad5e:  340cfcb8           ldar rr12,0xaa1a
1ad62:  1ec8               jp @rr12
1ad64:  21070001           ld r7,#0x0001
1ad68:  e82b               jr 0xadc0
1ad6a:  0b070012           cp r7,#0x0012
1ad6e:  ee10               jr nz,0xad90
1ad70:  4cb1032b0101       cpb <<3>>0x002b(r11),#0x01
1ad76:  ee03               jr nz,0xad7e
1ad78:  61b30342           ld r3,<<3>>0x0042(r11)
1ad7c:  e802               jr 0xad82
1ad7e:  61b30344           ld r3,<<3>>0x0044(r11)
1ad82:  6fb7034e           ld <<3>>0x004e(r11),r7
1ad86:  dfd6               calr 0xaddc
1ad88:  61b7034e           ld r7,<<3>>0x004e(r11)
1ad8c:  6fb70318           ld <<3>>0x0018(r11),r7
1ad90:  21070002           ld r7,#0x0002
1ad94:  e815               jr 0xadc0
1ad96:  60b1032a           ldb rh1,<<3>>0x002a(r11)
1ad9a:  0a019191           cpb rh1,#0x91
1ad9e:  e603               jr z,0xada6
1ada0:  21070004           ld r7,#0x0004
1ada4:  e80d               jr 0xadc0
1ada6:  0a0f0707           cpb rl7,#0x07
1adaa:  eefa               jr nz,0xada0
1adac:  4cb40331           testb <<3>>0x0031(r11)
1adb0:  e6dc               jr z,0xad6a
1adb2:  e89d               jr 0xacee
1adb4:  e8f5               jr 0xada0
1adb6:  21070040           ld r7,#0x0040
1adba:  6fb70318           ld <<3>>0x0018(r11),r7
1adbe:  e800               jr 0xadc0
1adc0:  94a2               ldl rr2,rr10
1adc2:  54b4030c           ldl rr4,<<3>>0x000c(r11)
1adc6:  1f40               call @rr4
1adc8:  9e08               ret 
1adca:  91ea               pushl @rr14,rr10
1adcc:  61b20308           ld r2,<<3>>0x0008(r11)
1add0:  1fc0               call @rr12
1add2:  95ea               popl rr10,@rr14
1add4:  6fb70318           ld <<3>>0x0018(r11),r7
1add8:  8d74               test r7
1adda:  9e08               ret 
1addc:  340c008e           ldar rr12,0xae6e
1ade0:  d00c               calr 0xadca
1ade2:  9e08               ret 
1ade4:  3a86ff84           outb #0xff84,rl0
1ade8:  7c05               ei vi
1adea:  abfd               dec r15,#14
1adec:  abfd               dec r15,#14
1adee:  1ce9000d           ldm @rr14,r0,#14
1adf2:  31e1001c           ld r1,rr14(#0x001c)
1adf6:  8c18               clrb rh1
1adf8:  760a830038d2       lda rr10,<<3>>0x38d2
1adfe:  71ab0100           ld r11,rr10(r1)
1ae02:  21030082           ld r3,#0x0082
1ae06:  340c0140           ldar rr12,0xaf4a
1ae0a:  d021               calr 0xadca
1ae0c:  4cb1032b0101       cpb <<3>>0x002b(r11),#0x01
1ae12:  ee03               jr nz,0xae1a
1ae14:  4cb8034a           clrb <<3>>0x004a(r11)
1ae18:  e802               jr 0xae1e
1ae1a:  4cb8034c           clrb <<3>>0x004c(r11)
1ae1e:  54b40336           ldl rr4,<<3>>0x0036(r11)
1ae22:  1f40               call @rr4
1ae24:  1ce1000d           ldm r0,@rr14,#14
1ae28:  a9fd               inc r15,#14
1ae2a:  a9fd               inc r15,#14
1ae2c:  3a86ff8c           outb #0xff8c,rl0
1ae30:  7b00               iret
1ae32:  0003caff           addb rh3,#0xff
1ae36:  3d23               in r3,@r2
1ae38:  0b03ff62           cp r3,#0xff62
1ae3c:  e603               jr z,0xae44
1ae3e:  21070022           ld r7,#0x0022
1ae42:  e814               jr 0xae6c
1ae44:  caf1               ldb rl2,#0xf1
1ae46:  c834               ldb rl0,#0x34
1ae48:  3f20               out @r2,r0
1ae4a:  c870               ldb rl0,#0x70
1ae4c:  3f20               out @r2,r0
1ae4e:  c8b0               ldb rl0,#0xb0
1ae50:  3f20               out @r2,r0
1ae52:  caf9               ldb rl2,#0xf9
1ae54:  c88e               ldb rl0,#0x8e
1ae56:  3f20               out @r2,r0
1ae58:  c88f               ldb rl0,#0x8f
1ae5a:  3f20               out @r2,r0
1ae5c:  cafb               ldb rl2,#0xfb
1ae5e:  3d21               in r1,@r2
1ae60:  a713               bit r1,#3
1ae62:  ee03               jr nz,0xae6a
1ae64:  21070028           ld r7,#0x0028
1ae68:  e801               jr 0xae6c
1ae6a:  bd70               ldk r7,#0
1ae6c:  9e08               ret 
1ae6e:  caf7               ldb rl2,#0xf7
1ae70:  3d24               in r4,@r2
1ae72:  0b030000           cp r3,#0x0000
1ae76:  e60c               jr z,0xae90
1ae78:  0b030002           cp r3,#0x0002
1ae7c:  e609               jr z,0xae90
1ae7e:  0b030001           cp r3,#0x0001
1ae82:  e60a               jr z,0xae98
1ae84:  0b030003           cp r3,#0x0003
1ae88:  e607               jr z,0xae98
1ae8a:  21070029           ld r7,#0x0029
1ae8e:  e852               jr 0xaf34
1ae90:  0b04fffe           cp r4,#0xfffe
1ae94:  e60b               jr z,0xaeac
1ae96:  e804               jr 0xaea0
1ae98:  0b04fffd           cp r4,#0xfffd
1ae9c:  e607               jr z,0xaeac
1ae9e:  e800               jr 0xaea0
1aea0:  0b04fffc           cp r4,#0xfffc
1aea4:  e603               jr z,0xaeac
1aea6:  21070014           ld r7,#0x0014
1aeaa:  e84e               jr 0xaf48
1aeac:  cafb               ldb rl2,#0xfb
1aeae:  3d28               in r8,@r2
1aeb0:  caf9               ldb rl2,#0xf9
1aeb2:  c882               ldb rl0,#0x82
1aeb4:  3f20               out @r2,r0
1aeb6:  caf5               ldb rl2,#0xf5
1aeb8:  3d24               in r4,@r2
1aeba:  a749               bit r4,#9
1aebc:  e603               jr z,0xaec4
1aebe:  21070013           ld r7,#0x0013
1aec2:  e838               jr 0xaf34
1aec4:  a74b               bit r4,#11
1aec6:  e603               jr z,0xaece
1aec8:  21070010           ld r7,#0x0010
1aecc:  e833               jr 0xaf34
1aece:  2104014c           ld r4,#0x014c
1aed2:  8134               add r4,r3
1aed4:  caf7               ldb rl2,#0xf7
1aed6:  3f24               out @r2,r4
1aed8:  8c48               clrb rh4
1aeda:  3f24               out @r2,r4
1aedc:  caf5               ldb rl2,#0xf5
1aede:  3d24               in r4,@r2
1aee0:  a748               bit r4,#8
1aee2:  e613               jr z,0xaf0a
1aee4:  a74b               bit r4,#11
1aee6:  ee03               jr nz,0xaeee
1aee8:  21070018           ld r7,#0x0018
1aeec:  e823               jr 0xaf34
1aeee:  210600c8           ld r6,#0x00c8
1aef2:  210703e8           ld r7,#0x03e8
1aef6:  3d24               in r4,@r2
1aef8:  a74b               bit r4,#11
1aefa:  e605               jr z,0xaf06
1aefc:  f784               djnz r7,0xaef6
1aefe:  f687               djnz r6,0xaef2
1af00:  21070019           ld r7,#0x0019
1af04:  e817               jr 0xaf34
1af06:  a748               bit r4,#8
1af08:  ee03               jr nz,0xaf10
1af0a:  21070012           ld r7,#0x0012
1af0e:  e812               jr 0xaf34
1af10:  0b030000           cp r3,#0x0000
1af14:  e604               jr z,0xaf1e
1af16:  0b030001           cp r3,#0x0001
1af1a:  e601               jr z,0xaf1e
1af1c:  e805               jr 0xaf28
1af1e:  a744               bit r4,#4
1af20:  e608               jr z,0xaf32
1af22:  2107001a           ld r7,#0x001a
1af26:  e806               jr 0xaf34
1af28:  a744               bit r4,#4
1af2a:  ee03               jr nz,0xaf32
1af2c:  2107001a           ld r7,#0x001a
1af30:  e801               jr 0xaf34
1af32:  bd70               ldk r7,#0
1af34:  caf9               ldb rl2,#0xf9
1af36:  c88e               ldb rl0,#0x8e
1af38:  3f20               out @r2,r0
1af3a:  c88f               ldb rl0,#0x8f
1af3c:  3f20               out @r2,r0
1af3e:  a780               bit r8,#0
1af40:  e603               jr z,0xaf48
1af42:  caf9               ldb rl2,#0xf9
1af44:  c883               ldb rl0,#0x83
1af46:  3f20               out @r2,r0
1af48:  9e08               ret 
1af4a:  0b030082           cp r3,#0x0082
1af4e:  e606               jr z,0xaf5c
1af50:  0b030083           cp r3,#0x0083
1af54:  e603               jr z,0xaf5c
1af56:  21070029           ld r7,#0x0029
1af5a:  e815               jr 0xaf86
1af5c:  caf9               ldb rl2,#0xf9
1af5e:  3f23               out @r2,r3
1af60:  cafb               ldb rl2,#0xfb
1af62:  3d24               in r4,@r2
1af64:  0b030082           cp r3,#0x0082
1af68:  e603               jr z,0xaf70
1af6a:  0b030083           cp r3,#0x0083
1af6e:  e605               jr z,0xaf7a
1af70:  a740               bit r4,#0
1af72:  e608               jr z,0xaf84
1af74:  21070023           ld r7,#0x0023
1af78:  e806               jr 0xaf86
1af7a:  a740               bit r4,#0
1af7c:  ee03               jr nz,0xaf84
1af7e:  21070023           ld r7,#0x0023
1af82:  e801               jr 0xaf86
1af84:  bd70               ldk r7,#0
1af86:  9e08               ret 
1af88:  cafb               ldb rl2,#0xfb
1af8a:  3f23               out @r2,r3
1af8c:  bd70               ldk r7,#0
1af8e:  9e08               ret 
1af90:  cafb               ldb rl2,#0xfb
1af92:  3d24               in r4,@r2
1af94:  a745               bit r4,#5
1af96:  e603               jr z,0xaf9e
1af98:  21070024           ld r7,#0x0024
1af9c:  e80c               jr 0xafb6
1af9e:  caf9               ldb rl2,#0xf9
1afa0:  21030085           ld r3,#0x0085
1afa4:  3f23               out @r2,r3
1afa6:  cafb               ldb rl2,#0xfb
1afa8:  3d24               in r4,@r2
1afaa:  a745               bit r4,#5
1afac:  ee03               jr nz,0xafb4
1afae:  21070024           ld r7,#0x0024
1afb2:  e801               jr 0xafb6
1afb4:  bd70               ldk r7,#0
1afb6:  9e08               ret 
1afb8:  0b030000           cp r3,#0x0000
1afbc:  e609               jr z,0xafd0
1afbe:  0b030004           cp r3,#0x0004
1afc2:  e603               jr z,0xafca
1afc4:  21070029           ld r7,#0x0029
1afc8:  e839               jr 0xb03c
1afca:  2108017c           ld r8,#0x017c
1afce:  e807               jr 0xafde
1afd0:  21080178           ld r8,#0x0178
1afd4:  9200               subl rr0,rr0
1afd6:  a161               ld r1,r6
1afd8:  03010002           sub r1,#0x0002
1afdc:  9604               addl rr4,rr0
1afde:  e813               jr 0xb006
1afe0:  0b030000           cp r3,#0x0000
1afe4:  e609               jr z,0xaff8
1afe6:  0b030004           cp r3,#0x0004
1afea:  e603               jr z,0xaff2
1afec:  21070029           ld r7,#0x0029
1aff0:  e825               jr 0xb03c
1aff2:  2108015c           ld r8,#0x015c
1aff6:  e802               jr 0xaffc
1aff8:  21080158           ld r8,#0x0158
1affc:  e804               jr 0xb006
1affe:  21080200           ld r8,#0x0200
1b002:  bd30               ldk r3,#0
1b004:  e800               jr 0xb006
1b006:  caf5               ldb rl2,#0xf5
1b008:  3d21               in r1,@r2
1b00a:  a710               bit r1,#0
1b00c:  e603               jr z,0xb014
1b00e:  21070012           ld r7,#0x0012
1b012:  e814               jr 0xb03c
1b014:  a71a               bit r1,#10
1b016:  e603               jr z,0xb01e
1b018:  21070011           ld r7,#0x0011
1b01c:  e80f               jr 0xb03c
1b01e:  a719               bit r1,#9
1b020:  e603               jr z,0xb028
1b022:  21070013           ld r7,#0x0013
1b026:  e80a               jr 0xb03c
1b028:  0b080400           cp r8,#0x0400
1b02c:  e652               jr z,0xb0d2
1b02e:  0b030004           cp r3,#0x0004
1b032:  e605               jr z,0xb03e
1b034:  a712               bit r1,#2
1b036:  ee03               jr nz,0xb03e
1b038:  21070016           ld r7,#0x0016
1b03c:  e870               jr 0xb11e
1b03e:  0b080200           cp r8,#0x0200
1b042:  e644               jr z,0xb0cc
1b044:  a714               bit r1,#4
1b046:  ee03               jr nz,0xb04e
1b048:  21010976           ld r1,#0x0976
1b04c:  e802               jr 0xb052
1b04e:  210125d8           ld r1,#0x25d8
1b052:  a782               bit r8,#2
1b054:  ee02               jr nz,0xb05a
1b056:  b3110001           sll r1,#1
1b05a:  cae0               ldb rl2,#0xe0
1b05c:  3e29               outb @r2,rl1
1b05e:  3e21               outb @r2,rh1
1b060:  0b08015c           cp r8,#0x015c
1b064:  e620               jr z,0xb0a6
1b066:  0b080158           cp r8,#0x0158
1b06a:  e61d               jr z,0xb0a6
1b06c:  0b080174           cp r8,#0x0174
1b070:  e61a               jr z,0xb0a6
1b072:  0b080170           cp r8,#0x0170
1b076:  e617               jr z,0xb0a6
1b078:  caf0               ldb rl2,#0xf0
1b07a:  b361ffff           srl r6,#1
1b07e:  ab60               dec r6,#1
1b080:  a0e8               ldb rl0,rl6
1b082:  3f20               out @r2,r0
1b084:  a068               ldb rl0,rh6
1b086:  3f20               out @r2,r0
1b088:  cae1               ldb rl2,#0xe1
1b08a:  2101fffe           ld r1,#0xfffe
1b08e:  a098               ldb rl0,rl1
1b090:  3f20               out @r2,r0
1b092:  a018               ldb rl0,rh1
1b094:  3f20               out @r2,r0
1b096:  caf5               ldb rl2,#0xf5
1b098:  9440               ldl rr0,rr4
1b09a:  b305ffff           srll rr0,#1
1b09e:  8c08               clrb rh0
1b0a0:  3f20               out @r2,r0
1b0a2:  caf3               ldb rl2,#0xf3
1b0a4:  3f21               out @r2,r1
1b0a6:  caf9               ldb rl2,#0xf9
1b0a8:  c88a               ldb rl0,#0x8a
1b0aa:  3f20               out @r2,r0
1b0ac:  0b08015c           cp r8,#0x015c
1b0b0:  e610               jr z,0xb0d2
1b0b2:  0b080158           cp r8,#0x0158
1b0b6:  e60d               jr z,0xb0d2
1b0b8:  0b080174           cp r8,#0x0174
1b0bc:  e60a               jr z,0xb0d2
1b0be:  0b080170           cp r8,#0x0170
1b0c2:  e607               jr z,0xb0d2
1b0c4:  caf9               ldb rl2,#0xf9
1b0c6:  c889               ldb rl0,#0x89
1b0c8:  3f20               out @r2,r0
1b0ca:  e803               jr 0xb0d2
1b0cc:  caf9               ldb rl2,#0xf9
1b0ce:  c88b               ldb rl0,#0x8b
1b0d0:  3f20               out @r2,r0
1b0d2:  a180               ld r0,r8
1b0d4:  caf5               ldb rl2,#0xf5
1b0d6:  3d21               in r1,@r2
1b0d8:  a714               bit r1,#4
1b0da:  e601               jr z,0xb0de
1b0dc:  a881               incb rl0,#2
1b0de:  caf9               ldb rl2,#0xf9
1b0e0:  3d21               in r1,@r2
1b0e2:  a716               bit r1,#6
1b0e4:  e601               jr z,0xb0e8
1b0e6:  a880               incb rl0,#1
1b0e8:  caf7               ldb rl2,#0xf7
1b0ea:  3f20               out @r2,r0
1b0ec:  8c08               clrb rh0
1b0ee:  3f20               out @r2,r0
1b0f0:  caf5               ldb rl2,#0xf5
1b0f2:  3d21               in r1,@r2
1b0f4:  0b080400           cp r8,#0x0400
1b0f8:  e60b               jr z,0xb110
1b0fa:  0b080200           cp r8,#0x0200
1b0fe:  e60b               jr z,0xb116
1b100:  a71b               bit r1,#11
1b102:  ee0c               jr nz,0xb11c
1b104:  21070018           ld r7,#0x0018
1b108:  caf9               ldb rl2,#0xf9
1b10a:  c888               ldb rl0,#0x88
1b10c:  3f20               out @r2,r0
1b10e:  e807               jr 0xb11e
1b110:  a710               bit r1,#0
1b112:  ee04               jr nz,0xb11c
1b114:  e8f7               jr 0xb104
1b116:  a719               bit r1,#9
1b118:  ee01               jr nz,0xb11c
1b11a:  e8f4               jr 0xb104
1b11c:  bd70               ldk r7,#0
1b11e:  9e08               ret 
1b120:  2108013c           ld r8,#0x013c
1b124:  e80f               jr 0xb144
1b126:  0b030000           cp r3,#0x0000
1b12a:  e606               jr z,0xb138
1b12c:  0b030010           cp r3,#0x0010
1b130:  e606               jr z,0xb13e
1b132:  21070029           ld r7,#0x0029
1b136:  e81b               jr 0xb16e
1b138:  21080104           ld r8,#0x0104
1b13c:  e802               jr 0xb142
1b13e:  21080114           ld r8,#0x0114
1b142:  e800               jr 0xb144
1b144:  caf5               ldb rl2,#0xf5
1b146:  3d21               in r1,@r2
1b148:  a710               bit r1,#0
1b14a:  e603               jr z,0xb152
1b14c:  21070012           ld r7,#0x0012
1b150:  e80e               jr 0xb16e
1b152:  a71a               bit r1,#10
1b154:  e603               jr z,0xb15c
1b156:  21070011           ld r7,#0x0011
1b15a:  e809               jr 0xb16e
1b15c:  a719               bit r1,#9
1b15e:  e603               jr z,0xb166
1b160:  21070013           ld r7,#0x0013
1b164:  e804               jr 0xb16e
1b166:  a713               bit r1,#3
1b168:  ee03               jr nz,0xb170
1b16a:  21070015           ld r7,#0x0015
1b16e:  e865               jr 0xb23a
1b170:  0b080104           cp r8,#0x0104
1b174:  ee04               jr nz,0xb17e
1b176:  caf1               ldb rl2,#0xf1
1b178:  c834               ldb rl0,#0x34
1b17a:  3f20               out @r2,r0
1b17c:  e828               jr 0xb1ce
1b17e:  a714               bit r1,#4
1b180:  ee03               jr nz,0xb188
1b182:  21010976           ld r1,#0x0976
1b186:  e802               jr 0xb18c
1b188:  210125d8           ld r1,#0x25d8
1b18c:  cae0               ldb rl2,#0xe0
1b18e:  a098               ldb rl0,rl1
1b190:  3f20               out @r2,r0
1b192:  a018               ldb rl0,rh1
1b194:  3f20               out @r2,r0
1b196:  0b080134           cp r8,#0x0134
1b19a:  e619               jr z,0xb1ce
1b19c:  0b080114           cp r8,#0x0114
1b1a0:  e616               jr z,0xb1ce
1b1a2:  0b080104           cp r8,#0x0104
1b1a6:  e613               jr z,0xb1ce
1b1a8:  0b08011c           cp r8,#0x011c
1b1ac:  e610               jr z,0xb1ce
1b1ae:  caf0               ldb rl2,#0xf0
1b1b0:  b361ffff           srl r6,#1
1b1b4:  ab60               dec r6,#1
1b1b6:  a0e8               ldb rl0,rl6
1b1b8:  3f20               out @r2,r0
1b1ba:  a068               ldb rl0,rh6
1b1bc:  3f20               out @r2,r0
1b1be:  caf5               ldb rl2,#0xf5
1b1c0:  9440               ldl rr0,rr4
1b1c2:  b305ffff           srll rr0,#1
1b1c6:  8c08               clrb rh0
1b1c8:  3f20               out @r2,r0
1b1ca:  caf3               ldb rl2,#0xf3
1b1cc:  3f21               out @r2,r1
1b1ce:  caf9               ldb rl2,#0xf9
1b1d0:  c88b               ldb rl0,#0x8b
1b1d2:  3f20               out @r2,r0
1b1d4:  0b080134           cp r8,#0x0134
1b1d8:  e616               jr z,0xb206
1b1da:  0b080114           cp r8,#0x0114
1b1de:  e613               jr z,0xb206
1b1e0:  0b080104           cp r8,#0x0104
1b1e4:  e610               jr z,0xb206
1b1e6:  0b08011c           cp r8,#0x011c
1b1ea:  ee0a               jr nz,0xb200
1b1ec:  cae1               ldb rl2,#0xe1
1b1ee:  ab30               dec r3,#1
1b1f0:  a0b8               ldb rl0,rl3
1b1f2:  3f20               out @r2,r0
1b1f4:  a038               ldb rl0,rh3
1b1f6:  3f20               out @r2,r0
1b1f8:  caf9               ldb rl2,#0xf9
1b1fa:  c88d               ldb rl0,#0x8d
1b1fc:  3f20               out @r2,r0
1b1fe:  e803               jr 0xb206
1b200:  caf9               ldb rl2,#0xf9
1b202:  c889               ldb rl0,#0x89
1b204:  3f20               out @r2,r0
1b206:  a180               ld r0,r8
1b208:  caf5               ldb rl2,#0xf5
1b20a:  3d21               in r1,@r2
1b20c:  a714               bit r1,#4
1b20e:  e601               jr z,0xb212
1b210:  a881               incb rl0,#2
1b212:  caf9               ldb rl2,#0xf9
1b214:  3d21               in r1,@r2
1b216:  a716               bit r1,#6
1b218:  e601               jr z,0xb21c
1b21a:  a880               incb rl0,#1
1b21c:  caf7               ldb rl2,#0xf7
1b21e:  3f20               out @r2,r0
1b220:  8c08               clrb rh0
1b222:  3f20               out @r2,r0
1b224:  caf5               ldb rl2,#0xf5
1b226:  3d21               in r1,@r2
1b228:  a71b               bit r1,#11
1b22a:  ee06               jr nz,0xb238
1b22c:  21070018           ld r7,#0x0018
1b230:  caf9               ldb rl2,#0xf9
1b232:  c888               ldb rl0,#0x88
1b234:  3f20               out @r2,r0
1b236:  e801               jr 0xb23a
1b238:  bd70               ldk r7,#0
1b23a:  9e08               ret 
1b23c:  caf9               ldb rl2,#0xf9
1b23e:  21030084           ld r3,#0x0084
1b242:  3f23               out @r2,r3
1b244:  cafb               ldb rl2,#0xfb
1b246:  3d24               in r4,@r2
1b248:  a745               bit r4,#5
1b24a:  e603               jr z,0xb252
1b24c:  21070024           ld r7,#0x0024
1b250:  e801               jr 0xb254
1b252:  bd70               ldk r7,#0
1b254:  9e08               ret 
1b256:  e804               jr 0xb260
1b258:  140400000000       ldl rr4,#0x00000000
1b25e:  e800               jr 0xb260
1b260:  cafb               ldb rl2,#0xfb
1b262:  3d21               in r1,@r2
1b264:  a715               bit r1,#5
1b266:  ee03               jr nz,0xb26e
1b268:  2107001f           ld r7,#0x001f
1b26c:  e856               jr 0xb31a
1b26e:  caf9               ldb rl2,#0xf9
1b270:  3d21               in r1,@r2
1b272:  0701001f           and r1,#0x001f
1b276:  e618               jr z,0xb2a8
1b278:  a710               bit r1,#0
1b27a:  e602               jr z,0xb280
1b27c:  bd76               ldk r7,#6
1b27e:  e84d               jr 0xb31a
1b280:  a711               bit r1,#1
1b282:  e602               jr z,0xb288
1b284:  bd75               ldk r7,#5
1b286:  e849               jr 0xb31a
1b288:  a712               bit r1,#2
1b28a:  e604               jr z,0xb294
1b28c:  bd77               ldk r7,#7
1b28e:  34080130           ldar rr8,0xb3c2
1b292:  1e88               jp @rr8
1b294:  a713               bit r1,#3
1b296:  e603               jr z,0xb29e
1b298:  21070020           ld r7,#0x0020
1b29c:  e83e               jr 0xb31a
1b29e:  a714               bit r1,#4
1b2a0:  e603               jr z,0xb2a8
1b2a2:  21070021           ld r7,#0x0021
1b2a6:  e839               jr 0xb31a
1b2a8:  caf5               ldb rl2,#0xf5
1b2aa:  3d21               in r1,@r2
1b2ac:  0701ffe7           and r1,#0xffe7
1b2b0:  0a090606           cpb rl1,#0x06
1b2b4:  e624               jr z,0xb2fe
1b2b6:  a710               bit r1,#0
1b2b8:  e603               jr z,0xb2c0
1b2ba:  21070012           ld r7,#0x0012
1b2be:  e82d               jr 0xb31a
1b2c0:  a717               bit r1,#7
1b2c2:  e602               jr z,0xb2c8
1b2c4:  bd71               ldk r7,#1
1b2c6:  e829               jr 0xb31a
1b2c8:  a716               bit r1,#6
1b2ca:  e602               jr z,0xb2d0
1b2cc:  bd72               ldk r7,#2
1b2ce:  e825               jr 0xb31a
1b2d0:  a715               bit r1,#5
1b2d2:  e602               jr z,0xb2d8
1b2d4:  bd73               ldk r7,#3
1b2d6:  e821               jr 0xb31a
1b2d8:  a712               bit r1,#2
1b2da:  ee03               jr nz,0xb2e2
1b2dc:  21070016           ld r7,#0x0016
1b2e0:  e81c               jr 0xb31a
1b2e2:  a711               bit r1,#1
1b2e4:  ee0c               jr nz,0xb2fe
1b2e6:  21070017           ld r7,#0x0017
1b2ea:  100400000000       cpl rr4,#0x00000000
1b2f0:  e614               jr z,0xb31a
1b2f2:  cae1               ldb rl2,#0xe1
1b2f4:  3c29               inb rl1,@r2
1b2f6:  3c21               inb rh1,@r2
1b2f8:  8d10               com r1
1b2fa:  2f41               ld @rr4,r1
1b2fc:  e80e               jr 0xb31a
1b2fe:  100400000000       cpl rr4,#0x00000000
1b304:  e605               jr z,0xb310
1b306:  cae1               ldb rl2,#0xe1
1b308:  3c29               inb rl1,@r2
1b30a:  3c21               inb rh1,@r2
1b30c:  8d10               com r1
1b30e:  2f41               ld @rr4,r1
1b310:  caf9               ldb rl2,#0xf9
1b312:  3d21               in r1,@r2
1b314:  a715               bit r1,#5
1b316:  e602               jr z,0xb31c
1b318:  bd78               ldk r7,#8
1b31a:  e868               jr 0xb3ec
1b31c:  caf9               ldb rl2,#0xf9
1b31e:  c888               ldb rl0,#0x88
1b320:  3f20               out @r2,r0
1b322:  c88e               ldb rl0,#0x8e
1b324:  3f20               out @r2,r0
1b326:  c88f               ldb rl0,#0x8f
1b328:  3f20               out @r2,r0
1b32a:  caf9               ldb rl2,#0xf9
1b32c:  3d21               in r1,@r2
1b32e:  0701ff3f           and r1,#0xff3f
1b332:  0a092020           cpb rl1,#0x20
1b336:  e61e               jr z,0xb374
1b338:  a710               bit r1,#0
1b33a:  e603               jr z,0xb342
1b33c:  2107002b           ld r7,#0x002b
1b340:  e85d               jr 0xb3fc
1b342:  a711               bit r1,#1
1b344:  e603               jr z,0xb34c
1b346:  2107002c           ld r7,#0x002c
1b34a:  e858               jr 0xb3fc
1b34c:  a712               bit r1,#2
1b34e:  e603               jr z,0xb356
1b350:  2107002a           ld r7,#0x002a
1b354:  e853               jr 0xb3fc
1b356:  a713               bit r1,#3
1b358:  e603               jr z,0xb360
1b35a:  2107002d           ld r7,#0x002d
1b35e:  e84e               jr 0xb3fc
1b360:  a714               bit r1,#4
1b362:  e603               jr z,0xb36a
1b364:  2107002e           ld r7,#0x002e
1b368:  e849               jr 0xb3fc
1b36a:  a715               bit r1,#5
1b36c:  ee03               jr nz,0xb374
1b36e:  21070025           ld r7,#0x0025
1b372:  e844               jr 0xb3fc
1b374:  cafb               ldb rl2,#0xfb
1b376:  3d21               in r1,@r2
1b378:  0701ff2e           and r1,#0xff2e
1b37c:  100400000000       cpl rr4,#0x00000000
1b382:  e608               jr z,0xb394
1b384:  0a090808           cpb rl1,#0x08
1b388:  e61a               jr z,0xb3be
1b38a:  a712               bit r1,#2
1b38c:  e609               jr z,0xb3a0
1b38e:  21070027           ld r7,#0x0027
1b392:  e834               jr 0xb3fc
1b394:  0a090c0c           cpb rl1,#0x0c
1b398:  e612               jr z,0xb3be
1b39a:  a712               bit r1,#2
1b39c:  ee01               jr nz,0xb3a0
1b39e:  e8f7               jr 0xb38e
1b3a0:  a711               bit r1,#1
1b3a2:  e603               jr z,0xb3aa
1b3a4:  21070026           ld r7,#0x0026
1b3a8:  e829               jr 0xb3fc
1b3aa:  a713               bit r1,#3
1b3ac:  ee03               jr nz,0xb3b4
1b3ae:  21070028           ld r7,#0x0028
1b3b2:  e824               jr 0xb3fc
1b3b4:  a715               bit r1,#5
1b3b6:  e603               jr z,0xb3be
1b3b8:  21070024           ld r7,#0x0024
1b3bc:  e81f               jr 0xb3fc
1b3be:  bd70               ldk r7,#0
1b3c0:  e81d               jr 0xb3fc
1b3c2:  caf9               ldb rl2,#0xf9
1b3c4:  21000800           ld r0,#0x0800
1b3c8:  3d21               in r1,@r2
1b3ca:  a716               bit r1,#6
1b3cc:  e601               jr z,0xb3d0
1b3ce:  a880               incb rl0,#1
1b3d0:  caf7               ldb rl2,#0xf7
1b3d2:  3f20               out @r2,r0
1b3d4:  8c08               clrb rh0
1b3d6:  8d07               nop
1b3d8:  3f20               out @r2,r0
1b3da:  caf5               ldb rl2,#0xf5
1b3dc:  21033264           ld r3,#0x3264
1b3e0:  3d21               in r1,@r2
1b3e2:  a71a               bit r1,#10
1b3e4:  e603               jr z,0xb3ec
1b3e6:  f384               djnz r3,0xb3e0
1b3e8:  2107001d           ld r7,#0x001d
1b3ec:  caf9               ldb rl2,#0xf9
1b3ee:  c888               ldb rl0,#0x88
1b3f0:  3f20               out @r2,r0
1b3f2:  c88e               ldb rl0,#0x8e
1b3f4:  3f20               out @r2,r0
1b3f6:  c88f               ldb rl0,#0x8f
1b3f8:  3f20               out @r2,r0
1b3fa:  e800               jr 0xb3fc
1b3fc:  caf9               ldb rl2,#0xf9
1b3fe:  c883               ldb rl0,#0x83
1b400:  3f20               out @r2,r0
1b402:  9e08               ret 
1b404:  2108015c           ld r8,#0x015c
1b408:  e812               jr 0xb42e
1b40a:  0b030000           cp r3,#0x0000
1b40e:  e606               jr z,0xb41c
1b410:  0b030010           cp r3,#0x0010
1b414:  e606               jr z,0xb422
1b416:  21070029           ld r7,#0x0029
1b41a:  9e08               ret 
1b41c:  21080104           ld r8,#0x0104
1b420:  e802               jr 0xb426
1b422:  21080114           ld r8,#0x0114
1b426:  e803               jr 0xb42e
1b428:  21080200           ld r8,#0x0200
1b42c:  e800               jr 0xb42e
1b42e:  cafb               ldb rl2,#0xfb
1b430:  3d21               in r1,@r2
1b432:  a715               bit r1,#5
1b434:  ee03               jr nz,0xb43c
1b436:  2107001f           ld r7,#0x001f
1b43a:  e812               jr 0xb460
1b43c:  0b080200           cp r8,#0x0200
1b440:  e606               jr z,0xb44e
1b442:  caf9               ldb rl2,#0xf9
1b444:  3d21               in r1,@r2
1b446:  a712               bit r1,#2
1b448:  e602               jr z,0xb44e
1b44a:  bd77               ldk r7,#7
1b44c:  e868               jr 0xb51e
1b44e:  caf5               ldb rl2,#0xf5
1b450:  3d21               in r1,@r2
1b452:  0b080200           cp r8,#0x0200
1b456:  ee0f               jr nz,0xb476
1b458:  a710               bit r1,#0
1b45a:  e603               jr z,0xb462
1b45c:  21070012           ld r7,#0x0012
1b460:  e873               jr 0xb548
1b462:  a712               bit r1,#2
1b464:  e603               jr z,0xb46c
1b466:  2107001b           ld r7,#0x001b
1b46a:  e86e               jr 0xb548
1b46c:  a719               bit r1,#9
1b46e:  e62f               jr z,0xb4ce
1b470:  2107001b           ld r7,#0x001b
1b474:  e869               jr 0xb548
1b476:  a710               bit r1,#0
1b478:  e603               jr z,0xb480
1b47a:  21070012           ld r7,#0x0012
1b47e:  e864               jr 0xb548
1b480:  0b08015c           cp r8,#0x015c
1b484:  e604               jr z,0xb48e
1b486:  0b080174           cp r8,#0x0174
1b48a:  e605               jr z,0xb496
1b48c:  e809               jr 0xb4a0
1b48e:  a715               bit r1,#5
1b490:  e602               jr z,0xb496
1b492:  bd73               ldk r7,#3
1b494:  e859               jr 0xb548
1b496:  a712               bit r1,#2
1b498:  ee03               jr nz,0xb4a0
1b49a:  21070016           ld r7,#0x0016
1b49e:  e854               jr 0xb548
1b4a0:  0b080104           cp r8,#0x0104
1b4a4:  ee05               jr nz,0xb4b0
1b4a6:  a711               bit r1,#1
1b4a8:  e612               jr z,0xb4ce
1b4aa:  2107001e           ld r7,#0x001e
1b4ae:  e84c               jr 0xb548
1b4b0:  a711               bit r1,#1
1b4b2:  ee03               jr nz,0xb4ba
1b4b4:  21070017           ld r7,#0x0017
1b4b8:  e847               jr 0xb548
1b4ba:  0b080134           cp r8,#0x0134
1b4be:  e603               jr z,0xb4c6
1b4c0:  0b080174           cp r8,#0x0174
1b4c4:  ee04               jr nz,0xb4ce
1b4c6:  a715               bit r1,#5
1b4c8:  ee02               jr nz,0xb4ce
1b4ca:  bd74               ldk r7,#4
1b4cc:  e83d               jr 0xb548
1b4ce:  caf9               ldb rl2,#0xf9
1b4d0:  bd00               ldk r0,#0
1b4d2:  c88e               ldb rl0,#0x8e
1b4d4:  3f20               out @r2,r0
1b4d6:  c88f               ldb rl0,#0x8f
1b4d8:  3f20               out @r2,r0
1b4da:  0b080200           cp r8,#0x0200
1b4de:  e60c               jr z,0xb4f8
1b4e0:  0b08011c           cp r8,#0x011c
1b4e4:  ee02               jr nz,0xb4ea
1b4e6:  c88c               ldb rl0,#0x8c
1b4e8:  3f20               out @r2,r0
1b4ea:  caf9               ldb rl2,#0xf9
1b4ec:  3d21               in r1,@r2
1b4ee:  a712               bit r1,#2
1b4f0:  e603               jr z,0xb4f8
1b4f2:  2107002a           ld r7,#0x002a
1b4f6:  e832               jr 0xb55c
1b4f8:  cafb               ldb rl2,#0xfb
1b4fa:  3d21               in r1,@r2
1b4fc:  0701ff28           and r1,#0xff28
1b500:  0a090808           cpb rl1,#0x08
1b504:  e60a               jr z,0xb51a
1b506:  a713               bit r1,#3
1b508:  ee03               jr nz,0xb510
1b50a:  21070028           ld r7,#0x0028
1b50e:  e826               jr 0xb55c
1b510:  a715               bit r1,#5
1b512:  e603               jr z,0xb51a
1b514:  21070024           ld r7,#0x0024
1b518:  e821               jr 0xb55c
1b51a:  bd70               ldk r7,#0
1b51c:  e81f               jr 0xb55c
1b51e:  caf9               ldb rl2,#0xf9
1b520:  21000800           ld r0,#0x0800
1b524:  3d21               in r1,@r2
1b526:  a716               bit r1,#6
1b528:  e601               jr z,0xb52c
1b52a:  a880               incb rl0,#1
1b52c:  caf7               ldb rl2,#0xf7
1b52e:  3f20               out @r2,r0
1b530:  8c08               clrb rh0
1b532:  8d07               nop
1b534:  3f20               out @r2,r0
1b536:  caf5               ldb rl2,#0xf5
1b538:  21033264           ld r3,#0x3264
1b53c:  3d21               in r1,@r2
1b53e:  a71a               bit r1,#10
1b540:  e603               jr z,0xb548
1b542:  f384               djnz r3,0xb53c
1b544:  2107001d           ld r7,#0x001d
1b548:  caf9               ldb rl2,#0xf9
1b54a:  c88e               ldb rl0,#0x8e
1b54c:  3f20               out @r2,r0
1b54e:  c88f               ldb rl0,#0x8f
1b550:  3f20               out @r2,r0
1b552:  0b08011c           cp r8,#0x011c
1b556:  ee02               jr nz,0xb55c
1b558:  c88c               ldb rl0,#0x8c
1b55a:  3f20               out @r2,r0
1b55c:  caf9               ldb rl2,#0xf9
1b55e:  c883               ldb rl0,#0x83
1b560:  3f20               out @r2,r0
1b562:  9e08               ret 
1b564:  91e0               pushl @rr14,rr0
1b566:  91e2               pushl @rr14,rr2
1b568:  91e4               pushl @rr14,rr4
1b56a:  93e6               push @rr14,r6
1b56c:  91e8               pushl @rr14,rr8
1b56e:  91ea               pushl @rr14,rr10
1b570:  91ec               pushl @rr14,rr12
1b572:  a0fd               ldb rl5,rl7
1b574:  60028400016e       ldb rh2,<<4>>0x016e
1b57a:  3d27               in r7,@r2
1b57c:  0a070202           cpb rh7,#0x02
1b580:  e611               jr z,0xb5a4
1b582:  c90c               ldb rl1,#0x0c
1b584:  df19               calr 0xb754
1b586:  bd01               ldk r0,#1
1b588:  5f008300ad8a       call <<3>>0xad8a
1b58e:  4c0483003755       testb <<3>>0x3755
1b594:  eefc               jr nz,0xb58e
1b596:  3d27               in r7,@r2
1b598:  0a070e0e           cpb rh7,#0x0e
1b59c:  e6f2               jr z,0xb582
1b59e:  0a070202           cpb rh7,#0x02
1b5a2:  ee50               jr nz,0xb644
1b5a4:  c955               ldb rl1,#0x55
1b5a6:  df2a               calr 0xb754
1b5a8:  0a070202           cpb rh7,#0x02
1b5ac:  ee4b               jr nz,0xb644
1b5ae:  a0d9               ldb rl1,rl5
1b5b0:  df2f               calr 0xb754
1b5b2:  0a070202           cpb rh7,#0x02
1b5b6:  ee46               jr nz,0xb644
1b5b8:  c9aa               ldb rl1,#0xaa
1b5ba:  df34               calr 0xb754
1b5bc:  0a070606           cpb rh7,#0x06
1b5c0:  ee41               jr nz,0xb644
1b5c2:  7d24               ldctl r2,psapseg
1b5c4:  7d35               ldctl r3,psap
1b5c6:  0103003c           add r3,#0x003c
1b5ca:  8c18               clrb rh1
1b5cc:  a0d9               ldb rl1,rl5
1b5ce:  b3110001           sll r1,#1
1b5d2:  8113               add r3,r1
1b5d4:  7606830064d8       lda rr6,<<3>>0x64d8
1b5da:  1d26               ldl @rr2,rr6
1b5dc:  c908               ldb rl1,#0x08
1b5de:  df2c               calr 0xb788
1b5e0:  e631               jr z,0xb644
1b5e2:  760283003798       lda rr2,<<3>>0x3798
1b5e8:  5f008300ad10       call <<3>>0xad10
1b5ee:  c90a               ldb rl1,#0x0a
1b5f0:  df4f               calr 0xb754
1b5f2:  0a070606           cpb rh7,#0x06
1b5f6:  ee26               jr nz,0xb644
1b5f8:  a0a9               ldb rl1,rl2
1b5fa:  df54               calr 0xb754
1b5fc:  0a070606           cpb rh7,#0x06
1b600:  ee21               jr nz,0xb644
1b602:  a039               ldb rl1,rh3
1b604:  df59               calr 0xb754
1b606:  0a070606           cpb rh7,#0x06
1b60a:  ee1c               jr nz,0xb644
1b60c:  a0b9               ldb rl1,rl3
1b60e:  df5e               calr 0xb754
1b610:  0a07f8f8           cpb rh7,#0xf8
1b614:  e614               jr z,0xb63e
1b616:  ee16               jr nz,0xb644
1b618:  c906               ldb rl1,#0x06
1b61a:  df4a               calr 0xb788
1b61c:  e613               jr z,0xb644
1b61e:  c832               ldb rl0,#0x32
1b620:  5f008300ae08       call <<3>>0xae08
1b626:  0a070e0e           cpb rh7,#0x0e
1b62a:  760283003798       lda rr2,<<3>>0x3798
1b630:  3124000a           ld r4,rr2(#0x000a)
1b634:  a747               bit r4,#7
1b636:  eef0               jr nz,0xb618
1b638:  a749               bit r4,#9
1b63a:  bd78               ldk r7,#8
1b63c:  e604               jr z,0xb646
1b63e:  8d07               nop
1b640:  bd70               ldk r7,#0
1b642:  e801               jr 0xb646
1b644:  bd71               ldk r7,#1
1b646:  95ec               popl rr12,@rr14
1b648:  95ea               popl rr10,@rr14
1b64a:  95e8               popl rr8,@rr14
1b64c:  97e6               pop r6,@rr14
1b64e:  95e4               popl rr4,@rr14
1b650:  95e2               popl rr2,@rr14
1b652:  95e0               popl rr0,@rr14
1b654:  9e08               ret 
1b656:  91e0               pushl @rr14,rr0
1b658:  91e2               pushl @rr14,rr2
1b65a:  93e4               push @rr14,r4
1b65c:  91e8               pushl @rr14,rr8
1b65e:  91ea               pushl @rr14,rr10
1b660:  91ec               pushl @rr14,rr12
1b662:  140483003798       ldl rr4,#0x83003798
1b668:  9426               ldl rr6,rr2
1b66a:  1462               ldl rr2,@rr6
1b66c:  340afffc           ldar rr10,0xb66c
1b670:  210bad10           ld r11,#0xad10
1b674:  1fa0               call @rr10
1b676:  37420004           ldl rr4(#0x0004),rr2
1b67a:  31610004           ld r1,rr6(#0x0004)
1b67e:  a018               ldb rl0,rh1
1b680:  b281ffff           srlb rl0,#1
1b684:  8c94               testb rl1
1b686:  e601               jr z,0xb68a
1b688:  a880               incb rl0,#1
1b68a:  8c08               clrb rh0
1b68c:  33400008           ld rr4(#0x0008),r0
1b690:  306a0007           ldb rl2,rr6(#0x0007)
1b694:  3062000a           ldb rh2,rr6(#0x000a)
1b698:  2f42               ld @rr4,r2
1b69a:  31620008           ld r2,rr6(#0x0008)
1b69e:  33420002           ld rr4(#0x0002),r2
1b6a2:  3069000b           ldb rl1,rr6(#0x000b)
1b6a6:  df90               calr 0xb788
1b6a8:  e64c               jr z,0xb742
1b6aa:  a175               ld r5,r7
1b6ac:  0a050e0e           cpb rh5,#0x0e
1b6b0:  ee14               jr nz,0xb6da
1b6b2:  760283003798       lda rr2,<<3>>0x3798
1b6b8:  3124000a           ld r4,rr2(#0x000a)
1b6bc:  a747               bit r4,#7
1b6be:  eef3               jr nz,0xb6a6
1b6c0:  a749               bit r4,#9
1b6c2:  bd78               ldk r7,#8
1b6c4:  e63e               jr z,0xb742
1b6c6:  a748               bit r4,#8
1b6c8:  ee08               jr nz,0xb6da
1b6ca:  21070020           ld r7,#0x0020
1b6ce:  0a091313           cpb rl1,#0x13
1b6d2:  e637               jr z,0xb742
1b6d4:  0a090404           cpb rl1,#0x04
1b6d8:  e634               jr z,0xb742
1b6da:  a694               bitb rl1,#4
1b6dc:  e611               jr z,0xb700
1b6de:  c902               ldb rl1,#0x02
1b6e0:  dfad               calr 0xb788
1b6e2:  e62f               jr z,0xb742
1b6e4:  a175               ld r5,r7
1b6e6:  0a050e0e           cpb rh5,#0x0e
1b6ea:  ee0a               jr nz,0xb700
1b6ec:  760283003798       lda rr2,<<3>>0x3798
1b6f2:  3124000a           ld r4,rr2(#0x000a)
1b6f6:  a747               bit r4,#7
1b6f8:  eef3               jr nz,0xb6e0
1b6fa:  a749               bit r4,#9
1b6fc:  bd78               ldk r7,#8
1b6fe:  e621               jr z,0xb742
1b700:  0605f0f0           andb rh5,#0xf0
1b704:  0a058080           cpb rh5,#0x80
1b708:  ee19               jr nz,0xb73c
1b70a:  760483003798       lda rr4,<<3>>0x3798
1b710:  3143000c           ld r3,rr4(#0x000c)
1b714:  0703000c           and r3,#0x000c
1b718:  3146000e           ld r6,rr4(#0x000e)
1b71c:  bd74               ldk r7,#4
1b71e:  ee11               jr nz,0xb742
1b720:  3143000c           ld r3,rr4(#0x000c)
1b724:  a730               bit r3,#0
1b726:  21070040           ld r7,#0x0040
1b72a:  ee0b               jr nz,0xb742
1b72c:  a731               bit r3,#1
1b72e:  21070010           ld r7,#0x0010
1b732:  ee07               jr nz,0xb742
1b734:  a734               bit r3,#4
1b736:  21070010           ld r7,#0x0010
1b73a:  ee03               jr nz,0xb742
1b73c:  2106ffff           ld r6,#0xffff
1b740:  8d78               clr r7
1b742:  3145000e           ld r5,rr4(#0x000e)
1b746:  95ec               popl rr12,@rr14
1b748:  95ea               popl rr10,@rr14
1b74a:  95e8               popl rr8,@rr14
1b74c:  97e4               pop r4,@rr14
1b74e:  95e2               popl rr2,@rr14
1b750:  95e0               popl rr0,@rr14
1b752:  9e08               ret 
1b754:  93ec               push @rr14,r12
1b756:  93e5               push @rr14,r5
1b758:  93e2               push @rr14,r2
1b75a:  210c2800           ld r12,#0x2800
1b75e:  60028400016e       ldb rh2,<<4>>0x016e
1b764:  3d27               in r7,@r2
1b766:  a670               bitb rh7,#0
1b768:  e605               jr z,0xb774
1b76a:  fc84               djnz r12,0xb764
1b76c:  8d41               setflg z
1b76e:  21070001           ld r7,#0x0001
1b772:  e806               jr 0xb780
1b774:  3e29               outb @r2,rl1
1b776:  210c0200           ld r12,#0x0200
1b77a:  fc81               djnz r12,0xb77a
1b77c:  3d27               in r7,@r2
1b77e:  8d43               resflg z
1b780:  97e2               pop r2,@rr14
1b782:  97e5               pop r5,@rr14
1b784:  97ec               pop r12,@rr14
1b786:  9e08               ret 
1b788:  91e0               pushl @rr14,rr0
1b78a:  91e2               pushl @rr14,rr2
1b78c:  91e4               pushl @rr14,rr4
1b78e:  93e6               push @rr14,r6
1b790:  91e8               pushl @rr14,rr8
1b792:  4c0684000171       tsetb <<4>>0x0171
1b798:  c8f0               ldb rl0,#0xf0
1b79a:  340afffc           ldar rr10,0xb79a
1b79e:  210bad8a           ld r11,#0xad8a
1b7a2:  1fa0               call @rr10
1b7a4:  d029               calr 0xb754
1b7a6:  21070001           ld r7,#0x0001
1b7aa:  e610               jr z,0xb7cc
1b7ac:  4c0484000171       testb <<4>>0x0171
1b7b2:  e607               jr z,0xb7c2
1b7b4:  4c0483003755       testb <<3>>0x3755
1b7ba:  21070001           ld r7,#0x0001
1b7be:  e606               jr z,0xb7cc
1b7c0:  e8f5               jr 0xb7ac
1b7c2:  60028400016e       ldb rh2,<<4>>0x016e
1b7c8:  3d27               in r7,@r2
1b7ca:  8d43               resflg z
1b7cc:  95e8               popl rr8,@rr14
1b7ce:  97e6               pop r6,@rr14
1b7d0:  95e4               popl rr4,@rr14
1b7d2:  95e2               popl rr2,@rr14
1b7d4:  95e0               popl rr0,@rr14
1b7d6:  9e08               ret 
1b7d8:  4c0884000171       clrb <<4>>0x0171
1b7de:  7b00               iret
1b7e0:  91e2               pushl @rr14,rr2
1b7e2:  91e4               pushl @rr14,rr4
1b7e4:  91e6               pushl @rr14,rr6
1b7e6:  91e8               pushl @rr14,rr8
1b7e8:  91ea               pushl @rr14,rr10
1b7ea:  8c84               testb rl0
1b7ec:  5e0683006548       jp z,<<3>>0x6548
1b7f2:  aa80               decb rl0,#1
1b7f4:  5e068300660e       jp z,<<3>>0x660e
1b7fa:  aa80               decb rl0,#1
1b7fc:  5e06830065ee       jp z,<<3>>0x65ee
1b802:  aa80               decb rl0,#1
1b804:  5e068300655c       jp z,<<3>>0x655c
1b80a:  aa80               decb rl0,#1
1b80c:  5e06830068e6       jp z,<<3>>0x68e6
1b812:  aa80               decb rl0,#1
1b814:  5e068300662c       jp z,<<3>>0x662c
1b81a:  aa80               decb rl0,#1
1b81c:  5e0683006670       jp z,<<3>>0x6670
1b822:  aa80               decb rl0,#1
1b824:  5e06830066aa       jp z,<<3>>0x66aa
1b82a:  aa80               decb rl0,#1
1b82c:  5e06830066f4       jp z,<<3>>0x66f4
1b832:  aa80               decb rl0,#1
1b834:  5e06830067ba       jp z,<<3>>0x67ba
1b83a:  aa80               decb rl0,#1
1b83c:  5e06830067ce       jp z,<<3>>0x67ce
1b842:  5e08830068e6       jp <<3>>0x68e6
1b848:  670a83006a16       bit <<3>>0x6a16,#10
1b84e:  5e06830066a4       jp z,<<3>>0x66a4
1b854:  de31               calr 0xbbf4
1b856:  5e08830068e6       jp <<3>>0x68e6
1b85c:  670a83006a16       bit <<3>>0x6a16,#10
1b862:  5e06830066a4       jp z,<<3>>0x66a4
1b868:  0a000808           cpb rh0,#0x08
1b86c:  5e06830068e6       jp z,<<3>>0x68e6
1b872:  340407dc           ldar rr4,0xc052
1b876:  bd13               ldk r1,#3
1b878:  8c04               testb rh0
1b87a:  5e06830068e6       jp z,<<3>>0x68e6
1b880:  340407d1           ldar rr4,0xc055
1b884:  aa00               decb rh0,#1
1b886:  5e06830068e6       jp z,<<3>>0x68e6
1b88c:  340407c8           ldar rr4,0xc058
1b890:  aa00               decb rh0,#1
1b892:  5e06830068e6       jp z,<<3>>0x68e6
1b898:  340407bf           ldar rr4,0xc05b
1b89c:  aa00               decb rh0,#1
1b89e:  5e06830068e6       jp z,<<3>>0x68e6
1b8a4:  340407b6           ldar rr4,0xc05e
1b8a8:  21010032           ld r1,#0x0032
1b8ac:  aa00               decb rh0,#1
1b8ae:  e601               jr z,0xb8b2
1b8b0:  e879               jr 0xb9a4
1b8b2:  670883006a16       bit <<3>>0x6a16,#8
1b8b8:  eefc               jr nz,0xb8b2
1b8ba:  650883006a16       set <<3>>0x6a16,#8
1b8c0:  37040758           ldrl 0xc01c,rr4
1b8c4:  33010764           ldr 0xc02c,r1
1b8c8:  bd02               ldk r0,#2
1b8ca:  de69               calr 0xbbfa
1b8cc:  670883006a16       bit <<3>>0x6a16,#8
1b8d2:  eefc               jr nz,0xb8cc
1b8d4:  5e08830068e6       jp <<3>>0x68e6
1b8da:  01011f1f           add r1,#0x1f1f
1b8de:  340407ae           ldar rr4,0xc090
1b8e2:  32410002           ldb rr4(#0x0002),rh1
1b8e6:  32490003           ldb rr4(#0x0003),rl1
1b8ea:  bd14               ldk r1,#4
1b8ec:  e8e2               jr 0xb8b2
1b8ee:  670a83006a16       bit <<3>>0x6a16,#10
1b8f4:  e657               jr z,0xb9a4
1b8f6:  630983006a16       res <<3>>0x6a16,#9
1b8fc:  3404051c           ldar rr4,0xbe1c
1b900:  3704071c           ldrl 0xc020,rr4
1b904:  3704071c           ldrl 0xc024,rr4
1b908:  5e08830068e6       jp <<3>>0x68e6
1b90e:  670a83006a16       bit <<3>>0x6a16,#10
1b914:  e647               jr z,0xb9a4
1b916:  34040502           ldar rr4,0xbe1c
1b91a:  37040702           ldrl 0xc020,rr4
1b91e:  37040702           ldrl 0xc024,rr4
1b922:  bd03               ldk r0,#3
1b924:  de96               calr 0xbbfa
1b926:  5e08830068e6       jp <<3>>0x68e6
1b92c:  670a83006a16       bit <<3>>0x6a16,#10
1b932:  e638               jr z,0xb9a4
1b934:  21000103           ld r0,#0x0103
1b938:  dea0               calr 0xbbfa
1b93a:  bd04               ldk r0,#4
1b93c:  dea2               calr 0xbbfa
1b93e:  310103c2           ldr r1,0xbd04
1b942:  340606ec           ldar rr6,0xc032
1b946:  540280000000       ldl rr2,<<0>>0x0000
1b94c:  0b21               cp r1,@rr2
1b94e:  e602               jr z,0xb954
1b950:  a933               inc r3,#4
1b952:  e8fc               jr 0xb94c
1b954:  a931               inc r3,#2
1b956:  2123               ld r3,@rr2
1b958:  1464               ldl rr4,@rr6
1b95a:  1d24               ldl @rr2,rr4
1b95c:  35640004           ldl rr4,rr6(#0x0004)
1b960:  37240004           ldl rr2(#0x0004),rr4
1b964:  630a83006a16       res <<3>>0x6a16,#10
1b96a:  5e08830068e6       jp <<3>>0x68e6
1b970:  670a83006a16       bit <<3>>0x6a16,#10
1b976:  e616               jr z,0xb9a4
1b978:  670983006a16       bit <<3>>0x6a16,#9
1b97e:  ee12               jr nz,0xb9a4
1b980:  650983006a16       set <<3>>0x6a16,#9
1b986:  3708069e           ldrl 0xc028,rr8
1b98a:  0b010101           cp r1,#0x0101
1b98e:  e702               jr c,0xb994
1b990:  21010100           ld r1,#0x0100
1b994:  33010698           ldr 0xc030,r1
1b998:  8d08               clr r0
1b99a:  33000690           ldr 0xc02e,r0
1b99e:  5e08830068e6       jp <<3>>0x68e6
1b9a4:  5e08830068cc       jp <<3>>0x68cc
1b9aa:  670a83006a16       bit <<3>>0x6a16,#10
1b9b0:  5e06830068cc       jp z,<<3>>0x68cc
1b9b6:  670883006a16       bit <<3>>0x6a16,#8
1b9bc:  5e0e830068cc       jp nz,<<3>>0x68cc
1b9c2:  650883006a16       set <<3>>0x6a16,#8
1b9c8:  34060350           ldar rr6,0xbd1c
1b9cc:  3706064c           ldrl 0xc01c,rr6
1b9d0:  a110               ld r0,r1
1b9d2:  8d04               test r0
1b9d4:  e602               jr z,0xb9da
1b9d6:  ba810160           ldirb @rr6,@rr8,r1
1b9da:  21010d0a           ld r1,#0x0d0a
1b9de:  2e61               ldb @rr6,rh1
1b9e0:  32690001           ldb rr6(#0x0001),rl1
1b9e4:  a901               inc r0,#2
1b9e6:  33000642           ldr 0xc02c,r0
1b9ea:  bd02               ldk r0,#2
1b9ec:  defa               calr 0xbbfa
1b9ee:  5e08830068e6       jp <<3>>0x68e6
1b9f4:  670a83006a16       bit <<3>>0x6a16,#10
1b9fa:  5e06830068cc       jp z,<<3>>0x68cc
1ba00:  0a000606           cpb rh0,#0x06
1ba04:  e60e               jr z,0xba22
1ba06:  0a000707           cpb rh0,#0x07
1ba0a:  5e0e830068cc       jp nz,<<3>>0x68cc
1ba10:  670883006a16       bit <<3>>0x6a16,#8
1ba16:  5e0e830068e8       jp nz,<<3>>0x68e8
1ba1c:  5e08830068e6       jp <<3>>0x68e6
1ba22:  670983006a16       bit <<3>>0x6a16,#9
1ba28:  e63e               jr z,0xbaa6
1ba2a:  350a05f6           ldrl rr10,0xc024
1ba2e:  350605ee           ldrl rr6,0xc020
1ba32:  906a               cpl rr10,rr6
1ba34:  5e06830068cc       jp z,<<3>>0x68cc
1ba3a:  350402da           ldrl rr4,0xbd18
1ba3e:  20a8               ldb rl0,@rr10
1ba40:  a9b0               inc r11,#1
1ba42:  340605d6           ldar rr6,0xc01c
1ba46:  906a               cpl rr10,rr6
1ba48:  e702               jr c,0xba4e
1ba4a:  340a03ce           ldar rr10,0xbe1c
1ba4e:  370a05d2           ldrl 0xc024,rr10
1ba52:  350a05d2           ldrl rr10,0xc028
1ba56:  310105d4           ldr r1,0xc02e
1ba5a:  dec8               calr 0xbccc
1ba5c:  ee05               jr nz,0xba68
1ba5e:  370a05c6           ldrl 0xc028,rr10
1ba62:  330105c8           ldr 0xc02e,r1
1ba66:  e6e1               jr z,0xba2a
1ba68:  4b0183006d30       cp r1,<<3>>0x6d30
1ba6e:  ee0a               jr nz,0xba84
1ba70:  ded3               calr 0xbccc
1ba72:  ee05               jr nz,0xba7e
1ba74:  370a05b0           ldrl 0xc028,rr10
1ba78:  330105b2           ldr 0xc02e,r1
1ba7c:  e8d6               jr 0xba2a
1ba7e:  dee2               calr 0xbcbc
1ba80:  e613               jr z,0xbaa8
1ba82:  e8d3               jr 0xba2a
1ba84:  dee5               calr 0xbcbc
1ba86:  e611               jr z,0xbaaa
1ba88:  a910               inc r1,#1
1ba8a:  330105a0           ldr 0xc02e,r1
1ba8e:  2ea8               ldb @rr10,rl0
1ba90:  a9b0               inc r11,#1
1ba92:  370a0592           ldrl 0xc028,rr10
1ba96:  4c01830000030101   cpb <<3>>0x0003,#0x01
1ba9e:  ee02               jr nz,0xbaa4
1baa0:  3a86ff22           outb #0xff22,rl0
1baa4:  e8c2               jr 0xba2a
1baa6:  8d18               clr r1
1baa8:  8d08               clr r0
1baaa:  30000269           ldrb rh0,0xbd17
1baae:  630983006a16       res <<3>>0x6a16,#9
1bab4:  5e08830068e8       jp <<3>>0x68e8
1baba:  670a83006a16       bit <<3>>0x6a16,#10
1bac0:  5e06830068cc       jp z,<<3>>0x68cc
1bac6:  df68               calr 0xbbf8
1bac8:  5e08830068e6       jp <<3>>0x68e6
1bace:  670a83006a16       bit <<3>>0x6a16,#10
1bad4:  5e0e830068e8       jp nz,<<3>>0x68e8
1bada:  31010226           ldr r1,0xbd04
1bade:  91e8               pushl @rr14,rr8
1bae0:  3406054e           ldar rr6,0xc032
1bae4:  340a0174           ldar rr10,0xbc5c
1bae8:  34080126           ldar rr8,0xbc12
1baec:  540280000000       ldl rr2,<<0>>0x0000
1baf2:  0b21               cp r1,@rr2
1baf4:  e602               jr z,0xbafa
1baf6:  a933               inc r3,#4
1baf8:  e8fc               jr 0xbaf2
1bafa:  a931               inc r3,#2
1bafc:  2123               ld r3,@rr2
1bafe:  1424               ldl rr4,@rr2
1bb00:  1d64               ldl @rr6,rr4
1bb02:  1d2a               ldl @rr2,rr10
1bb04:  35240004           ldl rr4,rr2(#0x0004)
1bb08:  37c40004           ldl rr12(#0x0004),rr4
1bb0c:  37280004           ldl rr2(#0x0004),rr8
1bb10:  650a83006a16       set <<3>>0x6a16,#10
1bb16:  95e8               popl rr8,@rr14
1bb18:  330101e8           ldr 0xbd04,r1
1bb1c:  c911               ldb rl1,#0x11
1bb1e:  3301052c           ldr 0xc04e,r1
1bb22:  c007               ldb rh0,#0x07
1bb24:  2088               ldb rl0,@rr8
1bb26:  0608f0f0           andb rl0,#0xf0
1bb2a:  0a083030           cpb rl0,#0x30
1bb2e:  ee5c               jr nz,0xbbe8
1bb30:  a990               inc r9,#1
1bb32:  f008               dbjnz rh0,0xbb24
1bb34:  ab96               dec r9,#7
1bb36:  8d08               clr r0
1bb38:  ca04               ldb rl2,#0x04
1bb3a:  a101               ld r1,r0
1bb3c:  b3010002           sll r0,#2
1bb40:  8110               add r0,r1
1bb42:  b3010001           sll r0,#1
1bb46:  8d18               clr r1
1bb48:  2089               ldb rl1,@rr8
1bb4a:  06090f0f           andb rl1,#0x0f
1bb4e:  0a090a0a           cpb rl1,#0x0a
1bb52:  ef4a               jr nc,0xbbe8
1bb54:  8110               add r0,r1
1bb56:  a990               inc r9,#1
1bb58:  fa10               dbjnz rl2,0xbb3a
1bb5a:  a10b               ld r11,r0
1bb5c:  8d08               clr r0
1bb5e:  2088               ldb rl0,@rr8
1bb60:  a990               inc r9,#1
1bb62:  06080f0f           andb rl0,#0x0f
1bb66:  aa86               decb rl0,#7
1bb68:  e602               jr z,0xbb6e
1bb6a:  04001010           orb rh0,#0x10
1bb6e:  2088               ldb rl0,@rr8
1bb70:  a990               inc r9,#1
1bb72:  06080f0f           andb rl0,#0x0f
1bb76:  2089               ldb rl1,@rr8
1bb78:  06090f0f           andb rl1,#0x0f
1bb7c:  8c94               testb rl1
1bb7e:  ee05               jr nz,0xbb8a
1bb80:  c015               ldb rh0,#0x15
1bb82:  aa80               decb rl0,#1
1bb84:  e60f               jr z,0xbba4
1bb86:  c011               ldb rh0,#0x11
1bb88:  e80d               jr 0xbba4
1bb8a:  aa80               decb rl0,#1
1bb8c:  e605               jr z,0xbb98
1bb8e:  c005               ldb rh0,#0x05
1bb90:  aa90               decb rl1,#1
1bb92:  e608               jr z,0xbba4
1bb94:  c001               ldb rh0,#0x01
1bb96:  e806               jr 0xbba4
1bb98:  00000909           addb rh0,#0x09
1bb9c:  aa90               decb rl1,#1
1bb9e:  ee02               jr nz,0xbba4
1bba0:  00000404           addb rh0,#0x04
1bba4:  32000165           ldrb 0xbd0d,rh0
1bba8:  8c08               clrb rh0
1bbaa:  3200015d           ldrb 0xbd0b,rh0
1bbae:  a990               inc r9,#1
1bbb0:  34060164           ldar rr6,0xbd18
1bbb4:  21000004           ld r0,#0x0004
1bbb8:  ba810060           ldirb @rr6,@rr8,r0
1bbbc:  3408047a           ldar rr8,0xc03a
1bbc0:  bd0a               ldk r0,#10
1bbc2:  0b8b               cp r11,@rr8
1bbc4:  e605               jr z,0xbbd0
1bbc6:  a991               inc r9,#2
1bbc8:  a800               incb rh0,#1
1bbca:  f805               dbjnz rl0,0xbbc2
1bbcc:  8d43               resflg z
1bbce:  e80c               jr 0xbbe8
1bbd0:  06000f0f           andb rh0,#0x0f
1bbd4:  440083006a14       orb rh0,<<3>>0x6a14
1bbda:  3200012e           ldrb 0xbd0c,rh0
1bbde:  c001               ldb rh0,#0x01
1bbe0:  32000126           ldrb 0xbd0a,rh0
1bbe4:  dff2               calr 0xbc02
1bbe6:  8d41               setflg z
1bbe8:  95ea               popl rr10,@rr14
1bbea:  95e8               popl rr8,@rr14
1bbec:  95e6               popl rr6,@rr14
1bbee:  95e4               popl rr4,@rr14
1bbf0:  95e2               popl rr2,@rr14
1bbf2:  9e08               ret 
1bbf4:  bd06               ldk r0,#6
1bbf6:  e801               jr 0xbbfa
1bbf8:  c804               ldb rl0,#0x04
1bbfa:  3200010d           ldrb 0xbd0b,rh0
1bbfe:  32080108           ldrb 0xbd0a,rl0
1bc02:  340400fe           ldar rr4,0xbd04
1bc06:  5f0084000018       call <<4>>0x0018
1bc0c:  a70f               bit r0,#15
1bc0e:  eef9               jr nz,0xbc02
1bc10:  9e08               ret 
1bc12:  91e2               pushl @rr14,rr2
1bc14:  6e0083006d51       ldb <<3>>0x6d51,rh0
1bc1a:  06007070           andb rh0,#0x70
1bc1e:  c007               ldb rh0,#0x07
1bc20:  31020408           ldr r2,0xc02c
1bc24:  8d24               test r2
1bc26:  ee0b               jr nz,0xbc3e
1bc28:  140200000020       ldl rr2,#0x00000020
1bc2e:  120200000001       subl rr2,#0x00000001
1bc34:  eefc               jr nz,0xbc2e
1bc36:  630883006a16       res <<3>>0x6a16,#8
1bc3c:  e80d               jr 0xbc58
1bc3e:  4d0483006d4e       test <<3>>0x6d4e
1bc44:  e609               jr z,0xbc58
1bc46:  ab20               dec r2,#1
1bc48:  330203e0           ldr 0xc02c,r2
1bc4c:  350603cc           ldrl rr6,0xc01c
1bc50:  2068               ldb rl0,@rr6
1bc52:  a970               inc r7,#1
1bc54:  370603c4           ldrl 0xc01c,rr6
1bc58:  95e2               popl rr2,@rr14
1bc5a:  9e08               ret 
1bc5c:  91e8               pushl @rr14,rr8
1bc5e:  91e6               pushl @rr14,rr6
1bc60:  91e4               pushl @rr14,rr4
1bc62:  310500b0           ldr r5,0xbd16
1bc66:  840d               orb rl5,rh0
1bc68:  330500aa           ldr 0xbd16,r5
1bc6c:  0a081313           cpb rl0,#0x13
1bc70:  ee04               jr nz,0xbc7a
1bc72:  4d0883006d4e       clr <<3>>0x6d4e
1bc78:  e81c               jr 0xbcb2
1bc7a:  0a081111           cpb rl0,#0x11
1bc7e:  ee05               jr nz,0xbc8a
1bc80:  330003ca           ldr 0xc04e,r0
1bc84:  bd02               ldk r0,#2
1bc86:  d047               calr 0xbbfa
1bc88:  e814               jr 0xbcb2
1bc8a:  3506008a           ldrl rr6,0xbd18
1bc8e:  8a78               cpb rl0,rh7
1bc90:  e610               jr z,0xbcb2
1bc92:  8af8               cpb rl0,rl7
1bc94:  e60e               jr z,0xbcb2
1bc96:  35080386           ldrl rr8,0xc020
1bc9a:  3404017e           ldar rr4,0xbe1c
1bc9e:  2e88               ldb @rr8,rl0
1bca0:  a990               inc r9,#1
1bca2:  34040376           ldar rr4,0xc01c
1bca6:  9048               cpl rr8,rr4
1bca8:  e702               jr c,0xbcae
1bcaa:  3408016e           ldar rr8,0xbe1c
1bcae:  3708036e           ldrl 0xc020,rr8
1bcb2:  95e4               popl rr4,@rr14
1bcb4:  95e6               popl rr6,@rr14
1bcb6:  95e8               popl rr8,@rr14
1bcb8:  8d43               resflg z
1bcba:  9e08               ret 
1bcbc:  8a48               cpb rl0,rh4
1bcbe:  9e06               ret z
1bcc0:  8ac8               cpb rl0,rl4
1bcc2:  9e06               ret z
1bcc4:  8a48               cpb rl0,rh4
1bcc6:  9e06               ret z
1bcc8:  8ac8               cpb rl0,rl4
1bcca:  9e08               ret 
1bccc:  0a080808           cpb rl0,#0x08
1bcd0:  9e0e               ret nz
1bcd2:  8d14               test r1
1bcd4:  9e06               ret z
1bcd6:  ab10               dec r1,#1
1bcd8:  abb0               dec r11,#1
1bcda:  dfff               calr 0xbcde
1bcdc:  e8fa               jr 0xbcd2
1bcde:  4c01830000030101   cpb <<3>>0x0003,#0x01
1bce6:  ee06               jr nz,0xbcf4
1bce8:  c808               ldb rl0,#0x08
1bcea:  dffb               calr 0xbcf6
1bcec:  c820               ldb rl0,#0x20
1bcee:  dffd               calr 0xbcf6
1bcf0:  c808               ldb rl0,#0x08
1bcf2:  dfff               calr 0xbcf6
1bcf4:  9e08               ret 
1bcf6:  3a04ff20           inb rh0,#0xff20
1bcfa:  a601               bitb rh0,#1
1bcfc:  e6fc               jr z,0xbcf6
1bcfe:  3a86ff22           outb #0xff22,rl0
1bd02:  9e08               ret 
1bd04:  ff00               dbjnz rl7,0xbd06
1bd06:  00000000           addb rh0,#0x00
1bd0a:  00000000           addb rh0,#0x00
1bd0e:  00000000           addb rh0,#0x00
1bd12:  00000000           addb rh0,#0x00
1bd16:  00000000           addb rh0,#0x00
1bd1a:  00000000           addb rh0,#0x00
1bd1e:  00000000           addb rh0,#0x00
1bd22:  00000000           addb rh0,#0x00
1bd26:  00000000           addb rh0,#0x00
1bd2a:  00000000           addb rh0,#0x00
1bd2e:  00000000           addb rh0,#0x00
1bd32:  00000000           addb rh0,#0x00
1bd36:  00000000           addb rh0,#0x00
1bd3a:  00000000           addb rh0,#0x00
1bd3e:  00000000           addb rh0,#0x00
1bd42:  00000000           addb rh0,#0x00
1bd46:  00000000           addb rh0,#0x00
1bd4a:  00000000           addb rh0,#0x00
1bd4e:  00000000           addb rh0,#0x00
1bd52:  00000000           addb rh0,#0x00
1bd56:  00000000           addb rh0,#0x00
1bd5a:  00000000           addb rh0,#0x00
1bd5e:  00000000           addb rh0,#0x00
1bd62:  00000000           addb rh0,#0x00
1bd66:  00000000           addb rh0,#0x00
1bd6a:  00000000           addb rh0,#0x00
1bd6e:  00000000           addb rh0,#0x00
1bd72:  00000000           addb rh0,#0x00
1bd76:  00000000           addb rh0,#0x00
1bd7a:  00000000           addb rh0,#0x00
1bd7e:  00000000           addb rh0,#0x00
1bd82:  00000000           addb rh0,#0x00
1bd86:  00000000           addb rh0,#0x00
1bd8a:  00000000           addb rh0,#0x00
1bd8e:  00000000           addb rh0,#0x00
1bd92:  00000000           addb rh0,#0x00
1bd96:  00000000           addb rh0,#0x00
1bd9a:  00000000           addb rh0,#0x00
1bd9e:  00000000           addb rh0,#0x00
1bda2:  00000000           addb rh0,#0x00
1bda6:  00000000           addb rh0,#0x00
1bdaa:  00000000           addb rh0,#0x00
1bdae:  00000000           addb rh0,#0x00
1bdb2:  00000000           addb rh0,#0x00
1bdb6:  00000000           addb rh0,#0x00
1bdba:  00000000           addb rh0,#0x00
1bdbe:  00000000           addb rh0,#0x00
1bdc2:  00000000           addb rh0,#0x00
1bdc6:  00000000           addb rh0,#0x00
1bdca:  00000000           addb rh0,#0x00
1bdce:  00000000           addb rh0,#0x00
1bdd2:  00000000           addb rh0,#0x00
1bdd6:  00000000           addb rh0,#0x00
1bdda:  00000000           addb rh0,#0x00
1bdde:  00000000           addb rh0,#0x00
1bde2:  00000000           addb rh0,#0x00
1bde6:  00000000           addb rh0,#0x00
1bdea:  00000000           addb rh0,#0x00
1bdee:  00000000           addb rh0,#0x00
1bdf2:  00000000           addb rh0,#0x00
1bdf6:  00000000           addb rh0,#0x00
1bdfa:  00000000           addb rh0,#0x00
1bdfe:  00000000           addb rh0,#0x00
1be02:  00000000           addb rh0,#0x00
1be06:  00000000           addb rh0,#0x00
1be0a:  00000000           addb rh0,#0x00
1be0e:  00000000           addb rh0,#0x00
1be12:  00000000           addb rh0,#0x00
1be16:  00000000           addb rh0,#0x00
1be1a:  00000000           addb rh0,#0x00
1be1e:  00000000           addb rh0,#0x00
1be22:  00000000           addb rh0,#0x00
1be26:  00000000           addb rh0,#0x00
1be2a:  00000000           addb rh0,#0x00
1be2e:  00000000           addb rh0,#0x00
1be32:  00000000           addb rh0,#0x00
1be36:  00000000           addb rh0,#0x00
1be3a:  00000000           addb rh0,#0x00
1be3e:  00000000           addb rh0,#0x00
1be42:  00000000           addb rh0,#0x00
1be46:  00000000           addb rh0,#0x00
1be4a:  00000000           addb rh0,#0x00
1be4e:  00000000           addb rh0,#0x00
1be52:  00000000           addb rh0,#0x00
1be56:  00000000           addb rh0,#0x00
1be5a:  00000000           addb rh0,#0x00
1be5e:  00000000           addb rh0,#0x00
1be62:  00000000           addb rh0,#0x00
1be66:  00000000           addb rh0,#0x00
1be6a:  00000000           addb rh0,#0x00
1be6e:  00000000           addb rh0,#0x00
1be72:  00000000           addb rh0,#0x00
1be76:  00000000           addb rh0,#0x00
1be7a:  00000000           addb rh0,#0x00
1be7e:  00000000           addb rh0,#0x00
1be82:  00000000           addb rh0,#0x00
1be86:  00000000           addb rh0,#0x00
1be8a:  00000000           addb rh0,#0x00
1be8e:  00000000           addb rh0,#0x00
1be92:  00000000           addb rh0,#0x00
1be96:  00000000           addb rh0,#0x00
1be9a:  00000000           addb rh0,#0x00
1be9e:  00000000           addb rh0,#0x00
1bea2:  00000000           addb rh0,#0x00
1bea6:  00000000           addb rh0,#0x00
1beaa:  00000000           addb rh0,#0x00
1beae:  00000000           addb rh0,#0x00
1beb2:  00000000           addb rh0,#0x00
1beb6:  00000000           addb rh0,#0x00
1beba:  00000000           addb rh0,#0x00
1bebe:  00000000           addb rh0,#0x00
1bec2:  00000000           addb rh0,#0x00
1bec6:  00000000           addb rh0,#0x00
1beca:  00000000           addb rh0,#0x00
1bece:  00000000           addb rh0,#0x00
1bed2:  00000000           addb rh0,#0x00
1bed6:  00000000           addb rh0,#0x00
1beda:  00000000           addb rh0,#0x00
1bede:  00000000           addb rh0,#0x00
1bee2:  00000000           addb rh0,#0x00
1bee6:  00000000           addb rh0,#0x00
1beea:  00000000           addb rh0,#0x00
1beee:  00000000           addb rh0,#0x00
1bef2:  00000000           addb rh0,#0x00
1bef6:  00000000           addb rh0,#0x00
1befa:  00000000           addb rh0,#0x00
1befe:  00000000           addb rh0,#0x00
1bf02:  00000000           addb rh0,#0x00
1bf06:  00000000           addb rh0,#0x00
1bf0a:  00000000           addb rh0,#0x00
1bf0e:  00000000           addb rh0,#0x00
1bf12:  00000000           addb rh0,#0x00
1bf16:  00000000           addb rh0,#0x00
1bf1a:  00000000           addb rh0,#0x00
1bf1e:  00000000           addb rh0,#0x00
1bf22:  00000000           addb rh0,#0x00
1bf26:  00000000           addb rh0,#0x00
1bf2a:  00000000           addb rh0,#0x00
1bf2e:  00000000           addb rh0,#0x00
1bf32:  00000000           addb rh0,#0x00
1bf36:  00000000           addb rh0,#0x00
1bf3a:  00000000           addb rh0,#0x00
1bf3e:  00000000           addb rh0,#0x00
1bf42:  00000000           addb rh0,#0x00
1bf46:  00000000           addb rh0,#0x00
1bf4a:  00000000           addb rh0,#0x00
1bf4e:  00000000           addb rh0,#0x00
1bf52:  00000000           addb rh0,#0x00
1bf56:  00000000           addb rh0,#0x00
1bf5a:  00000000           addb rh0,#0x00
1bf5e:  00000000           addb rh0,#0x00
1bf62:  00000000           addb rh0,#0x00
1bf66:  00000000           addb rh0,#0x00
1bf6a:  00000000           addb rh0,#0x00
1bf6e:  00000000           addb rh0,#0x00
1bf72:  00000000           addb rh0,#0x00
1bf76:  00000000           addb rh0,#0x00
1bf7a:  00000000           addb rh0,#0x00
1bf7e:  00000000           addb rh0,#0x00
1bf82:  00000000           addb rh0,#0x00
1bf86:  00000000           addb rh0,#0x00
1bf8a:  00000000           addb rh0,#0x00
1bf8e:  00000000           addb rh0,#0x00
1bf92:  00000000           addb rh0,#0x00
1bf96:  00000000           addb rh0,#0x00
1bf9a:  00000000           addb rh0,#0x00
1bf9e:  00000000           addb rh0,#0x00
1bfa2:  00000000           addb rh0,#0x00
1bfa6:  00000000           addb rh0,#0x00
1bfaa:  00000000           addb rh0,#0x00
1bfae:  00000000           addb rh0,#0x00
1bfb2:  00000000           addb rh0,#0x00
1bfb6:  00000000           addb rh0,#0x00
1bfba:  00000000           addb rh0,#0x00
1bfbe:  00000000           addb rh0,#0x00
1bfc2:  00000000           addb rh0,#0x00
1bfc6:  00000000           addb rh0,#0x00
1bfca:  00000000           addb rh0,#0x00
1bfce:  00000000           addb rh0,#0x00
1bfd2:  00000000           addb rh0,#0x00
1bfd6:  00000000           addb rh0,#0x00
1bfda:  00000000           addb rh0,#0x00
1bfde:  00000000           addb rh0,#0x00
1bfe2:  00000000           addb rh0,#0x00
1bfe6:  00000000           addb rh0,#0x00
1bfea:  00000000           addb rh0,#0x00
1bfee:  00000000           addb rh0,#0x00
1bff2:  00000000           addb rh0,#0x00
1bff6:  00000000           addb rh0,#0x00
1bffa:  00000000           addb rh0,#0x00
1bffe:  00000000           addb rh0,#0x00
1c002:  00000000           addb rh0,#0x00
1c006:  00000000           addb rh0,#0x00
1c00a:  00000000           addb rh0,#0x00
1c00e:  00000000           addb rh0,#0x00
1c012:  00000000           addb rh0,#0x00
1c016:  00000000           addb rh0,#0x00
1c01a:  00000000           addb rh0,#0x00
1c01e:  00000000           addb rh0,#0x00
1c022:  00000000           addb rh0,#0x00
1c026:  00000000           addb rh0,#0x00
1c02a:  00000000           addb rh0,#0x00
1c02e:  00000000           addb rh0,#0x00
1c032:  00000000           addb rh0,#0x00
1c036:  00000000           addb rh0,#0x00
1c03a:  0032               addb rh2,@rr3
1c03c:  006e               addb rl6,@rr6
1c03e:  012c               add r12,@rr2
1c040:  0258               subb rl0,@rr5
1c042:  04b0               orb rh0,@rr11
1c044:  0960               xor r0,@rr6
1c046:  12c0               subl rr0,@rr12
1c048:  2580               set @rr8,#0
1c04a:  4b0096000000       cp r0,<<22>>0x0000
1c050:  00001b50           addb rh0,#0x50
1c054:  401b5041           addb rl3,<<80>>0x0041(r1)
1c058:  1b50               div rr0,@rr5
1c05a:  601b5070           ldb rl3,<<80>>0x0070(r1)
1c05e:  0d0a               .word #0x0d0a
1c060:  0d0a               .word #0x0d0a
1c062:  0d0a               .word #0x0d0a
1c064:  0d0a               .word #0x0d0a
1c066:  0d0a               .word #0x0d0a
1c068:  0d0a               .word #0x0d0a
1c06a:  0d0a               .word #0x0d0a
1c06c:  0d0a               .word #0x0d0a
1c06e:  0d0a               .word #0x0d0a
1c070:  0d0a               .word #0x0d0a
1c072:  0d0a               .word #0x0d0a
1c074:  0d0a               .word #0x0d0a
1c076:  0d0a               .word #0x0d0a
1c078:  0d0a               .word #0x0d0a
1c07a:  0d0a               .word #0x0d0a
1c07c:  0d0a               .word #0x0d0a
1c07e:  0d0a               .word #0x0d0a
1c080:  0d0a               .word #0x0d0a
1c082:  0d0a               .word #0x0d0a
1c084:  0d0a               .word #0x0d0a
1c086:  0d0a               .word #0x0d0a
1c088:  0d0a               .word #0x0d0a
1c08a:  0d0a               .word #0x0d0a
1c08c:  0d0a               .word #0x0d0a
1c08e:  0d0a               .word #0x0d0a
1c090:  1b59               div rr9,@rr5
1c092:  ffff               djnz r15,0xbf96
1c094:  01020304           add r2,#0x0304
1c098:  05060710           or r6,#0x0710
1c09c:  1112               pushl @rr1,@rr2
1c09e:  1314               push @rr1,@rr4
1c0a0:  1518               popl @rr8,@rr1
1c0a2:  191c               mult rr12,@rr1
1c0a4:  1f21               .word #0x1f21
1c0a6:  2341               res @rr4,#1
1c0a8:  44464748           orb rh6,<<71>>0x0048(r4)
1c0ac:  942a               ldl rr10,rr2
1c0ae:  4db503020070       ld <<3>>0x0002(r11),#0x0070
1c0b4:  340c03f4           ldar rr12,0xc4ac
1c0b8:  de3c               calr 0xc442
1c0ba:  bd71               ldk r7,#1
1c0bc:  9e0e               ret nz
1c0be:  340c0458           ldar rr12,0xc51a
1c0c2:  de41               calr 0xc442
1c0c4:  bd71               ldk r7,#1
1c0c6:  9e0e               ret nz
1c0c8:  bd18               ldk r1,#8
1c0ca:  f081               djnz r0,0xc0ca
1c0cc:  f182               djnz r1,0xc0ca
1c0ce:  7d44               ldctl r4,psapseg
1c0d0:  7d55               ldctl r5,psap
1c0d2:  cd3c               ldb rl5,#0x3c
1c0d4:  30a9000a           ldb rl1,rr10(#0x000a)
1c0d8:  8c18               clrb rh1
1c0da:  8d38               clr r3
1c0dc:  a09b               ldb rl3,rl1
1c0de:  8111               add r1,r1
1c0e0:  8115               add r5,r1
1c0e2:  34080376           ldar rr8,0xc45c
1c0e6:  1d48               ldl @rr4,rr8
1c0e8:  6f3b830038d2       ld <<3>>0x38d2(r3),r11
1c0ee:  000b0202           addb rl3,#0x02
1c0f2:  32ab000b           ldb rr10(#0x000b),rl3
1c0f6:  30ab000a           ldb rl3,rr10(#0x000a)
1c0fa:  340c0668           ldar rr12,0xc766
1c0fe:  de5f               calr 0xc442
1c100:  bd71               ldk r7,#1
1c102:  9e0e               ret nz
1c104:  bd31               ldk r3,#1
1c106:  340c049c           ldar rr12,0xc5a6
1c10a:  de65               calr 0xc442
1c10c:  bd71               ldk r7,#1
1c10e:  9e0e               ret nz
1c110:  340c0604           ldar rr12,0xc718
1c114:  340807a8           ldar rr8,0xc8c0
1c118:  de97               calr 0xc3ec
1c11a:  bd71               ldk r7,#1
1c11c:  9e0e               ret nz
1c11e:  94a8               ldl rr8,rr10
1c120:  01090060           add r9,#0x0060
1c124:  bd08               ldk r0,#8
1c126:  0c88               clrb @rr8
1c128:  a990               inc r9,#1
1c12a:  f083               djnz r0,0xc126
1c12c:  ab97               dec r9,#8
1c12e:  340c064c           ldar rr12,0xc77e
1c132:  de7e               calr 0xc438
1c134:  bd71               ldk r7,#1
1c136:  9e0e               ret nz
1c138:  bd02               ldk r0,#2
1c13a:  a1b6               ld r6,r11
1c13c:  2141               ld r1,@rr4
1c13e:  07010007           and r1,#0x0007
1c142:  8111               add r1,r1
1c144:  34020214           ldar rr2,0xc35c
1c148:  71210100           ld r1,rr2(r1)
1c14c:  6f610360           ld <<3>>0x0060(r6),r1
1c150:  a951               inc r5,#2
1c152:  a961               inc r6,#2
1c154:  f08d               djnz r0,0xc13c
1c156:  8d18               clr r1
1c158:  a119               ld r9,r1
1c15a:  81b9               add r9,r11
1c15c:  4c940360           testb <<3>>0x0060(r9)
1c160:  e639               jr z,0xc1d4
1c162:  bd0c               ldk r0,#12
1c164:  94a4               ldl rr4,rr10
1c166:  0105003a           add r5,#0x003a
1c16a:  0c48               clrb @rr4
1c16c:  a950               inc r5,#1
1c16e:  f083               djnz r0,0xc16a
1c170:  ab5b               dec r5,#12
1c172:  bd0a               ldk r0,#10
1c174:  94a6               ldl rr6,rr10
1c176:  01070046           add r7,#0x0046
1c17a:  0c68               clrb @rr6
1c17c:  a970               inc r7,#1
1c17e:  f083               djnz r0,0xc17a
1c180:  ab79               dec r7,#10
1c182:  4c7503030505       ldb <<3>>0x0003(r7),#0x05
1c188:  4c7503040101       ldb <<3>>0x0004(r7),#0x01
1c18e:  4c7503053131       ldb <<3>>0x0005(r7),#0x31
1c194:  4c7503078080       ldb <<3>>0x0007(r7),#0x80
1c19a:  a113               ld r3,r1
1c19c:  340c0608           ldar rr12,0xc7a8
1c1a0:  340807f6           ldar rr8,0xc99a
1c1a4:  dedd               calr 0xc3ec
1c1a6:  bd71               ldk r7,#1
1c1a8:  9e0e               ret nz
1c1aa:  94a4               ldl rr4,rr10
1c1ac:  0105003a           add r5,#0x003a
1c1b0:  bd0c               ldk r0,#12
1c1b2:  0c48               clrb @rr4
1c1b4:  a950               inc r5,#1
1c1b6:  f083               djnz r0,0xc1b2
1c1b8:  ab5b               dec r5,#12
1c1ba:  a113               ld r3,r1
1c1bc:  340c048c           ldar rr12,0xc64c
1c1c0:  340807ce           ldar rr8,0xc992
1c1c4:  deed               calr 0xc3ec
1c1c6:  e606               jr z,0xc1d4
1c1c8:  a776               bit r7,#6
1c1ca:  e602               jr z,0xc1d0
1c1cc:  bd71               ldk r7,#1
1c1ce:  9e08               ret 
1c1d0:  4c180360           clrb <<3>>0x0060(r1)
1c1d4:  a910               inc r1,#1
1c1d6:  a712               bit r1,#2
1c1d8:  e601               jr z,0xc1dc
1c1da:  e801               jr 0xc1de
1c1dc:  e8bd               jr 0xc158
1c1de:  5cb102030360       ldm r2,<<3>>0x0060(r11),#4
1c1e4:  5cb902030318       ldm <<3>>0x0018(r11),r2,#4
1c1ea:  9e08               ret 
1c1ec:  4d3503180122       ld <<3>>0x0018(r3),#0x0122
1c1f2:  4c35031a0606       ldb <<3>>0x001a(r3),#0x06
1c1f8:  4c35031b2121       ldb <<3>>0x001b(r3),#0x21
1c1fe:  8d78               clr r7
1c200:  9e08               ret 
1c202:  942a               ldl rr10,rr2
1c204:  4cb80350           clrb <<3>>0x0050(r11)
1c208:  4cb503510303       ldb <<3>>0x0051(r11),#0x03
1c20e:  54b40326           ldl rr4,<<3>>0x0026(r11)
1c212:  5db4031a           ldl <<3>>0x001a(r11),rr4
1c216:  4cb80313           clrb <<3>>0x0013(r11)
1c21a:  35a20020           ldl rr2,rr10(#0x0020)
1c21e:  3404fffc           ldar rr4,0xc21e
1c222:  2105ad10           ld r5,#0xad10
1c226:  1f40               call @rr4
1c228:  37a20042           ldl rr10(#0x0042),rr2
1c22c:  8d88               clr r8
1c22e:  31a90024           ld r9,rr10(#0x0024)
1c232:  1b080100           div rr8,#0x0100
1c236:  8d84               test r8
1c238:  e601               jr z,0xc23c
1c23a:  a990               inc r9,#1
1c23c:  33a9003e           ld rr10(#0x003e),r9
1c240:  31a30026           ld r3,rr10(#0x0026)
1c244:  8322               sub r2,r2
1c246:  190200c6           mult rr2,#0x00c6
1c24a:  9428               ldl rr8,rr2
1c24c:  9222               subl rr2,rr2
1c24e:  30ab0028           ldb rl3,rr10(#0x0028)
1c252:  19020021           mult rr2,#0x0021
1c256:  9628               addl rr8,rr2
1c258:  9222               subl rr2,rr2
1c25a:  30ab0029           ldb rl3,rr10(#0x0029)
1c25e:  9628               addl rr8,rr2
1c260:  37a8003a           ldl rr10(#0x003a),rr8
1c264:  21080000           ld r8,#0x0000
1c268:  33a80040           ld rr10(#0x0040),r8
1c26c:  30ab002b           ldb rl3,rr10(#0x002b)
1c270:  aab0               decb rl3,#1
1c272:  94a4               ldl rr4,rr10
1c274:  0105003a           add r5,#0x003a
1c278:  30a8002a           ldb rl0,rr10(#0x002a)
1c27c:  0a088888           cpb rl0,#0x88
1c280:  ee02               jr nz,0xc286
1c282:  e82a               jr 0xc2d8
1c284:  e812               jr 0xc2aa
1c286:  0a089191           cpb rl0,#0x91
1c28a:  ee02               jr nz,0xc290
1c28c:  e80e               jr 0xc2aa
1c28e:  e80d               jr 0xc2aa
1c290:  0a088787           cpb rl0,#0x87
1c294:  ee02               jr nz,0xc29a
1c296:  e809               jr 0xc2aa
1c298:  e808               jr 0xc2aa
1c29a:  0a089292           cpb rl0,#0x92
1c29e:  ee02               jr nz,0xc2a4
1c2a0:  e82a               jr 0xc2f6
1c2a2:  e803               jr 0xc2aa
1c2a4:  3408013c           ldar rr8,0xc3e4
1c2a8:  1e88               jp @rr8
1c2aa:  3408000e           ldar rr8,0xc2bc
1c2ae:  37a80052           ldl rr10(#0x0052),rr8
1c2b2:  340c0434           ldar rr12,0xc6ea
1c2b6:  df3b               calr 0xc442
1c2b8:  9e06               ret z
1c2ba:  e857               jr 0xc36a
1c2bc:  340c06e2           ldar rr12,0xc9a2
1c2c0:  df45               calr 0xc438
1c2c2:  ee53               jr nz,0xc36a
1c2c4:  4cb1032a8787       cpb <<3>>0x002a(r11),#0x87
1c2ca:  e602               jr z,0xc2d0
1c2cc:  df1c               calr 0xc496
1c2ce:  9e08               ret 
1c2d0:  4cb5032a9292       ldb <<3>>0x002a(r11),#0x92
1c2d6:  e8a1               jr 0xc21a
1c2d8:  3408000e           ldar rr8,0xc2ea
1c2dc:  37a80052           ldl rr10(#0x0052),rr8
1c2e0:  340c038c           ldar rr12,0xc670
1c2e4:  df52               calr 0xc442
1c2e6:  9e06               ret z
1c2e8:  e840               jr 0xc36a
1c2ea:  340c06b0           ldar rr12,0xc99e
1c2ee:  df5c               calr 0xc438
1c2f0:  ee3c               jr nz,0xc36a
1c2f2:  df2f               calr 0xc496
1c2f4:  9e08               ret 
1c2f6:  94a6               ldl rr6,rr10
1c2f8:  01070032           add r7,#0x0032
1c2fc:  21000003           ld r0,#0x0003
1c300:  91e4               pushl @rr14,rr4
1c302:  bb410060           ldir @rr6,@rr4,r0
1c306:  95e4               popl rr4,@rr14
1c308:  3408000e           ldar rr8,0xc31a
1c30c:  37a80052           ldl rr10(#0x0052),rr8
1c310:  340c0398           ldar rr12,0xc6ac
1c314:  df6a               calr 0xc442
1c316:  9e06               ret z
1c318:  e828               jr 0xc36a
1c31a:  340c0688           ldar rr12,0xc9a6
1c31e:  94a6               ldl rr6,rr10
1c320:  01070046           add r7,#0x0046
1c324:  df77               calr 0xc438
1c326:  ee21               jr nz,0xc36a
1c328:  df4a               calr 0xc496
1c32a:  9e08               ret 
1c32c:  70dc70dc           ldb rl4,rr13(r0)
1c330:  70dc70dc           ldb rl4,rr13(r0)
1c334:  70dc70dc           ldb rl4,rr13(r0)
1c338:  70dc708a           ldb rl4,rr13(r0)
1c33c:  708a708a           ldb rl2,rr8(r0)
1c340:  708a708a           ldb rl2,rr8(r0)
1c344:  708a708a           ldb rl2,rr8(r0)
1c348:  70e070e0           ldb rh0,rr14(r0)
1c34c:  70e070e4           ldb rh0,rr14(r0)
1c350:  70e470e0           ldb rh4,rr14(r0)
1c354:  70e070e0           ldb rh0,rr14(r0)
1c358:  70e070e0           ldb rh0,rr14(r0)
1c35c:  00000700           addb rh0,#0x00
1c360:  00070707           addb rh7,#0x07
1c364:  07000007           and r0,#0x0007
1c368:  07072104           and r7,#0x2104
1c36c:  0018               addb rl0,@rr1
1c36e:  3402fd22           ldar rr2,0xc094
1c372:  ba2404f6           cpirb rl7,@rr2,r4,z
1c376:  ee38               jr nz,0xc3e8
1c378:  03036d95           sub r3,#0x6d95
1c37c:  b3310001           sll r3,#1
1c380:  3404ffa8           ldar rr4,0xc32c
1c384:  71450300           ld r5,rr4(r3)
1c388:  1e48               jp @rr4
1c38a:  3402fe8c           ldar rr2,0xc21a
1c38e:  68b00313           incb <<3>>0x0013(r11),#1
1c392:  6ab00351           decb <<3>>0x0051(r11),#1
1c396:  1e2e               jp nz,@rr2
1c398:  4cb60350           tsetb <<3>>0x0050(r11)
1c39c:  e51d               jr mi,0xc3d8
1c39e:  4cb503510303       ldb <<3>>0x0051(r11),#0x03
1c3a4:  30ab002b           ldb rl3,rr10(#0x002b)
1c3a8:  aab0               decb rl3,#1
1c3aa:  c80c               ldb rl0,#0x0c
1c3ac:  94a4               ldl rr4,rr10
1c3ae:  0105003a           add r5,#0x003a
1c3b2:  0c48               clrb @rr4
1c3b4:  a950               inc r5,#1
1c3b6:  f803               dbjnz rl0,0xc3b2
1c3b8:  3408000e           ldar rr8,0xc3ca
1c3bc:  37a80052           ldl rr10(#0x0052),rr8
1c3c0:  340c0288           ldar rr12,0xc64c
1c3c4:  dfc2               calr 0xc442
1c3c6:  9e06               ret z
1c3c8:  e8d0               jr 0xc36a
1c3ca:  340c05c4           ldar rr12,0xc992
1c3ce:  dfcc               calr 0xc438
1c3d0:  3402fe46           ldar rr2,0xc21a
1c3d4:  1e26               jp z,@rr2
1c3d6:  e8c9               jr 0xc36a
1c3d8:  bd74               ldk r7,#4
1c3da:  e806               jr 0xc3e8
1c3dc:  bd72               ldk r7,#2
1c3de:  e804               jr 0xc3e8
1c3e0:  bd71               ldk r7,#1
1c3e2:  e802               jr 0xc3e8
1c3e4:  21070040           ld r7,#0x0040
1c3e8:  dfaa               calr 0xc496
1c3ea:  9e08               ret 
1c3ec:  91e0               pushl @rr14,rr0
1c3ee:  93e2               push @rr14,r2
1c3f0:  91ea               pushl @rr14,rr10
1c3f2:  4cb60330           tsetb <<3>>0x0030(r11)
1c3f6:  37a80056           ldl rr10(#0x0056),rr8
1c3fa:  3408002a           ldar rr8,0xc428
1c3fe:  37a80052           ldl rr10(#0x0052),rr8
1c402:  dfe1               calr 0xc442
1c404:  210d0028           ld r13,#0x0028
1c408:  ee0a               jr nz,0xc41e
1c40a:  4cb40330           testb <<3>>0x0030(r11)
1c40e:  e605               jr z,0xc41a
1c410:  fc84               djnz r12,0xc40a
1c412:  fd85               djnz r13,0xc40a
1c414:  2107ffff           ld r7,#0xffff
1c418:  e802               jr 0xc41e
1c41a:  31a70018           ld r7,rr10(#0x0018)
1c41e:  8d74               test r7
1c420:  95ea               popl rr10,@rr14
1c422:  97e2               pop r2,@rr14
1c424:  95e0               popl rr0,@rr14
1c426:  9e08               ret 
1c428:  35ac0056           ldl rr12,rr10(#0x0056)
1c42c:  dffb               calr 0xc438
1c42e:  33a70018           ld rr10(#0x0018),r7
1c432:  4cb80330           clrb <<3>>0x0030(r11)
1c436:  9e08               ret 
1c438:  94a4               ldl rr4,rr10
1c43a:  01050032           add r5,#0x0032
1c43e:  dfff               calr 0xc442
1c440:  9e08               ret 
1c442:  31a20008           ld r2,rr10(#0x0008)
1c446:  b321fff4           srl r2,#12
1c44a:  e701               jr c,0xc44e
1c44c:  a92f               inc r2,#16
1c44e:  91ea               pushl @rr14,rr10
1c450:  1fc0               call @rr12
1c452:  95ea               popl rr10,@rr14
1c454:  33a70018           ld rr10(#0x0018),r7
1c458:  8d74               test r7
1c45a:  9e08               ret 
1c45c:  3a86ff84           outb #0xff84,rl0
1c460:  7c05               ei vi
1c462:  abfd               dec r15,#14
1c464:  abfd               dec r15,#14
1c466:  1ce9000d           ldm @rr14,r0,#14
1c46a:  31e1001c           ld r1,rr14(#0x001c)
1c46e:  8c18               clrb rh1
1c470:  760a830038d2       lda rr10,<<3>>0x38d2
1c476:  71ab0100           ld r11,rr10(r1)
1c47a:  8d38               clr r3
1c47c:  340c0126           ldar rr12,0xc5a6
1c480:  d020               calr 0xc442
1c482:  35a40052           ldl rr4,rr10(#0x0052)
1c486:  1f40               call @rr4
1c488:  1ce1000d           ldm r0,@rr14,#14
1c48c:  a9fd               inc r15,#14
1c48e:  a9fd               inc r15,#14
1c490:  3a86ff8c           outb #0xff8c,rl0
1c494:  7b00               iret
1c496:  94a2               ldl rr2,rr10
1c498:  54b4030c           ldl rr4,<<3>>0x000c(r11)
1c49c:  1f40               call @rr4
1c49e:  9e08               ret 
1c4a0:  b326               rr r2,#2
1c4a2:  b326               rr r2,#2
1c4a4:  a720               bit r2,#0
1c4a6:  9e06               ret z
1c4a8:  a52b               set r2,#11
1c4aa:  9e08               ret 
1c4ac:  d007               calr 0xc4a0
1c4ae:  8377               sub r7,r7
1c4b0:  caff               ldb rl2,#0xff
1c4b2:  3c28               inb rl0,@r2
1c4b4:  0a086060           cpb rl0,#0x60
1c4b8:  ee2e               jr nz,0xc516
1c4ba:  caf8               ldb rl2,#0xf8
1c4bc:  c882               ldb rl0,#0x82
1c4be:  3e28               outb @r2,rl0
1c4c0:  c888               ldb rl0,#0x88
1c4c2:  3e28               outb @r2,rl0
1c4c4:  c88c               ldb rl0,#0x8c
1c4c6:  3e28               outb @r2,rl0
1c4c8:  c884               ldb rl0,#0x84
1c4ca:  3e28               outb @r2,rl0
1c4cc:  c88e               ldb rl0,#0x8e
1c4ce:  3e28               outb @r2,rl0
1c4d0:  c88a               ldb rl0,#0x8a
1c4d2:  3e28               outb @r2,rl0
1c4d4:  8288               subb rl0,rl0
1c4d6:  caf7               ldb rl2,#0xf7
1c4d8:  3e28               outb @r2,rl0
1c4da:  cae4               ldb rl2,#0xe4
1c4dc:  c8f4               ldb rl0,#0xf4
1c4de:  3e28               outb @r2,rl0
1c4e0:  cae1               ldb rl2,#0xe1
1c4e2:  3e28               outb @r2,rl0
1c4e4:  caf4               ldb rl2,#0xf4
1c4e6:  3c28               inb rl0,@r2
1c4e8:  caef               ldb rl2,#0xef
1c4ea:  c83e               ldb rl0,#0x3e
1c4ec:  3e28               outb @r2,rl0
1c4ee:  c870               ldb rl0,#0x70
1c4f0:  3e28               outb @r2,rl0
1c4f2:  c8b0               ldb rl0,#0xb0
1c4f4:  3e28               outb @r2,rl0
1c4f6:  2100411a           ld r0,#0x411a
1c4fa:  cae9               ldb rl2,#0xe9
1c4fc:  3e28               outb @r2,rl0
1c4fe:  3e20               outb @r2,rh0
1c500:  cafb               ldb rl2,#0xfb
1c502:  3c28               inb rl0,@r2
1c504:  a283               resb rl0,#3
1c506:  0a080707           cpb rl0,#0x07
1c50a:  ee05               jr nz,0xc516
1c50c:  cae1               ldb rl2,#0xe1
1c50e:  3c28               inb rl0,@r2
1c510:  06080f0f           andb rl0,#0x0f
1c514:  9e06               ret z
1c516:  cf40               ldb rl7,#0x40
1c518:  9e08               ret 
1c51a:  d03e               calr 0xc4a0
1c51c:  8377               sub r7,r7
1c51e:  c905               ldb rl1,#0x05
1c520:  cae4               ldb rl2,#0xe4
1c522:  c0f1               ldb rh0,#0xf1
1c524:  3e20               outb @r2,rh0
1c526:  f902               dbjnz rl1,0xc524
1c528:  c0f0               ldb rh0,#0xf0
1c52a:  3e20               outb @r2,rh0
1c52c:  cae5               ldb rl2,#0xe5
1c52e:  3c28               inb rl0,@r2
1c530:  0a080000           cpb rl0,#0x00
1c534:  9e06               ret z
1c536:  cf41               ldb rl7,#0x41
1c538:  9e08               ret 
1c53a:  8311               sub r1,r1
1c53c:  b2b1ffff           srlb rl3,#1
1c540:  24030900           setb rl1,r3
1c544:  cae3               ldb rl2,#0xe3
1c546:  3e29               outb @r2,rl1
1c548:  cae4               ldb rl2,#0xe4
1c54a:  c8f5               ldb rl0,#0xf5
1c54c:  3e28               outb @r2,rl0
1c54e:  c8f3               ldb rl0,#0xf3
1c550:  3e28               outb @r2,rl0
1c552:  c8f8               ldb rl0,#0xf8
1c554:  3e28               outb @r2,rl0
1c556:  21014fb0           ld r1,#0x4fb0
1c55a:  cae5               ldb rl2,#0xe5
1c55c:  8377               sub r7,r7
1c55e:  3c28               inb rl0,@r2
1c560:  a684               bitb rl0,#4
1c562:  ee03               jr nz,0xc56a
1c564:  f184               djnz r1,0xc55e
1c566:  21070043           ld r7,#0x0043
1c56a:  cae4               ldb rl2,#0xe4
1c56c:  c9f2               ldb rl1,#0xf2
1c56e:  3e29               outb @r2,rl1
1c570:  9e08               ret 
1c572:  8377               sub r7,r7
1c574:  21014fb0           ld r1,#0x4fb0
1c578:  cae5               ldb rl2,#0xe5
1c57a:  3c28               inb rl0,@r2
1c57c:  a685               bitb rl0,#5
1c57e:  9e0e               ret nz
1c580:  f184               djnz r1,0xc57a
1c582:  21070044           ld r7,#0x0044
1c586:  9e08               ret 
1c588:  d00c               calr 0xc572
1c58a:  a6f6               bitb rl7,#6
1c58c:  9e0e               ret nz
1c58e:  cf41               ldb rl7,#0x41
1c590:  0608d8d8           andb rl0,#0xd8
1c594:  0a085050           cpb rl0,#0x50
1c598:  9e0e               ret nz
1c59a:  cae3               ldb rl2,#0xe3
1c59c:  3a420628           outib @r2,@rr4,r6
1c5a0:  eef3               jr nz,0xc588
1c5a2:  8377               sub r7,r7
1c5a4:  9e08               ret 
1c5a6:  d084               calr 0xc4a0
1c5a8:  cafb               ldb rl2,#0xfb
1c5aa:  3c28               inb rl0,@r2
1c5ac:  a683               bitb rl0,#3
1c5ae:  e603               jr z,0xc5b6
1c5b0:  21070042           ld r7,#0x0042
1c5b4:  e809               jr 0xc5c8
1c5b6:  caf8               ldb rl2,#0xf8
1c5b8:  a6b0               bitb rl3,#0
1c5ba:  ee03               jr nz,0xc5c2
1c5bc:  c882               ldb rl0,#0x82
1c5be:  3e28               outb @r2,rl0
1c5c0:  e802               jr 0xc5c6
1c5c2:  c883               ldb rl0,#0x83
1c5c4:  3e28               outb @r2,rl0
1c5c6:  8377               sub r7,r7
1c5c8:  9e08               ret 
1c5ca:  d02d               calr 0xc572
1c5cc:  a6f6               bitb rl7,#6
1c5ce:  9e0e               ret nz
1c5d0:  21070041           ld r7,#0x0041
1c5d4:  0608d8d8           andb rl0,#0xd8
1c5d8:  0a081010           cpb rl0,#0x10
1c5dc:  9e0e               ret nz
1c5de:  cae3               ldb rl2,#0xe3
1c5e0:  3a420628           outib @r2,@rr4,r6
1c5e4:  eef2               jr nz,0xc5ca
1c5e6:  8377               sub r7,r7
1c5e8:  9e08               ret 
1c5ea:  d03d               calr 0xc572
1c5ec:  a6f6               bitb rl7,#6
1c5ee:  9e0e               ret nz
1c5f0:  21070041           ld r7,#0x0041
1c5f4:  0608d8d8           andb rl0,#0xd8
1c5f8:  0a089090           cpb rl0,#0x90
1c5fc:  9e0e               ret nz
1c5fe:  cae3               ldb rl2,#0xe3
1c600:  3a200648           inib @rr4,@r2,r6
1c604:  eef2               jr nz,0xc5ea
1c606:  8377               sub r7,r7
1c608:  9e08               ret 
1c60a:  caf8               ldb rl2,#0xf8
1c60c:  c88a               ldb rl0,#0x8a
1c60e:  3e28               outb @r2,rl0
1c610:  cae5               ldb rl2,#0xe5
1c612:  3c28               inb rl0,@r2
1c614:  caf8               ldb rl2,#0xf8
1c616:  c889               ldb rl0,#0x89
1c618:  3e28               outb @r2,rl0
1c61a:  caf2               ldb rl2,#0xf2
1c61c:  3c28               inb rl0,@r2
1c61e:  9e08               ret 
1c620:  caf8               ldb rl2,#0xf8
1c622:  c88b               ldb rl0,#0x8b
1c624:  3e28               outb @r2,rl0
1c626:  cae5               ldb rl2,#0xe5
1c628:  3c28               inb rl0,@r2
1c62a:  caf8               ldb rl2,#0xf8
1c62c:  c889               ldb rl0,#0x89
1c62e:  3e28               outb @r2,rl0
1c630:  caf2               ldb rl2,#0xf2
1c632:  3c28               inb rl0,@r2
1c634:  9e08               ret 
1c636:  35400008           ldl rr0,rr4(#0x0008)
1c63a:  b305ffff           srll rr0,#1
1c63e:  caf1               ldb rl2,#0xf1
1c640:  3e29               outb @r2,rl1
1c642:  caf2               ldb rl2,#0xf2
1c644:  3e21               outb @r2,rh1
1c646:  caf4               ldb rl2,#0xf4
1c648:  3e28               outb @r2,rl0
1c64a:  9e08               ret 
1c64c:  d0d7               calr 0xc4a0
1c64e:  caf7               ldb rl2,#0xf7
1c650:  c881               ldb rl0,#0x81
1c652:  3e28               outb @r2,rl0
1c654:  df5e               calr 0xc79a
1c656:  ee0b               jr nz,0xc66e
1c658:  df99               calr 0xc728
1c65a:  0c450101           ldb @rr4,#0x01
1c65e:  d093               calr 0xc53a
1c660:  a6f6               bitb rl7,#6
1c662:  ee05               jr nz,0xc66e
1c664:  bd66               ldk r6,#6
1c666:  d070               calr 0xc588
1c668:  a6f6               bitb rl7,#6
1c66a:  ee01               jr nz,0xc66e
1c66c:  d032               calr 0xc60a
1c66e:  9e08               ret 
1c670:  d0e9               calr 0xc4a0
1c672:  caf7               ldb rl2,#0xf7
1c674:  c888               ldb rl0,#0x88
1c676:  3e28               outb @r2,rl0
1c678:  df70               calr 0xc79a
1c67a:  ee17               jr nz,0xc6aa
1c67c:  dfab               calr 0xc728
1c67e:  0c450808           ldb @rr4,#0x08
1c682:  35400004           ldl rr0,rr4(#0x0004)
1c686:  a690               bitb rl1,#0
1c688:  e603               jr z,0xc690
1c68a:  a486               setb rl0,#6
1c68c:  32480005           ldb rr4(#0x0005),rl0
1c690:  d02e               calr 0xc636
1c692:  d0ad               calr 0xc53a
1c694:  a6f6               bitb rl7,#6
1c696:  ee09               jr nz,0xc6aa
1c698:  bd66               ldk r6,#6
1c69a:  d08a               calr 0xc588
1c69c:  a6f6               bitb rl7,#6
1c69e:  ee05               jr nz,0xc6aa
1c6a0:  ab51               dec r5,#2
1c6a2:  8288               subb rl0,rl0
1c6a4:  2040               ldb rh0,@rr4
1c6a6:  dfb2               calr 0xc744
1c6a8:  d050               calr 0xc60a
1c6aa:  9e08               ret 
1c6ac:  d107               calr 0xc4a0
1c6ae:  caf7               ldb rl2,#0xf7
1c6b0:  c889               ldb rl0,#0x89
1c6b2:  3e28               outb @r2,rl0
1c6b4:  df8e               calr 0xc79a
1c6b6:  ee18               jr nz,0xc6e8
1c6b8:  dfc9               calr 0xc728
1c6ba:  0c450808           ldb @rr4,#0x08
1c6be:  30480005           ldb rl0,rr4(#0x0005)
1c6c2:  a486               setb rl0,#6
1c6c4:  32480005           ldb rr4(#0x0005),rl0
1c6c8:  d04a               calr 0xc636
1c6ca:  d0c9               calr 0xc53a
1c6cc:  a6f6               bitb rl7,#6
1c6ce:  ee0c               jr nz,0xc6e8
1c6d0:  bd66               ldk r6,#6
1c6d2:  d0a6               calr 0xc588
1c6d4:  a6f6               bitb rl7,#6
1c6d6:  ee08               jr nz,0xc6e8
1c6d8:  caf8               ldb rl2,#0xf8
1c6da:  c88d               ldb rl0,#0x8d
1c6dc:  3e28               outb @r2,rl0
1c6de:  ab51               dec r5,#2
1c6e0:  8288               subb rl0,rl0
1c6e2:  2040               ldb rh0,@rr4
1c6e4:  dfd1               calr 0xc744
1c6e6:  d064               calr 0xc620
1c6e8:  9e08               ret 
1c6ea:  d126               calr 0xc4a0
1c6ec:  caf7               ldb rl2,#0xf7
1c6ee:  c88a               ldb rl0,#0x8a
1c6f0:  3e28               outb @r2,rl0
1c6f2:  dfad               calr 0xc79a
1c6f4:  ee10               jr nz,0xc716
1c6f6:  dfe8               calr 0xc728
1c6f8:  0c450a0a           ldb @rr4,#0x0a
1c6fc:  d064               calr 0xc636
1c6fe:  d0e3               calr 0xc53a
1c700:  a6f6               bitb rl7,#6
1c702:  ee09               jr nz,0xc716
1c704:  bd66               ldk r6,#6
1c706:  d0c0               calr 0xc588
1c708:  a6f6               bitb rl7,#6
1c70a:  ee05               jr nz,0xc716
1c70c:  ab51               dec r5,#2
1c70e:  8288               subb rl0,rl0
1c710:  2040               ldb rh0,@rr4
1c712:  dfe8               calr 0xc744
1c714:  d07b               calr 0xc620
1c716:  9e08               ret 
1c718:  d13d               calr 0xc4a0
1c71a:  dfc1               calr 0xc79a
1c71c:  ee04               jr nz,0xc726
1c71e:  caf8               ldb rl2,#0xf8
1c720:  c885               ldb rl0,#0x85
1c722:  3e28               outb @r2,rl0
1c724:  8377               sub r7,r7
1c726:  9e08               ret 
1c728:  30480001           ldb rl0,rr4(#0x0001)
1c72c:  a730               bit r3,#0
1c72e:  e601               jr z,0xc732
1c730:  a485               setb rl0,#5
1c732:  32480001           ldb rr4(#0x0001),rl0
1c736:  31400004           ld r0,rr4(#0x0004)
1c73a:  ac80               exb rh0,rl0
1c73c:  a487               setb rl0,#7
1c73e:  33400004           ld rr4(#0x0004),r0
1c742:  9e08               ret 
1c744:  ab01               dec r0,#2
1c746:  caed               ldb rl2,#0xed
1c748:  3e28               outb @r2,rl0
1c74a:  3e20               outb @r2,rh0
1c74c:  210003e8           ld r0,#0x03e8
1c750:  caeb               ldb rl2,#0xeb
1c752:  3e20               outb @r2,rh0
1c754:  3e28               outb @r2,rl0
1c756:  9e08               ret 
1c758:  caef               ldb rl2,#0xef
1c75a:  c870               ldb rl0,#0x70
1c75c:  3e28               outb @r2,rl0
1c75e:  caed               ldb rl2,#0xed
1c760:  3c28               inb rl0,@r2
1c762:  3c20               inb rh0,@r2
1c764:  9e08               ret 
1c766:  d164               calr 0xc4a0
1c768:  cafb               ldb rl2,#0xfb
1c76a:  21070042           ld r7,#0x0042
1c76e:  3c28               inb rl0,@r2
1c770:  06082828           andb rl0,#0x28
1c774:  ee03               jr nz,0xc77c
1c776:  cafd               ldb rl2,#0xfd
1c778:  3e2b               outb @r2,rl3
1c77a:  8377               sub r7,r7
1c77c:  9e08               ret 
1c77e:  d170               calr 0xc4a0
1c780:  caf6               ldb rl2,#0xf6
1c782:  3c2a               inb rl2,@r2
1c784:  9200               subl rr0,rr0
1c786:  a0a8               ldb rl0,rl2
1c788:  06080f0f           andb rl0,#0x0f
1c78c:  a0a1               ldb rh1,rl2
1c78e:  0601f0f0           andb rh1,#0xf0
1c792:  be19               rldb rl1,rh1
1c794:  1d40               ldl @rr4,rr0
1c796:  8377               sub r7,r7
1c798:  9e08               ret 
1c79a:  21070042           ld r7,#0x0042
1c79e:  cafb               ldb rl2,#0xfb
1c7a0:  3c28               inb rl0,@r2
1c7a2:  06082828           andb rl0,#0x28
1c7a6:  9e08               ret 
1c7a8:  91e6               pushl @rr14,rr6
1c7aa:  d186               calr 0xc4a0
1c7ac:  caf7               ldb rl2,#0xf7
1c7ae:  c88c               ldb rl0,#0x8c
1c7b0:  3e28               outb @r2,rl0
1c7b2:  d00d               calr 0xc79a
1c7b4:  ee1e               jr nz,0xc7f2
1c7b6:  0c45c2c2           ldb @rr4,#0xc2
1c7ba:  d141               calr 0xc53a
1c7bc:  a6f6               bitb rl7,#6
1c7be:  ee19               jr nz,0xc7f2
1c7c0:  bd66               ldk r6,#6
1c7c2:  d11e               calr 0xc588
1c7c4:  a6f6               bitb rl7,#6
1c7c6:  ee15               jr nz,0xc7f2
1c7c8:  95e4               popl rr4,@rr14
1c7ca:  91e4               pushl @rr14,rr4
1c7cc:  0c450505           ldb @rr4,#0x05
1c7d0:  c801               ldb rl0,#0x01
1c7d2:  32480001           ldb rr4(#0x0001),rl0
1c7d6:  c800               ldb rl0,#0x00
1c7d8:  32480002           ldb rr4(#0x0002),rl0
1c7dc:  31400006           ld r0,rr4(#0x0006)
1c7e0:  ac80               exb rh0,rl0
1c7e2:  c800               ldb rl0,#0x00
1c7e4:  33400006           ld rr4(#0x0006),r0
1c7e8:  bd6a               ldk r6,#10
1c7ea:  d111               calr 0xc5ca
1c7ec:  a6f6               bitb rl7,#6
1c7ee:  ee01               jr nz,0xc7f2
1c7f0:  d0f4               calr 0xc60a
1c7f2:  95e0               popl rr0,@rr14
1c7f4:  9e08               ret 
1c7f6:  d1ac               calr 0xc4a0
1c7f8:  9446               ldl rr6,rr4
1c7fa:  8300               sub r0,r0
1c7fc:  bd14               ldk r1,#4
1c7fe:  2f60               ld @rr6,r0
1c800:  a971               inc r7,#2
1c802:  f183               djnz r1,0xc7fe
1c804:  8377               sub r7,r7
1c806:  cafb               ldb rl2,#0xfb
1c808:  3c20               inb rh0,@r2
1c80a:  cae1               ldb rl2,#0xe1
1c80c:  3c28               inb rl0,@r2
1c80e:  cae2               ldb rl2,#0xe2
1c810:  3c21               inb rh1,@r2
1c812:  a615               bitb rh1,#5
1c814:  e601               jr z,0xc818
1c816:  2540               set @rr4,#0
1c818:  cae3               ldb rl2,#0xe3
1c81a:  3c29               inb rl1,@r2
1c81c:  06080f0f           andb rl0,#0x0f
1c820:  06011f1f           andb rh1,#0x1f
1c824:  100025020000       cpl rr0,#0x25020000
1c82a:  9e08               ret 
1c82c:  caf8               ldb rl2,#0xf8
1c82e:  c888               ldb rl0,#0x88
1c830:  3e28               outb @r2,rl0
1c832:  c88a               ldb rl0,#0x8a
1c834:  3e28               outb @r2,rl0
1c836:  cae5               ldb rl2,#0xe5
1c838:  3c28               inb rl0,@r2
1c83a:  cae1               ldb rl2,#0xe1
1c83c:  3e28               outb @r2,rl0
1c83e:  caf4               ldb rl2,#0xf4
1c840:  3c28               inb rl0,@r2
1c842:  caef               ldb rl2,#0xef
1c844:  c870               ldb rl0,#0x70
1c846:  3e28               outb @r2,rl0
1c848:  cae4               ldb rl2,#0xe4
1c84a:  c8f4               ldb rl0,#0xf4
1c84c:  3e28               outb @r2,rl0
1c84e:  9e08               ret 
1c850:  91e4               pushl @rr14,rr4
1c852:  31400004           ld r0,rr4(#0x0004)
1c856:  a951               inc r5,#2
1c858:  a607               bitb rh0,#7
1c85a:  e603               jr z,0xc862
1c85c:  0d450001           ld @rr4,#0x0001
1c860:  e801               jr 0xc864
1c862:  0d48               clr @rr4
1c864:  06003f3f           andb rh0,#0x3f
1c868:  a00f               ldb rl7,rh0
1c86a:  a951               inc r5,#2
1c86c:  0700001f           and r0,#0x001f
1c870:  2f40               ld @rr4,r0
1c872:  95e4               popl rr4,@rr14
1c874:  9e08               ret 
1c876:  8300               sub r0,r0
1c878:  c003               ldb rh0,#0x03
1c87a:  a730               bit r3,#0
1c87c:  e601               jr z,0xc880
1c87e:  a485               setb rl0,#5
1c880:  a951               inc r5,#2
1c882:  2f40               ld @rr4,r0
1c884:  caf7               ldb rl2,#0xf7
1c886:  c883               ldb rl0,#0x83
1c888:  3e28               outb @r2,rl0
1c88a:  d1a9               calr 0xc53a
1c88c:  a6f6               bitb rl7,#6
1c88e:  ee15               jr nz,0xc8ba
1c890:  bd66               ldk r6,#6
1c892:  d186               calr 0xc588
1c894:  a6f6               bitb rl7,#6
1c896:  ee11               jr nz,0xc8ba
1c898:  ab53               dec r5,#4
1c89a:  bd64               ldk r6,#4
1c89c:  d15a               calr 0xc5ea
1c89e:  a6f6               bitb rl7,#6
1c8a0:  ee0c               jr nz,0xc8ba
1c8a2:  caf8               ldb rl2,#0xf8
1c8a4:  c889               ldb rl0,#0x89
1c8a6:  3e28               outb @r2,rl0
1c8a8:  caf2               ldb rl2,#0xf2
1c8aa:  3c28               inb rl0,@r2
1c8ac:  21014fb0           ld r1,#0x4fb0
1c8b0:  cafb               ldb rl2,#0xfb
1c8b2:  3c28               inb rl0,@r2
1c8b4:  a681               bitb rl0,#1
1c8b6:  9e06               ret z
1c8b8:  f184               djnz r1,0xc8b2
1c8ba:  21070041           ld r7,#0x0041
1c8be:  9e08               ret 
1c8c0:  d211               calr 0xc4a0
1c8c2:  cafb               ldb rl2,#0xfb
1c8c4:  3c20               inb rh0,@r2
1c8c6:  cae1               ldb rl2,#0xe1
1c8c8:  3c28               inb rl0,@r2
1c8ca:  07002201           and r0,#0x2201
1c8ce:  0b002200           cp r0,#0x2200
1c8d2:  ee07               jr nz,0xc8e2
1c8d4:  8377               sub r7,r7
1c8d6:  cae1               ldb rl2,#0xe1
1c8d8:  3e28               outb @r2,rl0
1c8da:  caf8               ldb rl2,#0xf8
1c8dc:  c884               ldb rl0,#0x84
1c8de:  3e28               outb @r2,rl0
1c8e0:  e802               jr 0xc8e6
1c8e2:  21070048           ld r7,#0x0048
1c8e6:  caf8               ldb rl2,#0xf8
1c8e8:  c883               ldb rl0,#0x83
1c8ea:  3e28               outb @r2,rl0
1c8ec:  9e08               ret 
1c8ee:  a605               bitb rh0,#5
1c8f0:  ee0a               jr nz,0xc906
1c8f2:  a680               bitb rl0,#0
1c8f4:  ee06               jr nz,0xc902
1c8f6:  a602               bitb rh0,#2
1c8f8:  ee02               jr nz,0xc8fe
1c8fa:  cf41               ldb rl7,#0x41
1c8fc:  e801               jr 0xc900
1c8fe:  cf48               ldb rl7,#0x48
1c900:  e801               jr 0xc904
1c902:  cf41               ldb rl7,#0x41
1c904:  e829               jr 0xc958
1c906:  a680               bitb rl0,#0
1c908:  e602               jr z,0xc90e
1c90a:  cf46               ldb rl7,#0x46
1c90c:  e825               jr 0xc958
1c90e:  06080c0c           andb rl0,#0x0c
1c912:  e602               jr z,0xc918
1c914:  cf47               ldb rl7,#0x47
1c916:  e820               jr 0xc958
1c918:  0a090000           cpb rl1,#0x00
1c91c:  e602               jr z,0xc922
1c91e:  cf41               ldb rl7,#0x41
1c920:  e81b               jr 0xc958
1c922:  a611               bitb rh1,#1
1c924:  e616               jr z,0xc952
1c926:  93e0               push @rr14,r0
1c928:  91e4               pushl @rr14,rr4
1c92a:  d080               calr 0xc82c
1c92c:  d05c               calr 0xc876
1c92e:  95e4               popl rr4,@rr14
1c930:  97e6               pop r6,@rr14
1c932:  a6f6               bitb rl7,#6
1c934:  ee0d               jr nz,0xc950
1c936:  d074               calr 0xc850
1c938:  0a0f1111           cpb rl7,#0x11
1c93c:  ee01               jr nz,0xc940
1c93e:  e803               jr 0xc946
1c940:  0a0f1818           cpb rl7,#0x18
1c944:  ee00               jr nz,0xc946
1c946:  ee04               jr nz,0xc950
1c948:  a660               bitb rh6,#0
1c94a:  ee02               jr nz,0xc950
1c94c:  040f4040           orb rl7,#0x40
1c950:  e803               jr 0xc958
1c952:  a600               bitb rh0,#0
1c954:  ee01               jr nz,0xc958
1c956:  cf45               ldb rl7,#0x45
1c958:  d097               calr 0xc82c
1c95a:  9e08               ret 
1c95c:  d0b4               calr 0xc7f6
1c95e:  ee02               jr nz,0xc964
1c960:  d09b               calr 0xc82c
1c962:  e801               jr 0xc966
1c964:  d03c               calr 0xc8ee
1c966:  caf7               ldb rl2,#0xf7
1c968:  3e2f               outb @r2,rl7
1c96a:  caf8               ldb rl2,#0xf8
1c96c:  c883               ldb rl0,#0x83
1c96e:  3e28               outb @r2,rl0
1c970:  9e08               ret 
1c972:  d0bf               calr 0xc7f6
1c974:  ee07               jr nz,0xc984
1c976:  d110               calr 0xc758
1c978:  0b00ffff           cp r0,#0xffff
1c97c:  e601               jr z,0xc980
1c97e:  cf41               ldb rl7,#0x41
1c980:  d0ab               calr 0xc82c
1c982:  e801               jr 0xc986
1c984:  d04c               calr 0xc8ee
1c986:  caf7               ldb rl2,#0xf7
1c988:  3e2f               outb @r2,rl7
1c98a:  caf8               ldb rl2,#0xf8
1c98c:  c883               ldb rl0,#0x83
1c98e:  3e28               outb @r2,rl0
1c990:  9e08               ret 
1c992:  d01c               calr 0xc95c
1c994:  9e08               ret 
1c996:  d01e               calr 0xc95c
1c998:  9e08               ret 
1c99a:  d020               calr 0xc95c
1c99c:  9e08               ret 
1c99e:  d017               calr 0xc972
1c9a0:  9e08               ret 
1c9a2:  d019               calr 0xc972
1c9a4:  9e08               ret 
1c9a6:  91e4               pushl @rr14,rr4
1c9a8:  9464               ldl rr4,rr6
1c9aa:  d01d               calr 0xc972
1c9ac:  caf8               ldb rl2,#0xf8
1c9ae:  c88c               ldb rl0,#0x8c
1c9b0:  3e28               outb @r2,rl0
1c9b2:  0a0f4545           cpb rl7,#0x45
1c9b6:  ee16               jr nz,0xc9e4
1c9b8:  d131               calr 0xc758
1c9ba:  a901               inc r0,#2
1c9bc:  95e2               popl rr2,@rr14
1c9be:  31210004           ld r1,rr2(#0x0004)
1c9c2:  ac91               exb rh1,rl1
1c9c4:  8301               sub r1,r0
1c9c6:  a116               ld r6,r1
1c9c8:  8300               sub r0,r0
1c9ca:  8299               subb rl1,rl1
1c9cc:  ac91               exb rh1,rl1
1c9ce:  1620               addl rr0,@rr2
1c9d0:  37400004           ldl rr4(#0x0004),rr0
1c9d4:  8266               subb rh6,rh6
1c9d6:  33460008           ld rr4(#0x0008),r6
1c9da:  bd01               ldk r0,#1
1c9dc:  33400002           ld rr4(#0x0002),r0
1c9e0:  9e08               ret 
1c9e2:  e825               jr 0xca2e
1c9e4:  0a0f5151           cpb rl7,#0x51
1c9e8:  ee01               jr nz,0xc9ec
1c9ea:  e803               jr 0xc9f2
1c9ec:  0a0f5858           cpb rl7,#0x58
1c9f0:  ee00               jr nz,0xc9f2
1c9f2:  ee1d               jr nz,0xca2e
1c9f4:  d14f               calr 0xc758
1c9f6:  a901               inc r0,#2
1c9f8:  95e2               popl rr2,@rr14
1c9fa:  31210004           ld r1,rr2(#0x0004)
1c9fe:  ac91               exb rh1,rl1
