6d900:  a100               ld r0,r0
6d902:  c905               ldb rl1,#0x05
6d904:  5f00840043be       call <<4>>0x43be
6d90a:  9e08               ret 
6d90c:  7608a100c437       lda rr8,<<33>>0xc437
6d912:  5f00840043b6       call <<4>>0x43b6
6d918:  5f00a100931e       call <<33>>0x931e
6d91e:  7608a100c905       lda rr8,<<33>>0xc905
6d924:  5f00840043be       call <<4>>0x43be
6d92a:  9e08               ret 
6d92c:  7608a100c44a       lda rr8,<<33>>0xc44a
6d932:  5f00840043b6       call <<4>>0x43b6
6d938:  5f00a10093bc       call <<33>>0x93bc
6d93e:  7608a100c905       lda rr8,<<33>>0xc905
6d944:  5f00840043be       call <<4>>0x43be
6d94a:  9e08               ret 
6d94c:  7608a100c461       lda rr8,<<33>>0xc461
6d952:  5f00840043b6       call <<4>>0x43b6
6d958:  5f00a10093c6       call <<33>>0x93c6
6d95e:  7608a100c905       lda rr8,<<33>>0xc905
6d964:  5f00840043be       call <<4>>0x43be
6d96a:  9e08               ret 
6d96c:  7608a100c478       lda rr8,<<33>>0xc478
6d972:  5f00840043b6       call <<4>>0x43b6
6d978:  5f00a10093d0       call <<33>>0x93d0
6d97e:  7608a100c905       lda rr8,<<33>>0xc905
6d984:  5f00840043be       call <<4>>0x43be
6d98a:  9e08               ret 
6d98c:  7608a100c48d       lda rr8,<<33>>0xc48d
6d992:  5f00840043b6       call <<4>>0x43b6
6d998:  5f00a100939e       call <<33>>0x939e
6d99e:  7608a100c905       lda rr8,<<33>>0xc905
6d9a4:  5f00840043be       call <<4>>0x43be
6d9aa:  9e08               ret 
6d9ac:  7608a100c4a3       lda rr8,<<33>>0xc4a3
6d9b2:  5f00840043b6       call <<4>>0x43b6
6d9b8:  5f00a10093a8       call <<33>>0x93a8
6d9be:  7608a100c905       lda rr8,<<33>>0xc905
6d9c4:  5f00840043be       call <<4>>0x43be
6d9ca:  9e08               ret 
6d9cc:  7608a100c4b9       lda rr8,<<33>>0xc4b9
6d9d2:  5f00840043b6       call <<4>>0x43b6
6d9d8:  5f00a10093b2       call <<33>>0x93b2
6d9de:  7608a100c905       lda rr8,<<33>>0xc905
6d9e4:  5f00840043be       call <<4>>0x43be
6d9ea:  9e08               ret 
6d9ec:  7608a100c4cd       lda rr8,<<33>>0xc4cd
6d9f2:  5f00840043b6       call <<4>>0x43b6
6d9f8:  5f00a1009434       call <<33>>0x9434
6d9fe:  7608a100c905       lda rr8,<<33>>0xc905
6da04:  5f00840043be       call <<4>>0x43be
6da0a:  9e08               ret 
6da0c:  7608a100c4e3       lda rr8,<<33>>0xc4e3
6da12:  5f00840043b6       call <<4>>0x43b6
6da18:  5f00a100943e       call <<33>>0x943e
6da1e:  7608a100c905       lda rr8,<<33>>0xc905
6da24:  5f00840043be       call <<4>>0x43be
6da2a:  9e08               ret 
6da2c:  7608a100c4f9       lda rr8,<<33>>0xc4f9
6da32:  5f00840043b6       call <<4>>0x43b6
6da38:  5f00a1009448       call <<33>>0x9448
6da3e:  7608a100c905       lda rr8,<<33>>0xc905
6da44:  5f00840043be       call <<4>>0x43be
6da4a:  9e08               ret 
6da4c:  7608a100c50d       lda rr8,<<33>>0xc50d
6da52:  5f00840043b6       call <<4>>0x43b6
6da58:  5f00a1009416       call <<33>>0x9416
6da5e:  7608a100c905       lda rr8,<<33>>0xc905
6da64:  5f00840043be       call <<4>>0x43be
6da6a:  9e08               ret 
6da6c:  7608a100c522       lda rr8,<<33>>0xc522
6da72:  5f00840043b6       call <<4>>0x43b6
6da78:  5f00a1009420       call <<33>>0x9420
6da7e:  7608a100c905       lda rr8,<<33>>0xc905
6da84:  5f00840043be       call <<4>>0x43be
6da8a:  9e08               ret 
6da8c:  7608a100c537       lda rr8,<<33>>0xc537
6da92:  5f00840043b6       call <<4>>0x43b6
6da98:  5f00a100942a       call <<33>>0x942a
6da9e:  7608a100c905       lda rr8,<<33>>0xc905
6daa4:  5f00840043be       call <<4>>0x43be
6daaa:  9e08               ret 
6daac:  7608a100c54a       lda rr8,<<33>>0xc54a
6dab2:  5f00840043b6       call <<4>>0x43b6
6dab8:  5f00a1009630       call <<33>>0x9630
6dabe:  7608a100c905       lda rr8,<<33>>0xc905
6dac4:  5f00840043be       call <<4>>0x43be
6daca:  9e08               ret 
6dacc:  7608a100c55f       lda rr8,<<33>>0xc55f
6dad2:  5f00840043b6       call <<4>>0x43b6
6dad8:  5f00a100963a       call <<33>>0x963a
6dade:  7608a100c905       lda rr8,<<33>>0xc905
6dae4:  5f00840043be       call <<4>>0x43be
6daea:  9e08               ret 
6daec:  7608a100c574       lda rr8,<<33>>0xc574
6daf2:  5f00840043b6       call <<4>>0x43b6
6daf8:  5f00a1009644       call <<33>>0x9644
6dafe:  7608a100c905       lda rr8,<<33>>0xc905
6db04:  5f00840043be       call <<4>>0x43be
6db0a:  9e08               ret 
6db0c:  7608a100c587       lda rr8,<<33>>0xc587
6db12:  5f00840043b6       call <<4>>0x43b6
6db18:  5f00a1009612       call <<33>>0x9612
6db1e:  7608a100c905       lda rr8,<<33>>0xc905
6db24:  5f00840043be       call <<4>>0x43be
6db2a:  9e08               ret 
6db2c:  7608a100c59b       lda rr8,<<33>>0xc59b
6db32:  5f00840043b6       call <<4>>0x43b6
6db38:  5f00a100961c       call <<33>>0x961c
6db3e:  7608a100c905       lda rr8,<<33>>0xc905
6db44:  5f00840043be       call <<4>>0x43be
6db4a:  9e08               ret 
6db4c:  7608a100c5af       lda rr8,<<33>>0xc5af
6db52:  5f00840043b6       call <<4>>0x43b6
6db58:  5f00a1009626       call <<33>>0x9626
6db5e:  7608a100c905       lda rr8,<<33>>0xc905
6db64:  5f00840043be       call <<4>>0x43be
6db6a:  9e08               ret 
6db6c:  7608a100c5c1       lda rr8,<<33>>0xc5c1
6db72:  5f00840043b6       call <<4>>0x43b6
6db78:  5f00a10096a8       call <<33>>0x96a8
6db7e:  7608a100c905       lda rr8,<<33>>0xc905
6db84:  5f00840043be       call <<4>>0x43be
6db8a:  9e08               ret 
6db8c:  7608a100c5d6       lda rr8,<<33>>0xc5d6
6db92:  5f00840043b6       call <<4>>0x43b6
6db98:  5f00a10096b2       call <<33>>0x96b2
6db9e:  7608a100c905       lda rr8,<<33>>0xc905
6dba4:  5f00840043be       call <<4>>0x43be
6dbaa:  9e08               ret 
6dbac:  7608a100c5eb       lda rr8,<<33>>0xc5eb
6dbb2:  5f00840043b6       call <<4>>0x43b6
6dbb8:  5f00a10096bc       call <<33>>0x96bc
6dbbe:  7608a100c905       lda rr8,<<33>>0xc905
6dbc4:  5f00840043be       call <<4>>0x43be
6dbca:  9e08               ret 
6dbcc:  7608a100c5fe       lda rr8,<<33>>0xc5fe
6dbd2:  5f00840043b6       call <<4>>0x43b6
6dbd8:  5f00a100968a       call <<33>>0x968a
6dbde:  7608a100c905       lda rr8,<<33>>0xc905
6dbe4:  5f00840043be       call <<4>>0x43be
6dbea:  9e08               ret 
6dbec:  7608a100c612       lda rr8,<<33>>0xc612
6dbf2:  5f00840043b6       call <<4>>0x43b6
6dbf8:  5f00a1009694       call <<33>>0x9694
6dbfe:  7608a100c905       lda rr8,<<33>>0xc905
6dc04:  5f00840043be       call <<4>>0x43be
6dc0a:  9e08               ret 
6dc0c:  7608a100c626       lda rr8,<<33>>0xc626
6dc12:  5f00840043b6       call <<4>>0x43b6
6dc18:  5f00a100969e       call <<33>>0x969e
6dc1e:  7608a100c905       lda rr8,<<33>>0xc905
6dc24:  5f00840043be       call <<4>>0x43be
6dc2a:  9e08               ret 
6dc2c:  7608a100c638       lda rr8,<<33>>0xc638
6dc32:  5f00840043b6       call <<4>>0x43b6
6dc38:  5f00a100966c       call <<33>>0x966c
6dc3e:  7608a100c905       lda rr8,<<33>>0xc905
6dc44:  5f00840043be       call <<4>>0x43be
6dc4a:  9e08               ret 
6dc4c:  7608a100c64e       lda rr8,<<33>>0xc64e
6dc52:  5f00840043b6       call <<4>>0x43b6
6dc58:  5f00a1009676       call <<33>>0x9676
6dc5e:  7608a100c905       lda rr8,<<33>>0xc905
6dc64:  5f00840043be       call <<4>>0x43be
6dc6a:  9e08               ret 
6dc6c:  7608a100c664       lda rr8,<<33>>0xc664
6dc72:  5f00840043b6       call <<4>>0x43b6
6dc78:  5f00a1009680       call <<33>>0x9680
6dc7e:  7608a100c905       lda rr8,<<33>>0xc905
6dc84:  5f00840043be       call <<4>>0x43be
6dc8a:  9e08               ret 
6dc8c:  7608a100c678       lda rr8,<<33>>0xc678
6dc92:  5f00840043b6       call <<4>>0x43b6
6dc98:  5f00a100964e       call <<33>>0x964e
6dc9e:  7608a100c905       lda rr8,<<33>>0xc905
6dca4:  5f00840043be       call <<4>>0x43be
6dcaa:  9e08               ret 
6dcac:  7608a100c68d       lda rr8,<<33>>0xc68d
6dcb2:  5f00840043b6       call <<4>>0x43b6
6dcb8:  5f00a1009658       call <<33>>0x9658
6dcbe:  7608a100c905       lda rr8,<<33>>0xc905
6dcc4:  5f00840043be       call <<4>>0x43be
6dcca:  9e08               ret 
6dccc:  7608a100c6a2       lda rr8,<<33>>0xc6a2
6dcd2:  5f00840043b6       call <<4>>0x43b6
6dcd8:  5f00a1009662       call <<33>>0x9662
6dcde:  7608a100c905       lda rr8,<<33>>0xc905
6dce4:  5f00840043be       call <<4>>0x43be
6dcea:  9e08               ret 
6dcec:  7608a100c6b5       lda rr8,<<33>>0xc6b5
6dcf2:  5f00840043b6       call <<4>>0x43b6
6dcf8:  5f00a1009924       call <<33>>0x9924
6dcfe:  7608a100c905       lda rr8,<<33>>0xc905
6dd04:  5f00840043be       call <<4>>0x43be
6dd0a:  9e08               ret 
6dd0c:  7608a100c6ca       lda rr8,<<33>>0xc6ca
6dd12:  5f00840043b6       call <<4>>0x43b6
6dd18:  5f00a1009942       call <<33>>0x9942
6dd1e:  7608a100c905       lda rr8,<<33>>0xc905
6dd24:  5f00840043be       call <<4>>0x43be
6dd2a:  9e08               ret 
6dd2c:  7608a100c6df       lda rr8,<<33>>0xc6df
6dd32:  5f00840043b6       call <<4>>0x43b6
6dd38:  5f00a1009960       call <<33>>0x9960
6dd3e:  7608a100c905       lda rr8,<<33>>0xc905
6dd44:  5f00840043be       call <<4>>0x43be
6dd4a:  9e08               ret 
6dd4c:  7608a100c6f2       lda rr8,<<33>>0xc6f2
6dd52:  5f00840043b6       call <<4>>0x43b6
6dd58:  5f00a10098c4       call <<33>>0x98c4
6dd5e:  7608a100c905       lda rr8,<<33>>0xc905
6dd64:  5f00840043be       call <<4>>0x43be
6dd6a:  9e08               ret 
6dd6c:  7608a100c706       lda rr8,<<33>>0xc706
6dd72:  5f00840043b6       call <<4>>0x43b6
6dd78:  5f00a10098e2       call <<33>>0x98e2
6dd7e:  7608a100c905       lda rr8,<<33>>0xc905
6dd84:  5f00840043be       call <<4>>0x43be
6dd8a:  9e08               ret 
6dd8c:  7608a100c71a       lda rr8,<<33>>0xc71a
6dd92:  5f00840043b6       call <<4>>0x43b6
6dd98:  5f00a1009900       call <<33>>0x9900
6dd9e:  7608a100c905       lda rr8,<<33>>0xc905
6dda4:  5f00840043be       call <<4>>0x43be
6ddaa:  9e08               ret 
6ddac:  91e4               pushl @rr14,rr4
6ddae:  7608a100c72c       lda rr8,<<33>>0xc72c
6ddb4:  5f00840043b6       call <<4>>0x43b6
6ddba:  5f00a1008e26       call <<33>>0x8e26
6ddc0:  95e4               popl rr4,@rr14
6ddc2:  7608a100c91b       lda rr8,<<33>>0xc91b
6ddc8:  5f00840043be       call <<4>>0x43be
6ddce:  9e08               ret 
6ddd0:  7608a100c73c       lda rr8,<<33>>0xc73c
6ddd6:  5f00840043b6       call <<4>>0x43b6
6dddc:  5f00a1008e86       call <<33>>0x8e86
6dde2:  7608a100c905       lda rr8,<<33>>0xc905
6dde8:  5f00840043be       call <<4>>0x43be
6ddee:  9e08               ret 
6ddf0:  7608a100c74e       lda rr8,<<33>>0xc74e
6ddf6:  5f00840043b6       call <<4>>0x43b6
6ddfc:  5f00a1009576       call <<33>>0x9576
6de02:  7608a100c905       lda rr8,<<33>>0xc905
6de08:  5f00840043be       call <<4>>0x43be
6de0e:  9e08               ret 
6de10:  91e4               pushl @rr14,rr4
6de12:  7608a100c762       lda rr8,<<33>>0xc762
6de18:  5f00840043b6       call <<4>>0x43b6
6de1e:  5f00a1009542       call <<33>>0x9542
6de24:  95e4               popl rr4,@rr14
6de26:  7608a100c90f       lda rr8,<<33>>0xc90f
6de2c:  5f00840043be       call <<4>>0x43be
6de32:  9e08               ret 
6de34:  7608a100c775       lda rr8,<<33>>0xc775
6de3a:  5f00840043b6       call <<4>>0x43b6
6de40:  5f00a1009186       call <<33>>0x9186
6de46:  7608a100c905       lda rr8,<<33>>0xc905
6de4c:  5f00840043be       call <<4>>0x43be
6de52:  9e08               ret 
6de54:  7608a100c788       lda rr8,<<33>>0xc788
6de5a:  5f00840043b6       call <<4>>0x43b6
6de60:  5f00a100919c       call <<33>>0x919c
6de66:  7608a100c905       lda rr8,<<33>>0xc905
6de6c:  5f00840043be       call <<4>>0x43be
6de72:  9e08               ret 
6de74:  7608a100c79a       lda rr8,<<33>>0xc79a
6de7a:  5f00840043b6       call <<4>>0x43b6
6de80:  5f00a10091b2       call <<33>>0x91b2
6de86:  7608a100c905       lda rr8,<<33>>0xc905
6de8c:  5f00840043be       call <<4>>0x43be
6de92:  9e08               ret 
6de94:  7608a100c7ac       lda rr8,<<33>>0xc7ac
6de9a:  5f00840043b6       call <<4>>0x43b6
6dea0:  5f00a10091d0       call <<33>>0x91d0
6dea6:  7608a100c905       lda rr8,<<33>>0xc905
6deac:  5f00840043be       call <<4>>0x43be
6deb2:  9e08               ret 
6deb4:  7608a100c7be       lda rr8,<<33>>0xc7be
6deba:  5f00840043b6       call <<4>>0x43b6
6dec0:  5f00a10091de       call <<33>>0x91de
6dec6:  7608a100c905       lda rr8,<<33>>0xc905
6decc:  5f00840043be       call <<4>>0x43be
6ded2:  9e08               ret 
6ded4:  7608a100c7d2       lda rr8,<<33>>0xc7d2
6deda:  5f00840043b6       call <<4>>0x43b6
6dee0:  5f00a1009208       call <<33>>0x9208
6dee6:  7608a100c905       lda rr8,<<33>>0xc905
6deec:  5f00840043be       call <<4>>0x43be
6def2:  9e08               ret 
6def4:  91e4               pushl @rr14,rr4
6def6:  7608a100c7e5       lda rr8,<<33>>0xc7e5
6defc:  5f00840043b6       call <<4>>0x43b6
6df02:  5f00a1008e12       call <<33>>0x8e12
6df08:  95e4               popl rr4,@rr14
6df0a:  7608a100c90f       lda rr8,<<33>>0xc90f
6df10:  5f00840043be       call <<4>>0x43be
6df16:  9e08               ret 
6df18:  7608a100c7f8       lda rr8,<<33>>0xc7f8
6df1e:  5f00840043b6       call <<4>>0x43b6
6df24:  5f00a1008f5e       call <<33>>0x8f5e
6df2a:  7608a100c905       lda rr8,<<33>>0xc905
6df30:  5f00840043be       call <<4>>0x43be
6df36:  9e08               ret 
6df38:  91e4               pushl @rr14,rr4
6df3a:  7608a100c80d       lda rr8,<<33>>0xc80d
6df40:  5f00840043b6       call <<4>>0x43b6
6df46:  5f00a1008f16       call <<33>>0x8f16
6df4c:  95e4               popl rr4,@rr14
6df4e:  7608a100c928       lda rr8,<<33>>0xc928
6df54:  5f00840043be       call <<4>>0x43be
6df5a:  9e08               ret 
6df5c:  7608a100c820       lda rr8,<<33>>0xc820
6df62:  5f00840043b6       call <<4>>0x43b6
6df68:  5f00a1008df4       call <<33>>0x8df4
6df6e:  7608a100c905       lda rr8,<<33>>0xc905
6df74:  5f00840043be       call <<4>>0x43be
6df7a:  9e08               ret 
6df7c:  7608a100c834       lda rr8,<<33>>0xc834
6df82:  5f00840043b6       call <<4>>0x43b6
6df88:  5f00a1009b82       call <<33>>0x9b82
6df8e:  7608a100c905       lda rr8,<<33>>0xc905
6df94:  5f00840043be       call <<4>>0x43be
6df9a:  9e08               ret 
6df9c:  7608a100c847       lda rr8,<<33>>0xc847
6dfa2:  5f00840043b6       call <<4>>0x43b6
6dfa8:  5f00a1009b36       call <<33>>0x9b36
6dfae:  7608a100c905       lda rr8,<<33>>0xc905
6dfb4:  5f00840043be       call <<4>>0x43be
6dfba:  9e08               ret 
6dfbc:  7608a100c85a       lda rr8,<<33>>0xc85a
6dfc2:  5f00840043b6       call <<4>>0x43b6
6dfc8:  5f00a100986c       call <<33>>0x986c
6dfce:  7608a100c905       lda rr8,<<33>>0xc905
6dfd4:  5f00840043be       call <<4>>0x43be
6dfda:  9e08               ret 
6dfdc:  7608a100c86b       lda rr8,<<33>>0xc86b
6dfe2:  5f00840043b6       call <<4>>0x43b6
6dfe8:  5f00a10097e0       call <<33>>0x97e0
6dfee:  7608a100c905       lda rr8,<<33>>0xc905
6dff4:  5f00840043be       call <<4>>0x43be
6dffa:  9e08               ret 
6dffc:  7608a100c880       lda rr8,<<33>>0xc880
6e002:  5f00840043b6       call <<4>>0x43b6
6e008:  5f00a1009724       call <<33>>0x9724
6e00e:  7608a100c905       lda rr8,<<33>>0xc905
6e014:  5f00840043be       call <<4>>0x43be
6e01a:  9e08               ret 
6e01c:  7608a100c895       lda rr8,<<33>>0xc895
6e022:  5f00840043b6       call <<4>>0x43b6
6e028:  5f00a100988c       call <<33>>0x988c
6e02e:  7608a100c905       lda rr8,<<33>>0xc905
6e034:  5f00840043be       call <<4>>0x43be
6e03a:  9e08               ret 
6e03c:  7608a100c8a7       lda rr8,<<33>>0xc8a7
6e042:  5f00840043b6       call <<4>>0x43b6
6e048:  5f00a1009984       call <<33>>0x9984
6e04e:  7608a100c905       lda rr8,<<33>>0xc905
6e054:  5f00840043be       call <<4>>0x43be
6e05a:  9e08               ret 
6e05c:  7608a100c8b8       lda rr8,<<33>>0xc8b8
6e062:  5f00840043b6       call <<4>>0x43b6
6e068:  5f00a1009b20       call <<33>>0x9b20
6e06e:  7608a100c905       lda rr8,<<33>>0xc905
6e074:  5f00840043be       call <<4>>0x43be
6e07a:  9e08               ret 
6e07c:  7608a100c8c7       lda rr8,<<33>>0xc8c7
6e082:  5f00840043b6       call <<4>>0x43b6
6e088:  5f00a10099b0       call <<33>>0x99b0
6e08e:  7608a100c905       lda rr8,<<33>>0xc905
6e094:  5f00840043be       call <<4>>0x43be
6e09a:  9e08               ret 
6e09c:  91e4               pushl @rr14,rr4
6e09e:  7608a100c8d8       lda rr8,<<33>>0xc8d8
6e0a4:  5f00840043b6       call <<4>>0x43b6
6e0aa:  5f00a10096c6       call <<33>>0x96c6
6e0b0:  95e4               popl rr4,@rr14
6e0b2:  7608a100c937       lda rr8,<<33>>0xc937
6e0b8:  5f00840043be       call <<4>>0x43be
6e0be:  9e08               ret 
6e0c0:  91e6               pushl @rr14,rr6
6e0c2:  7608a100c8ee       lda rr8,<<33>>0xc8ee
6e0c8:  5f00840043b6       call <<4>>0x43b6
6e0ce:  5f00a10099c6       call <<33>>0x99c6
6e0d4:  95e4               popl rr4,@rr14
6e0d6:  7608a100c90f       lda rr8,<<33>>0xc90f
6e0dc:  5f00840043be       call <<4>>0x43be
6e0e2:  9e08               ret 
6e0e4:  7604a2000048       lda rr4,<<34>>0x0048
6e0ea:  8955               xor r5,r5
6e0ec:  140800000000       ldl rr8,#0x00000000
6e0f2:  1d48               ldl @rr4,rr8
6e0f4:  37480004           ldl rr4(#0x0004),rr8
6e0f8:  37480008           ldl rr4(#0x0008),rr8
6e0fc:  9e08               ret 
6e0fe:  7604a2000048       lda rr4,<<34>>0x0048
6e104:  9442               ldl rr2,rr4
6e106:  8933               xor r3,r3
6e108:  3127000a           ld r7,rr2(#0x000a)
6e10c:  8d68               clr r6
6e10e:  8d48               clr r4
6e110:  9246               subl rr6,rr4
6e112:  9e08               ret 
6e114:  8d24               test r2
6e116:  ee02               jr nz,0xe11c
6e118:  8d78               clr r7
6e11a:  9e08               ret 
6e11c:  5c09000fa100c94c   ldm <<33>>0xc94c,r0,#16
6e124:  6f02a100c94a       ld <<33>>0xc94a,r2
6e12a:  4d04a100b9a6       test <<33>>0xb9a6
6e130:  ee07               jr nz,0xe140
6e132:  4c05a100b9a60303   ldb <<33>>0xb9a6,#0x03
6e13a:  6f03a100b9a8       ld <<33>>0xb9a8,r3
6e140:  8d48               clr r4
6e142:  8d58               clr r5
6e144:  8d68               clr r6
6e146:  8d28               clr r2
6e148:  21070005           ld r7,#0x0005
6e14c:  6103a100b9a8       ld r3,<<33>>0xb9a8
6e152:  9824               multl rq4,rr2
6e154:  8d68               clr r6
6e156:  160600000003       addl rr6,#0x00000003
6e15c:  b331000f           sll r3,#15
6e160:  8d28               clr r2
6e162:  9626               addl rr6,rr2
6e164:  6f07a100b9a8       ld <<33>>0xb9a8,r7
6e16a:  ac7f               exb rl7,rh7
6e16c:  8d48               clr r4
6e16e:  8d58               clr r5
6e170:  8d68               clr r6
6e172:  8d28               clr r2
6e174:  6103a100c94a       ld r3,<<33>>0xc94a
6e17a:  160200000001       addl rr2,#0x00000001
6e180:  9a24               divl rq4,rr2
6e182:  a157               ld r7,r5
6e184:  5c010005a100c94c   ldm r0,<<33>>0xc94c,#6
6e18c:  9e08               ret 
6e18e:  5d02a100c974       ldl <<33>>0xc974,rr2
6e194:  ca71               ldb rl2,#0x71
6e196:  3aa6ffc7           outb #0xffc7,rl2
6e19a:  4c01a100b9aa0101   cpb <<33>>0xb9aa,#0x01
6e1a2:  ee1f               jr nz,0xe1e2
6e1a4:  5402a100c96c       ldl rr2,<<33>>0xc96c
6e1aa:  0b03003b           cp r3,#0x003b
6e1ae:  ee03               jr nz,0xe1b6
6e1b0:  2103ffff           ld r3,#0xffff
6e1b4:  a920               inc r2,#1
6e1b6:  a930               inc r3,#1
6e1b8:  5d02a100c96c       ldl <<33>>0xc96c,rr2
6e1be:  4c05a100b9aa0202   ldb <<33>>0xb9aa,#0x02
6e1c6:  5002a100c970       cpl rr2,<<33>>0xc970
6e1cc:  e60a               jr z,0xe1e2
6e1ce:  21020098           ld r2,#0x0098
6e1d2:  3aa6ffc3           outb #0xffc3,rl2
6e1d6:  3a26ffc3           outb #0xffc3,rh2
6e1da:  4c05a100b9aa0101   ldb <<33>>0xb9aa,#0x01
6e1e2:  5402a100c974       ldl rr2,<<33>>0xc974
6e1e8:  7b00               iret
6e1ea:  8d24               test r2
6e1ec:  ed0d               jr pl,0xe208
6e1ee:  7608a100b9c1       lda rr8,<<33>>0xb9c1
6e1f4:  5d08a100b9f2       ldl <<33>>0xb9f2,rr8
6e1fa:  7604a100b9ec       lda rr4,<<33>>0xb9ec
6e200:  5f0084000000       call <<4>>0x0000
6e206:  e8ff               jr 0xe206
6e208:  8d34               test r3
6e20a:  e5f1               jr mi,0xe1ee
6e20c:  0b03003b           cp r3,#0x003b
6e210:  eaee               jr gt,0xe1ee
6e212:  9c28               testl rr2
6e214:  e6ec               jr z,0xe1ee
6e216:  7608a100b9ac       lda rr8,<<33>>0xb9ac
6e21c:  a740               bit r4,#0
6e21e:  eeea               jr nz,0xe1f4
6e220:  5d02a100c970       ldl <<33>>0xc970,rr2
6e226:  4d05a100c96c0000   ld <<33>>0xc96c,#0x0000
6e22e:  4d05a100c96e0000   ld <<33>>0xc96e,#0x0000
6e236:  4c05a100b9ab0000   ldb <<33>>0xb9ab,#0x00
6e23e:  3ac6ff01           outb #0xff01,rl4
6e242:  a0cd               ldb rl5,rl4
6e244:  8c58               clrb rh5
6e246:  b3590001           sla r5,#1
6e24a:  7d95               ldctl r9,psap
6e24c:  7d84               ldctl r8,psapseg
6e24e:  0109003c           add r9,#0x003c
6e252:  8159               add r9,r5
6e254:  7602a100a78e       lda rr2,<<33>>0xa78e
6e25a:  1d82               ldl @rr8,rr2
6e25c:  ca34               ldb rl2,#0x34
6e25e:  3aa6ffc7           outb #0xffc7,rl2
6e262:  21023014           ld r2,#0x3014
6e266:  3aa6ffc1           outb #0xffc1,rl2
6e26a:  3a26ffc1           outb #0xffc1,rh2
6e26e:  ca71               ldb rl2,#0x71
6e270:  3aa6ffc7           outb #0xffc7,rl2
6e274:  21020098           ld r2,#0x0098
6e278:  3aa6ffc3           outb #0xffc3,rl2
6e27c:  3a26ffc3           outb #0xffc3,rh2
6e280:  21070000           ld r7,#0x0000
6e284:  4c05a100b9aa0101   ldb <<33>>0xb9aa,#0x01
6e28c:  7c05               ei vi
6e28e:  3aa6ff8c           outb #0xff8c,rl2
6e292:  9e08               ret 
6e294:  a730               bit r3,#0
6e296:  e60d               jr z,0xe2b2
6e298:  7608a100b9d6       lda rr8,<<33>>0xb9d6
6e29e:  5d08a100b9f2       ldl <<33>>0xb9f2,rr8
6e2a4:  7604a100b9ec       lda rr4,<<33>>0xb9ec
6e2aa:  5f0084000000       call <<4>>0x0000
6e2b0:  e8ff               jr 0xe2b0
6e2b2:  7d42               ldctl r4,fcw
6e2b4:  7c00               di nvi,vi
6e2b6:  93e4               push @rr14,r4
6e2b8:  6107a100c96c       ld r7,<<33>>0xc96c
6e2be:  2f27               ld @rr2,r7
6e2c0:  160200000002       addl rr2,#0x00000002
6e2c6:  6107a100c96e       ld r7,<<33>>0xc96e
6e2cc:  2f27               ld @rr2,r7
6e2ce:  8c78               clrb rh7
6e2d0:  600fa100b9aa       ldb rl7,<<33>>0xb9aa
6e2d6:  97e2               pop r2,@rr14
6e2d8:  7d2a               ldctl fcw,r2
6e2da:  9e08               ret 
6e2dc:  4c01a100b9aa0101   cpb <<33>>0xb9aa,#0x01
6e2e4:  ee0a               jr nz,0xe2fa
6e2e6:  c771               ldb rh7,#0x71
6e2e8:  3a76ffc7           outb #0xffc7,rh7
6e2ec:  4c05a100b9aa0303   ldb <<33>>0xb9aa,#0x03
6e2f4:  21070001           ld r7,#0x0001
6e2f8:  9e08               ret 
6e2fa:  4c01a100b9aa0202   cpb <<33>>0xb9aa,#0x02
6e302:  e608               jr z,0xe314
6e304:  4c01a100b9aa0303   cpb <<33>>0xb9aa,#0x03
6e30c:  e603               jr z,0xe314
6e30e:  4c08a100b9aa       clrb <<33>>0xb9aa
6e314:  8c78               clrb rh7
6e316:  600fa100b9aa       ldb rl7,<<33>>0xb9aa
6e31c:  9e08               ret 
6e31e:  0452               orb rh2,@rr5
6e320:  04ee               orb rl6,@rr14
6e322:  058e               or r14,@rr8
6e324:  062e               andb rl6,@rr2
6e326:  06cc               andb rl4,@rr12
6e328:  0768               and r8,@rr6
6e32a:  080808a6           xorb rl0,#0xa6
6e32e:  0942               xor r2,@rr4
6e330:  09e0               xor r0,@rr14
6e332:  0a80               cpb rh0,@rr8
6e334:  0b20               cp r0,@rr2
6e336:  0bbc               cp r12,@rr11
6e338:  58553433           multl rq5,<<52>>0x0033(r5)
6e33c:  30352052           ldb rh5,rr3(#0x2052)
6e340:  554e4e49           popl <<78>>0x0049(r14),@rr4
6e344:  4e4720544553       ext4e #0x4e472054,<<69>>0x0053
6e34a:  54202020           ldl rr0,<<32>>0x0020(r2)
6e34e:  2020               ldb rh0,@rr2
6e350:  2020               ldb rh0,@rr2
6e352:  2020               ldb rh0,@rr2
6e354:  2020               ldb rh0,@rr2
6e356:  2020               ldb rh0,@rr2
6e358:  2020               ldb rh0,@rr2
6e35a:  2020               ldb rh0,@rr2
6e35c:  2020               ldb rh0,@rr2
6e35e:  2020               ldb rh0,@rr2
6e360:  31332920           ld r3,rr3(#0x2920)
6e364:  2020               ldb rh0,@rr2
6e366:  57524954           pop <<73>>0x0054(r2),@rr5
6e36a:  45202620           or r0,<<38>>0x0020(r2)
6e36e:  52454144           subl rr5,<<65>>0x0044(r4)
6e372:  2043               ldb rh3,@rr4
6e374:  594c494e           mult rr12,<<73>>0x004e(r4)
6e378:  44455220           orb rh5,<<82>>0x0020(r4)
6e37c:  54455354           ldl rr5,<<83>>0x0054(r4)
6e380:  696e7400           inc <<116>>0x0000(r6),#15
6e384:  31322920           ld r2,rr3(#0x2920)
6e388:  3f20               out @r2,r0
6e38a:  434f4e54           sub r15,<<78>>0x0054(r4)
6e38e:  524f4c20           subl rr15,<<76>>0x0020(r4)
6e392:  4d41524b2054       cp <<82>>0x004b(r4),#0x2054
6e398:  45535400           or r3,<<84>>0x0000(r5)
6e39c:  696e7400           inc <<116>>0x0000(r6),#15
6e3a0:  31312920           ld r1,rr3(#0x2920)
6e3a4:  3f20               out @r2,r0
6e3a6:  57524954           pop <<73>>0x0054(r2),@rr5
6e3aa:  45202620           or r0,<<38>>0x0020(r2)
6e3ae:  52454144           subl rr5,<<65>>0x0044(r4)
6e3b2:  2044               ldb rh4,@rr4
6e3b4:  454c4554           or r12,<<69>>0x0054(r4)
6e3b8:  45442054           or r4,<<32>>0x0054(r4)
6e3bc:  45535400           or r3,<<84>>0x0000(r5)
6e3c0:  696e7400           inc <<116>>0x0000(r6),#15
6e3c4:  31302920           ld r0,rr3(#0x2920)
6e3c8:  3f20               out @r2,r0
6e3ca:  57524954           pop <<73>>0x0054(r2),@rr5
6e3ce:  45202620           or r0,<<38>>0x0020(r2)
6e3d2:  52454144           subl rr5,<<65>>0x0044(r4)
6e3d6:  2053               ldb rh3,@rr5
6e3d8:  4543544f           or r3,<<84>>0x004f(r4)
6e3dc:  52205445           subl rr0,<<84>>0x0045(r2)
6e3e0:  5354696e           push @rr5,<<105>>0x006e(r4)
6e3e4:  7400               .word #0x7400
6e3e6:  2039               ldb rl1,@rr3
6e3e8:  2920               inc @rr2,#1
6e3ea:  3f20               out @r2,r0
6e3ec:  52454144           subl rr5,<<65>>0x0044(r4)
6e3f0:  2054               ldb rh4,@rr5
6e3f2:  45535400           or r3,<<84>>0x0000(r5)
6e3f6:  696e7400           inc <<116>>0x0000(r6),#15
6e3fa:  2038               ldb rl0,@rr3
6e3fc:  2920               inc @rr2,#1
6e3fe:  2020               ldb rh0,@rr2
6e400:  464f524d           andb rl7,<<82>>0x004d(r4)
6e404:  41542054           add r4,<<32>>0x0054(r5)
6e408:  45535400           or r3,<<84>>0x0000(r5)
6e40c:  696e7400           inc <<116>>0x0000(r6),#15
6e410:  2037               ldb rh7,@rr3
6e412:  2920               inc @rr2,#1
6e414:  3f20               out @r2,r0
6e416:  5345454b           push @rr4,<<69>>0x004b(r5)
6e41a:  2054               ldb rh4,@rr5
6e41c:  45535400           or r3,<<84>>0x0000(r5)
6e420:  696e7400           inc <<116>>0x0000(r6),#15
6e424:  2036               ldb rh6,@rr3
6e426:  2920               inc @rr2,#1
6e428:  3f20               out @r2,r0
6e42a:  53504545           push @rr5,<<69>>0x0045
6e42e:  44204d45           orb rh0,<<77>>0x0045(r2)
6e432:  41535552           add r3,<<85>>0x0052(r5)
6e436:  454d454e           or r13,<<69>>0x004e(r4)
6e43a:  54205445           ldl rr0,<<84>>0x0045(r2)
6e43e:  5354696e           push @rr5,<<105>>0x006e(r4)
6e442:  7400               .word #0x7400
6e444:  2035               ldb rh5,@rr3
6e446:  2920               inc @rr2,#1
6e448:  2020               ldb rh0,@rr2
6e44a:  434f4d50           sub r15,<<77>>0x0050(r4)
6e44e:  41544942           add r4,<<73>>0x0042(r5)
6e452:  494c4954           xor r12,<<73>>0x0054(r4)
6e456:  59205445           mult rr0,<<84>>0x0045(r2)
6e45a:  5354696e           push @rr5,<<105>>0x006e(r4)
6e45e:  7400               .word #0x7400
6e460:  2034               ldb rh4,@rr3
6e462:  2920               inc @rr2,#1
6e464:  3f20               out @r2,r0
6e466:  444d4120           orb rl5,<<65>>0x0020(r4)
6e46a:  54455354           ldl rr5,<<83>>0x0054(r4)
6e46e:  696e7400           inc <<116>>0x0000(r6),#15
6e472:  2033               ldb rh3,@rr3
6e474:  2920               inc @rr2,#1
6e476:  3f20               out @r2,r0
6e478:  494e5445           xor r14,<<84>>0x0045(r4)
6e47c:  52525550           subl rr2,<<85>>0x0050(r5)
6e480:  54205445           ldl rr0,<<84>>0x0045(r2)
6e484:  5354696e           push @rr5,<<105>>0x006e(r4)
6e488:  7400               .word #0x7400
6e48a:  2032               ldb rh2,@rr3
6e48c:  2920               inc @rr2,#1
6e48e:  3f20               out @r2,r0
6e490:  54494d45           ldl rr9,<<77>>0x0045(r4)
6e494:  52205445           subl rr0,<<84>>0x0045(r2)
6e498:  5354696e           push @rr5,<<105>>0x006e(r4)
6e49c:  7400               .word #0x7400
6e49e:  2031               ldb rh1,@rr3
6e4a0:  2920               inc @rr2,#1
6e4a2:  2020               ldb rh0,@rr2
6e4a4:  434f4e54           sub r15,<<78>>0x0054(r4)
6e4a8:  524f4c4c           subl rr15,<<76>>0x004c(r4)
6e4ac:  45522043           or r2,<<32>>0x0043(r5)
6e4b0:  4f4d4d554e49       ext4f #0x4f4d4d55,<<78>>0x0049
6e4b6:  43415449           sub r1,<<84>>0x0049(r4)
6e4ba:  4f4e20544553       ext4f #0x4f4e2054,<<69>>0x0053
6e4c0:  5400696e           ldl rr0,<<105>>0x006e
6e4c4:  7400               .word #0x7400
6e4c6:  58553433           multl rq5,<<52>>0x0033(r5)
6e4ca:  30352052           ldb rh5,rr3(#0x2052)
6e4ce:  554e4e49           popl <<78>>0x0049(r14),@rr4
6e4d2:  4e4720544553       ext4e #0x4e472054,<<69>>0x0053
6e4d8:  54202020           ldl rr0,<<32>>0x0020(r2)
6e4dc:  2020               ldb rh0,@rr2
6e4de:  2020               ldb rh0,@rr2
6e4e0:  2020               ldb rh0,@rr2
6e4e2:  2020               ldb rh0,@rr2
6e4e4:  2020               ldb rh0,@rr2
6e4e6:  2020               ldb rh0,@rr2
6e4e8:  2020               ldb rh0,@rr2
6e4ea:  2020               ldb rh0,@rr2
6e4ec:  2020               ldb rh0,@rr2
6e4ee:  2273               resb @rr7,#3
6e4f0:  6b697022           dec <<112>>0x0022(r6),#10
6e4f4:  2074               ldb rh4,@rr7
6e4f6:  6f20676f           ld <<103>>0x006f(r2),r0
6e4fa:  2062               ldb rh2,@rr6
6e4fc:  61636b20           ld r3,<<107>>0x0020(r6)
6e500:  746f206d           lda rr15,rr6(r0)
6e504:  656e7500           set <<117>>0x0000(r6),#14
6e508:  74797065           lda rr9,rr7(r0)
6e50c:  2069               ldb rl1,@rr6
6e50e:  6e202265           ldb <<34>>0x0065(r2),rh0
6e512:  6e746572           ldb <<101>>0x0072(r7),rh4
6e516:  2220               resb @rr2,#0
6e518:  746f2067           lda rr15,rr6(r0)
6e51c:  6f206f6e           ld <<111>>0x006e(r2),r0
6e520:  206f               ldb rl7,@rr6
6e522:  7200               .word #0x7200
6e524:  31332920           ld r3,rr3(#0x2920)
6e528:  2020               ldb rh0,@rr2
6e52a:  57524954           pop <<73>>0x0054(r2),@rr5
6e52e:  45202620           or r0,<<38>>0x0020(r2)
6e532:  52454144           subl rr5,<<65>>0x0044(r4)
6e536:  2043               ldb rh3,@rr4
6e538:  594c494e           mult rr12,<<73>>0x004e(r4)
6e53c:  44455220           orb rh5,<<82>>0x0020(r4)
6e540:  54455354           ldl rr5,<<83>>0x0054(r4)
6e544:  2020               ldb rh0,@rr2
6e546:  2020               ldb rh0,@rr2
6e548:  2020               ldb rh0,@rr2
6e54a:  2020               ldb rh0,@rr2
6e54c:  31322920           ld r2,rr3(#0x2920)
6e550:  3f20               out @r2,r0
6e552:  434f4e54           sub r15,<<78>>0x0054(r4)
6e556:  524f4c20           subl rr15,<<76>>0x0020(r4)
6e55a:  4d41524b2054       cp <<82>>0x004b(r4),#0x2054
6e560:  45535420           or r3,<<84>>0x0020(r5)
6e564:  2020               ldb rh0,@rr2
6e566:  2020               ldb rh0,@rr2
6e568:  2020               ldb rh0,@rr2
6e56a:  2020               ldb rh0,@rr2
6e56c:  2020               ldb rh0,@rr2
6e56e:  2020               ldb rh0,@rr2
6e570:  2020               ldb rh0,@rr2
6e572:  2020               ldb rh0,@rr2
6e574:  31312920           ld r1,rr3(#0x2920)
6e578:  3f20               out @r2,r0
6e57a:  57524954           pop <<73>>0x0054(r2),@rr5
6e57e:  45202620           or r0,<<38>>0x0020(r2)
6e582:  52454144           subl rr5,<<65>>0x0044(r4)
6e586:  2044               ldb rh4,@rr4
6e588:  454c4554           or r12,<<69>>0x0054(r4)
6e58c:  45442054           or r4,<<32>>0x0054(r4)
6e590:  45535420           or r3,<<84>>0x0020(r5)
6e594:  2020               ldb rh0,@rr2
6e596:  2020               ldb rh0,@rr2
6e598:  2020               ldb rh0,@rr2
6e59a:  2020               ldb rh0,@rr2
6e59c:  31302920           ld r0,rr3(#0x2920)
6e5a0:  3f20               out @r2,r0
6e5a2:  57524954           pop <<73>>0x0054(r2),@rr5
6e5a6:  45202620           or r0,<<38>>0x0020(r2)
6e5aa:  52454144           subl rr5,<<65>>0x0044(r4)
6e5ae:  2053               ldb rh3,@rr5
6e5b0:  4543544f           or r3,<<84>>0x004f(r4)
6e5b4:  52205445           subl rr0,<<84>>0x0045(r2)
6e5b8:  53542020           push @rr5,<<32>>0x0020(r4)
6e5bc:  2020               ldb rh0,@rr2
6e5be:  2020               ldb rh0,@rr2
6e5c0:  2020               ldb rh0,@rr2
6e5c2:  2020               ldb rh0,@rr2
6e5c4:  2039               ldb rl1,@rr3
6e5c6:  2920               inc @rr2,#1
6e5c8:  3f20               out @r2,r0
6e5ca:  52454144           subl rr5,<<65>>0x0044(r4)
6e5ce:  2054               ldb rh4,@rr5
6e5d0:  45535420           or r3,<<84>>0x0020(r5)
6e5d4:  2020               ldb rh0,@rr2
6e5d6:  2020               ldb rh0,@rr2
6e5d8:  2020               ldb rh0,@rr2
6e5da:  2020               ldb rh0,@rr2
6e5dc:  2020               ldb rh0,@rr2
6e5de:  2020               ldb rh0,@rr2
6e5e0:  2020               ldb rh0,@rr2
6e5e2:  2020               ldb rh0,@rr2
6e5e4:  2020               ldb rh0,@rr2
6e5e6:  2020               ldb rh0,@rr2
6e5e8:  2020               ldb rh0,@rr2
6e5ea:  2020               ldb rh0,@rr2
6e5ec:  2038               ldb rl0,@rr3
6e5ee:  2920               inc @rr2,#1
6e5f0:  2020               ldb rh0,@rr2
6e5f2:  464f524d           andb rl7,<<82>>0x004d(r4)
6e5f6:  41542054           add r4,<<32>>0x0054(r5)
6e5fa:  45535420           or r3,<<84>>0x0020(r5)
6e5fe:  2020               ldb rh0,@rr2
6e600:  2020               ldb rh0,@rr2
6e602:  2020               ldb rh0,@rr2
6e604:  2020               ldb rh0,@rr2
6e606:  2020               ldb rh0,@rr2
6e608:  2020               ldb rh0,@rr2
6e60a:  2020               ldb rh0,@rr2
6e60c:  2020               ldb rh0,@rr2
6e60e:  2020               ldb rh0,@rr2
6e610:  2020               ldb rh0,@rr2
6e612:  2020               ldb rh0,@rr2
6e614:  2037               ldb rh7,@rr3
6e616:  2920               inc @rr2,#1
6e618:  3f20               out @r2,r0
6e61a:  5345454b           push @rr4,<<69>>0x004b(r5)
6e61e:  2054               ldb rh4,@rr5
6e620:  45535420           or r3,<<84>>0x0020(r5)
6e624:  2020               ldb rh0,@rr2
6e626:  2020               ldb rh0,@rr2
6e628:  2020               ldb rh0,@rr2
6e62a:  2020               ldb rh0,@rr2
6e62c:  2020               ldb rh0,@rr2
6e62e:  2020               ldb rh0,@rr2
6e630:  2020               ldb rh0,@rr2
6e632:  2020               ldb rh0,@rr2
6e634:  2020               ldb rh0,@rr2
6e636:  2020               ldb rh0,@rr2
6e638:  2020               ldb rh0,@rr2
6e63a:  2020               ldb rh0,@rr2
6e63c:  2036               ldb rh6,@rr3
6e63e:  2920               inc @rr2,#1
6e640:  3f20               out @r2,r0
6e642:  53504545           push @rr5,<<69>>0x0045
6e646:  44204d45           orb rh0,<<77>>0x0045(r2)
6e64a:  41535552           add r3,<<85>>0x0052(r5)
6e64e:  454d454e           or r13,<<69>>0x004e(r4)
6e652:  54205445           ldl rr0,<<84>>0x0045(r2)
6e656:  53542020           push @rr5,<<32>>0x0020(r4)
6e65a:  2020               ldb rh0,@rr2
6e65c:  2020               ldb rh0,@rr2
6e65e:  2020               ldb rh0,@rr2
6e660:  2020               ldb rh0,@rr2
6e662:  2020               ldb rh0,@rr2
6e664:  2035               ldb rh5,@rr3
6e666:  2920               inc @rr2,#1
6e668:  2020               ldb rh0,@rr2
6e66a:  434f4d50           sub r15,<<77>>0x0050(r4)
6e66e:  41544942           add r4,<<73>>0x0042(r5)
6e672:  494c4954           xor r12,<<73>>0x0054(r4)
6e676:  59205445           mult rr0,<<84>>0x0045(r2)
6e67a:  53542020           push @rr5,<<32>>0x0020(r4)
6e67e:  2020               ldb rh0,@rr2
6e680:  2020               ldb rh0,@rr2
6e682:  2020               ldb rh0,@rr2
6e684:  2020               ldb rh0,@rr2
6e686:  2020               ldb rh0,@rr2
6e688:  2020               ldb rh0,@rr2
6e68a:  2020               ldb rh0,@rr2
6e68c:  2034               ldb rh4,@rr3
6e68e:  2920               inc @rr2,#1
6e690:  3f20               out @r2,r0
6e692:  444d4120           orb rl5,<<65>>0x0020(r4)
6e696:  54455354           ldl rr5,<<83>>0x0054(r4)
6e69a:  2020               ldb rh0,@rr2
6e69c:  2020               ldb rh0,@rr2
6e69e:  2020               ldb rh0,@rr2
6e6a0:  2020               ldb rh0,@rr2
6e6a2:  2020               ldb rh0,@rr2
6e6a4:  2020               ldb rh0,@rr2
6e6a6:  2020               ldb rh0,@rr2
6e6a8:  2020               ldb rh0,@rr2
6e6aa:  2020               ldb rh0,@rr2
6e6ac:  2020               ldb rh0,@rr2
6e6ae:  2020               ldb rh0,@rr2
6e6b0:  2020               ldb rh0,@rr2
6e6b2:  2020               ldb rh0,@rr2
6e6b4:  2033               ldb rh3,@rr3
6e6b6:  2920               inc @rr2,#1
6e6b8:  3f20               out @r2,r0
6e6ba:  494e5445           xor r14,<<84>>0x0045(r4)
6e6be:  52525550           subl rr2,<<85>>0x0050(r5)
6e6c2:  54205445           ldl rr0,<<84>>0x0045(r2)
6e6c6:  53542020           push @rr5,<<32>>0x0020(r4)
6e6ca:  2020               ldb rh0,@rr2
6e6cc:  2020               ldb rh0,@rr2
6e6ce:  2020               ldb rh0,@rr2
6e6d0:  2020               ldb rh0,@rr2
6e6d2:  2020               ldb rh0,@rr2
6e6d4:  2020               ldb rh0,@rr2
6e6d6:  2020               ldb rh0,@rr2
6e6d8:  2020               ldb rh0,@rr2
6e6da:  2020               ldb rh0,@rr2
6e6dc:  2032               ldb rh2,@rr3
6e6de:  2920               inc @rr2,#1
6e6e0:  3f20               out @r2,r0
6e6e2:  54494d45           ldl rr9,<<77>>0x0045(r4)
6e6e6:  52205445           subl rr0,<<84>>0x0045(r2)
6e6ea:  53542020           push @rr5,<<32>>0x0020(r4)
6e6ee:  2020               ldb rh0,@rr2
6e6f0:  2020               ldb rh0,@rr2
6e6f2:  2020               ldb rh0,@rr2
6e6f4:  2020               ldb rh0,@rr2
6e6f6:  2020               ldb rh0,@rr2
6e6f8:  2020               ldb rh0,@rr2
6e6fa:  2020               ldb rh0,@rr2
6e6fc:  2020               ldb rh0,@rr2
6e6fe:  2020               ldb rh0,@rr2
6e700:  2020               ldb rh0,@rr2
6e702:  2020               ldb rh0,@rr2
6e704:  2031               ldb rh1,@rr3
6e706:  2920               inc @rr2,#1
6e708:  2020               ldb rh0,@rr2
6e70a:  434f4e54           sub r15,<<78>>0x0054(r4)
6e70e:  524f4c4c           subl rr15,<<76>>0x004c(r4)
6e712:  45522043           or r2,<<32>>0x0043(r5)
6e716:  4f4d4d554e49       ext4f #0x4f4d4d55,<<78>>0x0049
6e71c:  43415449           sub r1,<<84>>0x0049(r4)
6e720:  4f4e20544553       ext4f #0x4f4e2054,<<69>>0x0053
6e726:  54202020           ldl rr0,<<32>>0x0020(r2)
6e72a:  2020               ldb rh0,@rr2
6e72c:  34333035           lda rr3,rr3(#0x3035)
6e730:  54365855           ldl rr6,<<88>>0x0055(r3)
6e734:  34333035           lda rr3,rr3(#0x3035)
6e738:  2052               ldb rh2,@rr5
6e73a:  554e4e49           popl <<78>>0x0049(r14),@rr4
6e73e:  4e4720544553       ext4e #0x4e472054,<<69>>0x0053
6e744:  54202020           ldl rr0,<<32>>0x0020(r2)
6e748:  2020               ldb rh0,@rr2
6e74a:  2020               ldb rh0,@rr2
6e74c:  2020               ldb rh0,@rr2
6e74e:  2020               ldb rh0,@rr2
6e750:  2020               ldb rh0,@rr2
6e752:  2020               ldb rh0,@rr2
6e754:  2020               ldb rh0,@rr2
6e756:  2020               ldb rh0,@rr2
6e758:  2020               ldb rh0,@rr2
6e75a:  2020               ldb rh0,@rr2
6e75c:  2020               ldb rh0,@rr2
6e75e:  2020               ldb rh0,@rr2
6e760:  20007075           ldb rh0,#0x75
6e764:  206e               ldb rl6,@rr6
6e766:  756d6265           ldl rr13,rr6(r2)
6e76a:  723a2020           ldb rr3(r0),rl2
6e76e:  2020               ldb rh0,@rr2
6e770:  2028               ldb rl0,@rr2
6e772:  312d3429           ld r13,rr2(#0x3429)
6e776:  2020               ldb rh0,@rr2
6e778:  2020               ldb rh0,@rr2
6e77a:  2020               ldb rh0,@rr2
6e77c:  2020               ldb rh0,@rr2
6e77e:  2020               ldb rh0,@rr2
6e780:  2000736c           ldb rh0,#0x6c
6e784:  6f74206e           ld <<32>>0x006e(r7),r4
6e788:  756d6265           ldl rr13,rr6(r2)
6e78c:  723a2020           ldb rr3(r0),rl2
6e790:  2323               res @rr2,#3
6e792:  2323               res @rr2,#3
6e794:  2323               res @rr2,#3
6e796:  2020               ldb rh0,@rr2
6e798:  2020               ldb rh0,@rr2
6e79a:  2020               ldb rh0,@rr2
6e79c:  2020               ldb rh0,@rr2
6e79e:  2020               ldb rh0,@rr2
6e7a0:  2020               ldb rh0,@rr2
6e7a2:  2020               ldb rh0,@rr2
6e7a4:  2020               ldb rh0,@rr2
6e7a6:  2020               ldb rh0,@rr2
6e7a8:  2020               ldb rh0,@rr2
6e7aa:  70617261           ldb rh1,rr6(r2)
6e7ae:  6d657465           ex r5,<<116>>0x0065(r6)
6e7b2:  72732020           ldb rr7(r0),rh3
6e7b6:  2020               ldb rh0,@rr2
6e7b8:  72616e67           ldb rr6(r14),rh1
6e7bc:  65202064           set <<32>>0x0064(r2),#0
6e7c0:  65666175           set <<97>>0x0075(r6),#6
6e7c4:  6c742020           exb rh4,<<32>>0x0020(r7)
6e7c8:  76616c75           lda rr1,<<108>>0x0075(r6)
6e7cc:  65004e4f           set <<78>>0x004f,#0
6e7d0:  54205052           ldl rr0,<<80>>0x0052(r2)
6e7d4:  45564944           or r6,<<73>>0x0044(r5)
6e7d8:  45442043           or r4,<<32>>0x0043(r4)
6e7dc:  4f4e54524f4c       ext4f #0x4f4e5452,<<79>>0x004c
6e7e2:  4c4552205459       ldb <<82>>0x0020(r4),#0x59
6e7e8:  50456572           cpl rr5,<<101>>0x0072(r4)
6e7ec:  7200               .word #0x7200
6e7ee:  2034               ldb rh4,@rr3
6e7f0:  2075               ldb rh5,@rr7
6e7f2:  6e697473           ldb <<116>>0x0073(r6),rl1
6e7f6:  2063               ldb rh3,@rr6
6e7f8:  6f6e7472           ld <<116>>0x0072(r6),r14
6e7fc:  6f6c6c65           ld <<108>>0x0065(r6),r12
6e800:  72207479           ldb rr2(r4),rh0
6e804:  70652033           ldb rh5,rr6(r0)
6e808:  2075               ldb rh5,@rr7
6e80a:  6e697473           ldb <<116>>0x0073(r6),rl1
6e80e:  2063               ldb rh3,@rr6
6e810:  6f6e7472           ld <<116>>0x0072(r6),r14
6e814:  6f6c6c65           ld <<108>>0x0065(r6),r12
6e818:  72207479           ldb rr2(r4),rh0
6e81c:  7065202d           ldb rh5,rr6(r0)
6e820:  2d20               ex r0,@rr2
6e822:  52454345           subl rr5,<<67>>0x0045(r4)
6e826:  49564544           xor r6,<<69>>0x0044(r5)
6e82a:  3a20434f           inib @rr4,@r2,r3
6e82e:  44452045           orb rh5,<<32>>0x0045(r4)
6e832:  58504543           multl rq0,<<69>>0x0043(r5)
6e836:  5445443a           ldl rr5,<<68>>0x003a(r4)
6e83a:  20006572           ldb rh0,#0x72
6e83e:  7200               .word #0x7200
6e840:  2049               ldb rl1,@rr4
6e842:  4e5445525255       ext4e #0x4e544552,<<82>>0x0055
6e848:  50542043           cpl rr4,<<32>>0x0043(r5)
6e84c:  4f444520494e       ext4f #0x4f444520,<<73>>0x004e
6e852:  43484f45           sub r8,<<79>>0x0045(r4)
6e856:  52454e43           subl rr5,<<78>>0x0043(r4)
6e85a:  45006572           or r0,<<101>>0x0072
6e85e:  7200               .word #0x7200
6e860:  202d               ldb rl5,@rr2
6e862:  2d20               ex r0,@rr2
6e864:  52454345           subl rr5,<<67>>0x0045(r4)
6e868:  49564544           xor r6,<<69>>0x0044(r5)
6e86c:  3a204944           inirb @rr4,@r2,r9
6e870:  2e20               ldb @rr2,rh0
6e872:  45585045           or r8,<<80>>0x0045(r5)
6e876:  43544544           sub r4,<<69>>0x0044(r5)
6e87a:  3a206572           inirb @rr7,@r2,r5
6e87e:  7200               .word #0x7200
6e880:  2049               ldb rl1,@rr4
6e882:  4e5445525255       ext4e #0x4e544552,<<82>>0x0055
6e888:  50542049           cpl rr4,<<32>>0x0049(r5)
6e88c:  44454e54           orb rh5,<<78>>0x0054(r4)
6e890:  49464945           xor r6,<<73>>0x0045(r4)
6e894:  5220494e           subl rr0,<<73>>0x004e(r2)
6e898:  43484f45           sub r8,<<79>>0x0045(r4)
6e89c:  52454e43           subl rr5,<<78>>0x0043(r4)
6e8a0:  45006572           or r0,<<101>>0x0072
6e8a4:  7200               .word #0x7200
6e8a6:  0474               orb rh4,@rr7
6e8a8:  04b2               orb rh2,@rr11
6e8aa:  04f0               orb rh0,@rr15
6e8ac:  052e               or r14,@rr2
6e8ae:  046c               orb rl4,@rr6
6e8b0:  046c               orb rl4,@rr6
6e8b2:  046c               orb rl4,@rr6
6e8b4:  046c               orb rl4,@rr6
6e8b6:  0568               or r8,@rr6
6e8b8:  05a2               or r2,@rr10
6e8ba:  05dc               or r12,@rr13
6e8bc:  0616               andb rh6,@rr1
6e8be:  2049               ldb rl1,@rr4
6e8c0:  4e43484f4552       ext4e #0x4e43484f,<<69>>0x0052
6e8c6:  454e5420           or r14,<<84>>0x0020(r4)
6e8ca:  53544154           push @rr5,<<65>>0x0054(r4)
6e8ce:  55536572           popl <<101>>0x0072(r3),@rr5
6e8d2:  7200               .word #0x7200
6e8d4:  2049               ldb rl1,@rr4
6e8d6:  4e5445525255       ext4e #0x4e544552,<<82>>0x0055
6e8dc:  5054204e           cpl rr4,<<32>>0x004e(r5)
6e8e0:  4f5420524543       ext4f #0x4f542052,<<69>>0x0043
6e8e6:  45495645           or r9,<<86>>0x0045(r4)
6e8ea:  44006572           orb rh0,<<101>>0x0072
6e8ee:  7200               .word #0x7200
6e8f0:  2070               ldb rh0,@rr7
6e8f2:  726f6772           ldb rr6(r7),rl7
6e8f6:  616d2072           ld r13,<<32>>0x0072(r6)
6e8fa:  756e6e69           ldl rr14,rr6(r14)
6e8fe:  6e672070           ldb <<32>>0x0070(r6),rh7
6e902:  726f6772           ldb rr6(r7),rl7
6e906:  616d2072           ld r13,<<32>>0x0072(r6)
6e90a:  756e6e69           ldl rr14,rr6(r14)
6e90e:  6e672076           ldb <<32>>0x0076(r6),rh7
6e912:  6f6c206c           ld <<32>>0x006c(r6),r12
6e916:  6162656c           ld r2,<<101>>0x006c(r6)
6e91a:  3a00               .word #0x3a00
6e91c:  2065               ldb rh5,@rr6
6e91e:  72726f72           ldb rr7(r15),rh2
6e922:  206d               ldb rl5,@rr6
6e924:  61703a00           ld r0,<<58>>0x0000(r7)
6e928:  2075               ldb rh5,@rr7
6e92a:  6e696465           ldb <<100>>0x0065(r6),rl1
6e92e:  6e746966           ldb <<105>>0x0066(r7),rh4
6e932:  69656420           inc <<100>>0x0020(r6),#6
6e936:  6469736b           setb <<115>>0x006b(r6),#9
6e93a:  206f               ldb rl7,@rr6
6e93c:  6e20756e           ldb <<117>>0x006e(r2),rh0
6e940:  69742000           inc <<32>>0x0000(r7),#5
6e944:  fffc               djnz r15,0xe84e
6e946:  ffff               djnz r15,0xe84a
6e948:  ffff               djnz r15,0xe84c
6e94a:  ffff               djnz r15,0xe84e
6e94c:  07ff               and r15,@rr15
6e94e:  00000000           addb rh0,#0x00
6e952:  00000000           addb rh0,#0x00
6e956:  00000000           addb rh0,#0x00
6e95a:  00000000           addb rh0,#0x00
6e95e:  00000000           addb rh0,#0x00
6e962:  0000fffe           addb rh0,#0xfe
6e966:  ffff               djnz r15,0xe86a
6e968:  ffff               djnz r15,0xe86c
6e96a:  ffff               djnz r15,0xe86e
6e96c:  07ff               and r15,@rr15
6e96e:  00000000           addb rh0,#0x00
6e972:  00000000           addb rh0,#0x00
6e976:  00000000           addb rh0,#0x00
6e97a:  00000000           addb rh0,#0x00
6e97e:  00000000           addb rh0,#0x00
6e982:  00000000           addb rh0,#0x00
6e986:  00000000           addb rh0,#0x00
6e98a:  03ff               sub r15,@rr15
6e98c:  00000000           addb rh0,#0x00
6e990:  00000000           addb rh0,#0x00
6e994:  00000000           addb rh0,#0x00
6e998:  00000000           addb rh0,#0x00
6e99c:  00000000           addb rh0,#0x00
6e9a0:  00000000           addb rh0,#0x00
6e9a4:  00000000           addb rh0,#0x00
6e9a8:  000003ff           addb rh0,#0xff
6e9ac:  00000000           addb rh0,#0x00
6e9b0:  00000000           addb rh0,#0x00
6e9b4:  00000000           addb rh0,#0x00
6e9b8:  00000000           addb rh0,#0x00
6e9bc:  00000000           addb rh0,#0x00
6e9c0:  00000000           addb rh0,#0x00
6e9c4:  00000000           addb rh0,#0x00
6e9c8:  000003ff           addb rh0,#0xff
6e9cc:  00000000           addb rh0,#0x00
6e9d0:  00000000           addb rh0,#0x00
6e9d4:  00000000           addb rh0,#0x00
6e9d8:  00000000           addb rh0,#0x00
6e9dc:  00000000           addb rh0,#0x00
6e9e0:  00000000           addb rh0,#0x00
6e9e4:  00000000           addb rh0,#0x00
6e9e8:  000003ff           addb rh0,#0xff
6e9ec:  00000000           addb rh0,#0x00
6e9f0:  00000000           addb rh0,#0x00
6e9f4:  00000000           addb rh0,#0x00
6e9f8:  00000000           addb rh0,#0x00
6e9fc:  00000000           addb rh0,#0x00
6ea00:  00000000           addb rh0,#0x00
6ea04:  564f4c31           addl rr15,<<76>>0x0031(r4)
6ea08:  45524d41           or r2,<<77>>0x0041(r5)
6ea0c:  50202063           cpl rr0,<<32>>0x0063(r2)
6ea10:  68616e67           incb <<110>>0x0067(r6),#2
6ea14:  65206469           set <<100>>0x0069(r2),#0
6ea18:  736b3a20           ld rr6(r10),r11
6ea1c:  68697420           incb <<116>>0x0020(r6),#10
6ea20:  656e7465           set <<116>>0x0065(r6),#14
6ea24:  7220746f           ldb rr2(r4),rh0
6ea28:  2072               ldb rh2,@rr7
6ea2a:  65737461           set <<116>>0x0061(r7),#3
6ea2e:  72742064           ldb rr7(r0),rh4
6ea32:  65666563           set <<101>>0x0063(r6),#6
6ea36:  74697665           lda rr9,rr6(r6)
6ea3a:  2074               ldb rh4,@rr7
6ea3c:  7261636b           ldb rr6(r3),rh1
6ea40:  3a202064           inirb @rr6,@r2,r0
6ea44:  65666563           set <<101>>0x0063(r6),#6
6ea48:  74697665           lda rr9,rr6(r6)
6ea4c:  2074               ldb rh4,@rr7
6ea4e:  7261636b           ldb rr6(r3),rh1
6ea52:  3a20206e           inib @rr6,@r2,r0
6ea56:  6f206465           ld <<100>>0x0065(r2),r0
6ea5a:  66656374           bitb <<99>>0x0074(r6),#5
6ea5e:  69766520           inc <<101>>0x0020(r7),#7
6ea62:  74726163           lda rr2,rr7(r1)
6ea66:  6b73203a           dec <<32>>0x003a(r7),#4
6ea6a:  2044               ldb rh4,@rr4
6ea6c:  46313238           andb rh1,<<50>>0x0038(r3)
6ea70:  2069               ldb rl1,@rr6
6ea72:  64656e74           setb <<110>>0x0074(r6),#5
6ea76:  69666965           inc <<105>>0x0065(r6),#7
6ea7a:  64206469           setb <<100>>0x0069(r2),#0
6ea7e:  736b206f           ld rr6(r0),r11
6ea82:  6e20756e           ldb <<117>>0x006e(r2),rh0
6ea86:  69742000           inc <<32>>0x0000(r7),#5
6ea8a:  203a               ldb rl2,@rr3
6ea8c:  204d               ldb rl5,@rr4
6ea8e:  464d3235           andb rl5,<<50>>0x0035(r4)
6ea92:  3600               bpt
6ea94:  2069               ldb rl1,@rr6
6ea96:  64656e74           setb <<110>>0x0074(r6),#5
6ea9a:  69666965           inc <<105>>0x0065(r6),#7
6ea9e:  64206469           setb <<100>>0x0069(r2),#0
6eaa2:  736b206f           ld rr6(r0),r11
6eaa6:  6e20756e           ldb <<117>>0x006e(r2),rh0
6eaaa:  69742000           inc <<32>>0x0000(r7),#5
6eaae:  2063               ldb rh3,@rr6
6eab0:  68616e67           incb <<110>>0x0067(r6),#2
6eab4:  65206469           set <<100>>0x0069(r2),#0
6eab8:  736b3a20           ld rr6(r10),r11
6eabc:  68697420           incb <<116>>0x0020(r6),#10
6eac0:  656e7465           set <<116>>0x0065(r6),#14
6eac4:  7220746f           ldb rr2(r4),rh0
6eac8:  2072               ldb rh2,@rr7
6eaca:  65737461           set <<116>>0x0061(r7),#3
6eace:  72742073           ldb rr7(r0),rh4
6ead2:  616d706c           ld r13,<<112>>0x006c(r6)
6ead6:  653d206d           set <<32>>0x006d(r3),#13
6eada:  61783d00           ld r8,<<61>>0x0000(r7)
6eade:  2020               ldb rh0,@rr2
6eae0:  6d696e3d           ex r9,<<110>>0x003d(r6)
6eae4:  65727200           set <<114>>0x0000(r7),#2
6eae8:  2072               ldb rh2,@rr7
6eaea:  65766f6c           set <<111>>0x006c(r7),#6
6eaee:  7574696f           ldl rr4,rr7(r9)
6eaf2:  6e207469           ldb <<116>>0x0069(r2),rh0
6eaf6:  6d652065           ex r5,<<32>>0x0065(r6)
6eafa:  72726f72           ldb rr7(r15),rh2
6eafe:  206f               ldb rl7,@rr6
6eb00:  6e206379           ldb <<99>>0x0079(r2),rh0
6eb04:  6c206572           exb rh0,<<101>>0x0072(r2)
6eb08:  7200               .word #0x7200
6eb0a:  40f00000           addb rh0,<<0>>0x0000(r15)
6eb0e:  00000000           addb rh0,#0x00
6eb12:  2061               ldb rh1,@rr6
6eb14:  76653d00           lda rr5,<<61>>0x0000(r6)
6eb18:  206d               ldb rl5,@rr6
6eb1a:  61783d00           ld r8,<<61>>0x0000(r7)
6eb1e:  206d               ldb rl5,@rr6
6eb20:  696e3d00           inc <<61>>0x0000(r6),#15
6eb24:  2072               ldb rh2,@rr7
6eb26:  6f746174           ld <<97>>0x0074(r7),r4
6eb2a:  696f6e20           inc <<110>>0x0020(r6),#16
6eb2e:  74696d65           lda rr9,rr6(r13)
6eb32:  206f               ldb rl7,@rr6
6eb34:  6e206379           ldb <<99>>0x0079(r2),rh0
6eb38:  6c203ff8           exb rh0,<<63>>0x00f8(r2)
6eb3c:  00000000           addb rh0,#0x00
6eb40:  00004064           addb rh0,#0x64
6eb44:  d570               calr 0xe066
6eb46:  50000000           cpl rr0,<<0>>0x0000
6eb4a:  4064d5705000       addb rh4,<<85>>0x5000(r6)
6eb50:  00004064           addb rh0,#0x64
6eb54:  d570               calr 0xe076
6eb56:  50000000           cpl rr0,<<0>>0x0000
6eb5a:  4064d5705000       addb rh4,<<85>>0x5000(r6)
6eb60:  00003ff8           addb rh0,#0xf8
6eb64:  00000000           addb rh0,#0x00
6eb68:  00002025           addb rh0,#0x25
6eb6c:  2054               ldb rh4,@rr5
6eb6e:  6f6c6c65           ld <<108>>0x0065(r6),r12
6eb72:  72616e63           ldb rr6(r14),rh1
6eb76:  65202020           set <<32>>0x0020(r2),#0
6eb7a:  2020               ldb rh0,@rr2
6eb7c:  2020               ldb rh0,@rr2
6eb7e:  2020               ldb rh0,@rr2
6eb80:  2020               ldb rh0,@rr2
6eb82:  2020               ldb rh0,@rr2
6eb84:  2000206d           ldb rh0,#0x6d
6eb88:  7300               .word #0x7300
6eb8a:  204e               ldb rl6,@rr4
6eb8c:  6f6d696e           ld <<105>>0x006e(r6),r13
6eb90:  616c2072           ld r12,<<32>>0x0072(r6)
6eb94:  6f746174           ld <<97>>0x0074(r7),r4
6eb98:  696f6e20           inc <<110>>0x0020(r6),#16
6eb9c:  74696d65           lda rr9,rr6(r13)
6eba0:  2020               ldb rh0,@rr2
6eba2:  2042               ldb rh2,@rr4
6eba4:  41442044           add r4,<<32>>0x0044(r4)
6eba8:  454c4554           or r12,<<69>>0x0054(r4)
6ebac:  494e4720           xor r14,<<71>>0x0020(r4)
6ebb0:  4f4e2043594c       ext4f #0x4f4e2043,<<89>>0x004c
6ebb6:  3a206572           inirb @rr7,@r2,r5
6ebba:  7200               .word #0x7200
6ebbc:  2042               ldb rh2,@rr4
6ebbe:  41442046           add r4,<<32>>0x0046(r4)
6ebc2:  4f524d415454       ext4f #0x4f524d41,<<84>>0x0054
6ebc8:  494e4720           xor r14,<<71>>0x0020(r4)
6ebcc:  4f4e2043594c       ext4f #0x4f4e2043,<<89>>0x004c
6ebd2:  3a206572           inirb @rr7,@r2,r5
6ebd6:  7200               .word #0x7200
6ebd8:  2020               ldb rh0,@rr2
6ebda:  52454144           subl rr5,<<65>>0x0044(r4)
6ebde:  2043               ldb rh3,@rr4
6ebe0:  4f4d4d414e44       ext4f #0x4f4d4d41,<<78>>0x0044
6ebe6:  204d               ldb rl5,@rr4
6ebe8:  41444520           add r4,<<69>>0x0020(r4)
6ebec:  4f4e2043594c       ext4f #0x4f4e2043,<<89>>0x004c
6ebf2:  20006572           ldb rh0,#0x72
6ebf6:  7200               .word #0x7200
6ebf8:  2020               ldb rh0,@rr2
6ebfa:  48454144           xorb rh5,<<65>>0x0044(r4)
6ebfe:  2050               ldb rh0,@rr5
6ec00:  4f534954494f       ext4f #0x4f534954,<<73>>0x004f
6ec06:  4e4544204f4e       ext4e #0x4e454420,<<79>>0x004e
6ec0c:  2043               ldb rh3,@rr4
6ec0e:  594c2000           mult rr12,<<32>>0x0000(r4)
6ec12:  65727200           set <<114>>0x0000(r7),#2
6ec16:  204d               ldb rl5,@rr4
6ec18:  49535349           xor r3,<<83>>0x0049(r5)
6ec1c:  4e4720534547       ext4e #0x4e472053,<<69>>0x0047
6ec22:  4e414c415449       ext4e #0x4e414c41,<<84>>0x0049
6ec28:  4f4e204f4620       ext4f #0x4f4e204f,<<70>>0x0020
6ec2e:  2257               resb @rr5,#7
6ec30:  524f4e47           subl rr15,<<78>>0x0047(r4)
6ec34:  2043               ldb rh3,@rr4
6ec36:  594c2200           mult rr12,<<34>>0x0000(r4)
6ec3a:  65727200           set <<114>>0x0000(r7),#2
6ec3e:  2054               ldb rh4,@rr5
6ec40:  494d452d           xor r13,<<69>>0x002d(r4)
6ec44:  4f5554204552       ext4f #0x4f555420,<<69>>0x0052
6ec4a:  524f5200           subl rr15,<<82>>0x0000(r4)
6ec4e:  65727200           set <<114>>0x0000(r7),#2
6ec52:  2020               ldb rh0,@rr2
6ec54:  464f554e           andb rl7,<<85>>0x004e(r4)
6ec58:  44204359           orb rh0,<<67>>0x0059(r2)
6ec5c:  4c49               .word #0x4c49
6ec5e:  4e4445523a20       ext4e #0x4e444552,<<58>>0x0020
6ec64:  65727200           set <<114>>0x0000(r7),#2
6ec68:  2020               ldb rh0,@rr2
6ec6a:  554e4b4e           popl <<75>>0x004e(r14),@rr4
6ec6e:  4f574e204844       ext4f #0x4f574e20,<<72>>0x0044
6ec74:  2050               ldb rh0,@rr5
6ec76:  4f534954494f       ext4f #0x4f534954,<<73>>0x004f
6ec7c:  4e0065727200       ext4e #0x4e006572,<<114>>0x0000
6ec82:  2020               ldb rh0,@rr2
6ec84:  454e4420           or r14,<<68>>0x0020(r4)
6ec88:  2043               ldb rh3,@rr4
6ec8a:  594c494e           mult rr12,<<73>>0x004e(r4)
6ec8e:  4445523a           orb rh5,<<82>>0x003a(r4)
6ec92:  20006572           ldb rh0,#0x72
6ec96:  7200               .word #0x7200
6ec98:  2020               ldb rh0,@rr2
6ec9a:  53544152           push @rr5,<<65>>0x0052(r4)
6ec9e:  54204359           ldl rr0,<<67>>0x0059(r2)
6eca2:  4c49               .word #0x4c49
6eca4:  4e4445523a20       ext4e #0x4e444552,<<58>>0x0020
6ecaa:  65727200           set <<114>>0x0000(r7),#2
6ecae:  2050               ldb rh0,@rr5
6ecb0:  4f534954494f       ext4f #0x4f534954,<<73>>0x004f
6ecb6:  4e494e472045       ext4e #0x4e494e47,<<32>>0x0045
6ecbc:  52524f52           subl rr2,<<79>>0x0052(r5)
6ecc0:  20006572           ldb rh0,#0x72
6ecc4:  7200               .word #0x7200
6ecc6:  204d               ldb rl5,@rr4
6ecc8:  41494e20           add r9,<<78>>0x0020(r4)
6eccc:  4d454d4f5259       ld <<77>>0x004f(r4),#0x5259
6ecd2:  2044               ldb rh4,@rr4
6ecd4:  41544120           add r4,<<65>>0x0020(r5)
6ecd8:  434f4d50           sub r15,<<77>>0x0050(r4)
6ecdc:  41524520           add r2,<<69>>0x0020(r5)
6ece0:  4552524f           or r2,<<82>>0x004f(r5)
6ece4:  52006572           subl rr0,<<101>>0x0072
6ece8:  7200               .word #0x7200
6ecea:  2020               ldb rh0,@rr2
6ecec:  2d2d               ex r13,@rr2
6ecee:  2020               ldb rh0,@rr2
6ecf0:  53454354           push @rr4,<<67>>0x0054(r5)
6ecf4:  3a202020           inirb @rr2,@r2,r0
6ecf8:  43594c3a           sub r9,<<76>>0x003a(r5)
6ecfc:  20006572           ldb rh0,#0x72
6ed00:  7200               .word #0x7200
6ed02:  2055               ldb rh5,@rr5
6ed04:  4e4558504543       ext4e #0x4e455850,<<69>>0x0043
6ed0a:  54454420           ldl rr5,<<68>>0x0020(r4)
6ed0e:  224e               resb @rr4,#14
6ed10:  4f524d414c22       ext4f #0x4f524d41,<<76>>0x0022
6ed16:  2053               ldb rh3,@rr5
6ed18:  4543544f           or r3,<<84>>0x004f(r4)
6ed1c:  52285329           subl rr8,<<83>>0x0029(r2)
6ed20:  2046               ldb rh6,@rr4
6ed22:  4f554e446572       ext4f #0x4f554e44,<<101>>0x0072
6ed28:  7200               .word #0x7200
6ed2a:  2055               ldb rh5,@rr5
6ed2c:  4e4558504543       ext4e #0x4e455850,<<69>>0x0043
6ed32:  54454420           ldl rr5,<<68>>0x0020(r4)
6ed36:  2244               resb @rr4,#4
6ed38:  454c4554           or r12,<<69>>0x0054(r4)
6ed3c:  45442220           or r4,<<34>>0x0020(r4)
6ed40:  53454354           push @rr4,<<67>>0x0054(r5)
6ed44:  4f5228532920       ext4f #0x4f522853,<<41>>0x0020
6ed4a:  464f554e           andb rl7,<<85>>0x004e(r4)
6ed4e:  44006572           orb rh0,<<101>>0x0072
6ed52:  7200               .word #0x7200
6ed54:  2049               ldb rl1,@rr4
6ed56:  4e43484f4552       ext4e #0x4e43484f,<<69>>0x0052
6ed5c:  454e5420           or r14,<<84>>0x0020(r4)
6ed60:  53544154           push @rr5,<<65>>0x0054(r4)
6ed64:  55536572           popl <<101>>0x0072(r3),@rr5
6ed68:  7200               .word #0x7200
6ed6a:  2049               ldb rl1,@rr4
6ed6c:  4e4445582050       ext4e #0x4e444558,<<32>>0x0050
6ed72:  554c5345           popl <<83>>0x0045(r12),@rr4
6ed76:  53204e4f           push @rr2,<<78>>0x004f
6ed7a:  54205245           ldl rr0,<<82>>0x0045(r2)
6ed7e:  43454956           sub r5,<<73>>0x0056(r4)
6ed82:  45446572           or r4,<<101>>0x0072(r4)
6ed86:  7200               .word #0x7200
6ed88:  2043               ldb rh3,@rr4
6ed8a:  4f4d4d414e44       ext4f #0x4f4d4d41,<<78>>0x0044
6ed90:  2041               ldb rh1,@rr4
6ed92:  424f5254           subb rl7,<<82>>0x0054(r4)
6ed96:  45442046           or r4,<<32>>0x0046(r4)
6ed9a:  4f5220505520       ext4f #0x4f522050,<<85>>0x0020
6eda0:  4e4f54205245       ext4e #0x4e4f5420,<<82>>0x0045
6eda6:  41445900           add r4,<<89>>0x0000(r4)
6edaa:  65727200           set <<114>>0x0000(r7),#2
6edae:  2043               ldb rh3,@rr4
6edb0:  48414e4e           xorb rh1,<<78>>0x004e(r4)
6edb4:  454c2042           or r12,<<32>>0x0042(r4)
6edb8:  55535900           popl <<89>>0x0000(r3),@rr5
6edbc:  65727200           set <<114>>0x0000(r7),#2
6edc0:  2048               ldb rl0,@rr4
6edc2:  41524457           add r2,<<68>>0x0057(r5)
6edc6:  41524520           add r2,<<69>>0x0020(r5)
6edca:  4641554c           andb rh1,<<85>>0x004c(r4)
6edce:  54006572           ldl rr0,<<101>>0x0072
6edd2:  7200               .word #0x7200
6edd4:  2049               ldb rl1,@rr4
6edd6:  4e56414c4944       ext4e #0x4e56414c,<<73>>0x0044
6eddc:  2043               ldb rh3,@rr4
6edde:  4f4d4d414e44       ext4f #0x4f4d4d41,<<78>>0x0044
6ede4:  65727200           set <<114>>0x0000(r7),#2
6ede8:  095c               xor r12,@rr5
6edea:  09a2               xor r2,@rr10
6edec:  09a2               xor r2,@rr10
6edee:  09a2               xor r2,@rr10
6edf0:  09a2               xor r2,@rr10
6edf2:  09a2               xor r2,@rr10
6edf4:  0c7c               .word #0x0c7c
6edf6:  0a24               cpb rh4,@rr2
6edf8:  0aa8               cpb rl0,@rr10
6edfa:  0a24               cpb rh4,@rr2
6edfc:  0aa8               cpb rl0,@rr10
6edfe:  0a24               cpb rh4,@rr2
6ee00:  0aa8               cpb rl0,@rr10
6ee02:  0a24               cpb rh4,@rr2
6ee04:  0b2c               cp r12,@rr2
6ee06:  0bb0               cp r0,@rr11
6ee08:  0aa8               cpb rl0,@rr10
6ee0a:  0b2c               cp r12,@rr2
6ee0c:  0b2c               cp r12,@rr2
6ee0e:  0c34               testb @rr3
6ee10:  0cc4               testb @rr12
6ee12:  0d0c               .word #0x0d0c
6ee14:  0d50               com @rr5
6ee16:  0d94               test @rr9
6ee18:  2049               ldb rl1,@rr4
6ee1a:  4e43484f4552       ext4e #0x4e43484f,<<69>>0x0052
6ee20:  454e5420           or r14,<<84>>0x0020(r4)
6ee24:  53544154           push @rr5,<<65>>0x0054(r4)
6ee28:  55536572           popl <<101>>0x0072(r3),@rr5
6ee2c:  7200               .word #0x7200
6ee2e:  2044               ldb rh4,@rr4
6ee30:  4d414320494e       cp <<67>>0x0020(r4),#0x494e
6ee36:  54455252           ldl rr5,<<82>>0x0052(r4)
6ee3a:  55505420           popl <<84>>0x0020,@rr5
6ee3e:  4e4554574f52       ext4e #0x4e455457,<<79>>0x0052
6ee44:  4b204641           cp r0,<<70>>0x0041(r2)
6ee48:  554c5400           popl <<84>>0x0000(r12),@rr4
6ee4c:  65727200           set <<114>>0x0000(r7),#2
6ee50:  2050               ldb rh0,@rr5
6ee52:  41524954           add r2,<<73>>0x0054(r5)
6ee56:  59204552           mult rr0,<<69>>0x0052(r2)
6ee5a:  524f5220           subl rr15,<<82>>0x0020(r4)
6ee5e:  4e4554574f52       ext4e #0x4e455457,<<79>>0x0052
6ee64:  4b204641           cp r0,<<70>>0x0041(r2)
6ee68:  554c5400           popl <<84>>0x0000(r12),@rr4
6ee6c:  65727200           set <<114>>0x0000(r7),#2
6ee70:  2046               ldb rh6,@rr4
6ee72:  44432049           orb rh3,<<32>>0x0049(r4)
6ee76:  4e5445525255       ext4e #0x4e544552,<<82>>0x0055
6ee7c:  5054204e           cpl rr4,<<32>>0x004e(r5)
6ee80:  4554574f           or r4,<<87>>0x004f(r5)
6ee84:  524b2046           subl rr11,<<32>>0x0046(r4)
6ee88:  41554c54           add r5,<<76>>0x0054(r5)
6ee8c:  65727200           set <<114>>0x0000(r7),#2
6ee90:  2054               ldb rh4,@rr5
6ee92:  494d4552           xor r13,<<69>>0x0052(r4)
6ee96:  2049               ldb rl1,@rr4
6ee98:  4e5445525255       ext4e #0x4e544552,<<82>>0x0055
6ee9e:  5054204e           cpl rr4,<<32>>0x004e(r5)
6eea2:  4554574f           or r4,<<87>>0x004f(r5)
6eea6:  524b2046           subl rr11,<<32>>0x0046(r4)
6eeaa:  41554c54           add r5,<<76>>0x0054(r5)
6eeae:  65727200           set <<114>>0x0000(r7),#2
6eeb2:  2054               ldb rh4,@rr5
6eeb4:  494d452d           xor r13,<<69>>0x002d(r4)
6eeb8:  4f555420494e       ext4f #0x4f555420,<<73>>0x004e
6eebe:  54455252           ldl rr5,<<82>>0x0052(r4)
6eec2:  55505420           popl <<84>>0x0020,@rr5
6eec6:  4e4554574f52       ext4e #0x4e455457,<<79>>0x0052
6eecc:  4b204641           cp r0,<<70>>0x0041(r2)
6eed0:  554c5400           popl <<84>>0x0000(r12),@rr4
6eed4:  65727200           set <<114>>0x0000(r7),#2
6eed8:  2044               ldb rh4,@rr4
6eeda:  4d4120434f4e       cp <<32>>0x0043(r4),#0x4f4e
6eee0:  54524f4c           ldl rr2,<<79>>0x004c(r5)
6eee4:  4c4552204552       ldb <<82>>0x0020(r4),#0x52
6eeea:  524f5200           subl rr15,<<82>>0x0000(r4)
6eeee:  65727200           set <<114>>0x0000(r7),#2
6eef2:  2020               ldb rh0,@rr2
6eef4:  5452414e           ldl rr2,<<65>>0x004e(r5)
6eef8:  53464552           push @rr4,<<69>>0x0052(r6)
6eefc:  204e               ldb rl6,@rr4
6eefe:  4f5420434f52       ext4f #0x4f542043,<<79>>0x0052
6ef04:  52454354           subl rr5,<<67>>0x0054(r4)
6ef08:  65727200           set <<114>>0x0000(r7),#2
6ef0c:  2044               ldb rh4,@rr4
6ef0e:  4d4120434f4e       cp <<32>>0x0043(r4),#0x4f4e
6ef14:  54524f4c           ldl rr2,<<79>>0x004c(r5)
6ef18:  4c4552204552       ldb <<82>>0x0020(r4),#0x52
6ef1e:  524f5200           subl rr15,<<82>>0x0000(r4)
6ef22:  65727200           set <<114>>0x0000(r7),#2
6ef26:  2020               ldb rh0,@rr2
6ef28:  5452414e           ldl rr2,<<65>>0x004e(r5)
6ef2c:  53464552           push @rr4,<<69>>0x0052(r6)
6ef30:  204e               ldb rl6,@rr4
6ef32:  4f5420544552       ext4f #0x4f542054,<<69>>0x0052
6ef38:  4d49               .word #0x4d49
6ef3a:  4e4154456572       ext4e #0x4e415445,<<101>>0x0072
6ef40:  7200               .word #0x7200
6ef42:  2044               ldb rh4,@rr4
6ef44:  4d4120434f4e       cp <<32>>0x0043(r4),#0x4f4e
6ef4a:  54524f4c           ldl rr2,<<79>>0x004c(r5)
6ef4e:  4c4552204552       ldb <<82>>0x0020(r4),#0x52
6ef54:  524f5200           subl rr15,<<82>>0x0000(r4)
6ef58:  65727200           set <<114>>0x0000(r7),#2
6ef5c:  2020               ldb rh0,@rr2
6ef5e:  4348414e           sub r8,<<65>>0x004e(r4)
6ef62:  4e454c203220       ext4e #0x4e454c20,<<50>>0x0020
6ef68:  4641554c           andb rh1,<<85>>0x004c(r4)
6ef6c:  54006572           ldl rr0,<<101>>0x0072
6ef70:  7200               .word #0x7200
6ef72:  2044               ldb rh4,@rr4
6ef74:  4d4120434f4e       cp <<32>>0x0043(r4),#0x4f4e
6ef7a:  54524f4c           ldl rr2,<<79>>0x004c(r5)
6ef7e:  4c4552204552       ldb <<82>>0x0020(r4),#0x52
6ef84:  524f5200           subl rr15,<<82>>0x0000(r4)
6ef88:  65727200           set <<114>>0x0000(r7),#2
6ef8c:  2020               ldb rh0,@rr2
6ef8e:  4348414e           sub r8,<<65>>0x004e(r4)
6ef92:  4e454c203120       ext4e #0x4e454c20,<<49>>0x0020
6ef98:  4641554c           andb rh1,<<85>>0x004c(r4)
6ef9c:  54006572           ldl rr0,<<101>>0x0072
6efa0:  7200               .word #0x7200
6efa2:  2044               ldb rh4,@rr4
6efa4:  4d4120434f4e       cp <<32>>0x0043(r4),#0x4f4e
6efaa:  54524f4c           ldl rr2,<<79>>0x004c(r5)
6efae:  4c4552204552       ldb <<82>>0x0020(r4),#0x52
6efb4:  524f5200           subl rr15,<<82>>0x0000(r4)
6efb8:  65727200           set <<114>>0x0000(r7),#2
6efbc:  2020               ldb rh0,@rr2
6efbe:  4348414e           sub r8,<<65>>0x004e(r4)
6efc2:  4e454c203020       ext4e #0x4e454c20,<<48>>0x0020
6efc8:  4641554c           andb rh1,<<85>>0x004c(r4)
6efcc:  54006572           ldl rr0,<<101>>0x0072
6efd0:  7200               .word #0x7200
6efd2:  2054               ldb rh4,@rr5
6efd4:  494d4552           xor r13,<<69>>0x0052(r4)
6efd8:  2045               ldb rh5,@rr4
6efda:  52524f52           subl rr2,<<79>>0x0052(r5)
6efde:  65727200           set <<114>>0x0000(r7),#2
6efe2:  2054               ldb rh4,@rr5
6efe4:  494d4552           xor r13,<<69>>0x0052(r4)
6efe8:  2045               ldb rh5,@rr4
6efea:  52524f52           subl rr2,<<79>>0x0052(r5)
6efee:  65727200           set <<114>>0x0000(r7),#2
6eff2:  2049               ldb rl1,@rr4
6eff4:  4e4f50204445       ext4e #0x4e4f5020,<<68>>0x0045
6effa:  54454354           ldl rr5,<<67>>0x0054(r4)
6effe:  4544204f           or r4,<<32>>0x004f(r4)
6f002:  4e20554e4954       ext4e #0x4e20554e,<<73>>0x0054
6f008:  20006572           ldb rh0,#0x72
6f00c:  7200               .word #0x7200
6f00e:  0fc60ffe           ext0f #0x0fc60ffe
6f012:  1036               cpl rr6,@rr3
6f014:  106e               cpl rr14,@rr6
6f016:  0fbe0fbe           ext0f #0x0fbe0fbe
6f01a:  0fbe0fbe           ext0f #0x0fbe0fbe
6f01e:  10a2               cpl rr2,@rr10
6f020:  10d6               cpl rr6,@rr13
6f022:  110a               .word #0x110a
6f024:  113e               pushl @rr3,@rr14
6f026:  2049               ldb rl1,@rr4
6f028:  4e4f50204445       ext4e #0x4e4f5020,<<68>>0x0045
6f02e:  54454354           ldl rr5,<<67>>0x0054(r4)
6f032:  45446572           or r4,<<101>>0x0072(r4)
6f036:  7200               .word #0x7200
6f038:  2049               ldb rl1,@rr4
6f03a:  4e43484f4552       ext4e #0x4e43484f,<<69>>0x0052
6f040:  454e5420           or r14,<<84>>0x0020(r4)
6f044:  53544154           push @rr5,<<65>>0x0054(r4)
6f048:  55536572           popl <<101>>0x0072(r3),@rr5
6f04c:  7200               .word #0x7200
6f04e:  2050               ldb rh0,@rr5
6f050:  55204e4f           popl <<78>>0x004f,@rr2
6f054:  54205245           ldl rr0,<<82>>0x0045(r2)
6f058:  41445900           add r4,<<89>>0x0000(r4)
6f05c:  65727200           set <<114>>0x0000(r7),#2
6f060:  2046               ldb rh6,@rr4
6f062:  44432043           orb rh3,<<32>>0x0043(r4)
6f066:  48415241           xorb rh1,<<82>>0x0041(r4)
6f06a:  43544552           sub r4,<<69>>0x0052(r5)
6f06e:  2045               ldb rh5,@rr4
6f070:  58434841           multl rq3,<<72>>0x0041(r4)
6f074:  4e4745204552       ext4e #0x4e474520,<<69>>0x0052
6f07a:  524f5200           subl rr15,<<82>>0x0000(r4)
6f07e:  65727200           set <<114>>0x0000(r7),#2
6f082:  2049               ldb rl1,@rr4
6f084:  4e43484f4552       ext4e #0x4e43484f,<<69>>0x0052
6f08a:  454e5420           or r14,<<84>>0x0020(r4)
6f08e:  53544154           push @rr5,<<65>>0x0054(r4)
6f092:  55536572           popl <<101>>0x0072(r3),@rr5
6f096:  7200               .word #0x7200
6f098:  2050               ldb rh0,@rr5
6f09a:  55204142           popl <<65>>0x0042,@rr2
6f09e:  53454e54           push @rr4,<<78>>0x0054(r5)
6f0a2:  65727200           set <<114>>0x0000(r7),#2
6f0a6:  2050               ldb rh0,@rr5
6f0a8:  55204e4f           popl <<78>>0x004f,@rr2
6f0ac:  54205245           ldl rr0,<<82>>0x0045(r2)
6f0b0:  41445900           add r4,<<89>>0x0000(r4)
6f0b4:  65727200           set <<114>>0x0000(r7),#2
6f0b8:  2046               ldb rh6,@rr4
6f0ba:  44432043           orb rh3,<<32>>0x0043(r4)
6f0be:  48415241           xorb rh1,<<82>>0x0041(r4)
6f0c2:  43544552           sub r4,<<69>>0x0052(r5)
6f0c6:  2045               ldb rh5,@rr4
6f0c8:  58434841           multl rq3,<<72>>0x0041(r4)
6f0cc:  4e4745204552       ext4e #0x4e474520,<<69>>0x0052
6f0d2:  524f5200           subl rr15,<<82>>0x0000(r4)
6f0d6:  65727200           set <<114>>0x0000(r7),#2
6f0da:  1788               pop @rr8,@rr8
6f0dc:  1788               pop @rr8,@rr8
6f0de:  1788               pop @rr8,@rr8
6f0e0:  1788               pop @rr8,@rr8
6f0e2:  1788               pop @rr8,@rr8
6f0e4:  1788               pop @rr8,@rr8
6f0e6:  1788               pop @rr8,@rr8
6f0e8:  1788               pop @rr8,@rr8
6f0ea:  1782               pop @rr2,@rr8
6f0ec:  1782               pop @rr2,@rr8
6f0ee:  17d0               pop @rr0,@rr13
6f0f0:  18aa               multl rq10,@rr10
6f0f2:  1984               mult rr4,@rr8
6f0f4:  1a5c               divl rq12,@rr5
6f0f6:  1a7a               divl rq10,@rr7
6f0f8:  1ab4               divl rq4,@rr11
6f0fa:  1b88               div rr8,@rr8
6f0fc:  1a5c               divl rq12,@rr5
6f0fe:  1a5c               divl rq12,@rr5
6f100:  1bcc               div rr12,@rr12
6f102:  1c0e               .word #0x1c0e
6f104:  2049               ldb rl1,@rr4
6f106:  4e43484f4552       ext4e #0x4e43484f,<<69>>0x0052
6f10c:  454e5420           or r14,<<84>>0x0020(r4)
6f110:  53544154           push @rr5,<<65>>0x0054(r4)
6f114:  55536572           popl <<101>>0x0072(r3),@rr5
6f118:  7200               .word #0x7200
6f11a:  2050               ldb rh0,@rr5
6f11c:  55204e4f           popl <<78>>0x004f,@rr2
6f120:  54205245           ldl rr0,<<82>>0x0045(r2)
6f124:  41445900           add r4,<<89>>0x0000(r4)
6f128:  65727200           set <<114>>0x0000(r7),#2
6f12c:  2057               ldb rh7,@rr5
6f12e:  52495445           subl rr9,<<84>>0x0045(r4)
6f132:  2050               ldb rh0,@rr5
6f134:  524f5445           subl rr15,<<84>>0x0045(r4)
6f138:  43542044           sub r4,<<32>>0x0044(r5)
6f13c:  49534b00           xor r3,<<75>>0x0000(r5)
6f140:  65727200           set <<114>>0x0000(r7),#2
6f144:  2020               ldb rh0,@rr2
6f146:  2d2d               ex r13,@rr2
6f148:  2020               ldb rh0,@rr2
6f14a:  53454354           push @rr4,<<67>>0x0054(r5)
6f14e:  3a202020           inirb @rr2,@r2,r0
6f152:  43594c3a           sub r9,<<76>>0x003a(r5)
6f156:  20006572           ldb rh0,#0x72
6f15a:  7200               .word #0x7200
6f15c:  2057               ldb rh7,@rr5
6f15e:  524f4e47           subl rr15,<<78>>0x0047(r4)
6f162:  2053               ldb rh3,@rr5
6f164:  4543544f           or r3,<<84>>0x004f(r4)
6f168:  52006572           subl rr0,<<101>>0x0072
6f16c:  7200               .word #0x7200
6f16e:  2020               ldb rh0,@rr2
6f170:  2d2d               ex r13,@rr2
6f172:  2020               ldb rh0,@rr2
6f174:  53454354           push @rr4,<<67>>0x0054(r5)
6f178:  3a202020           inirb @rr2,@r2,r0
6f17c:  43594c3a           sub r9,<<76>>0x003a(r5)
6f180:  20006572           ldb rh0,#0x72
6f184:  7200               .word #0x7200
6f186:  2044               ldb rh4,@rr4
6f188:  4d41204f5645       cp <<32>>0x004f(r4),#0x5645
6f18e:  5252554e           subl rr2,<<85>>0x004e(r5)
6f192:  65727200           set <<114>>0x0000(r7),#2
6f196:  2020               ldb rh0,@rr2
6f198:  2d2d               ex r13,@rr2
6f19a:  2020               ldb rh0,@rr2
6f19c:  53454354           push @rr4,<<67>>0x0054(r5)
6f1a0:  3a202020           inirb @rr2,@r2,r0
6f1a4:  43594c3a           sub r9,<<76>>0x003a(r5)
6f1a8:  20006572           ldb rh0,#0x72
6f1ac:  7200               .word #0x7200
6f1ae:  2045               ldb rh5,@rr4
6f1b0:  44432045           orb rh3,<<32>>0x0045(r4)
6f1b4:  52524f52           subl rr2,<<79>>0x0052(r5)
6f1b8:  204f               ldb rl7,@rr4
6f1ba:  4e2049442046       ext4e #0x4e204944,<<32>>0x0046
6f1c0:  49454c44           xor r5,<<76>>0x0044(r4)
6f1c4:  65727200           set <<114>>0x0000(r7),#2
6f1c8:  2020               ldb rh0,@rr2
6f1ca:  2d2d               ex r13,@rr2
6f1cc:  2020               ldb rh0,@rr2
6f1ce:  53454354           push @rr4,<<67>>0x0054(r5)
6f1d2:  3a202020           inirb @rr2,@r2,r0
6f1d6:  43594c3a           sub r9,<<76>>0x003a(r5)
6f1da:  20006572           ldb rh0,#0x72
6f1de:  7200               .word #0x7200
6f1e0:  2045               ldb rh5,@rr4
6f1e2:  44432045           orb rh3,<<32>>0x0045(r4)
6f1e6:  52524f52           subl rr2,<<79>>0x0052(r5)
6f1ea:  204f               ldb rl7,@rr4
6f1ec:  4e2044415441       ext4e #0x4e204441,<<84>>0x0041
6f1f2:  2046               ldb rh6,@rr4
6f1f4:  49454c44           xor r5,<<76>>0x0044(r4)
6f1f8:  65727200           set <<114>>0x0000(r7),#2
6f1fc:  2046               ldb rh6,@rr4
6f1fe:  44432043           orb rh3,<<32>>0x0043(r4)
6f202:  48415241           xorb rh1,<<82>>0x0041(r4)
6f206:  43544552           sub r4,<<69>>0x0052(r5)
6f20a:  2045               ldb rh5,@rr4
6f20c:  58434841           multl rq3,<<72>>0x0041(r4)
6f210:  4e4745204552       ext4e #0x4e474520,<<69>>0x0052
6f216:  524f5200           subl rr15,<<82>>0x0000(r4)
6f21a:  65727200           set <<114>>0x0000(r7),#2
6f21e:  2049               ldb rl1,@rr4
6f220:  4e43484f4552       ext4e #0x4e43484f,<<69>>0x0052
6f226:  454e5420           or r14,<<84>>0x0020(r4)
6f22a:  53544154           push @rr5,<<65>>0x0054(r4)
6f22e:  55536572           popl <<101>>0x0072(r3),@rr5
6f232:  7200               .word #0x7200
6f234:  2042               ldb rh2,@rr4
6f236:  59544520           mult rr4,<<69>>0x0020(r5)
6f23a:  5452414e           ldl rr2,<<65>>0x004e(r5)
6f23e:  53464552           push @rr4,<<69>>0x0052(r6)
6f242:  52454420           subl rr5,<<68>>0x0020(r4)
6f246:  494e5354           xor r14,<<83>>0x0054(r4)
6f24a:  45414420           or r1,<<68>>0x0020(r4)
6f24e:  4f4620006572       ext4f #0x4f462000,<<101>>0x0072
6f254:  7200               .word #0x7200
6f256:  2044               ldb rh4,@rr4
6f258:  4d4120545241       cp <<32>>0x0054(r4),#0x5241
6f25e:  4e5346455220       ext4e #0x4e534645,<<82>>0x0020
6f264:  4e4f5420434f       ext4e #0x4e4f5420,<<67>>0x004f
6f26a:  4d504c45           com <<76>>0x0045(r5)
6f26e:  54454400           ldl rr5,<<68>>0x0000(r4)
6f272:  65727200           set <<114>>0x0000(r7),#2
6f276:  2049               ldb rl1,@rr4
6f278:  4e43484f4552       ext4e #0x4e43484f,<<69>>0x0052
6f27e:  454e5420           or r14,<<84>>0x0020(r4)
6f282:  53544154           push @rr5,<<65>>0x0054(r4)
6f286:  55536572           popl <<101>>0x0072(r3),@rr5
6f28a:  7200               .word #0x7200
6f28c:  204d               ldb rl5,@rr4
6f28e:  4f544f522049       ext4f #0x4f544f52,<<32>>0x0049
6f294:  474e4954           and r14,<<73>>0x0054(r4)
6f298:  494f4e20           xor r15,<<78>>0x0020(r4)
6f29c:  4641554c           andb rh1,<<85>>0x004c(r4)
6f2a0:  54006572           ldl rr0,<<101>>0x0072
6f2a4:  7200               .word #0x7200
6f2a6:  2050               ldb rh0,@rr5
6f2a8:  55204e4f           popl <<78>>0x004f,@rr2
6f2ac:  54205245           ldl rr0,<<82>>0x0045(r2)
6f2b0:  41445900           add r4,<<89>>0x0000(r4)
6f2b4:  65727200           set <<114>>0x0000(r7),#2
6f2b8:  2049               ldb rl1,@rr4
6f2ba:  4e43484f4552       ext4e #0x4e43484f,<<69>>0x0052
6f2c0:  454e5420           or r14,<<84>>0x0020(r4)
6f2c4:  53544154           push @rr5,<<65>>0x0054(r4)
6f2c8:  55536572           popl <<101>>0x0072(r3),@rr5
6f2cc:  7200               .word #0x7200
6f2ce:  2046               ldb rh6,@rr4
6f2d0:  44432043           orb rh3,<<32>>0x0043(r4)
6f2d4:  48415241           xorb rh1,<<82>>0x0041(r4)
6f2d8:  43544552           sub r4,<<69>>0x0052(r5)
6f2dc:  2045               ldb rh5,@rr4
6f2de:  58434841           multl rq3,<<72>>0x0041(r4)
6f2e2:  4e4745204552       ext4e #0x4e474520,<<69>>0x0052
6f2e8:  524f5200           subl rr15,<<82>>0x0000(r4)
6f2ec:  65727200           set <<114>>0x0000(r7),#2
6f2f0:  2049               ldb rl1,@rr4
6f2f2:  4e4f50204445       ext4e #0x4e4f5020,<<68>>0x0045
6f2f8:  54454354           ldl rr5,<<67>>0x0054(r4)
6f2fc:  45446572           or r4,<<101>>0x0072(r4)
6f300:  7200               .word #0x7200
6f302:  2049               ldb rl1,@rr4
6f304:  4e43484f4552       ext4e #0x4e43484f,<<69>>0x0052
6f30a:  454e5420           or r14,<<84>>0x0020(r4)
6f30e:  53544154           push @rr5,<<65>>0x0054(r4)
6f312:  55536572           popl <<101>>0x0072(r3),@rr5
6f316:  7200               .word #0x7200
6f318:  2049               ldb rl1,@rr4
6f31a:  4e43484f4552       ext4e #0x4e43484f,<<69>>0x0052
6f320:  454e5420           or r14,<<84>>0x0020(r4)
6f324:  53544154           push @rr5,<<65>>0x0054(r4)
6f328:  55536572           popl <<101>>0x0072(r3),@rr5
6f32c:  7200               .word #0x7200
6f32e:  2043               ldb rh3,@rr4
6f330:  4f4d4d414e44       ext4f #0x4f4d4d41,<<78>>0x0044
6f336:  2041               ldb rh1,@rr4
6f338:  424f5254           subb rl7,<<82>>0x0054(r4)
6f33c:  45442043           or r4,<<32>>0x0043(r4)
6f340:  41555345           add r5,<<83>>0x0045(r5)
6f344:  2054               ldb rh4,@rr5
6f346:  494d452d           xor r13,<<69>>0x002d(r4)
6f34a:  4f5554006572       ext4f #0x4f555400,<<101>>0x0072
6f350:  7200               .word #0x7200
6f352:  2049               ldb rl1,@rr4
6f354:  4e43484f4552       ext4e #0x4e43484f,<<69>>0x0052
6f35a:  454e5420           or r14,<<84>>0x0020(r4)
6f35e:  53544154           push @rr5,<<65>>0x0054(r4)
6f362:  55536572           popl <<101>>0x0072(r3),@rr5
6f366:  7200               .word #0x7200
6f368:  2043               ldb rh3,@rr4
6f36a:  4f4d4d414e44       ext4f #0x4f4d4d41,<<78>>0x0044
6f370:  2041               ldb rh1,@rr4
6f372:  424f5254           subb rl7,<<82>>0x0054(r4)
6f376:  45442043           or r4,<<32>>0x0043(r4)
6f37a:  41555345           add r5,<<83>>0x0045(r5)
6f37e:  2054               ldb rh4,@rr5
6f380:  494d452d           xor r13,<<69>>0x002d(r4)
6f384:  4f5554006572       ext4f #0x4f555400,<<101>>0x0072
6f38a:  7200               .word #0x7200
6f38c:  696e7465           inc <<116>>0x0065(r6),#15
6f390:  72727570           ldb rr7(r5),rh2
6f394:  74206e6f           lda rr0,rr2(r14)
6f398:  74206469           lda rr0,rr2(r4)
6f39c:  7361626c           ld rr6(r2),r1
6f3a0:  65642121           set <<33>>0x0021(r6),#4
6f3a4:  2121               ld r1,@rr2
6f3a6:  00000000           addb rh0,#0x00
6f3aa:  00002020           addb rh0,#0x20
6f3ae:  2020               ldb rh0,@rr2
6f3b0:  726f7574           ldb rr6(r5),rl7
6f3b4:  5f74               .word #0x5f74
6f3b6:  696d7374           inc <<115>>0x0074(r6),#14
6f3ba:  6172743a           ld r2,<<116>>0x003a(r7)
6f3be:  2030               ldb rh0,@rr3
6f3c0:  31202020           ld r0,rr2(#0x2020)
6f3c4:  2072               ldb rh2,@rr7
6f3c6:  6f75745f           ld <<116>>0x005f(r7),r5
6f3ca:  74696d73           lda rr9,rr6(r13)
6f3ce:  74617274           lda rr1,rr6(r2)
6f3d2:  3a203032           inirb @rr3,@r2,r0
6f3d6:  2020               ldb rh0,@rr2
6f3d8:  2020               ldb rh0,@rr2
6f3da:  726f7574           ldb rr6(r5),rl7
6f3de:  5f74               .word #0x5f74
6f3e0:  696d6c65           inc <<108>>0x0065(r6),#14
6f3e4:  6767693a           bit <<105>>0x003a(r6),#7
6f3e8:  2030               ldb rh0,@rr3
6f3ea:  31000181           ldr r0,0xf56f
6f3ee:  100001010000       cpl rr0,#0x01010000
6f3f4:  00000015           addb rh0,#0x15
6f3f8:  00000000           addb rh0,#0x00
6f3fc:  00000000           addb rh0,#0x00
6f400:  00000000           addb rh0,#0x00
6f404:  00000000           addb rh0,#0x00
6f408:  00000000           addb rh0,#0x00
6f40c:  00000000           addb rh0,#0x00
6f410:  00000000           addb rh0,#0x00
6f414:  00000000           addb rh0,#0x00
6f418:  00000000           addb rh0,#0x00
6f41c:  00000000           addb rh0,#0x00
6f420:  00000000           addb rh0,#0x00
6f424:  00000000           addb rh0,#0x00
6f428:  00000000           addb rh0,#0x00
6f42c:  00000000           addb rh0,#0x00
6f430:  00000000           addb rh0,#0x00
6f434:  00000000           addb rh0,#0x00
6f438:  00000000           addb rh0,#0x00
6f43c:  00000000           addb rh0,#0x00
6f440:  00000000           addb rh0,#0x00
6f444:  00000000           addb rh0,#0x00
6f448:  00000000           addb rh0,#0x00
6f44c:  00000000           addb rh0,#0x00
6f450:  00000000           addb rh0,#0x00
6f454:  00000000           addb rh0,#0x00
6f458:  00000000           addb rh0,#0x00
6f45c:  00000000           addb rh0,#0x00
6f460:  00000000           addb rh0,#0x00
6f464:  00000000           addb rh0,#0x00
6f468:  00000000           addb rh0,#0x00
6f46c:  00000000           addb rh0,#0x00
6f470:  00000000           addb rh0,#0x00
6f474:  00000000           addb rh0,#0x00
6f478:  00000000           addb rh0,#0x00
6f47c:  00000000           addb rh0,#0x00
6f480:  00000000           addb rh0,#0x00
6f484:  00000000           addb rh0,#0x00
6f488:  00000000           addb rh0,#0x00
6f48c:  00000000           addb rh0,#0x00
6f490:  00000000           addb rh0,#0x00
6f494:  00000000           addb rh0,#0x00
6f498:  00000000           addb rh0,#0x00
6f49c:  00000000           addb rh0,#0x00
6f4a0:  00000000           addb rh0,#0x00
6f4a4:  00000000           addb rh0,#0x00
6f4a8:  00000000           addb rh0,#0x00
6f4ac:  00000000           addb rh0,#0x00
6f4b0:  00000000           addb rh0,#0x00
6f4b4:  00000000           addb rh0,#0x00
6f4b8:  00000000           addb rh0,#0x00
6f4bc:  00000000           addb rh0,#0x00
6f4c0:  00000000           addb rh0,#0x00
6f4c4:  00000000           addb rh0,#0x00
6f4c8:  00000000           addb rh0,#0x00
6f4cc:  00000000           addb rh0,#0x00
6f4d0:  00000000           addb rh0,#0x00
6f4d4:  00000000           addb rh0,#0x00
6f4d8:  00000000           addb rh0,#0x00
6f4dc:  00000000           addb rh0,#0x00
6f4e0:  00000000           addb rh0,#0x00
6f4e4:  00000000           addb rh0,#0x00
6f4e8:  00000000           addb rh0,#0x00
6f4ec:  00000000           addb rh0,#0x00
6f4f0:  00000000           addb rh0,#0x00
6f4f4:  00000000           addb rh0,#0x00
6f4f8:  00000000           addb rh0,#0x00
6f4fc:  00000000           addb rh0,#0x00
6f500:  00000000           addb rh0,#0x00
6f504:  00000000           addb rh0,#0x00
6f508:  00000000           addb rh0,#0x00
6f50c:  00000000           addb rh0,#0x00
6f510:  00000000           addb rh0,#0x00
6f514:  00000000           addb rh0,#0x00
6f518:  00000000           addb rh0,#0x00
6f51c:  00000000           addb rh0,#0x00
6f520:  00000000           addb rh0,#0x00
6f524:  00000000           addb rh0,#0x00
6f528:  00000000           addb rh0,#0x00
6f52c:  00000000           addb rh0,#0x00
6f530:  00000000           addb rh0,#0x00
6f534:  00000000           addb rh0,#0x00
6f538:  00000000           addb rh0,#0x00
6f53c:  00000000           addb rh0,#0x00
6f540:  00000000           addb rh0,#0x00
6f544:  00000000           addb rh0,#0x00
6f548:  00000000           addb rh0,#0x00
6f54c:  00000000           addb rh0,#0x00
6f550:  00000000           addb rh0,#0x00
6f554:  00000000           addb rh0,#0x00
6f558:  00000000           addb rh0,#0x00
6f55c:  00000000           addb rh0,#0x00
6f560:  00000000           addb rh0,#0x00
6f564:  00000000           addb rh0,#0x00
6f568:  00000000           addb rh0,#0x00
6f56c:  00000000           addb rh0,#0x00
6f570:  00000000           addb rh0,#0x00
6f574:  00000000           addb rh0,#0x00
6f578:  00000000           addb rh0,#0x00
6f57c:  00000000           addb rh0,#0x00
6f580:  00000000           addb rh0,#0x00
6f584:  00000000           addb rh0,#0x00
6f588:  00000000           addb rh0,#0x00
6f58c:  00000000           addb rh0,#0x00
6f590:  00000000           addb rh0,#0x00
6f594:  00000000           addb rh0,#0x00
6f598:  00000000           addb rh0,#0x00
6f59c:  00000000           addb rh0,#0x00
6f5a0:  00000000           addb rh0,#0x00
6f5a4:  00000000           addb rh0,#0x00
6f5a8:  00000000           addb rh0,#0x00
6f5ac:  00000000           addb rh0,#0x00
6f5b0:  00000000           addb rh0,#0x00
6f5b4:  00000000           addb rh0,#0x00
6f5b8:  00000000           addb rh0,#0x00
6f5bc:  00000000           addb rh0,#0x00
6f5c0:  00000000           addb rh0,#0x00
6f5c4:  00000000           addb rh0,#0x00
6f5c8:  00000000           addb rh0,#0x00
6f5cc:  00000000           addb rh0,#0x00
6f5d0:  00000000           addb rh0,#0x00
6f5d4:  00000000           addb rh0,#0x00
6f5d8:  00000000           addb rh0,#0x00
6f5dc:  00000000           addb rh0,#0x00
6f5e0:  00000000           addb rh0,#0x00
6f5e4:  00000000           addb rh0,#0x00
6f5e8:  00000000           addb rh0,#0x00
6f5ec:  00000000           addb rh0,#0x00
6f5f0:  00000000           addb rh0,#0x00
6f5f4:  00000000           addb rh0,#0x00
6f5f8:  00000000           addb rh0,#0x00
6f5fc:  00000000           addb rh0,#0x00
6f600:  00000000           addb rh0,#0x00
6f604:  00000000           addb rh0,#0x00
6f608:  00000000           addb rh0,#0x00
6f60c:  00000000           addb rh0,#0x00
6f610:  00000000           addb rh0,#0x00
6f614:  00000000           addb rh0,#0x00
6f618:  00000000           addb rh0,#0x00
6f61c:  00000000           addb rh0,#0x00
6f620:  00000000           addb rh0,#0x00
6f624:  00000000           addb rh0,#0x00
6f628:  00000000           addb rh0,#0x00
6f62c:  00000000           addb rh0,#0x00
6f630:  00000000           addb rh0,#0x00
6f634:  00000000           addb rh0,#0x00
6f638:  00000000           addb rh0,#0x00
6f63c:  00000000           addb rh0,#0x00
6f640:  00000000           addb rh0,#0x00
6f644:  00000000           addb rh0,#0x00
6f648:  00000000           addb rh0,#0x00
6f64c:  00000000           addb rh0,#0x00
6f650:  00000000           addb rh0,#0x00
6f654:  00000000           addb rh0,#0x00
6f658:  00000000           addb rh0,#0x00
6f65c:  00000000           addb rh0,#0x00
6f660:  00000000           addb rh0,#0x00
6f664:  00000000           addb rh0,#0x00
6f668:  00000000           addb rh0,#0x00
6f66c:  00000000           addb rh0,#0x00
6f670:  00000000           addb rh0,#0x00
6f674:  00000000           addb rh0,#0x00
6f678:  00000000           addb rh0,#0x00
6f67c:  00000000           addb rh0,#0x00
6f680:  00000000           addb rh0,#0x00
6f684:  00000000           addb rh0,#0x00
6f688:  00000000           addb rh0,#0x00
6f68c:  00000000           addb rh0,#0x00
6f690:  00000000           addb rh0,#0x00
6f694:  00000000           addb rh0,#0x00
6f698:  00000000           addb rh0,#0x00
6f69c:  00000000           addb rh0,#0x00
6f6a0:  00000000           addb rh0,#0x00
6f6a4:  00000000           addb rh0,#0x00
6f6a8:  00000000           addb rh0,#0x00
6f6ac:  00000000           addb rh0,#0x00
6f6b0:  00000000           addb rh0,#0x00
6f6b4:  00000000           addb rh0,#0x00
6f6b8:  00000000           addb rh0,#0x00
6f6bc:  00000000           addb rh0,#0x00
6f6c0:  00000000           addb rh0,#0x00
6f6c4:  00000000           addb rh0,#0x00
6f6c8:  00000000           addb rh0,#0x00
6f6cc:  00000000           addb rh0,#0x00
6f6d0:  00000000           addb rh0,#0x00
6f6d4:  00000000           addb rh0,#0x00
6f6d8:  00000000           addb rh0,#0x00
6f6dc:  00000000           addb rh0,#0x00
6f6e0:  00000000           addb rh0,#0x00
6f6e4:  00000000           addb rh0,#0x00
6f6e8:  00000000           addb rh0,#0x00
6f6ec:  00000000           addb rh0,#0x00
6f6f0:  00000000           addb rh0,#0x00
6f6f4:  00000000           addb rh0,#0x00
6f6f8:  00000000           addb rh0,#0x00
6f6fc:  00000000           addb rh0,#0x00
6f700:  00000000           addb rh0,#0x00
6f704:  00000000           addb rh0,#0x00
6f708:  00000000           addb rh0,#0x00
6f70c:  00000000           addb rh0,#0x00
6f710:  00000000           addb rh0,#0x00
6f714:  00000000           addb rh0,#0x00
6f718:  00000000           addb rh0,#0x00
6f71c:  00000000           addb rh0,#0x00
6f720:  00000000           addb rh0,#0x00
6f724:  00000000           addb rh0,#0x00
6f728:  00000000           addb rh0,#0x00
6f72c:  00000000           addb rh0,#0x00
6f730:  00000000           addb rh0,#0x00
6f734:  00000000           addb rh0,#0x00
6f738:  00000000           addb rh0,#0x00
6f73c:  00000000           addb rh0,#0x00
6f740:  00000000           addb rh0,#0x00
6f744:  00000000           addb rh0,#0x00
6f748:  00000000           addb rh0,#0x00
6f74c:  00000000           addb rh0,#0x00
6f750:  00000000           addb rh0,#0x00
6f754:  00000000           addb rh0,#0x00
6f758:  00000000           addb rh0,#0x00
6f75c:  00000000           addb rh0,#0x00
6f760:  00000000           addb rh0,#0x00
6f764:  00000000           addb rh0,#0x00
6f768:  00000000           addb rh0,#0x00
6f76c:  00000000           addb rh0,#0x00
6f770:  00000000           addb rh0,#0x00
6f774:  00000000           addb rh0,#0x00
6f778:  00000000           addb rh0,#0x00
6f77c:  00000000           addb rh0,#0x00
6f780:  00000000           addb rh0,#0x00
6f784:  00000000           addb rh0,#0x00
6f788:  00000000           addb rh0,#0x00
6f78c:  00000000           addb rh0,#0x00
6f790:  00000000           addb rh0,#0x00
6f794:  00000000           addb rh0,#0x00
6f798:  00000000           addb rh0,#0x00
6f79c:  00000000           addb rh0,#0x00
6f7a0:  00000000           addb rh0,#0x00
6f7a4:  00000000           addb rh0,#0x00
6f7a8:  00000000           addb rh0,#0x00
6f7ac:  00000000           addb rh0,#0x00
6f7b0:  00000000           addb rh0,#0x00
6f7b4:  00000000           addb rh0,#0x00
6f7b8:  00000000           addb rh0,#0x00
6f7bc:  00000000           addb rh0,#0x00
6f7c0:  00000000           addb rh0,#0x00
6f7c4:  00000000           addb rh0,#0x00
6f7c8:  00000000           addb rh0,#0x00
6f7cc:  00000000           addb rh0,#0x00
6f7d0:  00000000           addb rh0,#0x00
6f7d4:  00000000           addb rh0,#0x00
6f7d8:  00000000           addb rh0,#0x00
6f7dc:  00000000           addb rh0,#0x00
6f7e0:  00000000           addb rh0,#0x00
6f7e4:  00000000           addb rh0,#0x00
6f7e8:  00000000           addb rh0,#0x00
6f7ec:  00000000           addb rh0,#0x00
6f7f0:  00000000           addb rh0,#0x00
6f7f4:  00000000           addb rh0,#0x00
6f7f8:  00000000           addb rh0,#0x00
6f7fc:  00000000           addb rh0,#0x00
6f800:  00000000           addb rh0,#0x00
6f804:  00000000           addb rh0,#0x00
6f808:  00000000           addb rh0,#0x00
6f80c:  00000000           addb rh0,#0x00
6f810:  00000000           addb rh0,#0x00
6f814:  00000000           addb rh0,#0x00
6f818:  00000000           addb rh0,#0x00
6f81c:  00000000           addb rh0,#0x00
6f820:  00000000           addb rh0,#0x00
6f824:  00000000           addb rh0,#0x00
6f828:  00000000           addb rh0,#0x00
6f82c:  00000000           addb rh0,#0x00
6f830:  00000000           addb rh0,#0x00
6f834:  00000000           addb rh0,#0x00
6f838:  00000000           addb rh0,#0x00
6f83c:  00000000           addb rh0,#0x00
6f840:  00000000           addb rh0,#0x00
6f844:  00000000           addb rh0,#0x00
6f848:  00000000           addb rh0,#0x00
6f84c:  00000000           addb rh0,#0x00
6f850:  00000000           addb rh0,#0x00
6f854:  00000000           addb rh0,#0x00
6f858:  00000000           addb rh0,#0x00
6f85c:  00000000           addb rh0,#0x00
6f860:  00000000           addb rh0,#0x00
6f864:  00000000           addb rh0,#0x00
6f868:  00000000           addb rh0,#0x00
6f86c:  00000000           addb rh0,#0x00
6f870:  00000000           addb rh0,#0x00
6f874:  00000000           addb rh0,#0x00
6f878:  00000000           addb rh0,#0x00
6f87c:  00000000           addb rh0,#0x00
6f880:  00000000           addb rh0,#0x00
6f884:  00000000           addb rh0,#0x00
6f888:  00000000           addb rh0,#0x00
6f88c:  00000000           addb rh0,#0x00
6f890:  00000000           addb rh0,#0x00
6f894:  00000000           addb rh0,#0x00
6f898:  00000000           addb rh0,#0x00
6f89c:  00000000           addb rh0,#0x00
6f8a0:  00000000           addb rh0,#0x00
6f8a4:  00000000           addb rh0,#0x00
6f8a8:  00000000           addb rh0,#0x00
6f8ac:  00000000           addb rh0,#0x00
6f8b0:  00000000           addb rh0,#0x00
6f8b4:  00000000           addb rh0,#0x00
6f8b8:  00000000           addb rh0,#0x00
6f8bc:  00000000           addb rh0,#0x00
6f8c0:  00000000           addb rh0,#0x00
6f8c4:  00000000           addb rh0,#0x00
6f8c8:  00000000           addb rh0,#0x00
6f8cc:  00000000           addb rh0,#0x00
6f8d0:  00000000           addb rh0,#0x00
6f8d4:  00000000           addb rh0,#0x00
6f8d8:  00000000           addb rh0,#0x00
6f8dc:  00000000           addb rh0,#0x00
6f8e0:  00000000           addb rh0,#0x00
6f8e4:  00000000           addb rh0,#0x00
6f8e8:  00000000           addb rh0,#0x00
6f8ec:  00000000           addb rh0,#0x00
6f8f0:  00000000           addb rh0,#0x00
6f8f4:  00000000           addb rh0,#0x00
6f8f8:  00000000           addb rh0,#0x00
6f8fc:  00000000           addb rh0,#0x00
6f900:  00000000           addb rh0,#0x00
6f904:  00000000           addb rh0,#0x00
6f908:  00000000           addb rh0,#0x00
6f90c:  00000000           addb rh0,#0x00
6f910:  00000000           addb rh0,#0x00
6f914:  00000000           addb rh0,#0x00
6f918:  00000000           addb rh0,#0x00
6f91c:  00000000           addb rh0,#0x00
6f920:  00000000           addb rh0,#0x00
6f924:  00000000           addb rh0,#0x00
6f928:  00000000           addb rh0,#0x00
6f92c:  00000000           addb rh0,#0x00
6f930:  00000000           addb rh0,#0x00
6f934:  00000000           addb rh0,#0x00
6f938:  00000000           addb rh0,#0x00
6f93c:  00000000           addb rh0,#0x00
6f940:  00000000           addb rh0,#0x00
6f944:  00000000           addb rh0,#0x00
6f948:  00000000           addb rh0,#0x00
6f94c:  00000000           addb rh0,#0x00
6f950:  00000000           addb rh0,#0x00
6f954:  00000000           addb rh0,#0x00
6f958:  00000000           addb rh0,#0x00
6f95c:  00000000           addb rh0,#0x00
6f960:  00000000           addb rh0,#0x00
6f964:  00000000           addb rh0,#0x00
6f968:  00000000           addb rh0,#0x00
6f96c:  00000000           addb rh0,#0x00
6f970:  00000000           addb rh0,#0x00
6f974:  00000000           addb rh0,#0x00
6f978:  00000000           addb rh0,#0x00
6f97c:  00000000           addb rh0,#0x00
6f980:  00000000           addb rh0,#0x00
6f984:  00000000           addb rh0,#0x00
6f988:  00000000           addb rh0,#0x00
6f98c:  00000000           addb rh0,#0x00
6f990:  00000000           addb rh0,#0x00
6f994:  00000000           addb rh0,#0x00
6f998:  00000000           addb rh0,#0x00
6f99c:  00000000           addb rh0,#0x00
6f9a0:  00000000           addb rh0,#0x00
6f9a4:  00000000           addb rh0,#0x00
6f9a8:  00000000           addb rh0,#0x00
6f9ac:  00000000           addb rh0,#0x00
6f9b0:  00000000           addb rh0,#0x00
6f9b4:  00000000           addb rh0,#0x00
6f9b8:  00000000           addb rh0,#0x00
6f9bc:  00000000           addb rh0,#0x00
6f9c0:  00000000           addb rh0,#0x00
6f9c4:  00000000           addb rh0,#0x00
6f9c8:  00000000           addb rh0,#0x00
6f9cc:  00000000           addb rh0,#0x00
6f9d0:  00000000           addb rh0,#0x00
6f9d4:  00000000           addb rh0,#0x00
6f9d8:  00000000           addb rh0,#0x00
6f9dc:  00000000           addb rh0,#0x00
6f9e0:  00000000           addb rh0,#0x00
6f9e4:  00000000           addb rh0,#0x00
6f9e8:  00000000           addb rh0,#0x00
6f9ec:  00000000           addb rh0,#0x00
6f9f0:  00000000           addb rh0,#0x00
6f9f4:  00000000           addb rh0,#0x00
6f9f8:  00000000           addb rh0,#0x00
6f9fc:  00000000           addb rh0,#0x00
6fa00:  00000000           addb rh0,#0x00
6fa04:  00000000           addb rh0,#0x00
6fa08:  00000000           addb rh0,#0x00
6fa0c:  00000000           addb rh0,#0x00
6fa10:  00000000           addb rh0,#0x00
6fa14:  00000000           addb rh0,#0x00
6fa18:  00000000           addb rh0,#0x00
6fa1c:  00000000           addb rh0,#0x00
6fa20:  00000000           addb rh0,#0x00
6fa24:  00000000           addb rh0,#0x00
6fa28:  00000000           addb rh0,#0x00
6fa2c:  00000000           addb rh0,#0x00
6fa30:  00000000           addb rh0,#0x00
6fa34:  00000000           addb rh0,#0x00
6fa38:  00000000           addb rh0,#0x00
6fa3c:  00000000           addb rh0,#0x00
6fa40:  00000000           addb rh0,#0x00
6fa44:  00000000           addb rh0,#0x00
6fa48:  00000000           addb rh0,#0x00
6fa4c:  00000000           addb rh0,#0x00
6fa50:  00000000           addb rh0,#0x00
6fa54:  00000000           addb rh0,#0x00
6fa58:  00000000           addb rh0,#0x00
6fa5c:  00000000           addb rh0,#0x00
6fa60:  00000000           addb rh0,#0x00
6fa64:  00000000           addb rh0,#0x00
6fa68:  00000000           addb rh0,#0x00
6fa6c:  00000000           addb rh0,#0x00
6fa70:  00000000           addb rh0,#0x00
6fa74:  00000000           addb rh0,#0x00
6fa78:  00000000           addb rh0,#0x00
6fa7c:  00000000           addb rh0,#0x00
6fa80:  00000000           addb rh0,#0x00
6fa84:  00000000           addb rh0,#0x00
6fa88:  00000000           addb rh0,#0x00
6fa8c:  00000000           addb rh0,#0x00
6fa90:  00000000           addb rh0,#0x00
6fa94:  00000000           addb rh0,#0x00
6fa98:  00000000           addb rh0,#0x00
6fa9c:  00000000           addb rh0,#0x00
6faa0:  00000000           addb rh0,#0x00
6faa4:  00000000           addb rh0,#0x00
6faa8:  00000000           addb rh0,#0x00
6faac:  00000000           addb rh0,#0x00
6fab0:  00000000           addb rh0,#0x00
6fab4:  00000000           addb rh0,#0x00
6fab8:  00000000           addb rh0,#0x00
6fabc:  00000000           addb rh0,#0x00
6fac0:  00000000           addb rh0,#0x00
6fac4:  00000000           addb rh0,#0x00
6fac8:  00000000           addb rh0,#0x00
6facc:  00000000           addb rh0,#0x00
6fad0:  00000000           addb rh0,#0x00
6fad4:  00000000           addb rh0,#0x00
6fad8:  00000000           addb rh0,#0x00
6fadc:  00000000           addb rh0,#0x00
6fae0:  00000000           addb rh0,#0x00
6fae4:  00000000           addb rh0,#0x00
6fae8:  00000000           addb rh0,#0x00
6faec:  00000000           addb rh0,#0x00
6faf0:  00000000           addb rh0,#0x00
6faf4:  00000000           addb rh0,#0x00
6faf8:  00000000           addb rh0,#0x00
6fafc:  00000000           addb rh0,#0x00
6fb00:  00000000           addb rh0,#0x00
6fb04:  00000000           addb rh0,#0x00
6fb08:  00000000           addb rh0,#0x00
6fb0c:  00000000           addb rh0,#0x00
6fb10:  00000000           addb rh0,#0x00
6fb14:  00000000           addb rh0,#0x00
6fb18:  00000000           addb rh0,#0x00
6fb1c:  00000000           addb rh0,#0x00
6fb20:  00000000           addb rh0,#0x00
6fb24:  00000000           addb rh0,#0x00
6fb28:  00000000           addb rh0,#0x00
6fb2c:  00000000           addb rh0,#0x00
6fb30:  00000000           addb rh0,#0x00
6fb34:  00000000           addb rh0,#0x00
6fb38:  00000000           addb rh0,#0x00
6fb3c:  00000000           addb rh0,#0x00
6fb40:  00000000           addb rh0,#0x00
6fb44:  00000000           addb rh0,#0x00
6fb48:  00000000           addb rh0,#0x00
6fb4c:  00000000           addb rh0,#0x00
6fb50:  00000000           addb rh0,#0x00
6fb54:  00000000           addb rh0,#0x00
6fb58:  00000000           addb rh0,#0x00
6fb5c:  00000000           addb rh0,#0x00
6fb60:  00000000           addb rh0,#0x00
6fb64:  00000000           addb rh0,#0x00
6fb68:  00000000           addb rh0,#0x00
6fb6c:  00000000           addb rh0,#0x00
6fb70:  00000000           addb rh0,#0x00
6fb74:  00000000           addb rh0,#0x00
6fb78:  00000000           addb rh0,#0x00
6fb7c:  00000000           addb rh0,#0x00
6fb80:  00000000           addb rh0,#0x00
6fb84:  00000000           addb rh0,#0x00
6fb88:  00000000           addb rh0,#0x00
6fb8c:  00000000           addb rh0,#0x00
6fb90:  00000000           addb rh0,#0x00
6fb94:  00000000           addb rh0,#0x00
6fb98:  00000000           addb rh0,#0x00
6fb9c:  00000000           addb rh0,#0x00
6fba0:  00000000           addb rh0,#0x00
6fba4:  00000000           addb rh0,#0x00
6fba8:  00000000           addb rh0,#0x00
6fbac:  00000000           addb rh0,#0x00
6fbb0:  00000000           addb rh0,#0x00
6fbb4:  00000000           addb rh0,#0x00
6fbb8:  00000000           addb rh0,#0x00
6fbbc:  00000000           addb rh0,#0x00
6fbc0:  00000000           addb rh0,#0x00
6fbc4:  00000000           addb rh0,#0x00
6fbc8:  00000000           addb rh0,#0x00
6fbcc:  00000000           addb rh0,#0x00
6fbd0:  00000000           addb rh0,#0x00
6fbd4:  00000000           addb rh0,#0x00
6fbd8:  00000000           addb rh0,#0x00
6fbdc:  00000000           addb rh0,#0x00
6fbe0:  00000000           addb rh0,#0x00
6fbe4:  00000000           addb rh0,#0x00
6fbe8:  00000000           addb rh0,#0x00
6fbec:  00000000           addb rh0,#0x00
6fbf0:  00000000           addb rh0,#0x00
6fbf4:  00000000           addb rh0,#0x00
6fbf8:  00000000           addb rh0,#0x00
6fbfc:  00000000           addb rh0,#0x00
6fc00:  00000000           addb rh0,#0x00
6fc04:  00000000           addb rh0,#0x00
6fc08:  00000000           addb rh0,#0x00
6fc0c:  00000000           addb rh0,#0x00
6fc10:  00000000           addb rh0,#0x00
6fc14:  00000000           addb rh0,#0x00
6fc18:  00000000           addb rh0,#0x00
6fc1c:  00000000           addb rh0,#0x00
6fc20:  00006d66           addb rh0,#0x66
6fc24:  696f725f           inc <<114>>0x005f(r6),#16
6fc28:  636f6e74           res <<110>>0x0074(r6),#15
6fc2c:  72696e69           ldb rr6(r14),rl1
6fc30:  747e5757           lda rr14,rr7(r7)
6fc34:  503b6d66           cpl rr11,<<109>>0x0066(r3)
6fc38:  696f725f           inc <<114>>0x005f(r6),#16
6fc3c:  66646372           bitb <<99>>0x0072(r6),#4
6fc40:  65736574           set <<101>>0x0074(r7),#3
6fc44:  7e57               .word #0x7e57
6fc46:  503b6d66           cpl rr11,<<109>>0x0066(r3)
6fc4a:  696f725f           inc <<114>>0x005f(r6),#16
6fc4e:  686f6d65           incb <<109>>0x0065(r6),#16
6fc52:  73656e64           ld rr6(r14),r5
6fc56:  7e57               .word #0x7e57
6fc58:  57503b6d           pop <<59>>0x006d,@rr5
6fc5c:  66696f72           bitb <<111>>0x0072(r6),#9
6fc60:  5f68               .word #0x5f68
6fc62:  6f6d6565           ld <<101>>0x0065(r6),r13
6fc66:  6e647e57           ldb <<126>>0x0057(r6),rh4
6fc6a:  503b6d66           cpl rr11,<<109>>0x0066(r3)
6fc6e:  696f725f           inc <<114>>0x005f(r6),#16
6fc72:  7269646d           ldb rr6(r4),rl1
6fc76:  6664667e           bitb <<102>>0x007e(r6),#4
6fc7a:  5757503b           pop <<80>>0x003b(r7),@rr5
6fc7e:  6d66696f           ex r6,<<105>>0x006f(r6)
6fc82:  725f7269           ldb rr5(r2),rl7
6fc86:  646d666d           setb <<102>>0x006d(r6),#13
6fc8a:  666d7e57           bitb <<126>>0x0057(r6),#13
6fc8e:  57503b6d           pop <<59>>0x006d,@rr5
6fc92:  66696f72           bitb <<111>>0x0072(r6),#9
6fc96:  5f73               .word #0x5f73
6fc98:  65656b73           set <<107>>0x0073(r6),#5
6fc9c:  656e647e           set <<100>>0x007e(r6),#14
6fca0:  57575750           pop <<87>>0x0050(r7),@rr5
6fca4:  3b6d               .word #0x3b6d
6fca6:  66696f72           bitb <<111>>0x0072(r6),#9
6fcaa:  5f73               .word #0x5f73
6fcac:  65656b65           set <<107>>0x0065(r6),#5
6fcb0:  6e647e57           ldb <<126>>0x0057(r6),rh4
6fcb4:  503b6d66           cpl rr11,<<109>>0x0066(r3)
6fcb8:  696f725f           inc <<114>>0x005f(r6),#16
6fcbc:  66737464           bitb <<116>>0x0064(r7),#3
6fcc0:  656e647e           set <<100>>0x007e(r6),#14
6fcc4:  57503b6d           pop <<59>>0x006d,@rr5
6fcc8:  66696f72           bitb <<111>>0x0072(r6),#9
6fccc:  5f6d               .word #0x5f6d
6fcce:  66737464           bitb <<116>>0x0064(r7),#3
6fcd2:  656e647e           set <<100>>0x007e(r6),#14
6fcd6:  57503b6d           pop <<59>>0x006d,@rr5
6fcda:  66696f72           bitb <<111>>0x0072(r6),#9
6fcde:  5f72               .word #0x5f72
6fce0:  6d666466           ex r6,<<100>>0x0066(r6)
6fce4:  3132387e           ld r2,rr3(#0x387e)
6fce8:  57575757           pop <<87>>0x0057(r7),@rr5
6fcec:  503b6d66           cpl rr11,<<109>>0x0066(r3)
6fcf0:  696f725f           inc <<114>>0x005f(r6),#16
6fcf4:  726d6664           ldb rr6(r6),rl5
6fcf8:  66323536           bitb <<53>>0x0036(r3),#2
6fcfc:  7e57               .word #0x7e57
6fcfe:  57575750           pop <<87>>0x0050(r7),@rr5
6fd02:  3b6d               .word #0x3b6d
6fd04:  66696f72           bitb <<111>>0x0072(r6),#9
6fd08:  5f72               .word #0x5f72
6fd0a:  6d666d66           ex r6,<<109>>0x0066(r6)
6fd0e:  6d7e5757           ex r14,<<87>>0x0057(r7)
6fd12:  5757503b           pop <<80>>0x003b(r7),@rr5
6fd16:  6d66696f           ex r6,<<105>>0x006f(r6)
6fd1a:  725f7266           ldb rr5(r2),rl7
6fd1e:  64663132           setb <<49>>0x0032(r6),#6
6fd22:  387e               .word #0x387e
6fd24:  57575757           pop <<87>>0x0057(r7),@rr5
6fd28:  503b6d66           cpl rr11,<<109>>0x0066(r3)
6fd2c:  696f725f           inc <<114>>0x005f(r6),#16
6fd30:  72666466           ldb rr6(r4),rh6
6fd34:  3235367e           ldb rr3(#0x367e),rh5
6fd38:  57575757           pop <<87>>0x0057(r7),@rr5
6fd3c:  503b6d66           cpl rr11,<<109>>0x0066(r3)
6fd40:  696f725f           inc <<114>>0x005f(r6),#16
6fd44:  72666d66           ldb rr6(r13),rh6
6fd48:  6d7e5757           ex r14,<<87>>0x0057(r7)
6fd4c:  5757503b           pop <<80>>0x003b(r7),@rr5
6fd50:  6d66696f           ex r6,<<105>>0x006f(r6)
6fd54:  725f7273           ldb rr5(r2),rl7
6fd58:  6d666466           ex r6,<<100>>0x0066(r6)
6fd5c:  3132387e           ld r2,rr3(#0x387e)
6fd60:  57575757           pop <<87>>0x0057(r7),@rr5
6fd64:  503b6d66           cpl rr11,<<109>>0x0066(r3)
6fd68:  696f725f           inc <<114>>0x005f(r6),#16
6fd6c:  72736d66           ldb rr7(r13),rh3
6fd70:  64663235           setb <<50>>0x0035(r6),#6
6fd74:  367e               .word #0x367e
6fd76:  57575757           pop <<87>>0x0057(r7),@rr5
6fd7a:  503b6d66           cpl rr11,<<109>>0x0066(r3)
6fd7e:  696f725f           inc <<114>>0x005f(r6),#16
6fd82:  72736d66           ldb rr7(r13),rh3
6fd86:  6d666d7e           ex r6,<<109>>0x007e(r6)
6fd8a:  57575757           pop <<87>>0x0057(r7),@rr5
6fd8e:  503b6d66           cpl rr11,<<109>>0x0066(r3)
6fd92:  696f725f           inc <<114>>0x005f(r6),#16
6fd96:  72736664           ldb rr7(r6),rh3
6fd9a:  66313238           bitb <<50>>0x0038(r3),#1
6fd9e:  7e57               .word #0x7e57
6fda0:  57575750           pop <<87>>0x0050(r7),@rr5
6fda4:  3b6d               .word #0x3b6d
6fda6:  66696f72           bitb <<111>>0x0072(r6),#9
6fdaa:  5f72               .word #0x5f72
6fdac:  73666466           ld rr6(r4),r6
6fdb0:  3235367e           ldb rr3(#0x367e),rh5
6fdb4:  57575757           pop <<87>>0x0057(r7),@rr5
6fdb8:  503b6d66           cpl rr11,<<109>>0x0066(r3)
6fdbc:  696f725f           inc <<114>>0x005f(r6),#16
6fdc0:  7273666d           ldb rr7(r6),rh3
6fdc4:  666d7e57           bitb <<126>>0x0057(r6),#13
6fdc8:  57575750           pop <<87>>0x0050(r7),@rr5
6fdcc:  3b6d               .word #0x3b6d
6fdce:  66696f72           bitb <<111>>0x0072(r6),#9
6fdd2:  5f72               .word #0x5f72
6fdd4:  646d6664           setb <<102>>0x0064(r6),#13
6fdd8:  66313238           bitb <<50>>0x0038(r3),#1
6fddc:  7e57               .word #0x7e57
6fdde:  57575750           pop <<87>>0x0050(r7),@rr5
6fde2:  3b6d               .word #0x3b6d
6fde4:  66696f72           bitb <<111>>0x0072(r6),#9
6fde8:  5f72               .word #0x5f72
6fdea:  646d6664           setb <<102>>0x0064(r6),#13
6fdee:  66323536           bitb <<53>>0x0036(r3),#2
6fdf2:  7e57               .word #0x7e57
6fdf4:  57575750           pop <<87>>0x0050(r7),@rr5
6fdf8:  3b6d               .word #0x3b6d
6fdfa:  66696f72           bitb <<111>>0x0072(r6),#9
6fdfe:  5f72               .word #0x5f72
6fe00:  646d666d           setb <<102>>0x006d(r6),#13
6fe04:  666d7e57           bitb <<126>>0x0057(r6),#13
6fe08:  57575750           pop <<87>>0x0050(r7),@rr5
6fe0c:  3b6d               .word #0x3b6d
6fe0e:  66696f72           bitb <<111>>0x0072(r6),#9
6fe12:  5f72               .word #0x5f72
6fe14:  64666466           setb <<100>>0x0066(r6),#6
6fe18:  3132387e           ld r2,rr3(#0x387e)
6fe1c:  57575757           pop <<87>>0x0057(r7),@rr5
6fe20:  503b6d66           cpl rr11,<<109>>0x0066(r3)
6fe24:  696f725f           inc <<114>>0x005f(r6),#16
6fe28:  72646664           ldb rr6(r6),rh4
6fe2c:  66323536           bitb <<53>>0x0036(r3),#2
6fe30:  7e57               .word #0x7e57
6fe32:  57575750           pop <<87>>0x0050(r7),@rr5
6fe36:  3b6d               .word #0x3b6d
6fe38:  66696f72           bitb <<111>>0x0072(r6),#9
6fe3c:  5f72               .word #0x5f72
6fe3e:  64666d66           setb <<109>>0x0066(r6),#6
6fe42:  6d7e5757           ex r14,<<87>>0x0057(r7)
6fe46:  5757503b           pop <<80>>0x003b(r7),@rr5
6fe4a:  6d66696f           ex r6,<<105>>0x006f(r6)
6fe4e:  725f7273           ldb rr5(r2),rl7
6fe52:  646d6664           setb <<102>>0x0064(r6),#13
6fe56:  66313238           bitb <<50>>0x0038(r3),#1
6fe5a:  7e57               .word #0x7e57
6fe5c:  57575750           pop <<87>>0x0050(r7),@rr5
6fe60:  3b6d               .word #0x3b6d
6fe62:  66696f72           bitb <<111>>0x0072(r6),#9
6fe66:  5f72               .word #0x5f72
6fe68:  73646d66           ld rr6(r13),r4
6fe6c:  64663235           setb <<50>>0x0035(r6),#6
6fe70:  367e               .word #0x367e
6fe72:  57575757           pop <<87>>0x0057(r7),@rr5
6fe76:  503b6d66           cpl rr11,<<109>>0x0066(r3)
6fe7a:  696f725f           inc <<114>>0x005f(r6),#16
6fe7e:  7273646d           ldb rr7(r4),rh3
6fe82:  666d666d           bitb <<102>>0x006d(r6),#13
6fe86:  7e57               .word #0x7e57
6fe88:  57575750           pop <<87>>0x0050(r7),@rr5
6fe8c:  3b6d               .word #0x3b6d
6fe8e:  66696f72           bitb <<111>>0x0072(r6),#9
6fe92:  5f72               .word #0x5f72
6fe94:  73646664           ld rr6(r6),r4
6fe98:  66313238           bitb <<50>>0x0038(r3),#1
6fe9c:  7e57               .word #0x7e57
6fe9e:  57575750           pop <<87>>0x0050(r7),@rr5
6fea2:  3b6d               .word #0x3b6d
6fea4:  66696f72           bitb <<111>>0x0072(r6),#9
6fea8:  5f72               .word #0x5f72
6feaa:  73646664           ld rr6(r6),r4
6feae:  66323536           bitb <<53>>0x0036(r3),#2
6feb2:  7e57               .word #0x7e57
6feb4:  57575750           pop <<87>>0x0050(r7),@rr5
6feb8:  3b6d               .word #0x3b6d
6feba:  66696f72           bitb <<111>>0x0072(r6),#9
6febe:  5f72               .word #0x5f72
6fec0:  7364666d           ld rr6(r6),r4
6fec4:  666d7e57           bitb <<126>>0x0057(r6),#13
6fec8:  57575750           pop <<87>>0x0050(r7),@rr5
6fecc:  3b6d               .word #0x3b6d
6fece:  66696f72           bitb <<111>>0x0072(r6),#9
6fed2:  5f72               .word #0x5f72
6fed4:  746d6664           lda rr13,rr6(r6)
6fed8:  66313238           bitb <<50>>0x0038(r3),#1
6fedc:  7e57               .word #0x7e57
6fede:  57575750           pop <<87>>0x0050(r7),@rr5
6fee2:  3b6d               .word #0x3b6d
6fee4:  66696f72           bitb <<111>>0x0072(r6),#9
6fee8:  5f72               .word #0x5f72
6feea:  746d6664           lda rr13,rr6(r6)
6feee:  66323536           bitb <<53>>0x0036(r3),#2
6fef2:  7e57               .word #0x7e57
6fef4:  57575750           pop <<87>>0x0050(r7),@rr5
6fef8:  3b6d               .word #0x3b6d
6fefa:  66696f72           bitb <<111>>0x0072(r6),#9
6fefe:  5f72               .word #0x5f72
6ff00:  746d666d           lda rr13,rr6(r6)
6ff04:  666d7e57           bitb <<126>>0x0057(r6),#13
6ff08:  57575750           pop <<87>>0x0050(r7),@rr5
6ff0c:  3b6d               .word #0x3b6d
6ff0e:  66696f72           bitb <<111>>0x0072(r6),#9
6ff12:  5f72               .word #0x5f72
6ff14:  74666466           lda rr6,rr6(r4)
6ff18:  3132387e           ld r2,rr3(#0x387e)
6ff1c:  57575757           pop <<87>>0x0057(r7),@rr5
6ff20:  503b6d66           cpl rr11,<<109>>0x0066(r3)
6ff24:  696f725f           inc <<114>>0x005f(r6),#16
6ff28:  72746664           ldb rr7(r6),rh4
6ff2c:  66323536           bitb <<53>>0x0036(r3),#2
6ff30:  7e57               .word #0x7e57
6ff32:  57575750           pop <<87>>0x0050(r7),@rr5
6ff36:  3b6d               .word #0x3b6d
6ff38:  66696f72           bitb <<111>>0x0072(r6),#9
6ff3c:  5f72               .word #0x5f72
6ff3e:  74666d66           lda rr6,rr6(r13)
6ff42:  6d7e5757           ex r14,<<87>>0x0057(r7)
6ff46:  5757503b           pop <<80>>0x003b(r7),@rr5
6ff4a:  6d66696f           ex r6,<<105>>0x006f(r6)
6ff4e:  725f766d           ldb rr5(r6),rl7
6ff52:  66646631           bitb <<102>>0x0031(r6),#4
6ff56:  32387e57           ldb rr3(#0x7e57),rl0
6ff5a:  57575750           pop <<87>>0x0050(r7),@rr5
6ff5e:  3b6d               .word #0x3b6d
6ff60:  66696f72           bitb <<111>>0x0072(r6),#9
6ff64:  5f76               .word #0x5f76
6ff66:  6d666466           ex r6,<<100>>0x0066(r6)
6ff6a:  3235367e           ldb rr3(#0x367e),rh5
6ff6e:  57575757           pop <<87>>0x0057(r7),@rr5
6ff72:  503b6d66           cpl rr11,<<109>>0x0066(r3)
6ff76:  696f725f           inc <<114>>0x005f(r6),#16
6ff7a:  766d666d           lda rr13,<<102>>0x006d(r6)
6ff7e:  666d7e57           bitb <<126>>0x0057(r6),#13
6ff82:  57575750           pop <<87>>0x0050(r7),@rr5
6ff86:  3b6d               .word #0x3b6d
6ff88:  66696f72           bitb <<111>>0x0072(r6),#9
6ff8c:  5f76               .word #0x5f76
6ff8e:  66646631           bitb <<102>>0x0031(r6),#4
6ff92:  32387e57           ldb rr3(#0x7e57),rl0
6ff96:  57575750           pop <<87>>0x0050(r7),@rr5
6ff9a:  3b6d               .word #0x3b6d
6ff9c:  66696f72           bitb <<111>>0x0072(r6),#9
6ffa0:  5f76               .word #0x5f76
6ffa2:  66646632           bitb <<102>>0x0032(r6),#4
6ffa6:  35367e57           ldl rr6,rr3(#0x7e57)
6ffaa:  57575750           pop <<87>>0x0050(r7),@rr5
6ffae:  3b6d               .word #0x3b6d
6ffb0:  66696f72           bitb <<111>>0x0072(r6),#9
6ffb4:  5f76               .word #0x5f76
6ffb6:  666d666d           bitb <<102>>0x006d(r6),#13
6ffba:  7e57               .word #0x7e57
6ffbc:  57575750           pop <<87>>0x0050(r7),@rr5
6ffc0:  3b6d               .word #0x3b6d
6ffc2:  66696f72           bitb <<111>>0x0072(r6),#9
6ffc6:  5f77               .word #0x5f77
6ffc8:  6d666466           ex r6,<<100>>0x0066(r6)
6ffcc:  3132387e           ld r2,rr3(#0x387e)
6ffd0:  57575757           pop <<87>>0x0057(r7),@rr5
6ffd4:  503b6d66           cpl rr11,<<109>>0x0066(r3)
6ffd8:  696f725f           inc <<114>>0x005f(r6),#16
6ffdc:  776d6664           ldl rr6(r6),rr13
6ffe0:  66323536           bitb <<53>>0x0036(r3),#2
6ffe4:  7e57               .word #0x7e57
6ffe6:  57575750           pop <<87>>0x0050(r7),@rr5
6ffea:  3b6d               .word #0x3b6d
6ffec:  66696f72           bitb <<111>>0x0072(r6),#9
6fff0:  5f77               .word #0x5f77
6fff2:  6d666d66           ex r6,<<109>>0x0066(r6)
6fff6:  6d7e5757           ex r14,<<87>>0x0057(r7)
6fffa:  5757503b           pop <<80>>0x003b(r7),@rr5
6fffe:  6d66696f           ex r6,<<105>>0x006f(r6)
70002:  725f7766           ldb rr5(r7),rl7
70006:  64663132           setb <<49>>0x0032(r6),#6
7000a:  387e               .word #0x387e
7000c:  57575757           pop <<87>>0x0057(r7),@rr5
70010:  503b6d66           cpl rr11,<<109>>0x0066(r3)
70014:  696f725f           inc <<114>>0x005f(r6),#16
70018:  77666466           ldl rr6(r4),rr6
7001c:  3235367e           ldb rr3(#0x367e),rh5
70020:  57575757           pop <<87>>0x0057(r7),@rr5
70024:  503b6d66           cpl rr11,<<109>>0x0066(r3)
70028:  696f725f           inc <<114>>0x005f(r6),#16
7002c:  77666d66           ldl rr6(r13),rr6
70030:  6d7e5757           ex r14,<<87>>0x0057(r7)
70034:  5757503b           pop <<80>>0x003b(r7),@rr5
70038:  6d66696f           ex r6,<<105>>0x006f(r6)
7003c:  725f7764           ldb rr5(r7),rl7
70040:  6d666466           ex r6,<<100>>0x0066(r6)
70044:  3132387e           ld r2,rr3(#0x387e)
70048:  57575757           pop <<87>>0x0057(r7),@rr5
7004c:  503b6d66           cpl rr11,<<109>>0x0066(r3)
70050:  696f725f           inc <<114>>0x005f(r6),#16
70054:  77646d66           ldl rr6(r13),rr4
70058:  64663235           setb <<50>>0x0035(r6),#6
7005c:  367e               .word #0x367e
7005e:  57575757           pop <<87>>0x0057(r7),@rr5
70062:  503b6d66           cpl rr11,<<109>>0x0066(r3)
70066:  696f725f           inc <<114>>0x005f(r6),#16
7006a:  77646d66           ldl rr6(r13),rr4
7006e:  6d666d7e           ex r6,<<109>>0x007e(r6)
70072:  57575757           pop <<87>>0x0057(r7),@rr5
70076:  503b6d66           cpl rr11,<<109>>0x0066(r3)
7007a:  696f725f           inc <<114>>0x005f(r6),#16
7007e:  77646664           ldl rr6(r6),rr4
70082:  66313238           bitb <<50>>0x0038(r3),#1
70086:  7e57               .word #0x7e57
70088:  57575750           pop <<87>>0x0050(r7),@rr5
7008c:  3b6d               .word #0x3b6d
7008e:  66696f72           bitb <<111>>0x0072(r6),#9
70092:  5f77               .word #0x5f77
70094:  64666466           setb <<100>>0x0066(r6),#6
70098:  3235367e           ldb rr3(#0x367e),rh5
7009c:  57575757           pop <<87>>0x0057(r7),@rr5
700a0:  503b6d66           cpl rr11,<<109>>0x0066(r3)
700a4:  696f725f           inc <<114>>0x005f(r6),#16
700a8:  7764666d           ldl rr6(r6),rr4
700ac:  666d7e57           bitb <<126>>0x0057(r6),#13
700b0:  57575750           pop <<87>>0x0050(r7),@rr5
700b4:  3b6d               .word #0x3b6d
700b6:  66696f72           bitb <<111>>0x0072(r6),#9
700ba:  5f66               .word #0x5f66
700bc:  6d666466           ex r6,<<100>>0x0066(r6)
700c0:  3132387e           ld r2,rr3(#0x387e)
700c4:  57575757           pop <<87>>0x0057(r7),@rr5
700c8:  503b6d66           cpl rr11,<<109>>0x0066(r3)
700cc:  696f725f           inc <<114>>0x005f(r6),#16
700d0:  666d6664           bitb <<102>>0x0064(r6),#13
700d4:  66323536           bitb <<53>>0x0036(r3),#2
700d8:  7e57               .word #0x7e57
700da:  57575750           pop <<87>>0x0050(r7),@rr5
700de:  3b6d               .word #0x3b6d
700e0:  66696f72           bitb <<111>>0x0072(r6),#9
700e4:  5f66               .word #0x5f66
700e6:  6d666d66           ex r6,<<109>>0x0066(r6)
700ea:  6d7e5757           ex r14,<<87>>0x0057(r7)
700ee:  5757503b           pop <<80>>0x003b(r7),@rr5
700f2:  6d66696f           ex r6,<<105>>0x006f(r6)
700f6:  725f6666           ldb rr5(r6),rl7
700fa:  64663132           setb <<49>>0x0032(r6),#6
700fe:  387e               .word #0x387e
70100:  57575757           pop <<87>>0x0057(r7),@rr5
70104:  503b6d66           cpl rr11,<<109>>0x0066(r3)
70108:  696f725f           inc <<114>>0x005f(r6),#16
7010c:  66666466           bitb <<100>>0x0066(r6),#6
70110:  3235367e           ldb rr3(#0x367e),rh5
70114:  57575757           pop <<87>>0x0057(r7),@rr5
70118:  503b6d66           cpl rr11,<<109>>0x0066(r3)
7011c:  696f725f           inc <<114>>0x005f(r6),#16
70120:  66666d66           bitb <<109>>0x0066(r6),#6
70124:  6d7e5757           ex r14,<<87>>0x0057(r7)
70128:  5757503b           pop <<80>>0x003b(r7),@rr5
7012c:  6d66696f           ex r6,<<105>>0x006f(r6)
70130:  725f646d           ldb rr5(r4),rl7
70134:  61656e64           ld r5,<<110>>0x0064(r6)
70138:  7e57               .word #0x7e57
7013a:  503b6d66           cpl rr11,<<109>>0x0066(r3)
7013e:  696f725f           inc <<114>>0x005f(r6),#16
70142:  646d6173           setb <<97>>0x0073(r6),#13
70146:  656e647e           set <<100>>0x007e(r6),#14
7014a:  57574c3b           pop <<76>>0x003b(r7),@rr5
7014e:  6d66696f           ex r6,<<105>>0x006f(r6)
70152:  725f7469           ldb rr5(r4),rl7
70156:  6d657273           ex r5,<<114>>0x0073(r6)
7015a:  656e647e           set <<100>>0x007e(r6),#14
7015e:  5757573b           pop <<87>>0x003b(r7),@rr5
70162:  6d66696f           ex r6,<<105>>0x006f(r6)
70166:  725f7469           ldb rr5(r4),rl7
7016a:  6d657265           ex r5,<<114>>0x0065(r6)
7016e:  6e647e57           ldb <<126>>0x0057(r6),rh4
70172:  57503b6d           pop <<59>>0x006d,@rr5
70176:  66696f72           bitb <<111>>0x0072(r6),#9
7017a:  5f69               .word #0x5f69
7017c:  6e747264           ldb <<114>>0x0064(r7),rh4
70180:  69736162           inc <<97>>0x0062(r7),#4
70184:  7e57               .word #0x7e57
70186:  503b6d66           cpl rr11,<<109>>0x0066(r3)
7018a:  696f725f           inc <<114>>0x005f(r6),#16
7018e:  696e7472           inc <<116>>0x0072(r6),#15
70192:  656e6162           set <<97>>0x0062(r6),#14
70196:  7e57               .word #0x7e57
70198:  503b6d66           cpl rr11,<<109>>0x0066(r3)
7019c:  696f725f           inc <<114>>0x005f(r6),#16
701a0:  696e7472           inc <<116>>0x0072(r6),#15
701a4:  74797065           lda rr9,rr7(r0)
701a8:  7e57               .word #0x7e57
701aa:  503b6d66           cpl rr11,<<109>>0x0066(r3)
701ae:  696f725f           inc <<114>>0x005f(r6),#16
701b2:  6d6f746f           ex r15,<<116>>0x006f(r6)
701b6:  72656e64           ldb rr6(r14),rh5
701ba:  7e57               .word #0x7e57
701bc:  503b6d66           cpl rr11,<<109>>0x0066(r3)
701c0:  696f725f           inc <<114>>0x005f(r6),#16
701c4:  6d6f746f           ex r15,<<116>>0x006f(r6)
701c8:  7273656e           ldb rr7(r5),rh3
701cc:  647e5757           setb <<87>>0x0057(r7),#14
701d0:  503b6d66           cpl rr11,<<109>>0x0066(r3)
701d4:  696f725f           inc <<114>>0x005f(r6),#16
701d8:  6d6f746f           ex r15,<<116>>0x006f(r6)
701dc:  7273746f           ldb rr7(r4),rh3
701e0:  707e5750           ldb rl6,rr7(r7)
701e4:  3b6d               .word #0x3b6d
701e6:  66696f72           bitb <<111>>0x0072(r6),#9
701ea:  5f63               .word #0x5f63
701ec:  6f6e7472           ld <<116>>0x0072(r6),r14
701f0:  74797065           lda rr9,rr7(r0)
701f4:  7e57               .word #0x7e57
701f6:  503b6d66           cpl rr11,<<109>>0x0066(r3)
701fa:  696f725f           inc <<114>>0x005f(r6),#16
701fe:  64726976           setb <<105>>0x0076(r7),#2
70202:  73747365           ld rr7(r3),r4
70206:  6e647e57           ldb <<126>>0x0057(r6),rh4
7020a:  57503b6d           pop <<59>>0x006d,@rr5
7020e:  66696f72           bitb <<111>>0x0072(r6),#9
70212:  5f64               .word #0x5f64
70214:  72697673           ldb rr6(r6),rl1
70218:  74656e64           lda rr5,rr6(r14)
7021c:  7e57               .word #0x7e57
7021e:  503b6d66           cpl rr11,<<109>>0x0066(r3)
70222:  696f725f           inc <<114>>0x005f(r6),#16
70226:  636f6e74           res <<110>>0x0074(r6),#15
7022a:  72726573           ldb rr7(r5),rh2
7022e:  65747e57           set <<126>>0x0057(r7),#4
70232:  503b6d66           cpl rr11,<<109>>0x0066(r3)
70236:  696f725f           inc <<114>>0x005f(r6),#16
7023a:  74696d65           lda rr9,rr6(r13)
7023e:  72726573           ldb rr7(r5),rh2
70242:  65747e57           set <<126>>0x0057(r7),#4
70246:  3b6d               .word #0x3b6d
70248:  66696f72           bitb <<111>>0x0072(r6),#9
7024c:  5f74               .word #0x5f74
7024e:  696d6572           inc <<101>>0x0072(r6),#14
70252:  696e7472           inc <<116>>0x0072(r6),#15
70256:  7e57               .word #0x7e57
70258:  503b6d66           cpl rr11,<<109>>0x0066(r3)
7025c:  696f725f           inc <<114>>0x005f(r6),#16
70260:  646d6172           setb <<97>>0x0072(r6),#13
70264:  65736574           set <<101>>0x0074(r7),#3
70268:  7e57               .word #0x7e57
7026a:  3b6d               .word #0x3b6d
7026c:  66696f72           bitb <<111>>0x0072(r6),#9
70270:  5f64               .word #0x5f64
70272:  6d617265           ex r1,<<114>>0x0065(r6)
70276:  67697374           bit <<115>>0x0074(r6),#9
7027a:  6572737e           set <<115>>0x007e(r7),#2
7027e:  573b6d66           pop <<109>>0x0066(r11),@rr3
70282:  696f725f           inc <<114>>0x005f(r6),#16
70286:  646d6164           setb <<97>>0x0064(r6),#13
7028a:  796e               .word #0x796e
7028c:  616d6963           ld r13,<<105>>0x0063(r6)
70290:  7e57               .word #0x7e57
70292:  574c3b6d           pop <<59>>0x006d(r12),@rr4
70296:  66696f72           bitb <<111>>0x0072(r6),#9
7029a:  5f65               .word #0x5f65
7029c:  7868               .word #0x7868
7029e:  77746573           ldl rr7(r5),rr4
702a2:  747e5750           lda rr14,rr7(r7)
702a6:  3b6d               .word #0x3b6d
702a8:  66696f72           bitb <<111>>0x0072(r6),#9
702ac:  5f69               .word #0x5f69
702ae:  6e747274           ldb <<114>>0x0074(r7),rh4
702b2:  6573747e           set <<116>>0x007e(r7),#3
702b6:  573b6d66           pop <<109>>0x0066(r11),@rr3
702ba:  696f725f           inc <<114>>0x005f(r6),#16
702be:  73657474           ld rr6(r4),r5
702c2:  647e5750           setb <<87>>0x0050(r7),#14
702c6:  3b6d               .word #0x3b6d
702c8:  66696f72           bitb <<111>>0x0072(r6),#9
702cc:  5f72               .word #0x5f72
702ce:  65736574           set <<101>>0x0074(r7),#3
702d2:  74647e57           lda rr4,rr6(r14)
702d6:  503b6d66           cpl rr11,<<109>>0x0066(r3)
702da:  696f725f           inc <<114>>0x005f(r6),#16
702de:  64696167           setb <<97>>0x0067(r6),#9
702e2:  706f7274           ldb rl7,rr6(r2)
702e6:  72656164           ldb rr6(r1),rh5
702ea:  7e57               .word #0x7e57
702ec:  503b6d66           cpl rr11,<<109>>0x0066(r3)
702f0:  696f725f           inc <<114>>0x005f(r6),#16
702f4:  73616d70           ld rr6(r13),r1
702f8:  6c657370           exb rh5,<<115>>0x0070(r6)
702fc:  6565647e           set <<100>>0x007e(r6),#5
70300:  57575050           pop <<80>>0x0050(r7),@rr5
70304:  3b616e73           sinir @rr7,@r6,r14
70308:  7765727e           ldl rr6(r2),rr5
7030c:  2157               ld r7,@rr5
7030e:  3b616e73           sinir @rr7,@r6,r14
70312:  7765727e           ldl rr6(r2),rr5
70316:  2157               ld r7,@rr5
70318:  2a57               decb @rr5,#8
7031a:  3b616e73           sinir @rr7,@r6,r14
7031e:  7765727e           ldl rr6(r2),rr5
70322:  2157               ld r7,@rr5
70324:  2a57               decb @rr5,#8
70326:  573b616e           pop <<97>>0x006e(r11),@rr3
7032a:  73776572           ld rr7(r5),r7
7032e:  7e21               .word #0x7e21
70330:  572a5757           pop <<87>>0x0057(r10),@rr2
70334:  57573b61           pop <<59>>0x0061(r7),@rr5
70338:  6e737765           ldb <<119>>0x0065(r7),rh3
7033c:  727e2157           ldb rr7(r1),rl6
70340:  2a57               decb @rr5,#8
70342:  57575757           pop <<87>>0x0057(r7),@rr5
70346:  57570000           pop <<0>>0x0000(r7),@rr5
7034a:  00000000           addb rh0,#0x00
7034e:  00000000           addb rh0,#0x00
70352:  00000000           addb rh0,#0x00
70356:  00000000           addb rh0,#0x00
7035a:  00000000           addb rh0,#0x00
7035e:  00000000           addb rh0,#0x00
70362:  00000000           addb rh0,#0x00
70366:  00000000           addb rh0,#0x00
7036a:  00000000           addb rh0,#0x00
7036e:  00000000           addb rh0,#0x00
70372:  00000000           addb rh0,#0x00
70376:  00000000           addb rh0,#0x00
7037a:  00000000           addb rh0,#0x00
7037e:  00000000           addb rh0,#0x00
70382:  00000000           addb rh0,#0x00
70386:  00000000           addb rh0,#0x00
7038a:  00000000           addb rh0,#0x00
7038e:  00000000           addb rh0,#0x00
70392:  00000000           addb rh0,#0x00
70396:  00000000           addb rh0,#0x00
7039a:  00000000           addb rh0,#0x00
7039e:  00000000           addb rh0,#0x00
703a2:  00000000           addb rh0,#0x00
703a6:  00000000           addb rh0,#0x00
703aa:  00000000           addb rh0,#0x00
703ae:  00000000           addb rh0,#0x00
703b2:  00000000           addb rh0,#0x00
703b6:  00000000           addb rh0,#0x00
703ba:  00000000           addb rh0,#0x00
703be:  00000000           addb rh0,#0x00
703c2:  00000000           addb rh0,#0x00
703c6:  00000000           addb rh0,#0x00
703ca:  00000000           addb rh0,#0x00
703ce:  00000000           addb rh0,#0x00
703d2:  00000000           addb rh0,#0x00
703d6:  00000000           addb rh0,#0x00
703da:  00000000           addb rh0,#0x00
703de:  00000000           addb rh0,#0x00
703e2:  00000000           addb rh0,#0x00
703e6:  00000000           addb rh0,#0x00
703ea:  00000000           addb rh0,#0x00
703ee:  00000000           addb rh0,#0x00
703f2:  00000000           addb rh0,#0x00
703f6:  00000000           addb rh0,#0x00
703fa:  00000000           addb rh0,#0x00
703fe:  00000000           addb rh0,#0x00
70402:  00000000           addb rh0,#0x00
70406:  00002020           addb rh0,#0x20
7040a:  2020               ldb rh0,@rr2
7040c:  2020               ldb rh0,@rr2
7040e:  2020               ldb rh0,@rr2
70410:  2020               ldb rh0,@rr2
70412:  00000000           addb rh0,#0x00
70416:  00000000           addb rh0,#0x00
7041a:  00000000           addb rh0,#0x00
7041e:  00000000           addb rh0,#0x00
70422:  00000000           addb rh0,#0x00
70426:  00000000           addb rh0,#0x00
7042a:  00000000           addb rh0,#0x00
7042e:  00000000           addb rh0,#0x00
70432:  00000000           addb rh0,#0x00
70436:  00000000           addb rh0,#0x00
7043a:  00000000           addb rh0,#0x00
7043e:  00000000           addb rh0,#0x00
70442:  00000000           addb rh0,#0x00
70446:  00000000           addb rh0,#0x00
7044a:  00000000           addb rh0,#0x00
7044e:  00000000           addb rh0,#0x00
70452:  0000aaa1           addb rh0,#0xa1
70456:  00000000           addb rh0,#0x00
7045a:  00000000           addb rh0,#0x00
7045e:  00000000           addb rh0,#0x00
70462:  00000000           addb rh0,#0x00
70466:  00010000           addb rh1,#0x00
7046a:  00000000           addb rh0,#0x00
7046e:  00000000           addb rh0,#0x00
70472:  00000000           addb rh0,#0x00
70476:  00000000           addb rh0,#0x00
7047a:  00000000           addb rh0,#0x00
7047e:  00000000           addb rh0,#0x00
70482:  00000000           addb rh0,#0x00
70486:  00000000           addb rh0,#0x00
7048a:  00000000           addb rh0,#0x00
7048e:  00000000           addb rh0,#0x00
70492:  00000000           addb rh0,#0x00
70496:  00000000           addb rh0,#0x00
7049a:  00000000           addb rh0,#0x00
7049e:  00000000           addb rh0,#0x00
704a2:  00000000           addb rh0,#0x00
704a6:  00000000           addb rh0,#0x00
704aa:  00000000           addb rh0,#0x00
704ae:  00000000           addb rh0,#0x00
704b2:  00000000           addb rh0,#0x00
704b6:  00000000           addb rh0,#0x00
704ba:  00000000           addb rh0,#0x00
704be:  00000000           addb rh0,#0x00
704c2:  00000000           addb rh0,#0x00
704c6:  00000000           addb rh0,#0x00
704ca:  00000000           addb rh0,#0x00
704ce:  00000000           addb rh0,#0x00
704d2:  00000000           addb rh0,#0x00
704d6:  00000000           addb rh0,#0x00
704da:  00000000           addb rh0,#0x00
704de:  00000000           addb rh0,#0x00
704e2:  00000000           addb rh0,#0x00
704e6:  00000000           addb rh0,#0x00
704ea:  00000000           addb rh0,#0x00
704ee:  00000000           addb rh0,#0x00
704f2:  00000000           addb rh0,#0x00
704f6:  00000000           addb rh0,#0x00
704fa:  00000000           addb rh0,#0x00
704fe:  00000000           addb rh0,#0x00
70502:  00000000           addb rh0,#0x00
70506:  00002020           addb rh0,#0x20
7050a:  2020               ldb rh0,@rr2
7050c:  2020               ldb rh0,@rr2
7050e:  2020               ldb rh0,@rr2
70510:  2020               ldb rh0,@rr2
70512:  00000000           addb rh0,#0x00
70516:  00000000           addb rh0,#0x00
7051a:  00000000           addb rh0,#0x00
7051e:  00000000           addb rh0,#0x00
70522:  00000000           addb rh0,#0x00
70526:  00000000           addb rh0,#0x00
7052a:  00000000           addb rh0,#0x00
7052e:  00000000           addb rh0,#0x00
70532:  00000000           addb rh0,#0x00
70536:  00000000           addb rh0,#0x00
7053a:  00000000           addb rh0,#0x00
7053e:  00000000           addb rh0,#0x00
70542:  00000000           addb rh0,#0x00
70546:  00000000           addb rh0,#0x00
7054a:  00000000           addb rh0,#0x00
7054e:  00000000           addb rh0,#0x00
70552:  0000aaa1           addb rh0,#0xa1
70556:  00000000           addb rh0,#0x00
7055a:  00000000           addb rh0,#0x00
7055e:  00000000           addb rh0,#0x00
70562:  00000000           addb rh0,#0x00
70566:  00010000           addb rh1,#0x00
7056a:  00000000           addb rh0,#0x00
7056e:  00000000           addb rh0,#0x00
70572:  00000000           addb rh0,#0x00
70576:  00000000           addb rh0,#0x00
7057a:  00000000           addb rh0,#0x00
7057e:  00000000           addb rh0,#0x00
70582:  00000000           addb rh0,#0x00
70586:  00000000           addb rh0,#0x00
7058a:  00000000           addb rh0,#0x00
7058e:  00000000           addb rh0,#0x00
70592:  00000000           addb rh0,#0x00
70596:  00000000           addb rh0,#0x00
7059a:  00000000           addb rh0,#0x00
7059e:  00000000           addb rh0,#0x00
705a2:  00000000           addb rh0,#0x00
705a6:  00000000           addb rh0,#0x00
705aa:  00000000           addb rh0,#0x00
705ae:  00000000           addb rh0,#0x00
705b2:  00000000           addb rh0,#0x00
705b6:  00000000           addb rh0,#0x00
705ba:  00000000           addb rh0,#0x00
705be:  00000000           addb rh0,#0x00
705c2:  00000000           addb rh0,#0x00
705c6:  00000000           addb rh0,#0x00
705ca:  00000000           addb rh0,#0x00
705ce:  00000000           addb rh0,#0x00
705d2:  00000000           addb rh0,#0x00
705d6:  00000000           addb rh0,#0x00
705da:  00000000           addb rh0,#0x00
705de:  00000000           addb rh0,#0x00
705e2:  00000000           addb rh0,#0x00
705e6:  00000000           addb rh0,#0x00
705ea:  00000000           addb rh0,#0x00
705ee:  00000000           addb rh0,#0x00
705f2:  00000000           addb rh0,#0x00
705f6:  00000000           addb rh0,#0x00
705fa:  00000000           addb rh0,#0x00
705fe:  00000000           addb rh0,#0x00
70602:  00000000           addb rh0,#0x00
70606:  00000000           addb rh0,#0x00
7060a:  00000000           addb rh0,#0x00
7060e:  00000000           addb rh0,#0x00
70612:  00000000           addb rh0,#0x00
70616:  00000000           addb rh0,#0x00
7061a:  00000000           addb rh0,#0x00
7061e:  00000000           addb rh0,#0x00
70622:  00000000           addb rh0,#0x00
70626:  00000000           addb rh0,#0x00
7062a:  00000000           addb rh0,#0x00
7062e:  00000000           addb rh0,#0x00
70632:  00000000           addb rh0,#0x00
70636:  00000000           addb rh0,#0x00
7063a:  00000000           addb rh0,#0x00
7063e:  00000000           addb rh0,#0x00
70642:  00000000           addb rh0,#0x00
70646:  00000000           addb rh0,#0x00
7064a:  00000000           addb rh0,#0x00
7064e:  00000000           addb rh0,#0x00
70652:  00000000           addb rh0,#0x00
70656:  00000000           addb rh0,#0x00
7065a:  00000000           addb rh0,#0x00
7065e:  00000000           addb rh0,#0x00
70662:  00000000           addb rh0,#0x00
70666:  00000000           addb rh0,#0x00
7066a:  00000000           addb rh0,#0x00
7066e:  00000000           addb rh0,#0x00
70672:  00000000           addb rh0,#0x00
70676:  00000000           addb rh0,#0x00
7067a:  00000000           addb rh0,#0x00
7067e:  00000000           addb rh0,#0x00
70682:  00000000           addb rh0,#0x00
70686:  00000000           addb rh0,#0x00
7068a:  00000000           addb rh0,#0x00
7068e:  00000000           addb rh0,#0x00
70692:  00000000           addb rh0,#0x00
70696:  00000000           addb rh0,#0x00
7069a:  00000000           addb rh0,#0x00
7069e:  00000000           addb rh0,#0x00
706a2:  00000000           addb rh0,#0x00
706a6:  00000000           addb rh0,#0x00
706aa:  00000000           addb rh0,#0x00
706ae:  00000000           addb rh0,#0x00
706b2:  00000000           addb rh0,#0x00
706b6:  00000000           addb rh0,#0x00
706ba:  00000000           addb rh0,#0x00
706be:  00000000           addb rh0,#0x00
706c2:  00000000           addb rh0,#0x00
706c6:  00000000           addb rh0,#0x00
706ca:  00000000           addb rh0,#0x00
706ce:  00000000           addb rh0,#0x00
706d2:  00000000           addb rh0,#0x00
706d6:  00000000           addb rh0,#0x00
706da:  00000000           addb rh0,#0x00
706de:  00000000           addb rh0,#0x00
706e2:  00000000           addb rh0,#0x00
706e6:  00000000           addb rh0,#0x00
706ea:  00000000           addb rh0,#0x00
706ee:  00000000           addb rh0,#0x00
706f2:  00000000           addb rh0,#0x00
706f6:  00000000           addb rh0,#0x00
706fa:  00000000           addb rh0,#0x00
706fe:  00000000           addb rh0,#0x00
70702:  00000000           addb rh0,#0x00
70706:  00000000           addb rh0,#0x00
7070a:  00000000           addb rh0,#0x00
7070e:  00000000           addb rh0,#0x00
70712:  00000000           addb rh0,#0x00
70716:  00000000           addb rh0,#0x00
7071a:  00000000           addb rh0,#0x00
7071e:  00000000           addb rh0,#0x00
70722:  00000000           addb rh0,#0x00
70726:  00000000           addb rh0,#0x00
7072a:  00000000           addb rh0,#0x00
7072e:  00000000           addb rh0,#0x00
70732:  00000000           addb rh0,#0x00
70736:  00000000           addb rh0,#0x00
7073a:  00000000           addb rh0,#0x00
7073e:  00000000           addb rh0,#0x00
70742:  00000000           addb rh0,#0x00
70746:  00000000           addb rh0,#0x00
7074a:  00000000           addb rh0,#0x00
7074e:  00000000           addb rh0,#0x00
70752:  00000000           addb rh0,#0x00
70756:  00000000           addb rh0,#0x00
7075a:  00000000           addb rh0,#0x00
7075e:  00000000           addb rh0,#0x00
70762:  00000000           addb rh0,#0x00
70766:  00000000           addb rh0,#0x00
7076a:  00000000           addb rh0,#0x00
7076e:  00000000           addb rh0,#0x00
70772:  00000000           addb rh0,#0x00
70776:  00000000           addb rh0,#0x00
7077a:  00000000           addb rh0,#0x00
7077e:  00000000           addb rh0,#0x00
70782:  00000000           addb rh0,#0x00
70786:  00000000           addb rh0,#0x00
7078a:  00000000           addb rh0,#0x00
7078e:  00000000           addb rh0,#0x00
70792:  00000000           addb rh0,#0x00
70796:  00000000           addb rh0,#0x00
7079a:  00000000           addb rh0,#0x00
7079e:  00000000           addb rh0,#0x00
707a2:  00000000           addb rh0,#0x00
707a6:  00000000           addb rh0,#0x00
707aa:  00000000           addb rh0,#0x00
707ae:  00000000           addb rh0,#0x00
707b2:  00000000           addb rh0,#0x00
707b6:  00000000           addb rh0,#0x00
707ba:  00000000           addb rh0,#0x00
707be:  00000000           addb rh0,#0x00
707c2:  00000000           addb rh0,#0x00
707c6:  00000000           addb rh0,#0x00
707ca:  00000000           addb rh0,#0x00
707ce:  00000000           addb rh0,#0x00
707d2:  00000000           addb rh0,#0x00
707d6:  00000000           addb rh0,#0x00
707da:  00000000           addb rh0,#0x00
707de:  00000000           addb rh0,#0x00
707e2:  00000000           addb rh0,#0x00
707e6:  00000000           addb rh0,#0x00
707ea:  00000000           addb rh0,#0x00
707ee:  00000000           addb rh0,#0x00
707f2:  00000000           addb rh0,#0x00
707f6:  00000000           addb rh0,#0x00
707fa:  00000000           addb rh0,#0x00
707fe:  00000000           addb rh0,#0x00
70802:  00000000           addb rh0,#0x00
70806:  00000000           addb rh0,#0x00
7080a:  00000000           addb rh0,#0x00
7080e:  00000000           addb rh0,#0x00
70812:  0000bd21           addb rh0,#0x21
70816:  5f00840018c0       call <<4>>0x18c0
7081c:  140220202020       ldl rr2,#0x20202020
70822:  5f0084001852       call <<4>>0x1852
70828:  7602a2000048       lda rr2,<<34>>0x0048
7082e:  5f00840043ae       call <<4>>0x43ae
70834:  9e08               ret 
70836:  7602a2000048       lda rr2,<<34>>0x0048
7083c:  5f00840043ae       call <<4>>0x43ae
70842:  95e2               popl rr2,@rr14
70844:  1de2               ldl @rr14,rr2
70846:  9e08               ret 
70848:  00000000           addb rh0,#0x00
7084c:  00000000           addb rh0,#0x00
70850:  00000000           addb rh0,#0x00
70854:  00000000           addb rh0,#0x00
70858:  00000000           addb rh0,#0x00
7085c:  00000000           addb rh0,#0x00
70860:  00000000           addb rh0,#0x00
70864:  00000000           addb rh0,#0x00
70868:  00000000           addb rh0,#0x00
7086c:  00000000           addb rh0,#0x00
70870:  00000000           addb rh0,#0x00
70874:  00000000           addb rh0,#0x00
70878:  00000000           addb rh0,#0x00
7087c:  00000000           addb rh0,#0x00
70880:  00000000           addb rh0,#0x00
70884:  00000000           addb rh0,#0x00
70888:  00000000           addb rh0,#0x00
7088c:  00000000           addb rh0,#0x00
70890:  00000000           addb rh0,#0x00
70894:  00000000           addb rh0,#0x00
70898:  00000000           addb rh0,#0x00
7089c:  00000000           addb rh0,#0x00
708a0:  00000000           addb rh0,#0x00
708a4:  00000000           addb rh0,#0x00
708a8:  00000000           addb rh0,#0x00
708ac:  00000000           addb rh0,#0x00
708b0:  00000000           addb rh0,#0x00
708b4:  00000000           addb rh0,#0x00
708b8:  00000000           addb rh0,#0x00
708bc:  00000000           addb rh0,#0x00
708c0:  00000000           addb rh0,#0x00
708c4:  00000000           addb rh0,#0x00
708c8:  00000000           addb rh0,#0x00
708cc:  00000000           addb rh0,#0x00
708d0:  00000000           addb rh0,#0x00
708d4:  00000000           addb rh0,#0x00
708d8:  00000000           addb rh0,#0x00
708dc:  00000000           addb rh0,#0x00
708e0:  00000000           addb rh0,#0x00
708e4:  00000000           addb rh0,#0x00
708e8:  00000000           addb rh0,#0x00
708ec:  00000000           addb rh0,#0x00
708f0:  00000000           addb rh0,#0x00
708f4:  00000000           addb rh0,#0x00
708f8:  00000000           addb rh0,#0x00
708fc:  00000000           addb rh0,#0x00
70900:  5e08a1000106       jp <<33>>0x0106
70906:  030f0046           sub r15,#0x0046
7090a:  0de50046           ld @rr14,#0x0046
7090e:  5c090203a100b76e   ldm <<33>>0xb76e,r2,#4
70916:  5f00a0000314       call <<32>>0x0314
7091c:  140200000000       ldl rr2,#0x00000000
70922:  7604a100aae6       lda rr4,<<33>>0xaae6
70928:  7606a100aae0       lda rr6,<<33>>0xaae0
7092e:  5f008400448e       call <<4>>0x448e
70934:  bd11               ldk r1,#1
70936:  0b010001           cp r1,#0x0001
7093a:  e103               jr lt,0x0942
7093c:  0b010028           cp r1,#0x0028
70940:  e204               jr le,0x094a
70942:  bd2d               ldk r2,#13
70944:  5f00840033f6       call <<4>>0x33f6
7094a:  b3190002           sla r1,#2
7094e:  760ca0000074       lda rr12,<<32>>0x0074
70954:  811d               add r13,r1
70956:  abd3               dec r13,#4
70958:  0cc10000           cpb @rr12,#0x00
7095c:  ee0f               jr nz,0x097c
7095e:  760ca0000114       lda rr12,<<32>>0x0114
70964:  0dc50005           ld @rr12,#0x0005
70968:  760ca0000114       lda rr12,<<32>>0x0114
7096e:  a9d1               inc r13,#2
70970:  0dc50001           ld @rr12,#0x0001
70974:  bd2d               ldk r2,#13
70976:  5f0084004416       call <<4>>0x4416
7097c:  760c84000187       lda rr12,<<4>>0x0187
70982:  0cc4               testb @rr12
70984:  5e0ea100050c       jp nz,<<33>>0x050c
7098a:  760c84000188       lda rr12,<<4>>0x0188
70990:  0cc4               testb @rr12
70992:  5e06a100050c       jp z,<<33>>0x050c
70998:  5f00a1000e16       call <<33>>0x0e16
7099e:  760c84000174       lda rr12,<<4>>0x0174
709a4:  0cc4               testb @rr12
709a6:  5e06a100048a       jp z,<<33>>0x048a
709ac:  21020642           ld r2,#0x0642
709b0:  7604a100b776       lda rr4,<<33>>0xb776
709b6:  7606a2003e00       lda rr6,<<34>>0x3e00
709bc:  5f00840041e4       call <<4>>0x41e4
709c2:  bd11               ldk r1,#1
709c4:  0b010001           cp r1,#0x0001
709c8:  e103               jr lt,0x09d0
709ca:  0b010028           cp r1,#0x0028
709ce:  e204               jr le,0x09d8
709d0:  bd2d               ldk r2,#13
709d2:  5f00840033f6       call <<4>>0x33f6
709d8:  19000028           mult rr0,#0x0028
709dc:  540ca100b776       ldl rr12,<<33>>0xb776
709e2:  811d               add r13,r1
709e4:  760aa100aab8       lda rr10,<<33>>0xaab8
709ea:  010dffd8           add r13,#0xffd8
709ee:  21010014           ld r1,#0x0014
709f2:  bba101c0           ldir @rr12,@rr10,r1
709f6:  bd12               ldk r1,#2
709f8:  0b010001           cp r1,#0x0001
709fc:  e103               jr lt,0x0a04
709fe:  0b010028           cp r1,#0x0028
70a02:  e204               jr le,0x0a0c
70a04:  bd2d               ldk r2,#13
70a06:  5f00840033f6       call <<4>>0x33f6
70a0c:  19000028           mult rr0,#0x0028
70a10:  540ca100b776       ldl rr12,<<33>>0xb776
70a16:  811d               add r13,r1
70a18:  760aa100aa90       lda rr10,<<33>>0xaa90
70a1e:  010dffd8           add r13,#0xffd8
70a22:  21010014           ld r1,#0x0014
70a26:  bba101c0           ldir @rr12,@rr10,r1
70a2a:  bd13               ldk r1,#3
70a2c:  0b010001           cp r1,#0x0001
70a30:  e103               jr lt,0x0a38
70a32:  0b010028           cp r1,#0x0028
70a36:  e204               jr le,0x0a40
70a38:  bd2d               ldk r2,#13
70a3a:  5f00840033f6       call <<4>>0x33f6
70a40:  19000028           mult rr0,#0x0028
70a44:  540ca100b776       ldl rr12,<<33>>0xb776
70a4a:  811d               add r13,r1
70a4c:  760aa100aa68       lda rr10,<<33>>0xaa68
70a52:  010dffd8           add r13,#0xffd8
70a56:  21010014           ld r1,#0x0014
70a5a:  bba101c0           ldir @rr12,@rr10,r1
70a5e:  bd14               ldk r1,#4
70a60:  0b010001           cp r1,#0x0001
70a64:  e103               jr lt,0x0a6c
70a66:  0b010028           cp r1,#0x0028
70a6a:  e204               jr le,0x0a74
70a6c:  bd2d               ldk r2,#13
70a6e:  5f00840033f6       call <<4>>0x33f6
70a74:  19000028           mult rr0,#0x0028
70a78:  540ca100b776       ldl rr12,<<33>>0xb776
70a7e:  811d               add r13,r1
70a80:  760aa100aa40       lda rr10,<<33>>0xaa40
70a86:  010dffd8           add r13,#0xffd8
70a8a:  21010014           ld r1,#0x0014
70a8e:  bba101c0           ldir @rr12,@rr10,r1
70a92:  bd15               ldk r1,#5
70a94:  0b010001           cp r1,#0x0001
70a98:  e103               jr lt,0x0aa0
70a9a:  0b010028           cp r1,#0x0028
70a9e:  e204               jr le,0x0aa8
70aa0:  bd2d               ldk r2,#13
70aa2:  5f00840033f6       call <<4>>0x33f6
70aa8:  19000028           mult rr0,#0x0028
70aac:  540ca100b776       ldl rr12,<<33>>0xb776
70ab2:  811d               add r13,r1
70ab4:  760aa100aa18       lda rr10,<<33>>0xaa18
70aba:  010dffd8           add r13,#0xffd8
70abe:  21010014           ld r1,#0x0014
70ac2:  bba101c0           ldir @rr12,@rr10,r1
70ac6:  bd16               ldk r1,#6
70ac8:  0b010001           cp r1,#0x0001
70acc:  e103               jr lt,0x0ad4
70ace:  0b010028           cp r1,#0x0028
70ad2:  e204               jr le,0x0adc
70ad4:  bd2d               ldk r2,#13
70ad6:  5f00840033f6       call <<4>>0x33f6
70adc:  19000028           mult rr0,#0x0028
70ae0:  540ca100b776       ldl rr12,<<33>>0xb776
70ae6:  811d               add r13,r1
70ae8:  760aa100a9f0       lda rr10,<<33>>0xa9f0
70aee:  010dffd8           add r13,#0xffd8
70af2:  21010014           ld r1,#0x0014
70af6:  bba101c0           ldir @rr12,@rr10,r1
70afa:  bd17               ldk r1,#7
70afc:  0b010001           cp r1,#0x0001
70b00:  e103               jr lt,0x0b08
70b02:  0b010028           cp r1,#0x0028
70b06:  e204               jr le,0x0b10
70b08:  bd2d               ldk r2,#13
70b0a:  5f00840033f6       call <<4>>0x33f6
70b10:  19000028           mult rr0,#0x0028
70b14:  540ca100b776       ldl rr12,<<33>>0xb776
70b1a:  811d               add r13,r1
70b1c:  760aa100a9c8       lda rr10,<<33>>0xa9c8
70b22:  010dffd8           add r13,#0xffd8
70b26:  21010014           ld r1,#0x0014
70b2a:  bba101c0           ldir @rr12,@rr10,r1
70b2e:  bd18               ldk r1,#8
70b30:  0b010001           cp r1,#0x0001
70b34:  e103               jr lt,0x0b3c
70b36:  0b010028           cp r1,#0x0028
70b3a:  e204               jr le,0x0b44
70b3c:  bd2d               ldk r2,#13
70b3e:  5f00840033f6       call <<4>>0x33f6
70b44:  19000028           mult rr0,#0x0028
70b48:  540ca100b776       ldl rr12,<<33>>0xb776
70b4e:  811d               add r13,r1
70b50:  760aa100a9a0       lda rr10,<<33>>0xa9a0
70b56:  010dffd8           add r13,#0xffd8
70b5a:  21010014           ld r1,#0x0014
70b5e:  bba101c0           ldir @rr12,@rr10,r1
70b62:  bd19               ldk r1,#9
70b64:  0b010001           cp r1,#0x0001
70b68:  e103               jr lt,0x0b70
70b6a:  0b010028           cp r1,#0x0028
70b6e:  e204               jr le,0x0b78
70b70:  bd2d               ldk r2,#13
70b72:  5f00840033f6       call <<4>>0x33f6
70b78:  19000028           mult rr0,#0x0028
70b7c:  540ca100b776       ldl rr12,<<33>>0xb776
70b82:  811d               add r13,r1
70b84:  760aa100a978       lda rr10,<<33>>0xa978
70b8a:  010dffd8           add r13,#0xffd8
70b8e:  21010014           ld r1,#0x0014
70b92:  bba101c0           ldir @rr12,@rr10,r1
70b96:  bd1a               ldk r1,#10
70b98:  0b010001           cp r1,#0x0001
70b9c:  e103               jr lt,0x0ba4
70b9e:  0b010028           cp r1,#0x0028
70ba2:  e204               jr le,0x0bac
70ba4:  bd2d               ldk r2,#13
70ba6:  5f00840033f6       call <<4>>0x33f6
70bac:  19000028           mult rr0,#0x0028
70bb0:  540ca100b776       ldl rr12,<<33>>0xb776
70bb6:  811d               add r13,r1
70bb8:  760aa100a950       lda rr10,<<33>>0xa950
70bbe:  010dffd8           add r13,#0xffd8
70bc2:  21010014           ld r1,#0x0014
70bc6:  bba101c0           ldir @rr12,@rr10,r1
70bca:  bd1b               ldk r1,#11
70bcc:  0b010001           cp r1,#0x0001
70bd0:  e103               jr lt,0x0bd8
70bd2:  0b010028           cp r1,#0x0028
70bd6:  e204               jr le,0x0be0
70bd8:  bd2d               ldk r2,#13
70bda:  5f00840033f6       call <<4>>0x33f6
70be0:  19000028           mult rr0,#0x0028
70be4:  540ca100b776       ldl rr12,<<33>>0xb776
70bea:  811d               add r13,r1
70bec:  760aa100a928       lda rr10,<<33>>0xa928
70bf2:  010dffd8           add r13,#0xffd8
70bf6:  21010014           ld r1,#0x0014
70bfa:  bba101c0           ldir @rr12,@rr10,r1
70bfe:  bd1c               ldk r1,#12
70c00:  0b010001           cp r1,#0x0001
70c04:  e103               jr lt,0x0c0c
70c06:  0b010028           cp r1,#0x0028
70c0a:  e204               jr le,0x0c14
70c0c:  bd2d               ldk r2,#13
70c0e:  5f00840033f6       call <<4>>0x33f6
70c14:  19000028           mult rr0,#0x0028
70c18:  540ca100b776       ldl rr12,<<33>>0xb776
70c1e:  811d               add r13,r1
70c20:  760aa100a900       lda rr10,<<33>>0xa900
70c26:  010dffd8           add r13,#0xffd8
70c2a:  21010014           ld r1,#0x0014
70c2e:  bba101c0           ldir @rr12,@rr10,r1
70c32:  bd1d               ldk r1,#13
70c34:  0b010001           cp r1,#0x0001
70c38:  e103               jr lt,0x0c40
70c3a:  0b010028           cp r1,#0x0028
70c3e:  e204               jr le,0x0c48
70c40:  bd2d               ldk r2,#13
70c42:  5f00840033f6       call <<4>>0x33f6
70c48:  19000028           mult rr0,#0x0028
70c4c:  540ca100b776       ldl rr12,<<33>>0xb776
70c52:  811d               add r13,r1
70c54:  760aa100a8d8       lda rr10,<<33>>0xa8d8
70c5a:  010dffd8           add r13,#0xffd8
70c5e:  21010014           ld r1,#0x0014
70c62:  bba101c0           ldir @rr12,@rr10,r1
70c66:  5402a100b776       ldl rr2,<<33>>0xb776
70c6c:  7604a0000074       lda rr4,<<32>>0x0074
70c72:  bd6d               ldk r6,#13
70c74:  5f00840043ee       call <<4>>0x43ee
70c7a:  21020642           ld r2,#0x0642
70c7e:  5404a100b776       ldl rr4,<<33>>0xb776
70c84:  5f008400425c       call <<4>>0x425c
70c8a:  7602840042f0       lda rr2,<<4>>0x42f0
70c90:  bd40               ldk r4,#0
70c92:  140600000000       ldl rr6,#0x00000000
70c98:  5f008400210c       call <<4>>0x210c
70c9e:  7602840042f0       lda rr2,<<4>>0x42f0
70ca4:  2104ffff           ld r4,#0xffff
70ca8:  2105001b           ld r5,#0x001b
70cac:  7606a100a8bc       lda rr6,<<33>>0xa8bc
70cb2:  5f008400285a       call <<4>>0x285a
70cb8:  7602840042f0       lda rr2,<<4>>0x42f0
70cbe:  5f00840011f6       call <<4>>0x11f6
70cc4:  7602840042f0       lda rr2,<<4>>0x42f0
70cca:  bd40               ldk r4,#0
70ccc:  140600000000       ldl rr6,#0x00000000
70cd2:  5f008400210c       call <<4>>0x210c
70cd8:  7602840042f0       lda rr2,<<4>>0x42f0
70cde:  2104ffff           ld r4,#0xffff
70ce2:  21050019           ld r5,#0x0019
70ce6:  7606a100a8a2       lda rr6,<<33>>0xa8a2
70cec:  5f008400285a       call <<4>>0x285a
70cf2:  7602840042f0       lda rr2,<<4>>0x42f0
70cf8:  5f00840011f6       call <<4>>0x11f6
70cfe:  5f0084004542       call <<4>>0x4542
70d04:  8cf4               testb rl7
70d06:  5e06a1000198       jp z,<<33>>0x0198
70d0c:  7602a100a87a       lda rr2,<<33>>0xa87a
70d12:  5f0084004466       call <<4>>0x4466
70d18:  5f00a100100e       call <<33>>0x100e
70d1e:  5f0084004402       call <<4>>0x4402
70d24:  760ca0000044       lda rr12,<<32>>0x0044
70d2a:  21c1               ld r1,@rr12
70d2c:  ab10               dec r1,#1
70d2e:  5e01a1000d54       jp lt,<<33>>0x0d54
70d34:  0b01000c           cp r1,#0x000c
70d38:  5e0aa1000d54       jp gt,<<33>>0x0d54
70d3e:  8111               add r1,r1
70d40:  6111a100a6d2       ld r1,<<33>>0xa6d2(r1)
70d46:  5e18a1000100       jp <<33>>0x0100(r1)
70d4c:  5e08a1000d54       jp <<33>>0x0d54
70d52:  5f00a100a498       call <<33>>0xa498
70d58:  760c84000166       lda rr12,<<4>>0x0166
70d5e:  0cc10101           cpb @rr12,#0x01
70d62:  ee0f               jr nz,0x0d82
70d64:  bd10               ldk r1,#0
70d66:  0b010000           cp r1,#0x0000
70d6a:  e103               jr lt,0x0d72
70d6c:  0b010003           cp r1,#0x0003
70d70:  e204               jr le,0x0d7a
70d72:  bd2e               ldk r2,#14
70d74:  5f00840033f6       call <<4>>0x33f6
70d7a:  760c84000166       lda rr12,<<4>>0x0166
70d80:  2ec9               ldb @rr12,rl1
70d82:  7602840042f0       lda rr2,<<4>>0x42f0
70d88:  bd40               ldk r4,#0
70d8a:  bd53               ldk r5,#3
70d8c:  7606a100a876       lda rr6,<<33>>0xa876
70d92:  5f008400285a       call <<4>>0x285a
70d98:  7602840042f0       lda rr2,<<4>>0x42f0
70d9e:  bd40               ldk r4,#0
70da0:  140600000000       ldl rr6,#0x00000000
70da6:  5f008400210c       call <<4>>0x210c
70dac:  7602840042f0       lda rr2,<<4>>0x42f0
70db2:  2104ffff           ld r4,#0xffff
70db6:  21050023           ld r5,#0x0023
70dba:  7606a100a852       lda rr6,<<33>>0xa852
70dc0:  5f008400285a       call <<4>>0x285a
70dc6:  7602840042f0       lda rr2,<<4>>0x42f0
70dcc:  5f00840011f6       call <<4>>0x11f6
70dd2:  5f00a1001090       call <<33>>0x1090
70dd8:  5f008400442a       call <<4>>0x442a
70dde:  760ca0000046       lda rr12,<<32>>0x0046
70de4:  0dc4               test @rr12
70de6:  eeb5               jr nz,0x0d52
70de8:  5e08a1000d54       jp <<33>>0x0d54
70dee:  760ca0000046       lda rr12,<<32>>0x0046
70df4:  0dc10000           cp @rr12,#0x0000
70df8:  e247               jr le,0x0e88
70dfa:  5f00a100a498       call <<33>>0xa498
70e00:  760c84000166       lda rr12,<<4>>0x0166
70e06:  0cc10101           cpb @rr12,#0x01
70e0a:  ee0f               jr nz,0x0e2a
70e0c:  bd10               ldk r1,#0
70e0e:  0b010000           cp r1,#0x0000
70e12:  e103               jr lt,0x0e1a
70e14:  0b010003           cp r1,#0x0003
70e18:  e204               jr le,0x0e22
70e1a:  bd2e               ldk r2,#14
70e1c:  5f00840033f6       call <<4>>0x33f6
70e22:  760c84000166       lda rr12,<<4>>0x0166
70e28:  2ec9               ldb @rr12,rl1
70e2a:  7602840042f0       lda rr2,<<4>>0x42f0
70e30:  bd40               ldk r4,#0
70e32:  bd53               ldk r5,#3
70e34:  7606a100a84e       lda rr6,<<33>>0xa84e
70e3a:  5f008400285a       call <<4>>0x285a
70e40:  7602840042f0       lda rr2,<<4>>0x42f0
70e46:  bd40               ldk r4,#0
70e48:  140600000000       ldl rr6,#0x00000000
70e4e:  5f008400210c       call <<4>>0x210c
70e54:  7602840042f0       lda rr2,<<4>>0x42f0
70e5a:  2104ffff           ld r4,#0xffff
70e5e:  21050010           ld r5,#0x0010
70e62:  7606a100a83e       lda rr6,<<33>>0xa83e
70e68:  5f008400285a       call <<4>>0x285a
70e6e:  7602840042f0       lda rr2,<<4>>0x42f0
70e74:  5f00840011f6       call <<4>>0x11f6
70e7a:  5f00a10012b2       call <<33>>0x12b2
70e80:  5f008400442a       call <<4>>0x442a
70e86:  e8b3               jr 0x0dee
70e88:  5e08a1000d54       jp <<33>>0x0d54
70e8e:  760ca0000046       lda rr12,<<32>>0x0046
70e94:  0dc10000           cp @rr12,#0x0000
70e98:  e247               jr le,0x0f28
70e9a:  5f00a100a498       call <<33>>0xa498
70ea0:  760c84000166       lda rr12,<<4>>0x0166
70ea6:  0cc10101           cpb @rr12,#0x01
70eaa:  ee0f               jr nz,0x0eca
70eac:  bd10               ldk r1,#0
70eae:  0b010000           cp r1,#0x0000
70eb2:  e103               jr lt,0x0eba
70eb4:  0b010003           cp r1,#0x0003
70eb8:  e204               jr le,0x0ec2
70eba:  bd2e               ldk r2,#14
70ebc:  5f00840033f6       call <<4>>0x33f6
70ec2:  760c84000166       lda rr12,<<4>>0x0166
70ec8:  2ec9               ldb @rr12,rl1
70eca:  7602840042f0       lda rr2,<<4>>0x42f0
70ed0:  bd40               ldk r4,#0
70ed2:  bd53               ldk r5,#3
70ed4:  7606a100a83a       lda rr6,<<33>>0xa83a
70eda:  5f008400285a       call <<4>>0x285a
70ee0:  7602840042f0       lda rr2,<<4>>0x42f0
70ee6:  bd40               ldk r4,#0
70ee8:  140600000000       ldl rr6,#0x00000000
70eee:  5f008400210c       call <<4>>0x210c
70ef4:  7602840042f0       lda rr2,<<4>>0x42f0
70efa:  2104ffff           ld r4,#0xffff
70efe:  21050014           ld r5,#0x0014
70f02:  7606a100a826       lda rr6,<<33>>0xa826
70f08:  5f008400285a       call <<4>>0x285a
70f0e:  7602840042f0       lda rr2,<<4>>0x42f0
70f14:  5f00840011f6       call <<4>>0x11f6
70f1a:  5f00a1001a9a       call <<33>>0x1a9a
70f20:  5f008400442a       call <<4>>0x442a
70f26:  e8b3               jr 0x0e8e
70f28:  5e08a1000d54       jp <<33>>0x0d54
70f2e:  760ca0000046       lda rr12,<<32>>0x0046
70f34:  0dc10000           cp @rr12,#0x0000
70f38:  e246               jr le,0x0fc6
70f3a:  5f00a100a498       call <<33>>0xa498
70f40:  760c84000166       lda rr12,<<4>>0x0166
70f46:  0cc10101           cpb @rr12,#0x01
70f4a:  ee0f               jr nz,0x0f6a
70f4c:  bd10               ldk r1,#0
70f4e:  0b010000           cp r1,#0x0000
70f52:  e103               jr lt,0x0f5a
70f54:  0b010003           cp r1,#0x0003
70f58:  e204               jr le,0x0f62
70f5a:  bd2e               ldk r2,#14
70f5c:  5f00840033f6       call <<4>>0x33f6
70f62:  760c84000166       lda rr12,<<4>>0x0166
70f68:  2ec9               ldb @rr12,rl1
70f6a:  7602840042f0       lda rr2,<<4>>0x42f0
70f70:  bd40               ldk r4,#0
70f72:  bd53               ldk r5,#3
70f74:  7606a100a822       lda rr6,<<33>>0xa822
70f7a:  5f008400285a       call <<4>>0x285a
70f80:  7602840042f0       lda rr2,<<4>>0x42f0
70f86:  bd40               ldk r4,#0
70f88:  140600000000       ldl rr6,#0x00000000
70f8e:  5f008400210c       call <<4>>0x210c
70f94:  7602840042f0       lda rr2,<<4>>0x42f0
70f9a:  2104ffff           ld r4,#0xffff
70f9e:  bd5e               ldk r5,#14
70fa0:  7606a100a814       lda rr6,<<33>>0xa814
70fa6:  5f008400285a       call <<4>>0x285a
70fac:  7602840042f0       lda rr2,<<4>>0x42f0
70fb2:  5f00840011f6       call <<4>>0x11f6
70fb8:  5f00a1001d3c       call <<33>>0x1d3c
70fbe:  5f008400442a       call <<4>>0x442a
70fc4:  e8b4               jr 0x0f2e
70fc6:  5e08a1000d54       jp <<33>>0x0d54
70fcc:  5f00a100a498       call <<33>>0xa498
70fd2:  760c84000166       lda rr12,<<4>>0x0166
70fd8:  0cc10101           cpb @rr12,#0x01
70fdc:  ee0f               jr nz,0x0ffc
70fde:  bd10               ldk r1,#0
70fe0:  0b010000           cp r1,#0x0000
70fe4:  e103               jr lt,0x0fec
70fe6:  0b010003           cp r1,#0x0003
70fea:  e204               jr le,0x0ff4
70fec:  bd2e               ldk r2,#14
70fee:  5f00840033f6       call <<4>>0x33f6
70ff4:  760c84000166       lda rr12,<<4>>0x0166
70ffa:  2ec9               ldb @rr12,rl1
70ffc:  7602840042f0       lda rr2,<<4>>0x42f0
71002:  bd40               ldk r4,#0
71004:  bd53               ldk r5,#3
71006:  7606a100a810       lda rr6,<<33>>0xa810
7100c:  5f008400285a       call <<4>>0x285a
71012:  7602840042f0       lda rr2,<<4>>0x42f0
71018:  bd40               ldk r4,#0
7101a:  140600000000       ldl rr6,#0x00000000
71020:  5f008400210c       call <<4>>0x210c
71026:  7602840042f0       lda rr2,<<4>>0x42f0
7102c:  2104ffff           ld r4,#0xffff
71030:  21050018           ld r5,#0x0018
71034:  7606a100a7f8       lda rr6,<<33>>0xa7f8
7103a:  5f008400285a       call <<4>>0x285a
71040:  7602840042f0       lda rr2,<<4>>0x42f0
71046:  5f00840011f6       call <<4>>0x11f6
7104c:  5f00a1002762       call <<33>>0x2762
71052:  5f008400442a       call <<4>>0x442a
71058:  760ca0000046       lda rr12,<<32>>0x0046
7105e:  0dc4               test @rr12
71060:  eeb5               jr nz,0x0fcc
71062:  5e08a1000d54       jp <<33>>0x0d54
71068:  760ca0000046       lda rr12,<<32>>0x0046
7106e:  0dc10000           cp @rr12,#0x0000
71072:  e247               jr le,0x1102
71074:  5f00a100a498       call <<33>>0xa498
7107a:  760c84000166       lda rr12,<<4>>0x0166
71080:  0cc10101           cpb @rr12,#0x01
71084:  ee0f               jr nz,0x10a4
71086:  bd10               ldk r1,#0
71088:  0b010000           cp r1,#0x0000
7108c:  e103               jr lt,0x1094
7108e:  0b010003           cp r1,#0x0003
71092:  e204               jr le,0x109c
71094:  bd2e               ldk r2,#14
71096:  5f00840033f6       call <<4>>0x33f6
7109c:  760c84000166       lda rr12,<<4>>0x0166
710a2:  2ec9               ldb @rr12,rl1
710a4:  7602840042f0       lda rr2,<<4>>0x42f0
710aa:  bd40               ldk r4,#0
710ac:  bd53               ldk r5,#3
710ae:  7606a100a7f4       lda rr6,<<33>>0xa7f4
710b4:  5f008400285a       call <<4>>0x285a
710ba:  7602840042f0       lda rr2,<<4>>0x42f0
710c0:  bd40               ldk r4,#0
710c2:  140600000000       ldl rr6,#0x00000000
710c8:  5f008400210c       call <<4>>0x210c
710ce:  7602840042f0       lda rr2,<<4>>0x42f0
710d4:  2104ffff           ld r4,#0xffff
710d8:  2105001c           ld r5,#0x001c
710dc:  7606a100a7d8       lda rr6,<<33>>0xa7d8
710e2:  5f008400285a       call <<4>>0x285a
710e8:  7602840042f0       lda rr2,<<4>>0x42f0
710ee:  5f00840011f6       call <<4>>0x11f6
710f4:  5f00a100316a       call <<33>>0x316a
710fa:  5f008400442a       call <<4>>0x442a
71100:  e8b3               jr 0x1068
71102:  5e08a1000d54       jp <<33>>0x0d54
71108:  760ca0000046       lda rr12,<<32>>0x0046
7110e:  0dc10000           cp @rr12,#0x0000
71112:  e246               jr le,0x11a0
71114:  5f00a100a498       call <<33>>0xa498
7111a:  760c84000166       lda rr12,<<4>>0x0166
71120:  0cc10101           cpb @rr12,#0x01
71124:  ee0f               jr nz,0x1144
71126:  bd10               ldk r1,#0
71128:  0b010000           cp r1,#0x0000
7112c:  e103               jr lt,0x1134
7112e:  0b010003           cp r1,#0x0003
71132:  e204               jr le,0x113c
71134:  bd2e               ldk r2,#14
71136:  5f00840033f6       call <<4>>0x33f6
7113c:  760c84000166       lda rr12,<<4>>0x0166
71142:  2ec9               ldb @rr12,rl1
71144:  7602840042f0       lda rr2,<<4>>0x42f0
7114a:  bd40               ldk r4,#0
7114c:  bd53               ldk r5,#3
7114e:  7606a100a7d4       lda rr6,<<33>>0xa7d4
71154:  5f008400285a       call <<4>>0x285a
7115a:  7602840042f0       lda rr2,<<4>>0x42f0
71160:  bd40               ldk r4,#0
71162:  140600000000       ldl rr6,#0x00000000
71168:  5f008400210c       call <<4>>0x210c
7116e:  7602840042f0       lda rr2,<<4>>0x42f0
71174:  2104ffff           ld r4,#0xffff
71178:  bd5f               ldk r5,#15
7117a:  7606a100a7c4       lda rr6,<<33>>0xa7c4
71180:  5f008400285a       call <<4>>0x285a
71186:  7602840042f0       lda rr2,<<4>>0x42f0
7118c:  5f00840011f6       call <<4>>0x11f6
71192:  5f00a1003372       call <<33>>0x3372
71198:  5f008400442a       call <<4>>0x442a
7119e:  e8b4               jr 0x1108
711a0:  5e08a1000d54       jp <<33>>0x0d54
711a6:  5f00a100a498       call <<33>>0xa498
711ac:  760c84000166       lda rr12,<<4>>0x0166
711b2:  0cc10101           cpb @rr12,#0x01
711b6:  ee0f               jr nz,0x11d6
711b8:  bd10               ldk r1,#0
711ba:  0b010000           cp r1,#0x0000
711be:  e103               jr lt,0x11c6
711c0:  0b010003           cp r1,#0x0003
711c4:  e204               jr le,0x11ce
711c6:  bd2e               ldk r2,#14
711c8:  5f00840033f6       call <<4>>0x33f6
711ce:  760c84000166       lda rr12,<<4>>0x0166
711d4:  2ec9               ldb @rr12,rl1
711d6:  7602840042f0       lda rr2,<<4>>0x42f0
711dc:  bd40               ldk r4,#0
711de:  bd53               ldk r5,#3
711e0:  7606a100a7c0       lda rr6,<<33>>0xa7c0
711e6:  5f008400285a       call <<4>>0x285a
711ec:  7602840042f0       lda rr2,<<4>>0x42f0
711f2:  bd40               ldk r4,#0
711f4:  140600000000       ldl rr6,#0x00000000
711fa:  5f008400210c       call <<4>>0x210c
71200:  7602840042f0       lda rr2,<<4>>0x42f0
71206:  2104ffff           ld r4,#0xffff
7120a:  21050011           ld r5,#0x0011
7120e:  7606a100a7ae       lda rr6,<<33>>0xa7ae
71214:  5f008400285a       call <<4>>0x285a
7121a:  7602840042f0       lda rr2,<<4>>0x42f0
71220:  5f00840011f6       call <<4>>0x11f6
71226:  5f00a1003b68       call <<33>>0x3b68
7122c:  5f008400442a       call <<4>>0x442a
71232:  760ca0000046       lda rr12,<<32>>0x0046
71238:  0dc4               test @rr12
7123a:  eeb5               jr nz,0x11a6
7123c:  5e08a1000d54       jp <<33>>0x0d54
71242:  760ca0000046       lda rr12,<<32>>0x0046
71248:  0dc10000           cp @rr12,#0x0000
7124c:  e246               jr le,0x12da
7124e:  5f00a100a498       call <<33>>0xa498
71254:  760c84000166       lda rr12,<<4>>0x0166
7125a:  0cc10101           cpb @rr12,#0x01
7125e:  ee0f               jr nz,0x127e
71260:  bd10               ldk r1,#0
71262:  0b010000           cp r1,#0x0000
71266:  e103               jr lt,0x126e
71268:  0b010003           cp r1,#0x0003
7126c:  e204               jr le,0x1276
7126e:  bd2e               ldk r2,#14
71270:  5f00840033f6       call <<4>>0x33f6
71276:  760c84000166       lda rr12,<<4>>0x0166
7127c:  2ec9               ldb @rr12,rl1
7127e:  7602840042f0       lda rr2,<<4>>0x42f0
71284:  bd40               ldk r4,#0
71286:  bd53               ldk r5,#3
71288:  7606a100a7aa       lda rr6,<<33>>0xa7aa
7128e:  5f008400285a       call <<4>>0x285a
71294:  7602840042f0       lda rr2,<<4>>0x42f0
7129a:  bd40               ldk r4,#0
7129c:  140600000000       ldl rr6,#0x00000000
712a2:  5f008400210c       call <<4>>0x210c
712a8:  7602840042f0       lda rr2,<<4>>0x42f0
712ae:  2104ffff           ld r4,#0xffff
712b2:  bd5f               ldk r5,#15
712b4:  7606a100a79a       lda rr6,<<33>>0xa79a
712ba:  5f008400285a       call <<4>>0x285a
712c0:  7602840042f0       lda rr2,<<4>>0x42f0
712c6:  5f00840011f6       call <<4>>0x11f6
712cc:  5f00a1003ed0       call <<33>>0x3ed0
712d2:  5f008400442a       call <<4>>0x442a
712d8:  e8b4               jr 0x1242
712da:  5e08a1000d54       jp <<33>>0x0d54
712e0:  760ca0000046       lda rr12,<<32>>0x0046
712e6:  0dc10000           cp @rr12,#0x0000
712ea:  e247               jr le,0x137a
712ec:  5f00a100a498       call <<33>>0xa498
712f2:  760c84000166       lda rr12,<<4>>0x0166
712f8:  0cc10101           cpb @rr12,#0x01
712fc:  ee0f               jr nz,0x131c
712fe:  bd10               ldk r1,#0
71300:  0b010000           cp r1,#0x0000
71304:  e103               jr lt,0x130c
71306:  0b010003           cp r1,#0x0003
7130a:  e204               jr le,0x1314
7130c:  bd2e               ldk r2,#14
7130e:  5f00840033f6       call <<4>>0x33f6
71314:  760c84000166       lda rr12,<<4>>0x0166
7131a:  2ec9               ldb @rr12,rl1
7131c:  7602840042f0       lda rr2,<<4>>0x42f0
71322:  bd40               ldk r4,#0
71324:  bd53               ldk r5,#3
71326:  7606a100a796       lda rr6,<<33>>0xa796
7132c:  5f008400285a       call <<4>>0x285a
71332:  7602840042f0       lda rr2,<<4>>0x42f0
71338:  bd40               ldk r4,#0
7133a:  140600000000       ldl rr6,#0x00000000
71340:  5f008400210c       call <<4>>0x210c
71346:  7602840042f0       lda rr2,<<4>>0x42f0
7134c:  2104ffff           ld r4,#0xffff
71350:  2105001e           ld r5,#0x001e
71354:  7606a100a778       lda rr6,<<33>>0xa778
7135a:  5f008400285a       call <<4>>0x285a
71360:  7602840042f0       lda rr2,<<4>>0x42f0
71366:  5f00840011f6       call <<4>>0x11f6
7136c:  5f00a10041f8       call <<33>>0x41f8
71372:  5f008400442a       call <<4>>0x442a
71378:  e8b3               jr 0x12e0
7137a:  5e08a1000d54       jp <<33>>0x0d54
71380:  760ca0000046       lda rr12,<<32>>0x0046
71386:  0dc10000           cp @rr12,#0x0000
7138a:  e247               jr le,0x141a
7138c:  5f00a100a498       call <<33>>0xa498
71392:  760c84000166       lda rr12,<<4>>0x0166
71398:  0cc10101           cpb @rr12,#0x01
7139c:  ee0f               jr nz,0x13bc
7139e:  bd10               ldk r1,#0
713a0:  0b010000           cp r1,#0x0000
713a4:  e103               jr lt,0x13ac
713a6:  0b010003           cp r1,#0x0003
713aa:  e204               jr le,0x13b4
713ac:  bd2e               ldk r2,#14
713ae:  5f00840033f6       call <<4>>0x33f6
713b4:  760c84000166       lda rr12,<<4>>0x0166
713ba:  2ec9               ldb @rr12,rl1
713bc:  7602840042f0       lda rr2,<<4>>0x42f0
713c2:  bd40               ldk r4,#0
713c4:  bd53               ldk r5,#3
713c6:  7606a100a774       lda rr6,<<33>>0xa774
713cc:  5f008400285a       call <<4>>0x285a
713d2:  7602840042f0       lda rr2,<<4>>0x42f0
713d8:  bd40               ldk r4,#0
713da:  140600000000       ldl rr6,#0x00000000
713e0:  5f008400210c       call <<4>>0x210c
713e6:  7602840042f0       lda rr2,<<4>>0x42f0
713ec:  2104ffff           ld r4,#0xffff
713f0:  2105001f           ld r5,#0x001f
713f4:  7606a100a754       lda rr6,<<33>>0xa754
713fa:  5f008400285a       call <<4>>0x285a
71400:  7602840042f0       lda rr2,<<4>>0x42f0
71406:  5f00840011f6       call <<4>>0x11f6
7140c:  5f00a10045ac       call <<33>>0x45ac
71412:  5f008400442a       call <<4>>0x442a
71418:  e8b3               jr 0x1380
7141a:  5e08a1000d54       jp <<33>>0x0d54
71420:  760ca0000046       lda rr12,<<32>>0x0046
71426:  0dc10000           cp @rr12,#0x0000
7142a:  e247               jr le,0x14ba
7142c:  5f00a100a498       call <<33>>0xa498
71432:  760c84000166       lda rr12,<<4>>0x0166
71438:  0cc10101           cpb @rr12,#0x01
7143c:  ee0f               jr nz,0x145c
7143e:  bd10               ldk r1,#0
71440:  0b010000           cp r1,#0x0000
71444:  e103               jr lt,0x144c
71446:  0b010003           cp r1,#0x0003
7144a:  e204               jr le,0x1454
7144c:  bd2e               ldk r2,#14
7144e:  5f00840033f6       call <<4>>0x33f6
71454:  760c84000166       lda rr12,<<4>>0x0166
7145a:  2ec9               ldb @rr12,rl1
7145c:  7602840042f0       lda rr2,<<4>>0x42f0
71462:  bd40               ldk r4,#0
71464:  bd53               ldk r5,#3
71466:  7606a100a750       lda rr6,<<33>>0xa750
7146c:  5f008400285a       call <<4>>0x285a
71472:  7602840042f0       lda rr2,<<4>>0x42f0
71478:  bd40               ldk r4,#0
7147a:  140600000000       ldl rr6,#0x00000000
71480:  5f008400210c       call <<4>>0x210c
71486:  7602840042f0       lda rr2,<<4>>0x42f0
7148c:  2104ffff           ld r4,#0xffff
71490:  21050017           ld r5,#0x0017
71494:  7606a100a738       lda rr6,<<33>>0xa738
7149a:  5f008400285a       call <<4>>0x285a
714a0:  7602840042f0       lda rr2,<<4>>0x42f0
714a6:  5f00840011f6       call <<4>>0x11f6
714ac:  5f00a10051d2       call <<33>>0x51d2
714b2:  5f008400442a       call <<4>>0x442a
714b8:  e8b3               jr 0x1420
714ba:  e84c               jr 0x1554
714bc:  5f00a100a498       call <<33>>0xa498
714c2:  760c84000166       lda rr12,<<4>>0x0166
714c8:  0cc10101           cpb @rr12,#0x01
714cc:  ee0f               jr nz,0x14ec
714ce:  bd10               ldk r1,#0
714d0:  0b010000           cp r1,#0x0000
714d4:  e103               jr lt,0x14dc
714d6:  0b010003           cp r1,#0x0003
714da:  e204               jr le,0x14e4
714dc:  bd2e               ldk r2,#14
714de:  5f00840033f6       call <<4>>0x33f6
714e4:  760c84000166       lda rr12,<<4>>0x0166
714ea:  2ec9               ldb @rr12,rl1
714ec:  7602840042f0       lda rr2,<<4>>0x42f0
714f2:  bd40               ldk r4,#0
714f4:  bd53               ldk r5,#3
714f6:  7606a100a734       lda rr6,<<33>>0xa734
714fc:  5f008400285a       call <<4>>0x285a
71502:  7602840042f0       lda rr2,<<4>>0x42f0
71508:  bd40               ldk r4,#0
7150a:  140600000000       ldl rr6,#0x00000000
71510:  5f008400210c       call <<4>>0x210c
71516:  7602840042f0       lda rr2,<<4>>0x42f0
7151c:  2104ffff           ld r4,#0xffff
71520:  21050020           ld r5,#0x0020
71524:  7606a100a714       lda rr6,<<33>>0xa714
7152a:  5f008400285a       call <<4>>0x285a
71530:  7602840042f0       lda rr2,<<4>>0x42f0
71536:  5f00840011f6       call <<4>>0x11f6
7153c:  5f00a100553c       call <<33>>0x553c
71542:  5f008400442a       call <<4>>0x442a
71548:  760ca0000046       lda rr12,<<32>>0x0046
7154e:  0dc4               test @rr12
71550:  eeb5               jr nz,0x14bc
71552:  e800               jr 0x1554
71554:  760ca0000044       lda rr12,<<32>>0x0044
7155a:  0dc4               test @rr12
7155c:  5e0ea100051e       jp nz,<<33>>0x051e
71562:  7602a100a6ec       lda rr2,<<33>>0xa6ec
71568:  5f008400447a       call <<4>>0x447a
7156e:  5f008400443e       call <<4>>0x443e
71574:  8cf4               testb rl7
71576:  5e06a100050c       jp z,<<33>>0x050c
7157c:  5f0084004452       call <<4>>0x4452
71582:  5f00a0000336       call <<32>>0x0336
71588:  010f0042           add r15,#0x0042
7158c:  9e08               ret 
7158e:  030f0014           sub r15,#0x0014
71592:  0de50018           ld @rr14,#0x0018
71596:  5f008400460a       call <<4>>0x460a
7159c:  6ff71912           ld <<25>>0x0012(r15),r7
715a0:  4d01a100b77cffff   cp <<33>>0xb77c,#0xffff
715a8:  e61d               jr z,0x15e4
715aa:  7602840042f0       lda rr2,<<4>>0x42f0
715b0:  bd40               ldk r4,#0
715b2:  140600000000       ldl rr6,#0x00000000
715b8:  5f008400210c       call <<4>>0x210c
715be:  7602840042f0       lda rr2,<<4>>0x42f0
715c4:  2104ffff           ld r4,#0xffff
715c8:  2105001a           ld r5,#0x001a
715cc:  7606a100ab0e       lda rr6,<<33>>0xab0e
715d2:  5f008400285a       call <<4>>0x285a
715d8:  7602840042f0       lda rr2,<<4>>0x42f0
715de:  5f00840011f6       call <<4>>0x11f6
715e4:  61f11912           ld r1,<<25>>0x0012(r15)
715e8:  6f01a100b77c       ld <<33>>0xb77c,r1
715ee:  760ca100bf8e       lda rr12,<<33>>0xbf8e
715f4:  21c2               ld r2,@rr12
715f6:  760ca100bf8a       lda rr12,<<33>>0xbf8a
715fc:  14c4               ldl rr4,@rr12
715fe:  5f00a1008f5e       call <<33>>0x8f5e
71604:  6f07a100b77a       ld <<33>>0xb77a,r7
7160a:  5f008400461e       call <<4>>0x461e
71610:  010f0014           add r15,#0x0014
71614:  9e08               ret 
71616:  030f0042           sub r15,#0x0042
7161a:  0de50046           ld @rr14,#0x0046
7161e:  7602840042f0       lda rr2,<<4>>0x42f0
71624:  bd40               ldk r4,#0
71626:  140600000000       ldl rr6,#0x00000000
7162c:  5f008400210c       call <<4>>0x210c
71632:  7602840042f0       lda rr2,<<4>>0x42f0
71638:  2104ffff           ld r4,#0xffff
7163c:  21050023           ld r5,#0x0023
71640:  7606a100ab78       lda rr6,<<33>>0xab78
71646:  5f008400285a       call <<4>>0x285a
7164c:  7602840042f0       lda rr2,<<4>>0x42f0
71652:  5f00840011f6       call <<4>>0x11f6
71658:  7602840042f0       lda rr2,<<4>>0x42f0
7165e:  bd40               ldk r4,#0
71660:  140600000000       ldl rr6,#0x00000000
71666:  5f008400210c       call <<4>>0x210c
7166c:  7602840042f0       lda rr2,<<4>>0x42f0
71672:  5f00840011f6       call <<4>>0x11f6
71678:  760ca100ab50       lda rr12,<<33>>0xab50
7167e:  34ea0018           lda rr10,rr14(#0x0018)
71682:  21010014           ld r1,#0x0014
71686:  bbc101a0           ldir @rr10,@rr12,r1
7168a:  bd21               ldk r2,#1
7168c:  34e40018           lda rr4,rr14(#0x0018)
71690:  5f00840044b6       call <<4>>0x44b6
71696:  760ca0000114       lda rr12,<<32>>0x0114
7169c:  21c1               ld r1,@rr12
7169e:  6ff11916           ld <<25>>0x0016(r15),r1
716a2:  7602840042f0       lda rr2,<<4>>0x42f0
716a8:  bd40               ldk r4,#0
716aa:  140600000000       ldl rr6,#0x00000000
716b0:  5f008400210c       call <<4>>0x210c
716b6:  7602840042f0       lda rr2,<<4>>0x42f0
716bc:  21040017           ld r4,#0x0017
716c0:  21050028           ld r5,#0x0028
716c4:  34e60018           lda rr6,rr14(#0x0018)
716c8:  5f008400285a       call <<4>>0x285a
716ce:  7602840042f0       lda rr2,<<4>>0x42f0
716d4:  bd42               ldk r4,#2
716d6:  61f51916           ld r5,<<25>>0x0016(r15)
716da:  5f0084002814       call <<4>>0x2814
716e0:  7602840042f0       lda rr2,<<4>>0x42f0
716e6:  2104ffff           ld r4,#0xffff
716ea:  bd57               ldk r5,#7
716ec:  7606a100ab48       lda rr6,<<33>>0xab48
716f2:  5f008400285a       call <<4>>0x285a
716f8:  76028400434c       lda rr2,<<4>>0x434c
716fe:  5f0084001bbc       call <<4>>0x1bbc
71704:  6eff1906           ldb <<25>>0x0006(r15),rl7
71708:  4cf41906           testb <<25>>0x0006(r15)
7170c:  ee08               jr nz,0x171e
7170e:  76028400434c       lda rr2,<<4>>0x434c
71714:  5f008400298e       call <<4>>0x298e
7171a:  6ff71916           ld <<25>>0x0016(r15),r7
7171e:  76028400434c       lda rr2,<<4>>0x434c
71724:  5f0084001a0c       call <<4>>0x1a0c
7172a:  61f21916           ld r2,<<25>>0x0016(r15)
7172e:  bd31               ldk r3,#1
71730:  34ec0014           lda rr12,rr14(#0x0014)
71734:  94c4               ldl rr4,rr12
71736:  5f00840044a2       call <<4>>0x44a2
7173c:  6eff1906           ldb <<25>>0x0006(r15),rl7
71740:  4cf41906           testb <<25>>0x0006(r15)
71744:  eea8               jr nz,0x1696
71746:  61f11916           ld r1,<<25>>0x0016(r15)
7174a:  760ca0000114       lda rr12,<<32>>0x0114
71750:  2fc1               ld @rr12,r1
71752:  760ca0000114       lda rr12,<<32>>0x0114
71758:  31c10002           ld r1,rr12(#0x0002)
7175c:  6ff11916           ld <<25>>0x0016(r15),r1
71760:  7602840042f0       lda rr2,<<4>>0x42f0
71766:  bd40               ldk r4,#0
71768:  140600000000       ldl rr6,#0x00000000
7176e:  5f008400210c       call <<4>>0x210c
71774:  7602840042f0       lda rr2,<<4>>0x42f0
7177a:  2104ffff           ld r4,#0xffff
7177e:  21050018           ld r5,#0x0018
71782:  7606a100ab30       lda rr6,<<33>>0xab30
71788:  5f008400285a       call <<4>>0x285a
7178e:  7602840042f0       lda rr2,<<4>>0x42f0
71794:  bd41               ldk r4,#1
71796:  61f51916           ld r5,<<25>>0x0016(r15)
7179a:  5f0084002814       call <<4>>0x2814
717a0:  7602840042f0       lda rr2,<<4>>0x42f0
717a6:  2104ffff           ld r4,#0xffff
717aa:  bd57               ldk r5,#7
717ac:  7606a100ab28       lda rr6,<<33>>0xab28
717b2:  5f008400285a       call <<4>>0x285a
717b8:  76028400434c       lda rr2,<<4>>0x434c
717be:  5f0084001bbc       call <<4>>0x1bbc
717c4:  6eff1906           ldb <<25>>0x0006(r15),rl7
717c8:  4cf41906           testb <<25>>0x0006(r15)
717cc:  ee08               jr nz,0x17de
717ce:  76028400434c       lda rr2,<<4>>0x434c
717d4:  5f008400298e       call <<4>>0x298e
717da:  6ff71916           ld <<25>>0x0016(r15),r7
717de:  76028400434c       lda rr2,<<4>>0x434c
717e4:  5f0084001a0c       call <<4>>0x1a0c
717ea:  4df119160001       cp <<25>>0x0016(r15),#0x0001
717f0:  e1b0               jr lt,0x1752
717f2:  4df119160004       cp <<25>>0x0016(r15),#0x0004
717f8:  eaac               jr gt,0x1752
717fa:  760ca0000114       lda rr12,<<32>>0x0114
71800:  61f11916           ld r1,<<25>>0x0016(r15)
71804:  33c10002           ld rr12(#0x0002),r1
71808:  010f0042           add r15,#0x0042
7180c:  9e08               ret 
7180e:  030f0018           sub r15,#0x0018
71812:  0de5001c           ld @rr14,#0x001c
71816:  7602a100b77e       lda rr2,<<33>>0xb77e
7181c:  21040800           ld r4,#0x0800
71820:  5f00840045e2       call <<4>>0x45e2
71826:  760ca100bf88       lda rr12,<<33>>0xbf88
7182c:  5d0ca100bf8a       ldl <<33>>0xbf8a,rr12
71832:  7602a1000d8e       lda rr2,<<33>>0x0d8e
71838:  2104ffff           ld r4,#0xffff
7183c:  2105ffff           ld r5,#0xffff
71840:  5f00840045ba       call <<4>>0x45ba
71846:  5df61912           ldl <<25>>0x0012(r15),rr6
7184a:  760c84000184       lda rr12,<<4>>0x0184
71850:  21c1               ld r1,@rr12
71852:  8d14               test r1
71854:  ed02               jr pl,0x185a
71856:  8d12               neg r1
71858:  a51f               set r1,#15
7185a:  b311ffff           srl r1,#1
7185e:  a71e               bit r1,#14
71860:  e602               jr z,0x1866
71862:  a31e               res r1,#14
71864:  8d12               neg r1
71866:  6ff11916           ld <<25>>0x0016(r15),r1
7186a:  e80b               jr 0x1882
7186c:  54f21912           ldl rr2,<<25>>0x0012(r15)
71870:  61f11916           ld r1,<<25>>0x0016(r15)
71874:  8111               add r1,r1
71876:  a114               ld r4,r1
71878:  5f0084004592       call <<4>>0x4592
7187e:  69f01916           inc <<25>>0x0016(r15),#1
71882:  4df11916007f       cp <<25>>0x0016(r15),#0x007f
71888:  e2f1               jr le,0x186c
7188a:  010f0018           add r15,#0x0018
7188e:  9e08               ret 
71890:  030f001c           sub r15,#0x001c
71894:  0de50020           ld @rr14,#0x0020
71898:  760ca0000114       lda rr12,<<32>>0x0114
7189e:  21c2               ld r2,@rr12
718a0:  bd31               ldk r3,#1
718a2:  34ec0016           lda rr12,rr14(#0x0016)
718a6:  94c4               ldl rr4,rr12
718a8:  5f00840044a2       call <<4>>0x44a2
718ae:  6eff1906           ldb <<25>>0x0006(r15),rl7
718b2:  60f91906           ldb rl1,<<25>>0x0006(r15)
718b6:  b110               extsb r1
718b8:  0b010000           cp r1,#0x0000
718bc:  e103               jr lt,0x18c4
718be:  0b010001           cp r1,#0x0001
718c2:  e204               jr le,0x18cc
718c4:  bd2e               ldk r2,#14
718c6:  5f00840033f6       call <<4>>0x33f6
718cc:  6ef9191a           ldb <<25>>0x001a(r15),rl1
718d0:  61f21916           ld r2,<<25>>0x0016(r15)
718d4:  210300e1           ld r3,#0x00e1
718d8:  5f00840045a6       call <<4>>0x45a6
718de:  6ff71906           ld <<25>>0x0006(r15),r7
718e2:  4df41906           test <<25>>0x0006(r15)
718e6:  e60f               jr z,0x1906
718e8:  bd13               ldk r1,#3
718ea:  0b010000           cp r1,#0x0000
718ee:  e103               jr lt,0x18f6
718f0:  0b010003           cp r1,#0x0003
718f4:  e204               jr le,0x18fe
718f6:  bd2e               ldk r2,#14
718f8:  5f00840033f6       call <<4>>0x33f6
718fe:  760c84000166       lda rr12,<<4>>0x0166
71904:  2ec9               ldb @rr12,rl1
71906:  61f11916           ld r1,<<25>>0x0016(r15)
7190a:  8d14               test r1
7190c:  ed02               jr pl,0x1912
7190e:  8d12               neg r1
71910:  a51f               set r1,#15
71912:  b311fff8           srl r1,#8
71916:  a717               bit r1,#7
71918:  e602               jr z,0x191e
7191a:  a317               res r1,#7
7191c:  8d12               neg r1
7191e:  760ca100bf8e       lda rr12,<<33>>0xbf8e
71924:  2fc1               ld @rr12,r1
71926:  760c84000166       lda rr12,<<4>>0x0166
7192c:  0cc10000           cpb @rr12,#0x00
71930:  ee0b               jr nz,0x1948
71932:  760ca100bf8e       lda rr12,<<33>>0xbf8e
71938:  21c2               ld r2,@rr12
7193a:  760c84000184       lda rr12,<<4>>0x0184
71940:  21c3               ld r3,@rr12
71942:  5f00a1001634       call <<33>>0x1634
71948:  760c84000166       lda rr12,<<4>>0x0166
7194e:  0cc10000           cpb @rr12,#0x00
71952:  5e0ea10012ac       jp nz,<<33>>0x12ac
71958:  760ca100bf8e       lda rr12,<<33>>0xbf8e
7195e:  21c2               ld r2,@rr12
71960:  34ec0018           lda rr12,rr14(#0x0018)
71964:  94c4               ldl rr4,rr12
71966:  5f00a1009dca       call <<33>>0x9dca
7196c:  6ff71914           ld <<25>>0x0014(r15),r7
71970:  61f21914           ld r2,<<25>>0x0014(r15)
71974:  5f00a1005f64       call <<33>>0x5f64
7197a:  8cf4               testb rl7
7197c:  5e06a10012ac       jp z,<<33>>0x12ac
71982:  61f11918           ld r1,<<25>>0x0018(r15)
71986:  0b0101e1           cp r1,#0x01e1
7198a:  ee1e               jr nz,0x19c8
7198c:  7602840042f0       lda rr2,<<4>>0x42f0
71992:  bd40               ldk r4,#0
71994:  140600000000       ldl rr6,#0x00000000
7199a:  5f008400210c       call <<4>>0x210c
719a0:  7602840042f0       lda rr2,<<4>>0x42f0
719a6:  2104ffff           ld r4,#0xffff
719aa:  21050018           ld r5,#0x0018
719ae:  7606a100abd4       lda rr6,<<33>>0xabd4
719b4:  5f008400285a       call <<4>>0x285a
719ba:  7602840042f0       lda rr2,<<4>>0x42f0
719c0:  5f00840011f6       call <<4>>0x11f6
719c6:  e872               jr 0x1aac
719c8:  0b0100e1           cp r1,#0x00e1
719cc:  ee1e               jr nz,0x1a0a
719ce:  7602840042f0       lda rr2,<<4>>0x42f0
719d4:  bd40               ldk r4,#0
719d6:  140600000000       ldl rr6,#0x00000000
719dc:  5f008400210c       call <<4>>0x210c
719e2:  7602840042f0       lda rr2,<<4>>0x42f0
719e8:  2104ffff           ld r4,#0xffff
719ec:  21050018           ld r5,#0x0018
719f0:  7606a100abbc       lda rr6,<<33>>0xabbc
719f6:  5f008400285a       call <<4>>0x285a
719fc:  7602840042f0       lda rr2,<<4>>0x42f0
71a02:  5f00840011f6       call <<4>>0x11f6
71a08:  e851               jr 0x1aac
71a0a:  bd11               ldk r1,#1
71a0c:  0b010000           cp r1,#0x0000
71a10:  e103               jr lt,0x1a18
71a12:  0b010003           cp r1,#0x0003
71a16:  e204               jr le,0x1a20
71a18:  bd2e               ldk r2,#14
71a1a:  5f00840033f6       call <<4>>0x33f6
71a20:  760c84000166       lda rr12,<<4>>0x0166
71a26:  2ec9               ldb @rr12,rl1
71a28:  5f00840044de       call <<4>>0x44de
71a2e:  7602840042f0       lda rr2,<<4>>0x42f0
71a34:  bd40               ldk r4,#0
71a36:  bd53               ldk r5,#3
71a38:  7606a100abb8       lda rr6,<<33>>0xabb8
71a3e:  5f008400285a       call <<4>>0x285a
71a44:  7602840042f0       lda rr2,<<4>>0x42f0
71a4a:  2104ffff           ld r4,#0xffff
71a4e:  2105001c           ld r5,#0x001c
71a52:  7606a100ab9c       lda rr6,<<33>>0xab9c
71a58:  5f008400285a       call <<4>>0x285a
71a5e:  7602840042f0       lda rr2,<<4>>0x42f0
71a64:  5f00840011f6       call <<4>>0x11f6
71a6a:  760c84000175       lda rr12,<<4>>0x0175
71a70:  20c9               ldb rl1,@rr12
71a72:  8c18               clrb rh1
71a74:  0b010000           cp r1,#0x0000
71a78:  e103               jr lt,0x1a80
71a7a:  0b0100ff           cp r1,#0x00ff
71a7e:  e205               jr le,0x1a8a
71a80:  21020010           ld r2,#0x0010
71a84:  5f00840033f6       call <<4>>0x33f6
71a8a:  a112               ld r2,r1
71a8c:  760ca0000114       lda rr12,<<32>>0x0114
71a92:  21c3               ld r3,@rr12
71a94:  760ca0000114       lda rr12,<<32>>0x0114
71a9a:  31c40002           ld r4,rr12(#0x0002)
71a9e:  210500e1           ld r5,#0x00e1
71aa2:  210600fc           ld r6,#0x00fc
71aa6:  5f00840044f2       call <<4>>0x44f2
71aac:  010f001c           add r15,#0x001c
71ab0:  9e08               ret 
71ab2:  030f0014           sub r15,#0x0014
71ab6:  0de50018           ld @rr14,#0x0018
71aba:  760ca100bf8e       lda rr12,<<33>>0xbf8e
71ac0:  21c2               ld r2,@rr12
71ac2:  760ca100bf8a       lda rr12,<<33>>0xbf8a
71ac8:  14c4               ldl rr4,@rr12
71aca:  5f00a1009f32       call <<33>>0x9f32
71ad0:  6ff71912           ld <<25>>0x0012(r15),r7
71ad4:  61f21912           ld r2,<<25>>0x0012(r15)
71ad8:  5f00a100620c       call <<33>>0x620c
71ade:  8cf4               testb rl7
71ae0:  e638               jr z,0x1b52
71ae2:  760ca100bf8e       lda rr12,<<33>>0xbf8e
71ae8:  21c2               ld r2,@rr12
71aea:  5f00a1009e52       call <<33>>0x9e52
71af0:  6ff71912           ld <<25>>0x0012(r15),r7
71af4:  61f21912           ld r2,<<25>>0x0012(r15)
71af8:  5f00a100620c       call <<33>>0x620c
71afe:  8cf4               testb rl7
71b00:  e628               jr z,0x1b52
71b02:  760ca100bf8e       lda rr12,<<33>>0xbf8e
71b08:  21c2               ld r2,@rr12
71b0a:  760ca100bf8a       lda rr12,<<33>>0xbf8a
71b10:  14c4               ldl rr4,@rr12
71b12:  5f00a1009e72       call <<33>>0x9e72
71b18:  6ff71912           ld <<25>>0x0012(r15),r7
71b1c:  61f21912           ld r2,<<25>>0x0012(r15)
71b20:  5f00a100620c       call <<33>>0x620c
71b26:  8cf4               testb rl7
71b28:  e614               jr z,0x1b52
71b2a:  760ca100bf8e       lda rr12,<<33>>0xbf8e
71b30:  21c2               ld r2,@rr12
71b32:  760ca100bf8a       lda rr12,<<33>>0xbf8a
71b38:  14c4               ldl rr4,@rr12
71b3a:  5f00a1009f52       call <<33>>0x9f52
71b40:  6ff71912           ld <<25>>0x0012(r15),r7
71b44:  61f21912           ld r2,<<25>>0x0012(r15)
71b48:  5f00a100620c       call <<33>>0x620c
71b4e:  8cf4               testb rl7
71b50:  e600               jr z,0x1b52
71b52:  010f0014           add r15,#0x0014
71b56:  9e08               ret 
71b58:  030f003c           sub r15,#0x003c
71b5c:  0de50040           ld @rr14,#0x0040
71b60:  5cf902051906       ldm <<25>>0x0006(r15),r2,#6
71b66:  bd11               ldk r1,#1
71b68:  0b010000           cp r1,#0x0000
71b6c:  e103               jr lt,0x1b74
71b6e:  0b010003           cp r1,#0x0003
71b72:  e204               jr le,0x1b7c
71b74:  bd2e               ldk r2,#14
71b76:  5f00840033f6       call <<4>>0x33f6
71b7c:  760c84000166       lda rr12,<<4>>0x0166
71b82:  2ec9               ldb @rr12,rl1
71b84:  5f00840044de       call <<4>>0x44de
71b8a:  7602840042f0       lda rr2,<<4>>0x42f0
71b90:  bd40               ldk r4,#0
71b92:  bd53               ldk r5,#3
71b94:  7606a100ac2a       lda rr6,<<33>>0xac2a
71b9a:  5f008400285a       call <<4>>0x285a
71ba0:  7602840042f0       lda rr2,<<4>>0x42f0
71ba6:  2104ffff           ld r4,#0xffff
71baa:  2105001b           ld r5,#0x001b
71bae:  7606a100ac0e       lda rr6,<<33>>0xac0e
71bb4:  5f008400285a       call <<4>>0x285a
71bba:  7602840042f0       lda rr2,<<4>>0x42f0
71bc0:  5f00840011f6       call <<4>>0x11f6
71bc6:  61f11906           ld r1,<<25>>0x0006(r15)
71bca:  b3190008           sla r1,#8
71bce:  6ff11912           ld <<25>>0x0012(r15),r1
71bd2:  bd22               ldk r2,#2
71bd4:  34ec0012           lda rr12,rr14(#0x0012)
71bd8:  94c4               ldl rr4,rr12
71bda:  34e60014           lda rr6,rr14(#0x0014)
71bde:  5f0084004556       call <<4>>0x4556
71be4:  7602840042f0       lda rr2,<<4>>0x42f0
71bea:  bd40               ldk r4,#0
71bec:  bd53               ldk r5,#3
71bee:  7606a100ac0a       lda rr6,<<33>>0xac0a
71bf4:  5f008400285a       call <<4>>0x285a
71bfa:  7602840042f0       lda rr2,<<4>>0x42f0
71c00:  2104ffff           ld r4,#0xffff
71c04:  bd5f               ldk r5,#15
71c06:  7606a100abfa       lda rr6,<<33>>0xabfa
71c0c:  5f008400285a       call <<4>>0x285a
71c12:  7602840042f0       lda rr2,<<4>>0x42f0
71c18:  bd42               ldk r4,#2
71c1a:  21050028           ld r5,#0x0028
71c1e:  34e60014           lda rr6,rr14(#0x0014)
71c22:  5f008400285a       call <<4>>0x285a
71c28:  61f11908           ld r1,<<25>>0x0008(r15)
71c2c:  b3190008           sla r1,#8
71c30:  6ff11912           ld <<25>>0x0012(r15),r1
71c34:  bd22               ldk r2,#2
71c36:  34ec0012           lda rr12,rr14(#0x0012)
71c3a:  94c4               ldl rr4,rr12
71c3c:  34e60014           lda rr6,rr14(#0x0014)
71c40:  5f0084004556       call <<4>>0x4556
71c46:  7602840042f0       lda rr2,<<4>>0x42f0
71c4c:  2104ffff           ld r4,#0xffff
71c50:  bd5e               ldk r5,#14
71c52:  7606a100abec       lda rr6,<<33>>0xabec
71c58:  5f008400285a       call <<4>>0x285a
71c5e:  7602840042f0       lda rr2,<<4>>0x42f0
71c64:  bd42               ldk r4,#2
71c66:  21050028           ld r5,#0x0028
71c6a:  34e60014           lda rr6,rr14(#0x0014)
71c6e:  5f008400285a       call <<4>>0x285a
71c74:  7602840042f0       lda rr2,<<4>>0x42f0
71c7a:  5f00840011f6       call <<4>>0x11f6
71c80:  760c84000175       lda rr12,<<4>>0x0175
71c86:  20c9               ldb rl1,@rr12
71c88:  8c18               clrb rh1
71c8a:  0b010000           cp r1,#0x0000
71c8e:  e103               jr lt,0x1c96
71c90:  0b0100ff           cp r1,#0x00ff
71c94:  e205               jr le,0x1ca0
71c96:  21020010           ld r2,#0x0010
71c9a:  5f00840033f6       call <<4>>0x33f6
71ca0:  a112               ld r2,r1
71ca2:  760ca0000114       lda rr12,<<32>>0x0114
71ca8:  21c3               ld r3,@rr12
71caa:  760ca0000114       lda rr12,<<32>>0x0114
71cb0:  31c40002           ld r4,rr12(#0x0002)
71cb4:  210500e1           ld r5,#0x00e1
71cb8:  bd63               ldk r6,#3
71cba:  5f00840044f2       call <<4>>0x44f2
71cc0:  010f003c           add r15,#0x003c
71cc4:  9e08               ret 
71cc6:  030f003c           sub r15,#0x003c
71cca:  0de50040           ld @rr14,#0x0040
71cce:  5cf902051906       ldm <<25>>0x0006(r15),r2,#6
71cd4:  bd11               ldk r1,#1
71cd6:  0b010000           cp r1,#0x0000
71cda:  e103               jr lt,0x1ce2
71cdc:  0b010003           cp r1,#0x0003
71ce0:  e204               jr le,0x1cea
71ce2:  bd2e               ldk r2,#14
71ce4:  5f00840033f6       call <<4>>0x33f6
71cea:  760c84000166       lda rr12,<<4>>0x0166
71cf0:  2ec9               ldb @rr12,rl1
71cf2:  5f00840044de       call <<4>>0x44de
71cf8:  7602840042f0       lda rr2,<<4>>0x42f0
71cfe:  bd40               ldk r4,#0
71d00:  bd53               ldk r5,#3
71d02:  7606a100ac70       lda rr6,<<33>>0xac70
71d08:  5f008400285a       call <<4>>0x285a
71d0e:  7602840042f0       lda rr2,<<4>>0x42f0
71d14:  2104ffff           ld r4,#0xffff
71d18:  21050021           ld r5,#0x0021
71d1c:  7606a100ac4e       lda rr6,<<33>>0xac4e
71d22:  5f008400285a       call <<4>>0x285a
71d28:  7602840042f0       lda rr2,<<4>>0x42f0
71d2e:  5f00840011f6       call <<4>>0x11f6
71d34:  61f11906           ld r1,<<25>>0x0006(r15)
71d38:  b3190008           sla r1,#8
71d3c:  6ff11912           ld <<25>>0x0012(r15),r1
71d40:  bd22               ldk r2,#2
71d42:  34ec0012           lda rr12,rr14(#0x0012)
71d46:  94c4               ldl rr4,rr12
71d48:  34e60014           lda rr6,rr14(#0x0014)
71d4c:  5f0084004556       call <<4>>0x4556
71d52:  7602840042f0       lda rr2,<<4>>0x42f0
71d58:  bd40               ldk r4,#0
71d5a:  bd53               ldk r5,#3
71d5c:  7606a100ac4a       lda rr6,<<33>>0xac4a
71d62:  5f008400285a       call <<4>>0x285a
71d68:  7602840042f0       lda rr2,<<4>>0x42f0
71d6e:  2104ffff           ld r4,#0xffff
71d72:  bd5e               ldk r5,#14
71d74:  7606a100ac3c       lda rr6,<<33>>0xac3c
71d7a:  5f008400285a       call <<4>>0x285a
71d80:  7602840042f0       lda rr2,<<4>>0x42f0
71d86:  bd42               ldk r4,#2
71d88:  21050028           ld r5,#0x0028
71d8c:  34e60014           lda rr6,rr14(#0x0014)
71d90:  5f008400285a       call <<4>>0x285a
71d96:  61f11908           ld r1,<<25>>0x0008(r15)
71d9a:  b3190008           sla r1,#8
71d9e:  6ff11912           ld <<25>>0x0012(r15),r1
71da2:  bd22               ldk r2,#2
71da4:  34ec0012           lda rr12,rr14(#0x0012)
71da8:  94c4               ldl rr4,rr12
71daa:  34e60014           lda rr6,rr14(#0x0014)
71dae:  5f0084004556       call <<4>>0x4556
71db4:  7602840042f0       lda rr2,<<4>>0x42f0
71dba:  2104ffff           ld r4,#0xffff
71dbe:  bd5e               ldk r5,#14
71dc0:  7606a100ac2e       lda rr6,<<33>>0xac2e
71dc6:  5f008400285a       call <<4>>0x285a
71dcc:  7602840042f0       lda rr2,<<4>>0x42f0
71dd2:  bd42               ldk r4,#2
71dd4:  21050028           ld r5,#0x0028
71dd8:  34e60014           lda rr6,rr14(#0x0014)
71ddc:  5f008400285a       call <<4>>0x285a
71de2:  7602840042f0       lda rr2,<<4>>0x42f0
71de8:  5f00840011f6       call <<4>>0x11f6
71dee:  760c84000175       lda rr12,<<4>>0x0175
71df4:  20c9               ldb rl1,@rr12
71df6:  8c18               clrb rh1
71df8:  0b010000           cp r1,#0x0000
71dfc:  e103               jr lt,0x1e04
71dfe:  0b0100ff           cp r1,#0x00ff
71e02:  e205               jr le,0x1e0e
71e04:  21020010           ld r2,#0x0010
71e08:  5f00840033f6       call <<4>>0x33f6
71e0e:  a112               ld r2,r1
71e10:  760ca0000114       lda rr12,<<32>>0x0114
71e16:  21c3               ld r3,@rr12
71e18:  760ca0000114       lda rr12,<<32>>0x0114
71e1e:  31c40002           ld r4,rr12(#0x0002)
71e22:  210500e1           ld r5,#0x00e1
71e26:  bd63               ldk r6,#3
71e28:  5f00840044f2       call <<4>>0x44f2
71e2e:  010f003c           add r15,#0x003c
71e32:  9e08               ret 
71e34:  030f001e           sub r15,#0x001e
71e38:  0de50022           ld @rr14,#0x0022
71e3c:  5cf902051906       ldm <<25>>0x0006(r15),r2,#6
71e42:  bd2c               ldk r2,#12
71e44:  34e40016           lda rr4,rr14(#0x0016)
71e48:  7606a2003e00       lda rr6,<<34>>0x3e00
71e4e:  5f00840041e4       call <<4>>0x41e4
71e54:  760ca100b77c       lda rr12,<<33>>0xb77c
71e5a:  0dc5ffff           ld @rr12,#0xffff
71e5e:  61f21906           ld r2,<<25>>0x0006(r15)
71e62:  61f31908           ld r3,<<25>>0x0008(r15)
71e66:  760ca100bf8a       lda rr12,<<33>>0xbf8a
71e6c:  14c4               ldl rr4,@rr12
71e6e:  5f00a1009472       call <<33>>0x9472
71e74:  6ff71912           ld <<25>>0x0012(r15),r7
71e78:  61f21912           ld r2,<<25>>0x0012(r15)
71e7c:  5f00a1005f64       call <<33>>0x5f64
71e82:  8cf4               testb rl7
71e84:  5e06a1001a3e       jp z,<<33>>0x1a3e
71e8a:  5f00a100595e       call <<33>>0x595e
71e90:  760c84000166       lda rr12,<<4>>0x0166
71e96:  0cc10000           cpb @rr12,#0x00
71e9a:  5e0ea1001a3e       jp nz,<<33>>0x1a3e
71ea0:  760ca100b77a       lda rr12,<<33>>0xb77a
71ea6:  0dc100f2           cp @rr12,#0x00f2
71eaa:  e609               jr z,0x1ebe
71eac:  210200f2           ld r2,#0x00f2
71eb0:  760ca100b77a       lda rr12,<<33>>0xb77a
71eb6:  21c3               ld r3,@rr12
71eb8:  5f00a1001358       call <<33>>0x1358
71ebe:  760c84000166       lda rr12,<<4>>0x0166
71ec4:  0cc10000           cpb @rr12,#0x00
71ec8:  5e0ea1001a3e       jp nz,<<33>>0x1a3e
71ece:  760ca100b77c       lda rr12,<<33>>0xb77c
71ed4:  21c1               ld r1,@rr12
71ed6:  4bf11908           cp r1,<<25>>0x0008(r15)
71eda:  e609               jr z,0x1eee
71edc:  760ca100b77c       lda rr12,<<33>>0xb77c
71ee2:  21c2               ld r2,@rr12
71ee4:  61f31908           ld r3,<<25>>0x0008(r15)
71ee8:  5f00a10014c6       call <<33>>0x14c6
71eee:  760c84000166       lda rr12,<<4>>0x0166
71ef4:  0cc10000           cpb @rr12,#0x00
71ef8:  5e0ea1001a3e       jp nz,<<33>>0x1a3e
71efe:  61f21906           ld r2,<<25>>0x0006(r15)
71f02:  54f41916           ldl rr4,<<25>>0x0016(r15)
71f06:  5f00a100957a       call <<33>>0x957a
71f0c:  6ff71912           ld <<25>>0x0012(r15),r7
71f10:  4df119120019       cp <<25>>0x0012(r15),#0x0019
71f16:  5e0ea100199c       jp nz,<<33>>0x199c
71f1c:  4df8191c           clr <<25>>0x001c(r15)
71f20:  5e08a100198e       jp <<33>>0x198e
71f26:  61f1191c           ld r1,<<25>>0x001c(r15)
71f2a:  0b010000           cp r1,#0x0000
71f2e:  e103               jr lt,0x1f36
71f30:  0b010003           cp r1,#0x0003
71f34:  e204               jr le,0x1f3e
71f36:  bd2d               ldk r2,#13
71f38:  5f00840033f6       call <<4>>0x33f6
71f3e:  8111               add r1,r1
71f40:  54fc1916           ldl rr12,<<25>>0x0016(r15)
71f44:  811d               add r13,r1
71f46:  21c1               ld r1,@rr12
71f48:  0701000f           and r1,#0x000f
71f4c:  6ff11914           ld <<25>>0x0014(r15),r1
71f50:  61f11914           ld r1,<<25>>0x0014(r15)
71f54:  07010003           and r1,#0x0003
71f58:  6ff1191a           ld <<25>>0x001a(r15),r1
71f5c:  4df4191a           test <<25>>0x001a(r15)
71f60:  ee03               jr nz,0x1f68
71f62:  4df5191a0004       ld <<25>>0x001a(r15),#0x0004
71f68:  61f11914           ld r1,<<25>>0x0014(r15)
71f6c:  8d14               test r1
71f6e:  ed02               jr pl,0x1f74
71f70:  8d12               neg r1
71f72:  a51f               set r1,#15
71f74:  b311fffd           srl r1,#3
71f78:  a71c               bit r1,#12
71f7a:  e602               jr z,0x1f80
71f7c:  a31c               res r1,#12
71f7e:  8d12               neg r1
71f80:  b3190003           sla r1,#3
71f84:  41f1191a           add r1,<<25>>0x001a(r15)
71f88:  6ff11914           ld <<25>>0x0014(r15),r1
71f8c:  61f11914           ld r1,<<25>>0x0014(r15)
71f90:  ab10               dec r1,#1
71f92:  e10a               jr lt,0x1fa8
71f94:  0b01000b           cp r1,#0x000b
71f98:  ea07               jr gt,0x1fa8
71f9a:  8111               add r1,r1
71f9c:  6111a100ac74       ld r1,<<33>>0xac74(r1)
71fa2:  5e18a1001358       jp <<33>>0x1358(r1)
71fa8:  bd20               ldk r2,#0
71faa:  5f00840033f6       call <<4>>0x33f6
71fb0:  bd11               ldk r1,#1
71fb2:  0b010000           cp r1,#0x0000
71fb6:  e103               jr lt,0x1fbe
71fb8:  0b010001           cp r1,#0x0001
71fbc:  e204               jr le,0x1fc6
71fbe:  bd2e               ldk r2,#14
71fc0:  5f00840033f6       call <<4>>0x33f6
71fc6:  bd21               ldk r2,#1
71fc8:  0b020001           cp r2,#0x0001
71fcc:  e103               jr lt,0x1fd4
71fce:  0b020004           cp r2,#0x0004
71fd2:  e204               jr le,0x1fdc
71fd4:  bd2d               ldk r2,#13
71fd6:  5f00840033f6       call <<4>>0x33f6
71fdc:  760ca100bf84       lda rr12,<<33>>0xbf84
71fe2:  812d               add r13,r2
71fe4:  32c9ffff           ldb rr12(#0xffff),rl1
71fe8:  5e08a100198a       jp <<33>>0x198a
71fee:  bd11               ldk r1,#1
71ff0:  0b010000           cp r1,#0x0000
71ff4:  e103               jr lt,0x1ffc
71ff6:  0b010001           cp r1,#0x0001
71ffa:  e204               jr le,0x2004
71ffc:  bd2e               ldk r2,#14
71ffe:  5f00840033f6       call <<4>>0x33f6
72004:  bd22               ldk r2,#2
72006:  0b020001           cp r2,#0x0001
7200a:  e103               jr lt,0x2012
7200c:  0b020004           cp r2,#0x0004
72010:  e204               jr le,0x201a
72012:  bd2d               ldk r2,#13
72014:  5f00840033f6       call <<4>>0x33f6
7201a:  760ca100bf84       lda rr12,<<33>>0xbf84
72020:  812d               add r13,r2
72022:  32c9ffff           ldb rr12(#0xffff),rl1
72026:  5e08a100198a       jp <<33>>0x198a
7202c:  bd11               ldk r1,#1
7202e:  0b010000           cp r1,#0x0000
72032:  e103               jr lt,0x203a
72034:  0b010001           cp r1,#0x0001
72038:  e204               jr le,0x2042
7203a:  bd2e               ldk r2,#14
7203c:  5f00840033f6       call <<4>>0x33f6
72042:  bd23               ldk r2,#3
72044:  0b020001           cp r2,#0x0001
72048:  e103               jr lt,0x2050
7204a:  0b020004           cp r2,#0x0004
7204e:  e204               jr le,0x2058
72050:  bd2d               ldk r2,#13
72052:  5f00840033f6       call <<4>>0x33f6
72058:  760ca100bf84       lda rr12,<<33>>0xbf84
7205e:  812d               add r13,r2
72060:  32c9ffff           ldb rr12(#0xffff),rl1
72064:  5e08a100198a       jp <<33>>0x198a
7206a:  bd11               ldk r1,#1
7206c:  0b010000           cp r1,#0x0000
72070:  e103               jr lt,0x2078
72072:  0b010001           cp r1,#0x0001
72076:  e204               jr le,0x2080
72078:  bd2e               ldk r2,#14
7207a:  5f00840033f6       call <<4>>0x33f6
72080:  bd24               ldk r2,#4
72082:  0b020001           cp r2,#0x0001
72086:  e103               jr lt,0x208e
72088:  0b020004           cp r2,#0x0004
7208c:  e204               jr le,0x2096
7208e:  bd2d               ldk r2,#13
72090:  5f00840033f6       call <<4>>0x33f6
72096:  760ca100bf84       lda rr12,<<33>>0xbf84
7209c:  812d               add r13,r2
7209e:  32c9ffff           ldb rr12(#0xffff),rl1
720a2:  e873               jr 0x218a
720a4:  bd10               ldk r1,#0
720a6:  0b010000           cp r1,#0x0000
720aa:  e103               jr lt,0x20b2
720ac:  0b010001           cp r1,#0x0001
720b0:  e204               jr le,0x20ba
720b2:  bd2e               ldk r2,#14
720b4:  5f00840033f6       call <<4>>0x33f6
720ba:  bd21               ldk r2,#1
720bc:  0b020001           cp r2,#0x0001
720c0:  e103               jr lt,0x20c8
720c2:  0b020004           cp r2,#0x0004
720c6:  e204               jr le,0x20d0
720c8:  bd2d               ldk r2,#13
720ca:  5f00840033f6       call <<4>>0x33f6
720d0:  760ca100bf84       lda rr12,<<33>>0xbf84
720d6:  812d               add r13,r2
720d8:  32c9ffff           ldb rr12(#0xffff),rl1
720dc:  e856               jr 0x218a
720de:  bd10               ldk r1,#0
720e0:  0b010000           cp r1,#0x0000
720e4:  e103               jr lt,0x20ec
720e6:  0b010001           cp r1,#0x0001
720ea:  e204               jr le,0x20f4
720ec:  bd2e               ldk r2,#14
720ee:  5f00840033f6       call <<4>>0x33f6
720f4:  bd22               ldk r2,#2
720f6:  0b020001           cp r2,#0x0001
720fa:  e103               jr lt,0x2102
720fc:  0b020004           cp r2,#0x0004
72100:  e204               jr le,0x210a
72102:  bd2d               ldk r2,#13
72104:  5f00840033f6       call <<4>>0x33f6
7210a:  760ca100bf84       lda rr12,<<33>>0xbf84
72110:  812d               add r13,r2
72112:  32c9ffff           ldb rr12(#0xffff),rl1
72116:  e839               jr 0x218a
72118:  bd10               ldk r1,#0
7211a:  0b010000           cp r1,#0x0000
7211e:  e103               jr lt,0x2126
72120:  0b010001           cp r1,#0x0001
72124:  e204               jr le,0x212e
72126:  bd2e               ldk r2,#14
72128:  5f00840033f6       call <<4>>0x33f6
7212e:  bd23               ldk r2,#3
72130:  0b020001           cp r2,#0x0001
72134:  e103               jr lt,0x213c
72136:  0b020004           cp r2,#0x0004
7213a:  e204               jr le,0x2144
7213c:  bd2d               ldk r2,#13
7213e:  5f00840033f6       call <<4>>0x33f6
72144:  760ca100bf84       lda rr12,<<33>>0xbf84
7214a:  812d               add r13,r2
7214c:  32c9ffff           ldb rr12(#0xffff),rl1
72150:  e81c               jr 0x218a
72152:  bd10               ldk r1,#0
72154:  0b010000           cp r1,#0x0000
72158:  e103               jr lt,0x2160
7215a:  0b010001           cp r1,#0x0001
7215e:  e204               jr le,0x2168
72160:  bd2e               ldk r2,#14
72162:  5f00840033f6       call <<4>>0x33f6
72168:  bd24               ldk r2,#4
7216a:  0b020001           cp r2,#0x0001
7216e:  e103               jr lt,0x2176
72170:  0b020004           cp r2,#0x0004
72174:  e204               jr le,0x217e
72176:  bd2d               ldk r2,#13
72178:  5f00840033f6       call <<4>>0x33f6
7217e:  760ca100bf84       lda rr12,<<33>>0xbf84
72184:  812d               add r13,r2
72186:  32c9ffff           ldb rr12(#0xffff),rl1
7218a:  69f0191c           inc <<25>>0x001c(r15),#1
7218e:  4df1191c0003       cp <<25>>0x001c(r15),#0x0003
72194:  5e02a1001726       jp le,<<33>>0x1726
7219a:  e851               jr 0x223e
7219c:  bd11               ldk r1,#1
7219e:  0b010000           cp r1,#0x0000
721a2:  e103               jr lt,0x21aa
721a4:  0b010003           cp r1,#0x0003
721a8:  e204               jr le,0x21b2
721aa:  bd2e               ldk r2,#14
721ac:  5f00840033f6       call <<4>>0x33f6
721b2:  760c84000166       lda rr12,<<4>>0x0166
721b8:  2ec9               ldb @rr12,rl1
721ba:  5f00840044de       call <<4>>0x44de
721c0:  7602840042f0       lda rr2,<<4>>0x42f0
721c6:  bd40               ldk r4,#0
721c8:  bd53               ldk r5,#3
721ca:  7606a100ac9e       lda rr6,<<33>>0xac9e
721d0:  5f008400285a       call <<4>>0x285a
721d6:  7602840042f0       lda rr2,<<4>>0x42f0
721dc:  2104ffff           ld r4,#0xffff
721e0:  21050012           ld r5,#0x0012
721e4:  7606a100ac8c       lda rr6,<<33>>0xac8c
721ea:  5f008400285a       call <<4>>0x285a
721f0:  7602840042f0       lda rr2,<<4>>0x42f0
721f6:  5f00840011f6       call <<4>>0x11f6
721fc:  760c84000175       lda rr12,<<4>>0x0175
72202:  20c9               ldb rl1,@rr12
72204:  8c18               clrb rh1
72206:  0b010000           cp r1,#0x0000
7220a:  e103               jr lt,0x2212
7220c:  0b0100ff           cp r1,#0x00ff
72210:  e205               jr le,0x221c
72212:  21020010           ld r2,#0x0010
72216:  5f00840033f6       call <<4>>0x33f6
7221c:  a112               ld r2,r1
7221e:  760ca0000114       lda rr12,<<32>>0x0114
72224:  21c3               ld r3,@rr12
72226:  760ca0000114       lda rr12,<<32>>0x0114
7222c:  31c40002           ld r4,rr12(#0x0002)
72230:  210500e1           ld r5,#0x00e1
72234:  210600fc           ld r6,#0x00fc
72238:  5f00840044f2       call <<4>>0x44f2
7223e:  760ca100b77c       lda rr12,<<33>>0xb77c
72244:  0dc5ffff           ld @rr12,#0xffff
72248:  bd2c               ldk r2,#12
7224a:  54f41916           ldl rr4,<<25>>0x0016(r15)
7224e:  5f008400425c       call <<4>>0x425c
72254:  010f001e           add r15,#0x001e
72258:  9e08               ret 
7225a:  030f0018           sub r15,#0x0018
7225e:  0de5001c           ld @rr14,#0x001c
72262:  bd20               ldk r2,#0
72264:  bd31               ldk r3,#1
72266:  760c84000184       lda rr12,<<4>>0x0184
7226c:  21c1               ld r1,@rr12
7226e:  a911               inc r1,#2
72270:  a114               ld r4,r1
72272:  5f00a100a59e       call <<33>>0xa59e
72278:  34e20014           lda rr2,rr14(#0x0014)
7227c:  5f00a100a648       call <<33>>0xa648
72282:  6ff71912           ld <<25>>0x0012(r15),r7
72286:  4df119120002       cp <<25>>0x0012(r15),#0x0002
7228c:  eef5               jr nz,0x2278
7228e:  5f00a100a690       call <<33>>0xa690
72294:  010f0018           add r15,#0x0018
72298:  9e08               ret 
7229a:  030f001c           sub r15,#0x001c
7229e:  0de50020           ld @rr14,#0x0020
722a2:  760ca100bf8e       lda rr12,<<33>>0xbf8e
722a8:  21c2               ld r2,@rr12
722aa:  760ca100bf8a       lda rr12,<<33>>0xbf8a
722b0:  14c4               ldl rr4,@rr12
722b2:  5f00a1009f32       call <<33>>0x9f32
722b8:  6ff71914           ld <<25>>0x0014(r15),r7
722bc:  61f21914           ld r2,<<25>>0x0014(r15)
722c0:  5f00a100620c       call <<33>>0x620c
722c6:  8cf4               testb rl7
722c8:  5e06a1001d36       jp z,<<33>>0x1d36
722ce:  760ca100bf8e       lda rr12,<<33>>0xbf8e
722d4:  21c2               ld r2,@rr12
722d6:  5f00a1009f12       call <<33>>0x9f12
722dc:  6ff71914           ld <<25>>0x0014(r15),r7
722e0:  61f21914           ld r2,<<25>>0x0014(r15)
722e4:  5f00a100620c       call <<33>>0x620c
722ea:  8cf4               testb rl7
722ec:  5e06a1001d36       jp z,<<33>>0x1d36
722f2:  760ca100bf8e       lda rr12,<<33>>0xbf8e
722f8:  21c2               ld r2,@rr12
722fa:  760ca100bf8a       lda rr12,<<33>>0xbf8a
72300:  14c4               ldl rr4,@rr12
72302:  5f00a1009f52       call <<33>>0x9f52
72308:  6ff71914           ld <<25>>0x0014(r15),r7
7230c:  61f21914           ld r2,<<25>>0x0014(r15)
72310:  5f00a100620c       call <<33>>0x620c
72316:  8cf4               testb rl7
72318:  5e06a1001d36       jp z,<<33>>0x1d36
7231e:  760c84000184       lda rr12,<<4>>0x0184
72324:  21c1               ld r1,@rr12
72326:  6ff11916           ld <<25>>0x0016(r15),r1
7232a:  4df11916007e       cp <<25>>0x0016(r15),#0x007e
72330:  5e0aa1001d36       jp gt,<<33>>0x1d36
72336:  760ca100bf8e       lda rr12,<<33>>0xbf8e
7233c:  21c2               ld r2,@rr12
7233e:  61f31916           ld r3,<<25>>0x0016(r15)
72342:  5f00a1001634       call <<33>>0x1634
72348:  760c84000166       lda rr12,<<4>>0x0166
7234e:  0cc10000           cpb @rr12,#0x00
72352:  e603               jr z,0x235a
72354:  5e08a1001d36       jp <<33>>0x1d36
7235a:  4df119160064       cp <<25>>0x0016(r15),#0x0064
72360:  ee1d               jr nz,0x239c
72362:  7602840042f0       lda rr2,<<4>>0x42f0
72368:  bd40               ldk r4,#0
7236a:  140600000000       ldl rr6,#0x00000000
72370:  5f008400210c       call <<4>>0x210c
72376:  7602840042f0       lda rr2,<<4>>0x42f0
7237c:  2104ffff           ld r4,#0xffff
72380:  21050010           ld r5,#0x0010
72384:  7606a100acbe       lda rr6,<<33>>0xacbe
7238a:  5f008400285a       call <<4>>0x285a
72390:  7602840042f0       lda rr2,<<4>>0x42f0
72396:  5f00840011f6       call <<4>>0x11f6
7239c:  760ca100b77c       lda rr12,<<33>>0xb77c
723a2:  0dc5ffff           ld @rr12,#0xffff
723a6:  760ca100bf8e       lda rr12,<<33>>0xbf8e
723ac:  21c2               ld r2,@rr12
723ae:  760ca100bf8a       lda rr12,<<33>>0xbf8a
723b4:  14c4               ldl rr4,@rr12
723b6:  5f00a1009d2a       call <<33>>0x9d2a
723bc:  6ff71914           ld <<25>>0x0014(r15),r7
723c0:  61f21914           ld r2,<<25>>0x0014(r15)
723c4:  5f00a1005f64       call <<33>>0x5f64
723ca:  6eff1906           ldb <<25>>0x0006(r15),rl7
723ce:  4cf41906           testb <<25>>0x0006(r15)
723d2:  ee03               jr nz,0x23da
723d4:  5e08a1001d36       jp <<33>>0x1d36
723da:  760ca100bf8e       lda rr12,<<33>>0xbf8e
723e0:  21c2               ld r2,@rr12
723e2:  bd31               ldk r3,#1
723e4:  bd40               ldk r4,#0
723e6:  5f00a1009cc6       call <<33>>0x9cc6
723ec:  6ff71914           ld <<25>>0x0014(r15),r7
723f0:  61f21914           ld r2,<<25>>0x0014(r15)
723f4:  5f00a1005f64       call <<33>>0x5f64
723fa:  6eff1906           ldb <<25>>0x0006(r15),rl7
723fe:  4cf41906           testb <<25>>0x0006(r15)
72402:  ee03               jr nz,0x240a
72404:  5e08a1001d36       jp <<33>>0x1d36
7240a:  5f00a1001a5a       call <<33>>0x1a5a
72410:  760ca100bf8e       lda rr12,<<33>>0xbf8e
72416:  21c2               ld r2,@rr12
72418:  bd30               ldk r3,#0
7241a:  34ec001a           lda rr12,rr14(#0x001a)
7241e:  94c4               ldl rr4,rr12
72420:  5f00a1009ce6       call <<33>>0x9ce6
72426:  6ff71914           ld <<25>>0x0014(r15),r7
7242a:  4df11914000d       cp <<25>>0x0014(r15),#0x000d
72430:  e652               jr z,0x24d6
72432:  5f00840044de       call <<4>>0x44de
72438:  bd11               ldk r1,#1
7243a:  0b010000           cp r1,#0x0000
7243e:  e103               jr lt,0x2446
72440:  0b010003           cp r1,#0x0003
72444:  e204               jr le,0x244e
72446:  bd2e               ldk r2,#14
72448:  5f00840033f6       call <<4>>0x33f6
7244e:  760c84000166       lda rr12,<<4>>0x0166
72454:  2ec9               ldb @rr12,rl1
72456:  7602840042f0       lda rr2,<<4>>0x42f0
7245c:  bd40               ldk r4,#0
7245e:  bd53               ldk r5,#3
72460:  7606a100acba       lda rr6,<<33>>0xacba
72466:  5f008400285a       call <<4>>0x285a
7246c:  7602840042f0       lda rr2,<<4>>0x42f0
72472:  2104ffff           ld r4,#0xffff
72476:  21050017           ld r5,#0x0017
7247a:  7606a100aca2       lda rr6,<<33>>0xaca2
72480:  5f008400285a       call <<4>>0x285a
72486:  7602840042f0       lda rr2,<<4>>0x42f0
7248c:  5f00840011f6       call <<4>>0x11f6
72492:  760c84000175       lda rr12,<<4>>0x0175
72498:  20c9               ldb rl1,@rr12
7249a:  8c18               clrb rh1
7249c:  0b010000           cp r1,#0x0000
724a0:  e103               jr lt,0x24a8
724a2:  0b0100ff           cp r1,#0x00ff
724a6:  e205               jr le,0x24b2
724a8:  21020010           ld r2,#0x0010
724ac:  5f00840033f6       call <<4>>0x33f6
724b2:  a112               ld r2,r1
724b4:  760ca0000114       lda rr12,<<32>>0x0114
724ba:  21c3               ld r3,@rr12
724bc:  760ca0000114       lda rr12,<<32>>0x0114
724c2:  31c40002           ld r4,rr12(#0x0002)
724c6:  210500e1           ld r5,#0x00e1
724ca:  210600fc           ld r6,#0x00fc
724ce:  5f00840044f2       call <<4>>0x44f2
724d4:  e830               jr 0x2536
724d6:  760ca100b77a       lda rr12,<<33>>0xb77a
724dc:  0dc100f1           cp @rr12,#0x00f1
724e0:  e60b               jr z,0x24f8
724e2:  210200f1           ld r2,#0x00f1
724e6:  760ca100b77a       lda rr12,<<33>>0xb77a
724ec:  21c3               ld r3,@rr12
724ee:  5f00a1001358       call <<33>>0x1358
724f4:  e820               jr 0x2536
724f6:  e811               jr 0x251a
724f8:  760ca100b77c       lda rr12,<<33>>0xb77c
724fe:  21c1               ld r1,@rr12
72500:  4bf11916           cp r1,<<25>>0x0016(r15)
72504:  e60a               jr z,0x251a
72506:  760ca100b77c       lda rr12,<<33>>0xb77c
7250c:  21c2               ld r2,@rr12
7250e:  61f31916           ld r3,<<25>>0x0016(r15)
72512:  5f00a10014c6       call <<33>>0x14c6
72518:  e80e               jr 0x2536
7251a:  61f11916           ld r1,<<25>>0x0016(r15)
7251e:  760c84000184       lda rr12,<<4>>0x0184
72524:  0bc1               cp r1,@rr12
72526:  ee02               jr nz,0x252c
72528:  69f11916           inc <<25>>0x0016(r15),#2
7252c:  69f11916           inc <<25>>0x0016(r15),#2
72530:  5e08a1001b2a       jp <<33>>0x1b2a
72536:  010f001c           add r15,#0x001c
7253a:  9e08               ret 
7253c:  030f0022           sub r15,#0x0022
72540:  0de50026           ld @rr14,#0x0026
72544:  760ca100bf8e       lda rr12,<<33>>0xbf8e
7254a:  21c2               ld r2,@rr12
7254c:  760ca100bf8a       lda rr12,<<33>>0xbf8a
72552:  14c4               ldl rr4,@rr12
72554:  5f00a1009f32       call <<33>>0x9f32
7255a:  6ff71914           ld <<25>>0x0014(r15),r7
7255e:  61f21914           ld r2,<<25>>0x0014(r15)
72562:  5f00a100620c       call <<33>>0x620c
72568:  8cf4               testb rl7
7256a:  5e06a1001ef4       jp z,<<33>>0x1ef4
72570:  760ca100bf8e       lda rr12,<<33>>0xbf8e
72576:  21c2               ld r2,@rr12
72578:  5f00a1009e92       call <<33>>0x9e92
7257e:  6ff71914           ld <<25>>0x0014(r15),r7
72582:  61f21914           ld r2,<<25>>0x0014(r15)
72586:  5f00a100620c       call <<33>>0x620c
7258c:  8cf4               testb rl7
7258e:  5e06a1001ef4       jp z,<<33>>0x1ef4
72594:  760ca100bf8e       lda rr12,<<33>>0xbf8e
7259a:  21c2               ld r2,@rr12
7259c:  5f00a1009eb2       call <<33>>0x9eb2
725a2:  6ff71914           ld <<25>>0x0014(r15),r7
725a6:  61f21914           ld r2,<<25>>0x0014(r15)
725aa:  5f00a100620c       call <<33>>0x620c
725b0:  8cf4               testb rl7
725b2:  5e06a1001ef4       jp z,<<33>>0x1ef4
725b8:  760ca100bf8e       lda rr12,<<33>>0xbf8e
725be:  21c2               ld r2,@rr12
725c0:  760ca100bf8a       lda rr12,<<33>>0xbf8a
725c6:  14c4               ldl rr4,@rr12
725c8:  5f00a1009ef2       call <<33>>0x9ef2
725ce:  6ff71914           ld <<25>>0x0014(r15),r7
725d2:  61f21914           ld r2,<<25>>0x0014(r15)
725d6:  5f00a100620c       call <<33>>0x620c
725dc:  8cf4               testb rl7
725de:  5e06a1001ef4       jp z,<<33>>0x1ef4
725e4:  4df5191e8000       ld <<25>>0x001e(r15),#0x8000
725ea:  4df81920           clr <<25>>0x0020(r15)
725ee:  e864               jr 0x26b8
725f0:  4df11920001f       cp <<25>>0x0020(r15),#0x001f
725f6:  ee1d               jr nz,0x2632
725f8:  7602840042f0       lda rr2,<<4>>0x42f0
725fe:  bd40               ldk r4,#0
72600:  140600000000       ldl rr6,#0x00000000
72606:  5f008400210c       call <<4>>0x210c
7260c:  7602840042f0       lda rr2,<<4>>0x42f0
72612:  2104ffff           ld r4,#0xffff
72616:  21050010           ld r5,#0x0010
7261a:  7606a100acce       lda rr6,<<33>>0xacce
72620:  5f008400285a       call <<4>>0x285a
72626:  7602840042f0       lda rr2,<<4>>0x42f0
7262c:  5f00840011f6       call <<4>>0x11f6
72632:  61f11920           ld r1,<<25>>0x0020(r15)
72636:  6ff11916           ld <<25>>0x0016(r15),r1
7263a:  4df81918           clr <<25>>0x0018(r15)
7263e:  54fc1916           ldl rr12,<<25>>0x0016(r15)
72642:  5dfc191a           ldl <<25>>0x001a(r15),rr12
72646:  760ca100bf8e       lda rr12,<<33>>0xbf8e
7264c:  21c2               ld r2,@rr12
7264e:  61f3191e           ld r3,<<25>>0x001e(r15)
72652:  54f4191a           ldl rr4,<<25>>0x001a(r15)
72656:  5f00a1009ed2       call <<33>>0x9ed2
7265c:  6ff71914           ld <<25>>0x0014(r15),r7
72660:  61f21914           ld r2,<<25>>0x0014(r15)
72664:  5f00a100620c       call <<33>>0x620c
7266a:  6eff1906           ldb <<25>>0x0006(r15),rl7
7266e:  4cf41906           testb <<25>>0x0006(r15)
72672:  ee01               jr nz,0x2676
72674:  e825               jr 0x26c0
72676:  4df519188000       ld <<25>>0x0018(r15),#0x8000
7267c:  54fc1916           ldl rr12,<<25>>0x0016(r15)
72680:  5dfc191a           ldl <<25>>0x001a(r15),rr12
72684:  760ca100bf8e       lda rr12,<<33>>0xbf8e
7268a:  21c2               ld r2,@rr12
7268c:  61f3191e           ld r3,<<25>>0x001e(r15)
72690:  54f4191a           ldl rr4,<<25>>0x001a(r15)
72694:  5f00a1009ed2       call <<33>>0x9ed2
7269a:  6ff71914           ld <<25>>0x0014(r15),r7
7269e:  61f21914           ld r2,<<25>>0x0014(r15)
726a2:  5f00a100620c       call <<33>>0x620c
726a8:  6eff1906           ldb <<25>>0x0006(r15),rl7
726ac:  4cf41906           testb <<25>>0x0006(r15)
726b0:  ee01               jr nz,0x26b4
726b2:  e806               jr 0x26c0
726b4:  69f01920           inc <<25>>0x0020(r15),#1
726b8:  4df11920003f       cp <<25>>0x0020(r15),#0x003f
726be:  e298               jr le,0x25f0
726c0:  760c84000166       lda rr12,<<4>>0x0166
726c6:  0cc10000           cpb @rr12,#0x00
726ca:  ee14               jr nz,0x26f4
726cc:  760ca100bf8e       lda rr12,<<33>>0xbf8e
726d2:  21c2               ld r2,@rr12
726d4:  760ca100bf8a       lda rr12,<<33>>0xbf8a
726da:  14c4               ldl rr4,@rr12
726dc:  5f00a1009f52       call <<33>>0x9f52
726e2:  6ff71914           ld <<25>>0x0014(r15),r7
726e6:  61f21914           ld r2,<<25>>0x0014(r15)
726ea:  5f00a100620c       call <<33>>0x620c
726f0:  8cf4               testb rl7
726f2:  e600               jr z,0x26f4
726f4:  010f0022           add r15,#0x0022
726f8:  9e08               ret 
726fa:  030f0040           sub r15,#0x0040
726fe:  0de50044           ld @rr14,#0x0044
72702:  7602840042f0       lda rr2,<<4>>0x42f0
72708:  bd40               ldk r4,#0
7270a:  140600000000       ldl rr6,#0x00000000
72710:  5f008400210c       call <<4>>0x210c
72716:  7602840042f0       lda rr2,<<4>>0x42f0
7271c:  2104ffff           ld r4,#0xffff
72720:  2105001b           ld r5,#0x001b
72724:  7606a100acf6       lda rr6,<<33>>0xacf6
7272a:  5f008400285a       call <<4>>0x285a
72730:  7602840042f0       lda rr2,<<4>>0x42f0
72736:  bd41               ldk r4,#1
72738:  54fc1946           ldl rr12,<<25>>0x0046(r15)
7273c:  010dffda           add r13,#0xffda
72740:  61d51912           ld r5,<<25>>0x0012(r13)
72744:  5f0084002814       call <<4>>0x2814
7274a:  7602840042f0       lda rr2,<<4>>0x42f0
72750:  5f00840011f6       call <<4>>0x11f6
72756:  54fc1946           ldl rr12,<<25>>0x0046(r15)
7275a:  010dffda           add r13,#0xffda
7275e:  54d4190e           ldl rr4,<<25>>0x000e(r13)
72762:  4df5193e0001       ld <<25>>0x003e(r15),#0x0001
72768:  e82c               jr 0x27c2
7276a:  61f1193e           ld r1,<<25>>0x003e(r15)
7276e:  0b010001           cp r1,#0x0001
72772:  e103               jr lt,0x277a
72774:  0b010006           cp r1,#0x0006
72778:  e204               jr le,0x2782
7277a:  bd2d               ldk r2,#13
7277c:  5f00840033f6       call <<4>>0x33f6
72782:  944c               ldl rr12,rr4
72784:  811d               add r13,r1
72786:  30c9ffff           ldb rl1,rr12(#0xffff)
7278a:  8c18               clrb rh1
7278c:  0b010000           cp r1,#0x0000
72790:  e103               jr lt,0x2798
72792:  0b0100ff           cp r1,#0x00ff
72796:  e204               jr le,0x27a0
72798:  bd2e               ldk r2,#14
7279a:  5f00840033f6       call <<4>>0x33f6
727a0:  61f2193e           ld r2,<<25>>0x003e(r15)
727a4:  0b020001           cp r2,#0x0001
727a8:  e103               jr lt,0x27b0
727aa:  0b020028           cp r2,#0x0028
727ae:  e204               jr le,0x27b8
727b0:  bd2d               ldk r2,#13
727b2:  5f00840033f6       call <<4>>0x33f6
727b8:  81f2               add r2,r15
727ba:  6e291915           ldb <<25>>0x0015(r2),rl1
727be:  69f0193e           inc <<25>>0x003e(r15),#1
727c2:  4df1193e0005       cp <<25>>0x003e(r15),#0x0005
727c8:  e2d0               jr le,0x276a
727ca:  4df5193e0001       ld <<25>>0x003e(r15),#0x0001
727d0:  e82d               jr 0x282c
727d2:  61f1193e           ld r1,<<25>>0x003e(r15)
727d6:  0b010001           cp r1,#0x0001
727da:  e103               jr lt,0x27e2
727dc:  0b010002           cp r1,#0x0002
727e0:  e204               jr le,0x27ea
727e2:  bd2d               ldk r2,#13
727e4:  5f00840033f6       call <<4>>0x33f6
727ea:  944c               ldl rr12,rr4
727ec:  811d               add r13,r1
727ee:  30c90005           ldb rl1,rr12(#0x0005)
727f2:  8c18               clrb rh1
727f4:  0b010000           cp r1,#0x0000
727f8:  e103               jr lt,0x2800
727fa:  0b0100ff           cp r1,#0x00ff
727fe:  e204               jr le,0x2808
72800:  bd2e               ldk r2,#14
72802:  5f00840033f6       call <<4>>0x33f6
72808:  61f2193e           ld r2,<<25>>0x003e(r15)
7280c:  a924               inc r2,#5
7280e:  0b020001           cp r2,#0x0001
72812:  e103               jr lt,0x281a
72814:  0b020028           cp r2,#0x0028
72818:  e204               jr le,0x2822
7281a:  bd2d               ldk r2,#13
7281c:  5f00840033f6       call <<4>>0x33f6
72822:  81f2               add r2,r15
72824:  6e291915           ldb <<25>>0x0015(r2),rl1
72828:  69f0193e           inc <<25>>0x003e(r15),#1
7282c:  4df1193e0002       cp <<25>>0x003e(r15),#0x0002
72832:  e2cf               jr le,0x27d2
72834:  30490008           ldb rl1,rr4(#0x0008)
72838:  8c18               clrb rh1
7283a:  0b010000           cp r1,#0x0000
7283e:  e103               jr lt,0x2846
72840:  0b0100ff           cp r1,#0x00ff
72844:  e204               jr le,0x284e
72846:  bd2e               ldk r2,#14
72848:  5f00840033f6       call <<4>>0x33f6
7284e:  bd28               ldk r2,#8
72850:  0b020001           cp r2,#0x0001
72854:  e103               jr lt,0x285c
72856:  0b020028           cp r2,#0x0028
7285a:  e204               jr le,0x2864
7285c:  bd2d               ldk r2,#13
7285e:  5f00840033f6       call <<4>>0x33f6
72864:  81f2               add r2,r15
72866:  6e291915           ldb <<25>>0x0015(r2),rl1
7286a:  4df5193e0001       ld <<25>>0x003e(r15),#0x0001
72870:  e82d               jr 0x28cc
72872:  61f1193e           ld r1,<<25>>0x003e(r15)
72876:  0b010001           cp r1,#0x0001
7287a:  e103               jr lt,0x2882
7287c:  0b010002           cp r1,#0x0002
72880:  e204               jr le,0x288a
72882:  bd2d               ldk r2,#13
72884:  5f00840033f6       call <<4>>0x33f6
7288a:  944c               ldl rr12,rr4
7288c:  811d               add r13,r1
7288e:  30c90009           ldb rl1,rr12(#0x0009)
72892:  8c18               clrb rh1
72894:  0b010000           cp r1,#0x0000
72898:  e103               jr lt,0x28a0
7289a:  0b0100ff           cp r1,#0x00ff
7289e:  e204               jr le,0x28a8
728a0:  bd2e               ldk r2,#14
728a2:  5f00840033f6       call <<4>>0x33f6
728a8:  61f2193e           ld r2,<<25>>0x003e(r15)
728ac:  a927               inc r2,#8
728ae:  0b020001           cp r2,#0x0001
728b2:  e103               jr lt,0x28ba
728b4:  0b020028           cp r2,#0x0028
728b8:  e204               jr le,0x28c2
728ba:  bd2d               ldk r2,#13
728bc:  5f00840033f6       call <<4>>0x33f6
728c2:  81f2               add r2,r15
728c4:  6e291915           ldb <<25>>0x0015(r2),rl1
728c8:  69f0193e           inc <<25>>0x003e(r15),#1
728cc:  4df1193e0002       cp <<25>>0x003e(r15),#0x0002
728d2:  e2cf               jr le,0x2872
728d4:  3049000c           ldb rl1,rr4(#0x000c)
728d8:  8c18               clrb rh1
728da:  0b010000           cp r1,#0x0000
728de:  e103               jr lt,0x28e6
728e0:  0b0100ff           cp r1,#0x00ff
728e4:  e204               jr le,0x28ee
728e6:  bd2e               ldk r2,#14
728e8:  5f00840033f6       call <<4>>0x33f6
728ee:  bd2b               ldk r2,#11
728f0:  0b020001           cp r2,#0x0001
728f4:  e103               jr lt,0x28fc
728f6:  0b020028           cp r2,#0x0028
728fa:  e204               jr le,0x2904
728fc:  bd2d               ldk r2,#13
728fe:  5f00840033f6       call <<4>>0x33f6
72904:  81f2               add r2,r15
72906:  6e291915           ldb <<25>>0x0015(r2),rl1
7290a:  7602840042f0       lda rr2,<<4>>0x42f0
72910:  bd40               ldk r4,#0
72912:  140600000000       ldl rr6,#0x00000000
72918:  5f008400210c       call <<4>>0x210c
7291e:  7602840042f0       lda rr2,<<4>>0x42f0
72924:  2104ffff           ld r4,#0xffff
72928:  bd5b               ldk r5,#11
7292a:  7606a100acea       lda rr6,<<33>>0xacea
72930:  5f008400285a       call <<4>>0x285a
72936:  7602840042f0       lda rr2,<<4>>0x42f0
7293c:  bd4b               ldk r4,#11
7293e:  21050028           ld r5,#0x0028
72942:  34e60016           lda rr6,rr14(#0x0016)
72946:  5f008400285a       call <<4>>0x285a
7294c:  7602840042f0       lda rr2,<<4>>0x42f0
72952:  5f00840011f6       call <<4>>0x11f6
72958:  54fc1946           ldl rr12,<<25>>0x0046(r15)
7295c:  010dffda           add r13,#0xffda
72960:  54d4190e           ldl rr4,<<25>>0x000e(r13)
72964:  4df5193e0001       ld <<25>>0x003e(r15),#0x0001
7296a:  e82c               jr 0x29c4
7296c:  61f1193e           ld r1,<<25>>0x003e(r15)
72970:  0b010001           cp r1,#0x0001
72974:  e103               jr lt,0x297c
72976:  0b010004           cp r1,#0x0004
7297a:  e204               jr le,0x2984
7297c:  bd2d               ldk r2,#13
7297e:  5f00840033f6       call <<4>>0x33f6
72984:  944c               ldl rr12,rr4
72986:  811d               add r13,r1
72988:  30c900ff           ldb rl1,rr12(#0x00ff)
7298c:  8c18               clrb rh1
7298e:  0b010000           cp r1,#0x0000
72992:  e103               jr lt,0x299a
72994:  0b0100ff           cp r1,#0x00ff
72998:  e204               jr le,0x29a2
7299a:  bd2e               ldk r2,#14
7299c:  5f00840033f6       call <<4>>0x33f6
729a2:  61f2193e           ld r2,<<25>>0x003e(r15)
729a6:  0b020001           cp r2,#0x0001
729aa:  e103               jr lt,0x29b2
729ac:  0b020028           cp r2,#0x0028
729b0:  e204               jr le,0x29ba
729b2:  bd2d               ldk r2,#13
729b4:  5f00840033f6       call <<4>>0x33f6
729ba:  81f2               add r2,r15
729bc:  6e291915           ldb <<25>>0x0015(r2),rl1
729c0:  69f0193e           inc <<25>>0x003e(r15),#1
729c4:  4df1193e0004       cp <<25>>0x003e(r15),#0x0004
729ca:  e2d0               jr le,0x296c
729cc:  bd12               ldk r1,#2
729ce:  0b010001           cp r1,#0x0001
729d2:  e103               jr lt,0x29da
729d4:  0b010002           cp r1,#0x0002
729d8:  e204               jr le,0x29e2
729da:  bd2d               ldk r2,#13
729dc:  5f00840033f6       call <<4>>0x33f6
729e2:  944c               ldl rr12,rr4
729e4:  811d               add r13,r1
729e6:  30c90145           ldb rl1,rr12(#0x0145)
729ea:  8c18               clrb rh1
729ec:  0b010000           cp r1,#0x0000
729f0:  e103               jr lt,0x29f8
729f2:  0b0100ff           cp r1,#0x00ff
729f6:  e204               jr le,0x2a00
729f8:  bd2e               ldk r2,#14
729fa:  5f00840033f6       call <<4>>0x33f6
72a00:  bd25               ldk r2,#5
72a02:  0b020001           cp r2,#0x0001
72a06:  e103               jr lt,0x2a0e
72a08:  0b020028           cp r2,#0x0028
72a0c:  e204               jr le,0x2a16
72a0e:  bd2d               ldk r2,#13
72a10:  5f00840033f6       call <<4>>0x33f6
72a16:  81f2               add r2,r15
72a18:  6e291915           ldb <<25>>0x0015(r2),rl1
72a1c:  bd12               ldk r1,#2
72a1e:  0b010001           cp r1,#0x0001
72a22:  e103               jr lt,0x2a2a
72a24:  0b010002           cp r1,#0x0002
72a28:  e204               jr le,0x2a32
72a2a:  bd2d               ldk r2,#13
72a2c:  5f00840033f6       call <<4>>0x33f6
72a32:  944c               ldl rr12,rr4
72a34:  811d               add r13,r1
72a36:  30c90149           ldb rl1,rr12(#0x0149)
72a3a:  8c18               clrb rh1
72a3c:  0b010000           cp r1,#0x0000
72a40:  e103               jr lt,0x2a48
72a42:  0b0100ff           cp r1,#0x00ff
72a46:  e204               jr le,0x2a50
72a48:  bd2e               ldk r2,#14
72a4a:  5f00840033f6       call <<4>>0x33f6
72a50:  bd26               ldk r2,#6
72a52:  0b020001           cp r2,#0x0001
72a56:  e103               jr lt,0x2a5e
72a58:  0b020028           cp r2,#0x0028
72a5c:  e204               jr le,0x2a66
72a5e:  bd2d               ldk r2,#13
72a60:  5f00840033f6       call <<4>>0x33f6
72a66:  81f2               add r2,r15
72a68:  6e291915           ldb <<25>>0x0015(r2),rl1
72a6c:  7602840042f0       lda rr2,<<4>>0x42f0
72a72:  bd40               ldk r4,#0
72a74:  140600000000       ldl rr6,#0x00000000
72a7a:  5f008400210c       call <<4>>0x210c
72a80:  7602840042f0       lda rr2,<<4>>0x42f0
72a86:  2104ffff           ld r4,#0xffff
72a8a:  bd5b               ldk r5,#11
72a8c:  7606a100acde       lda rr6,<<33>>0xacde
72a92:  5f008400285a       call <<4>>0x285a
72a98:  7602840042f0       lda rr2,<<4>>0x42f0
72a9e:  bd46               ldk r4,#6
72aa0:  21050028           ld r5,#0x0028
72aa4:  34e60016           lda rr6,rr14(#0x0016)
72aa8:  5f008400285a       call <<4>>0x285a
72aae:  7602840042f0       lda rr2,<<4>>0x42f0
72ab4:  5f00840011f6       call <<4>>0x11f6
72aba:  010f0040           add r15,#0x0040
72abe:  9e08               ret 
72ac0:  030f0020           sub r15,#0x0020
72ac4:  0de50024           ld @rr14,#0x0024
72ac8:  5cf90205190e       ldm <<25>>0x000e(r15),r2,#6
72ace:  bd11               ldk r1,#1
72ad0:  0b010000           cp r1,#0x0000
72ad4:  e103               jr lt,0x2adc
72ad6:  0b010001           cp r1,#0x0001
72ada:  e204               jr le,0x2ae4
72adc:  bd2e               ldk r2,#14
72ade:  5f00840033f6       call <<4>>0x33f6
72ae4:  6ef9191e           ldb <<25>>0x001e(r15),rl1
72ae8:  54fc190e           ldl rr12,<<25>>0x000e(r15)
72aec:  5dfc190a           ldl <<25>>0x000a(r15),rr12
72af0:  54fc190a           ldl rr12,<<25>>0x000a(r15)
72af4:  760aa100add6       lda rr10,<<33>>0xadd6
72afa:  bd16               ldk r1,#6
72afc:  bac601ae           cpsirb @rr10,@rr12,r1,nz
72b00:  e60b               jr z,0x2b18
72b02:  54fc190a           ldl rr12,<<25>>0x000a(r15)
72b06:  010d0100           add r13,#0x0100
72b0a:  760aa100add2       lda rr10,<<33>>0xadd2
72b10:  bd14               ldk r1,#4
72b12:  bac601ae           cpsirb @rr10,@rr12,r1,nz
72b16:  ee0d               jr nz,0x2b32
72b18:  bd10               ldk r1,#0
72b1a:  0b010000           cp r1,#0x0000
72b1e:  e103               jr lt,0x2b26
72b20:  0b010001           cp r1,#0x0001
72b24:  e204               jr le,0x2b2e
72b26:  bd2e               ldk r2,#14
72b28:  5f00840033f6       call <<4>>0x33f6
72b2e:  6ef9191e           ldb <<25>>0x001e(r15),rl1
72b32:  54fc190a           ldl rr12,<<25>>0x000a(r15)
72b36:  bd12               ldk r1,#2
72b38:  0b010001           cp r1,#0x0001
72b3c:  e103               jr lt,0x2b44
72b3e:  0b010002           cp r1,#0x0002
72b42:  e204               jr le,0x2b4c
72b44:  bd2d               ldk r2,#13
72b46:  5f00840033f6       call <<4>>0x33f6
72b4c:  811d               add r13,r1
72b4e:  30c90145           ldb rl1,rr12(#0x0145)
72b52:  8c18               clrb rh1
72b54:  0b010020           cp r1,#0x0020
72b58:  e603               jr z,0x2b60
72b5a:  0b010031           cp r1,#0x0031
72b5e:  ee31               jr nz,0x2bc2
72b60:  54fc190a           ldl rr12,<<25>>0x000a(r15)
72b64:  bd12               ldk r1,#2
72b66:  0b010001           cp r1,#0x0001
72b6a:  e103               jr lt,0x2b72
72b6c:  0b010002           cp r1,#0x0002
72b70:  e204               jr le,0x2b7a
72b72:  bd2d               ldk r2,#13
72b74:  5f00840033f6       call <<4>>0x33f6
72b7a:  811d               add r13,r1
72b7c:  010d0149           add r13,#0x0149
72b80:  0cc12020           cpb @rr12,#0x20
72b84:  ee10               jr nz,0x2ba6
72b86:  bd10               ldk r1,#0
72b88:  0b010000           cp r1,#0x0000
72b8c:  e103               jr lt,0x2b94
72b8e:  0b010002           cp r1,#0x0002
72b92:  e204               jr le,0x2b9c
72b94:  bd2e               ldk r2,#14
72b96:  5f00840033f6       call <<4>>0x33f6
72b9c:  760ca100bf7e       lda rr12,<<33>>0xbf7e
72ba2:  2ec9               ldb @rr12,rl1
72ba4:  e80d               jr 0x2bc0
72ba6:  bd10               ldk r1,#0
72ba8:  0b010000           cp r1,#0x0000
72bac:  e103               jr lt,0x2bb4
72bae:  0b010001           cp r1,#0x0001
72bb2:  e204               jr le,0x2bbc
72bb4:  bd2e               ldk r2,#14
72bb6:  5f00840033f6       call <<4>>0x33f6
72bbc:  6ef9191e           ldb <<25>>0x001e(r15),rl1
72bc0:  e841               jr 0x2c44
72bc2:  0b01004d           cp r1,#0x004d
72bc6:  ee31               jr nz,0x2c2a
72bc8:  54fc190a           ldl rr12,<<25>>0x000a(r15)
72bcc:  bd12               ldk r1,#2
72bce:  0b010001           cp r1,#0x0001
72bd2:  e103               jr lt,0x2bda
72bd4:  0b010002           cp r1,#0x0002
72bd8:  e204               jr le,0x2be2
72bda:  bd2d               ldk r2,#13
72bdc:  5f00840033f6       call <<4>>0x33f6
72be2:  811d               add r13,r1
72be4:  010d0149           add r13,#0x0149
72be8:  0cc13131           cpb @rr12,#0x31
72bec:  ee10               jr nz,0x2c0e
72bee:  bd12               ldk r1,#2
72bf0:  0b010000           cp r1,#0x0000
72bf4:  e103               jr lt,0x2bfc
72bf6:  0b010002           cp r1,#0x0002
72bfa:  e204               jr le,0x2c04
72bfc:  bd2e               ldk r2,#14
72bfe:  5f00840033f6       call <<4>>0x33f6
72c04:  760ca100bf7e       lda rr12,<<33>>0xbf7e
72c0a:  2ec9               ldb @rr12,rl1
72c0c:  e80d               jr 0x2c28
72c0e:  bd10               ldk r1,#0
72c10:  0b010000           cp r1,#0x0000
72c14:  e103               jr lt,0x2c1c
72c16:  0b010001           cp r1,#0x0001
72c1a:  e204               jr le,0x2c24
72c1c:  bd2e               ldk r2,#14
72c1e:  5f00840033f6       call <<4>>0x33f6
72c24:  6ef9191e           ldb <<25>>0x001e(r15),rl1
72c28:  e80d               jr 0x2c44
72c2a:  bd10               ldk r1,#0
72c2c:  0b010000           cp r1,#0x0000
72c30:  e103               jr lt,0x2c38
72c32:  0b010001           cp r1,#0x0001
72c36:  e204               jr le,0x2c40
72c38:  bd2e               ldk r2,#14
72c3a:  5f00840033f6       call <<4>>0x33f6
72c40:  6ef9191e           ldb <<25>>0x001e(r15),rl1
72c44:  54fc190a           ldl rr12,<<25>>0x000a(r15)
72c48:  30c90008           ldb rl1,rr12(#0x0008)
72c4c:  8c18               clrb rh1
72c4e:  0b010020           cp r1,#0x0020
72c52:  ee0f               jr nz,0x2c72
72c54:  760ca100bf7e       lda rr12,<<33>>0xbf7e
72c5a:  a9d1               inc r13,#2
72c5c:  0dc5ffff           ld @rr12,#0xffff
72c60:  760ca100bf7e       lda rr12,<<33>>0xbf7e
72c66:  a9d3               inc r13,#4
72c68:  0dc5ffff           ld @rr12,#0xffff
72c6c:  5e08a1002580       jp <<33>>0x2580
72c72:  0b010030           cp r1,#0x0030
72c76:  ee77               jr nz,0x2d66
72c78:  54fc190a           ldl rr12,<<25>>0x000a(r15)
72c7c:  bd11               ldk r1,#1
72c7e:  0b010001           cp r1,#0x0001
72c82:  e103               jr lt,0x2c8a
72c84:  0b010002           cp r1,#0x0002
72c88:  e204               jr le,0x2c92
72c8a:  bd2d               ldk r2,#13
72c8c:  5f00840033f6       call <<4>>0x33f6
72c92:  811d               add r13,r1
72c94:  30c90005           ldb rl1,rr12(#0x0005)
72c98:  8c18               clrb rh1
72c9a:  a112               ld r2,r1
72c9c:  7604a100adb2       lda rr4,<<33>>0xadb2
72ca2:  5f0084004120       call <<4>>0x4120
72ca8:  6eff1906           ldb <<25>>0x0006(r15),rl7
72cac:  4cf41906           testb <<25>>0x0006(r15)
72cb0:  e64c               jr z,0x2d4a
72cb2:  54fc190a           ldl rr12,<<25>>0x000a(r15)
72cb6:  bd12               ldk r1,#2
72cb8:  0b010001           cp r1,#0x0001
72cbc:  e103               jr lt,0x2cc4
72cbe:  0b010002           cp r1,#0x0002
72cc2:  e204               jr le,0x2ccc
72cc4:  bd2d               ldk r2,#13
72cc6:  5f00840033f6       call <<4>>0x33f6
72ccc:  811d               add r13,r1
72cce:  30c90005           ldb rl1,rr12(#0x0005)
72cd2:  8c18               clrb rh1
72cd4:  a112               ld r2,r1
72cd6:  7604a100ad92       lda rr4,<<33>>0xad92
72cdc:  5f0084004120       call <<4>>0x4120
72ce2:  6eff1908           ldb <<25>>0x0008(r15),rl7
72ce6:  4cf41908           testb <<25>>0x0008(r15)
72cea:  e62f               jr z,0x2d4a
72cec:  54fc190a           ldl rr12,<<25>>0x000a(r15)
72cf0:  bd11               ldk r1,#1
72cf2:  0b010001           cp r1,#0x0001
72cf6:  e103               jr lt,0x2cfe
72cf8:  0b010002           cp r1,#0x0002
72cfc:  e204               jr le,0x2d06
72cfe:  bd2d               ldk r2,#13
72d00:  5f00840033f6       call <<4>>0x33f6
72d06:  811d               add r13,r1
72d08:  30c90005           ldb rl1,rr12(#0x0005)
72d0c:  8c18               clrb rh1
72d0e:  0101ffd0           add r1,#0xffd0
72d12:  b3190004           sla r1,#4
72d16:  54fc190a           ldl rr12,<<25>>0x000a(r15)
72d1a:  bd22               ldk r2,#2
72d1c:  0b020001           cp r2,#0x0001
72d20:  e103               jr lt,0x2d28
72d22:  0b020002           cp r2,#0x0002
72d26:  e204               jr le,0x2d30
72d28:  bd2d               ldk r2,#13
72d2a:  5f00840033f6       call <<4>>0x33f6
72d30:  812d               add r13,r2
72d32:  30ca0005           ldb rl2,rr12(#0x0005)
72d36:  8c28               clrb rh2
72d38:  0102ffd0           add r2,#0xffd0
72d3c:  8121               add r1,r2
72d3e:  760ca100bf7e       lda rr12,<<33>>0xbf7e
72d44:  33c10002           ld rr12(#0x0002),r1
72d48:  e80d               jr 0x2d64
72d4a:  bd10               ldk r1,#0
72d4c:  0b010000           cp r1,#0x0000
72d50:  e103               jr lt,0x2d58
72d52:  0b010001           cp r1,#0x0001
72d56:  e204               jr le,0x2d60
72d58:  bd2e               ldk r2,#14
72d5a:  5f00840033f6       call <<4>>0x33f6
72d60:  6ef9191e           ldb <<25>>0x001e(r15),rl1
72d64:  e80d               jr 0x2d80
72d66:  bd10               ldk r1,#0
72d68:  0b010000           cp r1,#0x0000
72d6c:  e103               jr lt,0x2d74
72d6e:  0b010001           cp r1,#0x0001
72d72:  e204               jr le,0x2d7c
72d74:  bd2e               ldk r2,#14
72d76:  5f00840033f6       call <<4>>0x33f6
72d7c:  6ef9191e           ldb <<25>>0x001e(r15),rl1
72d80:  54fc190a           ldl rr12,<<25>>0x000a(r15)
72d84:  30c9000c           ldb rl1,rr12(#0x000c)
72d88:  8c18               clrb rh1
72d8a:  0b010020           cp r1,#0x0020
72d8e:  ee09               jr nz,0x2da2
72d90:  760ca100bf7e       lda rr12,<<33>>0xbf7e
72d96:  a9d3               inc r13,#4
72d98:  0dc5ffff           ld @rr12,#0xffff
72d9c:  5e08a10026b0       jp <<33>>0x26b0
72da2:  0b010030           cp r1,#0x0030
72da6:  ee77               jr nz,0x2e96
72da8:  54fc190a           ldl rr12,<<25>>0x000a(r15)
72dac:  bd11               ldk r1,#1
72dae:  0b010001           cp r1,#0x0001
72db2:  e103               jr lt,0x2dba
72db4:  0b010002           cp r1,#0x0002
72db8:  e204               jr le,0x2dc2
72dba:  bd2d               ldk r2,#13
72dbc:  5f00840033f6       call <<4>>0x33f6
72dc2:  811d               add r13,r1
72dc4:  30c90009           ldb rl1,rr12(#0x0009)
72dc8:  8c18               clrb rh1
72dca:  a112               ld r2,r1
72dcc:  7604a100ad72       lda rr4,<<33>>0xad72
72dd2:  5f0084004120       call <<4>>0x4120
72dd8:  6eff1906           ldb <<25>>0x0006(r15),rl7
72ddc:  4cf41906           testb <<25>>0x0006(r15)
72de0:  e64c               jr z,0x2e7a
72de2:  54fc190a           ldl rr12,<<25>>0x000a(r15)
72de6:  bd12               ldk r1,#2
72de8:  0b010001           cp r1,#0x0001
72dec:  e103               jr lt,0x2df4
72dee:  0b010002           cp r1,#0x0002
72df2:  e204               jr le,0x2dfc
72df4:  bd2d               ldk r2,#13
72df6:  5f00840033f6       call <<4>>0x33f6
72dfc:  811d               add r13,r1
72dfe:  30c90009           ldb rl1,rr12(#0x0009)
72e02:  8c18               clrb rh1
72e04:  a112               ld r2,r1
72e06:  7604a100ad52       lda rr4,<<33>>0xad52
72e0c:  5f0084004120       call <<4>>0x4120
72e12:  6eff1908           ldb <<25>>0x0008(r15),rl7
72e16:  4cf41908           testb <<25>>0x0008(r15)
72e1a:  e62f               jr z,0x2e7a
72e1c:  54fc190a           ldl rr12,<<25>>0x000a(r15)
72e20:  bd11               ldk r1,#1
72e22:  0b010001           cp r1,#0x0001
72e26:  e103               jr lt,0x2e2e
72e28:  0b010002           cp r1,#0x0002
72e2c:  e204               jr le,0x2e36
72e2e:  bd2d               ldk r2,#13
72e30:  5f00840033f6       call <<4>>0x33f6
72e36:  811d               add r13,r1
72e38:  30c90009           ldb rl1,rr12(#0x0009)
72e3c:  8c18               clrb rh1
72e3e:  0101ffd0           add r1,#0xffd0
72e42:  b3190004           sla r1,#4
72e46:  54fc190a           ldl rr12,<<25>>0x000a(r15)
72e4a:  bd22               ldk r2,#2
72e4c:  0b020001           cp r2,#0x0001
72e50:  e103               jr lt,0x2e58
72e52:  0b020002           cp r2,#0x0002
72e56:  e204               jr le,0x2e60
72e58:  bd2d               ldk r2,#13
72e5a:  5f00840033f6       call <<4>>0x33f6
72e60:  812d               add r13,r2
72e62:  30ca0009           ldb rl2,rr12(#0x0009)
72e66:  8c28               clrb rh2
72e68:  0102ffd0           add r2,#0xffd0
72e6c:  8121               add r1,r2
72e6e:  760ca100bf7e       lda rr12,<<33>>0xbf7e
72e74:  33c10004           ld rr12(#0x0004),r1
72e78:  e80d               jr 0x2e94
72e7a:  bd10               ldk r1,#0
72e7c:  0b010000           cp r1,#0x0000
72e80:  e103               jr lt,0x2e88
72e82:  0b010001           cp r1,#0x0001
72e86:  e204               jr le,0x2e90
72e88:  bd2e               ldk r2,#14
72e8a:  5f00840033f6       call <<4>>0x33f6
72e90:  6ef9191e           ldb <<25>>0x001e(r15),rl1
72e94:  e80d               jr 0x2eb0
72e96:  bd10               ldk r1,#0
72e98:  0b010000           cp r1,#0x0000
72e9c:  e103               jr lt,0x2ea4
72e9e:  0b010001           cp r1,#0x0001
72ea2:  e204               jr le,0x2eac
72ea4:  bd2e               ldk r2,#14
72ea6:  5f00840033f6       call <<4>>0x33f6
72eac:  6ef9191e           ldb <<25>>0x001e(r15),rl1
72eb0:  760ca100bf7e       lda rr12,<<33>>0xbf7e
72eb6:  a9d1               inc r13,#2
72eb8:  0dc1ffff           cp @rr12,#0xffff
72ebc:  e610               jr z,0x2ede
72ebe:  760ca100bf7e       lda rr12,<<33>>0xbf7e
72ec4:  31c20002           ld r2,rr12(#0x0002)
72ec8:  7604a100ad32       lda rr4,<<33>>0xad32
72ece:  5f0084004120       call <<4>>0x4120
72ed4:  6eff1906           ldb <<25>>0x0006(r15),rl7
72ed8:  4cf41906           testb <<25>>0x0006(r15)
72edc:  e617               jr z,0x2f0c
72ede:  760ca100bf7e       lda rr12,<<33>>0xbf7e
72ee4:  a9d3               inc r13,#4
72ee6:  0dc1ffff           cp @rr12,#0xffff
72eea:  e61d               jr z,0x2f26
72eec:  760ca100bf7e       lda rr12,<<33>>0xbf7e
72ef2:  31c20004           ld r2,rr12(#0x0004)
72ef6:  7604a100ad12       lda rr4,<<33>>0xad12
72efc:  5f0084004120       call <<4>>0x4120
72f02:  6eff1908           ldb <<25>>0x0008(r15),rl7
72f06:  4cf41908           testb <<25>>0x0008(r15)
72f0a:  ee0d               jr nz,0x2f26
72f0c:  bd10               ldk r1,#0
72f0e:  0b010000           cp r1,#0x0000
72f12:  e103               jr lt,0x2f1a
72f14:  0b010001           cp r1,#0x0001
72f18:  e204               jr le,0x2f22
72f1a:  bd2e               ldk r2,#14
72f1c:  5f00840033f6       call <<4>>0x33f6
72f22:  6ef9191e           ldb <<25>>0x001e(r15),rl1
72f26:  60f9191e           ldb rl1,<<25>>0x001e(r15)
72f2a:  b110               extsb r1
72f2c:  0b010000           cp r1,#0x0000
72f30:  e103               jr lt,0x2f38
72f32:  0b010001           cp r1,#0x0001
72f36:  e204               jr le,0x2f40
72f38:  bd2e               ldk r2,#14
72f3a:  5f00840033f6       call <<4>>0x33f6
72f40:  6ef9191a           ldb <<25>>0x001a(r15),rl1
72f44:  4cf4191e           testb <<25>>0x001e(r15)
72f48:  ee07               jr nz,0x2f58
72f4a:  34ec0026           lda rr12,rr14(#0x0026)
72f4e:  5dfc1902           ldl <<25>>0x0002(r15),rr12
72f52:  5f00a1001efa       call <<33>>0x1efa
72f58:  60ff191a           ldb rl7,<<25>>0x001a(r15)
72f5c:  010f0020           add r15,#0x0020
72f60:  9e08               ret 
72f62:  030f0028           sub r15,#0x0028
72f66:  0de5002c           ld @rr14,#0x002c
72f6a:  760ca100bf8e       lda rr12,<<33>>0xbf8e
72f70:  21c2               ld r2,@rr12
72f72:  760c84000184       lda rr12,<<4>>0x0184
72f78:  21c3               ld r3,@rr12
72f7a:  5f00a1001634       call <<33>>0x1634
72f80:  760c84000166       lda rr12,<<4>>0x0166
72f86:  0cc10000           cpb @rr12,#0x00
72f8a:  5e0ea1002c30       jp nz,<<33>>0x2c30
72f90:  bd2c               ldk r2,#12
72f92:  34e40018           lda rr4,rr14(#0x0018)
72f96:  7606a2003e00       lda rr6,<<34>>0x3e00
72f9c:  5f00840041e4       call <<4>>0x41e4
72fa2:  bd11               ldk r1,#1
72fa4:  0b010000           cp r1,#0x0000
72fa8:  e103               jr lt,0x2fb0
72faa:  0b010001           cp r1,#0x0001
72fae:  e204               jr le,0x2fb8
72fb0:  bd2e               ldk r2,#14
72fb2:  5f00840033f6       call <<4>>0x33f6
72fb8:  6ef91927           ldb <<25>>0x0027(r15),rl1
72fbc:  760ca100bf8e       lda rr12,<<33>>0xbf8e
72fc2:  21c2               ld r2,@rr12
72fc4:  760ca0000114       lda rr12,<<32>>0x0114
72fca:  31c30002           ld r3,rr12(#0x0002)
72fce:  5f00a10078ac       call <<33>>0x78ac
72fd4:  8cf4               testb rl7
72fd6:  5e06a1002c26       jp z,<<33>>0x2c26
72fdc:  760ca100bf8e       lda rr12,<<33>>0xbf8e
72fe2:  21c2               ld r2,@rr12
72fe4:  760ca0000114       lda rr12,<<32>>0x0114
72fea:  31c30002           ld r3,rr12(#0x0002)
72fee:  54f41918           ldl rr4,<<25>>0x0018(r15)
72ff2:  5f00a1007da0       call <<33>>0x7da0
72ff8:  6ff7191c           ld <<25>>0x001c(r15),r7
72ffc:  61f2191c           ld r2,<<25>>0x001c(r15)
73000:  54f41918           ldl rr4,<<25>>0x0018(r15)
73004:  5f00a1006d3c       call <<33>>0x6d3c
7300a:  8cf4               testb rl7
7300c:  5e06a1002c26       jp z,<<33>>0x2c26
73012:  21020180           ld r2,#0x0180
73016:  34e4001e           lda rr4,rr14(#0x001e)
7301a:  7606a2003e00       lda rr6,<<34>>0x3e00
73020:  5f00840041e4       call <<4>>0x41e4
73026:  bd2c               ldk r2,#12
73028:  34e40022           lda rr4,rr14(#0x0022)
7302c:  7606a2003e00       lda rr6,<<34>>0x3e00
73032:  5f00840041e4       call <<4>>0x41e4
73038:  54fc1922           ldl rr12,<<25>>0x0022(r15)
7303c:  5dfc1908           ldl <<25>>0x0008(r15),rr12
73040:  54fc1908           ldl rr12,<<25>>0x0008(r15)
73044:  0dc8               clr @rr12
73046:  54fc1908           ldl rr12,<<25>>0x0008(r15)
7304a:  a9d1               inc r13,#2
7304c:  0dc50005           ld @rr12,#0x0005
73050:  54fc1908           ldl rr12,<<25>>0x0008(r15)
73054:  a9d3               inc r13,#4
73056:  0dc50180           ld @rr12,#0x0180
7305a:  54fc1908           ldl rr12,<<25>>0x0008(r15)
7305e:  a9d5               inc r13,#6
73060:  0dc8               clr @rr12
73062:  54f2191e           ldl rr2,<<25>>0x001e(r15)
73066:  5f008400457e       call <<4>>0x457e
7306c:  54fc1908           ldl rr12,<<25>>0x0008(r15)
73070:  37c60008           ldl rr12(#0x0008),rr6
73074:  bd10               ldk r1,#0
73076:  0b010000           cp r1,#0x0000
7307a:  e103               jr lt,0x3082
7307c:  0b010002           cp r1,#0x0002
73080:  e204               jr le,0x308a
73082:  bd2e               ldk r2,#14
73084:  5f00840033f6       call <<4>>0x33f6
7308a:  760ca100bf7e       lda rr12,<<33>>0xbf7e
73090:  2ec9               ldb @rr12,rl1
73092:  760ca100bf8e       lda rr12,<<33>>0xbf8e
73098:  21c2               ld r2,@rr12
7309a:  760ca0000114       lda rr12,<<32>>0x0114
730a0:  31c30002           ld r3,rr12(#0x0002)
730a4:  54f41922           ldl rr4,<<25>>0x0022(r15)
730a8:  54f61918           ldl rr6,<<25>>0x0018(r15)
730ac:  5f00a10085ba       call <<33>>0x85ba
730b2:  6ff7191c           ld <<25>>0x001c(r15),r7
730b6:  61f2191c           ld r2,<<25>>0x001c(r15)
730ba:  bd30               ldk r3,#0
730bc:  bd40               ldk r4,#0
730be:  bd55               ldk r5,#5
730c0:  54f61918           ldl rr6,<<25>>0x0018(r15)
730c4:  5f00a1006f9e       call <<33>>0x6f9e
730ca:  8cf4               testb rl7
730cc:  5e06a1002c26       jp z,<<33>>0x2c26
730d2:  54f2191e           ldl rr2,<<25>>0x001e(r15)
730d6:  760ca0000114       lda rr12,<<32>>0x0114
730dc:  31c40002           ld r4,rr12(#0x0002)
730e0:  5f00a10022c0       call <<33>>0x22c0
730e6:  6eff1906           ldb <<25>>0x0006(r15),rl7
730ea:  60f91906           ldb rl1,<<25>>0x0006(r15)
730ee:  b110               extsb r1
730f0:  0b010000           cp r1,#0x0000
730f4:  e103               jr lt,0x30fc
730f6:  0b010001           cp r1,#0x0001
730fa:  e204               jr le,0x3104
730fc:  bd2e               ldk r2,#14
730fe:  5f00840033f6       call <<4>>0x33f6
73104:  6ef91927           ldb <<25>>0x0027(r15),rl1
73108:  4cf41927           testb <<25>>0x0027(r15)
7310c:  ee01               jr nz,0x3110
7310e:  e802               jr 0x3114
73110:  c901               ldb rl1,#0x01
73112:  e801               jr 0x3116
73114:  c900               ldb rl1,#0x00
73116:  b110               extsb r1
73118:  0b010000           cp r1,#0x0000
7311c:  e103               jr lt,0x3124
7311e:  0b010001           cp r1,#0x0001
73122:  e204               jr le,0x312c
73124:  bd2e               ldk r2,#14
73126:  5f00840033f6       call <<4>>0x33f6
7312c:  6ef91927           ldb <<25>>0x0027(r15),rl1
73130:  4cf41927           testb <<25>>0x0027(r15)
73134:  ee34               jr nz,0x319e
73136:  7602840042f0       lda rr2,<<4>>0x42f0
7313c:  bd40               ldk r4,#0
7313e:  140600000000       ldl rr6,#0x00000000
73144:  5f008400210c       call <<4>>0x210c
7314a:  7602840042f0       lda rr2,<<4>>0x42f0
73150:  2104ffff           ld r4,#0xffff
73154:  21050022           ld r5,#0x0022
73158:  7606a100ae7c       lda rr6,<<33>>0xae7c
7315e:  5f008400285a       call <<4>>0x285a
73164:  7602840042f0       lda rr2,<<4>>0x42f0
7316a:  5f00840011f6       call <<4>>0x11f6
73170:  5f0084004542       call <<4>>0x4542
73176:  6eff1906           ldb <<25>>0x0006(r15),rl7
7317a:  60f91906           ldb rl1,<<25>>0x0006(r15)
7317e:  b110               extsb r1
73180:  0b010000           cp r1,#0x0000
73184:  e103               jr lt,0x318c
73186:  0b010001           cp r1,#0x0001
7318a:  e204               jr le,0x3194
7318c:  bd2e               ldk r2,#14
7318e:  5f00840033f6       call <<4>>0x33f6
73194:  6ef91926           ldb <<25>>0x0026(r15),rl1
73198:  5e08a1002c26       jp <<33>>0x2c26
7319e:  760ca100bf7e       lda rr12,<<33>>0xbf7e
731a4:  0cc10202           cpb @rr12,#0x02
731a8:  ee36               jr nz,0x3216
731aa:  7602840042f0       lda rr2,<<4>>0x42f0
731b0:  bd40               ldk r4,#0
731b2:  140600000000       ldl rr6,#0x00000000
731b8:  5f008400210c       call <<4>>0x210c
731be:  7602840042f0       lda rr2,<<4>>0x42f0
731c4:  2104ffff           ld r4,#0xffff
731c8:  21050019           ld r5,#0x0019
731cc:  7606a100ae62       lda rr6,<<33>>0xae62
731d2:  5f008400285a       call <<4>>0x285a
731d8:  7602840042f0       lda rr2,<<4>>0x42f0
731de:  bd41               ldk r4,#1
731e0:  760ca0000114       lda rr12,<<32>>0x0114
731e6:  31c50002           ld r5,rr12(#0x0002)
731ea:  5f0084002814       call <<4>>0x2814
731f0:  7602840042f0       lda rr2,<<4>>0x42f0
731f6:  2104ffff           ld r4,#0xffff
731fa:  bd59               ldk r5,#9
731fc:  7606a100ae58       lda rr6,<<33>>0xae58
73202:  5f008400285a       call <<4>>0x285a
73208:  7602840042f0       lda rr2,<<4>>0x42f0
7320e:  5f00840011f6       call <<4>>0x11f6
73214:  e835               jr 0x3280
73216:  7602840042f0       lda rr2,<<4>>0x42f0
7321c:  bd40               ldk r4,#0
7321e:  140600000000       ldl rr6,#0x00000000
73224:  5f008400210c       call <<4>>0x210c
7322a:  7602840042f0       lda rr2,<<4>>0x42f0
73230:  2104ffff           ld r4,#0xffff
73234:  21050019           ld r5,#0x0019
73238:  7606a100ae3e       lda rr6,<<33>>0xae3e
7323e:  5f008400285a       call <<4>>0x285a
73244:  7602840042f0       lda rr2,<<4>>0x42f0
7324a:  bd41               ldk r4,#1
7324c:  760ca0000114       lda rr12,<<32>>0x0114
73252:  31c50002           ld r5,rr12(#0x0002)
73256:  5f0084002814       call <<4>>0x2814
7325c:  7602840042f0       lda rr2,<<4>>0x42f0
73262:  2104ffff           ld r4,#0xffff
73266:  bd58               ldk r5,#8
73268:  7606a100ae36       lda rr6,<<33>>0xae36
7326e:  5f008400285a       call <<4>>0x285a
73274:  7602840042f0       lda rr2,<<4>>0x42f0
7327a:  5f00840011f6       call <<4>>0x11f6
73280:  760ca100bf7e       lda rr12,<<33>>0xbf7e
73286:  a9d1               inc r13,#2
73288:  0dc1ffff           cp @rr12,#0xffff
7328c:  ee20               jr nz,0x32ce
7328e:  7602840042f0       lda rr2,<<4>>0x42f0
73294:  bd40               ldk r4,#0
73296:  140600000000       ldl rr6,#0x00000000
7329c:  5f008400210c       call <<4>>0x210c
732a2:  7602840042f0       lda rr2,<<4>>0x42f0
732a8:  2104ffff           ld r4,#0xffff
732ac:  21050014           ld r5,#0x0014
732b0:  7606a100ae22       lda rr6,<<33>>0xae22
732b6:  5f008400285a       call <<4>>0x285a
732bc:  7602840042f0       lda rr2,<<4>>0x42f0
732c2:  5f00840011f6       call <<4>>0x11f6
732c8:  5e08a1002c26       jp <<33>>0x2c26
732ce:  bd10               ldk r1,#0
732d0:  0b010000           cp r1,#0x0000
732d4:  e103               jr lt,0x32dc
732d6:  0b010001           cp r1,#0x0001
732da:  e204               jr le,0x32e4
732dc:  bd2e               ldk r2,#14
732de:  5f00840033f6       call <<4>>0x33f6
732e4:  6ef91927           ldb <<25>>0x0027(r15),rl1
732e8:  760ca100bf7e       lda rr12,<<33>>0xbf7e
732ee:  a9d3               inc r13,#4
732f0:  0dc1ffff           cp @rr12,#0xffff
732f4:  ee2a               jr nz,0x334a
732f6:  7602840042f0       lda rr2,<<4>>0x42f0
732fc:  bd40               ldk r4,#0
732fe:  140600000000       ldl rr6,#0x00000000
73304:  5f008400210c       call <<4>>0x210c
7330a:  7602840042f0       lda rr2,<<4>>0x42f0
73310:  2104ffff           ld r4,#0xffff
73314:  21050012           ld r5,#0x0012
73318:  7606a100ae10       lda rr6,<<33>>0xae10
7331e:  5f008400285a       call <<4>>0x285a
73324:  7602840042f0       lda rr2,<<4>>0x42f0
7332a:  bd41               ldk r4,#1
7332c:  760ca100bf7e       lda rr12,<<33>>0xbf7e
73332:  31c50002           ld r5,rr12(#0x0002)
73336:  5f0084002814       call <<4>>0x2814
7333c:  7602840042f0       lda rr2,<<4>>0x42f0
73342:  5f00840011f6       call <<4>>0x11f6
73348:  e83d               jr 0x33c4
7334a:  7602840042f0       lda rr2,<<4>>0x42f0
73350:  bd40               ldk r4,#0
73352:  140600000000       ldl rr6,#0x00000000
73358:  5f008400210c       call <<4>>0x210c
7335e:  7602840042f0       lda rr2,<<4>>0x42f0
73364:  2104ffff           ld r4,#0xffff
73368:  21050012           ld r5,#0x0012
7336c:  7606a100adfe       lda rr6,<<33>>0xadfe
73372:  5f008400285a       call <<4>>0x285a
73378:  7602840042f0       lda rr2,<<4>>0x42f0
7337e:  bd41               ldk r4,#1
73380:  760ca100bf7e       lda rr12,<<33>>0xbf7e
73386:  31c50002           ld r5,rr12(#0x0002)
7338a:  5f0084002814       call <<4>>0x2814
73390:  7602840042f0       lda rr2,<<4>>0x42f0
73396:  21040020           ld r4,#0x0020
7339a:  5f00840010b8       call <<4>>0x10b8
733a0:  7602840042f0       lda rr2,<<4>>0x42f0
733a6:  bd41               ldk r4,#1
733a8:  760ca100bf7e       lda rr12,<<33>>0xbf7e
733ae:  31c50004           ld r5,rr12(#0x0004)
733b2:  5f0084002814       call <<4>>0x2814
733b8:  7602840042f0       lda rr2,<<4>>0x42f0
733be:  5f00840011f6       call <<4>>0x11f6
733c4:  7602840042f0       lda rr2,<<4>>0x42f0
733ca:  bd40               ldk r4,#0
733cc:  140600000000       ldl rr6,#0x00000000
733d2:  5f008400210c       call <<4>>0x210c
733d8:  7602840042f0       lda rr2,<<4>>0x42f0
733de:  2104ffff           ld r4,#0xffff
733e2:  21050022           ld r5,#0x0022
733e6:  7606a100addc       lda rr6,<<33>>0xaddc
733ec:  5f008400285a       call <<4>>0x285a
733f2:  7602840042f0       lda rr2,<<4>>0x42f0
733f8:  5f00840011f6       call <<4>>0x11f6
733fe:  5f0084004542       call <<4>>0x4542
73404:  6eff1906           ldb <<25>>0x0006(r15),rl7
73408:  60f91906           ldb rl1,<<25>>0x0006(r15)
7340c:  b110               extsb r1
7340e:  0b010000           cp r1,#0x0000
73412:  e103               jr lt,0x341a
73414:  0b010001           cp r1,#0x0001
73418:  e204               jr le,0x3422
7341a:  bd2e               ldk r2,#14
7341c:  5f00840033f6       call <<4>>0x33f6
73422:  6ef91926           ldb <<25>>0x0026(r15),rl1
73426:  4cf41927           testb <<25>>0x0027(r15)
7342a:  5e06a10027a2       jp z,<<33>>0x27a2
73430:  010f0028           add r15,#0x0028
73434:  9e08               ret 
73436:  030f001a           sub r15,#0x001a
7343a:  0de5001e           ld @rr14,#0x001e
7343e:  5cf902051906       ldm <<25>>0x0006(r15),r2,#6
73444:  54fc190a           ldl rr12,<<25>>0x000a(r15)
73448:  34ea0012           lda rr10,rr14(#0x0012)
7344c:  bd14               ldk r1,#4
7344e:  bbc101a0           ldir @rr10,@rr12,r1
73452:  bd11               ldk r1,#1
73454:  0b010000           cp r1,#0x0000
73458:  e103               jr lt,0x3460
7345a:  0b010003           cp r1,#0x0003
7345e:  e204               jr le,0x3468
73460:  bd2e               ldk r2,#14
73462:  5f00840033f6       call <<4>>0x33f6
73468:  760c84000166       lda rr12,<<4>>0x0166
7346e:  2ec9               ldb @rr12,rl1
73470:  5f00840044de       call <<4>>0x44de
73476:  7602840042f0       lda rr2,<<4>>0x42f0
7347c:  bd40               ldk r4,#0
7347e:  bd53               ldk r5,#3
73480:  7606a100aed4       lda rr6,<<33>>0xaed4
73486:  5f008400285a       call <<4>>0x285a
7348c:  7602840042f0       lda rr2,<<4>>0x42f0
73492:  2104ffff           ld r4,#0xffff
73496:  2105001e           ld r5,#0x001e
7349a:  7606a100aeb6       lda rr6,<<33>>0xaeb6
734a0:  5f008400285a       call <<4>>0x285a
734a6:  7602840042f0       lda rr2,<<4>>0x42f0
734ac:  bd41               ldk r4,#1
734ae:  61f51906           ld r5,<<25>>0x0006(r15)
734b2:  5f0084002814       call <<4>>0x2814
734b8:  7602840042f0       lda rr2,<<4>>0x42f0
734be:  5f00840011f6       call <<4>>0x11f6
734c4:  7602840042f0       lda rr2,<<4>>0x42f0
734ca:  bd40               ldk r4,#0
734cc:  bd53               ldk r5,#3
734ce:  7606a100aeb2       lda rr6,<<33>>0xaeb2
734d4:  5f008400285a       call <<4>>0x285a
734da:  7602840042f0       lda rr2,<<4>>0x42f0
734e0:  2104ffff           ld r4,#0xffff
734e4:  bd56               ldk r5,#6
734e6:  7606a100aeac       lda rr6,<<33>>0xaeac
734ec:  5f008400285a       call <<4>>0x285a
734f2:  7602840042f0       lda rr2,<<4>>0x42f0
734f8:  bd42               ldk r4,#2
734fa:  bd56               ldk r5,#6
734fc:  54f61920           ldl rr6,<<25>>0x0020(r15)
73500:  0107ffae           add r7,#0xffae
73504:  01070042           add r7,#0x0042
73508:  5f00840022cc       call <<4>>0x22cc
7350e:  7602840042f0       lda rr2,<<4>>0x42f0
73514:  2104ffff           ld r4,#0xffff
73518:  bd55               ldk r5,#5
7351a:  7606a100aea6       lda rr6,<<33>>0xaea6
73520:  5f008400285a       call <<4>>0x285a
73526:  7602840042f0       lda rr2,<<4>>0x42f0
7352c:  bd42               ldk r4,#2
7352e:  bd56               ldk r5,#6
73530:  54f61920           ldl rr6,<<25>>0x0020(r15)
73534:  0107ffae           add r7,#0xffae
73538:  0107003a           add r7,#0x003a
7353c:  5f00840022cc       call <<4>>0x22cc
73542:  7602840042f0       lda rr2,<<4>>0x42f0
73548:  2104ffff           ld r4,#0xffff
7354c:  bd58               ldk r5,#8
7354e:  7606a100ae9e       lda rr6,<<33>>0xae9e
73554:  5f008400285a       call <<4>>0x285a
7355a:  7602840042f0       lda rr2,<<4>>0x42f0
73560:  bd42               ldk r4,#2
73562:  bd56               ldk r5,#6
73564:  34e60012           lda rr6,rr14(#0x0012)
73568:  5f00840022cc       call <<4>>0x22cc
7356e:  7602840042f0       lda rr2,<<4>>0x42f0
73574:  5f00840011f6       call <<4>>0x11f6
7357a:  760c84000175       lda rr12,<<4>>0x0175
73580:  20c9               ldb rl1,@rr12
73582:  8c18               clrb rh1
73584:  0b010000           cp r1,#0x0000
73588:  e103               jr lt,0x3590
7358a:  0b0100ff           cp r1,#0x00ff
7358e:  e205               jr le,0x359a
73590:  21020010           ld r2,#0x0010
73594:  5f00840033f6       call <<4>>0x33f6
7359a:  a112               ld r2,r1
7359c:  760ca0000114       lda rr12,<<32>>0x0114
735a2:  21c3               ld r3,@rr12
735a4:  760ca0000114       lda rr12,<<32>>0x0114
735aa:  31c40002           ld r4,rr12(#0x0002)
735ae:  210500e1           ld r5,#0x00e1
735b2:  bd66               ldk r6,#6
735b4:  5f00840044f2       call <<4>>0x44f2
735ba:  010f001a           add r15,#0x001a
735be:  9e08               ret 
735c0:  030f004c           sub r15,#0x004c
735c4:  0de50050           ld @rr14,#0x0050
735c8:  5cf902051916       ldm <<25>>0x0016(r15),r2,#6
735ce:  760ca100bf8e       lda rr12,<<33>>0xbf8e
735d4:  21c2               ld r2,@rr12
735d6:  760ca0000114       lda rr12,<<32>>0x0114
735dc:  31c30002           ld r3,rr12(#0x0002)
735e0:  61f41916           ld r4,<<25>>0x0016(r15)
735e4:  54fc1952           ldl rr12,<<25>>0x0052(r15)
735e8:  010dffae           add r13,#0xffae
735ec:  54d6192a           ldl rr6,<<25>>0x002a(r13)
735f0:  5f00a100800e       call <<33>>0x800e
735f6:  54fc1952           ldl rr12,<<25>>0x0052(r15)
735fa:  010dffae           add r13,#0xffae
735fe:  6fd7194a           ld <<25>>0x004a(r13),r7
73602:  54fc1952           ldl rr12,<<25>>0x0052(r15)
73606:  010dffae           add r13,#0xffae
7360a:  61d2194a           ld r2,<<25>>0x004a(r13)
7360e:  54fc1952           ldl rr12,<<25>>0x0052(r15)
73612:  010dffae           add r13,#0xffae
73616:  54d4192a           ldl rr4,<<25>>0x002a(r13)
7361a:  5f00a1006b24       call <<33>>0x6b24
73620:  8cf4               testb rl7
73622:  5e06a1003164       jp z,<<33>>0x3164
73628:  bd20               ldk r2,#0
7362a:  94e4               ldl rr4,rr14
7362c:  a955               inc r5,#6
7362e:  5f008400377c       call <<4>>0x377c
73634:  94ec               ldl rr12,rr14
73636:  a9d5               inc r13,#6
73638:  34ea0042           lda rr10,rr14(#0x0042)
7363c:  bd14               ldk r1,#4
7363e:  bbc101a0           ldir @rr10,@rr12,r1
73642:  4df5194a0001       ld <<25>>0x004a(r15),#0x0001
73648:  5e08a1003068       jp <<33>>0x3068
7364e:  760ca100bf8e       lda rr12,<<33>>0xbf8e
73654:  21c2               ld r2,@rr12
73656:  760ca0000114       lda rr12,<<32>>0x0114
7365c:  31c30002           ld r3,rr12(#0x0002)
73660:  760ca100bf8a       lda rr12,<<33>>0xbf8a
73666:  14c4               ldl rr4,@rr12
73668:  54fc1952           ldl rr12,<<25>>0x0052(r15)
7366c:  010dffae           add r13,#0xffae
73670:  54d6192e           ldl rr6,<<25>>0x002e(r13)
73674:  5f00a1009f96       call <<33>>0x9f96
7367a:  54fc1952           ldl rr12,<<25>>0x0052(r15)
7367e:  010dffae           add r13,#0xffae
73682:  6fd7194a           ld <<25>>0x004a(r13),r7
73686:  54fc1952           ldl rr12,<<25>>0x0052(r15)
7368a:  010dffae           add r13,#0xffae
7368e:  61d2194a           ld r2,<<25>>0x004a(r13)
73692:  5f00a1005f64       call <<33>>0x5f64
73698:  6eff1906           ldb <<25>>0x0006(r15),rl7
7369c:  4cf41906           testb <<25>>0x0006(r15)
736a0:  ee03               jr nz,0x36a8
736a2:  5e08a1003074       jp <<33>>0x3074
736a8:  54fc1952           ldl rr12,<<25>>0x0052(r15)
736ac:  010dffae           add r13,#0xffae
736b0:  54dc192e           ldl rr12,<<25>>0x002e(r13)
736b4:  21c2               ld r2,@rr12
736b6:  94e4               ldl rr4,rr14
736b8:  a955               inc r5,#6
736ba:  5f008400377c       call <<4>>0x377c
736c0:  94ec               ldl rr12,rr14
736c2:  a9d5               inc r13,#6
736c4:  34ea0022           lda rr10,rr14(#0x0022)
736c8:  bd14               ldk r1,#4
736ca:  bbc101a0           ldir @rr10,@rr12,r1
736ce:  bd20               ldk r2,#0
736d0:  94e4               ldl rr4,rr14
736d2:  a955               inc r5,#6
736d4:  5f008400377c       call <<4>>0x377c
736da:  34e20022           lda rr2,rr14(#0x0022)
736de:  94e4               ldl rr4,rr14
736e0:  a955               inc r5,#6
736e2:  5f00840038d0       call <<4>>0x38d0
736e8:  e91a               jr ge,0x371e
736ea:  7602a100aed8       lda rr2,<<33>>0xaed8
736f0:  34ec0022           lda rr12,rr14(#0x0022)
736f4:  94ea               ldl rr10,rr14
736f6:  a9b5               inc r11,#6
736f8:  bd14               ldk r1,#4
736fa:  bbc101a0           ldir @rr10,@rr12,r1
736fe:  63ff1906           res <<25>>0x0006(r15),#15
73702:  76f41906           lda rr4,<<25>>0x0006(r15)
73706:  94e6               ldl rr6,rr14
73708:  a97d               inc r7,#14
7370a:  5f0084003690       call <<4>>0x3690
73710:  94ec               ldl rr12,rr14
73712:  a9dd               inc r13,#14
73714:  34ea0022           lda rr10,rr14(#0x0022)
73718:  bd14               ldk r1,#4
7371a:  bbc101a0           ldir @rr10,@rr12,r1
7371e:  21020064           ld r2,#0x0064
73722:  94e4               ldl rr4,rr14
73724:  a955               inc r5,#6
73726:  5f008400377c       call <<4>>0x377c
7372c:  34e20022           lda rr2,rr14(#0x0022)
73730:  94e4               ldl rr4,rr14
73732:  a955               inc r5,#6
73734:  94e6               ldl rr6,rr14
73736:  a97d               inc r7,#14
73738:  5f00840036da       call <<4>>0x36da
7373e:  94ec               ldl rr12,rr14
73740:  a9dd               inc r13,#14
73742:  34ea0022           lda rr10,rr14(#0x0022)
73746:  bd14               ldk r1,#4
73748:  bbc101a0           ldir @rr10,@rr12,r1
7374c:  4df1194a0001       cp <<25>>0x004a(r15),#0x0001
73752:  ee0e               jr nz,0x3770
73754:  34ec0022           lda rr12,rr14(#0x0022)
73758:  34ea003a           lda rr10,rr14(#0x003a)
7375c:  bd14               ldk r1,#4
7375e:  bbc101a0           ldir @rr10,@rr12,r1
73762:  34ec0022           lda rr12,rr14(#0x0022)
73766:  34ea0032           lda rr10,rr14(#0x0032)
7376a:  bd14               ldk r1,#4
7376c:  bbc101a0           ldir @rr10,@rr12,r1
73770:  34e20022           lda rr2,rr14(#0x0022)
73774:  54f41952           ldl rr4,<<25>>0x0052(r15)
73778:  0105ffae           add r5,#0xffae
7377c:  01050042           add r5,#0x0042
73780:  5f00840038d0       call <<4>>0x38d0
73786:  e90b               jr ge,0x379e
73788:  61f21916           ld r2,<<25>>0x0016(r15)
7378c:  34e40022           lda rr4,rr14(#0x0022)
73790:  54fc1952           ldl rr12,<<25>>0x0052(r15)
73794:  5dfc1902           ldl <<25>>0x0002(r15),rr12
73798:  5f00a1002c36       call <<33>>0x2c36
7379e:  34e20022           lda rr2,rr14(#0x0022)
737a2:  54f41952           ldl rr4,<<25>>0x0052(r15)
737a6:  0105ffae           add r5,#0xffae
737aa:  0105003a           add r5,#0x003a
737ae:  5f00840038d0       call <<4>>0x38d0
737b4:  e20b               jr le,0x37cc
737b6:  61f21916           ld r2,<<25>>0x0016(r15)
737ba:  34e40022           lda rr4,rr14(#0x0022)
737be:  54fc1952           ldl rr12,<<25>>0x0052(r15)
737c2:  5dfc1902           ldl <<25>>0x0002(r15),rr12
737c6:  5f00a1002c36       call <<33>>0x2c36
737cc:  760c84000166       lda rr12,<<4>>0x0166
737d2:  0cc10000           cpb @rr12,#0x00
737d6:  e601               jr z,0x37da
737d8:  e84d               jr 0x3874
737da:  34e20042           lda rr2,rr14(#0x0042)
737de:  34e40022           lda rr4,rr14(#0x0022)
737e2:  94e6               ldl rr6,rr14
737e4:  a975               inc r7,#6
737e6:  5f00840036aa       call <<4>>0x36aa
737ec:  94ec               ldl rr12,rr14
737ee:  a9d5               inc r13,#6
737f0:  34ea0042           lda rr10,rr14(#0x0042)
737f4:  bd14               ldk r1,#4
737f6:  bbc101a0           ldir @rr10,@rr12,r1
737fa:  61f2194a           ld r2,<<25>>0x004a(r15)
737fe:  94e4               ldl rr4,rr14
73800:  a955               inc r5,#6
73802:  5f008400377c       call <<4>>0x377c
73808:  34e20042           lda rr2,rr14(#0x0042)
7380c:  94e4               ldl rr4,rr14
7380e:  a955               inc r5,#6
73810:  94e6               ldl rr6,rr14
73812:  a97d               inc r7,#14
73814:  5f00840036da       call <<4>>0x36da
7381a:  94ec               ldl rr12,rr14
7381c:  a9dd               inc r13,#14
7381e:  34ea002a           lda rr10,rr14(#0x002a)
73822:  bd14               ldk r1,#4
73824:  bbc101a0           ldir @rr10,@rr12,r1
73828:  34e20022           lda rr2,rr14(#0x0022)
7382c:  34e40032           lda rr4,rr14(#0x0032)
73830:  5f00840038d0       call <<4>>0x38d0
73836:  e207               jr le,0x3846
73838:  34ec0022           lda rr12,rr14(#0x0022)
7383c:  34ea0032           lda rr10,rr14(#0x0032)
73840:  bd14               ldk r1,#4
73842:  bbc101a0           ldir @rr10,@rr12,r1
73846:  34e20022           lda rr2,rr14(#0x0022)
7384a:  34e4003a           lda rr4,rr14(#0x003a)
7384e:  5f00840038d0       call <<4>>0x38d0
73854:  e907               jr ge,0x3864
73856:  34ec0022           lda rr12,rr14(#0x0022)
7385a:  34ea003a           lda rr10,rr14(#0x003a)
7385e:  bd14               ldk r1,#4
73860:  bbc101a0           ldir @rr10,@rr12,r1
73864:  69f0194a           inc <<25>>0x004a(r15),#1
73868:  4df1194a000a       cp <<25>>0x004a(r15),#0x000a
7386e:  5e02a1002e4e       jp le,<<33>>0x2e4e
73874:  7602840042f0       lda rr2,<<4>>0x42f0
7387a:  bd40               ldk r4,#0
7387c:  140600000000       ldl rr6,#0x00000000
73882:  5f008400210c       call <<4>>0x210c
73888:  7602840042f0       lda rr2,<<4>>0x42f0
7388e:  2104ffff           ld r4,#0xffff
73892:  21050016           ld r5,#0x0016
73896:  7606a100aef2       lda rr6,<<33>>0xaef2
7389c:  5f008400285a       call <<4>>0x285a
738a2:  7602840042f0       lda rr2,<<4>>0x42f0
738a8:  bd41               ldk r4,#1
738aa:  61f51916           ld r5,<<25>>0x0016(r15)
738ae:  5f0084002814       call <<4>>0x2814
738b4:  7602840042f0       lda rr2,<<4>>0x42f0
738ba:  5f00840011f6       call <<4>>0x11f6
738c0:  7602840042f0       lda rr2,<<4>>0x42f0
738c6:  bd40               ldk r4,#0
738c8:  140600000000       ldl rr6,#0x00000000
738ce:  5f008400210c       call <<4>>0x210c
738d4:  7602840042f0       lda rr2,<<4>>0x42f0
738da:  2104ffff           ld r4,#0xffff
738de:  bd55               ldk r5,#5
738e0:  7606a100aeec       lda rr6,<<33>>0xaeec
738e6:  5f008400285a       call <<4>>0x285a
738ec:  7602840042f0       lda rr2,<<4>>0x42f0
738f2:  bd42               ldk r4,#2
738f4:  bd56               ldk r5,#6
738f6:  34e6003a           lda rr6,rr14(#0x003a)
738fa:  5f00840022cc       call <<4>>0x22cc
73900:  7602840042f0       lda rr2,<<4>>0x42f0
73906:  2104ffff           ld r4,#0xffff
7390a:  bd55               ldk r5,#5
7390c:  7606a100aee6       lda rr6,<<33>>0xaee6
73912:  5f008400285a       call <<4>>0x285a
73918:  7602840042f0       lda rr2,<<4>>0x42f0
7391e:  bd42               ldk r4,#2
73920:  bd56               ldk r5,#6
73922:  34e60032           lda rr6,rr14(#0x0032)
73926:  5f00840022cc       call <<4>>0x22cc
7392c:  7602840042f0       lda rr2,<<4>>0x42f0
73932:  2104ffff           ld r4,#0xffff
73936:  bd55               ldk r5,#5
73938:  7606a100aee0       lda rr6,<<33>>0xaee0
7393e:  5f008400285a       call <<4>>0x285a
73944:  7602840042f0       lda rr2,<<4>>0x42f0
7394a:  bd42               ldk r4,#2
7394c:  bd56               ldk r5,#6
7394e:  34e6002a           lda rr6,rr14(#0x002a)
73952:  5f00840022cc       call <<4>>0x22cc
73958:  7602840042f0       lda rr2,<<4>>0x42f0
7395e:  5f00840011f6       call <<4>>0x11f6
73964:  010f004c           add r15,#0x004c
73968:  9e08               ret 
7396a:  030f004c           sub r15,#0x004c
7396e:  0de50050           ld @rr14,#0x0050
73972:  7602a100af30       lda rr2,<<33>>0xaf30
73978:  7604a100af28       lda rr4,<<33>>0xaf28
7397e:  94e6               ldl rr6,rr14
73980:  a975               inc r7,#6
73982:  5f00840036c0       call <<4>>0x36c0
73988:  21020064           ld r2,#0x0064
7398c:  94e4               ldl rr4,rr14
7398e:  a95d               inc r5,#14
73990:  5f008400377c       call <<4>>0x377c
73996:  94e2               ldl rr2,rr14
73998:  a935               inc r3,#6
7399a:  94e4               ldl rr4,rr14
7399c:  a95d               inc r5,#14
7399e:  34e60016           lda rr6,rr14(#0x0016)
739a2:  5f00840036da       call <<4>>0x36da
739a8:  34ec0016           lda rr12,rr14(#0x0016)
739ac:  34ea0032           lda rr10,rr14(#0x0032)
739b0:  bd14               ldk r1,#4
739b2:  bbc101a0           ldir @rr10,@rr12,r1
739b6:  7602a100af20       lda rr2,<<33>>0xaf20
739bc:  34e40032           lda rr4,rr14(#0x0032)
739c0:  94e6               ldl rr6,rr14
739c2:  a975               inc r7,#6
739c4:  5f0084003690       call <<4>>0x3690
739ca:  94ec               ldl rr12,rr14
739cc:  a9d5               inc r13,#6
739ce:  34ea0042           lda rr10,rr14(#0x0042)
739d2:  bd14               ldk r1,#4
739d4:  bbc101a0           ldir @rr10,@rr12,r1
739d8:  7602a100af18       lda rr2,<<33>>0xaf18
739de:  34e40032           lda rr4,rr14(#0x0032)
739e2:  94e6               ldl rr6,rr14
739e4:  a975               inc r7,#6
739e6:  5f00840036aa       call <<4>>0x36aa
739ec:  94ec               ldl rr12,rr14
739ee:  a9d5               inc r13,#6
739f0:  34ea003a           lda rr10,rr14(#0x003a)
739f4:  bd14               ldk r1,#4
739f6:  bbc101a0           ldir @rr10,@rr12,r1
739fa:  7602840042f0       lda rr2,<<4>>0x42f0
73a00:  bd40               ldk r4,#0
73a02:  140600000000       ldl rr6,#0x00000000
73a08:  5f008400210c       call <<4>>0x210c
73a0e:  7602840042f0       lda rr2,<<4>>0x42f0
73a14:  2104ffff           ld r4,#0xffff
73a18:  21050018           ld r5,#0x0018
73a1c:  7606a100af58       lda rr6,<<33>>0xaf58
73a22:  5f008400285a       call <<4>>0x285a
73a28:  7602840042f0       lda rr2,<<4>>0x42f0
73a2e:  bd42               ldk r4,#2
73a30:  bd56               ldk r5,#6
73a32:  7606a100af10       lda rr6,<<33>>0xaf10
73a38:  5f00840022cc       call <<4>>0x22cc
73a3e:  7602840042f0       lda rr2,<<4>>0x42f0
73a44:  2104ffff           ld r4,#0xffff
73a48:  bd53               ldk r5,#3
73a4a:  7606a100af54       lda rr6,<<33>>0xaf54
73a50:  5f008400285a       call <<4>>0x285a
73a56:  7602840042f0       lda rr2,<<4>>0x42f0
73a5c:  5f00840011f6       call <<4>>0x11f6
73a62:  7602840042f0       lda rr2,<<4>>0x42f0
73a68:  bd40               ldk r4,#0
73a6a:  140600000000       ldl rr6,#0x00000000
73a70:  5f008400210c       call <<4>>0x210c
73a76:  7602840042f0       lda rr2,<<4>>0x42f0
73a7c:  2104ffff           ld r4,#0xffff
73a80:  21050019           ld r5,#0x0019
73a84:  7606a100af3a       lda rr6,<<33>>0xaf3a
73a8a:  5f008400285a       call <<4>>0x285a
73a90:  7602840042f0       lda rr2,<<4>>0x42f0
73a96:  bd42               ldk r4,#2
73a98:  bd55               ldk r5,#5
73a9a:  7606a100af08       lda rr6,<<33>>0xaf08
73aa0:  5f00840022cc       call <<4>>0x22cc
73aa6:  7602840042f0       lda rr2,<<4>>0x42f0
73aac:  2104ffff           ld r4,#0xffff
73ab0:  bd52               ldk r5,#2
73ab2:  7606a100af38       lda rr6,<<33>>0xaf38
73ab8:  5f008400285a       call <<4>>0x285a
73abe:  7602840042f0       lda rr2,<<4>>0x42f0
73ac4:  5f00840011f6       call <<4>>0x11f6
73aca:  bd2c               ldk r2,#12
73acc:  34e4002a           lda rr4,rr14(#0x002a)
73ad0:  7606a2003e00       lda rr6,<<34>>0x3e00
73ad6:  5f00840041e4       call <<4>>0x41e4
73adc:  760ca100bf8e       lda rr12,<<33>>0xbf8e
73ae2:  21c2               ld r2,@rr12
73ae4:  760ca0000114       lda rr12,<<32>>0x0114
73aea:  31c30002           ld r3,rr12(#0x0002)
73aee:  54f4192a           ldl rr4,<<25>>0x002a(r15)
73af2:  5f00a1007da0       call <<33>>0x7da0
73af8:  6ff7194a           ld <<25>>0x004a(r15),r7
73afc:  61f2194a           ld r2,<<25>>0x004a(r15)
73b00:  54f4192a           ldl rr4,<<25>>0x002a(r15)
73b04:  5f00a1006d3c       call <<33>>0x6d3c
73b0a:  8cf4               testb rl7
73b0c:  e62f               jr z,0x3b6c
73b0e:  bd2c               ldk r2,#12
73b10:  34e4002e           lda rr4,rr14(#0x002e)
73b14:  7606a2003e00       lda rr6,<<34>>0x3e00
73b1a:  5f00840041e4       call <<4>>0x41e4
73b20:  bd21               ldk r2,#1
73b22:  34ec0052           lda rr12,rr14(#0x0052)
73b26:  5dfc1902           ldl <<25>>0x0002(r15),rr12
73b2a:  5f00a1002dc0       call <<33>>0x2dc0
73b30:  760c84000166       lda rr12,<<4>>0x0166
73b36:  0cc10000           cpb @rr12,#0x00
73b3a:  ee09               jr nz,0x3b4e
73b3c:  21020025           ld r2,#0x0025
73b40:  34ec0052           lda rr12,rr14(#0x0052)
73b44:  5dfc1902           ldl <<25>>0x0002(r15),rr12
73b48:  5f00a1002dc0       call <<33>>0x2dc0
73b4e:  760c84000166       lda rr12,<<4>>0x0166
73b54:  0cc10000           cpb @rr12,#0x00
73b58:  ee09               jr nz,0x3b6c
73b5a:  2102004a           ld r2,#0x004a
73b5e:  34ec0052           lda rr12,rr14(#0x0052)
73b62:  5dfc1902           ldl <<25>>0x0002(r15),rr12
73b66:  5f00a1002dc0       call <<33>>0x2dc0
73b6c:  010f004c           add r15,#0x004c
73b70:  9e08               ret 
73b72:  030f001c           sub r15,#0x001c
73b76:  0de50020           ld @rr14,#0x0020
73b7a:  bd2c               ldk r2,#12
73b7c:  34e40014           lda rr4,rr14(#0x0014)
73b80:  7606a2003e00       lda rr6,<<34>>0x3e00
73b86:  5f00840041e4       call <<4>>0x41e4
73b8c:  4df5191a0001       ld <<25>>0x001a(r15),#0x0001
73b92:  5e08a1003522       jp <<33>>0x3522
73b98:  760ca100bf8e       lda rr12,<<33>>0xbf8e
73b9e:  21c2               ld r2,@rr12
73ba0:  760ca0000114       lda rr12,<<32>>0x0114
73ba6:  31c30002           ld r3,rr12(#0x0002)
73baa:  54f41914           ldl rr4,<<25>>0x0014(r15)
73bae:  5f00a1007da0       call <<33>>0x7da0
73bb4:  6ff71918           ld <<25>>0x0018(r15),r7
73bb8:  61f21918           ld r2,<<25>>0x0018(r15)
73bbc:  54f41914           ldl rr4,<<25>>0x0014(r15)
73bc0:  5f00a1006d3c       call <<33>>0x6d3c
73bc6:  6eff1906           ldb <<25>>0x0006(r15),rl7
73bca:  4cf41906           testb <<25>>0x0006(r15)
73bce:  ee03               jr nz,0x3bd6
73bd0:  5e08a100352e       jp <<33>>0x352e
73bd6:  760ca100bf8e       lda rr12,<<33>>0xbf8e
73bdc:  21c2               ld r2,@rr12
73bde:  760ca0000114       lda rr12,<<32>>0x0114
73be4:  31c30002           ld r3,rr12(#0x0002)
73be8:  61f4191a           ld r4,<<25>>0x001a(r15)
73bec:  54f61914           ldl rr6,<<25>>0x0014(r15)
73bf0:  5f00a100800e       call <<33>>0x800e
73bf6:  6ff71918           ld <<25>>0x0018(r15),r7
73bfa:  61f21918           ld r2,<<25>>0x0018(r15)
73bfe:  54f41914           ldl rr4,<<25>>0x0014(r15)
73c02:  5f00a1006b24       call <<33>>0x6b24
73c08:  6eff1906           ldb <<25>>0x0006(r15),rl7
73c0c:  4cf41906           testb <<25>>0x0006(r15)
73c10:  ee03               jr nz,0x3c18
73c12:  5e08a100352e       jp <<33>>0x352e
73c18:  760ca100bf8e       lda rr12,<<33>>0xbf8e
73c1e:  21c2               ld r2,@rr12
73c20:  760ca0000114       lda rr12,<<32>>0x0114
73c26:  31c30002           ld r3,rr12(#0x0002)
73c2a:  54f41914           ldl rr4,<<25>>0x0014(r15)
73c2e:  5f00a1008096       call <<33>>0x8096
73c34:  6ff71918           ld <<25>>0x0018(r15),r7
73c38:  61f21918           ld r2,<<25>>0x0018(r15)
73c3c:  bd30               ldk r3,#0
73c3e:  61f4191a           ld r4,<<25>>0x001a(r15)
73c42:  bd50               ldk r5,#0
73c44:  54f61914           ldl rr6,<<25>>0x0014(r15)
73c48:  5f00a1006f9e       call <<33>>0x6f9e
73c4e:  6eff1906           ldb <<25>>0x0006(r15),rl7
73c52:  4cf41906           testb <<25>>0x0006(r15)
73c56:  ee01               jr nz,0x3c5a
73c58:  e86a               jr 0x3d2e
73c5a:  bd10               ldk r1,#0
73c5c:  0b010000           cp r1,#0x0000
73c60:  e103               jr lt,0x3c68
73c62:  0b010003           cp r1,#0x0003
73c66:  e204               jr le,0x3c70
73c68:  bd2d               ldk r2,#13
73c6a:  5f00840033f6       call <<4>>0x33f6
73c70:  8111               add r1,r1
73c72:  54fc1914           ldl rr12,<<25>>0x0014(r15)
73c76:  811d               add r13,r1
73c78:  61f1191a           ld r1,<<25>>0x001a(r15)
73c7c:  0bc1               cp r1,@rr12
73c7e:  e648               jr z,0x3d10
73c80:  bd11               ldk r1,#1
73c82:  0b010000           cp r1,#0x0000
73c86:  e103               jr lt,0x3c8e
73c88:  0b010003           cp r1,#0x0003
73c8c:  e204               jr le,0x3c96
73c8e:  bd2e               ldk r2,#14
73c90:  5f00840033f6       call <<4>>0x33f6
73c96:  760c84000166       lda rr12,<<4>>0x0166
73c9c:  2ec9               ldb @rr12,rl1
73c9e:  5f00840044de       call <<4>>0x44de
73ca4:  bd20               ldk r2,#0
73ca6:  61f3191a           ld r3,<<25>>0x001a(r15)
73caa:  bd10               ldk r1,#0
73cac:  0b010000           cp r1,#0x0000
73cb0:  e103               jr lt,0x3cb8
73cb2:  0b010003           cp r1,#0x0003
73cb6:  e204               jr le,0x3cc0
73cb8:  bd2d               ldk r2,#13
73cba:  5f00840033f6       call <<4>>0x33f6
73cc0:  8111               add r1,r1
73cc2:  54fc1914           ldl rr12,<<25>>0x0014(r15)
73cc6:  811d               add r13,r1
73cc8:  21c4               ld r4,@rr12
73cca:  5f00a1005a60       call <<33>>0x5a60
73cd0:  760c84000175       lda rr12,<<4>>0x0175
73cd6:  20c9               ldb rl1,@rr12
73cd8:  8c18               clrb rh1
73cda:  0b010000           cp r1,#0x0000
73cde:  e103               jr lt,0x3ce6
73ce0:  0b0100ff           cp r1,#0x00ff
73ce4:  e205               jr le,0x3cf0
73ce6:  21020010           ld r2,#0x0010
73cea:  5f00840033f6       call <<4>>0x33f6
73cf0:  a112               ld r2,r1
73cf2:  760ca0000114       lda rr12,<<32>>0x0114
73cf8:  21c3               ld r3,@rr12
73cfa:  760ca0000114       lda rr12,<<32>>0x0114
73d00:  31c40002           ld r4,rr12(#0x0002)
73d04:  210500e1           ld r5,#0x00e1
73d08:  bd68               ldk r6,#8
73d0a:  5f00840044f2       call <<4>>0x44f2
73d10:  760c84000166       lda rr12,<<4>>0x0166
73d16:  0cc10000           cpb @rr12,#0x00
73d1a:  e601               jr z,0x3d1e
73d1c:  e808               jr 0x3d2e
73d1e:  69f0191a           inc <<25>>0x001a(r15),#1
73d22:  4df1191a004a       cp <<25>>0x001a(r15),#0x004a
73d28:  5e02a1003398       jp le,<<33>>0x3398
73d2e:  010f001c           add r15,#0x001c
73d32:  9e08               ret 
73d34:  030f0016           sub r15,#0x0016
73d38:  0de5001a           ld @rr14,#0x001a
73d3c:  5cf902051906       ldm <<25>>0x0006(r15),r2,#6
73d42:  4df519140001       ld <<25>>0x0014(r15),#0x0001
73d48:  5e08a100369a       jp <<33>>0x369a
73d4e:  61f11914           ld r1,<<25>>0x0014(r15)
73d52:  b3190002           sla r1,#2
73d56:  ab12               dec r1,#3
73d58:  6ff11912           ld <<25>>0x0012(r15),r1
73d5c:  60f9190b           ldb rl1,<<25>>0x000b(r15)
73d60:  b110               extsb r1
73d62:  0b01ff80           cp r1,#0xff80
73d66:  e103               jr lt,0x3d6e
73d68:  0b01007f           cp r1,#0x007f
73d6c:  e204               jr le,0x3d76
73d6e:  bd2e               ldk r2,#14
73d70:  5f00840033f6       call <<4>>0x33f6
73d76:  61f21912           ld r2,<<25>>0x0012(r15)
73d7a:  0b020001           cp r2,#0x0001
73d7e:  e103               jr lt,0x3d86
73d80:  0b020068           cp r2,#0x0068
73d84:  e204               jr le,0x3d8e
73d86:  bd2d               ldk r2,#13
73d88:  5f00840033f6       call <<4>>0x33f6
73d8e:  54fc1906           ldl rr12,<<25>>0x0006(r15)
73d92:  812d               add r13,r2
73d94:  32c9ffff           ldb rr12(#0xffff),rl1
73d98:  60f9190d           ldb rl1,<<25>>0x000d(r15)
73d9c:  b110               extsb r1
73d9e:  0b01ff80           cp r1,#0xff80
73da2:  e103               jr lt,0x3daa
73da4:  0b01007f           cp r1,#0x007f
73da8:  e204               jr le,0x3db2
73daa:  bd2e               ldk r2,#14
73dac:  5f00840033f6       call <<4>>0x33f6
73db2:  61f21912           ld r2,<<25>>0x0012(r15)
73db6:  a920               inc r2,#1
73db8:  0b020001           cp r2,#0x0001
73dbc:  e103               jr lt,0x3dc4
73dbe:  0b020068           cp r2,#0x0068
73dc2:  e204               jr le,0x3dcc
73dc4:  bd2d               ldk r2,#13
73dc6:  5f00840033f6       call <<4>>0x33f6
73dcc:  54fc1906           ldl rr12,<<25>>0x0006(r15)
73dd0:  812d               add r13,r2
73dd2:  32c9ffff           ldb rr12(#0xffff),rl1
73dd6:  4cf1190bffff       cpb <<25>>0x000b(r15),#0xff
73ddc:  ee1f               jr nz,0x3e1c
73dde:  2101ffff           ld r1,#0xffff
73de2:  0b01ff80           cp r1,#0xff80
73de6:  e103               jr lt,0x3dee
73de8:  0b01007f           cp r1,#0x007f
73dec:  e204               jr le,0x3df6
73dee:  bd2e               ldk r2,#14
73df0:  5f00840033f6       call <<4>>0x33f6
73df6:  61f21912           ld r2,<<25>>0x0012(r15)
73dfa:  a921               inc r2,#2
73dfc:  0b020001           cp r2,#0x0001
73e00:  e103               jr lt,0x3e08
73e02:  0b020068           cp r2,#0x0068
73e06:  e204               jr le,0x3e10
73e08:  bd2d               ldk r2,#13
73e0a:  5f00840033f6       call <<4>>0x33f6
73e10:  54fc1906           ldl rr12,<<25>>0x0006(r15)
73e14:  812d               add r13,r2
73e16:  32c9ffff           ldb rr12(#0xffff),rl1
73e1a:  e81e               jr 0x3e58
73e1c:  61f11914           ld r1,<<25>>0x0014(r15)
73e20:  0b01ff80           cp r1,#0xff80
73e24:  e103               jr lt,0x3e2c
73e26:  0b01007f           cp r1,#0x007f
73e2a:  e204               jr le,0x3e34
73e2c:  bd2e               ldk r2,#14
73e2e:  5f00840033f6       call <<4>>0x33f6
73e34:  61f21912           ld r2,<<25>>0x0012(r15)
73e38:  a921               inc r2,#2
73e3a:  0b020001           cp r2,#0x0001
73e3e:  e103               jr lt,0x3e46
73e40:  0b020068           cp r2,#0x0068
73e44:  e204               jr le,0x3e4e
73e46:  bd2d               ldk r2,#13
73e48:  5f00840033f6       call <<4>>0x33f6
73e4e:  54fc1906           ldl rr12,<<25>>0x0006(r15)
73e52:  812d               add r13,r2
73e54:  32c9ffff           ldb rr12(#0xffff),rl1
73e58:  60f9190f           ldb rl1,<<25>>0x000f(r15)
73e5c:  b110               extsb r1
73e5e:  0b01ff80           cp r1,#0xff80
73e62:  e103               jr lt,0x3e6a
73e64:  0b01007f           cp r1,#0x007f
73e68:  e204               jr le,0x3e72
73e6a:  bd2e               ldk r2,#14
73e6c:  5f00840033f6       call <<4>>0x33f6
73e72:  61f21912           ld r2,<<25>>0x0012(r15)
73e76:  a922               inc r2,#3
73e78:  0b020001           cp r2,#0x0001
73e7c:  e103               jr lt,0x3e84
73e7e:  0b020068           cp r2,#0x0068
73e82:  e204               jr le,0x3e8c
73e84:  bd2d               ldk r2,#13
73e86:  5f00840033f6       call <<4>>0x33f6
73e8c:  54fc1906           ldl rr12,<<25>>0x0006(r15)
73e90:  812d               add r13,r2
73e92:  32c9ffff           ldb rr12(#0xffff),rl1
73e96:  69f01914           inc <<25>>0x0014(r15),#1
73e9a:  4df11914001a       cp <<25>>0x0014(r15),#0x001a
73ea0:  5e02a100354e       jp le,<<33>>0x354e
73ea6:  010f0016           add r15,#0x0016
73eaa:  9e08               ret 
73eac:  030f001a           sub r15,#0x001a
73eb0:  0de5001e           ld @rr14,#0x001e
73eb4:  5cf90205190a       ldm <<25>>0x000a(r15),r2,#6
73eba:  54fc1920           ldl rr12,<<25>>0x0020(r15)
73ebe:  010dffc4           add r13,#0xffc4
73ec2:  61d11934           ld r1,<<25>>0x0034(r13)
73ec6:  0b01ff80           cp r1,#0xff80
73eca:  e103               jr lt,0x3ed2
73ecc:  0b01007f           cp r1,#0x007f
73ed0:  e204               jr le,0x3eda
73ed2:  bd2e               ldk r2,#14
73ed4:  5f00840033f6       call <<4>>0x33f6
73eda:  6ef91917           ldb <<25>>0x0017(r15),rl1
73ede:  760c84000166       lda rr12,<<4>>0x0166
73ee4:  0cc10000           cpb @rr12,#0x00
73ee8:  5e0ea1003b62       jp nz,<<33>>0x3b62
73eee:  bd10               ldk r1,#0
73ef0:  0b01ff80           cp r1,#0xff80
73ef4:  e103               jr lt,0x3efc
73ef6:  0b01007f           cp r1,#0x007f
73efa:  e204               jr le,0x3f04
73efc:  bd2e               ldk r2,#14
73efe:  5f00840033f6       call <<4>>0x33f6
73f04:  54fc1920           ldl rr12,<<25>>0x0020(r15)
73f08:  010dffc4           add r13,#0xffc4
73f0c:  60da192e           ldb rl2,<<25>>0x002e(r13)
73f10:  b120               extsb r2
73f12:  0b02ff80           cp r2,#0xff80
73f16:  e103               jr lt,0x3f1e
73f18:  0b02007f           cp r2,#0x007f
73f1c:  e205               jr le,0x3f28
73f1e:  21020011           ld r2,#0x0011
73f22:  5f00840033f6       call <<4>>0x33f6
73f28:  6efa1908           ldb <<25>>0x0008(r15),rl2
73f2c:  6ef91918           ldb <<25>>0x0018(r15),rl1
73f30:  5e08a10038ee       jp <<33>>0x38ee
73f36:  760ca100bf7e       lda rr12,<<33>>0xbf7e
73f3c:  0cc10000           cpb @rr12,#0x00
73f40:  ee0e               jr nz,0x3f5e
73f42:  bd10               ldk r1,#0
73f44:  0b01ff80           cp r1,#0xff80
73f48:  e103               jr lt,0x3f50
73f4a:  0b01007f           cp r1,#0x007f
73f4e:  e204               jr le,0x3f58
73f50:  bd2e               ldk r2,#14
73f52:  5f00840033f6       call <<4>>0x33f6
73f58:  6ef91919           ldb <<25>>0x0019(r15),rl1
73f5c:  e80d               jr 0x3f78
73f5e:  bd11               ldk r1,#1
73f60:  0b01ff80           cp r1,#0xff80
73f64:  e103               jr lt,0x3f6c
73f66:  0b01007f           cp r1,#0x007f
73f6a:  e204               jr le,0x3f74
73f6c:  bd2e               ldk r2,#14
73f6e:  5f00840033f6       call <<4>>0x33f6
73f74:  6ef91919           ldb <<25>>0x0019(r15),rl1
73f78:  4cf1190b6e6e       cpb <<25>>0x000b(r15),#0x6e
73f7e:  ee37               jr nz,0x3fee
73f80:  54fc1920           ldl rr12,<<25>>0x0020(r15)
73f84:  010dffc4           add r13,#0xffc4
73f88:  54d21930           ldl rr2,<<25>>0x0030(r13)
73f8c:  60f91917           ldb rl1,<<25>>0x0017(r15)
73f90:  b110               extsb r1
73f92:  0b01ff80           cp r1,#0xff80
73f96:  e103               jr lt,0x3f9e
73f98:  0b01007f           cp r1,#0x007f
73f9c:  e205               jr le,0x3fa8
73f9e:  21020010           ld r2,#0x0010
73fa2:  5f00840033f6       call <<4>>0x33f6
73fa8:  a114               ld r4,r1
73faa:  60f91918           ldb rl1,<<25>>0x0018(r15)
73fae:  b110               extsb r1
73fb0:  0b01ff80           cp r1,#0xff80
73fb4:  e103               jr lt,0x3fbc
73fb6:  0b01007f           cp r1,#0x007f
73fba:  e205               jr le,0x3fc6
73fbc:  21020010           ld r2,#0x0010
73fc0:  5f00840033f6       call <<4>>0x33f6
73fc6:  a115               ld r5,r1
73fc8:  60f91919           ldb rl1,<<25>>0x0019(r15)
73fcc:  b110               extsb r1
73fce:  0b01ff80           cp r1,#0xff80
73fd2:  e103               jr lt,0x3fda
73fd4:  0b01007f           cp r1,#0x007f
73fd8:  e205               jr le,0x3fe4
73fda:  21020010           ld r2,#0x0010
73fde:  5f00840033f6       call <<4>>0x33f6
73fe4:  a116               ld r6,r1
73fe6:  5f00a1003534       call <<33>>0x3534
73fec:  e833               jr 0x4054
73fee:  54fc1920           ldl rr12,<<25>>0x0020(r15)
73ff2:  010dffc4           add r13,#0xffc4
73ff6:  54d21930           ldl rr2,<<25>>0x0030(r13)
73ffa:  2101ffff           ld r1,#0xffff
73ffe:  0b01ff80           cp r1,#0xff80
74002:  e103               jr lt,0x400a
74004:  0b01007f           cp r1,#0x007f
74008:  e205               jr le,0x4014
7400a:  21020010           ld r2,#0x0010
7400e:  5f00840033f6       call <<4>>0x33f6
74014:  a114               ld r4,r1
74016:  2101ffff           ld r1,#0xffff
7401a:  0b01ff80           cp r1,#0xff80
7401e:  e103               jr lt,0x4026
74020:  0b01007f           cp r1,#0x007f
74024:  e205               jr le,0x4030
74026:  21020010           ld r2,#0x0010
7402a:  5f00840033f6       call <<4>>0x33f6
74030:  a115               ld r5,r1
74032:  2101ffff           ld r1,#0xffff
74036:  0b01ff80           cp r1,#0xff80
7403a:  e103               jr lt,0x4042
7403c:  0b01007f           cp r1,#0x007f
74040:  e205               jr le,0x404c
74042:  21020010           ld r2,#0x0010
74046:  5f00840033f6       call <<4>>0x33f6
7404c:  a116               ld r6,r1
7404e:  5f00a1003534       call <<33>>0x3534
74054:  54fc1920           ldl rr12,<<25>>0x0020(r15)
74058:  010dffc4           add r13,#0xffc4
7405c:  54dc1920           ldl rr12,<<25>>0x0020(r13)
74060:  60f91918           ldb rl1,<<25>>0x0018(r15)
74064:  b110               extsb r1
74066:  33c10002           ld rr12(#0x0002),r1
7406a:  760ca100bf8e       lda rr12,<<33>>0xbf8e
74070:  21c2               ld r2,@rr12
74072:  760ca0000114       lda rr12,<<32>>0x0114
74078:  31c30002           ld r3,rr12(#0x0002)
7407c:  54fc1920           ldl rr12,<<25>>0x0020(r15)
74080:  010dffc4           add r13,#0xffc4
74084:  54d41920           ldl rr4,<<25>>0x0020(r13)
74088:  54fc1920           ldl rr12,<<25>>0x0020(r15)
7408c:  010dffc4           add r13,#0xffc4
74090:  54d6191c           ldl rr6,<<25>>0x001c(r13)
74094:  5f00a1008a8a       call <<33>>0x8a8a
7409a:  54fc1920           ldl rr12,<<25>>0x0020(r15)
7409e:  010dffc4           add r13,#0xffc4
740a2:  6fd7191a           ld <<25>>0x001a(r13),r7
740a6:  54fc1920           ldl rr12,<<25>>0x0020(r15)
740aa:  010dffc4           add r13,#0xffc4
740ae:  61d2191a           ld r2,<<25>>0x001a(r13)
740b2:  54fc1920           ldl rr12,<<25>>0x0020(r15)
740b6:  010dffc4           add r13,#0xffc4
740ba:  61d31918           ld r3,<<25>>0x0018(r13)
740be:  54fc1920           ldl rr12,<<25>>0x0020(r15)
740c2:  010dffc4           add r13,#0xffc4
740c6:  61d41934           ld r4,<<25>>0x0034(r13)
740ca:  bd51               ldk r5,#1
740cc:  54fc1920           ldl rr12,<<25>>0x0020(r15)
740d0:  010dffc4           add r13,#0xffc4
740d4:  54d6191c           ldl rr6,<<25>>0x001c(r13)
740d8:  5f00a1006f9e       call <<33>>0x6f9e
740de:  6eff1906           ldb <<25>>0x0006(r15),rl7
740e2:  4cf41906           testb <<25>>0x0006(r15)
740e6:  ee01               jr nz,0x40ea
740e8:  e809               jr 0x40fc
740ea:  68f01918           incb <<25>>0x0018(r15),#1
740ee:  60f91918           ldb rl1,<<25>>0x0018(r15)
740f2:  4af91908           cpb rl1,<<25>>0x0008(r15)
740f6:  5e02a1003736       jp le,<<33>>0x3736
740fc:  760c84000166       lda rr12,<<4>>0x0166
74102:  0cc10000           cpb @rr12,#0x00
74106:  5e0ea1003b62       jp nz,<<33>>0x3b62
7410c:  760ca100bf8e       lda rr12,<<33>>0xbf8e
74112:  21c2               ld r2,@rr12
74114:  760ca0000114       lda rr12,<<32>>0x0114
7411a:  31c30002           ld r3,rr12(#0x0002)
7411e:  54fc1920           ldl rr12,<<25>>0x0020(r15)
74122:  010dffc4           add r13,#0xffc4
74126:  54d4191c           ldl rr4,<<25>>0x001c(r13)
7412a:  5f00a1008096       call <<33>>0x8096
74130:  54fc1920           ldl rr12,<<25>>0x0020(r15)
74134:  010dffc4           add r13,#0xffc4
74138:  6fd7191a           ld <<25>>0x001a(r13),r7
7413c:  54fc1920           ldl rr12,<<25>>0x0020(r15)
74140:  010dffc4           add r13,#0xffc4
74144:  61d2191a           ld r2,<<25>>0x001a(r13)
74148:  54fc1920           ldl rr12,<<25>>0x0020(r15)
7414c:  010dffc4           add r13,#0xffc4
74150:  61d31918           ld r3,<<25>>0x0018(r13)
74154:  54fc1920           ldl rr12,<<25>>0x0020(r15)
74158:  010dffc4           add r13,#0xffc4
7415c:  61d41934           ld r4,<<25>>0x0034(r13)
74160:  bd51               ldk r5,#1
74162:  54fc1920           ldl rr12,<<25>>0x0020(r15)
74166:  010dffc4           add r13,#0xffc4
7416a:  54d6191c           ldl rr6,<<25>>0x001c(r13)
7416e:  5f00a1006f9e       call <<33>>0x6f9e
74174:  8cf4               testb rl7
74176:  5e06a1003b62       jp z,<<33>>0x3b62
7417c:  4cf1190b6e6e       cpb <<25>>0x000b(r15),#0x6e
74182:  ee78               jr nz,0x4274
74184:  bd10               ldk r1,#0
74186:  0b010000           cp r1,#0x0000
7418a:  e103               jr lt,0x4192
7418c:  0b010003           cp r1,#0x0003
74190:  e204               jr le,0x419a
74192:  bd2d               ldk r2,#13
74194:  5f00840033f6       call <<4>>0x33f6
7419a:  8111               add r1,r1
7419c:  54fc1920           ldl rr12,<<25>>0x0020(r15)
741a0:  010dffc4           add r13,#0xffc4
741a4:  54dc191c           ldl rr12,<<25>>0x001c(r13)
741a8:  811d               add r13,r1
741aa:  21c1               ld r1,@rr12
741ac:  54fc1920           ldl rr12,<<25>>0x0020(r15)
741b0:  010dffc4           add r13,#0xffc4
741b4:  4bd11934           cp r1,<<25>>0x0034(r13)
741b8:  e65d               jr z,0x4274
741ba:  bd11               ldk r1,#1
741bc:  0b010000           cp r1,#0x0000
741c0:  e103               jr lt,0x41c8
741c2:  0b010003           cp r1,#0x0003
741c6:  e204               jr le,0x41d0
741c8:  bd2e               ldk r2,#14
741ca:  5f00840033f6       call <<4>>0x33f6
741d0:  760c84000166       lda rr12,<<4>>0x0166
741d6:  2ec9               ldb @rr12,rl1
741d8:  5f00840044de       call <<4>>0x44de
741de:  7602840042f0       lda rr2,<<4>>0x42f0
741e4:  bd40               ldk r4,#0
741e6:  bd53               ldk r5,#3
741e8:  7606a100afa2       lda rr6,<<33>>0xafa2
741ee:  5f008400285a       call <<4>>0x285a
741f4:  7602840042f0       lda rr2,<<4>>0x42f0
741fa:  2104ffff           ld r4,#0xffff
741fe:  21050018           ld r5,#0x0018
74202:  7606a100af8a       lda rr6,<<33>>0xaf8a
74208:  5f008400285a       call <<4>>0x285a
7420e:  7602840042f0       lda rr2,<<4>>0x42f0
74214:  bd41               ldk r4,#1
74216:  54fc1920           ldl rr12,<<25>>0x0020(r15)
7421a:  010dffc4           add r13,#0xffc4
7421e:  61d51934           ld r5,<<25>>0x0034(r13)
74222:  5f0084002814       call <<4>>0x2814
74228:  7602840042f0       lda rr2,<<4>>0x42f0
7422e:  5f00840011f6       call <<4>>0x11f6
74234:  760c84000175       lda rr12,<<4>>0x0175
7423a:  20c9               ldb rl1,@rr12
7423c:  8c18               clrb rh1
7423e:  0b010000           cp r1,#0x0000
74242:  e103               jr lt,0x424a
74244:  0b0100ff           cp r1,#0x00ff
74248:  e205               jr le,0x4254
7424a:  21020010           ld r2,#0x0010
7424e:  5f00840033f6       call <<4>>0x33f6
74254:  a112               ld r2,r1
74256:  760ca0000114       lda rr12,<<32>>0x0114
7425c:  21c3               ld r3,@rr12
7425e:  760ca0000114       lda rr12,<<32>>0x0114
74264:  31c40002           ld r4,rr12(#0x0002)
74268:  210500e1           ld r5,#0x00e1
7426c:  bd66               ldk r6,#6
7426e:  5f00840044f2       call <<4>>0x44f2
74274:  4cf1190b6464       cpb <<25>>0x000b(r15),#0x64
7427a:  ee73               jr nz,0x4362
7427c:  bd10               ldk r1,#0
7427e:  0b010000           cp r1,#0x0000
74282:  e103               jr lt,0x428a
74284:  0b010003           cp r1,#0x0003
74288:  e204               jr le,0x4292
7428a:  bd2d               ldk r2,#13
7428c:  5f00840033f6       call <<4>>0x33f6
74292:  8111               add r1,r1
74294:  54fc1920           ldl rr12,<<25>>0x0020(r15)
74298:  010dffc4           add r13,#0xffc4
7429c:  54dc191c           ldl rr12,<<25>>0x001c(r13)
742a0:  811d               add r13,r1
742a2:  0dc100ff           cp @rr12,#0x00ff
742a6:  e65d               jr z,0x4362
742a8:  bd11               ldk r1,#1
742aa:  0b010000           cp r1,#0x0000
742ae:  e103               jr lt,0x42b6
742b0:  0b010003           cp r1,#0x0003
742b4:  e204               jr le,0x42be
742b6:  bd2e               ldk r2,#14
742b8:  5f00840033f6       call <<4>>0x33f6
742be:  760c84000166       lda rr12,<<4>>0x0166
742c4:  2ec9               ldb @rr12,rl1
742c6:  5f00840044de       call <<4>>0x44de
742cc:  7602840042f0       lda rr2,<<4>>0x42f0
742d2:  bd40               ldk r4,#0
742d4:  bd53               ldk r5,#3
742d6:  7606a100af86       lda rr6,<<33>>0xaf86
742dc:  5f008400285a       call <<4>>0x285a
742e2:  7602840042f0       lda rr2,<<4>>0x42f0
742e8:  2104ffff           ld r4,#0xffff
742ec:  21050016           ld r5,#0x0016
742f0:  7606a100af70       lda rr6,<<33>>0xaf70
742f6:  5f008400285a       call <<4>>0x285a
742fc:  7602840042f0       lda rr2,<<4>>0x42f0
74302:  bd41               ldk r4,#1
74304:  54fc1920           ldl rr12,<<25>>0x0020(r15)
74308:  010dffc4           add r13,#0xffc4
7430c:  61d51934           ld r5,<<25>>0x0034(r13)
74310:  5f0084002814       call <<4>>0x2814
74316:  7602840042f0       lda rr2,<<4>>0x42f0
7431c:  5f00840011f6       call <<4>>0x11f6
74322:  760c84000175       lda rr12,<<4>>0x0175
74328:  20c9               ldb rl1,@rr12
7432a:  8c18               clrb rh1
7432c:  0b010000           cp r1,#0x0000
74330:  e103               jr lt,0x4338
74332:  0b0100ff           cp r1,#0x00ff
74336:  e205               jr le,0x4342
74338:  21020010           ld r2,#0x0010
7433c:  5f00840033f6       call <<4>>0x33f6
74342:  a112               ld r2,r1
74344:  760ca0000114       lda rr12,<<32>>0x0114
7434a:  21c3               ld r3,@rr12
7434c:  760ca0000114       lda rr12,<<32>>0x0114
74352:  31c40002           ld r4,rr12(#0x0002)
74356:  210500e1           ld r5,#0x00e1
7435a:  bd66               ldk r6,#6
7435c:  5f00840044f2       call <<4>>0x44f2
74362:  010f001a           add r15,#0x001a
74366:  9e08               ret 
74368:  030f0036           sub r15,#0x0036
7436c:  0de5003a           ld @rr14,#0x003a
74370:  760ca100bf7e       lda rr12,<<33>>0xbf7e
74376:  20c9               ldb rl1,@rr12
74378:  b110               extsb r1
7437a:  0b010002           cp r1,#0x0002
7437e:  ee11               jr nz,0x43a2
74380:  4df519240068       ld <<25>>0x0024(r15),#0x0068
74386:  bd11               ldk r1,#1
74388:  0b01ff80           cp r1,#0xff80
7438c:  e103               jr lt,0x4394
7438e:  0b01007f           cp r1,#0x007f
74392:  e204               jr le,0x439c
74394:  bd2e               ldk r2,#14
74396:  5f00840033f6       call <<4>>0x33f6
7439c:  6ef9192e           ldb <<25>>0x002e(r15),rl1
743a0:  e818               jr 0x43d2
743a2:  0b010000           cp r1,#0x0000
743a6:  ee11               jr nz,0x43ca
743a8:  4df519240068       ld <<25>>0x0024(r15),#0x0068
743ae:  bd10               ldk r1,#0
743b0:  0b01ff80           cp r1,#0xff80
743b4:  e103               jr lt,0x43bc
743b6:  0b01007f           cp r1,#0x007f
743ba:  e204               jr le,0x43c4
743bc:  bd2e               ldk r2,#14
743be:  5f00840033f6       call <<4>>0x33f6
743c4:  6ef9192e           ldb <<25>>0x002e(r15),rl1
743c8:  e804               jr 0x43d2
743ca:  bd20               ldk r2,#0
743cc:  5f00840033f6       call <<4>>0x33f6
743d2:  2102006c           ld r2,#0x006c
743d6:  34e40030           lda rr4,rr14(#0x0030)
743da:  7606a2003e00       lda rr6,<<34>>0x3e00
743e0:  5f00840041e4       call <<4>>0x41e4
743e6:  54fc1930           ldl rr12,<<25>>0x0030(r15)
743ea:  5dfc1926           ldl <<25>>0x0026(r15),rr12
743ee:  54f21926           ldl rr2,<<25>>0x0026(r15)
743f2:  5f008400457e       call <<4>>0x457e
743f8:  5df6192a           ldl <<25>>0x002a(r15),rr6
743fc:  bd2c               ldk r2,#12
743fe:  34e4001c           lda rr4,rr14(#0x001c)
74402:  7606a2003e00       lda rr6,<<34>>0x3e00
74408:  5f00840041e4       call <<4>>0x41e4
7440e:  bd2c               ldk r2,#12
74410:  34e40020           lda rr4,rr14(#0x0020)
74414:  7606a2003e00       lda rr6,<<34>>0x3e00
7441a:  5f00840041e4       call <<4>>0x41e4
74420:  54f21920           ldl rr2,<<25>>0x0020(r15)
74424:  0d25ffff           ld @rr2,#0xffff
74428:  61f11924           ld r1,<<25>>0x0024(r15)
7442c:  33210004           ld rr2(#0x0004),r1
74430:  942c               ldl rr12,rr2
74432:  a9d5               inc r13,#6
74434:  0dc8               clr @rr12
74436:  54fc192a           ldl rr12,<<25>>0x002a(r15)
7443a:  372c0008           ldl rr2(#0x0008),rr12
7443e:  760ca100bf8e       lda rr12,<<33>>0xbf8e
74444:  21c2               ld r2,@rr12
74446:  760ca0000114       lda rr12,<<32>>0x0114
7444c:  31c30002           ld r3,rr12(#0x0002)
74450:  54f4191c           ldl rr4,<<25>>0x001c(r15)
74454:  5f00a1007da0       call <<33>>0x7da0
7445a:  6ff7191a           ld <<25>>0x001a(r15),r7
7445e:  61f2191a           ld r2,<<25>>0x001a(r15)
74462:  54f4191c           ldl rr4,<<25>>0x001c(r15)
74466:  5f00a1006d3c       call <<33>>0x6d3c
7446c:  8cf4               testb rl7
7446e:  5e06a1003d7a       jp z,<<33>>0x3d7a
74474:  4df81918           clr <<25>>0x0018(r15)
74478:  4df51934004b       ld <<25>>0x0034(r15),#0x004b
7447e:  e879               jr 0x4572
74480:  760ca100bf8e       lda rr12,<<33>>0xbf8e
74486:  21c2               ld r2,@rr12
74488:  760ca0000114       lda rr12,<<32>>0x0114
7448e:  31c30002           ld r3,rr12(#0x0002)
74492:  61f41934           ld r4,<<25>>0x0034(r15)
74496:  54f6191c           ldl rr6,<<25>>0x001c(r15)
7449a:  5f00a100800e       call <<33>>0x800e
744a0:  6ff7191a           ld <<25>>0x001a(r15),r7
744a4:  61f2191a           ld r2,<<25>>0x001a(r15)
744a8:  54f4191c           ldl rr4,<<25>>0x001c(r15)
744ac:  5f00a1006b24       call <<33>>0x6b24
744b2:  6eff1906           ldb <<25>>0x0006(r15),rl7
744b6:  4cf41906           testb <<25>>0x0006(r15)
744ba:  ee01               jr nz,0x44be
744bc:  e85e               jr 0x457a
744be:  2101006e           ld r1,#0x006e
744c2:  0b010000           cp r1,#0x0000
744c6:  e103               jr lt,0x44ce
744c8:  0b0100ff           cp r1,#0x00ff
744cc:  e205               jr le,0x44d8
744ce:  21020010           ld r2,#0x0010
744d2:  5f00840033f6       call <<4>>0x33f6
744d8:  a112               ld r2,r1
744da:  34ec003c           lda rr12,rr14(#0x003c)
744de:  5dfc1902           ldl <<25>>0x0002(r15),rr12
744e2:  5f00a10036ac       call <<33>>0x36ac
744e8:  760c84000166       lda rr12,<<4>>0x0166
744ee:  0cc10000           cpb @rr12,#0x00
744f2:  e601               jr z,0x44f6
744f4:  e842               jr 0x457a
744f6:  61f11934           ld r1,<<25>>0x0034(r15)
744fa:  6ff11918           ld <<25>>0x0018(r15),r1
744fe:  21010064           ld r1,#0x0064
74502:  0b010000           cp r1,#0x0000
74506:  e103               jr lt,0x450e
74508:  0b0100ff           cp r1,#0x00ff
7450c:  e205               jr le,0x4518
7450e:  21020010           ld r2,#0x0010
74512:  5f00840033f6       call <<4>>0x33f6
74518:  a112               ld r2,r1
7451a:  34ec003c           lda rr12,rr14(#0x003c)
7451e:  5dfc1902           ldl <<25>>0x0002(r15),rr12
74522:  5f00a10036ac       call <<33>>0x36ac
74528:  760c84000166       lda rr12,<<4>>0x0166
7452e:  0cc10000           cpb @rr12,#0x00
74532:  e601               jr z,0x4536
74534:  e822               jr 0x457a
74536:  2101006e           ld r1,#0x006e
7453a:  0b010000           cp r1,#0x0000
7453e:  e103               jr lt,0x4546
74540:  0b0100ff           cp r1,#0x00ff
74544:  e205               jr le,0x4550
74546:  21020010           ld r2,#0x0010
7454a:  5f00840033f6       call <<4>>0x33f6
74550:  a112               ld r2,r1
74552:  34ec003c           lda rr12,rr14(#0x003c)
74556:  5dfc1902           ldl <<25>>0x0002(r15),rr12
7455a:  5f00a10036ac       call <<33>>0x36ac
74560:  760c84000166       lda rr12,<<4>>0x0166
74566:  0cc10000           cpb @rr12,#0x00
7456a:  e601               jr z,0x456e
7456c:  e806               jr 0x457a
7456e:  69f01934           inc <<25>>0x0034(r15),#1
74572:  4df11934004c       cp <<25>>0x0034(r15),#0x004c
74578:  e283               jr le,0x4480
7457a:  010f0036           add r15,#0x0036
7457e:  9e08               ret 
74580:  030f0012           sub r15,#0x0012
74584:  0de50016           ld @rr14,#0x0016
74588:  5cf902051906       ldm <<25>>0x0006(r15),r2,#6
7458e:  bd11               ldk r1,#1
74590:  0b010000           cp r1,#0x0000
74594:  e103               jr lt,0x459c
74596:  0b010003           cp r1,#0x0003
7459a:  e204               jr le,0x45a4
7459c:  bd2e               ldk r2,#14
7459e:  5f00840033f6       call <<4>>0x33f6
745a4:  760c84000166       lda rr12,<<4>>0x0166
745aa:  2ec9               ldb @rr12,rl1
745ac:  5f00840044de       call <<4>>0x44de
745b2:  7602840042f0       lda rr2,<<4>>0x42f0
745b8:  bd40               ldk r4,#0
745ba:  bd53               ldk r5,#3
745bc:  7606a100b008       lda rr6,<<33>>0xb008
745c2:  5f008400285a       call <<4>>0x285a
745c8:  7602840042f0       lda rr2,<<4>>0x42f0
745ce:  2104ffff           ld r4,#0xffff
745d2:  21050023           ld r5,#0x0023
745d6:  7606a100afe4       lda rr6,<<33>>0xafe4
745dc:  5f008400285a       call <<4>>0x285a
745e2:  7602840042f0       lda rr2,<<4>>0x42f0
745e8:  5f00840011f6       call <<4>>0x11f6
745ee:  7602840042f0       lda rr2,<<4>>0x42f0
745f4:  bd40               ldk r4,#0
745f6:  bd53               ldk r5,#3
745f8:  7606a100afe0       lda rr6,<<33>>0xafe0
745fe:  5f008400285a       call <<4>>0x285a
74604:  7602840042f0       lda rr2,<<4>>0x42f0
7460a:  2104ffff           ld r4,#0xffff
7460e:  21050019           ld r5,#0x0019
74612:  7606a100afc6       lda rr6,<<33>>0xafc6
74618:  5f008400285a       call <<4>>0x285a
7461e:  7602840042f0       lda rr2,<<4>>0x42f0
74624:  bd42               ldk r4,#2
74626:  61f51906           ld r5,<<25>>0x0006(r15)
7462a:  5f0084002814       call <<4>>0x2814
74630:  7602840042f0       lda rr2,<<4>>0x42f0
74636:  5f00840011f6       call <<4>>0x11f6
7463c:  7602840042f0       lda rr2,<<4>>0x42f0
74642:  bd40               ldk r4,#0
74644:  bd53               ldk r5,#3
74646:  7606a100afc2       lda rr6,<<33>>0xafc2
7464c:  5f008400285a       call <<4>>0x285a
74652:  7602840042f0       lda rr2,<<4>>0x42f0
74658:  2104ffff           ld r4,#0xffff
7465c:  2105001b           ld r5,#0x001b
74660:  7606a100afa6       lda rr6,<<33>>0xafa6
74666:  5f008400285a       call <<4>>0x285a
7466c:  7602840042f0       lda rr2,<<4>>0x42f0
74672:  bd42               ldk r4,#2
74674:  61f51908           ld r5,<<25>>0x0008(r15)
74678:  5f0084002814       call <<4>>0x2814
7467e:  7602840042f0       lda rr2,<<4>>0x42f0
74684:  5f00840011f6       call <<4>>0x11f6
7468a:  760c84000175       lda rr12,<<4>>0x0175
74690:  20c9               ldb rl1,@rr12
74692:  8c18               clrb rh1
74694:  0b010000           cp r1,#0x0000
74698:  e103               jr lt,0x46a0
7469a:  0b0100ff           cp r1,#0x00ff
7469e:  e205               jr le,0x46aa
746a0:  21020010           ld r2,#0x0010
746a4:  5f00840033f6       call <<4>>0x33f6
746aa:  a112               ld r2,r1
746ac:  760ca0000114       lda rr12,<<32>>0x0114
746b2:  21c3               ld r3,@rr12
746b4:  760ca0000114       lda rr12,<<32>>0x0114
746ba:  31c40002           ld r4,rr12(#0x0002)
746be:  210500e1           ld r5,#0x00e1
746c2:  bd66               ldk r6,#6
746c4:  5f00840044f2       call <<4>>0x44f2
746ca:  010f0012           add r15,#0x0012
746ce:  9e08               ret 
746d0:  030f003a           sub r15,#0x003a
746d4:  0de5003e           ld @rr14,#0x003e
746d8:  760ca100bf7e       lda rr12,<<33>>0xbf7e
746de:  20c9               ldb rl1,@rr12
746e0:  b110               extsb r1
746e2:  0b010002           cp r1,#0x0002
746e6:  ee07               jr nz,0x46f6
746e8:  4df5192c0034       ld <<25>>0x002c(r15),#0x0034
746ee:  4df5191e0100       ld <<25>>0x001e(r15),#0x0100
746f4:  e80e               jr 0x4712
746f6:  0b010000           cp r1,#0x0000
746fa:  ee07               jr nz,0x470a
746fc:  4df5192c001a       ld <<25>>0x002c(r15),#0x001a
74702:  4df5191e0080       ld <<25>>0x001e(r15),#0x0080
74708:  e804               jr 0x4712
7470a:  bd20               ldk r2,#0
7470c:  5f00840033f6       call <<4>>0x33f6
74712:  bd2c               ldk r2,#12
74714:  34e40022           lda rr4,rr14(#0x0022)
74718:  7606a2003e00       lda rr6,<<34>>0x3e00
7471e:  5f00840041e4       call <<4>>0x41e4
74724:  21023402           ld r2,#0x3402
74728:  34e40032           lda rr4,rr14(#0x0032)
7472c:  7606a2003e00       lda rr6,<<34>>0x3e00
74732:  5f00840041e4       call <<4>>0x41e4
74738:  54f21932           ldl rr2,<<25>>0x0032(r15)
7473c:  5f008400457e       call <<4>>0x457e
74742:  5df6192e           ldl <<25>>0x002e(r15),rr6
74746:  bd2c               ldk r2,#12
74748:  34e40026           lda rr4,rr14(#0x0026)
7474c:  7606a2003e00       lda rr6,<<34>>0x3e00
74752:  5f00840041e4       call <<4>>0x41e4
74758:  54f21926           ldl rr2,<<25>>0x0026(r15)
7475c:  942c               ldl rr12,rr2
7475e:  a9d5               inc r13,#6
74760:  0dc50002           ld @rr12,#0x0002
74764:  54fc192e           ldl rr12,<<25>>0x002e(r15)
74768:  372c0008           ldl rr2(#0x0008),rr12
7476c:  760ca100bf8e       lda rr12,<<33>>0xbf8e
74772:  21c2               ld r2,@rr12
74774:  760ca0000114       lda rr12,<<32>>0x0114
7477a:  31c30002           ld r3,rr12(#0x0002)
7477e:  54f41922           ldl rr4,<<25>>0x0022(r15)
74782:  5f00a1007da0       call <<33>>0x7da0
74788:  6ff71920           ld <<25>>0x0020(r15),r7
7478c:  61f21920           ld r2,<<25>>0x0020(r15)
74790:  54f41922           ldl rr4,<<25>>0x0022(r15)
74794:  5f00a1006d3c       call <<33>>0x6d3c
7479a:  8cf4               testb rl7
7479c:  5e06a10041f2       jp z,<<33>>0x41f2
747a2:  4df8191a           clr <<25>>0x001a(r15)
747a6:  4df81936           clr <<25>>0x0036(r15)
747aa:  5e08a10041e6       jp <<33>>0x41e6
747b0:  2102004b           ld r2,#0x004b
747b4:  bd3b               ldk r3,#11
747b6:  5f00a100a4c8       call <<33>>0xa4c8
747bc:  6ff71906           ld <<25>>0x0006(r15),r7
747c0:  61f11906           ld r1,<<25>>0x0006(r15)
747c4:  a910               inc r1,#1
747c6:  6ff11918           ld <<25>>0x0018(r15),r1
747ca:  61f1192c           ld r1,<<25>>0x002c(r15)
747ce:  ab10               dec r1,#1
747d0:  a112               ld r2,r1
747d2:  bd3b               ldk r3,#11
747d4:  5f00a100a4c8       call <<33>>0xa4c8
747da:  6ff71906           ld <<25>>0x0006(r15),r7
747de:  61f11906           ld r1,<<25>>0x0006(r15)
747e2:  a910               inc r1,#1
747e4:  6ff1191c           ld <<25>>0x001c(r15),r1
747e8:  61f1192c           ld r1,<<25>>0x002c(r15)
747ec:  43f1191c           sub r1,<<25>>0x001c(r15)
747f0:  a112               ld r2,r1
747f2:  bd3b               ldk r3,#11
747f4:  5f00a100a4c8       call <<33>>0xa4c8
747fa:  6ff71906           ld <<25>>0x0006(r15),r7
747fe:  61f11906           ld r1,<<25>>0x0006(r15)
74802:  a910               inc r1,#1
74804:  6ff1192a           ld <<25>>0x002a(r15),r1
74808:  54f21926           ldl rr2,<<25>>0x0026(r15)
7480c:  61f11918           ld r1,<<25>>0x0018(r15)
74810:  2f21               ld @rr2,r1
74812:  61f1191c           ld r1,<<25>>0x001c(r15)
74816:  33210002           ld rr2(#0x0002),r1
7481a:  61fd191e           ld r13,<<25>>0x001e(r15)
7481e:  59fc192a           mult rr12,<<25>>0x002a(r15)
74822:  332d0004           ld rr2(#0x0004),r13
74826:  760ca100bf8e       lda rr12,<<33>>0xbf8e
7482c:  21c2               ld r2,@rr12
7482e:  760ca0000114       lda rr12,<<32>>0x0114
74834:  31c30002           ld r3,rr12(#0x0002)
74838:  61f41918           ld r4,<<25>>0x0018(r15)
7483c:  54f61922           ldl rr6,<<25>>0x0022(r15)
74840:  5f00a100800e       call <<33>>0x800e
74846:  6ff71920           ld <<25>>0x0020(r15),r7
7484a:  61f21920           ld r2,<<25>>0x0020(r15)
7484e:  54f41922           ldl rr4,<<25>>0x0022(r15)
74852:  5f00a1006b24       call <<33>>0x6b24
74858:  6eff1906           ldb <<25>>0x0006(r15),rl7
7485c:  4cf41906           testb <<25>>0x0006(r15)
74860:  ee03               jr nz,0x4868
74862:  5e08a10041f2       jp <<33>>0x41f2
74868:  760ca100bf8e       lda rr12,<<33>>0xbf8e
7486e:  21c2               ld r2,@rr12
74870:  760ca0000114       lda rr12,<<32>>0x0114
74876:  31c30002           ld r3,rr12(#0x0002)
7487a:  54f41926           ldl rr4,<<25>>0x0026(r15)
7487e:  54f61922           ldl rr6,<<25>>0x0022(r15)
74882:  5f00a10085ba       call <<33>>0x85ba
74888:  6ff71920           ld <<25>>0x0020(r15),r7
7488c:  61f21920           ld r2,<<25>>0x0020(r15)
74890:  61f3191a           ld r3,<<25>>0x001a(r15)
74894:  61f41918           ld r4,<<25>>0x0018(r15)
74898:  61f5191c           ld r5,<<25>>0x001c(r15)
7489c:  54f61922           ldl rr6,<<25>>0x0022(r15)
748a0:  5f00a1006f9e       call <<33>>0x6f9e
748a6:  6eff1906           ldb <<25>>0x0006(r15),rl7
748aa:  4cf41906           testb <<25>>0x0006(r15)
748ae:  ee03               jr nz,0x48b6
748b0:  5e08a10041f2       jp <<33>>0x41f2
748b6:  61f11918           ld r1,<<25>>0x0018(r15)
748ba:  6ff1191a           ld <<25>>0x001a(r15),r1
748be:  2102004b           ld r2,#0x004b
748c2:  bd3b               ldk r3,#11
748c4:  5f00a100a4c8       call <<33>>0xa4c8
748ca:  6ff71906           ld <<25>>0x0006(r15),r7
748ce:  61f11906           ld r1,<<25>>0x0006(r15)
748d2:  a910               inc r1,#1
748d4:  6ff11918           ld <<25>>0x0018(r15),r1
748d8:  61f11918           ld r1,<<25>>0x0018(r15)
748dc:  4bf1191a           cp r1,<<25>>0x001a(r15)
748e0:  e6ee               jr z,0x48be
748e2:  61f1192c           ld r1,<<25>>0x002c(r15)
748e6:  ab10               dec r1,#1
748e8:  a112               ld r2,r1
748ea:  bd3b               ldk r3,#11
748ec:  5f00a100a4c8       call <<33>>0xa4c8
748f2:  6ff71906           ld <<25>>0x0006(r15),r7
748f6:  61f11906           ld r1,<<25>>0x0006(r15)
748fa:  a910               inc r1,#1
748fc:  6ff1191c           ld <<25>>0x001c(r15),r1
74900:  61f1192c           ld r1,<<25>>0x002c(r15)
74904:  43f1191c           sub r1,<<25>>0x001c(r15)
74908:  a112               ld r2,r1
7490a:  bd3b               ldk r3,#11
7490c:  5f00a100a4c8       call <<33>>0xa4c8
74912:  6ff71906           ld <<25>>0x0006(r15),r7
74916:  61f11906           ld r1,<<25>>0x0006(r15)
7491a:  a910               inc r1,#1
7491c:  6ff1192a           ld <<25>>0x002a(r15),r1
74920:  54f21926           ldl rr2,<<25>>0x0026(r15)
74924:  61f11918           ld r1,<<25>>0x0018(r15)
74928:  2f21               ld @rr2,r1
7492a:  61f1191c           ld r1,<<25>>0x001c(r15)
7492e:  33210002           ld rr2(#0x0002),r1
74932:  61fd191e           ld r13,<<25>>0x001e(r15)
74936:  59fc192a           mult rr12,<<25>>0x002a(r15)
7493a:  332d0004           ld rr2(#0x0004),r13
7493e:  760ca100bf8e       lda rr12,<<33>>0xbf8e
74944:  21c2               ld r2,@rr12
74946:  760ca0000114       lda rr12,<<32>>0x0114
7494c:  31c30002           ld r3,rr12(#0x0002)
74950:  54f41926           ldl rr4,<<25>>0x0026(r15)
74954:  54f61922           ldl rr6,<<25>>0x0022(r15)
74958:  5f00a10085ba       call <<33>>0x85ba
7495e:  6ff71920           ld <<25>>0x0020(r15),r7
74962:  61f11920           ld r1,<<25>>0x0020(r15)
74966:  0b010000           cp r1,#0x0000
7496a:  ee0d               jr nz,0x4986
7496c:  760ca100b77c       lda rr12,<<33>>0xb77c
74972:  0dc5ffff           ld @rr12,#0xffff
74976:  61f2191a           ld r2,<<25>>0x001a(r15)
7497a:  61f31918           ld r3,<<25>>0x0018(r15)
7497e:  5f00a1003d80       call <<33>>0x3d80
74984:  e827               jr 0x49d4
74986:  0b010013           cp r1,#0x0013
7498a:  ee06               jr nz,0x4998
7498c:  760ca100b77c       lda rr12,<<33>>0xb77c
74992:  0dc5ffff           ld @rr12,#0xffff
74996:  e81e               jr 0x49d4
74998:  61f21920           ld r2,<<25>>0x0020(r15)
7499c:  61f3191a           ld r3,<<25>>0x001a(r15)
749a0:  61f41918           ld r4,<<25>>0x0018(r15)
749a4:  61f5191c           ld r5,<<25>>0x001c(r15)
749a8:  54f61922           ldl rr6,<<25>>0x0022(r15)
749ac:  5f00a1006f9e       call <<33>>0x6f9e
749b2:  6eff1906           ldb <<25>>0x0006(r15),rl7
749b6:  60f91906           ldb rl1,<<25>>0x0006(r15)
749ba:  b110               extsb r1
749bc:  0b010000           cp r1,#0x0000
749c0:  e103               jr lt,0x49c8
749c2:  0b010001           cp r1,#0x0001
749c6:  e204               jr le,0x49d0
749c8:  bd2e               ldk r2,#14
749ca:  5f00840033f6       call <<4>>0x33f6
749d0:  6ef91938           ldb <<25>>0x0038(r15),rl1
749d4:  760c84000166       lda rr12,<<4>>0x0166
749da:  0cc10000           cpb @rr12,#0x00
749de:  e601               jr z,0x49e2
749e0:  e808               jr 0x49f2
749e2:  69f01936           inc <<25>>0x0036(r15),#1
749e6:  4df119360009       cp <<25>>0x0036(r15),#0x0009
749ec:  5e02a1003fb0       jp le,<<33>>0x3fb0
749f2:  010f003a           add r15,#0x003a
749f6:  9e08               ret 
749f8:  030f004e           sub r15,#0x004e
749fc:  0de50052           ld @rr14,#0x0052
74a00:  760ca100bf7e       lda rr12,<<33>>0xbf7e
74a06:  20c9               ldb rl1,@rr12
74a08:  b110               extsb r1
74a0a:  0b010002           cp r1,#0x0002
74a0e:  ee23               jr nz,0x4a56
74a10:  21021a04           ld r2,#0x1a04
74a14:  34e4003a           lda rr4,rr14(#0x003a)
74a18:  7606a2003e00       lda rr6,<<34>>0x3e00
74a1e:  5f00840041e4       call <<4>>0x41e4
74a24:  21021a04           ld r2,#0x1a04
74a28:  34e40032           lda rr4,rr14(#0x0032)
74a2c:  7606a2003e00       lda rr6,<<34>>0x3e00
74a32:  5f00840041e4       call <<4>>0x41e4
74a38:  54fc193a           ldl rr12,<<25>>0x003a(r15)
74a3c:  5dfc1946           ldl <<25>>0x0046(r15),rr12
74a40:  54fc1932           ldl rr12,<<25>>0x0032(r15)
74a44:  5dfc1942           ldl <<25>>0x0042(r15),rr12
74a48:  4df519280034       ld <<25>>0x0028(r15),#0x0034
74a4e:  4df5191c0100       ld <<25>>0x001c(r15),#0x0100
74a54:  e82a               jr 0x4aaa
74a56:  0b010000           cp r1,#0x0000
74a5a:  ee23               jr nz,0x4aa2
74a5c:  21020d02           ld r2,#0x0d02
74a60:  34e4003e           lda rr4,rr14(#0x003e)
74a64:  7606a2003e00       lda rr6,<<34>>0x3e00
74a6a:  5f00840041e4       call <<4>>0x41e4
74a70:  21020d02           ld r2,#0x0d02
74a74:  34e40036           lda rr4,rr14(#0x0036)
74a78:  7606a2003e00       lda rr6,<<34>>0x3e00
74a7e:  5f00840041e4       call <<4>>0x41e4
74a84:  54fc193e           ldl rr12,<<25>>0x003e(r15)
74a88:  5dfc1946           ldl <<25>>0x0046(r15),rr12
74a8c:  54fc1936           ldl rr12,<<25>>0x0036(r15)
74a90:  5dfc1942           ldl <<25>>0x0042(r15),rr12
74a94:  4df51928001a       ld <<25>>0x0028(r15),#0x001a
74a9a:  4df5191c0080       ld <<25>>0x001c(r15),#0x0080
74aa0:  e804               jr 0x4aaa
74aa2:  bd20               ldk r2,#0
74aa4:  5f00840033f6       call <<4>>0x33f6
74aaa:  54f21946           ldl rr2,<<25>>0x0046(r15)
74aae:  5f008400457e       call <<4>>0x457e
74ab4:  5df6192a           ldl <<25>>0x002a(r15),rr6
74ab8:  54f21942           ldl rr2,<<25>>0x0042(r15)
74abc:  5f008400457e       call <<4>>0x457e
74ac2:  5df6192e           ldl <<25>>0x002e(r15),rr6
74ac6:  bd2c               ldk r2,#12
74ac8:  34e40020           lda rr4,rr14(#0x0020)
74acc:  7606a2003e00       lda rr6,<<34>>0x3e00
74ad2:  5f00840041e4       call <<4>>0x41e4
74ad8:  bd2c               ldk r2,#12
74ada:  34e40024           lda rr4,rr14(#0x0024)
74ade:  7606a2003e00       lda rr6,<<34>>0x3e00
74ae4:  5f00840041e4       call <<4>>0x41e4
74aea:  54f21924           ldl rr2,<<25>>0x0024(r15)
74aee:  0d25004c           ld @rr2,#0x004c
74af2:  61f1191c           ld r1,<<25>>0x001c(r15)
74af6:  33210004           ld rr2(#0x0004),r1
74afa:  760ca100bf8e       lda rr12,<<33>>0xbf8e
74b00:  21c2               ld r2,@rr12
74b02:  760ca0000114       lda rr12,<<32>>0x0114
74b08:  31c30002           ld r3,rr12(#0x0002)
74b0c:  54f41920           ldl rr4,<<25>>0x0020(r15)
74b10:  5f00a1007da0       call <<33>>0x7da0
74b16:  6ff7191e           ld <<25>>0x001e(r15),r7
74b1a:  61f2191e           ld r2,<<25>>0x001e(r15)
74b1e:  54f41920           ldl rr4,<<25>>0x0020(r15)
74b22:  5f00a1006d3c       call <<33>>0x6d3c
74b28:  8cf4               testb rl7
74b2a:  5e06a10045a6       jp z,<<33>>0x45a6
74b30:  4df8191a           clr <<25>>0x001a(r15)
74b34:  760ca100bf8e       lda rr12,<<33>>0xbf8e
74b3a:  21c2               ld r2,@rr12
74b3c:  760ca0000114       lda rr12,<<32>>0x0114
74b42:  31c30002           ld r3,rr12(#0x0002)
74b46:  2104004c           ld r4,#0x004c
74b4a:  54f61920           ldl rr6,<<25>>0x0020(r15)
74b4e:  5f00a100800e       call <<33>>0x800e
74b54:  6ff7191e           ld <<25>>0x001e(r15),r7
74b58:  61f2191e           ld r2,<<25>>0x001e(r15)
74b5c:  54f41920           ldl rr4,<<25>>0x0020(r15)
74b60:  5f00a1006b24       call <<33>>0x6b24
74b66:  8cf4               testb rl7
74b68:  5e06a10045a6       jp z,<<33>>0x45a6
74b6e:  4df5191a004c       ld <<25>>0x001a(r15),#0x004c
74b74:  61f11928           ld r1,<<25>>0x0028(r15)
74b78:  6ff1190c           ld <<25>>0x000c(r15),r1
74b7c:  4df5194a0001       ld <<25>>0x004a(r15),#0x0001
74b82:  5e08a1004598       jp <<33>>0x4598
74b88:  54f21924           ldl rr2,<<25>>0x0024(r15)
74b8c:  61f1194a           ld r1,<<25>>0x004a(r15)
74b90:  33210002           ld rr2(#0x0002),r1
74b94:  942c               ldl rr12,rr2
74b96:  a9d5               inc r13,#6
74b98:  0dc50001           ld @rr12,#0x0001
74b9c:  54fc1924           ldl rr12,<<25>>0x0024(r15)
74ba0:  54fa192e           ldl rr10,<<25>>0x002e(r15)
74ba4:  37ca0008           ldl rr12(#0x0008),rr10
74ba8:  21010077           ld r1,#0x0077
74bac:  0b010000           cp r1,#0x0000
74bb0:  e103               jr lt,0x4bb8
74bb2:  0b0100ff           cp r1,#0x00ff
74bb6:  e205               jr le,0x4bc2
74bb8:  21020010           ld r2,#0x0010
74bbc:  5f00840033f6       call <<4>>0x33f6
74bc2:  a112               ld r2,r1
74bc4:  61f3191c           ld r3,<<25>>0x001c(r15)
74bc8:  54f41942           ldl rr4,<<25>>0x0042(r15)
74bcc:  2106004c           ld r6,#0x004c
74bd0:  61f7194a           ld r7,<<25>>0x004a(r15)
74bd4:  5f00a1007b84       call <<33>>0x7b84
74bda:  760ca100bf8e       lda rr12,<<33>>0xbf8e
74be0:  21c2               ld r2,@rr12
74be2:  760ca0000114       lda rr12,<<32>>0x0114
74be8:  31c30002           ld r3,rr12(#0x0002)
74bec:  54f41924           ldl rr4,<<25>>0x0024(r15)
74bf0:  54f61920           ldl rr6,<<25>>0x0020(r15)
74bf4:  5f00a1008956       call <<33>>0x8956
74bfa:  6ff7191e           ld <<25>>0x001e(r15),r7
74bfe:  61f2191e           ld r2,<<25>>0x001e(r15)
74c02:  61f3191a           ld r3,<<25>>0x001a(r15)
74c06:  2104004c           ld r4,#0x004c
74c0a:  61f5194a           ld r5,<<25>>0x004a(r15)
74c0e:  54f61920           ldl rr6,<<25>>0x0020(r15)
74c12:  5f00a1006f9e       call <<33>>0x6f9e
74c18:  6eff1906           ldb <<25>>0x0006(r15),rl7
74c1c:  4cf41906           testb <<25>>0x0006(r15)
74c20:  ee03               jr nz,0x4c28
74c22:  5e08a10045a6       jp <<33>>0x45a6
74c28:  760ca100bf8e       lda rr12,<<33>>0xbf8e
74c2e:  21c2               ld r2,@rr12
74c30:  760ca0000114       lda rr12,<<32>>0x0114
74c36:  31c30002           ld r3,rr12(#0x0002)
74c3a:  54f41924           ldl rr4,<<25>>0x0024(r15)
74c3e:  54f61920           ldl rr6,<<25>>0x0020(r15)
74c42:  5f00a10088bc       call <<33>>0x88bc
74c48:  6ff7191e           ld <<25>>0x001e(r15),r7
74c4c:  61f2191e           ld r2,<<25>>0x001e(r15)
74c50:  61f3191a           ld r3,<<25>>0x001a(r15)
74c54:  2104004c           ld r4,#0x004c
74c58:  61f5194a           ld r5,<<25>>0x004a(r15)
74c5c:  54f61920           ldl rr6,<<25>>0x0020(r15)
74c60:  5f00a1006f9e       call <<33>>0x6f9e
74c66:  6eff1906           ldb <<25>>0x0006(r15),rl7
74c6a:  4cf41906           testb <<25>>0x0006(r15)
74c6e:  ee03               jr nz,0x4c76
74c70:  5e08a10045a6       jp <<33>>0x45a6
74c76:  54fc1924           ldl rr12,<<25>>0x0024(r15)
74c7a:  54fa192a           ldl rr10,<<25>>0x002a(r15)
74c7e:  37ca0008           ldl rr12(#0x0008),rr10
74c82:  21010063           ld r1,#0x0063
74c86:  0b010000           cp r1,#0x0000
74c8a:  e103               jr lt,0x4c92
74c8c:  0b0100ff           cp r1,#0x00ff
74c90:  e205               jr le,0x4c9c
74c92:  21020010           ld r2,#0x0010
74c96:  5f00840033f6       call <<4>>0x33f6
74c9c:  a112               ld r2,r1
74c9e:  61f3191c           ld r3,<<25>>0x001c(r15)
74ca2:  54f41946           ldl rr4,<<25>>0x0046(r15)
74ca6:  2106004c           ld r6,#0x004c
74caa:  61f7194a           ld r7,<<25>>0x004a(r15)
74cae:  5f00a1007b84       call <<33>>0x7b84
74cb4:  760ca100bf8e       lda rr12,<<33>>0xbf8e
74cba:  21c2               ld r2,@rr12
74cbc:  760ca0000114       lda rr12,<<32>>0x0114
74cc2:  31c30002           ld r3,rr12(#0x0002)
74cc6:  54f41924           ldl rr4,<<25>>0x0024(r15)
74cca:  54f61920           ldl rr6,<<25>>0x0020(r15)
74cce:  5f00a10085ba       call <<33>>0x85ba
74cd4:  6ff7191e           ld <<25>>0x001e(r15),r7
74cd8:  61f2191e           ld r2,<<25>>0x001e(r15)
74cdc:  61f3191a           ld r3,<<25>>0x001a(r15)
74ce0:  2104004c           ld r4,#0x004c
74ce4:  61f5194a           ld r5,<<25>>0x004a(r15)
74ce8:  54f61920           ldl rr6,<<25>>0x0020(r15)
74cec:  5f00a1006f9e       call <<33>>0x6f9e
74cf2:  6eff1906           ldb <<25>>0x0006(r15),rl7
74cf6:  4cf41906           testb <<25>>0x0006(r15)
74cfa:  ee01               jr nz,0x4cfe
74cfc:  e854               jr 0x4da6
74cfe:  4df4191e           test <<25>>0x001e(r15)
74d02:  ee14               jr nz,0x4d2c
74d04:  bd13               ldk r1,#3
74d06:  0b010000           cp r1,#0x0000
74d0a:  e103               jr lt,0x4d12
74d0c:  0b010003           cp r1,#0x0003
74d10:  e204               jr le,0x4d1a
74d12:  bd2d               ldk r2,#13
74d14:  5f00840033f6       call <<4>>0x33f6
74d1a:  8111               add r1,r1
74d1c:  54fc1920           ldl rr12,<<25>>0x0020(r15)
74d20:  811d               add r13,r1
74d22:  0dc10001           cp @rr12,#0x0001
74d26:  ee02               jr nz,0x4d2c
74d28:  c901               ldb rl1,#0x01
74d2a:  e801               jr 0x4d2e
74d2c:  c900               ldb rl1,#0x00
74d2e:  b110               extsb r1
74d30:  0b010000           cp r1,#0x0000
74d34:  e103               jr lt,0x4d3c
74d36:  0b010001           cp r1,#0x0001
74d3a:  e204               jr le,0x4d44
74d3c:  bd2e               ldk r2,#14
74d3e:  5f00840033f6       call <<4>>0x33f6
74d44:  6ef9194d           ldb <<25>>0x004d(r15),rl1
74d48:  4cf4194d           testb <<25>>0x004d(r15)
74d4c:  e614               jr z,0x4d76
74d4e:  54f21920           ldl rr2,<<25>>0x0020(r15)
74d52:  21010064           ld r1,#0x0064
74d56:  0b010000           cp r1,#0x0000
74d5a:  e103               jr lt,0x4d62
74d5c:  0b0100ff           cp r1,#0x00ff
74d60:  e205               jr le,0x4d6c
74d62:  21020010           ld r2,#0x0010
74d66:  5f00840033f6       call <<4>>0x33f6
74d6c:  a114               ld r4,r1
74d6e:  5f00a1005da8       call <<33>>0x5da8
74d74:  e818               jr 0x4da6
74d76:  61f2191c           ld r2,<<25>>0x001c(r15)
74d7a:  54f41942           ldl rr4,<<25>>0x0042(r15)
74d7e:  54f61946           ldl rr6,<<25>>0x0046(r15)
74d82:  5f00a1005be0       call <<33>>0x5be0
74d88:  6eff1906           ldb <<25>>0x0006(r15),rl7
74d8c:  4cf41906           testb <<25>>0x0006(r15)
74d90:  ee01               jr nz,0x4d94
74d92:  e809               jr 0x4da6
74d94:  69f0194a           inc <<25>>0x004a(r15),#1
74d98:  61f1194a           ld r1,<<25>>0x004a(r15)
74d9c:  4bf1190c           cp r1,<<25>>0x000c(r15)
74da0:  5e02a1004388       jp le,<<33>>0x4388
74da6:  010f004e           add r15,#0x004e
74daa:  9e08               ret 
74dac:  030f0058           sub r15,#0x0058
74db0:  0de5005c           ld @rr14,#0x005c
74db4:  760ca100bf7e       lda rr12,<<33>>0xbf7e
74dba:  20c9               ldb rl1,@rr12
74dbc:  b110               extsb r1
74dbe:  0b010002           cp r1,#0x0002
74dc2:  ee29               jr nz,0x4e16
74dc4:  21021a04           ld r2,#0x1a04
74dc8:  34e40040           lda rr4,rr14(#0x0040)
74dcc:  7606a2003e00       lda rr6,<<34>>0x3e00
74dd2:  5f00840041e4       call <<4>>0x41e4
74dd8:  21021a04           ld r2,#0x1a04
74ddc:  34e40038           lda rr4,rr14(#0x0038)
74de0:  7606a2003e00       lda rr6,<<34>>0x3e00
74de6:  5f00840041e4       call <<4>>0x41e4
74dec:  54fc1940           ldl rr12,<<25>>0x0040(r15)
74df0:  5dfc194c           ldl <<25>>0x004c(r15),rr12
74df4:  54fc1938           ldl rr12,<<25>>0x0038(r15)
74df8:  5dfc1948           ldl <<25>>0x0048(r15),rr12
74dfc:  4df5191e001a       ld <<25>>0x001e(r15),#0x001a
74e02:  4df5192e0001       ld <<25>>0x002e(r15),#0x0001
74e08:  4df5192c1a00       ld <<25>>0x002c(r15),#0x1a00
74e0e:  4df519200100       ld <<25>>0x0020(r15),#0x0100
74e14:  e82f               jr 0x4e74
74e16:  0b010000           cp r1,#0x0000
74e1a:  ee28               jr nz,0x4e6c
74e1c:  21020d02           ld r2,#0x0d02
74e20:  34e40044           lda rr4,rr14(#0x0044)
74e24:  7606a2003e00       lda rr6,<<34>>0x3e00
74e2a:  5f00840041e4       call <<4>>0x41e4
74e30:  21020d02           ld r2,#0x0d02
74e34:  34e4003c           lda rr4,rr14(#0x003c)
74e38:  7606a2003e00       lda rr6,<<34>>0x3e00
74e3e:  5f00840041e4       call <<4>>0x41e4
74e44:  54fc1944           ldl rr12,<<25>>0x0044(r15)
74e48:  5dfc194c           ldl <<25>>0x004c(r15),rr12
74e4c:  54fc193c           ldl rr12,<<25>>0x003c(r15)
74e50:  5dfc1948           ldl <<25>>0x0048(r15),rr12
74e54:  4df5191e001a       ld <<25>>0x001e(r15),#0x001a
74e5a:  4df8192e           clr <<25>>0x002e(r15)
74e5e:  4df5192c0d00       ld <<25>>0x002c(r15),#0x0d00
74e64:  4df519200080       ld <<25>>0x0020(r15),#0x0080
74e6a:  e804               jr 0x4e74
74e6c:  bd20               ldk r2,#0
74e6e:  5f00840033f6       call <<4>>0x33f6
74e74:  54f2194c           ldl rr2,<<25>>0x004c(r15)
74e78:  5f008400457e       call <<4>>0x457e
74e7e:  5df61930           ldl <<25>>0x0030(r15),rr6
74e82:  54f21948           ldl rr2,<<25>>0x0048(r15)
74e86:  5f008400457e       call <<4>>0x457e
74e8c:  5df61934           ldl <<25>>0x0034(r15),rr6
74e90:  bd2c               ldk r2,#12
74e92:  34e40024           lda rr4,rr14(#0x0024)
74e96:  7606a2003e00       lda rr6,<<34>>0x3e00
74e9c:  5f00840041e4       call <<4>>0x41e4
74ea2:  bd2c               ldk r2,#12
74ea4:  34e40028           lda rr4,rr14(#0x0028)
74ea8:  7606a2003e00       lda rr6,<<34>>0x3e00
74eae:  5f00840041e4       call <<4>>0x41e4
74eb4:  760ca100bf8e       lda rr12,<<33>>0xbf8e
74eba:  21c2               ld r2,@rr12
74ebc:  760ca0000114       lda rr12,<<32>>0x0114
74ec2:  31c30002           ld r3,rr12(#0x0002)
74ec6:  54f41924           ldl rr4,<<25>>0x0024(r15)
74eca:  5f00a1007da0       call <<33>>0x7da0
74ed0:  6ff71922           ld <<25>>0x0022(r15),r7
74ed4:  61f21922           ld r2,<<25>>0x0022(r15)
74ed8:  54f41924           ldl rr4,<<25>>0x0024(r15)
74edc:  5f00a1006d3c       call <<33>>0x6d3c
74ee2:  8cf4               testb rl7
74ee4:  5e06a1004a50       jp z,<<33>>0x4a50
74eea:  4df8191c           clr <<25>>0x001c(r15)
74eee:  4df51956004b       ld <<25>>0x0056(r15),#0x004b
74ef4:  5e08a1004a44       jp <<33>>0x4a44
74efa:  61f11956           ld r1,<<25>>0x0056(r15)
74efe:  54fc1928           ldl rr12,<<25>>0x0028(r15)
74f02:  2fc1               ld @rr12,r1
74f04:  760c84000166       lda rr12,<<4>>0x0166
74f0a:  0cc10000           cpb @rr12,#0x00
74f0e:  ee12               jr nz,0x4f34
74f10:  760ca100bf8e       lda rr12,<<33>>0xbf8e
74f16:  21c2               ld r2,@rr12
74f18:  760ca0000114       lda rr12,<<32>>0x0114
74f1e:  31c30002           ld r3,rr12(#0x0002)
74f22:  61f41956           ld r4,<<25>>0x0056(r15)
74f26:  54f61924           ldl rr6,<<25>>0x0024(r15)
74f2a:  5f00a100800e       call <<33>>0x800e
74f30:  6ff71922           ld <<25>>0x0022(r15),r7
74f34:  61f21922           ld r2,<<25>>0x0022(r15)
74f38:  54f41924           ldl rr4,<<25>>0x0024(r15)
74f3c:  5f00a1006b24       call <<33>>0x6b24
74f42:  6eff1906           ldb <<25>>0x0006(r15),rl7
74f46:  4cf41906           testb <<25>>0x0006(r15)
74f4a:  ee03               jr nz,0x4f52
74f4c:  5e08a1004a50       jp <<33>>0x4a50
74f52:  61f1192e           ld r1,<<25>>0x002e(r15)
74f56:  6ff1190e           ld <<25>>0x000e(r15),r1
74f5a:  4df81954           clr <<25>>0x0054(r15)
74f5e:  5e08a1004a32       jp <<33>>0x4a32
74f64:  54f21928           ldl rr2,<<25>>0x0028(r15)
74f68:  61f1192c           ld r1,<<25>>0x002c(r15)
74f6c:  33210004           ld rr2(#0x0004),r1
74f70:  61fd191e           ld r13,<<25>>0x001e(r15)
74f74:  59fc1954           mult rr12,<<25>>0x0054(r15)
74f78:  a9d0               inc r13,#1
74f7a:  332d0002           ld rr2(#0x0002),r13
74f7e:  942c               ldl rr12,rr2
74f80:  a9d5               inc r13,#6
74f82:  0dc50001           ld @rr12,#0x0001
74f86:  54fc1934           ldl rr12,<<25>>0x0034(r15)
74f8a:  372c0008           ldl rr2(#0x0008),rr12
74f8e:  21010077           ld r1,#0x0077
74f92:  0b010000           cp r1,#0x0000
74f96:  e103               jr lt,0x4f9e
74f98:  0b0100ff           cp r1,#0x00ff
74f9c:  e205               jr le,0x4fa8
74f9e:  21020010           ld r2,#0x0010
74fa2:  5f00840033f6       call <<4>>0x33f6
74fa8:  a112               ld r2,r1
74faa:  61f3192c           ld r3,<<25>>0x002c(r15)
74fae:  54f41948           ldl rr4,<<25>>0x0048(r15)
74fb2:  61f61956           ld r6,<<25>>0x0056(r15)
74fb6:  61fd191e           ld r13,<<25>>0x001e(r15)
74fba:  59fc1954           mult rr12,<<25>>0x0054(r15)
74fbe:  a9d0               inc r13,#1
74fc0:  a1d7               ld r7,r13
74fc2:  5f00a1007b84       call <<33>>0x7b84
74fc8:  760c84000166       lda rr12,<<4>>0x0166
74fce:  0cc10000           cpb @rr12,#0x00
74fd2:  ee12               jr nz,0x4ff8
74fd4:  760ca100bf8e       lda rr12,<<33>>0xbf8e
74fda:  21c2               ld r2,@rr12
74fdc:  760ca0000114       lda rr12,<<32>>0x0114
74fe2:  31c30002           ld r3,rr12(#0x0002)
74fe6:  54f41928           ldl rr4,<<25>>0x0028(r15)
74fea:  54f61924           ldl rr6,<<25>>0x0024(r15)
74fee:  5f00a10089f0       call <<33>>0x89f0
74ff4:  6ff71922           ld <<25>>0x0022(r15),r7
74ff8:  61f21922           ld r2,<<25>>0x0022(r15)
74ffc:  61f3191c           ld r3,<<25>>0x001c(r15)
75000:  61f41956           ld r4,<<25>>0x0056(r15)
75004:  61fd1954           ld r13,<<25>>0x0054(r15)
75008:  59fc191e           mult rr12,<<25>>0x001e(r15)
7500c:  a9d0               inc r13,#1
7500e:  a1d5               ld r5,r13
75010:  54f61924           ldl rr6,<<25>>0x0024(r15)
75014:  5f00a1006f9e       call <<33>>0x6f9e
7501a:  6eff1906           ldb <<25>>0x0006(r15),rl7
7501e:  4cf41906           testb <<25>>0x0006(r15)
75022:  ee03               jr nz,0x502a
75024:  5e08a1004a40       jp <<33>>0x4a40
7502a:  61f1191e           ld r1,<<25>>0x001e(r15)
7502e:  6ff1190c           ld <<25>>0x000c(r15),r1
75032:  4df519520001       ld <<25>>0x0052(r15),#0x0001
75038:  e845               jr 0x50c4
7503a:  54f21928           ldl rr2,<<25>>0x0028(r15)
7503e:  61f11920           ld r1,<<25>>0x0020(r15)
75042:  33210004           ld rr2(#0x0004),r1
75046:  61fd1954           ld r13,<<25>>0x0054(r15)
7504a:  59fc191e           mult rr12,<<25>>0x001e(r15)
7504e:  41fd1952           add r13,<<25>>0x0052(r15)
75052:  332d0002           ld rr2(#0x0002),r13
75056:  942c               ldl rr12,rr2
75058:  a9d5               inc r13,#6
7505a:  0dc8               clr @rr12
7505c:  4df119520002       cp <<25>>0x0052(r15),#0x0002
75062:  ea04               jr gt,0x506c
75064:  942c               ldl rr12,rr2
75066:  a9d5               inc r13,#6
75068:  0dc50001           ld @rr12,#0x0001
7506c:  760ca100bf8e       lda rr12,<<33>>0xbf8e
75072:  21c2               ld r2,@rr12
75074:  760ca0000114       lda rr12,<<32>>0x0114
7507a:  31c30002           ld r3,rr12(#0x0002)
7507e:  54f41928           ldl rr4,<<25>>0x0028(r15)
75082:  54f61924           ldl rr6,<<25>>0x0024(r15)
75086:  5f00a10088bc       call <<33>>0x88bc
7508c:  6ff71922           ld <<25>>0x0022(r15),r7
75090:  61f21922           ld r2,<<25>>0x0022(r15)
75094:  61f3191c           ld r3,<<25>>0x001c(r15)
75098:  61f41956           ld r4,<<25>>0x0056(r15)
7509c:  61fd1954           ld r13,<<25>>0x0054(r15)
750a0:  59fc191e           mult rr12,<<25>>0x001e(r15)
750a4:  41fd1952           add r13,<<25>>0x0052(r15)
750a8:  a1d5               ld r5,r13
750aa:  54f61924           ldl rr6,<<25>>0x0024(r15)
750ae:  5f00a1006f9e       call <<33>>0x6f9e
750b4:  6eff1906           ldb <<25>>0x0006(r15),rl7
750b8:  4cf41906           testb <<25>>0x0006(r15)
750bc:  ee01               jr nz,0x50c0
750be:  e807               jr 0x50ce
750c0:  69f01952           inc <<25>>0x0052(r15),#1
750c4:  61f11952           ld r1,<<25>>0x0052(r15)
750c8:  4bf1190c           cp r1,<<25>>0x000c(r15)
750cc:  e2b6               jr le,0x503a
750ce:  54f21928           ldl rr2,<<25>>0x0028(r15)
750d2:  61f1192c           ld r1,<<25>>0x002c(r15)
750d6:  33210004           ld rr2(#0x0004),r1
750da:  61fd191e           ld r13,<<25>>0x001e(r15)
750de:  59fc1954           mult rr12,<<25>>0x0054(r15)
750e2:  a9d0               inc r13,#1
750e4:  332d0002           ld rr2(#0x0002),r13
750e8:  942c               ldl rr12,rr2
750ea:  a9d5               inc r13,#6
750ec:  0dc50001           ld @rr12,#0x0001
750f0:  54fc1930           ldl rr12,<<25>>0x0030(r15)
750f4:  372c0008           ldl rr2(#0x0008),rr12
750f8:  21010063           ld r1,#0x0063
750fc:  0b010000           cp r1,#0x0000
75100:  e103               jr lt,0x5108
75102:  0b0100ff           cp r1,#0x00ff
75106:  e205               jr le,0x5112
75108:  21020010           ld r2,#0x0010
7510c:  5f00840033f6       call <<4>>0x33f6
75112:  a112               ld r2,r1
75114:  61f3192c           ld r3,<<25>>0x002c(r15)
75118:  54f4194c           ldl rr4,<<25>>0x004c(r15)
7511c:  61f61956           ld r6,<<25>>0x0056(r15)
75120:  61fd191e           ld r13,<<25>>0x001e(r15)
75124:  59fc1954           mult rr12,<<25>>0x0054(r15)
75128:  a9d0               inc r13,#1
7512a:  a1d7               ld r7,r13
7512c:  5f00a1007b84       call <<33>>0x7b84
75132:  760c84000166       lda rr12,<<4>>0x0166
75138:  0cc10000           cpb @rr12,#0x00
7513c:  ee12               jr nz,0x5162
7513e:  760ca100bf8e       lda rr12,<<33>>0xbf8e
75144:  21c2               ld r2,@rr12
75146:  760ca0000114       lda rr12,<<32>>0x0114
7514c:  31c30002           ld r3,rr12(#0x0002)
75150:  54f41928           ldl rr4,<<25>>0x0028(r15)
75154:  54f61924           ldl rr6,<<25>>0x0024(r15)
75158:  5f00a10086ee       call <<33>>0x86ee
7515e:  6ff71922           ld <<25>>0x0022(r15),r7
75162:  61f21922           ld r2,<<25>>0x0022(r15)
75166:  61f3191c           ld r3,<<25>>0x001c(r15)
7516a:  61f41956           ld r4,<<25>>0x0056(r15)
7516e:  61fd1954           ld r13,<<25>>0x0054(r15)
75172:  59fc191e           mult rr12,<<25>>0x001e(r15)
75176:  a9d0               inc r13,#1
75178:  a1d5               ld r5,r13
7517a:  54f61924           ldl rr6,<<25>>0x0024(r15)
7517e:  5f00a1006f9e       call <<33>>0x6f9e
75184:  6eff1906           ldb <<25>>0x0006(r15),rl7
75188:  4cf41906           testb <<25>>0x0006(r15)
7518c:  ee01               jr nz,0x5190
7518e:  e858               jr 0x5240
75190:  4df41922           test <<25>>0x0022(r15)
75194:  ee14               jr nz,0x51be
75196:  bd13               ldk r1,#3
75198:  0b010000           cp r1,#0x0000
7519c:  e103               jr lt,0x51a4
7519e:  0b010003           cp r1,#0x0003
751a2:  e204               jr le,0x51ac
751a4:  bd2d               ldk r2,#13
751a6:  5f00840033f6       call <<4>>0x33f6
751ac:  8111               add r1,r1
751ae:  54fc1924           ldl rr12,<<25>>0x0024(r15)
751b2:  811d               add r13,r1
751b4:  0dc10001           cp @rr12,#0x0001
751b8:  ee02               jr nz,0x51be
751ba:  c901               ldb rl1,#0x01
751bc:  e801               jr 0x51c0
751be:  c900               ldb rl1,#0x00
751c0:  b110               extsb r1
751c2:  0b010000           cp r1,#0x0000
751c6:  e103               jr lt,0x51ce
751c8:  0b010001           cp r1,#0x0001
751cc:  e204               jr le,0x51d6
751ce:  bd2e               ldk r2,#14
751d0:  5f00840033f6       call <<4>>0x33f6
751d6:  6ef91951           ldb <<25>>0x0051(r15),rl1
751da:  4cf41951           testb <<25>>0x0051(r15)
751de:  e614               jr z,0x5208
751e0:  54f21924           ldl rr2,<<25>>0x0024(r15)
751e4:  2101006e           ld r1,#0x006e
751e8:  0b010000           cp r1,#0x0000
751ec:  e103               jr lt,0x51f4
751ee:  0b0100ff           cp r1,#0x00ff
751f2:  e205               jr le,0x51fe
751f4:  21020010           ld r2,#0x0010
751f8:  5f00840033f6       call <<4>>0x33f6
751fe:  a114               ld r4,r1
75200:  5f00a1005da8       call <<33>>0x5da8
75206:  e81c               jr 0x5240
75208:  61f2192c           ld r2,<<25>>0x002c(r15)
7520c:  54f41948           ldl rr4,<<25>>0x0048(r15)
75210:  54f6194c           ldl rr6,<<25>>0x004c(r15)
75214:  5f00a1005be0       call <<33>>0x5be0
7521a:  6eff1906           ldb <<25>>0x0006(r15),rl7
7521e:  4cf41906           testb <<25>>0x0006(r15)
75222:  ee01               jr nz,0x5226
75224:  e80d               jr 0x5240
75226:  61f11956           ld r1,<<25>>0x0056(r15)
7522a:  6ff1191c           ld <<25>>0x001c(r15),r1
7522e:  69f01954           inc <<25>>0x0054(r15),#1
75232:  61f11954           ld r1,<<25>>0x0054(r15)
75236:  4bf1190e           cp r1,<<25>>0x000e(r15)
7523a:  5e02a1004764       jp le,<<33>>0x4764
75240:  69f01956           inc <<25>>0x0056(r15),#1
75244:  4df11956004c       cp <<25>>0x0056(r15),#0x004c
7524a:  5e02a10046fa       jp le,<<33>>0x46fa
75250:  010f0058           add r15,#0x0058
75254:  9e08               ret 
75256:  030f0012           sub r15,#0x0012
7525a:  0de50016           ld @rr14,#0x0016
7525e:  5cf902051906       ldm <<25>>0x0006(r15),r2,#6
75264:  60f91907           ldb rl1,<<25>>0x0007(r15)
75268:  8c18               clrb rh1
7526a:  0b01006e           cp r1,#0x006e
7526e:  ee22               jr nz,0x52b4
75270:  760ca100bf8e       lda rr12,<<33>>0xbf8e
75276:  21c2               ld r2,@rr12
75278:  760ca0000114       lda rr12,<<32>>0x0114
7527e:  31c30002           ld r3,rr12(#0x0002)
75282:  54fc1918           ldl rr12,<<25>>0x0018(r15)
75286:  14cc               ldl rr12,@rr12
75288:  010dffb2           add r13,#0xffb2
7528c:  54d41920           ldl rr4,<<25>>0x0020(r13)
75290:  54fc1918           ldl rr12,<<25>>0x0018(r15)
75294:  14cc               ldl rr12,@rr12
75296:  010dffb2           add r13,#0xffb2
7529a:  54d6191c           ldl rr6,<<25>>0x001c(r13)
7529e:  5f00a1008956       call <<33>>0x8956
752a4:  54fc1918           ldl rr12,<<25>>0x0018(r15)
752a8:  14cc               ldl rr12,@rr12
752aa:  010dffb2           add r13,#0xffb2
752ae:  6fd7191a           ld <<25>>0x001a(r13),r7
752b2:  e829               jr 0x5306
752b4:  0b010064           cp r1,#0x0064
752b8:  ee22               jr nz,0x52fe
752ba:  760ca100bf8e       lda rr12,<<33>>0xbf8e
752c0:  21c2               ld r2,@rr12
752c2:  760ca0000114       lda rr12,<<32>>0x0114
752c8:  31c30002           ld r3,rr12(#0x0002)
752cc:  54fc1918           ldl rr12,<<25>>0x0018(r15)
752d0:  14cc               ldl rr12,@rr12
752d2:  010dffb2           add r13,#0xffb2
752d6:  54d41920           ldl rr4,<<25>>0x0020(r13)
752da:  54fc1918           ldl rr12,<<25>>0x0018(r15)
752de:  14cc               ldl rr12,@rr12
752e0:  010dffb2           add r13,#0xffb2
752e4:  54d6191c           ldl rr6,<<25>>0x001c(r13)
752e8:  5f00a10089f0       call <<33>>0x89f0
752ee:  54fc1918           ldl rr12,<<25>>0x0018(r15)
752f2:  14cc               ldl rr12,@rr12
752f4:  010dffb2           add r13,#0xffb2
752f8:  6fd7191a           ld <<25>>0x001a(r13),r7
752fc:  e804               jr 0x5306
752fe:  bd20               ldk r2,#0
75300:  5f00840033f6       call <<4>>0x33f6
75306:  54fc1918           ldl rr12,<<25>>0x0018(r15)
7530a:  14cc               ldl rr12,@rr12
7530c:  010dffb2           add r13,#0xffb2
75310:  61d2191a           ld r2,<<25>>0x001a(r13)
75314:  54fc1918           ldl rr12,<<25>>0x0018(r15)
75318:  14cc               ldl rr12,@rr12
7531a:  010dffb2           add r13,#0xffb2
7531e:  61d31918           ld r3,<<25>>0x0018(r13)
75322:  2104004c           ld r4,#0x004c
75326:  54fc1918           ldl rr12,<<25>>0x0018(r15)
7532a:  010dffe2           add r13,#0xffe2
7532e:  61d5190c           ld r5,<<25>>0x000c(r13)
75332:  54fc1918           ldl rr12,<<25>>0x0018(r15)
75336:  14cc               ldl rr12,@rr12
75338:  010dffb2           add r13,#0xffb2
7533c:  54d6191c           ldl rr6,<<25>>0x001c(r13)
75340:  5f00a1006f9e       call <<33>>0x6f9e
75346:  8cf4               testb rl7
75348:  e600               jr z,0x534a
7534a:  010f0012           add r15,#0x0012
7534e:  9e08               ret 
75350:  030f0018           sub r15,#0x0018
75354:  0de5001c           ld @rr14,#0x001c
75358:  5cf90205190a       ldm <<25>>0x000a(r15),r2,#6
7535e:  4cf1190b6e6e       cpb <<25>>0x000b(r15),#0x6e
75364:  ee0f               jr nz,0x5384
75366:  21010064           ld r1,#0x0064
7536a:  0b010000           cp r1,#0x0000
7536e:  e103               jr lt,0x5376
75370:  0b0100ff           cp r1,#0x00ff
75374:  e204               jr le,0x537e
75376:  bd2e               ldk r2,#14
75378:  5f00840033f6       call <<4>>0x33f6
7537e:  6ef91916           ldb <<25>>0x0016(r15),rl1
75382:  e80e               jr 0x53a0
75384:  2101006e           ld r1,#0x006e
75388:  0b010000           cp r1,#0x0000
7538c:  e103               jr lt,0x5394
7538e:  0b0100ff           cp r1,#0x00ff
75392:  e204               jr le,0x539c
75394:  bd2e               ldk r2,#14
75396:  5f00840033f6       call <<4>>0x33f6
7539c:  6ef91916           ldb <<25>>0x0016(r15),rl1
753a0:  54fc191e           ldl rr12,<<25>>0x001e(r15)
753a4:  010dffb2           add r13,#0xffb2
753a8:  54dc193c           ldl rr12,<<25>>0x003c(r13)
753ac:  54fa191e           ldl rr10,<<25>>0x001e(r15)
753b0:  010bffb2           add r11,#0xffb2
753b4:  5dbc1934           ldl <<25>>0x0034(r11),rr12
753b8:  21010077           ld r1,#0x0077
753bc:  0b010000           cp r1,#0x0000
753c0:  e103               jr lt,0x53c8
753c2:  0b0100ff           cp r1,#0x00ff
753c6:  e205               jr le,0x53d2
753c8:  21020010           ld r2,#0x0010
753cc:  5f00840033f6       call <<4>>0x33f6
753d2:  a112               ld r2,r1
753d4:  54fc191e           ldl rr12,<<25>>0x001e(r15)
753d8:  010dffb2           add r13,#0xffb2
753dc:  61dd1944           ld r13,<<25>>0x0044(r13)
753e0:  190c0003           mult rr12,#0x0003
753e4:  a1d3               ld r3,r13
753e6:  54fc191e           ldl rr12,<<25>>0x001e(r15)
753ea:  010dffb2           add r13,#0xffb2
753ee:  54d41934           ldl rr4,<<25>>0x0034(r13)
753f2:  2106004c           ld r6,#0x004c
753f6:  61f7190c           ld r7,<<25>>0x000c(r15)
753fa:  5f00a1007b84       call <<33>>0x7b84
75400:  54fc191e           ldl rr12,<<25>>0x001e(r15)
75404:  010dffb2           add r13,#0xffb2
75408:  54dc1920           ldl rr12,<<25>>0x0020(r13)
7540c:  5dfc1906           ldl <<25>>0x0006(r15),rr12
75410:  54fc1906           ldl rr12,<<25>>0x0006(r15)
75414:  61f1190c           ld r1,<<25>>0x000c(r15)
75418:  33c10002           ld rr12(#0x0002),r1
7541c:  54fc1906           ldl rr12,<<25>>0x0006(r15)
75420:  54fa191e           ldl rr10,<<25>>0x001e(r15)
75424:  010bffb2           add r11,#0xffb2
75428:  61b11944           ld r1,<<25>>0x0044(r11)
7542c:  33c10004           ld rr12(#0x0004),r1
75430:  54fc1906           ldl rr12,<<25>>0x0006(r15)
75434:  a9d5               inc r13,#6
75436:  0dc50001           ld @rr12,#0x0001
7543a:  54fc191e           ldl rr12,<<25>>0x001e(r15)
7543e:  010dffb2           add r13,#0xffb2
75442:  54d21934           ldl rr2,<<25>>0x0034(r13)
75446:  5f008400457e       call <<4>>0x457e
7544c:  54fc1906           ldl rr12,<<25>>0x0006(r15)
75450:  37c60008           ldl rr12(#0x0008),rr6
75454:  60f9190b           ldb rl1,<<25>>0x000b(r15)
75458:  8c18               clrb rh1
7545a:  0b010000           cp r1,#0x0000
7545e:  e103               jr lt,0x5466
75460:  0b0100ff           cp r1,#0x00ff
75464:  e205               jr le,0x5470
75466:  21020010           ld r2,#0x0010
7546a:  5f00840033f6       call <<4>>0x33f6
75470:  a112               ld r2,r1
75472:  34ec001e           lda rr12,rr14(#0x001e)
75476:  5dfc1902           ldl <<25>>0x0002(r15),rr12
7547a:  5f00a1004a56       call <<33>>0x4a56
75480:  760c84000166       lda rr12,<<4>>0x0166
75486:  0cc10000           cpb @rr12,#0x00
7548a:  5e0ea1004dc6       jp nz,<<33>>0x4dc6
75490:  54fc191e           ldl rr12,<<25>>0x001e(r15)
75494:  010dffb2           add r13,#0xffb2
75498:  61d11944           ld r1,<<25>>0x0044(r13)
7549c:  a11d               ld r13,r1
7549e:  b1ca               exts rr12
754a0:  54fa191e           ldl rr10,<<25>>0x001e(r15)
754a4:  010bffb2           add r11,#0xffb2
754a8:  56bc1934           addl rr12,<<25>>0x0034(r11)
754ac:  54fa191e           ldl rr10,<<25>>0x001e(r15)
754b0:  010bffb2           add r11,#0xffb2
754b4:  5dbc1934           ldl <<25>>0x0034(r11),rr12
754b8:  54fc191e           ldl rr12,<<25>>0x001e(r15)
754bc:  010dffb2           add r13,#0xffb2
754c0:  54dc1920           ldl rr12,<<25>>0x0020(r13)
754c4:  5dfc1906           ldl <<25>>0x0006(r15),rr12
754c8:  61f1190c           ld r1,<<25>>0x000c(r15)
754cc:  a910               inc r1,#1
754ce:  54fc1906           ldl rr12,<<25>>0x0006(r15)
754d2:  33c10002           ld rr12(#0x0002),r1
754d6:  54fc1906           ldl rr12,<<25>>0x0006(r15)
754da:  a9d5               inc r13,#6
754dc:  0dc50001           ld @rr12,#0x0001
754e0:  54fc191e           ldl rr12,<<25>>0x001e(r15)
754e4:  010dffb2           add r13,#0xffb2
754e8:  54d21934           ldl rr2,<<25>>0x0034(r13)
754ec:  5f008400457e       call <<4>>0x457e
754f2:  54fc1906           ldl rr12,<<25>>0x0006(r15)
754f6:  37c60008           ldl rr12(#0x0008),rr6
754fa:  60f91916           ldb rl1,<<25>>0x0016(r15)
754fe:  8c18               clrb rh1
75500:  0b010000           cp r1,#0x0000
75504:  e103               jr lt,0x550c
75506:  0b0100ff           cp r1,#0x00ff
7550a:  e205               jr le,0x5516
7550c:  21020010           ld r2,#0x0010
75510:  5f00840033f6       call <<4>>0x33f6
75516:  a112               ld r2,r1
75518:  34ec001e           lda rr12,rr14(#0x001e)
7551c:  5dfc1902           ldl <<25>>0x0002(r15),rr12
75520:  5f00a1004a56       call <<33>>0x4a56
75526:  760c84000166       lda rr12,<<4>>0x0166
7552c:  0cc10000           cpb @rr12,#0x00
75530:  ee4a               jr nz,0x55c6
75532:  54fc191e           ldl rr12,<<25>>0x001e(r15)
75536:  010dffb2           add r13,#0xffb2
7553a:  61d11944           ld r1,<<25>>0x0044(r13)
7553e:  a11d               ld r13,r1
75540:  b1ca               exts rr12
75542:  54fa191e           ldl rr10,<<25>>0x001e(r15)
75546:  010bffb2           add r11,#0xffb2
7554a:  56bc1934           addl rr12,<<25>>0x0034(r11)
7554e:  54fa191e           ldl rr10,<<25>>0x001e(r15)
75552:  010bffb2           add r11,#0xffb2
75556:  5dbc1934           ldl <<25>>0x0034(r11),rr12
7555a:  54fc191e           ldl rr12,<<25>>0x001e(r15)
7555e:  010dffb2           add r13,#0xffb2
75562:  54dc1920           ldl rr12,<<25>>0x0020(r13)
75566:  5dfc1906           ldl <<25>>0x0006(r15),rr12
7556a:  61f1190c           ld r1,<<25>>0x000c(r15)
7556e:  a911               inc r1,#2
75570:  54fc1906           ldl rr12,<<25>>0x0006(r15)
75574:  33c10002           ld rr12(#0x0002),r1
75578:  54fc1906           ldl rr12,<<25>>0x0006(r15)
7557c:  a9d5               inc r13,#6
7557e:  0dc8               clr @rr12
75580:  54fc191e           ldl rr12,<<25>>0x001e(r15)
75584:  010dffb2           add r13,#0xffb2
75588:  54d21934           ldl rr2,<<25>>0x0034(r13)
7558c:  5f008400457e       call <<4>>0x457e
75592:  54fc1906           ldl rr12,<<25>>0x0006(r15)
75596:  37c60008           ldl rr12(#0x0008),rr6
7559a:  60f9190b           ldb rl1,<<25>>0x000b(r15)
7559e:  8c18               clrb rh1
755a0:  0b010000           cp r1,#0x0000
755a4:  e103               jr lt,0x55ac
755a6:  0b0100ff           cp r1,#0x00ff
755aa:  e205               jr le,0x55b6
755ac:  21020010           ld r2,#0x0010
755b0:  5f00840033f6       call <<4>>0x33f6
755b6:  a112               ld r2,r1
755b8:  34ec001e           lda rr12,rr14(#0x001e)
755bc:  5dfc1902           ldl <<25>>0x0002(r15),rr12
755c0:  5f00a1004a56       call <<33>>0x4a56
755c6:  010f0018           add r15,#0x0018
755ca:  9e08               ret 
755cc:  030f0018           sub r15,#0x0018
755d0:  0de5001c           ld @rr14,#0x001c
755d4:  5cf90205190a       ldm <<25>>0x000a(r15),r2,#6
755da:  4cf1190b6e6e       cpb <<25>>0x000b(r15),#0x6e
755e0:  ee0f               jr nz,0x5600
755e2:  21010064           ld r1,#0x0064
755e6:  0b010000           cp r1,#0x0000
755ea:  e103               jr lt,0x55f2
755ec:  0b0100ff           cp r1,#0x00ff
755f0:  e204               jr le,0x55fa
755f2:  bd2e               ldk r2,#14
755f4:  5f00840033f6       call <<4>>0x33f6
755fa:  6ef91916           ldb <<25>>0x0016(r15),rl1
755fe:  e80e               jr 0x561c
75600:  2101006e           ld r1,#0x006e
75604:  0b010000           cp r1,#0x0000
75608:  e103               jr lt,0x5610
7560a:  0b0100ff           cp r1,#0x00ff
7560e:  e204               jr le,0x5618
75610:  bd2e               ldk r2,#14
75612:  5f00840033f6       call <<4>>0x33f6
75618:  6ef91916           ldb <<25>>0x0016(r15),rl1
7561c:  21010063           ld r1,#0x0063
75620:  0b010000           cp r1,#0x0000
75624:  e103               jr lt,0x562c
75626:  0b0100ff           cp r1,#0x00ff
7562a:  e205               jr le,0x5636
7562c:  21020010           ld r2,#0x0010
75630:  5f00840033f6       call <<4>>0x33f6
75636:  a112               ld r2,r1
75638:  54fc191e           ldl rr12,<<25>>0x001e(r15)
7563c:  010dffb2           add r13,#0xffb2
75640:  61dd1944           ld r13,<<25>>0x0044(r13)
75644:  190c0003           mult rr12,#0x0003
75648:  a1d3               ld r3,r13
7564a:  54fc191e           ldl rr12,<<25>>0x001e(r15)
7564e:  010dffb2           add r13,#0xffb2
75652:  54d41938           ldl rr4,<<25>>0x0038(r13)
75656:  2106004c           ld r6,#0x004c
7565a:  61f7190c           ld r7,<<25>>0x000c(r15)
7565e:  5f00a1007b84       call <<33>>0x7b84
75664:  54fc191e           ldl rr12,<<25>>0x001e(r15)
75668:  010dffb2           add r13,#0xffb2
7566c:  54dc1920           ldl rr12,<<25>>0x0020(r13)
75670:  5dfc1906           ldl <<25>>0x0006(r15),rr12
75674:  54fc1906           ldl rr12,<<25>>0x0006(r15)
75678:  61f1190c           ld r1,<<25>>0x000c(r15)
7567c:  33c10002           ld rr12(#0x0002),r1
75680:  54fc1906           ldl rr12,<<25>>0x0006(r15)
75684:  a9d5               inc r13,#6
75686:  0dc50001           ld @rr12,#0x0001
7568a:  54fc191e           ldl rr12,<<25>>0x001e(r15)
7568e:  010dffb2           add r13,#0xffb2
75692:  61d11944           ld r1,<<25>>0x0044(r13)
75696:  8111               add r1,r1
75698:  54fc1906           ldl rr12,<<25>>0x0006(r15)
7569c:  33c10004           ld rr12(#0x0004),r1
756a0:  54fc191e           ldl rr12,<<25>>0x001e(r15)
756a4:  010dffb2           add r13,#0xffb2
756a8:  54d21938           ldl rr2,<<25>>0x0038(r13)
756ac:  5f008400457e       call <<4>>0x457e
756b2:  54fc1906           ldl rr12,<<25>>0x0006(r15)
756b6:  37c60008           ldl rr12(#0x0008),rr6
756ba:  60f9190b           ldb rl1,<<25>>0x000b(r15)
756be:  8c18               clrb rh1
756c0:  0b01006e           cp r1,#0x006e
756c4:  ee1f               jr nz,0x5704
756c6:  760ca100bf8e       lda rr12,<<33>>0xbf8e
756cc:  21c2               ld r2,@rr12
756ce:  760ca0000114       lda rr12,<<32>>0x0114
756d4:  31c30002           ld r3,rr12(#0x0002)
756d8:  54fc191e           ldl rr12,<<25>>0x001e(r15)
756dc:  010dffb2           add r13,#0xffb2
756e0:  54d41920           ldl rr4,<<25>>0x0020(r13)
756e4:  54fc191e           ldl rr12,<<25>>0x001e(r15)
756e8:  010dffb2           add r13,#0xffb2
756ec:  54d6191c           ldl rr6,<<25>>0x001c(r13)
756f0:  5f00a10085ba       call <<33>>0x85ba
756f6:  54fc191e           ldl rr12,<<25>>0x001e(r15)
756fa:  010dffb2           add r13,#0xffb2
756fe:  6fd7191a           ld <<25>>0x001a(r13),r7
75702:  e826               jr 0x5750
75704:  0b010064           cp r1,#0x0064
75708:  ee1f               jr nz,0x5748
7570a:  760ca100bf8e       lda rr12,<<33>>0xbf8e
75710:  21c2               ld r2,@rr12
75712:  760ca0000114       lda rr12,<<32>>0x0114
75718:  31c30002           ld r3,rr12(#0x0002)
7571c:  54fc191e           ldl rr12,<<25>>0x001e(r15)
75720:  010dffb2           add r13,#0xffb2
75724:  54d41920           ldl rr4,<<25>>0x0020(r13)
75728:  54fc191e           ldl rr12,<<25>>0x001e(r15)
7572c:  010dffb2           add r13,#0xffb2
75730:  54d6191c           ldl rr6,<<25>>0x001c(r13)
75734:  5f00a10086ee       call <<33>>0x86ee
7573a:  54fc191e           ldl rr12,<<25>>0x001e(r15)
7573e:  010dffb2           add r13,#0xffb2
75742:  6fd7191a           ld <<25>>0x001a(r13),r7
75746:  e804               jr 0x5750
75748:  bd20               ldk r2,#0
7574a:  5f00840033f6       call <<4>>0x33f6
75750:  54fc191e           ldl rr12,<<25>>0x001e(r15)
75754:  010dffb2           add r13,#0xffb2
75758:  61d2191a           ld r2,<<25>>0x001a(r13)
7575c:  54fc191e           ldl rr12,<<25>>0x001e(r15)
75760:  010dffb2           add r13,#0xffb2
75764:  61d31918           ld r3,<<25>>0x0018(r13)
75768:  2104004c           ld r4,#0x004c
7576c:  61f5190c           ld r5,<<25>>0x000c(r15)
75770:  54fc191e           ldl rr12,<<25>>0x001e(r15)
75774:  010dffb2           add r13,#0xffb2
75778:  54d6191c           ldl rr6,<<25>>0x001c(r13)
7577c:  5f00a1006f9e       call <<33>>0x6f9e
75782:  8cf4               testb rl7
75784:  5e06a10051cc       jp z,<<33>>0x51cc
7578a:  54fc191e           ldl rr12,<<25>>0x001e(r15)
7578e:  010dffb2           add r13,#0xffb2
75792:  4dd4191a           test <<25>>0x001a(r13)
75796:  ee17               jr nz,0x57c6
75798:  bd13               ldk r1,#3
7579a:  0b010000           cp r1,#0x0000
7579e:  e103               jr lt,0x57a6
757a0:  0b010003           cp r1,#0x0003
757a4:  e204               jr le,0x57ae
757a6:  bd2d               ldk r2,#13
757a8:  5f00840033f6       call <<4>>0x33f6
757ae:  8111               add r1,r1
757b0:  54fc191e           ldl rr12,<<25>>0x001e(r15)
757b4:  010dffb2           add r13,#0xffb2
757b8:  54dc191c           ldl rr12,<<25>>0x001c(r13)
757bc:  811d               add r13,r1
757be:  0dc4               test @rr12
757c0:  ee02               jr nz,0x57c6
757c2:  c901               ldb rl1,#0x01
757c4:  e801               jr 0x57c8
757c6:  c900               ldb rl1,#0x00
757c8:  b110               extsb r1
757ca:  0b010000           cp r1,#0x0000
757ce:  e103               jr lt,0x57d6
757d0:  0b010001           cp r1,#0x0001
757d4:  e204               jr le,0x57de
757d6:  bd2e               ldk r2,#14
757d8:  5f00840033f6       call <<4>>0x33f6
757de:  6ef91917           ldb <<25>>0x0017(r15),rl1
757e2:  4cf41917           testb <<25>>0x0017(r15)
757e6:  e618               jr z,0x5818
757e8:  54fc191e           ldl rr12,<<25>>0x001e(r15)
757ec:  010dffb2           add r13,#0xffb2
757f0:  54d2191c           ldl rr2,<<25>>0x001c(r13)
757f4:  60f91916           ldb rl1,<<25>>0x0016(r15)
757f8:  8c18               clrb rh1
757fa:  0b010000           cp r1,#0x0000
757fe:  e103               jr lt,0x5806
75800:  0b0100ff           cp r1,#0x00ff
75804:  e205               jr le,0x5810
75806:  21020010           ld r2,#0x0010
7580a:  5f00840033f6       call <<4>>0x33f6
75810:  a114               ld r4,r1
75812:  5f00a1005da8       call <<33>>0x5da8
75818:  760c84000166       lda rr12,<<4>>0x0166
7581e:  0cc10000           cpb @rr12,#0x00
75822:  5e0ea10051cc       jp nz,<<33>>0x51cc
75828:  21010063           ld r1,#0x0063
7582c:  0b010000           cp r1,#0x0000
75830:  e103               jr lt,0x5838
75832:  0b0100ff           cp r1,#0x00ff
75836:  e205               jr le,0x5842
75838:  21020010           ld r2,#0x0010
7583c:  5f00840033f6       call <<4>>0x33f6
75842:  a112               ld r2,r1
75844:  54fc191e           ldl rr12,<<25>>0x001e(r15)
75848:  010dffb2           add r13,#0xffb2
7584c:  61dd1944           ld r13,<<25>>0x0044(r13)
75850:  190c0003           mult rr12,#0x0003
75854:  a1d3               ld r3,r13
75856:  54fc191e           ldl rr12,<<25>>0x001e(r15)
7585a:  010dffb2           add r13,#0xffb2
7585e:  54d41938           ldl rr4,<<25>>0x0038(r13)
75862:  2106004c           ld r6,#0x004c
75866:  61f7190c           ld r7,<<25>>0x000c(r15)
7586a:  5f00a1007b84       call <<33>>0x7b84
75870:  60f9190b           ldb rl1,<<25>>0x000b(r15)
75874:  8c18               clrb rh1
75876:  0b01006e           cp r1,#0x006e
7587a:  ee1f               jr nz,0x58ba
7587c:  760ca100bf8e       lda rr12,<<33>>0xbf8e
75882:  21c2               ld r2,@rr12
75884:  760ca0000114       lda rr12,<<32>>0x0114
7588a:  31c30002           ld r3,rr12(#0x0002)
7588e:  54fc191e           ldl rr12,<<25>>0x001e(r15)
75892:  010dffb2           add r13,#0xffb2
75896:  54d41920           ldl rr4,<<25>>0x0020(r13)
7589a:  54fc191e           ldl rr12,<<25>>0x001e(r15)
7589e:  010dffb2           add r13,#0xffb2
758a2:  54d6191c           ldl rr6,<<25>>0x001c(r13)
758a6:  5f00a1008654       call <<33>>0x8654
758ac:  54fc191e           ldl rr12,<<25>>0x001e(r15)
758b0:  010dffb2           add r13,#0xffb2
758b4:  6fd7191a           ld <<25>>0x001a(r13),r7
758b8:  e826               jr 0x5906
758ba:  0b010064           cp r1,#0x0064
758be:  ee1f               jr nz,0x58fe
758c0:  760ca100bf8e       lda rr12,<<33>>0xbf8e
758c6:  21c2               ld r2,@rr12
758c8:  760ca0000114       lda rr12,<<32>>0x0114
758ce:  31c30002           ld r3,rr12(#0x0002)
758d2:  54fc191e           ldl rr12,<<25>>0x001e(r15)
758d6:  010dffb2           add r13,#0xffb2
758da:  54d41920           ldl rr4,<<25>>0x0020(r13)
758de:  54fc191e           ldl rr12,<<25>>0x001e(r15)
758e2:  010dffb2           add r13,#0xffb2
758e6:  54d6191c           ldl rr6,<<25>>0x001c(r13)
758ea:  5f00a1008788       call <<33>>0x8788
758f0:  54fc191e           ldl rr12,<<25>>0x001e(r15)
758f4:  010dffb2           add r13,#0xffb2
758f8:  6fd7191a           ld <<25>>0x001a(r13),r7
758fc:  e804               jr 0x5906
758fe:  bd20               ldk r2,#0
75900:  5f00840033f6       call <<4>>0x33f6
75906:  54fc191e           ldl rr12,<<25>>0x001e(r15)
7590a:  010dffb2           add r13,#0xffb2
7590e:  61d2191a           ld r2,<<25>>0x001a(r13)
75912:  54fc191e           ldl rr12,<<25>>0x001e(r15)
75916:  010dffb2           add r13,#0xffb2
7591a:  61d31918           ld r3,<<25>>0x0018(r13)
7591e:  2104004c           ld r4,#0x004c
75922:  61f5190c           ld r5,<<25>>0x000c(r15)
75926:  54fc191e           ldl rr12,<<25>>0x001e(r15)
7592a:  010dffb2           add r13,#0xffb2
7592e:  54d6191c           ldl rr6,<<25>>0x001c(r13)
75932:  5f00a1006f9e       call <<33>>0x6f9e
75938:  8cf4               testb rl7
7593a:  e648               jr z,0x59cc
7593c:  54fc191e           ldl rr12,<<25>>0x001e(r15)
75940:  010dffb2           add r13,#0xffb2
75944:  4dd4191a           test <<25>>0x001a(r13)
75948:  ee18               jr nz,0x597a
7594a:  bd10               ldk r1,#0
7594c:  0b010000           cp r1,#0x0000
75950:  e103               jr lt,0x5958
75952:  0b010003           cp r1,#0x0003
75956:  e204               jr le,0x5960
75958:  bd2d               ldk r2,#13
7595a:  5f00840033f6       call <<4>>0x33f6
75960:  8111               add r1,r1
75962:  54fc191e           ldl rr12,<<25>>0x001e(r15)
75966:  010dffb2           add r13,#0xffb2
7596a:  54dc191c           ldl rr12,<<25>>0x001c(r13)
7596e:  811d               add r13,r1
75970:  0dc10002           cp @rr12,#0x0002
75974:  ee02               jr nz,0x597a
75976:  c901               ldb rl1,#0x01
75978:  e801               jr 0x597c
7597a:  c900               ldb rl1,#0x00
7597c:  b110               extsb r1
7597e:  0b010000           cp r1,#0x0000
75982:  e103               jr lt,0x598a
75984:  0b010001           cp r1,#0x0001
75988:  e204               jr le,0x5992
7598a:  bd2e               ldk r2,#14
7598c:  5f00840033f6       call <<4>>0x33f6
75992:  6ef91917           ldb <<25>>0x0017(r15),rl1
75996:  4cf41917           testb <<25>>0x0017(r15)
7599a:  e618               jr z,0x59cc
7599c:  54fc191e           ldl rr12,<<25>>0x001e(r15)
759a0:  010dffb2           add r13,#0xffb2
759a4:  54d2191c           ldl rr2,<<25>>0x001c(r13)
759a8:  60f91916           ldb rl1,<<25>>0x0016(r15)
759ac:  8c18               clrb rh1
759ae:  0b010000           cp r1,#0x0000
759b2:  e103               jr lt,0x59ba
759b4:  0b0100ff           cp r1,#0x00ff
759b8:  e205               jr le,0x59c4
759ba:  21020010           ld r2,#0x0010
759be:  5f00840033f6       call <<4>>0x33f6
759c4:  a114               ld r4,r1
759c6:  5f00a1005da8       call <<33>>0x5da8
759cc:  010f0018           add r15,#0x0018
759d0:  9e08               ret 
759d2:  030f0048           sub r15,#0x0048
759d6:  0de5004c           ld @rr14,#0x004c
759da:  760ca100bf7e       lda rr12,<<33>>0xbf7e
759e0:  20c9               ldb rl1,@rr12
759e2:  b110               extsb r1
759e4:  0b010002           cp r1,#0x0002
759e8:  ee26               jr nz,0x5a36
759ea:  21021a04           ld r2,#0x1a04
759ee:  34e4002c           lda rr4,rr14(#0x002c)
759f2:  7606a2003e00       lda rr6,<<34>>0x3e00
759f8:  5f00840041e4       call <<4>>0x41e4
759fe:  21021a04           ld r2,#0x1a04
75a02:  34e40024           lda rr4,rr14(#0x0024)
75a06:  7606a2003e00       lda rr6,<<34>>0x3e00
75a0c:  5f00840041e4       call <<4>>0x41e4
75a12:  54fc192c           ldl rr12,<<25>>0x002c(r15)
75a16:  5dfc1938           ldl <<25>>0x0038(r15),rr12
75a1a:  54fc1924           ldl rr12,<<25>>0x0024(r15)
75a1e:  5dfc193c           ldl <<25>>0x003c(r15),rr12
75a22:  4df519400001       ld <<25>>0x0040(r15),#0x0001
75a28:  4df519421a00       ld <<25>>0x0042(r15),#0x1a00
75a2e:  4df519440100       ld <<25>>0x0044(r15),#0x0100
75a34:  e82c               jr 0x5a8e
75a36:  0b010000           cp r1,#0x0000
75a3a:  ee25               jr nz,0x5a86
75a3c:  21020d02           ld r2,#0x0d02
75a40:  34e40030           lda rr4,rr14(#0x0030)
75a44:  7606a2003e00       lda rr6,<<34>>0x3e00
75a4a:  5f00840041e4       call <<4>>0x41e4
75a50:  21020d02           ld r2,#0x0d02
75a54:  34e40028           lda rr4,rr14(#0x0028)
75a58:  7606a2003e00       lda rr6,<<34>>0x3e00
75a5e:  5f00840041e4       call <<4>>0x41e4
75a64:  54fc1930           ldl rr12,<<25>>0x0030(r15)
75a68:  5dfc1938           ldl <<25>>0x0038(r15),rr12
75a6c:  54fc1928           ldl rr12,<<25>>0x0028(r15)
75a70:  5dfc193c           ldl <<25>>0x003c(r15),rr12
75a74:  4df81940           clr <<25>>0x0040(r15)
75a78:  4df519420d00       ld <<25>>0x0042(r15),#0x0d00
75a7e:  4df519440080       ld <<25>>0x0044(r15),#0x0080
75a84:  e804               jr 0x5a8e
75a86:  bd20               ldk r2,#0
75a88:  5f00840033f6       call <<4>>0x33f6
75a8e:  bd2c               ldk r2,#12
75a90:  34e4001c           lda rr4,rr14(#0x001c)
75a94:  7606a2003e00       lda rr6,<<34>>0x3e00
75a9a:  5f00840041e4       call <<4>>0x41e4
75aa0:  bd2c               ldk r2,#12
75aa2:  34e40020           lda rr4,rr14(#0x0020)
75aa6:  7606a2003e00       lda rr6,<<34>>0x3e00
75aac:  5f00840041e4       call <<4>>0x41e4
75ab2:  54fc1920           ldl rr12,<<25>>0x0020(r15)
75ab6:  0dc5004c           ld @rr12,#0x004c
75aba:  760ca100bf8e       lda rr12,<<33>>0xbf8e
75ac0:  21c2               ld r2,@rr12
75ac2:  760ca0000114       lda rr12,<<32>>0x0114
75ac8:  31c30002           ld r3,rr12(#0x0002)
75acc:  54f4191c           ldl rr4,<<25>>0x001c(r15)
75ad0:  5f00a1007da0       call <<33>>0x7da0
75ad6:  6ff7191a           ld <<25>>0x001a(r15),r7
75ada:  61f2191a           ld r2,<<25>>0x001a(r15)
75ade:  54f4191c           ldl rr4,<<25>>0x001c(r15)
75ae2:  5f00a1006d3c       call <<33>>0x6d3c
75ae8:  8cf4               testb rl7
75aea:  5e06a1005536       jp z,<<33>>0x5536
75af0:  4df81918           clr <<25>>0x0018(r15)
75af4:  760ca100bf8e       lda rr12,<<33>>0xbf8e
75afa:  21c2               ld r2,@rr12
75afc:  760ca0000114       lda rr12,<<32>>0x0114
75b02:  31c30002           ld r3,rr12(#0x0002)
75b06:  2104004c           ld r4,#0x004c
75b0a:  54f6191c           ldl rr6,<<25>>0x001c(r15)
75b0e:  5f00a100800e       call <<33>>0x800e
75b14:  6ff7191a           ld <<25>>0x001a(r15),r7
75b18:  61f2191a           ld r2,<<25>>0x001a(r15)
75b1c:  54f4191c           ldl rr4,<<25>>0x001c(r15)
75b20:  5f00a1006b24       call <<33>>0x6b24
75b26:  8cf4               testb rl7
75b28:  5e06a1005536       jp z,<<33>>0x5536
75b2e:  4df51918004c       ld <<25>>0x0018(r15),#0x004c
75b34:  2101006e           ld r1,#0x006e
75b38:  0b010000           cp r1,#0x0000
75b3c:  e103               jr lt,0x5b44
75b3e:  0b0100ff           cp r1,#0x00ff
75b42:  e205               jr le,0x5b4e
75b44:  21020010           ld r2,#0x0010
75b48:  5f00840033f6       call <<4>>0x33f6
75b4e:  a112               ld r2,r1
75b50:  bd31               ldk r3,#1
75b52:  34ec004e           lda rr12,rr14(#0x004e)
75b56:  5dfc1902           ldl <<25>>0x0002(r15),rr12
75b5a:  5f00a1004b50       call <<33>>0x4b50
75b60:  760c84000166       lda rr12,<<4>>0x0166
75b66:  0cc10000           cpb @rr12,#0x00
75b6a:  ee16               jr nz,0x5b98
75b6c:  2101006e           ld r1,#0x006e
75b70:  0b010000           cp r1,#0x0000
75b74:  e103               jr lt,0x5b7c
75b76:  0b0100ff           cp r1,#0x00ff
75b7a:  e205               jr le,0x5b86
75b7c:  21020010           ld r2,#0x0010
75b80:  5f00840033f6       call <<4>>0x33f6
75b86:  a112               ld r2,r1
75b88:  bd31               ldk r3,#1
75b8a:  34ec004e           lda rr12,rr14(#0x004e)
75b8e:  5dfc1902           ldl <<25>>0x0002(r15),rr12
75b92:  5f00a1004dcc       call <<33>>0x4dcc
75b98:  760c84000166       lda rr12,<<4>>0x0166
75b9e:  0cc10000           cpb @rr12,#0x00
75ba2:  ee34               jr nz,0x5c0c
75ba4:  760ca100bf7e       lda rr12,<<33>>0xbf7e
75baa:  0cc10202           cpb @rr12,#0x02
75bae:  ee18               jr nz,0x5be0
75bb0:  21010064           ld r1,#0x0064
75bb4:  0b010000           cp r1,#0x0000
75bb8:  e103               jr lt,0x5bc0
75bba:  0b0100ff           cp r1,#0x00ff
75bbe:  e205               jr le,0x5bca
75bc0:  21020010           ld r2,#0x0010
75bc4:  5f00840033f6       call <<4>>0x33f6
75bca:  a112               ld r2,r1
75bcc:  2103001b           ld r3,#0x001b
75bd0:  34ec004e           lda rr12,rr14(#0x004e)
75bd4:  5dfc1902           ldl <<25>>0x0002(r15),rr12
75bd8:  5f00a1004b50       call <<33>>0x4b50
75bde:  e816               jr 0x5c0c
75be0:  21010064           ld r1,#0x0064
75be4:  0b010000           cp r1,#0x0000
75be8:  e103               jr lt,0x5bf0
75bea:  0b0100ff           cp r1,#0x00ff
75bee:  e205               jr le,0x5bfa
75bf0:  21020010           ld r2,#0x0010
75bf4:  5f00840033f6       call <<4>>0x33f6
75bfa:  a112               ld r2,r1
75bfc:  bd31               ldk r3,#1
75bfe:  34ec004e           lda rr12,rr14(#0x004e)
75c02:  5dfc1902           ldl <<25>>0x0002(r15),rr12
75c06:  5f00a1004b50       call <<33>>0x4b50
75c0c:  760c84000166       lda rr12,<<4>>0x0166
75c12:  0cc10000           cpb @rr12,#0x00
75c16:  ee34               jr nz,0x5c80
75c18:  760ca100bf7e       lda rr12,<<33>>0xbf7e
75c1e:  0cc10202           cpb @rr12,#0x02
75c22:  ee18               jr nz,0x5c54
75c24:  21010064           ld r1,#0x0064
75c28:  0b010000           cp r1,#0x0000
75c2c:  e103               jr lt,0x5c34
75c2e:  0b0100ff           cp r1,#0x00ff
75c32:  e205               jr le,0x5c3e
75c34:  21020010           ld r2,#0x0010
75c38:  5f00840033f6       call <<4>>0x33f6
75c3e:  a112               ld r2,r1
75c40:  2103001b           ld r3,#0x001b
75c44:  34ec004e           lda rr12,rr14(#0x004e)
75c48:  5dfc1902           ldl <<25>>0x0002(r15),rr12
75c4c:  5f00a1004dcc       call <<33>>0x4dcc
75c52:  e816               jr 0x5c80
75c54:  21010064           ld r1,#0x0064
75c58:  0b010000           cp r1,#0x0000
75c5c:  e103               jr lt,0x5c64
75c5e:  0b0100ff           cp r1,#0x00ff
75c62:  e205               jr le,0x5c6e
75c64:  21020010           ld r2,#0x0010
75c68:  5f00840033f6       call <<4>>0x33f6
75c6e:  a112               ld r2,r1
75c70:  bd31               ldk r3,#1
75c72:  34ec004e           lda rr12,rr14(#0x004e)
75c76:  5dfc1902           ldl <<25>>0x0002(r15),rr12
75c7a:  5f00a1004dcc       call <<33>>0x4dcc
75c80:  760c84000166       lda rr12,<<4>>0x0166
75c86:  0cc10000           cpb @rr12,#0x00
75c8a:  ee55               jr nz,0x5d36
75c8c:  54fc1920           ldl rr12,<<25>>0x0020(r15)
75c90:  5dfc1908           ldl <<25>>0x0008(r15),rr12
75c94:  54fc1908           ldl rr12,<<25>>0x0008(r15)
75c98:  a9d5               inc r13,#6
75c9a:  0dc8               clr @rr12
75c9c:  54fc1908           ldl rr12,<<25>>0x0008(r15)
75ca0:  61f11942           ld r1,<<25>>0x0042(r15)
75ca4:  33c10004           ld rr12(#0x0004),r1
75ca8:  54f21938           ldl rr2,<<25>>0x0038(r15)
75cac:  5f008400457e       call <<4>>0x457e
75cb2:  54fc1908           ldl rr12,<<25>>0x0008(r15)
75cb6:  37c60008           ldl rr12(#0x0008),rr6
75cba:  61f11940           ld r1,<<25>>0x0040(r15)
75cbe:  6ff1190a           ld <<25>>0x000a(r15),r1
75cc2:  4df81946           clr <<25>>0x0046(r15)
75cc6:  e832               jr 0x5d2c
75cc8:  61fd1946           ld r13,<<25>>0x0046(r15)
75ccc:  190c001a           mult rr12,#0x001a
75cd0:  a9d0               inc r13,#1
75cd2:  54fa1920           ldl rr10,<<25>>0x0020(r15)
75cd6:  33ad0002           ld rr10(#0x0002),r13
75cda:  760ca100bf8e       lda rr12,<<33>>0xbf8e
75ce0:  21c2               ld r2,@rr12
75ce2:  760ca0000114       lda rr12,<<32>>0x0114
75ce8:  31c30002           ld r3,rr12(#0x0002)
75cec:  54f41920           ldl rr4,<<25>>0x0020(r15)
75cf0:  54f6191c           ldl rr6,<<25>>0x001c(r15)
75cf4:  5f00a1008822       call <<33>>0x8822
75cfa:  6ff7191a           ld <<25>>0x001a(r15),r7
75cfe:  61f2191a           ld r2,<<25>>0x001a(r15)
75d02:  61f31918           ld r3,<<25>>0x0018(r15)
75d06:  2104004c           ld r4,#0x004c
75d0a:  54fc1920           ldl rr12,<<25>>0x0020(r15)
75d0e:  31c50002           ld r5,rr12(#0x0002)
75d12:  54f6191c           ldl rr6,<<25>>0x001c(r15)
75d16:  5f00a1006f9e       call <<33>>0x6f9e
75d1c:  6eff1906           ldb <<25>>0x0006(r15),rl7
75d20:  4cf41906           testb <<25>>0x0006(r15)
75d24:  ee01               jr nz,0x5d28
75d26:  e807               jr 0x5d36
75d28:  69f01946           inc <<25>>0x0046(r15),#1
75d2c:  61f11946           ld r1,<<25>>0x0046(r15)
75d30:  4bf1190a           cp r1,<<25>>0x000a(r15)
75d34:  e2c9               jr le,0x5cc8
75d36:  010f0048           add r15,#0x0048
75d3a:  9e08               ret 
75d3c:  030f0050           sub r15,#0x0050
75d40:  0de50054           ld @rr14,#0x0054
75d44:  760ca100bf7e       lda rr12,<<33>>0xbf7e
75d4a:  20c9               ldb rl1,@rr12
75d4c:  b110               extsb r1
75d4e:  0b010002           cp r1,#0x0002
75d52:  ee26               jr nz,0x5da0
75d54:  21021a04           ld r2,#0x1a04
75d58:  34e4003a           lda rr4,rr14(#0x003a)
75d5c:  7606a2003e00       lda rr6,<<34>>0x3e00
75d62:  5f00840041e4       call <<4>>0x41e4
75d68:  21021a04           ld r2,#0x1a04
75d6c:  34e40032           lda rr4,rr14(#0x0032)
75d70:  7606a2003e00       lda rr6,<<34>>0x3e00
75d76:  5f00840041e4       call <<4>>0x41e4
75d7c:  54fc193a           ldl rr12,<<25>>0x003a(r15)
75d80:  5dfc1946           ldl <<25>>0x0046(r15),rr12
75d84:  54fc1932           ldl rr12,<<25>>0x0032(r15)
75d88:  5dfc1942           ldl <<25>>0x0042(r15),rr12
75d8c:  4df5191a001a       ld <<25>>0x001a(r15),#0x001a
75d92:  4df519261a00       ld <<25>>0x0026(r15),#0x1a00
75d98:  4df519280001       ld <<25>>0x0028(r15),#0x0001
75d9e:  e82c               jr 0x5df8
75da0:  0b010000           cp r1,#0x0000
75da4:  ee25               jr nz,0x5df0
75da6:  21020d02           ld r2,#0x0d02
75daa:  34e4003e           lda rr4,rr14(#0x003e)
75dae:  7606a2003e00       lda rr6,<<34>>0x3e00
75db4:  5f00840041e4       call <<4>>0x41e4
75dba:  21020d02           ld r2,#0x0d02
75dbe:  34e40036           lda rr4,rr14(#0x0036)
75dc2:  7606a2003e00       lda rr6,<<34>>0x3e00
75dc8:  5f00840041e4       call <<4>>0x41e4
75dce:  54fc193e           ldl rr12,<<25>>0x003e(r15)
75dd2:  5dfc1946           ldl <<25>>0x0046(r15),rr12
75dd6:  54fc1936           ldl rr12,<<25>>0x0036(r15)
75dda:  5dfc1942           ldl <<25>>0x0042(r15),rr12
75dde:  4df5191a001a       ld <<25>>0x001a(r15),#0x001a
75de4:  4df519260d00       ld <<25>>0x0026(r15),#0x0d00
75dea:  4df81928           clr <<25>>0x0028(r15)
75dee:  e804               jr 0x5df8
75df0:  bd20               ldk r2,#0
75df2:  5f00840033f6       call <<4>>0x33f6
75df8:  54f21946           ldl rr2,<<25>>0x0046(r15)
75dfc:  5f008400457e       call <<4>>0x457e
75e02:  5df6192a           ldl <<25>>0x002a(r15),rr6
75e06:  54f21942           ldl rr2,<<25>>0x0042(r15)
75e0a:  5f008400457e       call <<4>>0x457e
75e10:  5df6192e           ldl <<25>>0x002e(r15),rr6
75e14:  bd2c               ldk r2,#12
75e16:  34e4001e           lda rr4,rr14(#0x001e)
75e1a:  7606a2003e00       lda rr6,<<34>>0x3e00
75e20:  5f00840041e4       call <<4>>0x41e4
75e26:  bd2c               ldk r2,#12
75e28:  34e40022           lda rr4,rr14(#0x0022)
75e2c:  7606a2003e00       lda rr6,<<34>>0x3e00
75e32:  5f00840041e4       call <<4>>0x41e4
75e38:  54f21922           ldl rr2,<<25>>0x0022(r15)
75e3c:  61f11926           ld r1,<<25>>0x0026(r15)
75e40:  33210004           ld rr2(#0x0004),r1
75e44:  942c               ldl rr12,rr2
75e46:  a9d5               inc r13,#6
75e48:  0dc50001           ld @rr12,#0x0001
75e4c:  760ca100bf8e       lda rr12,<<33>>0xbf8e
75e52:  21c2               ld r2,@rr12
75e54:  760ca0000114       lda rr12,<<32>>0x0114
75e5a:  31c30002           ld r3,rr12(#0x0002)
75e5e:  54f4191e           ldl rr4,<<25>>0x001e(r15)
75e62:  5f00a1007da0       call <<33>>0x7da0
75e68:  6ff7191c           ld <<25>>0x001c(r15),r7
75e6c:  61f2191c           ld r2,<<25>>0x001c(r15)
75e70:  54f4191e           ldl rr4,<<25>>0x001e(r15)
75e74:  5f00a1006d3c       call <<33>>0x6d3c
75e7a:  8cf4               testb rl7
75e7c:  5e06a1005958       jp z,<<33>>0x5958
75e82:  4df81918           clr <<25>>0x0018(r15)
75e86:  4df5194e004b       ld <<25>>0x004e(r15),#0x004b
75e8c:  5e08a100594c       jp <<33>>0x594c
75e92:  61f1194e           ld r1,<<25>>0x004e(r15)
75e96:  54fc1922           ldl rr12,<<25>>0x0022(r15)
75e9a:  2fc1               ld @rr12,r1
75e9c:  760c84000166       lda rr12,<<4>>0x0166
75ea2:  0cc10000           cpb @rr12,#0x00
75ea6:  ee12               jr nz,0x5ecc
75ea8:  760ca100bf8e       lda rr12,<<33>>0xbf8e
75eae:  21c2               ld r2,@rr12
75eb0:  760ca0000114       lda rr12,<<32>>0x0114
75eb6:  31c30002           ld r3,rr12(#0x0002)
75eba:  61f4194e           ld r4,<<25>>0x004e(r15)
75ebe:  54f6191e           ldl rr6,<<25>>0x001e(r15)
75ec2:  5f00a100800e       call <<33>>0x800e
75ec8:  6ff7191c           ld <<25>>0x001c(r15),r7
75ecc:  61f2191c           ld r2,<<25>>0x001c(r15)
75ed0:  54f4191e           ldl rr4,<<25>>0x001e(r15)
75ed4:  5f00a1006b24       call <<33>>0x6b24
75eda:  6eff1906           ldb <<25>>0x0006(r15),rl7
75ede:  4cf41906           testb <<25>>0x0006(r15)
75ee2:  ee03               jr nz,0x5eea
75ee4:  5e08a1005958       jp <<33>>0x5958
75eea:  61f11928           ld r1,<<25>>0x0028(r15)
75eee:  6ff1190a           ld <<25>>0x000a(r15),r1
75ef2:  4df8194c           clr <<25>>0x004c(r15)
75ef6:  5e08a100593a       jp <<33>>0x593a
75efc:  61fd191a           ld r13,<<25>>0x001a(r15)
75f00:  59fc194c           mult rr12,<<25>>0x004c(r15)
75f04:  a9d0               inc r13,#1
75f06:  54fa1922           ldl rr10,<<25>>0x0022(r15)
75f0a:  33ad0002           ld rr10(#0x0002),r13
75f0e:  54fc1922           ldl rr12,<<25>>0x0022(r15)
75f12:  54fa192e           ldl rr10,<<25>>0x002e(r15)
75f16:  37ca0008           ldl rr12(#0x0008),rr10
75f1a:  21010077           ld r1,#0x0077
75f1e:  0b010000           cp r1,#0x0000
75f22:  e103               jr lt,0x5f2a
75f24:  0b0100ff           cp r1,#0x00ff
75f28:  e205               jr le,0x5f34
75f2a:  21020010           ld r2,#0x0010
75f2e:  5f00840033f6       call <<4>>0x33f6
75f34:  a112               ld r2,r1
75f36:  61f31926           ld r3,<<25>>0x0026(r15)
75f3a:  54f41942           ldl rr4,<<25>>0x0042(r15)
75f3e:  61f6194e           ld r6,<<25>>0x004e(r15)
75f42:  61fd191a           ld r13,<<25>>0x001a(r15)
75f46:  59fc194c           mult rr12,<<25>>0x004c(r15)
75f4a:  a9d0               inc r13,#1
75f4c:  a1d7               ld r7,r13
75f4e:  5f00a1007b84       call <<33>>0x7b84
75f54:  760ca100bf8e       lda rr12,<<33>>0xbf8e
75f5a:  21c2               ld r2,@rr12
75f5c:  760ca0000114       lda rr12,<<32>>0x0114
75f62:  31c30002           ld r3,rr12(#0x0002)
75f66:  54f41922           ldl rr4,<<25>>0x0022(r15)
75f6a:  54f6191e           ldl rr6,<<25>>0x001e(r15)
75f6e:  5f00a1008956       call <<33>>0x8956
75f74:  6ff7191c           ld <<25>>0x001c(r15),r7
75f78:  61f2191c           ld r2,<<25>>0x001c(r15)
75f7c:  61f31918           ld r3,<<25>>0x0018(r15)
75f80:  61f4194e           ld r4,<<25>>0x004e(r15)
75f84:  61fd194c           ld r13,<<25>>0x004c(r15)
75f88:  59fc191a           mult rr12,<<25>>0x001a(r15)
75f8c:  a9d0               inc r13,#1
75f8e:  a1d5               ld r5,r13
75f90:  54f6191e           ldl rr6,<<25>>0x001e(r15)
75f94:  5f00a1006f9e       call <<33>>0x6f9e
75f9a:  6eff1906           ldb <<25>>0x0006(r15),rl7
75f9e:  4cf41906           testb <<25>>0x0006(r15)
75fa2:  ee03               jr nz,0x5faa
75fa4:  5e08a1005948       jp <<33>>0x5948
75faa:  760ca100bf8e       lda rr12,<<33>>0xbf8e
75fb0:  21c2               ld r2,@rr12
75fb2:  760ca0000114       lda rr12,<<32>>0x0114
75fb8:  31c30002           ld r3,rr12(#0x0002)
75fbc:  54f41922           ldl rr4,<<25>>0x0022(r15)
75fc0:  54f6191e           ldl rr6,<<25>>0x001e(r15)
75fc4:  5f00a10088bc       call <<33>>0x88bc
75fca:  6ff7191c           ld <<25>>0x001c(r15),r7
75fce:  61f2191c           ld r2,<<25>>0x001c(r15)
75fd2:  61f31918           ld r3,<<25>>0x0018(r15)
75fd6:  61f4194e           ld r4,<<25>>0x004e(r15)
75fda:  61fd194c           ld r13,<<25>>0x004c(r15)
75fde:  59fc191a           mult rr12,<<25>>0x001a(r15)
75fe2:  a9d0               inc r13,#1
75fe4:  a1d5               ld r5,r13
75fe6:  54f6191e           ldl rr6,<<25>>0x001e(r15)
75fea:  5f00a1006f9e       call <<33>>0x6f9e
75ff0:  6eff1906           ldb <<25>>0x0006(r15),rl7
75ff4:  4cf41906           testb <<25>>0x0006(r15)
75ff8:  ee03               jr nz,0x6000
75ffa:  5e08a1005948       jp <<33>>0x5948
76000:  54fc1922           ldl rr12,<<25>>0x0022(r15)
76004:  54fa192a           ldl rr10,<<25>>0x002a(r15)
76008:  37ca0008           ldl rr12(#0x0008),rr10
7600c:  21010063           ld r1,#0x0063
76010:  0b010000           cp r1,#0x0000
76014:  e103               jr lt,0x601c
76016:  0b0100ff           cp r1,#0x00ff
7601a:  e205               jr le,0x6026
7601c:  21020010           ld r2,#0x0010
76020:  5f00840033f6       call <<4>>0x33f6
76026:  a112               ld r2,r1
76028:  61f31926           ld r3,<<25>>0x0026(r15)
7602c:  54f41946           ldl rr4,<<25>>0x0046(r15)
76030:  61f6194e           ld r6,<<25>>0x004e(r15)
76034:  61fd191a           ld r13,<<25>>0x001a(r15)
76038:  59fc194c           mult rr12,<<25>>0x004c(r15)
7603c:  a9d0               inc r13,#1
7603e:  a1d7               ld r7,r13
76040:  5f00a1007b84       call <<33>>0x7b84
76046:  760ca100bf8e       lda rr12,<<33>>0xbf8e
7604c:  21c2               ld r2,@rr12
7604e:  760ca0000114       lda rr12,<<32>>0x0114
76054:  31c30002           ld r3,rr12(#0x0002)
76058:  54f41922           ldl rr4,<<25>>0x0022(r15)
7605c:  54f6191e           ldl rr6,<<25>>0x001e(r15)
76060:  5f00a10085ba       call <<33>>0x85ba
76066:  6ff7191c           ld <<25>>0x001c(r15),r7
7606a:  61f2191c           ld r2,<<25>>0x001c(r15)
7606e:  61f31918           ld r3,<<25>>0x0018(r15)
76072:  61f4194e           ld r4,<<25>>0x004e(r15)
76076:  61fd194c           ld r13,<<25>>0x004c(r15)
7607a:  59fc191a           mult rr12,<<25>>0x001a(r15)
7607e:  a9d0               inc r13,#1
76080:  a1d5               ld r5,r13
76082:  54f6191e           ldl rr6,<<25>>0x001e(r15)
76086:  5f00a1006f9e       call <<33>>0x6f9e
7608c:  6eff1906           ldb <<25>>0x0006(r15),rl7
76090:  4cf41906           testb <<25>>0x0006(r15)
76094:  ee01               jr nz,0x6098
76096:  e858               jr 0x6148
76098:  4df4191c           test <<25>>0x001c(r15)
7609c:  ee14               jr nz,0x60c6
7609e:  bd13               ldk r1,#3
760a0:  0b010000           cp r1,#0x0000
760a4:  e103               jr lt,0x60ac
760a6:  0b010003           cp r1,#0x0003
760aa:  e204               jr le,0x60b4
760ac:  bd2d               ldk r2,#13
760ae:  5f00840033f6       call <<4>>0x33f6
760b4:  8111               add r1,r1
760b6:  54fc191e           ldl rr12,<<25>>0x001e(r15)
760ba:  811d               add r13,r1
760bc:  0dc10001           cp @rr12,#0x0001
760c0:  ee02               jr nz,0x60c6
760c2:  c901               ldb rl1,#0x01
760c4:  e801               jr 0x60c8
760c6:  c900               ldb rl1,#0x00
760c8:  b110               extsb r1
760ca:  0b010000           cp r1,#0x0000
760ce:  e103               jr lt,0x60d6
760d0:  0b010001           cp r1,#0x0001
760d4:  e204               jr le,0x60de
760d6:  bd2e               ldk r2,#14
760d8:  5f00840033f6       call <<4>>0x33f6
760de:  6ef9194b           ldb <<25>>0x004b(r15),rl1
760e2:  4cf4194b           testb <<25>>0x004b(r15)
760e6:  e614               jr z,0x6110
760e8:  54f2191e           ldl rr2,<<25>>0x001e(r15)
760ec:  21010064           ld r1,#0x0064
760f0:  0b010000           cp r1,#0x0000
760f4:  e103               jr lt,0x60fc
760f6:  0b0100ff           cp r1,#0x00ff
760fa:  e205               jr le,0x6106
760fc:  21020010           ld r2,#0x0010
76100:  5f00840033f6       call <<4>>0x33f6
76106:  a114               ld r4,r1
76108:  5f00a1005da8       call <<33>>0x5da8
7610e:  e81c               jr 0x6148
76110:  61f21926           ld r2,<<25>>0x0026(r15)
76114:  54f41942           ldl rr4,<<25>>0x0042(r15)
76118:  54f61946           ldl rr6,<<25>>0x0046(r15)
7611c:  5f00a1005be0       call <<33>>0x5be0
76122:  6eff1906           ldb <<25>>0x0006(r15),rl7
76126:  4cf41906           testb <<25>>0x0006(r15)
7612a:  ee01               jr nz,0x612e
7612c:  e80d               jr 0x6148
7612e:  61f1194e           ld r1,<<25>>0x004e(r15)
76132:  6ff11918           ld <<25>>0x0018(r15),r1
76136:  69f0194c           inc <<25>>0x004c(r15),#1
7613a:  61f1194c           ld r1,<<25>>0x004c(r15)
7613e:  4bf1190a           cp r1,<<25>>0x000a(r15)
76142:  5e02a10056fc       jp le,<<33>>0x56fc
76148:  69f0194e           inc <<25>>0x004e(r15),#1
7614c:  4df1194e004c       cp <<25>>0x004e(r15),#0x004c
76152:  5e02a1005692       jp le,<<33>>0x5692
76158:  010f0050           add r15,#0x0050
7615c:  9e08               ret 
7615e:  030f0018           sub r15,#0x0018
76162:  0de5001c           ld @rr14,#0x001c
76166:  bd20               ldk r2,#0
76168:  bd36               ldk r3,#6
7616a:  760c84000184       lda rr12,<<4>>0x0184
76170:  21c1               ld r1,@rr12
76172:  a911               inc r1,#2
76174:  a114               ld r4,r1
76176:  5f00a100a59e       call <<33>>0xa59e
7617c:  760ca100b77c       lda rr12,<<33>>0xb77c
76182:  0dc1ffff           cp @rr12,#0xffff
76186:  ee60               jr nz,0x6248
76188:  34e20014           lda rr2,rr14(#0x0014)
7618c:  5f00a100a648       call <<33>>0xa648
76192:  6ff71912           ld <<25>>0x0012(r15),r7
76196:  4df119120001       cp <<25>>0x0012(r15),#0x0001
7619c:  e654               jr z,0x6246
7619e:  5f00a100a690       call <<33>>0xa690
761a4:  bd11               ldk r1,#1
761a6:  0b010000           cp r1,#0x0000
761aa:  e103               jr lt,0x61b2
761ac:  0b010003           cp r1,#0x0003
761b0:  e204               jr le,0x61ba
761b2:  bd2e               ldk r2,#14
761b4:  5f00840033f6       call <<4>>0x33f6
761ba:  760c84000166       lda rr12,<<4>>0x0166
761c0:  2ec9               ldb @rr12,rl1
761c2:  5f00840044de       call <<4>>0x44de
761c8:  7602840042f0       lda rr2,<<4>>0x42f0
761ce:  bd40               ldk r4,#0
761d0:  bd53               ldk r5,#3
761d2:  7606a100b01a       lda rr6,<<33>>0xb01a
761d8:  5f008400285a       call <<4>>0x285a
761de:  7602840042f0       lda rr2,<<4>>0x42f0
761e4:  2104ffff           ld r4,#0xffff
761e8:  bd5d               ldk r5,#13
761ea:  7606a100b00c       lda rr6,<<33>>0xb00c
761f0:  5f008400285a       call <<4>>0x285a
761f6:  7602840042f0       lda rr2,<<4>>0x42f0
761fc:  5f00840011f6       call <<4>>0x11f6
76202:  760c84000175       lda rr12,<<4>>0x0175
76208:  20c9               ldb rl1,@rr12
7620a:  8c18               clrb rh1
7620c:  0b010000           cp r1,#0x0000
76210:  e103               jr lt,0x6218
76212:  0b0100ff           cp r1,#0x00ff
76216:  e205               jr le,0x6222
76218:  21020010           ld r2,#0x0010
7621c:  5f00840033f6       call <<4>>0x33f6
76222:  a112               ld r2,r1
76224:  760ca0000114       lda rr12,<<32>>0x0114
7622a:  21c3               ld r3,@rr12
7622c:  760ca0000114       lda rr12,<<32>>0x0114
76232:  31c40002           ld r4,rr12(#0x0002)
76236:  210500e1           ld r5,#0x00e1
7623a:  210600fb           ld r6,#0x00fb
7623e:  5f00840044f2       call <<4>>0x44f2
76244:  e801               jr 0x6248
76246:  e89a               jr 0x617c
76248:  760ca100b77c       lda rr12,<<33>>0xb77c
7624e:  0dc1ffff           cp @rr12,#0xffff
76252:  e603               jr z,0x625a
76254:  5f00a100a690       call <<33>>0xa690
7625a:  010f0018           add r15,#0x0018
7625e:  9e08               ret 
76260:  030f0012           sub r15,#0x0012
76264:  0de50016           ld @rr14,#0x0016
76268:  5cf902051906       ldm <<25>>0x0006(r15),r2,#6
7626e:  7602840042f0       lda rr2,<<4>>0x42f0
76274:  bd40               ldk r4,#0
76276:  bd53               ldk r5,#3
76278:  7606a100b08e       lda rr6,<<33>>0xb08e
7627e:  5f008400285a       call <<4>>0x285a
76284:  7602840042f0       lda rr2,<<4>>0x42f0
7628a:  2104ffff           ld r4,#0xffff
7628e:  21050013           ld r5,#0x0013
76292:  7606a100b07a       lda rr6,<<33>>0xb07a
76298:  5f008400285a       call <<4>>0x285a
7629e:  7602840042f0       lda rr2,<<4>>0x42f0
762a4:  5f00840011f6       call <<4>>0x11f6
762aa:  7602840042f0       lda rr2,<<4>>0x42f0
762b0:  bd40               ldk r4,#0
762b2:  bd53               ldk r5,#3
762b4:  7606a100b076       lda rr6,<<33>>0xb076
762ba:  5f008400285a       call <<4>>0x285a
762c0:  7602840042f0       lda rr2,<<4>>0x42f0
762c6:  2104ffff           ld r4,#0xffff
762ca:  21050012           ld r5,#0x0012
762ce:  7606a100b064       lda rr6,<<33>>0xb064
762d4:  5f008400285a       call <<4>>0x285a
762da:  7602840042f0       lda rr2,<<4>>0x42f0
762e0:  bd41               ldk r4,#1
762e2:  61f51906           ld r5,<<25>>0x0006(r15)
762e6:  5f0084002814       call <<4>>0x2814
762ec:  7602840042f0       lda rr2,<<4>>0x42f0
762f2:  5f00840011f6       call <<4>>0x11f6
762f8:  7602840042f0       lda rr2,<<4>>0x42f0
762fe:  bd40               ldk r4,#0
76300:  bd53               ldk r5,#3
76302:  7606a100b060       lda rr6,<<33>>0xb060
76308:  5f008400285a       call <<4>>0x285a
7630e:  7602840042f0       lda rr2,<<4>>0x42f0
76314:  2104ffff           ld r4,#0xffff
76318:  21050011           ld r5,#0x0011
7631c:  7606a100b04e       lda rr6,<<33>>0xb04e
76322:  5f008400285a       call <<4>>0x285a
76328:  7602840042f0       lda rr2,<<4>>0x42f0
7632e:  bd41               ldk r4,#1
76330:  61f51908           ld r5,<<25>>0x0008(r15)
76334:  5f0084002814       call <<4>>0x2814
7633a:  7602840042f0       lda rr2,<<4>>0x42f0
76340:  5f00840011f6       call <<4>>0x11f6
76346:  4df1190affff       cp <<25>>0x000a(r15),#0xffff
7634c:  ee1f               jr nz,0x638c
7634e:  7602840042f0       lda rr2,<<4>>0x42f0
76354:  bd40               ldk r4,#0
76356:  bd53               ldk r5,#3
76358:  7606a100b04a       lda rr6,<<33>>0xb04a
7635e:  5f008400285a       call <<4>>0x285a
76364:  7602840042f0       lda rr2,<<4>>0x42f0
7636a:  2104ffff           ld r4,#0xffff
7636e:  21050015           ld r5,#0x0015
76372:  7606a100b034       lda rr6,<<33>>0xb034
76378:  5f008400285a       call <<4>>0x285a
7637e:  7602840042f0       lda rr2,<<4>>0x42f0
76384:  5f00840011f6       call <<4>>0x11f6
7638a:  e827               jr 0x63da
7638c:  7602840042f0       lda rr2,<<4>>0x42f0
76392:  bd40               ldk r4,#0
76394:  bd53               ldk r5,#3
76396:  7606a100b030       lda rr6,<<33>>0xb030
7639c:  5f008400285a       call <<4>>0x285a
763a2:  7602840042f0       lda rr2,<<4>>0x42f0
763a8:  2104ffff           ld r4,#0xffff
763ac:  21050012           ld r5,#0x0012
763b0:  7606a100b01e       lda rr6,<<33>>0xb01e
763b6:  5f008400285a       call <<4>>0x285a
763bc:  7602840042f0       lda rr2,<<4>>0x42f0
763c2:  bd41               ldk r4,#1
763c4:  61f5190a           ld r5,<<25>>0x000a(r15)
763c8:  5f0084002814       call <<4>>0x2814
763ce:  7602840042f0       lda rr2,<<4>>0x42f0
763d4:  5f00840011f6       call <<4>>0x11f6
763da:  010f0012           add r15,#0x0012
763de:  9e08               ret 
763e0:  030f0030           sub r15,#0x0030
763e4:  0de50034           ld @rr14,#0x0034
763e8:  5cf902051914       ldm <<25>>0x0014(r15),r2,#6
763ee:  54fc1918           ldl rr12,<<25>>0x0018(r15)
763f2:  5dfc192a           ldl <<25>>0x002a(r15),rr12
763f6:  54fc191c           ldl rr12,<<25>>0x001c(r15)
763fa:  5dfc1926           ldl <<25>>0x0026(r15),rr12
763fe:  bd10               ldk r1,#0
76400:  0b010000           cp r1,#0x0000
76404:  e103               jr lt,0x640c
76406:  0b010001           cp r1,#0x0001
7640a:  e204               jr le,0x6414
7640c:  bd2e               ldk r2,#14
7640e:  5f00840033f6       call <<4>>0x33f6
76414:  6ef9192e           ldb <<25>>0x002e(r15),rl1
76418:  61f11914           ld r1,<<25>>0x0014(r15)
7641c:  8d14               test r1
7641e:  ed02               jr pl,0x6424
76420:  8d12               neg r1
76422:  a51f               set r1,#15
76424:  b311ffff           srl r1,#1
76428:  a71e               bit r1,#14
7642a:  e602               jr z,0x6430
7642c:  a31e               res r1,#14
7642e:  8d12               neg r1
76430:  6ff11912           ld <<25>>0x0012(r15),r1
76434:  4df519240001       ld <<25>>0x0024(r15),#0x0001
7643a:  e83a               jr 0x64b0
7643c:  61f11924           ld r1,<<25>>0x0024(r15)
76440:  0b010001           cp r1,#0x0001
76444:  e103               jr lt,0x644c
76446:  0b011a00           cp r1,#0x1a00
7644a:  e204               jr le,0x6454
7644c:  bd2d               ldk r2,#13
7644e:  5f00840033f6       call <<4>>0x33f6
76454:  8111               add r1,r1
76456:  54fc192a           ldl rr12,<<25>>0x002a(r15)
7645a:  811d               add r13,r1
7645c:  61f11924           ld r1,<<25>>0x0024(r15)
76460:  0b010001           cp r1,#0x0001
76464:  e103               jr lt,0x646c
76466:  0b011a00           cp r1,#0x1a00
7646a:  e204               jr le,0x6474
7646c:  bd2d               ldk r2,#13
7646e:  5f00840033f6       call <<4>>0x33f6
76474:  8111               add r1,r1
76476:  54fa1926           ldl rr10,<<25>>0x0026(r15)
7647a:  811b               add r11,r1
7647c:  31c1fffe           ld r1,rr12(#0xfffe)
76480:  abb1               dec r11,#2
76482:  0ba1               cp r1,@rr10
76484:  ee03               jr nz,0x648c
76486:  4cf4192e           testb <<25>>0x002e(r15)
7648a:  e602               jr z,0x6490
7648c:  c901               ldb rl1,#0x01
7648e:  e801               jr 0x6492
76490:  c900               ldb rl1,#0x00
76492:  b110               extsb r1
76494:  0b010000           cp r1,#0x0000
76498:  e103               jr lt,0x64a0
7649a:  0b010001           cp r1,#0x0001
7649e:  e204               jr le,0x64a8
764a0:  bd2e               ldk r2,#14
764a2:  5f00840033f6       call <<4>>0x33f6
764a8:  6ef9192e           ldb <<25>>0x002e(r15),rl1
764ac:  69f01924           inc <<25>>0x0024(r15),#1
764b0:  61f11924           ld r1,<<25>>0x0024(r15)
764b4:  4bf11912           cp r1,<<25>>0x0012(r15)
764b8:  e2c1               jr le,0x643c
764ba:  4cf4192e           testb <<25>>0x002e(r15)
764be:  c900               ldb rl1,#0x00
764c0:  ae96               tccb z,rl1
764c2:  b110               extsb r1
764c4:  0b010000           cp r1,#0x0000
764c8:  e103               jr lt,0x64d0
764ca:  0b010001           cp r1,#0x0001
764ce:  e204               jr le,0x64d8
764d0:  bd2e               ldk r2,#14
764d2:  5f00840033f6       call <<4>>0x33f6
764d8:  6ef91920           ldb <<25>>0x0020(r15),rl1
764dc:  4cf4192e           testb <<25>>0x002e(r15)
764e0:  e65e               jr z,0x659e
764e2:  bd11               ldk r1,#1
764e4:  0b010000           cp r1,#0x0000
764e8:  e103               jr lt,0x64f0
764ea:  0b010003           cp r1,#0x0003
764ee:  e204               jr le,0x64f8
764f0:  bd2e               ldk r2,#14
764f2:  5f00840033f6       call <<4>>0x33f6
764f8:  760c84000166       lda rr12,<<4>>0x0166
764fe:  2ec9               ldb @rr12,rl1
76500:  5f00840044de       call <<4>>0x44de
76506:  7602840042f0       lda rr2,<<4>>0x42f0
7650c:  bd40               ldk r4,#0
7650e:  bd53               ldk r5,#3
76510:  7606a100b0b2       lda rr6,<<33>>0xb0b2
76516:  5f008400285a       call <<4>>0x285a
7651c:  7602840042f0       lda rr2,<<4>>0x42f0
76522:  2104ffff           ld r4,#0xffff
76526:  2105001f           ld r5,#0x001f
7652a:  7606a100b092       lda rr6,<<33>>0xb092
76530:  5f008400285a       call <<4>>0x285a
76536:  7602840042f0       lda rr2,<<4>>0x42f0
7653c:  5f00840011f6       call <<4>>0x11f6
76542:  760c84000175       lda rr12,<<4>>0x0175
76548:  20c9               ldb rl1,@rr12
7654a:  8c18               clrb rh1
7654c:  0b010000           cp r1,#0x0000
76550:  e103               jr lt,0x6558
76552:  0b0100ff           cp r1,#0x00ff
76556:  e205               jr le,0x6562
76558:  21020010           ld r2,#0x0010
7655c:  5f00840033f6       call <<4>>0x33f6
76562:  a112               ld r2,r1
76564:  760ca0000114       lda rr12,<<32>>0x0114
7656a:  21c3               ld r3,@rr12
7656c:  760ca0000114       lda rr12,<<32>>0x0114
76572:  31c40002           ld r4,rr12(#0x0002)
76576:  210500e1           ld r5,#0x00e1
7657a:  210600f4           ld r6,#0x00f4
7657e:  54fc1918           ldl rr12,<<25>>0x0018(r15)
76582:  5dfc1906           ldl <<25>>0x0006(r15),rr12
76586:  54fc191c           ldl rr12,<<25>>0x001c(r15)
7658a:  5dfc190a           ldl <<25>>0x000a(r15),rr12
7658e:  61fd1914           ld r13,<<25>>0x0014(r15)
76592:  b1ca               exts rr12
76594:  5dfc190e           ldl <<25>>0x000e(r15),rr12
76598:  5f0084004506       call <<4>>0x4506
7659e:  60ff1920           ldb rl7,<<25>>0x0020(r15)
765a2:  010f0030           add r15,#0x0030
765a6:  9e08               ret 
765a8:  030f0012           sub r15,#0x0012
765ac:  0de50016           ld @rr14,#0x0016
765b0:  5cf902051906       ldm <<25>>0x0006(r15),r2,#6
765b6:  bd11               ldk r1,#1
765b8:  0b010000           cp r1,#0x0000
765bc:  e103               jr lt,0x65c4
765be:  0b010003           cp r1,#0x0003
765c2:  e204               jr le,0x65cc
765c4:  bd2e               ldk r2,#14
765c6:  5f00840033f6       call <<4>>0x33f6
765cc:  760c84000166       lda rr12,<<4>>0x0166
765d2:  2ec9               ldb @rr12,rl1
765d4:  5f00840044de       call <<4>>0x44de
765da:  60f9190b           ldb rl1,<<25>>0x000b(r15)
765de:  8c18               clrb rh1
765e0:  0b010064           cp r1,#0x0064
765e4:  ee1f               jr nz,0x6624
765e6:  7602840042f0       lda rr2,<<4>>0x42f0
765ec:  bd40               ldk r4,#0
765ee:  bd53               ldk r5,#3
765f0:  7606a100b11c       lda rr6,<<33>>0xb11c
765f6:  5f008400285a       call <<4>>0x285a
765fc:  7602840042f0       lda rr2,<<4>>0x42f0
76602:  2104ffff           ld r4,#0xffff
76606:  21050025           ld r5,#0x0025
7660a:  7606a100b0f6       lda rr6,<<33>>0xb0f6
76610:  5f008400285a       call <<4>>0x285a
76616:  7602840042f0       lda rr2,<<4>>0x42f0
7661c:  5f00840011f6       call <<4>>0x11f6
76622:  e826               jr 0x6670
76624:  0b01006e           cp r1,#0x006e
76628:  ee1f               jr nz,0x6668
7662a:  7602840042f0       lda rr2,<<4>>0x42f0
76630:  bd40               ldk r4,#0
76632:  bd53               ldk r5,#3
76634:  7606a100b0f2       lda rr6,<<33>>0xb0f2
7663a:  5f008400285a       call <<4>>0x285a
76640:  7602840042f0       lda rr2,<<4>>0x42f0
76646:  2104ffff           ld r4,#0xffff
7664a:  21050024           ld r5,#0x0024
7664e:  7606a100b0ce       lda rr6,<<33>>0xb0ce
76654:  5f008400285a       call <<4>>0x285a
7665a:  7602840042f0       lda rr2,<<4>>0x42f0
76660:  5f00840011f6       call <<4>>0x11f6
76666:  e804               jr 0x6670
76668:  bd20               ldk r2,#0
7666a:  5f00840033f6       call <<4>>0x33f6
76670:  7602840042f0       lda rr2,<<4>>0x42f0
76676:  bd40               ldk r4,#0
76678:  bd53               ldk r5,#3
7667a:  7606a100b0ca       lda rr6,<<33>>0xb0ca
76680:  5f008400285a       call <<4>>0x285a
76686:  7602840042f0       lda rr2,<<4>>0x42f0
7668c:  2104ffff           ld r4,#0xffff
76690:  bd57               ldk r5,#7
76692:  7606a100b0c2       lda rr6,<<33>>0xb0c2
76698:  5f008400285a       call <<4>>0x285a
7669e:  7602840042f0       lda rr2,<<4>>0x42f0
766a4:  bd41               ldk r4,#1
766a6:  bd10               ldk r1,#0
766a8:  0b010000           cp r1,#0x0000
766ac:  e103               jr lt,0x66b4
766ae:  0b010003           cp r1,#0x0003
766b2:  e204               jr le,0x66bc
766b4:  bd2d               ldk r2,#13
766b6:  5f00840033f6       call <<4>>0x33f6
766bc:  8111               add r1,r1
766be:  54fc1906           ldl rr12,<<25>>0x0006(r15)
766c2:  811d               add r13,r1
766c4:  21c5               ld r5,@rr12
766c6:  5f0084002814       call <<4>>0x2814
766cc:  7602840042f0       lda rr2,<<4>>0x42f0
766d2:  2104ffff           ld r4,#0xffff
766d6:  bd5c               ldk r5,#12
766d8:  7606a100b0b6       lda rr6,<<33>>0xb0b6
766de:  5f008400285a       call <<4>>0x285a
766e4:  7602840042f0       lda rr2,<<4>>0x42f0
766ea:  bd41               ldk r4,#1
766ec:  bd11               ldk r1,#1
766ee:  0b010000           cp r1,#0x0000
766f2:  e103               jr lt,0x66fa
766f4:  0b010003           cp r1,#0x0003
766f8:  e204               jr le,0x6702
766fa:  bd2d               ldk r2,#13
766fc:  5f00840033f6       call <<4>>0x33f6
76702:  8111               add r1,r1
76704:  54fc1906           ldl rr12,<<25>>0x0006(r15)
76708:  811d               add r13,r1
7670a:  21c5               ld r5,@rr12
7670c:  5f0084002814       call <<4>>0x2814
76712:  7602840042f0       lda rr2,<<4>>0x42f0
76718:  5f00840011f6       call <<4>>0x11f6
7671e:  760c84000175       lda rr12,<<4>>0x0175
76724:  20c9               ldb rl1,@rr12
76726:  8c18               clrb rh1
76728:  0b010000           cp r1,#0x0000
7672c:  e103               jr lt,0x6734
7672e:  0b0100ff           cp r1,#0x00ff
76732:  e205               jr le,0x673e
76734:  21020010           ld r2,#0x0010
76738:  5f00840033f6       call <<4>>0x33f6
7673e:  a112               ld r2,r1
76740:  760ca0000114       lda rr12,<<32>>0x0114
76746:  21c3               ld r3,@rr12
76748:  760ca0000114       lda rr12,<<32>>0x0114
7674e:  31c40002           ld r4,rr12(#0x0002)
76752:  210500e1           ld r5,#0x00e1
76756:  bd68               ldk r6,#8
76758:  5f00840044f2       call <<4>>0x44f2
7675e:  010f0012           add r15,#0x0012
76762:  9e08               ret 
76764:  030f0018           sub r15,#0x0018
76768:  0de5001c           ld @rr14,#0x001c
7676c:  5cf902051906       ldm <<25>>0x0006(r15),r2,#6
76772:  bd10               ldk r1,#0
76774:  0b010000           cp r1,#0x0000
76778:  e103               jr lt,0x6780
7677a:  0b010001           cp r1,#0x0001
7677e:  e204               jr le,0x6788
76780:  bd2e               ldk r2,#14
76782:  5f00840033f6       call <<4>>0x33f6
76788:  6ef91912           ldb <<25>>0x0012(r15),rl1
7678c:  760c84000166       lda rr12,<<4>>0x0166
76792:  0cc10000           cpb @rr12,#0x00
76796:  5e0ea1006202       jp nz,<<33>>0x6202
7679c:  4df41906           test <<25>>0x0006(r15)
767a0:  ee10               jr nz,0x67c2
767a2:  bd11               ldk r1,#1
767a4:  0b010000           cp r1,#0x0000
767a8:  e103               jr lt,0x67b0
767aa:  0b010001           cp r1,#0x0001
767ae:  e204               jr le,0x67b8
767b0:  bd2e               ldk r2,#14
767b2:  5f00840033f6       call <<4>>0x33f6
767b8:  6ef91912           ldb <<25>>0x0012(r15),rl1
767bc:  5e08a1006202       jp <<33>>0x6202
767c2:  bd11               ldk r1,#1
767c4:  0b010000           cp r1,#0x0000
767c8:  e103               jr lt,0x67d0
767ca:  0b010003           cp r1,#0x0003
767ce:  e204               jr le,0x67d8
767d0:  bd2e               ldk r2,#14
767d2:  5f00840033f6       call <<4>>0x33f6
767d8:  760c84000166       lda rr12,<<4>>0x0166
767de:  2ec9               ldb @rr12,rl1
767e0:  5f00840044de       call <<4>>0x44de
767e6:  61f11906           ld r1,<<25>>0x0006(r15)
767ea:  0b010001           cp r1,#0x0001
767ee:  ee24               jr nz,0x6838
767f0:  7602840042f0       lda rr2,<<4>>0x42f0
767f6:  bd40               ldk r4,#0
767f8:  bd53               ldk r5,#3
767fa:  7606a100b1b0       lda rr6,<<33>>0xb1b0
76800:  5f008400285a       call <<4>>0x285a
76806:  7602840042f0       lda rr2,<<4>>0x42f0
7680c:  2104ffff           ld r4,#0xffff
76810:  21050010           ld r5,#0x0010
76814:  7606a100b1a0       lda rr6,<<33>>0xb1a0
7681a:  5f008400285a       call <<4>>0x285a
76820:  7602840042f0       lda rr2,<<4>>0x42f0
76826:  5f00840011f6       call <<4>>0x11f6
7682c:  4df5191600ff       ld <<25>>0x0016(r15),#0x00ff
76832:  5e08a10061a2       jp <<33>>0x61a2
76838:  0b010002           cp r1,#0x0002
7683c:  ee23               jr nz,0x6884
7683e:  7602840042f0       lda rr2,<<4>>0x42f0
76844:  bd40               ldk r4,#0
76846:  bd53               ldk r5,#3
76848:  7606a100b19c       lda rr6,<<33>>0xb19c
7684e:  5f008400285a       call <<4>>0x285a
76854:  7602840042f0       lda rr2,<<4>>0x42f0
7685a:  2104ffff           ld r4,#0xffff
7685e:  bd5f               ldk r5,#15
76860:  7606a100b18c       lda rr6,<<33>>0xb18c
76866:  5f008400285a       call <<4>>0x285a
7686c:  7602840042f0       lda rr2,<<4>>0x42f0
76872:  5f00840011f6       call <<4>>0x11f6
76878:  4df5191600fc       ld <<25>>0x0016(r15),#0x00fc
7687e:  5e08a10061a2       jp <<33>>0x61a2
76884:  0b010003           cp r1,#0x0003
76888:  ee21               jr nz,0x68cc
7688a:  7602840042f0       lda rr2,<<4>>0x42f0
76890:  bd40               ldk r4,#0
76892:  bd53               ldk r5,#3
76894:  7606a100b188       lda rr6,<<33>>0xb188
7689a:  5f008400285a       call <<4>>0x285a
768a0:  7602840042f0       lda rr2,<<4>>0x42f0
768a6:  2104ffff           ld r4,#0xffff
768aa:  bd5d               ldk r5,#13
768ac:  7606a100b17a       lda rr6,<<33>>0xb17a
768b2:  5f008400285a       call <<4>>0x285a
768b8:  7602840042f0       lda rr2,<<4>>0x42f0
768be:  5f00840011f6       call <<4>>0x11f6
768c4:  4df5191600fc       ld <<25>>0x0016(r15),#0x00fc
768ca:  e86b               jr 0x69a2
768cc:  0b010004           cp r1,#0x0004
768d0:  ee22               jr nz,0x6916
768d2:  7602840042f0       lda rr2,<<4>>0x42f0
768d8:  bd40               ldk r4,#0
768da:  bd53               ldk r5,#3
768dc:  7606a100b176       lda rr6,<<33>>0xb176
768e2:  5f008400285a       call <<4>>0x285a
768e8:  7602840042f0       lda rr2,<<4>>0x42f0
768ee:  2104ffff           ld r4,#0xffff
768f2:  21050021           ld r5,#0x0021
768f6:  7606a100b154       lda rr6,<<33>>0xb154
768fc:  5f008400285a       call <<4>>0x285a
76902:  7602840042f0       lda rr2,<<4>>0x42f0
76908:  5f00840011f6       call <<4>>0x11f6
7690e:  4df5191600fc       ld <<25>>0x0016(r15),#0x00fc
76914:  e846               jr 0x69a2
76916:  0b010033           cp r1,#0x0033
7691a:  ee22               jr nz,0x6960
7691c:  7602840042f0       lda rr2,<<4>>0x42f0
76922:  bd40               ldk r4,#0
76924:  bd53               ldk r5,#3
76926:  7606a100b150       lda rr6,<<33>>0xb150
7692c:  5f008400285a       call <<4>>0x285a
76932:  7602840042f0       lda rr2,<<4>>0x42f0
76938:  2104ffff           ld r4,#0xffff
7693c:  2105001a           ld r5,#0x001a
76940:  7606a100b136       lda rr6,<<33>>0xb136
76946:  5f008400285a       call <<4>>0x285a
7694c:  7602840042f0       lda rr2,<<4>>0x42f0
76952:  5f00840011f6       call <<4>>0x11f6
76958:  4df519160006       ld <<25>>0x0016(r15),#0x0006
7695e:  e821               jr 0x69a2
76960:  7602840042f0       lda rr2,<<4>>0x42f0
76966:  bd40               ldk r4,#0
76968:  bd53               ldk r5,#3
7696a:  7606a100b132       lda rr6,<<33>>0xb132
76970:  5f008400285a       call <<4>>0x285a
76976:  7602840042f0       lda rr2,<<4>>0x42f0
7697c:  2104ffff           ld r4,#0xffff
76980:  21050012           ld r5,#0x0012
76984:  7606a100b120       lda rr6,<<33>>0xb120
7698a:  5f008400285a       call <<4>>0x285a
76990:  7602840042f0       lda rr2,<<4>>0x42f0
76996:  5f00840011f6       call <<4>>0x11f6
7699c:  4df5191600fc       ld <<25>>0x0016(r15),#0x00fc
769a2:  760c84000175       lda rr12,<<4>>0x0175
769a8:  20c9               ldb rl1,@rr12
769aa:  8c18               clrb rh1
769ac:  0b010000           cp r1,#0x0000
769b0:  e103               jr lt,0x69b8
769b2:  0b0100ff           cp r1,#0x00ff
769b6:  e205               jr le,0x69c2
769b8:  21020010           ld r2,#0x0010
769bc:  5f00840033f6       call <<4>>0x33f6
769c2:  a112               ld r2,r1
769c4:  760ca0000114       lda rr12,<<32>>0x0114
769ca:  21c3               ld r3,@rr12
769cc:  760ca0000114       lda rr12,<<32>>0x0114
769d2:  31c40002           ld r4,rr12(#0x0002)
769d6:  210500e1           ld r5,#0x00e1
769da:  61f61916           ld r6,<<25>>0x0016(r15)
769de:  5f00840044f2       call <<4>>0x44f2
769e4:  4df1191600fc       cp <<25>>0x0016(r15),#0x00fc
769ea:  ee0b               jr nz,0x6a02
769ec:  760ca100bf8e       lda rr12,<<33>>0xbf8e
769f2:  21c2               ld r2,@rr12
769f4:  760c84000184       lda rr12,<<4>>0x0184
769fa:  21c3               ld r3,@rr12
769fc:  5f00a1001634       call <<33>>0x1634
76a02:  60ff1912           ldb rl7,<<25>>0x0012(r15)
76a06:  010f0018           add r15,#0x0018
76a0a:  9e08               ret 
76a0c:  030f0018           sub r15,#0x0018
76a10:  0de5001c           ld @rr14,#0x001c
76a14:  5cf902051906       ldm <<25>>0x0006(r15),r2,#6
76a1a:  bd10               ldk r1,#0
76a1c:  0b010000           cp r1,#0x0000
76a20:  e103               jr lt,0x6a28
76a22:  0b010001           cp r1,#0x0001
76a26:  e204               jr le,0x6a30
76a28:  bd2e               ldk r2,#14
76a2a:  5f00840033f6       call <<4>>0x33f6
76a30:  6ef91912           ldb <<25>>0x0012(r15),rl1
76a34:  760c84000166       lda rr12,<<4>>0x0166
76a3a:  0cc10000           cpb @rr12,#0x00
76a3e:  5e0ea10067d8       jp nz,<<33>>0x67d8
76a44:  4df41906           test <<25>>0x0006(r15)
76a48:  ee10               jr nz,0x6a6a
76a4a:  bd11               ldk r1,#1
76a4c:  0b010000           cp r1,#0x0000
76a50:  e103               jr lt,0x6a58
76a52:  0b010001           cp r1,#0x0001
76a56:  e204               jr le,0x6a60
76a58:  bd2e               ldk r2,#14
76a5a:  5f00840033f6       call <<4>>0x33f6
76a60:  6ef91912           ldb <<25>>0x0012(r15),rl1
76a64:  5e08a10067d8       jp <<33>>0x67d8
76a6a:  bd11               ldk r1,#1
76a6c:  0b010000           cp r1,#0x0000
76a70:  e103               jr lt,0x6a78
76a72:  0b010003           cp r1,#0x0003
76a76:  e204               jr le,0x6a80
76a78:  bd2e               ldk r2,#14
76a7a:  5f00840033f6       call <<4>>0x33f6
76a80:  760c84000166       lda rr12,<<4>>0x0166
76a86:  2ec9               ldb @rr12,rl1
76a88:  5f00840044de       call <<4>>0x44de
76a8e:  61f11906           ld r1,<<25>>0x0006(r15)
76a92:  0101ffe5           add r1,#0xffe5
76a96:  5e01a1006736       jp lt,<<33>>0x6736
76a9c:  0b010017           cp r1,#0x0017
76aa0:  5e0aa1006736       jp gt,<<33>>0x6736
76aa6:  8111               add r1,r1
76aa8:  6111a100b1b4       ld r1,<<33>>0xb1b4(r1)
76aae:  5e18a100595e       jp <<33>>0x595e(r1)
76ab4:  5e08a1006736       jp <<33>>0x6736
76aba:  7602840042f0       lda rr2,<<4>>0x42f0
76ac0:  bd40               ldk r4,#0
76ac2:  bd53               ldk r5,#3
76ac4:  7606a100b3ba       lda rr6,<<33>>0xb3ba
76aca:  5f008400285a       call <<4>>0x285a
76ad0:  7602840042f0       lda rr2,<<4>>0x42f0
76ad6:  2104ffff           ld r4,#0xffff
76ada:  bd5c               ldk r5,#12
76adc:  7606a100b3ae       lda rr6,<<33>>0xb3ae
76ae2:  5f008400285a       call <<4>>0x285a
76ae8:  7602840042f0       lda rr2,<<4>>0x42f0
76aee:  5f00840011f6       call <<4>>0x11f6
76af4:  4df519160001       ld <<25>>0x0016(r15),#0x0001
76afa:  5e08a1006778       jp <<33>>0x6778
76b00:  7602840042f0       lda rr2,<<4>>0x42f0
76b06:  bd40               ldk r4,#0
76b08:  bd53               ldk r5,#3
76b0a:  7606a100b3aa       lda rr6,<<33>>0xb3aa
76b10:  5f008400285a       call <<4>>0x285a
76b16:  7602840042f0       lda rr2,<<4>>0x42f0
76b1c:  2104ffff           ld r4,#0xffff
76b20:  bd5c               ldk r5,#12
76b22:  7606a100b39e       lda rr6,<<33>>0xb39e
76b28:  5f008400285a       call <<4>>0x285a
76b2e:  7602840042f0       lda rr2,<<4>>0x42f0
76b34:  5f00840011f6       call <<4>>0x11f6
76b3a:  7602840042f0       lda rr2,<<4>>0x42f0
76b40:  bd40               ldk r4,#0
76b42:  bd53               ldk r5,#3
76b44:  7606a100b39a       lda rr6,<<33>>0xb39a
76b4a:  5f008400285a       call <<4>>0x285a
76b50:  7602840042f0       lda rr2,<<4>>0x42f0
76b56:  2104ffff           ld r4,#0xffff
76b5a:  21050011           ld r5,#0x0011
76b5e:  7606a100b388       lda rr6,<<33>>0xb388
76b64:  5f008400285a       call <<4>>0x285a
76b6a:  7602840042f0       lda rr2,<<4>>0x42f0
76b70:  5f00840011f6       call <<4>>0x11f6
76b76:  4df519160001       ld <<25>>0x0016(r15),#0x0001
76b7c:  5e08a1006778       jp <<33>>0x6778
76b82:  7602840042f0       lda rr2,<<4>>0x42f0
76b88:  bd40               ldk r4,#0
76b8a:  bd53               ldk r5,#3
76b8c:  7606a100b384       lda rr6,<<33>>0xb384
76b92:  5f008400285a       call <<4>>0x285a
76b98:  7602840042f0       lda rr2,<<4>>0x42f0
76b9e:  2104ffff           ld r4,#0xffff
76ba2:  21050015           ld r5,#0x0015
76ba6:  7606a100b36e       lda rr6,<<33>>0xb36e
76bac:  5f008400285a       call <<4>>0x285a
76bb2:  7602840042f0       lda rr2,<<4>>0x42f0
76bb8:  5f00840011f6       call <<4>>0x11f6
76bbe:  7602840042f0       lda rr2,<<4>>0x42f0
76bc4:  bd40               ldk r4,#0
76bc6:  bd53               ldk r5,#3
76bc8:  7606a100b36a       lda rr6,<<33>>0xb36a
76bce:  5f008400285a       call <<4>>0x285a
76bd4:  7602840042f0       lda rr2,<<4>>0x42f0
76bda:  2104ffff           ld r4,#0xffff
76bde:  21050011           ld r5,#0x0011
76be2:  7606a100b358       lda rr6,<<33>>0xb358
76be8:  5f008400285a       call <<4>>0x285a
76bee:  7602840042f0       lda rr2,<<4>>0x42f0
76bf4:  5f00840011f6       call <<4>>0x11f6
76bfa:  4df519160002       ld <<25>>0x0016(r15),#0x0002
76c00:  5e08a1006778       jp <<33>>0x6778
76c06:  7602840042f0       lda rr2,<<4>>0x42f0
76c0c:  bd40               ldk r4,#0
76c0e:  bd53               ldk r5,#3
76c10:  7606a100b354       lda rr6,<<33>>0xb354
76c16:  5f008400285a       call <<4>>0x285a
76c1c:  7602840042f0       lda rr2,<<4>>0x42f0
76c22:  2104ffff           ld r4,#0xffff
76c26:  21050015           ld r5,#0x0015
76c2a:  7606a100b33e       lda rr6,<<33>>0xb33e
76c30:  5f008400285a       call <<4>>0x285a
76c36:  7602840042f0       lda rr2,<<4>>0x42f0
76c3c:  5f00840011f6       call <<4>>0x11f6
76c42:  7602840042f0       lda rr2,<<4>>0x42f0
76c48:  bd40               ldk r4,#0
76c4a:  bd53               ldk r5,#3
76c4c:  7606a100b33a       lda rr6,<<33>>0xb33a
76c52:  5f008400285a       call <<4>>0x285a
76c58:  7602840042f0       lda rr2,<<4>>0x42f0
76c5e:  2104ffff           ld r4,#0xffff
76c62:  21050011           ld r5,#0x0011
76c66:  7606a100b328       lda rr6,<<33>>0xb328
76c6c:  5f008400285a       call <<4>>0x285a
76c72:  7602840042f0       lda rr2,<<4>>0x42f0
76c78:  5f00840011f6       call <<4>>0x11f6
76c7e:  4df519160002       ld <<25>>0x0016(r15),#0x0002
76c84:  5e08a1006778       jp <<33>>0x6778
76c8a:  7602840042f0       lda rr2,<<4>>0x42f0
76c90:  bd40               ldk r4,#0
76c92:  bd53               ldk r5,#3
76c94:  7606a100b324       lda rr6,<<33>>0xb324
76c9a:  5f008400285a       call <<4>>0x285a
76ca0:  7602840042f0       lda rr2,<<4>>0x42f0
76ca6:  2104ffff           ld r4,#0xffff
76caa:  21050015           ld r5,#0x0015
76cae:  7606a100b30e       lda rr6,<<33>>0xb30e
76cb4:  5f008400285a       call <<4>>0x285a
76cba:  7602840042f0       lda rr2,<<4>>0x42f0
76cc0:  5f00840011f6       call <<4>>0x11f6
76cc6:  7602840042f0       lda rr2,<<4>>0x42f0
76ccc:  bd40               ldk r4,#0
76cce:  bd53               ldk r5,#3
76cd0:  7606a100b30a       lda rr6,<<33>>0xb30a
76cd6:  5f008400285a       call <<4>>0x285a
76cdc:  7602840042f0       lda rr2,<<4>>0x42f0
76ce2:  2104ffff           ld r4,#0xffff
76ce6:  21050018           ld r5,#0x0018
76cea:  7606a100b2f2       lda rr6,<<33>>0xb2f2
76cf0:  5f008400285a       call <<4>>0x285a
76cf6:  7602840042f0       lda rr2,<<4>>0x42f0
76cfc:  5f00840011f6       call <<4>>0x11f6
76d02:  4df519160002       ld <<25>>0x0016(r15),#0x0002
76d08:  5e08a1006778       jp <<33>>0x6778
76d0e:  7602840042f0       lda rr2,<<4>>0x42f0
76d14:  bd40               ldk r4,#0
76d16:  bd53               ldk r5,#3
76d18:  7606a100b2ee       lda rr6,<<33>>0xb2ee
76d1e:  5f008400285a       call <<4>>0x285a
76d24:  7602840042f0       lda rr2,<<4>>0x42f0
76d2a:  2104ffff           ld r4,#0xffff
76d2e:  21050015           ld r5,#0x0015
76d32:  7606a100b2d8       lda rr6,<<33>>0xb2d8
76d38:  5f008400285a       call <<4>>0x285a
76d3e:  7602840042f0       lda rr2,<<4>>0x42f0
76d44:  5f00840011f6       call <<4>>0x11f6
76d4a:  7602840042f0       lda rr2,<<4>>0x42f0
76d50:  bd40               ldk r4,#0
76d52:  bd53               ldk r5,#3
76d54:  7606a100b2d4       lda rr6,<<33>>0xb2d4
76d5a:  5f008400285a       call <<4>>0x285a
76d60:  7602840042f0       lda rr2,<<4>>0x42f0
76d66:  2104ffff           ld r4,#0xffff
76d6a:  21050016           ld r5,#0x0016
76d6e:  7606a100b2be       lda rr6,<<33>>0xb2be
76d74:  5f008400285a       call <<4>>0x285a
76d7a:  7602840042f0       lda rr2,<<4>>0x42f0
76d80:  5f00840011f6       call <<4>>0x11f6
76d86:  4df519160002       ld <<25>>0x0016(r15),#0x0002
76d8c:  5e08a1006778       jp <<33>>0x6778
76d92:  7602840042f0       lda rr2,<<4>>0x42f0
76d98:  bd40               ldk r4,#0
76d9a:  bd53               ldk r5,#3
76d9c:  7606a100b2ba       lda rr6,<<33>>0xb2ba
76da2:  5f008400285a       call <<4>>0x285a
76da8:  7602840042f0       lda rr2,<<4>>0x42f0
76dae:  2104ffff           ld r4,#0xffff
76db2:  21050015           ld r5,#0x0015
76db6:  7606a100b2a4       lda rr6,<<33>>0xb2a4
76dbc:  5f008400285a       call <<4>>0x285a
76dc2:  7602840042f0       lda rr2,<<4>>0x42f0
76dc8:  5f00840011f6       call <<4>>0x11f6
76dce:  4df519160002       ld <<25>>0x0016(r15),#0x0002
76dd4:  5e08a1006778       jp <<33>>0x6778
76dda:  7602840042f0       lda rr2,<<4>>0x42f0
76de0:  bd40               ldk r4,#0
76de2:  bd53               ldk r5,#3
76de4:  7606a100b2a0       lda rr6,<<33>>0xb2a0
76dea:  5f008400285a       call <<4>>0x285a
76df0:  7602840042f0       lda rr2,<<4>>0x42f0
76df6:  2104ffff           ld r4,#0xffff
76dfa:  21050021           ld r5,#0x0021
76dfe:  7606a100b27e       lda rr6,<<33>>0xb27e
76e04:  5f008400285a       call <<4>>0x285a
76e0a:  7602840042f0       lda rr2,<<4>>0x42f0
76e10:  5f00840011f6       call <<4>>0x11f6
76e16:  4df519160003       ld <<25>>0x0016(r15),#0x0003
76e1c:  5e08a1006778       jp <<33>>0x6778
76e22:  7602840042f0       lda rr2,<<4>>0x42f0
76e28:  bd40               ldk r4,#0
76e2a:  bd53               ldk r5,#3
76e2c:  7606a100b27a       lda rr6,<<33>>0xb27a
76e32:  5f008400285a       call <<4>>0x285a
76e38:  7602840042f0       lda rr2,<<4>>0x42f0
76e3e:  2104ffff           ld r4,#0xffff
76e42:  2105001e           ld r5,#0x001e
76e46:  7606a100b25c       lda rr6,<<33>>0xb25c
76e4c:  5f008400285a       call <<4>>0x285a
76e52:  7602840042f0       lda rr2,<<4>>0x42f0
76e58:  5f00840011f6       call <<4>>0x11f6
76e5e:  4df519160003       ld <<25>>0x0016(r15),#0x0003
76e64:  5e08a1006778       jp <<33>>0x6778
76e6a:  7602840042f0       lda rr2,<<4>>0x42f0
76e70:  bd40               ldk r4,#0
76e72:  bd53               ldk r5,#3
76e74:  7606a100b258       lda rr6,<<33>>0xb258
76e7a:  5f008400285a       call <<4>>0x285a
76e80:  7602840042f0       lda rr2,<<4>>0x42f0
76e86:  2104ffff           ld r4,#0xffff
76e8a:  2105001c           ld r5,#0x001c
76e8e:  7606a100b23c       lda rr6,<<33>>0xb23c
76e94:  5f008400285a       call <<4>>0x285a
76e9a:  7602840042f0       lda rr2,<<4>>0x42f0
76ea0:  5f00840011f6       call <<4>>0x11f6
76ea6:  4df519160003       ld <<25>>0x0016(r15),#0x0003
76eac:  e865               jr 0x6f78
76eae:  7602840042f0       lda rr2,<<4>>0x42f0
76eb4:  bd40               ldk r4,#0
76eb6:  bd53               ldk r5,#3
76eb8:  7606a100b238       lda rr6,<<33>>0xb238
76ebe:  5f008400285a       call <<4>>0x285a
76ec4:  7602840042f0       lda rr2,<<4>>0x42f0
76eca:  2104ffff           ld r4,#0xffff
76ece:  2105001b           ld r5,#0x001b
76ed2:  7606a100b21c       lda rr6,<<33>>0xb21c
76ed8:  5f008400285a       call <<4>>0x285a
76ede:  7602840042f0       lda rr2,<<4>>0x42f0
76ee4:  5f00840011f6       call <<4>>0x11f6
76eea:  4df519160003       ld <<25>>0x0016(r15),#0x0003
76ef0:  e843               jr 0x6f78
76ef2:  7602840042f0       lda rr2,<<4>>0x42f0
76ef8:  bd40               ldk r4,#0
76efa:  bd53               ldk r5,#3
76efc:  7606a100b218       lda rr6,<<33>>0xb218
76f02:  5f008400285a       call <<4>>0x285a
76f08:  7602840042f0       lda rr2,<<4>>0x42f0
76f0e:  2104ffff           ld r4,#0xffff
76f12:  2105001d           ld r5,#0x001d
76f16:  7606a100b1fa       lda rr6,<<33>>0xb1fa
76f1c:  5f008400285a       call <<4>>0x285a
76f22:  7602840042f0       lda rr2,<<4>>0x42f0
76f28:  5f00840011f6       call <<4>>0x11f6
76f2e:  4df519160003       ld <<25>>0x0016(r15),#0x0003
76f34:  e821               jr 0x6f78
76f36:  7602840042f0       lda rr2,<<4>>0x42f0
76f3c:  bd40               ldk r4,#0
76f3e:  bd53               ldk r5,#3
76f40:  7606a100b1f6       lda rr6,<<33>>0xb1f6
76f46:  5f008400285a       call <<4>>0x285a
76f4c:  7602840042f0       lda rr2,<<4>>0x42f0
76f52:  2104ffff           ld r4,#0xffff
76f56:  21050012           ld r5,#0x0012
76f5a:  7606a100b1e4       lda rr6,<<33>>0xb1e4
76f60:  5f008400285a       call <<4>>0x285a
76f66:  7602840042f0       lda rr2,<<4>>0x42f0
76f6c:  5f00840011f6       call <<4>>0x11f6
76f72:  4df5191600fc       ld <<25>>0x0016(r15),#0x00fc
76f78:  760c84000175       lda rr12,<<4>>0x0175
76f7e:  20c9               ldb rl1,@rr12
76f80:  8c18               clrb rh1
76f82:  0b010000           cp r1,#0x0000
76f86:  e103               jr lt,0x6f8e
76f88:  0b0100ff           cp r1,#0x00ff
76f8c:  e205               jr le,0x6f98
76f8e:  21020010           ld r2,#0x0010
76f92:  5f00840033f6       call <<4>>0x33f6
76f98:  a112               ld r2,r1
76f9a:  760ca0000114       lda rr12,<<32>>0x0114
76fa0:  21c3               ld r3,@rr12
76fa2:  760ca0000114       lda rr12,<<32>>0x0114
76fa8:  31c40002           ld r4,rr12(#0x0002)
76fac:  210500e1           ld r5,#0x00e1
76fb0:  61f61916           ld r6,<<25>>0x0016(r15)
76fb4:  5f00840044f2       call <<4>>0x44f2
76fba:  4df1191600fc       cp <<25>>0x0016(r15),#0x00fc
76fc0:  ee0b               jr nz,0x6fd8
76fc2:  760ca100bf8e       lda rr12,<<33>>0xbf8e
76fc8:  21c2               ld r2,@rr12
76fca:  760c84000184       lda rr12,<<4>>0x0184
76fd0:  21c3               ld r3,@rr12
76fd2:  5f00a1001634       call <<33>>0x1634
76fd8:  60ff1912           ldb rl7,<<25>>0x0012(r15)
76fdc:  010f0018           add r15,#0x0018
76fe0:  9e08               ret 
76fe2:  030f0012           sub r15,#0x0012
76fe6:  0de50016           ld @rr14,#0x0016
76fea:  bd11               ldk r1,#1
76fec:  0b010000           cp r1,#0x0000
76ff0:  e103               jr lt,0x6ff8
76ff2:  0b010001           cp r1,#0x0001
76ff6:  e204               jr le,0x7000
76ff8:  bd2e               ldk r2,#14
76ffa:  5f00840033f6       call <<4>>0x33f6
77000:  54fc1918           ldl rr12,<<25>>0x0018(r15)
77004:  010dffe0           add r13,#0xffe0
77008:  6ed91918           ldb <<25>>0x0018(r13),rl1
7700c:  7602840042f0       lda rr2,<<4>>0x42f0
77012:  bd40               ldk r4,#0
77014:  bd53               ldk r5,#3
77016:  7606a100b3d6       lda rr6,<<33>>0xb3d6
7701c:  5f008400285a       call <<4>>0x285a
77022:  7602840042f0       lda rr2,<<4>>0x42f0
77028:  2104ffff           ld r4,#0xffff
7702c:  21050017           ld r5,#0x0017
77030:  7606a100b3be       lda rr6,<<33>>0xb3be
77036:  5f008400285a       call <<4>>0x285a
7703c:  7602840042f0       lda rr2,<<4>>0x42f0
77042:  bd41               ldk r4,#1
77044:  54fc1918           ldl rr12,<<25>>0x0018(r15)
77048:  010dffe0           add r13,#0xffe0
7704c:  61d51914           ld r5,<<25>>0x0014(r13)
77050:  5f0084002814       call <<4>>0x2814
77056:  7602840042f0       lda rr2,<<4>>0x42f0
7705c:  5f00840011f6       call <<4>>0x11f6
77062:  010f0012           add r15,#0x0012
77066:  9e08               ret 
77068:  030f001a           sub r15,#0x001a
7706c:  0de5001e           ld @rr14,#0x001e
77070:  5cf902051906       ldm <<25>>0x0006(r15),r2,#6
77076:  bd10               ldk r1,#0
77078:  0b010000           cp r1,#0x0000
7707c:  e103               jr lt,0x7084
7707e:  0b010001           cp r1,#0x0001
77082:  e204               jr le,0x708c
77084:  bd2e               ldk r2,#14
77086:  5f00840033f6       call <<4>>0x33f6
7708c:  6ef91918           ldb <<25>>0x0018(r15),rl1
77090:  4df81916           clr <<25>>0x0016(r15)
77094:  5e08a1006ad2       jp <<33>>0x6ad2
7709a:  61f11916           ld r1,<<25>>0x0016(r15)
7709e:  0b010000           cp r1,#0x0000
770a2:  e103               jr lt,0x70aa
770a4:  0b010003           cp r1,#0x0003
770a8:  e204               jr le,0x70b2
770aa:  bd2d               ldk r2,#13
770ac:  5f00840033f6       call <<4>>0x33f6
770b2:  8111               add r1,r1
770b4:  54fc1906           ldl rr12,<<25>>0x0006(r15)
770b8:  811d               add r13,r1
770ba:  21c1               ld r1,@rr12
770bc:  0701000f           and r1,#0x000f
770c0:  6ff11912           ld <<25>>0x0012(r15),r1
770c4:  61f11912           ld r1,<<25>>0x0012(r15)
770c8:  07010003           and r1,#0x0003
770cc:  6ff11914           ld <<25>>0x0014(r15),r1
770d0:  4df41914           test <<25>>0x0014(r15)
770d4:  ee03               jr nz,0x70dc
770d6:  4df519140004       ld <<25>>0x0014(r15),#0x0004
770dc:  61f11912           ld r1,<<25>>0x0012(r15)
770e0:  8d14               test r1
770e2:  ed02               jr pl,0x70e8
770e4:  8d12               neg r1
770e6:  a51f               set r1,#15
770e8:  b311fffd           srl r1,#3
770ec:  a71c               bit r1,#12
770ee:  e602               jr z,0x70f4
770f0:  a31c               res r1,#12
770f2:  8d12               neg r1
770f4:  b3190003           sla r1,#3
770f8:  41f11914           add r1,<<25>>0x0014(r15)
770fc:  6ff11912           ld <<25>>0x0012(r15),r1
77100:  61f11914           ld r1,<<25>>0x0014(r15)
77104:  ab10               dec r1,#1
77106:  e10a               jr lt,0x711c
77108:  0b01000b           cp r1,#0x000b
7710c:  ea07               jr gt,0x711c
7710e:  8111               add r1,r1
77110:  6111a100b3da       ld r1,<<33>>0xb3da(r1)
77116:  5e18a100595e       jp <<33>>0x595e(r1)
7711c:  bd20               ldk r2,#0
7711e:  5f00840033f6       call <<4>>0x33f6
77124:  bd11               ldk r1,#1
77126:  0b010001           cp r1,#0x0001
7712a:  e103               jr lt,0x7132
7712c:  0b010004           cp r1,#0x0004
77130:  e204               jr le,0x713a
77132:  bd2d               ldk r2,#13
77134:  5f00840033f6       call <<4>>0x33f6
7713a:  760ca100bf84       lda rr12,<<33>>0xbf84
77140:  811d               add r13,r1
77142:  abd0               dec r13,#1
77144:  0cc4               testb @rr12
77146:  ee07               jr nz,0x7156
77148:  34ec0020           lda rr12,rr14(#0x0020)
7714c:  5dfc1902           ldl <<25>>0x0002(r15),rr12
77150:  5f00a10067e2       call <<33>>0x67e2
77156:  5e08a1006ace       jp <<33>>0x6ace
7715c:  bd12               ldk r1,#2
7715e:  0b010001           cp r1,#0x0001
77162:  e103               jr lt,0x716a
77164:  0b010004           cp r1,#0x0004
77168:  e204               jr le,0x7172
7716a:  bd2d               ldk r2,#13
7716c:  5f00840033f6       call <<4>>0x33f6
77172:  760ca100bf84       lda rr12,<<33>>0xbf84
77178:  811d               add r13,r1
7717a:  abd0               dec r13,#1
7717c:  0cc4               testb @rr12
7717e:  ee07               jr nz,0x718e
77180:  34ec0020           lda rr12,rr14(#0x0020)
77184:  5dfc1902           ldl <<25>>0x0002(r15),rr12
77188:  5f00a10067e2       call <<33>>0x67e2
7718e:  5e08a1006ace       jp <<33>>0x6ace
77194:  bd13               ldk r1,#3
77196:  0b010001           cp r1,#0x0001
7719a:  e103               jr lt,0x71a2
7719c:  0b010004           cp r1,#0x0004
771a0:  e204               jr le,0x71aa
771a2:  bd2d               ldk r2,#13
771a4:  5f00840033f6       call <<4>>0x33f6
771aa:  760ca100bf84       lda rr12,<<33>>0xbf84
771b0:  811d               add r13,r1
771b2:  abd0               dec r13,#1
771b4:  0cc4               testb @rr12
771b6:  ee07               jr nz,0x71c6
771b8:  34ec0020           lda rr12,rr14(#0x0020)
771bc:  5dfc1902           ldl <<25>>0x0002(r15),rr12
771c0:  5f00a10067e2       call <<33>>0x67e2
771c6:  5e08a1006ace       jp <<33>>0x6ace
771cc:  bd14               ldk r1,#4
771ce:  0b010001           cp r1,#0x0001
771d2:  e103               jr lt,0x71da
771d4:  0b010004           cp r1,#0x0004
771d8:  e204               jr le,0x71e2
771da:  bd2d               ldk r2,#13
771dc:  5f00840033f6       call <<4>>0x33f6
771e2:  760ca100bf84       lda rr12,<<33>>0xbf84
771e8:  811d               add r13,r1
771ea:  abd0               dec r13,#1
771ec:  0cc4               testb @rr12
771ee:  ee07               jr nz,0x71fe
771f0:  34ec0020           lda rr12,rr14(#0x0020)
771f4:  5dfc1902           ldl <<25>>0x0002(r15),rr12
771f8:  5f00a10067e2       call <<33>>0x67e2
771fe:  e867               jr 0x72ce
77200:  bd11               ldk r1,#1
77202:  0b010001           cp r1,#0x0001
77206:  e103               jr lt,0x720e
77208:  0b010004           cp r1,#0x0004
7720c:  e204               jr le,0x7216
7720e:  bd2d               ldk r2,#13
77210:  5f00840033f6       call <<4>>0x33f6
77216:  760ca100bf84       lda rr12,<<33>>0xbf84
7721c:  811d               add r13,r1
7721e:  abd0               dec r13,#1
77220:  0cc4               testb @rr12
77222:  e607               jr z,0x7232
77224:  34ec0020           lda rr12,rr14(#0x0020)
77228:  5dfc1902           ldl <<25>>0x0002(r15),rr12
7722c:  5f00a10067e2       call <<33>>0x67e2
77232:  e84d               jr 0x72ce
77234:  bd12               ldk r1,#2
77236:  0b010001           cp r1,#0x0001
7723a:  e103               jr lt,0x7242
7723c:  0b010004           cp r1,#0x0004
77240:  e204               jr le,0x724a
77242:  bd2d               ldk r2,#13
77244:  5f00840033f6       call <<4>>0x33f6
7724a:  760ca100bf84       lda rr12,<<33>>0xbf84
77250:  811d               add r13,r1
77252:  abd0               dec r13,#1
77254:  0cc4               testb @rr12
77256:  e607               jr z,0x7266
77258:  34ec0020           lda rr12,rr14(#0x0020)
7725c:  5dfc1902           ldl <<25>>0x0002(r15),rr12
77260:  5f00a10067e2       call <<33>>0x67e2
77266:  e833               jr 0x72ce
77268:  bd13               ldk r1,#3
7726a:  0b010001           cp r1,#0x0001
7726e:  e103               jr lt,0x7276
77270:  0b010004           cp r1,#0x0004
77274:  e204               jr le,0x727e
77276:  bd2d               ldk r2,#13
77278:  5f00840033f6       call <<4>>0x33f6
7727e:  760ca100bf84       lda rr12,<<33>>0xbf84
77284:  811d               add r13,r1
77286:  abd0               dec r13,#1
77288:  0cc4               testb @rr12
7728a:  e607               jr z,0x729a
7728c:  34ec0020           lda rr12,rr14(#0x0020)
77290:  5dfc1902           ldl <<25>>0x0002(r15),rr12
77294:  5f00a10067e2       call <<33>>0x67e2
7729a:  e819               jr 0x72ce
7729c:  bd14               ldk r1,#4
7729e:  0b010001           cp r1,#0x0001
772a2:  e103               jr lt,0x72aa
772a4:  0b010004           cp r1,#0x0004
772a8:  e204               jr le,0x72b2
772aa:  bd2d               ldk r2,#13
772ac:  5f00840033f6       call <<4>>0x33f6
772b2:  760ca100bf84       lda rr12,<<33>>0xbf84
772b8:  811d               add r13,r1
772ba:  abd0               dec r13,#1
772bc:  0cc4               testb @rr12
772be:  e607               jr z,0x72ce
772c0:  34ec0020           lda rr12,rr14(#0x0020)
772c4:  5dfc1902           ldl <<25>>0x0002(r15),rr12
772c8:  5f00a10067e2       call <<33>>0x67e2
772ce:  69f01916           inc <<25>>0x0016(r15),#1
772d2:  4df119160003       cp <<25>>0x0016(r15),#0x0003
772d8:  5e02a100689a       jp le,<<33>>0x689a
772de:  4cf41918           testb <<25>>0x0018(r15)
772e2:  ee1d               jr nz,0x731e
772e4:  7602840042f0       lda rr2,<<4>>0x42f0
772ea:  bd40               ldk r4,#0
772ec:  bd53               ldk r5,#3
772ee:  7606a100b400       lda rr6,<<33>>0xb400
772f4:  5f008400285a       call <<4>>0x285a
772fa:  7602840042f0       lda rr2,<<4>>0x42f0
77300:  2104ffff           ld r4,#0xffff
77304:  bd5e               ldk r5,#14
77306:  7606a100b3f2       lda rr6,<<33>>0xb3f2
7730c:  5f008400285a       call <<4>>0x285a
77312:  7602840042f0       lda rr2,<<4>>0x42f0
77318:  5f00840011f6       call <<4>>0x11f6
7731e:  010f001a           add r15,#0x001a
77322:  9e08               ret 
77324:  030f0018           sub r15,#0x0018
77328:  0de5001c           ld @rr14,#0x001c
7732c:  5cf902051906       ldm <<25>>0x0006(r15),r2,#6
77332:  760ca100b77c       lda rr12,<<33>>0xb77c
77338:  0dc5ffff           ld @rr12,#0xffff
7733c:  bd10               ldk r1,#0
7733e:  0b010000           cp r1,#0x0000
77342:  e103               jr lt,0x734a
77344:  0b010001           cp r1,#0x0001
77348:  e204               jr le,0x7352
7734a:  bd2e               ldk r2,#14
7734c:  5f00840033f6       call <<4>>0x33f6
77352:  6ef91912           ldb <<25>>0x0012(r15),rl1
77356:  760c84000166       lda rr12,<<4>>0x0166
7735c:  0cc10000           cpb @rr12,#0x00
77360:  5e0ea1006d32       jp nz,<<33>>0x6d32
77366:  4df41906           test <<25>>0x0006(r15)
7736a:  ee10               jr nz,0x738c
7736c:  bd11               ldk r1,#1
7736e:  0b010000           cp r1,#0x0000
77372:  e103               jr lt,0x737a
77374:  0b010001           cp r1,#0x0001
77378:  e204               jr le,0x7382
7737a:  bd2e               ldk r2,#14
7737c:  5f00840033f6       call <<4>>0x33f6
77382:  6ef91912           ldb <<25>>0x0012(r15),rl1
77386:  5e08a1006d32       jp <<33>>0x6d32
7738c:  bd11               ldk r1,#1
7738e:  0b010000           cp r1,#0x0000
77392:  e103               jr lt,0x739a
77394:  0b010003           cp r1,#0x0003
77398:  e204               jr le,0x73a2
7739a:  bd2e               ldk r2,#14
7739c:  5f00840033f6       call <<4>>0x33f6
773a2:  760c84000166       lda rr12,<<4>>0x0166
773a8:  2ec9               ldb @rr12,rl1
773aa:  5f00840044de       call <<4>>0x44de
773b0:  61f11906           ld r1,<<25>>0x0006(r15)
773b4:  0b010005           cp r1,#0x0005
773b8:  e615               jr z,0x73e4
773ba:  0b010006           cp r1,#0x0006
773be:  e612               jr z,0x73e4
773c0:  0b010007           cp r1,#0x0007
773c4:  e60f               jr z,0x73e4
773c6:  0b010008           cp r1,#0x0008
773ca:  e60c               jr z,0x73e4
773cc:  0b010009           cp r1,#0x0009
773d0:  e609               jr z,0x73e4
773d2:  0b01000a           cp r1,#0x000a
773d6:  e606               jr z,0x73e4
773d8:  0b01000b           cp r1,#0x000b
773dc:  e603               jr z,0x73e4
773de:  0b01000c           cp r1,#0x000c
773e2:  ee22               jr nz,0x7428
773e4:  7602840042f0       lda rr2,<<4>>0x42f0
773ea:  bd40               ldk r4,#0
773ec:  bd53               ldk r5,#3
773ee:  7606a100b44a       lda rr6,<<33>>0xb44a
773f4:  5f008400285a       call <<4>>0x285a
773fa:  7602840042f0       lda rr2,<<4>>0x42f0
77400:  2104ffff           ld r4,#0xffff
77404:  2105001d           ld r5,#0x001d
77408:  7606a100b42c       lda rr6,<<33>>0xb42c
7740e:  5f008400285a       call <<4>>0x285a
77414:  7602840042f0       lda rr2,<<4>>0x42f0
7741a:  5f00840011f6       call <<4>>0x11f6
77420:  4df519160005       ld <<25>>0x0016(r15),#0x0005
77426:  e851               jr 0x74ca
77428:  0b010018           cp r1,#0x0018
7742c:  ee21               jr nz,0x7470
7742e:  7602840042f0       lda rr2,<<4>>0x42f0
77434:  bd40               ldk r4,#0
77436:  bd53               ldk r5,#3
77438:  7606a100b428       lda rr6,<<33>>0xb428
7743e:  5f008400285a       call <<4>>0x285a
77444:  7602840042f0       lda rr2,<<4>>0x42f0
7744a:  2104ffff           ld r4,#0xffff
7744e:  bd5d               ldk r5,#13
77450:  7606a100b41a       lda rr6,<<33>>0xb41a
77456:  5f008400285a       call <<4>>0x285a
7745c:  7602840042f0       lda rr2,<<4>>0x42f0
77462:  5f00840011f6       call <<4>>0x11f6
77468:  4df5191600fb       ld <<25>>0x0016(r15),#0x00fb
7746e:  e82d               jr 0x74ca
77470:  0b010019           cp r1,#0x0019
77474:  ee09               jr nz,0x7488
77476:  54f2190a           ldl rr2,<<25>>0x000a(r15)
7747a:  5f00a1006868       call <<33>>0x6868
77480:  4df5191600f8       ld <<25>>0x0016(r15),#0x00f8
77486:  e821               jr 0x74ca
77488:  7602840042f0       lda rr2,<<4>>0x42f0
7748e:  bd40               ldk r4,#0
77490:  bd53               ldk r5,#3
77492:  7606a100b416       lda rr6,<<33>>0xb416
77498:  5f008400285a       call <<4>>0x285a
7749e:  7602840042f0       lda rr2,<<4>>0x42f0
774a4:  2104ffff           ld r4,#0xffff
774a8:  21050012           ld r5,#0x0012
774ac:  7606a100b404       lda rr6,<<33>>0xb404
774b2:  5f008400285a       call <<4>>0x285a
774b8:  7602840042f0       lda rr2,<<4>>0x42f0
774be:  5f00840011f6       call <<4>>0x11f6
774c4:  4df5191600fc       ld <<25>>0x0016(r15),#0x00fc
774ca:  760c84000175       lda rr12,<<4>>0x0175
774d0:  20c9               ldb rl1,@rr12
774d2:  8c18               clrb rh1
774d4:  0b010000           cp r1,#0x0000
774d8:  e103               jr lt,0x74e0
774da:  0b0100ff           cp r1,#0x00ff
774de:  e205               jr le,0x74ea
774e0:  21020010           ld r2,#0x0010
774e4:  5f00840033f6       call <<4>>0x33f6
774ea:  a112               ld r2,r1
774ec:  760ca0000114       lda rr12,<<32>>0x0114
774f2:  21c3               ld r3,@rr12
774f4:  760ca0000114       lda rr12,<<32>>0x0114
774fa:  31c40002           ld r4,rr12(#0x0002)
774fe:  210500e1           ld r5,#0x00e1
77502:  61f61916           ld r6,<<25>>0x0016(r15)
77506:  5f00840044f2       call <<4>>0x44f2
7750c:  4df1191600fc       cp <<25>>0x0016(r15),#0x00fc
77512:  e604               jr z,0x751c
77514:  4df119160005       cp <<25>>0x0016(r15),#0x0005
7751a:  ee0b               jr nz,0x7532
7751c:  760ca100bf8e       lda rr12,<<33>>0xbf8e
77522:  21c2               ld r2,@rr12
77524:  760c84000184       lda rr12,<<4>>0x0184
7752a:  21c3               ld r3,@rr12
7752c:  5f00a1001634       call <<33>>0x1634
77532:  60ff1912           ldb rl7,<<25>>0x0012(r15)
77536:  010f0018           add r15,#0x0018
7753a:  9e08               ret 
7753c:  030f0018           sub r15,#0x0018
77540:  0de5001c           ld @rr14,#0x001c
77544:  5cf902051906       ldm <<25>>0x0006(r15),r2,#6
7754a:  760ca100b77c       lda rr12,<<33>>0xb77c
77550:  0dc5ffff           ld @rr12,#0xffff
77554:  bd10               ldk r1,#0
77556:  0b010000           cp r1,#0x0000
7755a:  e103               jr lt,0x7562
7755c:  0b010001           cp r1,#0x0001
77560:  e204               jr le,0x756a
77562:  bd2e               ldk r2,#14
77564:  5f00840033f6       call <<4>>0x33f6
7756a:  6ef91912           ldb <<25>>0x0012(r15),rl1
7756e:  760c84000166       lda rr12,<<4>>0x0166
77574:  0cc10000           cpb @rr12,#0x00
77578:  5e0ea1006f94       jp nz,<<33>>0x6f94
7757e:  4df41906           test <<25>>0x0006(r15)
77582:  ee10               jr nz,0x75a4
77584:  bd11               ldk r1,#1
77586:  0b010000           cp r1,#0x0000
7758a:  e103               jr lt,0x7592
7758c:  0b010001           cp r1,#0x0001
77590:  e204               jr le,0x759a
77592:  bd2e               ldk r2,#14
77594:  5f00840033f6       call <<4>>0x33f6
7759a:  6ef91912           ldb <<25>>0x0012(r15),rl1
7759e:  5e08a1006f94       jp <<33>>0x6f94
775a4:  bd11               ldk r1,#1
775a6:  0b010000           cp r1,#0x0000
775aa:  e103               jr lt,0x75b2
775ac:  0b010003           cp r1,#0x0003
775b0:  e204               jr le,0x75ba
775b2:  bd2e               ldk r2,#14
775b4:  5f00840033f6       call <<4>>0x33f6
775ba:  760c84000166       lda rr12,<<4>>0x0166
775c0:  2ec9               ldb @rr12,rl1
775c2:  5f00840044de       call <<4>>0x44de
775c8:  61f11906           ld r1,<<25>>0x0006(r15)
775cc:  0b010005           cp r1,#0x0005
775d0:  e615               jr z,0x75fc
775d2:  0b010006           cp r1,#0x0006
775d6:  e612               jr z,0x75fc
775d8:  0b010007           cp r1,#0x0007
775dc:  e60f               jr z,0x75fc
775de:  0b010008           cp r1,#0x0008
775e2:  e60c               jr z,0x75fc
775e4:  0b010009           cp r1,#0x0009
775e8:  e609               jr z,0x75fc
775ea:  0b01000a           cp r1,#0x000a
775ee:  e606               jr z,0x75fc
775f0:  0b01000b           cp r1,#0x000b
775f4:  e603               jr z,0x75fc
775f6:  0b01000c           cp r1,#0x000c
775fa:  ee22               jr nz,0x7640
775fc:  7602840042f0       lda rr2,<<4>>0x42f0
77602:  bd40               ldk r4,#0
77604:  bd53               ldk r5,#3
77606:  7606a100b4ae       lda rr6,<<33>>0xb4ae
7760c:  5f008400285a       call <<4>>0x285a
77612:  7602840042f0       lda rr2,<<4>>0x42f0
77618:  2104ffff           ld r4,#0xffff
7761c:  2105001d           ld r5,#0x001d
77620:  7606a100b490       lda rr6,<<33>>0xb490
77626:  5f008400285a       call <<4>>0x285a
7762c:  7602840042f0       lda rr2,<<4>>0x42f0
77632:  5f00840011f6       call <<4>>0x11f6
77638:  4df519160005       ld <<25>>0x0016(r15),#0x0005
7763e:  e876               jr 0x772c
77640:  0b010018           cp r1,#0x0018
77644:  ee21               jr nz,0x7688
77646:  7602840042f0       lda rr2,<<4>>0x42f0
7764c:  bd40               ldk r4,#0
7764e:  bd53               ldk r5,#3
77650:  7606a100b48c       lda rr6,<<33>>0xb48c
77656:  5f008400285a       call <<4>>0x285a
7765c:  7602840042f0       lda rr2,<<4>>0x42f0
77662:  2104ffff           ld r4,#0xffff
77666:  bd5d               ldk r5,#13
77668:  7606a100b47e       lda rr6,<<33>>0xb47e
7766e:  5f008400285a       call <<4>>0x285a
77674:  7602840042f0       lda rr2,<<4>>0x42f0
7767a:  5f00840011f6       call <<4>>0x11f6
77680:  4df5191600fb       ld <<25>>0x0016(r15),#0x00fb
77686:  e852               jr 0x772c
77688:  0b010019           cp r1,#0x0019
7768c:  ee09               jr nz,0x76a0
7768e:  54f2190a           ldl rr2,<<25>>0x000a(r15)
77692:  5f00a1006868       call <<33>>0x6868
77698:  4df5191600f8       ld <<25>>0x0016(r15),#0x00f8
7769e:  e846               jr 0x772c
776a0:  0b01001a           cp r1,#0x001a
776a4:  ee22               jr nz,0x76ea
776a6:  7602840042f0       lda rr2,<<4>>0x42f0
776ac:  bd40               ldk r4,#0
776ae:  bd53               ldk r5,#3
776b0:  7606a100b47a       lda rr6,<<33>>0xb47a
776b6:  5f008400285a       call <<4>>0x285a
776bc:  7602840042f0       lda rr2,<<4>>0x42f0
776c2:  2104ffff           ld r4,#0xffff
776c6:  21050016           ld r5,#0x0016
776ca:  7606a100b464       lda rr6,<<33>>0xb464
776d0:  5f008400285a       call <<4>>0x285a
776d6:  7602840042f0       lda rr2,<<4>>0x42f0
776dc:  5f00840011f6       call <<4>>0x11f6
776e2:  4df519160004       ld <<25>>0x0016(r15),#0x0004
776e8:  e821               jr 0x772c
776ea:  7602840042f0       lda rr2,<<4>>0x42f0
776f0:  bd40               ldk r4,#0
776f2:  bd53               ldk r5,#3
776f4:  7606a100b460       lda rr6,<<33>>0xb460
776fa:  5f008400285a       call <<4>>0x285a
77700:  7602840042f0       lda rr2,<<4>>0x42f0
77706:  2104ffff           ld r4,#0xffff
7770a:  21050012           ld r5,#0x0012
7770e:  7606a100b44e       lda rr6,<<33>>0xb44e
77714:  5f008400285a       call <<4>>0x285a
7771a:  7602840042f0       lda rr2,<<4>>0x42f0
77720:  5f00840011f6       call <<4>>0x11f6
77726:  4df5191600fc       ld <<25>>0x0016(r15),#0x00fc
7772c:  760c84000175       lda rr12,<<4>>0x0175
77732:  20c9               ldb rl1,@rr12
77734:  8c18               clrb rh1
77736:  0b010000           cp r1,#0x0000
7773a:  e103               jr lt,0x7742
7773c:  0b0100ff           cp r1,#0x00ff
77740:  e205               jr le,0x774c
77742:  21020010           ld r2,#0x0010
77746:  5f00840033f6       call <<4>>0x33f6
7774c:  a112               ld r2,r1
7774e:  760ca0000114       lda rr12,<<32>>0x0114
77754:  21c3               ld r3,@rr12
77756:  760ca0000114       lda rr12,<<32>>0x0114
7775c:  31c40002           ld r4,rr12(#0x0002)
77760:  210500e1           ld r5,#0x00e1
77764:  61f61916           ld r6,<<25>>0x0016(r15)
77768:  5f00840044f2       call <<4>>0x44f2
7776e:  4df1191600fc       cp <<25>>0x0016(r15),#0x00fc
77774:  e604               jr z,0x777e
77776:  4df119160005       cp <<25>>0x0016(r15),#0x0005
7777c:  ee0b               jr nz,0x7794
7777e:  760ca100bf8e       lda rr12,<<33>>0xbf8e
77784:  21c2               ld r2,@rr12
77786:  760c84000184       lda rr12,<<4>>0x0184
7778c:  21c3               ld r3,@rr12
7778e:  5f00a1001634       call <<33>>0x1634
77794:  60ff1912           ldb rl7,<<25>>0x0012(r15)
77798:  010f0018           add r15,#0x0018
7779c:  9e08               ret 
7779e:  030f001c           sub r15,#0x001c
777a2:  0de50020           ld @rr14,#0x0020
777a6:  5cf902051906       ldm <<25>>0x0006(r15),r2,#6
777ac:  760ca100b77c       lda rr12,<<33>>0xb77c
777b2:  0dc5ffff           ld @rr12,#0xffff
777b6:  bd10               ldk r1,#0
777b8:  0b010000           cp r1,#0x0000
777bc:  e103               jr lt,0x77c4
777be:  0b010001           cp r1,#0x0001
777c2:  e204               jr le,0x77cc
777c4:  bd2e               ldk r2,#14
777c6:  5f00840033f6       call <<4>>0x33f6
777cc:  6ef91912           ldb <<25>>0x0012(r15),rl1
777d0:  760c84000166       lda rr12,<<4>>0x0166
777d6:  0cc10000           cpb @rr12,#0x00
777da:  5e0ea10075c0       jp nz,<<33>>0x75c0
777e0:  4df41906           test <<25>>0x0006(r15)
777e4:  ee10               jr nz,0x7806
777e6:  bd11               ldk r1,#1
777e8:  0b010000           cp r1,#0x0000
777ec:  e103               jr lt,0x77f4
777ee:  0b010001           cp r1,#0x0001
777f2:  e204               jr le,0x77fc
777f4:  bd2e               ldk r2,#14
777f6:  5f00840033f6       call <<4>>0x33f6
777fc:  6ef91912           ldb <<25>>0x0012(r15),rl1
77800:  5e08a10075c0       jp <<33>>0x75c0
77806:  760ca100bf7e       lda rr12,<<33>>0xbf7e
7780c:  20c9               ldb rl1,@rr12
7780e:  b110               extsb r1
77810:  0b010002           cp r1,#0x0002
77814:  ee14               jr nz,0x783e
77816:  760ca100bf90       lda rr12,<<33>>0xbf90
7781c:  31c10004           ld r1,rr12(#0x0004)
77820:  8d14               test r1
77822:  ed02               jr pl,0x7828
77824:  8d12               neg r1
77826:  a51f               set r1,#15
77828:  b311fff8           srl r1,#8
7782c:  a717               bit r1,#7
7782e:  e602               jr z,0x7834
77830:  a317               res r1,#7
77832:  8d12               neg r1
77834:  41f1190c           add r1,<<25>>0x000c(r15)
77838:  6ff11916           ld <<25>>0x0016(r15),r1
7783c:  e81b               jr 0x7874
7783e:  0b010000           cp r1,#0x0000
77842:  ee14               jr nz,0x786c
77844:  760ca100bf90       lda rr12,<<33>>0xbf90
7784a:  31c10004           ld r1,rr12(#0x0004)
7784e:  8d14               test r1
77850:  ed02               jr pl,0x7856
77852:  8d12               neg r1
77854:  a51f               set r1,#15
77856:  b311fff9           srl r1,#7
7785a:  a718               bit r1,#8
7785c:  e602               jr z,0x7862
7785e:  a318               res r1,#8
77860:  8d12               neg r1
77862:  41f1190c           add r1,<<25>>0x000c(r15)
77866:  6ff11916           ld <<25>>0x0016(r15),r1
7786a:  e804               jr 0x7874
7786c:  bd20               ldk r2,#0
7786e:  5f00840033f6       call <<4>>0x33f6
77874:  bd11               ldk r1,#1
77876:  0b010000           cp r1,#0x0000
7787a:  e103               jr lt,0x7882
7787c:  0b010003           cp r1,#0x0003
77880:  e204               jr le,0x788a
77882:  bd2e               ldk r2,#14
77884:  5f00840033f6       call <<4>>0x33f6
7788a:  760c84000166       lda rr12,<<4>>0x0166
77890:  2ec9               ldb @rr12,rl1
77892:  5f00840044de       call <<4>>0x44de
77898:  61f11906           ld r1,<<25>>0x0006(r15)
7789c:  ab14               dec r1,#5
7789e:  5e01a1007516       jp lt,<<33>>0x7516
778a4:  0b010014           cp r1,#0x0014
778a8:  5e0aa1007516       jp gt,<<33>>0x7516
778ae:  8111               add r1,r1
778b0:  6111a100b4b2       ld r1,<<33>>0xb4b2(r1)
778b6:  5e18a100595e       jp <<33>>0x595e(r1)
778bc:  5e08a1007516       jp <<33>>0x7516
778c2:  7602840042f0       lda rr2,<<4>>0x42f0
778c8:  bd40               ldk r4,#0
778ca:  bd53               ldk r5,#3
778cc:  7606a100b5da       lda rr6,<<33>>0xb5da
778d2:  5f008400285a       call <<4>>0x285a
778d8:  7602840042f0       lda rr2,<<4>>0x42f0
778de:  2104ffff           ld r4,#0xffff
778e2:  2105001d           ld r5,#0x001d
778e6:  7606a100b5bc       lda rr6,<<33>>0xb5bc
778ec:  5f008400285a       call <<4>>0x285a
778f2:  7602840042f0       lda rr2,<<4>>0x42f0
778f8:  5f00840011f6       call <<4>>0x11f6
778fe:  4df5191a0005       ld <<25>>0x001a(r15),#0x0005
77904:  5e08a1007558       jp <<33>>0x7558
7790a:  7602840042f0       lda rr2,<<4>>0x42f0
77910:  bd40               ldk r4,#0
77912:  bd53               ldk r5,#3
77914:  7606a100b5b8       lda rr6,<<33>>0xb5b8
7791a:  5f008400285a       call <<4>>0x285a
77920:  7602840042f0       lda rr2,<<4>>0x42f0
77926:  2104ffff           ld r4,#0xffff
7792a:  21050018           ld r5,#0x0018
7792e:  7606a100b5a0       lda rr6,<<33>>0xb5a0
77934:  5f008400285a       call <<4>>0x285a
7793a:  7602840042f0       lda rr2,<<4>>0x42f0
77940:  5f00840011f6       call <<4>>0x11f6
77946:  7602840042f0       lda rr2,<<4>>0x42f0
7794c:  bd40               ldk r4,#0
7794e:  bd53               ldk r5,#3
77950:  7606a100b59c       lda rr6,<<33>>0xb59c
77956:  5f008400285a       call <<4>>0x285a
7795c:  7602840042f0       lda rr2,<<4>>0x42f0
77962:  2104ffff           ld r4,#0xffff
77966:  bd57               ldk r5,#7
77968:  7606a100b594       lda rr6,<<33>>0xb594
7796e:  5f008400285a       call <<4>>0x285a
77974:  7602840042f0       lda rr2,<<4>>0x42f0
7797a:  bd41               ldk r4,#1
7797c:  bd10               ldk r1,#0
7797e:  0b010000           cp r1,#0x0000
77982:  e103               jr lt,0x798a
77984:  0b010003           cp r1,#0x0003
77988:  e204               jr le,0x7992
7798a:  bd2d               ldk r2,#13
7798c:  5f00840033f6       call <<4>>0x33f6
77992:  8111               add r1,r1
77994:  54fc190e           ldl rr12,<<25>>0x000e(r15)
77998:  811d               add r13,r1
7799a:  21c5               ld r5,@rr12
7799c:  5f0084002814       call <<4>>0x2814
779a2:  7602840042f0       lda rr2,<<4>>0x42f0
779a8:  2104ffff           ld r4,#0xffff
779ac:  bd5c               ldk r5,#12
779ae:  7606a100b588       lda rr6,<<33>>0xb588
779b4:  5f008400285a       call <<4>>0x285a
779ba:  7602840042f0       lda rr2,<<4>>0x42f0
779c0:  bd41               ldk r4,#1
779c2:  61f51916           ld r5,<<25>>0x0016(r15)
779c6:  5f0084002814       call <<4>>0x2814
779cc:  7602840042f0       lda rr2,<<4>>0x42f0
779d2:  5f00840011f6       call <<4>>0x11f6
779d8:  4df5191a0006       ld <<25>>0x001a(r15),#0x0006
779de:  5e08a1007558       jp <<33>>0x7558
779e4:  7602840042f0       lda rr2,<<4>>0x42f0
779ea:  bd40               ldk r4,#0
779ec:  bd53               ldk r5,#3
779ee:  7606a100b584       lda rr6,<<33>>0xb584
779f4:  5f008400285a       call <<4>>0x285a
779fa:  7602840042f0       lda rr2,<<4>>0x42f0
77a00:  2104ffff           ld r4,#0xffff
77a04:  21050016           ld r5,#0x0016
77a08:  7606a100b56e       lda rr6,<<33>>0xb56e
77a0e:  5f008400285a       call <<4>>0x285a
77a14:  7602840042f0       lda rr2,<<4>>0x42f0
77a1a:  5f00840011f6       call <<4>>0x11f6
77a20:  7602840042f0       lda rr2,<<4>>0x42f0
77a26:  bd40               ldk r4,#0
77a28:  bd53               ldk r5,#3
77a2a:  7606a100b56a       lda rr6,<<33>>0xb56a
77a30:  5f008400285a       call <<4>>0x285a
77a36:  7602840042f0       lda rr2,<<4>>0x42f0
77a3c:  2104ffff           ld r4,#0xffff
77a40:  bd57               ldk r5,#7
77a42:  7606a100b562       lda rr6,<<33>>0xb562
77a48:  5f008400285a       call <<4>>0x285a
77a4e:  7602840042f0       lda rr2,<<4>>0x42f0
77a54:  bd41               ldk r4,#1
77a56:  bd10               ldk r1,#0
77a58:  0b010000           cp r1,#0x0000
77a5c:  e103               jr lt,0x7a64
77a5e:  0b010003           cp r1,#0x0003
77a62:  e204               jr le,0x7a6c
77a64:  bd2d               ldk r2,#13
77a66:  5f00840033f6       call <<4>>0x33f6
77a6c:  8111               add r1,r1
77a6e:  54fc190e           ldl rr12,<<25>>0x000e(r15)
77a72:  811d               add r13,r1
77a74:  21c5               ld r5,@rr12
77a76:  5f0084002814       call <<4>>0x2814
77a7c:  7602840042f0       lda rr2,<<4>>0x42f0
77a82:  2104ffff           ld r4,#0xffff
77a86:  bd5c               ldk r5,#12
77a88:  7606a100b556       lda rr6,<<33>>0xb556
77a8e:  5f008400285a       call <<4>>0x285a
77a94:  7602840042f0       lda rr2,<<4>>0x42f0
77a9a:  bd41               ldk r4,#1
77a9c:  61f51916           ld r5,<<25>>0x0016(r15)
77aa0:  5f0084002814       call <<4>>0x2814
77aa6:  7602840042f0       lda rr2,<<4>>0x42f0
77aac:  5f00840011f6       call <<4>>0x11f6
77ab2:  4df5191a0006       ld <<25>>0x001a(r15),#0x0006
77ab8:  5e08a1007558       jp <<33>>0x7558
77abe:  7602840042f0       lda rr2,<<4>>0x42f0
77ac4:  bd40               ldk r4,#0
77ac6:  bd53               ldk r5,#3
77ac8:  7606a100b552       lda rr6,<<33>>0xb552
77ace:  5f008400285a       call <<4>>0x285a
77ad4:  7602840042f0       lda rr2,<<4>>0x42f0
77ada:  2104ffff           ld r4,#0xffff
77ade:  bd5c               ldk r5,#12
77ae0:  7606a100b546       lda rr6,<<33>>0xb546
77ae6:  5f008400285a       call <<4>>0x285a
77aec:  7602840042f0       lda rr2,<<4>>0x42f0
77af2:  5f00840011f6       call <<4>>0x11f6
77af8:  7602840042f0       lda rr2,<<4>>0x42f0
77afe:  bd40               ldk r4,#0
77b00:  bd53               ldk r5,#3
77b02:  7606a100b542       lda rr6,<<33>>0xb542
77b08:  5f008400285a       call <<4>>0x285a
77b0e:  7602840042f0       lda rr2,<<4>>0x42f0
77b14:  2104ffff           ld r4,#0xffff
77b18:  bd57               ldk r5,#7
77b1a:  7606a100b53a       lda rr6,<<33>>0xb53a
77b20:  5f008400285a       call <<4>>0x285a
77b26:  7602840042f0       lda rr2,<<4>>0x42f0
77b2c:  bd41               ldk r4,#1
77b2e:  bd10               ldk r1,#0
77b30:  0b010000           cp r1,#0x0000
77b34:  e103               jr lt,0x7b3c
77b36:  0b010003           cp r1,#0x0003
77b3a:  e204               jr le,0x7b44
77b3c:  bd2d               ldk r2,#13
77b3e:  5f00840033f6       call <<4>>0x33f6
77b44:  8111               add r1,r1
77b46:  54fc190e           ldl rr12,<<25>>0x000e(r15)
77b4a:  811d               add r13,r1
77b4c:  21c5               ld r5,@rr12
77b4e:  5f0084002814       call <<4>>0x2814
77b54:  7602840042f0       lda rr2,<<4>>0x42f0
77b5a:  2104ffff           ld r4,#0xffff
77b5e:  bd5c               ldk r5,#12
77b60:  7606a100b52e       lda rr6,<<33>>0xb52e
77b66:  5f008400285a       call <<4>>0x285a
77b6c:  7602840042f0       lda rr2,<<4>>0x42f0
77b72:  bd41               ldk r4,#1
77b74:  61f51916           ld r5,<<25>>0x0016(r15)
77b78:  5f0084002814       call <<4>>0x2814
77b7e:  7602840042f0       lda rr2,<<4>>0x42f0
77b84:  5f00840011f6       call <<4>>0x11f6
77b8a:  4df5191a00fc       ld <<25>>0x001a(r15),#0x00fc
77b90:  5e08a1007558       jp <<33>>0x7558
77b96:  61f21908           ld r2,<<25>>0x0008(r15)
77b9a:  61f3190a           ld r3,<<25>>0x000a(r15)
77b9e:  2104ffff           ld r4,#0xffff
77ba2:  5f00a1005a60       call <<33>>0x5a60
77ba8:  4df5191a0008       ld <<25>>0x001a(r15),#0x0008
77bae:  5e08a1007558       jp <<33>>0x7558
77bb4:  61f21908           ld r2,<<25>>0x0008(r15)
77bb8:  61f3190a           ld r3,<<25>>0x000a(r15)
77bbc:  bd10               ldk r1,#0
77bbe:  0b010000           cp r1,#0x0000
77bc2:  e103               jr lt,0x7bca
77bc4:  0b010003           cp r1,#0x0003
77bc8:  e204               jr le,0x7bd2
77bca:  bd2d               ldk r2,#13
77bcc:  5f00840033f6       call <<4>>0x33f6
77bd2:  8111               add r1,r1
77bd4:  54fc190e           ldl rr12,<<25>>0x000e(r15)
77bd8:  811d               add r13,r1
77bda:  21c4               ld r4,@rr12
77bdc:  5f00a1005a60       call <<33>>0x5a60
77be2:  4df5191a0008       ld <<25>>0x001a(r15),#0x0008
77be8:  5e08a1007558       jp <<33>>0x7558
77bee:  7602840042f0       lda rr2,<<4>>0x42f0
77bf4:  bd40               ldk r4,#0
77bf6:  bd53               ldk r5,#3
77bf8:  7606a100b52a       lda rr6,<<33>>0xb52a
77bfe:  5f008400285a       call <<4>>0x285a
77c04:  7602840042f0       lda rr2,<<4>>0x42f0
77c0a:  2104ffff           ld r4,#0xffff
77c0e:  bd5d               ldk r5,#13
77c10:  7606a100b51c       lda rr6,<<33>>0xb51c
77c16:  5f008400285a       call <<4>>0x285a
77c1c:  7602840042f0       lda rr2,<<4>>0x42f0
77c22:  5f00840011f6       call <<4>>0x11f6
77c28:  7602840042f0       lda rr2,<<4>>0x42f0
77c2e:  bd40               ldk r4,#0
77c30:  bd53               ldk r5,#3
77c32:  7606a100b518       lda rr6,<<33>>0xb518
77c38:  5f008400285a       call <<4>>0x285a
77c3e:  7602840042f0       lda rr2,<<4>>0x42f0
77c44:  2104ffff           ld r4,#0xffff
77c48:  bd57               ldk r5,#7
77c4a:  7606a100b510       lda rr6,<<33>>0xb510
77c50:  5f008400285a       call <<4>>0x285a
77c56:  7602840042f0       lda rr2,<<4>>0x42f0
77c5c:  bd41               ldk r4,#1
77c5e:  bd10               ldk r1,#0
77c60:  0b010000           cp r1,#0x0000
77c64:  e103               jr lt,0x7c6c
77c66:  0b010003           cp r1,#0x0003
77c6a:  e204               jr le,0x7c74
77c6c:  bd2d               ldk r2,#13
77c6e:  5f00840033f6       call <<4>>0x33f6
77c74:  8111               add r1,r1
77c76:  54fc190e           ldl rr12,<<25>>0x000e(r15)
77c7a:  811d               add r13,r1
77c7c:  21c5               ld r5,@rr12
77c7e:  5f0084002814       call <<4>>0x2814
77c84:  7602840042f0       lda rr2,<<4>>0x42f0
77c8a:  2104ffff           ld r4,#0xffff
77c8e:  bd5c               ldk r5,#12
77c90:  7606a100b504       lda rr6,<<33>>0xb504
77c96:  5f008400285a       call <<4>>0x285a
77c9c:  7602840042f0       lda rr2,<<4>>0x42f0
77ca2:  bd41               ldk r4,#1
77ca4:  61f51916           ld r5,<<25>>0x0016(r15)
77ca8:  5f0084002814       call <<4>>0x2814
77cae:  7602840042f0       lda rr2,<<4>>0x42f0
77cb4:  5f00840011f6       call <<4>>0x11f6
77cba:  4df5191a0008       ld <<25>>0x001a(r15),#0x0008
77cc0:  e84b               jr 0x7d58
77cc2:  7602840042f0       lda rr2,<<4>>0x42f0
77cc8:  bd40               ldk r4,#0
77cca:  bd53               ldk r5,#3
77ccc:  7606a100b500       lda rr6,<<33>>0xb500
77cd2:  5f008400285a       call <<4>>0x285a
77cd8:  7602840042f0       lda rr2,<<4>>0x42f0
77cde:  2104ffff           ld r4,#0xffff
77ce2:  bd5d               ldk r5,#13
77ce4:  7606a100b4f2       lda rr6,<<33>>0xb4f2
77cea:  5f008400285a       call <<4>>0x285a
77cf0:  7602840042f0       lda rr2,<<4>>0x42f0
77cf6:  5f00840011f6       call <<4>>0x11f6
77cfc:  4df5191a00fb       ld <<25>>0x001a(r15),#0x00fb
77d02:  e82a               jr 0x7d58
77d04:  54f2190e           ldl rr2,<<25>>0x000e(r15)
77d08:  5f00a1006868       call <<33>>0x6868
77d0e:  4df5191a00f8       ld <<25>>0x001a(r15),#0x00f8
77d14:  e821               jr 0x7d58
77d16:  7602840042f0       lda rr2,<<4>>0x42f0
77d1c:  bd40               ldk r4,#0
77d1e:  bd53               ldk r5,#3
77d20:  7606a100b4ee       lda rr6,<<33>>0xb4ee
77d26:  5f008400285a       call <<4>>0x285a
77d2c:  7602840042f0       lda rr2,<<4>>0x42f0
77d32:  2104ffff           ld r4,#0xffff
77d36:  21050012           ld r5,#0x0012
77d3a:  7606a100b4dc       lda rr6,<<33>>0xb4dc
77d40:  5f008400285a       call <<4>>0x285a
77d46:  7602840042f0       lda rr2,<<4>>0x42f0
77d4c:  5f00840011f6       call <<4>>0x11f6
77d52:  4df5191a00fc       ld <<25>>0x001a(r15),#0x00fc
77d58:  760c84000175       lda rr12,<<4>>0x0175
77d5e:  20c9               ldb rl1,@rr12
77d60:  8c18               clrb rh1
77d62:  0b010000           cp r1,#0x0000
77d66:  e103               jr lt,0x7d6e
77d68:  0b0100ff           cp r1,#0x00ff
77d6c:  e205               jr le,0x7d78
77d6e:  21020010           ld r2,#0x0010
77d72:  5f00840033f6       call <<4>>0x33f6
77d78:  a112               ld r2,r1
77d7a:  760ca0000114       lda rr12,<<32>>0x0114
77d80:  21c3               ld r3,@rr12
77d82:  760ca0000114       lda rr12,<<32>>0x0114
77d88:  31c40002           ld r4,rr12(#0x0002)
77d8c:  210500e1           ld r5,#0x00e1
77d90:  61f6191a           ld r6,<<25>>0x001a(r15)
77d94:  5f00840044f2       call <<4>>0x44f2
77d9a:  4df1191a00fc       cp <<25>>0x001a(r15),#0x00fc
77da0:  e604               jr z,0x7daa
77da2:  4df1191a0005       cp <<25>>0x001a(r15),#0x0005
77da8:  ee0b               jr nz,0x7dc0
77daa:  760ca100bf8e       lda rr12,<<33>>0xbf8e
77db0:  21c2               ld r2,@rr12
77db2:  760c84000184       lda rr12,<<4>>0x0184
77db8:  21c3               ld r3,@rr12
77dba:  5f00a1001634       call <<33>>0x1634
77dc0:  60ff1912           ldb rl7,<<25>>0x0012(r15)
77dc4:  010f001c           add r15,#0x001c
77dc8:  9e08               ret 
77dca:  030f0018           sub r15,#0x0018
77dce:  0de5001c           ld @rr14,#0x001c
77dd2:  5cf902051906       ldm <<25>>0x0006(r15),r2,#6
77dd8:  bd2c               ldk r2,#12
77dda:  34e40012           lda rr4,rr14(#0x0012)
77dde:  7606a2003e00       lda rr6,<<34>>0x3e00
77de4:  5f00840041e4       call <<4>>0x41e4
77dea:  760ca100b77c       lda rr12,<<33>>0xb77c
77df0:  0dc1ffff           cp @rr12,#0xffff
77df4:  e641               jr z,0x7e78
77df6:  61f21906           ld r2,<<25>>0x0006(r15)
77dfa:  54f41912           ldl rr4,<<25>>0x0012(r15)
77dfe:  5f00a100957a       call <<33>>0x957a
77e04:  6ff71916           ld <<25>>0x0016(r15),r7
77e08:  bd11               ldk r1,#1
77e0a:  0b010000           cp r1,#0x0000
77e0e:  e103               jr lt,0x7e16
77e10:  0b010003           cp r1,#0x0003
77e14:  e204               jr le,0x7e1e
77e16:  bd2e               ldk r2,#14
77e18:  5f00840033f6       call <<4>>0x33f6
77e1e:  760c84000166       lda rr12,<<4>>0x0166
77e24:  2ec9               ldb @rr12,rl1
77e26:  5f00840044de       call <<4>>0x44de
77e2c:  54f21912           ldl rr2,<<25>>0x0012(r15)
77e30:  5f00a1006868       call <<33>>0x6868
77e36:  760c84000175       lda rr12,<<4>>0x0175
77e3c:  20c9               ldb rl1,@rr12
77e3e:  8c18               clrb rh1
77e40:  0b010000           cp r1,#0x0000
77e44:  e103               jr lt,0x7e4c
77e46:  0b0100ff           cp r1,#0x00ff
77e4a:  e205               jr le,0x7e56
77e4c:  21020010           ld r2,#0x0010
77e50:  5f00840033f6       call <<4>>0x33f6
77e56:  a112               ld r2,r1
77e58:  760ca0000114       lda rr12,<<32>>0x0114
77e5e:  21c3               ld r3,@rr12
77e60:  760ca0000114       lda rr12,<<32>>0x0114
77e66:  31c40002           ld r4,rr12(#0x0002)
77e6a:  210500e1           ld r5,#0x00e1
77e6e:  210600f8           ld r6,#0x00f8
77e72:  5f00840044f2       call <<4>>0x44f2
77e78:  bd2c               ldk r2,#12
77e7a:  54f41912           ldl rr4,<<25>>0x0012(r15)
77e7e:  5f008400425c       call <<4>>0x425c
77e84:  010f0018           add r15,#0x0018
77e88:  9e08               ret 
77e8a:  030f003a           sub r15,#0x003a
77e8e:  0de5003e           ld @rr14,#0x003e
77e92:  5cf902051906       ldm <<25>>0x0006(r15),r2,#6
77e98:  61f1190a           ld r1,<<25>>0x000a(r15)
77e9c:  43f1190c           sub r1,<<25>>0x000c(r15)
77ea0:  6f01a100bf94       ld <<33>>0xbf94,r1
77ea6:  4df41908           test <<25>>0x0008(r15)
77eaa:  5e0ea10078a6       jp nz,<<33>>0x78a6
77eb0:  4df11906000e       cp <<25>>0x0006(r15),#0x000e
77eb6:  5e0ea10077f6       jp nz,<<33>>0x77f6
77ebc:  61f1190a           ld r1,<<25>>0x000a(r15)
77ec0:  43f1190c           sub r1,<<25>>0x000c(r15)
77ec4:  6ff1190c           ld <<25>>0x000c(r15),r1
77ec8:  bd11               ldk r1,#1
77eca:  0b010000           cp r1,#0x0000
77ece:  e103               jr lt,0x7ed6
77ed0:  0b010003           cp r1,#0x0003
77ed4:  e204               jr le,0x7ede
77ed6:  bd2e               ldk r2,#14
77ed8:  5f00840033f6       call <<4>>0x33f6
77ede:  760c84000166       lda rr12,<<4>>0x0166
77ee4:  2ec9               ldb @rr12,rl1
77ee6:  5f00840044de       call <<4>>0x44de
77eec:  7602840042f0       lda rr2,<<4>>0x42f0
77ef2:  bd40               ldk r4,#0
77ef4:  bd53               ldk r5,#3
77ef6:  7606a100b632       lda rr6,<<33>>0xb632
77efc:  5f008400285a       call <<4>>0x285a
77f02:  7602840042f0       lda rr2,<<4>>0x42f0
77f08:  2104ffff           ld r4,#0xffff
77f0c:  2105001b           ld r5,#0x001b
77f10:  7606a100b616       lda rr6,<<33>>0xb616
77f16:  5f008400285a       call <<4>>0x285a
77f1c:  7602840042f0       lda rr2,<<4>>0x42f0
77f22:  5f00840011f6       call <<4>>0x11f6
77f28:  bd24               ldk r2,#4
77f2a:  94ec               ldl rr12,rr14
77f2c:  a9db               inc r13,#12
77f2e:  94c4               ldl rr4,rr12
77f30:  34e60012           lda rr6,rr14(#0x0012)
77f34:  5f0084004556       call <<4>>0x4556
77f3a:  7602840042f0       lda rr2,<<4>>0x42f0
77f40:  bd40               ldk r4,#0
77f42:  bd53               ldk r5,#3
77f44:  7606a100b612       lda rr6,<<33>>0xb612
77f4a:  5f008400285a       call <<4>>0x285a
77f50:  7602840042f0       lda rr2,<<4>>0x42f0
77f56:  bd44               ldk r4,#4
77f58:  21050028           ld r5,#0x0028
77f5c:  34e60012           lda rr6,rr14(#0x0012)
77f60:  5f008400285a       call <<4>>0x285a
77f66:  7602840042f0       lda rr2,<<4>>0x42f0
77f6c:  2104ffff           ld r4,#0xffff
77f70:  2105001d           ld r5,#0x001d
77f74:  7606a100b5f4       lda rr6,<<33>>0xb5f4
77f7a:  5f008400285a       call <<4>>0x285a
77f80:  bd24               ldk r2,#4
77f82:  94ec               ldl rr12,rr14
77f84:  a9d9               inc r13,#10
77f86:  94c4               ldl rr4,rr12
77f88:  34e60012           lda rr6,rr14(#0x0012)
77f8c:  5f0084004556       call <<4>>0x4556
77f92:  7602840042f0       lda rr2,<<4>>0x42f0
77f98:  bd44               ldk r4,#4
77f9a:  21050028           ld r5,#0x0028
77f9e:  34e60012           lda rr6,rr14(#0x0012)
77fa2:  5f008400285a       call <<4>>0x285a
77fa8:  7602840042f0       lda rr2,<<4>>0x42f0
77fae:  5f00840011f6       call <<4>>0x11f6
77fb4:  760c84000175       lda rr12,<<4>>0x0175
77fba:  20c9               ldb rl1,@rr12
77fbc:  8c18               clrb rh1
77fbe:  0b010000           cp r1,#0x0000
77fc2:  e103               jr lt,0x7fca
77fc4:  0b0100ff           cp r1,#0x00ff
77fc8:  e205               jr le,0x7fd4
77fca:  21020010           ld r2,#0x0010
77fce:  5f00840033f6       call <<4>>0x33f6
77fd4:  a112               ld r2,r1
77fd6:  760ca0000114       lda rr12,<<32>>0x0114
77fdc:  21c3               ld r3,@rr12
77fde:  760ca0000114       lda rr12,<<32>>0x0114
77fe4:  31c40002           ld r4,rr12(#0x0002)
77fe8:  210500e1           ld r5,#0x00e1
77fec:  210600fc           ld r6,#0x00fc
77ff0:  5f00840044f2       call <<4>>0x44f2
77ff6:  4df41906           test <<25>>0x0006(r15)
77ffa:  e655               jr z,0x80a6
77ffc:  4df11906000e       cp <<25>>0x0006(r15),#0x000e
78002:  e651               jr z,0x80a6
78004:  bd11               ldk r1,#1
78006:  0b010000           cp r1,#0x0000
7800a:  e103               jr lt,0x8012
7800c:  0b010003           cp r1,#0x0003
78010:  e204               jr le,0x801a
78012:  bd2e               ldk r2,#14
78014:  5f00840033f6       call <<4>>0x33f6
7801a:  760c84000166       lda rr12,<<4>>0x0166
78020:  2ec9               ldb @rr12,rl1
78022:  5f00840044de       call <<4>>0x44de
78028:  7602840042f0       lda rr2,<<4>>0x42f0
7802e:  bd40               ldk r4,#0
78030:  bd53               ldk r5,#3
78032:  7606a100b5f0       lda rr6,<<33>>0xb5f0
78038:  5f008400285a       call <<4>>0x285a
7803e:  7602840042f0       lda rr2,<<4>>0x42f0
78044:  2104ffff           ld r4,#0xffff
78048:  21050012           ld r5,#0x0012
7804c:  7606a100b5de       lda rr6,<<33>>0xb5de
78052:  5f008400285a       call <<4>>0x285a
78058:  7602840042f0       lda rr2,<<4>>0x42f0
7805e:  5f00840011f6       call <<4>>0x11f6
78064:  760c84000175       lda rr12,<<4>>0x0175
7806a:  20c9               ldb rl1,@rr12
7806c:  8c18               clrb rh1
7806e:  0b010000           cp r1,#0x0000
78072:  e103               jr lt,0x807a
78074:  0b0100ff           cp r1,#0x00ff
78078:  e205               jr le,0x8084
7807a:  21020010           ld r2,#0x0010
7807e:  5f00840033f6       call <<4>>0x33f6
78084:  a112               ld r2,r1
78086:  760ca0000114       lda rr12,<<32>>0x0114
7808c:  21c3               ld r3,@rr12
7808e:  760ca0000114       lda rr12,<<32>>0x0114
78094:  31c40002           ld r4,rr12(#0x0002)
78098:  210500e1           ld r5,#0x00e1
7809c:  210600fc           ld r6,#0x00fc
780a0:  5f00840044f2       call <<4>>0x44f2
780a6:  010f003a           add r15,#0x003a
780aa:  9e08               ret 
780ac:  030f001c           sub r15,#0x001c
780b0:  0de50020           ld @rr14,#0x0020
780b4:  5cf902051906       ldm <<25>>0x0006(r15),r2,#6
780ba:  bd10               ldk r1,#0
780bc:  0b010000           cp r1,#0x0000
780c0:  e103               jr lt,0x80c8
780c2:  0b010001           cp r1,#0x0001
780c6:  e204               jr le,0x80d0
780c8:  bd2e               ldk r2,#14
780ca:  5f00840033f6       call <<4>>0x33f6
780d0:  6ef91912           ldb <<25>>0x0012(r15),rl1
780d4:  bd2c               ldk r2,#12
780d6:  34e40018           lda rr4,rr14(#0x0018)
780da:  7606a2003e00       lda rr6,<<34>>0x3e00
780e0:  5f00840041e4       call <<4>>0x41e4
780e6:  61f21906           ld r2,<<25>>0x0006(r15)
780ea:  61f31908           ld r3,<<25>>0x0008(r15)
780ee:  760ca100bf8a       lda rr12,<<33>>0xbf8a
780f4:  14c4               ldl rr4,@rr12
780f6:  5f00a1009dee       call <<33>>0x9dee
780fc:  6ff71916           ld <<25>>0x0016(r15),r7
78100:  61f21916           ld r2,<<25>>0x0016(r15)
78104:  5f00a1005f64       call <<33>>0x5f64
7810a:  8cf4               testb rl7
7810c:  5e06a1007b7a       jp z,<<33>>0x7b7a
78112:  61f21906           ld r2,<<25>>0x0006(r15)
78116:  54f41918           ldl rr4,<<25>>0x0018(r15)
7811a:  5f00a1009e0e       call <<33>>0x9e0e
78120:  6ff71916           ld <<25>>0x0016(r15),r7
78124:  4df119160005       cp <<25>>0x0016(r15),#0x0005
7812a:  ee50               jr nz,0x81cc
7812c:  bd11               ldk r1,#1
7812e:  0b010000           cp r1,#0x0000
78132:  e103               jr lt,0x813a
78134:  0b010003           cp r1,#0x0003
78138:  e204               jr le,0x8142
7813a:  bd2e               ldk r2,#14
7813c:  5f00840033f6       call <<4>>0x33f6
78142:  760c84000166       lda rr12,<<4>>0x0166
78148:  2ec9               ldb @rr12,rl1
7814a:  5f00840044de       call <<4>>0x44de
78150:  7602840042f0       lda rr2,<<4>>0x42f0
78156:  bd40               ldk r4,#0
78158:  bd53               ldk r5,#3
7815a:  7606a100b67c       lda rr6,<<33>>0xb67c
78160:  5f008400285a       call <<4>>0x285a
78166:  7602840042f0       lda rr2,<<4>>0x42f0
7816c:  2104ffff           ld r4,#0xffff
78170:  2105001d           ld r5,#0x001d
78174:  7606a100b65e       lda rr6,<<33>>0xb65e
7817a:  5f008400285a       call <<4>>0x285a
78180:  7602840042f0       lda rr2,<<4>>0x42f0
78186:  5f00840011f6       call <<4>>0x11f6
7818c:  760c84000175       lda rr12,<<4>>0x0175
78192:  20c9               ldb rl1,@rr12
78194:  8c18               clrb rh1
78196:  0b010000           cp r1,#0x0000
7819a:  e103               jr lt,0x81a2
7819c:  0b0100ff           cp r1,#0x00ff
781a0:  e205               jr le,0x81ac
781a2:  21020010           ld r2,#0x0010
781a6:  5f00840033f6       call <<4>>0x33f6
781ac:  a112               ld r2,r1
781ae:  760ca0000114       lda rr12,<<32>>0x0114
781b4:  21c3               ld r3,@rr12
781b6:  760ca0000114       lda rr12,<<32>>0x0114
781bc:  31c40002           ld r4,rr12(#0x0002)
781c0:  210500e1           ld r5,#0x00e1
781c4:  bd65               ldk r6,#5
781c6:  5f00840044f2       call <<4>>0x44f2
781cc:  4df41916           test <<25>>0x0016(r15)
781d0:  e655               jr z,0x827c
781d2:  4df119160005       cp <<25>>0x0016(r15),#0x0005
781d8:  e651               jr z,0x827c
781da:  bd11               ldk r1,#1
781dc:  0b010000           cp r1,#0x0000
781e0:  e103               jr lt,0x81e8
781e2:  0b010003           cp r1,#0x0003
781e6:  e204               jr le,0x81f0
781e8:  bd2e               ldk r2,#14
781ea:  5f00840033f6       call <<4>>0x33f6
781f0:  760c84000166       lda rr12,<<4>>0x0166
781f6:  2ec9               ldb @rr12,rl1
781f8:  5f00840044de       call <<4>>0x44de
781fe:  7602840042f0       lda rr2,<<4>>0x42f0
78204:  bd40               ldk r4,#0
78206:  bd53               ldk r5,#3
78208:  7606a100b65a       lda rr6,<<33>>0xb65a
7820e:  5f008400285a       call <<4>>0x285a
78214:  7602840042f0       lda rr2,<<4>>0x42f0
7821a:  2104ffff           ld r4,#0xffff
7821e:  21050012           ld r5,#0x0012
78222:  7606a100b648       lda rr6,<<33>>0xb648
78228:  5f008400285a       call <<4>>0x285a
7822e:  7602840042f0       lda rr2,<<4>>0x42f0
78234:  5f00840011f6       call <<4>>0x11f6
7823a:  760c84000175       lda rr12,<<4>>0x0175
78240:  20c9               ldb rl1,@rr12
78242:  8c18               clrb rh1
78244:  0b010000           cp r1,#0x0000
78248:  e103               jr lt,0x8250
7824a:  0b0100ff           cp r1,#0x00ff
7824e:  e205               jr le,0x825a
78250:  21020010           ld r2,#0x0010
78254:  5f00840033f6       call <<4>>0x33f6
7825a:  a112               ld r2,r1
7825c:  760ca0000114       lda rr12,<<32>>0x0114
78262:  21c3               ld r3,@rr12
78264:  760ca0000114       lda rr12,<<32>>0x0114
7826a:  31c40002           ld r4,rr12(#0x0002)
7826e:  210500e1           ld r5,#0x00e1
78272:  210600fc           ld r6,#0x00fc
78276:  5f00840044f2       call <<4>>0x44f2
7827c:  54fc1918           ldl rr12,<<25>>0x0018(r15)
78280:  a9d3               inc r13,#4
78282:  0dc4               test @rr12
78284:  c900               ldb rl1,#0x00
78286:  ae96               tccb z,rl1
78288:  b110               extsb r1
7828a:  0b010000           cp r1,#0x0000
7828e:  e103               jr lt,0x8296
78290:  0b010001           cp r1,#0x0001
78294:  e204               jr le,0x829e
78296:  bd2e               ldk r2,#14
78298:  5f00840033f6       call <<4>>0x33f6
7829e:  6ef91912           ldb <<25>>0x0012(r15),rl1
782a2:  54fc1918           ldl rr12,<<25>>0x0018(r15)
782a6:  a9d3               inc r13,#4
782a8:  0dc4               test @rr12
782aa:  c900               ldb rl1,#0x00
782ac:  ae96               tccb z,rl1
782ae:  b110               extsb r1
782b0:  0b010000           cp r1,#0x0000
782b4:  e103               jr lt,0x82bc
782b6:  0b010001           cp r1,#0x0001
782ba:  e204               jr le,0x82c4
782bc:  bd2e               ldk r2,#14
782be:  5f00840033f6       call <<4>>0x33f6
782c4:  760ca100bf7e       lda rr12,<<33>>0xbf7e
782ca:  32c90001           ldb rr12(#0x0001),rl1
782ce:  54fc1918           ldl rr12,<<25>>0x0018(r15)
782d2:  a9d3               inc r13,#4
782d4:  0dc10001           cp @rr12,#0x0001
782d8:  ee50               jr nz,0x837a
782da:  bd11               ldk r1,#1
782dc:  0b010000           cp r1,#0x0000
782e0:  e103               jr lt,0x82e8
782e2:  0b010003           cp r1,#0x0003
782e6:  e204               jr le,0x82f0
782e8:  bd2e               ldk r2,#14
782ea:  5f00840033f6       call <<4>>0x33f6
782f0:  760c84000166       lda rr12,<<4>>0x0166
782f6:  2ec9               ldb @rr12,rl1
782f8:  5f00840044de       call <<4>>0x44de
782fe:  7602840042f0       lda rr2,<<4>>0x42f0
78304:  bd40               ldk r4,#0
78306:  bd53               ldk r5,#3
78308:  7606a100b644       lda rr6,<<33>>0xb644
7830e:  5f008400285a       call <<4>>0x285a
78314:  7602840042f0       lda rr2,<<4>>0x42f0
7831a:  2104ffff           ld r4,#0xffff
7831e:  bd5d               ldk r5,#13
78320:  7606a100b636       lda rr6,<<33>>0xb636
78326:  5f008400285a       call <<4>>0x285a
7832c:  7602840042f0       lda rr2,<<4>>0x42f0
78332:  5f00840011f6       call <<4>>0x11f6
78338:  760c84000175       lda rr12,<<4>>0x0175
7833e:  20c9               ldb rl1,@rr12
78340:  8c18               clrb rh1
78342:  0b010000           cp r1,#0x0000
78346:  e103               jr lt,0x834e
78348:  0b0100ff           cp r1,#0x00ff
7834c:  e205               jr le,0x8358
7834e:  21020010           ld r2,#0x0010
78352:  5f00840033f6       call <<4>>0x33f6
78358:  a112               ld r2,r1
7835a:  760ca0000114       lda rr12,<<32>>0x0114
78360:  21c3               ld r3,@rr12
78362:  760ca0000114       lda rr12,<<32>>0x0114
78368:  31c40002           ld r4,rr12(#0x0002)
7836c:  210500e1           ld r5,#0x00e1
78370:  210600fb           ld r6,#0x00fb
78374:  5f00840044f2       call <<4>>0x44f2
7837a:  60ff1912           ldb rl7,<<25>>0x0012(r15)
7837e:  010f001c           add r15,#0x001c
78382:  9e08               ret 
78384:  030f0028           sub r15,#0x0028
78388:  0de5002c           ld @rr14,#0x002c
7838c:  5cf90205190c       ldm <<25>>0x000c(r15),r2,#6
78392:  54fc1910           ldl rr12,<<25>>0x0010(r15)
78396:  5dfc1918           ldl <<25>>0x0018(r15),rr12
7839a:  60f9190d           ldb rl1,<<25>>0x000d(r15)
7839e:  8c18               clrb rh1
783a0:  0b010063           cp r1,#0x0063
783a4:  ee2f               jr nz,0x8404
783a6:  61f1190e           ld r1,<<25>>0x000e(r15)
783aa:  8d14               test r1
783ac:  ed02               jr pl,0x83b2
783ae:  8d12               neg r1
783b0:  a51f               set r1,#15
783b2:  b311ffff           srl r1,#1
783b6:  a71e               bit r1,#14
783b8:  e602               jr z,0x83be
783ba:  a31e               res r1,#14
783bc:  8d12               neg r1
783be:  6ff1190a           ld <<25>>0x000a(r15),r1
783c2:  4df519260001       ld <<25>>0x0026(r15),#0x0001
783c8:  e815               jr 0x83f4
783ca:  61f11926           ld r1,<<25>>0x0026(r15)
783ce:  0b010001           cp r1,#0x0001
783d2:  e103               jr lt,0x83da
783d4:  0b011a00           cp r1,#0x1a00
783d8:  e204               jr le,0x83e2
783da:  bd2d               ldk r2,#13
783dc:  5f00840033f6       call <<4>>0x33f6
783e2:  8111               add r1,r1
783e4:  54fc1918           ldl rr12,<<25>>0x0018(r15)
783e8:  811d               add r13,r1
783ea:  abd1               dec r13,#2
783ec:  0dc54292           ld @rr12,#0x4292
783f0:  69f01926           inc <<25>>0x0026(r15),#1
783f4:  61f11926           ld r1,<<25>>0x0026(r15)
783f8:  4bf1190a           cp r1,<<25>>0x000a(r15)
783fc:  e2e6               jr le,0x83ca
783fe:  5e08a1007d9a       jp <<33>>0x7d9a
78404:  0b010077           cp r1,#0x0077
78408:  5e0ea1007d92       jp nz,<<33>>0x7d92
7840e:  61f1190e           ld r1,<<25>>0x000e(r15)
78412:  8d14               test r1
78414:  ed02               jr pl,0x841a
78416:  8d12               neg r1
78418:  a51f               set r1,#15
7841a:  b311ffff           srl r1,#1
7841e:  a71e               bit r1,#14
78420:  e602               jr z,0x8426
78422:  a31e               res r1,#14
78424:  8d12               neg r1
78426:  6ff1190a           ld <<25>>0x000a(r15),r1
7842a:  4df519260001       ld <<25>>0x0026(r15),#0x0001
78430:  e815               jr 0x845c
78432:  61f11926           ld r1,<<25>>0x0026(r15)
78436:  0b010001           cp r1,#0x0001
7843a:  e103               jr lt,0x8442
7843c:  0b011a00           cp r1,#0x1a00
78440:  e204               jr le,0x844a
78442:  bd2d               ldk r2,#13
78444:  5f00840033f6       call <<4>>0x33f6
7844a:  8111               add r1,r1
7844c:  54fc1918           ldl rr12,<<25>>0x0018(r15)
78450:  811d               add r13,r1
78452:  abd1               dec r13,#2
78454:  0dc5bd6d           ld @rr12,#0xbd6d
78458:  69f01926           inc <<25>>0x0026(r15),#1
7845c:  61f11926           ld r1,<<25>>0x0026(r15)
78460:  4bf1190a           cp r1,<<25>>0x000a(r15)
78464:  e2e6               jr le,0x8432
78466:  760ca100bf7e       lda rr12,<<33>>0xbf7e
7846c:  20c9               ldb rl1,@rr12
7846e:  b110               extsb r1
78470:  0b010002           cp r1,#0x0002
78474:  ee47               jr nz,0x8504
78476:  54fc1910           ldl rr12,<<25>>0x0010(r15)
7847a:  5dfc191c           ldl <<25>>0x001c(r15),rr12
7847e:  61f1190e           ld r1,<<25>>0x000e(r15)
78482:  8d14               test r1
78484:  ed02               jr pl,0x848a
78486:  8d12               neg r1
78488:  a51f               set r1,#15
7848a:  b311fff8           srl r1,#8
7848e:  a717               bit r1,#7
78490:  e602               jr z,0x8496
78492:  a317               res r1,#7
78494:  8d12               neg r1
78496:  6ff1190a           ld <<25>>0x000a(r15),r1
7849a:  4df519240001       ld <<25>>0x0024(r15),#0x0001
784a0:  e82b               jr 0x84f8
784a2:  61f11924           ld r1,<<25>>0x0024(r15)
784a6:  0b010001           cp r1,#0x0001
784aa:  e103               jr lt,0x84b2
784ac:  0b01001a           cp r1,#0x001a
784b0:  e204               jr le,0x84ba
784b2:  bd2d               ldk r2,#13
784b4:  5f00840033f6       call <<4>>0x33f6
784ba:  b3190008           sla r1,#8
784be:  54fc191c           ldl rr12,<<25>>0x001c(r15)
784c2:  811d               add r13,r1
784c4:  94c2               ldl rr2,rr12
784c6:  0103ff00           add r3,#0xff00
784ca:  61f11914           ld r1,<<25>>0x0014(r15)
784ce:  2f21               ld @rr2,r1
784d0:  61f11924           ld r1,<<25>>0x0024(r15)
784d4:  41f11916           add r1,<<25>>0x0016(r15)
784d8:  ab10               dec r1,#1
784da:  a11d               ld r13,r1
784dc:  b1ca               exts rr12
784de:  1b0c001b           div rr12,#0x001b
784e2:  332d0002           ld rr2(#0x0002),r13
784e6:  61f11924           ld r1,<<25>>0x0024(r15)
784ea:  41f11916           add r1,<<25>>0x0016(r15)
784ee:  ab10               dec r1,#1
784f0:  33210004           ld rr2(#0x0004),r1
784f4:  69f01924           inc <<25>>0x0024(r15),#1
784f8:  61f11924           ld r1,<<25>>0x0024(r15)
784fc:  4bf1190a           cp r1,<<25>>0x000a(r15)
78500:  e2d0               jr le,0x84a2
78502:  e846               jr 0x8590
78504:  0b010000           cp r1,#0x0000
78508:  ee3f               jr nz,0x8588
7850a:  54fc1910           ldl rr12,<<25>>0x0010(r15)
7850e:  5dfc1920           ldl <<25>>0x0020(r15),rr12
78512:  61f1190e           ld r1,<<25>>0x000e(r15)
78516:  8d14               test r1
78518:  ed02               jr pl,0x851e
7851a:  8d12               neg r1
7851c:  a51f               set r1,#15
7851e:  b311fff9           srl r1,#7
78522:  a718               bit r1,#8
78524:  e602               jr z,0x852a
78526:  a318               res r1,#8
78528:  8d12               neg r1
7852a:  6ff1190a           ld <<25>>0x000a(r15),r1
7852e:  4df519240001       ld <<25>>0x0024(r15),#0x0001
78534:  e823               jr 0x857c
78536:  61f11924           ld r1,<<25>>0x0024(r15)
7853a:  0b010001           cp r1,#0x0001
7853e:  e103               jr lt,0x8546
78540:  0b01001a           cp r1,#0x001a
78544:  e204               jr le,0x854e
78546:  bd2d               ldk r2,#13
78548:  5f00840033f6       call <<4>>0x33f6
7854e:  b3190007           sla r1,#7
78552:  54fc1920           ldl rr12,<<25>>0x0020(r15)
78556:  811d               add r13,r1
78558:  94c2               ldl rr2,rr12
7855a:  0103ff80           add r3,#0xff80
7855e:  61f11914           ld r1,<<25>>0x0014(r15)
78562:  2f21               ld @rr2,r1
78564:  942c               ldl rr12,rr2
78566:  a9d1               inc r13,#2
78568:  0dc8               clr @rr12
7856a:  61f11924           ld r1,<<25>>0x0024(r15)
7856e:  41f11916           add r1,<<25>>0x0016(r15)
78572:  ab10               dec r1,#1
78574:  33210004           ld rr2(#0x0004),r1
78578:  69f01924           inc <<25>>0x0024(r15),#1
7857c:  61f11924           ld r1,<<25>>0x0024(r15)
78580:  4bf1190a           cp r1,<<25>>0x000a(r15)
78584:  e2d8               jr le,0x8536
78586:  e804               jr 0x8590
78588:  bd20               ldk r2,#0
7858a:  5f00840033f6       call <<4>>0x33f6
78590:  e804               jr 0x859a
78592:  bd20               ldk r2,#0
78594:  5f00840033f6       call <<4>>0x33f6
7859a:  010f0028           add r15,#0x0028
7859e:  9e08               ret 
785a0:  030f001e           sub r15,#0x001e
785a4:  0de50022           ld @rr14,#0x0022
785a8:  5cf902051906       ldm <<25>>0x0006(r15),r2,#6
785ae:  4df8191a           clr <<25>>0x001a(r15)
785b2:  69f0191a           inc <<25>>0x001a(r15),#1
785b6:  61f21906           ld r2,<<25>>0x0006(r15)
785ba:  5f00a10075ca       call <<33>>0x75ca
785c0:  760c84000166       lda rr12,<<4>>0x0166
785c6:  0cc10000           cpb @rr12,#0x00
785ca:  ee2f               jr nz,0x862a
785cc:  760ca100b77c       lda rr12,<<33>>0xb77c
785d2:  0dc5ffff           ld @rr12,#0xffff
785d6:  61f21906           ld r2,<<25>>0x0006(r15)
785da:  61f31908           ld r3,<<25>>0x0008(r15)
785de:  760ca100bf8a       lda rr12,<<33>>0xbf8a
785e4:  14c4               ldl rr4,@rr12
785e6:  5f00a10094b2       call <<33>>0x94b2
785ec:  6ff71916           ld <<25>>0x0016(r15),r7
785f0:  61f21916           ld r2,<<25>>0x0016(r15)
785f4:  5f00a1005f64       call <<33>>0x5f64
785fa:  8cf4               testb rl7
785fc:  e616               jr z,0x862a
785fe:  5f00a100595e       call <<33>>0x595e
78604:  760c84000166       lda rr12,<<4>>0x0166
7860a:  0cc10000           cpb @rr12,#0x00
7860e:  ee0d               jr nz,0x862a
78610:  61f21906           ld r2,<<25>>0x0006(r15)
78614:  54f4190a           ldl rr4,<<25>>0x000a(r15)
78618:  5f00a10094d2       call <<33>>0x94d2
7861e:  6ff71918           ld <<25>>0x0018(r15),r7
78622:  61f11918           ld r1,<<25>>0x0018(r15)
78626:  6ff11912           ld <<25>>0x0012(r15),r1
7862a:  760ca100b77c       lda rr12,<<33>>0xb77c
78630:  0dc5ffff           ld @rr12,#0xffff
78634:  4df11918001a       cp <<25>>0x0018(r15),#0x001a
7863a:  ee04               jr nz,0x8644
7863c:  4df1191a0001       cp <<25>>0x001a(r15),#0x0001
78642:  e2b7               jr le,0x85b2
78644:  4df41918           test <<25>>0x0018(r15)
78648:  5e0ea1008004       jp nz,<<33>>0x8004
7864e:  760ca100b77c       lda rr12,<<33>>0xb77c
78654:  0dc5ffff           ld @rr12,#0xffff
78658:  61f21906           ld r2,<<25>>0x0006(r15)
7865c:  760ca100bf8a       lda rr12,<<33>>0xbf8a
78662:  14c4               ldl rr4,@rr12
78664:  5f00a1009d2a       call <<33>>0x9d2a
7866a:  6ff71916           ld <<25>>0x0016(r15),r7
7866e:  61f21906           ld r2,<<25>>0x0006(r15)
78672:  bd31               ldk r3,#1
78674:  bd40               ldk r4,#0
78676:  5f00a1009cc6       call <<33>>0x9cc6
7867c:  6ff71916           ld <<25>>0x0016(r15),r7
78680:  4df41916           test <<25>>0x0016(r15)
78684:  e651               jr z,0x8728
78686:  bd11               ldk r1,#1
78688:  0b010000           cp r1,#0x0000
7868c:  e103               jr lt,0x8694
7868e:  0b010003           cp r1,#0x0003
78692:  e204               jr le,0x869c
78694:  bd2e               ldk r2,#14
78696:  5f00840033f6       call <<4>>0x33f6
7869c:  760c84000166       lda rr12,<<4>>0x0166
786a2:  2ec9               ldb @rr12,rl1
786a4:  5f00840044de       call <<4>>0x44de
786aa:  7602840042f0       lda rr2,<<4>>0x42f0
786b0:  bd40               ldk r4,#0
786b2:  bd53               ldk r5,#3
786b4:  7606a100b6a4       lda rr6,<<33>>0xb6a4
786ba:  5f008400285a       call <<4>>0x285a
786c0:  7602840042f0       lda rr2,<<4>>0x42f0
786c6:  2104ffff           ld r4,#0xffff
786ca:  21050012           ld r5,#0x0012
786ce:  7606a100b692       lda rr6,<<33>>0xb692
786d4:  5f008400285a       call <<4>>0x285a
786da:  7602840042f0       lda rr2,<<4>>0x42f0
786e0:  5f00840011f6       call <<4>>0x11f6
786e6:  760c84000175       lda rr12,<<4>>0x0175
786ec:  20c9               ldb rl1,@rr12
786ee:  8c18               clrb rh1
786f0:  0b010000           cp r1,#0x0000
786f4:  e103               jr lt,0x86fc
786f6:  0b0100ff           cp r1,#0x00ff
786fa:  e205               jr le,0x8706
786fc:  21020010           ld r2,#0x0010
78700:  5f00840033f6       call <<4>>0x33f6
78706:  a112               ld r2,r1
78708:  760ca0000114       lda rr12,<<32>>0x0114
7870e:  21c3               ld r3,@rr12
78710:  760ca0000114       lda rr12,<<32>>0x0114
78716:  31c40002           ld r4,rr12(#0x0002)
7871a:  210500e1           ld r5,#0x00e1
7871e:  210600fc           ld r6,#0x00fc
78722:  5f00840044f2       call <<4>>0x44f2
78728:  760c84000166       lda rr12,<<4>>0x0166
7872e:  0cc10000           cpb @rr12,#0x00
78732:  ee03               jr nz,0x873a
78734:  5f00a100595e       call <<33>>0x595e
7873a:  760c84000166       lda rr12,<<4>>0x0166
78740:  0cc10000           cpb @rr12,#0x00
78744:  ee5f               jr nz,0x8804
78746:  61f21906           ld r2,<<25>>0x0006(r15)
7874a:  bd30               ldk r3,#0
7874c:  34ec001c           lda rr12,rr14(#0x001c)
78750:  94c4               ldl rr4,rr12
78752:  5f00a1009ce6       call <<33>>0x9ce6
78758:  6ff71916           ld <<25>>0x0016(r15),r7
7875c:  4df11916000d       cp <<25>>0x0016(r15),#0x000d
78762:  e650               jr z,0x8804
78764:  bd11               ldk r1,#1
78766:  0b010000           cp r1,#0x0000
7876a:  e103               jr lt,0x8772
7876c:  0b010003           cp r1,#0x0003
78770:  e204               jr le,0x877a
78772:  bd2e               ldk r2,#14
78774:  5f00840033f6       call <<4>>0x33f6
7877a:  760c84000166       lda rr12,<<4>>0x0166
78780:  2ec9               ldb @rr12,rl1
78782:  5f00840044de       call <<4>>0x44de
78788:  7602840042f0       lda rr2,<<4>>0x42f0
7878e:  bd40               ldk r4,#0
78790:  bd53               ldk r5,#3
78792:  7606a100b68e       lda rr6,<<33>>0xb68e
78798:  5f008400285a       call <<4>>0x285a
7879e:  7602840042f0       lda rr2,<<4>>0x42f0
787a4:  2104ffff           ld r4,#0xffff
787a8:  bd5e               ldk r5,#14
787aa:  7606a100b680       lda rr6,<<33>>0xb680
787b0:  5f008400285a       call <<4>>0x285a
787b6:  7602840042f0       lda rr2,<<4>>0x42f0
787bc:  5f00840011f6       call <<4>>0x11f6
787c2:  760c84000175       lda rr12,<<4>>0x0175
787c8:  20c9               ldb rl1,@rr12
787ca:  8c18               clrb rh1
787cc:  0b010000           cp r1,#0x0000
787d0:  e103               jr lt,0x87d8
787d2:  0b0100ff           cp r1,#0x00ff
787d6:  e205               jr le,0x87e2
787d8:  21020010           ld r2,#0x0010
787dc:  5f00840033f6       call <<4>>0x33f6
787e2:  a112               ld r2,r1
787e4:  760ca0000114       lda rr12,<<32>>0x0114
787ea:  21c3               ld r3,@rr12
787ec:  760ca0000114       lda rr12,<<32>>0x0114
787f2:  31c40002           ld r4,rr12(#0x0002)
787f6:  210500e1           ld r5,#0x00e1
787fa:  210600f8           ld r6,#0x00f8
787fe:  5f00840044f2       call <<4>>0x44f2
78804:  61f71912           ld r7,<<25>>0x0012(r15)
78808:  010f001e           add r15,#0x001e
7880c:  9e08               ret 
7880e:  030f0018           sub r15,#0x0018
78812:  0de5001c           ld @rr14,#0x001c
78816:  5cf902051906       ldm <<25>>0x0006(r15),r2,#6
7881c:  61f21906           ld r2,<<25>>0x0006(r15)
78820:  5f00a10075ca       call <<33>>0x75ca
78826:  760c84000166       lda rr12,<<4>>0x0166
7882c:  0cc10000           cpb @rr12,#0x00
78830:  ee2d               jr nz,0x888c
78832:  760ca100b77c       lda rr12,<<33>>0xb77c
78838:  0dc5ffff           ld @rr12,#0xffff
7883c:  61f21906           ld r2,<<25>>0x0006(r15)
78840:  61f31908           ld r3,<<25>>0x0008(r15)
78844:  61f4190a           ld r4,<<25>>0x000a(r15)
78848:  760ca100bf8a       lda rr12,<<33>>0xbf8a
7884e:  14c6               ldl rr6,@rr12
78850:  5f00a1009536       call <<33>>0x9536
78856:  6ff71916           ld <<25>>0x0016(r15),r7
7885a:  61f21916           ld r2,<<25>>0x0016(r15)
7885e:  5f00a1005f64       call <<33>>0x5f64
78864:  8cf4               testb rl7
78866:  e612               jr z,0x888c
78868:  5f00a100595e       call <<33>>0x595e
7886e:  760c84000166       lda rr12,<<4>>0x0166
78874:  0cc10000           cpb @rr12,#0x00
78878:  ee09               jr nz,0x888c
7887a:  61f21906           ld r2,<<25>>0x0006(r15)
7887e:  54f4190e           ldl rr4,<<25>>0x000e(r15)
78882:  5f00a1009556       call <<33>>0x9556
78888:  6ff71912           ld <<25>>0x0012(r15),r7
7888c:  61f71912           ld r7,<<25>>0x0012(r15)
78890:  010f0018           add r15,#0x0018
78894:  9e08               ret 
78896:  030f001a           sub r15,#0x001a
7889a:  0de5001e           ld @rr14,#0x001e
7889e:  5cf902051906       ldm <<25>>0x0006(r15),r2,#6
788a4:  61f21906           ld r2,<<25>>0x0006(r15)
788a8:  5f00a10075ca       call <<33>>0x75ca
788ae:  760c84000166       lda rr12,<<4>>0x0166
788b4:  0cc10000           cpb @rr12,#0x00
788b8:  5e0ea10082e6       jp nz,<<33>>0x82e6
788be:  760ca100b77c       lda rr12,<<33>>0xb77c
788c4:  0dc5ffff           ld @rr12,#0xffff
788c8:  61f21906           ld r2,<<25>>0x0006(r15)
788cc:  21030064           ld r3,#0x0064
788d0:  bd41               ldk r4,#1
788d2:  5f00a1009cc6       call <<33>>0x9cc6
788d8:  6ff71916           ld <<25>>0x0016(r15),r7
788dc:  61f21916           ld r2,<<25>>0x0016(r15)
788e0:  5f00a1005f64       call <<33>>0x5f64
788e6:  8cf4               testb rl7
788e8:  5e06a10082e6       jp z,<<33>>0x82e6
788ee:  760ca100bf7e       lda rr12,<<33>>0xbf7e
788f4:  0cc10202           cpb @rr12,#0x02
788f8:  ee0e               jr nz,0x8916
788fa:  61f21906           ld r2,<<25>>0x0006(r15)
788fe:  61f31908           ld r3,<<25>>0x0008(r15)
78902:  760ca100bf8a       lda rr12,<<33>>0xbf8a
78908:  14c4               ldl rr4,@rr12
7890a:  5f00a1009516       call <<33>>0x9516
78910:  6ff71916           ld <<25>>0x0016(r15),r7
78914:  e80d               jr 0x8930
78916:  61f21906           ld r2,<<25>>0x0006(r15)
7891a:  61f31908           ld r3,<<25>>0x0008(r15)
7891e:  760ca100bf8a       lda rr12,<<33>>0xbf8a
78924:  14c4               ldl rr4,@rr12
78926:  5f00a10094f6       call <<33>>0x94f6
7892c:  6ff71916           ld <<25>>0x0016(r15),r7
78930:  61f21916           ld r2,<<25>>0x0016(r15)
78934:  5f00a1005f64       call <<33>>0x5f64
7893a:  8cf4               testb rl7
7893c:  5e06a10082e6       jp z,<<33>>0x82e6
78942:  5f00a100595e       call <<33>>0x595e
78948:  760c84000166       lda rr12,<<4>>0x0166
7894e:  0cc10000           cpb @rr12,#0x00
78952:  5e0ea10082e6       jp nz,<<33>>0x82e6
78958:  61f21906           ld r2,<<25>>0x0006(r15)
7895c:  bd32               ldk r3,#2
7895e:  34ec0018           lda rr12,rr14(#0x0018)
78962:  94c4               ldl rr4,rr12
78964:  5f00a1009ce6       call <<33>>0x9ce6
7896a:  6ff71916           ld <<25>>0x0016(r15),r7
7896e:  4df11916000d       cp <<25>>0x0016(r15),#0x000d
78974:  ee51               jr nz,0x8a18
78976:  bd11               ldk r1,#1
78978:  0b010000           cp r1,#0x0000
7897c:  e103               jr lt,0x8984
7897e:  0b010003           cp r1,#0x0003
78982:  e204               jr le,0x898c
78984:  bd2e               ldk r2,#14
78986:  5f00840033f6       call <<4>>0x33f6
7898c:  760c84000166       lda rr12,<<4>>0x0166
78992:  2ec9               ldb @rr12,rl1
78994:  5f00840044de       call <<4>>0x44de
7899a:  7602840042f0       lda rr2,<<4>>0x42f0
789a0:  bd40               ldk r4,#0
789a2:  bd53               ldk r5,#3
789a4:  7606a100b6de       lda rr6,<<33>>0xb6de
789aa:  5f008400285a       call <<4>>0x285a
789b0:  7602840042f0       lda rr2,<<4>>0x42f0
789b6:  2104ffff           ld r4,#0xffff
789ba:  2105001f           ld r5,#0x001f
789be:  7606a100b6be       lda rr6,<<33>>0xb6be
789c4:  5f008400285a       call <<4>>0x285a
789ca:  7602840042f0       lda rr2,<<4>>0x42f0
789d0:  5f00840011f6       call <<4>>0x11f6
789d6:  760c84000175       lda rr12,<<4>>0x0175
789dc:  20c9               ldb rl1,@rr12
789de:  8c18               clrb rh1
789e0:  0b010000           cp r1,#0x0000
789e4:  e103               jr lt,0x89ec
789e6:  0b0100ff           cp r1,#0x00ff
789ea:  e205               jr le,0x89f6
789ec:  21020010           ld r2,#0x0010
789f0:  5f00840033f6       call <<4>>0x33f6
789f6:  a112               ld r2,r1
789f8:  760ca0000114       lda rr12,<<32>>0x0114
789fe:  21c3               ld r3,@rr12
78a00:  760ca0000114       lda rr12,<<32>>0x0114
78a06:  31c40002           ld r4,rr12(#0x0002)
78a0a:  210500e1           ld r5,#0x00e1
78a0e:  210600fc           ld r6,#0x00fc
78a12:  5f00840044f2       call <<4>>0x44f2
78a18:  4df41916           test <<25>>0x0016(r15)
78a1c:  e655               jr z,0x8ac8
78a1e:  4df11916000d       cp <<25>>0x0016(r15),#0x000d
78a24:  e651               jr z,0x8ac8
78a26:  bd11               ldk r1,#1
78a28:  0b010000           cp r1,#0x0000
78a2c:  e103               jr lt,0x8a34
78a2e:  0b010003           cp r1,#0x0003
78a32:  e204               jr le,0x8a3c
78a34:  bd2e               ldk r2,#14
78a36:  5f00840033f6       call <<4>>0x33f6
78a3c:  760c84000166       lda rr12,<<4>>0x0166
78a42:  2ec9               ldb @rr12,rl1
78a44:  5f00840044de       call <<4>>0x44de
78a4a:  7602840042f0       lda rr2,<<4>>0x42f0
78a50:  bd40               ldk r4,#0
78a52:  bd53               ldk r5,#3
78a54:  7606a100b6ba       lda rr6,<<33>>0xb6ba
78a5a:  5f008400285a       call <<4>>0x285a
78a60:  7602840042f0       lda rr2,<<4>>0x42f0
78a66:  2104ffff           ld r4,#0xffff
78a6a:  21050012           ld r5,#0x0012
78a6e:  7606a100b6a8       lda rr6,<<33>>0xb6a8
78a74:  5f008400285a       call <<4>>0x285a
78a7a:  7602840042f0       lda rr2,<<4>>0x42f0
78a80:  5f00840011f6       call <<4>>0x11f6
78a86:  760c84000175       lda rr12,<<4>>0x0175
78a8c:  20c9               ldb rl1,@rr12
78a8e:  8c18               clrb rh1
78a90:  0b010000           cp r1,#0x0000
78a94:  e103               jr lt,0x8a9c
78a96:  0b0100ff           cp r1,#0x00ff
78a9a:  e205               jr le,0x8aa6
78a9c:  21020010           ld r2,#0x0010
78aa0:  5f00840033f6       call <<4>>0x33f6
78aa6:  a112               ld r2,r1
78aa8:  760ca0000114       lda rr12,<<32>>0x0114
78aae:  21c3               ld r3,@rr12
78ab0:  760ca0000114       lda rr12,<<32>>0x0114
78ab6:  31c40002           ld r4,rr12(#0x0002)
78aba:  210500e1           ld r5,#0x00e1
78abe:  210600fc           ld r6,#0x00fc
78ac2:  5f00840044f2       call <<4>>0x44f2
78ac8:  760c84000166       lda rr12,<<4>>0x0166
78ace:  0cc10000           cpb @rr12,#0x00
78ad2:  ee09               jr nz,0x8ae6
78ad4:  61f21906           ld r2,<<25>>0x0006(r15)
78ad8:  54f4190a           ldl rr4,<<25>>0x000a(r15)
78adc:  5f00a100957a       call <<33>>0x957a
78ae2:  6ff71912           ld <<25>>0x0012(r15),r7
78ae6:  61f71912           ld r7,<<25>>0x0012(r15)
78aea:  010f001a           add r15,#0x001a
78aee:  9e08               ret 
78af0:  030f001c           sub r15,#0x001c
78af4:  0de50020           ld @rr14,#0x0020
78af8:  5cf902051906       ldm <<25>>0x0006(r15),r2,#6
78afe:  61f21906           ld r2,<<25>>0x0006(r15)
78b02:  5f00a10075ca       call <<33>>0x75ca
78b08:  760c84000166       lda rr12,<<4>>0x0166
78b0e:  0cc10000           cpb @rr12,#0x00
78b12:  5e0ea10085b0       jp nz,<<33>>0x85b0
78b18:  760ca100b77c       lda rr12,<<33>>0xb77c
78b1e:  0dc5ffff           ld @rr12,#0xffff
78b22:  61f21906           ld r2,<<25>>0x0006(r15)
78b26:  54fc190a           ldl rr12,<<25>>0x000a(r15)
78b2a:  31c30004           ld r3,rr12(#0x0004)
78b2e:  54fc190a           ldl rr12,<<25>>0x000a(r15)
78b32:  35c40008           ldl rr4,rr12(#0x0008)
78b36:  5f00a1009ca6       call <<33>>0x9ca6
78b3c:  6ff71916           ld <<25>>0x0016(r15),r7
78b40:  61f21916           ld r2,<<25>>0x0016(r15)
78b44:  5f00a1005f64       call <<33>>0x5f64
78b4a:  8cf4               testb rl7
78b4c:  5e06a10085b0       jp z,<<33>>0x85b0
78b52:  61f21906           ld r2,<<25>>0x0006(r15)
78b56:  54fc190a           ldl rr12,<<25>>0x000a(r15)
78b5a:  31c10006           ld r1,rr12(#0x0006)
78b5e:  a913               inc r1,#4
78b60:  19000014           mult rr0,#0x0014
78b64:  a113               ld r3,r1
78b66:  54fc190a           ldl rr12,<<25>>0x000a(r15)
78b6a:  31c40006           ld r4,rr12(#0x0006)
78b6e:  5f00a1009cc6       call <<33>>0x9cc6
78b74:  6ff71916           ld <<25>>0x0016(r15),r7
78b78:  61f21916           ld r2,<<25>>0x0016(r15)
78b7c:  5f00a1005f64       call <<33>>0x5f64
78b82:  8cf4               testb rl7
78b84:  5e06a10085b0       jp z,<<33>>0x85b0
78b8a:  61f21906           ld r2,<<25>>0x0006(r15)
78b8e:  61f31908           ld r3,<<25>>0x0008(r15)
78b92:  54fc190a           ldl rr12,<<25>>0x000a(r15)
78b96:  21c4               ld r4,@rr12
78b98:  54fc190a           ldl rr12,<<25>>0x000a(r15)
78b9c:  31c50002           ld r5,rr12(#0x0002)
78ba0:  760ca100bf8a       lda rr12,<<33>>0xbf8a
78ba6:  14c6               ldl rr6,@rr12
78ba8:  54fc192a           ldl rr12,<<25>>0x002a(r15)
78bac:  5dfc1902           ldl <<25>>0x0002(r15),rr12
78bb0:  54fc1926           ldl rr12,<<25>>0x0026(r15)
78bb4:  1fc0               call @rr12
78bb6:  6ff71916           ld <<25>>0x0016(r15),r7
78bba:  61f21916           ld r2,<<25>>0x0016(r15)
78bbe:  5f00a1005f64       call <<33>>0x5f64
78bc4:  8cf4               testb rl7
78bc6:  5e06a10085b0       jp z,<<33>>0x85b0
78bcc:  5f00a100595e       call <<33>>0x595e
78bd2:  760c84000166       lda rr12,<<4>>0x0166
78bd8:  0cc10000           cpb @rr12,#0x00
78bdc:  5e0ea10085b0       jp nz,<<33>>0x85b0
78be2:  61f21906           ld r2,<<25>>0x0006(r15)
78be6:  54fc190a           ldl rr12,<<25>>0x000a(r15)
78bea:  31c30006           ld r3,rr12(#0x0006)
78bee:  34ec001a           lda rr12,rr14(#0x001a)
78bf2:  94c4               ldl rr4,rr12
78bf4:  5f00a1009ce6       call <<33>>0x9ce6
78bfa:  6ff71916           ld <<25>>0x0016(r15),r7
78bfe:  4df11916000d       cp <<25>>0x0016(r15),#0x000d
78c04:  ee51               jr nz,0x8ca8
78c06:  bd11               ldk r1,#1
78c08:  0b010000           cp r1,#0x0000
78c0c:  e103               jr lt,0x8c14
78c0e:  0b010003           cp r1,#0x0003
78c12:  e204               jr le,0x8c1c
78c14:  bd2e               ldk r2,#14
78c16:  5f00840033f6       call <<4>>0x33f6
78c1c:  760c84000166       lda rr12,<<4>>0x0166
78c22:  2ec9               ldb @rr12,rl1
78c24:  5f00840044de       call <<4>>0x44de
78c2a:  7602840042f0       lda rr2,<<4>>0x42f0
78c30:  bd40               ldk r4,#0
78c32:  bd53               ldk r5,#3
78c34:  7606a100b718       lda rr6,<<33>>0xb718
78c3a:  5f008400285a       call <<4>>0x285a
78c40:  7602840042f0       lda rr2,<<4>>0x42f0
78c46:  2104ffff           ld r4,#0xffff
78c4a:  2105001f           ld r5,#0x001f
78c4e:  7606a100b6f8       lda rr6,<<33>>0xb6f8
78c54:  5f008400285a       call <<4>>0x285a
78c5a:  7602840042f0       lda rr2,<<4>>0x42f0
78c60:  5f00840011f6       call <<4>>0x11f6
78c66:  760c84000175       lda rr12,<<4>>0x0175
78c6c:  20c9               ldb rl1,@rr12
78c6e:  8c18               clrb rh1
78c70:  0b010000           cp r1,#0x0000
78c74:  e103               jr lt,0x8c7c
78c76:  0b0100ff           cp r1,#0x00ff
78c7a:  e205               jr le,0x8c86
78c7c:  21020010           ld r2,#0x0010
78c80:  5f00840033f6       call <<4>>0x33f6
78c86:  a112               ld r2,r1
78c88:  760ca0000114       lda rr12,<<32>>0x0114
78c8e:  21c3               ld r3,@rr12
78c90:  760ca0000114       lda rr12,<<32>>0x0114
78c96:  31c40002           ld r4,rr12(#0x0002)
78c9a:  210500e1           ld r5,#0x00e1
78c9e:  210600fc           ld r6,#0x00fc
78ca2:  5f00840044f2       call <<4>>0x44f2
78ca8:  4df41916           test <<25>>0x0016(r15)
78cac:  e655               jr z,0x8d58
78cae:  4df11916000d       cp <<25>>0x0016(r15),#0x000d
78cb4:  e651               jr z,0x8d58
78cb6:  bd11               ldk r1,#1
78cb8:  0b010000           cp r1,#0x0000
78cbc:  e103               jr lt,0x8cc4
78cbe:  0b010003           cp r1,#0x0003
78cc2:  e204               jr le,0x8ccc
78cc4:  bd2e               ldk r2,#14
78cc6:  5f00840033f6       call <<4>>0x33f6
78ccc:  760c84000166       lda rr12,<<4>>0x0166
78cd2:  2ec9               ldb @rr12,rl1
78cd4:  5f00840044de       call <<4>>0x44de
78cda:  7602840042f0       lda rr2,<<4>>0x42f0
78ce0:  bd40               ldk r4,#0
78ce2:  bd53               ldk r5,#3
78ce4:  7606a100b6f4       lda rr6,<<33>>0xb6f4
78cea:  5f008400285a       call <<4>>0x285a
78cf0:  7602840042f0       lda rr2,<<4>>0x42f0
78cf6:  2104ffff           ld r4,#0xffff
78cfa:  21050012           ld r5,#0x0012
78cfe:  7606a100b6e2       lda rr6,<<33>>0xb6e2
78d04:  5f008400285a       call <<4>>0x285a
78d0a:  7602840042f0       lda rr2,<<4>>0x42f0
78d10:  5f00840011f6       call <<4>>0x11f6
78d16:  760c84000175       lda rr12,<<4>>0x0175
78d1c:  20c9               ldb rl1,@rr12
78d1e:  8c18               clrb rh1
78d20:  0b010000           cp r1,#0x0000
78d24:  e103               jr lt,0x8d2c
78d26:  0b0100ff           cp r1,#0x00ff
78d2a:  e205               jr le,0x8d36
78d2c:  21020010           ld r2,#0x0010
78d30:  5f00840033f6       call <<4>>0x33f6
78d36:  a112               ld r2,r1
78d38:  760ca0000114       lda rr12,<<32>>0x0114
78d3e:  21c3               ld r3,@rr12
78d40:  760ca0000114       lda rr12,<<32>>0x0114
78d46:  31c40002           ld r4,rr12(#0x0002)
78d4a:  210500e1           ld r5,#0x00e1
78d4e:  210600fc           ld r6,#0x00fc
78d52:  5f00840044f2       call <<4>>0x44f2
78d58:  760c84000166       lda rr12,<<4>>0x0166
78d5e:  0cc10000           cpb @rr12,#0x00
78d62:  ee26               jr nz,0x8db0
78d64:  61f21906           ld r2,<<25>>0x0006(r15)
78d68:  54f4190e           ldl rr4,<<25>>0x000e(r15)
78d6c:  5f00a100957a       call <<33>>0x957a
78d72:  6ff71918           ld <<25>>0x0018(r15),r7
78d76:  61f11918           ld r1,<<25>>0x0018(r15)
78d7a:  6ff11912           ld <<25>>0x0012(r15),r1
78d7e:  61f21906           ld r2,<<25>>0x0006(r15)
78d82:  760ca100bf90       lda rr12,<<33>>0xbf90
78d88:  94c4               ldl rr4,rr12
78d8a:  5f00a1009c82       call <<33>>0x9c82
78d90:  6ff71916           ld <<25>>0x0016(r15),r7
78d94:  61f21916           ld r2,<<25>>0x0016(r15)
78d98:  61f31918           ld r3,<<25>>0x0018(r15)
78d9c:  54fc190a           ldl rr12,<<25>>0x000a(r15)
78da0:  31c40004           ld r4,rr12(#0x0004)
78da4:  6105a100bf92       ld r5,<<33>>0xbf92
78daa:  5f00a100768a       call <<33>>0x768a
78db0:  61f71912           ld r7,<<25>>0x0012(r15)
78db4:  010f001c           add r15,#0x001c
78db8:  9e08               ret 
78dba:  030f001e           sub r15,#0x001e
78dbe:  0de50022           ld @rr14,#0x0022
78dc2:  5cf90205190e       ldm <<25>>0x000e(r15),r2,#6
78dc8:  760ca100bf7e       lda rr12,<<33>>0xbf7e
78dce:  20c9               ldb rl1,@rr12
78dd0:  b110               extsb r1
78dd2:  0b010002           cp r1,#0x0002
78dd6:  ee19               jr nz,0x8e0a
78dd8:  61f2190e           ld r2,<<25>>0x000e(r15)
78ddc:  61f31910           ld r3,<<25>>0x0010(r15)
78de0:  54f41912           ldl rr4,<<25>>0x0012(r15)
78de4:  54f61916           ldl rr6,<<25>>0x0016(r15)
78de8:  760ca1009662       lda rr12,<<33>>0x9662
78dee:  5dfc1906           ldl <<25>>0x0006(r15),rr12
78df2:  4df5190affff       ld <<25>>0x000a(r15),#0xffff
78df8:  4df5190cffff       ld <<25>>0x000c(r15),#0xffff
78dfe:  5f00a10082f0       call <<33>>0x82f0
78e04:  6ff7191a           ld <<25>>0x001a(r15),r7
78e08:  e820               jr 0x8e4a
78e0a:  0b010000           cp r1,#0x0000
78e0e:  ee19               jr nz,0x8e42
78e10:  61f2190e           ld r2,<<25>>0x000e(r15)
78e14:  61f31910           ld r3,<<25>>0x0010(r15)
78e18:  54f41912           ldl rr4,<<25>>0x0012(r15)
78e1c:  54f61916           ldl rr6,<<25>>0x0016(r15)
78e20:  760ca1009622       lda rr12,<<33>>0x9622
78e26:  5dfc1906           ldl <<25>>0x0006(r15),rr12
78e2a:  4df5190affff       ld <<25>>0x000a(r15),#0xffff
78e30:  4df5190cffff       ld <<25>>0x000c(r15),#0xffff
78e36:  5f00a10082f0       call <<33>>0x82f0
78e3c:  6ff7191a           ld <<25>>0x001a(r15),r7
78e40:  e804               jr 0x8e4a
78e42:  bd20               ldk r2,#0
78e44:  5f00840033f6       call <<4>>0x33f6
78e4a:  61f7191a           ld r7,<<25>>0x001a(r15)
78e4e:  010f001e           add r15,#0x001e
78e52:  9e08               ret 
78e54:  030f001e           sub r15,#0x001e
78e58:  0de50022           ld @rr14,#0x0022
78e5c:  5cf90205190e       ldm <<25>>0x000e(r15),r2,#6
78e62:  760ca100bf7e       lda rr12,<<33>>0xbf7e
78e68:  20c9               ldb rl1,@rr12
78e6a:  b110               extsb r1
78e6c:  0b010002           cp r1,#0x0002
78e70:  ee19               jr nz,0x8ea4
78e72:  61f2190e           ld r2,<<25>>0x000e(r15)
78e76:  61f31910           ld r3,<<25>>0x0010(r15)
78e7a:  54f41912           ldl rr4,<<25>>0x0012(r15)
78e7e:  54f61916           ldl rr6,<<25>>0x0016(r15)
78e82:  760ca1009722       lda rr12,<<33>>0x9722
78e88:  5dfc1906           ldl <<25>>0x0006(r15),rr12
78e8c:  4df5190affff       ld <<25>>0x000a(r15),#0xffff
78e92:  4df5190cffff       ld <<25>>0x000c(r15),#0xffff
78e98:  5f00a10082f0       call <<33>>0x82f0
78e9e:  6ff7191a           ld <<25>>0x001a(r15),r7
78ea2:  e820               jr 0x8ee4
78ea4:  0b010000           cp r1,#0x0000
78ea8:  ee19               jr nz,0x8edc
78eaa:  61f2190e           ld r2,<<25>>0x000e(r15)
78eae:  61f31910           ld r3,<<25>>0x0010(r15)
78eb2:  54f41912           ldl rr4,<<25>>0x0012(r15)
78eb6:  54f61916           ldl rr6,<<25>>0x0016(r15)
78eba:  760ca10096e2       lda rr12,<<33>>0x96e2
78ec0:  5dfc1906           ldl <<25>>0x0006(r15),rr12
78ec4:  4df5190affff       ld <<25>>0x000a(r15),#0xffff
78eca:  4df5190cffff       ld <<25>>0x000c(r15),#0xffff
78ed0:  5f00a10082f0       call <<33>>0x82f0
78ed6:  6ff7191a           ld <<25>>0x001a(r15),r7
78eda:  e804               jr 0x8ee4
78edc:  bd20               ldk r2,#0
78ede:  5f00840033f6       call <<4>>0x33f6
78ee4:  61f7191a           ld r7,<<25>>0x001a(r15)
78ee8:  010f001e           add r15,#0x001e
78eec:  9e08               ret 
78eee:  030f001e           sub r15,#0x001e
78ef2:  0de50022           ld @rr14,#0x0022
78ef6:  5cf90205190e       ldm <<25>>0x000e(r15),r2,#6
78efc:  760ca100bf7e       lda rr12,<<33>>0xbf7e
78f02:  20c9               ldb rl1,@rr12
78f04:  b110               extsb r1
78f06:  0b010002           cp r1,#0x0002
78f0a:  ee19               jr nz,0x8f3e
78f0c:  61f2190e           ld r2,<<25>>0x000e(r15)
78f10:  61f31910           ld r3,<<25>>0x0010(r15)
78f14:  54f41912           ldl rr4,<<25>>0x0012(r15)
78f18:  54f61916           ldl rr6,<<25>>0x0016(r15)
78f1c:  760ca10097e2       lda rr12,<<33>>0x97e2
78f22:  5dfc1906           ldl <<25>>0x0006(r15),rr12
78f26:  4df5190affff       ld <<25>>0x000a(r15),#0xffff
78f2c:  4df5190cffff       ld <<25>>0x000c(r15),#0xffff
78f32:  5f00a10082f0       call <<33>>0x82f0
78f38:  6ff7191a           ld <<25>>0x001a(r15),r7
78f3c:  e820               jr 0x8f7e
78f3e:  0b010000           cp r1,#0x0000
78f42:  ee19               jr nz,0x8f76
78f44:  61f2190e           ld r2,<<25>>0x000e(r15)
78f48:  61f31910           ld r3,<<25>>0x0010(r15)
78f4c:  54f41912           ldl rr4,<<25>>0x0012(r15)
78f50:  54f61916           ldl rr6,<<25>>0x0016(r15)
78f54:  760ca10097a2       lda rr12,<<33>>0x97a2
78f5a:  5dfc1906           ldl <<25>>0x0006(r15),rr12
78f5e:  4df5190affff       ld <<25>>0x000a(r15),#0xffff
78f64:  4df5190cffff       ld <<25>>0x000c(r15),#0xffff
78f6a:  5f00a10082f0       call <<33>>0x82f0
78f70:  6ff7191a           ld <<25>>0x001a(r15),r7
78f74:  e804               jr 0x8f7e
78f76:  bd20               ldk r2,#0
78f78:  5f00840033f6       call <<4>>0x33f6
78f7e:  61f7191a           ld r7,<<25>>0x001a(r15)
78f82:  010f001e           add r15,#0x001e
78f86:  9e08               ret 
78f88:  030f001e           sub r15,#0x001e
78f8c:  0de50022           ld @rr14,#0x0022
78f90:  5cf90205190e       ldm <<25>>0x000e(r15),r2,#6
78f96:  760ca100bf7e       lda rr12,<<33>>0xbf7e
78f9c:  20c9               ldb rl1,@rr12
78f9e:  b110               extsb r1
78fa0:  0b010002           cp r1,#0x0002
78fa4:  ee19               jr nz,0x8fd8
78fa6:  61f2190e           ld r2,<<25>>0x000e(r15)
78faa:  61f31910           ld r3,<<25>>0x0010(r15)
78fae:  54f41912           ldl rr4,<<25>>0x0012(r15)
78fb2:  54f61916           ldl rr6,<<25>>0x0016(r15)
78fb6:  760ca10098a2       lda rr12,<<33>>0x98a2
78fbc:  5dfc1906           ldl <<25>>0x0006(r15),rr12
78fc0:  4df5190affff       ld <<25>>0x000a(r15),#0xffff
78fc6:  4df5190cffff       ld <<25>>0x000c(r15),#0xffff
78fcc:  5f00a10082f0       call <<33>>0x82f0
78fd2:  6ff7191a           ld <<25>>0x001a(r15),r7
78fd6:  e820               jr 0x9018
78fd8:  0b010000           cp r1,#0x0000
78fdc:  ee19               jr nz,0x9010
78fde:  61f2190e           ld r2,<<25>>0x000e(r15)
78fe2:  61f31910           ld r3,<<25>>0x0010(r15)
78fe6:  54f41912           ldl rr4,<<25>>0x0012(r15)
78fea:  54f61916           ldl rr6,<<25>>0x0016(r15)
78fee:  760ca1009862       lda rr12,<<33>>0x9862
78ff4:  5dfc1906           ldl <<25>>0x0006(r15),rr12
78ff8:  4df5190affff       ld <<25>>0x000a(r15),#0xffff
78ffe:  4df5190cffff       ld <<25>>0x000c(r15),#0xffff
79004:  5f00a10082f0       call <<33>>0x82f0
7900a:  6ff7191a           ld <<25>>0x001a(r15),r7
7900e:  e804               jr 0x9018
79010:  bd20               ldk r2,#0
79012:  5f00840033f6       call <<4>>0x33f6
79018:  61f7191a           ld r7,<<25>>0x001a(r15)
7901c:  010f001e           add r15,#0x001e
79020:  9e08               ret 
79022:  030f001e           sub r15,#0x001e
79026:  0de50022           ld @rr14,#0x0022
7902a:  5cf90205190e       ldm <<25>>0x000e(r15),r2,#6
79030:  760ca100bf7e       lda rr12,<<33>>0xbf7e
79036:  20c9               ldb rl1,@rr12
79038:  b110               extsb r1
7903a:  0b010002           cp r1,#0x0002
7903e:  ee19               jr nz,0x9072
79040:  61f2190e           ld r2,<<25>>0x000e(r15)
79044:  61f31910           ld r3,<<25>>0x0010(r15)
79048:  54f41912           ldl rr4,<<25>>0x0012(r15)
7904c:  54f61916           ldl rr6,<<25>>0x0016(r15)
79050:  760ca1009962       lda rr12,<<33>>0x9962
79056:  5dfc1906           ldl <<25>>0x0006(r15),rr12
7905a:  4df5190affff       ld <<25>>0x000a(r15),#0xffff
79060:  4df5190cffff       ld <<25>>0x000c(r15),#0xffff
79066:  5f00a10082f0       call <<33>>0x82f0
7906c:  6ff7191a           ld <<25>>0x001a(r15),r7
79070:  e820               jr 0x90b2
79072:  0b010000           cp r1,#0x0000
79076:  ee19               jr nz,0x90aa
79078:  61f2190e           ld r2,<<25>>0x000e(r15)
7907c:  61f31910           ld r3,<<25>>0x0010(r15)
79080:  54f41912           ldl rr4,<<25>>0x0012(r15)
79084:  54f61916           ldl rr6,<<25>>0x0016(r15)
79088:  760ca1009922       lda rr12,<<33>>0x9922
7908e:  5dfc1906           ldl <<25>>0x0006(r15),rr12
79092:  4df5190affff       ld <<25>>0x000a(r15),#0xffff
79098:  4df5190cffff       ld <<25>>0x000c(r15),#0xffff
7909e:  5f00a10082f0       call <<33>>0x82f0
790a4:  6ff7191a           ld <<25>>0x001a(r15),r7
790a8:  e804               jr 0x90b2
790aa:  bd20               ldk r2,#0
790ac:  5f00840033f6       call <<4>>0x33f6
790b2:  61f7191a           ld r7,<<25>>0x001a(r15)
790b6:  010f001e           add r15,#0x001e
790ba:  9e08               ret 
790bc:  030f001e           sub r15,#0x001e
790c0:  0de50022           ld @rr14,#0x0022
790c4:  5cf90205190e       ldm <<25>>0x000e(r15),r2,#6
790ca:  760ca100bf7e       lda rr12,<<33>>0xbf7e
790d0:  20c9               ldb rl1,@rr12
790d2:  b110               extsb r1
790d4:  0b010002           cp r1,#0x0002
790d8:  ee19               jr nz,0x910c
790da:  61f2190e           ld r2,<<25>>0x000e(r15)
790de:  61f31910           ld r3,<<25>>0x0010(r15)
790e2:  54f41912           ldl rr4,<<25>>0x0012(r15)
790e6:  54f61916           ldl rr6,<<25>>0x0016(r15)
790ea:  760ca1009a22       lda rr12,<<33>>0x9a22
790f0:  5dfc1906           ldl <<25>>0x0006(r15),rr12
790f4:  4df5190affff       ld <<25>>0x000a(r15),#0xffff
790fa:  4df5190cffff       ld <<25>>0x000c(r15),#0xffff
79100:  5f00a10082f0       call <<33>>0x82f0
79106:  6ff7191a           ld <<25>>0x001a(r15),r7
7910a:  e820               jr 0x914c
7910c:  0b010000           cp r1,#0x0000
79110:  ee19               jr nz,0x9144
79112:  61f2190e           ld r2,<<25>>0x000e(r15)
79116:  61f31910           ld r3,<<25>>0x0010(r15)
7911a:  54f41912           ldl rr4,<<25>>0x0012(r15)
7911e:  54f61916           ldl rr6,<<25>>0x0016(r15)
79122:  760ca10099e2       lda rr12,<<33>>0x99e2
79128:  5dfc1906           ldl <<25>>0x0006(r15),rr12
7912c:  4df5190affff       ld <<25>>0x000a(r15),#0xffff
79132:  4df5190cffff       ld <<25>>0x000c(r15),#0xffff
79138:  5f00a10082f0       call <<33>>0x82f0
7913e:  6ff7191a           ld <<25>>0x001a(r15),r7
79142:  e804               jr 0x914c
79144:  bd20               ldk r2,#0
79146:  5f00840033f6       call <<4>>0x33f6
7914c:  61f7191a           ld r7,<<25>>0x001a(r15)
79150:  010f001e           add r15,#0x001e
79154:  9e08               ret 
79156:  030f001e           sub r15,#0x001e
7915a:  0de50022           ld @rr14,#0x0022
7915e:  5cf90205190e       ldm <<25>>0x000e(r15),r2,#6
79164:  760ca100bf7e       lda rr12,<<33>>0xbf7e
7916a:  20c9               ldb rl1,@rr12
7916c:  b110               extsb r1
7916e:  0b010002           cp r1,#0x0002
79172:  ee19               jr nz,0x91a6
79174:  61f2190e           ld r2,<<25>>0x000e(r15)
79178:  61f31910           ld r3,<<25>>0x0010(r15)
7917c:  54f41912           ldl rr4,<<25>>0x0012(r15)
79180:  54f61916           ldl rr6,<<25>>0x0016(r15)
79184:  760ca1009ae2       lda rr12,<<33>>0x9ae2
7918a:  5dfc1906           ldl <<25>>0x0006(r15),rr12
7918e:  4df5190affff       ld <<25>>0x000a(r15),#0xffff
79194:  4df5190cffff       ld <<25>>0x000c(r15),#0xffff
7919a:  5f00a10082f0       call <<33>>0x82f0
791a0:  6ff7191a           ld <<25>>0x001a(r15),r7
791a4:  e820               jr 0x91e6
791a6:  0b010000           cp r1,#0x0000
791aa:  ee19               jr nz,0x91de
791ac:  61f2190e           ld r2,<<25>>0x000e(r15)
791b0:  61f31910           ld r3,<<25>>0x0010(r15)
791b4:  54f41912           ldl rr4,<<25>>0x0012(r15)
791b8:  54f61916           ldl rr6,<<25>>0x0016(r15)
791bc:  760ca1009aa2       lda rr12,<<33>>0x9aa2
791c2:  5dfc1906           ldl <<25>>0x0006(r15),rr12
791c6:  4df5190affff       ld <<25>>0x000a(r15),#0xffff
791cc:  4df5190cffff       ld <<25>>0x000c(r15),#0xffff
791d2:  5f00a10082f0       call <<33>>0x82f0
791d8:  6ff7191a           ld <<25>>0x001a(r15),r7
791dc:  e804               jr 0x91e6
791de:  bd20               ldk r2,#0
791e0:  5f00840033f6       call <<4>>0x33f6
791e6:  61f7191a           ld r7,<<25>>0x001a(r15)
791ea:  010f001e           add r15,#0x001e
791ee:  9e08               ret 
791f0:  030f001e           sub r15,#0x001e
791f4:  0de50022           ld @rr14,#0x0022
791f8:  5cf90205190e       ldm <<25>>0x000e(r15),r2,#6
791fe:  760ca100bf7e       lda rr12,<<33>>0xbf7e
79204:  20c9               ldb rl1,@rr12
79206:  b110               extsb r1
79208:  0b010002           cp r1,#0x0002
7920c:  ee19               jr nz,0x9240
7920e:  61f2190e           ld r2,<<25>>0x000e(r15)
79212:  61f31910           ld r3,<<25>>0x0010(r15)
79216:  54f41912           ldl rr4,<<25>>0x0012(r15)
7921a:  54f61916           ldl rr6,<<25>>0x0016(r15)
7921e:  760ca1009ba2       lda rr12,<<33>>0x9ba2
79224:  5dfc1906           ldl <<25>>0x0006(r15),rr12
79228:  4df5190affff       ld <<25>>0x000a(r15),#0xffff
7922e:  4df5190cffff       ld <<25>>0x000c(r15),#0xffff
79234:  5f00a10082f0       call <<33>>0x82f0
7923a:  6ff7191a           ld <<25>>0x001a(r15),r7
7923e:  e820               jr 0x9280
79240:  0b010000           cp r1,#0x0000
79244:  ee19               jr nz,0x9278
79246:  61f2190e           ld r2,<<25>>0x000e(r15)
7924a:  61f31910           ld r3,<<25>>0x0010(r15)
7924e:  54f41912           ldl rr4,<<25>>0x0012(r15)
79252:  54f61916           ldl rr6,<<25>>0x0016(r15)
79256:  760ca1009b62       lda rr12,<<33>>0x9b62
7925c:  5dfc1906           ldl <<25>>0x0006(r15),rr12
79260:  4df5190affff       ld <<25>>0x000a(r15),#0xffff
79266:  4df5190cffff       ld <<25>>0x000c(r15),#0xffff
7926c:  5f00a10082f0       call <<33>>0x82f0
79272:  6ff7191a           ld <<25>>0x001a(r15),r7
79276:  e804               jr 0x9280
79278:  bd20               ldk r2,#0
7927a:  5f00840033f6       call <<4>>0x33f6
79280:  61f7191a           ld r7,<<25>>0x001a(r15)
79284:  010f001e           add r15,#0x001e
79288:  9e08               ret 
7928a:  030f001e           sub r15,#0x001e
7928e:  0de50022           ld @rr14,#0x0022
79292:  5cf90205190e       ldm <<25>>0x000e(r15),r2,#6
79298:  760ca100bf7e       lda rr12,<<33>>0xbf7e
7929e:  20c9               ldb rl1,@rr12
792a0:  b110               extsb r1
792a2:  0b010002           cp r1,#0x0002
792a6:  ee19               jr nz,0x92da
792a8:  61f2190e           ld r2,<<25>>0x000e(r15)
792ac:  61f31910           ld r3,<<25>>0x0010(r15)
792b0:  54f41912           ldl rr4,<<25>>0x0012(r15)
792b4:  54f61916           ldl rr6,<<25>>0x0016(r15)
792b8:  760ca1009c62       lda rr12,<<33>>0x9c62
792be:  5dfc1906           ldl <<25>>0x0006(r15),rr12
792c2:  4df5190affff       ld <<25>>0x000a(r15),#0xffff
792c8:  4df5190cffff       ld <<25>>0x000c(r15),#0xffff
792ce:  5f00a10082f0       call <<33>>0x82f0
792d4:  6ff7191a           ld <<25>>0x001a(r15),r7
792d8:  e820               jr 0x931a
792da:  0b010000           cp r1,#0x0000
792de:  ee19               jr nz,0x9312
792e0:  61f2190e           ld r2,<<25>>0x000e(r15)
792e4:  61f31910           ld r3,<<25>>0x0010(r15)
792e8:  54f41912           ldl rr4,<<25>>0x0012(r15)
792ec:  54f61916           ldl rr6,<<25>>0x0016(r15)
792f0:  760ca1009c22       lda rr12,<<33>>0x9c22
792f6:  5dfc1906           ldl <<25>>0x0006(r15),rr12
792fa:  4df5190affff       ld <<25>>0x000a(r15),#0xffff
79300:  4df5190cffff       ld <<25>>0x000c(r15),#0xffff
79306:  5f00a10082f0       call <<33>>0x82f0
7930c:  6ff7191a           ld <<25>>0x001a(r15),r7
79310:  e804               jr 0x931a
79312:  bd20               ldk r2,#0
79314:  5f00840033f6       call <<4>>0x33f6
7931a:  61f7191a           ld r7,<<25>>0x001a(r15)
7931e:  010f001e           add r15,#0x001e
79322:  9e08               ret 
79324:  93e3               push @rr14,r3
79326:  dfc4               calr 0x93a0
79328:  97e3               pop r3,@rr14
7932a:  0a0f0000           cpb rl7,#0x00
7932e:  ee30               jr nz,0x9390
79330:  a0a2               ldb rh2,rl2
79332:  caef               ldb rl2,#0xef
79334:  3e2b               outb @r2,rl3
79336:  ca9f               ldb rl2,#0x9f
79338:  c83e               ldb rl0,#0x3e
7933a:  3e28               outb @r2,rl0
7933c:  c898               ldb rl0,#0x98
7933e:  3e28               outb @r2,rl0
79340:  ca99               ldb rl2,#0x99
79342:  21001027           ld r0,#0x1027
79346:  3e20               outb @r2,rh0
79348:  3e28               outb @r2,rl0
7934a:  ca50               ldb rl2,#0x50
7934c:  c820               ldb rl0,#0x20
7934e:  3e28               outb @r2,rl0
79350:  caff               ldb rl2,#0xff
79352:  3e28               outb @r2,rl0
79354:  8d07               nop
79356:  8d07               nop
79358:  2143               ld r3,@rr4
7935a:  a02a               ldb rl2,rh2
7935c:  dfd0               calr 0x93be
7935e:  2147               ld r7,@rr4
79360:  2f43               ld @rr4,r3
79362:  0b0701e0           cp r7,#0x01e0
79366:  ee04               jr nz,0x9370
79368:  21000335           ld r0,#0x0335
7936c:  c11e               ldb rh1,#0x1e
7936e:  e80a               jr 0x9384
79370:  0b0700e0           cp r7,#0x00e0
79374:  ee04               jr nz,0x937e
79376:  210003e7           ld r0,#0x03e7
7937a:  c10e               ldb rh1,#0x0e
7937c:  e803               jr 0x9384
7937e:  210003da           ld r0,#0x03da
79382:  c128               ldb rh1,#0x28
79384:  93e7               push @rr14,r7
79386:  9446               ldl rr6,rr4
79388:  cd03               ldb rl5,#0x03
7938a:  a02a               ldb rl2,rh2
7938c:  df11               calr 0x956c
7938e:  97e0               pop r0,@rr14
79390:  93e0               push @rr14,r0
79392:  df31               calr 0x9532
79394:  0b070000           cp r7,#0x0000
79398:  ee01               jr nz,0x939c
7939a:  de2a               calr 0x9748
7939c:  97e0               pop r0,@rr14
7939e:  9e08               ret 
793a0:  8300               sub r0,r0
793a2:  2f40               ld @rr4,r0
793a4:  df3a               calr 0x9532
793a6:  a0a2               ldb rh2,rl2
793a8:  ca5a               ldb rl2,#0x5a
793aa:  3e28               outb @r2,rl0
793ac:  a02a               ldb rl2,rh2
793ae:  a0f6               ldb rh6,rl7
793b0:  a08e               ldb rl6,rl0
793b2:  8333               sub r3,r3
793b4:  dc64               calr 0x9aee
793b6:  324e0001           ldb rr4(#0x0001),rl6
793ba:  a06f               ldb rl7,rh6
793bc:  9e08               ret 
793be:  a0a2               ldb rh2,rl2
793c0:  caff               ldb rl2,#0xff
793c2:  3c2f               inb rl7,@r2
793c4:  caed               ldb rl2,#0xed
793c6:  3c27               inb rh7,@r2
793c8:  06070101           andb rh7,#0x01
793cc:  2f47               ld @rr4,r7
793ce:  8377               sub r7,r7
793d0:  9e08               ret 
793d2:  a0a2               ldb rh2,rl2
793d4:  ca58               ldb rl2,#0x58
793d6:  3e28               outb @r2,rl0
793d8:  ca44               ldb rl2,#0x44
793da:  3c28               inb rl0,@r2
793dc:  3c20               inb rh0,@r2
793de:  b3010001           sll r0,#1
793e2:  2f40               ld @rr4,r0
793e4:  ca4a               ldb rl2,#0x4a
793e6:  3c28               inb rl0,@r2
793e8:  3c20               inb rh0,@r2
793ea:  a900               inc r0,#1
793ec:  33400002           ld rr4(#0x0002),r0
793f0:  ca50               ldb rl2,#0x50
793f2:  3c28               inb rl0,@r2
793f4:  a682               bitb rl0,#2
793f6:  e602               jr z,0x93fc
793f8:  cf00               ldb rl7,#0x00
793fa:  e801               jr 0x93fe
793fc:  cf0e               ldb rl7,#0x0e
793fe:  8277               subb rh7,rh7
79400:  9e08               ret 
79402:  a0a2               ldb rh2,rl2
79404:  30680001           ldb rl0,rr6(#0x0001)
79408:  0608afaf           andb rl0,#0xaf
7940c:  c046               ldb rh0,#0x46
7940e:  cae7               ldb rl2,#0xe7
79410:  3e28               outb @r2,rl0
79412:  ca56               ldb rl2,#0x56
79414:  3e20               outb @r2,rh0
79416:  c041               ldb rh0,#0x41
79418:  3e20               outb @r2,rh0
7941a:  cae7               ldb rl2,#0xe7
7941c:  3c20               inb rh0,@r2
7941e:  a484               setb rl0,#4
79420:  cae7               ldb rl2,#0xe7
79422:  3e28               outb @r2,rl0
79424:  ca5e               ldb rl2,#0x5e
79426:  c009               ldb rh0,#0x09
79428:  3e20               outb @r2,rh0
7942a:  32680001           ldb rr6(#0x0001),rl0
7942e:  a02a               ldb rl2,rh2
79430:  9e08               ret 
79432:  a0a2               ldb rh2,rl2
79434:  ca58               ldb rl2,#0x58
79436:  3e28               outb @r2,rl0
79438:  ca5e               ldb rl2,#0x5e
7943a:  c80f               ldb rl0,#0x0f
7943c:  3e28               outb @r2,rl0
7943e:  ca48               ldb rl2,#0x48
79440:  c8ff               ldb rl0,#0xff
79442:  3e28               outb @r2,rl0
79444:  3e28               outb @r2,rl0
79446:  ab30               dec r3,#1
79448:  ca4a               ldb rl2,#0x4a
7944a:  3e2b               outb @r2,rl3
7944c:  3e23               outb @r2,rh3
7944e:  b34dffff           sral rr4,#1
79452:  caf6               ldb rl2,#0xf6
79454:  3e2c               outb @r2,rl4
79456:  ca44               ldb rl2,#0x44
79458:  3e2d               outb @r2,rl5
7945a:  3e25               outb @r2,rh5
7945c:  a930               inc r3,#1
7945e:  b331ffff           srl r3,#1
79462:  ab30               dec r3,#1
79464:  ca46               ldb rl2,#0x46
79466:  3e2b               outb @r2,rl3
79468:  3e23               outb @r2,rh3
7946a:  8377               sub r7,r7
7946c:  9e08               ret 
7946e:  a0a2               ldb rh2,rl2
79470:  30680001           ldb rl0,rr6(#0x0001)
79474:  0608afaf           andb rl0,#0xaf
79478:  c046               ldb rh0,#0x46
7947a:  cae7               ldb rl2,#0xe7
7947c:  3e28               outb @r2,rl0
7947e:  ca56               ldb rl2,#0x56
79480:  3e20               outb @r2,rh0
79482:  cae7               ldb rl2,#0xe7
79484:  3c20               inb rh0,@r2
79486:  ca5e               ldb rl2,#0x5e
79488:  c00b               ldb rh0,#0x0b
7948a:  3e20               outb @r2,rh0
7948c:  32680001           ldb rr6(#0x0001),rl0
79490:  a02a               ldb rl2,rh2
79492:  9e08               ret 
79494:  a0a2               ldb rh2,rl2
79496:  30680001           ldb rl0,rr6(#0x0001)
7949a:  a486               setb rl0,#6
7949c:  c04a               ldb rh0,#0x4a
7949e:  cae7               ldb rl2,#0xe7
794a0:  3e28               outb @r2,rl0
794a2:  ca56               ldb rl2,#0x56
794a4:  3e20               outb @r2,rh0
794a6:  c041               ldb rh0,#0x41
794a8:  3e20               outb @r2,rh0
794aa:  cae7               ldb rl2,#0xe7
794ac:  3c20               inb rh0,@r2
794ae:  a484               setb rl0,#4
794b0:  c0e7               ldb rh0,#0xe7
794b2:  3e28               outb @r2,rl0
794b4:  ca5e               ldb rl2,#0x5e
794b6:  c009               ldb rh0,#0x09
794b8:  3e20               outb @r2,rh0
794ba:  32680001           ldb rr6(#0x0001),rl0
794be:  a02a               ldb rl2,rh2
794c0:  9e08               ret 
794c2:  a0a2               ldb rh2,rl2
794c4:  df1e               calr 0x968a
794c6:  0a0f0000           cpb rl7,#0x00
794ca:  ee1e               jr nz,0x9508
794cc:  ca1f               ldb rl2,#0x1f
794ce:  3c28               inb rl0,@r2
794d0:  8311               sub r1,r1
794d2:  21020001           ld r2,#0x0001
794d6:  a686               bitb rl0,#6
794d8:  e603               jr z,0x94e0
794da:  33410006           ld rr4(#0x0006),r1
794de:  e802               jr 0x94e4
794e0:  33420006           ld rr4(#0x0006),r2
794e4:  a685               bitb rl0,#5
794e6:  e603               jr z,0x94ee
794e8:  33410004           ld rr4(#0x0004),r1
794ec:  e802               jr 0x94f2
794ee:  33420004           ld rr4(#0x0004),r2
794f2:  a684               bitb rl0,#4
794f4:  e603               jr z,0x94fc
794f6:  33410002           ld rr4(#0x0002),r1
794fa:  e802               jr 0x9500
794fc:  33420002           ld rr4(#0x0002),r2
79500:  a089               ldb rl1,rl0
79502:  06090303           andb rl1,#0x03
79506:  2f41               ld @rr4,r1
79508:  9e08               ret 
7950a:  21000400           ld r0,#0x0400
7950e:  84b8               orb rl0,rl3
79510:  9446               ldl rr6,rr4
79512:  cd02               ldb rl5,#0x02
79514:  dfd9               calr 0x9564
79516:  9e08               ret 
79518:  84b8               orb rl0,rl3
7951a:  a0c1               ldb rh1,rl4
7951c:  8a4d               cpb rl5,rh4
7951e:  e304               jr ule,0x9528
79520:  a482               setb rl0,#2
79522:  c901               ldb rl1,#0x01
79524:  824d               subb rl5,rh4
79526:  e801               jr 0x952a
79528:  8299               subb rl1,rl1
7952a:  a0d3               ldb rh3,rl5
7952c:  c5ff               ldb rh5,#0xff
7952e:  cd09               ldb rl5,#0x09
79530:  9e08               ret 
79532:  30480001           ldb rl0,rr4(#0x0001)
79536:  a281               resb rl0,#1
79538:  a0a2               ldb rh2,rl2
7953a:  cae7               ldb rl2,#0xe7
7953c:  3e28               outb @r2,rl0
7953e:  8d07               nop
79540:  8d07               nop
79542:  8d07               nop
79544:  8d07               nop
79546:  a481               setb rl0,#1
79548:  3e28               outb @r2,rl0
7954a:  32480001           ldb rr4(#0x0001),rl0
7954e:  c9ff               ldb rl1,#0xff
79550:  f901               dbjnz rl1,0x9550
79552:  ca1d               ldb rl2,#0x1d
79554:  3c20               inb rh0,@r2
79556:  a02a               ldb rl2,rh2
79558:  8377               sub r7,r7
7955a:  0a008080           cpb rh0,#0x80
7955e:  e601               jr z,0x9562
79560:  cf02               ldb rl7,#0x02
79562:  9e08               ret 
79564:  93e8               push @rr14,r8
79566:  210800aa           ld r8,#0x00aa
7956a:  e803               jr 0x9572
7956c:  93e8               push @rr14,r8
7956e:  21080055           ld r8,#0x0055
79572:  91e6               pushl @rr14,rr6
79574:  91e4               pushl @rr14,rr4
79576:  a0a2               ldb rh2,rl2
79578:  ca1d               ldb rl2,#0x1d
7957a:  3c24               inb rh4,@r2
7957c:  a644               bitb rh4,#4
7957e:  ee6f               jr nz,0x965e
79580:  a08d               ldb rl5,rl0
79582:  060d0303           andb rl5,#0x03
79586:  26050400           bitb rh4,r5
7958a:  ee64               jr nz,0x9654
7958c:  95e4               popl rr4,@rr14
7958e:  95e6               popl rr6,@rr14
79590:  91e6               pushl @rr14,rr6
79592:  91e4               pushl @rr14,rr4
79594:  93e0               push @rr14,r0
79596:  9464               ldl rr4,rr6
79598:  8266               subb rh6,rh6
7959a:  a02a               ldb rl2,rh2
7959c:  df36               calr 0x9732
7959e:  a0a2               ldb rh2,rl2
795a0:  cae7               ldb rl2,#0xe7
795a2:  30480001           ldb rl0,rr4(#0x0001)
795a6:  a482               setb rl0,#2
795a8:  3e28               outb @r2,rl0
795aa:  32480001           ldb rr4(#0x0001),rl0
795ae:  97e0               pop r0,@rr14
795b0:  95e4               popl rr4,@rr14
795b2:  93e0               push @rr14,r0
795b4:  93e3               push @rr14,r3
795b6:  93e7               push @rr14,r7
795b8:  df98               calr 0x968a
795ba:  97e7               pop r7,@rr14
795bc:  97e3               pop r3,@rr14
795be:  a08e               ldb rl6,rl0
795c0:  97e0               pop r0,@rr14
795c2:  a6e7               bitb rl6,#7
795c4:  e637               jr z,0x9634
795c6:  a6e6               bitb rl6,#6
795c8:  ee30               jr nz,0x962a
795ca:  ca1f               ldb rl2,#0x1f
795cc:  0b070000           cp r7,#0x0000
795d0:  ee02               jr nz,0x95d6
795d2:  3e20               outb @r2,rh0
795d4:  e827               jr 0x9624
795d6:  0b070001           cp r7,#0x0001
795da:  ee02               jr nz,0x95e0
795dc:  3e28               outb @r2,rl0
795de:  e822               jr 0x9624
795e0:  0b070002           cp r7,#0x0002
795e4:  ee02               jr nz,0x95ea
795e6:  3e21               outb @r2,rh1
795e8:  e81d               jr 0x9624
795ea:  0b070003           cp r7,#0x0003
795ee:  ee02               jr nz,0x95f4
795f0:  3e29               outb @r2,rl1
795f2:  e818               jr 0x9624
795f4:  0b070004           cp r7,#0x0004
795f8:  ee02               jr nz,0x95fe
795fa:  3e23               outb @r2,rh3
795fc:  e813               jr 0x9624
795fe:  0b070005           cp r7,#0x0005
79602:  ee02               jr nz,0x9608
79604:  3e2b               outb @r2,rl3
79606:  e80e               jr 0x9624
79608:  0b070006           cp r7,#0x0006
7960c:  ee02               jr nz,0x9612
7960e:  3e24               outb @r2,rh4
79610:  e809               jr 0x9624
79612:  0b070007           cp r7,#0x0007
79616:  ee02               jr nz,0x961c
79618:  3e2c               outb @r2,rl4
7961a:  e804               jr 0x9624
7961c:  0b070008           cp r7,#0x0008
79620:  ee01               jr nz,0x9624
79622:  3e25               outb @r2,rh5
79624:  a8f0               incb rl7,#1
79626:  aad0               decb rl5,#1
79628:  e804               jr 0x9632
7962a:  82dd               subb rl5,rl5
7962c:  c601               ldb rh6,#0x01
7962e:  ca1f               ldb rl2,#0x1f
79630:  3c2e               inb rl6,@r2
79632:  e80c               jr 0x964c
79634:  95e4               popl rr4,@rr14
79636:  a02a               ldb rl2,rh2
79638:  d084               calr 0x9532
7963a:  0a0f0000           cpb rl7,#0x00
7963e:  ee03               jr nz,0x9646
79640:  c604               ldb rh6,#0x04
79642:  82dd               subb rl5,rl5
79644:  e801               jr 0x9648
79646:  a0f6               ldb rh6,rl7
79648:  91e4               pushl @rr14,rr4
7964a:  a0a2               ldb rh2,rl2
7964c:  0a0d0000           cpb rl5,#0x00
79650:  eeb0               jr nz,0x95b2
79652:  e804               jr 0x965c
79654:  95e4               popl rr4,@rr14
79656:  95e6               popl rr6,@rr14
79658:  91e6               pushl @rr14,rr6
7965a:  c603               ldb rh6,#0x03
7965c:  e804               jr 0x9666
7965e:  95e4               popl rr4,@rr14
79660:  95e6               popl rr6,@rr14
79662:  91e6               pushl @rr14,rr6
79664:  c603               ldb rh6,#0x03
79666:  95e4               popl rr4,@rr14
79668:  cae7               ldb rl2,#0xe7
7966a:  30490001           ldb rl1,rr4(#0x0001)
7966e:  a292               resb rl1,#2
79670:  3e29               outb @r2,rl1
79672:  32490001           ldb rr4(#0x0001),rl1
79676:  a02a               ldb rl2,rh2
79678:  21070000           ld r7,#0x0000
7967c:  0b0800aa           cp r8,#0x00aa
79680:  ee01               jr nz,0x9684
79682:  df9e               calr 0x9748
79684:  a06f               ldb rl7,rh6
79686:  97e8               pop r8,@rr14
79688:  9e08               ret 
7968a:  8277               subb rh7,rh7
7968c:  cf05               ldb rl7,#0x05
7968e:  cb30               ldb rl3,#0x30
79690:  ca1d               ldb rl2,#0x1d
79692:  3c28               inb rl0,@r2
79694:  a687               bitb rl0,#7
79696:  e603               jr z,0x969e
79698:  82bb               subb rl3,rl3
7969a:  82ff               subb rl7,rl7
7969c:  e805               jr 0x96a8
7969e:  0a0b0000           cpb rl3,#0x00
796a2:  e602               jr z,0x96a8
796a4:  aab0               decb rl3,#1
796a6:  e8f5               jr 0x9692
796a8:  9e08               ret 
796aa:  c41a               ldb rh4,#0x1a
796ac:  d0cb               calr 0x9518
796ae:  cb00               ldb rl3,#0x00
796b0:  cc0b               ldb rl4,#0x0b
796b2:  d0a8               calr 0x9564
796b4:  9e08               ret 
796b6:  c40f               ldb rh4,#0x0f
796b8:  d0d1               calr 0x9518
796ba:  cb01               ldb rl3,#0x01
796bc:  cc15               ldb rl4,#0x15
796be:  d0ae               calr 0x9564
796c0:  9e08               ret 
796c2:  a406               setb rh0,#6
796c4:  c41a               ldb rh4,#0x1a
796c6:  d0d8               calr 0x9518
796c8:  cb01               ldb rl3,#0x01
796ca:  cc1b               ldb rl4,#0x1b
796cc:  d0b5               calr 0x9564
796ce:  9e08               ret 
796d0:  c410               ldb rh4,#0x10
796d2:  d0de               calr 0x9518
796d4:  cb00               ldb rl3,#0x00
796d6:  cc07               ldb rl4,#0x07
796d8:  d0bb               calr 0x9564
796da:  9e08               ret 
796dc:  c409               ldb rh4,#0x09
796de:  d0e4               calr 0x9518
796e0:  cb01               ldb rl3,#0x01
796e2:  cc10               ldb rl4,#0x10
796e4:  d0c1               calr 0x9564
796e6:  9e08               ret 
796e8:  a406               setb rh0,#6
796ea:  c410               ldb rh4,#0x10
796ec:  d0eb               calr 0x9518
796ee:  cb01               ldb rl3,#0x01
796f0:  cc20               ldb rl4,#0x20
796f2:  d0c8               calr 0x9564
796f4:  9e08               ret 
796f6:  82ee               subb rl6,rl6
796f8:  de65               calr 0x9a30
796fa:  9e08               ret 
796fc:  df95               calr 0x97d4
796fe:  0b070000           cp r7,#0x0000
79702:  ee0c               jr nz,0x971c
79704:  0608f8f8           andb rl0,#0xf8
79708:  0a086868           cpb rl0,#0x68
7970c:  ee02               jr nz,0x9712
7970e:  cf18               ldb rl7,#0x18
79710:  e805               jr 0x971c
79712:  a684               bitb rl0,#4
79714:  e602               jr z,0x971a
79716:  cf1a               ldb rl7,#0x1a
79718:  e801               jr 0x971c
7971a:  82ff               subb rl7,rl7
7971c:  93e7               push @rr14,r7
7971e:  dded               calr 0x9b46
79720:  97e7               pop r7,@rr14
79722:  9e08               ret 
79724:  21000700           ld r0,#0x0700
79728:  9446               ldl rr6,rr4
7972a:  84b8               orb rl0,rl3
7972c:  cd02               ldb rl5,#0x02
7972e:  d0e6               calr 0x9564
79730:  9e08               ret 
79732:  30480001           ldb rl0,rr4(#0x0001)
79736:  a280               resb rl0,#0
79738:  a0a2               ldb rh2,rl2
7973a:  cae7               ldb rl2,#0xe7
7973c:  3e28               outb @r2,rl0
7973e:  32480001           ldb rr4(#0x0001),rl0
79742:  a02a               ldb rl2,rh2
79744:  8377               sub r7,r7
79746:  9e08               ret 
79748:  30480001           ldb rl0,rr4(#0x0001)
7974c:  a480               setb rl0,#0
7974e:  a0a2               ldb rh2,rl2
79750:  cae7               ldb rl2,#0xe7
79752:  3e28               outb @r2,rl0
79754:  32480001           ldb rr4(#0x0001),rl0
79758:  a02a               ldb rl2,rh2
7975a:  8377               sub r7,r7
7975c:  9e08               ret 
7975e:  d017               calr 0x9732
79760:  a0a2               ldb rh2,rl2
79762:  caf7               ldb rl2,#0xf7
79764:  3c2f               inb rl7,@r2
79766:  060f0f0f           andb rl7,#0x0f
7976a:  040ff0f0           orb rl7,#0xf0
7976e:  8277               subb rh7,rh7
79770:  caff               ldb rl2,#0xff
79772:  3e2f               outb @r2,rl7
79774:  9e08               ret 
79776:  8ce6               tsetb rl6
79778:  dea5               calr 0x9a30
7977a:  9e08               ret 
7977c:  2146               ld r6,@rr4
7977e:  8333               sub r3,r3
79780:  de4a               calr 0x9aee
79782:  2f46               ld @rr4,r6
79784:  0907000d           xor r7,#0x000d
79788:  9e08               ret 
7978a:  30480001           ldb rl0,rr4(#0x0001)
7978e:  a6b0               bitb rl3,#0
79790:  e602               jr z,0x9796
79792:  a483               setb rl0,#3
79794:  e801               jr 0x9798
79796:  a487               setb rl0,#7
79798:  a0a2               ldb rh2,rl2
7979a:  cae7               ldb rl2,#0xe7
7979c:  3e28               outb @r2,rl0
7979e:  32480001           ldb rr4(#0x0001),rl0
797a2:  91e4               pushl @rr14,rr4
797a4:  a02a               ldb rl2,rh2
797a6:  8344               sub r4,r4
797a8:  cb2a               ldb rl3,#0x2a
797aa:  de45               calr 0x9b22
797ac:  a02a               ldb rl2,rh2
797ae:  95e4               popl rr4,@rr14
797b0:  d035               calr 0x9748
797b2:  9e08               ret 
797b4:  30480001           ldb rl0,rr4(#0x0001)
797b8:  060b0303           andb rl3,#0x03
797bc:  a6b0               bitb rl3,#0
797be:  e602               jr z,0x97c4
797c0:  a283               resb rl0,#3
797c2:  e801               jr 0x97c6
797c4:  a287               resb rl0,#7
797c6:  a0a2               ldb rh2,rl2
797c8:  cae7               ldb rl2,#0xe7
797ca:  3e28               outb @r2,rl0
797cc:  32480001           ldb rr4(#0x0001),rl0
797d0:  8377               sub r7,r7
797d2:  9e08               ret 
797d4:  8377               sub r7,r7
797d6:  a0a2               ldb rh2,rl2
797d8:  ca1d               ldb rl2,#0x1d
797da:  3c28               inb rl0,@r2
797dc:  a685               bitb rl0,#5
797de:  ee63               jr nz,0x98a6
797e0:  a684               bitb rl0,#4
797e2:  ee5f               jr nz,0x98a2
797e4:  a687               bitb rl0,#7
797e6:  e65b               jr z,0x989e
797e8:  a686               bitb rl0,#6
797ea:  ee57               jr nz,0x989a
797ec:  c008               ldb rh0,#0x08
797ee:  ca1f               ldb rl2,#0x1f
797f0:  3e20               outb @r2,rh0
797f2:  d0b5               calr 0x968a
797f4:  0a0f0000           cpb rl7,#0x00
797f8:  ee4f               jr nz,0x9898
797fa:  ca1d               ldb rl2,#0x1d
797fc:  3c28               inb rl0,@r2
797fe:  a686               bitb rl0,#6
79800:  e64a               jr z,0x9896
79802:  ca1f               ldb rl2,#0x1f
79804:  3c28               inb rl0,@r2
79806:  8311               sub r1,r1
79808:  a910               inc r1,#1
7980a:  a08a               ldb rl2,rl0
7980c:  060ac0c0           andb rl2,#0xc0
79810:  0a0ac0c0           cpb rl2,#0xc0
79814:  ee39               jr nz,0x9888
79816:  72480100           ldb rr4(r1),rl0
7981a:  8288               subb rl0,rl0
7981c:  2e48               ldb @rr4,rl0
7981e:  a911               inc r1,#2
79820:  c319               ldb rh3,#0x19
79822:  0a088080           cpb rl0,#0x80
79826:  e62f               jr z,0x9886
79828:  d0d0               calr 0x968a
7982a:  0a0f0000           cpb rl7,#0x00
7982e:  ee2b               jr nz,0x9886
79830:  ca1d               ldb rl2,#0x1d
79832:  3c28               inb rl0,@r2
79834:  a686               bitb rl0,#6
79836:  e626               jr z,0x9884
79838:  ca1f               ldb rl2,#0x1f
7983a:  3c28               inb rl0,@r2
7983c:  d0da               calr 0x968a
7983e:  0a0f0000           cpb rl7,#0x00
79842:  ee08               jr nz,0x9854
79844:  ca1d               ldb rl2,#0x1d
79846:  3c28               inb rl0,@r2
79848:  a686               bitb rl0,#6
7984a:  ee03               jr nz,0x9852
7984c:  ca1f               ldb rl2,#0x1f
7984e:  3e20               outb @r2,rh0
79850:  e801               jr 0x9854
79852:  c30c               ldb rh3,#0x0c
79854:  0a0f0000           cpb rl7,#0x00
79858:  ee14               jr nz,0x9882
7985a:  d0e9               calr 0x968a
7985c:  0a0f0000           cpb rl7,#0x00
79860:  ee10               jr nz,0x9882
79862:  ca1f               ldb rl2,#0x1f
79864:  3c28               inb rl0,@r2
79866:  a08a               ldb rl2,rl0
79868:  060ac0c0           andb rl2,#0xc0
7986c:  0a0ac0c0           cpb rl2,#0xc0
79870:  ee06               jr nz,0x987e
79872:  72480100           ldb rr4(r1),rl0
79876:  8288               subb rl0,rl0
79878:  ab10               dec r1,#1
7987a:  2e48               ldb @rr4,rl0
7987c:  a910               inc r1,#1
7987e:  a911               inc r1,#2
79880:  e8d0               jr 0x9822
79882:  e801               jr 0x9886
79884:  c30b               ldb rh3,#0x0b
79886:  e806               jr 0x9894
79888:  0a088080           cpb rl0,#0x80
7988c:  ee02               jr nz,0x9892
7988e:  c301               ldb rh3,#0x01
79890:  e801               jr 0x9894
79892:  c300               ldb rh3,#0x00
79894:  e801               jr 0x9898
79896:  c30a               ldb rh3,#0x0a
79898:  e801               jr 0x989c
7989a:  c309               ldb rh3,#0x09
7989c:  e801               jr 0x98a0
7989e:  c308               ldb rh3,#0x08
798a0:  e801               jr 0x98a4
798a2:  c300               ldb rh3,#0x00
798a4:  e801               jr 0x98a8
798a6:  c307               ldb rh3,#0x07
798a8:  a02a               ldb rl2,rh2
798aa:  8277               subb rh7,rh7
798ac:  0a0f0000           cpb rl7,#0x00
798b0:  ee01               jr nz,0x98b4
798b2:  a03f               ldb rl7,rh3
798b4:  9e08               ret 
798b6:  d25b               calr 0x9402
798b8:  21008c00           ld r0,#0x8c00
798bc:  d10a               calr 0x96aa
798be:  9e08               ret 
798c0:  d260               calr 0x9402
798c2:  21008c00           ld r0,#0x8c00
798c6:  d109               calr 0x96b6
798c8:  9e08               ret 
798ca:  d265               calr 0x9402
798cc:  21008c00           ld r0,#0x8c00
798d0:  d108               calr 0x96c2
798d2:  9e08               ret 
798d4:  d26a               calr 0x9402
798d6:  21008c00           ld r0,#0x8c00
798da:  d106               calr 0x96d0
798dc:  9e08               ret 
798de:  d26f               calr 0x9402
798e0:  21008c00           ld r0,#0x8c00
798e4:  d105               calr 0x96dc
798e6:  9e08               ret 
798e8:  d274               calr 0x9402
798ea:  21008c00           ld r0,#0x8c00
798ee:  d104               calr 0x96e8
798f0:  9e08               ret 
798f2:  d279               calr 0x9402
798f4:  21000600           ld r0,#0x0600
798f8:  d128               calr 0x96aa
798fa:  9e08               ret 
798fc:  d27e               calr 0x9402
798fe:  21000600           ld r0,#0x0600
79902:  d127               calr 0x96b6
79904:  9e08               ret 
79906:  d283               calr 0x9402
79908:  21008600           ld r0,#0x8600
7990c:  d126               calr 0x96c2
7990e:  9e08               ret 
79910:  21000a00           ld r0,#0x0a00
79914:  84b8               orb rl0,rl3
79916:  9446               ldl rr6,rr4
79918:  cd02               ldb rl5,#0x02
7991a:  d1dc               calr 0x9564
7991c:  9e08               ret 
7991e:  21004a00           ld r0,#0x4a00
79922:  84b8               orb rl0,rl3
79924:  9446               ldl rr6,rr4
79926:  cd02               ldb rl5,#0x02
79928:  d1e3               calr 0x9564
7992a:  9e08               ret 
7992c:  d296               calr 0x9402
7992e:  21000600           ld r0,#0x0600
79932:  d132               calr 0x96d0
79934:  9e08               ret 
79936:  d29b               calr 0x9402
79938:  21000600           ld r0,#0x0600
7993c:  d131               calr 0x96dc
7993e:  9e08               ret 
79940:  d2a0               calr 0x9402
79942:  21008600           ld r0,#0x8600
79946:  d130               calr 0x96e8
79948:  9e08               ret 
7994a:  d2a5               calr 0x9402
7994c:  21002c00           ld r0,#0x2c00
79950:  d154               calr 0x96aa
79952:  9e08               ret 
79954:  d2aa               calr 0x9402
79956:  21002c00           ld r0,#0x2c00
7995a:  d153               calr 0x96b6
7995c:  9e08               ret 
7995e:  d2af               calr 0x9402
79960:  2100ac00           ld r0,#0xac00
79964:  d152               calr 0x96c2
79966:  9e08               ret 
79968:  d2b4               calr 0x9402
7996a:  21002c00           ld r0,#0x2c00
7996e:  d150               calr 0x96d0
79970:  9e08               ret 
79972:  d2b9               calr 0x9402
79974:  21002c00           ld r0,#0x2c00
79978:  d14f               calr 0x96dc
7997a:  9e08               ret 
7997c:  d2be               calr 0x9402
7997e:  2100ac00           ld r0,#0xac00
79982:  d14e               calr 0x96e8
79984:  9e08               ret 
79986:  d2c3               calr 0x9402
79988:  21002600           ld r0,#0x2600
7998c:  d172               calr 0x96aa
7998e:  9e08               ret 
79990:  d2c8               calr 0x9402
79992:  21002600           ld r0,#0x2600
79996:  d171               calr 0x96b6
79998:  9e08               ret 
7999a:  d2cd               calr 0x9402
7999c:  2100a600           ld r0,#0xa600
799a0:  d170               calr 0x96c2
799a2:  9e08               ret 
799a4:  d2d2               calr 0x9402
799a6:  21002600           ld r0,#0x2600
799aa:  d16e               calr 0x96d0
799ac:  9e08               ret 
799ae:  d2d7               calr 0x9402
799b0:  21002600           ld r0,#0x2600
799b4:  d16d               calr 0x96dc
799b6:  9e08               ret 
799b8:  d2dc               calr 0x9402
799ba:  2100a600           ld r0,#0xa600
799be:  d16c               calr 0x96e8
799c0:  9e08               ret 
799c2:  d2e1               calr 0x9402
799c4:  21000200           ld r0,#0x0200
799c8:  d190               calr 0x96aa
799ca:  9e08               ret 
799cc:  d2e6               calr 0x9402
799ce:  21000200           ld r0,#0x0200
799d2:  d18f               calr 0x96b6
799d4:  9e08               ret 
799d6:  d2eb               calr 0x9402
799d8:  21000200           ld r0,#0x0200
799dc:  d18e               calr 0x96c2
799de:  9e08               ret 
799e0:  d2f0               calr 0x9402
799e2:  21000200           ld r0,#0x0200
799e6:  d18c               calr 0x96d0
799e8:  9e08               ret 
799ea:  d2f5               calr 0x9402
799ec:  21000200           ld r0,#0x0200
799f0:  d18b               calr 0x96dc
799f2:  9e08               ret 
799f4:  d2fa               calr 0x9402
799f6:  21000200           ld r0,#0x0200
799fa:  d18a               calr 0x96e8
799fc:  9e08               ret 
799fe:  d116               calr 0x97d4
79a00:  0a0f0000           cpb rl7,#0x00
79a04:  ee0d               jr nz,0x9a20
79a06:  0608f8f8           andb rl0,#0xf8
79a0a:  0a086868           cpb rl0,#0x68
79a0e:  ee01               jr nz,0x9a12
79a10:  cf18               ldb rl7,#0x18
79a12:  93e7               push @rr14,r7
79a14:  df68               calr 0x9b46
79a16:  97e7               pop r7,@rr14
79a18:  32400001           ldb rr4(#0x0001),rh0
79a1c:  8200               subb rh0,rh0
79a1e:  2e40               ldb @rr4,rh0
79a20:  9e08               ret 
79a22:  21000f00           ld r0,#0x0f00
79a26:  84b8               orb rl0,rl3
79a28:  a0c1               ldb rh1,rl4
79a2a:  cd03               ldb rl5,#0x03
79a2c:  d265               calr 0x9564
79a2e:  9e08               ret 
79a30:  d12f               calr 0x97d4
79a32:  0a0f0000           cpb rl7,#0x00
79a36:  ee5a               jr nz,0x9aec
79a38:  df7a               calr 0x9b46
79a3a:  0600f8f8           andb rh0,#0xf8
79a3e:  0a004848           cpb rh0,#0x48
79a42:  ee02               jr nz,0x9a48
79a44:  cf18               ldb rl7,#0x18
79a46:  e852               jr 0x9aec
79a48:  a616               bitb rh1,#6
79a4a:  e605               jr z,0x9a56
79a4c:  a8f0               incb rl7,#1
79a4e:  33470006           ld rr4(#0x0006),r7
79a52:  82ff               subb rl7,rl7
79a54:  e802               jr 0x9a5a
79a56:  33470006           ld rr4(#0x0006),r7
79a5a:  0600c0c0           andb rh0,#0xc0
79a5e:  0a000000           cpb rh0,#0x00
79a62:  e630               jr z,0x9ac4
79a64:  a080               ldb rh0,rl0
79a66:  a018               ldb rl0,rh1
79a68:  0b002020           cp r0,#0x2020
79a6c:  ee02               jr nz,0x9a72
79a6e:  cf0f               ldb rl7,#0x0f
79a70:  e829               jr 0x9ac4
79a72:  0b002000           cp r0,#0x2000
79a76:  ee02               jr nz,0x9a7c
79a78:  cf10               ldb rl7,#0x10
79a7a:  e824               jr 0x9ac4
79a7c:  0b001000           cp r0,#0x1000
79a80:  ee02               jr nz,0x9a86
79a82:  cf11               ldb rl7,#0x11
79a84:  e81f               jr 0x9ac4
79a86:  0b000402           cp r0,#0x0402
79a8a:  ee02               jr nz,0x9a90
79a8c:  cf12               ldb rl7,#0x12
79a8e:  e81a               jr 0x9ac4
79a90:  0b000410           cp r0,#0x0410
79a94:  ee02               jr nz,0x9a9a
79a96:  cf13               ldb rl7,#0x13
79a98:  e815               jr 0x9ac4
79a9a:  0b000400           cp r0,#0x0400
79a9e:  ee02               jr nz,0x9aa4
79aa0:  cf14               ldb rl7,#0x14
79aa2:  e810               jr 0x9ac4
79aa4:  0b000200           cp r0,#0x0200
79aa8:  ee02               jr nz,0x9aae
79aaa:  cf15               ldb rl7,#0x15
79aac:  e80b               jr 0x9ac4
79aae:  0b000100           cp r0,#0x0100
79ab2:  ee02               jr nz,0x9ab8
79ab4:  cf16               ldb rl7,#0x16
79ab6:  e806               jr 0x9ac4
79ab8:  0b000101           cp r0,#0x0101
79abc:  ee02               jr nz,0x9ac2
79abe:  cf17               ldb rl7,#0x17
79ac0:  e801               jr 0x9ac4
79ac2:  cf07               ldb rl7,#0x07
79ac4:  0a030000           cpb rh3,#0x00
79ac8:  e308               jr ule,0x9ada
79aca:  0a0e0000           cpb rl6,#0x00
79ace:  ee03               jr nz,0x9ad6
79ad0:  000b1a1a           addb rl3,#0x1a
79ad4:  e802               jr 0x9ada
79ad6:  000b1010           addb rl3,#0x10
79ada:  a06e               ldb rl6,rh6
79adc:  8211               subb rh1,rh1
79ade:  8233               subb rh3,rh3
79ae0:  8266               subb rh6,rh6
79ae2:  2f41               ld @rr4,r1
79ae4:  33430002           ld rr4(#0x0002),r3
79ae8:  33460004           ld rr4(#0x0004),r6
79aec:  9e08               ret 
79aee:  a0a2               ldb rh2,rl2
79af0:  caf7               ldb rl2,#0xf7
79af2:  3c28               inb rl0,@r2
79af4:  a680               bitb rl0,#0
79af6:  e602               jr z,0x9afc
79af8:  cf0d               ldb rl7,#0x0d
79afa:  e801               jr 0x9afe
79afc:  cf00               ldb rl7,#0x00
79afe:  ca9f               ldb rl2,#0x9f
79b00:  c870               ldb rl0,#0x70
79b02:  3e28               outb @r2,rl0
79b04:  c880               ldb rl0,#0x80
79b06:  3e28               outb @r2,rl0
79b08:  ca9d               ldb rl2,#0x9d
79b0a:  3c28               inb rl0,@r2
79b0c:  ca9f               ldb rl2,#0x9f
79b0e:  c090               ldb rh0,#0x90
79b10:  3e20               outb @r2,rh0
79b12:  8ab8               cpb rl0,rl3
79b14:  e301               jr ule,0x9b18
79b16:  8288               subb rl0,rl0
79b18:  8200               subb rh0,rh0
79b1a:  2f40               ld @rr4,r0
79b1c:  8277               subb rh7,rh7
79b1e:  a02a               ldb rl2,rh2
79b20:  9e08               ret 
79b22:  a0a2               ldb rh2,rl2
79b24:  0b040000           cp r4,#0x0000
79b28:  ee04               jr nz,0x9b32
79b2a:  ca9f               ldb rl2,#0x9f
79b2c:  cc98               ldb rl4,#0x98
79b2e:  3e2c               outb @r2,rl4
79b30:  ccff               ldb rl4,#0xff
79b32:  ca9d               ldb rl2,#0x9d
79b34:  3e2c               outb @r2,rl4
79b36:  0b030000           cp r3,#0x0000
79b3a:  e603               jr z,0x9b42
79b3c:  ca9b               ldb rl2,#0x9b
79b3e:  3e2b               outb @r2,rl3
79b40:  3e23               outb @r2,rh3
79b42:  8377               sub r7,r7
79b44:  9e08               ret 
79b46:  91e4               pushl @rr14,rr4
79b48:  82dd               subb rl5,rl5
79b4a:  a0a2               ldb rh2,rl2
79b4c:  ca1d               ldb rl2,#0x1d
79b4e:  3c25               inb rh5,@r2
79b50:  a654               bitb rh5,#4
79b52:  e633               jr z,0x9bba
79b54:  93e0               push @rr14,r0
79b56:  93e3               push @rr14,r3
79b58:  d268               calr 0x968a
79b5a:  97e3               pop r3,@rr14
79b5c:  97e0               pop r0,@rr14
79b5e:  0a0f0000           cpb rl7,#0x00
79b62:  ee2b               jr nz,0x9bba
79b64:  3c25               inb rh5,@r2
79b66:  a656               bitb rh5,#6
79b68:  e627               jr z,0x9bb8
79b6a:  ca1f               ldb rl2,#0x1f
79b6c:  3c25               inb rh5,@r2
79b6e:  0a0d0000           cpb rl5,#0x00
79b72:  ee02               jr nz,0x9b78
79b74:  a050               ldb rh0,rh5
79b76:  e81d               jr 0x9bb2
79b78:  0a0d0101           cpb rl5,#0x01
79b7c:  ee02               jr nz,0x9b82
79b7e:  a058               ldb rl0,rh5
79b80:  e818               jr 0x9bb2
79b82:  0a0d0202           cpb rl5,#0x02
79b86:  ee02               jr nz,0x9b8c
79b88:  a051               ldb rh1,rh5
79b8a:  e813               jr 0x9bb2
79b8c:  0a0d0303           cpb rl5,#0x03
79b90:  ee02               jr nz,0x9b96
79b92:  a059               ldb rl1,rh5
79b94:  e80e               jr 0x9bb2
79b96:  0a0d0404           cpb rl5,#0x04
79b9a:  ee02               jr nz,0x9ba0
79b9c:  a053               ldb rh3,rh5
79b9e:  e809               jr 0x9bb2
79ba0:  0a0d0505           cpb rl5,#0x05
79ba4:  ee02               jr nz,0x9baa
79ba6:  a05b               ldb rl3,rh5
79ba8:  e804               jr 0x9bb2
79baa:  0a0d0606           cpb rl5,#0x06
79bae:  ee01               jr nz,0x9bb2
79bb0:  a056               ldb rh6,rh5
79bb2:  a8d0               incb rl5,#1
79bb4:  e8cb               jr 0x9b4c
79bb6:  e801               jr 0x9bba
79bb8:  cf06               ldb rl7,#0x06
79bba:  95e4               popl rr4,@rr14
79bbc:  9e08               ret 
79bbe:  d3a9               calr 0x946e
79bc0:  21000600           ld r0,#0x0600
79bc4:  d28e               calr 0x96aa
79bc6:  9e08               ret 
79bc8:  d3ae               calr 0x946e
79bca:  21000600           ld r0,#0x0600
79bce:  d28d               calr 0x96b6
79bd0:  9e08               ret 
79bd2:  d3b3               calr 0x946e
79bd4:  21008600           ld r0,#0x8600
79bd8:  d28c               calr 0x96c2
79bda:  9e08               ret 
79bdc:  d3b8               calr 0x946e
79bde:  21000600           ld r0,#0x0600
79be2:  d28a               calr 0x96d0
79be4:  9e08               ret 
79be6:  d3bd               calr 0x946e
79be8:  21000600           ld r0,#0x0600
79bec:  d289               calr 0x96dc
79bee:  9e08               ret 
79bf0:  d3c2               calr 0x946e
79bf2:  21008600           ld r0,#0x8600
79bf6:  d288               calr 0x96e8
79bf8:  9e08               ret 
79bfa:  d3b4               calr 0x9494
79bfc:  21000900           ld r0,#0x0900
79c00:  d2ac               calr 0x96aa
79c02:  9e08               ret 
79c04:  d3b9               calr 0x9494
79c06:  21000900           ld r0,#0x0900
79c0a:  d2ab               calr 0x96b6
79c0c:  9e08               ret 
79c0e:  d3be               calr 0x9494
79c10:  21008900           ld r0,#0x8900
79c14:  d2aa               calr 0x96c2
79c16:  9e08               ret 
79c18:  d3c3               calr 0x9494
79c1a:  21000900           ld r0,#0x0900
79c1e:  d2a8               calr 0x96d0
79c20:  9e08               ret 
79c22:  d3c8               calr 0x9494
79c24:  21000900           ld r0,#0x0900
79c28:  d2a7               calr 0x96dc
79c2a:  9e08               ret 
79c2c:  d3cd               calr 0x9494
79c2e:  21008900           ld r0,#0x8900
79c32:  d2a6               calr 0x96e8
79c34:  9e08               ret 
79c36:  d3d2               calr 0x9494
79c38:  21000500           ld r0,#0x0500
79c3c:  d2ca               calr 0x96aa
79c3e:  9e08               ret 
79c40:  d3d7               calr 0x9494
79c42:  21000500           ld r0,#0x0500
79c46:  d2c9               calr 0x96b6
79c48:  9e08               ret 
79c4a:  d3dc               calr 0x9494
79c4c:  21008500           ld r0,#0x8500
79c50:  d2c8               calr 0x96c2
79c52:  9e08               ret 
79c54:  d3e1               calr 0x9494
79c56:  21000500           ld r0,#0x0500
79c5a:  d2c6               calr 0x96d0
79c5c:  9e08               ret 
79c5e:  d3e6               calr 0x9494
79c60:  21000500           ld r0,#0x0500
79c64:  d2c5               calr 0x96dc
79c66:  9e08               ret 
79c68:  d3eb               calr 0x9494
79c6a:  21008500           ld r0,#0x8500
79c6e:  d2c4               calr 0x96e8
79c70:  9e08               ret 
79c72:  7608a100bf96       lda rr8,<<33>>0xbf96
79c78:  5f00840043b6       call <<4>>0x43b6
79c7e:  5f00a1008b24       call <<33>>0x8b24
79c84:  7608a100c679       lda rr8,<<33>>0xc679
79c8a:  5f00840043be       call <<4>>0x43be
79c90:  9e08               ret 
79c92:  7608a100bfaa       lda rr8,<<33>>0xbfaa
79c98:  5f00840043b6       call <<4>>0x43b6
79c9e:  5f00a1008d32       call <<33>>0x8d32
79ca4:  7608a100c679       lda rr8,<<33>>0xc679
79caa:  5f00840043be       call <<4>>0x43be
79cb0:  9e08               ret 
79cb2:  7608a100bfbc       lda rr8,<<33>>0xbfbc
79cb8:  5f00840043b6       call <<4>>0x43b6
79cbe:  5f00a1008f24       call <<33>>0x8f24
79cc4:  7608a100c679       lda rr8,<<33>>0xc679
79cca:  5f00840043be       call <<4>>0x43be
79cd0:  9e08               ret 
79cd2:  91e4               pushl @rr14,rr4
79cd4:  7608a100bfcf       lda rr8,<<33>>0xbfcf
79cda:  5f00840043b6       call <<4>>0x43b6
79ce0:  5f00a1008efc       call <<33>>0x8efc
79ce6:  95e4               popl rr4,@rr14
79ce8:  7608a100c69c       lda rr8,<<33>>0xc69c
79cee:  5f00840043be       call <<4>>0x43be
79cf4:  9e08               ret 
79cf6:  7608a100bfe0       lda rr8,<<33>>0xbfe0
79cfc:  5f00840043b6       call <<4>>0x43b6
79d02:  5f00a1009110       call <<33>>0x9110
79d08:  7608a100c679       lda rr8,<<33>>0xc679
79d0e:  5f00840043be       call <<4>>0x43be
79d14:  9e08               ret 
79d16:  7608a100bff2       lda rr8,<<33>>0xbff2
79d1c:  5f00840043b6       call <<4>>0x43b6
79d22:  5f00a100911e       call <<33>>0x911e
79d28:  7608a100c679       lda rr8,<<33>>0xc679
79d2e:  5f00840043be       call <<4>>0x43be
79d34:  9e08               ret 
79d36:  7608a100c005       lda rr8,<<33>>0xc005
79d3c:  5f00840043b6       call <<4>>0x43b6
79d42:  5f00a1009222       call <<33>>0x9222
79d48:  7608a100c679       lda rr8,<<33>>0xc679
79d4e:  5f00840043be       call <<4>>0x43be
79d54:  9e08               ret 
79d56:  91e4               pushl @rr14,rr4
79d58:  7608a100c019       lda rr8,<<33>>0xc019
79d5e:  5f00840043b6       call <<4>>0x43b6
79d64:  5f00a10091fe       call <<33>>0x91fe
79d6a:  95e4               popl rr4,@rr14
79d6c:  7608a100c69c       lda rr8,<<33>>0xc69c
79d72:  5f00840043be       call <<4>>0x43be
79d78:  9e08               ret 
79d7a:  91e4               pushl @rr14,rr4
79d7c:  7608a100c02a       lda rr8,<<33>>0xc02a
79d82:  5f00840043b6       call <<4>>0x43b6
79d88:  5f00a1008ef6       call <<33>>0x8ef6
79d8e:  95e4               popl rr4,@rr14
79d90:  7608a100c69c       lda rr8,<<33>>0xc69c
79d96:  5f00840043be       call <<4>>0x43be
79d9c:  9e08               ret 
79d9e:  91e4               pushl @rr14,rr4
79da0:  7608a100c03b       lda rr8,<<33>>0xc03b
79da6:  5f00840043b6       call <<4>>0x43b6
79dac:  5f00a1008f76       call <<33>>0x8f76
79db2:  95e4               popl rr4,@rr14
79db4:  7608a100c69c       lda rr8,<<33>>0xc69c
79dba:  5f00840043be       call <<4>>0x43be
79dc0:  9e08               ret 
79dc2:  7608a100c04d       lda rr8,<<33>>0xc04d
79dc8:  5f00840043b6       call <<4>>0x43b6
79dce:  5f00a100912c       call <<33>>0x912c
79dd4:  7608a100c679       lda rr8,<<33>>0xc679
79dda:  5f00840043be       call <<4>>0x43be
79de0:  9e08               ret 
79de2:  7608a100c062       lda rr8,<<33>>0xc062
79de8:  5f00840043b6       call <<4>>0x43b6
79dee:  5f00a1009136       call <<33>>0x9136
79df4:  7608a100c679       lda rr8,<<33>>0xc679
79dfa:  5f00840043be       call <<4>>0x43be
79e00:  9e08               ret 
79e02:  7608a100c077       lda rr8,<<33>>0xc077
79e08:  5f00840043b6       call <<4>>0x43b6
79e0e:  5f00a1009140       call <<33>>0x9140
79e14:  7608a100c679       lda rr8,<<33>>0xc679
79e1a:  5f00840043be       call <<4>>0x43be
79e20:  9e08               ret 
79e22:  7608a100c08a       lda rr8,<<33>>0xc08a
79e28:  5f00840043b6       call <<4>>0x43b6
79e2e:  5f00a10090f2       call <<33>>0x90f2
79e34:  7608a100c679       lda rr8,<<33>>0xc679
79e3a:  5f00840043be       call <<4>>0x43be
79e40:  9e08               ret 
79e42:  7608a100c09e       lda rr8,<<33>>0xc09e
79e48:  5f00840043b6       call <<4>>0x43b6
79e4e:  5f00a10090fc       call <<33>>0x90fc
79e54:  7608a100c679       lda rr8,<<33>>0xc679
79e5a:  5f00840043be       call <<4>>0x43be
79e60:  9e08               ret 
79e62:  7608a100c0b2       lda rr8,<<33>>0xc0b2
79e68:  5f00840043b6       call <<4>>0x43b6
79e6e:  5f00a1009106       call <<33>>0x9106
79e74:  7608a100c679       lda rr8,<<33>>0xc679
79e7a:  5f00840043be       call <<4>>0x43be
79e80:  9e08               ret 
79e82:  7608a100c0c4       lda rr8,<<33>>0xc0c4
79e88:  5f00840043b6       call <<4>>0x43b6
79e8e:  5f00a10091a4       call <<33>>0x91a4
79e94:  7608a100c679       lda rr8,<<33>>0xc679
79e9a:  5f00840043be       call <<4>>0x43be
79ea0:  9e08               ret 
79ea2:  7608a100c0da       lda rr8,<<33>>0xc0da
79ea8:  5f00840043b6       call <<4>>0x43b6
79eae:  5f00a10091ae       call <<33>>0x91ae
79eb4:  7608a100c679       lda rr8,<<33>>0xc679
79eba:  5f00840043be       call <<4>>0x43be
79ec0:  9e08               ret 
79ec2:  7608a100c0f0       lda rr8,<<33>>0xc0f0
79ec8:  5f00840043b6       call <<4>>0x43b6
79ece:  5f00a10091b8       call <<33>>0x91b8
79ed4:  7608a100c679       lda rr8,<<33>>0xc679
79eda:  5f00840043be       call <<4>>0x43be
79ee0:  9e08               ret 
79ee2:  7608a100c104       lda rr8,<<33>>0xc104
79ee8:  5f00840043b6       call <<4>>0x43b6
79eee:  5f00a1009186       call <<33>>0x9186
79ef4:  7608a100c679       lda rr8,<<33>>0xc679
79efa:  5f00840043be       call <<4>>0x43be
79f00:  9e08               ret 
79f02:  7608a100c119       lda rr8,<<33>>0xc119
79f08:  5f00840043b6       call <<4>>0x43b6
79f0e:  5f00a1009190       call <<33>>0x9190
79f14:  7608a100c679       lda rr8,<<33>>0xc679
79f1a:  5f00840043be       call <<4>>0x43be
79f20:  9e08               ret 
79f22:  7608a100c12e       lda rr8,<<33>>0xc12e
79f28:  5f00840043b6       call <<4>>0x43b6
79f2e:  5f00a100919a       call <<33>>0x919a
79f34:  7608a100c679       lda rr8,<<33>>0xc679
79f3a:  5f00840043be       call <<4>>0x43be
79f40:  9e08               ret 
79f42:  7608a100c141       lda rr8,<<33>>0xc141
79f48:  5f00840043b6       call <<4>>0x43b6
79f4e:  5f00a10090d4       call <<33>>0x90d4
79f54:  7608a100c679       lda rr8,<<33>>0xc679
79f5a:  5f00840043be       call <<4>>0x43be
79f60:  9e08               ret 
79f62:  7608a100c157       lda rr8,<<33>>0xc157
79f68:  5f00840043b6       call <<4>>0x43b6
79f6e:  5f00a10090de       call <<33>>0x90de
79f74:  7608a100c679       lda rr8,<<33>>0xc679
79f7a:  5f00840043be       call <<4>>0x43be
79f80:  9e08               ret 
79f82:  7608a100c16d       lda rr8,<<33>>0xc16d
79f88:  5f00840043b6       call <<4>>0x43b6
79f8e:  5f00a10090e8       call <<33>>0x90e8
79f94:  7608a100c679       lda rr8,<<33>>0xc679
79f9a:  5f00840043be       call <<4>>0x43be
79fa0:  9e08               ret 
79fa2:  7608a100c181       lda rr8,<<33>>0xc181
79fa8:  5f00840043b6       call <<4>>0x43b6
79fae:  5f00a10090b6       call <<33>>0x90b6
79fb4:  7608a100c679       lda rr8,<<33>>0xc679
79fba:  5f00840043be       call <<4>>0x43be
79fc0:  9e08               ret 
79fc2:  7608a100c196       lda rr8,<<33>>0xc196
79fc8:  5f00840043b6       call <<4>>0x43b6
79fce:  5f00a10090c0       call <<33>>0x90c0
79fd4:  7608a100c679       lda rr8,<<33>>0xc679
79fda:  5f00840043be       call <<4>>0x43be
79fe0:  9e08               ret 
79fe2:  7608a100c1ab       lda rr8,<<33>>0xc1ab
79fe8:  5f00840043b6       call <<4>>0x43b6
79fee:  5f00a10090ca       call <<33>>0x90ca
79ff4:  7608a100c679       lda rr8,<<33>>0xc679
79ffa:  5f00840043be       call <<4>>0x43be
7a000:  9e08               ret 
7a002:  7608a100c1be       lda rr8,<<33>>0xc1be
7a008:  5f00840043b6       call <<4>>0x43b6
7a00e:  5f00a1009168       call <<33>>0x9168
7a014:  7608a100c679       lda rr8,<<33>>0xc679
7a01a:  5f00840043be       call <<4>>0x43be
7a020:  9e08               ret 
7a022:  7608a100c1d5       lda rr8,<<33>>0xc1d5
7a028:  5f00840043b6       call <<4>>0x43b6
7a02e:  5f00a1009172       call <<33>>0x9172
7a034:  7608a100c679       lda rr8,<<33>>0xc679
7a03a:  5f00840043be       call <<4>>0x43be
7a040:  9e08               ret 
7a042:  7608a100c1ec       lda rr8,<<33>>0xc1ec
7a048:  5f00840043b6       call <<4>>0x43b6
7a04e:  5f00a100917c       call <<33>>0x917c
7a054:  7608a100c679       lda rr8,<<33>>0xc679
7a05a:  5f00840043be       call <<4>>0x43be
7a060:  9e08               ret 
7a062:  7608a100c201       lda rr8,<<33>>0xc201
7a068:  5f00840043b6       call <<4>>0x43b6
7a06e:  5f00a100914a       call <<33>>0x914a
7a074:  7608a100c679       lda rr8,<<33>>0xc679
7a07a:  5f00840043be       call <<4>>0x43be
7a080:  9e08               ret 
7a082:  7608a100c217       lda rr8,<<33>>0xc217
7a088:  5f00840043b6       call <<4>>0x43b6
7a08e:  5f00a1009154       call <<33>>0x9154
7a094:  7608a100c679       lda rr8,<<33>>0xc679
7a09a:  5f00840043be       call <<4>>0x43be
7a0a0:  9e08               ret 
7a0a2:  7608a100c22d       lda rr8,<<33>>0xc22d
7a0a8:  5f00840043b6       call <<4>>0x43b6
7a0ae:  5f00a100915e       call <<33>>0x915e
7a0b4:  7608a100c679       lda rr8,<<33>>0xc679
7a0ba:  5f00840043be       call <<4>>0x43be
7a0c0:  9e08               ret 
7a0c2:  7608a100c241       lda rr8,<<33>>0xc241
7a0c8:  5f00840043b6       call <<4>>0x43b6
7a0ce:  5f00a10091e0       call <<33>>0x91e0
7a0d4:  7608a100c679       lda rr8,<<33>>0xc679
7a0da:  5f00840043be       call <<4>>0x43be
7a0e0:  9e08               ret 
7a0e2:  7608a100c257       lda rr8,<<33>>0xc257
7a0e8:  5f00840043b6       call <<4>>0x43b6
7a0ee:  5f00a10091ea       call <<33>>0x91ea
7a0f4:  7608a100c679       lda rr8,<<33>>0xc679
7a0fa:  5f00840043be       call <<4>>0x43be
7a100:  9e08               ret 
7a102:  7608a100c26d       lda rr8,<<33>>0xc26d
7a108:  5f00840043b6       call <<4>>0x43b6
7a10e:  5f00a10091f4       call <<33>>0x91f4
7a114:  7608a100c679       lda rr8,<<33>>0xc679
7a11a:  5f00840043be       call <<4>>0x43be
7a120:  9e08               ret 
7a122:  7608a100c281       lda rr8,<<33>>0xc281
7a128:  5f00840043b6       call <<4>>0x43b6
7a12e:  5f00a10091c2       call <<33>>0x91c2
7a134:  7608a100c679       lda rr8,<<33>>0xc679
7a13a:  5f00840043be       call <<4>>0x43be
7a140:  9e08               ret 
7a142:  7608a100c296       lda rr8,<<33>>0xc296
7a148:  5f00840043b6       call <<4>>0x43b6
7a14e:  5f00a10091cc       call <<33>>0x91cc
7a154:  7608a100c679       lda rr8,<<33>>0xc679
7a15a:  5f00840043be       call <<4>>0x43be
7a160:  9e08               ret 
7a162:  7608a100c2ab       lda rr8,<<33>>0xc2ab
7a168:  5f00840043b6       call <<4>>0x43b6
7a16e:  5f00a10091d6       call <<33>>0x91d6
7a174:  7608a100c679       lda rr8,<<33>>0xc679
7a17a:  5f00840043be       call <<4>>0x43be
7a180:  9e08               ret 
7a182:  7608a100c2be       lda rr8,<<33>>0xc2be
7a188:  5f00840043b6       call <<4>>0x43b6
7a18e:  5f00a10093dc       call <<33>>0x93dc
7a194:  7608a100c679       lda rr8,<<33>>0xc679
7a19a:  5f00840043be       call <<4>>0x43be
7a1a0:  9e08               ret 
7a1a2:  7608a100c2d3       lda rr8,<<33>>0xc2d3
7a1a8:  5f00840043b6       call <<4>>0x43b6
7a1ae:  5f00a10093e6       call <<33>>0x93e6
7a1b4:  7608a100c679       lda rr8,<<33>>0xc679
7a1ba:  5f00840043be       call <<4>>0x43be
7a1c0:  9e08               ret 
7a1c2:  7608a100c2e8       lda rr8,<<33>>0xc2e8
7a1c8:  5f00840043b6       call <<4>>0x43b6
7a1ce:  5f00a10093f0       call <<33>>0x93f0
7a1d4:  7608a100c679       lda rr8,<<33>>0xc679
7a1da:  5f00840043be       call <<4>>0x43be
7a1e0:  9e08               ret 
7a1e2:  7608a100c2fb       lda rr8,<<33>>0xc2fb
7a1e8:  5f00840043b6       call <<4>>0x43b6
7a1ee:  5f00a10093be       call <<33>>0x93be
7a1f4:  7608a100c679       lda rr8,<<33>>0xc679
7a1fa:  5f00840043be       call <<4>>0x43be
7a200:  9e08               ret 
7a202:  7608a100c30f       lda rr8,<<33>>0xc30f
7a208:  5f00840043b6       call <<4>>0x43b6
7a20e:  5f00a10093c8       call <<33>>0x93c8
7a214:  7608a100c679       lda rr8,<<33>>0xc679
7a21a:  5f00840043be       call <<4>>0x43be
7a220:  9e08               ret 
7a222:  7608a100c323       lda rr8,<<33>>0xc323
7a228:  5f00840043b6       call <<4>>0x43b6
7a22e:  5f00a10093d2       call <<33>>0x93d2
7a234:  7608a100c679       lda rr8,<<33>>0xc679
7a23a:  5f00840043be       call <<4>>0x43be
7a240:  9e08               ret 
7a242:  7608a100c335       lda rr8,<<33>>0xc335
7a248:  5f00840043b6       call <<4>>0x43b6
7a24e:  5f00a1009454       call <<33>>0x9454
7a254:  7608a100c679       lda rr8,<<33>>0xc679
7a25a:  5f00840043be       call <<4>>0x43be
7a260:  9e08               ret 
7a262:  7608a100c34a       lda rr8,<<33>>0xc34a
7a268:  5f00840043b6       call <<4>>0x43b6
7a26e:  5f00a100945e       call <<33>>0x945e
7a274:  7608a100c679       lda rr8,<<33>>0xc679
7a27a:  5f00840043be       call <<4>>0x43be
7a280:  9e08               ret 
7a282:  7608a100c35f       lda rr8,<<33>>0xc35f
7a288:  5f00840043b6       call <<4>>0x43b6
7a28e:  5f00a1009468       call <<33>>0x9468
7a294:  7608a100c679       lda rr8,<<33>>0xc679
7a29a:  5f00840043be       call <<4>>0x43be
7a2a0:  9e08               ret 
7a2a2:  7608a100c372       lda rr8,<<33>>0xc372
7a2a8:  5f00840043b6       call <<4>>0x43b6
7a2ae:  5f00a1009436       call <<33>>0x9436
7a2b4:  7608a100c679       lda rr8,<<33>>0xc679
7a2ba:  5f00840043be       call <<4>>0x43be
7a2c0:  9e08               ret 
7a2c2:  7608a100c386       lda rr8,<<33>>0xc386
7a2c8:  5f00840043b6       call <<4>>0x43b6
7a2ce:  5f00a1009440       call <<33>>0x9440
7a2d4:  7608a100c679       lda rr8,<<33>>0xc679
7a2da:  5f00840043be       call <<4>>0x43be
7a2e0:  9e08               ret 
7a2e2:  7608a100c39a       lda rr8,<<33>>0xc39a
7a2e8:  5f00840043b6       call <<4>>0x43b6
7a2ee:  5f00a100944a       call <<33>>0x944a
7a2f4:  7608a100c679       lda rr8,<<33>>0xc679
7a2fa:  5f00840043be       call <<4>>0x43be
7a300:  9e08               ret 
7a302:  7608a100c3ac       lda rr8,<<33>>0xc3ac
7a308:  5f00840043b6       call <<4>>0x43b6
7a30e:  5f00a1009418       call <<33>>0x9418
7a314:  7608a100c679       lda rr8,<<33>>0xc679
7a31a:  5f00840043be       call <<4>>0x43be
7a320:  9e08               ret 
7a322:  7608a100c3c2       lda rr8,<<33>>0xc3c2
7a328:  5f00840043b6       call <<4>>0x43b6
7a32e:  5f00a1009422       call <<33>>0x9422
7a334:  7608a100c679       lda rr8,<<33>>0xc679
7a33a:  5f00840043be       call <<4>>0x43be
7a340:  9e08               ret 
7a342:  7608a100c3d8       lda rr8,<<33>>0xc3d8
7a348:  5f00840043b6       call <<4>>0x43b6
7a34e:  5f00a100942c       call <<33>>0x942c
7a354:  7608a100c679       lda rr8,<<33>>0xc679
7a35a:  5f00840043be       call <<4>>0x43be
7a360:  9e08               ret 
7a362:  7608a100c3ec       lda rr8,<<33>>0xc3ec
7a368:  5f00840043b6       call <<4>>0x43b6
7a36e:  5f00a10093fa       call <<33>>0x93fa
7a374:  7608a100c679       lda rr8,<<33>>0xc679
7a37a:  5f00840043be       call <<4>>0x43be
7a380:  9e08               ret 
7a382:  7608a100c401       lda rr8,<<33>>0xc401
7a388:  5f00840043b6       call <<4>>0x43b6
7a38e:  5f00a1009404       call <<33>>0x9404
7a394:  7608a100c679       lda rr8,<<33>>0xc679
7a39a:  5f00840043be       call <<4>>0x43be
7a3a0:  9e08               ret 
7a3a2:  7608a100c416       lda rr8,<<33>>0xc416
7a3a8:  5f00840043b6       call <<4>>0x43b6
7a3ae:  5f00a100940e       call <<33>>0x940e
7a3b4:  7608a100c679       lda rr8,<<33>>0xc679
7a3ba:  5f00840043be       call <<4>>0x43be
7a3c0:  9e08               ret 
7a3c2:  7608a100c429       lda rr8,<<33>>0xc429
7a3c8:  5f00840043b6       call <<4>>0x43b6
7a3ce:  5f00a100a218       call <<33>>0xa218
7a3d4:  7608a100c679       lda rr8,<<33>>0xc679
7a3da:  5f00840043be       call <<4>>0x43be
7a3e0:  9e08               ret 
7a3e2:  7608a100c43e       lda rr8,<<33>>0xc43e
7a3e8:  5f00840043b6       call <<4>>0x43b6
7a3ee:  5f00a100a236       call <<33>>0xa236
7a3f4:  7608a100c679       lda rr8,<<33>>0xc679
7a3fa:  5f00840043be       call <<4>>0x43be
7a400:  9e08               ret 
7a402:  7608a100c453       lda rr8,<<33>>0xc453
7a408:  5f00840043b6       call <<4>>0x43b6
7a40e:  5f00a100a254       call <<33>>0xa254
7a414:  7608a100c679       lda rr8,<<33>>0xc679
7a41a:  5f00840043be       call <<4>>0x43be
7a420:  9e08               ret 
7a422:  7608a100c466       lda rr8,<<33>>0xc466
7a428:  5f00840043b6       call <<4>>0x43b6
7a42e:  5f00a100a1b8       call <<33>>0xa1b8
7a434:  7608a100c679       lda rr8,<<33>>0xc679
7a43a:  5f00840043be       call <<4>>0x43be
7a440:  9e08               ret 
7a442:  7608a100c47a       lda rr8,<<33>>0xc47a
7a448:  5f00840043b6       call <<4>>0x43b6
7a44e:  5f00a100a1d6       call <<33>>0xa1d6
7a454:  7608a100c679       lda rr8,<<33>>0xc679
7a45a:  5f00840043be       call <<4>>0x43be
7a460:  9e08               ret 
7a462:  7608a100c48e       lda rr8,<<33>>0xc48e
7a468:  5f00840043b6       call <<4>>0x43b6
7a46e:  5f00a100a1f4       call <<33>>0xa1f4
7a474:  7608a100c679       lda rr8,<<33>>0xc679
7a47a:  5f00840043be       call <<4>>0x43be
7a480:  9e08               ret 
7a482:  91e4               pushl @rr14,rr4
7a484:  7608a100c4a0       lda rr8,<<33>>0xc4a0
7a48a:  5f00840043b6       call <<4>>0x43b6
7a490:  5f00a1008bd2       call <<33>>0x8bd2
7a496:  95e4               popl rr4,@rr14
7a498:  7608a100c68f       lda rr8,<<33>>0xc68f
7a49e:  5f00840043be       call <<4>>0x43be
7a4a4:  9e08               ret 
7a4a6:  7608a100c4b0       lda rr8,<<33>>0xc4b0
7a4ac:  5f00840043b6       call <<4>>0x43b6
7a4b2:  5f00a1008c32       call <<33>>0x8c32
7a4b8:  7608a100c679       lda rr8,<<33>>0xc679
7a4be:  5f00840043be       call <<4>>0x43be
7a4c4:  9e08               ret 
7a4c6:  7608a100c4c2       lda rr8,<<33>>0xc4c2
7a4cc:  5f00840043b6       call <<4>>0x43b6
7a4d2:  5f00a1009322       call <<33>>0x9322
7a4d8:  7608a100c679       lda rr8,<<33>>0xc679
7a4de:  5f00840043be       call <<4>>0x43be
7a4e4:  9e08               ret 
7a4e6:  91e4               pushl @rr14,rr4
7a4e8:  7608a100c4d6       lda rr8,<<33>>0xc4d6
7a4ee:  5f00840043b6       call <<4>>0x43b6
7a4f4:  5f00a10092ee       call <<33>>0x92ee
7a4fa:  95e4               popl rr4,@rr14
7a4fc:  7608a100c683       lda rr8,<<33>>0xc683
7a502:  5f00840043be       call <<4>>0x43be
7a508:  9e08               ret 
7a50a:  7608a100c4e9       lda rr8,<<33>>0xc4e9
7a510:  5f00840043b6       call <<4>>0x43b6
7a516:  5f00a1008f32       call <<33>>0x8f32
7a51c:  7608a100c679       lda rr8,<<33>>0xc679
7a522:  5f00840043be       call <<4>>0x43be
7a528:  9e08               ret 
7a52a:  7608a100c4fc       lda rr8,<<33>>0xc4fc
7a530:  5f00840043b6       call <<4>>0x43b6
7a536:  5f00a1008f48       call <<33>>0x8f48
7a53c:  7608a100c679       lda rr8,<<33>>0xc679
7a542:  5f00840043be       call <<4>>0x43be
7a548:  9e08               ret 
7a54a:  7608a100c50e       lda rr8,<<33>>0xc50e
7a550:  5f00840043b6       call <<4>>0x43b6
7a556:  5f00a1008f5e       call <<33>>0x8f5e
7a55c:  7608a100c679       lda rr8,<<33>>0xc679
7a562:  5f00840043be       call <<4>>0x43be
7a568:  9e08               ret 
7a56a:  7608a100c520       lda rr8,<<33>>0xc520
7a570:  5f00840043b6       call <<4>>0x43b6
7a576:  5f00a1008f7c       call <<33>>0x8f7c
7a57c:  7608a100c679       lda rr8,<<33>>0xc679
7a582:  5f00840043be       call <<4>>0x43be
7a588:  9e08               ret 
7a58a:  7608a100c532       lda rr8,<<33>>0xc532
7a590:  5f00840043b6       call <<4>>0x43b6
7a596:  5f00a1008f8a       call <<33>>0x8f8a
7a59c:  7608a100c679       lda rr8,<<33>>0xc679
7a5a2:  5f00840043be       call <<4>>0x43be
7a5a8:  9e08               ret 
7a5aa:  7608a100c546       lda rr8,<<33>>0xc546
7a5b0:  5f00840043b6       call <<4>>0x43b6
7a5b6:  5f00a1008fb4       call <<33>>0x8fb4
7a5bc:  7608a100c679       lda rr8,<<33>>0xc679
7a5c2:  5f00840043be       call <<4>>0x43be
7a5c8:  9e08               ret 
7a5ca:  91e4               pushl @rr14,rr4
7a5cc:  7608a100c559       lda rr8,<<33>>0xc559
7a5d2:  5f00840043b6       call <<4>>0x43b6
7a5d8:  5f00a1008bbe       call <<33>>0x8bbe
7a5de:  95e4               popl rr4,@rr14
7a5e0:  7608a100c683       lda rr8,<<33>>0xc683
7a5e6:  5f00840043be       call <<4>>0x43be
7a5ec:  9e08               ret 
7a5ee:  7608a100c56c       lda rr8,<<33>>0xc56c
7a5f4:  5f00840043b6       call <<4>>0x43b6
7a5fa:  5f00a1008d0a       call <<33>>0x8d0a
7a600:  7608a100c679       lda rr8,<<33>>0xc679
7a606:  5f00840043be       call <<4>>0x43be
7a60c:  9e08               ret 
7a60e:  91e4               pushl @rr14,rr4
7a610:  7608a100c581       lda rr8,<<33>>0xc581
7a616:  5f00840043b6       call <<4>>0x43b6
7a61c:  5f00a1008cc2       call <<33>>0x8cc2
7a622:  95e4               popl rr4,@rr14
7a624:  7608a100c69c       lda rr8,<<33>>0xc69c
7a62a:  5f00840043be       call <<4>>0x43be
7a630:  9e08               ret 
7a632:  7608a100c594       lda rr8,<<33>>0xc594
7a638:  5f00840043b6       call <<4>>0x43b6
7a63e:  5f00a1008ba0       call <<33>>0x8ba0
7a644:  7608a100c679       lda rr8,<<33>>0xc679
7a64a:  5f00840043be       call <<4>>0x43be
7a650:  9e08               ret 
7a652:  7608a100c5a8       lda rr8,<<33>>0xc5a8
7a658:  5f00840043b6       call <<4>>0x43b6
7a65e:  5f00a100a47e       call <<33>>0xa47e
7a664:  7608a100c679       lda rr8,<<33>>0xc679
7a66a:  5f00840043be       call <<4>>0x43be
7a670:  9e08               ret 
7a672:  7608a100c5bb       lda rr8,<<33>>0xc5bb
7a678:  5f00840043b6       call <<4>>0x43b6
7a67e:  5f00a100a432       call <<33>>0xa432
7a684:  7608a100c679       lda rr8,<<33>>0xc679
7a68a:  5f00840043be       call <<4>>0x43be
7a690:  9e08               ret 
7a692:  7608a100c5ce       lda rr8,<<33>>0xc5ce
7a698:  5f00840043b6       call <<4>>0x43b6
7a69e:  5f00a100a160       call <<33>>0xa160
7a6a4:  7608a100c679       lda rr8,<<33>>0xc679
7a6aa:  5f00840043be       call <<4>>0x43be
7a6b0:  9e08               ret 
7a6b2:  7608a100c5df       lda rr8,<<33>>0xc5df
7a6b8:  5f00840043b6       call <<4>>0x43b6
7a6be:  5f00a100a0d4       call <<33>>0xa0d4
7a6c4:  7608a100c679       lda rr8,<<33>>0xc679
7a6ca:  5f00840043be       call <<4>>0x43be
7a6d0:  9e08               ret 
7a6d2:  7608a100c5f4       lda rr8,<<33>>0xc5f4
7a6d8:  5f00840043b6       call <<4>>0x43b6
7a6de:  5f00a100a018       call <<33>>0xa018
7a6e4:  7608a100c679       lda rr8,<<33>>0xc679
7a6ea:  5f00840043be       call <<4>>0x43be
7a6f0:  9e08               ret 
7a6f2:  7608a100c609       lda rr8,<<33>>0xc609
7a6f8:  5f00840043b6       call <<4>>0x43b6
7a6fe:  5f00a100a180       call <<33>>0xa180
7a704:  7608a100c679       lda rr8,<<33>>0xc679
7a70a:  5f00840043be       call <<4>>0x43be
7a710:  9e08               ret 
7a712:  7608a100c61b       lda rr8,<<33>>0xc61b
7a718:  5f00840043b6       call <<4>>0x43b6
7a71e:  5f00a100a278       call <<33>>0xa278
7a724:  7608a100c679       lda rr8,<<33>>0xc679
7a72a:  5f00840043be       call <<4>>0x43be
7a730:  9e08               ret 
7a732:  7608a100c62c       lda rr8,<<33>>0xc62c
7a738:  5f00840043b6       call <<4>>0x43b6
7a73e:  5f00a100a41c       call <<33>>0xa41c
7a744:  7608a100c679       lda rr8,<<33>>0xc679
7a74a:  5f00840043be       call <<4>>0x43be
7a750:  9e08               ret 
7a752:  7608a100c63b       lda rr8,<<33>>0xc63b
7a758:  5f00840043b6       call <<4>>0x43b6
7a75e:  5f00a100a2a4       call <<33>>0xa2a4
7a764:  7608a100c679       lda rr8,<<33>>0xc679
7a76a:  5f00840043be       call <<4>>0x43be
7a770:  9e08               ret 
7a772:  91e4               pushl @rr14,rr4
7a774:  7608a100c64c       lda rr8,<<33>>0xc64c
7a77a:  5f00840043b6       call <<4>>0x43b6
7a780:  5f00a1009fba       call <<33>>0x9fba
7a786:  95e4               popl rr4,@rr14
7a788:  7608a100c6ab       lda rr8,<<33>>0xc6ab
7a78e:  5f00840043be       call <<4>>0x43be
7a794:  9e08               ret 
7a796:  91e6               pushl @rr14,rr6
7a798:  7608a100c662       lda rr8,<<33>>0xc662
7a79e:  5f00840043b6       call <<4>>0x43b6
7a7a4:  5f00a100a2ba       call <<33>>0xa2ba
7a7aa:  95e4               popl rr4,@rr14
7a7ac:  7608a100c683       lda rr8,<<33>>0xc683
7a7b2:  5f00840043be       call <<4>>0x43be
7a7b8:  9e08               ret 
7a7ba:  a0a2               ldb rh2,rl2
7a7bc:  caed               ldb rl2,#0xed
7a7be:  3c20               inb rh0,@r2
7a7c0:  caef               ldb rl2,#0xef
7a7c2:  3c28               inb rl0,@r2
7a7c4:  8377               sub r7,r7
7a7c6:  a602               bitb rh0,#2
7a7c8:  e601               jr z,0xa7cc
7a7ca:  a4f0               setb rl7,#0
7a7cc:  2f47               ld @rr4,r7
7a7ce:  a601               bitb rh0,#1
7a7d0:  e602               jr z,0xa7d6
7a7d2:  a4f0               setb rl7,#0
7a7d4:  e801               jr 0xa7d8
7a7d6:  a2f0               resb rl7,#0
7a7d8:  33470002           ld rr4(#0x0002),r7
7a7dc:  a600               bitb rh0,#0
7a7de:  e602               jr z,0xa7e4
7a7e0:  a4f0               setb rl7,#0
7a7e2:  e801               jr 0xa7e6
7a7e4:  a2f0               resb rl7,#0
7a7e6:  33470004           ld rr4(#0x0004),r7
7a7ea:  a683               bitb rl0,#3
7a7ec:  e602               jr z,0xa7f2
7a7ee:  a4f0               setb rl7,#0
7a7f0:  e801               jr 0xa7f4
7a7f2:  a2f0               resb rl7,#0
7a7f4:  33470006           ld rr4(#0x0006),r7
7a7f8:  a681               bitb rl0,#1
7a7fa:  e602               jr z,0xa800
7a7fc:  a4f0               setb rl7,#0
7a7fe:  e801               jr 0xa802
7a800:  a2f0               resb rl7,#0
7a802:  33470008           ld rr4(#0x0008),r7
7a806:  a680               bitb rl0,#0
7a808:  e602               jr z,0xa80e
7a80a:  a4f0               setb rl7,#0
7a80c:  e801               jr 0xa810
7a80e:  a2f0               resb rl7,#0
7a810:  3347000a           ld rr4(#0x000a),r7
7a814:  8377               sub r7,r7
7a816:  9e08               ret 
7a818:  8377               sub r7,r7
7a81a:  a0a2               ldb rh2,rl2
7a81c:  ca58               ldb rl2,#0x58
7a81e:  3e28               outb @r2,rl0
7a820:  ca56               ldb rl2,#0x56
7a822:  c885               ldb rl0,#0x85
7a824:  3e28               outb @r2,rl0
7a826:  a930               inc r3,#1
7a828:  b331ffff           srl r3,#1
7a82c:  ab30               dec r3,#1
7a82e:  ca46               ldb rl2,#0x46
7a830:  3e2b               outb @r2,rl3
7a832:  3e23               outb @r2,rh3
7a834:  b34dffff           sral rr4,#1
7a838:  caf6               ldb rl2,#0xf6
7a83a:  3e24               outb @r2,rh4
7a83c:  ca44               ldb rl2,#0x44
7a83e:  3e2d               outb @r2,rl5
7a840:  3e25               outb @r2,rh5
7a842:  ca52               ldb rl2,#0x52
7a844:  3e28               outb @r2,rl0
7a846:  a130               ld r0,r3
7a848:  b3010001           sll r0,#1
7a84c:  f081               djnz r0,0xa84c
7a84e:  ca50               ldb rl2,#0x50
7a850:  3c28               inb rl0,@r2
7a852:  a681               bitb rl0,#1
7a854:  e63d               jr z,0xa8d0
7a856:  ca46               ldb rl2,#0x46
7a858:  3c28               inb rl0,@r2
7a85a:  3c20               inb rh0,@r2
7a85c:  0b00ffff           cp r0,#0xffff
7a860:  ee35               jr nz,0xa8cc
7a862:  a150               ld r0,r5
7a864:  8130               add r0,r3
7a866:  ca44               ldb rl2,#0x44
7a868:  3c29               inb rl1,@r2
7a86a:  3c21               inb rh1,@r2
7a86c:  ab10               dec r1,#1
7a86e:  8b10               cp r0,r1
7a870:  ee2b               jr nz,0xa8c8
7a872:  ca58               ldb rl2,#0x58
7a874:  3e28               outb @r2,rl0
7a876:  ca56               ldb rl2,#0x56
7a878:  c886               ldb rl0,#0x86
7a87a:  3e28               outb @r2,rl0
7a87c:  ca4a               ldb rl2,#0x4a
7a87e:  3e2b               outb @r2,rl3
7a880:  3e23               outb @r2,rh3
7a882:  caf6               ldb rl2,#0xf6
7a884:  3e2c               outb @r2,rl4
7a886:  ca48               ldb rl2,#0x48
7a888:  3e2d               outb @r2,rl5
7a88a:  3e25               outb @r2,rh5
7a88c:  ca52               ldb rl2,#0x52
7a88e:  3e28               outb @r2,rl0
7a890:  a130               ld r0,r3
7a892:  b3010001           sll r0,#1
7a896:  f081               djnz r0,0xa896
7a898:  ca50               ldb rl2,#0x50
7a89a:  3c28               inb rl0,@r2
7a89c:  a682               bitb rl0,#2
7a89e:  e612               jr z,0xa8c4
7a8a0:  ca4a               ldb rl2,#0x4a
7a8a2:  3c28               inb rl0,@r2
7a8a4:  3c20               inb rh0,@r2
7a8a6:  0b00ffff           cp r0,#0xffff
7a8aa:  ee0a               jr nz,0xa8c0
7a8ac:  a150               ld r0,r5
7a8ae:  8130               add r0,r3
7a8b0:  ca48               ldb rl2,#0x48
7a8b2:  3c29               inb rl1,@r2
7a8b4:  3c21               inb rh1,@r2
7a8b6:  ab10               dec r1,#1
7a8b8:  8b10               cp r0,r1
7a8ba:  e601               jr z,0xa8be
7a8bc:  cf2d               ldb rl7,#0x2d
7a8be:  e801               jr 0xa8c2
7a8c0:  cf2c               ldb rl7,#0x2c
7a8c2:  e801               jr 0xa8c6
7a8c4:  cf2b               ldb rl7,#0x2b
7a8c6:  e801               jr 0xa8ca
7a8c8:  cf2a               ldb rl7,#0x2a
7a8ca:  e801               jr 0xa8ce
7a8cc:  cf29               ldb rl7,#0x29
7a8ce:  e801               jr 0xa8d2
7a8d0:  cf28               ldb rl7,#0x28
7a8d2:  9e08               ret 
7a8d4:  8377               sub r7,r7
7a8d6:  cd07               ldb rl5,#0x07
7a8d8:  21000000           ld r0,#0x0000
7a8dc:  21015555           ld r1,#0x5555
7a8e0:  2103aaaa           ld r3,#0xaaaa
7a8e4:  2104ffff           ld r4,#0xffff
7a8e8:  a0a2               ldb rh2,rl2
7a8ea:  ca58               ldb rl2,#0x58
7a8ec:  3e28               outb @r2,rl0
7a8ee:  ca46               ldb rl2,#0x46
7a8f0:  3e28               outb @r2,rl0
7a8f2:  3e20               outb @r2,rh0
7a8f4:  ca4a               ldb rl2,#0x4a
7a8f6:  3e29               outb @r2,rl1
7a8f8:  3e21               outb @r2,rh1
7a8fa:  ca44               ldb rl2,#0x44
7a8fc:  3e2b               outb @r2,rl3
7a8fe:  3e23               outb @r2,rh3
7a900:  ca48               ldb rl2,#0x48
7a902:  3e2c               outb @r2,rl4
7a904:  3e24               outb @r2,rh4
7a906:  ca46               ldb rl2,#0x46
7a908:  3c2e               inb rl6,@r2
7a90a:  3c26               inb rh6,@r2
7a90c:  8b06               cp r6,r0
7a90e:  e602               jr z,0xa914
7a910:  cf24               ldb rl7,#0x24
7a912:  e814               jr 0xa93c
7a914:  ca4a               ldb rl2,#0x4a
7a916:  3c2e               inb rl6,@r2
7a918:  3c26               inb rh6,@r2
7a91a:  8b16               cp r6,r1
7a91c:  e602               jr z,0xa922
7a91e:  cf25               ldb rl7,#0x25
7a920:  e80d               jr 0xa93c
7a922:  ca44               ldb rl2,#0x44
7a924:  3c2e               inb rl6,@r2
7a926:  3c26               inb rh6,@r2
7a928:  8b36               cp r6,r3
7a92a:  e602               jr z,0xa930
7a92c:  cf26               ldb rl7,#0x26
7a92e:  e806               jr 0xa93c
7a930:  ca48               ldb rl2,#0x48
7a932:  3c2e               inb rl6,@r2
7a934:  3c26               inb rh6,@r2
7a936:  8b46               cp r6,r4
7a938:  e601               jr z,0xa93c
7a93a:  cf27               ldb rl7,#0x27
7a93c:  a005               ldb rh5,rh0
7a93e:  a080               ldb rh0,rl0
7a940:  a018               ldb rl0,rh1
7a942:  a091               ldb rh1,rl1
7a944:  a039               ldb rl1,rh3
7a946:  a0b3               ldb rh3,rl3
7a948:  a04b               ldb rl3,rh4
7a94a:  a0c4               ldb rh4,rl4
7a94c:  a05c               ldb rl4,rh5
7a94e:  0a0d0000           cpb rl5,#0x00
7a952:  e605               jr z,0xa95e
7a954:  0a0f0000           cpb rl7,#0x00
7a958:  ee02               jr nz,0xa95e
7a95a:  aad0               decb rl5,#1
7a95c:  e8c8               jr 0xa8ee
7a95e:  9e08               ret 
7a960:  8377               sub r7,r7
7a962:  a0a2               ldb rh2,rl2
7a964:  ca5a               ldb rl2,#0x5a
7a966:  3e28               outb @r2,rl0
7a968:  ca50               ldb rl2,#0x50
7a96a:  3c28               inb rl0,@r2
7a96c:  a681               bitb rl0,#1
7a96e:  ee05               jr nz,0xa97a
7a970:  a682               bitb rl0,#2
7a972:  e602               jr z,0xa978
7a974:  21070023           ld r7,#0x0023
7a978:  e802               jr 0xa97e
7a97a:  21070016           ld r7,#0x0016
7a97e:  9e08               ret 
7a980:  a0a2               ldb rh2,rl2
7a982:  ca54               ldb rl2,#0x54
7a984:  c805               ldb rl0,#0x05
7a986:  3e28               outb @r2,rl0
7a988:  30480001           ldb rl0,rr4(#0x0001)
7a98c:  a486               setb rl0,#6
7a98e:  cae7               ldb rl2,#0xe7
7a990:  3e28               outb @r2,rl0
7a992:  cae7               ldb rl2,#0xe7
7a994:  3c20               inb rh0,@r2
7a996:  ca50               ldb rl2,#0x50
7a998:  3c20               inb rh0,@r2
7a99a:  0a002020           cpb rh0,#0x20
7a99e:  ee02               jr nz,0xa9a4
7a9a0:  8377               sub r7,r7
7a9a2:  e802               jr 0xa9a8
7a9a4:  2107002e           ld r7,#0x002e
7a9a8:  a286               resb rl0,#6
7a9aa:  cae7               ldb rl2,#0xe7
7a9ac:  3e28               outb @r2,rl0
7a9ae:  32480001           ldb rr4(#0x0001),rl0
7a9b2:  cae7               ldb rl2,#0xe7
7a9b4:  3c28               inb rl0,@r2
7a9b6:  9e08               ret 
7a9b8:  5f00a1008c94       call <<33>>0x8c94
7a9be:  21000d00           ld r0,#0x0d00
7a9c2:  84b8               orb rl0,rl3
7a9c4:  2101001a           ld r1,#0x001a
7a9c8:  c31b               ldb rh3,#0x1b
7a9ca:  a0cb               ldb rl3,rl4
7a9cc:  cd06               ldb rl5,#0x06
7a9ce:  5f00a1008d64       call <<33>>0x8d64
7a9d4:  9e08               ret 
7a9d6:  5f00a1008c94       call <<33>>0x8c94
7a9dc:  21000d00           ld r0,#0x0d00
7a9e0:  84b8               orb rl0,rl3
7a9e2:  2101010f           ld r1,#0x010f
7a9e6:  c32a               ldb rh3,#0x2a
7a9e8:  a0cb               ldb rl3,rl4
7a9ea:  cd06               ldb rl5,#0x06
7a9ec:  5f00a1008d64       call <<33>>0x8d64
7a9f2:  9e08               ret 
7a9f4:  5f00a1008c94       call <<33>>0x8c94
7a9fa:  21004d00           ld r0,#0x4d00
7a9fe:  84b8               orb rl0,rl3
7aa00:  2101011a           ld r1,#0x011a
7aa04:  c336               ldb rh3,#0x36
7aa06:  a0cb               ldb rl3,rl4
7aa08:  b2d10002           sllb rl5,#2
7aa0c:  84d8               orb rl0,rl5
7aa0e:  cd06               ldb rl5,#0x06
7aa10:  5f00a1008d64       call <<33>>0x8d64
7aa16:  9e08               ret 
7aa18:  5f00a1008c94       call <<33>>0x8c94
7aa1e:  21000d00           ld r0,#0x0d00
7aa22:  84b8               orb rl0,rl3
7aa24:  21010010           ld r1,#0x0010
7aa28:  c318               ldb rh3,#0x18
7aa2a:  a0cb               ldb rl3,rl4
7aa2c:  cd06               ldb rl5,#0x06
7aa2e:  5f00a1008d64       call <<33>>0x8d64
7aa34:  9e08               ret 
7aa36:  5f00a1008c94       call <<33>>0x8c94
7aa3c:  21000d00           ld r0,#0x0d00
7aa40:  84b8               orb rl0,rl3
7aa42:  21010109           ld r1,#0x0109
7aa46:  c326               ldb rh3,#0x26
7aa48:  a0cb               ldb rl3,rl4
7aa4a:  cd06               ldb rl5,#0x06
7aa4c:  5f00a1008d64       call <<33>>0x8d64
7aa52:  9e08               ret 
7aa54:  5f00a1008c94       call <<33>>0x8c94
7aa5a:  21004d00           ld r0,#0x4d00
7aa5e:  84b8               orb rl0,rl3
7aa60:  21010110           ld r1,#0x0110
7aa64:  c332               ldb rh3,#0x32
7aa66:  a0cb               ldb rl3,rl4
7aa68:  b2d10002           sllb rl5,#2
7aa6c:  84d8               orb rl0,rl5
7aa6e:  cd06               ldb rl5,#0x06
7aa70:  5f00a1008d64       call <<33>>0x8d64
7aa76:  9e08               ret 
; 2026-09-08 live 6030T6: runtime 21:A278. EO1NT then RD1NT
; must report no remaining causes; r7=30 means FDC interrupt network fault.
; Baseline failure reads F7=02 here after a DIAGN-induced READY interrupt.
7aa78:  a0a2               ldb rh2,rl2
7aa7a:  caff               ldb rl2,#0xff
7aa7c:  3e28               outb @r2,rl0
7aa7e:  caf7               ldb rl2,#0xf7
7aa80:  3c28               inb rl0,@r2
7aa82:  8377               sub r7,r7
7aa84:  a680               bitb rl0,#0
7aa86:  e602               jr z,0xaa8c
7aa88:  cf2f               ldb rl7,#0x2f
7aa8a:  e80b               jr 0xaaa2
7aa8c:  a681               bitb rl0,#1
7aa8e:  e602               jr z,0xaa94
7aa90:  cf30               ldb rl7,#0x30
7aa92:  e807               jr 0xaaa2
7aa94:  a682               bitb rl0,#2
7aa96:  e602               jr z,0xaa9c
7aa98:  cf31               ldb rl7,#0x31
7aa9a:  e803               jr 0xaaa2
7aa9c:  a683               bitb rl0,#3
7aa9e:  e601               jr z,0xaaa2
7aaa0:  cf32               ldb rl7,#0x32
7aaa2:  9e08               ret 
; Runtime 21:A2A4. Enable IRQ and DIAGN after the masked timer pulse has
; already ended. Final 2026-09-09 controls reject the timer-latch workaround:
; normal drive READY wiring passes without promoting the ended timer pulse.
; The old CONTR=13 READY override generated spurious absent-unit FDC causes.
7aaa4:  a0a2               ldb rh2,rl2
7aaa6:  30480001           ldb rl0,rr4(#0x0001)
7aaaa:  cae7               ldb rl2,#0xe7
7aaac:  04081111           orb rl0,#0x11
7aab0:  3e28               outb @r2,rl0
7aab2:  8377               sub r7,r7
7aab4:  32480001           ldb rr4(#0x0001),rl0
7aab8:  9e08               ret 
7aaba:  91e6               pushl @rr14,rr6
7aabc:  a0a2               ldb rh2,rl2
7aabe:  c802               ldb rl0,#0x02
7aac0:  ca9f               ldb rl2,#0x9f
7aac2:  c090               ldb rh0,#0x90
7aac4:  3e20               outb @r2,rh0
7aac6:  ca9d               ldb rl2,#0x9d
7aac8:  3e28               outb @r2,rl0
7aaca:  ca9f               ldb rl2,#0x9f
7aacc:  c83e               ldb rl0,#0x3e
7aace:  3e28               outb @r2,rl0
7aad0:  ca99               ldb rl2,#0x99
7aad2:  2100000a           ld r0,#0x000a
7aad6:  3e28               outb @r2,rl0
7aad8:  3e20               outb @r2,rh0
7aada:  ca9f               ldb rl2,#0x9f
7aadc:  c870               ldb rl0,#0x70
7aade:  3e28               outb @r2,rl0
7aae0:  c8ff               ldb rl0,#0xff
7aae2:  ca9b               ldb rl2,#0x9b
7aae4:  3e28               outb @r2,rl0
7aae6:  91e4               pushl @rr14,rr4
7aae8:  a02a               ldb rl2,rh2
7aaea:  93e2               push @rr14,r2
7aaec:  93e3               push @rr14,r3
7aaee:  9446               ldl rr6,rr4
7aaf0:  cc20               ldb rl4,#0x20
7aaf2:  cd32               ldb rl5,#0x32
7aaf4:  5f00a1009140       call <<33>>0x9140
7aafa:  97e3               pop r3,@rr14
7aafc:  97e2               pop r2,@rr14
7aafe:  95e4               popl rr4,@rr14
7ab00:  93e7               push @rr14,r7
7ab02:  93e2               push @rr14,r2
7ab04:  93e3               push @rr14,r3
7ab06:  91e4               pushl @rr14,rr4
7ab08:  5f00a1008f32       call <<33>>0x8f32
7ab0e:  95e4               popl rr4,@rr14
7ab10:  97e3               pop r3,@rr14
7ab12:  97e2               pop r2,@rr14
7ab14:  97e7               pop r7,@rr14
7ab16:  93e2               push @rr14,r2
7ab18:  91e4               pushl @rr14,rr4
7ab1a:  0b070000           cp r7,#0x0000
7ab1e:  ee4a               jr nz,0xabb4
7ab20:  a0a2               ldb rh2,rl2
7ab22:  caed               ldb rl2,#0xed
7ab24:  a027               ldb rh7,rh2
7ab26:  cf9b               ldb rl7,#0x9b
7ab28:  c0ff               ldb rh0,#0xff
7ab2a:  2104ffff           ld r4,#0xffff
7ab2e:  3c28               inb rl0,@r2
7ab30:  f482               djnz r4,0xab2e
7ab32:  2104ffff           ld r4,#0xffff
7ab36:  0b040000           cp r4,#0x0000
7ab3a:  e604               jr z,0xab44
7ab3c:  ab40               dec r4,#1
7ab3e:  3c28               inb rl0,@r2
7ab40:  a682               bitb rl0,#2
7ab42:  eef9               jr nz,0xab36
7ab44:  2104ffff           ld r4,#0xffff
7ab48:  0b040000           cp r4,#0x0000
7ab4c:  e605               jr z,0xab58
7ab4e:  ab40               dec r4,#1
7ab50:  3c28               inb rl0,@r2
7ab52:  a682               bitb rl0,#2
7ab54:  e6f9               jr z,0xab48
7ab56:  3e70               outb @r7,rh0
7ab58:  0b040000           cp r4,#0x0000
7ab5c:  e628               jr z,0xabae
7ab5e:  2104ffff           ld r4,#0xffff
7ab62:  0b040000           cp r4,#0x0000
7ab66:  e604               jr z,0xab70
7ab68:  ab40               dec r4,#1
7ab6a:  3c28               inb rl0,@r2
7ab6c:  a682               bitb rl0,#2
7ab6e:  eef9               jr nz,0xab62
7ab70:  0b040000           cp r4,#0x0000
7ab74:  e619               jr z,0xaba8
7ab76:  a027               ldb rh7,rh2
7ab78:  cf9f               ldb rl7,#0x9f
7ab7a:  ce40               ldb rl6,#0x40
7ab7c:  2104ffff           ld r4,#0xffff
7ab80:  0b040000           cp r4,#0x0000
7ab84:  e605               jr z,0xab90
7ab86:  ab40               dec r4,#1
7ab88:  3c28               inb rl0,@r2
7ab8a:  a682               bitb rl0,#2
7ab8c:  e6f9               jr z,0xab80
7ab8e:  3e7e               outb @r7,rl6
7ab90:  0b040000           cp r4,#0x0000
7ab94:  e606               jr z,0xaba2
7ab96:  ca9b               ldb rl2,#0x9b
7ab98:  3c28               inb rl0,@r2
7ab9a:  3c20               inb rh0,@r2
7ab9c:  8d00               com r0
7ab9e:  8311               sub r1,r1
7aba0:  e802               jr 0xaba6
7aba2:  21010033           ld r1,#0x0033
7aba6:  e802               jr 0xabac
7aba8:  21010033           ld r1,#0x0033
7abac:  e802               jr 0xabb2
7abae:  21010033           ld r1,#0x0033
7abb2:  e801               jr 0xabb6
7abb4:  a171               ld r1,r7
7abb6:  95e4               popl rr4,@rr14
7abb8:  97e2               pop r2,@rr14
7abba:  95e6               popl rr6,@rr14
7abbc:  2f60               ld @rr6,r0
7abbe:  93e1               push @rr14,r1
7abc0:  91e6               pushl @rr14,rr6
7abc2:  91e4               pushl @rr14,rr4
7abc4:  93e2               push @rr14,r2
7abc6:  2100ffff           ld r0,#0xffff
7abca:  93e0               push @rr14,r0
7abcc:  5f00a1008f5e       call <<33>>0x8f5e
7abd2:  97e0               pop r0,@rr14
7abd4:  ab00               dec r0,#1
7abd6:  0b000000           cp r0,#0x0000
7abda:  e603               jr z,0xabe2
7abdc:  a02a               ldb rl2,rh2
7abde:  a6f1               bitb rl7,#1
7abe0:  e6f4               jr z,0xabca
7abe2:  a6f1               bitb rl7,#1
7abe4:  ee03               jr nz,0xabec
7abe6:  5f00a1008d32       call <<33>>0x8d32
7abec:  97e2               pop r2,@rr14
7abee:  95e4               popl rr4,@rr14
7abf0:  95e6               popl rr6,@rr14
7abf2:  9464               ldl rr4,rr6
7abf4:  a951               inc r5,#2
7abf6:  91e4               pushl @rr14,rr4
7abf8:  93e2               push @rr14,r2
7abfa:  5f00a1008ef6       call <<33>>0x8ef6
7ac00:  97e2               pop r2,@rr14
7ac02:  95e4               popl rr4,@rr14
7ac04:  8333               sub r3,r3
7ac06:  5f00a10092ee       call <<33>>0x92ee
7ac0c:  a0a2               ldb rh2,rl2
7ac0e:  ca99               ldb rl2,#0x99
7ac10:  21001027           ld r0,#0x1027
7ac14:  3e20               outb @r2,rh0
7ac16:  3e28               outb @r2,rl0
7ac18:  97e7               pop r7,@rr14
7ac1a:  9e08               ret 
7ac1c:  a0a2               ldb rh2,rl2
7ac1e:  30480001           ldb rl0,rr4(#0x0001)
7ac22:  0608eeee           andb rl0,#0xee
7ac26:  cae7               ldb rl2,#0xe7
7ac28:  3e28               outb @r2,rl0
7ac2a:  32480001           ldb rr4(#0x0001),rl0
7ac2e:  8377               sub r7,r7
7ac30:  9e08               ret 
; Runtime 21:A432. Masked timer pulse probe, not the entire test-3 routine.
; The restore at 21:9304 stops the timer before the later enable at 21:A2B2.
7ac32:  91e4               pushl @rr14,rr4
7ac34:  a0a2               ldb rh2,rl2
7ac36:  ca9f               ldb rl2,#0x9f
7ac38:  c83e               ldb rl0,#0x3e
7ac3a:  3e28               outb @r2,rl0
7ac3c:  ca99               ldb rl2,#0x99
7ac3e:  21001027           ld r0,#0x1027
7ac42:  3e28               outb @r2,rl0
7ac44:  3e20               outb @r2,rh0
7ac46:  a02a               ldb rl2,rh2
7ac48:  21030001           ld r3,#0x0001
7ac4c:  8344               sub r4,r4
7ac4e:  5f00a1009322       call <<33>>0x9322
7ac54:  21032710           ld r3,#0x2710
7ac58:  f381               djnz r3,0xac58
7ac5a:  caf7               ldb rl2,#0xf7
7ac5c:  3c2b               inb rl3,@r2
7ac5e:  a6b0               bitb rl3,#0
7ac60:  ee02               jr nz,0xac66
7ac62:  21070021           ld r7,#0x0021
7ac66:  a02a               ldb rl2,rh2
7ac68:  95e4               popl rr4,@rr14
7ac6a:  2143               ld r3,@rr4
7ac6c:  93e3               push @rr14,r3
7ac6e:  93e7               push @rr14,r7
7ac70:  5f00a10092ee       call <<33>>0x92ee
7ac76:  97e7               pop r7,@rr14
7ac78:  97e3               pop r3,@rr14
7ac7a:  2f43               ld @rr4,r3
7ac7c:  9e08               ret 
7ac7e:  a0a2               ldb rh2,rl2
7ac80:  ca9f               ldb rl2,#0x9f
7ac82:  c870               ldb rl0,#0x70
7ac84:  3e28               outb @r2,rl0
7ac86:  caf7               ldb rl2,#0xf7
7ac88:  3c20               inb rh0,@r2
7ac8a:  a600               bitb rh0,#0
7ac8c:  e603               jr z,0xac94
7ac8e:  2107001b           ld r7,#0x001b
7ac92:  e801               jr 0xac96
7ac94:  8377               sub r7,r7
7ac96:  9e08               ret 
7ac98:  7604a2000048       lda rr4,<<34>>0x0048
7ac9e:  8955               xor r5,r5
7aca0:  140800000000       ldl rr8,#0x00000000
7aca6:  1d48               ldl @rr4,rr8
7aca8:  37480004           ldl rr4(#0x0004),rr8
7acac:  37480008           ldl rr4(#0x0008),rr8
7acb0:  9e08               ret 
7acb2:  7604a2000048       lda rr4,<<34>>0x0048
7acb8:  9442               ldl rr2,rr4
7acba:  8933               xor r3,r3
7acbc:  3127000a           ld r7,rr2(#0x000a)
7acc0:  8d68               clr r6
7acc2:  8d48               clr r4
7acc4:  9246               subl rr6,rr4
7acc6:  9e08               ret 
7acc8:  8d24               test r2
7acca:  ee02               jr nz,0xacd0
7accc:  8d78               clr r7
7acce:  9e08               ret 
7acd0:  5c09000fa100c6c0   ldm <<33>>0xc6c0,r0,#16
7acd8:  6f02a100c6be       ld <<33>>0xc6be,r2
7acde:  4d04a100b71c       test <<33>>0xb71c
7ace4:  ee07               jr nz,0xacf4
7ace6:  4c05a100b71c0303   ldb <<33>>0xb71c,#0x03
7acee:  6f03a100b71e       ld <<33>>0xb71e,r3
7acf4:  8d48               clr r4
7acf6:  8d58               clr r5
7acf8:  8d68               clr r6
7acfa:  8d28               clr r2
7acfc:  21070005           ld r7,#0x0005
7ad00:  6103a100b71e       ld r3,<<33>>0xb71e
7ad06:  9824               multl rq4,rr2
7ad08:  8d68               clr r6
7ad0a:  160600000003       addl rr6,#0x00000003
7ad10:  b331000f           sll r3,#15
7ad14:  8d28               clr r2
7ad16:  9626               addl rr6,rr2
7ad18:  6f07a100b71e       ld <<33>>0xb71e,r7
7ad1e:  ac7f               exb rl7,rh7
7ad20:  8d48               clr r4
7ad22:  8d58               clr r5
7ad24:  8d68               clr r6
7ad26:  8d28               clr r2
7ad28:  6103a100c6be       ld r3,<<33>>0xc6be
7ad2e:  160200000001       addl rr2,#0x00000001
7ad34:  9a24               divl rq4,rr2
7ad36:  a157               ld r7,r5
7ad38:  5c010005a100c6c0   ldm r0,<<33>>0xc6c0,#6
7ad40:  9e08               ret 
7ad42:  5d02a100c6e8       ldl <<33>>0xc6e8,rr2
7ad48:  ca71               ldb rl2,#0x71
7ad4a:  3aa6ffc7           outb #0xffc7,rl2
7ad4e:  4c01a100b7200101   cpb <<33>>0xb720,#0x01
7ad56:  ee1f               jr nz,0xad96
7ad58:  5402a100c6e0       ldl rr2,<<33>>0xc6e0
7ad5e:  0b03003b           cp r3,#0x003b
7ad62:  ee03               jr nz,0xad6a
7ad64:  2103ffff           ld r3,#0xffff
7ad68:  a920               inc r2,#1
7ad6a:  a930               inc r3,#1
7ad6c:  5d02a100c6e0       ldl <<33>>0xc6e0,rr2
7ad72:  4c05a100b7200202   ldb <<33>>0xb720,#0x02
7ad7a:  5002a100c6e4       cpl rr2,<<33>>0xc6e4
7ad80:  e60a               jr z,0xad96
7ad82:  21020098           ld r2,#0x0098
7ad86:  3aa6ffc3           outb #0xffc3,rl2
7ad8a:  3a26ffc3           outb #0xffc3,rh2
7ad8e:  4c05a100b7200101   ldb <<33>>0xb720,#0x01
7ad96:  5402a100c6e8       ldl rr2,<<33>>0xc6e8
7ad9c:  7b00               iret
7ad9e:  8d24               test r2
7ada0:  ed0d               jr pl,0xadbc
7ada2:  7608a100b737       lda rr8,<<33>>0xb737
7ada8:  5d08a100b768       ldl <<33>>0xb768,rr8
7adae:  7604a100b762       lda rr4,<<33>>0xb762
7adb4:  5f0084000000       call <<4>>0x0000
7adba:  e8ff               jr 0xadba
7adbc:  8d34               test r3
7adbe:  e5f1               jr mi,0xada2
7adc0:  0b03003b           cp r3,#0x003b
7adc4:  eaee               jr gt,0xada2
7adc6:  9c28               testl rr2
7adc8:  e6ec               jr z,0xada2
7adca:  7608a100b722       lda rr8,<<33>>0xb722
7add0:  a740               bit r4,#0
7add2:  eeea               jr nz,0xada8
7add4:  5d02a100c6e4       ldl <<33>>0xc6e4,rr2
7adda:  4d05a100c6e00000   ld <<33>>0xc6e0,#0x0000
7ade2:  4d05a100c6e20000   ld <<33>>0xc6e2,#0x0000
7adea:  4c05a100b7210000   ldb <<33>>0xb721,#0x00
7adf2:  3ac6ff01           outb #0xff01,rl4
7adf6:  a0cd               ldb rl5,rl4
7adf8:  8c58               clrb rh5
7adfa:  b3590001           sla r5,#1
7adfe:  7d95               ldctl r9,psap
7ae00:  7d84               ldctl r8,psapseg
7ae02:  0109003c           add r9,#0x003c
7ae06:  8159               add r9,r5
7ae08:  7602a100a542       lda rr2,<<33>>0xa542
7ae0e:  1d82               ldl @rr8,rr2
7ae10:  ca34               ldb rl2,#0x34
7ae12:  3aa6ffc7           outb #0xffc7,rl2
7ae16:  21023014           ld r2,#0x3014
7ae1a:  3aa6ffc1           outb #0xffc1,rl2
7ae1e:  3a26ffc1           outb #0xffc1,rh2
7ae22:  ca71               ldb rl2,#0x71
7ae24:  3aa6ffc7           outb #0xffc7,rl2
7ae28:  21020098           ld r2,#0x0098
7ae2c:  3aa6ffc3           outb #0xffc3,rl2
7ae30:  3a26ffc3           outb #0xffc3,rh2
7ae34:  21070000           ld r7,#0x0000
7ae38:  4c05a100b7200101   ldb <<33>>0xb720,#0x01
7ae40:  7c05               ei vi
7ae42:  3aa6ff8c           outb #0xff8c,rl2
7ae46:  9e08               ret 
7ae48:  a730               bit r3,#0
7ae4a:  e60d               jr z,0xae66
7ae4c:  7608a100b74c       lda rr8,<<33>>0xb74c
7ae52:  5d08a100b768       ldl <<33>>0xb768,rr8
7ae58:  7604a100b762       lda rr4,<<33>>0xb762
7ae5e:  5f0084000000       call <<4>>0x0000
7ae64:  e8ff               jr 0xae64
7ae66:  7d42               ldctl r4,fcw
7ae68:  7c00               di nvi,vi
7ae6a:  93e4               push @rr14,r4
7ae6c:  6107a100c6e0       ld r7,<<33>>0xc6e0
7ae72:  2f27               ld @rr2,r7
7ae74:  160200000002       addl rr2,#0x00000002
7ae7a:  6107a100c6e2       ld r7,<<33>>0xc6e2
7ae80:  2f27               ld @rr2,r7
7ae82:  8c78               clrb rh7
7ae84:  600fa100b720       ldb rl7,<<33>>0xb720
7ae8a:  97e2               pop r2,@rr14
7ae8c:  7d2a               ldctl fcw,r2
7ae8e:  9e08               ret 
7ae90:  4c01a100b7200101   cpb <<33>>0xb720,#0x01
7ae98:  ee0a               jr nz,0xaeae
7ae9a:  c771               ldb rh7,#0x71
7ae9c:  3a76ffc7           outb #0xffc7,rh7
7aea0:  4c05a100b7200303   ldb <<33>>0xb720,#0x03
7aea8:  21070001           ld r7,#0x0001
7aeac:  9e08               ret 
7aeae:  4c01a100b7200202   cpb <<33>>0xb720,#0x02
7aeb6:  e608               jr z,0xaec8
7aeb8:  4c01a100b7200303   cpb <<33>>0xb720,#0x03
7aec0:  e603               jr z,0xaec8
7aec2:  4c08a100b720       clrb <<33>>0xb720
7aec8:  8c78               clrb rh7
7aeca:  600fa100b720       ldb rl7,<<33>>0xb720
7aed0:  9e08               ret 
7aed2:  0452               orb rh2,@rr5
7aed4:  04ee               orb rl6,@rr14
7aed6:  058e               or r14,@rr8
7aed8:  062e               andb rl6,@rr2
7aeda:  06cc               andb rl4,@rr12
7aedc:  0768               and r8,@rr6
7aede:  080808a6           xorb rl0,#0xa6
7aee2:  0942               xor r2,@rr4
7aee4:  09e0               xor r0,@rr14
7aee6:  0a80               cpb rh0,@rr8
7aee8:  0b20               cp r0,@rr2
7aeea:  0bbc               cp r12,@rr11
7aeec:  58553630           multl rq5,<<54>>0x0030(r5)
7aef0:  33302052           ld rr3(#0x2052),r0
7aef4:  554e4e49           popl <<78>>0x0049(r14),@rr4
7aef8:  4e4720544553       ext4e #0x4e472054,<<69>>0x0053
7aefe:  54202020           ldl rr0,<<32>>0x0020(r2)
7af02:  2020               ldb rh0,@rr2
7af04:  2020               ldb rh0,@rr2
7af06:  2020               ldb rh0,@rr2
7af08:  2020               ldb rh0,@rr2
7af0a:  2020               ldb rh0,@rr2
7af0c:  2020               ldb rh0,@rr2
7af0e:  2020               ldb rh0,@rr2
7af10:  2020               ldb rh0,@rr2
7af12:  2020               ldb rh0,@rr2
7af14:  31332920           ld r3,rr3(#0x2920)
7af18:  2020               ldb rh0,@rr2
7af1a:  57524954           pop <<73>>0x0054(r2),@rr5
7af1e:  45202620           or r0,<<38>>0x0020(r2)
7af22:  52454144           subl rr5,<<65>>0x0044(r4)
7af26:  2043               ldb rh3,@rr4
7af28:  594c494e           mult rr12,<<73>>0x004e(r4)
7af2c:  44455220           orb rh5,<<82>>0x0020(r4)
7af30:  54455354           ldl rr5,<<83>>0x0054(r4)
7af34:  696e7400           inc <<116>>0x0000(r6),#15
7af38:  31322920           ld r2,rr3(#0x2920)
7af3c:  3f20               out @r2,r0
7af3e:  434f4e54           sub r15,<<78>>0x0054(r4)
7af42:  524f4c20           subl rr15,<<76>>0x0020(r4)
7af46:  4d41524b2054       cp <<82>>0x004b(r4),#0x2054
7af4c:  45535400           or r3,<<84>>0x0000(r5)
7af50:  696e7400           inc <<116>>0x0000(r6),#15
7af54:  31312920           ld r1,rr3(#0x2920)
7af58:  3f20               out @r2,r0
7af5a:  57524954           pop <<73>>0x0054(r2),@rr5
7af5e:  45202620           or r0,<<38>>0x0020(r2)
7af62:  52454144           subl rr5,<<65>>0x0044(r4)
7af66:  2044               ldb rh4,@rr4
7af68:  454c4554           or r12,<<69>>0x0054(r4)
7af6c:  45442054           or r4,<<32>>0x0054(r4)
7af70:  45535400           or r3,<<84>>0x0000(r5)
7af74:  696e7400           inc <<116>>0x0000(r6),#15
7af78:  31302920           ld r0,rr3(#0x2920)
7af7c:  3f20               out @r2,r0
7af7e:  57524954           pop <<73>>0x0054(r2),@rr5
7af82:  45202620           or r0,<<38>>0x0020(r2)
7af86:  52454144           subl rr5,<<65>>0x0044(r4)
7af8a:  2053               ldb rh3,@rr5
7af8c:  4543544f           or r3,<<84>>0x004f(r4)
7af90:  52205445           subl rr0,<<84>>0x0045(r2)
7af94:  5354696e           push @rr5,<<105>>0x006e(r4)
7af98:  7400               .word #0x7400
7af9a:  2039               ldb rl1,@rr3
7af9c:  2920               inc @rr2,#1
7af9e:  3f20               out @r2,r0
7afa0:  52454144           subl rr5,<<65>>0x0044(r4)
7afa4:  2054               ldb rh4,@rr5
7afa6:  45535400           or r3,<<84>>0x0000(r5)
7afaa:  696e7400           inc <<116>>0x0000(r6),#15
7afae:  2038               ldb rl0,@rr3
7afb0:  2920               inc @rr2,#1
7afb2:  2020               ldb rh0,@rr2
7afb4:  464f524d           andb rl7,<<82>>0x004d(r4)
7afb8:  41542054           add r4,<<32>>0x0054(r5)
7afbc:  45535400           or r3,<<84>>0x0000(r5)
7afc0:  696e7400           inc <<116>>0x0000(r6),#15
7afc4:  2037               ldb rh7,@rr3
7afc6:  2920               inc @rr2,#1
7afc8:  3f20               out @r2,r0
7afca:  5345454b           push @rr4,<<69>>0x004b(r5)
7afce:  2054               ldb rh4,@rr5
7afd0:  45535400           or r3,<<84>>0x0000(r5)
7afd4:  696e7400           inc <<116>>0x0000(r6),#15
7afd8:  2036               ldb rh6,@rr3
7afda:  2920               inc @rr2,#1
7afdc:  3f20               out @r2,r0
7afde:  53504545           push @rr5,<<69>>0x0045
7afe2:  44204d45           orb rh0,<<77>>0x0045(r2)
7afe6:  41535552           add r3,<<85>>0x0052(r5)
7afea:  454d454e           or r13,<<69>>0x004e(r4)
7afee:  54205445           ldl rr0,<<84>>0x0045(r2)
7aff2:  5354696e           push @rr5,<<105>>0x006e(r4)
7aff6:  7400               .word #0x7400
7aff8:  2035               ldb rh5,@rr3
7affa:  2920               inc @rr2,#1
7affc:  2020               ldb rh0,@rr2
7affe:  434f4d50           sub r15,<<77>>0x0050(r4)
7b002:  41544942           add r4,<<73>>0x0042(r5)
7b006:  494c4954           xor r12,<<73>>0x0054(r4)
7b00a:  59205445           mult rr0,<<84>>0x0045(r2)
7b00e:  5354696e           push @rr5,<<105>>0x006e(r4)
7b012:  7400               .word #0x7400
7b014:  2034               ldb rh4,@rr3
7b016:  2920               inc @rr2,#1
7b018:  3f20               out @r2,r0
7b01a:  444d4120           orb rl5,<<65>>0x0020(r4)
7b01e:  54455354           ldl rr5,<<83>>0x0054(r4)
7b022:  696e7400           inc <<116>>0x0000(r6),#15
7b026:  2033               ldb rh3,@rr3
7b028:  2920               inc @rr2,#1
7b02a:  3f20               out @r2,r0
7b02c:  494e5445           xor r14,<<84>>0x0045(r4)
7b030:  52525550           subl rr2,<<85>>0x0050(r5)
7b034:  54205445           ldl rr0,<<84>>0x0045(r2)
7b038:  5354696e           push @rr5,<<105>>0x006e(r4)
7b03c:  7400               .word #0x7400
7b03e:  2032               ldb rh2,@rr3
7b040:  2920               inc @rr2,#1
7b042:  3f20               out @r2,r0
7b044:  54494d45           ldl rr9,<<77>>0x0045(r4)
7b048:  52205445           subl rr0,<<84>>0x0045(r2)
7b04c:  5354696e           push @rr5,<<105>>0x006e(r4)
7b050:  7400               .word #0x7400
7b052:  2031               ldb rh1,@rr3
7b054:  2920               inc @rr2,#1
7b056:  2020               ldb rh0,@rr2
7b058:  434f4e54           sub r15,<<78>>0x0054(r4)
7b05c:  524f4c4c           subl rr15,<<76>>0x004c(r4)
7b060:  45522043           or r2,<<32>>0x0043(r5)
7b064:  4f4d4d554e49       ext4f #0x4f4d4d55,<<78>>0x0049
7b06a:  43415449           sub r1,<<84>>0x0049(r4)
7b06e:  4f4e20544553       ext4f #0x4f4e2054,<<69>>0x0053
7b074:  5400696e           ldl rr0,<<105>>0x006e
7b078:  7400               .word #0x7400
7b07a:  58553630           multl rq5,<<54>>0x0030(r5)
7b07e:  33302052           ld rr3(#0x2052),r0
7b082:  554e4e49           popl <<78>>0x0049(r14),@rr4
7b086:  4e4720544553       ext4e #0x4e472054,<<69>>0x0053
7b08c:  54202020           ldl rr0,<<32>>0x0020(r2)
7b090:  2020               ldb rh0,@rr2
7b092:  2020               ldb rh0,@rr2
7b094:  2020               ldb rh0,@rr2
7b096:  2020               ldb rh0,@rr2
7b098:  2020               ldb rh0,@rr2
7b09a:  2020               ldb rh0,@rr2
7b09c:  2020               ldb rh0,@rr2
7b09e:  2020               ldb rh0,@rr2
7b0a0:  2020               ldb rh0,@rr2
7b0a2:  2273               resb @rr7,#3
7b0a4:  6b697022           dec <<112>>0x0022(r6),#10
7b0a8:  2074               ldb rh4,@rr7
7b0aa:  6f20676f           ld <<103>>0x006f(r2),r0
7b0ae:  2062               ldb rh2,@rr6
7b0b0:  61636b20           ld r3,<<107>>0x0020(r6)
7b0b4:  746f206d           lda rr15,rr6(r0)
7b0b8:  656e7500           set <<117>>0x0000(r6),#14
7b0bc:  74797065           lda rr9,rr7(r0)
7b0c0:  2069               ldb rl1,@rr6
7b0c2:  6e202265           ldb <<34>>0x0065(r2),rh0
7b0c6:  6e746572           ldb <<101>>0x0072(r7),rh4
7b0ca:  2220               resb @rr2,#0
7b0cc:  746f2067           lda rr15,rr6(r0)
7b0d0:  6f206f6e           ld <<111>>0x006e(r2),r0
7b0d4:  206f               ldb rl7,@rr6
7b0d6:  7200               .word #0x7200
7b0d8:  31332920           ld r3,rr3(#0x2920)
7b0dc:  2020               ldb rh0,@rr2
7b0de:  57524954           pop <<73>>0x0054(r2),@rr5
7b0e2:  45202620           or r0,<<38>>0x0020(r2)
7b0e6:  52454144           subl rr5,<<65>>0x0044(r4)
7b0ea:  2043               ldb rh3,@rr4
7b0ec:  594c494e           mult rr12,<<73>>0x004e(r4)
7b0f0:  44455220           orb rh5,<<82>>0x0020(r4)
7b0f4:  54455354           ldl rr5,<<83>>0x0054(r4)
7b0f8:  2020               ldb rh0,@rr2
7b0fa:  2020               ldb rh0,@rr2
7b0fc:  2020               ldb rh0,@rr2
7b0fe:  2020               ldb rh0,@rr2
7b100:  31322920           ld r2,rr3(#0x2920)
7b104:  3f20               out @r2,r0
7b106:  434f4e54           sub r15,<<78>>0x0054(r4)
7b10a:  524f4c20           subl rr15,<<76>>0x0020(r4)
7b10e:  4d41524b2054       cp <<82>>0x004b(r4),#0x2054
7b114:  45535420           or r3,<<84>>0x0020(r5)
7b118:  2020               ldb rh0,@rr2
7b11a:  2020               ldb rh0,@rr2
7b11c:  2020               ldb rh0,@rr2
7b11e:  2020               ldb rh0,@rr2
7b120:  2020               ldb rh0,@rr2
7b122:  2020               ldb rh0,@rr2
7b124:  2020               ldb rh0,@rr2
7b126:  2020               ldb rh0,@rr2
7b128:  31312920           ld r1,rr3(#0x2920)
7b12c:  3f20               out @r2,r0
7b12e:  57524954           pop <<73>>0x0054(r2),@rr5
7b132:  45202620           or r0,<<38>>0x0020(r2)
7b136:  52454144           subl rr5,<<65>>0x0044(r4)
7b13a:  2044               ldb rh4,@rr4
7b13c:  454c4554           or r12,<<69>>0x0054(r4)
7b140:  45442054           or r4,<<32>>0x0054(r4)
7b144:  45535420           or r3,<<84>>0x0020(r5)
7b148:  2020               ldb rh0,@rr2
7b14a:  2020               ldb rh0,@rr2
7b14c:  2020               ldb rh0,@rr2
7b14e:  2020               ldb rh0,@rr2
7b150:  31302920           ld r0,rr3(#0x2920)
7b154:  3f20               out @r2,r0
7b156:  57524954           pop <<73>>0x0054(r2),@rr5
7b15a:  45202620           or r0,<<38>>0x0020(r2)
7b15e:  52454144           subl rr5,<<65>>0x0044(r4)
7b162:  2053               ldb rh3,@rr5
7b164:  4543544f           or r3,<<84>>0x004f(r4)
7b168:  52205445           subl rr0,<<84>>0x0045(r2)
7b16c:  53542020           push @rr5,<<32>>0x0020(r4)
7b170:  2020               ldb rh0,@rr2
7b172:  2020               ldb rh0,@rr2
7b174:  2020               ldb rh0,@rr2
7b176:  2020               ldb rh0,@rr2
7b178:  2039               ldb rl1,@rr3
7b17a:  2920               inc @rr2,#1
7b17c:  3f20               out @r2,r0
7b17e:  52454144           subl rr5,<<65>>0x0044(r4)
7b182:  2054               ldb rh4,@rr5
7b184:  45535420           or r3,<<84>>0x0020(r5)
7b188:  2020               ldb rh0,@rr2
7b18a:  2020               ldb rh0,@rr2
7b18c:  2020               ldb rh0,@rr2
7b18e:  2020               ldb rh0,@rr2
7b190:  2020               ldb rh0,@rr2
7b192:  2020               ldb rh0,@rr2
7b194:  2020               ldb rh0,@rr2
7b196:  2020               ldb rh0,@rr2
7b198:  2020               ldb rh0,@rr2
7b19a:  2020               ldb rh0,@rr2
7b19c:  2020               ldb rh0,@rr2
7b19e:  2020               ldb rh0,@rr2
7b1a0:  2038               ldb rl0,@rr3
7b1a2:  2920               inc @rr2,#1
7b1a4:  2020               ldb rh0,@rr2
7b1a6:  464f524d           andb rl7,<<82>>0x004d(r4)
7b1aa:  41542054           add r4,<<32>>0x0054(r5)
7b1ae:  45535420           or r3,<<84>>0x0020(r5)
7b1b2:  2020               ldb rh0,@rr2
7b1b4:  2020               ldb rh0,@rr2
7b1b6:  2020               ldb rh0,@rr2
7b1b8:  2020               ldb rh0,@rr2
7b1ba:  2020               ldb rh0,@rr2
7b1bc:  2020               ldb rh0,@rr2
7b1be:  2020               ldb rh0,@rr2
7b1c0:  2020               ldb rh0,@rr2
7b1c2:  2020               ldb rh0,@rr2
7b1c4:  2020               ldb rh0,@rr2
7b1c6:  2020               ldb rh0,@rr2
7b1c8:  2037               ldb rh7,@rr3
7b1ca:  2920               inc @rr2,#1
7b1cc:  3f20               out @r2,r0
7b1ce:  5345454b           push @rr4,<<69>>0x004b(r5)
7b1d2:  2054               ldb rh4,@rr5
7b1d4:  45535420           or r3,<<84>>0x0020(r5)
7b1d8:  2020               ldb rh0,@rr2
7b1da:  2020               ldb rh0,@rr2
7b1dc:  2020               ldb rh0,@rr2
7b1de:  2020               ldb rh0,@rr2
7b1e0:  2020               ldb rh0,@rr2
7b1e2:  2020               ldb rh0,@rr2
7b1e4:  2020               ldb rh0,@rr2
7b1e6:  2020               ldb rh0,@rr2
7b1e8:  2020               ldb rh0,@rr2
7b1ea:  2020               ldb rh0,@rr2
7b1ec:  2020               ldb rh0,@rr2
7b1ee:  2020               ldb rh0,@rr2
7b1f0:  2036               ldb rh6,@rr3
7b1f2:  2920               inc @rr2,#1
7b1f4:  3f20               out @r2,r0
7b1f6:  53504545           push @rr5,<<69>>0x0045
7b1fa:  44204d45           orb rh0,<<77>>0x0045(r2)
7b1fe:  41535552           add r3,<<85>>0x0052(r5)
7b202:  454d454e           or r13,<<69>>0x004e(r4)
7b206:  54205445           ldl rr0,<<84>>0x0045(r2)
7b20a:  53542020           push @rr5,<<32>>0x0020(r4)
7b20e:  2020               ldb rh0,@rr2
7b210:  2020               ldb rh0,@rr2
7b212:  2020               ldb rh0,@rr2
7b214:  2020               ldb rh0,@rr2
7b216:  2020               ldb rh0,@rr2
7b218:  2035               ldb rh5,@rr3
7b21a:  2920               inc @rr2,#1
7b21c:  2020               ldb rh0,@rr2
7b21e:  434f4d50           sub r15,<<77>>0x0050(r4)
7b222:  41544942           add r4,<<73>>0x0042(r5)
7b226:  494c4954           xor r12,<<73>>0x0054(r4)
7b22a:  59205445           mult rr0,<<84>>0x0045(r2)
7b22e:  53542020           push @rr5,<<32>>0x0020(r4)
7b232:  2020               ldb rh0,@rr2
7b234:  2020               ldb rh0,@rr2
7b236:  2020               ldb rh0,@rr2
7b238:  2020               ldb rh0,@rr2
7b23a:  2020               ldb rh0,@rr2
7b23c:  2020               ldb rh0,@rr2
7b23e:  2020               ldb rh0,@rr2
7b240:  2034               ldb rh4,@rr3
7b242:  2920               inc @rr2,#1
7b244:  3f20               out @r2,r0
7b246:  444d4120           orb rl5,<<65>>0x0020(r4)
7b24a:  54455354           ldl rr5,<<83>>0x0054(r4)
7b24e:  2020               ldb rh0,@rr2
7b250:  2020               ldb rh0,@rr2
7b252:  2020               ldb rh0,@rr2
7b254:  2020               ldb rh0,@rr2
7b256:  2020               ldb rh0,@rr2
7b258:  2020               ldb rh0,@rr2
7b25a:  2020               ldb rh0,@rr2
7b25c:  2020               ldb rh0,@rr2
7b25e:  2020               ldb rh0,@rr2
7b260:  2020               ldb rh0,@rr2
7b262:  2020               ldb rh0,@rr2
7b264:  2020               ldb rh0,@rr2
7b266:  2020               ldb rh0,@rr2
7b268:  2033               ldb rh3,@rr3
7b26a:  2920               inc @rr2,#1
7b26c:  3f20               out @r2,r0
7b26e:  494e5445           xor r14,<<84>>0x0045(r4)
7b272:  52525550           subl rr2,<<85>>0x0050(r5)
7b276:  54205445           ldl rr0,<<84>>0x0045(r2)
7b27a:  53542020           push @rr5,<<32>>0x0020(r4)
7b27e:  2020               ldb rh0,@rr2
7b280:  2020               ldb rh0,@rr2
7b282:  2020               ldb rh0,@rr2
7b284:  2020               ldb rh0,@rr2
7b286:  2020               ldb rh0,@rr2
7b288:  2020               ldb rh0,@rr2
7b28a:  2020               ldb rh0,@rr2
7b28c:  2020               ldb rh0,@rr2
7b28e:  2020               ldb rh0,@rr2
7b290:  2032               ldb rh2,@rr3
7b292:  2920               inc @rr2,#1
7b294:  3f20               out @r2,r0
7b296:  54494d45           ldl rr9,<<77>>0x0045(r4)
7b29a:  52205445           subl rr0,<<84>>0x0045(r2)
7b29e:  53542020           push @rr5,<<32>>0x0020(r4)
7b2a2:  2020               ldb rh0,@rr2
7b2a4:  2020               ldb rh0,@rr2
7b2a6:  2020               ldb rh0,@rr2
7b2a8:  2020               ldb rh0,@rr2
7b2aa:  2020               ldb rh0,@rr2
7b2ac:  2020               ldb rh0,@rr2
7b2ae:  2020               ldb rh0,@rr2
7b2b0:  2020               ldb rh0,@rr2
7b2b2:  2020               ldb rh0,@rr2
7b2b4:  2020               ldb rh0,@rr2
7b2b6:  2020               ldb rh0,@rr2
7b2b8:  2031               ldb rh1,@rr3
7b2ba:  2920               inc @rr2,#1
7b2bc:  2020               ldb rh0,@rr2
7b2be:  434f4e54           sub r15,<<78>>0x0054(r4)
7b2c2:  524f4c4c           subl rr15,<<76>>0x004c(r4)
7b2c6:  45522043           or r2,<<32>>0x0043(r5)
7b2ca:  4f4d4d554e49       ext4f #0x4f4d4d55,<<78>>0x0049
7b2d0:  43415449           sub r1,<<84>>0x0049(r4)
7b2d4:  4f4e20544553       ext4f #0x4f4e2054,<<69>>0x0053
7b2da:  54202020           ldl rr0,<<32>>0x0020(r2)
7b2de:  2020               ldb rh0,@rr2
7b2e0:  3630               .word #0x3630
7b2e2:  33305436           ld rr3(#0x5436),r0
7b2e6:  58553630           multl rq5,<<54>>0x0030(r5)
7b2ea:  33302052           ld rr3(#0x2052),r0
7b2ee:  554e4e49           popl <<78>>0x0049(r14),@rr4
7b2f2:  4e4720544553       ext4e #0x4e472054,<<69>>0x0053
7b2f8:  54202020           ldl rr0,<<32>>0x0020(r2)
7b2fc:  2020               ldb rh0,@rr2
7b2fe:  2020               ldb rh0,@rr2
7b300:  2020               ldb rh0,@rr2
7b302:  2020               ldb rh0,@rr2
7b304:  2020               ldb rh0,@rr2
7b306:  2020               ldb rh0,@rr2
7b308:  2020               ldb rh0,@rr2
7b30a:  2020               ldb rh0,@rr2
7b30c:  2020               ldb rh0,@rr2
7b30e:  696e7465           inc <<116>>0x0065(r6),#15
7b312:  72727570           ldb rr7(r5),rh2
7b316:  74206e6f           lda rr0,rr2(r14)
7b31a:  74206469           lda rr0,rr2(r4)
7b31e:  7361626c           ld rr6(r2),r1
7b322:  65642121           set <<33>>0x0021(r6),#4
7b326:  2121               ld r1,@rr2
7b328:  2020               ldb rh0,@rr2
7b32a:  2020               ldb rh0,@rr2
7b32c:  2020               ldb rh0,@rr2
7b32e:  20007075           ldb rh0,#0x75
7b332:  206e               ldb rl6,@rr6
7b334:  756d6265           ldl rr13,rr6(r2)
7b338:  723a2020           ldb rr3(r0),rl2
7b33c:  2020               ldb rh0,@rr2
7b33e:  2028               ldb rl0,@rr2
7b340:  312d3429           ld r13,rr2(#0x3429)
7b344:  2020               ldb rh0,@rr2
7b346:  2020               ldb rh0,@rr2
7b348:  2020               ldb rh0,@rr2
7b34a:  2020               ldb rh0,@rr2
7b34c:  2020               ldb rh0,@rr2
7b34e:  2000736c           ldb rh0,#0x6c
7b352:  6f74206e           ld <<32>>0x006e(r7),r4
7b356:  756d6265           ldl rr13,rr6(r2)
7b35a:  723a2020           ldb rr3(r0),rl2
7b35e:  2323               res @rr2,#3
7b360:  2323               res @rr2,#3
7b362:  2323               res @rr2,#3
7b364:  2020               ldb rh0,@rr2
7b366:  2020               ldb rh0,@rr2
7b368:  2020               ldb rh0,@rr2
7b36a:  2020               ldb rh0,@rr2
7b36c:  2020               ldb rh0,@rr2
7b36e:  2020               ldb rh0,@rr2
7b370:  2020               ldb rh0,@rr2
7b372:  2020               ldb rh0,@rr2
7b374:  2020               ldb rh0,@rr2
7b376:  2020               ldb rh0,@rr2
7b378:  70617261           ldb rh1,rr6(r2)
7b37c:  6d657465           ex r5,<<116>>0x0065(r6)
7b380:  72732020           ldb rr7(r0),rh3
7b384:  2020               ldb rh0,@rr2
7b386:  72616e67           ldb rr6(r14),rh1
7b38a:  65202064           set <<32>>0x0064(r2),#0
7b38e:  65666175           set <<97>>0x0075(r6),#6
7b392:  6c742020           exb rh4,<<32>>0x0020(r7)
7b396:  76616c75           lda rr1,<<108>>0x0075(r6)
7b39a:  65004e4f           set <<78>>0x004f,#0
7b39e:  54205052           ldl rr0,<<80>>0x0052(r2)
7b3a2:  45564944           or r6,<<73>>0x0044(r5)
7b3a6:  45442043           or r4,<<32>>0x0043(r4)
7b3aa:  4f4e54524f4c       ext4f #0x4f4e5452,<<79>>0x004c
7b3b0:  4c4552205459       ldb <<82>>0x0020(r4),#0x59
7b3b6:  50456572           cpl rr5,<<101>>0x0072(r4)
7b3ba:  7200               .word #0x7200
7b3bc:  2034               ldb rh4,@rr3
7b3be:  2075               ldb rh5,@rr7
7b3c0:  6e697473           ldb <<116>>0x0073(r6),rl1
7b3c4:  2063               ldb rh3,@rr6
7b3c6:  6f6e7472           ld <<116>>0x0072(r6),r14
7b3ca:  6f6c6c65           ld <<108>>0x0065(r6),r12
7b3ce:  72207479           ldb rr2(r4),rh0
7b3d2:  70652033           ldb rh5,rr6(r0)
7b3d6:  2075               ldb rh5,@rr7
7b3d8:  6e697473           ldb <<116>>0x0073(r6),rl1
7b3dc:  2063               ldb rh3,@rr6
7b3de:  6f6e7472           ld <<116>>0x0072(r6),r14
7b3e2:  6f6c6c65           ld <<108>>0x0065(r6),r12
7b3e6:  72207479           ldb rr2(r4),rh0
7b3ea:  7065202d           ldb rh5,rr6(r0)
7b3ee:  2d20               ex r0,@rr2
7b3f0:  52454345           subl rr5,<<67>>0x0045(r4)
7b3f4:  49564544           xor r6,<<69>>0x0044(r5)
7b3f8:  3a20434f           inib @rr4,@r2,r3
7b3fc:  44452045           orb rh5,<<32>>0x0045(r4)
7b400:  58504543           multl rq0,<<69>>0x0043(r5)
7b404:  5445443a           ldl rr5,<<68>>0x003a(r4)
7b408:  20006572           ldb rh0,#0x72
7b40c:  7200               .word #0x7200
7b40e:  2049               ldb rl1,@rr4
7b410:  4e5445525255       ext4e #0x4e544552,<<82>>0x0055
7b416:  50542043           cpl rr4,<<32>>0x0043(r5)
7b41a:  4f444520494e       ext4f #0x4f444520,<<73>>0x004e
7b420:  43484f45           sub r8,<<79>>0x0045(r4)
7b424:  52454e43           subl rr5,<<78>>0x0043(r4)
7b428:  45006572           or r0,<<101>>0x0072
7b42c:  7200               .word #0x7200
7b42e:  202d               ldb rl5,@rr2
7b430:  2d20               ex r0,@rr2
7b432:  52454345           subl rr5,<<67>>0x0045(r4)
7b436:  49564544           xor r6,<<69>>0x0044(r5)
7b43a:  3a204944           inirb @rr4,@r2,r9
7b43e:  2e20               ldb @rr2,rh0
7b440:  45585045           or r8,<<80>>0x0045(r5)
7b444:  43544544           sub r4,<<69>>0x0044(r5)
7b448:  3a206572           inirb @rr7,@r2,r5
7b44c:  7200               .word #0x7200
7b44e:  2049               ldb rl1,@rr4
7b450:  4e5445525255       ext4e #0x4e544552,<<82>>0x0055
7b456:  50542049           cpl rr4,<<32>>0x0049(r5)
7b45a:  44454e54           orb rh5,<<78>>0x0054(r4)
7b45e:  49464945           xor r6,<<73>>0x0045(r4)
7b462:  5220494e           subl rr0,<<73>>0x004e(r2)
7b466:  43484f45           sub r8,<<79>>0x0045(r4)
7b46a:  52454e43           subl rr5,<<78>>0x0043(r4)
7b46e:  45006572           or r0,<<101>>0x0072
7b472:  7200               .word #0x7200
7b474:  0458               orb rl0,@rr5
7b476:  0496               orb rh6,@rr9
7b478:  04d4               orb rh4,@rr13
7b47a:  0512               or r2,@rr1
7b47c:  0450               orb rh0,@rr5
7b47e:  0450               orb rh0,@rr5
7b480:  0450               orb rh0,@rr5
7b482:  0450               orb rh0,@rr5
7b484:  054c               or r12,@rr4
7b486:  0586               or r6,@rr8
7b488:  05c0               or r0,@rr12
7b48a:  05fa               or r10,@rr15
7b48c:  2049               ldb rl1,@rr4
7b48e:  4e43484f4552       ext4e #0x4e43484f,<<69>>0x0052
7b494:  454e5420           or r14,<<84>>0x0020(r4)
7b498:  53544154           push @rr5,<<65>>0x0054(r4)
7b49c:  55536572           popl <<101>>0x0072(r3),@rr5
7b4a0:  7200               .word #0x7200
7b4a2:  2049               ldb rl1,@rr4
7b4a4:  4e5445525255       ext4e #0x4e544552,<<82>>0x0055
7b4aa:  5054204e           cpl rr4,<<32>>0x004e(r5)
7b4ae:  4f5420524543       ext4f #0x4f542052,<<69>>0x0043
7b4b4:  45495645           or r9,<<86>>0x0045(r4)
7b4b8:  44006572           orb rh0,<<101>>0x0072
7b4bc:  7200               .word #0x7200
7b4be:  2070               ldb rh0,@rr7
7b4c0:  726f6772           ldb rr6(r7),rl7
7b4c4:  616d2072           ld r13,<<32>>0x0072(r6)
7b4c8:  756e6e69           ldl rr14,rr6(r14)
7b4cc:  6e672070           ldb <<32>>0x0070(r6),rh7
7b4d0:  726f6772           ldb rr6(r7),rl7
7b4d4:  616d2072           ld r13,<<32>>0x0072(r6)
7b4d8:  756e6e69           ldl rr14,rr6(r14)
7b4dc:  6e672076           ldb <<32>>0x0076(r6),rh7
7b4e0:  6f6c206c           ld <<32>>0x006c(r6),r12
7b4e4:  6162656c           ld r2,<<101>>0x006c(r6)
7b4e8:  3a00               .word #0x3a00
7b4ea:  2065               ldb rh5,@rr6
7b4ec:  72726f72           ldb rr7(r15),rh2
7b4f0:  206d               ldb rl5,@rr6
7b4f2:  61703a00           ld r0,<<58>>0x0000(r7)
7b4f6:  2075               ldb rh5,@rr7
7b4f8:  6e696465           ldb <<100>>0x0065(r6),rl1
7b4fc:  6e746966           ldb <<105>>0x0066(r7),rh4
7b500:  69656420           inc <<100>>0x0020(r6),#6
7b504:  6469736b           setb <<115>>0x006b(r6),#9
7b508:  206f               ldb rl7,@rr6
7b50a:  6e20756e           ldb <<117>>0x006e(r2),rh0
7b50e:  69742000           inc <<32>>0x0000(r7),#5
7b512:  fffc               djnz r15,0xb41c
7b514:  ffff               djnz r15,0xb418
7b516:  ffff               djnz r15,0xb41a
7b518:  ffff               djnz r15,0xb41c
7b51a:  07ff               and r15,@rr15
7b51c:  00000000           addb rh0,#0x00
7b520:  00000000           addb rh0,#0x00
7b524:  00000000           addb rh0,#0x00
7b528:  00000000           addb rh0,#0x00
7b52c:  00000000           addb rh0,#0x00
7b530:  0000fffe           addb rh0,#0xfe
7b534:  ffff               djnz r15,0xb438
7b536:  ffff               djnz r15,0xb43a
7b538:  ffff               djnz r15,0xb43c
7b53a:  07ff               and r15,@rr15
7b53c:  00000000           addb rh0,#0x00
7b540:  00000000           addb rh0,#0x00
7b544:  00000000           addb rh0,#0x00
7b548:  00000000           addb rh0,#0x00
7b54c:  00000000           addb rh0,#0x00
7b550:  00000000           addb rh0,#0x00
7b554:  00000000           addb rh0,#0x00
7b558:  03ff               sub r15,@rr15
7b55a:  00000000           addb rh0,#0x00
7b55e:  00000000           addb rh0,#0x00
7b562:  00000000           addb rh0,#0x00
7b566:  00000000           addb rh0,#0x00
7b56a:  00000000           addb rh0,#0x00
7b56e:  00000000           addb rh0,#0x00
7b572:  00000000           addb rh0,#0x00
7b576:  000003ff           addb rh0,#0xff
7b57a:  00000000           addb rh0,#0x00
7b57e:  00000000           addb rh0,#0x00
7b582:  00000000           addb rh0,#0x00
7b586:  00000000           addb rh0,#0x00
7b58a:  00000000           addb rh0,#0x00
7b58e:  00000000           addb rh0,#0x00
7b592:  00000000           addb rh0,#0x00
7b596:  000003ff           addb rh0,#0xff
7b59a:  00000000           addb rh0,#0x00
7b59e:  00000000           addb rh0,#0x00
7b5a2:  00000000           addb rh0,#0x00
7b5a6:  00000000           addb rh0,#0x00
7b5aa:  00000000           addb rh0,#0x00
7b5ae:  00000000           addb rh0,#0x00
7b5b2:  00000000           addb rh0,#0x00
7b5b6:  000003ff           addb rh0,#0xff
7b5ba:  00000000           addb rh0,#0x00
7b5be:  00000000           addb rh0,#0x00
7b5c2:  00000000           addb rh0,#0x00
7b5c6:  00000000           addb rh0,#0x00
7b5ca:  00000000           addb rh0,#0x00
7b5ce:  00000000           addb rh0,#0x00
7b5d2:  564f4c31           addl rr15,<<76>>0x0031(r4)
7b5d6:  45524d41           or r2,<<77>>0x0041(r5)
7b5da:  50202063           cpl rr0,<<32>>0x0063(r2)
7b5de:  68616e67           incb <<110>>0x0067(r6),#2
7b5e2:  65206469           set <<100>>0x0069(r2),#0
7b5e6:  736b3a20           ld rr6(r10),r11
7b5ea:  68697420           incb <<116>>0x0020(r6),#10
7b5ee:  656e7465           set <<116>>0x0065(r6),#14
7b5f2:  7220746f           ldb rr2(r4),rh0
7b5f6:  2072               ldb rh2,@rr7
7b5f8:  65737461           set <<116>>0x0061(r7),#3
7b5fc:  72742064           ldb rr7(r0),rh4
7b600:  65666563           set <<101>>0x0063(r6),#6
7b604:  74697665           lda rr9,rr6(r6)
7b608:  2074               ldb rh4,@rr7
7b60a:  7261636b           ldb rr6(r3),rh1
7b60e:  3a202064           inirb @rr6,@r2,r0
7b612:  65666563           set <<101>>0x0063(r6),#6
7b616:  74697665           lda rr9,rr6(r6)
7b61a:  2074               ldb rh4,@rr7
7b61c:  7261636b           ldb rr6(r3),rh1
7b620:  3a20206e           inib @rr6,@r2,r0
7b624:  6f206465           ld <<100>>0x0065(r2),r0
7b628:  66656374           bitb <<99>>0x0074(r6),#5
7b62c:  69766520           inc <<101>>0x0020(r7),#7
7b630:  74726163           lda rr2,rr7(r1)
7b634:  6b73203a           dec <<32>>0x003a(r7),#4
7b638:  2044               ldb rh4,@rr4
7b63a:  46313238           andb rh1,<<50>>0x0038(r3)
7b63e:  2069               ldb rl1,@rr6
7b640:  64656e74           setb <<110>>0x0074(r6),#5
7b644:  69666965           inc <<105>>0x0065(r6),#7
7b648:  64206469           setb <<100>>0x0069(r2),#0
7b64c:  736b206f           ld rr6(r0),r11
7b650:  6e20756e           ldb <<117>>0x006e(r2),rh0
7b654:  69742000           inc <<32>>0x0000(r7),#5
7b658:  203a               ldb rl2,@rr3
7b65a:  204d               ldb rl5,@rr4
7b65c:  464d3235           andb rl5,<<50>>0x0035(r4)
7b660:  3600               bpt
7b662:  2069               ldb rl1,@rr6
7b664:  64656e74           setb <<110>>0x0074(r6),#5
7b668:  69666965           inc <<105>>0x0065(r6),#7
7b66c:  64206469           setb <<100>>0x0069(r2),#0
7b670:  736b206f           ld rr6(r0),r11
7b674:  6e20756e           ldb <<117>>0x006e(r2),rh0
7b678:  69742000           inc <<32>>0x0000(r7),#5
7b67c:  2063               ldb rh3,@rr6
7b67e:  68616e67           incb <<110>>0x0067(r6),#2
7b682:  65206469           set <<100>>0x0069(r2),#0
7b686:  736b3a20           ld rr6(r10),r11
7b68a:  68697420           incb <<116>>0x0020(r6),#10
7b68e:  656e7465           set <<116>>0x0065(r6),#14
7b692:  7220746f           ldb rr2(r4),rh0
7b696:  2072               ldb rh2,@rr7
7b698:  65737461           set <<116>>0x0061(r7),#3
7b69c:  72742073           ldb rr7(r0),rh4
7b6a0:  616d706c           ld r13,<<112>>0x006c(r6)
7b6a4:  653d206d           set <<32>>0x006d(r3),#13
7b6a8:  61783d00           ld r8,<<61>>0x0000(r7)
7b6ac:  2020               ldb rh0,@rr2
7b6ae:  6d696e3d           ex r9,<<110>>0x003d(r6)
7b6b2:  65727200           set <<114>>0x0000(r7),#2
7b6b6:  2072               ldb rh2,@rr7
7b6b8:  65766f6c           set <<111>>0x006c(r7),#6
7b6bc:  7574696f           ldl rr4,rr7(r9)
7b6c0:  6e207469           ldb <<116>>0x0069(r2),rh0
7b6c4:  6d652065           ex r5,<<32>>0x0065(r6)
7b6c8:  72726f72           ldb rr7(r15),rh2
7b6cc:  206f               ldb rl7,@rr6
7b6ce:  6e206379           ldb <<99>>0x0079(r2),rh0
7b6d2:  6c206572           exb rh0,<<101>>0x0072(r2)
7b6d6:  7200               .word #0x7200
7b6d8:  40f00000           addb rh0,<<0>>0x0000(r15)
7b6dc:  00000000           addb rh0,#0x00
7b6e0:  2061               ldb rh1,@rr6
7b6e2:  76653d00           lda rr5,<<61>>0x0000(r6)
7b6e6:  206d               ldb rl5,@rr6
7b6e8:  61783d00           ld r8,<<61>>0x0000(r7)
7b6ec:  206d               ldb rl5,@rr6
7b6ee:  696e3d00           inc <<61>>0x0000(r6),#15
7b6f2:  2072               ldb rh2,@rr7
7b6f4:  6f746174           ld <<97>>0x0074(r7),r4
7b6f8:  696f6e20           inc <<110>>0x0020(r6),#16
7b6fc:  74696d65           lda rr9,rr6(r13)
7b700:  206f               ldb rl7,@rr6
7b702:  6e206379           ldb <<99>>0x0079(r2),rh0
7b706:  6c204000           exb rh0,<<64>>0x0000(r2)
7b70a:  00000000           addb rh0,#0x00
7b70e:  00004064           addb rh0,#0x64
7b712:  d570               calr 0xac34
7b714:  a000               ldb rh0,rh0
7b716:  00004064           addb rh0,#0x64
7b71a:  d570               calr 0xac3c
7b71c:  a000               ldb rh0,rh0
7b71e:  00004064           addb rh0,#0x64
7b722:  d570               calr 0xac44
7b724:  a000               ldb rh0,rh0
7b726:  00004064           addb rh0,#0x64
7b72a:  d570               calr 0xac4c
7b72c:  a000               ldb rh0,rh0
7b72e:  00004000           addb rh0,#0x00
7b732:  00000000           addb rh0,#0x00
7b736:  00002025           addb rh0,#0x25
7b73a:  2054               ldb rh4,@rr5
7b73c:  6f6c6c65           ld <<108>>0x0065(r6),r12
7b740:  72616e63           ldb rr6(r14),rh1
7b744:  65202020           set <<32>>0x0020(r2),#0
7b748:  2020               ldb rh0,@rr2
7b74a:  2020               ldb rh0,@rr2
7b74c:  2020               ldb rh0,@rr2
7b74e:  2020               ldb rh0,@rr2
7b750:  2020               ldb rh0,@rr2
7b752:  2000206d           ldb rh0,#0x6d
7b756:  7300               .word #0x7300
7b758:  204e               ldb rl6,@rr4
7b75a:  6f6d696e           ld <<105>>0x006e(r6),r13
7b75e:  616c2072           ld r12,<<32>>0x0072(r6)
7b762:  6f746174           ld <<97>>0x0074(r7),r4
7b766:  696f6e20           inc <<110>>0x0020(r6),#16
7b76a:  74696d65           lda rr9,rr6(r13)
7b76e:  2020               ldb rh0,@rr2
7b770:  2042               ldb rh2,@rr4
7b772:  41442044           add r4,<<32>>0x0044(r4)
7b776:  454c4554           or r12,<<69>>0x0054(r4)
7b77a:  494e4720           xor r14,<<71>>0x0020(r4)
7b77e:  4f4e2043594c       ext4f #0x4f4e2043,<<89>>0x004c
7b784:  3a206572           inirb @rr7,@r2,r5
7b788:  7200               .word #0x7200
7b78a:  2042               ldb rh2,@rr4
7b78c:  41442046           add r4,<<32>>0x0046(r4)
7b790:  4f524d415454       ext4f #0x4f524d41,<<84>>0x0054
7b796:  494e4720           xor r14,<<71>>0x0020(r4)
7b79a:  4f4e2043594c       ext4f #0x4f4e2043,<<89>>0x004c
7b7a0:  3a206572           inirb @rr7,@r2,r5
7b7a4:  7200               .word #0x7200
7b7a6:  2020               ldb rh0,@rr2
7b7a8:  52454144           subl rr5,<<65>>0x0044(r4)
7b7ac:  2043               ldb rh3,@rr4
7b7ae:  4f4d4d414e44       ext4f #0x4f4d4d41,<<78>>0x0044
7b7b4:  204d               ldb rl5,@rr4
7b7b6:  41444520           add r4,<<69>>0x0020(r4)
7b7ba:  4f4e2043594c       ext4f #0x4f4e2043,<<89>>0x004c
7b7c0:  20006572           ldb rh0,#0x72
7b7c4:  7200               .word #0x7200
7b7c6:  2020               ldb rh0,@rr2
7b7c8:  48454144           xorb rh5,<<65>>0x0044(r4)
7b7cc:  2050               ldb rh0,@rr5
7b7ce:  4f534954494f       ext4f #0x4f534954,<<73>>0x004f
7b7d4:  4e4544204f4e       ext4e #0x4e454420,<<79>>0x004e
7b7da:  2043               ldb rh3,@rr4
7b7dc:  594c2000           mult rr12,<<32>>0x0000(r4)
7b7e0:  65727200           set <<114>>0x0000(r7),#2
7b7e4:  204d               ldb rl5,@rr4
7b7e6:  49535349           xor r3,<<83>>0x0049(r5)
7b7ea:  4e4720534547       ext4e #0x4e472053,<<69>>0x0047
7b7f0:  4e414c415449       ext4e #0x4e414c41,<<84>>0x0049
7b7f6:  4f4e204f4620       ext4f #0x4f4e204f,<<70>>0x0020
7b7fc:  2257               resb @rr5,#7
7b7fe:  524f4e47           subl rr15,<<78>>0x0047(r4)
7b802:  2043               ldb rh3,@rr4
7b804:  594c2200           mult rr12,<<34>>0x0000(r4)
7b808:  65727200           set <<114>>0x0000(r7),#2
7b80c:  2050               ldb rh0,@rr5
7b80e:  55204e4f           popl <<78>>0x004f,@rr2
7b812:  54205245           ldl rr0,<<82>>0x0045(r2)
7b816:  41445900           add r4,<<89>>0x0000(r4)
7b81a:  65727200           set <<114>>0x0000(r7),#2
7b81e:  2020               ldb rh0,@rr2
7b820:  464f554e           andb rl7,<<85>>0x004e(r4)
7b824:  44204359           orb rh0,<<67>>0x0059(r2)
7b828:  4c49               .word #0x4c49
7b82a:  4e4445523a20       ext4e #0x4e444552,<<58>>0x0020
7b830:  65727200           set <<114>>0x0000(r7),#2
7b834:  2020               ldb rh0,@rr2
7b836:  554e4b4e           popl <<75>>0x004e(r14),@rr4
7b83a:  4f574e204844       ext4f #0x4f574e20,<<72>>0x0044
7b840:  2050               ldb rh0,@rr5
7b842:  4f534954494f       ext4f #0x4f534954,<<73>>0x004f
7b848:  4e0065727200       ext4e #0x4e006572,<<114>>0x0000
7b84e:  2020               ldb rh0,@rr2
7b850:  454e4420           or r14,<<68>>0x0020(r4)
7b854:  2043               ldb rh3,@rr4
7b856:  594c494e           mult rr12,<<73>>0x004e(r4)
7b85a:  4445523a           orb rh5,<<82>>0x003a(r4)
7b85e:  20006572           ldb rh0,#0x72
7b862:  7200               .word #0x7200
7b864:  2020               ldb rh0,@rr2
7b866:  53544152           push @rr5,<<65>>0x0052(r4)
7b86a:  54204359           ldl rr0,<<67>>0x0059(r2)
7b86e:  4c49               .word #0x4c49
7b870:  4e4445523a20       ext4e #0x4e444552,<<58>>0x0020
7b876:  65727200           set <<114>>0x0000(r7),#2
7b87a:  2050               ldb rh0,@rr5
7b87c:  4f534954494f       ext4f #0x4f534954,<<73>>0x004f
7b882:  4e494e472045       ext4e #0x4e494e47,<<32>>0x0045
7b888:  52524f52           subl rr2,<<79>>0x0052(r5)
7b88c:  20006572           ldb rh0,#0x72
7b890:  7200               .word #0x7200
7b892:  204d               ldb rl5,@rr4
7b894:  41494e20           add r9,<<78>>0x0020(r4)
7b898:  4d454d4f5259       ld <<77>>0x004f(r4),#0x5259
7b89e:  2044               ldb rh4,@rr4
7b8a0:  41544120           add r4,<<65>>0x0020(r5)
7b8a4:  434f4d50           sub r15,<<77>>0x0050(r4)
7b8a8:  41524520           add r2,<<69>>0x0020(r5)
7b8ac:  4552524f           or r2,<<82>>0x004f(r5)
7b8b0:  52006572           subl rr0,<<101>>0x0072
7b8b4:  7200               .word #0x7200
7b8b6:  2020               ldb rh0,@rr2
7b8b8:  2d2d               ex r13,@rr2
7b8ba:  2020               ldb rh0,@rr2
7b8bc:  53454354           push @rr4,<<67>>0x0054(r5)
7b8c0:  3a202020           inirb @rr2,@r2,r0
7b8c4:  43594c3a           sub r9,<<76>>0x003a(r5)
7b8c8:  20006572           ldb rh0,#0x72
7b8cc:  7200               .word #0x7200
7b8ce:  2055               ldb rh5,@rr5
7b8d0:  4e4558504543       ext4e #0x4e455850,<<69>>0x0043
7b8d6:  54454420           ldl rr5,<<68>>0x0020(r4)
7b8da:  224e               resb @rr4,#14
7b8dc:  4f524d414c22       ext4f #0x4f524d41,<<76>>0x0022
7b8e2:  2053               ldb rh3,@rr5
7b8e4:  4543544f           or r3,<<84>>0x004f(r4)
7b8e8:  52285329           subl rr8,<<83>>0x0029(r2)
7b8ec:  2046               ldb rh6,@rr4
7b8ee:  4f554e446572       ext4f #0x4f554e44,<<101>>0x0072
7b8f4:  7200               .word #0x7200
7b8f6:  2055               ldb rh5,@rr5
7b8f8:  4e4558504543       ext4e #0x4e455850,<<69>>0x0043
7b8fe:  54454420           ldl rr5,<<68>>0x0020(r4)
7b902:  2244               resb @rr4,#4
7b904:  454c4554           or r12,<<69>>0x0054(r4)
7b908:  45442220           or r4,<<34>>0x0020(r4)
7b90c:  53454354           push @rr4,<<67>>0x0054(r5)
7b910:  4f5228532920       ext4f #0x4f522853,<<41>>0x0020
7b916:  464f554e           andb rl7,<<85>>0x004e(r4)
7b91a:  44006572           orb rh0,<<101>>0x0072
7b91e:  7200               .word #0x7200
7b920:  2049               ldb rl1,@rr4
7b922:  4e43484f4552       ext4e #0x4e43484f,<<69>>0x0052
7b928:  454e5420           or r14,<<84>>0x0020(r4)
7b92c:  53544154           push @rr5,<<65>>0x0054(r4)
7b930:  55536572           popl <<101>>0x0072(r3),@rr5
7b934:  7200               .word #0x7200
7b936:  2049               ldb rl1,@rr4
7b938:  4e4445582050       ext4e #0x4e444558,<<32>>0x0050
7b93e:  554c5345           popl <<83>>0x0045(r12),@rr4
7b942:  53204e4f           push @rr2,<<78>>0x004f
7b946:  54205245           ldl rr0,<<82>>0x0045(r2)
7b94a:  43454956           sub r5,<<73>>0x0056(r4)
7b94e:  45446572           or r4,<<101>>0x0072(r4)
7b952:  7200               .word #0x7200
7b954:  2043               ldb rh3,@rr4
7b956:  4f4d4d414e44       ext4f #0x4f4d4d41,<<78>>0x0044
7b95c:  2041               ldb rh1,@rr4
7b95e:  424f5254           subb rl7,<<82>>0x0054(r4)
7b962:  45442046           or r4,<<32>>0x0046(r4)
7b966:  4f5220505520       ext4f #0x4f522050,<<85>>0x0020
7b96c:  4e4f54205245       ext4e #0x4e4f5420,<<82>>0x0045
7b972:  41445900           add r4,<<89>>0x0000(r4)
7b976:  65727200           set <<114>>0x0000(r7),#2
7b97a:  2043               ldb rh3,@rr4
7b97c:  48414e4e           xorb rh1,<<78>>0x004e(r4)
7b980:  454c2042           or r12,<<32>>0x0042(r4)
7b984:  55535900           popl <<89>>0x0000(r3),@rr5
7b988:  65727200           set <<114>>0x0000(r7),#2
7b98c:  2048               ldb rl0,@rr4
7b98e:  41524457           add r2,<<68>>0x0057(r5)
7b992:  41524520           add r2,<<69>>0x0020(r5)
7b996:  4641554c           andb rh1,<<85>>0x004c(r4)
7b99a:  54006572           ldl rr0,<<101>>0x0072
7b99e:  7200               .word #0x7200
7b9a0:  2049               ldb rl1,@rr4
7b9a2:  4e56414c4944       ext4e #0x4e56414c,<<73>>0x0044
7b9a8:  2043               ldb rh3,@rr4
7b9aa:  4f4d4d414e44       ext4f #0x4f4d4d41,<<78>>0x0044
7b9b0:  65727200           set <<114>>0x0000(r7),#2
7b9b4:  095c               xor r12,@rr5
7b9b6:  09a2               xor r2,@rr10
7b9b8:  09a2               xor r2,@rr10
7b9ba:  09a2               xor r2,@rr10
7b9bc:  09a2               xor r2,@rr10
7b9be:  09a2               xor r2,@rr10
7b9c0:  0c7c               .word #0x0c7c
7b9c2:  0a24               cpb rh4,@rr2
7b9c4:  0aa8               cpb rl0,@rr10
7b9c6:  0a24               cpb rh4,@rr2
7b9c8:  0aa8               cpb rl0,@rr10
7b9ca:  0a24               cpb rh4,@rr2
7b9cc:  0aa8               cpb rl0,@rr10
7b9ce:  0a24               cpb rh4,@rr2
7b9d0:  0b2c               cp r12,@rr2
7b9d2:  0bb0               cp r0,@rr11
7b9d4:  0aa8               cpb rl0,@rr10
7b9d6:  0b2c               cp r12,@rr2
7b9d8:  0b2c               cp r12,@rr2
7b9da:  0c34               testb @rr3
7b9dc:  0cc4               testb @rr12
7b9de:  0d0c               .word #0x0d0c
7b9e0:  0d50               com @rr5
7b9e2:  0d94               test @rr9
7b9e4:  2049               ldb rl1,@rr4
7b9e6:  4e43484f4552       ext4e #0x4e43484f,<<69>>0x0052
7b9ec:  454e5420           or r14,<<84>>0x0020(r4)
7b9f0:  53544154           push @rr5,<<65>>0x0054(r4)
7b9f4:  55536572           popl <<101>>0x0072(r3),@rr5
7b9f8:  7200               .word #0x7200
7b9fa:  2044               ldb rh4,@rr4
7b9fc:  4d414320494e       cp <<67>>0x0020(r4),#0x494e
7ba02:  54455252           ldl rr5,<<82>>0x0052(r4)
7ba06:  55505420           popl <<84>>0x0020,@rr5
7ba0a:  4e4554574f52       ext4e #0x4e455457,<<79>>0x0052
7ba10:  4b204641           cp r0,<<70>>0x0041(r2)
7ba14:  554c5400           popl <<84>>0x0000(r12),@rr4
7ba18:  65727200           set <<114>>0x0000(r7),#2
7ba1c:  2050               ldb rh0,@rr5
7ba1e:  41524954           add r2,<<73>>0x0054(r5)
7ba22:  59204552           mult rr0,<<69>>0x0052(r2)
7ba26:  524f5220           subl rr15,<<82>>0x0020(r4)
7ba2a:  4e4554574f52       ext4e #0x4e455457,<<79>>0x0052
7ba30:  4b204641           cp r0,<<70>>0x0041(r2)
7ba34:  554c5400           popl <<84>>0x0000(r12),@rr4
7ba38:  65727200           set <<114>>0x0000(r7),#2
7ba3c:  2046               ldb rh6,@rr4
7ba3e:  44432049           orb rh3,<<32>>0x0049(r4)
7ba42:  4e5445525255       ext4e #0x4e544552,<<82>>0x0055
7ba48:  5054204e           cpl rr4,<<32>>0x004e(r5)
7ba4c:  4554574f           or r4,<<87>>0x004f(r5)
7ba50:  524b2046           subl rr11,<<32>>0x0046(r4)
7ba54:  41554c54           add r5,<<76>>0x0054(r5)
7ba58:  65727200           set <<114>>0x0000(r7),#2
7ba5c:  2054               ldb rh4,@rr5
7ba5e:  494d4552           xor r13,<<69>>0x0052(r4)
7ba62:  2049               ldb rl1,@rr4
7ba64:  4e5445525255       ext4e #0x4e544552,<<82>>0x0055
7ba6a:  5054204e           cpl rr4,<<32>>0x004e(r5)
7ba6e:  4554574f           or r4,<<87>>0x004f(r5)
7ba72:  524b2046           subl rr11,<<32>>0x0046(r4)
7ba76:  41554c54           add r5,<<76>>0x0054(r5)
7ba7a:  65727200           set <<114>>0x0000(r7),#2
7ba7e:  2054               ldb rh4,@rr5
7ba80:  494d452d           xor r13,<<69>>0x002d(r4)
7ba84:  4f555420494e       ext4f #0x4f555420,<<73>>0x004e
7ba8a:  54455252           ldl rr5,<<82>>0x0052(r4)
7ba8e:  55505420           popl <<84>>0x0020,@rr5
7ba92:  4e4554574f52       ext4e #0x4e455457,<<79>>0x0052
7ba98:  4b204641           cp r0,<<70>>0x0041(r2)
7ba9c:  554c5400           popl <<84>>0x0000(r12),@rr4
7baa0:  65727200           set <<114>>0x0000(r7),#2
7baa4:  2044               ldb rh4,@rr4
7baa6:  4d4120434f4e       cp <<32>>0x0043(r4),#0x4f4e
7baac:  54524f4c           ldl rr2,<<79>>0x004c(r5)
7bab0:  4c4552204552       ldb <<82>>0x0020(r4),#0x52
7bab6:  524f5200           subl rr15,<<82>>0x0000(r4)
7baba:  65727200           set <<114>>0x0000(r7),#2
7babe:  2020               ldb rh0,@rr2
7bac0:  5452414e           ldl rr2,<<65>>0x004e(r5)
7bac4:  53464552           push @rr4,<<69>>0x0052(r6)
7bac8:  204e               ldb rl6,@rr4
7baca:  4f5420434f52       ext4f #0x4f542043,<<79>>0x0052
7bad0:  52454354           subl rr5,<<67>>0x0054(r4)
7bad4:  65727200           set <<114>>0x0000(r7),#2
7bad8:  2044               ldb rh4,@rr4
7bada:  4d4120434f4e       cp <<32>>0x0043(r4),#0x4f4e
7bae0:  54524f4c           ldl rr2,<<79>>0x004c(r5)
7bae4:  4c4552204552       ldb <<82>>0x0020(r4),#0x52
7baea:  524f5200           subl rr15,<<82>>0x0000(r4)
7baee:  65727200           set <<114>>0x0000(r7),#2
7baf2:  2020               ldb rh0,@rr2
7baf4:  5452414e           ldl rr2,<<65>>0x004e(r5)
7baf8:  53464552           push @rr4,<<69>>0x0052(r6)
7bafc:  204e               ldb rl6,@rr4
7bafe:  4f5420544552       ext4f #0x4f542054,<<69>>0x0052
7bb04:  4d49               .word #0x4d49
7bb06:  4e4154456572       ext4e #0x4e415445,<<101>>0x0072
7bb0c:  7200               .word #0x7200
7bb0e:  2044               ldb rh4,@rr4
7bb10:  4d4120434f4e       cp <<32>>0x0043(r4),#0x4f4e
7bb16:  54524f4c           ldl rr2,<<79>>0x004c(r5)
7bb1a:  4c4552204552       ldb <<82>>0x0020(r4),#0x52
7bb20:  524f5200           subl rr15,<<82>>0x0000(r4)
7bb24:  65727200           set <<114>>0x0000(r7),#2
7bb28:  2020               ldb rh0,@rr2
7bb2a:  4348414e           sub r8,<<65>>0x004e(r4)
7bb2e:  4e454c203220       ext4e #0x4e454c20,<<50>>0x0020
7bb34:  4641554c           andb rh1,<<85>>0x004c(r4)
7bb38:  54006572           ldl rr0,<<101>>0x0072
7bb3c:  7200               .word #0x7200
7bb3e:  2044               ldb rh4,@rr4
7bb40:  4d4120434f4e       cp <<32>>0x0043(r4),#0x4f4e
7bb46:  54524f4c           ldl rr2,<<79>>0x004c(r5)
7bb4a:  4c4552204552       ldb <<82>>0x0020(r4),#0x52
7bb50:  524f5200           subl rr15,<<82>>0x0000(r4)
7bb54:  65727200           set <<114>>0x0000(r7),#2
7bb58:  2020               ldb rh0,@rr2
7bb5a:  4348414e           sub r8,<<65>>0x004e(r4)
7bb5e:  4e454c203120       ext4e #0x4e454c20,<<49>>0x0020
7bb64:  4641554c           andb rh1,<<85>>0x004c(r4)
7bb68:  54006572           ldl rr0,<<101>>0x0072
7bb6c:  7200               .word #0x7200
7bb6e:  2044               ldb rh4,@rr4
7bb70:  4d4120434f4e       cp <<32>>0x0043(r4),#0x4f4e
7bb76:  54524f4c           ldl rr2,<<79>>0x004c(r5)
7bb7a:  4c4552204552       ldb <<82>>0x0020(r4),#0x52
7bb80:  524f5200           subl rr15,<<82>>0x0000(r4)
7bb84:  65727200           set <<114>>0x0000(r7),#2
7bb88:  2020               ldb rh0,@rr2
7bb8a:  4348414e           sub r8,<<65>>0x004e(r4)
7bb8e:  4e454c203020       ext4e #0x4e454c20,<<48>>0x0020
7bb94:  4641554c           andb rh1,<<85>>0x004c(r4)
7bb98:  54006572           ldl rr0,<<101>>0x0072
7bb9c:  7200               .word #0x7200
7bb9e:  2054               ldb rh4,@rr5
7bba0:  494d4552           xor r13,<<69>>0x0052(r4)
7bba4:  2045               ldb rh5,@rr4
7bba6:  52524f52           subl rr2,<<79>>0x0052(r5)
7bbaa:  65727200           set <<114>>0x0000(r7),#2
7bbae:  2054               ldb rh4,@rr5
7bbb0:  494d4552           xor r13,<<69>>0x0052(r4)
7bbb4:  2045               ldb rh5,@rr4
7bbb6:  52524f52           subl rr2,<<79>>0x0052(r5)
7bbba:  65727200           set <<114>>0x0000(r7),#2
7bbbe:  2049               ldb rl1,@rr4
7bbc0:  4e4f50204445       ext4e #0x4e4f5020,<<68>>0x0045
7bbc6:  54454354           ldl rr5,<<67>>0x0054(r4)
7bbca:  4544204f           or r4,<<32>>0x004f(r4)
7bbce:  4e20554e4954       ext4e #0x4e20554e,<<73>>0x0054
7bbd4:  20006572           ldb rh0,#0x72
7bbd8:  7200               .word #0x7200
7bbda:  0fc60ffe           ext0f #0x0fc60ffe
7bbde:  1036               cpl rr6,@rr3
7bbe0:  106e               cpl rr14,@rr6
7bbe2:  0fbe0fbe           ext0f #0x0fbe0fbe
7bbe6:  0fbe0fbe           ext0f #0x0fbe0fbe
7bbea:  10a2               cpl rr2,@rr10
7bbec:  10d6               cpl rr6,@rr13
7bbee:  110a               .word #0x110a
7bbf0:  113e               pushl @rr3,@rr14
7bbf2:  2049               ldb rl1,@rr4
7bbf4:  4e4f50204445       ext4e #0x4e4f5020,<<68>>0x0045
7bbfa:  54454354           ldl rr5,<<67>>0x0054(r4)
7bbfe:  45446572           or r4,<<101>>0x0072(r4)
7bc02:  7200               .word #0x7200
7bc04:  2049               ldb rl1,@rr4
7bc06:  4e43484f4552       ext4e #0x4e43484f,<<69>>0x0052
7bc0c:  454e5420           or r14,<<84>>0x0020(r4)
7bc10:  53544154           push @rr5,<<65>>0x0054(r4)
7bc14:  55536572           popl <<101>>0x0072(r3),@rr5
7bc18:  7200               .word #0x7200
7bc1a:  2050               ldb rh0,@rr5
7bc1c:  55204e4f           popl <<78>>0x004f,@rr2
7bc20:  54205245           ldl rr0,<<82>>0x0045(r2)
7bc24:  41445900           add r4,<<89>>0x0000(r4)
7bc28:  65727200           set <<114>>0x0000(r7),#2
7bc2c:  2046               ldb rh6,@rr4
7bc2e:  44432043           orb rh3,<<32>>0x0043(r4)
7bc32:  48415241           xorb rh1,<<82>>0x0041(r4)
7bc36:  43544552           sub r4,<<69>>0x0052(r5)
7bc3a:  2045               ldb rh5,@rr4
7bc3c:  58434841           multl rq3,<<72>>0x0041(r4)
7bc40:  4e4745204552       ext4e #0x4e474520,<<69>>0x0052
7bc46:  524f5200           subl rr15,<<82>>0x0000(r4)
7bc4a:  65727200           set <<114>>0x0000(r7),#2
7bc4e:  2049               ldb rl1,@rr4
7bc50:  4e43484f4552       ext4e #0x4e43484f,<<69>>0x0052
7bc56:  454e5420           or r14,<<84>>0x0020(r4)
7bc5a:  53544154           push @rr5,<<65>>0x0054(r4)
7bc5e:  55536572           popl <<101>>0x0072(r3),@rr5
7bc62:  7200               .word #0x7200
7bc64:  2048               ldb rl0,@rr4
7bc66:  4f4d45204552       ext4f #0x4f4d4520,<<69>>0x0052
7bc6c:  524f523a           subl rr15,<<82>>0x003a(r4)
7bc70:  2046               ldb rh6,@rr4
7bc72:  44432046           orb rh3,<<32>>0x0046(r4)
7bc76:  41554c54           add r5,<<76>>0x0054(r5)
7bc7a:  65727200           set <<114>>0x0000(r7),#2
7bc7e:  2050               ldb rh0,@rr5
7bc80:  55204e4f           popl <<78>>0x004f,@rr2
7bc84:  54205245           ldl rr0,<<82>>0x0045(r2)
7bc88:  41445900           add r4,<<89>>0x0000(r4)
7bc8c:  65727200           set <<114>>0x0000(r7),#2
7bc90:  2046               ldb rh6,@rr4
7bc92:  44432043           orb rh3,<<32>>0x0043(r4)
7bc96:  48415241           xorb rh1,<<82>>0x0041(r4)
7bc9a:  43544552           sub r4,<<69>>0x0052(r5)
7bc9e:  2045               ldb rh5,@rr4
7bca0:  58434841           multl rq3,<<72>>0x0041(r4)
7bca4:  4e4745204552       ext4e #0x4e474520,<<69>>0x0052
7bcaa:  524f5200           subl rr15,<<82>>0x0000(r4)
7bcae:  65727200           set <<114>>0x0000(r7),#2
7bcb2:  1764               pop @rr4,@rr6
7bcb4:  1764               pop @rr4,@rr6
7bcb6:  1764               pop @rr4,@rr6
7bcb8:  1764               pop @rr4,@rr6
7bcba:  1764               pop @rr4,@rr6
7bcbc:  1764               pop @rr4,@rr6
7bcbe:  1764               pop @rr4,@rr6
7bcc0:  1764               pop @rr4,@rr6
7bcc2:  175e               pop @rr14,@rr5
7bcc4:  175e               pop @rr14,@rr5
7bcc6:  17ac               pop @rr12,@rr10
7bcc8:  1886               multl rq6,@rr8
7bcca:  1960               mult rr0,@rr6
7bccc:  1a38               divl rq8,@rr3
7bcce:  1a56               divl rq6,@rr5
7bcd0:  1a90               divl rq0,@rr9
7bcd2:  175e               pop @rr14,@rr5
7bcd4:  1a38               divl rq8,@rr3
7bcd6:  1a38               divl rq8,@rr3
7bcd8:  1b64               div rr4,@rr6
7bcda:  1ba6               div rr6,@rr10
7bcdc:  2049               ldb rl1,@rr4
7bcde:  4e43484f4552       ext4e #0x4e43484f,<<69>>0x0052
7bce4:  454e5420           or r14,<<84>>0x0020(r4)
7bce8:  53544154           push @rr5,<<65>>0x0054(r4)
7bcec:  55536572           popl <<101>>0x0072(r3),@rr5
7bcf0:  7200               .word #0x7200
7bcf2:  2050               ldb rh0,@rr5
7bcf4:  55204e4f           popl <<78>>0x004f,@rr2
7bcf8:  54205245           ldl rr0,<<82>>0x0045(r2)
7bcfc:  41445900           add r4,<<89>>0x0000(r4)
7bd00:  65727200           set <<114>>0x0000(r7),#2
7bd04:  2020               ldb rh0,@rr2
7bd06:  2d2d               ex r13,@rr2
7bd08:  2020               ldb rh0,@rr2
7bd0a:  53454354           push @rr4,<<67>>0x0054(r5)
7bd0e:  3a202020           inirb @rr2,@r2,r0
7bd12:  43594c3a           sub r9,<<76>>0x003a(r5)
7bd16:  20006572           ldb rh0,#0x72
7bd1a:  7200               .word #0x7200
7bd1c:  2057               ldb rh7,@rr5
7bd1e:  524f4e47           subl rr15,<<78>>0x0047(r4)
7bd22:  2053               ldb rh3,@rr5
7bd24:  4543544f           or r3,<<84>>0x004f(r4)
7bd28:  52006572           subl rr0,<<101>>0x0072
7bd2c:  7200               .word #0x7200
7bd2e:  2020               ldb rh0,@rr2
7bd30:  2d2d               ex r13,@rr2
7bd32:  2020               ldb rh0,@rr2
7bd34:  53454354           push @rr4,<<67>>0x0054(r5)
7bd38:  3a202020           inirb @rr2,@r2,r0
7bd3c:  43594c3a           sub r9,<<76>>0x003a(r5)
7bd40:  20006572           ldb rh0,#0x72
7bd44:  7200               .word #0x7200
7bd46:  2044               ldb rh4,@rr4
7bd48:  4d41204f5645       cp <<32>>0x004f(r4),#0x5645
7bd4e:  5252554e           subl rr2,<<85>>0x004e(r5)
7bd52:  65727200           set <<114>>0x0000(r7),#2
7bd56:  2020               ldb rh0,@rr2
7bd58:  2d2d               ex r13,@rr2
7bd5a:  2020               ldb rh0,@rr2
7bd5c:  53454354           push @rr4,<<67>>0x0054(r5)
7bd60:  3a202020           inirb @rr2,@r2,r0
7bd64:  43594c3a           sub r9,<<76>>0x003a(r5)
7bd68:  20006572           ldb rh0,#0x72
7bd6c:  7200               .word #0x7200
7bd6e:  2045               ldb rh5,@rr4
7bd70:  44432045           orb rh3,<<32>>0x0045(r4)
7bd74:  52524f52           subl rr2,<<79>>0x0052(r5)
7bd78:  204f               ldb rl7,@rr4
7bd7a:  4e2049442046       ext4e #0x4e204944,<<32>>0x0046
7bd80:  49454c44           xor r5,<<76>>0x0044(r4)
7bd84:  65727200           set <<114>>0x0000(r7),#2
7bd88:  2020               ldb rh0,@rr2
7bd8a:  2d2d               ex r13,@rr2
7bd8c:  2020               ldb rh0,@rr2
7bd8e:  53454354           push @rr4,<<67>>0x0054(r5)
7bd92:  3a202020           inirb @rr2,@r2,r0
7bd96:  43594c3a           sub r9,<<76>>0x003a(r5)
7bd9a:  20006572           ldb rh0,#0x72
7bd9e:  7200               .word #0x7200
7bda0:  2045               ldb rh5,@rr4
7bda2:  44432045           orb rh3,<<32>>0x0045(r4)
7bda6:  52524f52           subl rr2,<<79>>0x0052(r5)
7bdaa:  204f               ldb rl7,@rr4
7bdac:  4e2044415441       ext4e #0x4e204441,<<84>>0x0041
7bdb2:  2046               ldb rh6,@rr4
7bdb4:  49454c44           xor r5,<<76>>0x0044(r4)
7bdb8:  65727200           set <<114>>0x0000(r7),#2
7bdbc:  2046               ldb rh6,@rr4
7bdbe:  44432043           orb rh3,<<32>>0x0043(r4)
7bdc2:  48415241           xorb rh1,<<82>>0x0041(r4)
7bdc6:  43544552           sub r4,<<69>>0x0052(r5)
7bdca:  2045               ldb rh5,@rr4
7bdcc:  58434841           multl rq3,<<72>>0x0041(r4)
7bdd0:  4e4745204552       ext4e #0x4e474520,<<69>>0x0052
7bdd6:  524f5200           subl rr15,<<82>>0x0000(r4)
7bdda:  65727200           set <<114>>0x0000(r7),#2
7bdde:  2049               ldb rl1,@rr4
7bde0:  4e43484f4552       ext4e #0x4e43484f,<<69>>0x0052
7bde6:  454e5420           or r14,<<84>>0x0020(r4)
7bdea:  53544154           push @rr5,<<65>>0x0054(r4)
7bdee:  55536572           popl <<101>>0x0072(r3),@rr5
7bdf2:  7200               .word #0x7200
7bdf4:  2042               ldb rh2,@rr4
7bdf6:  59544520           mult rr4,<<69>>0x0020(r5)
7bdfa:  5452414e           ldl rr2,<<65>>0x004e(r5)
7bdfe:  53464552           push @rr4,<<69>>0x0052(r6)
7be02:  52454420           subl rr5,<<68>>0x0020(r4)
7be06:  494e5354           xor r14,<<83>>0x0054(r4)
7be0a:  45414420           or r1,<<68>>0x0020(r4)
7be0e:  4f4620006572       ext4f #0x4f462000,<<101>>0x0072
7be14:  7200               .word #0x7200
7be16:  2044               ldb rh4,@rr4
7be18:  4d4120545241       cp <<32>>0x0054(r4),#0x5241
7be1e:  4e5346455220       ext4e #0x4e534645,<<82>>0x0020
7be24:  4e4f5420434f       ext4e #0x4e4f5420,<<67>>0x004f
7be2a:  4d504c45           com <<76>>0x0045(r5)
7be2e:  54454400           ldl rr5,<<68>>0x0000(r4)
7be32:  65727200           set <<114>>0x0000(r7),#2
7be36:  2050               ldb rh0,@rr5
7be38:  55204e4f           popl <<78>>0x004f,@rr2
7be3c:  54205245           ldl rr0,<<82>>0x0045(r2)
7be40:  41445900           add r4,<<89>>0x0000(r4)
7be44:  65727200           set <<114>>0x0000(r7),#2
7be48:  2049               ldb rl1,@rr4
7be4a:  4e43484f4552       ext4e #0x4e43484f,<<69>>0x0052
7be50:  454e5420           or r14,<<84>>0x0020(r4)
7be54:  53544154           push @rr5,<<65>>0x0054(r4)
7be58:  55536572           popl <<101>>0x0072(r3),@rr5
7be5c:  7200               .word #0x7200
7be5e:  2046               ldb rh6,@rr4
7be60:  44432043           orb rh3,<<32>>0x0043(r4)
7be64:  48415241           xorb rh1,<<82>>0x0041(r4)
7be68:  43544552           sub r4,<<69>>0x0052(r5)
7be6c:  2045               ldb rh5,@rr4
7be6e:  58434841           multl rq3,<<72>>0x0041(r4)
7be72:  4e4745204552       ext4e #0x4e474520,<<69>>0x0052
7be78:  524f5200           subl rr15,<<82>>0x0000(r4)
7be7c:  65727200           set <<114>>0x0000(r7),#2
7be80:  2049               ldb rl1,@rr4
7be82:  4e4f50204445       ext4e #0x4e4f5020,<<68>>0x0045
7be88:  54454354           ldl rr5,<<67>>0x0054(r4)
7be8c:  45446572           or r4,<<101>>0x0072(r4)
7be90:  7200               .word #0x7200
7be92:  2049               ldb rl1,@rr4
7be94:  4e43484f4552       ext4e #0x4e43484f,<<69>>0x0052
7be9a:  454e5420           or r14,<<84>>0x0020(r4)
7be9e:  53544154           push @rr5,<<65>>0x0054(r4)
7bea2:  55536572           popl <<101>>0x0072(r3),@rr5
7bea6:  7200               .word #0x7200
7bea8:  2049               ldb rl1,@rr4
7beaa:  4e43484f4552       ext4e #0x4e43484f,<<69>>0x0052
7beb0:  454e5420           or r14,<<84>>0x0020(r4)
7beb4:  53544154           push @rr5,<<65>>0x0054(r4)
7beb8:  55536572           popl <<101>>0x0072(r3),@rr5
7bebc:  7200               .word #0x7200
7bebe:  2043               ldb rh3,@rr4
7bec0:  4f4d4d414e44       ext4f #0x4f4d4d41,<<78>>0x0044
7bec6:  2041               ldb rh1,@rr4
7bec8:  424f5254           subb rl7,<<82>>0x0054(r4)
7becc:  45442043           or r4,<<32>>0x0043(r4)
7bed0:  41555345           add r5,<<83>>0x0045(r5)
7bed4:  2054               ldb rh4,@rr5
7bed6:  494d452d           xor r13,<<69>>0x002d(r4)
7beda:  4f5554006572       ext4f #0x4f555400,<<101>>0x0072
7bee0:  7200               .word #0x7200
7bee2:  2049               ldb rl1,@rr4
7bee4:  4e43484f4552       ext4e #0x4e43484f,<<69>>0x0052
7beea:  454e5420           or r14,<<84>>0x0020(r4)
7beee:  53544154           push @rr5,<<65>>0x0054(r4)
7bef2:  55536572           popl <<101>>0x0072(r3),@rr5
7bef6:  7200               .word #0x7200
7bef8:  2043               ldb rh3,@rr4
7befa:  4f4d4d414e44       ext4f #0x4f4d4d41,<<78>>0x0044
7bf00:  2041               ldb rh1,@rr4
7bf02:  424f5254           subb rl7,<<82>>0x0054(r4)
7bf06:  45442043           or r4,<<32>>0x0043(r4)
7bf0a:  41555345           add r5,<<83>>0x0045(r5)
7bf0e:  2054               ldb rh4,@rr5
7bf10:  494d452d           xor r13,<<69>>0x002d(r4)
7bf14:  4f5554006572       ext4f #0x4f555400,<<101>>0x0072
7bf1a:  7200               .word #0x7200
7bf1c:  00000000           addb rh0,#0x00
7bf20:  00002020           addb rh0,#0x20
7bf24:  2020               ldb rh0,@rr2
7bf26:  726f7574           ldb rr6(r5),rl7
7bf2a:  5f74               .word #0x5f74
7bf2c:  696d7374           inc <<115>>0x0074(r6),#14
7bf30:  6172743a           ld r2,<<116>>0x003a(r7)
7bf34:  2030               ldb rh0,@rr3
7bf36:  31202020           ld r0,rr2(#0x2020)
7bf3a:  2072               ldb rh2,@rr7
7bf3c:  6f75745f           ld <<116>>0x005f(r7),r5
7bf40:  74696d73           lda rr9,rr6(r13)
7bf44:  74617274           lda rr1,rr6(r2)
7bf48:  3a203032           inirb @rr3,@r2,r0
7bf4c:  2020               ldb rh0,@rr2
7bf4e:  2020               ldb rh0,@rr2
7bf50:  726f7574           ldb rr6(r5),rl7
7bf54:  5f74               .word #0x5f74
7bf56:  696d6c65           inc <<108>>0x0065(r6),#14
7bf5a:  6767693a           bit <<105>>0x003a(r6),#7
7bf5e:  2030               ldb rh0,@rr3
7bf60:  31000181           ldr r0,0xc0e5
7bf64:  100001010000       cpl rr0,#0x01010000
7bf6a:  00000015           addb rh0,#0x15
7bf6e:  00000000           addb rh0,#0x00
7bf72:  00000000           addb rh0,#0x00
7bf76:  00000000           addb rh0,#0x00
7bf7a:  00000000           addb rh0,#0x00
7bf7e:  00000000           addb rh0,#0x00
7bf82:  00000000           addb rh0,#0x00
7bf86:  00000000           addb rh0,#0x00
7bf8a:  00000000           addb rh0,#0x00
7bf8e:  00000000           addb rh0,#0x00
7bf92:  00000000           addb rh0,#0x00
7bf96:  00000000           addb rh0,#0x00
7bf9a:  00000000           addb rh0,#0x00
7bf9e:  00000000           addb rh0,#0x00
7bfa2:  00000000           addb rh0,#0x00
7bfa6:  00000000           addb rh0,#0x00
7bfaa:  00000000           addb rh0,#0x00
7bfae:  00000000           addb rh0,#0x00
7bfb2:  00000000           addb rh0,#0x00
7bfb6:  00000000           addb rh0,#0x00
7bfba:  00000000           addb rh0,#0x00
7bfbe:  00000000           addb rh0,#0x00
7bfc2:  00000000           addb rh0,#0x00
7bfc6:  00000000           addb rh0,#0x00
7bfca:  00000000           addb rh0,#0x00
7bfce:  00000000           addb rh0,#0x00
7bfd2:  00000000           addb rh0,#0x00
7bfd6:  00000000           addb rh0,#0x00
7bfda:  00000000           addb rh0,#0x00
7bfde:  00000000           addb rh0,#0x00
7bfe2:  00000000           addb rh0,#0x00
7bfe6:  00000000           addb rh0,#0x00
7bfea:  00000000           addb rh0,#0x00
7bfee:  00000000           addb rh0,#0x00
7bff2:  00000000           addb rh0,#0x00
7bff6:  00000000           addb rh0,#0x00
7bffa:  00000000           addb rh0,#0x00
7bffe:  00000000           addb rh0,#0x00
7c002:  00000000           addb rh0,#0x00
7c006:  00000000           addb rh0,#0x00
7c00a:  00000000           addb rh0,#0x00
7c00e:  00000000           addb rh0,#0x00
7c012:  00000000           addb rh0,#0x00
7c016:  00000000           addb rh0,#0x00
7c01a:  00000000           addb rh0,#0x00
7c01e:  00000000           addb rh0,#0x00
7c022:  00000000           addb rh0,#0x00
7c026:  00000000           addb rh0,#0x00
7c02a:  00000000           addb rh0,#0x00
7c02e:  00000000           addb rh0,#0x00
7c032:  00000000           addb rh0,#0x00
7c036:  00000000           addb rh0,#0x00
7c03a:  00000000           addb rh0,#0x00
7c03e:  00000000           addb rh0,#0x00
7c042:  00000000           addb rh0,#0x00
7c046:  00000000           addb rh0,#0x00
7c04a:  00000000           addb rh0,#0x00
7c04e:  00000000           addb rh0,#0x00
7c052:  00000000           addb rh0,#0x00
7c056:  00000000           addb rh0,#0x00
7c05a:  00000000           addb rh0,#0x00
7c05e:  00000000           addb rh0,#0x00
7c062:  00000000           addb rh0,#0x00
7c066:  00000000           addb rh0,#0x00
7c06a:  00000000           addb rh0,#0x00
7c06e:  00000000           addb rh0,#0x00
7c072:  00000000           addb rh0,#0x00
7c076:  00000000           addb rh0,#0x00
7c07a:  00000000           addb rh0,#0x00
7c07e:  00000000           addb rh0,#0x00
7c082:  00000000           addb rh0,#0x00
7c086:  00000000           addb rh0,#0x00
7c08a:  00000000           addb rh0,#0x00
7c08e:  00000000           addb rh0,#0x00
7c092:  00000000           addb rh0,#0x00
7c096:  00000000           addb rh0,#0x00
7c09a:  00000000           addb rh0,#0x00
7c09e:  00000000           addb rh0,#0x00
7c0a2:  00000000           addb rh0,#0x00
7c0a6:  00000000           addb rh0,#0x00
7c0aa:  00000000           addb rh0,#0x00
7c0ae:  00000000           addb rh0,#0x00
7c0b2:  00000000           addb rh0,#0x00
7c0b6:  00000000           addb rh0,#0x00
7c0ba:  00000000           addb rh0,#0x00
7c0be:  00000000           addb rh0,#0x00
7c0c2:  00000000           addb rh0,#0x00
7c0c6:  00000000           addb rh0,#0x00
7c0ca:  00000000           addb rh0,#0x00
7c0ce:  00000000           addb rh0,#0x00
7c0d2:  00000000           addb rh0,#0x00
7c0d6:  00000000           addb rh0,#0x00
7c0da:  00000000           addb rh0,#0x00
7c0de:  00000000           addb rh0,#0x00
7c0e2:  00000000           addb rh0,#0x00
7c0e6:  00000000           addb rh0,#0x00
7c0ea:  00000000           addb rh0,#0x00
7c0ee:  00000000           addb rh0,#0x00
7c0f2:  00000000           addb rh0,#0x00
7c0f6:  00000000           addb rh0,#0x00
7c0fa:  00000000           addb rh0,#0x00
7c0fe:  00000000           addb rh0,#0x00
7c102:  00000000           addb rh0,#0x00
7c106:  00000000           addb rh0,#0x00
7c10a:  00000000           addb rh0,#0x00
7c10e:  00000000           addb rh0,#0x00
7c112:  00000000           addb rh0,#0x00
7c116:  00000000           addb rh0,#0x00
7c11a:  00000000           addb rh0,#0x00
7c11e:  00000000           addb rh0,#0x00
7c122:  00000000           addb rh0,#0x00
7c126:  00000000           addb rh0,#0x00
7c12a:  00000000           addb rh0,#0x00
7c12e:  00000000           addb rh0,#0x00
7c132:  00000000           addb rh0,#0x00
7c136:  00000000           addb rh0,#0x00
7c13a:  00000000           addb rh0,#0x00
7c13e:  00000000           addb rh0,#0x00
7c142:  00000000           addb rh0,#0x00
7c146:  00000000           addb rh0,#0x00
7c14a:  00000000           addb rh0,#0x00
7c14e:  00000000           addb rh0,#0x00
7c152:  00000000           addb rh0,#0x00
7c156:  00000000           addb rh0,#0x00
7c15a:  00000000           addb rh0,#0x00
7c15e:  00000000           addb rh0,#0x00
7c162:  00000000           addb rh0,#0x00
7c166:  00000000           addb rh0,#0x00
7c16a:  00000000           addb rh0,#0x00
7c16e:  00000000           addb rh0,#0x00
7c172:  00000000           addb rh0,#0x00
7c176:  00000000           addb rh0,#0x00
7c17a:  00000000           addb rh0,#0x00
7c17e:  00000000           addb rh0,#0x00
7c182:  00000000           addb rh0,#0x00
7c186:  00000000           addb rh0,#0x00
7c18a:  00000000           addb rh0,#0x00
7c18e:  00000000           addb rh0,#0x00
7c192:  00000000           addb rh0,#0x00
7c196:  00000000           addb rh0,#0x00
7c19a:  00000000           addb rh0,#0x00
7c19e:  00000000           addb rh0,#0x00
7c1a2:  00000000           addb rh0,#0x00
7c1a6:  00000000           addb rh0,#0x00
7c1aa:  00000000           addb rh0,#0x00
7c1ae:  00000000           addb rh0,#0x00
7c1b2:  00000000           addb rh0,#0x00
7c1b6:  00000000           addb rh0,#0x00
7c1ba:  00000000           addb rh0,#0x00
7c1be:  00000000           addb rh0,#0x00
7c1c2:  00000000           addb rh0,#0x00
7c1c6:  00000000           addb rh0,#0x00
7c1ca:  00000000           addb rh0,#0x00
7c1ce:  00000000           addb rh0,#0x00
7c1d2:  00000000           addb rh0,#0x00
7c1d6:  00000000           addb rh0,#0x00
7c1da:  00000000           addb rh0,#0x00
7c1de:  00000000           addb rh0,#0x00
7c1e2:  00000000           addb rh0,#0x00
7c1e6:  00000000           addb rh0,#0x00
7c1ea:  00000000           addb rh0,#0x00
7c1ee:  00000000           addb rh0,#0x00
7c1f2:  00000000           addb rh0,#0x00
7c1f6:  00000000           addb rh0,#0x00
7c1fa:  00000000           addb rh0,#0x00
7c1fe:  00000000           addb rh0,#0x00
7c202:  00000000           addb rh0,#0x00
7c206:  00000000           addb rh0,#0x00
7c20a:  00000000           addb rh0,#0x00
7c20e:  00000000           addb rh0,#0x00
7c212:  00000000           addb rh0,#0x00
7c216:  00000000           addb rh0,#0x00
7c21a:  00000000           addb rh0,#0x00
7c21e:  00000000           addb rh0,#0x00
7c222:  00000000           addb rh0,#0x00
7c226:  00000000           addb rh0,#0x00
7c22a:  00000000           addb rh0,#0x00
7c22e:  00000000           addb rh0,#0x00
7c232:  00000000           addb rh0,#0x00
7c236:  00000000           addb rh0,#0x00
7c23a:  00000000           addb rh0,#0x00
7c23e:  00000000           addb rh0,#0x00
7c242:  00000000           addb rh0,#0x00
7c246:  00000000           addb rh0,#0x00
7c24a:  00000000           addb rh0,#0x00
7c24e:  00000000           addb rh0,#0x00
7c252:  00000000           addb rh0,#0x00
7c256:  00000000           addb rh0,#0x00
7c25a:  00000000           addb rh0,#0x00
7c25e:  00000000           addb rh0,#0x00
7c262:  00000000           addb rh0,#0x00
7c266:  00000000           addb rh0,#0x00
7c26a:  00000000           addb rh0,#0x00
7c26e:  00000000           addb rh0,#0x00
7c272:  00000000           addb rh0,#0x00
7c276:  00000000           addb rh0,#0x00
7c27a:  00000000           addb rh0,#0x00
7c27e:  00000000           addb rh0,#0x00
7c282:  00000000           addb rh0,#0x00
7c286:  00000000           addb rh0,#0x00
7c28a:  00000000           addb rh0,#0x00
7c28e:  00000000           addb rh0,#0x00
7c292:  00000000           addb rh0,#0x00
7c296:  00000000           addb rh0,#0x00
7c29a:  00000000           addb rh0,#0x00
7c29e:  00000000           addb rh0,#0x00
7c2a2:  00000000           addb rh0,#0x00
7c2a6:  00000000           addb rh0,#0x00
7c2aa:  00000000           addb rh0,#0x00
7c2ae:  00000000           addb rh0,#0x00
7c2b2:  00000000           addb rh0,#0x00
7c2b6:  00000000           addb rh0,#0x00
7c2ba:  00000000           addb rh0,#0x00
7c2be:  00000000           addb rh0,#0x00
7c2c2:  00000000           addb rh0,#0x00
7c2c6:  00000000           addb rh0,#0x00
7c2ca:  00000000           addb rh0,#0x00
7c2ce:  00000000           addb rh0,#0x00
7c2d2:  00000000           addb rh0,#0x00
7c2d6:  00000000           addb rh0,#0x00
7c2da:  00000000           addb rh0,#0x00
7c2de:  00000000           addb rh0,#0x00
7c2e2:  00000000           addb rh0,#0x00
7c2e6:  00000000           addb rh0,#0x00
7c2ea:  00000000           addb rh0,#0x00
7c2ee:  00000000           addb rh0,#0x00
7c2f2:  00000000           addb rh0,#0x00
7c2f6:  00000000           addb rh0,#0x00
7c2fa:  00000000           addb rh0,#0x00
7c2fe:  00000000           addb rh0,#0x00
7c302:  00000000           addb rh0,#0x00
7c306:  00000000           addb rh0,#0x00
7c30a:  00000000           addb rh0,#0x00
7c30e:  00000000           addb rh0,#0x00
7c312:  00000000           addb rh0,#0x00
7c316:  00000000           addb rh0,#0x00
7c31a:  00000000           addb rh0,#0x00
7c31e:  00000000           addb rh0,#0x00
7c322:  00000000           addb rh0,#0x00
7c326:  00000000           addb rh0,#0x00
7c32a:  00000000           addb rh0,#0x00
7c32e:  00000000           addb rh0,#0x00
7c332:  00000000           addb rh0,#0x00
7c336:  00000000           addb rh0,#0x00
7c33a:  00000000           addb rh0,#0x00
7c33e:  00000000           addb rh0,#0x00
7c342:  00000000           addb rh0,#0x00
7c346:  00000000           addb rh0,#0x00
7c34a:  00000000           addb rh0,#0x00
7c34e:  00000000           addb rh0,#0x00
7c352:  00000000           addb rh0,#0x00
7c356:  00000000           addb rh0,#0x00
7c35a:  00000000           addb rh0,#0x00
7c35e:  00000000           addb rh0,#0x00
7c362:  00000000           addb rh0,#0x00
7c366:  00000000           addb rh0,#0x00
7c36a:  00000000           addb rh0,#0x00
7c36e:  00000000           addb rh0,#0x00
7c372:  00000000           addb rh0,#0x00
7c376:  00000000           addb rh0,#0x00
7c37a:  00000000           addb rh0,#0x00
7c37e:  00000000           addb rh0,#0x00
7c382:  00000000           addb rh0,#0x00
7c386:  00000000           addb rh0,#0x00
7c38a:  00000000           addb rh0,#0x00
7c38e:  00000000           addb rh0,#0x00
7c392:  00000000           addb rh0,#0x00
7c396:  00000000           addb rh0,#0x00
7c39a:  00000000           addb rh0,#0x00
7c39e:  00000000           addb rh0,#0x00
7c3a2:  00000000           addb rh0,#0x00
7c3a6:  00000000           addb rh0,#0x00
7c3aa:  00000000           addb rh0,#0x00
7c3ae:  00000000           addb rh0,#0x00
7c3b2:  00000000           addb rh0,#0x00
7c3b6:  00000000           addb rh0,#0x00
7c3ba:  00000000           addb rh0,#0x00
7c3be:  00000000           addb rh0,#0x00
7c3c2:  00000000           addb rh0,#0x00
7c3c6:  00000000           addb rh0,#0x00
7c3ca:  00000000           addb rh0,#0x00
7c3ce:  00000000           addb rh0,#0x00
7c3d2:  00000000           addb rh0,#0x00
7c3d6:  00000000           addb rh0,#0x00
7c3da:  00000000           addb rh0,#0x00
7c3de:  00000000           addb rh0,#0x00
7c3e2:  00000000           addb rh0,#0x00
7c3e6:  00000000           addb rh0,#0x00
7c3ea:  00000000           addb rh0,#0x00
7c3ee:  00000000           addb rh0,#0x00
7c3f2:  00000000           addb rh0,#0x00
7c3f6:  00000000           addb rh0,#0x00
7c3fa:  00000000           addb rh0,#0x00
7c3fe:  00000000           addb rh0,#0x00
7c402:  00000000           addb rh0,#0x00
7c406:  00000000           addb rh0,#0x00
7c40a:  00000000           addb rh0,#0x00
7c40e:  00000000           addb rh0,#0x00
7c412:  00000000           addb rh0,#0x00
7c416:  00000000           addb rh0,#0x00
7c41a:  00000000           addb rh0,#0x00
7c41e:  00000000           addb rh0,#0x00
7c422:  00000000           addb rh0,#0x00
7c426:  00000000           addb rh0,#0x00
7c42a:  00000000           addb rh0,#0x00
7c42e:  00000000           addb rh0,#0x00
7c432:  00000000           addb rh0,#0x00
7c436:  00000000           addb rh0,#0x00
7c43a:  00000000           addb rh0,#0x00
7c43e:  00000000           addb rh0,#0x00
7c442:  00000000           addb rh0,#0x00
7c446:  00000000           addb rh0,#0x00
7c44a:  00000000           addb rh0,#0x00
7c44e:  00000000           addb rh0,#0x00
7c452:  00000000           addb rh0,#0x00
7c456:  00000000           addb rh0,#0x00
7c45a:  00000000           addb rh0,#0x00
7c45e:  00000000           addb rh0,#0x00
7c462:  00000000           addb rh0,#0x00
7c466:  00000000           addb rh0,#0x00
7c46a:  00000000           addb rh0,#0x00
7c46e:  00000000           addb rh0,#0x00
7c472:  00000000           addb rh0,#0x00
7c476:  00000000           addb rh0,#0x00
7c47a:  00000000           addb rh0,#0x00
7c47e:  00000000           addb rh0,#0x00
7c482:  00000000           addb rh0,#0x00
7c486:  00000000           addb rh0,#0x00
7c48a:  00000000           addb rh0,#0x00
7c48e:  00000000           addb rh0,#0x00
7c492:  00000000           addb rh0,#0x00
7c496:  00000000           addb rh0,#0x00
7c49a:  00000000           addb rh0,#0x00
7c49e:  00000000           addb rh0,#0x00
7c4a2:  00000000           addb rh0,#0x00
7c4a6:  00000000           addb rh0,#0x00
7c4aa:  00000000           addb rh0,#0x00
7c4ae:  00000000           addb rh0,#0x00
7c4b2:  00000000           addb rh0,#0x00
7c4b6:  00000000           addb rh0,#0x00
7c4ba:  00000000           addb rh0,#0x00
7c4be:  00000000           addb rh0,#0x00
7c4c2:  00000000           addb rh0,#0x00
7c4c6:  00000000           addb rh0,#0x00
7c4ca:  00000000           addb rh0,#0x00
7c4ce:  00000000           addb rh0,#0x00
7c4d2:  00000000           addb rh0,#0x00
7c4d6:  00000000           addb rh0,#0x00
7c4da:  00000000           addb rh0,#0x00
7c4de:  00000000           addb rh0,#0x00
7c4e2:  00000000           addb rh0,#0x00
7c4e6:  00000000           addb rh0,#0x00
7c4ea:  00000000           addb rh0,#0x00
7c4ee:  00000000           addb rh0,#0x00
7c4f2:  00000000           addb rh0,#0x00
7c4f6:  00000000           addb rh0,#0x00
7c4fa:  00000000           addb rh0,#0x00
7c4fe:  00000000           addb rh0,#0x00
7c502:  00000000           addb rh0,#0x00
7c506:  00000000           addb rh0,#0x00
7c50a:  00000000           addb rh0,#0x00
7c50e:  00000000           addb rh0,#0x00
7c512:  00000000           addb rh0,#0x00
7c516:  00000000           addb rh0,#0x00
7c51a:  00000000           addb rh0,#0x00
7c51e:  00000000           addb rh0,#0x00
7c522:  00000000           addb rh0,#0x00
7c526:  00000000           addb rh0,#0x00
7c52a:  00000000           addb rh0,#0x00
7c52e:  00000000           addb rh0,#0x00
7c532:  00000000           addb rh0,#0x00
7c536:  00000000           addb rh0,#0x00
7c53a:  00000000           addb rh0,#0x00
7c53e:  00000000           addb rh0,#0x00
7c542:  00000000           addb rh0,#0x00
7c546:  00000000           addb rh0,#0x00
7c54a:  00000000           addb rh0,#0x00
7c54e:  00000000           addb rh0,#0x00
7c552:  00000000           addb rh0,#0x00
7c556:  00000000           addb rh0,#0x00
7c55a:  00000000           addb rh0,#0x00
7c55e:  00000000           addb rh0,#0x00
7c562:  00000000           addb rh0,#0x00
7c566:  00000000           addb rh0,#0x00
7c56a:  00000000           addb rh0,#0x00
7c56e:  00000000           addb rh0,#0x00
7c572:  00000000           addb rh0,#0x00
7c576:  00000000           addb rh0,#0x00
7c57a:  00000000           addb rh0,#0x00
7c57e:  00000000           addb rh0,#0x00
7c582:  00000000           addb rh0,#0x00
7c586:  00000000           addb rh0,#0x00
7c58a:  00000000           addb rh0,#0x00
7c58e:  00000000           addb rh0,#0x00
7c592:  00000000           addb rh0,#0x00
7c596:  00000000           addb rh0,#0x00
7c59a:  00000000           addb rh0,#0x00
7c59e:  00000000           addb rh0,#0x00
7c5a2:  00000000           addb rh0,#0x00
7c5a6:  00000000           addb rh0,#0x00
7c5aa:  00000000           addb rh0,#0x00
7c5ae:  00000000           addb rh0,#0x00
7c5b2:  00000000           addb rh0,#0x00
7c5b6:  00000000           addb rh0,#0x00
7c5ba:  00000000           addb rh0,#0x00
7c5be:  00000000           addb rh0,#0x00
7c5c2:  00000000           addb rh0,#0x00
7c5c6:  00000000           addb rh0,#0x00
7c5ca:  00000000           addb rh0,#0x00
7c5ce:  00000000           addb rh0,#0x00
7c5d2:  00000000           addb rh0,#0x00
7c5d6:  00000000           addb rh0,#0x00
7c5da:  00000000           addb rh0,#0x00
7c5de:  00000000           addb rh0,#0x00
7c5e2:  00000000           addb rh0,#0x00
7c5e6:  00000000           addb rh0,#0x00
7c5ea:  00000000           addb rh0,#0x00
7c5ee:  00000000           addb rh0,#0x00
7c5f2:  00000000           addb rh0,#0x00
7c5f6:  00000000           addb rh0,#0x00
7c5fa:  00000000           addb rh0,#0x00
7c5fe:  00000000           addb rh0,#0x00
7c602:  00000000           addb rh0,#0x00
7c606:  00000000           addb rh0,#0x00
7c60a:  00000000           addb rh0,#0x00
7c60e:  00000000           addb rh0,#0x00
7c612:  00000000           addb rh0,#0x00
7c616:  00000000           addb rh0,#0x00
7c61a:  00000000           addb rh0,#0x00
7c61e:  00000000           addb rh0,#0x00
7c622:  00000000           addb rh0,#0x00
7c626:  00000000           addb rh0,#0x00
7c62a:  00000000           addb rh0,#0x00
7c62e:  00000000           addb rh0,#0x00
7c632:  00000000           addb rh0,#0x00
7c636:  00000000           addb rh0,#0x00
7c63a:  00000000           addb rh0,#0x00
7c63e:  00000000           addb rh0,#0x00
7c642:  00000000           addb rh0,#0x00
7c646:  00000000           addb rh0,#0x00
7c64a:  00000000           addb rh0,#0x00
7c64e:  00000000           addb rh0,#0x00
7c652:  00000000           addb rh0,#0x00
7c656:  00000000           addb rh0,#0x00
7c65a:  00000000           addb rh0,#0x00
7c65e:  00000000           addb rh0,#0x00
7c662:  00000000           addb rh0,#0x00
7c666:  00000000           addb rh0,#0x00
7c66a:  00000000           addb rh0,#0x00
7c66e:  00000000           addb rh0,#0x00
7c672:  00000000           addb rh0,#0x00
7c676:  00000000           addb rh0,#0x00
7c67a:  00000000           addb rh0,#0x00
7c67e:  00000000           addb rh0,#0x00
7c682:  00000000           addb rh0,#0x00
7c686:  00000000           addb rh0,#0x00
7c68a:  00000000           addb rh0,#0x00
7c68e:  00000000           addb rh0,#0x00
7c692:  00000000           addb rh0,#0x00
7c696:  00000000           addb rh0,#0x00
7c69a:  00000000           addb rh0,#0x00
7c69e:  00000000           addb rh0,#0x00
7c6a2:  00000000           addb rh0,#0x00
7c6a6:  00000000           addb rh0,#0x00
7c6aa:  00000000           addb rh0,#0x00
7c6ae:  00000000           addb rh0,#0x00
7c6b2:  00000000           addb rh0,#0x00
7c6b6:  00000000           addb rh0,#0x00
7c6ba:  00000000           addb rh0,#0x00
7c6be:  00000000           addb rh0,#0x00
7c6c2:  00000000           addb rh0,#0x00
7c6c6:  00000000           addb rh0,#0x00
7c6ca:  00000000           addb rh0,#0x00
7c6ce:  00000000           addb rh0,#0x00
7c6d2:  00000000           addb rh0,#0x00
7c6d6:  00000000           addb rh0,#0x00
7c6da:  00000000           addb rh0,#0x00
7c6de:  00000000           addb rh0,#0x00
7c6e2:  00000000           addb rh0,#0x00
7c6e6:  00000000           addb rh0,#0x00
7c6ea:  00000000           addb rh0,#0x00
7c6ee:  00000000           addb rh0,#0x00
7c6f2:  00000000           addb rh0,#0x00
7c6f6:  00000000           addb rh0,#0x00
7c6fa:  00000000           addb rh0,#0x00
7c6fe:  00000000           addb rh0,#0x00
7c702:  00000000           addb rh0,#0x00
7c706:  00000000           addb rh0,#0x00
7c70a:  00000000           addb rh0,#0x00
7c70e:  00000000           addb rh0,#0x00
7c712:  00000000           addb rh0,#0x00
7c716:  00000000           addb rh0,#0x00
7c71a:  00000000           addb rh0,#0x00
7c71e:  00000000           addb rh0,#0x00
7c722:  00000000           addb rh0,#0x00
7c726:  00000000           addb rh0,#0x00
7c72a:  00000000           addb rh0,#0x00
7c72e:  00000000           addb rh0,#0x00
7c732:  00000000           addb rh0,#0x00
7c736:  00000000           addb rh0,#0x00
7c73a:  00000000           addb rh0,#0x00
7c73e:  00000000           addb rh0,#0x00
7c742:  00000000           addb rh0,#0x00
7c746:  00000000           addb rh0,#0x00
7c74a:  00000000           addb rh0,#0x00
7c74e:  00000000           addb rh0,#0x00
7c752:  00000000           addb rh0,#0x00
7c756:  00000000           addb rh0,#0x00
7c75a:  00000000           addb rh0,#0x00
7c75e:  00000000           addb rh0,#0x00
7c762:  00000000           addb rh0,#0x00
7c766:  00000000           addb rh0,#0x00
7c76a:  00000000           addb rh0,#0x00
7c76e:  00000000           addb rh0,#0x00
7c772:  00000000           addb rh0,#0x00
7c776:  00000000           addb rh0,#0x00
7c77a:  00000000           addb rh0,#0x00
7c77e:  00000000           addb rh0,#0x00
