49300:  1bbc               div rr12,@rr11
49302:  6eff1906           ldb <<25>>0x0006(r15),rl7
49306:  4cf41906           testb <<25>>0x0006(r15)
4930a:  ee4c               jr nz,0x93a4
4930c:  76028400434c       lda rr2,<<4>>0x434c
49312:  5f00840019bc       call <<4>>0x19bc
49318:  6eff1920           ldb <<25>>0x0020(r15),rl7
4931c:  69f0191e           inc <<25>>0x001e(r15),#1
49320:  4cf119204141       cpb <<25>>0x0020(r15),#0x41
49326:  e721               jr c,0x936a
49328:  4cf119204646       cpb <<25>>0x0020(r15),#0x46
4932e:  eb1d               jr ugt,0x936a
49330:  60f91920           ldb rl1,<<25>>0x0020(r15)
49334:  8c18               clrb rh1
49336:  01010020           add r1,#0x0020
4933a:  0b010000           cp r1,#0x0000
4933e:  e103               jr lt,0x9346
49340:  0b0100ff           cp r1,#0x00ff
49344:  e205               jr le,0x9350
49346:  21020012           ld r2,#0x0012
4934a:  5f00840033f6       call <<4>>0x33f6
49350:  8c18               clrb rh1
49352:  0b010000           cp r1,#0x0000
49356:  e103               jr lt,0x935e
49358:  0b0100ff           cp r1,#0x00ff
4935c:  e204               jr le,0x9366
4935e:  bd2e               ldk r2,#14
49360:  5f00840033f6       call <<4>>0x33f6
49366:  6ef91920           ldb <<25>>0x0020(r15),rl1
4936a:  60f91920           ldb rl1,<<25>>0x0020(r15)
4936e:  8c18               clrb rh1
49370:  0b010000           cp r1,#0x0000
49374:  e103               jr lt,0x937c
49376:  0b0100ff           cp r1,#0x00ff
4937a:  e204               jr le,0x9384
4937c:  bd2e               ldk r2,#14
4937e:  5f00840033f6       call <<4>>0x33f6
49384:  61f2191e           ld r2,<<25>>0x001e(r15)
49388:  0b020001           cp r2,#0x0001
4938c:  e103               jr lt,0x9394
4938e:  0b020028           cp r2,#0x0028
49392:  e204               jr le,0x939c
49394:  bd2d               ldk r2,#13
49396:  5f00840033f6       call <<4>>0x33f6
4939c:  81f2               add r2,r15
4939e:  6e291921           ldb <<25>>0x0021(r2),rl1
493a2:  e8a9               jr 0x92f6
493a4:  76028400434c       lda rr2,<<4>>0x434c
493aa:  5f0084001a0c       call <<4>>0x1a0c
493b0:  4df1191e0000       cp <<25>>0x001e(r15),#0x0000
493b6:  5e02a100c8b4       jp le,<<33>>0xc8b4
493bc:  21010020           ld r1,#0x0020
493c0:  0b010000           cp r1,#0x0000
493c4:  e103               jr lt,0x93cc
493c6:  0b0100ff           cp r1,#0x00ff
493ca:  e204               jr le,0x93d4
493cc:  bd2e               ldk r2,#14
493ce:  5f00840033f6       call <<4>>0x33f6
493d4:  61f2191e           ld r2,<<25>>0x001e(r15)
493d8:  a920               inc r2,#1
493da:  0b020001           cp r2,#0x0001
493de:  e103               jr lt,0x93e6
493e0:  0b020028           cp r2,#0x0028
493e4:  e204               jr le,0x93ee
493e6:  bd2d               ldk r2,#13
493e8:  5f00840033f6       call <<4>>0x33f6
493ee:  81f2               add r2,r15
493f0:  6e291921           ldb <<25>>0x0021(r2),rl1
493f4:  bd10               ldk r1,#0
493f6:  0b010000           cp r1,#0x0000
493fa:  e103               jr lt,0x9402
493fc:  0b010003           cp r1,#0x0003
49400:  e204               jr le,0x940a
49402:  bd2e               ldk r2,#14
49404:  5f00840033f6       call <<4>>0x33f6
4940a:  6ef9194b           ldb <<25>>0x004b(r15),rl1
4940e:  61f1191e           ld r1,<<25>>0x001e(r15)
49412:  6ff11908           ld <<25>>0x0008(r15),r1
49416:  4df5191c0001       ld <<25>>0x001c(r15),#0x0001
4941c:  5e08a100c800       jp <<33>>0xc800
49422:  61f1191c           ld r1,<<25>>0x001c(r15)
49426:  0b010001           cp r1,#0x0001
4942a:  e103               jr lt,0x9432
4942c:  0b010028           cp r1,#0x0028
49430:  e204               jr le,0x943a
49432:  bd2d               ldk r2,#13
49434:  5f00840033f6       call <<4>>0x33f6
4943a:  81f1               add r1,r15
4943c:  60191921           ldb rl1,<<25>>0x0021(r1)
49440:  8c18               clrb rh1
49442:  0b010000           cp r1,#0x0000
49446:  e103               jr lt,0x944e
49448:  0b0100ff           cp r1,#0x00ff
4944c:  e204               jr le,0x9456
4944e:  bd2e               ldk r2,#14
49450:  5f00840033f6       call <<4>>0x33f6
49456:  6ef91920           ldb <<25>>0x0020(r15),rl1
4945a:  60f9194b           ldb rl1,<<25>>0x004b(r15)
4945e:  b110               extsb r1
49460:  0b010000           cp r1,#0x0000
49464:  ee38               jr nz,0x94d6
49466:  4cf119203030       cpb <<25>>0x0020(r15),#0x30
4946c:  e704               jr c,0x9476
4946e:  4cf119203939       cpb <<25>>0x0020(r15),#0x39
49474:  e30e               jr ule,0x9492
49476:  4cf119206161       cpb <<25>>0x0020(r15),#0x61
4947c:  e704               jr c,0x9486
4947e:  4cf119206666       cpb <<25>>0x0020(r15),#0x66
49484:  e306               jr ule,0x9492
49486:  4cf119202a2a       cpb <<25>>0x0020(r15),#0x2a
4948c:  e602               jr z,0x9492
4948e:  c901               ldb rl1,#0x01
49490:  e801               jr 0x9494
49492:  c900               ldb rl1,#0x00
49494:  b110               extsb r1
49496:  0b010000           cp r1,#0x0000
4949a:  e103               jr lt,0x94a2
4949c:  0b010001           cp r1,#0x0001
494a0:  e204               jr le,0x94aa
494a2:  bd2e               ldk r2,#14
494a4:  5f00840033f6       call <<4>>0x33f6
494aa:  6ef9194a           ldb <<25>>0x004a(r15),rl1
494ae:  4cf119202a2a       cpb <<25>>0x0020(r15),#0x2a
494b4:  ee0d               jr nz,0x94d0
494b6:  bd13               ldk r1,#3
494b8:  0b010000           cp r1,#0x0000
494bc:  e103               jr lt,0x94c4
494be:  0b010003           cp r1,#0x0003
494c2:  e204               jr le,0x94cc
494c4:  bd2e               ldk r2,#14
494c6:  5f00840033f6       call <<4>>0x33f6
494cc:  6ef9194b           ldb <<25>>0x004b(r15),rl1
494d0:  5e08a100c7f4       jp <<33>>0xc7f4
494d6:  0b010001           cp r1,#0x0001
494da:  ee2e               jr nz,0x9538
494dc:  4cf119203030       cpb <<25>>0x0020(r15),#0x30
494e2:  e704               jr c,0x94ec
494e4:  4cf119203939       cpb <<25>>0x0020(r15),#0x39
494ea:  e306               jr ule,0x94f8
494ec:  4cf119202c2c       cpb <<25>>0x0020(r15),#0x2c
494f2:  e602               jr z,0x94f8
494f4:  c901               ldb rl1,#0x01
494f6:  e801               jr 0x94fa
494f8:  c900               ldb rl1,#0x00
494fa:  b110               extsb r1
494fc:  0b010000           cp r1,#0x0000
49500:  e103               jr lt,0x9508
49502:  0b010001           cp r1,#0x0001
49506:  e204               jr le,0x9510
49508:  bd2e               ldk r2,#14
4950a:  5f00840033f6       call <<4>>0x33f6
49510:  6ef9194a           ldb <<25>>0x004a(r15),rl1
49514:  4cf119202c2c       cpb <<25>>0x0020(r15),#0x2c
4951a:  ee0d               jr nz,0x9536
4951c:  bd12               ldk r1,#2
4951e:  0b010000           cp r1,#0x0000
49522:  e103               jr lt,0x952a
49524:  0b010003           cp r1,#0x0003
49528:  e204               jr le,0x9532
4952a:  bd2e               ldk r2,#14
4952c:  5f00840033f6       call <<4>>0x33f6
49532:  6ef9194b           ldb <<25>>0x004b(r15),rl1
49536:  e85e               jr 0x95f4
49538:  0b010003           cp r1,#0x0003
4953c:  ee26               jr nz,0x958a
4953e:  4cf119203030       cpb <<25>>0x0020(r15),#0x30
49544:  e704               jr c,0x954e
49546:  4cf119203939       cpb <<25>>0x0020(r15),#0x39
4954c:  e302               jr ule,0x9552
4954e:  c901               ldb rl1,#0x01
49550:  e801               jr 0x9554
49552:  c900               ldb rl1,#0x00
49554:  b110               extsb r1
49556:  0b010000           cp r1,#0x0000
4955a:  e103               jr lt,0x9562
4955c:  0b010001           cp r1,#0x0001
49560:  e204               jr le,0x956a
49562:  bd2e               ldk r2,#14
49564:  5f00840033f6       call <<4>>0x33f6
4956a:  6ef9194a           ldb <<25>>0x004a(r15),rl1
4956e:  bd11               ldk r1,#1
49570:  0b010000           cp r1,#0x0000
49574:  e103               jr lt,0x957c
49576:  0b010003           cp r1,#0x0003
4957a:  e204               jr le,0x9584
4957c:  bd2e               ldk r2,#14
4957e:  5f00840033f6       call <<4>>0x33f6
49584:  6ef9194b           ldb <<25>>0x004b(r15),rl1
49588:  e835               jr 0x95f4
4958a:  0b010002           cp r1,#0x0002
4958e:  ee2e               jr nz,0x95ec
49590:  4cf119203030       cpb <<25>>0x0020(r15),#0x30
49596:  e704               jr c,0x95a0
49598:  4cf119203939       cpb <<25>>0x0020(r15),#0x39
4959e:  e30a               jr ule,0x95b4
495a0:  4cf119206161       cpb <<25>>0x0020(r15),#0x61
495a6:  e704               jr c,0x95b0
495a8:  4cf119206666       cpb <<25>>0x0020(r15),#0x66
495ae:  e302               jr ule,0x95b4
495b0:  c901               ldb rl1,#0x01
495b2:  e801               jr 0x95b6
495b4:  c900               ldb rl1,#0x00
495b6:  b110               extsb r1
495b8:  0b010000           cp r1,#0x0000
495bc:  e103               jr lt,0x95c4
495be:  0b010001           cp r1,#0x0001
495c2:  e204               jr le,0x95cc
495c4:  bd2e               ldk r2,#14
495c6:  5f00840033f6       call <<4>>0x33f6
495cc:  6ef9194a           ldb <<25>>0x004a(r15),rl1
495d0:  bd10               ldk r1,#0
495d2:  0b010000           cp r1,#0x0000
495d6:  e103               jr lt,0x95de
495d8:  0b010003           cp r1,#0x0003
495dc:  e204               jr le,0x95e6
495de:  bd2e               ldk r2,#14
495e0:  5f00840033f6       call <<4>>0x33f6
495e6:  6ef9194b           ldb <<25>>0x004b(r15),rl1
495ea:  e804               jr 0x95f4
495ec:  bd20               ldk r2,#0
495ee:  5f00840033f6       call <<4>>0x33f6
495f4:  4cf4194a           testb <<25>>0x004a(r15)
495f8:  e601               jr z,0x95fc
495fa:  e809               jr 0x960e
495fc:  69f0191c           inc <<25>>0x001c(r15),#1
49600:  61f1191c           ld r1,<<25>>0x001c(r15)
49604:  4bf11908           cp r1,<<25>>0x0008(r15)
49608:  5e02a100c622       jp le,<<33>>0xc622
4960e:  4cf1194b0303       cpb <<25>>0x004b(r15),#0x03
49614:  e604               jr z,0x961e
49616:  4cf1194b0202       cpb <<25>>0x004b(r15),#0x02
4961c:  ee11               jr nz,0x9640
4961e:  bd11               ldk r1,#1
49620:  0b010000           cp r1,#0x0000
49624:  e103               jr lt,0x962c
49626:  0b010001           cp r1,#0x0001
4962a:  e204               jr le,0x9634
4962c:  bd2e               ldk r2,#14
4962e:  5f00840033f6       call <<4>>0x33f6
49634:  6ef9194a           ldb <<25>>0x004a(r15),rl1
49638:  61f1191e           ld r1,<<25>>0x001e(r15)
4963c:  6ff1191c           ld <<25>>0x001c(r15),r1
49640:  4cf4194a           testb <<25>>0x004a(r15)
49644:  e637               jr z,0x96b4
49646:  7602840042f0       lda rr2,<<4>>0x42f0
4964c:  bd40               ldk r4,#0
4964e:  bd53               ldk r5,#3
49650:  7606a100ec7e       lda rr6,<<33>>0xec7e
49656:  5f008400285a       call <<4>>0x285a
4965c:  6bf0191c           dec <<25>>0x001c(r15),#1
49660:  61f1191c           ld r1,<<25>>0x001c(r15)
49664:  6ff11908           ld <<25>>0x0008(r15),r1
49668:  4df5191a0001       ld <<25>>0x001a(r15),#0x0001
4966e:  e817               jr 0x969e
49670:  7602840042f0       lda rr2,<<4>>0x42f0
49676:  61f1191a           ld r1,<<25>>0x001a(r15)
4967a:  0b010001           cp r1,#0x0001
4967e:  e103               jr lt,0x9686
49680:  0b010028           cp r1,#0x0028
49684:  e204               jr le,0x968e
49686:  bd2d               ldk r2,#13
49688:  5f00840033f6       call <<4>>0x33f6
4968e:  81f1               add r1,r15
49690:  601c1921           ldb rl4,<<25>>0x0021(r1)
49694:  5f00840010b8       call <<4>>0x10b8
4969a:  69f0191a           inc <<25>>0x001a(r15),#1
4969e:  61f1191a           ld r1,<<25>>0x001a(r15)
496a2:  4bf11908           cp r1,<<25>>0x0008(r15)
496a6:  e2e4               jr le,0x9670
496a8:  7602840042f0       lda rr2,<<4>>0x42f0
496ae:  5f00840011f6       call <<4>>0x11f6
496b4:  4df4191e           test <<25>>0x001e(r15)
496b8:  e605               jr z,0x96c4
496ba:  4cf4194a           testb <<25>>0x004a(r15)
496be:  5e0ea100c490       jp nz,<<33>>0xc490
496c4:  7602840042f0       lda rr2,<<4>>0x42f0
496ca:  bd40               ldk r4,#0
496cc:  bd53               ldk r5,#3
496ce:  7606a100ec7a       lda rr6,<<33>>0xec7a
496d4:  5f008400285a       call <<4>>0x285a
496da:  7602840042f0       lda rr2,<<4>>0x42f0
496e0:  2104ffff           ld r4,#0xffff
496e4:  21050028           ld r5,#0x0028
496e8:  7606a100ec52       lda rr6,<<33>>0xec52
496ee:  5f008400285a       call <<4>>0x285a
496f4:  7602840042f0       lda rr2,<<4>>0x42f0
496fa:  5f00840011f6       call <<4>>0x11f6
49700:  4df1191e0000       cp <<25>>0x001e(r15),#0x0000
49706:  c900               ldb rl1,#0x00
49708:  ae9a               tccb gt,rl1
4970a:  b110               extsb r1
4970c:  0b010000           cp r1,#0x0000
49710:  e103               jr lt,0x9718
49712:  0b010001           cp r1,#0x0001
49716:  e204               jr le,0x9720
49718:  bd2e               ldk r2,#14
4971a:  5f00840033f6       call <<4>>0x33f6
49720:  6ef91916           ldb <<25>>0x0016(r15),rl1
49724:  34ec0022           lda rr12,rr14(#0x0022)
49728:  54fa190a           ldl rr10,<<25>>0x000a(r15)
4972c:  21010014           ld r1,#0x0014
49730:  bbc101a0           ldir @rr10,@rr12,r1
49734:  60ff1916           ldb rl7,<<25>>0x0016(r15)
49738:  010f004c           add r15,#0x004c
4973c:  9e08               ret 
4973e:  030f001a           sub r15,#0x001a
49742:  0de5001e           ld @rr14,#0x001e
49746:  54fc1920           ldl rr12,<<25>>0x0020(r15)
4974a:  010dfb88           add r13,#0xfb88
4974e:  6bd09900046c       dec <<25>>0x046c(r13),#1
49754:  54fc1920           ldl rr12,<<25>>0x0020(r15)
49758:  010dfb88           add r13,#0xfb88
4975c:  31c1046c           ld r1,rr12(#0x046c)
49760:  6ff11908           ld <<25>>0x0008(r15),r1
49764:  4df81918           clr <<25>>0x0018(r15)
49768:  e86f               jr 0x9848
4976a:  54fc1920           ldl rr12,<<25>>0x0020(r15)
4976e:  010dfb88           add r13,#0xfb88
49772:  61d1193e           ld r1,<<25>>0x003e(r13)
49776:  6ff11906           ld <<25>>0x0006(r15),r1
4977a:  4df519160001       ld <<25>>0x0016(r15),#0x0001
49780:  e85c               jr 0x983a
49782:  54fc1920           ldl rr12,<<25>>0x0020(r15)
49786:  010dfb88           add r13,#0xfb88
4978a:  61dd193e           ld r13,<<25>>0x003e(r13)
4978e:  59fc1918           mult rr12,<<25>>0x0018(r15)
49792:  41fd1916           add r13,<<25>>0x0016(r15)
49796:  54fa1920           ldl rr10,<<25>>0x0020(r15)
4979a:  010bfb88           add r11,#0xfb88
4979e:  41bd9900046e       add r13,<<25>>0x046e(r11)
497a4:  54fa1920           ldl rr10,<<25>>0x0020(r15)
497a8:  010bfb88           add r11,#0xfb88
497ac:  33ad0470           ld rr10(#0x0470),r13
497b0:  54fc1920           ldl rr12,<<25>>0x0020(r15)
497b4:  010dfb88           add r13,#0xfb88
497b8:  31c10470           ld r1,rr12(#0x0470)
497bc:  54fc1920           ldl rr12,<<25>>0x0020(r15)
497c0:  010dfb88           add r13,#0xfb88
497c4:  4bd11912           cp r1,<<25>>0x0012(r13)
497c8:  ea36               jr gt,0x9836
497ca:  61f11916           ld r1,<<25>>0x0016(r15)
497ce:  0b010001           cp r1,#0x0001
497d2:  e103               jr lt,0x97da
497d4:  0b010028           cp r1,#0x0028
497d8:  e204               jr le,0x97e2
497da:  bd2d               ldk r2,#13
497dc:  5f00840033f6       call <<4>>0x33f6
497e2:  54fc1920           ldl rr12,<<25>>0x0020(r15)
497e6:  010dfb88           add r13,#0xfb88
497ea:  811d               add r13,r1
497ec:  60d999000441       ldb rl1,<<25>>0x0441(r13)
497f2:  8c18               clrb rh1
497f4:  0b010000           cp r1,#0x0000
497f8:  e103               jr lt,0x9800
497fa:  0b0100ff           cp r1,#0x00ff
497fe:  e204               jr le,0x9808
49800:  bd2e               ldk r2,#14
49802:  5f00840033f6       call <<4>>0x33f6
49808:  54fc1920           ldl rr12,<<25>>0x0020(r15)
4980c:  010dfb88           add r13,#0xfb88
49810:  31c20470           ld r2,rr12(#0x0470)
49814:  0b020001           cp r2,#0x0001
49818:  e103               jr lt,0x9820
4981a:  0b020400           cp r2,#0x0400
4981e:  e204               jr le,0x9828
49820:  bd2d               ldk r2,#13
49822:  5f00840033f6       call <<4>>0x33f6
49828:  54fc1920           ldl rr12,<<25>>0x0020(r15)
4982c:  010dfb88           add r13,#0xfb88
49830:  812d               add r13,r2
49832:  6ed91941           ldb <<25>>0x0041(r13),rl1
49836:  69f01916           inc <<25>>0x0016(r15),#1
4983a:  61f11916           ld r1,<<25>>0x0016(r15)
4983e:  4bf11906           cp r1,<<25>>0x0006(r15)
49842:  e29f               jr le,0x9782
49844:  69f01918           inc <<25>>0x0018(r15),#1
49848:  61f11918           ld r1,<<25>>0x0018(r15)
4984c:  4bf11908           cp r1,<<25>>0x0008(r15)
49850:  e28c               jr le,0x976a
49852:  010f001a           add r15,#0x001a
49856:  9e08               ret 
49858:  030f0016           sub r15,#0x0016
4985c:  0de5001a           ld @rr14,#0x001a
49860:  54fc191c           ldl rr12,<<25>>0x001c(r15)
49864:  010dfb88           add r13,#0xfb88
49868:  31c10470           ld r1,rr12(#0x0470)
4986c:  a910               inc r1,#1
4986e:  54fc191c           ldl rr12,<<25>>0x001c(r15)
49872:  010dfb88           add r13,#0xfb88
49876:  33c1046e           ld rr12(#0x046e),r1
4987a:  54fc191c           ldl rr12,<<25>>0x001c(r15)
4987e:  010dfb88           add r13,#0xfb88
49882:  31c1046e           ld r1,rr12(#0x046e)
49886:  54fc191c           ldl rr12,<<25>>0x001c(r15)
4988a:  010dfb88           add r13,#0xfb88
4988e:  61d21912           ld r2,<<25>>0x0012(r13)
49892:  6ff21906           ld <<25>>0x0006(r15),r2
49896:  6ff11914           ld <<25>>0x0014(r15),r1
4989a:  e839               jr 0x990e
4989c:  61f11914           ld r1,<<25>>0x0014(r15)
498a0:  54fc191c           ldl rr12,<<25>>0x001c(r15)
498a4:  010dfb88           add r13,#0xfb88
498a8:  43d1193e           sub r1,<<25>>0x003e(r13)
498ac:  0b010001           cp r1,#0x0001
498b0:  e103               jr lt,0x98b8
498b2:  0b010400           cp r1,#0x0400
498b6:  e204               jr le,0x98c0
498b8:  bd2d               ldk r2,#13
498ba:  5f00840033f6       call <<4>>0x33f6
498c0:  54fc191c           ldl rr12,<<25>>0x001c(r15)
498c4:  010dfb88           add r13,#0xfb88
498c8:  811d               add r13,r1
498ca:  60d91941           ldb rl1,<<25>>0x0041(r13)
498ce:  8c18               clrb rh1
498d0:  0b010000           cp r1,#0x0000
498d4:  e103               jr lt,0x98dc
498d6:  0b0100ff           cp r1,#0x00ff
498da:  e204               jr le,0x98e4
498dc:  bd2e               ldk r2,#14
498de:  5f00840033f6       call <<4>>0x33f6
498e4:  61f21914           ld r2,<<25>>0x0014(r15)
498e8:  0b020001           cp r2,#0x0001
498ec:  e103               jr lt,0x98f4
498ee:  0b020400           cp r2,#0x0400
498f2:  e204               jr le,0x98fc
498f4:  bd2d               ldk r2,#13
498f6:  5f00840033f6       call <<4>>0x33f6
498fc:  54fc191c           ldl rr12,<<25>>0x001c(r15)
49900:  010dfb88           add r13,#0xfb88
49904:  812d               add r13,r2
49906:  6ed91941           ldb <<25>>0x0041(r13),rl1
4990a:  69f01914           inc <<25>>0x0014(r15),#1
4990e:  61f11914           ld r1,<<25>>0x0014(r15)
49912:  4bf11906           cp r1,<<25>>0x0006(r15)
49916:  e2c2               jr le,0x989c
49918:  010f0016           add r15,#0x0016
4991c:  9e08               ret 
4991e:  33effb8e           ld rr14(#0xfb8e),r15
49922:  030f0472           sub r15,#0x0472
49926:  0de50476           ld @rr14,#0x0476
4992a:  5cf902051908       ldm <<25>>0x0008(r15),r2,#6
49930:  54fc190c           ldl rr12,<<25>>0x000c(r15)
49934:  34ea0014           lda rr10,rr14(#0x0014)
49938:  21010014           ld r1,#0x0014
4993c:  bbc101a0           ldir @rr10,@rr12,r1
49940:  61f11912           ld r1,<<25>>0x0012(r15)
49944:  8111               add r1,r1
49946:  6ff11912           ld <<25>>0x0012(r15),r1
4994a:  4df81940           clr <<25>>0x0040(r15)
4994e:  4df8193e           clr <<25>>0x003e(r15)
49952:  bd11               ldk r1,#1
49954:  0b010000           cp r1,#0x0000
49958:  e103               jr lt,0x9960
4995a:  0b010001           cp r1,#0x0001
4995e:  e204               jr le,0x9968
49960:  bd2e               ldk r2,#14
49962:  5f00840033f6       call <<4>>0x33f6
49968:  32e9046a           ldb rr14(#0x046a),rl1
4996c:  4df89900046e       clr <<25>>0x046e(r15)
49972:  4df89900046c       clr <<25>>0x046c(r15)
49978:  69f01940           inc <<25>>0x0040(r15),#1
4997c:  61f11940           ld r1,<<25>>0x0040(r15)
49980:  0b010001           cp r1,#0x0001
49984:  e103               jr lt,0x998c
49986:  0b010028           cp r1,#0x0028
4998a:  e204               jr le,0x9994
4998c:  bd2d               ldk r2,#13
4998e:  5f00840033f6       call <<4>>0x33f6
49994:  81f1               add r1,r15
49996:  60191913           ldb rl1,<<25>>0x0013(r1)
4999a:  8c18               clrb rh1
4999c:  0b01002a           cp r1,#0x002a
499a0:  ee10               jr nz,0x99c2
499a2:  bd10               ldk r1,#0
499a4:  0b010000           cp r1,#0x0000
499a8:  e103               jr lt,0x99b0
499aa:  0b010001           cp r1,#0x0001
499ae:  e204               jr le,0x99b8
499b0:  bd2e               ldk r2,#14
499b2:  5f00840033f6       call <<4>>0x33f6
499b8:  32e9046a           ldb rr14(#0x046a),rl1
499bc:  5e08a100cd02       jp <<33>>0xcd02
499c2:  0b01002c           cp r1,#0x002c
499c6:  ee1e               jr nz,0x9a04
499c8:  34ec0478           lda rr12,rr14(#0x0478)
499cc:  5dfc1902           ldl <<25>>0x0002(r15),rr12
499d0:  5f00a100c93e       call <<33>>0xc93e
499d6:  31e10470           ld r1,rr14(#0x0470)
499da:  33e1046e           ld rr14(#0x046e),r1
499de:  bd11               ldk r1,#1
499e0:  0b010000           cp r1,#0x0000
499e4:  e103               jr lt,0x99ec
499e6:  0b010001           cp r1,#0x0001
499ea:  e204               jr le,0x99f4
499ec:  bd2e               ldk r2,#14
499ee:  5f00840033f6       call <<4>>0x33f6
499f4:  32e9046a           ldb rr14(#0x046a),rl1
499f8:  4df8193e           clr <<25>>0x003e(r15)
499fc:  4df89900046c       clr <<25>>0x046c(r15)
49a02:  e87f               jr 0x9b02
49a04:  0b010020           cp r1,#0x0020
49a08:  ee31               jr nz,0x9a6c
49a0a:  4df49900046c       test <<25>>0x046c(r15)
49a10:  ee1a               jr nz,0x9a46
49a12:  61f11912           ld r1,<<25>>0x0012(r15)
49a16:  43f19900046e       sub r1,<<25>>0x046e(r15)
49a1c:  a11d               ld r13,r1
49a1e:  b1ca               exts rr12
49a20:  5bfc193e           div rr12,<<25>>0x003e(r15)
49a24:  33ed046c           ld rr14(#0x046c),r13
49a28:  34ec0478           lda rr12,rr14(#0x0478)
49a2c:  5dfc1902           ldl <<25>>0x0002(r15),rr12
49a30:  5f00a100c93e       call <<33>>0xc93e
49a36:  34ec0478           lda rr12,rr14(#0x0478)
49a3a:  5dfc1902           ldl <<25>>0x0002(r15),rr12
49a3e:  5f00a100ca58       call <<33>>0xca58
49a44:  e812               jr 0x9a6a
49a46:  34ec0478           lda rr12,rr14(#0x0478)
49a4a:  5dfc1902           ldl <<25>>0x0002(r15),rr12
49a4e:  5f00a100c93e       call <<33>>0xc93e
49a54:  31e10470           ld r1,rr14(#0x0470)
49a58:  6ff1193e           ld <<25>>0x003e(r15),r1
49a5c:  34ec0478           lda rr12,rr14(#0x0478)
49a60:  5dfc1902           ldl <<25>>0x0002(r15),rr12
49a64:  5f00a100ca58       call <<33>>0xca58
49a6a:  e84b               jr 0x9b02
49a6c:  4cf49900046a       testb <<25>>0x046a(r15)
49a72:  e62d               jr z,0x9ace
49a74:  69f0193e           inc <<25>>0x003e(r15),#1
49a78:  61f11940           ld r1,<<25>>0x0040(r15)
49a7c:  0b010001           cp r1,#0x0001
49a80:  e103               jr lt,0x9a88
49a82:  0b010028           cp r1,#0x0028
49a86:  e204               jr le,0x9a90
49a88:  bd2d               ldk r2,#13
49a8a:  5f00840033f6       call <<4>>0x33f6
49a90:  81f1               add r1,r15
49a92:  60191913           ldb rl1,<<25>>0x0013(r1)
49a96:  8c18               clrb rh1
49a98:  0b010000           cp r1,#0x0000
49a9c:  e103               jr lt,0x9aa4
49a9e:  0b0100ff           cp r1,#0x00ff
49aa2:  e204               jr le,0x9aac
49aa4:  bd2e               ldk r2,#14
49aa6:  5f00840033f6       call <<4>>0x33f6
49aac:  61f2193e           ld r2,<<25>>0x003e(r15)
49ab0:  0b020001           cp r2,#0x0001
49ab4:  e103               jr lt,0x9abc
49ab6:  0b020028           cp r2,#0x0028
49aba:  e204               jr le,0x9ac4
49abc:  bd2d               ldk r2,#13
49abe:  5f00840033f6       call <<4>>0x33f6
49ac4:  81f2               add r2,r15
49ac6:  6e2999000441       ldb <<25>>0x0441(r2),rl1
49acc:  e81a               jr 0x9b02
49ace:  61fd9900046c       ld r13,<<25>>0x046c(r15)
49ad4:  190c000a           mult rr12,#0x000a
49ad8:  61f11940           ld r1,<<25>>0x0040(r15)
49adc:  0b010001           cp r1,#0x0001
49ae0:  e103               jr lt,0x9ae8
49ae2:  0b010028           cp r1,#0x0028
49ae6:  e204               jr le,0x9af0
49ae8:  bd2d               ldk r2,#13
49aea:  5f00840033f6       call <<4>>0x33f6
49af0:  81f1               add r1,r15
49af2:  60191913           ldb rl1,<<25>>0x0013(r1)
49af6:  8c18               clrb rh1
49af8:  811d               add r13,r1
49afa:  010dffd0           add r13,#0xffd0
49afe:  33ed046c           ld rr14(#0x046c),r13
49b02:  61f11940           ld r1,<<25>>0x0040(r15)
49b06:  0b010001           cp r1,#0x0001
49b0a:  e103               jr lt,0x9b12
49b0c:  0b010028           cp r1,#0x0028
49b10:  e204               jr le,0x9b1a
49b12:  bd2d               ldk r2,#13
49b14:  5f00840033f6       call <<4>>0x33f6
49b1a:  81f1               add r1,r15
49b1c:  4c1119132020       cpb <<25>>0x0013(r1),#0x20
49b22:  5e0ea100cb78       jp nz,<<33>>0xcb78
49b28:  61f21912           ld r2,<<25>>0x0012(r15)
49b2c:  34e40042           lda rr4,rr14(#0x0042)
49b30:  54f61908           ldl rr6,<<25>>0x0008(r15)
49b34:  5f008400456a       call <<4>>0x456a
49b3a:  61f11912           ld r1,<<25>>0x0012(r15)
49b3e:  8d14               test r1
49b40:  ed02               jr pl,0x9b46
49b42:  8d12               neg r1
49b44:  a51f               set r1,#15
49b46:  b311ffff           srl r1,#1
49b4a:  a71e               bit r1,#14
49b4c:  e602               jr z,0x9b52
49b4e:  a31e               res r1,#14
49b50:  8d12               neg r1
49b52:  6ff11912           ld <<25>>0x0012(r15),r1
49b56:  61f11910           ld r1,<<25>>0x0010(r15)
49b5a:  ab10               dec r1,#1
49b5c:  6ff11906           ld <<25>>0x0006(r15),r1
49b60:  4df519400001       ld <<25>>0x0040(r15),#0x0001
49b66:  e825               jr 0x9bb2
49b68:  bd10               ldk r1,#0
49b6a:  0b010000           cp r1,#0x0000
49b6e:  e103               jr lt,0x9b76
49b70:  0b017fff           cp r1,#0x7fff
49b74:  e204               jr le,0x9b7e
49b76:  bd2d               ldk r2,#13
49b78:  5f00840033f6       call <<4>>0x33f6
49b7e:  54fc1908           ldl rr12,<<25>>0x0008(r15)
49b82:  811d               add r13,r1
49b84:  61fb1940           ld r11,<<25>>0x0040(r15)
49b88:  59fa1912           mult rr10,<<25>>0x0012(r15)
49b8c:  0b0b0000           cp r11,#0x0000
49b90:  e103               jr lt,0x9b98
49b92:  0b0b7fff           cp r11,#0x7fff
49b96:  e204               jr le,0x9ba0
49b98:  bd2d               ldk r2,#13
49b9a:  5f00840033f6       call <<4>>0x33f6
49ba0:  54f81908           ldl rr8,<<25>>0x0008(r15)
49ba4:  81b9               add r9,r11
49ba6:  61f11912           ld r1,<<25>>0x0012(r15)
49baa:  bac10180           ldirb @rr8,@rr12,r1
49bae:  69f01940           inc <<25>>0x0040(r15),#1
49bb2:  61f11940           ld r1,<<25>>0x0040(r15)
49bb6:  4bf11906           cp r1,<<25>>0x0006(r15)
49bba:  e2d6               jr le,0x9b68
49bbc:  010f0472           add r15,#0x0472
49bc0:  9e08               ret 
49bc2:  030f0026           sub r15,#0x0026
49bc6:  0de5002a           ld @rr14,#0x002a
49bca:  5cf902051908       ldm <<25>>0x0008(r15),r2,#6
49bd0:  54fc1930           ldl rr12,<<25>>0x0030(r15)
49bd4:  34ea0014           lda rr10,rr14(#0x0014)
49bd8:  bd15               ldk r1,#5
49bda:  bbc101a0           ldir @rr10,@rr12,r1
49bde:  4df8191e           clr <<25>>0x001e(r15)
49be2:  61f1190c           ld r1,<<25>>0x000c(r15)
49be6:  6ff11906           ld <<25>>0x0006(r15),r1
49bea:  4df519200001       ld <<25>>0x0020(r15),#0x0001
49bf0:  5e08a100cf58       jp <<33>>0xcf58
49bf6:  61f1190e           ld r1,<<25>>0x000e(r15)
49bfa:  8d14               test r1
49bfc:  ed02               jr pl,0x9c02
49bfe:  8d12               neg r1
49c00:  a51f               set r1,#15
49c02:  b311fff8           srl r1,#8
49c06:  a717               bit r1,#7
49c08:  e602               jr z,0x9c0e
49c0a:  a317               res r1,#7
49c0c:  8d12               neg r1
49c0e:  6ff11924           ld <<25>>0x0024(r15),r1
49c12:  61f1190e           ld r1,<<25>>0x000e(r15)
49c16:  070100ff           and r1,#0x00ff
49c1a:  6ff11922           ld <<25>>0x0022(r15),r1
49c1e:  4df119220080       cp <<25>>0x0022(r15),#0x0080
49c24:  e106               jr lt,0x9c32
49c26:  61f11922           ld r1,<<25>>0x0022(r15)
49c2a:  0101ff00           add r1,#0xff00
49c2e:  6ff11922           ld <<25>>0x0022(r15),r1
49c32:  61f11924           ld r1,<<25>>0x0024(r15)
49c36:  0b01ff80           cp r1,#0xff80
49c3a:  e103               jr lt,0x9c42
49c3c:  0b01007f           cp r1,#0x007f
49c40:  e204               jr le,0x9c4a
49c42:  bd2e               ldk r2,#14
49c44:  5f00840033f6       call <<4>>0x33f6
49c4a:  61f2191e           ld r2,<<25>>0x001e(r15)
49c4e:  0b020000           cp r2,#0x0000
49c52:  e103               jr lt,0x9c5a
49c54:  0b027fff           cp r2,#0x7fff
49c58:  e204               jr le,0x9c62
49c5a:  bd2d               ldk r2,#13
49c5c:  5f00840033f6       call <<4>>0x33f6
49c62:  54fc1908           ldl rr12,<<25>>0x0008(r15)
49c66:  812d               add r13,r2
49c68:  2ec9               ldb @rr12,rl1
49c6a:  61f11922           ld r1,<<25>>0x0022(r15)
49c6e:  0b01ff80           cp r1,#0xff80
49c72:  e103               jr lt,0x9c7a
49c74:  0b01007f           cp r1,#0x007f
49c78:  e204               jr le,0x9c82
49c7a:  bd2e               ldk r2,#14
49c7c:  5f00840033f6       call <<4>>0x33f6
49c82:  61f2191e           ld r2,<<25>>0x001e(r15)
49c86:  a920               inc r2,#1
49c88:  0b020000           cp r2,#0x0000
49c8c:  e103               jr lt,0x9c94
49c8e:  0b027fff           cp r2,#0x7fff
49c92:  e204               jr le,0x9c9c
49c94:  bd2d               ldk r2,#13
49c96:  5f00840033f6       call <<4>>0x33f6
49c9c:  54fc1908           ldl rr12,<<25>>0x0008(r15)
49ca0:  812d               add r13,r2
49ca2:  2ec9               ldb @rr12,rl1
49ca4:  61f11910           ld r1,<<25>>0x0010(r15)
49ca8:  0b01ff80           cp r1,#0xff80
49cac:  e103               jr lt,0x9cb4
49cae:  0b01007f           cp r1,#0x007f
49cb2:  e204               jr le,0x9cbc
49cb4:  bd2e               ldk r2,#14
49cb6:  5f00840033f6       call <<4>>0x33f6
49cbc:  61f2191e           ld r2,<<25>>0x001e(r15)
49cc0:  a921               inc r2,#2
49cc2:  0b020000           cp r2,#0x0000
49cc6:  e103               jr lt,0x9cce
49cc8:  0b027fff           cp r2,#0x7fff
49ccc:  e204               jr le,0x9cd6
49cce:  bd2d               ldk r2,#13
49cd0:  5f00840033f6       call <<4>>0x33f6
49cd6:  54fc1908           ldl rr12,<<25>>0x0008(r15)
49cda:  812d               add r13,r2
49cdc:  2ec9               ldb @rr12,rl1
49cde:  61f11912           ld r1,<<25>>0x0012(r15)
49ce2:  0b01ff80           cp r1,#0xff80
49ce6:  e103               jr lt,0x9cee
49ce8:  0b01007f           cp r1,#0x007f
49cec:  e204               jr le,0x9cf6
49cee:  bd2e               ldk r2,#14
49cf0:  5f00840033f6       call <<4>>0x33f6
49cf6:  61f2191e           ld r2,<<25>>0x001e(r15)
49cfa:  a922               inc r2,#3
49cfc:  0b020000           cp r2,#0x0000
49d00:  e103               jr lt,0x9d08
49d02:  0b027fff           cp r2,#0x7fff
49d06:  e204               jr le,0x9d10
49d08:  bd2d               ldk r2,#13
49d0a:  5f00840033f6       call <<4>>0x33f6
49d10:  54fc1908           ldl rr12,<<25>>0x0008(r15)
49d14:  812d               add r13,r2
49d16:  2ec9               ldb @rr12,rl1
49d18:  61f1191c           ld r1,<<25>>0x001c(r15)
49d1c:  41f1191e           add r1,<<25>>0x001e(r15)
49d20:  6ff1191e           ld <<25>>0x001e(r15),r1
49d24:  69f01912           inc <<25>>0x0012(r15),#1
49d28:  61f11912           ld r1,<<25>>0x0012(r15)
49d2c:  4bf1191a           cp r1,<<25>>0x001a(r15)
49d30:  e211               jr le,0x9d54
49d32:  61f11918           ld r1,<<25>>0x0018(r15)
49d36:  6ff11912           ld <<25>>0x0012(r15),r1
49d3a:  69f01910           inc <<25>>0x0010(r15),#1
49d3e:  61f11910           ld r1,<<25>>0x0010(r15)
49d42:  4bf11916           cp r1,<<25>>0x0016(r15)
49d46:  e206               jr le,0x9d54
49d48:  61f11914           ld r1,<<25>>0x0014(r15)
49d4c:  6ff11910           ld <<25>>0x0010(r15),r1
49d50:  69f0190e           inc <<25>>0x000e(r15),#1
49d54:  69f01920           inc <<25>>0x0020(r15),#1
49d58:  61f11920           ld r1,<<25>>0x0020(r15)
49d5c:  4bf11906           cp r1,<<25>>0x0006(r15)
49d60:  5e02a100cdf6       jp le,<<33>>0xcdf6
49d66:  010f0026           add r15,#0x0026
49d6a:  9e08               ret 
49d6c:  030f0016           sub r15,#0x0016
49d70:  0de5001a           ld @rr14,#0x001a
49d74:  5cf902051906       ldm <<25>>0x0006(r15),r2,#6
49d7a:  61f11910           ld r1,<<25>>0x0010(r15)
49d7e:  a11d               ld r13,r1
49d80:  b1ca               exts rr12
49d82:  61fb190e           ld r11,<<25>>0x000e(r15)
49d86:  b1aa               exts rr10
49d88:  98c8               multl rq8,rr12
49d8a:  5dfa1912           ldl <<25>>0x0012(r15),rr10
49d8e:  54f21906           ldl rr2,<<25>>0x0006(r15)
49d92:  54f4190a           ldl rr4,<<25>>0x000a(r15)
49d96:  54f61912           ldl rr6,<<25>>0x0012(r15)
49d9a:  5f00a100d21c       call <<33>>0xd21c
49da0:  010f0016           add r15,#0x0016
49da4:  9e08               ret 
49da6:  030f0024           sub r15,#0x0024
49daa:  0de50028           ld @rr14,#0x0028
49dae:  5cf90205190c       ldm <<25>>0x000c(r15),r2,#6
49db4:  61f11914           ld r1,<<25>>0x0014(r15)
49db8:  ab10               dec r1,#1
49dba:  6ff11920           ld <<25>>0x0020(r15),r1
49dbe:  4df81918           clr <<25>>0x0018(r15)
49dc2:  4df5191e7fff       ld <<25>>0x001e(r15),#0x7fff
49dc8:  61f11920           ld r1,<<25>>0x0020(r15)
49dcc:  6ff1190a           ld <<25>>0x000a(r15),r1
49dd0:  4df81922           clr <<25>>0x0022(r15)
49dd4:  e828               jr 0x9e26
49dd6:  61f11922           ld r1,<<25>>0x0022(r15)
49dda:  0b010000           cp r1,#0x0000
49dde:  e103               jr lt,0x9de6
49de0:  0b017fff           cp r1,#0x7fff
49de4:  e204               jr le,0x9dee
49de6:  bd2d               ldk r2,#13
49de8:  5f00840033f6       call <<4>>0x33f6
49dee:  54fc190c           ldl rr12,<<25>>0x000c(r15)
49df2:  811d               add r13,r1
49df4:  61f11922           ld r1,<<25>>0x0022(r15)
49df8:  0b010000           cp r1,#0x0000
49dfc:  e103               jr lt,0x9e04
49dfe:  0b017fff           cp r1,#0x7fff
49e02:  e204               jr le,0x9e0c
49e04:  bd2d               ldk r2,#13
49e06:  5f00840033f6       call <<4>>0x33f6
49e0c:  54fa1910           ldl rr10,<<25>>0x0010(r15)
49e10:  811b               add r11,r1
49e12:  20c9               ldb rl1,@rr12
49e14:  0aa9               cpb rl1,@rr10
49e16:  e605               jr z,0x9e22
49e18:  61f11922           ld r1,<<25>>0x0022(r15)
49e1c:  6ff1191e           ld <<25>>0x001e(r15),r1
49e20:  e807               jr 0x9e30
49e22:  69f01922           inc <<25>>0x0022(r15),#1
49e26:  61f11922           ld r1,<<25>>0x0022(r15)
49e2a:  4bf1190a           cp r1,<<25>>0x000a(r15)
49e2e:  e2d3               jr le,0x9dd6
49e30:  4df1191e7fff       cp <<25>>0x001e(r15),#0x7fff
49e36:  5e06a100d1f8       jp z,<<33>>0xd1f8
49e3c:  4df5191c7fff       ld <<25>>0x001c(r15),#0x7fff
49e42:  61f11920           ld r1,<<25>>0x0020(r15)
49e46:  61f2191e           ld r2,<<25>>0x001e(r15)
49e4a:  6ff2190a           ld <<25>>0x000a(r15),r2
49e4e:  6ff11922           ld <<25>>0x0022(r15),r1
49e52:  e828               jr 0x9ea4
49e54:  61f11922           ld r1,<<25>>0x0022(r15)
49e58:  0b010000           cp r1,#0x0000
49e5c:  e103               jr lt,0x9e64
49e5e:  0b017fff           cp r1,#0x7fff
49e62:  e204               jr le,0x9e6c
49e64:  bd2d               ldk r2,#13
49e66:  5f00840033f6       call <<4>>0x33f6
49e6c:  54fc190c           ldl rr12,<<25>>0x000c(r15)
49e70:  811d               add r13,r1
49e72:  61f11922           ld r1,<<25>>0x0022(r15)
49e76:  0b010000           cp r1,#0x0000
49e7a:  e103               jr lt,0x9e82
49e7c:  0b017fff           cp r1,#0x7fff
49e80:  e204               jr le,0x9e8a
49e82:  bd2d               ldk r2,#13
49e84:  5f00840033f6       call <<4>>0x33f6
49e8a:  54fa1910           ldl rr10,<<25>>0x0010(r15)
49e8e:  811b               add r11,r1
49e90:  20c9               ldb rl1,@rr12
49e92:  0aa9               cpb rl1,@rr10
49e94:  e605               jr z,0x9ea0
49e96:  61f11922           ld r1,<<25>>0x0022(r15)
49e9a:  6ff1191c           ld <<25>>0x001c(r15),r1
49e9e:  e807               jr 0x9eae
49ea0:  6bf01922           dec <<25>>0x0022(r15),#1
49ea4:  61f11922           ld r1,<<25>>0x0022(r15)
49ea8:  4bf1190a           cp r1,<<25>>0x000a(r15)
49eac:  e9d3               jr ge,0x9e54
49eae:  61f1191e           ld r1,<<25>>0x001e(r15)
49eb2:  0b010000           cp r1,#0x0000
49eb6:  e103               jr lt,0x9ebe
49eb8:  0b017fff           cp r1,#0x7fff
49ebc:  e204               jr le,0x9ec6
49ebe:  bd2d               ldk r2,#13
49ec0:  5f00840033f6       call <<4>>0x33f6
49ec6:  54fc190c           ldl rr12,<<25>>0x000c(r15)
49eca:  811d               add r13,r1
49ecc:  20c9               ldb rl1,@rr12
49ece:  b110               extsb r1
49ed0:  0b01ff80           cp r1,#0xff80
49ed4:  e103               jr lt,0x9edc
49ed6:  0b01007f           cp r1,#0x007f
49eda:  e205               jr le,0x9ee6
49edc:  21020010           ld r2,#0x0010
49ee0:  5f00840033f6       call <<4>>0x33f6
49ee6:  a112               ld r2,r1
49ee8:  61f1191e           ld r1,<<25>>0x001e(r15)
49eec:  0b010000           cp r1,#0x0000
49ef0:  e103               jr lt,0x9ef8
49ef2:  0b017fff           cp r1,#0x7fff
49ef6:  e204               jr le,0x9f00
49ef8:  bd2d               ldk r2,#13
49efa:  5f00840033f6       call <<4>>0x33f6
49f00:  54fc1910           ldl rr12,<<25>>0x0010(r15)
49f04:  811d               add r13,r1
49f06:  20c9               ldb rl1,@rr12
49f08:  b110               extsb r1
49f0a:  0b01ff80           cp r1,#0xff80
49f0e:  e103               jr lt,0x9f16
49f10:  0b01007f           cp r1,#0x007f
49f14:  e205               jr le,0x9f20
49f16:  21020010           ld r2,#0x0010
49f1a:  5f00840033f6       call <<4>>0x33f6
49f20:  a113               ld r3,r1
49f22:  bd10               ldk r1,#0
49f24:  0b010000           cp r1,#0x0000
49f28:  e103               jr lt,0x9f30
49f2a:  0b010001           cp r1,#0x0001
49f2e:  e205               jr le,0x9f3a
49f30:  21020010           ld r2,#0x0010
49f34:  5f00840033f6       call <<4>>0x33f6
49f3a:  a114               ld r4,r1
49f3c:  5f00a100d202       call <<33>>0xd202
49f42:  6ff71906           ld <<25>>0x0006(r15),r7
49f46:  61f1191c           ld r1,<<25>>0x001c(r15)
49f4a:  0b010000           cp r1,#0x0000
49f4e:  e103               jr lt,0x9f56
49f50:  0b017fff           cp r1,#0x7fff
49f54:  e204               jr le,0x9f5e
49f56:  bd2d               ldk r2,#13
49f58:  5f00840033f6       call <<4>>0x33f6
49f5e:  54fc190c           ldl rr12,<<25>>0x000c(r15)
49f62:  811d               add r13,r1
49f64:  20c9               ldb rl1,@rr12
49f66:  b110               extsb r1
49f68:  0b01ff80           cp r1,#0xff80
49f6c:  e103               jr lt,0x9f74
49f6e:  0b01007f           cp r1,#0x007f
49f72:  e205               jr le,0x9f7e
49f74:  21020010           ld r2,#0x0010
49f78:  5f00840033f6       call <<4>>0x33f6
49f7e:  a112               ld r2,r1
49f80:  61f1191c           ld r1,<<25>>0x001c(r15)
49f84:  0b010000           cp r1,#0x0000
49f88:  e103               jr lt,0x9f90
49f8a:  0b017fff           cp r1,#0x7fff
49f8e:  e204               jr le,0x9f98
49f90:  bd2d               ldk r2,#13
49f92:  5f00840033f6       call <<4>>0x33f6
49f98:  54fc1910           ldl rr12,<<25>>0x0010(r15)
49f9c:  811d               add r13,r1
49f9e:  20c9               ldb rl1,@rr12
49fa0:  b110               extsb r1
49fa2:  0b01ff80           cp r1,#0xff80
49fa6:  e103               jr lt,0x9fae
49fa8:  0b01007f           cp r1,#0x007f
49fac:  e205               jr le,0x9fb8
49fae:  21020010           ld r2,#0x0010
49fb2:  5f00840033f6       call <<4>>0x33f6
49fb8:  a113               ld r3,r1
49fba:  bd11               ldk r1,#1
49fbc:  0b010000           cp r1,#0x0000
49fc0:  e103               jr lt,0x9fc8
49fc2:  0b010001           cp r1,#0x0001
49fc6:  e205               jr le,0x9fd2
49fc8:  21020010           ld r2,#0x0010
49fcc:  5f00840033f6       call <<4>>0x33f6
49fd2:  a114               ld r4,r1
49fd4:  5f00a100d202       call <<33>>0xd202
49fda:  6ff71908           ld <<25>>0x0008(r15),r7
49fde:  61f1191c           ld r1,<<25>>0x001c(r15)
49fe2:  43f1191e           sub r1,<<25>>0x001e(r15)
49fe6:  ab10               dec r1,#1
49fe8:  b3190003           sla r1,#3
49fec:  41f11906           add r1,<<25>>0x0006(r15)
49ff0:  41f11908           add r1,<<25>>0x0008(r15)
49ff4:  6ff11918           ld <<25>>0x0018(r15),r1
49ff8:  61f71918           ld r7,<<25>>0x0018(r15)
49ffc:  010f0024           add r15,#0x0024
4a000:  9e08               ret 
4a002:  88ba               xorb rl2,rl3
4a004:  21070008           ld r7,#0x0008
4a008:  8cc4               testb rl4
4a00a:  ee02               jr nz,0xa010
4a00c:  b2a0               rlb rl2,#1
4a00e:  e801               jr 0xa012
4a010:  b2a4               rrb rl2,#1
4a012:  ef01               jr nc,0xa016
4a014:  e802               jr 0xa01a
4a016:  ab70               dec r7,#1
4a018:  e8f7               jr 0xa008
4a01a:  9e08               ret 
4a01c:  2029               ldb rl1,@rr2
4a01e:  8c90               comb rl1
4a020:  2e49               ldb @rr4,rl1
4a022:  a950               inc r5,#1
4a024:  a930               inc r3,#1
4a026:  f786               djnz r7,0xa01c
4a028:  9e08               ret 
4a02a:  9c68               testl rr6
4a02c:  9e06               ret z
4a02e:  ba46072e           cpsirb @rr2,@rr4,r7,nz
4a032:  ee03               jr nz,0xa03a
4a034:  21070001           ld r7,#0x0001
4a038:  e801               jr 0xa03c
4a03a:  8d78               clr r7
4a03c:  9e08               ret 
4a03e:  6102a2009f68       ld r2,<<34>>0x9f68
4a044:  7d2a               ldctl fcw,r2
4a046:  9e08               ret 
4a048:  7d22               ldctl r2,fcw
4a04a:  7c01               di vi
4a04c:  6f02a2009f68       ld <<34>>0x9f68,r2
4a052:  9e08               ret 
4a054:  58473730           multl rq7,<<55>>0x0030(r4)
4a058:  33322045           ld rr3(#0x2045),r2
4a05c:  52524f52           subl rr2,<<79>>0x0052(r5)
4a060:  2d52               ex r2,@rr5
4a062:  41544520           add r4,<<69>>0x0020(r5)
4a066:  2020               ldb rh0,@rr2
4a068:  2020               ldb rh0,@rr2
4a06a:  2020               ldb rh0,@rr2
4a06c:  2020               ldb rh0,@rr2
4a06e:  2020               ldb rh0,@rr2
4a070:  2020               ldb rh0,@rr2
4a072:  2020               ldb rh0,@rr2
4a074:  2020               ldb rh0,@rr2
4a076:  2020               ldb rh0,@rr2
4a078:  2020               ldb rh0,@rr2
4a07a:  2020               ldb rh0,@rr2
4a07c:  54455354           ldl rr5,<<83>>0x0054(r4)
4a080:  2049               ldb rl1,@rr4
4a082:  4e4553495354       ext4e #0x4e455349,<<83>>0x0054
4a088:  454e5445           or r14,<<84>>0x0045(r4)
4a08c:  696e7400           inc <<116>>0x0000(r6),#15
4a090:  3529203f           ldl rr9,rr2(#0x203f)
4a094:  2052               ldb rh2,@rr5
4a096:  45414420           or r1,<<68>>0x0020(r4)
4a09a:  52414e44           subl rr1,<<78>>0x0044(r4)
4a09e:  4f4d696e7400       ext4f #0x4f4d696e,<<116>>0x0000
4a0a4:  3429203f           lda rr9,rr2(#0x203f)
4a0a8:  2052               ldb rh2,@rr5
4a0aa:  45414420           or r1,<<68>>0x0020(r4)
4a0ae:  464f5257           andb rl7,<<82>>0x0057(r4)
4a0b2:  41524400           add r2,<<68>>0x0000(r5)
4a0b6:  696e7400           inc <<116>>0x0000(r6),#15
4a0ba:  3329203f           ld rr2(#0x203f),r9
4a0be:  2057               ldb rh7,@rr5
4a0c0:  52495445           subl rr9,<<84>>0x0045(r4)
4a0c4:  2026               ldb rh6,@rr2
4a0c6:  2056               ldb rh6,@rr5
4a0c8:  45524946           or r2,<<73>>0x0046(r5)
4a0cc:  59204241           mult rr0,<<66>>0x0041(r2)
4a0d0:  434b696e           sub r11,<<105>>0x006e(r4)
4a0d4:  7400               .word #0x7400
4a0d6:  3229203f           ldb rr2(#0x203f),rl1
4a0da:  2052               ldb rh2,@rr5
4a0dc:  45414420           or r1,<<68>>0x0020(r4)
4a0e0:  4241434b           subb rh1,<<67>>0x004b(r4)
4a0e4:  696e7400           inc <<116>>0x0000(r6),#15
4a0e8:  3129203f           ld r9,rr2(#0x203f)
4a0ec:  2057               ldb rh7,@rr5
4a0ee:  52495445           subl rr9,<<84>>0x0045(r4)
4a0f2:  2026               ldb rh6,@rr2
4a0f4:  2056               ldb rh6,@rr5
4a0f6:  45524946           or r2,<<73>>0x0046(r5)
4a0fa:  5920464f           mult rr0,<<70>>0x004f(r2)
4a0fe:  52574152           subl rr7,<<65>>0x0052(r5)
4a102:  4400696e           orb rh0,<<105>>0x006e
4a106:  7400               .word #0x7400
4a108:  58473730           multl rq7,<<55>>0x0030(r4)
4a10c:  33322045           ld rr3(#0x2045),r2
4a110:  52524f52           subl rr2,<<79>>0x0052(r5)
4a114:  2d52               ex r2,@rr5
4a116:  41544520           add r4,<<69>>0x0020(r5)
4a11a:  2020               ldb rh0,@rr2
4a11c:  2020               ldb rh0,@rr2
4a11e:  2020               ldb rh0,@rr2
4a120:  2020               ldb rh0,@rr2
4a122:  2020               ldb rh0,@rr2
4a124:  2020               ldb rh0,@rr2
4a126:  2020               ldb rh0,@rr2
4a128:  2020               ldb rh0,@rr2
4a12a:  2020               ldb rh0,@rr2
4a12c:  2020               ldb rh0,@rr2
4a12e:  2020               ldb rh0,@rr2
4a130:  2920               inc @rr2,#1
4a132:  52414e47           subl rr1,<<78>>0x0047(r4)
4a136:  45202800           or r0,<<40>>0x0000(r2)
4a13a:  76696400           lda rr9,<<100>>0x0000(r6)
4a13e:  76696400           lda rr9,<<100>>0x0000(r6)
4a142:  30303030           ldb rh0,rr3(#0x3030)
4a146:  46464646           andb rh6,<<70>>0x0046(r4)
4a14a:  2020               ldb rh0,@rr2
4a14c:  2020               ldb rh0,@rr2
4a14e:  2020               ldb rh0,@rr2
4a150:  2020               ldb rh0,@rr2
4a152:  2020               ldb rh0,@rr2
4a154:  2020               ldb rh0,@rr2
4a156:  2020               ldb rh0,@rr2
4a158:  2020               ldb rh0,@rr2
4a15a:  2020               ldb rh0,@rr2
4a15c:  2020               ldb rh0,@rr2
4a15e:  2020               ldb rh0,@rr2
4a160:  2020               ldb rh0,@rr2
4a162:  2020               ldb rh0,@rr2
4a164:  2020               ldb rh0,@rr2
4a166:  2020               ldb rh0,@rr2
4a168:  2020               ldb rh0,@rr2
4a16a:  44423644           orb rh2,<<54>>0x0044(r4)
4a16e:  2020               ldb rh0,@rr2
4a170:  2020               ldb rh0,@rr2
4a172:  2020               ldb rh0,@rr2
4a174:  2020               ldb rh0,@rr2
4a176:  2020               ldb rh0,@rr2
4a178:  2020               ldb rh0,@rr2
4a17a:  2020               ldb rh0,@rr2
4a17c:  2020               ldb rh0,@rr2
4a17e:  2020               ldb rh0,@rr2
4a180:  2020               ldb rh0,@rr2
4a182:  2020               ldb rh0,@rr2
4a184:  2020               ldb rh0,@rr2
4a186:  2020               ldb rh0,@rr2
4a188:  2020               ldb rh0,@rr2
4a18a:  2020               ldb rh0,@rr2
4a18c:  2020               ldb rh0,@rr2
4a18e:  2020               ldb rh0,@rr2
4a190:  2020               ldb rh0,@rr2
4a192:  44423620           orb rh2,<<54>>0x0020(r4)
4a196:  2020               ldb rh0,@rr2
4a198:  2020               ldb rh0,@rr2
4a19a:  2020               ldb rh0,@rr2
4a19c:  2020               ldb rh0,@rr2
4a19e:  2020               ldb rh0,@rr2
4a1a0:  2020               ldb rh0,@rr2
4a1a2:  2020               ldb rh0,@rr2
4a1a4:  2020               ldb rh0,@rr2
4a1a6:  2020               ldb rh0,@rr2
4a1a8:  2020               ldb rh0,@rr2
4a1aa:  2020               ldb rh0,@rr2
4a1ac:  2020               ldb rh0,@rr2
4a1ae:  2020               ldb rh0,@rr2
4a1b0:  2020               ldb rh0,@rr2
4a1b2:  2020               ldb rh0,@rr2
4a1b4:  2020               ldb rh0,@rr2
4a1b6:  2020               ldb rh0,@rr2
4a1b8:  2020               ldb rh0,@rr2
4a1ba:  3644               .word #0x3644
4a1bc:  42202020           subb rh0,<<32>>0x0020(r2)
4a1c0:  2020               ldb rh0,@rr2
4a1c2:  2020               ldb rh0,@rr2
4a1c4:  2020               ldb rh0,@rr2
4a1c6:  2020               ldb rh0,@rr2
4a1c8:  2020               ldb rh0,@rr2
4a1ca:  2020               ldb rh0,@rr2
4a1cc:  2020               ldb rh0,@rr2
4a1ce:  2020               ldb rh0,@rr2
4a1d0:  2020               ldb rh0,@rr2
4a1d2:  2020               ldb rh0,@rr2
4a1d4:  2020               ldb rh0,@rr2
4a1d6:  2020               ldb rh0,@rr2
4a1d8:  2020               ldb rh0,@rr2
4a1da:  2020               ldb rh0,@rr2
4a1dc:  2020               ldb rh0,@rr2
4a1de:  2020               ldb rh0,@rr2
4a1e0:  2020               ldb rh0,@rr2
4a1e2:  42364420           subb rh6,<<68>>0x0020(r3)
4a1e6:  2020               ldb rh0,@rr2
4a1e8:  2020               ldb rh0,@rr2
4a1ea:  2020               ldb rh0,@rr2
4a1ec:  2020               ldb rh0,@rr2
4a1ee:  2020               ldb rh0,@rr2
4a1f0:  2020               ldb rh0,@rr2
4a1f2:  2020               ldb rh0,@rr2
4a1f4:  2020               ldb rh0,@rr2
4a1f6:  2020               ldb rh0,@rr2
4a1f8:  2020               ldb rh0,@rr2
4a1fa:  2020               ldb rh0,@rr2
4a1fc:  2020               ldb rh0,@rr2
4a1fe:  2020               ldb rh0,@rr2
4a200:  2020               ldb rh0,@rr2
4a202:  2020               ldb rh0,@rr2
4a204:  2020               ldb rh0,@rr2
4a206:  2020               ldb rh0,@rr2
4a208:  2020               ldb rh0,@rr2
4a20a:  2020               ldb rh0,@rr2
4a20c:  2020               ldb rh0,@rr2
4a20e:  2020               ldb rh0,@rr2
4a210:  2020               ldb rh0,@rr2
4a212:  2020               ldb rh0,@rr2
4a214:  2020               ldb rh0,@rr2
4a216:  2020               ldb rh0,@rr2
4a218:  2020               ldb rh0,@rr2
4a21a:  2020               ldb rh0,@rr2
4a21c:  2020               ldb rh0,@rr2
4a21e:  2020               ldb rh0,@rr2
4a220:  2020               ldb rh0,@rr2
4a222:  2020               ldb rh0,@rr2
4a224:  2020               ldb rh0,@rr2
4a226:  2020               ldb rh0,@rr2
4a228:  2020               ldb rh0,@rr2
4a22a:  2020               ldb rh0,@rr2
4a22c:  2020               ldb rh0,@rr2
4a22e:  2020               ldb rh0,@rr2
4a230:  2020               ldb rh0,@rr2
4a232:  45584543           or r8,<<69>>0x0043(r5)
4a236:  5554494f           popl <<73>>0x004f(r4),@rr5
4a23a:  4e3f20202020       ext4e #0x4e3f2020,<<32>>0x0020
4a240:  2020               ldb rh0,@rr2
4a242:  2020               ldb rh0,@rr2
4a244:  2020               ldb rh0,@rr2
4a246:  2020               ldb rh0,@rr2
4a248:  2020               ldb rh0,@rr2
4a24a:  2020               ldb rh0,@rr2
4a24c:  20004445           ldb rh0,#0x45
4a250:  4641554c           andb rh1,<<85>>0x004c(r4)
4a254:  54205041           ldl rr0,<<80>>0x0041(r2)
4a258:  52414d45           subl rr1,<<77>>0x0045(r4)
4a25c:  54455253           ldl rr5,<<82>>0x0053(r4)
4a260:  2046               ldb rh6,@rr4
4a262:  4f5220535542       ext4f #0x4f522053,<<85>>0x0042
4a268:  53455155           push @rr4,<<81>>0x0055(r5)
4a26c:  454e5400           or r14,<<84>>0x0000(r4)
4a270:  444f2059           orb rl7,<<32>>0x0059(r4)
4a274:  4f552057414e       ext4f #0x4f552057,<<65>>0x004e
4a27a:  5420544f           ldl rr0,<<84>>0x004f(r2)
4a27e:  2052               ldb rh2,@rr5
4a280:  554e2050           popl <<32>>0x0050(r14),@rr4
4a284:  524f4752           subl rr15,<<71>>0x0052(r4)
4a288:  414d204f           add r13,<<32>>0x004f(r4)
4a28c:  52204f4e           subl rr0,<<79>>0x004e(r2)
4a290:  4c59               .word #0x4c59
4a292:  2053               ldb rh3,@rr5
4a294:  45542032           or r4,<<32>>0x0032(r5)
4a298:  373d5345           ldl rr3(#0x5345),rr13
4a29c:  54204445           ldl rr0,<<68>>0x0045(r2)
4a2a0:  4641554c           andb rh1,<<85>>0x004c(r4)
4a2a4:  54202041           ldl rr0,<<32>>0x0041(r2)
4a2a8:  4e59204b4559       ext4e #0x4e59204b,<<69>>0x0059
4a2ae:  3d52               in r2,@r5
4a2b0:  554e2050           popl <<32>>0x0050(r14),@rr4
4a2b4:  524f4752           subl rr15,<<71>>0x0052(r4)
4a2b8:  414d7669           add r13,<<118>>0x0069(r4)
4a2bc:  64002020           setb <<32>>0x0020,#0
4a2c0:  2020               ldb rh0,@rr2
4a2c2:  2020               ldb rh0,@rr2
4a2c4:  2020               ldb rh0,@rr2
4a2c6:  2020               ldb rh0,@rr2
4a2c8:  2020               ldb rh0,@rr2
4a2ca:  2020               ldb rh0,@rr2
4a2cc:  2020               ldb rh0,@rr2
4a2ce:  2020               ldb rh0,@rr2
4a2d0:  2020               ldb rh0,@rr2
4a2d2:  2020               ldb rh0,@rr2
4a2d4:  2020               ldb rh0,@rr2
4a2d6:  2020               ldb rh0,@rr2
4a2d8:  2020               ldb rh0,@rr2
4a2da:  2020               ldb rh0,@rr2
4a2dc:  2020               ldb rh0,@rr2
4a2de:  2020               ldb rh0,@rr2
4a2e0:  2020               ldb rh0,@rr2
4a2e2:  2020               ldb rh0,@rr2
4a2e4:  2020               ldb rh0,@rr2
4a2e6:  2020               ldb rh0,@rr2
4a2e8:  2020               ldb rh0,@rr2
4a2ea:  2020               ldb rh0,@rr2
4a2ec:  2000534c           ldb rh0,#0x4c
4a2f0:  4f54204e414d       ext4f #0x4f54204e,<<65>>0x004d
4a2f6:  45202020           or r0,<<32>>0x0020(r2)
4a2fa:  2020               ldb rh0,@rr2
4a2fc:  2020               ldb rh0,@rr2
4a2fe:  2020               ldb rh0,@rr2
4a300:  2020               ldb rh0,@rr2
4a302:  2020               ldb rh0,@rr2
4a304:  2020               ldb rh0,@rr2
4a306:  2020               ldb rh0,@rr2
4a308:  2020               ldb rh0,@rr2
4a30a:  2020               ldb rh0,@rr2
4a30c:  2020               ldb rh0,@rr2
4a30e:  2020               ldb rh0,@rr2
4a310:  2020               ldb rh0,@rr2
4a312:  2020               ldb rh0,@rr2
4a314:  2020               ldb rh0,@rr2
4a316:  76696400           lda rr9,<<100>>0x0000(r6)
4a31a:  52414e47           subl rr1,<<78>>0x0047(r4)
4a31e:  45202020           or r0,<<32>>0x0020(r2)
4a322:  2323               res @rr2,#3
4a324:  2323               res @rr2,#3
4a326:  2323               res @rr2,#3
4a328:  2020               ldb rh0,@rr2
4a32a:  2020               ldb rh0,@rr2
4a32c:  2020               ldb rh0,@rr2
4a32e:  2020               ldb rh0,@rr2
4a330:  2020               ldb rh0,@rr2
4a332:  2020               ldb rh0,@rr2
4a334:  2020               ldb rh0,@rr2
4a336:  2020               ldb rh0,@rr2
4a338:  2020               ldb rh0,@rr2
4a33a:  2020               ldb rh0,@rr2
4a33c:  2020               ldb rh0,@rr2
4a33e:  2020               ldb rh0,@rr2
4a340:  2020               ldb rh0,@rr2
4a342:  2020               ldb rh0,@rr2
4a344:  2020               ldb rh0,@rr2
4a346:  2020               ldb rh0,@rr2
4a348:  2020               ldb rh0,@rr2
4a34a:  2020               ldb rh0,@rr2
4a34c:  2020               ldb rh0,@rr2
4a34e:  2020               ldb rh0,@rr2
4a350:  2020               ldb rh0,@rr2
4a352:  2020               ldb rh0,@rr2
4a354:  2020               ldb rh0,@rr2
4a356:  2020               ldb rh0,@rr2
4a358:  2020               ldb rh0,@rr2
4a35a:  2020               ldb rh0,@rr2
4a35c:  2020               ldb rh0,@rr2
4a35e:  2020               ldb rh0,@rr2
4a360:  2020               ldb rh0,@rr2
4a362:  2020               ldb rh0,@rr2
4a364:  2020               ldb rh0,@rr2
4a366:  2020               ldb rh0,@rr2
4a368:  2020               ldb rh0,@rr2
4a36a:  2020               ldb rh0,@rr2
4a36c:  2020               ldb rh0,@rr2
4a36e:  2020               ldb rh0,@rr2
4a370:  20002020           ldb rh0,#0x20
4a374:  2020               ldb rh0,@rr2
4a376:  2020               ldb rh0,@rr2
4a378:  2020               ldb rh0,@rr2
4a37a:  20005055           ldb rh0,#0x55
4a37e:  204e               ldb rl6,@rr4
4a380:  414d4520           add r13,<<69>>0x0020(r4)
4a384:  2020               ldb rh0,@rr2
4a386:  2020               ldb rh0,@rr2
4a388:  2020               ldb rh0,@rr2
4a38a:  2020               ldb rh0,@rr2
4a38c:  2020               ldb rh0,@rr2
4a38e:  20002020           ldb rh0,#0x20
4a392:  2020               ldb rh0,@rr2
4a394:  2020               ldb rh0,@rr2
4a396:  2020               ldb rh0,@rr2
4a398:  2020               ldb rh0,@rr2
4a39a:  2020               ldb rh0,@rr2
4a39c:  2020               ldb rh0,@rr2
4a39e:  2020               ldb rh0,@rr2
4a3a0:  2020               ldb rh0,@rr2
4a3a2:  2020               ldb rh0,@rr2
4a3a4:  2020               ldb rh0,@rr2
4a3a6:  2020               ldb rh0,@rr2
4a3a8:  2020               ldb rh0,@rr2
4a3aa:  2020               ldb rh0,@rr2
4a3ac:  2020               ldb rh0,@rr2
4a3ae:  2020               ldb rh0,@rr2
4a3b0:  2020               ldb rh0,@rr2
4a3b2:  2020               ldb rh0,@rr2
4a3b4:  2020               ldb rh0,@rr2
4a3b6:  2020               ldb rh0,@rr2
4a3b8:  2020               ldb rh0,@rr2
4a3ba:  2020               ldb rh0,@rr2
4a3bc:  2020               ldb rh0,@rr2
4a3be:  2020               ldb rh0,@rr2
4a3c0:  2020               ldb rh0,@rr2
4a3c2:  2020               ldb rh0,@rr2
4a3c4:  2020               ldb rh0,@rr2
4a3c6:  2020               ldb rh0,@rr2
4a3c8:  2020               ldb rh0,@rr2
4a3ca:  2020               ldb rh0,@rr2
4a3cc:  2020               ldb rh0,@rr2
4a3ce:  2020               ldb rh0,@rr2
4a3d0:  2020               ldb rh0,@rr2
4a3d2:  2020               ldb rh0,@rr2
4a3d4:  2020               ldb rh0,@rr2
4a3d6:  2020               ldb rh0,@rr2
4a3d8:  2020               ldb rh0,@rr2
4a3da:  2020               ldb rh0,@rr2
4a3dc:  2020               ldb rh0,@rr2
4a3de:  2020               ldb rh0,@rr2
4a3e0:  2020               ldb rh0,@rr2
4a3e2:  2020               ldb rh0,@rr2
4a3e4:  2020               ldb rh0,@rr2
4a3e6:  2000434f           ldb rh0,#0x4f
4a3ea:  4d504152           com <<65>>0x0052(r5)
4a3ee:  45204441           or r0,<<68>>0x0041(r2)
4a3f2:  54412020           ldl rr1,<<32>>0x0020(r4)
4a3f6:  2020               ldb rh0,@rr2
4a3f8:  2020               ldb rh0,@rr2
4a3fa:  2020               ldb rh0,@rr2
4a3fc:  2020               ldb rh0,@rr2
4a3fe:  2020               ldb rh0,@rr2
4a400:  2020               ldb rh0,@rr2
4a402:  2020               ldb rh0,@rr2
4a404:  2030               ldb rh0,@rr3
4a406:  3d4e               in r14,@r4
4a408:  4f20313d4f4e       ext4f #0x4f20313d,<<79>>0x004e
4a40e:  2045               ldb rh5,@rr4
4a410:  52522032           subl rr2,<<32>>0x0032(r5)
4a414:  3d59               in r9,@r5
4a416:  45532020           or r3,<<32>>0x0020(r5)
4a41a:  2020               ldb rh0,@rr2
4a41c:  2020               ldb rh0,@rr2
4a41e:  2020               ldb rh0,@rr2
4a420:  2020               ldb rh0,@rr2
4a422:  2020               ldb rh0,@rr2
4a424:  2020               ldb rh0,@rr2
4a426:  2020               ldb rh0,@rr2
4a428:  2020               ldb rh0,@rr2
4a42a:  2020               ldb rh0,@rr2
4a42c:  4e4557205041       ext4e #0x4e455720,<<80>>0x0041
4a432:  54544552           ldl rr4,<<69>>0x0052(r5)
4a436:  4e2020202020       ext4e #0x4e202020,<<32>>0x0020
4a43c:  2020               ldb rh0,@rr2
4a43e:  2020               ldb rh0,@rr2
4a440:  2020               ldb rh0,@rr2
4a442:  2020               ldb rh0,@rr2
4a444:  2020               ldb rh0,@rr2
4a446:  2020               ldb rh0,@rr2
4a448:  2020               ldb rh0,@rr2
4a44a:  2020               ldb rh0,@rr2
4a44c:  2020               ldb rh0,@rr2
4a44e:  5e292000           jp ge,<<32>>0x0000(r2)
4a452:  44454641           orb rh5,<<70>>0x0041(r4)
4a456:  554c5420           popl <<84>>0x0020(r12),@rr4
4a45a:  50415454           cpl rr1,<<84>>0x0054(r4)
4a45e:  45524e53           or r2,<<78>>0x0053(r5)
4a462:  20002020           ldb rh0,#0x20
4a466:  2020               ldb rh0,@rr2
4a468:  2020               ldb rh0,@rr2
4a46a:  2020               ldb rh0,@rr2
4a46c:  2020               ldb rh0,@rr2
4a46e:  2020               ldb rh0,@rr2
4a470:  2020               ldb rh0,@rr2
4a472:  2020               ldb rh0,@rr2
4a474:  2020               ldb rh0,@rr2
4a476:  2020               ldb rh0,@rr2
4a478:  2020               ldb rh0,@rr2
4a47a:  2020               ldb rh0,@rr2
4a47c:  2020               ldb rh0,@rr2
4a47e:  2020               ldb rh0,@rr2
4a480:  2020               ldb rh0,@rr2
4a482:  2020               ldb rh0,@rr2
4a484:  2020               ldb rh0,@rr2
4a486:  2020               ldb rh0,@rr2
4a488:  2020               ldb rh0,@rr2
4a48a:  2020               ldb rh0,@rr2
4a48c:  2020               ldb rh0,@rr2
4a48e:  2020               ldb rh0,@rr2
4a490:  2020               ldb rh0,@rr2
4a492:  20002020           ldb rh0,#0x20
4a496:  2020               ldb rh0,@rr2
4a498:  2020               ldb rh0,@rr2
4a49a:  2000454e           ldb rh0,#0x4e
4a49e:  44204359           orb rh0,<<67>>0x0059(r2)
4a4a2:  4c49               .word #0x4c49
4a4a4:  4e4445522020       ext4e #0x4e444552,<<32>>0x0020
4a4aa:  2020               ldb rh0,@rr2
4a4ac:  2020               ldb rh0,@rr2
4a4ae:  20002020           ldb rh0,#0x20
4a4b2:  2020               ldb rh0,@rr2
4a4b4:  2020               ldb rh0,@rr2
4a4b6:  2020               ldb rh0,@rr2
4a4b8:  2020               ldb rh0,@rr2
4a4ba:  2020               ldb rh0,@rr2
4a4bc:  2020               ldb rh0,@rr2
4a4be:  2020               ldb rh0,@rr2
4a4c0:  2020               ldb rh0,@rr2
4a4c2:  2020               ldb rh0,@rr2
4a4c4:  2020               ldb rh0,@rr2
4a4c6:  2020               ldb rh0,@rr2
4a4c8:  2020               ldb rh0,@rr2
4a4ca:  2020               ldb rh0,@rr2
4a4cc:  2020               ldb rh0,@rr2
4a4ce:  2020               ldb rh0,@rr2
4a4d0:  2020               ldb rh0,@rr2
4a4d2:  2020               ldb rh0,@rr2
4a4d4:  2020               ldb rh0,@rr2
4a4d6:  2020               ldb rh0,@rr2
4a4d8:  2020               ldb rh0,@rr2
4a4da:  2020               ldb rh0,@rr2
4a4dc:  2020               ldb rh0,@rr2
4a4de:  20002020           ldb rh0,#0x20
4a4e2:  2020               ldb rh0,@rr2
4a4e4:  2020               ldb rh0,@rr2
4a4e6:  20005354           ldb rh0,#0x54
4a4ea:  41525420           add r2,<<84>>0x0020(r5)
4a4ee:  43594c49           sub r9,<<76>>0x0049(r5)
4a4f2:  4e4445522020       ext4e #0x4e444552,<<32>>0x0020
4a4f8:  2020               ldb rh0,@rr2
4a4fa:  20002020           ldb rh0,#0x20
4a4fe:  2020               ldb rh0,@rr2
4a500:  2020               ldb rh0,@rr2
4a502:  2020               ldb rh0,@rr2
4a504:  2020               ldb rh0,@rr2
4a506:  2020               ldb rh0,@rr2
4a508:  2020               ldb rh0,@rr2
4a50a:  2020               ldb rh0,@rr2
4a50c:  2020               ldb rh0,@rr2
4a50e:  2020               ldb rh0,@rr2
4a510:  2020               ldb rh0,@rr2
4a512:  2020               ldb rh0,@rr2
4a514:  2020               ldb rh0,@rr2
4a516:  2020               ldb rh0,@rr2
4a518:  2020               ldb rh0,@rr2
4a51a:  2020               ldb rh0,@rr2
4a51c:  2020               ldb rh0,@rr2
4a51e:  2020               ldb rh0,@rr2
4a520:  2020               ldb rh0,@rr2
4a522:  2020               ldb rh0,@rr2
4a524:  2020               ldb rh0,@rr2
4a526:  2020               ldb rh0,@rr2
4a528:  2020               ldb rh0,@rr2
4a52a:  2020               ldb rh0,@rr2
4a52c:  2020               ldb rh0,@rr2
4a52e:  2020               ldb rh0,@rr2
4a530:  2020               ldb rh0,@rr2
4a532:  2020               ldb rh0,@rr2
4a534:  2020               ldb rh0,@rr2
4a536:  2020               ldb rh0,@rr2
4a538:  2020               ldb rh0,@rr2
4a53a:  2020               ldb rh0,@rr2
4a53c:  2020               ldb rh0,@rr2
4a53e:  2020               ldb rh0,@rr2
4a540:  2020               ldb rh0,@rr2
4a542:  2020               ldb rh0,@rr2
4a544:  2020               ldb rh0,@rr2
4a546:  2020               ldb rh0,@rr2
4a548:  2020               ldb rh0,@rr2
4a54a:  2020               ldb rh0,@rr2
4a54c:  2020               ldb rh0,@rr2
4a54e:  2020               ldb rh0,@rr2
4a550:  2020               ldb rh0,@rr2
4a552:  20002020           ldb rh0,#0x20
4a556:  2020               ldb rh0,@rr2
4a558:  2020               ldb rh0,@rr2
4a55a:  5452414e           ldl rr2,<<65>>0x004e(r5)
4a55e:  53464552           push @rr4,<<69>>0x0052(r6)
4a562:  204c               ldb rl4,@rr4
4a564:  454e4754           or r14,<<71>>0x0054(r4)
4a568:  48202020           xorb rh0,<<32>>0x0020(r2)
4a56c:  2020               ldb rh0,@rr2
4a56e:  2000494e           ldb rh0,#0x4e
4a572:  2053               ldb rh3,@rr5
4a574:  4543544f           or r3,<<84>>0x004f(r4)
4a578:  52532020           subl rr3,<<32>>0x0020(r5)
4a57c:  2020               ldb rh0,@rr2
4a57e:  2020               ldb rh0,@rr2
4a580:  2020               ldb rh0,@rr2
4a582:  2020               ldb rh0,@rr2
4a584:  2020               ldb rh0,@rr2
4a586:  2020               ldb rh0,@rr2
4a588:  2020               ldb rh0,@rr2
4a58a:  2020               ldb rh0,@rr2
4a58c:  2020               ldb rh0,@rr2
4a58e:  2020               ldb rh0,@rr2
4a590:  2020               ldb rh0,@rr2
4a592:  2020               ldb rh0,@rr2
4a594:  2020               ldb rh0,@rr2
4a596:  2020               ldb rh0,@rr2
4a598:  2020               ldb rh0,@rr2
4a59a:  2020               ldb rh0,@rr2
4a59c:  2020               ldb rh0,@rr2
4a59e:  2020               ldb rh0,@rr2
4a5a0:  2020               ldb rh0,@rr2
4a5a2:  2020               ldb rh0,@rr2
4a5a4:  2020               ldb rh0,@rr2
4a5a6:  2020               ldb rh0,@rr2
4a5a8:  2020               ldb rh0,@rr2
4a5aa:  2020               ldb rh0,@rr2
4a5ac:  2020               ldb rh0,@rr2
4a5ae:  2020               ldb rh0,@rr2
4a5b0:  2020               ldb rh0,@rr2
4a5b2:  2020               ldb rh0,@rr2
4a5b4:  2020               ldb rh0,@rr2
4a5b6:  2020               ldb rh0,@rr2
4a5b8:  2020               ldb rh0,@rr2
4a5ba:  2020               ldb rh0,@rr2
4a5bc:  2020               ldb rh0,@rr2
4a5be:  2020               ldb rh0,@rr2
4a5c0:  2020               ldb rh0,@rr2
4a5c2:  2020               ldb rh0,@rr2
4a5c4:  2020               ldb rh0,@rr2
4a5c6:  20002020           ldb rh0,#0x20
4a5ca:  2020               ldb rh0,@rr2
4a5cc:  20004359           ldb rh0,#0x59
4a5d0:  4c49               .word #0x4c49
4a5d2:  4e4445522053       ext4e #0x4e444552,<<32>>0x0053
4a5d8:  54455020           ldl rr5,<<80>>0x0020(r4)
4a5dc:  56414c55           addl rr1,<<76>>0x0055(r4)
4a5e0:  45202000           or r0,<<32>>0x0000(r2)
4a5e4:  2020               ldb rh0,@rr2
4a5e6:  2020               ldb rh0,@rr2
4a5e8:  2020               ldb rh0,@rr2
4a5ea:  2020               ldb rh0,@rr2
4a5ec:  2020               ldb rh0,@rr2
4a5ee:  2020               ldb rh0,@rr2
4a5f0:  2020               ldb rh0,@rr2
4a5f2:  2020               ldb rh0,@rr2
4a5f4:  2020               ldb rh0,@rr2
4a5f6:  2020               ldb rh0,@rr2
4a5f8:  2020               ldb rh0,@rr2
4a5fa:  2020               ldb rh0,@rr2
4a5fc:  2020               ldb rh0,@rr2
4a5fe:  2020               ldb rh0,@rr2
4a600:  2020               ldb rh0,@rr2
4a602:  2020               ldb rh0,@rr2
4a604:  2020               ldb rh0,@rr2
4a606:  2020               ldb rh0,@rr2
4a608:  2020               ldb rh0,@rr2
4a60a:  2020               ldb rh0,@rr2
4a60c:  2020               ldb rh0,@rr2
4a60e:  2020               ldb rh0,@rr2
4a610:  2020               ldb rh0,@rr2
4a612:  2020               ldb rh0,@rr2
4a614:  2020               ldb rh0,@rr2
4a616:  2020               ldb rh0,@rr2
4a618:  2020               ldb rh0,@rr2
4a61a:  2020               ldb rh0,@rr2
4a61c:  2020               ldb rh0,@rr2
4a61e:  2020               ldb rh0,@rr2
4a620:  2020               ldb rh0,@rr2
4a622:  2020               ldb rh0,@rr2
4a624:  2020               ldb rh0,@rr2
4a626:  2020               ldb rh0,@rr2
4a628:  2020               ldb rh0,@rr2
4a62a:  2020               ldb rh0,@rr2
4a62c:  2020               ldb rh0,@rr2
4a62e:  2020               ldb rh0,@rr2
4a630:  2020               ldb rh0,@rr2
4a632:  2020               ldb rh0,@rr2
4a634:  2020               ldb rh0,@rr2
4a636:  2020               ldb rh0,@rr2
4a638:  2020               ldb rh0,@rr2
4a63a:  2000414c           ldb rh0,#0x4c
4a63e:  4c205355           comb <<83>>0x0055(r2)
4a642:  52464143           subl rr6,<<65>>0x0043(r4)
4a646:  45202020           or r0,<<32>>0x0020(r2)
4a64a:  2020               ldb rh0,@rr2
4a64c:  2020               ldb rh0,@rr2
4a64e:  2020               ldb rh0,@rr2
4a650:  2020               ldb rh0,@rr2
4a652:  2020               ldb rh0,@rr2
4a654:  2020               ldb rh0,@rr2
4a656:  2020               ldb rh0,@rr2
4a658:  2030               ldb rh0,@rr3
4a65a:  3d4e               in r14,@r4
4a65c:  4f2c20313d59       ext4f #0x4f2c2031,<<61>>0x0059
4a662:  45532020           or r3,<<32>>0x0020(r5)
4a666:  2020               ldb rh0,@rr2
4a668:  2020               ldb rh0,@rr2
4a66a:  2020               ldb rh0,@rr2
4a66c:  2020               ldb rh0,@rr2
4a66e:  2020               ldb rh0,@rr2
4a670:  2020               ldb rh0,@rr2
4a672:  2020               ldb rh0,@rr2
4a674:  2020               ldb rh0,@rr2
4a676:  2020               ldb rh0,@rr2
4a678:  2020               ldb rh0,@rr2
4a67a:  2020               ldb rh0,@rr2
4a67c:  2020               ldb rh0,@rr2
4a67e:  2020               ldb rh0,@rr2
4a680:  2020               ldb rh0,@rr2
4a682:  2020               ldb rh0,@rr2
4a684:  2020               ldb rh0,@rr2
4a686:  2020               ldb rh0,@rr2
4a688:  2020               ldb rh0,@rr2
4a68a:  2020               ldb rh0,@rr2
4a68c:  2020               ldb rh0,@rr2
4a68e:  2020               ldb rh0,@rr2
4a690:  2020               ldb rh0,@rr2
4a692:  2020               ldb rh0,@rr2
4a694:  2020               ldb rh0,@rr2
4a696:  2020               ldb rh0,@rr2
4a698:  2020               ldb rh0,@rr2
4a69a:  2020               ldb rh0,@rr2
4a69c:  2020               ldb rh0,@rr2
4a69e:  2020               ldb rh0,@rr2
4a6a0:  2020               ldb rh0,@rr2
4a6a2:  2020               ldb rh0,@rr2
4a6a4:  2020               ldb rh0,@rr2
4a6a6:  2020               ldb rh0,@rr2
4a6a8:  2020               ldb rh0,@rr2
4a6aa:  2020               ldb rh0,@rr2
4a6ac:  2020               ldb rh0,@rr2
4a6ae:  20004449           ldb rh0,#0x49
4a6b2:  53504c41           push @rr5,<<76>>0x0041
4a6b6:  59204552           mult rr0,<<69>>0x0052(r2)
4a6ba:  524f5253           subl rr15,<<82>>0x0053(r4)
4a6be:  2045               ldb rh5,@rr4
4a6c0:  41434820           add r3,<<72>>0x0020(r4)
4a6c4:  54494d45           ldl rr9,<<77>>0x0045(r4)
4a6c8:  2020               ldb rh0,@rr2
4a6ca:  2020               ldb rh0,@rr2
4a6cc:  2030               ldb rh0,@rr3
4a6ce:  3d4e               in r14,@r4
4a6d0:  4f2c20313d59       ext4f #0x4f2c2031,<<61>>0x0059
4a6d6:  45532020           or r3,<<32>>0x0020(r5)
4a6da:  2020               ldb rh0,@rr2
4a6dc:  2020               ldb rh0,@rr2
4a6de:  2020               ldb rh0,@rr2
4a6e0:  2020               ldb rh0,@rr2
4a6e2:  2020               ldb rh0,@rr2
4a6e4:  2020               ldb rh0,@rr2
4a6e6:  2020               ldb rh0,@rr2
4a6e8:  2020               ldb rh0,@rr2
4a6ea:  2020               ldb rh0,@rr2
4a6ec:  2020               ldb rh0,@rr2
4a6ee:  2020               ldb rh0,@rr2
4a6f0:  2020               ldb rh0,@rr2
4a6f2:  2020               ldb rh0,@rr2
4a6f4:  2020               ldb rh0,@rr2
4a6f6:  2020               ldb rh0,@rr2
4a6f8:  2020               ldb rh0,@rr2
4a6fa:  2020               ldb rh0,@rr2
4a6fc:  2020               ldb rh0,@rr2
4a6fe:  2020               ldb rh0,@rr2
4a700:  2020               ldb rh0,@rr2
4a702:  2020               ldb rh0,@rr2
4a704:  2020               ldb rh0,@rr2
4a706:  2020               ldb rh0,@rr2
4a708:  2020               ldb rh0,@rr2
4a70a:  2020               ldb rh0,@rr2
4a70c:  2020               ldb rh0,@rr2
4a70e:  2020               ldb rh0,@rr2
4a710:  2020               ldb rh0,@rr2
4a712:  2020               ldb rh0,@rr2
4a714:  2020               ldb rh0,@rr2
4a716:  2020               ldb rh0,@rr2
4a718:  2020               ldb rh0,@rr2
4a71a:  2020               ldb rh0,@rr2
4a71c:  2020               ldb rh0,@rr2
4a71e:  2020               ldb rh0,@rr2
4a720:  2020               ldb rh0,@rr2
4a722:  20004441           ldb rh0,#0x41
4a726:  54412046           ldl rr1,<<32>>0x0046(r4)
4a72a:  49454c44           xor r5,<<76>>0x0044(r4)
4a72e:  2020               ldb rh0,@rr2
4a730:  2020               ldb rh0,@rr2
4a732:  2020               ldb rh0,@rr2
4a734:  2020               ldb rh0,@rr2
4a736:  2020               ldb rh0,@rr2
4a738:  2020               ldb rh0,@rr2
4a73a:  2020               ldb rh0,@rr2
4a73c:  2020               ldb rh0,@rr2
4a73e:  2020               ldb rh0,@rr2
4a740:  50455220           cpl rr5,<<82>>0x0020(r4)
4a744:  54484f55           ldl rr8,<<79>>0x0055(r4)
4a748:  2020               ldb rh0,@rr2
4a74a:  2020               ldb rh0,@rr2
4a74c:  2020               ldb rh0,@rr2
4a74e:  2020               ldb rh0,@rr2
4a750:  2020               ldb rh0,@rr2
4a752:  2020               ldb rh0,@rr2
4a754:  2020               ldb rh0,@rr2
4a756:  2020               ldb rh0,@rr2
4a758:  2020               ldb rh0,@rr2
4a75a:  2020               ldb rh0,@rr2
4a75c:  2020               ldb rh0,@rr2
4a75e:  2020               ldb rh0,@rr2
4a760:  2020               ldb rh0,@rr2
4a762:  2020               ldb rh0,@rr2
4a764:  2020               ldb rh0,@rr2
4a766:  2020               ldb rh0,@rr2
4a768:  2020               ldb rh0,@rr2
4a76a:  2020               ldb rh0,@rr2
4a76c:  2054               ldb rh4,@rr5
4a76e:  48524553           xorb rh2,<<69>>0x0053(r5)
4a772:  484f4c44           xorb rl7,<<76>>0x0044(r4)
4a776:  53202020           push @rr2,<<32>>0x0020
4a77a:  2020               ldb rh0,@rr2
4a77c:  2020               ldb rh0,@rr2
4a77e:  2020               ldb rh0,@rr2
4a780:  2020               ldb rh0,@rr2
4a782:  2020               ldb rh0,@rr2
4a784:  2020               ldb rh0,@rr2
4a786:  2020               ldb rh0,@rr2
4a788:  2020               ldb rh0,@rr2
4a78a:  2020               ldb rh0,@rr2
4a78c:  2020               ldb rh0,@rr2
4a78e:  2020               ldb rh0,@rr2
4a790:  2020               ldb rh0,@rr2
4a792:  2020               ldb rh0,@rr2
4a794:  2020               ldb rh0,@rr2
4a796:  2020               ldb rh0,@rr2
4a798:  2020               ldb rh0,@rr2
4a79a:  2020               ldb rh0,@rr2
4a79c:  2020               ldb rh0,@rr2
4a79e:  2020               ldb rh0,@rr2
4a7a0:  2020               ldb rh0,@rr2
4a7a2:  2020               ldb rh0,@rr2
4a7a4:  2020               ldb rh0,@rr2
4a7a6:  2020               ldb rh0,@rr2
4a7a8:  2020               ldb rh0,@rr2
4a7aa:  2020               ldb rh0,@rr2
4a7ac:  2020               ldb rh0,@rr2
4a7ae:  2000504f           ldb rh0,#0x4f
4a7b2:  53495449           push @rr4,<<84>>0x0049(r9)
4a7b6:  4f4e494e4720       ext4f #0x4f4e494e,<<71>>0x0020
4a7bc:  2020               ldb rh0,@rr2
4a7be:  2020               ldb rh0,@rr2
4a7c0:  2020               ldb rh0,@rr2
4a7c2:  2020               ldb rh0,@rr2
4a7c4:  2020               ldb rh0,@rr2
4a7c6:  2020               ldb rh0,@rr2
4a7c8:  2020               ldb rh0,@rr2
4a7ca:  2020               ldb rh0,@rr2
4a7cc:  50455220           cpl rr5,<<82>>0x0020(r4)
4a7d0:  54484f55           ldl rr8,<<79>>0x0055(r4)
4a7d4:  2020               ldb rh0,@rr2
4a7d6:  2020               ldb rh0,@rr2
4a7d8:  2020               ldb rh0,@rr2
4a7da:  2020               ldb rh0,@rr2
4a7dc:  2020               ldb rh0,@rr2
4a7de:  2020               ldb rh0,@rr2
4a7e0:  2020               ldb rh0,@rr2
4a7e2:  2020               ldb rh0,@rr2
4a7e4:  2020               ldb rh0,@rr2
4a7e6:  2020               ldb rh0,@rr2
4a7e8:  2020               ldb rh0,@rr2
4a7ea:  2020               ldb rh0,@rr2
4a7ec:  2020               ldb rh0,@rr2
4a7ee:  2020               ldb rh0,@rr2
4a7f0:  2020               ldb rh0,@rr2
4a7f2:  2020               ldb rh0,@rr2
4a7f4:  2020               ldb rh0,@rr2
4a7f6:  2020               ldb rh0,@rr2
4a7f8:  2020               ldb rh0,@rr2
4a7fa:  2020               ldb rh0,@rr2
4a7fc:  2020               ldb rh0,@rr2
4a7fe:  2020               ldb rh0,@rr2
4a800:  2020               ldb rh0,@rr2
4a802:  2020               ldb rh0,@rr2
4a804:  2020               ldb rh0,@rr2
4a806:  2020               ldb rh0,@rr2
4a808:  2020               ldb rh0,@rr2
4a80a:  2020               ldb rh0,@rr2
4a80c:  2020               ldb rh0,@rr2
4a80e:  2020               ldb rh0,@rr2
4a810:  2020               ldb rh0,@rr2
4a812:  2020               ldb rh0,@rr2
4a814:  2020               ldb rh0,@rr2
4a816:  2020               ldb rh0,@rr2
4a818:  2020               ldb rh0,@rr2
4a81a:  2020               ldb rh0,@rr2
4a81c:  2020               ldb rh0,@rr2
4a81e:  2020               ldb rh0,@rr2
4a820:  2020               ldb rh0,@rr2
4a822:  2000434f           ldb rh0,#0x4f
4a826:  4e5345435554       ext4e #0x4e534543,<<85>>0x0054
4a82c:  49564553           xor r6,<<69>>0x0053(r5)
4a830:  2045               ldb rh5,@rr4
4a832:  52524f52           subl rr2,<<79>>0x0052(r5)
4a836:  53202020           push @rr2,<<32>>0x0020
4a83a:  2020               ldb rh0,@rr2
4a83c:  2020               ldb rh0,@rr2
4a83e:  2020               ldb rh0,@rr2
4a840:  2020               ldb rh0,@rr2
4a842:  2020               ldb rh0,@rr2
4a844:  2020               ldb rh0,@rr2
4a846:  2020               ldb rh0,@rr2
4a848:  2020               ldb rh0,@rr2
4a84a:  2020               ldb rh0,@rr2
4a84c:  2020               ldb rh0,@rr2
4a84e:  2020               ldb rh0,@rr2
4a850:  2020               ldb rh0,@rr2
4a852:  2020               ldb rh0,@rr2
4a854:  2020               ldb rh0,@rr2
4a856:  2020               ldb rh0,@rr2
4a858:  2020               ldb rh0,@rr2
4a85a:  2020               ldb rh0,@rr2
4a85c:  2020               ldb rh0,@rr2
4a85e:  2020               ldb rh0,@rr2
4a860:  2020               ldb rh0,@rr2
4a862:  2020               ldb rh0,@rr2
4a864:  2020               ldb rh0,@rr2
4a866:  2020               ldb rh0,@rr2
4a868:  2020               ldb rh0,@rr2
4a86a:  2020               ldb rh0,@rr2
4a86c:  2020               ldb rh0,@rr2
4a86e:  2020               ldb rh0,@rr2
4a870:  2020               ldb rh0,@rr2
4a872:  2020               ldb rh0,@rr2
4a874:  2020               ldb rh0,@rr2
4a876:  2020               ldb rh0,@rr2
4a878:  2020               ldb rh0,@rr2
4a87a:  2020               ldb rh0,@rr2
4a87c:  2020               ldb rh0,@rr2
4a87e:  2020               ldb rh0,@rr2
4a880:  2020               ldb rh0,@rr2
4a882:  2020               ldb rh0,@rr2
4a884:  2020               ldb rh0,@rr2
4a886:  2020               ldb rh0,@rr2
4a888:  2020               ldb rh0,@rr2
4a88a:  2020               ldb rh0,@rr2
4a88c:  2020               ldb rh0,@rr2
4a88e:  2020               ldb rh0,@rr2
4a890:  2020               ldb rh0,@rr2
4a892:  2020               ldb rh0,@rr2
4a894:  2020               ldb rh0,@rr2
4a896:  20004352           ldb rh0,#0x52
4a89a:  49544943           xor r4,<<73>>0x0043(r5)
4a89e:  414c2053           add r12,<<32>>0x0053(r4)
4a8a2:  4543544f           or r3,<<84>>0x004f(r4)
4a8a6:  52532020           subl rr3,<<32>>0x0020(r5)
4a8aa:  2020               ldb rh0,@rr2
4a8ac:  2020               ldb rh0,@rr2
4a8ae:  2020               ldb rh0,@rr2
4a8b0:  2020               ldb rh0,@rr2
4a8b2:  20002020           ldb rh0,#0x20
4a8b6:  2020               ldb rh0,@rr2
4a8b8:  2020               ldb rh0,@rr2
4a8ba:  2020               ldb rh0,@rr2
4a8bc:  2020               ldb rh0,@rr2
4a8be:  2020               ldb rh0,@rr2
4a8c0:  2020               ldb rh0,@rr2
4a8c2:  2020               ldb rh0,@rr2
4a8c4:  2020               ldb rh0,@rr2
4a8c6:  2020               ldb rh0,@rr2
4a8c8:  2020               ldb rh0,@rr2
4a8ca:  2020               ldb rh0,@rr2
4a8cc:  2020               ldb rh0,@rr2
4a8ce:  2020               ldb rh0,@rr2
4a8d0:  2020               ldb rh0,@rr2
4a8d2:  2020               ldb rh0,@rr2
4a8d4:  2020               ldb rh0,@rr2
4a8d6:  2020               ldb rh0,@rr2
4a8d8:  2020               ldb rh0,@rr2
4a8da:  2020               ldb rh0,@rr2
4a8dc:  2020               ldb rh0,@rr2
4a8de:  2020               ldb rh0,@rr2
4a8e0:  2020               ldb rh0,@rr2
4a8e2:  20002020           ldb rh0,#0x20
4a8e6:  414e4420           add r14,<<68>>0x0020(r4)
4a8ea:  43414e43           sub r1,<<78>>0x0043(r4)
4a8ee:  454c2043           or r12,<<32>>0x0043(r4)
4a8f2:  4f4e54454e53       ext4f #0x4f4e5445,<<78>>0x0053
4a8f8:  2020               ldb rh0,@rr2
4a8fa:  2020               ldb rh0,@rr2
4a8fc:  2020               ldb rh0,@rr2
4a8fe:  2020               ldb rh0,@rr2
4a900:  3320544f           ld rr2(#0x544f),r0
4a904:  2049               ldb rl1,@rr4
4a906:  474e4f52           and r14,<<79>>0x0052(r4)
4a90a:  45204849           or r0,<<72>>0x0049(r2)
4a90e:  53544f52           push @rr5,<<79>>0x0052(r4)
4a912:  59205452           mult rr0,<<84>>0x0052(r2)
4a916:  41434b00           add r3,<<75>>0x0000(r4)
4a91a:  3220544f           ldb rr2(#0x544f),rh0
4a91e:  2052               ldb rh2,@rr5
4a920:  452d5752           or r13,<<87>>0x0052(r2)
4a924:  49544520           xor r4,<<69>>0x0020(r5)
4a928:  48495354           xorb rl1,<<83>>0x0054(r4)
4a92c:  4f5259205452       ext4f #0x4f525920,<<84>>0x0052
4a932:  41434b00           add r3,<<75>>0x0000(r4)
4a936:  3120544f           ld r0,rr2(#0x544f)
4a93a:  2049               ldb rl1,@rr4
4a93c:  474e4f52           and r14,<<79>>0x0052(r4)
4a940:  45204849           or r0,<<72>>0x0049(r2)
4a944:  53544f52           push @rr5,<<79>>0x0052(r4)
4a948:  59205452           mult rr0,<<84>>0x0052(r2)
4a94c:  41434b00           add r3,<<75>>0x0000(r4)
4a950:  3020544f           ldb rh0,rr2(#0x544f)
4a954:  2055               ldb rh5,@rr5
4a956:  50444154           cpl rr4,<<65>>0x0054(r4)
4a95a:  45204849           or r0,<<72>>0x0049(r2)
4a95e:  53544f52           push @rr5,<<79>>0x0052(r4)
4a962:  59205452           mult rr0,<<84>>0x0052(r2)
4a966:  41434b00           add r3,<<75>>0x0000(r4)
4a96a:  48495354           xorb rl1,<<83>>0x0054(r4)
4a96e:  4f5259205452       ext4f #0x4f525920,<<84>>0x0052
4a974:  41434b20           add r3,<<75>>0x0020(r4)
4a978:  4f5045524154       ext4f #0x4f504552,<<65>>0x0054
4a97e:  494f4e3a           xor r15,<<78>>0x003a(r4)
4a982:  2020               ldb rh0,@rr2
4a984:  2020               ldb rh0,@rr2
4a986:  2020               ldb rh0,@rr2
4a988:  2020               ldb rh0,@rr2
4a98a:  2020               ldb rh0,@rr2
4a98c:  2020               ldb rh0,@rr2
4a98e:  2020               ldb rh0,@rr2
4a990:  2020               ldb rh0,@rr2
4a992:  2020               ldb rh0,@rr2
4a994:  2020               ldb rh0,@rr2
4a996:  2020               ldb rh0,@rr2
4a998:  2020               ldb rh0,@rr2
4a99a:  2020               ldb rh0,@rr2
4a99c:  2020               ldb rh0,@rr2
4a99e:  2020               ldb rh0,@rr2
4a9a0:  2020               ldb rh0,@rr2
4a9a2:  2020               ldb rh0,@rr2
4a9a4:  2020               ldb rh0,@rr2
4a9a6:  2020               ldb rh0,@rr2
4a9a8:  2020               ldb rh0,@rr2
4a9aa:  3529203f           ldl rr9,rr2(#0x203f)
4a9ae:  2052               ldb rh2,@rr5
4a9b0:  45414420           or r1,<<68>>0x0020(r4)
4a9b4:  52414e44           subl rr1,<<78>>0x0044(r4)
4a9b8:  4f4d20202020       ext4f #0x4f4d2020,<<32>>0x0020
4a9be:  2020               ldb rh0,@rr2
4a9c0:  2020               ldb rh0,@rr2
4a9c2:  2020               ldb rh0,@rr2
4a9c4:  2020               ldb rh0,@rr2
4a9c6:  2020               ldb rh0,@rr2
4a9c8:  2020               ldb rh0,@rr2
4a9ca:  2020               ldb rh0,@rr2
4a9cc:  2020               ldb rh0,@rr2
4a9ce:  2020               ldb rh0,@rr2
4a9d0:  2020               ldb rh0,@rr2
4a9d2:  3429203f           lda rr9,rr2(#0x203f)
4a9d6:  2052               ldb rh2,@rr5
4a9d8:  45414420           or r1,<<68>>0x0020(r4)
4a9dc:  464f5257           andb rl7,<<82>>0x0057(r4)
4a9e0:  41524420           add r2,<<68>>0x0020(r5)
4a9e4:  2020               ldb rh0,@rr2
4a9e6:  2020               ldb rh0,@rr2
4a9e8:  2020               ldb rh0,@rr2
4a9ea:  2020               ldb rh0,@rr2
4a9ec:  2020               ldb rh0,@rr2
4a9ee:  2020               ldb rh0,@rr2
4a9f0:  2020               ldb rh0,@rr2
4a9f2:  2020               ldb rh0,@rr2
4a9f4:  2020               ldb rh0,@rr2
4a9f6:  2020               ldb rh0,@rr2
4a9f8:  2020               ldb rh0,@rr2
4a9fa:  3329203f           ld rr2(#0x203f),r9
4a9fe:  2057               ldb rh7,@rr5
4aa00:  52495445           subl rr9,<<84>>0x0045(r4)
4aa04:  2026               ldb rh6,@rr2
4aa06:  2056               ldb rh6,@rr5
4aa08:  45524946           or r2,<<73>>0x0046(r5)
4aa0c:  59204241           mult rr0,<<66>>0x0041(r2)
4aa10:  434b2020           sub r11,<<32>>0x0020(r4)
4aa14:  2020               ldb rh0,@rr2
4aa16:  2020               ldb rh0,@rr2
4aa18:  2020               ldb rh0,@rr2
4aa1a:  2020               ldb rh0,@rr2
4aa1c:  2020               ldb rh0,@rr2
4aa1e:  2020               ldb rh0,@rr2
4aa20:  2020               ldb rh0,@rr2
4aa22:  3229203f           ldb rr2(#0x203f),rl1
4aa26:  2052               ldb rh2,@rr5
4aa28:  45414420           or r1,<<68>>0x0020(r4)
4aa2c:  4241434b           subb rh1,<<67>>0x004b(r4)
4aa30:  2020               ldb rh0,@rr2
4aa32:  2020               ldb rh0,@rr2
4aa34:  2020               ldb rh0,@rr2
4aa36:  2020               ldb rh0,@rr2
4aa38:  2020               ldb rh0,@rr2
4aa3a:  2020               ldb rh0,@rr2
4aa3c:  2020               ldb rh0,@rr2
4aa3e:  2020               ldb rh0,@rr2
4aa40:  2020               ldb rh0,@rr2
4aa42:  2020               ldb rh0,@rr2
4aa44:  2020               ldb rh0,@rr2
4aa46:  2020               ldb rh0,@rr2
4aa48:  2020               ldb rh0,@rr2
4aa4a:  3129203f           ld r9,rr2(#0x203f)
4aa4e:  2057               ldb rh7,@rr5
4aa50:  52495445           subl rr9,<<84>>0x0045(r4)
4aa54:  2026               ldb rh6,@rr2
4aa56:  2056               ldb rh6,@rr5
4aa58:  45524946           or r2,<<73>>0x0046(r5)
4aa5c:  5920464f           mult rr0,<<70>>0x004f(r2)
4aa60:  52574152           subl rr7,<<65>>0x0052(r5)
4aa64:  44202020           orb rh0,<<32>>0x0020(r2)
4aa68:  2020               ldb rh0,@rr2
4aa6a:  2020               ldb rh0,@rr2
4aa6c:  2020               ldb rh0,@rr2
4aa6e:  2020               ldb rh0,@rr2
4aa70:  2020               ldb rh0,@rr2
4aa72:  00000000           addb rh0,#0x00
4aa76:  000003ff           addb rh0,#0xff
4aa7a:  00000000           addb rh0,#0x00
4aa7e:  00000000           addb rh0,#0x00
4aa82:  00000000           addb rh0,#0x00
4aa86:  00000000           addb rh0,#0x00
4aa8a:  00000000           addb rh0,#0x00
4aa8e:  00000000           addb rh0,#0x00
4aa92:  00000000           addb rh0,#0x00
4aa96:  000003ff           addb rh0,#0xff
4aa9a:  00000000           addb rh0,#0x00
4aa9e:  00000000           addb rh0,#0x00
4aaa2:  00000000           addb rh0,#0x00
4aaa6:  00000000           addb rh0,#0x00
4aaaa:  00000000           addb rh0,#0x00
4aaae:  00000000           addb rh0,#0x00
4aab2:  00000000           addb rh0,#0x00
4aab6:  000003ff           addb rh0,#0xff
4aaba:  00000000           addb rh0,#0x00
4aabe:  00000000           addb rh0,#0x00
4aac2:  00000000           addb rh0,#0x00
4aac6:  00000000           addb rh0,#0x00
4aaca:  00000000           addb rh0,#0x00
4aace:  00000000           addb rh0,#0x00
4aad2:  00000000           addb rh0,#0x00
4aad6:  000003ff           addb rh0,#0xff
4aada:  00000000           addb rh0,#0x00
4aade:  00000000           addb rh0,#0x00
4aae2:  00000000           addb rh0,#0x00
4aae6:  00000000           addb rh0,#0x00
4aaea:  00000000           addb rh0,#0x00
4aaee:  00000000           addb rh0,#0x00
4aaf2:  564f4c31           addl rr15,<<76>>0x0031(r4)
4aaf6:  45524d41           or r2,<<77>>0x0041(r5)
4aafa:  50202253           cpl rr0,<<34>>0x0053(r2)
4aafe:  4b495022           cp r9,<<80>>0x0022(r4)
4ab02:  2054               ldb rh4,@rr5
4ab04:  4f2052455455       ext4f #0x4f205245,<<84>>0x0055
4ab0a:  524e2054           subl rr14,<<32>>0x0054(r4)
4ab0e:  4f204d454e55       ext4f #0x4f204d45,<<78>>0x0055
4ab14:  48495420           xorb rl1,<<84>>0x0020(r4)
4ab18:  2245               resb @rr4,#5
4ab1a:  4e5445522220       ext4e #0x4e544552,<<34>>0x0020
4ab20:  544f2020           ldl rr15,<<32>>0x0020(r4)
4ab24:  474f204f           and r15,<<32>>0x004f(r4)
4ab28:  4e204f527669       ext4e #0x4e204f52,<<118>>0x0069
4ab2e:  64002020           setb <<32>>0x0020,#0
4ab32:  2020               ldb rh0,@rr2
4ab34:  2020               ldb rh0,@rr2
4ab36:  2020               ldb rh0,@rr2
4ab38:  2020               ldb rh0,@rr2
4ab3a:  2020               ldb rh0,@rr2
4ab3c:  2020               ldb rh0,@rr2
4ab3e:  2020               ldb rh0,@rr2
4ab40:  2020               ldb rh0,@rr2
4ab42:  2020               ldb rh0,@rr2
4ab44:  2020               ldb rh0,@rr2
4ab46:  2020               ldb rh0,@rr2
4ab48:  2044               ldb rh4,@rr4
4ab4a:  45464155           or r6,<<65>>0x0055(r4)
4ab4e:  4c542020           testb <<32>>0x0020(r5)
4ab52:  56414c55           addl rr1,<<76>>0x0055(r4)
4ab56:  45003730           or r0,<<55>>0x0030
4ab5a:  33324535           ld rr3(#0x4535),r2
4ab5e:  58473730           multl rq7,<<55>>0x0030(r4)
4ab62:  33322045           ld rr3(#0x2045),r2
4ab66:  52524f52           subl rr2,<<79>>0x0052(r5)
4ab6a:  2d52               ex r2,@rr5
4ab6c:  41544520           add r4,<<69>>0x0020(r5)
4ab70:  2020               ldb rh0,@rr2
4ab72:  2020               ldb rh0,@rr2
4ab74:  2020               ldb rh0,@rr2
4ab76:  2020               ldb rh0,@rr2
4ab78:  2020               ldb rh0,@rr2
4ab7a:  2020               ldb rh0,@rr2
4ab7c:  2020               ldb rh0,@rr2
4ab7e:  2020               ldb rh0,@rr2
4ab80:  2020               ldb rh0,@rr2
4ab82:  2020               ldb rh0,@rr2
4ab84:  2020               ldb rh0,@rr2
4ab86:  4049722d           addb rl1,<<114>>0x002d(r4)
4ab8a:  20000000           ldb rh0,#0x00
4ab8e:  402b2147           addb rl3,<<33>>0x0047(r2)
4ab92:  a000               ldb rh0,rh0
4ab94:  00004048           addb rh0,#0x48
4ab98:  2395               res @rr9,#5
4ab9a:  60000000           ldb rh0,<<0>>0x0000
4ab9e:  40286560           addb rl0,<<101>>0x0060(r2)
4aba2:  40000000           addb rh0,<<0>>0x0000
4aba6:  4046bb22e000       addb rh6,<<59>>0xe000(r4)
4abac:  00004025           addb rh0,#0x25
4abb0:  b645               sbcb rh5,rh4
4abb2:  a000               ldb rh0,rh0
4abb4:  00004045           addb rh0,#0x45
4abb8:  7d70               .word #0x7d70
4abba:  a000               ldb rh0,rh0
4abbc:  00004023           addb rh0,#0x23
4abc0:  1581               popl @rr1,@rr8
4abc2:  00000000           addb rh0,#0x00
4abc6:  404424fd           addb rh4,<<36>>0x00fd(r4)
4abca:  e000               jr f,0xabcc
4abcc:  00004020           addb rh0,#0x20
4abd0:  851e               or r14,r1
4abd2:  c000               ldb rh0,#0x00
4abd4:  00004042           addb rh0,#0x42
4abd8:  c872               ldb rl0,#0x72
4abda:  c000               ldb rh0,#0x00
4abdc:  0000401c           addb rh0,#0x1c
4abe0:  0f5c4000           ext0f #0x0f5c4000
4abe4:  00004041           addb rh0,#0x41
4abe8:  670a4000           bit <<64>>0x0000,#10
4abec:  00004017           addb rh0,#0x17
4abf0:  3f7d               out @r7,r13
4abf2:  00000000           addb rh0,#0x00
4abf6:  40400000           addb rh0,<<0>>0x0000(r4)
4abfa:  00000000           addb rh0,#0x00
4abfe:  4012a3d70000       addb rh2,<<35>>0x0000(r1)
4ac04:  0000403d           addb rh0,#0x3d
4ac08:  2418               setb @rr1,#8
4ac0a:  a000               ldb rh0,rh0
4ac0c:  0000400c           addb rh0,#0x0c
4ac10:  9168               pushl @rr6,rr8
4ac12:  60000000           ldb rh0,<<0>>0x0000
4ac16:  403a378d           addb rl2,<<55>>0x008d(r3)
4ac1a:  40000000           addb rh0,<<0>>0x0000
4ac1e:  400476c8           addb rh4,<<118>>0x00c8
4ac22:  c000               ldb rh0,#0x00
4ac24:  00004037           addb rh0,#0x37
4ac28:  35810000           ldl rr1,rr8(#0x0000)
4ac2c:  00003ffa           addb rh0,#0xfa
4ac30:  56044000           addl rr4,<<64>>0x0000
4ac34:  00004032           addb rh0,#0x32
4ac38:  7999               .word #0x7999
4ac3a:  a000               ldb rh0,rh0
4ac3c:  00003feb           addb rh0,#0xeb
4ac40:  e76c               jr c,0xad1a
4ac42:  60000000           ldb rh0,<<0>>0x0000
4ac46:  4030cfdf4000       addb rh0,<<79>>0x4000(r3)
4ac4c:  00003fd3           addb rh0,#0xd3
4ac50:  020c4000           subb rl4,#0x00
4ac54:  0000402a           addb rh0,#0x2a
4ac58:  8dd2               neg r13
4ac5a:  c000               ldb rh0,#0x00
4ac5c:  00003f94           addb rh0,#0x94
4ac60:  9518               popl rr8,@rr1
4ac62:  40000000           addb rh0,<<0>>0x0000
4ac66:  40226b85           addb rh2,<<107>>0x0085(r2)
4ac6a:  20000000           ldb rh0,#0x00
4ac6e:  00000000           addb rh0,#0x00
4ac72:  00000000           addb rh0,#0x00
4ac76:  57524954           pop <<73>>0x0054(r2),@rr5
4ac7a:  45204f4e           or r0,<<79>>0x004e(r2)
4ac7e:  2043               ldb rh3,@rr4
4ac80:  594c2e20           mult rr12,<<46>>0x0020(r4)
4ac84:  76696400           lda rr9,<<100>>0x0000(r6)
4ac88:  52454144           subl rr5,<<65>>0x0044(r4)
4ac8c:  204f               ldb rl7,@rr4
4ac8e:  4e2043594c2e       ext4e #0x4e204359,<<76>>0x002e
4ac94:  20007669           ldb rh0,#0x69
4ac98:  64002020           setb <<32>>0x0020,#0
4ac9c:  2020               ldb rh0,@rr2
4ac9e:  2020               ldb rh0,@rr2
4aca0:  2020               ldb rh0,@rr2
4aca2:  2020               ldb rh0,@rr2
4aca4:  2020               ldb rh0,@rr2
4aca6:  2020               ldb rh0,@rr2
4aca8:  2020               ldb rh0,@rr2
4acaa:  2020               ldb rh0,@rr2
4acac:  2020               ldb rh0,@rr2
4acae:  2020               ldb rh0,@rr2
4acb0:  2020               ldb rh0,@rr2
4acb2:  2020               ldb rh0,@rr2
4acb4:  2020               ldb rh0,@rr2
4acb6:  2020               ldb rh0,@rr2
4acb8:  2020               ldb rh0,@rr2
4acba:  2020               ldb rh0,@rr2
4acbc:  2020               ldb rh0,@rr2
4acbe:  2020               ldb rh0,@rr2
4acc0:  76696400           lda rr9,<<100>>0x0000(r6)
4acc4:  57524954           pop <<73>>0x0054(r2),@rr5
4acc8:  45204f4e           or r0,<<79>>0x004e(r2)
4accc:  2043               ldb rh3,@rr4
4acce:  594c2e20           mult rr12,<<46>>0x0020(r4)
4acd2:  76696400           lda rr9,<<100>>0x0000(r6)
4acd6:  52454144           subl rr5,<<65>>0x0044(r4)
4acda:  204f               ldb rl7,@rr4
4acdc:  4e2043594c2e       ext4e #0x4e204359,<<76>>0x002e
4ace2:  20007669           ldb rh0,#0x69
4ace6:  64002020           setb <<32>>0x0020,#0
4acea:  2020               ldb rh0,@rr2
4acec:  2020               ldb rh0,@rr2
4acee:  2020               ldb rh0,@rr2
4acf0:  2020               ldb rh0,@rr2
4acf2:  2020               ldb rh0,@rr2
4acf4:  2020               ldb rh0,@rr2
4acf6:  2020               ldb rh0,@rr2
4acf8:  2020               ldb rh0,@rr2
4acfa:  2020               ldb rh0,@rr2
4acfc:  2020               ldb rh0,@rr2
4acfe:  2020               ldb rh0,@rr2
4ad00:  2020               ldb rh0,@rr2
4ad02:  2020               ldb rh0,@rr2
4ad04:  2020               ldb rh0,@rr2
4ad06:  2020               ldb rh0,@rr2
4ad08:  2020               ldb rh0,@rr2
4ad0a:  2020               ldb rh0,@rr2
4ad0c:  2020               ldb rh0,@rr2
4ad0e:  76696400           lda rr9,<<100>>0x0000(r6)
4ad12:  52454144           subl rr5,<<65>>0x0044(r4)
4ad16:  204f               ldb rl7,@rr4
4ad18:  4e2043594c2e       ext4e #0x4e204359,<<76>>0x002e
4ad1e:  20007669           ldb rh0,#0x69
4ad22:  64002020           setb <<32>>0x0020,#0
4ad26:  2020               ldb rh0,@rr2
4ad28:  2020               ldb rh0,@rr2
4ad2a:  2020               ldb rh0,@rr2
4ad2c:  2020               ldb rh0,@rr2
4ad2e:  2020               ldb rh0,@rr2
4ad30:  2020               ldb rh0,@rr2
4ad32:  2020               ldb rh0,@rr2
4ad34:  2020               ldb rh0,@rr2
4ad36:  2020               ldb rh0,@rr2
4ad38:  2020               ldb rh0,@rr2
4ad3a:  2020               ldb rh0,@rr2
4ad3c:  2020               ldb rh0,@rr2
4ad3e:  2020               ldb rh0,@rr2
4ad40:  2020               ldb rh0,@rr2
4ad42:  2020               ldb rh0,@rr2
4ad44:  2020               ldb rh0,@rr2
4ad46:  2020               ldb rh0,@rr2
4ad48:  2020               ldb rh0,@rr2
4ad4a:  76696400           lda rr9,<<100>>0x0000(r6)
4ad4e:  010a011c           add r10,#0x011c
4ad52:  012e               add r14,@rr2
4ad54:  0136               add r6,@rr3
4ad56:  01080108           add r8,#0x0108
4ad5a:  0108013e           add r8,#0x013e
4ad5e:  0146               add r6,@rr4
4ad60:  0154               add r4,@rr5
4ad62:  016a               add r10,@rr6
4ad64:  018e               add r14,@rr8
4ad66:  01a0               add r0,@rr10
4ad68:  01b6               add r6,@rr11
4ad6a:  017c               add r12,@rr7
4ad6c:  01080108           add r8,#0x0108
4ad70:  01c8               add r8,@rr12
4ad72:  01d0               add r0,@rr13
4ad74:  01d8               add r8,@rr13
4ad76:  2020               ldb rh0,@rr2
4ad78:  2020               ldb rh0,@rr2
4ad7a:  2020               ldb rh0,@rr2
4ad7c:  2020               ldb rh0,@rr2
4ad7e:  2020               ldb rh0,@rr2
4ad80:  2020               ldb rh0,@rr2
4ad82:  2020               ldb rh0,@rr2
4ad84:  2020               ldb rh0,@rr2
4ad86:  2020               ldb rh0,@rr2
4ad88:  2020               ldb rh0,@rr2
4ad8a:  2020               ldb rh0,@rr2
4ad8c:  2020               ldb rh0,@rr2
4ad8e:  2020               ldb rh0,@rr2
4ad90:  2020               ldb rh0,@rr2
4ad92:  2020               ldb rh0,@rr2
4ad94:  2020               ldb rh0,@rr2
4ad96:  2020               ldb rh0,@rr2
4ad98:  2020               ldb rh0,@rr2
4ad9a:  2020               ldb rh0,@rr2
4ad9c:  76696400           lda rr9,<<100>>0x0000(r6)
4ada0:  284d               incb @rr4,#14
4ada2:  45415355           or r1,<<83>>0x0055(r4)
4ada6:  52452050           subl rr5,<<32>>0x0050(r4)
4adaa:  48415345           xorb rh1,<<83>>0x0045(r4)
4adae:  2920               inc @rr2,#1
4adb0:  4359434c           sub r9,<<67>>0x004c(r5)
4adb4:  45533a20           or r3,<<58>>0x0020(r5)
4adb8:  76696400           lda rr9,<<100>>0x0000(r6)
4adbc:  284d               incb @rr4,#14
4adbe:  45415355           or r1,<<83>>0x0055(r4)
4adc2:  52452050           subl rr5,<<32>>0x0050(r4)
4adc6:  48415345           xorb rh1,<<83>>0x0045(r4)
4adca:  2920               inc @rr2,#1
4adcc:  4359434c           sub r9,<<67>>0x004c(r5)
4add0:  45533a20           or r3,<<58>>0x0020(r5)
4add4:  76696400           lda rr9,<<100>>0x0000(r6)
4add8:  2020               ldb rh0,@rr2
4adda:  2020               ldb rh0,@rr2
4addc:  2020               ldb rh0,@rr2
4adde:  2020               ldb rh0,@rr2
4ade0:  2020               ldb rh0,@rr2
4ade2:  2020               ldb rh0,@rr2
4ade4:  2020               ldb rh0,@rr2
4ade6:  2020               ldb rh0,@rr2
4ade8:  2020               ldb rh0,@rr2
4adea:  2020               ldb rh0,@rr2
4adec:  2020               ldb rh0,@rr2
4adee:  2020               ldb rh0,@rr2
4adf0:  2020               ldb rh0,@rr2
4adf2:  2020               ldb rh0,@rr2
4adf4:  2020               ldb rh0,@rr2
4adf6:  2020               ldb rh0,@rr2
4adf8:  2020               ldb rh0,@rr2
4adfa:  2020               ldb rh0,@rr2
4adfc:  2020               ldb rh0,@rr2
4adfe:  76696400           lda rr9,<<100>>0x0000(r6)
4ae02:  284d               incb @rr4,#14
4ae04:  45415355           or r1,<<83>>0x0055(r4)
4ae08:  52452050           subl rr5,<<32>>0x0050(r4)
4ae0c:  48415345           xorb rh1,<<83>>0x0045(r4)
4ae10:  2920               inc @rr2,#1
4ae12:  4359434c           sub r9,<<67>>0x004c(r5)
4ae16:  45533a20           or r3,<<58>>0x0020(r5)
4ae1a:  76696400           lda rr9,<<100>>0x0000(r6)
4ae1e:  284d               incb @rr4,#14
4ae20:  45415355           or r1,<<83>>0x0055(r4)
4ae24:  52452050           subl rr5,<<32>>0x0050(r4)
4ae28:  48415345           xorb rh1,<<83>>0x0045(r4)
4ae2c:  2920               inc @rr2,#1
4ae2e:  4359434c           sub r9,<<67>>0x004c(r5)
4ae32:  45533a20           or r3,<<58>>0x0020(r5)
4ae36:  76696400           lda rr9,<<100>>0x0000(r6)
4ae3a:  65727200           set <<114>>0x0000(r7),#2
4ae3e:  65727200           set <<114>>0x0000(r7),#2
4ae42:  53544152           push @rr5,<<65>>0x0052(r4)
4ae46:  54204d45           ldl rr0,<<77>>0x0045(r2)
4ae4a:  41535552           add r3,<<85>>0x0052(r5)
4ae4e:  45205048           or r0,<<80>>0x0048(r2)
4ae52:  41534500           add r3,<<69>>0x0000(r5)
4ae56:  65727200           set <<114>>0x0000(r7),#2
4ae5a:  50415454           cpl rr1,<<84>>0x0054(r4)
4ae5e:  45524e3d           or r2,<<78>>0x003d(r5)
4ae62:  20006572           ldb rh0,#0x72
4ae66:  7200               .word #0x7200
4ae68:  2041               ldb rh1,@rr4
4ae6a:  4253454e           subb rh3,<<69>>0x004e(r5)
4ae6e:  54005055           ldl rr0,<<80>>0x0055
4ae72:  2000204e           ldb rh0,#0x4e
4ae76:  4f5420524541       ext4f #0x4f542052,<<69>>0x0041
4ae7c:  44595055           orb rl1,<<80>>0x0055(r5)
4ae80:  20005245           ldb rh0,#0x45
4ae84:  434f5244           sub r15,<<82>>0x0044(r4)
4ae88:  494e4720           xor r14,<<71>>0x0020(r4)
4ae8c:  4f5045524154       ext4f #0x4f504552,<<65>>0x0054
4ae92:  494f4e20           xor r15,<<78>>0x0020(r4)
4ae96:  4e4f5420414c       ext4e #0x4e4f5420,<<65>>0x004c
4ae9c:  4c4f               .word #0x4c4f
4ae9e:  57454400           pop <<68>>0x0000(r5),@rr4
4aea2:  57524954           pop <<73>>0x0054(r2),@rr5
4aea6:  45205052           or r0,<<80>>0x0052(r2)
4aeaa:  4f5445435420       ext4f #0x4f544543,<<84>>0x0020
4aeb0:  4d4544494120       ld <<68>>0x0049(r4),#0x4120
4aeb6:  2020               ldb rh0,@rr2
4aeb8:  2020               ldb rh0,@rr2
4aeba:  2020               ldb rh0,@rr2
4aebc:  2020               ldb rh0,@rr2
4aebe:  2020               ldb rh0,@rr2
4aec0:  2020               ldb rh0,@rr2
4aec2:  2020               ldb rh0,@rr2
4aec4:  2020               ldb rh0,@rr2
4aec6:  2020               ldb rh0,@rr2
4aec8:  2020               ldb rh0,@rr2
4aeca:  434f4e54           sub r15,<<78>>0x0054(r4)
4aece:  524f4c4c           subl rr15,<<76>>0x004c(r4)
4aed2:  45522049           or r2,<<32>>0x0049(r5)
4aed6:  4e495449414c       ext4e #0x4e495449,<<65>>0x004c
4aedc:  495a4154           xor r10,<<65>>0x0054(r5)
4aee0:  494f4e20           xor r15,<<78>>0x0020(r4)
4aee4:  4552524f           or r2,<<82>>0x004f(r5)
4aee8:  5200484f           subl rr0,<<72>>0x004f
4aeec:  4d4520455252       ld <<32>>0x0045(r4),#0x5252
4aef2:  4f525345454b       ext4f #0x4f525345,<<69>>0x004b
4aef8:  2045               ldb rh5,@rr4
4aefa:  52524f52           subl rr2,<<79>>0x0052(r5)
4aefe:  2053               ldb rh3,@rr5
4af00:  454c4543           or r12,<<69>>0x0043(r4)
4af04:  54454420           ldl rr5,<<68>>0x0020(r4)
4af08:  43594c3d           sub r9,<<76>>0x003d(r5)
4af0c:  45585045           or r8,<<80>>0x0045(r5)
4af10:  43544544           sub r4,<<69>>0x0044(r5)
4af14:  2043               ldb rh3,@rr4
4af16:  594c3d00           mult rr12,<<61>>0x0000(r4)
4af1a:  57524f4e           pop <<79>>0x004e(r2),@rr5
4af1e:  47204359           and r0,<<67>>0x0059(r2)
4af22:  4c49               .word #0x4c49
4af24:  4e4445522053       ext4e #0x4e444552,<<32>>0x0053
4af2a:  454c4543           or r12,<<69>>0x0043(r4)
4af2e:  54454420           ldl rr5,<<68>>0x0020(r4)
4af32:  2020               ldb rh0,@rr2
4af34:  2020               ldb rh0,@rr2
4af36:  2020               ldb rh0,@rr2
4af38:  2020               ldb rh0,@rr2
4af3a:  2020               ldb rh0,@rr2
4af3c:  2020               ldb rh0,@rr2
4af3e:  2020               ldb rh0,@rr2
4af40:  2020               ldb rh0,@rr2
4af42:  2053               ldb rh3,@rr5
4af44:  454c4543           or r12,<<69>>0x0043(r4)
4af48:  54454420           ldl rr5,<<68>>0x0020(r4)
4af4c:  41204241           add r0,<<66>>0x0041(r2)
4af50:  44204359           orb rh0,<<67>>0x0059(r2)
4af54:  4c2e               .word #0x4c2e
4af56:  45585045           or r8,<<80>>0x0045(r5)
4af5a:  43544544           sub r4,<<69>>0x0044(r5)
4af5e:  2043               ldb rh3,@rr4
4af60:  594c3d00           mult rr12,<<61>>0x0000(r4)
4af64:  57524f4e           pop <<79>>0x004e(r2),@rr5
4af68:  47204359           and r0,<<67>>0x0059(r2)
4af6c:  4c49               .word #0x4c49
4af6e:  4e4445522053       ext4e #0x4e444552,<<32>>0x0053
4af74:  454c4543           or r12,<<69>>0x0043(r4)
4af78:  54454420           ldl rr5,<<68>>0x0020(r4)
4af7c:  2020               ldb rh0,@rr2
4af7e:  2020               ldb rh0,@rr2
4af80:  2020               ldb rh0,@rr2
4af82:  2020               ldb rh0,@rr2
4af84:  2020               ldb rh0,@rr2
4af86:  2020               ldb rh0,@rr2
4af88:  2020               ldb rh0,@rr2
4af8a:  2020               ldb rh0,@rr2
4af8c:  45585045           or r8,<<80>>0x0045(r5)
4af90:  43544544           sub r4,<<69>>0x0044(r5)
4af94:  2043               ldb rh3,@rr4
4af96:  594c3d00           mult rr12,<<61>>0x0000(r4)
4af9a:  554e4b4e           popl <<75>>0x004e(r14),@rr4
4af9e:  4f574e204359       ext4f #0x4f574e20,<<67>>0x0059
4afa4:  4c49               .word #0x4c49
4afa6:  4e4445522053       ext4e #0x4e444552,<<32>>0x0053
4afac:  454c4543           or r12,<<69>>0x0043(r4)
4afb0:  54454420           ldl rr5,<<68>>0x0020(r4)
4afb4:  2020               ldb rh0,@rr2
4afb6:  2020               ldb rh0,@rr2
4afb8:  2020               ldb rh0,@rr2
4afba:  2020               ldb rh0,@rr2
4afbc:  2020               ldb rh0,@rr2
4afbe:  2020               ldb rh0,@rr2
4afc0:  2020               ldb rh0,@rr2
4afc2:  2054               ldb rh4,@rr5
4afc4:  4f2043594c3d       ext4f #0x4f204359,<<76>>0x003d
4afca:  46524f4d           andb rh2,<<79>>0x004d(r5)
4afce:  2043               ldb rh3,@rr4
4afd0:  594c3d00           mult rr12,<<61>>0x0000(r4)
4afd4:  43594c20           sub r9,<<76>>0x0020(r5)
4afd8:  504f5349           cpl rr15,<<83>>0x0049(r4)
4afdc:  54494f4e           ldl rr9,<<79>>0x004e(r4)
4afe0:  204c               ldb rl4,@rr4
4afe2:  4f5354204455       ext4f #0x4f535420,<<68>>0x0055
4afe8:  52494e47           subl rr9,<<78>>0x0047(r4)
4afec:  2049               ldb rl1,@rr4
4afee:  2f4f               ld @rr4,r15
4aff0:  204f               ldb rl7,@rr4
4aff2:  50455241           cpl rr5,<<82>>0x0041(r4)
4aff6:  54494f4e           ldl rr9,<<79>>0x004e(r4)
4affa:  2020               ldb rh0,@rr2
4affc:  2054               ldb rh4,@rr5
4affe:  4f2041204241       ext4f #0x4f204120,<<66>>0x0041
4b004:  44204359           orb rh0,<<67>>0x0059(r2)
4b008:  4c2e               .word #0x4c2e
4b00a:  46524f4d           andb rh2,<<79>>0x004d(r5)
4b00e:  2043               ldb rh3,@rr4
4b010:  594c3d00           mult rr12,<<61>>0x0000(r4)
4b014:  43594c20           sub r9,<<76>>0x0020(r5)
4b018:  504f5349           cpl rr15,<<83>>0x0049(r4)
4b01c:  54494f4e           ldl rr9,<<79>>0x004e(r4)
4b020:  204c               ldb rl4,@rr4
4b022:  4f5354204455       ext4f #0x4f535420,<<68>>0x0055
4b028:  52494e47           subl rr9,<<78>>0x0047(r4)
4b02c:  2049               ldb rl1,@rr4
4b02e:  2f4f               ld @rr4,r15
4b030:  204f               ldb rl7,@rr4
4b032:  50455241           cpl rr5,<<82>>0x0041(r4)
4b036:  54494f4e           ldl rr9,<<79>>0x004e(r4)
4b03a:  2020               ldb rh0,@rr2
4b03c:  2054               ldb rh4,@rr5
4b03e:  4f20554e4b4e       ext4f #0x4f20554e,<<75>>0x004e
4b044:  4f572043594c       ext4f #0x4f572043,<<89>>0x004c
4b04a:  46524f4d           andb rh2,<<79>>0x004d(r5)
4b04e:  2043               ldb rh3,@rr4
4b050:  594c3d00           mult rr12,<<61>>0x0000(r4)
4b054:  43594c20           sub r9,<<76>>0x0020(r5)
4b058:  504f5349           cpl rr15,<<83>>0x0049(r4)
4b05c:  54494f4e           ldl rr9,<<79>>0x004e(r4)
4b060:  204c               ldb rl4,@rr4
4b062:  4f5354204455       ext4f #0x4f535420,<<68>>0x0055
4b068:  52494e47           subl rr9,<<78>>0x0047(r4)
4b06c:  2049               ldb rl1,@rr4
4b06e:  2f4f               ld @rr4,r15
4b070:  204f               ldb rl7,@rr4
4b072:  50455241           cpl rr5,<<82>>0x0041(r4)
4b076:  54494f4e           ldl rr9,<<79>>0x004e(r4)
4b07a:  2020               ldb rh0,@rr2
4b07c:  2053               ldb rh3,@rr5
4b07e:  45433d00           or r3,<<61>>0x0000(r4)
4b082:  43594c3d           sub r9,<<76>>0x003d(r5)
4b086:  65727200           set <<114>>0x0000(r7),#2
4b08a:  44415441           orb rh1,<<84>>0x0041(r4)
4b08e:  2046               ldb rh6,@rr4
4b090:  49454c44           xor r5,<<76>>0x0044(r4)
4b094:  2057               ldb rh7,@rr5
4b096:  52495445           subl rr9,<<84>>0x0045(r4)
4b09a:  2045               ldb rh5,@rr4
4b09c:  52524f52           subl rr2,<<79>>0x0052(r5)
4b0a0:  2020               ldb rh0,@rr2
4b0a2:  2020               ldb rh0,@rr2
4b0a4:  2020               ldb rh0,@rr2
4b0a6:  2020               ldb rh0,@rr2
4b0a8:  2020               ldb rh0,@rr2
4b0aa:  2020               ldb rh0,@rr2
4b0ac:  2020               ldb rh0,@rr2
4b0ae:  2020               ldb rh0,@rr2
4b0b0:  2020               ldb rh0,@rr2
4b0b2:  40240000           addb rh4,<<0>>0x0000(r2)
4b0b6:  00000000           addb rh0,#0x00
4b0ba:  40240000           addb rh4,<<0>>0x0000(r2)
4b0be:  00000000           addb rh0,#0x00
4b0c2:  4d415820434f       cp <<88>>0x0020(r4),#0x434f
4b0c8:  4e5345435554       ext4e #0x4e534543,<<85>>0x0054
4b0ce:  49564520           xor r6,<<69>>0x0020(r5)
4b0d2:  4944204f           xor r4,<<32>>0x004f(r4)
4b0d6:  52204441           subl rr0,<<68>>0x0041(r2)
4b0da:  54412045           ldl rr1,<<32>>0x0045(r4)
4b0de:  52523d20           subl rr2,<<61>>0x0020(r5)
4b0e2:  65727200           set <<114>>0x0000(r7),#2
4b0e6:  3f20               out @r2,r0
4b0e8:  20002520           ldb rh0,#0x20
4b0ec:  2044               ldb rh4,@rr4
4b0ee:  41544120           add r4,<<65>>0x0020(r5)
4b0f2:  2520               set @rr2,#0
4b0f4:  2044               ldb rh4,@rr4
4b0f6:  41544120           add r4,<<65>>0x0020(r5)
4b0fa:  3f20               out @r2,r0
4b0fc:  20004552           ldb rh0,#0x52
4b100:  524f5220           subl rr15,<<82>>0x0020(r4)
4b104:  52415445           subl rr1,<<84>>0x0045(r4)
4b108:  3a204944           inirb @rr4,@r2,r9
4b10c:  20004552           ldb rh0,#0x52
4b110:  524f5220           subl rr15,<<82>>0x0020(r4)
4b114:  52415445           subl rr1,<<84>>0x0045(r4)
4b118:  3a204944           inirb @rr4,@r2,r9
4b11c:  20006572           ldb rh0,#0x72
4b120:  7200               .word #0x7200
4b122:  53454354           push @rr4,<<67>>0x0054(r5)
4b126:  4f52204e4f54       ext4f #0x4f52204e,<<79>>0x0054
4b12c:  2046               ldb rh6,@rr4
4b12e:  4f554e442020       ext4f #0x4f554e44,<<32>>0x0020
4b134:  2020               ldb rh0,@rr2
4b136:  4e2e3d206572       ext4e #0x4e2e3d20,<<101>>0x0072
4b13c:  7200               .word #0x7200
4b13e:  44415441           orb rh1,<<84>>0x0041(r4)
4b142:  204d               ldb rl5,@rr4
4b144:  41524b20           add r2,<<75>>0x0020(r5)
4b148:  4e4f5420464f       ext4e #0x4e4f5420,<<70>>0x004f
4b14e:  554e4420           popl <<68>>0x0020(r14),@rr4
4b152:  4e2e3d206572       ext4e #0x4e2e3d20,<<101>>0x0072
4b158:  7200               .word #0x7200
4b15a:  44415441           orb rh1,<<84>>0x0041(r4)
4b15e:  2046               ldb rh6,@rr4
4b160:  49454c44           xor r5,<<76>>0x0044(r4)
4b164:  2045               ldb rh5,@rr4
4b166:  52524f52           subl rr2,<<79>>0x0052(r5)
4b16a:  53202020           push @rr2,<<32>>0x0020
4b16e:  4e2e3d206572       ext4e #0x4e2e3d20,<<101>>0x0072
4b174:  7200               .word #0x7200
4b176:  57524954           pop <<73>>0x0054(r2),@rr5
4b17a:  45204e55           or r0,<<78>>0x0055(r2)
4b17e:  4d424552           neg <<69>>0x0052(r4)
4b182:  3d20               in r0,@r2
4b184:  65727200           set <<114>>0x0000(r7),#2
4b188:  2053               ldb rh3,@rr5
4b18a:  45433d00           or r3,<<61>>0x0000(r4)
4b18e:  4552524f           or r2,<<82>>0x004f(r5)
4b192:  52204f4e           subl rr0,<<79>>0x004e(r2)
4b196:  2043               ldb rh3,@rr4
4b198:  594c3d00           mult rr12,<<61>>0x0000(r4)
4b19c:  65727200           set <<114>>0x0000(r7),#2
4b1a0:  42555253           subb rh5,<<82>>0x0053(r5)
4b1a4:  54204c45           ldl rr0,<<76>>0x0045(r2)
4b1a8:  4e4754483d20       ext4e #0x4e475448,<<61>>0x0020
4b1ae:  65727200           set <<114>>0x0000(r7),#2
4b1b2:  2053               ldb rh3,@rr5
4b1b4:  45433d00           or r3,<<61>>0x0000(r4)
4b1b8:  43594c3d           sub r9,<<76>>0x003d(r5)
4b1bc:  65727200           set <<114>>0x0000(r7),#2
4b1c0:  44415441           orb rh1,<<84>>0x0041(r4)
4b1c4:  2046               ldb rh6,@rr4
4b1c6:  49454c44           xor r5,<<76>>0x0044(r4)
4b1ca:  2052               ldb rh2,@rr5
4b1cc:  45414420           or r1,<<68>>0x0020(r4)
4b1d0:  4552524f           or r2,<<82>>0x004f(r5)
4b1d4:  52202020           subl rr0,<<32>>0x0020(r2)
4b1d8:  2020               ldb rh0,@rr2
4b1da:  2020               ldb rh0,@rr2
4b1dc:  2020               ldb rh0,@rr2
4b1de:  2020               ldb rh0,@rr2
4b1e0:  2020               ldb rh0,@rr2
4b1e2:  2020               ldb rh0,@rr2
4b1e4:  2020               ldb rh0,@rr2
4b1e6:  2020               ldb rh0,@rr2
4b1e8:  40240000           addb rh4,<<0>>0x0000(r2)
4b1ec:  00000000           addb rh0,#0x00
4b1f0:  40240000           addb rh4,<<0>>0x0000(r2)
4b1f4:  00000000           addb rh0,#0x00
4b1f8:  4d415820434f       cp <<88>>0x0020(r4),#0x434f
4b1fe:  4e5345435554       ext4e #0x4e534543,<<85>>0x0054
4b204:  49564520           xor r6,<<69>>0x0020(r5)
4b208:  4944204f           xor r4,<<32>>0x004f(r4)
4b20c:  52204441           subl rr0,<<68>>0x0041(r2)
4b210:  54412045           ldl rr1,<<32>>0x0045(r4)
4b214:  52523d00           subl rr2,<<61>>0x0000(r5)
4b218:  65727200           set <<114>>0x0000(r7),#2
4b21c:  3f20               out @r2,r0
4b21e:  20002520           ldb rh0,#0x20
4b222:  2044               ldb rh4,@rr4
4b224:  41544120           add r4,<<65>>0x0020(r5)
4b228:  2520               set @rr2,#0
4b22a:  2044               ldb rh4,@rr4
4b22c:  41544120           add r4,<<65>>0x0020(r5)
4b230:  3f20               out @r2,r0
4b232:  20004552           ldb rh0,#0x52
4b236:  524f5220           subl rr15,<<82>>0x0020(r4)
4b23a:  52415445           subl rr1,<<84>>0x0045(r4)
4b23e:  3a202049           inib @rr4,@r2,r0
4b242:  44204552           orb rh0,<<69>>0x0052(r2)
4b246:  524f5220           subl rr15,<<82>>0x0020(r4)
4b24a:  52415445           subl rr1,<<84>>0x0045(r4)
4b24e:  3a202049           inib @rr4,@r2,r0
4b252:  44206572           orb rh0,<<101>>0x0072(r2)
4b256:  7200               .word #0x7200
4b258:  53454354           push @rr4,<<67>>0x0054(r5)
4b25c:  4f52204e4f54       ext4f #0x4f52204e,<<79>>0x0054
4b262:  2046               ldb rh6,@rr4
4b264:  4f554e442020       ext4f #0x4f554e44,<<32>>0x0020
4b26a:  2020               ldb rh0,@rr2
4b26c:  2020               ldb rh0,@rr2
4b26e:  204e               ldb rl6,@rr4
4b270:  2e3d               ldb @rr3,rl5
4b272:  20006572           ldb rh0,#0x72
4b276:  7200               .word #0x7200
4b278:  3f20               out @r2,r0
4b27a:  204d               ldb rl5,@rr4
4b27c:  494e3d00           xor r14,<<61>>0x0000(r4)
4b280:  3f20               out @r2,r0
4b282:  4d41583d6572       cp <<88>>0x003d(r4),#0x6572
4b288:  7200               .word #0x7200
4b28a:  204d               ldb rl5,@rr4
4b28c:  494e3d00           xor r14,<<61>>0x0000(r4)
4b290:  4d41583d6572       cp <<88>>0x003d(r4),#0x6572
4b296:  7200               .word #0x7200
4b298:  42555253           subb rh5,<<82>>0x0053(r5)
4b29c:  54204c45           ldl rr0,<<76>>0x0045(r2)
4b2a0:  4e4754483a20       ext4e #0x4e475448,<<58>>0x0020
4b2a6:  2020               ldb rh0,@rr2
4b2a8:  2020               ldb rh0,@rr2
4b2aa:  2020               ldb rh0,@rr2
4b2ac:  2020               ldb rh0,@rr2
4b2ae:  2020               ldb rh0,@rr2
4b2b0:  2020               ldb rh0,@rr2
4b2b2:  2020               ldb rh0,@rr2
4b2b4:  2020               ldb rh0,@rr2
4b2b6:  2020               ldb rh0,@rr2
4b2b8:  2020               ldb rh0,@rr2
4b2ba:  2020               ldb rh0,@rr2
4b2bc:  2020               ldb rh0,@rr2
4b2be:  2020               ldb rh0,@rr2
4b2c0:  44415441           orb rh1,<<84>>0x0041(r4)
4b2c4:  204d               ldb rl5,@rr4
4b2c6:  41524b20           add r2,<<75>>0x0020(r5)
4b2ca:  4e4f5420464f       ext4e #0x4e4f5420,<<70>>0x004f
4b2d0:  554e4420           popl <<68>>0x0020(r14),@rr4
4b2d4:  2020               ldb rh0,@rr2
4b2d6:  204e               ldb rl6,@rr4
4b2d8:  2e3d               ldb @rr3,rl5
4b2da:  20006572           ldb rh0,#0x72
4b2de:  7200               .word #0x7200
4b2e0:  44415441           orb rh1,<<84>>0x0041(r4)
4b2e4:  2046               ldb rh6,@rr4
4b2e6:  49454c44           xor r5,<<76>>0x0044(r4)
4b2ea:  2045               ldb rh5,@rr4
4b2ec:  52524f52           subl rr2,<<79>>0x0052(r5)
4b2f0:  53202020           push @rr2,<<32>>0x0020
4b2f4:  2020               ldb rh0,@rr2
4b2f6:  204e               ldb rl6,@rr4
4b2f8:  2e3d               ldb @rr3,rl5
4b2fa:  20006572           ldb rh0,#0x72
4b2fe:  7200               .word #0x7200
4b300:  52454144           subl rr5,<<65>>0x0044(r4)
4b304:  204e               ldb rl6,@rr4
4b306:  554d4245           popl <<66>>0x0045(r13),@rr4
4b30a:  523d2000           subl rr13,<<32>>0x0000(r3)
4b30e:  65727200           set <<114>>0x0000(r7),#2
4b312:  2053               ldb rh3,@rr5
4b314:  45433d00           or r3,<<61>>0x0000(r4)
4b318:  4552524f           or r2,<<82>>0x004f(r5)
4b31c:  52204f4e           subl rr0,<<79>>0x004e(r2)
4b320:  2043               ldb rh3,@rr4
4b322:  594c3d00           mult rr12,<<61>>0x0000(r4)
4b326:  65727200           set <<114>>0x0000(r7),#2
4b32a:  2053               ldb rh3,@rr5
4b32c:  45433d00           or r3,<<61>>0x0000(r4)
4b330:  43594c3d           sub r9,<<76>>0x003d(r5)
4b334:  65727200           set <<114>>0x0000(r7),#2
4b338:  53454354           push @rr4,<<67>>0x0054(r5)
4b33c:  4f5220494445       ext4f #0x4f522049,<<68>>0x0045
4b342:  4e5449464945       ext4e #0x4e544946,<<73>>0x0045
4b348:  52204e4f           subl rr0,<<78>>0x004f(r2)
4b34c:  5420464f           ldl rr0,<<70>>0x004f(r2)
4b350:  554e4420           popl <<68>>0x0020(r14),@rr4
4b354:  2020               ldb rh0,@rr2
4b356:  2020               ldb rh0,@rr2
4b358:  2020               ldb rh0,@rr2
4b35a:  2020               ldb rh0,@rr2
4b35c:  2020               ldb rh0,@rr2
4b35e:  2020               ldb rh0,@rr2
4b360:  2053               ldb rh3,@rr5
4b362:  45433d00           or r3,<<61>>0x0000(r4)
4b366:  43594c3d           sub r9,<<76>>0x003d(r5)
4b36a:  65727200           set <<114>>0x0000(r7),#2
4b36e:  44415441           orb rh1,<<84>>0x0041(r4)
4b372:  2046               ldb rh6,@rr4
4b374:  49454c44           xor r5,<<76>>0x0044(r4)
4b378:  204e               ldb rl6,@rr4
4b37a:  4f5420464f55       ext4f #0x4f542046,<<79>>0x0055
4b380:  4e4420202020       ext4e #0x4e442020,<<32>>0x0020
4b386:  2020               ldb rh0,@rr2
4b388:  2020               ldb rh0,@rr2
4b38a:  2020               ldb rh0,@rr2
4b38c:  2020               ldb rh0,@rr2
4b38e:  2020               ldb rh0,@rr2
4b390:  2020               ldb rh0,@rr2
4b392:  2020               ldb rh0,@rr2
4b394:  2020               ldb rh0,@rr2
4b396:  48415244           xorb rh1,<<82>>0x0044(r4)
4b39a:  57415245           pop <<82>>0x0045(r1),@rr4
4b39e:  2045               ldb rh5,@rr4
4b3a0:  52524f52           subl rr2,<<79>>0x0052(r5)
4b3a4:  494e434f           xor r14,<<67>>0x004f(r4)
4b3a8:  48455245           xorb rh5,<<82>>0x0045(r4)
4b3ac:  4e5420492f4f       ext4e #0x4e542049,<<47>>0x004f
4b3b2:  2052               ldb rh2,@rr5
4b3b4:  4f5554494e45       ext4f #0x4f555449,<<78>>0x0045
4b3ba:  2041               ldb rh1,@rr4
4b3bc:  4e5357455220       ext4e #0x4e535745,<<82>>0x0020
4b3c2:  2020               ldb rh0,@rr2
4b3c4:  2020               ldb rh0,@rr2
4b3c6:  2020               ldb rh0,@rr2
4b3c8:  2020               ldb rh0,@rr2
4b3ca:  2020               ldb rh0,@rr2
4b3cc:  2053               ldb rh3,@rr5
4b3ce:  45433d00           or r3,<<61>>0x0000(r4)
4b3d2:  43594c3d           sub r9,<<76>>0x003d(r5)
4b3d6:  65727200           set <<114>>0x0000(r7),#2
4b3da:  42592054           subb rl1,<<32>>0x0054(r5)
4b3de:  48452053           xorb rh5,<<32>>0x0053(r4)
4b3e2:  59535445           mult rr3,<<84>>0x0045(r5)
4b3e6:  4d2e               .word #0x4d2e
4b3e8:  2048               ldb rl0,@rr4
4b3ea:  41524457           add r2,<<68>>0x0057(r5)
4b3ee:  41524520           add r2,<<69>>0x0020(r5)
4b3f2:  4641494c           andb rh1,<<73>>0x004c(r4)
4b3f6:  55524520           popl <<69>>0x0020(r2),@rr5
4b3fa:  2020               ldb rh0,@rr2
4b3fc:  2020               ldb rh0,@rr2
4b3fe:  2020               ldb rh0,@rr2
4b400:  2020               ldb rh0,@rr2
4b402:  4d454d4f5259       ld <<77>>0x004f(r4),#0x5259
4b408:  2054               ldb rh4,@rr5
4b40a:  52414e53           subl rr1,<<78>>0x0053(r4)
4b40e:  46455220           andb rh5,<<82>>0x0020(r4)
4b412:  44415441           orb rh1,<<84>>0x0041(r4)
4b416:  2045               ldb rh5,@rr4
4b418:  52524f52           subl rr2,<<79>>0x0052(r5)
4b41c:  204e               ldb rl6,@rr4
4b41e:  4f5420444554       ext4f #0x4f542044,<<69>>0x0054
4b424:  45435445           or r3,<<84>>0x0045(r4)
4b428:  44204841           orb rh0,<<72>>0x0041(r2)
4b42c:  52445741           subl rr4,<<87>>0x0041(r4)
4b430:  52452046           subl rr5,<<32>>0x0046(r4)
4b434:  41494c55           add r9,<<76>>0x0055(r4)
4b438:  52455449           subl rr5,<<84>>0x0049(r4)
4b43c:  4d45204f5554       ld <<32>>0x004f(r4),#0x5554
4b442:  2044               ldb rh4,@rr4
4b444:  5552494e           popl <<73>>0x004e(r2),@rr5
4b448:  4720492f           and r0,<<73>>0x002f(r2)
4b44c:  4f204f504552       ext4f #0x4f204f50,<<69>>0x0052
4b452:  4154494f           add r4,<<73>>0x004f(r5)
4b456:  4e2020202020       ext4e #0x4e202020,<<32>>0x0020
4b45c:  2020               ldb rh0,@rr2
4b45e:  2020               ldb rh0,@rr2
4b460:  2020               ldb rh0,@rr2
4b462:  48415244           xorb rh1,<<82>>0x0044(r4)
4b466:  57415245           pop <<82>>0x0045(r1),@rr4
4b46a:  2046               ldb rh6,@rr4
4b46c:  41494c55           add r9,<<76>>0x0055(r4)
4b470:  52454e4f           subl rr5,<<78>>0x004f(r4)
4b474:  5420464f           ldl rr0,<<70>>0x004f(r2)
4b478:  554e442e           popl <<68>>0x002e(r14),@rr4
4b47c:  2050               ldb rh0,@rr5
4b47e:  524f4752           subl rr15,<<71>>0x0052(r4)
4b482:  414d2041           add r13,<<32>>0x0041(r4)
4b486:  424f5254           subb rl7,<<82>>0x0054(r4)
4b48a:  5300               .word #0x5300
4b48c:  54524143           ldl rr2,<<65>>0x0043(r5)
4b490:  4b203020           cp r0,<<48>>0x0020(r2)
4b494:  554e5245           popl <<82>>0x0045(r14),@rr4
4b498:  41444142           add r4,<<65>>0x0042(r4)
4b49c:  4c4521205354       ldb <<33>>0x0020(r4),#0x54
4b4a2:  44203137           orb rh0,<<49>>0x0037(r2)
4b4a6:  2020               ldb rh0,@rr2
4b4a8:  2020               ldb rh0,@rr2
4b4aa:  2020               ldb rh0,@rr2
4b4ac:  2020               ldb rh0,@rr2
4b4ae:  2020               ldb rh0,@rr2
4b4b0:  2020               ldb rh0,@rr2
4b4b2:  2020               ldb rh0,@rr2
4b4b4:  50524f47           cpl rr2,<<79>>0x0047(r5)
4b4b8:  52414d20           subl rr1,<<77>>0x0020(r4)
4b4bc:  41424f52           add r2,<<79>>0x0052(r4)
4b4c0:  54535354           ldl rr3,<<83>>0x0054(r5)
4b4c4:  44203137           orb rh0,<<49>>0x0037(r2)
4b4c8:  2052               ldb rh2,@rr5
4b4ca:  45434f52           or r3,<<79>>0x0052(r4)
4b4ce:  44454420           orb rh5,<<68>>0x0020(r4)
4b4d2:  4f4e20545241       ext4f #0x4f4e2054,<<82>>0x0041
4b4d8:  434b2030           sub r11,<<32>>0x0030(r4)
4b4dc:  204e               ldb rl6,@rr4
4b4de:  4f5420434f52       ext4f #0x4f542043,<<79>>0x0052
4b4e4:  52454354           subl rr5,<<67>>0x0054(r4)
4b4e8:  2e20               ldb @rr2,rh0
4b4ea:  50524f47           cpl rr2,<<79>>0x0047(r5)
4b4ee:  52414d20           subl rr1,<<77>>0x0020(r4)
4b4f2:  41424f52           add r2,<<79>>0x0052(r4)
4b4f6:  54535641           ldl rr3,<<86>>0x0041(r5)
4b4fa:  4c49               .word #0x4c49
4b4fc:  4420464f           orb rh0,<<70>>0x004f(r2)
4b500:  5220414e           subl rr0,<<65>>0x004e(r2)
4b504:  4f5448455220       ext4f #0x4f544845,<<82>>0x0020
4b50a:  54595045           ldl rr9,<<80>>0x0045(r5)
4b50e:  204f               ldb rl7,@rr4
4b510:  46204449           andb rh0,<<68>>0x0049(r2)
4b514:  534b2120           push @rr4,<<33>>0x0020(r11)
4b518:  2020               ldb rh0,@rr2
4b51a:  2020               ldb rh0,@rr2
4b51c:  2020               ldb rh0,@rr2
4b51e:  2020               ldb rh0,@rr2
4b520:  54484520           ldl rr8,<<69>>0x0020(r4)
4b524:  44454641           orb rh5,<<70>>0x0041(r4)
4b528:  554c5420           popl <<84>>0x0020(r12),@rr4
4b52c:  50415241           cpl rr1,<<82>>0x0041(r4)
4b530:  4d4554455253       ld <<84>>0x0045(r4),#0x5253
4b536:  2053               ldb rh3,@rr5
4b538:  544f5245           ldl rr15,<<82>>0x0045(r4)
4b53c:  44204152           orb rh0,<<65>>0x0052(r2)
4b540:  45202020           or r0,<<32>>0x0020(r2)
4b544:  2020               ldb rh0,@rr2
4b546:  2020               ldb rh0,@rr2
4b548:  50524f47           cpl rr2,<<79>>0x0047(r5)
4b54c:  52414d20           subl rr1,<<77>>0x0020(r4)
4b550:  41424f52           add r2,<<79>>0x0052(r4)
4b554:  54534341           ldl rr3,<<67>>0x0041(r5)
4b558:  4e4e4f542052       ext4e #0x4e4e4f54,<<32>>0x0052
4b55e:  45414420           or r1,<<68>>0x0020(r4)
4b562:  48495354           xorb rl1,<<83>>0x0054(r4)
4b566:  4f5259205452       ext4f #0x4f525920,<<84>>0x0052
4b56c:  41434b20           add r3,<<75>>0x0020(r4)
4b570:  2020               ldb rh0,@rr2
4b572:  2020               ldb rh0,@rr2
4b574:  2020               ldb rh0,@rr2
4b576:  2020               ldb rh0,@rr2
4b578:  2020               ldb rh0,@rr2
4b57a:  2020               ldb rh0,@rr2
4b57c:  2020               ldb rh0,@rr2
4b57e:  43414e4e           sub r1,<<78>>0x004e(r4)
4b582:  4f5420575249       ext4f #0x4f542057,<<82>>0x0049
4b588:  54452048           ldl rr5,<<32>>0x0048(r4)
4b58c:  4953544f           xor r3,<<84>>0x004f(r5)
4b590:  52592054           subl rr9,<<32>>0x0054(r5)
4b594:  5241434b           subl rr1,<<67>>0x004b(r4)
4b598:  434f4e54           sub r15,<<78>>0x0054(r4)
4b59c:  41494e53           add r9,<<78>>0x0053(r4)
4b5a0:  2041               ldb rh1,@rr4
4b5a2:  204e               ldb rl6,@rr4
4b5a4:  4f542053454c       ext4f #0x4f542053,<<69>>0x004c
4b5aa:  46444543           andb rh4,<<69>>0x0043(r4)
4b5ae:  4c4152494e47       cpb <<82>>0x0049(r4),#0x47
4b5b4:  2043               ldb rh3,@rr4
4b5b6:  4f4e54524f4c       ext4f #0x4f4e5452,<<79>>0x004c
4b5bc:  4c4552002220       ldb <<82>>0x0000(r4),#0x20
4b5c2:  49532045           xor r3,<<32>>0x0045(r5)
4b5c6:  49544845           xor r4,<<72>>0x0045(r5)
4b5ca:  5220454d           subl rr0,<<69>>0x004d(r2)
4b5ce:  50545920           cpl rr4,<<89>>0x0020(r5)
4b5d2:  4f5254484520       ext4f #0x4f525448,<<69>>0x0020
4b5d8:  534c4f54           push @rr4,<<79>>0x0054(r12)
4b5dc:  2022               ldb rh2,@rr2
4b5de:  65727200           set <<114>>0x0000(r7),#2
4b5e2:  494e5354           xor r14,<<83>>0x0054(r4)
4b5e6:  45414420           or r1,<<68>>0x0020(r4)
4b5ea:  4f4620224530       ext4f #0x4f462022,<<69>>0x0030
4b5f0:  2220               resb @rr2,#0
4b5f2:  4f5220224531       ext4f #0x4f522022,<<69>>0x0031
4b5f8:  2200414e           resb rh1,r0
4b5fc:  53574552           push @rr5,<<69>>0x0052(r7)
4b600:  53205048           push @rr2,<<80>>0x0048
4b604:  59534943           mult rr3,<<73>>0x0043(r5)
4b608:  414c204e           add r12,<<32>>0x004e(r4)
4b60c:  414d4520           add r13,<<69>>0x0020(r4)
4b610:  22006572           resb rh5,r0
4b614:  7200               .word #0x7200
4b616:  54484520           ldl rr8,<<69>>0x0020(r4)
4b61a:  50524553           cpl rr2,<<69>>0x0053(r5)
4b61e:  454e5420           or r14,<<84>>0x0020(r4)
4b622:  434f4e54           sub r15,<<78>>0x0054(r4)
4b626:  524f4c4c           subl rr15,<<76>>0x004c(r4)
4b62a:  45522049           or r2,<<32>>0x0049(r5)
4b62e:  4e20534c4f54       ext4e #0x4e20534c,<<79>>0x0054
4b634:  2022               ldb rh2,@rr2
4b636:  65727200           set <<114>>0x0000(r7),#2
4b63a:  2048               ldb rl0,@rr4
4b63c:  4953544f           xor r3,<<84>>0x004f(r5)
4b640:  52592042           subl rr9,<<32>>0x0042(r5)
4b644:  55464645           popl <<70>>0x0045(r6),@rr4
4b648:  52202048           subl rr0,<<32>>0x0048(r2)
4b64c:  4953544f           xor r3,<<84>>0x004f(r5)
4b650:  52592042           subl rr9,<<32>>0x0042(r5)
4b654:  55464645           popl <<70>>0x0045(r6),@rr4
4b658:  52200130           subl rr0,<<1>>0x0030(r2)
4b65c:  0136               add r6,@rr3
4b65e:  013e               add r14,@rr3
4b660:  0146               add r6,@rr4
4b662:  014e               add r14,@rr4
4b664:  01d0               add r0,@rr13
4b666:  01dc               add r12,@rr13
4b668:  01ea               add r10,@rr14
4b66a:  01f8               add r8,@rr15
4b66c:  52454c49           subl rr5,<<76>>0x0049(r4)
4b670:  41424c45           add r2,<<76>>0x0045(r4)
4b674:  2053               ldb rh3,@rr5
4b676:  55425359           popl <<83>>0x0059(r2),@rr4
4b67a:  5354454d           push @rr5,<<69>>0x004d(r4)
4b67e:  65737900           set <<121>>0x0000(r7),#3
4b682:  5245434f           subl rr5,<<67>>0x004f(r4)
4b686:  56455241           addl rr5,<<82>>0x0041(r4)
4b68a:  424c4520           subb rl4,<<69>>0x0020(r4)
4b68e:  53554253           push @rr5,<<66>>0x0053(r5)
4b692:  59535445           mult rr3,<<84>>0x0045(r5)
4b696:  4d006573           com <<101>>0x0073
4b69a:  7900554e           ldps <<85>>0x004e
4b69e:  52454c49           subl rr5,<<76>>0x0049(r4)
4b6a2:  41424c45           add r2,<<76>>0x0045(r4)
4b6a6:  2053               ldb rh3,@rr5
4b6a8:  55425359           popl <<83>>0x0059(r2),@rr4
4b6ac:  5354454d           push @rr5,<<69>>0x004d(r4)
4b6b0:  65737900           set <<121>>0x0000(r7),#3
4b6b4:  2020               ldb rh0,@rr2
4b6b6:  2020               ldb rh0,@rr2
4b6b8:  2020               ldb rh0,@rr2
4b6ba:  2020               ldb rh0,@rr2
4b6bc:  2020               ldb rh0,@rr2
4b6be:  44494147           orb rl1,<<65>>0x0047(r4)
4b6c2:  4e4f53544943       ext4e #0x4e4f5354,<<73>>0x0043
4b6c8:  2052               ldb rh2,@rr5
4b6ca:  4553554c           or r3,<<85>>0x004c(r5)
4b6ce:  54006573           ldl rr0,<<101>>0x0073
4b6d2:  79004841           ldps <<72>>0x0041
4b6d6:  52445741           subl rr4,<<87>>0x0041(r4)
4b6da:  52452045           subl rr5,<<32>>0x0045(r4)
4b6de:  52524f52           subl rr2,<<79>>0x0052(r5)
4b6e2:  533a2000           push @rr3,<<32>>0x0000(r10)
4b6e6:  65737900           set <<121>>0x0000(r7),#3
4b6ea:  53454354           push @rr4,<<67>>0x0054(r5)
4b6ee:  4f525320544f       ext4f #0x4f525320,<<84>>0x004f
4b6f4:  2042               ldb rh2,@rr4
4b6f6:  45205245           or r0,<<82>>0x0045(r2)
4b6fa:  2d41               ex r1,@rr4
4b6fc:  4c4c               .word #0x4c4c
4b6fe:  4f4341544544       ext4f #0x4f434154,<<69>>0x0044
4b704:  202e               ldb rl6,@rr2
4b706:  2e3a               ldb @rr3,rl2
4b708:  20006573           ldb rh0,#0x73
4b70c:  79005345           ldps <<83>>0x0045
4b710:  43544f52           sub r4,<<79>>0x0052(r5)
4b714:  53204f55           push @rr2,<<79>>0x0055
4b718:  54204f46           ldl rr0,<<79>>0x0046(r2)
4b71c:  2054               ldb rh4,@rr5
4b71e:  4f4c4552414e       ext4f #0x4f4c4552,<<65>>0x004e
4b724:  4345202e           sub r5,<<32>>0x002e(r4)
4b728:  2e2e               ldb @rr2,rl6
4b72a:  2e3a               ldb @rr3,rl2
4b72c:  20006573           ldb rh0,#0x73
4b730:  79006573           ldps <<101>>0x0073
4b734:  79004352           ldps <<67>>0x0052
4b738:  49544943           xor r4,<<73>>0x0043(r5)
4b73c:  414c2053           add r12,<<32>>0x0053(r4)
4b740:  4543544f           or r3,<<84>>0x004f(r4)
4b744:  52532049           subl rr3,<<32>>0x0049(r5)
4b748:  4e20544f4c45       ext4e #0x4e20544f,<<76>>0x0045
4b74e:  52414e43           subl rr1,<<78>>0x0043(r4)
4b752:  453a2000           or r10,<<32>>0x0000(r3)
4b756:  65737900           set <<121>>0x0000(r7),#3
4b75a:  203f               ldb rl7,@rr3
4b75c:  20005345           ldb rh0,#0x45
4b760:  43544f52           sub r4,<<79>>0x0052(r5)
4b764:  5320544f           push @rr2,<<84>>0x004f
4b768:  2042               ldb rh2,@rr4
4b76a:  45205245           or r0,<<82>>0x0045(r2)
4b76e:  2d41               ex r1,@rr4
4b770:  4c4c               .word #0x4c4c
4b772:  4f4341544544       ext4f #0x4f434154,<<69>>0x0044
4b778:  202e               ldb rl6,@rr2
4b77a:  2e3a               ldb @rr3,rl2
4b77c:  20006573           ldb rh0,#0x73
4b780:  7900203f           ldps <<32>>0x003f
4b784:  20005345           ldb rh0,#0x45
4b788:  43544f52           sub r4,<<79>>0x0052(r5)
4b78c:  53204f55           push @rr2,<<79>>0x0055
4b790:  54204f46           ldl rr0,<<79>>0x0046(r2)
4b794:  2054               ldb rh4,@rr5
4b796:  4f4c4552414e       ext4f #0x4f4c4552,<<65>>0x004e
4b79c:  4345202e           sub r5,<<32>>0x002e(r4)
4b7a0:  2e2e               ldb @rr2,rl6
4b7a2:  2e3a               ldb @rr3,rl2
4b7a4:  20006573           ldb rh0,#0x73
4b7a8:  79006573           ldps <<101>>0x0073
4b7ac:  7900203f           ldps <<32>>0x003f
4b7b0:  20004352           ldb rh0,#0x52
4b7b4:  49544943           xor r4,<<73>>0x0043(r5)
4b7b8:  414c2053           add r12,<<32>>0x0053(r4)
4b7bc:  4543544f           or r3,<<84>>0x004f(r4)
4b7c0:  52532049           subl rr3,<<32>>0x0049(r5)
4b7c4:  4e20544f4c45       ext4e #0x4e20544f,<<76>>0x0045
4b7ca:  52414e43           subl rr1,<<78>>0x0043(r4)
4b7ce:  453a2000           or r10,<<32>>0x0000(r3)
4b7d2:  65737900           set <<121>>0x0000(r7),#3
4b7d6:  46524f4d           andb rh2,<<79>>0x004d(r5)
4b7da:  2050               ldb rh0,@rr5
4b7dc:  5520544f           popl <<84>>0x004f,@rr2
4b7e0:  2043               ldb rh3,@rr4
4b7e2:  4f4e54524f4c       ext4f #0x4f4e5452,<<79>>0x004c
4b7e8:  4c4552202e2e       ldb <<82>>0x0020(r4),#0x2e
4b7ee:  2e2e               ldb @rr2,rl6
4b7f0:  3a206573           inirb @rr7,@r2,r5
4b7f4:  79004652           ldps <<70>>0x0052
4b7f8:  4f4d20505520       ext4f #0x4f4d2050,<<85>>0x0020
4b7fe:  544f2043           ldl rr15,<<32>>0x0043(r4)
4b802:  5055202e           cpl rr5,<<32>>0x002e(r5)
4b806:  2e2e               ldb @rr2,rl6
4b808:  2e2e               ldb @rr2,rl6
4b80a:  2e2e               ldb @rr2,rl6
4b80c:  2e2e               ldb @rr2,rl6
4b80e:  2e2e               ldb @rr2,rl6
4b810:  3a206573           inirb @rr7,@r2,r5
4b814:  79004652           ldps <<70>>0x0052
4b818:  4f4d20435055       ext4f #0x4f4d2043,<<80>>0x0055
4b81e:  2054               ldb rh4,@rr5
4b820:  4f205055202e       ext4f #0x4f205055,<<32>>0x002e
4b826:  2e2e               ldb @rr2,rl6
4b828:  2e2e               ldb @rr2,rl6
4b82a:  2e2e               ldb @rr2,rl6
4b82c:  2e2e               ldb @rr2,rl6
4b82e:  2e2e               ldb @rr2,rl6
4b830:  3a206573           inirb @rr7,@r2,r5
4b834:  79004441           ldps <<68>>0x0041
4b838:  54412045           ldl rr1,<<32>>0x0045(r4)
4b83c:  58434841           multl rq3,<<72>>0x0041(r4)
4b840:  4e4745202849       ext4e #0x4e474520,<<40>>0x0049
4b846:  4e2053454354       ext4e #0x4e205345,<<67>>0x0054
4b84c:  4f5253296573       ext4f #0x4f525329,<<101>>0x0073
4b852:  79005052           ldps <<80>>0x0052
4b856:  4f4752414d20       ext4f #0x4f475241,<<77>>0x0020
4b85c:  4e4f54204558       ext4e #0x4e4f5420,<<69>>0x0058
4b862:  45435554           or r3,<<85>>0x0054(r4)
4b866:  45446573           or r4,<<101>>0x0073(r4)
4b86a:  79002a2a           ldps <<42>>0x002a
4b86e:  2a2a               decb @rr2,#11
4b870:  2a2a               decb @rr2,#11
4b872:  2a2a               decb @rr2,#11
4b874:  2a2a               decb @rr2,#11
4b876:  2a2a               decb @rr2,#11
4b878:  2a2a               decb @rr2,#11
4b87a:  2a20               decb @rr2,#1
4b87c:  53554d4d           push @rr5,<<77>>0x004d(r5)
4b880:  41525920           add r2,<<89>>0x0020(r5)
4b884:  2a2a               decb @rr2,#11
4b886:  2a2a               decb @rr2,#11
4b888:  2a2a               decb @rr2,#11
4b88a:  2a2a               decb @rr2,#11
4b88c:  2a2a               decb @rr2,#11
4b88e:  2a2a               decb @rr2,#11
4b890:  2a2a               decb @rr2,#11
4b892:  2a00               .word #0x2a00
4b894:  65737900           set <<121>>0x0000(r7),#3
4b898:  2020               ldb rh0,@rr2
4b89a:  2020               ldb rh0,@rr2
4b89c:  2020               ldb rh0,@rr2
4b89e:  2020               ldb rh0,@rr2
4b8a0:  2020               ldb rh0,@rr2
4b8a2:  2020               ldb rh0,@rr2
4b8a4:  2020               ldb rh0,@rr2
4b8a6:  2020               ldb rh0,@rr2
4b8a8:  2020               ldb rh0,@rr2
4b8aa:  2020               ldb rh0,@rr2
4b8ac:  2020               ldb rh0,@rr2
4b8ae:  2020               ldb rh0,@rr2
4b8b0:  2020               ldb rh0,@rr2
4b8b2:  2020               ldb rh0,@rr2
4b8b4:  2020               ldb rh0,@rr2
4b8b6:  2020               ldb rh0,@rr2
4b8b8:  2020               ldb rh0,@rr2
4b8ba:  2020               ldb rh0,@rr2
4b8bc:  2020               ldb rh0,@rr2
4b8be:  76696400           lda rr9,<<100>>0x0000(r6)
4b8c2:  40000000           addb rh0,<<0>>0x0000
4b8c6:  00000000           addb rh0,#0x00
4b8ca:  40000000           addb rh0,<<0>>0x0000
4b8ce:  00000000           addb rh0,#0x00
4b8d2:  40100000           addb rh0,<<0>>0x0000(r1)
4b8d6:  00000000           addb rh0,#0x00
4b8da:  4002a3d70000       addb rh2,<<35>>0x0000
4b8e0:  00003ff0           addb rh0,#0xf0
4b8e4:  00000000           addb rh0,#0x00
4b8e8:  00004010           addb rh0,#0x10
4b8ec:  00000000           addb rh0,#0x00
4b8f0:  00004010           addb rh0,#0x10
4b8f4:  00000000           addb rh0,#0x00
4b8f8:  00004002           addb rh0,#0x02
4b8fc:  a3d7               res r13,#7
4b8fe:  00000000           addb rh0,#0x00
4b902:  40080000           addb rl0,<<0>>0x0000
4b906:  00000000           addb rh0,#0x00
4b90a:  40100000           addb rh0,<<0>>0x0000(r1)
4b90e:  00000000           addb rh0,#0x00
4b912:  408f4000           addb rl7,<<64>>0x0000(r8)
4b916:  00000000           addb rh0,#0x00
4b91a:  ff1e               dbjnz rl7,0xb8e0
4b91c:  001c               addb rl4,@rr1
4b91e:  00000000           addb rh0,#0x00
4b922:  00000000           addb rh0,#0x00
4b926:  00000000           addb rh0,#0x00
4b92a:  00000000           addb rh0,#0x00
4b92e:  00000000           addb rh0,#0x00
4b932:  00000000           addb rh0,#0x00
4b936:  00000000           addb rh0,#0x00
4b93a:  1474               ldl rr4,@rr7
4b93c:  1472               ldl rr2,@rr7
4b93e:  1472               ldl rr2,@rr7
4b940:  1472               ldl rr2,@rr7
4b942:  1472               ldl rr2,@rr7
4b944:  1504               .word #0x1504
4b946:  1504               .word #0x1504
4b948:  1504               .word #0x1504
4b94a:  1504               .word #0x1504
4b94c:  1504               .word #0x1504
4b94e:  1504               .word #0x1504
4b950:  1504               .word #0x1504
4b952:  1504               .word #0x1504
4b954:  1472               ldl rr2,@rr7
4b956:  1472               ldl rr2,@rr7
4b958:  1472               ldl rr2,@rr7
4b95a:  1472               ldl rr2,@rr7
4b95c:  1504               .word #0x1504
4b95e:  1472               ldl rr2,@rr7
4b960:  1472               ldl rr2,@rr7
4b962:  1472               ldl rr2,@rr7
4b964:  1472               ldl rr2,@rr7
4b966:  1504               .word #0x1504
4b968:  1472               ldl rr2,@rr7
4b96a:  1504               .word #0x1504
4b96c:  1504               .word #0x1504
4b96e:  1504               .word #0x1504
4b970:  161a               addl rr10,@rr1
4b972:  1614               addl rr4,@rr1
4b974:  1614               addl rr4,@rr1
4b976:  1614               addl rr4,@rr1
4b978:  1614               addl rr4,@rr1
4b97a:  167a               addl rr10,@rr7
4b97c:  167a               addl rr10,@rr7
4b97e:  167a               addl rr10,@rr7
4b980:  167a               addl rr10,@rr7
4b982:  167a               addl rr10,@rr7
4b984:  167a               addl rr10,@rr7
4b986:  167a               addl rr10,@rr7
4b988:  167a               addl rr10,@rr7
4b98a:  1614               addl rr4,@rr1
4b98c:  1614               addl rr4,@rr1
4b98e:  16ea               addl rr10,@rr14
4b990:  175c               pop @rr12,@rr5
4b992:  167a               addl rr10,@rr7
4b994:  17a2               pop @rr2,@rr10
4b996:  1818               multl rq8,@rr1
4b998:  175c               pop @rr12,@rr5
4b99a:  169e               addl rr14,@rr9
4b99c:  1886               multl rq6,@rr8
4b99e:  18f8               multl rq8,@rr15
4b9a0:  167a               addl rr10,@rr7
4b9a2:  193a               mult rr10,@rr3
4b9a4:  167a               addl rr10,@rr7
4b9a6:  00000000           addb rh0,#0x00
4b9aa:  00000000           addb rh0,#0x00
4b9ae:  00000000           addb rh0,#0x00
4b9b2:  00000000           addb rh0,#0x00
4b9b6:  00000000           addb rh0,#0x00
4b9ba:  00000000           addb rh0,#0x00
4b9be:  00000000           addb rh0,#0x00
4b9c2:  0000fffe           addb rh0,#0xfe
4b9c6:  494e5445           xor r14,<<84>>0x0045(r4)
4b9ca:  52525550           subl rr2,<<85>>0x0050(r5)
4b9ce:  54204e4f           ldl rr0,<<78>>0x004f(r2)
4b9d2:  54204449           ldl rr0,<<68>>0x0049(r2)
4b9d6:  5341424c           push @rr4,<<66>>0x004c(r1)
4b9da:  45442121           or r4,<<33>>0x0021(r4)
4b9de:  210000c1           ld r0,#0x00c1
4b9e2:  00000000           addb rh0,#0x00
4b9e6:  00000000           addb rh0,#0x00
4b9ea:  00000000           addb rh0,#0x00
4b9ee:  00000000           addb rh0,#0x00
4b9f2:  00000000           addb rh0,#0x00
4b9f6:  00000000           addb rh0,#0x00
4b9fa:  00000000           addb rh0,#0x00
4b9fe:  00005353           addb rh0,#0x53
4ba02:  49442020           xor r4,<<32>>0x0020(r4)
4ba06:  2020               ldb rh0,@rr2
4ba08:  000138d1           addb rh1,#0xd1
4ba0c:  00013c90           addb rh1,#0x90
4ba10:  00000000           addb rh0,#0x00
4ba14:  00000000           addb rh0,#0x00
4ba18:  00000000           addb rh0,#0x00
4ba1c:  00000000           addb rh0,#0x00
4ba20:  00000000           addb rh0,#0x00
4ba24:  00000000           addb rh0,#0x00
4ba28:  00000000           addb rh0,#0x00
4ba2c:  00000000           addb rh0,#0x00
4ba30:  00000000           addb rh0,#0x00
4ba34:  00000000           addb rh0,#0x00
4ba38:  2020               ldb rh0,@rr2
4ba3a:  2020               ldb rh0,@rr2
4ba3c:  2020               ldb rh0,@rr2
4ba3e:  2020               ldb rh0,@rr2
4ba40:  30542020           ldb rh4,rr5(#0x2020)
4ba44:  2020               ldb rh0,@rr2
4ba46:  2020               ldb rh0,@rr2
4ba48:  00000051           addb rh0,#0x51
4ba4c:  00013880           addb rh1,#0x80
4ba50:  00000051           addb rh0,#0x51
4ba54:  00000ebf           addb rh0,#0xbf
4ba58:  00000061           addb rh0,#0x61
4ba5c:  00000010           addb rh0,#0x10
4ba60:  2020               ldb rh0,@rr2
4ba62:  2020               ldb rh0,@rr2
4ba64:  2020               ldb rh0,@rr2
4ba66:  2020               ldb rh0,@rr2
4ba68:  00000000           addb rh0,#0x00
4ba6c:  00000000           addb rh0,#0x00
4ba70:  00000000           addb rh0,#0x00
4ba74:  00000000           addb rh0,#0x00
4ba78:  00000000           addb rh0,#0x00
4ba7c:  00000000           addb rh0,#0x00
4ba80:  2020               ldb rh0,@rr2
4ba82:  2020               ldb rh0,@rr2
4ba84:  2020               ldb rh0,@rr2
4ba86:  2020               ldb rh0,@rr2
4ba88:  00000000           addb rh0,#0x00
4ba8c:  00000000           addb rh0,#0x00
4ba90:  00000000           addb rh0,#0x00
4ba94:  00000000           addb rh0,#0x00
4ba98:  00000000           addb rh0,#0x00
4ba9c:  00000000           addb rh0,#0x00
4baa0:  2020               ldb rh0,@rr2
4baa2:  2020               ldb rh0,@rr2
4baa4:  2020               ldb rh0,@rr2
4baa6:  2020               ldb rh0,@rr2
4baa8:  00000000           addb rh0,#0x00
4baac:  00000000           addb rh0,#0x00
4bab0:  00000000           addb rh0,#0x00
4bab4:  00000000           addb rh0,#0x00
4bab8:  00000000           addb rh0,#0x00
4babc:  00000000           addb rh0,#0x00
4bac0:  2020               ldb rh0,@rr2
4bac2:  2020               ldb rh0,@rr2
4bac4:  2020               ldb rh0,@rr2
4bac6:  2020               ldb rh0,@rr2
4bac8:  00000000           addb rh0,#0x00
4bacc:  00000000           addb rh0,#0x00
4bad0:  00000000           addb rh0,#0x00
4bad4:  00000000           addb rh0,#0x00
4bad8:  00000000           addb rh0,#0x00
4badc:  00000000           addb rh0,#0x00
4bae0:  2020               ldb rh0,@rr2
4bae2:  2020               ldb rh0,@rr2
4bae4:  2020               ldb rh0,@rr2
4bae6:  2020               ldb rh0,@rr2
4bae8:  00000000           addb rh0,#0x00
4baec:  00000000           addb rh0,#0x00
4baf0:  00000000           addb rh0,#0x00
4baf4:  00000000           addb rh0,#0x00
4baf8:  00000000           addb rh0,#0x00
4bafc:  00000000           addb rh0,#0x00
4bb00:  00015554           addb rh1,#0x54
4bb04:  494c5938           xor r12,<<89>>0x0038(r4)
4bb08:  3834               .word #0x3834
4bb0a:  3837               .word #0x3837
4bb0c:  30333331           ldb rh3,rr3(#0x3331)
4bb10:  006c               addb rl4,@rr6
4bb12:  0329               sub r9,@rr2
4bb14:  00024844           addb rh2,#0x44
4bb18:  46445537           andb rh4,<<85>>0x0037(r4)
4bb1c:  3834               .word #0x3834
4bb1e:  3837               .word #0x3837
4bb20:  30333331           ldb rh3,rr3(#0x3331)
4bb24:  002c               addb rl4,@rr2
4bb26:  0395               sub r5,@rr9
4bb28:  00033730           addb rh3,#0x30
4bb2c:  33324535           ld rr3(#0x4535),r2
4bb30:  3834               .word #0x3834
4bb32:  3837               .word #0x3837
4bb34:  30333331           ldb rh3,rr3(#0x3331)
4bb38:  00f8               addb rl0,@rr15
4bb3a:  03c1               sub r1,@rr12
4bb3c:  00043433           addb rh4,#0x33
4bb40:  30315434           ldb rh1,rr3(#0x5434)
4bb44:  3833               .word #0x3833
4bb46:  3835               .word #0x3835
4bb48:  31323132           ld r2,rr3(#0x3132)
4bb4c:  00ca               addb rl2,@rr12
4bb4e:  1725               pop @rr5,@rr2
4bb50:  00053433           addb rh5,#0x33
4bb54:  30355436           ldb rh5,rr3(#0x5436)
4bb58:  3834               .word #0x3834
4bb5a:  3837               .word #0x3837
4bb5c:  30333331           ldb rh3,rr3(#0x3331)
4bb60:  00ce               addb rl6,@rr12
4bb62:  1b1f               div rr15,@rr1
4bb64:  00063630           addb rh6,#0x30
4bb68:  33305436           ld rr3(#0x5436),r0
4bb6c:  3833               .word #0x3833
4bb6e:  3836               .word #0x3836
4bb70:  31313137           ld r1,rr3(#0x3137)
4bb74:  00ca               addb rl2,@rr12
4bb76:  1f1d               .word #0x1f1d
4bb78:  00075343           addb rh7,#0x43
4bb7c:  54333033           ldl rr3,<<48>>0x0033(r3)
4bb80:  3831               .word #0x3831
4bb82:  3835               .word #0x3835
4bb84:  30333239           ldb rh3,rr3(#0x3239)
4bb88:  00ac               addb rl4,@rr10
4bb8a:  2317               res @rr1,#7
4bb8c:  00085354           addb rl0,#0x54
4bb90:  43343034           sub r4,<<48>>0x0034(r3)
4bb94:  3834               .word #0x3834
4bb96:  3837               .word #0x3837
4bb98:  30333331           ldb rh3,rr3(#0x3331)
4bb9c:  00bc               addb rl4,@rr11
4bb9e:  2627               bitb @rr2,#7
4bba0:  00095343           addb rl1,#0x43
4bba4:  54455237           ldl rr5,<<82>>0x0037(r4)
4bba8:  3831               .word #0x3831
4bbaa:  3835               .word #0x3835
4bbac:  30333239           ldb rh3,rr3(#0x3239)
4bbb0:  0082               addb rh2,@rr8
4bbb2:  2a13               decb @rr1,#4
4bbb4:  000a4550           addb rl2,#0x50
4bbb8:  434f5633           sub r15,<<86>>0x0033(r4)
4bbbc:  3831               .word #0x3831
4bbbe:  3835               .word #0x3835
4bbc0:  30333239           ldb rh3,rr3(#0x3239)
4bbc4:  008a               addb rl2,@rr8
4bbc6:  2c2d               exb rl5,@rr2
4bbc8:  000b4350           addb rl3,#0x50
4bbcc:  434f5631           sub r15,<<86>>0x0031(r4)
4bbd0:  3834               .word #0x3834
4bbd2:  3837               .word #0x3837
4bbd4:  30333331           ldb rh3,rr3(#0x3331)
4bbd8:  0086               addb rh6,@rr8
4bbda:  2f1b               ld @rr1,r11
4bbdc:  000c5354           addb rl4,#0x54
4bbe0:  43354532           sub r5,<<69>>0x0032(r3)
4bbe4:  3833               .word #0x3833
4bbe6:  3836               .word #0x3836
4bbe8:  31313137           ld r1,rr3(#0x3137)
4bbec:  00b2               addb rh2,@rr11
4bbee:  3205000d           ldrb 0xbbff,rh5
4bbf2:  53544335           push @rr5,<<67>>0x0035(r4)
4bbf6:  54323834           ldl rr2,<<56>>0x0034(r3)
4bbfa:  3837               .word #0x3837
4bbfc:  30333331           ldb rh3,rr3(#0x3331)
4bc00:  00d4               addb rh4,@rr13
4bc02:  351b000e           ldl rr11,rr1(#0x000e)
4bc06:  4d545545           test <<85>>0x0045(r5)
4bc0a:  52373834           subl rr7,<<56>>0x0034(r3)
4bc0e:  3837               .word #0x3837
4bc10:  30333331           ldb rh3,rr3(#0x3331)
4bc14:  00a0               addb rh0,@rr10
4bc16:  391f               .word #0x391f
4bc18:  000f4d54           addb rl7,#0x54
4bc1c:  43333034           sub r3,<<48>>0x0034(r3)
4bc20:  3831               .word #0x3831
4bc22:  3835               .word #0x3835
4bc24:  30333239           ldb rh3,rr3(#0x3239)
4bc28:  0098               addb rl0,@rr9
4bc2a:  3c23               inb rh3,@r2
4bc2c:  0010               addb rh0,@rr1
4bc2e:  4644554d           andb rh4,<<85>>0x004d(r4)
4bc32:  41323830           add r2,<<56>>0x0030(r3)
4bc36:  3834               .word #0x3834
4bc38:  30383130           ldb rl0,rr3(#0x3130)
4bc3c:  00aa               addb rl2,@rr10
4bc3e:  3f1f               out @r1,r15
4bc40:  ffff               djnz r15,0xbb44
4bc42:  ffff               djnz r15,0xbb46
4bc44:  30000000           ldrb rh0,0xbc48
4bc48:  00000000           addb rh0,#0x00
4bc4c:  00000000           addb rh0,#0x00
4bc50:  00000000           addb rh0,#0x00
4bc54:  00000000           addb rh0,#0x00
4bc58:  00000000           addb rh0,#0x00
4bc5c:  00000000           addb rh0,#0x00
4bc60:  00000000           addb rh0,#0x00
4bc64:  00000000           addb rh0,#0x00
4bc68:  00000000           addb rh0,#0x00
4bc6c:  00000000           addb rh0,#0x00
4bc70:  00000000           addb rh0,#0x00
4bc74:  00000000           addb rh0,#0x00
4bc78:  00000000           addb rh0,#0x00
4bc7c:  00000000           addb rh0,#0x00
4bc80:  00000000           addb rh0,#0x00
4bc84:  00000000           addb rh0,#0x00
4bc88:  00000000           addb rh0,#0x00
4bc8c:  00000000           addb rh0,#0x00
4bc90:  00000000           addb rh0,#0x00
4bc94:  00000000           addb rh0,#0x00
4bc98:  00000000           addb rh0,#0x00
4bc9c:  00000000           addb rh0,#0x00
4bca0:  00000000           addb rh0,#0x00
4bca4:  00000000           addb rh0,#0x00
4bca8:  00000000           addb rh0,#0x00
4bcac:  00000000           addb rh0,#0x00
4bcb0:  00000000           addb rh0,#0x00
4bcb4:  00000000           addb rh0,#0x00
4bcb8:  00000000           addb rh0,#0x00
4bcbc:  00000000           addb rh0,#0x00
4bcc0:  00000000           addb rh0,#0x00
4bcc4:  00000000           addb rh0,#0x00
4bcc8:  00000000           addb rh0,#0x00
4bccc:  00000000           addb rh0,#0x00
4bcd0:  00000000           addb rh0,#0x00
4bcd4:  00000000           addb rh0,#0x00
4bcd8:  00000000           addb rh0,#0x00
4bcdc:  00000000           addb rh0,#0x00
4bce0:  00000000           addb rh0,#0x00
4bce4:  00000000           addb rh0,#0x00
4bce8:  00000000           addb rh0,#0x00
4bcec:  00000000           addb rh0,#0x00
4bcf0:  00000000           addb rh0,#0x00
4bcf4:  00000000           addb rh0,#0x00
4bcf8:  00000000           addb rh0,#0x00
4bcfc:  00000000           addb rh0,#0x00
4bd00:  00000000           addb rh0,#0x00
4bd04:  00000000           addb rh0,#0x00
4bd08:  00000000           addb rh0,#0x00
4bd0c:  00000000           addb rh0,#0x00
4bd10:  00000000           addb rh0,#0x00
4bd14:  00000000           addb rh0,#0x00
4bd18:  00000000           addb rh0,#0x00
4bd1c:  00000000           addb rh0,#0x00
4bd20:  00000000           addb rh0,#0x00
4bd24:  00000000           addb rh0,#0x00
4bd28:  00000000           addb rh0,#0x00
4bd2c:  00000000           addb rh0,#0x00
4bd30:  00000000           addb rh0,#0x00
4bd34:  00000000           addb rh0,#0x00
4bd38:  00000000           addb rh0,#0x00
4bd3c:  00000000           addb rh0,#0x00
4bd40:  00000000           addb rh0,#0x00
4bd44:  00000000           addb rh0,#0x00
4bd48:  00000000           addb rh0,#0x00
4bd4c:  00000000           addb rh0,#0x00
4bd50:  00000000           addb rh0,#0x00
4bd54:  00000000           addb rh0,#0x00
4bd58:  00000000           addb rh0,#0x00
4bd5c:  00000000           addb rh0,#0x00
4bd60:  00000000           addb rh0,#0x00
4bd64:  00000000           addb rh0,#0x00
4bd68:  00000000           addb rh0,#0x00
4bd6c:  00000000           addb rh0,#0x00
4bd70:  00000000           addb rh0,#0x00
4bd74:  00000000           addb rh0,#0x00
4bd78:  00000000           addb rh0,#0x00
4bd7c:  00000000           addb rh0,#0x00
4bd80:  00000000           addb rh0,#0x00
4bd84:  00000000           addb rh0,#0x00
4bd88:  00000000           addb rh0,#0x00
4bd8c:  00000000           addb rh0,#0x00
4bd90:  00000000           addb rh0,#0x00
4bd94:  00000000           addb rh0,#0x00
4bd98:  00000000           addb rh0,#0x00
4bd9c:  00000000           addb rh0,#0x00
4bda0:  00000000           addb rh0,#0x00
4bda4:  00000000           addb rh0,#0x00
4bda8:  00000000           addb rh0,#0x00
4bdac:  00000000           addb rh0,#0x00
4bdb0:  00000000           addb rh0,#0x00
4bdb4:  00000000           addb rh0,#0x00
4bdb8:  00000000           addb rh0,#0x00
4bdbc:  00000000           addb rh0,#0x00
4bdc0:  00000000           addb rh0,#0x00
4bdc4:  00000000           addb rh0,#0x00
4bdc8:  00000000           addb rh0,#0x00
4bdcc:  00000000           addb rh0,#0x00
4bdd0:  00000000           addb rh0,#0x00
4bdd4:  00000000           addb rh0,#0x00
4bdd8:  00000000           addb rh0,#0x00
4bddc:  00000000           addb rh0,#0x00
4bde0:  00000000           addb rh0,#0x00
4bde4:  00000000           addb rh0,#0x00
4bde8:  00000000           addb rh0,#0x00
4bdec:  00000000           addb rh0,#0x00
4bdf0:  00000000           addb rh0,#0x00
4bdf4:  00000000           addb rh0,#0x00
4bdf8:  00000000           addb rh0,#0x00
4bdfc:  00000000           addb rh0,#0x00
4be00:  00000000           addb rh0,#0x00
4be04:  00000000           addb rh0,#0x00
4be08:  00000000           addb rh0,#0x00
4be0c:  00000000           addb rh0,#0x00
4be10:  00000000           addb rh0,#0x00
4be14:  00000000           addb rh0,#0x00
4be18:  00000000           addb rh0,#0x00
4be1c:  00000000           addb rh0,#0x00
4be20:  00000000           addb rh0,#0x00
4be24:  00000000           addb rh0,#0x00
4be28:  00000000           addb rh0,#0x00
4be2c:  00000000           addb rh0,#0x00
4be30:  00000000           addb rh0,#0x00
4be34:  00000000           addb rh0,#0x00
4be38:  00000000           addb rh0,#0x00
4be3c:  00000000           addb rh0,#0x00
4be40:  00000000           addb rh0,#0x00
4be44:  00000000           addb rh0,#0x00
4be48:  00000000           addb rh0,#0x00
4be4c:  00000000           addb rh0,#0x00
4be50:  00000000           addb rh0,#0x00
4be54:  00000000           addb rh0,#0x00
4be58:  00000000           addb rh0,#0x00
4be5c:  00000000           addb rh0,#0x00
4be60:  00000000           addb rh0,#0x00
4be64:  00000000           addb rh0,#0x00
4be68:  00000000           addb rh0,#0x00
4be6c:  00000000           addb rh0,#0x00
4be70:  00000000           addb rh0,#0x00
4be74:  00000000           addb rh0,#0x00
4be78:  00000000           addb rh0,#0x00
4be7c:  00000000           addb rh0,#0x00
4be80:  00000000           addb rh0,#0x00
4be84:  00000000           addb rh0,#0x00
4be88:  00000000           addb rh0,#0x00
4be8c:  00000000           addb rh0,#0x00
4be90:  00000000           addb rh0,#0x00
4be94:  00000000           addb rh0,#0x00
4be98:  00000000           addb rh0,#0x00
4be9c:  00000000           addb rh0,#0x00
4bea0:  00000000           addb rh0,#0x00
4bea4:  00000000           addb rh0,#0x00
4bea8:  00000000           addb rh0,#0x00
4beac:  00000000           addb rh0,#0x00
4beb0:  00000000           addb rh0,#0x00
4beb4:  00000000           addb rh0,#0x00
4beb8:  00000000           addb rh0,#0x00
4bebc:  00000000           addb rh0,#0x00
4bec0:  00000000           addb rh0,#0x00
4bec4:  00000000           addb rh0,#0x00
4bec8:  00000000           addb rh0,#0x00
4becc:  00000000           addb rh0,#0x00
4bed0:  00000000           addb rh0,#0x00
4bed4:  00000000           addb rh0,#0x00
4bed8:  00000000           addb rh0,#0x00
4bedc:  00000000           addb rh0,#0x00
4bee0:  00000000           addb rh0,#0x00
4bee4:  00000000           addb rh0,#0x00
4bee8:  00000000           addb rh0,#0x00
4beec:  00000000           addb rh0,#0x00
4bef0:  00000000           addb rh0,#0x00
4bef4:  00000000           addb rh0,#0x00
4bef8:  00000000           addb rh0,#0x00
4befc:  00000000           addb rh0,#0x00
4bf00:  00000000           addb rh0,#0x00
4bf04:  00000000           addb rh0,#0x00
4bf08:  00000000           addb rh0,#0x00
4bf0c:  00000000           addb rh0,#0x00
4bf10:  00000000           addb rh0,#0x00
4bf14:  00000000           addb rh0,#0x00
4bf18:  00000000           addb rh0,#0x00
4bf1c:  00000000           addb rh0,#0x00
4bf20:  00000000           addb rh0,#0x00
4bf24:  00000000           addb rh0,#0x00
4bf28:  00000000           addb rh0,#0x00
4bf2c:  00000000           addb rh0,#0x00
4bf30:  00000000           addb rh0,#0x00
4bf34:  00000000           addb rh0,#0x00
4bf38:  00000000           addb rh0,#0x00
4bf3c:  00000000           addb rh0,#0x00
4bf40:  00000000           addb rh0,#0x00
4bf44:  00000000           addb rh0,#0x00
4bf48:  00000000           addb rh0,#0x00
4bf4c:  00000000           addb rh0,#0x00
4bf50:  00000000           addb rh0,#0x00
4bf54:  00000000           addb rh0,#0x00
4bf58:  00000000           addb rh0,#0x00
4bf5c:  00000000           addb rh0,#0x00
4bf60:  00000000           addb rh0,#0x00
4bf64:  00000000           addb rh0,#0x00
4bf68:  00000000           addb rh0,#0x00
4bf6c:  00000000           addb rh0,#0x00
4bf70:  00000000           addb rh0,#0x00
4bf74:  00000000           addb rh0,#0x00
4bf78:  00000000           addb rh0,#0x00
4bf7c:  00000000           addb rh0,#0x00
4bf80:  00000000           addb rh0,#0x00
4bf84:  00000000           addb rh0,#0x00
4bf88:  00000000           addb rh0,#0x00
4bf8c:  00000000           addb rh0,#0x00
4bf90:  00000000           addb rh0,#0x00
4bf94:  00000000           addb rh0,#0x00
4bf98:  00000000           addb rh0,#0x00
4bf9c:  00000000           addb rh0,#0x00
4bfa0:  00000000           addb rh0,#0x00
4bfa4:  00000000           addb rh0,#0x00
4bfa8:  00000000           addb rh0,#0x00
4bfac:  00000000           addb rh0,#0x00
4bfb0:  00000000           addb rh0,#0x00
4bfb4:  00000000           addb rh0,#0x00
4bfb8:  00000000           addb rh0,#0x00
4bfbc:  00000000           addb rh0,#0x00
4bfc0:  00000000           addb rh0,#0x00
4bfc4:  00000000           addb rh0,#0x00
4bfc8:  00000000           addb rh0,#0x00
4bfcc:  00000000           addb rh0,#0x00
4bfd0:  00000000           addb rh0,#0x00
4bfd4:  00000000           addb rh0,#0x00
4bfd8:  00000000           addb rh0,#0x00
4bfdc:  00000000           addb rh0,#0x00
4bfe0:  00000000           addb rh0,#0x00
4bfe4:  00000000           addb rh0,#0x00
4bfe8:  00000000           addb rh0,#0x00
4bfec:  00000000           addb rh0,#0x00
4bff0:  00000000           addb rh0,#0x00
4bff4:  00000000           addb rh0,#0x00
4bff8:  00000000           addb rh0,#0x00
4bffc:  00000000           addb rh0,#0x00
4c000:  00000000           addb rh0,#0x00
4c004:  00000000           addb rh0,#0x00
4c008:  00000000           addb rh0,#0x00
4c00c:  00000000           addb rh0,#0x00
4c010:  00000000           addb rh0,#0x00
4c014:  00000000           addb rh0,#0x00
4c018:  00000000           addb rh0,#0x00
4c01c:  00000000           addb rh0,#0x00
4c020:  00000000           addb rh0,#0x00
4c024:  00000000           addb rh0,#0x00
4c028:  00000000           addb rh0,#0x00
4c02c:  00000000           addb rh0,#0x00
4c030:  00000000           addb rh0,#0x00
4c034:  00000000           addb rh0,#0x00
4c038:  00000000           addb rh0,#0x00
4c03c:  00000000           addb rh0,#0x00
4c040:  00000000           addb rh0,#0x00
4c044:  00000000           addb rh0,#0x00
4c048:  00000000           addb rh0,#0x00
4c04c:  00000000           addb rh0,#0x00
4c050:  00000000           addb rh0,#0x00
4c054:  00000000           addb rh0,#0x00
4c058:  00000000           addb rh0,#0x00
4c05c:  00000000           addb rh0,#0x00
4c060:  00000000           addb rh0,#0x00
4c064:  00000000           addb rh0,#0x00
4c068:  00000000           addb rh0,#0x00
4c06c:  00000000           addb rh0,#0x00
4c070:  00000000           addb rh0,#0x00
4c074:  00000000           addb rh0,#0x00
4c078:  00000000           addb rh0,#0x00
4c07c:  00000000           addb rh0,#0x00
4c080:  00000000           addb rh0,#0x00
4c084:  00000000           addb rh0,#0x00
4c088:  00000000           addb rh0,#0x00
4c08c:  00000000           addb rh0,#0x00
4c090:  00000000           addb rh0,#0x00
4c094:  00000000           addb rh0,#0x00
4c098:  00000000           addb rh0,#0x00
4c09c:  00000000           addb rh0,#0x00
4c0a0:  00000000           addb rh0,#0x00
4c0a4:  00000000           addb rh0,#0x00
4c0a8:  00000000           addb rh0,#0x00
4c0ac:  00000000           addb rh0,#0x00
4c0b0:  00000000           addb rh0,#0x00
4c0b4:  00000000           addb rh0,#0x00
4c0b8:  00000000           addb rh0,#0x00
4c0bc:  00000000           addb rh0,#0x00
4c0c0:  00000000           addb rh0,#0x00
4c0c4:  00000000           addb rh0,#0x00
4c0c8:  00000000           addb rh0,#0x00
4c0cc:  00000000           addb rh0,#0x00
4c0d0:  00000000           addb rh0,#0x00
4c0d4:  00000000           addb rh0,#0x00
4c0d8:  00000000           addb rh0,#0x00
4c0dc:  00000000           addb rh0,#0x00
4c0e0:  00000000           addb rh0,#0x00
4c0e4:  00000000           addb rh0,#0x00
4c0e8:  00000000           addb rh0,#0x00
4c0ec:  00000000           addb rh0,#0x00
4c0f0:  00000000           addb rh0,#0x00
4c0f4:  00000000           addb rh0,#0x00
4c0f8:  00000000           addb rh0,#0x00
4c0fc:  00000000           addb rh0,#0x00
4c100:  00000000           addb rh0,#0x00
4c104:  00000000           addb rh0,#0x00
4c108:  00000000           addb rh0,#0x00
4c10c:  00000000           addb rh0,#0x00
4c110:  00000000           addb rh0,#0x00
4c114:  00000000           addb rh0,#0x00
4c118:  00000000           addb rh0,#0x00
4c11c:  00000000           addb rh0,#0x00
4c120:  00000000           addb rh0,#0x00
4c124:  00000000           addb rh0,#0x00
4c128:  00000000           addb rh0,#0x00
4c12c:  00000000           addb rh0,#0x00
4c130:  00000000           addb rh0,#0x00
4c134:  00000000           addb rh0,#0x00
4c138:  00000000           addb rh0,#0x00
4c13c:  00000000           addb rh0,#0x00
4c140:  00000000           addb rh0,#0x00
4c144:  00000000           addb rh0,#0x00
4c148:  00000000           addb rh0,#0x00
4c14c:  00000000           addb rh0,#0x00
4c150:  00000000           addb rh0,#0x00
4c154:  00000000           addb rh0,#0x00
4c158:  00000000           addb rh0,#0x00
4c15c:  00000000           addb rh0,#0x00
4c160:  00000000           addb rh0,#0x00
4c164:  00000000           addb rh0,#0x00
4c168:  00000000           addb rh0,#0x00
4c16c:  00000000           addb rh0,#0x00
4c170:  00000000           addb rh0,#0x00
4c174:  00000000           addb rh0,#0x00
4c178:  00000000           addb rh0,#0x00
4c17c:  00000000           addb rh0,#0x00
4c180:  00000000           addb rh0,#0x00
4c184:  00000000           addb rh0,#0x00
4c188:  00000000           addb rh0,#0x00
4c18c:  00000000           addb rh0,#0x00
4c190:  00000000           addb rh0,#0x00
4c194:  00000000           addb rh0,#0x00
4c198:  00000000           addb rh0,#0x00
4c19c:  00000000           addb rh0,#0x00
4c1a0:  00000000           addb rh0,#0x00
4c1a4:  00000000           addb rh0,#0x00
4c1a8:  00000000           addb rh0,#0x00
4c1ac:  00000000           addb rh0,#0x00
4c1b0:  00000000           addb rh0,#0x00
4c1b4:  00000000           addb rh0,#0x00
4c1b8:  00000000           addb rh0,#0x00
4c1bc:  00000000           addb rh0,#0x00
4c1c0:  00000000           addb rh0,#0x00
4c1c4:  00000000           addb rh0,#0x00
4c1c8:  00000000           addb rh0,#0x00
4c1cc:  00000000           addb rh0,#0x00
4c1d0:  00000000           addb rh0,#0x00
4c1d4:  00000000           addb rh0,#0x00
4c1d8:  00000000           addb rh0,#0x00
4c1dc:  00000000           addb rh0,#0x00
4c1e0:  00000000           addb rh0,#0x00
4c1e4:  00000000           addb rh0,#0x00
4c1e8:  00000000           addb rh0,#0x00
4c1ec:  00000000           addb rh0,#0x00
4c1f0:  00000000           addb rh0,#0x00
4c1f4:  00000000           addb rh0,#0x00
4c1f8:  00000000           addb rh0,#0x00
4c1fc:  00000000           addb rh0,#0x00
4c200:  00000000           addb rh0,#0x00
4c204:  00000000           addb rh0,#0x00
4c208:  00000000           addb rh0,#0x00
4c20c:  00000000           addb rh0,#0x00
4c210:  00000000           addb rh0,#0x00
4c214:  00000000           addb rh0,#0x00
4c218:  00000000           addb rh0,#0x00
4c21c:  00000000           addb rh0,#0x00
4c220:  00000000           addb rh0,#0x00
4c224:  00000000           addb rh0,#0x00
4c228:  00000000           addb rh0,#0x00
4c22c:  00000000           addb rh0,#0x00
4c230:  00000000           addb rh0,#0x00
4c234:  00000000           addb rh0,#0x00
4c238:  00000000           addb rh0,#0x00
4c23c:  00000000           addb rh0,#0x00
4c240:  00000000           addb rh0,#0x00
4c244:  00000000           addb rh0,#0x00
4c248:  00000000           addb rh0,#0x00
4c24c:  00000000           addb rh0,#0x00
4c250:  00000000           addb rh0,#0x00
4c254:  00000000           addb rh0,#0x00
4c258:  00000000           addb rh0,#0x00
4c25c:  00000000           addb rh0,#0x00
4c260:  00000000           addb rh0,#0x00
4c264:  00000000           addb rh0,#0x00
4c268:  00000000           addb rh0,#0x00
4c26c:  00000000           addb rh0,#0x00
4c270:  00000000           addb rh0,#0x00
4c274:  00000000           addb rh0,#0x00
4c278:  00000000           addb rh0,#0x00
4c27c:  00000000           addb rh0,#0x00
4c280:  00000000           addb rh0,#0x00
4c284:  00000000           addb rh0,#0x00
4c288:  00000000           addb rh0,#0x00
4c28c:  00000000           addb rh0,#0x00
4c290:  00000000           addb rh0,#0x00
4c294:  00000000           addb rh0,#0x00
4c298:  00000000           addb rh0,#0x00
4c29c:  00000000           addb rh0,#0x00
4c2a0:  00000000           addb rh0,#0x00
4c2a4:  00000000           addb rh0,#0x00
4c2a8:  00000000           addb rh0,#0x00
4c2ac:  00000000           addb rh0,#0x00
4c2b0:  00000000           addb rh0,#0x00
4c2b4:  00000000           addb rh0,#0x00
4c2b8:  00000000           addb rh0,#0x00
4c2bc:  00000000           addb rh0,#0x00
4c2c0:  00000000           addb rh0,#0x00
4c2c4:  00000000           addb rh0,#0x00
4c2c8:  00000000           addb rh0,#0x00
4c2cc:  00000000           addb rh0,#0x00
4c2d0:  00000000           addb rh0,#0x00
4c2d4:  00000000           addb rh0,#0x00
4c2d8:  00000000           addb rh0,#0x00
4c2dc:  00000000           addb rh0,#0x00
4c2e0:  00000000           addb rh0,#0x00
4c2e4:  00000000           addb rh0,#0x00
4c2e8:  00000000           addb rh0,#0x00
4c2ec:  00000000           addb rh0,#0x00
4c2f0:  00000000           addb rh0,#0x00
4c2f4:  00000000           addb rh0,#0x00
4c2f8:  00000000           addb rh0,#0x00
4c2fc:  00000000           addb rh0,#0x00
4c300:  00000000           addb rh0,#0x00
4c304:  00000000           addb rh0,#0x00
4c308:  2020               ldb rh0,@rr2
4c30a:  2020               ldb rh0,@rr2
4c30c:  2020               ldb rh0,@rr2
4c30e:  2020               ldb rh0,@rr2
4c310:  2020               ldb rh0,@rr2
4c312:  00000000           addb rh0,#0x00
4c316:  00000000           addb rh0,#0x00
4c31a:  00000000           addb rh0,#0x00
4c31e:  00000000           addb rh0,#0x00
4c322:  00000000           addb rh0,#0x00
4c326:  00000000           addb rh0,#0x00
4c32a:  00000000           addb rh0,#0x00
4c32e:  00000000           addb rh0,#0x00
4c332:  00000000           addb rh0,#0x00
4c336:  00000000           addb rh0,#0x00
4c33a:  00000000           addb rh0,#0x00
4c33e:  00000000           addb rh0,#0x00
4c342:  00000000           addb rh0,#0x00
4c346:  00000000           addb rh0,#0x00
4c34a:  00000000           addb rh0,#0x00
4c34e:  00000000           addb rh0,#0x00
4c352:  0000aaa1           addb rh0,#0xa1
4c356:  00000000           addb rh0,#0x00
4c35a:  00000000           addb rh0,#0x00
4c35e:  00000000           addb rh0,#0x00
4c362:  00000000           addb rh0,#0x00
4c366:  00010000           addb rh1,#0x00
4c36a:  00000000           addb rh0,#0x00
4c36e:  00000000           addb rh0,#0x00
4c372:  00000000           addb rh0,#0x00
4c376:  00000000           addb rh0,#0x00
4c37a:  00000000           addb rh0,#0x00
4c37e:  00000000           addb rh0,#0x00
4c382:  00000000           addb rh0,#0x00
4c386:  00000000           addb rh0,#0x00
4c38a:  00000000           addb rh0,#0x00
4c38e:  00000000           addb rh0,#0x00
4c392:  00000000           addb rh0,#0x00
4c396:  00000000           addb rh0,#0x00
4c39a:  00000000           addb rh0,#0x00
4c39e:  00000000           addb rh0,#0x00
4c3a2:  00000000           addb rh0,#0x00
4c3a6:  00000000           addb rh0,#0x00
4c3aa:  00000000           addb rh0,#0x00
4c3ae:  00000000           addb rh0,#0x00
4c3b2:  00000000           addb rh0,#0x00
4c3b6:  00000000           addb rh0,#0x00
4c3ba:  00000000           addb rh0,#0x00
4c3be:  00000000           addb rh0,#0x00
4c3c2:  00000000           addb rh0,#0x00
4c3c6:  00000000           addb rh0,#0x00
4c3ca:  00000000           addb rh0,#0x00
4c3ce:  00000000           addb rh0,#0x00
4c3d2:  00000000           addb rh0,#0x00
4c3d6:  00000000           addb rh0,#0x00
4c3da:  00000000           addb rh0,#0x00
4c3de:  00000000           addb rh0,#0x00
4c3e2:  00000000           addb rh0,#0x00
4c3e6:  00000000           addb rh0,#0x00
4c3ea:  00000000           addb rh0,#0x00
4c3ee:  00000000           addb rh0,#0x00
4c3f2:  00000000           addb rh0,#0x00
4c3f6:  00000000           addb rh0,#0x00
4c3fa:  00000000           addb rh0,#0x00
4c3fe:  00000000           addb rh0,#0x00
4c402:  00000000           addb rh0,#0x00
4c406:  00000000           addb rh0,#0x00
4c40a:  00000000           addb rh0,#0x00
4c40e:  00000000           addb rh0,#0x00
4c412:  00000000           addb rh0,#0x00
4c416:  00000000           addb rh0,#0x00
4c41a:  00000000           addb rh0,#0x00
4c41e:  00000000           addb rh0,#0x00
4c422:  00000000           addb rh0,#0x00
4c426:  00000000           addb rh0,#0x00
4c42a:  00000000           addb rh0,#0x00
4c42e:  00000000           addb rh0,#0x00
4c432:  00000000           addb rh0,#0x00
4c436:  00000000           addb rh0,#0x00
4c43a:  00000000           addb rh0,#0x00
4c43e:  00000000           addb rh0,#0x00
4c442:  00000000           addb rh0,#0x00
4c446:  00000000           addb rh0,#0x00
4c44a:  00000000           addb rh0,#0x00
4c44e:  00000000           addb rh0,#0x00
4c452:  00000000           addb rh0,#0x00
4c456:  00000000           addb rh0,#0x00
4c45a:  00000000           addb rh0,#0x00
4c45e:  00000000           addb rh0,#0x00
4c462:  00000000           addb rh0,#0x00
4c466:  00000000           addb rh0,#0x00
4c46a:  00000000           addb rh0,#0x00
4c46e:  00000000           addb rh0,#0x00
4c472:  00000000           addb rh0,#0x00
4c476:  00000000           addb rh0,#0x00
4c47a:  00000000           addb rh0,#0x00
4c47e:  00000000           addb rh0,#0x00
4c482:  00000000           addb rh0,#0x00
4c486:  00000000           addb rh0,#0x00
4c48a:  00000000           addb rh0,#0x00
4c48e:  00000000           addb rh0,#0x00
4c492:  00000000           addb rh0,#0x00
4c496:  00000000           addb rh0,#0x00
4c49a:  00000000           addb rh0,#0x00
4c49e:  00000000           addb rh0,#0x00
4c4a2:  00000000           addb rh0,#0x00
4c4a6:  00000000           addb rh0,#0x00
4c4aa:  00000000           addb rh0,#0x00
4c4ae:  00000000           addb rh0,#0x00
4c4b2:  00000000           addb rh0,#0x00
4c4b6:  00000000           addb rh0,#0x00
4c4ba:  00000000           addb rh0,#0x00
4c4be:  00000000           addb rh0,#0x00
4c4c2:  00000000           addb rh0,#0x00
4c4c6:  00000000           addb rh0,#0x00
4c4ca:  00000000           addb rh0,#0x00
4c4ce:  00000000           addb rh0,#0x00
4c4d2:  00000000           addb rh0,#0x00
4c4d6:  00000000           addb rh0,#0x00
4c4da:  00000000           addb rh0,#0x00
4c4de:  00000000           addb rh0,#0x00
4c4e2:  00000000           addb rh0,#0x00
4c4e6:  00000000           addb rh0,#0x00
4c4ea:  00000000           addb rh0,#0x00
4c4ee:  00000000           addb rh0,#0x00
4c4f2:  00000000           addb rh0,#0x00
4c4f6:  00000000           addb rh0,#0x00
4c4fa:  00000000           addb rh0,#0x00
4c4fe:  00000000           addb rh0,#0x00
4c502:  00000000           addb rh0,#0x00
4c506:  00000000           addb rh0,#0x00
4c50a:  00000000           addb rh0,#0x00
4c50e:  00000000           addb rh0,#0x00
4c512:  00000000           addb rh0,#0x00
4c516:  00000000           addb rh0,#0x00
4c51a:  00000000           addb rh0,#0x00
4c51e:  00000000           addb rh0,#0x00
4c522:  00000000           addb rh0,#0x00
4c526:  00000000           addb rh0,#0x00
4c52a:  00000000           addb rh0,#0x00
4c52e:  00000000           addb rh0,#0x00
4c532:  00000000           addb rh0,#0x00
4c536:  00000000           addb rh0,#0x00
4c53a:  00000000           addb rh0,#0x00
4c53e:  00000000           addb rh0,#0x00
4c542:  00000000           addb rh0,#0x00
4c546:  00000000           addb rh0,#0x00
4c54a:  00000000           addb rh0,#0x00
4c54e:  00000000           addb rh0,#0x00
4c552:  00000000           addb rh0,#0x00
4c556:  00000000           addb rh0,#0x00
4c55a:  00000000           addb rh0,#0x00
4c55e:  00000000           addb rh0,#0x00
4c562:  00000000           addb rh0,#0x00
4c566:  00000000           addb rh0,#0x00
4c56a:  00000000           addb rh0,#0x00
4c56e:  00000000           addb rh0,#0x00
4c572:  00000000           addb rh0,#0x00
4c576:  00000000           addb rh0,#0x00
4c57a:  00000000           addb rh0,#0x00
4c57e:  00000000           addb rh0,#0x00
4c582:  00000000           addb rh0,#0x00
4c586:  00000000           addb rh0,#0x00
4c58a:  00000000           addb rh0,#0x00
4c58e:  00000000           addb rh0,#0x00
4c592:  00000000           addb rh0,#0x00
4c596:  00000000           addb rh0,#0x00
4c59a:  00000000           addb rh0,#0x00
4c59e:  00000000           addb rh0,#0x00
4c5a2:  00000000           addb rh0,#0x00
4c5a6:  00000000           addb rh0,#0x00
4c5aa:  00000000           addb rh0,#0x00
4c5ae:  00000000           addb rh0,#0x00
4c5b2:  00000000           addb rh0,#0x00
4c5b6:  00000000           addb rh0,#0x00
4c5ba:  00000000           addb rh0,#0x00
4c5be:  00000000           addb rh0,#0x00
4c5c2:  00000000           addb rh0,#0x00
4c5c6:  00000000           addb rh0,#0x00
4c5ca:  00000000           addb rh0,#0x00
4c5ce:  00000000           addb rh0,#0x00
4c5d2:  00000000           addb rh0,#0x00
4c5d6:  00000000           addb rh0,#0x00
4c5da:  00000000           addb rh0,#0x00
4c5de:  00000000           addb rh0,#0x00
4c5e2:  00000000           addb rh0,#0x00
4c5e6:  00000000           addb rh0,#0x00
4c5ea:  00000000           addb rh0,#0x00
4c5ee:  00000000           addb rh0,#0x00
4c5f2:  00000000           addb rh0,#0x00
4c5f6:  00000000           addb rh0,#0x00
4c5fa:  00000000           addb rh0,#0x00
4c5fe:  00000000           addb rh0,#0x00
4c602:  00000000           addb rh0,#0x00
4c606:  00000000           addb rh0,#0x00
4c60a:  00000000           addb rh0,#0x00
4c60e:  00000000           addb rh0,#0x00
4c612:  0000bd21           addb rh0,#0x21
4c616:  5f00840018c0       call <<4>>0x18c0
4c61c:  140220202020       ldl rr2,#0x20202020
4c622:  5f0084001852       call <<4>>0x1852
4c628:  7602a2000006       lda rr2,<<34>>0x0006
4c62e:  5f00840043ae       call <<4>>0x43ae
4c634:  9e08               ret 
4c636:  7602a2000006       lda rr2,<<34>>0x0006
4c63c:  5f00840043ae       call <<4>>0x43ae
4c642:  95e2               popl rr2,@rr14
4c644:  1de2               ldl @rr14,rr2
4c646:  9e08               ret 
4c648:  00000000           addb rh0,#0x00
4c64c:  00000000           addb rh0,#0x00
4c650:  00000000           addb rh0,#0x00
4c654:  00000000           addb rh0,#0x00
4c658:  00000000           addb rh0,#0x00
4c65c:  00000000           addb rh0,#0x00
4c660:  00000000           addb rh0,#0x00
4c664:  00000000           addb rh0,#0x00
4c668:  00000000           addb rh0,#0x00
4c66c:  00000000           addb rh0,#0x00
4c670:  00000000           addb rh0,#0x00
4c674:  00000000           addb rh0,#0x00
4c678:  00000000           addb rh0,#0x00
4c67c:  00000000           addb rh0,#0x00
4c680:  00000000           addb rh0,#0x00
4c684:  00000000           addb rh0,#0x00
4c688:  00000000           addb rh0,#0x00
4c68c:  00000000           addb rh0,#0x00
4c690:  00000000           addb rh0,#0x00
4c694:  00000000           addb rh0,#0x00
4c698:  00000000           addb rh0,#0x00
4c69c:  00000000           addb rh0,#0x00
4c6a0:  00000000           addb rh0,#0x00
4c6a4:  00000000           addb rh0,#0x00
4c6a8:  00000000           addb rh0,#0x00
4c6ac:  00000000           addb rh0,#0x00
4c6b0:  00000000           addb rh0,#0x00
4c6b4:  00000000           addb rh0,#0x00
4c6b8:  00000000           addb rh0,#0x00
4c6bc:  00000000           addb rh0,#0x00
4c6c0:  00000000           addb rh0,#0x00
4c6c4:  00000000           addb rh0,#0x00
4c6c8:  00000000           addb rh0,#0x00
4c6cc:  00000000           addb rh0,#0x00
4c6d0:  00000000           addb rh0,#0x00
4c6d4:  00000000           addb rh0,#0x00
4c6d8:  00000000           addb rh0,#0x00
4c6dc:  00000000           addb rh0,#0x00
4c6e0:  00000000           addb rh0,#0x00
4c6e4:  00000000           addb rh0,#0x00
4c6e8:  00000000           addb rh0,#0x00
4c6ec:  00000000           addb rh0,#0x00
4c6f0:  00000000           addb rh0,#0x00
4c6f4:  00000000           addb rh0,#0x00
4c6f8:  00000000           addb rh0,#0x00
4c6fc:  00000000           addb rh0,#0x00
4c700:  5e08a100330e       jp <<33>>0x330e
4c706:  030f0014           sub r15,#0x0014
4c70a:  0de50018           ld @rr14,#0x0018
4c70e:  5cf902051908       ldm <<25>>0x0008(r15),r2,#6
4c714:  bd10               ldk r1,#0
4c716:  0b010000           cp r1,#0x0000
4c71a:  e103               jr lt,0xc722
4c71c:  0b010003           cp r1,#0x0003
4c720:  e204               jr le,0xc72a
4c722:  bd2e               ldk r2,#14
4c724:  5f00840033f6       call <<4>>0x33f6
4c72a:  760c84000166       lda rr12,<<4>>0x0166
4c730:  2ec9               ldb @rr12,rl1
4c732:  760ca0000114       lda rr12,<<32>>0x0114
4c738:  21c2               ld r2,@rr12
4c73a:  bd30               ldk r3,#0
4c73c:  7604a1008ff6       lda rr4,<<33>>0x8ff6
4c742:  5f00840044a2       call <<4>>0x44a2
4c748:  6eff1906           ldb <<25>>0x0006(r15),rl7
4c74c:  60f91906           ldb rl1,<<25>>0x0006(r15)
4c750:  b110               extsb r1
4c752:  0b010000           cp r1,#0x0000
4c756:  e103               jr lt,0xc75e
4c758:  0b010001           cp r1,#0x0001
4c75c:  e204               jr le,0xc766
4c75e:  bd2e               ldk r2,#14
4c760:  5f00840033f6       call <<4>>0x33f6
4c766:  6e09a1008ff1       ldb <<33>>0x8ff1,rl1
4c76c:  6101a1008ff6       ld r1,<<33>>0x8ff6
4c772:  8d14               test r1
4c774:  ed02               jr pl,0xc77a
4c776:  8d12               neg r1
4c778:  a51f               set r1,#15
4c77a:  b311fff8           srl r1,#8
4c77e:  a717               bit r1,#7
4c780:  e602               jr z,0xc786
4c782:  a317               res r1,#7
4c784:  8d12               neg r1
4c786:  6f01a1008ff6       ld <<33>>0x8ff6,r1
4c78c:  6102a1008ff6       ld r2,<<33>>0x8ff6
4c792:  21030078           ld r3,#0x0078
4c796:  bd42               ldk r4,#2
4c798:  5f00a10075e6       call <<33>>0x75e6
4c79e:  6f07a10087d6       ld <<33>>0x87d6,r7
4c7a4:  4d04a10087d6       test <<33>>0x87d6
4c7aa:  e654               jr z,0xc854
4c7ac:  bd13               ldk r1,#3
4c7ae:  0b010000           cp r1,#0x0000
4c7b2:  e103               jr lt,0xc7ba
4c7b4:  0b010003           cp r1,#0x0003
4c7b8:  e204               jr le,0xc7c2
4c7ba:  bd2e               ldk r2,#14
4c7bc:  5f00840033f6       call <<4>>0x33f6
4c7c2:  760c84000166       lda rr12,<<4>>0x0166
4c7c8:  2ec9               ldb @rr12,rl1
4c7ca:  5f00840044de       call <<4>>0x44de
4c7d0:  7602840042f0       lda rr2,<<4>>0x42f0
4c7d6:  bd40               ldk r4,#0
4c7d8:  bd53               ldk r5,#3
4c7da:  7606a1009844       lda rr6,<<33>>0x9844
4c7e0:  5f008400285a       call <<4>>0x285a
4c7e6:  7602840042f0       lda rr2,<<4>>0x42f0
4c7ec:  2104ffff           ld r4,#0xffff
4c7f0:  21050010           ld r5,#0x0010
4c7f4:  7606a1009834       lda rr6,<<33>>0x9834
4c7fa:  5f008400285a       call <<4>>0x285a
4c800:  7602840042f0       lda rr2,<<4>>0x42f0
4c806:  5f00840011f6       call <<4>>0x11f6
4c80c:  760c84000175       lda rr12,<<4>>0x0175
4c812:  20c9               ldb rl1,@rr12
4c814:  8c18               clrb rh1
4c816:  0b010000           cp r1,#0x0000
4c81a:  e103               jr lt,0xc822
4c81c:  0b0100ff           cp r1,#0x00ff
4c820:  e205               jr le,0xc82c
4c822:  21020010           ld r2,#0x0010
4c826:  5f00840033f6       call <<4>>0x33f6
4c82c:  a112               ld r2,r1
4c82e:  760ca0000114       lda rr12,<<32>>0x0114
4c834:  21c3               ld r3,@rr12
4c836:  760ca0000114       lda rr12,<<32>>0x0114
4c83c:  31c40002           ld r4,rr12(#0x0002)
4c840:  210500e1           ld r5,#0x00e1
4c844:  210600ff           ld r6,#0x00ff
4c848:  5f00840044f2       call <<4>>0x44f2
4c84e:  5e08a1000414       jp <<33>>0x0414
4c854:  54f21910           ldl rr2,<<25>>0x0010(r15)
4c858:  5f008400457e       call <<4>>0x457e
4c85e:  5d06a1009042       ldl <<33>>0x9042,rr6
4c864:  61f1190c           ld r1,<<25>>0x000c(r15)
4c868:  b3190007           sla r1,#7
4c86c:  760ca1009072       lda rr12,<<33>>0x9072
4c872:  2fc1               ld @rr12,r1
4c874:  6102a1008ff6       ld r2,<<33>>0x8ff6
4c87a:  760ca1009072       lda rr12,<<33>>0x9072
4c880:  21c3               ld r3,@rr12
4c882:  5404a1009042       ldl rr4,<<33>>0x9042
4c888:  5f00a10075c6       call <<33>>0x75c6
4c88e:  6f07a10087d6       ld <<33>>0x87d6,r7
4c894:  4d04a10087d6       test <<33>>0x87d6
4c89a:  e652               jr z,0xc940
4c89c:  bd13               ldk r1,#3
4c89e:  0b010000           cp r1,#0x0000
4c8a2:  e103               jr lt,0xc8aa
4c8a4:  0b010003           cp r1,#0x0003
4c8a8:  e204               jr le,0xc8b2
4c8aa:  bd2e               ldk r2,#14
4c8ac:  5f00840033f6       call <<4>>0x33f6
4c8b2:  760c84000166       lda rr12,<<4>>0x0166
4c8b8:  2ec9               ldb @rr12,rl1
4c8ba:  5f00840044de       call <<4>>0x44de
4c8c0:  7602840042f0       lda rr2,<<4>>0x42f0
4c8c6:  bd40               ldk r4,#0
4c8c8:  bd53               ldk r5,#3
4c8ca:  7606a1009830       lda rr6,<<33>>0x9830
4c8d0:  5f008400285a       call <<4>>0x285a
4c8d6:  7602840042f0       lda rr2,<<4>>0x42f0
4c8dc:  2104ffff           ld r4,#0xffff
4c8e0:  21050010           ld r5,#0x0010
4c8e4:  7606a1009820       lda rr6,<<33>>0x9820
4c8ea:  5f008400285a       call <<4>>0x285a
4c8f0:  7602840042f0       lda rr2,<<4>>0x42f0
4c8f6:  5f00840011f6       call <<4>>0x11f6
4c8fc:  760c84000175       lda rr12,<<4>>0x0175
4c902:  20c9               ldb rl1,@rr12
4c904:  8c18               clrb rh1
4c906:  0b010000           cp r1,#0x0000
4c90a:  e103               jr lt,0xc912
4c90c:  0b0100ff           cp r1,#0x00ff
4c910:  e205               jr le,0xc91c
4c912:  21020010           ld r2,#0x0010
4c916:  5f00840033f6       call <<4>>0x33f6
4c91c:  a112               ld r2,r1
4c91e:  760ca0000114       lda rr12,<<32>>0x0114
4c924:  21c3               ld r3,@rr12
4c926:  760ca0000114       lda rr12,<<32>>0x0114
4c92c:  31c40002           ld r4,rr12(#0x0002)
4c930:  210500e1           ld r5,#0x00e1
4c934:  210600ff           ld r6,#0x00ff
4c938:  5f00840044f2       call <<4>>0x44f2
4c93e:  e86a               jr 0xca14
4c940:  6102a1008ff6       ld r2,<<33>>0x8ff6
4c946:  760ca0000114       lda rr12,<<32>>0x0114
4c94c:  31c30002           ld r3,rr12(#0x0002)
4c950:  61f41908           ld r4,<<25>>0x0008(r15)
4c954:  61f5190a           ld r5,<<25>>0x000a(r15)
4c958:  7606a1009090       lda rr6,<<33>>0x9090
4c95e:  5f00a10073c2       call <<33>>0x73c2
4c964:  6f07a10087d6       ld <<33>>0x87d6,r7
4c96a:  4d04a10087d6       test <<33>>0x87d6
4c970:  e651               jr z,0xca14
4c972:  bd13               ldk r1,#3
4c974:  0b010000           cp r1,#0x0000
4c978:  e103               jr lt,0xc980
4c97a:  0b010003           cp r1,#0x0003
4c97e:  e204               jr le,0xc988
4c980:  bd2e               ldk r2,#14
4c982:  5f00840033f6       call <<4>>0x33f6
4c988:  760c84000166       lda rr12,<<4>>0x0166
4c98e:  2ec9               ldb @rr12,rl1
4c990:  5f00840044de       call <<4>>0x44de
4c996:  7602840042f0       lda rr2,<<4>>0x42f0
4c99c:  bd40               ldk r4,#0
4c99e:  bd53               ldk r5,#3
4c9a0:  7606a100981c       lda rr6,<<33>>0x981c
4c9a6:  5f008400285a       call <<4>>0x285a
4c9ac:  7602840042f0       lda rr2,<<4>>0x42f0
4c9b2:  2104ffff           ld r4,#0xffff
4c9b6:  21050010           ld r5,#0x0010
4c9ba:  7606a100980c       lda rr6,<<33>>0x980c
4c9c0:  5f008400285a       call <<4>>0x285a
4c9c6:  7602840042f0       lda rr2,<<4>>0x42f0
4c9cc:  5f00840011f6       call <<4>>0x11f6
4c9d2:  760c84000175       lda rr12,<<4>>0x0175
4c9d8:  20c9               ldb rl1,@rr12
4c9da:  8c18               clrb rh1
4c9dc:  0b010000           cp r1,#0x0000
4c9e0:  e103               jr lt,0xc9e8
4c9e2:  0b0100ff           cp r1,#0x00ff
4c9e6:  e205               jr le,0xc9f2
4c9e8:  21020010           ld r2,#0x0010
4c9ec:  5f00840033f6       call <<4>>0x33f6
4c9f2:  a112               ld r2,r1
4c9f4:  760ca0000114       lda rr12,<<32>>0x0114
4c9fa:  21c3               ld r3,@rr12
4c9fc:  760ca0000114       lda rr12,<<32>>0x0114
4ca02:  31c40002           ld r4,rr12(#0x0002)
4ca06:  210500e1           ld r5,#0x00e1
4ca0a:  210600ff           ld r6,#0x00ff
4ca0e:  5f00840044f2       call <<4>>0x44f2
4ca14:  010f0014           add r15,#0x0014
4ca18:  9e08               ret 
4ca1a:  030f0014           sub r15,#0x0014
4ca1e:  0de50018           ld @rr14,#0x0018
4ca22:  5cf902051908       ldm <<25>>0x0008(r15),r2,#6
4ca28:  bd10               ldk r1,#0
4ca2a:  0b010000           cp r1,#0x0000
4ca2e:  e103               jr lt,0xca36
4ca30:  0b010003           cp r1,#0x0003
4ca34:  e204               jr le,0xca3e
4ca36:  bd2e               ldk r2,#14
4ca38:  5f00840033f6       call <<4>>0x33f6
4ca3e:  760c84000166       lda rr12,<<4>>0x0166
4ca44:  2ec9               ldb @rr12,rl1
4ca46:  760ca0000114       lda rr12,<<32>>0x0114
4ca4c:  21c2               ld r2,@rr12
4ca4e:  bd30               ldk r3,#0
4ca50:  7604a1008ff6       lda rr4,<<33>>0x8ff6
4ca56:  5f00840044a2       call <<4>>0x44a2
4ca5c:  6eff1906           ldb <<25>>0x0006(r15),rl7
4ca60:  60f91906           ldb rl1,<<25>>0x0006(r15)
4ca64:  b110               extsb r1
4ca66:  0b010000           cp r1,#0x0000
4ca6a:  e103               jr lt,0xca72
4ca6c:  0b010001           cp r1,#0x0001
4ca70:  e204               jr le,0xca7a
4ca72:  bd2e               ldk r2,#14
4ca74:  5f00840033f6       call <<4>>0x33f6
4ca7a:  6e09a1008ff1       ldb <<33>>0x8ff1,rl1
4ca80:  6101a1008ff6       ld r1,<<33>>0x8ff6
4ca86:  8d14               test r1
4ca88:  ed02               jr pl,0xca8e
4ca8a:  8d12               neg r1
4ca8c:  a51f               set r1,#15
4ca8e:  b311fff8           srl r1,#8
4ca92:  a717               bit r1,#7
4ca94:  e602               jr z,0xca9a
4ca96:  a317               res r1,#7
4ca98:  8d12               neg r1
4ca9a:  6f01a1008ff6       ld <<33>>0x8ff6,r1
4caa0:  6102a1008ff6       ld r2,<<33>>0x8ff6
4caa6:  21030078           ld r3,#0x0078
4caaa:  bd42               ldk r4,#2
4caac:  5f00a10075e6       call <<33>>0x75e6
4cab2:  6f07a10087d6       ld <<33>>0x87d6,r7
4cab8:  4d04a10087d6       test <<33>>0x87d6
4cabe:  e654               jr z,0xcb68
4cac0:  bd13               ldk r1,#3
4cac2:  0b010000           cp r1,#0x0000
4cac6:  e103               jr lt,0xcace
4cac8:  0b010003           cp r1,#0x0003
4cacc:  e204               jr le,0xcad6
4cace:  bd2e               ldk r2,#14
4cad0:  5f00840033f6       call <<4>>0x33f6
4cad6:  760c84000166       lda rr12,<<4>>0x0166
4cadc:  2ec9               ldb @rr12,rl1
4cade:  5f00840044de       call <<4>>0x44de
4cae4:  7602840042f0       lda rr2,<<4>>0x42f0
4caea:  bd40               ldk r4,#0
4caec:  bd53               ldk r5,#3
4caee:  7606a1009880       lda rr6,<<33>>0x9880
4caf4:  5f008400285a       call <<4>>0x285a
4cafa:  7602840042f0       lda rr2,<<4>>0x42f0
4cb00:  2104ffff           ld r4,#0xffff
4cb04:  21050010           ld r5,#0x0010
4cb08:  7606a1009870       lda rr6,<<33>>0x9870
4cb0e:  5f008400285a       call <<4>>0x285a
4cb14:  7602840042f0       lda rr2,<<4>>0x42f0
4cb1a:  5f00840011f6       call <<4>>0x11f6
4cb20:  760c84000175       lda rr12,<<4>>0x0175
4cb26:  20c9               ldb rl1,@rr12
4cb28:  8c18               clrb rh1
4cb2a:  0b010000           cp r1,#0x0000
4cb2e:  e103               jr lt,0xcb36
4cb30:  0b0100ff           cp r1,#0x00ff
4cb34:  e205               jr le,0xcb40
4cb36:  21020010           ld r2,#0x0010
4cb3a:  5f00840033f6       call <<4>>0x33f6
4cb40:  a112               ld r2,r1
4cb42:  760ca0000114       lda rr12,<<32>>0x0114
4cb48:  21c3               ld r3,@rr12
4cb4a:  760ca0000114       lda rr12,<<32>>0x0114
4cb50:  31c40002           ld r4,rr12(#0x0002)
4cb54:  210500e1           ld r5,#0x00e1
4cb58:  210600ff           ld r6,#0x00ff
4cb5c:  5f00840044f2       call <<4>>0x44f2
4cb62:  5e08a10007c4       jp <<33>>0x07c4
4cb68:  54f21910           ldl rr2,<<25>>0x0010(r15)
4cb6c:  5f008400457e       call <<4>>0x457e
4cb72:  5d06a1009042       ldl <<33>>0x9042,rr6
4cb78:  4df41908           test <<25>>0x0008(r15)
4cb7c:  ee09               jr nz,0xcb90
4cb7e:  61f1190c           ld r1,<<25>>0x000c(r15)
4cb82:  b3190007           sla r1,#7
4cb86:  760ca1009072       lda rr12,<<33>>0x9072
4cb8c:  2fc1               ld @rr12,r1
4cb8e:  e815               jr 0xcbba
4cb90:  4d04a100902a       test <<33>>0x902a
4cb96:  ee09               jr nz,0xcbaa
4cb98:  61f1190c           ld r1,<<25>>0x000c(r15)
4cb9c:  b3190007           sla r1,#7
4cba0:  760ca1009072       lda rr12,<<33>>0x9072
4cba6:  2fc1               ld @rr12,r1
4cba8:  e808               jr 0xcbba
4cbaa:  61f1190c           ld r1,<<25>>0x000c(r15)
4cbae:  b3190008           sla r1,#8
4cbb2:  760ca1009072       lda rr12,<<33>>0x9072
4cbb8:  2fc1               ld @rr12,r1
4cbba:  6102a1008ff6       ld r2,<<33>>0x8ff6
4cbc0:  760ca1009072       lda rr12,<<33>>0x9072
4cbc6:  21c3               ld r3,@rr12
4cbc8:  5404a1009042       ldl rr4,<<33>>0x9042
4cbce:  5f00a10075c6       call <<33>>0x75c6
4cbd4:  6f07a10087d6       ld <<33>>0x87d6,r7
4cbda:  4d04a10087d6       test <<33>>0x87d6
4cbe0:  e654               jr z,0xcc8a
4cbe2:  bd13               ldk r1,#3
4cbe4:  0b010000           cp r1,#0x0000
4cbe8:  e103               jr lt,0xcbf0
4cbea:  0b010003           cp r1,#0x0003
4cbee:  e204               jr le,0xcbf8
4cbf0:  bd2e               ldk r2,#14
4cbf2:  5f00840033f6       call <<4>>0x33f6
4cbf8:  760c84000166       lda rr12,<<4>>0x0166
4cbfe:  2ec9               ldb @rr12,rl1
4cc00:  5f00840044de       call <<4>>0x44de
4cc06:  7602840042f0       lda rr2,<<4>>0x42f0
4cc0c:  bd40               ldk r4,#0
4cc0e:  bd53               ldk r5,#3
4cc10:  7606a100986c       lda rr6,<<33>>0x986c
4cc16:  5f008400285a       call <<4>>0x285a
4cc1c:  7602840042f0       lda rr2,<<4>>0x42f0
4cc22:  2104ffff           ld r4,#0xffff
4cc26:  21050010           ld r5,#0x0010
4cc2a:  7606a100985c       lda rr6,<<33>>0x985c
4cc30:  5f008400285a       call <<4>>0x285a
4cc36:  7602840042f0       lda rr2,<<4>>0x42f0
4cc3c:  5f00840011f6       call <<4>>0x11f6
4cc42:  760c84000175       lda rr12,<<4>>0x0175
4cc48:  20c9               ldb rl1,@rr12
4cc4a:  8c18               clrb rh1
4cc4c:  0b010000           cp r1,#0x0000
4cc50:  e103               jr lt,0xcc58
4cc52:  0b0100ff           cp r1,#0x00ff
4cc56:  e205               jr le,0xcc62
4cc58:  21020010           ld r2,#0x0010
4cc5c:  5f00840033f6       call <<4>>0x33f6
4cc62:  a112               ld r2,r1
4cc64:  760ca0000114       lda rr12,<<32>>0x0114
4cc6a:  21c3               ld r3,@rr12
4cc6c:  760ca0000114       lda rr12,<<32>>0x0114
4cc72:  31c40002           ld r4,rr12(#0x0002)
4cc76:  210500e1           ld r5,#0x00e1
4cc7a:  210600ff           ld r6,#0x00ff
4cc7e:  5f00840044f2       call <<4>>0x44f2
4cc84:  5e08a10007c4       jp <<33>>0x07c4
4cc8a:  4df41908           test <<25>>0x0008(r15)
4cc8e:  ee16               jr nz,0xccbc
4cc90:  6102a1008ff6       ld r2,<<33>>0x8ff6
4cc96:  760ca0000114       lda rr12,<<32>>0x0114
4cc9c:  31c30002           ld r3,rr12(#0x0002)
4cca0:  61f41908           ld r4,<<25>>0x0008(r15)
4cca4:  61f5190a           ld r5,<<25>>0x000a(r15)
4cca8:  7606a1009090       lda rr6,<<33>>0x9090
4ccae:  5f00a1006f42       call <<33>>0x6f42
4ccb4:  6f07a10087d6       ld <<33>>0x87d6,r7
4ccba:  e82f               jr 0xcd1a
4ccbc:  4d04a100902a       test <<33>>0x902a
4ccc2:  ee16               jr nz,0xccf0
4ccc4:  6102a1008ff6       ld r2,<<33>>0x8ff6
4ccca:  760ca0000114       lda rr12,<<32>>0x0114
4ccd0:  31c30002           ld r3,rr12(#0x0002)
4ccd4:  61f41908           ld r4,<<25>>0x0008(r15)
4ccd8:  61f5190a           ld r5,<<25>>0x000a(r15)
4ccdc:  7606a1009090       lda rr6,<<33>>0x9090
4cce2:  5f00a1006f42       call <<33>>0x6f42
4cce8:  6f07a10087d6       ld <<33>>0x87d6,r7
4ccee:  e815               jr 0xcd1a
4ccf0:  6102a1008ff6       ld r2,<<33>>0x8ff6
4ccf6:  760ca0000114       lda rr12,<<32>>0x0114
4ccfc:  31c30002           ld r3,rr12(#0x0002)
4cd00:  61f41908           ld r4,<<25>>0x0008(r15)
4cd04:  61f5190a           ld r5,<<25>>0x000a(r15)
4cd08:  7606a1009090       lda rr6,<<33>>0x9090
4cd0e:  5f00a1006f82       call <<33>>0x6f82
4cd14:  6f07a10087d6       ld <<33>>0x87d6,r7
4cd1a:  4d04a10087d6       test <<33>>0x87d6
4cd20:  e651               jr z,0xcdc4
4cd22:  bd13               ldk r1,#3
4cd24:  0b010000           cp r1,#0x0000
4cd28:  e103               jr lt,0xcd30
4cd2a:  0b010003           cp r1,#0x0003
4cd2e:  e204               jr le,0xcd38
4cd30:  bd2e               ldk r2,#14
4cd32:  5f00840033f6       call <<4>>0x33f6
4cd38:  760c84000166       lda rr12,<<4>>0x0166
4cd3e:  2ec9               ldb @rr12,rl1
4cd40:  5f00840044de       call <<4>>0x44de
4cd46:  7602840042f0       lda rr2,<<4>>0x42f0
4cd4c:  bd40               ldk r4,#0
4cd4e:  bd53               ldk r5,#3
4cd50:  7606a1009858       lda rr6,<<33>>0x9858
4cd56:  5f008400285a       call <<4>>0x285a
4cd5c:  7602840042f0       lda rr2,<<4>>0x42f0
4cd62:  2104ffff           ld r4,#0xffff
4cd66:  21050010           ld r5,#0x0010
4cd6a:  7606a1009848       lda rr6,<<33>>0x9848
4cd70:  5f008400285a       call <<4>>0x285a
4cd76:  7602840042f0       lda rr2,<<4>>0x42f0
4cd7c:  5f00840011f6       call <<4>>0x11f6
4cd82:  760c84000175       lda rr12,<<4>>0x0175
4cd88:  20c9               ldb rl1,@rr12
4cd8a:  8c18               clrb rh1
4cd8c:  0b010000           cp r1,#0x0000
4cd90:  e103               jr lt,0xcd98
4cd92:  0b0100ff           cp r1,#0x00ff
4cd96:  e205               jr le,0xcda2
4cd98:  21020010           ld r2,#0x0010
4cd9c:  5f00840033f6       call <<4>>0x33f6
4cda2:  a112               ld r2,r1
4cda4:  760ca0000114       lda rr12,<<32>>0x0114
4cdaa:  21c3               ld r3,@rr12
4cdac:  760ca0000114       lda rr12,<<32>>0x0114
4cdb2:  31c40002           ld r4,rr12(#0x0002)
4cdb6:  210500e1           ld r5,#0x00e1
4cdba:  210600ff           ld r6,#0x00ff
4cdbe:  5f00840044f2       call <<4>>0x44f2
4cdc4:  010f0014           add r15,#0x0014
4cdc8:  9e08               ret 
4cdca:  030f0014           sub r15,#0x0014
4cdce:  0de50018           ld @rr14,#0x0018
4cdd2:  bd10               ldk r1,#0
4cdd4:  0b010000           cp r1,#0x0000
4cdd8:  e103               jr lt,0xcde0
4cdda:  0b010003           cp r1,#0x0003
4cdde:  e204               jr le,0xcde8
4cde0:  bd2e               ldk r2,#14
4cde2:  5f00840033f6       call <<4>>0x33f6
4cde8:  760c84000166       lda rr12,<<4>>0x0166
4cdee:  2ec9               ldb @rr12,rl1
4cdf0:  760ca0000114       lda rr12,<<32>>0x0114
4cdf6:  21c2               ld r2,@rr12
4cdf8:  bd30               ldk r3,#0
4cdfa:  7604a1008ff6       lda rr4,<<33>>0x8ff6
4ce00:  5f00840044a2       call <<4>>0x44a2
4ce06:  6eff1906           ldb <<25>>0x0006(r15),rl7
4ce0a:  60f91906           ldb rl1,<<25>>0x0006(r15)
4ce0e:  b110               extsb r1
4ce10:  0b010000           cp r1,#0x0000
4ce14:  e103               jr lt,0xce1c
4ce16:  0b010001           cp r1,#0x0001
4ce1a:  e204               jr le,0xce24
4ce1c:  bd2e               ldk r2,#14
4ce1e:  5f00840033f6       call <<4>>0x33f6
4ce24:  6e09a1008ff1       ldb <<33>>0x8ff1,rl1
4ce2a:  6101a1008ff6       ld r1,<<33>>0x8ff6
4ce30:  8d14               test r1
4ce32:  ed02               jr pl,0xce38
4ce34:  8d12               neg r1
4ce36:  a51f               set r1,#15
4ce38:  b311fff8           srl r1,#8
4ce3c:  a717               bit r1,#7
4ce3e:  e602               jr z,0xce44
4ce40:  a317               res r1,#7
4ce42:  8d12               neg r1
4ce44:  6f01a1008ff6       ld <<33>>0x8ff6,r1
4ce4a:  6102a1008ff6       ld r2,<<33>>0x8ff6
4ce50:  21030078           ld r3,#0x0078
4ce54:  bd42               ldk r4,#2
4ce56:  5f00a10075e6       call <<33>>0x75e6
4ce5c:  6f07a10087d6       ld <<33>>0x87d6,r7
4ce62:  4d04a10087d6       test <<33>>0x87d6
4ce68:  e653               jr z,0xcf10
4ce6a:  bd13               ldk r1,#3
4ce6c:  0b010000           cp r1,#0x0000
4ce70:  e103               jr lt,0xce78
4ce72:  0b010003           cp r1,#0x0003
4ce76:  e204               jr le,0xce80
4ce78:  bd2e               ldk r2,#14
4ce7a:  5f00840033f6       call <<4>>0x33f6
4ce80:  760c84000166       lda rr12,<<4>>0x0166
4ce86:  2ec9               ldb @rr12,rl1
4ce88:  5f00840044de       call <<4>>0x44de
4ce8e:  7602840042f0       lda rr2,<<4>>0x42f0
4ce94:  2104ffff           ld r4,#0xffff
4ce98:  bd55               ldk r5,#5
4ce9a:  7606a10098aa       lda rr6,<<33>>0x98aa
4cea0:  5f008400285a       call <<4>>0x285a
4cea6:  7602840042f0       lda rr2,<<4>>0x42f0
4ceac:  2104ffff           ld r4,#0xffff
4ceb0:  21050010           ld r5,#0x0010
4ceb4:  7606a100989a       lda rr6,<<33>>0x989a
4ceba:  5f008400285a       call <<4>>0x285a
4cec0:  7602840042f0       lda rr2,<<4>>0x42f0
4cec6:  5f00840011f6       call <<4>>0x11f6
4cecc:  760c84000175       lda rr12,<<4>>0x0175
4ced2:  20c9               ldb rl1,@rr12
4ced4:  8c18               clrb rh1
4ced6:  0b010000           cp r1,#0x0000
4ceda:  e103               jr lt,0xcee2
4cedc:  0b0100ff           cp r1,#0x00ff
4cee0:  e205               jr le,0xceec
4cee2:  21020010           ld r2,#0x0010
4cee6:  5f00840033f6       call <<4>>0x33f6
4ceec:  a112               ld r2,r1
4ceee:  760ca0000114       lda rr12,<<32>>0x0114
4cef4:  21c3               ld r3,@rr12
4cef6:  760ca0000114       lda rr12,<<32>>0x0114
4cefc:  31c40002           ld r4,rr12(#0x0002)
4cf00:  210500e1           ld r5,#0x00e1
4cf04:  210600ff           ld r6,#0x00ff
4cf08:  5f00840044f2       call <<4>>0x44f2
4cf0e:  e828               jr 0xcf60
4cf10:  4d01a100902a0001   cp <<33>>0x902a,#0x0001
4cf18:  ee12               jr nz,0xcf3e
4cf1a:  6102a1008ff6       ld r2,<<33>>0x8ff6
4cf20:  760ca0000114       lda rr12,<<32>>0x0114
4cf26:  31c30002           ld r3,rr12(#0x0002)
4cf2a:  7604a1009090       lda rr4,<<33>>0x9090
4cf30:  5f00a1006e36       call <<33>>0x6e36
4cf36:  6f07a10087d6       ld <<33>>0x87d6,r7
4cf3c:  e811               jr 0xcf60
4cf3e:  6102a1008ff6       ld r2,<<33>>0x8ff6
4cf44:  760ca0000114       lda rr12,<<32>>0x0114
4cf4a:  31c30002           ld r3,rr12(#0x0002)
4cf4e:  7604a1009090       lda rr4,<<33>>0x9090
4cf54:  5f00a1006e16       call <<33>>0x6e16
4cf5a:  6f07a10087d6       ld <<33>>0x87d6,r7
4cf60:  4d04a10087d6       test <<33>>0x87d6
4cf66:  e652               jr z,0xd00c
4cf68:  bd13               ldk r1,#3
4cf6a:  0b010000           cp r1,#0x0000
4cf6e:  e103               jr lt,0xcf76
4cf70:  0b010003           cp r1,#0x0003
4cf74:  e204               jr le,0xcf7e
4cf76:  bd2e               ldk r2,#14
4cf78:  5f00840033f6       call <<4>>0x33f6
4cf7e:  760c84000166       lda rr12,<<4>>0x0166
4cf84:  2ec9               ldb @rr12,rl1
4cf86:  5f00840044de       call <<4>>0x44de
4cf8c:  7602840042f0       lda rr2,<<4>>0x42f0
4cf92:  2104ffff           ld r4,#0xffff
4cf96:  bd55               ldk r5,#5
4cf98:  7606a1009894       lda rr6,<<33>>0x9894
4cf9e:  5f008400285a       call <<4>>0x285a
4cfa4:  7602840042f0       lda rr2,<<4>>0x42f0
4cfaa:  2104ffff           ld r4,#0xffff
4cfae:  21050010           ld r5,#0x0010
4cfb2:  7606a1009884       lda rr6,<<33>>0x9884
4cfb8:  5f008400285a       call <<4>>0x285a
4cfbe:  7602840042f0       lda rr2,<<4>>0x42f0
4cfc4:  5f00840011f6       call <<4>>0x11f6
4cfca:  760c84000175       lda rr12,<<4>>0x0175
4cfd0:  20c9               ldb rl1,@rr12
4cfd2:  8c18               clrb rh1
4cfd4:  0b010000           cp r1,#0x0000
4cfd8:  e103               jr lt,0xcfe0
4cfda:  0b0100ff           cp r1,#0x00ff
4cfde:  e205               jr le,0xcfea
4cfe0:  21020010           ld r2,#0x0010
4cfe4:  5f00840033f6       call <<4>>0x33f6
4cfea:  a112               ld r2,r1
4cfec:  760ca0000114       lda rr12,<<32>>0x0114
4cff2:  21c3               ld r3,@rr12
4cff4:  760ca0000114       lda rr12,<<32>>0x0114
4cffa:  31c40002           ld r4,rr12(#0x0002)
4cffe:  210500e1           ld r5,#0x00e1
4d002:  210600ff           ld r6,#0x00ff
4d006:  5f00840044f2       call <<4>>0x44f2
4d00c:  010f0014           add r15,#0x0014
4d010:  9e08               ret 
4d012:  030f0012           sub r15,#0x0012
4d016:  0de50016           ld @rr14,#0x0016
4d01a:  5cf902051906       ldm <<25>>0x0006(r15),r2,#6
4d020:  60f91907           ldb rl1,<<25>>0x0007(r15)
4d024:  8c18               clrb rh1
4d026:  0b010000           cp r1,#0x0000
4d02a:  e103               jr lt,0xd032
4d02c:  0b0100ff           cp r1,#0x00ff
4d030:  e204               jr le,0xd03a
4d032:  bd2e               ldk r2,#14
4d034:  5f00840033f6       call <<4>>0x33f6
4d03a:  bd21               ldk r2,#1
4d03c:  0b020001           cp r2,#0x0001
4d040:  e103               jr lt,0xd048
4d042:  0b020034           cp r2,#0x0034
4d046:  e204               jr le,0xd050
4d048:  bd2d               ldk r2,#13
4d04a:  5f00840033f6       call <<4>>0x33f6
4d050:  b3290008           sla r2,#8
4d054:  540ca10087d2       ldl rr12,<<33>>0x87d2
4d05a:  812d               add r13,r2
4d05c:  bd21               ldk r2,#1
4d05e:  0b020001           cp r2,#0x0001
4d062:  e103               jr lt,0xd06a
4d064:  0b020100           cp r2,#0x0100
4d068:  e204               jr le,0xd072
4d06a:  bd2d               ldk r2,#13
4d06c:  5f00840033f6       call <<4>>0x33f6
4d072:  812d               add r13,r2
4d074:  32c9feff           ldb rr12(#0xfeff),rl1
4d078:  60f91909           ldb rl1,<<25>>0x0009(r15)
4d07c:  8c18               clrb rh1
4d07e:  0b010000           cp r1,#0x0000
4d082:  e103               jr lt,0xd08a
4d084:  0b0100ff           cp r1,#0x00ff
4d088:  e204               jr le,0xd092
4d08a:  bd2e               ldk r2,#14
4d08c:  5f00840033f6       call <<4>>0x33f6
4d092:  bd21               ldk r2,#1
4d094:  0b020001           cp r2,#0x0001
4d098:  e103               jr lt,0xd0a0
4d09a:  0b020034           cp r2,#0x0034
4d09e:  e204               jr le,0xd0a8
4d0a0:  bd2d               ldk r2,#13
4d0a2:  5f00840033f6       call <<4>>0x33f6
4d0a8:  b3290008           sla r2,#8
4d0ac:  540ca10087d2       ldl rr12,<<33>>0x87d2
4d0b2:  812d               add r13,r2
4d0b4:  bd22               ldk r2,#2
4d0b6:  0b020001           cp r2,#0x0001
4d0ba:  e103               jr lt,0xd0c2
4d0bc:  0b020100           cp r2,#0x0100
4d0c0:  e204               jr le,0xd0ca
4d0c2:  bd2d               ldk r2,#13
4d0c4:  5f00840033f6       call <<4>>0x33f6
4d0ca:  812d               add r13,r2
4d0cc:  32c9feff           ldb rr12(#0xfeff),rl1
4d0d0:  60f9190b           ldb rl1,<<25>>0x000b(r15)
4d0d4:  8c18               clrb rh1
4d0d6:  0b010000           cp r1,#0x0000
4d0da:  e103               jr lt,0xd0e2
4d0dc:  0b0100ff           cp r1,#0x00ff
4d0e0:  e204               jr le,0xd0ea
4d0e2:  bd2e               ldk r2,#14
4d0e4:  5f00840033f6       call <<4>>0x33f6
4d0ea:  bd21               ldk r2,#1
4d0ec:  0b020001           cp r2,#0x0001
4d0f0:  e103               jr lt,0xd0f8
4d0f2:  0b020034           cp r2,#0x0034
4d0f6:  e204               jr le,0xd100
4d0f8:  bd2d               ldk r2,#13
4d0fa:  5f00840033f6       call <<4>>0x33f6
4d100:  b3290008           sla r2,#8
4d104:  540ca10087d2       ldl rr12,<<33>>0x87d2
4d10a:  812d               add r13,r2
4d10c:  bd23               ldk r2,#3
4d10e:  0b020001           cp r2,#0x0001
4d112:  e103               jr lt,0xd11a
4d114:  0b020100           cp r2,#0x0100
4d118:  e204               jr le,0xd122
4d11a:  bd2d               ldk r2,#13
4d11c:  5f00840033f6       call <<4>>0x33f6
4d122:  812d               add r13,r2
4d124:  32c9feff           ldb rr12(#0xfeff),rl1
4d128:  5f00a1005bd4       call <<33>>0x5bd4
4d12e:  4d01a100902a0001   cp <<33>>0x902a,#0x0001
4d136:  ee0f               jr nz,0xd156
4d138:  6102a1008ff6       ld r2,<<33>>0x8ff6
4d13e:  760ca0000114       lda rr12,<<32>>0x0114
4d144:  31c30002           ld r3,rr12(#0x0002)
4d148:  7604a1009090       lda rr4,<<33>>0x9090
4d14e:  5f00a1004fd2       call <<33>>0x4fd2
4d154:  e810               jr 0xd176
4d156:  6102a1008ff6       ld r2,<<33>>0x8ff6
4d15c:  760ca0000114       lda rr12,<<32>>0x0114
4d162:  31c30002           ld r3,rr12(#0x0002)
4d166:  21040024           ld r4,#0x0024
4d16a:  7606a1009090       lda rr6,<<33>>0x9090
4d170:  5f00a1004c88       call <<33>>0x4c88
4d176:  760c84000166       lda rr12,<<4>>0x0166
4d17c:  0cc10000           cpb @rr12,#0x00
4d180:  5e0ea1000cb4       jp nz,<<33>>0x0cb4
4d186:  5f00a1005bd4       call <<33>>0x5bd4
4d18c:  4d01a100902a0001   cp <<33>>0x902a,#0x0001
4d194:  ee0a               jr nz,0xd1aa
4d196:  bd20               ldk r2,#0
4d198:  bd31               ldk r3,#1
4d19a:  bd41               ldk r4,#1
4d19c:  5406a10087d2       ldl rr6,<<33>>0x87d2
4d1a2:  5f00a1000106       call <<33>>0x0106
4d1a8:  e80a               jr 0xd1be
4d1aa:  21020024           ld r2,#0x0024
4d1ae:  bd3d               ldk r3,#13
4d1b0:  bd41               ldk r4,#1
4d1b2:  5406a10087d2       ldl rr6,<<33>>0x87d2
4d1b8:  5f00a1000106       call <<33>>0x0106
4d1be:  760c84000166       lda rr12,<<4>>0x0166
4d1c4:  0cc10000           cpb @rr12,#0x00
4d1c8:  ee1e               jr nz,0xd206
4d1ca:  5f00a1005f8c       call <<33>>0x5f8c
4d1d0:  760ca100908c       lda rr12,<<33>>0x908c
4d1d6:  0dc1ffff           cp @rr12,#0xffff
4d1da:  ee06               jr nz,0xd1e8
4d1dc:  760c84000166       lda rr12,<<4>>0x0166
4d1e2:  0cc10000           cpb @rr12,#0x00
4d1e6:  e6f1               jr z,0xd1ca
4d1e8:  760c84000166       lda rr12,<<4>>0x0166
4d1ee:  0cc10000           cpb @rr12,#0x00
4d1f2:  ee09               jr nz,0xd206
4d1f4:  6102a1008ff6       ld r2,<<33>>0x8ff6
4d1fa:  7604a1008fe8       lda rr4,<<33>>0x8fe8
4d200:  5f00a1005ac6       call <<33>>0x5ac6
4d206:  760c84000166       lda rr12,<<4>>0x0166
4d20c:  0cc10000           cpb @rr12,#0x00
4d210:  e651               jr z,0xd2b4
4d212:  5f00840044de       call <<4>>0x44de
4d218:  7602840042f0       lda rr2,<<4>>0x42f0
4d21e:  bd40               ldk r4,#0
4d220:  bd53               ldk r5,#3
4d222:  7606a10098d4       lda rr6,<<33>>0x98d4
4d228:  5f008400285a       call <<4>>0x285a
4d22e:  7602840042f0       lda rr2,<<4>>0x42f0
4d234:  2104ffff           ld r4,#0xffff
4d238:  21050023           ld r5,#0x0023
4d23c:  7606a10098b0       lda rr6,<<33>>0x98b0
4d242:  5f008400285a       call <<4>>0x285a
4d248:  7602840042f0       lda rr2,<<4>>0x42f0
4d24e:  5f00840011f6       call <<4>>0x11f6
4d254:  760c84000175       lda rr12,<<4>>0x0175
4d25a:  20c9               ldb rl1,@rr12
4d25c:  8c18               clrb rh1
4d25e:  0b010000           cp r1,#0x0000
4d262:  e103               jr lt,0xd26a
4d264:  0b0100ff           cp r1,#0x00ff
4d268:  e205               jr le,0xd274
4d26a:  21020010           ld r2,#0x0010
4d26e:  5f00840033f6       call <<4>>0x33f6
4d274:  a112               ld r2,r1
4d276:  760ca0000114       lda rr12,<<32>>0x0114
4d27c:  21c3               ld r3,@rr12
4d27e:  760ca0000114       lda rr12,<<32>>0x0114
4d284:  31c40002           ld r4,rr12(#0x0002)
4d288:  210500e1           ld r5,#0x00e1
4d28c:  210600ff           ld r6,#0x00ff
4d290:  5f00840044f2       call <<4>>0x44f2
4d296:  bd13               ldk r1,#3
4d298:  0b010000           cp r1,#0x0000
4d29c:  e103               jr lt,0xd2a4
4d29e:  0b010003           cp r1,#0x0003
4d2a2:  e204               jr le,0xd2ac
4d2a4:  bd2e               ldk r2,#14
4d2a6:  5f00840033f6       call <<4>>0x33f6
4d2ac:  760c84000166       lda rr12,<<4>>0x0166
4d2b2:  2ec9               ldb @rr12,rl1
4d2b4:  010f0012           add r15,#0x0012
4d2b8:  9e08               ret 
4d2ba:  030f0022           sub r15,#0x0022
4d2be:  0de50026           ld @rr14,#0x0026
4d2c2:  5f00a1005bd4       call <<33>>0x5bd4
4d2c8:  4d01a100902a0001   cp <<33>>0x902a,#0x0001
4d2d0:  ee0f               jr nz,0xd2f0
4d2d2:  6102a1008ff6       ld r2,<<33>>0x8ff6
4d2d8:  760ca0000114       lda rr12,<<32>>0x0114
4d2de:  31c30002           ld r3,rr12(#0x0002)
4d2e2:  7604a1009090       lda rr4,<<33>>0x9090
4d2e8:  5f00a1004fd2       call <<33>>0x4fd2
4d2ee:  e810               jr 0xd310
4d2f0:  6102a1008ff6       ld r2,<<33>>0x8ff6
4d2f6:  760ca0000114       lda rr12,<<32>>0x0114
4d2fc:  31c30002           ld r3,rr12(#0x0002)
4d300:  21040024           ld r4,#0x0024
4d304:  7606a1009090       lda rr6,<<33>>0x9090
4d30a:  5f00a1004c88       call <<33>>0x4c88
4d310:  760c84000166       lda rr12,<<4>>0x0166
4d316:  0cc10000           cpb @rr12,#0x00
4d31a:  5e0ea1001138       jp nz,<<33>>0x1138
4d320:  5f00a1005bd4       call <<33>>0x5bd4
4d326:  4d01a100902a0001   cp <<33>>0x902a,#0x0001
4d32e:  ee0a               jr nz,0xd344
4d330:  bd20               ldk r2,#0
4d332:  bd31               ldk r3,#1
4d334:  bd41               ldk r4,#1
4d336:  5406a10087d2       ldl rr6,<<33>>0x87d2
4d33c:  5f00a100041a       call <<33>>0x041a
4d342:  e80a               jr 0xd358
4d344:  21020024           ld r2,#0x0024
4d348:  bd3d               ldk r3,#13
4d34a:  bd41               ldk r4,#1
4d34c:  5406a10087d2       ldl rr6,<<33>>0x87d2
4d352:  5f00a100041a       call <<33>>0x041a
4d358:  760c84000166       lda rr12,<<4>>0x0166
4d35e:  0cc10000           cpb @rr12,#0x00
4d362:  ee1e               jr nz,0xd3a0
4d364:  5f00a1005f8c       call <<33>>0x5f8c
4d36a:  760ca100908c       lda rr12,<<33>>0x908c
4d370:  0dc1ffff           cp @rr12,#0xffff
4d374:  ee06               jr nz,0xd382
4d376:  760c84000166       lda rr12,<<4>>0x0166
4d37c:  0cc10000           cpb @rr12,#0x00
4d380:  e6f1               jr z,0xd364
4d382:  760c84000166       lda rr12,<<4>>0x0166
4d388:  0cc10000           cpb @rr12,#0x00
4d38c:  ee09               jr nz,0xd3a0
4d38e:  6102a1008ff6       ld r2,<<33>>0x8ff6
4d394:  7604a1008fe8       lda rr4,<<33>>0x8fe8
4d39a:  5f00a1005ac6       call <<33>>0x5ac6
4d3a0:  760c84000166       lda rr12,<<4>>0x0166
4d3a6:  0cc10000           cpb @rr12,#0x00
4d3aa:  5e0ea1001138       jp nz,<<33>>0x1138
4d3b0:  bd11               ldk r1,#1
4d3b2:  0b010001           cp r1,#0x0001
4d3b6:  e103               jr lt,0xd3be
4d3b8:  0b010034           cp r1,#0x0034
4d3bc:  e204               jr le,0xd3c6
4d3be:  bd2d               ldk r2,#13
4d3c0:  5f00840033f6       call <<4>>0x33f6
4d3c6:  b3190008           sla r1,#8
4d3ca:  540ca10087d2       ldl rr12,<<33>>0x87d2
4d3d0:  811d               add r13,r1
4d3d2:  bd11               ldk r1,#1
4d3d4:  0b010001           cp r1,#0x0001
4d3d8:  e103               jr lt,0xd3e0
4d3da:  0b010100           cp r1,#0x0100
4d3de:  e204               jr le,0xd3e8
4d3e0:  bd2d               ldk r2,#13
4d3e2:  5f00840033f6       call <<4>>0x33f6
4d3e8:  811d               add r13,r1
4d3ea:  30c9feff           ldb rl1,rr12(#0xfeff)
4d3ee:  8c18               clrb rh1
4d3f0:  0b010000           cp r1,#0x0000
4d3f4:  e103               jr lt,0xd3fc
4d3f6:  0b0100ff           cp r1,#0x00ff
4d3fa:  e204               jr le,0xd404
4d3fc:  bd2e               ldk r2,#14
4d3fe:  5f00840033f6       call <<4>>0x33f6
4d404:  6ef91920           ldb <<25>>0x0020(r15),rl1
4d408:  bd11               ldk r1,#1
4d40a:  0b010001           cp r1,#0x0001
4d40e:  e103               jr lt,0xd416
4d410:  0b010034           cp r1,#0x0034
4d414:  e204               jr le,0xd41e
4d416:  bd2d               ldk r2,#13
4d418:  5f00840033f6       call <<4>>0x33f6
4d41e:  b3190008           sla r1,#8
4d422:  540ca10087d2       ldl rr12,<<33>>0x87d2
4d428:  811d               add r13,r1
4d42a:  bd12               ldk r1,#2
4d42c:  0b010001           cp r1,#0x0001
4d430:  e103               jr lt,0xd438
4d432:  0b010100           cp r1,#0x0100
4d436:  e204               jr le,0xd440
4d438:  bd2d               ldk r2,#13
4d43a:  5f00840033f6       call <<4>>0x33f6
4d440:  811d               add r13,r1
4d442:  30c9feff           ldb rl1,rr12(#0xfeff)
4d446:  8c18               clrb rh1
4d448:  0b010000           cp r1,#0x0000
4d44c:  e103               jr lt,0xd454
4d44e:  0b0100ff           cp r1,#0x00ff
4d452:  e204               jr le,0xd45c
4d454:  bd2e               ldk r2,#14
4d456:  5f00840033f6       call <<4>>0x33f6
4d45c:  6ef9191f           ldb <<25>>0x001f(r15),rl1
4d460:  bd11               ldk r1,#1
4d462:  0b010001           cp r1,#0x0001
4d466:  e103               jr lt,0xd46e
4d468:  0b010034           cp r1,#0x0034
4d46c:  e204               jr le,0xd476
4d46e:  bd2d               ldk r2,#13
4d470:  5f00840033f6       call <<4>>0x33f6
4d476:  b3190008           sla r1,#8
4d47a:  540ca10087d2       ldl rr12,<<33>>0x87d2
4d480:  811d               add r13,r1
4d482:  bd13               ldk r1,#3
4d484:  0b010001           cp r1,#0x0001
4d488:  e103               jr lt,0xd490
4d48a:  0b010100           cp r1,#0x0100
4d48e:  e204               jr le,0xd498
4d490:  bd2d               ldk r2,#13
4d492:  5f00840033f6       call <<4>>0x33f6
4d498:  811d               add r13,r1
4d49a:  30c9feff           ldb rl1,rr12(#0xfeff)
4d49e:  8c18               clrb rh1
4d4a0:  0b010000           cp r1,#0x0000
4d4a4:  e103               jr lt,0xd4ac
4d4a6:  0b0100ff           cp r1,#0x00ff
4d4aa:  e204               jr le,0xd4b4
4d4ac:  bd2e               ldk r2,#14
4d4ae:  5f00840033f6       call <<4>>0x33f6
4d4b4:  6ef9191e           ldb <<25>>0x001e(r15),rl1
4d4b8:  60f91920           ldb rl1,<<25>>0x0020(r15)
4d4bc:  8c18               clrb rh1
4d4be:  a112               ld r2,r1
4d4c0:  7604a1009978       lda rr4,<<33>>0x9978
4d4c6:  5f0084004120       call <<4>>0x4120
4d4cc:  6eff1906           ldb <<25>>0x0006(r15),rl7
4d4d0:  4cf41906           testb <<25>>0x0006(r15)
4d4d4:  ee11               jr nz,0xd4f8
4d4d6:  60f91920           ldb rl1,<<25>>0x0020(r15)
4d4da:  8c18               clrb rh1
4d4dc:  a112               ld r2,r1
4d4de:  7604a1009958       lda rr4,<<33>>0x9958
4d4e4:  5f0084004120       call <<4>>0x4120
4d4ea:  6eff1908           ldb <<25>>0x0008(r15),rl7
4d4ee:  4cf41908           testb <<25>>0x0008(r15)
4d4f2:  5e06a10010aa       jp z,<<33>>0x10aa
4d4f8:  60f9191f           ldb rl1,<<25>>0x001f(r15)
4d4fc:  8c18               clrb rh1
4d4fe:  a112               ld r2,r1
4d500:  7604a1009938       lda rr4,<<33>>0x9938
4d506:  5f0084004120       call <<4>>0x4120
4d50c:  6eff190a           ldb <<25>>0x000a(r15),rl7
4d510:  4cf4190a           testb <<25>>0x000a(r15)
4d514:  ee11               jr nz,0xd538
4d516:  60f9191f           ldb rl1,<<25>>0x001f(r15)
4d51a:  8c18               clrb rh1
4d51c:  a112               ld r2,r1
4d51e:  7604a1009918       lda rr4,<<33>>0x9918
4d524:  5f0084004120       call <<4>>0x4120
4d52a:  6eff190c           ldb <<25>>0x000c(r15),rl7
4d52e:  4cf4190c           testb <<25>>0x000c(r15)
4d532:  5e06a10010aa       jp z,<<33>>0x10aa
4d538:  60f9191e           ldb rl1,<<25>>0x001e(r15)
4d53c:  8c18               clrb rh1
4d53e:  a112               ld r2,r1
4d540:  7604a10098f8       lda rr4,<<33>>0x98f8
4d546:  5f0084004120       call <<4>>0x4120
4d54c:  6eff190e           ldb <<25>>0x000e(r15),rl7
4d550:  4cf4190e           testb <<25>>0x000e(r15)
4d554:  ee11               jr nz,0xd578
4d556:  60f9191e           ldb rl1,<<25>>0x001e(r15)
4d55a:  8c18               clrb rh1
4d55c:  a112               ld r2,r1
4d55e:  7604a10098d8       lda rr4,<<33>>0x98d8
4d564:  5f0084004120       call <<4>>0x4120
4d56a:  6eff1910           ldb <<25>>0x0010(r15),rl7
4d56e:  4cf41910           testb <<25>>0x0010(r15)
4d572:  5e06a10010aa       jp z,<<33>>0x10aa
4d578:  4cf119204646       cpb <<25>>0x0020(r15),#0x46
4d57e:  ee5b               jr nz,0xd636
4d580:  4cf1191f4646       cpb <<25>>0x001f(r15),#0x46
4d586:  ee57               jr nz,0xd636
4d588:  4cf1191e4646       cpb <<25>>0x001e(r15),#0x46
4d58e:  ee53               jr nz,0xd636
4d590:  4d05a10087d800ff   ld <<33>>0x87d8,#0x00ff
4d598:  5f00840044de       call <<4>>0x44de
4d59e:  7602840042f0       lda rr2,<<4>>0x42f0
4d5a4:  bd40               ldk r4,#0
4d5a6:  bd53               ldk r5,#3
4d5a8:  7606a10099d0       lda rr6,<<33>>0x99d0
4d5ae:  5f008400285a       call <<4>>0x285a
4d5b4:  7602840042f0       lda rr2,<<4>>0x42f0
4d5ba:  2104ffff           ld r4,#0xffff
4d5be:  bd5e               ldk r5,#14
4d5c0:  7606a10099c2       lda rr6,<<33>>0x99c2
4d5c6:  5f008400285a       call <<4>>0x285a
4d5cc:  7602840042f0       lda rr2,<<4>>0x42f0
4d5d2:  2104ffff           ld r4,#0xffff
4d5d6:  bd5c               ldk r5,#12
4d5d8:  7606a10099b6       lda rr6,<<33>>0x99b6
4d5de:  5f008400285a       call <<4>>0x285a
4d5e4:  7602840042f0       lda rr2,<<4>>0x42f0
4d5ea:  5f00840011f6       call <<4>>0x11f6
4d5f0:  760c84000175       lda rr12,<<4>>0x0175
4d5f6:  20c9               ldb rl1,@rr12
4d5f8:  8c18               clrb rh1
4d5fa:  0b010000           cp r1,#0x0000
4d5fe:  e103               jr lt,0xd606
4d600:  0b0100ff           cp r1,#0x00ff
4d604:  e205               jr le,0xd610
4d606:  21020010           ld r2,#0x0010
4d60a:  5f00840033f6       call <<4>>0x33f6
4d610:  a112               ld r2,r1
4d612:  760ca0000114       lda rr12,<<32>>0x0114
4d618:  21c3               ld r3,@rr12
4d61a:  760ca0000114       lda rr12,<<32>>0x0114
4d620:  31c40002           ld r4,rr12(#0x0002)
4d624:  210500e1           ld r5,#0x00e1
4d628:  6106a10087d8       ld r6,<<33>>0x87d8
4d62e:  5f00840044f2       call <<4>>0x44f2
4d634:  e839               jr 0xd6a8
4d636:  34e20020           lda rr2,rr14(#0x0020)
4d63a:  34e4001f           lda rr4,rr14(#0x001f)
4d63e:  34e6001e           lda rr6,rr14(#0x001e)
4d642:  5f00a1005bfc       call <<33>>0x5bfc
4d648:  60f91920           ldb rl1,<<25>>0x0020(r15)
4d64c:  8c18               clrb rh1
4d64e:  0b010000           cp r1,#0x0000
4d652:  e103               jr lt,0xd65a
4d654:  0b0100ff           cp r1,#0x00ff
4d658:  e205               jr le,0xd664
4d65a:  21020010           ld r2,#0x0010
4d65e:  5f00840033f6       call <<4>>0x33f6
4d664:  a112               ld r2,r1
4d666:  60f9191f           ldb rl1,<<25>>0x001f(r15)
4d66a:  8c18               clrb rh1
4d66c:  0b010000           cp r1,#0x0000
4d670:  e103               jr lt,0xd678
4d672:  0b0100ff           cp r1,#0x00ff
4d676:  e205               jr le,0xd682
4d678:  21020010           ld r2,#0x0010
4d67c:  5f00840033f6       call <<4>>0x33f6
4d682:  a113               ld r3,r1
4d684:  60f9191e           ldb rl1,<<25>>0x001e(r15)
4d688:  8c18               clrb rh1
4d68a:  0b010000           cp r1,#0x0000
4d68e:  e103               jr lt,0xd696
4d690:  0b0100ff           cp r1,#0x00ff
4d694:  e205               jr le,0xd6a0
4d696:  21020010           ld r2,#0x0010
4d69a:  5f00840033f6       call <<4>>0x33f6
4d6a0:  a114               ld r4,r1
4d6a2:  5f00a1000a12       call <<33>>0x0a12
4d6a8:  e847               jr 0xd738
4d6aa:  4d05a10087d800ff   ld <<33>>0x87d8,#0x00ff
4d6b2:  5f00840044de       call <<4>>0x44de
4d6b8:  7602840042f0       lda rr2,<<4>>0x42f0
4d6be:  bd40               ldk r4,#0
4d6c0:  bd53               ldk r5,#3
4d6c2:  7606a10099b2       lda rr6,<<33>>0x99b2
4d6c8:  5f008400285a       call <<4>>0x285a
4d6ce:  7602840042f0       lda rr2,<<4>>0x42f0
4d6d4:  2104ffff           ld r4,#0xffff
4d6d8:  21050019           ld r5,#0x0019
4d6dc:  7606a1009998       lda rr6,<<33>>0x9998
4d6e2:  5f008400285a       call <<4>>0x285a
4d6e8:  7602840042f0       lda rr2,<<4>>0x42f0
4d6ee:  5f00840011f6       call <<4>>0x11f6
4d6f4:  760c84000175       lda rr12,<<4>>0x0175
4d6fa:  20c9               ldb rl1,@rr12
4d6fc:  8c18               clrb rh1
4d6fe:  0b010000           cp r1,#0x0000
4d702:  e103               jr lt,0xd70a
4d704:  0b0100ff           cp r1,#0x00ff
4d708:  e205               jr le,0xd714
4d70a:  21020010           ld r2,#0x0010
4d70e:  5f00840033f6       call <<4>>0x33f6
4d714:  a112               ld r2,r1
4d716:  760ca0000114       lda rr12,<<32>>0x0114
4d71c:  21c3               ld r3,@rr12
4d71e:  760ca0000114       lda rr12,<<32>>0x0114
4d724:  31c40002           ld r4,rr12(#0x0002)
4d728:  210500e1           ld r5,#0x00e1
4d72c:  6106a10087d8       ld r6,<<33>>0x87d8
4d732:  5f00840044f2       call <<4>>0x44f2
4d738:  010f0022           add r15,#0x0022
4d73c:  9e08               ret 
4d73e:  030f0020           sub r15,#0x0020
4d742:  0de50024           ld @rr14,#0x0024
4d746:  7602840042f0       lda rr2,<<4>>0x42f0
4d74c:  bd40               ldk r4,#0
4d74e:  140600000000       ldl rr6,#0x00000000
4d754:  5f008400210c       call <<4>>0x210c
4d75a:  7602840042f0       lda rr2,<<4>>0x42f0
4d760:  2104ffff           ld r4,#0xffff
4d764:  21050019           ld r5,#0x0019
4d768:  7606a1009a8a       lda rr6,<<33>>0x9a8a
4d76e:  5f008400285a       call <<4>>0x285a
4d774:  7602840042f0       lda rr2,<<4>>0x42f0
4d77a:  5f00840011f6       call <<4>>0x11f6
4d780:  5f00a1005bd4       call <<33>>0x5bd4
4d786:  bd20               ldk r2,#0
4d788:  bd37               ldk r3,#7
4d78a:  bd41               ldk r4,#1
4d78c:  5406a10087d2       ldl rr6,<<33>>0x87d2
4d792:  5f00a100041a       call <<33>>0x041a
4d798:  760c84000166       lda rr12,<<4>>0x0166
4d79e:  0cc10000           cpb @rr12,#0x00
4d7a2:  5e0ea10015a2       jp nz,<<33>>0x15a2
4d7a8:  5f00a1005f8c       call <<33>>0x5f8c
4d7ae:  760ca100908c       lda rr12,<<33>>0x908c
4d7b4:  0dc1ffff           cp @rr12,#0xffff
4d7b8:  ee06               jr nz,0xd7c6
4d7ba:  760c84000166       lda rr12,<<4>>0x0166
4d7c0:  0cc10000           cpb @rr12,#0x00
4d7c4:  e6f1               jr z,0xd7a8
4d7c6:  760c84000166       lda rr12,<<4>>0x0166
4d7cc:  0cc10000           cpb @rr12,#0x00
4d7d0:  5e0ea10015a2       jp nz,<<33>>0x15a2
4d7d6:  6102a1008ff6       ld r2,<<33>>0x8ff6
4d7dc:  7604a1008fe8       lda rr4,<<33>>0x8fe8
4d7e2:  5f00a1005ac6       call <<33>>0x5ac6
4d7e8:  760ca1009056       lda rr12,<<33>>0x9056
4d7ee:  0dc4               test @rr12
4d7f0:  5e0ea10015a2       jp nz,<<33>>0x15a2
4d7f6:  4df519120001       ld <<25>>0x0012(r15),#0x0001
4d7fc:  e83c               jr 0xd876
4d7fe:  bd11               ldk r1,#1
4d800:  0b010001           cp r1,#0x0001
4d804:  e103               jr lt,0xd80c
4d806:  0b010034           cp r1,#0x0034
4d80a:  e204               jr le,0xd814
4d80c:  bd2d               ldk r2,#13
4d80e:  5f00840033f6       call <<4>>0x33f6
4d814:  b3190008           sla r1,#8
4d818:  540ca10087d2       ldl rr12,<<33>>0x87d2
4d81e:  811d               add r13,r1
4d820:  61f11912           ld r1,<<25>>0x0012(r15)
4d824:  0b010001           cp r1,#0x0001
4d828:  e103               jr lt,0xd830
4d82a:  0b010100           cp r1,#0x0100
4d82e:  e204               jr le,0xd838
4d830:  bd2d               ldk r2,#13
4d832:  5f00840033f6       call <<4>>0x33f6
4d838:  811d               add r13,r1
4d83a:  30c9feff           ldb rl1,rr12(#0xfeff)
4d83e:  8c18               clrb rh1
4d840:  0b010000           cp r1,#0x0000
4d844:  e103               jr lt,0xd84c
4d846:  0b0100ff           cp r1,#0x00ff
4d84a:  e204               jr le,0xd854
4d84c:  bd2e               ldk r2,#14
4d84e:  5f00840033f6       call <<4>>0x33f6
4d854:  61f21912           ld r2,<<25>>0x0012(r15)
4d858:  0b020001           cp r2,#0x0001
4d85c:  e103               jr lt,0xd864
4d85e:  0b02000c           cp r2,#0x000c
4d862:  e204               jr le,0xd86c
4d864:  bd2d               ldk r2,#13
4d866:  5f00840033f6       call <<4>>0x33f6
4d86c:  81f2               add r2,r15
4d86e:  6e291913           ldb <<25>>0x0013(r2),rl1
4d872:  69f01912           inc <<25>>0x0012(r15),#1
4d876:  4df119120009       cp <<25>>0x0012(r15),#0x0009
4d87c:  e2c0               jr le,0xd7fe
4d87e:  bd11               ldk r1,#1
4d880:  0b010001           cp r1,#0x0001
4d884:  e103               jr lt,0xd88c
4d886:  0b010034           cp r1,#0x0034
4d88a:  e204               jr le,0xd894
4d88c:  bd2d               ldk r2,#13
4d88e:  5f00840033f6       call <<4>>0x33f6
4d894:  b3190008           sla r1,#8
4d898:  540ca10087d2       ldl rr12,<<33>>0x87d2
4d89e:  811d               add r13,r1
4d8a0:  21010048           ld r1,#0x0048
4d8a4:  0b010001           cp r1,#0x0001
4d8a8:  e103               jr lt,0xd8b0
4d8aa:  0b010100           cp r1,#0x0100
4d8ae:  e204               jr le,0xd8b8
4d8b0:  bd2d               ldk r2,#13
4d8b2:  5f00840033f6       call <<4>>0x33f6
4d8b8:  811d               add r13,r1
4d8ba:  30c9feff           ldb rl1,rr12(#0xfeff)
4d8be:  8c18               clrb rh1
4d8c0:  0b010000           cp r1,#0x0000
4d8c4:  e103               jr lt,0xd8cc
4d8c6:  0b0100ff           cp r1,#0x00ff
4d8ca:  e204               jr le,0xd8d4
4d8cc:  bd2e               ldk r2,#14
4d8ce:  5f00840033f6       call <<4>>0x33f6
4d8d4:  bd2a               ldk r2,#10
4d8d6:  0b020001           cp r2,#0x0001
4d8da:  e103               jr lt,0xd8e2
4d8dc:  0b02000c           cp r2,#0x000c
4d8e0:  e204               jr le,0xd8ea
4d8e2:  bd2d               ldk r2,#13
4d8e4:  5f00840033f6       call <<4>>0x33f6
4d8ea:  81f2               add r2,r15
4d8ec:  6e291913           ldb <<25>>0x0013(r2),rl1
4d8f0:  bd11               ldk r1,#1
4d8f2:  0b010001           cp r1,#0x0001
4d8f6:  e103               jr lt,0xd8fe
4d8f8:  0b010034           cp r1,#0x0034
4d8fc:  e204               jr le,0xd906
4d8fe:  bd2d               ldk r2,#13
4d900:  5f00840033f6       call <<4>>0x33f6
4d906:  b3190008           sla r1,#8
4d90a:  540ca10087d2       ldl rr12,<<33>>0x87d2
4d910:  811d               add r13,r1
4d912:  2101004c           ld r1,#0x004c
4d916:  0b010001           cp r1,#0x0001
4d91a:  e103               jr lt,0xd922
4d91c:  0b010100           cp r1,#0x0100
4d920:  e204               jr le,0xd92a
4d922:  bd2d               ldk r2,#13
4d924:  5f00840033f6       call <<4>>0x33f6
4d92a:  811d               add r13,r1
4d92c:  30c9feff           ldb rl1,rr12(#0xfeff)
4d930:  8c18               clrb rh1
4d932:  0b010000           cp r1,#0x0000
4d936:  e103               jr lt,0xd93e
4d938:  0b0100ff           cp r1,#0x00ff
4d93c:  e204               jr le,0xd946
4d93e:  bd2e               ldk r2,#14
4d940:  5f00840033f6       call <<4>>0x33f6
4d946:  bd2b               ldk r2,#11
4d948:  0b020001           cp r2,#0x0001
4d94c:  e103               jr lt,0xd954
4d94e:  0b02000c           cp r2,#0x000c
4d952:  e204               jr le,0xd95c
4d954:  bd2d               ldk r2,#13
4d956:  5f00840033f6       call <<4>>0x33f6
4d95c:  81f2               add r2,r15
4d95e:  6e291913           ldb <<25>>0x0013(r2),rl1
4d962:  bd11               ldk r1,#1
4d964:  0b010001           cp r1,#0x0001
4d968:  e103               jr lt,0xd970
4d96a:  0b010034           cp r1,#0x0034
4d96e:  e204               jr le,0xd978
4d970:  bd2d               ldk r2,#13
4d972:  5f00840033f6       call <<4>>0x33f6
4d978:  b3190008           sla r1,#8
4d97c:  540ca10087d2       ldl rr12,<<33>>0x87d2
4d982:  811d               add r13,r1
4d984:  21010050           ld r1,#0x0050
4d988:  0b010001           cp r1,#0x0001
4d98c:  e103               jr lt,0xd994
4d98e:  0b010100           cp r1,#0x0100
4d992:  e204               jr le,0xd99c
4d994:  bd2d               ldk r2,#13
4d996:  5f00840033f6       call <<4>>0x33f6
4d99c:  811d               add r13,r1
4d99e:  30c9feff           ldb rl1,rr12(#0xfeff)
4d9a2:  8c18               clrb rh1
4d9a4:  0b010000           cp r1,#0x0000
4d9a8:  e103               jr lt,0xd9b0
4d9aa:  0b0100ff           cp r1,#0x00ff
4d9ae:  e204               jr le,0xd9b8
4d9b0:  bd2e               ldk r2,#14
4d9b2:  5f00840033f6       call <<4>>0x33f6
4d9b8:  bd2c               ldk r2,#12
4d9ba:  0b020001           cp r2,#0x0001
4d9be:  e103               jr lt,0xd9c6
4d9c0:  0b02000c           cp r2,#0x000c
4d9c4:  e204               jr le,0xd9ce
4d9c6:  bd2d               ldk r2,#13
4d9c8:  5f00840033f6       call <<4>>0x33f6
4d9ce:  81f2               add r2,r15
4d9d0:  6e291913           ldb <<25>>0x0013(r2),rl1
4d9d4:  34ec0014           lda rr12,rr14(#0x0014)
4d9d8:  760aa1009a7e       lda rr10,<<33>>0x9a7e
4d9de:  bd1c               ldk r1,#12
4d9e0:  bac601ae           cpsirb @rr10,@rr12,r1,nz
4d9e4:  e640               jr z,0xda66
4d9e6:  4d08a100902a       clr <<33>>0x902a
4d9ec:  7602840042f0       lda rr2,<<4>>0x42f0
4d9f2:  bd40               ldk r4,#0
4d9f4:  140600000000       ldl rr6,#0x00000000
4d9fa:  5f008400210c       call <<4>>0x210c
4da00:  7602840042f0       lda rr2,<<4>>0x42f0
4da06:  2104ffff           ld r4,#0xffff
4da0a:  2105001b           ld r5,#0x001b
4da0e:  7606a1009a62       lda rr6,<<33>>0x9a62
4da14:  5f008400285a       call <<4>>0x285a
4da1a:  7602840042f0       lda rr2,<<4>>0x42f0
4da20:  5f00840011f6       call <<4>>0x11f6
4da26:  7602840042f0       lda rr2,<<4>>0x42f0
4da2c:  bd40               ldk r4,#0
4da2e:  140600000000       ldl rr6,#0x00000000
4da34:  5f008400210c       call <<4>>0x210c
4da3a:  7602840042f0       lda rr2,<<4>>0x42f0
4da40:  2104ffff           ld r4,#0xffff
4da44:  21050021           ld r5,#0x0021
4da48:  7606a1009a40       lda rr6,<<33>>0x9a40
4da4e:  5f008400285a       call <<4>>0x285a
4da54:  7602840042f0       lda rr2,<<4>>0x42f0
4da5a:  5f00840011f6       call <<4>>0x11f6
4da60:  5e08a10015a2       jp <<33>>0x15a2
4da66:  34ec0014           lda rr12,rr14(#0x0014)
4da6a:  760aa1009a34       lda rr10,<<33>>0x9a34
4da70:  bd1c               ldk r1,#12
4da72:  bac601ae           cpsirb @rr10,@rr12,r1,nz
4da76:  e63f               jr z,0xdaf6
4da78:  4d05a100902a0001   ld <<33>>0x902a,#0x0001
4da80:  7602840042f0       lda rr2,<<4>>0x42f0
4da86:  bd40               ldk r4,#0
4da88:  140600000000       ldl rr6,#0x00000000
4da8e:  5f008400210c       call <<4>>0x210c
4da94:  7602840042f0       lda rr2,<<4>>0x42f0
4da9a:  2104ffff           ld r4,#0xffff
4da9e:  2105001b           ld r5,#0x001b
4daa2:  7606a1009a18       lda rr6,<<33>>0x9a18
4daa8:  5f008400285a       call <<4>>0x285a
4daae:  7602840042f0       lda rr2,<<4>>0x42f0
4dab4:  5f00840011f6       call <<4>>0x11f6
4daba:  7602840042f0       lda rr2,<<4>>0x42f0
4dac0:  bd40               ldk r4,#0
4dac2:  140600000000       ldl rr6,#0x00000000
4dac8:  5f008400210c       call <<4>>0x210c
4dace:  7602840042f0       lda rr2,<<4>>0x42f0
4dad4:  2104ffff           ld r4,#0xffff
4dad8:  21050020           ld r5,#0x0020
4dadc:  7606a10099f8       lda rr6,<<33>>0x99f8
4dae2:  5f008400285a       call <<4>>0x285a
4dae8:  7602840042f0       lda rr2,<<4>>0x42f0
4daee:  5f00840011f6       call <<4>>0x11f6
4daf4:  e856               jr 0xdba2
4daf6:  4d05a10087d800ff   ld <<33>>0x87d8,#0x00ff
4dafe:  5f00840044de       call <<4>>0x44de
4db04:  7602840042f0       lda rr2,<<4>>0x42f0
4db0a:  bd40               ldk r4,#0
4db0c:  bd53               ldk r5,#3
4db0e:  7606a10099f4       lda rr6,<<33>>0x99f4
4db14:  5f008400285a       call <<4>>0x285a
4db1a:  7602840042f0       lda rr2,<<4>>0x42f0
4db20:  2104ffff           ld r4,#0xffff
4db24:  2105001f           ld r5,#0x001f
4db28:  7606a10099d4       lda rr6,<<33>>0x99d4
4db2e:  5f008400285a       call <<4>>0x285a
4db34:  7602840042f0       lda rr2,<<4>>0x42f0
4db3a:  5f00840011f6       call <<4>>0x11f6
4db40:  760c84000175       lda rr12,<<4>>0x0175
4db46:  20c9               ldb rl1,@rr12
4db48:  8c18               clrb rh1
4db4a:  0b010000           cp r1,#0x0000
4db4e:  e103               jr lt,0xdb56
4db50:  0b0100ff           cp r1,#0x00ff
4db54:  e205               jr le,0xdb60
4db56:  21020010           ld r2,#0x0010
4db5a:  5f00840033f6       call <<4>>0x33f6
4db60:  a112               ld r2,r1
4db62:  760ca0000114       lda rr12,<<32>>0x0114
4db68:  21c3               ld r3,@rr12
4db6a:  760ca0000114       lda rr12,<<32>>0x0114
4db70:  31c40002           ld r4,rr12(#0x0002)
4db74:  210500e1           ld r5,#0x00e1
4db78:  6106a10087d8       ld r6,<<33>>0x87d8
4db7e:  5f00840044f2       call <<4>>0x44f2
4db84:  bd13               ldk r1,#3
4db86:  0b010000           cp r1,#0x0000
4db8a:  e103               jr lt,0xdb92
4db8c:  0b010003           cp r1,#0x0003
4db90:  e204               jr le,0xdb9a
4db92:  bd2e               ldk r2,#14
4db94:  5f00840033f6       call <<4>>0x33f6
4db9a:  760c84000166       lda rr12,<<4>>0x0166
4dba0:  2ec9               ldb @rr12,rl1
4dba2:  010f0020           add r15,#0x0020
4dba6:  9e08               ret 
4dba8:  030f0014           sub r15,#0x0014
4dbac:  0de50018           ld @rr14,#0x0018
4dbb0:  bd10               ldk r1,#0
4dbb2:  0b010000           cp r1,#0x0000
4dbb6:  e103               jr lt,0xdbbe
4dbb8:  0b010003           cp r1,#0x0003
4dbbc:  e204               jr le,0xdbc6
4dbbe:  bd2e               ldk r2,#14
4dbc0:  5f00840033f6       call <<4>>0x33f6
4dbc6:  760c84000166       lda rr12,<<4>>0x0166
4dbcc:  2ec9               ldb @rr12,rl1
4dbce:  760ca0000114       lda rr12,<<32>>0x0114
4dbd4:  21c2               ld r2,@rr12
4dbd6:  bd30               ldk r3,#0
4dbd8:  7604a1008ff6       lda rr4,<<33>>0x8ff6
4dbde:  5f00840044a2       call <<4>>0x44a2
4dbe4:  6eff1906           ldb <<25>>0x0006(r15),rl7
4dbe8:  60f91906           ldb rl1,<<25>>0x0006(r15)
4dbec:  b110               extsb r1
4dbee:  0b010000           cp r1,#0x0000
4dbf2:  e103               jr lt,0xdbfa
4dbf4:  0b010001           cp r1,#0x0001
4dbf8:  e204               jr le,0xdc02
4dbfa:  bd2e               ldk r2,#14
4dbfc:  5f00840033f6       call <<4>>0x33f6
4dc02:  6e09a1008ff1       ldb <<33>>0x8ff1,rl1
4dc08:  6101a1008ff6       ld r1,<<33>>0x8ff6
4dc0e:  8d14               test r1
4dc10:  ed02               jr pl,0xdc16
4dc12:  8d12               neg r1
4dc14:  a51f               set r1,#15
4dc16:  b311fff8           srl r1,#8
4dc1a:  a717               bit r1,#7
4dc1c:  e602               jr z,0xdc22
4dc1e:  a317               res r1,#7
4dc20:  8d12               neg r1
4dc22:  6f01a1008ff6       ld <<33>>0x8ff6,r1
4dc28:  7602a1004868       lda rr2,<<33>>0x4868
4dc2e:  2104ffff           ld r4,#0xffff
4dc32:  2105ffff           ld r5,#0xffff
4dc36:  760c84000184       lda rr12,<<4>>0x0184
4dc3c:  21c6               ld r6,@rr12
4dc3e:  5f0084004592       call <<4>>0x4592
4dc44:  5f00a1005bd4       call <<33>>0x5bd4
4dc4a:  6102a1008ff6       ld r2,<<33>>0x8ff6
4dc50:  760c84000184       lda rr12,<<4>>0x0184
4dc56:  21c3               ld r3,@rr12
4dc58:  7604a1009090       lda rr4,<<33>>0x9090
4dc5e:  5f00a100494c       call <<33>>0x494c
4dc64:  760c84000166       lda rr12,<<4>>0x0166
4dc6a:  0cc10000           cpb @rr12,#0x00
4dc6e:  5e0ea1001806       jp nz,<<33>>0x1806
4dc74:  6102a1008ff6       ld r2,<<33>>0x8ff6
4dc7a:  7604a1008ffc       lda rr4,<<33>>0x8ffc
4dc80:  5f00a100542a       call <<33>>0x542a
4dc86:  760c84000166       lda rr12,<<4>>0x0166
4dc8c:  0cc10000           cpb @rr12,#0x00
4dc90:  5e0ea1001806       jp nz,<<33>>0x1806
4dc96:  bd10               ldk r1,#0
4dc98:  0b010000           cp r1,#0x0000
4dc9c:  e103               jr lt,0xdca4
4dc9e:  0b010001           cp r1,#0x0001
4dca2:  e204               jr le,0xdcac
4dca4:  bd2e               ldk r2,#14
4dca6:  5f00840033f6       call <<4>>0x33f6
4dcac:  6e09a1008ff0       ldb <<33>>0x8ff0,rl1
4dcb2:  5f00a1005bd4       call <<33>>0x5bd4
4dcb8:  6102a1008ff6       ld r2,<<33>>0x8ff6
4dcbe:  760ca0000114       lda rr12,<<32>>0x0114
4dcc4:  31c30002           ld r3,rr12(#0x0002)
4dcc8:  7604a1009090       lda rr4,<<33>>0x9090
4dcce:  5f00a10055b8       call <<33>>0x55b8
4dcd4:  760c84000166       lda rr12,<<4>>0x0166
4dcda:  0cc10000           cpb @rr12,#0x00
4dcde:  ee7e               jr nz,0xdddc
4dce0:  6102a1008ff6       ld r2,<<33>>0x8ff6
4dce6:  7604a1008fe0       lda rr4,<<33>>0x8fe0
4dcec:  5f00a1005754       call <<33>>0x5754
4dcf2:  760c84000166       lda rr12,<<4>>0x0166
4dcf8:  20c9               ldb rl1,@rr12
4dcfa:  b110               extsb r1
4dcfc:  0b010000           cp r1,#0x0000
4dd00:  ee43               jr nz,0xdd88
4dd02:  6102a1008ff6       ld r2,<<33>>0x8ff6
4dd08:  760ca0000114       lda rr12,<<32>>0x0114
4dd0e:  31c30002           ld r3,rr12(#0x0002)
4dd12:  7604a1009090       lda rr4,<<33>>0x9090
4dd18:  5f00a10058d8       call <<33>>0x58d8
4dd1e:  760c84000166       lda rr12,<<4>>0x0166
4dd24:  0cc10000           cpb @rr12,#0x00
4dd28:  ee20               jr nz,0xdd6a
4dd2a:  6102a1008ff6       ld r2,<<33>>0x8ff6
4dd30:  7604a1009090       lda rr4,<<33>>0x9090
4dd36:  5f00a10059ee       call <<33>>0x59ee
4dd3c:  760c84000166       lda rr12,<<4>>0x0166
4dd42:  0cc10000           cpb @rr12,#0x00
4dd46:  ee11               jr nz,0xdd6a
4dd48:  5f00a1005bd4       call <<33>>0x5bd4
4dd4e:  6102a1008ff6       ld r2,<<33>>0x8ff6
4dd54:  760ca0000114       lda rr12,<<32>>0x0114
4dd5a:  31c30002           ld r3,rr12(#0x0002)
4dd5e:  7604a1009090       lda rr4,<<33>>0x9090
4dd64:  5f00a1004fd2       call <<33>>0x4fd2
4dd6a:  bd11               ldk r1,#1
4dd6c:  0b010000           cp r1,#0x0000
4dd70:  e103               jr lt,0xdd78
4dd72:  0b010001           cp r1,#0x0001
4dd76:  e204               jr le,0xdd80
4dd78:  bd2e               ldk r2,#14
4dd7a:  5f00840033f6       call <<4>>0x33f6
4dd80:  6e09a1008ff0       ldb <<33>>0x8ff0,rl1
4dd86:  e829               jr 0xddda
4dd88:  0b010003           cp r1,#0x0003
4dd8c:  ee0f               jr nz,0xddac
4dd8e:  bd11               ldk r1,#1
4dd90:  0b010000           cp r1,#0x0000
4dd94:  e103               jr lt,0xdd9c
4dd96:  0b010001           cp r1,#0x0001
4dd9a:  e204               jr le,0xdda4
4dd9c:  bd2e               ldk r2,#14
4dd9e:  5f00840033f6       call <<4>>0x33f6
4dda4:  6e09a1008ff0       ldb <<33>>0x8ff0,rl1
4ddaa:  e817               jr 0xddda
4ddac:  0b010001           cp r1,#0x0001
4ddb0:  ee10               jr nz,0xddd2
4ddb2:  bd10               ldk r1,#0
4ddb4:  0b010000           cp r1,#0x0000
4ddb8:  e103               jr lt,0xddc0
4ddba:  0b010003           cp r1,#0x0003
4ddbe:  e204               jr le,0xddc8
4ddc0:  bd2e               ldk r2,#14
4ddc2:  5f00840033f6       call <<4>>0x33f6
4ddc8:  760c84000166       lda rr12,<<4>>0x0166
4ddce:  2ec9               ldb @rr12,rl1
4ddd0:  e804               jr 0xddda
4ddd2:  bd20               ldk r2,#0
4ddd4:  5f00840033f6       call <<4>>0x33f6
4ddda:  e80e               jr 0xddf8
4dddc:  bd11               ldk r1,#1
4ddde:  0b010000           cp r1,#0x0000
4dde2:  e103               jr lt,0xddea
4dde4:  0b010001           cp r1,#0x0001
4dde8:  e204               jr le,0xddf2
4ddea:  bd2e               ldk r2,#14
4ddec:  5f00840033f6       call <<4>>0x33f6
4ddf2:  6e09a1008ff0       ldb <<33>>0x8ff0,rl1
4ddf8:  4c01a1008ff00101   cpb <<33>>0x8ff0,#0x01
4de00:  5e0ea10016b2       jp nz,<<33>>0x16b2
4de06:  010f0014           add r15,#0x0014
4de0a:  9e08               ret 
4de0c:  030f0040           sub r15,#0x0040
4de10:  0de50044           ld @rr14,#0x0044
4de14:  7602840042f0       lda rr2,<<4>>0x42f0
4de1a:  bd40               ldk r4,#0
4de1c:  140600000000       ldl rr6,#0x00000000
4de22:  5f008400210c       call <<4>>0x210c
4de28:  7602840042f0       lda rr2,<<4>>0x42f0
4de2e:  2104ffff           ld r4,#0xffff
4de32:  21050028           ld r5,#0x0028
4de36:  7606a1009b42       lda rr6,<<33>>0x9b42
4de3c:  5f008400285a       call <<4>>0x285a
4de42:  7602840042f0       lda rr2,<<4>>0x42f0
4de48:  5f00840011f6       call <<4>>0x11f6
4de4e:  760ca1009b1a       lda rr12,<<33>>0x9b1a
4de54:  34ea0014           lda rr10,rr14(#0x0014)
4de58:  21010014           ld r1,#0x0014
4de5c:  bbc101a0           ldir @rr10,@rr12,r1
4de60:  bd21               ldk r2,#1
4de62:  34ec0014           lda rr12,rr14(#0x0014)
4de66:  94c4               ldl rr4,rr12
4de68:  5f00840044b6       call <<4>>0x44b6
4de6e:  6101a100902e       ld r1,<<33>>0x902e
4de74:  6ff1193c           ld <<25>>0x003c(r15),r1
4de78:  7602840042f0       lda rr2,<<4>>0x42f0
4de7e:  bd40               ldk r4,#0
4de80:  140600000000       ldl rr6,#0x00000000
4de86:  5f008400210c       call <<4>>0x210c
4de8c:  7602840042f0       lda rr2,<<4>>0x42f0
4de92:  2104001f           ld r4,#0x001f
4de96:  21050028           ld r5,#0x0028
4de9a:  34e60014           lda rr6,rr14(#0x0014)
4de9e:  5f008400285a       call <<4>>0x285a
4dea4:  7602840042f0       lda rr2,<<4>>0x42f0
4deaa:  bd42               ldk r4,#2
4deac:  61f5193c           ld r5,<<25>>0x003c(r15)
4deb0:  5f0084002814       call <<4>>0x2814
4deb6:  7602840042f0       lda rr2,<<4>>0x42f0
4debc:  2104ffff           ld r4,#0xffff
4dec0:  bd55               ldk r5,#5
4dec2:  7606a1009b14       lda rr6,<<33>>0x9b14
4dec8:  5f008400285a       call <<4>>0x285a
4dece:  76028400434c       lda rr2,<<4>>0x434c
4ded4:  5f0084001bbc       call <<4>>0x1bbc
4deda:  6eff1906           ldb <<25>>0x0006(r15),rl7
4dede:  4cf41906           testb <<25>>0x0006(r15)
4dee2:  ee08               jr nz,0xdef4
4dee4:  76028400434c       lda rr2,<<4>>0x434c
4deea:  5f008400298e       call <<4>>0x298e
4def0:  6ff7193c           ld <<25>>0x003c(r15),r7
4def4:  76028400434c       lda rr2,<<4>>0x434c
4defa:  5f0084001a0c       call <<4>>0x1a0c
4df00:  61f2193c           ld r2,<<25>>0x003c(r15)
4df04:  bd31               ldk r3,#1
4df06:  34e4003e           lda rr4,rr14(#0x003e)
4df0a:  5f00840044a2       call <<4>>0x44a2
4df10:  6eff1906           ldb <<25>>0x0006(r15),rl7
4df14:  4cf41906           testb <<25>>0x0006(r15)
4df18:  eeaa               jr nz,0xde6e
4df1a:  61f1193c           ld r1,<<25>>0x003c(r15)
4df1e:  6f01a100902e       ld <<33>>0x902e,r1
4df24:  6101a1009030       ld r1,<<33>>0x9030
4df2a:  6ff1193c           ld <<25>>0x003c(r15),r1
4df2e:  7602840042f0       lda rr2,<<4>>0x42f0
4df34:  bd40               ldk r4,#0
4df36:  140600000000       ldl rr6,#0x00000000
4df3c:  5f008400210c       call <<4>>0x210c
4df42:  7602840042f0       lda rr2,<<4>>0x42f0
4df48:  21040020           ld r4,#0x0020
4df4c:  21050028           ld r5,#0x0028
4df50:  7606a1009aec       lda rr6,<<33>>0x9aec
4df56:  5f008400285a       call <<4>>0x285a
4df5c:  7602840042f0       lda rr2,<<4>>0x42f0
4df62:  bd41               ldk r4,#1
4df64:  61f5193c           ld r5,<<25>>0x003c(r15)
4df68:  5f0084002814       call <<4>>0x2814
4df6e:  7602840042f0       lda rr2,<<4>>0x42f0
4df74:  2104ffff           ld r4,#0xffff
4df78:  bd55               ldk r5,#5
4df7a:  7606a1009ae6       lda rr6,<<33>>0x9ae6
4df80:  5f008400285a       call <<4>>0x285a
4df86:  76028400434c       lda rr2,<<4>>0x434c
4df8c:  5f0084001bbc       call <<4>>0x1bbc
4df92:  6eff1906           ldb <<25>>0x0006(r15),rl7
4df96:  4cf41906           testb <<25>>0x0006(r15)
4df9a:  ee08               jr nz,0xdfac
4df9c:  76028400434c       lda rr2,<<4>>0x434c
4dfa2:  5f008400298e       call <<4>>0x298e
4dfa8:  6ff7193c           ld <<25>>0x003c(r15),r7
4dfac:  76028400434c       lda rr2,<<4>>0x434c
4dfb2:  5f0084001a0c       call <<4>>0x1a0c
4dfb8:  4df1193c0001       cp <<25>>0x003c(r15),#0x0001
4dfbe:  e1b2               jr lt,0xdf24
4dfc0:  4df1193c0004       cp <<25>>0x003c(r15),#0x0004
4dfc6:  eaae               jr gt,0xdf24
4dfc8:  61f1193c           ld r1,<<25>>0x003c(r15)
4dfcc:  6f01a1009030       ld <<33>>0x9030,r1
4dfd2:  6101a1009032       ld r1,<<33>>0x9032
4dfd8:  6ff1193c           ld <<25>>0x003c(r15),r1
4dfdc:  7602840042f0       lda rr2,<<4>>0x42f0
4dfe2:  bd40               ldk r4,#0
4dfe4:  140600000000       ldl rr6,#0x00000000
4dfea:  5f008400210c       call <<4>>0x210c
4dff0:  7602840042f0       lda rr2,<<4>>0x42f0
4dff6:  2104ffff           ld r4,#0xffff
4dffa:  21050013           ld r5,#0x0013
4dffe:  7606a1009ad2       lda rr6,<<33>>0x9ad2
4e004:  5f008400285a       call <<4>>0x285a
4e00a:  7602840042f0       lda rr2,<<4>>0x42f0
4e010:  5f00840011f6       call <<4>>0x11f6
4e016:  7602840042f0       lda rr2,<<4>>0x42f0
4e01c:  bd40               ldk r4,#0
4e01e:  140600000000       ldl rr6,#0x00000000
4e024:  5f008400210c       call <<4>>0x210c
4e02a:  7602840042f0       lda rr2,<<4>>0x42f0
4e030:  21040020           ld r4,#0x0020
4e034:  21050028           ld r5,#0x0028
4e038:  7606a1009aaa       lda rr6,<<33>>0x9aaa
4e03e:  5f008400285a       call <<4>>0x285a
4e044:  7602840042f0       lda rr2,<<4>>0x42f0
4e04a:  bd41               ldk r4,#1
4e04c:  61f5193c           ld r5,<<25>>0x003c(r15)
4e050:  5f0084002814       call <<4>>0x2814
4e056:  7602840042f0       lda rr2,<<4>>0x42f0
4e05c:  2104ffff           ld r4,#0xffff
4e060:  bd55               ldk r5,#5
4e062:  7606a1009aa4       lda rr6,<<33>>0x9aa4
4e068:  5f008400285a       call <<4>>0x285a
4e06e:  76028400434c       lda rr2,<<4>>0x434c
4e074:  5f0084001bbc       call <<4>>0x1bbc
4e07a:  6eff1906           ldb <<25>>0x0006(r15),rl7
4e07e:  4cf41906           testb <<25>>0x0006(r15)
4e082:  ee08               jr nz,0xe094
4e084:  76028400434c       lda rr2,<<4>>0x434c
4e08a:  5f008400298e       call <<4>>0x298e
4e090:  6ff7193c           ld <<25>>0x003c(r15),r7
4e094:  76028400434c       lda rr2,<<4>>0x434c
4e09a:  5f0084001a0c       call <<4>>0x1a0c
4e0a0:  4df1193c0000       cp <<25>>0x003c(r15),#0x0000
4e0a6:  e195               jr lt,0xdfd2
4e0a8:  4df1193c0001       cp <<25>>0x003c(r15),#0x0001
4e0ae:  ea91               jr gt,0xdfd2
4e0b0:  61f1193c           ld r1,<<25>>0x003c(r15)
4e0b4:  6f01a1009032       ld <<33>>0x9032,r1
4e0ba:  010f0040           add r15,#0x0040
4e0be:  9e08               ret 
4e0c0:  030f0014           sub r15,#0x0014
4e0c4:  0de50018           ld @rr14,#0x0018
4e0c8:  5cf902051906       ldm <<25>>0x0006(r15),r2,#6
4e0ce:  4df119060001       cp <<25>>0x0006(r15),#0x0001
4e0d4:  ee36               jr nz,0xe142
4e0d6:  4df519120001       ld <<25>>0x0012(r15),#0x0001
4e0dc:  e82d               jr 0xe138
4e0de:  2101002e           ld r1,#0x002e
4e0e2:  0b010000           cp r1,#0x0000
4e0e6:  e103               jr lt,0xe0ee
4e0e8:  0b0100ff           cp r1,#0x00ff
4e0ec:  e204               jr le,0xe0f6
4e0ee:  bd2e               ldk r2,#14
4e0f0:  5f00840033f6       call <<4>>0x33f6
4e0f6:  61f21908           ld r2,<<25>>0x0008(r15)
4e0fa:  0b020010           cp r2,#0x0010
4e0fe:  e103               jr lt,0xe106
4e100:  0b020038           cp r2,#0x0038
4e104:  e204               jr le,0xe10e
4e106:  bd2d               ldk r2,#13
4e108:  5f00840033f6       call <<4>>0x33f6
4e10e:  a12d               ld r13,r2
4e110:  190c001a           mult rr12,#0x001a
4e114:  61f21912           ld r2,<<25>>0x0012(r15)
4e118:  0b020001           cp r2,#0x0001
4e11c:  e103               jr lt,0xe124
4e11e:  0b02001a           cp r2,#0x001a
4e122:  e204               jr le,0xe12c
4e124:  bd2d               ldk r2,#13
4e126:  5f00840033f6       call <<4>>0x33f6
4e12c:  812d               add r13,r2
4e12e:  6ed9a10078d1       ldb <<33>>0x78d1(r13),rl1
4e134:  69f01912           inc <<25>>0x0012(r15),#1
4e138:  4df11912001a       cp <<25>>0x0012(r15),#0x001a
4e13e:  e2cf               jr le,0xe0de
4e140:  e835               jr 0xe1ac
4e142:  4df519120001       ld <<25>>0x0012(r15),#0x0001
4e148:  e82d               jr 0xe1a4
4e14a:  2101002e           ld r1,#0x002e
4e14e:  0b010000           cp r1,#0x0000
4e152:  e103               jr lt,0xe15a
4e154:  0b0100ff           cp r1,#0x00ff
4e158:  e204               jr le,0xe162
4e15a:  bd2e               ldk r2,#14
4e15c:  5f00840033f6       call <<4>>0x33f6
4e162:  61f21908           ld r2,<<25>>0x0008(r15)
4e166:  0b020010           cp r2,#0x0010
4e16a:  e103               jr lt,0xe172
4e16c:  0b020038           cp r2,#0x0038
4e170:  e204               jr le,0xe17a
4e172:  bd2d               ldk r2,#13
4e174:  5f00840033f6       call <<4>>0x33f6
4e17a:  a12d               ld r13,r2
4e17c:  190c001a           mult rr12,#0x001a
4e180:  61f21912           ld r2,<<25>>0x0012(r15)
4e184:  0b020001           cp r2,#0x0001
4e188:  e103               jr lt,0xe190
4e18a:  0b02001a           cp r2,#0x001a
4e18e:  e204               jr le,0xe198
4e190:  bd2d               ldk r2,#13
4e192:  5f00840033f6       call <<4>>0x33f6
4e198:  812d               add r13,r2
4e19a:  6ed9a1007cfb       ldb <<33>>0x7cfb(r13),rl1
4e1a0:  69f01912           inc <<25>>0x0012(r15),#1
4e1a4:  4df11912001a       cp <<25>>0x0012(r15),#0x001a
4e1aa:  e2cf               jr le,0xe14a
4e1ac:  010f0014           add r15,#0x0014
4e1b0:  9e08               ret 
4e1b2:  030f0014           sub r15,#0x0014
4e1b6:  0de50018           ld @rr14,#0x0018
4e1ba:  5cf902051906       ldm <<25>>0x0006(r15),r2,#6
4e1c0:  7602840042f0       lda rr2,<<4>>0x42f0
4e1c6:  bd40               ldk r4,#0
4e1c8:  140600000000       ldl rr6,#0x00000000
4e1ce:  5f008400210c       call <<4>>0x210c
4e1d4:  7602840042f0       lda rr2,<<4>>0x42f0
4e1da:  bd42               ldk r4,#2
4e1dc:  61f51908           ld r5,<<25>>0x0008(r15)
4e1e0:  5f0084002814       call <<4>>0x2814
4e1e6:  7602840042f0       lda rr2,<<4>>0x42f0
4e1ec:  21040020           ld r4,#0x0020
4e1f0:  5f00840010b8       call <<4>>0x10b8
4e1f6:  4df519120001       ld <<25>>0x0012(r15),#0x0001
4e1fc:  e863               jr 0xe2c4
4e1fe:  4df119060001       cp <<25>>0x0006(r15),#0x0001
4e204:  ee2f               jr nz,0xe264
4e206:  7602840042f0       lda rr2,<<4>>0x42f0
4e20c:  bd40               ldk r4,#0
4e20e:  140600000000       ldl rr6,#0x00000000
4e214:  5f008400210c       call <<4>>0x210c
4e21a:  7602840042f0       lda rr2,<<4>>0x42f0
4e220:  61f11908           ld r1,<<25>>0x0008(r15)
4e224:  0b010010           cp r1,#0x0010
4e228:  e103               jr lt,0xe230
4e22a:  0b010038           cp r1,#0x0038
4e22e:  e204               jr le,0xe238
4e230:  bd2d               ldk r2,#13
4e232:  5f00840033f6       call <<4>>0x33f6
4e238:  1900001a           mult rr0,#0x001a
4e23c:  61f41912           ld r4,<<25>>0x0012(r15)
4e240:  0b040001           cp r4,#0x0001
4e244:  e103               jr lt,0xe24c
4e246:  0b04001a           cp r4,#0x001a
4e24a:  e204               jr le,0xe254
4e24c:  bd2d               ldk r2,#13
4e24e:  5f00840033f6       call <<4>>0x33f6
4e254:  8141               add r1,r4
4e256:  601ca10078d1       ldb rl4,<<33>>0x78d1(r1)
4e25c:  5f00840010b8       call <<4>>0x10b8
4e262:  e82e               jr 0xe2c0
4e264:  7602840042f0       lda rr2,<<4>>0x42f0
4e26a:  bd40               ldk r4,#0
4e26c:  140600000000       ldl rr6,#0x00000000
4e272:  5f008400210c       call <<4>>0x210c
4e278:  7602840042f0       lda rr2,<<4>>0x42f0
4e27e:  61f11908           ld r1,<<25>>0x0008(r15)
4e282:  0b010010           cp r1,#0x0010
4e286:  e103               jr lt,0xe28e
4e288:  0b010038           cp r1,#0x0038
4e28c:  e204               jr le,0xe296
4e28e:  bd2d               ldk r2,#13
4e290:  5f00840033f6       call <<4>>0x33f6
4e296:  1900001a           mult rr0,#0x001a
4e29a:  61f41912           ld r4,<<25>>0x0012(r15)
4e29e:  0b040001           cp r4,#0x0001
4e2a2:  e103               jr lt,0xe2aa
4e2a4:  0b04001a           cp r4,#0x001a
4e2a8:  e204               jr le,0xe2b2
4e2aa:  bd2d               ldk r2,#13
4e2ac:  5f00840033f6       call <<4>>0x33f6
4e2b2:  8141               add r1,r4
4e2b4:  601ca1007cfb       ldb rl4,<<33>>0x7cfb(r1)
4e2ba:  5f00840010b8       call <<4>>0x10b8
4e2c0:  69f01912           inc <<25>>0x0012(r15),#1
4e2c4:  4df11912001a       cp <<25>>0x0012(r15),#0x001a
4e2ca:  e299               jr le,0xe1fe
4e2cc:  7602840042f0       lda rr2,<<4>>0x42f0
4e2d2:  5f00840011f6       call <<4>>0x11f6
4e2d8:  010f0014           add r15,#0x0014
4e2dc:  9e08               ret 
4e2de:  030f001a           sub r15,#0x001a
4e2e2:  0de5001e           ld @rr14,#0x001e
4e2e6:  5cf902051906       ldm <<25>>0x0006(r15),r2,#6
4e2ec:  bd10               ldk r1,#0
4e2ee:  0b010000           cp r1,#0x0000
4e2f2:  e103               jr lt,0xe2fa
4e2f4:  0b010001           cp r1,#0x0001
4e2f8:  e204               jr le,0xe302
4e2fa:  bd2e               ldk r2,#14
4e2fc:  5f00840033f6       call <<4>>0x33f6
4e302:  6ef91912           ldb <<25>>0x0012(r15),rl1
4e306:  4df81916           clr <<25>>0x0016(r15)
4e30a:  4df519180001       ld <<25>>0x0018(r15),#0x0001
4e310:  e84b               jr 0xe3a8
4e312:  4df119060001       cp <<25>>0x0006(r15),#0x0001
4e318:  ee23               jr nz,0xe360
4e31a:  61f11908           ld r1,<<25>>0x0008(r15)
4e31e:  0b010010           cp r1,#0x0010
4e322:  e103               jr lt,0xe32a
4e324:  0b010038           cp r1,#0x0038
4e328:  e204               jr le,0xe332
4e32a:  bd2d               ldk r2,#13
4e32c:  5f00840033f6       call <<4>>0x33f6
4e332:  1900001a           mult rr0,#0x001a
4e336:  61f21918           ld r2,<<25>>0x0018(r15)
4e33a:  0b020001           cp r2,#0x0001
4e33e:  e103               jr lt,0xe346
4e340:  0b02001a           cp r2,#0x001a
4e344:  e204               jr le,0xe34e
4e346:  bd2d               ldk r2,#13
4e348:  5f00840033f6       call <<4>>0x33f6
4e34e:  8121               add r1,r2
4e350:  4c11a10078d15858   cpb <<33>>0x78d1(r1),#0x58
4e358:  ee02               jr nz,0xe35e
4e35a:  69f01916           inc <<25>>0x0016(r15),#1
4e35e:  e822               jr 0xe3a4
4e360:  61f11908           ld r1,<<25>>0x0008(r15)
4e364:  0b010010           cp r1,#0x0010
4e368:  e103               jr lt,0xe370
4e36a:  0b010038           cp r1,#0x0038
4e36e:  e204               jr le,0xe378
4e370:  bd2d               ldk r2,#13
4e372:  5f00840033f6       call <<4>>0x33f6
4e378:  1900001a           mult rr0,#0x001a
4e37c:  61f21918           ld r2,<<25>>0x0018(r15)
4e380:  0b020001           cp r2,#0x0001
4e384:  e103               jr lt,0xe38c
4e386:  0b02001a           cp r2,#0x001a
4e38a:  e204               jr le,0xe394
4e38c:  bd2d               ldk r2,#13
4e38e:  5f00840033f6       call <<4>>0x33f6
4e394:  8121               add r1,r2
4e396:  4c11a1007cfb5858   cpb <<33>>0x7cfb(r1),#0x58
4e39e:  ee02               jr nz,0xe3a4
4e3a0:  69f01916           inc <<25>>0x0016(r15),#1
4e3a4:  69f01918           inc <<25>>0x0018(r15),#1
4e3a8:  4df11918001a       cp <<25>>0x0018(r15),#0x001a
4e3ae:  e2b1               jr le,0xe312
4e3b0:  4df41916           test <<25>>0x0016(r15)
4e3b4:  ee0d               jr nz,0xe3d0
4e3b6:  bd11               ldk r1,#1
4e3b8:  0b010000           cp r1,#0x0000
4e3bc:  e103               jr lt,0xe3c4
4e3be:  0b010001           cp r1,#0x0001
4e3c2:  e204               jr le,0xe3cc
4e3c4:  bd2e               ldk r2,#14
4e3c6:  5f00840033f6       call <<4>>0x33f6
4e3cc:  6ef91912           ldb <<25>>0x0012(r15),rl1
4e3d0:  60ff1912           ldb rl7,<<25>>0x0012(r15)
4e3d4:  010f001a           add r15,#0x001a
4e3d8:  9e08               ret 
4e3da:  030f001a           sub r15,#0x001a
4e3de:  0de5001e           ld @rr14,#0x001e
4e3e2:  5cf902051906       ldm <<25>>0x0006(r15),r2,#6
4e3e8:  bd10               ldk r1,#0
4e3ea:  0b010000           cp r1,#0x0000
4e3ee:  e103               jr lt,0xe3f6
4e3f0:  0b010001           cp r1,#0x0001
4e3f4:  e204               jr le,0xe3fe
4e3f6:  bd2e               ldk r2,#14
4e3f8:  5f00840033f6       call <<4>>0x33f6
4e3fe:  6ef91912           ldb <<25>>0x0012(r15),rl1
4e402:  4df81916           clr <<25>>0x0016(r15)
4e406:  4df519180001       ld <<25>>0x0018(r15),#0x0001
4e40c:  e84b               jr 0xe4a4
4e40e:  4df119060001       cp <<25>>0x0006(r15),#0x0001
4e414:  ee23               jr nz,0xe45c
4e416:  61f11908           ld r1,<<25>>0x0008(r15)
4e41a:  0b010010           cp r1,#0x0010
4e41e:  e103               jr lt,0xe426
4e420:  0b010038           cp r1,#0x0038
4e424:  e204               jr le,0xe42e
4e426:  bd2d               ldk r2,#13
4e428:  5f00840033f6       call <<4>>0x33f6
4e42e:  1900001a           mult rr0,#0x001a
4e432:  61f21918           ld r2,<<25>>0x0018(r15)
4e436:  0b020001           cp r2,#0x0001
4e43a:  e103               jr lt,0xe442
4e43c:  0b02001a           cp r2,#0x001a
4e440:  e204               jr le,0xe44a
4e442:  bd2d               ldk r2,#13
4e444:  5f00840033f6       call <<4>>0x33f6
4e44a:  8121               add r1,r2
4e44c:  4c11a10078d15858   cpb <<33>>0x78d1(r1),#0x58
4e454:  ee02               jr nz,0xe45a
4e456:  69f01916           inc <<25>>0x0016(r15),#1
4e45a:  e822               jr 0xe4a0
4e45c:  61f11908           ld r1,<<25>>0x0008(r15)
4e460:  0b010010           cp r1,#0x0010
4e464:  e103               jr lt,0xe46c
4e466:  0b010038           cp r1,#0x0038
4e46a:  e204               jr le,0xe474
4e46c:  bd2d               ldk r2,#13
4e46e:  5f00840033f6       call <<4>>0x33f6
4e474:  1900001a           mult rr0,#0x001a
4e478:  61f21918           ld r2,<<25>>0x0018(r15)
4e47c:  0b020001           cp r2,#0x0001
4e480:  e103               jr lt,0xe488
4e482:  0b02001a           cp r2,#0x001a
4e486:  e204               jr le,0xe490
4e488:  bd2d               ldk r2,#13
4e48a:  5f00840033f6       call <<4>>0x33f6
4e490:  8121               add r1,r2
4e492:  4c11a1007cfb5858   cpb <<33>>0x7cfb(r1),#0x58
4e49a:  ee02               jr nz,0xe4a0
4e49c:  69f01916           inc <<25>>0x0016(r15),#1
4e4a0:  69f01918           inc <<25>>0x0018(r15),#1
4e4a4:  4df11918001a       cp <<25>>0x0018(r15),#0x001a
4e4aa:  e2b1               jr le,0xe40e
4e4ac:  4df11916001a       cp <<25>>0x0016(r15),#0x001a
4e4b2:  ee0d               jr nz,0xe4ce
4e4b4:  bd11               ldk r1,#1
4e4b6:  0b010000           cp r1,#0x0000
4e4ba:  e103               jr lt,0xe4c2
4e4bc:  0b010001           cp r1,#0x0001
4e4c0:  e204               jr le,0xe4ca
4e4c2:  bd2e               ldk r2,#14
4e4c4:  5f00840033f6       call <<4>>0x33f6
4e4ca:  6ef91912           ldb <<25>>0x0012(r15),rl1
4e4ce:  60ff1912           ldb rl7,<<25>>0x0012(r15)
4e4d2:  010f001a           add r15,#0x001a
4e4d6:  9e08               ret 
4e4d8:  030f001a           sub r15,#0x001a
4e4dc:  0de5001e           ld @rr14,#0x001e
4e4e0:  bd10               ldk r1,#0
4e4e2:  0b010000           cp r1,#0x0000
4e4e6:  e103               jr lt,0xe4ee
4e4e8:  0b010001           cp r1,#0x0001
4e4ec:  e204               jr le,0xe4f6
4e4ee:  bd2e               ldk r2,#14
4e4f0:  5f00840033f6       call <<4>>0x33f6
4e4f6:  6ef91914           ldb <<25>>0x0014(r15),rl1
4e4fa:  5f00a1005bd4       call <<33>>0x5bd4
4e500:  6102a1008ff6       ld r2,<<33>>0x8ff6
4e506:  760ca0000114       lda rr12,<<32>>0x0114
4e50c:  31c30002           ld r3,rr12(#0x0002)
4e510:  21040024           ld r4,#0x0024
4e514:  7606a1009090       lda rr6,<<33>>0x9090
4e51a:  5f00a1004c88       call <<33>>0x4c88
4e520:  760c84000166       lda rr12,<<4>>0x0166
4e526:  0cc10000           cpb @rr12,#0x00
4e52a:  e603               jr z,0xe532
4e52c:  5e08a10023ce       jp <<33>>0x23ce
4e532:  5f00a1005bd4       call <<33>>0x5bd4
4e538:  5f00a10007ca       call <<33>>0x07ca
4e53e:  760c84000166       lda rr12,<<4>>0x0166
4e544:  0cc10000           cpb @rr12,#0x00
4e548:  e603               jr z,0xe550
4e54a:  5e08a10023ce       jp <<33>>0x23ce
4e550:  5f00a1005f8c       call <<33>>0x5f8c
4e556:  760ca100908c       lda rr12,<<33>>0x908c
4e55c:  0dc1ffff           cp @rr12,#0xffff
4e560:  ee06               jr nz,0xe56e
4e562:  760c84000166       lda rr12,<<4>>0x0166
4e568:  0cc10000           cpb @rr12,#0x00
4e56c:  e6f1               jr z,0xe550
4e56e:  760c84000166       lda rr12,<<4>>0x0166
4e574:  0cc10000           cpb @rr12,#0x00
4e578:  e603               jr z,0xe580
4e57a:  5e08a10023ce       jp <<33>>0x23ce
4e580:  6102a1008ff6       ld r2,<<33>>0x8ff6
4e586:  7604a1008fe8       lda rr4,<<33>>0x8fe8
4e58c:  5f00a1005ac6       call <<33>>0x5ac6
4e592:  760ca1009056       lda rr12,<<33>>0x9056
4e598:  0dc4               test @rr12
4e59a:  ee15               jr nz,0xe5c6
4e59c:  4d01a1008fe80024   cp <<33>>0x8fe8,#0x0024
4e5a4:  ee10               jr nz,0xe5c6
4e5a6:  bd11               ldk r1,#1
4e5a8:  0b010000           cp r1,#0x0000
4e5ac:  e103               jr lt,0xe5b4
4e5ae:  0b010001           cp r1,#0x0001
4e5b2:  e204               jr le,0xe5bc
4e5b4:  bd2e               ldk r2,#14
4e5b6:  5f00840033f6       call <<4>>0x33f6
4e5bc:  6ef91914           ldb <<25>>0x0014(r15),rl1
4e5c0:  5e08a10023ce       jp <<33>>0x23ce
4e5c6:  5f00840044de       call <<4>>0x44de
4e5cc:  7602840042f0       lda rr2,<<4>>0x42f0
4e5d2:  bd40               ldk r4,#0
4e5d4:  bd53               ldk r5,#3
4e5d6:  7606a1009ca2       lda rr6,<<33>>0x9ca2
4e5dc:  5f008400285a       call <<4>>0x285a
4e5e2:  7602840042f0       lda rr2,<<4>>0x42f0
4e5e8:  2104ffff           ld r4,#0xffff
4e5ec:  2105001c           ld r5,#0x001c
4e5f0:  7606a1009c86       lda rr6,<<33>>0x9c86
4e5f6:  5f008400285a       call <<4>>0x285a
4e5fc:  7602840042f0       lda rr2,<<4>>0x42f0
4e602:  5f00840011f6       call <<4>>0x11f6
4e608:  7602840042f0       lda rr2,<<4>>0x42f0
4e60e:  bd40               ldk r4,#0
4e610:  bd53               ldk r5,#3
4e612:  7606a1009c82       lda rr6,<<33>>0x9c82
4e618:  5f008400285a       call <<4>>0x285a
4e61e:  7602840042f0       lda rr2,<<4>>0x42f0
4e624:  2104ffff           ld r4,#0xffff
4e628:  21050020           ld r5,#0x0020
4e62c:  7606a1009c62       lda rr6,<<33>>0x9c62
4e632:  5f008400285a       call <<4>>0x285a
4e638:  7602840042f0       lda rr2,<<4>>0x42f0
4e63e:  5f00840011f6       call <<4>>0x11f6
4e644:  7602840042f0       lda rr2,<<4>>0x42f0
4e64a:  bd40               ldk r4,#0
4e64c:  bd53               ldk r5,#3
4e64e:  7606a1009c5e       lda rr6,<<33>>0x9c5e
4e654:  5f008400285a       call <<4>>0x285a
4e65a:  7602840042f0       lda rr2,<<4>>0x42f0
4e660:  2104ffff           ld r4,#0xffff
4e664:  21050017           ld r5,#0x0017
4e668:  7606a1009c46       lda rr6,<<33>>0x9c46
4e66e:  5f008400285a       call <<4>>0x285a
4e674:  7602840042f0       lda rr2,<<4>>0x42f0
4e67a:  5f00840011f6       call <<4>>0x11f6
4e680:  760c84000175       lda rr12,<<4>>0x0175
4e686:  20c9               ldb rl1,@rr12
4e688:  8c18               clrb rh1
4e68a:  0b010000           cp r1,#0x0000
4e68e:  e103               jr lt,0xe696
4e690:  0b0100ff           cp r1,#0x00ff
4e694:  e205               jr le,0xe6a0
4e696:  21020010           ld r2,#0x0010
4e69a:  5f00840033f6       call <<4>>0x33f6
4e6a0:  a112               ld r2,r1
4e6a2:  760ca0000114       lda rr12,<<32>>0x0114
4e6a8:  21c3               ld r3,@rr12
4e6aa:  760ca0000114       lda rr12,<<32>>0x0114
4e6b0:  31c40002           ld r4,rr12(#0x0002)
4e6b4:  210500e1           ld r5,#0x00e1
4e6b8:  210600ff           ld r6,#0x00ff
4e6bc:  5f00840044f2       call <<4>>0x44f2
4e6c2:  7602840042f0       lda rr2,<<4>>0x42f0
4e6c8:  bd40               ldk r4,#0
4e6ca:  140600000000       ldl rr6,#0x00000000
4e6d0:  5f008400210c       call <<4>>0x210c
4e6d6:  7602840042f0       lda rr2,<<4>>0x42f0
4e6dc:  2104ffff           ld r4,#0xffff
4e6e0:  21050022           ld r5,#0x0022
4e6e4:  7606a1009c24       lda rr6,<<33>>0x9c24
4e6ea:  5f008400285a       call <<4>>0x285a
4e6f0:  7602840042f0       lda rr2,<<4>>0x42f0
4e6f6:  5f00840011f6       call <<4>>0x11f6
4e6fc:  7602840042f0       lda rr2,<<4>>0x42f0
4e702:  bd40               ldk r4,#0
4e704:  140600000000       ldl rr6,#0x00000000
4e70a:  5f008400210c       call <<4>>0x210c
4e710:  7602840042f0       lda rr2,<<4>>0x42f0
4e716:  2104ffff           ld r4,#0xffff
4e71a:  2105001c           ld r5,#0x001c
4e71e:  7606a1009c08       lda rr6,<<33>>0x9c08
4e724:  5f008400285a       call <<4>>0x285a
4e72a:  7602840042f0       lda rr2,<<4>>0x42f0
4e730:  5f00840011f6       call <<4>>0x11f6
4e736:  5f0084004542       call <<4>>0x4542
4e73c:  6eff1906           ldb <<25>>0x0006(r15),rl7
4e740:  4cf41906           testb <<25>>0x0006(r15)
4e744:  ee03               jr nz,0xe74c
4e746:  5e08a10023ce       jp <<33>>0x23ce
4e74c:  4df519180001       ld <<25>>0x0018(r15),#0x0001
4e752:  e876               jr 0xe840
4e754:  5f00a1005bd4       call <<33>>0x5bd4
4e75a:  6102a1008ff6       ld r2,<<33>>0x8ff6
4e760:  760ca0000114       lda rr12,<<32>>0x0114
4e766:  31c30002           ld r3,rr12(#0x0002)
4e76a:  21040024           ld r4,#0x0024
4e76e:  7606a1009090       lda rr6,<<33>>0x9090
4e774:  5f00a1004c88       call <<33>>0x4c88
4e77a:  760c84000166       lda rr12,<<4>>0x0166
4e780:  0cc10000           cpb @rr12,#0x00
4e784:  e603               jr z,0xe78c
4e786:  5e08a10023ce       jp <<33>>0x23ce
4e78c:  5f00a1005bd4       call <<33>>0x5bd4
4e792:  5f00a10007ca       call <<33>>0x07ca
4e798:  760c84000166       lda rr12,<<4>>0x0166
4e79e:  0cc10000           cpb @rr12,#0x00
4e7a2:  e603               jr z,0xe7aa
4e7a4:  5e08a10023ce       jp <<33>>0x23ce
4e7aa:  5f00a1005f8c       call <<33>>0x5f8c
4e7b0:  760ca100908c       lda rr12,<<33>>0x908c
4e7b6:  0dc1ffff           cp @rr12,#0xffff
4e7ba:  ee06               jr nz,0xe7c8
4e7bc:  760c84000166       lda rr12,<<4>>0x0166
4e7c2:  0cc10000           cpb @rr12,#0x00
4e7c6:  e6f1               jr z,0xe7aa
4e7c8:  760c84000166       lda rr12,<<4>>0x0166
4e7ce:  0cc10000           cpb @rr12,#0x00
4e7d2:  e603               jr z,0xe7da
4e7d4:  5e08a10023ce       jp <<33>>0x23ce
4e7da:  6102a1008ff6       ld r2,<<33>>0x8ff6
4e7e0:  7604a1008fe8       lda rr4,<<33>>0x8fe8
4e7e6:  5f00a1005ac6       call <<33>>0x5ac6
4e7ec:  760ca1009056       lda rr12,<<33>>0x9056
4e7f2:  0dc4               test @rr12
4e7f4:  ee16               jr nz,0xe822
4e7f6:  4d01a1008fe80024   cp <<33>>0x8fe8,#0x0024
4e7fe:  ee11               jr nz,0xe822
4e800:  bd11               ldk r1,#1
4e802:  0b010000           cp r1,#0x0000
4e806:  e103               jr lt,0xe80e
4e808:  0b010001           cp r1,#0x0001
4e80c:  e204               jr le,0xe816
4e80e:  bd2e               ldk r2,#14
4e810:  5f00840033f6       call <<4>>0x33f6
4e816:  6ef91914           ldb <<25>>0x0014(r15),rl1
4e81a:  5e08a10023ce       jp <<33>>0x23ce
4e820:  e80d               jr 0xe83c
4e822:  bd10               ldk r1,#0
4e824:  0b010000           cp r1,#0x0000
4e828:  e103               jr lt,0xe830
4e82a:  0b010001           cp r1,#0x0001
4e82e:  e204               jr le,0xe838
4e830:  bd2e               ldk r2,#14
4e832:  5f00840033f6       call <<4>>0x33f6
4e838:  6ef91914           ldb <<25>>0x0014(r15),rl1
4e83c:  69f01918           inc <<25>>0x0018(r15),#1
4e840:  4df11918000a       cp <<25>>0x0018(r15),#0x000a
4e846:  e286               jr le,0xe754
4e848:  5f00840044de       call <<4>>0x44de
4e84e:  7602840042f0       lda rr2,<<4>>0x42f0
4e854:  bd40               ldk r4,#0
4e856:  bd53               ldk r5,#3
4e858:  7606a1009c04       lda rr6,<<33>>0x9c04
4e85e:  5f008400285a       call <<4>>0x285a
4e864:  7602840042f0       lda rr2,<<4>>0x42f0
4e86a:  2104ffff           ld r4,#0xffff
4e86e:  2105001c           ld r5,#0x001c
4e872:  7606a1009be8       lda rr6,<<33>>0x9be8
4e878:  5f008400285a       call <<4>>0x285a
4e87e:  7602840042f0       lda rr2,<<4>>0x42f0
4e884:  5f00840011f6       call <<4>>0x11f6
4e88a:  7602840042f0       lda rr2,<<4>>0x42f0
4e890:  bd40               ldk r4,#0
4e892:  bd53               ldk r5,#3
4e894:  7606a1009be4       lda rr6,<<33>>0x9be4
4e89a:  5f008400285a       call <<4>>0x285a
4e8a0:  7602840042f0       lda rr2,<<4>>0x42f0
4e8a6:  2104ffff           ld r4,#0xffff
4e8aa:  21050020           ld r5,#0x0020
4e8ae:  7606a1009bc4       lda rr6,<<33>>0x9bc4
4e8b4:  5f008400285a       call <<4>>0x285a
4e8ba:  7602840042f0       lda rr2,<<4>>0x42f0
4e8c0:  5f00840011f6       call <<4>>0x11f6
4e8c6:  7602840042f0       lda rr2,<<4>>0x42f0
4e8cc:  bd40               ldk r4,#0
4e8ce:  bd53               ldk r5,#3
4e8d0:  7606a1009bc0       lda rr6,<<33>>0x9bc0
4e8d6:  5f008400285a       call <<4>>0x285a
4e8dc:  7602840042f0       lda rr2,<<4>>0x42f0
4e8e2:  2104ffff           ld r4,#0xffff
4e8e6:  21050017           ld r5,#0x0017
4e8ea:  7606a1009ba8       lda rr6,<<33>>0x9ba8
4e8f0:  5f008400285a       call <<4>>0x285a
4e8f6:  7602840042f0       lda rr2,<<4>>0x42f0
4e8fc:  5f00840011f6       call <<4>>0x11f6
4e902:  760c84000175       lda rr12,<<4>>0x0175
4e908:  20c9               ldb rl1,@rr12
4e90a:  8c18               clrb rh1
4e90c:  0b010000           cp r1,#0x0000
4e910:  e103               jr lt,0xe918
4e912:  0b0100ff           cp r1,#0x00ff
4e916:  e205               jr le,0xe922
4e918:  21020010           ld r2,#0x0010
4e91c:  5f00840033f6       call <<4>>0x33f6
4e922:  a112               ld r2,r1
4e924:  760ca0000114       lda rr12,<<32>>0x0114
4e92a:  21c3               ld r3,@rr12
4e92c:  760ca0000114       lda rr12,<<32>>0x0114
4e932:  31c40002           ld r4,rr12(#0x0002)
4e936:  210500e1           ld r5,#0x00e1
4e93a:  210600ff           ld r6,#0x00ff
4e93e:  5f00840044f2       call <<4>>0x44f2
4e944:  7602840042f0       lda rr2,<<4>>0x42f0
4e94a:  bd40               ldk r4,#0
4e94c:  140600000000       ldl rr6,#0x00000000
4e952:  5f008400210c       call <<4>>0x210c
4e958:  7602840042f0       lda rr2,<<4>>0x42f0
4e95e:  2104ffff           ld r4,#0xffff
4e962:  21050022           ld r5,#0x0022
4e966:  7606a1009b86       lda rr6,<<33>>0x9b86
4e96c:  5f008400285a       call <<4>>0x285a
4e972:  7602840042f0       lda rr2,<<4>>0x42f0
4e978:  5f00840011f6       call <<4>>0x11f6
4e97e:  7602840042f0       lda rr2,<<4>>0x42f0
4e984:  bd40               ldk r4,#0
4e986:  140600000000       ldl rr6,#0x00000000
4e98c:  5f008400210c       call <<4>>0x210c
4e992:  7602840042f0       lda rr2,<<4>>0x42f0
4e998:  2104ffff           ld r4,#0xffff
4e99c:  2105001c           ld r5,#0x001c
4e9a0:  7606a1009b6a       lda rr6,<<33>>0x9b6a
4e9a6:  5f008400285a       call <<4>>0x285a
4e9ac:  7602840042f0       lda rr2,<<4>>0x42f0
4e9b2:  5f00840011f6       call <<4>>0x11f6
4e9b8:  5f0084004542       call <<4>>0x4542
4e9be:  6eff1906           ldb <<25>>0x0006(r15),rl7
4e9c2:  4cf119060000       cpb <<25>>0x0006(r15),#0x00
4e9c8:  5e0ea100214c       jp nz,<<33>>0x214c
4e9ce:  60ff1914           ldb rl7,<<25>>0x0014(r15)
4e9d2:  010f001a           add r15,#0x001a
4e9d6:  9e08               ret 
4e9d8:  030f0016           sub r15,#0x0016
4e9dc:  0de5001a           ld @rr14,#0x001a
4e9e0:  5cf902051906       ldm <<25>>0x0006(r15),r2,#6
4e9e6:  5f00a1005bd4       call <<33>>0x5bd4
4e9ec:  6102a1008ff6       ld r2,<<33>>0x8ff6
4e9f2:  760ca0000114       lda rr12,<<32>>0x0114
4e9f8:  31c30002           ld r3,rr12(#0x0002)
4e9fc:  61f41906           ld r4,<<25>>0x0006(r15)
4ea00:  7606a1009090       lda rr6,<<33>>0x9090
4ea06:  5f00a1004c88       call <<33>>0x4c88
4ea0c:  760c84000166       lda rr12,<<4>>0x0166
4ea12:  0cc10000           cpb @rr12,#0x00
4ea16:  e603               jr z,0xea1e
4ea18:  5e08a10025c8       jp <<33>>0x25c8
4ea1e:  760c84000166       lda rr12,<<4>>0x0166
4ea24:  0cc10000           cpb @rr12,#0x00
4ea28:  5e0ea10025c8       jp nz,<<33>>0x25c8
4ea2e:  5f00a1005bd4       call <<33>>0x5bd4
4ea34:  5f00a10007ca       call <<33>>0x07ca
4ea3a:  760c84000166       lda rr12,<<4>>0x0166
4ea40:  0cc10000           cpb @rr12,#0x00
4ea44:  5e0ea10025c8       jp nz,<<33>>0x25c8
4ea4a:  5f00a1005f8c       call <<33>>0x5f8c
4ea50:  760ca100908c       lda rr12,<<33>>0x908c
4ea56:  0dc1ffff           cp @rr12,#0xffff
4ea5a:  ee06               jr nz,0xea68
4ea5c:  760c84000166       lda rr12,<<4>>0x0166
4ea62:  0cc10000           cpb @rr12,#0x00
4ea66:  e6f1               jr z,0xea4a
4ea68:  760c84000166       lda rr12,<<4>>0x0166
4ea6e:  0cc10000           cpb @rr12,#0x00
4ea72:  5e0ea10025c8       jp nz,<<33>>0x25c8
4ea78:  6102a1008ff6       ld r2,<<33>>0x8ff6
4ea7e:  7604a1008fe8       lda rr4,<<33>>0x8fe8
4ea84:  5f00a1005ac6       call <<33>>0x5ac6
4ea8a:  760ca1009056       lda rr12,<<33>>0x9056
4ea90:  0dc4               test @rr12
4ea92:  ee22               jr nz,0xead8
4ea94:  6101a1008fe8       ld r1,<<33>>0x8fe8
4ea9a:  4bf11906           cp r1,<<25>>0x0006(r15)
4ea9e:  ee0e               jr nz,0xeabc
4eaa0:  bd10               ldk r1,#0
4eaa2:  0b010000           cp r1,#0x0000
4eaa6:  e103               jr lt,0xeaae
4eaa8:  0b010001           cp r1,#0x0001
4eaac:  e204               jr le,0xeab6
4eaae:  bd2e               ldk r2,#14
4eab0:  5f00840033f6       call <<4>>0x33f6
4eab6:  6ef91912           ldb <<25>>0x0012(r15),rl1
4eaba:  e80d               jr 0xead6
4eabc:  bd11               ldk r1,#1
4eabe:  0b010000           cp r1,#0x0000
4eac2:  e103               jr lt,0xeaca
4eac4:  0b010001           cp r1,#0x0001
4eac8:  e204               jr le,0xead2
4eaca:  bd2e               ldk r2,#14
4eacc:  5f00840033f6       call <<4>>0x33f6
4ead2:  6ef91912           ldb <<25>>0x0012(r15),rl1
4ead6:  e878               jr 0xebc8
4ead8:  760ca1009056       lda rr12,<<33>>0x9056
4eade:  0dc10016           cp @rr12,#0x0016
4eae2:  e606               jr z,0xeaf0
4eae4:  760ca1009056       lda rr12,<<33>>0x9056
4eaea:  0dc10014           cp @rr12,#0x0014
4eaee:  ee0e               jr nz,0xeb0c
4eaf0:  bd11               ldk r1,#1
4eaf2:  0b010000           cp r1,#0x0000
4eaf6:  e103               jr lt,0xeafe
4eaf8:  0b010001           cp r1,#0x0001
4eafc:  e204               jr le,0xeb06
4eafe:  bd2e               ldk r2,#14
4eb00:  5f00840033f6       call <<4>>0x33f6
4eb06:  6ef91912           ldb <<25>>0x0012(r15),rl1
4eb0a:  e85e               jr 0xebc8
4eb0c:  5f00840044de       call <<4>>0x44de
4eb12:  7602840042f0       lda rr2,<<4>>0x42f0
4eb18:  bd40               ldk r4,#0
4eb1a:  bd53               ldk r5,#3
4eb1c:  7606a1009cb6       lda rr6,<<33>>0x9cb6
4eb22:  5f008400285a       call <<4>>0x285a
4eb28:  7602840042f0       lda rr2,<<4>>0x42f0
4eb2e:  2104ffff           ld r4,#0xffff
4eb32:  21050010           ld r5,#0x0010
4eb36:  7606a1009ca6       lda rr6,<<33>>0x9ca6
4eb3c:  5f008400285a       call <<4>>0x285a
4eb42:  7602840042f0       lda rr2,<<4>>0x42f0
4eb48:  5f00840011f6       call <<4>>0x11f6
4eb4e:  760c84000175       lda rr12,<<4>>0x0175
4eb54:  20c9               ldb rl1,@rr12
4eb56:  8c18               clrb rh1
4eb58:  0b010000           cp r1,#0x0000
4eb5c:  e103               jr lt,0xeb64
4eb5e:  0b0100ff           cp r1,#0x00ff
4eb62:  e205               jr le,0xeb6e
4eb64:  21020010           ld r2,#0x0010
4eb68:  5f00840033f6       call <<4>>0x33f6
4eb6e:  a112               ld r2,r1
4eb70:  760ca0000114       lda rr12,<<32>>0x0114
4eb76:  21c3               ld r3,@rr12
4eb78:  760ca0000114       lda rr12,<<32>>0x0114
4eb7e:  31c40002           ld r4,rr12(#0x0002)
4eb82:  210500e1           ld r5,#0x00e1
4eb86:  210600ff           ld r6,#0x00ff
4eb8a:  5f00840044f2       call <<4>>0x44f2
4eb90:  bd10               ldk r1,#0
4eb92:  0b010000           cp r1,#0x0000
4eb96:  e103               jr lt,0xeb9e
4eb98:  0b010001           cp r1,#0x0001
4eb9c:  e204               jr le,0xeba6
4eb9e:  bd2e               ldk r2,#14
4eba0:  5f00840033f6       call <<4>>0x33f6
4eba6:  6ef91912           ldb <<25>>0x0012(r15),rl1
4ebaa:  bd13               ldk r1,#3
4ebac:  0b010000           cp r1,#0x0000
4ebb0:  e103               jr lt,0xebb8
4ebb2:  0b010003           cp r1,#0x0003
4ebb6:  e204               jr le,0xebc0
4ebb8:  bd2e               ldk r2,#14
4ebba:  5f00840033f6       call <<4>>0x33f6
4ebc0:  760c84000166       lda rr12,<<4>>0x0166
4ebc6:  2ec9               ldb @rr12,rl1
4ebc8:  60ff1912           ldb rl7,<<25>>0x0012(r15)
4ebcc:  010f0016           add r15,#0x0016
4ebd0:  9e08               ret 
4ebd2:  030f001a           sub r15,#0x001a
4ebd6:  0de5001e           ld @rr14,#0x001e
4ebda:  5cf902051908       ldm <<25>>0x0008(r15),r2,#6
4ebe0:  bd10               ldk r1,#0
4ebe2:  0b010000           cp r1,#0x0000
4ebe6:  e103               jr lt,0xebee
4ebe8:  0b010001           cp r1,#0x0001
4ebec:  e204               jr le,0xebf6
4ebee:  bd2e               ldk r2,#14
4ebf0:  5f00840033f6       call <<4>>0x33f6
4ebf6:  6ef91914           ldb <<25>>0x0014(r15),rl1
4ebfa:  7602840042f0       lda rr2,<<4>>0x42f0
4ec00:  bd40               ldk r4,#0
4ec02:  bd53               ldk r5,#3
4ec04:  7606a1009d00       lda rr6,<<33>>0x9d00
4ec0a:  5f008400285a       call <<4>>0x285a
4ec10:  7602840042f0       lda rr2,<<4>>0x42f0
4ec16:  bd40               ldk r4,#0
4ec18:  140600000000       ldl rr6,#0x00000000
4ec1e:  5f008400210c       call <<4>>0x210c
4ec24:  7602840042f0       lda rr2,<<4>>0x42f0
4ec2a:  2104ffff           ld r4,#0xffff
4ec2e:  2105001a           ld r5,#0x001a
4ec32:  7606a1009ce6       lda rr6,<<33>>0x9ce6
4ec38:  5f008400285a       call <<4>>0x285a
4ec3e:  7602840042f0       lda rr2,<<4>>0x42f0
4ec44:  2104ffff           ld r4,#0xffff
4ec48:  61f5190a           ld r5,<<25>>0x000a(r15)
4ec4c:  5f0084002814       call <<4>>0x2814
4ec52:  7602840042f0       lda rr2,<<4>>0x42f0
4ec58:  5f00840011f6       call <<4>>0x11f6
4ec5e:  5f00a1005bd4       call <<33>>0x5bd4
4ec64:  6102a1008ff6       ld r2,<<33>>0x8ff6
4ec6a:  760ca0000114       lda rr12,<<32>>0x0114
4ec70:  31c30002           ld r3,rr12(#0x0002)
4ec74:  61f4190a           ld r4,<<25>>0x000a(r15)
4ec78:  7606a1009090       lda rr6,<<33>>0x9090
4ec7e:  5f00a1004c88       call <<33>>0x4c88
4ec84:  760c84000166       lda rr12,<<4>>0x0166
4ec8a:  0cc10000           cpb @rr12,#0x00
4ec8e:  5e0ea1002992       jp nz,<<33>>0x2992
4ec94:  4df519180001       ld <<25>>0x0018(r15),#0x0001
4ec9a:  5e08a100294a       jp <<33>>0x294a
4eca0:  5f00a1005bd4       call <<33>>0x5bd4
4eca6:  61f2190a           ld r2,<<25>>0x000a(r15)
4ecaa:  61f11918           ld r1,<<25>>0x0018(r15)
4ecae:  0b010001           cp r1,#0x0001
4ecb2:  e103               jr lt,0xecba
4ecb4:  0b01001a           cp r1,#0x001a
4ecb8:  e204               jr le,0xecc2
4ecba:  bd2d               ldk r2,#13
4ecbc:  5f00840033f6       call <<4>>0x33f6
4ecc2:  8111               add r1,r1
4ecc4:  760ca10090a4       lda rr12,<<33>>0x90a4
4ecca:  811d               add r13,r1
4eccc:  31c3fffe           ld r3,rr12(#0xfffe)
4ecd0:  bd41               ldk r4,#1
4ecd2:  5406a10087d2       ldl rr6,<<33>>0x87d2
4ecd8:  5f00a100041a       call <<33>>0x041a
4ecde:  760c84000166       lda rr12,<<4>>0x0166
4ece4:  0cc10000           cpb @rr12,#0x00
4ece8:  5e0ea1002946       jp nz,<<33>>0x2946
4ecee:  5f00a1005f8c       call <<33>>0x5f8c
4ecf4:  760ca100908c       lda rr12,<<33>>0x908c
4ecfa:  0dc1ffff           cp @rr12,#0xffff
4ecfe:  ee06               jr nz,0xed0c
4ed00:  760c84000166       lda rr12,<<4>>0x0166
4ed06:  0cc10000           cpb @rr12,#0x00
4ed0a:  e6f1               jr z,0xecee
4ed0c:  760c84000166       lda rr12,<<4>>0x0166
4ed12:  0cc10000           cpb @rr12,#0x00
4ed16:  ee09               jr nz,0xed2a
4ed18:  6102a1008ff6       ld r2,<<33>>0x8ff6
4ed1e:  7604a1008fe8       lda rr4,<<33>>0x8fe8
4ed24:  5f00a1005ac6       call <<33>>0x5ac6
4ed2a:  760ca1009056       lda rr12,<<33>>0x9056
4ed30:  0dc4               test @rr12
4ed32:  5e0ea1002848       jp nz,<<33>>0x2848
4ed38:  760c84000166       lda rr12,<<4>>0x0166
4ed3e:  0cc10000           cpb @rr12,#0x00
4ed42:  5e0ea1002848       jp nz,<<33>>0x2848
4ed48:  4df119080001       cp <<25>>0x0008(r15),#0x0001
4ed4e:  ee3d               jr nz,0xedca
4ed50:  21010058           ld r1,#0x0058
4ed54:  0b010000           cp r1,#0x0000
4ed58:  e103               jr lt,0xed60
4ed5a:  0b0100ff           cp r1,#0x00ff
4ed5e:  e204               jr le,0xed68
4ed60:  bd2e               ldk r2,#14
4ed62:  5f00840033f6       call <<4>>0x33f6
4ed68:  61f2190a           ld r2,<<25>>0x000a(r15)
4ed6c:  0b020010           cp r2,#0x0010
4ed70:  e103               jr lt,0xed78
4ed72:  0b020038           cp r2,#0x0038
4ed76:  e204               jr le,0xed80
4ed78:  bd2d               ldk r2,#13
4ed7a:  5f00840033f6       call <<4>>0x33f6
4ed80:  a12d               ld r13,r2
4ed82:  190c001a           mult rr12,#0x001a
4ed86:  61f21918           ld r2,<<25>>0x0018(r15)
4ed8a:  0b020001           cp r2,#0x0001
4ed8e:  e103               jr lt,0xed96
4ed90:  0b02001a           cp r2,#0x001a
4ed94:  e204               jr le,0xed9e
4ed96:  bd2d               ldk r2,#13
4ed98:  5f00840033f6       call <<4>>0x33f6
4ed9e:  8122               add r2,r2
4eda0:  760aa10090a4       lda rr10,<<33>>0x90a4
4eda6:  812b               add r11,r2
4eda8:  31a2fffe           ld r2,rr10(#0xfffe)
4edac:  0b020001           cp r2,#0x0001
4edb0:  e103               jr lt,0xedb8
4edb2:  0b02001a           cp r2,#0x001a
4edb6:  e204               jr le,0xedc0
4edb8:  bd2d               ldk r2,#13
4edba:  5f00840033f6       call <<4>>0x33f6
4edc0:  812d               add r13,r2
4edc2:  6ed9a10078d1       ldb <<33>>0x78d1(r13),rl1
4edc8:  e83e               jr 0xee46
4edca:  21010058           ld r1,#0x0058
4edce:  0b010000           cp r1,#0x0000
4edd2:  e103               jr lt,0xedda
4edd4:  0b0100ff           cp r1,#0x00ff
4edd8:  e204               jr le,0xede2
4edda:  bd2e               ldk r2,#14
4eddc:  5f00840033f6       call <<4>>0x33f6
4ede2:  61f2190a           ld r2,<<25>>0x000a(r15)
4ede6:  0b020010           cp r2,#0x0010
4edea:  e103               jr lt,0xedf2
4edec:  0b020038           cp r2,#0x0038
4edf0:  e204               jr le,0xedfa
4edf2:  bd2d               ldk r2,#13
4edf4:  5f00840033f6       call <<4>>0x33f6
4edfa:  a12d               ld r13,r2
4edfc:  190c001a           mult rr12,#0x001a
4ee00:  61f21918           ld r2,<<25>>0x0018(r15)
4ee04:  0b020001           cp r2,#0x0001
4ee08:  e103               jr lt,0xee10
4ee0a:  0b02001a           cp r2,#0x001a
4ee0e:  e204               jr le,0xee18
4ee10:  bd2d               ldk r2,#13
4ee12:  5f00840033f6       call <<4>>0x33f6
4ee18:  8122               add r2,r2
4ee1a:  760aa10090a4       lda rr10,<<33>>0x90a4
4ee20:  812b               add r11,r2
4ee22:  31a2fffe           ld r2,rr10(#0xfffe)
4ee26:  0102ffe6           add r2,#0xffe6
4ee2a:  0b020001           cp r2,#0x0001
4ee2e:  e103               jr lt,0xee36
4ee30:  0b02001a           cp r2,#0x001a
4ee34:  e204               jr le,0xee3e
4ee36:  bd2d               ldk r2,#13
4ee38:  5f00840033f6       call <<4>>0x33f6
4ee3e:  812d               add r13,r2
4ee40:  6ed9a1007cfb       ldb <<33>>0x7cfb(r13),rl1
4ee46:  e87f               jr 0xef46
4ee48:  4df119080001       cp <<25>>0x0008(r15),#0x0001
4ee4e:  ee3d               jr nz,0xeeca
4ee50:  2101002e           ld r1,#0x002e
4ee54:  0b010000           cp r1,#0x0000
4ee58:  e103               jr lt,0xee60
4ee5a:  0b0100ff           cp r1,#0x00ff
4ee5e:  e204               jr le,0xee68
4ee60:  bd2e               ldk r2,#14
4ee62:  5f00840033f6       call <<4>>0x33f6
4ee68:  61f2190a           ld r2,<<25>>0x000a(r15)
4ee6c:  0b020010           cp r2,#0x0010
4ee70:  e103               jr lt,0xee78
4ee72:  0b020038           cp r2,#0x0038
4ee76:  e204               jr le,0xee80
4ee78:  bd2d               ldk r2,#13
4ee7a:  5f00840033f6       call <<4>>0x33f6
4ee80:  a12d               ld r13,r2
4ee82:  190c001a           mult rr12,#0x001a
4ee86:  61f21918           ld r2,<<25>>0x0018(r15)
4ee8a:  0b020001           cp r2,#0x0001
4ee8e:  e103               jr lt,0xee96
4ee90:  0b02001a           cp r2,#0x001a
4ee94:  e204               jr le,0xee9e
4ee96:  bd2d               ldk r2,#13
4ee98:  5f00840033f6       call <<4>>0x33f6
4ee9e:  8122               add r2,r2
4eea0:  760aa10090a4       lda rr10,<<33>>0x90a4
4eea6:  812b               add r11,r2
4eea8:  31a2fffe           ld r2,rr10(#0xfffe)
4eeac:  0b020001           cp r2,#0x0001
4eeb0:  e103               jr lt,0xeeb8
4eeb2:  0b02001a           cp r2,#0x001a
4eeb6:  e204               jr le,0xeec0
4eeb8:  bd2d               ldk r2,#13
4eeba:  5f00840033f6       call <<4>>0x33f6
4eec0:  812d               add r13,r2
4eec2:  6ed9a10078d1       ldb <<33>>0x78d1(r13),rl1
4eec8:  e83e               jr 0xef46
4eeca:  2101002e           ld r1,#0x002e
4eece:  0b010000           cp r1,#0x0000
4eed2:  e103               jr lt,0xeeda
4eed4:  0b0100ff           cp r1,#0x00ff
4eed8:  e204               jr le,0xeee2
4eeda:  bd2e               ldk r2,#14
4eedc:  5f00840033f6       call <<4>>0x33f6
4eee2:  61f2190a           ld r2,<<25>>0x000a(r15)
4eee6:  0b020010           cp r2,#0x0010
4eeea:  e103               jr lt,0xeef2
4eeec:  0b020038           cp r2,#0x0038
4eef0:  e204               jr le,0xeefa
4eef2:  bd2d               ldk r2,#13
4eef4:  5f00840033f6       call <<4>>0x33f6
4eefa:  a12d               ld r13,r2
4eefc:  190c001a           mult rr12,#0x001a
4ef00:  61f21918           ld r2,<<25>>0x0018(r15)
4ef04:  0b020001           cp r2,#0x0001
4ef08:  e103               jr lt,0xef10
4ef0a:  0b02001a           cp r2,#0x001a
4ef0e:  e204               jr le,0xef18
4ef10:  bd2d               ldk r2,#13
4ef12:  5f00840033f6       call <<4>>0x33f6
4ef18:  8122               add r2,r2
4ef1a:  760aa10090a4       lda rr10,<<33>>0x90a4
4ef20:  812b               add r11,r2
4ef22:  31a2fffe           ld r2,rr10(#0xfffe)
4ef26:  0102ffe6           add r2,#0xffe6
4ef2a:  0b020001           cp r2,#0x0001
4ef2e:  e103               jr lt,0xef36
4ef30:  0b02001a           cp r2,#0x001a
4ef34:  e204               jr le,0xef3e
4ef36:  bd2d               ldk r2,#13
4ef38:  5f00840033f6       call <<4>>0x33f6
4ef3e:  812d               add r13,r2
4ef40:  6ed9a1007cfb       ldb <<33>>0x7cfb(r13),rl1
4ef46:  69f01918           inc <<25>>0x0018(r15),#1
4ef4a:  4df11918001a       cp <<25>>0x0018(r15),#0x001a
4ef50:  5e02a10026a0       jp le,<<33>>0x26a0
4ef56:  760c84000166       lda rr12,<<4>>0x0166
4ef5c:  0cc10000           cpb @rr12,#0x00
4ef60:  ee18               jr nz,0xef92
4ef62:  61f21908           ld r2,<<25>>0x0008(r15)
4ef66:  61f3190a           ld r3,<<25>>0x000a(r15)
4ef6a:  5f00a1001cde       call <<33>>0x1cde
4ef70:  6eff1906           ldb <<25>>0x0006(r15),rl7
4ef74:  60f91906           ldb rl1,<<25>>0x0006(r15)
4ef78:  b110               extsb r1
4ef7a:  0b010000           cp r1,#0x0000
4ef7e:  e103               jr lt,0xef86
4ef80:  0b010001           cp r1,#0x0001
4ef84:  e204               jr le,0xef8e
4ef86:  bd2e               ldk r2,#14
4ef88:  5f00840033f6       call <<4>>0x33f6
4ef8e:  6ef91914           ldb <<25>>0x0014(r15),rl1
4ef92:  7602840042f0       lda rr2,<<4>>0x42f0
4ef98:  bd40               ldk r4,#0
4ef9a:  bd53               ldk r5,#3
4ef9c:  7606a1009ce2       lda rr6,<<33>>0x9ce2
4efa2:  5f008400285a       call <<4>>0x285a
4efa8:  7602840042f0       lda rr2,<<4>>0x42f0
4efae:  bd40               ldk r4,#0
4efb0:  140600000000       ldl rr6,#0x00000000
4efb6:  5f008400210c       call <<4>>0x210c
4efbc:  7602840042f0       lda rr2,<<4>>0x42f0
4efc2:  2104ffff           ld r4,#0xffff
4efc6:  21050028           ld r5,#0x0028
4efca:  7606a1009cba       lda rr6,<<33>>0x9cba
4efd0:  5f008400285a       call <<4>>0x285a
4efd6:  7602840042f0       lda rr2,<<4>>0x42f0
4efdc:  5f00840011f6       call <<4>>0x11f6
4efe2:  60ff1914           ldb rl7,<<25>>0x0014(r15)
4efe6:  010f001a           add r15,#0x001a
4efea:  9e08               ret 
4efec:  030f001a           sub r15,#0x001a
4eff0:  0de5001e           ld @rr14,#0x001e
4eff4:  5cf90205190a       ldm <<25>>0x000a(r15),r2,#6
4effa:  bd10               ldk r1,#0
4effc:  0b010000           cp r1,#0x0000
4f000:  e103               jr lt,0xf008
4f002:  0b010003           cp r1,#0x0003
4f006:  e204               jr le,0xf010
4f008:  bd2e               ldk r2,#14
4f00a:  5f00840033f6       call <<4>>0x33f6
4f010:  760c84000166       lda rr12,<<4>>0x0166
4f016:  2ec9               ldb @rr12,rl1
4f018:  7602840042f0       lda rr2,<<4>>0x42f0
4f01e:  5f00840011f6       call <<4>>0x11f6
4f024:  7602840042f0       lda rr2,<<4>>0x42f0
4f02a:  bd40               ldk r4,#0
4f02c:  140600000000       ldl rr6,#0x00000000
4f032:  5f008400210c       call <<4>>0x210c
4f038:  7602840042f0       lda rr2,<<4>>0x42f0
4f03e:  2104ffff           ld r4,#0xffff
4f042:  2105001d           ld r5,#0x001d
4f046:  7606a1009d5e       lda rr6,<<33>>0x9d5e
4f04c:  5f008400285a       call <<4>>0x285a
4f052:  7602840042f0       lda rr2,<<4>>0x42f0
4f058:  5f00840011f6       call <<4>>0x11f6
4f05e:  4df1190a0001       cp <<25>>0x000a(r15),#0x0001
4f064:  ee1e               jr nz,0xf0a2
4f066:  7602840042f0       lda rr2,<<4>>0x42f0
4f06c:  bd40               ldk r4,#0
4f06e:  140600000000       ldl rr6,#0x00000000
4f074:  5f008400210c       call <<4>>0x210c
4f07a:  7602840042f0       lda rr2,<<4>>0x42f0
4f080:  2104ffff           ld r4,#0xffff
4f084:  2105001d           ld r5,#0x001d
4f088:  7606a1009d40       lda rr6,<<33>>0x9d40
4f08e:  5f008400285a       call <<4>>0x285a
4f094:  7602840042f0       lda rr2,<<4>>0x42f0
4f09a:  5f00840011f6       call <<4>>0x11f6
4f0a0:  e81d               jr 0xf0dc
4f0a2:  7602840042f0       lda rr2,<<4>>0x42f0
4f0a8:  bd40               ldk r4,#0
4f0aa:  140600000000       ldl rr6,#0x00000000
4f0b0:  5f008400210c       call <<4>>0x210c
4f0b6:  7602840042f0       lda rr2,<<4>>0x42f0
4f0bc:  2104ffff           ld r4,#0xffff
4f0c0:  2105001d           ld r5,#0x001d
4f0c4:  7606a1009d22       lda rr6,<<33>>0x9d22
4f0ca:  5f008400285a       call <<4>>0x285a
4f0d0:  7602840042f0       lda rr2,<<4>>0x42f0
4f0d6:  5f00840011f6       call <<4>>0x11f6
4f0dc:  7602840042f0       lda rr2,<<4>>0x42f0
4f0e2:  bd40               ldk r4,#0
4f0e4:  140600000000       ldl rr6,#0x00000000
4f0ea:  5f008400210c       call <<4>>0x210c
4f0f0:  7602840042f0       lda rr2,<<4>>0x42f0
4f0f6:  2104ffff           ld r4,#0xffff
4f0fa:  2105001d           ld r5,#0x001d
4f0fe:  7606a1009d04       lda rr6,<<33>>0x9d04
4f104:  5f008400285a       call <<4>>0x285a
4f10a:  7602840042f0       lda rr2,<<4>>0x42f0
4f110:  5f00840011f6       call <<4>>0x11f6
4f116:  61f2190a           ld r2,<<25>>0x000a(r15)
4f11a:  5f00a100607a       call <<33>>0x607a
4f120:  4df519160010       ld <<25>>0x0016(r15),#0x0010
4f126:  bd11               ldk r1,#1
4f128:  0b010000           cp r1,#0x0000
4f12c:  e103               jr lt,0xf134
4f12e:  0b010001           cp r1,#0x0001
4f132:  e204               jr le,0xf13c
4f134:  bd2e               ldk r2,#14
4f136:  5f00840033f6       call <<4>>0x33f6
4f13c:  6ef91918           ldb <<25>>0x0018(r15),rl1
4f140:  bd10               ldk r1,#0
4f142:  0b010000           cp r1,#0x0000
4f146:  e103               jr lt,0xf14e
4f148:  0b010001           cp r1,#0x0001
4f14c:  e204               jr le,0xf156
4f14e:  bd2e               ldk r2,#14
4f150:  5f00840033f6       call <<4>>0x33f6
4f156:  6ef91919           ldb <<25>>0x0019(r15),rl1
4f15a:  4cf119180101       cpb <<25>>0x0018(r15),#0x01
4f160:  ee2a               jr nz,0xf1b6
4f162:  61f21916           ld r2,<<25>>0x0016(r15)
4f166:  5f00a10023d8       call <<33>>0x23d8
4f16c:  6eff1906           ldb <<25>>0x0006(r15),rl7
4f170:  60f91906           ldb rl1,<<25>>0x0006(r15)
4f174:  b110               extsb r1
4f176:  0b010000           cp r1,#0x0000
4f17a:  e103               jr lt,0xf182
4f17c:  0b010001           cp r1,#0x0001
4f180:  e204               jr le,0xf18a
4f182:  bd2e               ldk r2,#14
4f184:  5f00840033f6       call <<4>>0x33f6
4f18a:  6ef91918           ldb <<25>>0x0018(r15),rl1
4f18e:  760c84000166       lda rr12,<<4>>0x0166
4f194:  0cc10000           cpb @rr12,#0x00
4f198:  e603               jr z,0xf1a0
4f19a:  5e08a1002cb2       jp <<33>>0x2cb2
4f1a0:  4cf119180101       cpb <<25>>0x0018(r15),#0x01
4f1a6:  ee07               jr nz,0xf1b6
4f1a8:  61f2190a           ld r2,<<25>>0x000a(r15)
4f1ac:  61f31916           ld r3,<<25>>0x0016(r15)
4f1b0:  5f00a1001ac0       call <<33>>0x1ac0
4f1b6:  760c84000166       lda rr12,<<4>>0x0166
4f1bc:  0cc10000           cpb @rr12,#0x00
4f1c0:  e601               jr z,0xf1c4
4f1c2:  e877               jr 0xf2b2
4f1c4:  4cf119180000       cpb <<25>>0x0018(r15),#0x00
4f1ca:  ee5e               jr nz,0xf288
4f1cc:  61f2190a           ld r2,<<25>>0x000a(r15)
4f1d0:  61f31916           ld r3,<<25>>0x0016(r15)
4f1d4:  5f00a10025d2       call <<33>>0x25d2
4f1da:  6eff1906           ldb <<25>>0x0006(r15),rl7
4f1de:  60f91906           ldb rl1,<<25>>0x0006(r15)
4f1e2:  b110               extsb r1
4f1e4:  0b010000           cp r1,#0x0000
4f1e8:  e103               jr lt,0xf1f0
4f1ea:  0b010001           cp r1,#0x0001
4f1ee:  e204               jr le,0xf1f8
4f1f0:  bd2e               ldk r2,#14
4f1f2:  5f00840033f6       call <<4>>0x33f6
4f1f8:  6ef91919           ldb <<25>>0x0019(r15),rl1
4f1fc:  760c84000166       lda rr12,<<4>>0x0166
4f202:  0cc10000           cpb @rr12,#0x00
4f206:  e601               jr z,0xf20a
4f208:  e854               jr 0xf2b2
4f20a:  61f2190a           ld r2,<<25>>0x000a(r15)
4f20e:  61f31916           ld r3,<<25>>0x0016(r15)
4f212:  5f00a1001dda       call <<33>>0x1dda
4f218:  6eff1906           ldb <<25>>0x0006(r15),rl7
4f21c:  4cf119060000       cpb <<25>>0x0006(r15),#0x00
4f222:  ee14               jr nz,0xf24c
4f224:  61f2190a           ld r2,<<25>>0x000a(r15)
4f228:  61f31916           ld r3,<<25>>0x0016(r15)
4f22c:  5f00a1001cde       call <<33>>0x1cde
4f232:  6eff1908           ldb <<25>>0x0008(r15),rl7
4f236:  4cf119080000       cpb <<25>>0x0008(r15),#0x00
4f23c:  ee07               jr nz,0xf24c
4f23e:  61f2190a           ld r2,<<25>>0x000a(r15)
4f242:  61f31916           ld r3,<<25>>0x0016(r15)
4f246:  5f00a1001bb2       call <<33>>0x1bb2
4f24c:  4cf119190101       cpb <<25>>0x0019(r15),#0x01
4f252:  ee1a               jr nz,0xf288
4f254:  bd11               ldk r1,#1
4f256:  0b010000           cp r1,#0x0000
4f25a:  e103               jr lt,0xf262
4f25c:  0b010001           cp r1,#0x0001
4f260:  e204               jr le,0xf26a
4f262:  bd2e               ldk r2,#14
4f264:  5f00840033f6       call <<4>>0x33f6
4f26a:  6ef91918           ldb <<25>>0x0018(r15),rl1
4f26e:  bd10               ldk r1,#0
4f270:  0b010000           cp r1,#0x0000
4f274:  e103               jr lt,0xf27c
4f276:  0b010001           cp r1,#0x0001
4f27a:  e204               jr le,0xf284
4f27c:  bd2e               ldk r2,#14
4f27e:  5f00840033f6       call <<4>>0x33f6
4f284:  6ef91919           ldb <<25>>0x0019(r15),rl1
4f288:  760c84000166       lda rr12,<<4>>0x0166
4f28e:  0cc10000           cpb @rr12,#0x00
4f292:  e601               jr z,0xf296
4f294:  e80e               jr 0xf2b2
4f296:  69f01916           inc <<25>>0x0016(r15),#1
4f29a:  4df119160039       cp <<25>>0x0016(r15),#0x0039
4f2a0:  e608               jr z,0xf2b2
4f2a2:  760c84000166       lda rr12,<<4>>0x0166
4f2a8:  0cc10000           cpb @rr12,#0x00
4f2ac:  5e06a1002b5a       jp z,<<33>>0x2b5a
4f2b2:  010f001a           add r15,#0x001a
4f2b6:  9e08               ret 
4f2b8:  030f0026           sub r15,#0x0026
4f2bc:  0de5002a           ld @rr14,#0x002a
4f2c0:  5cf902051916       ldm <<25>>0x0016(r15),r2,#6
4f2c6:  4d05a100879e0010   ld <<33>>0x879e,#0x0010
4f2ce:  4d08a100879c       clr <<33>>0x879c
4f2d4:  4df519240001       ld <<25>>0x0024(r15),#0x0001
4f2da:  e84f               jr 0xf37a
4f2dc:  4df119160001       cp <<25>>0x0016(r15),#0x0001
4f2e2:  ee25               jr nz,0xf32e
4f2e4:  6101a100879e       ld r1,<<33>>0x879e
4f2ea:  0b010010           cp r1,#0x0010
4f2ee:  e103               jr lt,0xf2f6
4f2f0:  0b010038           cp r1,#0x0038
4f2f4:  e204               jr le,0xf2fe
4f2f6:  bd2d               ldk r2,#13
4f2f8:  5f00840033f6       call <<4>>0x33f6
4f2fe:  1900001a           mult rr0,#0x001a
4f302:  61f21924           ld r2,<<25>>0x0024(r15)
4f306:  0b020001           cp r2,#0x0001
4f30a:  e103               jr lt,0xf312
4f30c:  0b02001a           cp r2,#0x001a
4f310:  e204               jr le,0xf31a
4f312:  bd2d               ldk r2,#13
4f314:  5f00840033f6       call <<4>>0x33f6
4f31a:  8121               add r1,r2
4f31c:  4c11a10078d15858   cpb <<33>>0x78d1(r1),#0x58
4f324:  ee03               jr nz,0xf32c
4f326:  6900a100879c       inc <<33>>0x879c,#1
4f32c:  e824               jr 0xf376
4f32e:  6101a100879e       ld r1,<<33>>0x879e
4f334:  0b010010           cp r1,#0x0010
4f338:  e103               jr lt,0xf340
4f33a:  0b010038           cp r1,#0x0038
4f33e:  e204               jr le,0xf348
4f340:  bd2d               ldk r2,#13
4f342:  5f00840033f6       call <<4>>0x33f6
4f348:  1900001a           mult rr0,#0x001a
4f34c:  61f21924           ld r2,<<25>>0x0024(r15)
4f350:  0b020001           cp r2,#0x0001
4f354:  e103               jr lt,0xf35c
4f356:  0b02001a           cp r2,#0x001a
4f35a:  e204               jr le,0xf364
4f35c:  bd2d               ldk r2,#13
4f35e:  5f00840033f6       call <<4>>0x33f6
4f364:  8121               add r1,r2
4f366:  4c11a1007cfb5858   cpb <<33>>0x7cfb(r1),#0x58
4f36e:  ee03               jr nz,0xf376
4f370:  6900a100879c       inc <<33>>0x879c,#1
4f376:  69f01924           inc <<25>>0x0024(r15),#1
4f37a:  4df11924001a       cp <<25>>0x0024(r15),#0x001a
4f380:  e2ad               jr le,0xf2dc
4f382:  4d04a100879c       test <<33>>0x879c
4f388:  ee06               jr nz,0xf396
4f38a:  6101a100879e       ld r1,<<33>>0x879e
4f390:  6f01a1008794       ld <<33>>0x8794,r1
4f396:  4d01a100879c001a   cp <<33>>0x879c,#0x001a
4f39e:  ee06               jr nz,0xf3ac
4f3a0:  6101a100879e       ld r1,<<33>>0x879e
4f3a6:  6f01a1008798       ld <<33>>0x8798,r1
4f3ac:  6101a100879e       ld r1,<<33>>0x879e
4f3b2:  0b010010           cp r1,#0x0010
4f3b6:  e103               jr lt,0xf3be
4f3b8:  0b010038           cp r1,#0x0038
4f3bc:  e204               jr le,0xf3c6
4f3be:  bd2d               ldk r2,#13
4f3c0:  5f00840033f6       call <<4>>0x33f6
4f3c6:  8111               add r1,r1
4f3c8:  6102a100879c       ld r2,<<33>>0x879c
4f3ce:  6f12a10082a6       ld <<33>>0x82a6(r1),r2
4f3d4:  6900a100879e       inc <<33>>0x879e,#1
4f3da:  4d01a100879e0039   cp <<33>>0x879e,#0x0039
4f3e2:  ee04               jr nz,0xf3ec
4f3e4:  4d05a10087980038   ld <<33>>0x8798,#0x0038
4f3ec:  4d01a100879c001a   cp <<33>>0x879c,#0x001a
4f3f4:  e607               jr z,0xf404
4f3f6:  4d01a100879e0039   cp <<33>>0x879e,#0x0039
4f3fe:  5e0ea1002cce       jp nz,<<33>>0x2cce
4f404:  4d01a10087980038   cp <<33>>0x8798,#0x0038
4f40c:  ee54               jr nz,0xf4b6
4f40e:  5f00840044de       call <<4>>0x44de
4f414:  7602840042f0       lda rr2,<<4>>0x42f0
4f41a:  bd40               ldk r4,#0
4f41c:  bd53               ldk r5,#3
4f41e:  7606a1009e1e       lda rr6,<<33>>0x9e1e
4f424:  5f008400285a       call <<4>>0x285a
4f42a:  7602840042f0       lda rr2,<<4>>0x42f0
4f430:  2104ffff           ld r4,#0xffff
4f434:  21050022           ld r5,#0x0022
4f438:  7606a1009dfc       lda rr6,<<33>>0x9dfc
4f43e:  5f008400285a       call <<4>>0x285a
4f444:  7602840042f0       lda rr2,<<4>>0x42f0
4f44a:  5f00840011f6       call <<4>>0x11f6
4f450:  760c84000175       lda rr12,<<4>>0x0175
4f456:  20c9               ldb rl1,@rr12
4f458:  8c18               clrb rh1
4f45a:  0b010000           cp r1,#0x0000
4f45e:  e103               jr lt,0xf466
4f460:  0b0100ff           cp r1,#0x00ff
4f464:  e205               jr le,0xf470
4f466:  21020010           ld r2,#0x0010
4f46a:  5f00840033f6       call <<4>>0x33f6
4f470:  a112               ld r2,r1
4f472:  760ca0000114       lda rr12,<<32>>0x0114
4f478:  21c3               ld r3,@rr12
4f47a:  760ca0000114       lda rr12,<<32>>0x0114
4f480:  31c40002           ld r4,rr12(#0x0002)
4f484:  210500e1           ld r5,#0x00e1
4f488:  210600ff           ld r6,#0x00ff
4f48c:  5f00840044f2       call <<4>>0x44f2
4f492:  bd13               ldk r1,#3
4f494:  0b010000           cp r1,#0x0000
4f498:  e103               jr lt,0xf4a0
4f49a:  0b010003           cp r1,#0x0003
4f49e:  e204               jr le,0xf4a8
4f4a0:  bd2e               ldk r2,#14
4f4a2:  5f00840033f6       call <<4>>0x33f6
4f4a8:  760c84000166       lda rr12,<<4>>0x0166
4f4ae:  2ec9               ldb @rr12,rl1
4f4b0:  5e08a1003308       jp <<33>>0x3308
4f4b6:  4d05a100879e0038   ld <<33>>0x879e,#0x0038
4f4be:  4d08a100879c       clr <<33>>0x879c
4f4c4:  4df519240001       ld <<25>>0x0024(r15),#0x0001
4f4ca:  e84f               jr 0xf56a
4f4cc:  4df119160001       cp <<25>>0x0016(r15),#0x0001
4f4d2:  ee25               jr nz,0xf51e
4f4d4:  6101a100879e       ld r1,<<33>>0x879e
4f4da:  0b010010           cp r1,#0x0010
4f4de:  e103               jr lt,0xf4e6
4f4e0:  0b010038           cp r1,#0x0038
4f4e4:  e204               jr le,0xf4ee
4f4e6:  bd2d               ldk r2,#13
4f4e8:  5f00840033f6       call <<4>>0x33f6
4f4ee:  1900001a           mult rr0,#0x001a
4f4f2:  61f21924           ld r2,<<25>>0x0024(r15)
4f4f6:  0b020001           cp r2,#0x0001
4f4fa:  e103               jr lt,0xf502
4f4fc:  0b02001a           cp r2,#0x001a
4f500:  e204               jr le,0xf50a
4f502:  bd2d               ldk r2,#13
4f504:  5f00840033f6       call <<4>>0x33f6
4f50a:  8121               add r1,r2
4f50c:  4c11a10078d15858   cpb <<33>>0x78d1(r1),#0x58
4f514:  ee03               jr nz,0xf51c
4f516:  6900a100879c       inc <<33>>0x879c,#1
4f51c:  e824               jr 0xf566
4f51e:  6101a100879e       ld r1,<<33>>0x879e
4f524:  0b010010           cp r1,#0x0010
4f528:  e103               jr lt,0xf530
4f52a:  0b010038           cp r1,#0x0038
4f52e:  e204               jr le,0xf538
4f530:  bd2d               ldk r2,#13
4f532:  5f00840033f6       call <<4>>0x33f6
4f538:  1900001a           mult rr0,#0x001a
4f53c:  61f21924           ld r2,<<25>>0x0024(r15)
4f540:  0b020001           cp r2,#0x0001
4f544:  e103               jr lt,0xf54c
4f546:  0b02001a           cp r2,#0x001a
4f54a:  e204               jr le,0xf554
4f54c:  bd2d               ldk r2,#13
4f54e:  5f00840033f6       call <<4>>0x33f6
4f554:  8121               add r1,r2
4f556:  4c11a1007cfb5858   cpb <<33>>0x7cfb(r1),#0x58
4f55e:  ee03               jr nz,0xf566
4f560:  6900a100879c       inc <<33>>0x879c,#1
4f566:  69f01924           inc <<25>>0x0024(r15),#1
4f56a:  4df11924001a       cp <<25>>0x0024(r15),#0x001a
4f570:  e2ad               jr le,0xf4cc
4f572:  4d04a100879c       test <<33>>0x879c
4f578:  ee06               jr nz,0xf586
4f57a:  6101a100879e       ld r1,<<33>>0x879e
4f580:  6f01a1008796       ld <<33>>0x8796,r1
4f586:  4d01a100879c001a   cp <<33>>0x879c,#0x001a
4f58e:  ee06               jr nz,0xf59c
4f590:  6101a100879e       ld r1,<<33>>0x879e
4f596:  6f01a100879a       ld <<33>>0x879a,r1
4f59c:  6101a100879e       ld r1,<<33>>0x879e
4f5a2:  0b010010           cp r1,#0x0010
4f5a6:  e103               jr lt,0xf5ae
4f5a8:  0b010038           cp r1,#0x0038
4f5ac:  e204               jr le,0xf5b6
4f5ae:  bd2d               ldk r2,#13
4f5b0:  5f00840033f6       call <<4>>0x33f6
4f5b6:  8111               add r1,r1
4f5b8:  6102a100879c       ld r2,<<33>>0x879c
4f5be:  6f12a10082a6       ld <<33>>0x82a6(r1),r2
4f5c4:  6b00a100879e       dec <<33>>0x879e,#1
4f5ca:  4d01a100879e000f   cp <<33>>0x879e,#0x000f
4f5d2:  ee04               jr nz,0xf5dc
4f5d4:  4d05a100879a0010   ld <<33>>0x879a,#0x0010
4f5dc:  4d01a100879c001a   cp <<33>>0x879c,#0x001a
4f5e4:  e607               jr z,0xf5f4
4f5e6:  4d01a100879e000f   cp <<33>>0x879e,#0x000f
4f5ee:  5e0ea1002ebe       jp nz,<<33>>0x2ebe
4f5f4:  6101a100879a       ld r1,<<33>>0x879a
4f5fa:  4301a1008798       sub r1,<<33>>0x8798
4f600:  a910               inc r1,#1
4f602:  6f01a10087a8       ld <<33>>0x87a8,r1
4f608:  4d01a10087a8000e   cp <<33>>0x87a8,#0x000e
4f610:  5e09a1003138       jp ge,<<33>>0x3138
4f616:  5f00840044de       call <<4>>0x44de
4f61c:  4df119160001       cp <<25>>0x0016(r15),#0x0001
4f622:  ee35               jr nz,0xf68e
4f624:  7602840042f0       lda rr2,<<4>>0x42f0
4f62a:  bd40               ldk r4,#0
4f62c:  bd53               ldk r5,#3
4f62e:  7606a1009df8       lda rr6,<<33>>0x9df8
4f634:  5f008400285a       call <<4>>0x285a
4f63a:  7602840042f0       lda rr2,<<4>>0x42f0
4f640:  2104ffff           ld r4,#0xffff
4f644:  bd5e               ldk r5,#14
4f646:  7606a1009dea       lda rr6,<<33>>0x9dea
4f64c:  5f008400285a       call <<4>>0x285a
4f652:  7602840042f0       lda rr2,<<4>>0x42f0
4f658:  bd41               ldk r4,#1
4f65a:  6105a10087a8       ld r5,<<33>>0x87a8
4f660:  5f0084002814       call <<4>>0x2814
4f666:  7602840042f0       lda rr2,<<4>>0x42f0
4f66c:  2104ffff           ld r4,#0xffff
4f670:  21050015           ld r5,#0x0015
4f674:  7606a1009dd4       lda rr6,<<33>>0x9dd4
4f67a:  5f008400285a       call <<4>>0x285a
4f680:  7602840042f0       lda rr2,<<4>>0x42f0
4f686:  5f00840011f6       call <<4>>0x11f6
4f68c:  e834               jr 0xf6f6
4f68e:  7602840042f0       lda rr2,<<4>>0x42f0
4f694:  bd40               ldk r4,#0
4f696:  bd53               ldk r5,#3
4f698:  7606a1009dd0       lda rr6,<<33>>0x9dd0
4f69e:  5f008400285a       call <<4>>0x285a
4f6a4:  7602840042f0       lda rr2,<<4>>0x42f0
4f6aa:  2104ffff           ld r4,#0xffff
4f6ae:  bd5e               ldk r5,#14
4f6b0:  7606a1009dc2       lda rr6,<<33>>0x9dc2
4f6b6:  5f008400285a       call <<4>>0x285a
4f6bc:  7602840042f0       lda rr2,<<4>>0x42f0
4f6c2:  bd41               ldk r4,#1
4f6c4:  6105a10087a8       ld r5,<<33>>0x87a8
4f6ca:  5f0084002814       call <<4>>0x2814
4f6d0:  7602840042f0       lda rr2,<<4>>0x42f0
4f6d6:  2104ffff           ld r4,#0xffff
4f6da:  21050015           ld r5,#0x0015
4f6de:  7606a1009dac       lda rr6,<<33>>0x9dac
4f6e4:  5f008400285a       call <<4>>0x285a
4f6ea:  7602840042f0       lda rr2,<<4>>0x42f0
4f6f0:  5f00840011f6       call <<4>>0x11f6
4f6f6:  760c84000175       lda rr12,<<4>>0x0175
4f6fc:  20c9               ldb rl1,@rr12
4f6fe:  8c18               clrb rh1
4f700:  0b010000           cp r1,#0x0000
4f704:  e103               jr lt,0xf70c
4f706:  0b0100ff           cp r1,#0x00ff
4f70a:  e205               jr le,0xf716
4f70c:  21020010           ld r2,#0x0010
4f710:  5f00840033f6       call <<4>>0x33f6
4f716:  a112               ld r2,r1
4f718:  760ca0000114       lda rr12,<<32>>0x0114
4f71e:  21c3               ld r3,@rr12
4f720:  760ca0000114       lda rr12,<<32>>0x0114
4f726:  31c40002           ld r4,rr12(#0x0002)
4f72a:  210500e1           ld r5,#0x00e1
4f72e:  210600ff           ld r6,#0x00ff
4f732:  5f00840044f2       call <<4>>0x44f2
4f738:  4df119160001       cp <<25>>0x0016(r15),#0x0001
4f73e:  ee0f               jr nz,0xf75e
4f740:  6101a100879a       ld r1,<<33>>0x879a
4f746:  0101ffdc           add r1,#0xffdc
4f74a:  21020024           ld r2,#0x0024
4f74e:  4302a1008798       sub r2,<<33>>0x8798
4f754:  8321               sub r1,r2
4f756:  6f01a10087a6       ld <<33>>0x87a6,r1
4f75c:  e80e               jr 0xf77a
4f75e:  6101a100879a       ld r1,<<33>>0x879a
4f764:  0101ffdc           add r1,#0xffdc
4f768:  21020024           ld r2,#0x0024
4f76c:  4302a1008798       sub r2,<<33>>0x8798
4f772:  8321               sub r1,r2
4f774:  6f01a10087a4       ld <<33>>0x87a4,r1
4f77a:  4df119160001       cp <<25>>0x0016(r15),#0x0001
4f780:  ee1b               jr nz,0xf7b8
4f782:  6102a10087a6       ld r2,<<33>>0x87a6
4f788:  94e4               ldl rr4,rr14
4f78a:  a955               inc r5,#6
4f78c:  5f008400377c       call <<4>>0x377c
4f792:  94e2               ldl rr2,rr14
4f794:  a935               inc r3,#6
4f796:  7604a1009da4       lda rr4,<<33>>0x9da4
4f79c:  94e6               ldl rr6,rr14
4f79e:  a97d               inc r7,#14
4f7a0:  5f00840036c0       call <<4>>0x36c0
4f7a6:  94ec               ldl rr12,rr14
4f7a8:  a9dd               inc r13,#14
4f7aa:  760aa10087b2       lda rr10,<<33>>0x87b2
4f7b0:  bd14               ldk r1,#4
4f7b2:  bbc101a0           ldir @rr10,@rr12,r1
4f7b6:  e81a               jr 0xf7ec
4f7b8:  6102a10087a4       ld r2,<<33>>0x87a4
4f7be:  94e4               ldl rr4,rr14
4f7c0:  a955               inc r5,#6
4f7c2:  5f008400377c       call <<4>>0x377c
4f7c8:  94e2               ldl rr2,rr14
4f7ca:  a935               inc r3,#6
4f7cc:  7604a1009d9c       lda rr4,<<33>>0x9d9c
4f7d2:  94e6               ldl rr6,rr14
4f7d4:  a97d               inc r7,#14
4f7d6:  5f00840036c0       call <<4>>0x36c0
4f7dc:  94ec               ldl rr12,rr14
4f7de:  a9dd               inc r13,#14
4f7e0:  760aa10087c2       lda rr10,<<33>>0x87c2
4f7e6:  bd14               ldk r1,#4
4f7e8:  bbc101a0           ldir @rr10,@rr12,r1
4f7ec:  6101a1008798       ld r1,<<33>>0x8798
4f7f2:  4301a1008794       sub r1,<<33>>0x8794
4f7f8:  ab10               dec r1,#1
4f7fa:  6f01a10087a2       ld <<33>>0x87a2,r1
4f800:  6101a1008796       ld r1,<<33>>0x8796
4f806:  4301a100879a       sub r1,<<33>>0x879a
4f80c:  ab10               dec r1,#1
4f80e:  6f01a10087a0       ld <<33>>0x87a0,r1
4f814:  6101a10087a2       ld r1,<<33>>0x87a2
4f81a:  4b01a10087a0       cp r1,<<33>>0x87a0
4f820:  e23a               jr le,0xf896
4f822:  4df119160001       cp <<25>>0x0016(r15),#0x0001
4f828:  ee1b               jr nz,0xf860
4f82a:  6102a10087a2       ld r2,<<33>>0x87a2
4f830:  94e4               ldl rr4,rr14
4f832:  a955               inc r5,#6
4f834:  5f008400377c       call <<4>>0x377c
4f83a:  94e2               ldl rr2,rr14
4f83c:  a935               inc r3,#6
4f83e:  7604a1009d94       lda rr4,<<33>>0x9d94
4f844:  94e6               ldl rr6,rr14
4f846:  a97d               inc r7,#14
4f848:  5f00840036c0       call <<4>>0x36c0
4f84e:  94ec               ldl rr12,rr14
4f850:  a9dd               inc r13,#14
4f852:  760aa10087aa       lda rr10,<<33>>0x87aa
4f858:  bd14               ldk r1,#4
4f85a:  bbc101a0           ldir @rr10,@rr12,r1
4f85e:  e81a               jr 0xf894
4f860:  6102a10087a2       ld r2,<<33>>0x87a2
4f866:  94e4               ldl rr4,rr14
4f868:  a955               inc r5,#6
4f86a:  5f008400377c       call <<4>>0x377c
4f870:  94e2               ldl rr2,rr14
4f872:  a935               inc r3,#6
4f874:  7604a1009d8c       lda rr4,<<33>>0x9d8c
4f87a:  94e6               ldl rr6,rr14
4f87c:  a97d               inc r7,#14
4f87e:  5f00840036c0       call <<4>>0x36c0
4f884:  94ec               ldl rr12,rr14
4f886:  a9dd               inc r13,#14
4f888:  760aa10087ba       lda rr10,<<33>>0x87ba
4f88e:  bd14               ldk r1,#4
4f890:  bbc101a0           ldir @rr10,@rr12,r1
4f894:  e839               jr 0xf908
4f896:  4df119160001       cp <<25>>0x0016(r15),#0x0001
4f89c:  ee1b               jr nz,0xf8d4
4f89e:  6102a10087a0       ld r2,<<33>>0x87a0
4f8a4:  94e4               ldl rr4,rr14
4f8a6:  a955               inc r5,#6
4f8a8:  5f008400377c       call <<4>>0x377c
4f8ae:  94e2               ldl rr2,rr14
4f8b0:  a935               inc r3,#6
4f8b2:  7604a1009d84       lda rr4,<<33>>0x9d84
4f8b8:  94e6               ldl rr6,rr14
4f8ba:  a97d               inc r7,#14
4f8bc:  5f00840036c0       call <<4>>0x36c0
4f8c2:  94ec               ldl rr12,rr14
4f8c4:  a9dd               inc r13,#14
4f8c6:  760aa10087aa       lda rr10,<<33>>0x87aa
4f8cc:  bd14               ldk r1,#4
4f8ce:  bbc101a0           ldir @rr10,@rr12,r1
4f8d2:  e81a               jr 0xf908
4f8d4:  6102a10087a0       ld r2,<<33>>0x87a0
4f8da:  94e4               ldl rr4,rr14
4f8dc:  a955               inc r5,#6
4f8de:  5f008400377c       call <<4>>0x377c
4f8e4:  94e2               ldl rr2,rr14
4f8e6:  a935               inc r3,#6
4f8e8:  7604a1009d7c       lda rr4,<<33>>0x9d7c
4f8ee:  94e6               ldl rr6,rr14
4f8f0:  a97d               inc r7,#14
4f8f2:  5f00840036c0       call <<4>>0x36c0
4f8f8:  94ec               ldl rr12,rr14
4f8fa:  a9dd               inc r13,#14
4f8fc:  760aa10087ba       lda rr10,<<33>>0x87ba
4f902:  bd14               ldk r1,#4
4f904:  bbc101a0           ldir @rr10,@rr12,r1
4f908:  010f0026           add r15,#0x0026
4f90c:  9e08               ret 
4f90e:  030f0046           sub r15,#0x0046
4f912:  0de50046           ld @rr14,#0x0046
4f916:  5c090203a1007a6a   ldm <<33>>0x7a6a,r2,#4
4f91e:  5f00a0000314       call <<32>>0x0314
4f924:  5f00840043c6       call <<4>>0x43c6
4f92a:  7602a10087dc       lda rr2,<<33>>0x87dc
4f930:  21040800           ld r4,#0x0800
4f934:  5f00840045e2       call <<4>>0x45e2
4f93a:  140200000000       ldl rr2,#0x00000000
4f940:  7604a100a342       lda rr4,<<33>>0xa342
4f946:  7606a100a33c       lda rr6,<<33>>0xa33c
4f94c:  5f008400448e       call <<4>>0x448e
4f952:  bd11               ldk r1,#1
4f954:  0b010001           cp r1,#0x0001
4f958:  e103               jr lt,0xf960
4f95a:  0b010028           cp r1,#0x0028
4f95e:  e204               jr le,0xf968
4f960:  bd2d               ldk r2,#13
4f962:  5f00840033f6       call <<4>>0x33f6
4f968:  b3190002           sla r1,#2
4f96c:  760ca0000074       lda rr12,<<32>>0x0074
4f972:  811d               add r13,r1
4f974:  abd3               dec r13,#4
4f976:  0cc10000           cpb @rr12,#0x00
4f97a:  ee6f               jr nz,0xfa5a
4f97c:  4d05a100902e0004   ld <<33>>0x902e,#0x0004
4f984:  4d05a10090300001   ld <<33>>0x9030,#0x0001
4f98c:  4d08a1009032       clr <<33>>0x9032
4f992:  760ca100902e       lda rr12,<<33>>0x902e
4f998:  760aa0000114       lda rr10,<<32>>0x0114
4f99e:  bd13               ldk r1,#3
4f9a0:  bbc101a0           ldir @rr10,@rr12,r1
4f9a4:  bd11               ldk r1,#1
4f9a6:  0b01ffff           cp r1,#0xffff
4f9aa:  e103               jr lt,0xf9b2
4f9ac:  0b010028           cp r1,#0x0028
4f9b0:  e204               jr le,0xf9ba
4f9b2:  bd2e               ldk r2,#14
4f9b4:  5f00840033f6       call <<4>>0x33f6
4f9ba:  bd21               ldk r2,#1
4f9bc:  0b020001           cp r2,#0x0001
4f9c0:  e103               jr lt,0xf9c8
4f9c2:  0b020028           cp r2,#0x0028
4f9c6:  e204               jr le,0xf9d0
4f9c8:  bd2d               ldk r2,#13
4f9ca:  5f00840033f6       call <<4>>0x33f6
4f9d0:  b3290002           sla r2,#2
4f9d4:  760ca0000074       lda rr12,<<32>>0x0074
4f9da:  812d               add r13,r2
4f9dc:  32c9fffc           ldb rr12(#0xfffc),rl1
4f9e0:  bd11               ldk r1,#1
4f9e2:  0b010000           cp r1,#0x0000
4f9e6:  e103               jr lt,0xf9ee
4f9e8:  0b017d00           cp r1,#0x7d00
4f9ec:  e204               jr le,0xf9f6
4f9ee:  bd2e               ldk r2,#14
4f9f0:  5f00840033f6       call <<4>>0x33f6
4f9f6:  bd21               ldk r2,#1
4f9f8:  0b020001           cp r2,#0x0001
4f9fc:  e103               jr lt,0xfa04
4f9fe:  0b020028           cp r2,#0x0028
4fa02:  e204               jr le,0xfa0c
4fa04:  bd2d               ldk r2,#13
4fa06:  5f00840033f6       call <<4>>0x33f6
4fa0c:  b3290002           sla r2,#2
4fa10:  760ca0000074       lda rr12,<<32>>0x0074
4fa16:  812d               add r13,r2
4fa18:  33c1fffe           ld rr12(#0xfffe),r1
4fa1c:  2101ffff           ld r1,#0xffff
4fa20:  0b01ffff           cp r1,#0xffff
4fa24:  e103               jr lt,0xfa2c
4fa26:  0b010028           cp r1,#0x0028
4fa2a:  e204               jr le,0xfa34
4fa2c:  bd2e               ldk r2,#14
4fa2e:  5f00840033f6       call <<4>>0x33f6
4fa34:  bd22               ldk r2,#2
4fa36:  0b020001           cp r2,#0x0001
4fa3a:  e103               jr lt,0xfa42
4fa3c:  0b020028           cp r2,#0x0028
4fa40:  e204               jr le,0xfa4a
4fa42:  bd2d               ldk r2,#13
4fa44:  5f00840033f6       call <<4>>0x33f6
4fa4a:  b3290002           sla r2,#2
4fa4e:  760ca0000074       lda rr12,<<32>>0x0074
4fa54:  812d               add r13,r2
4fa56:  32c9fffc           ldb rr12(#0xfffc),rl1
4fa5a:  760c84000187       lda rr12,<<4>>0x0187
4fa60:  0cc4               testb @rr12
4fa62:  5e0ea100360c       jp nz,<<33>>0x360c
4fa68:  760c84000188       lda rr12,<<4>>0x0188
4fa6e:  0cc4               testb @rr12
4fa70:  5e06a100360c       jp z,<<33>>0x360c
4fa76:  760ca0000114       lda rr12,<<32>>0x0114
4fa7c:  760aa100902e       lda rr10,<<33>>0x902e
4fa82:  bd13               ldk r1,#3
4fa84:  bbc101a0           ldir @rr10,@rr12,r1
4fa88:  5f00a100180c       call <<33>>0x180c
4fa8e:  760c84000174       lda rr12,<<4>>0x0174
4fa94:  0cc4               testb @rr12
4fa96:  e65a               jr z,0xfb4c
4fa98:  760ca100902e       lda rr12,<<33>>0x902e
4fa9e:  760aa0000114       lda rr10,<<32>>0x0114
4faa4:  bd13               ldk r1,#3
4faa6:  bbc101a0           ldir @rr10,@rr12,r1
4faaa:  21020642           ld r2,#0x0642
4faae:  7604a1009034       lda rr4,<<33>>0x9034
4fab4:  7606a2007ffe       lda rr6,<<34>>0x7ffe
4faba:  5f00840041e4       call <<4>>0x41e4
4fac0:  bd11               ldk r1,#1
4fac2:  0b010001           cp r1,#0x0001
4fac6:  e103               jr lt,0xface
4fac8:  0b010028           cp r1,#0x0028
4facc:  e204               jr le,0xfad6
4face:  bd2d               ldk r2,#13
4fad0:  5f00840033f6       call <<4>>0x33f6
4fad6:  19000028           mult rr0,#0x0028
4fada:  540ca1009034       ldl rr12,<<33>>0x9034
4fae0:  811d               add r13,r1
4fae2:  760aa100a314       lda rr10,<<33>>0xa314
4fae8:  010dffd8           add r13,#0xffd8
4faec:  21010014           ld r1,#0x0014
4faf0:  bba101c0           ldir @rr12,@rr10,r1
4faf4:  bd12               ldk r1,#2
4faf6:  0b010001           cp r1,#0x0001
4fafa:  e103               jr lt,0xfb02
4fafc:  0b010028           cp r1,#0x0028
4fb00:  e204               jr le,0xfb0a
4fb02:  bd2d               ldk r2,#13
4fb04:  5f00840033f6       call <<4>>0x33f6
4fb0a:  19000028           mult rr0,#0x0028
4fb0e:  540ca1009034       ldl rr12,<<33>>0x9034
4fb14:  811d               add r13,r1
4fb16:  760aa100a2ec       lda rr10,<<33>>0xa2ec
4fb1c:  010dffd8           add r13,#0xffd8
4fb20:  21010014           ld r1,#0x0014
4fb24:  bba101c0           ldir @rr12,@rr10,r1
4fb28:  5402a1009034       ldl rr2,<<33>>0x9034
4fb2e:  7604a0000074       lda rr4,<<32>>0x0074
4fb34:  bd62               ldk r6,#2
4fb36:  5f00840043da       call <<4>>0x43da
4fb3c:  21020642           ld r2,#0x0642
4fb40:  5404a1009034       ldl rr4,<<33>>0x9034
4fb46:  5f008400425c       call <<4>>0x425c
4fb4c:  7602840042f0       lda rr2,<<4>>0x42f0
4fb52:  bd40               ldk r4,#0
4fb54:  bd53               ldk r5,#3
4fb56:  7606a100a2e8       lda rr6,<<33>>0xa2e8
4fb5c:  5f008400285a       call <<4>>0x285a
4fb62:  7602840042f0       lda rr2,<<4>>0x42f0
4fb68:  bd40               ldk r4,#0
4fb6a:  140600000000       ldl rr6,#0x00000000
4fb70:  5f008400210c       call <<4>>0x210c
4fb76:  7602840042f0       lda rr2,<<4>>0x42f0
4fb7c:  2104ffff           ld r4,#0xffff
4fb80:  2105001b           ld r5,#0x001b
4fb84:  7606a100a2cc       lda rr6,<<33>>0xa2cc
4fb8a:  5f008400285a       call <<4>>0x285a
4fb90:  7602840042f0       lda rr2,<<4>>0x42f0
4fb96:  5f00840011f6       call <<4>>0x11f6
4fb9c:  7602840042f0       lda rr2,<<4>>0x42f0
4fba2:  bd40               ldk r4,#0
4fba4:  bd53               ldk r5,#3
4fba6:  7606a100a2c8       lda rr6,<<33>>0xa2c8
4fbac:  5f008400285a       call <<4>>0x285a
4fbb2:  7602840042f0       lda rr2,<<4>>0x42f0
4fbb8:  bd40               ldk r4,#0
4fbba:  140600000000       ldl rr6,#0x00000000
4fbc0:  5f008400210c       call <<4>>0x210c
4fbc6:  7602840042f0       lda rr2,<<4>>0x42f0
4fbcc:  2104ffff           ld r4,#0xffff
4fbd0:  21050019           ld r5,#0x0019
4fbd4:  7606a100a2ae       lda rr6,<<33>>0xa2ae
4fbda:  5f008400285a       call <<4>>0x285a
4fbe0:  7602840042f0       lda rr2,<<4>>0x42f0
4fbe6:  5f00840011f6       call <<4>>0x11f6
4fbec:  5f0084004542       call <<4>>0x4542
4fbf2:  8cf4               testb rl7
4fbf4:  5e06a1003488       jp z,<<33>>0x3488
4fbfa:  760ca100902e       lda rr12,<<33>>0x902e
4fc00:  760aa0000114       lda rr10,<<32>>0x0114
4fc06:  bd13               ldk r1,#3
4fc08:  bbc101a0           ldir @rr10,@rr12,r1
4fc0c:  21023402           ld r2,#0x3402
4fc10:  7604a1009058       lda rr4,<<33>>0x9058
4fc16:  7606a2007ffe       lda rr6,<<34>>0x7ffe
4fc1c:  5f00840041e4       call <<4>>0x41e4
4fc22:  21020180           ld r2,#0x0180
4fc26:  7604a1008fdc       lda rr4,<<33>>0x8fdc
4fc2c:  7606a2007ffe       lda rr6,<<34>>0x7ffe
4fc32:  5f00840041e4       call <<4>>0x41e4
4fc38:  21023402           ld r2,#0x3402
4fc3c:  7604a10087d2       lda rr4,<<33>>0x87d2
4fc42:  7606a2007ffe       lda rr6,<<34>>0x7ffe
4fc48:  5f00840041e4       call <<4>>0x41e4
4fc4e:  7602a100a286       lda rr2,<<33>>0xa286
4fc54:  5f0084004466       call <<4>>0x4466
4fc5a:  760ca0000114       lda rr12,<<32>>0x0114
4fc60:  21c2               ld r2,@rr12
4fc62:  bd30               ldk r3,#0
4fc64:  7604a1008ff6       lda rr4,<<33>>0x8ff6
4fc6a:  5f00840044a2       call <<4>>0x44a2
4fc70:  6e0fa1009046       ldb <<33>>0x9046,rl7
4fc76:  6009a1009046       ldb rl1,<<33>>0x9046
4fc7c:  b110               extsb r1
4fc7e:  0b010000           cp r1,#0x0000
4fc82:  e103               jr lt,0xfc8a
4fc84:  0b010001           cp r1,#0x0001
4fc88:  e204               jr le,0xfc92
4fc8a:  bd2e               ldk r2,#14
4fc8c:  5f00840033f6       call <<4>>0x33f6
4fc92:  6e09a1008ff1       ldb <<33>>0x8ff1,rl1
4fc98:  6102a1008ff6       ld r2,<<33>>0x8ff6
4fc9e:  210300e1           ld r3,#0x00e1
4fca2:  5f00840045a6       call <<4>>0x45a6
4fca8:  6f07a10087d6       ld <<33>>0x87d6,r7
4fcae:  4d04a10087d6       test <<33>>0x87d6
4fcb4:  e610               jr z,0xfcd6
4fcb6:  bd13               ldk r1,#3
4fcb8:  0b010000           cp r1,#0x0000
4fcbc:  e103               jr lt,0xfcc4
4fcbe:  0b010003           cp r1,#0x0003
4fcc2:  e204               jr le,0xfccc
4fcc4:  bd2e               ldk r2,#14
4fcc6:  5f00840033f6       call <<4>>0x33f6
4fccc:  760c84000166       lda rr12,<<4>>0x0166
4fcd2:  2ec9               ldb @rr12,rl1
4fcd4:  e80c               jr 0xfcee
4fcd6:  21027ff8           ld r2,#0x7ff8
4fcda:  bd30               ldk r3,#0
4fcdc:  760c84000184       lda rr12,<<4>>0x0184
4fce2:  21c1               ld r1,@rr12
4fce4:  a911               inc r1,#2
4fce6:  a114               ld r4,r1
4fce8:  5f00a1007936       call <<33>>0x7936
4fcee:  760c84000166       lda rr12,<<4>>0x0166
4fcf4:  0cc10000           cpb @rr12,#0x00
4fcf8:  ee37               jr nz,0xfd68
4fcfa:  7602840042f0       lda rr2,<<4>>0x42f0
4fd00:  bd40               ldk r4,#0
4fd02:  140600000000       ldl rr6,#0x00000000
4fd08:  5f008400210c       call <<4>>0x210c
4fd0e:  7602840042f0       lda rr2,<<4>>0x42f0
4fd14:  2104ffff           ld r4,#0xffff
4fd18:  21050024           ld r5,#0x0024
4fd1c:  7606a100a262       lda rr6,<<33>>0xa262
4fd22:  5f008400285a       call <<4>>0x285a
4fd28:  7602840042f0       lda rr2,<<4>>0x42f0
4fd2e:  5f00840011f6       call <<4>>0x11f6
4fd34:  5f0084004542       call <<4>>0x4542
4fd3a:  6e0fa1009046       ldb <<33>>0x9046,rl7
4fd40:  6009a1009046       ldb rl1,<<33>>0x9046
4fd46:  b110               extsb r1
4fd48:  0b010000           cp r1,#0x0000
4fd4c:  e103               jr lt,0xfd54
4fd4e:  0b010001           cp r1,#0x0001
4fd52:  e204               jr le,0xfd5c
4fd54:  bd2e               ldk r2,#14
4fd56:  5f00840033f6       call <<4>>0x33f6
4fd5c:  6e09a1008ff2       ldb <<33>>0x8ff2,rl1
4fd62:  5f00a10015a8       call <<33>>0x15a8
4fd68:  760c84000166       lda rr12,<<4>>0x0166
4fd6e:  0cc10000           cpb @rr12,#0x00
4fd72:  ee03               jr nz,0xfd7a
4fd74:  5f00a100113e       call <<33>>0x113e
4fd7a:  760c84000166       lda rr12,<<4>>0x0166
4fd80:  0cc10000           cpb @rr12,#0x00
4fd84:  ee19               jr nz,0xfdb8
4fd86:  5f00a1001ed8       call <<33>>0x1ed8
4fd8c:  6e0fa1009046       ldb <<33>>0x9046,rl7
4fd92:  4c04a1009046       testb <<33>>0x9046
4fd98:  ee0f               jr nz,0xfdb8
4fd9a:  bd13               ldk r1,#3
4fd9c:  0b010000           cp r1,#0x0000
4fda0:  e103               jr lt,0xfda8
4fda2:  0b010003           cp r1,#0x0003
4fda6:  e204               jr le,0xfdb0
4fda8:  bd2e               ldk r2,#14
4fdaa:  5f00840033f6       call <<4>>0x33f6
4fdb0:  760c84000166       lda rr12,<<4>>0x0166
4fdb6:  2ec9               ldb @rr12,rl1
4fdb8:  760c84000166       lda rr12,<<4>>0x0166
4fdbe:  0cc10000           cpb @rr12,#0x00
4fdc2:  ee03               jr nz,0xfdca
4fdc4:  5f00a1000cba       call <<33>>0x0cba
4fdca:  760c84000166       lda rr12,<<4>>0x0166
4fdd0:  0cc10000           cpb @rr12,#0x00
4fdd4:  ee03               jr nz,0xfddc
4fdd6:  5f00a1007a28       call <<33>>0x7a28
4fddc:  bd10               ldk r1,#0
4fdde:  0b010000           cp r1,#0x0000
4fde2:  e103               jr lt,0xfdea
4fde4:  0b010001           cp r1,#0x0001
4fde8:  e204               jr le,0xfdf2
4fdea:  bd2e               ldk r2,#14
4fdec:  5f00840033f6       call <<4>>0x33f6
4fdf2:  6e09a100902d       ldb <<33>>0x902d,rl1
4fdf8:  bd10               ldk r1,#0
4fdfa:  0b010000           cp r1,#0x0000
4fdfe:  e103               jr lt,0xfe06
4fe00:  0b010001           cp r1,#0x0001
4fe04:  e204               jr le,0xfe0e
4fe06:  bd2e               ldk r2,#14
4fe08:  5f00840033f6       call <<4>>0x33f6
4fe0e:  6e09a100902c       ldb <<33>>0x902c,rl1
4fe14:  bd10               ldk r1,#0
4fe16:  0b010000           cp r1,#0x0000
4fe1a:  e103               jr lt,0xfe22
4fe1c:  0b010001           cp r1,#0x0001
4fe20:  e204               jr le,0xfe2a
4fe22:  bd2e               ldk r2,#14
4fe24:  5f00840033f6       call <<4>>0x33f6
4fe2a:  6e09a1008ff4       ldb <<33>>0x8ff4,rl1
4fe30:  bd10               ldk r1,#0
4fe32:  0b010000           cp r1,#0x0000
4fe36:  e103               jr lt,0xfe3e
4fe38:  0b010001           cp r1,#0x0001
4fe3c:  e204               jr le,0xfe46
4fe3e:  bd2e               ldk r2,#14
4fe40:  5f00840033f6       call <<4>>0x33f6
4fe46:  6e09a1008ff3       ldb <<33>>0x8ff3,rl1
4fe4c:  5f0084004402       call <<4>>0x4402
4fe52:  760ca0000114       lda rr12,<<32>>0x0114
4fe58:  21c2               ld r2,@rr12
4fe5a:  bd30               ldk r3,#0
4fe5c:  7604a1008ff6       lda rr4,<<33>>0x8ff6
4fe62:  5f00840044a2       call <<4>>0x44a2
4fe68:  6e0fa1009046       ldb <<33>>0x9046,rl7
4fe6e:  6009a1009046       ldb rl1,<<33>>0x9046
4fe74:  b110               extsb r1
4fe76:  0b010000           cp r1,#0x0000
4fe7a:  e103               jr lt,0xfe82
4fe7c:  0b010001           cp r1,#0x0001
4fe80:  e204               jr le,0xfe8a
4fe82:  bd2e               ldk r2,#14
4fe84:  5f00840033f6       call <<4>>0x33f6
4fe8a:  6e09a1008ff1       ldb <<33>>0x8ff1,rl1
4fe90:  6101a1008ff6       ld r1,<<33>>0x8ff6
4fe96:  8d14               test r1
4fe98:  ed02               jr pl,0xfe9e
4fe9a:  8d12               neg r1
4fe9c:  a51f               set r1,#15
4fe9e:  b311fff8           srl r1,#8
4fea2:  a717               bit r1,#7
4fea4:  e602               jr z,0xfeaa
4fea6:  a317               res r1,#7
4fea8:  8d12               neg r1
4feaa:  6f01a1008ff6       ld <<33>>0x8ff6,r1
4feb0:  760ca0000044       lda rr12,<<32>>0x0044
4feb6:  21c1               ld r1,@rr12
4feb8:  0b010001           cp r1,#0x0001
4febc:  5e0ea1003d1c       jp nz,<<33>>0x3d1c
4fec2:  760ca0000046       lda rr12,<<32>>0x0046
4fec8:  0dc10000           cp @rr12,#0x0000
4fecc:  5e02a1003d16       jp le,<<33>>0x3d16
4fed2:  bd11               ldk r1,#1
4fed4:  0b010000           cp r1,#0x0000
4fed8:  e103               jr lt,0xfee0
4feda:  0b010001           cp r1,#0x0001
4fede:  e204               jr le,0xfee8
4fee0:  bd2e               ldk r2,#14
4fee2:  5f00840033f6       call <<4>>0x33f6
4fee8:  6e09a100902d       ldb <<33>>0x902d,rl1
4feee:  7602840042f0       lda rr2,<<4>>0x42f0
4fef4:  5f00840011f6       call <<4>>0x11f6
4fefa:  7602840042f0       lda rr2,<<4>>0x42f0
4ff00:  bd40               ldk r4,#0
4ff02:  bd53               ldk r5,#3
4ff04:  7606a100a25e       lda rr6,<<33>>0xa25e
4ff0a:  5f008400285a       call <<4>>0x285a
4ff10:  7602840042f0       lda rr2,<<4>>0x42f0
4ff16:  bd40               ldk r4,#0
4ff18:  140600000000       ldl rr6,#0x00000000
4ff1e:  5f008400210c       call <<4>>0x210c
4ff24:  7602840042f0       lda rr2,<<4>>0x42f0
4ff2a:  2104ffff           ld r4,#0xffff
4ff2e:  21050025           ld r5,#0x0025
4ff32:  7606a100a238       lda rr6,<<33>>0xa238
4ff38:  5f008400285a       call <<4>>0x285a
4ff3e:  7602840042f0       lda rr2,<<4>>0x42f0
4ff44:  5f00840011f6       call <<4>>0x11f6
4ff4a:  21027ff8           ld r2,#0x7ff8
4ff4e:  bd30               ldk r3,#0
4ff50:  760c84000184       lda rr12,<<4>>0x0184
4ff56:  21c1               ld r1,@rr12
4ff58:  a911               inc r1,#2
4ff5a:  a114               ld r4,r1
4ff5c:  5f00a1007936       call <<33>>0x7936
4ff62:  bd21               ldk r2,#1
4ff64:  5f00a10029ec       call <<33>>0x29ec
4ff6a:  760c84000166       lda rr12,<<4>>0x0166
4ff70:  0cc10000           cpb @rr12,#0x00
4ff74:  ee04               jr nz,0xff7e
4ff76:  bd21               ldk r2,#1
4ff78:  5f00a1002cb8       call <<33>>0x2cb8
4ff7e:  5f00a1007a28       call <<33>>0x7a28
4ff84:  760c84000166       lda rr12,<<4>>0x0166
4ff8a:  0cc10000           cpb @rr12,#0x00
4ff8e:  ee3b               jr nz,0x0006
4ff90:  760ca0000114       lda rr12,<<32>>0x0114
4ff96:  a9d3               inc r13,#4
4ff98:  0dc10001           cp @rr12,#0x0001
4ff9c:  ee34               jr nz,0x0006
4ff9e:  7602840042f0       lda rr2,<<4>>0x42f0
4ffa4:  bd40               ldk r4,#0
4ffa6:  140600000000       ldl rr6,#0x00000000
4ffac:  5f008400210c       call <<4>>0x210c
4ffb2:  7602840042f0       lda rr2,<<4>>0x42f0
4ffb8:  2104ffff           ld r4,#0xffff
4ffbc:  21050021           ld r5,#0x0021
4ffc0:  7606a100a216       lda rr6,<<33>>0xa216
4ffc6:  5f008400285a       call <<4>>0x285a
4ffcc:  7602840042f0       lda rr2,<<4>>0x42f0
4ffd2:  5f00840011f6       call <<4>>0x11f6
4ffd8:  5f0084004542       call <<4>>0x4542
4ffde:  6e0fa1009046       ldb <<33>>0x9046,rl7
4ffe4:  6009a1009046       ldb rl1,<<33>>0x9046
4ffea:  b110               extsb r1
4ffec:  0b010000           cp r1,#0x0000
4fff0:  e103               jr lt,0xfff8
4fff2:  0b010001           cp r1,#0x0001
4fff6:  e204               jr le,0x0000
4fff8:  bd2e               ldk r2,#14
4fffa:  5f00840033f6       call <<4>>0x33f6
50000:  6e09a1008ff2       ldb <<33>>0x8ff2,rl1
50006:  760c84000166       lda rr12,<<4>>0x0166
5000c:  0cc10000           cpb @rr12,#0x00
50010:  5e0ea1003d10       jp nz,<<33>>0x3d10
50016:  7602a10087b2       lda rr2,<<33>>0x87b2
5001c:  7604a1009e5a       lda rr4,<<33>>0x9e5a
50022:  5f00840038d0       call <<4>>0x38d0
50028:  e250               jr le,0x00ca
5002a:  5f00840044de       call <<4>>0x44de
50030:  7602840042f0       lda rr2,<<4>>0x42f0
50036:  bd40               ldk r4,#0
50038:  bd53               ldk r5,#3
5003a:  7606a100a212       lda rr6,<<33>>0xa212
50040:  5f008400285a       call <<4>>0x285a
50046:  7602840042f0       lda rr2,<<4>>0x42f0
5004c:  2104ffff           ld r4,#0xffff
50050:  21050024           ld r5,#0x0024
50054:  7606a100a1ee       lda rr6,<<33>>0xa1ee
5005a:  5f008400285a       call <<4>>0x285a
50060:  7602840042f0       lda rr2,<<4>>0x42f0
50066:  5f00840011f6       call <<4>>0x11f6
5006c:  760c84000175       lda rr12,<<4>>0x0175
50072:  20c9               ldb rl1,@rr12
50074:  8c18               clrb rh1
50076:  0b010000           cp r1,#0x0000
5007a:  e103               jr lt,0x0082
5007c:  0b0100ff           cp r1,#0x00ff
50080:  e205               jr le,0x008c
50082:  21020010           ld r2,#0x0010
50086:  5f00840033f6       call <<4>>0x33f6
5008c:  a112               ld r2,r1
5008e:  760ca0000114       lda rr12,<<32>>0x0114
50094:  21c3               ld r3,@rr12
50096:  760ca0000114       lda rr12,<<32>>0x0114
5009c:  31c40002           ld r4,rr12(#0x0002)
500a0:  210500e1           ld r5,#0x00e1
500a4:  210600ff           ld r6,#0x00ff
500a8:  5f00840044f2       call <<4>>0x44f2
500ae:  bd11               ldk r1,#1
500b0:  0b010000           cp r1,#0x0000
500b4:  e103               jr lt,0x00bc
500b6:  0b010001           cp r1,#0x0001
500ba:  e204               jr le,0x00c4
500bc:  bd2e               ldk r2,#14
500be:  5f00840033f6       call <<4>>0x33f6
500c4:  6e09a1008ff4       ldb <<33>>0x8ff4,rl1
500ca:  7602a1009e52       lda rr2,<<33>>0x9e52
500d0:  7604a1009046       lda rr4,<<33>>0x9046
500d6:  5f00840038d8       call <<4>>0x38d8
500dc:  7602a10087b2       lda rr2,<<33>>0x87b2
500e2:  7604a1009046       lda rr4,<<33>>0x9046
500e8:  5f00840038d0       call <<4>>0x38d0
500ee:  e950               jr ge,0x0190
500f0:  5f00840044de       call <<4>>0x44de
500f6:  7602840042f0       lda rr2,<<4>>0x42f0
500fc:  bd40               ldk r4,#0
500fe:  bd53               ldk r5,#3
50100:  7606a100a1ea       lda rr6,<<33>>0xa1ea
50106:  5f008400285a       call <<4>>0x285a
5010c:  7602840042f0       lda rr2,<<4>>0x42f0
50112:  2104ffff           ld r4,#0xffff
50116:  21050024           ld r5,#0x0024
5011a:  7606a100a1c6       lda rr6,<<33>>0xa1c6
50120:  5f008400285a       call <<4>>0x285a
50126:  7602840042f0       lda rr2,<<4>>0x42f0
5012c:  5f00840011f6       call <<4>>0x11f6
50132:  760c84000175       lda rr12,<<4>>0x0175
50138:  20c9               ldb rl1,@rr12
5013a:  8c18               clrb rh1
5013c:  0b010000           cp r1,#0x0000
50140:  e103               jr lt,0x0148
50142:  0b0100ff           cp r1,#0x00ff
50146:  e205               jr le,0x0152
50148:  21020010           ld r2,#0x0010
5014c:  5f00840033f6       call <<4>>0x33f6
50152:  a112               ld r2,r1
50154:  760ca0000114       lda rr12,<<32>>0x0114
5015a:  21c3               ld r3,@rr12
5015c:  760ca0000114       lda rr12,<<32>>0x0114
50162:  31c40002           ld r4,rr12(#0x0002)
50166:  210500e1           ld r5,#0x00e1
5016a:  210600ff           ld r6,#0x00ff
5016e:  5f00840044f2       call <<4>>0x44f2
50174:  bd11               ldk r1,#1
50176:  0b010000           cp r1,#0x0000
5017a:  e103               jr lt,0x0182
5017c:  0b010001           cp r1,#0x0001
50180:  e204               jr le,0x018a
50182:  bd2e               ldk r2,#14
50184:  5f00840033f6       call <<4>>0x33f6
5018a:  6e09a1008ff4       ldb <<33>>0x8ff4,rl1
50190:  7602a10087aa       lda rr2,<<33>>0x87aa
50196:  7604a1009e4a       lda rr4,<<33>>0x9e4a
5019c:  5f00840038d0       call <<4>>0x38d0
501a2:  e250               jr le,0x0244
501a4:  5f00840044de       call <<4>>0x44de
501aa:  7602840042f0       lda rr2,<<4>>0x42f0
501b0:  bd40               ldk r4,#0
501b2:  bd53               ldk r5,#3
501b4:  7606a100a1c2       lda rr6,<<33>>0xa1c2
501ba:  5f008400285a       call <<4>>0x285a
501c0:  7602840042f0       lda rr2,<<4>>0x42f0
501c6:  2104ffff           ld r4,#0xffff
501ca:  21050023           ld r5,#0x0023
501ce:  7606a100a19e       lda rr6,<<33>>0xa19e
501d4:  5f008400285a       call <<4>>0x285a
501da:  7602840042f0       lda rr2,<<4>>0x42f0
501e0:  5f00840011f6       call <<4>>0x11f6
501e6:  760c84000175       lda rr12,<<4>>0x0175
501ec:  20c9               ldb rl1,@rr12
501ee:  8c18               clrb rh1
501f0:  0b010000           cp r1,#0x0000
501f4:  e103               jr lt,0x01fc
501f6:  0b0100ff           cp r1,#0x00ff
501fa:  e205               jr le,0x0206
501fc:  21020010           ld r2,#0x0010
50200:  5f00840033f6       call <<4>>0x33f6
50206:  a112               ld r2,r1
50208:  760ca0000114       lda rr12,<<32>>0x0114
5020e:  21c3               ld r3,@rr12
50210:  760ca0000114       lda rr12,<<32>>0x0114
50216:  31c40002           ld r4,rr12(#0x0002)
5021a:  210500e1           ld r5,#0x00e1
5021e:  210600ff           ld r6,#0x00ff
50222:  5f00840044f2       call <<4>>0x44f2
50228:  bd11               ldk r1,#1
5022a:  0b010000           cp r1,#0x0000
5022e:  e103               jr lt,0x0236
50230:  0b010001           cp r1,#0x0001
50234:  e204               jr le,0x023e
50236:  bd2e               ldk r2,#14
50238:  5f00840033f6       call <<4>>0x33f6
5023e:  6e09a1008ff4       ldb <<33>>0x8ff4,rl1
50244:  7602a10087b2       lda rr2,<<33>>0x87b2
5024a:  7604a10087aa       lda rr4,<<33>>0x87aa
50250:  7606a1009046       lda rr6,<<33>>0x9046
50256:  5f00840036aa       call <<4>>0x36aa
5025c:  7602a1009046       lda rr2,<<33>>0x9046
50262:  7604a1009e42       lda rr4,<<33>>0x9e42
50268:  5f00840038d0       call <<4>>0x38d0
5026e:  e250               jr le,0x0310
50270:  5f00840044de       call <<4>>0x44de
50276:  7602840042f0       lda rr2,<<4>>0x42f0
5027c:  bd40               ldk r4,#0
5027e:  bd53               ldk r5,#3
50280:  7606a100a19a       lda rr6,<<33>>0xa19a
50286:  5f008400285a       call <<4>>0x285a
5028c:  7602840042f0       lda rr2,<<4>>0x42f0
50292:  2104ffff           ld r4,#0xffff
50296:  21050021           ld r5,#0x0021
5029a:  7606a100a178       lda rr6,<<33>>0xa178
502a0:  5f008400285a       call <<4>>0x285a
502a6:  7602840042f0       lda rr2,<<4>>0x42f0
502ac:  5f00840011f6       call <<4>>0x11f6
502b2:  760c84000175       lda rr12,<<4>>0x0175
502b8:  20c9               ldb rl1,@rr12
502ba:  8c18               clrb rh1
502bc:  0b010000           cp r1,#0x0000
502c0:  e103               jr lt,0x02c8
502c2:  0b0100ff           cp r1,#0x00ff
502c6:  e205               jr le,0x02d2
502c8:  21020010           ld r2,#0x0010
502cc:  5f00840033f6       call <<4>>0x33f6
502d2:  a112               ld r2,r1
502d4:  760ca0000114       lda rr12,<<32>>0x0114
502da:  21c3               ld r3,@rr12
502dc:  760ca0000114       lda rr12,<<32>>0x0114
502e2:  31c40002           ld r4,rr12(#0x0002)
502e6:  210500e1           ld r5,#0x00e1
502ea:  210600ff           ld r6,#0x00ff
502ee:  5f00840044f2       call <<4>>0x44f2
502f4:  bd11               ldk r1,#1
502f6:  0b010000           cp r1,#0x0000
502fa:  e103               jr lt,0x0302
502fc:  0b010001           cp r1,#0x0001
50300:  e204               jr le,0x030a
50302:  bd2e               ldk r2,#14
50304:  5f00840033f6       call <<4>>0x33f6
5030a:  6e09a1008ff4       ldb <<33>>0x8ff4,rl1
50310:  5f008400442a       call <<4>>0x442a
50316:  5e08a1004288       jp <<33>>0x4288
5031c:  0b010002           cp r1,#0x0002
50320:  5e0ea1004180       jp nz,<<33>>0x4180
50326:  760ca0000046       lda rr12,<<32>>0x0046
5032c:  0dc10000           cp @rr12,#0x0000
50330:  5e02a100417a       jp le,<<33>>0x417a
50336:  bd11               ldk r1,#1
50338:  0b010000           cp r1,#0x0000
5033c:  e103               jr lt,0x0344
5033e:  0b010001           cp r1,#0x0001
50342:  e204               jr le,0x034c
50344:  bd2e               ldk r2,#14
50346:  5f00840033f6       call <<4>>0x33f6
5034c:  6e09a100902c       ldb <<33>>0x902c,rl1
50352:  7602840042f0       lda rr2,<<4>>0x42f0
50358:  5f00840011f6       call <<4>>0x11f6
5035e:  7602840042f0       lda rr2,<<4>>0x42f0
50364:  bd40               ldk r4,#0
50366:  bd53               ldk r5,#3
50368:  7606a100a174       lda rr6,<<33>>0xa174
5036e:  5f008400285a       call <<4>>0x285a
50374:  7602840042f0       lda rr2,<<4>>0x42f0
5037a:  bd40               ldk r4,#0
5037c:  140600000000       ldl rr6,#0x00000000
50382:  5f008400210c       call <<4>>0x210c
50388:  7602840042f0       lda rr2,<<4>>0x42f0
5038e:  2104ffff           ld r4,#0xffff
50392:  21050025           ld r5,#0x0025
50396:  7606a100a14e       lda rr6,<<33>>0xa14e
5039c:  5f008400285a       call <<4>>0x285a
503a2:  7602840042f0       lda rr2,<<4>>0x42f0
503a8:  5f00840011f6       call <<4>>0x11f6
503ae:  21027ff8           ld r2,#0x7ff8
503b2:  bd30               ldk r3,#0
503b4:  760c84000184       lda rr12,<<4>>0x0184
503ba:  21c1               ld r1,@rr12
503bc:  a911               inc r1,#2
503be:  a114               ld r4,r1
503c0:  5f00a1007936       call <<33>>0x7936
503c6:  bd22               ldk r2,#2
503c8:  5f00a10029ec       call <<33>>0x29ec
503ce:  760c84000166       lda rr12,<<4>>0x0166
503d4:  0cc10000           cpb @rr12,#0x00
503d8:  ee04               jr nz,0x03e2
503da:  bd22               ldk r2,#2
503dc:  5f00a1002cb8       call <<33>>0x2cb8
503e2:  5f00a1007a28       call <<33>>0x7a28
503e8:  760c84000166       lda rr12,<<4>>0x0166
503ee:  0cc10000           cpb @rr12,#0x00
503f2:  ee3b               jr nz,0x046a
503f4:  760ca0000114       lda rr12,<<32>>0x0114
503fa:  a9d3               inc r13,#4
503fc:  0dc10001           cp @rr12,#0x0001
50400:  ee34               jr nz,0x046a
50402:  7602840042f0       lda rr2,<<4>>0x42f0
50408:  bd40               ldk r4,#0
5040a:  140600000000       ldl rr6,#0x00000000
50410:  5f008400210c       call <<4>>0x210c
50416:  7602840042f0       lda rr2,<<4>>0x42f0
5041c:  2104ffff           ld r4,#0xffff
50420:  21050021           ld r5,#0x0021
50424:  7606a100a12c       lda rr6,<<33>>0xa12c
5042a:  5f008400285a       call <<4>>0x285a
50430:  7602840042f0       lda rr2,<<4>>0x42f0
50436:  5f00840011f6       call <<4>>0x11f6
5043c:  5f0084004542       call <<4>>0x4542
50442:  6e0fa1009046       ldb <<33>>0x9046,rl7
50448:  6009a1009046       ldb rl1,<<33>>0x9046
5044e:  b110               extsb r1
50450:  0b010000           cp r1,#0x0000
50454:  e103               jr lt,0x045c
50456:  0b010001           cp r1,#0x0001
5045a:  e204               jr le,0x0464
5045c:  bd2e               ldk r2,#14
5045e:  5f00840033f6       call <<4>>0x33f6
50464:  6e09a1008ff2       ldb <<33>>0x8ff2,rl1
5046a:  760c84000166       lda rr12,<<4>>0x0166
50470:  0cc10000           cpb @rr12,#0x00
50474:  5e0ea1004174       jp nz,<<33>>0x4174
5047a:  7602a10087c2       lda rr2,<<33>>0x87c2
50480:  7604a1009e3a       lda rr4,<<33>>0x9e3a
50486:  5f00840038d0       call <<4>>0x38d0
5048c:  e250               jr le,0x052e
5048e:  5f00840044de       call <<4>>0x44de
50494:  7602840042f0       lda rr2,<<4>>0x42f0
5049a:  bd40               ldk r4,#0
5049c:  bd53               ldk r5,#3
5049e:  7606a100a128       lda rr6,<<33>>0xa128
504a4:  5f008400285a       call <<4>>0x285a
504aa:  7602840042f0       lda rr2,<<4>>0x42f0
504b0:  2104ffff           ld r4,#0xffff
504b4:  21050024           ld r5,#0x0024
504b8:  7606a100a104       lda rr6,<<33>>0xa104
504be:  5f008400285a       call <<4>>0x285a
504c4:  7602840042f0       lda rr2,<<4>>0x42f0
504ca:  5f00840011f6       call <<4>>0x11f6
504d0:  760c84000175       lda rr12,<<4>>0x0175
504d6:  20c9               ldb rl1,@rr12
504d8:  8c18               clrb rh1
504da:  0b010000           cp r1,#0x0000
504de:  e103               jr lt,0x04e6
504e0:  0b0100ff           cp r1,#0x00ff
504e4:  e205               jr le,0x04f0
504e6:  21020010           ld r2,#0x0010
504ea:  5f00840033f6       call <<4>>0x33f6
504f0:  a112               ld r2,r1
504f2:  760ca0000114       lda rr12,<<32>>0x0114
504f8:  21c3               ld r3,@rr12
504fa:  760ca0000114       lda rr12,<<32>>0x0114
50500:  31c40002           ld r4,rr12(#0x0002)
50504:  210500e1           ld r5,#0x00e1
50508:  210600ff           ld r6,#0x00ff
5050c:  5f00840044f2       call <<4>>0x44f2
50512:  bd11               ldk r1,#1
50514:  0b010000           cp r1,#0x0000
50518:  e103               jr lt,0x0520
5051a:  0b010001           cp r1,#0x0001
5051e:  e204               jr le,0x0528
50520:  bd2e               ldk r2,#14
50522:  5f00840033f6       call <<4>>0x33f6
50528:  6e09a1008ff4       ldb <<33>>0x8ff4,rl1
5052e:  7602a1009e32       lda rr2,<<33>>0x9e32
50534:  7604a1009046       lda rr4,<<33>>0x9046
5053a:  5f00840038d8       call <<4>>0x38d8
50540:  7602a10087c2       lda rr2,<<33>>0x87c2
50546:  7604a1009046       lda rr4,<<33>>0x9046
5054c:  5f00840038d0       call <<4>>0x38d0
50552:  e950               jr ge,0x05f4
50554:  5f00840044de       call <<4>>0x44de
5055a:  7602840042f0       lda rr2,<<4>>0x42f0
50560:  bd40               ldk r4,#0
50562:  bd53               ldk r5,#3
50564:  7606a100a100       lda rr6,<<33>>0xa100
5056a:  5f008400285a       call <<4>>0x285a
50570:  7602840042f0       lda rr2,<<4>>0x42f0
50576:  2104ffff           ld r4,#0xffff
5057a:  21050024           ld r5,#0x0024
5057e:  7606a100a0dc       lda rr6,<<33>>0xa0dc
50584:  5f008400285a       call <<4>>0x285a
5058a:  7602840042f0       lda rr2,<<4>>0x42f0
50590:  5f00840011f6       call <<4>>0x11f6
50596:  760c84000175       lda rr12,<<4>>0x0175
5059c:  20c9               ldb rl1,@rr12
5059e:  8c18               clrb rh1
505a0:  0b010000           cp r1,#0x0000
505a4:  e103               jr lt,0x05ac
505a6:  0b0100ff           cp r1,#0x00ff
505aa:  e205               jr le,0x05b6
505ac:  21020010           ld r2,#0x0010
505b0:  5f00840033f6       call <<4>>0x33f6
505b6:  a112               ld r2,r1
505b8:  760ca0000114       lda rr12,<<32>>0x0114
505be:  21c3               ld r3,@rr12
505c0:  760ca0000114       lda rr12,<<32>>0x0114
505c6:  31c40002           ld r4,rr12(#0x0002)
505ca:  210500e1           ld r5,#0x00e1
505ce:  210600ff           ld r6,#0x00ff
505d2:  5f00840044f2       call <<4>>0x44f2
505d8:  bd11               ldk r1,#1
505da:  0b010000           cp r1,#0x0000
505de:  e103               jr lt,0x05e6
505e0:  0b010001           cp r1,#0x0001
505e4:  e204               jr le,0x05ee
505e6:  bd2e               ldk r2,#14
505e8:  5f00840033f6       call <<4>>0x33f6
505ee:  6e09a1008ff4       ldb <<33>>0x8ff4,rl1
505f4:  7602a10087ba       lda rr2,<<33>>0x87ba
505fa:  7604a1009e2a       lda rr4,<<33>>0x9e2a
50600:  5f00840038d0       call <<4>>0x38d0
50606:  e250               jr le,0x06a8
50608:  5f00840044de       call <<4>>0x44de
5060e:  7602840042f0       lda rr2,<<4>>0x42f0
50614:  bd40               ldk r4,#0
50616:  bd53               ldk r5,#3
50618:  7606a100a0d8       lda rr6,<<33>>0xa0d8
5061e:  5f008400285a       call <<4>>0x285a
50624:  7602840042f0       lda rr2,<<4>>0x42f0
5062a:  2104ffff           ld r4,#0xffff
5062e:  21050023           ld r5,#0x0023
50632:  7606a100a0b4       lda rr6,<<33>>0xa0b4
50638:  5f008400285a       call <<4>>0x285a
5063e:  7602840042f0       lda rr2,<<4>>0x42f0
50644:  5f00840011f6       call <<4>>0x11f6
5064a:  760c84000175       lda rr12,<<4>>0x0175
50650:  20c9               ldb rl1,@rr12
50652:  8c18               clrb rh1
50654:  0b010000           cp r1,#0x0000
50658:  e103               jr lt,0x0660
5065a:  0b0100ff           cp r1,#0x00ff
5065e:  e205               jr le,0x066a
50660:  21020010           ld r2,#0x0010
50664:  5f00840033f6       call <<4>>0x33f6
5066a:  a112               ld r2,r1
5066c:  760ca0000114       lda rr12,<<32>>0x0114
50672:  21c3               ld r3,@rr12
50674:  760ca0000114       lda rr12,<<32>>0x0114
5067a:  31c40002           ld r4,rr12(#0x0002)
5067e:  210500e1           ld r5,#0x00e1
50682:  210600ff           ld r6,#0x00ff
50686:  5f00840044f2       call <<4>>0x44f2
5068c:  bd11               ldk r1,#1
5068e:  0b010000           cp r1,#0x0000
50692:  e103               jr lt,0x069a
50694:  0b010001           cp r1,#0x0001
50698:  e204               jr le,0x06a2
5069a:  bd2e               ldk r2,#14
5069c:  5f00840033f6       call <<4>>0x33f6
506a2:  6e09a1008ff3       ldb <<33>>0x8ff3,rl1
506a8:  7602a10087c2       lda rr2,<<33>>0x87c2
506ae:  7604a10087ba       lda rr4,<<33>>0x87ba
506b4:  7606a1009046       lda rr6,<<33>>0x9046
506ba:  5f00840036aa       call <<4>>0x36aa
506c0:  7602a1009046       lda rr2,<<33>>0x9046
506c6:  7604a1009e22       lda rr4,<<33>>0x9e22
506cc:  5f00840038d0       call <<4>>0x38d0
506d2:  e250               jr le,0x0774
506d4:  5f00840044de       call <<4>>0x44de
506da:  7602840042f0       lda rr2,<<4>>0x42f0
506e0:  bd40               ldk r4,#0
506e2:  bd53               ldk r5,#3
506e4:  7606a100a0b0       lda rr6,<<33>>0xa0b0
506ea:  5f008400285a       call <<4>>0x285a
506f0:  7602840042f0       lda rr2,<<4>>0x42f0
506f6:  2104ffff           ld r4,#0xffff
506fa:  21050021           ld r5,#0x0021
506fe:  7606a100a08e       lda rr6,<<33>>0xa08e
50704:  5f008400285a       call <<4>>0x285a
5070a:  7602840042f0       lda rr2,<<4>>0x42f0
50710:  5f00840011f6       call <<4>>0x11f6
50716:  760c84000175       lda rr12,<<4>>0x0175
5071c:  20c9               ldb rl1,@rr12
5071e:  8c18               clrb rh1
50720:  0b010000           cp r1,#0x0000
50724:  e103               jr lt,0x072c
50726:  0b0100ff           cp r1,#0x00ff
5072a:  e205               jr le,0x0736
5072c:  21020010           ld r2,#0x0010
50730:  5f00840033f6       call <<4>>0x33f6
50736:  a112               ld r2,r1
50738:  760ca0000114       lda rr12,<<32>>0x0114
5073e:  21c3               ld r3,@rr12
50740:  760ca0000114       lda rr12,<<32>>0x0114
50746:  31c40002           ld r4,rr12(#0x0002)
5074a:  210500e1           ld r5,#0x00e1
5074e:  210600ff           ld r6,#0x00ff
50752:  5f00840044f2       call <<4>>0x44f2
50758:  bd11               ldk r1,#1
5075a:  0b010000           cp r1,#0x0000
5075e:  e103               jr lt,0x0766
50760:  0b010001           cp r1,#0x0001
50764:  e204               jr le,0x076e
50766:  bd2e               ldk r2,#14
50768:  5f00840033f6       call <<4>>0x33f6
5076e:  6e09a1008ff3       ldb <<33>>0x8ff3,rl1
50774:  5f008400442a       call <<4>>0x442a
5077a:  5e08a1004288       jp <<33>>0x4288
50780:  760ca0000044       lda rr12,<<32>>0x0044
50786:  0dc4               test @rr12
50788:  e67f               jr z,0x0888
5078a:  7602840042f0       lda rr2,<<4>>0x42f0
50790:  bd40               ldk r4,#0
50792:  bd53               ldk r5,#3
50794:  7606a100a08a       lda rr6,<<33>>0xa08a
5079a:  5f008400285a       call <<4>>0x285a
507a0:  7602840042f0       lda rr2,<<4>>0x42f0
507a6:  bd40               ldk r4,#0
507a8:  140600000000       ldl rr6,#0x00000000
507ae:  5f008400210c       call <<4>>0x210c
507b4:  7602840042f0       lda rr2,<<4>>0x42f0
507ba:  2104ffff           ld r4,#0xffff
507be:  21050010           ld r5,#0x0010
507c2:  7606a100a07a       lda rr6,<<33>>0xa07a
507c8:  5f008400285a       call <<4>>0x285a
507ce:  7602840042f0       lda rr2,<<4>>0x42f0
507d4:  5f00840011f6       call <<4>>0x11f6
507da:  7602840042f0       lda rr2,<<4>>0x42f0
507e0:  bd40               ldk r4,#0
507e2:  140600000000       ldl rr6,#0x00000000
507e8:  5f008400210c       call <<4>>0x210c
507ee:  7602840042f0       lda rr2,<<4>>0x42f0
507f4:  2104ffff           ld r4,#0xffff
507f8:  2105001d           ld r5,#0x001d
507fc:  7606a100a05c       lda rr6,<<33>>0xa05c
50802:  5f008400285a       call <<4>>0x285a
50808:  7602840042f0       lda rr2,<<4>>0x42f0
5080e:  5f00840011f6       call <<4>>0x11f6
50814:  7602840042f0       lda rr2,<<4>>0x42f0
5081a:  bd40               ldk r4,#0
5081c:  140600000000       ldl rr6,#0x00000000
50822:  5f008400210c       call <<4>>0x210c
50828:  7602840042f0       lda rr2,<<4>>0x42f0
5082e:  2104ffff           ld r4,#0xffff
50832:  2105001e           ld r5,#0x001e
50836:  7606a100a03e       lda rr6,<<33>>0xa03e
5083c:  5f008400285a       call <<4>>0x285a
50842:  7602840042f0       lda rr2,<<4>>0x42f0
50848:  5f00840011f6       call <<4>>0x11f6
5084e:  7602840042f0       lda rr2,<<4>>0x42f0
50854:  bd40               ldk r4,#0
50856:  140600000000       ldl rr6,#0x00000000
5085c:  5f008400210c       call <<4>>0x210c
50862:  7602840042f0       lda rr2,<<4>>0x42f0
50868:  2104ffff           ld r4,#0xffff
5086c:  21050014           ld r5,#0x0014
50870:  7606a100a02a       lda rr6,<<33>>0xa02a
50876:  5f008400285a       call <<4>>0x285a
5087c:  7602840042f0       lda rr2,<<4>>0x42f0
50882:  5f00840011f6       call <<4>>0x11f6
50888:  760ca0000044       lda rr12,<<32>>0x0044
5088e:  0dc4               test @rr12
50890:  5e0ea100384c       jp nz,<<33>>0x384c
50896:  7602a100a002       lda rr2,<<33>>0xa002
5089c:  5f008400447a       call <<4>>0x447a
508a2:  760c84000166       lda rr12,<<4>>0x0166
508a8:  0cc10000           cpb @rr12,#0x00
508ac:  5e0ea1004856       jp nz,<<33>>0x4856
508b2:  5f008400451a       call <<4>>0x451a
508b8:  7602840042f0       lda rr2,<<4>>0x42f0
508be:  bd40               ldk r4,#0
508c0:  bd53               ldk r5,#3
508c2:  7606a1009ffe       lda rr6,<<33>>0x9ffe
508c8:  5f008400285a       call <<4>>0x285a
508ce:  7602840042f0       lda rr2,<<4>>0x42f0
508d4:  2104ffff           ld r4,#0xffff
508d8:  21050019           ld r5,#0x0019
508dc:  7606a1009fe4       lda rr6,<<33>>0x9fe4
508e2:  5f008400285a       call <<4>>0x285a
508e8:  7602840042f0       lda rr2,<<4>>0x42f0
508ee:  5f00840011f6       call <<4>>0x11f6
508f4:  7602840042f0       lda rr2,<<4>>0x42f0
508fa:  bd40               ldk r4,#0
508fc:  bd53               ldk r5,#3
508fe:  7606a1009fe0       lda rr6,<<33>>0x9fe0
50904:  5f008400285a       call <<4>>0x285a
5090a:  7602840042f0       lda rr2,<<4>>0x42f0
50910:  2104ffff           ld r4,#0xffff
50914:  21050026           ld r5,#0x0026
50918:  7606a1009fba       lda rr6,<<33>>0x9fba
5091e:  5f008400285a       call <<4>>0x285a
50924:  7602840042f0       lda rr2,<<4>>0x42f0
5092a:  5f00840011f6       call <<4>>0x11f6
50930:  4c01a100902d0101   cpb <<33>>0x902d,#0x01
50938:  5e0ea1004576       jp nz,<<33>>0x4576
5093e:  7602840042f0       lda rr2,<<4>>0x42f0
50944:  bd40               ldk r4,#0
50946:  bd53               ldk r5,#3
50948:  7606a1009fb6       lda rr6,<<33>>0x9fb6
5094e:  5f008400285a       call <<4>>0x285a
50954:  7602840042f0       lda rr2,<<4>>0x42f0
5095a:  2104ffff           ld r4,#0xffff
5095e:  21050025           ld r5,#0x0025
50962:  7606a1009f90       lda rr6,<<33>>0x9f90
50968:  5f008400285a       call <<4>>0x285a
5096e:  7602840042f0       lda rr2,<<4>>0x42f0
50974:  5f00840011f6       call <<4>>0x11f6
5097a:  7602840042f0       lda rr2,<<4>>0x42f0
50980:  bd40               ldk r4,#0
50982:  bd53               ldk r5,#3
50984:  7606a1009f8c       lda rr6,<<33>>0x9f8c
5098a:  5f008400285a       call <<4>>0x285a
50990:  7602840042f0       lda rr2,<<4>>0x42f0
50996:  2104ffff           ld r4,#0xffff
5099a:  21050025           ld r5,#0x0025
5099e:  7606a1009f66       lda rr6,<<33>>0x9f66
509a4:  5f008400285a       call <<4>>0x285a
509aa:  7602840042f0       lda rr2,<<4>>0x42f0
509b0:  5f00840011f6       call <<4>>0x11f6
509b6:  4d04a10087a6       test <<33>>0x87a6
509bc:  ee2c               jr nz,0x0a16
509be:  7602840042f0       lda rr2,<<4>>0x42f0
509c4:  bd40               ldk r4,#0
509c6:  bd53               ldk r5,#3
509c8:  7606a1009f62       lda rr6,<<33>>0x9f62
509ce:  5f008400285a       call <<4>>0x285a
509d4:  7602840042f0       lda rr2,<<4>>0x42f0
509da:  2104ffff           ld r4,#0xffff
509de:  21050011           ld r5,#0x0011
509e2:  7606a1009f50       lda rr6,<<33>>0x9f50
509e8:  5f008400285a       call <<4>>0x285a
509ee:  7602840042f0       lda rr2,<<4>>0x42f0
509f4:  bd42               ldk r4,#2
509f6:  bd53               ldk r5,#3
509f8:  7606a10087b2       lda rr6,<<33>>0x87b2
509fe:  5f00840022cc       call <<4>>0x22cc
50a04:  7602840042f0       lda rr2,<<4>>0x42f0
50a0a:  5f00840011f6       call <<4>>0x11f6
50a10:  5e08a1004524       jp <<33>>0x4524
50a16:  bd20               ldk r2,#0
50a18:  7604a1009046       lda rr4,<<33>>0x9046
50a1e:  5f008400377c       call <<4>>0x377c
50a24:  7602a10087b2       lda rr2,<<33>>0x87b2
50a2a:  7604a1009046       lda rr4,<<33>>0x9046
50a30:  5f00840038d0       call <<4>>0x38d0
50a36:  e93c               jr ge,0x0ab0
50a38:  bd20               ldk r2,#0
50a3a:  7604a1009046       lda rr4,<<33>>0x9046
50a40:  5f008400377c       call <<4>>0x377c
50a46:  7602a1009046       lda rr2,<<33>>0x9046
50a4c:  7604a10087b2       lda rr4,<<33>>0x87b2
50a52:  7606a100904e       lda rr6,<<33>>0x904e
50a58:  5f0084003690       call <<4>>0x3690
50a5e:  7602840042f0       lda rr2,<<4>>0x42f0
50a64:  bd40               ldk r4,#0
50a66:  bd53               ldk r5,#3
50a68:  7606a1009f4c       lda rr6,<<33>>0x9f4c
50a6e:  5f008400285a       call <<4>>0x285a
50a74:  7602840042f0       lda rr2,<<4>>0x42f0
50a7a:  2104ffff           ld r4,#0xffff
50a7e:  21050011           ld r5,#0x0011
50a82:  7606a1009f3a       lda rr6,<<33>>0x9f3a
50a88:  5f008400285a       call <<4>>0x285a
50a8e:  7602840042f0       lda rr2,<<4>>0x42f0
50a94:  bd42               ldk r4,#2
50a96:  bd53               ldk r5,#3
50a98:  7606a100904e       lda rr6,<<33>>0x904e
50a9e:  5f00840022cc       call <<4>>0x22cc
50aa4:  7602840042f0       lda rr2,<<4>>0x42f0
50aaa:  5f00840011f6       call <<4>>0x11f6
50ab0:  bd20               ldk r2,#0
50ab2:  7604a1009046       lda rr4,<<33>>0x9046
50ab8:  5f008400377c       call <<4>>0x377c
50abe:  7602a10087b2       lda rr2,<<33>>0x87b2
50ac4:  7604a1009046       lda rr4,<<33>>0x9046
50aca:  5f00840038d0       call <<4>>0x38d0
50ad0:  e229               jr le,0x0b24
50ad2:  7602840042f0       lda rr2,<<4>>0x42f0
50ad8:  bd40               ldk r4,#0
50ada:  bd53               ldk r5,#3
50adc:  7606a1009f36       lda rr6,<<33>>0x9f36
50ae2:  5f008400285a       call <<4>>0x285a
50ae8:  7602840042f0       lda rr2,<<4>>0x42f0
50aee:  2104ffff           ld r4,#0xffff
50af2:  21050011           ld r5,#0x0011
50af6:  7606a1009f24       lda rr6,<<33>>0x9f24
50afc:  5f008400285a       call <<4>>0x285a
50b02:  7602840042f0       lda rr2,<<4>>0x42f0
50b08:  bd42               ldk r4,#2
50b0a:  bd53               ldk r5,#3
50b0c:  7606a10087b2       lda rr6,<<33>>0x87b2
50b12:  5f00840022cc       call <<4>>0x22cc
50b18:  7602840042f0       lda rr2,<<4>>0x42f0
50b1e:  5f00840011f6       call <<4>>0x11f6
50b24:  7602840042f0       lda rr2,<<4>>0x42f0
50b2a:  bd40               ldk r4,#0
50b2c:  bd53               ldk r5,#3
50b2e:  7606a1009f20       lda rr6,<<33>>0x9f20
50b34:  5f008400285a       call <<4>>0x285a
50b3a:  7602840042f0       lda rr2,<<4>>0x42f0
50b40:  2104ffff           ld r4,#0xffff
50b44:  21050011           ld r5,#0x0011
50b48:  7606a1009f0e       lda rr6,<<33>>0x9f0e
50b4e:  5f008400285a       call <<4>>0x285a
50b54:  7602840042f0       lda rr2,<<4>>0x42f0
50b5a:  bd42               ldk r4,#2
50b5c:  bd53               ldk r5,#3
50b5e:  7606a10087aa       lda rr6,<<33>>0x87aa
50b64:  5f00840022cc       call <<4>>0x22cc
50b6a:  7602840042f0       lda rr2,<<4>>0x42f0
50b70:  5f00840011f6       call <<4>>0x11f6
50b76:  4c01a100902c0101   cpb <<33>>0x902c,#0x01
50b7e:  5e0ea10047bc       jp nz,<<33>>0x47bc
50b84:  7602840042f0       lda rr2,<<4>>0x42f0
50b8a:  bd40               ldk r4,#0
50b8c:  bd53               ldk r5,#3
50b8e:  7606a1009f0a       lda rr6,<<33>>0x9f0a
50b94:  5f008400285a       call <<4>>0x285a
50b9a:  7602840042f0       lda rr2,<<4>>0x42f0
50ba0:  2104ffff           ld r4,#0xffff
50ba4:  21050025           ld r5,#0x0025
50ba8:  7606a1009ee4       lda rr6,<<33>>0x9ee4
50bae:  5f008400285a       call <<4>>0x285a
50bb4:  7602840042f0       lda rr2,<<4>>0x42f0
50bba:  5f00840011f6       call <<4>>0x11f6
50bc0:  7602840042f0       lda rr2,<<4>>0x42f0
50bc6:  bd40               ldk r4,#0
50bc8:  bd53               ldk r5,#3
50bca:  7606a1009ee0       lda rr6,<<33>>0x9ee0
50bd0:  5f008400285a       call <<4>>0x285a
50bd6:  7602840042f0       lda rr2,<<4>>0x42f0
50bdc:  2104ffff           ld r4,#0xffff
50be0:  21050025           ld r5,#0x0025
50be4:  7606a1009eba       lda rr6,<<33>>0x9eba
50bea:  5f008400285a       call <<4>>0x285a
50bf0:  7602840042f0       lda rr2,<<4>>0x42f0
50bf6:  5f00840011f6       call <<4>>0x11f6
50bfc:  4d04a10087a4       test <<33>>0x87a4
50c02:  ee2c               jr nz,0x0c5c
50c04:  7602840042f0       lda rr2,<<4>>0x42f0
50c0a:  bd40               ldk r4,#0
50c0c:  bd53               ldk r5,#3
50c0e:  7606a1009eb6       lda rr6,<<33>>0x9eb6
50c14:  5f008400285a       call <<4>>0x285a
50c1a:  7602840042f0       lda rr2,<<4>>0x42f0
50c20:  2104ffff           ld r4,#0xffff
50c24:  21050011           ld r5,#0x0011
50c28:  7606a1009ea4       lda rr6,<<33>>0x9ea4
50c2e:  5f008400285a       call <<4>>0x285a
50c34:  7602840042f0       lda rr2,<<4>>0x42f0
50c3a:  bd42               ldk r4,#2
50c3c:  bd53               ldk r5,#3
50c3e:  7606a10087c2       lda rr6,<<33>>0x87c2
50c44:  5f00840022cc       call <<4>>0x22cc
50c4a:  7602840042f0       lda rr2,<<4>>0x42f0
50c50:  5f00840011f6       call <<4>>0x11f6
50c56:  5e08a100476a       jp <<33>>0x476a
50c5c:  bd20               ldk r2,#0
50c5e:  7604a1009046       lda rr4,<<33>>0x9046
50c64:  5f008400377c       call <<4>>0x377c
50c6a:  7602a10087c2       lda rr2,<<33>>0x87c2
50c70:  7604a1009046       lda rr4,<<33>>0x9046
50c76:  5f00840038d0       call <<4>>0x38d0
50c7c:  e93c               jr ge,0x0cf6
50c7e:  bd20               ldk r2,#0
50c80:  7604a1009046       lda rr4,<<33>>0x9046
50c86:  5f008400377c       call <<4>>0x377c
50c8c:  7602a1009046       lda rr2,<<33>>0x9046
50c92:  7604a10087c2       lda rr4,<<33>>0x87c2
50c98:  7606a100904e       lda rr6,<<33>>0x904e
50c9e:  5f0084003690       call <<4>>0x3690
50ca4:  7602840042f0       lda rr2,<<4>>0x42f0
50caa:  bd40               ldk r4,#0
50cac:  bd53               ldk r5,#3
50cae:  7606a1009ea0       lda rr6,<<33>>0x9ea0
50cb4:  5f008400285a       call <<4>>0x285a
50cba:  7602840042f0       lda rr2,<<4>>0x42f0
50cc0:  2104ffff           ld r4,#0xffff
50cc4:  21050011           ld r5,#0x0011
50cc8:  7606a1009e8e       lda rr6,<<33>>0x9e8e
50cce:  5f008400285a       call <<4>>0x285a
50cd4:  7602840042f0       lda rr2,<<4>>0x42f0
50cda:  bd42               ldk r4,#2
50cdc:  bd53               ldk r5,#3
50cde:  7606a100904e       lda rr6,<<33>>0x904e
50ce4:  5f00840022cc       call <<4>>0x22cc
50cea:  7602840042f0       lda rr2,<<4>>0x42f0
50cf0:  5f00840011f6       call <<4>>0x11f6
50cf6:  bd20               ldk r2,#0
50cf8:  7604a1009046       lda rr4,<<33>>0x9046
50cfe:  5f008400377c       call <<4>>0x377c
50d04:  7602a10087c2       lda rr2,<<33>>0x87c2
50d0a:  7604a1009046       lda rr4,<<33>>0x9046
50d10:  5f00840038d0       call <<4>>0x38d0
50d16:  e229               jr le,0x0d6a
50d18:  7602840042f0       lda rr2,<<4>>0x42f0
50d1e:  bd40               ldk r4,#0
50d20:  bd53               ldk r5,#3
50d22:  7606a1009e8a       lda rr6,<<33>>0x9e8a
50d28:  5f008400285a       call <<4>>0x285a
50d2e:  7602840042f0       lda rr2,<<4>>0x42f0
50d34:  2104ffff           ld r4,#0xffff
50d38:  21050011           ld r5,#0x0011
50d3c:  7606a1009e78       lda rr6,<<33>>0x9e78
50d42:  5f008400285a       call <<4>>0x285a
50d48:  7602840042f0       lda rr2,<<4>>0x42f0
50d4e:  bd42               ldk r4,#2
50d50:  bd53               ldk r5,#3
50d52:  7606a10087c2       lda rr6,<<33>>0x87c2
50d58:  5f00840022cc       call <<4>>0x22cc
50d5e:  7602840042f0       lda rr2,<<4>>0x42f0
50d64:  5f00840011f6       call <<4>>0x11f6
50d6a:  7602840042f0       lda rr2,<<4>>0x42f0
50d70:  bd40               ldk r4,#0
50d72:  bd53               ldk r5,#3
50d74:  7606a1009e74       lda rr6,<<33>>0x9e74
50d7a:  5f008400285a       call <<4>>0x285a
50d80:  7602840042f0       lda rr2,<<4>>0x42f0
50d86:  2104ffff           ld r4,#0xffff
50d8a:  21050011           ld r5,#0x0011
50d8e:  7606a1009e62       lda rr6,<<33>>0x9e62
50d94:  5f008400285a       call <<4>>0x285a
50d9a:  7602840042f0       lda rr2,<<4>>0x42f0
50da0:  bd42               ldk r4,#2
50da2:  bd53               ldk r5,#3
50da4:  7606a10087ba       lda rr6,<<33>>0x87ba
50daa:  5f00840022cc       call <<4>>0x22cc
50db0:  7602840042f0       lda rr2,<<4>>0x42f0
50db6:  5f00840011f6       call <<4>>0x11f6
50dbc:  4c01a1008ff40101   cpb <<33>>0x8ff4,#0x01
50dc4:  e605               jr z,0x0dd0
50dc6:  4c01a1008ff30101   cpb <<33>>0x8ff3,#0x01
50dce:  ee22               jr nz,0x0e14
50dd0:  760c84000175       lda rr12,<<4>>0x0175
50dd6:  20c9               ldb rl1,@rr12
50dd8:  8c18               clrb rh1
50dda:  0b010000           cp r1,#0x0000
50dde:  e103               jr lt,0x0de6
50de0:  0b0100ff           cp r1,#0x00ff
50de4:  e205               jr le,0x0df0
50de6:  21020010           ld r2,#0x0010
50dea:  5f00840033f6       call <<4>>0x33f6
50df0:  a112               ld r2,r1
50df2:  760ca0000114       lda rr12,<<32>>0x0114
50df8:  21c3               ld r3,@rr12
50dfa:  760ca0000114       lda rr12,<<32>>0x0114
50e00:  31c40002           ld r4,rr12(#0x0002)
50e04:  210500e1           ld r5,#0x00e1
50e08:  210600e1           ld r6,#0x00e1
50e0c:  5f008400452e       call <<4>>0x452e
50e12:  e821               jr 0x0e56
50e14:  760c84000175       lda rr12,<<4>>0x0175
50e1a:  20c9               ldb rl1,@rr12
50e1c:  8c18               clrb rh1
50e1e:  0b010000           cp r1,#0x0000
50e22:  e103               jr lt,0x0e2a
50e24:  0b0100ff           cp r1,#0x00ff
50e28:  e205               jr le,0x0e34
50e2a:  21020010           ld r2,#0x0010
50e2e:  5f00840033f6       call <<4>>0x33f6
50e34:  a112               ld r2,r1
50e36:  760ca0000114       lda rr12,<<32>>0x0114
50e3c:  21c3               ld r3,@rr12
50e3e:  760ca0000114       lda rr12,<<32>>0x0114
50e44:  31c40002           ld r4,rr12(#0x0002)
50e48:  210500e1           ld r5,#0x00e1
50e4c:  210600e0           ld r6,#0x00e0
50e50:  5f008400452e       call <<4>>0x452e
50e56:  5f0084004452       call <<4>>0x4452
50e5c:  5f00a0000336       call <<32>>0x0336
50e62:  010f0042           add r15,#0x0042
50e66:  9e08               ret 
50e68:  030f001a           sub r15,#0x001a
50e6c:  0de5001e           ld @rr14,#0x001e
50e70:  5f008400460a       call <<4>>0x460a
50e76:  6ff71914           ld <<25>>0x0014(r15),r7
50e7a:  4d01a100908cffff   cp <<33>>0x908c,#0xffff
50e82:  e628               jr z,0x0ed4
50e84:  7602840042f0       lda rr2,<<4>>0x42f0
50e8a:  bd40               ldk r4,#0
50e8c:  bd53               ldk r5,#3
50e8e:  7606a100a388       lda rr6,<<33>>0xa388
50e94:  5f008400285a       call <<4>>0x285a
50e9a:  7602840042f0       lda rr2,<<4>>0x42f0
50ea0:  bd40               ldk r4,#0
50ea2:  140600000000       ldl rr6,#0x00000000
50ea8:  5f008400210c       call <<4>>0x210c
50eae:  7602840042f0       lda rr2,<<4>>0x42f0
50eb4:  2104ffff           ld r4,#0xffff
50eb8:  2105001e           ld r5,#0x001e
50ebc:  7606a100a36a       lda rr6,<<33>>0xa36a
50ec2:  5f008400285a       call <<4>>0x285a
50ec8:  7602840042f0       lda rr2,<<4>>0x42f0
50ece:  5f00840011f6       call <<4>>0x11f6
50ed4:  760ca0000114       lda rr12,<<32>>0x0114
50eda:  21c2               ld r2,@rr12
50edc:  bd30               ldk r3,#0
50ede:  34e40016           lda rr4,rr14(#0x0016)
50ee2:  5f00840044a2       call <<4>>0x44a2
50ee8:  6eff1906           ldb <<25>>0x0006(r15),rl7
50eec:  60f91906           ldb rl1,<<25>>0x0006(r15)
50ef0:  b110               extsb r1
50ef2:  0b010000           cp r1,#0x0000
50ef6:  e103               jr lt,0x0efe
50ef8:  0b010001           cp r1,#0x0001
50efc:  e204               jr le,0x0f06
50efe:  bd2e               ldk r2,#14
50f00:  5f00840033f6       call <<4>>0x33f6
50f06:  6ef91918           ldb <<25>>0x0018(r15),rl1
50f0a:  61f11916           ld r1,<<25>>0x0016(r15)
50f0e:  8d14               test r1
50f10:  ed02               jr pl,0x0f16
50f12:  8d12               neg r1
50f14:  a51f               set r1,#15
50f16:  b311fff8           srl r1,#8
50f1a:  a717               bit r1,#7
50f1c:  e602               jr z,0x0f22
50f1e:  a317               res r1,#7
50f20:  8d12               neg r1
50f22:  a112               ld r2,r1
50f24:  7604a1009090       lda rr4,<<33>>0x9090
50f2a:  5f00a100766a       call <<33>>0x766a
50f30:  6f07a100908e       ld <<33>>0x908e,r7
50f36:  61f11914           ld r1,<<25>>0x0014(r15)
50f3a:  6f01a100908c       ld <<33>>0x908c,r1
50f40:  5f008400461e       call <<4>>0x461e
50f46:  010f001a           add r15,#0x001a
50f4a:  9e08               ret 
50f4c:  030f0012           sub r15,#0x0012
50f50:  0de50016           ld @rr14,#0x0016
50f54:  5cf902051906       ldm <<25>>0x0006(r15),r2,#6
50f5a:  61f21906           ld r2,<<25>>0x0006(r15)
50f5e:  61f31908           ld r3,<<25>>0x0008(r15)
50f62:  54f4190a           ldl rr4,<<25>>0x000a(r15)
50f66:  5f00a1006d92       call <<33>>0x6d92
50f6c:  6f07a100906e       ld <<33>>0x906e,r7
50f72:  6101a100906e       ld r1,<<33>>0x906e
50f78:  0b010000           cp r1,#0x0000
50f7c:  5e0ea1004b24       jp nz,<<33>>0x4b24
50f82:  5f00a1005f8c       call <<33>>0x5f8c
50f88:  4d01a100908cffff   cp <<33>>0x908c,#0xffff
50f90:  ee06               jr nz,0x0f9e
50f92:  760c84000166       lda rr12,<<4>>0x0166
50f98:  0cc10000           cpb @rr12,#0x00
50f9c:  e6f2               jr z,0x0f82
50f9e:  760c84000166       lda rr12,<<4>>0x0166
50fa4:  0cc10000           cpb @rr12,#0x00
50fa8:  5e0ea1004b1e       jp nz,<<33>>0x4b1e
50fae:  4d01a100908e00f2   cp <<33>>0x908e,#0x00f2
50fb6:  ee62               jr nz,0x107c
50fb8:  61f21906           ld r2,<<25>>0x0006(r15)
50fbc:  7604a100905c       lda rr4,<<33>>0x905c
50fc2:  5f00a1006e9a       call <<33>>0x6e9a
50fc8:  6f07a100906e       ld <<33>>0x906e,r7
50fce:  4d01a100906e0019   cp <<33>>0x906e,#0x0019
50fd6:  e651               jr z,0x107a
50fd8:  bd13               ldk r1,#3
50fda:  0b010000           cp r1,#0x0000
50fde:  e103               jr lt,0x0fe6
50fe0:  0b010003           cp r1,#0x0003
50fe4:  e204               jr le,0x0fee
50fe6:  bd2e               ldk r2,#14
50fe8:  5f00840033f6       call <<4>>0x33f6
50fee:  760c84000166       lda rr12,<<4>>0x0166
50ff4:  2ec9               ldb @rr12,rl1
50ff6:  5f00840044de       call <<4>>0x44de
50ffc:  7602840042f0       lda rr2,<<4>>0x42f0
51002:  bd40               ldk r4,#0
51004:  bd53               ldk r5,#3
51006:  7606a100a3de       lda rr6,<<33>>0xa3de
5100c:  5f008400285a       call <<4>>0x285a
51012:  7602840042f0       lda rr2,<<4>>0x42f0
51018:  2104ffff           ld r4,#0xffff
5101c:  21050012           ld r5,#0x0012
51020:  7606a100a3cc       lda rr6,<<33>>0xa3cc
51026:  5f008400285a       call <<4>>0x285a
5102c:  7602840042f0       lda rr2,<<4>>0x42f0
51032:  5f00840011f6       call <<4>>0x11f6
51038:  760c84000175       lda rr12,<<4>>0x0175
5103e:  20c9               ldb rl1,@rr12
51040:  8c18               clrb rh1
51042:  0b010000           cp r1,#0x0000
51046:  e103               jr lt,0x104e
51048:  0b0100ff           cp r1,#0x00ff
5104c:  e205               jr le,0x1058
5104e:  21020010           ld r2,#0x0010
51052:  5f00840033f6       call <<4>>0x33f6
51058:  a112               ld r2,r1
5105a:  760ca0000114       lda rr12,<<32>>0x0114
51060:  21c3               ld r3,@rr12
51062:  760ca0000114       lda rr12,<<32>>0x0114
51068:  31c40002           ld r4,rr12(#0x0002)
5106c:  210500e1           ld r5,#0x00e1
51070:  210600ff           ld r6,#0x00ff
51074:  5f00840044f2       call <<4>>0x44f2
5107a:  e851               jr 0x111e
5107c:  bd13               ldk r1,#3
5107e:  0b010000           cp r1,#0x0000
51082:  e103               jr lt,0x108a
51084:  0b010003           cp r1,#0x0003
51088:  e204               jr le,0x1092
5108a:  bd2e               ldk r2,#14
5108c:  5f00840033f6       call <<4>>0x33f6
51092:  760c84000166       lda rr12,<<4>>0x0166
51098:  2ec9               ldb @rr12,rl1
5109a:  5f00840044de       call <<4>>0x44de
510a0:  7602840042f0       lda rr2,<<4>>0x42f0
510a6:  bd40               ldk r4,#0
510a8:  bd53               ldk r5,#3
510aa:  7606a100a3c8       lda rr6,<<33>>0xa3c8
510b0:  5f008400285a       call <<4>>0x285a
510b6:  7602840042f0       lda rr2,<<4>>0x42f0
510bc:  2104ffff           ld r4,#0xffff
510c0:  21050012           ld r5,#0x0012
510c4:  7606a100a3b6       lda rr6,<<33>>0xa3b6
510ca:  5f008400285a       call <<4>>0x285a
510d0:  7602840042f0       lda rr2,<<4>>0x42f0
510d6:  5f00840011f6       call <<4>>0x11f6
510dc:  760c84000175       lda rr12,<<4>>0x0175
510e2:  20c9               ldb rl1,@rr12
510e4:  8c18               clrb rh1
510e6:  0b010000           cp r1,#0x0000
510ea:  e103               jr lt,0x10f2
510ec:  0b0100ff           cp r1,#0x00ff
510f0:  e205               jr le,0x10fc
510f2:  21020010           ld r2,#0x0010
510f6:  5f00840033f6       call <<4>>0x33f6
510fc:  a112               ld r2,r1
510fe:  760ca0000114       lda rr12,<<32>>0x0114
51104:  21c3               ld r3,@rr12
51106:  760ca0000114       lda rr12,<<32>>0x0114
5110c:  31c40002           ld r4,rr12(#0x0002)
51110:  210500e1           ld r5,#0x00e1
51114:  210600ff           ld r6,#0x00ff
51118:  5f00840044f2       call <<4>>0x44f2
5111e:  5e08a1004c82       jp <<33>>0x4c82
51124:  0b010001           cp r1,#0x0001
51128:  e609               jr z,0x113c
5112a:  0b010002           cp r1,#0x0002
5112e:  e606               jr z,0x113c
51130:  0b010003           cp r1,#0x0003
51134:  e603               jr z,0x113c
51136:  0b010004           cp r1,#0x0004
5113a:  ee52               jr nz,0x11e0
5113c:  bd13               ldk r1,#3
5113e:  0b010000           cp r1,#0x0000
51142:  e103               jr lt,0x114a
51144:  0b010003           cp r1,#0x0003
51148:  e204               jr le,0x1152
5114a:  bd2e               ldk r2,#14
5114c:  5f00840033f6       call <<4>>0x33f6
51152:  760c84000166       lda rr12,<<4>>0x0166
51158:  2ec9               ldb @rr12,rl1
5115a:  5f00840044de       call <<4>>0x44de
51160:  7602840042f0       lda rr2,<<4>>0x42f0
51166:  bd40               ldk r4,#0
51168:  bd53               ldk r5,#3
5116a:  7606a100a3b2       lda rr6,<<33>>0xa3b2
51170:  5f008400285a       call <<4>>0x285a
51176:  7602840042f0       lda rr2,<<4>>0x42f0
5117c:  2104ffff           ld r4,#0xffff
51180:  21050010           ld r5,#0x0010
51184:  7606a100a3a2       lda rr6,<<33>>0xa3a2
5118a:  5f008400285a       call <<4>>0x285a
51190:  7602840042f0       lda rr2,<<4>>0x42f0
51196:  5f00840011f6       call <<4>>0x11f6
5119c:  760c84000175       lda rr12,<<4>>0x0175
511a2:  20c9               ldb rl1,@rr12
511a4:  8c18               clrb rh1
511a6:  0b010000           cp r1,#0x0000
511aa:  e103               jr lt,0x11b2
511ac:  0b0100ff           cp r1,#0x00ff
511b0:  e205               jr le,0x11bc
511b2:  21020010           ld r2,#0x0010
511b6:  5f00840033f6       call <<4>>0x33f6
511bc:  a112               ld r2,r1
511be:  760ca0000114       lda rr12,<<32>>0x0114
511c4:  21c3               ld r3,@rr12
511c6:  760ca0000114       lda rr12,<<32>>0x0114
511cc:  31c40002           ld r4,rr12(#0x0002)
511d0:  210500e1           ld r5,#0x00e1
511d4:  210600ff           ld r6,#0x00ff
511d8:  5f00840044f2       call <<4>>0x44f2
511de:  e851               jr 0x1282
511e0:  bd13               ldk r1,#3
511e2:  0b010000           cp r1,#0x0000
511e6:  e103               jr lt,0x11ee
511e8:  0b010003           cp r1,#0x0003
511ec:  e204               jr le,0x11f6
511ee:  bd2e               ldk r2,#14
511f0:  5f00840033f6       call <<4>>0x33f6
511f6:  760c84000166       lda rr12,<<4>>0x0166
511fc:  2ec9               ldb @rr12,rl1
511fe:  5f00840044de       call <<4>>0x44de
51204:  7602840042f0       lda rr2,<<4>>0x42f0
5120a:  bd40               ldk r4,#0
5120c:  bd53               ldk r5,#3
5120e:  7606a100a39e       lda rr6,<<33>>0xa39e
51214:  5f008400285a       call <<4>>0x285a
5121a:  7602840042f0       lda rr2,<<4>>0x42f0
51220:  2104ffff           ld r4,#0xffff
51224:  21050012           ld r5,#0x0012
51228:  7606a100a38c       lda rr6,<<33>>0xa38c
5122e:  5f008400285a       call <<4>>0x285a
51234:  7602840042f0       lda rr2,<<4>>0x42f0
5123a:  5f00840011f6       call <<4>>0x11f6
51240:  760c84000175       lda rr12,<<4>>0x0175
51246:  20c9               ldb rl1,@rr12
51248:  8c18               clrb rh1
5124a:  0b010000           cp r1,#0x0000
5124e:  e103               jr lt,0x1256
51250:  0b0100ff           cp r1,#0x00ff
51254:  e205               jr le,0x1260
51256:  21020010           ld r2,#0x0010
5125a:  5f00840033f6       call <<4>>0x33f6
51260:  a112               ld r2,r1
51262:  760ca0000114       lda rr12,<<32>>0x0114
51268:  21c3               ld r3,@rr12
5126a:  760ca0000114       lda rr12,<<32>>0x0114
51270:  31c40002           ld r4,rr12(#0x0002)
51274:  210500e1           ld r5,#0x00e1
51278:  210600ff           ld r6,#0x00ff
5127c:  5f00840044f2       call <<4>>0x44f2
51282:  010f0012           add r15,#0x0012
51286:  9e08               ret 
51288:  030f0012           sub r15,#0x0012
5128c:  0de50016           ld @rr14,#0x0016
51290:  5cf902051906       ldm <<25>>0x0006(r15),r2,#6
51296:  61f21906           ld r2,<<25>>0x0006(r15)
5129a:  61f31908           ld r3,<<25>>0x0008(r15)
5129e:  61f4190a           ld r4,<<25>>0x000a(r15)
512a2:  54f6190e           ldl rr6,<<25>>0x000e(r15)
512a6:  5f00a1006e56       call <<33>>0x6e56
512ac:  6f07a100906e       ld <<33>>0x906e,r7
512b2:  6101a100906e       ld r1,<<33>>0x906e
512b8:  0b010000           cp r1,#0x0000
512bc:  5e0ea1004e6e       jp nz,<<33>>0x4e6e
512c2:  760c84000166       lda rr12,<<4>>0x0166
512c8:  0cc10000           cpb @rr12,#0x00
512cc:  5e0ea1004e68       jp nz,<<33>>0x4e68
512d2:  5f00a1005f8c       call <<33>>0x5f8c
512d8:  4d01a100908cffff   cp <<33>>0x908c,#0xffff
512e0:  ee06               jr nz,0x12ee
512e2:  760c84000166       lda rr12,<<4>>0x0166
512e8:  0cc10000           cpb @rr12,#0x00
512ec:  e6f2               jr z,0x12d2
512ee:  61f21906           ld r2,<<25>>0x0006(r15)
512f2:  7604a100905c       lda rr4,<<33>>0x905c
512f8:  5f00a1006e76       call <<33>>0x6e76
512fe:  6f07a100906e       ld <<33>>0x906e,r7
51304:  6101a100906e       ld r1,<<33>>0x906e
5130a:  0b010000           cp r1,#0x0000
5130e:  ee03               jr nz,0x1316
51310:  5e08a1004e68       jp <<33>>0x4e68
51316:  0b010018           cp r1,#0x0018
5131a:  e603               jr z,0x1322
5131c:  0b010019           cp r1,#0x0019
51320:  ee52               jr nz,0x13c6
51322:  bd13               ldk r1,#3
51324:  0b010000           cp r1,#0x0000
51328:  e103               jr lt,0x1330
5132a:  0b010003           cp r1,#0x0003
5132e:  e204               jr le,0x1338
51330:  bd2e               ldk r2,#14
51332:  5f00840033f6       call <<4>>0x33f6
51338:  760c84000166       lda rr12,<<4>>0x0166
5133e:  2ec9               ldb @rr12,rl1
51340:  5f00840044de       call <<4>>0x44de
51346:  7602840042f0       lda rr2,<<4>>0x42f0
5134c:  bd40               ldk r4,#0
5134e:  bd53               ldk r5,#3
51350:  7606a100a438       lda rr6,<<33>>0xa438
51356:  5f008400285a       call <<4>>0x285a
5135c:  7602840042f0       lda rr2,<<4>>0x42f0
51362:  2104ffff           ld r4,#0xffff
51366:  21050017           ld r5,#0x0017
5136a:  7606a100a420       lda rr6,<<33>>0xa420
51370:  5f008400285a       call <<4>>0x285a
51376:  7602840042f0       lda rr2,<<4>>0x42f0
5137c:  5f00840011f6       call <<4>>0x11f6
51382:  760c84000175       lda rr12,<<4>>0x0175
51388:  20c9               ldb rl1,@rr12
5138a:  8c18               clrb rh1
5138c:  0b010000           cp r1,#0x0000
51390:  e103               jr lt,0x1398
51392:  0b0100ff           cp r1,#0x00ff
51396:  e205               jr le,0x13a2
51398:  21020010           ld r2,#0x0010
5139c:  5f00840033f6       call <<4>>0x33f6
513a2:  a112               ld r2,r1
513a4:  760ca0000114       lda rr12,<<32>>0x0114
513aa:  21c3               ld r3,@rr12
513ac:  760ca0000114       lda rr12,<<32>>0x0114
513b2:  31c40002           ld r4,rr12(#0x0002)
513b6:  210500e1           ld r5,#0x00e1
513ba:  210600ff           ld r6,#0x00ff
513be:  5f00840044f2       call <<4>>0x44f2
513c4:  e851               jr 0x1468
513c6:  bd13               ldk r1,#3
513c8:  0b010000           cp r1,#0x0000
513cc:  e103               jr lt,0x13d4
513ce:  0b010003           cp r1,#0x0003
513d2:  e204               jr le,0x13dc
513d4:  bd2e               ldk r2,#14
513d6:  5f00840033f6       call <<4>>0x33f6
513dc:  760c84000166       lda rr12,<<4>>0x0166
513e2:  2ec9               ldb @rr12,rl1
513e4:  5f00840044de       call <<4>>0x44de
513ea:  7602840042f0       lda rr2,<<4>>0x42f0
513f0:  bd40               ldk r4,#0
513f2:  bd53               ldk r5,#3
513f4:  7606a100a41c       lda rr6,<<33>>0xa41c
513fa:  5f008400285a       call <<4>>0x285a
51400:  7602840042f0       lda rr2,<<4>>0x42f0
51406:  2104ffff           ld r4,#0xffff
5140a:  21050010           ld r5,#0x0010
5140e:  7606a100a40c       lda rr6,<<33>>0xa40c
51414:  5f008400285a       call <<4>>0x285a
5141a:  7602840042f0       lda rr2,<<4>>0x42f0
51420:  5f00840011f6       call <<4>>0x11f6
51426:  760c84000175       lda rr12,<<4>>0x0175
5142c:  20c9               ldb rl1,@rr12
5142e:  8c18               clrb rh1
51430:  0b010000           cp r1,#0x0000
51434:  e103               jr lt,0x143c
51436:  0b0100ff           cp r1,#0x00ff
5143a:  e205               jr le,0x1446
5143c:  21020010           ld r2,#0x0010
51440:  5f00840033f6       call <<4>>0x33f6
51446:  a112               ld r2,r1
51448:  760ca0000114       lda rr12,<<32>>0x0114
5144e:  21c3               ld r3,@rr12
51450:  760ca0000114       lda rr12,<<32>>0x0114
51456:  31c40002           ld r4,rr12(#0x0002)
5145a:  210500e1           ld r5,#0x00e1
5145e:  210600ff           ld r6,#0x00ff
51462:  5f00840044f2       call <<4>>0x44f2
51468:  5e08a1004fcc       jp <<33>>0x4fcc
5146e:  0b010001           cp r1,#0x0001
51472:  e609               jr z,0x1486
51474:  0b010002           cp r1,#0x0002
51478:  e606               jr z,0x1486
5147a:  0b010003           cp r1,#0x0003
5147e:  e603               jr z,0x1486
51480:  0b010004           cp r1,#0x0004
51484:  ee52               jr nz,0x152a
51486:  bd13               ldk r1,#3
51488:  0b010000           cp r1,#0x0000
5148c:  e103               jr lt,0x1494
5148e:  0b010003           cp r1,#0x0003
51492:  e204               jr le,0x149c
51494:  bd2e               ldk r2,#14
51496:  5f00840033f6       call <<4>>0x33f6
5149c:  760c84000166       lda rr12,<<4>>0x0166
514a2:  2ec9               ldb @rr12,rl1
514a4:  5f00840044de       call <<4>>0x44de
514aa:  7602840042f0       lda rr2,<<4>>0x42f0
514b0:  bd40               ldk r4,#0
514b2:  bd53               ldk r5,#3
514b4:  7606a100a408       lda rr6,<<33>>0xa408
514ba:  5f008400285a       call <<4>>0x285a
514c0:  7602840042f0       lda rr2,<<4>>0x42f0
514c6:  2104ffff           ld r4,#0xffff
514ca:  21050010           ld r5,#0x0010
514ce:  7606a100a3f8       lda rr6,<<33>>0xa3f8
514d4:  5f008400285a       call <<4>>0x285a
514da:  7602840042f0       lda rr2,<<4>>0x42f0
514e0:  5f00840011f6       call <<4>>0x11f6
514e6:  760c84000175       lda rr12,<<4>>0x0175
514ec:  20c9               ldb rl1,@rr12
514ee:  8c18               clrb rh1
514f0:  0b010000           cp r1,#0x0000
514f4:  e103               jr lt,0x14fc
514f6:  0b0100ff           cp r1,#0x00ff
514fa:  e205               jr le,0x1506
514fc:  21020010           ld r2,#0x0010
51500:  5f00840033f6       call <<4>>0x33f6
51506:  a112               ld r2,r1
51508:  760ca0000114       lda rr12,<<32>>0x0114
5150e:  21c3               ld r3,@rr12
51510:  760ca0000114       lda rr12,<<32>>0x0114
51516:  31c40002           ld r4,rr12(#0x0002)
5151a:  210500e1           ld r5,#0x00e1
5151e:  210600ff           ld r6,#0x00ff
51522:  5f00840044f2       call <<4>>0x44f2
51528:  e851               jr 0x15cc
5152a:  bd13               ldk r1,#3
5152c:  0b010000           cp r1,#0x0000
51530:  e103               jr lt,0x1538
51532:  0b010003           cp r1,#0x0003
51536:  e204               jr le,0x1540
51538:  bd2e               ldk r2,#14
5153a:  5f00840033f6       call <<4>>0x33f6
51540:  760c84000166       lda rr12,<<4>>0x0166
51546:  2ec9               ldb @rr12,rl1
51548:  5f00840044de       call <<4>>0x44de
5154e:  7602840042f0       lda rr2,<<4>>0x42f0
51554:  bd40               ldk r4,#0
51556:  bd53               ldk r5,#3
51558:  7606a100a3f4       lda rr6,<<33>>0xa3f4
5155e:  5f008400285a       call <<4>>0x285a
51564:  7602840042f0       lda rr2,<<4>>0x42f0
5156a:  2104ffff           ld r4,#0xffff
5156e:  21050012           ld r5,#0x0012
51572:  7606a100a3e2       lda rr6,<<33>>0xa3e2
51578:  5f008400285a       call <<4>>0x285a
5157e:  7602840042f0       lda rr2,<<4>>0x42f0
51584:  5f00840011f6       call <<4>>0x11f6
5158a:  760c84000175       lda rr12,<<4>>0x0175
51590:  20c9               ldb rl1,@rr12
51592:  8c18               clrb rh1
51594:  0b010000           cp r1,#0x0000
51598:  e103               jr lt,0x15a0
5159a:  0b0100ff           cp r1,#0x00ff
5159e:  e205               jr le,0x15aa
515a0:  21020010           ld r2,#0x0010
515a4:  5f00840033f6       call <<4>>0x33f6
515aa:  a112               ld r2,r1
515ac:  760ca0000114       lda rr12,<<32>>0x0114
515b2:  21c3               ld r3,@rr12
515b4:  760ca0000114       lda rr12,<<32>>0x0114
515ba:  31c40002           ld r4,rr12(#0x0002)
515be:  210500e1           ld r5,#0x00e1
515c2:  210600ff           ld r6,#0x00ff
515c6:  5f00840044f2       call <<4>>0x44f2
515cc:  010f0012           add r15,#0x0012
515d0:  9e08               ret 
515d2:  030f0012           sub r15,#0x0012
515d6:  0de50016           ld @rr14,#0x0016
515da:  5cf902051906       ldm <<25>>0x0006(r15),r2,#6
515e0:  61f21906           ld r2,<<25>>0x0006(r15)
515e4:  61f31908           ld r3,<<25>>0x0008(r15)
515e8:  54f4190a           ldl rr4,<<25>>0x000a(r15)
515ec:  5f00a1006dd2       call <<33>>0x6dd2
515f2:  6f07a100906e       ld <<33>>0x906e,r7
515f8:  6101a100906e       ld r1,<<33>>0x906e
515fe:  0b010000           cp r1,#0x0000
51602:  5e0ea10052c6       jp nz,<<33>>0x52c6
51608:  760c84000166       lda rr12,<<4>>0x0166
5160e:  0cc10000           cpb @rr12,#0x00
51612:  5e0ea10052c0       jp nz,<<33>>0x52c0
51618:  5f00a1005f8c       call <<33>>0x5f8c
5161e:  4d01a100908cffff   cp <<33>>0x908c,#0xffff
51626:  ee06               jr nz,0x1634
51628:  760c84000166       lda rr12,<<4>>0x0166
5162e:  0cc10000           cpb @rr12,#0x00
51632:  e6f2               jr z,0x1618
51634:  61f21906           ld r2,<<25>>0x0006(r15)
51638:  7604a100905c       lda rr4,<<33>>0x905c
5163e:  5f00a1006df2       call <<33>>0x6df2
51644:  6f07a100906e       ld <<33>>0x906e,r7
5164a:  6101a100906e       ld r1,<<33>>0x906e
51650:  0b010000           cp r1,#0x0000
51654:  5e0ea100521e       jp nz,<<33>>0x521e
5165a:  61f21906           ld r2,<<25>>0x0006(r15)
5165e:  54f4190a           ldl rr4,<<25>>0x000a(r15)
51662:  5f00a100764a       call <<33>>0x764a
51668:  6f07a100906e       ld <<33>>0x906e,r7
5166e:  4d05a100908cffff   ld <<33>>0x908c,#0xffff
51676:  61f21906           ld r2,<<25>>0x0006(r15)
5167a:  bd31               ldk r3,#1
5167c:  bd40               ldk r4,#0
5167e:  5f00a10075e6       call <<33>>0x75e6
51684:  6f07a100906e       ld <<33>>0x906e,r7
5168a:  6101a100906e       ld r1,<<33>>0x906e
51690:  0b010000           cp r1,#0x0000
51694:  ee72               jr nz,0x177a
51696:  5f00a1005f8c       call <<33>>0x5f8c
5169c:  4d01a100908cffff   cp <<33>>0x908c,#0xffff
516a4:  ee06               jr nz,0x16b2
516a6:  760c84000166       lda rr12,<<4>>0x0166
516ac:  0cc10000           cpb @rr12,#0x00
516b0:  e6f2               jr z,0x1696
516b2:  61f21906           ld r2,<<25>>0x0006(r15)
516b6:  6103a1009088       ld r3,<<33>>0x9088
516bc:  7604a100908a       lda rr4,<<33>>0x908a
516c2:  5f00a1007606       call <<33>>0x7606
516c8:  6f07a100906e       ld <<33>>0x906e,r7
516ce:  4d01a100906e000d   cp <<33>>0x906e,#0x000d
516d6:  e650               jr z,0x1778
516d8:  bd13               ldk r1,#3
516da:  0b010000           cp r1,#0x0000
516de:  e103               jr lt,0x16e6
516e0:  0b010003           cp r1,#0x0003
516e4:  e204               jr le,0x16ee
516e6:  bd2e               ldk r2,#14
516e8:  5f00840033f6       call <<4>>0x33f6
516ee:  760c84000166       lda rr12,<<4>>0x0166
516f4:  2ec9               ldb @rr12,rl1
516f6:  5f00840044de       call <<4>>0x44de
516fc:  7602840042f0       lda rr2,<<4>>0x42f0
51702:  bd40               ldk r4,#0
51704:  bd53               ldk r5,#3
51706:  7606a100a49c       lda rr6,<<33>>0xa49c
5170c:  5f008400285a       call <<4>>0x285a
51712:  7602840042f0       lda rr2,<<4>>0x42f0
51718:  2104ffff           ld r4,#0xffff
5171c:  bd5d               ldk r5,#13
5171e:  7606a100a48e       lda rr6,<<33>>0xa48e
51724:  5f008400285a       call <<4>>0x285a
5172a:  7602840042f0       lda rr2,<<4>>0x42f0
51730:  5f00840011f6       call <<4>>0x11f6
51736:  760c84000175       lda rr12,<<4>>0x0175
5173c:  20c9               ldb rl1,@rr12
5173e:  8c18               clrb rh1
51740:  0b010000           cp r1,#0x0000
51744:  e103               jr lt,0x174c
51746:  0b0100ff           cp r1,#0x00ff
5174a:  e205               jr le,0x1756
5174c:  21020010           ld r2,#0x0010
51750:  5f00840033f6       call <<4>>0x33f6
51756:  a112               ld r2,r1
51758:  760ca0000114       lda rr12,<<32>>0x0114
5175e:  21c3               ld r3,@rr12
51760:  760ca0000114       lda rr12,<<32>>0x0114
51766:  31c40002           ld r4,rr12(#0x0002)
5176a:  210500e1           ld r5,#0x00e1
5176e:  210600ff           ld r6,#0x00ff
51772:  5f00840044f2       call <<4>>0x44f2
51778:  e851               jr 0x181c
5177a:  bd13               ldk r1,#3
5177c:  0b010000           cp r1,#0x0000
51780:  e103               jr lt,0x1788
51782:  0b010003           cp r1,#0x0003
51786:  e204               jr le,0x1790
51788:  bd2e               ldk r2,#14
5178a:  5f00840033f6       call <<4>>0x33f6
51790:  760c84000166       lda rr12,<<4>>0x0166
51796:  2ec9               ldb @rr12,rl1
51798:  5f00840044de       call <<4>>0x44de
5179e:  7602840042f0       lda rr2,<<4>>0x42f0
517a4:  bd40               ldk r4,#0
517a6:  bd53               ldk r5,#3
517a8:  7606a100a48a       lda rr6,<<33>>0xa48a
517ae:  5f008400285a       call <<4>>0x285a
517b4:  7602840042f0       lda rr2,<<4>>0x42f0
517ba:  2104ffff           ld r4,#0xffff
517be:  21050010           ld r5,#0x0010
517c2:  7606a100a47a       lda rr6,<<33>>0xa47a
517c8:  5f008400285a       call <<4>>0x285a
517ce:  7602840042f0       lda rr2,<<4>>0x42f0
517d4:  5f00840011f6       call <<4>>0x11f6
517da:  760c84000175       lda rr12,<<4>>0x0175
517e0:  20c9               ldb rl1,@rr12
517e2:  8c18               clrb rh1
517e4:  0b010000           cp r1,#0x0000
517e8:  e103               jr lt,0x17f0
517ea:  0b0100ff           cp r1,#0x00ff
517ee:  e205               jr le,0x17fa
517f0:  21020010           ld r2,#0x0010
517f4:  5f00840033f6       call <<4>>0x33f6
517fa:  a112               ld r2,r1
517fc:  760ca0000114       lda rr12,<<32>>0x0114
51802:  21c3               ld r3,@rr12
51804:  760ca0000114       lda rr12,<<32>>0x0114
5180a:  31c40002           ld r4,rr12(#0x0002)
5180e:  210500e1           ld r5,#0x00e1
51812:  210600ff           ld r6,#0x00ff
51816:  5f00840044f2       call <<4>>0x44f2
5181c:  e851               jr 0x18c0
5181e:  bd13               ldk r1,#3
51820:  0b010000           cp r1,#0x0000
51824:  e103               jr lt,0x182c
51826:  0b010003           cp r1,#0x0003
5182a:  e204               jr le,0x1834
5182c:  bd2e               ldk r2,#14
5182e:  5f00840033f6       call <<4>>0x33f6
51834:  760c84000166       lda rr12,<<4>>0x0166
5183a:  2ec9               ldb @rr12,rl1
5183c:  5f00840044de       call <<4>>0x44de
51842:  7602840042f0       lda rr2,<<4>>0x42f0
51848:  bd40               ldk r4,#0
5184a:  bd53               ldk r5,#3
5184c:  7606a100a476       lda rr6,<<33>>0xa476
51852:  5f008400285a       call <<4>>0x285a
51858:  7602840042f0       lda rr2,<<4>>0x42f0
5185e:  2104ffff           ld r4,#0xffff
51862:  21050010           ld r5,#0x0010
51866:  7606a100a466       lda rr6,<<33>>0xa466
5186c:  5f008400285a       call <<4>>0x285a
51872:  7602840042f0       lda rr2,<<4>>0x42f0
51878:  5f00840011f6       call <<4>>0x11f6
5187e:  760c84000175       lda rr12,<<4>>0x0175
51884:  20c9               ldb rl1,@rr12
51886:  8c18               clrb rh1
51888:  0b010000           cp r1,#0x0000
5188c:  e103               jr lt,0x1894
5188e:  0b0100ff           cp r1,#0x00ff
51892:  e205               jr le,0x189e
51894:  21020010           ld r2,#0x0010
51898:  5f00840033f6       call <<4>>0x33f6
5189e:  a112               ld r2,r1
518a0:  760ca0000114       lda rr12,<<32>>0x0114
518a6:  21c3               ld r3,@rr12
518a8:  760ca0000114       lda rr12,<<32>>0x0114
518ae:  31c40002           ld r4,rr12(#0x0002)
518b2:  210500e1           ld r5,#0x00e1
518b6:  210600ff           ld r6,#0x00ff
518ba:  5f00840044f2       call <<4>>0x44f2
518c0:  5e08a1005424       jp <<33>>0x5424
518c6:  0b010001           cp r1,#0x0001
518ca:  e609               jr z,0x18de
518cc:  0b010002           cp r1,#0x0002
518d0:  e606               jr z,0x18de
518d2:  0b010003           cp r1,#0x0003
518d6:  e603               jr z,0x18de
518d8:  0b010004           cp r1,#0x0004
518dc:  ee52               jr nz,0x1982
518de:  bd13               ldk r1,#3
518e0:  0b010000           cp r1,#0x0000
518e4:  e103               jr lt,0x18ec
518e6:  0b010003           cp r1,#0x0003
518ea:  e204               jr le,0x18f4
518ec:  bd2e               ldk r2,#14
518ee:  5f00840033f6       call <<4>>0x33f6
518f4:  760c84000166       lda rr12,<<4>>0x0166
518fa:  2ec9               ldb @rr12,rl1
518fc:  5f00840044de       call <<4>>0x44de
51902:  7602840042f0       lda rr2,<<4>>0x42f0
51908:  bd40               ldk r4,#0
5190a:  bd53               ldk r5,#3
5190c:  7606a100a462       lda rr6,<<33>>0xa462
51912:  5f008400285a       call <<4>>0x285a
51918:  7602840042f0       lda rr2,<<4>>0x42f0
5191e:  2104ffff           ld r4,#0xffff
51922:  21050010           ld r5,#0x0010
51926:  7606a100a452       lda rr6,<<33>>0xa452
5192c:  5f008400285a       call <<4>>0x285a
51932:  7602840042f0       lda rr2,<<4>>0x42f0
51938:  5f00840011f6       call <<4>>0x11f6
5193e:  760c84000175       lda rr12,<<4>>0x0175
51944:  20c9               ldb rl1,@rr12
51946:  8c18               clrb rh1
51948:  0b010000           cp r1,#0x0000
5194c:  e103               jr lt,0x1954
5194e:  0b0100ff           cp r1,#0x00ff
51952:  e205               jr le,0x195e
51954:  21020010           ld r2,#0x0010
51958:  5f00840033f6       call <<4>>0x33f6
5195e:  a112               ld r2,r1
51960:  760ca0000114       lda rr12,<<32>>0x0114
51966:  21c3               ld r3,@rr12
51968:  760ca0000114       lda rr12,<<32>>0x0114
5196e:  31c40002           ld r4,rr12(#0x0002)
51972:  210500e1           ld r5,#0x00e1
51976:  210600ff           ld r6,#0x00ff
5197a:  5f00840044f2       call <<4>>0x44f2
51980:  e851               jr 0x1a24
51982:  bd13               ldk r1,#3
51984:  0b010000           cp r1,#0x0000
51988:  e103               jr lt,0x1990
5198a:  0b010003           cp r1,#0x0003
5198e:  e204               jr le,0x1998
51990:  bd2e               ldk r2,#14
51992:  5f00840033f6       call <<4>>0x33f6
51998:  760c84000166       lda rr12,<<4>>0x0166
5199e:  2ec9               ldb @rr12,rl1
519a0:  5f00840044de       call <<4>>0x44de
519a6:  7602840042f0       lda rr2,<<4>>0x42f0
519ac:  bd40               ldk r4,#0
519ae:  bd53               ldk r5,#3
519b0:  7606a100a44e       lda rr6,<<33>>0xa44e
519b6:  5f008400285a       call <<4>>0x285a
519bc:  7602840042f0       lda rr2,<<4>>0x42f0
519c2:  2104ffff           ld r4,#0xffff
519c6:  21050012           ld r5,#0x0012
519ca:  7606a100a43c       lda rr6,<<33>>0xa43c
519d0:  5f008400285a       call <<4>>0x285a
519d6:  7602840042f0       lda rr2,<<4>>0x42f0
519dc:  5f00840011f6       call <<4>>0x11f6
519e2:  760c84000175       lda rr12,<<4>>0x0175
519e8:  20c9               ldb rl1,@rr12
519ea:  8c18               clrb rh1
519ec:  0b010000           cp r1,#0x0000
519f0:  e103               jr lt,0x19f8
519f2:  0b0100ff           cp r1,#0x00ff
519f6:  e205               jr le,0x1a02
519f8:  21020010           ld r2,#0x0010
519fc:  5f00840033f6       call <<4>>0x33f6
51a02:  a112               ld r2,r1
51a04:  760ca0000114       lda rr12,<<32>>0x0114
51a0a:  21c3               ld r3,@rr12
51a0c:  760ca0000114       lda rr12,<<32>>0x0114
51a12:  31c40002           ld r4,rr12(#0x0002)
51a16:  210500e1           ld r5,#0x00e1
51a1a:  210600ff           ld r6,#0x00ff
51a1e:  5f00840044f2       call <<4>>0x44f2
51a24:  010f0012           add r15,#0x0012
51a28:  9e08               ret 
51a2a:  030f0012           sub r15,#0x0012
51a2e:  0de50016           ld @rr14,#0x0016
51a32:  5cf902051906       ldm <<25>>0x0006(r15),r2,#6
51a38:  61f21906           ld r2,<<25>>0x0006(r15)
51a3c:  54f4190a           ldl rr4,<<25>>0x000a(r15)
51a40:  5f00a10076ea       call <<33>>0x76ea
51a46:  6f07a100906e       ld <<33>>0x906e,r7
51a4c:  6101a100906e       ld r1,<<33>>0x906e
51a52:  0b010000           cp r1,#0x0000
51a56:  ee5c               jr nz,0x1b10
51a58:  54fc190a           ldl rr12,<<25>>0x000a(r15)
51a5c:  21c1               ld r1,@rr12
51a5e:  0b0100e1           cp r1,#0x00e1
51a62:  e603               jr z,0x1a6a
51a64:  0b0101e1           cp r1,#0x01e1
51a68:  ee01               jr nz,0x1a6c
51a6a:  e851               jr 0x1b0e
51a6c:  bd13               ldk r1,#3
51a6e:  0b010000           cp r1,#0x0000
51a72:  e103               jr lt,0x1a7a
51a74:  0b010003           cp r1,#0x0003
51a78:  e204               jr le,0x1a82
51a7a:  bd2e               ldk r2,#14
51a7c:  5f00840033f6       call <<4>>0x33f6
51a82:  760c84000166       lda rr12,<<4>>0x0166
51a88:  2ec9               ldb @rr12,rl1
51a8a:  5f00840044de       call <<4>>0x44de
51a90:  7602840042f0       lda rr2,<<4>>0x42f0
51a96:  bd40               ldk r4,#0
51a98:  bd53               ldk r5,#3
51a9a:  7606a100a4ca       lda rr6,<<33>>0xa4ca
51aa0:  5f008400285a       call <<4>>0x285a
51aa6:  7602840042f0       lda rr2,<<4>>0x42f0
51aac:  2104ffff           ld r4,#0xffff
51ab0:  21050013           ld r5,#0x0013
51ab4:  7606a100a4b6       lda rr6,<<33>>0xa4b6
51aba:  5f008400285a       call <<4>>0x285a
51ac0:  7602840042f0       lda rr2,<<4>>0x42f0
51ac6:  5f00840011f6       call <<4>>0x11f6
51acc:  760c84000175       lda rr12,<<4>>0x0175
51ad2:  20c9               ldb rl1,@rr12
51ad4:  8c18               clrb rh1
51ad6:  0b010000           cp r1,#0x0000
51ada:  e103               jr lt,0x1ae2
51adc:  0b0100ff           cp r1,#0x00ff
51ae0:  e205               jr le,0x1aec
51ae2:  21020010           ld r2,#0x0010
51ae6:  5f00840033f6       call <<4>>0x33f6
51aec:  a112               ld r2,r1
51aee:  760ca0000114       lda rr12,<<32>>0x0114
51af4:  21c3               ld r3,@rr12
51af6:  760ca0000114       lda rr12,<<32>>0x0114
51afc:  31c40002           ld r4,rr12(#0x0002)
51b00:  210500e1           ld r5,#0x00e1
51b04:  210600ff           ld r6,#0x00ff
51b08:  5f00840044f2       call <<4>>0x44f2
51b0e:  e851               jr 0x1bb2
51b10:  bd13               ldk r1,#3
51b12:  0b010000           cp r1,#0x0000
51b16:  e103               jr lt,0x1b1e
51b18:  0b010003           cp r1,#0x0003
51b1c:  e204               jr le,0x1b26
51b1e:  bd2e               ldk r2,#14
51b20:  5f00840033f6       call <<4>>0x33f6
51b26:  760c84000166       lda rr12,<<4>>0x0166
51b2c:  2ec9               ldb @rr12,rl1
51b2e:  5f00840044de       call <<4>>0x44de
51b34:  7602840042f0       lda rr2,<<4>>0x42f0
51b3a:  bd40               ldk r4,#0
51b3c:  bd53               ldk r5,#3
51b3e:  7606a100a4b2       lda rr6,<<33>>0xa4b2
51b44:  5f008400285a       call <<4>>0x285a
51b4a:  7602840042f0       lda rr2,<<4>>0x42f0
51b50:  2104ffff           ld r4,#0xffff
51b54:  21050012           ld r5,#0x0012
51b58:  7606a100a4a0       lda rr6,<<33>>0xa4a0
51b5e:  5f008400285a       call <<4>>0x285a
51b64:  7602840042f0       lda rr2,<<4>>0x42f0
51b6a:  5f00840011f6       call <<4>>0x11f6
51b70:  760c84000175       lda rr12,<<4>>0x0175
51b76:  20c9               ldb rl1,@rr12
51b78:  8c18               clrb rh1
51b7a:  0b010000           cp r1,#0x0000
51b7e:  e103               jr lt,0x1b86
51b80:  0b0100ff           cp r1,#0x00ff
51b84:  e205               jr le,0x1b90
51b86:  21020010           ld r2,#0x0010
51b8a:  5f00840033f6       call <<4>>0x33f6
51b90:  a112               ld r2,r1
51b92:  760ca0000114       lda rr12,<<32>>0x0114
51b98:  21c3               ld r3,@rr12
51b9a:  760ca0000114       lda rr12,<<32>>0x0114
51ba0:  31c40002           ld r4,rr12(#0x0002)
51ba4:  210500e1           ld r5,#0x00e1
51ba8:  210600ff           ld r6,#0x00ff
51bac:  5f00840044f2       call <<4>>0x44f2
51bb2:  010f0012           add r15,#0x0012
51bb6:  9e08               ret 
51bb8:  030f0012           sub r15,#0x0012
51bbc:  0de50016           ld @rr14,#0x0016
51bc0:  5cf902051906       ldm <<25>>0x0006(r15),r2,#6
51bc6:  61f21906           ld r2,<<25>>0x0006(r15)
51bca:  61f31908           ld r3,<<25>>0x0008(r15)
51bce:  54f4190a           ldl rr4,<<25>>0x000a(r15)
51bd2:  5f00a100770e       call <<33>>0x770e
51bd8:  6f07a100906e       ld <<33>>0x906e,r7
51bde:  6101a100906e       ld r1,<<33>>0x906e
51be4:  0b010000           cp r1,#0x0000
51be8:  ee03               jr nz,0x1bf0
51bea:  5e08a100574e       jp <<33>>0x574e
51bf0:  0b010001           cp r1,#0x0001
51bf4:  e609               jr z,0x1c08
51bf6:  0b010002           cp r1,#0x0002
51bfa:  e606               jr z,0x1c08
51bfc:  0b010003           cp r1,#0x0003
51c00:  e603               jr z,0x1c08
51c02:  0b010004           cp r1,#0x0004
51c06:  ee52               jr nz,0x1cac
51c08:  bd13               ldk r1,#3
51c0a:  0b010000           cp r1,#0x0000
51c0e:  e103               jr lt,0x1c16
51c10:  0b010003           cp r1,#0x0003
51c14:  e204               jr le,0x1c1e
51c16:  bd2e               ldk r2,#14
51c18:  5f00840033f6       call <<4>>0x33f6
51c1e:  760c84000166       lda rr12,<<4>>0x0166
51c24:  2ec9               ldb @rr12,rl1
51c26:  5f00840044de       call <<4>>0x44de
51c2c:  7602840042f0       lda rr2,<<4>>0x42f0
51c32:  bd40               ldk r4,#0
51c34:  bd53               ldk r5,#3
51c36:  7606a100a4f4       lda rr6,<<33>>0xa4f4
51c3c:  5f008400285a       call <<4>>0x285a
51c42:  7602840042f0       lda rr2,<<4>>0x42f0
51c48:  2104ffff           ld r4,#0xffff
51c4c:  21050010           ld r5,#0x0010
51c50:  7606a100a4e4       lda rr6,<<33>>0xa4e4
51c56:  5f008400285a       call <<4>>0x285a
51c5c:  7602840042f0       lda rr2,<<4>>0x42f0
51c62:  5f00840011f6       call <<4>>0x11f6
51c68:  760c84000175       lda rr12,<<4>>0x0175
51c6e:  20c9               ldb rl1,@rr12
51c70:  8c18               clrb rh1
51c72:  0b010000           cp r1,#0x0000
51c76:  e103               jr lt,0x1c7e
51c78:  0b0100ff           cp r1,#0x00ff
51c7c:  e205               jr le,0x1c88
51c7e:  21020010           ld r2,#0x0010
51c82:  5f00840033f6       call <<4>>0x33f6
51c88:  a112               ld r2,r1
51c8a:  760ca0000114       lda rr12,<<32>>0x0114
51c90:  21c3               ld r3,@rr12
51c92:  760ca0000114       lda rr12,<<32>>0x0114
51c98:  31c40002           ld r4,rr12(#0x0002)
51c9c:  210500e1           ld r5,#0x00e1
51ca0:  210600ff           ld r6,#0x00ff
51ca4:  5f00840044f2       call <<4>>0x44f2
51caa:  e851               jr 0x1d4e
51cac:  bd13               ldk r1,#3
51cae:  0b010000           cp r1,#0x0000
51cb2:  e103               jr lt,0x1cba
51cb4:  0b010003           cp r1,#0x0003
51cb8:  e204               jr le,0x1cc2
51cba:  bd2e               ldk r2,#14
51cbc:  5f00840033f6       call <<4>>0x33f6
51cc2:  760c84000166       lda rr12,<<4>>0x0166
51cc8:  2ec9               ldb @rr12,rl1
51cca:  5f00840044de       call <<4>>0x44de
51cd0:  7602840042f0       lda rr2,<<4>>0x42f0
51cd6:  bd40               ldk r4,#0
51cd8:  bd53               ldk r5,#3
51cda:  7606a100a4e0       lda rr6,<<33>>0xa4e0
51ce0:  5f008400285a       call <<4>>0x285a
51ce6:  7602840042f0       lda rr2,<<4>>0x42f0
51cec:  2104ffff           ld r4,#0xffff
51cf0:  21050012           ld r5,#0x0012
51cf4:  7606a100a4ce       lda rr6,<<33>>0xa4ce
51cfa:  5f008400285a       call <<4>>0x285a
51d00:  7602840042f0       lda rr2,<<4>>0x42f0
51d06:  5f00840011f6       call <<4>>0x11f6
51d0c:  760c84000175       lda rr12,<<4>>0x0175
51d12:  20c9               ldb rl1,@rr12
51d14:  8c18               clrb rh1
51d16:  0b010000           cp r1,#0x0000
51d1a:  e103               jr lt,0x1d22
51d1c:  0b0100ff           cp r1,#0x00ff
51d20:  e205               jr le,0x1d2c
51d22:  21020010           ld r2,#0x0010
51d26:  5f00840033f6       call <<4>>0x33f6
51d2c:  a112               ld r2,r1
51d2e:  760ca0000114       lda rr12,<<32>>0x0114
51d34:  21c3               ld r3,@rr12
51d36:  760ca0000114       lda rr12,<<32>>0x0114
51d3c:  31c40002           ld r4,rr12(#0x0002)
51d40:  210500e1           ld r5,#0x00e1
51d44:  210600ff           ld r6,#0x00ff
51d48:  5f00840044f2       call <<4>>0x44f2
51d4e:  010f0012           add r15,#0x0012
51d52:  9e08               ret 
51d54:  030f0012           sub r15,#0x0012
51d58:  0de50016           ld @rr14,#0x0016
51d5c:  5cf902051906       ldm <<25>>0x0006(r15),r2,#6
51d62:  61f21906           ld r2,<<25>>0x0006(r15)
51d66:  54f4190a           ldl rr4,<<25>>0x000a(r15)
51d6a:  5f00a100772e       call <<33>>0x772e
51d70:  6f07a100906e       ld <<33>>0x906e,r7
51d76:  6101a100906e       ld r1,<<33>>0x906e
51d7c:  0b010000           cp r1,#0x0000
51d80:  ee57               jr nz,0x1e30
51d82:  54fc190a           ldl rr12,<<25>>0x000a(r15)
51d86:  a9d3               inc r13,#4
51d88:  0dc10001           cp @rr12,#0x0001
51d8c:  ee50               jr nz,0x1e2e
51d8e:  bd11               ldk r1,#1
51d90:  0b010000           cp r1,#0x0000
51d94:  e103               jr lt,0x1d9c
51d96:  0b010003           cp r1,#0x0003
51d9a:  e204               jr le,0x1da4
51d9c:  bd2e               ldk r2,#14
51d9e:  5f00840033f6       call <<4>>0x33f6
51da4:  760c84000166       lda rr12,<<4>>0x0166
51daa:  2ec9               ldb @rr12,rl1
51dac:  5f00840044de       call <<4>>0x44de
51db2:  7602840042f0       lda rr2,<<4>>0x42f0
51db8:  bd40               ldk r4,#0
51dba:  bd53               ldk r5,#3
51dbc:  7606a100a51c       lda rr6,<<33>>0xa51c
51dc2:  5f008400285a       call <<4>>0x285a
51dc8:  7602840042f0       lda rr2,<<4>>0x42f0
51dce:  2104ffff           ld r4,#0xffff
51dd2:  bd5e               ldk r5,#14
51dd4:  7606a100a50e       lda rr6,<<33>>0xa50e
51dda:  5f008400285a       call <<4>>0x285a
51de0:  7602840042f0       lda rr2,<<4>>0x42f0
51de6:  5f00840011f6       call <<4>>0x11f6
51dec:  760c84000175       lda rr12,<<4>>0x0175
51df2:  20c9               ldb rl1,@rr12
51df4:  8c18               clrb rh1
51df6:  0b010000           cp r1,#0x0000
51dfa:  e103               jr lt,0x1e02
51dfc:  0b0100ff           cp r1,#0x00ff
51e00:  e205               jr le,0x1e0c
51e02:  21020010           ld r2,#0x0010
51e06:  5f00840033f6       call <<4>>0x33f6
51e0c:  a112               ld r2,r1
51e0e:  760ca0000114       lda rr12,<<32>>0x0114
51e14:  21c3               ld r3,@rr12
51e16:  760ca0000114       lda rr12,<<32>>0x0114
51e1c:  31c40002           ld r4,rr12(#0x0002)
51e20:  210500e1           ld r5,#0x00e1
51e24:  210600ff           ld r6,#0x00ff
51e28:  5f00840044f2       call <<4>>0x44f2
51e2e:  e851               jr 0x1ed2
51e30:  bd13               ldk r1,#3
51e32:  0b010000           cp r1,#0x0000
51e36:  e103               jr lt,0x1e3e
51e38:  0b010003           cp r1,#0x0003
51e3c:  e204               jr le,0x1e46
51e3e:  bd2e               ldk r2,#14
51e40:  5f00840033f6       call <<4>>0x33f6
51e46:  760c84000166       lda rr12,<<4>>0x0166
51e4c:  2ec9               ldb @rr12,rl1
51e4e:  5f00840044de       call <<4>>0x44de
51e54:  7602840042f0       lda rr2,<<4>>0x42f0
51e5a:  bd40               ldk r4,#0
51e5c:  bd53               ldk r5,#3
51e5e:  7606a100a50a       lda rr6,<<33>>0xa50a
51e64:  5f008400285a       call <<4>>0x285a
51e6a:  7602840042f0       lda rr2,<<4>>0x42f0
51e70:  2104ffff           ld r4,#0xffff
51e74:  21050012           ld r5,#0x0012
51e78:  7606a100a4f8       lda rr6,<<33>>0xa4f8
51e7e:  5f008400285a       call <<4>>0x285a
51e84:  7602840042f0       lda rr2,<<4>>0x42f0
51e8a:  5f00840011f6       call <<4>>0x11f6
51e90:  760c84000175       lda rr12,<<4>>0x0175
51e96:  20c9               ldb rl1,@rr12
51e98:  8c18               clrb rh1
51e9a:  0b010000           cp r1,#0x0000
51e9e:  e103               jr lt,0x1ea6
51ea0:  0b0100ff           cp r1,#0x00ff
51ea4:  e205               jr le,0x1eb0
51ea6:  21020010           ld r2,#0x0010
51eaa:  5f00840033f6       call <<4>>0x33f6
51eb0:  a112               ld r2,r1
51eb2:  760ca0000114       lda rr12,<<32>>0x0114
51eb8:  21c3               ld r3,@rr12
51eba:  760ca0000114       lda rr12,<<32>>0x0114
51ec0:  31c40002           ld r4,rr12(#0x0002)
51ec4:  210500e1           ld r5,#0x00e1
51ec8:  210600ff           ld r6,#0x00ff
51ecc:  5f00840044f2       call <<4>>0x44f2
51ed2:  010f0012           add r15,#0x0012
51ed6:  9e08               ret 
51ed8:  030f0012           sub r15,#0x0012
51edc:  0de50016           ld @rr14,#0x0016
51ee0:  5cf902051906       ldm <<25>>0x0006(r15),r2,#6
51ee6:  4df119080001       cp <<25>>0x0008(r15),#0x0001
51eec:  e604               jr z,0x1ef6
51eee:  4df119080003       cp <<25>>0x0008(r15),#0x0003
51ef4:  ee04               jr nz,0x1efe
51ef6:  4df519080001       ld <<25>>0x0008(r15),#0x0001
51efc:  e803               jr 0x1f04
51efe:  4df519080002       ld <<25>>0x0008(r15),#0x0002
51f04:  61f21906           ld r2,<<25>>0x0006(r15)
51f08:  61f31908           ld r3,<<25>>0x0008(r15)
51f0c:  54f4190a           ldl rr4,<<25>>0x000a(r15)
51f10:  5f00a10076aa       call <<33>>0x76aa
51f16:  6f07a100906e       ld <<33>>0x906e,r7
51f1c:  6101a100906e       ld r1,<<33>>0x906e
51f22:  0b010000           cp r1,#0x0000
51f26:  ee0f               jr nz,0x1f46
51f28:  5f00a1005f8c       call <<33>>0x5f8c
51f2e:  4d01a100908cffff   cp <<33>>0x908c,#0xffff
51f36:  ee06               jr nz,0x1f44
51f38:  760c84000166       lda rr12,<<4>>0x0166
51f3e:  0cc10000           cpb @rr12,#0x00
51f42:  e6f2               jr z,0x1f28
51f44:  e851               jr 0x1fe8
51f46:  bd13               ldk r1,#3
51f48:  0b010000           cp r1,#0x0000
51f4c:  e103               jr lt,0x1f54
51f4e:  0b010003           cp r1,#0x0003
51f52:  e204               jr le,0x1f5c
51f54:  bd2e               ldk r2,#14
51f56:  5f00840033f6       call <<4>>0x33f6
51f5c:  760c84000166       lda rr12,<<4>>0x0166
51f62:  2ec9               ldb @rr12,rl1
51f64:  5f00840044de       call <<4>>0x44de
51f6a:  7602840042f0       lda rr2,<<4>>0x42f0
51f70:  bd40               ldk r4,#0
51f72:  bd53               ldk r5,#3
51f74:  7606a100a532       lda rr6,<<33>>0xa532
51f7a:  5f008400285a       call <<4>>0x285a
51f80:  7602840042f0       lda rr2,<<4>>0x42f0
51f86:  2104ffff           ld r4,#0xffff
51f8a:  21050012           ld r5,#0x0012
51f8e:  7606a100a520       lda rr6,<<33>>0xa520
51f94:  5f008400285a       call <<4>>0x285a
51f9a:  7602840042f0       lda rr2,<<4>>0x42f0
51fa0:  5f00840011f6       call <<4>>0x11f6
51fa6:  760c84000175       lda rr12,<<4>>0x0175
51fac:  20c9               ldb rl1,@rr12
51fae:  8c18               clrb rh1
51fb0:  0b010000           cp r1,#0x0000
51fb4:  e103               jr lt,0x1fbc
51fb6:  0b0100ff           cp r1,#0x00ff
51fba:  e205               jr le,0x1fc6
51fbc:  21020010           ld r2,#0x0010
51fc0:  5f00840033f6       call <<4>>0x33f6
51fc6:  a112               ld r2,r1
51fc8:  760ca0000114       lda rr12,<<32>>0x0114
51fce:  21c3               ld r3,@rr12
51fd0:  760ca0000114       lda rr12,<<32>>0x0114
51fd6:  31c40002           ld r4,rr12(#0x0002)
51fda:  210500e1           ld r5,#0x00e1
51fde:  210600ff           ld r6,#0x00ff
51fe2:  5f00840044f2       call <<4>>0x44f2
51fe8:  010f0012           add r15,#0x0012
51fec:  9e08               ret 
51fee:  030f0012           sub r15,#0x0012
51ff2:  0de50016           ld @rr14,#0x0016
51ff6:  5cf902051906       ldm <<25>>0x0006(r15),r2,#6
51ffc:  61f21906           ld r2,<<25>>0x0006(r15)
52000:  54f4190a           ldl rr4,<<25>>0x000a(r15)
52004:  5f00a100768a       call <<33>>0x768a
5200a:  6f07a100906e       ld <<33>>0x906e,r7
52010:  6101a100906e       ld r1,<<33>>0x906e
52016:  0b010000           cp r1,#0x0000
5201a:  ee01               jr nz,0x201e
5201c:  e851               jr 0x20c0
5201e:  bd13               ldk r1,#3
52020:  0b010000           cp r1,#0x0000
52024:  e103               jr lt,0x202c
52026:  0b010003           cp r1,#0x0003
5202a:  e204               jr le,0x2034
5202c:  bd2e               ldk r2,#14
5202e:  5f00840033f6       call <<4>>0x33f6
52034:  760c84000166       lda rr12,<<4>>0x0166
5203a:  2ec9               ldb @rr12,rl1
5203c:  5f00840044de       call <<4>>0x44de
52042:  7602840042f0       lda rr2,<<4>>0x42f0
52048:  bd40               ldk r4,#0
5204a:  bd53               ldk r5,#3
5204c:  7606a100a54a       lda rr6,<<33>>0xa54a
52052:  5f008400285a       call <<4>>0x285a
52058:  7602840042f0       lda rr2,<<4>>0x42f0
5205e:  2104ffff           ld r4,#0xffff
52062:  21050014           ld r5,#0x0014
52066:  7606a100a536       lda rr6,<<33>>0xa536
5206c:  5f008400285a       call <<4>>0x285a
52072:  7602840042f0       lda rr2,<<4>>0x42f0
52078:  5f00840011f6       call <<4>>0x11f6
5207e:  760c84000175       lda rr12,<<4>>0x0175
52084:  20c9               ldb rl1,@rr12
52086:  8c18               clrb rh1
52088:  0b010000           cp r1,#0x0000
5208c:  e103               jr lt,0x2094
5208e:  0b0100ff           cp r1,#0x00ff
52092:  e205               jr le,0x209e
52094:  21020010           ld r2,#0x0010
52098:  5f00840033f6       call <<4>>0x33f6
5209e:  a112               ld r2,r1
520a0:  760ca0000114       lda rr12,<<32>>0x0114
520a6:  21c3               ld r3,@rr12
520a8:  760ca0000114       lda rr12,<<32>>0x0114
520ae:  31c40002           ld r4,rr12(#0x0002)
520b2:  210500e1           ld r5,#0x00e1
520b6:  210600ff           ld r6,#0x00ff
520ba:  5f00840044f2       call <<4>>0x44f2
520c0:  010f0012           add r15,#0x0012
520c4:  9e08               ret 
520c6:  030f0012           sub r15,#0x0012
520ca:  0de50016           ld @rr14,#0x0016
520ce:  5cf902051906       ldm <<25>>0x0006(r15),r2,#6
520d4:  bd10               ldk r1,#0
520d6:  0b010000           cp r1,#0x0000
520da:  e103               jr lt,0x20e2
520dc:  0b010003           cp r1,#0x0003
520e0:  e204               jr le,0x20ea
520e2:  bd2e               ldk r2,#14
520e4:  5f00840033f6       call <<4>>0x33f6
520ea:  760c84000166       lda rr12,<<4>>0x0166
520f0:  2ec9               ldb @rr12,rl1
520f2:  61f21906           ld r2,<<25>>0x0006(r15)
520f6:  6103a1009088       ld r3,<<33>>0x9088
520fc:  7604a100908a       lda rr4,<<33>>0x908a
52102:  5f00a1007606       call <<33>>0x7606
52108:  6f07a100906e       ld <<33>>0x906e,r7
5210e:  4d04a100906e       test <<33>>0x906e
52114:  e652               jr z,0x21ba
52116:  bd13               ldk r1,#3
52118:  0b010000           cp r1,#0x0000
5211c:  e103               jr lt,0x2124
5211e:  0b010003           cp r1,#0x0003
52122:  e204               jr le,0x212c
52124:  bd2e               ldk r2,#14
52126:  5f00840033f6       call <<4>>0x33f6
5212c:  760c84000166       lda rr12,<<4>>0x0166
52132:  2ec9               ldb @rr12,rl1
52134:  5f00840044de       call <<4>>0x44de
5213a:  7602840042f0       lda rr2,<<4>>0x42f0
52140:  bd40               ldk r4,#0
52142:  bd53               ldk r5,#3
52144:  7606a100a55e       lda rr6,<<33>>0xa55e
5214a:  5f008400285a       call <<4>>0x285a
52150:  7602840042f0       lda rr2,<<4>>0x42f0
52156:  2104ffff           ld r4,#0xffff
5215a:  21050010           ld r5,#0x0010
5215e:  7606a100a54e       lda rr6,<<33>>0xa54e
52164:  5f008400285a       call <<4>>0x285a
5216a:  7602840042f0       lda rr2,<<4>>0x42f0
52170:  5f00840011f6       call <<4>>0x11f6
52176:  760c84000175       lda rr12,<<4>>0x0175
5217c:  20c9               ldb rl1,@rr12
5217e:  8c18               clrb rh1
52180:  0b010000           cp r1,#0x0000
52184:  e103               jr lt,0x218c
52186:  0b0100ff           cp r1,#0x00ff
5218a:  e205               jr le,0x2196
5218c:  21020010           ld r2,#0x0010
52190:  5f00840033f6       call <<4>>0x33f6
52196:  a112               ld r2,r1
52198:  760ca0000114       lda rr12,<<32>>0x0114
5219e:  21c3               ld r3,@rr12
521a0:  760ca0000114       lda rr12,<<32>>0x0114
521a6:  31c40002           ld r4,rr12(#0x0002)
521aa:  210500e1           ld r5,#0x00e1
521ae:  210600ff           ld r6,#0x00ff
521b2:  5f00840044f2       call <<4>>0x44f2
521b8:  e80a               jr 0x21ce
521ba:  61f21906           ld r2,<<25>>0x0006(r15)
521be:  54f4190a           ldl rr4,<<25>>0x000a(r15)
521c2:  5f00a1006e9a       call <<33>>0x6e9a
521c8:  6f07a1009056       ld <<33>>0x9056,r7
521ce:  010f0012           add r15,#0x0012
521d2:  9e08               ret 
521d4:  030f0014           sub r15,#0x0014
521d8:  0de50018           ld @rr14,#0x0018
521dc:  7602a10090a0       lda rr2,<<33>>0x90a0
521e2:  5f00a10079e0       call <<33>>0x79e0
521e8:  6ff71912           ld <<25>>0x0012(r15),r7
521ec:  760ca100908c       lda rr12,<<33>>0x908c
521f2:  0dc5ffff           ld @rr12,#0xffff
521f6:  010f0014           add r15,#0x0014
521fa:  9e08               ret 
521fc:  030f0022           sub r15,#0x0022
52200:  0de50026           ld @rr14,#0x0026
52204:  5cf902051908       ldm <<25>>0x0008(r15),r2,#6
5220a:  54fc1908           ldl rr12,<<25>>0x0008(r15)
5220e:  20c9               ldb rl1,@rr12
52210:  8c18               clrb rh1
52212:  6ff11920           ld <<25>>0x0020(r15),r1
52216:  54fc190c           ldl rr12,<<25>>0x000c(r15)
5221a:  20c9               ldb rl1,@rr12
5221c:  8c18               clrb rh1
5221e:  6ff1191e           ld <<25>>0x001e(r15),r1
52222:  54fc1910           ldl rr12,<<25>>0x0010(r15)
52226:  20c9               ldb rl1,@rr12
52228:  8c18               clrb rh1
5222a:  6ff1191c           ld <<25>>0x001c(r15),r1
5222e:  61f21920           ld r2,<<25>>0x0020(r15)
52232:  7604a100a602       lda rr4,<<33>>0xa602
52238:  5f0084004120       call <<4>>0x4120
5223e:  6eff1906           ldb <<25>>0x0006(r15),rl7
52242:  4cf41906           testb <<25>>0x0006(r15)
52246:  e607               jr z,0x2256
52248:  61f11920           ld r1,<<25>>0x0020(r15)
5224c:  0101ffd0           add r1,#0xffd0
52250:  6ff11918           ld <<25>>0x0018(r15),r1
52254:  e806               jr 0x2262
52256:  61f11920           ld r1,<<25>>0x0020(r15)
5225a:  0101ffc9           add r1,#0xffc9
5225e:  6ff11918           ld <<25>>0x0018(r15),r1
52262:  61f2191e           ld r2,<<25>>0x001e(r15)
52266:  7604a100a5e2       lda rr4,<<33>>0xa5e2
5226c:  5f0084004120       call <<4>>0x4120
52272:  6eff1906           ldb <<25>>0x0006(r15),rl7
52276:  4cf41906           testb <<25>>0x0006(r15)
5227a:  e607               jr z,0x228a
5227c:  61f1191e           ld r1,<<25>>0x001e(r15)
52280:  0101ffd0           add r1,#0xffd0
52284:  6ff11916           ld <<25>>0x0016(r15),r1
52288:  e806               jr 0x2296
5228a:  61f1191e           ld r1,<<25>>0x001e(r15)
5228e:  0101ffc9           add r1,#0xffc9
52292:  6ff11916           ld <<25>>0x0016(r15),r1
52296:  61f2191c           ld r2,<<25>>0x001c(r15)
5229a:  7604a100a5c2       lda rr4,<<33>>0xa5c2
522a0:  5f0084004120       call <<4>>0x4120
522a6:  6eff1906           ldb <<25>>0x0006(r15),rl7
522aa:  4cf41906           testb <<25>>0x0006(r15)
522ae:  e607               jr z,0x22be
522b0:  61f1191c           ld r1,<<25>>0x001c(r15)
522b4:  0101ffd0           add r1,#0xffd0
522b8:  6ff11914           ld <<25>>0x0014(r15),r1
522bc:  e806               jr 0x22ca
522be:  61f1191c           ld r1,<<25>>0x001c(r15)
522c2:  0101ffc9           add r1,#0xffc9
522c6:  6ff11914           ld <<25>>0x0014(r15),r1
522ca:  61f11918           ld r1,<<25>>0x0018(r15)
522ce:  b3190008           sla r1,#8
522d2:  61f21916           ld r2,<<25>>0x0016(r15)
522d6:  b3290004           sla r2,#4
522da:  8121               add r1,r2
522dc:  41f11914           add r1,<<25>>0x0014(r15)
522e0:  6ff1191a           ld <<25>>0x001a(r15),r1
522e4:  7602840042f0       lda rr2,<<4>>0x42f0
522ea:  bd40               ldk r4,#0
522ec:  140600000000       ldl rr6,#0x00000000
522f2:  5f008400210c       call <<4>>0x210c
522f8:  7602840042f0       lda rr2,<<4>>0x42f0
522fe:  2104ffff           ld r4,#0xffff
52302:  bd5e               ldk r5,#14
52304:  7606a100a622       lda rr6,<<33>>0xa622
5230a:  5f008400285a       call <<4>>0x285a
52310:  7602840042f0       lda rr2,<<4>>0x42f0
52316:  2104ffff           ld r4,#0xffff
5231a:  61f5191a           ld r5,<<25>>0x001a(r15)
5231e:  5f0084002814       call <<4>>0x2814
52324:  7602840042f0       lda rr2,<<4>>0x42f0
5232a:  5f00840011f6       call <<4>>0x11f6
52330:  bd12               ldk r1,#2
52332:  0b010001           cp r1,#0x0001
52336:  e103               jr lt,0x233e
52338:  0b010028           cp r1,#0x0028
5233c:  e204               jr le,0x2346
5233e:  bd2d               ldk r2,#13
52340:  5f00840033f6       call <<4>>0x33f6
52346:  b3190002           sla r1,#2
5234a:  760ca0000074       lda rr12,<<32>>0x0074
52350:  811d               add r13,r1
52352:  abd3               dec r13,#4
52354:  0cc10101           cpb @rr12,#0x01
52358:  e615               jr z,0x2384
5235a:  bd12               ldk r1,#2
5235c:  0b010001           cp r1,#0x0001
52360:  e103               jr lt,0x2368
52362:  0b010028           cp r1,#0x0028
52366:  e204               jr le,0x2370
52368:  bd2d               ldk r2,#13
5236a:  5f00840033f6       call <<4>>0x33f6
52370:  b3190002           sla r1,#2
52374:  760ca0000074       lda rr12,<<32>>0x0074
5237a:  811d               add r13,r1
5237c:  abd3               dec r13,#4
5237e:  0cc10202           cpb @rr12,#0x02
52382:  ee0a               jr nz,0x2398
52384:  4df1191a0ffe       cp <<25>>0x001a(r15),#0x0ffe
5238a:  e603               jr z,0x2392
5238c:  69f1191a           inc <<25>>0x001a(r15),#2
52390:  e802               jr 0x2396
52392:  69f0191a           inc <<25>>0x001a(r15),#1
52396:  e802               jr 0x239c
52398:  69f0191a           inc <<25>>0x001a(r15),#1
5239c:  61f1191a           ld r1,<<25>>0x001a(r15)
523a0:  8d14               test r1
523a2:  ed02               jr pl,0x23a8
523a4:  8d12               neg r1
523a6:  a51f               set r1,#15
523a8:  b311fff8           srl r1,#8
523ac:  a717               bit r1,#7
523ae:  e602               jr z,0x23b4
523b0:  a317               res r1,#7
523b2:  8d12               neg r1
523b4:  6ff11918           ld <<25>>0x0018(r15),r1
523b8:  61f1191a           ld r1,<<25>>0x001a(r15)
523bc:  070100ff           and r1,#0x00ff
523c0:  6ff1191a           ld <<25>>0x001a(r15),r1
523c4:  61f1191a           ld r1,<<25>>0x001a(r15)
523c8:  8d14               test r1
523ca:  ed02               jr pl,0x23d0
523cc:  8d12               neg r1
523ce:  a51f               set r1,#15
523d0:  b311fffc           srl r1,#4
523d4:  a71b               bit r1,#11
523d6:  e602               jr z,0x23dc
523d8:  a31b               res r1,#11
523da:  8d12               neg r1
523dc:  6ff11916           ld <<25>>0x0016(r15),r1
523e0:  61f1191a           ld r1,<<25>>0x001a(r15)
523e4:  0701000f           and r1,#0x000f
523e8:  6ff11914           ld <<25>>0x0014(r15),r1
523ec:  61f21918           ld r2,<<25>>0x0018(r15)
523f0:  7604a100a5a2       lda rr4,<<33>>0xa5a2
523f6:  5f0084004120       call <<4>>0x4120
523fc:  6eff1906           ldb <<25>>0x0006(r15),rl7
