0000:  8d07               nop
0002:  8d07               nop
0004:  8d07               nop
0006:  8d07               nop
0008:  8d07               nop
000a:  8d07               nop
000c:  8d07               nop
000e:  8d07               nop
0010:  8d07               nop
0012:  8d07               nop
0014:  8d07               nop
0016:  8d07               nop
0018:  8d07               nop
001a:  8d07               nop
001c:  8d07               nop
001e:  8d07               nop
0020:  8d07               nop
0022:  8d07               nop
0024:  8d07               nop
0026:  8d07               nop
0028:  8d07               nop
002a:  8d07               nop
002c:  8d07               nop
002e:  8d07               nop
0030:  8d07               nop
0032:  8d07               nop
0034:  8d07               nop
0036:  8d07               nop
0038:  8d07               nop
003a:  8d07               nop
003c:  8d07               nop
003e:  8d07               nop
0040:  8d07               nop
0042:  8d07               nop
0044:  8d07               nop
0046:  8d07               nop
0048:  8d07               nop
004a:  8d07               nop
004c:  8d07               nop
004e:  8d07               nop
0050:  8d07               nop
0052:  8d07               nop
0054:  8d07               nop
0056:  8d07               nop
0058:  8d07               nop
005a:  8d07               nop
005c:  8d07               nop
005e:  8d07               nop
0060:  8d07               nop
0062:  8d07               nop
0064:  8d07               nop
0066:  8d07               nop
0068:  8d07               nop
006a:  8d07               nop
006c:  8d07               nop
006e:  8d07               nop
0070:  8d07               nop
0072:  8d07               nop
0074:  8d07               nop
0076:  8d07               nop
0078:  8d07               nop
007a:  8d07               nop
007c:  8d07               nop
007e:  8d07               nop
0080:  8d07               nop
0082:  8d07               nop
0084:  8d07               nop
0086:  8d07               nop
0088:  8d07               nop
008a:  8d07               nop
008c:  8d07               nop
008e:  8d07               nop
0090:  8d07               nop
0092:  8d07               nop
0094:  8d07               nop
0096:  8d07               nop
0098:  8d07               nop
009a:  8d07               nop
009c:  8d07               nop
009e:  8d07               nop
00a0:  8d07               nop
00a2:  8d07               nop
00a4:  8d07               nop
00a6:  8d07               nop
00a8:  8d07               nop
00aa:  8d07               nop
00ac:  8d07               nop
00ae:  8d07               nop
00b0:  8d07               nop
00b2:  8d07               nop
00b4:  8d07               nop
00b6:  8d07               nop
00b8:  8d07               nop
00ba:  8d07               nop
00bc:  8d07               nop
00be:  8d07               nop
00c0:  8d07               nop
00c2:  8d07               nop
00c4:  8d07               nop
00c6:  8d07               nop
00c8:  8d07               nop
00ca:  8d07               nop
00cc:  8d07               nop
00ce:  8d07               nop
00d0:  8d07               nop
00d2:  8d07               nop
00d4:  8d07               nop
00d6:  8d07               nop
00d8:  8d07               nop
00da:  8d07               nop
00dc:  8d07               nop
00de:  8d07               nop
00e0:  8d07               nop
00e2:  8d07               nop
00e4:  8d07               nop
00e6:  8d07               nop
00e8:  8d07               nop
00ea:  8d07               nop
00ec:  8d07               nop
00ee:  8d07               nop
00f0:  8d07               nop
00f2:  8d07               nop
00f4:  8d07               nop
00f6:  8d07               nop
00f8:  8d07               nop
00fa:  8d07               nop
00fc:  8d07               nop
00fe:  8d07               nop
0100:  8d07               nop
0102:  8d07               nop
0104:  8d07               nop
0106:  8d07               nop
0108:  8d07               nop
010a:  8d07               nop
010c:  8d07               nop
010e:  8d07               nop
0110:  8d07               nop
0112:  8d07               nop
0114:  8d07               nop
0116:  8d07               nop
0118:  8d07               nop
011a:  8d07               nop
011c:  8d07               nop
011e:  8d07               nop
0120:  8d07               nop
0122:  8d07               nop
0124:  8d07               nop
0126:  8d07               nop
0128:  8d07               nop
012a:  8d07               nop
012c:  8d07               nop
012e:  8d07               nop
0130:  8d07               nop
0132:  8d07               nop
0134:  8d07               nop
0136:  8d07               nop
0138:  8d07               nop
013a:  8d07               nop
013c:  8d07               nop
013e:  8d07               nop
0140:  8d07               nop
0142:  8d07               nop
0144:  8d07               nop
0146:  8d07               nop
0148:  8d07               nop
014a:  8d07               nop
014c:  8d07               nop
014e:  8d07               nop
0150:  8d07               nop
0152:  8d07               nop
0154:  8d07               nop
0156:  8d07               nop
0158:  8d07               nop
015a:  8d07               nop
015c:  8d07               nop
015e:  8d07               nop
0160:  8d07               nop
0162:  8d07               nop
0164:  8d07               nop
0166:  8d07               nop
0168:  8d07               nop
016a:  8d07               nop
016c:  8d07               nop
016e:  8d07               nop
0170:  8d07               nop
0172:  8d07               nop
0174:  8d07               nop
0176:  8d07               nop
0178:  8d07               nop
017a:  8d07               nop
017c:  8d07               nop
017e:  8d07               nop
0180:  8d07               nop
0182:  8d07               nop
0184:  8d07               nop
0186:  8d07               nop
0188:  8d07               nop
018a:  8d07               nop
018c:  8d07               nop
018e:  8d07               nop
0190:  8d07               nop
0192:  8d07               nop
0194:  8d07               nop
0196:  8d07               nop
0198:  8d07               nop
019a:  8d07               nop
019c:  8d07               nop
019e:  8d07               nop
01a0:  8d07               nop
01a2:  8d07               nop
01a4:  8d07               nop
01a6:  8d07               nop
01a8:  8d07               nop
01aa:  8d07               nop
01ac:  8d07               nop
01ae:  8d07               nop
01b0:  8d07               nop
01b2:  8d07               nop
01b4:  8d07               nop
01b6:  8d07               nop
01b8:  8d07               nop
01ba:  8d07               nop
01bc:  8d07               nop
01be:  8d07               nop
01c0:  8d07               nop
01c2:  8d07               nop
01c4:  8d07               nop
01c6:  8d07               nop
01c8:  8d07               nop
01ca:  8d07               nop
01cc:  8d07               nop
01ce:  8d07               nop
01d0:  8d07               nop
01d2:  8d07               nop
01d4:  8d07               nop
01d6:  8d07               nop
01d8:  8d07               nop
01da:  8d07               nop
01dc:  8d07               nop
01de:  8d07               nop
01e0:  8d07               nop
01e2:  8d07               nop
01e4:  8d07               nop
01e6:  8d07               nop
01e8:  8d07               nop
01ea:  8d07               nop
01ec:  8d07               nop
01ee:  8d07               nop
01f0:  8d07               nop
01f2:  8d07               nop
01f4:  8d07               nop
01f6:  8d07               nop
01f8:  8d07               nop
01fa:  8d07               nop
01fc:  8d07               nop
01fe:  8d07               nop
0200:  8d07               nop
0202:  8d07               nop
0204:  8d07               nop
0206:  8d07               nop
0208:  8d07               nop
020a:  8d07               nop
020c:  8d07               nop
020e:  8d07               nop
0210:  8d07               nop
0212:  8d07               nop
0214:  8d07               nop
0216:  8d07               nop
0218:  8d07               nop
021a:  8d07               nop
021c:  8d07               nop
021e:  8d07               nop
0220:  8d07               nop
0222:  8d07               nop
0224:  8d07               nop
0226:  8d07               nop
0228:  8d07               nop
022a:  8d07               nop
022c:  8d07               nop
022e:  8d07               nop
0230:  8d07               nop
0232:  8d07               nop
0234:  8d07               nop
0236:  8d07               nop
0238:  8d07               nop
023a:  8d07               nop
023c:  8d07               nop
023e:  8d07               nop
0240:  8d07               nop
0242:  8d07               nop
0244:  8d07               nop
0246:  8d07               nop
0248:  8d07               nop
024a:  8d07               nop
024c:  8d07               nop
024e:  8d07               nop
0250:  8d07               nop
0252:  8d07               nop
0254:  8d07               nop
0256:  8d07               nop
0258:  8d07               nop
025a:  8d07               nop
025c:  8d07               nop
025e:  8d07               nop
0260:  8d07               nop
0262:  8d07               nop
0264:  8d07               nop
0266:  8d07               nop
0268:  8d07               nop
026a:  8d07               nop
026c:  8d07               nop
026e:  8d07               nop
0270:  8d07               nop
0272:  8d07               nop
0274:  8d07               nop
0276:  8d07               nop
0278:  8d07               nop
027a:  8d07               nop
027c:  8d07               nop
027e:  8d07               nop
0280:  8d07               nop
0282:  8d07               nop
0284:  8d07               nop
0286:  8d07               nop
0288:  8d07               nop
028a:  8d07               nop
028c:  8d07               nop
028e:  8d07               nop
0290:  8d07               nop
0292:  8d07               nop
0294:  8d07               nop
0296:  8d07               nop
0298:  8d07               nop
029a:  8d07               nop
029c:  8d07               nop
029e:  8d07               nop
02a0:  8d07               nop
02a2:  8d07               nop
02a4:  8d07               nop
02a6:  8d07               nop
02a8:  8d07               nop
02aa:  8d07               nop
02ac:  8d07               nop
02ae:  8d07               nop
02b0:  8d07               nop
02b2:  8d07               nop
02b4:  8d07               nop
02b6:  8d07               nop
02b8:  8d07               nop
02ba:  8d07               nop
02bc:  8d07               nop
02be:  8d07               nop
02c0:  8d07               nop
02c2:  8d07               nop
02c4:  8d07               nop
02c6:  8d07               nop
02c8:  8d07               nop
02ca:  8d07               nop
02cc:  8d07               nop
02ce:  8d07               nop
02d0:  8d07               nop
02d2:  8d07               nop
02d4:  8d07               nop
02d6:  8d07               nop
02d8:  8d07               nop
02da:  8d07               nop
02dc:  8d07               nop
02de:  8d07               nop
02e0:  8d07               nop
02e2:  8d07               nop
02e4:  8d07               nop
02e6:  8d07               nop
02e8:  8d07               nop
02ea:  8d07               nop
02ec:  8d07               nop
02ee:  8d07               nop
02f0:  8d07               nop
02f2:  8d07               nop
02f4:  8d07               nop
02f6:  8d07               nop
02f8:  8d07               nop
02fa:  8d07               nop
02fc:  8d07               nop
02fe:  8d07               nop
0300:  8d07               nop
0302:  8d07               nop
0304:  8d07               nop
0306:  8d07               nop
0308:  8d07               nop
030a:  8d07               nop
030c:  8d07               nop
030e:  8d07               nop
0310:  8d07               nop
0312:  8d07               nop
0314:  8d07               nop
0316:  8d07               nop
0318:  8d07               nop
031a:  8d07               nop
031c:  8d07               nop
031e:  8d07               nop
0320:  8d07               nop
0322:  8d07               nop
0324:  8d07               nop
0326:  8d07               nop
0328:  8d07               nop
032a:  8d07               nop
032c:  8d07               nop
032e:  8d07               nop
0330:  8d07               nop
0332:  8d07               nop
0334:  8d07               nop
0336:  8d07               nop
0338:  8d07               nop
033a:  8d07               nop
033c:  8d07               nop
033e:  8d07               nop
0340:  8d07               nop
0342:  8d07               nop
0344:  8d07               nop
0346:  8d07               nop
0348:  8d07               nop
034a:  8d07               nop
034c:  8d07               nop
034e:  8d07               nop
0350:  8d07               nop
0352:  8d07               nop
0354:  8d07               nop
0356:  8d07               nop
0358:  8d07               nop
035a:  8d07               nop
035c:  8d07               nop
035e:  8d07               nop
0360:  8d07               nop
0362:  8d07               nop
0364:  8d07               nop
0366:  8d07               nop
0368:  8d07               nop
036a:  8d07               nop
036c:  8d07               nop
036e:  8d07               nop
0370:  8d07               nop
0372:  8d07               nop
0374:  8d07               nop
0376:  8d07               nop
0378:  8d07               nop
037a:  8d07               nop
037c:  8d07               nop
037e:  8d07               nop
0380:  8d07               nop
0382:  8d07               nop
0384:  8d07               nop
0386:  8d07               nop
0388:  8d07               nop
038a:  8d07               nop
038c:  8d07               nop
038e:  8d07               nop
0390:  8d07               nop
0392:  8d07               nop
0394:  8d07               nop
0396:  8d07               nop
0398:  8d07               nop
039a:  8d07               nop
039c:  8d07               nop
039e:  8d07               nop
03a0:  8d07               nop
03a2:  8d07               nop
03a4:  8d07               nop
03a6:  8d07               nop
03a8:  8d07               nop
03aa:  8d07               nop
03ac:  8d07               nop
03ae:  8d07               nop
03b0:  8d07               nop
03b2:  8d07               nop
03b4:  8d07               nop
03b6:  8d07               nop
03b8:  8d07               nop
03ba:  8d07               nop
03bc:  8d07               nop
03be:  8d07               nop
03c0:  8d07               nop
03c2:  8d07               nop
03c4:  8d07               nop
03c6:  8d07               nop
03c8:  8d07               nop
03ca:  8d07               nop
03cc:  8d07               nop
03ce:  8d07               nop
03d0:  8d07               nop
03d2:  8d07               nop
03d4:  8d07               nop
03d6:  8d07               nop
03d8:  8d07               nop
03da:  8d07               nop
03dc:  8d07               nop
03de:  8d07               nop
03e0:  8d07               nop
03e2:  8d07               nop
03e4:  8d07               nop
03e6:  8d07               nop
03e8:  8d07               nop
03ea:  8d07               nop
03ec:  8d07               nop
03ee:  8d07               nop
03f0:  8d07               nop
03f2:  8d07               nop
03f4:  8d07               nop
03f6:  8d07               nop
03f8:  8d07               nop
03fa:  8d07               nop
03fc:  8d07               nop
03fe:  8d07               nop
0400:  8d07               nop
0402:  8d07               nop
0404:  8d07               nop
0406:  8d07               nop
0408:  8d07               nop
040a:  8d07               nop
040c:  8d07               nop
040e:  8d07               nop
0410:  8d07               nop
0412:  8d07               nop
0414:  8d07               nop
0416:  8d07               nop
0418:  8d07               nop
041a:  8d07               nop
041c:  8d07               nop
041e:  8d07               nop
0420:  8d07               nop
0422:  8d07               nop
0424:  8d07               nop
0426:  8d07               nop
0428:  8d07               nop
042a:  8d07               nop
042c:  8d07               nop
042e:  8d07               nop
0430:  8d07               nop
0432:  8d07               nop
0434:  8d07               nop
0436:  8d07               nop
0438:  8d07               nop
043a:  8d07               nop
043c:  8d07               nop
043e:  8d07               nop
0440:  8d07               nop
0442:  8d07               nop
0444:  8d07               nop
0446:  8d07               nop
0448:  8d07               nop
044a:  8d07               nop
044c:  8d07               nop
044e:  8d07               nop
0450:  8d07               nop
0452:  8d07               nop
0454:  8d07               nop
0456:  8d07               nop
0458:  8d07               nop
045a:  8d07               nop
045c:  8d07               nop
045e:  8d07               nop
0460:  8d07               nop
0462:  8d07               nop
0464:  8d07               nop
0466:  8d07               nop
0468:  8d07               nop
046a:  8d07               nop
046c:  8d07               nop
046e:  8d07               nop
0470:  8d07               nop
0472:  8d07               nop
0474:  8d07               nop
0476:  8d07               nop
0478:  8d07               nop
047a:  8d07               nop
047c:  8d07               nop
047e:  8d07               nop
0480:  8d07               nop
0482:  8d07               nop
0484:  8d07               nop
0486:  8d07               nop
0488:  8d07               nop
048a:  8d07               nop
048c:  8d07               nop
048e:  8d07               nop
0490:  8d07               nop
0492:  8d07               nop
0494:  8d07               nop
0496:  8d07               nop
0498:  8d07               nop
049a:  8d07               nop
049c:  8d07               nop
049e:  8d07               nop
04a0:  8d07               nop
04a2:  8d07               nop
04a4:  8d07               nop
04a6:  8d07               nop
04a8:  8d07               nop
04aa:  8d07               nop
04ac:  8d07               nop
04ae:  8d07               nop
04b0:  8d07               nop
04b2:  8d07               nop
04b4:  8d07               nop
04b6:  8d07               nop
04b8:  8d07               nop
04ba:  8d07               nop
04bc:  8d07               nop
04be:  8d07               nop
04c0:  8d07               nop
04c2:  8d07               nop
04c4:  8d07               nop
04c6:  8d07               nop
04c8:  8d07               nop
04ca:  8d07               nop
04cc:  8d07               nop
04ce:  8d07               nop
04d0:  8d07               nop
04d2:  8d07               nop
04d4:  8d07               nop
04d6:  8d07               nop
04d8:  8d07               nop
04da:  8d07               nop
04dc:  8d07               nop
04de:  8d07               nop
04e0:  8d07               nop
04e2:  8d07               nop
04e4:  8d07               nop
04e6:  8d07               nop
04e8:  8d07               nop
04ea:  8d07               nop
04ec:  8d07               nop
04ee:  8d07               nop
04f0:  8d07               nop
04f2:  8d07               nop
04f4:  8d07               nop
04f6:  8d07               nop
04f8:  8d07               nop
04fa:  8d07               nop
04fc:  8d07               nop
04fe:  8d07               nop
0500:  8d07               nop
0502:  8d07               nop
0504:  8d07               nop
0506:  8d07               nop
0508:  8d07               nop
050a:  8d07               nop
050c:  8d07               nop
050e:  8d07               nop
0510:  8d07               nop
0512:  8d07               nop
0514:  8d07               nop
0516:  8d07               nop
0518:  8d07               nop
051a:  8d07               nop
051c:  8d07               nop
051e:  8d07               nop
0520:  8d07               nop
0522:  8d07               nop
0524:  8d07               nop
0526:  8d07               nop
0528:  8d07               nop
052a:  8d07               nop
052c:  8d07               nop
052e:  8d07               nop
0530:  8d07               nop
0532:  8d07               nop
0534:  8d07               nop
0536:  8d07               nop
0538:  8d07               nop
053a:  8d07               nop
053c:  8d07               nop
053e:  8d07               nop
0540:  8d07               nop
0542:  8d07               nop
0544:  8d07               nop
0546:  8d07               nop
0548:  8d07               nop
054a:  8d07               nop
054c:  8d07               nop
054e:  8d07               nop
0550:  8d07               nop
0552:  8d07               nop
0554:  8d07               nop
0556:  8d07               nop
0558:  8d07               nop
055a:  8d07               nop
055c:  8d07               nop
055e:  8d07               nop
0560:  8d07               nop
0562:  8d07               nop
0564:  8d07               nop
0566:  8d07               nop
0568:  8d07               nop
056a:  8d07               nop
056c:  8d07               nop
056e:  8d07               nop
0570:  8d07               nop
0572:  8d07               nop
0574:  8d07               nop
0576:  8d07               nop
0578:  8d07               nop
057a:  8d07               nop
057c:  8d07               nop
057e:  8d07               nop
0580:  8d07               nop
0582:  8d07               nop
0584:  8d07               nop
0586:  8d07               nop
0588:  8d07               nop
058a:  8d07               nop
058c:  8d07               nop
058e:  8d07               nop
0590:  8d07               nop
0592:  8d07               nop
0594:  8d07               nop
0596:  8d07               nop
0598:  8d07               nop
059a:  8d07               nop
059c:  8d07               nop
059e:  8d07               nop
05a0:  8d07               nop
05a2:  8d07               nop
05a4:  8d07               nop
05a6:  8d07               nop
05a8:  8d07               nop
05aa:  8d07               nop
05ac:  8d07               nop
05ae:  8d07               nop
05b0:  8d07               nop
05b2:  8d07               nop
05b4:  8d07               nop
05b6:  8d07               nop
05b8:  8d07               nop
05ba:  8d07               nop
05bc:  8d07               nop
05be:  8d07               nop
05c0:  8d07               nop
05c2:  8d07               nop
05c4:  8d07               nop
05c6:  8d07               nop
05c8:  8d07               nop
05ca:  8d07               nop
05cc:  8d07               nop
05ce:  8d07               nop
05d0:  8d07               nop
05d2:  8d07               nop
05d4:  8d07               nop
05d6:  8d07               nop
05d8:  8d07               nop
05da:  8d07               nop
05dc:  8d07               nop
05de:  8d07               nop
05e0:  8d07               nop
05e2:  8d07               nop
05e4:  8d07               nop
05e6:  8d07               nop
05e8:  8d07               nop
05ea:  8d07               nop
05ec:  8d07               nop
05ee:  8d07               nop
05f0:  8d07               nop
05f2:  8d07               nop
05f4:  8d07               nop
05f6:  8d07               nop
05f8:  8d07               nop
05fa:  8d07               nop
05fc:  8d07               nop
05fe:  8d07               nop
0600:  8d07               nop
0602:  8d07               nop
0604:  8d07               nop
0606:  8d07               nop
0608:  8d07               nop
060a:  8d07               nop
060c:  8d07               nop
060e:  8d07               nop
0610:  8d07               nop
0612:  8d07               nop
0614:  8d07               nop
0616:  8d07               nop
0618:  8d07               nop
061a:  8d07               nop
061c:  8d07               nop
061e:  8d07               nop
0620:  8d07               nop
0622:  8d07               nop
0624:  8d07               nop
0626:  8d07               nop
0628:  8d07               nop
062a:  8d07               nop
062c:  8d07               nop
062e:  8d07               nop
0630:  8d07               nop
0632:  8d07               nop
0634:  8d07               nop
0636:  8d07               nop
0638:  8d07               nop
063a:  8d07               nop
063c:  8d07               nop
063e:  8d07               nop
0640:  8d07               nop
0642:  8d07               nop
0644:  8d07               nop
0646:  8d07               nop
0648:  8d07               nop
064a:  8d07               nop
064c:  8d07               nop
064e:  8d07               nop
0650:  8d07               nop
0652:  8d07               nop
0654:  8d07               nop
0656:  8d07               nop
0658:  8d07               nop
065a:  8d07               nop
065c:  8d07               nop
065e:  8d07               nop
0660:  8d07               nop
0662:  8d07               nop
0664:  8d07               nop
0666:  8d07               nop
0668:  8d07               nop
066a:  8d07               nop
066c:  8d07               nop
066e:  8d07               nop
0670:  8d07               nop
0672:  8d07               nop
0674:  8d07               nop
0676:  8d07               nop
0678:  8d07               nop
067a:  8d07               nop
067c:  8d07               nop
067e:  8d07               nop
0680:  8d07               nop
0682:  8d07               nop
0684:  8d07               nop
0686:  8d07               nop
0688:  8d07               nop
068a:  8d07               nop
068c:  8d07               nop
068e:  8d07               nop
0690:  8d07               nop
0692:  8d07               nop
0694:  8d07               nop
0696:  8d07               nop
0698:  8d07               nop
069a:  8d07               nop
069c:  8d07               nop
069e:  8d07               nop
06a0:  8d07               nop
06a2:  8d07               nop
06a4:  8d07               nop
06a6:  8d07               nop
06a8:  8d07               nop
06aa:  8d07               nop
06ac:  8d07               nop
06ae:  8d07               nop
06b0:  8d07               nop
06b2:  8d07               nop
06b4:  8d07               nop
06b6:  8d07               nop
06b8:  8d07               nop
06ba:  8d07               nop
06bc:  8d07               nop
06be:  8d07               nop
06c0:  8d07               nop
06c2:  8d07               nop
06c4:  8d07               nop
06c6:  8d07               nop
06c8:  8d07               nop
06ca:  8d07               nop
06cc:  8d07               nop
06ce:  8d07               nop
06d0:  8d07               nop
06d2:  8d07               nop
06d4:  8d07               nop
06d6:  8d07               nop
06d8:  8d07               nop
06da:  8d07               nop
06dc:  8d07               nop
06de:  8d07               nop
06e0:  8d07               nop
06e2:  8d07               nop
06e4:  8d07               nop
06e6:  8d07               nop
06e8:  8d07               nop
06ea:  8d07               nop
06ec:  8d07               nop
06ee:  8d07               nop
06f0:  8d07               nop
06f2:  8d07               nop
06f4:  8d07               nop
06f6:  8d07               nop
06f8:  8d07               nop
06fa:  8d07               nop
06fc:  8d07               nop
06fe:  8d07               nop
0700:  8d07               nop
0702:  8d07               nop
0704:  8d07               nop
0706:  8d07               nop
0708:  8d07               nop
070a:  8d07               nop
070c:  8d07               nop
070e:  8d07               nop
0710:  8d07               nop
0712:  8d07               nop
0714:  8d07               nop
0716:  8d07               nop
0718:  8d07               nop
071a:  8d07               nop
071c:  8d07               nop
071e:  8d07               nop
0720:  8d07               nop
0722:  8d07               nop
0724:  8d07               nop
0726:  8d07               nop
0728:  8d07               nop
072a:  8d07               nop
072c:  8d07               nop
072e:  8d07               nop
0730:  8d07               nop
0732:  8d07               nop
0734:  8d07               nop
0736:  8d07               nop
0738:  8d07               nop
073a:  8d07               nop
073c:  8d07               nop
073e:  8d07               nop
0740:  8d07               nop
0742:  8d07               nop
0744:  8d07               nop
0746:  8d07               nop
0748:  8d07               nop
074a:  8d07               nop
074c:  8d07               nop
074e:  8d07               nop
0750:  8d07               nop
0752:  8d07               nop
0754:  8d07               nop
0756:  8d07               nop
0758:  8d07               nop
075a:  8d07               nop
075c:  8d07               nop
075e:  8d07               nop
0760:  8d07               nop
0762:  8d07               nop
0764:  8d07               nop
0766:  8d07               nop
0768:  8d07               nop
076a:  8d07               nop
076c:  8d07               nop
076e:  8d07               nop
0770:  8d07               nop
0772:  8d07               nop
0774:  8d07               nop
0776:  8d07               nop
0778:  8d07               nop
077a:  8d07               nop
077c:  8d07               nop
077e:  8d07               nop
0780:  8d07               nop
0782:  8d07               nop
0784:  8d07               nop
0786:  8d07               nop
0788:  8d07               nop
078a:  8d07               nop
078c:  8d07               nop
078e:  8d07               nop
0790:  8d07               nop
0792:  8d07               nop
0794:  8d07               nop
0796:  8d07               nop
0798:  8d07               nop
079a:  8d07               nop
079c:  8d07               nop
079e:  8d07               nop
07a0:  8d07               nop
07a2:  8d07               nop
07a4:  8d07               nop
07a6:  8d07               nop
07a8:  8d07               nop
07aa:  8d07               nop
07ac:  8d07               nop
07ae:  8d07               nop
07b0:  8d07               nop
07b2:  8d07               nop
07b4:  8d07               nop
07b6:  8d07               nop
07b8:  8d07               nop
07ba:  8d07               nop
07bc:  8d07               nop
07be:  8d07               nop
07c0:  8d07               nop
07c2:  8d07               nop
07c4:  8d07               nop
07c6:  8d07               nop
07c8:  8d07               nop
07ca:  8d07               nop
07cc:  8d07               nop
07ce:  8d07               nop
07d0:  8d07               nop
07d2:  8d07               nop
07d4:  8d07               nop
07d6:  8d07               nop
07d8:  8d07               nop
07da:  8d07               nop
07dc:  8d07               nop
07de:  8d07               nop
07e0:  8d07               nop
07e2:  8d07               nop
07e4:  8d07               nop
07e6:  8d07               nop
07e8:  8d07               nop
07ea:  8d07               nop
07ec:  8d07               nop
07ee:  8d07               nop
07f0:  8d07               nop
07f2:  8d07               nop
07f4:  8d07               nop
07f6:  8d07               nop
07f8:  8d07               nop
07fa:  8d07               nop
07fc:  8d07               nop
07fe:  8d07               nop
0800:  8d07               nop
0802:  8d07               nop
0804:  8d07               nop
0806:  8d07               nop
0808:  8d07               nop
080a:  8d07               nop
080c:  8d07               nop
080e:  8d07               nop
0810:  8d07               nop
0812:  8d07               nop
0814:  8d07               nop
0816:  8d07               nop
0818:  8d07               nop
081a:  8d07               nop
081c:  8d07               nop
081e:  8d07               nop
0820:  8d07               nop
0822:  8d07               nop
0824:  8d07               nop
0826:  8d07               nop
0828:  8d07               nop
082a:  8d07               nop
082c:  8d07               nop
082e:  8d07               nop
0830:  8d07               nop
0832:  8d07               nop
0834:  8d07               nop
0836:  8d07               nop
0838:  8d07               nop
083a:  8d07               nop
083c:  8d07               nop
083e:  8d07               nop
0840:  8d07               nop
0842:  8d07               nop
0844:  8d07               nop
0846:  8d07               nop
0848:  8d07               nop
084a:  8d07               nop
084c:  8d07               nop
084e:  8d07               nop
0850:  8d07               nop
0852:  8d07               nop
0854:  8d07               nop
0856:  8d07               nop
0858:  8d07               nop
085a:  8d07               nop
085c:  8d07               nop
085e:  8d07               nop
0860:  8d07               nop
0862:  8d07               nop
0864:  8d07               nop
0866:  8d07               nop
0868:  8d07               nop
086a:  8d07               nop
086c:  8d07               nop
086e:  8d07               nop
0870:  8d07               nop
0872:  8d07               nop
0874:  8d07               nop
0876:  8d07               nop
0878:  8d07               nop
087a:  8d07               nop
087c:  8d07               nop
087e:  8d07               nop
0880:  8d07               nop
0882:  8d07               nop
0884:  8d07               nop
0886:  8d07               nop
0888:  8d07               nop
088a:  8d07               nop
088c:  8d07               nop
088e:  8d07               nop
0890:  8d07               nop
0892:  8d07               nop
0894:  8d07               nop
0896:  8d07               nop
0898:  8d07               nop
089a:  8d07               nop
089c:  8d07               nop
089e:  8d07               nop
08a0:  8d07               nop
08a2:  8d07               nop
08a4:  8d07               nop
08a6:  8d07               nop
08a8:  8d07               nop
08aa:  8d07               nop
08ac:  8d07               nop
08ae:  8d07               nop
08b0:  8d07               nop
08b2:  8d07               nop
08b4:  8d07               nop
08b6:  8d07               nop
08b8:  8d07               nop
08ba:  8d07               nop
08bc:  8d07               nop
08be:  8d07               nop
08c0:  8d07               nop
08c2:  8d07               nop
08c4:  8d07               nop
08c6:  8d07               nop
08c8:  8d07               nop
08ca:  8d07               nop
08cc:  8d07               nop
08ce:  8d07               nop
08d0:  8d07               nop
08d2:  8d07               nop
08d4:  8d07               nop
08d6:  8d07               nop
08d8:  8d07               nop
08da:  8d07               nop
08dc:  8d07               nop
08de:  8d07               nop
08e0:  8d07               nop
08e2:  8d07               nop
08e4:  8d07               nop
08e6:  8d07               nop
08e8:  8d07               nop
08ea:  8d07               nop
08ec:  8d07               nop
08ee:  8d07               nop
08f0:  8d07               nop
08f2:  8d07               nop
08f4:  8d07               nop
08f6:  8d07               nop
08f8:  8d07               nop
08fa:  8d07               nop
08fc:  8d07               nop
08fe:  8d07               nop
0900:  8d07               nop
0902:  8d07               nop
0904:  8d07               nop
0906:  8d07               nop
0908:  8d07               nop
090a:  8d07               nop
090c:  8d07               nop
090e:  8d07               nop
0910:  8d07               nop
0912:  8d07               nop
0914:  8d07               nop
0916:  8d07               nop
0918:  8d07               nop
091a:  8d07               nop
091c:  8d07               nop
091e:  8d07               nop
0920:  8d07               nop
0922:  8d07               nop
0924:  8d07               nop
0926:  8d07               nop
0928:  8d07               nop
092a:  8d07               nop
092c:  8d07               nop
092e:  8d07               nop
0930:  8d07               nop
0932:  8d07               nop
0934:  8d07               nop
0936:  8d07               nop
0938:  8d07               nop
093a:  8d07               nop
093c:  8d07               nop
093e:  8d07               nop
0940:  8d07               nop
0942:  8d07               nop
0944:  8d07               nop
0946:  8d07               nop
0948:  8d07               nop
094a:  8d07               nop
094c:  8d07               nop
094e:  8d07               nop
0950:  8d07               nop
0952:  8d07               nop
0954:  8d07               nop
0956:  8d07               nop
0958:  8d07               nop
095a:  8d07               nop
095c:  8d07               nop
095e:  8d07               nop
0960:  8d07               nop
0962:  8d07               nop
0964:  8d07               nop
0966:  8d07               nop
0968:  8d07               nop
096a:  8d07               nop
096c:  8d07               nop
096e:  8d07               nop
0970:  8d07               nop
0972:  8d07               nop
0974:  8d07               nop
0976:  8d07               nop
0978:  8d07               nop
097a:  8d07               nop
097c:  8d07               nop
097e:  8d07               nop
0980:  8d07               nop
0982:  8d07               nop
0984:  8d07               nop
0986:  8d07               nop
0988:  8d07               nop
098a:  8d07               nop
098c:  8d07               nop
098e:  8d07               nop
0990:  8d07               nop
0992:  8d07               nop
0994:  8d07               nop
0996:  8d07               nop
0998:  8d07               nop
099a:  8d07               nop
099c:  8d07               nop
099e:  8d07               nop
09a0:  8d07               nop
09a2:  8d07               nop
09a4:  8d07               nop
09a6:  8d07               nop
09a8:  8d07               nop
09aa:  8d07               nop
09ac:  8d07               nop
09ae:  8d07               nop
09b0:  8d07               nop
09b2:  8d07               nop
09b4:  8d07               nop
09b6:  8d07               nop
09b8:  8d07               nop
09ba:  8d07               nop
09bc:  8d07               nop
09be:  8d07               nop
09c0:  8d07               nop
09c2:  8d07               nop
09c4:  8d07               nop
09c6:  8d07               nop
09c8:  8d07               nop
09ca:  8d07               nop
09cc:  8d07               nop
09ce:  8d07               nop
09d0:  8d07               nop
09d2:  8d07               nop
09d4:  8d07               nop
09d6:  8d07               nop
09d8:  8d07               nop
09da:  8d07               nop
09dc:  8d07               nop
09de:  8d07               nop
09e0:  8d07               nop
09e2:  8d07               nop
09e4:  8d07               nop
09e6:  8d07               nop
09e8:  8d07               nop
09ea:  8d07               nop
09ec:  8d07               nop
09ee:  8d07               nop
09f0:  8d07               nop
09f2:  8d07               nop
09f4:  8d07               nop
09f6:  8d07               nop
09f8:  8d07               nop
09fa:  8d07               nop
09fc:  8d07               nop
09fe:  8d07               nop
0a00:  8d07               nop
0a02:  8d07               nop
0a04:  8d07               nop
0a06:  8d07               nop
0a08:  8d07               nop
0a0a:  8d07               nop
0a0c:  8d07               nop
0a0e:  8d07               nop
0a10:  8d07               nop
0a12:  8d07               nop
0a14:  8d07               nop
0a16:  8d07               nop
0a18:  8d07               nop
0a1a:  8d07               nop
0a1c:  8d07               nop
0a1e:  8d07               nop
0a20:  8d07               nop
0a22:  8d07               nop
0a24:  8d07               nop
0a26:  8d07               nop
0a28:  8d07               nop
0a2a:  8d07               nop
0a2c:  8d07               nop
0a2e:  8d07               nop
0a30:  8d07               nop
0a32:  8d07               nop
0a34:  8d07               nop
0a36:  8d07               nop
0a38:  8d07               nop
0a3a:  8d07               nop
0a3c:  8d07               nop
0a3e:  8d07               nop
0a40:  8d07               nop
0a42:  8d07               nop
0a44:  8d07               nop
0a46:  8d07               nop
0a48:  8d07               nop
0a4a:  8d07               nop
0a4c:  8d07               nop
0a4e:  8d07               nop
0a50:  8d07               nop
0a52:  8d07               nop
0a54:  8d07               nop
0a56:  8d07               nop
0a58:  8d07               nop
0a5a:  8d07               nop
0a5c:  8d07               nop
0a5e:  8d07               nop
0a60:  8d07               nop
0a62:  8d07               nop
0a64:  8d07               nop
0a66:  8d07               nop
0a68:  8d07               nop
0a6a:  8d07               nop
0a6c:  8d07               nop
0a6e:  8d07               nop
0a70:  8d07               nop
0a72:  8d07               nop
0a74:  8d07               nop
0a76:  8d07               nop
0a78:  8d07               nop
0a7a:  8d07               nop
0a7c:  8d07               nop
0a7e:  8d07               nop
0a80:  8d07               nop
0a82:  8d07               nop
0a84:  8d07               nop
0a86:  8d07               nop
0a88:  8d07               nop
0a8a:  8d07               nop
0a8c:  8d07               nop
0a8e:  8d07               nop
0a90:  8d07               nop
0a92:  8d07               nop
0a94:  8d07               nop
0a96:  8d07               nop
0a98:  8d07               nop
0a9a:  8d07               nop
0a9c:  8d07               nop
0a9e:  8d07               nop
0aa0:  8d07               nop
0aa2:  8d07               nop
0aa4:  8d07               nop
0aa6:  8d07               nop
0aa8:  8d07               nop
0aaa:  8d07               nop
0aac:  8d07               nop
0aae:  8d07               nop
0ab0:  8d07               nop
0ab2:  8d07               nop
0ab4:  8d07               nop
0ab6:  8d07               nop
0ab8:  8d07               nop
0aba:  8d07               nop
0abc:  8d07               nop
0abe:  8d07               nop
0ac0:  8d07               nop
0ac2:  8d07               nop
0ac4:  8d07               nop
0ac6:  8d07               nop
0ac8:  8d07               nop
0aca:  8d07               nop
0acc:  8d07               nop
0ace:  8d07               nop
0ad0:  8d07               nop
0ad2:  8d07               nop
0ad4:  8d07               nop
0ad6:  8d07               nop
0ad8:  8d07               nop
0ada:  8d07               nop
0adc:  8d07               nop
0ade:  8d07               nop
0ae0:  8d07               nop
0ae2:  8d07               nop
0ae4:  8d07               nop
0ae6:  8d07               nop
0ae8:  8d07               nop
0aea:  8d07               nop
0aec:  8d07               nop
0aee:  8d07               nop
0af0:  8d07               nop
0af2:  8d07               nop
0af4:  8d07               nop
0af6:  8d07               nop
0af8:  8d07               nop
0afa:  8d07               nop
0afc:  8d07               nop
0afe:  8d07               nop
0b00:  8d07               nop
0b02:  8d07               nop
0b04:  8d07               nop
0b06:  8d07               nop
0b08:  8d07               nop
0b0a:  8d07               nop
0b0c:  8d07               nop
0b0e:  8d07               nop
0b10:  8d07               nop
0b12:  8d07               nop
0b14:  8d07               nop
0b16:  8d07               nop
0b18:  8d07               nop
0b1a:  8d07               nop
0b1c:  8d07               nop
0b1e:  8d07               nop
0b20:  8d07               nop
0b22:  8d07               nop
0b24:  8d07               nop
0b26:  8d07               nop
0b28:  8d07               nop
0b2a:  8d07               nop
0b2c:  8d07               nop
0b2e:  8d07               nop
0b30:  8d07               nop
0b32:  8d07               nop
0b34:  8d07               nop
0b36:  8d07               nop
0b38:  8d07               nop
0b3a:  8d07               nop
0b3c:  8d07               nop
0b3e:  8d07               nop
0b40:  8d07               nop
0b42:  8d07               nop
0b44:  8d07               nop
0b46:  8d07               nop
0b48:  8d07               nop
0b4a:  8d07               nop
0b4c:  8d07               nop
0b4e:  8d07               nop
0b50:  8d07               nop
0b52:  8d07               nop
0b54:  8d07               nop
0b56:  8d07               nop
0b58:  8d07               nop
0b5a:  8d07               nop
0b5c:  8d07               nop
0b5e:  8d07               nop
0b60:  8d07               nop
0b62:  8d07               nop
0b64:  8d07               nop
0b66:  8d07               nop
0b68:  8d07               nop
0b6a:  8d07               nop
0b6c:  8d07               nop
0b6e:  8d07               nop
0b70:  8d07               nop
0b72:  8d07               nop
0b74:  8d07               nop
0b76:  8d07               nop
0b78:  8d07               nop
0b7a:  8d07               nop
0b7c:  8d07               nop
0b7e:  8d07               nop
0b80:  8d07               nop
0b82:  8d07               nop
0b84:  8d07               nop
0b86:  8d07               nop
0b88:  8d07               nop
0b8a:  8d07               nop
0b8c:  8d07               nop
0b8e:  8d07               nop
0b90:  8d07               nop
0b92:  8d07               nop
0b94:  8d07               nop
0b96:  8d07               nop
0b98:  8d07               nop
0b9a:  8d07               nop
0b9c:  8d07               nop
0b9e:  8d07               nop
0ba0:  8d07               nop
0ba2:  8d07               nop
0ba4:  8d07               nop
0ba6:  8d07               nop
0ba8:  8d07               nop
0baa:  8d07               nop
0bac:  8d07               nop
0bae:  8d07               nop
0bb0:  8d07               nop
0bb2:  8d07               nop
0bb4:  8d07               nop
0bb6:  8d07               nop
0bb8:  8d07               nop
0bba:  8d07               nop
0bbc:  8d07               nop
0bbe:  8d07               nop
0bc0:  8d07               nop
0bc2:  8d07               nop
0bc4:  8d07               nop
0bc6:  8d07               nop
0bc8:  8d07               nop
0bca:  8d07               nop
0bcc:  8d07               nop
0bce:  8d07               nop
0bd0:  8d07               nop
0bd2:  8d07               nop
0bd4:  8d07               nop
0bd6:  8d07               nop
0bd8:  8d07               nop
0bda:  8d07               nop
0bdc:  8d07               nop
0bde:  8d07               nop
0be0:  8d07               nop
0be2:  8d07               nop
0be4:  8d07               nop
0be6:  8d07               nop
0be8:  8d07               nop
0bea:  8d07               nop
0bec:  8d07               nop
0bee:  8d07               nop
0bf0:  8d07               nop
0bf2:  8d07               nop
0bf4:  8d07               nop
0bf6:  8d07               nop
0bf8:  8d07               nop
0bfa:  8d07               nop
0bfc:  8d07               nop
0bfe:  8d07               nop
0c00:  8d07               nop
0c02:  8d07               nop
0c04:  8d07               nop
0c06:  8d07               nop
0c08:  8d07               nop
0c0a:  8d07               nop
0c0c:  8d07               nop
0c0e:  8d07               nop
0c10:  8d07               nop
0c12:  8d07               nop
0c14:  8d07               nop
0c16:  8d07               nop
0c18:  8d07               nop
0c1a:  8d07               nop
0c1c:  8d07               nop
0c1e:  8d07               nop
0c20:  8d07               nop
0c22:  8d07               nop
0c24:  8d07               nop
0c26:  8d07               nop
0c28:  8d07               nop
0c2a:  8d07               nop
0c2c:  8d07               nop
0c2e:  8d07               nop
0c30:  8d07               nop
0c32:  8d07               nop
0c34:  8d07               nop
0c36:  8d07               nop
0c38:  8d07               nop
0c3a:  8d07               nop
0c3c:  8d07               nop
0c3e:  8d07               nop
0c40:  8d07               nop
0c42:  8d07               nop
0c44:  8d07               nop
0c46:  8d07               nop
0c48:  8d07               nop
0c4a:  8d07               nop
0c4c:  8d07               nop
0c4e:  8d07               nop
0c50:  8d07               nop
0c52:  8d07               nop
0c54:  8d07               nop
0c56:  8d07               nop
0c58:  8d07               nop
0c5a:  8d07               nop
0c5c:  8d07               nop
0c5e:  8d07               nop
0c60:  8d07               nop
0c62:  8d07               nop
0c64:  8d07               nop
0c66:  8d07               nop
0c68:  8d07               nop
0c6a:  8d07               nop
0c6c:  8d07               nop
0c6e:  8d07               nop
0c70:  8d07               nop
0c72:  8d07               nop
0c74:  8d07               nop
0c76:  8d07               nop
0c78:  8d07               nop
0c7a:  8d07               nop
0c7c:  8d07               nop
0c7e:  8d07               nop
0c80:  8d07               nop
0c82:  8d07               nop
0c84:  8d07               nop
0c86:  8d07               nop
0c88:  8d07               nop
0c8a:  8d07               nop
0c8c:  8d07               nop
0c8e:  8d07               nop
0c90:  8d07               nop
0c92:  8d07               nop
0c94:  8d07               nop
0c96:  8d07               nop
0c98:  8d07               nop
0c9a:  8d07               nop
0c9c:  8d07               nop
0c9e:  8d07               nop
0ca0:  8d07               nop
0ca2:  8d07               nop
0ca4:  8d07               nop
0ca6:  8d07               nop
0ca8:  8d07               nop
0caa:  8d07               nop
0cac:  8d07               nop
0cae:  8d07               nop
0cb0:  8d07               nop
0cb2:  8d07               nop
0cb4:  8d07               nop
0cb6:  8d07               nop
0cb8:  8d07               nop
0cba:  8d07               nop
0cbc:  8d07               nop
0cbe:  8d07               nop
0cc0:  8d07               nop
0cc2:  8d07               nop
0cc4:  8d07               nop
0cc6:  8d07               nop
0cc8:  8d07               nop
0cca:  8d07               nop
0ccc:  8d07               nop
0cce:  8d07               nop
0cd0:  8d07               nop
0cd2:  8d07               nop
0cd4:  8d07               nop
0cd6:  8d07               nop
0cd8:  8d07               nop
0cda:  8d07               nop
0cdc:  8d07               nop
0cde:  8d07               nop
0ce0:  8d07               nop
0ce2:  8d07               nop
0ce4:  8d07               nop
0ce6:  8d07               nop
0ce8:  8d07               nop
0cea:  8d07               nop
0cec:  8d07               nop
0cee:  8d07               nop
0cf0:  8d07               nop
0cf2:  8d07               nop
0cf4:  8d07               nop
0cf6:  8d07               nop
0cf8:  8d07               nop
0cfa:  8d07               nop
0cfc:  8d07               nop
0cfe:  8d07               nop
0d00:  8d07               nop
0d02:  8d07               nop
0d04:  8d07               nop
0d06:  8d07               nop
0d08:  8d07               nop
0d0a:  8d07               nop
0d0c:  8d07               nop
0d0e:  8d07               nop
0d10:  8d07               nop
0d12:  8d07               nop
0d14:  8d07               nop
0d16:  8d07               nop
0d18:  8d07               nop
0d1a:  8d07               nop
0d1c:  8d07               nop
0d1e:  8d07               nop
0d20:  8d07               nop
0d22:  8d07               nop
0d24:  8d07               nop
0d26:  8d07               nop
0d28:  8d07               nop
0d2a:  8d07               nop
0d2c:  8d07               nop
0d2e:  8d07               nop
0d30:  8d07               nop
0d32:  8d07               nop
0d34:  8d07               nop
0d36:  8d07               nop
0d38:  8d07               nop
0d3a:  8d07               nop
0d3c:  8d07               nop
0d3e:  8d07               nop
0d40:  8d07               nop
0d42:  8d07               nop
0d44:  8d07               nop
0d46:  8d07               nop
0d48:  8d07               nop
0d4a:  8d07               nop
0d4c:  8d07               nop
0d4e:  8d07               nop
0d50:  8d07               nop
0d52:  8d07               nop
0d54:  8d07               nop
0d56:  8d07               nop
0d58:  8d07               nop
0d5a:  8d07               nop
0d5c:  8d07               nop
0d5e:  8d07               nop
0d60:  8d07               nop
0d62:  8d07               nop
0d64:  8d07               nop
0d66:  8d07               nop
0d68:  8d07               nop
0d6a:  8d07               nop
0d6c:  8d07               nop
0d6e:  8d07               nop
0d70:  8d07               nop
0d72:  8d07               nop
0d74:  8d07               nop
0d76:  8d07               nop
0d78:  8d07               nop
0d7a:  8d07               nop
0d7c:  8d07               nop
0d7e:  8d07               nop
0d80:  8d07               nop
0d82:  8d07               nop
0d84:  8d07               nop
0d86:  8d07               nop
0d88:  8d07               nop
0d8a:  8d07               nop
0d8c:  8d07               nop
0d8e:  8d07               nop
0d90:  8d07               nop
0d92:  8d07               nop
0d94:  8d07               nop
0d96:  8d07               nop
0d98:  8d07               nop
0d9a:  8d07               nop
0d9c:  8d07               nop
0d9e:  8d07               nop
0da0:  8d07               nop
0da2:  8d07               nop
0da4:  8d07               nop
0da6:  8d07               nop
0da8:  8d07               nop
0daa:  8d07               nop
0dac:  8d07               nop
0dae:  8d07               nop
0db0:  8d07               nop
0db2:  8d07               nop
0db4:  8d07               nop
0db6:  8d07               nop
0db8:  8d07               nop
0dba:  8d07               nop
0dbc:  8d07               nop
0dbe:  8d07               nop
0dc0:  8d07               nop
0dc2:  8d07               nop
0dc4:  8d07               nop
0dc6:  8d07               nop
0dc8:  8d07               nop
0dca:  8d07               nop
0dcc:  8d07               nop
0dce:  8d07               nop
0dd0:  8d07               nop
0dd2:  8d07               nop
0dd4:  8d07               nop
0dd6:  8d07               nop
0dd8:  8d07               nop
0dda:  8d07               nop
0ddc:  8d07               nop
0dde:  8d07               nop
0de0:  8d07               nop
0de2:  8d07               nop
0de4:  8d07               nop
0de6:  8d07               nop
0de8:  8d07               nop
0dea:  8d07               nop
0dec:  8d07               nop
0dee:  8d07               nop
0df0:  8d07               nop
0df2:  8d07               nop
0df4:  8d07               nop
0df6:  8d07               nop
0df8:  8d07               nop
0dfa:  8d07               nop
0dfc:  8d07               nop
0dfe:  8d07               nop
0e00:  8d07               nop
0e02:  8d07               nop
0e04:  8d07               nop
0e06:  8d07               nop
0e08:  8d07               nop
0e0a:  8d07               nop
0e0c:  8d07               nop
0e0e:  8d07               nop
0e10:  8d07               nop
0e12:  8d07               nop
0e14:  8d07               nop
0e16:  8d07               nop
0e18:  8d07               nop
0e1a:  8d07               nop
0e1c:  8d07               nop
0e1e:  8d07               nop
0e20:  8d07               nop
0e22:  8d07               nop
0e24:  8d07               nop
0e26:  8d07               nop
0e28:  8d07               nop
0e2a:  8d07               nop
0e2c:  8d07               nop
0e2e:  8d07               nop
0e30:  8d07               nop
0e32:  8d07               nop
0e34:  8d07               nop
0e36:  8d07               nop
0e38:  8d07               nop
0e3a:  8d07               nop
0e3c:  8d07               nop
0e3e:  8d07               nop
0e40:  8d07               nop
0e42:  8d07               nop
0e44:  8d07               nop
0e46:  8d07               nop
0e48:  8d07               nop
0e4a:  8d07               nop
0e4c:  8d07               nop
0e4e:  8d07               nop
0e50:  8d07               nop
0e52:  8d07               nop
0e54:  8d07               nop
0e56:  8d07               nop
0e58:  8d07               nop
0e5a:  8d07               nop
0e5c:  8d07               nop
0e5e:  8d07               nop
0e60:  8d07               nop
0e62:  8d07               nop
0e64:  8d07               nop
0e66:  8d07               nop
0e68:  8d07               nop
0e6a:  8d07               nop
0e6c:  8d07               nop
0e6e:  8d07               nop
0e70:  8d07               nop
0e72:  8d07               nop
0e74:  8d07               nop
0e76:  8d07               nop
0e78:  8d07               nop
0e7a:  8d07               nop
0e7c:  8d07               nop
0e7e:  8d07               nop
0e80:  8d07               nop
0e82:  8d07               nop
0e84:  8d07               nop
0e86:  8d07               nop
0e88:  8d07               nop
0e8a:  8d07               nop
0e8c:  8d07               nop
0e8e:  8d07               nop
0e90:  8d07               nop
0e92:  8d07               nop
0e94:  8d07               nop
0e96:  8d07               nop
0e98:  8d07               nop
0e9a:  8d07               nop
0e9c:  8d07               nop
0e9e:  8d07               nop
0ea0:  8d07               nop
0ea2:  8d07               nop
0ea4:  8d07               nop
0ea6:  8d07               nop
0ea8:  8d07               nop
0eaa:  8d07               nop
0eac:  8d07               nop
0eae:  8d07               nop
0eb0:  8d07               nop
0eb2:  8d07               nop
0eb4:  8d07               nop
0eb6:  8d07               nop
0eb8:  8d07               nop
0eba:  8d07               nop
0ebc:  8d07               nop
0ebe:  8d07               nop
0ec0:  8d07               nop
0ec2:  8d07               nop
0ec4:  8d07               nop
0ec6:  8d07               nop
0ec8:  8d07               nop
0eca:  8d07               nop
0ecc:  8d07               nop
0ece:  8d07               nop
0ed0:  8d07               nop
0ed2:  8d07               nop
0ed4:  8d07               nop
0ed6:  8d07               nop
0ed8:  8d07               nop
0eda:  8d07               nop
0edc:  8d07               nop
0ede:  8d07               nop
0ee0:  8d07               nop
0ee2:  8d07               nop
0ee4:  8d07               nop
0ee6:  8d07               nop
0ee8:  8d07               nop
0eea:  8d07               nop
0eec:  8d07               nop
0eee:  8d07               nop
0ef0:  8d07               nop
0ef2:  8d07               nop
0ef4:  8d07               nop
0ef6:  8d07               nop
0ef8:  8d07               nop
0efa:  8d07               nop
0efc:  8d07               nop
0efe:  8d07               nop
0f00:  8d07               nop
0f02:  8d07               nop
0f04:  8d07               nop
0f06:  8d07               nop
0f08:  8d07               nop
0f0a:  8d07               nop
0f0c:  8d07               nop
0f0e:  8d07               nop
0f10:  8d07               nop
0f12:  8d07               nop
0f14:  8d07               nop
0f16:  8d07               nop
0f18:  8d07               nop
0f1a:  8d07               nop
0f1c:  8d07               nop
0f1e:  8d07               nop
0f20:  8d07               nop
0f22:  8d07               nop
0f24:  8d07               nop
0f26:  8d07               nop
0f28:  8d07               nop
0f2a:  8d07               nop
0f2c:  8d07               nop
0f2e:  8d07               nop
0f30:  8d07               nop
0f32:  8d07               nop
0f34:  8d07               nop
0f36:  8d07               nop
0f38:  8d07               nop
0f3a:  8d07               nop
0f3c:  8d07               nop
0f3e:  8d07               nop
0f40:  8d07               nop
0f42:  8d07               nop
0f44:  8d07               nop
0f46:  8d07               nop
0f48:  8d07               nop
0f4a:  8d07               nop
0f4c:  8d07               nop
0f4e:  8d07               nop
0f50:  8d07               nop
0f52:  8d07               nop
0f54:  8d07               nop
0f56:  8d07               nop
0f58:  8d07               nop
0f5a:  8d07               nop
0f5c:  8d07               nop
0f5e:  8d07               nop
0f60:  8d07               nop
0f62:  8d07               nop
0f64:  8d07               nop
0f66:  8d07               nop
0f68:  8d07               nop
0f6a:  8d07               nop
0f6c:  8d07               nop
0f6e:  8d07               nop
0f70:  8d07               nop
0f72:  8d07               nop
0f74:  8d07               nop
0f76:  8d07               nop
0f78:  8d07               nop
0f7a:  8d07               nop
0f7c:  8d07               nop
0f7e:  8d07               nop
0f80:  8d07               nop
0f82:  8d07               nop
0f84:  8d07               nop
0f86:  8d07               nop
0f88:  8d07               nop
0f8a:  8d07               nop
0f8c:  8d07               nop
0f8e:  8d07               nop
0f90:  8d07               nop
0f92:  8d07               nop
0f94:  8d07               nop
0f96:  8d07               nop
0f98:  8d07               nop
0f9a:  8d07               nop
0f9c:  8d07               nop
0f9e:  8d07               nop
0fa0:  8d07               nop
0fa2:  8d07               nop
0fa4:  8d07               nop
0fa6:  8d07               nop
0fa8:  8d07               nop
0faa:  8d07               nop
0fac:  8d07               nop
0fae:  8d07               nop
0fb0:  8d07               nop
0fb2:  8d07               nop
0fb4:  8d07               nop
0fb6:  8d07               nop
0fb8:  8d07               nop
0fba:  8d07               nop
0fbc:  8d07               nop
0fbe:  8d07               nop
0fc0:  8d07               nop
0fc2:  8d07               nop
0fc4:  8d07               nop
0fc6:  8d07               nop
0fc8:  8d07               nop
0fca:  8d07               nop
0fcc:  8d07               nop
0fce:  8d07               nop
0fd0:  8d07               nop
0fd2:  8d07               nop
0fd4:  8d07               nop
0fd6:  8d07               nop
0fd8:  8d07               nop
0fda:  8d07               nop
0fdc:  8d07               nop
0fde:  8d07               nop
0fe0:  8d07               nop
0fe2:  8d07               nop
0fe4:  8d07               nop
0fe6:  8d07               nop
0fe8:  8d07               nop
0fea:  8d07               nop
0fec:  8d07               nop
0fee:  8d07               nop
0ff0:  8d07               nop
0ff2:  8d07               nop
0ff4:  8d07               nop
0ff6:  8d07               nop
0ff8:  8d07               nop
0ffa:  8d07               nop
0ffc:  8d07               nop
0ffe:  8d07               nop
1000:  8d07               nop
1002:  8d07               nop
1004:  8d07               nop
1006:  8d07               nop
1008:  8d07               nop
100a:  8d07               nop
100c:  8d07               nop
100e:  8d07               nop
1010:  8d07               nop
1012:  8d07               nop
1014:  8d07               nop
1016:  8d07               nop
1018:  8d07               nop
101a:  8d07               nop
101c:  8d07               nop
101e:  8d07               nop
1020:  8d07               nop
1022:  8d07               nop
1024:  8d07               nop
1026:  8d07               nop
1028:  8d07               nop
102a:  8d07               nop
102c:  8d07               nop
102e:  8d07               nop
1030:  8d07               nop
1032:  8d07               nop
1034:  8d07               nop
1036:  8d07               nop
1038:  8d07               nop
103a:  8d07               nop
103c:  8d07               nop
103e:  8d07               nop
1040:  8d07               nop
1042:  8d07               nop
1044:  8d07               nop
1046:  8d07               nop
1048:  8d07               nop
104a:  8d07               nop
104c:  8d07               nop
104e:  8d07               nop
1050:  8d07               nop
1052:  8d07               nop
1054:  8d07               nop
1056:  8d07               nop
1058:  8d07               nop
105a:  8d07               nop
105c:  8d07               nop
105e:  8d07               nop
1060:  8d07               nop
1062:  8d07               nop
1064:  8d07               nop
1066:  8d07               nop
1068:  8d07               nop
106a:  8d07               nop
106c:  8d07               nop
106e:  8d07               nop
1070:  8d07               nop
1072:  8d07               nop
1074:  8d07               nop
1076:  8d07               nop
1078:  8d07               nop
107a:  8d07               nop
107c:  8d07               nop
107e:  8d07               nop
1080:  8d07               nop
1082:  8d07               nop
1084:  8d07               nop
1086:  8d07               nop
1088:  8d07               nop
108a:  8d07               nop
108c:  8d07               nop
108e:  8d07               nop
1090:  8d07               nop
1092:  8d07               nop
1094:  8d07               nop
1096:  8d07               nop
1098:  8d07               nop
109a:  8d07               nop
109c:  8d07               nop
109e:  8d07               nop
10a0:  8d07               nop
10a2:  8d07               nop
10a4:  8d07               nop
10a6:  8d07               nop
10a8:  8d07               nop
10aa:  8d07               nop
10ac:  8d07               nop
10ae:  8d07               nop
10b0:  8d07               nop
10b2:  8d07               nop
10b4:  8d07               nop
10b6:  8d07               nop
10b8:  8d07               nop
10ba:  8d07               nop
10bc:  8d07               nop
10be:  8d07               nop
10c0:  8d07               nop
10c2:  8d07               nop
10c4:  8d07               nop
10c6:  8d07               nop
10c8:  8d07               nop
10ca:  8d07               nop
10cc:  8d07               nop
10ce:  8d07               nop
10d0:  8d07               nop
10d2:  8d07               nop
10d4:  8d07               nop
10d6:  8d07               nop
10d8:  8d07               nop
10da:  8d07               nop
10dc:  8d07               nop
10de:  8d07               nop
10e0:  8d07               nop
10e2:  8d07               nop
10e4:  8d07               nop
10e6:  8d07               nop
10e8:  8d07               nop
10ea:  8d07               nop
10ec:  8d07               nop
10ee:  8d07               nop
10f0:  8d07               nop
10f2:  8d07               nop
10f4:  8d07               nop
10f6:  8d07               nop
10f8:  8d07               nop
10fa:  8d07               nop
10fc:  8d07               nop
10fe:  8d07               nop
1100:  8d07               nop
1102:  8d07               nop
1104:  8d07               nop
1106:  8d07               nop
1108:  8d07               nop
110a:  8d07               nop
110c:  8d07               nop
110e:  8d07               nop
1110:  8d07               nop
1112:  8d07               nop
1114:  8d07               nop
1116:  8d07               nop
1118:  8d07               nop
111a:  8d07               nop
111c:  8d07               nop
111e:  8d07               nop
1120:  8d07               nop
1122:  8d07               nop
1124:  8d07               nop
1126:  8d07               nop
1128:  8d07               nop
112a:  8d07               nop
112c:  8d07               nop
112e:  8d07               nop
1130:  8d07               nop
1132:  8d07               nop
1134:  8d07               nop
1136:  8d07               nop
1138:  8d07               nop
113a:  8d07               nop
113c:  8d07               nop
113e:  8d07               nop
1140:  8d07               nop
1142:  8d07               nop
1144:  8d07               nop
1146:  8d07               nop
1148:  8d07               nop
114a:  8d07               nop
114c:  8d07               nop
114e:  8d07               nop
1150:  8d07               nop
1152:  8d07               nop
1154:  8d07               nop
1156:  8d07               nop
1158:  8d07               nop
115a:  8d07               nop
115c:  8d07               nop
115e:  8d07               nop
1160:  8d07               nop
1162:  8d07               nop
1164:  8d07               nop
1166:  8d07               nop
1168:  8d07               nop
116a:  8d07               nop
116c:  8d07               nop
116e:  8d07               nop
1170:  8d07               nop
1172:  8d07               nop
1174:  8d07               nop
1176:  8d07               nop
1178:  8d07               nop
117a:  8d07               nop
117c:  8d07               nop
117e:  8d07               nop
1180:  8d07               nop
1182:  8d07               nop
1184:  8d07               nop
1186:  8d07               nop
1188:  8d07               nop
118a:  8d07               nop
118c:  8d07               nop
118e:  8d07               nop
1190:  8d07               nop
1192:  8d07               nop
1194:  8d07               nop
1196:  8d07               nop
1198:  8d07               nop
119a:  8d07               nop
119c:  8d07               nop
119e:  8d07               nop
11a0:  8d07               nop
11a2:  8d07               nop
11a4:  8d07               nop
11a6:  8d07               nop
11a8:  8d07               nop
11aa:  8d07               nop
11ac:  8d07               nop
11ae:  8d07               nop
11b0:  8d07               nop
11b2:  8d07               nop
11b4:  8d07               nop
11b6:  8d07               nop
11b8:  8d07               nop
11ba:  8d07               nop
11bc:  8d07               nop
11be:  8d07               nop
11c0:  8d07               nop
11c2:  8d07               nop
11c4:  8d07               nop
11c6:  8d07               nop
11c8:  8d07               nop
11ca:  8d07               nop
11cc:  8d07               nop
11ce:  8d07               nop
11d0:  8d07               nop
11d2:  8d07               nop
11d4:  8d07               nop
11d6:  8d07               nop
11d8:  8d07               nop
11da:  8d07               nop
11dc:  8d07               nop
11de:  8d07               nop
11e0:  8d07               nop
11e2:  8d07               nop
11e4:  8d07               nop
11e6:  8d07               nop
11e8:  8d07               nop
11ea:  8d07               nop
11ec:  8d07               nop
11ee:  8d07               nop
11f0:  8d07               nop
11f2:  8d07               nop
11f4:  8d07               nop
11f6:  8d07               nop
11f8:  8d07               nop
11fa:  8d07               nop
11fc:  8d07               nop
11fe:  8d07               nop
1200:  8d07               nop
1202:  8d07               nop
1204:  8d07               nop
1206:  8d07               nop
1208:  8d07               nop
120a:  8d07               nop
120c:  8d07               nop
120e:  8d07               nop
1210:  8d07               nop
1212:  8d07               nop
1214:  8d07               nop
1216:  8d07               nop
1218:  8d07               nop
121a:  8d07               nop
121c:  8d07               nop
121e:  8d07               nop
1220:  8d07               nop
1222:  8d07               nop
1224:  8d07               nop
1226:  8d07               nop
1228:  8d07               nop
122a:  8d07               nop
122c:  8d07               nop
122e:  8d07               nop
1230:  8d07               nop
1232:  8d07               nop
1234:  8d07               nop
1236:  8d07               nop
1238:  8d07               nop
123a:  8d07               nop
123c:  8d07               nop
123e:  8d07               nop
1240:  8d07               nop
1242:  8d07               nop
1244:  8d07               nop
1246:  8d07               nop
1248:  8d07               nop
124a:  8d07               nop
124c:  8d07               nop
124e:  8d07               nop
1250:  8d07               nop
1252:  8d07               nop
1254:  8d07               nop
1256:  8d07               nop
1258:  8d07               nop
125a:  8d07               nop
125c:  8d07               nop
125e:  8d07               nop
1260:  8d07               nop
1262:  8d07               nop
1264:  8d07               nop
1266:  8d07               nop
1268:  8d07               nop
126a:  8d07               nop
126c:  8d07               nop
126e:  8d07               nop
1270:  8d07               nop
1272:  8d07               nop
1274:  8d07               nop
1276:  8d07               nop
1278:  8d07               nop
127a:  8d07               nop
127c:  8d07               nop
127e:  8d07               nop
1280:  8d07               nop
1282:  8d07               nop
1284:  8d07               nop
1286:  8d07               nop
1288:  8d07               nop
128a:  8d07               nop
128c:  8d07               nop
128e:  8d07               nop
1290:  8d07               nop
1292:  8d07               nop
1294:  8d07               nop
1296:  8d07               nop
1298:  8d07               nop
129a:  8d07               nop
129c:  8d07               nop
129e:  8d07               nop
12a0:  8d07               nop
12a2:  8d07               nop
12a4:  8d07               nop
12a6:  8d07               nop
12a8:  8d07               nop
12aa:  8d07               nop
12ac:  8d07               nop
12ae:  8d07               nop
12b0:  8d07               nop
12b2:  8d07               nop
12b4:  8d07               nop
12b6:  8d07               nop
12b8:  8d07               nop
12ba:  8d07               nop
12bc:  8d07               nop
12be:  8d07               nop
12c0:  8d07               nop
12c2:  8d07               nop
12c4:  8d07               nop
12c6:  8d07               nop
12c8:  8d07               nop
12ca:  8d07               nop
12cc:  8d07               nop
12ce:  8d07               nop
12d0:  8d07               nop
12d2:  8d07               nop
12d4:  8d07               nop
12d6:  8d07               nop
12d8:  8d07               nop
12da:  8d07               nop
12dc:  8d07               nop
12de:  8d07               nop
12e0:  8d07               nop
12e2:  8d07               nop
12e4:  8d07               nop
12e6:  8d07               nop
12e8:  8d07               nop
12ea:  8d07               nop
12ec:  8d07               nop
12ee:  8d07               nop
12f0:  8d07               nop
12f2:  8d07               nop
12f4:  8d07               nop
12f6:  8d07               nop
12f8:  8d07               nop
12fa:  8d07               nop
12fc:  8d07               nop
12fe:  8d07               nop
1300:  8d07               nop
1302:  8d07               nop
1304:  8d07               nop
1306:  8d07               nop
1308:  8d07               nop
130a:  8d07               nop
130c:  8d07               nop
130e:  8d07               nop
1310:  8d07               nop
1312:  8d07               nop
1314:  8d07               nop
1316:  8d07               nop
1318:  8d07               nop
131a:  8d07               nop
131c:  8d07               nop
131e:  8d07               nop
1320:  8d07               nop
1322:  8d07               nop
1324:  8d07               nop
1326:  8d07               nop
1328:  8d07               nop
132a:  8d07               nop
132c:  8d07               nop
132e:  8d07               nop
1330:  8d07               nop
1332:  8d07               nop
1334:  8d07               nop
1336:  8d07               nop
1338:  8d07               nop
133a:  8d07               nop
133c:  8d07               nop
133e:  8d07               nop
1340:  8d07               nop
1342:  8d07               nop
1344:  8d07               nop
1346:  8d07               nop
1348:  8d07               nop
134a:  8d07               nop
134c:  8d07               nop
134e:  8d07               nop
1350:  8d07               nop
1352:  8d07               nop
1354:  8d07               nop
1356:  8d07               nop
1358:  8d07               nop
135a:  8d07               nop
135c:  8d07               nop
135e:  8d07               nop
1360:  8d07               nop
1362:  8d07               nop
1364:  8d07               nop
1366:  8d07               nop
1368:  8d07               nop
136a:  8d07               nop
136c:  8d07               nop
136e:  8d07               nop
1370:  8d07               nop
1372:  8d07               nop
1374:  8d07               nop
1376:  8d07               nop
1378:  8d07               nop
137a:  8d07               nop
137c:  8d07               nop
137e:  8d07               nop
1380:  8d07               nop
1382:  8d07               nop
1384:  8d07               nop
1386:  8d07               nop
1388:  8d07               nop
138a:  8d07               nop
138c:  8d07               nop
138e:  8d07               nop
1390:  8d07               nop
1392:  8d07               nop
1394:  8d07               nop
1396:  8d07               nop
1398:  8d07               nop
139a:  8d07               nop
139c:  8d07               nop
139e:  8d07               nop
13a0:  8d07               nop
13a2:  8d07               nop
13a4:  8d07               nop
13a6:  8d07               nop
13a8:  8d07               nop
13aa:  8d07               nop
13ac:  8d07               nop
13ae:  8d07               nop
13b0:  8d07               nop
13b2:  8d07               nop
13b4:  8d07               nop
13b6:  8d07               nop
13b8:  8d07               nop
13ba:  8d07               nop
13bc:  8d07               nop
13be:  8d07               nop
13c0:  8d07               nop
13c2:  8d07               nop
13c4:  8d07               nop
13c6:  8d07               nop
13c8:  8d07               nop
13ca:  8d07               nop
13cc:  8d07               nop
13ce:  8d07               nop
13d0:  8d07               nop
13d2:  8d07               nop
13d4:  8d07               nop
13d6:  8d07               nop
13d8:  8d07               nop
13da:  8d07               nop
13dc:  8d07               nop
13de:  8d07               nop
13e0:  8d07               nop
13e2:  8d07               nop
13e4:  8d07               nop
13e6:  8d07               nop
13e8:  8d07               nop
13ea:  8d07               nop
13ec:  8d07               nop
13ee:  8d07               nop
13f0:  8d07               nop
13f2:  8d07               nop
13f4:  8d07               nop
13f6:  8d07               nop
13f8:  8d07               nop
13fa:  8d07               nop
13fc:  8d07               nop
13fe:  8d07               nop
1400:  8d07               nop
1402:  8d07               nop
1404:  8d07               nop
1406:  8d07               nop
1408:  8d07               nop
140a:  8d07               nop
140c:  8d07               nop
140e:  8d07               nop
1410:  8d07               nop
1412:  8d07               nop
1414:  8d07               nop
1416:  8d07               nop
1418:  8d07               nop
141a:  8d07               nop
141c:  8d07               nop
141e:  8d07               nop
1420:  8d07               nop
1422:  8d07               nop
1424:  8d07               nop
1426:  8d07               nop
1428:  8d07               nop
142a:  8d07               nop
142c:  8d07               nop
142e:  8d07               nop
1430:  8d07               nop
1432:  8d07               nop
1434:  8d07               nop
1436:  8d07               nop
1438:  8d07               nop
143a:  8d07               nop
143c:  8d07               nop
143e:  8d07               nop
1440:  8d07               nop
1442:  8d07               nop
1444:  8d07               nop
1446:  8d07               nop
1448:  8d07               nop
144a:  8d07               nop
144c:  8d07               nop
144e:  8d07               nop
1450:  8d07               nop
1452:  8d07               nop
1454:  8d07               nop
1456:  8d07               nop
1458:  8d07               nop
145a:  8d07               nop
145c:  8d07               nop
145e:  8d07               nop
1460:  8d07               nop
1462:  8d07               nop
1464:  8d07               nop
1466:  8d07               nop
1468:  8d07               nop
146a:  8d07               nop
146c:  8d07               nop
146e:  8d07               nop
1470:  8d07               nop
1472:  8d07               nop
1474:  8d07               nop
1476:  8d07               nop
1478:  8d07               nop
147a:  8d07               nop
147c:  8d07               nop
147e:  8d07               nop
1480:  8d07               nop
1482:  8d07               nop
1484:  8d07               nop
1486:  8d07               nop
1488:  8d07               nop
148a:  8d07               nop
148c:  8d07               nop
148e:  8d07               nop
1490:  8d07               nop
1492:  8d07               nop
1494:  8d07               nop
1496:  8d07               nop
1498:  8d07               nop
149a:  8d07               nop
149c:  8d07               nop
149e:  8d07               nop
14a0:  8d07               nop
14a2:  8d07               nop
14a4:  8d07               nop
14a6:  8d07               nop
14a8:  8d07               nop
14aa:  8d07               nop
14ac:  8d07               nop
14ae:  8d07               nop
14b0:  8d07               nop
14b2:  8d07               nop
14b4:  8d07               nop
14b6:  8d07               nop
14b8:  8d07               nop
14ba:  8d07               nop
14bc:  8d07               nop
14be:  8d07               nop
14c0:  8d07               nop
14c2:  8d07               nop
14c4:  8d07               nop
14c6:  8d07               nop
14c8:  8d07               nop
14ca:  8d07               nop
14cc:  8d07               nop
14ce:  8d07               nop
14d0:  8d07               nop
14d2:  8d07               nop
14d4:  8d07               nop
14d6:  8d07               nop
14d8:  8d07               nop
14da:  8d07               nop
14dc:  8d07               nop
14de:  8d07               nop
14e0:  8d07               nop
14e2:  8d07               nop
14e4:  8d07               nop
14e6:  8d07               nop
14e8:  8d07               nop
14ea:  8d07               nop
14ec:  8d07               nop
14ee:  8d07               nop
14f0:  8d07               nop
14f2:  8d07               nop
14f4:  8d07               nop
14f6:  8d07               nop
14f8:  8d07               nop
14fa:  8d07               nop
14fc:  8d07               nop
14fe:  8d07               nop
1500:  8d07               nop
1502:  8d07               nop
1504:  8d07               nop
1506:  8d07               nop
1508:  8d07               nop
150a:  8d07               nop
150c:  8d07               nop
150e:  8d07               nop
1510:  8d07               nop
1512:  8d07               nop
1514:  8d07               nop
1516:  8d07               nop
1518:  8d07               nop
151a:  8d07               nop
151c:  8d07               nop
151e:  8d07               nop
1520:  8d07               nop
1522:  8d07               nop
1524:  8d07               nop
1526:  8d07               nop
1528:  8d07               nop
152a:  8d07               nop
152c:  8d07               nop
152e:  8d07               nop
1530:  8d07               nop
1532:  8d07               nop
1534:  8d07               nop
1536:  8d07               nop
1538:  8d07               nop
153a:  8d07               nop
153c:  8d07               nop
153e:  8d07               nop
1540:  8d07               nop
1542:  8d07               nop
1544:  8d07               nop
1546:  8d07               nop
1548:  8d07               nop
154a:  8d07               nop
154c:  8d07               nop
154e:  8d07               nop
1550:  8d07               nop
1552:  8d07               nop
1554:  8d07               nop
1556:  8d07               nop
1558:  8d07               nop
155a:  8d07               nop
155c:  8d07               nop
155e:  8d07               nop
1560:  8d07               nop
1562:  8d07               nop
1564:  8d07               nop
1566:  8d07               nop
1568:  8d07               nop
156a:  8d07               nop
156c:  8d07               nop
156e:  8d07               nop
1570:  8d07               nop
1572:  8d07               nop
1574:  8d07               nop
1576:  8d07               nop
1578:  8d07               nop
157a:  8d07               nop
157c:  8d07               nop
157e:  8d07               nop
1580:  8d07               nop
1582:  8d07               nop
1584:  8d07               nop
1586:  8d07               nop
1588:  8d07               nop
158a:  8d07               nop
158c:  8d07               nop
158e:  8d07               nop
1590:  8d07               nop
1592:  8d07               nop
1594:  8d07               nop
1596:  8d07               nop
1598:  8d07               nop
159a:  8d07               nop
159c:  8d07               nop
159e:  8d07               nop
15a0:  8d07               nop
15a2:  8d07               nop
15a4:  8d07               nop
15a6:  8d07               nop
15a8:  8d07               nop
15aa:  8d07               nop
15ac:  8d07               nop
15ae:  8d07               nop
15b0:  8d07               nop
15b2:  8d07               nop
15b4:  8d07               nop
15b6:  8d07               nop
15b8:  8d07               nop
15ba:  8d07               nop
15bc:  8d07               nop
15be:  8d07               nop
15c0:  8d07               nop
15c2:  8d07               nop
15c4:  8d07               nop
15c6:  8d07               nop
15c8:  8d07               nop
15ca:  8d07               nop
15cc:  8d07               nop
15ce:  8d07               nop
15d0:  8d07               nop
15d2:  8d07               nop
15d4:  8d07               nop
15d6:  8d07               nop
15d8:  8d07               nop
15da:  8d07               nop
15dc:  8d07               nop
15de:  8d07               nop
15e0:  8d07               nop
15e2:  8d07               nop
15e4:  8d07               nop
15e6:  8d07               nop
15e8:  8d07               nop
15ea:  8d07               nop
15ec:  8d07               nop
15ee:  8d07               nop
15f0:  8d07               nop
15f2:  8d07               nop
15f4:  8d07               nop
15f6:  8d07               nop
15f8:  8d07               nop
15fa:  8d07               nop
15fc:  8d07               nop
15fe:  8d07               nop
1600:  8d07               nop
1602:  8d07               nop
1604:  8d07               nop
1606:  8d07               nop
1608:  8d07               nop
160a:  8d07               nop
160c:  8d07               nop
160e:  8d07               nop
1610:  8d07               nop
1612:  8d07               nop
1614:  8d07               nop
1616:  8d07               nop
1618:  8d07               nop
161a:  8d07               nop
161c:  8d07               nop
161e:  8d07               nop
1620:  8d07               nop
1622:  8d07               nop
1624:  8d07               nop
1626:  8d07               nop
1628:  8d07               nop
162a:  8d07               nop
162c:  8d07               nop
162e:  8d07               nop
1630:  8d07               nop
1632:  8d07               nop
1634:  8d07               nop
1636:  8d07               nop
1638:  8d07               nop
163a:  8d07               nop
163c:  8d07               nop
163e:  8d07               nop
1640:  8d07               nop
1642:  8d07               nop
1644:  8d07               nop
1646:  8d07               nop
1648:  8d07               nop
164a:  8d07               nop
164c:  8d07               nop
164e:  8d07               nop
1650:  8d07               nop
1652:  8d07               nop
1654:  8d07               nop
1656:  8d07               nop
1658:  8d07               nop
165a:  8d07               nop
165c:  8d07               nop
165e:  8d07               nop
1660:  8d07               nop
1662:  8d07               nop
1664:  8d07               nop
1666:  8d07               nop
1668:  8d07               nop
166a:  8d07               nop
166c:  8d07               nop
166e:  8d07               nop
1670:  8d07               nop
1672:  8d07               nop
1674:  8d07               nop
1676:  8d07               nop
1678:  8d07               nop
167a:  8d07               nop
167c:  8d07               nop
167e:  8d07               nop
1680:  8d07               nop
1682:  8d07               nop
1684:  8d07               nop
1686:  8d07               nop
1688:  8d07               nop
168a:  8d07               nop
168c:  8d07               nop
168e:  8d07               nop
1690:  8d07               nop
1692:  8d07               nop
1694:  8d07               nop
1696:  8d07               nop
1698:  8d07               nop
169a:  8d07               nop
169c:  8d07               nop
169e:  8d07               nop
16a0:  8d07               nop
16a2:  8d07               nop
16a4:  8d07               nop
16a6:  8d07               nop
16a8:  8d07               nop
16aa:  8d07               nop
16ac:  8d07               nop
16ae:  8d07               nop
16b0:  8d07               nop
16b2:  8d07               nop
16b4:  8d07               nop
16b6:  8d07               nop
16b8:  8d07               nop
16ba:  8d07               nop
16bc:  8d07               nop
16be:  8d07               nop
16c0:  8d07               nop
16c2:  8d07               nop
16c4:  8d07               nop
16c6:  8d07               nop
16c8:  8d07               nop
16ca:  8d07               nop
16cc:  8d07               nop
16ce:  8d07               nop
16d0:  8d07               nop
16d2:  8d07               nop
16d4:  8d07               nop
16d6:  8d07               nop
16d8:  8d07               nop
16da:  8d07               nop
16dc:  8d07               nop
16de:  8d07               nop
16e0:  8d07               nop
16e2:  8d07               nop
16e4:  8d07               nop
16e6:  8d07               nop
16e8:  8d07               nop
16ea:  8d07               nop
16ec:  8d07               nop
16ee:  8d07               nop
16f0:  8d07               nop
16f2:  8d07               nop
16f4:  8d07               nop
16f6:  8d07               nop
16f8:  8d07               nop
16fa:  8d07               nop
16fc:  8d07               nop
16fe:  8d07               nop
1700:  8d07               nop
1702:  8d07               nop
1704:  8d07               nop
1706:  8d07               nop
1708:  8d07               nop
170a:  8d07               nop
170c:  8d07               nop
170e:  8d07               nop
1710:  8d07               nop
1712:  8d07               nop
1714:  8d07               nop
1716:  8d07               nop
1718:  8d07               nop
171a:  8d07               nop
171c:  8d07               nop
171e:  8d07               nop
1720:  8d07               nop
1722:  8d07               nop
1724:  8d07               nop
1726:  8d07               nop
1728:  8d07               nop
172a:  8d07               nop
172c:  8d07               nop
172e:  8d07               nop
1730:  8d07               nop
1732:  8d07               nop
1734:  8d07               nop
1736:  8d07               nop
1738:  8d07               nop
173a:  8d07               nop
173c:  8d07               nop
173e:  8d07               nop
1740:  8d07               nop
1742:  8d07               nop
1744:  8d07               nop
1746:  8d07               nop
1748:  8d07               nop
174a:  8d07               nop
174c:  8d07               nop
174e:  8d07               nop
1750:  8d07               nop
1752:  8d07               nop
1754:  8d07               nop
1756:  8d07               nop
1758:  8d07               nop
175a:  8d07               nop
175c:  8d07               nop
175e:  8d07               nop
1760:  8d07               nop
1762:  8d07               nop
1764:  8d07               nop
1766:  8d07               nop
1768:  8d07               nop
176a:  8d07               nop
176c:  8d07               nop
176e:  8d07               nop
1770:  8d07               nop
1772:  8d07               nop
1774:  8d07               nop
1776:  8d07               nop
1778:  8d07               nop
177a:  8d07               nop
177c:  8d07               nop
177e:  8d07               nop
1780:  8d07               nop
1782:  8d07               nop
1784:  8d07               nop
1786:  8d07               nop
1788:  8d07               nop
178a:  8d07               nop
178c:  8d07               nop
178e:  8d07               nop
1790:  8d07               nop
1792:  8d07               nop
1794:  8d07               nop
1796:  8d07               nop
1798:  8d07               nop
179a:  8d07               nop
179c:  8d07               nop
179e:  8d07               nop
17a0:  8d07               nop
17a2:  8d07               nop
17a4:  8d07               nop
17a6:  8d07               nop
17a8:  8d07               nop
17aa:  8d07               nop
17ac:  8d07               nop
17ae:  8d07               nop
17b0:  8d07               nop
17b2:  8d07               nop
17b4:  8d07               nop
17b6:  8d07               nop
17b8:  8d07               nop
17ba:  8d07               nop
17bc:  8d07               nop
17be:  8d07               nop
17c0:  8d07               nop
17c2:  8d07               nop
17c4:  8d07               nop
17c6:  8d07               nop
17c8:  8d07               nop
17ca:  8d07               nop
17cc:  8d07               nop
17ce:  8d07               nop
17d0:  8d07               nop
17d2:  8d07               nop
17d4:  8d07               nop
17d6:  8d07               nop
17d8:  8d07               nop
17da:  8d07               nop
17dc:  8d07               nop
17de:  8d07               nop
17e0:  8d07               nop
17e2:  8d07               nop
17e4:  8d07               nop
17e6:  8d07               nop
17e8:  8d07               nop
17ea:  8d07               nop
17ec:  8d07               nop
17ee:  8d07               nop
17f0:  8d07               nop
17f2:  8d07               nop
17f4:  8d07               nop
17f6:  8d07               nop
17f8:  8d07               nop
17fa:  8d07               nop
17fc:  8d07               nop
17fe:  8d07               nop
1800:  8d07               nop
1802:  8d07               nop
1804:  8d07               nop
1806:  8d07               nop
1808:  8d07               nop
180a:  8d07               nop
180c:  8d07               nop
180e:  8d07               nop
1810:  8d07               nop
1812:  8d07               nop
1814:  8d07               nop
1816:  8d07               nop
1818:  8d07               nop
181a:  8d07               nop
181c:  8d07               nop
181e:  8d07               nop
1820:  8d07               nop
1822:  8d07               nop
1824:  8d07               nop
1826:  8d07               nop
1828:  8d07               nop
182a:  8d07               nop
182c:  8d07               nop
182e:  8d07               nop
1830:  8d07               nop
1832:  8d07               nop
1834:  8d07               nop
1836:  8d07               nop
1838:  8d07               nop
183a:  8d07               nop
183c:  8d07               nop
183e:  8d07               nop
1840:  8d07               nop
1842:  8d07               nop
1844:  8d07               nop
1846:  8d07               nop
1848:  8d07               nop
184a:  8d07               nop
184c:  8d07               nop
184e:  8d07               nop
1850:  8d07               nop
1852:  8d07               nop
1854:  8d07               nop
1856:  8d07               nop
1858:  8d07               nop
185a:  8d07               nop
185c:  8d07               nop
185e:  8d07               nop
1860:  8d07               nop
1862:  8d07               nop
1864:  8d07               nop
1866:  8d07               nop
1868:  8d07               nop
186a:  8d07               nop
186c:  8d07               nop
186e:  8d07               nop
1870:  8d07               nop
1872:  8d07               nop
1874:  8d07               nop
1876:  8d07               nop
1878:  8d07               nop
187a:  8d07               nop
187c:  8d07               nop
187e:  8d07               nop
1880:  8d07               nop
1882:  8d07               nop
1884:  8d07               nop
1886:  8d07               nop
1888:  8d07               nop
188a:  8d07               nop
188c:  8d07               nop
188e:  8d07               nop
1890:  8d07               nop
1892:  8d07               nop
1894:  8d07               nop
1896:  8d07               nop
1898:  8d07               nop
189a:  8d07               nop
189c:  8d07               nop
189e:  8d07               nop
18a0:  8d07               nop
18a2:  8d07               nop
18a4:  8d07               nop
18a6:  8d07               nop
18a8:  8d07               nop
18aa:  8d07               nop
18ac:  8d07               nop
18ae:  8d07               nop
18b0:  8d07               nop
18b2:  8d07               nop
18b4:  8d07               nop
18b6:  8d07               nop
18b8:  8d07               nop
18ba:  8d07               nop
18bc:  8d07               nop
18be:  8d07               nop
18c0:  8d07               nop
18c2:  8d07               nop
18c4:  8d07               nop
18c6:  8d07               nop
18c8:  8d07               nop
18ca:  8d07               nop
18cc:  8d07               nop
18ce:  8d07               nop
18d0:  8d07               nop
18d2:  8d07               nop
18d4:  8d07               nop
18d6:  8d07               nop
18d8:  8d07               nop
18da:  8d07               nop
18dc:  8d07               nop
18de:  8d07               nop
18e0:  8d07               nop
18e2:  8d07               nop
18e4:  8d07               nop
18e6:  8d07               nop
18e8:  8d07               nop
18ea:  8d07               nop
18ec:  8d07               nop
18ee:  8d07               nop
18f0:  8d07               nop
18f2:  8d07               nop
18f4:  8d07               nop
18f6:  8d07               nop
18f8:  8d07               nop
18fa:  8d07               nop
18fc:  8d07               nop
18fe:  8d07               nop
1900:  8d07               nop
1902:  8d07               nop
1904:  8d07               nop
1906:  8d07               nop
1908:  8d07               nop
190a:  8d07               nop
190c:  8d07               nop
190e:  8d07               nop
1910:  8d07               nop
1912:  8d07               nop
1914:  8d07               nop
1916:  8d07               nop
1918:  8d07               nop
191a:  8d07               nop
191c:  8d07               nop
191e:  8d07               nop
1920:  8d07               nop
1922:  8d07               nop
1924:  8d07               nop
1926:  8d07               nop
1928:  8d07               nop
192a:  8d07               nop
192c:  8d07               nop
192e:  8d07               nop
1930:  8d07               nop
1932:  8d07               nop
1934:  8d07               nop
1936:  8d07               nop
1938:  8d07               nop
193a:  8d07               nop
193c:  8d07               nop
193e:  8d07               nop
1940:  8d07               nop
1942:  8d07               nop
1944:  8d07               nop
1946:  8d07               nop
1948:  8d07               nop
194a:  8d07               nop
194c:  8d07               nop
194e:  8d07               nop
1950:  8d07               nop
1952:  8d07               nop
1954:  8d07               nop
1956:  8d07               nop
1958:  8d07               nop
195a:  8d07               nop
195c:  8d07               nop
195e:  8d07               nop
1960:  8d07               nop
1962:  8d07               nop
1964:  8d07               nop
1966:  8d07               nop
1968:  8d07               nop
196a:  8d07               nop
196c:  8d07               nop
196e:  8d07               nop
1970:  8d07               nop
1972:  8d07               nop
1974:  8d07               nop
1976:  8d07               nop
1978:  8d07               nop
197a:  8d07               nop
197c:  8d07               nop
197e:  8d07               nop
1980:  8d07               nop
1982:  8d07               nop
1984:  8d07               nop
1986:  8d07               nop
1988:  8d07               nop
198a:  8d07               nop
198c:  8d07               nop
198e:  8d07               nop
1990:  8d07               nop
1992:  8d07               nop
1994:  8d07               nop
1996:  8d07               nop
1998:  8d07               nop
199a:  8d07               nop
199c:  8d07               nop
199e:  8d07               nop
19a0:  8d07               nop
19a2:  8d07               nop
19a4:  8d07               nop
19a6:  8d07               nop
19a8:  8d07               nop
19aa:  8d07               nop
19ac:  8d07               nop
19ae:  8d07               nop
19b0:  8d07               nop
19b2:  8d07               nop
19b4:  8d07               nop
19b6:  8d07               nop
19b8:  8d07               nop
19ba:  8d07               nop
19bc:  8d07               nop
19be:  8d07               nop
19c0:  8d07               nop
19c2:  8d07               nop
19c4:  8d07               nop
19c6:  8d07               nop
19c8:  8d07               nop
19ca:  8d07               nop
19cc:  8d07               nop
19ce:  8d07               nop
19d0:  8d07               nop
19d2:  8d07               nop
19d4:  8d07               nop
19d6:  8d07               nop
19d8:  8d07               nop
19da:  8d07               nop
19dc:  8d07               nop
19de:  8d07               nop
19e0:  8d07               nop
19e2:  8d07               nop
19e4:  8d07               nop
19e6:  8d07               nop
19e8:  8d07               nop
19ea:  8d07               nop
19ec:  8d07               nop
19ee:  8d07               nop
19f0:  8d07               nop
19f2:  8d07               nop
19f4:  8d07               nop
19f6:  8d07               nop
19f8:  8d07               nop
19fa:  8d07               nop
19fc:  8d07               nop
19fe:  8d07               nop
1a00:  8d07               nop
1a02:  8d07               nop
1a04:  8d07               nop
1a06:  8d07               nop
1a08:  8d07               nop
1a0a:  8d07               nop
1a0c:  8d07               nop
1a0e:  8d07               nop
1a10:  8d07               nop
1a12:  8d07               nop
1a14:  8d07               nop
1a16:  8d07               nop
1a18:  8d07               nop
1a1a:  8d07               nop
1a1c:  8d07               nop
1a1e:  8d07               nop
1a20:  8d07               nop
1a22:  8d07               nop
1a24:  8d07               nop
1a26:  8d07               nop
1a28:  8d07               nop
1a2a:  8d07               nop
1a2c:  8d07               nop
1a2e:  8d07               nop
1a30:  8d07               nop
1a32:  8d07               nop
1a34:  8d07               nop
1a36:  8d07               nop
1a38:  8d07               nop
1a3a:  8d07               nop
1a3c:  8d07               nop
1a3e:  8d07               nop
1a40:  8d07               nop
1a42:  8d07               nop
1a44:  8d07               nop
1a46:  8d07               nop
1a48:  8d07               nop
1a4a:  8d07               nop
1a4c:  8d07               nop
1a4e:  8d07               nop
1a50:  8d07               nop
1a52:  8d07               nop
1a54:  8d07               nop
1a56:  8d07               nop
1a58:  8d07               nop
1a5a:  8d07               nop
1a5c:  8d07               nop
1a5e:  8d07               nop
1a60:  8d07               nop
1a62:  8d07               nop
1a64:  8d07               nop
1a66:  8d07               nop
1a68:  8d07               nop
1a6a:  8d07               nop
1a6c:  8d07               nop
1a6e:  8d07               nop
1a70:  8d07               nop
1a72:  8d07               nop
1a74:  8d07               nop
1a76:  8d07               nop
1a78:  8d07               nop
1a7a:  8d07               nop
1a7c:  8d07               nop
1a7e:  8d07               nop
1a80:  8d07               nop
1a82:  8d07               nop
1a84:  8d07               nop
1a86:  8d07               nop
1a88:  8d07               nop
1a8a:  8d07               nop
1a8c:  8d07               nop
1a8e:  8d07               nop
1a90:  8d07               nop
1a92:  8d07               nop
1a94:  8d07               nop
1a96:  8d07               nop
1a98:  8d07               nop
1a9a:  8d07               nop
1a9c:  8d07               nop
1a9e:  8d07               nop
1aa0:  8d07               nop
1aa2:  8d07               nop
1aa4:  8d07               nop
1aa6:  8d07               nop
1aa8:  8d07               nop
1aaa:  8d07               nop
1aac:  8d07               nop
1aae:  8d07               nop
1ab0:  8d07               nop
1ab2:  8d07               nop
1ab4:  8d07               nop
1ab6:  8d07               nop
1ab8:  8d07               nop
1aba:  8d07               nop
1abc:  8d07               nop
1abe:  8d07               nop
1ac0:  8d07               nop
1ac2:  8d07               nop
1ac4:  8d07               nop
1ac6:  8d07               nop
1ac8:  8d07               nop
1aca:  8d07               nop
1acc:  8d07               nop
1ace:  8d07               nop
1ad0:  8d07               nop
1ad2:  8d07               nop
1ad4:  8d07               nop
1ad6:  8d07               nop
1ad8:  8d07               nop
1ada:  8d07               nop
1adc:  8d07               nop
1ade:  8d07               nop
1ae0:  8d07               nop
1ae2:  8d07               nop
1ae4:  8d07               nop
1ae6:  8d07               nop
1ae8:  8d07               nop
1aea:  8d07               nop
1aec:  8d07               nop
1aee:  8d07               nop
1af0:  8d07               nop
1af2:  8d07               nop
1af4:  8d07               nop
1af6:  8d07               nop
1af8:  8d07               nop
1afa:  8d07               nop
1afc:  8d07               nop
1afe:  8d07               nop
1b00:  8d07               nop
1b02:  8d07               nop
1b04:  8d07               nop
1b06:  8d07               nop
1b08:  8d07               nop
1b0a:  8d07               nop
1b0c:  8d07               nop
1b0e:  8d07               nop
1b10:  8d07               nop
1b12:  8d07               nop
1b14:  8d07               nop
1b16:  8d07               nop
1b18:  8d07               nop
1b1a:  8d07               nop
1b1c:  8d07               nop
1b1e:  8d07               nop
1b20:  8d07               nop
1b22:  8d07               nop
1b24:  8d07               nop
1b26:  8d07               nop
1b28:  8d07               nop
1b2a:  8d07               nop
1b2c:  8d07               nop
1b2e:  8d07               nop
1b30:  8d07               nop
1b32:  8d07               nop
1b34:  8d07               nop
1b36:  8d07               nop
1b38:  8d07               nop
1b3a:  8d07               nop
1b3c:  8d07               nop
1b3e:  8d07               nop
1b40:  8d07               nop
1b42:  8d07               nop
1b44:  8d07               nop
1b46:  8d07               nop
1b48:  8d07               nop
1b4a:  8d07               nop
1b4c:  8d07               nop
1b4e:  8d07               nop
1b50:  8d07               nop
1b52:  8d07               nop
1b54:  8d07               nop
1b56:  8d07               nop
1b58:  8d07               nop
1b5a:  8d07               nop
1b5c:  8d07               nop
1b5e:  8d07               nop
1b60:  8d07               nop
1b62:  8d07               nop
1b64:  8d07               nop
1b66:  8d07               nop
1b68:  8d07               nop
1b6a:  8d07               nop
1b6c:  8d07               nop
1b6e:  8d07               nop
1b70:  8d07               nop
1b72:  8d07               nop
1b74:  8d07               nop
1b76:  8d07               nop
1b78:  8d07               nop
1b7a:  8d07               nop
1b7c:  8d07               nop
1b7e:  8d07               nop
1b80:  8d07               nop
1b82:  8d07               nop
1b84:  8d07               nop
1b86:  8d07               nop
1b88:  8d07               nop
1b8a:  8d07               nop
1b8c:  8d07               nop
1b8e:  8d07               nop
1b90:  8d07               nop
1b92:  8d07               nop
1b94:  8d07               nop
1b96:  8d07               nop
1b98:  8d07               nop
1b9a:  8d07               nop
1b9c:  8d07               nop
1b9e:  8d07               nop
1ba0:  8d07               nop
1ba2:  8d07               nop
1ba4:  8d07               nop
1ba6:  8d07               nop
1ba8:  8d07               nop
1baa:  8d07               nop
1bac:  8d07               nop
1bae:  8d07               nop
1bb0:  8d07               nop
1bb2:  8d07               nop
1bb4:  8d07               nop
1bb6:  8d07               nop
1bb8:  8d07               nop
1bba:  8d07               nop
1bbc:  8d07               nop
1bbe:  8d07               nop
1bc0:  8d07               nop
1bc2:  8d07               nop
1bc4:  8d07               nop
1bc6:  8d07               nop
1bc8:  8d07               nop
1bca:  8d07               nop
1bcc:  8d07               nop
1bce:  8d07               nop
1bd0:  8d07               nop
1bd2:  8d07               nop
1bd4:  8d07               nop
1bd6:  8d07               nop
1bd8:  8d07               nop
1bda:  8d07               nop
1bdc:  8d07               nop
1bde:  8d07               nop
1be0:  8d07               nop
1be2:  8d07               nop
1be4:  8d07               nop
1be6:  8d07               nop
1be8:  8d07               nop
1bea:  8d07               nop
1bec:  8d07               nop
1bee:  8d07               nop
1bf0:  8d07               nop
1bf2:  8d07               nop
1bf4:  8d07               nop
1bf6:  8d07               nop
1bf8:  8d07               nop
1bfa:  8d07               nop
1bfc:  8d07               nop
1bfe:  8d07               nop
1c00:  8d07               nop
1c02:  8d07               nop
1c04:  8d07               nop
1c06:  8d07               nop
1c08:  8d07               nop
1c0a:  8d07               nop
1c0c:  8d07               nop
1c0e:  8d07               nop
1c10:  8d07               nop
1c12:  8d07               nop
1c14:  8d07               nop
1c16:  8d07               nop
1c18:  8d07               nop
1c1a:  8d07               nop
1c1c:  8d07               nop
1c1e:  8d07               nop
1c20:  8d07               nop
1c22:  8d07               nop
1c24:  8d07               nop
1c26:  8d07               nop
1c28:  8d07               nop
1c2a:  8d07               nop
1c2c:  8d07               nop
1c2e:  8d07               nop
1c30:  8d07               nop
1c32:  8d07               nop
1c34:  8d07               nop
1c36:  8d07               nop
1c38:  8d07               nop
1c3a:  8d07               nop
1c3c:  8d07               nop
1c3e:  8d07               nop
1c40:  8d07               nop
1c42:  8d07               nop
1c44:  8d07               nop
1c46:  8d07               nop
1c48:  8d07               nop
1c4a:  8d07               nop
1c4c:  8d07               nop
1c4e:  8d07               nop
1c50:  8d07               nop
1c52:  8d07               nop
1c54:  8d07               nop
1c56:  8d07               nop
1c58:  8d07               nop
1c5a:  8d07               nop
1c5c:  8d07               nop
1c5e:  8d07               nop
1c60:  8d07               nop
1c62:  8d07               nop
1c64:  8d07               nop
1c66:  8d07               nop
1c68:  8d07               nop
1c6a:  8d07               nop
1c6c:  8d07               nop
1c6e:  8d07               nop
1c70:  8d07               nop
1c72:  8d07               nop
1c74:  8d07               nop
1c76:  8d07               nop
1c78:  8d07               nop
1c7a:  8d07               nop
1c7c:  8d07               nop
1c7e:  8d07               nop
1c80:  8d07               nop
1c82:  8d07               nop
1c84:  8d07               nop
1c86:  8d07               nop
1c88:  8d07               nop
1c8a:  8d07               nop
1c8c:  8d07               nop
1c8e:  8d07               nop
1c90:  8d07               nop
1c92:  8d07               nop
1c94:  8d07               nop
1c96:  8d07               nop
1c98:  8d07               nop
1c9a:  8d07               nop
1c9c:  8d07               nop
1c9e:  8d07               nop
1ca0:  8d07               nop
1ca2:  8d07               nop
1ca4:  8d07               nop
1ca6:  8d07               nop
1ca8:  8d07               nop
1caa:  8d07               nop
1cac:  8d07               nop
1cae:  8d07               nop
1cb0:  8d07               nop
1cb2:  8d07               nop
1cb4:  8d07               nop
1cb6:  8d07               nop
1cb8:  8d07               nop
1cba:  8d07               nop
1cbc:  8d07               nop
1cbe:  8d07               nop
1cc0:  8d07               nop
1cc2:  8d07               nop
1cc4:  8d07               nop
1cc6:  8d07               nop
1cc8:  8d07               nop
1cca:  8d07               nop
1ccc:  8d07               nop
1cce:  8d07               nop
1cd0:  8d07               nop
1cd2:  8d07               nop
1cd4:  8d07               nop
1cd6:  8d07               nop
1cd8:  8d07               nop
1cda:  8d07               nop
1cdc:  8d07               nop
1cde:  8d07               nop
1ce0:  8d07               nop
1ce2:  8d07               nop
1ce4:  8d07               nop
1ce6:  8d07               nop
1ce8:  8d07               nop
1cea:  8d07               nop
1cec:  8d07               nop
1cee:  8d07               nop
1cf0:  8d07               nop
1cf2:  8d07               nop
1cf4:  8d07               nop
1cf6:  8d07               nop
1cf8:  8d07               nop
1cfa:  8d07               nop
1cfc:  8d07               nop
1cfe:  8d07               nop
1d00:  8d07               nop
1d02:  8d07               nop
1d04:  8d07               nop
1d06:  8d07               nop
1d08:  8d07               nop
1d0a:  8d07               nop
1d0c:  8d07               nop
1d0e:  8d07               nop
1d10:  8d07               nop
1d12:  8d07               nop
1d14:  8d07               nop
1d16:  8d07               nop
1d18:  8d07               nop
1d1a:  8d07               nop
1d1c:  8d07               nop
1d1e:  8d07               nop
1d20:  8d07               nop
1d22:  8d07               nop
1d24:  8d07               nop
1d26:  8d07               nop
1d28:  8d07               nop
1d2a:  8d07               nop
1d2c:  8d07               nop
1d2e:  8d07               nop
1d30:  8d07               nop
1d32:  8d07               nop
1d34:  8d07               nop
1d36:  8d07               nop
1d38:  8d07               nop
1d3a:  8d07               nop
1d3c:  8d07               nop
1d3e:  8d07               nop
1d40:  8d07               nop
1d42:  8d07               nop
1d44:  8d07               nop
1d46:  8d07               nop
1d48:  8d07               nop
1d4a:  8d07               nop
1d4c:  8d07               nop
1d4e:  8d07               nop
1d50:  8d07               nop
1d52:  8d07               nop
1d54:  8d07               nop
1d56:  8d07               nop
1d58:  8d07               nop
1d5a:  8d07               nop
1d5c:  8d07               nop
1d5e:  8d07               nop
1d60:  8d07               nop
1d62:  8d07               nop
1d64:  8d07               nop
1d66:  8d07               nop
1d68:  8d07               nop
1d6a:  8d07               nop
1d6c:  8d07               nop
1d6e:  8d07               nop
1d70:  8d07               nop
1d72:  8d07               nop
1d74:  8d07               nop
1d76:  8d07               nop
1d78:  8d07               nop
1d7a:  8d07               nop
1d7c:  8d07               nop
1d7e:  8d07               nop
1d80:  8d07               nop
1d82:  8d07               nop
1d84:  8d07               nop
1d86:  8d07               nop
1d88:  8d07               nop
1d8a:  8d07               nop
1d8c:  8d07               nop
1d8e:  8d07               nop
1d90:  8d07               nop
1d92:  8d07               nop
1d94:  8d07               nop
1d96:  8d07               nop
1d98:  8d07               nop
1d9a:  8d07               nop
1d9c:  8d07               nop
1d9e:  8d07               nop
1da0:  8d07               nop
1da2:  8d07               nop
1da4:  8d07               nop
1da6:  8d07               nop
1da8:  8d07               nop
1daa:  8d07               nop
1dac:  8d07               nop
1dae:  8d07               nop
1db0:  8d07               nop
1db2:  8d07               nop
1db4:  8d07               nop
1db6:  8d07               nop
1db8:  8d07               nop
1dba:  8d07               nop
1dbc:  8d07               nop
1dbe:  8d07               nop
1dc0:  8d07               nop
1dc2:  8d07               nop
1dc4:  8d07               nop
1dc6:  8d07               nop
1dc8:  8d07               nop
1dca:  8d07               nop
1dcc:  8d07               nop
1dce:  8d07               nop
1dd0:  8d07               nop
1dd2:  8d07               nop
1dd4:  8d07               nop
1dd6:  8d07               nop
1dd8:  8d07               nop
1dda:  8d07               nop
1ddc:  8d07               nop
1dde:  8d07               nop
1de0:  8d07               nop
1de2:  8d07               nop
1de4:  8d07               nop
1de6:  8d07               nop
1de8:  8d07               nop
1dea:  8d07               nop
1dec:  8d07               nop
1dee:  8d07               nop
1df0:  8d07               nop
1df2:  8d07               nop
1df4:  8d07               nop
1df6:  8d07               nop
1df8:  8d07               nop
1dfa:  8d07               nop
1dfc:  8d07               nop
1dfe:  8d07               nop
1e00:  8d07               nop
1e02:  8d07               nop
1e04:  8d07               nop
1e06:  8d07               nop
1e08:  8d07               nop
1e0a:  8d07               nop
1e0c:  8d07               nop
1e0e:  8d07               nop
1e10:  8d07               nop
1e12:  8d07               nop
1e14:  8d07               nop
1e16:  8d07               nop
1e18:  8d07               nop
1e1a:  8d07               nop
1e1c:  8d07               nop
1e1e:  8d07               nop
1e20:  8d07               nop
1e22:  8d07               nop
1e24:  8d07               nop
1e26:  8d07               nop
1e28:  8d07               nop
1e2a:  8d07               nop
1e2c:  8d07               nop
1e2e:  8d07               nop
1e30:  8d07               nop
1e32:  8d07               nop
1e34:  8d07               nop
1e36:  8d07               nop
1e38:  8d07               nop
1e3a:  8d07               nop
1e3c:  8d07               nop
1e3e:  8d07               nop
1e40:  8d07               nop
1e42:  8d07               nop
1e44:  8d07               nop
1e46:  8d07               nop
1e48:  8d07               nop
1e4a:  8d07               nop
1e4c:  8d07               nop
1e4e:  8d07               nop
1e50:  8d07               nop
1e52:  8d07               nop
1e54:  8d07               nop
1e56:  8d07               nop
1e58:  8d07               nop
1e5a:  8d07               nop
1e5c:  8d07               nop
1e5e:  8d07               nop
1e60:  8d07               nop
1e62:  8d07               nop
1e64:  8d07               nop
1e66:  8d07               nop
1e68:  8d07               nop
1e6a:  8d07               nop
1e6c:  8d07               nop
1e6e:  8d07               nop
1e70:  8d07               nop
1e72:  8d07               nop
1e74:  8d07               nop
1e76:  8d07               nop
1e78:  8d07               nop
1e7a:  8d07               nop
1e7c:  8d07               nop
1e7e:  8d07               nop
1e80:  8d07               nop
1e82:  8d07               nop
1e84:  8d07               nop
1e86:  8d07               nop
1e88:  8d07               nop
1e8a:  8d07               nop
1e8c:  8d07               nop
1e8e:  8d07               nop
1e90:  8d07               nop
1e92:  8d07               nop
1e94:  8d07               nop
1e96:  8d07               nop
1e98:  8d07               nop
1e9a:  8d07               nop
1e9c:  8d07               nop
1e9e:  8d07               nop
1ea0:  8d07               nop
1ea2:  8d07               nop
1ea4:  8d07               nop
1ea6:  8d07               nop
1ea8:  8d07               nop
1eaa:  8d07               nop
1eac:  8d07               nop
1eae:  8d07               nop
1eb0:  8d07               nop
1eb2:  8d07               nop
1eb4:  8d07               nop
1eb6:  8d07               nop
1eb8:  8d07               nop
1eba:  8d07               nop
1ebc:  8d07               nop
1ebe:  8d07               nop
1ec0:  8d07               nop
1ec2:  8d07               nop
1ec4:  8d07               nop
1ec6:  8d07               nop
1ec8:  8d07               nop
1eca:  8d07               nop
1ecc:  8d07               nop
1ece:  8d07               nop
1ed0:  8d07               nop
1ed2:  8d07               nop
1ed4:  8d07               nop
1ed6:  8d07               nop
1ed8:  8d07               nop
1eda:  8d07               nop
1edc:  8d07               nop
1ede:  8d07               nop
1ee0:  8d07               nop
1ee2:  8d07               nop
1ee4:  8d07               nop
1ee6:  8d07               nop
1ee8:  8d07               nop
1eea:  8d07               nop
1eec:  8d07               nop
1eee:  8d07               nop
1ef0:  8d07               nop
1ef2:  8d07               nop
1ef4:  8d07               nop
1ef6:  8d07               nop
1ef8:  8d07               nop
1efa:  8d07               nop
1efc:  8d07               nop
1efe:  8d07               nop
1f00:  8d07               nop
1f02:  8d07               nop
1f04:  8d07               nop
1f06:  8d07               nop
1f08:  8d07               nop
1f0a:  8d07               nop
1f0c:  8d07               nop
1f0e:  8d07               nop
1f10:  8d07               nop
1f12:  8d07               nop
1f14:  8d07               nop
1f16:  8d07               nop
1f18:  8d07               nop
1f1a:  8d07               nop
1f1c:  8d07               nop
1f1e:  8d07               nop
1f20:  8d07               nop
1f22:  8d07               nop
1f24:  8d07               nop
1f26:  8d07               nop
1f28:  8d07               nop
1f2a:  8d07               nop
1f2c:  8d07               nop
1f2e:  8d07               nop
1f30:  8d07               nop
1f32:  8d07               nop
1f34:  8d07               nop
1f36:  8d07               nop
1f38:  8d07               nop
1f3a:  8d07               nop
1f3c:  8d07               nop
1f3e:  8d07               nop
1f40:  8d07               nop
1f42:  8d07               nop
1f44:  8d07               nop
1f46:  8d07               nop
1f48:  8d07               nop
1f4a:  8d07               nop
1f4c:  8d07               nop
1f4e:  8d07               nop
1f50:  8d07               nop
1f52:  8d07               nop
1f54:  8d07               nop
1f56:  8d07               nop
1f58:  8d07               nop
1f5a:  8d07               nop
1f5c:  8d07               nop
1f5e:  8d07               nop
1f60:  8d07               nop
1f62:  8d07               nop
1f64:  8d07               nop
1f66:  8d07               nop
1f68:  8d07               nop
1f6a:  8d07               nop
1f6c:  8d07               nop
1f6e:  8d07               nop
1f70:  8d07               nop
1f72:  8d07               nop
1f74:  8d07               nop
1f76:  8d07               nop
1f78:  8d07               nop
1f7a:  8d07               nop
1f7c:  8d07               nop
1f7e:  8d07               nop
1f80:  8d07               nop
1f82:  8d07               nop
1f84:  8d07               nop
1f86:  8d07               nop
1f88:  8d07               nop
1f8a:  8d07               nop
1f8c:  8d07               nop
1f8e:  8d07               nop
1f90:  8d07               nop
1f92:  8d07               nop
1f94:  8d07               nop
1f96:  8d07               nop
1f98:  8d07               nop
1f9a:  8d07               nop
1f9c:  8d07               nop
1f9e:  8d07               nop
1fa0:  8d07               nop
1fa2:  8d07               nop
1fa4:  8d07               nop
1fa6:  8d07               nop
1fa8:  8d07               nop
1faa:  8d07               nop
1fac:  8d07               nop
1fae:  8d07               nop
1fb0:  8d07               nop
1fb2:  8d07               nop
1fb4:  8d07               nop
1fb6:  8d07               nop
1fb8:  8d07               nop
1fba:  8d07               nop
1fbc:  8d07               nop
1fbe:  8d07               nop
1fc0:  8d07               nop
1fc2:  8d07               nop
1fc4:  8d07               nop
1fc6:  8d07               nop
1fc8:  8d07               nop
1fca:  8d07               nop
1fcc:  8d07               nop
1fce:  8d07               nop
1fd0:  8d07               nop
1fd2:  8d07               nop
1fd4:  8d07               nop
1fd6:  8d07               nop
1fd8:  8d07               nop
1fda:  8d07               nop
1fdc:  8d07               nop
1fde:  8d07               nop
1fe0:  8d07               nop
1fe2:  8d07               nop
1fe4:  8d07               nop
1fe6:  8d07               nop
1fe8:  8d07               nop
1fea:  8d07               nop
1fec:  8d07               nop
1fee:  8d07               nop
1ff0:  8d07               nop
1ff2:  8d07               nop
1ff4:  8d07               nop
1ff6:  8d07               nop
1ff8:  8d07               nop
1ffa:  8d07               nop
1ffc:  8d07               nop
1ffe:  8d07               nop
