; reset: FCW=2331  PCseg=3030(seg 48)  PCoff=3038
0000:  52522331           subl rr2,<<35>>0x0031(r5)
0004:  30303038           ldb rh0,rr3(#0x3038)
0008:  01050ff6           add r5,#0x0ff6
000c:  0000001d           addb rh0,#0x1d
0010:  00000000           addb rh0,#0x00
0014:  00000000           addb rh0,#0x00
0018:  0024               addb rh4,@rr2
001a:  00000024           addb rh0,#0x24
001e:  039a               sub r10,@rr9
0020:  070c0aa6           and r12,#0x0aa6
0024:  46462352           andb rh6,<<35>>0x0052(r4)
0028:  30373031           ldb rh7,rr3(#0x3031)
002c:  01010376           add r1,#0x0376
0030:  0000003b           addb rh0,#0x3b
0034:  00000000           addb rh0,#0x00
0038:  00000000           addb rh0,#0x00
003c:  001e               addb rl6,@rr1
003e:  00000000           addb rh0,#0x00
0042:  002e               addb rl6,@rr2
0044:  0070               addb rh0,@rr7
0046:  0194               add r4,@rr9
0048:  00b0               addb rh0,@rr11
004a:  0280               subb rh0,@rr8
004c:  02f8               subb rl0,@rr15
004e:  0096               addb rh6,@rr9
0050:  021c               subb rl4,@rr1
0052:  93e1               push @rr14,r1
0054:  91e4               pushl @rr14,rr4
0056:  91e6               pushl @rr14,rr6
0058:  91e8               pushl @rr14,rr8
005a:  91ea               pushl @rr14,rr10
005c:  91ec               pushl @rr14,rr12
005e:  54020000           ldl rr2,<<0>>0x0000
0062:  31210002           ld r1,rr2(#0x0002)
0066:  2140               ld r0,@rr4
0068:  0b20               cp r0,@rr2
006a:  e60c               jr z,0x0084
006c:  a933               inc r3,#4
006e:  8b13               cp r3,r1
0070:  e1fb               jr lt,0x0068
0072:  2100ffff           ld r0,#0xffff
0076:  95ec               popl rr12,@rr14
0078:  95ea               popl rr10,@rr14
007a:  95e8               popl rr8,@rr14
007c:  95e6               popl rr6,@rr14
007e:  95e4               popl rr4,@rr14
0080:  97e1               pop r1,@rr14
0082:  9e08               ret 
0084:  a931               inc r3,#2
0086:  2123               ld r3,@rr2
0088:  35260008           ldl rr6,rr2(#0x0008)
008c:  91e2               pushl @rr14,rr2
008e:  1f60               call @rr6
0090:  95e2               popl rr2,@rr14
0092:  e8f1               jr 0x0076
0094:  34080026           ldar rr8,0x00be
0098:  7da2               ldctl r10,fcw
009a:  31400006           ld r0,rr4(#0x0006)
009e:  c1ff               ldb rh1,#0xff
00a0:  a106               ld r6,r0
00a2:  0a060707           cpb rh6,#0x07
00a6:  ef12               jr nc,0x00cc
00a8:  b361fff8           srl r6,#8
00ac:  8166               add r6,r6
00ae:  71870600           ld r7,rr8(r6)
00b2:  8179               add r9,r7
00b4:  7c01               di vi
00b6:  1f80               call @rr8
00b8:  7daa               ldctl fcw,r10
00ba:  8200               subb rh0,rh0
00bc:  9e08               ret 
00be:  000e002e           addb rl6,#0x2e
00c2:  0084               addb rh4,@rr8
00c4:  00d0               addb rh0,@rr13
00c6:  00a2               addb rh2,@rr10
00c8:  00e8               addb rl0,@rr14
00ca:  00ca               addb rl2,@rr12
00cc:  21008000           ld r0,#0x8000
00d0:  7daa               ldctl fcw,r10
00d2:  9e08               ret 
00d4:  34080002           ldar rr8,0x00da
00d8:  e8df               jr 0x0098
00da:  fff2               djnz r15,0xfff8
00dc:  0166               add r6,@rr6
00de:  01a4               add r4,@rr10
00e0:  01aa               add r10,@rr10
00e2:  01b6               add r6,@rr11
00e4:  fff2               djnz r15,0x0002
00e6:  fff2               djnz r15,0x0004
00e8:  01bc               add r12,@rr11
00ea:  01c2               add r2,@rr12
00ec:  31460008           ld r6,rr4(#0x0008)
00f0:  3ae6ff20           outb #0xff20,rl6
00f4:  322e000e           ldb rr2(#0x000e),rl6
00f8:  a664               bitb rh6,#4
00fa:  c96b               ldb rl1,#0x6b
00fc:  e601               jr z,0x0100
00fe:  c963               ldb rl1,#0x63
0100:  3e19               outb @r1,rl1
0102:  07060f00           and r6,#0x0f00
0106:  ace6               exb rh6,rl6
0108:  8166               add r6,r6
010a:  34080016           ldar rr8,0x0124
010e:  71860600           ld r6,rr8(r6)
0112:  3ae6ffc5           outb #0xffc5,rl6
0116:  3a66ffc5           outb #0xffc5,rh6
011a:  3126000c           ld r6,rr2(#0x000c)
011e:  c9a0               ldb rl1,#0xa0
0120:  3e1e               outb @r1,rl6
0122:  9e08               ret 
0124:  060202bb           andb rh2,#0xbb
0128:  01000080           add r0,#0x0080
012c:  0040               addb rh0,@rr4
012e:  0020               addb rh0,@rr2
0130:  0010               addb rh0,@rr1
0132:  00080004           addb rl0,#0x04
0136:  00020401           addb rh2,#0x01
013a:  023c               subb rl4,@rr3
013c:  02000180           subb rh0,#0x80
0140:  002b               addb rl3,@rr2
0142:  3020000e           ldb rh0,rr2(#0x000e)
0146:  a405               setb rh0,#5
0148:  a206               resb rh0,#6
014a:  30480007           ldb rl0,rr4(#0x0007)
014e:  8c84               testb rl0
0150:  e602               jr z,0x0156
0152:  06009f9f           andb rh0,#0x9f
0156:  3a06ff20           outb #0xff20,rh0
015a:  3220000e           ldb rr2(#0x000e),rh0
015e:  9e08               ret 
0160:  a684               bitb rl0,#4
0162:  c96c               ldb rl1,#0x6c
0164:  e601               jr z,0x0168
0166:  c964               ldb rl1,#0x64
0168:  3e19               outb @r1,rl1
016a:  c1ff               ldb rh1,#0xff
016c:  ce60               ldb rl6,#0x60
016e:  bd82               ldk r8,#2
0170:  8d98               clr r9
0172:  a0e9               ldb rl1,rl6
0174:  8181               add r1,r8
0176:  27090000           bit r0,r9
017a:  e601               jr z,0x017e
017c:  a513               set r1,#3
017e:  3e19               outb @r1,rl1
0180:  a990               inc r9,#1
0182:  ab80               dec r8,#1
0184:  edf6               jr pl,0x0172
0186:  9e08               ret 
0188:  3a84ff60           inb rl0,#0xff60
018c:  9e08               ret 
018e:  3026000e           ldb rh6,rr2(#0x000e)
0192:  0a080101           cpb rl0,#0x01
0196:  a267               resb rh6,#7
0198:  e601               jr z,0x019c
019a:  a467               setb rh6,#7
019c:  3a66ff20           outb #0xff20,rh6
01a0:  3226000e           ldb rr2(#0x000e),rh6
01a4:  9e08               ret 
01a6:  3026000e           ldb rh6,rr2(#0x000e)
01aa:  06069f9f           andb rh6,#0x9f
01ae:  a681               bitb rl0,#1
01b0:  e6f5               jr z,0x019c
01b2:  04066060           orb rh6,#0x60
01b6:  e8f2               jr 0x019c
01b8:  7da2               ldctl r10,fcw
01ba:  7c01               di vi
01bc:  31400006           ld r0,rr4(#0x0006)
01c0:  0a000101           cpb rh0,#0x01
01c4:  e606               jr z,0x01d2
01c6:  0a000202           cpb rh0,#0x02
01ca:  e62e               jr z,0x0228
01cc:  21008000           ld r0,#0x8000
01d0:  e814               jr 0x01fa
01d2:  35440008           ldl rr4,rr4(#0x0008)
01d6:  a156               ld r6,r5
01d8:  8355               sub r5,r5
01da:  8544               or r4,r4
01dc:  e609               jr z,0x01f0
01de:  ab41               dec r4,#2
01e0:  e504               jr mi,0x01ea
01e2:  ee06               jr nz,0x01f0
01e4:  2105f062           ld r5,#0xf062
01e8:  e602               jr z,0x01ee
01ea:  21057831           ld r5,#0x7831
01ee:  8344               sub r4,r4
01f0:  5c390402000e       ldm <<0>>0x000e(r3),r4,#3
01f6:  dffd               calr 0x01fe
01f8:  8300               sub r0,r0
01fa:  7daa               ldctl fcw,r10
01fc:  9e08               ret 
01fe:  cf34               ldb rl7,#0x34
0200:  3af6ffc7           outb #0xffc7,rl7
0204:  bd72               ldk r7,#2
0206:  3af6ffc1           outb #0xffc1,rl7
020a:  3a76ffc1           outb #0xffc1,rh7
020e:  5c310402000e       ldm r4,<<0>>0x000e(r3),#3
0214:  b361ffff           srl r6,#1
0218:  a560               set r6,#0
021a:  3ae6ffc3           outb #0xffc3,rl6
021e:  3a66ffc3           outb #0xffc3,rh6
0222:  37240014           ldl rr2(#0x0014),rr4
0226:  9e08               ret 
0228:  c640               ldb rh6,#0x40
022a:  3a66ffc7           outb #0xffc7,rh6
022e:  3ae4ffc3           inb rl6,#0xffc3
0232:  3a64ffc3           inb rh6,#0xffc3
0236:  8377               sub r7,r7
0238:  35480002           ldl rr8,rr4(#0x0002)
023c:  1d86               ldl @rr8,rr6
023e:  e8dc               jr 0x01f8
0240:  c1ff               ldb rh1,#0xff
0242:  c920               ldb rl1,#0x20
0244:  ce03               ldb rl6,#0x03
0246:  3e1e               outb @r1,rl6
0248:  ce11               ldb rl6,#0x11
024a:  3e1e               outb @r1,rl6
024c:  c9c7               ldb rl1,#0xc7
024e:  ce70               ldb rl6,#0x70
0250:  3e1e               outb @r1,rl6
0252:  ceb6               ldb rl6,#0xb6
0254:  3e1e               outb @r1,rl6
0256:  21060100           ld r6,#0x0100
025a:  c9c5               ldb rl1,#0xc5
025c:  3e1e               outb @r1,rl6
025e:  3e16               outb @r1,rh6
0260:  c9a0               ldb rl1,#0xa0
0262:  3c18               inb rl0,@r1
0264:  3408000c           ldar rr8,0x0274
0268:  bd69               ldk r6,#9
026a:  70890600           ldb rl1,rr8(r6)
026e:  3e19               outb @r1,rl1
0270:  f684               djnz r6,0x026a
0272:  9e08               ret 
0274:  0060               addb rh0,@rr6
0276:  6162636c           ld r2,<<99>>0x006c(r6)
027a:  8c8d               .word #0x8c8d
027c:  8e8f3a84           ext8e #0x8e8f3a84
0280:  ff41               dbjnz rl7,0x0200
0282:  9e08               ret 
0284:  8488               orb rl0,rl0
0286:  c900               ldb rl1,#0x00
0288:  e601               jr z,0x028c
028a:  c9a0               ldb rl1,#0xa0
028c:  3c18               inb rl0,@r1
028e:  9e08               ret 
0290:  3a86ff40           outb #0xff40,rl0
0294:  9e08               ret 
0296:  3a84ff81           inb rl0,#0xff81
029a:  9e08               ret 
029c:  ce64               ldb rl6,#0x64
029e:  bd83               ldk r8,#3
02a0:  d098               calr 0x0172
02a2:  9e08               ret 
02a4:  ef1f               jr nc,0x02e4
02a6:  21e1               ld r1,@rr14
02a8:  a9f7               inc r15,#8
02aa:  8211               subb rh1,rh1
02ac:  54020004           ldl rr2,<<0>>0x0004
02b0:  71230100           ld r3,rr2(r1)
02b4:  3a04ff20           inb rh0,#0xff20
02b8:  a602               bitb rh0,#2
02ba:  ee05               jr nz,0x02c6
02bc:  6637000e           bitb <<0>>0x000e(r3),#7
02c0:  e619               jr z,0x02f4
02c2:  a600               bitb rh0,#0
02c4:  e617               jr z,0x02f4
02c6:  3a84ff22           inb rl0,#0xff22
02ca:  1426               ldl rr6,@rr2
02cc:  1f60               call @rr6
02ce:  ee18               jr nz,0x0300
02d0:  302e000e           ldb rl6,rr2(#0x000e)
02d4:  a2e7               resb rl6,#7
02d6:  3ae6ff20           outb #0xff20,rl6
02da:  322e000e           ldb rr2(#0x000e),rl6
02de:  a008               ldb rl0,rh0
02e0:  d0bc               calr 0x016a
02e2:  e80e               jr 0x0300
02e4:  5c09000d000c       ldm <<0>>0x000c,r0,#14
02ea:  65078000023a       set <<0>>0x023a,#7
02f0:  21e1               ld r1,@rr14
02f2:  e8db               jr 0x02aa
02f4:  35260004           ldl rr6,rr2(#0x0004)
02f8:  1f60               call @rr6
02fa:  e60b               jr z,0x0312
02fc:  3a86ff22           outb #0xff22,rl0
0300:  8d07               nop
0302:  7c01               di vi
0304:  5c01000d000c       ldm r0,<<0>>0x000c,#14
030a:  63078000023a       res <<0>>0x023a,#7
0310:  7b00               iret
0312:  302e000e           ldb rl6,rr2(#0x000e)
0316:  060e9f9f           andb rl6,#0x9f
031a:  e8dd               jr 0x02d6
031c:  e705               jr c,0x0328
031e:  5c09000d0028       ldm <<0>>0x0028,r0,#14
0324:  21e1               ld r1,@rr14
0326:  e80c               jr 0x0340
0328:  7602000c           lda rr2,<<0>>0x000c
032c:  76040028           lda rr4,<<0>>0x0028
0330:  bd1e               ldk r1,#14
0332:  bb210140           ldir @rr4,@rr2,r1
0336:  63078000023a       res <<0>>0x023a,#7
033c:  21e1               ld r1,@rr14
033e:  a9f7               inc r15,#8
0340:  3a86ff84           outb #0xff84,rl0
0344:  7c05               ei vi
0346:  8211               subb rh1,rh1
0348:  54020004           ldl rr2,<<0>>0x0004
034c:  71230100           ld r3,rr2(r1)
0350:  35240014           ldl rr4,rr2(#0x0014)
0354:  8555               or r5,r5
0356:  e604               jr z,0x0360
0358:  4d380016           clr <<0>>0x0016(r3)
035c:  a154               ld r4,r5
035e:  e80a               jr 0x0374
0360:  8544               or r4,r4
0362:  e60d               jr z,0x037e
0364:  4d380014           clr <<0>>0x0014(r3)
0368:  2107f062           ld r7,#0xf062
036c:  3af6ffc1           outb #0xffc1,rl7
0370:  3a76ffc1           outb #0xffc1,rh7
0374:  3ac6ffc3           outb #0xffc3,rl4
0378:  3a46ffc3           outb #0xffc3,rh4
037c:  e808               jr 0x038e
037e:  1426               ldl rr6,@rr2
0380:  1f60               call @rr6
0382:  e602               jr z,0x0388
0384:  d0c4               calr 0x01fe
0386:  e803               jr 0x038e
0388:  ce70               ldb rl6,#0x70
038a:  3ae6ffc7           outb #0xffc7,rl6
038e:  5c01000d0028       ldm r0,<<0>>0x0028,#14
0394:  3a86ff8c           outb #0xff8c,rl0
0398:  7b00               iret
039a:  46452352           andb rh5,<<35>>0x0052(r4)
039e:  30353030           ldb rh5,rr3(#0x3030)
03a2:  01010372           add r1,#0x0372
03a6:  00000000           addb rh0,#0x00
03aa:  00000000           addb rh0,#0x00
03ae:  00000000           addb rh0,#0x00
03b2:  001e               addb rl6,@rr1
03b4:  00000000           addb rh0,#0x00
03b8:  002a               addb rl2,@rr2
03ba:  0056               addb rh6,@rr5
03bc:  02f4               subb rh4,@rr15
03be:  01da               add r10,@rr13
03c0:  00c4               addb rh4,@rr12
03c2:  00f8               addb rl0,@rr15
03c4:  3121000c           ld r1,rr2(#0x000c)
03c8:  304e0006           ldb rl6,rr4(#0x0006)
03cc:  0a0e0707           cpb rl6,#0x07
03d0:  ef50               jr nc,0x0472
03d2:  8266               subb rh6,rh6
03d4:  8166               add r6,r6
03d6:  34080008           ldar rr8,0x03e2
03da:  71870600           ld r7,rr8(r6)
03de:  8179               add r9,r7
03e0:  1e88               jp @rr8
03e2:  0090               addb rh0,@rr9
03e4:  007c               addb rl4,@rr7
03e6:  00a6               addb rh6,@rr10
03e8:  0150               add r0,@rr5
03ea:  016e               add r14,@rr6
03ec:  01aa               add r10,@rr10
03ee:  019c               add r12,@rr9
03f0:  8266               subb rh6,rh6
03f2:  3121000c           ld r1,rr2(#0x000c)
03f6:  304e0006           ldb rl6,rr4(#0x0006)
03fa:  aae0               decb rl6,#1
03fc:  e53a               jr mi,0x0472
03fe:  7d72               ldctl r7,fcw
0400:  b3610001           sll r6,#1
0404:  0b060010           cp r6,#0x0010
0408:  e619               jr z,0x043c
040a:  ef33               jr nc,0x0472
040c:  3408001c           ldar rr8,0x042c
0410:  71860600           ld r6,rr8(r6)
0414:  7c01               di vi
0416:  3028000e           ldb rl0,rr2(#0x000e)
041a:  86e8               andb rl0,rl6
041c:  8468               orb rl0,rh6
041e:  3228000e           ldb rr2(#0x000e),rl0
0422:  3e18               outb @r1,rl0
0424:  7d7a               ldctl fcw,r7
0426:  3c18               inb rl0,@r1
0428:  8200               subb rh0,rh0
042a:  9e08               ret 
042c:  20ff               ldb rl7,@rr15
042e:  80ff               addb rl7,rl7
0430:  007f               addb rl7,@rr7
0432:  00ff               addb rl7,@rr15
0434:  16f6               addl rr6,@rr15
0436:  1dfd               ldl @rr15,rr13
0438:  60ff009f           ldb rl7,<<0>>0x009f(r15)
043c:  3c18               inb rl0,@r1
043e:  a681               bitb rl0,#1
0440:  21008006           ld r0,#0x8006
0444:  9e06               ret z
0446:  7c01               di vi
0448:  3028000e           ldb rl0,rr2(#0x000e)
044c:  a285               resb rl0,#5
044e:  a486               setb rl0,#6
0450:  3e18               outb @r1,rl0
0452:  c903               ldb rl1,#0x03
0454:  30480007           ldb rl0,rr4(#0x0007)
0458:  3e18               outb @r1,rl0
045a:  c901               ldb rl1,#0x01
045c:  e8e3               jr 0x0424
045e:  c981               ldb rl1,#0x81
0460:  3c18               inb rl0,@r1
0462:  07000007           and r0,#0x0007
0466:  340a000e           ldar rr10,0x0478
046a:  8100               add r0,r0
046c:  810b               add r11,r0
046e:  21a0               ld r0,@rr10
0470:  9e08               ret 
0472:  21008003           ld r0,#0x8003
0476:  9e08               ret 
0478:  00020003           addb rh2,#0x03
047c:  00010000           addb rh1,#0x00
0480:  00068002           addb rh6,#0x02
0484:  00050004           addb rh5,#0x04
0488:  304e0007           ldb rl6,rr4(#0x0007)
048c:  0a0e0404           cpb rl6,#0x04
0490:  ef1b               jr nc,0x04c8
0492:  33260012           ld rr2(#0x0012),r6
0496:  d01d               calr 0x045e
0498:  b3010003           sll r0,#3
049c:  340a0052           ldar rr10,0x04f2
04a0:  8166               add r6,r6
04a2:  8106               add r6,r0
04a4:  71a00600           ld r0,rr10(r6)
04a8:  a70e               bit r0,#14
04aa:  e603               jr z,0x04b2
04ac:  4c340018           testb <<0>>0x0018(r3)
04b0:  e60b               jr z,0x04c8
04b2:  a70f               bit r0,#15
04b4:  ee09               jr nz,0x04c8
04b6:  a30e               res r0,#14
04b8:  810b               add r11,r0
04ba:  332b001a           ld rr2(#0x001a),r11
04be:  c010               ldb rh0,#0x10
04c0:  dffa               calr 0x04ce
04c2:  21003fff           ld r0,#0x3fff
04c6:  e837               jr 0x0536
04c8:  21008001           ld r0,#0x8001
04cc:  9e08               ret 
04ce:  20a9               ldb rl1,@rr10
04d0:  3e19               outb @r1,rl1
04d2:  a9b0               inc r11,#1
04d4:  20a9               ldb rl1,@rr10
04d6:  3e19               outb @r1,rl1
04d8:  a9b0               inc r11,#1
04da:  8d68               clr r6
04dc:  c941               ldb rl1,#0x41
04de:  3e1e               outb @r1,rl6
04e0:  c943               ldb rl1,#0x43
04e2:  70a80600           ldb rl0,rr10(r6)
04e6:  3e18               outb @r1,rl0
04e8:  a960               inc r6,#1
04ea:  f008               dbjnz rh0,0x04dc
04ec:  c96a               ldb rl1,#0x6a
04ee:  3e19               outb @r1,rl1
04f0:  9e08               ret 
04f2:  00b2               addb rh2,@rr11
04f4:  8001               addb rh1,rh0
04f6:  40c440d6           addb rh4,<<64>>0x00d6(r12)
04fa:  8001               addb rh1,rh0
04fc:  00e8               addb rl0,@rr14
04fe:  8001               addb rh1,rh0
0500:  00fa               addb rl2,@rr15
0502:  010c8001           add r12,#0x8001
0506:  8001               addb rh1,rh0
0508:  8001               addb rh1,rh0
050a:  011e               add r14,@rr1
050c:  8001               addb rh1,rh0
050e:  41304142           add r0,<<65>>0x0042(r3)
0512:  0154               add r4,@rr5
0514:  8001               addb rh1,rh0
0516:  8001               addb rh1,rh0
0518:  8001               addb rh1,rh0
051a:  8001               addb rh1,rh0
051c:  0178               add r8,@rr7
051e:  8001               addb rh1,rh0
0520:  018a               add r10,@rr8
0522:  0166               add r6,@rr6
0524:  8001               addb rh1,rh0
0526:  8001               addb rh1,rh0
0528:  8001               addb rh1,rh0
052a:  8001               addb rh1,rh0
052c:  8001               addb rh1,rh0
052e:  8001               addb rh1,rh0
0530:  8001               addb rh1,rh0
0532:  31400008           ld r0,rr4(#0x0008)
0536:  33200014           ld rr2(#0x0014),r0
053a:  cf0e               ldb rl7,#0x0e
053c:  dffb               calr 0x0548
053e:  3e10               outb @r1,rh0
0540:  cf0f               ldb rl7,#0x0f
0542:  dffe               calr 0x0548
0544:  3e18               outb @r1,rl0
0546:  e816               jr 0x0574
0548:  c941               ldb rl1,#0x41
054a:  3e1f               outb @r1,rl7
054c:  c943               ldb rl1,#0x43
054e:  9e08               ret 
0550:  30480007           ldb rl0,rr4(#0x0007)
0554:  a080               ldb rh0,rl0
0556:  0600eeee           andb rh0,#0xee
055a:  ee0e               jr nz,0x0578
055c:  c963               ldb rl1,#0x63
055e:  a680               bitb rl0,#0
0560:  e601               jr z,0x0564
0562:  c96b               ldb rl1,#0x6b
0564:  3e19               outb @r1,rl1
0566:  c961               ldb rl1,#0x61
0568:  a684               bitb rl0,#4
056a:  e601               jr z,0x056e
056c:  c969               ldb rl1,#0x69
056e:  3e19               outb @r1,rl1
0570:  33200016           ld rr2(#0x0016),r0
0574:  8300               sub r0,r0
0576:  9e08               ret 
0578:  21008005           ld r0,#0x8005
057c:  9e08               ret 
057e:  340afffc           ldar rr10,0x057e
0582:  312b001a           ld r11,rr2(#0x001a)
0586:  c00c               ldb rh0,#0x0c
0588:  d05e               calr 0x04ce
058a:  e8f4               jr 0x0574
058c:  8366               sub r6,r6
058e:  c706               ldb rh7,#0x06
0590:  c941               ldb rl1,#0x41
0592:  3e17               outb @r1,rh7
0594:  c943               ldb rl1,#0x43
0596:  3e1e               outb @r1,rl6
0598:  c701               ldb rh7,#0x01
059a:  c941               ldb rl1,#0x41
059c:  3e17               outb @r1,rh7
059e:  c943               ldb rl1,#0x43
05a0:  3e16               outb @r1,rh6
05a2:  e8e8               jr 0x0574
05a4:  64606850           setb <<104>>0x0050(r6),#0
05a8:  530a               .word #0x530a
05aa:  19051919           mult rr5,#0x1919
05ae:  000b4b0b           addb rl3,#0x0b
05b2:  00003fff           addb rh0,#0xff
05b6:  64683428           setb <<52>>0x0028(r6),#8
05ba:  2a07               .word #0x2a07
05bc:  19051919           mult rr5,#0x1919
05c0:  000b6b0b           addb rl3,#0x0b
05c4:  00003fff           addb rh0,#0xff
05c8:  6c683428           exb rl0,<<52>>0x0028(r6)
05cc:  2a07               .word #0x2a07
05ce:  0d00               .word #0x0d00
05d0:  0d0d               .word #0x0d0d
05d2:  0016               addb rh6,@rr1
05d4:  76160000           lda rr6,<<0>>0x0000(r1)
05d8:  3fff               out @r15,r15
05da:  64683428           setb <<52>>0x0028(r6),#8
05de:  2a07               .word #0x2a07
05e0:  10041010000c       cpl rr4,#0x1010000c
05e6:  6b0b0000           dec <<0>>0x0000,#12
05ea:  3fff               out @r15,r15
05ec:  6c683428           exb rl0,<<52>>0x0028(r6)
05f0:  2a07               .word #0x2a07
05f2:  0d01               .word #0x0d01
05f4:  0d0d               .word #0x0d0d
05f6:  000f6b0b           addb rl7,#0x0b
05fa:  00003fff           addb rh0,#0xff
05fe:  6c606950           exb rh0,<<105>>0x0050(r6)
0602:  530a               .word #0x530a
0604:  19001919           mult rr0,#0x1919
0608:  0010               addb rh0,@rr1
060a:  4b0b0000           cp r11,<<0>>0x0000
060e:  3fff               out @r15,r15
0610:  64606950           setb <<105>>0x0050(r6),#0
0614:  530a               .word #0x530a
0616:  19051919           mult rr5,#0x1919
061a:  000b4b0b           addb rl3,#0x0b
061e:  00003fff           addb rh0,#0xff
0622:  64683428           setb <<52>>0x0028(r6),#8
0626:  2a07               .word #0x2a07
0628:  19051919           mult rr5,#0x1919
062c:  000b6b0b           addb rl3,#0x0b
0630:  00003fff           addb rh0,#0xff
0634:  6c683428           exb rl0,<<52>>0x0028(r6)
0638:  2a07               .word #0x2a07
063a:  0d00               .word #0x0d00
063c:  0d0d               .word #0x0d0d
063e:  0016               addb rh6,@rr1
0640:  76160000           lda rr6,<<0>>0x0000(r1)
0644:  3fff               out @r15,r15
0646:  64606b50           setb <<107>>0x0050(r6),#0
064a:  590a1a11           mult rr10,<<26>>0x0011
064e:  1919               mult rr9,@rr1
0650:  000b4b0b           addb rl3,#0x0b
0654:  00003fff           addb rh0,#0xff
0658:  6c606750           exb rh0,<<103>>0x0050(r6)
065c:  590a1909           mult rr10,<<25>>0x0009
0660:  1919               mult rr9,@rr1
0662:  000f4b0b           addb rl7,#0x0b
0666:  00003fff           addb rh0,#0xff
066a:  64683428           setb <<52>>0x0028(r6),#8
066e:  2c36               exb rh6,@rr3
0670:  1103               .word #0x1103
0672:  1010               cpl rr0,@rr1
0674:  000c6b0b           addb rl4,#0x0b
0678:  00003fff           addb rh0,#0xff
067c:  6c683428           exb rl0,<<52>>0x0028(r6)
0680:  2c36               exb rh6,@rr3
0682:  0d0d               .word #0x0d0d
0684:  0d0d               .word #0x0d0d
0686:  000f6b0b           addb rl7,#0x0b
068a:  00003fff           addb rh0,#0xff
068e:  ef36               jr nc,0x06fc
0690:  21e1               ld r1,@rr14
0692:  a9f7               inc r15,#8
0694:  8211               subb rh1,rh1
0696:  54020004           ldl rr2,<<0>>0x0004
069a:  71230100           ld r3,rr2(r1)
069e:  6131000c           ld r1,<<0>>0x000c(r3)
06a2:  3c10               inb rh0,@r1
06a4:  a602               bitb rh0,#2
06a6:  ee14               jr nz,0x06d0
06a8:  6637000e           bitb <<0>>0x000e(r3),#7
06ac:  e602               jr z,0x06b2
06ae:  a600               bitb rh0,#0
06b0:  ee0f               jr nz,0x06d0
06b2:  35260004           ldl rr6,rr2(#0x0004)
06b6:  1f60               call @rr6
06b8:  6131000c           ld r1,<<0>>0x000c(r3)
06bc:  ee06               jr nz,0x06ca
06be:  3020000e           ldb rh0,rr2(#0x000e)
06c2:  a205               resb rh0,#5
06c4:  3220000e           ldb rr2(#0x000e),rh0
06c8:  3e10               outb @r1,rh0
06ca:  c903               ldb rl1,#0x03
06cc:  3e18               outb @r1,rl0
06ce:  e80d               jr 0x06ea
06d0:  c903               ldb rl1,#0x03
06d2:  3c18               inb rl0,@r1
06d4:  1426               ldl rr6,@rr2
06d6:  1f60               call @rr6
06d8:  6131000c           ld r1,<<0>>0x000c(r3)
06dc:  ee06               jr nz,0x06ea
06de:  3028000e           ldb rl0,rr2(#0x000e)
06e2:  a287               resb rl0,#7
06e4:  3228000e           ldb rr2(#0x000e),rl0
06e8:  3e18               outb @r1,rl0
06ea:  7c05               ei vi
06ec:  7c01               di vi
06ee:  5c01000d000c       ldm r0,<<0>>0x000c,#14
06f4:  63078000023a       res <<0>>0x023a,#7
06fa:  7b00               iret
06fc:  5c09000d000c       ldm <<0>>0x000c,r0,#14
0702:  65078000023a       set <<0>>0x023a,#7
0708:  21e1               ld r1,@rr14
070a:  e8c4               jr 0x0694
070c:  42302352           subb rh0,<<35>>0x0052(r3)
0710:  30303034           ldb rh0,rr3(#0x3034)
0714:  0101039a           add r1,#0x039a
0718:  00000000           addb rh0,#0x00
071c:  00000000           addb rh0,#0x00
0720:  00000000           addb rh0,#0x00
0724:  001e               addb rl6,@rr1
0726:  00000000           addb rh0,#0x00
072a:  01d8               add r8,@rr13
072c:  024e               subb rl6,@rr4
072e:  0204030e           subb rh4,#0x0e
0732:  002a               addb rl2,@rr2
0734:  01d6               add r6,@rr13
0736:  6130002c           ld r0,<<0>>0x002c(r3)
073a:  a70e               bit r0,#14
073c:  ee09               jr nz,0x0750
073e:  30490006           ldb rl1,rr4(#0x0006)
0742:  0701000e           and r1,#0x000e
0746:  0b01000a           cp r1,#0x000a
074a:  e305               jr ule,0x0756
074c:  04000808           orb rh0,#0x08
0750:  04008080           orb rh0,#0x80
0754:  9e08               ret 
0756:  6136000c           ld r6,<<0>>0x000c(r3)
075a:  a961               inc r6,#2
075c:  34080008           ldar rr8,0x0768
0760:  718a0100           ld r10,rr8(r1)
0764:  81a9               add r9,r10
0766:  1e88               jp @rr8
0768:  000c00a0           addb rl4,#0xa0
076c:  003a               addb rl2,@rr3
076e:  00b2               addb rh2,@rr11
0770:  00d6               addb rh6,@rr13
0772:  00fc               addb rl4,@rr15
0774:  a704               bit r0,#4
0776:  eeec               jr nz,0x0750
0778:  a706               bit r0,#6
077a:  ee0f               jr nz,0x079a
077c:  a707               bit r0,#7
077e:  e602               jr z,0x0784
0780:  a705               bit r0,#5
0782:  eee6               jr nz,0x0750
0784:  304f0007           ldb rl7,rr4(#0x0007)
0788:  060f0101           andb rl7,#0x01
078c:  603e002f           ldb rl6,<<0>>0x002f(r3)
0790:  3e6f               outb @r6,rl7
0792:  603e0030           ldb rl6,<<0>>0x0030(r3)
0796:  65340024           set <<0>>0x0024(r3),#4
079a:  7dd2               ldctl r13,fcw
079c:  7c01               di vi
079e:  df90               calr 0x0880
07a0:  e823               jr 0x07e8
07a2:  a705               bit r0,#5
07a4:  eed5               jr nz,0x0750
07a6:  a70a               bit r0,#10
07a8:  eed3               jr nz,0x0750
07aa:  7dd2               ldctl r13,fcw
07ac:  7c01               di vi
07ae:  df7f               calr 0x08b2
07b0:  a707               bit r0,#7
07b2:  ee02               jr nz,0x07b8
07b4:  dea4               calr 0x0a6e
07b6:  e818               jr 0x07e8
07b8:  603e002f           ldb rl6,<<0>>0x002f(r3)
07bc:  a16a               ld r10,r6
07be:  603e0030           ldb rl6,<<0>>0x0030(r3)
07c2:  21071003           ld r7,#0x1003
07c6:  3e67               outb @r6,rh7
07c8:  3c67               inb rh7,@r6
07ca:  a673               bitb rh7,#3
07cc:  ee1a               jr nz,0x0802
07ce:  93ea               push @rr14,r10
07d0:  93e7               push @rr14,r7
07d2:  a704               bit r0,#4
07d4:  ee05               jr nz,0x07e0
07d6:  603e0030           ldb rl6,<<0>>0x0030(r3)
07da:  65340024           set <<0>>0x0024(r3),#4
07de:  dfb0               calr 0x0880
07e0:  deba               calr 0x0a6e
07e2:  97e7               pop r7,@rr14
07e4:  97ea               pop r10,@rr14
07e6:  3eaf               outb @r10,rl7
07e8:  6130002c           ld r0,<<0>>0x002c(r3)
07ec:  a707               bit r0,#7
07ee:  e605               jr z,0x07fa
07f0:  060f0101           andb rl7,#0x01
07f4:  0600fefe           andb rh0,#0xfe
07f8:  84f0               orb rh0,rl7
07fa:  6f30002c           ld <<0>>0x002c(r3),r0
07fe:  7dda               ldctl fcw,r13
0800:  9e08               ret 
0802:  dfa9               calr 0x08b2
0804:  7dda               ldctl fcw,r13
0806:  e8a4               jr 0x0750
0808:  7dd2               ldctl r13,fcw
080a:  7c01               di vi
080c:  6130002c           ld r0,<<0>>0x002c(r3)
0810:  a704               bit r0,#4
0812:  e601               jr z,0x0816
0814:  dfcb               calr 0x0880
0816:  7dda               ldctl fcw,r13
0818:  9e08               ret 
081a:  7dd2               ldctl r13,fcw
081c:  7c01               di vi
081e:  6130002c           ld r0,<<0>>0x002c(r3)
0822:  a705               bit r0,#5
0824:  e60a               jr z,0x083a
0826:  6632001e           bitb <<0>>0x001e(r3),#2
082a:  ee06               jr nz,0x0838
082c:  6136000c           ld r6,<<0>>0x000c(r3)
0830:  603e002f           ldb rl6,<<0>>0x002f(r3)
0834:  cf01               ldb rl7,#0x01
0836:  3e6f               outb @r6,rl7
0838:  dfc4               calr 0x08b2
083a:  7dda               ldctl fcw,r13
083c:  9e08               ret 
083e:  603e002f           ldb rl6,<<0>>0x002f(r3)
0842:  3c6f               inb rl7,@r6
0844:  060f0f0f           andb rl7,#0x0f
0848:  a0f7               ldb rh7,rl7
084a:  483f001e           xorb rl7,<<0>>0x001e(r3)
084e:  9e06               ret z
0850:  0700fb3f           and r0,#0xfb3f
0854:  05004200           or r0,#0x4200
0858:  6f30002c           ld <<0>>0x002c(r3),r0
085c:  88ff               xorb rl7,rl7
085e:  6e3f001e           ldb <<0>>0x001e(r3),rl7
0862:  9e08               ret 
0864:  7dd2               ldctl r13,fcw
0866:  7c01               di vi
0868:  603e0031           ldb rl6,<<0>>0x0031(r3)
086c:  30490007           ldb rl1,rr4(#0x0007)
0870:  06090101           andb rl1,#0x01
0874:  3e69               outb @r6,rl1
0876:  a503               set r0,#3
0878:  a690               bitb rl1,#0
087a:  eebf               jr nz,0x07fa
087c:  a303               res r0,#3
087e:  e8bd               jr 0x07fa
0880:  6136000c           ld r6,<<0>>0x000c(r3)
0884:  603e0030           ldb rl6,<<0>>0x0030(r3)
0888:  21010018           ld r1,#0x0018
088c:  4931002a           xor r1,<<0>>0x002a(r3)
0890:  3e61               outb @r6,rh1
0892:  3e69               outb @r6,rl1
0894:  6f31002a           ld <<0>>0x002a(r3),r1
0898:  21010001           ld r1,#0x0001
089c:  49310024           xor r1,<<0>>0x0024(r3)
08a0:  3e61               outb @r6,rh1
08a2:  3e69               outb @r6,rl1
08a4:  6f310024           ld <<0>>0x0024(r3),r1
08a8:  09000010           xor r0,#0x0010
08ac:  6f30002c           ld <<0>>0x002c(r3),r0
08b0:  9e08               ret 
08b2:  6136000c           ld r6,<<0>>0x000c(r3)
08b6:  603e0030           ldb rl6,<<0>>0x0030(r3)
08ba:  21010002           ld r1,#0x0002
08be:  4931002a           xor r1,<<0>>0x002a(r3)
08c2:  3e61               outb @r6,rh1
08c4:  3e69               outb @r6,rl1
08c6:  6f31002a           ld <<0>>0x002a(r3),r1
08ca:  21010008           ld r1,#0x0008
08ce:  49310022           xor r1,<<0>>0x0022(r3)
08d2:  3e61               outb @r6,rh1
08d4:  3e69               outb @r6,rl1
08d6:  6f310022           ld <<0>>0x0022(r3),r1
08da:  09000020           xor r0,#0x0020
08de:  6f30002c           ld <<0>>0x002c(r3),r0
08e2:  9e08               ret 
08e4:  ef03               jr nc,0x08ec
08e6:  21e1               ld r1,@rr14
08e8:  a9f7               inc r15,#8
08ea:  e807               jr 0x08fa
08ec:  5c09000d000c       ldm <<0>>0x000c,r0,#14
08f2:  65078000023a       set <<0>>0x023a,#7
08f8:  21e1               ld r1,@rr14
08fa:  8211               subb rh1,rh1
08fc:  54020004           ldl rr2,<<0>>0x0004
0900:  71230100           ld r3,rr2(r1)
0904:  6136000c           ld r6,<<0>>0x000c(r3)
0908:  6130002c           ld r0,<<0>>0x002c(r3)
090c:  df50               calr 0x0a6e
090e:  e874               jr 0x09f8
0910:  ef03               jr nc,0x0918
0912:  21e1               ld r1,@rr14
0914:  a9f7               inc r15,#8
0916:  e807               jr 0x0926
0918:  5c09000d000c       ldm <<0>>0x000c,r0,#14
091e:  65078000023a       set <<0>>0x023a,#7
0924:  21e1               ld r1,@rr14
0926:  8211               subb rh1,rh1
0928:  54020004           ldl rr2,<<0>>0x0004
092c:  71230100           ld r3,rr2(r1)
0930:  6136000c           ld r6,<<0>>0x000c(r3)
0934:  6130002c           ld r0,<<0>>0x002c(r3)
0938:  3c68               inb rl0,@r6
093a:  6632001e           bitb <<0>>0x001e(r3),#2
093e:  ee02               jr nz,0x0944
0940:  06081f1f           andb rl0,#0x1f
0944:  54380004           ldl rr8,<<0>>0x0004(r3)
0948:  6637002e           bitb <<0>>0x002e(r3),#7
094c:  ee55               jr nz,0x09f8
094e:  1f80               call @rr8
0950:  ee53               jr nz,0x09f8
0952:  6130002c           ld r0,<<0>>0x002c(r3)
0956:  d06c               calr 0x0880
0958:  e84f               jr 0x09f8
095a:  ef03               jr nc,0x0962
095c:  21e1               ld r1,@rr14
095e:  a9f7               inc r15,#8
0960:  e807               jr 0x0970
0962:  5c09000d000c       ldm <<0>>0x000c,r0,#14
0968:  65078000023a       set <<0>>0x023a,#7
096e:  21e1               ld r1,@rr14
0970:  8211               subb rh1,rh1
0972:  54020004           ldl rr2,<<0>>0x0004
0976:  71230100           ld r3,rr2(r1)
097a:  6136000c           ld r6,<<0>>0x000c(r3)
097e:  a961               inc r6,#2
0980:  6130002c           ld r0,<<0>>0x002c(r3)
0984:  603c002e           ldb rl4,<<0>>0x002e(r3)
0988:  3c64               inb rh4,@r6
098a:  0604d8d8           andb rh4,#0xd8
098e:  6e34002e           ldb <<0>>0x002e(r3),rh4
0992:  884c               xorb rl4,rh4
0994:  e62b               jr z,0x09ec
0996:  a6c3               bitb rl4,#3
0998:  e60d               jr z,0x09b4
099a:  09000001           xor r0,#0x0001
099e:  6f30002c           ld <<0>>0x002c(r3),r0
09a2:  54380016           ldl rr8,<<0>>0x0016(r3)
09a6:  a643               bitb rh4,#3
09a8:  ee02               jr nz,0x09ae
09aa:  5438001a           ldl rr8,<<0>>0x001a(r3)
09ae:  93e4               push @rr14,r4
09b0:  1f80               call @rr8
09b2:  97e4               pop r4,@rr14
09b4:  a6c4               bitb rl4,#4
09b6:  e613               jr z,0x09de
09b8:  a644               bitb rh4,#4
09ba:  ee11               jr nz,0x09de
09bc:  a643               bitb rh4,#3
09be:  ee05               jr nz,0x09ca
09c0:  6130002c           ld r0,<<0>>0x002c(r3)
09c4:  d0a3               calr 0x0880
09c6:  d0a4               calr 0x0880
09c8:  e80a               jr 0x09de
09ca:  c80b               ldb rl0,#0x0b
09cc:  54380004           ldl rr8,<<0>>0x0004(r3)
09d0:  93e4               push @rr14,r4
09d2:  1f80               call @rr8
09d4:  97e4               pop r4,@rr14
09d6:  6130002c           ld r0,<<0>>0x002c(r3)
09da:  ee01               jr nz,0x09de
09dc:  d0af               calr 0x0880
09de:  a6c6               bitb rl4,#6
09e0:  e605               jr z,0x09ec
09e2:  5438000e           ldl rr8,<<0>>0x000e(r3)
09e6:  05000004           or r0,#0x0004
09ea:  1f80               call @rr8
09ec:  cc10               ldb rl4,#0x10
09ee:  6136000c           ld r6,<<0>>0x000c(r3)
09f2:  603e0030           ldb rl6,<<0>>0x0030(r3)
09f6:  3e6c               outb @r6,rl4
09f8:  cc38               ldb rl4,#0x38
09fa:  6136000c           ld r6,<<0>>0x000c(r3)
09fe:  603e0030           ldb rl6,<<0>>0x0030(r3)
0a02:  423e001f           subb rl6,<<0>>0x001f(r3)
0a06:  3e6c               outb @r6,rl4
0a08:  7c05               ei vi
0a0a:  7c01               di vi
0a0c:  5c01000d000c       ldm r0,<<0>>0x000c,#14
0a12:  63078000023a       res <<0>>0x023a,#7
0a18:  7b00               iret
0a1a:  ef03               jr nc,0x0a22
0a1c:  21e1               ld r1,@rr14
0a1e:  a9f7               inc r15,#8
0a20:  e807               jr 0x0a30
0a22:  5c09000d000c       ldm <<0>>0x000c,r0,#14
0a28:  65078000023a       set <<0>>0x023a,#7
0a2e:  21e1               ld r1,@rr14
0a30:  8211               subb rh1,rh1
0a32:  54020004           ldl rr2,<<0>>0x0004
0a36:  71230100           ld r3,rr2(r1)
0a3a:  6136000c           ld r6,<<0>>0x000c(r3)
0a3e:  a961               inc r6,#2
0a40:  6130002c           ld r0,<<0>>0x002c(r3)
0a44:  cc01               ldb rl4,#0x01
0a46:  3e6c               outb @r6,rl4
0a48:  3c6c               inb rl4,@r6
0a4a:  a6c6               bitb rl4,#6
0a4c:  e603               jr z,0x0a54
0a4e:  ab61               dec r6,#2
0a50:  3c64               inb rh4,@r6
0a52:  a961               inc r6,#2
0a54:  a6c5               bitb rl4,#5
0a56:  e604               jr z,0x0a60
0a58:  a501               set r0,#1
0a5a:  54380012           ldl rr8,<<0>>0x0012(r3)
0a5e:  1f80               call @rr8
0a60:  6136000c           ld r6,<<0>>0x000c(r3)
0a64:  603e0030           ldb rl6,<<0>>0x0030(r3)
0a68:  cc30               ldb rl4,#0x30
0a6a:  3e6c               outb @r6,rl4
0a6c:  e8c5               jr 0x09f8
0a6e:  54380000           ldl rr8,<<0>>0x0000(r3)
0a72:  1f80               call @rr8
0a74:  e60b               jr z,0x0a8c
0a76:  6136000c           ld r6,<<0>>0x000c(r3)
0a7a:  6632001e           bitb <<0>>0x001e(r3),#2
0a7e:  ee04               jr nz,0x0a88
0a80:  0808ffff           xorb rl0,#0xff
0a84:  06081f1f           andb rl0,#0x1f
0a88:  3e68               outb @r6,rl0
0a8a:  9e08               ret 
0a8c:  6130002c           ld r0,<<0>>0x002c(r3)
0a90:  6632001e           bitb <<0>>0x001e(r3),#2
0a94:  ee06               jr nz,0x0aa2
0a96:  6136000c           ld r6,<<0>>0x000c(r3)
0a9a:  603e002f           ldb rl6,<<0>>0x002f(r3)
0a9e:  cf01               ldb rl7,#0x01
0aa0:  3e6f               outb @r6,rl7
0aa2:  d0f9               calr 0x08b2
0aa4:  9e08               ret 
0aa6:  43462352           sub r6,<<35>>0x0052(r4)
0aaa:  30303034           ldb rh0,rr3(#0x3034)
0aae:  01010550           add r1,#0x0550
0ab2:  00000000           addb rh0,#0x00
0ab6:  00000000           addb rh0,#0x00
0aba:  00000000           addb rh0,#0x00
0abe:  001e               addb rl6,@rr1
0ac0:  00000000           addb rh0,#0x00
0ac4:  0348               sub r8,@rr4
0ac6:  0392               sub r2,@rr9
0ac8:  048e               orb rl6,@rr8
0aca:  04da               orb rl2,@rr13
0acc:  0262               subb rh2,@rr6
0ace:  002a               addb rl2,@rr2
0ad0:  30490006           ldb rl1,rr4(#0x0006)
0ad4:  0701003e           and r1,#0x003e
0ad8:  0b01001e           cp r1,#0x001e
0adc:  e303               jr ule,0x0ae4
0ade:  21008801           ld r0,#0x8801
0ae2:  9e08               ret 
0ae4:  7dc2               ldctl r12,fcw
0ae6:  7c01               di vi
0ae8:  6136000c           ld r6,<<0>>0x000c(r3)
0aec:  603e003b           ldb rl6,<<0>>0x003b(r3)
0af0:  340a0008           ldar rr10,0x0afc
0af4:  71a90100           ld r9,rr10(r1)
0af8:  819b               add r11,r9
0afa:  1ea8               jp @rr10
0afc:  003e               addb rl6,@rr3
0afe:  012a               add r10,@rr2
0b00:  0158               add r8,@rr5
0b02:  0178               add r8,@rr7
0b04:  0198               add r8,@rr9
0b06:  01aa               add r10,@rr10
0b08:  01e4               add r4,@rr14
0b0a:  020e0230           subb rl6,#0x30
0b0e:  025c               subb rl4,@rr5
0b10:  026e               subb rl6,@rr6
0b12:  0280               subb rh0,@rr8
0b14:  02a6               subb rh6,@rr10
0b16:  02b8               subb rl0,@rr11
0b18:  02ca               subb rl2,@rr12
0b1a:  02e0               subb rh0,@rr14
0b1c:  0180               add r0,@rr8
0b1e:  010000af           add r0,#0x00af
0b22:  008f               addb rl7,@rr8
0b24:  0080               addb rh0,@rr8
0b26:  0060               addb rh0,@rr6
0b28:  0040               addb rh0,@rr4
0b2a:  0020               addb rh0,@rr2
0b2c:  0010               addb rh0,@rr1
0b2e:  000b0008           addb rl3,#0x08
0b32:  00040002           addb rh4,#0x02
0b36:  00020002           addb rh2,#0x02
0b3a:  7dca               ldctl fcw,r12
0b3c:  4c380041           clrb <<0>>0x0041(r3)
0b40:  4c35003fc0c0       ldb <<0>>0x003f(r3),#0xc0
0b46:  4c380043           clrb <<0>>0x0043(r3)
0b4a:  64340044           setb <<0>>0x0044(r3),#4
0b4e:  6434003e           setb <<0>>0x003e(r3),#4
0b52:  ce27               ldb rl6,#0x27
0b54:  6039004b           ldb rl1,<<0>>0x004b(r3)
0b58:  3e69               outb @r6,rl1
0b5a:  30490009           ldb rl1,rr4(#0x0009)
0b5e:  0701000f           and r1,#0x000f
0b62:  0b01000d           cp r1,#0x000d
0b66:  e604               jr z,0x0b70
0b68:  0b01000e           cp r1,#0x000e
0b6c:  e604               jr z,0x0b76
0b6e:  e805               jr 0x0b7a
0b70:  6336003f           res <<0>>0x003f(r3),#6
0b74:  e802               jr 0x0b7a
0b76:  6337003f           res <<0>>0x003f(r3),#7
0b7a:  b2910001           sllb rl1,#1
0b7e:  3408ff9a           ldar rr8,0x0b1c
0b82:  8119               add r9,r1
0b84:  2181               ld r1,@rr8
0b86:  603e004a           ldb rl6,<<0>>0x004a(r3)
0b8a:  3e69               outb @r6,rl1
0b8c:  3e61               outb @r6,rh1
0b8e:  60390047           ldb rl1,<<0>>0x0047(r3)
0b92:  30410008           ldb rh1,rr4(#0x0008)
0b96:  06010606           andb rh1,#0x06
0b9a:  8419               orb rl1,rh1
0b9c:  6e390047           ldb <<0>>0x0047(r3),rl1
0ba0:  cea1               ldb rl6,#0xa1
0ba2:  3e69               outb @r6,rl1
0ba4:  603e0048           ldb rl6,<<0>>0x0048(r3)
0ba8:  3c69               inb rl1,@r6
0baa:  6e390049           ldb <<0>>0x0049(r3),rl1
0bae:  6039003f           ldb rl1,<<0>>0x003f(r3)
0bb2:  30410007           ldb rh1,rr4(#0x0007)
0bb6:  06010f0f           andb rh1,#0x0f
0bba:  8419               orb rl1,rh1
0bbc:  6e39003f           ldb <<0>>0x003f(r3),rl1
0bc0:  60390043           ldb rl1,<<0>>0x0043(r3)
0bc4:  30410008           ldb rh1,rr4(#0x0008)
0bc8:  06016060           andb rh1,#0x60
0bcc:  8419               orb rl1,rh1
0bce:  6e390043           ldb <<0>>0x0043(r3),rl1
0bd2:  60390041           ldb rl1,<<0>>0x0041(r3)
0bd6:  30410007           ldb rh1,rr4(#0x0007)
0bda:  0601c0c0           andb rh1,#0xc0
0bde:  8419               orb rl1,rh1
0be0:  6e390041           ldb <<0>>0x0041(r3),rl1
0be4:  c9ff               ldb rl1,#0xff
0be6:  a617               bitb rh1,#7
0be8:  ee02               jr nz,0x0bee
0bea:  b291ffff           srlb rl1,#1
0bee:  a616               bitb rh1,#6
0bf0:  ee02               jr nz,0x0bf6
0bf2:  b291fffe           srlb rl1,#2
0bf6:  6e39004c           ldb <<0>>0x004c(r3),rl1
0bfa:  7dc2               ldctl r12,fcw
0bfc:  7c01               di vi
0bfe:  603e003b           ldb rl6,<<0>>0x003b(r3)
0c02:  c918               ldb rl1,#0x18
0c04:  3e69               outb @r6,rl1
0c06:  2101003e           ld r1,#0x003e
0c0a:  9428               ldl rr8,rr2
0c0c:  8119               add r9,r1
0c0e:  21010008           ld r1,#0x0008
0c12:  3a820160           otirb @r6,@rr8,r1
0c16:  3c69               inb rl1,@r6
0c18:  6e390046           ldb <<0>>0x0046(r3),rl1
0c1c:  62340044           resb <<0>>0x0044(r3),#4
0c20:  6234003e           resb <<0>>0x003e(r3),#4
0c24:  e86e               jr 0x0d02
0c26:  60380046           ldb rl0,<<0>>0x0046(r3)
0c2a:  b281fffc           srlb rl0,#4
0c2e:  07000001           and r0,#0x0001
0c32:  61310044           ld r1,<<0>>0x0044(r3)
0c36:  a490               setb rl1,#0
0c38:  6e390045           ldb <<0>>0x0045(r3),rl1
0c3c:  3e61               outb @r6,rh1
0c3e:  3e69               outb @r6,rl1
0c40:  61310042           ld r1,<<0>>0x0042(r3)
0c44:  04098080           orb rl1,#0x80
0c48:  6e390043           ldb <<0>>0x0043(r3),rl1
0c4c:  3e61               outb @r6,rh1
0c4e:  3e69               outb @r6,rl1
0c50:  7dca               ldctl fcw,r12
0c52:  9e08               ret 
0c54:  61310044           ld r1,<<0>>0x0044(r3)
0c58:  a290               resb rl1,#0
0c5a:  6e390045           ldb <<0>>0x0045(r3),rl1
0c5e:  3e61               outb @r6,rh1
0c60:  3e69               outb @r6,rl1
0c62:  61310042           ld r1,<<0>>0x0042(r3)
0c66:  06097f7f           andb rl1,#0x7f
0c6a:  6e390043           ldb <<0>>0x0043(r3),rl1
0c6e:  3e61               outb @r6,rh1
0c70:  3e69               outb @r6,rl1
0c72:  e847               jr 0x0d02
0c74:  60380046           ldb rl0,<<0>>0x0046(r3)
0c78:  b281fffb           srlb rl0,#5
0c7c:  07000001           and r0,#0x0001
0c80:  61310042           ld r1,<<0>>0x0042(r3)
0c84:  04090202           orb rl1,#0x02
0c88:  6e390043           ldb <<0>>0x0043(r3),rl1
0c8c:  3e61               outb @r6,rh1
0c8e:  3e69               outb @r6,rl1
0c90:  7dca               ldctl fcw,r12
0c92:  9e08               ret 
0c94:  61310042           ld r1,<<0>>0x0042(r3)
0c98:  0609fdfd           andb rl1,#0xfd
0c9c:  6e390043           ldb <<0>>0x0043(r3),rl1
0ca0:  3e61               outb @r6,rh1
0ca2:  3e69               outb @r6,rl1
0ca4:  e82e               jr 0x0d02
0ca6:  54380000           ldl rr8,<<0>>0x0000(r3)
0caa:  93ec               push @rr14,r12
0cac:  1f80               call @rr8
0cae:  97ec               pop r12,@rr14
0cb0:  6136000c           ld r6,<<0>>0x000c(r3)
0cb4:  603e003b           ldb rl6,<<0>>0x003b(r3)
0cb8:  61310044           ld r1,<<0>>0x0044(r3)
0cbc:  04090202           orb rl1,#0x02
0cc0:  6e390045           ldb <<0>>0x0045(r3),rl1
0cc4:  3e61               outb @r6,rh1
0cc6:  3e69               outb @r6,rl1
0cc8:  61310042           ld r1,<<0>>0x0042(r3)
0ccc:  04090808           orb rl1,#0x08
0cd0:  6e390043           ldb <<0>>0x0043(r3),rl1
0cd4:  3e61               outb @r6,rh1
0cd6:  3e69               outb @r6,rl1
0cd8:  603e003a           ldb rl6,<<0>>0x003a(r3)
0cdc:  3e68               outb @r6,rl0
0cde:  e811               jr 0x0d02
0ce0:  c12d               ldb rh1,#0x2d
0ce2:  60390043           ldb rl1,<<0>>0x0043(r3)
0ce6:  0609f7f7           andb rl1,#0xf7
0cea:  6e390043           ldb <<0>>0x0043(r3),rl1
0cee:  3e61               outb @r6,rh1
0cf0:  3e69               outb @r6,rl1
0cf2:  61310044           ld r1,<<0>>0x0044(r3)
0cf6:  0609fdfd           andb rl1,#0xfd
0cfa:  6e390045           ldb <<0>>0x0045(r3),rl1
0cfe:  3e61               outb @r6,rh1
0d00:  3e69               outb @r6,rl1
0d02:  21000000           ld r0,#0x0000
0d06:  7dca               ldctl fcw,r12
0d08:  9e08               ret 
0d0a:  61310044           ld r1,<<0>>0x0044(r3)
0d0e:  04091010           orb rl1,#0x10
0d12:  6e390045           ldb <<0>>0x0045(r3),rl1
0d16:  3e61               outb @r6,rh1
0d18:  3e69               outb @r6,rl1
0d1a:  61310040           ld r1,<<0>>0x0040(r3)
0d1e:  04090101           orb rl1,#0x01
0d22:  6e390041           ldb <<0>>0x0041(r3),rl1
0d26:  3e61               outb @r6,rh1
0d28:  3e69               outb @r6,rl1
0d2a:  e8eb               jr 0x0d02
0d2c:  61310044           ld r1,<<0>>0x0044(r3)
0d30:  0609e7e7           andb rl1,#0xe7
0d34:  6e390045           ldb <<0>>0x0045(r3),rl1
0d38:  3e61               outb @r6,rh1
0d3a:  3e69               outb @r6,rl1
0d3c:  61310040           ld r1,<<0>>0x0040(r3)
0d40:  0609eeee           andb rl1,#0xee
0d44:  6e390041           ldb <<0>>0x0041(r3),rl1
0d48:  3e61               outb @r6,rh1
0d4a:  3e69               outb @r6,rl1
0d4c:  603e003a           ldb rl6,<<0>>0x003a(r3)
0d50:  3c69               inb rl1,@r6
0d52:  3c69               inb rl1,@r6
0d54:  3c69               inb rl1,@r6
0d56:  e8d5               jr 0x0d02
0d58:  cea1               ldb rl6,#0xa1
0d5a:  60390047           ldb rl1,<<0>>0x0047(r3)
0d5e:  04090101           orb rl1,#0x01
0d62:  6e390047           ldb <<0>>0x0047(r3),rl1
0d66:  3e69               outb @r6,rl1
0d68:  e8cc               jr 0x0d02
0d6a:  cea1               ldb rl6,#0xa1
0d6c:  60390047           ldb rl1,<<0>>0x0047(r3)
0d70:  0609fefe           andb rl1,#0xfe
0d74:  6e390047           ldb <<0>>0x0047(r3),rl1
0d78:  3e69               outb @r6,rl1
0d7a:  e8c3               jr 0x0d02
0d7c:  66300045           bitb <<0>>0x0045(r3),#0
0d80:  ee05               jr nz,0x0d8c
0d82:  c810               ldb rl0,#0x10
0d84:  3e68               outb @r6,rl0
0d86:  3c60               inb rh0,@r6
0d88:  6e300046           ldb <<0>>0x0046(r3),rh0
0d8c:  60300046           ldb rh0,<<0>>0x0046(r3)
0d90:  06003838           andb rh0,#0x38
0d94:  603e0048           ldb rl6,<<0>>0x0048(r3)
0d98:  3c68               inb rl0,@r6
0d9a:  6e380049           ldb <<0>>0x0049(r3),rl0
0d9e:  7dca               ldctl fcw,r12
0da0:  9e08               ret 
0da2:  61310042           ld r1,<<0>>0x0042(r3)
0da6:  04091010           orb rl1,#0x10
0daa:  6e390043           ldb <<0>>0x0043(r3),rl1
0dae:  3e61               outb @r6,rh1
0db0:  3e69               outb @r6,rl1
0db2:  e8a7               jr 0x0d02
0db4:  61310042           ld r1,<<0>>0x0042(r3)
0db8:  0609efef           andb rl1,#0xef
0dbc:  6e390043           ldb <<0>>0x0043(r3),rl1
0dc0:  3e61               outb @r6,rh1
0dc2:  3e69               outb @r6,rl1
0dc4:  e89e               jr 0x0d02
0dc6:  cea1               ldb rl6,#0xa1
0dc8:  60390047           ldb rl1,<<0>>0x0047(r3)
0dcc:  6031003c           ldb rh1,<<0>>0x003c(r3)
0dd0:  8c10               comb rh1
0dd2:  8619               andb rl1,rh1
0dd4:  6e390047           ldb <<0>>0x0047(r3),rl1
0dd8:  3e69               outb @r6,rl1
0dda:  e893               jr 0x0d02
0ddc:  cea1               ldb rl6,#0xa1
0dde:  60390047           ldb rl1,<<0>>0x0047(r3)
0de2:  4439003c           orb rl1,<<0>>0x003c(r3)
0de6:  6e390047           ldb <<0>>0x0047(r3),rl1
0dea:  3e69               outb @r6,rl1
0dec:  e88a               jr 0x0d02
0dee:  ef1c               jr nc,0x0e28
0df0:  21e1               ld r1,@rr14
0df2:  a9f7               inc r15,#8
0df4:  8211               subb rh1,rh1
0df6:  54020004           ldl rr2,<<0>>0x0004
0dfa:  71230100           ld r3,rr2(r1)
0dfe:  54380000           ldl rr8,<<0>>0x0000(r3)
0e02:  1f80               call @rr8
0e04:  6135000c           ld r5,<<0>>0x000c(r3)
0e08:  66330043           bitb <<0>>0x0043(r3),#3
0e0c:  e601               jr z,0x0e10
0e0e:  3e58               outb @r5,rl0
0e10:  cd03               ldb rl5,#0x03
0e12:  c938               ldb rl1,#0x38
0e14:  3e59               outb @r5,rl1
0e16:  7c05               ei vi
0e18:  7c01               di vi
0e1a:  5c01000d000c       ldm r0,<<0>>0x000c,#14
0e20:  63078000023a       res <<0>>0x023a,#7
0e26:  7b00               iret
0e28:  5c09000d000c       ldm <<0>>0x000c,r0,#14
0e2e:  65078000023a       set <<0>>0x023a,#7
0e34:  21e1               ld r1,@rr14
0e36:  e8de               jr 0x0df4
0e38:  ef75               jr nc,0x0f24
0e3a:  21e1               ld r1,@rr14
0e3c:  a9f7               inc r15,#8
0e3e:  8211               subb rh1,rh1
0e40:  54020004           ldl rr2,<<0>>0x0004
0e44:  71230100           ld r3,rr2(r1)
0e48:  6135000c           ld r5,<<0>>0x000c(r3)
0e4c:  603d003b           ldb rl5,<<0>>0x003b(r3)
0e50:  3c59               inb rl1,@r5
0e52:  60310046           ldb rh1,<<0>>0x0046(r3)
0e56:  8891               xorb rh1,rl1
0e58:  a617               bitb rh1,#7
0e5a:  ee07               jr nz,0x0e6a
0e5c:  a615               bitb rh1,#5
0e5e:  ee17               jr nz,0x0e8e
0e60:  a614               bitb rh1,#4
0e62:  ee24               jr nz,0x0eac
0e64:  a613               bitb rh1,#3
0e66:  ee3c               jr nz,0x0ee0
0e68:  e849               jr 0x0efc
0e6a:  66370046           bitb <<0>>0x0046(r3),#7
0e6e:  ee06               jr nz,0x0e7c
0e70:  5438000e           ldl rr8,<<0>>0x000e(r3)
0e74:  93e1               push @rr14,r1
0e76:  1f80               call @rr8
0e78:  97e1               pop r1,@rr14
0e7a:  e8f0               jr 0x0e5c
0e7c:  6135000c           ld r5,<<0>>0x000c(r3)
0e80:  3c58               inb rl0,@r5
0e82:  54380012           ldl rr8,<<0>>0x0012(r3)
0e86:  93e1               push @rr14,r1
0e88:  1f80               call @rr8
0e8a:  97e1               pop r1,@rr14
0e8c:  e8e7               jr 0x0e5c
0e8e:  66350046           bitb <<0>>0x0046(r3),#5
0e92:  ee06               jr nz,0x0ea0
0e94:  54380016           ldl rr8,<<0>>0x0016(r3)
0e98:  93e1               push @rr14,r1
0e9a:  1f80               call @rr8
0e9c:  97e1               pop r1,@rr14
0e9e:  e8e0               jr 0x0e60
0ea0:  5438001a           ldl rr8,<<0>>0x001a(r3)
0ea4:  93e1               push @rr14,r1
0ea6:  1f80               call @rr8
0ea8:  97e1               pop r1,@rr14
0eaa:  e8da               jr 0x0e60
0eac:  66340046           bitb <<0>>0x0046(r3),#4
0eb0:  ee06               jr nz,0x0ebe
0eb2:  5438001e           ldl rr8,<<0>>0x001e(r3)
0eb6:  93e1               push @rr14,r1
0eb8:  1f80               call @rr8
0eba:  97e1               pop r1,@rr14
0ebc:  e8d3               jr 0x0e64
0ebe:  6135000c           ld r5,<<0>>0x000c(r3)
0ec2:  603d003b           ldb rl5,<<0>>0x003b(r3)
0ec6:  61300044           ld r0,<<0>>0x0044(r3)
0eca:  a280               resb rl0,#0
0ecc:  6e380045           ldb <<0>>0x0045(r3),rl0
0ed0:  3e50               outb @r5,rh0
0ed2:  3e58               outb @r5,rl0
0ed4:  54380022           ldl rr8,<<0>>0x0022(r3)
0ed8:  93e1               push @rr14,r1
0eda:  1f80               call @rr8
0edc:  97e1               pop r1,@rr14
0ede:  e8c2               jr 0x0e64
0ee0:  66330046           bitb <<0>>0x0046(r3),#3
0ee4:  ee06               jr nz,0x0ef2
0ee6:  54380026           ldl rr8,<<0>>0x0026(r3)
0eea:  93e1               push @rr14,r1
0eec:  1f80               call @rr8
0eee:  97e1               pop r1,@rr14
0ef0:  e805               jr 0x0efc
0ef2:  5438002a           ldl rr8,<<0>>0x002a(r3)
0ef6:  93e1               push @rr14,r1
0ef8:  1f80               call @rr8
0efa:  97e1               pop r1,@rr14
0efc:  6135000c           ld r5,<<0>>0x000c(r3)
0f00:  603d003b           ldb rl5,<<0>>0x003b(r3)
0f04:  6e390046           ldb <<0>>0x0046(r3),rl1
0f08:  c910               ldb rl1,#0x10
0f0a:  3e59               outb @r5,rl1
0f0c:  cd03               ldb rl5,#0x03
0f0e:  c938               ldb rl1,#0x38
0f10:  3e59               outb @r5,rl1
0f12:  7c05               ei vi
0f14:  7c01               di vi
0f16:  5c01000d000c       ldm r0,<<0>>0x000c,#14
0f1c:  63078000023a       res <<0>>0x023a,#7
0f22:  7b00               iret
0f24:  5c09000d000c       ldm <<0>>0x000c,r0,#14
0f2a:  65078000023a       set <<0>>0x023a,#7
0f30:  21e1               ld r1,@rr14
0f32:  e885               jr 0x0e3e
0f34:  ef1d               jr nc,0x0f70
0f36:  21e1               ld r1,@rr14
0f38:  a9f7               inc r15,#8
0f3a:  8211               subb rh1,rh1
0f3c:  54020004           ldl rr2,<<0>>0x0004
0f40:  71230100           ld r3,rr2(r1)
0f44:  6135000c           ld r5,<<0>>0x000c(r3)
0f48:  3c58               inb rl0,@r5
0f4a:  4638004c           andb rl0,<<0>>0x004c(r3)
0f4e:  54380004           ldl rr8,<<0>>0x0004(r3)
0f52:  1f80               call @rr8
0f54:  6035000c           ldb rh5,<<0>>0x000c(r3)
0f58:  cd03               ldb rl5,#0x03
0f5a:  c938               ldb rl1,#0x38
0f5c:  3e59               outb @r5,rl1
0f5e:  7c05               ei vi
0f60:  7c01               di vi
0f62:  5c01000d000c       ldm r0,<<0>>0x000c,#14
0f68:  63078000023a       res <<0>>0x023a,#7
0f6e:  7b00               iret
0f70:  5c09000d000c       ldm <<0>>0x000c,r0,#14
0f76:  65078000023a       set <<0>>0x023a,#7
0f7c:  21e1               ld r1,@rr14
0f7e:  e8dd               jr 0x0f3a
0f80:  ef32               jr nc,0x0fe6
0f82:  21e1               ld r1,@rr14
0f84:  a9f7               inc r15,#8
0f86:  8211               subb rh1,rh1
0f88:  54020004           ldl rr2,<<0>>0x0004
0f8c:  71230100           ld r3,rr2(r1)
0f90:  6135000c           ld r5,<<0>>0x000c(r3)
0f94:  603d003b           ldb rl5,<<0>>0x003b(r3)
0f98:  c901               ldb rl1,#0x01
0f9a:  3e59               outb @r5,rl1
0f9c:  3c59               inb rl1,@r5
0f9e:  a696               bitb rl1,#6
0fa0:  ee05               jr nz,0x0fac
0fa2:  a695               bitb rl1,#5
0fa4:  ee07               jr nz,0x0fb4
0fa6:  a694               bitb rl1,#4
0fa8:  ee09               jr nz,0x0fbc
0faa:  e80b               jr 0x0fc2
0fac:  5438002e           ldl rr8,<<0>>0x002e(r3)
0fb0:  1f80               call @rr8
0fb2:  e807               jr 0x0fc2
0fb4:  54380032           ldl rr8,<<0>>0x0032(r3)
0fb8:  1f80               call @rr8
0fba:  e803               jr 0x0fc2
0fbc:  54380036           ldl rr8,<<0>>0x0036(r3)
0fc0:  1f80               call @rr8
0fc2:  6135000c           ld r5,<<0>>0x000c(r3)
0fc6:  603d003b           ldb rl5,<<0>>0x003b(r3)
0fca:  c930               ldb rl1,#0x30
0fcc:  3e59               outb @r5,rl1
0fce:  cd03               ldb rl5,#0x03
0fd0:  c938               ldb rl1,#0x38
0fd2:  3e59               outb @r5,rl1
0fd4:  7c05               ei vi
0fd6:  7c01               di vi
0fd8:  5c01000d000c       ldm r0,<<0>>0x000c,#14
0fde:  63078000023a       res <<0>>0x023a,#7
0fe4:  7b00               iret
0fe6:  5c09000d000c       ldm <<0>>0x000c,r0,#14
0fec:  65078000023a       set <<0>>0x023a,#7
0ff2:  21e1               ld r1,@rr14
0ff4:  e8c8               jr 0x0f86
0ff6:  00000000           addb rh0,#0x00
0ffa:  00000000           addb rh0,#0x00
0ffe:  00004040           addb rh0,#0x40
1002:  40404040           addb rh0,<<64>>0x0040(r4)
1006:  40404040           addb rh0,<<64>>0x0040(r4)
100a:  40404040           addb rh0,<<64>>0x0040(r4)
100e:  40404040           addb rh0,<<64>>0x0040(r4)
1012:  40404040           addb rh0,<<64>>0x0040(r4)
1016:  40404040           addb rh0,<<64>>0x0040(r4)
101a:  40404040           addb rh0,<<64>>0x0040(r4)
101e:  40404040           addb rh0,<<64>>0x0040(r4)
1022:  40404040           addb rh0,<<64>>0x0040(r4)
1026:  40404040           addb rh0,<<64>>0x0040(r4)
102a:  40404040           addb rh0,<<64>>0x0040(r4)
102e:  40404040           addb rh0,<<64>>0x0040(r4)
1032:  40404040           addb rh0,<<64>>0x0040(r4)
1036:  40404040           addb rh0,<<64>>0x0040(r4)
103a:  40404040           addb rh0,<<64>>0x0040(r4)
103e:  40404040           addb rh0,<<64>>0x0040(r4)
1042:  40404040           addb rh0,<<64>>0x0040(r4)
1046:  40404040           addb rh0,<<64>>0x0040(r4)
104a:  40404040           addb rh0,<<64>>0x0040(r4)
104e:  40404040           addb rh0,<<64>>0x0040(r4)
1052:  40404040           addb rh0,<<64>>0x0040(r4)
1056:  40404040           addb rh0,<<64>>0x0040(r4)
105a:  40404040           addb rh0,<<64>>0x0040(r4)
105e:  40404040           addb rh0,<<64>>0x0040(r4)
1062:  40404040           addb rh0,<<64>>0x0040(r4)
1066:  40404040           addb rh0,<<64>>0x0040(r4)
106a:  40404040           addb rh0,<<64>>0x0040(r4)
106e:  40404040           addb rh0,<<64>>0x0040(r4)
1072:  40404040           addb rh0,<<64>>0x0040(r4)
1076:  40404040           addb rh0,<<64>>0x0040(r4)
107a:  40404040           addb rh0,<<64>>0x0040(r4)
107e:  40404040           addb rh0,<<64>>0x0040(r4)
1082:  40404040           addb rh0,<<64>>0x0040(r4)
1086:  40404040           addb rh0,<<64>>0x0040(r4)
108a:  40404040           addb rh0,<<64>>0x0040(r4)
108e:  40404040           addb rh0,<<64>>0x0040(r4)
1092:  40404040           addb rh0,<<64>>0x0040(r4)
1096:  40404040           addb rh0,<<64>>0x0040(r4)
109a:  40404040           addb rh0,<<64>>0x0040(r4)
109e:  40404040           addb rh0,<<64>>0x0040(r4)
10a2:  40404040           addb rh0,<<64>>0x0040(r4)
10a6:  40404040           addb rh0,<<64>>0x0040(r4)
10aa:  40404040           addb rh0,<<64>>0x0040(r4)
10ae:  40404040           addb rh0,<<64>>0x0040(r4)
10b2:  40404040           addb rh0,<<64>>0x0040(r4)
10b6:  40404040           addb rh0,<<64>>0x0040(r4)
10ba:  40404040           addb rh0,<<64>>0x0040(r4)
10be:  40404040           addb rh0,<<64>>0x0040(r4)
10c2:  40404040           addb rh0,<<64>>0x0040(r4)
10c6:  40404040           addb rh0,<<64>>0x0040(r4)
10ca:  40404040           addb rh0,<<64>>0x0040(r4)
10ce:  40404040           addb rh0,<<64>>0x0040(r4)
10d2:  40404040           addb rh0,<<64>>0x0040(r4)
10d6:  40404040           addb rh0,<<64>>0x0040(r4)
10da:  40404040           addb rh0,<<64>>0x0040(r4)
10de:  40404040           addb rh0,<<64>>0x0040(r4)
10e2:  40404040           addb rh0,<<64>>0x0040(r4)
10e6:  40404040           addb rh0,<<64>>0x0040(r4)
10ea:  40404040           addb rh0,<<64>>0x0040(r4)
10ee:  40404040           addb rh0,<<64>>0x0040(r4)
10f2:  40404040           addb rh0,<<64>>0x0040(r4)
10f6:  40404040           addb rh0,<<64>>0x0040(r4)
10fa:  40404040           addb rh0,<<64>>0x0040(r4)
10fe:  40404040           addb rh0,<<64>>0x0040(r4)
1102:  40404040           addb rh0,<<64>>0x0040(r4)
1106:  40404040           addb rh0,<<64>>0x0040(r4)
110a:  40404040           addb rh0,<<64>>0x0040(r4)
110e:  40404040           addb rh0,<<64>>0x0040(r4)
1112:  40404040           addb rh0,<<64>>0x0040(r4)
1116:  40404040           addb rh0,<<64>>0x0040(r4)
111a:  40404040           addb rh0,<<64>>0x0040(r4)
111e:  40404040           addb rh0,<<64>>0x0040(r4)
1122:  40404040           addb rh0,<<64>>0x0040(r4)
1126:  40404040           addb rh0,<<64>>0x0040(r4)
112a:  40404040           addb rh0,<<64>>0x0040(r4)
112e:  40404040           addb rh0,<<64>>0x0040(r4)
1132:  40404040           addb rh0,<<64>>0x0040(r4)
1136:  40404040           addb rh0,<<64>>0x0040(r4)
113a:  40404040           addb rh0,<<64>>0x0040(r4)
113e:  40404040           addb rh0,<<64>>0x0040(r4)
1142:  40404040           addb rh0,<<64>>0x0040(r4)
1146:  40404040           addb rh0,<<64>>0x0040(r4)
114a:  40404040           addb rh0,<<64>>0x0040(r4)
114e:  40404040           addb rh0,<<64>>0x0040(r4)
1152:  40404040           addb rh0,<<64>>0x0040(r4)
1156:  40404040           addb rh0,<<64>>0x0040(r4)
115a:  40404040           addb rh0,<<64>>0x0040(r4)
115e:  40404040           addb rh0,<<64>>0x0040(r4)
1162:  40404040           addb rh0,<<64>>0x0040(r4)
1166:  40404040           addb rh0,<<64>>0x0040(r4)
116a:  40404040           addb rh0,<<64>>0x0040(r4)
116e:  40404040           addb rh0,<<64>>0x0040(r4)
1172:  40404040           addb rh0,<<64>>0x0040(r4)
1176:  40404040           addb rh0,<<64>>0x0040(r4)
117a:  40404040           addb rh0,<<64>>0x0040(r4)
117e:  40404040           addb rh0,<<64>>0x0040(r4)
1182:  40404040           addb rh0,<<64>>0x0040(r4)
1186:  40404040           addb rh0,<<64>>0x0040(r4)
118a:  40404040           addb rh0,<<64>>0x0040(r4)
118e:  40404040           addb rh0,<<64>>0x0040(r4)
1192:  40404040           addb rh0,<<64>>0x0040(r4)
1196:  40404040           addb rh0,<<64>>0x0040(r4)
119a:  40404040           addb rh0,<<64>>0x0040(r4)
119e:  40404040           addb rh0,<<64>>0x0040(r4)
11a2:  40404040           addb rh0,<<64>>0x0040(r4)
11a6:  40404040           addb rh0,<<64>>0x0040(r4)
11aa:  40404040           addb rh0,<<64>>0x0040(r4)
11ae:  40404040           addb rh0,<<64>>0x0040(r4)
11b2:  40404040           addb rh0,<<64>>0x0040(r4)
11b6:  40404040           addb rh0,<<64>>0x0040(r4)
11ba:  40404040           addb rh0,<<64>>0x0040(r4)
11be:  40404040           addb rh0,<<64>>0x0040(r4)
11c2:  40404040           addb rh0,<<64>>0x0040(r4)
11c6:  40404040           addb rh0,<<64>>0x0040(r4)
11ca:  40404040           addb rh0,<<64>>0x0040(r4)
11ce:  40404040           addb rh0,<<64>>0x0040(r4)
11d2:  40404040           addb rh0,<<64>>0x0040(r4)
11d6:  40404040           addb rh0,<<64>>0x0040(r4)
11da:  40404040           addb rh0,<<64>>0x0040(r4)
11de:  40404040           addb rh0,<<64>>0x0040(r4)
11e2:  40404040           addb rh0,<<64>>0x0040(r4)
11e6:  40404040           addb rh0,<<64>>0x0040(r4)
11ea:  40404040           addb rh0,<<64>>0x0040(r4)
11ee:  40404040           addb rh0,<<64>>0x0040(r4)
11f2:  40404040           addb rh0,<<64>>0x0040(r4)
11f6:  40404040           addb rh0,<<64>>0x0040(r4)
11fa:  40404040           addb rh0,<<64>>0x0040(r4)
11fe:  40404040           addb rh0,<<64>>0x0040(r4)
1202:  40404040           addb rh0,<<64>>0x0040(r4)
1206:  40404040           addb rh0,<<64>>0x0040(r4)
120a:  40404040           addb rh0,<<64>>0x0040(r4)
120e:  40404040           addb rh0,<<64>>0x0040(r4)
1212:  40404040           addb rh0,<<64>>0x0040(r4)
1216:  40404040           addb rh0,<<64>>0x0040(r4)
121a:  40404040           addb rh0,<<64>>0x0040(r4)
121e:  40404040           addb rh0,<<64>>0x0040(r4)
1222:  40404040           addb rh0,<<64>>0x0040(r4)
1226:  40404040           addb rh0,<<64>>0x0040(r4)
122a:  40404040           addb rh0,<<64>>0x0040(r4)
122e:  40404040           addb rh0,<<64>>0x0040(r4)
1232:  40404040           addb rh0,<<64>>0x0040(r4)
1236:  40404040           addb rh0,<<64>>0x0040(r4)
123a:  40404040           addb rh0,<<64>>0x0040(r4)
123e:  40404040           addb rh0,<<64>>0x0040(r4)
1242:  40404040           addb rh0,<<64>>0x0040(r4)
1246:  40404040           addb rh0,<<64>>0x0040(r4)
124a:  40404040           addb rh0,<<64>>0x0040(r4)
124e:  40404040           addb rh0,<<64>>0x0040(r4)
1252:  40404040           addb rh0,<<64>>0x0040(r4)
1256:  40404040           addb rh0,<<64>>0x0040(r4)
125a:  40404040           addb rh0,<<64>>0x0040(r4)
125e:  40404040           addb rh0,<<64>>0x0040(r4)
1262:  40404040           addb rh0,<<64>>0x0040(r4)
1266:  40404040           addb rh0,<<64>>0x0040(r4)
126a:  40404040           addb rh0,<<64>>0x0040(r4)
126e:  40404040           addb rh0,<<64>>0x0040(r4)
1272:  40404040           addb rh0,<<64>>0x0040(r4)
1276:  40404040           addb rh0,<<64>>0x0040(r4)
127a:  40404040           addb rh0,<<64>>0x0040(r4)
127e:  40404040           addb rh0,<<64>>0x0040(r4)
1282:  40404040           addb rh0,<<64>>0x0040(r4)
1286:  40404040           addb rh0,<<64>>0x0040(r4)
128a:  40404040           addb rh0,<<64>>0x0040(r4)
128e:  40404040           addb rh0,<<64>>0x0040(r4)
1292:  40404040           addb rh0,<<64>>0x0040(r4)
1296:  40404040           addb rh0,<<64>>0x0040(r4)
129a:  40404040           addb rh0,<<64>>0x0040(r4)
129e:  40404040           addb rh0,<<64>>0x0040(r4)
12a2:  40404040           addb rh0,<<64>>0x0040(r4)
12a6:  40404040           addb rh0,<<64>>0x0040(r4)
12aa:  40404040           addb rh0,<<64>>0x0040(r4)
12ae:  40404040           addb rh0,<<64>>0x0040(r4)
12b2:  40404040           addb rh0,<<64>>0x0040(r4)
12b6:  40404040           addb rh0,<<64>>0x0040(r4)
12ba:  40404040           addb rh0,<<64>>0x0040(r4)
12be:  40404040           addb rh0,<<64>>0x0040(r4)
12c2:  40404040           addb rh0,<<64>>0x0040(r4)
12c6:  40404040           addb rh0,<<64>>0x0040(r4)
12ca:  40404040           addb rh0,<<64>>0x0040(r4)
12ce:  40404040           addb rh0,<<64>>0x0040(r4)
12d2:  40404040           addb rh0,<<64>>0x0040(r4)
12d6:  40404040           addb rh0,<<64>>0x0040(r4)
12da:  40404040           addb rh0,<<64>>0x0040(r4)
12de:  40404040           addb rh0,<<64>>0x0040(r4)
12e2:  40404040           addb rh0,<<64>>0x0040(r4)
12e6:  40404040           addb rh0,<<64>>0x0040(r4)
12ea:  40404040           addb rh0,<<64>>0x0040(r4)
12ee:  40404040           addb rh0,<<64>>0x0040(r4)
12f2:  40404040           addb rh0,<<64>>0x0040(r4)
12f6:  40404040           addb rh0,<<64>>0x0040(r4)
12fa:  40404040           addb rh0,<<64>>0x0040(r4)
12fe:  40404040           addb rh0,<<64>>0x0040(r4)
1302:  40404040           addb rh0,<<64>>0x0040(r4)
1306:  40404040           addb rh0,<<64>>0x0040(r4)
130a:  40404040           addb rh0,<<64>>0x0040(r4)
130e:  40404040           addb rh0,<<64>>0x0040(r4)
1312:  40404040           addb rh0,<<64>>0x0040(r4)
1316:  40404040           addb rh0,<<64>>0x0040(r4)
131a:  40404040           addb rh0,<<64>>0x0040(r4)
131e:  40404040           addb rh0,<<64>>0x0040(r4)
1322:  40404040           addb rh0,<<64>>0x0040(r4)
1326:  40404040           addb rh0,<<64>>0x0040(r4)
132a:  40404040           addb rh0,<<64>>0x0040(r4)
132e:  40404040           addb rh0,<<64>>0x0040(r4)
1332:  40404040           addb rh0,<<64>>0x0040(r4)
1336:  40404040           addb rh0,<<64>>0x0040(r4)
133a:  40404040           addb rh0,<<64>>0x0040(r4)
133e:  40404040           addb rh0,<<64>>0x0040(r4)
1342:  40404040           addb rh0,<<64>>0x0040(r4)
1346:  40404040           addb rh0,<<64>>0x0040(r4)
134a:  40404040           addb rh0,<<64>>0x0040(r4)
134e:  40404040           addb rh0,<<64>>0x0040(r4)
1352:  40404040           addb rh0,<<64>>0x0040(r4)
1356:  40404040           addb rh0,<<64>>0x0040(r4)
135a:  40404040           addb rh0,<<64>>0x0040(r4)
135e:  40404040           addb rh0,<<64>>0x0040(r4)
1362:  40404040           addb rh0,<<64>>0x0040(r4)
1366:  40404040           addb rh0,<<64>>0x0040(r4)
136a:  40404040           addb rh0,<<64>>0x0040(r4)
136e:  40404040           addb rh0,<<64>>0x0040(r4)
1372:  40404040           addb rh0,<<64>>0x0040(r4)
1376:  40404040           addb rh0,<<64>>0x0040(r4)
137a:  40404040           addb rh0,<<64>>0x0040(r4)
137e:  40404040           addb rh0,<<64>>0x0040(r4)
1382:  40404040           addb rh0,<<64>>0x0040(r4)
1386:  40404040           addb rh0,<<64>>0x0040(r4)
138a:  40404040           addb rh0,<<64>>0x0040(r4)
138e:  40404040           addb rh0,<<64>>0x0040(r4)
1392:  40404040           addb rh0,<<64>>0x0040(r4)
1396:  40404040           addb rh0,<<64>>0x0040(r4)
139a:  40404040           addb rh0,<<64>>0x0040(r4)
139e:  40404040           addb rh0,<<64>>0x0040(r4)
13a2:  40404040           addb rh0,<<64>>0x0040(r4)
13a6:  40404040           addb rh0,<<64>>0x0040(r4)
13aa:  40404040           addb rh0,<<64>>0x0040(r4)
13ae:  40404040           addb rh0,<<64>>0x0040(r4)
13b2:  40404040           addb rh0,<<64>>0x0040(r4)
13b6:  40404040           addb rh0,<<64>>0x0040(r4)
13ba:  40404040           addb rh0,<<64>>0x0040(r4)
13be:  40404040           addb rh0,<<64>>0x0040(r4)
13c2:  40404040           addb rh0,<<64>>0x0040(r4)
13c6:  40404040           addb rh0,<<64>>0x0040(r4)
13ca:  40404040           addb rh0,<<64>>0x0040(r4)
13ce:  40404040           addb rh0,<<64>>0x0040(r4)
13d2:  40404040           addb rh0,<<64>>0x0040(r4)
13d6:  40404040           addb rh0,<<64>>0x0040(r4)
13da:  40404040           addb rh0,<<64>>0x0040(r4)
13de:  40404040           addb rh0,<<64>>0x0040(r4)
13e2:  40404040           addb rh0,<<64>>0x0040(r4)
13e6:  40404040           addb rh0,<<64>>0x0040(r4)
13ea:  40404040           addb rh0,<<64>>0x0040(r4)
13ee:  40404040           addb rh0,<<64>>0x0040(r4)
13f2:  40404040           addb rh0,<<64>>0x0040(r4)
13f6:  40404040           addb rh0,<<64>>0x0040(r4)
13fa:  40404040           addb rh0,<<64>>0x0040(r4)
13fe:  00008d07           addb rh0,#0x07
1402:  8d07               nop
1404:  8d07               nop
1406:  8d07               nop
1408:  8d07               nop
140a:  8d07               nop
140c:  8d07               nop
140e:  8d07               nop
1410:  8d07               nop
1412:  8d07               nop
1414:  8d07               nop
1416:  8d07               nop
1418:  8d07               nop
141a:  8d07               nop
141c:  8d07               nop
141e:  8d07               nop
1420:  8d07               nop
1422:  8d07               nop
1424:  8d07               nop
1426:  8d07               nop
1428:  8d07               nop
142a:  8d07               nop
142c:  8d07               nop
142e:  8d07               nop
1430:  8d07               nop
1432:  8d07               nop
1434:  8d07               nop
1436:  8d07               nop
1438:  8d07               nop
143a:  8d07               nop
143c:  8d07               nop
143e:  8d07               nop
1440:  8d07               nop
1442:  8d07               nop
1444:  8d07               nop
1446:  8d07               nop
1448:  8d07               nop
144a:  8d07               nop
144c:  8d07               nop
144e:  8d07               nop
1450:  8d07               nop
1452:  8d07               nop
1454:  8d07               nop
1456:  8d07               nop
1458:  8d07               nop
145a:  8d07               nop
145c:  8d07               nop
145e:  8d07               nop
1460:  8d07               nop
1462:  8d07               nop
1464:  8d07               nop
1466:  8d07               nop
1468:  8d07               nop
146a:  8d07               nop
146c:  8d07               nop
146e:  8d07               nop
1470:  8d07               nop
1472:  8d07               nop
1474:  8d07               nop
1476:  8d07               nop
1478:  8d07               nop
147a:  8d07               nop
147c:  8d07               nop
147e:  8d07               nop
1480:  8d07               nop
1482:  8d07               nop
1484:  8d07               nop
1486:  8d07               nop
1488:  8d07               nop
148a:  8d07               nop
148c:  8d07               nop
148e:  8d07               nop
1490:  8d07               nop
1492:  8d07               nop
1494:  8d07               nop
1496:  8d07               nop
1498:  8d07               nop
149a:  8d07               nop
149c:  8d07               nop
149e:  8d07               nop
14a0:  8d07               nop
14a2:  8d07               nop
14a4:  8d07               nop
14a6:  8d07               nop
14a8:  8d07               nop
14aa:  8d07               nop
14ac:  8d07               nop
14ae:  8d07               nop
14b0:  8d07               nop
14b2:  8d07               nop
14b4:  8d07               nop
14b6:  8d07               nop
14b8:  8d07               nop
14ba:  8d07               nop
14bc:  8d07               nop
14be:  8d07               nop
14c0:  8d07               nop
14c2:  8d07               nop
14c4:  8d07               nop
14c6:  8d07               nop
14c8:  8d07               nop
14ca:  8d07               nop
14cc:  8d07               nop
14ce:  8d07               nop
14d0:  8d07               nop
14d2:  8d07               nop
14d4:  8d07               nop
14d6:  8d07               nop
14d8:  8d07               nop
14da:  8d07               nop
14dc:  8d07               nop
14de:  8d07               nop
14e0:  8d07               nop
14e2:  8d07               nop
14e4:  8d07               nop
14e6:  8d07               nop
14e8:  8d07               nop
14ea:  8d07               nop
14ec:  8d07               nop
14ee:  8d07               nop
14f0:  8d07               nop
14f2:  8d07               nop
14f4:  8d07               nop
14f6:  8d07               nop
14f8:  8d07               nop
14fa:  8d07               nop
14fc:  8d07               nop
14fe:  8d07               nop
1500:  8d07               nop
1502:  8d07               nop
1504:  8d07               nop
1506:  8d07               nop
1508:  8d07               nop
150a:  8d07               nop
150c:  8d07               nop
150e:  8d07               nop
1510:  8d07               nop
1512:  8d07               nop
1514:  8d07               nop
1516:  8d07               nop
1518:  8d07               nop
151a:  8d07               nop
151c:  8d07               nop
151e:  8d07               nop
1520:  8d07               nop
1522:  8d07               nop
1524:  8d07               nop
1526:  8d07               nop
1528:  8d07               nop
152a:  8d07               nop
152c:  8d07               nop
152e:  8d07               nop
1530:  8d07               nop
1532:  8d07               nop
1534:  8d07               nop
1536:  8d07               nop
1538:  8d07               nop
153a:  8d07               nop
153c:  8d07               nop
153e:  8d07               nop
1540:  8d07               nop
1542:  8d07               nop
1544:  8d07               nop
1546:  8d07               nop
1548:  8d07               nop
154a:  8d07               nop
154c:  8d07               nop
154e:  8d07               nop
1550:  8d07               nop
1552:  8d07               nop
1554:  8d07               nop
1556:  8d07               nop
1558:  8d07               nop
155a:  8d07               nop
155c:  8d07               nop
155e:  8d07               nop
1560:  8d07               nop
1562:  8d07               nop
1564:  8d07               nop
1566:  8d07               nop
1568:  8d07               nop
156a:  8d07               nop
156c:  8d07               nop
156e:  8d07               nop
1570:  8d07               nop
1572:  8d07               nop
1574:  8d07               nop
1576:  8d07               nop
1578:  8d07               nop
157a:  8d07               nop
157c:  8d07               nop
157e:  8d07               nop
1580:  8d07               nop
1582:  8d07               nop
1584:  8d07               nop
1586:  8d07               nop
1588:  8d07               nop
158a:  8d07               nop
158c:  8d07               nop
158e:  8d07               nop
1590:  8d07               nop
1592:  8d07               nop
1594:  8d07               nop
1596:  8d07               nop
1598:  8d07               nop
159a:  8d07               nop
159c:  8d07               nop
159e:  8d07               nop
15a0:  8d07               nop
15a2:  8d07               nop
15a4:  8d07               nop
15a6:  8d07               nop
15a8:  8d07               nop
15aa:  8d07               nop
15ac:  8d07               nop
15ae:  8d07               nop
15b0:  8d07               nop
15b2:  8d07               nop
15b4:  8d07               nop
15b6:  8d07               nop
15b8:  8d07               nop
15ba:  8d07               nop
15bc:  8d07               nop
15be:  8d07               nop
15c0:  8d07               nop
15c2:  8d07               nop
15c4:  8d07               nop
15c6:  8d07               nop
15c8:  8d07               nop
15ca:  8d07               nop
15cc:  8d07               nop
15ce:  8d07               nop
15d0:  8d07               nop
15d2:  8d07               nop
15d4:  8d07               nop
15d6:  8d07               nop
15d8:  8d07               nop
15da:  8d07               nop
15dc:  8d07               nop
15de:  8d07               nop
15e0:  8d07               nop
15e2:  8d07               nop
15e4:  8d07               nop
15e6:  8d07               nop
15e8:  8d07               nop
15ea:  8d07               nop
15ec:  8d07               nop
15ee:  8d07               nop
15f0:  8d07               nop
15f2:  8d07               nop
15f4:  8d07               nop
15f6:  8d07               nop
15f8:  8d07               nop
15fa:  8d07               nop
15fc:  8d07               nop
15fe:  8d07               nop
1600:  8d07               nop
1602:  8d07               nop
1604:  8d07               nop
1606:  8d07               nop
1608:  8d07               nop
160a:  8d07               nop
160c:  8d07               nop
160e:  8d07               nop
1610:  8d07               nop
1612:  8d07               nop
1614:  8d07               nop
1616:  8d07               nop
1618:  8d07               nop
161a:  8d07               nop
161c:  8d07               nop
161e:  8d07               nop
1620:  8d07               nop
1622:  8d07               nop
1624:  8d07               nop
1626:  8d07               nop
1628:  8d07               nop
162a:  8d07               nop
162c:  8d07               nop
162e:  8d07               nop
1630:  8d07               nop
1632:  8d07               nop
1634:  8d07               nop
1636:  8d07               nop
1638:  8d07               nop
163a:  8d07               nop
163c:  8d07               nop
163e:  8d07               nop
1640:  8d07               nop
1642:  8d07               nop
1644:  8d07               nop
1646:  8d07               nop
1648:  8d07               nop
164a:  8d07               nop
164c:  8d07               nop
164e:  8d07               nop
1650:  8d07               nop
1652:  8d07               nop
1654:  8d07               nop
1656:  8d07               nop
1658:  8d07               nop
165a:  8d07               nop
165c:  8d07               nop
165e:  8d07               nop
1660:  8d07               nop
1662:  8d07               nop
1664:  8d07               nop
1666:  8d07               nop
1668:  8d07               nop
166a:  8d07               nop
166c:  8d07               nop
166e:  8d07               nop
1670:  8d07               nop
1672:  8d07               nop
1674:  8d07               nop
1676:  8d07               nop
1678:  8d07               nop
167a:  8d07               nop
167c:  8d07               nop
167e:  8d07               nop
1680:  8d07               nop
1682:  8d07               nop
1684:  8d07               nop
1686:  8d07               nop
1688:  8d07               nop
168a:  8d07               nop
168c:  8d07               nop
168e:  8d07               nop
1690:  8d07               nop
1692:  8d07               nop
1694:  8d07               nop
1696:  8d07               nop
1698:  8d07               nop
169a:  8d07               nop
169c:  8d07               nop
169e:  8d07               nop
16a0:  8d07               nop
16a2:  8d07               nop
16a4:  8d07               nop
16a6:  8d07               nop
16a8:  8d07               nop
16aa:  8d07               nop
16ac:  8d07               nop
16ae:  8d07               nop
16b0:  8d07               nop
16b2:  8d07               nop
16b4:  8d07               nop
16b6:  8d07               nop
16b8:  8d07               nop
16ba:  8d07               nop
16bc:  8d07               nop
16be:  8d07               nop
16c0:  8d07               nop
16c2:  8d07               nop
16c4:  8d07               nop
16c6:  8d07               nop
16c8:  8d07               nop
16ca:  8d07               nop
16cc:  8d07               nop
16ce:  8d07               nop
16d0:  8d07               nop
16d2:  8d07               nop
16d4:  8d07               nop
16d6:  8d07               nop
16d8:  8d07               nop
16da:  8d07               nop
16dc:  8d07               nop
16de:  8d07               nop
16e0:  8d07               nop
16e2:  8d07               nop
16e4:  8d07               nop
16e6:  8d07               nop
16e8:  8d07               nop
16ea:  8d07               nop
16ec:  8d07               nop
16ee:  8d07               nop
16f0:  8d07               nop
16f2:  8d07               nop
16f4:  8d07               nop
16f6:  8d07               nop
16f8:  8d07               nop
16fa:  8d07               nop
16fc:  8d07               nop
16fe:  8d07               nop
1700:  8d07               nop
1702:  8d07               nop
1704:  8d07               nop
1706:  8d07               nop
1708:  8d07               nop
170a:  8d07               nop
170c:  8d07               nop
170e:  8d07               nop
1710:  8d07               nop
1712:  8d07               nop
1714:  8d07               nop
1716:  8d07               nop
1718:  8d07               nop
171a:  8d07               nop
171c:  8d07               nop
171e:  8d07               nop
1720:  8d07               nop
1722:  8d07               nop
1724:  8d07               nop
1726:  8d07               nop
1728:  8d07               nop
172a:  8d07               nop
172c:  8d07               nop
172e:  8d07               nop
1730:  8d07               nop
1732:  8d07               nop
1734:  8d07               nop
1736:  8d07               nop
1738:  8d07               nop
173a:  8d07               nop
173c:  8d07               nop
173e:  8d07               nop
1740:  8d07               nop
1742:  8d07               nop
1744:  8d07               nop
1746:  8d07               nop
1748:  8d07               nop
174a:  8d07               nop
174c:  8d07               nop
174e:  8d07               nop
1750:  8d07               nop
1752:  8d07               nop
1754:  8d07               nop
1756:  8d07               nop
1758:  8d07               nop
175a:  8d07               nop
175c:  8d07               nop
175e:  8d07               nop
1760:  8d07               nop
1762:  8d07               nop
1764:  8d07               nop
1766:  8d07               nop
1768:  8d07               nop
176a:  8d07               nop
176c:  8d07               nop
176e:  8d07               nop
1770:  8d07               nop
1772:  8d07               nop
1774:  8d07               nop
1776:  8d07               nop
1778:  8d07               nop
177a:  8d07               nop
177c:  8d07               nop
177e:  8d07               nop
1780:  8d07               nop
1782:  8d07               nop
1784:  8d07               nop
1786:  8d07               nop
1788:  8d07               nop
178a:  8d07               nop
178c:  8d07               nop
178e:  8d07               nop
1790:  8d07               nop
1792:  8d07               nop
1794:  8d07               nop
1796:  8d07               nop
1798:  8d07               nop
179a:  8d07               nop
179c:  8d07               nop
179e:  8d07               nop
17a0:  8d07               nop
17a2:  8d07               nop
17a4:  8d07               nop
17a6:  8d07               nop
17a8:  8d07               nop
17aa:  8d07               nop
17ac:  8d07               nop
17ae:  8d07               nop
17b0:  8d07               nop
17b2:  8d07               nop
17b4:  8d07               nop
17b6:  8d07               nop
17b8:  8d07               nop
17ba:  8d07               nop
17bc:  8d07               nop
17be:  8d07               nop
17c0:  8d07               nop
17c2:  8d07               nop
17c4:  8d07               nop
17c6:  8d07               nop
17c8:  8d07               nop
17ca:  8d07               nop
17cc:  8d07               nop
17ce:  8d07               nop
17d0:  8d07               nop
17d2:  8d07               nop
17d4:  8d07               nop
17d6:  8d07               nop
17d8:  8d07               nop
17da:  8d07               nop
17dc:  8d07               nop
17de:  8d07               nop
17e0:  8d07               nop
17e2:  8d07               nop
17e4:  8d07               nop
17e6:  8d07               nop
17e8:  8d07               nop
17ea:  8d07               nop
17ec:  8d07               nop
17ee:  8d07               nop
17f0:  8d07               nop
17f2:  8d07               nop
17f4:  8d07               nop
17f6:  8d07               nop
17f8:  8d07               nop
17fa:  8d07               nop
17fc:  8d07               nop
17fe:  8d07               nop
1800:  8d07               nop
1802:  8d07               nop
1804:  8d07               nop
1806:  8d07               nop
1808:  8d07               nop
180a:  8d07               nop
180c:  8d07               nop
180e:  8d07               nop
1810:  8d07               nop
1812:  8d07               nop
1814:  8d07               nop
1816:  8d07               nop
1818:  8d07               nop
181a:  8d07               nop
181c:  8d07               nop
181e:  8d07               nop
1820:  8d07               nop
1822:  8d07               nop
1824:  8d07               nop
1826:  8d07               nop
1828:  8d07               nop
182a:  8d07               nop
182c:  8d07               nop
182e:  8d07               nop
1830:  8d07               nop
1832:  8d07               nop
1834:  8d07               nop
1836:  8d07               nop
1838:  8d07               nop
183a:  8d07               nop
183c:  8d07               nop
183e:  8d07               nop
1840:  8d07               nop
1842:  8d07               nop
1844:  8d07               nop
1846:  8d07               nop
1848:  8d07               nop
184a:  8d07               nop
184c:  8d07               nop
184e:  8d07               nop
1850:  8d07               nop
1852:  8d07               nop
1854:  8d07               nop
1856:  8d07               nop
1858:  8d07               nop
185a:  8d07               nop
185c:  8d07               nop
185e:  8d07               nop
1860:  8d07               nop
1862:  8d07               nop
1864:  8d07               nop
1866:  8d07               nop
1868:  8d07               nop
186a:  8d07               nop
186c:  8d07               nop
186e:  8d07               nop
1870:  8d07               nop
1872:  8d07               nop
1874:  8d07               nop
1876:  8d07               nop
1878:  8d07               nop
187a:  8d07               nop
187c:  8d07               nop
187e:  8d07               nop
1880:  8d07               nop
1882:  8d07               nop
1884:  8d07               nop
1886:  8d07               nop
1888:  8d07               nop
188a:  8d07               nop
188c:  8d07               nop
188e:  8d07               nop
1890:  8d07               nop
1892:  8d07               nop
1894:  8d07               nop
1896:  8d07               nop
1898:  8d07               nop
189a:  8d07               nop
189c:  8d07               nop
189e:  8d07               nop
18a0:  8d07               nop
18a2:  8d07               nop
18a4:  8d07               nop
18a6:  8d07               nop
18a8:  8d07               nop
18aa:  8d07               nop
18ac:  8d07               nop
18ae:  8d07               nop
18b0:  8d07               nop
18b2:  8d07               nop
18b4:  8d07               nop
18b6:  8d07               nop
18b8:  8d07               nop
18ba:  8d07               nop
18bc:  8d07               nop
18be:  8d07               nop
18c0:  8d07               nop
18c2:  8d07               nop
18c4:  8d07               nop
18c6:  8d07               nop
18c8:  8d07               nop
18ca:  8d07               nop
18cc:  8d07               nop
18ce:  8d07               nop
18d0:  8d07               nop
18d2:  8d07               nop
18d4:  8d07               nop
18d6:  8d07               nop
18d8:  8d07               nop
18da:  8d07               nop
18dc:  8d07               nop
18de:  8d07               nop
18e0:  8d07               nop
18e2:  8d07               nop
18e4:  8d07               nop
18e6:  8d07               nop
18e8:  8d07               nop
18ea:  8d07               nop
18ec:  8d07               nop
18ee:  8d07               nop
18f0:  8d07               nop
18f2:  8d07               nop
18f4:  8d07               nop
18f6:  8d07               nop
18f8:  8d07               nop
18fa:  8d07               nop
18fc:  8d07               nop
18fe:  8d07               nop
1900:  8d07               nop
1902:  8d07               nop
1904:  8d07               nop
1906:  8d07               nop
1908:  8d07               nop
190a:  8d07               nop
190c:  8d07               nop
190e:  8d07               nop
1910:  8d07               nop
1912:  8d07               nop
1914:  8d07               nop
1916:  8d07               nop
1918:  8d07               nop
191a:  8d07               nop
191c:  8d07               nop
191e:  8d07               nop
1920:  8d07               nop
1922:  8d07               nop
1924:  8d07               nop
1926:  8d07               nop
1928:  8d07               nop
192a:  8d07               nop
192c:  8d07               nop
192e:  8d07               nop
1930:  8d07               nop
1932:  8d07               nop
1934:  8d07               nop
1936:  8d07               nop
1938:  8d07               nop
193a:  8d07               nop
193c:  8d07               nop
193e:  8d07               nop
1940:  8d07               nop
1942:  8d07               nop
1944:  8d07               nop
1946:  8d07               nop
1948:  8d07               nop
194a:  8d07               nop
194c:  8d07               nop
194e:  8d07               nop
1950:  8d07               nop
1952:  8d07               nop
1954:  8d07               nop
1956:  8d07               nop
1958:  8d07               nop
195a:  8d07               nop
195c:  8d07               nop
195e:  8d07               nop
1960:  8d07               nop
1962:  8d07               nop
1964:  8d07               nop
1966:  8d07               nop
1968:  8d07               nop
196a:  8d07               nop
196c:  8d07               nop
196e:  8d07               nop
1970:  8d07               nop
1972:  8d07               nop
1974:  8d07               nop
1976:  8d07               nop
1978:  8d07               nop
197a:  8d07               nop
197c:  8d07               nop
197e:  8d07               nop
1980:  8d07               nop
1982:  8d07               nop
1984:  8d07               nop
1986:  8d07               nop
1988:  8d07               nop
198a:  8d07               nop
198c:  8d07               nop
198e:  8d07               nop
1990:  8d07               nop
1992:  8d07               nop
1994:  8d07               nop
1996:  8d07               nop
1998:  8d07               nop
199a:  8d07               nop
199c:  8d07               nop
199e:  8d07               nop
19a0:  8d07               nop
19a2:  8d07               nop
19a4:  8d07               nop
19a6:  8d07               nop
19a8:  8d07               nop
19aa:  8d07               nop
19ac:  8d07               nop
19ae:  8d07               nop
19b0:  8d07               nop
19b2:  8d07               nop
19b4:  8d07               nop
19b6:  8d07               nop
19b8:  8d07               nop
19ba:  8d07               nop
19bc:  8d07               nop
19be:  8d07               nop
19c0:  8d07               nop
19c2:  8d07               nop
19c4:  8d07               nop
19c6:  8d07               nop
19c8:  8d07               nop
19ca:  8d07               nop
19cc:  8d07               nop
19ce:  8d07               nop
19d0:  8d07               nop
19d2:  8d07               nop
19d4:  8d07               nop
19d6:  8d07               nop
19d8:  8d07               nop
19da:  8d07               nop
19dc:  8d07               nop
19de:  8d07               nop
19e0:  8d07               nop
19e2:  8d07               nop
19e4:  8d07               nop
19e6:  8d07               nop
19e8:  8d07               nop
19ea:  8d07               nop
19ec:  8d07               nop
19ee:  8d07               nop
19f0:  8d07               nop
19f2:  8d07               nop
19f4:  8d07               nop
19f6:  8d07               nop
19f8:  8d07               nop
19fa:  8d07               nop
19fc:  8d07               nop
19fe:  8d07               nop
1a00:  8d07               nop
1a02:  8d07               nop
1a04:  8d07               nop
1a06:  8d07               nop
1a08:  8d07               nop
1a0a:  8d07               nop
1a0c:  8d07               nop
1a0e:  8d07               nop
1a10:  8d07               nop
1a12:  8d07               nop
1a14:  8d07               nop
1a16:  8d07               nop
1a18:  8d07               nop
1a1a:  8d07               nop
1a1c:  8d07               nop
1a1e:  8d07               nop
1a20:  8d07               nop
1a22:  8d07               nop
1a24:  8d07               nop
1a26:  8d07               nop
1a28:  8d07               nop
1a2a:  8d07               nop
1a2c:  8d07               nop
1a2e:  8d07               nop
1a30:  8d07               nop
1a32:  8d07               nop
1a34:  8d07               nop
1a36:  8d07               nop
1a38:  8d07               nop
1a3a:  8d07               nop
1a3c:  8d07               nop
1a3e:  8d07               nop
1a40:  8d07               nop
1a42:  8d07               nop
1a44:  8d07               nop
1a46:  8d07               nop
1a48:  8d07               nop
1a4a:  8d07               nop
1a4c:  8d07               nop
1a4e:  8d07               nop
1a50:  8d07               nop
1a52:  8d07               nop
1a54:  8d07               nop
1a56:  8d07               nop
1a58:  8d07               nop
1a5a:  8d07               nop
1a5c:  8d07               nop
1a5e:  8d07               nop
1a60:  8d07               nop
1a62:  8d07               nop
1a64:  8d07               nop
1a66:  8d07               nop
1a68:  8d07               nop
1a6a:  8d07               nop
1a6c:  8d07               nop
1a6e:  8d07               nop
1a70:  8d07               nop
1a72:  8d07               nop
1a74:  8d07               nop
1a76:  8d07               nop
1a78:  8d07               nop
1a7a:  8d07               nop
1a7c:  8d07               nop
1a7e:  8d07               nop
1a80:  8d07               nop
1a82:  8d07               nop
1a84:  8d07               nop
1a86:  8d07               nop
1a88:  8d07               nop
1a8a:  8d07               nop
1a8c:  8d07               nop
1a8e:  8d07               nop
1a90:  8d07               nop
1a92:  8d07               nop
1a94:  8d07               nop
1a96:  8d07               nop
1a98:  8d07               nop
1a9a:  8d07               nop
1a9c:  8d07               nop
1a9e:  8d07               nop
1aa0:  8d07               nop
1aa2:  8d07               nop
1aa4:  8d07               nop
1aa6:  8d07               nop
1aa8:  8d07               nop
1aaa:  8d07               nop
1aac:  8d07               nop
1aae:  8d07               nop
1ab0:  8d07               nop
1ab2:  8d07               nop
1ab4:  8d07               nop
1ab6:  8d07               nop
1ab8:  8d07               nop
1aba:  8d07               nop
1abc:  8d07               nop
1abe:  8d07               nop
1ac0:  8d07               nop
1ac2:  8d07               nop
1ac4:  8d07               nop
1ac6:  8d07               nop
1ac8:  8d07               nop
1aca:  8d07               nop
1acc:  8d07               nop
1ace:  8d07               nop
1ad0:  8d07               nop
1ad2:  8d07               nop
1ad4:  8d07               nop
1ad6:  8d07               nop
1ad8:  8d07               nop
1ada:  8d07               nop
1adc:  8d07               nop
1ade:  8d07               nop
1ae0:  8d07               nop
1ae2:  8d07               nop
1ae4:  8d07               nop
1ae6:  8d07               nop
1ae8:  8d07               nop
1aea:  8d07               nop
1aec:  8d07               nop
1aee:  8d07               nop
1af0:  8d07               nop
1af2:  8d07               nop
1af4:  8d07               nop
1af6:  8d07               nop
1af8:  8d07               nop
1afa:  8d07               nop
1afc:  8d07               nop
1afe:  8d07               nop
1b00:  8d07               nop
1b02:  8d07               nop
1b04:  8d07               nop
1b06:  8d07               nop
1b08:  8d07               nop
1b0a:  8d07               nop
1b0c:  8d07               nop
1b0e:  8d07               nop
1b10:  8d07               nop
1b12:  8d07               nop
1b14:  8d07               nop
1b16:  8d07               nop
1b18:  8d07               nop
1b1a:  8d07               nop
1b1c:  8d07               nop
1b1e:  8d07               nop
1b20:  8d07               nop
1b22:  8d07               nop
1b24:  8d07               nop
1b26:  8d07               nop
1b28:  8d07               nop
1b2a:  8d07               nop
1b2c:  8d07               nop
1b2e:  8d07               nop
1b30:  8d07               nop
1b32:  8d07               nop
1b34:  8d07               nop
1b36:  8d07               nop
1b38:  8d07               nop
1b3a:  8d07               nop
1b3c:  8d07               nop
1b3e:  8d07               nop
1b40:  8d07               nop
1b42:  8d07               nop
1b44:  8d07               nop
1b46:  8d07               nop
1b48:  8d07               nop
1b4a:  8d07               nop
1b4c:  8d07               nop
1b4e:  8d07               nop
1b50:  8d07               nop
1b52:  8d07               nop
1b54:  8d07               nop
1b56:  8d07               nop
1b58:  8d07               nop
1b5a:  8d07               nop
1b5c:  8d07               nop
1b5e:  8d07               nop
1b60:  8d07               nop
1b62:  8d07               nop
1b64:  8d07               nop
1b66:  8d07               nop
1b68:  8d07               nop
1b6a:  8d07               nop
1b6c:  8d07               nop
1b6e:  8d07               nop
1b70:  8d07               nop
1b72:  8d07               nop
1b74:  8d07               nop
1b76:  8d07               nop
1b78:  8d07               nop
1b7a:  8d07               nop
1b7c:  8d07               nop
1b7e:  8d07               nop
1b80:  8d07               nop
1b82:  8d07               nop
1b84:  8d07               nop
1b86:  8d07               nop
1b88:  8d07               nop
1b8a:  8d07               nop
1b8c:  8d07               nop
1b8e:  8d07               nop
1b90:  8d07               nop
1b92:  8d07               nop
1b94:  8d07               nop
1b96:  8d07               nop
1b98:  8d07               nop
1b9a:  8d07               nop
1b9c:  8d07               nop
1b9e:  8d07               nop
1ba0:  8d07               nop
1ba2:  8d07               nop
1ba4:  8d07               nop
1ba6:  8d07               nop
1ba8:  8d07               nop
1baa:  8d07               nop
1bac:  8d07               nop
1bae:  8d07               nop
1bb0:  8d07               nop
1bb2:  8d07               nop
1bb4:  8d07               nop
1bb6:  8d07               nop
1bb8:  8d07               nop
1bba:  8d07               nop
1bbc:  8d07               nop
1bbe:  8d07               nop
1bc0:  8d07               nop
1bc2:  8d07               nop
1bc4:  8d07               nop
1bc6:  8d07               nop
1bc8:  8d07               nop
1bca:  8d07               nop
1bcc:  8d07               nop
1bce:  8d07               nop
1bd0:  8d07               nop
1bd2:  8d07               nop
1bd4:  8d07               nop
1bd6:  8d07               nop
1bd8:  8d07               nop
1bda:  8d07               nop
1bdc:  8d07               nop
1bde:  8d07               nop
1be0:  8d07               nop
1be2:  8d07               nop
1be4:  8d07               nop
1be6:  8d07               nop
1be8:  8d07               nop
1bea:  8d07               nop
1bec:  8d07               nop
1bee:  8d07               nop
1bf0:  8d07               nop
1bf2:  8d07               nop
1bf4:  8d07               nop
1bf6:  8d07               nop
1bf8:  8d07               nop
1bfa:  8d07               nop
1bfc:  8d07               nop
1bfe:  8d07               nop
1c00:  8d07               nop
1c02:  8d07               nop
1c04:  8d07               nop
1c06:  8d07               nop
1c08:  8d07               nop
1c0a:  8d07               nop
1c0c:  8d07               nop
1c0e:  8d07               nop
1c10:  8d07               nop
1c12:  8d07               nop
1c14:  8d07               nop
1c16:  8d07               nop
1c18:  8d07               nop
1c1a:  8d07               nop
1c1c:  8d07               nop
1c1e:  8d07               nop
1c20:  8d07               nop
1c22:  8d07               nop
1c24:  8d07               nop
1c26:  8d07               nop
1c28:  8d07               nop
1c2a:  8d07               nop
1c2c:  8d07               nop
1c2e:  8d07               nop
1c30:  8d07               nop
1c32:  8d07               nop
1c34:  8d07               nop
1c36:  8d07               nop
1c38:  8d07               nop
1c3a:  8d07               nop
1c3c:  8d07               nop
1c3e:  8d07               nop
1c40:  8d07               nop
1c42:  8d07               nop
1c44:  8d07               nop
1c46:  8d07               nop
1c48:  8d07               nop
1c4a:  8d07               nop
1c4c:  8d07               nop
1c4e:  8d07               nop
1c50:  8d07               nop
1c52:  8d07               nop
1c54:  8d07               nop
1c56:  8d07               nop
1c58:  8d07               nop
1c5a:  8d07               nop
1c5c:  8d07               nop
1c5e:  8d07               nop
1c60:  8d07               nop
1c62:  8d07               nop
1c64:  8d07               nop
1c66:  8d07               nop
1c68:  8d07               nop
1c6a:  8d07               nop
1c6c:  8d07               nop
1c6e:  8d07               nop
1c70:  8d07               nop
1c72:  8d07               nop
1c74:  8d07               nop
1c76:  8d07               nop
1c78:  8d07               nop
1c7a:  8d07               nop
1c7c:  8d07               nop
1c7e:  8d07               nop
1c80:  8d07               nop
1c82:  8d07               nop
1c84:  8d07               nop
1c86:  8d07               nop
1c88:  8d07               nop
1c8a:  8d07               nop
1c8c:  8d07               nop
1c8e:  8d07               nop
1c90:  8d07               nop
1c92:  8d07               nop
1c94:  8d07               nop
1c96:  8d07               nop
1c98:  8d07               nop
1c9a:  8d07               nop
1c9c:  8d07               nop
1c9e:  8d07               nop
1ca0:  8d07               nop
1ca2:  8d07               nop
1ca4:  8d07               nop
1ca6:  8d07               nop
1ca8:  8d07               nop
1caa:  8d07               nop
1cac:  8d07               nop
1cae:  8d07               nop
1cb0:  8d07               nop
1cb2:  8d07               nop
1cb4:  8d07               nop
1cb6:  8d07               nop
1cb8:  8d07               nop
1cba:  8d07               nop
1cbc:  8d07               nop
1cbe:  8d07               nop
1cc0:  8d07               nop
1cc2:  8d07               nop
1cc4:  8d07               nop
1cc6:  8d07               nop
1cc8:  8d07               nop
1cca:  8d07               nop
1ccc:  8d07               nop
1cce:  8d07               nop
1cd0:  8d07               nop
1cd2:  8d07               nop
1cd4:  8d07               nop
1cd6:  8d07               nop
1cd8:  8d07               nop
1cda:  8d07               nop
1cdc:  8d07               nop
1cde:  8d07               nop
1ce0:  8d07               nop
1ce2:  8d07               nop
1ce4:  8d07               nop
1ce6:  8d07               nop
1ce8:  8d07               nop
1cea:  8d07               nop
1cec:  8d07               nop
1cee:  8d07               nop
1cf0:  8d07               nop
1cf2:  8d07               nop
1cf4:  8d07               nop
1cf6:  8d07               nop
1cf8:  8d07               nop
1cfa:  8d07               nop
1cfc:  8d07               nop
1cfe:  8d07               nop
1d00:  8d07               nop
1d02:  8d07               nop
1d04:  8d07               nop
1d06:  8d07               nop
1d08:  8d07               nop
1d0a:  8d07               nop
1d0c:  8d07               nop
1d0e:  8d07               nop
1d10:  8d07               nop
1d12:  8d07               nop
1d14:  8d07               nop
1d16:  8d07               nop
1d18:  8d07               nop
1d1a:  8d07               nop
1d1c:  8d07               nop
1d1e:  8d07               nop
1d20:  8d07               nop
1d22:  8d07               nop
1d24:  8d07               nop
1d26:  8d07               nop
1d28:  8d07               nop
1d2a:  8d07               nop
1d2c:  8d07               nop
1d2e:  8d07               nop
1d30:  8d07               nop
1d32:  8d07               nop
1d34:  8d07               nop
1d36:  8d07               nop
1d38:  8d07               nop
1d3a:  8d07               nop
1d3c:  8d07               nop
1d3e:  8d07               nop
1d40:  8d07               nop
1d42:  8d07               nop
1d44:  8d07               nop
1d46:  8d07               nop
1d48:  8d07               nop
1d4a:  8d07               nop
1d4c:  8d07               nop
1d4e:  8d07               nop
1d50:  8d07               nop
1d52:  8d07               nop
1d54:  8d07               nop
1d56:  8d07               nop
1d58:  8d07               nop
1d5a:  8d07               nop
1d5c:  8d07               nop
1d5e:  8d07               nop
1d60:  8d07               nop
1d62:  8d07               nop
1d64:  8d07               nop
1d66:  8d07               nop
1d68:  8d07               nop
1d6a:  8d07               nop
1d6c:  8d07               nop
1d6e:  8d07               nop
1d70:  8d07               nop
1d72:  8d07               nop
1d74:  8d07               nop
1d76:  8d07               nop
1d78:  8d07               nop
1d7a:  8d07               nop
1d7c:  8d07               nop
1d7e:  8d07               nop
1d80:  8d07               nop
1d82:  8d07               nop
1d84:  8d07               nop
1d86:  8d07               nop
1d88:  8d07               nop
1d8a:  8d07               nop
1d8c:  8d07               nop
1d8e:  8d07               nop
1d90:  8d07               nop
1d92:  8d07               nop
1d94:  8d07               nop
1d96:  8d07               nop
1d98:  8d07               nop
1d9a:  8d07               nop
1d9c:  8d07               nop
1d9e:  8d07               nop
1da0:  8d07               nop
1da2:  8d07               nop
1da4:  8d07               nop
1da6:  8d07               nop
1da8:  8d07               nop
1daa:  8d07               nop
1dac:  8d07               nop
1dae:  8d07               nop
1db0:  8d07               nop
1db2:  8d07               nop
1db4:  8d07               nop
1db6:  8d07               nop
1db8:  8d07               nop
1dba:  8d07               nop
1dbc:  8d07               nop
1dbe:  8d07               nop
1dc0:  8d07               nop
1dc2:  8d07               nop
1dc4:  8d07               nop
1dc6:  8d07               nop
1dc8:  8d07               nop
1dca:  8d07               nop
1dcc:  8d07               nop
1dce:  8d07               nop
1dd0:  8d07               nop
1dd2:  8d07               nop
1dd4:  8d07               nop
1dd6:  8d07               nop
1dd8:  8d07               nop
1dda:  8d07               nop
1ddc:  8d07               nop
1dde:  8d07               nop
1de0:  8d07               nop
1de2:  8d07               nop
1de4:  8d07               nop
1de6:  8d07               nop
1de8:  8d07               nop
1dea:  8d07               nop
1dec:  8d07               nop
1dee:  8d07               nop
1df0:  8d07               nop
1df2:  8d07               nop
1df4:  8d07               nop
1df6:  8d07               nop
1df8:  8d07               nop
1dfa:  8d07               nop
1dfc:  8d07               nop
1dfe:  8d07               nop
1e00:  8d07               nop
1e02:  8d07               nop
1e04:  8d07               nop
1e06:  8d07               nop
1e08:  8d07               nop
1e0a:  8d07               nop
1e0c:  8d07               nop
1e0e:  8d07               nop
1e10:  8d07               nop
1e12:  8d07               nop
1e14:  8d07               nop
1e16:  8d07               nop
1e18:  8d07               nop
1e1a:  8d07               nop
1e1c:  8d07               nop
1e1e:  8d07               nop
1e20:  8d07               nop
1e22:  8d07               nop
1e24:  8d07               nop
1e26:  8d07               nop
1e28:  8d07               nop
1e2a:  8d07               nop
1e2c:  8d07               nop
1e2e:  8d07               nop
1e30:  8d07               nop
1e32:  8d07               nop
1e34:  8d07               nop
1e36:  8d07               nop
1e38:  8d07               nop
1e3a:  8d07               nop
1e3c:  8d07               nop
1e3e:  8d07               nop
1e40:  8d07               nop
1e42:  8d07               nop
1e44:  8d07               nop
1e46:  8d07               nop
1e48:  8d07               nop
1e4a:  8d07               nop
1e4c:  8d07               nop
1e4e:  8d07               nop
1e50:  8d07               nop
1e52:  8d07               nop
1e54:  8d07               nop
1e56:  8d07               nop
1e58:  8d07               nop
1e5a:  8d07               nop
1e5c:  8d07               nop
1e5e:  8d07               nop
1e60:  8d07               nop
1e62:  8d07               nop
1e64:  8d07               nop
1e66:  8d07               nop
1e68:  8d07               nop
1e6a:  8d07               nop
1e6c:  8d07               nop
1e6e:  8d07               nop
1e70:  8d07               nop
1e72:  8d07               nop
1e74:  8d07               nop
1e76:  8d07               nop
1e78:  8d07               nop
1e7a:  8d07               nop
1e7c:  8d07               nop
1e7e:  8d07               nop
1e80:  8d07               nop
1e82:  8d07               nop
1e84:  8d07               nop
1e86:  8d07               nop
1e88:  8d07               nop
1e8a:  8d07               nop
1e8c:  8d07               nop
1e8e:  8d07               nop
1e90:  8d07               nop
1e92:  8d07               nop
1e94:  8d07               nop
1e96:  8d07               nop
1e98:  8d07               nop
1e9a:  8d07               nop
1e9c:  8d07               nop
1e9e:  8d07               nop
1ea0:  8d07               nop
1ea2:  8d07               nop
1ea4:  8d07               nop
1ea6:  8d07               nop
1ea8:  8d07               nop
1eaa:  8d07               nop
1eac:  8d07               nop
1eae:  8d07               nop
1eb0:  8d07               nop
1eb2:  8d07               nop
1eb4:  8d07               nop
1eb6:  8d07               nop
1eb8:  8d07               nop
1eba:  8d07               nop
1ebc:  8d07               nop
1ebe:  8d07               nop
1ec0:  8d07               nop
1ec2:  8d07               nop
1ec4:  8d07               nop
1ec6:  8d07               nop
1ec8:  8d07               nop
1eca:  8d07               nop
1ecc:  8d07               nop
1ece:  8d07               nop
1ed0:  8d07               nop
1ed2:  8d07               nop
1ed4:  8d07               nop
1ed6:  8d07               nop
1ed8:  8d07               nop
1eda:  8d07               nop
1edc:  8d07               nop
1ede:  8d07               nop
1ee0:  8d07               nop
1ee2:  8d07               nop
1ee4:  8d07               nop
1ee6:  8d07               nop
1ee8:  8d07               nop
1eea:  8d07               nop
1eec:  8d07               nop
1eee:  8d07               nop
1ef0:  8d07               nop
1ef2:  8d07               nop
1ef4:  8d07               nop
1ef6:  8d07               nop
1ef8:  8d07               nop
1efa:  8d07               nop
1efc:  8d07               nop
1efe:  8d07               nop
1f00:  8d07               nop
1f02:  8d07               nop
1f04:  8d07               nop
1f06:  8d07               nop
1f08:  8d07               nop
1f0a:  8d07               nop
1f0c:  8d07               nop
1f0e:  8d07               nop
1f10:  8d07               nop
1f12:  8d07               nop
1f14:  8d07               nop
1f16:  8d07               nop
1f18:  8d07               nop
1f1a:  8d07               nop
1f1c:  8d07               nop
1f1e:  8d07               nop
1f20:  8d07               nop
1f22:  8d07               nop
1f24:  8d07               nop
1f26:  8d07               nop
1f28:  8d07               nop
1f2a:  8d07               nop
1f2c:  8d07               nop
1f2e:  8d07               nop
1f30:  8d07               nop
1f32:  8d07               nop
1f34:  8d07               nop
1f36:  8d07               nop
1f38:  8d07               nop
1f3a:  8d07               nop
1f3c:  8d07               nop
1f3e:  8d07               nop
1f40:  8d07               nop
1f42:  8d07               nop
1f44:  8d07               nop
1f46:  8d07               nop
1f48:  8d07               nop
1f4a:  8d07               nop
1f4c:  8d07               nop
1f4e:  8d07               nop
1f50:  8d07               nop
1f52:  8d07               nop
1f54:  8d07               nop
1f56:  8d07               nop
1f58:  8d07               nop
1f5a:  8d07               nop
1f5c:  8d07               nop
1f5e:  8d07               nop
1f60:  8d07               nop
1f62:  8d07               nop
1f64:  8d07               nop
1f66:  8d07               nop
1f68:  8d07               nop
1f6a:  8d07               nop
1f6c:  8d07               nop
1f6e:  8d07               nop
1f70:  8d07               nop
1f72:  8d07               nop
1f74:  8d07               nop
1f76:  8d07               nop
1f78:  8d07               nop
1f7a:  8d07               nop
1f7c:  8d07               nop
1f7e:  8d07               nop
1f80:  8d07               nop
1f82:  8d07               nop
1f84:  8d07               nop
1f86:  8d07               nop
1f88:  8d07               nop
1f8a:  8d07               nop
1f8c:  8d07               nop
1f8e:  8d07               nop
1f90:  8d07               nop
1f92:  8d07               nop
1f94:  8d07               nop
1f96:  8d07               nop
1f98:  8d07               nop
1f9a:  8d07               nop
1f9c:  8d07               nop
1f9e:  8d07               nop
1fa0:  8d07               nop
1fa2:  8d07               nop
1fa4:  8d07               nop
1fa6:  8d07               nop
1fa8:  8d07               nop
1faa:  8d07               nop
1fac:  8d07               nop
1fae:  8d07               nop
1fb0:  8d07               nop
1fb2:  8d07               nop
1fb4:  8d07               nop
1fb6:  8d07               nop
1fb8:  8d07               nop
1fba:  8d07               nop
1fbc:  8d07               nop
1fbe:  8d07               nop
1fc0:  8d07               nop
1fc2:  8d07               nop
1fc4:  8d07               nop
1fc6:  8d07               nop
1fc8:  8d07               nop
1fca:  8d07               nop
1fcc:  8d07               nop
1fce:  8d07               nop
1fd0:  8d07               nop
1fd2:  8d07               nop
1fd4:  8d07               nop
1fd6:  8d07               nop
1fd8:  8d07               nop
1fda:  8d07               nop
1fdc:  8d07               nop
1fde:  8d07               nop
1fe0:  8d07               nop
1fe2:  8d07               nop
1fe4:  8d07               nop
1fe6:  8d07               nop
1fe8:  8d07               nop
1fea:  8d07               nop
1fec:  8d07               nop
1fee:  8d07               nop
1ff0:  8d07               nop
1ff2:  8d07               nop
1ff4:  8d07               nop
1ff6:  8d07               nop
1ff8:  8d07               nop
1ffa:  8d07               nop
1ffc:  8d07               nop
1ffe:  8d07               nop
2000:  8d07               nop
2002:  8d07               nop
2004:  8d07               nop
2006:  8d07               nop
2008:  8d07               nop
200a:  8d07               nop
200c:  8d07               nop
200e:  8d07               nop
2010:  8d07               nop
2012:  8d07               nop
2014:  8d07               nop
2016:  8d07               nop
2018:  8d07               nop
201a:  8d07               nop
201c:  8d07               nop
201e:  8d07               nop
2020:  8d07               nop
2022:  8d07               nop
2024:  8d07               nop
2026:  8d07               nop
2028:  8d07               nop
202a:  8d07               nop
202c:  8d07               nop
202e:  8d07               nop
2030:  8d07               nop
2032:  8d07               nop
2034:  8d07               nop
2036:  8d07               nop
2038:  8d07               nop
203a:  8d07               nop
203c:  8d07               nop
203e:  8d07               nop
2040:  8d07               nop
2042:  8d07               nop
2044:  8d07               nop
2046:  8d07               nop
2048:  8d07               nop
204a:  8d07               nop
204c:  8d07               nop
204e:  8d07               nop
2050:  8d07               nop
2052:  8d07               nop
2054:  8d07               nop
2056:  8d07               nop
2058:  8d07               nop
205a:  8d07               nop
205c:  8d07               nop
205e:  8d07               nop
2060:  8d07               nop
2062:  8d07               nop
2064:  8d07               nop
2066:  8d07               nop
2068:  8d07               nop
206a:  8d07               nop
206c:  8d07               nop
206e:  8d07               nop
2070:  8d07               nop
2072:  8d07               nop
2074:  8d07               nop
2076:  8d07               nop
2078:  8d07               nop
207a:  8d07               nop
207c:  8d07               nop
207e:  8d07               nop
2080:  8d07               nop
2082:  8d07               nop
2084:  8d07               nop
2086:  8d07               nop
2088:  8d07               nop
208a:  8d07               nop
208c:  8d07               nop
208e:  8d07               nop
2090:  8d07               nop
2092:  8d07               nop
2094:  8d07               nop
2096:  8d07               nop
2098:  8d07               nop
209a:  8d07               nop
209c:  8d07               nop
209e:  8d07               nop
20a0:  8d07               nop
20a2:  8d07               nop
20a4:  8d07               nop
20a6:  8d07               nop
20a8:  8d07               nop
20aa:  8d07               nop
20ac:  8d07               nop
20ae:  8d07               nop
20b0:  8d07               nop
20b2:  8d07               nop
20b4:  8d07               nop
20b6:  8d07               nop
20b8:  8d07               nop
20ba:  8d07               nop
20bc:  8d07               nop
20be:  8d07               nop
20c0:  8d07               nop
20c2:  8d07               nop
20c4:  8d07               nop
20c6:  8d07               nop
20c8:  8d07               nop
20ca:  8d07               nop
20cc:  8d07               nop
20ce:  8d07               nop
20d0:  8d07               nop
20d2:  8d07               nop
20d4:  8d07               nop
20d6:  8d07               nop
20d8:  8d07               nop
20da:  8d07               nop
20dc:  8d07               nop
20de:  8d07               nop
20e0:  8d07               nop
20e2:  8d07               nop
20e4:  8d07               nop
20e6:  8d07               nop
20e8:  8d07               nop
20ea:  8d07               nop
20ec:  8d07               nop
20ee:  8d07               nop
20f0:  8d07               nop
20f2:  8d07               nop
20f4:  8d07               nop
20f6:  8d07               nop
20f8:  8d07               nop
20fa:  8d07               nop
20fc:  8d07               nop
20fe:  8d07               nop
2100:  8d07               nop
2102:  8d07               nop
2104:  8d07               nop
2106:  8d07               nop
2108:  8d07               nop
210a:  8d07               nop
210c:  8d07               nop
210e:  8d07               nop
2110:  8d07               nop
2112:  8d07               nop
2114:  8d07               nop
2116:  8d07               nop
2118:  8d07               nop
211a:  8d07               nop
211c:  8d07               nop
211e:  8d07               nop
2120:  8d07               nop
2122:  8d07               nop
2124:  8d07               nop
2126:  8d07               nop
2128:  8d07               nop
212a:  8d07               nop
212c:  8d07               nop
212e:  8d07               nop
2130:  8d07               nop
2132:  8d07               nop
2134:  8d07               nop
2136:  8d07               nop
2138:  8d07               nop
213a:  8d07               nop
213c:  8d07               nop
213e:  8d07               nop
2140:  8d07               nop
2142:  8d07               nop
2144:  8d07               nop
2146:  8d07               nop
2148:  8d07               nop
214a:  8d07               nop
214c:  8d07               nop
214e:  8d07               nop
2150:  8d07               nop
2152:  8d07               nop
2154:  8d07               nop
2156:  8d07               nop
2158:  8d07               nop
215a:  8d07               nop
215c:  8d07               nop
215e:  8d07               nop
2160:  8d07               nop
2162:  8d07               nop
2164:  8d07               nop
2166:  8d07               nop
2168:  8d07               nop
216a:  8d07               nop
216c:  8d07               nop
216e:  8d07               nop
2170:  8d07               nop
2172:  8d07               nop
2174:  8d07               nop
2176:  8d07               nop
2178:  8d07               nop
217a:  8d07               nop
217c:  8d07               nop
217e:  8d07               nop
2180:  8d07               nop
2182:  8d07               nop
2184:  8d07               nop
2186:  8d07               nop
2188:  8d07               nop
218a:  8d07               nop
218c:  8d07               nop
218e:  8d07               nop
2190:  8d07               nop
2192:  8d07               nop
2194:  8d07               nop
2196:  8d07               nop
2198:  8d07               nop
219a:  8d07               nop
219c:  8d07               nop
219e:  8d07               nop
21a0:  8d07               nop
21a2:  8d07               nop
21a4:  8d07               nop
21a6:  8d07               nop
21a8:  8d07               nop
21aa:  8d07               nop
21ac:  8d07               nop
21ae:  8d07               nop
21b0:  8d07               nop
21b2:  8d07               nop
21b4:  8d07               nop
21b6:  8d07               nop
21b8:  8d07               nop
21ba:  8d07               nop
21bc:  8d07               nop
21be:  8d07               nop
21c0:  8d07               nop
21c2:  8d07               nop
21c4:  8d07               nop
21c6:  8d07               nop
21c8:  8d07               nop
21ca:  8d07               nop
21cc:  8d07               nop
21ce:  8d07               nop
21d0:  8d07               nop
21d2:  8d07               nop
21d4:  8d07               nop
21d6:  8d07               nop
21d8:  8d07               nop
21da:  8d07               nop
21dc:  8d07               nop
21de:  8d07               nop
21e0:  8d07               nop
21e2:  8d07               nop
21e4:  8d07               nop
21e6:  8d07               nop
21e8:  8d07               nop
21ea:  8d07               nop
21ec:  8d07               nop
21ee:  8d07               nop
21f0:  8d07               nop
21f2:  8d07               nop
21f4:  8d07               nop
21f6:  8d07               nop
21f8:  8d07               nop
21fa:  8d07               nop
21fc:  8d07               nop
21fe:  8d07               nop
2200:  8d07               nop
2202:  8d07               nop
2204:  8d07               nop
2206:  8d07               nop
2208:  8d07               nop
220a:  8d07               nop
220c:  8d07               nop
220e:  8d07               nop
2210:  8d07               nop
2212:  8d07               nop
2214:  8d07               nop
2216:  8d07               nop
2218:  8d07               nop
221a:  8d07               nop
221c:  8d07               nop
221e:  8d07               nop
2220:  8d07               nop
2222:  8d07               nop
2224:  8d07               nop
2226:  8d07               nop
2228:  8d07               nop
222a:  8d07               nop
222c:  8d07               nop
222e:  8d07               nop
2230:  8d07               nop
2232:  8d07               nop
2234:  8d07               nop
2236:  8d07               nop
2238:  8d07               nop
223a:  8d07               nop
223c:  8d07               nop
223e:  8d07               nop
2240:  8d07               nop
2242:  8d07               nop
2244:  8d07               nop
2246:  8d07               nop
2248:  8d07               nop
224a:  8d07               nop
224c:  8d07               nop
224e:  8d07               nop
2250:  8d07               nop
2252:  8d07               nop
2254:  8d07               nop
2256:  8d07               nop
2258:  8d07               nop
225a:  8d07               nop
225c:  8d07               nop
225e:  8d07               nop
2260:  8d07               nop
2262:  8d07               nop
2264:  8d07               nop
2266:  8d07               nop
2268:  8d07               nop
226a:  8d07               nop
226c:  8d07               nop
226e:  8d07               nop
2270:  8d07               nop
2272:  8d07               nop
2274:  8d07               nop
2276:  8d07               nop
2278:  8d07               nop
227a:  8d07               nop
227c:  8d07               nop
227e:  8d07               nop
2280:  8d07               nop
2282:  8d07               nop
2284:  8d07               nop
2286:  8d07               nop
2288:  8d07               nop
228a:  8d07               nop
228c:  8d07               nop
228e:  8d07               nop
2290:  8d07               nop
2292:  8d07               nop
2294:  8d07               nop
2296:  8d07               nop
2298:  8d07               nop
229a:  8d07               nop
229c:  8d07               nop
229e:  8d07               nop
22a0:  8d07               nop
22a2:  8d07               nop
22a4:  8d07               nop
22a6:  8d07               nop
22a8:  8d07               nop
22aa:  8d07               nop
22ac:  8d07               nop
22ae:  8d07               nop
22b0:  8d07               nop
22b2:  8d07               nop
22b4:  8d07               nop
22b6:  8d07               nop
22b8:  8d07               nop
22ba:  8d07               nop
22bc:  8d07               nop
22be:  8d07               nop
22c0:  8d07               nop
22c2:  8d07               nop
22c4:  8d07               nop
22c6:  8d07               nop
22c8:  8d07               nop
22ca:  8d07               nop
22cc:  8d07               nop
22ce:  8d07               nop
22d0:  8d07               nop
22d2:  8d07               nop
22d4:  8d07               nop
22d6:  8d07               nop
22d8:  8d07               nop
22da:  8d07               nop
22dc:  8d07               nop
22de:  8d07               nop
22e0:  8d07               nop
22e2:  8d07               nop
22e4:  8d07               nop
22e6:  8d07               nop
22e8:  8d07               nop
22ea:  8d07               nop
22ec:  8d07               nop
22ee:  8d07               nop
22f0:  8d07               nop
22f2:  8d07               nop
22f4:  8d07               nop
22f6:  8d07               nop
22f8:  8d07               nop
22fa:  8d07               nop
22fc:  8d07               nop
22fe:  8d07               nop
2300:  8d07               nop
2302:  8d07               nop
2304:  8d07               nop
2306:  8d07               nop
2308:  8d07               nop
230a:  8d07               nop
230c:  8d07               nop
230e:  8d07               nop
2310:  8d07               nop
2312:  8d07               nop
2314:  8d07               nop
2316:  8d07               nop
2318:  8d07               nop
231a:  8d07               nop
231c:  8d07               nop
231e:  8d07               nop
2320:  8d07               nop
2322:  8d07               nop
2324:  8d07               nop
2326:  8d07               nop
2328:  8d07               nop
232a:  8d07               nop
232c:  8d07               nop
232e:  8d07               nop
2330:  8d07               nop
2332:  8d07               nop
2334:  8d07               nop
2336:  8d07               nop
2338:  8d07               nop
233a:  8d07               nop
233c:  8d07               nop
233e:  8d07               nop
2340:  8d07               nop
2342:  8d07               nop
2344:  8d07               nop
2346:  8d07               nop
2348:  8d07               nop
234a:  8d07               nop
234c:  8d07               nop
234e:  8d07               nop
2350:  8d07               nop
2352:  8d07               nop
2354:  8d07               nop
2356:  8d07               nop
2358:  8d07               nop
235a:  8d07               nop
235c:  8d07               nop
235e:  8d07               nop
2360:  8d07               nop
2362:  8d07               nop
2364:  8d07               nop
2366:  8d07               nop
2368:  8d07               nop
236a:  8d07               nop
236c:  8d07               nop
236e:  8d07               nop
2370:  8d07               nop
2372:  8d07               nop
2374:  8d07               nop
2376:  8d07               nop
2378:  8d07               nop
237a:  8d07               nop
237c:  8d07               nop
237e:  8d07               nop
2380:  8d07               nop
2382:  8d07               nop
2384:  8d07               nop
2386:  8d07               nop
2388:  8d07               nop
238a:  8d07               nop
238c:  8d07               nop
238e:  8d07               nop
2390:  8d07               nop
2392:  8d07               nop
2394:  8d07               nop
2396:  8d07               nop
2398:  8d07               nop
239a:  8d07               nop
239c:  8d07               nop
239e:  8d07               nop
23a0:  8d07               nop
23a2:  8d07               nop
23a4:  8d07               nop
23a6:  8d07               nop
23a8:  8d07               nop
23aa:  8d07               nop
23ac:  8d07               nop
23ae:  8d07               nop
23b0:  8d07               nop
23b2:  8d07               nop
23b4:  8d07               nop
23b6:  8d07               nop
23b8:  8d07               nop
23ba:  8d07               nop
23bc:  8d07               nop
23be:  8d07               nop
23c0:  8d07               nop
23c2:  8d07               nop
23c4:  8d07               nop
23c6:  8d07               nop
23c8:  8d07               nop
23ca:  8d07               nop
23cc:  8d07               nop
23ce:  8d07               nop
23d0:  8d07               nop
23d2:  8d07               nop
23d4:  8d07               nop
23d6:  8d07               nop
23d8:  8d07               nop
23da:  8d07               nop
23dc:  8d07               nop
23de:  8d07               nop
23e0:  8d07               nop
23e2:  8d07               nop
23e4:  8d07               nop
23e6:  8d07               nop
23e8:  8d07               nop
23ea:  8d07               nop
23ec:  8d07               nop
23ee:  8d07               nop
23f0:  8d07               nop
23f2:  8d07               nop
23f4:  8d07               nop
23f6:  8d07               nop
23f8:  8d07               nop
23fa:  8d07               nop
23fc:  8d07               nop
23fe:  8d07               nop
2400:  8d07               nop
2402:  8d07               nop
2404:  8d07               nop
2406:  8d07               nop
2408:  8d07               nop
240a:  8d07               nop
240c:  8d07               nop
240e:  8d07               nop
2410:  8d07               nop
2412:  8d07               nop
2414:  8d07               nop
2416:  8d07               nop
2418:  8d07               nop
241a:  8d07               nop
241c:  8d07               nop
241e:  8d07               nop
2420:  8d07               nop
2422:  8d07               nop
2424:  8d07               nop
2426:  8d07               nop
2428:  8d07               nop
242a:  8d07               nop
242c:  8d07               nop
242e:  8d07               nop
2430:  8d07               nop
2432:  8d07               nop
2434:  8d07               nop
2436:  8d07               nop
2438:  8d07               nop
243a:  8d07               nop
243c:  8d07               nop
243e:  8d07               nop
2440:  8d07               nop
2442:  8d07               nop
2444:  8d07               nop
2446:  8d07               nop
2448:  8d07               nop
244a:  8d07               nop
244c:  8d07               nop
244e:  8d07               nop
2450:  8d07               nop
2452:  8d07               nop
2454:  8d07               nop
2456:  8d07               nop
2458:  8d07               nop
245a:  8d07               nop
245c:  8d07               nop
245e:  8d07               nop
2460:  8d07               nop
2462:  8d07               nop
2464:  8d07               nop
2466:  8d07               nop
2468:  8d07               nop
246a:  8d07               nop
246c:  8d07               nop
246e:  8d07               nop
2470:  8d07               nop
2472:  8d07               nop
2474:  8d07               nop
2476:  8d07               nop
2478:  8d07               nop
247a:  8d07               nop
247c:  8d07               nop
247e:  8d07               nop
2480:  8d07               nop
2482:  8d07               nop
2484:  8d07               nop
2486:  8d07               nop
2488:  8d07               nop
248a:  8d07               nop
248c:  8d07               nop
248e:  8d07               nop
2490:  8d07               nop
2492:  8d07               nop
2494:  8d07               nop
2496:  8d07               nop
2498:  8d07               nop
249a:  8d07               nop
249c:  8d07               nop
249e:  8d07               nop
24a0:  8d07               nop
24a2:  8d07               nop
24a4:  8d07               nop
24a6:  8d07               nop
24a8:  8d07               nop
24aa:  8d07               nop
24ac:  8d07               nop
24ae:  8d07               nop
24b0:  8d07               nop
24b2:  8d07               nop
24b4:  8d07               nop
24b6:  8d07               nop
24b8:  8d07               nop
24ba:  8d07               nop
24bc:  8d07               nop
24be:  8d07               nop
24c0:  8d07               nop
24c2:  8d07               nop
24c4:  8d07               nop
24c6:  8d07               nop
24c8:  8d07               nop
24ca:  8d07               nop
24cc:  8d07               nop
24ce:  8d07               nop
24d0:  8d07               nop
24d2:  8d07               nop
24d4:  8d07               nop
24d6:  8d07               nop
24d8:  8d07               nop
24da:  8d07               nop
24dc:  8d07               nop
24de:  8d07               nop
24e0:  8d07               nop
24e2:  8d07               nop
24e4:  8d07               nop
24e6:  8d07               nop
24e8:  8d07               nop
24ea:  8d07               nop
24ec:  8d07               nop
24ee:  8d07               nop
24f0:  8d07               nop
24f2:  8d07               nop
24f4:  8d07               nop
24f6:  8d07               nop
24f8:  8d07               nop
24fa:  8d07               nop
24fc:  8d07               nop
24fe:  8d07               nop
2500:  8d07               nop
2502:  8d07               nop
2504:  8d07               nop
2506:  8d07               nop
2508:  8d07               nop
250a:  8d07               nop
250c:  8d07               nop
250e:  8d07               nop
2510:  8d07               nop
2512:  8d07               nop
2514:  8d07               nop
2516:  8d07               nop
2518:  8d07               nop
251a:  8d07               nop
251c:  8d07               nop
251e:  8d07               nop
2520:  8d07               nop
2522:  8d07               nop
2524:  8d07               nop
2526:  8d07               nop
2528:  8d07               nop
252a:  8d07               nop
252c:  8d07               nop
252e:  8d07               nop
2530:  8d07               nop
2532:  8d07               nop
2534:  8d07               nop
2536:  8d07               nop
2538:  8d07               nop
253a:  8d07               nop
253c:  8d07               nop
253e:  8d07               nop
2540:  8d07               nop
2542:  8d07               nop
2544:  8d07               nop
2546:  8d07               nop
2548:  8d07               nop
254a:  8d07               nop
254c:  8d07               nop
254e:  8d07               nop
2550:  8d07               nop
2552:  8d07               nop
2554:  8d07               nop
2556:  8d07               nop
2558:  8d07               nop
255a:  8d07               nop
255c:  8d07               nop
255e:  8d07               nop
2560:  8d07               nop
2562:  8d07               nop
2564:  8d07               nop
2566:  8d07               nop
2568:  8d07               nop
256a:  8d07               nop
256c:  8d07               nop
256e:  8d07               nop
2570:  8d07               nop
2572:  8d07               nop
2574:  8d07               nop
2576:  8d07               nop
2578:  8d07               nop
257a:  8d07               nop
257c:  8d07               nop
257e:  8d07               nop
2580:  8d07               nop
2582:  8d07               nop
2584:  8d07               nop
2586:  8d07               nop
2588:  8d07               nop
258a:  8d07               nop
258c:  8d07               nop
258e:  8d07               nop
2590:  8d07               nop
2592:  8d07               nop
2594:  8d07               nop
2596:  8d07               nop
2598:  8d07               nop
259a:  8d07               nop
259c:  8d07               nop
259e:  8d07               nop
25a0:  8d07               nop
25a2:  8d07               nop
25a4:  8d07               nop
25a6:  8d07               nop
25a8:  8d07               nop
25aa:  8d07               nop
25ac:  8d07               nop
25ae:  8d07               nop
25b0:  8d07               nop
25b2:  8d07               nop
25b4:  8d07               nop
25b6:  8d07               nop
25b8:  8d07               nop
25ba:  8d07               nop
25bc:  8d07               nop
25be:  8d07               nop
25c0:  8d07               nop
25c2:  8d07               nop
25c4:  8d07               nop
25c6:  8d07               nop
25c8:  8d07               nop
25ca:  8d07               nop
25cc:  8d07               nop
25ce:  8d07               nop
25d0:  8d07               nop
25d2:  8d07               nop
25d4:  8d07               nop
25d6:  8d07               nop
25d8:  8d07               nop
25da:  8d07               nop
25dc:  8d07               nop
25de:  8d07               nop
25e0:  8d07               nop
25e2:  8d07               nop
25e4:  8d07               nop
25e6:  8d07               nop
25e8:  8d07               nop
25ea:  8d07               nop
25ec:  8d07               nop
25ee:  8d07               nop
25f0:  8d07               nop
25f2:  8d07               nop
25f4:  8d07               nop
25f6:  8d07               nop
25f8:  8d07               nop
25fa:  8d07               nop
25fc:  8d07               nop
25fe:  8d07               nop
2600:  8d07               nop
2602:  8d07               nop
2604:  8d07               nop
2606:  8d07               nop
2608:  8d07               nop
260a:  8d07               nop
260c:  8d07               nop
260e:  8d07               nop
2610:  8d07               nop
2612:  8d07               nop
2614:  8d07               nop
2616:  8d07               nop
2618:  8d07               nop
261a:  8d07               nop
261c:  8d07               nop
261e:  8d07               nop
2620:  8d07               nop
2622:  8d07               nop
2624:  8d07               nop
2626:  8d07               nop
2628:  8d07               nop
262a:  8d07               nop
262c:  8d07               nop
262e:  8d07               nop
2630:  8d07               nop
2632:  8d07               nop
2634:  8d07               nop
2636:  8d07               nop
2638:  8d07               nop
263a:  8d07               nop
263c:  8d07               nop
263e:  8d07               nop
2640:  8d07               nop
2642:  8d07               nop
2644:  8d07               nop
2646:  8d07               nop
2648:  8d07               nop
264a:  8d07               nop
264c:  8d07               nop
264e:  8d07               nop
2650:  8d07               nop
2652:  8d07               nop
2654:  8d07               nop
2656:  8d07               nop
2658:  8d07               nop
265a:  8d07               nop
265c:  8d07               nop
265e:  8d07               nop
2660:  8d07               nop
2662:  8d07               nop
2664:  8d07               nop
2666:  8d07               nop
2668:  8d07               nop
266a:  8d07               nop
266c:  8d07               nop
266e:  8d07               nop
2670:  8d07               nop
2672:  8d07               nop
2674:  8d07               nop
2676:  8d07               nop
2678:  8d07               nop
267a:  8d07               nop
267c:  8d07               nop
267e:  8d07               nop
2680:  8d07               nop
2682:  8d07               nop
2684:  8d07               nop
2686:  8d07               nop
2688:  8d07               nop
268a:  8d07               nop
268c:  8d07               nop
268e:  8d07               nop
2690:  8d07               nop
2692:  8d07               nop
2694:  8d07               nop
2696:  8d07               nop
2698:  8d07               nop
269a:  8d07               nop
269c:  8d07               nop
269e:  8d07               nop
26a0:  8d07               nop
26a2:  8d07               nop
26a4:  8d07               nop
26a6:  8d07               nop
26a8:  8d07               nop
26aa:  8d07               nop
26ac:  8d07               nop
26ae:  8d07               nop
26b0:  8d07               nop
26b2:  8d07               nop
26b4:  8d07               nop
26b6:  8d07               nop
26b8:  8d07               nop
26ba:  8d07               nop
26bc:  8d07               nop
26be:  8d07               nop
26c0:  8d07               nop
26c2:  8d07               nop
26c4:  8d07               nop
26c6:  8d07               nop
26c8:  8d07               nop
26ca:  8d07               nop
26cc:  8d07               nop
26ce:  8d07               nop
26d0:  8d07               nop
26d2:  8d07               nop
26d4:  8d07               nop
26d6:  8d07               nop
26d8:  8d07               nop
26da:  8d07               nop
26dc:  8d07               nop
26de:  8d07               nop
26e0:  8d07               nop
26e2:  8d07               nop
26e4:  8d07               nop
26e6:  8d07               nop
26e8:  8d07               nop
26ea:  8d07               nop
26ec:  8d07               nop
26ee:  8d07               nop
26f0:  8d07               nop
26f2:  8d07               nop
26f4:  8d07               nop
26f6:  8d07               nop
26f8:  8d07               nop
26fa:  8d07               nop
26fc:  8d07               nop
26fe:  8d07               nop
2700:  8d07               nop
2702:  8d07               nop
2704:  8d07               nop
2706:  8d07               nop
2708:  8d07               nop
270a:  8d07               nop
270c:  8d07               nop
270e:  8d07               nop
2710:  8d07               nop
2712:  8d07               nop
2714:  8d07               nop
2716:  8d07               nop
2718:  8d07               nop
271a:  8d07               nop
271c:  8d07               nop
271e:  8d07               nop
2720:  8d07               nop
2722:  8d07               nop
2724:  8d07               nop
2726:  8d07               nop
2728:  8d07               nop
272a:  8d07               nop
272c:  8d07               nop
272e:  8d07               nop
2730:  8d07               nop
2732:  8d07               nop
2734:  8d07               nop
2736:  8d07               nop
2738:  8d07               nop
273a:  8d07               nop
273c:  8d07               nop
273e:  8d07               nop
2740:  8d07               nop
2742:  8d07               nop
2744:  8d07               nop
2746:  8d07               nop
2748:  8d07               nop
274a:  8d07               nop
274c:  8d07               nop
274e:  8d07               nop
2750:  8d07               nop
2752:  8d07               nop
2754:  8d07               nop
2756:  8d07               nop
2758:  8d07               nop
275a:  8d07               nop
275c:  8d07               nop
275e:  8d07               nop
2760:  8d07               nop
2762:  8d07               nop
2764:  8d07               nop
2766:  8d07               nop
2768:  8d07               nop
276a:  8d07               nop
276c:  8d07               nop
276e:  8d07               nop
2770:  8d07               nop
2772:  8d07               nop
2774:  8d07               nop
2776:  8d07               nop
2778:  8d07               nop
277a:  8d07               nop
277c:  8d07               nop
277e:  8d07               nop
2780:  8d07               nop
2782:  8d07               nop
2784:  8d07               nop
2786:  8d07               nop
2788:  8d07               nop
278a:  8d07               nop
278c:  8d07               nop
278e:  8d07               nop
2790:  8d07               nop
2792:  8d07               nop
2794:  8d07               nop
2796:  8d07               nop
2798:  8d07               nop
279a:  8d07               nop
279c:  8d07               nop
279e:  8d07               nop
27a0:  8d07               nop
27a2:  8d07               nop
27a4:  8d07               nop
27a6:  8d07               nop
27a8:  8d07               nop
27aa:  8d07               nop
27ac:  8d07               nop
27ae:  8d07               nop
27b0:  8d07               nop
27b2:  8d07               nop
27b4:  8d07               nop
27b6:  8d07               nop
27b8:  8d07               nop
27ba:  8d07               nop
27bc:  8d07               nop
27be:  8d07               nop
27c0:  8d07               nop
27c2:  8d07               nop
27c4:  8d07               nop
27c6:  8d07               nop
27c8:  8d07               nop
27ca:  8d07               nop
27cc:  8d07               nop
27ce:  8d07               nop
27d0:  8d07               nop
27d2:  8d07               nop
27d4:  8d07               nop
27d6:  8d07               nop
27d8:  8d07               nop
27da:  8d07               nop
27dc:  8d07               nop
27de:  8d07               nop
27e0:  8d07               nop
27e2:  8d07               nop
27e4:  8d07               nop
27e6:  8d07               nop
27e8:  8d07               nop
27ea:  8d07               nop
27ec:  8d07               nop
27ee:  8d07               nop
27f0:  8d07               nop
27f2:  8d07               nop
27f4:  8d07               nop
27f6:  8d07               nop
27f8:  8d07               nop
27fa:  8d07               nop
27fc:  8d07               nop
27fe:  8d07               nop
2800:  8d07               nop
2802:  8d07               nop
2804:  8d07               nop
2806:  8d07               nop
2808:  8d07               nop
280a:  8d07               nop
280c:  8d07               nop
280e:  8d07               nop
2810:  8d07               nop
2812:  8d07               nop
2814:  8d07               nop
2816:  8d07               nop
2818:  8d07               nop
281a:  8d07               nop
281c:  8d07               nop
281e:  8d07               nop
2820:  8d07               nop
2822:  8d07               nop
2824:  8d07               nop
2826:  8d07               nop
2828:  8d07               nop
282a:  8d07               nop
282c:  8d07               nop
282e:  8d07               nop
2830:  8d07               nop
2832:  8d07               nop
2834:  8d07               nop
2836:  8d07               nop
2838:  8d07               nop
283a:  8d07               nop
283c:  8d07               nop
283e:  8d07               nop
2840:  8d07               nop
2842:  8d07               nop
2844:  8d07               nop
2846:  8d07               nop
2848:  8d07               nop
284a:  8d07               nop
284c:  8d07               nop
284e:  8d07               nop
2850:  8d07               nop
2852:  8d07               nop
2854:  8d07               nop
2856:  8d07               nop
2858:  8d07               nop
285a:  8d07               nop
285c:  8d07               nop
285e:  8d07               nop
2860:  8d07               nop
2862:  8d07               nop
2864:  8d07               nop
2866:  8d07               nop
2868:  8d07               nop
286a:  8d07               nop
286c:  8d07               nop
286e:  8d07               nop
2870:  8d07               nop
2872:  8d07               nop
2874:  8d07               nop
2876:  8d07               nop
2878:  8d07               nop
287a:  8d07               nop
287c:  8d07               nop
287e:  8d07               nop
2880:  8d07               nop
2882:  8d07               nop
2884:  8d07               nop
2886:  8d07               nop
2888:  8d07               nop
288a:  8d07               nop
288c:  8d07               nop
288e:  8d07               nop
2890:  8d07               nop
2892:  8d07               nop
2894:  8d07               nop
2896:  8d07               nop
2898:  8d07               nop
289a:  8d07               nop
289c:  8d07               nop
289e:  8d07               nop
28a0:  8d07               nop
28a2:  8d07               nop
28a4:  8d07               nop
28a6:  8d07               nop
28a8:  8d07               nop
28aa:  8d07               nop
28ac:  8d07               nop
28ae:  8d07               nop
28b0:  8d07               nop
28b2:  8d07               nop
28b4:  8d07               nop
28b6:  8d07               nop
28b8:  8d07               nop
28ba:  8d07               nop
28bc:  8d07               nop
28be:  8d07               nop
28c0:  8d07               nop
28c2:  8d07               nop
28c4:  8d07               nop
28c6:  8d07               nop
28c8:  8d07               nop
28ca:  8d07               nop
28cc:  8d07               nop
28ce:  8d07               nop
28d0:  8d07               nop
28d2:  8d07               nop
28d4:  8d07               nop
28d6:  8d07               nop
28d8:  8d07               nop
28da:  8d07               nop
28dc:  8d07               nop
28de:  8d07               nop
28e0:  8d07               nop
28e2:  8d07               nop
28e4:  8d07               nop
28e6:  8d07               nop
28e8:  8d07               nop
28ea:  8d07               nop
28ec:  8d07               nop
28ee:  8d07               nop
28f0:  8d07               nop
28f2:  8d07               nop
28f4:  8d07               nop
28f6:  8d07               nop
28f8:  8d07               nop
28fa:  8d07               nop
28fc:  8d07               nop
28fe:  8d07               nop
2900:  8d07               nop
2902:  8d07               nop
2904:  8d07               nop
2906:  8d07               nop
2908:  8d07               nop
290a:  8d07               nop
290c:  8d07               nop
290e:  8d07               nop
2910:  8d07               nop
2912:  8d07               nop
2914:  8d07               nop
2916:  8d07               nop
2918:  8d07               nop
291a:  8d07               nop
291c:  8d07               nop
291e:  8d07               nop
2920:  8d07               nop
2922:  8d07               nop
2924:  8d07               nop
2926:  8d07               nop
2928:  8d07               nop
292a:  8d07               nop
292c:  8d07               nop
292e:  8d07               nop
2930:  8d07               nop
2932:  8d07               nop
2934:  8d07               nop
2936:  8d07               nop
2938:  8d07               nop
293a:  8d07               nop
293c:  8d07               nop
293e:  8d07               nop
2940:  8d07               nop
2942:  8d07               nop
2944:  8d07               nop
2946:  8d07               nop
2948:  8d07               nop
294a:  8d07               nop
294c:  8d07               nop
294e:  8d07               nop
2950:  8d07               nop
2952:  8d07               nop
2954:  8d07               nop
2956:  8d07               nop
2958:  8d07               nop
295a:  8d07               nop
295c:  8d07               nop
295e:  8d07               nop
2960:  8d07               nop
2962:  8d07               nop
2964:  8d07               nop
2966:  8d07               nop
2968:  8d07               nop
296a:  8d07               nop
296c:  8d07               nop
296e:  8d07               nop
2970:  8d07               nop
2972:  8d07               nop
2974:  8d07               nop
2976:  8d07               nop
2978:  8d07               nop
297a:  8d07               nop
297c:  8d07               nop
297e:  8d07               nop
2980:  8d07               nop
2982:  8d07               nop
2984:  8d07               nop
2986:  8d07               nop
2988:  8d07               nop
298a:  8d07               nop
298c:  8d07               nop
298e:  8d07               nop
2990:  8d07               nop
2992:  8d07               nop
2994:  8d07               nop
2996:  8d07               nop
2998:  8d07               nop
299a:  8d07               nop
299c:  8d07               nop
299e:  8d07               nop
29a0:  8d07               nop
29a2:  8d07               nop
29a4:  8d07               nop
29a6:  8d07               nop
29a8:  8d07               nop
29aa:  8d07               nop
29ac:  8d07               nop
29ae:  8d07               nop
29b0:  8d07               nop
29b2:  8d07               nop
29b4:  8d07               nop
29b6:  8d07               nop
29b8:  8d07               nop
29ba:  8d07               nop
29bc:  8d07               nop
29be:  8d07               nop
29c0:  8d07               nop
29c2:  8d07               nop
29c4:  8d07               nop
29c6:  8d07               nop
29c8:  8d07               nop
29ca:  8d07               nop
29cc:  8d07               nop
29ce:  8d07               nop
29d0:  8d07               nop
29d2:  8d07               nop
29d4:  8d07               nop
29d6:  8d07               nop
29d8:  8d07               nop
29da:  8d07               nop
29dc:  8d07               nop
29de:  8d07               nop
29e0:  8d07               nop
29e2:  8d07               nop
29e4:  8d07               nop
29e6:  8d07               nop
29e8:  8d07               nop
29ea:  8d07               nop
29ec:  8d07               nop
29ee:  8d07               nop
29f0:  8d07               nop
29f2:  8d07               nop
29f4:  8d07               nop
29f6:  8d07               nop
29f8:  8d07               nop
29fa:  8d07               nop
29fc:  8d07               nop
29fe:  8d07               nop
2a00:  8d07               nop
2a02:  8d07               nop
2a04:  8d07               nop
2a06:  8d07               nop
2a08:  8d07               nop
2a0a:  8d07               nop
2a0c:  8d07               nop
2a0e:  8d07               nop
2a10:  8d07               nop
2a12:  8d07               nop
2a14:  8d07               nop
2a16:  8d07               nop
2a18:  8d07               nop
2a1a:  8d07               nop
2a1c:  8d07               nop
2a1e:  8d07               nop
2a20:  8d07               nop
2a22:  8d07               nop
2a24:  8d07               nop
2a26:  8d07               nop
2a28:  8d07               nop
2a2a:  8d07               nop
2a2c:  8d07               nop
2a2e:  8d07               nop
2a30:  8d07               nop
2a32:  8d07               nop
2a34:  8d07               nop
2a36:  8d07               nop
2a38:  8d07               nop
2a3a:  8d07               nop
2a3c:  8d07               nop
2a3e:  8d07               nop
2a40:  8d07               nop
2a42:  8d07               nop
2a44:  8d07               nop
2a46:  8d07               nop
2a48:  8d07               nop
2a4a:  8d07               nop
2a4c:  8d07               nop
2a4e:  8d07               nop
2a50:  8d07               nop
2a52:  8d07               nop
2a54:  8d07               nop
2a56:  8d07               nop
2a58:  8d07               nop
2a5a:  8d07               nop
2a5c:  8d07               nop
2a5e:  8d07               nop
2a60:  8d07               nop
2a62:  8d07               nop
2a64:  8d07               nop
2a66:  8d07               nop
2a68:  8d07               nop
2a6a:  8d07               nop
2a6c:  8d07               nop
2a6e:  8d07               nop
2a70:  8d07               nop
2a72:  8d07               nop
2a74:  8d07               nop
2a76:  8d07               nop
2a78:  8d07               nop
2a7a:  8d07               nop
2a7c:  8d07               nop
2a7e:  8d07               nop
2a80:  8d07               nop
2a82:  8d07               nop
2a84:  8d07               nop
2a86:  8d07               nop
2a88:  8d07               nop
2a8a:  8d07               nop
2a8c:  8d07               nop
2a8e:  8d07               nop
2a90:  8d07               nop
2a92:  8d07               nop
2a94:  8d07               nop
2a96:  8d07               nop
2a98:  8d07               nop
2a9a:  8d07               nop
2a9c:  8d07               nop
2a9e:  8d07               nop
2aa0:  8d07               nop
2aa2:  8d07               nop
2aa4:  8d07               nop
2aa6:  8d07               nop
2aa8:  8d07               nop
2aaa:  8d07               nop
2aac:  8d07               nop
2aae:  8d07               nop
2ab0:  8d07               nop
2ab2:  8d07               nop
2ab4:  8d07               nop
2ab6:  8d07               nop
2ab8:  8d07               nop
2aba:  8d07               nop
2abc:  8d07               nop
2abe:  8d07               nop
2ac0:  8d07               nop
2ac2:  8d07               nop
2ac4:  8d07               nop
2ac6:  8d07               nop
2ac8:  8d07               nop
2aca:  8d07               nop
2acc:  8d07               nop
2ace:  8d07               nop
2ad0:  8d07               nop
2ad2:  8d07               nop
2ad4:  8d07               nop
2ad6:  8d07               nop
2ad8:  8d07               nop
2ada:  8d07               nop
2adc:  8d07               nop
2ade:  8d07               nop
2ae0:  8d07               nop
2ae2:  8d07               nop
2ae4:  8d07               nop
2ae6:  8d07               nop
2ae8:  8d07               nop
2aea:  8d07               nop
2aec:  8d07               nop
2aee:  8d07               nop
2af0:  8d07               nop
2af2:  8d07               nop
2af4:  8d07               nop
2af6:  8d07               nop
2af8:  8d07               nop
2afa:  8d07               nop
2afc:  8d07               nop
2afe:  8d07               nop
2b00:  8d07               nop
2b02:  8d07               nop
2b04:  8d07               nop
2b06:  8d07               nop
2b08:  8d07               nop
2b0a:  8d07               nop
2b0c:  8d07               nop
2b0e:  8d07               nop
2b10:  8d07               nop
2b12:  8d07               nop
2b14:  8d07               nop
2b16:  8d07               nop
2b18:  8d07               nop
2b1a:  8d07               nop
2b1c:  8d07               nop
2b1e:  8d07               nop
2b20:  8d07               nop
2b22:  8d07               nop
2b24:  8d07               nop
2b26:  8d07               nop
2b28:  8d07               nop
2b2a:  8d07               nop
2b2c:  8d07               nop
2b2e:  8d07               nop
2b30:  8d07               nop
2b32:  8d07               nop
2b34:  8d07               nop
2b36:  8d07               nop
2b38:  8d07               nop
2b3a:  8d07               nop
2b3c:  8d07               nop
2b3e:  8d07               nop
2b40:  8d07               nop
2b42:  8d07               nop
2b44:  8d07               nop
2b46:  8d07               nop
2b48:  8d07               nop
2b4a:  8d07               nop
2b4c:  8d07               nop
2b4e:  8d07               nop
2b50:  8d07               nop
2b52:  8d07               nop
2b54:  8d07               nop
2b56:  8d07               nop
2b58:  8d07               nop
2b5a:  8d07               nop
2b5c:  8d07               nop
2b5e:  8d07               nop
2b60:  8d07               nop
2b62:  8d07               nop
2b64:  8d07               nop
2b66:  8d07               nop
2b68:  8d07               nop
2b6a:  8d07               nop
2b6c:  8d07               nop
2b6e:  8d07               nop
2b70:  8d07               nop
2b72:  8d07               nop
2b74:  8d07               nop
2b76:  8d07               nop
2b78:  8d07               nop
2b7a:  8d07               nop
2b7c:  8d07               nop
2b7e:  8d07               nop
2b80:  8d07               nop
2b82:  8d07               nop
2b84:  8d07               nop
2b86:  8d07               nop
2b88:  8d07               nop
2b8a:  8d07               nop
2b8c:  8d07               nop
2b8e:  8d07               nop
2b90:  8d07               nop
2b92:  8d07               nop
2b94:  8d07               nop
2b96:  8d07               nop
2b98:  8d07               nop
2b9a:  8d07               nop
2b9c:  8d07               nop
2b9e:  8d07               nop
2ba0:  8d07               nop
2ba2:  8d07               nop
2ba4:  8d07               nop
2ba6:  8d07               nop
2ba8:  8d07               nop
2baa:  8d07               nop
2bac:  8d07               nop
2bae:  8d07               nop
2bb0:  8d07               nop
2bb2:  8d07               nop
2bb4:  8d07               nop
2bb6:  8d07               nop
2bb8:  8d07               nop
2bba:  8d07               nop
2bbc:  8d07               nop
2bbe:  8d07               nop
2bc0:  8d07               nop
2bc2:  8d07               nop
2bc4:  8d07               nop
2bc6:  8d07               nop
2bc8:  8d07               nop
2bca:  8d07               nop
2bcc:  8d07               nop
2bce:  8d07               nop
2bd0:  8d07               nop
2bd2:  8d07               nop
2bd4:  8d07               nop
2bd6:  8d07               nop
2bd8:  8d07               nop
2bda:  8d07               nop
2bdc:  8d07               nop
2bde:  8d07               nop
2be0:  8d07               nop
2be2:  8d07               nop
2be4:  8d07               nop
2be6:  8d07               nop
2be8:  8d07               nop
2bea:  8d07               nop
2bec:  8d07               nop
2bee:  8d07               nop
2bf0:  8d07               nop
2bf2:  8d07               nop
2bf4:  8d07               nop
2bf6:  8d07               nop
2bf8:  8d07               nop
2bfa:  8d07               nop
2bfc:  8d07               nop
2bfe:  8d07               nop
2c00:  8d07               nop
2c02:  8d07               nop
2c04:  8d07               nop
2c06:  8d07               nop
2c08:  8d07               nop
2c0a:  8d07               nop
2c0c:  8d07               nop
2c0e:  8d07               nop
2c10:  8d07               nop
2c12:  8d07               nop
2c14:  8d07               nop
2c16:  8d07               nop
2c18:  8d07               nop
2c1a:  8d07               nop
2c1c:  8d07               nop
2c1e:  8d07               nop
2c20:  8d07               nop
2c22:  8d07               nop
2c24:  8d07               nop
2c26:  8d07               nop
2c28:  8d07               nop
2c2a:  8d07               nop
2c2c:  8d07               nop
2c2e:  8d07               nop
2c30:  8d07               nop
2c32:  8d07               nop
2c34:  8d07               nop
2c36:  8d07               nop
2c38:  8d07               nop
2c3a:  8d07               nop
2c3c:  8d07               nop
2c3e:  8d07               nop
2c40:  8d07               nop
2c42:  8d07               nop
2c44:  8d07               nop
2c46:  8d07               nop
2c48:  8d07               nop
2c4a:  8d07               nop
2c4c:  8d07               nop
2c4e:  8d07               nop
2c50:  8d07               nop
2c52:  8d07               nop
2c54:  8d07               nop
2c56:  8d07               nop
2c58:  8d07               nop
2c5a:  8d07               nop
2c5c:  8d07               nop
2c5e:  8d07               nop
2c60:  8d07               nop
2c62:  8d07               nop
2c64:  8d07               nop
2c66:  8d07               nop
2c68:  8d07               nop
2c6a:  8d07               nop
2c6c:  8d07               nop
2c6e:  8d07               nop
2c70:  8d07               nop
2c72:  8d07               nop
2c74:  8d07               nop
2c76:  8d07               nop
2c78:  8d07               nop
2c7a:  8d07               nop
2c7c:  8d07               nop
2c7e:  8d07               nop
2c80:  8d07               nop
2c82:  8d07               nop
2c84:  8d07               nop
2c86:  8d07               nop
2c88:  8d07               nop
2c8a:  8d07               nop
2c8c:  8d07               nop
2c8e:  8d07               nop
2c90:  8d07               nop
2c92:  8d07               nop
2c94:  8d07               nop
2c96:  8d07               nop
2c98:  8d07               nop
2c9a:  8d07               nop
2c9c:  8d07               nop
2c9e:  8d07               nop
2ca0:  8d07               nop
2ca2:  8d07               nop
2ca4:  8d07               nop
2ca6:  8d07               nop
2ca8:  8d07               nop
2caa:  8d07               nop
2cac:  8d07               nop
2cae:  8d07               nop
2cb0:  8d07               nop
2cb2:  8d07               nop
2cb4:  8d07               nop
2cb6:  8d07               nop
2cb8:  8d07               nop
2cba:  8d07               nop
2cbc:  8d07               nop
2cbe:  8d07               nop
2cc0:  8d07               nop
2cc2:  8d07               nop
2cc4:  8d07               nop
2cc6:  8d07               nop
2cc8:  8d07               nop
2cca:  8d07               nop
2ccc:  8d07               nop
2cce:  8d07               nop
2cd0:  8d07               nop
2cd2:  8d07               nop
2cd4:  8d07               nop
2cd6:  8d07               nop
2cd8:  8d07               nop
2cda:  8d07               nop
2cdc:  8d07               nop
2cde:  8d07               nop
2ce0:  8d07               nop
2ce2:  8d07               nop
2ce4:  8d07               nop
2ce6:  8d07               nop
2ce8:  8d07               nop
2cea:  8d07               nop
2cec:  8d07               nop
2cee:  8d07               nop
2cf0:  8d07               nop
2cf2:  8d07               nop
2cf4:  8d07               nop
2cf6:  8d07               nop
2cf8:  8d07               nop
2cfa:  8d07               nop
2cfc:  8d07               nop
2cfe:  8d07               nop
2d00:  8d07               nop
2d02:  8d07               nop
2d04:  8d07               nop
2d06:  8d07               nop
2d08:  8d07               nop
2d0a:  8d07               nop
2d0c:  8d07               nop
2d0e:  8d07               nop
2d10:  8d07               nop
2d12:  8d07               nop
2d14:  8d07               nop
2d16:  8d07               nop
2d18:  8d07               nop
2d1a:  8d07               nop
2d1c:  8d07               nop
2d1e:  8d07               nop
2d20:  8d07               nop
2d22:  8d07               nop
2d24:  8d07               nop
2d26:  8d07               nop
2d28:  8d07               nop
2d2a:  8d07               nop
2d2c:  8d07               nop
2d2e:  8d07               nop
2d30:  8d07               nop
2d32:  8d07               nop
2d34:  8d07               nop
2d36:  8d07               nop
2d38:  8d07               nop
2d3a:  8d07               nop
2d3c:  8d07               nop
2d3e:  8d07               nop
2d40:  8d07               nop
2d42:  8d07               nop
2d44:  8d07               nop
2d46:  8d07               nop
2d48:  8d07               nop
2d4a:  8d07               nop
2d4c:  8d07               nop
2d4e:  8d07               nop
2d50:  8d07               nop
2d52:  8d07               nop
2d54:  8d07               nop
2d56:  8d07               nop
2d58:  8d07               nop
2d5a:  8d07               nop
2d5c:  8d07               nop
2d5e:  8d07               nop
2d60:  8d07               nop
2d62:  8d07               nop
2d64:  8d07               nop
2d66:  8d07               nop
2d68:  8d07               nop
2d6a:  8d07               nop
2d6c:  8d07               nop
2d6e:  8d07               nop
2d70:  8d07               nop
2d72:  8d07               nop
2d74:  8d07               nop
2d76:  8d07               nop
2d78:  8d07               nop
2d7a:  8d07               nop
2d7c:  8d07               nop
2d7e:  8d07               nop
2d80:  8d07               nop
2d82:  8d07               nop
2d84:  8d07               nop
2d86:  8d07               nop
2d88:  8d07               nop
2d8a:  8d07               nop
2d8c:  8d07               nop
2d8e:  8d07               nop
2d90:  8d07               nop
2d92:  8d07               nop
2d94:  8d07               nop
2d96:  8d07               nop
2d98:  8d07               nop
2d9a:  8d07               nop
2d9c:  8d07               nop
2d9e:  8d07               nop
2da0:  8d07               nop
2da2:  8d07               nop
2da4:  8d07               nop
2da6:  8d07               nop
2da8:  8d07               nop
2daa:  8d07               nop
2dac:  8d07               nop
2dae:  8d07               nop
2db0:  8d07               nop
2db2:  8d07               nop
2db4:  8d07               nop
2db6:  8d07               nop
2db8:  8d07               nop
2dba:  8d07               nop
2dbc:  8d07               nop
2dbe:  8d07               nop
2dc0:  8d07               nop
2dc2:  8d07               nop
2dc4:  8d07               nop
2dc6:  8d07               nop
2dc8:  8d07               nop
2dca:  8d07               nop
2dcc:  8d07               nop
2dce:  8d07               nop
2dd0:  8d07               nop
2dd2:  8d07               nop
2dd4:  8d07               nop
2dd6:  8d07               nop
2dd8:  8d07               nop
2dda:  8d07               nop
2ddc:  8d07               nop
2dde:  8d07               nop
2de0:  8d07               nop
2de2:  8d07               nop
2de4:  8d07               nop
2de6:  8d07               nop
2de8:  8d07               nop
2dea:  8d07               nop
2dec:  8d07               nop
2dee:  8d07               nop
2df0:  8d07               nop
2df2:  8d07               nop
2df4:  8d07               nop
2df6:  8d07               nop
2df8:  8d07               nop
2dfa:  8d07               nop
2dfc:  8d07               nop
2dfe:  8d07               nop
2e00:  8d07               nop
2e02:  8d07               nop
2e04:  8d07               nop
2e06:  8d07               nop
2e08:  8d07               nop
2e0a:  8d07               nop
2e0c:  8d07               nop
2e0e:  8d07               nop
2e10:  8d07               nop
2e12:  8d07               nop
2e14:  8d07               nop
2e16:  8d07               nop
2e18:  8d07               nop
2e1a:  8d07               nop
2e1c:  8d07               nop
2e1e:  8d07               nop
2e20:  8d07               nop
2e22:  8d07               nop
2e24:  8d07               nop
2e26:  8d07               nop
2e28:  8d07               nop
2e2a:  8d07               nop
2e2c:  8d07               nop
2e2e:  8d07               nop
2e30:  8d07               nop
2e32:  8d07               nop
2e34:  8d07               nop
2e36:  8d07               nop
2e38:  8d07               nop
2e3a:  8d07               nop
2e3c:  8d07               nop
2e3e:  8d07               nop
2e40:  8d07               nop
2e42:  8d07               nop
2e44:  8d07               nop
2e46:  8d07               nop
2e48:  8d07               nop
2e4a:  8d07               nop
2e4c:  8d07               nop
2e4e:  8d07               nop
2e50:  8d07               nop
2e52:  8d07               nop
2e54:  8d07               nop
2e56:  8d07               nop
2e58:  8d07               nop
2e5a:  8d07               nop
2e5c:  8d07               nop
2e5e:  8d07               nop
2e60:  8d07               nop
2e62:  8d07               nop
2e64:  8d07               nop
2e66:  8d07               nop
2e68:  8d07               nop
2e6a:  8d07               nop
2e6c:  8d07               nop
2e6e:  8d07               nop
2e70:  8d07               nop
2e72:  8d07               nop
2e74:  8d07               nop
2e76:  8d07               nop
2e78:  8d07               nop
2e7a:  8d07               nop
2e7c:  8d07               nop
2e7e:  8d07               nop
2e80:  8d07               nop
2e82:  8d07               nop
2e84:  8d07               nop
2e86:  8d07               nop
2e88:  8d07               nop
2e8a:  8d07               nop
2e8c:  8d07               nop
2e8e:  8d07               nop
2e90:  8d07               nop
2e92:  8d07               nop
2e94:  8d07               nop
2e96:  8d07               nop
2e98:  8d07               nop
2e9a:  8d07               nop
2e9c:  8d07               nop
2e9e:  8d07               nop
2ea0:  8d07               nop
2ea2:  8d07               nop
2ea4:  8d07               nop
2ea6:  8d07               nop
2ea8:  8d07               nop
2eaa:  8d07               nop
2eac:  8d07               nop
2eae:  8d07               nop
2eb0:  8d07               nop
2eb2:  8d07               nop
2eb4:  8d07               nop
2eb6:  8d07               nop
2eb8:  8d07               nop
2eba:  8d07               nop
2ebc:  8d07               nop
2ebe:  8d07               nop
2ec0:  8d07               nop
2ec2:  8d07               nop
2ec4:  8d07               nop
2ec6:  8d07               nop
2ec8:  8d07               nop
2eca:  8d07               nop
2ecc:  8d07               nop
2ece:  8d07               nop
2ed0:  8d07               nop
2ed2:  8d07               nop
2ed4:  8d07               nop
2ed6:  8d07               nop
2ed8:  8d07               nop
2eda:  8d07               nop
2edc:  8d07               nop
2ede:  8d07               nop
2ee0:  8d07               nop
2ee2:  8d07               nop
2ee4:  8d07               nop
2ee6:  8d07               nop
2ee8:  8d07               nop
2eea:  8d07               nop
2eec:  8d07               nop
2eee:  8d07               nop
2ef0:  8d07               nop
2ef2:  8d07               nop
2ef4:  8d07               nop
2ef6:  8d07               nop
2ef8:  8d07               nop
2efa:  8d07               nop
2efc:  8d07               nop
2efe:  8d07               nop
2f00:  8d07               nop
2f02:  8d07               nop
2f04:  8d07               nop
2f06:  8d07               nop
2f08:  8d07               nop
2f0a:  8d07               nop
2f0c:  8d07               nop
2f0e:  8d07               nop
2f10:  8d07               nop
2f12:  8d07               nop
2f14:  8d07               nop
2f16:  8d07               nop
2f18:  8d07               nop
2f1a:  8d07               nop
2f1c:  8d07               nop
2f1e:  8d07               nop
2f20:  8d07               nop
2f22:  8d07               nop
2f24:  8d07               nop
2f26:  8d07               nop
2f28:  8d07               nop
2f2a:  8d07               nop
2f2c:  8d07               nop
2f2e:  8d07               nop
2f30:  8d07               nop
2f32:  8d07               nop
2f34:  8d07               nop
2f36:  8d07               nop
2f38:  8d07               nop
2f3a:  8d07               nop
2f3c:  8d07               nop
2f3e:  8d07               nop
2f40:  8d07               nop
2f42:  8d07               nop
2f44:  8d07               nop
2f46:  8d07               nop
2f48:  8d07               nop
2f4a:  8d07               nop
2f4c:  8d07               nop
2f4e:  8d07               nop
2f50:  8d07               nop
2f52:  8d07               nop
2f54:  8d07               nop
2f56:  8d07               nop
2f58:  8d07               nop
2f5a:  8d07               nop
2f5c:  8d07               nop
2f5e:  8d07               nop
2f60:  8d07               nop
2f62:  8d07               nop
2f64:  8d07               nop
2f66:  8d07               nop
2f68:  8d07               nop
2f6a:  8d07               nop
2f6c:  8d07               nop
2f6e:  8d07               nop
2f70:  8d07               nop
2f72:  8d07               nop
2f74:  8d07               nop
2f76:  8d07               nop
2f78:  8d07               nop
2f7a:  8d07               nop
2f7c:  8d07               nop
2f7e:  8d07               nop
2f80:  8d07               nop
2f82:  8d07               nop
2f84:  8d07               nop
2f86:  8d07               nop
2f88:  8d07               nop
2f8a:  8d07               nop
2f8c:  8d07               nop
2f8e:  8d07               nop
2f90:  8d07               nop
2f92:  8d07               nop
2f94:  8d07               nop
2f96:  8d07               nop
2f98:  8d07               nop
2f9a:  8d07               nop
2f9c:  8d07               nop
2f9e:  8d07               nop
2fa0:  8d07               nop
2fa2:  8d07               nop
2fa4:  8d07               nop
2fa6:  8d07               nop
2fa8:  8d07               nop
2faa:  8d07               nop
2fac:  8d07               nop
2fae:  8d07               nop
2fb0:  8d07               nop
2fb2:  8d07               nop
2fb4:  8d07               nop
2fb6:  8d07               nop
2fb8:  8d07               nop
2fba:  8d07               nop
2fbc:  8d07               nop
2fbe:  8d07               nop
2fc0:  8d07               nop
2fc2:  8d07               nop
2fc4:  8d07               nop
2fc6:  8d07               nop
2fc8:  8d07               nop
2fca:  8d07               nop
2fcc:  8d07               nop
2fce:  8d07               nop
2fd0:  8d07               nop
2fd2:  8d07               nop
2fd4:  8d07               nop
2fd6:  8d07               nop
2fd8:  8d07               nop
2fda:  8d07               nop
2fdc:  8d07               nop
2fde:  8d07               nop
2fe0:  8d07               nop
2fe2:  8d07               nop
2fe4:  8d07               nop
2fe6:  8d07               nop
2fe8:  8d07               nop
2fea:  8d07               nop
2fec:  8d07               nop
2fee:  8d07               nop
2ff0:  8d07               nop
2ff2:  8d07               nop
2ff4:  8d07               nop
2ff6:  8d07               nop
2ff8:  8d07               nop
2ffa:  8d07               nop
2ffc:  8d07               nop
2ffe:  8d07               nop
3000:  8d07               nop
3002:  8d07               nop
3004:  8d07               nop
3006:  8d07               nop
3008:  8d07               nop
300a:  8d07               nop
300c:  8d07               nop
300e:  8d07               nop
3010:  8d07               nop
3012:  8d07               nop
3014:  8d07               nop
3016:  8d07               nop
3018:  8d07               nop
301a:  8d07               nop
301c:  8d07               nop
301e:  8d07               nop
3020:  8d07               nop
3022:  8d07               nop
3024:  8d07               nop
3026:  8d07               nop
3028:  8d07               nop
302a:  8d07               nop
302c:  8d07               nop
302e:  8d07               nop
3030:  8d07               nop
3032:  8d07               nop
3034:  8d07               nop
3036:  8d07               nop
3038:  8d07               nop
303a:  8d07               nop
303c:  8d07               nop
303e:  8d07               nop
3040:  8d07               nop
3042:  8d07               nop
3044:  8d07               nop
3046:  8d07               nop
3048:  8d07               nop
304a:  8d07               nop
304c:  8d07               nop
304e:  8d07               nop
3050:  8d07               nop
3052:  8d07               nop
3054:  8d07               nop
3056:  8d07               nop
3058:  8d07               nop
305a:  8d07               nop
305c:  8d07               nop
305e:  8d07               nop
3060:  8d07               nop
3062:  8d07               nop
3064:  8d07               nop
3066:  8d07               nop
3068:  8d07               nop
306a:  8d07               nop
306c:  8d07               nop
306e:  8d07               nop
3070:  8d07               nop
3072:  8d07               nop
3074:  8d07               nop
3076:  8d07               nop
3078:  8d07               nop
307a:  8d07               nop
307c:  8d07               nop
307e:  8d07               nop
3080:  8d07               nop
3082:  8d07               nop
3084:  8d07               nop
3086:  8d07               nop
3088:  8d07               nop
308a:  8d07               nop
308c:  8d07               nop
308e:  8d07               nop
3090:  8d07               nop
3092:  8d07               nop
3094:  8d07               nop
3096:  8d07               nop
3098:  8d07               nop
309a:  8d07               nop
309c:  8d07               nop
309e:  8d07               nop
30a0:  8d07               nop
30a2:  8d07               nop
30a4:  8d07               nop
30a6:  8d07               nop
30a8:  8d07               nop
30aa:  8d07               nop
30ac:  8d07               nop
30ae:  8d07               nop
30b0:  8d07               nop
30b2:  8d07               nop
30b4:  8d07               nop
30b6:  8d07               nop
30b8:  8d07               nop
30ba:  8d07               nop
30bc:  8d07               nop
30be:  8d07               nop
30c0:  8d07               nop
30c2:  8d07               nop
30c4:  8d07               nop
30c6:  8d07               nop
30c8:  8d07               nop
30ca:  8d07               nop
30cc:  8d07               nop
30ce:  8d07               nop
30d0:  8d07               nop
30d2:  8d07               nop
30d4:  8d07               nop
30d6:  8d07               nop
30d8:  8d07               nop
30da:  8d07               nop
30dc:  8d07               nop
30de:  8d07               nop
30e0:  8d07               nop
30e2:  8d07               nop
30e4:  8d07               nop
30e6:  8d07               nop
30e8:  8d07               nop
30ea:  8d07               nop
30ec:  8d07               nop
30ee:  8d07               nop
30f0:  8d07               nop
30f2:  8d07               nop
30f4:  8d07               nop
30f6:  8d07               nop
30f8:  8d07               nop
30fa:  8d07               nop
30fc:  8d07               nop
30fe:  8d07               nop
3100:  8d07               nop
3102:  8d07               nop
3104:  8d07               nop
3106:  8d07               nop
3108:  8d07               nop
310a:  8d07               nop
310c:  8d07               nop
310e:  8d07               nop
3110:  8d07               nop
3112:  8d07               nop
3114:  8d07               nop
3116:  8d07               nop
3118:  8d07               nop
311a:  8d07               nop
311c:  8d07               nop
311e:  8d07               nop
3120:  8d07               nop
3122:  8d07               nop
3124:  8d07               nop
3126:  8d07               nop
3128:  8d07               nop
312a:  8d07               nop
312c:  8d07               nop
312e:  8d07               nop
3130:  8d07               nop
3132:  8d07               nop
3134:  8d07               nop
3136:  8d07               nop
3138:  8d07               nop
313a:  8d07               nop
313c:  8d07               nop
313e:  8d07               nop
3140:  8d07               nop
3142:  8d07               nop
3144:  8d07               nop
3146:  8d07               nop
3148:  8d07               nop
314a:  8d07               nop
314c:  8d07               nop
314e:  8d07               nop
3150:  8d07               nop
3152:  8d07               nop
3154:  8d07               nop
3156:  8d07               nop
3158:  8d07               nop
315a:  8d07               nop
315c:  8d07               nop
315e:  8d07               nop
3160:  8d07               nop
3162:  8d07               nop
3164:  8d07               nop
3166:  8d07               nop
3168:  8d07               nop
316a:  8d07               nop
316c:  8d07               nop
316e:  8d07               nop
3170:  8d07               nop
3172:  8d07               nop
3174:  8d07               nop
3176:  8d07               nop
3178:  8d07               nop
317a:  8d07               nop
317c:  8d07               nop
317e:  8d07               nop
3180:  8d07               nop
3182:  8d07               nop
3184:  8d07               nop
3186:  8d07               nop
3188:  8d07               nop
318a:  8d07               nop
318c:  8d07               nop
318e:  8d07               nop
3190:  8d07               nop
3192:  8d07               nop
3194:  8d07               nop
3196:  8d07               nop
3198:  8d07               nop
319a:  8d07               nop
319c:  8d07               nop
319e:  8d07               nop
31a0:  8d07               nop
31a2:  8d07               nop
31a4:  8d07               nop
31a6:  8d07               nop
31a8:  8d07               nop
31aa:  8d07               nop
31ac:  8d07               nop
31ae:  8d07               nop
31b0:  8d07               nop
31b2:  8d07               nop
31b4:  8d07               nop
31b6:  8d07               nop
31b8:  8d07               nop
31ba:  8d07               nop
31bc:  8d07               nop
31be:  8d07               nop
31c0:  8d07               nop
31c2:  8d07               nop
31c4:  8d07               nop
31c6:  8d07               nop
31c8:  8d07               nop
31ca:  8d07               nop
31cc:  8d07               nop
31ce:  8d07               nop
31d0:  8d07               nop
31d2:  8d07               nop
31d4:  8d07               nop
31d6:  8d07               nop
31d8:  8d07               nop
31da:  8d07               nop
31dc:  8d07               nop
31de:  8d07               nop
31e0:  8d07               nop
31e2:  8d07               nop
31e4:  8d07               nop
31e6:  8d07               nop
31e8:  8d07               nop
31ea:  8d07               nop
31ec:  8d07               nop
31ee:  8d07               nop
31f0:  8d07               nop
31f2:  8d07               nop
31f4:  8d07               nop
31f6:  8d07               nop
31f8:  8d07               nop
31fa:  8d07               nop
31fc:  8d07               nop
31fe:  8d07               nop
3200:  8d07               nop
3202:  8d07               nop
3204:  8d07               nop
3206:  8d07               nop
3208:  8d07               nop
320a:  8d07               nop
320c:  8d07               nop
320e:  8d07               nop
3210:  8d07               nop
3212:  8d07               nop
3214:  8d07               nop
3216:  8d07               nop
3218:  8d07               nop
321a:  8d07               nop
321c:  8d07               nop
321e:  8d07               nop
3220:  8d07               nop
3222:  8d07               nop
3224:  8d07               nop
3226:  8d07               nop
3228:  8d07               nop
322a:  8d07               nop
322c:  8d07               nop
322e:  8d07               nop
3230:  8d07               nop
3232:  8d07               nop
3234:  8d07               nop
3236:  8d07               nop
3238:  8d07               nop
323a:  8d07               nop
323c:  8d07               nop
323e:  8d07               nop
3240:  8d07               nop
3242:  8d07               nop
3244:  8d07               nop
3246:  8d07               nop
3248:  8d07               nop
324a:  8d07               nop
324c:  8d07               nop
324e:  8d07               nop
3250:  8d07               nop
3252:  8d07               nop
3254:  8d07               nop
3256:  8d07               nop
3258:  8d07               nop
325a:  8d07               nop
325c:  8d07               nop
325e:  8d07               nop
3260:  8d07               nop
3262:  8d07               nop
3264:  8d07               nop
3266:  8d07               nop
3268:  8d07               nop
326a:  8d07               nop
326c:  8d07               nop
326e:  8d07               nop
3270:  8d07               nop
3272:  8d07               nop
3274:  8d07               nop
3276:  8d07               nop
3278:  8d07               nop
327a:  8d07               nop
327c:  8d07               nop
327e:  8d07               nop
3280:  8d07               nop
3282:  8d07               nop
3284:  8d07               nop
3286:  8d07               nop
3288:  8d07               nop
328a:  8d07               nop
328c:  8d07               nop
328e:  8d07               nop
3290:  8d07               nop
3292:  8d07               nop
3294:  8d07               nop
3296:  8d07               nop
3298:  8d07               nop
329a:  8d07               nop
329c:  8d07               nop
329e:  8d07               nop
32a0:  8d07               nop
32a2:  8d07               nop
32a4:  8d07               nop
32a6:  8d07               nop
32a8:  8d07               nop
32aa:  8d07               nop
32ac:  8d07               nop
32ae:  8d07               nop
32b0:  8d07               nop
32b2:  8d07               nop
32b4:  8d07               nop
32b6:  8d07               nop
32b8:  8d07               nop
32ba:  8d07               nop
32bc:  8d07               nop
32be:  8d07               nop
32c0:  8d07               nop
32c2:  8d07               nop
32c4:  8d07               nop
32c6:  8d07               nop
32c8:  8d07               nop
32ca:  8d07               nop
32cc:  8d07               nop
32ce:  8d07               nop
32d0:  8d07               nop
32d2:  8d07               nop
32d4:  8d07               nop
32d6:  8d07               nop
32d8:  8d07               nop
32da:  8d07               nop
32dc:  8d07               nop
32de:  8d07               nop
32e0:  8d07               nop
32e2:  8d07               nop
32e4:  8d07               nop
32e6:  8d07               nop
32e8:  8d07               nop
32ea:  8d07               nop
32ec:  8d07               nop
32ee:  8d07               nop
32f0:  8d07               nop
32f2:  8d07               nop
32f4:  8d07               nop
32f6:  8d07               nop
32f8:  8d07               nop
32fa:  8d07               nop
32fc:  8d07               nop
32fe:  8d07               nop
3300:  8d07               nop
3302:  8d07               nop
3304:  8d07               nop
3306:  8d07               nop
3308:  8d07               nop
330a:  8d07               nop
330c:  8d07               nop
330e:  8d07               nop
3310:  8d07               nop
3312:  8d07               nop
3314:  8d07               nop
3316:  8d07               nop
3318:  8d07               nop
331a:  8d07               nop
331c:  8d07               nop
331e:  8d07               nop
3320:  8d07               nop
3322:  8d07               nop
3324:  8d07               nop
3326:  8d07               nop
3328:  8d07               nop
332a:  8d07               nop
332c:  8d07               nop
332e:  8d07               nop
3330:  8d07               nop
3332:  8d07               nop
3334:  8d07               nop
3336:  8d07               nop
3338:  8d07               nop
333a:  8d07               nop
333c:  8d07               nop
333e:  8d07               nop
3340:  8d07               nop
3342:  8d07               nop
3344:  8d07               nop
3346:  8d07               nop
3348:  8d07               nop
334a:  8d07               nop
334c:  8d07               nop
334e:  8d07               nop
3350:  8d07               nop
3352:  8d07               nop
3354:  8d07               nop
3356:  8d07               nop
3358:  8d07               nop
335a:  8d07               nop
335c:  8d07               nop
335e:  8d07               nop
3360:  8d07               nop
3362:  8d07               nop
3364:  8d07               nop
3366:  8d07               nop
3368:  8d07               nop
336a:  8d07               nop
336c:  8d07               nop
336e:  8d07               nop
3370:  8d07               nop
3372:  8d07               nop
3374:  8d07               nop
3376:  8d07               nop
3378:  8d07               nop
337a:  8d07               nop
337c:  8d07               nop
337e:  8d07               nop
3380:  8d07               nop
3382:  8d07               nop
3384:  8d07               nop
3386:  8d07               nop
3388:  8d07               nop
338a:  8d07               nop
338c:  8d07               nop
338e:  8d07               nop
3390:  8d07               nop
3392:  8d07               nop
3394:  8d07               nop
3396:  8d07               nop
3398:  8d07               nop
339a:  8d07               nop
339c:  8d07               nop
339e:  8d07               nop
33a0:  8d07               nop
33a2:  8d07               nop
33a4:  8d07               nop
33a6:  8d07               nop
33a8:  8d07               nop
33aa:  8d07               nop
33ac:  8d07               nop
33ae:  8d07               nop
33b0:  8d07               nop
33b2:  8d07               nop
33b4:  8d07               nop
33b6:  8d07               nop
33b8:  8d07               nop
33ba:  8d07               nop
33bc:  8d07               nop
33be:  8d07               nop
33c0:  8d07               nop
33c2:  8d07               nop
33c4:  8d07               nop
33c6:  8d07               nop
33c8:  8d07               nop
33ca:  8d07               nop
33cc:  8d07               nop
33ce:  8d07               nop
33d0:  8d07               nop
33d2:  8d07               nop
33d4:  8d07               nop
33d6:  8d07               nop
33d8:  8d07               nop
33da:  8d07               nop
33dc:  8d07               nop
33de:  8d07               nop
33e0:  8d07               nop
33e2:  8d07               nop
33e4:  8d07               nop
33e6:  8d07               nop
33e8:  8d07               nop
33ea:  8d07               nop
33ec:  8d07               nop
33ee:  8d07               nop
33f0:  8d07               nop
33f2:  8d07               nop
33f4:  8d07               nop
33f6:  8d07               nop
33f8:  8d07               nop
33fa:  8d07               nop
33fc:  8d07               nop
33fe:  8d07               nop
3400:  8d07               nop
3402:  8d07               nop
3404:  8d07               nop
3406:  8d07               nop
3408:  8d07               nop
340a:  8d07               nop
340c:  8d07               nop
340e:  8d07               nop
3410:  8d07               nop
3412:  8d07               nop
3414:  8d07               nop
3416:  8d07               nop
3418:  8d07               nop
341a:  8d07               nop
341c:  8d07               nop
341e:  8d07               nop
3420:  8d07               nop
3422:  8d07               nop
3424:  8d07               nop
3426:  8d07               nop
3428:  8d07               nop
342a:  8d07               nop
342c:  8d07               nop
342e:  8d07               nop
3430:  8d07               nop
3432:  8d07               nop
3434:  8d07               nop
3436:  8d07               nop
3438:  8d07               nop
343a:  8d07               nop
343c:  8d07               nop
343e:  8d07               nop
3440:  8d07               nop
3442:  8d07               nop
3444:  8d07               nop
3446:  8d07               nop
3448:  8d07               nop
344a:  8d07               nop
344c:  8d07               nop
344e:  8d07               nop
3450:  8d07               nop
3452:  8d07               nop
3454:  8d07               nop
3456:  8d07               nop
3458:  8d07               nop
345a:  8d07               nop
345c:  8d07               nop
345e:  8d07               nop
3460:  8d07               nop
3462:  8d07               nop
3464:  8d07               nop
3466:  8d07               nop
3468:  8d07               nop
346a:  8d07               nop
346c:  8d07               nop
346e:  8d07               nop
3470:  8d07               nop
3472:  8d07               nop
3474:  8d07               nop
3476:  8d07               nop
3478:  8d07               nop
347a:  8d07               nop
347c:  8d07               nop
347e:  8d07               nop
3480:  8d07               nop
3482:  8d07               nop
3484:  8d07               nop
3486:  8d07               nop
3488:  8d07               nop
348a:  8d07               nop
348c:  8d07               nop
348e:  8d07               nop
3490:  8d07               nop
3492:  8d07               nop
3494:  8d07               nop
3496:  8d07               nop
3498:  8d07               nop
349a:  8d07               nop
349c:  8d07               nop
349e:  8d07               nop
34a0:  8d07               nop
34a2:  8d07               nop
34a4:  8d07               nop
34a6:  8d07               nop
34a8:  8d07               nop
34aa:  8d07               nop
34ac:  8d07               nop
34ae:  8d07               nop
34b0:  8d07               nop
34b2:  8d07               nop
34b4:  8d07               nop
34b6:  8d07               nop
34b8:  8d07               nop
34ba:  8d07               nop
34bc:  8d07               nop
34be:  8d07               nop
34c0:  8d07               nop
34c2:  8d07               nop
34c4:  8d07               nop
34c6:  8d07               nop
34c8:  8d07               nop
34ca:  8d07               nop
34cc:  8d07               nop
34ce:  8d07               nop
34d0:  8d07               nop
34d2:  8d07               nop
34d4:  8d07               nop
34d6:  8d07               nop
34d8:  8d07               nop
34da:  8d07               nop
34dc:  8d07               nop
34de:  8d07               nop
34e0:  8d07               nop
34e2:  8d07               nop
34e4:  8d07               nop
34e6:  8d07               nop
34e8:  8d07               nop
34ea:  8d07               nop
34ec:  8d07               nop
34ee:  8d07               nop
34f0:  8d07               nop
34f2:  8d07               nop
34f4:  8d07               nop
34f6:  8d07               nop
34f8:  8d07               nop
34fa:  8d07               nop
34fc:  8d07               nop
34fe:  8d07               nop
3500:  8d07               nop
3502:  8d07               nop
3504:  8d07               nop
3506:  8d07               nop
3508:  8d07               nop
350a:  8d07               nop
350c:  8d07               nop
350e:  8d07               nop
3510:  8d07               nop
3512:  8d07               nop
3514:  8d07               nop
3516:  8d07               nop
3518:  8d07               nop
351a:  8d07               nop
351c:  8d07               nop
351e:  8d07               nop
3520:  8d07               nop
3522:  8d07               nop
3524:  8d07               nop
3526:  8d07               nop
3528:  8d07               nop
352a:  8d07               nop
352c:  8d07               nop
352e:  8d07               nop
3530:  8d07               nop
3532:  8d07               nop
3534:  8d07               nop
3536:  8d07               nop
3538:  8d07               nop
353a:  8d07               nop
353c:  8d07               nop
353e:  8d07               nop
3540:  8d07               nop
3542:  8d07               nop
3544:  8d07               nop
3546:  8d07               nop
3548:  8d07               nop
354a:  8d07               nop
354c:  8d07               nop
354e:  8d07               nop
3550:  8d07               nop
3552:  8d07               nop
3554:  8d07               nop
3556:  8d07               nop
3558:  8d07               nop
355a:  8d07               nop
355c:  8d07               nop
355e:  8d07               nop
3560:  8d07               nop
3562:  8d07               nop
3564:  8d07               nop
3566:  8d07               nop
3568:  8d07               nop
356a:  8d07               nop
356c:  8d07               nop
356e:  8d07               nop
3570:  8d07               nop
3572:  8d07               nop
3574:  8d07               nop
3576:  8d07               nop
3578:  8d07               nop
357a:  8d07               nop
357c:  8d07               nop
357e:  8d07               nop
3580:  8d07               nop
3582:  8d07               nop
3584:  8d07               nop
3586:  8d07               nop
3588:  8d07               nop
358a:  8d07               nop
358c:  8d07               nop
358e:  8d07               nop
3590:  8d07               nop
3592:  8d07               nop
3594:  8d07               nop
3596:  8d07               nop
3598:  8d07               nop
359a:  8d07               nop
359c:  8d07               nop
359e:  8d07               nop
35a0:  8d07               nop
35a2:  8d07               nop
35a4:  8d07               nop
35a6:  8d07               nop
35a8:  8d07               nop
35aa:  8d07               nop
35ac:  8d07               nop
35ae:  8d07               nop
35b0:  8d07               nop
35b2:  8d07               nop
35b4:  8d07               nop
35b6:  8d07               nop
35b8:  8d07               nop
35ba:  8d07               nop
35bc:  8d07               nop
35be:  8d07               nop
35c0:  8d07               nop
35c2:  8d07               nop
35c4:  8d07               nop
35c6:  8d07               nop
35c8:  8d07               nop
35ca:  8d07               nop
35cc:  8d07               nop
35ce:  8d07               nop
35d0:  8d07               nop
35d2:  8d07               nop
35d4:  8d07               nop
35d6:  8d07               nop
35d8:  8d07               nop
35da:  8d07               nop
35dc:  8d07               nop
35de:  8d07               nop
35e0:  8d07               nop
35e2:  8d07               nop
35e4:  8d07               nop
35e6:  8d07               nop
35e8:  8d07               nop
35ea:  8d07               nop
35ec:  8d07               nop
35ee:  8d07               nop
35f0:  8d07               nop
35f2:  8d07               nop
35f4:  8d07               nop
35f6:  8d07               nop
35f8:  8d07               nop
35fa:  8d07               nop
35fc:  8d07               nop
35fe:  8d07               nop
3600:  8d07               nop
3602:  8d07               nop
3604:  8d07               nop
3606:  8d07               nop
3608:  8d07               nop
360a:  8d07               nop
360c:  8d07               nop
360e:  8d07               nop
3610:  8d07               nop
3612:  8d07               nop
3614:  8d07               nop
3616:  8d07               nop
3618:  8d07               nop
361a:  8d07               nop
361c:  8d07               nop
361e:  8d07               nop
3620:  8d07               nop
3622:  8d07               nop
3624:  8d07               nop
3626:  8d07               nop
3628:  8d07               nop
362a:  8d07               nop
362c:  8d07               nop
362e:  8d07               nop
3630:  8d07               nop
3632:  8d07               nop
3634:  8d07               nop
3636:  8d07               nop
3638:  8d07               nop
363a:  8d07               nop
363c:  8d07               nop
363e:  8d07               nop
3640:  8d07               nop
3642:  8d07               nop
3644:  8d07               nop
3646:  8d07               nop
3648:  8d07               nop
364a:  8d07               nop
364c:  8d07               nop
364e:  8d07               nop
3650:  8d07               nop
3652:  8d07               nop
3654:  8d07               nop
3656:  8d07               nop
3658:  8d07               nop
365a:  8d07               nop
365c:  8d07               nop
365e:  8d07               nop
3660:  8d07               nop
3662:  8d07               nop
3664:  8d07               nop
3666:  8d07               nop
3668:  8d07               nop
366a:  8d07               nop
366c:  8d07               nop
366e:  8d07               nop
3670:  8d07               nop
3672:  8d07               nop
3674:  8d07               nop
3676:  8d07               nop
3678:  8d07               nop
367a:  8d07               nop
367c:  8d07               nop
367e:  8d07               nop
3680:  8d07               nop
3682:  8d07               nop
3684:  8d07               nop
3686:  8d07               nop
3688:  8d07               nop
368a:  8d07               nop
368c:  8d07               nop
368e:  8d07               nop
3690:  8d07               nop
3692:  8d07               nop
3694:  8d07               nop
3696:  8d07               nop
3698:  8d07               nop
369a:  8d07               nop
369c:  8d07               nop
369e:  8d07               nop
36a0:  8d07               nop
36a2:  8d07               nop
36a4:  8d07               nop
36a6:  8d07               nop
36a8:  8d07               nop
36aa:  8d07               nop
36ac:  8d07               nop
36ae:  8d07               nop
36b0:  8d07               nop
36b2:  8d07               nop
36b4:  8d07               nop
36b6:  8d07               nop
36b8:  8d07               nop
36ba:  8d07               nop
36bc:  8d07               nop
36be:  8d07               nop
36c0:  8d07               nop
36c2:  8d07               nop
36c4:  8d07               nop
36c6:  8d07               nop
36c8:  8d07               nop
36ca:  8d07               nop
36cc:  8d07               nop
36ce:  8d07               nop
36d0:  8d07               nop
36d2:  8d07               nop
36d4:  8d07               nop
36d6:  8d07               nop
36d8:  8d07               nop
36da:  8d07               nop
36dc:  8d07               nop
36de:  8d07               nop
36e0:  8d07               nop
36e2:  8d07               nop
36e4:  8d07               nop
36e6:  8d07               nop
36e8:  8d07               nop
36ea:  8d07               nop
36ec:  8d07               nop
36ee:  8d07               nop
36f0:  8d07               nop
36f2:  8d07               nop
36f4:  8d07               nop
36f6:  8d07               nop
36f8:  8d07               nop
36fa:  8d07               nop
36fc:  8d07               nop
36fe:  8d07               nop
3700:  8d07               nop
3702:  8d07               nop
3704:  8d07               nop
3706:  8d07               nop
3708:  8d07               nop
370a:  8d07               nop
370c:  8d07               nop
370e:  8d07               nop
3710:  8d07               nop
3712:  8d07               nop
3714:  8d07               nop
3716:  8d07               nop
3718:  8d07               nop
371a:  8d07               nop
371c:  8d07               nop
371e:  8d07               nop
3720:  8d07               nop
3722:  8d07               nop
3724:  8d07               nop
3726:  8d07               nop
3728:  8d07               nop
372a:  8d07               nop
372c:  8d07               nop
372e:  8d07               nop
3730:  8d07               nop
3732:  8d07               nop
3734:  8d07               nop
3736:  8d07               nop
3738:  8d07               nop
373a:  8d07               nop
373c:  8d07               nop
373e:  8d07               nop
3740:  8d07               nop
3742:  8d07               nop
3744:  8d07               nop
3746:  8d07               nop
3748:  8d07               nop
374a:  8d07               nop
374c:  8d07               nop
374e:  8d07               nop
3750:  8d07               nop
3752:  8d07               nop
3754:  8d07               nop
3756:  8d07               nop
3758:  8d07               nop
375a:  8d07               nop
375c:  8d07               nop
375e:  8d07               nop
3760:  8d07               nop
3762:  8d07               nop
3764:  8d07               nop
3766:  8d07               nop
3768:  8d07               nop
376a:  8d07               nop
376c:  8d07               nop
376e:  8d07               nop
3770:  8d07               nop
3772:  8d07               nop
3774:  8d07               nop
3776:  8d07               nop
3778:  8d07               nop
377a:  8d07               nop
377c:  8d07               nop
377e:  8d07               nop
3780:  8d07               nop
3782:  8d07               nop
3784:  8d07               nop
3786:  8d07               nop
3788:  8d07               nop
378a:  8d07               nop
378c:  8d07               nop
378e:  8d07               nop
3790:  8d07               nop
3792:  8d07               nop
3794:  8d07               nop
3796:  8d07               nop
3798:  8d07               nop
379a:  8d07               nop
379c:  8d07               nop
379e:  8d07               nop
37a0:  8d07               nop
37a2:  8d07               nop
37a4:  8d07               nop
37a6:  8d07               nop
37a8:  8d07               nop
37aa:  8d07               nop
37ac:  8d07               nop
37ae:  8d07               nop
37b0:  8d07               nop
37b2:  8d07               nop
37b4:  8d07               nop
37b6:  8d07               nop
37b8:  8d07               nop
37ba:  8d07               nop
37bc:  8d07               nop
37be:  8d07               nop
37c0:  8d07               nop
37c2:  8d07               nop
37c4:  8d07               nop
37c6:  8d07               nop
37c8:  8d07               nop
37ca:  8d07               nop
37cc:  8d07               nop
37ce:  8d07               nop
37d0:  8d07               nop
37d2:  8d07               nop
37d4:  8d07               nop
37d6:  8d07               nop
37d8:  8d07               nop
37da:  8d07               nop
37dc:  8d07               nop
37de:  8d07               nop
37e0:  8d07               nop
37e2:  8d07               nop
37e4:  8d07               nop
37e6:  8d07               nop
37e8:  8d07               nop
37ea:  8d07               nop
37ec:  8d07               nop
37ee:  8d07               nop
37f0:  8d07               nop
37f2:  8d07               nop
37f4:  8d07               nop
37f6:  8d07               nop
37f8:  8d07               nop
37fa:  8d07               nop
37fc:  8d07               nop
37fe:  8d07               nop
3800:  8d07               nop
3802:  8d07               nop
3804:  8d07               nop
3806:  8d07               nop
3808:  8d07               nop
380a:  8d07               nop
380c:  8d07               nop
380e:  8d07               nop
3810:  8d07               nop
3812:  8d07               nop
3814:  8d07               nop
3816:  8d07               nop
3818:  8d07               nop
381a:  8d07               nop
381c:  8d07               nop
381e:  8d07               nop
3820:  8d07               nop
3822:  8d07               nop
3824:  8d07               nop
3826:  8d07               nop
3828:  8d07               nop
382a:  8d07               nop
382c:  8d07               nop
382e:  8d07               nop
3830:  8d07               nop
3832:  8d07               nop
3834:  8d07               nop
3836:  8d07               nop
3838:  8d07               nop
383a:  8d07               nop
383c:  8d07               nop
383e:  8d07               nop
3840:  8d07               nop
3842:  8d07               nop
3844:  8d07               nop
3846:  8d07               nop
3848:  8d07               nop
384a:  8d07               nop
384c:  8d07               nop
384e:  8d07               nop
3850:  8d07               nop
3852:  8d07               nop
3854:  8d07               nop
3856:  8d07               nop
3858:  8d07               nop
385a:  8d07               nop
385c:  8d07               nop
385e:  8d07               nop
3860:  8d07               nop
3862:  8d07               nop
3864:  8d07               nop
3866:  8d07               nop
3868:  8d07               nop
386a:  8d07               nop
386c:  8d07               nop
386e:  8d07               nop
3870:  8d07               nop
3872:  8d07               nop
3874:  8d07               nop
3876:  8d07               nop
3878:  8d07               nop
387a:  8d07               nop
387c:  8d07               nop
387e:  8d07               nop
3880:  8d07               nop
3882:  8d07               nop
3884:  8d07               nop
3886:  8d07               nop
3888:  8d07               nop
388a:  8d07               nop
388c:  8d07               nop
388e:  8d07               nop
3890:  8d07               nop
3892:  8d07               nop
3894:  8d07               nop
3896:  8d07               nop
3898:  8d07               nop
389a:  8d07               nop
389c:  8d07               nop
389e:  8d07               nop
38a0:  8d07               nop
38a2:  8d07               nop
38a4:  8d07               nop
38a6:  8d07               nop
38a8:  8d07               nop
38aa:  8d07               nop
38ac:  8d07               nop
38ae:  8d07               nop
38b0:  8d07               nop
38b2:  8d07               nop
38b4:  8d07               nop
38b6:  8d07               nop
38b8:  8d07               nop
38ba:  8d07               nop
38bc:  8d07               nop
38be:  8d07               nop
38c0:  8d07               nop
38c2:  8d07               nop
38c4:  8d07               nop
38c6:  8d07               nop
38c8:  8d07               nop
38ca:  8d07               nop
38cc:  8d07               nop
38ce:  8d07               nop
38d0:  8d07               nop
38d2:  8d07               nop
38d4:  8d07               nop
38d6:  8d07               nop
38d8:  8d07               nop
38da:  8d07               nop
38dc:  8d07               nop
38de:  8d07               nop
38e0:  8d07               nop
38e2:  8d07               nop
38e4:  8d07               nop
38e6:  8d07               nop
38e8:  8d07               nop
38ea:  8d07               nop
38ec:  8d07               nop
38ee:  8d07               nop
38f0:  8d07               nop
38f2:  8d07               nop
38f4:  8d07               nop
38f6:  8d07               nop
38f8:  8d07               nop
38fa:  8d07               nop
38fc:  8d07               nop
38fe:  8d07               nop
3900:  8d07               nop
3902:  8d07               nop
3904:  8d07               nop
3906:  8d07               nop
3908:  8d07               nop
390a:  8d07               nop
390c:  8d07               nop
390e:  8d07               nop
3910:  8d07               nop
3912:  8d07               nop
3914:  8d07               nop
3916:  8d07               nop
3918:  8d07               nop
391a:  8d07               nop
391c:  8d07               nop
391e:  8d07               nop
3920:  8d07               nop
3922:  8d07               nop
3924:  8d07               nop
3926:  8d07               nop
3928:  8d07               nop
392a:  8d07               nop
392c:  8d07               nop
392e:  8d07               nop
3930:  8d07               nop
3932:  8d07               nop
3934:  8d07               nop
3936:  8d07               nop
3938:  8d07               nop
393a:  8d07               nop
393c:  8d07               nop
393e:  8d07               nop
3940:  8d07               nop
3942:  8d07               nop
3944:  8d07               nop
3946:  8d07               nop
3948:  8d07               nop
394a:  8d07               nop
394c:  8d07               nop
394e:  8d07               nop
3950:  8d07               nop
3952:  8d07               nop
3954:  8d07               nop
3956:  8d07               nop
3958:  8d07               nop
395a:  8d07               nop
395c:  8d07               nop
395e:  8d07               nop
3960:  8d07               nop
3962:  8d07               nop
3964:  8d07               nop
3966:  8d07               nop
3968:  8d07               nop
396a:  8d07               nop
396c:  8d07               nop
396e:  8d07               nop
3970:  8d07               nop
3972:  8d07               nop
3974:  8d07               nop
3976:  8d07               nop
3978:  8d07               nop
397a:  8d07               nop
397c:  8d07               nop
397e:  8d07               nop
3980:  8d07               nop
3982:  8d07               nop
3984:  8d07               nop
3986:  8d07               nop
3988:  8d07               nop
398a:  8d07               nop
398c:  8d07               nop
398e:  8d07               nop
3990:  8d07               nop
3992:  8d07               nop
3994:  8d07               nop
3996:  8d07               nop
3998:  8d07               nop
399a:  8d07               nop
399c:  8d07               nop
399e:  8d07               nop
39a0:  8d07               nop
39a2:  8d07               nop
39a4:  8d07               nop
39a6:  8d07               nop
39a8:  8d07               nop
39aa:  8d07               nop
39ac:  8d07               nop
39ae:  8d07               nop
39b0:  8d07               nop
39b2:  8d07               nop
39b4:  8d07               nop
39b6:  8d07               nop
39b8:  8d07               nop
39ba:  8d07               nop
39bc:  8d07               nop
39be:  8d07               nop
39c0:  8d07               nop
39c2:  8d07               nop
39c4:  8d07               nop
39c6:  8d07               nop
39c8:  8d07               nop
39ca:  8d07               nop
39cc:  8d07               nop
39ce:  8d07               nop
39d0:  8d07               nop
39d2:  8d07               nop
39d4:  8d07               nop
39d6:  8d07               nop
39d8:  8d07               nop
39da:  8d07               nop
39dc:  8d07               nop
39de:  8d07               nop
39e0:  8d07               nop
39e2:  8d07               nop
39e4:  8d07               nop
39e6:  8d07               nop
39e8:  8d07               nop
39ea:  8d07               nop
39ec:  8d07               nop
39ee:  8d07               nop
39f0:  8d07               nop
39f2:  8d07               nop
39f4:  8d07               nop
39f6:  8d07               nop
39f8:  8d07               nop
39fa:  8d07               nop
39fc:  8d07               nop
39fe:  8d07               nop
3a00:  8d07               nop
3a02:  8d07               nop
3a04:  8d07               nop
3a06:  8d07               nop
3a08:  8d07               nop
3a0a:  8d07               nop
3a0c:  8d07               nop
3a0e:  8d07               nop
3a10:  8d07               nop
3a12:  8d07               nop
3a14:  8d07               nop
3a16:  8d07               nop
3a18:  8d07               nop
3a1a:  8d07               nop
3a1c:  8d07               nop
3a1e:  8d07               nop
3a20:  8d07               nop
3a22:  8d07               nop
3a24:  8d07               nop
3a26:  8d07               nop
3a28:  8d07               nop
3a2a:  8d07               nop
3a2c:  8d07               nop
3a2e:  8d07               nop
3a30:  8d07               nop
3a32:  8d07               nop
3a34:  8d07               nop
3a36:  8d07               nop
3a38:  8d07               nop
3a3a:  8d07               nop
3a3c:  8d07               nop
3a3e:  8d07               nop
3a40:  8d07               nop
3a42:  8d07               nop
3a44:  8d07               nop
3a46:  8d07               nop
3a48:  8d07               nop
3a4a:  8d07               nop
3a4c:  8d07               nop
3a4e:  8d07               nop
3a50:  8d07               nop
3a52:  8d07               nop
3a54:  8d07               nop
3a56:  8d07               nop
3a58:  8d07               nop
3a5a:  8d07               nop
3a5c:  8d07               nop
3a5e:  8d07               nop
3a60:  8d07               nop
3a62:  8d07               nop
3a64:  8d07               nop
3a66:  8d07               nop
3a68:  8d07               nop
3a6a:  8d07               nop
3a6c:  8d07               nop
3a6e:  8d07               nop
3a70:  8d07               nop
3a72:  8d07               nop
3a74:  8d07               nop
3a76:  8d07               nop
3a78:  8d07               nop
3a7a:  8d07               nop
3a7c:  8d07               nop
3a7e:  8d07               nop
3a80:  8d07               nop
3a82:  8d07               nop
3a84:  8d07               nop
3a86:  8d07               nop
3a88:  8d07               nop
3a8a:  8d07               nop
3a8c:  8d07               nop
3a8e:  8d07               nop
3a90:  8d07               nop
3a92:  8d07               nop
3a94:  8d07               nop
3a96:  8d07               nop
3a98:  8d07               nop
3a9a:  8d07               nop
3a9c:  8d07               nop
3a9e:  8d07               nop
3aa0:  8d07               nop
3aa2:  8d07               nop
3aa4:  8d07               nop
3aa6:  8d07               nop
3aa8:  8d07               nop
3aaa:  8d07               nop
3aac:  8d07               nop
3aae:  8d07               nop
3ab0:  8d07               nop
3ab2:  8d07               nop
3ab4:  8d07               nop
3ab6:  8d07               nop
3ab8:  8d07               nop
3aba:  8d07               nop
3abc:  8d07               nop
3abe:  8d07               nop
3ac0:  8d07               nop
3ac2:  8d07               nop
3ac4:  8d07               nop
3ac6:  8d07               nop
3ac8:  8d07               nop
3aca:  8d07               nop
3acc:  8d07               nop
3ace:  8d07               nop
3ad0:  8d07               nop
3ad2:  8d07               nop
3ad4:  8d07               nop
3ad6:  8d07               nop
3ad8:  8d07               nop
3ada:  8d07               nop
3adc:  8d07               nop
3ade:  8d07               nop
3ae0:  8d07               nop
3ae2:  8d07               nop
3ae4:  8d07               nop
3ae6:  8d07               nop
3ae8:  8d07               nop
3aea:  8d07               nop
3aec:  8d07               nop
3aee:  8d07               nop
3af0:  8d07               nop
3af2:  8d07               nop
3af4:  8d07               nop
3af6:  8d07               nop
3af8:  8d07               nop
3afa:  8d07               nop
3afc:  8d07               nop
3afe:  8d07               nop
3b00:  8d07               nop
3b02:  8d07               nop
3b04:  8d07               nop
3b06:  8d07               nop
3b08:  8d07               nop
3b0a:  8d07               nop
3b0c:  8d07               nop
3b0e:  8d07               nop
3b10:  8d07               nop
3b12:  8d07               nop
3b14:  8d07               nop
3b16:  8d07               nop
3b18:  8d07               nop
3b1a:  8d07               nop
3b1c:  8d07               nop
3b1e:  8d07               nop
3b20:  8d07               nop
3b22:  8d07               nop
3b24:  8d07               nop
3b26:  8d07               nop
3b28:  8d07               nop
3b2a:  8d07               nop
3b2c:  8d07               nop
3b2e:  8d07               nop
3b30:  8d07               nop
3b32:  8d07               nop
3b34:  8d07               nop
3b36:  8d07               nop
3b38:  8d07               nop
3b3a:  8d07               nop
3b3c:  8d07               nop
3b3e:  8d07               nop
3b40:  8d07               nop
3b42:  8d07               nop
3b44:  8d07               nop
3b46:  8d07               nop
3b48:  8d07               nop
3b4a:  8d07               nop
3b4c:  8d07               nop
3b4e:  8d07               nop
3b50:  8d07               nop
3b52:  8d07               nop
3b54:  8d07               nop
3b56:  8d07               nop
3b58:  8d07               nop
3b5a:  8d07               nop
3b5c:  8d07               nop
3b5e:  8d07               nop
3b60:  8d07               nop
3b62:  8d07               nop
3b64:  8d07               nop
3b66:  8d07               nop
3b68:  8d07               nop
3b6a:  8d07               nop
3b6c:  8d07               nop
3b6e:  8d07               nop
3b70:  8d07               nop
3b72:  8d07               nop
3b74:  8d07               nop
3b76:  8d07               nop
3b78:  8d07               nop
3b7a:  8d07               nop
3b7c:  8d07               nop
3b7e:  8d07               nop
3b80:  8d07               nop
3b82:  8d07               nop
3b84:  8d07               nop
3b86:  8d07               nop
3b88:  8d07               nop
3b8a:  8d07               nop
3b8c:  8d07               nop
3b8e:  8d07               nop
3b90:  8d07               nop
3b92:  8d07               nop
3b94:  8d07               nop
3b96:  8d07               nop
3b98:  8d07               nop
3b9a:  8d07               nop
3b9c:  8d07               nop
3b9e:  8d07               nop
3ba0:  8d07               nop
3ba2:  8d07               nop
3ba4:  8d07               nop
3ba6:  8d07               nop
3ba8:  8d07               nop
3baa:  8d07               nop
3bac:  8d07               nop
3bae:  8d07               nop
3bb0:  8d07               nop
3bb2:  8d07               nop
3bb4:  8d07               nop
3bb6:  8d07               nop
3bb8:  8d07               nop
3bba:  8d07               nop
3bbc:  8d07               nop
3bbe:  8d07               nop
3bc0:  8d07               nop
3bc2:  8d07               nop
3bc4:  8d07               nop
3bc6:  8d07               nop
3bc8:  8d07               nop
3bca:  8d07               nop
3bcc:  8d07               nop
3bce:  8d07               nop
3bd0:  8d07               nop
3bd2:  8d07               nop
3bd4:  8d07               nop
3bd6:  8d07               nop
3bd8:  8d07               nop
3bda:  8d07               nop
3bdc:  8d07               nop
3bde:  8d07               nop
3be0:  8d07               nop
3be2:  8d07               nop
3be4:  8d07               nop
3be6:  8d07               nop
3be8:  8d07               nop
3bea:  8d07               nop
3bec:  8d07               nop
3bee:  8d07               nop
3bf0:  8d07               nop
3bf2:  8d07               nop
3bf4:  8d07               nop
3bf6:  8d07               nop
3bf8:  8d07               nop
3bfa:  8d07               nop
3bfc:  8d07               nop
3bfe:  8d07               nop
3c00:  8d07               nop
3c02:  8d07               nop
3c04:  8d07               nop
3c06:  8d07               nop
3c08:  8d07               nop
3c0a:  8d07               nop
3c0c:  8d07               nop
3c0e:  8d07               nop
3c10:  8d07               nop
3c12:  8d07               nop
3c14:  8d07               nop
3c16:  8d07               nop
3c18:  8d07               nop
3c1a:  8d07               nop
3c1c:  8d07               nop
3c1e:  8d07               nop
3c20:  8d07               nop
3c22:  8d07               nop
3c24:  8d07               nop
3c26:  8d07               nop
3c28:  8d07               nop
3c2a:  8d07               nop
3c2c:  8d07               nop
3c2e:  8d07               nop
3c30:  8d07               nop
3c32:  8d07               nop
3c34:  8d07               nop
3c36:  8d07               nop
3c38:  8d07               nop
3c3a:  8d07               nop
3c3c:  8d07               nop
3c3e:  8d07               nop
3c40:  8d07               nop
3c42:  8d07               nop
3c44:  8d07               nop
3c46:  8d07               nop
3c48:  8d07               nop
3c4a:  8d07               nop
3c4c:  8d07               nop
3c4e:  8d07               nop
3c50:  8d07               nop
3c52:  8d07               nop
3c54:  8d07               nop
3c56:  8d07               nop
3c58:  8d07               nop
3c5a:  8d07               nop
3c5c:  8d07               nop
3c5e:  8d07               nop
3c60:  8d07               nop
3c62:  8d07               nop
3c64:  8d07               nop
3c66:  8d07               nop
3c68:  8d07               nop
3c6a:  8d07               nop
3c6c:  8d07               nop
3c6e:  8d07               nop
3c70:  8d07               nop
3c72:  8d07               nop
3c74:  8d07               nop
3c76:  8d07               nop
3c78:  8d07               nop
3c7a:  8d07               nop
3c7c:  8d07               nop
3c7e:  8d07               nop
3c80:  8d07               nop
3c82:  8d07               nop
3c84:  8d07               nop
3c86:  8d07               nop
3c88:  8d07               nop
3c8a:  8d07               nop
3c8c:  8d07               nop
3c8e:  8d07               nop
3c90:  8d07               nop
3c92:  8d07               nop
3c94:  8d07               nop
3c96:  8d07               nop
3c98:  8d07               nop
3c9a:  8d07               nop
3c9c:  8d07               nop
3c9e:  8d07               nop
3ca0:  8d07               nop
3ca2:  8d07               nop
3ca4:  8d07               nop
3ca6:  8d07               nop
3ca8:  8d07               nop
3caa:  8d07               nop
3cac:  8d07               nop
3cae:  8d07               nop
3cb0:  8d07               nop
3cb2:  8d07               nop
3cb4:  8d07               nop
3cb6:  8d07               nop
3cb8:  8d07               nop
3cba:  8d07               nop
3cbc:  8d07               nop
3cbe:  8d07               nop
3cc0:  8d07               nop
3cc2:  8d07               nop
3cc4:  8d07               nop
3cc6:  8d07               nop
3cc8:  8d07               nop
3cca:  8d07               nop
3ccc:  8d07               nop
3cce:  8d07               nop
3cd0:  8d07               nop
3cd2:  8d07               nop
3cd4:  8d07               nop
3cd6:  8d07               nop
3cd8:  8d07               nop
3cda:  8d07               nop
3cdc:  8d07               nop
3cde:  8d07               nop
3ce0:  8d07               nop
3ce2:  8d07               nop
3ce4:  8d07               nop
3ce6:  8d07               nop
3ce8:  8d07               nop
3cea:  8d07               nop
3cec:  8d07               nop
3cee:  8d07               nop
3cf0:  8d07               nop
3cf2:  8d07               nop
3cf4:  8d07               nop
3cf6:  8d07               nop
3cf8:  8d07               nop
3cfa:  8d07               nop
3cfc:  8d07               nop
3cfe:  8d07               nop
3d00:  8d07               nop
3d02:  8d07               nop
3d04:  8d07               nop
3d06:  8d07               nop
3d08:  8d07               nop
3d0a:  8d07               nop
3d0c:  8d07               nop
3d0e:  8d07               nop
3d10:  8d07               nop
3d12:  8d07               nop
3d14:  8d07               nop
3d16:  8d07               nop
3d18:  8d07               nop
3d1a:  8d07               nop
3d1c:  8d07               nop
3d1e:  8d07               nop
3d20:  8d07               nop
3d22:  8d07               nop
3d24:  8d07               nop
3d26:  8d07               nop
3d28:  8d07               nop
3d2a:  8d07               nop
3d2c:  8d07               nop
3d2e:  8d07               nop
3d30:  8d07               nop
3d32:  8d07               nop
3d34:  8d07               nop
3d36:  8d07               nop
3d38:  8d07               nop
3d3a:  8d07               nop
3d3c:  8d07               nop
3d3e:  8d07               nop
3d40:  8d07               nop
3d42:  8d07               nop
3d44:  8d07               nop
3d46:  8d07               nop
3d48:  8d07               nop
3d4a:  8d07               nop
3d4c:  8d07               nop
3d4e:  8d07               nop
3d50:  8d07               nop
3d52:  8d07               nop
3d54:  8d07               nop
3d56:  8d07               nop
3d58:  8d07               nop
3d5a:  8d07               nop
3d5c:  8d07               nop
3d5e:  8d07               nop
3d60:  8d07               nop
3d62:  8d07               nop
3d64:  8d07               nop
3d66:  8d07               nop
3d68:  8d07               nop
3d6a:  8d07               nop
3d6c:  8d07               nop
3d6e:  8d07               nop
3d70:  8d07               nop
3d72:  8d07               nop
3d74:  8d07               nop
3d76:  8d07               nop
3d78:  8d07               nop
3d7a:  8d07               nop
3d7c:  8d07               nop
3d7e:  8d07               nop
3d80:  8d07               nop
3d82:  8d07               nop
3d84:  8d07               nop
3d86:  8d07               nop
3d88:  8d07               nop
3d8a:  8d07               nop
3d8c:  8d07               nop
3d8e:  8d07               nop
3d90:  8d07               nop
3d92:  8d07               nop
3d94:  8d07               nop
3d96:  8d07               nop
3d98:  8d07               nop
3d9a:  8d07               nop
3d9c:  8d07               nop
3d9e:  8d07               nop
3da0:  8d07               nop
3da2:  8d07               nop
3da4:  8d07               nop
3da6:  8d07               nop
3da8:  8d07               nop
3daa:  8d07               nop
3dac:  8d07               nop
3dae:  8d07               nop
3db0:  8d07               nop
3db2:  8d07               nop
3db4:  8d07               nop
3db6:  8d07               nop
3db8:  8d07               nop
3dba:  8d07               nop
3dbc:  8d07               nop
3dbe:  8d07               nop
3dc0:  8d07               nop
3dc2:  8d07               nop
3dc4:  8d07               nop
3dc6:  8d07               nop
3dc8:  8d07               nop
3dca:  8d07               nop
3dcc:  8d07               nop
3dce:  8d07               nop
3dd0:  8d07               nop
3dd2:  8d07               nop
3dd4:  8d07               nop
3dd6:  8d07               nop
3dd8:  8d07               nop
3dda:  8d07               nop
3ddc:  8d07               nop
3dde:  8d07               nop
3de0:  8d07               nop
3de2:  8d07               nop
3de4:  8d07               nop
3de6:  8d07               nop
3de8:  8d07               nop
3dea:  8d07               nop
3dec:  8d07               nop
3dee:  8d07               nop
3df0:  8d07               nop
3df2:  8d07               nop
3df4:  8d07               nop
3df6:  8d07               nop
3df8:  8d07               nop
3dfa:  8d07               nop
3dfc:  8d07               nop
3dfe:  8d07               nop
3e00:  8d07               nop
3e02:  8d07               nop
3e04:  8d07               nop
3e06:  8d07               nop
3e08:  8d07               nop
3e0a:  8d07               nop
3e0c:  8d07               nop
3e0e:  8d07               nop
3e10:  8d07               nop
3e12:  8d07               nop
3e14:  8d07               nop
3e16:  8d07               nop
3e18:  8d07               nop
3e1a:  8d07               nop
3e1c:  8d07               nop
3e1e:  8d07               nop
3e20:  8d07               nop
3e22:  8d07               nop
3e24:  8d07               nop
3e26:  8d07               nop
3e28:  8d07               nop
3e2a:  8d07               nop
3e2c:  8d07               nop
3e2e:  8d07               nop
3e30:  8d07               nop
3e32:  8d07               nop
3e34:  8d07               nop
3e36:  8d07               nop
3e38:  8d07               nop
3e3a:  8d07               nop
3e3c:  8d07               nop
3e3e:  8d07               nop
3e40:  8d07               nop
3e42:  8d07               nop
3e44:  8d07               nop
3e46:  8d07               nop
3e48:  8d07               nop
3e4a:  8d07               nop
3e4c:  8d07               nop
3e4e:  8d07               nop
3e50:  8d07               nop
3e52:  8d07               nop
3e54:  8d07               nop
3e56:  8d07               nop
3e58:  8d07               nop
3e5a:  8d07               nop
3e5c:  8d07               nop
3e5e:  8d07               nop
3e60:  8d07               nop
3e62:  8d07               nop
3e64:  8d07               nop
3e66:  8d07               nop
3e68:  8d07               nop
3e6a:  8d07               nop
3e6c:  8d07               nop
3e6e:  8d07               nop
3e70:  8d07               nop
3e72:  8d07               nop
3e74:  8d07               nop
3e76:  8d07               nop
3e78:  8d07               nop
3e7a:  8d07               nop
3e7c:  8d07               nop
3e7e:  8d07               nop
3e80:  8d07               nop
3e82:  8d07               nop
3e84:  8d07               nop
3e86:  8d07               nop
3e88:  8d07               nop
3e8a:  8d07               nop
3e8c:  8d07               nop
3e8e:  8d07               nop
3e90:  8d07               nop
3e92:  8d07               nop
3e94:  8d07               nop
3e96:  8d07               nop
3e98:  8d07               nop
3e9a:  8d07               nop
3e9c:  8d07               nop
3e9e:  8d07               nop
3ea0:  8d07               nop
3ea2:  8d07               nop
3ea4:  8d07               nop
3ea6:  8d07               nop
3ea8:  8d07               nop
3eaa:  8d07               nop
3eac:  8d07               nop
3eae:  8d07               nop
3eb0:  8d07               nop
3eb2:  8d07               nop
3eb4:  8d07               nop
3eb6:  8d07               nop
3eb8:  8d07               nop
3eba:  8d07               nop
3ebc:  8d07               nop
3ebe:  8d07               nop
3ec0:  8d07               nop
3ec2:  8d07               nop
3ec4:  8d07               nop
3ec6:  8d07               nop
3ec8:  8d07               nop
3eca:  8d07               nop
3ecc:  8d07               nop
3ece:  8d07               nop
3ed0:  8d07               nop
3ed2:  8d07               nop
3ed4:  8d07               nop
3ed6:  8d07               nop
3ed8:  8d07               nop
3eda:  8d07               nop
3edc:  8d07               nop
3ede:  8d07               nop
3ee0:  8d07               nop
3ee2:  8d07               nop
3ee4:  8d07               nop
3ee6:  8d07               nop
3ee8:  8d07               nop
3eea:  8d07               nop
3eec:  8d07               nop
3eee:  8d07               nop
3ef0:  8d07               nop
3ef2:  8d07               nop
3ef4:  8d07               nop
3ef6:  8d07               nop
3ef8:  8d07               nop
3efa:  8d07               nop
3efc:  8d07               nop
3efe:  8d07               nop
3f00:  8d07               nop
3f02:  8d07               nop
3f04:  8d07               nop
3f06:  8d07               nop
3f08:  8d07               nop
3f0a:  8d07               nop
3f0c:  8d07               nop
3f0e:  8d07               nop
3f10:  8d07               nop
3f12:  8d07               nop
3f14:  8d07               nop
3f16:  8d07               nop
3f18:  8d07               nop
3f1a:  8d07               nop
3f1c:  8d07               nop
3f1e:  8d07               nop
3f20:  8d07               nop
3f22:  8d07               nop
3f24:  8d07               nop
3f26:  8d07               nop
3f28:  8d07               nop
3f2a:  8d07               nop
3f2c:  8d07               nop
3f2e:  8d07               nop
3f30:  8d07               nop
3f32:  8d07               nop
3f34:  8d07               nop
3f36:  8d07               nop
3f38:  8d07               nop
3f3a:  8d07               nop
3f3c:  8d07               nop
3f3e:  8d07               nop
3f40:  8d07               nop
3f42:  8d07               nop
3f44:  8d07               nop
3f46:  8d07               nop
3f48:  8d07               nop
3f4a:  8d07               nop
3f4c:  8d07               nop
3f4e:  8d07               nop
3f50:  8d07               nop
3f52:  8d07               nop
3f54:  8d07               nop
3f56:  8d07               nop
3f58:  8d07               nop
3f5a:  8d07               nop
3f5c:  8d07               nop
3f5e:  8d07               nop
3f60:  8d07               nop
3f62:  8d07               nop
3f64:  8d07               nop
3f66:  8d07               nop
3f68:  8d07               nop
3f6a:  8d07               nop
3f6c:  8d07               nop
3f6e:  8d07               nop
3f70:  8d07               nop
3f72:  8d07               nop
3f74:  8d07               nop
3f76:  8d07               nop
3f78:  8d07               nop
3f7a:  8d07               nop
3f7c:  8d07               nop
3f7e:  8d07               nop
3f80:  8d07               nop
3f82:  8d07               nop
3f84:  8d07               nop
3f86:  8d07               nop
3f88:  8d07               nop
3f8a:  8d07               nop
3f8c:  8d07               nop
3f8e:  8d07               nop
3f90:  8d07               nop
3f92:  8d07               nop
3f94:  8d07               nop
3f96:  8d07               nop
3f98:  8d07               nop
3f9a:  8d07               nop
3f9c:  8d07               nop
3f9e:  8d07               nop
3fa0:  8d07               nop
3fa2:  8d07               nop
3fa4:  8d07               nop
3fa6:  8d07               nop
3fa8:  8d07               nop
3faa:  8d07               nop
3fac:  8d07               nop
3fae:  8d07               nop
3fb0:  8d07               nop
3fb2:  8d07               nop
3fb4:  8d07               nop
3fb6:  8d07               nop
3fb8:  8d07               nop
3fba:  8d07               nop
3fbc:  8d07               nop
3fbe:  8d07               nop
3fc0:  8d07               nop
3fc2:  8d07               nop
3fc4:  8d07               nop
3fc6:  8d07               nop
3fc8:  8d07               nop
3fca:  8d07               nop
3fcc:  8d07               nop
3fce:  8d07               nop
3fd0:  8d07               nop
3fd2:  8d07               nop
3fd4:  8d07               nop
3fd6:  8d07               nop
3fd8:  8d07               nop
3fda:  8d07               nop
3fdc:  8d07               nop
3fde:  8d07               nop
3fe0:  8d07               nop
3fe2:  8d07               nop
3fe4:  8d07               nop
3fe6:  8d07               nop
3fe8:  8d07               nop
3fea:  8d07               nop
3fec:  8d07               nop
3fee:  8d07               nop
3ff0:  8d07               nop
3ff2:  8d07               nop
3ff4:  8d07               nop
3ff6:  8d07               nop
3ff8:  8d07               nop
3ffa:  8d07               nop
3ffc:  8d07               nop
3ffe:  8d07               nop
