; reset: FCW=0000  PCseg=0000(seg 0)  PCoff=0000
0000:  00000000           addb rh0,#0x00
0004:  00000000           addb rh0,#0x00
0008:  00000000           addb rh0,#0x00
000c:  00000000           addb rh0,#0x00
0010:  00000000           addb rh0,#0x00
0014:  00000000           addb rh0,#0x00
0018:  00000000           addb rh0,#0x00
001c:  00000000           addb rh0,#0x00
0020:  00000000           addb rh0,#0x00
0024:  00000000           addb rh0,#0x00
0028:  00000000           addb rh0,#0x00
002c:  00000000           addb rh0,#0x00
0030:  00000000           addb rh0,#0x00
0034:  00000000           addb rh0,#0x00
0038:  00000000           addb rh0,#0x00
003c:  00000000           addb rh0,#0x00
0040:  00000000           addb rh0,#0x00
0044:  00000000           addb rh0,#0x00
0048:  00000000           addb rh0,#0x00
004c:  00000000           addb rh0,#0x00
0050:  00000000           addb rh0,#0x00
0054:  00000000           addb rh0,#0x00
0058:  00000000           addb rh0,#0x00
005c:  00000000           addb rh0,#0x00
0060:  00000000           addb rh0,#0x00
0064:  00000000           addb rh0,#0x00
0068:  00000000           addb rh0,#0x00
006c:  00000000           addb rh0,#0x00
0070:  00000000           addb rh0,#0x00
0074:  00000000           addb rh0,#0x00
0078:  00000000           addb rh0,#0x00
007c:  00000000           addb rh0,#0x00
0080:  00000000           addb rh0,#0x00
0084:  00000000           addb rh0,#0x00
0088:  00000000           addb rh0,#0x00
008c:  00000000           addb rh0,#0x00
0090:  00000000           addb rh0,#0x00
0094:  00000000           addb rh0,#0x00
0098:  00000000           addb rh0,#0x00
009c:  00000000           addb rh0,#0x00
00a0:  00000000           addb rh0,#0x00
00a4:  00000000           addb rh0,#0x00
00a8:  00000000           addb rh0,#0x00
00ac:  00000000           addb rh0,#0x00
00b0:  00000000           addb rh0,#0x00
00b4:  00000000           addb rh0,#0x00
00b8:  00000000           addb rh0,#0x00
00bc:  00000000           addb rh0,#0x00
00c0:  00000000           addb rh0,#0x00
00c4:  00000000           addb rh0,#0x00
00c8:  00000000           addb rh0,#0x00
00cc:  00000000           addb rh0,#0x00
00d0:  00000000           addb rh0,#0x00
00d4:  00000000           addb rh0,#0x00
00d8:  00000000           addb rh0,#0x00
00dc:  00000000           addb rh0,#0x00
00e0:  00000000           addb rh0,#0x00
00e4:  00000000           addb rh0,#0x00
00e8:  00000000           addb rh0,#0x00
00ec:  00000000           addb rh0,#0x00
00f0:  00000000           addb rh0,#0x00
00f4:  00000000           addb rh0,#0x00
00f8:  00000000           addb rh0,#0x00
00fc:  00000000           addb rh0,#0x00
0100:  00000000           addb rh0,#0x00
0104:  00000000           addb rh0,#0x00
0108:  00000000           addb rh0,#0x00
010c:  00000000           addb rh0,#0x00
0110:  00000000           addb rh0,#0x00
0114:  00000000           addb rh0,#0x00
0118:  00000000           addb rh0,#0x00
011c:  00000000           addb rh0,#0x00
0120:  00000000           addb rh0,#0x00
0124:  00000000           addb rh0,#0x00
0128:  00000000           addb rh0,#0x00
012c:  00000000           addb rh0,#0x00
0130:  00000000           addb rh0,#0x00
0134:  00000000           addb rh0,#0x00
0138:  00000000           addb rh0,#0x00
013c:  00000000           addb rh0,#0x00
0140:  00000000           addb rh0,#0x00
0144:  00000000           addb rh0,#0x00
0148:  00000000           addb rh0,#0x00
014c:  00000000           addb rh0,#0x00
0150:  00000000           addb rh0,#0x00
0154:  00000000           addb rh0,#0x00
0158:  00000000           addb rh0,#0x00
015c:  00000000           addb rh0,#0x00
0160:  00000000           addb rh0,#0x00
0164:  00000000           addb rh0,#0x00
0168:  00000000           addb rh0,#0x00
016c:  00000000           addb rh0,#0x00
0170:  00000000           addb rh0,#0x00
0174:  00000000           addb rh0,#0x00
0178:  00000000           addb rh0,#0x00
017c:  00000000           addb rh0,#0x00
0180:  00000000           addb rh0,#0x00
0184:  00000000           addb rh0,#0x00
0188:  00000000           addb rh0,#0x00
018c:  00000000           addb rh0,#0x00
0190:  00000000           addb rh0,#0x00
0194:  00000000           addb rh0,#0x00
0198:  00000000           addb rh0,#0x00
019c:  00000000           addb rh0,#0x00
01a0:  00000000           addb rh0,#0x00
01a4:  00000000           addb rh0,#0x00
01a8:  00000000           addb rh0,#0x00
01ac:  00000000           addb rh0,#0x00
01b0:  00000000           addb rh0,#0x00
01b4:  00000000           addb rh0,#0x00
01b8:  00000000           addb rh0,#0x00
01bc:  00000000           addb rh0,#0x00
01c0:  00000000           addb rh0,#0x00
01c4:  00000000           addb rh0,#0x00
01c8:  00000000           addb rh0,#0x00
01cc:  00000000           addb rh0,#0x00
01d0:  00000000           addb rh0,#0x00
01d4:  00000000           addb rh0,#0x00
01d8:  00000000           addb rh0,#0x00
01dc:  00000000           addb rh0,#0x00
01e0:  00000000           addb rh0,#0x00
01e4:  00000000           addb rh0,#0x00
01e8:  00000000           addb rh0,#0x00
01ec:  00000000           addb rh0,#0x00
01f0:  00000000           addb rh0,#0x00
01f4:  00000000           addb rh0,#0x00
01f8:  00000000           addb rh0,#0x00
01fc:  00000000           addb rh0,#0x00
0200:  00000000           addb rh0,#0x00
0204:  00000000           addb rh0,#0x00
0208:  00000000           addb rh0,#0x00
020c:  00000000           addb rh0,#0x00
0210:  00000000           addb rh0,#0x00
0214:  00000000           addb rh0,#0x00
0218:  00000000           addb rh0,#0x00
021c:  00000000           addb rh0,#0x00
0220:  00000000           addb rh0,#0x00
0224:  00000000           addb rh0,#0x00
0228:  00000000           addb rh0,#0x00
022c:  00000000           addb rh0,#0x00
0230:  00000000           addb rh0,#0x00
0234:  00000000           addb rh0,#0x00
0238:  00000000           addb rh0,#0x00
023c:  00000000           addb rh0,#0x00
0240:  00000000           addb rh0,#0x00
0244:  00000000           addb rh0,#0x00
0248:  00000000           addb rh0,#0x00
024c:  00000000           addb rh0,#0x00
0250:  00000000           addb rh0,#0x00
0254:  00000000           addb rh0,#0x00
0258:  00000000           addb rh0,#0x00
025c:  00000000           addb rh0,#0x00
0260:  00000000           addb rh0,#0x00
0264:  00000000           addb rh0,#0x00
0268:  00000000           addb rh0,#0x00
026c:  00000000           addb rh0,#0x00
0270:  00000000           addb rh0,#0x00
0274:  00000000           addb rh0,#0x00
0278:  00000000           addb rh0,#0x00
027c:  00000000           addb rh0,#0x00
0280:  00000000           addb rh0,#0x00
0284:  00000000           addb rh0,#0x00
0288:  00000000           addb rh0,#0x00
028c:  00000000           addb rh0,#0x00
0290:  00000000           addb rh0,#0x00
0294:  00000000           addb rh0,#0x00
0298:  00000000           addb rh0,#0x00
029c:  00000000           addb rh0,#0x00
02a0:  00000000           addb rh0,#0x00
02a4:  00000000           addb rh0,#0x00
02a8:  00000000           addb rh0,#0x00
02ac:  00000000           addb rh0,#0x00
02b0:  00000000           addb rh0,#0x00
02b4:  00000000           addb rh0,#0x00
02b8:  00000000           addb rh0,#0x00
02bc:  00000000           addb rh0,#0x00
02c0:  00000000           addb rh0,#0x00
02c4:  00000000           addb rh0,#0x00
02c8:  00000000           addb rh0,#0x00
02cc:  00000000           addb rh0,#0x00
02d0:  00000000           addb rh0,#0x00
02d4:  00000000           addb rh0,#0x00
02d8:  00000000           addb rh0,#0x00
02dc:  00000000           addb rh0,#0x00
02e0:  00000000           addb rh0,#0x00
02e4:  00000000           addb rh0,#0x00
02e8:  00000000           addb rh0,#0x00
02ec:  00000000           addb rh0,#0x00
02f0:  00000000           addb rh0,#0x00
02f4:  00000000           addb rh0,#0x00
02f8:  00000000           addb rh0,#0x00
02fc:  00000000           addb rh0,#0x00
0300:  aaaa               decb rl2,#11
0302:  1121               pushl @rr2,@rr1
0304:  31415161           ld r1,rr4(#0x5161)
0308:  718191a1           ld r1,rr8(r1)
030c:  b1c1               .word #0xb1c1
030e:  d1e1               calr 0xff4e
0310:  1121               pushl @rr2,@rr1
0312:  31415161           ld r1,rr4(#0x5161)
0316:  718191a1           ld r1,rr8(r1)
031a:  b1c1               .word #0xb1c1
031c:  d1e1               calr 0xff5c
031e:  1022               cpl rr2,@rr2
0320:  31415161           ld r1,rr4(#0x5161)
0324:  718191a1           ld r1,rr8(r1)
0328:  b1c1               .word #0xb1c1
032a:  d1e1               calr 0xff6a
032c:  1221               subl rr1,@rr2
032e:  31415161           ld r1,rr4(#0x5161)
0332:  718191a1           ld r1,rr8(r1)
0336:  b1c1               .word #0xb1c1
0338:  d2e1               calr 0xfd78
033a:  1221               subl rr1,@rr2
033c:  31ff0000           ld r15,rr15(#0x0000)
0340:  cccc               ldb rl4,#0xcc
0342:  1121               pushl @rr2,@rr1
0344:  31415161           ld r1,rr4(#0x5161)
0348:  71819111           ld r1,rr8(r1)
034c:  2131               ld r1,@rr3
034e:  41516171           add r1,<<97>>0x0071(r5)
0352:  8191               add r1,r9
0354:  1121               pushl @rr2,@rr1
0356:  31415161           ld r1,rr4(#0x5161)
035a:  71811121           ld r1,rr8(r1)
035e:  31415161           ld r1,rr4(#0x5161)
0362:  71811121           ld r1,rr8(r1)
0366:  31415161           ld r1,rr4(#0x5161)
036a:  71811121           ld r1,rr8(r1)
036e:  31415161           ld r1,rr4(#0x5161)
0372:  71ff0000           ld r15,rr15(r0)
0376:  00000000           addb rh0,#0x00
037a:  00000000           addb rh0,#0x00
037e:  00000000           addb rh0,#0x00
0382:  00000000           addb rh0,#0x00
0386:  00000000           addb rh0,#0x00
038a:  00000000           addb rh0,#0x00
038e:  00000000           addb rh0,#0x00
0392:  00000000           addb rh0,#0x00
0396:  00000000           addb rh0,#0x00
039a:  00000002           addb rh0,#0x02
039e:  00000000           addb rh0,#0x00
03a2:  00000000           addb rh0,#0x00
03a6:  00000000           addb rh0,#0x00
03aa:  02000000           subb rh0,#0x00
03ae:  00000000           addb rh0,#0x00
03b2:  00000000           addb rh0,#0x00
03b6:  02000200           subb rh0,#0x00
03ba:  01ff               add r15,@rr15
03bc:  eeee               jr nz,0x039a
03be:  eeee               jr nz,0x039c
03c0:  06010407           andb rh1,#0x07
03c4:  171d               pop @rr13,@rr1
03c6:  1e13               jp ule,@rr1
03c8:  2124               ld r4,@rr2
03ca:  2e2c               ldb @rr2,rl4
03cc:  2b31               dec @rr3,#2
03ce:  05030c08           or r3,#0x0c08
03d2:  1f11               .word #0x1f11
03d4:  1419               ldl rr9,@rr1
03d6:  2526               set @rr2,#6
03d8:  302a3637           ldb rl2,rr2(#0x3637)
03dc:  ff02               dbjnz rl7,0x03da
03de:  090f0d18           xor r15,#0x0d18
03e2:  151b               popl @rr11,@rr1
03e4:  1a28               divl rq8,@rr2
03e6:  222f               resb @rr2,#15
03e8:  3438ff0a           lda rr8,rr3(#0xff0a)
03ec:  0b0e1020           cp r14,#0x1020
03f0:  1c16               .word #0x1c16
03f2:  2723               bit @rr2,#3
03f4:  2d29               ex r9,@rr2
03f6:  ff35               dbjnz rl7,0x038e
03f8:  ff12               dbjnz rl7,0x03d6
03fa:  ffff               djnz r15,0x02fe
03fc:  ffff               djnz r15,0x0300
03fe:  0101aaaa           add r1,#0xaaaa
0402:  1121               pushl @rr2,@rr1
0404:  31415161           ld r1,rr4(#0x5161)
0408:  718191a1           ld r1,rr8(r1)
040c:  b1c1               .word #0xb1c1
040e:  d1e1               calr 0x004e
0410:  1121               pushl @rr2,@rr1
0412:  31415161           ld r1,rr4(#0x5161)
0416:  718191a1           ld r1,rr8(r1)
041a:  b1c1               .word #0xb1c1
041c:  d1e1               calr 0x005c
041e:  1022               cpl rr2,@rr2
0420:  31415161           ld r1,rr4(#0x5161)
0424:  718191a1           ld r1,rr8(r1)
0428:  b1c1               .word #0xb1c1
042a:  d1e1               calr 0x006a
042c:  1221               subl rr1,@rr2
042e:  31415161           ld r1,rr4(#0x5161)
0432:  718191a1           ld r1,rr8(r1)
0436:  b1c1               .word #0xb1c1
0438:  d2e1               calr 0xfe78
043a:  1221               subl rr1,@rr2
043c:  31ff0000           ld r15,rr15(#0x0000)
0440:  cccc               ldb rl4,#0xcc
0442:  1121               pushl @rr2,@rr1
0444:  31415161           ld r1,rr4(#0x5161)
0448:  71819111           ld r1,rr8(r1)
044c:  2131               ld r1,@rr3
044e:  41516171           add r1,<<97>>0x0071(r5)
0452:  8191               add r1,r9
0454:  1121               pushl @rr2,@rr1
0456:  31415161           ld r1,rr4(#0x5161)
045a:  71811121           ld r1,rr8(r1)
045e:  31415161           ld r1,rr4(#0x5161)
0462:  71811121           ld r1,rr8(r1)
0466:  31415161           ld r1,rr4(#0x5161)
046a:  71811121           ld r1,rr8(r1)
046e:  31415161           ld r1,rr4(#0x5161)
0472:  71ff0000           ld r15,rr15(r0)
0476:  00000000           addb rh0,#0x00
047a:  00000000           addb rh0,#0x00
047e:  00000000           addb rh0,#0x00
0482:  00000000           addb rh0,#0x00
0486:  00000000           addb rh0,#0x00
048a:  00000000           addb rh0,#0x00
048e:  00000000           addb rh0,#0x00
0492:  00000000           addb rh0,#0x00
0496:  00000000           addb rh0,#0x00
049a:  00000002           addb rh0,#0x02
049e:  00000000           addb rh0,#0x00
04a2:  00000000           addb rh0,#0x00
04a6:  00000000           addb rh0,#0x00
04aa:  02000000           subb rh0,#0x00
04ae:  00000000           addb rh0,#0x00
04b2:  00000000           addb rh0,#0x00
04b6:  02000200           subb rh0,#0x00
04ba:  01ff               add r15,@rr15
04bc:  eeee               jr nz,0x049a
04be:  eeee               jr nz,0x049c
04c0:  06010407           andb rh1,#0x07
04c4:  171d               pop @rr13,@rr1
04c6:  1e13               jp ule,@rr1
04c8:  2124               ld r4,@rr2
04ca:  2e2c               ldb @rr2,rl4
04cc:  2b31               dec @rr3,#2
04ce:  05030c08           or r3,#0x0c08
04d2:  1f11               .word #0x1f11
04d4:  1419               ldl rr9,@rr1
04d6:  2526               set @rr2,#6
04d8:  302a3637           ldb rl2,rr2(#0x3637)
04dc:  ff02               dbjnz rl7,0x04da
04de:  090f0d18           xor r15,#0x0d18
04e2:  151b               popl @rr11,@rr1
04e4:  1a28               divl rq8,@rr2
04e6:  222f               resb @rr2,#15
04e8:  3438ff0a           lda rr8,rr3(#0xff0a)
04ec:  0b0e1020           cp r14,#0x1020
04f0:  1c16               .word #0x1c16
04f2:  2723               bit @rr2,#3
04f4:  2d29               ex r9,@rr2
04f6:  ff35               dbjnz rl7,0x048e
04f8:  ff12               dbjnz rl7,0x04d6
04fa:  ffff               djnz r15,0x03fe
04fc:  ffff               djnz r15,0x0400
04fe:  01016f77           add r1,#0x6f77
0502:  6e766e76           ldb <<110>>0x0076(r7),rh6
0506:  70780000           ldb rl0,rr7(r0)
050a:  00000000           addb rh0,#0x00
050e:  00000000           addb rh0,#0x00
0512:  00000000           addb rh0,#0x00
0516:  00000000           addb rh0,#0x00
051a:  00000000           addb rh0,#0x00
051e:  00000000           addb rh0,#0x00
0522:  00000000           addb rh0,#0x00
0526:  00000000           addb rh0,#0x00
052a:  00000000           addb rh0,#0x00
052e:  00000000           addb rh0,#0x00
0532:  00000000           addb rh0,#0x00
0536:  00000000           addb rh0,#0x00
053a:  00000000           addb rh0,#0x00
053e:  00000000           addb rh0,#0x00
0542:  00000000           addb rh0,#0x00
0546:  00000000           addb rh0,#0x00
054a:  00000000           addb rh0,#0x00
054e:  00000000           addb rh0,#0x00
0552:  00000000           addb rh0,#0x00
0556:  00000000           addb rh0,#0x00
055a:  00000000           addb rh0,#0x00
055e:  00000000           addb rh0,#0x00
0562:  00000000           addb rh0,#0x00
0566:  00000000           addb rh0,#0x00
056a:  00000000           addb rh0,#0x00
056e:  00000000           addb rh0,#0x00
0572:  0000003c           addb rh0,#0x3c
0576:  5f000000           call <<0>>0x0000
057a:  00000000           addb rh0,#0x00
057e:  00000000           addb rh0,#0x00
0582:  00000000           addb rh0,#0x00
0586:  00000000           addb rh0,#0x00
058a:  00000000           addb rh0,#0x00
058e:  00000000           addb rh0,#0x00
0592:  00000000           addb rh0,#0x00
0596:  00000000           addb rh0,#0x00
059a:  00000000           addb rh0,#0x00
059e:  00000000           addb rh0,#0x00
05a2:  00000000           addb rh0,#0x00
05a6:  00000000           addb rh0,#0x00
05aa:  00000000           addb rh0,#0x00
05ae:  00000000           addb rh0,#0x00
05b2:  00000000           addb rh0,#0x00
05b6:  00000000           addb rh0,#0x00
05ba:  00000000           addb rh0,#0x00
05be:  00000000           addb rh0,#0x00
05c2:  00000000           addb rh0,#0x00
05c6:  00000000           addb rh0,#0x00
05ca:  00000000           addb rh0,#0x00
05ce:  00000000           addb rh0,#0x00
05d2:  00000000           addb rh0,#0x00
05d6:  00000000           addb rh0,#0x00
05da:  00000000           addb rh0,#0x00
05de:  00000000           addb rh0,#0x00
05e2:  00000000           addb rh0,#0x00
05e6:  00000000           addb rh0,#0x00
05ea:  00000000           addb rh0,#0x00
05ee:  00000000           addb rh0,#0x00
05f2:  00000000           addb rh0,#0x00
05f6:  00000000           addb rh0,#0x00
05fa:  00000200           addb rh0,#0x00
05fe:  0100ff00           add r0,#0xff00
0602:  2100e804           ld r0,#0xe804
0606:  330003a8           ldr 0x09b2,r0
060a:  de70               calr 0x092c
060c:  3408fcf0           ldar rr8,0x0300
0610:  340afdec           ldar rr10,0x0400
0614:  bd01               ldk r0,#1
0616:  3208ffe4           ldrb 0x05fe,rl0
061a:  21000080           ld r0,#0x0080
061e:  bb8100a0           ldir @rr10,@rr8,r0
0622:  da40               calr 0x11a4
0624:  da51               calr 0x1184
0626:  d994               calr 0x1300
0628:  c802               ldb rl0,#0x02
062a:  d9df               calr 0x126e
062c:  db12               calr 0x100a
062e:  0a0dfbfb           cpb rl5,#0xfb
0632:  eefc               jr nz,0x062c
0634:  db16               calr 0x100a
0636:  a0d5               ldb rh5,rl5
0638:  060d1f1f           andb rl5,#0x1f
063c:  b251fffb           srlb rh5,#5
0640:  3305ffb4           ldr 0x05f8,r5
0644:  7608a10020e5       lda rr8,<<33>>0x20e5
064a:  0a0d0b0b           cpb rl5,#0x0b
064e:  c905               ldb rl1,#0x05
0650:  e604               jr z,0x065a
0652:  210100cd           ld r1,#0x00cd
0656:  8119               add r9,r1
0658:  c903               ldb rl1,#0x03
065a:  7606a100226d       lda rr6,<<33>>0x226d
0660:  21000027           ld r0,#0x0027
0664:  ba610080           ldirb @rr8,@rr6,r0
0668:  a991               inc r9,#2
066a:  f909               dbjnz rl1,0x065a
066c:  7608a10022d0       lda rr8,<<33>>0x22d0
0672:  948a               ldl rr10,rr8
0674:  010b000f           add r11,#0x000f
0678:  a0d9               ldb rl1,rl5
067a:  a890               incb rl1,#1
067c:  010b001a           add r11,#0x001a
0680:  f903               dbjnz rl1,0x067c
0682:  2100001a           ld r0,#0x001a
0686:  baa10080           ldirb @rr8,@rr10,r0
068a:  760aa100262e       lda rr10,<<33>>0x262e
0690:  a059               ldb rl1,rh5
0692:  a890               incb rl1,#1
0694:  a9ba               inc r11,#11
0696:  f902               dbjnz rl1,0x0694
0698:  a992               inc r9,#3
069a:  bd0b               ldk r0,#11
069c:  baa10080           ldirb @rr8,@rr10,r0
06a0:  21030301           ld r3,#0x0301
06a4:  7608a10022b4       lda rr8,<<33>>0x22b4
06aa:  dbd5               calr 0x0f02
06ac:  21030601           ld r3,#0x0601
06b0:  7608a10022d0       lda rr8,<<33>>0x22d0
06b6:  dbdb               calr 0x0f02
06b8:  540c840001f4       ldl rr12,<<4>>0x01f4
06be:  760aa10026b0       lda rr10,<<33>>0x26b0
06c4:  bd08               ldk r0,#8
06c6:  bac100a0           ldirb @rr10,@rr12,r0
06ca:  7608a1002691       lda rr8,<<33>>0x2691
06d0:  21030801           ld r3,#0x0801
06d4:  dbea               calr 0x0f02
06d6:  dbaf               calr 0x0f7a
06d8:  7608a1002294       lda rr8,<<33>>0x2294
06de:  dbbc               calr 0x0f68
06e0:  db6c               calr 0x100a
06e2:  320d02d5           ldrb 0x09bb,rl5
06e6:  0a0d3d3d           cpb rl5,#0x3d
06ea:  5e06a1000850       jp z,<<33>>0x0850
06f0:  dc0a               calr 0x0ede
06f2:  7608a1002097       lda rr8,<<33>>0x2097
06f8:  21030201           ld r3,#0x0201
06fc:  dbf5               calr 0x0f14
06fe:  21030401           ld r3,#0x0401
0702:  21020020           ld r2,#0x0020
0706:  dbe8               calr 0x0f38
0708:  c805               ldb rl0,#0x05
070a:  da4f               calr 0x126e
070c:  db82               calr 0x100a
070e:  320d02a9           ldrb 0x09bb,rl5
0712:  0a0d3d3d           cpb rl5,#0x3d
0716:  5e06a1000850       jp z,<<33>>0x0850
071c:  a0d9               ldb rl1,rl5
071e:  da27               calr 0x12d2
0720:  93e1               push @rr14,r1
0722:  c806               ldb rl0,#0x06
0724:  da5c               calr 0x126e
0726:  97e0               pop r0,@rr14
0728:  7608a100308c       lda rr8,<<33>>0x308c
072e:  8d18               clr r1
0730:  2080               ldb rh0,@rr8
0732:  8a80               cpb rh0,rl0
0734:  e606               jr z,0x0742
0736:  a990               inc r9,#1
0738:  a910               inc r1,#1
073a:  0a00ffff           cpb rh0,#0xff
073e:  eef8               jr nz,0x0730
0740:  e8e3               jr 0x0708
0742:  3301002e           ldr 0x0774,r1
0746:  3100feae           ldr r0,0x05f8
074a:  8d14               test r1
074c:  e614               jr z,0x0776
074e:  ab10               dec r1,#1
0750:  e61e               jr z,0x078e
0752:  ab10               dec r1,#1
0754:  e627               jr z,0x07a4
0756:  ab10               dec r1,#1
0758:  e62a               jr z,0x07ae
075a:  ab10               dec r1,#1
075c:  e62d               jr z,0x07b8
075e:  ab10               dec r1,#1
0760:  e635               jr z,0x07cc
0762:  ab10               dec r1,#1
0764:  e63c               jr z,0x07de
0766:  ab10               dec r1,#1
0768:  e63c               jr z,0x07e2
076a:  ab10               dec r1,#1
076c:  e63b               jr z,0x07e4
076e:  ab10               dec r1,#1
0770:  e666               jr z,0x083e
0772:  e8ca               jr 0x0708
0774:  00000a00           addb rh0,#0x00
0778:  0404ee6a           orb rh4,#0x6a
077c:  0a081818           cpb rl0,#0x18
0780:  e60f               jr z,0x07a0
0782:  3408fc7a           ldar rr8,0x0400
0786:  8d08               clr r0
0788:  3288001d           ldb rr8(#0x001d),rl0
078c:  e861               jr 0x0850
078e:  0a080b0b           cpb rl0,#0x0b
0792:  e6ba               jr z,0x0708
0794:  3408fc68           ldar rr8,0x0400
0798:  bd01               ldk r0,#1
079a:  32800002           ldb rr8(#0x0002),rh0
079e:  df0d               calr 0x0986
07a0:  defe               calr 0x09a6
07a2:  e856               jr 0x0850
07a4:  0a080b0b           cpb rl0,#0x0b
07a8:  e6af               jr z,0x0708
07aa:  df13               calr 0x0986
07ac:  e851               jr 0x0850
07ae:  0a080b0b           cpb rl0,#0x0b
07b2:  e6aa               jr z,0x0708
07b4:  df08               calr 0x09a6
07b6:  e84c               jr 0x0850
07b8:  0a080b0b           cpb rl0,#0x0b
07bc:  e6a5               jr z,0x0708
07be:  21009e08           ld r0,#0x9e08
07c2:  330001ec           ldr 0x09b2,r0
07c6:  df21               calr 0x0986
07c8:  df12               calr 0x09a6
07ca:  e842               jr 0x0850
07cc:  0a080b0b           cpb rl0,#0x0b
07d0:  e69b               jr z,0x0708
07d2:  21009e08           ld r0,#0x9e08
07d6:  330001d8           ldr 0x09b2,r0
07da:  df2b               calr 0x0986
07dc:  e839               jr 0x0850
07de:  df1d               calr 0x09a6
07e0:  e802               jr 0x07e6
07e2:  e801               jr 0x07e6
07e4:  df20               calr 0x09a6
07e6:  0a080b0b           cpb rl0,#0x0b
07ea:  ee8e               jr nz,0x0708
07ec:  bd11               ldk r1,#1
07ee:  3209fc8d           ldrb 0x047f,rl1
07f2:  3408fc8a           ldar rr8,0x0480
07f6:  91e8               pushl @rr14,rr8
07f8:  2e81               ldb @rr8,rh1
07fa:  948a               ldl rr10,rr8
07fc:  a9b0               inc r11,#1
07fe:  21020039           ld r2,#0x0039
0802:  ba8102a0           ldirb @rr10,@rr8,r2
0806:  2ea9               ldb @rr10,rl1
0808:  caff               ldb rl2,#0xff
080a:  328a0001           ldb rr8(#0x0001),rl2
080e:  95e8               popl rr8,@rr14
0810:  ca02               ldb rl2,#0x02
0812:  328a001c           ldb rr8(#0x001c),rl2
0816:  328a002a           ldb rr8(#0x002a),rl2
081a:  328a0036           ldb rr8(#0x0036),rl2
081e:  328a0038           ldb rr8(#0x0038),rl2
0822:  21021221           ld r2,#0x1221
0826:  340afbd6           ldar rr10,0x0400
082a:  33a2001e           ld rr10(#0x001e),r2
082e:  3281002b           ldb rr8(#0x002b),rh1
0832:  340afcca           ldar rr10,0x0500
0836:  21026b73           ld r2,#0x6b73
083a:  2fa2               ld @rr10,r2
083c:  e809               jr 0x0850
083e:  0a081010           cpb rl0,#0x10
0842:  5e0ea1000708       jp nz,<<33>>0x0708
0848:  e803               jr 0x0850
084a:  00000000           addb rh0,#0x00
084e:  0000dc69           addb rh0,#0x69
0852:  e663               jr z,0x091a
0854:  dcbc               calr 0x0ede
0856:  21030107           ld r3,#0x0107
085a:  7608a1001ffe       lda rr8,<<33>>0x1ffe
0860:  dcb0               calr 0x0f02
0862:  21030301           ld r3,#0x0301
0866:  7608a1002071       lda rr8,<<33>>0x2071
086c:  dcb6               calr 0x0f02
086e:  21030401           ld r3,#0x0401
0872:  7608a100204b       lda rr8,<<33>>0x204b
0878:  dcbc               calr 0x0f02
087a:  21003000           ld r0,#0x3000
087e:  21010010           ld r1,#0x0010
0882:  21030501           ld r3,#0x0501
0886:  93e3               push @rr14,r3
0888:  91e0               pushl @rr14,rr0
088a:  7608a100201f       lda rr8,<<33>>0x201f
0890:  2e80               ldb @rr8,rh0
0892:  3280002a           ldb rr8(#0x002a),rh0
0896:  a995               inc r9,#6
0898:  21030010           ld r3,#0x0010
089c:  2e88               ldb @rr8,rl0
089e:  0a084040           cpb rl0,#0x40
08a2:  ee02               jr nz,0x08a8
08a4:  0c857878           ldb @rr8,#0x78
08a8:  a991               inc r9,#2
08aa:  00081010           addb rl0,#0x10
08ae:  f38a               djnz r3,0x089c
08b0:  95e0               popl rr0,@rr14
08b2:  a880               incb rl0,#1
08b4:  a800               incb rh0,#1
08b6:  0a003a3a           cpb rh0,#0x3a
08ba:  ee01               jr nz,0x08be
08bc:  c041               ldb rh0,#0x41
08be:  3300ff88           ldr 0x084a,r0
08c2:  97e3               pop r3,@rr14
08c4:  3303ff86           ldr 0x084e,r3
08c8:  3301ff80           ldr 0x084c,r1
08cc:  7608a100201f       lda rr8,<<33>>0x201f
08d2:  dce9               calr 0x0f02
08d4:  3100ff72           ldr r0,0x084a
08d8:  3101ff70           ldr r1,0x084c
08dc:  3103ff6e           ldr r3,0x084e
08e0:  a830               incb rh3,#1
08e2:  f1af               djnz r1,0x0886
08e4:  54088400017c       ldl rr8,<<4>>0x017c
08ea:  0109029c           add r9,#0x029c
08ee:  21030040           ld r3,#0x0040
08f2:  2f83               ld @rr8,r3
08f4:  21031501           ld r3,#0x1501
08f8:  7608a100204b       lda rr8,<<33>>0x204b
08fe:  dcff               calr 0x0f02
0900:  21031601           ld r3,#0x1601
0904:  7608a1002071       lda rr8,<<33>>0x2071
090a:  dd05               calr 0x0f02
090c:  7608a1002294       lda rr8,<<33>>0x2294
0912:  dcd6               calr 0x0f68
0914:  dc86               calr 0x100a
0916:  320d00a1           ldrb 0x09bb,rl5
091a:  dd1f               calr 0x0ede
091c:  db12               calr 0x12fa
091e:  dcf7               calr 0x0f32
0920:  db71               calr 0x1240
0922:  9e08               ret 
0924:  3008fcd8           ldrb rl0,0x0600
0928:  8c84               testb rl0
092a:  9e0e               ret nz
092c:  dd34               calr 0x0ec6
092e:  3408f9ce           ldar rr8,0x0300
0932:  340afaca           ldar rr10,0x0400
0936:  21000080           ld r0,#0x0080
093a:  bb8100a0           ldir @rr10,@rr8,r0
093e:  c8ff               ldb rl0,#0xff
0940:  3208fcbc           ldrb 0x0600,rl0
0944:  9e08               ret 
0946:  8d07               nop
0948:  7608a1001e40       lda rr8,<<33>>0x1e40
094e:  c827               ldb rl0,#0x27
0950:  32880004           ldb rr8(#0x0004),rl0
0954:  9486               ldl rr6,rr8
0956:  01070046           add r7,#0x0046
095a:  bd08               ldk r0,#8
095c:  a99c               inc r9,#13
095e:  ba610080           ldirb @rr8,@rr6,r0
0962:  c902               ldb rl1,#0x02
0964:  9486               ldl rr6,rr8
0966:  ab77               dec r7,#8
0968:  bd08               ldk r0,#8
096a:  ba610080           ldirb @rr8,@rr6,r0
096e:  f906               dbjnz rl1,0x0964
0970:  31060dbc           ldr r6,0x1730
0974:  2103030a           ld r3,#0x030a
0978:  a762               bit r6,#2
097a:  e602               jr z,0x0980
097c:  21030203           ld r3,#0x0203
0980:  3303fc76           ldr 0x05fa,r3
0984:  9e08               ret 
0986:  bd01               ldk r0,#1
0988:  3408fab4           ldar rr8,0x0440
098c:  32800008           ldb rr8(#0x0008),rh0
0990:  32800011           ldb rr8(#0x0011),rh0
0994:  32800019           ldb rr8(#0x0019),rh0
0998:  32800021           ldb rr8(#0x0021),rh0
099c:  32800029           ldb rr8(#0x0029),rh0
09a0:  32800030           ldb rr8(#0x0030),rh0
09a4:  9e08               ret 
09a6:  8c08               clrb rh0
09a8:  3200fc52           ldrb 0x05fe,rh0
09ac:  9e08               ret 
09ae:  8d07               nop
09b0:  9e08               ret 
09b2:  e804               jr 0x09bc
09b4:  31313131           ld r1,rr3(#0x3131)
09b8:  31313131           ld r1,rr3(#0x3131)
09bc:  d04d               calr 0x0924
09be:  3008fff9           ldrb rl0,0x09bb
09c2:  0a083d3d           cpb rl0,#0x3d
09c6:  5e06a1001236       jp z,<<33>>0x1236
09cc:  8d08               clr r0
09ce:  32080d9a           ldrb 0x176c,rl0
09d2:  dfc1               calr 0x0a52
09d4:  dc19               calr 0x11a4
09d6:  dc2a               calr 0x1184
09d8:  dc7d               calr 0x10e0
09da:  340afb22           ldar rr10,0x0500
09de:  370afb26           ldrl 0x0508,rr10
09e2:  760aa1002d12       lda rr10,<<33>>0x2d12
09e8:  6702a1001730       bit <<33>>0x1730,#2
09ee:  ee03               jr nz,0x09f6
09f0:  760aa1002b40       lda rr10,<<33>>0x2b40
09f6:  3408fac6           ldar rr8,0x04c0
09fa:  c801               ldb rl0,#0x01
09fc:  db6b               calr 0x1328
09fe:  e617               jr z,0x0a2e
0a00:  30080d68           ldrb rl0,0x176c
0a04:  8c84               testb rl0
0a06:  7602a1001fd2       lda rr2,<<33>>0x1fd2
0a0c:  ee1a               jr nz,0x0a42
0a0e:  3008fbeb           ldrb rl0,0x05fd
0a12:  8c84               testb rl0
0a14:  7602a1001fa6       lda rr2,<<33>>0x1fa6
0a1a:  5e06a1001236       jp z,<<33>>0x1236
0a20:  3008fada           ldrb rl0,0x04fe
0a24:  8c84               testb rl0
0a26:  5e06a1001236       jp z,<<33>>0x1236
0a2c:  e80a               jr 0x0a42
0a2e:  6001a10004ff       ldb rh1,<<33>>0x04ff
0a34:  8c14               testb rh1
0a36:  5e06a1000a00       jp z,<<33>>0x0a00
0a3c:  7602a1001f7a       lda rr2,<<33>>0x1f7a
0a42:  91e2               pushl @rr14,rr2
0a44:  dd8a               calr 0x0f32
0a46:  dc04               calr 0x1240
0a48:  c181               ldb rh1,#0x81
0a4a:  95e2               popl rr2,@rr14
0a4c:  5e0884000012       jp <<4>>0x0012
0a52:  340cfa6a           ldar rr12,0x04c0
0a56:  c83c               ldb rl0,#0x3c
0a58:  340af9a6           ldar rr10,0x0402
0a5c:  c0ff               ldb rh0,#0xff
0a5e:  c1fe               ldb rh1,#0xfe
0a60:  20a9               ldb rl1,@rr10
0a62:  06090f0f           andb rl1,#0x0f
0a66:  e605               jr z,0x0a72
0a68:  0a090202           cpb rl1,#0x02
0a6c:  ee03               jr nz,0x0a74
0a6e:  2ec1               ldb @rr12,rh1
0a70:  e801               jr 0x0a74
0a72:  2ec0               ldb @rr12,rh0
0a74:  a9d0               inc r13,#1
0a76:  a9b0               inc r11,#1
0a78:  f80d               dbjnz rl0,0x0a60
0a7a:  9e08               ret 
0a7c:  e804               jr 0x0a86
0a7e:  32323232           ldb rr3(#0x3232),rh2
0a82:  32323232           ldb rr3(#0x3232),rh2
0a86:  d0b2               calr 0x0924
0a88:  3008ff2f           ldrb rl0,0x09bb
0a8c:  0a083d3d           cpb rl0,#0x3d
0a90:  5e06a1001236       jp z,<<33>>0x1236
0a96:  8d08               clr r0
0a98:  32080cd0           ldrb 0x176c,rl0
0a9c:  760ca1002e5a       lda rr12,<<33>>0x2e5a
0aa2:  c831               ldb rl0,#0x31
0aa4:  340af99a           ldar rr10,0x0442
0aa8:  c0ff               ldb rh0,#0xff
0aaa:  20a9               ldb rl1,@rr10
0aac:  06090f0f           andb rl1,#0x0f
0ab0:  8c94               testb rl1
0ab2:  ee01               jr nz,0x0ab6
0ab4:  2ec0               ldb @rr12,rh0
0ab6:  a9d0               inc r13,#1
0ab8:  a9b0               inc r11,#1
0aba:  f809               dbjnz rl0,0x0aaa
0abc:  dc8d               calr 0x11a4
0abe:  dc9e               calr 0x1184
0ac0:  dccd               calr 0x1128
0ac2:  dcfd               calr 0x10ca
0ac4:  760aa1002d92       lda rr10,<<33>>0x2d92
0aca:  7608a1002e5a       lda rr8,<<33>>0x2e5a
0ad0:  3008fca1           ldrb rl0,0x0775
0ad4:  0a080909           cpb rl0,#0x09
0ad8:  ee06               jr nz,0x0ae6
0ada:  760aa1002df6       lda rr10,<<33>>0x2df6
0ae0:  7608a1002e5a       lda rr8,<<33>>0x2e5a
0ae6:  c802               ldb rl0,#0x02
0ae8:  e889               jr 0x09fc
0aea:  e804               jr 0x0af4
0aec:  33333333           ld rr3(#0x3333),r3
0af0:  33333333           ld rr3(#0x3333),r3
0af4:  d0e9               calr 0x0924
0af6:  3008fec1           ldrb rl0,0x09bb
0afa:  0a083d3d           cpb rl0,#0x3d
0afe:  5e06a1001236       jp z,<<33>>0x1236
0b04:  8d08               clr r0
0b06:  32080c62           ldrb 0x176c,rl0
0b0a:  dcb4               calr 0x11a4
0b0c:  dcc5               calr 0x1184
0b0e:  7608a1001da4       lda rr8,<<33>>0x1da4
0b14:  ddfe               calr 0x0f1a
0b16:  7608a1001ee8       lda rr8,<<33>>0x1ee8
0b1c:  31030bda           ldr r3,0x16fa
0b20:  de10               calr 0x0f02
0b22:  dc12               calr 0x1300
0b24:  ce04               ldb rl6,#0x04
0b26:  7608a1003344       lda rr8,<<33>>0x3344
0b2c:  2088               ldb rl0,@rr8
0b2e:  a990               inc r9,#1
0b30:  0a08ffff           cpb rl0,#0xff
0b34:  e603               jr z,0x0b3c
0b36:  bd2f               ldk r2,#15
0b38:  dccf               calr 0x119c
0b3a:  e8f8               jr 0x0b2c
0b3c:  30080c2c           ldrb rl0,0x176c
0b40:  8c84               testb rl0
0b42:  ee01               jr nz,0x0b46
0b44:  fe10               dbjnz rl6,0x0b26
0b46:  300ef935           ldrb rl6,0x047f
0b4a:  8ce4               testb rl6
0b4c:  e611               jr z,0x0b70
0b4e:  ce04               ldb rl6,#0x04
0b50:  7608a100334f       lda rr8,<<33>>0x334f
0b56:  2088               ldb rl0,@rr8
0b58:  a990               inc r9,#1
0b5a:  0a08ffff           cpb rl0,#0xff
0b5e:  e603               jr z,0x0b66
0b60:  bd2a               ldk r2,#10
0b62:  dce4               calr 0x119c
0b64:  e8f8               jr 0x0b56
0b66:  30080c02           ldrb rl0,0x176c
0b6a:  8c84               testb rl0
0b6c:  ee01               jr nz,0x0b70
0b6e:  fe10               dbjnz rl6,0x0b50
0b70:  31030be4           ldr r3,0x1758
0b74:  de28               calr 0x0f26
0b76:  6708a1001730       bit <<33>>0x1730,#8
0b7c:  e601               jr z,0x0b80
0b7e:  8d07               nop
0b80:  7608a1001f0c       lda rr8,<<33>>0x1f0c
0b86:  21030501           ld r3,#0x0501
0b8a:  de45               calr 0x0f02
0b8c:  c805               ldb rl0,#0x05
0b8e:  dc91               calr 0x126e
0b90:  dcc3               calr 0x120c
0b92:  cb11               ldb rl3,#0x11
0b94:  5408a10033a4       ldl rr8,<<33>>0x33a4
0b9a:  3708f9d2           ldrl 0x0570,rr8
0b9e:  c804               ldb rl0,#0x04
0ba0:  c07e               ldb rh0,#0x7e
0ba2:  2e80               ldb @rr8,rh0
0ba4:  a990               inc r9,#1
0ba6:  aa00               decb rh0,#1
0ba8:  0a001f1f           cpb rh0,#0x1f
0bac:  eefa               jr nz,0x0ba2
0bae:  f808               dbjnz rl0,0x0ba0
0bb0:  3008f9c2           ldrb rl0,0x0576
0bb4:  3208f9bc           ldrb 0x0574,rl0
0bb8:  dfbb               calr 0x0c44
0bba:  cb11               ldb rl3,#0x11
0bbc:  6e0ba100176e       ldb <<33>>0x176e,rl3
0bc2:  dc62               calr 0x1300
0bc4:  7608a1001f2d       lda rr8,<<33>>0x1f2d
0bca:  df9b               calr 0x0c96
0bcc:  ddc4               calr 0x1046
0bce:  dca1               calr 0x128e
0bd0:  7c01               di vi
0bd2:  3008fa26           ldrb rl0,0x05fc
0bd6:  aa80               decb rl0,#1
0bd8:  3208fa20           ldrb 0x05fc,rl0
0bdc:  35060b70           ldrl rr6,0x1750
0be0:  206d               ldb rl5,@rr6
0be2:  a970               inc r7,#1
0be4:  340af990           ldar rr10,0x0578
0be8:  010b0080           add r11,#0x0080
0bec:  906a               cpl rr10,rr6
0bee:  ee02               jr nz,0x0bf4
0bf0:  3406f984           ldar rr6,0x0578
0bf4:  37060b58           ldrl 0x1750,rr6
0bf8:  7c05               ei vi
0bfa:  0a0d4949           cpb rl5,#0x49
0bfe:  e6e6               jr z,0x0bcc
0c00:  de8c               calr 0x0eea
0c02:  35080b4e           ldrl rr8,0x1754
0c06:  7602a100272d       lda rr2,<<33>>0x272d
0c0c:  9028               cpl rr8,rr2
0c0e:  ee04               jr nz,0x0c18
0c10:  dde6               calr 0x1046
0c12:  7608a1002705       lda rr8,<<33>>0x2705
0c18:  2e85               ldb @rr8,rh5
0c1a:  a990               inc r9,#1
0c1c:  2e8d               ldb @rr8,rl5
0c1e:  6103a1001712       ld r3,<<33>>0x1712
0c24:  7608a10026dd       lda rr8,<<33>>0x26dd
0c2a:  de95               calr 0x0f02
0c2c:  35080b24           ldrl rr8,0x1754
0c30:  a991               inc r9,#2
0c32:  37080b1e           ldrl 0x1754,rr8
0c36:  30080b32           ldrb rl0,0x176c
0c3a:  8c84               testb rl0
0c3c:  e6c8               jr z,0x0bce
0c3e:  5e08a1001226       jp <<33>>0x1226
0c44:  3508f928           ldrl rr8,0x0570
0c48:  3009f929           ldrb rl1,0x0575
0c4c:  8c18               clrb rh1
0c4e:  540aa10033a4       ldl rr10,<<33>>0x33a4
0c54:  010b0200           add r11,#0x0200
0c58:  ba8101a0           ldirb @rr10,@rr8,r1
0c5c:  21010d0a           ld r1,#0x0d0a
0c60:  2ea1               ldb @rr10,rh1
0c62:  32a90001           ldb rr10(#0x0001),rl1
0c66:  c9ff               ldb rl1,#0xff
0c68:  32a90002           ldb rr10(#0x0002),rl1
0c6c:  3508f900           ldrl rr8,0x0570
0c70:  a990               inc r9,#1
0c72:  3708f8fa           ldrl 0x0570,rr8
0c76:  3008f8fa           ldrb rl0,0x0574
0c7a:  aa80               decb rl0,#1
0c7c:  3208f8f4           ldrb 0x0574,rl0
0c80:  9e0e               ret nz
0c82:  5408a10033a4       ldl rr8,<<33>>0x33a4
0c88:  3708f8e4           ldrl 0x0570,rr8
0c8c:  3008f8e6           ldrb rl0,0x0576
0c90:  3208f8e0           ldrb 0x0574,rl0
0c94:  9e08               ret 
0c96:  31030abe           ldr r3,0x1758
0c9a:  aa31               decb rh3,#2
0c9c:  cb01               ldb rl3,#0x01
0c9e:  decf               calr 0x0f02
0ca0:  9e08               ret 
0ca2:  e804               jr 0x0cac
0ca4:  34343434           lda rr4,rr3(#0x3434)
0ca8:  34343434           lda rr4,rr3(#0x3434)
0cac:  3008fd0b           ldrb rl0,0x09bb
0cb0:  0a083d3d           cpb rl0,#0x3d
0cb4:  5e06a1001236       jp z,<<33>>0x1236
0cba:  dd8c               calr 0x11a4
0cbc:  dd9d               calr 0x1184
0cbe:  7608a1001dcb       lda rr8,<<33>>0x1dcb
0cc4:  ded6               calr 0x0f1a
0cc6:  7608a1001f55       lda rr8,<<33>>0x1f55
0ccc:  d01c               calr 0x0c96
0cce:  c805               ldb rl0,#0x05
0cd0:  dd32               calr 0x126e
0cd2:  dd64               calr 0x120c
0cd4:  dceb               calr 0x1300
0cd6:  e815               jr 0x0d02
0cd8:  dd2b               calr 0x1284
0cda:  a089               ldb rl1,rl0
0cdc:  c100               ldb rh1,#0x00
0cde:  3406f896           ldar rr6,0x0578
0ce2:  7608a10026da       lda rr8,<<33>>0x26da
0ce8:  df03               calr 0x0ee4
0cea:  31030a12           ldr r3,0x1700
0cee:  7608a10026ba       lda rr8,<<33>>0x26ba
0cf4:  defa               calr 0x0f02
0cf6:  30080a72           ldrb rl0,0x176c
0cfa:  8c84               testb rl0
0cfc:  ee02               jr nz,0x0d02
0cfe:  dd17               calr 0x12d2
0d00:  e8eb               jr 0x0cd8
0d02:  c80c               ldb rl0,#0x0c
0d04:  dd4c               calr 0x126e
0d06:  31020a26           ldr r2,0x1730
0d0a:  0702ff1f           and r2,#0xff1f
0d0e:  33020a1e           ldr 0x1730,r2
0d12:  dd21               calr 0x12d2
0d14:  7608a1001df2       lda rr8,<<33>>0x1df2
0d1a:  defe               calr 0x0f20
0d1c:  7608a1001f55       lda rr8,<<33>>0x1f55
0d22:  d047               calr 0x0c96
0d24:  8d28               clr r2
0d26:  33020a0a           ldr 0x1734,r2
0d2a:  4102a10016f8       add r2,<<33>>0x16f8
0d30:  33020834           ldr 0x1568,r2
0d34:  df1d               calr 0x0efc
0d36:  dd4b               calr 0x12a2
0d38:  0a098080           cpb rl1,#0x80
0d3c:  effc               jr nc,0x0d36
0d3e:  760ca1002e8c       lda rr12,<<33>>0x2e8c
0d44:  310209e8           ldr r2,0x1730
0d48:  21030080           ld r3,#0x0080
0d4c:  a727               bit r2,#7
0d4e:  e601               jr z,0x0d52
0d50:  813d               add r13,r3
0d52:  8133               add r3,r3
0d54:  a726               bit r2,#6
0d56:  e601               jr z,0x0d5a
0d58:  813d               add r13,r3
0d5a:  8c18               clrb rh1
0d5c:  70c00100           ldb rh0,rr12(r1)
0d60:  0a00e0e0           cpb rh0,#0xe0
0d64:  e746               jr c,0x0df2
0d66:  0200e0e0           subb rh0,#0xe0
0d6a:  ee2f               jr nz,0x0dca
0d6c:  a727               bit r2,#7
0d6e:  ee05               jr nz,0x0d7a
0d70:  a527               set r2,#7
0d72:  c80b               ldb rl0,#0x0b
0d74:  dd84               calr 0x126e
0d76:  330209b6           ldr 0x1730,r2
0d7a:  e8dd               jr 0x0d36
0d7c:  a725               bit r2,#5
0d7e:  e6ff               jr z,0x0d7e
0d80:  a327               res r2,#7
0d82:  a325               res r2,#5
0d84:  c80c               ldb rl0,#0x0c
0d86:  dd8d               calr 0x126e
0d88:  e8f6               jr 0x0d76
0d8a:  aa02               decb rh0,#3
0d8c:  e673               jr z,0x0e74
0d8e:  aa00               decb rh0,#1
0d90:  e65b               jr z,0x0e48
0d92:  aa00               decb rh0,#1
0d94:  e666               jr z,0x0e62
0d96:  aa00               decb rh0,#1
0d98:  e677               jr z,0x0e88
0d9a:  aa00               decb rh0,#1
0d9c:  5e06a1000eb2       jp z,<<33>>0x0eb2
0da2:  aa00               decb rh0,#1
0da4:  ee24               jr nz,0x0dee
0da6:  c030               ldb rh0,#0x30
0da8:  e824               jr 0x0df2
0daa:  f011               dbjnz rh0,0x0d8a
0dac:  e8c4               jr 0x0d36
0dae:  f003               dbjnz rh0,0x0daa
0db0:  a725               bit r2,#5
0db2:  eec1               jr nz,0x0d36
0db4:  a525               set r2,#5
0db6:  a527               set r2,#7
0db8:  c80b               ldb rl0,#0x0b
0dba:  dda7               calr 0x126e
0dbc:  e8dc               jr 0x0d76
0dbe:  f009               dbjnz rh0,0x0dae
0dc0:  a326               res r2,#6
0dc2:  e8d9               jr 0x0d76
0dc4:  f004               dbjnz rh0,0x0dbe
0dc6:  8d07               nop
0dc8:  e8d6               jr 0x0d76
0dca:  f004               dbjnz rh0,0x0dc4
0dcc:  a727               bit r2,#7
0dce:  eed8               jr nz,0x0d80
0dd0:  e8b2               jr 0x0d36
0dd2:  f04f               dbjnz rh0,0x0d36
0dd4:  c806               ldb rl0,#0x06
0dd6:  ddb5               calr 0x126e
0dd8:  5e08a1001226       jp <<33>>0x1226
0dde:  f007               dbjnz rh0,0x0dd2
0de0:  dc3c               calr 0x156a
0de2:  e8a9               jr 0x0d36
0de4:  f004               dbjnz rh0,0x0dde
0de6:  dc3f               calr 0x156a
0de8:  e895               jr 0x0d14
0dea:  f004               dbjnz rh0,0x0de4
0dec:  e892               jr 0x0d12
0dee:  f003               dbjnz rh0,0x0dea
0df0:  c030               ldb rh0,#0x30
0df2:  54068400017c       ldl rr6,<<4>>0x017c
0df8:  31050938           ldr r5,0x1734
0dfc:  31040906           ldr r4,0x1706
0e00:  8b45               cp r5,r4
0e02:  e690               jr z,0x0d24
0e04:  310408f0           ldr r4,0x16f8
0e08:  8144               add r4,r4
0e0a:  a940               inc r4,#1
0e0c:  8147               add r7,r4
0e0e:  ac80               exb rh0,rl0
0e10:  dfa3               calr 0x0ecc
0e12:  72680500           ldb rr6(r5),rl0
0e16:  a951               inc r5,#2
0e18:  33050918           ldr 0x1734,r5
0e1c:  a152               ld r2,r5
0e1e:  b321ffff           srl r2,#1
0e22:  310408d2           ldr r4,0x16f8
0e26:  8142               add r2,r4
0e28:  3302073c           ldr 0x1568,r2
0e2c:  df99               calr 0x0efc
0e2e:  c030               ldb rh0,#0x30
0e30:  0a096868           cpb rl1,#0x68
0e34:  ee02               jr nz,0x0e3a
0e36:  8c98               clrb rl1
0e38:  e8dc               jr 0x0df2
0e3a:  0a096565           cpb rl1,#0x65
0e3e:  5e0ea1000d36       jp nz,<<33>>0x0d36
0e44:  c968               ldb rl1,#0x68
0e46:  e8d5               jr 0x0df2
0e48:  310508e8           ldr r5,0x1734
0e4c:  310b08a8           ldr r11,0x16f8
0e50:  81bb               add r11,r11
0e52:  81b5               add r5,r11
0e54:  4b05a1001707       cp r5,<<33>>0x1707
0e5a:  5e0fa1000d36       jp nc,<<33>>0x0d36
0e60:  e81a               jr 0x0e96
0e62:  310508ce           ldr r5,0x1734
0e66:  310b088e           ldr r11,0x16f8
0e6a:  81bb               add r11,r11
0e6c:  8d48               clr r4
0e6e:  9bb4               div rr4,r11
0e70:  99b4               mult rr4,r11
0e72:  e811               jr 0x0e96
0e74:  310508bc           ldr r5,0x1734
0e78:  310b087c           ldr r11,0x16f8
0e7c:  81bb               add r11,r11
0e7e:  83b5               sub r5,r11
0e80:  5e07a1000d36       jp c,<<33>>0x0d36
0e86:  e807               jr 0x0e96
0e88:  310508a8           ldr r5,0x1734
0e8c:  8d54               test r5
0e8e:  5e06a1000d36       jp z,<<33>>0x0d36
0e94:  ab51               dec r5,#2
0e96:  3305089a           ldr 0x1734,r5
0e9a:  a152               ld r2,r5
0e9c:  b321ffff           srl r2,#1
0ea0:  31040854           ldr r4,0x16f8
0ea4:  8142               add r2,r4
0ea6:  330206be           ldr 0x1568,r2
0eaa:  dfd8               calr 0x0efc
0eac:  5e08a1000d36       jp <<33>>0x0d36
0eb2:  3105087e           ldr r5,0x1734
0eb6:  4b05a1001706       cp r5,<<33>>0x1706
0ebc:  5e06a1000d36       jp z,<<33>>0x0d36
0ec2:  a951               inc r5,#2
0ec4:  e8e8               jr 0x0e96
0ec6:  5e08a10017ba       jp <<33>>0x17ba
0ecc:  5e08a1001824       jp <<33>>0x1824
0ed2:  5e08a1001c76       jp <<33>>0x1c76
0ed8:  5e08a1001d2a       jp <<33>>0x1d2a
0ede:  5e08a1001d3a       jp <<33>>0x1d3a
0ee4:  5e08a1001cf6       jp <<33>>0x1cf6
0eea:  5e08a1001d08       jp <<33>>0x1d08
0ef0:  5e08a1001c7e       jp <<33>>0x1c7e
0ef6:  5e08a1001b6e       jp <<33>>0x1b6e
0efc:  5e08a1001ae4       jp <<33>>0x1ae4
0f02:  5e08a1001b40       jp <<33>>0x1b40
0f08:  5e08a1001a48       jp <<33>>0x1a48
0f0e:  5e08a1001b54       jp <<33>>0x1b54
0f14:  5e08a1001b20       jp <<33>>0x1b20
0f1a:  5e08a1001b0e       jp <<33>>0x1b0e
0f20:  5e08a1001bec       jp <<33>>0x1bec
0f26:  5e08a1001c08       jp <<33>>0x1c08
0f2c:  5e08a1001c4a       jp <<33>>0x1c4a
0f32:  5e08a1001c60       jp <<33>>0x1c60
0f38:  5e08a10019ec       jp <<33>>0x19ec
0f3e:  5e08a1001c90       jp <<33>>0x1c90
0f44:  5e08a10019a2       jp <<33>>0x19a2
0f4a:  5e08a1001972       jp <<33>>0x1972
0f50:  5e08a100198a       jp <<33>>0x198a
0f56:  5e08a1001b7e       jp <<33>>0x1b7e
0f5c:  5e08a10019b4       jp <<33>>0x19b4
0f62:  5e08a1001c02       jp <<33>>0x1c02
0f68:  5e08a1001bf8       jp <<33>>0x1bf8
0f6e:  5e08a1001840       jp <<33>>0x1840
0f74:  5e08a1001866       jp <<33>>0x1866
0f7a:  5e08a10018f4       jp <<33>>0x18f4
0f80:  21020100           ld r2,#0x0100
0f84:  33020764           ldr 0x16ec,r2
0f88:  3404075a           ldar rr4,0x16e6
0f8c:  5f0084000018       call <<4>>0x0018
0f92:  a70f               bit r0,#15
0f94:  eefb               jr nz,0x0f8c
0f96:  0a080101           cpb rl0,#0x01
0f9a:  9e08               ret 
0f9c:  300807bf           ldrb rl0,0x175f
0fa0:  6300a1001730       res <<33>>0x1730,#0
0fa6:  8d41               setflg z
0fa8:  9e08               ret 
0faa:  6e00840001ce       ldb <<4>>0x01ce,rh0
0fb0:  91e2               pushl @rr14,rr2
0fb2:  350207b2           ldrl rr2,0x1768
0fb6:  b3250008           slll rr2,#8
0fba:  a08b               ldb rl3,rl0
0fbc:  c200               ldb rh2,#0x00
0fbe:  370207a6           ldrl 0x1768,rr2
0fc2:  320207a6           ldrb 0x176c,rh2
0fc6:  3508079a           ldrl rr8,0x1764
0fca:  9028               cpl rr8,rr2
0fcc:  ee03               jr nz,0x0fd4
0fce:  a820               incb rh2,#1
0fd0:  32020798           ldrb 0x176c,rh2
0fd4:  95e2               popl rr2,@rr14
0fd6:  300df622           ldrb rl5,0x05fc
0fda:  0a0d8080           cpb rl5,#0x80
0fde:  ee02               jr nz,0x0fe4
0fe0:  8d43               resflg z
0fe2:  9e08               ret 
0fe4:  35080760           ldrl rr8,0x1748
0fe8:  340af58c           ldar rr10,0x0578
0fec:  010b0080           add r11,#0x0080
0ff0:  2e88               ldb @rr8,rl0
0ff2:  a8d0               incb rl5,#1
0ff4:  320df604           ldrb 0x05fc,rl5
0ff8:  a990               inc r9,#1
0ffa:  908a               cpl rr10,rr8
0ffc:  ee02               jr nz,0x1002
0ffe:  3408f576           ldar rr8,0x0578
1002:  37080742           ldrl 0x1748,rr8
1006:  8d43               resflg z
1008:  9e08               ret 
100a:  3008f5ee           ldrb rl0,0x05fc
100e:  8c84               testb rl0
1010:  e6fc               jr z,0x100a
1012:  91e6               pushl @rr14,rr6
1014:  91ea               pushl @rr14,rr10
1016:  7c01               di vi
1018:  3008f5e0           ldrb rl0,0x05fc
101c:  aa80               decb rl0,#1
101e:  3208f5da           ldrb 0x05fc,rl0
1022:  3506072a           ldrl rr6,0x1750
1026:  206d               ldb rl5,@rr6
1028:  a970               inc r7,#1
102a:  340af54a           ldar rr10,0x0578
102e:  010b0080           add r11,#0x0080
1032:  906a               cpl rr10,rr6
1034:  ee02               jr nz,0x103a
1036:  3406f53e           ldar rr6,0x0578
103a:  37060712           ldrl 0x1750,rr6
103e:  7c05               ei vi
1040:  95ea               popl rr10,@rr14
1042:  95e6               popl rr6,@rr14
1044:  9e08               ret 
1046:  21002820           ld r0,#0x2820
104a:  7602a1002705       lda rr2,<<33>>0x2705
1050:  37020700           ldrl 0x1754,rr2
1054:  d0c2               calr 0x0ed2
1056:  7608a10026dd       lda rr8,<<33>>0x26dd
105c:  310306b2           ldr r3,0x1712
1060:  5e08a1000f02       jp <<33>>0x0f02
1066:  300b06ee           ldrb rl3,0x1758
106a:  310306ea           ldr r3,0x1758
106e:  8ab2               cpb rh2,rl3
1070:  ef03               jr nc,0x1078
1072:  210a0001           ld r10,#0x0001
1076:  87aa               and r10,r10
1078:  9e08               ret 
107a:  0a020000           cpb rh2,#0x00
107e:  e6f9               jr z,0x1072
1080:  4a0aa1001759       cpb rl2,<<33>>0x1759
1086:  e7f5               jr c,0x1072
1088:  0a0a0000           cpb rl2,#0x00
108c:  e6f2               jr z,0x1072
108e:  bda0               ldk r10,#0
1090:  e8f1               jr 0x1074
1092:  d0d2               calr 0x0ef0
1094:  300f0692           ldrb rl7,0x172a
1098:  300c06bd           ldrb rl4,0x1759
109c:  ab70               dec r7,#1
109e:  9946               mult rr6,r4
10a0:  8177               add r7,r7
10a2:  8d38               clr r3
10a4:  300b0683           ldrb rl3,0x172b
10a8:  d0aa               calr 0x0f56
10aa:  2088               ldb rl0,@rr8
10ac:  0a08ffff           cpb rl0,#0xff
10b0:  e604               jr z,0x10ba
10b2:  2e68               ldb @rr6,rl0
10b4:  a990               inc r9,#1
10b6:  a971               inc r7,#2
10b8:  e8f8               jr 0x10aa
10ba:  1cc10209           ldm r2,@rr12,#10
10be:  30080668           ldrb rl0,0x172a
10c2:  a880               incb rl0,#1
10c4:  32080662           ldrb 0x172a,rl0
10c8:  9e08               ret 
10ca:  300ef530           ldrb rl6,0x05fe
10ce:  8ce4               testb rl6
10d0:  9e06               ret z
10d2:  3103f524           ldr r3,0x05fa
10d6:  7608a1001e40       lda rr8,<<33>>0x1e40
10dc:  d0ee               calr 0x0f02
10de:  9e08               ret 
10e0:  dfcb               calr 0x114c
10e2:  d00d               calr 0x10ca
10e4:  31060648           ldr r6,0x1730
10e8:  7608a1002b40       lda rr8,<<33>>0x2b40
10ee:  a762               bit r6,#2
10f0:  e603               jr z,0x10f8
10f2:  7608a1002d12       lda rr8,<<33>>0x2d12
10f8:  760aa1002bc0       lda rr10,<<33>>0x2bc0
10fe:  340cf37e           ldar rr12,0x0480
1102:  2183               ld r3,@rr8
1104:  a991               inc r9,#2
1106:  0b03ffff           cp r3,#0xffff
110a:  9e06               ret z
110c:  20c8               ldb rl0,@rr12
110e:  a9d0               inc r13,#1
1110:  8c84               testb rl0
1112:  e6f7               jr z,0x1102
1114:  21a5               ld r5,@rr10
1116:  a9b1               inc r11,#2
1118:  91e8               pushl @rr14,rr8
111a:  91ea               pushl @rr14,rr10
111c:  91ec               pushl @rr14,rr12
111e:  d0ee               calr 0x0f44
1120:  95ec               popl rr12,@rr14
1122:  95ea               popl rr10,@rr14
1124:  95e8               popl rr8,@rr14
1126:  e8ed               jr 0x1102
1128:  7608a1001d7d       lda rr8,<<33>>0x1d7d
112e:  d108               calr 0x0f20
1130:  310405d4           ldr r4,0x1708
1134:  760aa10032d8       lda rr10,<<33>>0x32d8
113a:  3100f636           ldr r0,0x0774
113e:  0a080909           cpb rl0,#0x09
1142:  ee14               jr nz,0x116c
1144:  760aa100330c       lda rr10,<<33>>0x330c
114a:  e810               jr 0x116c
114c:  7608a1001d56       lda rr8,<<33>>0x1d56
1152:  d11a               calr 0x0f20
1154:  310405ac           ldr r4,0x1704
1158:  760aa1003298       lda rr10,<<33>>0x3298
115e:  6702a1001730       bit <<33>>0x1730,#2
1164:  ee03               jr nz,0x116c
1166:  760aa1003258       lda rr10,<<33>>0x3258
116c:  330405ea           ldr 0x175a,r4
1170:  330405b6           ldr 0x172a,r4
1174:  20a8               ldb rl0,@rr10
1176:  0a08ffff           cpb rl0,#0xff
117a:  9e06               ret z
117c:  14a8               ldl rr8,@rr10
117e:  d077               calr 0x1092
1180:  a9b3               inc r11,#4
1182:  e8f8               jr 0x1174
1184:  c806               ldb rl0,#0x06
1186:  dff9               calr 0x1196
1188:  c808               ldb rl0,#0x08
118a:  dffb               calr 0x1196
118c:  c80a               ldb rl0,#0x0a
118e:  dffd               calr 0x1196
1190:  c80c               ldb rl0,#0x0c
1192:  dfff               calr 0x1196
1194:  c810               ldb rl0,#0x10
1196:  df95               calr 0x126e
1198:  bd21               ldk r2,#1
119a:  e801               jr 0x119e
119c:  df98               calr 0x126e
119e:  5e08a1001cdc       jp <<33>>0x1cdc
11a4:  d125               calr 0x0f5c
11a6:  8d08               clr r0
11a8:  6e08a100175f       ldb <<33>>0x175f,rl0
11ae:  540c840001f4       ldl rr12,<<4>>0x01f4
11b4:  5408a10033a0       ldl rr8,<<33>>0x33a0
11ba:  210005f4           ld r0,#0x05f4
11be:  bac10080           ldirb @rr8,@rr12,r0
11c2:  5408a10033a0       ldl rr8,<<33>>0x33a0
11c8:  2101011e           ld r1,#0x011e
11cc:  c807               ldb rl0,#0x07
11ce:  91e0               pushl @rr14,rr0
11d0:  71820100           ld r2,rr8(r1)
11d4:  a911               inc r1,#2
11d6:  71830100           ld r3,rr8(r1)
11da:  8b32               cp r2,r3
11dc:  ee03               jr nz,0x11e4
11de:  8d38               clr r3
11e0:  73830100           ld rr8(r1),r3
11e4:  a911               inc r1,#2
11e6:  f809               dbjnz rl0,0x11d6
11e8:  95e0               popl rr0,@rr14
11ea:  a911               inc r1,#2
11ec:  f810               dbjnz rl0,0x11ce
11ee:  d174               calr 0x0f08
11f0:  d163               calr 0x0f2c
11f2:  d18b               calr 0x0ede
11f4:  d15c               calr 0x0f3e
11f6:  3101052e           ldr r1,0x1728
11fa:  540ca1003390       ldl rr12,<<33>>0x3390
1200:  340afda6           ldar rr10,0x0faa
1204:  3408fd94           ldar rr8,0x0f9c
1208:  d14e               calr 0x0f6e
120a:  9e08               ret 
120c:  31010522           ldr r1,0x1732
1210:  540ca1003390       ldl rr12,<<33>>0x3390
1216:  010d0080           add r13,#0x0080
121a:  340affee           ldar rr10,0x120c
121e:  3408ffea           ldar rr8,0x120c
1222:  d15b               calr 0x0f6e
1224:  9e08               ret 
1226:  540ca1003390       ldl rr12,<<33>>0x3390
122c:  010d0080           add r13,#0x0080
1230:  310104fe           ldr r1,0x1732
1234:  d161               calr 0x0f74
1236:  2102ffff           ld r2,#0xffff
123a:  d1a0               calr 0x0efc
123c:  dfa2               calr 0x12fa
123e:  d187               calr 0x0f32
1240:  310104e4           ldr r1,0x1728
1244:  540ca1003390       ldl rr12,<<33>>0x3390
124a:  d16c               calr 0x0f74
124c:  9e08               ret 
124e:  21010800           ld r1,#0x0800
1252:  3008f3a6           ldrb rl0,0x05fc
1256:  8c84               testb rl0
1258:  9e0e               ret nz
125a:  f185               djnz r1,0x1252
125c:  8d14               test r1
125e:  9e08               ret 
1260:  bd88               ldk r8,#8
1262:  c80d               ldb rl0,#0x0d
1264:  dffc               calr 0x126e
1266:  bd21               ldk r2,#1
1268:  d066               calr 0x119e
126a:  f885               djnz r8,0x1262
126c:  9e08               ret 
126e:  320804ed           ldrb 0x175f,rl0
1272:  6500a1001730       set <<33>>0x1730,#0
1278:  dfb0               calr 0x131a
127a:  6700a1001730       bit <<33>>0x1730,#0
1280:  eefc               jr nz,0x127a
1282:  9e08               ret 
1284:  3008f374           ldrb rl0,0x05fc
1288:  8c84               testb rl0
128a:  e6fc               jr z,0x1284
128c:  9e08               ret 
128e:  6008a100176e       ldb rl0,<<33>>0x176e
1294:  0a081111           cpb rl0,#0x11
1298:  3008f360           ldrb rl0,0x05fc
129c:  8c84               testb rl0
129e:  e6f7               jr z,0x128e
12a0:  9e08               ret 
12a2:  d010               calr 0x1284
12a4:  7c01               di vi
12a6:  350804a6           ldrl rr8,0x1750
12aa:  30890000           ldb rl1,rr8(#0x0000)
12ae:  a990               inc r9,#1
12b0:  340af2c4           ldar rr10,0x0578
12b4:  010b0080           add r11,#0x0080
12b8:  90a8               cpl rr8,rr10
12ba:  ee02               jr nz,0x12c0
12bc:  3408f2b8           ldar rr8,0x0578
12c0:  3708048c           ldrl 0x1750,rr8
12c4:  3001f334           ldrb rh1,0x05fc
12c8:  aa10               decb rh1,#1
12ca:  3201f32e           ldrb 0x05fc,rh1
12ce:  7c05               ei vi
12d0:  9e08               ret 
12d2:  5c090203a1001740   ldm <<33>>0x1740,r2,#4
12da:  3402f29a           ldar rr2,0x0578
12de:  8cc8               clrb rl4
12e0:  7c01               di vi
12e2:  3702046a           ldrl 0x1750,rr2
12e6:  3702045e           ldrl 0x1748,rr2
12ea:  320cf30e           ldrb 0x05fc,rl4
12ee:  7c05               ei vi
12f0:  5c010203a1001740   ldm r2,<<33>>0x1740,#4
12f8:  9e08               ret 
12fa:  21000300           ld r0,#0x0300
12fe:  e803               jr 0x1306
1300:  d018               calr 0x12d2
1302:  21000200           ld r0,#0x0200
1306:  340403dc           ldar rr4,0x16e6
130a:  33400006           ld rr4(#0x0006),r0
130e:  5f0084000018       call <<4>>0x0018
1314:  a70f               bit r0,#15
1316:  eefb               jr nz,0x130e
1318:  9e08               ret 
131a:  21000100           ld r0,#0x0100
131e:  e8f3               jr 0x1306
1320:  00000000           addb rh0,#0x00
1324:  00000000           addb rh0,#0x00
1328:  3208fffa           ldrb 0x1326,rl0
132c:  d017               calr 0x1300
132e:  91e8               pushl @rr14,rr8
1330:  7608a1001f8f       lda rr8,<<33>>0x1f8f
1336:  3708ffe6           ldrl 0x1320,rr8
133a:  9482               ldl rr2,rr8
133c:  21001720           ld r0,#0x1720
1340:  d238               calr 0x0ed2
1342:  95e8               popl rr8,@rr14
1344:  c808               ldb rl0,#0x08
1346:  3208ffda           ldrb 0x1324,rl0
134a:  c800               ldb rl0,#0x00
134c:  3208f2ad           ldrb 0x05fd,rl0
1350:  d072               calr 0x126e
1352:  bd28               ldk r2,#8
1354:  d0dc               calr 0x119e
1356:  d043               calr 0x12d2
1358:  c805               ldb rl0,#0x05
135a:  d077               calr 0x126e
135c:  21a3               ld r3,@rr10
135e:  0a03ffff           cpb rh3,#0xff
1362:  5e06a10014d8       jp z,<<33>>0x14d8
1368:  208d               ldb rl5,@rr8
136a:  320dffb9           ldrb 0x1327,rl5
136e:  0a0dffff           cpb rl5,#0xff
1372:  e632               jr z,0x13d8
1374:  c805               ldb rl0,#0x05
1376:  320803e3           ldrb 0x175d,rl0
137a:  0a0dfdfd           cpb rl5,#0xfd
137e:  e63b               jr z,0x13f6
1380:  0a0dfefe           cpb rl5,#0xfe
1384:  ee08               jr nz,0x1396
1386:  91e8               pushl @rr14,rr8
1388:  3508f17c           ldrl rr8,0x0508
138c:  208d               ldb rl5,@rr8
138e:  a990               inc r9,#1
1390:  3708f174           ldrl 0x0508,rr8
1394:  95e8               popl rr8,@rr14
1396:  320d03c7           ldrb 0x1761,rl5
139a:  d259               calr 0x0eea
139c:  d22d               calr 0x0f44
139e:  3303038a           ldr 0x172c,r3
13a2:  d22d               calr 0x0f4a
13a4:  d091               calr 0x1284
13a6:  300903c2           ldrb rl1,0x176c
13aa:  8c94               testb rl1
13ac:  9e0e               ret nz
13ae:  d1d3               calr 0x100a
13b0:  0a0dfdfd           cpb rl5,#0xfd
13b4:  ee02               jr nz,0x13ba
13b6:  df5e               calr 0x14fc
13b8:  e8f5               jr 0x13a4
13ba:  a0d9               ldb rl1,rl5
13bc:  d076               calr 0x12d2
13be:  300dff64           ldrb rl5,0x1326
13c2:  0a0d0202           cpb rl5,#0x02
13c6:  e601               jr z,0x13ca
13c8:  def9               calr 0x15d8
13ca:  300d0393           ldrb rl5,0x1761
13ce:  8a9d               cpb rl5,rl1
13d0:  ee15               jr nz,0x13fc
13d2:  31030356           ldr r3,0x172c
13d6:  d244               calr 0x0f50
13d8:  300bff4b           ldrb rl3,0x1327
13dc:  0a0bfefe           cpb rl3,#0xfe
13e0:  ee09               jr nz,0x13f4
13e2:  cbfc               ldb rl3,#0xfc
13e4:  320bff3f           ldrb 0x1327,rl3
13e8:  cb05               ldb rl3,#0x05
13ea:  320b036f           ldrb 0x175d,rl3
13ee:  3103033a           ldr r3,0x172c
13f2:  e8c9               jr 0x1386
13f4:  a9b1               inc r11,#2
13f6:  a990               inc r9,#1
13f8:  e8b1               jr 0x135c
13fa:  0000ad15           addb rh0,#0x15
13fe:  3301fff8           ldr 0x13fa,r1
1402:  6a00a100175d       decb <<33>>0x175d,#1
1408:  540ca1003394       ldl rr12,<<33>>0x3394
140e:  1cc90209           ldm @rr12,r2,#10
1412:  ee1e               jr nz,0x1450
1414:  540ca1003394       ldl rr12,<<33>>0x3394
141a:  1cc90209           ldm @rr12,r2,#10
141e:  d29b               calr 0x0eea
1420:  3008ff00           ldrb rl0,0x1324
1424:  8c84               testb rl0
1426:  e60e               jr z,0x1444
1428:  aa80               decb rl0,#1
142a:  3208fef6           ldrb 0x1324,rl0
142e:  3105ffc8           ldr r5,0x13fa
1432:  d2a5               calr 0x0eea
1434:  3508fee8           ldrl rr8,0x1320
1438:  2e85               ldb @rr8,rh5
143a:  a990               inc r9,#1
143c:  2e8d               ldb @rr8,rl5
143e:  a991               inc r9,#2
1440:  3708fedc           ldrl 0x1320,rr8
1444:  540ca1003394       ldl rr12,<<33>>0x3394
144a:  1cc10209           ldm r2,@rr12,#10
144e:  e8c4               jr 0x13d8
1450:  370c02f0           ldrl 0x1744,rr12
1454:  d2b6               calr 0x0eea
1456:  7608a1002730       lda rr8,<<33>>0x2730
145c:  3385000c           ld rr8(#0x000c),r5
1460:  310302a6           ldr r3,0x170a
1464:  d2b2               calr 0x0f02
1466:  d104               calr 0x1260
1468:  6400a100175c       setb <<33>>0x175c,#0
146e:  31030298           ldr r3,0x170a
1472:  cb01               ldb rl3,#0x01
1474:  21020030           ld r2,#0x0030
1478:  d2a1               calr 0x0f38
147a:  d0fc               calr 0x1284
147c:  300802ec           ldrb rl0,0x176c
1480:  8c84               testb rl0
1482:  9e0e               ret nz
1484:  d23e               calr 0x100a
1486:  0a0dfdfd           cpb rl5,#0xfd
148a:  ee02               jr nz,0x1490
148c:  dfc9               calr 0x14fc
148e:  e8f5               jr 0x147a
1490:  a0d8               ldb rl0,rl5
1492:  d0e1               calr 0x12d2
1494:  0a086161           cpb rl0,#0x61
1498:  e614               jr z,0x14c2
149a:  0a085252           cpb rl0,#0x52
149e:  eeed               jr nz,0x147a
14a0:  bd31               ldk r3,#1
14a2:  3209f157           ldrb 0x05fd,rl1
14a6:  31030260           ldr r3,0x170a
14aa:  d2c3               calr 0x0f26
14ac:  540ca1003394       ldl rr12,<<33>>0x3394
14b2:  1cc10209           ldm r2,@rr12,#10
14b6:  21059596           ld r5,#0x9596
14ba:  3103026e           ldr r3,0x172c
14be:  d2be               calr 0x0f44
14c0:  e888               jr 0x13d2
14c2:  31030244           ldr r3,0x170a
14c6:  d2d1               calr 0x0f26
14c8:  540ca1003394       ldl rr12,<<33>>0x3394
14ce:  1cc10209           ldm r2,@rr12,#10
14d2:  5e08a10013a4       jp <<33>>0x13a4
14d8:  c806               ldb rl0,#0x06
14da:  d137               calr 0x126e
14dc:  d0f2               calr 0x12fa
14de:  7608a1001e8e       lda rr8,<<33>>0x1e8e
14e4:  31030224           ldr r3,0x170c
14e8:  d2f4               calr 0x0f02
14ea:  210200f0           ld r2,#0x00f0
14ee:  d1a9               calr 0x119e
14f0:  3008fe30           ldrb rl0,0x1324
14f4:  0a080808           cpb rl0,#0x08
14f8:  8d45               comflg z
14fa:  9e08               ret 
14fc:  d27a               calr 0x100a
14fe:  540ca1003398       ldl rr12,<<33>>0x3398
1504:  1cc90209           ldm @rr12,r2,#10
1508:  3008f0f2           ldrb rl0,0x05fe
150c:  8c84               testb rl0
150e:  e626               jr z,0x155c
1510:  c903               ldb rl1,#0x03
1512:  7608a1001e40       lda rr8,<<33>>0x1e40
1518:  9486               ldl rr6,rr8
151a:  a99c               inc r9,#13
151c:  01070026           add r7,#0x0026
1520:  946a               ldl rr10,rr6
1522:  a0d5               ldb rh5,rl5
1524:  b2d1fffe           srlb rl5,#2
1528:  06050303           andb rh5,#0x03
152c:  0a090303           cpb rl1,#0x03
1530:  ee05               jr nz,0x153c
1532:  0a050303           cpb rh5,#0x03
1536:  e602               jr z,0x153c
1538:  08050303           xorb rh5,#0x03
153c:  a850               incb rh5,#1
153e:  94a6               ldl rr6,rr10
1540:  a977               inc r7,#8
1542:  f502               dbjnz rh5,0x1540
1544:  ab77               dec r7,#8
1546:  bd08               ldk r0,#8
1548:  ba610080           ldirb @rr8,@rr6,r0
154c:  f916               dbjnz rl1,0x1522
154e:  7608a1001e40       lda rr8,<<33>>0x1e40
1554:  3103f0a2           ldr r3,0x05fa
1558:  d32c               calr 0x0f02
155a:  d145               calr 0x12d2
155c:  540ca1003398       ldl rr12,<<33>>0x3398
1562:  1cc10209           ldm r2,@rr12,#10
1566:  9e08               ret 
1568:  00003102           addb rh0,#0x02
156c:  018a               add r10,@rr8
156e:  8122               add r2,r2
1570:  a920               inc r2,#1
1572:  330201c2           ldr 0x1738,r2
1576:  310501ba           ldr r5,0x1734
157a:  8d54               test r5
157c:  9e06               ret z
157e:  2102ffff           ld r2,#0xffff
1582:  d344               calr 0x0efc
1584:  330501b2           ldr 0x173a,r5
1588:  54068400017c       ldl rr6,<<4>>0x017c
158e:  5408a10033a4       ldl rr8,<<33>>0x33a4
1594:  948a               ldl rr10,rr8
1596:  3105019e           ldr r5,0x1738
159a:  300001bb           ldrb rh0,0x1759
159e:  70680500           ldb rl0,rr6(r5)
15a2:  2e88               ldb @rr8,rl0
15a4:  a951               inc r5,#2
15a6:  a990               inc r9,#1
15a8:  f006               dbjnz rh0,0x159e
15aa:  3305018a           ldr 0x1738,r5
15ae:  3088ffff           ldb rl0,rr8(#0xffff)
15b2:  0a082020           cpb rl0,#0x20
15b6:  ee03               jr nz,0x15be
15b8:  ab90               dec r9,#1
15ba:  90a8               cpl rr8,rr10
15bc:  eef8               jr nz,0x15ae
15be:  31050178           ldr r5,0x173a
15c2:  31040132           ldr r4,0x16f8
15c6:  8144               add r4,r4
15c8:  8345               sub r5,r4
15ca:  e601               jr z,0x15ce
15cc:  efdb               jr nc,0x1584
15ce:  3102ff96           ldr r2,0x1568
15d2:  d36c               calr 0x0efc
15d4:  9e08               ret 
15d6:  0079               addb rl1,@rr7
15d8:  91e0               pushl @rr14,rr0
15da:  91e2               pushl @rr14,rr2
15dc:  91e4               pushl @rr14,rr4
15de:  91e6               pushl @rr14,rr6
15e0:  91e8               pushl @rr14,rr8
15e2:  5404a10033a0       ldl rr4,<<33>>0x33a0
15e8:  7606a1002758       lda rr6,<<33>>0x2758
15ee:  a970               inc r7,#1
15f0:  c008               ldb rh0,#0x08
15f2:  2048               ldb rl0,@rr4
15f4:  2e68               ldb @rr6,rl0
15f6:  a950               inc r5,#1
15f8:  a971               inc r7,#2
15fa:  f005               dbjnz rh0,0x15f2
15fc:  a971               inc r7,#2
15fe:  9468               ldl rr8,rr6
1600:  0105003e           add r5,#0x003e
1604:  9442               ldl rr2,rr4
1606:  01050108           add r5,#0x0108
160a:  2140               ld r0,@rr4
160c:  b301ffff           srl r0,#1
1610:  3208ffc2           ldrb 0x15d6,rl0
1614:  3008ffbf           ldrb rl0,0x15d7
1618:  8a98               cpb rl0,rl1
161a:  ef09               jr nc,0x162e
161c:  ce83               ldb rl6,#0x83
161e:  3006ffb4           ldrb rh6,0x15d6
1622:  2e8e               ldb @rr8,rl6
1624:  328e0050           ldb rr8(#0x0050),rl6
1628:  a993               inc r9,#4
162a:  f605               dbjnz rh6,0x1622
162c:  e824               jr 0x1676
162e:  8c18               clrb rh1
1630:  8111               add r1,r1
1632:  8d08               clr r0
1634:  91e4               pushl @rr14,rr4
1636:  2146               ld r6,@rr4
1638:  8165               add r5,r6
163a:  71460100           ld r6,rr4(r1)
163e:  0a062020           cpb rh6,#0x20
1642:  e60b               jr z,0x165a
1644:  0a062121           cpb rh6,#0x21
1648:  e608               jr z,0x165a
164a:  0a062424           cpb rh6,#0x24
164e:  e605               jr z,0x165a
1650:  8d07               nop
1652:  8d07               nop
1654:  ce83               ldb rl6,#0x83
1656:  a0e6               ldb rh6,rl6
1658:  e803               jr 0x1660
165a:  8c68               clrb rh6
165c:  70260600           ldb rh6,rr2(r6)
1660:  2e86               ldb @rr8,rh6
1662:  328e0050           ldb rr8(#0x0050),rl6
1666:  95e4               popl rr4,@rr14
1668:  a951               inc r5,#2
166a:  a993               inc r9,#4
166c:  a900               inc r0,#1
166e:  4a08a10015d6       cpb rl0,<<33>>0x15d6
1674:  e7df               jr c,0x1634
1676:  310600b6           ldr r6,0x1730
167a:  21010c80           ld r1,#0x0c80
167e:  a762               bit r6,#2
1680:  54028400017c       ldl rr2,<<4>>0x017c
1686:  e602               jr z,0x168c
1688:  210103c0           ld r1,#0x03c0
168c:  8113               add r3,r1
168e:  7604a1002758       lda rr4,<<33>>0x2758
1694:  21000028           ld r0,#0x0028
1698:  bb410020           ldir @rr2,@rr4,r0
169c:  21010d30           ld r1,#0x0d30
16a0:  54028400017c       ldl rr2,<<4>>0x017c
16a6:  a762               bit r6,#2
16a8:  e602               jr z,0x16ae
16aa:  21010420           ld r1,#0x0420
16ae:  8113               add r3,r1
16b0:  7604a10027b8       lda rr4,<<33>>0x27b8
16b6:  21000021           ld r0,#0x0021
16ba:  95e8               popl rr8,@rr14
16bc:  95e6               popl rr6,@rr14
16be:  95e4               popl rr4,@rr14
16c0:  95e2               popl rr2,@rr14
16c2:  95e0               popl rr0,@rr14
16c4:  9e08               ret 
16c6:  00000000           addb rh0,#0x00
16ca:  00000000           addb rh0,#0x00
16ce:  00000000           addb rh0,#0x00
16d2:  00000000           addb rh0,#0x00
16d6:  00000000           addb rh0,#0x00
16da:  00000000           addb rh0,#0x00
16de:  00000000           addb rh0,#0x00
16e2:  00000000           addb rh0,#0x00
16e6:  fe01               dbjnz rl6,0x16e6
16e8:  00000000           addb rh0,#0x00
16ec:  01000000           add r0,#0x0000
16f0:  00000000           addb rh0,#0x00
16f4:  ffff               djnz r15,0x15f8
16f6:  014e               add r14,@rr4
16f8:  0050               addb rh0,@rr5
16fa:  03011703           sub r1,#0x1703
16fe:  03021220           sub r2,#0x1220
1702:  0103050a           add r3,#0x050a
1706:  0c80               comb @rr8
1708:  0622               andb rh2,@rr2
170a:  1714               pop @rr4,@rr1
170c:  1910               mult rr0,@rr1
170e:  3f5a               out @r5,r10
1710:  f0f0               djnz r0,0x1632
1712:  0b010050           cp r1,#0x0050
1716:  1703               .word #0x1703
1718:  1220               subl rr0,@rr2
171a:  050a0c80           or r10,#0x0c80
171e:  0622               andb rh2,@rr2
1720:  1714               pop @rr4,@rr1
1722:  1910               mult rr0,@rr1
1724:  0b01fe00           cp r1,#0xfe00
1728:  fe01               dbjnz rl6,0x1728
172a:  00000000           addb rh0,#0x00
172e:  00000001           addb rh0,#0x01
1732:  ff00               dbjnz rl7,0x1734
1734:  00000000           addb rh0,#0x00
1738:  00000000           addb rh0,#0x00
173c:  00000000           addb rh0,#0x00
1740:  00000000           addb rh0,#0x00
1744:  00000000           addb rh0,#0x00
1748:  00000002           addb rh0,#0x02
174c:  00000000           addb rh0,#0x00
1750:  00000000           addb rh0,#0x00
1754:  00000000           addb rh0,#0x00
1758:  1950               mult rr0,@rr5
175a:  00000000           addb rh0,#0x00
175e:  00060000           addb rh6,#0x00
1762:  00000044           addb rh0,#0x44
1766:  393f               .word #0x393f
1768:  00005752           addb rh0,#0x52
176c:  00000052           addb rh0,#0x52
1770:  454c4541           or r12,<<69>>0x0041(r4)
1774:  5345443a           push @rr4,<<68>>0x003a(r5)
1778:  2058               ldb rl0,@rr5
177a:  582e5858           multl rq14,<<88>>0x0058(r2)
177e:  2e58               ldb @rr5,rl0
1780:  58585840           multl rq8,<<88>>0x0040(r5)
1784:  64003537           setb <<53>>0x0037,#0
1788:  3537393a           ldl rr7,rr3(#0x393a)
178c:  3b00               .word #0x3b00
178e:  3c3d               inb rl5,@r3
1790:  3e3f               outb @r3,rl7
1792:  40414243           addb rh1,<<66>>0x0043(r4)
1796:  44464748           orb rh6,<<71>>0x0048(r4)
179a:  494a4b4c           xor r10,<<75>>0x004c(r4)
179e:  4e5152535456       ext4e #0x4e515253,<<84>>0x0056
17a4:  595a5b5c           mult rr10,<<91>>0x005c(r5)
17a8:  5e616263           jp lt,<<98>>0x0063(r6)
17ac:  64656668           setb <<102>>0x0068(r6),#5
17b0:  6e6f7076           ldb <<112>>0x0076(r6),rl7
17b4:  77780000           ldl rr7(r0),rr8
17b8:  80ff               addb rl7,rl7
17ba:  5404840001f4       ldl rr4,<<4>>0x01f4
17c0:  91e4               pushl @rr14,rr4
17c2:  01050046           add r5,#0x0046
17c6:  95e8               popl rr8,@rr14
17c8:  0109014e           add r9,#0x014e
17cc:  2187               ld r7,@rr8
17ce:  91e8               pushl @rr14,rr8
17d0:  8179               add r9,r7
17d2:  760aa1002e8c       lda rr10,<<33>>0x2e8c
17d8:  dff7               calr 0x17ec
17da:  95e8               popl rr8,@rr14
17dc:  a991               inc r9,#2
17de:  2187               ld r7,@rr8
17e0:  8179               add r9,r7
17e2:  760aa1002e8c       lda rr10,<<33>>0x2e8c
17e8:  010b0080           add r11,#0x0080
17ec:  8d68               clr r6
17ee:  340cff94           ldar rr12,0x1786
17f2:  8d28               clr r2
17f4:  70c80200           ldb rl0,rr12(r2)
17f8:  8a8e               cpb rl6,rl0
17fa:  e703               jr c,0x1802
17fc:  e60e               jr z,0x181a
17fe:  a920               inc r2,#1
1800:  e8f9               jr 0x17f4
1802:  a167               ld r7,r6
1804:  8177               add r7,r7
1806:  71830700           ld r3,rr8(r7)
180a:  8cb4               testb rl3
180c:  ee01               jr nz,0x1810
180e:  cbff               ldb rl3,#0xff
1810:  8c38               clrb rh3
1812:  8d07               nop
1814:  8d07               nop
1816:  72ab0600           ldb rr10(r6),rl3
181a:  a960               inc r6,#1
181c:  0a0e7a7a           cpb rl6,#0x7a
1820:  eee8               jr nz,0x17f2
1822:  9e08               ret 
1824:  91e4               pushl @rr14,rr4
1826:  93e1               push @rr14,r1
1828:  5404840001f4       ldl rr4,<<4>>0x01f4
182e:  01050046           add r5,#0x0046
1832:  8d18               clr r1
1834:  a089               ldb rl1,rl0
1836:  70480100           ldb rl0,rr4(r1)
183a:  97e1               pop r1,@rr14
183c:  95e4               popl rr4,@rr14
183e:  9e08               ret 
1840:  540280000000       ldl rr2,<<0>>0x0000
1846:  a114               ld r4,r1
1848:  0b24               cp r4,@rr2
184a:  e602               jr z,0x1850
184c:  a933               inc r3,#4
184e:  e8fb               jr 0x1846
1850:  a931               inc r3,#2
1852:  2123               ld r3,@rr2
1854:  1424               ldl rr4,@rr2
1856:  1dc4               ldl @rr12,rr4
1858:  1d2a               ldl @rr2,rr10
185a:  a933               inc r3,#4
185c:  1424               ldl rr4,@rr2
185e:  a9d3               inc r13,#4
1860:  1dc4               ldl @rr12,rr4
1862:  1d28               ldl @rr2,rr8
1864:  9e08               ret 
1866:  540280000000       ldl rr2,<<0>>0x0000
186c:  a114               ld r4,r1
186e:  0b24               cp r4,@rr2
1870:  e602               jr z,0x1876
1872:  a933               inc r3,#4
1874:  e8fb               jr 0x186c
1876:  a931               inc r3,#2
1878:  2123               ld r3,@rr2
187a:  14c4               ldl rr4,@rr12
187c:  1d24               ldl @rr2,rr4
187e:  a933               inc r3,#4
1880:  a9d3               inc r13,#4
1882:  14c4               ldl rr4,@rr12
1884:  1d24               ldl @rr2,rr4
1886:  9e08               ret 
1888:  91e8               pushl @rr14,rr8
188a:  c020               ldb rh0,#0x20
188c:  2088               ldb rl0,@rr8
188e:  0a083030           cpb rl0,#0x30
1892:  ee05               jr nz,0x189e
1894:  2e80               ldb @rr8,rh0
1896:  a990               inc r9,#1
1898:  f107               dbjnz rh1,0x188c
189a:  ab90               dec r9,#1
189c:  2e89               ldb @rr8,rl1
189e:  95e8               popl rr8,@rr14
18a0:  9e08               ret 
18a2:  2088               ldb rl0,@rr8
18a4:  a880               incb rl0,#1
18a6:  2e88               ldb @rr8,rl0
18a8:  0a083a3a           cpb rl0,#0x3a
18ac:  9e07               ret c
18ae:  c830               ldb rl0,#0x30
18b0:  2e88               ldb @rr8,rl0
18b2:  ab90               dec r9,#1
18b4:  f00a               dbjnz rh0,0x18a2
18b6:  9e08               ret 
18b8:  a101               ld r1,r0
18ba:  b3010002           sll r0,#2
18be:  8110               add r0,r1
18c0:  b3010001           sll r0,#1
18c4:  9e08               ret 
18c6:  c052               ldb rh0,#0x52
18c8:  0a08a5a5           cpb rl0,#0xa5
18cc:  9e06               ret z
18ce:  c047               ldb rh0,#0x47
18d0:  0a08a7a7           cpb rl0,#0xa7
18d4:  9e06               ret z
18d6:  a080               ldb rh0,rl0
18d8:  06000f0f           andb rh0,#0x0f
18dc:  0a000606           cpb rh0,#0x06
18e0:  ee01               jr nz,0x18e4
18e2:  8c08               clrb rh0
18e4:  0a000a0a           cpb rh0,#0x0a
18e8:  e702               jr c,0x18ee
18ea:  02000808           subb rh0,#0x08
18ee:  04003030           orb rh0,#0x30
18f2:  9e08               ret 
18f4:  7608a0000030       lda rr8,<<32>>0x0030
18fa:  7606a1001779       lda rr6,<<33>>0x1779
1900:  bd0a               ldk r0,#10
1902:  ba810060           ldirb @rr6,@rr8,r0
1906:  6103a1001758       ld r3,<<33>>0x1758
190c:  cb03               ldb rl3,#0x03
190e:  aa34               decb rh3,#5
1910:  7608a100176f       lda rr8,<<33>>0x176f
1916:  deec               calr 0x1b40
1918:  9e08               ret 
191a:  91e0               pushl @rr14,rr0
191c:  93e4               push @rr14,r4
191e:  bd1a               ldk r1,#10
1920:  bd0d               ldk r0,#13
1922:  71840100           ld r4,rr8(r1)
1926:  ab11               dec r1,#2
1928:  73840100           ld rr8(r1),r4
192c:  a913               inc r1,#4
192e:  f087               djnz r0,0x1922
1930:  ab11               dec r1,#2
1932:  73850100           ld rr8(r1),r5
1936:  97e4               pop r4,@rr14
1938:  95e0               popl rr0,@rr14
193a:  9e08               ret 
193c:  6104a1001704       ld r4,<<33>>0x1704
1942:  760aa1003340       lda rr10,<<33>>0x3340
1948:  6702a1001730       bit <<33>>0x1730,#2
194e:  ee03               jr nz,0x1956
1950:  760aa1003342       lda rr10,<<33>>0x3342
1956:  6f04a100175a       ld <<33>>0x175a,r4
195c:  6f04a100172a       ld <<33>>0x172a,r4
1962:  20a8               ldb rl0,@rr10
1964:  0a08ffff           cpb rl0,#0xff
1968:  9e06               ret z
196a:  14a8               ldl rr8,@rr10
196c:  dee2               calr 0x1baa
196e:  a9b3               inc r11,#4
1970:  e8f8               jr 0x1962
1972:  de7b               calr 0x1c7e
1974:  def5               calr 0x1b8c
1976:  2068               ldb rl0,@rr6
1978:  04083030           orb rl0,#0x30
197c:  2e68               ldb @rr6,rl0
197e:  a971               inc r7,#2
1980:  2068               ldb rl0,@rr6
1982:  04083030           orb rl0,#0x30
1986:  2e68               ldb @rr6,rl0
1988:  e812               jr 0x19ae
198a:  de87               calr 0x1c7e
198c:  df01               calr 0x1b8c
198e:  2068               ldb rl0,@rr6
1990:  0608cfcf           andb rl0,#0xcf
1994:  2e68               ldb @rr6,rl0
1996:  a971               inc r7,#2
1998:  2068               ldb rl0,@rr6
199a:  0608cfcf           andb rl0,#0xcf
199e:  2e68               ldb @rr6,rl0
19a0:  e806               jr 0x19ae
19a2:  de93               calr 0x1c7e
19a4:  df0d               calr 0x1b8c
19a6:  a970               inc r7,#1
19a8:  2e65               ldb @rr6,rh5
19aa:  a971               inc r7,#2
19ac:  2e6d               ldb @rr6,rl5
19ae:  1cc10209           ldm r2,@rr12,#10
19b2:  9e08               ret 
19b4:  600884000179       ldb rl0,<<4>>0x0179
19ba:  b2810004           sllb rl0,#4
19be:  8c08               clrb rh0
19c0:  6101a1001726       ld r1,<<33>>0x1726
19c6:  8501               or r1,r0
19c8:  33010010           ldr 0x19dc,r1
19cc:  a910               inc r1,#1
19ce:  6f01a1001728       ld <<33>>0x1728,r1
19d4:  6f01a10016e6       ld <<33>>0x16e6,r1
19da:  9e08               ret 
19dc:  fe00               dbjnz rl6,0x19de
19de:  ffff               djnz r15,0x18e2
19e0:  ffff               djnz r15,0x18e4
19e2:  0100ffff           add r0,#0xffff
19e6:  ffff               djnz r15,0x18ea
19e8:  ffff               djnz r15,0x18ec
19ea:  ffff               djnz r15,0x18ee
19ec:  deb8               calr 0x1c7e
19ee:  600ca1001759       ldb rl4,<<33>>0x1759
19f4:  8d88               clr r8
19f6:  8d98               clr r9
19f8:  a149               ld r9,r4
19fa:  a0bf               ldb rl7,rl3
19fc:  9946               mult rr6,r4
19fe:  a03c               ldb rl4,rh3
1a00:  ab40               dec r4,#1
1a02:  9948               mult rr8,r4
1a04:  9688               addl rr8,rr8
1a06:  56088400017c       addl rr8,<<4>>0x017c
1a0c:  2088               ldb rl0,@rr8
1a0e:  8c24               testb rh2
1a10:  e602               jr z,0x1a16
1a12:  86a8               andb rl0,rl2
1a14:  e801               jr 0x1a18
1a16:  84a8               orb rl0,rl2
1a18:  2e88               ldb @rr8,rl0
1a1a:  a991               inc r9,#2
1a1c:  f789               djnz r7,0x1a0c
1a1e:  1cc10209           ldm r2,@rr12,#10
1a22:  9e08               ret 
1a24:  ded4               calr 0x1c7e
1a26:  a02c               ldb rl4,rh2
1a28:  a149               ld r9,r4
1a2a:  df5f               calr 0x1b6e
1a2c:  2068               ldb rl0,@rr6
1a2e:  6600a100175c       bitb <<33>>0x175c,#0
1a34:  ee02               jr nz,0x1a3a
1a36:  86a8               andb rl0,rl2
1a38:  e801               jr 0x1a3c
1a3a:  84a8               orb rl0,rl2
1a3c:  2e68               ldb @rr6,rl0
1a3e:  a971               inc r7,#2
1a40:  f98b               djnz r9,0x1a2c
1a42:  1cc10209           ldm r2,@rr12,#10
1a46:  9e08               ret 
1a48:  21020100           ld r2,#0x0100
1a4c:  3302ff92           ldr 0x19e2,r2
1a50:  dfad               calr 0x1af8
1a52:  6502a1001730       set <<33>>0x1730,#2
1a58:  21021028           ld r2,#0x1028
1a5c:  6f02a1001758       ld <<33>>0x1758,r2
1a62:  8c28               clrb rh2
1a64:  6f02a10016f8       ld <<33>>0x16f8,r2
1a6a:  0a080101           cpb rl0,#0x01
1a6e:  9e06               ret z
1a70:  6302a1001730       res <<33>>0x1730,#2
1a76:  0a080303           cpb rl0,#0x03
1a7a:  ee05               jr nz,0x1a86
1a7c:  21020200           ld r2,#0x0200
1a80:  3302ff5e           ldr 0x19e2,r2
1a84:  dfc7               calr 0x1af8
1a86:  21021950           ld r2,#0x1950
1a8a:  6f02a1001758       ld <<33>>0x1758,r2
1a90:  760aa10016f8       lda rr10,<<33>>0x16f8
1a96:  760ca1001714       lda rr12,<<33>>0x1714
1a9c:  21c2               ld r2,@rr12
1a9e:  a9d1               inc r13,#2
1aa0:  33a20000           ld rr10(#0x0000),r2
1aa4:  21c2               ld r2,@rr12
1aa6:  a9d1               inc r13,#2
1aa8:  33a20004           ld rr10(#0x0004),r2
1aac:  21c2               ld r2,@rr12
1aae:  a9d1               inc r13,#2
1ab0:  33a20008           ld rr10(#0x0008),r2
1ab4:  21c2               ld r2,@rr12
1ab6:  a9d1               inc r13,#2
1ab8:  33a2000c           ld rr10(#0x000c),r2
1abc:  21c2               ld r2,@rr12
1abe:  a9d1               inc r13,#2
1ac0:  33a2000e           ld rr10(#0x000e),r2
1ac4:  21c2               ld r2,@rr12
1ac6:  a9d1               inc r13,#2
1ac8:  33a20010           ld rr10(#0x0010),r2
1acc:  21c2               ld r2,@rr12
1ace:  a9d1               inc r13,#2
1ad0:  33a20012           ld rr10(#0x0012),r2
1ad4:  21c2               ld r2,@rr12
1ad6:  a9d1               inc r13,#2
1ad8:  33a20014           ld rr10(#0x0014),r2
1adc:  21c2               ld r2,@rr12
1ade:  33a2001a           ld rr10(#0x001a),r2
1ae2:  9e08               ret 
1ae4:  33050024           ldr 0x1b0c,r5
1ae8:  3302fef8           ldr 0x19e4,r2
1aec:  21020300           ld r2,#0x0300
1af0:  3302feee           ldr 0x19e2,r2
1af4:  3102feec           ldr r2,0x19e4
1af8:  3404fee0           ldar rr4,0x19dc
1afc:  5f0084000018       call <<4>>0x0018
1b02:  a70f               bit r0,#15
1b04:  eefb               jr nz,0x1afc
1b06:  31050002           ldr r5,0x1b0c
1b0a:  9e08               ret 
1b0c:  ffff               djnz r15,0x1a10
1b0e:  21030102           ld r3,#0x0102
1b12:  6702a1001730       bit <<33>>0x1730,#2
1b18:  ee13               jr nz,0x1b40
1b1a:  21030114           ld r3,#0x0114
1b1e:  e810               jr 0x1b40
1b20:  91e8               pushl @rr14,rr8
1b22:  93e3               push @rr14,r3
1b24:  dff3               calr 0x1b40
1b26:  97e3               pop r3,@rr14
1b28:  95e8               popl rr8,@rr14
1b2a:  2088               ldb rl0,@rr8
1b2c:  a990               inc r9,#1
1b2e:  0a084040           cpb rl0,#0x40
1b32:  eefb               jr nz,0x1b2a
1b34:  2088               ldb rl0,@rr8
1b36:  0a084040           cpb rl0,#0x40
1b3a:  9e06               ret z
1b3c:  a830               incb rh3,#1
1b3e:  e8f0               jr 0x1b20
1b40:  8d28               clr r2
1b42:  8d18               clr r1
1b44:  70880100           ldb rl0,rr8(r1)
1b48:  0a084040           cpb rl0,#0x40
1b4c:  e603               jr z,0x1b54
1b4e:  a820               incb rh2,#1
1b50:  a910               inc r1,#1
1b52:  e8f8               jr 0x1b44
1b54:  df6c               calr 0x1c7e
1b56:  a02c               ldb rl4,rh2
1b58:  a14a               ld r10,r4
1b5a:  dff7               calr 0x1b6e
1b5c:  a970               inc r7,#1
1b5e:  2088               ldb rl0,@rr8
1b60:  2e68               ldb @rr6,rl0
1b62:  a990               inc r9,#1
1b64:  a971               inc r7,#2
1b66:  fa85               djnz r10,0x1b5e
1b68:  1cc10209           ldm r2,@rr12,#10
1b6c:  9e08               ret 
1b6e:  600ca1001759       ldb rl4,<<33>>0x1759
1b74:  a03f               ldb rl7,rh3
1b76:  ab70               dec r7,#1
1b78:  9946               mult rr6,r4
1b7a:  8177               add r7,r7
1b7c:  c300               ldb rh3,#0x00
1b7e:  ab30               dec r3,#1
1b80:  8133               add r3,r3
1b82:  8137               add r7,r3
1b84:  56068400017c       addl rr6,<<4>>0x017c
1b8a:  9e08               ret 
1b8c:  600ca1001759       ldb rl4,<<33>>0x1759
1b92:  600fa100175a       ldb rl7,<<33>>0x175a
1b98:  803f               addb rl7,rh3
1b9a:  ab70               dec r7,#1
1b9c:  9946               mult rr6,r4
1b9e:  8177               add r7,r7
1ba0:  c300               ldb rh3,#0x00
1ba2:  400ba100175b       addb rl3,<<33>>0x175b
1ba8:  e8ea               jr 0x1b7e
1baa:  df97               calr 0x1c7e
1bac:  600fa100172a       ldb rl7,<<33>>0x172a
1bb2:  600ca1001759       ldb rl4,<<33>>0x1759
1bb8:  ab70               dec r7,#1
1bba:  9946               mult rr6,r4
1bbc:  8177               add r7,r7
1bbe:  8d38               clr r3
1bc0:  600ba100172b       ldb rl3,<<33>>0x172b
1bc6:  d025               calr 0x1b7e
1bc8:  2088               ldb rl0,@rr8
1bca:  0a08ffff           cpb rl0,#0xff
1bce:  e604               jr z,0x1bd8
1bd0:  2e68               ldb @rr6,rl0
1bd2:  a990               inc r9,#1
1bd4:  a971               inc r7,#2
1bd6:  e8f8               jr 0x1bc8
1bd8:  1cc10209           ldm r2,@rr12,#10
1bdc:  6008a100172a       ldb rl0,<<33>>0x172a
1be2:  a880               incb rl0,#1
1be4:  6e08a100172a       ldb <<33>>0x172a,rl0
1bea:  9e08               ret 
1bec:  91e8               pushl @rr14,rr8
1bee:  df5b               calr 0x1d3a
1bf0:  dfb1               calr 0x1c90
1bf2:  95e8               popl rr8,@rr14
1bf4:  d074               calr 0x1b0e
1bf6:  9e08               ret 
1bf8:  6103a1001758       ld r3,<<33>>0x1758
1bfe:  cb03               ldb rl3,#0x03
1c00:  e89f               jr 0x1b40
1c02:  6103a1001758       ld r3,<<33>>0x1758
1c08:  cb01               ldb rl3,#0x01
1c0a:  dfc7               calr 0x1c7e
1c0c:  d050               calr 0x1b6e
1c0e:  a970               inc r7,#1
1c10:  6008a1001759       ldb rl0,<<33>>0x1759
1c16:  0c652020           ldb @rr6,#0x20
1c1a:  a971               inc r7,#2
1c1c:  f804               dbjnz rl0,0x1c16
1c1e:  1cc10209           ldm r2,@rr12,#10
1c22:  e836               jr 0x1c90
1c24:  6103a1001758       ld r3,<<33>>0x1758
1c2a:  8ab2               cpb rh2,rl3
1c2c:  ef03               jr nc,0x1c34
1c2e:  8d43               resflg z
1c30:  9e08               ret 
1c32:  0a020000           cpb rh2,#0x00
1c36:  e6fb               jr z,0x1c2e
1c38:  4a0aa1001759       cpb rl2,<<33>>0x1759
1c3e:  e7f7               jr c,0x1c2e
1c40:  0a0a0000           cpb rl2,#0x00
1c44:  e6f4               jr z,0x1c2e
1c46:  8d41               setflg z
1c48:  9e08               ret 
1c4a:  5402a100339c       ldl rr2,<<33>>0x339c
1c50:  54048400017c       ldl rr4,<<4>>0x017c
1c56:  21080800           ld r8,#0x0800
1c5a:  bb410820           ldir @rr2,@rr4,r8
1c5e:  9e08               ret 
1c60:  5402a100339c       ldl rr2,<<33>>0x339c
1c66:  54048400017c       ldl rr4,<<4>>0x017c
1c6c:  21080800           ld r8,#0x0800
1c70:  bb210840           ldir @rr4,@rr2,r8
1c74:  9e08               ret 
1c76:  2e28               ldb @rr2,rl0
1c78:  a930               inc r3,#1
1c7a:  f003               dbjnz rh0,0x1c76
1c7c:  9e08               ret 
1c7e:  540ca100338c       ldl rr12,<<33>>0x338c
1c84:  1cc90209           ldm @rr12,r2,#10
1c88:  8d48               clr r4
1c8a:  8d68               clr r6
1c8c:  8d78               clr r7
1c8e:  9e08               ret 
1c90:  d00a               calr 0x1c7e
1c92:  54068400017c       ldl rr6,<<4>>0x017c
1c98:  6100a100170e       ld r0,<<33>>0x170e
1c9e:  2f60               ld @rr6,r0
1ca0:  8d28               clr r2
1ca2:  8d38               clr r3
1ca4:  600ba1001759       ldb rl3,<<33>>0x1759
1caa:  b330               rl r3,#1
1cac:  ab31               dec r3,#2
1cae:  8137               add r7,r3
1cb0:  2f60               ld @rr6,r0
1cb2:  a931               inc r3,#2
1cb4:  b334               rr r3,#1
1cb6:  8d68               clr r6
1cb8:  8d78               clr r7
1cba:  600fa1001758       ldb rl7,<<33>>0x1758
1cc0:  ab70               dec r7,#1
1cc2:  9936               mult rr6,r3
1cc4:  b370               rl r7,#1
1cc6:  56068400017c       addl rr6,<<4>>0x017c
1ccc:  2f60               ld @rr6,r0
1cce:  b330               rl r3,#1
1cd0:  8137               add r7,r3
1cd2:  ab71               dec r7,#2
1cd4:  2f60               ld @rr6,r0
1cd6:  1cc10209           ldm r2,@rr12,#10
1cda:  9e08               ret 
1cdc:  d030               calr 0x1c7e
1cde:  21060064           ld r6,#0x0064
1ce2:  21070032           ld r7,#0x0032
1ce6:  8d07               nop
1ce8:  8d07               nop
1cea:  f783               djnz r7,0x1ce6
1cec:  f686               djnz r6,0x1ce2
1cee:  f289               djnz r2,0x1cde
1cf0:  1cc10209           ldm r2,@rr12,#10
1cf4:  9e08               ret 
1cf6:  206d               ldb rl5,@rr6
1cf8:  dff9               calr 0x1d08
1cfa:  2e85               ldb @rr8,rh5
1cfc:  a990               inc r9,#1
1cfe:  2e8d               ldb @rr8,rl5
1d00:  a970               inc r7,#1
1d02:  a990               inc r9,#1
1d04:  f188               djnz r1,0x1cf6
1d06:  9e08               ret 
1d08:  a0d5               ldb rh5,rl5
1d0a:  b259fffc           srab rh5,#4
1d0e:  dffc               calr 0x1d18
1d10:  acd5               exb rh5,rl5
1d12:  dffe               calr 0x1d18
1d14:  acd5               exb rh5,rl5
1d16:  9e08               ret 
1d18:  060d0f0f           andb rl5,#0x0f
1d1c:  000d9090           addb rl5,#0x90
1d20:  b0d0               dab rl5
1d22:  c840               ldb rl0,#0x40
1d24:  b48d               adcb rl5,rl0
1d26:  b0d0               dab rl5
1d28:  9e08               ret 
1d2a:  2068               ldb rl0,@rr6
1d2c:  0a88               cpb rl0,@rr8
1d2e:  9e0e               ret nz
1d30:  a970               inc r7,#1
1d32:  a990               inc r9,#1
1d34:  f186               djnz r1,0x1d2a
1d36:  8d14               test r1
1d38:  9e08               ret 
1d3a:  21080020           ld r8,#0x0020
1d3e:  54068400017c       ldl rr6,<<4>>0x017c
1d44:  2f68               ld @rr6,r8
1d46:  a16a               ld r10,r6
1d48:  a17b               ld r11,r7
1d4a:  a9b1               inc r11,#2
1d4c:  210807cf           ld r8,#0x07cf
1d50:  bb6108a0           ldir @rr10,@rr6,r8
1d54:  9e08               ret 
1d56:  2a2a               decb @rr2,#11
1d58:  2020               ldb rh0,@rr2
1d5a:  54455354           ldl rr5,<<83>>0x0054(r4)
1d5e:  2031               ldb rh1,@rr3
1d60:  202d               ldb rl5,@rr2
1d62:  2041               ldb rh1,@rr4
1d64:  4c504841           comb <<72>>0x0041(r5)
1d68:  4e554d455249       ext4e #0x4e554d45,<<82>>0x0049
1d6e:  43414c20           sub r1,<<76>>0x0020(r4)
1d72:  2020               ldb rh0,@rr2
1d74:  2020               ldb rh0,@rr2
1d76:  2020               ldb rh0,@rr2
1d78:  2020               ldb rh0,@rr2
1d7a:  2a2a               decb @rr2,#11
1d7c:  402a2a20           addb rl2,<<42>>0x0020(r2)
1d80:  2054               ldb rh4,@rr5
1d82:  45535420           or r3,<<84>>0x0020(r5)
1d86:  32202d20           ldb rr2(#0x2d20),rh0
1d8a:  46554e43           andb rh5,<<78>>0x0043(r5)
1d8e:  54494f4e           ldl rr9,<<79>>0x004e(r4)
1d92:  532e4e55           push @rr2,<<78>>0x0055(r14)
1d96:  4d4552494341       ld <<82>>0x0049(r4),#0x4341
1d9c:  4c202020           comb <<32>>0x0020(r2)
1da0:  202a               ldb rl2,@rr2
1da2:  2a40               decb @rr4,#1
1da4:  2a2a               decb @rr2,#11
1da6:  2020               ldb rh0,@rr2
1da8:  54455354           ldl rr5,<<83>>0x0054(r4)
1dac:  2033               ldb rh3,@rr3
1dae:  202d               ldb rl5,@rr2
1db0:  204c               ldb rl4,@rr4
1db2:  414d5053           add r13,<<80>>0x0053(r4)
1db6:  2041               ldb rh1,@rr4
1db8:  4e4420535045       ext4e #0x4e442053,<<80>>0x0045
1dbe:  4349414c           sub r9,<<65>>0x004c(r4)
1dc2:  204b               ldb rl3,@rr4
1dc4:  45595320           or r9,<<83>>0x0020(r5)
1dc8:  2a2a               decb @rr2,#11
1dca:  402a2a20           addb rl2,<<42>>0x0020(r2)
1dce:  2054               ldb rh4,@rr5
1dd0:  45535420           or r3,<<84>>0x0020(r5)
1dd4:  34202d20           lda rr0,rr2(#0x2d20)
1dd8:  46524545           andb rh2,<<69>>0x0045(r5)
1ddc:  2052               ldb rh2,@rr5
1dde:  554e4e49           popl <<78>>0x0049(r14),@rr4
1de2:  4e4720202020       ext4e #0x4e472020,<<32>>0x0020
1de8:  2020               ldb rh0,@rr2
1dea:  2020               ldb rh0,@rr2
1dec:  2020               ldb rh0,@rr2
1dee:  202a               ldb rl2,@rr2
1df0:  2a40               decb @rr4,#1
1df2:  2a2a               decb @rr2,#11
1df4:  2020               ldb rh0,@rr2
1df6:  54455354           ldl rr5,<<83>>0x0054(r4)
1dfa:  2034               ldb rh4,@rr3
1dfc:  202d               ldb rl5,@rr2
1dfe:  204b               ldb rl3,@rr4
1e00:  4559424f           or r9,<<66>>0x004f(r5)
1e04:  41524420           add r2,<<68>>0x0020(r5)
1e08:  5553494e           popl <<73>>0x004e(r3),@rr5
1e0c:  47202020           and r0,<<32>>0x0020(r2)
1e10:  2020               ldb rh0,@rr2
1e12:  2020               ldb rh0,@rr2
1e14:  2020               ldb rh0,@rr2
1e16:  2a2a               decb @rr2,#11
1e18:  402a2a20           addb rl2,<<42>>0x0020(r2)
1e1c:  2054               ldb rh4,@rr5
1e1e:  45535420           or r3,<<84>>0x0020(r5)
1e22:  35202d20           ldl rr0,rr2(#0x2d20)
1e26:  4b455942           cp r5,<<89>>0x0042(r4)
1e2a:  4f415244204c       ext4f #0x4f415244,<<32>>0x004c
1e30:  41594f55           add r9,<<79>>0x0055(r5)
1e34:  54202020           ldl rr0,<<32>>0x0020(r2)
1e38:  2020               ldb rh0,@rr2
1e3a:  2020               ldb rh0,@rr2
1e3c:  202a               ldb rl2,@rr2
1e3e:  2a40               decb @rr4,#1
1e40:  4b455953           cp r5,<<89>>0x0053(r4)
1e44:  2020               ldb rh0,@rr2
1e46:  53544154           push @rr5,<<65>>0x0054(r4)
1e4a:  55533a20           popl <<58>>0x0020(r3),@rr5
1e4e:  2078               ldb rl0,@rr7
1e50:  7878               .word #0x7878
1e52:  7878               .word #0x7878
1e54:  7820               .word #0x7820
1e56:  2078               ldb rl0,@rr7
1e58:  7878               .word #0x7878
1e5a:  7878               .word #0x7878
1e5c:  7820               .word #0x7820
1e5e:  2078               ldb rl0,@rr7
1e60:  7878               .word #0x7878
1e62:  7878               .word #0x7878
1e64:  7840               .word #0x7840
1e66:  2020               ldb rh0,@rr2
1e68:  4552524f           or r2,<<82>>0x004f(r5)
1e6c:  52202020           subl rr0,<<32>>0x0020(r2)
1e70:  52494748           subl rr9,<<71>>0x0048(r4)
1e74:  54202020           ldl rr0,<<32>>0x0020(r2)
1e78:  4c4546542020       ldb <<70>>0x0054(r4),#0x20
1e7e:  2020               ldb rh0,@rr2
1e80:  4e4f524d414c       ext4e #0x4e4f524d,<<65>>0x004c
1e86:  2020               ldb rh0,@rr2
1e88:  3f3f               out @r3,r15
1e8a:  3f3f               out @r3,r15
1e8c:  3f3f               out @r3,r15
1e8e:  57414954           pop <<73>>0x0054(r1),@rr4
1e92:  2c20               exb rh0,@rr2
1e94:  504c4541           cpl rr12,<<69>>0x0041(r4)
1e98:  53452c20           push @rr4,<<44>>0x0020(r5)
1e9c:  414e4420           add r14,<<68>>0x0020(r4)
1ea0:  43484543           sub r8,<<69>>0x0043(r4)
1ea4:  4b205448           cp r0,<<84>>0x0048(r2)
1ea8:  45205343           or r0,<<83>>0x0043(r2)
1eac:  5245454e           subl rr5,<<69>>0x004e(r4)
1eb0:  2e40               ldb @rr4,rh0
1eb2:  0d0a               .word #0x0d0a
1eb4:  0a2a               cpb rl2,@rr2
1eb6:  2a2a               decb @rr2,#11
1eb8:  2a20               decb @rr2,#1
1eba:  4b455942           cp r5,<<89>>0x0042(r4)
1ebe:  4f4152442054       ext4f #0x4f415244,<<32>>0x0054
1ec4:  45535420           or r3,<<84>>0x0020(r5)
1ec8:  2d20               ex r0,@rr2
1eca:  54455354           ldl rr5,<<83>>0x0054(r4)
1ece:  2034               ldb rh4,@rr3
1ed0:  202d               ldb rl5,@rr2
1ed2:  2046               ldb rh6,@rr4
1ed4:  52454520           subl rr5,<<69>>0x0020(r4)
1ed8:  52554e4e           subl rr5,<<78>>0x004e(r5)
1edc:  494e4720           xor r14,<<71>>0x0020(r4)
1ee0:  2a2a               decb @rr2,#11
1ee2:  2a2a               decb @rr2,#11
1ee4:  0d0a               .word #0x0d0a
1ee6:  0aff               cpb rl7,@rr15
1ee8:  2d20               ex r0,@rr2
1eea:  504c4541           cpl rr12,<<69>>0x0041(r4)
1eee:  53452c20           push @rr4,<<44>>0x0020(r5)
1ef2:  4c4f               .word #0x4c4f
1ef4:  4f4b20415420       ext4f #0x4f4b2041,<<84>>0x0020
1efa:  4b455942           cp r5,<<89>>0x0042(r4)
1efe:  4f4152446053       ext4f #0x4f415244,<<96>>0x0053
1f04:  204c               ldb rl4,@rr4
1f06:  414d5053           add r13,<<80>>0x0053(r4)
1f0a:  2e40               ldb @rr4,rh0
1f0c:  2d20               ex r0,@rr2
1f0e:  504c4541           cpl rr12,<<69>>0x0041(r4)
1f12:  53452c20           push @rr4,<<44>>0x0020(r5)
1f16:  43484543           sub r8,<<69>>0x0043(r4)
1f1a:  4b20414e           cp r0,<<65>>0x004e(r2)
1f1e:  59205350           mult rr0,<<83>>0x0050(r2)
1f22:  45434941           or r3,<<73>>0x0041(r4)
1f26:  4c204b45           comb <<75>>0x0045(r2)
1f2a:  592e4028           mult rr14,<<64>>0x0028(r2)
1f2e:  4b422920           cp r2,<<41>>0x0020(r4)
1f32:  45584954           or r8,<<73>>0x0054(r5)
1f36:  204b               ldb rl3,@rr4
1f38:  45595320           or r9,<<83>>0x0020(r5)
1f3c:  524f572d           subl rr15,<<87>>0x002d(r4)
1f40:  434f4c55           sub r15,<<76>>0x0055(r4)
1f44:  4d4e               .word #0x4d4e
1f46:  3a20312f           inib @rr2,@r2,r1
1f4a:  3120312f           ld r0,rr2(#0x312f)
1f4e:  3920               ldps @rr2
1f50:  362f               .word #0x362f
1f52:  392e               .word #0x392e
1f54:  40284b45           addb rl0,<<75>>0x0045(r2)
1f58:  59424f41           mult rr2,<<79>>0x0041(r4)
1f5c:  52442920           subl rr4,<<41>>0x0020(r4)
1f60:  45584954           or r8,<<73>>0x0054(r5)
1f64:  204b               ldb rl3,@rr4
1f66:  45592052           or r9,<<32>>0x0052(r5)
1f6a:  4f572f434f4c       ext4f #0x4f572f43,<<79>>0x004c
1f70:  554d4e3a           popl <<78>>0x003a(r13),@rr4
1f74:  2032               ldb rh2,@rr3
1f76:  2f36               ld @rr3,r6
1f78:  2e40               ldb @rr4,rh0
1f7a:  2020               ldb rh0,@rr2
1f7c:  2020               ldb rh0,@rr2
1f7e:  2045               ldb rh5,@rr4
1f80:  52524f52           subl rr2,<<79>>0x0052(r5)
1f84:  53204f4e           push @rr2,<<79>>0x004e
1f88:  204b               ldb rl3,@rr4
1f8a:  4559533a           or r9,<<83>>0x003a(r5)
1f8e:  2078               ldb rl0,@rr7
1f90:  7820               .word #0x7820
1f92:  7878               .word #0x7878
1f94:  2078               ldb rl0,@rr7
1f96:  7820               .word #0x7820
1f98:  7878               .word #0x7878
1f9a:  2078               ldb rl0,@rr7
1f9c:  7820               .word #0x7820
1f9e:  7878               .word #0x7878
1fa0:  2078               ldb rl0,@rr7
1fa2:  7820               .word #0x7820
1fa4:  7878               .word #0x7878
1fa6:  2020               ldb rh0,@rr2
1fa8:  2020               ldb rh0,@rr2
1faa:  2253               resb @rr5,#3
1fac:  4b495022           cp r9,<<80>>0x0022(r4)
1fb0:  204b               ldb rl3,@rr4
1fb2:  45592048           or r9,<<32>>0x0048(r5)
1fb6:  41532042           add r3,<<32>>0x0042(r5)
1fba:  45454e20           or r5,<<78>>0x0020(r4)
1fbe:  55534544           popl <<69>>0x0044(r3),@rr5
1fc2:  2044               ldb rh4,@rr4
1fc4:  5552494e           popl <<73>>0x004e(r2),@rr5
1fc8:  47205445           and r0,<<84>>0x0045(r2)
1fcc:  53542e20           push @rr5,<<46>>0x0020(r4)
1fd0:  2020               ldb rh0,@rr2
1fd2:  2020               ldb rh0,@rr2
1fd4:  2020               ldb rh0,@rr2
1fd6:  2241               resb @rr4,#1
1fd8:  424f5254           subb rl7,<<82>>0x0054(r4)
1fdc:  2220               resb @rr2,#0
1fde:  4b455953           cp r5,<<89>>0x0053(r4)
1fe2:  2055               ldb rh5,@rr5
1fe4:  53454420           push @rr4,<<68>>0x0020(r5)
1fe8:  44555249           orb rh5,<<82>>0x0049(r5)
1fec:  4e4720544553       ext4e #0x4e472054,<<69>>0x0053
1ff2:  542e2020           ldl rr14,<<32>>0x0020(r2)
1ff6:  2020               ldb rh0,@rr2
1ff8:  2020               ldb rh0,@rr2
1ffa:  2020               ldb rh0,@rr2
1ffc:  2020               ldb rh0,@rr2
1ffe:  44495350           orb rl1,<<83>>0x0050(r4)
2002:  4c4159204348       cpb <<89>>0x0020(r4),#0x48
2008:  41524143           add r2,<<65>>0x0043(r5)
200c:  54455253           ldl rr5,<<82>>0x0053(r4)
2010:  2053               ldb rh3,@rr5
2012:  45542028           or r4,<<32>>0x0028(r5)
2016:  43525420           sub r2,<<84>>0x0020(r5)
201a:  524f4d29           subl rr15,<<77>>0x0029(r4)
201e:  40302020           addb rh0,<<32>>0x0020(r3)
2022:  2020               ldb rh0,@rr2
2024:  2078               ldb rl0,@rr7
2026:  2078               ldb rl0,@rr7
2028:  2078               ldb rl0,@rr7
202a:  2078               ldb rl0,@rr7
202c:  2078               ldb rl0,@rr7
202e:  2078               ldb rl0,@rr7
2030:  2078               ldb rl0,@rr7
2032:  2078               ldb rl0,@rr7
2034:  2078               ldb rl0,@rr7
2036:  2078               ldb rl0,@rr7
2038:  2078               ldb rl0,@rr7
203a:  2078               ldb rl0,@rr7
203c:  2078               ldb rl0,@rr7
203e:  2078               ldb rl0,@rr7
2040:  2078               ldb rl0,@rr7
2042:  2078               ldb rl0,@rr7
2044:  2020               ldb rh0,@rr2
2046:  2020               ldb rh0,@rr2
2048:  2030               ldb rh0,@rr3
204a:  40202020           addb rh0,<<32>>0x0020(r2)
204e:  2020               ldb rh0,@rr2
2050:  2020               ldb rh0,@rr2
2052:  2020               ldb rh0,@rr2
2054:  2020               ldb rh0,@rr2
2056:  2020               ldb rh0,@rr2
2058:  2020               ldb rh0,@rr2
205a:  2020               ldb rh0,@rr2
205c:  2020               ldb rh0,@rr2
205e:  2020               ldb rh0,@rr2
2060:  2020               ldb rh0,@rr2
2062:  2020               ldb rh0,@rr2
2064:  2020               ldb rh0,@rr2
2066:  2020               ldb rh0,@rr2
2068:  2020               ldb rh0,@rr2
206a:  2020               ldb rh0,@rr2
206c:  2020               ldb rh0,@rr2
206e:  2020               ldb rh0,@rr2
2070:  40202020           addb rh0,<<32>>0x0020(r2)
2074:  2020               ldb rh0,@rr2
2076:  2030               ldb rh0,@rr3
2078:  2031               ldb rh1,@rr3
207a:  2032               ldb rh2,@rr3
207c:  2033               ldb rh3,@rr3
207e:  2034               ldb rh4,@rr3
2080:  2035               ldb rh5,@rr3
2082:  2036               ldb rh6,@rr3
2084:  2037               ldb rh7,@rr3
2086:  2038               ldb rl0,@rr3
2088:  2039               ldb rl1,@rr3
208a:  2041               ldb rh1,@rr4
208c:  2042               ldb rh2,@rr4
208e:  2043               ldb rh3,@rr4
2090:  2044               ldb rh4,@rr4
2092:  2045               ldb rh5,@rr4
2094:  2046               ldb rh6,@rr4
2096:  40202020           addb rh0,<<32>>0x0020(r2)
209a:  2020               ldb rh0,@rr2
209c:  2020               ldb rh0,@rr2
209e:  2020               ldb rh0,@rr2
20a0:  4b455942           cp r5,<<89>>0x0042(r4)
20a4:  4f415244204c       ext4f #0x4f415244,<<32>>0x004c
20aa:  41594f55           add r9,<<79>>0x0055(r5)
20ae:  54205345           ldl rr0,<<83>>0x0045(r2)
20b2:  4c4543543a40       ldb <<67>>0x0054(r4),#0x40
20b8:  2040               ldb rh0,@rr4
20ba:  302e4445           ldb rl6,rr2(#0x4445)
20be:  4641554c           andb rh1,<<85>>0x004c(r4)
20c2:  54202041           ldl rr0,<<32>>0x0041(r2)
20c6:  4e202b204620       ext4e #0x4e202b20,<<70>>0x0020
20cc:  2b20               dec @rr2,#1
20ce:  334b5320           ld rr4(#0x5320),r11
20d2:  2020               ldb rh0,@rr2
20d4:  2031               ldb rh1,@rr3
20d6:  3035204b           ldb rh5,rr3(#0x204b)
20da:  53202020           push @rr2,<<32>>0x0020
20de:  2020               ldb rh0,@rr2
20e0:  2020               ldb rh0,@rr2
20e2:  40312e41           addb rh1,<<46>>0x0041(r3)
20e6:  4e4b20313432       ext4e #0x4e4b2031,<<52>>0x0032
20ec:  3720414e           ldl rr2(#0x414e),rr0
20f0:  202b               ldb rl3,@rr2
20f2:  2046               ldb rh6,@rr4
20f4:  2020               ldb rh0,@rr2
20f6:  2020               ldb rh0,@rr2
20f8:  2020               ldb rh0,@rr2
20fa:  2020               ldb rh0,@rr2
20fc:  2020               ldb rh0,@rr2
20fe:  2039               ldb rl1,@rr3
2100:  3920               ldps @rr2
2102:  4b532020           cp r3,<<32>>0x0020(r5)
2106:  2020               ldb rh0,@rr2
2108:  2020               ldb rh0,@rr2
210a:  2040               ldb rh0,@rr4
210c:  322e414e           ldb rr2(#0x414e),rl6
2110:  4b203134           cp r0,<<49>>0x0034(r2)
2114:  32382041           ldb rr3(#0x2041),rl0
2118:  4e202b204620       ext4e #0x4e202b20,<<70>>0x0020
211e:  2b20               dec @rr2,#1
2120:  33204b53           ld rr2(#0x4b53),r0
2124:  2020               ldb rh0,@rr2
2126:  2020               ldb rh0,@rr2
2128:  3939               .word #0x3939
212a:  204b               ldb rl3,@rr4
212c:  53202020           push @rr2,<<32>>0x0020
2130:  2020               ldb rh0,@rr2
2132:  2020               ldb rh0,@rr2
2134:  40332e41           addb rh3,<<46>>0x0041(r3)
2138:  4e4b20313432       ext4e #0x4e4b2031,<<52>>0x0032
213e:  3620               .word #0x3620
2140:  414e202b           add r14,<<32>>0x002b(r4)
2144:  2046               ldb rh6,@rr4
2146:  2020               ldb rh0,@rr2
2148:  2020               ldb rh0,@rr2
214a:  2020               ldb rh0,@rr2
214c:  2020               ldb rh0,@rr2
214e:  2020               ldb rh0,@rr2
2150:  31303520           ld r0,rr3(#0x3520)
2154:  4b532028           cp r3,<<32>>0x0028(r5)
2158:  4445462e           orb rh5,<<70>>0x002e(r4)
215c:  2940               inc @rr4,#1
215e:  342e414e           lda rr14,rr2(#0x414e)
2162:  4b203134           cp r0,<<49>>0x0034(r2)
2166:  33352020           ld rr3(#0x2020),r5
216a:  4e202b204620       ext4e #0x4e202b20,<<70>>0x0020
2170:  2020               ldb rh0,@rr2
2172:  2020               ldb rh0,@rr2
2174:  2020               ldb rh0,@rr2
2176:  2020               ldb rh0,@rr2
2178:  2020               ldb rh0,@rr2
217a:  3432204b           lda rr2,rr3(#0x204b)
217e:  53202020           push @rr2,<<32>>0x0020
2182:  2020               ldb rh0,@rr2
2184:  2020               ldb rh0,@rr2
2186:  40352e41           addb rh5,<<46>>0x0041(r3)
218a:  4e4b20313433       ext4e #0x4e4b2031,<<52>>0x0033
2190:  3620               .word #0x3620
2192:  204e               ldb rl6,@rr4
2194:  202b               ldb rl3,@rr2
2196:  2046               ldb rh6,@rr4
2198:  202b               ldb rl3,@rr2
219a:  2033               ldb rh3,@rr3
219c:  204b               ldb rl3,@rr4
219e:  53202020           push @rr2,<<32>>0x0020
21a2:  2034               ldb rh4,@rr3
21a4:  32204b53           ldb rr2(#0x4b53),rh0
21a8:  2020               ldb rh0,@rr2
21aa:  2020               ldb rh0,@rr2
21ac:  2020               ldb rh0,@rr2
21ae:  2040               ldb rh0,@rr4
21b0:  362e               .word #0x362e
21b2:  414e4b20           add r14,<<75>>0x0020(r4)
21b6:  31343338           ld r4,rr3(#0x3338)
21ba:  2041               ldb rh1,@rr4
21bc:  4e202b204620       ext4e #0x4e202b20,<<70>>0x0020
21c2:  2020               ldb rh0,@rr2
21c4:  2020               ldb rh0,@rr2
21c6:  2020               ldb rh0,@rr2
21c8:  2020               ldb rh0,@rr2
21ca:  2031               ldb rh1,@rr3
21cc:  3036204b           ldb rh6,rr3(#0x204b)
21d0:  5320284b           push @rr2,<<40>>0x004b
21d4:  414e4129           add r14,<<65>>0x0029(r4)
21d8:  40372e41           addb rh7,<<46>>0x0041(r3)
21dc:  4e4b20313433       ext4e #0x4e4b2031,<<52>>0x0033
21e2:  3020414e           ldb rh0,rr2(#0x414e)
21e6:  202b               ldb rl3,@rr2
21e8:  2046               ldb rh6,@rr4
21ea:  202b               ldb rl3,@rr2
21ec:  2033               ldb rh3,@rr3
21ee:  204b               ldb rl3,@rr4
21f0:  53202020           push @rr2,<<32>>0x0020
21f4:  31303620           ld r0,rr3(#0x3620)
21f8:  4b532028           cp r3,<<32>>0x0028(r5)
21fc:  4b414e41           cp r1,<<78>>0x0041(r4)
2200:  2940               inc @rr4,#1
2202:  382e               .word #0x382e
2204:  414e4b20           add r14,<<75>>0x0020(r4)
2208:  31343339           ld r4,rr3(#0x3339)
220c:  2041               ldb rh1,@rr4
220e:  4e202b204620       ext4e #0x4e202b20,<<70>>0x0020
2214:  2020               ldb rh0,@rr2
2216:  2020               ldb rh0,@rr2
2218:  2020               ldb rh0,@rr2
221a:  2020               ldb rh0,@rr2
221c:  2031               ldb rh1,@rr3
221e:  3036204b           ldb rh6,rr3(#0x204b)
2222:  5320284b           push @rr2,<<40>>0x004b
2226:  414e4129           add r14,<<65>>0x0029(r4)
222a:  40392e41           addb rl1,<<46>>0x0041(r3)
222e:  4e202b204620       ext4e #0x4e202b20,<<70>>0x0020
2234:  2028               ldb rl0,@rr2
2236:  42415243           subb rh1,<<82>>0x0043(r4)
223a:  4c4159275329       cpb <<89>>0x0027(r4),#0x29
2240:  2020               ldb rh0,@rr2
2242:  2020               ldb rh0,@rr2
2244:  2020               ldb rh0,@rr2
2246:  2020               ldb rh0,@rr2
2248:  2020               ldb rh0,@rr2
224a:  2020               ldb rh0,@rr2
224c:  2020               ldb rh0,@rr2
224e:  2020               ldb rh0,@rr2
2250:  2020               ldb rh0,@rr2
2252:  2040               ldb rh0,@rr4
2254:  2040               ldb rh0,@rr4
2256:  2020               ldb rh0,@rr2
2258:  2020               ldb rh0,@rr2
225a:  2020               ldb rh0,@rr2
225c:  53454c45           push @rr4,<<76>>0x0045(r5)
2260:  43542028           sub r4,<<32>>0x0028(r5)
2264:  302e2e2e           ldb rl6,rr2(#0x2e2e)
2268:  2e39               ldb @rr3,rl1
226a:  2940               inc @rr4,#1
226c:  40202020           addb rh0,<<32>>0x0020(r2)
2270:  2020               ldb rh0,@rr2
2272:  2020               ldb rh0,@rr2
2274:  2020               ldb rh0,@rr2
2276:  2020               ldb rh0,@rr2
2278:  2020               ldb rh0,@rr2
227a:  2020               ldb rh0,@rr2
227c:  2020               ldb rh0,@rr2
227e:  2020               ldb rh0,@rr2
2280:  2020               ldb rh0,@rr2
2282:  2020               ldb rh0,@rr2
2284:  2020               ldb rh0,@rr2
2286:  2020               ldb rh0,@rr2
2288:  2020               ldb rh0,@rr2
228a:  2020               ldb rh0,@rr2
228c:  2020               ldb rh0,@rr2
228e:  2020               ldb rh0,@rr2
2290:  2020               ldb rh0,@rr2
2292:  2040               ldb rh0,@rr4
2294:  2020               ldb rh0,@rr2
2296:  2020               ldb rh0,@rr2
2298:  2020               ldb rh0,@rr2
229a:  2048               ldb rl0,@rr4
229c:  49542041           xor r4,<<32>>0x0041(r5)
22a0:  4e59204b4559       ext4e #0x4e59204b,<<69>>0x0059
22a6:  2054               ldb rh4,@rr5
22a8:  4f20434f4e54       ext4f #0x4f20434f,<<78>>0x0054
22ae:  494e5545           xor r14,<<85>>0x0045(r4)
22b2:  2e40               ldb @rr4,rh0
22b4:  2020               ldb rh0,@rr2
22b6:  204b               ldb rl3,@rr4
22b8:  4559424f           or r9,<<66>>0x004f(r5)
22bc:  41524420           add r2,<<68>>0x0020(r5)
22c0:  4a554d50           cpb rh5,<<77>>0x0050(r5)
22c4:  45525320           or r2,<<83>>0x0020(r5)
22c8:  53544154           push @rr5,<<65>>0x0054(r4)
22cc:  55533a40           popl <<58>>0x0040(r3),@rr5
22d0:  7878               .word #0x7878
22d2:  7878               .word #0x7878
22d4:  7878               .word #0x7878
22d6:  7878               .word #0x7878
22d8:  7878               .word #0x7878
22da:  7878               .word #0x7878
22dc:  7878               .word #0x7878
22de:  7878               .word #0x7878
22e0:  7878               .word #0x7878
22e2:  7878               .word #0x7878
22e4:  7878               .word #0x7878
22e6:  7878               .word #0x7878
22e8:  7878               .word #0x7878
22ea:  202d               ldb rl5,@rr2
22ec:  2079               ldb rl1,@rr7
22ee:  7979               .word #0x7979
22f0:  7979               .word #0x7979
22f2:  7979               .word #0x7979
22f4:  7979               .word #0x7979
22f6:  7979               .word #0x7979
22f8:  40203020           addb rh0,<<48>>0x0020(r2)
22fc:  494e5445           xor r14,<<84>>0x0045(r4)
2300:  524e4154           subl rr14,<<65>>0x0054(r4)
2304:  494f4e41           xor r15,<<78>>0x0041(r4)
2308:  4c202020           comb <<32>>0x0020(r2)
230c:  2020               ldb rh0,@rr2
230e:  2020               ldb rh0,@rr2
2310:  30303420           ldb rh0,rr3(#0x3420)
2314:  31204c41           ld r0,rr2(#0x4c41)
2318:  54494e20           ldl rr9,<<78>>0x0020(r4)
231c:  2020               ldb rh0,@rr2
231e:  2046               ldb rh6,@rr4
2320:  41525349           add r2,<<83>>0x0049(r5)
2324:  2020               ldb rh0,@rr2
2326:  2020               ldb rh0,@rr2
2328:  2020               ldb rh0,@rr2
232a:  31303420           ld r0,rr3(#0x3420)
232e:  32204c41           ldb rr2(#0x4c41),rh0
2332:  54494e20           ldl rr9,<<78>>0x0020(r4)
2336:  2020               ldb rh0,@rr2
2338:  2041               ldb rh1,@rr4
233a:  5241424f           subl rr1,<<66>>0x004f(r4)
233e:  2020               ldb rh0,@rr2
2340:  2020               ldb rh0,@rr2
2342:  2020               ldb rh0,@rr2
2344:  31303520           ld r0,rr3(#0x3520)
2348:  33204445           ld rr2(#0x4445),r0
234c:  55545343           popl <<83>>0x0043(r4),@rr5
2350:  484c414e           xorb rl4,<<65>>0x004e(r4)
2354:  44202020           orb rh0,<<32>>0x0020(r2)
2358:  2020               ldb rh0,@rr2
235a:  2020               ldb rh0,@rr2
235c:  2020               ldb rh0,@rr2
235e:  31323720           ld r2,rr3(#0x3720)
2362:  3420504f           lda rr0,rr2(#0x504f)
2366:  52545547           subl rr4,<<85>>0x0047(r5)
236a:  414c2020           add r12,<<32>>0x0020(r4)
236e:  2020               ldb rh0,@rr2
2370:  2020               ldb rh0,@rr2
2372:  2020               ldb rh0,@rr2
2374:  2020               ldb rh0,@rr2
2376:  2020               ldb rh0,@rr2
2378:  31363620           ld r6,rr3(#0x3620)
237c:  35205350           ldl rr0,rr2(#0x5350)
2380:  41494e20           add r9,<<78>>0x0020(r4)
2384:  2d20               ex r0,@rr2
2386:  31202020           ld r0,rr2(#0x2020)
238a:  2020               ldb rh0,@rr2
238c:  2020               ldb rh0,@rr2
238e:  2020               ldb rh0,@rr2
2390:  2020               ldb rh0,@rr2
2392:  31383720           ld r8,rr3(#0x3720)
2396:  3620               .word #0x3620
2398:  44414e4d           orb rh1,<<78>>0x004d(r4)
239c:  41524b20           add r2,<<75>>0x0020(r5)
23a0:  2020               ldb rh0,@rr2
23a2:  2020               ldb rh0,@rr2
23a4:  2020               ldb rh0,@rr2
23a6:  2020               ldb rh0,@rr2
23a8:  2020               ldb rh0,@rr2
23aa:  2020               ldb rh0,@rr2
23ac:  34313120           lda rr1,rr3(#0x3120)
23b0:  37204652           ldl rr2(#0x4652),rr0
23b4:  414e4345           add r14,<<67>>0x0045(r4)
23b8:  2020               ldb rh0,@rr2
23ba:  2020               ldb rh0,@rr2
23bc:  2020               ldb rh0,@rr2
23be:  2020               ldb rh0,@rr2
23c0:  2020               ldb rh0,@rr2
23c2:  2020               ldb rh0,@rr2
23c4:  2020               ldb rh0,@rr2
23c6:  34333520           lda rr3,rr3(#0x3520)
23ca:  3820               .word #0x3820
23cc:  4c4154494e20       cpb <<84>>0x0049(r4),#0x20
23d2:  2020               ldb rh0,@rr2
23d4:  2047               ldb rh7,@rr4
23d6:  5245454b           subl rr5,<<69>>0x004b(r4)
23da:  2020               ldb rh0,@rr2
23dc:  2020               ldb rh0,@rr2
23de:  2020               ldb rh0,@rr2
23e0:  34363220           lda rr6,rr3(#0x3220)
23e4:  3920               ldps @rr2
23e6:  4c4154494e20       cpb <<84>>0x0049(r4),#0x20
23ec:  2020               ldb rh0,@rr2
23ee:  204a               ldb rl2,@rr4
23f0:  45574953           or r7,<<73>>0x0053(r5)
23f4:  48202020           xorb rh0,<<32>>0x0020(r2)
23f8:  2020               ldb rh0,@rr2
23fa:  35303131           ldl rr0,rr3(#0x3131)
23fe:  30204954           ldb rh0,rr2(#0x4954)
2402:  414c5920           add r12,<<89>>0x0020(r4)
2406:  2020               ldb rh0,@rr2
2408:  2020               ldb rh0,@rr2
240a:  2020               ldb rh0,@rr2
240c:  2020               ldb rh0,@rr2
240e:  2020               ldb rh0,@rr2
2410:  2020               ldb rh0,@rr2
2412:  2020               ldb rh0,@rr2
2414:  35303431           ldl rr0,rr3(#0x3431)
2418:  31204a41           ld r0,rr2(#0x4a41)
241c:  50414e20           cpl rr1,<<78>>0x0020(r4)
2420:  2020               ldb rh0,@rr2
2422:  2020               ldb rh0,@rr2
2424:  2020               ldb rh0,@rr2
2426:  2020               ldb rh0,@rr2
2428:  2020               ldb rh0,@rr2
242a:  2020               ldb rh0,@rr2
242c:  2020               ldb rh0,@rr2
242e:  35313531           ldl rr1,rr3(#0x3531)
2432:  32204e4f           ldb rr2(#0x4e4f),rh0
2436:  52574159           subl rr7,<<65>>0x0059(r5)
243a:  2020               ldb rh0,@rr2
243c:  2020               ldb rh0,@rr2
243e:  2020               ldb rh0,@rr2
2440:  2020               ldb rh0,@rr2
2442:  2020               ldb rh0,@rr2
2444:  2020               ldb rh0,@rr2
2446:  2020               ldb rh0,@rr2
2448:  3630               .word #0x3630
244a:  3931               .word #0x3931
244c:  33205357           ld rr2(#0x5357),r0
2450:  4544454e           or r4,<<69>>0x004e(r4)
2454:  2020               ldb rh0,@rr2
2456:  2046               ldb rh6,@rr4
2458:  494e4c41           xor r14,<<76>>0x0041(r4)
245c:  4e4420202020       ext4e #0x4e442020,<<32>>0x0020
2462:  3638               .word #0x3638
2464:  34313420           lda rr1,rr3(#0x3420)
2468:  53574954           push @rr5,<<73>>0x0054(r7)
246c:  5a45524c           divl rq5,<<82>>0x004c(r4)
2470:  414e4420           add r14,<<68>>0x0020(r4)
2474:  2020               ldb rh0,@rr2
2476:  2020               ldb rh0,@rr2
2478:  2020               ldb rh0,@rr2
247a:  2020               ldb rh0,@rr2
247c:  3638               .word #0x3638
247e:  37313520           ldl rr3(#0x3520),rr1
2482:  552e2053           popl <<32>>0x0053(r14),@rr2
2486:  2e20               ldb @rr2,rh0
2488:  532e2052           push @rr2,<<32>>0x0052(r14)
248c:  2e20               ldb @rr2,rh0
248e:  2020               ldb rh0,@rr2
2490:  2020               ldb rh0,@rr2
2492:  2020               ldb rh0,@rr2
2494:  2020               ldb rh0,@rr2
2496:  37323331           ldl rr3(#0x3331),rr2
249a:  3620               .word #0x3620
249c:  47524541           and r2,<<69>>0x0041(r5)
24a0:  54204252           ldl rr0,<<66>>0x0052(r2)
24a4:  45544149           or r4,<<65>>0x0049(r5)
24a8:  4e2020202020       ext4e #0x4e202020,<<32>>0x0020
24ae:  2020               ldb rh0,@rr2
24b0:  37323931           ldl rr3(#0x3931),rr2
24b4:  3720552e           ldl rr2(#0x552e),rr0
24b8:  2053               ldb rh3,@rr5
24ba:  2e20               ldb @rr2,rh0
24bc:  412e2020           add r14,<<32>>0x0020(r2)
24c0:  2041               ldb rh1,@rr4
24c2:  53434949           push @rr4,<<73>>0x0049(r3)
24c6:  2020               ldb rh0,@rr2
24c8:  2020               ldb rh0,@rr2
24ca:  37333231           ldl rr3(#0x3231),rr3
24ce:  3820               .word #0x3820
24d0:  552e2053           popl <<32>>0x0053(r14),@rr2
24d4:  2e20               ldb @rr2,rh0
24d6:  412e2020           add r14,<<32>>0x0020(r2)
24da:  204f               ldb rl7,@rr4
24dc:  43412020           sub r1,<<32>>0x0020(r4)
24e0:  2020               ldb rh0,@rr2
24e2:  2020               ldb rh0,@rr2
24e4:  37333631           ldl rr3(#0x3631),rr3
24e8:  3920               ldps @rr2
24ea:  594f5547           mult rr15,<<85>>0x0047(r4)
24ee:  4f534c415649       ext4f #0x4f534c41,<<86>>0x0049
24f4:  41202020           add r0,<<32>>0x0020(r2)
24f8:  2020               ldb rh0,@rr2
24fa:  2020               ldb rh0,@rr2
24fc:  2020               ldb rh0,@rr2
24fe:  37353532           ldl rr3(#0x3532),rr5
2502:  30204445           ldb rh0,rr2(#0x4445)
2506:  55544348           popl <<67>>0x0048(r4),@rr5
250a:  2053               ldb rh3,@rr5
250c:  5749545a           pop <<84>>0x005a(r9),@rr4
2510:  45524c41           or r2,<<76>>0x0041(r5)
2514:  4e4420203638       ext4e #0x4e442020,<<54>>0x0038
251a:  3832               .word #0x3832
251c:  3120524f           ld r0,rr2(#0x524f)
2520:  4d414e442053       cp <<78>>0x0044(r4),#0x2053
2526:  5749545a           pop <<84>>0x005a(r9),@rr4
252a:  45524c41           or r2,<<76>>0x0041(r5)
252e:  4e4420203638       ext4e #0x4e442020,<<54>>0x0038
2534:  3932               .word #0x3932
2536:  32204445           ldb rr2(#0x4445),rh0
253a:  55544348           popl <<67>>0x0048(r4),@rr5
253e:  2044               ldb rh4,@rr4
2540:  494e2032           xor r14,<<32>>0x0032(r4)
2544:  31333720           ld r3,rr3(#0x3720)
2548:  2020               ldb rh0,@rr2
254a:  2020               ldb rh0,@rr2
254c:  31323832           ld r2,rr3(#0x3832)
2550:  33205858           ld rr2(#0x5858),r0
2554:  58585820           multl rq8,<<88>>0x0020(r5)
2558:  2020               ldb rh0,@rr2
255a:  2020               ldb rh0,@rr2
255c:  2020               ldb rh0,@rr2
255e:  2020               ldb rh0,@rr2
2560:  2020               ldb rh0,@rr2
2562:  2020               ldb rh0,@rr2
2564:  2020               ldb rh0,@rr2
2566:  3f3f               out @r3,r15
2568:  3f32               out @r3,r2
256a:  34205350           lda rr0,rr2(#0x5350)
256e:  41494e20           add r9,<<78>>0x0020(r4)
2572:  2d20               ex r0,@rr2
2574:  32202020           ldb rr2(#0x2020),rh0
2578:  2020               ldb rh0,@rr2
257a:  2020               ldb rh0,@rr2
257c:  2020               ldb rh0,@rr2
257e:  2020               ldb rh0,@rr2
2580:  37363932           ldl rr3(#0x3932),rr6
2584:  35205858           ldl rr0,rr2(#0x5858)
2588:  58585820           multl rq8,<<88>>0x0020(r5)
258c:  2020               ldb rh0,@rr2
258e:  2020               ldb rh0,@rr2
2590:  2020               ldb rh0,@rr2
2592:  2020               ldb rh0,@rr2
2594:  2020               ldb rh0,@rr2
2596:  2020               ldb rh0,@rr2
2598:  2020               ldb rh0,@rr2
259a:  3f3f               out @r3,r15
259c:  3f32               out @r3,r2
259e:  3620               .word #0x3620
25a0:  58585858           multl rq8,<<88>>0x0058(r5)
25a4:  58202020           multl rq0,<<32>>0x0020(r2)
25a8:  2020               ldb rh0,@rr2
25aa:  2020               ldb rh0,@rr2
25ac:  2020               ldb rh0,@rr2
25ae:  2020               ldb rh0,@rr2
25b0:  2020               ldb rh0,@rr2
25b2:  2020               ldb rh0,@rr2
25b4:  3f3f               out @r3,r15
25b6:  3f32               out @r3,r2
25b8:  37205858           ldl rr2(#0x5858),rr0
25bc:  58585820           multl rq8,<<88>>0x0020(r5)
25c0:  2020               ldb rh0,@rr2
25c2:  2020               ldb rh0,@rr2
25c4:  2020               ldb rh0,@rr2
25c6:  2020               ldb rh0,@rr2
25c8:  2020               ldb rh0,@rr2
25ca:  2020               ldb rh0,@rr2
25cc:  2020               ldb rh0,@rr2
25ce:  3f3f               out @r3,r15
25d0:  3f32               out @r3,r2
25d2:  3820               .word #0x3820
25d4:  58585858           multl rq8,<<88>>0x0058(r5)
25d8:  58202020           multl rq0,<<32>>0x0020(r2)
25dc:  2020               ldb rh0,@rr2
25de:  2020               ldb rh0,@rr2
25e0:  2020               ldb rh0,@rr2
25e2:  2020               ldb rh0,@rr2
25e4:  2020               ldb rh0,@rr2
25e6:  2020               ldb rh0,@rr2
25e8:  3f3f               out @r3,r15
25ea:  3f32               out @r3,r2
25ec:  3920               ldps @rr2
25ee:  58585858           multl rq8,<<88>>0x0058(r5)
25f2:  58202020           multl rq0,<<32>>0x0020(r2)
25f6:  2020               ldb rh0,@rr2
25f8:  2020               ldb rh0,@rr2
25fa:  2020               ldb rh0,@rr2
25fc:  2020               ldb rh0,@rr2
25fe:  2020               ldb rh0,@rr2
2600:  2020               ldb rh0,@rr2
2602:  3f3f               out @r3,r15
2604:  3f33               out @r3,r3
2606:  30205858           ldb rh0,rr2(#0x5858)
260a:  58585820           multl rq8,<<88>>0x0020(r5)
260e:  2020               ldb rh0,@rr2
2610:  2020               ldb rh0,@rr2
2612:  2020               ldb rh0,@rr2
2614:  2020               ldb rh0,@rr2
2616:  2020               ldb rh0,@rr2
2618:  2020               ldb rh0,@rr2
261a:  2020               ldb rh0,@rr2
261c:  3f3f               out @r3,r15
261e:  3f33               out @r3,r3
2620:  31205858           ld r0,rr2(#0x5858)
2624:  58585820           multl rq8,<<88>>0x0020(r5)
2628:  2020               ldb rh0,@rr2
262a:  2020               ldb rh0,@rr2
262c:  2020               ldb rh0,@rr2
262e:  2020               ldb rh0,@rr2
2630:  2020               ldb rh0,@rr2
2632:  2020               ldb rh0,@rr2
2634:  2020               ldb rh0,@rr2
2636:  3f3f               out @r3,r15
2638:  3f30               out @r3,r0
263a:  203a               ldb rl2,@rr3
263c:  2055               ldb rh5,@rr5
263e:  4e4b4e4f574e       ext4e #0x4e4b4e4f,<<87>>0x004e
2644:  31203a20           ld r0,rr2(#0x3a20)
2648:  554e4b4e           popl <<75>>0x004e(r14),@rr4
264c:  4f574e32203a       ext4f #0x4f574e32,<<32>>0x003a
2652:  2055               ldb rh5,@rr5
2654:  4e4b4e4f574e       ext4e #0x4e4b4e4f,<<87>>0x004e
265a:  33203a20           ld rr2(#0x3a20),r0
265e:  554e4b4e           popl <<75>>0x004e(r14),@rr4
2662:  4f574e34203a       ext4f #0x4f574e34,<<32>>0x003a
2668:  204d               ldb rl5,@rr4
266a:  2e46               ldb @rr4,rh6
266c:  2e55               ldb @rr5,rh5
266e:  2e20               ldb @rr2,rh0
2670:  35203a20           ldl rr0,rr2(#0x3a20)
2674:  572e2050           pop <<32>>0x0050(r14),@rr2
2678:  2e20               ldb @rr2,rh0
267a:  2036               ldb rh6,@rr3
267c:  203a               ldb rl2,@rr3
267e:  2050               ldb rh0,@rr5
2680:  2e20               ldb @rr2,rh0
2682:  4d2e               .word #0x4d2e
2684:  2020               ldb rh0,@rr2
2686:  37203a20           ldl rr2(#0x3a20),rr0
268a:  442e2050           orb rl6,<<32>>0x0050(r2)
268e:  2e20               ldb @rr2,rh0
2690:  2020               ldb rh0,@rr2
2692:  2020               ldb rh0,@rr2
2694:  2028               ldb rl0,@rr2
2696:  4c4f               .word #0x4c4f
2698:  41444544           add r4,<<69>>0x0044(r4)
269c:  204e               ldb rl6,@rr4
269e:  4154494f           add r4,<<73>>0x004f(r5)
26a2:  4e2d5441424c       ext4e #0x4e2d5441,<<66>>0x004c
26a8:  453a2020           or r10,<<32>>0x0020(r3)
26ac:  2020               ldb rh0,@rr2
26ae:  2020               ldb rh0,@rr2
26b0:  7878               .word #0x7878
26b2:  7878               .word #0x7878
26b4:  7878               .word #0x7878
26b6:  7878               .word #0x7878
26b8:  2940               inc @rr4,#1
26ba:  52454345           subl rr5,<<67>>0x0045(r4)
26be:  49564544           xor r6,<<69>>0x0044(r5)
26c2:  2042               ldb rh2,@rr4
26c4:  59544520           mult rr4,<<69>>0x0020(r5)
26c8:  2846               incb @rr4,#7
26ca:  524f4d20           subl rr15,<<77>>0x0020(r4)
26ce:  4b455942           cp r5,<<89>>0x0042(r4)
26d2:  4f415244293a       ext4f #0x4f415244,<<41>>0x003a
26d8:  2020               ldb rh0,@rr2
26da:  58584052           multl rq8,<<64>>0x0052(r5)
26de:  45434549           or r3,<<69>>0x0049(r4)
26e2:  56454420           addl rr5,<<68>>0x0020(r4)
26e6:  42595445           subb rl1,<<84>>0x0045(r5)
26ea:  53202846           push @rr2,<<40>>0x0046
26ee:  524f4d20           subl rr15,<<77>>0x0020(r4)
26f2:  4b455942           cp r5,<<89>>0x0042(r4)
26f6:  4f415244293a       ext4f #0x4f415244,<<41>>0x003a
26fc:  2020               ldb rh0,@rr2
26fe:  2020               ldb rh0,@rr2
2700:  00000000           addb rh0,#0x00
2704:  0041               addb rh1,@rr4
2706:  41414141           add r1,<<65>>0x0041(r4)
270a:  41414141           add r1,<<65>>0x0041(r4)
270e:  41424242           add r2,<<66>>0x0042(r4)
2712:  42424242           subb rh2,<<66>>0x0042(r4)
2716:  42424243           subb rh2,<<66>>0x0043(r4)
271a:  43434343           sub r3,<<67>>0x0043(r4)
271e:  43434343           sub r3,<<67>>0x0043(r4)
2722:  43444444           sub r4,<<68>>0x0044(r4)
2726:  44444444           orb rh4,<<68>>0x0044(r4)
272a:  44444440           orb rh4,<<68>>0x0040(r4)
272e:  00002d20           addb rh0,#0x20
2732:  52454345           subl rr5,<<67>>0x0045(r4)
2736:  49564544           xor r6,<<69>>0x0044(r5)
273a:  3a205858           inib @rr5,@r2,r8
273e:  2020               ldb rh0,@rr2
2740:  2d20               ex r0,@rr2
2742:  48495420           xorb rl1,<<84>>0x0020(r4)
2746:  454e5445           or r14,<<84>>0x0045(r4)
274a:  5220544f           subl rr0,<<84>>0x004f(r2)
274e:  2052               ldb rh2,@rr5
2750:  45545259           or r4,<<82>>0x0059(r5)
2754:  202d               ldb rl5,@rr2
2756:  40004058           addb rh0,<<64>>0x0058
275a:  40584058           addb rl0,<<64>>0x0058(r5)
275e:  40584058           addb rl0,<<64>>0x0058(r5)
2762:  40584058           addb rl0,<<64>>0x0058(r5)
2766:  40582320           addb rl0,<<35>>0x0020(r5)
276a:  03002320           sub r0,#0x2320
276e:  03002320           sub r0,#0x2320
2772:  03002320           sub r0,#0x2320
2776:  03002320           sub r0,#0x2320
277a:  03002320           sub r0,#0x2320
277e:  03002320           sub r0,#0x2320
2782:  03002320           sub r0,#0x2320
2786:  03002320           sub r0,#0x2320
278a:  03002320           sub r0,#0x2320
278e:  03002320           sub r0,#0x2320
2792:  03002320           sub r0,#0x2320
2796:  03002320           sub r0,#0x2320
279a:  03002320           sub r0,#0x2320
279e:  03002320           sub r0,#0x2320
27a2:  03002320           sub r0,#0x2320
27a6:  2b20               dec @rr2,#1
27a8:  00000000           addb rh0,#0x00
27ac:  00000000           addb rh0,#0x00
27b0:  00000000           addb rh0,#0x00
27b4:  00000000           addb rh0,#0x00
27b8:  2620               bitb @rr2,#0
27ba:  02002220           subb rh0,#0x20
27be:  02002220           subb rh0,#0x20
27c2:  02002220           subb rh0,#0x20
27c6:  02002220           subb rh0,#0x20
27ca:  02002220           subb rh0,#0x20
27ce:  02002220           subb rh0,#0x20
27d2:  02002220           subb rh0,#0x20
27d6:  02002220           subb rh0,#0x20
27da:  02002220           subb rh0,#0x20
27de:  02002220           subb rh0,#0x20
27e2:  02002220           subb rh0,#0x20
27e6:  02002220           subb rh0,#0x20
27ea:  02002220           subb rh0,#0x20
27ee:  02002220           subb rh0,#0x20
27f2:  02002220           subb rh0,#0x20
27f6:  02002a20           subb rh0,#0x20
27fa:  00000000           addb rh0,#0x00
27fe:  00000501           addb rh0,#0x01
2802:  01010501           add r1,#0x0501
2806:  01010501           add r1,#0x0501
280a:  01010501           add r1,#0x0501
280e:  01010501           add r1,#0x0501
2812:  01010501           add r1,#0x0501
2816:  01010501           add r1,#0x0501
281a:  01010501           add r1,#0x0501
281e:  01010501           add r1,#0x0501
2822:  01010501           add r1,#0x0501
2826:  01010501           add r1,#0x0501
282a:  01010501           add r1,#0x0501
282e:  01010501           add r1,#0x0501
2832:  01010501           add r1,#0x0501
2836:  01010101           add r1,#0x0101
283a:  0109ff00           add r9,#0xff00
283e:  00000400           addb rh0,#0x00
2842:  00000400           addb rh0,#0x00
2846:  00000400           addb rh0,#0x00
284a:  00000400           addb rh0,#0x00
284e:  00000400           addb rh0,#0x00
2852:  00000400           addb rh0,#0x00
2856:  00000400           addb rh0,#0x00
285a:  00000400           addb rh0,#0x00
285e:  00000400           addb rh0,#0x00
2862:  00000400           addb rh0,#0x00
2866:  00000400           addb rh0,#0x00
286a:  00000400           addb rh0,#0x00
286e:  00000400           addb rh0,#0x00
2872:  00000400           addb rh0,#0x00
2876:  00000000           addb rh0,#0x00
287a:  0008ff00           addb rl0,#0x00
287e:  00000602           addb rh0,#0x02
2882:  02020602           subb rh2,#0x02
2886:  02020602           subb rh2,#0x02
288a:  02020602           subb rh2,#0x02
288e:  02020602           subb rh2,#0x02
2892:  02020602           subb rh2,#0x02
2896:  02020602           subb rh2,#0x02
289a:  02020602           subb rh2,#0x02
289e:  02020602           subb rh2,#0x02
28a2:  02020602           subb rh2,#0x02
28a6:  02020602           subb rh2,#0x02
28aa:  02020602           subb rh2,#0x02
28ae:  02020602           subb rh2,#0x02
28b2:  02020602           subb rh2,#0x02
28b6:  02020202           subb rh2,#0x02
28ba:  020aff00           subb rl2,#0x00
28be:  00000408           addb rh0,#0x08
28c2:  00000000           addb rh0,#0x00
28c6:  04000000           orb rh0,#0x00
28ca:  04000000           orb rh0,#0x00
28ce:  04000000           orb rh0,#0x00
28d2:  04000000           orb rh0,#0x00
28d6:  04000000           orb rh0,#0x00
28da:  04000000           orb rh0,#0x00
28de:  04000000           orb rh0,#0x00
28e2:  04000000           orb rh0,#0x00
28e6:  04000000           orb rh0,#0x00
28ea:  04000000           orb rh0,#0x00
28ee:  04000000           orb rh0,#0x00
28f2:  04000000           orb rh0,#0x00
28f6:  04000000           orb rh0,#0x00
28fa:  0008ff00           addb rl0,#0x00
28fe:  00000400           addb rh0,#0x00
2902:  00000000           addb rh0,#0x00
2906:  04000000           orb rh0,#0x00
290a:  04000000           orb rh0,#0x00
290e:  04000000           orb rh0,#0x00
2912:  04000000           orb rh0,#0x00
2916:  04000000           orb rh0,#0x00
291a:  04000000           orb rh0,#0x00
291e:  04000000           orb rh0,#0x00
2922:  04000000           orb rh0,#0x00
2926:  04000000           orb rh0,#0x00
292a:  04000000           orb rh0,#0x00
292e:  04000000           orb rh0,#0x00
2932:  04000000           orb rh0,#0x00
2936:  04000000           orb rh0,#0x00
293a:  0008ff00           addb rl0,#0x00
293e:  0000060a           addb rh0,#0x0a
2942:  02020202           subb rh2,#0x02
2946:  06020202           andb rh2,#0x02
294a:  06020202           andb rh2,#0x02
294e:  06020202           andb rh2,#0x02
2952:  06020202           andb rh2,#0x02
2956:  06020202           andb rh2,#0x02
295a:  06020202           andb rh2,#0x02
295e:  06020202           andb rh2,#0x02
2962:  06020202           andb rh2,#0x02
2966:  06020202           andb rh2,#0x02
296a:  06020202           andb rh2,#0x02
296e:  06020202           andb rh2,#0x02
2972:  06020202           andb rh2,#0x02
2976:  06020202           andb rh2,#0x02
297a:  020aff00           subb rl2,#0x00
297e:  00000400           addb rh0,#0x00
2982:  00000400           addb rh0,#0x00
2986:  00000004           addb rh0,#0x04
298a:  00000004           addb rh0,#0x04
298e:  00000004           addb rh0,#0x04
2992:  00000004           addb rh0,#0x04
2996:  00000004           addb rh0,#0x04
299a:  00000004           addb rh0,#0x04
299e:  00000004           addb rh0,#0x04
29a2:  00000004           addb rh0,#0x04
29a6:  00000004           addb rh0,#0x04
29aa:  00000004           addb rh0,#0x04
29ae:  00000004           addb rh0,#0x04
29b2:  00000004           addb rh0,#0x04
29b6:  00000004           addb rh0,#0x04
29ba:  0008ff00           addb rl0,#0x00
29be:  00000000           addb rh0,#0x00
29c2:  00000400           addb rh0,#0x00
29c6:  00000004           addb rh0,#0x04
29ca:  00000004           addb rh0,#0x04
29ce:  00000004           addb rh0,#0x04
29d2:  00000004           addb rh0,#0x04
29d6:  00000004           addb rh0,#0x04
29da:  00000004           addb rh0,#0x04
29de:  00000004           addb rh0,#0x04
29e2:  00000004           addb rh0,#0x04
29e6:  00000004           addb rh0,#0x04
29ea:  00000004           addb rh0,#0x04
29ee:  00000004           addb rh0,#0x04
29f2:  00000004           addb rh0,#0x04
29f6:  00000004           addb rh0,#0x04
29fa:  0008ff00           addb rl0,#0x00
29fe:  00000602           addb rh0,#0x02
2a02:  020a0202           subb rl2,#0x02
2a06:  02020a02           subb rh2,#0x02
2a0a:  02020a02           subb rh2,#0x02
2a0e:  02020a02           subb rh2,#0x02
2a12:  02020a02           subb rh2,#0x02
2a16:  02020a02           subb rh2,#0x02
2a1a:  02020a02           subb rh2,#0x02
2a1e:  02020a02           subb rh2,#0x02
2a22:  02020a02           subb rh2,#0x02
2a26:  02020a02           subb rh2,#0x02
2a2a:  02020a02           subb rh2,#0x02
2a2e:  02020a02           subb rh2,#0x02
2a32:  02020a02           subb rh2,#0x02
2a36:  02020a00           subb rh2,#0x00
2a3a:  0008ff00           addb rl0,#0x00
2a3e:  00000400           addb rh0,#0x00
2a42:  00000000           addb rh0,#0x00
2a46:  04000000           orb rh0,#0x00
2a4a:  04000000           orb rh0,#0x00
2a4e:  04000000           orb rh0,#0x00
2a52:  04000000           orb rh0,#0x00
2a56:  04000000           orb rh0,#0x00
2a5a:  04000000           orb rh0,#0x00
2a5e:  04000000           orb rh0,#0x00
2a62:  04000000           orb rh0,#0x00
2a66:  04000000           orb rh0,#0x00
2a6a:  04000000           orb rh0,#0x00
2a6e:  04000000           orb rh0,#0x00
2a72:  04000000           orb rh0,#0x00
2a76:  00040000           addb rh4,#0x00
2a7a:  0008ff00           addb rl0,#0x00
2a7e:  00000602           addb rh0,#0x02
2a82:  02020202           subb rh2,#0x02
2a86:  06020202           andb rh2,#0x02
2a8a:  06020202           andb rh2,#0x02
2a8e:  06020202           andb rh2,#0x02
2a92:  06020202           andb rh2,#0x02
2a96:  06020202           andb rh2,#0x02
2a9a:  06020202           andb rh2,#0x02
2a9e:  06020202           andb rh2,#0x02
2aa2:  06020202           andb rh2,#0x02
2aa6:  06020202           andb rh2,#0x02
2aaa:  06020202           andb rh2,#0x02
2aae:  06020202           andb rh2,#0x02
2ab2:  06020202           andb rh2,#0x02
2ab6:  02060202           subb rh6,#0x02
2aba:  020aff00           subb rl2,#0x00
2abe:  00000000           addb rh0,#0x00
2ac2:  00000000           addb rh0,#0x00
2ac6:  00000400           addb rh0,#0x00
2aca:  00000000           addb rh0,#0x00
2ace:  04000000           orb rh0,#0x00
2ad2:  00000000           addb rh0,#0x00
2ad6:  00000000           addb rh0,#0x00
2ada:  00000000           addb rh0,#0x00
2ade:  00000000           addb rh0,#0x00
2ae2:  00000000           addb rh0,#0x00
2ae6:  00000000           addb rh0,#0x00
2aea:  00000000           addb rh0,#0x00
2aee:  04000000           orb rh0,#0x00
2af2:  000008ff           addb rh0,#0xff
2af6:  00000000           addb rh0,#0x00
2afa:  00000000           addb rh0,#0x00
2afe:  00000000           addb rh0,#0x00
2b02:  00000000           addb rh0,#0x00
2b06:  00000602           addb rh0,#0x02
2b0a:  02020202           subb rh2,#0x02
2b0e:  06020202           andb rh2,#0x02
2b12:  02020202           subb rh2,#0x02
2b16:  02020202           subb rh2,#0x02
2b1a:  02020202           subb rh2,#0x02
2b1e:  02020202           subb rh2,#0x02
2b22:  02020202           subb rh2,#0x02
2b26:  02020202           subb rh2,#0x02
2b2a:  02020202           subb rh2,#0x02
2b2e:  06020202           andb rh2,#0x02
2b32:  02020aff           subb rh2,#0xff
2b36:  00000000           addb rh0,#0x00
2b3a:  00000000           addb rh0,#0x00
2b3e:  00000101           addb rh0,#0x01
2b42:  01050109           add r5,#0x0109
2b46:  010d0111           add r13,#0x0111
2b4a:  0115               add r5,@rr1
2b4c:  0119               add r9,@rr1
2b4e:  011d               add r13,@rr1
2b50:  0121               add r1,@rr2
2b52:  0125               add r5,@rr2
2b54:  0129               add r9,@rr2
2b56:  012d               add r13,@rr2
2b58:  0131               add r1,@rr3
2b5a:  0137               add r7,@rr3
2b5c:  04030407           orb rh3,#0x07
2b60:  040b040f           orb rl3,#0x0f
2b64:  0413               orb rh3,@rr1
2b66:  0417               orb rh7,@rr1
2b68:  041b               orb rl3,@rr1
2b6a:  041f               orb rl7,@rr1
2b6c:  0423               orb rh3,@rr2
2b6e:  0427               orb rh7,@rr2
2b70:  042b               orb rl3,@rr2
2b72:  042f               orb rl7,@rr2
2b74:  0433               orb rh3,@rr3
2b76:  0438               orb rl0,@rr3
2b78:  07010705           and r1,#0x0705
2b7c:  070a070e           and r10,#0x070e
2b80:  0712               and r2,@rr1
2b82:  0716               and r6,@rr1
2b84:  071a               and r10,@rr1
2b86:  071e               and r14,@rr1
2b88:  0722               and r2,@rr2
2b8a:  0726               and r6,@rr2
2b8c:  072a               and r10,@rr2
2b8e:  072e               and r14,@rr2
2b90:  0732               and r2,@rr3
2b92:  0736               and r6,@rr3
2b94:  0a020a07           cpb rh2,#0x07
2b98:  0a0b0a0f           cpb rl3,#0x0f
2b9c:  0a13               cpb rh3,@rr1
2b9e:  0a17               cpb rh7,@rr1
2ba0:  0a1b               cpb rl3,@rr1
2ba2:  0a1f               cpb rl7,@rr1
2ba4:  0a23               cpb rh3,@rr2
2ba6:  0a27               cpb rh7,@rr2
2ba8:  0a2b               cpb rl3,@rr2
2baa:  0a2f               cpb rl7,@rr2
2bac:  0a33               cpb rh3,@rr3
2bae:  0a38               cpb rl0,@rr3
2bb0:  0d0a               .word #0x0d0a
2bb2:  0d1c               .word #0x0d1c
2bb4:  0d30               com @rr3
2bb6:  ffff               djnz r15,0x2aba
2bb8:  00000000           addb rh0,#0x00
2bbc:  00000000           addb rh0,#0x00
2bc0:  4c4b               .word #0x4c4b
2bc2:  53485348           push @rr4,<<83>>0x0048(r8)
2bc6:  434e5250           sub r14,<<82>>0x0050(r4)
2bca:  58585858           multl rq8,<<88>>0x0058(r5)
2bce:  58585858           multl rq8,<<88>>0x0058(r5)
2bd2:  05010105           or r1,#0x0105
2bd6:  01050105           add r5,#0x0105
2bda:  01050105           add r5,#0x0105
2bde:  01050105           add r5,#0x0105
2be2:  01050105           add r5,#0x0105
2be6:  01050105           add r5,#0x0105
2bea:  01050105           add r5,#0x0105
2bee:  010109ff           add r1,#0x09ff
2bf2:  06020206           andb rh2,#0x06
2bf6:  02060206           subb rh6,#0x06
2bfa:  02060206           subb rh6,#0x06
2bfe:  02060206           subb rh6,#0x06
2c02:  02060206           subb rh6,#0x06
2c06:  02060206           subb rh6,#0x06
2c0a:  02060206           subb rh6,#0x06
2c0e:  02020aff           subb rh2,#0xff
2c12:  04000000           orb rh0,#0x00
2c16:  04000400           orb rh0,#0x00
2c1a:  04000400           orb rh0,#0x00
2c1e:  04000400           orb rh0,#0x00
2c22:  04000400           orb rh0,#0x00
2c26:  04000400           orb rh0,#0x00
2c2a:  04000400           orb rh0,#0x00
2c2e:  040008ff           orb rh0,#0xff
2c32:  06020202           andb rh2,#0x02
2c36:  06020602           andb rh2,#0x02
2c3a:  06020602           andb rh2,#0x02
2c3e:  06020602           andb rh2,#0x02
2c42:  06020602           andb rh2,#0x02
2c46:  06020602           andb rh2,#0x02
2c4a:  06020602           andb rh2,#0x02
2c4e:  06020aff           andb rh2,#0xff
2c52:  00000400           addb rh0,#0x00
2c56:  04000400           orb rh0,#0x00
2c5a:  04000400           orb rh0,#0x00
2c5e:  04000400           orb rh0,#0x00
2c62:  04000400           orb rh0,#0x00
2c66:  04000400           orb rh0,#0x00
2c6a:  04000400           orb rh0,#0x00
2c6e:  040408ff           orb rh4,#0xff
2c72:  02020602           subb rh2,#0x02
2c76:  06020602           andb rh2,#0x02
2c7a:  06020602           andb rh2,#0x02
2c7e:  06020602           andb rh2,#0x02
2c82:  06020602           andb rh2,#0x02
2c86:  06020602           andb rh2,#0x02
2c8a:  06020602           andb rh2,#0x02
2c8e:  060408ff           andb rh4,#0xff
2c92:  04000004           orb rh0,#0x04
2c96:  00040004           addb rh4,#0x04
2c9a:  00040004           addb rh4,#0x04
2c9e:  00040004           addb rh4,#0x04
2ca2:  00040004           addb rh4,#0x04
2ca6:  00040004           addb rh4,#0x04
2caa:  00040008           addb rh4,#0x08
2cae:  000008ff           addb rh0,#0xff
2cb2:  06020206           andb rh2,#0x06
2cb6:  02060206           subb rh6,#0x06
2cba:  02060206           subb rh6,#0x06
2cbe:  02060206           subb rh6,#0x06
2cc2:  02060206           subb rh6,#0x06
2cc6:  02060206           subb rh6,#0x06
2cca:  0206020a           subb rh6,#0x0a
2cce:  02020aff           subb rh2,#0xff
2cd2:  00000000           addb rh0,#0x00
2cd6:  00040000           addb rh4,#0x00
2cda:  04000000           orb rh0,#0x00
2cde:  00000000           addb rh0,#0x00
2ce2:  00000000           addb rh0,#0x00
2ce6:  00000000           addb rh0,#0x00
2cea:  040008ff           orb rh0,#0xff
2cee:  ffff               djnz r15,0x2bf2
2cf0:  ffff               djnz r15,0x2bf4
2cf2:  00000000           addb rh0,#0x00
2cf6:  00060202           addb rh6,#0x02
2cfa:  06020202           andb rh2,#0x02
2cfe:  02020202           subb rh2,#0x02
2d02:  02020202           subb rh2,#0x02
2d06:  02020202           subb rh2,#0x02
2d0a:  06020aff           andb rh2,#0xff
2d0e:  ffff               djnz r15,0x2c12
2d10:  ffff               djnz r15,0x2c14
2d12:  01000103           add r0,#0x0103
2d16:  01050107           add r5,#0x0107
2d1a:  0109010b           add r9,#0x010b
2d1e:  010d010f           add r13,#0x010f
2d22:  0111               add r1,@rr1
2d24:  0113               add r3,@rr1
2d26:  0115               add r5,@rr1
2d28:  0117               add r7,@rr1
2d2a:  0119               add r9,@rr1
2d2c:  011c               add r12,@rr1
2d2e:  03010304           sub r1,#0x0304
2d32:  03060308           sub r6,#0x0308
2d36:  030a030c           sub r10,#0x030c
2d3a:  030e0310           sub r14,#0x0310
2d3e:  0312               sub r2,@rr1
2d40:  0314               sub r4,@rr1
2d42:  0316               sub r6,@rr1
2d44:  0318               sub r8,@rr1
2d46:  031a               sub r10,@rr1
2d48:  031d               sub r13,@rr1
2d4a:  05000502           or r0,#0x0502
2d4e:  05040506           or r4,#0x0506
2d52:  0508050a           or r8,#0x050a
2d56:  050c050e           or r12,#0x050e
2d5a:  0510               or r0,@rr1
2d5c:  0512               or r2,@rr1
2d5e:  0514               or r4,@rr1
2d60:  0516               or r6,@rr1
2d62:  0518               or r8,@rr1
2d64:  051a               or r10,@rr1
2d66:  07000703           and r0,#0x0703
2d6a:  07050707           and r5,#0x0707
2d6e:  0709070b           and r9,#0x070b
2d72:  070d070f           and r13,#0x070f
2d76:  0711               and r1,@rr1
2d78:  0713               and r3,@rr1
2d7a:  0715               and r5,@rr1
2d7c:  0717               and r7,@rr1
2d7e:  071a               and r10,@rr1
2d80:  071d               and r13,@rr1
2d82:  0906090f           xor r6,#0x090f
2d86:  0919               xor r9,@rr1
2d88:  ffff               djnz r15,0x2c8c
2d8a:  00000000           addb rh0,#0x00
2d8e:  00000000           addb rh0,#0x00
2d92:  01010105           add r1,#0x0105
2d96:  0109010d           add r9,#0x010d
2d9a:  0111               add r1,@rr1
2d9c:  0115               add r5,@rr1
2d9e:  0119               add r9,@rr1
2da0:  011d               add r13,@rr1
2da2:  0121               add r1,@rr2
2da4:  03010305           sub r1,#0x0305
2da8:  0309030d           sub r9,#0x030d
2dac:  0311               sub r1,@rr1
2dae:  0315               sub r5,@rr1
2db0:  0319               sub r9,@rr1
2db2:  031d               sub r13,@rr1
2db4:  0321               sub r1,@rr2
2db6:  05010505           or r1,#0x0505
2dba:  0509050d           or r9,#0x050d
2dbe:  0615               andb rh5,@rr1
2dc0:  0519               or r9,@rr1
2dc2:  051d               or r13,@rr1
2dc4:  0521               or r1,@rr2
2dc6:  07010705           and r1,#0x0705
2dca:  0709070d           and r9,#0x070d
2dce:  0615               andb rh5,@rr1
2dd0:  0719               and r9,@rr1
2dd2:  071d               and r13,@rr1
2dd4:  0721               and r1,@rr2
2dd6:  09010905           xor r1,#0x0905
2dda:  0909090d           xor r9,#0x090d
2dde:  0a15               cpb rh5,@rr1
2de0:  0919               xor r9,@rr1
2de2:  091d               xor r13,@rr1
2de4:  0921               xor r1,@rr2
2de6:  0b030b09           cp r3,#0x0b09
2dea:  0b0d0a15           cp r13,#0x0a15
2dee:  0b19               cp r9,@rr1
2df0:  0b1d               cp r13,@rr1
2df2:  0b21               cp r1,@rr2
2df4:  ffff               djnz r15,0x2cf8
2df6:  01010105           add r1,#0x0105
2dfa:  0109010d           add r9,#0x010d
2dfe:  0111               add r1,@rr1
2e00:  0115               add r5,@rr1
2e02:  0119               add r9,@rr1
2e04:  011d               add r13,@rr1
2e06:  0121               add r1,@rr2
2e08:  03010305           sub r1,#0x0305
2e0c:  0309030d           sub r9,#0x030d
2e10:  0311               sub r1,@rr1
2e12:  0315               sub r5,@rr1
2e14:  0319               sub r9,@rr1
2e16:  031d               sub r13,@rr1
2e18:  0321               sub r1,@rr2
2e1a:  06010505           andb rh1,#0x05
2e1e:  0509050d           or r9,#0x050d
2e22:  0615               andb rh5,@rr1
2e24:  051b               or r11,@rr1
2e26:  051b               or r11,@rr1
2e28:  0521               or r1,@rr2
2e2a:  06010705           andb rh1,#0x05
2e2e:  0709070d           and r9,#0x070d
2e32:  0615               andb rh5,@rr1
2e34:  071b               and r11,@rr1
2e36:  071b               and r11,@rr1
2e38:  0721               and r1,@rr2
2e3a:  0a010905           cpb rh1,#0x05
2e3e:  0909090d           xor r9,#0x090d
2e42:  0a15               cpb rh5,@rr1
2e44:  091b               xor r11,@rr1
2e46:  091b               xor r11,@rr1
2e48:  0921               xor r1,@rr2
2e4a:  0a010b09           cpb rh1,#0x09
2e4e:  0b0d0a15           cp r13,#0x0a15
2e52:  0b1b               cp r11,@rr1
2e54:  0b1b               cp r11,@rr1
2e56:  0b21               cp r1,@rr2
2e58:  ffff               djnz r15,0x2d5c
2e5a:  4446635b           orb rh6,<<99>>0x005b(r4)
2e5e:  534b565a           push @rr4,<<86>>0x005a(r11)
2e62:  3942               .word #0x3942
2e64:  43414748           sub r1,<<71>>0x0048(r4)
2e68:  3d54               in r4,@r5
2e6a:  5c3b               .word #0x5c3b
2e6c:  494f504d           xor r15,<<80>>0x004d(r4)
2e70:  52514c3a           subl rr1,<<76>>0x003a(r5)
2e74:  59575855           mult rr7,<<88>>0x0055(r5)
2e78:  525e4e3c           subl rr14,<<78>>0x003c(r5)
2e7c:  625f605d           resb <<96>>0x005d(r5),#15
2e80:  61664a3e           ld r6,<<74>>0x003e(r6)
2e84:  67686561           bit <<101>>0x0061(r6),#8
2e88:  64403fff           setb <<63>>0x00ff(r4),#0
2e8c:  ff31               dbjnz rl7,0x2e2c
2e8e:  ff71               dbjnz rl7,0x2dae
2e90:  32ff7f33           ldb rr15(#0x7f33),rl7
2e94:  65615c7a           set <<92>>0x007a(r6),#1
2e98:  77647873           ldl rr6(r8),rr4
2e9c:  63742037           res <<32>>0x0037(r7),#4
2ea0:  7967               .word #0x7967
2ea2:  6e346675           ldb <<102>>0x0075(r3),rh4
2ea6:  6a686235           decb <<98>>0x0035(r6),#9
2eaa:  3672               .word #0x3672
2eac:  76386c2c           lda rr8,<<108>>0x002c(r3)
2eb0:  3969               .word #0x3969
2eb2:  6f6d6b2f           ld <<107>>0x002f(r6),r13
2eb6:  405e2d2e           addb rl6,<<45>>0x002e(r5)
2eba:  303b7008           ldb rl3,rr3(#0x7008)
2ebe:  ffff               djnz r15,0x2dc2
2ec0:  3aea5be9           outdb @r14,@rr14,r11
2ec4:  5dffffffe9f2       ldl <<127>>0xe9f2(r15),rr15
2eca:  ecff               jr po,0x2eca
2ecc:  ffff               djnz r15,0x2dd0
2ece:  ffff               djnz r15,0x2dd2
2ed0:  ffff               djnz r15,0x2dd4
2ed2:  ffff               djnz r15,0x2dd6
2ed4:  ffef               djnz r15,0x2df8
2ed6:  ebff               jr ugt,0x2ed6
2ed8:  ff39               dbjnz rl7,0x2e68
2eda:  e837               jr 0x2f4a
2edc:  38ff               .word #0x38ff
2ede:  f1ff               djnz r1,0x2de2
2ee0:  ff36               dbjnz rl7,0x2e76
2ee2:  ff34               dbjnz rl7,0x2e7c
2ee4:  352dffff           ldl rr13,rr2(#0xffff)
2ee8:  ff33               dbjnz rl7,0x2e84
2eea:  ff31               dbjnz rl7,0x2e8a
2eec:  32f02eff           ldb rr15(#0x2eff),rh0
2ef0:  ffed               djnz r15,0x2e18
2ef2:  ff30               dbjnz rl7,0x2e94
2ef4:  eeff               jr nz,0x2ef4
2ef6:  ffff               djnz r15,0x2dfa
2ef8:  ffff               djnz r15,0x2dfc
2efa:  e0e4               jr f,0x2ec4
2efc:  e2ff               jr le,0x2efc
2efe:  ffff               djnz r15,0x2e02
2f00:  ffff               djnz r15,0x2e04
2f02:  e1e5               jr lt,0x2ece
2f04:  e3ff               jr ule,0x2f04
2f06:  ffff               djnz r15,0x2e0a
2f08:  ffff               djnz r15,0x2e0c
2f0a:  ffff               djnz r15,0x2e0e
2f0c:  ff21               dbjnz rl7,0x2ecc
2f0e:  ff51               dbjnz rl7,0x2e6e
2f10:  22ff               resb @rr15,#15
2f12:  7f23               sc #0x23
2f14:  45417c5a           or r1,<<124>>0x005a(r4)
2f18:  57445853           pop <<88>>0x0053(r4),@rr4
2f1c:  43542027           sub r4,<<32>>0x0027(r5)
2f20:  59474e24           mult rr7,<<78>>0x0024(r4)
2f24:  46554a48           andb rh5,<<74>>0x0048(r5)
2f28:  42252652           subb rh5,<<38>>0x0052(r2)
2f2c:  56284c3c           addl rr8,<<76>>0x003c(r2)
2f30:  2949               inc @rr4,#10
2f32:  4f4d4b3f607e       ext4f #0x4f4d4b3f,<<96>>0x007e
2f38:  3d3e               in r14,@r3
2f3a:  5f2b               .word #0x5f2b
2f3c:  5008ffff2aea       cpl rr8,<<127>>0x2aea
2f42:  7be9               .word #0x7be9
2f44:  7dff               ldctl nsp,r15
2f46:  ffff               djnz r15,0x2e4a
2f48:  e9f2               jr ge,0x2f2e
2f4a:  ecff               jr po,0x2f4a
2f4c:  ffff               djnz r15,0x2e50
2f4e:  ffff               djnz r15,0x2e52
2f50:  ffff               djnz r15,0x2e54
2f52:  ffff               djnz r15,0x2e56
2f54:  ffef               djnz r15,0x2e78
2f56:  ebff               jr ugt,0x2f56
2f58:  ff39               dbjnz rl7,0x2ee8
2f5a:  e837               jr 0x2fca
2f5c:  38ff               .word #0x38ff
2f5e:  f1ff               djnz r1,0x2e62
2f60:  ff36               dbjnz rl7,0x2ef6
2f62:  ff34               dbjnz rl7,0x2efc
2f64:  352dffff           ldl rr13,rr2(#0xffff)
2f68:  ff33               dbjnz rl7,0x2f04
2f6a:  ff31               dbjnz rl7,0x2f0a
2f6c:  32f02eff           ldb rr15(#0x2eff),rh0
2f70:  ffed               djnz r15,0x2e98
2f72:  ff30               dbjnz rl7,0x2f14
2f74:  eeff               jr nz,0x2f74
2f76:  ffff               djnz r15,0x2e7a
2f78:  ffff               djnz r15,0x2e7c
2f7a:  e0e4               jr f,0x2f44
2f7c:  e2ff               jr le,0x2f7c
2f7e:  ffff               djnz r15,0x2e82
2f80:  ffff               djnz r15,0x2e84
2f82:  e1e5               jr lt,0x2f4e
2f84:  e3ff               jr ule,0x2f84
2f86:  ffff               djnz r15,0x2e8a
2f88:  ffff               djnz r15,0x2e8c
2f8a:  ffff               djnz r15,0x2e8e
2f8c:  ff31               dbjnz rl7,0x2f2c
2f8e:  ff51               dbjnz rl7,0x2eee
2f90:  32ffff33           ldb rr15(#0xff33),rl7
2f94:  45013e57           or r1,<<62>>0x0057
2f98:  5a445853           divl rq4,<<88>>0x0053(r4)
2f9c:  63742027           res <<32>>0x0027(r7),#4
2fa0:  7967               .word #0x7967
2fa2:  6e246675           ldb <<102>>0x0075(r2),rh4
2fa6:  6a686225           decb <<98>>0x0025(r6),#9
2faa:  2672               bitb @rr7,#2
2fac:  76286c3b           lda rr8,<<108>>0x003b(r2)
2fb0:  2969               inc @rr6,#10
2fb2:  6f2c6b21           ld <<107>>0x0021(r2),r12
2fb6:  3d2b               in r11,@r2
2fb8:  ff2f               dbjnz rl7,0x2f5c
2fba:  304d70ff           ldb rl5,rr4(#0x70ff)
2fbe:  ffff               djnz r15,0x2ec2
2fc0:  25ea               set @rr14,#10
2fc2:  26e9               bitb @rr14,#9
2fc4:  2aff               decb @rr15,#16
2fc6:  ffff               djnz r15,0x2eca
2fc8:  e9f2               jr ge,0x2fae
2fca:  ecff               jr po,0x2fca
2fcc:  ffff               djnz r15,0x2ed0
2fce:  ffff               djnz r15,0x2ed2
2fd0:  ffff               djnz r15,0x2ed4
2fd2:  1bff               div rr15,@rr15
2fd4:  ffef               djnz r15,0x2ef8
2fd6:  ebff               jr ugt,0x2fd6
2fd8:  ff39               dbjnz rl7,0x2f68
2fda:  e837               jr 0x304a
2fdc:  38ff               .word #0x38ff
2fde:  f1ff               djnz r1,0x2ee2
2fe0:  ff36               dbjnz rl7,0x2f76
2fe2:  ff34               dbjnz rl7,0x2f7c
2fe4:  352dffff           ldl rr13,rr2(#0xffff)
2fe8:  ff33               dbjnz rl7,0x2f84
2fea:  ff31               dbjnz rl7,0x2f8a
2fec:  32f02eff           ldb rr15(#0x2eff),rh0
2ff0:  ffed               djnz r15,0x2f18
2ff2:  ff30               dbjnz rl7,0x2f94
2ff4:  eee0               jr nz,0x2fb6
2ff6:  e4e2               jr pe,0x2fbc
2ff8:  ffff               djnz r15,0x2efc
2ffa:  e0e4               jr f,0x2fc4
2ffc:  e2e1               jr le,0x2fc0
2ffe:  e5e3               jr mi,0x2fc6
3000:  ffff               djnz r15,0x2f04
3002:  e1e5               jr lt,0x2fce
3004:  e3ff               jr ule,0x3004
3006:  ffff               djnz r15,0x2f0a
3008:  ffff               djnz r15,0x2f0c
300a:  ffff               djnz r15,0x2f0e
300c:  ff31               dbjnz rl7,0x2fac
300e:  ff51               dbjnz rl7,0x2f6e
3010:  32ffff33           ldb rr15(#0xff33),rl7
3014:  45023e57           or r2,<<62>>0x0057
3018:  5a445853           divl rq4,<<88>>0x0053(r4)
301c:  63742027           res <<32>>0x0027(r7),#4
3020:  7967               .word #0x7967
3022:  6e246675           ldb <<102>>0x0075(r2),rh4
3026:  6a686225           decb <<98>>0x0025(r6),#9
302a:  2672               bitb @rr7,#2
302c:  76286c3b           lda rr8,<<108>>0x003b(r2)
3030:  2969               inc @rr6,#10
3032:  6f2c6b21           ld <<107>>0x0021(r2),r12
3036:  3d2b               in r11,@r2
3038:  ff2f               dbjnz rl7,0x2fdc
303a:  304d70ff           ldb rl5,rr4(#0x70ff)
303e:  ffff               djnz r15,0x2f42
3040:  25ea               set @rr14,#10
3042:  26e9               bitb @rr14,#9
3044:  2aff               decb @rr15,#16
3046:  ffff               djnz r15,0x2f4a
3048:  e9f2               jr ge,0x302e
304a:  ecff               jr po,0x304a
304c:  ffff               djnz r15,0x2f50
304e:  ffff               djnz r15,0x2f52
3050:  ffff               djnz r15,0x2f54
3052:  1bff               div rr15,@rr15
3054:  ffef               djnz r15,0x2f78
3056:  ebff               jr ugt,0x3056
3058:  ff39               dbjnz rl7,0x2fe8
305a:  e837               jr 0x30ca
305c:  38ff               .word #0x38ff
305e:  f1ff               djnz r1,0x2f62
3060:  ff36               dbjnz rl7,0x2ff6
3062:  ff34               dbjnz rl7,0x2ffc
3064:  352dffff           ldl rr13,rr2(#0xffff)
3068:  ff33               dbjnz rl7,0x3004
306a:  ff31               dbjnz rl7,0x300a
306c:  32f02eff           ldb rr15(#0x2eff),rh0
3070:  ffed               djnz r15,0x2f98
3072:  ff30               dbjnz rl7,0x3014
3074:  eee0               jr nz,0x3036
3076:  e4e2               jr pe,0x303c
3078:  ffff               djnz r15,0x2f7c
307a:  e0e4               jr f,0x3044
307c:  e2e1               jr le,0x3040
307e:  e5e3               jr mi,0x3046
3080:  ffff               djnz r15,0x2f84
3082:  e1e5               jr lt,0x304e
3084:  e3ff               jr ule,0x3084
3086:  ffff               djnz r15,0x2f8a
3088:  ffff               djnz r15,0x2f8c
308a:  ffff               djnz r15,0x2f8e
308c:  675f605d           bit <<96>>0x005d(r5),#15
3090:  5758554f           pop <<85>>0x004f(r8),@rr5
3094:  504dffffffff       cpl rr13,<<127>>0xffff(r4)
309a:  ffff               djnz r15,0x2f9e
309c:  ffff               djnz r15,0x2fa0
309e:  ffff               djnz r15,0x2fa2
30a0:  05010101           or r1,#0x0101
30a4:  05010101           or r1,#0x0101
30a8:  05010101           or r1,#0x0101
30ac:  05010101           or r1,#0x0101
30b0:  05010101           or r1,#0x0101
30b4:  05010101           or r1,#0x0101
30b8:  05010101           or r1,#0x0101
30bc:  05010101           or r1,#0x0101
30c0:  05010109           or r1,#0x0109
30c4:  ff00               dbjnz rl7,0x30c6
30c6:  00000400           addb rh0,#0x00
30ca:  00000400           addb rh0,#0x00
30ce:  00000400           addb rh0,#0x00
30d2:  00000400           addb rh0,#0x00
30d6:  00000400           addb rh0,#0x00
30da:  00000400           addb rh0,#0x00
30de:  00000400           addb rh0,#0x00
30e2:  00000400           addb rh0,#0x00
30e6:  00000400           addb rh0,#0x00
30ea:  0008ff00           addb rl0,#0x00
30ee:  00000501           addb rh0,#0x01
30f2:  01010501           add r1,#0x0501
30f6:  01010501           add r1,#0x0501
30fa:  01010501           add r1,#0x0501
30fe:  01090000           add r9,#0x0000
3102:  00000400           addb rh0,#0x00
3106:  00000501           addb rh0,#0x01
310a:  01010501           add r1,#0x0501
310e:  01010501           add r1,#0x0501
3112:  0109ff00           add r9,#0xff00
3116:  00000501           addb rh0,#0x01
311a:  01010501           add r1,#0x0501
311e:  01010501           add r1,#0x0501
3122:  01010501           add r1,#0x0501
3126:  01090000           add r9,#0x0000
312a:  00000501           addb rh0,#0x01
312e:  01010501           add r1,#0x0501
3132:  01010501           add r1,#0x0501
3136:  01010501           add r1,#0x0501
313a:  0109ff00           add r9,#0xff00
313e:  00000501           addb rh0,#0x01
3142:  01010101           add r1,#0x0101
3146:  01010501           add r1,#0x0501
314a:  01010501           add r1,#0x0501
314e:  01090000           add r9,#0x0000
3152:  00000400           addb rh0,#0x00
3156:  00000501           addb rh0,#0x01
315a:  01010501           add r1,#0x0501
315e:  01010501           add r1,#0x0501
3162:  0109ff00           add r9,#0xff00
3166:  00000602           addb rh0,#0x02
316a:  02020202           subb rh2,#0x02
316e:  02020602           subb rh2,#0x02
3172:  02020602           subb rh2,#0x02
3176:  020a0000           subb rl2,#0x00
317a:  00000602           addb rh0,#0x02
317e:  02020602           subb rh2,#0x02
3182:  02020602           subb rh2,#0x02
3186:  02020602           subb rh2,#0x02
318a:  020aff00           subb rl2,#0x00
318e:  00000501           addb rh0,#0x01
3192:  01010501           add r1,#0x0501
3196:  01010501           add r1,#0x0501
319a:  01010501           add r1,#0x0501
319e:  01010501           add r1,#0x0501
31a2:  01010501           add r1,#0x0501
31a6:  01010501           add r1,#0x0501
31aa:  01010101           add r1,#0x0101
31ae:  01010501           add r1,#0x0501
31b2:  0109ff00           add r9,#0xff00
31b6:  00000400           addb rh0,#0x00
31ba:  00000400           addb rh0,#0x00
31be:  00000400           addb rh0,#0x00
31c2:  00000400           addb rh0,#0x00
31c6:  00000400           addb rh0,#0x00
31ca:  00000400           addb rh0,#0x00
31ce:  00000400           addb rh0,#0x00
31d2:  00000000           addb rh0,#0x00
31d6:  00000400           addb rh0,#0x00
31da:  0008ff00           addb rl0,#0x00
31de:  00000400           addb rh0,#0x00
31e2:  00000501           addb rh0,#0x01
31e6:  01010501           add r1,#0x0501
31ea:  01010501           add r1,#0x0501
31ee:  01010400           add r1,#0x0400
31f2:  00000400           addb rh0,#0x00
31f6:  00000501           addb rh0,#0x01
31fa:  01010101           add r1,#0x0101
31fe:  01010501           add r1,#0x0501
3202:  0109ff00           add r9,#0xff00
3206:  00000400           addb rh0,#0x00
320a:  00000101           addb rh0,#0x01
320e:  01010501           add r1,#0x0501
3212:  01010501           add r1,#0x0501
3216:  01010400           add r1,#0x0400
321a:  00000400           addb rh0,#0x00
321e:  00000501           addb rh0,#0x01
3222:  01010101           add r1,#0x0101
3226:  01010501           add r1,#0x0501
322a:  0109ff00           add r9,#0xff00
322e:  00000602           addb rh0,#0x02
3232:  02020202           subb rh2,#0x02
3236:  02020602           subb rh2,#0x02
323a:  02020602           subb rh2,#0x02
323e:  02020400           subb rh2,#0x00
3242:  00000602           addb rh0,#0x02
3246:  02020602           subb rh2,#0x02
324a:  02020202           subb rh2,#0x02
324e:  02020602           subb rh2,#0x02
3252:  020aff00           subb rl2,#0x00
3256:  0000a100           addb rh0,#0x00
325a:  2800               .word #0x2800
325c:  a100               ld r0,r0
325e:  2840               incb @rr4,#1
3260:  a100               ld r0,r0
3262:  2880               incb @rr8,#1
3264:  a100               ld r0,r0
3266:  28c0               incb @rr12,#1
3268:  a100               ld r0,r0
326a:  2900               .word #0x2900
326c:  a100               ld r0,r0
326e:  2940               inc @rr4,#1
3270:  a100               ld r0,r0
3272:  2980               inc @rr8,#1
3274:  a100               ld r0,r0
3276:  29c0               inc @rr12,#1
3278:  a100               ld r0,r0
327a:  2a00               .word #0x2a00
327c:  a100               ld r0,r0
327e:  2a40               decb @rr4,#1
3280:  a100               ld r0,r0
3282:  2a40               decb @rr4,#1
3284:  a100               ld r0,r0
3286:  2a80               decb @rr8,#1
3288:  a100               ld r0,r0
328a:  2ac0               decb @rr12,#1
328c:  a100               ld r0,r0
328e:  2ac0               decb @rr12,#1
3290:  a100               ld r0,r0
3292:  2b00               .word #0x2b00
3294:  ffff               djnz r15,0x3198
3296:  ffff               djnz r15,0x319a
3298:  a100               ld r0,r0
329a:  2bd2               dec @rr13,#3
329c:  a100               ld r0,r0
329e:  2bf2               dec @rr15,#3
32a0:  a100               ld r0,r0
32a2:  2c12               exb rh2,@rr1
32a4:  a100               ld r0,r0
32a6:  2c32               exb rh2,@rr3
32a8:  a100               ld r0,r0
32aa:  2c52               exb rh2,@rr5
32ac:  a100               ld r0,r0
32ae:  2c72               exb rh2,@rr7
32b0:  a100               ld r0,r0
32b2:  2c92               exb rh2,@rr9
32b4:  a100               ld r0,r0
32b6:  2cb2               exb rh2,@rr11
32b8:  a100               ld r0,r0
32ba:  2cd2               exb rh2,@rr13
32bc:  a100               ld r0,r0
32be:  2cf2               exb rh2,@rr15
32c0:  ffff               djnz r15,0x31c4
32c2:  ffff               djnz r15,0x31c6
32c4:  00000000           addb rh0,#0x00
32c8:  00000000           addb rh0,#0x00
32cc:  00000000           addb rh0,#0x00
32d0:  00000000           addb rh0,#0x00
32d4:  00000000           addb rh0,#0x00
32d8:  a100               ld r0,r0
32da:  30a0a100           ldb rh0,rr10(#0xa100)
32de:  30c8a100           ldb rl0,rr12(#0xa100)
32e2:  30a0a100           ldb rh0,rr10(#0xa100)
32e6:  30c8a100           ldb rl0,rr12(#0xa100)
32ea:  30a0a100           ldb rh0,rr10(#0xa100)
32ee:  30c8a100           ldb rl0,rr12(#0xa100)
32f2:  30f0a100           ldb rh0,rr15(#0xa100)
32f6:  30c8a100           ldb rl0,rr12(#0xa100)
32fa:  3118a100           ld r8,rr1(#0xa100)
32fe:  30c8a100           ldb rl0,rr12(#0xa100)
3302:  3140a100           ld r0,rr4(#0xa100)
3306:  3168ffff           ld r8,rr6(#0xffff)
330a:  ffff               djnz r15,0x320e
330c:  a100               ld r0,r0
330e:  30a0a100           ldb rh0,rr10(#0xa100)
3312:  30c8a100           ldb rl0,rr12(#0xa100)
3316:  30a0a100           ldb rh0,rr10(#0xa100)
331a:  30c8a100           ldb rl0,rr12(#0xa100)
331e:  3190a100           ld r0,rr9(#0xa100)
3322:  31b8a100           ld r8,rr11(#0xa100)
3326:  31e0a100           ld r0,rr14(#0xa100)
332a:  31b8a100           ld r8,rr11(#0xa100)
332e:  3190a100           ld r0,rr9(#0xa100)
3332:  31b8a100           ld r8,rr11(#0xa100)
3336:  3208a100           ldrb 0xd43a,rl0
333a:  3230ffff           ldb rr3(#0xffff),rh0
333e:  ffff               djnz r15,0x3242
3340:  00000000           addb rh0,#0x00
3344:  0507090b           or r7,#0x090b
3348:  0f06080a           ext0f #0x0f06080a
334c:  0c10               comb @rr1
334e:  ff11               dbjnz rl7,0x332e
3350:  1315               push @rr1,@rr5
3352:  1719               pop @rr9,@rr1
3354:  1d1f               ldl @rr1,rr15
3356:  2123               ld r3,@rr2
3358:  2527               set @rr2,#7
335a:  292b               inc @rr2,#12
335c:  2d2f               ex r15,@rr2
335e:  31333537           ld r3,rr3(#0x3537)
3362:  393b               .word #0x393b
3364:  3d3f               in r15,@r3
3366:  41434547           add r3,<<69>>0x0047(r4)
336a:  494b4d4e           xor r11,<<77>>0x004e(r4)
336e:  4c4a               .word #0x4c4a
3370:  48464442           xorb rh6,<<68>>0x0042(r4)
3374:  403e3c3a           addb rl6,<<60>>0x003a(r3)
3378:  3836               .word #0x3836
337a:  3432302e           lda rr2,rr3(#0x302e)
337e:  2c2a               exb rl2,@rr2
3380:  2826               incb @rr2,#7
3382:  2422               setb @rr2,#2
3384:  201e               ldb rl6,@rr1
3386:  1a18               divl rq8,@rr1
3388:  1614               addl rr4,@rr1
338a:  12ff               subl rr15,@rr15
338c:  a100               ld r0,r0
338e:  36a8               .word #0x36a8
3390:  a100               ld r0,r0
3392:  36bc               .word #0x36bc
3394:  a100               ld r0,r0
3396:  36d0               .word #0x36d0
3398:  a100               ld r0,r0
339a:  36e4               .word #0x36e4
339c:  a100               ld r0,r0
339e:  36f8               .word #0x36f8
33a0:  a100               ld r0,r0
33a2:  46f8a1004ef8       andb rl0,<<33>>0x4ef8(r15)
33a8:  00000000           addb rh0,#0x00
33ac:  00000000           addb rh0,#0x00
33b0:  00000000           addb rh0,#0x00
33b4:  00000000           addb rh0,#0x00
33b8:  00000000           addb rh0,#0x00
33bc:  00000000           addb rh0,#0x00
33c0:  00000000           addb rh0,#0x00
33c4:  00000000           addb rh0,#0x00
33c8:  00000000           addb rh0,#0x00
33cc:  00000000           addb rh0,#0x00
33d0:  00000000           addb rh0,#0x00
33d4:  00000000           addb rh0,#0x00
33d8:  00000000           addb rh0,#0x00
33dc:  00000000           addb rh0,#0x00
33e0:  00000000           addb rh0,#0x00
33e4:  00000000           addb rh0,#0x00
33e8:  00000000           addb rh0,#0x00
33ec:  00000000           addb rh0,#0x00
33f0:  00000000           addb rh0,#0x00
33f4:  00000000           addb rh0,#0x00
33f8:  00000000           addb rh0,#0x00
33fc:  00000000           addb rh0,#0x00
3400:  00000000           addb rh0,#0x00
3404:  00000000           addb rh0,#0x00
3408:  00000000           addb rh0,#0x00
340c:  00000000           addb rh0,#0x00
3410:  00000000           addb rh0,#0x00
3414:  00000000           addb rh0,#0x00
3418:  00000000           addb rh0,#0x00
341c:  00000000           addb rh0,#0x00
3420:  00000000           addb rh0,#0x00
3424:  00000000           addb rh0,#0x00
3428:  00000000           addb rh0,#0x00
342c:  00000000           addb rh0,#0x00
3430:  00000000           addb rh0,#0x00
3434:  00000000           addb rh0,#0x00
3438:  00000000           addb rh0,#0x00
343c:  00000000           addb rh0,#0x00
3440:  00000000           addb rh0,#0x00
3444:  00000000           addb rh0,#0x00
3448:  00000000           addb rh0,#0x00
344c:  00000000           addb rh0,#0x00
3450:  00000000           addb rh0,#0x00
3454:  00000000           addb rh0,#0x00
3458:  00000000           addb rh0,#0x00
345c:  00000000           addb rh0,#0x00
3460:  00000000           addb rh0,#0x00
3464:  00000000           addb rh0,#0x00
3468:  00000000           addb rh0,#0x00
346c:  00000000           addb rh0,#0x00
3470:  00000000           addb rh0,#0x00
3474:  00000000           addb rh0,#0x00
3478:  00000000           addb rh0,#0x00
347c:  00000000           addb rh0,#0x00
3480:  00000000           addb rh0,#0x00
3484:  00000000           addb rh0,#0x00
3488:  00000000           addb rh0,#0x00
348c:  00000000           addb rh0,#0x00
3490:  00000000           addb rh0,#0x00
3494:  00000000           addb rh0,#0x00
3498:  00000000           addb rh0,#0x00
349c:  00000000           addb rh0,#0x00
34a0:  00000000           addb rh0,#0x00
34a4:  00000000           addb rh0,#0x00
34a8:  00000000           addb rh0,#0x00
34ac:  00000000           addb rh0,#0x00
34b0:  00000000           addb rh0,#0x00
34b4:  00000000           addb rh0,#0x00
34b8:  00000000           addb rh0,#0x00
34bc:  00000000           addb rh0,#0x00
34c0:  00000000           addb rh0,#0x00
34c4:  00000000           addb rh0,#0x00
34c8:  00000000           addb rh0,#0x00
34cc:  00000000           addb rh0,#0x00
34d0:  00000000           addb rh0,#0x00
34d4:  00000000           addb rh0,#0x00
34d8:  00000000           addb rh0,#0x00
34dc:  00000000           addb rh0,#0x00
34e0:  00000000           addb rh0,#0x00
34e4:  00000000           addb rh0,#0x00
34e8:  00000000           addb rh0,#0x00
34ec:  00000000           addb rh0,#0x00
34f0:  00000000           addb rh0,#0x00
34f4:  00000000           addb rh0,#0x00
34f8:  00000000           addb rh0,#0x00
34fc:  00000000           addb rh0,#0x00
3500:  00000000           addb rh0,#0x00
3504:  00000000           addb rh0,#0x00
3508:  00000000           addb rh0,#0x00
350c:  00000000           addb rh0,#0x00
3510:  00000000           addb rh0,#0x00
3514:  00000000           addb rh0,#0x00
3518:  00000000           addb rh0,#0x00
351c:  00000000           addb rh0,#0x00
3520:  00000000           addb rh0,#0x00
3524:  00000000           addb rh0,#0x00
3528:  00000000           addb rh0,#0x00
352c:  00000000           addb rh0,#0x00
3530:  00000000           addb rh0,#0x00
3534:  00000000           addb rh0,#0x00
3538:  00000000           addb rh0,#0x00
353c:  00000000           addb rh0,#0x00
3540:  00000000           addb rh0,#0x00
3544:  00000000           addb rh0,#0x00
3548:  00000000           addb rh0,#0x00
354c:  00000000           addb rh0,#0x00
3550:  00000000           addb rh0,#0x00
3554:  00000000           addb rh0,#0x00
3558:  00000000           addb rh0,#0x00
355c:  00000000           addb rh0,#0x00
3560:  00000000           addb rh0,#0x00
3564:  00000000           addb rh0,#0x00
3568:  00000000           addb rh0,#0x00
356c:  00000000           addb rh0,#0x00
3570:  00000000           addb rh0,#0x00
3574:  00000000           addb rh0,#0x00
3578:  00000000           addb rh0,#0x00
357c:  00000000           addb rh0,#0x00
3580:  00000000           addb rh0,#0x00
3584:  00000000           addb rh0,#0x00
3588:  00000000           addb rh0,#0x00
358c:  00000000           addb rh0,#0x00
3590:  00000000           addb rh0,#0x00
3594:  00000000           addb rh0,#0x00
3598:  00000000           addb rh0,#0x00
359c:  00000000           addb rh0,#0x00
35a0:  00000000           addb rh0,#0x00
35a4:  00000000           addb rh0,#0x00
35a8:  00000000           addb rh0,#0x00
35ac:  00000000           addb rh0,#0x00
35b0:  00000000           addb rh0,#0x00
35b4:  00000000           addb rh0,#0x00
35b8:  00000000           addb rh0,#0x00
35bc:  00000000           addb rh0,#0x00
35c0:  00000000           addb rh0,#0x00
35c4:  00000000           addb rh0,#0x00
35c8:  00000000           addb rh0,#0x00
35cc:  00000000           addb rh0,#0x00
35d0:  00000000           addb rh0,#0x00
35d4:  00000000           addb rh0,#0x00
35d8:  00000000           addb rh0,#0x00
35dc:  00000000           addb rh0,#0x00
35e0:  00000000           addb rh0,#0x00
35e4:  00000000           addb rh0,#0x00
35e8:  00000000           addb rh0,#0x00
35ec:  00000000           addb rh0,#0x00
35f0:  00000000           addb rh0,#0x00
35f4:  00000000           addb rh0,#0x00
35f8:  00000000           addb rh0,#0x00
35fc:  00000000           addb rh0,#0x00
3600:  00000000           addb rh0,#0x00
3604:  00000000           addb rh0,#0x00
3608:  00000000           addb rh0,#0x00
360c:  00000000           addb rh0,#0x00
3610:  00000000           addb rh0,#0x00
3614:  00000000           addb rh0,#0x00
3618:  00000000           addb rh0,#0x00
361c:  00000000           addb rh0,#0x00
3620:  00000000           addb rh0,#0x00
3624:  00000000           addb rh0,#0x00
3628:  00000000           addb rh0,#0x00
362c:  00000000           addb rh0,#0x00
3630:  00000000           addb rh0,#0x00
3634:  00000000           addb rh0,#0x00
3638:  00000000           addb rh0,#0x00
363c:  00000000           addb rh0,#0x00
3640:  00000000           addb rh0,#0x00
3644:  00000000           addb rh0,#0x00
3648:  00000000           addb rh0,#0x00
364c:  00000000           addb rh0,#0x00
3650:  00000000           addb rh0,#0x00
3654:  00000000           addb rh0,#0x00
3658:  00000000           addb rh0,#0x00
365c:  00000000           addb rh0,#0x00
3660:  00000000           addb rh0,#0x00
3664:  00000000           addb rh0,#0x00
3668:  00000000           addb rh0,#0x00
366c:  00000000           addb rh0,#0x00
3670:  00000000           addb rh0,#0x00
3674:  00000000           addb rh0,#0x00
3678:  00000000           addb rh0,#0x00
367c:  00000000           addb rh0,#0x00
3680:  00000000           addb rh0,#0x00
3684:  00000000           addb rh0,#0x00
3688:  00000000           addb rh0,#0x00
368c:  00000000           addb rh0,#0x00
3690:  00000000           addb rh0,#0x00
3694:  00000000           addb rh0,#0x00
3698:  00000000           addb rh0,#0x00
369c:  00000000           addb rh0,#0x00
36a0:  00000000           addb rh0,#0x00
36a4:  00000000           addb rh0,#0x00
36a8:  a100               ld r0,r0
36aa:  46f89b001000       andb rl0,<<27>>0x1000(r15)
36b0:  9b00               div rr0,r0
36b2:  0f9e0000           ext0f #0x0f9e0000
36b6:  46f89b000fa0       andb rl0,<<27>>0x0fa0(r15)
36bc:  9d00               .word #0x9d00
36be:  0574               or r4,@rr7
36c0:  9d00               .word #0x9d00
36c2:  0574               or r4,@rr7
36c4:  00000000           addb rh0,#0x00
36c8:  00000000           addb rh0,#0x00
36cc:  00000000           addb rh0,#0x00
36d0:  00000000           addb rh0,#0x00
36d4:  00000000           addb rh0,#0x00
36d8:  00000000           addb rh0,#0x00
36dc:  00000000           addb rh0,#0x00
36e0:  00000000           addb rh0,#0x00
36e4:  00000000           addb rh0,#0x00
36e8:  00000000           addb rh0,#0x00
36ec:  00000000           addb rh0,#0x00
36f0:  00000000           addb rh0,#0x00
36f4:  00000000           addb rh0,#0x00
36f8:  0020               addb rh0,@rr2
36fa:  0020               addb rh0,@rr2
36fc:  0020               addb rh0,@rr2
36fe:  0020               addb rh0,@rr2
3700:  0020               addb rh0,@rr2
3702:  0020               addb rh0,@rr2
3704:  0020               addb rh0,@rr2
3706:  0020               addb rh0,@rr2
3708:  0020               addb rh0,@rr2
370a:  0020               addb rh0,@rr2
370c:  0020               addb rh0,@rr2
370e:  0020               addb rh0,@rr2
3710:  0020               addb rh0,@rr2
3712:  0020               addb rh0,@rr2
3714:  0020               addb rh0,@rr2
3716:  0020               addb rh0,@rr2
3718:  0020               addb rh0,@rr2
371a:  0020               addb rh0,@rr2
371c:  0020               addb rh0,@rr2
371e:  0020               addb rh0,@rr2
3720:  0020               addb rh0,@rr2
3722:  0020               addb rh0,@rr2
3724:  0020               addb rh0,@rr2
3726:  0020               addb rh0,@rr2
3728:  0020               addb rh0,@rr2
372a:  0020               addb rh0,@rr2
372c:  0020               addb rh0,@rr2
372e:  0020               addb rh0,@rr2
3730:  0020               addb rh0,@rr2
3732:  0020               addb rh0,@rr2
3734:  0020               addb rh0,@rr2
3736:  0020               addb rh0,@rr2
3738:  0020               addb rh0,@rr2
373a:  0020               addb rh0,@rr2
373c:  0020               addb rh0,@rr2
373e:  0020               addb rh0,@rr2
3740:  0020               addb rh0,@rr2
3742:  0020               addb rh0,@rr2
3744:  0020               addb rh0,@rr2
3746:  0020               addb rh0,@rr2
3748:  0020               addb rh0,@rr2
374a:  0020               addb rh0,@rr2
374c:  0020               addb rh0,@rr2
374e:  0020               addb rh0,@rr2
3750:  0020               addb rh0,@rr2
3752:  0020               addb rh0,@rr2
3754:  0020               addb rh0,@rr2
3756:  0020               addb rh0,@rr2
3758:  0020               addb rh0,@rr2
375a:  0020               addb rh0,@rr2
375c:  0020               addb rh0,@rr2
375e:  0020               addb rh0,@rr2
3760:  0020               addb rh0,@rr2
3762:  0020               addb rh0,@rr2
3764:  0020               addb rh0,@rr2
3766:  0020               addb rh0,@rr2
3768:  0020               addb rh0,@rr2
376a:  0020               addb rh0,@rr2
376c:  0020               addb rh0,@rr2
376e:  0020               addb rh0,@rr2
3770:  0020               addb rh0,@rr2
3772:  0020               addb rh0,@rr2
3774:  0020               addb rh0,@rr2
3776:  0020               addb rh0,@rr2
3778:  0020               addb rh0,@rr2
377a:  0020               addb rh0,@rr2
377c:  0020               addb rh0,@rr2
377e:  0020               addb rh0,@rr2
3780:  0020               addb rh0,@rr2
3782:  0020               addb rh0,@rr2
3784:  0020               addb rh0,@rr2
3786:  0020               addb rh0,@rr2
3788:  0020               addb rh0,@rr2
378a:  0020               addb rh0,@rr2
378c:  0020               addb rh0,@rr2
378e:  0020               addb rh0,@rr2
3790:  0020               addb rh0,@rr2
3792:  0020               addb rh0,@rr2
3794:  0020               addb rh0,@rr2
3796:  0020               addb rh0,@rr2
3798:  0020               addb rh0,@rr2
379a:  0020               addb rh0,@rr2
379c:  0020               addb rh0,@rr2
379e:  0020               addb rh0,@rr2
37a0:  0020               addb rh0,@rr2
37a2:  0020               addb rh0,@rr2
37a4:  0020               addb rh0,@rr2
37a6:  0020               addb rh0,@rr2
37a8:  0020               addb rh0,@rr2
37aa:  0020               addb rh0,@rr2
37ac:  0020               addb rh0,@rr2
37ae:  0020               addb rh0,@rr2
37b0:  0020               addb rh0,@rr2
37b2:  0020               addb rh0,@rr2
37b4:  0020               addb rh0,@rr2
37b6:  0020               addb rh0,@rr2
37b8:  0020               addb rh0,@rr2
37ba:  0020               addb rh0,@rr2
37bc:  0020               addb rh0,@rr2
37be:  0020               addb rh0,@rr2
37c0:  0020               addb rh0,@rr2
37c2:  0020               addb rh0,@rr2
37c4:  0020               addb rh0,@rr2
37c6:  0020               addb rh0,@rr2
37c8:  0020               addb rh0,@rr2
37ca:  0020               addb rh0,@rr2
37cc:  0020               addb rh0,@rr2
37ce:  0020               addb rh0,@rr2
37d0:  0020               addb rh0,@rr2
37d2:  0020               addb rh0,@rr2
37d4:  0020               addb rh0,@rr2
37d6:  0020               addb rh0,@rr2
37d8:  0020               addb rh0,@rr2
37da:  0020               addb rh0,@rr2
37dc:  0020               addb rh0,@rr2
37de:  0020               addb rh0,@rr2
37e0:  0020               addb rh0,@rr2
37e2:  0020               addb rh0,@rr2
37e4:  0020               addb rh0,@rr2
37e6:  0020               addb rh0,@rr2
37e8:  0020               addb rh0,@rr2
37ea:  0020               addb rh0,@rr2
37ec:  0020               addb rh0,@rr2
37ee:  0020               addb rh0,@rr2
37f0:  0020               addb rh0,@rr2
37f2:  0020               addb rh0,@rr2
37f4:  0020               addb rh0,@rr2
37f6:  0020               addb rh0,@rr2
37f8:  0020               addb rh0,@rr2
37fa:  0020               addb rh0,@rr2
37fc:  0020               addb rh0,@rr2
37fe:  0020               addb rh0,@rr2
3800:  0020               addb rh0,@rr2
3802:  0020               addb rh0,@rr2
3804:  0020               addb rh0,@rr2
3806:  0020               addb rh0,@rr2
3808:  0020               addb rh0,@rr2
380a:  0020               addb rh0,@rr2
380c:  0020               addb rh0,@rr2
380e:  0020               addb rh0,@rr2
3810:  0020               addb rh0,@rr2
3812:  0020               addb rh0,@rr2
3814:  0020               addb rh0,@rr2
3816:  0020               addb rh0,@rr2
3818:  0020               addb rh0,@rr2
381a:  0020               addb rh0,@rr2
381c:  0020               addb rh0,@rr2
381e:  0020               addb rh0,@rr2
3820:  0020               addb rh0,@rr2
3822:  0020               addb rh0,@rr2
3824:  0020               addb rh0,@rr2
3826:  0020               addb rh0,@rr2
3828:  0020               addb rh0,@rr2
382a:  0020               addb rh0,@rr2
382c:  0020               addb rh0,@rr2
382e:  0020               addb rh0,@rr2
3830:  0020               addb rh0,@rr2
3832:  0020               addb rh0,@rr2
3834:  0020               addb rh0,@rr2
3836:  0020               addb rh0,@rr2
3838:  0020               addb rh0,@rr2
383a:  0020               addb rh0,@rr2
383c:  0020               addb rh0,@rr2
383e:  0020               addb rh0,@rr2
3840:  0020               addb rh0,@rr2
3842:  0020               addb rh0,@rr2
3844:  0020               addb rh0,@rr2
3846:  0020               addb rh0,@rr2
3848:  0020               addb rh0,@rr2
384a:  0020               addb rh0,@rr2
384c:  0020               addb rh0,@rr2
384e:  0020               addb rh0,@rr2
3850:  0020               addb rh0,@rr2
3852:  0020               addb rh0,@rr2
3854:  0020               addb rh0,@rr2
3856:  0020               addb rh0,@rr2
3858:  0020               addb rh0,@rr2
385a:  0020               addb rh0,@rr2
385c:  0020               addb rh0,@rr2
385e:  0020               addb rh0,@rr2
3860:  0020               addb rh0,@rr2
3862:  0020               addb rh0,@rr2
3864:  0020               addb rh0,@rr2
3866:  0020               addb rh0,@rr2
3868:  0020               addb rh0,@rr2
386a:  0020               addb rh0,@rr2
386c:  0020               addb rh0,@rr2
386e:  0020               addb rh0,@rr2
3870:  0020               addb rh0,@rr2
3872:  0020               addb rh0,@rr2
3874:  0020               addb rh0,@rr2
3876:  0020               addb rh0,@rr2
3878:  0020               addb rh0,@rr2
387a:  0020               addb rh0,@rr2
387c:  0020               addb rh0,@rr2
387e:  0020               addb rh0,@rr2
3880:  0020               addb rh0,@rr2
3882:  0020               addb rh0,@rr2
3884:  0020               addb rh0,@rr2
3886:  0020               addb rh0,@rr2
3888:  0020               addb rh0,@rr2
388a:  0020               addb rh0,@rr2
388c:  0020               addb rh0,@rr2
388e:  0020               addb rh0,@rr2
3890:  0020               addb rh0,@rr2
3892:  0020               addb rh0,@rr2
3894:  0020               addb rh0,@rr2
3896:  0020               addb rh0,@rr2
3898:  0020               addb rh0,@rr2
389a:  0020               addb rh0,@rr2
389c:  0020               addb rh0,@rr2
389e:  0020               addb rh0,@rr2
38a0:  0020               addb rh0,@rr2
38a2:  0020               addb rh0,@rr2
38a4:  0020               addb rh0,@rr2
38a6:  0020               addb rh0,@rr2
38a8:  0020               addb rh0,@rr2
38aa:  0020               addb rh0,@rr2
38ac:  0020               addb rh0,@rr2
38ae:  0020               addb rh0,@rr2
38b0:  0020               addb rh0,@rr2
38b2:  0020               addb rh0,@rr2
38b4:  0020               addb rh0,@rr2
38b6:  0020               addb rh0,@rr2
38b8:  0020               addb rh0,@rr2
38ba:  0020               addb rh0,@rr2
38bc:  0020               addb rh0,@rr2
38be:  0020               addb rh0,@rr2
38c0:  0020               addb rh0,@rr2
38c2:  0020               addb rh0,@rr2
38c4:  0020               addb rh0,@rr2
38c6:  0020               addb rh0,@rr2
38c8:  0020               addb rh0,@rr2
38ca:  0020               addb rh0,@rr2
38cc:  0020               addb rh0,@rr2
38ce:  0020               addb rh0,@rr2
38d0:  0020               addb rh0,@rr2
38d2:  0020               addb rh0,@rr2
38d4:  0020               addb rh0,@rr2
38d6:  0020               addb rh0,@rr2
38d8:  0020               addb rh0,@rr2
38da:  0020               addb rh0,@rr2
38dc:  0020               addb rh0,@rr2
38de:  0020               addb rh0,@rr2
38e0:  0020               addb rh0,@rr2
38e2:  0020               addb rh0,@rr2
38e4:  0020               addb rh0,@rr2
38e6:  0020               addb rh0,@rr2
38e8:  0020               addb rh0,@rr2
38ea:  0020               addb rh0,@rr2
38ec:  0020               addb rh0,@rr2
38ee:  0020               addb rh0,@rr2
38f0:  0020               addb rh0,@rr2
38f2:  0020               addb rh0,@rr2
38f4:  0020               addb rh0,@rr2
38f6:  0020               addb rh0,@rr2
38f8:  0020               addb rh0,@rr2
38fa:  0020               addb rh0,@rr2
38fc:  0020               addb rh0,@rr2
38fe:  0020               addb rh0,@rr2
3900:  0020               addb rh0,@rr2
3902:  0020               addb rh0,@rr2
3904:  0020               addb rh0,@rr2
3906:  0020               addb rh0,@rr2
3908:  0020               addb rh0,@rr2
390a:  0020               addb rh0,@rr2
390c:  0020               addb rh0,@rr2
390e:  0020               addb rh0,@rr2
3910:  0020               addb rh0,@rr2
3912:  0020               addb rh0,@rr2
3914:  0020               addb rh0,@rr2
3916:  0020               addb rh0,@rr2
3918:  0020               addb rh0,@rr2
391a:  0020               addb rh0,@rr2
391c:  0020               addb rh0,@rr2
391e:  0020               addb rh0,@rr2
3920:  0020               addb rh0,@rr2
3922:  0020               addb rh0,@rr2
3924:  0020               addb rh0,@rr2
3926:  0020               addb rh0,@rr2
3928:  0020               addb rh0,@rr2
392a:  0020               addb rh0,@rr2
392c:  0020               addb rh0,@rr2
392e:  0020               addb rh0,@rr2
3930:  0020               addb rh0,@rr2
3932:  0020               addb rh0,@rr2
3934:  0020               addb rh0,@rr2
3936:  0020               addb rh0,@rr2
3938:  0020               addb rh0,@rr2
393a:  0020               addb rh0,@rr2
393c:  0020               addb rh0,@rr2
393e:  0020               addb rh0,@rr2
3940:  0020               addb rh0,@rr2
3942:  0020               addb rh0,@rr2
3944:  0020               addb rh0,@rr2
3946:  0020               addb rh0,@rr2
3948:  0020               addb rh0,@rr2
394a:  0020               addb rh0,@rr2
394c:  0020               addb rh0,@rr2
394e:  0020               addb rh0,@rr2
3950:  0020               addb rh0,@rr2
3952:  0020               addb rh0,@rr2
3954:  0020               addb rh0,@rr2
3956:  0020               addb rh0,@rr2
3958:  0020               addb rh0,@rr2
395a:  0020               addb rh0,@rr2
395c:  0020               addb rh0,@rr2
395e:  0020               addb rh0,@rr2
3960:  0020               addb rh0,@rr2
3962:  0020               addb rh0,@rr2
3964:  0020               addb rh0,@rr2
3966:  0020               addb rh0,@rr2
3968:  0020               addb rh0,@rr2
396a:  0020               addb rh0,@rr2
396c:  0020               addb rh0,@rr2
396e:  0020               addb rh0,@rr2
3970:  0020               addb rh0,@rr2
3972:  0020               addb rh0,@rr2
3974:  0020               addb rh0,@rr2
3976:  0020               addb rh0,@rr2
3978:  0020               addb rh0,@rr2
397a:  0020               addb rh0,@rr2
397c:  0020               addb rh0,@rr2
397e:  0020               addb rh0,@rr2
3980:  0020               addb rh0,@rr2
3982:  0020               addb rh0,@rr2
3984:  0020               addb rh0,@rr2
3986:  0020               addb rh0,@rr2
3988:  0020               addb rh0,@rr2
398a:  0020               addb rh0,@rr2
398c:  0020               addb rh0,@rr2
398e:  0020               addb rh0,@rr2
3990:  0020               addb rh0,@rr2
3992:  0020               addb rh0,@rr2
3994:  0020               addb rh0,@rr2
3996:  0020               addb rh0,@rr2
3998:  0020               addb rh0,@rr2
399a:  0020               addb rh0,@rr2
399c:  0020               addb rh0,@rr2
399e:  0020               addb rh0,@rr2
39a0:  0020               addb rh0,@rr2
39a2:  0020               addb rh0,@rr2
39a4:  0020               addb rh0,@rr2
39a6:  0020               addb rh0,@rr2
39a8:  0020               addb rh0,@rr2
39aa:  0020               addb rh0,@rr2
39ac:  0020               addb rh0,@rr2
39ae:  0020               addb rh0,@rr2
39b0:  0020               addb rh0,@rr2
39b2:  0020               addb rh0,@rr2
39b4:  0020               addb rh0,@rr2
39b6:  0020               addb rh0,@rr2
39b8:  0020               addb rh0,@rr2
39ba:  0020               addb rh0,@rr2
39bc:  0020               addb rh0,@rr2
39be:  0020               addb rh0,@rr2
39c0:  0020               addb rh0,@rr2
39c2:  0020               addb rh0,@rr2
39c4:  0020               addb rh0,@rr2
39c6:  0020               addb rh0,@rr2
39c8:  0020               addb rh0,@rr2
39ca:  0020               addb rh0,@rr2
39cc:  0020               addb rh0,@rr2
39ce:  0020               addb rh0,@rr2
39d0:  0020               addb rh0,@rr2
39d2:  0020               addb rh0,@rr2
39d4:  0020               addb rh0,@rr2
39d6:  0020               addb rh0,@rr2
39d8:  0020               addb rh0,@rr2
39da:  0020               addb rh0,@rr2
39dc:  0020               addb rh0,@rr2
39de:  0020               addb rh0,@rr2
39e0:  0020               addb rh0,@rr2
39e2:  0020               addb rh0,@rr2
39e4:  0020               addb rh0,@rr2
39e6:  0020               addb rh0,@rr2
39e8:  0020               addb rh0,@rr2
39ea:  0020               addb rh0,@rr2
39ec:  0020               addb rh0,@rr2
39ee:  0020               addb rh0,@rr2
39f0:  0020               addb rh0,@rr2
39f2:  0020               addb rh0,@rr2
39f4:  0020               addb rh0,@rr2
39f6:  0020               addb rh0,@rr2
39f8:  0020               addb rh0,@rr2
39fa:  0020               addb rh0,@rr2
39fc:  0020               addb rh0,@rr2
39fe:  0020               addb rh0,@rr2
3a00:  0020               addb rh0,@rr2
3a02:  0020               addb rh0,@rr2
3a04:  0020               addb rh0,@rr2
3a06:  0020               addb rh0,@rr2
3a08:  0020               addb rh0,@rr2
3a0a:  0020               addb rh0,@rr2
3a0c:  0020               addb rh0,@rr2
3a0e:  0020               addb rh0,@rr2
3a10:  0020               addb rh0,@rr2
3a12:  0020               addb rh0,@rr2
3a14:  0020               addb rh0,@rr2
3a16:  0020               addb rh0,@rr2
3a18:  0020               addb rh0,@rr2
3a1a:  0020               addb rh0,@rr2
3a1c:  0020               addb rh0,@rr2
3a1e:  0020               addb rh0,@rr2
3a20:  0020               addb rh0,@rr2
3a22:  0020               addb rh0,@rr2
3a24:  0020               addb rh0,@rr2
3a26:  0020               addb rh0,@rr2
3a28:  0020               addb rh0,@rr2
3a2a:  0020               addb rh0,@rr2
3a2c:  0020               addb rh0,@rr2
3a2e:  0020               addb rh0,@rr2
3a30:  0020               addb rh0,@rr2
3a32:  0020               addb rh0,@rr2
3a34:  0020               addb rh0,@rr2
3a36:  0020               addb rh0,@rr2
3a38:  0020               addb rh0,@rr2
3a3a:  0020               addb rh0,@rr2
3a3c:  0020               addb rh0,@rr2
3a3e:  0020               addb rh0,@rr2
3a40:  0020               addb rh0,@rr2
3a42:  0020               addb rh0,@rr2
3a44:  0020               addb rh0,@rr2
3a46:  0020               addb rh0,@rr2
3a48:  0020               addb rh0,@rr2
3a4a:  0020               addb rh0,@rr2
3a4c:  0020               addb rh0,@rr2
3a4e:  0020               addb rh0,@rr2
3a50:  0020               addb rh0,@rr2
3a52:  0020               addb rh0,@rr2
3a54:  0020               addb rh0,@rr2
3a56:  0020               addb rh0,@rr2
3a58:  0020               addb rh0,@rr2
3a5a:  0020               addb rh0,@rr2
3a5c:  0020               addb rh0,@rr2
3a5e:  0020               addb rh0,@rr2
3a60:  0020               addb rh0,@rr2
3a62:  0020               addb rh0,@rr2
3a64:  0020               addb rh0,@rr2
3a66:  0020               addb rh0,@rr2
3a68:  0020               addb rh0,@rr2
3a6a:  0020               addb rh0,@rr2
3a6c:  0020               addb rh0,@rr2
3a6e:  0020               addb rh0,@rr2
3a70:  0020               addb rh0,@rr2
3a72:  0020               addb rh0,@rr2
3a74:  0020               addb rh0,@rr2
3a76:  0020               addb rh0,@rr2
3a78:  0020               addb rh0,@rr2
3a7a:  0020               addb rh0,@rr2
3a7c:  0020               addb rh0,@rr2
3a7e:  0020               addb rh0,@rr2
3a80:  0020               addb rh0,@rr2
3a82:  0020               addb rh0,@rr2
3a84:  0020               addb rh0,@rr2
3a86:  0020               addb rh0,@rr2
3a88:  0020               addb rh0,@rr2
3a8a:  0020               addb rh0,@rr2
3a8c:  0020               addb rh0,@rr2
3a8e:  0020               addb rh0,@rr2
3a90:  0020               addb rh0,@rr2
3a92:  0020               addb rh0,@rr2
3a94:  0020               addb rh0,@rr2
3a96:  0020               addb rh0,@rr2
3a98:  0020               addb rh0,@rr2
3a9a:  0020               addb rh0,@rr2
3a9c:  0020               addb rh0,@rr2
3a9e:  0020               addb rh0,@rr2
3aa0:  0020               addb rh0,@rr2
3aa2:  0020               addb rh0,@rr2
3aa4:  0020               addb rh0,@rr2
3aa6:  0020               addb rh0,@rr2
3aa8:  0020               addb rh0,@rr2
3aaa:  0020               addb rh0,@rr2
3aac:  0020               addb rh0,@rr2
3aae:  0020               addb rh0,@rr2
3ab0:  0020               addb rh0,@rr2
3ab2:  0020               addb rh0,@rr2
3ab4:  0020               addb rh0,@rr2
3ab6:  0020               addb rh0,@rr2
3ab8:  0020               addb rh0,@rr2
3aba:  0020               addb rh0,@rr2
3abc:  0020               addb rh0,@rr2
3abe:  0020               addb rh0,@rr2
3ac0:  0020               addb rh0,@rr2
3ac2:  0020               addb rh0,@rr2
3ac4:  0020               addb rh0,@rr2
3ac6:  0020               addb rh0,@rr2
3ac8:  0020               addb rh0,@rr2
3aca:  0020               addb rh0,@rr2
3acc:  0020               addb rh0,@rr2
3ace:  0020               addb rh0,@rr2
3ad0:  0020               addb rh0,@rr2
3ad2:  0020               addb rh0,@rr2
3ad4:  0020               addb rh0,@rr2
3ad6:  0020               addb rh0,@rr2
3ad8:  0020               addb rh0,@rr2
3ada:  0020               addb rh0,@rr2
3adc:  0020               addb rh0,@rr2
3ade:  0020               addb rh0,@rr2
3ae0:  0020               addb rh0,@rr2
3ae2:  0020               addb rh0,@rr2
3ae4:  0020               addb rh0,@rr2
3ae6:  0020               addb rh0,@rr2
3ae8:  0020               addb rh0,@rr2
3aea:  0020               addb rh0,@rr2
3aec:  0020               addb rh0,@rr2
3aee:  0020               addb rh0,@rr2
3af0:  0020               addb rh0,@rr2
3af2:  0020               addb rh0,@rr2
3af4:  0020               addb rh0,@rr2
3af6:  0020               addb rh0,@rr2
3af8:  0020               addb rh0,@rr2
3afa:  0020               addb rh0,@rr2
3afc:  0020               addb rh0,@rr2
3afe:  0020               addb rh0,@rr2
3b00:  0020               addb rh0,@rr2
3b02:  0020               addb rh0,@rr2
3b04:  0020               addb rh0,@rr2
3b06:  0020               addb rh0,@rr2
3b08:  0020               addb rh0,@rr2
3b0a:  0020               addb rh0,@rr2
3b0c:  0020               addb rh0,@rr2
3b0e:  0020               addb rh0,@rr2
3b10:  0020               addb rh0,@rr2
3b12:  0020               addb rh0,@rr2
3b14:  0020               addb rh0,@rr2
3b16:  0020               addb rh0,@rr2
3b18:  0020               addb rh0,@rr2
3b1a:  0020               addb rh0,@rr2
3b1c:  0020               addb rh0,@rr2
3b1e:  0020               addb rh0,@rr2
3b20:  0020               addb rh0,@rr2
3b22:  0020               addb rh0,@rr2
3b24:  0020               addb rh0,@rr2
3b26:  0020               addb rh0,@rr2
3b28:  0020               addb rh0,@rr2
3b2a:  0020               addb rh0,@rr2
3b2c:  0020               addb rh0,@rr2
3b2e:  0020               addb rh0,@rr2
3b30:  0020               addb rh0,@rr2
3b32:  0020               addb rh0,@rr2
3b34:  0020               addb rh0,@rr2
3b36:  0020               addb rh0,@rr2
3b38:  0020               addb rh0,@rr2
3b3a:  0020               addb rh0,@rr2
3b3c:  0020               addb rh0,@rr2
3b3e:  0020               addb rh0,@rr2
3b40:  0020               addb rh0,@rr2
3b42:  0020               addb rh0,@rr2
3b44:  0020               addb rh0,@rr2
3b46:  0020               addb rh0,@rr2
3b48:  0020               addb rh0,@rr2
3b4a:  0020               addb rh0,@rr2
3b4c:  0020               addb rh0,@rr2
3b4e:  0020               addb rh0,@rr2
3b50:  0020               addb rh0,@rr2
3b52:  0020               addb rh0,@rr2
3b54:  0020               addb rh0,@rr2
3b56:  0020               addb rh0,@rr2
3b58:  0020               addb rh0,@rr2
3b5a:  0020               addb rh0,@rr2
3b5c:  0020               addb rh0,@rr2
3b5e:  0020               addb rh0,@rr2
3b60:  0020               addb rh0,@rr2
3b62:  0020               addb rh0,@rr2
3b64:  0020               addb rh0,@rr2
3b66:  0020               addb rh0,@rr2
3b68:  0020               addb rh0,@rr2
3b6a:  0020               addb rh0,@rr2
3b6c:  0020               addb rh0,@rr2
3b6e:  0020               addb rh0,@rr2
3b70:  0020               addb rh0,@rr2
3b72:  0020               addb rh0,@rr2
3b74:  0020               addb rh0,@rr2
3b76:  0020               addb rh0,@rr2
3b78:  0020               addb rh0,@rr2
3b7a:  0020               addb rh0,@rr2
3b7c:  0020               addb rh0,@rr2
3b7e:  0020               addb rh0,@rr2
3b80:  0020               addb rh0,@rr2
3b82:  0020               addb rh0,@rr2
3b84:  0020               addb rh0,@rr2
3b86:  0020               addb rh0,@rr2
3b88:  0020               addb rh0,@rr2
3b8a:  0020               addb rh0,@rr2
3b8c:  0020               addb rh0,@rr2
3b8e:  0020               addb rh0,@rr2
3b90:  0020               addb rh0,@rr2
3b92:  0020               addb rh0,@rr2
3b94:  0020               addb rh0,@rr2
3b96:  0020               addb rh0,@rr2
3b98:  0020               addb rh0,@rr2
3b9a:  0020               addb rh0,@rr2
3b9c:  0020               addb rh0,@rr2
3b9e:  0020               addb rh0,@rr2
3ba0:  0020               addb rh0,@rr2
3ba2:  0020               addb rh0,@rr2
3ba4:  0020               addb rh0,@rr2
3ba6:  0020               addb rh0,@rr2
3ba8:  0020               addb rh0,@rr2
3baa:  0020               addb rh0,@rr2
3bac:  0020               addb rh0,@rr2
3bae:  0020               addb rh0,@rr2
3bb0:  0020               addb rh0,@rr2
3bb2:  0020               addb rh0,@rr2
3bb4:  0020               addb rh0,@rr2
3bb6:  0020               addb rh0,@rr2
3bb8:  0020               addb rh0,@rr2
3bba:  0020               addb rh0,@rr2
3bbc:  0020               addb rh0,@rr2
3bbe:  0020               addb rh0,@rr2
3bc0:  0020               addb rh0,@rr2
3bc2:  0020               addb rh0,@rr2
3bc4:  0020               addb rh0,@rr2
3bc6:  0020               addb rh0,@rr2
3bc8:  0020               addb rh0,@rr2
3bca:  0020               addb rh0,@rr2
3bcc:  0020               addb rh0,@rr2
3bce:  0020               addb rh0,@rr2
3bd0:  0020               addb rh0,@rr2
3bd2:  0020               addb rh0,@rr2
3bd4:  0020               addb rh0,@rr2
3bd6:  0020               addb rh0,@rr2
3bd8:  0020               addb rh0,@rr2
3bda:  0020               addb rh0,@rr2
3bdc:  0020               addb rh0,@rr2
3bde:  0020               addb rh0,@rr2
3be0:  0020               addb rh0,@rr2
3be2:  0020               addb rh0,@rr2
3be4:  0020               addb rh0,@rr2
3be6:  0020               addb rh0,@rr2
3be8:  0020               addb rh0,@rr2
3bea:  0020               addb rh0,@rr2
3bec:  0020               addb rh0,@rr2
3bee:  0020               addb rh0,@rr2
3bf0:  0020               addb rh0,@rr2
3bf2:  0020               addb rh0,@rr2
3bf4:  0020               addb rh0,@rr2
3bf6:  0020               addb rh0,@rr2
3bf8:  0020               addb rh0,@rr2
3bfa:  0020               addb rh0,@rr2
3bfc:  0020               addb rh0,@rr2
3bfe:  0020               addb rh0,@rr2
3c00:  0020               addb rh0,@rr2
3c02:  0020               addb rh0,@rr2
3c04:  0020               addb rh0,@rr2
3c06:  0020               addb rh0,@rr2
3c08:  0020               addb rh0,@rr2
3c0a:  0020               addb rh0,@rr2
3c0c:  0020               addb rh0,@rr2
3c0e:  0020               addb rh0,@rr2
3c10:  0020               addb rh0,@rr2
3c12:  0020               addb rh0,@rr2
3c14:  0020               addb rh0,@rr2
3c16:  0020               addb rh0,@rr2
3c18:  0020               addb rh0,@rr2
3c1a:  0020               addb rh0,@rr2
3c1c:  0020               addb rh0,@rr2
3c1e:  0020               addb rh0,@rr2
3c20:  0020               addb rh0,@rr2
3c22:  0020               addb rh0,@rr2
3c24:  0020               addb rh0,@rr2
3c26:  0020               addb rh0,@rr2
3c28:  0020               addb rh0,@rr2
3c2a:  0020               addb rh0,@rr2
3c2c:  0020               addb rh0,@rr2
3c2e:  0020               addb rh0,@rr2
3c30:  0020               addb rh0,@rr2
3c32:  0020               addb rh0,@rr2
3c34:  0020               addb rh0,@rr2
3c36:  0020               addb rh0,@rr2
3c38:  0020               addb rh0,@rr2
3c3a:  0020               addb rh0,@rr2
3c3c:  0020               addb rh0,@rr2
3c3e:  0020               addb rh0,@rr2
3c40:  0020               addb rh0,@rr2
3c42:  0020               addb rh0,@rr2
3c44:  0020               addb rh0,@rr2
3c46:  0020               addb rh0,@rr2
3c48:  0020               addb rh0,@rr2
3c4a:  0020               addb rh0,@rr2
3c4c:  0020               addb rh0,@rr2
3c4e:  0020               addb rh0,@rr2
3c50:  0020               addb rh0,@rr2
3c52:  0020               addb rh0,@rr2
3c54:  0020               addb rh0,@rr2
3c56:  0020               addb rh0,@rr2
3c58:  0020               addb rh0,@rr2
3c5a:  0020               addb rh0,@rr2
3c5c:  0020               addb rh0,@rr2
3c5e:  0020               addb rh0,@rr2
3c60:  0020               addb rh0,@rr2
3c62:  0020               addb rh0,@rr2
3c64:  0020               addb rh0,@rr2
3c66:  0020               addb rh0,@rr2
3c68:  0020               addb rh0,@rr2
3c6a:  0020               addb rh0,@rr2
3c6c:  0020               addb rh0,@rr2
3c6e:  0020               addb rh0,@rr2
3c70:  0020               addb rh0,@rr2
3c72:  0020               addb rh0,@rr2
3c74:  0020               addb rh0,@rr2
3c76:  0020               addb rh0,@rr2
3c78:  0020               addb rh0,@rr2
3c7a:  0020               addb rh0,@rr2
3c7c:  0020               addb rh0,@rr2
3c7e:  0020               addb rh0,@rr2
3c80:  0020               addb rh0,@rr2
3c82:  0020               addb rh0,@rr2
3c84:  0020               addb rh0,@rr2
3c86:  0020               addb rh0,@rr2
3c88:  0020               addb rh0,@rr2
3c8a:  0020               addb rh0,@rr2
3c8c:  0020               addb rh0,@rr2
3c8e:  0020               addb rh0,@rr2
3c90:  0020               addb rh0,@rr2
3c92:  0020               addb rh0,@rr2
3c94:  0020               addb rh0,@rr2
3c96:  0020               addb rh0,@rr2
3c98:  0020               addb rh0,@rr2
3c9a:  0020               addb rh0,@rr2
3c9c:  0020               addb rh0,@rr2
3c9e:  0020               addb rh0,@rr2
3ca0:  0020               addb rh0,@rr2
3ca2:  0020               addb rh0,@rr2
3ca4:  0020               addb rh0,@rr2
3ca6:  0020               addb rh0,@rr2
3ca8:  0020               addb rh0,@rr2
3caa:  0020               addb rh0,@rr2
3cac:  0020               addb rh0,@rr2
3cae:  0020               addb rh0,@rr2
3cb0:  0020               addb rh0,@rr2
3cb2:  0020               addb rh0,@rr2
3cb4:  0020               addb rh0,@rr2
3cb6:  0020               addb rh0,@rr2
3cb8:  0020               addb rh0,@rr2
3cba:  0020               addb rh0,@rr2
3cbc:  0020               addb rh0,@rr2
3cbe:  0020               addb rh0,@rr2
3cc0:  0020               addb rh0,@rr2
3cc2:  0020               addb rh0,@rr2
3cc4:  0020               addb rh0,@rr2
3cc6:  0020               addb rh0,@rr2
3cc8:  0020               addb rh0,@rr2
3cca:  0020               addb rh0,@rr2
3ccc:  0020               addb rh0,@rr2
3cce:  0020               addb rh0,@rr2
3cd0:  0020               addb rh0,@rr2
3cd2:  0020               addb rh0,@rr2
3cd4:  0020               addb rh0,@rr2
3cd6:  0020               addb rh0,@rr2
3cd8:  0020               addb rh0,@rr2
3cda:  0020               addb rh0,@rr2
3cdc:  0020               addb rh0,@rr2
3cde:  0020               addb rh0,@rr2
3ce0:  0020               addb rh0,@rr2
3ce2:  0020               addb rh0,@rr2
3ce4:  0020               addb rh0,@rr2
3ce6:  0020               addb rh0,@rr2
3ce8:  0020               addb rh0,@rr2
3cea:  0020               addb rh0,@rr2
3cec:  0020               addb rh0,@rr2
3cee:  0020               addb rh0,@rr2
3cf0:  0020               addb rh0,@rr2
3cf2:  0020               addb rh0,@rr2
3cf4:  0020               addb rh0,@rr2
3cf6:  0020               addb rh0,@rr2
3cf8:  0020               addb rh0,@rr2
3cfa:  0020               addb rh0,@rr2
3cfc:  0020               addb rh0,@rr2
3cfe:  0020               addb rh0,@rr2
3d00:  0020               addb rh0,@rr2
3d02:  0020               addb rh0,@rr2
3d04:  0020               addb rh0,@rr2
3d06:  0020               addb rh0,@rr2
3d08:  0020               addb rh0,@rr2
3d0a:  0020               addb rh0,@rr2
3d0c:  0020               addb rh0,@rr2
3d0e:  0020               addb rh0,@rr2
3d10:  0020               addb rh0,@rr2
3d12:  0020               addb rh0,@rr2
3d14:  0020               addb rh0,@rr2
3d16:  0020               addb rh0,@rr2
3d18:  0020               addb rh0,@rr2
3d1a:  0020               addb rh0,@rr2
3d1c:  0020               addb rh0,@rr2
3d1e:  0020               addb rh0,@rr2
3d20:  0020               addb rh0,@rr2
3d22:  0020               addb rh0,@rr2
3d24:  0020               addb rh0,@rr2
3d26:  0020               addb rh0,@rr2
3d28:  0020               addb rh0,@rr2
3d2a:  0020               addb rh0,@rr2
3d2c:  0020               addb rh0,@rr2
3d2e:  0020               addb rh0,@rr2
3d30:  0020               addb rh0,@rr2
3d32:  0020               addb rh0,@rr2
3d34:  0020               addb rh0,@rr2
3d36:  0020               addb rh0,@rr2
3d38:  0020               addb rh0,@rr2
3d3a:  0020               addb rh0,@rr2
3d3c:  0020               addb rh0,@rr2
3d3e:  0020               addb rh0,@rr2
3d40:  0020               addb rh0,@rr2
3d42:  0020               addb rh0,@rr2
3d44:  0020               addb rh0,@rr2
3d46:  0020               addb rh0,@rr2
3d48:  0020               addb rh0,@rr2
3d4a:  0020               addb rh0,@rr2
3d4c:  0020               addb rh0,@rr2
3d4e:  0020               addb rh0,@rr2
3d50:  0020               addb rh0,@rr2
3d52:  0020               addb rh0,@rr2
3d54:  0020               addb rh0,@rr2
3d56:  0020               addb rh0,@rr2
3d58:  0020               addb rh0,@rr2
3d5a:  0020               addb rh0,@rr2
3d5c:  0020               addb rh0,@rr2
3d5e:  0020               addb rh0,@rr2
3d60:  0020               addb rh0,@rr2
3d62:  0020               addb rh0,@rr2
3d64:  0020               addb rh0,@rr2
3d66:  0020               addb rh0,@rr2
3d68:  0020               addb rh0,@rr2
3d6a:  0020               addb rh0,@rr2
3d6c:  0020               addb rh0,@rr2
3d6e:  0020               addb rh0,@rr2
3d70:  0020               addb rh0,@rr2
3d72:  0020               addb rh0,@rr2
3d74:  0020               addb rh0,@rr2
3d76:  0020               addb rh0,@rr2
3d78:  0020               addb rh0,@rr2
3d7a:  0020               addb rh0,@rr2
3d7c:  0020               addb rh0,@rr2
3d7e:  0020               addb rh0,@rr2
3d80:  0020               addb rh0,@rr2
3d82:  0020               addb rh0,@rr2
3d84:  0020               addb rh0,@rr2
3d86:  0020               addb rh0,@rr2
3d88:  0020               addb rh0,@rr2
3d8a:  0020               addb rh0,@rr2
3d8c:  0020               addb rh0,@rr2
3d8e:  0020               addb rh0,@rr2
3d90:  0020               addb rh0,@rr2
3d92:  0020               addb rh0,@rr2
3d94:  0020               addb rh0,@rr2
3d96:  0020               addb rh0,@rr2
3d98:  0020               addb rh0,@rr2
3d9a:  0020               addb rh0,@rr2
3d9c:  0020               addb rh0,@rr2
3d9e:  0020               addb rh0,@rr2
3da0:  0020               addb rh0,@rr2
3da2:  0020               addb rh0,@rr2
3da4:  0020               addb rh0,@rr2
3da6:  0020               addb rh0,@rr2
3da8:  0020               addb rh0,@rr2
3daa:  0020               addb rh0,@rr2
3dac:  0020               addb rh0,@rr2
3dae:  0020               addb rh0,@rr2
3db0:  0020               addb rh0,@rr2
3db2:  0020               addb rh0,@rr2
3db4:  0020               addb rh0,@rr2
3db6:  0020               addb rh0,@rr2
3db8:  0020               addb rh0,@rr2
3dba:  0020               addb rh0,@rr2
3dbc:  0020               addb rh0,@rr2
3dbe:  0020               addb rh0,@rr2
3dc0:  0020               addb rh0,@rr2
3dc2:  0020               addb rh0,@rr2
3dc4:  0020               addb rh0,@rr2
3dc6:  0020               addb rh0,@rr2
3dc8:  0020               addb rh0,@rr2
3dca:  0020               addb rh0,@rr2
3dcc:  0020               addb rh0,@rr2
3dce:  0020               addb rh0,@rr2
3dd0:  0020               addb rh0,@rr2
3dd2:  0020               addb rh0,@rr2
3dd4:  0020               addb rh0,@rr2
3dd6:  0020               addb rh0,@rr2
3dd8:  0020               addb rh0,@rr2
3dda:  0020               addb rh0,@rr2
3ddc:  0020               addb rh0,@rr2
3dde:  0020               addb rh0,@rr2
3de0:  0020               addb rh0,@rr2
3de2:  0020               addb rh0,@rr2
3de4:  0020               addb rh0,@rr2
3de6:  0020               addb rh0,@rr2
3de8:  0020               addb rh0,@rr2
3dea:  0020               addb rh0,@rr2
3dec:  0020               addb rh0,@rr2
3dee:  0020               addb rh0,@rr2
3df0:  0020               addb rh0,@rr2
3df2:  0020               addb rh0,@rr2
3df4:  0020               addb rh0,@rr2
3df6:  0020               addb rh0,@rr2
3df8:  0020               addb rh0,@rr2
3dfa:  0020               addb rh0,@rr2
3dfc:  0020               addb rh0,@rr2
3dfe:  0020               addb rh0,@rr2
3e00:  0020               addb rh0,@rr2
3e02:  0020               addb rh0,@rr2
3e04:  0020               addb rh0,@rr2
3e06:  0020               addb rh0,@rr2
3e08:  0020               addb rh0,@rr2
3e0a:  0020               addb rh0,@rr2
3e0c:  0020               addb rh0,@rr2
3e0e:  0020               addb rh0,@rr2
3e10:  0020               addb rh0,@rr2
3e12:  0020               addb rh0,@rr2
3e14:  0020               addb rh0,@rr2
3e16:  0020               addb rh0,@rr2
3e18:  0020               addb rh0,@rr2
3e1a:  0020               addb rh0,@rr2
3e1c:  0020               addb rh0,@rr2
3e1e:  0020               addb rh0,@rr2
3e20:  0020               addb rh0,@rr2
3e22:  0020               addb rh0,@rr2
3e24:  0020               addb rh0,@rr2
3e26:  0020               addb rh0,@rr2
3e28:  0020               addb rh0,@rr2
3e2a:  0020               addb rh0,@rr2
3e2c:  0020               addb rh0,@rr2
3e2e:  0020               addb rh0,@rr2
3e30:  0020               addb rh0,@rr2
3e32:  0020               addb rh0,@rr2
3e34:  0020               addb rh0,@rr2
3e36:  0020               addb rh0,@rr2
3e38:  0020               addb rh0,@rr2
3e3a:  0020               addb rh0,@rr2
3e3c:  0020               addb rh0,@rr2
3e3e:  0020               addb rh0,@rr2
3e40:  0020               addb rh0,@rr2
3e42:  0020               addb rh0,@rr2
3e44:  0020               addb rh0,@rr2
3e46:  0020               addb rh0,@rr2
3e48:  0020               addb rh0,@rr2
3e4a:  0020               addb rh0,@rr2
3e4c:  0020               addb rh0,@rr2
3e4e:  0020               addb rh0,@rr2
3e50:  0020               addb rh0,@rr2
3e52:  0020               addb rh0,@rr2
3e54:  0020               addb rh0,@rr2
3e56:  0020               addb rh0,@rr2
3e58:  0020               addb rh0,@rr2
3e5a:  0020               addb rh0,@rr2
3e5c:  0020               addb rh0,@rr2
3e5e:  0020               addb rh0,@rr2
3e60:  0020               addb rh0,@rr2
3e62:  0020               addb rh0,@rr2
3e64:  0020               addb rh0,@rr2
3e66:  0020               addb rh0,@rr2
3e68:  0020               addb rh0,@rr2
3e6a:  0020               addb rh0,@rr2
3e6c:  0020               addb rh0,@rr2
3e6e:  0020               addb rh0,@rr2
3e70:  0020               addb rh0,@rr2
3e72:  0020               addb rh0,@rr2
3e74:  0020               addb rh0,@rr2
3e76:  0020               addb rh0,@rr2
3e78:  0020               addb rh0,@rr2
3e7a:  0020               addb rh0,@rr2
3e7c:  0020               addb rh0,@rr2
3e7e:  0020               addb rh0,@rr2
3e80:  0020               addb rh0,@rr2
3e82:  0020               addb rh0,@rr2
3e84:  0020               addb rh0,@rr2
3e86:  0020               addb rh0,@rr2
3e88:  0020               addb rh0,@rr2
3e8a:  0020               addb rh0,@rr2
3e8c:  0020               addb rh0,@rr2
3e8e:  0020               addb rh0,@rr2
3e90:  0020               addb rh0,@rr2
3e92:  0020               addb rh0,@rr2
3e94:  0020               addb rh0,@rr2
3e96:  0020               addb rh0,@rr2
3e98:  0020               addb rh0,@rr2
3e9a:  0020               addb rh0,@rr2
3e9c:  0020               addb rh0,@rr2
3e9e:  0020               addb rh0,@rr2
3ea0:  0020               addb rh0,@rr2
3ea2:  0020               addb rh0,@rr2
3ea4:  0020               addb rh0,@rr2
3ea6:  0020               addb rh0,@rr2
3ea8:  0020               addb rh0,@rr2
3eaa:  0020               addb rh0,@rr2
3eac:  0020               addb rh0,@rr2
3eae:  0020               addb rh0,@rr2
3eb0:  0020               addb rh0,@rr2
3eb2:  0020               addb rh0,@rr2
3eb4:  0020               addb rh0,@rr2
3eb6:  0020               addb rh0,@rr2
3eb8:  0020               addb rh0,@rr2
3eba:  0020               addb rh0,@rr2
3ebc:  0020               addb rh0,@rr2
3ebe:  0020               addb rh0,@rr2
3ec0:  0020               addb rh0,@rr2
3ec2:  0020               addb rh0,@rr2
3ec4:  0020               addb rh0,@rr2
3ec6:  0020               addb rh0,@rr2
3ec8:  0020               addb rh0,@rr2
3eca:  0020               addb rh0,@rr2
3ecc:  0020               addb rh0,@rr2
3ece:  0020               addb rh0,@rr2
3ed0:  0020               addb rh0,@rr2
3ed2:  0020               addb rh0,@rr2
3ed4:  0020               addb rh0,@rr2
3ed6:  0020               addb rh0,@rr2
3ed8:  0020               addb rh0,@rr2
3eda:  0020               addb rh0,@rr2
3edc:  0020               addb rh0,@rr2
3ede:  0020               addb rh0,@rr2
3ee0:  0020               addb rh0,@rr2
3ee2:  0020               addb rh0,@rr2
3ee4:  0020               addb rh0,@rr2
3ee6:  0020               addb rh0,@rr2
3ee8:  0020               addb rh0,@rr2
3eea:  0020               addb rh0,@rr2
3eec:  0020               addb rh0,@rr2
3eee:  0020               addb rh0,@rr2
3ef0:  0020               addb rh0,@rr2
3ef2:  0020               addb rh0,@rr2
3ef4:  0020               addb rh0,@rr2
3ef6:  0020               addb rh0,@rr2
3ef8:  0020               addb rh0,@rr2
3efa:  0020               addb rh0,@rr2
3efc:  0020               addb rh0,@rr2
3efe:  0020               addb rh0,@rr2
3f00:  0020               addb rh0,@rr2
3f02:  0020               addb rh0,@rr2
3f04:  0020               addb rh0,@rr2
3f06:  0020               addb rh0,@rr2
3f08:  0020               addb rh0,@rr2
3f0a:  0020               addb rh0,@rr2
3f0c:  0020               addb rh0,@rr2
3f0e:  0020               addb rh0,@rr2
3f10:  0020               addb rh0,@rr2
3f12:  0020               addb rh0,@rr2
3f14:  0020               addb rh0,@rr2
3f16:  0020               addb rh0,@rr2
3f18:  0020               addb rh0,@rr2
3f1a:  0020               addb rh0,@rr2
3f1c:  0020               addb rh0,@rr2
3f1e:  0020               addb rh0,@rr2
3f20:  0020               addb rh0,@rr2
3f22:  0020               addb rh0,@rr2
3f24:  0020               addb rh0,@rr2
3f26:  0020               addb rh0,@rr2
3f28:  0020               addb rh0,@rr2
3f2a:  0020               addb rh0,@rr2
3f2c:  0020               addb rh0,@rr2
3f2e:  0020               addb rh0,@rr2
3f30:  0020               addb rh0,@rr2
3f32:  0020               addb rh0,@rr2
3f34:  0020               addb rh0,@rr2
3f36:  0020               addb rh0,@rr2
3f38:  0020               addb rh0,@rr2
3f3a:  0020               addb rh0,@rr2
3f3c:  0020               addb rh0,@rr2
3f3e:  0020               addb rh0,@rr2
3f40:  0020               addb rh0,@rr2
3f42:  0020               addb rh0,@rr2
3f44:  0020               addb rh0,@rr2
3f46:  0020               addb rh0,@rr2
3f48:  0020               addb rh0,@rr2
3f4a:  0020               addb rh0,@rr2
3f4c:  0020               addb rh0,@rr2
3f4e:  0020               addb rh0,@rr2
3f50:  0020               addb rh0,@rr2
3f52:  0020               addb rh0,@rr2
3f54:  0020               addb rh0,@rr2
3f56:  0020               addb rh0,@rr2
3f58:  0020               addb rh0,@rr2
3f5a:  0020               addb rh0,@rr2
3f5c:  0020               addb rh0,@rr2
3f5e:  0020               addb rh0,@rr2
3f60:  0020               addb rh0,@rr2
3f62:  0020               addb rh0,@rr2
3f64:  0020               addb rh0,@rr2
3f66:  0020               addb rh0,@rr2
3f68:  0020               addb rh0,@rr2
3f6a:  0020               addb rh0,@rr2
3f6c:  0020               addb rh0,@rr2
3f6e:  0020               addb rh0,@rr2
3f70:  0020               addb rh0,@rr2
3f72:  0020               addb rh0,@rr2
3f74:  0020               addb rh0,@rr2
3f76:  0020               addb rh0,@rr2
3f78:  0020               addb rh0,@rr2
3f7a:  0020               addb rh0,@rr2
3f7c:  0020               addb rh0,@rr2
3f7e:  0020               addb rh0,@rr2
3f80:  0020               addb rh0,@rr2
3f82:  0020               addb rh0,@rr2
3f84:  0020               addb rh0,@rr2
3f86:  0020               addb rh0,@rr2
3f88:  0020               addb rh0,@rr2
3f8a:  0020               addb rh0,@rr2
3f8c:  0020               addb rh0,@rr2
3f8e:  0020               addb rh0,@rr2
3f90:  0020               addb rh0,@rr2
3f92:  0020               addb rh0,@rr2
3f94:  0020               addb rh0,@rr2
3f96:  0020               addb rh0,@rr2
3f98:  0020               addb rh0,@rr2
3f9a:  0020               addb rh0,@rr2
3f9c:  0020               addb rh0,@rr2
3f9e:  0020               addb rh0,@rr2
3fa0:  0020               addb rh0,@rr2
3fa2:  0020               addb rh0,@rr2
3fa4:  0020               addb rh0,@rr2
3fa6:  0020               addb rh0,@rr2
3fa8:  0020               addb rh0,@rr2
3faa:  0020               addb rh0,@rr2
3fac:  0020               addb rh0,@rr2
3fae:  0020               addb rh0,@rr2
3fb0:  0020               addb rh0,@rr2
3fb2:  0020               addb rh0,@rr2
3fb4:  0020               addb rh0,@rr2
3fb6:  0020               addb rh0,@rr2
3fb8:  0020               addb rh0,@rr2
3fba:  0020               addb rh0,@rr2
3fbc:  0020               addb rh0,@rr2
3fbe:  0020               addb rh0,@rr2
3fc0:  0020               addb rh0,@rr2
3fc2:  0020               addb rh0,@rr2
3fc4:  0020               addb rh0,@rr2
3fc6:  0020               addb rh0,@rr2
3fc8:  0020               addb rh0,@rr2
3fca:  0020               addb rh0,@rr2
3fcc:  0020               addb rh0,@rr2
3fce:  0020               addb rh0,@rr2
3fd0:  0020               addb rh0,@rr2
3fd2:  0020               addb rh0,@rr2
3fd4:  0020               addb rh0,@rr2
3fd6:  0020               addb rh0,@rr2
3fd8:  0020               addb rh0,@rr2
3fda:  0020               addb rh0,@rr2
3fdc:  0020               addb rh0,@rr2
3fde:  0020               addb rh0,@rr2
3fe0:  0020               addb rh0,@rr2
3fe2:  0020               addb rh0,@rr2
3fe4:  0020               addb rh0,@rr2
3fe6:  0020               addb rh0,@rr2
3fe8:  0020               addb rh0,@rr2
3fea:  0020               addb rh0,@rr2
3fec:  0020               addb rh0,@rr2
3fee:  0020               addb rh0,@rr2
3ff0:  0020               addb rh0,@rr2
3ff2:  0020               addb rh0,@rr2
3ff4:  0020               addb rh0,@rr2
3ff6:  0020               addb rh0,@rr2
3ff8:  0020               addb rh0,@rr2
3ffa:  0020               addb rh0,@rr2
3ffc:  0020               addb rh0,@rr2
3ffe:  0020               addb rh0,@rr2
