; reset: FCW=0006  PCseg=7ffe(seg 127)  PCoff=0000
0000:  00060006           addb rh6,#0x06
0004:  7ffe               sc #0xfe
0006:  00000000           addb rh0,#0x00
000a:  f9b4               djnz r9,0xffa4
000c:  00000000           addb rh0,#0x00
0010:  00000000           addb rh0,#0x00
0014:  00000000           addb rh0,#0x00
0018:  00000000           addb rh0,#0x00
001c:  00000000           addb rh0,#0x00
0020:  00000000           addb rh0,#0x00
0024:  00000000           addb rh0,#0x00
0028:  00000000           addb rh0,#0x00
002c:  00000000           addb rh0,#0x00
0030:  00000000           addb rh0,#0x00
0034:  00000000           addb rh0,#0x00
0038:  00000000           addb rh0,#0x00
003c:  00000000           addb rh0,#0x00
0040:  00000000           addb rh0,#0x00
0044:  00000000           addb rh0,#0x00
0048:  00000000           addb rh0,#0x00
004c:  00000000           addb rh0,#0x00
0050:  00000000           addb rh0,#0x00
0054:  00000000           addb rh0,#0x00
0058:  00000000           addb rh0,#0x00
005c:  00000000           addb rh0,#0x00
0060:  00000000           addb rh0,#0x00
0064:  00000000           addb rh0,#0x00
0068:  00000000           addb rh0,#0x00
006c:  00000000           addb rh0,#0x00
0070:  00000000           addb rh0,#0x00
0074:  00000000           addb rh0,#0x00
0078:  00000000           addb rh0,#0x00
007c:  00000000           addb rh0,#0x00
0080:  00000000           addb rh0,#0x00
0084:  00000000           addb rh0,#0x00
0088:  00000000           addb rh0,#0x00
008c:  00000000           addb rh0,#0x00
0090:  00000000           addb rh0,#0x00
0094:  00000000           addb rh0,#0x00
0098:  00000000           addb rh0,#0x00
009c:  00000000           addb rh0,#0x00
00a0:  00000000           addb rh0,#0x00
00a4:  00000000           addb rh0,#0x00
00a8:  00000000           addb rh0,#0x00
00ac:  00000000           addb rh0,#0x00
00b0:  00000000           addb rh0,#0x00
00b4:  00000000           addb rh0,#0x00
00b8:  00000000           addb rh0,#0x00
00bc:  00000000           addb rh0,#0x00
00c0:  00000000           addb rh0,#0x00
00c4:  00000000           addb rh0,#0x00
00c8:  00000000           addb rh0,#0x00
00cc:  00000000           addb rh0,#0x00
00d0:  00000000           addb rh0,#0x00
00d4:  00000000           addb rh0,#0x00
00d8:  00000000           addb rh0,#0x00
00dc:  00000000           addb rh0,#0x00
00e0:  00000000           addb rh0,#0x00
00e4:  00000000           addb rh0,#0x00
00e8:  00000000           addb rh0,#0x00
00ec:  00000000           addb rh0,#0x00
00f0:  00000000           addb rh0,#0x00
00f4:  00000000           addb rh0,#0x00
00f8:  00000000           addb rh0,#0x00
00fc:  00000000           addb rh0,#0x00
0100:  5e08a1000106       jp <<33>>0x0106
0106:  030f0046           sub r15,#0x0046
010a:  0de50046           ld @rr14,#0x0046
010e:  5c090203a1003a5e   ldm <<33>>0x3a5e,r2,#4
0116:  5f00a0000314       call <<32>>0x0314
011c:  140200000000       ldl rr2,#0x00000000
0122:  7604a10029a4       lda rr4,<<33>>0x29a4
0128:  7606a100299e       lda rr6,<<33>>0x299e
012e:  5f008400448e       call <<4>>0x448e
0134:  bd11               ldk r1,#1
0136:  0b010001           cp r1,#0x0001
013a:  e103               jr lt,0x0142
013c:  0b010028           cp r1,#0x0028
0140:  e204               jr le,0x014a
0142:  bd2d               ldk r2,#13
0144:  5f00840033f6       call <<4>>0x33f6
014a:  b3190002           sla r1,#2
014e:  760ca0000074       lda rr12,<<32>>0x0074
0154:  811d               add r13,r1
0156:  abd3               dec r13,#4
0158:  0cc10000           cpb @rr12,#0x00
015c:  ee26               jr nz,0x01aa
015e:  760ca0000114       lda rr12,<<32>>0x0114
0164:  a9db               inc r13,#12
0166:  0dc8               clr @rr12
0168:  760ca0000114       lda rr12,<<32>>0x0114
016e:  0dc8               clr @rr12
0170:  760ca0000114       lda rr12,<<32>>0x0114
0176:  a9d1               inc r13,#2
0178:  0dc8               clr @rr12
017a:  760ca0000114       lda rr12,<<32>>0x0114
0180:  a9d3               inc r13,#4
0182:  0dc8               clr @rr12
0184:  760ca0000114       lda rr12,<<32>>0x0114
018a:  a9d5               inc r13,#6
018c:  0dc8               clr @rr12
018e:  760ca0000114       lda rr12,<<32>>0x0114
0194:  a9d7               inc r13,#8
0196:  0dc8               clr @rr12
0198:  760ca0000114       lda rr12,<<32>>0x0114
019e:  a9d9               inc r13,#10
01a0:  0dc8               clr @rr12
01a2:  bd2c               ldk r2,#12
01a4:  5f0084004416       call <<4>>0x4416
01aa:  760c84000187       lda rr12,<<4>>0x0187
01b0:  0cc4               testb @rr12
01b2:  5e0ea1000530       jp nz,<<33>>0x0530
01b8:  760c84000188       lda rr12,<<4>>0x0188
01be:  0cc4               testb @rr12
01c0:  5e06a1000530       jp z,<<33>>0x0530
01c6:  5f00a1000bd6       call <<33>>0x0bd6
01cc:  760c84000174       lda rr12,<<4>>0x0174
01d2:  0cc4               testb @rr12
01d4:  5e06a10004d6       jp z,<<33>>0x04d6
01da:  21020642           ld r2,#0x0642
01de:  7604a1003a66       lda rr4,<<33>>0x3a66
01e4:  7606a100fffe       lda rr6,<<33>>0xfffe
01ea:  5f00840041e4       call <<4>>0x41e4
01f0:  bd11               ldk r1,#1
01f2:  0b010001           cp r1,#0x0001
01f6:  e103               jr lt,0x01fe
01f8:  0b010028           cp r1,#0x0028
01fc:  e204               jr le,0x0206
01fe:  bd2d               ldk r2,#13
0200:  5f00840033f6       call <<4>>0x33f6
0206:  19000028           mult rr0,#0x0028
020a:  540ca1003a66       ldl rr12,<<33>>0x3a66
0210:  811d               add r13,r1
0212:  760aa1002976       lda rr10,<<33>>0x2976
0218:  010dffd8           add r13,#0xffd8
021c:  21010014           ld r1,#0x0014
0220:  bba101c0           ldir @rr12,@rr10,r1
0224:  bd12               ldk r1,#2
0226:  0b010001           cp r1,#0x0001
022a:  e103               jr lt,0x0232
022c:  0b010028           cp r1,#0x0028
0230:  e204               jr le,0x023a
0232:  bd2d               ldk r2,#13
0234:  5f00840033f6       call <<4>>0x33f6
023a:  19000028           mult rr0,#0x0028
023e:  540ca1003a66       ldl rr12,<<33>>0x3a66
0244:  811d               add r13,r1
0246:  760aa100294e       lda rr10,<<33>>0x294e
024c:  010dffd8           add r13,#0xffd8
0250:  21010014           ld r1,#0x0014
0254:  bba101c0           ldir @rr12,@rr10,r1
0258:  bd13               ldk r1,#3
025a:  0b010001           cp r1,#0x0001
025e:  e103               jr lt,0x0266
0260:  0b010028           cp r1,#0x0028
0264:  e204               jr le,0x026e
0266:  bd2d               ldk r2,#13
0268:  5f00840033f6       call <<4>>0x33f6
026e:  19000028           mult rr0,#0x0028
0272:  540ca1003a66       ldl rr12,<<33>>0x3a66
0278:  811d               add r13,r1
027a:  760aa1002926       lda rr10,<<33>>0x2926
0280:  010dffd8           add r13,#0xffd8
0284:  21010014           ld r1,#0x0014
0288:  bba101c0           ldir @rr12,@rr10,r1
028c:  760ca0000114       lda rr12,<<32>>0x0114
0292:  a9db               inc r13,#12
0294:  0dc4               test @rr12
0296:  ee1b               jr nz,0x02ce
0298:  bd14               ldk r1,#4
029a:  0b010001           cp r1,#0x0001
029e:  e103               jr lt,0x02a6
02a0:  0b010028           cp r1,#0x0028
02a4:  e204               jr le,0x02ae
02a6:  bd2d               ldk r2,#13
02a8:  5f00840033f6       call <<4>>0x33f6
02ae:  19000028           mult rr0,#0x0028
02b2:  540ca1003a66       ldl rr12,<<33>>0x3a66
02b8:  811d               add r13,r1
02ba:  760aa10028fe       lda rr10,<<33>>0x28fe
02c0:  010dffd8           add r13,#0xffd8
02c4:  21010014           ld r1,#0x0014
02c8:  bba101c0           ldir @rr12,@rr10,r1
02cc:  e81a               jr 0x0302
02ce:  bd15               ldk r1,#5
02d0:  0b010001           cp r1,#0x0001
02d4:  e103               jr lt,0x02dc
02d6:  0b010028           cp r1,#0x0028
02da:  e204               jr le,0x02e4
02dc:  bd2d               ldk r2,#13
02de:  5f00840033f6       call <<4>>0x33f6
02e4:  19000028           mult rr0,#0x0028
02e8:  540ca1003a66       ldl rr12,<<33>>0x3a66
02ee:  811d               add r13,r1
02f0:  760aa10028d6       lda rr10,<<33>>0x28d6
02f6:  010dffd8           add r13,#0xffd8
02fa:  21010014           ld r1,#0x0014
02fe:  bba101c0           ldir @rr12,@rr10,r1
0302:  bd16               ldk r1,#6
0304:  0b010001           cp r1,#0x0001
0308:  e103               jr lt,0x0310
030a:  0b010028           cp r1,#0x0028
030e:  e204               jr le,0x0318
0310:  bd2d               ldk r2,#13
0312:  5f00840033f6       call <<4>>0x33f6
0318:  19000028           mult rr0,#0x0028
031c:  540ca1003a66       ldl rr12,<<33>>0x3a66
0322:  811d               add r13,r1
0324:  760aa10028ae       lda rr10,<<33>>0x28ae
032a:  010dffd8           add r13,#0xffd8
032e:  21010014           ld r1,#0x0014
0332:  bba101c0           ldir @rr12,@rr10,r1
0336:  bd17               ldk r1,#7
0338:  0b010001           cp r1,#0x0001
033c:  e103               jr lt,0x0344
033e:  0b010028           cp r1,#0x0028
0342:  e204               jr le,0x034c
0344:  bd2d               ldk r2,#13
0346:  5f00840033f6       call <<4>>0x33f6
034c:  19000028           mult rr0,#0x0028
0350:  540ca1003a66       ldl rr12,<<33>>0x3a66
0356:  811d               add r13,r1
0358:  760aa1002886       lda rr10,<<33>>0x2886
035e:  010dffd8           add r13,#0xffd8
0362:  21010014           ld r1,#0x0014
0366:  bba101c0           ldir @rr12,@rr10,r1
036a:  bd18               ldk r1,#8
036c:  0b010001           cp r1,#0x0001
0370:  e103               jr lt,0x0378
0372:  0b010028           cp r1,#0x0028
0376:  e204               jr le,0x0380
0378:  bd2d               ldk r2,#13
037a:  5f00840033f6       call <<4>>0x33f6
0380:  19000028           mult rr0,#0x0028
0384:  540ca1003a66       ldl rr12,<<33>>0x3a66
038a:  811d               add r13,r1
038c:  760aa100285e       lda rr10,<<33>>0x285e
0392:  010dffd8           add r13,#0xffd8
0396:  21010014           ld r1,#0x0014
039a:  bba101c0           ldir @rr12,@rr10,r1
039e:  bd19               ldk r1,#9
03a0:  0b010001           cp r1,#0x0001
03a4:  e103               jr lt,0x03ac
03a6:  0b010028           cp r1,#0x0028
03aa:  e204               jr le,0x03b4
03ac:  bd2d               ldk r2,#13
03ae:  5f00840033f6       call <<4>>0x33f6
03b4:  19000028           mult rr0,#0x0028
03b8:  540ca1003a66       ldl rr12,<<33>>0x3a66
03be:  811d               add r13,r1
03c0:  760aa1002836       lda rr10,<<33>>0x2836
03c6:  010dffd8           add r13,#0xffd8
03ca:  21010014           ld r1,#0x0014
03ce:  bba101c0           ldir @rr12,@rr10,r1
03d2:  760ca0000114       lda rr12,<<32>>0x0114
03d8:  a9d1               inc r13,#2
03da:  0dc10001           cp @rr12,#0x0001
03de:  ee1b               jr nz,0x0416
03e0:  bd1a               ldk r1,#10
03e2:  0b010001           cp r1,#0x0001
03e6:  e103               jr lt,0x03ee
03e8:  0b010028           cp r1,#0x0028
03ec:  e204               jr le,0x03f6
03ee:  bd2d               ldk r2,#13
03f0:  5f00840033f6       call <<4>>0x33f6
03f6:  19000028           mult rr0,#0x0028
03fa:  540ca1003a66       ldl rr12,<<33>>0x3a66
0400:  811d               add r13,r1
0402:  760aa100280e       lda rr10,<<33>>0x280e
0408:  010dffd8           add r13,#0xffd8
040c:  21010014           ld r1,#0x0014
0410:  bba101c0           ldir @rr12,@rr10,r1
0414:  e81a               jr 0x044a
0416:  bd1a               ldk r1,#10
0418:  0b010001           cp r1,#0x0001
041c:  e103               jr lt,0x0424
041e:  0b010028           cp r1,#0x0028
0422:  e204               jr le,0x042c
0424:  bd2d               ldk r2,#13
0426:  5f00840033f6       call <<4>>0x33f6
042c:  19000028           mult rr0,#0x0028
0430:  540ca1003a66       ldl rr12,<<33>>0x3a66
0436:  811d               add r13,r1
0438:  760aa10027e6       lda rr10,<<33>>0x27e6
043e:  010dffd8           add r13,#0xffd8
0442:  21010014           ld r1,#0x0014
0446:  bba101c0           ldir @rr12,@rr10,r1
044a:  bd1b               ldk r1,#11
044c:  0b010001           cp r1,#0x0001
0450:  e103               jr lt,0x0458
0452:  0b010028           cp r1,#0x0028
0456:  e204               jr le,0x0460
0458:  bd2d               ldk r2,#13
045a:  5f00840033f6       call <<4>>0x33f6
0460:  19000028           mult rr0,#0x0028
0464:  540ca1003a66       ldl rr12,<<33>>0x3a66
046a:  811d               add r13,r1
046c:  760aa10027be       lda rr10,<<33>>0x27be
0472:  010dffd8           add r13,#0xffd8
0476:  21010014           ld r1,#0x0014
047a:  bba101c0           ldir @rr12,@rr10,r1
047e:  bd1c               ldk r1,#12
0480:  0b010001           cp r1,#0x0001
0484:  e103               jr lt,0x048c
0486:  0b010028           cp r1,#0x0028
048a:  e204               jr le,0x0494
048c:  bd2d               ldk r2,#13
048e:  5f00840033f6       call <<4>>0x33f6
0494:  19000028           mult rr0,#0x0028
0498:  540ca1003a66       ldl rr12,<<33>>0x3a66
049e:  811d               add r13,r1
04a0:  760aa1002796       lda rr10,<<33>>0x2796
04a6:  010dffd8           add r13,#0xffd8
04aa:  21010014           ld r1,#0x0014
04ae:  bba101c0           ldir @rr12,@rr10,r1
04b2:  5402a1003a66       ldl rr2,<<33>>0x3a66
04b8:  7604a0000074       lda rr4,<<32>>0x0074
04be:  bd6c               ldk r6,#12
04c0:  5f00840043ee       call <<4>>0x43ee
04c6:  21020642           ld r2,#0x0642
04ca:  5404a1003a66       ldl rr4,<<33>>0x3a66
04d0:  5f008400425c       call <<4>>0x425c
04d6:  7602840042f0       lda rr2,<<4>>0x42f0
04dc:  2104ffff           ld r4,#0xffff
04e0:  21050017           ld r5,#0x0017
04e4:  7606a100277e       lda rr6,<<33>>0x277e
04ea:  5f008400285a       call <<4>>0x285a
04f0:  7602840042f0       lda rr2,<<4>>0x42f0
04f6:  5f00840011f6       call <<4>>0x11f6
04fc:  7602840042f0       lda rr2,<<4>>0x42f0
0502:  2104ffff           ld r4,#0xffff
0506:  21050019           ld r5,#0x0019
050a:  7606a1002764       lda rr6,<<33>>0x2764
0510:  5f008400285a       call <<4>>0x285a
0516:  7602840042f0       lda rr2,<<4>>0x42f0
051c:  5f00840011f6       call <<4>>0x11f6
0522:  5f0084004542       call <<4>>0x4542
0528:  8cf4               testb rl7
052a:  5e06a10001c6       jp z,<<33>>0x01c6
0530:  5f00a100127a       call <<33>>0x127a
0536:  5f00a1002454       call <<33>>0x2454
053c:  7602a100273c       lda rr2,<<33>>0x273c
0542:  5f0084004466       call <<4>>0x4466
0548:  5f0084004402       call <<4>>0x4402
054e:  760ca0000044       lda rr12,<<32>>0x0044
0554:  21c1               ld r1,@rr12
0556:  ab10               dec r1,#1
0558:  5e01a1000b52       jp lt,<<33>>0x0b52
055e:  0b01000b           cp r1,#0x000b
0562:  5e0aa1000b52       jp gt,<<33>>0x0b52
0568:  8111               add r1,r1
056a:  6111a1002576       ld r1,<<33>>0x2576(r1)
0570:  5e18a1000100       jp <<33>>0x0100(r1)
0576:  5e08a1000b52       jp <<33>>0x0b52
057c:  760ca0000046       lda rr12,<<32>>0x0046
0582:  0dc10000           cp @rr12,#0x0000
0586:  e22e               jr le,0x05e4
0588:  7602840042f0       lda rr2,<<4>>0x42f0
058e:  bd40               ldk r4,#0
0590:  bd53               ldk r5,#3
0592:  7606a1002738       lda rr6,<<33>>0x2738
0598:  5f008400285a       call <<4>>0x285a
059e:  7602840042f0       lda rr2,<<4>>0x42f0
05a4:  bd40               ldk r4,#0
05a6:  21050020           ld r5,#0x0020
05aa:  5f0084002814       call <<4>>0x2814
05b0:  7602840042f0       lda rr2,<<4>>0x42f0
05b6:  2104ffff           ld r4,#0xffff
05ba:  21050016           ld r5,#0x0016
05be:  7606a1002722       lda rr6,<<33>>0x2722
05c4:  5f008400285a       call <<4>>0x285a
05ca:  7602840042f0       lda rr2,<<4>>0x42f0
05d0:  5f00840011f6       call <<4>>0x11f6
05d6:  5f00a10056fe       call <<33>>0x56fe
05dc:  5f008400442a       call <<4>>0x442a
05e2:  e8cc               jr 0x057c
05e4:  5e08a1000b96       jp <<33>>0x0b96
05ea:  760ca0000046       lda rr12,<<32>>0x0046
05f0:  0dc10000           cp @rr12,#0x0000
05f4:  e22e               jr le,0x0652
05f6:  7602840042f0       lda rr2,<<4>>0x42f0
05fc:  bd40               ldk r4,#0
05fe:  bd53               ldk r5,#3
0600:  7606a100271e       lda rr6,<<33>>0x271e
0606:  5f008400285a       call <<4>>0x285a
060c:  7602840042f0       lda rr2,<<4>>0x42f0
0612:  bd40               ldk r4,#0
0614:  21050020           ld r5,#0x0020
0618:  5f0084002814       call <<4>>0x2814
061e:  7602840042f0       lda rr2,<<4>>0x42f0
0624:  2104ffff           ld r4,#0xffff
0628:  2105001e           ld r5,#0x001e
062c:  7606a1002700       lda rr6,<<33>>0x2700
0632:  5f008400285a       call <<4>>0x285a
0638:  7602840042f0       lda rr2,<<4>>0x42f0
063e:  5f00840011f6       call <<4>>0x11f6
0644:  5f00a1005b16       call <<33>>0x5b16
064a:  5f008400442a       call <<4>>0x442a
0650:  e8cc               jr 0x05ea
0652:  5e08a1000b96       jp <<33>>0x0b96
0658:  760ca0000046       lda rr12,<<32>>0x0046
065e:  0dc10000           cp @rr12,#0x0000
0662:  e22d               jr le,0x06be
0664:  7602840042f0       lda rr2,<<4>>0x42f0
066a:  bd40               ldk r4,#0
066c:  bd53               ldk r5,#3
066e:  7606a10026fc       lda rr6,<<33>>0x26fc
0674:  5f008400285a       call <<4>>0x285a
067a:  7602840042f0       lda rr2,<<4>>0x42f0
0680:  bd40               ldk r4,#0
0682:  21050020           ld r5,#0x0020
0686:  5f0084002814       call <<4>>0x2814
068c:  7602840042f0       lda rr2,<<4>>0x42f0
0692:  2104ffff           ld r4,#0xffff
0696:  bd5f               ldk r5,#15
0698:  7606a10026ec       lda rr6,<<33>>0x26ec
069e:  5f008400285a       call <<4>>0x285a
06a4:  7602840042f0       lda rr2,<<4>>0x42f0
06aa:  5f00840011f6       call <<4>>0x11f6
06b0:  5f00a100131c       call <<33>>0x131c
06b6:  5f008400442a       call <<4>>0x442a
06bc:  e8cd               jr 0x0658
06be:  5e08a1000b96       jp <<33>>0x0b96
06c4:  760ca0000114       lda rr12,<<32>>0x0114
06ca:  a9db               inc r13,#12
06cc:  0dc4               test @rr12
06ce:  ee34               jr nz,0x0738
06d0:  760ca0000046       lda rr12,<<32>>0x0046
06d6:  0dc10000           cp @rr12,#0x0000
06da:  e22e               jr le,0x0738
06dc:  7602840042f0       lda rr2,<<4>>0x42f0
06e2:  bd40               ldk r4,#0
06e4:  bd53               ldk r5,#3
06e6:  7606a10026e8       lda rr6,<<33>>0x26e8
06ec:  5f008400285a       call <<4>>0x285a
06f2:  7602840042f0       lda rr2,<<4>>0x42f0
06f8:  bd40               ldk r4,#0
06fa:  21050020           ld r5,#0x0020
06fe:  5f0084002814       call <<4>>0x2814
0704:  7602840042f0       lda rr2,<<4>>0x42f0
070a:  2104ffff           ld r4,#0xffff
070e:  2105001a           ld r5,#0x001a
0712:  7606a10026ce       lda rr6,<<33>>0x26ce
0718:  5f008400285a       call <<4>>0x285a
071e:  7602840042f0       lda rr2,<<4>>0x42f0
0724:  5f00840011f6       call <<4>>0x11f6
072a:  5f00a1004500       call <<33>>0x4500
0730:  5f008400442a       call <<4>>0x442a
0736:  e8cc               jr 0x06d0
0738:  5e08a1000b96       jp <<33>>0x0b96
073e:  760ca0000114       lda rr12,<<32>>0x0114
0744:  a9db               inc r13,#12
0746:  0dc10001           cp @rr12,#0x0001
074a:  ee40               jr nz,0x07cc
074c:  760ca0000046       lda rr12,<<32>>0x0046
0752:  0dc10000           cp @rr12,#0x0000
0756:  e23a               jr le,0x07cc
0758:  7602840042f0       lda rr2,<<4>>0x42f0
075e:  bd40               ldk r4,#0
0760:  bd53               ldk r5,#3
0762:  7606a10026ca       lda rr6,<<33>>0x26ca
0768:  5f008400285a       call <<4>>0x285a
076e:  7602840042f0       lda rr2,<<4>>0x42f0
0774:  bd40               ldk r4,#0
0776:  21050020           ld r5,#0x0020
077a:  5f0084002814       call <<4>>0x2814
0780:  7602840042f0       lda rr2,<<4>>0x42f0
0786:  2104ffff           ld r4,#0xffff
078a:  21050020           ld r5,#0x0020
078e:  7606a10026aa       lda rr6,<<33>>0x26aa
0794:  5f008400285a       call <<4>>0x285a
079a:  7602840042f0       lda rr2,<<4>>0x42f0
07a0:  5f00840011f6       call <<4>>0x11f6
07a6:  5f00a1004500       call <<33>>0x4500
07ac:  5f00a100488a       call <<33>>0x488a
07b2:  5f00a1004a2c       call <<33>>0x4a2c
07b8:  5f00a1004b08       call <<33>>0x4b08
07be:  5f00a1004d14       call <<33>>0x4d14
07c4:  5f008400442a       call <<4>>0x442a
07ca:  e8c0               jr 0x074c
07cc:  5e08a1000b96       jp <<33>>0x0b96
07d2:  760ca0000046       lda rr12,<<32>>0x0046
07d8:  0dc10000           cp @rr12,#0x0000
07dc:  e238               jr le,0x084e
07de:  7602840042f0       lda rr2,<<4>>0x42f0
07e4:  bd40               ldk r4,#0
07e6:  bd53               ldk r5,#3
07e8:  7606a10026a6       lda rr6,<<33>>0x26a6
07ee:  5f008400285a       call <<4>>0x285a
07f4:  7602840042f0       lda rr2,<<4>>0x42f0
07fa:  bd40               ldk r4,#0
07fc:  21050020           ld r5,#0x0020
0800:  5f0084002814       call <<4>>0x2814
0806:  7602840042f0       lda rr2,<<4>>0x42f0
080c:  2104ffff           ld r4,#0xffff
0810:  bd5e               ldk r5,#14
0812:  7606a1002698       lda rr6,<<33>>0x2698
0818:  5f008400285a       call <<4>>0x285a
081e:  7602840042f0       lda rr2,<<4>>0x42f0
0824:  5f00840011f6       call <<4>>0x11f6
082a:  760ca0000114       lda rr12,<<32>>0x0114
0830:  a9d5               inc r13,#6
0832:  0dc10001           cp @rr12,#0x0001
0836:  ee04               jr nz,0x0840
0838:  5f00a10013ae       call <<33>>0x13ae
083e:  e803               jr 0x0846
0840:  5f00a1001582       call <<33>>0x1582
0846:  5f008400442a       call <<4>>0x442a
084c:  e8c2               jr 0x07d2
084e:  5e08a1000b96       jp <<33>>0x0b96
0854:  760ca0000046       lda rr12,<<32>>0x0046
085a:  0dc10000           cp @rr12,#0x0000
085e:  e22e               jr le,0x08bc
0860:  7602840042f0       lda rr2,<<4>>0x42f0
0866:  bd40               ldk r4,#0
0868:  bd53               ldk r5,#3
086a:  7606a1002694       lda rr6,<<33>>0x2694
0870:  5f008400285a       call <<4>>0x285a
0876:  7602840042f0       lda rr2,<<4>>0x42f0
087c:  bd40               ldk r4,#0
087e:  21050020           ld r5,#0x0020
0882:  5f0084002814       call <<4>>0x2814
0888:  7602840042f0       lda rr2,<<4>>0x42f0
088e:  2104ffff           ld r4,#0xffff
0892:  21050020           ld r5,#0x0020
0896:  7606a1002674       lda rr6,<<33>>0x2674
089c:  5f008400285a       call <<4>>0x285a
08a2:  7602840042f0       lda rr2,<<4>>0x42f0
08a8:  5f00840011f6       call <<4>>0x11f6
08ae:  5f00a1006ada       call <<33>>0x6ada
08b4:  5f008400442a       call <<4>>0x442a
08ba:  e8cc               jr 0x0854
08bc:  5e08a1000b96       jp <<33>>0x0b96
08c2:  760ca0000046       lda rr12,<<32>>0x0046
08c8:  0dc10000           cp @rr12,#0x0000
08cc:  e22e               jr le,0x092a
08ce:  7602840042f0       lda rr2,<<4>>0x42f0
08d4:  bd40               ldk r4,#0
08d6:  bd53               ldk r5,#3
08d8:  7606a1002670       lda rr6,<<33>>0x2670
08de:  5f008400285a       call <<4>>0x285a
08e4:  7602840042f0       lda rr2,<<4>>0x42f0
08ea:  bd40               ldk r4,#0
08ec:  21050020           ld r5,#0x0020
08f0:  5f0084002814       call <<4>>0x2814
08f6:  7602840042f0       lda rr2,<<4>>0x42f0
08fc:  2104ffff           ld r4,#0xffff
0900:  2105001c           ld r5,#0x001c
0904:  7606a1002654       lda rr6,<<33>>0x2654
090a:  5f008400285a       call <<4>>0x285a
0910:  7602840042f0       lda rr2,<<4>>0x42f0
0916:  5f00840011f6       call <<4>>0x11f6
091c:  5f00a1006d3a       call <<33>>0x6d3a
0922:  5f008400442a       call <<4>>0x442a
0928:  e8cc               jr 0x08c2
092a:  5e08a1000b96       jp <<33>>0x0b96
0930:  760ca0000046       lda rr12,<<32>>0x0046
0936:  0dc10000           cp @rr12,#0x0000
093a:  e22d               jr le,0x0996
093c:  7602840042f0       lda rr2,<<4>>0x42f0
0942:  bd40               ldk r4,#0
0944:  bd53               ldk r5,#3
0946:  7606a1002650       lda rr6,<<33>>0x2650
094c:  5f008400285a       call <<4>>0x285a
0952:  7602840042f0       lda rr2,<<4>>0x42f0
0958:  bd40               ldk r4,#0
095a:  21050020           ld r5,#0x0020
095e:  5f0084002814       call <<4>>0x2814
0964:  7602840042f0       lda rr2,<<4>>0x42f0
096a:  2104ffff           ld r4,#0xffff
096e:  bd5d               ldk r5,#13
0970:  7606a1002642       lda rr6,<<33>>0x2642
0976:  5f008400285a       call <<4>>0x285a
097c:  7602840042f0       lda rr2,<<4>>0x42f0
0982:  5f00840011f6       call <<4>>0x11f6
0988:  5f00a10016b2       call <<33>>0x16b2
098e:  5f008400442a       call <<4>>0x442a
0994:  e8cd               jr 0x0930
0996:  5e08a1000b96       jp <<33>>0x0b96
099c:  760ca0000114       lda rr12,<<32>>0x0114
09a2:  a9d1               inc r13,#2
09a4:  0dc10001           cp @rr12,#0x0001
09a8:  ee33               jr nz,0x0a10
09aa:  760ca0000046       lda rr12,<<32>>0x0046
09b0:  0dc10000           cp @rr12,#0x0000
09b4:  e22d               jr le,0x0a10
09b6:  7602840042f0       lda rr2,<<4>>0x42f0
09bc:  bd40               ldk r4,#0
09be:  bd53               ldk r5,#3
09c0:  7606a100263e       lda rr6,<<33>>0x263e
09c6:  5f008400285a       call <<4>>0x285a
09cc:  7602840042f0       lda rr2,<<4>>0x42f0
09d2:  bd40               ldk r4,#0
09d4:  21050020           ld r5,#0x0020
09d8:  5f0084002814       call <<4>>0x2814
09de:  7602840042f0       lda rr2,<<4>>0x42f0
09e4:  2104ffff           ld r4,#0xffff
09e8:  bd5f               ldk r5,#15
09ea:  7606a100262e       lda rr6,<<33>>0x262e
09f0:  5f008400285a       call <<4>>0x285a
09f6:  7602840042f0       lda rr2,<<4>>0x42f0
09fc:  5f00840011f6       call <<4>>0x11f6
0a02:  5f00a1006f60       call <<33>>0x6f60
0a08:  5f008400442a       call <<4>>0x442a
0a0e:  e8cd               jr 0x09aa
0a10:  5e08a1000b96       jp <<33>>0x0b96
0a16:  760ca0000046       lda rr12,<<32>>0x0046
0a1c:  0dc10000           cp @rr12,#0x0000
0a20:  e249               jr le,0x0ab4
0a22:  7602840042f0       lda rr2,<<4>>0x42f0
0a28:  bd40               ldk r4,#0
0a2a:  bd53               ldk r5,#3
0a2c:  7606a100262a       lda rr6,<<33>>0x262a
0a32:  5f008400285a       call <<4>>0x285a
0a38:  7602840042f0       lda rr2,<<4>>0x42f0
0a3e:  bd40               ldk r4,#0
0a40:  21050020           ld r5,#0x0020
0a44:  5f0084002814       call <<4>>0x2814
0a4a:  7602840042f0       lda rr2,<<4>>0x42f0
0a50:  2104ffff           ld r4,#0xffff
0a54:  21050016           ld r5,#0x0016
0a58:  7606a1002614       lda rr6,<<33>>0x2614
0a5e:  5f008400285a       call <<4>>0x285a
0a64:  7602840042f0       lda rr2,<<4>>0x42f0
0a6a:  5f00840011f6       call <<4>>0x11f6
0a70:  760ca0000114       lda rr12,<<32>>0x0114
0a76:  a9d7               inc r13,#8
0a78:  0dc10001           cp @rr12,#0x0001
0a7c:  ee04               jr nz,0x0a86
0a7e:  5f00a1001f78       call <<33>>0x1f78
0a84:  e813               jr 0x0aac
0a86:  7602840042f0       lda rr2,<<4>>0x42f0
0a8c:  2104ffff           ld r4,#0xffff
0a90:  2105001b           ld r5,#0x001b
0a94:  7606a10025f8       lda rr6,<<33>>0x25f8
0a9a:  5f008400285a       call <<4>>0x285a
0aa0:  7602840042f0       lda rr2,<<4>>0x42f0
0aa6:  5f00840011f6       call <<4>>0x11f6
0aac:  5f008400442a       call <<4>>0x442a
0ab2:  e8b1               jr 0x0a16
0ab4:  e870               jr 0x0b96
0ab6:  760ca0000046       lda rr12,<<32>>0x0046
0abc:  0dc10000           cp @rr12,#0x0000
0ac0:  e247               jr le,0x0b50
0ac2:  7602840042f0       lda rr2,<<4>>0x42f0
0ac8:  bd40               ldk r4,#0
0aca:  bd53               ldk r5,#3
0acc:  7606a10025f4       lda rr6,<<33>>0x25f4
0ad2:  5f008400285a       call <<4>>0x285a
0ad8:  7602840042f0       lda rr2,<<4>>0x42f0
0ade:  bd40               ldk r4,#0
0ae0:  21050020           ld r5,#0x0020
0ae4:  5f0084002814       call <<4>>0x2814
0aea:  7602840042f0       lda rr2,<<4>>0x42f0
0af0:  2104ffff           ld r4,#0xffff
0af4:  bd5f               ldk r5,#15
0af6:  7606a10025e4       lda rr6,<<33>>0x25e4
0afc:  5f008400285a       call <<4>>0x285a
0b02:  7602840042f0       lda rr2,<<4>>0x42f0
0b08:  5f00840011f6       call <<4>>0x11f6
0b0e:  760ca0000114       lda rr12,<<32>>0x0114
0b14:  a9d9               inc r13,#10
0b16:  0dc10001           cp @rr12,#0x0001
0b1a:  ee04               jr nz,0x0b24
0b1c:  5f00a10021b6       call <<33>>0x21b6
0b22:  e813               jr 0x0b4a
0b24:  7602840042f0       lda rr2,<<4>>0x42f0
0b2a:  2104ffff           ld r4,#0xffff
0b2e:  2105001b           ld r5,#0x001b
0b32:  7606a10025c8       lda rr6,<<33>>0x25c8
0b38:  5f008400285a       call <<4>>0x285a
0b3e:  7602840042f0       lda rr2,<<4>>0x42f0
0b44:  5f00840011f6       call <<4>>0x11f6
0b4a:  5f008400442a       call <<4>>0x442a
0b50:  e822               jr 0x0b96
0b52:  760ca0000044       lda rr12,<<32>>0x0044
0b58:  0dc4               test @rr12
0b5a:  e61d               jr z,0x0b96
0b5c:  7602840042f0       lda rr2,<<4>>0x42f0
0b62:  bd40               ldk r4,#0
0b64:  bd53               ldk r5,#3
0b66:  7606a10025c4       lda rr6,<<33>>0x25c4
0b6c:  5f008400285a       call <<4>>0x285a
0b72:  7602840042f0       lda rr2,<<4>>0x42f0
0b78:  2104ffff           ld r4,#0xffff
0b7c:  bd5e               ldk r5,#14
0b7e:  7606a10025b6       lda rr6,<<33>>0x25b6
0b84:  5f008400285a       call <<4>>0x285a
0b8a:  7602840042f0       lda rr2,<<4>>0x42f0
0b90:  5f00840011f6       call <<4>>0x11f6
0b96:  760ca0000044       lda rr12,<<32>>0x0044
0b9c:  0dc4               test @rr12
0b9e:  5e0ea1000548       jp nz,<<33>>0x0548
0ba4:  7602a100258e       lda rr2,<<33>>0x258e
0baa:  5f008400447a       call <<4>>0x447a
0bb0:  5f008400443e       call <<4>>0x443e
0bb6:  8cf4               testb rl7
0bb8:  5e06a100053c       jp z,<<33>>0x053c
0bbe:  5f00a10024b0       call <<33>>0x24b0
0bc4:  5f0084004452       call <<4>>0x4452
0bca:  5f00a0000336       call <<32>>0x0336
0bd0:  010f0042           add r15,#0x0042
0bd4:  9e08               ret 
0bd6:  030f0016           sub r15,#0x0016
0bda:  0de5001a           ld @rr14,#0x001a
0bde:  7602840042f0       lda rr2,<<4>>0x42f0
0be4:  2104ffff           ld r4,#0xffff
0be8:  21050028           ld r5,#0x0028
0bec:  7606a1002c0a       lda rr6,<<33>>0x2c0a
0bf2:  5f008400285a       call <<4>>0x285a
0bf8:  7602840042f0       lda rr2,<<4>>0x42f0
0bfe:  5f00840011f6       call <<4>>0x11f6
0c04:  7602840042f0       lda rr2,<<4>>0x42f0
0c0a:  bd40               ldk r4,#0
0c0c:  bd53               ldk r5,#3
0c0e:  7606a1002c06       lda rr6,<<33>>0x2c06
0c14:  5f008400285a       call <<4>>0x285a
0c1a:  7602840042f0       lda rr2,<<4>>0x42f0
0c20:  bd40               ldk r4,#0
0c22:  bd51               ldk r5,#1
0c24:  5f0084002814       call <<4>>0x2814
0c2a:  7602840042f0       lda rr2,<<4>>0x42f0
0c30:  2104ffff           ld r4,#0xffff
0c34:  21050018           ld r5,#0x0018
0c38:  7606a1002bee       lda rr6,<<33>>0x2bee
0c3e:  5f008400285a       call <<4>>0x285a
0c44:  7602840042f0       lda rr2,<<4>>0x42f0
0c4a:  5f00840011f6       call <<4>>0x11f6
0c50:  7602840042f0       lda rr2,<<4>>0x42f0
0c56:  2104ffff           ld r4,#0xffff
0c5a:  21050018           ld r5,#0x0018
0c5e:  7606a1002bd6       lda rr6,<<33>>0x2bd6
0c64:  5f008400285a       call <<4>>0x285a
0c6a:  7602840042f0       lda rr2,<<4>>0x42f0
0c70:  bd47               ldk r4,#7
0c72:  760ca0000114       lda rr12,<<32>>0x0114
0c78:  31c5000c           ld r5,rr12(#0x000c)
0c7c:  5f0084002814       call <<4>>0x2814
0c82:  7602840042f0       lda rr2,<<4>>0x42f0
0c88:  5f00840011f6       call <<4>>0x11f6
0c8e:  760ca0000114       lda rr12,<<32>>0x0114
0c94:  94c2               ldl rr2,rr12
0c96:  a93b               inc r3,#12
0c98:  bd40               ldk r4,#0
0c9a:  bd51               ldk r5,#1
0c9c:  21060026           ld r6,#0x0026
0ca0:  bd71               ldk r7,#1
0ca2:  5f00a1005512       call <<33>>0x5512
0ca8:  6eff1906           ldb <<25>>0x0006(r15),rl7
0cac:  4cf41906           testb <<25>>0x0006(r15)
0cb0:  e6cf               jr z,0x0c50
0cb2:  5f00a1005586       call <<33>>0x5586
0cb8:  6eff1908           ldb <<25>>0x0008(r15),rl7
0cbc:  4cf41908           testb <<25>>0x0008(r15)
0cc0:  e6c7               jr z,0x0c50
0cc2:  7602840042f0       lda rr2,<<4>>0x42f0
0cc8:  bd40               ldk r4,#0
0cca:  bd53               ldk r5,#3
0ccc:  7606a1002bd2       lda rr6,<<33>>0x2bd2
0cd2:  5f008400285a       call <<4>>0x285a
0cd8:  7602840042f0       lda rr2,<<4>>0x42f0
0cde:  2104ffff           ld r4,#0xffff
0ce2:  21050019           ld r5,#0x0019
0ce6:  7606a1002bb8       lda rr6,<<33>>0x2bb8
0cec:  5f008400285a       call <<4>>0x285a
0cf2:  7602840042f0       lda rr2,<<4>>0x42f0
0cf8:  5f00840011f6       call <<4>>0x11f6
0cfe:  7602840042f0       lda rr2,<<4>>0x42f0
0d04:  bd40               ldk r4,#0
0d06:  bd53               ldk r5,#3
0d08:  7606a1002bb4       lda rr6,<<33>>0x2bb4
0d0e:  5f008400285a       call <<4>>0x285a
0d14:  7602840042f0       lda rr2,<<4>>0x42f0
0d1a:  bd40               ldk r4,#0
0d1c:  bd51               ldk r5,#1
0d1e:  5f0084002814       call <<4>>0x2814
0d24:  7602840042f0       lda rr2,<<4>>0x42f0
0d2a:  2104ffff           ld r4,#0xffff
0d2e:  21050018           ld r5,#0x0018
0d32:  7606a1002b9c       lda rr6,<<33>>0x2b9c
0d38:  5f008400285a       call <<4>>0x285a
0d3e:  7602840042f0       lda rr2,<<4>>0x42f0
0d44:  5f00840011f6       call <<4>>0x11f6
0d4a:  7602840042f0       lda rr2,<<4>>0x42f0
0d50:  2104ffff           ld r4,#0xffff
0d54:  21050018           ld r5,#0x0018
0d58:  7606a1002b84       lda rr6,<<33>>0x2b84
0d5e:  5f008400285a       call <<4>>0x285a
0d64:  7602840042f0       lda rr2,<<4>>0x42f0
0d6a:  bd47               ldk r4,#7
0d6c:  760ca0000114       lda rr12,<<32>>0x0114
0d72:  21c5               ld r5,@rr12
0d74:  5f0084002814       call <<4>>0x2814
0d7a:  7602840042f0       lda rr2,<<4>>0x42f0
0d80:  5f00840011f6       call <<4>>0x11f6
0d86:  7602a0000114       lda rr2,<<32>>0x0114
0d8c:  bd40               ldk r4,#0
0d8e:  bd51               ldk r5,#1
0d90:  21060026           ld r6,#0x0026
0d94:  bd71               ldk r7,#1
0d96:  5f00a1005512       call <<33>>0x5512
0d9c:  8cf4               testb rl7
0d9e:  e6d5               jr z,0x0d4a
0da0:  7602840042f0       lda rr2,<<4>>0x42f0
0da6:  bd40               ldk r4,#0
0da8:  bd53               ldk r5,#3
0daa:  7606a1002b80       lda rr6,<<33>>0x2b80
0db0:  5f008400285a       call <<4>>0x285a
0db6:  7602840042f0       lda rr2,<<4>>0x42f0
0dbc:  2104ffff           ld r4,#0xffff
0dc0:  21050019           ld r5,#0x0019
0dc4:  7606a1002b66       lda rr6,<<33>>0x2b66
0dca:  5f008400285a       call <<4>>0x285a
0dd0:  7602840042f0       lda rr2,<<4>>0x42f0
0dd6:  5f00840011f6       call <<4>>0x11f6
0ddc:  7602840042f0       lda rr2,<<4>>0x42f0
0de2:  bd40               ldk r4,#0
0de4:  bd53               ldk r5,#3
0de6:  7606a1002b62       lda rr6,<<33>>0x2b62
0dec:  5f008400285a       call <<4>>0x285a
0df2:  7602840042f0       lda rr2,<<4>>0x42f0
0df8:  bd40               ldk r4,#0
0dfa:  bd51               ldk r5,#1
0dfc:  5f0084002814       call <<4>>0x2814
0e02:  7602840042f0       lda rr2,<<4>>0x42f0
0e08:  2104ffff           ld r4,#0xffff
0e0c:  21050018           ld r5,#0x0018
0e10:  7606a1002b4a       lda rr6,<<33>>0x2b4a
0e16:  5f008400285a       call <<4>>0x285a
0e1c:  7602840042f0       lda rr2,<<4>>0x42f0
0e22:  5f00840011f6       call <<4>>0x11f6
0e28:  7602840042f0       lda rr2,<<4>>0x42f0
0e2e:  2104ffff           ld r4,#0xffff
0e32:  21050018           ld r5,#0x0018
0e36:  7606a1002b32       lda rr6,<<33>>0x2b32
0e3c:  5f008400285a       call <<4>>0x285a
0e42:  7602840042f0       lda rr2,<<4>>0x42f0
0e48:  bd47               ldk r4,#7
0e4a:  760ca0000114       lda rr12,<<32>>0x0114
0e50:  31c50002           ld r5,rr12(#0x0002)
0e54:  5f0084002814       call <<4>>0x2814
0e5a:  7602840042f0       lda rr2,<<4>>0x42f0
0e60:  5f00840011f6       call <<4>>0x11f6
0e66:  760ca0000114       lda rr12,<<32>>0x0114
0e6c:  94c2               ldl rr2,rr12
0e6e:  a931               inc r3,#2
0e70:  bd40               ldk r4,#0
0e72:  bd51               ldk r5,#1
0e74:  21060026           ld r6,#0x0026
0e78:  bd71               ldk r7,#1
0e7a:  5f00a1005512       call <<33>>0x5512
0e80:  8cf4               testb rl7
0e82:  e6d2               jr z,0x0e28
0e84:  7602840042f0       lda rr2,<<4>>0x42f0
0e8a:  bd40               ldk r4,#0
0e8c:  bd53               ldk r5,#3
0e8e:  7606a1002b2e       lda rr6,<<33>>0x2b2e
0e94:  5f008400285a       call <<4>>0x285a
0e9a:  7602840042f0       lda rr2,<<4>>0x42f0
0ea0:  2104ffff           ld r4,#0xffff
0ea4:  21050019           ld r5,#0x0019
0ea8:  7606a1002b14       lda rr6,<<33>>0x2b14
0eae:  5f008400285a       call <<4>>0x285a
0eb4:  7602840042f0       lda rr2,<<4>>0x42f0
0eba:  5f00840011f6       call <<4>>0x11f6
0ec0:  760ca0000114       lda rr12,<<32>>0x0114
0ec6:  a9d1               inc r13,#2
0ec8:  0dc10001           cp @rr12,#0x0001
0ecc:  ee7d               jr nz,0x0fc8
0ece:  7602840042f0       lda rr2,<<4>>0x42f0
0ed4:  bd40               ldk r4,#0
0ed6:  bd53               ldk r5,#3
0ed8:  7606a1002b10       lda rr6,<<33>>0x2b10
0ede:  5f008400285a       call <<4>>0x285a
0ee4:  7602840042f0       lda rr2,<<4>>0x42f0
0eea:  bd40               ldk r4,#0
0eec:  bd51               ldk r5,#1
0eee:  5f0084002814       call <<4>>0x2814
0ef4:  7602840042f0       lda rr2,<<4>>0x42f0
0efa:  2104ffff           ld r4,#0xffff
0efe:  21050018           ld r5,#0x0018
0f02:  7606a1002af8       lda rr6,<<33>>0x2af8
0f08:  5f008400285a       call <<4>>0x285a
0f0e:  7602840042f0       lda rr2,<<4>>0x42f0
0f14:  5f00840011f6       call <<4>>0x11f6
0f1a:  7602840042f0       lda rr2,<<4>>0x42f0
0f20:  2104ffff           ld r4,#0xffff
0f24:  21050018           ld r5,#0x0018
0f28:  7606a1002ae0       lda rr6,<<33>>0x2ae0
0f2e:  5f008400285a       call <<4>>0x285a
0f34:  7602840042f0       lda rr2,<<4>>0x42f0
0f3a:  bd47               ldk r4,#7
0f3c:  760ca0000114       lda rr12,<<32>>0x0114
0f42:  31c50004           ld r5,rr12(#0x0004)
0f46:  5f0084002814       call <<4>>0x2814
0f4c:  7602840042f0       lda rr2,<<4>>0x42f0
0f52:  5f00840011f6       call <<4>>0x11f6
0f58:  760ca0000114       lda rr12,<<32>>0x0114
0f5e:  94c2               ldl rr2,rr12
0f60:  a933               inc r3,#4
0f62:  bd40               ldk r4,#0
0f64:  bd51               ldk r5,#1
0f66:  21060026           ld r6,#0x0026
0f6a:  bd71               ldk r7,#1
0f6c:  5f00a1005512       call <<33>>0x5512
0f72:  6eff1906           ldb <<25>>0x0006(r15),rl7
0f76:  4cf41906           testb <<25>>0x0006(r15)
0f7a:  e6cf               jr z,0x0f1a
0f7c:  5f00a1006ef0       call <<33>>0x6ef0
0f82:  6eff1908           ldb <<25>>0x0008(r15),rl7
0f86:  4cf41908           testb <<25>>0x0008(r15)
0f8a:  e6c7               jr z,0x0f1a
0f8c:  7602840042f0       lda rr2,<<4>>0x42f0
0f92:  bd40               ldk r4,#0
0f94:  bd53               ldk r5,#3
0f96:  7606a1002adc       lda rr6,<<33>>0x2adc
0f9c:  5f008400285a       call <<4>>0x285a
0fa2:  7602840042f0       lda rr2,<<4>>0x42f0
0fa8:  2104ffff           ld r4,#0xffff
0fac:  21050019           ld r5,#0x0019
0fb0:  7606a1002ac2       lda rr6,<<33>>0x2ac2
0fb6:  5f008400285a       call <<4>>0x285a
0fbc:  7602840042f0       lda rr2,<<4>>0x42f0
0fc2:  5f00840011f6       call <<4>>0x11f6
0fc8:  7602840042f0       lda rr2,<<4>>0x42f0
0fce:  bd40               ldk r4,#0
0fd0:  bd53               ldk r5,#3
0fd2:  7606a1002abe       lda rr6,<<33>>0x2abe
0fd8:  5f008400285a       call <<4>>0x285a
0fde:  7602840042f0       lda rr2,<<4>>0x42f0
0fe4:  bd40               ldk r4,#0
0fe6:  bd51               ldk r5,#1
0fe8:  5f0084002814       call <<4>>0x2814
0fee:  7602840042f0       lda rr2,<<4>>0x42f0
0ff4:  2104ffff           ld r4,#0xffff
0ff8:  21050018           ld r5,#0x0018
0ffc:  7606a1002aa6       lda rr6,<<33>>0x2aa6
1002:  5f008400285a       call <<4>>0x285a
1008:  7602840042f0       lda rr2,<<4>>0x42f0
100e:  5f00840011f6       call <<4>>0x11f6
1014:  7602840042f0       lda rr2,<<4>>0x42f0
101a:  2104ffff           ld r4,#0xffff
101e:  21050018           ld r5,#0x0018
1022:  7606a1002a8e       lda rr6,<<33>>0x2a8e
1028:  5f008400285a       call <<4>>0x285a
102e:  7602840042f0       lda rr2,<<4>>0x42f0
1034:  bd47               ldk r4,#7
1036:  760ca0000114       lda rr12,<<32>>0x0114
103c:  31c50006           ld r5,rr12(#0x0006)
1040:  5f0084002814       call <<4>>0x2814
1046:  7602840042f0       lda rr2,<<4>>0x42f0
104c:  5f00840011f6       call <<4>>0x11f6
1052:  760ca0000114       lda rr12,<<32>>0x0114
1058:  94c2               ldl rr2,rr12
105a:  a935               inc r3,#6
105c:  bd40               ldk r4,#0
105e:  bd51               ldk r5,#1
1060:  21060026           ld r6,#0x0026
1064:  bd71               ldk r7,#1
1066:  5f00a1005512       call <<33>>0x5512
106c:  8cf4               testb rl7
106e:  e6d2               jr z,0x1014
1070:  7602840042f0       lda rr2,<<4>>0x42f0
1076:  bd40               ldk r4,#0
1078:  bd53               ldk r5,#3
107a:  7606a1002a8a       lda rr6,<<33>>0x2a8a
1080:  5f008400285a       call <<4>>0x285a
1086:  7602840042f0       lda rr2,<<4>>0x42f0
108c:  2104ffff           ld r4,#0xffff
1090:  21050019           ld r5,#0x0019
1094:  7606a1002a70       lda rr6,<<33>>0x2a70
109a:  5f008400285a       call <<4>>0x285a
10a0:  7602840042f0       lda rr2,<<4>>0x42f0
10a6:  5f00840011f6       call <<4>>0x11f6
10ac:  7602840042f0       lda rr2,<<4>>0x42f0
10b2:  bd40               ldk r4,#0
10b4:  bd53               ldk r5,#3
10b6:  7606a1002a6c       lda rr6,<<33>>0x2a6c
10bc:  5f008400285a       call <<4>>0x285a
10c2:  7602840042f0       lda rr2,<<4>>0x42f0
10c8:  bd40               ldk r4,#0
10ca:  bd51               ldk r5,#1
10cc:  5f0084002814       call <<4>>0x2814
10d2:  7602840042f0       lda rr2,<<4>>0x42f0
10d8:  2104ffff           ld r4,#0xffff
10dc:  21050018           ld r5,#0x0018
10e0:  7606a1002a54       lda rr6,<<33>>0x2a54
10e6:  5f008400285a       call <<4>>0x285a
10ec:  7602840042f0       lda rr2,<<4>>0x42f0
10f2:  5f00840011f6       call <<4>>0x11f6
10f8:  7602840042f0       lda rr2,<<4>>0x42f0
10fe:  2104ffff           ld r4,#0xffff
1102:  21050018           ld r5,#0x0018
1106:  7606a1002a3c       lda rr6,<<33>>0x2a3c
110c:  5f008400285a       call <<4>>0x285a
1112:  7602840042f0       lda rr2,<<4>>0x42f0
1118:  bd47               ldk r4,#7
111a:  760ca0000114       lda rr12,<<32>>0x0114
1120:  31c50008           ld r5,rr12(#0x0008)
1124:  5f0084002814       call <<4>>0x2814
112a:  7602840042f0       lda rr2,<<4>>0x42f0
1130:  5f00840011f6       call <<4>>0x11f6
1136:  760ca0000114       lda rr12,<<32>>0x0114
113c:  94c2               ldl rr2,rr12
113e:  a937               inc r3,#8
1140:  bd40               ldk r4,#0
1142:  bd51               ldk r5,#1
1144:  21060026           ld r6,#0x0026
1148:  bd71               ldk r7,#1
114a:  5f00a1005512       call <<33>>0x5512
1150:  8cf4               testb rl7
1152:  e6d2               jr z,0x10f8
1154:  7602840042f0       lda rr2,<<4>>0x42f0
115a:  bd40               ldk r4,#0
115c:  bd53               ldk r5,#3
115e:  7606a1002a38       lda rr6,<<33>>0x2a38
1164:  5f008400285a       call <<4>>0x285a
116a:  7602840042f0       lda rr2,<<4>>0x42f0
1170:  2104ffff           ld r4,#0xffff
1174:  21050019           ld r5,#0x0019
1178:  7606a1002a1e       lda rr6,<<33>>0x2a1e
117e:  5f008400285a       call <<4>>0x285a
1184:  7602840042f0       lda rr2,<<4>>0x42f0
118a:  5f00840011f6       call <<4>>0x11f6
1190:  7602840042f0       lda rr2,<<4>>0x42f0
1196:  bd40               ldk r4,#0
1198:  bd53               ldk r5,#3
119a:  7606a1002a1a       lda rr6,<<33>>0x2a1a
11a0:  5f008400285a       call <<4>>0x285a
11a6:  7602840042f0       lda rr2,<<4>>0x42f0
11ac:  bd40               ldk r4,#0
11ae:  bd51               ldk r5,#1
11b0:  5f0084002814       call <<4>>0x2814
11b6:  7602840042f0       lda rr2,<<4>>0x42f0
11bc:  2104ffff           ld r4,#0xffff
11c0:  21050018           ld r5,#0x0018
11c4:  7606a1002a02       lda rr6,<<33>>0x2a02
11ca:  5f008400285a       call <<4>>0x285a
11d0:  7602840042f0       lda rr2,<<4>>0x42f0
11d6:  5f00840011f6       call <<4>>0x11f6
11dc:  7602840042f0       lda rr2,<<4>>0x42f0
11e2:  2104ffff           ld r4,#0xffff
11e6:  21050018           ld r5,#0x0018
11ea:  7606a10029ea       lda rr6,<<33>>0x29ea
11f0:  5f008400285a       call <<4>>0x285a
11f6:  7602840042f0       lda rr2,<<4>>0x42f0
11fc:  bd47               ldk r4,#7
11fe:  760ca0000114       lda rr12,<<32>>0x0114
1204:  31c5000a           ld r5,rr12(#0x000a)
1208:  5f0084002814       call <<4>>0x2814
120e:  7602840042f0       lda rr2,<<4>>0x42f0
1214:  5f00840011f6       call <<4>>0x11f6
121a:  760ca0000114       lda rr12,<<32>>0x0114
1220:  94c2               ldl rr2,rr12
1222:  a939               inc r3,#10
1224:  bd40               ldk r4,#0
1226:  bd51               ldk r5,#1
1228:  21060026           ld r6,#0x0026
122c:  bd71               ldk r7,#1
122e:  5f00a1005512       call <<33>>0x5512
1234:  8cf4               testb rl7
1236:  e6d2               jr z,0x11dc
1238:  7602840042f0       lda rr2,<<4>>0x42f0
123e:  bd40               ldk r4,#0
1240:  bd53               ldk r5,#3
1242:  7606a10029e6       lda rr6,<<33>>0x29e6
1248:  5f008400285a       call <<4>>0x285a
124e:  7602840042f0       lda rr2,<<4>>0x42f0
1254:  2104ffff           ld r4,#0xffff
1258:  21050019           ld r5,#0x0019
125c:  7606a10029cc       lda rr6,<<33>>0x29cc
1262:  5f008400285a       call <<4>>0x285a
1268:  7602840042f0       lda rr2,<<4>>0x42f0
126e:  5f00840011f6       call <<4>>0x11f6
1274:  010f0016           add r15,#0x0016
1278:  9e08               ret 
127a:  030f0016           sub r15,#0x0016
127e:  0de5001a           ld @rr14,#0x001a
1282:  7602a1003a6a       lda rr2,<<33>>0x3a6a
1288:  21040800           ld r4,#0x0800
128c:  5f00840045e2       call <<4>>0x45e2
1292:  5f00a100254c       call <<33>>0x254c
1298:  6eff1906           ldb <<25>>0x0006(r15),rl7
129c:  60f91906           ldb rl1,<<25>>0x0006(r15)
12a0:  b110               extsb r1
12a2:  0b01ff80           cp r1,#0xff80
12a6:  e103               jr lt,0x12ae
12a8:  0b01007f           cp r1,#0x007f
12ac:  e204               jr le,0x12b6
12ae:  bd2e               ldk r2,#14
12b0:  5f00840033f6       call <<4>>0x33f6
12b6:  6e09a100426a       ldb <<33>>0x426a,rl1
12bc:  140200000000       ldl rr2,#0x00000000
12c2:  210400ff           ld r4,#0x00ff
12c6:  6009a100426a       ldb rl1,<<33>>0x426a
12cc:  b110               extsb r1
12ce:  0b01ff80           cp r1,#0xff80
12d2:  e103               jr lt,0x12da
12d4:  0b01007f           cp r1,#0x007f
12d8:  e205               jr le,0x12e4
12da:  21020010           ld r2,#0x0010
12de:  5f00840033f6       call <<4>>0x33f6
12e4:  a115               ld r5,r1
12e6:  5f00a100559a       call <<33>>0x559a
12ec:  5f00a100255a       call <<33>>0x255a
12f2:  6eff1906           ldb <<25>>0x0006(r15),rl7
12f6:  60f91906           ldb rl1,<<25>>0x0006(r15)
12fa:  b110               extsb r1
12fc:  0b01ff80           cp r1,#0xff80
1300:  e103               jr lt,0x1308
1302:  0b01007f           cp r1,#0x007f
1306:  e204               jr le,0x1310
1308:  bd2e               ldk r2,#14
130a:  5f00840033f6       call <<4>>0x33f6
1310:  6e09a100426b       ldb <<33>>0x426b,rl1
1316:  010f0016           add r15,#0x0016
131a:  9e08               ret 
131c:  030f0012           sub r15,#0x0012
1320:  0de50016           ld @rr14,#0x0016
1324:  7602840042f0       lda rr2,<<4>>0x42f0
132a:  2104ffff           ld r4,#0xffff
132e:  21050014           ld r5,#0x0014
1332:  7606a1002c5a       lda rr6,<<33>>0x2c5a
1338:  5f008400285a       call <<4>>0x285a
133e:  7602840042f0       lda rr2,<<4>>0x42f0
1344:  5f00840011f6       call <<4>>0x11f6
134a:  5f00a1005bcc       call <<33>>0x5bcc
1350:  7602840042f0       lda rr2,<<4>>0x42f0
1356:  2104ffff           ld r4,#0xffff
135a:  21050014           ld r5,#0x0014
135e:  7606a1002c46       lda rr6,<<33>>0x2c46
1364:  5f008400285a       call <<4>>0x285a
136a:  7602840042f0       lda rr2,<<4>>0x42f0
1370:  5f00840011f6       call <<4>>0x11f6
1376:  5f00a1005c46       call <<33>>0x5c46
137c:  7602840042f0       lda rr2,<<4>>0x42f0
1382:  2104ffff           ld r4,#0xffff
1386:  21050014           ld r5,#0x0014
138a:  7606a1002c32       lda rr6,<<33>>0x2c32
1390:  5f008400285a       call <<4>>0x285a
1396:  7602840042f0       lda rr2,<<4>>0x42f0
139c:  5f00840011f6       call <<4>>0x11f6
13a2:  5f00a1005ce8       call <<33>>0x5ce8
13a8:  010f0012           add r15,#0x0012
13ac:  9e08               ret 
13ae:  030f0012           sub r15,#0x0012
13b2:  0de50016           ld @rr14,#0x0016
13b6:  7602840042f0       lda rr2,<<4>>0x42f0
13bc:  2104ffff           ld r4,#0xffff
13c0:  2105001b           ld r5,#0x001b
13c4:  7606a1002dba       lda rr6,<<33>>0x2dba
13ca:  5f008400285a       call <<4>>0x285a
13d0:  7602840042f0       lda rr2,<<4>>0x42f0
13d6:  5f00840011f6       call <<4>>0x11f6
13dc:  7602840042f0       lda rr2,<<4>>0x42f0
13e2:  2104ffff           ld r4,#0xffff
13e6:  21050021           ld r5,#0x0021
13ea:  7606a1002d98       lda rr6,<<33>>0x2d98
13f0:  5f008400285a       call <<4>>0x285a
13f6:  7602840042f0       lda rr2,<<4>>0x42f0
13fc:  5f00840011f6       call <<4>>0x11f6
1402:  5f00a1005d7c       call <<33>>0x5d7c
1408:  7602840042f0       lda rr2,<<4>>0x42f0
140e:  2104ffff           ld r4,#0xffff
1412:  21050025           ld r5,#0x0025
1416:  7606a1002d72       lda rr6,<<33>>0x2d72
141c:  5f008400285a       call <<4>>0x285a
1422:  7602840042f0       lda rr2,<<4>>0x42f0
1428:  5f00840011f6       call <<4>>0x11f6
142e:  5f00a1005e62       call <<33>>0x5e62
1434:  7602840042f0       lda rr2,<<4>>0x42f0
143a:  2104ffff           ld r4,#0xffff
143e:  21050023           ld r5,#0x0023
1442:  7606a1002d4e       lda rr6,<<33>>0x2d4e
1448:  5f008400285a       call <<4>>0x285a
144e:  7602840042f0       lda rr2,<<4>>0x42f0
1454:  5f00840011f6       call <<4>>0x11f6
145a:  7602840042f0       lda rr2,<<4>>0x42f0
1460:  2104ffff           ld r4,#0xffff
1464:  21050023           ld r5,#0x0023
1468:  7606a1002d2a       lda rr6,<<33>>0x2d2a
146e:  5f008400285a       call <<4>>0x285a
1474:  7602840042f0       lda rr2,<<4>>0x42f0
147a:  5f00840011f6       call <<4>>0x11f6
1480:  5f00a1005fc0       call <<33>>0x5fc0
1486:  7602840042f0       lda rr2,<<4>>0x42f0
148c:  2104ffff           ld r4,#0xffff
1490:  21050024           ld r5,#0x0024
1494:  7606a1002d06       lda rr6,<<33>>0x2d06
149a:  5f008400285a       call <<4>>0x285a
14a0:  7602840042f0       lda rr2,<<4>>0x42f0
14a6:  5f00840011f6       call <<4>>0x11f6
14ac:  7602840042f0       lda rr2,<<4>>0x42f0
14b2:  2104ffff           ld r4,#0xffff
14b6:  21050022           ld r5,#0x0022
14ba:  7606a1002ce4       lda rr6,<<33>>0x2ce4
14c0:  5f008400285a       call <<4>>0x285a
14c6:  7602840042f0       lda rr2,<<4>>0x42f0
14cc:  5f00840011f6       call <<4>>0x11f6
14d2:  5f00a10060a0       call <<33>>0x60a0
14d8:  7602840042f0       lda rr2,<<4>>0x42f0
14de:  2104ffff           ld r4,#0xffff
14e2:  21050024           ld r5,#0x0024
14e6:  7606a1002cc0       lda rr6,<<33>>0x2cc0
14ec:  5f008400285a       call <<4>>0x285a
14f2:  7602840042f0       lda rr2,<<4>>0x42f0
14f8:  5f00840011f6       call <<4>>0x11f6
14fe:  7602840042f0       lda rr2,<<4>>0x42f0
1504:  2104ffff           ld r4,#0xffff
1508:  21050011           ld r5,#0x0011
150c:  7606a1002cae       lda rr6,<<33>>0x2cae
1512:  5f008400285a       call <<4>>0x285a
1518:  7602840042f0       lda rr2,<<4>>0x42f0
151e:  5f00840011f6       call <<4>>0x11f6
1524:  5f00a10061ec       call <<33>>0x61ec
152a:  7602840042f0       lda rr2,<<4>>0x42f0
1530:  2104ffff           ld r4,#0xffff
1534:  21050025           ld r5,#0x0025
1538:  7606a1002c88       lda rr6,<<33>>0x2c88
153e:  5f008400285a       call <<4>>0x285a
1544:  7602840042f0       lda rr2,<<4>>0x42f0
154a:  5f00840011f6       call <<4>>0x11f6
1550:  7602840042f0       lda rr2,<<4>>0x42f0
1556:  2104ffff           ld r4,#0xffff
155a:  21050019           ld r5,#0x0019
155e:  7606a1002c6e       lda rr6,<<33>>0x2c6e
1564:  5f008400285a       call <<4>>0x285a
156a:  7602840042f0       lda rr2,<<4>>0x42f0
1570:  5f00840011f6       call <<4>>0x11f6
1576:  5f00a10062b4       call <<33>>0x62b4
157c:  010f0012           add r15,#0x0012
1580:  9e08               ret 
1582:  030f0012           sub r15,#0x0012
1586:  0de50016           ld @rr14,#0x0016
158a:  7602840042f0       lda rr2,<<4>>0x42f0
1590:  2104ffff           ld r4,#0xffff
1594:  21050025           ld r5,#0x0025
1598:  7606a1002e9a       lda rr6,<<33>>0x2e9a
159e:  5f008400285a       call <<4>>0x285a
15a4:  7602840042f0       lda rr2,<<4>>0x42f0
15aa:  5f00840011f6       call <<4>>0x11f6
15b0:  5f00a1006406       call <<33>>0x6406
15b6:  7602840042f0       lda rr2,<<4>>0x42f0
15bc:  2104ffff           ld r4,#0xffff
15c0:  21050023           ld r5,#0x0023
15c4:  7606a1002e76       lda rr6,<<33>>0x2e76
15ca:  5f008400285a       call <<4>>0x285a
15d0:  7602840042f0       lda rr2,<<4>>0x42f0
15d6:  5f00840011f6       call <<4>>0x11f6
15dc:  7602840042f0       lda rr2,<<4>>0x42f0
15e2:  2104ffff           ld r4,#0xffff
15e6:  21050023           ld r5,#0x0023
15ea:  7606a1002e52       lda rr6,<<33>>0x2e52
15f0:  5f008400285a       call <<4>>0x285a
15f6:  7602840042f0       lda rr2,<<4>>0x42f0
15fc:  5f00840011f6       call <<4>>0x11f6
1602:  5f00a1006568       call <<33>>0x6568
1608:  7602840042f0       lda rr2,<<4>>0x42f0
160e:  2104ffff           ld r4,#0xffff
1612:  21050024           ld r5,#0x0024
1616:  7606a1002e2e       lda rr6,<<33>>0x2e2e
161c:  5f008400285a       call <<4>>0x285a
1622:  7602840042f0       lda rr2,<<4>>0x42f0
1628:  5f00840011f6       call <<4>>0x11f6
162e:  7602840042f0       lda rr2,<<4>>0x42f0
1634:  2104ffff           ld r4,#0xffff
1638:  21050022           ld r5,#0x0022
163c:  7606a1002e0c       lda rr6,<<33>>0x2e0c
1642:  5f008400285a       call <<4>>0x285a
1648:  7602840042f0       lda rr2,<<4>>0x42f0
164e:  5f00840011f6       call <<4>>0x11f6
1654:  5f00a1006646       call <<33>>0x6646
165a:  7602840042f0       lda rr2,<<4>>0x42f0
1660:  2104ffff           ld r4,#0xffff
1664:  21050024           ld r5,#0x0024
1668:  7606a1002de8       lda rr6,<<33>>0x2de8
166e:  5f008400285a       call <<4>>0x285a
1674:  7602840042f0       lda rr2,<<4>>0x42f0
167a:  5f00840011f6       call <<4>>0x11f6
1680:  7602840042f0       lda rr2,<<4>>0x42f0
1686:  2104ffff           ld r4,#0xffff
168a:  21050011           ld r5,#0x0011
168e:  7606a1002dd6       lda rr6,<<33>>0x2dd6
1694:  5f008400285a       call <<4>>0x285a
169a:  7602840042f0       lda rr2,<<4>>0x42f0
16a0:  5f00840011f6       call <<4>>0x11f6
16a6:  5f00a1006792       call <<33>>0x6792
16ac:  010f0012           add r15,#0x0012
16b0:  9e08               ret 
16b2:  030f0014           sub r15,#0x0014
16b6:  0de50018           ld @rr14,#0x0018
16ba:  760ca0000114       lda rr12,<<32>>0x0114
16c0:  0dc4               test @rr12
16c2:  ee0b               jr nz,0x16da
16c4:  140200000000       ldl rr2,#0x00000000
16ca:  21041ffe           ld r4,#0x1ffe
16ce:  5f00a100719e       call <<33>>0x719e
16d4:  6ff71912           ld <<25>>0x0012(r15),r7
16d8:  e80a               jr 0x16ee
16da:  140200000000       ldl rr2,#0x00000000
16e0:  21043ffe           ld r4,#0x3ffe
16e4:  5f00a100719e       call <<33>>0x719e
16ea:  6ff71912           ld <<25>>0x0012(r15),r7
16ee:  4df41912           test <<25>>0x0012(r15)
16f2:  e624               jr z,0x173c
16f4:  61f11912           ld r1,<<25>>0x0012(r15)
16f8:  0b010001           cp r1,#0x0001
16fc:  ee06               jr nz,0x170a
16fe:  760ca100426c       lda rr12,<<33>>0x426c
1704:  0dc5003b           ld @rr12,#0x003b
1708:  e816               jr 0x1736
170a:  0b010002           cp r1,#0x0002
170e:  ee06               jr nz,0x171c
1710:  760ca100426c       lda rr12,<<33>>0x426c
1716:  0dc5003c           ld @rr12,#0x003c
171a:  e80d               jr 0x1736
171c:  0b010003           cp r1,#0x0003
1720:  ee06               jr nz,0x172e
1722:  760ca100426c       lda rr12,<<33>>0x426c
1728:  0dc5003d           ld @rr12,#0x003d
172c:  e804               jr 0x1736
172e:  bd20               ldk r2,#0
1730:  5f00840033f6       call <<4>>0x33f6
1736:  5f00a1001742       call <<33>>0x1742
173c:  010f0014           add r15,#0x0014
1740:  9e08               ret 
1742:  030f0012           sub r15,#0x0012
1746:  0de50016           ld @rr14,#0x0016
174a:  5f00840044de       call <<4>>0x44de
1750:  760ca100426c       lda rr12,<<33>>0x426c
1756:  21c1               ld r1,@rr12
1758:  ab10               dec r1,#1
175a:  e10a               jr lt,0x1770
175c:  0b01003d           cp r1,#0x003d
1760:  ea07               jr gt,0x1770
1762:  8111               add r1,r1
1764:  6111a1002ec0       ld r1,<<33>>0x2ec0(r1)
176a:  5e18a1001742       jp <<33>>0x1742(r1)
1770:  bd20               ldk r2,#0
1772:  5f00840033f6       call <<4>>0x33f6
1778:  760ca1003788       lda rr12,<<33>>0x3788
177e:  760aa1004270       lda rr10,<<33>>0x4270
1784:  21010014           ld r1,#0x0014
1788:  bbc101a0           ldir @rr10,@rr12,r1
178c:  5e08a1001cc2       jp <<33>>0x1cc2
1792:  760ca1003760       lda rr12,<<33>>0x3760
1798:  760aa1004270       lda rr10,<<33>>0x4270
179e:  21010014           ld r1,#0x0014
17a2:  bbc101a0           ldir @rr10,@rr12,r1
17a6:  5e08a1001cc2       jp <<33>>0x1cc2
17ac:  760ca1003738       lda rr12,<<33>>0x3738
17b2:  760aa1004270       lda rr10,<<33>>0x4270
17b8:  21010014           ld r1,#0x0014
17bc:  bbc101a0           ldir @rr10,@rr12,r1
17c0:  5e08a1001cc2       jp <<33>>0x1cc2
17c6:  760ca1003710       lda rr12,<<33>>0x3710
17cc:  760aa1004270       lda rr10,<<33>>0x4270
17d2:  21010014           ld r1,#0x0014
17d6:  bbc101a0           ldir @rr10,@rr12,r1
17da:  5e08a1001cc2       jp <<33>>0x1cc2
17e0:  760ca10036e8       lda rr12,<<33>>0x36e8
17e6:  760aa1004270       lda rr10,<<33>>0x4270
17ec:  21010014           ld r1,#0x0014
17f0:  bbc101a0           ldir @rr10,@rr12,r1
17f4:  5e08a1001cc2       jp <<33>>0x1cc2
17fa:  760ca10036c0       lda rr12,<<33>>0x36c0
1800:  760aa1004270       lda rr10,<<33>>0x4270
1806:  21010014           ld r1,#0x0014
180a:  bbc101a0           ldir @rr10,@rr12,r1
180e:  5e08a1001cc2       jp <<33>>0x1cc2
1814:  760ca1003698       lda rr12,<<33>>0x3698
181a:  760aa1004270       lda rr10,<<33>>0x4270
1820:  21010014           ld r1,#0x0014
1824:  bbc101a0           ldir @rr10,@rr12,r1
1828:  5e08a1001cc2       jp <<33>>0x1cc2
182e:  760ca1003670       lda rr12,<<33>>0x3670
1834:  760aa1004270       lda rr10,<<33>>0x4270
183a:  21010014           ld r1,#0x0014
183e:  bbc101a0           ldir @rr10,@rr12,r1
1842:  5e08a1001cc2       jp <<33>>0x1cc2
1848:  760ca1003648       lda rr12,<<33>>0x3648
184e:  760aa1004270       lda rr10,<<33>>0x4270
1854:  21010014           ld r1,#0x0014
1858:  bbc101a0           ldir @rr10,@rr12,r1
185c:  5e08a1001cc2       jp <<33>>0x1cc2
1862:  760ca1003620       lda rr12,<<33>>0x3620
1868:  760aa1004270       lda rr10,<<33>>0x4270
186e:  21010014           ld r1,#0x0014
1872:  bbc101a0           ldir @rr10,@rr12,r1
1876:  5e08a1001cc2       jp <<33>>0x1cc2
187c:  760ca10035f8       lda rr12,<<33>>0x35f8
1882:  760aa1004270       lda rr10,<<33>>0x4270
1888:  21010014           ld r1,#0x0014
188c:  bbc101a0           ldir @rr10,@rr12,r1
1890:  5e08a1001cc2       jp <<33>>0x1cc2
1896:  760ca10035d0       lda rr12,<<33>>0x35d0
189c:  760aa1004270       lda rr10,<<33>>0x4270
18a2:  21010014           ld r1,#0x0014
18a6:  bbc101a0           ldir @rr10,@rr12,r1
18aa:  5e08a1001cc2       jp <<33>>0x1cc2
18b0:  760ca10035a8       lda rr12,<<33>>0x35a8
18b6:  760aa1004270       lda rr10,<<33>>0x4270
18bc:  21010014           ld r1,#0x0014
18c0:  bbc101a0           ldir @rr10,@rr12,r1
18c4:  5e08a1001cc2       jp <<33>>0x1cc2
18ca:  760ca1003580       lda rr12,<<33>>0x3580
18d0:  760aa1004270       lda rr10,<<33>>0x4270
18d6:  21010014           ld r1,#0x0014
18da:  bbc101a0           ldir @rr10,@rr12,r1
18de:  5e08a1001cc2       jp <<33>>0x1cc2
18e4:  760ca1003558       lda rr12,<<33>>0x3558
18ea:  760aa1004270       lda rr10,<<33>>0x4270
18f0:  21010014           ld r1,#0x0014
18f4:  bbc101a0           ldir @rr10,@rr12,r1
18f8:  5e08a1001cc2       jp <<33>>0x1cc2
18fe:  760ca1003530       lda rr12,<<33>>0x3530
1904:  760aa1004270       lda rr10,<<33>>0x4270
190a:  21010014           ld r1,#0x0014
190e:  bbc101a0           ldir @rr10,@rr12,r1
1912:  5e08a1001cc2       jp <<33>>0x1cc2
1918:  760ca1003508       lda rr12,<<33>>0x3508
191e:  760aa1004270       lda rr10,<<33>>0x4270
1924:  21010014           ld r1,#0x0014
1928:  bbc101a0           ldir @rr10,@rr12,r1
192c:  5e08a1001cc2       jp <<33>>0x1cc2
1932:  760ca10034e0       lda rr12,<<33>>0x34e0
1938:  760aa1004270       lda rr10,<<33>>0x4270
193e:  21010014           ld r1,#0x0014
1942:  bbc101a0           ldir @rr10,@rr12,r1
1946:  5e08a1001cc2       jp <<33>>0x1cc2
194c:  760ca10034b8       lda rr12,<<33>>0x34b8
1952:  760aa1004270       lda rr10,<<33>>0x4270
1958:  21010014           ld r1,#0x0014
195c:  bbc101a0           ldir @rr10,@rr12,r1
1960:  5e08a1001cc2       jp <<33>>0x1cc2
1966:  760ca1003490       lda rr12,<<33>>0x3490
196c:  760aa1004270       lda rr10,<<33>>0x4270
1972:  21010014           ld r1,#0x0014
1976:  bbc101a0           ldir @rr10,@rr12,r1
197a:  5e08a1001cc2       jp <<33>>0x1cc2
1980:  760ca1003468       lda rr12,<<33>>0x3468
1986:  760aa1004270       lda rr10,<<33>>0x4270
198c:  21010014           ld r1,#0x0014
1990:  bbc101a0           ldir @rr10,@rr12,r1
1994:  5e08a1001cc2       jp <<33>>0x1cc2
199a:  760ca1003440       lda rr12,<<33>>0x3440
19a0:  760aa1004270       lda rr10,<<33>>0x4270
19a6:  21010014           ld r1,#0x0014
19aa:  bbc101a0           ldir @rr10,@rr12,r1
19ae:  5e08a1001cc2       jp <<33>>0x1cc2
19b4:  760ca1003418       lda rr12,<<33>>0x3418
19ba:  760aa1004270       lda rr10,<<33>>0x4270
19c0:  21010014           ld r1,#0x0014
19c4:  bbc101a0           ldir @rr10,@rr12,r1
19c8:  5e08a1001cc2       jp <<33>>0x1cc2
19ce:  760ca10033f0       lda rr12,<<33>>0x33f0
19d4:  760aa1004270       lda rr10,<<33>>0x4270
19da:  21010014           ld r1,#0x0014
19de:  bbc101a0           ldir @rr10,@rr12,r1
19e2:  5e08a1001cc2       jp <<33>>0x1cc2
19e8:  760ca10033c8       lda rr12,<<33>>0x33c8
19ee:  760aa1004270       lda rr10,<<33>>0x4270
19f4:  21010014           ld r1,#0x0014
19f8:  bbc101a0           ldir @rr10,@rr12,r1
19fc:  5e08a1001cc2       jp <<33>>0x1cc2
1a02:  760ca10033a0       lda rr12,<<33>>0x33a0
1a08:  760aa1004270       lda rr10,<<33>>0x4270
1a0e:  21010014           ld r1,#0x0014
1a12:  bbc101a0           ldir @rr10,@rr12,r1
1a16:  5e08a1001cc2       jp <<33>>0x1cc2
1a1c:  760ca1003378       lda rr12,<<33>>0x3378
1a22:  760aa1004270       lda rr10,<<33>>0x4270
1a28:  21010014           ld r1,#0x0014
1a2c:  bbc101a0           ldir @rr10,@rr12,r1
1a30:  5e08a1001cc2       jp <<33>>0x1cc2
1a36:  760ca1003350       lda rr12,<<33>>0x3350
1a3c:  760aa1004270       lda rr10,<<33>>0x4270
1a42:  21010014           ld r1,#0x0014
1a46:  bbc101a0           ldir @rr10,@rr12,r1
1a4a:  5e08a1001cc2       jp <<33>>0x1cc2
1a50:  760ca1003328       lda rr12,<<33>>0x3328
1a56:  760aa1004270       lda rr10,<<33>>0x4270
1a5c:  21010014           ld r1,#0x0014
1a60:  bbc101a0           ldir @rr10,@rr12,r1
1a64:  5e08a1001cc2       jp <<33>>0x1cc2
1a6a:  760ca1003300       lda rr12,<<33>>0x3300
1a70:  760aa1004270       lda rr10,<<33>>0x4270
1a76:  21010014           ld r1,#0x0014
1a7a:  bbc101a0           ldir @rr10,@rr12,r1
1a7e:  5e08a1001cc2       jp <<33>>0x1cc2
1a84:  760ca10032d8       lda rr12,<<33>>0x32d8
1a8a:  760aa1004270       lda rr10,<<33>>0x4270
1a90:  21010014           ld r1,#0x0014
1a94:  bbc101a0           ldir @rr10,@rr12,r1
1a98:  5e08a1001cc2       jp <<33>>0x1cc2
1a9e:  760ca10032b0       lda rr12,<<33>>0x32b0
1aa4:  760aa1004270       lda rr10,<<33>>0x4270
1aaa:  21010014           ld r1,#0x0014
1aae:  bbc101a0           ldir @rr10,@rr12,r1
1ab2:  5e08a1001cc2       jp <<33>>0x1cc2
1ab8:  760ca1003288       lda rr12,<<33>>0x3288
1abe:  760aa1004270       lda rr10,<<33>>0x4270
1ac4:  21010014           ld r1,#0x0014
1ac8:  bbc101a0           ldir @rr10,@rr12,r1
1acc:  5e08a1001cc2       jp <<33>>0x1cc2
1ad2:  760ca1003260       lda rr12,<<33>>0x3260
1ad8:  760aa1004270       lda rr10,<<33>>0x4270
1ade:  21010014           ld r1,#0x0014
1ae2:  bbc101a0           ldir @rr10,@rr12,r1
1ae6:  5e08a1001cc2       jp <<33>>0x1cc2
1aec:  760ca1003238       lda rr12,<<33>>0x3238
1af2:  760aa1004270       lda rr10,<<33>>0x4270
1af8:  21010014           ld r1,#0x0014
1afc:  bbc101a0           ldir @rr10,@rr12,r1
1b00:  5e08a1001cc2       jp <<33>>0x1cc2
1b06:  760ca1003210       lda rr12,<<33>>0x3210
1b0c:  760aa1004270       lda rr10,<<33>>0x4270
1b12:  21010014           ld r1,#0x0014
1b16:  bbc101a0           ldir @rr10,@rr12,r1
1b1a:  5e08a1001cc2       jp <<33>>0x1cc2
1b20:  760ca10031e8       lda rr12,<<33>>0x31e8
1b26:  760aa1004270       lda rr10,<<33>>0x4270
1b2c:  21010014           ld r1,#0x0014
1b30:  bbc101a0           ldir @rr10,@rr12,r1
1b34:  5e08a1001cc2       jp <<33>>0x1cc2
1b3a:  760ca10031c0       lda rr12,<<33>>0x31c0
1b40:  760aa1004270       lda rr10,<<33>>0x4270
1b46:  21010014           ld r1,#0x0014
1b4a:  bbc101a0           ldir @rr10,@rr12,r1
1b4e:  5e08a1001cc2       jp <<33>>0x1cc2
1b54:  760ca1003198       lda rr12,<<33>>0x3198
1b5a:  760aa1004270       lda rr10,<<33>>0x4270
1b60:  21010014           ld r1,#0x0014
1b64:  bbc101a0           ldir @rr10,@rr12,r1
1b68:  5e08a1001cc2       jp <<33>>0x1cc2
1b6e:  760ca1003170       lda rr12,<<33>>0x3170
1b74:  760aa1004270       lda rr10,<<33>>0x4270
1b7a:  21010014           ld r1,#0x0014
1b7e:  bbc101a0           ldir @rr10,@rr12,r1
1b82:  5e08a1001cc2       jp <<33>>0x1cc2
1b88:  760ca1003148       lda rr12,<<33>>0x3148
1b8e:  760aa1004270       lda rr10,<<33>>0x4270
1b94:  21010014           ld r1,#0x0014
1b98:  bbc101a0           ldir @rr10,@rr12,r1
1b9c:  5e08a1001cc2       jp <<33>>0x1cc2
1ba2:  760ca1003120       lda rr12,<<33>>0x3120
1ba8:  760aa1004270       lda rr10,<<33>>0x4270
1bae:  21010014           ld r1,#0x0014
1bb2:  bbc101a0           ldir @rr10,@rr12,r1
1bb6:  5e08a1001cc2       jp <<33>>0x1cc2
1bbc:  760ca10030f8       lda rr12,<<33>>0x30f8
1bc2:  760aa1004270       lda rr10,<<33>>0x4270
1bc8:  21010014           ld r1,#0x0014
1bcc:  bbc101a0           ldir @rr10,@rr12,r1
1bd0:  e878               jr 0x1cc2
1bd2:  760ca10030d0       lda rr12,<<33>>0x30d0
1bd8:  760aa1004270       lda rr10,<<33>>0x4270
1bde:  21010014           ld r1,#0x0014
1be2:  bbc101a0           ldir @rr10,@rr12,r1
1be6:  e86d               jr 0x1cc2
1be8:  760ca10030a8       lda rr12,<<33>>0x30a8
1bee:  760aa1004270       lda rr10,<<33>>0x4270
1bf4:  21010014           ld r1,#0x0014
1bf8:  bbc101a0           ldir @rr10,@rr12,r1
1bfc:  e862               jr 0x1cc2
1bfe:  760ca1003080       lda rr12,<<33>>0x3080
1c04:  760aa1004270       lda rr10,<<33>>0x4270
1c0a:  21010014           ld r1,#0x0014
1c0e:  bbc101a0           ldir @rr10,@rr12,r1
1c12:  e857               jr 0x1cc2
1c14:  760ca1003058       lda rr12,<<33>>0x3058
1c1a:  760aa1004270       lda rr10,<<33>>0x4270
1c20:  21010014           ld r1,#0x0014
1c24:  bbc101a0           ldir @rr10,@rr12,r1
1c28:  e84c               jr 0x1cc2
1c2a:  760ca1003030       lda rr12,<<33>>0x3030
1c30:  760aa1004270       lda rr10,<<33>>0x4270
1c36:  21010014           ld r1,#0x0014
1c3a:  bbc101a0           ldir @rr10,@rr12,r1
1c3e:  e841               jr 0x1cc2
1c40:  760ca1003008       lda rr12,<<33>>0x3008
1c46:  760aa1004270       lda rr10,<<33>>0x4270
1c4c:  21010014           ld r1,#0x0014
1c50:  bbc101a0           ldir @rr10,@rr12,r1
1c54:  e836               jr 0x1cc2
1c56:  760ca1002fe0       lda rr12,<<33>>0x2fe0
1c5c:  760aa1004270       lda rr10,<<33>>0x4270
1c62:  21010014           ld r1,#0x0014
1c66:  bbc101a0           ldir @rr10,@rr12,r1
1c6a:  e82b               jr 0x1cc2
1c6c:  760ca1002fb8       lda rr12,<<33>>0x2fb8
1c72:  760aa1004270       lda rr10,<<33>>0x4270
1c78:  21010014           ld r1,#0x0014
1c7c:  bbc101a0           ldir @rr10,@rr12,r1
1c80:  e820               jr 0x1cc2
1c82:  760ca1002f90       lda rr12,<<33>>0x2f90
1c88:  760aa1004270       lda rr10,<<33>>0x4270
1c8e:  21010014           ld r1,#0x0014
1c92:  bbc101a0           ldir @rr10,@rr12,r1
1c96:  e815               jr 0x1cc2
1c98:  760ca1002f68       lda rr12,<<33>>0x2f68
1c9e:  760aa1004270       lda rr10,<<33>>0x4270
1ca4:  21010014           ld r1,#0x0014
1ca8:  bbc101a0           ldir @rr10,@rr12,r1
1cac:  e80a               jr 0x1cc2
1cae:  760ca1002f40       lda rr12,<<33>>0x2f40
1cb4:  760aa1004270       lda rr10,<<33>>0x4270
1cba:  21010014           ld r1,#0x0014
1cbe:  bbc101a0           ldir @rr10,@rr12,r1
1cc2:  7602840042f0       lda rr2,<<4>>0x42f0
1cc8:  bd40               ldk r4,#0
1cca:  bd53               ldk r5,#3
1ccc:  7606a1002f3c       lda rr6,<<33>>0x2f3c
1cd2:  5f008400285a       call <<4>>0x285a
1cd8:  7602840042f0       lda rr2,<<4>>0x42f0
1cde:  2104ffff           ld r4,#0xffff
1ce2:  21050028           ld r5,#0x0028
1ce6:  7606a1004270       lda rr6,<<33>>0x4270
1cec:  5f008400285a       call <<4>>0x285a
1cf2:  7602840042f0       lda rr2,<<4>>0x42f0
1cf8:  5f00840011f6       call <<4>>0x11f6
1cfe:  bd21               ldk r2,#1
1d00:  5f00a100563a       call <<33>>0x563a
1d06:  010f0012           add r15,#0x0012
1d0a:  9e08               ret 
1d0c:  030f0012           sub r15,#0x0012
1d10:  0de50016           ld @rr14,#0x0016
1d14:  5cf902051906       ldm <<25>>0x0006(r15),r2,#6
1d1a:  61f21906           ld r2,<<25>>0x0006(r15)
1d1e:  7604a1004298       lda rr4,<<33>>0x4298
1d24:  5f00a1005648       call <<33>>0x5648
1d2a:  61f21908           ld r2,<<25>>0x0008(r15)
1d2e:  7604a100429a       lda rr4,<<33>>0x429a
1d34:  5f00a1005648       call <<33>>0x5648
1d3a:  5f00840044de       call <<4>>0x44de
1d40:  760ca100426c       lda rr12,<<33>>0x426c
1d46:  21c1               ld r1,@rr12
1d48:  0b01001b           cp r1,#0x001b
1d4c:  ee0b               jr nz,0x1d64
1d4e:  760ca10038fe       lda rr12,<<33>>0x38fe
1d54:  760aa1004270       lda rr10,<<33>>0x4270
1d5a:  21010014           ld r1,#0x0014
1d5e:  bbc101a0           ldir @rr10,@rr12,r1
1d62:  e866               jr 0x1e30
1d64:  0b01001c           cp r1,#0x001c
1d68:  ee0b               jr nz,0x1d80
1d6a:  760ca10038d6       lda rr12,<<33>>0x38d6
1d70:  760aa1004270       lda rr10,<<33>>0x4270
1d76:  21010014           ld r1,#0x0014
1d7a:  bbc101a0           ldir @rr10,@rr12,r1
1d7e:  e858               jr 0x1e30
1d80:  0b01001d           cp r1,#0x001d
1d84:  ee0b               jr nz,0x1d9c
1d86:  760ca10038ae       lda rr12,<<33>>0x38ae
1d8c:  760aa1004270       lda rr10,<<33>>0x4270
1d92:  21010014           ld r1,#0x0014
1d96:  bbc101a0           ldir @rr10,@rr12,r1
1d9a:  e84a               jr 0x1e30
1d9c:  0b01001e           cp r1,#0x001e
1da0:  ee0b               jr nz,0x1db8
1da2:  760ca1003886       lda rr12,<<33>>0x3886
1da8:  760aa1004270       lda rr10,<<33>>0x4270
1dae:  21010014           ld r1,#0x0014
1db2:  bbc101a0           ldir @rr10,@rr12,r1
1db6:  e83c               jr 0x1e30
1db8:  0b01001f           cp r1,#0x001f
1dbc:  ee0b               jr nz,0x1dd4
1dbe:  760ca100385e       lda rr12,<<33>>0x385e
1dc4:  760aa1004270       lda rr10,<<33>>0x4270
1dca:  21010014           ld r1,#0x0014
1dce:  bbc101a0           ldir @rr10,@rr12,r1
1dd2:  e82e               jr 0x1e30
1dd4:  0b01002c           cp r1,#0x002c
1dd8:  ee0b               jr nz,0x1df0
1dda:  760ca1003836       lda rr12,<<33>>0x3836
1de0:  760aa1004270       lda rr10,<<33>>0x4270
1de6:  21010014           ld r1,#0x0014
1dea:  bbc101a0           ldir @rr10,@rr12,r1
1dee:  e820               jr 0x1e30
1df0:  0b010036           cp r1,#0x0036
1df4:  ee0b               jr nz,0x1e0c
1df6:  760ca100380e       lda rr12,<<33>>0x380e
1dfc:  760aa1004270       lda rr10,<<33>>0x4270
1e02:  21010014           ld r1,#0x0014
1e06:  bbc101a0           ldir @rr10,@rr12,r1
1e0a:  e812               jr 0x1e30
1e0c:  0b010037           cp r1,#0x0037
1e10:  ee0b               jr nz,0x1e28
1e12:  760ca10037e6       lda rr12,<<33>>0x37e6
1e18:  760aa1004270       lda rr10,<<33>>0x4270
1e1e:  21010014           ld r1,#0x0014
1e22:  bbc101a0           ldir @rr10,@rr12,r1
1e26:  e804               jr 0x1e30
1e28:  bd20               ldk r2,#0
1e2a:  5f00840033f6       call <<4>>0x33f6
1e30:  7602840042f0       lda rr2,<<4>>0x42f0
1e36:  bd40               ldk r4,#0
1e38:  bd53               ldk r5,#3
1e3a:  7606a10037e2       lda rr6,<<33>>0x37e2
1e40:  5f008400285a       call <<4>>0x285a
1e46:  7602840042f0       lda rr2,<<4>>0x42f0
1e4c:  2104ffff           ld r4,#0xffff
1e50:  21050028           ld r5,#0x0028
1e54:  7606a1004270       lda rr6,<<33>>0x4270
1e5a:  5f008400285a       call <<4>>0x285a
1e60:  7602840042f0       lda rr2,<<4>>0x42f0
1e66:  5f00840011f6       call <<4>>0x11f6
1e6c:  760ca100426c       lda rr12,<<33>>0x426c
1e72:  0dc10036           cp @rr12,#0x0036
1e76:  e606               jr z,0x1e84
1e78:  760ca100426c       lda rr12,<<33>>0x426c
1e7e:  0dc10037           cp @rr12,#0x0037
1e82:  ee31               jr nz,0x1ee6
1e84:  7602840042f0       lda rr2,<<4>>0x42f0
1e8a:  2104ffff           ld r4,#0xffff
1e8e:  bd5e               ldk r5,#14
1e90:  7606a10037d4       lda rr6,<<33>>0x37d4
1e96:  5f008400285a       call <<4>>0x285a
1e9c:  7602840042f0       lda rr2,<<4>>0x42f0
1ea2:  2104ffff           ld r4,#0xffff
1ea6:  bd52               ldk r5,#2
1ea8:  7606a1004298       lda rr6,<<33>>0x4298
1eae:  5f008400285a       call <<4>>0x285a
1eb4:  7602840042f0       lda rr2,<<4>>0x42f0
1eba:  2104ffff           ld r4,#0xffff
1ebe:  bd56               ldk r5,#6
1ec0:  7606a10037ce       lda rr6,<<33>>0x37ce
1ec6:  5f008400285a       call <<4>>0x285a
1ecc:  7602840042f0       lda rr2,<<4>>0x42f0
1ed2:  2104ffff           ld r4,#0xffff
1ed6:  bd52               ldk r5,#2
1ed8:  7606a100429a       lda rr6,<<33>>0x429a
1ede:  5f008400285a       call <<4>>0x285a
1ee4:  e831               jr 0x1f48
1ee6:  7602840042f0       lda rr2,<<4>>0x42f0
1eec:  2104ffff           ld r4,#0xffff
1ef0:  21050014           ld r5,#0x0014
1ef4:  7606a10037ba       lda rr6,<<33>>0x37ba
1efa:  5f008400285a       call <<4>>0x285a
1f00:  7602840042f0       lda rr2,<<4>>0x42f0
1f06:  2104ffff           ld r4,#0xffff
1f0a:  bd52               ldk r5,#2
1f0c:  7606a1004298       lda rr6,<<33>>0x4298
1f12:  5f008400285a       call <<4>>0x285a
1f18:  7602840042f0       lda rr2,<<4>>0x42f0
1f1e:  2104ffff           ld r4,#0xffff
1f22:  bd56               ldk r5,#6
1f24:  7606a10037b4       lda rr6,<<33>>0x37b4
1f2a:  5f008400285a       call <<4>>0x285a
1f30:  7602840042f0       lda rr2,<<4>>0x42f0
1f36:  2104ffff           ld r4,#0xffff
1f3a:  bd52               ldk r5,#2
1f3c:  7606a100429a       lda rr6,<<33>>0x429a
1f42:  5f008400285a       call <<4>>0x285a
1f48:  7602840042f0       lda rr2,<<4>>0x42f0
1f4e:  bd40               ldk r4,#0
1f50:  bd53               ldk r5,#3
1f52:  7606a10037b0       lda rr6,<<33>>0x37b0
1f58:  5f008400285a       call <<4>>0x285a
1f5e:  7602840042f0       lda rr2,<<4>>0x42f0
1f64:  5f00840011f6       call <<4>>0x11f6
1f6a:  bd21               ldk r2,#1
1f6c:  5f00a100563a       call <<33>>0x563a
1f72:  010f0012           add r15,#0x0012
1f76:  9e08               ret 
1f78:  030f0014           sub r15,#0x0014
1f7c:  0de50018           ld @rr14,#0x0018
1f80:  5f00a10071ea       call <<33>>0x71ea
1f86:  6f07a10042a4       ld <<33>>0x42a4,r7
1f8c:  4df81912           clr <<25>>0x0012(r15)
1f90:  e81a               jr 0x1fc6
1f92:  6102a10042a4       ld r2,<<33>>0x42a4
1f98:  61f31912           ld r3,<<25>>0x0012(r15)
1f9c:  5f00a1002568       call <<33>>0x2568
1fa2:  61f11912           ld r1,<<25>>0x0012(r15)
1fa6:  0b010000           cp r1,#0x0000
1faa:  e103               jr lt,0x1fb2
1fac:  0b010003           cp r1,#0x0003
1fb0:  e204               jr le,0x1fba
1fb2:  bd2d               ldk r2,#13
1fb4:  5f00840033f6       call <<4>>0x33f6
1fba:  8111               add r1,r1
1fbc:  6f17a100429c       ld <<33>>0x429c(r1),r7
1fc2:  69f01912           inc <<25>>0x0012(r15),#1
1fc6:  4df119120003       cp <<25>>0x0012(r15),#0x0003
1fcc:  e2e2               jr le,0x1f92
1fce:  7602840042f0       lda rr2,<<4>>0x42f0
1fd4:  bd40               ldk r4,#0
1fd6:  21050020           ld r5,#0x0020
1fda:  5f0084002814       call <<4>>0x2814
1fe0:  7602840042f0       lda rr2,<<4>>0x42f0
1fe6:  2104ffff           ld r4,#0xffff
1fea:  bd56               ldk r5,#6
1fec:  7606a100396a       lda rr6,<<33>>0x396a
1ff2:  5f008400285a       call <<4>>0x285a
1ff8:  7602840042f0       lda rr2,<<4>>0x42f0
1ffe:  bd42               ldk r4,#2
2000:  bd10               ldk r1,#0
2002:  0b010000           cp r1,#0x0000
2006:  e103               jr lt,0x200e
2008:  0b010003           cp r1,#0x0003
200c:  e204               jr le,0x2016
200e:  bd2d               ldk r2,#13
2010:  5f00840033f6       call <<4>>0x33f6
2016:  8111               add r1,r1
2018:  6115a100429c       ld r5,<<33>>0x429c(r1)
201e:  5f0084002814       call <<4>>0x2814
2024:  7602840042f0       lda rr2,<<4>>0x42f0
202a:  5f00840011f6       call <<4>>0x11f6
2030:  7602840042f0       lda rr2,<<4>>0x42f0
2036:  bd40               ldk r4,#0
2038:  21050020           ld r5,#0x0020
203c:  5f0084002814       call <<4>>0x2814
2042:  7602840042f0       lda rr2,<<4>>0x42f0
2048:  2104ffff           ld r4,#0xffff
204c:  bd56               ldk r5,#6
204e:  7606a1003964       lda rr6,<<33>>0x3964
2054:  5f008400285a       call <<4>>0x285a
205a:  7602840042f0       lda rr2,<<4>>0x42f0
2060:  bd42               ldk r4,#2
2062:  bd11               ldk r1,#1
2064:  0b010000           cp r1,#0x0000
2068:  e103               jr lt,0x2070
206a:  0b010003           cp r1,#0x0003
206e:  e204               jr le,0x2078
2070:  bd2d               ldk r2,#13
2072:  5f00840033f6       call <<4>>0x33f6
2078:  8111               add r1,r1
207a:  6115a100429c       ld r5,<<33>>0x429c(r1)
2080:  5f0084002814       call <<4>>0x2814
2086:  7602840042f0       lda rr2,<<4>>0x42f0
208c:  5f00840011f6       call <<4>>0x11f6
2092:  7602840042f0       lda rr2,<<4>>0x42f0
2098:  bd40               ldk r4,#0
209a:  21050020           ld r5,#0x0020
209e:  5f0084002814       call <<4>>0x2814
20a4:  7602840042f0       lda rr2,<<4>>0x42f0
20aa:  2104ffff           ld r4,#0xffff
20ae:  bd56               ldk r5,#6
20b0:  7606a100395e       lda rr6,<<33>>0x395e
20b6:  5f008400285a       call <<4>>0x285a
20bc:  7602840042f0       lda rr2,<<4>>0x42f0
20c2:  bd42               ldk r4,#2
20c4:  bd12               ldk r1,#2
20c6:  0b010000           cp r1,#0x0000
20ca:  e103               jr lt,0x20d2
20cc:  0b010003           cp r1,#0x0003
20d0:  e204               jr le,0x20da
20d2:  bd2d               ldk r2,#13
20d4:  5f00840033f6       call <<4>>0x33f6
20da:  8111               add r1,r1
20dc:  6115a100429c       ld r5,<<33>>0x429c(r1)
20e2:  5f0084002814       call <<4>>0x2814
20e8:  7602840042f0       lda rr2,<<4>>0x42f0
20ee:  5f00840011f6       call <<4>>0x11f6
20f4:  7602840042f0       lda rr2,<<4>>0x42f0
20fa:  bd40               ldk r4,#0
20fc:  21050020           ld r5,#0x0020
2100:  5f0084002814       call <<4>>0x2814
2106:  7602840042f0       lda rr2,<<4>>0x42f0
210c:  2104ffff           ld r4,#0xffff
2110:  bd56               ldk r5,#6
2112:  7606a1003958       lda rr6,<<33>>0x3958
2118:  5f008400285a       call <<4>>0x285a
211e:  7602840042f0       lda rr2,<<4>>0x42f0
2124:  bd42               ldk r4,#2
2126:  bd13               ldk r1,#3
2128:  0b010000           cp r1,#0x0000
212c:  e103               jr lt,0x2134
212e:  0b010003           cp r1,#0x0003
2132:  e204               jr le,0x213c
2134:  bd2d               ldk r2,#13
2136:  5f00840033f6       call <<4>>0x33f6
213c:  8111               add r1,r1
213e:  6115a100429c       ld r5,<<33>>0x429c(r1)
2144:  5f0084002814       call <<4>>0x2814
214a:  7602840042f0       lda rr2,<<4>>0x42f0
2150:  5f00840011f6       call <<4>>0x11f6
2156:  7602840042f0       lda rr2,<<4>>0x42f0
215c:  2104ffff           ld r4,#0xffff
2160:  21050017           ld r5,#0x0017
2164:  7606a1003940       lda rr6,<<33>>0x3940
216a:  5f008400285a       call <<4>>0x285a
2170:  7602840042f0       lda rr2,<<4>>0x42f0
2176:  5f00840011f6       call <<4>>0x11f6
217c:  7602840042f0       lda rr2,<<4>>0x42f0
2182:  2104ffff           ld r4,#0xffff
2186:  21050019           ld r5,#0x0019
218a:  7606a1003926       lda rr6,<<33>>0x3926
2190:  5f008400285a       call <<4>>0x285a
2196:  7602840042f0       lda rr2,<<4>>0x42f0
219c:  5f00840011f6       call <<4>>0x11f6
21a2:  5f0084004542       call <<4>>0x4542
21a8:  8cf4               testb rl7
21aa:  5e06a1001f80       jp z,<<33>>0x1f80
21b0:  010f0014           add r15,#0x0014
21b4:  9e08               ret 
21b6:  030f0014           sub r15,#0x0014
21ba:  0de50018           ld @rr14,#0x0018
21be:  4df81912           clr <<25>>0x0012(r15)
21c2:  7602840042f0       lda rr2,<<4>>0x42f0
21c8:  5f00840011f6       call <<4>>0x11f6
21ce:  7602840042f0       lda rr2,<<4>>0x42f0
21d4:  bd40               ldk r4,#0
21d6:  21050020           ld r5,#0x0020
21da:  5f0084002814       call <<4>>0x2814
21e0:  7602840042f0       lda rr2,<<4>>0x42f0
21e6:  2104ffff           ld r4,#0xffff
21ea:  21050025           ld r5,#0x0025
21ee:  7606a10039e2       lda rr6,<<33>>0x39e2
21f4:  5f008400285a       call <<4>>0x285a
21fa:  7602840042f0       lda rr2,<<4>>0x42f0
2200:  5f00840011f6       call <<4>>0x11f6
2206:  7602840042f0       lda rr2,<<4>>0x42f0
220c:  bd40               ldk r4,#0
220e:  21050020           ld r5,#0x0020
2212:  5f0084002814       call <<4>>0x2814
2218:  7602840042f0       lda rr2,<<4>>0x42f0
221e:  2104ffff           ld r4,#0xffff
2222:  21050024           ld r5,#0x0024
2226:  7606a10039be       lda rr6,<<33>>0x39be
222c:  5f008400285a       call <<4>>0x285a
2232:  7602840042f0       lda rr2,<<4>>0x42f0
2238:  5f00840011f6       call <<4>>0x11f6
223e:  7602840042f0       lda rr2,<<4>>0x42f0
2244:  bd40               ldk r4,#0
2246:  21050020           ld r5,#0x0020
224a:  5f0084002814       call <<4>>0x2814
2250:  7602840042f0       lda rr2,<<4>>0x42f0
2256:  2104ffff           ld r4,#0xffff
225a:  21050015           ld r5,#0x0015
225e:  7606a10039a8       lda rr6,<<33>>0x39a8
2264:  5f008400285a       call <<4>>0x285a
226a:  7602840042f0       lda rr2,<<4>>0x42f0
2270:  5f00840011f6       call <<4>>0x11f6
2276:  7602840042f0       lda rr2,<<4>>0x42f0
227c:  5f00840011f6       call <<4>>0x11f6
2282:  7602840042f0       lda rr2,<<4>>0x42f0
2288:  bd40               ldk r4,#0
228a:  bd53               ldk r5,#3
228c:  7606a10039a4       lda rr6,<<33>>0x39a4
2292:  5f008400285a       call <<4>>0x285a
2298:  7602840042f0       lda rr2,<<4>>0x42f0
229e:  bd40               ldk r4,#0
22a0:  bd51               ldk r5,#1
22a2:  5f0084002814       call <<4>>0x2814
22a8:  7602840042f0       lda rr2,<<4>>0x42f0
22ae:  2104ffff           ld r4,#0xffff
22b2:  21050010           ld r5,#0x0010
22b6:  7606a1003994       lda rr6,<<33>>0x3994
22bc:  5f008400285a       call <<4>>0x285a
22c2:  7602840042f0       lda rr2,<<4>>0x42f0
22c8:  5f00840011f6       call <<4>>0x11f6
22ce:  7602840042f0       lda rr2,<<4>>0x42f0
22d4:  2104ffff           ld r4,#0xffff
22d8:  21050010           ld r5,#0x0010
22dc:  7606a1003984       lda rr6,<<33>>0x3984
22e2:  5f008400285a       call <<4>>0x285a
22e8:  7602840042f0       lda rr2,<<4>>0x42f0
22ee:  bd44               ldk r4,#4
22f0:  61f51912           ld r5,<<25>>0x0012(r15)
22f4:  5f0084002814       call <<4>>0x2814
22fa:  7602840042f0       lda rr2,<<4>>0x42f0
2300:  5f00840011f6       call <<4>>0x11f6
2306:  34e20012           lda rr2,rr14(#0x0012)
230a:  bd40               ldk r4,#0
230c:  bd51               ldk r5,#1
230e:  21060019           ld r6,#0x0019
2312:  bd71               ldk r7,#1
2314:  5f00a1005512       call <<33>>0x5512
231a:  8cf4               testb rl7
231c:  e6d8               jr z,0x22ce
231e:  7602840042f0       lda rr2,<<4>>0x42f0
2324:  bd40               ldk r4,#0
2326:  bd53               ldk r5,#3
2328:  7606a1003980       lda rr6,<<33>>0x3980
232e:  5f008400285a       call <<4>>0x285a
2334:  7602840042f0       lda rr2,<<4>>0x42f0
233a:  2104ffff           ld r4,#0xffff
233e:  21050010           ld r5,#0x0010
2342:  7606a1003970       lda rr6,<<33>>0x3970
2348:  5f008400285a       call <<4>>0x285a
234e:  7602840042f0       lda rr2,<<4>>0x42f0
2354:  5f00840011f6       call <<4>>0x11f6
235a:  4df119120001       cp <<25>>0x0012(r15),#0x0001
2360:  ee03               jr nz,0x2368
2362:  5f00a10071f0       call <<33>>0x71f0
2368:  010f0014           add r15,#0x0014
236c:  9e08               ret 
236e:  030f0012           sub r15,#0x0012
2372:  0de50016           ld @rr14,#0x0016
2376:  5cf902051906       ldm <<25>>0x0006(r15),r2,#6
237c:  61f11906           ld r1,<<25>>0x0006(r15)
2380:  0b010001           cp r1,#0x0001
2384:  ee1e               jr nz,0x23c2
2386:  7602840042f0       lda rr2,<<4>>0x42f0
238c:  bd40               ldk r4,#0
238e:  140600000001       ldl rr6,#0x00000001
2394:  5f008400210c       call <<4>>0x210c
239a:  7602840042f0       lda rr2,<<4>>0x42f0
23a0:  2104ffff           ld r4,#0xffff
23a4:  21050023           ld r5,#0x0023
23a8:  7606a1003a3a       lda rr6,<<33>>0x3a3a
23ae:  5f008400285a       call <<4>>0x285a
23b4:  7602840042f0       lda rr2,<<4>>0x42f0
23ba:  5f00840011f6       call <<4>>0x11f6
23c0:  e846               jr 0x244e
23c2:  0b010002           cp r1,#0x0002
23c6:  ee1e               jr nz,0x2404
23c8:  7602840042f0       lda rr2,<<4>>0x42f0
23ce:  bd40               ldk r4,#0
23d0:  140600000002       ldl rr6,#0x00000002
23d6:  5f008400210c       call <<4>>0x210c
23dc:  7602840042f0       lda rr2,<<4>>0x42f0
23e2:  2104ffff           ld r4,#0xffff
23e6:  21050014           ld r5,#0x0014
23ea:  7606a1003a26       lda rr6,<<33>>0x3a26
23f0:  5f008400285a       call <<4>>0x285a
23f6:  7602840042f0       lda rr2,<<4>>0x42f0
23fc:  5f00840011f6       call <<4>>0x11f6
2402:  e825               jr 0x244e
2404:  0b010003           cp r1,#0x0003
2408:  ee1e               jr nz,0x2446
240a:  7602840042f0       lda rr2,<<4>>0x42f0
2410:  bd40               ldk r4,#0
2412:  140600000003       ldl rr6,#0x00000003
2418:  5f008400210c       call <<4>>0x210c
241e:  7602840042f0       lda rr2,<<4>>0x42f0
2424:  2104ffff           ld r4,#0xffff
2428:  2105001e           ld r5,#0x001e
242c:  7606a1003a08       lda rr6,<<33>>0x3a08
2432:  5f008400285a       call <<4>>0x285a
2438:  7602840042f0       lda rr2,<<4>>0x42f0
243e:  5f00840011f6       call <<4>>0x11f6
2444:  e804               jr 0x244e
2446:  bd20               ldk r2,#0
2448:  5f00840033f6       call <<4>>0x33f6
244e:  010f0012           add r15,#0x0012
2452:  9e08               ret 
2454:  7d24               ldctl r2,psapseg
2456:  7d35               ldctl r3,psap
2458:  7604a100249e       lda rr4,<<33>>0x249e
245e:  35260014           ldl rr6,rr2(#0x0014)
2462:  5d06a10042a6       ldl <<33>>0x42a6,rr6
2468:  37240014           ldl rr2(#0x0014),rr4
246c:  7604a10024a2       lda rr4,<<33>>0x24a2
2472:  35260024           ldl rr6,rr2(#0x0024)
2476:  5d06a10042aa       ldl <<33>>0x42aa,rr6
247c:  37240024           ldl rr2(#0x0024),rr4
2480:  7604a10024a6       lda rr4,<<33>>0x24a6
2486:  3526002c           ldl rr6,rr2(#0x002c)
248a:  5d06a10042ae       ldl <<33>>0x42ae,rr6
2490:  3724002c           ldl rr2(#0x002c),rr4
2494:  7c05               ei vi
2496:  5d0ea10042b2       ldl <<33>>0x42b2,rr14
249c:  9e08               ret 
249e:  bd21               ldk r2,#1
24a0:  e803               jr 0x24a8
24a2:  bd22               ldk r2,#2
24a4:  e801               jr 0x24a8
24a6:  bd23               ldk r2,#3
24a8:  5f00a100236e       call <<33>>0x236e
24ae:  e8ff               jr 0x24ae
24b0:  7c00               di nvi,vi
24b2:  7d24               ldctl r2,psapseg
24b4:  7d35               ldctl r3,psap
24b6:  5404a10042a6       ldl rr4,<<33>>0x42a6
24bc:  37240014           ldl rr2(#0x0014),rr4
24c0:  5404a10042aa       ldl rr4,<<33>>0x42aa
24c6:  37240024           ldl rr2(#0x0024),rr4
24ca:  5404a10042ae       ldl rr4,<<33>>0x42ae
24d0:  3724002c           ldl rr2(#0x002c),rr4
24d4:  7c05               ei vi
24d6:  9e08               ret 
24d8:  7c00               di nvi,vi
24da:  91e2               pushl @rr14,rr2
24dc:  91e4               pushl @rr14,rr4
24de:  91e6               pushl @rr14,rr6
24e0:  7d24               ldctl r2,psapseg
24e2:  7d35               ldctl r3,psap
24e4:  7604a10042b6       lda rr4,<<33>>0x42b6
24ea:  21060100           ld r6,#0x0100
24ee:  0103003c           add r3,#0x003c
24f2:  bb210640           ldir @rr4,@rr2,r6
24f6:  95e6               popl rr6,@rr14
24f8:  95e4               popl rr4,@rr14
24fa:  95e2               popl rr2,@rr14
24fc:  7c05               ei vi
24fe:  9e08               ret 
2500:  7c00               di nvi,vi
2502:  91e2               pushl @rr14,rr2
2504:  91e4               pushl @rr14,rr4
2506:  91e6               pushl @rr14,rr6
2508:  7d24               ldctl r2,psapseg
250a:  7d35               ldctl r3,psap
250c:  7604a10042b6       lda rr4,<<33>>0x42b6
2512:  21060100           ld r6,#0x0100
2516:  0103003c           add r3,#0x003c
251a:  bb410620           ldir @rr2,@rr4,r6
251e:  95e6               popl rr6,@rr14
2520:  95e4               popl rr4,@rr14
2522:  95e2               popl rr2,@rr14
2524:  7c05               ei vi
2526:  9e08               ret 
2528:  91e0               pushl @rr14,rr0
252a:  91e4               pushl @rr14,rr4
252c:  93e6               push @rr14,r6
252e:  21000080           ld r0,#0x0080
2532:  8d18               clr r1
2534:  a114               ld r4,r1
2536:  91e2               pushl @rr14,rr2
2538:  5f0084004592       call <<4>>0x4592
253e:  95e2               popl rr2,@rr14
2540:  a911               inc r1,#2
2542:  f088               djnz r0,0x2534
2544:  97e6               pop r6,@rr14
2546:  95e4               popl rr4,@rr14
2548:  95e0               popl rr0,@rr14
254a:  9e08               ret 
254c:  76069e000000       lda rr6,<<30>>0x0000
2552:  a167               ld r7,r6
2554:  acf7               exb rh7,rl7
2556:  a2f7               resb rl7,#7
2558:  9e08               ret 
255a:  7606a3000000       lda rr6,<<35>>0x0000
2560:  a167               ld r7,r6
2562:  acf7               exb rh7,rl7
2564:  a2f7               resb rl7,#7
2566:  9e08               ret 
2568:  27030200           bit r2,r3
256c:  e602               jr z,0x2572
256e:  bd71               ldk r7,#1
2570:  e801               jr 0x2574
2572:  8d78               clr r7
2574:  9e08               ret 
2576:  047c               orb rl4,@rr7
2578:  04ea               orb rl2,@rr14
257a:  0558               or r8,@rr5
257c:  05c4               or r4,@rr12
257e:  063e               andb rl6,@rr3
2580:  06d2               andb rh2,@rr13
2582:  0754               and r4,@rr5
2584:  07c2               and r2,@rr12
2586:  0830               xorb rh0,@rr3
2588:  089c               xorb rl4,@rr9
258a:  0916               xor r6,@rr1
258c:  09b6               xor r6,@rr11
258e:  532e3330           push @rr2,<<51>>0x0030(r14)
2592:  30302056           ldb rh0,rr3(#0x2056)
2596:  2e2f               ldb @rr2,rl7
2598:  532e562e           push @rr2,<<86>>0x002e(r14)
259c:  2055               ldb rh5,@rr5
259e:  43205445           sub r0,<<84>>0x0045(r2)
25a2:  53542020           push @rr5,<<32>>0x0020(r4)
25a6:  2020               ldb rh0,@rr2
25a8:  2020               ldb rh0,@rr2
25aa:  2020               ldb rh0,@rr2
25ac:  2020               ldb rh0,@rr2
25ae:  2020               ldb rh0,@rr2
25b0:  2020               ldb rh0,@rr2
25b2:  2020               ldb rh0,@rr2
25b4:  2020               ldb rh0,@rr2
25b6:  54455354           ldl rr5,<<83>>0x0054(r4)
25ba:  204e               ldb rl6,@rr4
25bc:  4f5420464f55       ext4f #0x4f542046,<<79>>0x0055
25c2:  4e44696e7400       ext4e #0x4e44696e,<<116>>0x0000
25c8:  2020               ldb rh0,@rr2
25ca:  2020               ldb rh0,@rr2
25cc:  202d               ldb rl5,@rr2
25ce:  5741524e           pop <<82>>0x004e(r1),@rr4
25d2:  494e473a           xor r14,<<71>>0x003a(r4)
25d6:  2054               ldb rh4,@rr5
25d8:  45535420           or r3,<<84>>0x0020(r5)
25dc:  534b4950           push @rr4,<<73>>0x0050(r11)
25e0:  50454400           cpl rr5,<<68>>0x0000(r4)
25e4:  2a31               decb @rr3,#2
25e6:  32292052           ldb rr2(#0x2052),rl1
25ea:  45534554           or r3,<<69>>0x0054(r5)
25ee:  2054               ldb rh4,@rr5
25f0:  45535400           or r3,<<84>>0x0000(r5)
25f4:  696e7400           inc <<116>>0x0000(r6),#15
25f8:  2020               ldb rh0,@rr2
25fa:  2020               ldb rh0,@rr2
25fc:  202d               ldb rl5,@rr2
25fe:  5741524e           pop <<82>>0x004e(r1),@rr4
2602:  494e473a           xor r14,<<71>>0x003a(r4)
2606:  2054               ldb rh4,@rr5
2608:  45535420           or r3,<<84>>0x0020(r5)
260c:  534b4950           push @rr4,<<73>>0x0050(r11)
2610:  50454400           cpl rr5,<<68>>0x0000(r4)
2614:  2a31               decb @rr3,#2
2616:  31292044           ld r9,rr2(#0x2044)
261a:  49502d53           xor r0,<<45>>0x0053(r5)
261e:  57495443           pop <<84>>0x0043(r9),@rr4
2622:  48455320           xorb rh5,<<83>>0x0020(r4)
2626:  54455354           ldl rr5,<<83>>0x0054(r4)
262a:  696e7400           inc <<116>>0x0000(r6),#15
262e:  2031               ldb rh1,@rr3
2630:  30292045           ldb rl1,rr2(#0x2045)
2634:  41524f4d           add r2,<<79>>0x004d(r5)
2638:  2054               ldb rh4,@rr5
263a:  45535400           or r3,<<84>>0x0000(r5)
263e:  696e7400           inc <<116>>0x0000(r6),#15
2642:  2020               ldb rh0,@rr2
2644:  3929               .word #0x3929
2646:  2052               ldb rh2,@rr5
2648:  4f4d20544553       ext4f #0x4f4d2054,<<69>>0x0053
264e:  5400696e           ldl rr0,<<105>>0x006e
2652:  7400               .word #0x7400
2654:  2020               ldb rh0,@rr2
2656:  3829               .word #0x3829
2658:  2056               ldb rh6,@rr5
265a:  4543544f           or r3,<<84>>0x004f(r4)
265e:  52454420           subl rr5,<<68>>0x0020(r4)
2662:  494e5445           xor r14,<<84>>0x0045(r4)
2666:  52525550           subl rr2,<<85>>0x0050(r5)
266a:  54205445           ldl rr0,<<84>>0x0045(r2)
266e:  5354696e           push @rr5,<<105>>0x006e(r4)
2672:  7400               .word #0x7400
2674:  2020               ldb rh0,@rr2
2676:  3729204e           ldl rr2(#0x204e),rr9
267a:  4f5420564543       ext4f #0x4f542056,<<69>>0x0043
2680:  544f5245           ldl rr15,<<82>>0x0045(r4)
2684:  4420494e           orb rh0,<<73>>0x004e(r2)
2688:  54455252           ldl rr5,<<82>>0x0052(r4)
268c:  55505420           popl <<84>>0x0020,@rr5
2690:  54455354           ldl rr5,<<83>>0x0054(r4)
2694:  696e7400           inc <<116>>0x0000(r6),#15
2698:  2020               ldb rh0,@rr2
269a:  3629               .word #0x3629
269c:  2041               ldb rh1,@rr4
269e:  43494120           sub r9,<<65>>0x0020(r4)
26a2:  54455354           ldl rr5,<<83>>0x0054(r4)
26a6:  696e7400           inc <<116>>0x0000(r6),#15
26aa:  2020               ldb rh0,@rr2
26ac:  3529204d           ldl rr9,rr2(#0x204d)
26b0:  4d5531202620       ld <<49>>0x0020(r5),#0x2620
26b6:  4d4d               .word #0x4d4d
26b8:  55322054           popl <<32>>0x0054(r2),@rr3
26bc:  4553543a           or r3,<<84>>0x003a(r5)
26c0:  204d               ldb rl5,@rr4
26c2:  2e35               ldb @rr3,rh5
26c4:  34202837           lda rr0,rr2(#0x2837)
26c8:  2229               resb @rr2,#9
26ca:  696e7400           inc <<116>>0x0000(r6),#15
26ce:  2020               ldb rh0,@rr2
26d0:  3429204d           lda rr9,rr2(#0x204d)
26d4:  4d5531205445       ld <<49>>0x0020(r5),#0x5445
26da:  53543a20           push @rr5,<<58>>0x0020(r4)
26de:  4d2e               .word #0x4d2e
26e0:  34342020           lda rr4,rr3(#0x2020)
26e4:  2837               incb @rr3,#8
26e6:  2229               resb @rr2,#9
26e8:  696e7400           inc <<116>>0x0000(r6),#15
26ec:  2020               ldb rh0,@rr2
26ee:  33292054           ld rr2(#0x2054),r9
26f2:  494d4552           xor r13,<<69>>0x0052(r4)
26f6:  2054               ldb rh4,@rr5
26f8:  45535400           or r3,<<84>>0x0000(r5)
26fc:  696e7400           inc <<116>>0x0000(r6),#15
2700:  2020               ldb rh0,@rr2
2702:  3229204d           ldb rr2(#0x204d),rl1
2706:  4153544f           add r3,<<84>>0x004f(r5)
270a:  2026               ldb rh6,@rr2
270c:  2056               ldb rh6,@rr5
270e:  49454e4f           xor r5,<<78>>0x004f(r4)
2712:  2053               ldb rh3,@rr5
2714:  49474e41           xor r7,<<78>>0x0041(r4)
2718:  4c205445           comb <<84>>0x0045(r2)
271c:  5354696e           push @rr5,<<105>>0x006e(r4)
2720:  7400               .word #0x7400
2722:  2020               ldb rh0,@rr2
2724:  31292054           ld r9,rr2(#0x2054)
2728:  52415020           subl rr1,<<80>>0x0020(r4)
272c:  52455155           subl rr5,<<81>>0x0055(r4)
2730:  45535420           or r3,<<84>>0x0020(r5)
2734:  54455354           ldl rr5,<<83>>0x0054(r4)
2738:  696e7400           inc <<116>>0x0000(r6),#15
273c:  532e3330           push @rr2,<<51>>0x0030(r14)
2740:  30302056           ldb rh0,rr3(#0x2056)
2744:  2e2f               ldb @rr2,rl7
2746:  532e562e           push @rr2,<<86>>0x002e(r14)
274a:  2055               ldb rh5,@rr5
274c:  43205445           sub r0,<<84>>0x0045(r2)
2750:  53542020           push @rr5,<<32>>0x0020(r4)
2754:  2020               ldb rh0,@rr2
2756:  2020               ldb rh0,@rr2
2758:  2020               ldb rh0,@rr2
275a:  2020               ldb rh0,@rr2
275c:  2020               ldb rh0,@rr2
275e:  2020               ldb rh0,@rr2
2760:  2020               ldb rh0,@rr2
2762:  2020               ldb rh0,@rr2
2764:  2253               resb @rr5,#3
2766:  4b495022           cp r9,<<80>>0x0022(r4)
276a:  2054               ldb rh4,@rr5
276c:  4f20474f2042       ext4f #0x4f20474f,<<32>>0x0042
2772:  41434b20           add r3,<<75>>0x0020(r4)
2776:  544f204d           ldl rr15,<<32>>0x004d(r4)
277a:  454e5500           or r14,<<85>>0x0000(r4)
277e:  48495420           xorb rl1,<<84>>0x0020(r4)
2782:  2245               resb @rr4,#5
2784:  4e5445522220       ext4e #0x4e544552,<<34>>0x0020
278a:  544f2047           ldl rr15,<<32>>0x0047(r4)
278e:  4f204f4e204f       ext4f #0x4f204f4e,<<32>>0x004f
2794:  52002a31           subl rr0,<<42>>0x0031
2798:  32292052           ldb rr2(#0x2052),rl1
279c:  45534554           or r3,<<69>>0x0054(r5)
27a0:  2054               ldb rh4,@rr5
27a2:  45535420           or r3,<<84>>0x0020(r5)
27a6:  2020               ldb rh0,@rr2
27a8:  2020               ldb rh0,@rr2
27aa:  2020               ldb rh0,@rr2
27ac:  2020               ldb rh0,@rr2
27ae:  2020               ldb rh0,@rr2
27b0:  2020               ldb rh0,@rr2
27b2:  2020               ldb rh0,@rr2
27b4:  2020               ldb rh0,@rr2
27b6:  2020               ldb rh0,@rr2
27b8:  2020               ldb rh0,@rr2
27ba:  2020               ldb rh0,@rr2
27bc:  2020               ldb rh0,@rr2
27be:  2a31               decb @rr3,#2
27c0:  31292044           ld r9,rr2(#0x2044)
27c4:  49502d53           xor r0,<<45>>0x0053(r5)
27c8:  57495443           pop <<84>>0x0043(r9),@rr4
27cc:  48455320           xorb rh5,<<83>>0x0020(r4)
27d0:  54455354           ldl rr5,<<83>>0x0054(r4)
27d4:  2020               ldb rh0,@rr2
27d6:  2020               ldb rh0,@rr2
27d8:  2020               ldb rh0,@rr2
27da:  2020               ldb rh0,@rr2
27dc:  2020               ldb rh0,@rr2
27de:  2020               ldb rh0,@rr2
27e0:  2020               ldb rh0,@rr2
27e2:  2020               ldb rh0,@rr2
27e4:  2020               ldb rh0,@rr2
27e6:  2031               ldb rh1,@rr3
27e8:  30292045           ldb rl1,rr2(#0x2045)
27ec:  41524f4d           add r2,<<79>>0x004d(r5)
27f0:  2054               ldb rh4,@rr5
27f2:  45535420           or r3,<<84>>0x0020(r5)
27f6:  284e               incb @rr4,#15
27f8:  4f5420414348       ext4f #0x4f542041,<<67>>0x0048
27fe:  49455641           xor r5,<<86>>0x0041(r4)
2802:  424c4529           subb rl4,<<69>>0x0029(r4)
2806:  2020               ldb rh0,@rr2
2808:  2020               ldb rh0,@rr2
280a:  2020               ldb rh0,@rr2
280c:  2020               ldb rh0,@rr2
280e:  2031               ldb rh1,@rr3
2810:  30292045           ldb rl1,rr2(#0x2045)
2814:  41524f4d           add r2,<<79>>0x004d(r5)
2818:  2054               ldb rh4,@rr5
281a:  45535420           or r3,<<84>>0x0020(r5)
281e:  2020               ldb rh0,@rr2
2820:  2020               ldb rh0,@rr2
2822:  2020               ldb rh0,@rr2
2824:  2020               ldb rh0,@rr2
2826:  2020               ldb rh0,@rr2
2828:  2020               ldb rh0,@rr2
282a:  2020               ldb rh0,@rr2
282c:  2020               ldb rh0,@rr2
282e:  2020               ldb rh0,@rr2
2830:  2020               ldb rh0,@rr2
2832:  2020               ldb rh0,@rr2
2834:  2020               ldb rh0,@rr2
2836:  2020               ldb rh0,@rr2
2838:  3929               .word #0x3929
283a:  2052               ldb rh2,@rr5
283c:  4f4d20544553       ext4f #0x4f4d2054,<<69>>0x0053
2842:  54202020           ldl rr0,<<32>>0x0020(r2)
2846:  2020               ldb rh0,@rr2
2848:  2020               ldb rh0,@rr2
284a:  2020               ldb rh0,@rr2
284c:  2020               ldb rh0,@rr2
284e:  2020               ldb rh0,@rr2
2850:  2020               ldb rh0,@rr2
2852:  2020               ldb rh0,@rr2
2854:  2020               ldb rh0,@rr2
2856:  2020               ldb rh0,@rr2
2858:  2020               ldb rh0,@rr2
285a:  2020               ldb rh0,@rr2
285c:  2020               ldb rh0,@rr2
285e:  2020               ldb rh0,@rr2
2860:  3829               .word #0x3829
2862:  2056               ldb rh6,@rr5
2864:  4543544f           or r3,<<84>>0x004f(r4)
2868:  52454420           subl rr5,<<68>>0x0020(r4)
286c:  494e5445           xor r14,<<84>>0x0045(r4)
2870:  52525550           subl rr2,<<85>>0x0050(r5)
2874:  54205445           ldl rr0,<<84>>0x0045(r2)
2878:  53542020           push @rr5,<<32>>0x0020(r4)
287c:  2020               ldb rh0,@rr2
287e:  2020               ldb rh0,@rr2
2880:  2020               ldb rh0,@rr2
2882:  2020               ldb rh0,@rr2
2884:  2020               ldb rh0,@rr2
2886:  2020               ldb rh0,@rr2
2888:  3729204e           ldl rr2(#0x204e),rr9
288c:  4f5420564543       ext4f #0x4f542056,<<69>>0x0043
2892:  544f5245           ldl rr15,<<82>>0x0045(r4)
2896:  4420494e           orb rh0,<<73>>0x004e(r2)
289a:  54455252           ldl rr5,<<82>>0x0052(r4)
289e:  55505420           popl <<84>>0x0020,@rr5
28a2:  54455354           ldl rr5,<<83>>0x0054(r4)
28a6:  2020               ldb rh0,@rr2
28a8:  2020               ldb rh0,@rr2
28aa:  2020               ldb rh0,@rr2
28ac:  2020               ldb rh0,@rr2
28ae:  2020               ldb rh0,@rr2
28b0:  3629               .word #0x3629
28b2:  2041               ldb rh1,@rr4
28b4:  43494120           sub r9,<<65>>0x0020(r4)
28b8:  54455354           ldl rr5,<<83>>0x0054(r4)
28bc:  2020               ldb rh0,@rr2
28be:  2020               ldb rh0,@rr2
28c0:  2020               ldb rh0,@rr2
28c2:  2020               ldb rh0,@rr2
28c4:  2020               ldb rh0,@rr2
28c6:  2020               ldb rh0,@rr2
28c8:  2020               ldb rh0,@rr2
28ca:  2020               ldb rh0,@rr2
28cc:  2020               ldb rh0,@rr2
28ce:  2020               ldb rh0,@rr2
28d0:  2020               ldb rh0,@rr2
28d2:  2020               ldb rh0,@rr2
28d4:  2020               ldb rh0,@rr2
28d6:  2020               ldb rh0,@rr2
28d8:  3529204d           ldl rr9,rr2(#0x204d)
28dc:  4d5531202620       ld <<49>>0x0020(r5),#0x2620
28e2:  4d4d               .word #0x4d4d
28e4:  55322054           popl <<32>>0x0054(r2),@rr3
28e8:  4553543a           or r3,<<84>>0x003a(r5)
28ec:  204d               ldb rl5,@rr4
28ee:  2e35               ldb @rr3,rh5
28f0:  34202837           lda rr0,rr2(#0x2837)
28f4:  2229               resb @rr2,#9
28f6:  2020               ldb rh0,@rr2
28f8:  2020               ldb rh0,@rr2
28fa:  2020               ldb rh0,@rr2
28fc:  2020               ldb rh0,@rr2
28fe:  2020               ldb rh0,@rr2
2900:  3429204d           lda rr9,rr2(#0x204d)
2904:  4d5531205445       ld <<49>>0x0020(r5),#0x5445
290a:  53543a20           push @rr5,<<58>>0x0020(r4)
290e:  4d2e               .word #0x4d2e
2910:  34342020           lda rr4,rr3(#0x2020)
2914:  2837               incb @rr3,#8
2916:  2229               resb @rr2,#9
2918:  2020               ldb rh0,@rr2
291a:  2020               ldb rh0,@rr2
291c:  2020               ldb rh0,@rr2
291e:  2020               ldb rh0,@rr2
2920:  2020               ldb rh0,@rr2
2922:  2020               ldb rh0,@rr2
2924:  2020               ldb rh0,@rr2
2926:  2020               ldb rh0,@rr2
2928:  33292054           ld rr2(#0x2054),r9
292c:  494d4552           xor r13,<<69>>0x0052(r4)
2930:  2054               ldb rh4,@rr5
2932:  45535420           or r3,<<84>>0x0020(r5)
2936:  2020               ldb rh0,@rr2
2938:  2020               ldb rh0,@rr2
293a:  2020               ldb rh0,@rr2
293c:  2020               ldb rh0,@rr2
293e:  2020               ldb rh0,@rr2
2940:  2020               ldb rh0,@rr2
2942:  2020               ldb rh0,@rr2
2944:  2020               ldb rh0,@rr2
2946:  2020               ldb rh0,@rr2
2948:  2020               ldb rh0,@rr2
294a:  2020               ldb rh0,@rr2
294c:  2020               ldb rh0,@rr2
294e:  2020               ldb rh0,@rr2
2950:  3229204d           ldb rr2(#0x204d),rl1
2954:  4153544f           add r3,<<84>>0x004f(r5)
2958:  2026               ldb rh6,@rr2
295a:  2056               ldb rh6,@rr5
295c:  49454e4f           xor r5,<<78>>0x004f(r4)
2960:  2053               ldb rh3,@rr5
2962:  49474e41           xor r7,<<78>>0x0041(r4)
2966:  4c205445           comb <<84>>0x0045(r2)
296a:  53542020           push @rr5,<<32>>0x0020(r4)
296e:  2020               ldb rh0,@rr2
2970:  2020               ldb rh0,@rr2
2972:  2020               ldb rh0,@rr2
2974:  2020               ldb rh0,@rr2
2976:  2020               ldb rh0,@rr2
2978:  31292054           ld r9,rr2(#0x2054)
297c:  52415020           subl rr1,<<80>>0x0020(r4)
2980:  52455155           subl rr5,<<81>>0x0055(r4)
2984:  45535420           or r3,<<84>>0x0020(r5)
2988:  54455354           ldl rr5,<<83>>0x0054(r4)
298c:  2020               ldb rh0,@rr2
298e:  2020               ldb rh0,@rr2
2990:  2020               ldb rh0,@rr2
2992:  2020               ldb rh0,@rr2
2994:  2020               ldb rh0,@rr2
2996:  2020               ldb rh0,@rr2
2998:  2020               ldb rh0,@rr2
299a:  2020               ldb rh0,@rr2
299c:  2020               ldb rh0,@rr2
299e:  55435633           popl <<86>>0x0033(r3),@rr4
29a2:  3035532e           ldb rh5,rr3(#0x532e)
29a6:  33303030           ld rr3(#0x3030),r0
29aa:  2056               ldb rh6,@rr5
29ac:  2e2f               ldb @rr2,rl7
29ae:  532e562e           push @rr2,<<86>>0x002e(r14)
29b2:  2055               ldb rh5,@rr5
29b4:  43205445           sub r0,<<84>>0x0045(r2)
29b8:  53542020           push @rr5,<<32>>0x0020(r4)
29bc:  2020               ldb rh0,@rr2
29be:  2020               ldb rh0,@rr2
29c0:  2020               ldb rh0,@rr2
29c2:  2020               ldb rh0,@rr2
29c4:  2020               ldb rh0,@rr2
29c6:  2020               ldb rh0,@rr2
29c8:  2020               ldb rh0,@rr2
29ca:  2020               ldb rh0,@rr2
29cc:  2020               ldb rh0,@rr2
29ce:  2020               ldb rh0,@rr2
29d0:  2020               ldb rh0,@rr2
29d2:  2020               ldb rh0,@rr2
29d4:  2020               ldb rh0,@rr2
29d6:  2020               ldb rh0,@rr2
29d8:  2020               ldb rh0,@rr2
29da:  2020               ldb rh0,@rr2
29dc:  2020               ldb rh0,@rr2
29de:  2020               ldb rh0,@rr2
29e0:  2020               ldb rh0,@rr2
29e2:  2020               ldb rh0,@rr2
29e4:  20007669           ldb rh0,#0x69
29e8:  64005245           setb <<82>>0x0045,#0
29ec:  53455420           push @rr4,<<84>>0x0020(r5)
29f0:  54455354           ldl rr5,<<83>>0x0054(r4)
29f4:  203f               ldb rl7,@rr3
29f6:  2020               ldb rh0,@rr2
29f8:  2020               ldb rh0,@rr2
29fa:  2020               ldb rh0,@rr2
29fc:  2020               ldb rh0,@rr2
29fe:  2020               ldb rh0,@rr2
2a00:  2020               ldb rh0,@rr2
2a02:  2020               ldb rh0,@rr2
2a04:  2030               ldb rh0,@rr3
2a06:  203d               ldb rl5,@rr3
2a08:  204e               ldb rl6,@rr4
2a0a:  4f202f203120       ext4f #0x4f202f20,<<49>>0x0020
2a10:  3d20               in r0,@r2
2a12:  59455320           mult rr5,<<83>>0x0020(r4)
2a16:  2020               ldb rh0,@rr2
2a18:  2020               ldb rh0,@rr2
2a1a:  76696400           lda rr9,<<100>>0x0000(r6)
2a1e:  2020               ldb rh0,@rr2
2a20:  2020               ldb rh0,@rr2
2a22:  2020               ldb rh0,@rr2
2a24:  2020               ldb rh0,@rr2
2a26:  2020               ldb rh0,@rr2
2a28:  2020               ldb rh0,@rr2
2a2a:  2020               ldb rh0,@rr2
2a2c:  2020               ldb rh0,@rr2
2a2e:  2020               ldb rh0,@rr2
2a30:  2020               ldb rh0,@rr2
2a32:  2020               ldb rh0,@rr2
2a34:  2020               ldb rh0,@rr2
2a36:  20007669           ldb rh0,#0x69
2a3a:  64004449           setb <<68>>0x0049,#0
2a3e:  502d5357           cpl rr13,<<83>>0x0057(r2)
2a42:  49544348           xor r4,<<67>>0x0048(r5)
2a46:  45532054           or r3,<<32>>0x0054(r5)
2a4a:  45535420           or r3,<<84>>0x0020(r5)
2a4e:  3f20               out @r2,r0
2a50:  2020               ldb rh0,@rr2
2a52:  2020               ldb rh0,@rr2
2a54:  2020               ldb rh0,@rr2
2a56:  2030               ldb rh0,@rr3
2a58:  203d               ldb rl5,@rr3
2a5a:  204e               ldb rl6,@rr4
2a5c:  4f202f203120       ext4f #0x4f202f20,<<49>>0x0020
2a62:  3d20               in r0,@r2
2a64:  59455320           mult rr5,<<83>>0x0020(r4)
2a68:  2020               ldb rh0,@rr2
2a6a:  2020               ldb rh0,@rr2
2a6c:  76696400           lda rr9,<<100>>0x0000(r6)
2a70:  2020               ldb rh0,@rr2
2a72:  2020               ldb rh0,@rr2
2a74:  2020               ldb rh0,@rr2
2a76:  2020               ldb rh0,@rr2
2a78:  2020               ldb rh0,@rr2
2a7a:  2020               ldb rh0,@rr2
2a7c:  2020               ldb rh0,@rr2
2a7e:  2020               ldb rh0,@rr2
2a80:  2020               ldb rh0,@rr2
2a82:  2020               ldb rh0,@rr2
2a84:  2020               ldb rh0,@rr2
2a86:  2020               ldb rh0,@rr2
2a88:  20007669           ldb rh0,#0x69
2a8c:  64004953           setb <<73>>0x0053,#0
2a90:  2054               ldb rh4,@rr5
2a92:  48455245           xorb rh5,<<82>>0x0045(r4)
2a96:  2054               ldb rh4,@rr5
2a98:  48452044           xorb rh5,<<32>>0x0044(r4)
2a9c:  4941472e           xor r1,<<71>>0x002e(r4)
2aa0:  204c               ldb rl4,@rr4
2aa2:  4f4f503f2020       ext4f #0x4f4f503f,<<32>>0x0020
2aa8:  2030               ldb rh0,@rr3
2aaa:  203d               ldb rl5,@rr3
2aac:  204e               ldb rl6,@rr4
2aae:  4f202f203120       ext4f #0x4f202f20,<<49>>0x0020
2ab4:  3d20               in r0,@r2
2ab6:  59455320           mult rr5,<<83>>0x0020(r4)
2aba:  2020               ldb rh0,@rr2
2abc:  2020               ldb rh0,@rr2
2abe:  76696400           lda rr9,<<100>>0x0000(r6)
2ac2:  2020               ldb rh0,@rr2
2ac4:  2020               ldb rh0,@rr2
2ac6:  2020               ldb rh0,@rr2
2ac8:  2020               ldb rh0,@rr2
2aca:  2020               ldb rh0,@rr2
2acc:  2020               ldb rh0,@rr2
2ace:  2020               ldb rh0,@rr2
2ad0:  2020               ldb rh0,@rr2
2ad2:  2020               ldb rh0,@rr2
2ad4:  2020               ldb rh0,@rr2
2ad6:  2020               ldb rh0,@rr2
2ad8:  2020               ldb rh0,@rr2
2ada:  20007669           ldb rh0,#0x69
2ade:  64004541           setb <<69>>0x0041,#0
2ae2:  524f4d20           subl rr15,<<77>>0x0020(r4)
2ae6:  54595045           ldl rr9,<<80>>0x0045(r5)
2aea:  203f               ldb rl7,@rr3
2aec:  2020               ldb rh0,@rr2
2aee:  2020               ldb rh0,@rr2
2af0:  2020               ldb rh0,@rr2
2af2:  2830               incb @rr3,#1
2af4:  2d31               ex r1,@rr3
2af6:  2920               inc @rr2,#1
2af8:  2020               ldb rh0,@rr2
2afa:  2030               ldb rh0,@rr3
2afc:  3d32               in r2,@r3
2afe:  32313020           ldb rr3(#0x3020),rh1
2b02:  2f20               ld @rr2,r0
2b04:  313d3232           ld r13,rr3(#0x3232)
2b08:  31322020           ld r2,rr3(#0x2020)
2b0c:  2020               ldb rh0,@rr2
2b0e:  2020               ldb rh0,@rr2
2b10:  76696400           lda rr9,<<100>>0x0000(r6)
2b14:  2020               ldb rh0,@rr2
2b16:  2020               ldb rh0,@rr2
2b18:  2020               ldb rh0,@rr2
2b1a:  2020               ldb rh0,@rr2
2b1c:  2020               ldb rh0,@rr2
2b1e:  2020               ldb rh0,@rr2
2b20:  2020               ldb rh0,@rr2
2b22:  2020               ldb rh0,@rr2
2b24:  2020               ldb rh0,@rr2
2b26:  2020               ldb rh0,@rr2
2b28:  2020               ldb rh0,@rr2
2b2a:  2020               ldb rh0,@rr2
2b2c:  20007669           ldb rh0,#0x69
2b30:  64004953           setb <<73>>0x0053,#0
2b34:  2054               ldb rh4,@rr5
2b36:  48455245           xorb rh5,<<82>>0x0045(r4)
2b3a:  2045               ldb rh5,@rr4
2b3c:  41524f4d           add r2,<<79>>0x004d(r5)
2b40:  203f               ldb rl7,@rr3
2b42:  2020               ldb rh0,@rr2
2b44:  2830               incb @rr3,#1
2b46:  2d31               ex r1,@rr3
2b48:  2920               inc @rr2,#1
2b4a:  2020               ldb rh0,@rr2
2b4c:  2030               ldb rh0,@rr3
2b4e:  203d               ldb rl5,@rr3
2b50:  204e               ldb rl6,@rr4
2b52:  4f202f203120       ext4f #0x4f202f20,<<49>>0x0020
2b58:  3d20               in r0,@r2
2b5a:  59455320           mult rr5,<<83>>0x0020(r4)
2b5e:  2020               ldb rh0,@rr2
2b60:  2020               ldb rh0,@rr2
2b62:  76696400           lda rr9,<<100>>0x0000(r6)
2b66:  2020               ldb rh0,@rr2
2b68:  2020               ldb rh0,@rr2
2b6a:  2020               ldb rh0,@rr2
2b6c:  2020               ldb rh0,@rr2
2b6e:  2020               ldb rh0,@rr2
2b70:  2020               ldb rh0,@rr2
2b72:  2020               ldb rh0,@rr2
2b74:  2020               ldb rh0,@rr2
2b76:  2020               ldb rh0,@rr2
2b78:  2020               ldb rh0,@rr2
2b7a:  2020               ldb rh0,@rr2
2b7c:  2020               ldb rh0,@rr2
2b7e:  20007669           ldb rh0,#0x69
2b82:  6400524f           setb <<82>>0x004f,#0
2b86:  4d205349           com <<83>>0x0049(r2)
2b8a:  5a45203f           divl rq5,<<32>>0x003f(r4)
2b8e:  2020               ldb rh0,@rr2
2b90:  2020               ldb rh0,@rr2
2b92:  2020               ldb rh0,@rr2
2b94:  2020               ldb rh0,@rr2
2b96:  2830               incb @rr3,#1
2b98:  2d31               ex r1,@rr3
2b9a:  2920               inc @rr2,#1
2b9c:  2020               ldb rh0,@rr2
2b9e:  2030               ldb rh0,@rr3
2ba0:  3d31               in r1,@r3
2ba2:  364b               .word #0x364b
2ba4:  3820               .word #0x3820
2ba6:  2f20               ld @rr2,r0
2ba8:  313d3332           ld r13,rr3(#0x3332)
2bac:  4b382020           cp r8,<<32>>0x0020(r3)
2bb0:  2020               ldb rh0,@rr2
2bb2:  2020               ldb rh0,@rr2
2bb4:  76696400           lda rr9,<<100>>0x0000(r6)
2bb8:  2020               ldb rh0,@rr2
2bba:  2020               ldb rh0,@rr2
2bbc:  2020               ldb rh0,@rr2
2bbe:  2020               ldb rh0,@rr2
2bc0:  2020               ldb rh0,@rr2
2bc2:  2020               ldb rh0,@rr2
2bc4:  2020               ldb rh0,@rr2
2bc6:  2020               ldb rh0,@rr2
2bc8:  2020               ldb rh0,@rr2
2bca:  2020               ldb rh0,@rr2
2bcc:  2020               ldb rh0,@rr2
2bce:  2020               ldb rh0,@rr2
2bd0:  20007669           ldb rh0,#0x69
2bd4:  64005543           setb <<85>>0x0043,#0
2bd8:  2054               ldb rh4,@rr5
2bda:  59504520           mult rr0,<<69>>0x0020(r5)
2bde:  3f20               out @r2,r0
2be0:  2020               ldb rh0,@rr2
2be2:  2020               ldb rh0,@rr2
2be4:  2020               ldb rh0,@rr2
2be6:  2020               ldb rh0,@rr2
2be8:  2830               incb @rr3,#1
2bea:  2d31               ex r1,@rr3
2bec:  2920               inc @rr2,#1
2bee:  2020               ldb rh0,@rr2
2bf0:  2030               ldb rh0,@rr3
2bf2:  3d33               in r3,@r3
2bf4:  30303056           ldb rh0,rr3(#0x3056)
2bf8:  202f               ldb rl7,@rr2
2bfa:  2031               ldb rh1,@rr3
2bfc:  3d33               in r3,@r3
2bfe:  30303053           ldb rh0,rr3(#0x3053)
2c02:  56202020           addl rr0,<<32>>0x0020(r2)
2c06:  76696400           lda rr9,<<100>>0x0000(r6)
2c0a:  50415241           cpl rr1,<<82>>0x0041(r4)
2c0e:  4d4554455253       ld <<84>>0x0045(r4),#0x5253
2c14:  2020               ldb rh0,@rr2
2c16:  2020               ldb rh0,@rr2
2c18:  2020               ldb rh0,@rr2
2c1a:  2020               ldb rh0,@rr2
2c1c:  52414e47           subl rr1,<<78>>0x0047(r4)
2c20:  45202020           or r0,<<32>>0x0020(r2)
2c24:  44454641           orb rh5,<<70>>0x0041(r4)
2c28:  554c5420           popl <<84>>0x0020(r12),@rr4
2c2c:  2056               ldb rh6,@rr5
2c2e:  414c5545           add r12,<<85>>0x0045(r4)
2c32:  2020               ldb rh0,@rr2
2c34:  2020               ldb rh0,@rr2
2c36:  202d               ldb rl5,@rr2
2c38:  434f554e           sub r15,<<85>>0x004e(r4)
2c3c:  54455220           ldl rr5,<<82>>0x0020(r4)
2c40:  32205445           ldb rr2(#0x5445),rh0
2c44:  53542020           push @rr5,<<32>>0x0020(r4)
2c48:  2020               ldb rh0,@rr2
2c4a:  202d               ldb rl5,@rr2
2c4c:  434f554e           sub r15,<<85>>0x004e(r4)
2c50:  54455220           ldl rr5,<<82>>0x0020(r4)
2c54:  31205445           ld r0,rr2(#0x5445)
2c58:  53542020           push @rr5,<<32>>0x0020(r4)
2c5c:  2020               ldb rh0,@rr2
2c5e:  202d               ldb rl5,@rr2
2c60:  434f554e           sub r15,<<85>>0x004e(r4)
2c64:  54455220           ldl rr5,<<82>>0x0020(r4)
2c68:  30205445           ldb rh0,rr2(#0x5445)
2c6c:  53542020           push @rr5,<<32>>0x0020(r4)
2c70:  2020               ldb rh0,@rr2
2c72:  2020               ldb rh0,@rr2
2c74:  414e4420           add r14,<<68>>0x0020(r4)
2c78:  52584420           subl rr8,<<68>>0x0020(r5)
2c7c:  5349474e           push @rr4,<<71>>0x004e(r9)
2c80:  414c2054           add r12,<<32>>0x0054(r4)
2c84:  45535400           or r3,<<84>>0x0000(r5)
2c88:  2020               ldb rh0,@rr2
2c8a:  2020               ldb rh0,@rr2
2c8c:  202d               ldb rl5,@rr2
2c8e:  494e5445           xor r14,<<84>>0x0045(r4)
2c92:  524e414c           subl rr14,<<65>>0x004c(r4)
2c96:  204c               ldb rl4,@rr4
2c98:  4f474943204c       ext4f #0x4f474943,<<32>>0x004c
2c9e:  4f4f50204f46       ext4f #0x4f4f5020,<<79>>0x0046
2ca4:  2054               ldb rh4,@rr5
2ca6:  48452054           xorb rh5,<<32>>0x0054(r4)
2caa:  58442000           multl rq4,<<32>>0x0000(r4)
2cae:  2020               ldb rh0,@rr2
2cb0:  2020               ldb rh0,@rr2
2cb2:  2020               ldb rh0,@rr2
2cb4:  454e4142           or r14,<<65>>0x0042(r4)
2cb8:  4c4520544553       ldb <<32>>0x0054(r4),#0x53
2cbe:  54002020           ldl rr0,<<32>>0x0020
2cc2:  2020               ldb rh0,@rr2
2cc4:  202d               ldb rl5,@rr2
2cc6:  41434941           add r3,<<73>>0x0041(r4)
2cca:  2057               ldb rh7,@rr5
2ccc:  49544820           xor r4,<<72>>0x0020(r5)
2cd0:  54582041           ldl rr8,<<32>>0x0041(r5)
2cd4:  4e4420525820       ext4e #0x4e442052,<<88>>0x0020
2cda:  494e5445           xor r14,<<84>>0x0045(r4)
2cde:  52525550           subl rr2,<<85>>0x0050(r5)
2ce2:  54532020           ldl rr3,<<32>>0x0020(r5)
2ce6:  2020               ldb rh0,@rr2
2ce8:  2020               ldb rh0,@rr2
2cea:  414e4420           add r14,<<68>>0x0020(r4)
2cee:  52582049           subl rr8,<<32>>0x0049(r5)
2cf2:  4e5445525255       ext4e #0x4e544552,<<82>>0x0055
2cf8:  50542045           cpl rr4,<<32>>0x0045(r5)
2cfc:  4e41424c4520       ext4e #0x4e41424c,<<69>>0x0020
2d02:  54455354           ldl rr5,<<83>>0x0054(r4)
2d06:  2020               ldb rh0,@rr2
2d08:  2020               ldb rh0,@rr2
2d0a:  202d               ldb rl5,@rr2
2d0c:  41434941           add r3,<<73>>0x0041(r4)
2d10:  2057               ldb rh7,@rr5
2d12:  49544820           xor r4,<<72>>0x0020(r5)
2d16:  54582049           ldl rr8,<<32>>0x0049(r5)
2d1a:  4e5445525255       ext4e #0x4e544552,<<82>>0x0055
2d20:  50542044           cpl rr4,<<32>>0x0044(r5)
2d24:  49534142           xor r3,<<65>>0x0042(r5)
2d28:  4c4520202020       ldb <<32>>0x0020(r4),#0x20
2d2e:  2020               ldb rh0,@rr2
2d30:  414e4420           add r14,<<68>>0x0020(r4)
2d34:  52582049           subl rr8,<<32>>0x0049(r5)
2d38:  4e5445525255       ext4e #0x4e544552,<<82>>0x0055
2d3e:  50542044           cpl rr4,<<32>>0x0044(r5)
2d42:  49534142           xor r3,<<65>>0x0042(r5)
2d46:  4c4520544553       ldb <<32>>0x0054(r4),#0x53
2d4c:  54002020           ldl rr0,<<32>>0x0020
2d50:  2020               ldb rh0,@rr2
2d52:  202d               ldb rl5,@rr2
2d54:  41434941           add r3,<<73>>0x0041(r4)
2d58:  2057               ldb rh7,@rr5
2d5a:  49544820           xor r4,<<72>>0x0020(r5)
2d5e:  54582049           ldl rr8,<<32>>0x0049(r5)
2d62:  4e5445525255       ext4e #0x4e544552,<<82>>0x0055
2d68:  50542045           cpl rr4,<<32>>0x0045(r5)
2d6c:  4e41424c4500       ext4e #0x4e41424c,<<69>>0x0000
2d72:  2020               ldb rh0,@rr2
2d74:  2020               ldb rh0,@rr2
2d76:  202d               ldb rl5,@rr2
2d78:  41434941           add r3,<<73>>0x0041(r4)
2d7c:  2057               ldb rh7,@rr5
2d7e:  49544820           xor r4,<<72>>0x0020(r5)
2d82:  504f4c4c           cpl rr15,<<76>>0x004c(r4)
2d86:  494e4720           xor r14,<<71>>0x0020(r4)
2d8a:  53455155           push @rr4,<<81>>0x0055(r5)
2d8e:  454e4345           or r14,<<67>>0x0045(r4)
2d92:  2054               ldb rh4,@rr5
2d94:  45535400           or r3,<<84>>0x0000(r5)
2d98:  2020               ldb rh0,@rr2
2d9a:  2020               ldb rh0,@rr2
2d9c:  202d               ldb rl5,@rr2
2d9e:  53454c46           push @rr4,<<76>>0x0046(r5)
2da2:  2d44               ex r4,@rr4
2da4:  4941474e           xor r1,<<71>>0x004e(r4)
2da8:  4f5354494320       ext4f #0x4f535449,<<67>>0x0020
2dae:  5349474e           push @rr4,<<71>>0x004e(r9)
2db2:  414c2054           add r12,<<32>>0x0054(r4)
2db6:  45535400           or r3,<<84>>0x0000(r5)
2dba:  2020               ldb rh0,@rr2
2dbc:  2050               ldb rh0,@rr5
2dbe:  55542054           popl <<32>>0x0054(r4),@rr5
2dc2:  48452050           xorb rh5,<<32>>0x0050(r4)
2dc6:  4c5547204f46       ldb <<71>>0x0020(r5),#0x46
2dcc:  204c               ldb rl4,@rr4
2dce:  4f4f50202121       ext4f #0x4f4f5020,<<33>>0x0021
2dd4:  21002020           ld r0,#0x2020
2dd8:  2020               ldb rh0,@rr2
2dda:  2020               ldb rh0,@rr2
2ddc:  454e4142           or r14,<<65>>0x0042(r4)
2de0:  4c4520544553       ldb <<32>>0x0054(r4),#0x53
2de6:  54002020           ldl rr0,<<32>>0x0020
2dea:  2020               ldb rh0,@rr2
2dec:  202d               ldb rl5,@rr2
2dee:  41434941           add r3,<<73>>0x0041(r4)
2df2:  2057               ldb rh7,@rr5
2df4:  49544820           xor r4,<<72>>0x0020(r5)
2df8:  54582041           ldl rr8,<<32>>0x0041(r5)
2dfc:  4e4420525820       ext4e #0x4e442052,<<88>>0x0020
2e02:  494e5445           xor r14,<<84>>0x0045(r4)
2e06:  52525550           subl rr2,<<85>>0x0050(r5)
2e0a:  54532020           ldl rr3,<<32>>0x0020(r5)
2e0e:  2020               ldb rh0,@rr2
2e10:  2020               ldb rh0,@rr2
2e12:  414e4420           add r14,<<68>>0x0020(r4)
2e16:  52582049           subl rr8,<<32>>0x0049(r5)
2e1a:  4e5445525255       ext4e #0x4e544552,<<82>>0x0055
2e20:  50542045           cpl rr4,<<32>>0x0045(r5)
2e24:  4e41424c4520       ext4e #0x4e41424c,<<69>>0x0020
2e2a:  54455354           ldl rr5,<<83>>0x0054(r4)
2e2e:  2020               ldb rh0,@rr2
2e30:  2020               ldb rh0,@rr2
2e32:  202d               ldb rl5,@rr2
2e34:  41434941           add r3,<<73>>0x0041(r4)
2e38:  2057               ldb rh7,@rr5
2e3a:  49544820           xor r4,<<72>>0x0020(r5)
2e3e:  54582049           ldl rr8,<<32>>0x0049(r5)
2e42:  4e5445525255       ext4e #0x4e544552,<<82>>0x0055
2e48:  50542044           cpl rr4,<<32>>0x0044(r5)
2e4c:  49534142           xor r3,<<65>>0x0042(r5)
2e50:  4c4520202020       ldb <<32>>0x0020(r4),#0x20
2e56:  2020               ldb rh0,@rr2
2e58:  414e4420           add r14,<<68>>0x0020(r4)
2e5c:  52582049           subl rr8,<<32>>0x0049(r5)
2e60:  4e5445525255       ext4e #0x4e544552,<<82>>0x0055
2e66:  50542044           cpl rr4,<<32>>0x0044(r5)
2e6a:  49534142           xor r3,<<65>>0x0042(r5)
2e6e:  4c4520544553       ldb <<32>>0x0054(r4),#0x53
2e74:  54002020           ldl rr0,<<32>>0x0020
2e78:  2020               ldb rh0,@rr2
2e7a:  202d               ldb rl5,@rr2
2e7c:  41434941           add r3,<<73>>0x0041(r4)
2e80:  2057               ldb rh7,@rr5
2e82:  49544820           xor r4,<<72>>0x0020(r5)
2e86:  54582049           ldl rr8,<<32>>0x0049(r5)
2e8a:  4e5445525255       ext4e #0x4e544552,<<82>>0x0055
2e90:  50542045           cpl rr4,<<32>>0x0045(r5)
2e94:  4e41424c4500       ext4e #0x4e41424c,<<69>>0x0000
2e9a:  2020               ldb rh0,@rr2
2e9c:  2020               ldb rh0,@rr2
2e9e:  202d               ldb rl5,@rr2
2ea0:  41434941           add r3,<<73>>0x0041(r4)
2ea4:  2057               ldb rh7,@rr5
2ea6:  49544820           xor r4,<<72>>0x0020(r5)
2eaa:  504f4c4c           cpl rr15,<<76>>0x004c(r4)
2eae:  494e4720           xor r14,<<71>>0x0020(r4)
2eb2:  53455155           push @rr4,<<81>>0x0055(r5)
2eb6:  454e4345           or r14,<<67>>0x0045(r4)
2eba:  2054               ldb rh4,@rr5
2ebc:  45535400           or r3,<<84>>0x0000(r5)
2ec0:  0036               addb rh6,@rr3
2ec2:  0050               addb rh0,@rr5
2ec4:  006a               addb rl2,@rr6
2ec6:  0084               addb rh4,@rr8
2ec8:  009e               addb rl6,@rr9
2eca:  00b8               addb rl0,@rr11
2ecc:  00d2               addb rh2,@rr13
2ece:  00ec               addb rl4,@rr14
2ed0:  01060120           add r6,#0x0120
2ed4:  013a               add r10,@rr3
2ed6:  0154               add r4,@rr5
2ed8:  016e               add r14,@rr6
2eda:  0188               add r8,@rr8
2edc:  01a2               add r2,@rr10
2ede:  01bc               add r12,@rr11
2ee0:  01d6               add r6,@rr13
2ee2:  01f0               add r0,@rr15
2ee4:  020a0224           subb rl2,#0x24
2ee8:  023e               subb rl6,@rr3
2eea:  0258               subb rl0,@rr5
2eec:  0272               subb rh2,@rr7
2eee:  028c               subb rl4,@rr8
2ef0:  02a6               subb rh6,@rr10
2ef2:  02c0               subb rh0,@rr12
2ef4:  002e               addb rl6,@rr2
2ef6:  002e               addb rl6,@rr2
2ef8:  002e               addb rl6,@rr2
2efa:  002e               addb rl6,@rr2
2efc:  002e               addb rl6,@rr2
2efe:  02da               subb rl2,@rr13
2f00:  02f4               subb rh4,@rr15
2f02:  030e0328           sub r14,#0x0328
2f06:  0342               sub r2,@rr4
2f08:  035c               sub r12,@rr5
2f0a:  0376               sub r6,@rr7
2f0c:  0390               sub r0,@rr9
2f0e:  03aa               sub r10,@rr10
2f10:  03c4               sub r4,@rr12
2f12:  03de               sub r14,@rr13
2f14:  03f8               sub r8,@rr15
2f16:  002e               addb rl6,@rr2
2f18:  0412               orb rh2,@rr1
2f1a:  042c               orb rl4,@rr2
2f1c:  0446               orb rh6,@rr4
2f1e:  0460               orb rh0,@rr6
2f20:  047a               orb rl2,@rr7
2f22:  0490               orb rh0,@rr9
2f24:  04a6               orb rh6,@rr10
2f26:  04bc               orb rl4,@rr11
2f28:  04d2               orb rh2,@rr13
2f2a:  002e               addb rl6,@rr2
2f2c:  002e               addb rl6,@rr2
2f2e:  04e8               orb rl0,@rr14
2f30:  04fe               orb rl6,@rr15
2f32:  0514               or r4,@rr1
2f34:  052a               or r10,@rr2
2f36:  0540               or r0,@rr4
2f38:  0556               or r6,@rr5
2f3a:  056c               or r12,@rr6
2f3c:  65727200           set <<114>>0x0000(r7),#2
2f40:  54455354           ldl rr5,<<83>>0x0054(r4)
2f44:  2053               ldb rh3,@rr5
2f46:  4b495050           cp r9,<<80>>0x0050(r4)
2f4a:  45442028           or r4,<<32>>0x0028(r4)
2f4e:  50485953           cpl rr8,<<89>>0x0053(r4)
2f52:  2e20               ldb @rr2,rh0
2f54:  52414d20           subl rr1,<<77>>0x0020(r4)
2f58:  41444452           add r4,<<68>>0x0052(r4)
2f5c:  45535320           or r3,<<83>>0x0020(r5)
2f60:  4f5554292020       ext4f #0x4f555429,<<32>>0x0020
2f66:  2020               ldb rh0,@rr2
2f68:  42414e4b           subb rh1,<<78>>0x004b(r4)
2f6c:  2046               ldb rh6,@rr4
2f6e:  41554c54           add r5,<<76>>0x0054(r5)
2f72:  284f               incb @rr4,#16
2f74:  5220524f           subl rr0,<<82>>0x004f(r2)
2f78:  4d205349           com <<83>>0x0049(r2)
2f7c:  5a452057           divl rq5,<<32>>0x0057(r4)
2f80:  524f4e47           subl rr15,<<78>>0x0047(r4)
2f84:  2920               inc @rr2,#1
2f86:  2020               ldb rh0,@rr2
2f88:  2020               ldb rh0,@rr2
2f8a:  2020               ldb rh0,@rr2
2f8c:  2020               ldb rh0,@rr2
2f8e:  2020               ldb rh0,@rr2
2f90:  48494748           xorb rl1,<<71>>0x0048(r4)
2f94:  2042               ldb rh2,@rr4
2f96:  414e4b20           add r14,<<75>>0x0020(r4)
2f9a:  4641554c           andb rh1,<<85>>0x004c(r4)
2f9e:  54202020           ldl rr0,<<32>>0x0020(r2)
2fa2:  2020               ldb rh0,@rr2
2fa4:  2020               ldb rh0,@rr2
2fa6:  2020               ldb rh0,@rr2
2fa8:  2020               ldb rh0,@rr2
2faa:  2020               ldb rh0,@rr2
2fac:  2020               ldb rh0,@rr2
2fae:  2020               ldb rh0,@rr2
2fb0:  2020               ldb rh0,@rr2
2fb2:  2020               ldb rh0,@rr2
2fb4:  2020               ldb rh0,@rr2
2fb6:  2020               ldb rh0,@rr2
2fb8:  4c4f               .word #0x4c4f
2fba:  57204241           pop <<66>>0x0041,@rr2
2fbe:  4e4b20464155       ext4e #0x4e4b2046,<<65>>0x0055
2fc4:  4c542020           testb <<32>>0x0020(r5)
2fc8:  2020               ldb rh0,@rr2
2fca:  2020               ldb rh0,@rr2
2fcc:  2020               ldb rh0,@rr2
2fce:  2020               ldb rh0,@rr2
2fd0:  2020               ldb rh0,@rr2
2fd2:  2020               ldb rh0,@rr2
2fd4:  2020               ldb rh0,@rr2
2fd6:  2020               ldb rh0,@rr2
2fd8:  2020               ldb rh0,@rr2
2fda:  2020               ldb rh0,@rr2
2fdc:  2020               ldb rh0,@rr2
2fde:  2020               ldb rh0,@rr2
2fe0:  44494e41           orb rl1,<<78>>0x0041(r4)
2fe4:  4d49               .word #0x4d49
2fe6:  43204552           sub r0,<<69>>0x0052(r2)
2fea:  524f5220           subl rr15,<<82>>0x0020(r4)
2fee:  52414d20           subl rr1,<<77>>0x0020(r4)
2ff2:  2020               ldb rh0,@rr2
2ff4:  2020               ldb rh0,@rr2
2ff6:  2020               ldb rh0,@rr2
2ff8:  2020               ldb rh0,@rr2
2ffa:  2020               ldb rh0,@rr2
2ffc:  2020               ldb rh0,@rr2
2ffe:  2020               ldb rh0,@rr2
3000:  2020               ldb rh0,@rr2
3002:  2020               ldb rh0,@rr2
3004:  2020               ldb rh0,@rr2
3006:  2020               ldb rh0,@rr2
3008:  53484f52           push @rr4,<<79>>0x0052(r8)
300c:  54204f4e           ldl rr0,<<79>>0x004e(r2)
3010:  2041               ldb rh1,@rr4
3012:  44442e20           orb rh4,<<46>>0x0020(r4)
3016:  52414d28           subl rr1,<<77>>0x0028(r4)
301a:  4f5220454152       ext4f #0x4f522045,<<65>>0x0052
3020:  4f4d2053495a       ext4f #0x4f4d2053,<<73>>0x005a
3026:  45205752           or r0,<<87>>0x0052(r2)
302a:  4f4e47292020       ext4f #0x4f4e4729,<<32>>0x0020
3030:  53484f52           push @rr4,<<79>>0x0052(r8)
3034:  54204f4e           ldl rr0,<<79>>0x004e(r2)
3038:  2052               ldb rh2,@rr5
303a:  414d2020           add r13,<<32>>0x0020(r4)
303e:  2020               ldb rh0,@rr2
3040:  2020               ldb rh0,@rr2
3042:  2020               ldb rh0,@rr2
3044:  2020               ldb rh0,@rr2
3046:  2020               ldb rh0,@rr2
3048:  2020               ldb rh0,@rr2
304a:  2020               ldb rh0,@rr2
304c:  2020               ldb rh0,@rr2
304e:  2020               ldb rh0,@rr2
3050:  2020               ldb rh0,@rr2
3052:  2020               ldb rh0,@rr2
3054:  2020               ldb rh0,@rr2
3056:  2020               ldb rh0,@rr2
3058:  4e4f2054494d       ext4e #0x4e4f2054,<<73>>0x004d
305e:  45522049           or r2,<<32>>0x0049(r5)
3062:  4e5445525255       ext4e #0x4e544552,<<82>>0x0055
3068:  50542020           cpl rr4,<<32>>0x0020(r5)
306c:  2020               ldb rh0,@rr2
306e:  2020               ldb rh0,@rr2
3070:  2020               ldb rh0,@rr2
3072:  2020               ldb rh0,@rr2
3074:  2020               ldb rh0,@rr2
3076:  2020               ldb rh0,@rr2
3078:  2020               ldb rh0,@rr2
307a:  2020               ldb rh0,@rr2
307c:  2020               ldb rh0,@rr2
307e:  2020               ldb rh0,@rr2
3080:  434f4e43           sub r15,<<78>>0x0043(r4)
3084:  55525245           popl <<82>>0x0045(r2),@rr5
3088:  4e5420494e54       ext4e #0x4e542049,<<78>>0x0054
308e:  45525255           or r2,<<82>>0x0055(r5)
3092:  50542046           cpl rr4,<<32>>0x0046(r5)
3096:  41554c54           add r5,<<76>>0x0054(r5)
309a:  2020               ldb rh0,@rr2
309c:  2020               ldb rh0,@rr2
309e:  2020               ldb rh0,@rr2
30a0:  2020               ldb rh0,@rr2
30a2:  2020               ldb rh0,@rr2
30a4:  2020               ldb rh0,@rr2
30a6:  2020               ldb rh0,@rr2
30a8:  494e5445           xor r14,<<84>>0x0045(r4)
30ac:  52525550           subl rr2,<<85>>0x0050(r5)
30b0:  54204e56           ldl rr0,<<78>>0x0056(r2)
30b4:  34204641           lda rr0,rr2(#0x4641)
30b8:  554c5420           popl <<84>>0x0020(r12),@rr4
30bc:  2020               ldb rh0,@rr2
30be:  2020               ldb rh0,@rr2
30c0:  2020               ldb rh0,@rr2
30c2:  2020               ldb rh0,@rr2
30c4:  2020               ldb rh0,@rr2
30c6:  2020               ldb rh0,@rr2
30c8:  2020               ldb rh0,@rr2
30ca:  2020               ldb rh0,@rr2
30cc:  2020               ldb rh0,@rr2
30ce:  2020               ldb rh0,@rr2
30d0:  4d563420           tset <<52>>0x0020(r5)
30d4:  494e5445           xor r14,<<84>>0x0045(r4)
30d8:  52525550           subl rr2,<<85>>0x0050(r5)
30dc:  54204d41           ldl rr0,<<77>>0x0041(r2)
30e0:  534b2046           push @rr4,<<32>>0x0046(r11)
30e4:  41554c54           add r5,<<76>>0x0054(r5)
30e8:  2020               ldb rh0,@rr2
30ea:  2020               ldb rh0,@rr2
30ec:  2020               ldb rh0,@rr2
30ee:  2020               ldb rh0,@rr2
30f0:  2020               ldb rh0,@rr2
30f2:  2020               ldb rh0,@rr2
30f4:  2020               ldb rh0,@rr2
30f6:  2020               ldb rh0,@rr2
30f8:  494e5445           xor r14,<<84>>0x0045(r4)
30fc:  52525550           subl rr2,<<85>>0x0050(r5)
3100:  54204e56           ldl rr0,<<78>>0x0056(r2)
3104:  33204641           ld rr2(#0x4641),r0
3108:  554c5420           popl <<84>>0x0020(r12),@rr4
310c:  2020               ldb rh0,@rr2
310e:  2020               ldb rh0,@rr2
3110:  2020               ldb rh0,@rr2
3112:  2020               ldb rh0,@rr2
3114:  2020               ldb rh0,@rr2
3116:  2020               ldb rh0,@rr2
3118:  2020               ldb rh0,@rr2
311a:  2020               ldb rh0,@rr2
311c:  2020               ldb rh0,@rr2
311e:  2020               ldb rh0,@rr2
3120:  4e563320494e       ext4e #0x4e563320,<<73>>0x004e
3126:  54455252           ldl rr5,<<82>>0x0052(r4)
312a:  55505420           popl <<84>>0x0020,@rr5
312e:  4d41534b2046       cp <<83>>0x004b(r4),#0x2046
3134:  41554c54           add r5,<<76>>0x0054(r5)
3138:  2020               ldb rh0,@rr2
313a:  2020               ldb rh0,@rr2
313c:  2020               ldb rh0,@rr2
313e:  2020               ldb rh0,@rr2
3140:  2020               ldb rh0,@rr2
3142:  2020               ldb rh0,@rr2
3144:  2020               ldb rh0,@rr2
3146:  2020               ldb rh0,@rr2
3148:  494e5445           xor r14,<<84>>0x0045(r4)
314c:  52525550           subl rr2,<<85>>0x0050(r5)
3150:  54204e56           ldl rr0,<<78>>0x0056(r2)
3154:  32204641           ldb rr2(#0x4641),rh0
3158:  554c5420           popl <<84>>0x0020(r12),@rr4
315c:  2020               ldb rh0,@rr2
315e:  2020               ldb rh0,@rr2
3160:  2020               ldb rh0,@rr2
3162:  2020               ldb rh0,@rr2
3164:  2020               ldb rh0,@rr2
3166:  2020               ldb rh0,@rr2
3168:  2020               ldb rh0,@rr2
316a:  2020               ldb rh0,@rr2
316c:  2020               ldb rh0,@rr2
316e:  2020               ldb rh0,@rr2
3170:  4e563220494e       ext4e #0x4e563220,<<73>>0x004e
3176:  54455252           ldl rr5,<<82>>0x0052(r4)
317a:  55505420           popl <<84>>0x0020,@rr5
317e:  4d41534b2046       cp <<83>>0x004b(r4),#0x2046
3184:  41554c54           add r5,<<76>>0x0054(r5)
3188:  2020               ldb rh0,@rr2
318a:  2020               ldb rh0,@rr2
318c:  2020               ldb rh0,@rr2
318e:  2020               ldb rh0,@rr2
3190:  2020               ldb rh0,@rr2
3192:  2020               ldb rh0,@rr2
3194:  2020               ldb rh0,@rr2
3196:  2020               ldb rh0,@rr2
3198:  494e5445           xor r14,<<84>>0x0045(r4)
319c:  52525550           subl rr2,<<85>>0x0050(r5)
31a0:  54204e56           ldl rr0,<<78>>0x0056(r2)
31a4:  31204641           ld r0,rr2(#0x4641)
31a8:  554c5420           popl <<84>>0x0020(r12),@rr4
31ac:  2020               ldb rh0,@rr2
31ae:  2020               ldb rh0,@rr2
31b0:  2020               ldb rh0,@rr2
31b2:  2020               ldb rh0,@rr2
31b4:  2020               ldb rh0,@rr2
31b6:  2020               ldb rh0,@rr2
31b8:  2020               ldb rh0,@rr2
31ba:  2020               ldb rh0,@rr2
31bc:  2020               ldb rh0,@rr2
31be:  2020               ldb rh0,@rr2
31c0:  54582052           ldl rr8,<<32>>0x0052(r5)
31c4:  45472e20           or r7,<<46>>0x0020(r4)
31c8:  46554c4c           andb rh5,<<76>>0x004c(r5)
31cc:  2041               ldb rh1,@rr4
31ce:  4e4420525820       ext4e #0x4e442052,<<88>>0x0020
31d4:  5245472e           subl rr5,<<71>>0x002e(r4)
31d8:  2045               ldb rh5,@rr4
31da:  4d505459           com <<84>>0x0059(r5)
31de:  2020               ldb rh0,@rr2
31e0:  2020               ldb rh0,@rr2
31e2:  2020               ldb rh0,@rr2
31e4:  2020               ldb rh0,@rr2
31e6:  2020               ldb rh0,@rr2
31e8:  54494d45           ldl rr9,<<77>>0x0045(r4)
31ec:  2d4f               ex r15,@rr4
31ee:  55542045           popl <<32>>0x0045(r4),@rr5
31f2:  52524f52           subl rr2,<<79>>0x0052(r5)
31f6:  204f               ldb rl7,@rr4
31f8:  4e204c415354       ext4e #0x4e204c41,<<83>>0x0054
31fe:  2054               ldb rh4,@rr5
3200:  58204441           multl rq0,<<68>>0x0041(r2)
3204:  54412020           ldl rr1,<<32>>0x0020(r4)
3208:  2020               ldb rh0,@rr2
320a:  2020               ldb rh0,@rr2
320c:  2020               ldb rh0,@rr2
320e:  2020               ldb rh0,@rr2
3210:  57524f4e           pop <<79>>0x004e(r2),@rr5
3214:  47204441           and r0,<<68>>0x0041(r2)
3218:  54412052           ldl rr1,<<32>>0x0052(r4)
321c:  45434549           or r3,<<69>>0x0049(r4)
3220:  56454420           addl rr5,<<68>>0x0020(r4)
3224:  2020               ldb rh0,@rr2
3226:  2020               ldb rh0,@rr2
3228:  2020               ldb rh0,@rr2
322a:  2020               ldb rh0,@rr2
322c:  2020               ldb rh0,@rr2
322e:  2020               ldb rh0,@rr2
3230:  2020               ldb rh0,@rr2
3232:  2020               ldb rh0,@rr2
3234:  2020               ldb rh0,@rr2
3236:  2020               ldb rh0,@rr2
3238:  50415249           cpl rr1,<<82>>0x0049(r4)
323c:  54592020           ldl rr9,<<32>>0x0020(r5)
3240:  4552524f           or r2,<<82>>0x004f(r5)
3244:  52202020           subl rr0,<<32>>0x0020(r2)
3248:  2020               ldb rh0,@rr2
324a:  2020               ldb rh0,@rr2
324c:  2020               ldb rh0,@rr2
324e:  2020               ldb rh0,@rr2
3250:  2020               ldb rh0,@rr2
3252:  2020               ldb rh0,@rr2
3254:  2020               ldb rh0,@rr2
3256:  2020               ldb rh0,@rr2
3258:  2020               ldb rh0,@rr2
325a:  2020               ldb rh0,@rr2
325c:  2020               ldb rh0,@rr2
325e:  2020               ldb rh0,@rr2
3260:  4f5645525255       ext4f #0x4f564552,<<82>>0x0055
3266:  4e204552524f       ext4e #0x4e204552,<<82>>0x004f
326c:  52202020           subl rr0,<<32>>0x0020(r2)
3270:  2020               ldb rh0,@rr2
3272:  2020               ldb rh0,@rr2
3274:  2020               ldb rh0,@rr2
3276:  2020               ldb rh0,@rr2
3278:  2020               ldb rh0,@rr2
327a:  2020               ldb rh0,@rr2
327c:  2020               ldb rh0,@rr2
327e:  2020               ldb rh0,@rr2
3280:  2020               ldb rh0,@rr2
3282:  2020               ldb rh0,@rr2
3284:  2020               ldb rh0,@rr2
3286:  2020               ldb rh0,@rr2
3288:  4652414d           andb rh2,<<65>>0x004d(r5)
328c:  494e4720           xor r14,<<71>>0x0020(r4)
3290:  4552524f           or r2,<<82>>0x004f(r5)
3294:  52202020           subl rr0,<<32>>0x0020(r2)
3298:  2020               ldb rh0,@rr2
329a:  2020               ldb rh0,@rr2
329c:  2020               ldb rh0,@rr2
329e:  2020               ldb rh0,@rr2
32a0:  2020               ldb rh0,@rr2
32a2:  2020               ldb rh0,@rr2
32a4:  2020               ldb rh0,@rr2
32a6:  2020               ldb rh0,@rr2
32a8:  2020               ldb rh0,@rr2
32aa:  2020               ldb rh0,@rr2
32ac:  2020               ldb rh0,@rr2
32ae:  2020               ldb rh0,@rr2
32b0:  4552524f           or r2,<<82>>0x004f(r5)
32b4:  5220464c           subl rr0,<<70>>0x004c(r2)
32b8:  41475320           add r7,<<83>>0x0020(r4)
32bc:  4641554c           andb rh1,<<85>>0x004c(r4)
32c0:  54202853           ldl rr0,<<40>>0x0053(r2)
32c4:  5455434b           ldl rr5,<<67>>0x004b(r5)
32c8:  2041               ldb rh1,@rr4
32ca:  54203129           ldl rr0,<<49>>0x0029(r2)
32ce:  2020               ldb rh0,@rr2
32d0:  2020               ldb rh0,@rr2
32d2:  2020               ldb rh0,@rr2
32d4:  2020               ldb rh0,@rr2
32d6:  2020               ldb rh0,@rr2
32d8:  4552524f           or r2,<<82>>0x004f(r5)
32dc:  5220464c           subl rr0,<<70>>0x004c(r2)
32e0:  41475320           add r7,<<83>>0x0020(r4)
32e4:  53545543           push @rr5,<<85>>0x0043(r4)
32e8:  4b204154           cp r0,<<65>>0x0054(r2)
32ec:  2030               ldb rh0,@rr3
32ee:  2020               ldb rh0,@rr2
32f0:  2020               ldb rh0,@rr2
32f2:  2020               ldb rh0,@rr2
32f4:  2020               ldb rh0,@rr2
32f6:  2020               ldb rh0,@rr2
32f8:  2020               ldb rh0,@rr2
32fa:  2020               ldb rh0,@rr2
32fc:  2020               ldb rh0,@rr2
32fe:  2020               ldb rh0,@rr2
3300:  444f5542           orb rl7,<<85>>0x0042(r4)
3304:  4c4520425546       ldb <<32>>0x0042(r4),#0x46
330a:  46455249           andb rh5,<<82>>0x0049(r4)
330e:  4e4720464155       ext4e #0x4e472046,<<65>>0x0055
3314:  4c542020           testb <<32>>0x0020(r5)
3318:  2020               ldb rh0,@rr2
331a:  2020               ldb rh0,@rr2
331c:  2020               ldb rh0,@rr2
331e:  2020               ldb rh0,@rr2
3320:  2020               ldb rh0,@rr2
3322:  2020               ldb rh0,@rr2
3324:  2020               ldb rh0,@rr2
3326:  2020               ldb rh0,@rr2
3328:  53544154           push @rr5,<<65>>0x0054(r4)
332c:  55532052           popl <<32>>0x0052(r3),@rr5
3330:  45474953           or r7,<<73>>0x0053(r4)
3334:  54455220           ldl rr5,<<82>>0x0020(r4)
3338:  4641554c           andb rh1,<<85>>0x004c(r4)
333c:  54202020           ldl rr0,<<32>>0x0020(r2)
3340:  2020               ldb rh0,@rr2
3342:  2020               ldb rh0,@rr2
3344:  2020               ldb rh0,@rr2
3346:  2020               ldb rh0,@rr2
3348:  2020               ldb rh0,@rr2
334a:  2020               ldb rh0,@rr2
334c:  2020               ldb rh0,@rr2
334e:  2020               ldb rh0,@rr2
3350:  54494d45           ldl rr9,<<77>>0x0045(r4)
3354:  2d4f               ex r15,@rr4
3356:  55542045           popl <<32>>0x0045(r4),@rr5
335a:  52524f52           subl rr2,<<79>>0x0052(r5)
335e:  204f               ldb rl7,@rr4
3360:  4e2052582052       ext4e #0x4e205258,<<32>>0x0052
3366:  45414459           or r1,<<68>>0x0059(r4)
336a:  2020               ldb rh0,@rr2
336c:  2020               ldb rh0,@rr2
336e:  2020               ldb rh0,@rr2
3370:  2020               ldb rh0,@rr2
3372:  2020               ldb rh0,@rr2
3374:  2020               ldb rh0,@rr2
3376:  2020               ldb rh0,@rr2
3378:  54494d45           ldl rr9,<<77>>0x0045(r4)
337c:  2d4f               ex r15,@rr4
337e:  55542045           popl <<32>>0x0045(r4),@rr5
3382:  52524f52           subl rr2,<<79>>0x0052(r5)
3386:  204f               ldb rl7,@rr4
3388:  4e2054582052       ext4e #0x4e205458,<<32>>0x0052
338e:  45414459           or r1,<<68>>0x0059(r4)
3392:  2020               ldb rh0,@rr2
3394:  2020               ldb rh0,@rr2
3396:  2020               ldb rh0,@rr2
3398:  2020               ldb rh0,@rr2
339a:  2020               ldb rh0,@rr2
339c:  2020               ldb rh0,@rr2
339e:  2020               ldb rh0,@rr2
33a0:  434f554e           sub r15,<<85>>0x004e(r4)
33a4:  54455220           ldl rr5,<<82>>0x0020(r4)
33a8:  32204641           ldb rr2(#0x4641),rh0
33ac:  554c5420           popl <<84>>0x0020(r12),@rr4
33b0:  2020               ldb rh0,@rr2
33b2:  2020               ldb rh0,@rr2
33b4:  2020               ldb rh0,@rr2
33b6:  2020               ldb rh0,@rr2
33b8:  2020               ldb rh0,@rr2
33ba:  2020               ldb rh0,@rr2
33bc:  2020               ldb rh0,@rr2
33be:  2020               ldb rh0,@rr2
33c0:  2020               ldb rh0,@rr2
33c2:  2020               ldb rh0,@rr2
33c4:  2020               ldb rh0,@rr2
33c6:  2020               ldb rh0,@rr2
33c8:  4c4154434820       cpb <<84>>0x0043(r4),#0x20
33ce:  4f5554505554       ext4f #0x4f555450,<<85>>0x0054
33d4:  2043               ldb rh3,@rr4
33d6:  4e5431204641       ext4e #0x4e543120,<<70>>0x0041
33dc:  554c5420           popl <<84>>0x0020(r12),@rr4
33e0:  2020               ldb rh0,@rr2
33e2:  2020               ldb rh0,@rr2
33e4:  2020               ldb rh0,@rr2
33e6:  2020               ldb rh0,@rr2
33e8:  2020               ldb rh0,@rr2
33ea:  2020               ldb rh0,@rr2
33ec:  2020               ldb rh0,@rr2
33ee:  2020               ldb rh0,@rr2
33f0:  434f554e           sub r15,<<85>>0x004e(r4)
33f4:  54455220           ldl rr5,<<82>>0x0020(r4)
33f8:  3120494e           ld r0,rr2(#0x494e)
33fc:  54455252           ldl rr5,<<82>>0x0052(r4)
3400:  55505420           popl <<84>>0x0020,@rr5
3404:  4641554c           andb rh1,<<85>>0x004c(r4)
3408:  54494e47           ldl rr9,<<78>>0x0047(r4)
340c:  2020               ldb rh0,@rr2
340e:  2020               ldb rh0,@rr2
3410:  2020               ldb rh0,@rr2
3412:  2020               ldb rh0,@rr2
3414:  2020               ldb rh0,@rr2
3416:  2020               ldb rh0,@rr2
3418:  434f554e           sub r15,<<85>>0x004e(r4)
341c:  54455220           ldl rr5,<<82>>0x0020(r4)
3420:  30204641           ldb rh0,rr2(#0x4641)
3424:  554c5420           popl <<84>>0x0020(r12),@rr4
3428:  2020               ldb rh0,@rr2
342a:  2020               ldb rh0,@rr2
342c:  2020               ldb rh0,@rr2
342e:  2020               ldb rh0,@rr2
3430:  2020               ldb rh0,@rr2
3432:  2020               ldb rh0,@rr2
3434:  2020               ldb rh0,@rr2
3436:  2020               ldb rh0,@rr2
3438:  2020               ldb rh0,@rr2
343a:  2020               ldb rh0,@rr2
343c:  2020               ldb rh0,@rr2
343e:  2020               ldb rh0,@rr2
3440:  5649454e           addl rr9,<<69>>0x004e(r4)
3444:  4f2053545543       ext4f #0x4f205354,<<85>>0x0043
344a:  4b204154           cp r0,<<65>>0x0054(r2)
344e:  2030               ldb rh0,@rr3
3450:  2020               ldb rh0,@rr2
3452:  2020               ldb rh0,@rr2
3454:  2020               ldb rh0,@rr2
3456:  2020               ldb rh0,@rr2
3458:  2020               ldb rh0,@rr2
345a:  2020               ldb rh0,@rr2
345c:  2020               ldb rh0,@rr2
345e:  2020               ldb rh0,@rr2
3460:  2020               ldb rh0,@rr2
3462:  2020               ldb rh0,@rr2
3464:  2020               ldb rh0,@rr2
3466:  2020               ldb rh0,@rr2
3468:  5649454e           addl rr9,<<69>>0x004e(r4)
346c:  4f2053545543       ext4f #0x4f205354,<<85>>0x0043
3472:  4b204154           cp r0,<<65>>0x0054(r2)
3476:  2031               ldb rh1,@rr3
3478:  2020               ldb rh0,@rr2
347a:  2020               ldb rh0,@rr2
347c:  2020               ldb rh0,@rr2
347e:  2020               ldb rh0,@rr2
3480:  2020               ldb rh0,@rr2
3482:  2020               ldb rh0,@rr2
3484:  2020               ldb rh0,@rr2
3486:  2020               ldb rh0,@rr2
3488:  2020               ldb rh0,@rr2
348a:  2020               ldb rh0,@rr2
348c:  2020               ldb rh0,@rr2
348e:  2020               ldb rh0,@rr2
3490:  454e4142           or r14,<<65>>0x0042(r4)
3494:  4c4520494e48       ldb <<32>>0x0049(r4),#0x48
349a:  49424954           xor r2,<<73>>0x0054(r4)
349e:  494f4e20           xor r15,<<78>>0x0020(r4)
34a2:  4d454d4f5259       ld <<77>>0x004f(r4),#0x5259
34a8:  2046               ldb rh6,@rr4
34aa:  41554c54           add r5,<<76>>0x0054(r5)
34ae:  2020               ldb rh0,@rr2
34b0:  2020               ldb rh0,@rr2
34b2:  2020               ldb rh0,@rr2
34b4:  2020               ldb rh0,@rr2
34b6:  2020               ldb rh0,@rr2
34b8:  4d4153544f20       cp <<83>>0x0054(r4),#0x4f20
34be:  53545543           push @rr5,<<85>>0x0043(r4)
34c2:  4b204154           cp r0,<<65>>0x0054(r2)
34c6:  2030               ldb rh0,@rr3
34c8:  2020               ldb rh0,@rr2
34ca:  2020               ldb rh0,@rr2
34cc:  2020               ldb rh0,@rr2
34ce:  2020               ldb rh0,@rr2
34d0:  2020               ldb rh0,@rr2
34d2:  2020               ldb rh0,@rr2
34d4:  2020               ldb rh0,@rr2
34d6:  2020               ldb rh0,@rr2
34d8:  2020               ldb rh0,@rr2
34da:  2020               ldb rh0,@rr2
34dc:  2020               ldb rh0,@rr2
34de:  2020               ldb rh0,@rr2
34e0:  4d4153544f20       cp <<83>>0x0054(r4),#0x4f20
34e6:  53545543           push @rr5,<<85>>0x0043(r4)
34ea:  4b204154           cp r0,<<65>>0x0054(r2)
34ee:  2031               ldb rh1,@rr3
34f0:  2020               ldb rh0,@rr2
34f2:  2020               ldb rh0,@rr2
34f4:  2020               ldb rh0,@rr2
34f6:  2020               ldb rh0,@rr2
34f8:  2020               ldb rh0,@rr2
34fa:  2020               ldb rh0,@rr2
34fc:  2020               ldb rh0,@rr2
34fe:  2020               ldb rh0,@rr2
3500:  2020               ldb rh0,@rr2
3502:  2020               ldb rh0,@rr2
3504:  2020               ldb rh0,@rr2
3506:  2020               ldb rh0,@rr2
3508:  44495341           orb rl1,<<83>>0x0041(r4)
350c:  424c4520           subb rl4,<<69>>0x0020(r4)
3510:  494e4849           xor r14,<<72>>0x0049(r4)
3514:  42495449           subb rl1,<<84>>0x0049(r4)
3518:  4f4e204d454d       ext4f #0x4f4e204d,<<69>>0x004d
351e:  4f5259204641       ext4f #0x4f525920,<<70>>0x0041
3524:  554c5420           popl <<84>>0x0020(r12),@rr4
3528:  2020               ldb rh0,@rr2
352a:  2020               ldb rh0,@rr2
352c:  2020               ldb rh0,@rr2
352e:  2020               ldb rh0,@rr2
3530:  4641544c           andb rh1,<<84>>0x004c(r4)
3534:  2046               ldb rh6,@rr4
3536:  4c4147205354       cpb <<71>>0x0020(r4),#0x54
353c:  55434b20           popl <<75>>0x0020(r3),@rr4
3540:  41542030           add r4,<<32>>0x0030(r5)
3544:  2020               ldb rh0,@rr2
3546:  2020               ldb rh0,@rr2
3548:  2020               ldb rh0,@rr2
354a:  2020               ldb rh0,@rr2
354c:  2020               ldb rh0,@rr2
354e:  2020               ldb rh0,@rr2
3550:  2020               ldb rh0,@rr2
3552:  2020               ldb rh0,@rr2
3554:  2020               ldb rh0,@rr2
3556:  2020               ldb rh0,@rr2
3558:  46415441           andb rh1,<<84>>0x0041(r4)
355c:  4c20434f           comb <<67>>0x004f(r2)
3560:  4e444954494f       ext4e #0x4e444954,<<73>>0x004f
3566:  4e204641554c       ext4e #0x4e204641,<<85>>0x004c
356c:  54202020           ldl rr0,<<32>>0x0020(r2)
3570:  2020               ldb rh0,@rr2
3572:  2020               ldb rh0,@rr2
3574:  2020               ldb rh0,@rr2
3576:  2020               ldb rh0,@rr2
3578:  2020               ldb rh0,@rr2
357a:  2020               ldb rh0,@rr2
357c:  2020               ldb rh0,@rr2
357e:  2020               ldb rh0,@rr2
3580:  2253               resb @rr5,#3
3582:  57572220           pop <<34>>0x0020(r7),@rr5
3586:  54524150           ldl rr2,<<65>>0x0050(r5)
358a:  204e               ldb rl6,@rr4
358c:  4f54204f4343       ext4f #0x4f54204f,<<67>>0x0043
3592:  55525245           popl <<82>>0x0045(r2),@rr5
3596:  44202020           orb rh0,<<32>>0x0020(r2)
359a:  2020               ldb rh0,@rr2
359c:  2020               ldb rh0,@rr2
359e:  2020               ldb rh0,@rr2
35a0:  2020               ldb rh0,@rr2
35a2:  2020               ldb rh0,@rr2
35a4:  2020               ldb rh0,@rr2
35a6:  2020               ldb rh0,@rr2
35a8:  2250               resb @rr5,#0
35aa:  57572220           pop <<34>>0x0020(r7),@rr5
35ae:  54524150           ldl rr2,<<65>>0x0050(r5)
35b2:  204e               ldb rl6,@rr4
35b4:  4f54204f4343       ext4f #0x4f54204f,<<67>>0x0043
35ba:  55525245           popl <<82>>0x0045(r2),@rr5
35be:  44202020           orb rh0,<<32>>0x0020(r2)
35c2:  2020               ldb rh0,@rr2
35c4:  2020               ldb rh0,@rr2
35c6:  2020               ldb rh0,@rr2
35c8:  2020               ldb rh0,@rr2
35ca:  2020               ldb rh0,@rr2
35cc:  2020               ldb rh0,@rr2
35ce:  2020               ldb rh0,@rr2
35d0:  2245               resb @rr4,#5
35d2:  58435622           multl rq3,<<86>>0x0022(r4)
35d6:  2054               ldb rh4,@rr5
35d8:  52415020           subl rr1,<<80>>0x0020(r4)
35dc:  4e4f54204f43       ext4e #0x4e4f5420,<<79>>0x0043
35e2:  43555252           sub r5,<<82>>0x0052(r5)
35e6:  45442020           or r4,<<32>>0x0020(r4)
35ea:  2020               ldb rh0,@rr2
35ec:  2020               ldb rh0,@rr2
35ee:  2020               ldb rh0,@rr2
35f0:  2020               ldb rh0,@rr2
35f2:  2020               ldb rh0,@rr2
35f4:  2020               ldb rh0,@rr2
35f6:  2020               ldb rh0,@rr2
35f8:  2243               resb @rr4,#3
35fa:  50554956           cpl rr5,<<73>>0x0056(r5)
35fe:  2220               resb @rr2,#0
3600:  54524150           ldl rr2,<<65>>0x0050(r5)
3604:  204e               ldb rl6,@rr4
3606:  4f54204f4343       ext4f #0x4f54204f,<<67>>0x0043
360c:  55525245           popl <<82>>0x0045(r2),@rr5
3610:  44202020           orb rh0,<<32>>0x0020(r2)
3614:  2020               ldb rh0,@rr2
3616:  2020               ldb rh0,@rr2
3618:  2020               ldb rh0,@rr2
361a:  2020               ldb rh0,@rr2
361c:  2020               ldb rh0,@rr2
361e:  2020               ldb rh0,@rr2
3620:  2253               resb @rr5,#3
3622:  4c562220           tsetb <<34>>0x0020(r5)
3626:  54524150           ldl rr2,<<65>>0x0050(r5)
362a:  204e               ldb rl6,@rr4
362c:  4f54204f4343       ext4f #0x4f54204f,<<67>>0x0043
3632:  55525245           popl <<82>>0x0045(r2),@rr5
3636:  44202020           orb rh0,<<32>>0x0020(r2)
363a:  2020               ldb rh0,@rr2
363c:  2020               ldb rh0,@rr2
363e:  2020               ldb rh0,@rr2
3640:  2020               ldb rh0,@rr2
3642:  2020               ldb rh0,@rr2
3644:  2020               ldb rh0,@rr2
3646:  2020               ldb rh0,@rr2
3648:  2253               resb @rr5,#3
364a:  59535622           mult rr3,<<86>>0x0022(r5)
364e:  2054               ldb rh4,@rr5
3650:  52415020           subl rr1,<<80>>0x0020(r4)
3654:  4e4f54204f43       ext4e #0x4e4f5420,<<79>>0x0043
365a:  43555252           sub r5,<<82>>0x0052(r5)
365e:  45442020           or r4,<<32>>0x0020(r4)
3662:  2020               ldb rh0,@rr2
3664:  2020               ldb rh0,@rr2
3666:  2020               ldb rh0,@rr2
3668:  2020               ldb rh0,@rr2
366a:  2020               ldb rh0,@rr2
366c:  2020               ldb rh0,@rr2
366e:  2020               ldb rh0,@rr2
3670:  494e5354           xor r14,<<83>>0x0054(r4)
3674:  2e4f               ldb @rr4,rl7
3676:  46462e52           andb rh6,<<46>>0x0052(r4)
367a:  45472046           or r7,<<32>>0x0046(r4)
367e:  41554c54           add r5,<<76>>0x0054(r5)
3682:  2020               ldb rh0,@rr2
3684:  2020               ldb rh0,@rr2
3686:  2020               ldb rh0,@rr2
3688:  2020               ldb rh0,@rr2
368a:  2020               ldb rh0,@rr2
368c:  2020               ldb rh0,@rr2
368e:  2020               ldb rh0,@rr2
3690:  2020               ldb rh0,@rr2
3692:  2020               ldb rh0,@rr2
3694:  2020               ldb rh0,@rr2
3696:  2020               ldb rh0,@rr2
3698:  494e5354           xor r14,<<83>>0x0054(r4)
369c:  2e53               ldb @rr5,rh3
369e:  45472e4e           or r7,<<46>>0x004e(r4)
36a2:  554d2e52           popl <<46>>0x0052(r13),@rr4
36a6:  45472e20           or r7,<<46>>0x0020(r4)
36aa:  4641554c           andb rh1,<<85>>0x004c(r4)
36ae:  54202020           ldl rr0,<<32>>0x0020(r2)
36b2:  2020               ldb rh0,@rr2
36b4:  2020               ldb rh0,@rr2
36b6:  2020               ldb rh0,@rr2
36b8:  2020               ldb rh0,@rr2
36ba:  2020               ldb rh0,@rr2
36bc:  2020               ldb rh0,@rr2
36be:  2020               ldb rh0,@rr2
36c0:  42555320           subb rh5,<<83>>0x0020(r5)
36c4:  4359434c           sub r9,<<67>>0x004c(r5)
36c8:  45205354           or r0,<<83>>0x0054(r2)
36cc:  41545553           add r4,<<85>>0x0053(r5)
36d0:  2052               ldb rh2,@rr5
36d2:  45472e20           or r7,<<46>>0x0020(r4)
36d6:  4641554c           andb rh1,<<85>>0x004c(r4)
36da:  54202020           ldl rr0,<<32>>0x0020(r2)
36de:  2020               ldb rh0,@rr2
36e0:  2020               ldb rh0,@rr2
36e2:  2020               ldb rh0,@rr2
36e4:  2020               ldb rh0,@rr2
36e6:  2020               ldb rh0,@rr2
36e8:  56494f4c           addl rr9,<<79>>0x004c(r4)
36ec:  2e4f               ldb @rr4,rl7
36ee:  46462e52           andb rh6,<<46>>0x0052(r4)
36f2:  45472e20           or r7,<<46>>0x0020(r4)
36f6:  4641554c           andb rh1,<<85>>0x004c(r4)
36fa:  54202020           ldl rr0,<<32>>0x0020(r2)
36fe:  2020               ldb rh0,@rr2
3700:  2020               ldb rh0,@rr2
3702:  2020               ldb rh0,@rr2
3704:  2020               ldb rh0,@rr2
3706:  2020               ldb rh0,@rr2
3708:  2020               ldb rh0,@rr2
370a:  2020               ldb rh0,@rr2
370c:  2020               ldb rh0,@rr2
370e:  2020               ldb rh0,@rr2
3710:  56494f4c           addl rr9,<<79>>0x004c(r4)
3714:  2e53               ldb @rr5,rh3
3716:  45472e4e           or r7,<<46>>0x004e(r4)
371a:  554d2e52           popl <<46>>0x0052(r13),@rr4
371e:  45472e46           or r7,<<46>>0x0046(r4)
3722:  41554c54           add r5,<<76>>0x0054(r5)
3726:  2020               ldb rh0,@rr2
3728:  2020               ldb rh0,@rr2
372a:  2020               ldb rh0,@rr2
372c:  2020               ldb rh0,@rr2
372e:  2020               ldb rh0,@rr2
3730:  2020               ldb rh0,@rr2
3732:  2020               ldb rh0,@rr2
3734:  2020               ldb rh0,@rr2
3736:  2020               ldb rh0,@rr2
3738:  56494f4c           addl rr9,<<79>>0x004c(r4)
373c:  2e54               ldb @rr5,rh4
373e:  59504520           mult rr0,<<69>>0x0020(r5)
3742:  5245472e           subl rr5,<<71>>0x002e(r4)
3746:  2046               ldb rh6,@rr4
3748:  41554c54           add r5,<<76>>0x0054(r5)
374c:  2020               ldb rh0,@rr2
374e:  2020               ldb rh0,@rr2
3750:  2020               ldb rh0,@rr2
3752:  2020               ldb rh0,@rr2
3754:  2020               ldb rh0,@rr2
3756:  2020               ldb rh0,@rr2
3758:  2020               ldb rh0,@rr2
375a:  2020               ldb rh0,@rr2
375c:  2020               ldb rh0,@rr2
375e:  2020               ldb rh0,@rr2
3760:  2252               resb @rr5,#2
3762:  44562220           orb rh6,<<34>>0x0020(r5)
3766:  54524150           ldl rr2,<<65>>0x0050(r5)
376a:  204e               ldb rl6,@rr4
376c:  4f54204f4343       ext4f #0x4f54204f,<<67>>0x0043
3772:  55525245           popl <<82>>0x0045(r2),@rr5
3776:  44202020           orb rh0,<<32>>0x0020(r2)
377a:  2020               ldb rh0,@rr2
377c:  2020               ldb rh0,@rr2
377e:  2020               ldb rh0,@rr2
3780:  2020               ldb rh0,@rr2
3782:  2020               ldb rh0,@rr2
3784:  2020               ldb rh0,@rr2
3786:  2020               ldb rh0,@rr2
3788:  56494f4c           addl rr9,<<79>>0x004c(r4)
378c:  2e54               ldb @rr5,rh4
378e:  59504520           mult rr0,<<69>>0x0020(r5)
3792:  5245472e           subl rr5,<<71>>0x002e(r4)
3796:  2046               ldb rh6,@rr4
3798:  4c4147532046       cpb <<71>>0x0053(r4),#0x46
379e:  41554c54           add r5,<<76>>0x0054(r5)
37a2:  2020               ldb rh0,@rr2
37a4:  2020               ldb rh0,@rr2
37a6:  2020               ldb rh0,@rr2
37a8:  2020               ldb rh0,@rr2
37aa:  2020               ldb rh0,@rr2
37ac:  2020               ldb rh0,@rr2
37ae:  2020               ldb rh0,@rr2
37b0:  65727200           set <<114>>0x0000(r7),#2
37b4:  2065               ldb rh5,@rr6
37b6:  7870               .word #0x7870
37b8:  2e25               ldb @rr2,rh5
37ba:  7369676e           ld rr6(r7),r9
37be:  616c206c           ld r12,<<32>>0x006c(r6)
37c2:  61746368           ld r4,<<99>>0x0068(r7)
37c6:  3a207265           inirb @rr6,@r2,r2
37ca:  61642025           ld r4,<<32>>0x0025(r6)
37ce:  2065               ldb rh5,@rr6
37d0:  7870               .word #0x7870
37d2:  2e25               ldb @rr2,rh5
37d4:  76656374           lda rr5,<<99>>0x0074(r6)
37d8:  6f723a20           ld <<58>>0x0020(r7),r2
37dc:  72656164           ldb rr6(r1),rh5
37e0:  2025               ldb rh5,@rr2
37e2:  65727200           set <<114>>0x0000(r7),#2
37e6:  42414420           subb rh1,<<68>>0x0020(r4)
37ea:  56454354           addl rr5,<<67>>0x0054(r4)
37ee:  4f5220414349       ext4f #0x4f522041,<<67>>0x0049
37f4:  4120494e           add r0,<<73>>0x004e(r2)
37f8:  54455252           ldl rr5,<<82>>0x0052(r4)
37fc:  55505420           popl <<84>>0x0020,@rr5
3800:  2020               ldb rh0,@rr2
3802:  2020               ldb rh0,@rr2
3804:  2020               ldb rh0,@rr2
3806:  2020               ldb rh0,@rr2
3808:  2020               ldb rh0,@rr2
380a:  2020               ldb rh0,@rr2
380c:  2020               ldb rh0,@rr2
380e:  42414420           subb rh1,<<68>>0x0020(r4)
3812:  56454354           addl rr5,<<67>>0x0054(r4)
3816:  4f522054494d       ext4f #0x4f522054,<<73>>0x004d
381c:  45522049           or r2,<<32>>0x0049(r5)
3820:  4e5445525255       ext4e #0x4e544552,<<82>>0x0055
3826:  50542020           cpl rr4,<<32>>0x0020(r5)
382a:  2020               ldb rh0,@rr2
382c:  2020               ldb rh0,@rr2
382e:  2020               ldb rh0,@rr2
3830:  2020               ldb rh0,@rr2
3832:  2020               ldb rh0,@rr2
3834:  2020               ldb rh0,@rr2
3836:  4e5658202620       ext4e #0x4e565820,<<38>>0x0020
383c:  454e583a           or r14,<<88>>0x003a(r4)
3840:  2057               ldb rh7,@rr5
3842:  524f5445           subl rr15,<<84>>0x0045(r4)
3846:  2031               ldb rh1,@rr3
3848:  2f30               ld @rr3,r0
384a:  2052               ldb rh2,@rr5
384c:  45414420           or r1,<<68>>0x0020(r4)
3850:  302f3120           ldb rl7,rr2(#0x3120)
3854:  2020               ldb rh0,@rr2
3856:  2020               ldb rh0,@rr2
3858:  2020               ldb rh0,@rr2
385a:  2020               ldb rh0,@rr2
385c:  2020               ldb rh0,@rr2
385e:  5349474e           push @rr4,<<71>>0x004e(r9)
3862:  414c2050           add r12,<<32>>0x0050(r4)
3866:  4f7820285354       ext4f #0x4f782028,<<83>>0x0054
386c:  55434b20           popl <<75>>0x0020(r3),@rr4
3870:  41542030           add r4,<<32>>0x0030(r5)
3874:  2920               inc @rr2,#1
3876:  4f52204c4154       ext4f #0x4f52204c,<<65>>0x0054
387c:  43482046           sub r8,<<32>>0x0046(r4)
3880:  41554c54           add r5,<<76>>0x0054(r5)
3884:  2020               ldb rh0,@rr2
3886:  5349474e           push @rr4,<<71>>0x004e(r9)
388a:  414c2050           add r12,<<32>>0x0050(r4)
388e:  4f33204f5220       ext4f #0x4f33204f,<<82>>0x0020
3894:  4c4154434820       cpb <<84>>0x0043(r4),#0x20
389a:  4641554c           andb rh1,<<85>>0x004c(r4)
389e:  54202020           ldl rr0,<<32>>0x0020(r2)
38a2:  2020               ldb rh0,@rr2
38a4:  2020               ldb rh0,@rr2
38a6:  2020               ldb rh0,@rr2
38a8:  2020               ldb rh0,@rr2
38aa:  2020               ldb rh0,@rr2
38ac:  2020               ldb rh0,@rr2
38ae:  5349474e           push @rr4,<<71>>0x004e(r9)
38b2:  414c2050           add r12,<<32>>0x0050(r4)
38b6:  4f32204f5220       ext4f #0x4f32204f,<<82>>0x0020
38bc:  4c4154434820       cpb <<84>>0x0043(r4),#0x20
38c2:  4641554c           andb rh1,<<85>>0x004c(r4)
38c6:  54202020           ldl rr0,<<32>>0x0020(r2)
38ca:  2020               ldb rh0,@rr2
38cc:  2020               ldb rh0,@rr2
38ce:  2020               ldb rh0,@rr2
38d0:  2020               ldb rh0,@rr2
38d2:  2020               ldb rh0,@rr2
38d4:  2020               ldb rh0,@rr2
38d6:  5349474e           push @rr4,<<71>>0x004e(r9)
38da:  414c2050           add r12,<<32>>0x0050(r4)
38de:  4f31204f5220       ext4f #0x4f31204f,<<82>>0x0020
38e4:  4c4154434820       cpb <<84>>0x0043(r4),#0x20
38ea:  4641554c           andb rh1,<<85>>0x004c(r4)
38ee:  54202020           ldl rr0,<<32>>0x0020(r2)
38f2:  2020               ldb rh0,@rr2
38f4:  2020               ldb rh0,@rr2
38f6:  2020               ldb rh0,@rr2
38f8:  2020               ldb rh0,@rr2
38fa:  2020               ldb rh0,@rr2
38fc:  2020               ldb rh0,@rr2
38fe:  5349474e           push @rr4,<<71>>0x004e(r9)
3902:  414c2050           add r12,<<32>>0x0050(r4)
3906:  4f7820285354       ext4f #0x4f782028,<<83>>0x0054
390c:  55434b20           popl <<75>>0x0020(r3),@rr4
3910:  41542031           add r4,<<32>>0x0031(r5)
3914:  2920               inc @rr2,#1
3916:  4f52204c4154       ext4f #0x4f52204c,<<65>>0x0054
391c:  43482046           sub r8,<<32>>0x0046(r4)
3920:  41554c54           add r5,<<76>>0x0054(r5)
3924:  2020               ldb rh0,@rr2
3926:  2253               resb @rr5,#3
3928:  4b495022           cp r9,<<80>>0x0022(r4)
392c:  2054               ldb rh4,@rr5
392e:  4f20474f2042       ext4f #0x4f20474f,<<32>>0x0042
3934:  41434b20           add r3,<<75>>0x0020(r4)
3938:  544f2054           ldl rr15,<<32>>0x0054(r4)
393c:  45535400           or r3,<<84>>0x0000(r5)
3940:  48495420           xorb rl1,<<84>>0x0020(r4)
3944:  2245               resb @rr4,#5
3946:  4e5445522220       ext4e #0x4e544552,<<34>>0x0020
394c:  544f2047           ldl rr15,<<32>>0x0047(r4)
3950:  4f204f4e204f       ext4f #0x4f204f4e,<<32>>0x004f
3956:  5200494e           subl rr0,<<73>>0x004e
395a:  33203d20           ld rr2(#0x3d20),r0
395e:  494e3220           xor r14,<<50>>0x0020(r4)
3962:  3d20               in r0,@r2
3964:  494e3120           xor r14,<<49>>0x0020(r4)
3968:  3d20               in r0,@r2
396a:  494e3020           xor r14,<<48>>0x0020(r4)
396e:  3d20               in r0,@r2
3970:  2020               ldb rh0,@rr2
3972:  2020               ldb rh0,@rr2
3974:  2020               ldb rh0,@rr2
3976:  2020               ldb rh0,@rr2
3978:  2020               ldb rh0,@rr2
397a:  2020               ldb rh0,@rr2
397c:  2020               ldb rh0,@rr2
397e:  2020               ldb rh0,@rr2
3980:  76696400           lda rr9,<<100>>0x0000(r6)
3984:  52455345           subl rr5,<<83>>0x0045(r4)
3988:  54205445           ldl rr0,<<84>>0x0045(r2)
398c:  5354203f           push @rr5,<<32>>0x003f(r4)
3990:  2020               ldb rh0,@rr2
3992:  2020               ldb rh0,@rr2
3994:  303a4e4f           ldb rl2,rr3(#0x4e4f)
3998:  203b               ldb rl3,@rr3
399a:  2031               ldb rh1,@rr3
399c:  3a594553           sindrb @rr5,@r5,r5
39a0:  2020               ldb rh0,@rr2
39a2:  2020               ldb rh0,@rr2
39a4:  76696400           lda rr9,<<100>>0x0000(r6)
39a8:  2020               ldb rh0,@rr2
39aa:  2020               ldb rh0,@rr2
39ac:  52455345           subl rr5,<<83>>0x0045(r4)
39b0:  54205448           ldl rr0,<<84>>0x0048(r2)
39b4:  45205359           or r0,<<83>>0x0059(r2)
39b8:  5354454d           push @rr5,<<69>>0x004d(r4)
39bc:  2e00               .word #0x2e00
39be:  2020               ldb rh0,@rr2
39c0:  2020               ldb rh0,@rr2
39c2:  54484520           ldl rr8,<<69>>0x0020(r4)
39c6:  4f5045524154       ext4f #0x4f504552,<<65>>0x0054
39cc:  4f5220495320       ext4f #0x4f522049,<<83>>0x0020
39d2:  5448454e           ldl rr8,<<69>>0x004e(r4)
39d6:  2052               ldb rh2,@rr5
39d8:  45515549           or r1,<<85>>0x0049(r5)
39dc:  52454420           subl rr5,<<68>>0x0020(r4)
39e0:  544f4e42           ldl rr15,<<78>>0x0042(r4)
39e4:  2e2d               ldb @rr2,rl5
39e6:  54484953           ldl rr8,<<73>>0x0053(r4)
39ea:  2054               ldb rh4,@rr5
39ec:  45535420           or r3,<<84>>0x0020(r5)
39f0:  52455345           subl rr5,<<83>>0x0045(r4)
39f4:  54532041           ldl rr3,<<32>>0x0041(r5)
39f8:  4c4c               .word #0x4c4c
39fa:  2050               ldb rh0,@rr5
39fc:  45524950           or r2,<<73>>0x0050(r5)
3a00:  48455241           xorb rh5,<<82>>0x0041(r4)
3a04:  4c53               .word #0x4c53
3a06:  2e00               .word #0x2e00
3a08:  2a2a               decb @rr2,#11
3a0a:  2a20               decb @rr2,#1
3a0c:  4e4f4e204d41       ext4e #0x4e4f4e20,<<77>>0x0041
3a12:  534b4142           push @rr4,<<65>>0x0042(r11)
3a16:  4c4520494e54       ldb <<32>>0x0049(r4),#0x54
3a1c:  45525255           or r2,<<82>>0x0055(r5)
3a20:  5054202a           cpl rr4,<<32>>0x002a(r5)
3a24:  2a2a               decb @rr2,#11
3a26:  2a2a               decb @rr2,#11
3a28:  2a20               decb @rr2,#1
3a2a:  5345474d           push @rr4,<<71>>0x004d(r5)
3a2e:  454e5420           or r14,<<84>>0x0020(r4)
3a32:  54524150           ldl rr2,<<65>>0x0050(r5)
3a36:  202a               ldb rl2,@rr2
3a38:  2a2a               decb @rr2,#11
3a3a:  2a2a               decb @rr2,#11
3a3c:  2a20               decb @rr2,#1
3a3e:  50524956           cpl rr2,<<73>>0x0056(r5)
3a42:  494c4547           xor r12,<<69>>0x0047(r4)
3a46:  45442049           or r4,<<32>>0x0049(r4)
3a4a:  4e5354525543       ext4e #0x4e535452,<<85>>0x0043
3a50:  54494f4e           ldl rr9,<<79>>0x004e(r4)
3a54:  2054               ldb rh4,@rr5
3a56:  52415020           subl rr1,<<80>>0x0020(r4)
3a5a:  2a2a               decb @rr2,#11
3a5c:  2a00               .word #0x2a00
3a5e:  a000               ldb rh0,rh0
3a60:  00c4               addb rh4,@rr12
3a62:  00000001           addb rh0,#0x01
3a66:  a100               ld r0,r0
3a68:  f9ba               djnz r9,0x39f6
3a6a:  00000000           addb rh0,#0x00
3a6e:  00000000           addb rh0,#0x00
3a72:  00000000           addb rh0,#0x00
3a76:  00000000           addb rh0,#0x00
3a7a:  00000000           addb rh0,#0x00
3a7e:  00000000           addb rh0,#0x00
3a82:  00000000           addb rh0,#0x00
3a86:  00000000           addb rh0,#0x00
3a8a:  00000000           addb rh0,#0x00
3a8e:  00000000           addb rh0,#0x00
3a92:  00000000           addb rh0,#0x00
3a96:  00000000           addb rh0,#0x00
3a9a:  00000000           addb rh0,#0x00
3a9e:  00000000           addb rh0,#0x00
3aa2:  00000000           addb rh0,#0x00
3aa6:  00000000           addb rh0,#0x00
3aaa:  00000000           addb rh0,#0x00
3aae:  00000000           addb rh0,#0x00
3ab2:  00000000           addb rh0,#0x00
3ab6:  00000000           addb rh0,#0x00
3aba:  00000000           addb rh0,#0x00
3abe:  00000000           addb rh0,#0x00
3ac2:  00000000           addb rh0,#0x00
3ac6:  00000000           addb rh0,#0x00
3aca:  00000000           addb rh0,#0x00
3ace:  00000000           addb rh0,#0x00
3ad2:  00000000           addb rh0,#0x00
3ad6:  00000000           addb rh0,#0x00
3ada:  00000000           addb rh0,#0x00
3ade:  00000000           addb rh0,#0x00
3ae2:  00000000           addb rh0,#0x00
3ae6:  00000000           addb rh0,#0x00
3aea:  00000000           addb rh0,#0x00
3aee:  00000000           addb rh0,#0x00
3af2:  00000000           addb rh0,#0x00
3af6:  00000000           addb rh0,#0x00
3afa:  00000000           addb rh0,#0x00
3afe:  00000000           addb rh0,#0x00
3b02:  00000000           addb rh0,#0x00
3b06:  00000000           addb rh0,#0x00
3b0a:  00000000           addb rh0,#0x00
3b0e:  00000000           addb rh0,#0x00
3b12:  00000000           addb rh0,#0x00
3b16:  00000000           addb rh0,#0x00
3b1a:  00000000           addb rh0,#0x00
3b1e:  00000000           addb rh0,#0x00
3b22:  00000000           addb rh0,#0x00
3b26:  00000000           addb rh0,#0x00
3b2a:  00000000           addb rh0,#0x00
3b2e:  00000000           addb rh0,#0x00
3b32:  00000000           addb rh0,#0x00
3b36:  00000000           addb rh0,#0x00
3b3a:  00000000           addb rh0,#0x00
3b3e:  00000000           addb rh0,#0x00
3b42:  00000000           addb rh0,#0x00
3b46:  00000000           addb rh0,#0x00
3b4a:  00000000           addb rh0,#0x00
3b4e:  00000000           addb rh0,#0x00
3b52:  00000000           addb rh0,#0x00
3b56:  00000000           addb rh0,#0x00
3b5a:  00000000           addb rh0,#0x00
3b5e:  00000000           addb rh0,#0x00
3b62:  00000000           addb rh0,#0x00
3b66:  00000000           addb rh0,#0x00
3b6a:  00000000           addb rh0,#0x00
3b6e:  00000000           addb rh0,#0x00
3b72:  00000000           addb rh0,#0x00
3b76:  00000000           addb rh0,#0x00
3b7a:  00000000           addb rh0,#0x00
3b7e:  00000000           addb rh0,#0x00
3b82:  00000000           addb rh0,#0x00
3b86:  00000000           addb rh0,#0x00
3b8a:  00000000           addb rh0,#0x00
3b8e:  00000000           addb rh0,#0x00
3b92:  00000000           addb rh0,#0x00
3b96:  00000000           addb rh0,#0x00
3b9a:  00000000           addb rh0,#0x00
3b9e:  00000000           addb rh0,#0x00
3ba2:  00000000           addb rh0,#0x00
3ba6:  00000000           addb rh0,#0x00
3baa:  00000000           addb rh0,#0x00
3bae:  00000000           addb rh0,#0x00
3bb2:  00000000           addb rh0,#0x00
3bb6:  00000000           addb rh0,#0x00
3bba:  00000000           addb rh0,#0x00
3bbe:  00000000           addb rh0,#0x00
3bc2:  00000000           addb rh0,#0x00
3bc6:  00000000           addb rh0,#0x00
3bca:  00000000           addb rh0,#0x00
3bce:  00000000           addb rh0,#0x00
3bd2:  00000000           addb rh0,#0x00
3bd6:  00000000           addb rh0,#0x00
3bda:  00000000           addb rh0,#0x00
3bde:  00000000           addb rh0,#0x00
3be2:  00000000           addb rh0,#0x00
3be6:  00000000           addb rh0,#0x00
3bea:  00000000           addb rh0,#0x00
3bee:  00000000           addb rh0,#0x00
3bf2:  00000000           addb rh0,#0x00
3bf6:  00000000           addb rh0,#0x00
3bfa:  00000000           addb rh0,#0x00
3bfe:  00000000           addb rh0,#0x00
3c02:  00000000           addb rh0,#0x00
3c06:  00000000           addb rh0,#0x00
3c0a:  00000000           addb rh0,#0x00
3c0e:  00000000           addb rh0,#0x00
3c12:  00000000           addb rh0,#0x00
3c16:  00000000           addb rh0,#0x00
3c1a:  00000000           addb rh0,#0x00
3c1e:  00000000           addb rh0,#0x00
3c22:  00000000           addb rh0,#0x00
3c26:  00000000           addb rh0,#0x00
3c2a:  00000000           addb rh0,#0x00
3c2e:  00000000           addb rh0,#0x00
3c32:  00000000           addb rh0,#0x00
3c36:  00000000           addb rh0,#0x00
3c3a:  00000000           addb rh0,#0x00
3c3e:  00000000           addb rh0,#0x00
3c42:  00000000           addb rh0,#0x00
3c46:  00000000           addb rh0,#0x00
3c4a:  00000000           addb rh0,#0x00
3c4e:  00000000           addb rh0,#0x00
3c52:  00000000           addb rh0,#0x00
3c56:  00000000           addb rh0,#0x00
3c5a:  00000000           addb rh0,#0x00
3c5e:  00000000           addb rh0,#0x00
3c62:  00000000           addb rh0,#0x00
3c66:  00000000           addb rh0,#0x00
3c6a:  00000000           addb rh0,#0x00
3c6e:  00000000           addb rh0,#0x00
3c72:  00000000           addb rh0,#0x00
3c76:  00000000           addb rh0,#0x00
3c7a:  00000000           addb rh0,#0x00
3c7e:  00000000           addb rh0,#0x00
3c82:  00000000           addb rh0,#0x00
3c86:  00000000           addb rh0,#0x00
3c8a:  00000000           addb rh0,#0x00
3c8e:  00000000           addb rh0,#0x00
3c92:  00000000           addb rh0,#0x00
3c96:  00000000           addb rh0,#0x00
3c9a:  00000000           addb rh0,#0x00
3c9e:  00000000           addb rh0,#0x00
3ca2:  00000000           addb rh0,#0x00
3ca6:  00000000           addb rh0,#0x00
3caa:  00000000           addb rh0,#0x00
3cae:  00000000           addb rh0,#0x00
3cb2:  00000000           addb rh0,#0x00
3cb6:  00000000           addb rh0,#0x00
3cba:  00000000           addb rh0,#0x00
3cbe:  00000000           addb rh0,#0x00
3cc2:  00000000           addb rh0,#0x00
3cc6:  00000000           addb rh0,#0x00
3cca:  00000000           addb rh0,#0x00
3cce:  00000000           addb rh0,#0x00
3cd2:  00000000           addb rh0,#0x00
3cd6:  00000000           addb rh0,#0x00
3cda:  00000000           addb rh0,#0x00
3cde:  00000000           addb rh0,#0x00
3ce2:  00000000           addb rh0,#0x00
3ce6:  00000000           addb rh0,#0x00
3cea:  00000000           addb rh0,#0x00
3cee:  00000000           addb rh0,#0x00
3cf2:  00000000           addb rh0,#0x00
3cf6:  00000000           addb rh0,#0x00
3cfa:  00000000           addb rh0,#0x00
3cfe:  00000000           addb rh0,#0x00
3d02:  00000000           addb rh0,#0x00
3d06:  00000000           addb rh0,#0x00
3d0a:  00000000           addb rh0,#0x00
3d0e:  00000000           addb rh0,#0x00
3d12:  00000000           addb rh0,#0x00
3d16:  00000000           addb rh0,#0x00
3d1a:  00000000           addb rh0,#0x00
3d1e:  00000000           addb rh0,#0x00
3d22:  00000000           addb rh0,#0x00
3d26:  00000000           addb rh0,#0x00
3d2a:  00000000           addb rh0,#0x00
3d2e:  00000000           addb rh0,#0x00
3d32:  00000000           addb rh0,#0x00
3d36:  00000000           addb rh0,#0x00
3d3a:  00000000           addb rh0,#0x00
3d3e:  00000000           addb rh0,#0x00
3d42:  00000000           addb rh0,#0x00
3d46:  00000000           addb rh0,#0x00
3d4a:  00000000           addb rh0,#0x00
3d4e:  00000000           addb rh0,#0x00
3d52:  00000000           addb rh0,#0x00
3d56:  00000000           addb rh0,#0x00
3d5a:  00000000           addb rh0,#0x00
3d5e:  00000000           addb rh0,#0x00
3d62:  00000000           addb rh0,#0x00
3d66:  00000000           addb rh0,#0x00
3d6a:  00000000           addb rh0,#0x00
3d6e:  00000000           addb rh0,#0x00
3d72:  00000000           addb rh0,#0x00
3d76:  00000000           addb rh0,#0x00
3d7a:  00000000           addb rh0,#0x00
3d7e:  00000000           addb rh0,#0x00
3d82:  00000000           addb rh0,#0x00
3d86:  00000000           addb rh0,#0x00
3d8a:  00000000           addb rh0,#0x00
3d8e:  00000000           addb rh0,#0x00
3d92:  00000000           addb rh0,#0x00
3d96:  00000000           addb rh0,#0x00
3d9a:  00000000           addb rh0,#0x00
3d9e:  00000000           addb rh0,#0x00
3da2:  00000000           addb rh0,#0x00
3da6:  00000000           addb rh0,#0x00
3daa:  00000000           addb rh0,#0x00
3dae:  00000000           addb rh0,#0x00
3db2:  00000000           addb rh0,#0x00
3db6:  00000000           addb rh0,#0x00
3dba:  00000000           addb rh0,#0x00
3dbe:  00000000           addb rh0,#0x00
3dc2:  00000000           addb rh0,#0x00
3dc6:  00000000           addb rh0,#0x00
3dca:  00000000           addb rh0,#0x00
3dce:  00000000           addb rh0,#0x00
3dd2:  00000000           addb rh0,#0x00
3dd6:  00000000           addb rh0,#0x00
3dda:  00000000           addb rh0,#0x00
3dde:  00000000           addb rh0,#0x00
3de2:  00000000           addb rh0,#0x00
3de6:  00000000           addb rh0,#0x00
3dea:  00000000           addb rh0,#0x00
3dee:  00000000           addb rh0,#0x00
3df2:  00000000           addb rh0,#0x00
3df6:  00000000           addb rh0,#0x00
3dfa:  00000000           addb rh0,#0x00
3dfe:  00000000           addb rh0,#0x00
3e02:  00000000           addb rh0,#0x00
3e06:  00000000           addb rh0,#0x00
3e0a:  00000000           addb rh0,#0x00
3e0e:  00000000           addb rh0,#0x00
3e12:  00000000           addb rh0,#0x00
3e16:  00000000           addb rh0,#0x00
3e1a:  00000000           addb rh0,#0x00
3e1e:  00000000           addb rh0,#0x00
3e22:  00000000           addb rh0,#0x00
3e26:  00000000           addb rh0,#0x00
3e2a:  00000000           addb rh0,#0x00
3e2e:  00000000           addb rh0,#0x00
3e32:  00000000           addb rh0,#0x00
3e36:  00000000           addb rh0,#0x00
3e3a:  00000000           addb rh0,#0x00
3e3e:  00000000           addb rh0,#0x00
3e42:  00000000           addb rh0,#0x00
3e46:  00000000           addb rh0,#0x00
3e4a:  00000000           addb rh0,#0x00
3e4e:  00000000           addb rh0,#0x00
3e52:  00000000           addb rh0,#0x00
3e56:  00000000           addb rh0,#0x00
3e5a:  00000000           addb rh0,#0x00
3e5e:  00000000           addb rh0,#0x00
3e62:  00000000           addb rh0,#0x00
3e66:  00000000           addb rh0,#0x00
3e6a:  00000000           addb rh0,#0x00
3e6e:  00000000           addb rh0,#0x00
3e72:  00000000           addb rh0,#0x00
3e76:  00000000           addb rh0,#0x00
3e7a:  00000000           addb rh0,#0x00
3e7e:  00000000           addb rh0,#0x00
3e82:  00000000           addb rh0,#0x00
3e86:  00000000           addb rh0,#0x00
3e8a:  00000000           addb rh0,#0x00
3e8e:  00000000           addb rh0,#0x00
3e92:  00000000           addb rh0,#0x00
3e96:  00000000           addb rh0,#0x00
3e9a:  00000000           addb rh0,#0x00
3e9e:  00000000           addb rh0,#0x00
3ea2:  00000000           addb rh0,#0x00
3ea6:  00000000           addb rh0,#0x00
3eaa:  00000000           addb rh0,#0x00
3eae:  00000000           addb rh0,#0x00
3eb2:  00000000           addb rh0,#0x00
3eb6:  00000000           addb rh0,#0x00
3eba:  00000000           addb rh0,#0x00
3ebe:  00000000           addb rh0,#0x00
3ec2:  00000000           addb rh0,#0x00
3ec6:  00000000           addb rh0,#0x00
3eca:  00000000           addb rh0,#0x00
3ece:  00000000           addb rh0,#0x00
3ed2:  00000000           addb rh0,#0x00
3ed6:  00000000           addb rh0,#0x00
3eda:  00000000           addb rh0,#0x00
3ede:  00000000           addb rh0,#0x00
3ee2:  00000000           addb rh0,#0x00
3ee6:  00000000           addb rh0,#0x00
3eea:  00000000           addb rh0,#0x00
3eee:  00000000           addb rh0,#0x00
3ef2:  00000000           addb rh0,#0x00
3ef6:  00000000           addb rh0,#0x00
3efa:  00000000           addb rh0,#0x00
3efe:  00000000           addb rh0,#0x00
3f02:  00000000           addb rh0,#0x00
3f06:  00000000           addb rh0,#0x00
3f0a:  00000000           addb rh0,#0x00
3f0e:  00000000           addb rh0,#0x00
3f12:  00000000           addb rh0,#0x00
3f16:  00000000           addb rh0,#0x00
3f1a:  00000000           addb rh0,#0x00
3f1e:  00000000           addb rh0,#0x00
3f22:  00000000           addb rh0,#0x00
3f26:  00000000           addb rh0,#0x00
3f2a:  00000000           addb rh0,#0x00
3f2e:  00000000           addb rh0,#0x00
3f32:  00000000           addb rh0,#0x00
3f36:  00000000           addb rh0,#0x00
3f3a:  00000000           addb rh0,#0x00
3f3e:  00000000           addb rh0,#0x00
3f42:  00000000           addb rh0,#0x00
3f46:  00000000           addb rh0,#0x00
3f4a:  00000000           addb rh0,#0x00
3f4e:  00000000           addb rh0,#0x00
3f52:  00000000           addb rh0,#0x00
3f56:  00000000           addb rh0,#0x00
3f5a:  00000000           addb rh0,#0x00
3f5e:  00000000           addb rh0,#0x00
3f62:  00000000           addb rh0,#0x00
3f66:  00000000           addb rh0,#0x00
3f6a:  00000000           addb rh0,#0x00
3f6e:  00000000           addb rh0,#0x00
3f72:  00000000           addb rh0,#0x00
3f76:  00000000           addb rh0,#0x00
3f7a:  00000000           addb rh0,#0x00
3f7e:  00000000           addb rh0,#0x00
3f82:  00000000           addb rh0,#0x00
3f86:  00000000           addb rh0,#0x00
3f8a:  00000000           addb rh0,#0x00
3f8e:  00000000           addb rh0,#0x00
3f92:  00000000           addb rh0,#0x00
3f96:  00000000           addb rh0,#0x00
3f9a:  00000000           addb rh0,#0x00
3f9e:  00000000           addb rh0,#0x00
3fa2:  00000000           addb rh0,#0x00
3fa6:  00000000           addb rh0,#0x00
3faa:  00000000           addb rh0,#0x00
3fae:  00000000           addb rh0,#0x00
3fb2:  00000000           addb rh0,#0x00
3fb6:  00000000           addb rh0,#0x00
3fba:  00000000           addb rh0,#0x00
3fbe:  00000000           addb rh0,#0x00
3fc2:  00000000           addb rh0,#0x00
3fc6:  00000000           addb rh0,#0x00
3fca:  00000000           addb rh0,#0x00
3fce:  00000000           addb rh0,#0x00
3fd2:  00000000           addb rh0,#0x00
3fd6:  00000000           addb rh0,#0x00
3fda:  00000000           addb rh0,#0x00
3fde:  00000000           addb rh0,#0x00
3fe2:  00000000           addb rh0,#0x00
3fe6:  00000000           addb rh0,#0x00
3fea:  00000000           addb rh0,#0x00
3fee:  00000000           addb rh0,#0x00
3ff2:  00000000           addb rh0,#0x00
3ff6:  00000000           addb rh0,#0x00
3ffa:  00000000           addb rh0,#0x00
3ffe:  00000000           addb rh0,#0x00
4002:  00000000           addb rh0,#0x00
4006:  00000000           addb rh0,#0x00
400a:  00000000           addb rh0,#0x00
400e:  00000000           addb rh0,#0x00
4012:  00000000           addb rh0,#0x00
4016:  00000000           addb rh0,#0x00
401a:  00000000           addb rh0,#0x00
401e:  00000000           addb rh0,#0x00
4022:  00000000           addb rh0,#0x00
4026:  00000000           addb rh0,#0x00
402a:  00000000           addb rh0,#0x00
402e:  00000000           addb rh0,#0x00
4032:  00000000           addb rh0,#0x00
4036:  00000000           addb rh0,#0x00
403a:  00000000           addb rh0,#0x00
403e:  00000000           addb rh0,#0x00
4042:  00000000           addb rh0,#0x00
4046:  00000000           addb rh0,#0x00
404a:  00000000           addb rh0,#0x00
404e:  00000000           addb rh0,#0x00
4052:  00000000           addb rh0,#0x00
4056:  00000000           addb rh0,#0x00
405a:  00000000           addb rh0,#0x00
405e:  00000000           addb rh0,#0x00
4062:  00000000           addb rh0,#0x00
4066:  00000000           addb rh0,#0x00
406a:  00000000           addb rh0,#0x00
406e:  00000000           addb rh0,#0x00
4072:  00000000           addb rh0,#0x00
4076:  00000000           addb rh0,#0x00
407a:  00000000           addb rh0,#0x00
407e:  00000000           addb rh0,#0x00
4082:  00000000           addb rh0,#0x00
4086:  00000000           addb rh0,#0x00
408a:  00000000           addb rh0,#0x00
408e:  00000000           addb rh0,#0x00
4092:  00000000           addb rh0,#0x00
4096:  00000000           addb rh0,#0x00
409a:  00000000           addb rh0,#0x00
409e:  00000000           addb rh0,#0x00
40a2:  00000000           addb rh0,#0x00
40a6:  00000000           addb rh0,#0x00
40aa:  00000000           addb rh0,#0x00
40ae:  00000000           addb rh0,#0x00
40b2:  00000000           addb rh0,#0x00
40b6:  00000000           addb rh0,#0x00
40ba:  00000000           addb rh0,#0x00
40be:  00000000           addb rh0,#0x00
40c2:  00000000           addb rh0,#0x00
40c6:  00000000           addb rh0,#0x00
40ca:  00000000           addb rh0,#0x00
40ce:  00000000           addb rh0,#0x00
40d2:  00000000           addb rh0,#0x00
40d6:  00000000           addb rh0,#0x00
40da:  00000000           addb rh0,#0x00
40de:  00000000           addb rh0,#0x00
40e2:  00000000           addb rh0,#0x00
40e6:  00000000           addb rh0,#0x00
40ea:  00000000           addb rh0,#0x00
40ee:  00000000           addb rh0,#0x00
40f2:  00000000           addb rh0,#0x00
40f6:  00000000           addb rh0,#0x00
40fa:  00000000           addb rh0,#0x00
40fe:  00000000           addb rh0,#0x00
4102:  00000000           addb rh0,#0x00
4106:  00000000           addb rh0,#0x00
410a:  00000000           addb rh0,#0x00
410e:  00000000           addb rh0,#0x00
4112:  00000000           addb rh0,#0x00
4116:  00000000           addb rh0,#0x00
411a:  00000000           addb rh0,#0x00
411e:  00000000           addb rh0,#0x00
4122:  00000000           addb rh0,#0x00
4126:  00000000           addb rh0,#0x00
412a:  00000000           addb rh0,#0x00
412e:  00000000           addb rh0,#0x00
4132:  00000000           addb rh0,#0x00
4136:  00000000           addb rh0,#0x00
413a:  00000000           addb rh0,#0x00
413e:  00000000           addb rh0,#0x00
4142:  00000000           addb rh0,#0x00
4146:  00000000           addb rh0,#0x00
414a:  00000000           addb rh0,#0x00
414e:  00000000           addb rh0,#0x00
4152:  00000000           addb rh0,#0x00
4156:  00000000           addb rh0,#0x00
415a:  00000000           addb rh0,#0x00
415e:  00000000           addb rh0,#0x00
4162:  00000000           addb rh0,#0x00
4166:  00000000           addb rh0,#0x00
416a:  00000000           addb rh0,#0x00
416e:  00000000           addb rh0,#0x00
4172:  00000000           addb rh0,#0x00
4176:  00000000           addb rh0,#0x00
417a:  00000000           addb rh0,#0x00
417e:  00000000           addb rh0,#0x00
4182:  00000000           addb rh0,#0x00
4186:  00000000           addb rh0,#0x00
418a:  00000000           addb rh0,#0x00
418e:  00000000           addb rh0,#0x00
4192:  00000000           addb rh0,#0x00
4196:  00000000           addb rh0,#0x00
419a:  00000000           addb rh0,#0x00
419e:  00000000           addb rh0,#0x00
41a2:  00000000           addb rh0,#0x00
41a6:  00000000           addb rh0,#0x00
41aa:  00000000           addb rh0,#0x00
41ae:  00000000           addb rh0,#0x00
41b2:  00000000           addb rh0,#0x00
41b6:  00000000           addb rh0,#0x00
41ba:  00000000           addb rh0,#0x00
41be:  00000000           addb rh0,#0x00
41c2:  00000000           addb rh0,#0x00
41c6:  00000000           addb rh0,#0x00
41ca:  00000000           addb rh0,#0x00
41ce:  00000000           addb rh0,#0x00
41d2:  00000000           addb rh0,#0x00
41d6:  00000000           addb rh0,#0x00
41da:  00000000           addb rh0,#0x00
41de:  00000000           addb rh0,#0x00
41e2:  00000000           addb rh0,#0x00
41e6:  00000000           addb rh0,#0x00
41ea:  00000000           addb rh0,#0x00
41ee:  00000000           addb rh0,#0x00
41f2:  00000000           addb rh0,#0x00
41f6:  00000000           addb rh0,#0x00
41fa:  00000000           addb rh0,#0x00
41fe:  00000000           addb rh0,#0x00
4202:  00000000           addb rh0,#0x00
4206:  00000000           addb rh0,#0x00
420a:  00000000           addb rh0,#0x00
420e:  00000000           addb rh0,#0x00
4212:  00000000           addb rh0,#0x00
4216:  00000000           addb rh0,#0x00
421a:  00000000           addb rh0,#0x00
421e:  00000000           addb rh0,#0x00
4222:  00000000           addb rh0,#0x00
4226:  00000000           addb rh0,#0x00
422a:  00000000           addb rh0,#0x00
422e:  00000000           addb rh0,#0x00
4232:  00000000           addb rh0,#0x00
4236:  00000000           addb rh0,#0x00
423a:  00000000           addb rh0,#0x00
423e:  00000000           addb rh0,#0x00
4242:  00000000           addb rh0,#0x00
4246:  00000000           addb rh0,#0x00
424a:  00000000           addb rh0,#0x00
424e:  00000000           addb rh0,#0x00
4252:  00000000           addb rh0,#0x00
4256:  00000000           addb rh0,#0x00
425a:  00000000           addb rh0,#0x00
425e:  00000000           addb rh0,#0x00
4262:  00000000           addb rh0,#0x00
4266:  00000000           addb rh0,#0x00
426a:  00000000           addb rh0,#0x00
426e:  00000000           addb rh0,#0x00
4272:  00000000           addb rh0,#0x00
4276:  00000000           addb rh0,#0x00
427a:  00000000           addb rh0,#0x00
427e:  00000000           addb rh0,#0x00
4282:  00000000           addb rh0,#0x00
4286:  00000000           addb rh0,#0x00
428a:  00000000           addb rh0,#0x00
428e:  00000000           addb rh0,#0x00
4292:  00000000           addb rh0,#0x00
4296:  00000000           addb rh0,#0x00
429a:  00000000           addb rh0,#0x00
429e:  00000000           addb rh0,#0x00
42a2:  00000000           addb rh0,#0x00
42a6:  00000000           addb rh0,#0x00
42aa:  00000000           addb rh0,#0x00
42ae:  00000000           addb rh0,#0x00
42b2:  00000000           addb rh0,#0x00
42b6:  00000000           addb rh0,#0x00
42ba:  00000000           addb rh0,#0x00
42be:  00000000           addb rh0,#0x00
42c2:  00000000           addb rh0,#0x00
42c6:  00000000           addb rh0,#0x00
42ca:  00000000           addb rh0,#0x00
42ce:  00000000           addb rh0,#0x00
42d2:  00000000           addb rh0,#0x00
42d6:  00000000           addb rh0,#0x00
42da:  00000000           addb rh0,#0x00
42de:  00000000           addb rh0,#0x00
42e2:  00000000           addb rh0,#0x00
42e6:  00000000           addb rh0,#0x00
42ea:  00000000           addb rh0,#0x00
42ee:  00000000           addb rh0,#0x00
42f2:  00000000           addb rh0,#0x00
42f6:  00000000           addb rh0,#0x00
42fa:  00000000           addb rh0,#0x00
42fe:  00000000           addb rh0,#0x00
4302:  00000000           addb rh0,#0x00
4306:  00000000           addb rh0,#0x00
430a:  00000000           addb rh0,#0x00
430e:  00000000           addb rh0,#0x00
4312:  00000000           addb rh0,#0x00
4316:  00000000           addb rh0,#0x00
431a:  00000000           addb rh0,#0x00
431e:  00000000           addb rh0,#0x00
4322:  00000000           addb rh0,#0x00
4326:  00000000           addb rh0,#0x00
432a:  00000000           addb rh0,#0x00
432e:  00000000           addb rh0,#0x00
4332:  00000000           addb rh0,#0x00
4336:  00000000           addb rh0,#0x00
433a:  00000000           addb rh0,#0x00
433e:  00000000           addb rh0,#0x00
4342:  00000000           addb rh0,#0x00
4346:  00000000           addb rh0,#0x00
434a:  00000000           addb rh0,#0x00
434e:  00000000           addb rh0,#0x00
4352:  00000000           addb rh0,#0x00
4356:  00000000           addb rh0,#0x00
435a:  00000000           addb rh0,#0x00
435e:  00000000           addb rh0,#0x00
4362:  00000000           addb rh0,#0x00
4366:  00000000           addb rh0,#0x00
436a:  00000000           addb rh0,#0x00
436e:  00000000           addb rh0,#0x00
4372:  00000000           addb rh0,#0x00
4376:  00000000           addb rh0,#0x00
437a:  00000000           addb rh0,#0x00
437e:  00000000           addb rh0,#0x00
4382:  00000000           addb rh0,#0x00
4386:  00000000           addb rh0,#0x00
438a:  00000000           addb rh0,#0x00
438e:  00000000           addb rh0,#0x00
4392:  00000000           addb rh0,#0x00
4396:  00000000           addb rh0,#0x00
439a:  00000000           addb rh0,#0x00
439e:  00000000           addb rh0,#0x00
43a2:  00000000           addb rh0,#0x00
43a6:  00000000           addb rh0,#0x00
43aa:  00000000           addb rh0,#0x00
43ae:  00000000           addb rh0,#0x00
43b2:  00000000           addb rh0,#0x00
43b6:  00000000           addb rh0,#0x00
43ba:  00000000           addb rh0,#0x00
43be:  00000000           addb rh0,#0x00
43c2:  00000000           addb rh0,#0x00
43c6:  00000000           addb rh0,#0x00
43ca:  00000000           addb rh0,#0x00
43ce:  00000000           addb rh0,#0x00
43d2:  00000000           addb rh0,#0x00
43d6:  00000000           addb rh0,#0x00
43da:  00000000           addb rh0,#0x00
43de:  00000000           addb rh0,#0x00
43e2:  00000000           addb rh0,#0x00
43e6:  00000000           addb rh0,#0x00
43ea:  00000000           addb rh0,#0x00
43ee:  00000000           addb rh0,#0x00
43f2:  00000000           addb rh0,#0x00
43f6:  00000000           addb rh0,#0x00
43fa:  00000000           addb rh0,#0x00
43fe:  00000000           addb rh0,#0x00
4402:  00000000           addb rh0,#0x00
4406:  00000000           addb rh0,#0x00
440a:  00000000           addb rh0,#0x00
440e:  00000000           addb rh0,#0x00
4412:  00000000           addb rh0,#0x00
4416:  00000000           addb rh0,#0x00
441a:  00000000           addb rh0,#0x00
441e:  00000000           addb rh0,#0x00
4422:  00000000           addb rh0,#0x00
4426:  00000000           addb rh0,#0x00
442a:  00000000           addb rh0,#0x00
442e:  00000000           addb rh0,#0x00
4432:  00000000           addb rh0,#0x00
4436:  00000000           addb rh0,#0x00
443a:  00000000           addb rh0,#0x00
443e:  00000000           addb rh0,#0x00
4442:  00000000           addb rh0,#0x00
4446:  00000000           addb rh0,#0x00
444a:  00000000           addb rh0,#0x00
444e:  00000000           addb rh0,#0x00
4452:  00000000           addb rh0,#0x00
4456:  00000000           addb rh0,#0x00
445a:  00000000           addb rh0,#0x00
445e:  00000000           addb rh0,#0x00
4462:  00000000           addb rh0,#0x00
4466:  00000000           addb rh0,#0x00
446a:  00000000           addb rh0,#0x00
446e:  00000000           addb rh0,#0x00
4472:  00000000           addb rh0,#0x00
4476:  00000000           addb rh0,#0x00
447a:  00000000           addb rh0,#0x00
447e:  00000000           addb rh0,#0x00
4482:  00000000           addb rh0,#0x00
4486:  00000000           addb rh0,#0x00
448a:  00000000           addb rh0,#0x00
448e:  00000000           addb rh0,#0x00
4492:  00000000           addb rh0,#0x00
4496:  00000000           addb rh0,#0x00
449a:  00000000           addb rh0,#0x00
449e:  00000000           addb rh0,#0x00
44a2:  00000000           addb rh0,#0x00
44a6:  00000000           addb rh0,#0x00
44aa:  00000000           addb rh0,#0x00
44ae:  00000000           addb rh0,#0x00
44b2:  00000000           addb rh0,#0x00
44b6:  00000000           addb rh0,#0x00
44ba:  00000000           addb rh0,#0x00
44be:  00000000           addb rh0,#0x00
44c2:  00000000           addb rh0,#0x00
44c6:  00000000           addb rh0,#0x00
44ca:  00000000           addb rh0,#0x00
44ce:  00000000           addb rh0,#0x00
44d2:  00000000           addb rh0,#0x00
44d6:  00000000           addb rh0,#0x00
44da:  00000000           addb rh0,#0x00
44de:  00000000           addb rh0,#0x00
44e2:  00000000           addb rh0,#0x00
44e6:  00000000           addb rh0,#0x00
44ea:  00000000           addb rh0,#0x00
44ee:  00000000           addb rh0,#0x00
44f2:  00000000           addb rh0,#0x00
44f6:  00000000           addb rh0,#0x00
44fa:  00000000           addb rh0,#0x00
44fe:  00008d07           addb rh0,#0x07
4502:  df39               calr 0x4692
4504:  34020498           ldar rr2,0x49a0
4508:  30200002           ldb rh0,rr2(#0x0002)
450c:  0a00ffff           cpb rh0,#0xff
4510:  e605               jr z,0x451c
4512:  2100003e           ld r0,#0x003e
4516:  5e08a100466c       jp <<33>>0x466c
451c:  2020               ldb rh0,@rr2
451e:  34040372           ldar rr4,0x4894
4522:  2048               ldb rl0,@rr4
4524:  0a08ffff           cpb rl0,#0xff
4528:  ee05               jr nz,0x4534
452a:  2100003e           ld r0,#0x003e
452e:  5e08a100466c       jp <<33>>0x466c
4534:  8a08               cpb rl0,rh0
4536:  e602               jr z,0x453c
4538:  a950               inc r5,#1
453a:  e8f3               jr 0x4522
453c:  8d28               clr r2
453e:  a082               ldb rh2,rl0
4540:  a12a               ld r10,r2
4542:  a5af               set r10,#15
4544:  8db8               clr r11
4546:  2103ff00           ld r3,#0xff00
454a:  df41               calr 0x46ca
454c:  7608a1007400       lda rr8,<<33>>0x7400
4552:  210003bc           ld r0,#0x03bc
4556:  94ac               ldl rr12,rr10
4558:  ba8100a0           ldirb @rr10,@rr8,r0
455c:  340a0002           ldar rr10,0x4562
4560:  1ec8               jp @rr12
4562:  8d07               nop
4564:  8d74               test r7
4566:  eeff               jr nz,0x4566
4568:  8d07               nop
456a:  8d07               nop
456c:  df6e               calr 0x4692
456e:  8d07               nop
4570:  610181000222       ld r1,<<1>>0x0222
4576:  03010080           sub r1,#0x0080
457a:  330100e4           ldr 0x4662,r1
457e:  01010080           add r1,#0x0080
4582:  c822               ldb rl0,#0x22
4584:  deab               calr 0x4830
4586:  8b12               cp r2,r1
4588:  efff               jr nc,0x4588
458a:  8321               sub r1,r2
458c:  330200d0           ldr 0x4660,r2
4590:  b311fffd           srl r1,#3
4594:  8d14               test r1
4596:  e6ff               jr z,0x4596
4598:  8c14               testb rh1
459a:  e602               jr z,0x45a0
459c:  b311fffd           srl r1,#3
45a0:  34040330           ldar rr4,0x48d4
45a4:  5c090104a1004656   ldm <<33>>0x4656,r1,#5
45ac:  2048               ldb rl0,@rr4
45ae:  8c84               testb rl0
45b0:  e64e               jr z,0x464e
45b2:  c37f               ldb rh3,#0x7f
45b4:  8cb8               clrb rl3
45b6:  3102009e           ldr r2,0x4658
45ba:  0702fff0           and r2,#0xfff0
45be:  dea9               calr 0x486e
45c0:  9266               subl rr6,rr6
45c2:  a086               ldb rh6,rl0
45c4:  a56f               set r6,#15
45c6:  21000100           ld r0,#0x0100
45ca:  35080096           ldrl rr8,0x4664
45ce:  bb810060           ldir @rr6,@rr8,r0
45d2:  21000100           ld r0,#0x0100
45d6:  3508008a           ldrl rr8,0x4664
45da:  8d78               clr r7
45dc:  bb66008e           cpsir @rr8,@rr6,r0,nz
45e0:  e6ff               jr z,0x45e0
45e2:  5c010104a1004656   ldm r1,<<33>>0x4656,#5
45ea:  8112               add r2,r1
45ec:  4b02a1004662       cp r2,<<33>>0x4662
45f2:  e7d8               jr c,0x45a4
45f4:  760681000230       lda rr6,<<1>>0x0230
45fa:  21000012           ld r0,#0x0012
45fe:  2161               ld r1,@rr6
4600:  0a01fefe           cpb rh1,#0xfe
4604:  8d07               nop
4606:  a973               inc r7,#4
4608:  f086               djnz r0,0x45fe
460a:  e819               jr 0x463e
460c:  34060300           ldar rr6,0x4910
4610:  3160006c           ld r0,rr6(#0x006c)
4614:  0b00ff00           cp r0,#0xff00
4618:  ee12               jr nz,0x463e
461a:  2048               ldb rl0,@rr4
461c:  c3ff               ldb rh3,#0xff
461e:  2102ff00           ld r2,#0xff00
4622:  dedb               calr 0x486e
4624:  9266               subl rr6,rr6
4626:  a086               ldb rh6,rl0
4628:  a56f               set r6,#15
462a:  3508003a           ldrl rr8,0x4668
462e:  21022000           ld r2,#0x2000
4632:  2161               ld r1,@rr6
4634:  0b81               cp r1,@rr8
4636:  eeff               jr nz,0x4636
4638:  a971               inc r7,#2
463a:  a991               inc r9,#2
463c:  f286               djnz r2,0x4632
463e:  5c010104a1004656   ldm r1,<<33>>0x4656,#5
4646:  a950               inc r5,#1
4648:  31020014           ldr r2,0x4660
464c:  e8ab               jr 0x45a4
464e:  dfd1               calr 0x46ae
4650:  8d07               nop
4652:  8d07               nop
4654:  9e08               ret 
4656:  00000000           addb rh0,#0x00
465a:  00000000           addb rh0,#0x00
465e:  00000000           addb rh0,#0x00
4662:  00008200           addb rh0,#0x00
4666:  00009b00           addb rh0,#0x00
466a:  00006f00           addb rh0,#0x00
466e:  a100               ld r0,r0
4670:  426c5f00           subb rl4,<<95>>0x0000(r6)
4674:  a100               ld r0,r0
4676:  467a9e085c09       andb rl2,<<30>>0x5c09(r7)
467c:  000da100           addb rl5,#0x00
4680:  71805f00           ld r0,rr8(r15)
4684:  a100               ld r0,r0
4686:  1742               pop @rr2,@rr4
4688:  5c01000da1007180   ldm r0,<<33>>0x7180,#14
4690:  9e08               ret 
4692:  3402027a           ldar rr2,0x4910
4696:  9200               subl rr0,rr0
4698:  3a8701fc           soutb #0x01fc,rl0
469c:  3a8720fc           soutb #0x20fc,rl0
46a0:  21010100           ld r1,#0x0100
46a4:  21050ffc           ld r5,#0x0ffc
46a8:  3a510120           sinirb @rr2,@r5,r1
46ac:  9e08               ret 
46ae:  3402025e           ldar rr2,0x4910
46b2:  9200               subl rr0,rr0
46b4:  3a8701fc           soutb #0x01fc,rl0
46b8:  3a8720fc           soutb #0x20fc,rl0
46bc:  21010100           ld r1,#0x0100
46c0:  21050ffc           ld r5,#0x0ffc
46c4:  3a230150           sotirb @r5,@rr2,r1
46c8:  9e08               ret 
46ca:  8c08               clrb rh0
46cc:  3a8701fc           soutb #0x01fc,rl0
46d0:  3a0720fc           soutb #0x20fc,rh0
46d4:  3a270ffc           soutb #0x0ffc,rh2
46d8:  3aa70ffc           soutb #0x0ffc,rl2
46dc:  3a370ffc           soutb #0x0ffc,rh3
46e0:  3ab70ffc           soutb #0x0ffc,rl3
46e4:  9e08               ret 
46e6:  0a0a0202           cpb rl2,#0x02
46ea:  4d08a10047a2       clr <<33>>0x47a2
46f0:  ee04               jr nz,0x46fa
46f2:  4d05a10047a2ffff   ld <<33>>0x47a2,#0xffff
46fa:  5c09000da1004a10   ldm <<33>>0x4a10,r0,#14
4702:  c825               ldb rl0,#0x25
4704:  dfb1               calr 0x47a4
4706:  9424               ldl rr4,rr2
4708:  c826               ldb rl0,#0x26
470a:  dfb4               calr 0x47a4
470c:  8a35               cpb rh5,rh3
470e:  ee3b               jr nz,0x4786
4710:  0a05ffff           cpb rh5,#0xff
4714:  ee38               jr nz,0x4786
4716:  a140               ld r0,r4
4718:  a800               incb rh0,#1
471a:  8b20               cp r0,r2
471c:  ee34               jr nz,0x4786
471e:  aa20               decb rh2,#1
4720:  8cb8               clrb rl3
4722:  3702006e           ldrl 0x4794,rr2
4726:  a820               incb rh2,#1
4728:  3302006c           ldr 0x4798,r2
472c:  c8e0               ldb rl0,#0xe0
472e:  dfc1               calr 0x47ae
4730:  8c88               clrb rl0
4732:  3502005e           ldrl rr2,0x4794
4736:  dfbb               calr 0x47c2
4738:  a880               incb rl0,#1
473a:  eefb               jr nz,0x4732
473c:  dfb9               calr 0x47cc
473e:  2108c000           ld r8,#0xc000
4742:  33080054           ldr 0x479a,r8
4746:  8d98               clr r9
4748:  350a0050           ldrl rr10,0x479c
474c:  310c0050           ldr r12,0x47a0
4750:  bba10c80           ldir @rr8,@rr10,r12
4754:  31080042           ldr r8,0x479a
4758:  8d98               clr r9
475a:  350a003e           ldrl rr10,0x479c
475e:  310c003e           ldr r12,0x47a0
4762:  bba60c8e           cpsir @rr8,@rr10,r12,nz
4766:  e614               jr z,0x4790
4768:  3108002e           ldr r8,0x479a
476c:  01080100           add r8,#0x0100
4770:  8d84               test r8
4772:  eee7               jr nz,0x4742
4774:  3502001c           ldrl rr2,0x4794
4778:  a92f               inc r2,#16
477a:  3109001a           ldr r9,0x4798
477e:  8b92               cp r2,r9
4780:  37020010           ldrl 0x4794,rr2
4784:  e7d5               jr c,0x4730
4786:  5c01000da1004a10   ldm r0,<<33>>0x4a10,#14
478e:  9e08               ret 
4790:  bd71               ldk r7,#1
4792:  e8ff               jr 0x4792
4794:  00000000           addb rh0,#0x00
4798:  00000000           addb rh0,#0x00
479c:  a100               ld r0,r0
479e:  00000100           addb rh0,#0x00
47a2:  00004d04           addb rh0,#0x04
47a6:  a100               ld r0,r0
47a8:  47a2ee42e814       and r2,<<110>>0xe814(r10)
47ae:  4d04a10047a2       test <<33>>0x47a2
47b4:  e603               jr z,0x47bc
47b6:  3a8700fa           soutb #0x00fa,rl0
47ba:  9e08               ret 
47bc:  3a8700fc           soutb #0x00fc,rl0
47c0:  9e08               ret 
47c2:  4d04a10047a2       test <<33>>0x47a2
47c8:  e652               jr z,0x486e
47ca:  e824               jr 0x4814
47cc:  4d04a10047a2       test <<33>>0x47a2
47d2:  e63c               jr z,0x484c
47d4:  e80e               jr 0x47f2
47d6:  8c08               clrb rh0
47d8:  3a8701fa           soutb #0x01fa,rl0
47dc:  3a0720fa           soutb #0x20fa,rh0
47e0:  3a250ffa           sinb rh2,#0x0ffa
47e4:  3aa50ffa           sinb rl2,#0x0ffa
47e8:  3a350ffa           sinb rh3,#0x0ffa
47ec:  3ab50ffa           sinb rl3,#0x0ffa
47f0:  9e08               ret 
47f2:  9222               subl rr2,rr2
47f4:  c225               ldb rh2,#0x25
47f6:  9200               subl rr0,rr0
47f8:  3a8701fa           soutb #0x01fa,rl0
47fc:  3a8720fa           soutb #0x20fa,rl0
4800:  21010100           ld r1,#0x0100
4804:  21050ffa           ld r5,#0x0ffa
4808:  3a510120           sinirb @rr2,@r5,r1
480c:  9e08               ret 
480e:  1402ffffffff       ldl rr2,#0xffffffff
4814:  8c08               clrb rh0
4816:  3a8701fa           soutb #0x01fa,rl0
481a:  3a0720fa           soutb #0x20fa,rh0
481e:  3a270ffa           soutb #0x0ffa,rh2
4822:  3aa70ffa           soutb #0x0ffa,rl2
4826:  3a370ffa           soutb #0x0ffa,rh3
482a:  3ab70ffa           soutb #0x0ffa,rl3
482e:  9e08               ret 
4830:  8c08               clrb rh0
4832:  3a8701fc           soutb #0x01fc,rl0
4836:  3a0720fc           soutb #0x20fc,rh0
483a:  3a250ffc           sinb rh2,#0x0ffc
483e:  3aa50ffc           sinb rl2,#0x0ffc
4842:  3a350ffc           sinb rh3,#0x0ffc
4846:  3ab50ffc           sinb rl3,#0x0ffc
484a:  9e08               ret 
484c:  9222               subl rr2,rr2
484e:  c225               ldb rh2,#0x25
4850:  9200               subl rr0,rr0
4852:  3a8701fc           soutb #0x01fc,rl0
4856:  3a8720fc           soutb #0x20fc,rl0
485a:  21010100           ld r1,#0x0100
485e:  21050ffc           ld r5,#0x0ffc
4862:  3a510120           sinirb @rr2,@r5,r1
4866:  9e08               ret 
4868:  1402ffffffff       ldl rr2,#0xffffffff
486e:  8c08               clrb rh0
4870:  3a8701fc           soutb #0x01fc,rl0
4874:  3a0720fc           soutb #0x20fc,rh0
4878:  3a270ffc           soutb #0x0ffc,rh2
487c:  3aa70ffc           soutb #0x0ffc,rl2
4880:  3a370ffc           soutb #0x0ffc,rh3
4884:  3ab70ffc           soutb #0x0ffc,rl3
4888:  9e08               ret 
488a:  8d07               nop
488c:  ca02               ldb rl2,#0x02
488e:  d0d5               calr 0x46e6
4890:  8d07               nop
4892:  9e08               ret 
4894:  1011               cpl rr1,@rr1
4896:  1213               subl rr3,@rr1
4898:  1415               ldl rr5,@rr1
489a:  1617               addl rr7,@rr1
489c:  1c24               .word #0x1c24
489e:  2526               set @rr2,#6
48a0:  2728               bit @rr2,#8
48a2:  292a               inc @rr2,#11
48a4:  2b2c               dec @rr2,#13
48a6:  2d2e               ex r14,@rr2
48a8:  2f30               ld @rr3,r0
48aa:  31323334           ld r2,rr3(#0x3334)
48ae:  35363738           ldl rr6,rr3(#0x3738)
48b2:  393a               .word #0x393a
48b4:  3b3c               .word #0x3b3c
48b6:  3d3e               in r14,@r3
48b8:  3fff               out @r15,r15
48ba:  ffff               djnz r15,0x47be
48bc:  ffff               djnz r15,0x47c0
48be:  ffff               djnz r15,0x47c2
48c0:  ffff               djnz r15,0x47c4
48c2:  ffff               djnz r15,0x47c6
48c4:  ffff               djnz r15,0x47c8
48c6:  ffff               djnz r15,0x47ca
48c8:  ffff               djnz r15,0x47cc
48ca:  ffff               djnz r15,0x47ce
48cc:  ffff               djnz r15,0x47d0
48ce:  ffff               djnz r15,0x47d2
48d0:  ffff               djnz r15,0x47d4
48d2:  ffff               djnz r15,0x47d6
48d4:  3f3e               out @r3,r14
48d6:  3d3c               in r12,@r3
48d8:  3b3a3938           outd @r3,@rr3,rl1
48dc:  37363534           ldl rr3(#0x3534),rr6
48e0:  33323130           ld rr3(#0x3130),r2
48e4:  2f2e               ld @rr2,r14
48e6:  2d2c               ex r12,@rr2
48e8:  2b2a               dec @rr2,#11
48ea:  2928               inc @rr2,#9
48ec:  2726               bit @rr2,#6
48ee:  2524               set @rr2,#4
48f0:  231f               res @rr1,#15
48f2:  1c17               .word #0x1c17
48f4:  1514               popl @rr4,@rr1
48f6:  1312               push @rr1,@rr2
48f8:  1110               .word #0x1110
48fa:  0f0e0c0b           ext0f #0x0f0e0c0b
48fe:  0a090600           cpb rl1,#0x00
4902:  00000000           addb rh0,#0x00
4906:  00000000           addb rh0,#0x00
490a:  00000000           addb rh0,#0x00
490e:  00000000           addb rh0,#0x00
4912:  00000000           addb rh0,#0x00
4916:  00000000           addb rh0,#0x00
491a:  00000000           addb rh0,#0x00
491e:  00000000           addb rh0,#0x00
4922:  00000000           addb rh0,#0x00
4926:  00000000           addb rh0,#0x00
492a:  00000000           addb rh0,#0x00
492e:  00000000           addb rh0,#0x00
4932:  00000000           addb rh0,#0x00
4936:  00000000           addb rh0,#0x00
493a:  00000000           addb rh0,#0x00
493e:  00000000           addb rh0,#0x00
4942:  00000000           addb rh0,#0x00
4946:  00000000           addb rh0,#0x00
494a:  00000000           addb rh0,#0x00
494e:  00000000           addb rh0,#0x00
4952:  00000000           addb rh0,#0x00
4956:  00000000           addb rh0,#0x00
495a:  00000000           addb rh0,#0x00
495e:  00000000           addb rh0,#0x00
4962:  00000000           addb rh0,#0x00
4966:  00000000           addb rh0,#0x00
496a:  00000000           addb rh0,#0x00
496e:  00000000           addb rh0,#0x00
4972:  00000000           addb rh0,#0x00
4976:  00000000           addb rh0,#0x00
497a:  00000000           addb rh0,#0x00
497e:  00000000           addb rh0,#0x00
4982:  00000000           addb rh0,#0x00
4986:  00000000           addb rh0,#0x00
498a:  00000000           addb rh0,#0x00
498e:  00000000           addb rh0,#0x00
4992:  00000000           addb rh0,#0x00
4996:  00000000           addb rh0,#0x00
499a:  00000000           addb rh0,#0x00
499e:  00000000           addb rh0,#0x00
49a2:  00000000           addb rh0,#0x00
49a6:  00000000           addb rh0,#0x00
49aa:  00000000           addb rh0,#0x00
49ae:  00000000           addb rh0,#0x00
49b2:  00000000           addb rh0,#0x00
49b6:  00000000           addb rh0,#0x00
49ba:  00000000           addb rh0,#0x00
49be:  00000000           addb rh0,#0x00
49c2:  00000000           addb rh0,#0x00
49c6:  00000000           addb rh0,#0x00
49ca:  00000000           addb rh0,#0x00
49ce:  00000000           addb rh0,#0x00
49d2:  00000000           addb rh0,#0x00
49d6:  00000000           addb rh0,#0x00
49da:  00000000           addb rh0,#0x00
49de:  00000000           addb rh0,#0x00
49e2:  00000000           addb rh0,#0x00
49e6:  00000000           addb rh0,#0x00
49ea:  00000000           addb rh0,#0x00
49ee:  00000000           addb rh0,#0x00
49f2:  00000000           addb rh0,#0x00
49f6:  00000000           addb rh0,#0x00
49fa:  00000000           addb rh0,#0x00
49fe:  00000000           addb rh0,#0x00
4a02:  00000000           addb rh0,#0x00
4a06:  00000000           addb rh0,#0x00
4a0a:  00000000           addb rh0,#0x00
4a0e:  00000000           addb rh0,#0x00
4a12:  00000000           addb rh0,#0x00
4a16:  00000000           addb rh0,#0x00
4a1a:  00000000           addb rh0,#0x00
4a1e:  00000000           addb rh0,#0x00
4a22:  00000000           addb rh0,#0x00
4a26:  00000000           addb rh0,#0x00
4a2a:  00004d08           addb rh0,#0x08
4a2e:  a100               ld r0,r0
4a30:  426c8c38c255       subb rl4,<<12>>0xc255(r6)
4a36:  5f00a1005164       call <<33>>0x5164
4a3c:  4d04a100426c       test <<33>>0x426c
4a42:  ee56               jr nz,0x4af0
4a44:  5f00a10051a2       call <<33>>0x51a2
4a4a:  4d04a100426c       test <<33>>0x426c
4a50:  ee4f               jr nz,0x4af0
4a52:  5f00a10051e0       call <<33>>0x51e0
4a58:  4d04a100426c       test <<33>>0x426c
4a5e:  ee48               jr nz,0x4af0
4a60:  8c34               testb rh3
4a62:  ee04               jr nz,0x4a6c
4a64:  a830               incb rh3,#1
4a66:  b2210001           sllb rh2,#1
4a6a:  e8e5               jr 0x4a36
4a6c:  8d81               setflg c
4a6e:  8c28               clrb rh2
4a70:  b228               rlcb rh2,#1
4a72:  5f00a1005164       call <<33>>0x5164
4a78:  4d04a100426c       test <<33>>0x426c
4a7e:  ee38               jr nz,0x4af0
4a80:  0a027f7f           cpb rh2,#0x7f
4a84:  eef5               jr nz,0x4a70
4a86:  8d81               setflg c
4a88:  8c28               clrb rh2
4a8a:  b228               rlcb rh2,#1
4a8c:  5f00a10051a2       call <<33>>0x51a2
4a92:  4d04a100426c       test <<33>>0x426c
4a98:  ee2b               jr nz,0x4af0
4a9a:  0a023f3f           cpb rh2,#0x3f
4a9e:  eef5               jr nz,0x4a8a
4aa0:  8d81               setflg c
4aa2:  8c28               clrb rh2
4aa4:  b228               rlcb rh2,#1
4aa6:  e72f               jr c,0x4b06
4aa8:  7606a100521e       lda rr6,<<33>>0x521e
4aae:  7604a100531e       lda rr4,<<33>>0x531e
4ab4:  8d38               clr r3
4ab6:  72620300           ldb rr6(r3),rh2
4aba:  0b0300ff           cp r3,#0x00ff
4abe:  e602               jr z,0x4ac4
4ac0:  a930               inc r3,#1
4ac2:  e8f9               jr 0x4ab6
4ac4:  5f00a10050d4       call <<33>>0x50d4
4aca:  5f00a100511c       call <<33>>0x511c
4ad0:  21030100           ld r3,#0x0100
4ad4:  ba46036e           cpsirb @rr6,@rr4,r3,nz
4ad8:  eee5               jr nz,0x4aa4
4ada:  21070004           ld r7,#0x0004
4ade:  ca02               ldb rl2,#0x02
4ae0:  0a0a0202           cpb rl2,#0x02
4ae4:  e602               jr z,0x4aea
4ae6:  01070006           add r7,#0x0006
4aea:  6f07a100426c       ld <<33>>0x426c,r7
4af0:  5c09000da100541e   ldm <<33>>0x541e,r0,#14
4af8:  5f00a1001742       call <<33>>0x1742
4afe:  5c01000da100541e   ldm r0,<<33>>0x541e,#14
4b06:  9e08               ret 
4b08:  4d08a100426c       clr <<33>>0x426c
4b0e:  7606a100521e       lda rr6,<<33>>0x521e
4b14:  7604a100531e       lda rr4,<<33>>0x531e
4b1a:  8d38               clr r3
4b1c:  726b0300           ldb rr6(r3),rl3
4b20:  0b0300ff           cp r3,#0x00ff
4b24:  e602               jr z,0x4b2a
4b26:  a930               inc r3,#1
4b28:  e8f9               jr 0x4b1c
4b2a:  5f00a10050d4       call <<33>>0x50d4
4b30:  5f00a100511c       call <<33>>0x511c
4b36:  21030100           ld r3,#0x0100
4b3a:  ba46036e           cpsirb @rr6,@rr4,r3,nz
4b3e:  ee17               jr nz,0x4b6e
4b40:  21070005           ld r7,#0x0005
4b44:  ca02               ldb rl2,#0x02
4b46:  0a0a0202           cpb rl2,#0x02
4b4a:  e602               jr z,0x4b50
4b4c:  01070006           add r7,#0x0006
4b50:  6f07a100426c       ld <<33>>0x426c,r7
4b56:  5c09000da100541e   ldm <<33>>0x541e,r0,#14
4b5e:  5f00a1001742       call <<33>>0x1742
4b64:  5c01000da100541e   ldm r0,<<33>>0x541e,#14
4b6c:  9e08               ret 
4b6e:  ca02               ldb rl2,#0x02
4b70:  0a0a0202           cpb rl2,#0x02
4b74:  4d08a1004c2c       clr <<33>>0x4c2c
4b7a:  ee04               jr nz,0x4b84
4b7c:  4d05a1004c2cffff   ld <<33>>0x4c2c,#0xffff
4b84:  5c09000da100543a   ldm <<33>>0x543a,r0,#14
4b8c:  c825               ldb rl0,#0x25
4b8e:  dfb1               calr 0x4c2e
4b90:  9424               ldl rr4,rr2
4b92:  c826               ldb rl0,#0x26
4b94:  dfb4               calr 0x4c2e
4b96:  8a35               cpb rh5,rh3
4b98:  ee3b               jr nz,0x4c10
4b9a:  0a05ffff           cpb rh5,#0xff
4b9e:  ee38               jr nz,0x4c10
4ba0:  a140               ld r0,r4
4ba2:  a800               incb rh0,#1
4ba4:  8b20               cp r0,r2
4ba6:  ee34               jr nz,0x4c10
4ba8:  aa20               decb rh2,#1
4baa:  8cb8               clrb rl3
4bac:  3702006e           ldrl 0x4c1e,rr2
4bb0:  a820               incb rh2,#1
4bb2:  3302006c           ldr 0x4c22,r2
4bb6:  c8e0               ldb rl0,#0xe0
4bb8:  dfc1               calr 0x4c38
4bba:  8c88               clrb rl0
4bbc:  3502005e           ldrl rr2,0x4c1e
4bc0:  dfbb               calr 0x4c4c
4bc2:  a880               incb rl0,#1
4bc4:  eefb               jr nz,0x4bbc
4bc6:  dfb9               calr 0x4c56
4bc8:  2108c000           ld r8,#0xc000
4bcc:  33080054           ldr 0x4c24,r8
4bd0:  8d98               clr r9
4bd2:  350a0050           ldrl rr10,0x4c26
4bd6:  310c0050           ldr r12,0x4c2a
4bda:  bba10c80           ldir @rr8,@rr10,r12
4bde:  31080042           ldr r8,0x4c24
4be2:  8d98               clr r9
4be4:  350a003e           ldrl rr10,0x4c26
4be8:  310c003e           ldr r12,0x4c2a
4bec:  bba60c8e           cpsir @rr8,@rr10,r12,nz
4bf0:  e614               jr z,0x4c1a
4bf2:  3108002e           ldr r8,0x4c24
4bf6:  01080100           add r8,#0x0100
4bfa:  8d84               test r8
4bfc:  eee7               jr nz,0x4bcc
4bfe:  3502001c           ldrl rr2,0x4c1e
4c02:  a92f               inc r2,#16
4c04:  3109001a           ldr r9,0x4c22
4c08:  8b92               cp r2,r9
4c0a:  37020010           ldrl 0x4c1e,rr2
4c0e:  e7d5               jr c,0x4bba
4c10:  5c01000da100543a   ldm r0,<<33>>0x543a,#14
4c18:  9e08               ret 
4c1a:  bd71               ldk r7,#1
4c1c:  e899               jr 0x4b50
4c1e:  00000000           addb rh0,#0x00
4c22:  00000000           addb rh0,#0x00
4c26:  a100               ld r0,r0
4c28:  00000100           addb rh0,#0x00
4c2c:  00004d04           addb rh0,#0x04
4c30:  a100               ld r0,r0
4c32:  4c2c               .word #0x4c2c
4c34:  ee42               jr nz,0x4cba
4c36:  e814               jr 0x4c60
4c38:  4d04a1004c2c       test <<33>>0x4c2c
4c3e:  e603               jr z,0x4c46
4c40:  3a8700fa           soutb #0x00fa,rl0
4c44:  9e08               ret 
4c46:  3a8700fc           soutb #0x00fc,rl0
4c4a:  9e08               ret 
4c4c:  4d04a1004c2c       test <<33>>0x4c2c
4c52:  e652               jr z,0x4cf8
4c54:  e824               jr 0x4c9e
4c56:  4d04a1004c2c       test <<33>>0x4c2c
4c5c:  e63c               jr z,0x4cd6
4c5e:  e80e               jr 0x4c7c
4c60:  8c08               clrb rh0
4c62:  3a8701fa           soutb #0x01fa,rl0
4c66:  3a0720fa           soutb #0x20fa,rh0
4c6a:  3a250ffa           sinb rh2,#0x0ffa
4c6e:  3aa50ffa           sinb rl2,#0x0ffa
4c72:  3a350ffa           sinb rh3,#0x0ffa
4c76:  3ab50ffa           sinb rl3,#0x0ffa
4c7a:  9e08               ret 
4c7c:  9222               subl rr2,rr2
4c7e:  c225               ldb rh2,#0x25
4c80:  9200               subl rr0,rr0
4c82:  3a8701fa           soutb #0x01fa,rl0
4c86:  3a8720fa           soutb #0x20fa,rl0
4c8a:  21010100           ld r1,#0x0100
4c8e:  21050ffa           ld r5,#0x0ffa
4c92:  3a510120           sinirb @rr2,@r5,r1
4c96:  9e08               ret 
4c98:  1402ffffffff       ldl rr2,#0xffffffff
4c9e:  8c08               clrb rh0
4ca0:  3a8701fa           soutb #0x01fa,rl0
4ca4:  3a0720fa           soutb #0x20fa,rh0
4ca8:  3a270ffa           soutb #0x0ffa,rh2
4cac:  3aa70ffa           soutb #0x0ffa,rl2
4cb0:  3a370ffa           soutb #0x0ffa,rh3
4cb4:  3ab70ffa           soutb #0x0ffa,rl3
4cb8:  9e08               ret 
4cba:  8c08               clrb rh0
4cbc:  3a8701fc           soutb #0x01fc,rl0
4cc0:  3a0720fc           soutb #0x20fc,rh0
4cc4:  3a250ffc           sinb rh2,#0x0ffc
4cc8:  3aa50ffc           sinb rl2,#0x0ffc
4ccc:  3a350ffc           sinb rh3,#0x0ffc
4cd0:  3ab50ffc           sinb rl3,#0x0ffc
4cd4:  9e08               ret 
4cd6:  9222               subl rr2,rr2
4cd8:  c225               ldb rh2,#0x25
4cda:  9200               subl rr0,rr0
4cdc:  3a8701fc           soutb #0x01fc,rl0
4ce0:  3a8720fc           soutb #0x20fc,rl0
4ce4:  21010100           ld r1,#0x0100
4ce8:  21050ffc           ld r5,#0x0ffc
4cec:  3a510120           sinirb @rr2,@r5,r1
4cf0:  9e08               ret 
4cf2:  1402ffffffff       ldl rr2,#0xffffffff
4cf8:  8c08               clrb rh0
4cfa:  3a8701fc           soutb #0x01fc,rl0
4cfe:  3a0720fc           soutb #0x20fc,rh0
4d02:  3a270ffc           soutb #0x0ffc,rh2
4d06:  3aa70ffc           soutb #0x0ffc,rl2
4d0a:  3a370ffc           soutb #0x0ffc,rh3
4d0e:  3ab70ffc           soutb #0x0ffc,rl3
4d12:  9e08               ret 
4d14:  4d08a100426c       clr <<33>>0x426c
4d1a:  8cd8               clrb rl5
4d1c:  7606a100521e       lda rr6,<<33>>0x521e
4d22:  8d38               clr r3
4d24:  726d0300           ldb rr6(r3),rl5
4d28:  a930               inc r3,#1
4d2a:  0b030100           cp r3,#0x0100
4d2e:  e1fa               jr lt,0x4d24
4d30:  5f00a10050d4       call <<33>>0x50d4
4d36:  a0db               ldb rl3,rl5
4d38:  8cd0               comb rl5
4d3a:  a0d3               ldb rh3,rl5
4d3c:  df9b               calr 0x4e08
4d3e:  4d04a100426c       test <<33>>0x426c
4d44:  ee55               jr nz,0x4df0
4d46:  ac3b               exb rl3,rh3
4d48:  de70               calr 0x506a
4d4a:  4d04a100426c       test <<33>>0x426c
4d50:  ee4f               jr nz,0x4df0
4d52:  dfa6               calr 0x4e08
4d54:  4d04a100426c       test <<33>>0x426c
4d5a:  ee4a               jr nz,0x4df0
4d5c:  ac3b               exb rl3,rh3
4d5e:  de7b               calr 0x506a
4d60:  4d04a100426c       test <<33>>0x426c
4d66:  ee44               jr nz,0x4df0
4d68:  df02               calr 0x4f66
4d6a:  4d04a100426c       test <<33>>0x426c
4d70:  ee3f               jr nz,0x4df0
4d72:  ac3b               exb rl3,rh3
4d74:  df39               calr 0x4f04
4d76:  4d04a100426c       test <<33>>0x426c
4d7c:  ee39               jr nz,0x4df0
4d7e:  df0d               calr 0x4f66
4d80:  4d04a100426c       test <<33>>0x426c
4d86:  ee34               jr nz,0x4df0
4d88:  ac3b               exb rl3,rh3
4d8a:  df44               calr 0x4f04
4d8c:  4d04a100426c       test <<33>>0x426c
4d92:  ee2e               jr nz,0x4df0
4d94:  df8e               calr 0x4e7a
4d96:  4d04a100426c       test <<33>>0x426c
4d9c:  ee29               jr nz,0x4df0
4d9e:  de9b               calr 0x506a
4da0:  4d04a100426c       test <<33>>0x426c
4da6:  ee24               jr nz,0x4df0
4da8:  dee5               calr 0x4fe0
4daa:  4d04a100426c       test <<33>>0x426c
4db0:  ee1f               jr nz,0x4df0
4db2:  df58               calr 0x4f04
4db4:  4d04a100426c       test <<33>>0x426c
4dba:  ee1a               jr nz,0x4df0
4dbc:  dfdb               calr 0x4e08
4dbe:  4d04a100426c       test <<33>>0x426c
4dc4:  ee15               jr nz,0x4df0
4dc6:  ac3b               exb rl3,rh3
4dc8:  dfa8               calr 0x4e7a
4dca:  4d04a100426c       test <<33>>0x426c
4dd0:  ee0f               jr nz,0x4df0
4dd2:  deb5               calr 0x506a
4dd4:  4d04a100426c       test <<33>>0x426c
4dda:  ee0a               jr nz,0x4df0
4ddc:  deff               calr 0x4fe0
4dde:  4d04a100426c       test <<33>>0x426c
4de4:  ee05               jr nz,0x4df0
4de6:  df72               calr 0x4f04
4de8:  4d04a100426c       test <<33>>0x426c
4dee:  e60b               jr z,0x4e06
4df0:  5c09000da100541e   ldm <<33>>0x541e,r0,#14
4df8:  5f00a1001742       call <<33>>0x1742
4dfe:  5c01000da100541e   ldm r0,<<33>>0x541e,#14
4e06:  9e08               ret 
4e08:  8d48               clr r4
4e0a:  ca02               ldb rl2,#0x02
4e0c:  0a0a0101           cpb rl2,#0x01
4e10:  ee14               jr nz,0x4e3a
4e12:  3ac720fc           soutb #0x20fc,rl4
4e16:  a0c4               ldb rh4,rl4
4e18:  b241fffe           srlb rh4,#2
4e1c:  3a4701fc           soutb #0x01fc,rh4
4e20:  3a250bfc           sinb rh2,#0x0bfc
4e24:  3ac720fc           soutb #0x20fc,rl4
4e28:  88b2               xorb rh2,rl3
4e2a:  ee1b               jr nz,0x4e62
4e2c:  3a370bfc           soutb #0x0bfc,rh3
4e30:  0a0cffff           cpb rl4,#0xff
4e34:  e621               jr z,0x4e78
4e36:  a8c0               incb rl4,#1
4e38:  e8ee               jr 0x4e16
4e3a:  3ac720fa           soutb #0x20fa,rl4
4e3e:  a0c4               ldb rh4,rl4
4e40:  b241fffe           srlb rh4,#2
4e44:  3a4701fa           soutb #0x01fa,rh4
4e48:  3a250bfa           sinb rh2,#0x0bfa
4e4c:  3ac720fa           soutb #0x20fa,rl4
4e50:  88b2               xorb rh2,rl3
4e52:  ee07               jr nz,0x4e62
4e54:  3a370bfa           soutb #0x0bfa,rh3
4e58:  0a0cffff           cpb rl4,#0xff
4e5c:  e60d               jr z,0x4e78
4e5e:  a8c0               incb rl4,#1
4e60:  e8ee               jr 0x4e3e
4e62:  21070006           ld r7,#0x0006
4e66:  ca02               ldb rl2,#0x02
4e68:  0a0a0202           cpb rl2,#0x02
4e6c:  e602               jr z,0x4e72
4e6e:  01070006           add r7,#0x0006
4e72:  6f07a100426c       ld <<33>>0x426c,r7
4e78:  9e08               ret 
4e7a:  ca02               ldb rl2,#0x02
4e7c:  8d48               clr r4
4e7e:  0a0a0101           cpb rl2,#0x01
4e82:  ee1a               jr nz,0x4eb8
4e84:  3ac720fc           soutb #0x20fc,rl4
4e88:  a0c4               ldb rh4,rl4
4e8a:  b241fffe           srlb rh4,#2
4e8e:  3a4701fc           soutb #0x01fc,rh4
4e92:  3a250bfc           sinb rh2,#0x0bfc
4e96:  3ac720fc           soutb #0x20fc,rl4
4e9a:  88b2               xorb rh2,rl3
4e9c:  ee27               jr nz,0x4eec
4e9e:  3a370bfc           soutb #0x0bfc,rh3
4ea2:  3ac720fc           soutb #0x20fc,rl4
4ea6:  3ab70bfc           soutb #0x0bfc,rl3
4eaa:  3ac720fc           soutb #0x20fc,rl4
4eae:  0a0cffff           cpb rl4,#0xff
4eb2:  e627               jr z,0x4f02
4eb4:  a8c0               incb rl4,#1
4eb6:  e8e8               jr 0x4e88
4eb8:  3ac720fa           soutb #0x20fa,rl4
4ebc:  a0c4               ldb rh4,rl4
4ebe:  b241fffe           srlb rh4,#2
4ec2:  3a4701fa           soutb #0x01fa,rh4
4ec6:  3a250bfa           sinb rh2,#0x0bfa
4eca:  3ac720fa           soutb #0x20fa,rl4
4ece:  88b2               xorb rh2,rl3
4ed0:  ee0d               jr nz,0x4eec
4ed2:  3a370bfa           soutb #0x0bfa,rh3
4ed6:  3ac720fa           soutb #0x20fa,rl4
4eda:  3ab70bfa           soutb #0x0bfa,rl3
4ede:  3ac720fa           soutb #0x20fa,rl4
4ee2:  0a0cffff           cpb rl4,#0xff
4ee6:  e60d               jr z,0x4f02
4ee8:  a8c0               incb rl4,#1
4eea:  e8e8               jr 0x4ebc
4eec:  21070006           ld r7,#0x0006
4ef0:  ca02               ldb rl2,#0x02
4ef2:  0a0a0202           cpb rl2,#0x02
4ef6:  e602               jr z,0x4efc
4ef8:  01070006           add r7,#0x0006
4efc:  6f07a100426c       ld <<33>>0x426c,r7
4f02:  9e08               ret 
4f04:  ca02               ldb rl2,#0x02
4f06:  8d48               clr r4
4f08:  0a0a0101           cpb rl2,#0x01
4f0c:  ee10               jr nz,0x4f2e
4f0e:  3ac720fc           soutb #0x20fc,rl4
4f12:  a0c4               ldb rh4,rl4
4f14:  b241fffe           srlb rh4,#2
4f18:  3a4701fc           soutb #0x01fc,rh4
4f1c:  3a250bfc           sinb rh2,#0x0bfc
4f20:  88b2               xorb rh2,rl3
4f22:  ee15               jr nz,0x4f4e
4f24:  0a0cffff           cpb rl4,#0xff
4f28:  e61d               jr z,0x4f64
4f2a:  a8c0               incb rl4,#1
4f2c:  e8f2               jr 0x4f12
4f2e:  3ac720fa           soutb #0x20fa,rl4
4f32:  a0c4               ldb rh4,rl4
4f34:  b241fffe           srlb rh4,#2
4f38:  3a4701fa           soutb #0x01fa,rh4
4f3c:  3a250bfa           sinb rh2,#0x0bfa
4f40:  88b2               xorb rh2,rl3
4f42:  ee05               jr nz,0x4f4e
4f44:  0a0cffff           cpb rl4,#0xff
4f48:  e60d               jr z,0x4f64
4f4a:  a8c0               incb rl4,#1
4f4c:  e8f2               jr 0x4f32
4f4e:  21070006           ld r7,#0x0006
4f52:  ca02               ldb rl2,#0x02
4f54:  0a0a0202           cpb rl2,#0x02
4f58:  e602               jr z,0x4f5e
4f5a:  01070006           add r7,#0x0006
4f5e:  6f07a100426c       ld <<33>>0x426c,r7
4f64:  9e08               ret 
4f66:  ccff               ldb rl4,#0xff
4f68:  ca02               ldb rl2,#0x02
4f6a:  0a0a0101           cpb rl2,#0x01
4f6e:  ee16               jr nz,0x4f9c
4f70:  3ac720fc           soutb #0x20fc,rl4
4f74:  a0c4               ldb rh4,rl4
4f76:  b241fffe           srlb rh4,#2
4f7a:  3a4701fc           soutb #0x01fc,rh4
4f7e:  3a250bfc           sinb rh2,#0x0bfc
4f82:  3ac720fc           soutb #0x20fc,rl4
4f86:  88b2               xorb rh2,rl3
4f88:  ee1f               jr nz,0x4fc8
4f8a:  3a370bfc           soutb #0x0bfc,rh3
4f8e:  3ac720fc           soutb #0x20fc,rl4
4f92:  0a0c0000           cpb rl4,#0x00
4f96:  e623               jr z,0x4fde
4f98:  aac0               decb rl4,#1
4f9a:  e8ea               jr 0x4f70
4f9c:  3ac720fa           soutb #0x20fa,rl4
4fa0:  a0c4               ldb rh4,rl4
4fa2:  b241fffe           srlb rh4,#2
4fa6:  3a4701fa           soutb #0x01fa,rh4
4faa:  3a250bfa           sinb rh2,#0x0bfa
4fae:  3ac720fa           soutb #0x20fa,rl4
4fb2:  88b2               xorb rh2,rl3
4fb4:  ee09               jr nz,0x4fc8
4fb6:  3a370bfa           soutb #0x0bfa,rh3
4fba:  3ac720fa           soutb #0x20fa,rl4
4fbe:  0a0c0000           cpb rl4,#0x00
4fc2:  e60d               jr z,0x4fde
4fc4:  aac0               decb rl4,#1
4fc6:  e8ea               jr 0x4f9c
4fc8:  21070006           ld r7,#0x0006
4fcc:  ca02               ldb rl2,#0x02
4fce:  0a0a0202           cpb rl2,#0x02
4fd2:  e602               jr z,0x4fd8
4fd4:  01070006           add r7,#0x0006
4fd8:  6f07a100426c       ld <<33>>0x426c,r7
4fde:  9e08               ret 
4fe0:  ccff               ldb rl4,#0xff
4fe2:  ca02               ldb rl2,#0x02
4fe4:  0a0a0101           cpb rl2,#0x01
4fe8:  ee1a               jr nz,0x501e
4fea:  3ac720fc           soutb #0x20fc,rl4
4fee:  a0c4               ldb rh4,rl4
4ff0:  b241fffe           srlb rh4,#2
4ff4:  3a4701fc           soutb #0x01fc,rh4
4ff8:  3a250bfc           sinb rh2,#0x0bfc
4ffc:  3ac720fc           soutb #0x20fc,rl4
5000:  88b2               xorb rh2,rl3
5002:  ee27               jr nz,0x5052
5004:  3a370bfc           soutb #0x0bfc,rh3
5008:  3ac720fc           soutb #0x20fc,rl4
500c:  3ab70bfc           soutb #0x0bfc,rl3
5010:  3ac720fc           soutb #0x20fc,rl4
5014:  0a0c0000           cpb rl4,#0x00
5018:  e627               jr z,0x5068
501a:  aac0               decb rl4,#1
501c:  e8e6               jr 0x4fea
501e:  3ac720fa           soutb #0x20fa,rl4
5022:  a0c4               ldb rh4,rl4
5024:  b241fffe           srlb rh4,#2
5028:  3a4701fa           soutb #0x01fa,rh4
502c:  3a250bfa           sinb rh2,#0x0bfa
5030:  3ac720fa           soutb #0x20fa,rl4
5034:  88b2               xorb rh2,rl3
5036:  ee0d               jr nz,0x5052
5038:  3a370bfa           soutb #0x0bfa,rh3
503c:  3ac720fa           soutb #0x20fa,rl4
5040:  3ab70bfa           soutb #0x0bfa,rl3
5044:  3ac720fa           soutb #0x20fa,rl4
5048:  0a0c0000           cpb rl4,#0x00
504c:  e60d               jr z,0x5068
504e:  aac0               decb rl4,#1
5050:  e8e6               jr 0x501e
5052:  21070006           ld r7,#0x0006
5056:  ca02               ldb rl2,#0x02
5058:  0a0a0202           cpb rl2,#0x02
505c:  e602               jr z,0x5062
505e:  01070006           add r7,#0x0006
5062:  6f07a100426c       ld <<33>>0x426c,r7
5068:  9e08               ret 
506a:  ccff               ldb rl4,#0xff
506c:  ca02               ldb rl2,#0x02
506e:  0a0a0101           cpb rl2,#0x01
5072:  ee12               jr nz,0x5098
5074:  3ac720fc           soutb #0x20fc,rl4
5078:  a0c4               ldb rh4,rl4
507a:  b241fffe           srlb rh4,#2
507e:  3a4701fc           soutb #0x01fc,rh4
5082:  3a250bfc           sinb rh2,#0x0bfc
5086:  3ac720fc           soutb #0x20fc,rl4
508a:  88b2               xorb rh2,rl3
508c:  ee17               jr nz,0x50bc
508e:  0a0c0000           cpb rl4,#0x00
5092:  e61f               jr z,0x50d2
5094:  aac0               decb rl4,#1
5096:  e8ee               jr 0x5074
5098:  3ac720fa           soutb #0x20fa,rl4
509c:  a0c4               ldb rh4,rl4
509e:  b241fffe           srlb rh4,#2
50a2:  3a4701fa           soutb #0x01fa,rh4
50a6:  3a250bfa           sinb rh2,#0x0bfa
50aa:  3ac720fa           soutb #0x20fa,rl4
50ae:  88b2               xorb rh2,rl3
50b0:  ee05               jr nz,0x50bc
50b2:  0a0c0000           cpb rl4,#0x00
50b6:  e60d               jr z,0x50d2
50b8:  aac0               decb rl4,#1
50ba:  e8ee               jr 0x5098
50bc:  21070006           ld r7,#0x0006
50c0:  ca02               ldb rl2,#0x02
50c2:  0a0a0202           cpb rl2,#0x02
50c6:  e602               jr z,0x50cc
50c8:  01070006           add r7,#0x0006
50cc:  6f07a100426c       ld <<33>>0x426c,r7
50d2:  9e08               ret 
50d4:  91e0               pushl @rr14,rr0
50d6:  91e6               pushl @rr14,rr6
50d8:  93e2               push @rr14,r2
50da:  8c91               ldctlb rl1,flags
50dc:  93e1               push @rr14,r1
50de:  8c28               clrb rh2
50e0:  ca02               ldb rl2,#0x02
50e2:  0a0a0101           cpb rl2,#0x01
50e6:  ee06               jr nz,0x50f4
50e8:  3a2701fc           soutb #0x01fc,rh2
50ec:  3a2720fc           soutb #0x20fc,rh2
50f0:  c9fc               ldb rl1,#0xfc
50f2:  e805               jr 0x50fe
50f4:  3a2701fa           soutb #0x01fa,rh2
50f8:  3a2720fa           soutb #0x20fa,rh2
50fc:  c9fa               ldb rl1,#0xfa
50fe:  21000004           ld r0,#0x0004
5102:  c10f               ldb rh1,#0x0f
5104:  3a630010           sotirb @r1,@rr6,r0
5108:  a820               incb rh2,#1
510a:  0a024040           cpb rh2,#0x40
510e:  eef7               jr nz,0x50fe
5110:  97e1               pop r1,@rr14
5112:  8c99               ldctlb flags,rl1
5114:  97e2               pop r2,@rr14
5116:  95e6               popl rr6,@rr14
5118:  95e0               popl rr0,@rr14
511a:  9e08               ret 
511c:  91e0               pushl @rr14,rr0
511e:  91e4               pushl @rr14,rr4
5120:  93e2               push @rr14,r2
5122:  8c91               ldctlb rl1,flags
5124:  93e1               push @rr14,r1
5126:  8c28               clrb rh2
5128:  ca02               ldb rl2,#0x02
512a:  0a0a0101           cpb rl2,#0x01
512e:  ee06               jr nz,0x513c
5130:  3a2701fc           soutb #0x01fc,rh2
5134:  3a2720fc           soutb #0x20fc,rh2
5138:  c9fc               ldb rl1,#0xfc
513a:  e805               jr 0x5146
513c:  3a2701fa           soutb #0x01fa,rh2
5140:  3a2720fa           soutb #0x20fa,rh2
5144:  c9fa               ldb rl1,#0xfa
5146:  21000004           ld r0,#0x0004
514a:  c10f               ldb rh1,#0x0f
514c:  3a110040           sinirb @rr4,@r1,r0
5150:  a820               incb rh2,#1
5152:  0a024040           cpb rh2,#0x40
5156:  eef7               jr nz,0x5146
5158:  97e1               pop r1,@rr14
515a:  8c99               ldctlb flags,rl1
515c:  97e2               pop r2,@rr14
515e:  95e4               popl rr4,@rr14
5160:  95e0               popl rr0,@rr14
5162:  9e08               ret 
5164:  93e2               push @rr14,r2
5166:  06027f7f           andb rh2,#0x7f
516a:  ca02               ldb rl2,#0x02
516c:  0a0a0101           cpb rl2,#0x01
5170:  ee05               jr nz,0x517c
5172:  3a2700fc           soutb #0x00fc,rh2
5176:  3ab500fc           sinb rl3,#0x00fc
517a:  e804               jr 0x5184
517c:  3a2700fa           soutb #0x00fa,rh2
5180:  3ab500fa           sinb rl3,#0x00fa
5184:  8a2b               cpb rl3,rh2
5186:  e60b               jr z,0x519e
5188:  21070001           ld r7,#0x0001
518c:  ca02               ldb rl2,#0x02
518e:  0a0a0202           cpb rl2,#0x02
5192:  e602               jr z,0x5198
5194:  01070006           add r7,#0x0006
5198:  6f07a100426c       ld <<33>>0x426c,r7
519e:  97e2               pop r2,@rr14
51a0:  9e08               ret 
51a2:  93e2               push @rr14,r2
51a4:  06023f3f           andb rh2,#0x3f
51a8:  ca02               ldb rl2,#0x02
51aa:  0a0a0101           cpb rl2,#0x01
51ae:  ee05               jr nz,0x51ba
51b0:  3a2701fc           soutb #0x01fc,rh2
51b4:  3ab501fc           sinb rl3,#0x01fc
51b8:  e804               jr 0x51c2
51ba:  3a2701fa           soutb #0x01fa,rh2
51be:  3ab501fa           sinb rl3,#0x01fa
51c2:  8a2b               cpb rl3,rh2
51c4:  e60b               jr z,0x51dc
51c6:  21070002           ld r7,#0x0002
51ca:  ca02               ldb rl2,#0x02
51cc:  0a0a0202           cpb rl2,#0x02
51d0:  e602               jr z,0x51d6
51d2:  01070006           add r7,#0x0006
51d6:  6f07a100426c       ld <<33>>0x426c,r7
51dc:  97e2               pop r2,@rr14
51de:  9e08               ret 
51e0:  93e2               push @rr14,r2
51e2:  06020303           andb rh2,#0x03
51e6:  ca02               ldb rl2,#0x02
51e8:  0a0a0101           cpb rl2,#0x01
51ec:  ee05               jr nz,0x51f8
51ee:  3a2720fc           soutb #0x20fc,rh2
51f2:  3ab520fc           sinb rl3,#0x20fc
51f6:  e804               jr 0x5200
51f8:  3a2720fa           soutb #0x20fa,rh2
51fc:  3ab520fa           sinb rl3,#0x20fa
5200:  8a2b               cpb rl3,rh2
5202:  e60b               jr z,0x521a
5204:  21070003           ld r7,#0x0003
5208:  ca02               ldb rl2,#0x02
520a:  0a0a0202           cpb rl2,#0x02
520e:  e602               jr z,0x5214
5210:  01070006           add r7,#0x0006
5214:  6f07a100426c       ld <<33>>0x426c,r7
521a:  97e2               pop r2,@rr14
521c:  9e08               ret 
521e:  00000000           addb rh0,#0x00
5222:  00000000           addb rh0,#0x00
5226:  00000000           addb rh0,#0x00
522a:  00000000           addb rh0,#0x00
522e:  00000000           addb rh0,#0x00
5232:  00000000           addb rh0,#0x00
5236:  00000000           addb rh0,#0x00
523a:  00000000           addb rh0,#0x00
523e:  00000000           addb rh0,#0x00
5242:  00000000           addb rh0,#0x00
5246:  00000000           addb rh0,#0x00
524a:  00000000           addb rh0,#0x00
524e:  00000000           addb rh0,#0x00
5252:  00000000           addb rh0,#0x00
5256:  00000000           addb rh0,#0x00
525a:  00000000           addb rh0,#0x00
525e:  00000000           addb rh0,#0x00
5262:  00000000           addb rh0,#0x00
5266:  00000000           addb rh0,#0x00
526a:  00000000           addb rh0,#0x00
526e:  00000000           addb rh0,#0x00
5272:  00000000           addb rh0,#0x00
5276:  00000000           addb rh0,#0x00
527a:  00000000           addb rh0,#0x00
527e:  00000000           addb rh0,#0x00
5282:  00000000           addb rh0,#0x00
5286:  00000000           addb rh0,#0x00
528a:  00000000           addb rh0,#0x00
528e:  00000000           addb rh0,#0x00
5292:  00000000           addb rh0,#0x00
5296:  00000000           addb rh0,#0x00
529a:  00000000           addb rh0,#0x00
529e:  00000000           addb rh0,#0x00
52a2:  00000000           addb rh0,#0x00
52a6:  00000000           addb rh0,#0x00
52aa:  00000000           addb rh0,#0x00
52ae:  00000000           addb rh0,#0x00
52b2:  00000000           addb rh0,#0x00
52b6:  00000000           addb rh0,#0x00
52ba:  00000000           addb rh0,#0x00
52be:  00000000           addb rh0,#0x00
52c2:  00000000           addb rh0,#0x00
52c6:  00000000           addb rh0,#0x00
52ca:  00000000           addb rh0,#0x00
52ce:  00000000           addb rh0,#0x00
52d2:  00000000           addb rh0,#0x00
52d6:  00000000           addb rh0,#0x00
52da:  00000000           addb rh0,#0x00
52de:  00000000           addb rh0,#0x00
52e2:  00000000           addb rh0,#0x00
52e6:  00000000           addb rh0,#0x00
52ea:  00000000           addb rh0,#0x00
52ee:  00000000           addb rh0,#0x00
52f2:  00000000           addb rh0,#0x00
52f6:  00000000           addb rh0,#0x00
52fa:  00000000           addb rh0,#0x00
52fe:  00000000           addb rh0,#0x00
5302:  00000000           addb rh0,#0x00
5306:  00000000           addb rh0,#0x00
530a:  00000000           addb rh0,#0x00
530e:  00000000           addb rh0,#0x00
5312:  00000000           addb rh0,#0x00
5316:  00000000           addb rh0,#0x00
531a:  00000000           addb rh0,#0x00
531e:  00000000           addb rh0,#0x00
5322:  00000000           addb rh0,#0x00
5326:  00000000           addb rh0,#0x00
532a:  00000000           addb rh0,#0x00
532e:  00000000           addb rh0,#0x00
5332:  00000000           addb rh0,#0x00
5336:  00000000           addb rh0,#0x00
533a:  00000000           addb rh0,#0x00
533e:  00000000           addb rh0,#0x00
5342:  00000000           addb rh0,#0x00
5346:  00000000           addb rh0,#0x00
534a:  00000000           addb rh0,#0x00
534e:  00000000           addb rh0,#0x00
5352:  00000000           addb rh0,#0x00
5356:  00000000           addb rh0,#0x00
535a:  00000000           addb rh0,#0x00
535e:  00000000           addb rh0,#0x00
5362:  00000000           addb rh0,#0x00
5366:  00000000           addb rh0,#0x00
536a:  00000000           addb rh0,#0x00
536e:  00000000           addb rh0,#0x00
5372:  00000000           addb rh0,#0x00
5376:  00000000           addb rh0,#0x00
537a:  00000000           addb rh0,#0x00
537e:  00000000           addb rh0,#0x00
5382:  00000000           addb rh0,#0x00
5386:  00000000           addb rh0,#0x00
538a:  00000000           addb rh0,#0x00
538e:  00000000           addb rh0,#0x00
5392:  00000000           addb rh0,#0x00
5396:  00000000           addb rh0,#0x00
539a:  00000000           addb rh0,#0x00
539e:  00000000           addb rh0,#0x00
53a2:  00000000           addb rh0,#0x00
53a6:  00000000           addb rh0,#0x00
53aa:  00000000           addb rh0,#0x00
53ae:  00000000           addb rh0,#0x00
53b2:  00000000           addb rh0,#0x00
53b6:  00000000           addb rh0,#0x00
53ba:  00000000           addb rh0,#0x00
53be:  00000000           addb rh0,#0x00
53c2:  00000000           addb rh0,#0x00
53c6:  00000000           addb rh0,#0x00
53ca:  00000000           addb rh0,#0x00
53ce:  00000000           addb rh0,#0x00
53d2:  00000000           addb rh0,#0x00
53d6:  00000000           addb rh0,#0x00
53da:  00000000           addb rh0,#0x00
53de:  00000000           addb rh0,#0x00
53e2:  00000000           addb rh0,#0x00
53e6:  00000000           addb rh0,#0x00
53ea:  00000000           addb rh0,#0x00
53ee:  00000000           addb rh0,#0x00
53f2:  00000000           addb rh0,#0x00
53f6:  00000000           addb rh0,#0x00
53fa:  00000000           addb rh0,#0x00
53fe:  00000000           addb rh0,#0x00
5402:  00000000           addb rh0,#0x00
5406:  00000000           addb rh0,#0x00
540a:  00000000           addb rh0,#0x00
540e:  00000000           addb rh0,#0x00
5412:  00000000           addb rh0,#0x00
5416:  00000000           addb rh0,#0x00
541a:  00000000           addb rh0,#0x00
541e:  00000000           addb rh0,#0x00
5422:  00000000           addb rh0,#0x00
5426:  00000000           addb rh0,#0x00
542a:  00000000           addb rh0,#0x00
542e:  00000000           addb rh0,#0x00
5432:  00000000           addb rh0,#0x00
5436:  00000000           addb rh0,#0x00
543a:  00000000           addb rh0,#0x00
543e:  00000000           addb rh0,#0x00
5442:  00000000           addb rh0,#0x00
5446:  00000000           addb rh0,#0x00
544a:  00000000           addb rh0,#0x00
544e:  00000000           addb rh0,#0x00
5452:  00000000           addb rh0,#0x00
5456:  00000281           addb rh0,#0x81
545a:  0080               addb rh0,@rr8
545c:  0026               addb rh6,@rr2
545e:  a100               ld r0,r0
5460:  54640001           ldl rr4,<<0>>0x0001(r6)
5464:  30000000           ldrb rh0,0x5468
5468:  00000000           addb rh0,#0x00
546c:  00000000           addb rh0,#0x00
5470:  00000000           addb rh0,#0x00
5474:  00000000           addb rh0,#0x00
5478:  00000000           addb rh0,#0x00
547c:  00000000           addb rh0,#0x00
5480:  00000000           addb rh0,#0x00
5484:  00000000           addb rh0,#0x00
5488:  00000000           addb rh0,#0x00
548c:  00000000           addb rh0,#0x00
5490:  00000000           addb rh0,#0x00
5494:  00000000           addb rh0,#0x00
5498:  00000000           addb rh0,#0x00
549c:  00000000           addb rh0,#0x00
54a0:  00000000           addb rh0,#0x00
54a4:  00000000           addb rh0,#0x00
54a8:  00000000           addb rh0,#0x00
54ac:  00000000           addb rh0,#0x00
54b0:  00000000           addb rh0,#0x00
54b4:  00000000           addb rh0,#0x00
54b8:  000091e0           addb rh0,#0xe0
54bc:  60009e000011       ldb rh0,<<30>>0x0011
54c2:  60089e000012       ldb rl0,<<30>>0x0012
54c8:  0b003834           cp r0,#0x3834
54cc:  e708               jr c,0x54de
54ce:  600881000301       ldb rl0,<<1>>0x0301
54d4:  0a088080           cpb rl0,#0x80
54d8:  e702               jr c,0x54de
54da:  8d43               resflg z
54dc:  e805               jr 0x54e8
54de:  a686               bitb rl0,#6
54e0:  8cf8               clrb rl7
54e2:  e602               jr z,0x54e8
54e4:  a8f0               incb rl7,#1
54e6:  8d41               setflg z
54e8:  95e0               popl rr0,@rr14
54ea:  9e08               ret 
54ec:  000c3030           addb rl4,#0x30
54f0:  0a0c3939           cpb rl4,#0x39
54f4:  9e02               ret le
54f6:  000c0707           addb rl4,#0x07
54fa:  9e08               ret 
54fc:  a0cf               ldb rl7,rl4
54fe:  020f3030           subb rl7,#0x30
5502:  0a0f0909           cpb rl7,#0x09
5506:  8c78               clrb rh7
5508:  9e02               ret le
550a:  020f0707           subb rl7,#0x07
550e:  8c78               clrb rh7
5510:  9e08               ret 
5512:  9448               ldl rr8,rr4
5514:  4d05a10054580281   ld <<33>>0x5458,#0x0281
551c:  4d05a100545a0080   ld <<33>>0x545a,#0x0080
5524:  6f06a100545c       ld <<33>>0x545c,r6
552a:  7604a1005464       lda rr4,<<33>>0x5464
5530:  5d04a100545e       ldl <<33>>0x545e,rr4
5536:  6f07a1005462       ld <<33>>0x5462,r7
553c:  7604a1005458       lda rr4,<<33>>0x5458
5542:  5f0084000000       call <<4>>0x0000
5548:  4c0484000199       testb <<4>>0x0199
554e:  e617               jr z,0x557e
5550:  600ca1005464       ldb rl4,<<33>>0x5464
5556:  d02e               calr 0x54fc
5558:  4d01840001990001   cp <<4>>0x0199,#0x0001
5560:  e609               jr z,0x5574
5562:  a175               ld r5,r7
5564:  600ca1005465       ldb rl4,<<33>>0x5465
556a:  d038               calr 0x54fc
556c:  8d48               clr r4
556e:  1904000a           mult rr4,#0x000a
5572:  8157               add r7,r5
5574:  8b78               cp r8,r7
5576:  eb05               jr ugt,0x5582
5578:  8b79               cp r9,r7
557a:  e703               jr c,0x5582
557c:  2f27               ld @rr2,r7
557e:  cf01               ldb rl7,#0x01
5580:  9e08               ret 
5582:  8cf8               clrb rl7
5584:  9e08               ret 
5586:  d067               calr 0x54ba
5588:  ee06               jr nz,0x5596
558a:  6100a0000120       ld r0,<<32>>0x0120
5590:  8b70               cp r0,r7
5592:  cf01               ldb rl7,#0x01
5594:  9e06               ret z
5596:  cf00               ldb rl7,#0x00
5598:  9e08               ret 
559a:  7606a10054b6       lda rr6,<<33>>0x54b6
55a0:  2e6a               ldb @rr6,rl2
55a2:  0603fcfc           andb rh3,#0xfc
55a6:  32630001           ldb rr6(#0x0001),rh3
55aa:  326c0002           ldb rr6(#0x0002),rl4
55ae:  8c58               clrb rh5
55b0:  32650003           ldb rr6(#0x0003),rh5
55b4:  0a0d4040           cpb rl5,#0x40
55b8:  e106               jr lt,0x55c6
55ba:  3ad701fa           soutb #0x01fa,rl5
55be:  3a5720fa           soutb #0x20fa,rh5
55c2:  c9fa               ldb rl1,#0xfa
55c4:  e805               jr 0x55d0
55c6:  3ad701fc           soutb #0x01fc,rl5
55ca:  3a5720fc           soutb #0x20fc,rh5
55ce:  c9fc               ldb rl1,#0xfc
55d0:  bd04               ldk r0,#4
55d2:  c10b               ldb rh1,#0x0b
55d4:  3a630010           sotirb @r1,@rr6,r0
55d8:  9e08               ret 
55da:  8c68               clrb rh6
55dc:  0a024040           cpb rh2,#0x40
55e0:  e108               jr lt,0x55f2
55e2:  06023f3f           andb rh2,#0x3f
55e6:  3a2701fa           soutb #0x01fa,rh2
55ea:  3a6720fa           soutb #0x20fa,rh6
55ee:  cffa               ldb rl7,#0xfa
55f0:  e807               jr 0x5600
55f2:  06023f3f           andb rh2,#0x3f
55f6:  3a2701fc           soutb #0x01fc,rh2
55fa:  3a6720fc           soutb #0x20fc,rh6
55fe:  cffc               ldb rl7,#0xfc
5600:  7604a10054b9       lda rr4,<<33>>0x54b9
5606:  c70b               ldb rh7,#0x0b
5608:  bd94               ldk r9,#4
560a:  3a790940           sindrb @rr4,@r7,r9
560e:  a950               inc r5,#1
5610:  c8ff               ldb rl0,#0xff
5612:  0a48               cpb rl0,@rr4
5614:  e6ff               jr z,0x5614
5616:  a950               inc r5,#1
5618:  204e               ldb rl6,@rr4
561a:  8c08               clrb rh0
561c:  a038               ldb rl0,rh3
561e:  8b60               cp r0,r6
5620:  eaff               jr gt,0x5620
5622:  a950               inc r5,#1
5624:  2048               ldb rl0,@rr4
5626:  a950               inc r5,#1
5628:  2040               ldb rh0,@rr4
562a:  a039               ldb rl1,rh3
562c:  8c18               clrb rh1
562e:  8110               add r0,r1
5630:  a0bf               ldb rl7,rl3
5632:  a087               ldb rh7,rl0
5634:  a00e               ldb rl6,rh0
5636:  8c68               clrb rh6
5638:  9e08               ret 
563a:  a126               ld r6,r2
563c:  ca43               ldb rl2,#0x43
563e:  8333               sub r3,r3
5640:  9244               subl rr4,rr4
5642:  5e08840044f2       jp <<4>>0x44f2
5648:  944c               ldl rr12,rr4
564a:  8d58               clr r5
564c:  a0ac               ldb rl4,rl2
564e:  060cf0f0           andb rl4,#0xf0
5652:  b2c1fffc           srlb rl4,#4
5656:  d0b6               calr 0x54ec
5658:  72cc0500           ldb rr12(r5),rl4
565c:  a950               inc r5,#1
565e:  a0ac               ldb rl4,rl2
5660:  060c0f0f           andb rl4,#0x0f
5664:  d0bd               calr 0x54ec
5666:  72cc0500           ldb rr12(r5),rl4
566a:  9e08               ret 
566c:  00000000           addb rh0,#0x00
5670:  00000000           addb rh0,#0x00
5674:  00000000           addb rh0,#0x00
5678:  00000000           addb rh0,#0x00
567c:  00004d08           addb rh0,#0x08
5680:  a100               ld r0,r0
5682:  426c3a25           subb rl4,<<58>>0x0025(r6)
5686:  02fc               subb rl4,@rr15
5688:  a620               bitb rh2,#0
568a:  e604               jr z,0x5694
568c:  4c05a100566c0101   ldb <<33>>0x566c,#0x01
5694:  a621               bitb rh2,#1
5696:  e604               jr z,0x56a0
5698:  4c05a100566d0101   ldb <<33>>0x566d,#0x01
56a0:  a622               bitb rh2,#2
56a2:  e604               jr z,0x56ac
56a4:  4c05a100566e0101   ldb <<33>>0x566e,#0x01
56ac:  a623               bitb rh2,#3
56ae:  e604               jr z,0x56b8
56b0:  4c05a100566f0101   ldb <<33>>0x566f,#0x01
56b8:  a624               bitb rh2,#4
56ba:  e604               jr z,0x56c4
56bc:  4c05a10056700101   ldb <<33>>0x5670,#0x01
56c4:  a625               bitb rh2,#5
56c6:  e604               jr z,0x56d0
56c8:  4c05a10056710101   ldb <<33>>0x5671,#0x01
56d0:  a626               bitb rh2,#6
56d2:  e604               jr z,0x56dc
56d4:  4c05a10056720101   ldb <<33>>0x5672,#0x01
56dc:  a627               bitb rh2,#7
56de:  e605               jr z,0x56ea
56e0:  4c05a10056730101   ldb <<33>>0x5673,#0x01
56e8:  e804               jr 0x56f2
56ea:  4d05a100426c0001   ld <<33>>0x426c,#0x0001
56f2:  de5c               calr 0x5a3c
56f4:  a9f1               inc r15,#2
56f6:  97e7               pop r7,@rr14
56f8:  a57e               set r7,#14
56fa:  7d7a               ldctl fcw,r7
56fc:  9e08               ret 
56fe:  4d08a100426c       clr <<33>>0x426c
5704:  4c08a100566c       clrb <<33>>0x566c
570a:  4c08a100566d       clrb <<33>>0x566d
5710:  4c08a100566e       clrb <<33>>0x566e
5716:  4c08a100566f       clrb <<33>>0x566f
571c:  4c08a1005670       clrb <<33>>0x5670
5722:  4c08a1005671       clrb <<33>>0x5671
5728:  4c08a1005672       clrb <<33>>0x5672
572e:  4c08a1005673       clrb <<33>>0x5673
5734:  7d95               ldctl r9,psap
5736:  7d84               ldctl r8,psapseg
5738:  01090024           add r9,#0x0024
573c:  1484               ldl rr4,@rr8
573e:  5d04a100567a       ldl <<33>>0x567a,rr4
5744:  3404ff36           ldar rr4,0x567e
5748:  1d84               ldl @rr8,rr4
574a:  600ba100426b       ldb rl3,<<33>>0x426b
5750:  3ab701fc           soutb #0x01fc,rl3
5754:  cb02               ldb rl3,#0x02
5756:  3ab720fc           soutb #0x20fc,rl3
575a:  cb01               ldb rl3,#0x01
575c:  3ab709fc           soutb #0x09fc,rl3
5760:  cb03               ldb rl3,#0x03
5762:  3ab720fc           soutb #0x20fc,rl3
5766:  3a24ffa0           inb rh2,#0xffa0
576a:  3a2711fc           soutb #0x11fc,rh2
576e:  c201               ldb rh2,#0x01
5770:  3a270afc           soutb #0x0afc,rh2
5774:  8d58               clr r5
5776:  8cc8               clrb rl4
5778:  6004a100426b       ldb rh4,<<33>>0x426b
577e:  a447               setb rh4,#7
5780:  2103a5a5           ld r3,#0xa5a5
5784:  2f43               ld @rr4,r3
5786:  8d07               nop
5788:  8d07               nop
578a:  4c04a100566c       testb <<33>>0x566c
5790:  ee0c               jr nz,0x57aa
5792:  4d04a100426c       test <<33>>0x426c
5798:  ee04               jr nz,0x57a2
579a:  4d05a100426c0002   ld <<33>>0x426c,#0x0002
57a2:  5f00a1001742       call <<33>>0x1742
57a8:  e807               jr 0x57b8
57aa:  7606a1005784       lda rr6,<<33>>0x5784
57b0:  c301               ldb rh3,#0x01
57b2:  cb08               ldb rl3,#0x08
57b4:  cc00               ldb rl4,#0x00
57b6:  de9f               calr 0x5a7a
57b8:  3a2711fc           soutb #0x11fc,rh2
57bc:  8822               xorb rh2,rh2
57be:  3a270afc           soutb #0x0afc,rh2
57c2:  8d58               clr r5
57c4:  8cc8               clrb rl4
57c6:  6004a100426b       ldb rh4,<<33>>0x426b
57cc:  a447               setb rh4,#7
57ce:  2143               ld r3,@rr4
57d0:  0b03a5a5           cp r3,#0xa5a5
57d4:  ee07               jr nz,0x57e4
57d6:  4d05a100426c0014   ld <<33>>0x426c,#0x0014
57de:  5f00a1001742       call <<33>>0x1742
57e4:  3a2711fc           soutb #0x11fc,rh2
57e8:  c202               ldb rh2,#0x02
57ea:  3a270afc           soutb #0x0afc,rh2
57ee:  7d32               ldctl r3,fcw
57f0:  a33e               res r3,#14
57f2:  7d3a               ldctl fcw,r3
57f4:  8d58               clr r5
57f6:  8cc8               clrb rl4
57f8:  6004a100426b       ldb rh4,<<33>>0x426b
57fe:  a447               setb rh4,#7
5800:  2f43               ld @rr4,r3
5802:  8d07               nop
5804:  8d07               nop
5806:  4c04a100566d       testb <<33>>0x566d
580c:  ee0c               jr nz,0x5826
580e:  4d04a100426c       test <<33>>0x426c
5814:  ee04               jr nz,0x581e
5816:  4d05a100426c0009   ld <<33>>0x426c,#0x0009
581e:  5f00a1001742       call <<33>>0x1742
5824:  e807               jr 0x5834
5826:  7606a1005800       lda rr6,<<33>>0x5800
582c:  c302               ldb rh3,#0x02
582e:  cb28               ldb rl3,#0x28
5830:  cc00               ldb rl4,#0x00
5832:  dedd               calr 0x5a7a
5834:  3a2711fc           soutb #0x11fc,rh2
5838:  8c28               clrb rh2
583a:  3a270afc           soutb #0x0afc,rh2
583e:  8cc8               clrb rl4
5840:  6004a100426b       ldb rh4,<<33>>0x426b
5846:  a447               setb rh4,#7
5848:  cdaa               ldb rl5,#0xaa
584a:  c50a               ldb rh5,#0x0a
584c:  2f43               ld @rr4,r3
584e:  8d07               nop
5850:  8d07               nop
5852:  4c04a100566e       testb <<33>>0x566e
5858:  ee0c               jr nz,0x5872
585a:  4d04a100426c       test <<33>>0x426c
5860:  ee04               jr nz,0x586a
5862:  4d05a100426c000a   ld <<33>>0x426c,#0x000a
586a:  5f00a1001742       call <<33>>0x1742
5870:  e807               jr 0x5880
5872:  7606a100584c       lda rr6,<<33>>0x584c
5878:  c304               ldb rh3,#0x04
587a:  cb08               ldb rl3,#0x08
587c:  cc0a               ldb rl4,#0x0a
587e:  df03               calr 0x5a7a
5880:  3a2711fc           soutb #0x11fc,rh2
5884:  c204               ldb rh2,#0x04
5886:  3a270afc           soutb #0x0afc,rh2
588a:  8d58               clr r5
588c:  8cc8               clrb rl4
588e:  6004a100426b       ldb rh4,<<33>>0x426b
5894:  a447               setb rh4,#7
5896:  2f43               ld @rr4,r3
5898:  8d07               nop
589a:  8d07               nop
589c:  4c04a100566f       testb <<33>>0x566f
58a2:  ee0c               jr nz,0x58bc
58a4:  4d04a100426c       test <<33>>0x426c
58aa:  ee04               jr nz,0x58b4
58ac:  4d05a100426c000b   ld <<33>>0x426c,#0x000b
58b4:  5f00a1001742       call <<33>>0x1742
58ba:  e807               jr 0x58ca
58bc:  7606a1005896       lda rr6,<<33>>0x5896
58c2:  c308               ldb rh3,#0x08
58c4:  cb08               ldb rl3,#0x08
58c6:  cc00               ldb rl4,#0x00
58c8:  df28               calr 0x5a7a
58ca:  3a2711fc           soutb #0x11fc,rh2
58ce:  c208               ldb rh2,#0x08
58d0:  3a270afc           soutb #0x0afc,rh2
58d4:  8d58               clr r5
58d6:  8cc8               clrb rl4
58d8:  6004a100426b       ldb rh4,<<33>>0x426b
58de:  a447               setb rh4,#7
58e0:  2f43               ld @rr4,r3
58e2:  8d07               nop
58e4:  8d07               nop
58e6:  4c04a1005670       testb <<33>>0x5670
58ec:  ee0c               jr nz,0x5906
58ee:  4d04a100426c       test <<33>>0x426c
58f4:  ee04               jr nz,0x58fe
58f6:  4d05a100426c000c   ld <<33>>0x426c,#0x000c
58fe:  5f00a1001742       call <<33>>0x1742
5904:  e807               jr 0x5914
5906:  7606a10058e0       lda rr6,<<33>>0x58e0
590c:  c310               ldb rh3,#0x10
590e:  cb08               ldb rl3,#0x08
5910:  cc00               ldb rl4,#0x00
5912:  df4d               calr 0x5a7a
5914:  3a2711fc           soutb #0x11fc,rh2
5918:  c220               ldb rh2,#0x20
591a:  3a270afc           soutb #0x0afc,rh2
591e:  cd00               ldb rl5,#0x00
5920:  c501               ldb rh5,#0x01
5922:  8cc8               clrb rl4
5924:  6004a100426b       ldb rh4,<<33>>0x426b
592a:  a447               setb rh4,#7
592c:  2f43               ld @rr4,r3
592e:  8d07               nop
5930:  8d07               nop
5932:  4c04a1005671       testb <<33>>0x5671
5938:  ee0b               jr nz,0x5950
593a:  4d04a100426c       test <<33>>0x426c
5940:  ee04               jr nz,0x594a
5942:  4d05a100426c000d   ld <<33>>0x426c,#0x000d
594a:  5f00a1001742       call <<33>>0x1742
5950:  4c08a100566c       clrb <<33>>0x566c
5956:  4c08a100566d       clrb <<33>>0x566d
595c:  3a2711fc           soutb #0x11fc,rh2
5960:  c201               ldb rh2,#0x01
5962:  3a270afc           soutb #0x0afc,rh2
5966:  8d58               clr r5
5968:  8cc8               clrb rl4
596a:  6004a100426b       ldb rh4,<<33>>0x426b
5970:  a447               setb rh4,#7
5972:  2f43               ld @rr4,r3
5974:  8d07               nop
5976:  8d07               nop
5978:  4c04a100566c       testb <<33>>0x566c
597e:  ee0c               jr nz,0x5998
5980:  4d04a100426c       test <<33>>0x426c
5986:  ee04               jr nz,0x5990
5988:  4d05a100426c0002   ld <<33>>0x426c,#0x0002
5990:  5f00a1001742       call <<33>>0x1742
5996:  e824               jr 0x59e0
5998:  c202               ldb rh2,#0x02
599a:  3a270afc           soutb #0x0afc,rh2
599e:  7d32               ldctl r3,fcw
59a0:  a33e               res r3,#14
59a2:  7d3a               ldctl fcw,r3
59a4:  2f43               ld @rr4,r3
59a6:  8d07               nop
59a8:  8d07               nop
59aa:  4c04a100566d       testb <<33>>0x566d
59b0:  e60c               jr z,0x59ca
59b2:  4d04a100426c       test <<33>>0x426c
59b8:  ee04               jr nz,0x59c2
59ba:  4d05a100426c000f   ld <<33>>0x426c,#0x000f
59c2:  5f00a1001742       call <<33>>0x1742
59c8:  e80b               jr 0x59e0
59ca:  4c04a1005673       testb <<33>>0x5673
59d0:  ee07               jr nz,0x59e0
59d2:  4d05a100426c0010   ld <<33>>0x426c,#0x0010
59da:  5f00a1001742       call <<33>>0x1742
59e0:  3a2711fc           soutb #0x11fc,rh2
59e4:  c201               ldb rh2,#0x01
59e6:  3a270afc           soutb #0x0afc,rh2
59ea:  8d58               clr r5
59ec:  8cc8               clrb rl4
59ee:  6004a100426b       ldb rh4,<<33>>0x426b
59f4:  a447               setb rh4,#7
59f6:  21035a5a           ld r3,#0x5a5a
59fa:  3a24ff00           inb rh2,#0xff00
59fe:  2f43               ld @rr4,r3
5a00:  8d07               nop
5a02:  8d07               nop
5a04:  3a2711fc           soutb #0x11fc,rh2
5a08:  c200               ldb rh2,#0x00
5a0a:  3a270afc           soutb #0x0afc,rh2
5a0e:  3a24ffa0           inb rh2,#0xffa0
5a12:  8d38               clr r3
5a14:  2143               ld r3,@rr4
5a16:  0b035a5a           cp r3,#0x5a5a
5a1a:  e607               jr z,0x5a2a
5a1c:  4d05a100426c0011   ld <<33>>0x426c,#0x0011
5a24:  5f00a1001742       call <<33>>0x1742
5a2a:  7d95               ldctl r9,psap
5a2c:  7d84               ldctl r8,psapseg
5a2e:  01090024           add r9,#0x0024
5a32:  5404a100567a       ldl rr4,<<33>>0x567a
5a38:  1d84               ldl @rr8,rr4
5a3a:  9e08               ret 
5a3c:  3ab502fc           sinb rl3,#0x02fc
5a40:  6e0ba1005674       ldb <<33>>0x5674,rl3
5a46:  3ab503fc           sinb rl3,#0x03fc
5a4a:  6e0ba1005675       ldb <<33>>0x5675,rl3
5a50:  3ab504fc           sinb rl3,#0x04fc
5a54:  6e0ba1005676       ldb <<33>>0x5676,rl3
5a5a:  3ab505fc           sinb rl3,#0x05fc
5a5e:  6e0ba1005677       ldb <<33>>0x5677,rl3
5a64:  3ab506fc           sinb rl3,#0x06fc
5a68:  6e0ba1005678       ldb <<33>>0x5678,rl3
5a6e:  3ab507fc           sinb rl3,#0x07fc
5a72:  6e0ba1005679       ldb <<33>>0x5679,rl3
5a78:  9e08               ret 
5a7a:  6002a1005674       ldb rh2,<<33>>0x5674
5a80:  8a32               cpb rh2,rh3
5a82:  e607               jr z,0x5a92
5a84:  4d05a100426c0003   ld <<33>>0x426c,#0x0003
5a8c:  5f00a1001742       call <<33>>0x1742
5a92:  6002a1005675       ldb rh2,<<33>>0x5675
5a98:  6003a100426b       ldb rh3,<<33>>0x426b
5a9e:  8a32               cpb rh2,rh3
5aa0:  e607               jr z,0x5ab0
5aa2:  4d05a100426c0004   ld <<33>>0x426c,#0x0004
5aaa:  5f00a1001742       call <<33>>0x1742
5ab0:  6002a1005676       ldb rh2,<<33>>0x5676
5ab6:  8ac2               cpb rh2,rl4
5ab8:  e607               jr z,0x5ac8
5aba:  4d05a100426c0005   ld <<33>>0x426c,#0x0005
5ac2:  5f00a1001742       call <<33>>0x1742
5ac8:  6002a1005677       ldb rh2,<<33>>0x5677
5ace:  8ab2               cpb rh2,rl3
5ad0:  e607               jr z,0x5ae0
5ad2:  4d05a100426c0006   ld <<33>>0x426c,#0x0006
5ada:  5f00a1001742       call <<33>>0x1742
5ae0:  6002a1005678       ldb rh2,<<33>>0x5678
5ae6:  02068080           subb rh6,#0x80
5aea:  8a62               cpb rh2,rh6
5aec:  e607               jr z,0x5afc
5aee:  4d05a100426c0007   ld <<33>>0x426c,#0x0007
5af6:  5f00a1001742       call <<33>>0x1742
5afc:  6002a1005679       ldb rh2,<<33>>0x5679
5b02:  8a72               cpb rh2,rh7
5b04:  e607               jr z,0x5b14
5b06:  4d05a100426c0008   ld <<33>>0x426c,#0x0008
5b0e:  5f00a1001742       call <<33>>0x1742
5b14:  9e08               ret 
5b16:  4d08a100426c       clr <<33>>0x426c
5b1c:  3af4ffb1           inb rl7,#0xffb1
5b20:  a6f6               bitb rl7,#6
5b22:  e60d               jr z,0x5b3e
5b24:  3a96ff11           outb #0xff11,rl1
5b28:  3af4ffb1           inb rl7,#0xffb1
5b2c:  a6f6               bitb rl7,#6
5b2e:  e607               jr z,0x5b3e
5b30:  4d05a100426c0012   ld <<33>>0x426c,#0x0012
5b38:  5f00a1001742       call <<33>>0x1742
5b3e:  3a96ff19           outb #0xff19,rl1
5b42:  3af4ffb1           inb rl7,#0xffb1
5b46:  a6f6               bitb rl7,#6
5b48:  ee07               jr nz,0x5b58
5b4a:  4d05a100426c0013   ld <<33>>0x426c,#0x0013
5b52:  5f00a1001742       call <<33>>0x1742
5b58:  3a96ff11           outb #0xff11,rl1
5b5c:  3af4ffb1           inb rl7,#0xffb1
5b60:  a6f6               bitb rl7,#6
5b62:  e607               jr z,0x5b72
5b64:  4d05a100426c0012   ld <<33>>0x426c,#0x0012
5b6c:  5f00a1001742       call <<33>>0x1742
5b72:  3af4ff81           inb rl7,#0xff81
5b76:  a6f3               bitb rl7,#3
5b78:  e60d               jr z,0x5b94
5b7a:  3a96ff84           outb #0xff84,rl1
5b7e:  3af4ff81           inb rl7,#0xff81
5b82:  a6f3               bitb rl7,#3
5b84:  e607               jr z,0x5b94
5b86:  4d05a100426c0015   ld <<33>>0x426c,#0x0015
5b8e:  5f00a1001742       call <<33>>0x1742
5b94:  3a96ff8c           outb #0xff8c,rl1
5b98:  3af4ff81           inb rl7,#0xff81
5b9c:  a6f3               bitb rl7,#3
5b9e:  ee07               jr nz,0x5bae
5ba0:  4d05a100426c0016   ld <<33>>0x426c,#0x0016
5ba8:  5f00a1001742       call <<33>>0x1742
5bae:  3a96ff84           outb #0xff84,rl1
5bb2:  3af4ff81           inb rl7,#0xff81
5bb6:  a6f3               bitb rl7,#3
5bb8:  e607               jr z,0x5bc8
5bba:  4d05a100426c0015   ld <<33>>0x426c,#0x0015
5bc2:  5f00a1001742       call <<33>>0x1742
5bc8:  9e08               ret 
5bca:  00002102           addb rh0,#0x02
5bce:  000a2103           addb rl2,#0x03
5bd2:  000ace34           addb rl2,#0x34
5bd6:  3ae6ffc7           outb #0xffc7,rl6
5bda:  21060fff           ld r6,#0x0fff
5bde:  3ae6ffc1           outb #0xffc1,rl6
5be2:  3a66ffc1           outb #0xffc1,rh6
5be6:  8d07               nop
5be8:  8d07               nop
5bea:  f283               djnz r2,0x5be6
5bec:  3ac4ffc1           inb rl4,#0xffc1
5bf0:  3a44ffc1           inb rh4,#0xffc1
5bf4:  8b64               cp r4,r6
5bf6:  e609               jr z,0x5c0a
5bf8:  8d07               nop
5bfa:  8d07               nop
5bfc:  f383               djnz r3,0x5bf8
5bfe:  3ad4ffc1           inb rl5,#0xffc1
5c02:  3a54ffc1           inb rh5,#0xffc1
5c06:  8b54               cp r4,r5
5c08:  ea07               jr gt,0x5c18
5c0a:  4d05a100426c0017   ld <<33>>0x426c,#0x0017
5c12:  5f00a1001742       call <<33>>0x1742
5c18:  ce34               ldb rl6,#0x34
5c1a:  3ae6ffc7           outb #0xffc7,rl6
5c1e:  9e08               ret 
5c20:  93e1               push @rr14,r1
5c22:  31e10002           ld r1,rr14(#0x0002)
5c26:  6e09a1005bca       ldb <<33>>0x5bca,rl1
5c2c:  3a14ff41           inb rh1,#0xff41
5c30:  6e01a1005bcb       ldb <<33>>0x5bcb,rh1
5c36:  ce70               ldb rl6,#0x70
5c38:  3ae6ffc7           outb #0xffc7,rl6
5c3c:  ce34               ldb rl6,#0x34
5c3e:  3ae6ffc7           outb #0xffc7,rl6
5c42:  97e1               pop r1,@rr14
5c44:  7b00               iret
5c46:  7c01               di vi
5c48:  4d08a100426c       clr <<33>>0x426c
5c4e:  3aa6ff8c           outb #0xff8c,rl2
5c52:  5f00a10024d8       call <<33>>0x24d8
5c58:  4c05a1005bcaffff   ldb <<33>>0x5bca,#0xff
5c60:  610484000184       ld r4,<<4>>0x0184
5c66:  3ac6ff01           outb #0xff01,rl4
5c6a:  3402ffb2           ldar rr2,0x5c20
5c6e:  5f00a1002528       call <<33>>0x2528
5c74:  ce34               ldb rl6,#0x34
5c76:  3ae6ffc7           outb #0xffc7,rl6
5c7a:  210600ff           ld r6,#0x00ff
5c7e:  3ae6ffc1           outb #0xffc1,rl6
5c82:  3a66ffc1           outb #0xffc1,rh6
5c86:  ce70               ldb rl6,#0x70
5c88:  3ae6ffc7           outb #0xffc7,rl6
5c8c:  210600ff           ld r6,#0x00ff
5c90:  3ae6ffc3           outb #0xffc3,rl6
5c94:  3a66ffc3           outb #0xffc3,rh6
5c98:  2102ffff           ld r2,#0xffff
5c9c:  3aa6ff8c           outb #0xff8c,rl2
5ca0:  7c05               ei vi
5ca2:  600ba1005bca       ldb rl3,<<33>>0x5bca
5ca8:  0a0bffff           cpb rl3,#0xff
5cac:  ee06               jr nz,0x5cba
5cae:  f287               djnz r2,0x5ca2
5cb0:  4d05a100426c0018   ld <<33>>0x426c,#0x0018
5cb8:  e80a               jr 0x5cce
5cba:  600aa1005bcb       ldb rl2,<<33>>0x5bcb
5cc0:  060a1010           andb rl2,#0x10
5cc4:  ee0d               jr nz,0x5ce0
5cc6:  4d05a100426c0019   ld <<33>>0x426c,#0x0019
5cce:  ce70               ldb rl6,#0x70
5cd0:  3ae6ffc7           outb #0xffc7,rl6
5cd4:  ce34               ldb rl6,#0x34
5cd6:  3ae6ffc7           outb #0xffc7,rl6
5cda:  5f00a1001742       call <<33>>0x1742
5ce0:  5f00a1002500       call <<33>>0x2500
5ce6:  9e08               ret 
5ce8:  2102000a           ld r2,#0x000a
5cec:  2103000a           ld r3,#0x000a
5cf0:  ceb6               ldb rl6,#0xb6
5cf2:  3ae6ffc7           outb #0xffc7,rl6
5cf6:  21060fff           ld r6,#0x0fff
5cfa:  3ae6ffc5           outb #0xffc5,rl6
5cfe:  3a66ffc5           outb #0xffc5,rh6
5d02:  8d07               nop
5d04:  8d07               nop
5d06:  f283               djnz r2,0x5d02
5d08:  3ac4ffc5           inb rl4,#0xffc5
5d0c:  3a44ffc5           inb rh4,#0xffc5
5d10:  8b64               cp r4,r6
5d12:  e609               jr z,0x5d26
5d14:  8d07               nop
5d16:  8d07               nop
5d18:  f383               djnz r3,0x5d14
5d1a:  3ad4ffc5           inb rl5,#0xffc5
5d1e:  3a54ffc5           inb rh5,#0xffc5
5d22:  8b54               cp r4,r5
5d24:  ea07               jr gt,0x5d34
5d26:  4d05a100426c001a   ld <<33>>0x426c,#0x001a
5d2e:  5f00a1001742       call <<33>>0x1742
5d34:  ceb6               ldb rl6,#0xb6
5d36:  3ae6ffc7           outb #0xffc7,rl6
5d3a:  9e08               ret 
5d3c:  00000000           addb rh0,#0x00
5d40:  00000000           addb rh0,#0x00
5d44:  00000000           addb rh0,#0x00
5d48:  00000000           addb rh0,#0x00
5d4c:  00000000           addb rh0,#0x00
5d50:  00000000           addb rh0,#0x00
5d54:  00000000           addb rh0,#0x00
5d58:  00000000           addb rh0,#0x00
5d5c:  93e2               push @rr14,r2
5d5e:  c2ff               ldb rh2,#0xff
5d60:  3aa4ff20           inb rl2,#0xff20
5d64:  060a0202           andb rl2,#0x02
5d68:  0a0a0202           cpb rl2,#0x02
5d6c:  e605               jr z,0x5d78
5d6e:  f208               dbjnz rh2,0x5d60
5d70:  4d05a100426c0020   ld <<33>>0x426c,#0x0020
5d78:  97e2               pop r2,@rr14
5d7a:  9e08               ret 
5d7c:  4d08a100426c       clr <<33>>0x426c
5d82:  3aa6ff64           outb #0xff64,rl2
5d86:  3aa6ff60           outb #0xff60,rl2
5d8a:  3aa6ff61           outb #0xff61,rl2
5d8e:  3aa6ff62           outb #0xff62,rl2
5d92:  3aa4ff60           inb rl2,#0xff60
5d96:  cbc0               ldb rl3,#0xc0
5d98:  8aba               cpb rl2,rl3
5d9a:  e608               jr z,0x5dac
5d9c:  4d05a100426c001b   ld <<33>>0x426c,#0x001b
5da4:  5f00a1005e42       call <<33>>0x5e42
5daa:  e84a               jr 0x5e40
5dac:  3aa6ff68           outb #0xff68,rl2
5db0:  3aa4ff60           inb rl2,#0xff60
5db4:  cbc9               ldb rl3,#0xc9
5db6:  8aba               cpb rl2,rl3
5db8:  e608               jr z,0x5dca
5dba:  4d05a100426c001c   ld <<33>>0x426c,#0x001c
5dc2:  5f00a1005e42       call <<33>>0x5e42
5dc8:  e83b               jr 0x5e40
5dca:  3aa6ff60           outb #0xff60,rl2
5dce:  3aa6ff69           outb #0xff69,rl2
5dd2:  3aa4ff60           inb rl2,#0xff60
5dd6:  cbd2               ldb rl3,#0xd2
5dd8:  8aba               cpb rl2,rl3
5dda:  e608               jr z,0x5dec
5ddc:  4d05a100426c001d   ld <<33>>0x426c,#0x001d
5de4:  5f00a1005e42       call <<33>>0x5e42
5dea:  e82a               jr 0x5e40
5dec:  3aa6ff61           outb #0xff61,rl2
5df0:  3aa6ff6a           outb #0xff6a,rl2
5df4:  3aa4ff60           inb rl2,#0xff60
5df8:  cbe4               ldb rl3,#0xe4
5dfa:  8aba               cpb rl2,rl3
5dfc:  e608               jr z,0x5e0e
5dfe:  4d05a100426c001e   ld <<33>>0x426c,#0x001e
5e06:  5f00a1005e42       call <<33>>0x5e42
5e0c:  e819               jr 0x5e40
5e0e:  3aa6ff68           outb #0xff68,rl2
5e12:  3aa6ff69           outb #0xff69,rl2
5e16:  3aa6ff6a           outb #0xff6a,rl2
5e1a:  3aa4ff60           inb rl2,#0xff60
5e1e:  cbff               ldb rl3,#0xff
5e20:  8aba               cpb rl2,rl3
5e22:  e60e               jr z,0x5e40
5e24:  4d05a100426c001f   ld <<33>>0x426c,#0x001f
5e2c:  5f00a1005e42       call <<33>>0x5e42
5e32:  e806               jr 0x5e40
5e34:  3aa6ff60           outb #0xff60,rl2
5e38:  3aa6ff61           outb #0xff61,rl2
5e3c:  3aa6ff62           outb #0xff62,rl2
5e40:  9e08               ret 
5e42:  5c09000da1005d3c   ldm <<33>>0x5d3c,r0,#14
5e4a:  3aa6ff68           outb #0xff68,rl2
5e4e:  3ad4ff60           inb rl5,#0xff60
5e52:  5f00a1001d0c       call <<33>>0x1d0c
5e58:  5c01000da1005d3c   ldm r0,<<33>>0x5d3c,#14
5e60:  9e08               ret 
5e62:  4d08a100426c       clr <<33>>0x426c
5e68:  3aa6ff84           outb #0xff84,rl2
5e6c:  3aa6ff6c           outb #0xff6c,rl2
5e70:  cab6               ldb rl2,#0xb6
5e72:  3aa6ffc7           outb #0xffc7,rl2
5e76:  21020004           ld r2,#0x0004
5e7a:  3aa6ffc5           outb #0xffc5,rl2
5e7e:  3a26ffc5           outb #0xffc5,rh2
5e82:  c203               ldb rh2,#0x03
5e84:  3a26ff20           outb #0xff20,rh2
5e88:  ca11               ldb rl2,#0x11
5e8a:  3aa6ff20           outb #0xff20,rl2
5e8e:  ca55               ldb rl2,#0x55
5e90:  5f00a1006378       call <<33>>0x6378
5e96:  4d04a100426c       test <<33>>0x426c
5e9c:  ee69               jr nz,0x5f70
5e9e:  caaa               ldb rl2,#0xaa
5ea0:  5f00a1006378       call <<33>>0x6378
5ea6:  4d04a100426c       test <<33>>0x426c
5eac:  ee61               jr nz,0x5f70
5eae:  c203               ldb rh2,#0x03
5eb0:  3a26ff20           outb #0xff20,rh2
5eb4:  ca19               ldb rl2,#0x19
5eb6:  3aa6ff20           outb #0xff20,rl2
5eba:  ca55               ldb rl2,#0x55
5ebc:  5f00a1006378       call <<33>>0x6378
5ec2:  4d04a100426c       test <<33>>0x426c
5ec8:  ee53               jr nz,0x5f70
5eca:  caaa               ldb rl2,#0xaa
5ecc:  5f00a1006378       call <<33>>0x6378
5ed2:  4d04a100426c       test <<33>>0x426c
5ed8:  ee4b               jr nz,0x5f70
5eda:  c203               ldb rh2,#0x03
5edc:  3a26ff20           outb #0xff20,rh2
5ee0:  ca1d               ldb rl2,#0x1d
5ee2:  3aa6ff20           outb #0xff20,rl2
5ee6:  ca55               ldb rl2,#0x55
5ee8:  5f00a1006378       call <<33>>0x6378
5eee:  4d04a100426c       test <<33>>0x426c
5ef4:  ee3d               jr nz,0x5f70
5ef6:  caaa               ldb rl2,#0xaa
5ef8:  5f00a1006378       call <<33>>0x6378
5efe:  4d04a100426c       test <<33>>0x426c
5f04:  ee35               jr nz,0x5f70
5f06:  5f00a1005d5c       call <<33>>0x5d5c
5f0c:  4d04a100426c       test <<33>>0x426c
5f12:  ee2e               jr nz,0x5f70
5f14:  ca55               ldb rl2,#0x55
5f16:  3aa6ff22           outb #0xff22,rl2
5f1a:  5f00a1005d5c       call <<33>>0x5d5c
5f20:  4d04a100426c       test <<33>>0x426c
5f26:  ee24               jr nz,0x5f70
5f28:  caaa               ldb rl2,#0xaa
5f2a:  3aa6ff22           outb #0xff22,rl2
5f2e:  5f00a1006358       call <<33>>0x6358
5f34:  4d04a100426c       test <<33>>0x426c
5f3a:  ee1a               jr nz,0x5f70
5f3c:  3aa4ff22           inb rl2,#0xff22
5f40:  0a0a5555           cpb rl2,#0x55
5f44:  e605               jr z,0x5f50
5f46:  4d05a100426c0023   ld <<33>>0x426c,#0x0023
5f4e:  e810               jr 0x5f70
5f50:  5f00a1006358       call <<33>>0x6358
5f56:  4d04a100426c       test <<33>>0x426c
5f5c:  ee09               jr nz,0x5f70
5f5e:  3aa4ff22           inb rl2,#0xff22
5f62:  0a0aaaaa           cpb rl2,#0xaa
5f66:  e615               jr z,0x5f92
5f68:  4d05a100426c0023   ld <<33>>0x426c,#0x0023
5f70:  c203               ldb rh2,#0x03
5f72:  3a26ff20           outb #0xff20,rh2
5f76:  3aa6ff8c           outb #0xff8c,rl2
5f7a:  5c09000da1005d3c   ldm <<33>>0x5d3c,r0,#14
5f82:  5f00a1001742       call <<33>>0x1742
5f88:  5c01000da1005d3c   ldm r0,<<33>>0x5d3c,#14
5f90:  9e08               ret 
5f92:  c203               ldb rh2,#0x03
5f94:  3a26ff20           outb #0xff20,rh2
5f98:  3aa6ff8c           outb #0xff8c,rl2
5f9c:  9e08               ret 
5f9e:  5c09000da1005d3c   ldm <<33>>0x5d3c,r0,#14
5fa6:  6001a1005d5a       ldb rh1,<<33>>0x5d5a
5fac:  3a16ff22           outb #0xff22,rh1
5fb0:  6a00a1005d5a       decb <<33>>0x5d5a,#1
5fb6:  5c01000da1005d3c   ldm r0,<<33>>0x5d3c,#14
5fbe:  7b00               iret
5fc0:  5f00a10024d8       call <<33>>0x24d8
5fc6:  7c01               di vi
5fc8:  3aa6ff84           outb #0xff84,rl2
5fcc:  4d08a100426c       clr <<33>>0x426c
5fd2:  3aa6ff6c           outb #0xff6c,rl2
5fd6:  cab6               ldb rl2,#0xb6
5fd8:  3aa6ffc7           outb #0xffc7,rl2
5fdc:  21020004           ld r2,#0x0004
5fe0:  3aa6ffc5           outb #0xffc5,rl2
5fe4:  3a26ffc5           outb #0xffc5,rh2
5fe8:  c203               ldb rh2,#0x03
5fea:  3a26ff20           outb #0xff20,rh2
5fee:  ca31               ldb rl2,#0x31
5ff0:  3aa6ff20           outb #0xff20,rl2
5ff4:  610484000184       ld r4,<<4>>0x0184
5ffa:  3ac6ffa0           outb #0xffa0,rl4
5ffe:  3402ff9c           ldar rr2,0x5f9e
6002:  5f00a1002528       call <<33>>0x2528
6008:  4c05a1005d5affff   ldb <<33>>0x5d5a,#0xff
6010:  caff               ldb rl2,#0xff
6012:  7c05               ei vi
6014:  5f00a1006358       call <<33>>0x6358
601a:  4d04a100426c       test <<33>>0x426c
6020:  ee19               jr nz,0x6054
6022:  7c01               di vi
6024:  3a24ff22           inb rh2,#0xff22
6028:  8aa2               cpb rh2,rl2
602a:  e609               jr z,0x603e
602c:  4d05a100426c0029   ld <<33>>0x426c,#0x0029
6034:  c203               ldb rh2,#0x03
6036:  3a26ff20           outb #0xff20,rh2
603a:  7c05               ei vi
603c:  e80e               jr 0x605a
603e:  fa17               dbjnz rl2,0x6012
6040:  c203               ldb rh2,#0x03
6042:  3a26ff20           outb #0xff20,rh2
6046:  7c05               ei vi
6048:  3aa6ff8c           outb #0xff8c,rl2
604c:  5f00a1002500       call <<33>>0x2500
6052:  9e08               ret 
6054:  c203               ldb rh2,#0x03
6056:  3a26ff20           outb #0xff20,rh2
605a:  3aa6ff8c           outb #0xff8c,rl2
605e:  5f00a1002500       call <<33>>0x2500
6064:  5c09000da1005d3c   ldm <<33>>0x5d3c,r0,#14
606c:  5f00a1001742       call <<33>>0x1742
6072:  5c01000da1005d3c   ldm r0,<<33>>0x5d3c,#14
607a:  9e08               ret 
607c:  5c09000da1005d3c   ldm <<33>>0x5d3c,r0,#14
6084:  3a14ff22           inb rh1,#0xff22
6088:  6e01a1005d59       ldb <<33>>0x5d59,rh1
608e:  6400a1005d58       setb <<33>>0x5d58,#0
6094:  5c01000da1005d3c   ldm r0,<<33>>0x5d3c,#14
609c:  7c04               ei nvi,vi
609e:  7b00               iret
60a0:  5f00a10024d8       call <<33>>0x24d8
60a6:  7c01               di vi
60a8:  3aa6ff84           outb #0xff84,rl2
60ac:  4d08a100426c       clr <<33>>0x426c
60b2:  3a26ff6c           outb #0xff6c,rh2
60b6:  cab6               ldb rl2,#0xb6
60b8:  3aa6ffc7           outb #0xffc7,rl2
60bc:  21020004           ld r2,#0x0004
60c0:  3aa6ffc5           outb #0xffc5,rl2
60c4:  3a26ffc5           outb #0xffc5,rh2
60c8:  c203               ldb rh2,#0x03
60ca:  3a26ff20           outb #0xff20,rh2
60ce:  ca91               ldb rl2,#0x91
60d0:  3aa6ff20           outb #0xff20,rl2
60d4:  610484000184       ld r4,<<4>>0x0184
60da:  3ac6ffa0           outb #0xffa0,rl4
60de:  3402ff9a           ldar rr2,0x607c
60e2:  5f00a1002528       call <<33>>0x2528
60e8:  6200a1005d58       resb <<33>>0x5d58,#0
60ee:  caff               ldb rl2,#0xff
60f0:  5f00a1005d5c       call <<33>>0x5d5c
60f6:  4d04a100426c       test <<33>>0x426c
60fc:  ee1e               jr nz,0x613a
60fe:  3aa6ff22           outb #0xff22,rl2
6102:  7c05               ei vi
6104:  c2ff               ldb rh2,#0xff
6106:  4c04a1005d58       testb <<33>>0x5d58
610c:  ee06               jr nz,0x611a
610e:  f205               dbjnz rh2,0x6106
6110:  4d05a100426c0021   ld <<33>>0x426c,#0x0021
6118:  e810               jr 0x613a
611a:  7c01               di vi
611c:  6200a1005d58       resb <<33>>0x5d58,#0
6122:  6002a1005d59       ldb rh2,<<33>>0x5d59
6128:  8aa2               cpb rh2,rl2
612a:  e605               jr z,0x6136
612c:  4d05a100426c0029   ld <<33>>0x426c,#0x0029
6134:  e802               jr 0x613a
6136:  fa24               dbjnz rl2,0x60f0
6138:  e815               jr 0x6164
613a:  c203               ldb rh2,#0x03
613c:  3a26ff20           outb #0xff20,rh2
6140:  7c05               ei vi
6142:  3aa6ff8c           outb #0xff8c,rl2
6146:  5f00a1002500       call <<33>>0x2500
614c:  5c09000da1005d3c   ldm <<33>>0x5d3c,r0,#14
6154:  5f00a1001742       call <<33>>0x1742
615a:  5c01000da1005d3c   ldm r0,<<33>>0x5d3c,#14
6162:  9e08               ret 
6164:  c203               ldb rh2,#0x03
6166:  3a26ff20           outb #0xff20,rh2
616a:  7c05               ei vi
616c:  3aa6ff8c           outb #0xff8c,rl2
6170:  5f00a1002500       call <<33>>0x2500
6176:  9e08               ret 
6178:  5c09000da1005d3c   ldm <<33>>0x5d3c,r0,#14
6180:  3a94ff20           inb rl1,#0xff20
6184:  06090303           andb rl1,#0x03
6188:  0a090202           cpb rl1,#0x02
618c:  ee09               jr nz,0x61a0
618e:  6001a1005d5a       ldb rh1,<<33>>0x5d5a
6194:  3a16ff22           outb #0xff22,rh1
6198:  6a00a1005d5a       decb <<33>>0x5d5a,#1
619e:  e821               jr 0x61e2
61a0:  0a090101           cpb rl1,#0x01
61a4:  e608               jr z,0x61b6
61a6:  c103               ldb rh1,#0x03
61a8:  3a16ff20           outb #0xff20,rh1
61ac:  4d05a100426c002b   ld <<33>>0x426c,#0x002b
61b4:  e816               jr 0x61e2
61b6:  3a14ff22           inb rh1,#0xff22
61ba:  6009a1005d59       ldb rl1,<<33>>0x5d59
61c0:  8a19               cpb rl1,rh1
61c2:  e608               jr z,0x61d4
61c4:  c103               ldb rh1,#0x03
61c6:  3a16ff20           outb #0xff20,rh1
61ca:  4d05a100426c0029   ld <<33>>0x426c,#0x0029
61d2:  e807               jr 0x61e2
61d4:  6a00a1005d59       decb <<33>>0x5d59,#1
61da:  ee03               jr nz,0x61e2
61dc:  c103               ldb rh1,#0x03
61de:  3a16ff20           outb #0xff20,rh1
61e2:  5c01000da1005d3c   ldm r0,<<33>>0x5d3c,#14
61ea:  7b00               iret
61ec:  5f00a10024d8       call <<33>>0x24d8
61f2:  7c01               di vi
61f4:  3aa6ff84           outb #0xff84,rl2
61f8:  4d08a100426c       clr <<33>>0x426c
61fe:  3aa6ff6c           outb #0xff6c,rl2
6202:  cab6               ldb rl2,#0xb6
6204:  3aa6ffc7           outb #0xffc7,rl2
6208:  21020004           ld r2,#0x0004
620c:  3aa6ffc5           outb #0xffc5,rl2
6210:  3a26ffc5           outb #0xffc5,rh2
6214:  610484000184       ld r4,<<4>>0x0184
621a:  3ac6ffa0           outb #0xffa0,rl4
621e:  3402ff56           ldar rr2,0x6178
6222:  5f00a1002528       call <<33>>0x2528
6228:  c203               ldb rh2,#0x03
622a:  3a26ff20           outb #0xff20,rh2
622e:  cab1               ldb rl2,#0xb1
6230:  3aa6ff20           outb #0xff20,rl2
6234:  2103ffff           ld r3,#0xffff
6238:  4c05a1005d5affff   ldb <<33>>0x5d5a,#0xff
6240:  4c05a1005d59ffff   ldb <<33>>0x5d59,#0xff
6248:  caff               ldb rl2,#0xff
624a:  5f00a1005d5c       call <<33>>0x5d5c
6250:  4d04a100426c       test <<33>>0x426c
6256:  e605               jr z,0x6262
6258:  c203               ldb rh2,#0x03
625a:  3a26ff20           outb #0xff20,rh2
625e:  7c05               ei vi
6260:  e818               jr 0x6292
6262:  7c05               ei vi
6264:  4d04a100426c       test <<33>>0x426c
626a:  ee13               jr nz,0x6292
626c:  4c04a1005d59       testb <<33>>0x5d59
6272:  e609               jr z,0x6286
6274:  f389               djnz r3,0x6264
6276:  c203               ldb rh2,#0x03
6278:  3a26ff20           outb #0xff20,rh2
627c:  4d05a100426c002a   ld <<33>>0x426c,#0x002a
6284:  e806               jr 0x6292
6286:  3aa6ff8c           outb #0xff8c,rl2
628a:  5f00a1002500       call <<33>>0x2500
6290:  9e08               ret 
6292:  3aa6ff8c           outb #0xff8c,rl2
6296:  5f00a1002500       call <<33>>0x2500
629c:  5c09000da1005d3c   ldm <<33>>0x5d3c,r0,#14
62a4:  5f00a1001742       call <<33>>0x1742
62aa:  5c01000da1005d3c   ldm r0,<<33>>0x5d3c,#14
62b2:  9e08               ret 
62b4:  4d08a100426c       clr <<33>>0x426c
62ba:  3aa6ff84           outb #0xff84,rl2
62be:  3a26ff64           outb #0xff64,rh2
62c2:  cab6               ldb rl2,#0xb6
62c4:  3aa6ffc7           outb #0xffc7,rl2
62c8:  21020004           ld r2,#0x0004
62cc:  3aa6ffc5           outb #0xffc5,rl2
62d0:  3a26ffc5           outb #0xffc5,rh2
62d4:  c203               ldb rh2,#0x03
62d6:  3a26ff20           outb #0xff20,rh2
62da:  ca11               ldb rl2,#0x11
62dc:  3aa6ff20           outb #0xff20,rl2
62e0:  ca55               ldb rl2,#0x55
62e2:  dfdf               calr 0x6326
62e4:  4d04a100426c       test <<33>>0x426c
62ea:  ee06               jr nz,0x62f8
62ec:  caaa               ldb rl2,#0xaa
62ee:  dfe5               calr 0x6326
62f0:  4d04a100426c       test <<33>>0x426c
62f6:  e611               jr z,0x631a
62f8:  c203               ldb rh2,#0x03
62fa:  3a26ff20           outb #0xff20,rh2
62fe:  3aa6ff8c           outb #0xff8c,rl2
6302:  5c09000da1005d3c   ldm <<33>>0x5d3c,r0,#14
630a:  5f00a1001742       call <<33>>0x1742
6310:  5c01000da1005d3c   ldm r0,<<33>>0x5d3c,#14
6318:  9e08               ret 
631a:  c203               ldb rh2,#0x03
631c:  3a26ff20           outb #0xff20,rh2
6320:  3aa6ff8c           outb #0xff8c,rl2
6324:  9e08               ret 
6326:  5f00a1005d5c       call <<33>>0x5d5c
632c:  4d04a100426c       test <<33>>0x426c
6332:  ee11               jr nz,0x6356
6334:  3aa6ff22           outb #0xff22,rl2
6338:  5f00a1006358       call <<33>>0x6358
633e:  4d04a100426c       test <<33>>0x426c
6344:  ee08               jr nz,0x6356
6346:  3a24ff22           inb rh2,#0xff22
634a:  8aa2               cpb rh2,rl2
634c:  e604               jr z,0x6356
634e:  4d05a100426c0029   ld <<33>>0x426c,#0x0029
6356:  9e08               ret 
6358:  93e2               push @rr14,r2
635a:  c2ff               ldb rh2,#0xff
635c:  3aa4ff20           inb rl2,#0xff20
6360:  060a0101           andb rl2,#0x01
6364:  0a0a0101           cpb rl2,#0x01
6368:  e605               jr z,0x6374
636a:  f208               dbjnz rh2,0x635c
636c:  4d05a100426c0021   ld <<33>>0x426c,#0x0021
6374:  97e2               pop r2,@rr14
6376:  9e08               ret 
6378:  d30f               calr 0x5d5c
637a:  4d04a100426c       test <<33>>0x426c
6380:  ee31               jr nz,0x63e4
6382:  3aa6ff22           outb #0xff22,rl2
6386:  d018               calr 0x6358
6388:  4d04a100426c       test <<33>>0x426c
638e:  ee2a               jr nz,0x63e4
6390:  3a24ff22           inb rh2,#0xff22
6394:  3ab4ff20           inb rl3,#0xff20
6398:  060b7070           andb rl3,#0x70
639c:  8aa2               cpb rh2,rl2
639e:  ee07               jr nz,0x63ae
63a0:  8cb4               testb rl3
63a2:  e620               jr z,0x63e4
63a4:  4d05a100426c0025   ld <<33>>0x426c,#0x0025
63ac:  e81b               jr 0x63e4
63ae:  8cb4               testb rl3
63b0:  ee05               jr nz,0x63bc
63b2:  4d05a100426c0024   ld <<33>>0x426c,#0x0024
63ba:  e814               jr 0x63e4
63bc:  0a0b1010           cpb rl3,#0x10
63c0:  e605               jr z,0x63cc
63c2:  4d05a100426c0026   ld <<33>>0x426c,#0x0026
63ca:  e80c               jr 0x63e4
63cc:  0a0b2020           cpb rl3,#0x20
63d0:  e605               jr z,0x63dc
63d2:  4d05a100426c0027   ld <<33>>0x426c,#0x0027
63da:  e804               jr 0x63e4
63dc:  4d05a100426c0028   ld <<33>>0x426c,#0x0028
63e4:  9e08               ret 
63e6:  00000000           addb rh0,#0x00
63ea:  00000000           addb rh0,#0x00
63ee:  00000000           addb rh0,#0x00
63f2:  00000000           addb rh0,#0x00
63f6:  00000000           addb rh0,#0x00
63fa:  00000000           addb rh0,#0x00
63fe:  00000000           addb rh0,#0x00
6402:  00000000           addb rh0,#0x00
6406:  4d08a100426c       clr <<33>>0x426c
640c:  7c01               di vi
640e:  3aa6ff84           outb #0xff84,rl2
6412:  7c05               ei vi
6414:  3aa6ff64           outb #0xff64,rl2
6418:  cab6               ldb rl2,#0xb6
641a:  3aa6ffc7           outb #0xffc7,rl2
641e:  21020004           ld r2,#0x0004
6422:  3aa6ffc5           outb #0xffc5,rl2
6426:  3a26ffc5           outb #0xffc5,rh2
642a:  c203               ldb rh2,#0x03
642c:  3a26ff20           outb #0xff20,rh2
6430:  ca11               ldb rl2,#0x11
6432:  3aa6ff20           outb #0xff20,rl2
6436:  ca55               ldb rl2,#0x55
6438:  5f00a1006378       call <<33>>0x6378
643e:  4d04a100426c       test <<33>>0x426c
6444:  ee69               jr nz,0x6518
6446:  caaa               ldb rl2,#0xaa
6448:  5f00a1006378       call <<33>>0x6378
644e:  4d04a100426c       test <<33>>0x426c
6454:  ee61               jr nz,0x6518
6456:  c203               ldb rh2,#0x03
6458:  3a26ff20           outb #0xff20,rh2
645c:  ca19               ldb rl2,#0x19
645e:  3aa6ff20           outb #0xff20,rl2
6462:  ca55               ldb rl2,#0x55
6464:  5f00a1006378       call <<33>>0x6378
646a:  4d04a100426c       test <<33>>0x426c
6470:  ee53               jr nz,0x6518
6472:  caaa               ldb rl2,#0xaa
6474:  5f00a1006378       call <<33>>0x6378
647a:  4d04a100426c       test <<33>>0x426c
6480:  ee4b               jr nz,0x6518
6482:  c203               ldb rh2,#0x03
6484:  3a26ff20           outb #0xff20,rh2
6488:  ca1d               ldb rl2,#0x1d
648a:  3aa6ff20           outb #0xff20,rl2
648e:  ca55               ldb rl2,#0x55
6490:  5f00a1006378       call <<33>>0x6378
6496:  4d04a100426c       test <<33>>0x426c
649c:  ee3d               jr nz,0x6518
649e:  caaa               ldb rl2,#0xaa
64a0:  5f00a1006378       call <<33>>0x6378
64a6:  4d04a100426c       test <<33>>0x426c
64ac:  ee35               jr nz,0x6518
64ae:  5f00a1005d5c       call <<33>>0x5d5c
64b4:  4d04a100426c       test <<33>>0x426c
64ba:  ee2e               jr nz,0x6518
64bc:  ca55               ldb rl2,#0x55
64be:  3aa6ff22           outb #0xff22,rl2
64c2:  5f00a1005d5c       call <<33>>0x5d5c
64c8:  4d04a100426c       test <<33>>0x426c
64ce:  ee24               jr nz,0x6518
64d0:  caaa               ldb rl2,#0xaa
64d2:  3aa6ff22           outb #0xff22,rl2
64d6:  5f00a1006358       call <<33>>0x6358
64dc:  4d04a100426c       test <<33>>0x426c
64e2:  ee1a               jr nz,0x6518
64e4:  3aa4ff22           inb rl2,#0xff22
64e8:  0a0a5555           cpb rl2,#0x55
64ec:  e605               jr z,0x64f8
64ee:  4d05a100426c0023   ld <<33>>0x426c,#0x0023
64f6:  e810               jr 0x6518
64f8:  5f00a1006358       call <<33>>0x6358
64fe:  4d04a100426c       test <<33>>0x426c
6504:  ee09               jr nz,0x6518
6506:  3aa4ff22           inb rl2,#0xff22
650a:  0a0aaaaa           cpb rl2,#0xaa
650e:  e615               jr z,0x653a
6510:  4d05a100426c0023   ld <<33>>0x426c,#0x0023
6518:  c203               ldb rh2,#0x03
651a:  3a26ff20           outb #0xff20,rh2
651e:  3aa6ff8c           outb #0xff8c,rl2
6522:  5c09000da10063e6   ldm <<33>>0x63e6,r0,#14
652a:  5f00a1001742       call <<33>>0x1742
6530:  5c01000da10063e6   ldm r0,<<33>>0x63e6,#14
6538:  9e08               ret 
653a:  c203               ldb rh2,#0x03
653c:  3a26ff20           outb #0xff20,rh2
6540:  3aa6ff8c           outb #0xff8c,rl2
6544:  9e08               ret 
6546:  5c09000da10063e6   ldm <<33>>0x63e6,r0,#14
654e:  6001a1006402       ldb rh1,<<33>>0x6402
6554:  3a16ff22           outb #0xff22,rh1
6558:  6a00a1006402       decb <<33>>0x6402,#1
655e:  5c01000da10063e6   ldm r0,<<33>>0x63e6,#14
6566:  7b00               iret
6568:  5f00a10024d8       call <<33>>0x24d8
656e:  7c01               di vi
6570:  3aa6ff84           outb #0xff84,rl2
6574:  4d08a100426c       clr <<33>>0x426c
657a:  3aa6ff64           outb #0xff64,rl2
657e:  cab6               ldb rl2,#0xb6
6580:  3aa6ffc7           outb #0xffc7,rl2
6584:  21020004           ld r2,#0x0004
6588:  3aa6ffc5           outb #0xffc5,rl2
658c:  3a26ffc5           outb #0xffc5,rh2
6590:  c203               ldb rh2,#0x03
6592:  3a26ff20           outb #0xff20,rh2
6596:  ca31               ldb rl2,#0x31
6598:  3aa6ff20           outb #0xff20,rl2
659c:  610484000184       ld r4,<<4>>0x0184
65a2:  3ac6ffa0           outb #0xffa0,rl4
65a6:  3402ff9c           ldar rr2,0x6546
65aa:  5f00a1002528       call <<33>>0x2528
65b0:  4c05a1006402ffff   ldb <<33>>0x6402,#0xff
65b8:  caff               ldb rl2,#0xff
65ba:  7c05               ei vi
65bc:  5f00a1006358       call <<33>>0x6358
65c2:  4d04a100426c       test <<33>>0x426c
65c8:  ee19               jr nz,0x65fc
65ca:  7c01               di vi
65cc:  3a24ff22           inb rh2,#0xff22
65d0:  8aa2               cpb rh2,rl2
65d2:  e609               jr z,0x65e6
65d4:  4d05a100426c0029   ld <<33>>0x426c,#0x0029
65dc:  c203               ldb rh2,#0x03
65de:  3a26ff20           outb #0xff20,rh2
65e2:  7c05               ei vi
65e4:  e80e               jr 0x6602
65e6:  fa17               dbjnz rl2,0x65ba
65e8:  c203               ldb rh2,#0x03
65ea:  3a26ff20           outb #0xff20,rh2
65ee:  7c05               ei vi
65f0:  3aa6ff8c           outb #0xff8c,rl2
65f4:  5f00a1002500       call <<33>>0x2500
65fa:  9e08               ret 
65fc:  c203               ldb rh2,#0x03
65fe:  3a26ff20           outb #0xff20,rh2
6602:  3aa6ff8c           outb #0xff8c,rl2
6606:  5f00a1002500       call <<33>>0x2500
660c:  5c09000da10063e6   ldm <<33>>0x63e6,r0,#14
6614:  5f00a1001742       call <<33>>0x1742
661a:  5c01000da10063e6   ldm r0,<<33>>0x63e6,#14
6622:  9e08               ret 
6624:  5c09000da10063e6   ldm <<33>>0x63e6,r0,#14
662c:  3a14ff22           inb rh1,#0xff22
6630:  6e01a1006403       ldb <<33>>0x6403,rh1
6636:  6400a1006404       setb <<33>>0x6404,#0
663c:  5c01000da10063e6   ldm r0,<<33>>0x63e6,#14
6644:  7b00               iret
6646:  5f00a10024d8       call <<33>>0x24d8
664c:  7c01               di vi
664e:  3aa6ff84           outb #0xff84,rl2
6652:  4d08a100426c       clr <<33>>0x426c
6658:  3a26ff64           outb #0xff64,rh2
665c:  cab6               ldb rl2,#0xb6
665e:  3aa6ffc7           outb #0xffc7,rl2
6662:  21020004           ld r2,#0x0004
6666:  3aa6ffc5           outb #0xffc5,rl2
666a:  3a26ffc5           outb #0xffc5,rh2
666e:  c203               ldb rh2,#0x03
6670:  3a26ff20           outb #0xff20,rh2
6674:  ca91               ldb rl2,#0x91
6676:  3aa6ff20           outb #0xff20,rl2
667a:  610484000184       ld r4,<<4>>0x0184
6680:  3ac6ffa0           outb #0xffa0,rl4
6684:  3402ff9c           ldar rr2,0x6624
6688:  5f00a1002528       call <<33>>0x2528
668e:  6200a1006404       resb <<33>>0x6404,#0
6694:  caff               ldb rl2,#0xff
6696:  5f00a1005d5c       call <<33>>0x5d5c
669c:  4d04a100426c       test <<33>>0x426c
66a2:  ee1e               jr nz,0x66e0
66a4:  3aa6ff22           outb #0xff22,rl2
66a8:  7c05               ei vi
66aa:  c2ff               ldb rh2,#0xff
66ac:  4c04a1006404       testb <<33>>0x6404
66b2:  ee06               jr nz,0x66c0
66b4:  f205               dbjnz rh2,0x66ac
66b6:  4d05a100426c0021   ld <<33>>0x426c,#0x0021
66be:  e810               jr 0x66e0
66c0:  7c01               di vi
66c2:  6200a1006404       resb <<33>>0x6404,#0
66c8:  6002a1006403       ldb rh2,<<33>>0x6403
66ce:  8aa2               cpb rh2,rl2
66d0:  e605               jr z,0x66dc
66d2:  4d05a100426c0029   ld <<33>>0x426c,#0x0029
66da:  e802               jr 0x66e0
66dc:  fa24               dbjnz rl2,0x6696
66de:  e815               jr 0x670a
66e0:  c203               ldb rh2,#0x03
66e2:  3a26ff20           outb #0xff20,rh2
66e6:  7c05               ei vi
66e8:  3aa6ff8c           outb #0xff8c,rl2
66ec:  5f00a1002500       call <<33>>0x2500
66f2:  5c09000da10063e6   ldm <<33>>0x63e6,r0,#14
66fa:  5f00a1001742       call <<33>>0x1742
6700:  5c01000da10063e6   ldm r0,<<33>>0x63e6,#14
6708:  9e08               ret 
670a:  c203               ldb rh2,#0x03
670c:  3a26ff20           outb #0xff20,rh2
6710:  7c05               ei vi
6712:  3aa6ff8c           outb #0xff8c,rl2
6716:  5f00a1002500       call <<33>>0x2500
671c:  9e08               ret 
671e:  5c09000da10063e6   ldm <<33>>0x63e6,r0,#14
6726:  3a94ff20           inb rl1,#0xff20
672a:  06090303           andb rl1,#0x03
672e:  0a090202           cpb rl1,#0x02
6732:  ee09               jr nz,0x6746
6734:  6001a1006402       ldb rh1,<<33>>0x6402
673a:  3a16ff22           outb #0xff22,rh1
673e:  6a00a1006402       decb <<33>>0x6402,#1
6744:  e821               jr 0x6788
6746:  0a090101           cpb rl1,#0x01
674a:  e608               jr z,0x675c
674c:  c103               ldb rh1,#0x03
674e:  3a16ff20           outb #0xff20,rh1
6752:  4d05a100426c002b   ld <<33>>0x426c,#0x002b
675a:  e816               jr 0x6788
675c:  3a14ff22           inb rh1,#0xff22
6760:  6009a1006403       ldb rl1,<<33>>0x6403
6766:  8a19               cpb rl1,rh1
6768:  e608               jr z,0x677a
676a:  c103               ldb rh1,#0x03
676c:  3a16ff20           outb #0xff20,rh1
6770:  4d05a100426c0029   ld <<33>>0x426c,#0x0029
6778:  e807               jr 0x6788
677a:  6a00a1006403       decb <<33>>0x6403,#1
6780:  ee03               jr nz,0x6788
6782:  c103               ldb rh1,#0x03
6784:  3a16ff20           outb #0xff20,rh1
6788:  5c01000da10063e6   ldm r0,<<33>>0x63e6,#14
6790:  7b00               iret
6792:  5f00a10024d8       call <<33>>0x24d8
6798:  7c01               di vi
679a:  3aa6ff84           outb #0xff84,rl2
679e:  4d08a100426c       clr <<33>>0x426c
67a4:  3aa6ff64           outb #0xff64,rl2
67a8:  cab6               ldb rl2,#0xb6
67aa:  3aa6ffc7           outb #0xffc7,rl2
67ae:  21020004           ld r2,#0x0004
67b2:  3aa6ffc5           outb #0xffc5,rl2
67b6:  3a26ffc5           outb #0xffc5,rh2
67ba:  610484000184       ld r4,<<4>>0x0184
67c0:  3ac6ffa0           outb #0xffa0,rl4
67c4:  3402ff56           ldar rr2,0x671e
67c8:  5f00a1002528       call <<33>>0x2528
67ce:  c203               ldb rh2,#0x03
67d0:  3a26ff20           outb #0xff20,rh2
67d4:  cab1               ldb rl2,#0xb1
67d6:  3aa6ff20           outb #0xff20,rl2
67da:  2103ffff           ld r3,#0xffff
67de:  4c05a1006402ffff   ldb <<33>>0x6402,#0xff
67e6:  4c05a1006403ffff   ldb <<33>>0x6403,#0xff
67ee:  caff               ldb rl2,#0xff
67f0:  5f00a1005d5c       call <<33>>0x5d5c
67f6:  4d04a100426c       test <<33>>0x426c
67fc:  e605               jr z,0x6808
67fe:  c203               ldb rh2,#0x03
6800:  3a26ff20           outb #0xff20,rh2
6804:  7c05               ei vi
6806:  e818               jr 0x6838
6808:  7c05               ei vi
680a:  4d04a100426c       test <<33>>0x426c
6810:  ee13               jr nz,0x6838
6812:  4c04a1006403       testb <<33>>0x6403
6818:  e609               jr z,0x682c
681a:  f389               djnz r3,0x680a
681c:  c203               ldb rh2,#0x03
681e:  3a26ff20           outb #0xff20,rh2
6822:  4d05a100426c002a   ld <<33>>0x426c,#0x002a
682a:  e806               jr 0x6838
682c:  3aa6ff8c           outb #0xff8c,rl2
6830:  5f00a1002500       call <<33>>0x2500
6836:  9e08               ret 
6838:  3aa6ff8c           outb #0xff8c,rl2
683c:  5f00a1002500       call <<33>>0x2500
6842:  5c09000da10063e6   ldm <<33>>0x63e6,r0,#14
684a:  5f00a1001742       call <<33>>0x1742
6850:  5c01000da10063e6   ldm r0,<<33>>0x63e6,#14
6858:  9e08               ret 
685a:  00000000           addb rh0,#0x00
685e:  00000000           addb rh0,#0x00
6862:  00000000           addb rh0,#0x00
6866:  00000000           addb rh0,#0x00
686a:  00000000           addb rh0,#0x00
686e:  00000000           addb rh0,#0x00
6872:  00000000           addb rh0,#0x00
6876:  91e2               pushl @rr14,rr2
6878:  2126               ld r6,@rr2
687a:  8976               xor r6,r7
687c:  8746               and r6,r4
687e:  e60f               jr z,0x689e
6880:  4d05a100426c003a   ld <<33>>0x426c,#0x003a
6888:  5c09000da100685a   ldm <<33>>0x685a,r0,#14
6890:  5f00a1001742       call <<33>>0x1742
6896:  5c01000da100685a   ldm r0,<<33>>0x685a,#14
689e:  2f28               ld @rr2,r8
68a0:  a931               inc r3,#2
68a2:  4b03a100426e       cp r3,<<33>>0x426e
68a8:  e3e7               jr ule,0x6878
68aa:  95e2               popl rr2,@rr14
68ac:  9e08               ret 
68ae:  91e2               pushl @rr14,rr2
68b0:  2126               ld r6,@rr2
68b2:  8976               xor r6,r7
68b4:  8746               and r6,r4
68b6:  e60f               jr z,0x68d6
68b8:  4d05a100426c003a   ld <<33>>0x426c,#0x003a
68c0:  5c09000da100685a   ldm <<33>>0x685a,r0,#14
68c8:  5f00a1001742       call <<33>>0x1742
68ce:  5c01000da100685a   ldm r0,<<33>>0x685a,#14
68d6:  2f28               ld @rr2,r8
68d8:  2f27               ld @rr2,r7
68da:  a931               inc r3,#2
68dc:  4b03a100426e       cp r3,<<33>>0x426e
68e2:  e3e6               jr ule,0x68b0
68e4:  95e2               popl rr2,@rr14
68e6:  9e08               ret 
68e8:  91e2               pushl @rr14,rr2
68ea:  2126               ld r6,@rr2
68ec:  8976               xor r6,r7
68ee:  8746               and r6,r4
68f0:  e60f               jr z,0x6910
68f2:  4d05a100426c003a   ld <<33>>0x426c,#0x003a
68fa:  5c09000da100685a   ldm <<33>>0x685a,r0,#14
6902:  5f00a1001742       call <<33>>0x1742
6908:  5c01000da100685a   ldm r0,<<33>>0x685a,#14
6910:  a931               inc r3,#2
6912:  4b03a100426e       cp r3,<<33>>0x426e
6918:  e3e8               jr ule,0x68ea
691a:  95e2               popl rr2,@rr14
691c:  9e08               ret 
691e:  6d03a100426e       ex r3,<<33>>0x426e
6924:  91e2               pushl @rr14,rr2
6926:  2126               ld r6,@rr2
6928:  8976               xor r6,r7
692a:  8746               and r6,r4
692c:  e60f               jr z,0x694c
692e:  4d05a100426c003a   ld <<33>>0x426c,#0x003a
6936:  5c09000da100685a   ldm <<33>>0x685a,r0,#14
693e:  5f00a1001742       call <<33>>0x1742
6944:  5c01000da100685a   ldm r0,<<33>>0x685a,#14
694c:  2f28               ld @rr2,r8
694e:  ab31               dec r3,#2
6950:  4b03a100426e       cp r3,<<33>>0x426e
6956:  efe7               jr nc,0x6926
6958:  95e2               popl rr2,@rr14
695a:  6d03a100426e       ex r3,<<33>>0x426e
6960:  9e08               ret 
6962:  6d03a100426e       ex r3,<<33>>0x426e
6968:  91e2               pushl @rr14,rr2
696a:  2126               ld r6,@rr2
696c:  8976               xor r6,r7
696e:  8746               and r6,r4
6970:  e60f               jr z,0x6990
6972:  4d05a100426c003a   ld <<33>>0x426c,#0x003a
697a:  5c09000da100685a   ldm <<33>>0x685a,r0,#14
6982:  5f00a1001742       call <<33>>0x1742
6988:  5c01000da100685a   ldm r0,<<33>>0x685a,#14
6990:  2f28               ld @rr2,r8
6992:  2f27               ld @rr2,r7
6994:  ab31               dec r3,#2
6996:  4b03a100426e       cp r3,<<33>>0x426e
699c:  efe6               jr nc,0x696a
699e:  95e2               popl rr2,@rr14
69a0:  6d03a100426e       ex r3,<<33>>0x426e
69a6:  9e08               ret 
69a8:  6d03a100426e       ex r3,<<33>>0x426e
69ae:  91e2               pushl @rr14,rr2
69b0:  2126               ld r6,@rr2
69b2:  8976               xor r6,r7
69b4:  8746               and r6,r4
69b6:  e60f               jr z,0x69d6
69b8:  4d05a100426c003a   ld <<33>>0x426c,#0x003a
69c0:  5c09000da100685a   ldm <<33>>0x685a,r0,#14
69c8:  5f00a1001742       call <<33>>0x1742
69ce:  5c01000da100685a   ldm r0,<<33>>0x685a,#14
69d6:  ab31               dec r3,#2
69d8:  4b03a100426e       cp r3,<<33>>0x426e
69de:  efe8               jr nc,0x69b0
69e0:  95e2               popl rr2,@rr14
69e2:  6d03a100426e       ex r3,<<33>>0x426e
69e8:  9e08               ret 
69ea:  9420               ldl rr0,rr2
69ec:  a156               ld r6,r5
69ee:  2f26               ld @rr2,r6
69f0:  a931               inc r3,#2
69f2:  4b03a100426e       cp r3,<<33>>0x426e
69f8:  e3fa               jr ule,0x69ee
69fa:  9402               ldl rr2,rr0
69fc:  a157               ld r7,r5
69fe:  8d50               com r5
6a00:  a158               ld r8,r5
6a02:  d0c7               calr 0x6876
6a04:  ad87               ex r7,r8
6a06:  d030               calr 0x69a8
6a08:  d0ca               calr 0x6876
6a0a:  ad87               ex r7,r8
6a0c:  d033               calr 0x69a8
6a0e:  d079               calr 0x691e
6a10:  ad87               ex r7,r8
6a12:  d096               calr 0x68e8
6a14:  d07c               calr 0x691e
6a16:  ad87               ex r7,r8
6a18:  d099               calr 0x68e8
6a1a:  d0b7               calr 0x68ae
6a1c:  d03b               calr 0x69a8
6a1e:  d05f               calr 0x6962
6a20:  d09d               calr 0x68e8
6a22:  d0d7               calr 0x6876
6a24:  ad87               ex r7,r8
6a26:  d0bd               calr 0x68ae
6a28:  d041               calr 0x69a8
6a2a:  d065               calr 0x6962
6a2c:  d0a3               calr 0x68e8
6a2e:  9e08               ret 
6a30:  00000000           addb rh0,#0x00
6a34:  00000000           addb rh0,#0x00
6a38:  00000000           addb rh0,#0x00
6a3c:  00000000           addb rh0,#0x00
6a40:  00000000           addb rh0,#0x00
6a44:  00000000           addb rh0,#0x00
6a48:  00000000           addb rh0,#0x00
6a4c:  00000000           addb rh0,#0x00
6a50:  00005c09           addb rh0,#0x09
6a54:  000da100           addb rl5,#0x00
6a58:  6a303aa4           decb <<58>>0x00a4(r3),#1
6a5c:  ff81               djnz r15,0x6a5c
6a5e:  060af0f0           andb rl2,#0xf0
6a62:  0a0a9090           cpb rl2,#0x90
6a66:  ee0d               jr nz,0x6a82
6a68:  4c05a1006a500101   ldb <<33>>0x6a50,#0x01
6a70:  3aa6ff80           outb #0xff80,rl2
6a74:  3aa6ff81           outb #0xff81,rl2
6a78:  3aa6ff82           outb #0xff82,rl2
6a7c:  3aa6ff83           outb #0xff83,rl2
6a80:  e827               jr 0x6ad0
6a82:  0a0a8080           cpb rl2,#0x80
6a86:  ee07               jr nz,0x6a96
6a88:  4c05a1006a4c0101   ldb <<33>>0x6a4c,#0x01
6a90:  3aa6ff80           outb #0xff80,rl2
6a94:  e81d               jr 0x6ad0
6a96:  0a0a4040           cpb rl2,#0x40
6a9a:  ee07               jr nz,0x6aaa
6a9c:  4c05a1006a4d0101   ldb <<33>>0x6a4d,#0x01
6aa4:  3aa6ff81           outb #0xff81,rl2
6aa8:  e813               jr 0x6ad0
6aaa:  0a0a2020           cpb rl2,#0x20
6aae:  ee07               jr nz,0x6abe
6ab0:  4c05a1006a4e0101   ldb <<33>>0x6a4e,#0x01
6ab8:  3aa6ff82           outb #0xff82,rl2
6abc:  e809               jr 0x6ad0
6abe:  0a0a1010           cpb rl2,#0x10
6ac2:  ee06               jr nz,0x6ad0
6ac4:  4c05a1006a4f0101   ldb <<33>>0x6a4f,#0x01
6acc:  3aa6ff83           outb #0xff83,rl2
6ad0:  5c01000da1006a30   ldm r0,<<33>>0x6a30,#14
6ad8:  7b00               iret
6ada:  4d08a100426c       clr <<33>>0x426c
6ae0:  4c08a1006a4c       clrb <<33>>0x6a4c
6ae6:  4c08a1006a4d       clrb <<33>>0x6a4d
6aec:  4c08a1006a4e       clrb <<33>>0x6a4e
6af2:  4c08a1006a4f       clrb <<33>>0x6a4f
6af8:  4c08a1006a50       clrb <<33>>0x6a50
6afe:  7d95               ldctl r9,psap
6b00:  7d84               ldctl r8,psapseg
6b02:  01090034           add r9,#0x0034
6b06:  3404ff48           ldar rr4,0x6a52
6b0a:  1d84               ldl @rr8,rr4
6b0c:  7c02               di nvi
6b0e:  3aa6ff8d           outb #0xff8d,rl2
6b12:  3aa6ff8e           outb #0xff8e,rl2
6b16:  3aa6ff8f           outb #0xff8f,rl2
6b1a:  3aa6ff80           outb #0xff80,rl2
6b1e:  3aa6ff81           outb #0xff81,rl2
6b22:  3aa6ff82           outb #0xff82,rl2
6b26:  3aa6ff83           outb #0xff83,rl2
6b2a:  3aa4ff81           inb rl2,#0xff81
6b2e:  cb0f               ldb rl3,#0x0f
6b30:  8aba               cpb rl2,rl3
6b32:  ee13               jr nz,0x6b5a
6b34:  3aa6ff88           outb #0xff88,rl2
6b38:  3aa6ff89           outb #0xff89,rl2
6b3c:  3aa6ff8a           outb #0xff8a,rl2
6b40:  3aa6ff8b           outb #0xff8b,rl2
6b44:  3aa6ff85           outb #0xff85,rl2
6b48:  3aa6ff86           outb #0xff86,rl2
6b4c:  3aa6ff87           outb #0xff87,rl2
6b50:  3aa4ff81           inb rl2,#0xff81
6b54:  cbf8               ldb rl3,#0xf8
6b56:  8aba               cpb rl2,rl3
6b58:  e607               jr z,0x6b68
6b5a:  4d05a100426c002c   ld <<33>>0x426c,#0x002c
6b62:  5e08a1006c7e       jp <<33>>0x6c7e
6b68:  3aa6ff80           outb #0xff80,rl2
6b6c:  3aa6ff81           outb #0xff81,rl2
6b70:  3aa6ff82           outb #0xff82,rl2
6b74:  3aa6ff83           outb #0xff83,rl2
6b78:  7c06               ei nvi
6b7a:  cbff               ldb rl3,#0xff
6b7c:  3aa6ff88           outb #0xff88,rl2
6b80:  4c04a1006a4c       testb <<33>>0x6a4c
6b86:  ee0a               jr nz,0x6b9c
6b88:  fb05               dbjnz rl3,0x6b80
6b8a:  3aa6ff80           outb #0xff80,rl2
6b8e:  4d05a100426c002d   ld <<33>>0x426c,#0x002d
6b96:  5e08a1006c60       jp <<33>>0x6c60
6b9c:  cbff               ldb rl3,#0xff
6b9e:  3aa6ff89           outb #0xff89,rl2
6ba2:  4c04a1006a4d       testb <<33>>0x6a4d
6ba8:  ee02               jr nz,0x6bae
6baa:  fb05               dbjnz rl3,0x6ba2
6bac:  e807               jr 0x6bbc
6bae:  3aa6ff81           outb #0xff81,rl2
6bb2:  4d05a100426c002e   ld <<33>>0x426c,#0x002e
6bba:  e852               jr 0x6c60
6bbc:  cbff               ldb rl3,#0xff
6bbe:  3aa6ff8d           outb #0xff8d,rl2
6bc2:  4c04a1006a4d       testb <<33>>0x6a4d
6bc8:  ee08               jr nz,0x6bda
6bca:  fb05               dbjnz rl3,0x6bc2
6bcc:  3aa6ff81           outb #0xff81,rl2
6bd0:  4d05a100426c002f   ld <<33>>0x426c,#0x002f
6bd8:  e843               jr 0x6c60
6bda:  cbff               ldb rl3,#0xff
6bdc:  3aa6ff8a           outb #0xff8a,rl2
6be0:  4c04a1006a4e       testb <<33>>0x6a4e
6be6:  ee02               jr nz,0x6bec
6be8:  fb05               dbjnz rl3,0x6be0
6bea:  e807               jr 0x6bfa
6bec:  3aa6ff82           outb #0xff82,rl2
6bf0:  4d05a100426c0030   ld <<33>>0x426c,#0x0030
6bf8:  e833               jr 0x6c60
6bfa:  cbff               ldb rl3,#0xff
6bfc:  3aa6ff8d           outb #0xff8d,rl2
6c00:  3aa6ff8e           outb #0xff8e,rl2
6c04:  4c04a1006a4e       testb <<33>>0x6a4e
6c0a:  ee08               jr nz,0x6c1c
6c0c:  fb05               dbjnz rl3,0x6c04
6c0e:  3aa6ff82           outb #0xff82,rl2
6c12:  4d05a100426c0031   ld <<33>>0x426c,#0x0031
6c1a:  e822               jr 0x6c60
6c1c:  cbff               ldb rl3,#0xff
6c1e:  3aa6ff8b           outb #0xff8b,rl2
6c22:  4c04a1006a4f       testb <<33>>0x6a4f
6c28:  ee02               jr nz,0x6c2e
6c2a:  fb05               dbjnz rl3,0x6c22
6c2c:  e807               jr 0x6c3c
6c2e:  3aa6ff83           outb #0xff83,rl2
6c32:  4d05a100426c0032   ld <<33>>0x426c,#0x0032
6c3a:  e812               jr 0x6c60
6c3c:  cbff               ldb rl3,#0xff
6c3e:  3aa6ff8d           outb #0xff8d,rl2
6c42:  3aa6ff8e           outb #0xff8e,rl2
6c46:  3aa6ff8f           outb #0xff8f,rl2
6c4a:  4c04a1006a4f       testb <<33>>0x6a4f
6c50:  ee25               jr nz,0x6c9c
6c52:  fb05               dbjnz rl3,0x6c4a
6c54:  3aa6ff83           outb #0xff83,rl2
6c58:  4d05a100426c0033   ld <<33>>0x426c,#0x0033
6c60:  5f00a1006c9e       call <<33>>0x6c9e
6c66:  5c09000da1006a30   ldm <<33>>0x6a30,r0,#14
6c6e:  5f00a1001742       call <<33>>0x1742
6c74:  5c01000da1006a30   ldm r0,<<33>>0x6a30,#14
6c7c:  9e08               ret 
6c7e:  5f00a1006c9e       call <<33>>0x6c9e
6c84:  7c06               ei nvi
6c86:  5c09000da1006a30   ldm <<33>>0x6a30,r0,#14
6c8e:  5f00a1001d0c       call <<33>>0x1d0c
6c94:  5c01000da1006a30   ldm r0,<<33>>0x6a30,#14
6c9c:  9e08               ret 
6c9e:  3aa6ff80           outb #0xff80,rl2
6ca2:  3aa6ff81           outb #0xff81,rl2
6ca6:  3aa6ff82           outb #0xff82,rl2
6caa:  3aa6ff83           outb #0xff83,rl2
6cae:  3aa6ff8d           outb #0xff8d,rl2
6cb2:  3aa6ff8e           outb #0xff8e,rl2
6cb6:  3aa6ff8f           outb #0xff8f,rl2
6cba:  9e08               ret 
6cbc:  00000000           addb rh0,#0x00
6cc0:  00000000           addb rh0,#0x00
6cc4:  00000000           addb rh0,#0x00
6cc8:  00000000           addb rh0,#0x00
6ccc:  00000000           addb rh0,#0x00
6cd0:  00000000           addb rh0,#0x00
6cd4:  00000000           addb rh0,#0x00
6cd8:  00000002           addb rh0,#0x02
6cdc:  00040008           addb rh4,#0x08
6ce0:  0010               addb rh0,@rr1
6ce2:  0020               addb rh0,@rr2
6ce4:  0040               addb rh0,@rr4
6ce6:  0080               addb rh0,@rr8
6ce8:  00c0               addb rh0,@rr12
6cea:  00e0               addb rh0,@rr14
6cec:  00f0               addb rh0,@rr15
6cee:  00f8               addb rl0,@rr15
6cf0:  00fc               addb rl4,@rr15
6cf2:  00fe               addb rl6,@rr15
6cf4:  00005c09           addb rh0,#0x09
6cf8:  000da100           addb rl5,#0x00
6cfc:  6cbc21e1           exb rl4,<<33>>0x00e1(r11)
6d00:  6e09a1006cf5       ldb <<33>>0x6cf5,rl1
6d06:  c970               ldb rl1,#0x70
6d08:  3a96ffc7           outb #0xffc7,rl1
6d0c:  5c01000da1006cbc   ldm r0,<<33>>0x6cbc,#14
6d14:  7b00               iret
6d16:  5c09000da1006cbc   ldm <<33>>0x6cbc,r0,#14
6d1e:  21e1               ld r1,@rr14
6d20:  6e09a1006cf5       ldb <<33>>0x6cf5,rl1
6d26:  6009a1006cf4       ldb rl1,<<33>>0x6cf4
6d2c:  3a96ff22           outb #0xff22,rl1
6d30:  5c01000da1006cbc   ldm r0,<<33>>0x6cbc,#14
6d38:  7b00               iret
6d3a:  ce34               ldb rl6,#0x34
6d3c:  3ae6ffc7           outb #0xffc7,rl6
6d40:  210600ff           ld r6,#0x00ff
6d44:  3ae6ffc1           outb #0xffc1,rl6
6d48:  3a66ffc1           outb #0xffc1,rh6
6d4c:  ce70               ldb rl6,#0x70
6d4e:  3ae6ffc7           outb #0xffc7,rl6
6d52:  5f00a10024d8       call <<33>>0x24d8
6d58:  3402ff9a           ldar rr2,0x6cf6
6d5c:  5f00a1002528       call <<33>>0x2528
6d62:  8d18               clr r1
6d64:  7c01               di vi
6d66:  4c05a1006cf5ffff   ldb <<33>>0x6cf5,#0xff
6d6e:  4d08a100426c       clr <<33>>0x426c
6d74:  6114a1006cd8       ld r4,<<33>>0x6cd8(r1)
6d7a:  3ac6ff01           outb #0xff01,rl4
6d7e:  210600ff           ld r6,#0x00ff
6d82:  3ae6ffc3           outb #0xffc3,rl6
6d86:  3a66ffc3           outb #0xffc3,rh6
6d8a:  3aa6ff8c           outb #0xff8c,rl2
6d8e:  2102ffff           ld r2,#0xffff
6d92:  7c05               ei vi
6d94:  600ca1006cf5       ldb rl4,<<33>>0x6cf5
6d9a:  0a0cffff           cpb rl4,#0xff
6d9e:  ee1a               jr nz,0x6dd4
6da0:  f287               djnz r2,0x6d94
6da2:  4d05a100426c0035   ld <<33>>0x426c,#0x0035
6daa:  ce70               ldb rl6,#0x70
6dac:  3ae6ffc7           outb #0xffc7,rl6
6db0:  5f00a1002500       call <<33>>0x2500
6db6:  5c09000da1006cbc   ldm <<33>>0x6cbc,r0,#14
6dbe:  5f00a1001742       call <<33>>0x1742
6dc4:  5c01000da1006cbc   ldm r0,<<33>>0x6cbc,#14
6dcc:  5f00a10024d8       call <<33>>0x24d8
6dd2:  e824               jr 0x6e1c
6dd4:  6115a1006cd8       ld r5,<<33>>0x6cd8(r1)
6dda:  8adc               cpb rl4,rl5
6ddc:  ee05               jr nz,0x6de8
6dde:  a911               inc r1,#2
6de0:  0b01001c           cp r1,#0x001c
6de4:  eebf               jr nz,0x6d64
6de6:  e817               jr 0x6e16
6de8:  4d05a100426c0036   ld <<33>>0x426c,#0x0036
6df0:  5f00a1002500       call <<33>>0x2500
6df6:  5c09000da1006cbc   ldm <<33>>0x6cbc,r0,#14
6dfe:  a0ca               ldb rl2,rl4
6e00:  a0db               ldb rl3,rl5
6e02:  5f00a1001d0c       call <<33>>0x1d0c
6e08:  5c01000da1006cbc   ldm r0,<<33>>0x6cbc,#14
6e10:  5f00a10024d8       call <<33>>0x24d8
6e16:  ce70               ldb rl6,#0x70
6e18:  3ae6ffc7           outb #0xffc7,rl6
6e1c:  7c01               di vi
6e1e:  3aa6ff84           outb #0xff84,rl2
6e22:  3aa6ff64           outb #0xff64,rl2
6e26:  cab6               ldb rl2,#0xb6
6e28:  3aa6ffc7           outb #0xffc7,rl2
6e2c:  21020004           ld r2,#0x0004
6e30:  3aa6ffc5           outb #0xffc5,rl2
6e34:  3a26ffc5           outb #0xffc5,rh2
6e38:  3402feda           ldar rr2,0x6d16
6e3c:  5f00a1002528       call <<33>>0x2528
6e42:  8d18               clr r1
6e44:  7c01               di vi
6e46:  4c05a1006cf5ffff   ldb <<33>>0x6cf5,#0xff
6e4e:  4d08a100426c       clr <<33>>0x426c
6e54:  6114a1006cd8       ld r4,<<33>>0x6cd8(r1)
6e5a:  3ac6ffa0           outb #0xffa0,rl4
6e5e:  c203               ldb rh2,#0x03
6e60:  3a26ff20           outb #0xff20,rh2
6e64:  ca31               ldb rl2,#0x31
6e66:  3aa6ff20           outb #0xff20,rl2
6e6a:  4c05a1006cf4ffff   ldb <<33>>0x6cf4,#0xff
6e72:  7c05               ei vi
6e74:  5f00a1006358       call <<33>>0x6358
6e7a:  4d04a100426c       test <<33>>0x426c
6e80:  ee14               jr nz,0x6eaa
6e82:  7c01               di vi
6e84:  3a44ff22           inb rh4,#0xff22
6e88:  600ca1006cf5       ldb rl4,<<33>>0x6cf5
6e8e:  6115a1006cd8       ld r5,<<33>>0x6cd8(r1)
6e94:  8adc               cpb rl4,rl5
6e96:  ee05               jr nz,0x6ea2
6e98:  a911               inc r1,#2
6e9a:  0b01001c           cp r1,#0x001c
6e9e:  eed2               jr nz,0x6e44
6ea0:  e81c               jr 0x6eda
6ea2:  4d05a100426c0037   ld <<33>>0x426c,#0x0037
6eaa:  c203               ldb rh2,#0x03
6eac:  3a26ff20           outb #0xff20,rh2
6eb0:  3a26ff8c           outb #0xff8c,rh2
6eb4:  3a26ff6c           outb #0xff6c,rh2
6eb8:  5f00a1002500       call <<33>>0x2500
6ebe:  5c09000da1006cbc   ldm <<33>>0x6cbc,r0,#14
6ec6:  a0ca               ldb rl2,rl4
6ec8:  a0db               ldb rl3,rl5
6eca:  5f00a1001d0c       call <<33>>0x1d0c
6ed0:  5c01000da1006cbc   ldm r0,<<33>>0x6cbc,#14
6ed8:  9e08               ret 
6eda:  c203               ldb rh2,#0x03
6edc:  3a26ff20           outb #0xff20,rh2
6ee0:  3a26ff8c           outb #0xff8c,rh2
6ee4:  3a26ff6c           outb #0xff6c,rh2
6ee8:  5f00a1002500       call <<33>>0x2500
6eee:  9e08               ret 
6ef0:  5c09000da1007180   ldm <<33>>0x7180,r0,#14
6ef8:  14089e00e000       ldl rr8,#0x9e00e000
6efe:  3708005a           ldrl 0x6f5c,rr8
6f02:  9222               subl rr2,rr2
6f04:  c410               ldb rh4,#0x10
6f06:  2f82               ld @rr8,r2
6f08:  a991               inc r9,#2
6f0a:  f403               dbjnz rh4,0x6f06
6f0c:  a8a0               incb rl2,#1
6f0e:  0a0a1010           cpb rl2,#0x10
6f12:  e7f8               jr c,0x6f04
6f14:  bd71               ldk r7,#1
6f16:  35080042           ldrl rr8,0x6f5c
6f1a:  21031000           ld r3,#0x1000
6f1e:  2182               ld r2,@rr8
6f20:  060a0f0f           andb rl2,#0x0f
6f24:  8aba               cpb rl2,rl3
6f26:  ee05               jr nz,0x6f32
6f28:  01090020           add r9,#0x0020
6f2c:  a8b0               incb rl3,#1
6f2e:  f309               dbjnz rh3,0x6f1e
6f30:  e805               jr 0x6f3c
6f32:  0b030f01           cp r3,#0x0f01
6f36:  bd70               ldk r7,#0
6f38:  e601               jr z,0x6f3c
6f3a:  bd72               ldk r7,#2
6f3c:  3307001a           ldr 0x6f5a,r7
6f40:  5c01000da1007180   ldm r0,<<33>>0x7180,#14
6f48:  3107000e           ldr r7,0x6f5a
6f4c:  4b07a0000118       cp r7,<<32>>0x0118
6f52:  bd71               ldk r7,#1
6f54:  e601               jr z,0x6f58
6f56:  8d78               clr r7
6f58:  9e08               ret 
6f5a:  00000000           addb rh0,#0x00
6f5e:  00006002           addb rh0,#0x02
6f62:  a100               ld r0,r0
6f64:  426aa4272103       subb rl2,<<36>>0x2103(r6)
6f6a:  e000               jr f,0x6f6c
6f6c:  9420               ldl rr0,rr2
6f6e:  4d04a0000118       test <<32>>0x0118
6f74:  ee05               jr nz,0x6f80
6f76:  4d05a100426ee03e   ld <<33>>0x426e,#0xe03e
6f7e:  e804               jr 0x6f88
6f80:  4d05a100426ee0fe   ld <<33>>0x426e,#0xe0fe
6f88:  7604a1007080       lda rr4,<<33>>0x7080
6f8e:  2126               ld r6,@rr2
6f90:  2f46               ld @rr4,r6
6f92:  4b03a100426e       cp r3,<<33>>0x426e
6f98:  e603               jr z,0x6fa0
6f9a:  a931               inc r3,#2
6f9c:  a951               inc r5,#2
6f9e:  e8f7               jr 0x6f8e
6fa0:  cd02               ldb rl5,#0x02
6fa2:  21060005           ld r6,#0x0005
6fa6:  9402               ldl rr2,rr0
6fa8:  2f26               ld @rr2,r6
6faa:  4b03a100426e       cp r3,<<33>>0x426e
6fb0:  e602               jr z,0x6fb6
6fb2:  a931               inc r3,#2
6fb4:  e8f9               jr 0x6fa8
6fb6:  9402               ldl rr2,rr0
6fb8:  2124               ld r4,@rr2
6fba:  0704000f           and r4,#0x000f
6fbe:  8b64               cp r4,r6
6fc0:  e608               jr z,0x6fd2
6fc2:  4d05a100426c0038   ld <<33>>0x426c,#0x0038
6fca:  5f00a1007068       call <<33>>0x7068
6fd0:  e83d               jr 0x704c
6fd2:  4b03a100426e       cp r3,<<33>>0x426e
6fd8:  e602               jr z,0x6fde
6fda:  a931               inc r3,#2
6fdc:  e8ed               jr 0x6fb8
6fde:  2106000a           ld r6,#0x000a
6fe2:  9402               ldl rr2,rr0
6fe4:  fd1f               dbjnz rl5,0x6fa8
6fe6:  9402               ldl rr2,rr0
6fe8:  2106000f           ld r6,#0x000f
6fec:  2f26               ld @rr2,r6
6fee:  4b03a100426e       cp r3,<<33>>0x426e
6ff4:  eb1c               jr ugt,0x702e
6ff6:  9404               ldl rr4,rr0
6ff8:  8b53               cp r3,r5
6ffa:  ee01               jr nz,0x6ffe
6ffc:  a951               inc r5,#2
6ffe:  21060000           ld r6,#0x0000
7002:  2f46               ld @rr4,r6
7004:  a951               inc r5,#2
7006:  4b05a100426e       cp r5,<<33>>0x426e
700c:  e3f5               jr ule,0x6ff8
700e:  2126               ld r6,@rr2
7010:  0706000f           and r6,#0x000f
7014:  0b06000f           cp r6,#0x000f
7018:  e608               jr z,0x702a
701a:  4d05a100426c0039   ld <<33>>0x426c,#0x0039
7022:  5f00a1007068       call <<33>>0x7068
7028:  e811               jr 0x704c
702a:  a931               inc r3,#2
702c:  e8dd               jr 0x6fe8
702e:  21050000           ld r5,#0x0000
7032:  9402               ldl rr2,rr0
7034:  2104000f           ld r4,#0x000f
7038:  93e5               push @rr14,r5
703a:  5f00a10069ea       call <<33>>0x69ea
7040:  97e5               pop r5,@rr14
7042:  01050001           add r5,#0x0001
7046:  0b050008           cp r5,#0x0008
704a:  eef3               jr nz,0x7032
704c:  7604a1007080       lda rr4,<<33>>0x7080
7052:  9402               ldl rr2,rr0
7054:  2146               ld r6,@rr4
7056:  2f26               ld @rr2,r6
7058:  4b03a100426e       cp r3,<<33>>0x426e
705e:  e603               jr z,0x7066
7060:  a931               inc r3,#2
7062:  a951               inc r5,#2
7064:  e8f7               jr 0x7054
7066:  9e08               ret 
7068:  5c09000da1007180   ldm <<33>>0x7180,r0,#14
7070:  5f00a1001742       call <<33>>0x1742
7076:  5c01000da1007180   ldm r0,<<33>>0x7180,#14
707e:  9e08               ret 
7080:  00000000           addb rh0,#0x00
7084:  00000000           addb rh0,#0x00
7088:  00000000           addb rh0,#0x00
708c:  00000000           addb rh0,#0x00
7090:  00000000           addb rh0,#0x00
7094:  00000000           addb rh0,#0x00
7098:  00000000           addb rh0,#0x00
709c:  00000000           addb rh0,#0x00
70a0:  00000000           addb rh0,#0x00
70a4:  00000000           addb rh0,#0x00
70a8:  00000000           addb rh0,#0x00
70ac:  00000000           addb rh0,#0x00
70b0:  00000000           addb rh0,#0x00
70b4:  00000000           addb rh0,#0x00
70b8:  00000000           addb rh0,#0x00
70bc:  00000000           addb rh0,#0x00
70c0:  00000000           addb rh0,#0x00
70c4:  00000000           addb rh0,#0x00
70c8:  00000000           addb rh0,#0x00
70cc:  00000000           addb rh0,#0x00
70d0:  00000000           addb rh0,#0x00
70d4:  00000000           addb rh0,#0x00
70d8:  00000000           addb rh0,#0x00
70dc:  00000000           addb rh0,#0x00
70e0:  00000000           addb rh0,#0x00
70e4:  00000000           addb rh0,#0x00
70e8:  00000000           addb rh0,#0x00
70ec:  00000000           addb rh0,#0x00
70f0:  00000000           addb rh0,#0x00
70f4:  00000000           addb rh0,#0x00
70f8:  00000000           addb rh0,#0x00
70fc:  00000000           addb rh0,#0x00
7100:  00000000           addb rh0,#0x00
7104:  00000000           addb rh0,#0x00
7108:  00000000           addb rh0,#0x00
710c:  00000000           addb rh0,#0x00
7110:  00000000           addb rh0,#0x00
7114:  00000000           addb rh0,#0x00
7118:  00000000           addb rh0,#0x00
711c:  00000000           addb rh0,#0x00
7120:  00000000           addb rh0,#0x00
7124:  00000000           addb rh0,#0x00
7128:  00000000           addb rh0,#0x00
712c:  00000000           addb rh0,#0x00
7130:  00000000           addb rh0,#0x00
7134:  00000000           addb rh0,#0x00
7138:  00000000           addb rh0,#0x00
713c:  00000000           addb rh0,#0x00
7140:  00000000           addb rh0,#0x00
7144:  00000000           addb rh0,#0x00
7148:  00000000           addb rh0,#0x00
714c:  00000000           addb rh0,#0x00
7150:  00000000           addb rh0,#0x00
7154:  00000000           addb rh0,#0x00
7158:  00000000           addb rh0,#0x00
715c:  00000000           addb rh0,#0x00
7160:  00000000           addb rh0,#0x00
7164:  00000000           addb rh0,#0x00
7168:  00000000           addb rh0,#0x00
716c:  00000000           addb rh0,#0x00
7170:  00000000           addb rh0,#0x00
7174:  00000000           addb rh0,#0x00
7178:  00000000           addb rh0,#0x00
717c:  00000000           addb rh0,#0x00
7180:  00000000           addb rh0,#0x00
7184:  00000000           addb rh0,#0x00
7188:  00000000           addb rh0,#0x00
718c:  00000000           addb rh0,#0x00
7190:  00000000           addb rh0,#0x00
7194:  00000000           addb rh0,#0x00
7198:  00000000           addb rh0,#0x00
719c:  00006002           addb rh0,#0x02
71a0:  a100               ld r0,r0
71a2:  426aa4279200       subb rl2,<<36>>0x9200(r6)
71a8:  9266               subl rr6,rr6
71aa:  8d58               clr r5
71ac:  202e               ldb rl6,@rr2
71ae:  88be               xorb rl6,rl3
71b0:  a930               inc r3,#1
71b2:  202f               ldb rl7,@rr2
71b4:  88bf               xorb rl7,rl3
71b6:  a930               inc r3,#1
71b8:  8161               add r1,r6
71ba:  b551               adc r1,r5
71bc:  8170               add r0,r7
71be:  b550               adc r0,r5
71c0:  f48b               djnz r4,0x71ac
71c2:  1426               ldl rr6,@rr2
71c4:  acf6               exb rh6,rl7
71c6:  4c08a100719c       clrb <<33>>0x719c
71cc:  8b60               cp r0,r6
71ce:  e603               jr z,0x71d6
71d0:  6400a100719c       setb <<33>>0x719c,#0
71d6:  8b71               cp r1,r7
71d8:  e603               jr z,0x71e0
71da:  6401a100719c       setb <<33>>0x719c,#1
71e0:  8c78               clrb rh7
71e2:  600fa100719c       ldb rl7,<<33>>0x719c
71e8:  9e08               ret 
71ea:  3af4ffb1           inb rl7,#0xffb1
71ee:  9e08               ret 
71f0:  6002a100426a       ldb rh2,<<33>>0x426a
71f6:  a427               setb rh2,#7
71f8:  88aa               xorb rl2,rl2
71fa:  21030050           ld r3,#0x0050
71fe:  1428               ldl rr8,@rr2
7200:  a128               ld r8,r2
7202:  2100007f           ld r0,#0x007f
7206:  1f80               call @rr8
7208:  8d07               nop
720a:  8d07               nop
720c:  8d07               nop
720e:  9e08               ret 
7210:  00000000           addb rh0,#0x00
7214:  00000000           addb rh0,#0x00
7218:  00000000           addb rh0,#0x00
721c:  00000000           addb rh0,#0x00
7220:  00000000           addb rh0,#0x00
7224:  00000000           addb rh0,#0x00
7228:  00000000           addb rh0,#0x00
722c:  00000000           addb rh0,#0x00
7230:  00000000           addb rh0,#0x00
7234:  00000000           addb rh0,#0x00
7238:  00000000           addb rh0,#0x00
723c:  00000000           addb rh0,#0x00
7240:  00000000           addb rh0,#0x00
7244:  00000000           addb rh0,#0x00
7248:  00000000           addb rh0,#0x00
724c:  00000000           addb rh0,#0x00
7250:  00000000           addb rh0,#0x00
7254:  00000000           addb rh0,#0x00
7258:  00000000           addb rh0,#0x00
725c:  00000000           addb rh0,#0x00
7260:  00000000           addb rh0,#0x00
7264:  00000000           addb rh0,#0x00
7268:  00000000           addb rh0,#0x00
726c:  00000000           addb rh0,#0x00
7270:  00000000           addb rh0,#0x00
7274:  00000000           addb rh0,#0x00
7278:  00000000           addb rh0,#0x00
727c:  00000000           addb rh0,#0x00
7280:  00000000           addb rh0,#0x00
7284:  00000000           addb rh0,#0x00
7288:  00000000           addb rh0,#0x00
728c:  00000000           addb rh0,#0x00
7290:  00000000           addb rh0,#0x00
7294:  00000000           addb rh0,#0x00
7298:  00000000           addb rh0,#0x00
729c:  00000000           addb rh0,#0x00
72a0:  00000000           addb rh0,#0x00
72a4:  00000000           addb rh0,#0x00
72a8:  00000000           addb rh0,#0x00
72ac:  00000000           addb rh0,#0x00
72b0:  00000000           addb rh0,#0x00
72b4:  00000000           addb rh0,#0x00
72b8:  00000000           addb rh0,#0x00
72bc:  00000000           addb rh0,#0x00
72c0:  00000000           addb rh0,#0x00
72c4:  00000000           addb rh0,#0x00
72c8:  00000000           addb rh0,#0x00
72cc:  00000000           addb rh0,#0x00
72d0:  00000000           addb rh0,#0x00
72d4:  00000000           addb rh0,#0x00
72d8:  00000000           addb rh0,#0x00
72dc:  00000000           addb rh0,#0x00
72e0:  00000000           addb rh0,#0x00
72e4:  00000000           addb rh0,#0x00
72e8:  00000000           addb rh0,#0x00
72ec:  00000000           addb rh0,#0x00
72f0:  00000000           addb rh0,#0x00
72f4:  00000000           addb rh0,#0x00
72f8:  00000000           addb rh0,#0x00
72fc:  00000000           addb rh0,#0x00
7300:  00000000           addb rh0,#0x00
7304:  00000000           addb rh0,#0x00
7308:  00000000           addb rh0,#0x00
730c:  00000000           addb rh0,#0x00
7310:  00000000           addb rh0,#0x00
7314:  00000000           addb rh0,#0x00
7318:  00000000           addb rh0,#0x00
731c:  00000000           addb rh0,#0x00
7320:  00000000           addb rh0,#0x00
7324:  00000000           addb rh0,#0x00
7328:  00000000           addb rh0,#0x00
732c:  00000000           addb rh0,#0x00
7330:  00000000           addb rh0,#0x00
7334:  00000000           addb rh0,#0x00
7338:  00000000           addb rh0,#0x00
733c:  00000000           addb rh0,#0x00
7340:  00000000           addb rh0,#0x00
7344:  00000000           addb rh0,#0x00
7348:  00000000           addb rh0,#0x00
734c:  00000000           addb rh0,#0x00
7350:  00000000           addb rh0,#0x00
7354:  00000000           addb rh0,#0x00
7358:  00000000           addb rh0,#0x00
735c:  00000000           addb rh0,#0x00
7360:  00000000           addb rh0,#0x00
7364:  00000000           addb rh0,#0x00
7368:  00000000           addb rh0,#0x00
736c:  00000000           addb rh0,#0x00
7370:  00000000           addb rh0,#0x00
7374:  00000000           addb rh0,#0x00
7378:  00000000           addb rh0,#0x00
737c:  00000000           addb rh0,#0x00
7380:  00000000           addb rh0,#0x00
7384:  00000000           addb rh0,#0x00
7388:  00000000           addb rh0,#0x00
738c:  00000000           addb rh0,#0x00
7390:  00000000           addb rh0,#0x00
7394:  00000000           addb rh0,#0x00
7398:  00000000           addb rh0,#0x00
739c:  00000000           addb rh0,#0x00
73a0:  00000000           addb rh0,#0x00
73a4:  00000000           addb rh0,#0x00
73a8:  00000000           addb rh0,#0x00
73ac:  00000000           addb rh0,#0x00
73b0:  00000000           addb rh0,#0x00
73b4:  00000000           addb rh0,#0x00
73b8:  00000000           addb rh0,#0x00
73bc:  00000000           addb rh0,#0x00
73c0:  00000000           addb rh0,#0x00
73c4:  00000000           addb rh0,#0x00
73c8:  00000000           addb rh0,#0x00
73cc:  00000000           addb rh0,#0x00
73d0:  00000000           addb rh0,#0x00
73d4:  00000000           addb rh0,#0x00
73d8:  00000000           addb rh0,#0x00
73dc:  00000000           addb rh0,#0x00
73e0:  00000000           addb rh0,#0x00
73e4:  00000000           addb rh0,#0x00
73e8:  00000000           addb rh0,#0x00
73ec:  00000000           addb rh0,#0x00
73f0:  00000000           addb rh0,#0x00
73f4:  00000000           addb rh0,#0x00
73f8:  00000000           addb rh0,#0x00
73fc:  00000000           addb rh0,#0x00
7400:  340c0002           ldar rr12,0x7406
7404:  e83f               jr 0x7484
7406:  c480               ldb rh4,#0x80
7408:  3a4700fc           soutb #0x00fc,rh4
740c:  8d07               nop
740e:  8d07               nop
7410:  8d07               nop
7412:  8d07               nop
7414:  c800               ldb rl0,#0x00
7416:  32080068           ldrb 0x7482,rl0
741a:  3408019e           ldar rr8,0x75bc
741e:  2e88               ldb @rr8,rl0
7420:  9486               ldl rr6,rr8
7422:  a970               inc r7,#1
7424:  210100ff           ld r1,#0x00ff
7428:  ba810160           ldirb @rr6,@rr8,r1
742c:  3402018c           ldar rr2,0x75bc
7430:  340c0002           ldar rr12,0x7436
7434:  e837               jr 0x74a4
7436:  8d07               nop
7438:  21000800           ld r0,#0x0800
743c:  f081               djnz r0,0x743c
743e:  3402027a           ldar rr2,0x76bc
7442:  340c0002           ldar rr12,0x7448
7446:  e820               jr 0x7488
7448:  34060170           ldar rr6,0x75bc
744c:  3408026c           ldar rr8,0x76bc
7450:  21050100           ld r5,#0x0100
7454:  ba86056e           cpsirb @rr6,@rr8,r5,nz
7458:  e612               jr z,0x747e
745a:  8d07               nop
745c:  8d07               nop
745e:  30080020           ldrb rl0,0x7482
7462:  a880               incb rl0,#1
7464:  eed8               jr nz,0x7416
7466:  8d07               nop
7468:  8d07               nop
746a:  8d78               clr r7
746c:  340c0002           ldar rr12,0x7472
7470:  e817               jr 0x74a0
7472:  c4c0               ldb rh4,#0xc0
7474:  3a4700fc           soutb #0x00fc,rh4
7478:  8d07               nop
747a:  8d07               nop
747c:  1ea8               jp @rr10
747e:  bd76               ldk r7,#6
7480:  e8f5               jr 0x746c
7482:  00003402           addb rh0,#0x02
7486:  0034               addb rh4,@rr3
7488:  9200               subl rr0,rr0
748a:  3a8701fc           soutb #0x01fc,rl0
748e:  3a8720fc           soutb #0x20fc,rl0
7492:  21010100           ld r1,#0x0100
7496:  21050ffc           ld r5,#0x0ffc
749a:  3a510120           sinirb @rr2,@r5,r1
749e:  1ec8               jp @rr12
74a0:  34020018           ldar rr2,0x74bc
74a4:  9200               subl rr0,rr0
74a6:  3a8701fc           soutb #0x01fc,rl0
74aa:  3a8720fc           soutb #0x20fc,rl0
74ae:  21010100           ld r1,#0x0100
74b2:  21050ffc           ld r5,#0x0ffc
74b6:  3a230150           sotirb @r5,@rr2,r1
74ba:  1ec8               jp @rr12
74bc:  00000000           addb rh0,#0x00
74c0:  00000000           addb rh0,#0x00
74c4:  00000000           addb rh0,#0x00
74c8:  00000000           addb rh0,#0x00
74cc:  00000000           addb rh0,#0x00
74d0:  00000000           addb rh0,#0x00
74d4:  00000000           addb rh0,#0x00
74d8:  00000000           addb rh0,#0x00
74dc:  00000000           addb rh0,#0x00
74e0:  00000000           addb rh0,#0x00
74e4:  00000000           addb rh0,#0x00
74e8:  00000000           addb rh0,#0x00
74ec:  00000000           addb rh0,#0x00
74f0:  00000000           addb rh0,#0x00
74f4:  00000000           addb rh0,#0x00
74f8:  00000000           addb rh0,#0x00
74fc:  00000000           addb rh0,#0x00
7500:  00000000           addb rh0,#0x00
7504:  00000000           addb rh0,#0x00
7508:  00000000           addb rh0,#0x00
750c:  00000000           addb rh0,#0x00
7510:  00000000           addb rh0,#0x00
7514:  00000000           addb rh0,#0x00
7518:  00000000           addb rh0,#0x00
751c:  00000000           addb rh0,#0x00
7520:  00000000           addb rh0,#0x00
7524:  00000000           addb rh0,#0x00
7528:  00000000           addb rh0,#0x00
752c:  00000000           addb rh0,#0x00
7530:  00000000           addb rh0,#0x00
7534:  00000000           addb rh0,#0x00
7538:  00000000           addb rh0,#0x00
753c:  00000000           addb rh0,#0x00
7540:  00000000           addb rh0,#0x00
7544:  00000000           addb rh0,#0x00
7548:  00000000           addb rh0,#0x00
754c:  00000000           addb rh0,#0x00
7550:  00000000           addb rh0,#0x00
7554:  00000000           addb rh0,#0x00
7558:  00000000           addb rh0,#0x00
755c:  00000000           addb rh0,#0x00
7560:  00000000           addb rh0,#0x00
7564:  00000000           addb rh0,#0x00
7568:  00000000           addb rh0,#0x00
756c:  00000000           addb rh0,#0x00
7570:  00000000           addb rh0,#0x00
7574:  00000000           addb rh0,#0x00
7578:  00000000           addb rh0,#0x00
757c:  00000000           addb rh0,#0x00
7580:  00000000           addb rh0,#0x00
7584:  00000000           addb rh0,#0x00
7588:  00000000           addb rh0,#0x00
758c:  00000000           addb rh0,#0x00
7590:  00000000           addb rh0,#0x00
7594:  00000000           addb rh0,#0x00
7598:  00000000           addb rh0,#0x00
759c:  00000000           addb rh0,#0x00
75a0:  00000000           addb rh0,#0x00
75a4:  00000000           addb rh0,#0x00
75a8:  00000000           addb rh0,#0x00
75ac:  00000000           addb rh0,#0x00
75b0:  00000000           addb rh0,#0x00
75b4:  00000000           addb rh0,#0x00
75b8:  00000000           addb rh0,#0x00
75bc:  00000000           addb rh0,#0x00
75c0:  00000000           addb rh0,#0x00
75c4:  00000000           addb rh0,#0x00
75c8:  00000000           addb rh0,#0x00
75cc:  00000000           addb rh0,#0x00
75d0:  00000000           addb rh0,#0x00
75d4:  00000000           addb rh0,#0x00
75d8:  00000000           addb rh0,#0x00
75dc:  00000000           addb rh0,#0x00
75e0:  00000000           addb rh0,#0x00
75e4:  00000000           addb rh0,#0x00
75e8:  00000000           addb rh0,#0x00
75ec:  00000000           addb rh0,#0x00
75f0:  00000000           addb rh0,#0x00
75f4:  00000000           addb rh0,#0x00
75f8:  00000000           addb rh0,#0x00
75fc:  00000000           addb rh0,#0x00
7600:  00000000           addb rh0,#0x00
7604:  00000000           addb rh0,#0x00
7608:  00000000           addb rh0,#0x00
760c:  00000000           addb rh0,#0x00
7610:  00000000           addb rh0,#0x00
7614:  00000000           addb rh0,#0x00
7618:  00000000           addb rh0,#0x00
761c:  00000000           addb rh0,#0x00
7620:  00000000           addb rh0,#0x00
7624:  00000000           addb rh0,#0x00
7628:  00000000           addb rh0,#0x00
762c:  00000000           addb rh0,#0x00
7630:  00000000           addb rh0,#0x00
7634:  00000000           addb rh0,#0x00
7638:  00000000           addb rh0,#0x00
763c:  00000000           addb rh0,#0x00
7640:  00000000           addb rh0,#0x00
7644:  00000000           addb rh0,#0x00
7648:  00000000           addb rh0,#0x00
764c:  00000000           addb rh0,#0x00
7650:  00000000           addb rh0,#0x00
7654:  00000000           addb rh0,#0x00
7658:  00000000           addb rh0,#0x00
765c:  00000000           addb rh0,#0x00
7660:  00000000           addb rh0,#0x00
7664:  00000000           addb rh0,#0x00
7668:  00000000           addb rh0,#0x00
766c:  00000000           addb rh0,#0x00
7670:  00000000           addb rh0,#0x00
7674:  00000000           addb rh0,#0x00
7678:  00000000           addb rh0,#0x00
767c:  00000000           addb rh0,#0x00
7680:  00000000           addb rh0,#0x00
7684:  00000000           addb rh0,#0x00
7688:  00000000           addb rh0,#0x00
768c:  00000000           addb rh0,#0x00
7690:  00000000           addb rh0,#0x00
7694:  00000000           addb rh0,#0x00
7698:  00000000           addb rh0,#0x00
769c:  00000000           addb rh0,#0x00
76a0:  00000000           addb rh0,#0x00
76a4:  00000000           addb rh0,#0x00
76a8:  00000000           addb rh0,#0x00
76ac:  00000000           addb rh0,#0x00
76b0:  00000000           addb rh0,#0x00
76b4:  00000000           addb rh0,#0x00
76b8:  00000000           addb rh0,#0x00
76bc:  00000000           addb rh0,#0x00
76c0:  00000000           addb rh0,#0x00
76c4:  00000000           addb rh0,#0x00
76c8:  00000000           addb rh0,#0x00
76cc:  00000000           addb rh0,#0x00
76d0:  00000000           addb rh0,#0x00
76d4:  00000000           addb rh0,#0x00
76d8:  00000000           addb rh0,#0x00
76dc:  00000000           addb rh0,#0x00
76e0:  00000000           addb rh0,#0x00
76e4:  00000000           addb rh0,#0x00
76e8:  00000000           addb rh0,#0x00
76ec:  00000000           addb rh0,#0x00
76f0:  00000000           addb rh0,#0x00
76f4:  00000000           addb rh0,#0x00
76f8:  00000000           addb rh0,#0x00
76fc:  00000000           addb rh0,#0x00
7700:  00000000           addb rh0,#0x00
7704:  00000000           addb rh0,#0x00
7708:  00000000           addb rh0,#0x00
770c:  00000000           addb rh0,#0x00
7710:  00000000           addb rh0,#0x00
7714:  00000000           addb rh0,#0x00
7718:  00000000           addb rh0,#0x00
771c:  00000000           addb rh0,#0x00
7720:  00000000           addb rh0,#0x00
7724:  00000000           addb rh0,#0x00
7728:  00000000           addb rh0,#0x00
772c:  00000000           addb rh0,#0x00
7730:  00000000           addb rh0,#0x00
7734:  00000000           addb rh0,#0x00
7738:  00000000           addb rh0,#0x00
773c:  00000000           addb rh0,#0x00
7740:  00000000           addb rh0,#0x00
7744:  00000000           addb rh0,#0x00
7748:  00000000           addb rh0,#0x00
774c:  00000000           addb rh0,#0x00
7750:  00000000           addb rh0,#0x00
7754:  00000000           addb rh0,#0x00
7758:  00000000           addb rh0,#0x00
775c:  00000000           addb rh0,#0x00
7760:  00000000           addb rh0,#0x00
7764:  00000000           addb rh0,#0x00
7768:  00000000           addb rh0,#0x00
776c:  00000000           addb rh0,#0x00
7770:  00000000           addb rh0,#0x00
7774:  00000000           addb rh0,#0x00
7778:  00000000           addb rh0,#0x00
777c:  00000000           addb rh0,#0x00
7780:  00000000           addb rh0,#0x00
7784:  00000000           addb rh0,#0x00
7788:  00000000           addb rh0,#0x00
778c:  00000000           addb rh0,#0x00
7790:  00000000           addb rh0,#0x00
7794:  00000000           addb rh0,#0x00
7798:  00000000           addb rh0,#0x00
779c:  00000000           addb rh0,#0x00
77a0:  00000000           addb rh0,#0x00
77a4:  00000000           addb rh0,#0x00
77a8:  00000000           addb rh0,#0x00
77ac:  00000000           addb rh0,#0x00
77b0:  00000000           addb rh0,#0x00
77b4:  00000000           addb rh0,#0x00
77b8:  00000000           addb rh0,#0x00
77bc:  00000000           addb rh0,#0x00
77c0:  00000000           addb rh0,#0x00
77c4:  00000000           addb rh0,#0x00
77c8:  00000000           addb rh0,#0x00
77cc:  00000000           addb rh0,#0x00
77d0:  00000000           addb rh0,#0x00
77d4:  00000000           addb rh0,#0x00
77d8:  00000000           addb rh0,#0x00
77dc:  00000000           addb rh0,#0x00
77e0:  00000000           addb rh0,#0x00
77e4:  00000000           addb rh0,#0x00
77e8:  00000000           addb rh0,#0x00
77ec:  00000000           addb rh0,#0x00
77f0:  00000000           addb rh0,#0x00
77f4:  00000000           addb rh0,#0x00
77f8:  00000000           addb rh0,#0x00
77fc:  00000000           addb rh0,#0x00
7800:  00000000           addb rh0,#0x00
7804:  00000000           addb rh0,#0x00
7808:  00000000           addb rh0,#0x00
780c:  00000000           addb rh0,#0x00
7810:  00000000           addb rh0,#0x00
7814:  00000000           addb rh0,#0x00
7818:  00000000           addb rh0,#0x00
781c:  00000000           addb rh0,#0x00
7820:  00000000           addb rh0,#0x00
7824:  00000000           addb rh0,#0x00
7828:  00000000           addb rh0,#0x00
782c:  00000000           addb rh0,#0x00
7830:  00000000           addb rh0,#0x00
7834:  00000000           addb rh0,#0x00
7838:  00000000           addb rh0,#0x00
783c:  00000000           addb rh0,#0x00
7840:  00000000           addb rh0,#0x00
7844:  00000000           addb rh0,#0x00
7848:  00000000           addb rh0,#0x00
784c:  00000000           addb rh0,#0x00
7850:  00000000           addb rh0,#0x00
7854:  00000000           addb rh0,#0x00
7858:  00000000           addb rh0,#0x00
785c:  00000000           addb rh0,#0x00
7860:  00000000           addb rh0,#0x00
7864:  00000000           addb rh0,#0x00
7868:  00000000           addb rh0,#0x00
786c:  00000000           addb rh0,#0x00
7870:  00000000           addb rh0,#0x00
7874:  00000000           addb rh0,#0x00
7878:  00000000           addb rh0,#0x00
787c:  00000000           addb rh0,#0x00
7880:  00000000           addb rh0,#0x00
7884:  00000000           addb rh0,#0x00
7888:  00000000           addb rh0,#0x00
788c:  00000000           addb rh0,#0x00
7890:  00000000           addb rh0,#0x00
7894:  00000000           addb rh0,#0x00
7898:  00000000           addb rh0,#0x00
789c:  00000000           addb rh0,#0x00
78a0:  00000000           addb rh0,#0x00
78a4:  00000000           addb rh0,#0x00
78a8:  00000000           addb rh0,#0x00
78ac:  00000000           addb rh0,#0x00
78b0:  00000000           addb rh0,#0x00
78b4:  00000000           addb rh0,#0x00
78b8:  00000000           addb rh0,#0x00
78bc:  00000000           addb rh0,#0x00
78c0:  00000000           addb rh0,#0x00
78c4:  00000000           addb rh0,#0x00
78c8:  00000000           addb rh0,#0x00
78cc:  00000000           addb rh0,#0x00
78d0:  00000000           addb rh0,#0x00
78d4:  00000000           addb rh0,#0x00
78d8:  00000000           addb rh0,#0x00
78dc:  00000000           addb rh0,#0x00
78e0:  00000000           addb rh0,#0x00
78e4:  00000000           addb rh0,#0x00
78e8:  00000000           addb rh0,#0x00
78ec:  00000000           addb rh0,#0x00
78f0:  00000000           addb rh0,#0x00
78f4:  00000000           addb rh0,#0x00
78f8:  00000000           addb rh0,#0x00
78fc:  00000000           addb rh0,#0x00
7900:  00000000           addb rh0,#0x00
7904:  00000000           addb rh0,#0x00
7908:  00000000           addb rh0,#0x00
790c:  00000000           addb rh0,#0x00
7910:  00000000           addb rh0,#0x00
7914:  00000000           addb rh0,#0x00
7918:  00000000           addb rh0,#0x00
791c:  00000000           addb rh0,#0x00
7920:  00000000           addb rh0,#0x00
7924:  00000000           addb rh0,#0x00
7928:  00000000           addb rh0,#0x00
792c:  00000000           addb rh0,#0x00
7930:  00000000           addb rh0,#0x00
7934:  00000000           addb rh0,#0x00
7938:  00000000           addb rh0,#0x00
793c:  00000000           addb rh0,#0x00
7940:  00000000           addb rh0,#0x00
7944:  00000000           addb rh0,#0x00
7948:  00000000           addb rh0,#0x00
794c:  00000000           addb rh0,#0x00
7950:  00000000           addb rh0,#0x00
7954:  00000000           addb rh0,#0x00
7958:  00000000           addb rh0,#0x00
795c:  00000000           addb rh0,#0x00
7960:  00000000           addb rh0,#0x00
7964:  00000000           addb rh0,#0x00
7968:  00000000           addb rh0,#0x00
796c:  00000000           addb rh0,#0x00
7970:  00000000           addb rh0,#0x00
7974:  00000000           addb rh0,#0x00
7978:  00000000           addb rh0,#0x00
797c:  00000000           addb rh0,#0x00
7980:  00000000           addb rh0,#0x00
7984:  00000000           addb rh0,#0x00
7988:  00000000           addb rh0,#0x00
798c:  00000000           addb rh0,#0x00
7990:  00000000           addb rh0,#0x00
7994:  00000000           addb rh0,#0x00
7998:  00000000           addb rh0,#0x00
799c:  00000000           addb rh0,#0x00
79a0:  00000000           addb rh0,#0x00
79a4:  00000000           addb rh0,#0x00
79a8:  00000000           addb rh0,#0x00
79ac:  00000000           addb rh0,#0x00
79b0:  00000000           addb rh0,#0x00
79b4:  00000000           addb rh0,#0x00
79b8:  00000000           addb rh0,#0x00
79bc:  00000000           addb rh0,#0x00
79c0:  00000000           addb rh0,#0x00
79c4:  00000000           addb rh0,#0x00
79c8:  00000000           addb rh0,#0x00
79cc:  00000000           addb rh0,#0x00
79d0:  00000000           addb rh0,#0x00
79d4:  00000000           addb rh0,#0x00
79d8:  00000000           addb rh0,#0x00
79dc:  00000000           addb rh0,#0x00
79e0:  00000000           addb rh0,#0x00
79e4:  00000000           addb rh0,#0x00
79e8:  00000000           addb rh0,#0x00
79ec:  00000000           addb rh0,#0x00
79f0:  00000000           addb rh0,#0x00
79f4:  00000000           addb rh0,#0x00
79f8:  00000000           addb rh0,#0x00
79fc:  00000000           addb rh0,#0x00
7a00:  00000000           addb rh0,#0x00
7a04:  00000000           addb rh0,#0x00
7a08:  00000000           addb rh0,#0x00
7a0c:  00000000           addb rh0,#0x00
7a10:  00000000           addb rh0,#0x00
7a14:  00000000           addb rh0,#0x00
7a18:  00000000           addb rh0,#0x00
7a1c:  00000000           addb rh0,#0x00
7a20:  00000000           addb rh0,#0x00
7a24:  00000000           addb rh0,#0x00
7a28:  00000000           addb rh0,#0x00
7a2c:  00000000           addb rh0,#0x00
7a30:  00000000           addb rh0,#0x00
7a34:  00000000           addb rh0,#0x00
7a38:  00000000           addb rh0,#0x00
7a3c:  00000000           addb rh0,#0x00
7a40:  00000000           addb rh0,#0x00
7a44:  00000000           addb rh0,#0x00
7a48:  00000000           addb rh0,#0x00
7a4c:  00000000           addb rh0,#0x00
7a50:  00000000           addb rh0,#0x00
7a54:  00000000           addb rh0,#0x00
7a58:  00000000           addb rh0,#0x00
7a5c:  00000000           addb rh0,#0x00
7a60:  00000000           addb rh0,#0x00
7a64:  00000000           addb rh0,#0x00
7a68:  00000000           addb rh0,#0x00
7a6c:  00000000           addb rh0,#0x00
7a70:  00000000           addb rh0,#0x00
7a74:  00000000           addb rh0,#0x00
7a78:  00000000           addb rh0,#0x00
7a7c:  00000000           addb rh0,#0x00
7a80:  00000000           addb rh0,#0x00
7a84:  00000000           addb rh0,#0x00
7a88:  00000000           addb rh0,#0x00
7a8c:  00000000           addb rh0,#0x00
7a90:  00000000           addb rh0,#0x00
7a94:  00000000           addb rh0,#0x00
7a98:  00000000           addb rh0,#0x00
7a9c:  00000000           addb rh0,#0x00
7aa0:  00000000           addb rh0,#0x00
7aa4:  00000000           addb rh0,#0x00
7aa8:  00000000           addb rh0,#0x00
7aac:  00000000           addb rh0,#0x00
7ab0:  00000000           addb rh0,#0x00
7ab4:  00000000           addb rh0,#0x00
7ab8:  00000000           addb rh0,#0x00
7abc:  00000000           addb rh0,#0x00
7ac0:  00000000           addb rh0,#0x00
7ac4:  00000000           addb rh0,#0x00
7ac8:  00000000           addb rh0,#0x00
7acc:  00000000           addb rh0,#0x00
7ad0:  00000000           addb rh0,#0x00
7ad4:  00000000           addb rh0,#0x00
7ad8:  00000000           addb rh0,#0x00
7adc:  00000000           addb rh0,#0x00
7ae0:  00000000           addb rh0,#0x00
7ae4:  00000000           addb rh0,#0x00
7ae8:  00000000           addb rh0,#0x00
7aec:  00000000           addb rh0,#0x00
7af0:  00000000           addb rh0,#0x00
7af4:  00000000           addb rh0,#0x00
7af8:  00000000           addb rh0,#0x00
7afc:  00000000           addb rh0,#0x00
7b00:  00000000           addb rh0,#0x00
7b04:  00000000           addb rh0,#0x00
7b08:  00000000           addb rh0,#0x00
7b0c:  00000000           addb rh0,#0x00
7b10:  00000000           addb rh0,#0x00
7b14:  00000000           addb rh0,#0x00
7b18:  00000000           addb rh0,#0x00
7b1c:  00000000           addb rh0,#0x00
7b20:  00000000           addb rh0,#0x00
7b24:  00000000           addb rh0,#0x00
7b28:  00000000           addb rh0,#0x00
7b2c:  00000000           addb rh0,#0x00
7b30:  00000000           addb rh0,#0x00
7b34:  00000000           addb rh0,#0x00
7b38:  00000000           addb rh0,#0x00
7b3c:  00000000           addb rh0,#0x00
7b40:  00000000           addb rh0,#0x00
7b44:  00000000           addb rh0,#0x00
7b48:  00000000           addb rh0,#0x00
7b4c:  00000000           addb rh0,#0x00
7b50:  00000000           addb rh0,#0x00
7b54:  00000000           addb rh0,#0x00
7b58:  00000000           addb rh0,#0x00
7b5c:  00000000           addb rh0,#0x00
7b60:  00000000           addb rh0,#0x00
7b64:  00000000           addb rh0,#0x00
7b68:  00000000           addb rh0,#0x00
7b6c:  00000000           addb rh0,#0x00
7b70:  00000000           addb rh0,#0x00
7b74:  00000000           addb rh0,#0x00
7b78:  00000000           addb rh0,#0x00
7b7c:  00000000           addb rh0,#0x00
7b80:  00000000           addb rh0,#0x00
7b84:  00000000           addb rh0,#0x00
7b88:  00000000           addb rh0,#0x00
7b8c:  00000000           addb rh0,#0x00
7b90:  00000000           addb rh0,#0x00
7b94:  00000000           addb rh0,#0x00
7b98:  00000000           addb rh0,#0x00
7b9c:  00000000           addb rh0,#0x00
7ba0:  00000000           addb rh0,#0x00
7ba4:  00000000           addb rh0,#0x00
7ba8:  00000000           addb rh0,#0x00
7bac:  00000000           addb rh0,#0x00
7bb0:  00000000           addb rh0,#0x00
7bb4:  00000000           addb rh0,#0x00
7bb8:  00000000           addb rh0,#0x00
7bbc:  00000000           addb rh0,#0x00
7bc0:  00000000           addb rh0,#0x00
7bc4:  00000000           addb rh0,#0x00
7bc8:  00000000           addb rh0,#0x00
7bcc:  00000000           addb rh0,#0x00
7bd0:  00000000           addb rh0,#0x00
7bd4:  00000000           addb rh0,#0x00
7bd8:  00000000           addb rh0,#0x00
7bdc:  00000000           addb rh0,#0x00
7be0:  00000000           addb rh0,#0x00
7be4:  00000000           addb rh0,#0x00
7be8:  00000000           addb rh0,#0x00
7bec:  00000000           addb rh0,#0x00
7bf0:  00000000           addb rh0,#0x00
7bf4:  00000000           addb rh0,#0x00
7bf8:  00000000           addb rh0,#0x00
7bfc:  00000000           addb rh0,#0x00
7c00:  00000000           addb rh0,#0x00
7c04:  00000000           addb rh0,#0x00
7c08:  00000000           addb rh0,#0x00
7c0c:  00000000           addb rh0,#0x00
7c10:  00000000           addb rh0,#0x00
7c14:  00000000           addb rh0,#0x00
7c18:  00000000           addb rh0,#0x00
7c1c:  00000000           addb rh0,#0x00
7c20:  00000000           addb rh0,#0x00
7c24:  00000000           addb rh0,#0x00
7c28:  00000000           addb rh0,#0x00
7c2c:  00000000           addb rh0,#0x00
7c30:  00000000           addb rh0,#0x00
7c34:  00000000           addb rh0,#0x00
7c38:  00000000           addb rh0,#0x00
7c3c:  00000000           addb rh0,#0x00
7c40:  00000000           addb rh0,#0x00
7c44:  00000000           addb rh0,#0x00
7c48:  00000000           addb rh0,#0x00
7c4c:  00000000           addb rh0,#0x00
7c50:  00000000           addb rh0,#0x00
7c54:  00000000           addb rh0,#0x00
7c58:  00000000           addb rh0,#0x00
7c5c:  00000000           addb rh0,#0x00
7c60:  00000000           addb rh0,#0x00
7c64:  00000000           addb rh0,#0x00
7c68:  00000000           addb rh0,#0x00
7c6c:  00000000           addb rh0,#0x00
7c70:  00000000           addb rh0,#0x00
7c74:  00000000           addb rh0,#0x00
7c78:  00000000           addb rh0,#0x00
7c7c:  00000000           addb rh0,#0x00
7c80:  00000000           addb rh0,#0x00
7c84:  00000000           addb rh0,#0x00
7c88:  00000000           addb rh0,#0x00
7c8c:  00000000           addb rh0,#0x00
7c90:  00000000           addb rh0,#0x00
7c94:  00000000           addb rh0,#0x00
7c98:  00000000           addb rh0,#0x00
7c9c:  00000000           addb rh0,#0x00
7ca0:  00000000           addb rh0,#0x00
7ca4:  00000000           addb rh0,#0x00
7ca8:  00000000           addb rh0,#0x00
7cac:  00000000           addb rh0,#0x00
7cb0:  00000000           addb rh0,#0x00
7cb4:  00000000           addb rh0,#0x00
7cb8:  00000000           addb rh0,#0x00
7cbc:  00000000           addb rh0,#0x00
7cc0:  00000000           addb rh0,#0x00
7cc4:  00000000           addb rh0,#0x00
7cc8:  00000000           addb rh0,#0x00
7ccc:  00000000           addb rh0,#0x00
7cd0:  00000000           addb rh0,#0x00
7cd4:  00000000           addb rh0,#0x00
7cd8:  00000000           addb rh0,#0x00
7cdc:  00000000           addb rh0,#0x00
7ce0:  00000000           addb rh0,#0x00
7ce4:  00000000           addb rh0,#0x00
7ce8:  00000000           addb rh0,#0x00
7cec:  00000000           addb rh0,#0x00
7cf0:  00000000           addb rh0,#0x00
7cf4:  00000000           addb rh0,#0x00
7cf8:  00000000           addb rh0,#0x00
7cfc:  00000000           addb rh0,#0x00
7d00:  00000000           addb rh0,#0x00
7d04:  00000000           addb rh0,#0x00
7d08:  00000000           addb rh0,#0x00
7d0c:  00000000           addb rh0,#0x00
7d10:  00000000           addb rh0,#0x00
7d14:  00000000           addb rh0,#0x00
7d18:  00000000           addb rh0,#0x00
7d1c:  00000000           addb rh0,#0x00
7d20:  00000000           addb rh0,#0x00
7d24:  00000000           addb rh0,#0x00
7d28:  00000000           addb rh0,#0x00
7d2c:  00000000           addb rh0,#0x00
7d30:  00000000           addb rh0,#0x00
7d34:  00000000           addb rh0,#0x00
7d38:  00000000           addb rh0,#0x00
7d3c:  00000000           addb rh0,#0x00
7d40:  00000000           addb rh0,#0x00
7d44:  00000000           addb rh0,#0x00
7d48:  00000000           addb rh0,#0x00
7d4c:  00000000           addb rh0,#0x00
7d50:  00000000           addb rh0,#0x00
7d54:  00000000           addb rh0,#0x00
7d58:  00000000           addb rh0,#0x00
7d5c:  00000000           addb rh0,#0x00
7d60:  00000000           addb rh0,#0x00
7d64:  00000000           addb rh0,#0x00
7d68:  00000000           addb rh0,#0x00
7d6c:  00000000           addb rh0,#0x00
7d70:  00000000           addb rh0,#0x00
7d74:  00000000           addb rh0,#0x00
7d78:  00000000           addb rh0,#0x00
7d7c:  00000000           addb rh0,#0x00
7d80:  00000000           addb rh0,#0x00
7d84:  00000000           addb rh0,#0x00
7d88:  00000000           addb rh0,#0x00
7d8c:  00000000           addb rh0,#0x00
7d90:  00000000           addb rh0,#0x00
7d94:  00000000           addb rh0,#0x00
7d98:  00000000           addb rh0,#0x00
7d9c:  00000000           addb rh0,#0x00
7da0:  00000000           addb rh0,#0x00
7da4:  00000000           addb rh0,#0x00
7da8:  00000000           addb rh0,#0x00
7dac:  00000000           addb rh0,#0x00
7db0:  00000000           addb rh0,#0x00
7db4:  00000000           addb rh0,#0x00
7db8:  00000000           addb rh0,#0x00
7dbc:  00000000           addb rh0,#0x00
7dc0:  00000000           addb rh0,#0x00
7dc4:  00000000           addb rh0,#0x00
7dc8:  00000000           addb rh0,#0x00
7dcc:  00000000           addb rh0,#0x00
7dd0:  00000000           addb rh0,#0x00
7dd4:  00000000           addb rh0,#0x00
7dd8:  00000000           addb rh0,#0x00
7ddc:  00000000           addb rh0,#0x00
7de0:  00000000           addb rh0,#0x00
7de4:  00000000           addb rh0,#0x00
7de8:  00000000           addb rh0,#0x00
7dec:  00000000           addb rh0,#0x00
7df0:  00000000           addb rh0,#0x00
7df4:  00000000           addb rh0,#0x00
7df8:  00000000           addb rh0,#0x00
7dfc:  00000000           addb rh0,#0x00
7e00:  00000000           addb rh0,#0x00
7e04:  00000000           addb rh0,#0x00
7e08:  00000000           addb rh0,#0x00
7e0c:  00000000           addb rh0,#0x00
7e10:  00000000           addb rh0,#0x00
7e14:  00000000           addb rh0,#0x00
7e18:  00000000           addb rh0,#0x00
7e1c:  00000000           addb rh0,#0x00
7e20:  00000000           addb rh0,#0x00
7e24:  00000000           addb rh0,#0x00
7e28:  00000000           addb rh0,#0x00
7e2c:  00000000           addb rh0,#0x00
7e30:  00000000           addb rh0,#0x00
7e34:  00000000           addb rh0,#0x00
7e38:  00000000           addb rh0,#0x00
7e3c:  00000000           addb rh0,#0x00
7e40:  00000000           addb rh0,#0x00
7e44:  00000000           addb rh0,#0x00
7e48:  00000000           addb rh0,#0x00
7e4c:  00000000           addb rh0,#0x00
7e50:  00000000           addb rh0,#0x00
7e54:  00000000           addb rh0,#0x00
7e58:  00000000           addb rh0,#0x00
7e5c:  00000000           addb rh0,#0x00
7e60:  00000000           addb rh0,#0x00
7e64:  00000000           addb rh0,#0x00
7e68:  00000000           addb rh0,#0x00
7e6c:  00000000           addb rh0,#0x00
7e70:  00000000           addb rh0,#0x00
7e74:  00000000           addb rh0,#0x00
7e78:  00000000           addb rh0,#0x00
7e7c:  00000000           addb rh0,#0x00
7e80:  00000000           addb rh0,#0x00
7e84:  00000000           addb rh0,#0x00
7e88:  00000000           addb rh0,#0x00
7e8c:  00000000           addb rh0,#0x00
7e90:  00000000           addb rh0,#0x00
7e94:  00000000           addb rh0,#0x00
7e98:  00000000           addb rh0,#0x00
7e9c:  00000000           addb rh0,#0x00
7ea0:  00000000           addb rh0,#0x00
7ea4:  00000000           addb rh0,#0x00
7ea8:  00000000           addb rh0,#0x00
7eac:  00000000           addb rh0,#0x00
7eb0:  00000000           addb rh0,#0x00
7eb4:  00000000           addb rh0,#0x00
7eb8:  00000000           addb rh0,#0x00
7ebc:  00000000           addb rh0,#0x00
7ec0:  00000000           addb rh0,#0x00
7ec4:  00000000           addb rh0,#0x00
7ec8:  00000000           addb rh0,#0x00
7ecc:  00000000           addb rh0,#0x00
7ed0:  00000000           addb rh0,#0x00
7ed4:  00000000           addb rh0,#0x00
7ed8:  00000000           addb rh0,#0x00
7edc:  00000000           addb rh0,#0x00
7ee0:  00000000           addb rh0,#0x00
7ee4:  00000000           addb rh0,#0x00
7ee8:  00000000           addb rh0,#0x00
7eec:  00000000           addb rh0,#0x00
7ef0:  00000000           addb rh0,#0x00
7ef4:  00000000           addb rh0,#0x00
7ef8:  00000000           addb rh0,#0x00
7efc:  00000000           addb rh0,#0x00
7f00:  00000000           addb rh0,#0x00
7f04:  00000000           addb rh0,#0x00
7f08:  00000000           addb rh0,#0x00
7f0c:  00000000           addb rh0,#0x00
7f10:  00000000           addb rh0,#0x00
7f14:  00000000           addb rh0,#0x00
7f18:  00000000           addb rh0,#0x00
7f1c:  00000000           addb rh0,#0x00
7f20:  00000000           addb rh0,#0x00
7f24:  00000000           addb rh0,#0x00
7f28:  00000000           addb rh0,#0x00
7f2c:  00000000           addb rh0,#0x00
7f30:  00000000           addb rh0,#0x00
7f34:  00000000           addb rh0,#0x00
7f38:  00000000           addb rh0,#0x00
7f3c:  00000000           addb rh0,#0x00
7f40:  00000000           addb rh0,#0x00
7f44:  00000000           addb rh0,#0x00
7f48:  00000000           addb rh0,#0x00
7f4c:  00000000           addb rh0,#0x00
7f50:  00000000           addb rh0,#0x00
7f54:  00000000           addb rh0,#0x00
7f58:  00000000           addb rh0,#0x00
7f5c:  00000000           addb rh0,#0x00
7f60:  00000000           addb rh0,#0x00
7f64:  00000000           addb rh0,#0x00
7f68:  00000000           addb rh0,#0x00
7f6c:  00000000           addb rh0,#0x00
7f70:  00000000           addb rh0,#0x00
7f74:  00000000           addb rh0,#0x00
7f78:  00000000           addb rh0,#0x00
7f7c:  00000000           addb rh0,#0x00
7f80:  00000000           addb rh0,#0x00
7f84:  00000000           addb rh0,#0x00
7f88:  00000000           addb rh0,#0x00
7f8c:  00000000           addb rh0,#0x00
7f90:  00000000           addb rh0,#0x00
7f94:  00000000           addb rh0,#0x00
7f98:  00000000           addb rh0,#0x00
7f9c:  00000000           addb rh0,#0x00
7fa0:  00000000           addb rh0,#0x00
7fa4:  00000000           addb rh0,#0x00
7fa8:  00000000           addb rh0,#0x00
7fac:  00000000           addb rh0,#0x00
7fb0:  00000000           addb rh0,#0x00
7fb4:  00000000           addb rh0,#0x00
7fb8:  00000000           addb rh0,#0x00
7fbc:  00000000           addb rh0,#0x00
7fc0:  00000000           addb rh0,#0x00
7fc4:  00000000           addb rh0,#0x00
7fc8:  00000000           addb rh0,#0x00
7fcc:  00000000           addb rh0,#0x00
7fd0:  00000000           addb rh0,#0x00
7fd4:  00000000           addb rh0,#0x00
7fd8:  00000000           addb rh0,#0x00
7fdc:  00000000           addb rh0,#0x00
7fe0:  00000000           addb rh0,#0x00
7fe4:  00000000           addb rh0,#0x00
7fe8:  00000000           addb rh0,#0x00
7fec:  00000000           addb rh0,#0x00
7ff0:  00000000           addb rh0,#0x00
7ff4:  00000000           addb rh0,#0x00
7ff8:  00000000           addb rh0,#0x00
7ffc:  00000000           addb rh0,#0x00
8000:  00000000           addb rh0,#0x00
8004:  00000000           addb rh0,#0x00
8008:  00000000           addb rh0,#0x00
800c:  00000000           addb rh0,#0x00
8010:  00000000           addb rh0,#0x00
8014:  00000000           addb rh0,#0x00
8018:  00000000           addb rh0,#0x00
801c:  00000000           addb rh0,#0x00
8020:  00000000           addb rh0,#0x00
8024:  00000000           addb rh0,#0x00
8028:  00000000           addb rh0,#0x00
802c:  00000000           addb rh0,#0x00
8030:  00000000           addb rh0,#0x00
8034:  00000000           addb rh0,#0x00
8038:  00000000           addb rh0,#0x00
803c:  00000000           addb rh0,#0x00
8040:  00000000           addb rh0,#0x00
8044:  00000000           addb rh0,#0x00
8048:  00000000           addb rh0,#0x00
804c:  00000000           addb rh0,#0x00
8050:  00000000           addb rh0,#0x00
8054:  00000000           addb rh0,#0x00
8058:  00000000           addb rh0,#0x00
805c:  00000000           addb rh0,#0x00
8060:  00000000           addb rh0,#0x00
8064:  00000000           addb rh0,#0x00
8068:  00000000           addb rh0,#0x00
806c:  00000000           addb rh0,#0x00
8070:  00000000           addb rh0,#0x00
8074:  00000000           addb rh0,#0x00
8078:  00000000           addb rh0,#0x00
807c:  00000000           addb rh0,#0x00
8080:  00000000           addb rh0,#0x00
8084:  00000000           addb rh0,#0x00
8088:  00000000           addb rh0,#0x00
808c:  00000000           addb rh0,#0x00
8090:  00000000           addb rh0,#0x00
8094:  00000000           addb rh0,#0x00
8098:  00000000           addb rh0,#0x00
809c:  00000000           addb rh0,#0x00
80a0:  00000000           addb rh0,#0x00
80a4:  00000000           addb rh0,#0x00
80a8:  00000000           addb rh0,#0x00
80ac:  00000000           addb rh0,#0x00
80b0:  00000000           addb rh0,#0x00
80b4:  00000000           addb rh0,#0x00
80b8:  00000000           addb rh0,#0x00
80bc:  00000000           addb rh0,#0x00
80c0:  00000000           addb rh0,#0x00
80c4:  00000000           addb rh0,#0x00
80c8:  00000000           addb rh0,#0x00
80cc:  00000000           addb rh0,#0x00
80d0:  00000000           addb rh0,#0x00
80d4:  00000000           addb rh0,#0x00
80d8:  00000000           addb rh0,#0x00
80dc:  00000000           addb rh0,#0x00
80e0:  00000000           addb rh0,#0x00
80e4:  00000000           addb rh0,#0x00
80e8:  00000000           addb rh0,#0x00
80ec:  00000000           addb rh0,#0x00
80f0:  00000000           addb rh0,#0x00
80f4:  00000000           addb rh0,#0x00
80f8:  00000000           addb rh0,#0x00
80fc:  00000000           addb rh0,#0x00
8100:  00000000           addb rh0,#0x00
8104:  00000000           addb rh0,#0x00
8108:  00000000           addb rh0,#0x00
810c:  00000000           addb rh0,#0x00
8110:  00000000           addb rh0,#0x00
8114:  00000000           addb rh0,#0x00
8118:  00000000           addb rh0,#0x00
811c:  00000000           addb rh0,#0x00
8120:  00000000           addb rh0,#0x00
8124:  00000000           addb rh0,#0x00
8128:  00000000           addb rh0,#0x00
812c:  00000000           addb rh0,#0x00
8130:  00000000           addb rh0,#0x00
8134:  00000000           addb rh0,#0x00
8138:  00000000           addb rh0,#0x00
813c:  00000000           addb rh0,#0x00
8140:  00000000           addb rh0,#0x00
8144:  00000000           addb rh0,#0x00
8148:  00000000           addb rh0,#0x00
814c:  00000000           addb rh0,#0x00
8150:  00000000           addb rh0,#0x00
8154:  00000000           addb rh0,#0x00
8158:  00000000           addb rh0,#0x00
815c:  00000000           addb rh0,#0x00
8160:  00000000           addb rh0,#0x00
8164:  00000000           addb rh0,#0x00
8168:  00000000           addb rh0,#0x00
816c:  00000000           addb rh0,#0x00
8170:  00000000           addb rh0,#0x00
8174:  00000000           addb rh0,#0x00
8178:  00000000           addb rh0,#0x00
817c:  00000000           addb rh0,#0x00
8180:  00000000           addb rh0,#0x00
8184:  00000000           addb rh0,#0x00
8188:  00000000           addb rh0,#0x00
818c:  00000000           addb rh0,#0x00
8190:  00000000           addb rh0,#0x00
8194:  00000000           addb rh0,#0x00
8198:  00000000           addb rh0,#0x00
819c:  00000000           addb rh0,#0x00
81a0:  00000000           addb rh0,#0x00
81a4:  00000000           addb rh0,#0x00
81a8:  00000000           addb rh0,#0x00
81ac:  00000000           addb rh0,#0x00
81b0:  00000000           addb rh0,#0x00
81b4:  00000000           addb rh0,#0x00
81b8:  00000000           addb rh0,#0x00
81bc:  00000000           addb rh0,#0x00
81c0:  00000000           addb rh0,#0x00
81c4:  00000000           addb rh0,#0x00
81c8:  00000000           addb rh0,#0x00
81cc:  00000000           addb rh0,#0x00
81d0:  00000000           addb rh0,#0x00
81d4:  00000000           addb rh0,#0x00
81d8:  00000000           addb rh0,#0x00
81dc:  00000000           addb rh0,#0x00
81e0:  00000000           addb rh0,#0x00
81e4:  00000000           addb rh0,#0x00
81e8:  00000000           addb rh0,#0x00
81ec:  00000000           addb rh0,#0x00
81f0:  00000000           addb rh0,#0x00
81f4:  00000000           addb rh0,#0x00
81f8:  00000000           addb rh0,#0x00
81fc:  00000000           addb rh0,#0x00
8200:  00000000           addb rh0,#0x00
8204:  00000000           addb rh0,#0x00
8208:  00000000           addb rh0,#0x00
820c:  00000000           addb rh0,#0x00
8210:  00000000           addb rh0,#0x00
8214:  00000000           addb rh0,#0x00
8218:  00000000           addb rh0,#0x00
821c:  00000000           addb rh0,#0x00
8220:  00000000           addb rh0,#0x00
8224:  00000000           addb rh0,#0x00
8228:  00000000           addb rh0,#0x00
822c:  00000000           addb rh0,#0x00
8230:  00000000           addb rh0,#0x00
8234:  00000000           addb rh0,#0x00
8238:  00000000           addb rh0,#0x00
823c:  00000000           addb rh0,#0x00
8240:  00000000           addb rh0,#0x00
8244:  00000000           addb rh0,#0x00
8248:  00000000           addb rh0,#0x00
824c:  00000000           addb rh0,#0x00
8250:  00000000           addb rh0,#0x00
8254:  00000000           addb rh0,#0x00
8258:  00000000           addb rh0,#0x00
825c:  00000000           addb rh0,#0x00
8260:  00000000           addb rh0,#0x00
8264:  00000000           addb rh0,#0x00
8268:  00000000           addb rh0,#0x00
826c:  00000000           addb rh0,#0x00
8270:  00000000           addb rh0,#0x00
8274:  00000000           addb rh0,#0x00
8278:  00000000           addb rh0,#0x00
827c:  00000000           addb rh0,#0x00
8280:  00000000           addb rh0,#0x00
8284:  00000000           addb rh0,#0x00
8288:  00000000           addb rh0,#0x00
828c:  00000000           addb rh0,#0x00
8290:  00000000           addb rh0,#0x00
8294:  00000000           addb rh0,#0x00
8298:  00000000           addb rh0,#0x00
829c:  00000000           addb rh0,#0x00
82a0:  00000000           addb rh0,#0x00
82a4:  00000000           addb rh0,#0x00
82a8:  00000000           addb rh0,#0x00
82ac:  00000000           addb rh0,#0x00
82b0:  00000000           addb rh0,#0x00
82b4:  00000000           addb rh0,#0x00
82b8:  00000000           addb rh0,#0x00
82bc:  00000000           addb rh0,#0x00
82c0:  00000000           addb rh0,#0x00
82c4:  00000000           addb rh0,#0x00
82c8:  00000000           addb rh0,#0x00
82cc:  00000000           addb rh0,#0x00
82d0:  00000000           addb rh0,#0x00
82d4:  00000000           addb rh0,#0x00
82d8:  00000000           addb rh0,#0x00
82dc:  00000000           addb rh0,#0x00
82e0:  00000000           addb rh0,#0x00
82e4:  00000000           addb rh0,#0x00
82e8:  00000000           addb rh0,#0x00
82ec:  00000000           addb rh0,#0x00
82f0:  00000000           addb rh0,#0x00
82f4:  00000000           addb rh0,#0x00
82f8:  00000000           addb rh0,#0x00
82fc:  00000000           addb rh0,#0x00
8300:  00000000           addb rh0,#0x00
8304:  00000000           addb rh0,#0x00
8308:  00000000           addb rh0,#0x00
830c:  00000000           addb rh0,#0x00
8310:  00000000           addb rh0,#0x00
8314:  00000000           addb rh0,#0x00
8318:  00000000           addb rh0,#0x00
831c:  00000000           addb rh0,#0x00
8320:  00000000           addb rh0,#0x00
8324:  00000000           addb rh0,#0x00
8328:  00000000           addb rh0,#0x00
832c:  00000000           addb rh0,#0x00
8330:  00000000           addb rh0,#0x00
8334:  00000000           addb rh0,#0x00
8338:  00000000           addb rh0,#0x00
833c:  00000000           addb rh0,#0x00
8340:  00000000           addb rh0,#0x00
8344:  00000000           addb rh0,#0x00
8348:  00000000           addb rh0,#0x00
834c:  00000000           addb rh0,#0x00
8350:  00000000           addb rh0,#0x00
8354:  00000000           addb rh0,#0x00
8358:  00000000           addb rh0,#0x00
835c:  00000000           addb rh0,#0x00
8360:  00000000           addb rh0,#0x00
8364:  00000000           addb rh0,#0x00
8368:  00000000           addb rh0,#0x00
836c:  00000000           addb rh0,#0x00
8370:  00000000           addb rh0,#0x00
8374:  00000000           addb rh0,#0x00
8378:  00000000           addb rh0,#0x00
837c:  00000000           addb rh0,#0x00
8380:  00000000           addb rh0,#0x00
8384:  00000000           addb rh0,#0x00
8388:  00000000           addb rh0,#0x00
838c:  00000000           addb rh0,#0x00
8390:  00000000           addb rh0,#0x00
8394:  00000000           addb rh0,#0x00
8398:  00000000           addb rh0,#0x00
839c:  00000000           addb rh0,#0x00
83a0:  00000000           addb rh0,#0x00
83a4:  00000000           addb rh0,#0x00
83a8:  00000000           addb rh0,#0x00
83ac:  00000000           addb rh0,#0x00
83b0:  00000000           addb rh0,#0x00
83b4:  00000000           addb rh0,#0x00
83b8:  00000000           addb rh0,#0x00
83bc:  00000000           addb rh0,#0x00
83c0:  00000000           addb rh0,#0x00
83c4:  00000000           addb rh0,#0x00
83c8:  00000000           addb rh0,#0x00
83cc:  00000000           addb rh0,#0x00
83d0:  00000000           addb rh0,#0x00
83d4:  00000000           addb rh0,#0x00
83d8:  00000000           addb rh0,#0x00
83dc:  00000000           addb rh0,#0x00
83e0:  00000000           addb rh0,#0x00
83e4:  00000000           addb rh0,#0x00
83e8:  00000000           addb rh0,#0x00
83ec:  00000000           addb rh0,#0x00
83f0:  00000000           addb rh0,#0x00
83f4:  00000000           addb rh0,#0x00
83f8:  00000000           addb rh0,#0x00
83fc:  00000000           addb rh0,#0x00
8400:  00000000           addb rh0,#0x00
8404:  00000000           addb rh0,#0x00
8408:  00000000           addb rh0,#0x00
840c:  00000000           addb rh0,#0x00
8410:  00000000           addb rh0,#0x00
8414:  00000000           addb rh0,#0x00
8418:  00000000           addb rh0,#0x00
841c:  00000000           addb rh0,#0x00
8420:  00000000           addb rh0,#0x00
8424:  00000000           addb rh0,#0x00
8428:  00000000           addb rh0,#0x00
842c:  00000000           addb rh0,#0x00
8430:  00000000           addb rh0,#0x00
8434:  00000000           addb rh0,#0x00
8438:  00000000           addb rh0,#0x00
843c:  00000000           addb rh0,#0x00
8440:  00000000           addb rh0,#0x00
8444:  00000000           addb rh0,#0x00
8448:  00000000           addb rh0,#0x00
844c:  00000000           addb rh0,#0x00
8450:  00000000           addb rh0,#0x00
8454:  00000000           addb rh0,#0x00
8458:  00000000           addb rh0,#0x00
845c:  00000000           addb rh0,#0x00
8460:  00000000           addb rh0,#0x00
8464:  00000000           addb rh0,#0x00
8468:  00000000           addb rh0,#0x00
846c:  00000000           addb rh0,#0x00
8470:  00000000           addb rh0,#0x00
8474:  00000000           addb rh0,#0x00
8478:  00000000           addb rh0,#0x00
847c:  00000000           addb rh0,#0x00
8480:  00000000           addb rh0,#0x00
8484:  00000000           addb rh0,#0x00
8488:  00000000           addb rh0,#0x00
848c:  00000000           addb rh0,#0x00
8490:  00000000           addb rh0,#0x00
8494:  00000000           addb rh0,#0x00
8498:  00000000           addb rh0,#0x00
849c:  00000000           addb rh0,#0x00
84a0:  00000000           addb rh0,#0x00
84a4:  00000000           addb rh0,#0x00
84a8:  00000000           addb rh0,#0x00
84ac:  00000000           addb rh0,#0x00
84b0:  00000000           addb rh0,#0x00
84b4:  00000000           addb rh0,#0x00
84b8:  00000000           addb rh0,#0x00
84bc:  00000000           addb rh0,#0x00
84c0:  00000000           addb rh0,#0x00
84c4:  00000000           addb rh0,#0x00
84c8:  00000000           addb rh0,#0x00
84cc:  00000000           addb rh0,#0x00
84d0:  00000000           addb rh0,#0x00
84d4:  00000000           addb rh0,#0x00
84d8:  00000000           addb rh0,#0x00
84dc:  00000000           addb rh0,#0x00
84e0:  00000000           addb rh0,#0x00
84e4:  00000000           addb rh0,#0x00
84e8:  00000000           addb rh0,#0x00
84ec:  00000000           addb rh0,#0x00
84f0:  00000000           addb rh0,#0x00
84f4:  00000000           addb rh0,#0x00
84f8:  00000000           addb rh0,#0x00
84fc:  00000000           addb rh0,#0x00
8500:  00000000           addb rh0,#0x00
8504:  00000000           addb rh0,#0x00
8508:  00000000           addb rh0,#0x00
850c:  00000000           addb rh0,#0x00
8510:  00000000           addb rh0,#0x00
8514:  00000000           addb rh0,#0x00
8518:  00000000           addb rh0,#0x00
851c:  00000000           addb rh0,#0x00
8520:  00000000           addb rh0,#0x00
8524:  00000000           addb rh0,#0x00
8528:  00000000           addb rh0,#0x00
852c:  00000000           addb rh0,#0x00
8530:  00000000           addb rh0,#0x00
8534:  00000000           addb rh0,#0x00
8538:  00000000           addb rh0,#0x00
853c:  00000000           addb rh0,#0x00
8540:  00000000           addb rh0,#0x00
8544:  00000000           addb rh0,#0x00
8548:  00000000           addb rh0,#0x00
854c:  00000000           addb rh0,#0x00
8550:  00000000           addb rh0,#0x00
8554:  00000000           addb rh0,#0x00
8558:  00000000           addb rh0,#0x00
855c:  00000000           addb rh0,#0x00
8560:  00000000           addb rh0,#0x00
8564:  00000000           addb rh0,#0x00
8568:  00000000           addb rh0,#0x00
856c:  00000000           addb rh0,#0x00
8570:  00000000           addb rh0,#0x00
8574:  00000000           addb rh0,#0x00
8578:  00000000           addb rh0,#0x00
857c:  00000000           addb rh0,#0x00
8580:  00000000           addb rh0,#0x00
8584:  00000000           addb rh0,#0x00
8588:  00000000           addb rh0,#0x00
858c:  00000000           addb rh0,#0x00
8590:  00000000           addb rh0,#0x00
8594:  00000000           addb rh0,#0x00
8598:  00000000           addb rh0,#0x00
859c:  00000000           addb rh0,#0x00
85a0:  00000000           addb rh0,#0x00
85a4:  00000000           addb rh0,#0x00
85a8:  00000000           addb rh0,#0x00
85ac:  00000000           addb rh0,#0x00
85b0:  00000000           addb rh0,#0x00
85b4:  00000000           addb rh0,#0x00
85b8:  00000000           addb rh0,#0x00
85bc:  00000000           addb rh0,#0x00
85c0:  00000000           addb rh0,#0x00
85c4:  00000000           addb rh0,#0x00
85c8:  00000000           addb rh0,#0x00
85cc:  00000000           addb rh0,#0x00
85d0:  00000000           addb rh0,#0x00
85d4:  00000000           addb rh0,#0x00
85d8:  00000000           addb rh0,#0x00
85dc:  00000000           addb rh0,#0x00
85e0:  00000000           addb rh0,#0x00
85e4:  00000000           addb rh0,#0x00
85e8:  00000000           addb rh0,#0x00
85ec:  00000000           addb rh0,#0x00
85f0:  00000000           addb rh0,#0x00
85f4:  00000000           addb rh0,#0x00
85f8:  00000000           addb rh0,#0x00
85fc:  00000000           addb rh0,#0x00
8600:  00000000           addb rh0,#0x00
8604:  00000000           addb rh0,#0x00
8608:  00000000           addb rh0,#0x00
860c:  00000000           addb rh0,#0x00
8610:  00000000           addb rh0,#0x00
8614:  00000000           addb rh0,#0x00
8618:  00000000           addb rh0,#0x00
861c:  00000000           addb rh0,#0x00
8620:  00000000           addb rh0,#0x00
8624:  00000000           addb rh0,#0x00
8628:  00000000           addb rh0,#0x00
862c:  00000000           addb rh0,#0x00
8630:  00000000           addb rh0,#0x00
8634:  00000000           addb rh0,#0x00
8638:  00000000           addb rh0,#0x00
863c:  00000000           addb rh0,#0x00
8640:  00000000           addb rh0,#0x00
8644:  00000000           addb rh0,#0x00
8648:  00000000           addb rh0,#0x00
864c:  00000000           addb rh0,#0x00
8650:  00000000           addb rh0,#0x00
8654:  00000000           addb rh0,#0x00
8658:  00000000           addb rh0,#0x00
865c:  00000000           addb rh0,#0x00
8660:  00000000           addb rh0,#0x00
8664:  00000000           addb rh0,#0x00
8668:  00000000           addb rh0,#0x00
866c:  00000000           addb rh0,#0x00
8670:  00000000           addb rh0,#0x00
8674:  00000000           addb rh0,#0x00
8678:  00000000           addb rh0,#0x00
867c:  00000000           addb rh0,#0x00
8680:  00000000           addb rh0,#0x00
8684:  00000000           addb rh0,#0x00
8688:  00000000           addb rh0,#0x00
868c:  00000000           addb rh0,#0x00
8690:  00000000           addb rh0,#0x00
8694:  00000000           addb rh0,#0x00
8698:  00000000           addb rh0,#0x00
869c:  00000000           addb rh0,#0x00
86a0:  00000000           addb rh0,#0x00
86a4:  00000000           addb rh0,#0x00
86a8:  00000000           addb rh0,#0x00
86ac:  00000000           addb rh0,#0x00
86b0:  00000000           addb rh0,#0x00
86b4:  00000000           addb rh0,#0x00
86b8:  00000000           addb rh0,#0x00
86bc:  00000000           addb rh0,#0x00
86c0:  00000000           addb rh0,#0x00
86c4:  00000000           addb rh0,#0x00
86c8:  00000000           addb rh0,#0x00
86cc:  00000000           addb rh0,#0x00
86d0:  00000000           addb rh0,#0x00
86d4:  00000000           addb rh0,#0x00
86d8:  00000000           addb rh0,#0x00
86dc:  00000000           addb rh0,#0x00
86e0:  00000000           addb rh0,#0x00
86e4:  00000000           addb rh0,#0x00
86e8:  00000000           addb rh0,#0x00
86ec:  00000000           addb rh0,#0x00
86f0:  00000000           addb rh0,#0x00
86f4:  00000000           addb rh0,#0x00
86f8:  00000000           addb rh0,#0x00
86fc:  00000000           addb rh0,#0x00
8700:  00000000           addb rh0,#0x00
8704:  00000000           addb rh0,#0x00
8708:  00000000           addb rh0,#0x00
870c:  00000000           addb rh0,#0x00
8710:  00000000           addb rh0,#0x00
8714:  00000000           addb rh0,#0x00
8718:  00000000           addb rh0,#0x00
871c:  00000000           addb rh0,#0x00
8720:  00000000           addb rh0,#0x00
8724:  00000000           addb rh0,#0x00
8728:  00000000           addb rh0,#0x00
872c:  00000000           addb rh0,#0x00
8730:  00000000           addb rh0,#0x00
8734:  00000000           addb rh0,#0x00
8738:  00000000           addb rh0,#0x00
873c:  00000000           addb rh0,#0x00
8740:  00000000           addb rh0,#0x00
8744:  00000000           addb rh0,#0x00
8748:  00000000           addb rh0,#0x00
874c:  00000000           addb rh0,#0x00
8750:  00000000           addb rh0,#0x00
8754:  00000000           addb rh0,#0x00
8758:  00000000           addb rh0,#0x00
875c:  00000000           addb rh0,#0x00
8760:  00000000           addb rh0,#0x00
8764:  00000000           addb rh0,#0x00
8768:  00000000           addb rh0,#0x00
876c:  00000000           addb rh0,#0x00
8770:  00000000           addb rh0,#0x00
8774:  00000000           addb rh0,#0x00
8778:  00000000           addb rh0,#0x00
877c:  00000000           addb rh0,#0x00
8780:  00000000           addb rh0,#0x00
8784:  00000000           addb rh0,#0x00
8788:  00000000           addb rh0,#0x00
878c:  00000000           addb rh0,#0x00
8790:  00000000           addb rh0,#0x00
8794:  00000000           addb rh0,#0x00
8798:  00000000           addb rh0,#0x00
879c:  00000000           addb rh0,#0x00
87a0:  00000000           addb rh0,#0x00
87a4:  00000000           addb rh0,#0x00
87a8:  00000000           addb rh0,#0x00
87ac:  00000000           addb rh0,#0x00
87b0:  00000000           addb rh0,#0x00
87b4:  00000000           addb rh0,#0x00
87b8:  00000000           addb rh0,#0x00
87bc:  00000000           addb rh0,#0x00
87c0:  00000000           addb rh0,#0x00
87c4:  00000000           addb rh0,#0x00
87c8:  00000000           addb rh0,#0x00
87cc:  00000000           addb rh0,#0x00
87d0:  00000000           addb rh0,#0x00
87d4:  00000000           addb rh0,#0x00
87d8:  00000000           addb rh0,#0x00
87dc:  00000000           addb rh0,#0x00
87e0:  00000000           addb rh0,#0x00
87e4:  00000000           addb rh0,#0x00
87e8:  00000000           addb rh0,#0x00
87ec:  00000000           addb rh0,#0x00
87f0:  00000000           addb rh0,#0x00
87f4:  00000000           addb rh0,#0x00
87f8:  00000000           addb rh0,#0x00
87fc:  00000000           addb rh0,#0x00
8800:  00000000           addb rh0,#0x00
8804:  00000000           addb rh0,#0x00
8808:  00000000           addb rh0,#0x00
880c:  00000000           addb rh0,#0x00
8810:  00000000           addb rh0,#0x00
8814:  00000000           addb rh0,#0x00
8818:  00000000           addb rh0,#0x00
881c:  00000000           addb rh0,#0x00
8820:  00000000           addb rh0,#0x00
8824:  00000000           addb rh0,#0x00
8828:  00000000           addb rh0,#0x00
882c:  00000000           addb rh0,#0x00
8830:  00000000           addb rh0,#0x00
8834:  00000000           addb rh0,#0x00
8838:  00000000           addb rh0,#0x00
883c:  00000000           addb rh0,#0x00
8840:  00000000           addb rh0,#0x00
8844:  00000000           addb rh0,#0x00
8848:  00000000           addb rh0,#0x00
884c:  00000000           addb rh0,#0x00
8850:  00000000           addb rh0,#0x00
8854:  00000000           addb rh0,#0x00
8858:  00000000           addb rh0,#0x00
885c:  00000000           addb rh0,#0x00
8860:  00000000           addb rh0,#0x00
8864:  00000000           addb rh0,#0x00
8868:  00000000           addb rh0,#0x00
886c:  00000000           addb rh0,#0x00
8870:  00000000           addb rh0,#0x00
8874:  00000000           addb rh0,#0x00
8878:  00000000           addb rh0,#0x00
887c:  00000000           addb rh0,#0x00
8880:  00000000           addb rh0,#0x00
8884:  00000000           addb rh0,#0x00
8888:  00000000           addb rh0,#0x00
888c:  00000000           addb rh0,#0x00
8890:  00000000           addb rh0,#0x00
8894:  00000000           addb rh0,#0x00
8898:  00000000           addb rh0,#0x00
889c:  00000000           addb rh0,#0x00
88a0:  00000000           addb rh0,#0x00
88a4:  00000000           addb rh0,#0x00
88a8:  00000000           addb rh0,#0x00
88ac:  00000000           addb rh0,#0x00
88b0:  00000000           addb rh0,#0x00
88b4:  00000000           addb rh0,#0x00
88b8:  00000000           addb rh0,#0x00
88bc:  00000000           addb rh0,#0x00
88c0:  00000000           addb rh0,#0x00
88c4:  00000000           addb rh0,#0x00
88c8:  00000000           addb rh0,#0x00
88cc:  00000000           addb rh0,#0x00
88d0:  00000000           addb rh0,#0x00
88d4:  00000000           addb rh0,#0x00
88d8:  00000000           addb rh0,#0x00
88dc:  00000000           addb rh0,#0x00
88e0:  00000000           addb rh0,#0x00
88e4:  00000000           addb rh0,#0x00
88e8:  00000000           addb rh0,#0x00
88ec:  00000000           addb rh0,#0x00
88f0:  00000000           addb rh0,#0x00
88f4:  00000000           addb rh0,#0x00
88f8:  00000000           addb rh0,#0x00
88fc:  00000000           addb rh0,#0x00
8900:  00000000           addb rh0,#0x00
8904:  00000000           addb rh0,#0x00
8908:  00000000           addb rh0,#0x00
890c:  00000000           addb rh0,#0x00
8910:  00000000           addb rh0,#0x00
8914:  00000000           addb rh0,#0x00
8918:  00000000           addb rh0,#0x00
891c:  00000000           addb rh0,#0x00
8920:  00000000           addb rh0,#0x00
8924:  00000000           addb rh0,#0x00
8928:  00000000           addb rh0,#0x00
892c:  00000000           addb rh0,#0x00
8930:  00000000           addb rh0,#0x00
8934:  00000000           addb rh0,#0x00
8938:  00000000           addb rh0,#0x00
893c:  00000000           addb rh0,#0x00
8940:  00000000           addb rh0,#0x00
8944:  00000000           addb rh0,#0x00
8948:  00000000           addb rh0,#0x00
894c:  00000000           addb rh0,#0x00
8950:  00000000           addb rh0,#0x00
8954:  00000000           addb rh0,#0x00
8958:  00000000           addb rh0,#0x00
895c:  00000000           addb rh0,#0x00
8960:  00000000           addb rh0,#0x00
8964:  00000000           addb rh0,#0x00
8968:  00000000           addb rh0,#0x00
896c:  00000000           addb rh0,#0x00
8970:  00000000           addb rh0,#0x00
8974:  00000000           addb rh0,#0x00
8978:  00000000           addb rh0,#0x00
897c:  00000000           addb rh0,#0x00
8980:  00000000           addb rh0,#0x00
8984:  00000000           addb rh0,#0x00
8988:  00000000           addb rh0,#0x00
898c:  00000000           addb rh0,#0x00
8990:  00000000           addb rh0,#0x00
8994:  00000000           addb rh0,#0x00
8998:  00000000           addb rh0,#0x00
899c:  00000000           addb rh0,#0x00
89a0:  00000000           addb rh0,#0x00
89a4:  00000000           addb rh0,#0x00
89a8:  00000000           addb rh0,#0x00
89ac:  00000000           addb rh0,#0x00
89b0:  00000000           addb rh0,#0x00
89b4:  00000000           addb rh0,#0x00
89b8:  00000000           addb rh0,#0x00
89bc:  00000000           addb rh0,#0x00
89c0:  00000000           addb rh0,#0x00
89c4:  00000000           addb rh0,#0x00
89c8:  00000000           addb rh0,#0x00
89cc:  00000000           addb rh0,#0x00
89d0:  00000000           addb rh0,#0x00
89d4:  00000000           addb rh0,#0x00
89d8:  00000000           addb rh0,#0x00
89dc:  00000000           addb rh0,#0x00
89e0:  00000000           addb rh0,#0x00
89e4:  00000000           addb rh0,#0x00
89e8:  00000000           addb rh0,#0x00
89ec:  00000000           addb rh0,#0x00
89f0:  00000000           addb rh0,#0x00
89f4:  00000000           addb rh0,#0x00
89f8:  00000000           addb rh0,#0x00
89fc:  00000000           addb rh0,#0x00
8a00:  00000000           addb rh0,#0x00
8a04:  00000000           addb rh0,#0x00
8a08:  00000000           addb rh0,#0x00
8a0c:  00000000           addb rh0,#0x00
8a10:  00000000           addb rh0,#0x00
8a14:  00000000           addb rh0,#0x00
8a18:  00000000           addb rh0,#0x00
8a1c:  00000000           addb rh0,#0x00
8a20:  00000000           addb rh0,#0x00
8a24:  00000000           addb rh0,#0x00
8a28:  00000000           addb rh0,#0x00
8a2c:  00000000           addb rh0,#0x00
8a30:  00000000           addb rh0,#0x00
8a34:  00000000           addb rh0,#0x00
8a38:  00000000           addb rh0,#0x00
8a3c:  00000000           addb rh0,#0x00
8a40:  00000000           addb rh0,#0x00
8a44:  00000000           addb rh0,#0x00
8a48:  00000000           addb rh0,#0x00
8a4c:  00000000           addb rh0,#0x00
8a50:  00000000           addb rh0,#0x00
8a54:  00000000           addb rh0,#0x00
8a58:  00000000           addb rh0,#0x00
8a5c:  00000000           addb rh0,#0x00
8a60:  00000000           addb rh0,#0x00
8a64:  00000000           addb rh0,#0x00
8a68:  00000000           addb rh0,#0x00
8a6c:  00000000           addb rh0,#0x00
8a70:  00000000           addb rh0,#0x00
8a74:  00000000           addb rh0,#0x00
8a78:  00000000           addb rh0,#0x00
8a7c:  00000000           addb rh0,#0x00
8a80:  00000000           addb rh0,#0x00
8a84:  00000000           addb rh0,#0x00
8a88:  00000000           addb rh0,#0x00
8a8c:  00000000           addb rh0,#0x00
8a90:  00000000           addb rh0,#0x00
8a94:  00000000           addb rh0,#0x00
8a98:  00000000           addb rh0,#0x00
8a9c:  00000000           addb rh0,#0x00
8aa0:  00000000           addb rh0,#0x00
8aa4:  00000000           addb rh0,#0x00
8aa8:  00000000           addb rh0,#0x00
8aac:  00000000           addb rh0,#0x00
8ab0:  00000000           addb rh0,#0x00
8ab4:  00000000           addb rh0,#0x00
8ab8:  00000000           addb rh0,#0x00
8abc:  00000000           addb rh0,#0x00
8ac0:  00000000           addb rh0,#0x00
8ac4:  00000000           addb rh0,#0x00
8ac8:  00000000           addb rh0,#0x00
8acc:  00000000           addb rh0,#0x00
8ad0:  00000000           addb rh0,#0x00
8ad4:  00000000           addb rh0,#0x00
8ad8:  00000000           addb rh0,#0x00
8adc:  00000000           addb rh0,#0x00
8ae0:  00000000           addb rh0,#0x00
8ae4:  00000000           addb rh0,#0x00
8ae8:  00000000           addb rh0,#0x00
8aec:  00000000           addb rh0,#0x00
8af0:  00000000           addb rh0,#0x00
8af4:  00000000           addb rh0,#0x00
8af8:  00000000           addb rh0,#0x00
8afc:  00000000           addb rh0,#0x00
8b00:  00000000           addb rh0,#0x00
8b04:  00000000           addb rh0,#0x00
8b08:  00000000           addb rh0,#0x00
8b0c:  00000000           addb rh0,#0x00
8b10:  00000000           addb rh0,#0x00
8b14:  00000000           addb rh0,#0x00
8b18:  00000000           addb rh0,#0x00
8b1c:  00000000           addb rh0,#0x00
8b20:  00000000           addb rh0,#0x00
8b24:  00000000           addb rh0,#0x00
8b28:  00000000           addb rh0,#0x00
8b2c:  00000000           addb rh0,#0x00
8b30:  00000000           addb rh0,#0x00
8b34:  00000000           addb rh0,#0x00
8b38:  00000000           addb rh0,#0x00
8b3c:  00000000           addb rh0,#0x00
8b40:  00000000           addb rh0,#0x00
8b44:  00000000           addb rh0,#0x00
8b48:  00000000           addb rh0,#0x00
8b4c:  00000000           addb rh0,#0x00
8b50:  00000000           addb rh0,#0x00
8b54:  00000000           addb rh0,#0x00
8b58:  00000000           addb rh0,#0x00
8b5c:  00000000           addb rh0,#0x00
8b60:  00000000           addb rh0,#0x00
8b64:  00000000           addb rh0,#0x00
8b68:  00000000           addb rh0,#0x00
8b6c:  00000000           addb rh0,#0x00
8b70:  00000000           addb rh0,#0x00
8b74:  00000000           addb rh0,#0x00
8b78:  00000000           addb rh0,#0x00
8b7c:  00000000           addb rh0,#0x00
8b80:  00000000           addb rh0,#0x00
8b84:  00000000           addb rh0,#0x00
8b88:  00000000           addb rh0,#0x00
8b8c:  00000000           addb rh0,#0x00
8b90:  00000000           addb rh0,#0x00
8b94:  00000000           addb rh0,#0x00
8b98:  00000000           addb rh0,#0x00
8b9c:  00000000           addb rh0,#0x00
8ba0:  00000000           addb rh0,#0x00
8ba4:  00000000           addb rh0,#0x00
8ba8:  00000000           addb rh0,#0x00
8bac:  00000000           addb rh0,#0x00
8bb0:  00000000           addb rh0,#0x00
8bb4:  00000000           addb rh0,#0x00
8bb8:  00000000           addb rh0,#0x00
8bbc:  00000000           addb rh0,#0x00
8bc0:  00000000           addb rh0,#0x00
8bc4:  00000000           addb rh0,#0x00
8bc8:  00000000           addb rh0,#0x00
8bcc:  00000000           addb rh0,#0x00
8bd0:  00000000           addb rh0,#0x00
8bd4:  00000000           addb rh0,#0x00
8bd8:  00000000           addb rh0,#0x00
8bdc:  00000000           addb rh0,#0x00
8be0:  00000000           addb rh0,#0x00
8be4:  00000000           addb rh0,#0x00
8be8:  00000000           addb rh0,#0x00
8bec:  00000000           addb rh0,#0x00
8bf0:  00000000           addb rh0,#0x00
8bf4:  00000000           addb rh0,#0x00
8bf8:  00000000           addb rh0,#0x00
8bfc:  00000000           addb rh0,#0x00
8c00:  00000000           addb rh0,#0x00
8c04:  00000000           addb rh0,#0x00
8c08:  00000000           addb rh0,#0x00
8c0c:  00000000           addb rh0,#0x00
8c10:  00000000           addb rh0,#0x00
8c14:  00000000           addb rh0,#0x00
8c18:  00000000           addb rh0,#0x00
8c1c:  00000000           addb rh0,#0x00
8c20:  00000000           addb rh0,#0x00
8c24:  00000000           addb rh0,#0x00
8c28:  00000000           addb rh0,#0x00
8c2c:  00000000           addb rh0,#0x00
8c30:  00000000           addb rh0,#0x00
8c34:  00000000           addb rh0,#0x00
8c38:  00000000           addb rh0,#0x00
8c3c:  00000000           addb rh0,#0x00
8c40:  00000000           addb rh0,#0x00
8c44:  00000000           addb rh0,#0x00
8c48:  00000000           addb rh0,#0x00
8c4c:  00000000           addb rh0,#0x00
8c50:  00000000           addb rh0,#0x00
8c54:  00000000           addb rh0,#0x00
8c58:  00000000           addb rh0,#0x00
8c5c:  00000000           addb rh0,#0x00
8c60:  00000000           addb rh0,#0x00
8c64:  00000000           addb rh0,#0x00
8c68:  00000000           addb rh0,#0x00
8c6c:  00000000           addb rh0,#0x00
8c70:  00000000           addb rh0,#0x00
8c74:  00000000           addb rh0,#0x00
8c78:  00000000           addb rh0,#0x00
8c7c:  00000000           addb rh0,#0x00
8c80:  00000000           addb rh0,#0x00
8c84:  00000000           addb rh0,#0x00
8c88:  00000000           addb rh0,#0x00
8c8c:  00000000           addb rh0,#0x00
8c90:  00000000           addb rh0,#0x00
8c94:  00000000           addb rh0,#0x00
8c98:  00000000           addb rh0,#0x00
8c9c:  00000000           addb rh0,#0x00
8ca0:  00000000           addb rh0,#0x00
8ca4:  00000000           addb rh0,#0x00
8ca8:  00000000           addb rh0,#0x00
8cac:  00000000           addb rh0,#0x00
8cb0:  00000000           addb rh0,#0x00
8cb4:  00000000           addb rh0,#0x00
8cb8:  00000000           addb rh0,#0x00
8cbc:  00000000           addb rh0,#0x00
8cc0:  00000000           addb rh0,#0x00
8cc4:  00000000           addb rh0,#0x00
8cc8:  00000000           addb rh0,#0x00
8ccc:  00000000           addb rh0,#0x00
8cd0:  00000000           addb rh0,#0x00
8cd4:  00000000           addb rh0,#0x00
8cd8:  00000000           addb rh0,#0x00
8cdc:  00000000           addb rh0,#0x00
8ce0:  00000000           addb rh0,#0x00
8ce4:  00000000           addb rh0,#0x00
8ce8:  00000000           addb rh0,#0x00
8cec:  00000000           addb rh0,#0x00
8cf0:  00000000           addb rh0,#0x00
8cf4:  00000000           addb rh0,#0x00
8cf8:  00000000           addb rh0,#0x00
8cfc:  00000000           addb rh0,#0x00
8d00:  00000000           addb rh0,#0x00
8d04:  00000000           addb rh0,#0x00
8d08:  00000000           addb rh0,#0x00
8d0c:  00000000           addb rh0,#0x00
8d10:  00000000           addb rh0,#0x00
8d14:  00000000           addb rh0,#0x00
8d18:  00000000           addb rh0,#0x00
8d1c:  00000000           addb rh0,#0x00
8d20:  00000000           addb rh0,#0x00
8d24:  00000000           addb rh0,#0x00
8d28:  00000000           addb rh0,#0x00
8d2c:  00000000           addb rh0,#0x00
8d30:  00000000           addb rh0,#0x00
8d34:  00000000           addb rh0,#0x00
8d38:  00000000           addb rh0,#0x00
8d3c:  00000000           addb rh0,#0x00
8d40:  00000000           addb rh0,#0x00
8d44:  00000000           addb rh0,#0x00
8d48:  00000000           addb rh0,#0x00
8d4c:  00000000           addb rh0,#0x00
8d50:  00000000           addb rh0,#0x00
8d54:  00000000           addb rh0,#0x00
8d58:  00000000           addb rh0,#0x00
8d5c:  00000000           addb rh0,#0x00
8d60:  00000000           addb rh0,#0x00
8d64:  00000000           addb rh0,#0x00
8d68:  00000000           addb rh0,#0x00
8d6c:  00000000           addb rh0,#0x00
8d70:  00000000           addb rh0,#0x00
8d74:  00000000           addb rh0,#0x00
8d78:  00000000           addb rh0,#0x00
8d7c:  00000000           addb rh0,#0x00
8d80:  00000000           addb rh0,#0x00
8d84:  00000000           addb rh0,#0x00
8d88:  00000000           addb rh0,#0x00
8d8c:  00000000           addb rh0,#0x00
8d90:  00000000           addb rh0,#0x00
8d94:  00000000           addb rh0,#0x00
8d98:  00000000           addb rh0,#0x00
8d9c:  00000000           addb rh0,#0x00
8da0:  00000000           addb rh0,#0x00
8da4:  00000000           addb rh0,#0x00
8da8:  00000000           addb rh0,#0x00
8dac:  00000000           addb rh0,#0x00
8db0:  00000000           addb rh0,#0x00
8db4:  00000000           addb rh0,#0x00
8db8:  00000000           addb rh0,#0x00
8dbc:  00000000           addb rh0,#0x00
8dc0:  00000000           addb rh0,#0x00
8dc4:  00000000           addb rh0,#0x00
8dc8:  00000000           addb rh0,#0x00
8dcc:  00000000           addb rh0,#0x00
8dd0:  00000000           addb rh0,#0x00
8dd4:  00000000           addb rh0,#0x00
8dd8:  00000000           addb rh0,#0x00
8ddc:  00000000           addb rh0,#0x00
8de0:  00000000           addb rh0,#0x00
8de4:  00000000           addb rh0,#0x00
8de8:  00000000           addb rh0,#0x00
8dec:  00000000           addb rh0,#0x00
8df0:  00000000           addb rh0,#0x00
8df4:  00000000           addb rh0,#0x00
8df8:  00000000           addb rh0,#0x00
8dfc:  00000000           addb rh0,#0x00
8e00:  00000000           addb rh0,#0x00
8e04:  00000000           addb rh0,#0x00
8e08:  00000000           addb rh0,#0x00
8e0c:  00000000           addb rh0,#0x00
8e10:  00000000           addb rh0,#0x00
8e14:  00000000           addb rh0,#0x00
8e18:  00000000           addb rh0,#0x00
8e1c:  00000000           addb rh0,#0x00
8e20:  00000000           addb rh0,#0x00
8e24:  00000000           addb rh0,#0x00
8e28:  00000000           addb rh0,#0x00
8e2c:  00000000           addb rh0,#0x00
8e30:  00000000           addb rh0,#0x00
8e34:  00000000           addb rh0,#0x00
8e38:  00000000           addb rh0,#0x00
8e3c:  00000000           addb rh0,#0x00
8e40:  00000000           addb rh0,#0x00
8e44:  00000000           addb rh0,#0x00
8e48:  00000000           addb rh0,#0x00
8e4c:  00000000           addb rh0,#0x00
8e50:  00000000           addb rh0,#0x00
8e54:  00000000           addb rh0,#0x00
8e58:  00000000           addb rh0,#0x00
8e5c:  00000000           addb rh0,#0x00
8e60:  00000000           addb rh0,#0x00
8e64:  00000000           addb rh0,#0x00
8e68:  00000000           addb rh0,#0x00
8e6c:  00000000           addb rh0,#0x00
8e70:  00000000           addb rh0,#0x00
8e74:  00000000           addb rh0,#0x00
8e78:  00000000           addb rh0,#0x00
8e7c:  00000000           addb rh0,#0x00
8e80:  00000000           addb rh0,#0x00
8e84:  00000000           addb rh0,#0x00
8e88:  00000000           addb rh0,#0x00
8e8c:  00000000           addb rh0,#0x00
8e90:  00000000           addb rh0,#0x00
8e94:  00000000           addb rh0,#0x00
8e98:  00000000           addb rh0,#0x00
8e9c:  00000000           addb rh0,#0x00
8ea0:  00000000           addb rh0,#0x00
8ea4:  00000000           addb rh0,#0x00
8ea8:  00000000           addb rh0,#0x00
8eac:  00000000           addb rh0,#0x00
8eb0:  00000000           addb rh0,#0x00
8eb4:  00000000           addb rh0,#0x00
8eb8:  00000000           addb rh0,#0x00
8ebc:  00000000           addb rh0,#0x00
8ec0:  00000000           addb rh0,#0x00
8ec4:  00000000           addb rh0,#0x00
8ec8:  00000000           addb rh0,#0x00
8ecc:  00000000           addb rh0,#0x00
8ed0:  00000000           addb rh0,#0x00
8ed4:  00000000           addb rh0,#0x00
8ed8:  00000000           addb rh0,#0x00
8edc:  00000000           addb rh0,#0x00
8ee0:  00000000           addb rh0,#0x00
8ee4:  00000000           addb rh0,#0x00
8ee8:  00000000           addb rh0,#0x00
8eec:  00000000           addb rh0,#0x00
8ef0:  00000000           addb rh0,#0x00
8ef4:  00000000           addb rh0,#0x00
8ef8:  00000000           addb rh0,#0x00
8efc:  00000000           addb rh0,#0x00
8f00:  00000000           addb rh0,#0x00
8f04:  00000000           addb rh0,#0x00
8f08:  00000000           addb rh0,#0x00
8f0c:  00000000           addb rh0,#0x00
8f10:  00000000           addb rh0,#0x00
8f14:  00000000           addb rh0,#0x00
8f18:  00000000           addb rh0,#0x00
8f1c:  00000000           addb rh0,#0x00
8f20:  00000000           addb rh0,#0x00
8f24:  00000000           addb rh0,#0x00
8f28:  00000000           addb rh0,#0x00
8f2c:  00000000           addb rh0,#0x00
8f30:  00000000           addb rh0,#0x00
8f34:  00000000           addb rh0,#0x00
8f38:  00000000           addb rh0,#0x00
8f3c:  00000000           addb rh0,#0x00
8f40:  00000000           addb rh0,#0x00
8f44:  00000000           addb rh0,#0x00
8f48:  00000000           addb rh0,#0x00
8f4c:  00000000           addb rh0,#0x00
8f50:  00000000           addb rh0,#0x00
8f54:  00000000           addb rh0,#0x00
8f58:  00000000           addb rh0,#0x00
8f5c:  00000000           addb rh0,#0x00
8f60:  00000000           addb rh0,#0x00
8f64:  00000000           addb rh0,#0x00
8f68:  00000000           addb rh0,#0x00
8f6c:  00000000           addb rh0,#0x00
8f70:  00000000           addb rh0,#0x00
8f74:  00000000           addb rh0,#0x00
8f78:  00000000           addb rh0,#0x00
8f7c:  00000000           addb rh0,#0x00
8f80:  00000000           addb rh0,#0x00
8f84:  00000000           addb rh0,#0x00
8f88:  00000000           addb rh0,#0x00
8f8c:  00000000           addb rh0,#0x00
8f90:  00000000           addb rh0,#0x00
8f94:  00000000           addb rh0,#0x00
8f98:  00000000           addb rh0,#0x00
8f9c:  00000000           addb rh0,#0x00
8fa0:  00000000           addb rh0,#0x00
8fa4:  00000000           addb rh0,#0x00
8fa8:  00000000           addb rh0,#0x00
8fac:  00000000           addb rh0,#0x00
8fb0:  00000000           addb rh0,#0x00
8fb4:  00000000           addb rh0,#0x00
8fb8:  00000000           addb rh0,#0x00
8fbc:  00000000           addb rh0,#0x00
8fc0:  00000000           addb rh0,#0x00
8fc4:  00000000           addb rh0,#0x00
8fc8:  00000000           addb rh0,#0x00
8fcc:  00000000           addb rh0,#0x00
8fd0:  00000000           addb rh0,#0x00
8fd4:  00000000           addb rh0,#0x00
8fd8:  00000000           addb rh0,#0x00
8fdc:  00000000           addb rh0,#0x00
8fe0:  00000000           addb rh0,#0x00
8fe4:  00000000           addb rh0,#0x00
8fe8:  00000000           addb rh0,#0x00
8fec:  00000000           addb rh0,#0x00
8ff0:  00000000           addb rh0,#0x00
8ff4:  00000000           addb rh0,#0x00
8ff8:  00000000           addb rh0,#0x00
8ffc:  00000000           addb rh0,#0x00
9000:  00000000           addb rh0,#0x00
9004:  00000000           addb rh0,#0x00
9008:  00000000           addb rh0,#0x00
900c:  00000000           addb rh0,#0x00
9010:  00000000           addb rh0,#0x00
9014:  00000000           addb rh0,#0x00
9018:  00000000           addb rh0,#0x00
901c:  00000000           addb rh0,#0x00
9020:  00000000           addb rh0,#0x00
9024:  00000000           addb rh0,#0x00
9028:  00000000           addb rh0,#0x00
902c:  00000000           addb rh0,#0x00
9030:  00000000           addb rh0,#0x00
9034:  00000000           addb rh0,#0x00
9038:  00000000           addb rh0,#0x00
903c:  00000000           addb rh0,#0x00
9040:  00000000           addb rh0,#0x00
9044:  00000000           addb rh0,#0x00
9048:  00000000           addb rh0,#0x00
904c:  00000000           addb rh0,#0x00
9050:  00000000           addb rh0,#0x00
9054:  00000000           addb rh0,#0x00
9058:  00000000           addb rh0,#0x00
905c:  00000000           addb rh0,#0x00
9060:  00000000           addb rh0,#0x00
9064:  00000000           addb rh0,#0x00
9068:  00000000           addb rh0,#0x00
906c:  00000000           addb rh0,#0x00
9070:  00000000           addb rh0,#0x00
9074:  00000000           addb rh0,#0x00
9078:  00000000           addb rh0,#0x00
907c:  00000000           addb rh0,#0x00
9080:  00000000           addb rh0,#0x00
9084:  00000000           addb rh0,#0x00
9088:  00000000           addb rh0,#0x00
908c:  00000000           addb rh0,#0x00
9090:  00000000           addb rh0,#0x00
9094:  00000000           addb rh0,#0x00
9098:  00000000           addb rh0,#0x00
909c:  00000000           addb rh0,#0x00
90a0:  00000000           addb rh0,#0x00
90a4:  00000000           addb rh0,#0x00
90a8:  00000000           addb rh0,#0x00
90ac:  00000000           addb rh0,#0x00
90b0:  00000000           addb rh0,#0x00
90b4:  00000000           addb rh0,#0x00
90b8:  00000000           addb rh0,#0x00
90bc:  00000000           addb rh0,#0x00
90c0:  00000000           addb rh0,#0x00
90c4:  00000000           addb rh0,#0x00
90c8:  00000000           addb rh0,#0x00
90cc:  00000000           addb rh0,#0x00
90d0:  00000000           addb rh0,#0x00
90d4:  00000000           addb rh0,#0x00
90d8:  00000000           addb rh0,#0x00
90dc:  00000000           addb rh0,#0x00
90e0:  00000000           addb rh0,#0x00
90e4:  00000000           addb rh0,#0x00
90e8:  00000000           addb rh0,#0x00
90ec:  00000000           addb rh0,#0x00
90f0:  00000000           addb rh0,#0x00
90f4:  00000000           addb rh0,#0x00
90f8:  00000000           addb rh0,#0x00
90fc:  00000000           addb rh0,#0x00
9100:  00000000           addb rh0,#0x00
9104:  00000000           addb rh0,#0x00
9108:  00000000           addb rh0,#0x00
910c:  00000000           addb rh0,#0x00
9110:  00000000           addb rh0,#0x00
9114:  00000000           addb rh0,#0x00
9118:  00000000           addb rh0,#0x00
911c:  00000000           addb rh0,#0x00
9120:  00000000           addb rh0,#0x00
9124:  00000000           addb rh0,#0x00
9128:  00000000           addb rh0,#0x00
912c:  00000000           addb rh0,#0x00
9130:  00000000           addb rh0,#0x00
9134:  00000000           addb rh0,#0x00
9138:  00000000           addb rh0,#0x00
913c:  00000000           addb rh0,#0x00
9140:  00000000           addb rh0,#0x00
9144:  00000000           addb rh0,#0x00
9148:  00000000           addb rh0,#0x00
914c:  00000000           addb rh0,#0x00
9150:  00000000           addb rh0,#0x00
9154:  00000000           addb rh0,#0x00
9158:  00000000           addb rh0,#0x00
915c:  00000000           addb rh0,#0x00
9160:  00000000           addb rh0,#0x00
9164:  00000000           addb rh0,#0x00
9168:  00000000           addb rh0,#0x00
916c:  00000000           addb rh0,#0x00
9170:  00000000           addb rh0,#0x00
9174:  00000000           addb rh0,#0x00
9178:  00000000           addb rh0,#0x00
917c:  00000000           addb rh0,#0x00
9180:  00000000           addb rh0,#0x00
9184:  00000000           addb rh0,#0x00
9188:  00000000           addb rh0,#0x00
918c:  00000000           addb rh0,#0x00
9190:  00000000           addb rh0,#0x00
9194:  00000000           addb rh0,#0x00
9198:  00000000           addb rh0,#0x00
919c:  00000000           addb rh0,#0x00
91a0:  00000000           addb rh0,#0x00
91a4:  00000000           addb rh0,#0x00
91a8:  00000000           addb rh0,#0x00
91ac:  00000000           addb rh0,#0x00
91b0:  00000000           addb rh0,#0x00
91b4:  00000000           addb rh0,#0x00
91b8:  00000000           addb rh0,#0x00
91bc:  00000000           addb rh0,#0x00
91c0:  00000000           addb rh0,#0x00
91c4:  00000000           addb rh0,#0x00
91c8:  00000000           addb rh0,#0x00
91cc:  00000000           addb rh0,#0x00
91d0:  00000000           addb rh0,#0x00
91d4:  00000000           addb rh0,#0x00
91d8:  00000000           addb rh0,#0x00
91dc:  00000000           addb rh0,#0x00
91e0:  00000000           addb rh0,#0x00
91e4:  00000000           addb rh0,#0x00
91e8:  00000000           addb rh0,#0x00
91ec:  00000000           addb rh0,#0x00
91f0:  00000000           addb rh0,#0x00
91f4:  00000000           addb rh0,#0x00
91f8:  00000000           addb rh0,#0x00
91fc:  00000000           addb rh0,#0x00
9200:  00000000           addb rh0,#0x00
9204:  00000000           addb rh0,#0x00
9208:  00000000           addb rh0,#0x00
920c:  00000000           addb rh0,#0x00
9210:  00000000           addb rh0,#0x00
9214:  00000000           addb rh0,#0x00
9218:  00000000           addb rh0,#0x00
921c:  00000000           addb rh0,#0x00
9220:  00000000           addb rh0,#0x00
9224:  00000000           addb rh0,#0x00
9228:  00000000           addb rh0,#0x00
922c:  00000000           addb rh0,#0x00
9230:  00000000           addb rh0,#0x00
9234:  00000000           addb rh0,#0x00
9238:  00000000           addb rh0,#0x00
923c:  00000000           addb rh0,#0x00
9240:  00000000           addb rh0,#0x00
9244:  00000000           addb rh0,#0x00
9248:  00000000           addb rh0,#0x00
924c:  00000000           addb rh0,#0x00
9250:  00000000           addb rh0,#0x00
9254:  00000000           addb rh0,#0x00
9258:  00000000           addb rh0,#0x00
925c:  00000000           addb rh0,#0x00
9260:  00000000           addb rh0,#0x00
9264:  00000000           addb rh0,#0x00
9268:  00000000           addb rh0,#0x00
926c:  00000000           addb rh0,#0x00
9270:  00000000           addb rh0,#0x00
9274:  00000000           addb rh0,#0x00
9278:  00000000           addb rh0,#0x00
927c:  00000000           addb rh0,#0x00
9280:  00000000           addb rh0,#0x00
9284:  00000000           addb rh0,#0x00
9288:  00000000           addb rh0,#0x00
928c:  00000000           addb rh0,#0x00
9290:  00000000           addb rh0,#0x00
9294:  00000000           addb rh0,#0x00
9298:  00000000           addb rh0,#0x00
929c:  00000000           addb rh0,#0x00
92a0:  00000000           addb rh0,#0x00
92a4:  00000000           addb rh0,#0x00
92a8:  00000000           addb rh0,#0x00
92ac:  00000000           addb rh0,#0x00
92b0:  00000000           addb rh0,#0x00
92b4:  00000000           addb rh0,#0x00
92b8:  00000000           addb rh0,#0x00
92bc:  00000000           addb rh0,#0x00
92c0:  00000000           addb rh0,#0x00
92c4:  00000000           addb rh0,#0x00
92c8:  00000000           addb rh0,#0x00
92cc:  00000000           addb rh0,#0x00
92d0:  00000000           addb rh0,#0x00
92d4:  00000000           addb rh0,#0x00
92d8:  00000000           addb rh0,#0x00
92dc:  00000000           addb rh0,#0x00
92e0:  00000000           addb rh0,#0x00
92e4:  00000000           addb rh0,#0x00
92e8:  00000000           addb rh0,#0x00
92ec:  00000000           addb rh0,#0x00
92f0:  00000000           addb rh0,#0x00
92f4:  00000000           addb rh0,#0x00
92f8:  00000000           addb rh0,#0x00
92fc:  00000000           addb rh0,#0x00
9300:  00000000           addb rh0,#0x00
9304:  00000000           addb rh0,#0x00
9308:  00000000           addb rh0,#0x00
930c:  00000000           addb rh0,#0x00
9310:  00000000           addb rh0,#0x00
9314:  00000000           addb rh0,#0x00
9318:  00000000           addb rh0,#0x00
931c:  00000000           addb rh0,#0x00
9320:  00000000           addb rh0,#0x00
9324:  00000000           addb rh0,#0x00
9328:  00000000           addb rh0,#0x00
932c:  00000000           addb rh0,#0x00
9330:  00000000           addb rh0,#0x00
9334:  00000000           addb rh0,#0x00
9338:  00000000           addb rh0,#0x00
933c:  00000000           addb rh0,#0x00
9340:  00000000           addb rh0,#0x00
9344:  00000000           addb rh0,#0x00
9348:  00000000           addb rh0,#0x00
934c:  00000000           addb rh0,#0x00
9350:  00000000           addb rh0,#0x00
9354:  00000000           addb rh0,#0x00
9358:  00000000           addb rh0,#0x00
935c:  00000000           addb rh0,#0x00
9360:  00000000           addb rh0,#0x00
9364:  00000000           addb rh0,#0x00
9368:  00000000           addb rh0,#0x00
936c:  00000000           addb rh0,#0x00
9370:  00000000           addb rh0,#0x00
9374:  00000000           addb rh0,#0x00
9378:  00000000           addb rh0,#0x00
937c:  00000000           addb rh0,#0x00
9380:  00000000           addb rh0,#0x00
9384:  00000000           addb rh0,#0x00
9388:  00000000           addb rh0,#0x00
938c:  00000000           addb rh0,#0x00
9390:  00000000           addb rh0,#0x00
9394:  00000000           addb rh0,#0x00
9398:  00000000           addb rh0,#0x00
939c:  00000000           addb rh0,#0x00
93a0:  00000000           addb rh0,#0x00
93a4:  00000000           addb rh0,#0x00
93a8:  00000000           addb rh0,#0x00
93ac:  00000000           addb rh0,#0x00
93b0:  00000000           addb rh0,#0x00
93b4:  00000000           addb rh0,#0x00
93b8:  00000000           addb rh0,#0x00
93bc:  00000000           addb rh0,#0x00
93c0:  00000000           addb rh0,#0x00
93c4:  00000000           addb rh0,#0x00
93c8:  00000000           addb rh0,#0x00
93cc:  00000000           addb rh0,#0x00
93d0:  00000000           addb rh0,#0x00
93d4:  00000000           addb rh0,#0x00
93d8:  00000000           addb rh0,#0x00
93dc:  00000000           addb rh0,#0x00
93e0:  00000000           addb rh0,#0x00
93e4:  00000000           addb rh0,#0x00
93e8:  00000000           addb rh0,#0x00
93ec:  00000000           addb rh0,#0x00
93f0:  00000000           addb rh0,#0x00
93f4:  00000000           addb rh0,#0x00
93f8:  00000000           addb rh0,#0x00
93fc:  00000000           addb rh0,#0x00
9400:  00000000           addb rh0,#0x00
9404:  00000000           addb rh0,#0x00
9408:  00000000           addb rh0,#0x00
940c:  00000000           addb rh0,#0x00
9410:  00000000           addb rh0,#0x00
9414:  00000000           addb rh0,#0x00
9418:  00000000           addb rh0,#0x00
941c:  00000000           addb rh0,#0x00
9420:  00000000           addb rh0,#0x00
9424:  00000000           addb rh0,#0x00
9428:  00000000           addb rh0,#0x00
942c:  00000000           addb rh0,#0x00
9430:  00000000           addb rh0,#0x00
9434:  00000000           addb rh0,#0x00
9438:  00000000           addb rh0,#0x00
943c:  00000000           addb rh0,#0x00
9440:  00000000           addb rh0,#0x00
9444:  00000000           addb rh0,#0x00
9448:  00000000           addb rh0,#0x00
944c:  00000000           addb rh0,#0x00
9450:  00000000           addb rh0,#0x00
9454:  00000000           addb rh0,#0x00
9458:  00000000           addb rh0,#0x00
945c:  00000000           addb rh0,#0x00
9460:  00000000           addb rh0,#0x00
9464:  00000000           addb rh0,#0x00
9468:  00000000           addb rh0,#0x00
946c:  00000000           addb rh0,#0x00
9470:  00000000           addb rh0,#0x00
9474:  00000000           addb rh0,#0x00
9478:  00000000           addb rh0,#0x00
947c:  00000000           addb rh0,#0x00
9480:  00000000           addb rh0,#0x00
9484:  00000000           addb rh0,#0x00
9488:  00000000           addb rh0,#0x00
948c:  00000000           addb rh0,#0x00
9490:  00000000           addb rh0,#0x00
9494:  00000000           addb rh0,#0x00
9498:  00000000           addb rh0,#0x00
949c:  00000000           addb rh0,#0x00
94a0:  00000000           addb rh0,#0x00
94a4:  00000000           addb rh0,#0x00
94a8:  00000000           addb rh0,#0x00
94ac:  00000000           addb rh0,#0x00
94b0:  00000000           addb rh0,#0x00
94b4:  00000000           addb rh0,#0x00
94b8:  00000000           addb rh0,#0x00
94bc:  00000000           addb rh0,#0x00
94c0:  00000000           addb rh0,#0x00
94c4:  00000000           addb rh0,#0x00
94c8:  00000000           addb rh0,#0x00
94cc:  00000000           addb rh0,#0x00
94d0:  00000000           addb rh0,#0x00
94d4:  00000000           addb rh0,#0x00
94d8:  00000000           addb rh0,#0x00
94dc:  00000000           addb rh0,#0x00
94e0:  00000000           addb rh0,#0x00
94e4:  00000000           addb rh0,#0x00
94e8:  00000000           addb rh0,#0x00
94ec:  00000000           addb rh0,#0x00
94f0:  00000000           addb rh0,#0x00
94f4:  00000000           addb rh0,#0x00
94f8:  00000000           addb rh0,#0x00
94fc:  00000000           addb rh0,#0x00
9500:  00000000           addb rh0,#0x00
9504:  00000000           addb rh0,#0x00
9508:  00000000           addb rh0,#0x00
950c:  00000000           addb rh0,#0x00
9510:  00000000           addb rh0,#0x00
9514:  00000000           addb rh0,#0x00
9518:  00000000           addb rh0,#0x00
951c:  00000000           addb rh0,#0x00
9520:  00000000           addb rh0,#0x00
9524:  00000000           addb rh0,#0x00
9528:  00000000           addb rh0,#0x00
952c:  00000000           addb rh0,#0x00
9530:  00000000           addb rh0,#0x00
9534:  00000000           addb rh0,#0x00
9538:  00000000           addb rh0,#0x00
953c:  00000000           addb rh0,#0x00
9540:  00000000           addb rh0,#0x00
9544:  00000000           addb rh0,#0x00
9548:  00000000           addb rh0,#0x00
954c:  00000000           addb rh0,#0x00
9550:  00000000           addb rh0,#0x00
9554:  00000000           addb rh0,#0x00
9558:  00000000           addb rh0,#0x00
955c:  00000000           addb rh0,#0x00
9560:  00000000           addb rh0,#0x00
9564:  00000000           addb rh0,#0x00
9568:  00000000           addb rh0,#0x00
956c:  00000000           addb rh0,#0x00
9570:  00000000           addb rh0,#0x00
9574:  00000000           addb rh0,#0x00
9578:  00000000           addb rh0,#0x00
957c:  00000000           addb rh0,#0x00
9580:  00000000           addb rh0,#0x00
9584:  00000000           addb rh0,#0x00
9588:  00000000           addb rh0,#0x00
958c:  00000000           addb rh0,#0x00
9590:  00000000           addb rh0,#0x00
9594:  00000000           addb rh0,#0x00
9598:  00000000           addb rh0,#0x00
959c:  00000000           addb rh0,#0x00
95a0:  00000000           addb rh0,#0x00
95a4:  00000000           addb rh0,#0x00
95a8:  00000000           addb rh0,#0x00
95ac:  00000000           addb rh0,#0x00
95b0:  00000000           addb rh0,#0x00
95b4:  00000000           addb rh0,#0x00
95b8:  00000000           addb rh0,#0x00
95bc:  00000000           addb rh0,#0x00
95c0:  00000000           addb rh0,#0x00
95c4:  00000000           addb rh0,#0x00
95c8:  00000000           addb rh0,#0x00
95cc:  00000000           addb rh0,#0x00
95d0:  00000000           addb rh0,#0x00
95d4:  00000000           addb rh0,#0x00
95d8:  00000000           addb rh0,#0x00
95dc:  00000000           addb rh0,#0x00
95e0:  00000000           addb rh0,#0x00
95e4:  00000000           addb rh0,#0x00
95e8:  00000000           addb rh0,#0x00
95ec:  00000000           addb rh0,#0x00
95f0:  00000000           addb rh0,#0x00
95f4:  00000000           addb rh0,#0x00
95f8:  00000000           addb rh0,#0x00
95fc:  00000000           addb rh0,#0x00
9600:  00000000           addb rh0,#0x00
9604:  00000000           addb rh0,#0x00
9608:  00000000           addb rh0,#0x00
960c:  00000000           addb rh0,#0x00
9610:  00000000           addb rh0,#0x00
9614:  00000000           addb rh0,#0x00
9618:  00000000           addb rh0,#0x00
961c:  00000000           addb rh0,#0x00
9620:  00000000           addb rh0,#0x00
9624:  00000000           addb rh0,#0x00
9628:  00000000           addb rh0,#0x00
962c:  00000000           addb rh0,#0x00
9630:  00000000           addb rh0,#0x00
9634:  00000000           addb rh0,#0x00
9638:  00000000           addb rh0,#0x00
963c:  00000000           addb rh0,#0x00
9640:  00000000           addb rh0,#0x00
9644:  00000000           addb rh0,#0x00
9648:  00000000           addb rh0,#0x00
964c:  00000000           addb rh0,#0x00
9650:  00000000           addb rh0,#0x00
9654:  00000000           addb rh0,#0x00
9658:  00000000           addb rh0,#0x00
965c:  00000000           addb rh0,#0x00
9660:  00000000           addb rh0,#0x00
9664:  00000000           addb rh0,#0x00
9668:  00000000           addb rh0,#0x00
966c:  00000000           addb rh0,#0x00
9670:  00000000           addb rh0,#0x00
9674:  00000000           addb rh0,#0x00
9678:  00000000           addb rh0,#0x00
967c:  00000000           addb rh0,#0x00
9680:  00000000           addb rh0,#0x00
9684:  00000000           addb rh0,#0x00
9688:  00000000           addb rh0,#0x00
968c:  00000000           addb rh0,#0x00
9690:  00000000           addb rh0,#0x00
9694:  00000000           addb rh0,#0x00
9698:  00000000           addb rh0,#0x00
969c:  00000000           addb rh0,#0x00
96a0:  00000000           addb rh0,#0x00
96a4:  00000000           addb rh0,#0x00
96a8:  00000000           addb rh0,#0x00
96ac:  00000000           addb rh0,#0x00
96b0:  00000000           addb rh0,#0x00
96b4:  00000000           addb rh0,#0x00
96b8:  00000000           addb rh0,#0x00
96bc:  00000000           addb rh0,#0x00
96c0:  00000000           addb rh0,#0x00
96c4:  00000000           addb rh0,#0x00
96c8:  00000000           addb rh0,#0x00
96cc:  00000000           addb rh0,#0x00
96d0:  00000000           addb rh0,#0x00
96d4:  00000000           addb rh0,#0x00
96d8:  00000000           addb rh0,#0x00
96dc:  00000000           addb rh0,#0x00
96e0:  00000000           addb rh0,#0x00
96e4:  00000000           addb rh0,#0x00
96e8:  00000000           addb rh0,#0x00
96ec:  00000000           addb rh0,#0x00
96f0:  00000000           addb rh0,#0x00
96f4:  00000000           addb rh0,#0x00
96f8:  00000000           addb rh0,#0x00
96fc:  00000000           addb rh0,#0x00
9700:  00000000           addb rh0,#0x00
9704:  00000000           addb rh0,#0x00
9708:  00000000           addb rh0,#0x00
970c:  00000000           addb rh0,#0x00
9710:  00000000           addb rh0,#0x00
9714:  00000000           addb rh0,#0x00
9718:  00000000           addb rh0,#0x00
971c:  00000000           addb rh0,#0x00
9720:  00000000           addb rh0,#0x00
9724:  00000000           addb rh0,#0x00
9728:  00000000           addb rh0,#0x00
972c:  00000000           addb rh0,#0x00
9730:  00000000           addb rh0,#0x00
9734:  00000000           addb rh0,#0x00
9738:  00000000           addb rh0,#0x00
973c:  00000000           addb rh0,#0x00
9740:  00000000           addb rh0,#0x00
9744:  00000000           addb rh0,#0x00
9748:  00000000           addb rh0,#0x00
974c:  00000000           addb rh0,#0x00
9750:  00000000           addb rh0,#0x00
9754:  00000000           addb rh0,#0x00
9758:  00000000           addb rh0,#0x00
975c:  00000000           addb rh0,#0x00
9760:  00000000           addb rh0,#0x00
9764:  00000000           addb rh0,#0x00
9768:  00000000           addb rh0,#0x00
976c:  00000000           addb rh0,#0x00
9770:  00000000           addb rh0,#0x00
9774:  00000000           addb rh0,#0x00
9778:  00000000           addb rh0,#0x00
977c:  00000000           addb rh0,#0x00
9780:  00000000           addb rh0,#0x00
9784:  00000000           addb rh0,#0x00
9788:  00000000           addb rh0,#0x00
978c:  00000000           addb rh0,#0x00
9790:  00000000           addb rh0,#0x00
9794:  00000000           addb rh0,#0x00
9798:  00000000           addb rh0,#0x00
979c:  00000000           addb rh0,#0x00
97a0:  00000000           addb rh0,#0x00
97a4:  00000000           addb rh0,#0x00
97a8:  00000000           addb rh0,#0x00
97ac:  00000000           addb rh0,#0x00
97b0:  00000000           addb rh0,#0x00
97b4:  00000000           addb rh0,#0x00
97b8:  00000000           addb rh0,#0x00
97bc:  00000000           addb rh0,#0x00
97c0:  00000000           addb rh0,#0x00
97c4:  00000000           addb rh0,#0x00
97c8:  00000000           addb rh0,#0x00
97cc:  00000000           addb rh0,#0x00
97d0:  00000000           addb rh0,#0x00
97d4:  00000000           addb rh0,#0x00
97d8:  00000000           addb rh0,#0x00
97dc:  00000000           addb rh0,#0x00
97e0:  00000000           addb rh0,#0x00
97e4:  00000000           addb rh0,#0x00
97e8:  00000000           addb rh0,#0x00
97ec:  00000000           addb rh0,#0x00
97f0:  00000000           addb rh0,#0x00
97f4:  00000000           addb rh0,#0x00
97f8:  00000000           addb rh0,#0x00
97fc:  00000000           addb rh0,#0x00
9800:  00000000           addb rh0,#0x00
9804:  00000000           addb rh0,#0x00
9808:  00000000           addb rh0,#0x00
980c:  00000000           addb rh0,#0x00
9810:  00000000           addb rh0,#0x00
9814:  00000000           addb rh0,#0x00
9818:  00000000           addb rh0,#0x00
981c:  00000000           addb rh0,#0x00
9820:  00000000           addb rh0,#0x00
9824:  00000000           addb rh0,#0x00
9828:  00000000           addb rh0,#0x00
982c:  00000000           addb rh0,#0x00
9830:  00000000           addb rh0,#0x00
9834:  00000000           addb rh0,#0x00
9838:  00000000           addb rh0,#0x00
983c:  00000000           addb rh0,#0x00
9840:  00000000           addb rh0,#0x00
9844:  00000000           addb rh0,#0x00
9848:  00000000           addb rh0,#0x00
984c:  00000000           addb rh0,#0x00
9850:  00000000           addb rh0,#0x00
9854:  00000000           addb rh0,#0x00
9858:  00000000           addb rh0,#0x00
985c:  00000000           addb rh0,#0x00
9860:  00000000           addb rh0,#0x00
9864:  00000000           addb rh0,#0x00
9868:  00000000           addb rh0,#0x00
986c:  00000000           addb rh0,#0x00
9870:  00000000           addb rh0,#0x00
9874:  00000000           addb rh0,#0x00
9878:  00000000           addb rh0,#0x00
987c:  00000000           addb rh0,#0x00
9880:  00000000           addb rh0,#0x00
9884:  00000000           addb rh0,#0x00
9888:  00000000           addb rh0,#0x00
988c:  00000000           addb rh0,#0x00
9890:  00000000           addb rh0,#0x00
9894:  00000000           addb rh0,#0x00
9898:  00000000           addb rh0,#0x00
989c:  00000000           addb rh0,#0x00
98a0:  00000000           addb rh0,#0x00
98a4:  00000000           addb rh0,#0x00
98a8:  00000000           addb rh0,#0x00
98ac:  00000000           addb rh0,#0x00
98b0:  00000000           addb rh0,#0x00
98b4:  00000000           addb rh0,#0x00
98b8:  00000000           addb rh0,#0x00
98bc:  00000000           addb rh0,#0x00
98c0:  00000000           addb rh0,#0x00
98c4:  00000000           addb rh0,#0x00
98c8:  00000000           addb rh0,#0x00
98cc:  00000000           addb rh0,#0x00
98d0:  00000000           addb rh0,#0x00
98d4:  00000000           addb rh0,#0x00
98d8:  00000000           addb rh0,#0x00
98dc:  00000000           addb rh0,#0x00
98e0:  00000000           addb rh0,#0x00
98e4:  00000000           addb rh0,#0x00
98e8:  00000000           addb rh0,#0x00
98ec:  00000000           addb rh0,#0x00
98f0:  00000000           addb rh0,#0x00
98f4:  00000000           addb rh0,#0x00
98f8:  00000000           addb rh0,#0x00
98fc:  00000000           addb rh0,#0x00
9900:  00000000           addb rh0,#0x00
9904:  00000000           addb rh0,#0x00
9908:  00000000           addb rh0,#0x00
990c:  00000000           addb rh0,#0x00
9910:  00000000           addb rh0,#0x00
9914:  00000000           addb rh0,#0x00
9918:  00000000           addb rh0,#0x00
991c:  00000000           addb rh0,#0x00
9920:  00000000           addb rh0,#0x00
9924:  00000000           addb rh0,#0x00
9928:  00000000           addb rh0,#0x00
992c:  00000000           addb rh0,#0x00
9930:  00000000           addb rh0,#0x00
9934:  00000000           addb rh0,#0x00
9938:  00000000           addb rh0,#0x00
993c:  00000000           addb rh0,#0x00
9940:  00000000           addb rh0,#0x00
9944:  00000000           addb rh0,#0x00
9948:  00000000           addb rh0,#0x00
994c:  00000000           addb rh0,#0x00
9950:  00000000           addb rh0,#0x00
9954:  00000000           addb rh0,#0x00
9958:  00000000           addb rh0,#0x00
995c:  00000000           addb rh0,#0x00
9960:  00000000           addb rh0,#0x00
9964:  00000000           addb rh0,#0x00
9968:  00000000           addb rh0,#0x00
996c:  00000000           addb rh0,#0x00
9970:  00000000           addb rh0,#0x00
9974:  00000000           addb rh0,#0x00
9978:  00000000           addb rh0,#0x00
997c:  00000000           addb rh0,#0x00
9980:  00000000           addb rh0,#0x00
9984:  00000000           addb rh0,#0x00
9988:  00000000           addb rh0,#0x00
998c:  00000000           addb rh0,#0x00
9990:  00000000           addb rh0,#0x00
9994:  00000000           addb rh0,#0x00
9998:  00000000           addb rh0,#0x00
999c:  00000000           addb rh0,#0x00
99a0:  00000000           addb rh0,#0x00
99a4:  00000000           addb rh0,#0x00
99a8:  00000000           addb rh0,#0x00
99ac:  00000000           addb rh0,#0x00
99b0:  00000000           addb rh0,#0x00
99b4:  00000000           addb rh0,#0x00
99b8:  00000000           addb rh0,#0x00
99bc:  00000000           addb rh0,#0x00
99c0:  00000000           addb rh0,#0x00
99c4:  00000000           addb rh0,#0x00
99c8:  00000000           addb rh0,#0x00
99cc:  00000000           addb rh0,#0x00
99d0:  00000000           addb rh0,#0x00
99d4:  00000000           addb rh0,#0x00
99d8:  00000000           addb rh0,#0x00
99dc:  00000000           addb rh0,#0x00
99e0:  00000000           addb rh0,#0x00
99e4:  00000000           addb rh0,#0x00
99e8:  00000000           addb rh0,#0x00
99ec:  00000000           addb rh0,#0x00
99f0:  00000000           addb rh0,#0x00
99f4:  00000000           addb rh0,#0x00
99f8:  00000000           addb rh0,#0x00
99fc:  00000000           addb rh0,#0x00
9a00:  00000000           addb rh0,#0x00
9a04:  00000000           addb rh0,#0x00
9a08:  00000000           addb rh0,#0x00
9a0c:  00000000           addb rh0,#0x00
9a10:  00000000           addb rh0,#0x00
9a14:  00000000           addb rh0,#0x00
9a18:  00000000           addb rh0,#0x00
9a1c:  00000000           addb rh0,#0x00
9a20:  00000000           addb rh0,#0x00
9a24:  00000000           addb rh0,#0x00
9a28:  00000000           addb rh0,#0x00
9a2c:  00000000           addb rh0,#0x00
9a30:  00000000           addb rh0,#0x00
9a34:  00000000           addb rh0,#0x00
9a38:  00000000           addb rh0,#0x00
9a3c:  00000000           addb rh0,#0x00
9a40:  00000000           addb rh0,#0x00
9a44:  00000000           addb rh0,#0x00
9a48:  00000000           addb rh0,#0x00
9a4c:  00000000           addb rh0,#0x00
9a50:  00000000           addb rh0,#0x00
9a54:  00000000           addb rh0,#0x00
9a58:  00000000           addb rh0,#0x00
9a5c:  00000000           addb rh0,#0x00
9a60:  00000000           addb rh0,#0x00
9a64:  00000000           addb rh0,#0x00
9a68:  00000000           addb rh0,#0x00
9a6c:  00000000           addb rh0,#0x00
9a70:  00000000           addb rh0,#0x00
9a74:  00000000           addb rh0,#0x00
9a78:  00000000           addb rh0,#0x00
9a7c:  00000000           addb rh0,#0x00
9a80:  00000000           addb rh0,#0x00
9a84:  00000000           addb rh0,#0x00
9a88:  00000000           addb rh0,#0x00
9a8c:  00000000           addb rh0,#0x00
9a90:  00000000           addb rh0,#0x00
9a94:  00000000           addb rh0,#0x00
9a98:  00000000           addb rh0,#0x00
9a9c:  00000000           addb rh0,#0x00
9aa0:  00000000           addb rh0,#0x00
9aa4:  00000000           addb rh0,#0x00
9aa8:  00000000           addb rh0,#0x00
9aac:  00000000           addb rh0,#0x00
9ab0:  00000000           addb rh0,#0x00
9ab4:  00000000           addb rh0,#0x00
9ab8:  00000000           addb rh0,#0x00
9abc:  00000000           addb rh0,#0x00
9ac0:  00000000           addb rh0,#0x00
9ac4:  00000000           addb rh0,#0x00
9ac8:  00000000           addb rh0,#0x00
9acc:  00000000           addb rh0,#0x00
9ad0:  00000000           addb rh0,#0x00
9ad4:  00000000           addb rh0,#0x00
9ad8:  00000000           addb rh0,#0x00
9adc:  00000000           addb rh0,#0x00
9ae0:  00000000           addb rh0,#0x00
9ae4:  00000000           addb rh0,#0x00
9ae8:  00000000           addb rh0,#0x00
9aec:  00000000           addb rh0,#0x00
9af0:  00000000           addb rh0,#0x00
9af4:  00000000           addb rh0,#0x00
9af8:  00000000           addb rh0,#0x00
9afc:  00000000           addb rh0,#0x00
9b00:  00000000           addb rh0,#0x00
9b04:  00000000           addb rh0,#0x00
9b08:  00000000           addb rh0,#0x00
9b0c:  00000000           addb rh0,#0x00
9b10:  00000000           addb rh0,#0x00
9b14:  00000000           addb rh0,#0x00
9b18:  00000000           addb rh0,#0x00
9b1c:  00000000           addb rh0,#0x00
9b20:  00000000           addb rh0,#0x00
9b24:  00000000           addb rh0,#0x00
9b28:  00000000           addb rh0,#0x00
9b2c:  00000000           addb rh0,#0x00
9b30:  00000000           addb rh0,#0x00
9b34:  00000000           addb rh0,#0x00
9b38:  00000000           addb rh0,#0x00
9b3c:  00000000           addb rh0,#0x00
9b40:  00000000           addb rh0,#0x00
9b44:  00000000           addb rh0,#0x00
9b48:  00000000           addb rh0,#0x00
9b4c:  00000000           addb rh0,#0x00
9b50:  00000000           addb rh0,#0x00
9b54:  00000000           addb rh0,#0x00
9b58:  00000000           addb rh0,#0x00
9b5c:  00000000           addb rh0,#0x00
9b60:  00000000           addb rh0,#0x00
9b64:  00000000           addb rh0,#0x00
9b68:  00000000           addb rh0,#0x00
9b6c:  00000000           addb rh0,#0x00
9b70:  00000000           addb rh0,#0x00
9b74:  00000000           addb rh0,#0x00
9b78:  00000000           addb rh0,#0x00
9b7c:  00000000           addb rh0,#0x00
9b80:  00000000           addb rh0,#0x00
9b84:  00000000           addb rh0,#0x00
9b88:  00000000           addb rh0,#0x00
9b8c:  00000000           addb rh0,#0x00
9b90:  00000000           addb rh0,#0x00
9b94:  00000000           addb rh0,#0x00
9b98:  00000000           addb rh0,#0x00
9b9c:  00000000           addb rh0,#0x00
9ba0:  00000000           addb rh0,#0x00
9ba4:  00000000           addb rh0,#0x00
9ba8:  00000000           addb rh0,#0x00
9bac:  00000000           addb rh0,#0x00
9bb0:  00000000           addb rh0,#0x00
9bb4:  00000000           addb rh0,#0x00
9bb8:  00000000           addb rh0,#0x00
9bbc:  00000000           addb rh0,#0x00
9bc0:  00000000           addb rh0,#0x00
9bc4:  00000000           addb rh0,#0x00
9bc8:  00000000           addb rh0,#0x00
9bcc:  00000000           addb rh0,#0x00
9bd0:  00000000           addb rh0,#0x00
9bd4:  00000000           addb rh0,#0x00
9bd8:  00000000           addb rh0,#0x00
9bdc:  00000000           addb rh0,#0x00
9be0:  00000000           addb rh0,#0x00
9be4:  00000000           addb rh0,#0x00
9be8:  00000000           addb rh0,#0x00
9bec:  00000000           addb rh0,#0x00
9bf0:  00000000           addb rh0,#0x00
9bf4:  00000000           addb rh0,#0x00
9bf8:  00000000           addb rh0,#0x00
9bfc:  00000000           addb rh0,#0x00
9c00:  00000000           addb rh0,#0x00
9c04:  00000000           addb rh0,#0x00
9c08:  00000000           addb rh0,#0x00
9c0c:  00000000           addb rh0,#0x00
9c10:  00000000           addb rh0,#0x00
9c14:  00000000           addb rh0,#0x00
9c18:  00000000           addb rh0,#0x00
9c1c:  00000000           addb rh0,#0x00
9c20:  00000000           addb rh0,#0x00
9c24:  00000000           addb rh0,#0x00
9c28:  00000000           addb rh0,#0x00
9c2c:  00000000           addb rh0,#0x00
9c30:  00000000           addb rh0,#0x00
9c34:  00000000           addb rh0,#0x00
9c38:  00000000           addb rh0,#0x00
9c3c:  00000000           addb rh0,#0x00
9c40:  00000000           addb rh0,#0x00
9c44:  00000000           addb rh0,#0x00
9c48:  00000000           addb rh0,#0x00
9c4c:  00000000           addb rh0,#0x00
9c50:  00000000           addb rh0,#0x00
9c54:  00000000           addb rh0,#0x00
9c58:  00000000           addb rh0,#0x00
9c5c:  00000000           addb rh0,#0x00
9c60:  00000000           addb rh0,#0x00
9c64:  00000000           addb rh0,#0x00
9c68:  00000000           addb rh0,#0x00
9c6c:  00000000           addb rh0,#0x00
9c70:  00000000           addb rh0,#0x00
9c74:  00000000           addb rh0,#0x00
9c78:  00000000           addb rh0,#0x00
9c7c:  00000000           addb rh0,#0x00
9c80:  00000000           addb rh0,#0x00
9c84:  00000000           addb rh0,#0x00
9c88:  00000000           addb rh0,#0x00
9c8c:  00000000           addb rh0,#0x00
9c90:  00000000           addb rh0,#0x00
9c94:  00000000           addb rh0,#0x00
9c98:  00000000           addb rh0,#0x00
9c9c:  00000000           addb rh0,#0x00
9ca0:  00000000           addb rh0,#0x00
9ca4:  00000000           addb rh0,#0x00
9ca8:  00000000           addb rh0,#0x00
9cac:  00000000           addb rh0,#0x00
9cb0:  00000000           addb rh0,#0x00
9cb4:  00000000           addb rh0,#0x00
9cb8:  00000000           addb rh0,#0x00
9cbc:  00000000           addb rh0,#0x00
9cc0:  00000000           addb rh0,#0x00
9cc4:  00000000           addb rh0,#0x00
9cc8:  00000000           addb rh0,#0x00
9ccc:  00000000           addb rh0,#0x00
9cd0:  00000000           addb rh0,#0x00
9cd4:  00000000           addb rh0,#0x00
9cd8:  00000000           addb rh0,#0x00
9cdc:  00000000           addb rh0,#0x00
9ce0:  00000000           addb rh0,#0x00
9ce4:  00000000           addb rh0,#0x00
9ce8:  00000000           addb rh0,#0x00
9cec:  00000000           addb rh0,#0x00
9cf0:  00000000           addb rh0,#0x00
9cf4:  00000000           addb rh0,#0x00
9cf8:  00000000           addb rh0,#0x00
9cfc:  00000000           addb rh0,#0x00
9d00:  00000000           addb rh0,#0x00
9d04:  00000000           addb rh0,#0x00
9d08:  00000000           addb rh0,#0x00
9d0c:  00000000           addb rh0,#0x00
9d10:  00000000           addb rh0,#0x00
9d14:  00000000           addb rh0,#0x00
9d18:  00000000           addb rh0,#0x00
9d1c:  00000000           addb rh0,#0x00
9d20:  00000000           addb rh0,#0x00
9d24:  00000000           addb rh0,#0x00
9d28:  00000000           addb rh0,#0x00
9d2c:  00000000           addb rh0,#0x00
9d30:  00000000           addb rh0,#0x00
9d34:  00000000           addb rh0,#0x00
9d38:  00000000           addb rh0,#0x00
9d3c:  00000000           addb rh0,#0x00
9d40:  00000000           addb rh0,#0x00
9d44:  00000000           addb rh0,#0x00
9d48:  00000000           addb rh0,#0x00
9d4c:  00000000           addb rh0,#0x00
9d50:  00000000           addb rh0,#0x00
9d54:  00000000           addb rh0,#0x00
9d58:  00000000           addb rh0,#0x00
9d5c:  00000000           addb rh0,#0x00
9d60:  00000000           addb rh0,#0x00
9d64:  00000000           addb rh0,#0x00
9d68:  00000000           addb rh0,#0x00
9d6c:  00000000           addb rh0,#0x00
9d70:  00000000           addb rh0,#0x00
9d74:  00000000           addb rh0,#0x00
9d78:  00000000           addb rh0,#0x00
9d7c:  00000000           addb rh0,#0x00
9d80:  00000000           addb rh0,#0x00
9d84:  00000000           addb rh0,#0x00
9d88:  00000000           addb rh0,#0x00
9d8c:  00000000           addb rh0,#0x00
9d90:  00000000           addb rh0,#0x00
9d94:  00000000           addb rh0,#0x00
9d98:  00000000           addb rh0,#0x00
9d9c:  00000000           addb rh0,#0x00
9da0:  00000000           addb rh0,#0x00
9da4:  00000000           addb rh0,#0x00
9da8:  00000000           addb rh0,#0x00
9dac:  00000000           addb rh0,#0x00
9db0:  00000000           addb rh0,#0x00
9db4:  00000000           addb rh0,#0x00
9db8:  00000000           addb rh0,#0x00
9dbc:  00000000           addb rh0,#0x00
9dc0:  00000000           addb rh0,#0x00
9dc4:  00000000           addb rh0,#0x00
9dc8:  00000000           addb rh0,#0x00
9dcc:  00000000           addb rh0,#0x00
9dd0:  00000000           addb rh0,#0x00
9dd4:  00000000           addb rh0,#0x00
9dd8:  00000000           addb rh0,#0x00
9ddc:  00000000           addb rh0,#0x00
9de0:  00000000           addb rh0,#0x00
9de4:  00000000           addb rh0,#0x00
9de8:  00000000           addb rh0,#0x00
9dec:  00000000           addb rh0,#0x00
9df0:  00000000           addb rh0,#0x00
9df4:  00000000           addb rh0,#0x00
9df8:  00000000           addb rh0,#0x00
9dfc:  00000000           addb rh0,#0x00
9e00:  00000000           addb rh0,#0x00
9e04:  00000000           addb rh0,#0x00
9e08:  00000000           addb rh0,#0x00
9e0c:  00000000           addb rh0,#0x00
9e10:  00000000           addb rh0,#0x00
9e14:  00000000           addb rh0,#0x00
9e18:  00000000           addb rh0,#0x00
9e1c:  00000000           addb rh0,#0x00
9e20:  00000000           addb rh0,#0x00
9e24:  00000000           addb rh0,#0x00
9e28:  00000000           addb rh0,#0x00
9e2c:  00000000           addb rh0,#0x00
9e30:  00000000           addb rh0,#0x00
9e34:  00000000           addb rh0,#0x00
9e38:  00000000           addb rh0,#0x00
9e3c:  00000000           addb rh0,#0x00
9e40:  00000000           addb rh0,#0x00
9e44:  00000000           addb rh0,#0x00
9e48:  00000000           addb rh0,#0x00
9e4c:  00000000           addb rh0,#0x00
9e50:  00000000           addb rh0,#0x00
9e54:  00000000           addb rh0,#0x00
9e58:  00000000           addb rh0,#0x00
9e5c:  00000000           addb rh0,#0x00
9e60:  00000000           addb rh0,#0x00
9e64:  00000000           addb rh0,#0x00
9e68:  00000000           addb rh0,#0x00
9e6c:  00000000           addb rh0,#0x00
9e70:  00000000           addb rh0,#0x00
9e74:  00000000           addb rh0,#0x00
9e78:  00000000           addb rh0,#0x00
9e7c:  00000000           addb rh0,#0x00
9e80:  00000000           addb rh0,#0x00
9e84:  00000000           addb rh0,#0x00
9e88:  00000000           addb rh0,#0x00
9e8c:  00000000           addb rh0,#0x00
9e90:  00000000           addb rh0,#0x00
9e94:  00000000           addb rh0,#0x00
9e98:  00000000           addb rh0,#0x00
9e9c:  00000000           addb rh0,#0x00
9ea0:  00000000           addb rh0,#0x00
9ea4:  00000000           addb rh0,#0x00
9ea8:  00000000           addb rh0,#0x00
9eac:  00000000           addb rh0,#0x00
9eb0:  00000000           addb rh0,#0x00
9eb4:  00000000           addb rh0,#0x00
9eb8:  00000000           addb rh0,#0x00
9ebc:  00000000           addb rh0,#0x00
9ec0:  00000000           addb rh0,#0x00
9ec4:  00000000           addb rh0,#0x00
9ec8:  00000000           addb rh0,#0x00
9ecc:  00000000           addb rh0,#0x00
9ed0:  00000000           addb rh0,#0x00
9ed4:  00000000           addb rh0,#0x00
9ed8:  00000000           addb rh0,#0x00
9edc:  00000000           addb rh0,#0x00
9ee0:  00000000           addb rh0,#0x00
9ee4:  00000000           addb rh0,#0x00
9ee8:  00000000           addb rh0,#0x00
9eec:  00000000           addb rh0,#0x00
9ef0:  00000000           addb rh0,#0x00
9ef4:  00000000           addb rh0,#0x00
9ef8:  00000000           addb rh0,#0x00
9efc:  00000000           addb rh0,#0x00
9f00:  00000000           addb rh0,#0x00
9f04:  00000000           addb rh0,#0x00
9f08:  00000000           addb rh0,#0x00
9f0c:  00000000           addb rh0,#0x00
9f10:  00000000           addb rh0,#0x00
9f14:  00000000           addb rh0,#0x00
9f18:  00000000           addb rh0,#0x00
9f1c:  00000000           addb rh0,#0x00
9f20:  00000000           addb rh0,#0x00
9f24:  00000000           addb rh0,#0x00
9f28:  00000000           addb rh0,#0x00
9f2c:  00000000           addb rh0,#0x00
9f30:  00000000           addb rh0,#0x00
9f34:  00000000           addb rh0,#0x00
9f38:  00000000           addb rh0,#0x00
9f3c:  00000000           addb rh0,#0x00
9f40:  00000000           addb rh0,#0x00
9f44:  00000000           addb rh0,#0x00
9f48:  00000000           addb rh0,#0x00
9f4c:  00000000           addb rh0,#0x00
9f50:  00000000           addb rh0,#0x00
9f54:  00000000           addb rh0,#0x00
9f58:  00000000           addb rh0,#0x00
9f5c:  00000000           addb rh0,#0x00
9f60:  00000000           addb rh0,#0x00
9f64:  00000000           addb rh0,#0x00
9f68:  00000000           addb rh0,#0x00
9f6c:  00000000           addb rh0,#0x00
9f70:  00000000           addb rh0,#0x00
9f74:  00000000           addb rh0,#0x00
9f78:  00000000           addb rh0,#0x00
9f7c:  00000000           addb rh0,#0x00
9f80:  00000000           addb rh0,#0x00
9f84:  00000000           addb rh0,#0x00
9f88:  00000000           addb rh0,#0x00
9f8c:  00000000           addb rh0,#0x00
9f90:  00000000           addb rh0,#0x00
9f94:  00000000           addb rh0,#0x00
9f98:  00000000           addb rh0,#0x00
9f9c:  00000000           addb rh0,#0x00
9fa0:  00000000           addb rh0,#0x00
9fa4:  00000000           addb rh0,#0x00
9fa8:  00000000           addb rh0,#0x00
9fac:  00000000           addb rh0,#0x00
9fb0:  00000000           addb rh0,#0x00
9fb4:  00000000           addb rh0,#0x00
9fb8:  00000000           addb rh0,#0x00
9fbc:  00000000           addb rh0,#0x00
9fc0:  00000000           addb rh0,#0x00
9fc4:  00000000           addb rh0,#0x00
9fc8:  00000000           addb rh0,#0x00
9fcc:  00000000           addb rh0,#0x00
9fd0:  00000000           addb rh0,#0x00
9fd4:  00000000           addb rh0,#0x00
9fd8:  00000000           addb rh0,#0x00
9fdc:  00000000           addb rh0,#0x00
9fe0:  00000000           addb rh0,#0x00
9fe4:  00000000           addb rh0,#0x00
9fe8:  00000000           addb rh0,#0x00
9fec:  00000000           addb rh0,#0x00
9ff0:  00000000           addb rh0,#0x00
9ff4:  00000000           addb rh0,#0x00
9ff8:  00000000           addb rh0,#0x00
9ffc:  00000000           addb rh0,#0x00
a000:  00000000           addb rh0,#0x00
a004:  00000000           addb rh0,#0x00
a008:  00000000           addb rh0,#0x00
a00c:  00000000           addb rh0,#0x00
a010:  00000000           addb rh0,#0x00
a014:  00000000           addb rh0,#0x00
a018:  00000000           addb rh0,#0x00
a01c:  00000000           addb rh0,#0x00
a020:  00000000           addb rh0,#0x00
a024:  00000000           addb rh0,#0x00
a028:  00000000           addb rh0,#0x00
a02c:  00000000           addb rh0,#0x00
a030:  00000000           addb rh0,#0x00
a034:  00000000           addb rh0,#0x00
a038:  00000000           addb rh0,#0x00
a03c:  00000000           addb rh0,#0x00
a040:  00000000           addb rh0,#0x00
a044:  00000000           addb rh0,#0x00
a048:  00000000           addb rh0,#0x00
a04c:  00000000           addb rh0,#0x00
a050:  00000000           addb rh0,#0x00
a054:  00000000           addb rh0,#0x00
a058:  00000000           addb rh0,#0x00
a05c:  00000000           addb rh0,#0x00
a060:  00000000           addb rh0,#0x00
a064:  00000000           addb rh0,#0x00
a068:  00000000           addb rh0,#0x00
a06c:  00000000           addb rh0,#0x00
a070:  00000000           addb rh0,#0x00
a074:  00000000           addb rh0,#0x00
a078:  00000000           addb rh0,#0x00
a07c:  00000000           addb rh0,#0x00
a080:  00000000           addb rh0,#0x00
a084:  00000000           addb rh0,#0x00
a088:  00000000           addb rh0,#0x00
a08c:  00000000           addb rh0,#0x00
a090:  00000000           addb rh0,#0x00
a094:  00000000           addb rh0,#0x00
a098:  00000000           addb rh0,#0x00
a09c:  00000000           addb rh0,#0x00
a0a0:  00000000           addb rh0,#0x00
a0a4:  00000000           addb rh0,#0x00
a0a8:  00000000           addb rh0,#0x00
a0ac:  00000000           addb rh0,#0x00
a0b0:  00000000           addb rh0,#0x00
a0b4:  00000000           addb rh0,#0x00
a0b8:  00000000           addb rh0,#0x00
a0bc:  00000000           addb rh0,#0x00
a0c0:  00000000           addb rh0,#0x00
a0c4:  00000000           addb rh0,#0x00
a0c8:  00000000           addb rh0,#0x00
a0cc:  00000000           addb rh0,#0x00
a0d0:  00000000           addb rh0,#0x00
a0d4:  00000000           addb rh0,#0x00
a0d8:  00000000           addb rh0,#0x00
a0dc:  00000000           addb rh0,#0x00
a0e0:  00000000           addb rh0,#0x00
a0e4:  00000000           addb rh0,#0x00
a0e8:  00000000           addb rh0,#0x00
a0ec:  00000000           addb rh0,#0x00
a0f0:  00000000           addb rh0,#0x00
a0f4:  00000000           addb rh0,#0x00
a0f8:  00000000           addb rh0,#0x00
a0fc:  00000000           addb rh0,#0x00
a100:  00000000           addb rh0,#0x00
a104:  00000000           addb rh0,#0x00
a108:  00000000           addb rh0,#0x00
a10c:  00000000           addb rh0,#0x00
a110:  00000000           addb rh0,#0x00
a114:  00000000           addb rh0,#0x00
a118:  00000000           addb rh0,#0x00
a11c:  00000000           addb rh0,#0x00
a120:  00000000           addb rh0,#0x00
a124:  00000000           addb rh0,#0x00
a128:  00000000           addb rh0,#0x00
a12c:  00000000           addb rh0,#0x00
a130:  00000000           addb rh0,#0x00
a134:  00000000           addb rh0,#0x00
a138:  00000000           addb rh0,#0x00
a13c:  00000000           addb rh0,#0x00
a140:  00000000           addb rh0,#0x00
a144:  00000000           addb rh0,#0x00
a148:  00000000           addb rh0,#0x00
a14c:  00000000           addb rh0,#0x00
a150:  00000000           addb rh0,#0x00
a154:  00000000           addb rh0,#0x00
a158:  00000000           addb rh0,#0x00
a15c:  00000000           addb rh0,#0x00
a160:  00000000           addb rh0,#0x00
a164:  00000000           addb rh0,#0x00
a168:  00000000           addb rh0,#0x00
a16c:  00000000           addb rh0,#0x00
a170:  00000000           addb rh0,#0x00
a174:  00000000           addb rh0,#0x00
a178:  00000000           addb rh0,#0x00
a17c:  00000000           addb rh0,#0x00
a180:  00000000           addb rh0,#0x00
a184:  00000000           addb rh0,#0x00
a188:  00000000           addb rh0,#0x00
a18c:  00000000           addb rh0,#0x00
a190:  00000000           addb rh0,#0x00
a194:  00000000           addb rh0,#0x00
a198:  00000000           addb rh0,#0x00
a19c:  00000000           addb rh0,#0x00
a1a0:  00000000           addb rh0,#0x00
a1a4:  00000000           addb rh0,#0x00
a1a8:  00000000           addb rh0,#0x00
a1ac:  00000000           addb rh0,#0x00
a1b0:  00000000           addb rh0,#0x00
a1b4:  00000000           addb rh0,#0x00
a1b8:  00000000           addb rh0,#0x00
a1bc:  00000000           addb rh0,#0x00
a1c0:  00000000           addb rh0,#0x00
a1c4:  00000000           addb rh0,#0x00
a1c8:  00000000           addb rh0,#0x00
a1cc:  00000000           addb rh0,#0x00
a1d0:  00000000           addb rh0,#0x00
a1d4:  00000000           addb rh0,#0x00
a1d8:  00000000           addb rh0,#0x00
a1dc:  00000000           addb rh0,#0x00
a1e0:  00000000           addb rh0,#0x00
a1e4:  00000000           addb rh0,#0x00
a1e8:  00000000           addb rh0,#0x00
a1ec:  00000000           addb rh0,#0x00
a1f0:  00000000           addb rh0,#0x00
a1f4:  00000000           addb rh0,#0x00
a1f8:  00000000           addb rh0,#0x00
a1fc:  00000000           addb rh0,#0x00
a200:  00000000           addb rh0,#0x00
a204:  00000000           addb rh0,#0x00
a208:  00000000           addb rh0,#0x00
a20c:  00000000           addb rh0,#0x00
a210:  00000000           addb rh0,#0x00
a214:  00000000           addb rh0,#0x00
a218:  00000000           addb rh0,#0x00
a21c:  00000000           addb rh0,#0x00
a220:  00000000           addb rh0,#0x00
a224:  00000000           addb rh0,#0x00
a228:  00000000           addb rh0,#0x00
a22c:  00000000           addb rh0,#0x00
a230:  00000000           addb rh0,#0x00
a234:  00000000           addb rh0,#0x00
a238:  00000000           addb rh0,#0x00
a23c:  00000000           addb rh0,#0x00
a240:  00000000           addb rh0,#0x00
a244:  00000000           addb rh0,#0x00
a248:  00000000           addb rh0,#0x00
a24c:  00000000           addb rh0,#0x00
a250:  00000000           addb rh0,#0x00
a254:  00000000           addb rh0,#0x00
a258:  00000000           addb rh0,#0x00
a25c:  00000000           addb rh0,#0x00
a260:  00000000           addb rh0,#0x00
a264:  00000000           addb rh0,#0x00
a268:  00000000           addb rh0,#0x00
a26c:  00000000           addb rh0,#0x00
a270:  00000000           addb rh0,#0x00
a274:  00000000           addb rh0,#0x00
a278:  00000000           addb rh0,#0x00
a27c:  00000000           addb rh0,#0x00
a280:  00000000           addb rh0,#0x00
a284:  00000000           addb rh0,#0x00
a288:  00000000           addb rh0,#0x00
a28c:  00000000           addb rh0,#0x00
a290:  00000000           addb rh0,#0x00
a294:  00000000           addb rh0,#0x00
a298:  00000000           addb rh0,#0x00
a29c:  00000000           addb rh0,#0x00
a2a0:  00000000           addb rh0,#0x00
a2a4:  00000000           addb rh0,#0x00
a2a8:  00000000           addb rh0,#0x00
a2ac:  00000000           addb rh0,#0x00
a2b0:  00000000           addb rh0,#0x00
a2b4:  00000000           addb rh0,#0x00
a2b8:  00000000           addb rh0,#0x00
a2bc:  00000000           addb rh0,#0x00
a2c0:  00000000           addb rh0,#0x00
a2c4:  00000000           addb rh0,#0x00
a2c8:  00000000           addb rh0,#0x00
a2cc:  00000000           addb rh0,#0x00
a2d0:  00000000           addb rh0,#0x00
a2d4:  00000000           addb rh0,#0x00
a2d8:  00000000           addb rh0,#0x00
a2dc:  00000000           addb rh0,#0x00
a2e0:  00000000           addb rh0,#0x00
a2e4:  00000000           addb rh0,#0x00
a2e8:  00000000           addb rh0,#0x00
a2ec:  00000000           addb rh0,#0x00
a2f0:  00000000           addb rh0,#0x00
a2f4:  00000000           addb rh0,#0x00
a2f8:  00000000           addb rh0,#0x00
a2fc:  00000000           addb rh0,#0x00
a300:  00000000           addb rh0,#0x00
a304:  00000000           addb rh0,#0x00
a308:  00000000           addb rh0,#0x00
a30c:  00000000           addb rh0,#0x00
a310:  00000000           addb rh0,#0x00
a314:  00000000           addb rh0,#0x00
a318:  00000000           addb rh0,#0x00
a31c:  00000000           addb rh0,#0x00
a320:  00000000           addb rh0,#0x00
a324:  00000000           addb rh0,#0x00
a328:  00000000           addb rh0,#0x00
a32c:  00000000           addb rh0,#0x00
a330:  00000000           addb rh0,#0x00
a334:  00000000           addb rh0,#0x00
a338:  00000000           addb rh0,#0x00
a33c:  00000000           addb rh0,#0x00
a340:  00000000           addb rh0,#0x00
a344:  00000000           addb rh0,#0x00
a348:  00000000           addb rh0,#0x00
a34c:  00000000           addb rh0,#0x00
a350:  00000000           addb rh0,#0x00
a354:  00000000           addb rh0,#0x00
a358:  00000000           addb rh0,#0x00
a35c:  00000000           addb rh0,#0x00
a360:  00000000           addb rh0,#0x00
a364:  00000000           addb rh0,#0x00
a368:  00000000           addb rh0,#0x00
a36c:  00000000           addb rh0,#0x00
a370:  00000000           addb rh0,#0x00
a374:  00000000           addb rh0,#0x00
a378:  00000000           addb rh0,#0x00
a37c:  00000000           addb rh0,#0x00
a380:  00000000           addb rh0,#0x00
a384:  00000000           addb rh0,#0x00
a388:  00000000           addb rh0,#0x00
a38c:  00000000           addb rh0,#0x00
a390:  00000000           addb rh0,#0x00
a394:  00000000           addb rh0,#0x00
a398:  00000000           addb rh0,#0x00
a39c:  00000000           addb rh0,#0x00
a3a0:  00000000           addb rh0,#0x00
a3a4:  00000000           addb rh0,#0x00
a3a8:  00000000           addb rh0,#0x00
a3ac:  00000000           addb rh0,#0x00
a3b0:  00000000           addb rh0,#0x00
a3b4:  00000000           addb rh0,#0x00
a3b8:  00000000           addb rh0,#0x00
a3bc:  00000000           addb rh0,#0x00
a3c0:  00000000           addb rh0,#0x00
a3c4:  00000000           addb rh0,#0x00
a3c8:  00000000           addb rh0,#0x00
a3cc:  00000000           addb rh0,#0x00
a3d0:  00000000           addb rh0,#0x00
a3d4:  00000000           addb rh0,#0x00
a3d8:  00000000           addb rh0,#0x00
a3dc:  00000000           addb rh0,#0x00
a3e0:  00000000           addb rh0,#0x00
a3e4:  00000000           addb rh0,#0x00
a3e8:  00000000           addb rh0,#0x00
a3ec:  00000000           addb rh0,#0x00
a3f0:  00000000           addb rh0,#0x00
a3f4:  00000000           addb rh0,#0x00
a3f8:  00000000           addb rh0,#0x00
a3fc:  00000000           addb rh0,#0x00
a400:  00000000           addb rh0,#0x00
a404:  00000000           addb rh0,#0x00
a408:  00000000           addb rh0,#0x00
a40c:  00000000           addb rh0,#0x00
a410:  00000000           addb rh0,#0x00
a414:  00000000           addb rh0,#0x00
a418:  00000000           addb rh0,#0x00
a41c:  00000000           addb rh0,#0x00
a420:  00000000           addb rh0,#0x00
a424:  00000000           addb rh0,#0x00
a428:  00000000           addb rh0,#0x00
a42c:  00000000           addb rh0,#0x00
a430:  00000000           addb rh0,#0x00
a434:  00000000           addb rh0,#0x00
a438:  00000000           addb rh0,#0x00
a43c:  00000000           addb rh0,#0x00
a440:  00000000           addb rh0,#0x00
a444:  00000000           addb rh0,#0x00
a448:  00000000           addb rh0,#0x00
a44c:  00000000           addb rh0,#0x00
a450:  00000000           addb rh0,#0x00
a454:  00000000           addb rh0,#0x00
a458:  00000000           addb rh0,#0x00
a45c:  00000000           addb rh0,#0x00
a460:  00000000           addb rh0,#0x00
a464:  00000000           addb rh0,#0x00
a468:  00000000           addb rh0,#0x00
a46c:  00000000           addb rh0,#0x00
a470:  00000000           addb rh0,#0x00
a474:  00000000           addb rh0,#0x00
a478:  00000000           addb rh0,#0x00
a47c:  00000000           addb rh0,#0x00
a480:  00000000           addb rh0,#0x00
a484:  00000000           addb rh0,#0x00
a488:  00000000           addb rh0,#0x00
a48c:  00000000           addb rh0,#0x00
a490:  00000000           addb rh0,#0x00
a494:  00000000           addb rh0,#0x00
a498:  00000000           addb rh0,#0x00
a49c:  00000000           addb rh0,#0x00
a4a0:  00000000           addb rh0,#0x00
a4a4:  00000000           addb rh0,#0x00
a4a8:  00000000           addb rh0,#0x00
a4ac:  00000000           addb rh0,#0x00
a4b0:  00000000           addb rh0,#0x00
a4b4:  00000000           addb rh0,#0x00
a4b8:  00000000           addb rh0,#0x00
a4bc:  00000000           addb rh0,#0x00
a4c0:  00000000           addb rh0,#0x00
a4c4:  00000000           addb rh0,#0x00
a4c8:  00000000           addb rh0,#0x00
a4cc:  00000000           addb rh0,#0x00
a4d0:  00000000           addb rh0,#0x00
a4d4:  00000000           addb rh0,#0x00
a4d8:  00000000           addb rh0,#0x00
a4dc:  00000000           addb rh0,#0x00
a4e0:  00000000           addb rh0,#0x00
a4e4:  00000000           addb rh0,#0x00
a4e8:  00000000           addb rh0,#0x00
a4ec:  00000000           addb rh0,#0x00
a4f0:  00000000           addb rh0,#0x00
a4f4:  00000000           addb rh0,#0x00
a4f8:  00000000           addb rh0,#0x00
a4fc:  00000000           addb rh0,#0x00
a500:  00000000           addb rh0,#0x00
a504:  00000000           addb rh0,#0x00
a508:  00000000           addb rh0,#0x00
a50c:  00000000           addb rh0,#0x00
a510:  00000000           addb rh0,#0x00
a514:  00000000           addb rh0,#0x00
a518:  00000000           addb rh0,#0x00
a51c:  00000000           addb rh0,#0x00
a520:  00000000           addb rh0,#0x00
a524:  00000000           addb rh0,#0x00
a528:  00000000           addb rh0,#0x00
a52c:  00000000           addb rh0,#0x00
a530:  00000000           addb rh0,#0x00
a534:  00000000           addb rh0,#0x00
a538:  00000000           addb rh0,#0x00
a53c:  00000000           addb rh0,#0x00
a540:  00000000           addb rh0,#0x00
a544:  00000000           addb rh0,#0x00
a548:  00000000           addb rh0,#0x00
a54c:  00000000           addb rh0,#0x00
a550:  00000000           addb rh0,#0x00
a554:  00000000           addb rh0,#0x00
a558:  00000000           addb rh0,#0x00
a55c:  00000000           addb rh0,#0x00
a560:  00000000           addb rh0,#0x00
a564:  00000000           addb rh0,#0x00
a568:  00000000           addb rh0,#0x00
a56c:  00000000           addb rh0,#0x00
a570:  00000000           addb rh0,#0x00
a574:  00000000           addb rh0,#0x00
a578:  00000000           addb rh0,#0x00
a57c:  00000000           addb rh0,#0x00
a580:  00000000           addb rh0,#0x00
a584:  00000000           addb rh0,#0x00
a588:  00000000           addb rh0,#0x00
a58c:  00000000           addb rh0,#0x00
a590:  00000000           addb rh0,#0x00
a594:  00000000           addb rh0,#0x00
a598:  00000000           addb rh0,#0x00
a59c:  00000000           addb rh0,#0x00
a5a0:  00000000           addb rh0,#0x00
a5a4:  00000000           addb rh0,#0x00
a5a8:  00000000           addb rh0,#0x00
a5ac:  00000000           addb rh0,#0x00
a5b0:  00000000           addb rh0,#0x00
a5b4:  00000000           addb rh0,#0x00
a5b8:  00000000           addb rh0,#0x00
a5bc:  00000000           addb rh0,#0x00
a5c0:  00000000           addb rh0,#0x00
a5c4:  00000000           addb rh0,#0x00
a5c8:  00000000           addb rh0,#0x00
a5cc:  00000000           addb rh0,#0x00
a5d0:  00000000           addb rh0,#0x00
a5d4:  00000000           addb rh0,#0x00
a5d8:  00000000           addb rh0,#0x00
a5dc:  00000000           addb rh0,#0x00
a5e0:  00000000           addb rh0,#0x00
a5e4:  00000000           addb rh0,#0x00
a5e8:  00000000           addb rh0,#0x00
a5ec:  00000000           addb rh0,#0x00
a5f0:  00000000           addb rh0,#0x00
a5f4:  00000000           addb rh0,#0x00
a5f8:  00000000           addb rh0,#0x00
a5fc:  00000000           addb rh0,#0x00
a600:  00000000           addb rh0,#0x00
a604:  00000000           addb rh0,#0x00
a608:  00000000           addb rh0,#0x00
a60c:  00000000           addb rh0,#0x00
a610:  00000000           addb rh0,#0x00
a614:  00000000           addb rh0,#0x00
a618:  00000000           addb rh0,#0x00
a61c:  00000000           addb rh0,#0x00
a620:  00000000           addb rh0,#0x00
a624:  00000000           addb rh0,#0x00
a628:  00000000           addb rh0,#0x00
a62c:  00000000           addb rh0,#0x00
a630:  00000000           addb rh0,#0x00
a634:  00000000           addb rh0,#0x00
a638:  00000000           addb rh0,#0x00
a63c:  00000000           addb rh0,#0x00
a640:  00000000           addb rh0,#0x00
a644:  00000000           addb rh0,#0x00
a648:  00000000           addb rh0,#0x00
a64c:  00000000           addb rh0,#0x00
a650:  00000000           addb rh0,#0x00
a654:  00000000           addb rh0,#0x00
a658:  00000000           addb rh0,#0x00
a65c:  00000000           addb rh0,#0x00
a660:  00000000           addb rh0,#0x00
a664:  00000000           addb rh0,#0x00
a668:  00000000           addb rh0,#0x00
a66c:  00000000           addb rh0,#0x00
a670:  00000000           addb rh0,#0x00
a674:  00000000           addb rh0,#0x00
a678:  00000000           addb rh0,#0x00
a67c:  00000000           addb rh0,#0x00
a680:  00000000           addb rh0,#0x00
a684:  00000000           addb rh0,#0x00
a688:  00000000           addb rh0,#0x00
a68c:  00000000           addb rh0,#0x00
a690:  00000000           addb rh0,#0x00
a694:  00000000           addb rh0,#0x00
a698:  00000000           addb rh0,#0x00
a69c:  00000000           addb rh0,#0x00
a6a0:  00000000           addb rh0,#0x00
a6a4:  00000000           addb rh0,#0x00
a6a8:  00000000           addb rh0,#0x00
a6ac:  00000000           addb rh0,#0x00
a6b0:  00000000           addb rh0,#0x00
a6b4:  00000000           addb rh0,#0x00
a6b8:  00000000           addb rh0,#0x00
a6bc:  00000000           addb rh0,#0x00
a6c0:  00000000           addb rh0,#0x00
a6c4:  00000000           addb rh0,#0x00
a6c8:  00000000           addb rh0,#0x00
a6cc:  00000000           addb rh0,#0x00
a6d0:  00000000           addb rh0,#0x00
a6d4:  00000000           addb rh0,#0x00
a6d8:  00000000           addb rh0,#0x00
a6dc:  00000000           addb rh0,#0x00
a6e0:  00000000           addb rh0,#0x00
a6e4:  00000000           addb rh0,#0x00
a6e8:  00000000           addb rh0,#0x00
a6ec:  00000000           addb rh0,#0x00
a6f0:  00000000           addb rh0,#0x00
a6f4:  00000000           addb rh0,#0x00
a6f8:  00000000           addb rh0,#0x00
a6fc:  00000000           addb rh0,#0x00
a700:  00000000           addb rh0,#0x00
a704:  00000000           addb rh0,#0x00
a708:  00000000           addb rh0,#0x00
a70c:  00000000           addb rh0,#0x00
a710:  00000000           addb rh0,#0x00
a714:  00000000           addb rh0,#0x00
a718:  00000000           addb rh0,#0x00
a71c:  00000000           addb rh0,#0x00
a720:  00000000           addb rh0,#0x00
a724:  00000000           addb rh0,#0x00
a728:  00000000           addb rh0,#0x00
a72c:  00000000           addb rh0,#0x00
a730:  00000000           addb rh0,#0x00
a734:  00000000           addb rh0,#0x00
a738:  00000000           addb rh0,#0x00
a73c:  00000000           addb rh0,#0x00
a740:  00000000           addb rh0,#0x00
a744:  00000000           addb rh0,#0x00
a748:  00000000           addb rh0,#0x00
a74c:  00000000           addb rh0,#0x00
a750:  00000000           addb rh0,#0x00
a754:  00000000           addb rh0,#0x00
a758:  00000000           addb rh0,#0x00
a75c:  00000000           addb rh0,#0x00
a760:  00000000           addb rh0,#0x00
a764:  00000000           addb rh0,#0x00
a768:  00000000           addb rh0,#0x00
a76c:  00000000           addb rh0,#0x00
a770:  00000000           addb rh0,#0x00
a774:  00000000           addb rh0,#0x00
a778:  00000000           addb rh0,#0x00
a77c:  00000000           addb rh0,#0x00
a780:  00000000           addb rh0,#0x00
a784:  00000000           addb rh0,#0x00
a788:  00000000           addb rh0,#0x00
a78c:  00000000           addb rh0,#0x00
a790:  00000000           addb rh0,#0x00
a794:  00000000           addb rh0,#0x00
a798:  00000000           addb rh0,#0x00
a79c:  00000000           addb rh0,#0x00
a7a0:  00000000           addb rh0,#0x00
a7a4:  00000000           addb rh0,#0x00
a7a8:  00000000           addb rh0,#0x00
a7ac:  00000000           addb rh0,#0x00
a7b0:  00000000           addb rh0,#0x00
a7b4:  00000000           addb rh0,#0x00
a7b8:  00000000           addb rh0,#0x00
a7bc:  00000000           addb rh0,#0x00
a7c0:  00000000           addb rh0,#0x00
a7c4:  00000000           addb rh0,#0x00
a7c8:  00000000           addb rh0,#0x00
a7cc:  00000000           addb rh0,#0x00
a7d0:  00000000           addb rh0,#0x00
a7d4:  00000000           addb rh0,#0x00
a7d8:  00000000           addb rh0,#0x00
a7dc:  00000000           addb rh0,#0x00
a7e0:  00000000           addb rh0,#0x00
a7e4:  00000000           addb rh0,#0x00
a7e8:  00000000           addb rh0,#0x00
a7ec:  00000000           addb rh0,#0x00
a7f0:  00000000           addb rh0,#0x00
a7f4:  00000000           addb rh0,#0x00
a7f8:  00000000           addb rh0,#0x00
a7fc:  00000000           addb rh0,#0x00
a800:  00000000           addb rh0,#0x00
a804:  00000000           addb rh0,#0x00
a808:  00000000           addb rh0,#0x00
a80c:  00000000           addb rh0,#0x00
a810:  00000000           addb rh0,#0x00
a814:  00000000           addb rh0,#0x00
a818:  00000000           addb rh0,#0x00
a81c:  00000000           addb rh0,#0x00
a820:  00000000           addb rh0,#0x00
a824:  00000000           addb rh0,#0x00
a828:  00000000           addb rh0,#0x00
a82c:  00000000           addb rh0,#0x00
a830:  00000000           addb rh0,#0x00
a834:  00000000           addb rh0,#0x00
a838:  00000000           addb rh0,#0x00
a83c:  00000000           addb rh0,#0x00
a840:  00000000           addb rh0,#0x00
a844:  00000000           addb rh0,#0x00
a848:  00000000           addb rh0,#0x00
a84c:  00000000           addb rh0,#0x00
a850:  00000000           addb rh0,#0x00
a854:  00000000           addb rh0,#0x00
a858:  00000000           addb rh0,#0x00
a85c:  00000000           addb rh0,#0x00
a860:  00000000           addb rh0,#0x00
a864:  00000000           addb rh0,#0x00
a868:  00000000           addb rh0,#0x00
a86c:  00000000           addb rh0,#0x00
a870:  00000000           addb rh0,#0x00
a874:  00000000           addb rh0,#0x00
a878:  00000000           addb rh0,#0x00
a87c:  00000000           addb rh0,#0x00
a880:  00000000           addb rh0,#0x00
a884:  00000000           addb rh0,#0x00
a888:  00000000           addb rh0,#0x00
a88c:  00000000           addb rh0,#0x00
a890:  00000000           addb rh0,#0x00
a894:  00000000           addb rh0,#0x00
a898:  00000000           addb rh0,#0x00
a89c:  00000000           addb rh0,#0x00
a8a0:  00000000           addb rh0,#0x00
a8a4:  00000000           addb rh0,#0x00
a8a8:  00000000           addb rh0,#0x00
a8ac:  00000000           addb rh0,#0x00
a8b0:  00000000           addb rh0,#0x00
a8b4:  00000000           addb rh0,#0x00
a8b8:  00000000           addb rh0,#0x00
a8bc:  00000000           addb rh0,#0x00
a8c0:  00000000           addb rh0,#0x00
a8c4:  00000000           addb rh0,#0x00
a8c8:  00000000           addb rh0,#0x00
a8cc:  00000000           addb rh0,#0x00
a8d0:  00000000           addb rh0,#0x00
a8d4:  00000000           addb rh0,#0x00
a8d8:  00000000           addb rh0,#0x00
a8dc:  00000000           addb rh0,#0x00
a8e0:  00000000           addb rh0,#0x00
a8e4:  00000000           addb rh0,#0x00
a8e8:  00000000           addb rh0,#0x00
a8ec:  00000000           addb rh0,#0x00
a8f0:  00000000           addb rh0,#0x00
a8f4:  00000000           addb rh0,#0x00
a8f8:  00000000           addb rh0,#0x00
a8fc:  00000000           addb rh0,#0x00
a900:  00000000           addb rh0,#0x00
a904:  00000000           addb rh0,#0x00
a908:  00000000           addb rh0,#0x00
a90c:  00000000           addb rh0,#0x00
a910:  00000000           addb rh0,#0x00
a914:  00000000           addb rh0,#0x00
a918:  00000000           addb rh0,#0x00
a91c:  00000000           addb rh0,#0x00
a920:  00000000           addb rh0,#0x00
a924:  00000000           addb rh0,#0x00
a928:  00000000           addb rh0,#0x00
a92c:  00000000           addb rh0,#0x00
a930:  00000000           addb rh0,#0x00
a934:  00000000           addb rh0,#0x00
a938:  00000000           addb rh0,#0x00
a93c:  00000000           addb rh0,#0x00
a940:  00000000           addb rh0,#0x00
a944:  00000000           addb rh0,#0x00
a948:  00000000           addb rh0,#0x00
a94c:  00000000           addb rh0,#0x00
a950:  00000000           addb rh0,#0x00
a954:  00000000           addb rh0,#0x00
a958:  00000000           addb rh0,#0x00
a95c:  00000000           addb rh0,#0x00
a960:  00000000           addb rh0,#0x00
a964:  00000000           addb rh0,#0x00
a968:  00000000           addb rh0,#0x00
a96c:  00000000           addb rh0,#0x00
a970:  00000000           addb rh0,#0x00
a974:  00000000           addb rh0,#0x00
a978:  00000000           addb rh0,#0x00
a97c:  00000000           addb rh0,#0x00
a980:  00000000           addb rh0,#0x00
a984:  00000000           addb rh0,#0x00
a988:  00000000           addb rh0,#0x00
a98c:  00000000           addb rh0,#0x00
a990:  00000000           addb rh0,#0x00
a994:  00000000           addb rh0,#0x00
a998:  00000000           addb rh0,#0x00
a99c:  00000000           addb rh0,#0x00
a9a0:  00000000           addb rh0,#0x00
a9a4:  00000000           addb rh0,#0x00
a9a8:  00000000           addb rh0,#0x00
a9ac:  00000000           addb rh0,#0x00
a9b0:  00000000           addb rh0,#0x00
a9b4:  00000000           addb rh0,#0x00
a9b8:  00000000           addb rh0,#0x00
a9bc:  00000000           addb rh0,#0x00
a9c0:  00000000           addb rh0,#0x00
a9c4:  00000000           addb rh0,#0x00
a9c8:  00000000           addb rh0,#0x00
a9cc:  00000000           addb rh0,#0x00
a9d0:  00000000           addb rh0,#0x00
a9d4:  00000000           addb rh0,#0x00
a9d8:  00000000           addb rh0,#0x00
a9dc:  00000000           addb rh0,#0x00
a9e0:  00000000           addb rh0,#0x00
a9e4:  00000000           addb rh0,#0x00
a9e8:  00000000           addb rh0,#0x00
a9ec:  00000000           addb rh0,#0x00
a9f0:  00000000           addb rh0,#0x00
a9f4:  00000000           addb rh0,#0x00
a9f8:  00000000           addb rh0,#0x00
a9fc:  00000000           addb rh0,#0x00
aa00:  00000000           addb rh0,#0x00
aa04:  00000000           addb rh0,#0x00
aa08:  00000000           addb rh0,#0x00
aa0c:  00000000           addb rh0,#0x00
aa10:  00000000           addb rh0,#0x00
aa14:  00000000           addb rh0,#0x00
aa18:  00000000           addb rh0,#0x00
aa1c:  00000000           addb rh0,#0x00
aa20:  00000000           addb rh0,#0x00
aa24:  00000000           addb rh0,#0x00
aa28:  00000000           addb rh0,#0x00
aa2c:  00000000           addb rh0,#0x00
aa30:  00000000           addb rh0,#0x00
aa34:  00000000           addb rh0,#0x00
aa38:  00000000           addb rh0,#0x00
aa3c:  00000000           addb rh0,#0x00
aa40:  00000000           addb rh0,#0x00
aa44:  00000000           addb rh0,#0x00
aa48:  00000000           addb rh0,#0x00
aa4c:  00000000           addb rh0,#0x00
aa50:  00000000           addb rh0,#0x00
aa54:  00000000           addb rh0,#0x00
aa58:  00000000           addb rh0,#0x00
aa5c:  00000000           addb rh0,#0x00
aa60:  00000000           addb rh0,#0x00
aa64:  00000000           addb rh0,#0x00
aa68:  00000000           addb rh0,#0x00
aa6c:  00000000           addb rh0,#0x00
aa70:  00000000           addb rh0,#0x00
aa74:  00000000           addb rh0,#0x00
aa78:  00000000           addb rh0,#0x00
aa7c:  00000000           addb rh0,#0x00
aa80:  00000000           addb rh0,#0x00
aa84:  00000000           addb rh0,#0x00
aa88:  00000000           addb rh0,#0x00
aa8c:  00000000           addb rh0,#0x00
aa90:  00000000           addb rh0,#0x00
aa94:  00000000           addb rh0,#0x00
aa98:  00000000           addb rh0,#0x00
aa9c:  00000000           addb rh0,#0x00
aaa0:  00000000           addb rh0,#0x00
aaa4:  00000000           addb rh0,#0x00
aaa8:  00000000           addb rh0,#0x00
aaac:  00000000           addb rh0,#0x00
aab0:  00000000           addb rh0,#0x00
aab4:  00000000           addb rh0,#0x00
aab8:  00000000           addb rh0,#0x00
aabc:  00000000           addb rh0,#0x00
aac0:  00000000           addb rh0,#0x00
aac4:  00000000           addb rh0,#0x00
aac8:  00000000           addb rh0,#0x00
aacc:  00000000           addb rh0,#0x00
aad0:  00000000           addb rh0,#0x00
aad4:  00000000           addb rh0,#0x00
aad8:  00000000           addb rh0,#0x00
aadc:  00000000           addb rh0,#0x00
aae0:  00000000           addb rh0,#0x00
aae4:  00000000           addb rh0,#0x00
aae8:  00000000           addb rh0,#0x00
aaec:  00000000           addb rh0,#0x00
aaf0:  00000000           addb rh0,#0x00
aaf4:  00000000           addb rh0,#0x00
aaf8:  00000000           addb rh0,#0x00
aafc:  00000000           addb rh0,#0x00
ab00:  00000000           addb rh0,#0x00
ab04:  00000000           addb rh0,#0x00
ab08:  00000000           addb rh0,#0x00
ab0c:  00000000           addb rh0,#0x00
ab10:  00000000           addb rh0,#0x00
ab14:  00000000           addb rh0,#0x00
ab18:  00000000           addb rh0,#0x00
ab1c:  00000000           addb rh0,#0x00
ab20:  00000000           addb rh0,#0x00
ab24:  00000000           addb rh0,#0x00
ab28:  00000000           addb rh0,#0x00
ab2c:  00000000           addb rh0,#0x00
ab30:  00000000           addb rh0,#0x00
ab34:  00000000           addb rh0,#0x00
ab38:  00000000           addb rh0,#0x00
ab3c:  00000000           addb rh0,#0x00
ab40:  00000000           addb rh0,#0x00
ab44:  00000000           addb rh0,#0x00
ab48:  00000000           addb rh0,#0x00
ab4c:  00000000           addb rh0,#0x00
ab50:  00000000           addb rh0,#0x00
ab54:  00000000           addb rh0,#0x00
ab58:  00000000           addb rh0,#0x00
ab5c:  00000000           addb rh0,#0x00
ab60:  00000000           addb rh0,#0x00
ab64:  00000000           addb rh0,#0x00
ab68:  00000000           addb rh0,#0x00
ab6c:  00000000           addb rh0,#0x00
ab70:  00000000           addb rh0,#0x00
ab74:  00000000           addb rh0,#0x00
ab78:  00000000           addb rh0,#0x00
ab7c:  00000000           addb rh0,#0x00
ab80:  00000000           addb rh0,#0x00
ab84:  00000000           addb rh0,#0x00
ab88:  00000000           addb rh0,#0x00
ab8c:  00000000           addb rh0,#0x00
ab90:  00000000           addb rh0,#0x00
ab94:  00000000           addb rh0,#0x00
ab98:  00000000           addb rh0,#0x00
ab9c:  00000000           addb rh0,#0x00
aba0:  00000000           addb rh0,#0x00
aba4:  00000000           addb rh0,#0x00
aba8:  00000000           addb rh0,#0x00
abac:  00000000           addb rh0,#0x00
abb0:  00000000           addb rh0,#0x00
abb4:  00000000           addb rh0,#0x00
abb8:  00000000           addb rh0,#0x00
abbc:  00000000           addb rh0,#0x00
abc0:  00000000           addb rh0,#0x00
abc4:  00000000           addb rh0,#0x00
abc8:  00000000           addb rh0,#0x00
abcc:  00000000           addb rh0,#0x00
abd0:  00000000           addb rh0,#0x00
abd4:  00000000           addb rh0,#0x00
abd8:  00000000           addb rh0,#0x00
abdc:  00000000           addb rh0,#0x00
abe0:  00000000           addb rh0,#0x00
abe4:  00000000           addb rh0,#0x00
abe8:  00000000           addb rh0,#0x00
abec:  00000000           addb rh0,#0x00
abf0:  00000000           addb rh0,#0x00
abf4:  00000000           addb rh0,#0x00
abf8:  00000000           addb rh0,#0x00
abfc:  00000000           addb rh0,#0x00
ac00:  00000000           addb rh0,#0x00
ac04:  00000000           addb rh0,#0x00
ac08:  00000000           addb rh0,#0x00
ac0c:  00000000           addb rh0,#0x00
ac10:  00000000           addb rh0,#0x00
ac14:  00000000           addb rh0,#0x00
ac18:  00000000           addb rh0,#0x00
ac1c:  00000000           addb rh0,#0x00
ac20:  00000000           addb rh0,#0x00
ac24:  00000000           addb rh0,#0x00
ac28:  00000000           addb rh0,#0x00
ac2c:  00000000           addb rh0,#0x00
ac30:  00000000           addb rh0,#0x00
ac34:  00000000           addb rh0,#0x00
ac38:  00000000           addb rh0,#0x00
ac3c:  00000000           addb rh0,#0x00
ac40:  00000000           addb rh0,#0x00
ac44:  00000000           addb rh0,#0x00
ac48:  00000000           addb rh0,#0x00
ac4c:  00000000           addb rh0,#0x00
ac50:  00000000           addb rh0,#0x00
ac54:  00000000           addb rh0,#0x00
ac58:  00000000           addb rh0,#0x00
ac5c:  00000000           addb rh0,#0x00
ac60:  00000000           addb rh0,#0x00
ac64:  00000000           addb rh0,#0x00
ac68:  00000000           addb rh0,#0x00
ac6c:  00000000           addb rh0,#0x00
ac70:  00000000           addb rh0,#0x00
ac74:  00000000           addb rh0,#0x00
ac78:  00000000           addb rh0,#0x00
ac7c:  00000000           addb rh0,#0x00
ac80:  00000000           addb rh0,#0x00
ac84:  00000000           addb rh0,#0x00
ac88:  00000000           addb rh0,#0x00
ac8c:  00000000           addb rh0,#0x00
ac90:  00000000           addb rh0,#0x00
ac94:  00000000           addb rh0,#0x00
ac98:  00000000           addb rh0,#0x00
ac9c:  00000000           addb rh0,#0x00
aca0:  00000000           addb rh0,#0x00
aca4:  00000000           addb rh0,#0x00
aca8:  00000000           addb rh0,#0x00
acac:  00000000           addb rh0,#0x00
acb0:  00000000           addb rh0,#0x00
acb4:  00000000           addb rh0,#0x00
acb8:  00000000           addb rh0,#0x00
acbc:  00000000           addb rh0,#0x00
acc0:  00000000           addb rh0,#0x00
acc4:  00000000           addb rh0,#0x00
acc8:  00000000           addb rh0,#0x00
accc:  00000000           addb rh0,#0x00
acd0:  00000000           addb rh0,#0x00
acd4:  00000000           addb rh0,#0x00
acd8:  00000000           addb rh0,#0x00
acdc:  00000000           addb rh0,#0x00
ace0:  00000000           addb rh0,#0x00
ace4:  00000000           addb rh0,#0x00
ace8:  00000000           addb rh0,#0x00
acec:  00000000           addb rh0,#0x00
acf0:  00000000           addb rh0,#0x00
acf4:  00000000           addb rh0,#0x00
acf8:  00000000           addb rh0,#0x00
acfc:  00000000           addb rh0,#0x00
ad00:  00000000           addb rh0,#0x00
ad04:  00000000           addb rh0,#0x00
ad08:  00000000           addb rh0,#0x00
ad0c:  00000000           addb rh0,#0x00
ad10:  00000000           addb rh0,#0x00
ad14:  00000000           addb rh0,#0x00
ad18:  00000000           addb rh0,#0x00
ad1c:  00000000           addb rh0,#0x00
ad20:  00000000           addb rh0,#0x00
ad24:  00000000           addb rh0,#0x00
ad28:  00000000           addb rh0,#0x00
ad2c:  00000000           addb rh0,#0x00
ad30:  00000000           addb rh0,#0x00
ad34:  00000000           addb rh0,#0x00
ad38:  00000000           addb rh0,#0x00
ad3c:  00000000           addb rh0,#0x00
ad40:  00000000           addb rh0,#0x00
ad44:  00000000           addb rh0,#0x00
ad48:  00000000           addb rh0,#0x00
ad4c:  00000000           addb rh0,#0x00
ad50:  00000000           addb rh0,#0x00
ad54:  00000000           addb rh0,#0x00
ad58:  00000000           addb rh0,#0x00
ad5c:  00000000           addb rh0,#0x00
ad60:  00000000           addb rh0,#0x00
ad64:  00000000           addb rh0,#0x00
ad68:  00000000           addb rh0,#0x00
ad6c:  00000000           addb rh0,#0x00
ad70:  00000000           addb rh0,#0x00
ad74:  00000000           addb rh0,#0x00
ad78:  00000000           addb rh0,#0x00
ad7c:  00000000           addb rh0,#0x00
ad80:  00000000           addb rh0,#0x00
ad84:  00000000           addb rh0,#0x00
ad88:  00000000           addb rh0,#0x00
ad8c:  00000000           addb rh0,#0x00
ad90:  00000000           addb rh0,#0x00
ad94:  00000000           addb rh0,#0x00
ad98:  00000000           addb rh0,#0x00
ad9c:  00000000           addb rh0,#0x00
ada0:  00000000           addb rh0,#0x00
ada4:  00000000           addb rh0,#0x00
ada8:  00000000           addb rh0,#0x00
adac:  00000000           addb rh0,#0x00
adb0:  00000000           addb rh0,#0x00
adb4:  00000000           addb rh0,#0x00
adb8:  00000000           addb rh0,#0x00
adbc:  00000000           addb rh0,#0x00
adc0:  00000000           addb rh0,#0x00
adc4:  00000000           addb rh0,#0x00
adc8:  00000000           addb rh0,#0x00
adcc:  00000000           addb rh0,#0x00
add0:  00000000           addb rh0,#0x00
add4:  00000000           addb rh0,#0x00
add8:  00000000           addb rh0,#0x00
addc:  00000000           addb rh0,#0x00
ade0:  00000000           addb rh0,#0x00
ade4:  00000000           addb rh0,#0x00
ade8:  00000000           addb rh0,#0x00
adec:  00000000           addb rh0,#0x00
adf0:  00000000           addb rh0,#0x00
adf4:  00000000           addb rh0,#0x00
adf8:  00000000           addb rh0,#0x00
adfc:  00000000           addb rh0,#0x00
ae00:  00000000           addb rh0,#0x00
ae04:  00000000           addb rh0,#0x00
ae08:  00000000           addb rh0,#0x00
ae0c:  00000000           addb rh0,#0x00
ae10:  00000000           addb rh0,#0x00
ae14:  00000000           addb rh0,#0x00
ae18:  00000000           addb rh0,#0x00
ae1c:  00000000           addb rh0,#0x00
ae20:  00000000           addb rh0,#0x00
ae24:  00000000           addb rh0,#0x00
ae28:  00000000           addb rh0,#0x00
ae2c:  00000000           addb rh0,#0x00
ae30:  00000000           addb rh0,#0x00
ae34:  00000000           addb rh0,#0x00
ae38:  00000000           addb rh0,#0x00
ae3c:  00000000           addb rh0,#0x00
ae40:  00000000           addb rh0,#0x00
ae44:  00000000           addb rh0,#0x00
ae48:  00000000           addb rh0,#0x00
ae4c:  00000000           addb rh0,#0x00
ae50:  00000000           addb rh0,#0x00
ae54:  00000000           addb rh0,#0x00
ae58:  00000000           addb rh0,#0x00
ae5c:  00000000           addb rh0,#0x00
ae60:  00000000           addb rh0,#0x00
ae64:  00000000           addb rh0,#0x00
ae68:  00000000           addb rh0,#0x00
ae6c:  00000000           addb rh0,#0x00
ae70:  00000000           addb rh0,#0x00
ae74:  00000000           addb rh0,#0x00
ae78:  00000000           addb rh0,#0x00
ae7c:  00000000           addb rh0,#0x00
ae80:  00000000           addb rh0,#0x00
ae84:  00000000           addb rh0,#0x00
ae88:  00000000           addb rh0,#0x00
ae8c:  00000000           addb rh0,#0x00
ae90:  00000000           addb rh0,#0x00
ae94:  00000000           addb rh0,#0x00
ae98:  00000000           addb rh0,#0x00
ae9c:  00000000           addb rh0,#0x00
aea0:  00000000           addb rh0,#0x00
aea4:  00000000           addb rh0,#0x00
aea8:  00000000           addb rh0,#0x00
aeac:  00000000           addb rh0,#0x00
aeb0:  00000000           addb rh0,#0x00
aeb4:  00000000           addb rh0,#0x00
aeb8:  00000000           addb rh0,#0x00
aebc:  00000000           addb rh0,#0x00
aec0:  00000000           addb rh0,#0x00
aec4:  00000000           addb rh0,#0x00
aec8:  00000000           addb rh0,#0x00
aecc:  00000000           addb rh0,#0x00
aed0:  00000000           addb rh0,#0x00
aed4:  00000000           addb rh0,#0x00
aed8:  00000000           addb rh0,#0x00
aedc:  00000000           addb rh0,#0x00
aee0:  00000000           addb rh0,#0x00
aee4:  00000000           addb rh0,#0x00
aee8:  00000000           addb rh0,#0x00
aeec:  00000000           addb rh0,#0x00
aef0:  00000000           addb rh0,#0x00
aef4:  00000000           addb rh0,#0x00
aef8:  00000000           addb rh0,#0x00
aefc:  00000000           addb rh0,#0x00
af00:  00000000           addb rh0,#0x00
af04:  00000000           addb rh0,#0x00
af08:  00000000           addb rh0,#0x00
af0c:  00000000           addb rh0,#0x00
af10:  00000000           addb rh0,#0x00
af14:  00000000           addb rh0,#0x00
af18:  00000000           addb rh0,#0x00
af1c:  00000000           addb rh0,#0x00
af20:  00000000           addb rh0,#0x00
af24:  00000000           addb rh0,#0x00
af28:  00000000           addb rh0,#0x00
af2c:  00000000           addb rh0,#0x00
af30:  00000000           addb rh0,#0x00
af34:  00000000           addb rh0,#0x00
af38:  00000000           addb rh0,#0x00
af3c:  00000000           addb rh0,#0x00
af40:  00000000           addb rh0,#0x00
af44:  00000000           addb rh0,#0x00
af48:  00000000           addb rh0,#0x00
af4c:  00000000           addb rh0,#0x00
af50:  00000000           addb rh0,#0x00
af54:  00000000           addb rh0,#0x00
af58:  00000000           addb rh0,#0x00
af5c:  00000000           addb rh0,#0x00
af60:  00000000           addb rh0,#0x00
af64:  00000000           addb rh0,#0x00
af68:  00000000           addb rh0,#0x00
af6c:  00000000           addb rh0,#0x00
af70:  00000000           addb rh0,#0x00
af74:  00000000           addb rh0,#0x00
af78:  00000000           addb rh0,#0x00
af7c:  00000000           addb rh0,#0x00
af80:  00000000           addb rh0,#0x00
af84:  00000000           addb rh0,#0x00
af88:  00000000           addb rh0,#0x00
af8c:  00000000           addb rh0,#0x00
af90:  00000000           addb rh0,#0x00
af94:  00000000           addb rh0,#0x00
af98:  00000000           addb rh0,#0x00
af9c:  00000000           addb rh0,#0x00
afa0:  00000000           addb rh0,#0x00
afa4:  00000000           addb rh0,#0x00
afa8:  00000000           addb rh0,#0x00
afac:  00000000           addb rh0,#0x00
afb0:  00000000           addb rh0,#0x00
afb4:  00000000           addb rh0,#0x00
afb8:  00000000           addb rh0,#0x00
afbc:  00000000           addb rh0,#0x00
afc0:  00000000           addb rh0,#0x00
afc4:  00000000           addb rh0,#0x00
afc8:  00000000           addb rh0,#0x00
afcc:  00000000           addb rh0,#0x00
afd0:  00000000           addb rh0,#0x00
afd4:  00000000           addb rh0,#0x00
afd8:  00000000           addb rh0,#0x00
afdc:  00000000           addb rh0,#0x00
afe0:  00000000           addb rh0,#0x00
afe4:  00000000           addb rh0,#0x00
afe8:  00000000           addb rh0,#0x00
afec:  00000000           addb rh0,#0x00
aff0:  00000000           addb rh0,#0x00
aff4:  00000000           addb rh0,#0x00
aff8:  00000000           addb rh0,#0x00
affc:  00000000           addb rh0,#0x00
b000:  00000000           addb rh0,#0x00
b004:  00000000           addb rh0,#0x00
b008:  00000000           addb rh0,#0x00
b00c:  00000000           addb rh0,#0x00
b010:  00000000           addb rh0,#0x00
b014:  00000000           addb rh0,#0x00
b018:  00000000           addb rh0,#0x00
b01c:  00000000           addb rh0,#0x00
b020:  00000000           addb rh0,#0x00
b024:  00000000           addb rh0,#0x00
b028:  00000000           addb rh0,#0x00
b02c:  00000000           addb rh0,#0x00
b030:  00000000           addb rh0,#0x00
b034:  00000000           addb rh0,#0x00
b038:  00000000           addb rh0,#0x00
b03c:  00000000           addb rh0,#0x00
b040:  00000000           addb rh0,#0x00
b044:  00000000           addb rh0,#0x00
b048:  00000000           addb rh0,#0x00
b04c:  00000000           addb rh0,#0x00
b050:  00000000           addb rh0,#0x00
b054:  00000000           addb rh0,#0x00
b058:  00000000           addb rh0,#0x00
b05c:  00000000           addb rh0,#0x00
b060:  00000000           addb rh0,#0x00
b064:  00000000           addb rh0,#0x00
b068:  00000000           addb rh0,#0x00
b06c:  00000000           addb rh0,#0x00
b070:  00000000           addb rh0,#0x00
b074:  00000000           addb rh0,#0x00
b078:  00000000           addb rh0,#0x00
b07c:  00000000           addb rh0,#0x00
b080:  00000000           addb rh0,#0x00
b084:  00000000           addb rh0,#0x00
b088:  00000000           addb rh0,#0x00
b08c:  00000000           addb rh0,#0x00
b090:  00000000           addb rh0,#0x00
b094:  00000000           addb rh0,#0x00
b098:  00000000           addb rh0,#0x00
b09c:  00000000           addb rh0,#0x00
b0a0:  00000000           addb rh0,#0x00
b0a4:  00000000           addb rh0,#0x00
b0a8:  00000000           addb rh0,#0x00
b0ac:  00000000           addb rh0,#0x00
b0b0:  00000000           addb rh0,#0x00
b0b4:  00000000           addb rh0,#0x00
b0b8:  00000000           addb rh0,#0x00
b0bc:  00000000           addb rh0,#0x00
b0c0:  00000000           addb rh0,#0x00
b0c4:  00000000           addb rh0,#0x00
b0c8:  00000000           addb rh0,#0x00
b0cc:  00000000           addb rh0,#0x00
b0d0:  00000000           addb rh0,#0x00
b0d4:  00000000           addb rh0,#0x00
b0d8:  00000000           addb rh0,#0x00
b0dc:  00000000           addb rh0,#0x00
b0e0:  00000000           addb rh0,#0x00
b0e4:  00000000           addb rh0,#0x00
b0e8:  00000000           addb rh0,#0x00
b0ec:  00000000           addb rh0,#0x00
b0f0:  00000000           addb rh0,#0x00
b0f4:  00000000           addb rh0,#0x00
b0f8:  00000000           addb rh0,#0x00
b0fc:  00000000           addb rh0,#0x00
b100:  00000000           addb rh0,#0x00
b104:  00000000           addb rh0,#0x00
b108:  00000000           addb rh0,#0x00
b10c:  00000000           addb rh0,#0x00
b110:  00000000           addb rh0,#0x00
b114:  00000000           addb rh0,#0x00
b118:  00000000           addb rh0,#0x00
b11c:  00000000           addb rh0,#0x00
b120:  00000000           addb rh0,#0x00
b124:  00000000           addb rh0,#0x00
b128:  00000000           addb rh0,#0x00
b12c:  00000000           addb rh0,#0x00
b130:  00000000           addb rh0,#0x00
b134:  00000000           addb rh0,#0x00
b138:  00000000           addb rh0,#0x00
b13c:  00000000           addb rh0,#0x00
b140:  00000000           addb rh0,#0x00
b144:  00000000           addb rh0,#0x00
b148:  00000000           addb rh0,#0x00
b14c:  00000000           addb rh0,#0x00
b150:  00000000           addb rh0,#0x00
b154:  00000000           addb rh0,#0x00
b158:  00000000           addb rh0,#0x00
b15c:  00000000           addb rh0,#0x00
b160:  00000000           addb rh0,#0x00
b164:  00000000           addb rh0,#0x00
b168:  00000000           addb rh0,#0x00
b16c:  00000000           addb rh0,#0x00
b170:  00000000           addb rh0,#0x00
b174:  00000000           addb rh0,#0x00
b178:  00000000           addb rh0,#0x00
b17c:  00000000           addb rh0,#0x00
b180:  00000000           addb rh0,#0x00
b184:  00000000           addb rh0,#0x00
b188:  00000000           addb rh0,#0x00
b18c:  00000000           addb rh0,#0x00
b190:  00000000           addb rh0,#0x00
b194:  00000000           addb rh0,#0x00
b198:  00000000           addb rh0,#0x00
b19c:  00000000           addb rh0,#0x00
b1a0:  00000000           addb rh0,#0x00
b1a4:  00000000           addb rh0,#0x00
b1a8:  00000000           addb rh0,#0x00
b1ac:  00000000           addb rh0,#0x00
b1b0:  00000000           addb rh0,#0x00
b1b4:  00000000           addb rh0,#0x00
b1b8:  00000000           addb rh0,#0x00
b1bc:  00000000           addb rh0,#0x00
b1c0:  00000000           addb rh0,#0x00
b1c4:  00000000           addb rh0,#0x00
b1c8:  00000000           addb rh0,#0x00
b1cc:  00000000           addb rh0,#0x00
b1d0:  00000000           addb rh0,#0x00
b1d4:  00000000           addb rh0,#0x00
b1d8:  00000000           addb rh0,#0x00
b1dc:  00000000           addb rh0,#0x00
b1e0:  00000000           addb rh0,#0x00
b1e4:  00000000           addb rh0,#0x00
b1e8:  00000000           addb rh0,#0x00
b1ec:  00000000           addb rh0,#0x00
b1f0:  00000000           addb rh0,#0x00
b1f4:  00000000           addb rh0,#0x00
b1f8:  00000000           addb rh0,#0x00
b1fc:  00000000           addb rh0,#0x00
b200:  00000000           addb rh0,#0x00
b204:  00000000           addb rh0,#0x00
b208:  00000000           addb rh0,#0x00
b20c:  00000000           addb rh0,#0x00
b210:  00000000           addb rh0,#0x00
b214:  00000000           addb rh0,#0x00
b218:  00000000           addb rh0,#0x00
b21c:  00000000           addb rh0,#0x00
b220:  00000000           addb rh0,#0x00
b224:  00000000           addb rh0,#0x00
b228:  00000000           addb rh0,#0x00
b22c:  00000000           addb rh0,#0x00
b230:  00000000           addb rh0,#0x00
b234:  00000000           addb rh0,#0x00
b238:  00000000           addb rh0,#0x00
b23c:  00000000           addb rh0,#0x00
b240:  00000000           addb rh0,#0x00
b244:  00000000           addb rh0,#0x00
b248:  00000000           addb rh0,#0x00
b24c:  00000000           addb rh0,#0x00
b250:  00000000           addb rh0,#0x00
b254:  00000000           addb rh0,#0x00
b258:  00000000           addb rh0,#0x00
b25c:  00000000           addb rh0,#0x00
b260:  00000000           addb rh0,#0x00
b264:  00000000           addb rh0,#0x00
b268:  00000000           addb rh0,#0x00
b26c:  00000000           addb rh0,#0x00
b270:  00000000           addb rh0,#0x00
b274:  00000000           addb rh0,#0x00
b278:  00000000           addb rh0,#0x00
b27c:  00000000           addb rh0,#0x00
b280:  00000000           addb rh0,#0x00
b284:  00000000           addb rh0,#0x00
b288:  00000000           addb rh0,#0x00
b28c:  00000000           addb rh0,#0x00
b290:  00000000           addb rh0,#0x00
b294:  00000000           addb rh0,#0x00
b298:  00000000           addb rh0,#0x00
b29c:  00000000           addb rh0,#0x00
b2a0:  00000000           addb rh0,#0x00
b2a4:  00000000           addb rh0,#0x00
b2a8:  00000000           addb rh0,#0x00
b2ac:  00000000           addb rh0,#0x00
b2b0:  00000000           addb rh0,#0x00
b2b4:  00000000           addb rh0,#0x00
b2b8:  00000000           addb rh0,#0x00
b2bc:  00000000           addb rh0,#0x00
b2c0:  00000000           addb rh0,#0x00
b2c4:  00000000           addb rh0,#0x00
b2c8:  00000000           addb rh0,#0x00
b2cc:  00000000           addb rh0,#0x00
b2d0:  00000000           addb rh0,#0x00
b2d4:  00000000           addb rh0,#0x00
b2d8:  00000000           addb rh0,#0x00
b2dc:  00000000           addb rh0,#0x00
b2e0:  00000000           addb rh0,#0x00
b2e4:  00000000           addb rh0,#0x00
b2e8:  00000000           addb rh0,#0x00
b2ec:  00000000           addb rh0,#0x00
b2f0:  00000000           addb rh0,#0x00
b2f4:  00000000           addb rh0,#0x00
b2f8:  00000000           addb rh0,#0x00
b2fc:  00000000           addb rh0,#0x00
b300:  00000000           addb rh0,#0x00
b304:  00000000           addb rh0,#0x00
b308:  00000000           addb rh0,#0x00
b30c:  00000000           addb rh0,#0x00
b310:  00000000           addb rh0,#0x00
b314:  00000000           addb rh0,#0x00
b318:  00000000           addb rh0,#0x00
b31c:  00000000           addb rh0,#0x00
b320:  00000000           addb rh0,#0x00
b324:  00000000           addb rh0,#0x00
b328:  00000000           addb rh0,#0x00
b32c:  00000000           addb rh0,#0x00
b330:  00000000           addb rh0,#0x00
b334:  00000000           addb rh0,#0x00
b338:  00000000           addb rh0,#0x00
b33c:  00000000           addb rh0,#0x00
b340:  00000000           addb rh0,#0x00
b344:  00000000           addb rh0,#0x00
b348:  00000000           addb rh0,#0x00
b34c:  00000000           addb rh0,#0x00
b350:  00000000           addb rh0,#0x00
b354:  00000000           addb rh0,#0x00
b358:  00000000           addb rh0,#0x00
b35c:  00000000           addb rh0,#0x00
b360:  00000000           addb rh0,#0x00
b364:  00000000           addb rh0,#0x00
b368:  00000000           addb rh0,#0x00
b36c:  00000000           addb rh0,#0x00
b370:  00000000           addb rh0,#0x00
b374:  00000000           addb rh0,#0x00
b378:  00000000           addb rh0,#0x00
b37c:  00000000           addb rh0,#0x00
b380:  00000000           addb rh0,#0x00
b384:  00000000           addb rh0,#0x00
b388:  00000000           addb rh0,#0x00
b38c:  00000000           addb rh0,#0x00
b390:  00000000           addb rh0,#0x00
b394:  00000000           addb rh0,#0x00
b398:  00000000           addb rh0,#0x00
b39c:  00000000           addb rh0,#0x00
b3a0:  00000000           addb rh0,#0x00
b3a4:  00000000           addb rh0,#0x00
b3a8:  00000000           addb rh0,#0x00
b3ac:  00000000           addb rh0,#0x00
b3b0:  00000000           addb rh0,#0x00
b3b4:  00000000           addb rh0,#0x00
b3b8:  00000000           addb rh0,#0x00
b3bc:  00000000           addb rh0,#0x00
b3c0:  00000000           addb rh0,#0x00
b3c4:  00000000           addb rh0,#0x00
b3c8:  00000000           addb rh0,#0x00
b3cc:  00000000           addb rh0,#0x00
b3d0:  00000000           addb rh0,#0x00
b3d4:  00000000           addb rh0,#0x00
b3d8:  00000000           addb rh0,#0x00
b3dc:  00000000           addb rh0,#0x00
b3e0:  00000000           addb rh0,#0x00
b3e4:  00000000           addb rh0,#0x00
b3e8:  00000000           addb rh0,#0x00
b3ec:  00000000           addb rh0,#0x00
b3f0:  00000000           addb rh0,#0x00
b3f4:  00000000           addb rh0,#0x00
b3f8:  00000000           addb rh0,#0x00
b3fc:  00000000           addb rh0,#0x00
b400:  00000000           addb rh0,#0x00
b404:  00000000           addb rh0,#0x00
b408:  00000000           addb rh0,#0x00
b40c:  00000000           addb rh0,#0x00
b410:  00000000           addb rh0,#0x00
b414:  00000000           addb rh0,#0x00
b418:  00000000           addb rh0,#0x00
b41c:  00000000           addb rh0,#0x00
b420:  00000000           addb rh0,#0x00
b424:  00000000           addb rh0,#0x00
b428:  00000000           addb rh0,#0x00
b42c:  00000000           addb rh0,#0x00
b430:  00000000           addb rh0,#0x00
b434:  00000000           addb rh0,#0x00
b438:  00000000           addb rh0,#0x00
b43c:  00000000           addb rh0,#0x00
b440:  00000000           addb rh0,#0x00
b444:  00000000           addb rh0,#0x00
b448:  00000000           addb rh0,#0x00
b44c:  00000000           addb rh0,#0x00
b450:  00000000           addb rh0,#0x00
b454:  00000000           addb rh0,#0x00
b458:  00000000           addb rh0,#0x00
b45c:  00000000           addb rh0,#0x00
b460:  00000000           addb rh0,#0x00
b464:  00000000           addb rh0,#0x00
b468:  00000000           addb rh0,#0x00
b46c:  00000000           addb rh0,#0x00
b470:  00000000           addb rh0,#0x00
b474:  00000000           addb rh0,#0x00
b478:  00000000           addb rh0,#0x00
b47c:  00000000           addb rh0,#0x00
b480:  00000000           addb rh0,#0x00
b484:  00000000           addb rh0,#0x00
b488:  00000000           addb rh0,#0x00
b48c:  00000000           addb rh0,#0x00
b490:  00000000           addb rh0,#0x00
b494:  00000000           addb rh0,#0x00
b498:  00000000           addb rh0,#0x00
b49c:  00000000           addb rh0,#0x00
b4a0:  00000000           addb rh0,#0x00
b4a4:  00000000           addb rh0,#0x00
b4a8:  00000000           addb rh0,#0x00
b4ac:  00000000           addb rh0,#0x00
b4b0:  00000000           addb rh0,#0x00
b4b4:  00000000           addb rh0,#0x00
b4b8:  00000000           addb rh0,#0x00
b4bc:  00000000           addb rh0,#0x00
b4c0:  00000000           addb rh0,#0x00
b4c4:  00000000           addb rh0,#0x00
b4c8:  00000000           addb rh0,#0x00
b4cc:  00000000           addb rh0,#0x00
b4d0:  00000000           addb rh0,#0x00
b4d4:  00000000           addb rh0,#0x00
b4d8:  00000000           addb rh0,#0x00
b4dc:  00000000           addb rh0,#0x00
b4e0:  00000000           addb rh0,#0x00
b4e4:  00000000           addb rh0,#0x00
b4e8:  00000000           addb rh0,#0x00
b4ec:  00000000           addb rh0,#0x00
b4f0:  00000000           addb rh0,#0x00
b4f4:  00000000           addb rh0,#0x00
b4f8:  00000000           addb rh0,#0x00
b4fc:  00000000           addb rh0,#0x00
b500:  00000000           addb rh0,#0x00
b504:  00000000           addb rh0,#0x00
b508:  00000000           addb rh0,#0x00
b50c:  00000000           addb rh0,#0x00
b510:  00000000           addb rh0,#0x00
b514:  00000000           addb rh0,#0x00
b518:  00000000           addb rh0,#0x00
b51c:  00000000           addb rh0,#0x00
b520:  00000000           addb rh0,#0x00
b524:  00000000           addb rh0,#0x00
b528:  00000000           addb rh0,#0x00
b52c:  00000000           addb rh0,#0x00
b530:  00000000           addb rh0,#0x00
b534:  00000000           addb rh0,#0x00
b538:  00000000           addb rh0,#0x00
b53c:  00000000           addb rh0,#0x00
b540:  00000000           addb rh0,#0x00
b544:  00000000           addb rh0,#0x00
b548:  00000000           addb rh0,#0x00
b54c:  00000000           addb rh0,#0x00
b550:  00000000           addb rh0,#0x00
b554:  00000000           addb rh0,#0x00
b558:  00000000           addb rh0,#0x00
b55c:  00000000           addb rh0,#0x00
b560:  00000000           addb rh0,#0x00
b564:  00000000           addb rh0,#0x00
b568:  00000000           addb rh0,#0x00
b56c:  00000000           addb rh0,#0x00
b570:  00000000           addb rh0,#0x00
b574:  00000000           addb rh0,#0x00
b578:  00000000           addb rh0,#0x00
b57c:  00000000           addb rh0,#0x00
b580:  00000000           addb rh0,#0x00
b584:  00000000           addb rh0,#0x00
b588:  00000000           addb rh0,#0x00
b58c:  00000000           addb rh0,#0x00
b590:  00000000           addb rh0,#0x00
b594:  00000000           addb rh0,#0x00
b598:  00000000           addb rh0,#0x00
b59c:  00000000           addb rh0,#0x00
b5a0:  00000000           addb rh0,#0x00
b5a4:  00000000           addb rh0,#0x00
b5a8:  00000000           addb rh0,#0x00
b5ac:  00000000           addb rh0,#0x00
b5b0:  00000000           addb rh0,#0x00
b5b4:  00000000           addb rh0,#0x00
b5b8:  00000000           addb rh0,#0x00
b5bc:  00000000           addb rh0,#0x00
b5c0:  00000000           addb rh0,#0x00
b5c4:  00000000           addb rh0,#0x00
b5c8:  00000000           addb rh0,#0x00
b5cc:  00000000           addb rh0,#0x00
b5d0:  00000000           addb rh0,#0x00
b5d4:  00000000           addb rh0,#0x00
b5d8:  00000000           addb rh0,#0x00
b5dc:  00000000           addb rh0,#0x00
b5e0:  00000000           addb rh0,#0x00
b5e4:  00000000           addb rh0,#0x00
b5e8:  00000000           addb rh0,#0x00
b5ec:  00000000           addb rh0,#0x00
b5f0:  00000000           addb rh0,#0x00
b5f4:  00000000           addb rh0,#0x00
b5f8:  00000000           addb rh0,#0x00
b5fc:  00000000           addb rh0,#0x00
b600:  00000000           addb rh0,#0x00
b604:  00000000           addb rh0,#0x00
b608:  00000000           addb rh0,#0x00
b60c:  00000000           addb rh0,#0x00
b610:  00000000           addb rh0,#0x00
b614:  00000000           addb rh0,#0x00
b618:  00000000           addb rh0,#0x00
b61c:  00000000           addb rh0,#0x00
b620:  00000000           addb rh0,#0x00
b624:  00000000           addb rh0,#0x00
b628:  00000000           addb rh0,#0x00
b62c:  00000000           addb rh0,#0x00
b630:  00000000           addb rh0,#0x00
b634:  00000000           addb rh0,#0x00
b638:  00000000           addb rh0,#0x00
b63c:  00000000           addb rh0,#0x00
b640:  00000000           addb rh0,#0x00
b644:  00000000           addb rh0,#0x00
b648:  00000000           addb rh0,#0x00
b64c:  00000000           addb rh0,#0x00
b650:  00000000           addb rh0,#0x00
b654:  00000000           addb rh0,#0x00
b658:  00000000           addb rh0,#0x00
b65c:  00000000           addb rh0,#0x00
b660:  00000000           addb rh0,#0x00
b664:  00000000           addb rh0,#0x00
b668:  00000000           addb rh0,#0x00
b66c:  00000000           addb rh0,#0x00
b670:  00000000           addb rh0,#0x00
b674:  00000000           addb rh0,#0x00
b678:  00000000           addb rh0,#0x00
b67c:  00000000           addb rh0,#0x00
b680:  00000000           addb rh0,#0x00
b684:  00000000           addb rh0,#0x00
b688:  00000000           addb rh0,#0x00
b68c:  00000000           addb rh0,#0x00
b690:  00000000           addb rh0,#0x00
b694:  00000000           addb rh0,#0x00
b698:  00000000           addb rh0,#0x00
b69c:  00000000           addb rh0,#0x00
b6a0:  00000000           addb rh0,#0x00
b6a4:  00000000           addb rh0,#0x00
b6a8:  00000000           addb rh0,#0x00
b6ac:  00000000           addb rh0,#0x00
b6b0:  00000000           addb rh0,#0x00
b6b4:  00000000           addb rh0,#0x00
b6b8:  00000000           addb rh0,#0x00
b6bc:  00000000           addb rh0,#0x00
b6c0:  00000000           addb rh0,#0x00
b6c4:  00000000           addb rh0,#0x00
b6c8:  00000000           addb rh0,#0x00
b6cc:  00000000           addb rh0,#0x00
b6d0:  00000000           addb rh0,#0x00
b6d4:  00000000           addb rh0,#0x00
b6d8:  00000000           addb rh0,#0x00
b6dc:  00000000           addb rh0,#0x00
b6e0:  00000000           addb rh0,#0x00
b6e4:  00000000           addb rh0,#0x00
b6e8:  00000000           addb rh0,#0x00
b6ec:  00000000           addb rh0,#0x00
b6f0:  00000000           addb rh0,#0x00
b6f4:  00000000           addb rh0,#0x00
b6f8:  00000000           addb rh0,#0x00
b6fc:  00000000           addb rh0,#0x00
b700:  00000000           addb rh0,#0x00
b704:  00000000           addb rh0,#0x00
b708:  00000000           addb rh0,#0x00
b70c:  00000000           addb rh0,#0x00
b710:  00000000           addb rh0,#0x00
b714:  00000000           addb rh0,#0x00
b718:  00000000           addb rh0,#0x00
b71c:  00000000           addb rh0,#0x00
b720:  00000000           addb rh0,#0x00
b724:  00000000           addb rh0,#0x00
b728:  00000000           addb rh0,#0x00
b72c:  00000000           addb rh0,#0x00
b730:  00000000           addb rh0,#0x00
b734:  00000000           addb rh0,#0x00
b738:  00000000           addb rh0,#0x00
b73c:  00000000           addb rh0,#0x00
b740:  00000000           addb rh0,#0x00
b744:  00000000           addb rh0,#0x00
b748:  00000000           addb rh0,#0x00
b74c:  00000000           addb rh0,#0x00
b750:  00000000           addb rh0,#0x00
b754:  00000000           addb rh0,#0x00
b758:  00000000           addb rh0,#0x00
b75c:  00000000           addb rh0,#0x00
b760:  00000000           addb rh0,#0x00
b764:  00000000           addb rh0,#0x00
b768:  00000000           addb rh0,#0x00
b76c:  00000000           addb rh0,#0x00
b770:  00000000           addb rh0,#0x00
b774:  00000000           addb rh0,#0x00
b778:  00000000           addb rh0,#0x00
b77c:  00000000           addb rh0,#0x00
b780:  00000000           addb rh0,#0x00
b784:  00000000           addb rh0,#0x00
b788:  00000000           addb rh0,#0x00
b78c:  00000000           addb rh0,#0x00
b790:  00000000           addb rh0,#0x00
b794:  00000000           addb rh0,#0x00
b798:  00000000           addb rh0,#0x00
b79c:  00000000           addb rh0,#0x00
b7a0:  00000000           addb rh0,#0x00
b7a4:  00000000           addb rh0,#0x00
b7a8:  00000000           addb rh0,#0x00
b7ac:  00000000           addb rh0,#0x00
b7b0:  00000000           addb rh0,#0x00
b7b4:  00000000           addb rh0,#0x00
b7b8:  00000000           addb rh0,#0x00
b7bc:  00000000           addb rh0,#0x00
b7c0:  00000000           addb rh0,#0x00
b7c4:  00000000           addb rh0,#0x00
b7c8:  00000000           addb rh0,#0x00
b7cc:  00000000           addb rh0,#0x00
b7d0:  00000000           addb rh0,#0x00
b7d4:  00000000           addb rh0,#0x00
b7d8:  00000000           addb rh0,#0x00
b7dc:  00000000           addb rh0,#0x00
b7e0:  00000000           addb rh0,#0x00
b7e4:  00000000           addb rh0,#0x00
b7e8:  00000000           addb rh0,#0x00
b7ec:  00000000           addb rh0,#0x00
b7f0:  00000000           addb rh0,#0x00
b7f4:  00000000           addb rh0,#0x00
b7f8:  00000000           addb rh0,#0x00
b7fc:  00000000           addb rh0,#0x00
b800:  00000000           addb rh0,#0x00
b804:  00000000           addb rh0,#0x00
b808:  00000000           addb rh0,#0x00
b80c:  00000000           addb rh0,#0x00
b810:  00000000           addb rh0,#0x00
b814:  00000000           addb rh0,#0x00
b818:  00000000           addb rh0,#0x00
b81c:  00000000           addb rh0,#0x00
b820:  00000000           addb rh0,#0x00
b824:  00000000           addb rh0,#0x00
b828:  00000000           addb rh0,#0x00
b82c:  00000000           addb rh0,#0x00
b830:  00000000           addb rh0,#0x00
b834:  00000000           addb rh0,#0x00
b838:  00000000           addb rh0,#0x00
b83c:  00000000           addb rh0,#0x00
b840:  00000000           addb rh0,#0x00
b844:  00000000           addb rh0,#0x00
b848:  00000000           addb rh0,#0x00
b84c:  00000000           addb rh0,#0x00
b850:  00000000           addb rh0,#0x00
b854:  00000000           addb rh0,#0x00
b858:  00000000           addb rh0,#0x00
b85c:  00000000           addb rh0,#0x00
b860:  00000000           addb rh0,#0x00
b864:  00000000           addb rh0,#0x00
b868:  00000000           addb rh0,#0x00
b86c:  00000000           addb rh0,#0x00
b870:  00000000           addb rh0,#0x00
b874:  00000000           addb rh0,#0x00
b878:  00000000           addb rh0,#0x00
b87c:  00000000           addb rh0,#0x00
b880:  00000000           addb rh0,#0x00
b884:  00000000           addb rh0,#0x00
b888:  00000000           addb rh0,#0x00
b88c:  00000000           addb rh0,#0x00
b890:  00000000           addb rh0,#0x00
b894:  00000000           addb rh0,#0x00
b898:  00000000           addb rh0,#0x00
b89c:  00000000           addb rh0,#0x00
b8a0:  00000000           addb rh0,#0x00
b8a4:  00000000           addb rh0,#0x00
b8a8:  00000000           addb rh0,#0x00
b8ac:  00000000           addb rh0,#0x00
b8b0:  00000000           addb rh0,#0x00
b8b4:  00000000           addb rh0,#0x00
b8b8:  00000000           addb rh0,#0x00
b8bc:  00000000           addb rh0,#0x00
b8c0:  00000000           addb rh0,#0x00
b8c4:  00000000           addb rh0,#0x00
b8c8:  00000000           addb rh0,#0x00
b8cc:  00000000           addb rh0,#0x00
b8d0:  00000000           addb rh0,#0x00
b8d4:  00000000           addb rh0,#0x00
b8d8:  00000000           addb rh0,#0x00
b8dc:  00000000           addb rh0,#0x00
b8e0:  00000000           addb rh0,#0x00
b8e4:  00000000           addb rh0,#0x00
b8e8:  00000000           addb rh0,#0x00
b8ec:  00000000           addb rh0,#0x00
b8f0:  00000000           addb rh0,#0x00
b8f4:  00000000           addb rh0,#0x00
b8f8:  00000000           addb rh0,#0x00
b8fc:  00000000           addb rh0,#0x00
b900:  00000000           addb rh0,#0x00
b904:  00000000           addb rh0,#0x00
b908:  00000000           addb rh0,#0x00
b90c:  00000000           addb rh0,#0x00
b910:  00000000           addb rh0,#0x00
b914:  00000000           addb rh0,#0x00
b918:  00000000           addb rh0,#0x00
b91c:  00000000           addb rh0,#0x00
b920:  00000000           addb rh0,#0x00
b924:  00000000           addb rh0,#0x00
b928:  00000000           addb rh0,#0x00
b92c:  00000000           addb rh0,#0x00
b930:  00000000           addb rh0,#0x00
b934:  00000000           addb rh0,#0x00
b938:  00000000           addb rh0,#0x00
b93c:  00000000           addb rh0,#0x00
b940:  00000000           addb rh0,#0x00
b944:  00000000           addb rh0,#0x00
b948:  00000000           addb rh0,#0x00
b94c:  00000000           addb rh0,#0x00
b950:  00000000           addb rh0,#0x00
b954:  00000000           addb rh0,#0x00
b958:  00000000           addb rh0,#0x00
b95c:  00000000           addb rh0,#0x00
b960:  00000000           addb rh0,#0x00
b964:  00000000           addb rh0,#0x00
b968:  00000000           addb rh0,#0x00
b96c:  00000000           addb rh0,#0x00
b970:  00000000           addb rh0,#0x00
b974:  00000000           addb rh0,#0x00
b978:  00000000           addb rh0,#0x00
b97c:  00000000           addb rh0,#0x00
b980:  00000000           addb rh0,#0x00
b984:  00000000           addb rh0,#0x00
b988:  00000000           addb rh0,#0x00
b98c:  00000000           addb rh0,#0x00
b990:  00000000           addb rh0,#0x00
b994:  00000000           addb rh0,#0x00
b998:  00000000           addb rh0,#0x00
b99c:  00000000           addb rh0,#0x00
b9a0:  00000000           addb rh0,#0x00
b9a4:  00000000           addb rh0,#0x00
b9a8:  00000000           addb rh0,#0x00
b9ac:  00000000           addb rh0,#0x00
b9b0:  00000000           addb rh0,#0x00
b9b4:  00000000           addb rh0,#0x00
b9b8:  00000000           addb rh0,#0x00
b9bc:  00000000           addb rh0,#0x00
b9c0:  00000000           addb rh0,#0x00
b9c4:  00000000           addb rh0,#0x00
b9c8:  00000000           addb rh0,#0x00
b9cc:  00000000           addb rh0,#0x00
b9d0:  00000000           addb rh0,#0x00
b9d4:  00000000           addb rh0,#0x00
b9d8:  00000000           addb rh0,#0x00
b9dc:  00000000           addb rh0,#0x00
b9e0:  00000000           addb rh0,#0x00
b9e4:  00000000           addb rh0,#0x00
b9e8:  00000000           addb rh0,#0x00
b9ec:  00000000           addb rh0,#0x00
b9f0:  00000000           addb rh0,#0x00
b9f4:  00000000           addb rh0,#0x00
b9f8:  00000000           addb rh0,#0x00
b9fc:  00000000           addb rh0,#0x00
ba00:  00000000           addb rh0,#0x00
ba04:  00000000           addb rh0,#0x00
ba08:  00000000           addb rh0,#0x00
ba0c:  00000000           addb rh0,#0x00
ba10:  00000000           addb rh0,#0x00
ba14:  00000000           addb rh0,#0x00
ba18:  00000000           addb rh0,#0x00
ba1c:  00000000           addb rh0,#0x00
ba20:  00000000           addb rh0,#0x00
ba24:  00000000           addb rh0,#0x00
ba28:  00000000           addb rh0,#0x00
ba2c:  00000000           addb rh0,#0x00
ba30:  00000000           addb rh0,#0x00
ba34:  00000000           addb rh0,#0x00
ba38:  00000000           addb rh0,#0x00
ba3c:  00000000           addb rh0,#0x00
ba40:  00000000           addb rh0,#0x00
ba44:  00000000           addb rh0,#0x00
ba48:  00000000           addb rh0,#0x00
ba4c:  00000000           addb rh0,#0x00
ba50:  00000000           addb rh0,#0x00
ba54:  00000000           addb rh0,#0x00
ba58:  00000000           addb rh0,#0x00
ba5c:  00000000           addb rh0,#0x00
ba60:  00000000           addb rh0,#0x00
ba64:  00000000           addb rh0,#0x00
ba68:  00000000           addb rh0,#0x00
ba6c:  00000000           addb rh0,#0x00
ba70:  00000000           addb rh0,#0x00
ba74:  00000000           addb rh0,#0x00
ba78:  00000000           addb rh0,#0x00
ba7c:  00000000           addb rh0,#0x00
ba80:  00000000           addb rh0,#0x00
ba84:  00000000           addb rh0,#0x00
ba88:  00000000           addb rh0,#0x00
ba8c:  00000000           addb rh0,#0x00
ba90:  00000000           addb rh0,#0x00
ba94:  00000000           addb rh0,#0x00
ba98:  00000000           addb rh0,#0x00
ba9c:  00000000           addb rh0,#0x00
baa0:  00000000           addb rh0,#0x00
baa4:  00000000           addb rh0,#0x00
baa8:  00000000           addb rh0,#0x00
baac:  00000000           addb rh0,#0x00
bab0:  00000000           addb rh0,#0x00
bab4:  00000000           addb rh0,#0x00
bab8:  00000000           addb rh0,#0x00
babc:  00000000           addb rh0,#0x00
bac0:  00000000           addb rh0,#0x00
bac4:  00000000           addb rh0,#0x00
bac8:  00000000           addb rh0,#0x00
bacc:  00000000           addb rh0,#0x00
bad0:  00000000           addb rh0,#0x00
bad4:  00000000           addb rh0,#0x00
bad8:  00000000           addb rh0,#0x00
badc:  00000000           addb rh0,#0x00
bae0:  00000000           addb rh0,#0x00
bae4:  00000000           addb rh0,#0x00
bae8:  00000000           addb rh0,#0x00
baec:  00000000           addb rh0,#0x00
baf0:  00000000           addb rh0,#0x00
baf4:  00000000           addb rh0,#0x00
baf8:  00000000           addb rh0,#0x00
bafc:  00000000           addb rh0,#0x00
bb00:  00000000           addb rh0,#0x00
bb04:  00000000           addb rh0,#0x00
bb08:  00000000           addb rh0,#0x00
bb0c:  00000000           addb rh0,#0x00
bb10:  00000000           addb rh0,#0x00
bb14:  00000000           addb rh0,#0x00
bb18:  00000000           addb rh0,#0x00
bb1c:  00000000           addb rh0,#0x00
bb20:  00000000           addb rh0,#0x00
bb24:  00000000           addb rh0,#0x00
bb28:  00000000           addb rh0,#0x00
bb2c:  00000000           addb rh0,#0x00
bb30:  00000000           addb rh0,#0x00
bb34:  00000000           addb rh0,#0x00
bb38:  00000000           addb rh0,#0x00
bb3c:  00000000           addb rh0,#0x00
bb40:  00000000           addb rh0,#0x00
bb44:  00000000           addb rh0,#0x00
bb48:  00000000           addb rh0,#0x00
bb4c:  00000000           addb rh0,#0x00
bb50:  00000000           addb rh0,#0x00
bb54:  00000000           addb rh0,#0x00
bb58:  00000000           addb rh0,#0x00
bb5c:  00000000           addb rh0,#0x00
bb60:  00000000           addb rh0,#0x00
bb64:  00000000           addb rh0,#0x00
bb68:  00000000           addb rh0,#0x00
bb6c:  00000000           addb rh0,#0x00
bb70:  00000000           addb rh0,#0x00
bb74:  00000000           addb rh0,#0x00
bb78:  00000000           addb rh0,#0x00
bb7c:  00000000           addb rh0,#0x00
bb80:  00000000           addb rh0,#0x00
bb84:  00000000           addb rh0,#0x00
bb88:  00000000           addb rh0,#0x00
bb8c:  00000000           addb rh0,#0x00
bb90:  00000000           addb rh0,#0x00
bb94:  00000000           addb rh0,#0x00
bb98:  00000000           addb rh0,#0x00
bb9c:  00000000           addb rh0,#0x00
bba0:  00000000           addb rh0,#0x00
bba4:  00000000           addb rh0,#0x00
bba8:  00000000           addb rh0,#0x00
bbac:  00000000           addb rh0,#0x00
bbb0:  00000000           addb rh0,#0x00
bbb4:  00000000           addb rh0,#0x00
bbb8:  00000000           addb rh0,#0x00
bbbc:  00000000           addb rh0,#0x00
bbc0:  00000000           addb rh0,#0x00
bbc4:  00000000           addb rh0,#0x00
bbc8:  00000000           addb rh0,#0x00
bbcc:  00000000           addb rh0,#0x00
bbd0:  00000000           addb rh0,#0x00
bbd4:  00000000           addb rh0,#0x00
bbd8:  00000000           addb rh0,#0x00
bbdc:  00000000           addb rh0,#0x00
bbe0:  00000000           addb rh0,#0x00
bbe4:  00000000           addb rh0,#0x00
bbe8:  00000000           addb rh0,#0x00
bbec:  00000000           addb rh0,#0x00
bbf0:  00000000           addb rh0,#0x00
bbf4:  00000000           addb rh0,#0x00
bbf8:  00000000           addb rh0,#0x00
bbfc:  00000000           addb rh0,#0x00
bc00:  00000000           addb rh0,#0x00
bc04:  00000000           addb rh0,#0x00
bc08:  00000000           addb rh0,#0x00
bc0c:  00000000           addb rh0,#0x00
bc10:  00000000           addb rh0,#0x00
bc14:  00000000           addb rh0,#0x00
bc18:  00000000           addb rh0,#0x00
bc1c:  00000000           addb rh0,#0x00
bc20:  00000000           addb rh0,#0x00
bc24:  00000000           addb rh0,#0x00
bc28:  00000000           addb rh0,#0x00
bc2c:  00000000           addb rh0,#0x00
bc30:  00000000           addb rh0,#0x00
bc34:  00000000           addb rh0,#0x00
bc38:  00000000           addb rh0,#0x00
bc3c:  00000000           addb rh0,#0x00
bc40:  00000000           addb rh0,#0x00
bc44:  00000000           addb rh0,#0x00
bc48:  00000000           addb rh0,#0x00
bc4c:  00000000           addb rh0,#0x00
bc50:  00000000           addb rh0,#0x00
bc54:  00000000           addb rh0,#0x00
bc58:  00000000           addb rh0,#0x00
bc5c:  00000000           addb rh0,#0x00
bc60:  00000000           addb rh0,#0x00
bc64:  00000000           addb rh0,#0x00
bc68:  00000000           addb rh0,#0x00
bc6c:  00000000           addb rh0,#0x00
bc70:  00000000           addb rh0,#0x00
bc74:  00000000           addb rh0,#0x00
bc78:  00000000           addb rh0,#0x00
bc7c:  00000000           addb rh0,#0x00
bc80:  00000000           addb rh0,#0x00
bc84:  00000000           addb rh0,#0x00
bc88:  00000000           addb rh0,#0x00
bc8c:  00000000           addb rh0,#0x00
bc90:  00000000           addb rh0,#0x00
bc94:  00000000           addb rh0,#0x00
bc98:  00000000           addb rh0,#0x00
bc9c:  00000000           addb rh0,#0x00
bca0:  00000000           addb rh0,#0x00
bca4:  00000000           addb rh0,#0x00
bca8:  00000000           addb rh0,#0x00
bcac:  00000000           addb rh0,#0x00
bcb0:  00000000           addb rh0,#0x00
bcb4:  00000000           addb rh0,#0x00
bcb8:  00000000           addb rh0,#0x00
bcbc:  00000000           addb rh0,#0x00
bcc0:  00000000           addb rh0,#0x00
bcc4:  00000000           addb rh0,#0x00
bcc8:  00000000           addb rh0,#0x00
bccc:  00000000           addb rh0,#0x00
bcd0:  00000000           addb rh0,#0x00
bcd4:  00000000           addb rh0,#0x00
bcd8:  00000000           addb rh0,#0x00
bcdc:  00000000           addb rh0,#0x00
bce0:  00000000           addb rh0,#0x00
bce4:  00000000           addb rh0,#0x00
bce8:  00000000           addb rh0,#0x00
bcec:  00000000           addb rh0,#0x00
bcf0:  00000000           addb rh0,#0x00
bcf4:  00000000           addb rh0,#0x00
bcf8:  00000000           addb rh0,#0x00
bcfc:  00000000           addb rh0,#0x00
bd00:  00000000           addb rh0,#0x00
bd04:  00000000           addb rh0,#0x00
bd08:  00000000           addb rh0,#0x00
bd0c:  00000000           addb rh0,#0x00
bd10:  00000000           addb rh0,#0x00
bd14:  00000000           addb rh0,#0x00
bd18:  00000000           addb rh0,#0x00
bd1c:  00000000           addb rh0,#0x00
bd20:  00000000           addb rh0,#0x00
bd24:  00000000           addb rh0,#0x00
bd28:  00000000           addb rh0,#0x00
bd2c:  00000000           addb rh0,#0x00
bd30:  00000000           addb rh0,#0x00
bd34:  00000000           addb rh0,#0x00
bd38:  00000000           addb rh0,#0x00
bd3c:  00000000           addb rh0,#0x00
bd40:  00000000           addb rh0,#0x00
bd44:  00000000           addb rh0,#0x00
bd48:  00000000           addb rh0,#0x00
bd4c:  00000000           addb rh0,#0x00
bd50:  00000000           addb rh0,#0x00
bd54:  00000000           addb rh0,#0x00
bd58:  00000000           addb rh0,#0x00
bd5c:  00000000           addb rh0,#0x00
bd60:  00000000           addb rh0,#0x00
bd64:  00000000           addb rh0,#0x00
bd68:  00000000           addb rh0,#0x00
bd6c:  00000000           addb rh0,#0x00
bd70:  00000000           addb rh0,#0x00
bd74:  00000000           addb rh0,#0x00
bd78:  00000000           addb rh0,#0x00
bd7c:  00000000           addb rh0,#0x00
bd80:  00000000           addb rh0,#0x00
bd84:  00000000           addb rh0,#0x00
bd88:  00000000           addb rh0,#0x00
bd8c:  00000000           addb rh0,#0x00
bd90:  00000000           addb rh0,#0x00
bd94:  00000000           addb rh0,#0x00
bd98:  00000000           addb rh0,#0x00
bd9c:  00000000           addb rh0,#0x00
bda0:  00000000           addb rh0,#0x00
bda4:  00000000           addb rh0,#0x00
bda8:  00000000           addb rh0,#0x00
bdac:  00000000           addb rh0,#0x00
bdb0:  00000000           addb rh0,#0x00
bdb4:  00000000           addb rh0,#0x00
bdb8:  00000000           addb rh0,#0x00
bdbc:  00000000           addb rh0,#0x00
bdc0:  00000000           addb rh0,#0x00
bdc4:  00000000           addb rh0,#0x00
bdc8:  00000000           addb rh0,#0x00
bdcc:  00000000           addb rh0,#0x00
bdd0:  00000000           addb rh0,#0x00
bdd4:  00000000           addb rh0,#0x00
bdd8:  00000000           addb rh0,#0x00
bddc:  00000000           addb rh0,#0x00
bde0:  00000000           addb rh0,#0x00
bde4:  00000000           addb rh0,#0x00
bde8:  00000000           addb rh0,#0x00
bdec:  00000000           addb rh0,#0x00
bdf0:  00000000           addb rh0,#0x00
bdf4:  00000000           addb rh0,#0x00
bdf8:  00000000           addb rh0,#0x00
bdfc:  00000000           addb rh0,#0x00
be00:  00000000           addb rh0,#0x00
be04:  00000000           addb rh0,#0x00
be08:  00000000           addb rh0,#0x00
be0c:  00000000           addb rh0,#0x00
be10:  00000000           addb rh0,#0x00
be14:  00000000           addb rh0,#0x00
be18:  00000000           addb rh0,#0x00
be1c:  00000000           addb rh0,#0x00
be20:  00000000           addb rh0,#0x00
be24:  00000000           addb rh0,#0x00
be28:  00000000           addb rh0,#0x00
be2c:  00000000           addb rh0,#0x00
be30:  00000000           addb rh0,#0x00
be34:  00000000           addb rh0,#0x00
be38:  00000000           addb rh0,#0x00
be3c:  00000000           addb rh0,#0x00
be40:  00000000           addb rh0,#0x00
be44:  00000000           addb rh0,#0x00
be48:  00000000           addb rh0,#0x00
be4c:  00000000           addb rh0,#0x00
be50:  00000000           addb rh0,#0x00
be54:  00000000           addb rh0,#0x00
be58:  00000000           addb rh0,#0x00
be5c:  00000000           addb rh0,#0x00
be60:  00000000           addb rh0,#0x00
be64:  00000000           addb rh0,#0x00
be68:  00000000           addb rh0,#0x00
be6c:  00000000           addb rh0,#0x00
be70:  00000000           addb rh0,#0x00
be74:  00000000           addb rh0,#0x00
be78:  00000000           addb rh0,#0x00
be7c:  00000000           addb rh0,#0x00
be80:  00000000           addb rh0,#0x00
be84:  00000000           addb rh0,#0x00
be88:  00000000           addb rh0,#0x00
be8c:  00000000           addb rh0,#0x00
be90:  00000000           addb rh0,#0x00
be94:  00000000           addb rh0,#0x00
be98:  00000000           addb rh0,#0x00
be9c:  00000000           addb rh0,#0x00
bea0:  00000000           addb rh0,#0x00
bea4:  00000000           addb rh0,#0x00
bea8:  00000000           addb rh0,#0x00
beac:  00000000           addb rh0,#0x00
beb0:  00000000           addb rh0,#0x00
beb4:  00000000           addb rh0,#0x00
beb8:  00000000           addb rh0,#0x00
bebc:  00000000           addb rh0,#0x00
bec0:  00000000           addb rh0,#0x00
bec4:  00000000           addb rh0,#0x00
bec8:  00000000           addb rh0,#0x00
becc:  00000000           addb rh0,#0x00
bed0:  00000000           addb rh0,#0x00
bed4:  00000000           addb rh0,#0x00
bed8:  00000000           addb rh0,#0x00
bedc:  00000000           addb rh0,#0x00
bee0:  00000000           addb rh0,#0x00
bee4:  00000000           addb rh0,#0x00
bee8:  00000000           addb rh0,#0x00
beec:  00000000           addb rh0,#0x00
bef0:  00000000           addb rh0,#0x00
bef4:  00000000           addb rh0,#0x00
bef8:  00000000           addb rh0,#0x00
befc:  00000000           addb rh0,#0x00
bf00:  00000000           addb rh0,#0x00
bf04:  00000000           addb rh0,#0x00
bf08:  00000000           addb rh0,#0x00
bf0c:  00000000           addb rh0,#0x00
bf10:  00000000           addb rh0,#0x00
bf14:  00000000           addb rh0,#0x00
bf18:  00000000           addb rh0,#0x00
bf1c:  00000000           addb rh0,#0x00
bf20:  00000000           addb rh0,#0x00
bf24:  00000000           addb rh0,#0x00
bf28:  00000000           addb rh0,#0x00
bf2c:  00000000           addb rh0,#0x00
bf30:  00000000           addb rh0,#0x00
bf34:  00000000           addb rh0,#0x00
bf38:  00000000           addb rh0,#0x00
bf3c:  00000000           addb rh0,#0x00
bf40:  00000000           addb rh0,#0x00
bf44:  00000000           addb rh0,#0x00
bf48:  00000000           addb rh0,#0x00
bf4c:  00000000           addb rh0,#0x00
bf50:  00000000           addb rh0,#0x00
bf54:  00000000           addb rh0,#0x00
bf58:  00000000           addb rh0,#0x00
bf5c:  00000000           addb rh0,#0x00
bf60:  00000000           addb rh0,#0x00
bf64:  00000000           addb rh0,#0x00
bf68:  00000000           addb rh0,#0x00
bf6c:  00000000           addb rh0,#0x00
bf70:  00000000           addb rh0,#0x00
bf74:  00000000           addb rh0,#0x00
bf78:  00000000           addb rh0,#0x00
bf7c:  00000000           addb rh0,#0x00
bf80:  00000000           addb rh0,#0x00
bf84:  00000000           addb rh0,#0x00
bf88:  00000000           addb rh0,#0x00
bf8c:  00000000           addb rh0,#0x00
bf90:  00000000           addb rh0,#0x00
bf94:  00000000           addb rh0,#0x00
bf98:  00000000           addb rh0,#0x00
bf9c:  00000000           addb rh0,#0x00
bfa0:  00000000           addb rh0,#0x00
bfa4:  00000000           addb rh0,#0x00
bfa8:  00000000           addb rh0,#0x00
bfac:  00000000           addb rh0,#0x00
bfb0:  00000000           addb rh0,#0x00
bfb4:  00000000           addb rh0,#0x00
bfb8:  00000000           addb rh0,#0x00
bfbc:  00000000           addb rh0,#0x00
bfc0:  00000000           addb rh0,#0x00
bfc4:  00000000           addb rh0,#0x00
bfc8:  00000000           addb rh0,#0x00
bfcc:  00000000           addb rh0,#0x00
bfd0:  00000000           addb rh0,#0x00
bfd4:  00000000           addb rh0,#0x00
bfd8:  00000000           addb rh0,#0x00
bfdc:  00000000           addb rh0,#0x00
bfe0:  00000000           addb rh0,#0x00
bfe4:  00000000           addb rh0,#0x00
bfe8:  00000000           addb rh0,#0x00
bfec:  00000000           addb rh0,#0x00
bff0:  00000000           addb rh0,#0x00
bff4:  00000000           addb rh0,#0x00
bff8:  00000000           addb rh0,#0x00
bffc:  00000000           addb rh0,#0x00
c000:  00000000           addb rh0,#0x00
c004:  00000000           addb rh0,#0x00
c008:  00000000           addb rh0,#0x00
c00c:  00000000           addb rh0,#0x00
c010:  00000000           addb rh0,#0x00
c014:  00000000           addb rh0,#0x00
c018:  00000000           addb rh0,#0x00
c01c:  00000000           addb rh0,#0x00
c020:  00000000           addb rh0,#0x00
c024:  00000000           addb rh0,#0x00
c028:  00000000           addb rh0,#0x00
c02c:  00000000           addb rh0,#0x00
c030:  00000000           addb rh0,#0x00
c034:  00000000           addb rh0,#0x00
c038:  00000000           addb rh0,#0x00
c03c:  00000000           addb rh0,#0x00
c040:  00000000           addb rh0,#0x00
c044:  00000000           addb rh0,#0x00
c048:  00000000           addb rh0,#0x00
c04c:  00000000           addb rh0,#0x00
c050:  00000000           addb rh0,#0x00
c054:  00000000           addb rh0,#0x00
c058:  00000000           addb rh0,#0x00
c05c:  00000000           addb rh0,#0x00
c060:  00000000           addb rh0,#0x00
c064:  00000000           addb rh0,#0x00
c068:  00000000           addb rh0,#0x00
c06c:  00000000           addb rh0,#0x00
c070:  00000000           addb rh0,#0x00
c074:  00000000           addb rh0,#0x00
c078:  00000000           addb rh0,#0x00
c07c:  00000000           addb rh0,#0x00
c080:  00000000           addb rh0,#0x00
c084:  00000000           addb rh0,#0x00
c088:  00000000           addb rh0,#0x00
c08c:  00000000           addb rh0,#0x00
c090:  00000000           addb rh0,#0x00
c094:  00000000           addb rh0,#0x00
c098:  00000000           addb rh0,#0x00
c09c:  00000000           addb rh0,#0x00
c0a0:  00000000           addb rh0,#0x00
c0a4:  00000000           addb rh0,#0x00
c0a8:  00000000           addb rh0,#0x00
c0ac:  00000000           addb rh0,#0x00
c0b0:  00000000           addb rh0,#0x00
c0b4:  00000000           addb rh0,#0x00
c0b8:  00000000           addb rh0,#0x00
c0bc:  00000000           addb rh0,#0x00
c0c0:  00000000           addb rh0,#0x00
c0c4:  00000000           addb rh0,#0x00
c0c8:  00000000           addb rh0,#0x00
c0cc:  00000000           addb rh0,#0x00
c0d0:  00000000           addb rh0,#0x00
c0d4:  00000000           addb rh0,#0x00
c0d8:  00000000           addb rh0,#0x00
c0dc:  00000000           addb rh0,#0x00
c0e0:  00000000           addb rh0,#0x00
c0e4:  00000000           addb rh0,#0x00
c0e8:  00000000           addb rh0,#0x00
c0ec:  00000000           addb rh0,#0x00
c0f0:  00000000           addb rh0,#0x00
c0f4:  00000000           addb rh0,#0x00
c0f8:  00000000           addb rh0,#0x00
c0fc:  00000000           addb rh0,#0x00
c100:  00000000           addb rh0,#0x00
c104:  00000000           addb rh0,#0x00
c108:  00000000           addb rh0,#0x00
c10c:  00000000           addb rh0,#0x00
c110:  00000000           addb rh0,#0x00
c114:  00000000           addb rh0,#0x00
c118:  00000000           addb rh0,#0x00
c11c:  00000000           addb rh0,#0x00
c120:  00000000           addb rh0,#0x00
c124:  00000000           addb rh0,#0x00
c128:  00000000           addb rh0,#0x00
c12c:  00000000           addb rh0,#0x00
c130:  00000000           addb rh0,#0x00
c134:  00000000           addb rh0,#0x00
c138:  00000000           addb rh0,#0x00
c13c:  00000000           addb rh0,#0x00
c140:  00000000           addb rh0,#0x00
c144:  00000000           addb rh0,#0x00
c148:  00000000           addb rh0,#0x00
c14c:  00000000           addb rh0,#0x00
c150:  00000000           addb rh0,#0x00
c154:  00000000           addb rh0,#0x00
c158:  00000000           addb rh0,#0x00
c15c:  00000000           addb rh0,#0x00
c160:  00000000           addb rh0,#0x00
c164:  00000000           addb rh0,#0x00
c168:  00000000           addb rh0,#0x00
c16c:  00000000           addb rh0,#0x00
c170:  00000000           addb rh0,#0x00
c174:  00000000           addb rh0,#0x00
c178:  00000000           addb rh0,#0x00
c17c:  00000000           addb rh0,#0x00
c180:  00000000           addb rh0,#0x00
c184:  00000000           addb rh0,#0x00
c188:  00000000           addb rh0,#0x00
c18c:  00000000           addb rh0,#0x00
c190:  00000000           addb rh0,#0x00
c194:  00000000           addb rh0,#0x00
c198:  00000000           addb rh0,#0x00
c19c:  00000000           addb rh0,#0x00
c1a0:  00000000           addb rh0,#0x00
c1a4:  00000000           addb rh0,#0x00
c1a8:  00000000           addb rh0,#0x00
c1ac:  00000000           addb rh0,#0x00
c1b0:  00000000           addb rh0,#0x00
c1b4:  00000000           addb rh0,#0x00
c1b8:  00000000           addb rh0,#0x00
c1bc:  00000000           addb rh0,#0x00
c1c0:  00000000           addb rh0,#0x00
c1c4:  00000000           addb rh0,#0x00
c1c8:  00000000           addb rh0,#0x00
c1cc:  00000000           addb rh0,#0x00
c1d0:  00000000           addb rh0,#0x00
c1d4:  00000000           addb rh0,#0x00
c1d8:  00000000           addb rh0,#0x00
c1dc:  00000000           addb rh0,#0x00
c1e0:  00000000           addb rh0,#0x00
c1e4:  00000000           addb rh0,#0x00
c1e8:  00000000           addb rh0,#0x00
c1ec:  00000000           addb rh0,#0x00
c1f0:  00000000           addb rh0,#0x00
c1f4:  00000000           addb rh0,#0x00
c1f8:  00000000           addb rh0,#0x00
c1fc:  00000000           addb rh0,#0x00
c200:  00000000           addb rh0,#0x00
c204:  00000000           addb rh0,#0x00
c208:  00000000           addb rh0,#0x00
c20c:  00000000           addb rh0,#0x00
c210:  00000000           addb rh0,#0x00
c214:  00000000           addb rh0,#0x00
c218:  00000000           addb rh0,#0x00
c21c:  00000000           addb rh0,#0x00
c220:  00000000           addb rh0,#0x00
c224:  00000000           addb rh0,#0x00
c228:  00000000           addb rh0,#0x00
c22c:  00000000           addb rh0,#0x00
c230:  00000000           addb rh0,#0x00
c234:  00000000           addb rh0,#0x00
c238:  00000000           addb rh0,#0x00
c23c:  00000000           addb rh0,#0x00
c240:  00000000           addb rh0,#0x00
c244:  00000000           addb rh0,#0x00
c248:  00000000           addb rh0,#0x00
c24c:  00000000           addb rh0,#0x00
c250:  00000000           addb rh0,#0x00
c254:  00000000           addb rh0,#0x00
c258:  00000000           addb rh0,#0x00
c25c:  00000000           addb rh0,#0x00
c260:  00000000           addb rh0,#0x00
c264:  00000000           addb rh0,#0x00
c268:  00000000           addb rh0,#0x00
c26c:  00000000           addb rh0,#0x00
c270:  00000000           addb rh0,#0x00
c274:  00000000           addb rh0,#0x00
c278:  00000000           addb rh0,#0x00
c27c:  00000000           addb rh0,#0x00
c280:  00000000           addb rh0,#0x00
c284:  00000000           addb rh0,#0x00
c288:  00000000           addb rh0,#0x00
c28c:  00000000           addb rh0,#0x00
c290:  00000000           addb rh0,#0x00
c294:  00000000           addb rh0,#0x00
c298:  00000000           addb rh0,#0x00
c29c:  00000000           addb rh0,#0x00
c2a0:  00000000           addb rh0,#0x00
c2a4:  00000000           addb rh0,#0x00
c2a8:  00000000           addb rh0,#0x00
c2ac:  00000000           addb rh0,#0x00
c2b0:  00000000           addb rh0,#0x00
c2b4:  00000000           addb rh0,#0x00
c2b8:  00000000           addb rh0,#0x00
c2bc:  00000000           addb rh0,#0x00
c2c0:  00000000           addb rh0,#0x00
c2c4:  00000000           addb rh0,#0x00
c2c8:  00000000           addb rh0,#0x00
c2cc:  00000000           addb rh0,#0x00
c2d0:  00000000           addb rh0,#0x00
c2d4:  00000000           addb rh0,#0x00
c2d8:  00000000           addb rh0,#0x00
c2dc:  00000000           addb rh0,#0x00
c2e0:  00000000           addb rh0,#0x00
c2e4:  00000000           addb rh0,#0x00
c2e8:  00000000           addb rh0,#0x00
c2ec:  00000000           addb rh0,#0x00
c2f0:  00000000           addb rh0,#0x00
c2f4:  00000000           addb rh0,#0x00
c2f8:  00000000           addb rh0,#0x00
c2fc:  00000000           addb rh0,#0x00
c300:  00000000           addb rh0,#0x00
c304:  00000000           addb rh0,#0x00
c308:  00000000           addb rh0,#0x00
c30c:  00000000           addb rh0,#0x00
c310:  00000000           addb rh0,#0x00
c314:  00000000           addb rh0,#0x00
c318:  00000000           addb rh0,#0x00
c31c:  00000000           addb rh0,#0x00
c320:  00000000           addb rh0,#0x00
c324:  00000000           addb rh0,#0x00
c328:  00000000           addb rh0,#0x00
c32c:  00000000           addb rh0,#0x00
c330:  00000000           addb rh0,#0x00
c334:  00000000           addb rh0,#0x00
c338:  00000000           addb rh0,#0x00
c33c:  00000000           addb rh0,#0x00
c340:  00000000           addb rh0,#0x00
c344:  00000000           addb rh0,#0x00
c348:  00000000           addb rh0,#0x00
c34c:  00000000           addb rh0,#0x00
c350:  00000000           addb rh0,#0x00
c354:  00000000           addb rh0,#0x00
c358:  00000000           addb rh0,#0x00
c35c:  00000000           addb rh0,#0x00
c360:  00000000           addb rh0,#0x00
c364:  00000000           addb rh0,#0x00
c368:  00000000           addb rh0,#0x00
c36c:  00000000           addb rh0,#0x00
c370:  00000000           addb rh0,#0x00
c374:  00000000           addb rh0,#0x00
c378:  00000000           addb rh0,#0x00
c37c:  00000000           addb rh0,#0x00
c380:  00000000           addb rh0,#0x00
c384:  00000000           addb rh0,#0x00
c388:  00000000           addb rh0,#0x00
c38c:  00000000           addb rh0,#0x00
c390:  00000000           addb rh0,#0x00
c394:  00000000           addb rh0,#0x00
c398:  00000000           addb rh0,#0x00
c39c:  00000000           addb rh0,#0x00
c3a0:  00000000           addb rh0,#0x00
c3a4:  00000000           addb rh0,#0x00
c3a8:  00000000           addb rh0,#0x00
c3ac:  00000000           addb rh0,#0x00
c3b0:  00000000           addb rh0,#0x00
c3b4:  00000000           addb rh0,#0x00
c3b8:  00000000           addb rh0,#0x00
c3bc:  00000000           addb rh0,#0x00
c3c0:  00000000           addb rh0,#0x00
c3c4:  00000000           addb rh0,#0x00
c3c8:  00000000           addb rh0,#0x00
c3cc:  00000000           addb rh0,#0x00
c3d0:  00000000           addb rh0,#0x00
c3d4:  00000000           addb rh0,#0x00
c3d8:  00000000           addb rh0,#0x00
c3dc:  00000000           addb rh0,#0x00
c3e0:  00000000           addb rh0,#0x00
c3e4:  00000000           addb rh0,#0x00
c3e8:  00000000           addb rh0,#0x00
c3ec:  00000000           addb rh0,#0x00
c3f0:  00000000           addb rh0,#0x00
c3f4:  00000000           addb rh0,#0x00
c3f8:  00000000           addb rh0,#0x00
c3fc:  00000000           addb rh0,#0x00
c400:  00000000           addb rh0,#0x00
c404:  00000000           addb rh0,#0x00
c408:  00000000           addb rh0,#0x00
c40c:  00000000           addb rh0,#0x00
c410:  00000000           addb rh0,#0x00
c414:  00000000           addb rh0,#0x00
c418:  00000000           addb rh0,#0x00
c41c:  00000000           addb rh0,#0x00
c420:  00000000           addb rh0,#0x00
c424:  00000000           addb rh0,#0x00
c428:  00000000           addb rh0,#0x00
c42c:  00000000           addb rh0,#0x00
c430:  00000000           addb rh0,#0x00
c434:  00000000           addb rh0,#0x00
c438:  00000000           addb rh0,#0x00
c43c:  00000000           addb rh0,#0x00
c440:  00000000           addb rh0,#0x00
c444:  00000000           addb rh0,#0x00
c448:  00000000           addb rh0,#0x00
c44c:  00000000           addb rh0,#0x00
c450:  00000000           addb rh0,#0x00
c454:  00000000           addb rh0,#0x00
c458:  00000000           addb rh0,#0x00
c45c:  00000000           addb rh0,#0x00
c460:  00000000           addb rh0,#0x00
c464:  00000000           addb rh0,#0x00
c468:  00000000           addb rh0,#0x00
c46c:  00000000           addb rh0,#0x00
c470:  00000000           addb rh0,#0x00
c474:  00000000           addb rh0,#0x00
c478:  00000000           addb rh0,#0x00
c47c:  00000000           addb rh0,#0x00
c480:  00000000           addb rh0,#0x00
c484:  00000000           addb rh0,#0x00
c488:  00000000           addb rh0,#0x00
c48c:  00000000           addb rh0,#0x00
c490:  00000000           addb rh0,#0x00
c494:  00000000           addb rh0,#0x00
c498:  00000000           addb rh0,#0x00
c49c:  00000000           addb rh0,#0x00
c4a0:  00000000           addb rh0,#0x00
c4a4:  00000000           addb rh0,#0x00
c4a8:  00000000           addb rh0,#0x00
c4ac:  00000000           addb rh0,#0x00
c4b0:  00000000           addb rh0,#0x00
c4b4:  00000000           addb rh0,#0x00
c4b8:  00000000           addb rh0,#0x00
c4bc:  00000000           addb rh0,#0x00
c4c0:  00000000           addb rh0,#0x00
c4c4:  00000000           addb rh0,#0x00
c4c8:  00000000           addb rh0,#0x00
c4cc:  00000000           addb rh0,#0x00
c4d0:  00000000           addb rh0,#0x00
c4d4:  00000000           addb rh0,#0x00
c4d8:  00000000           addb rh0,#0x00
c4dc:  00000000           addb rh0,#0x00
c4e0:  00000000           addb rh0,#0x00
c4e4:  00000000           addb rh0,#0x00
c4e8:  00000000           addb rh0,#0x00
c4ec:  00000000           addb rh0,#0x00
c4f0:  00000000           addb rh0,#0x00
c4f4:  00000000           addb rh0,#0x00
c4f8:  00000000           addb rh0,#0x00
c4fc:  00000000           addb rh0,#0x00
c500:  00000000           addb rh0,#0x00
c504:  00000000           addb rh0,#0x00
c508:  00000000           addb rh0,#0x00
c50c:  00000000           addb rh0,#0x00
c510:  00000000           addb rh0,#0x00
c514:  00000000           addb rh0,#0x00
c518:  00000000           addb rh0,#0x00
c51c:  00000000           addb rh0,#0x00
c520:  00000000           addb rh0,#0x00
c524:  00000000           addb rh0,#0x00
c528:  00000000           addb rh0,#0x00
c52c:  00000000           addb rh0,#0x00
c530:  00000000           addb rh0,#0x00
c534:  00000000           addb rh0,#0x00
c538:  00000000           addb rh0,#0x00
c53c:  00000000           addb rh0,#0x00
c540:  00000000           addb rh0,#0x00
c544:  00000000           addb rh0,#0x00
c548:  00000000           addb rh0,#0x00
c54c:  00000000           addb rh0,#0x00
c550:  00000000           addb rh0,#0x00
c554:  00000000           addb rh0,#0x00
c558:  00000000           addb rh0,#0x00
c55c:  00000000           addb rh0,#0x00
c560:  00000000           addb rh0,#0x00
c564:  00000000           addb rh0,#0x00
c568:  00000000           addb rh0,#0x00
c56c:  00000000           addb rh0,#0x00
c570:  00000000           addb rh0,#0x00
c574:  00000000           addb rh0,#0x00
c578:  00000000           addb rh0,#0x00
c57c:  00000000           addb rh0,#0x00
c580:  00000000           addb rh0,#0x00
c584:  00000000           addb rh0,#0x00
c588:  00000000           addb rh0,#0x00
c58c:  00000000           addb rh0,#0x00
c590:  00000000           addb rh0,#0x00
c594:  00000000           addb rh0,#0x00
c598:  00000000           addb rh0,#0x00
c59c:  00000000           addb rh0,#0x00
c5a0:  00000000           addb rh0,#0x00
c5a4:  00000000           addb rh0,#0x00
c5a8:  00000000           addb rh0,#0x00
c5ac:  00000000           addb rh0,#0x00
c5b0:  00000000           addb rh0,#0x00
c5b4:  00000000           addb rh0,#0x00
c5b8:  00000000           addb rh0,#0x00
c5bc:  00000000           addb rh0,#0x00
c5c0:  00000000           addb rh0,#0x00
c5c4:  00000000           addb rh0,#0x00
c5c8:  00000000           addb rh0,#0x00
c5cc:  00000000           addb rh0,#0x00
c5d0:  00000000           addb rh0,#0x00
c5d4:  00000000           addb rh0,#0x00
c5d8:  00000000           addb rh0,#0x00
c5dc:  00000000           addb rh0,#0x00
c5e0:  00000000           addb rh0,#0x00
c5e4:  00000000           addb rh0,#0x00
c5e8:  00000000           addb rh0,#0x00
c5ec:  00000000           addb rh0,#0x00
c5f0:  00000000           addb rh0,#0x00
c5f4:  00000000           addb rh0,#0x00
c5f8:  00000000           addb rh0,#0x00
c5fc:  00000000           addb rh0,#0x00
c600:  00000000           addb rh0,#0x00
c604:  00000000           addb rh0,#0x00
c608:  00000000           addb rh0,#0x00
c60c:  00000000           addb rh0,#0x00
c610:  00000000           addb rh0,#0x00
c614:  00000000           addb rh0,#0x00
c618:  00000000           addb rh0,#0x00
c61c:  00000000           addb rh0,#0x00
c620:  00000000           addb rh0,#0x00
c624:  00000000           addb rh0,#0x00
c628:  00000000           addb rh0,#0x00
c62c:  00000000           addb rh0,#0x00
c630:  00000000           addb rh0,#0x00
c634:  00000000           addb rh0,#0x00
c638:  00000000           addb rh0,#0x00
c63c:  00000000           addb rh0,#0x00
c640:  00000000           addb rh0,#0x00
c644:  00000000           addb rh0,#0x00
c648:  00000000           addb rh0,#0x00
c64c:  00000000           addb rh0,#0x00
c650:  00000000           addb rh0,#0x00
c654:  00000000           addb rh0,#0x00
c658:  00000000           addb rh0,#0x00
c65c:  00000000           addb rh0,#0x00
c660:  00000000           addb rh0,#0x00
c664:  00000000           addb rh0,#0x00
c668:  00000000           addb rh0,#0x00
c66c:  00000000           addb rh0,#0x00
c670:  00000000           addb rh0,#0x00
c674:  00000000           addb rh0,#0x00
c678:  00000000           addb rh0,#0x00
c67c:  00000000           addb rh0,#0x00
c680:  00000000           addb rh0,#0x00
c684:  00000000           addb rh0,#0x00
c688:  00000000           addb rh0,#0x00
c68c:  00000000           addb rh0,#0x00
c690:  00000000           addb rh0,#0x00
c694:  00000000           addb rh0,#0x00
c698:  00000000           addb rh0,#0x00
c69c:  00000000           addb rh0,#0x00
c6a0:  00000000           addb rh0,#0x00
c6a4:  00000000           addb rh0,#0x00
c6a8:  00000000           addb rh0,#0x00
c6ac:  00000000           addb rh0,#0x00
c6b0:  00000000           addb rh0,#0x00
c6b4:  00000000           addb rh0,#0x00
c6b8:  00000000           addb rh0,#0x00
c6bc:  00000000           addb rh0,#0x00
c6c0:  00000000           addb rh0,#0x00
c6c4:  00000000           addb rh0,#0x00
c6c8:  00000000           addb rh0,#0x00
c6cc:  00000000           addb rh0,#0x00
c6d0:  00000000           addb rh0,#0x00
c6d4:  00000000           addb rh0,#0x00
c6d8:  00000000           addb rh0,#0x00
c6dc:  00000000           addb rh0,#0x00
c6e0:  00000000           addb rh0,#0x00
c6e4:  00000000           addb rh0,#0x00
c6e8:  00000000           addb rh0,#0x00
c6ec:  00000000           addb rh0,#0x00
c6f0:  00000000           addb rh0,#0x00
c6f4:  00000000           addb rh0,#0x00
c6f8:  00000000           addb rh0,#0x00
c6fc:  00000000           addb rh0,#0x00
c700:  00000000           addb rh0,#0x00
c704:  00000000           addb rh0,#0x00
c708:  00000000           addb rh0,#0x00
c70c:  00000000           addb rh0,#0x00
c710:  00000000           addb rh0,#0x00
c714:  00000000           addb rh0,#0x00
c718:  00000000           addb rh0,#0x00
c71c:  00000000           addb rh0,#0x00
c720:  00000000           addb rh0,#0x00
c724:  00000000           addb rh0,#0x00
c728:  00000000           addb rh0,#0x00
c72c:  00000000           addb rh0,#0x00
c730:  00000000           addb rh0,#0x00
c734:  00000000           addb rh0,#0x00
c738:  00000000           addb rh0,#0x00
c73c:  00000000           addb rh0,#0x00
c740:  00000000           addb rh0,#0x00
c744:  00000000           addb rh0,#0x00
c748:  00000000           addb rh0,#0x00
c74c:  00000000           addb rh0,#0x00
c750:  00000000           addb rh0,#0x00
c754:  00000000           addb rh0,#0x00
c758:  00000000           addb rh0,#0x00
c75c:  00000000           addb rh0,#0x00
c760:  00000000           addb rh0,#0x00
c764:  00000000           addb rh0,#0x00
c768:  00000000           addb rh0,#0x00
c76c:  00000000           addb rh0,#0x00
c770:  00000000           addb rh0,#0x00
c774:  00000000           addb rh0,#0x00
c778:  00000000           addb rh0,#0x00
c77c:  00000000           addb rh0,#0x00
c780:  00000000           addb rh0,#0x00
c784:  00000000           addb rh0,#0x00
c788:  00000000           addb rh0,#0x00
c78c:  00000000           addb rh0,#0x00
c790:  00000000           addb rh0,#0x00
c794:  00000000           addb rh0,#0x00
c798:  00000000           addb rh0,#0x00
c79c:  00000000           addb rh0,#0x00
c7a0:  00000000           addb rh0,#0x00
c7a4:  00000000           addb rh0,#0x00
c7a8:  00000000           addb rh0,#0x00
c7ac:  00000000           addb rh0,#0x00
c7b0:  00000000           addb rh0,#0x00
c7b4:  00000000           addb rh0,#0x00
c7b8:  00000000           addb rh0,#0x00
c7bc:  00000000           addb rh0,#0x00
c7c0:  00000000           addb rh0,#0x00
c7c4:  00000000           addb rh0,#0x00
c7c8:  00000000           addb rh0,#0x00
c7cc:  00000000           addb rh0,#0x00
c7d0:  00000000           addb rh0,#0x00
c7d4:  00000000           addb rh0,#0x00
c7d8:  00000000           addb rh0,#0x00
c7dc:  00000000           addb rh0,#0x00
c7e0:  00000000           addb rh0,#0x00
c7e4:  00000000           addb rh0,#0x00
c7e8:  00000000           addb rh0,#0x00
c7ec:  00000000           addb rh0,#0x00
c7f0:  00000000           addb rh0,#0x00
c7f4:  00000000           addb rh0,#0x00
c7f8:  00000000           addb rh0,#0x00
c7fc:  00000000           addb rh0,#0x00
c800:  00000000           addb rh0,#0x00
c804:  00000000           addb rh0,#0x00
c808:  00000000           addb rh0,#0x00
c80c:  00000000           addb rh0,#0x00
c810:  00000000           addb rh0,#0x00
c814:  00000000           addb rh0,#0x00
c818:  00000000           addb rh0,#0x00
c81c:  00000000           addb rh0,#0x00
c820:  00000000           addb rh0,#0x00
c824:  00000000           addb rh0,#0x00
c828:  00000000           addb rh0,#0x00
c82c:  00000000           addb rh0,#0x00
c830:  00000000           addb rh0,#0x00
c834:  00000000           addb rh0,#0x00
c838:  00000000           addb rh0,#0x00
c83c:  00000000           addb rh0,#0x00
c840:  00000000           addb rh0,#0x00
c844:  00000000           addb rh0,#0x00
c848:  00000000           addb rh0,#0x00
c84c:  00000000           addb rh0,#0x00
c850:  00000000           addb rh0,#0x00
c854:  00000000           addb rh0,#0x00
c858:  00000000           addb rh0,#0x00
c85c:  00000000           addb rh0,#0x00
c860:  00000000           addb rh0,#0x00
c864:  00000000           addb rh0,#0x00
c868:  00000000           addb rh0,#0x00
c86c:  00000000           addb rh0,#0x00
c870:  00000000           addb rh0,#0x00
c874:  00000000           addb rh0,#0x00
c878:  00000000           addb rh0,#0x00
c87c:  00000000           addb rh0,#0x00
c880:  00000000           addb rh0,#0x00
c884:  00000000           addb rh0,#0x00
c888:  00000000           addb rh0,#0x00
c88c:  00000000           addb rh0,#0x00
c890:  00000000           addb rh0,#0x00
c894:  00000000           addb rh0,#0x00
c898:  00000000           addb rh0,#0x00
c89c:  00000000           addb rh0,#0x00
c8a0:  00000000           addb rh0,#0x00
c8a4:  00000000           addb rh0,#0x00
c8a8:  00000000           addb rh0,#0x00
c8ac:  00000000           addb rh0,#0x00
c8b0:  00000000           addb rh0,#0x00
c8b4:  00000000           addb rh0,#0x00
c8b8:  00000000           addb rh0,#0x00
c8bc:  00000000           addb rh0,#0x00
c8c0:  00000000           addb rh0,#0x00
c8c4:  00000000           addb rh0,#0x00
c8c8:  00000000           addb rh0,#0x00
c8cc:  00000000           addb rh0,#0x00
c8d0:  00000000           addb rh0,#0x00
c8d4:  00000000           addb rh0,#0x00
c8d8:  00000000           addb rh0,#0x00
c8dc:  00000000           addb rh0,#0x00
c8e0:  00000000           addb rh0,#0x00
c8e4:  00000000           addb rh0,#0x00
c8e8:  00000000           addb rh0,#0x00
c8ec:  00000000           addb rh0,#0x00
c8f0:  00000000           addb rh0,#0x00
c8f4:  00000000           addb rh0,#0x00
c8f8:  00000000           addb rh0,#0x00
c8fc:  00000000           addb rh0,#0x00
c900:  00000000           addb rh0,#0x00
c904:  00000000           addb rh0,#0x00
c908:  00000000           addb rh0,#0x00
c90c:  00000000           addb rh0,#0x00
c910:  00000000           addb rh0,#0x00
c914:  00000000           addb rh0,#0x00
c918:  00000000           addb rh0,#0x00
c91c:  00000000           addb rh0,#0x00
c920:  00000000           addb rh0,#0x00
c924:  00000000           addb rh0,#0x00
c928:  00000000           addb rh0,#0x00
c92c:  00000000           addb rh0,#0x00
c930:  00000000           addb rh0,#0x00
c934:  00000000           addb rh0,#0x00
c938:  00000000           addb rh0,#0x00
c93c:  00000000           addb rh0,#0x00
c940:  00000000           addb rh0,#0x00
c944:  00000000           addb rh0,#0x00
c948:  00000000           addb rh0,#0x00
c94c:  00000000           addb rh0,#0x00
c950:  00000000           addb rh0,#0x00
c954:  00000000           addb rh0,#0x00
c958:  00000000           addb rh0,#0x00
c95c:  00000000           addb rh0,#0x00
c960:  00000000           addb rh0,#0x00
c964:  00000000           addb rh0,#0x00
c968:  00000000           addb rh0,#0x00
c96c:  00000000           addb rh0,#0x00
c970:  00000000           addb rh0,#0x00
c974:  00000000           addb rh0,#0x00
c978:  00000000           addb rh0,#0x00
c97c:  00000000           addb rh0,#0x00
c980:  00000000           addb rh0,#0x00
c984:  00000000           addb rh0,#0x00
c988:  00000000           addb rh0,#0x00
c98c:  00000000           addb rh0,#0x00
c990:  00000000           addb rh0,#0x00
c994:  00000000           addb rh0,#0x00
c998:  00000000           addb rh0,#0x00
c99c:  00000000           addb rh0,#0x00
c9a0:  00000000           addb rh0,#0x00
c9a4:  00000000           addb rh0,#0x00
c9a8:  00000000           addb rh0,#0x00
c9ac:  00000000           addb rh0,#0x00
c9b0:  00000000           addb rh0,#0x00
c9b4:  00000000           addb rh0,#0x00
c9b8:  00000000           addb rh0,#0x00
c9bc:  00000000           addb rh0,#0x00
c9c0:  00000000           addb rh0,#0x00
c9c4:  00000000           addb rh0,#0x00
c9c8:  00000000           addb rh0,#0x00
c9cc:  00000000           addb rh0,#0x00
c9d0:  00000000           addb rh0,#0x00
c9d4:  00000000           addb rh0,#0x00
c9d8:  00000000           addb rh0,#0x00
c9dc:  00000000           addb rh0,#0x00
c9e0:  00000000           addb rh0,#0x00
c9e4:  00000000           addb rh0,#0x00
c9e8:  00000000           addb rh0,#0x00
c9ec:  00000000           addb rh0,#0x00
c9f0:  00000000           addb rh0,#0x00
c9f4:  00000000           addb rh0,#0x00
c9f8:  00000000           addb rh0,#0x00
c9fc:  00000000           addb rh0,#0x00
ca00:  00000000           addb rh0,#0x00
ca04:  00000000           addb rh0,#0x00
ca08:  00000000           addb rh0,#0x00
ca0c:  00000000           addb rh0,#0x00
ca10:  00000000           addb rh0,#0x00
ca14:  00000000           addb rh0,#0x00
ca18:  00000000           addb rh0,#0x00
ca1c:  00000000           addb rh0,#0x00
ca20:  00000000           addb rh0,#0x00
ca24:  00000000           addb rh0,#0x00
ca28:  00000000           addb rh0,#0x00
ca2c:  00000000           addb rh0,#0x00
ca30:  00000000           addb rh0,#0x00
ca34:  00000000           addb rh0,#0x00
ca38:  00000000           addb rh0,#0x00
ca3c:  00000000           addb rh0,#0x00
ca40:  00000000           addb rh0,#0x00
ca44:  00000000           addb rh0,#0x00
ca48:  00000000           addb rh0,#0x00
ca4c:  00000000           addb rh0,#0x00
ca50:  00000000           addb rh0,#0x00
ca54:  00000000           addb rh0,#0x00
ca58:  00000000           addb rh0,#0x00
ca5c:  00000000           addb rh0,#0x00
ca60:  00000000           addb rh0,#0x00
ca64:  00000000           addb rh0,#0x00
ca68:  00000000           addb rh0,#0x00
ca6c:  00000000           addb rh0,#0x00
ca70:  00000000           addb rh0,#0x00
ca74:  00000000           addb rh0,#0x00
ca78:  00000000           addb rh0,#0x00
ca7c:  00000000           addb rh0,#0x00
ca80:  00000000           addb rh0,#0x00
ca84:  00000000           addb rh0,#0x00
ca88:  00000000           addb rh0,#0x00
ca8c:  00000000           addb rh0,#0x00
ca90:  00000000           addb rh0,#0x00
ca94:  00000000           addb rh0,#0x00
ca98:  00000000           addb rh0,#0x00
ca9c:  00000000           addb rh0,#0x00
caa0:  00000000           addb rh0,#0x00
caa4:  00000000           addb rh0,#0x00
caa8:  00000000           addb rh0,#0x00
caac:  00000000           addb rh0,#0x00
cab0:  00000000           addb rh0,#0x00
cab4:  00000000           addb rh0,#0x00
cab8:  00000000           addb rh0,#0x00
cabc:  00000000           addb rh0,#0x00
cac0:  00000000           addb rh0,#0x00
cac4:  00000000           addb rh0,#0x00
cac8:  00000000           addb rh0,#0x00
cacc:  00000000           addb rh0,#0x00
cad0:  00000000           addb rh0,#0x00
cad4:  00000000           addb rh0,#0x00
cad8:  00000000           addb rh0,#0x00
cadc:  00000000           addb rh0,#0x00
cae0:  00000000           addb rh0,#0x00
cae4:  00000000           addb rh0,#0x00
cae8:  00000000           addb rh0,#0x00
caec:  00000000           addb rh0,#0x00
caf0:  00000000           addb rh0,#0x00
caf4:  00000000           addb rh0,#0x00
caf8:  00000000           addb rh0,#0x00
cafc:  00000000           addb rh0,#0x00
cb00:  00000000           addb rh0,#0x00
cb04:  00000000           addb rh0,#0x00
cb08:  00000000           addb rh0,#0x00
cb0c:  00000000           addb rh0,#0x00
cb10:  00000000           addb rh0,#0x00
cb14:  00000000           addb rh0,#0x00
cb18:  00000000           addb rh0,#0x00
cb1c:  00000000           addb rh0,#0x00
cb20:  00000000           addb rh0,#0x00
cb24:  00000000           addb rh0,#0x00
cb28:  00000000           addb rh0,#0x00
cb2c:  00000000           addb rh0,#0x00
cb30:  00000000           addb rh0,#0x00
cb34:  00000000           addb rh0,#0x00
cb38:  00000000           addb rh0,#0x00
cb3c:  00000000           addb rh0,#0x00
cb40:  00000000           addb rh0,#0x00
cb44:  00000000           addb rh0,#0x00
cb48:  00000000           addb rh0,#0x00
cb4c:  00000000           addb rh0,#0x00
cb50:  00000000           addb rh0,#0x00
cb54:  00000000           addb rh0,#0x00
cb58:  00000000           addb rh0,#0x00
cb5c:  00000000           addb rh0,#0x00
cb60:  00000000           addb rh0,#0x00
cb64:  00000000           addb rh0,#0x00
cb68:  00000000           addb rh0,#0x00
cb6c:  00000000           addb rh0,#0x00
cb70:  00000000           addb rh0,#0x00
cb74:  00000000           addb rh0,#0x00
cb78:  00000000           addb rh0,#0x00
cb7c:  00000000           addb rh0,#0x00
cb80:  00000000           addb rh0,#0x00
cb84:  00000000           addb rh0,#0x00
cb88:  00000000           addb rh0,#0x00
cb8c:  00000000           addb rh0,#0x00
cb90:  00000000           addb rh0,#0x00
cb94:  00000000           addb rh0,#0x00
cb98:  00000000           addb rh0,#0x00
cb9c:  00000000           addb rh0,#0x00
cba0:  00000000           addb rh0,#0x00
cba4:  00000000           addb rh0,#0x00
cba8:  00000000           addb rh0,#0x00
cbac:  00000000           addb rh0,#0x00
cbb0:  00000000           addb rh0,#0x00
cbb4:  00000000           addb rh0,#0x00
cbb8:  00000000           addb rh0,#0x00
cbbc:  00000000           addb rh0,#0x00
cbc0:  00000000           addb rh0,#0x00
cbc4:  00000000           addb rh0,#0x00
cbc8:  00000000           addb rh0,#0x00
cbcc:  00000000           addb rh0,#0x00
cbd0:  00000000           addb rh0,#0x00
cbd4:  00000000           addb rh0,#0x00
cbd8:  00000000           addb rh0,#0x00
cbdc:  00000000           addb rh0,#0x00
cbe0:  00000000           addb rh0,#0x00
cbe4:  00000000           addb rh0,#0x00
cbe8:  00000000           addb rh0,#0x00
cbec:  00000000           addb rh0,#0x00
cbf0:  00000000           addb rh0,#0x00
cbf4:  00000000           addb rh0,#0x00
cbf8:  00000000           addb rh0,#0x00
cbfc:  00000000           addb rh0,#0x00
cc00:  00000000           addb rh0,#0x00
cc04:  00000000           addb rh0,#0x00
cc08:  00000000           addb rh0,#0x00
cc0c:  00000000           addb rh0,#0x00
cc10:  00000000           addb rh0,#0x00
cc14:  00000000           addb rh0,#0x00
cc18:  00000000           addb rh0,#0x00
cc1c:  00000000           addb rh0,#0x00
cc20:  00000000           addb rh0,#0x00
cc24:  00000000           addb rh0,#0x00
cc28:  00000000           addb rh0,#0x00
cc2c:  00000000           addb rh0,#0x00
cc30:  00000000           addb rh0,#0x00
cc34:  00000000           addb rh0,#0x00
cc38:  00000000           addb rh0,#0x00
cc3c:  00000000           addb rh0,#0x00
cc40:  00000000           addb rh0,#0x00
cc44:  00000000           addb rh0,#0x00
cc48:  00000000           addb rh0,#0x00
cc4c:  00000000           addb rh0,#0x00
cc50:  00000000           addb rh0,#0x00
cc54:  00000000           addb rh0,#0x00
cc58:  00000000           addb rh0,#0x00
cc5c:  00000000           addb rh0,#0x00
cc60:  00000000           addb rh0,#0x00
cc64:  00000000           addb rh0,#0x00
cc68:  00000000           addb rh0,#0x00
cc6c:  00000000           addb rh0,#0x00
cc70:  00000000           addb rh0,#0x00
cc74:  00000000           addb rh0,#0x00
cc78:  00000000           addb rh0,#0x00
cc7c:  00000000           addb rh0,#0x00
cc80:  00000000           addb rh0,#0x00
cc84:  00000000           addb rh0,#0x00
cc88:  00000000           addb rh0,#0x00
cc8c:  00000000           addb rh0,#0x00
cc90:  00000000           addb rh0,#0x00
cc94:  00000000           addb rh0,#0x00
cc98:  00000000           addb rh0,#0x00
cc9c:  00000000           addb rh0,#0x00
cca0:  00000000           addb rh0,#0x00
cca4:  00000000           addb rh0,#0x00
cca8:  00000000           addb rh0,#0x00
ccac:  00000000           addb rh0,#0x00
ccb0:  00000000           addb rh0,#0x00
ccb4:  00000000           addb rh0,#0x00
ccb8:  00000000           addb rh0,#0x00
ccbc:  00000000           addb rh0,#0x00
ccc0:  00000000           addb rh0,#0x00
ccc4:  00000000           addb rh0,#0x00
ccc8:  00000000           addb rh0,#0x00
cccc:  00000000           addb rh0,#0x00
ccd0:  00000000           addb rh0,#0x00
ccd4:  00000000           addb rh0,#0x00
ccd8:  00000000           addb rh0,#0x00
ccdc:  00000000           addb rh0,#0x00
cce0:  00000000           addb rh0,#0x00
cce4:  00000000           addb rh0,#0x00
cce8:  00000000           addb rh0,#0x00
ccec:  00000000           addb rh0,#0x00
ccf0:  00000000           addb rh0,#0x00
ccf4:  00000000           addb rh0,#0x00
ccf8:  00000000           addb rh0,#0x00
ccfc:  00000000           addb rh0,#0x00
cd00:  00000000           addb rh0,#0x00
cd04:  00000000           addb rh0,#0x00
cd08:  00000000           addb rh0,#0x00
cd0c:  00000000           addb rh0,#0x00
cd10:  00000000           addb rh0,#0x00
cd14:  00000000           addb rh0,#0x00
cd18:  00000000           addb rh0,#0x00
cd1c:  00000000           addb rh0,#0x00
cd20:  00000000           addb rh0,#0x00
cd24:  00000000           addb rh0,#0x00
cd28:  00000000           addb rh0,#0x00
cd2c:  00000000           addb rh0,#0x00
cd30:  00000000           addb rh0,#0x00
cd34:  00000000           addb rh0,#0x00
cd38:  00000000           addb rh0,#0x00
cd3c:  00000000           addb rh0,#0x00
cd40:  00000000           addb rh0,#0x00
cd44:  00000000           addb rh0,#0x00
cd48:  00000000           addb rh0,#0x00
cd4c:  00000000           addb rh0,#0x00
cd50:  00000000           addb rh0,#0x00
cd54:  00000000           addb rh0,#0x00
cd58:  00000000           addb rh0,#0x00
cd5c:  00000000           addb rh0,#0x00
cd60:  00000000           addb rh0,#0x00
cd64:  00000000           addb rh0,#0x00
cd68:  00000000           addb rh0,#0x00
cd6c:  00000000           addb rh0,#0x00
cd70:  00000000           addb rh0,#0x00
cd74:  00000000           addb rh0,#0x00
cd78:  00000000           addb rh0,#0x00
cd7c:  00000000           addb rh0,#0x00
cd80:  00000000           addb rh0,#0x00
cd84:  00000000           addb rh0,#0x00
cd88:  00000000           addb rh0,#0x00
cd8c:  00000000           addb rh0,#0x00
cd90:  00000000           addb rh0,#0x00
cd94:  00000000           addb rh0,#0x00
cd98:  00000000           addb rh0,#0x00
cd9c:  00000000           addb rh0,#0x00
cda0:  00000000           addb rh0,#0x00
cda4:  00000000           addb rh0,#0x00
cda8:  00000000           addb rh0,#0x00
cdac:  00000000           addb rh0,#0x00
cdb0:  00000000           addb rh0,#0x00
cdb4:  00000000           addb rh0,#0x00
cdb8:  00000000           addb rh0,#0x00
cdbc:  00000000           addb rh0,#0x00
cdc0:  00000000           addb rh0,#0x00
cdc4:  00000000           addb rh0,#0x00
cdc8:  00000000           addb rh0,#0x00
cdcc:  00000000           addb rh0,#0x00
cdd0:  00000000           addb rh0,#0x00
cdd4:  00000000           addb rh0,#0x00
cdd8:  00000000           addb rh0,#0x00
cddc:  00000000           addb rh0,#0x00
cde0:  00000000           addb rh0,#0x00
cde4:  00000000           addb rh0,#0x00
cde8:  00000000           addb rh0,#0x00
cdec:  00000000           addb rh0,#0x00
cdf0:  00000000           addb rh0,#0x00
cdf4:  00000000           addb rh0,#0x00
cdf8:  00000000           addb rh0,#0x00
cdfc:  00000000           addb rh0,#0x00
ce00:  00000000           addb rh0,#0x00
ce04:  00000000           addb rh0,#0x00
ce08:  00000000           addb rh0,#0x00
ce0c:  00000000           addb rh0,#0x00
ce10:  00000000           addb rh0,#0x00
ce14:  00000000           addb rh0,#0x00
ce18:  00000000           addb rh0,#0x00
ce1c:  00000000           addb rh0,#0x00
ce20:  00000000           addb rh0,#0x00
ce24:  00000000           addb rh0,#0x00
ce28:  00000000           addb rh0,#0x00
ce2c:  00000000           addb rh0,#0x00
ce30:  00000000           addb rh0,#0x00
ce34:  00000000           addb rh0,#0x00
ce38:  00000000           addb rh0,#0x00
ce3c:  00000000           addb rh0,#0x00
ce40:  00000000           addb rh0,#0x00
ce44:  00000000           addb rh0,#0x00
ce48:  00000000           addb rh0,#0x00
ce4c:  00000000           addb rh0,#0x00
ce50:  00000000           addb rh0,#0x00
ce54:  00000000           addb rh0,#0x00
ce58:  00000000           addb rh0,#0x00
ce5c:  00000000           addb rh0,#0x00
ce60:  00000000           addb rh0,#0x00
ce64:  00000000           addb rh0,#0x00
ce68:  00000000           addb rh0,#0x00
ce6c:  00000000           addb rh0,#0x00
ce70:  00000000           addb rh0,#0x00
ce74:  00000000           addb rh0,#0x00
ce78:  00000000           addb rh0,#0x00
ce7c:  00000000           addb rh0,#0x00
ce80:  00000000           addb rh0,#0x00
ce84:  00000000           addb rh0,#0x00
ce88:  00000000           addb rh0,#0x00
ce8c:  00000000           addb rh0,#0x00
ce90:  00000000           addb rh0,#0x00
ce94:  00000000           addb rh0,#0x00
ce98:  00000000           addb rh0,#0x00
ce9c:  00000000           addb rh0,#0x00
cea0:  00000000           addb rh0,#0x00
cea4:  00000000           addb rh0,#0x00
cea8:  00000000           addb rh0,#0x00
ceac:  00000000           addb rh0,#0x00
ceb0:  00000000           addb rh0,#0x00
ceb4:  00000000           addb rh0,#0x00
ceb8:  00000000           addb rh0,#0x00
cebc:  00000000           addb rh0,#0x00
cec0:  00000000           addb rh0,#0x00
cec4:  00000000           addb rh0,#0x00
cec8:  00000000           addb rh0,#0x00
cecc:  00000000           addb rh0,#0x00
ced0:  00000000           addb rh0,#0x00
ced4:  00000000           addb rh0,#0x00
ced8:  00000000           addb rh0,#0x00
cedc:  00000000           addb rh0,#0x00
cee0:  00000000           addb rh0,#0x00
cee4:  00000000           addb rh0,#0x00
cee8:  00000000           addb rh0,#0x00
ceec:  00000000           addb rh0,#0x00
cef0:  00000000           addb rh0,#0x00
cef4:  00000000           addb rh0,#0x00
cef8:  00000000           addb rh0,#0x00
cefc:  00000000           addb rh0,#0x00
cf00:  00000000           addb rh0,#0x00
cf04:  00000000           addb rh0,#0x00
cf08:  00000000           addb rh0,#0x00
cf0c:  00000000           addb rh0,#0x00
cf10:  00000000           addb rh0,#0x00
cf14:  00000000           addb rh0,#0x00
cf18:  00000000           addb rh0,#0x00
cf1c:  00000000           addb rh0,#0x00
cf20:  00000000           addb rh0,#0x00
cf24:  00000000           addb rh0,#0x00
cf28:  00000000           addb rh0,#0x00
cf2c:  00000000           addb rh0,#0x00
cf30:  00000000           addb rh0,#0x00
cf34:  00000000           addb rh0,#0x00
cf38:  00000000           addb rh0,#0x00
cf3c:  00000000           addb rh0,#0x00
cf40:  00000000           addb rh0,#0x00
cf44:  00000000           addb rh0,#0x00
cf48:  00000000           addb rh0,#0x00
cf4c:  00000000           addb rh0,#0x00
cf50:  00000000           addb rh0,#0x00
cf54:  00000000           addb rh0,#0x00
cf58:  00000000           addb rh0,#0x00
cf5c:  00000000           addb rh0,#0x00
cf60:  00000000           addb rh0,#0x00
cf64:  00000000           addb rh0,#0x00
cf68:  00000000           addb rh0,#0x00
cf6c:  00000000           addb rh0,#0x00
cf70:  00000000           addb rh0,#0x00
cf74:  00000000           addb rh0,#0x00
cf78:  00000000           addb rh0,#0x00
cf7c:  00000000           addb rh0,#0x00
cf80:  00000000           addb rh0,#0x00
cf84:  00000000           addb rh0,#0x00
cf88:  00000000           addb rh0,#0x00
cf8c:  00000000           addb rh0,#0x00
cf90:  00000000           addb rh0,#0x00
cf94:  00000000           addb rh0,#0x00
cf98:  00000000           addb rh0,#0x00
cf9c:  00000000           addb rh0,#0x00
cfa0:  00000000           addb rh0,#0x00
cfa4:  00000000           addb rh0,#0x00
cfa8:  00000000           addb rh0,#0x00
cfac:  00000000           addb rh0,#0x00
cfb0:  00000000           addb rh0,#0x00
cfb4:  00000000           addb rh0,#0x00
cfb8:  00000000           addb rh0,#0x00
cfbc:  00000000           addb rh0,#0x00
cfc0:  00000000           addb rh0,#0x00
cfc4:  00000000           addb rh0,#0x00
cfc8:  00000000           addb rh0,#0x00
cfcc:  00000000           addb rh0,#0x00
cfd0:  00000000           addb rh0,#0x00
cfd4:  00000000           addb rh0,#0x00
cfd8:  00000000           addb rh0,#0x00
cfdc:  00000000           addb rh0,#0x00
cfe0:  00000000           addb rh0,#0x00
cfe4:  00000000           addb rh0,#0x00
cfe8:  00000000           addb rh0,#0x00
cfec:  00000000           addb rh0,#0x00
cff0:  00000000           addb rh0,#0x00
cff4:  00000000           addb rh0,#0x00
cff8:  00000000           addb rh0,#0x00
cffc:  00000000           addb rh0,#0x00
d000:  00000000           addb rh0,#0x00
d004:  00000000           addb rh0,#0x00
d008:  00000000           addb rh0,#0x00
d00c:  00000000           addb rh0,#0x00
d010:  00000000           addb rh0,#0x00
d014:  00000000           addb rh0,#0x00
d018:  00000000           addb rh0,#0x00
d01c:  00000000           addb rh0,#0x00
d020:  00000000           addb rh0,#0x00
d024:  00000000           addb rh0,#0x00
d028:  00000000           addb rh0,#0x00
d02c:  00000000           addb rh0,#0x00
d030:  00000000           addb rh0,#0x00
d034:  00000000           addb rh0,#0x00
d038:  00000000           addb rh0,#0x00
d03c:  00000000           addb rh0,#0x00
d040:  00000000           addb rh0,#0x00
d044:  00000000           addb rh0,#0x00
d048:  00000000           addb rh0,#0x00
d04c:  00000000           addb rh0,#0x00
d050:  00000000           addb rh0,#0x00
d054:  00000000           addb rh0,#0x00
d058:  00000000           addb rh0,#0x00
d05c:  00000000           addb rh0,#0x00
d060:  00000000           addb rh0,#0x00
d064:  00000000           addb rh0,#0x00
d068:  00000000           addb rh0,#0x00
d06c:  00000000           addb rh0,#0x00
d070:  00000000           addb rh0,#0x00
d074:  00000000           addb rh0,#0x00
d078:  00000000           addb rh0,#0x00
d07c:  00000000           addb rh0,#0x00
d080:  00000000           addb rh0,#0x00
d084:  00000000           addb rh0,#0x00
d088:  00000000           addb rh0,#0x00
d08c:  00000000           addb rh0,#0x00
d090:  00000000           addb rh0,#0x00
d094:  00000000           addb rh0,#0x00
d098:  00000000           addb rh0,#0x00
d09c:  00000000           addb rh0,#0x00
d0a0:  00000000           addb rh0,#0x00
d0a4:  00000000           addb rh0,#0x00
d0a8:  00000000           addb rh0,#0x00
d0ac:  00000000           addb rh0,#0x00
d0b0:  00000000           addb rh0,#0x00
d0b4:  00000000           addb rh0,#0x00
d0b8:  00000000           addb rh0,#0x00
d0bc:  00000000           addb rh0,#0x00
d0c0:  00000000           addb rh0,#0x00
d0c4:  00000000           addb rh0,#0x00
d0c8:  00000000           addb rh0,#0x00
d0cc:  00000000           addb rh0,#0x00
d0d0:  00000000           addb rh0,#0x00
d0d4:  00000000           addb rh0,#0x00
d0d8:  00000000           addb rh0,#0x00
d0dc:  00000000           addb rh0,#0x00
d0e0:  00000000           addb rh0,#0x00
d0e4:  00000000           addb rh0,#0x00
d0e8:  00000000           addb rh0,#0x00
d0ec:  00000000           addb rh0,#0x00
d0f0:  00000000           addb rh0,#0x00
d0f4:  00000000           addb rh0,#0x00
d0f8:  00000000           addb rh0,#0x00
d0fc:  00000000           addb rh0,#0x00
d100:  00000000           addb rh0,#0x00
d104:  00000000           addb rh0,#0x00
d108:  00000000           addb rh0,#0x00
d10c:  00000000           addb rh0,#0x00
d110:  00000000           addb rh0,#0x00
d114:  00000000           addb rh0,#0x00
d118:  00000000           addb rh0,#0x00
d11c:  00000000           addb rh0,#0x00
d120:  00000000           addb rh0,#0x00
d124:  00000000           addb rh0,#0x00
d128:  00000000           addb rh0,#0x00
d12c:  00000000           addb rh0,#0x00
d130:  00000000           addb rh0,#0x00
d134:  00000000           addb rh0,#0x00
d138:  00000000           addb rh0,#0x00
d13c:  00000000           addb rh0,#0x00
d140:  00000000           addb rh0,#0x00
d144:  00000000           addb rh0,#0x00
d148:  00000000           addb rh0,#0x00
d14c:  00000000           addb rh0,#0x00
d150:  00000000           addb rh0,#0x00
d154:  00000000           addb rh0,#0x00
d158:  00000000           addb rh0,#0x00
d15c:  00000000           addb rh0,#0x00
d160:  00000000           addb rh0,#0x00
d164:  00000000           addb rh0,#0x00
d168:  00000000           addb rh0,#0x00
d16c:  00000000           addb rh0,#0x00
d170:  00000000           addb rh0,#0x00
d174:  00000000           addb rh0,#0x00
d178:  00000000           addb rh0,#0x00
d17c:  00000000           addb rh0,#0x00
d180:  00000000           addb rh0,#0x00
d184:  00000000           addb rh0,#0x00
d188:  00000000           addb rh0,#0x00
d18c:  00000000           addb rh0,#0x00
d190:  00000000           addb rh0,#0x00
d194:  00000000           addb rh0,#0x00
d198:  00000000           addb rh0,#0x00
d19c:  00000000           addb rh0,#0x00
d1a0:  00000000           addb rh0,#0x00
d1a4:  00000000           addb rh0,#0x00
d1a8:  00000000           addb rh0,#0x00
d1ac:  00000000           addb rh0,#0x00
d1b0:  00000000           addb rh0,#0x00
d1b4:  00000000           addb rh0,#0x00
d1b8:  00000000           addb rh0,#0x00
d1bc:  00000000           addb rh0,#0x00
d1c0:  00000000           addb rh0,#0x00
d1c4:  00000000           addb rh0,#0x00
d1c8:  00000000           addb rh0,#0x00
d1cc:  00000000           addb rh0,#0x00
d1d0:  00000000           addb rh0,#0x00
d1d4:  00000000           addb rh0,#0x00
d1d8:  00000000           addb rh0,#0x00
d1dc:  00000000           addb rh0,#0x00
d1e0:  00000000           addb rh0,#0x00
d1e4:  00000000           addb rh0,#0x00
d1e8:  00000000           addb rh0,#0x00
d1ec:  00000000           addb rh0,#0x00
d1f0:  00000000           addb rh0,#0x00
d1f4:  00000000           addb rh0,#0x00
d1f8:  00000000           addb rh0,#0x00
d1fc:  00000000           addb rh0,#0x00
d200:  00000000           addb rh0,#0x00
d204:  00000000           addb rh0,#0x00
d208:  00000000           addb rh0,#0x00
d20c:  00000000           addb rh0,#0x00
d210:  00000000           addb rh0,#0x00
d214:  00000000           addb rh0,#0x00
d218:  00000000           addb rh0,#0x00
d21c:  00000000           addb rh0,#0x00
d220:  00000000           addb rh0,#0x00
d224:  00000000           addb rh0,#0x00
d228:  00000000           addb rh0,#0x00
d22c:  00000000           addb rh0,#0x00
d230:  00000000           addb rh0,#0x00
d234:  00000000           addb rh0,#0x00
d238:  00000000           addb rh0,#0x00
d23c:  00000000           addb rh0,#0x00
d240:  00000000           addb rh0,#0x00
d244:  00000000           addb rh0,#0x00
d248:  00000000           addb rh0,#0x00
d24c:  00000000           addb rh0,#0x00
d250:  00000000           addb rh0,#0x00
d254:  00000000           addb rh0,#0x00
d258:  00000000           addb rh0,#0x00
d25c:  00000000           addb rh0,#0x00
d260:  00000000           addb rh0,#0x00
d264:  00000000           addb rh0,#0x00
d268:  00000000           addb rh0,#0x00
d26c:  00000000           addb rh0,#0x00
d270:  00000000           addb rh0,#0x00
d274:  00000000           addb rh0,#0x00
d278:  00000000           addb rh0,#0x00
d27c:  00000000           addb rh0,#0x00
d280:  00000000           addb rh0,#0x00
d284:  00000000           addb rh0,#0x00
d288:  00000000           addb rh0,#0x00
d28c:  00000000           addb rh0,#0x00
d290:  00000000           addb rh0,#0x00
d294:  00000000           addb rh0,#0x00
d298:  00000000           addb rh0,#0x00
d29c:  00000000           addb rh0,#0x00
d2a0:  00000000           addb rh0,#0x00
d2a4:  00000000           addb rh0,#0x00
d2a8:  00000000           addb rh0,#0x00
d2ac:  00000000           addb rh0,#0x00
d2b0:  00000000           addb rh0,#0x00
d2b4:  00000000           addb rh0,#0x00
d2b8:  00000000           addb rh0,#0x00
d2bc:  00000000           addb rh0,#0x00
d2c0:  00000000           addb rh0,#0x00
d2c4:  00000000           addb rh0,#0x00
d2c8:  00000000           addb rh0,#0x00
d2cc:  00000000           addb rh0,#0x00
d2d0:  00000000           addb rh0,#0x00
d2d4:  00000000           addb rh0,#0x00
d2d8:  00000000           addb rh0,#0x00
d2dc:  00000000           addb rh0,#0x00
d2e0:  00000000           addb rh0,#0x00
d2e4:  00000000           addb rh0,#0x00
d2e8:  00000000           addb rh0,#0x00
d2ec:  00000000           addb rh0,#0x00
d2f0:  00000000           addb rh0,#0x00
d2f4:  00000000           addb rh0,#0x00
d2f8:  00000000           addb rh0,#0x00
d2fc:  00000000           addb rh0,#0x00
d300:  00000000           addb rh0,#0x00
d304:  00000000           addb rh0,#0x00
d308:  00000000           addb rh0,#0x00
d30c:  00000000           addb rh0,#0x00
d310:  00000000           addb rh0,#0x00
d314:  00000000           addb rh0,#0x00
d318:  00000000           addb rh0,#0x00
d31c:  00000000           addb rh0,#0x00
d320:  00000000           addb rh0,#0x00
d324:  00000000           addb rh0,#0x00
d328:  00000000           addb rh0,#0x00
d32c:  00000000           addb rh0,#0x00
d330:  00000000           addb rh0,#0x00
d334:  00000000           addb rh0,#0x00
d338:  00000000           addb rh0,#0x00
d33c:  00000000           addb rh0,#0x00
d340:  00000000           addb rh0,#0x00
d344:  00000000           addb rh0,#0x00
d348:  00000000           addb rh0,#0x00
d34c:  00000000           addb rh0,#0x00
d350:  00000000           addb rh0,#0x00
d354:  00000000           addb rh0,#0x00
d358:  00000000           addb rh0,#0x00
d35c:  00000000           addb rh0,#0x00
d360:  00000000           addb rh0,#0x00
d364:  00000000           addb rh0,#0x00
d368:  00000000           addb rh0,#0x00
d36c:  00000000           addb rh0,#0x00
d370:  00000000           addb rh0,#0x00
d374:  00000000           addb rh0,#0x00
d378:  00000000           addb rh0,#0x00
d37c:  00000000           addb rh0,#0x00
d380:  00000000           addb rh0,#0x00
d384:  00000000           addb rh0,#0x00
d388:  00000000           addb rh0,#0x00
d38c:  00000000           addb rh0,#0x00
d390:  00000000           addb rh0,#0x00
d394:  00000000           addb rh0,#0x00
d398:  00000000           addb rh0,#0x00
d39c:  00000000           addb rh0,#0x00
d3a0:  00000000           addb rh0,#0x00
d3a4:  00000000           addb rh0,#0x00
d3a8:  00000000           addb rh0,#0x00
d3ac:  00000000           addb rh0,#0x00
d3b0:  00000000           addb rh0,#0x00
d3b4:  00000000           addb rh0,#0x00
d3b8:  00000000           addb rh0,#0x00
d3bc:  00000000           addb rh0,#0x00
d3c0:  00000000           addb rh0,#0x00
d3c4:  00000000           addb rh0,#0x00
d3c8:  00000000           addb rh0,#0x00
d3cc:  00000000           addb rh0,#0x00
d3d0:  00000000           addb rh0,#0x00
d3d4:  00000000           addb rh0,#0x00
d3d8:  00000000           addb rh0,#0x00
d3dc:  00000000           addb rh0,#0x00
d3e0:  00000000           addb rh0,#0x00
d3e4:  00000000           addb rh0,#0x00
d3e8:  00000000           addb rh0,#0x00
d3ec:  00000000           addb rh0,#0x00
d3f0:  00000000           addb rh0,#0x00
d3f4:  00000000           addb rh0,#0x00
d3f8:  00000000           addb rh0,#0x00
d3fc:  00000000           addb rh0,#0x00
d400:  00000000           addb rh0,#0x00
d404:  00000000           addb rh0,#0x00
d408:  00000000           addb rh0,#0x00
d40c:  00000000           addb rh0,#0x00
d410:  00000000           addb rh0,#0x00
d414:  00000000           addb rh0,#0x00
d418:  00000000           addb rh0,#0x00
d41c:  00000000           addb rh0,#0x00
d420:  00000000           addb rh0,#0x00
d424:  00000000           addb rh0,#0x00
d428:  00000000           addb rh0,#0x00
d42c:  00000000           addb rh0,#0x00
d430:  00000000           addb rh0,#0x00
d434:  00000000           addb rh0,#0x00
d438:  00000000           addb rh0,#0x00
d43c:  00000000           addb rh0,#0x00
d440:  00000000           addb rh0,#0x00
d444:  00000000           addb rh0,#0x00
d448:  00000000           addb rh0,#0x00
d44c:  00000000           addb rh0,#0x00
d450:  00000000           addb rh0,#0x00
d454:  00000000           addb rh0,#0x00
d458:  00000000           addb rh0,#0x00
d45c:  00000000           addb rh0,#0x00
d460:  00000000           addb rh0,#0x00
d464:  00000000           addb rh0,#0x00
d468:  00000000           addb rh0,#0x00
d46c:  00000000           addb rh0,#0x00
d470:  00000000           addb rh0,#0x00
d474:  00000000           addb rh0,#0x00
d478:  00000000           addb rh0,#0x00
d47c:  00000000           addb rh0,#0x00
d480:  00000000           addb rh0,#0x00
d484:  00000000           addb rh0,#0x00
d488:  00000000           addb rh0,#0x00
d48c:  00000000           addb rh0,#0x00
d490:  00000000           addb rh0,#0x00
d494:  00000000           addb rh0,#0x00
d498:  00000000           addb rh0,#0x00
d49c:  00000000           addb rh0,#0x00
d4a0:  00000000           addb rh0,#0x00
d4a4:  00000000           addb rh0,#0x00
d4a8:  00000000           addb rh0,#0x00
d4ac:  00000000           addb rh0,#0x00
d4b0:  00000000           addb rh0,#0x00
d4b4:  00000000           addb rh0,#0x00
d4b8:  00000000           addb rh0,#0x00
d4bc:  00000000           addb rh0,#0x00
d4c0:  00000000           addb rh0,#0x00
d4c4:  00000000           addb rh0,#0x00
d4c8:  00000000           addb rh0,#0x00
d4cc:  00000000           addb rh0,#0x00
d4d0:  00000000           addb rh0,#0x00
d4d4:  00000000           addb rh0,#0x00
d4d8:  00000000           addb rh0,#0x00
d4dc:  00000000           addb rh0,#0x00
d4e0:  00000000           addb rh0,#0x00
d4e4:  00000000           addb rh0,#0x00
d4e8:  00000000           addb rh0,#0x00
d4ec:  00000000           addb rh0,#0x00
d4f0:  00000000           addb rh0,#0x00
d4f4:  00000000           addb rh0,#0x00
d4f8:  00000000           addb rh0,#0x00
d4fc:  00000000           addb rh0,#0x00
d500:  00000000           addb rh0,#0x00
d504:  00000000           addb rh0,#0x00
d508:  00000000           addb rh0,#0x00
d50c:  00000000           addb rh0,#0x00
d510:  00000000           addb rh0,#0x00
d514:  00000000           addb rh0,#0x00
d518:  00000000           addb rh0,#0x00
d51c:  00000000           addb rh0,#0x00
d520:  00000000           addb rh0,#0x00
d524:  00000000           addb rh0,#0x00
d528:  00000000           addb rh0,#0x00
d52c:  00000000           addb rh0,#0x00
d530:  00000000           addb rh0,#0x00
d534:  00000000           addb rh0,#0x00
d538:  00000000           addb rh0,#0x00
d53c:  00000000           addb rh0,#0x00
d540:  00000000           addb rh0,#0x00
d544:  00000000           addb rh0,#0x00
d548:  00000000           addb rh0,#0x00
d54c:  00000000           addb rh0,#0x00
d550:  00000000           addb rh0,#0x00
d554:  00000000           addb rh0,#0x00
d558:  00000000           addb rh0,#0x00
d55c:  00000000           addb rh0,#0x00
d560:  00000000           addb rh0,#0x00
d564:  00000000           addb rh0,#0x00
d568:  00000000           addb rh0,#0x00
d56c:  00000000           addb rh0,#0x00
d570:  00000000           addb rh0,#0x00
d574:  00000000           addb rh0,#0x00
d578:  00000000           addb rh0,#0x00
d57c:  00000000           addb rh0,#0x00
d580:  00000000           addb rh0,#0x00
d584:  00000000           addb rh0,#0x00
d588:  00000000           addb rh0,#0x00
d58c:  00000000           addb rh0,#0x00
d590:  00000000           addb rh0,#0x00
d594:  00000000           addb rh0,#0x00
d598:  00000000           addb rh0,#0x00
d59c:  00000000           addb rh0,#0x00
d5a0:  00000000           addb rh0,#0x00
d5a4:  00000000           addb rh0,#0x00
d5a8:  00000000           addb rh0,#0x00
d5ac:  00000000           addb rh0,#0x00
d5b0:  00000000           addb rh0,#0x00
d5b4:  00000000           addb rh0,#0x00
d5b8:  00000000           addb rh0,#0x00
d5bc:  00000000           addb rh0,#0x00
d5c0:  00000000           addb rh0,#0x00
d5c4:  00000000           addb rh0,#0x00
d5c8:  00000000           addb rh0,#0x00
d5cc:  00000000           addb rh0,#0x00
d5d0:  00000000           addb rh0,#0x00
d5d4:  00000000           addb rh0,#0x00
d5d8:  00000000           addb rh0,#0x00
d5dc:  00000000           addb rh0,#0x00
d5e0:  00000000           addb rh0,#0x00
d5e4:  00000000           addb rh0,#0x00
d5e8:  00000000           addb rh0,#0x00
d5ec:  00000000           addb rh0,#0x00
d5f0:  00000000           addb rh0,#0x00
d5f4:  00000000           addb rh0,#0x00
d5f8:  00000000           addb rh0,#0x00
d5fc:  00000000           addb rh0,#0x00
d600:  00000000           addb rh0,#0x00
d604:  00000000           addb rh0,#0x00
d608:  00000000           addb rh0,#0x00
d60c:  00000000           addb rh0,#0x00
d610:  00000000           addb rh0,#0x00
d614:  00000000           addb rh0,#0x00
d618:  00000000           addb rh0,#0x00
d61c:  00000000           addb rh0,#0x00
d620:  00000000           addb rh0,#0x00
d624:  00000000           addb rh0,#0x00
d628:  00000000           addb rh0,#0x00
d62c:  00000000           addb rh0,#0x00
d630:  00000000           addb rh0,#0x00
d634:  00000000           addb rh0,#0x00
d638:  00000000           addb rh0,#0x00
d63c:  00000000           addb rh0,#0x00
d640:  00000000           addb rh0,#0x00
d644:  00000000           addb rh0,#0x00
d648:  00000000           addb rh0,#0x00
d64c:  00000000           addb rh0,#0x00
d650:  00000000           addb rh0,#0x00
d654:  00000000           addb rh0,#0x00
d658:  00000000           addb rh0,#0x00
d65c:  00000000           addb rh0,#0x00
d660:  00000000           addb rh0,#0x00
d664:  00000000           addb rh0,#0x00
d668:  00000000           addb rh0,#0x00
d66c:  00000000           addb rh0,#0x00
d670:  00000000           addb rh0,#0x00
d674:  00000000           addb rh0,#0x00
d678:  00000000           addb rh0,#0x00
d67c:  00000000           addb rh0,#0x00
d680:  00000000           addb rh0,#0x00
d684:  00000000           addb rh0,#0x00
d688:  00000000           addb rh0,#0x00
d68c:  00000000           addb rh0,#0x00
d690:  00000000           addb rh0,#0x00
d694:  00000000           addb rh0,#0x00
d698:  00000000           addb rh0,#0x00
d69c:  00000000           addb rh0,#0x00
d6a0:  00000000           addb rh0,#0x00
d6a4:  00000000           addb rh0,#0x00
d6a8:  00000000           addb rh0,#0x00
d6ac:  00000000           addb rh0,#0x00
d6b0:  00000000           addb rh0,#0x00
d6b4:  00000000           addb rh0,#0x00
d6b8:  00000000           addb rh0,#0x00
d6bc:  00000000           addb rh0,#0x00
d6c0:  00000000           addb rh0,#0x00
d6c4:  00000000           addb rh0,#0x00
d6c8:  00000000           addb rh0,#0x00
d6cc:  00000000           addb rh0,#0x00
d6d0:  00000000           addb rh0,#0x00
d6d4:  00000000           addb rh0,#0x00
d6d8:  00000000           addb rh0,#0x00
d6dc:  00000000           addb rh0,#0x00
d6e0:  00000000           addb rh0,#0x00
d6e4:  00000000           addb rh0,#0x00
d6e8:  00000000           addb rh0,#0x00
d6ec:  00000000           addb rh0,#0x00
d6f0:  00000000           addb rh0,#0x00
d6f4:  00000000           addb rh0,#0x00
d6f8:  00000000           addb rh0,#0x00
d6fc:  00000000           addb rh0,#0x00
d700:  00000000           addb rh0,#0x00
d704:  00000000           addb rh0,#0x00
d708:  00000000           addb rh0,#0x00
d70c:  00000000           addb rh0,#0x00
d710:  00000000           addb rh0,#0x00
d714:  00000000           addb rh0,#0x00
d718:  00000000           addb rh0,#0x00
d71c:  00000000           addb rh0,#0x00
d720:  00000000           addb rh0,#0x00
d724:  00000000           addb rh0,#0x00
d728:  00000000           addb rh0,#0x00
d72c:  00000000           addb rh0,#0x00
d730:  00000000           addb rh0,#0x00
d734:  00000000           addb rh0,#0x00
d738:  00000000           addb rh0,#0x00
d73c:  00000000           addb rh0,#0x00
d740:  00000000           addb rh0,#0x00
d744:  00000000           addb rh0,#0x00
d748:  00000000           addb rh0,#0x00
d74c:  00000000           addb rh0,#0x00
d750:  00000000           addb rh0,#0x00
d754:  00000000           addb rh0,#0x00
d758:  00000000           addb rh0,#0x00
d75c:  00000000           addb rh0,#0x00
d760:  00000000           addb rh0,#0x00
d764:  00000000           addb rh0,#0x00
d768:  00000000           addb rh0,#0x00
d76c:  00000000           addb rh0,#0x00
d770:  00000000           addb rh0,#0x00
d774:  00000000           addb rh0,#0x00
d778:  00000000           addb rh0,#0x00
d77c:  00000000           addb rh0,#0x00
d780:  00000000           addb rh0,#0x00
d784:  00000000           addb rh0,#0x00
d788:  00000000           addb rh0,#0x00
d78c:  00000000           addb rh0,#0x00
d790:  00000000           addb rh0,#0x00
d794:  00000000           addb rh0,#0x00
d798:  00000000           addb rh0,#0x00
d79c:  00000000           addb rh0,#0x00
d7a0:  00000000           addb rh0,#0x00
d7a4:  00000000           addb rh0,#0x00
d7a8:  00000000           addb rh0,#0x00
d7ac:  00000000           addb rh0,#0x00
d7b0:  00000000           addb rh0,#0x00
d7b4:  00000000           addb rh0,#0x00
d7b8:  00000000           addb rh0,#0x00
d7bc:  00000000           addb rh0,#0x00
d7c0:  00000000           addb rh0,#0x00
d7c4:  00000000           addb rh0,#0x00
d7c8:  00000000           addb rh0,#0x00
d7cc:  00000000           addb rh0,#0x00
d7d0:  00000000           addb rh0,#0x00
d7d4:  00000000           addb rh0,#0x00
d7d8:  00000000           addb rh0,#0x00
d7dc:  00000000           addb rh0,#0x00
d7e0:  00000000           addb rh0,#0x00
d7e4:  00000000           addb rh0,#0x00
d7e8:  00000000           addb rh0,#0x00
d7ec:  00000000           addb rh0,#0x00
d7f0:  00000000           addb rh0,#0x00
d7f4:  00000000           addb rh0,#0x00
d7f8:  00000000           addb rh0,#0x00
d7fc:  00000000           addb rh0,#0x00
d800:  00000000           addb rh0,#0x00
d804:  00000000           addb rh0,#0x00
d808:  00000000           addb rh0,#0x00
d80c:  00000000           addb rh0,#0x00
d810:  00000000           addb rh0,#0x00
d814:  00000000           addb rh0,#0x00
d818:  00000000           addb rh0,#0x00
d81c:  00000000           addb rh0,#0x00
d820:  00000000           addb rh0,#0x00
d824:  00000000           addb rh0,#0x00
d828:  00000000           addb rh0,#0x00
d82c:  00000000           addb rh0,#0x00
d830:  00000000           addb rh0,#0x00
d834:  00000000           addb rh0,#0x00
d838:  00000000           addb rh0,#0x00
d83c:  00000000           addb rh0,#0x00
d840:  00000000           addb rh0,#0x00
d844:  00000000           addb rh0,#0x00
d848:  00000000           addb rh0,#0x00
d84c:  00000000           addb rh0,#0x00
d850:  00000000           addb rh0,#0x00
d854:  00000000           addb rh0,#0x00
d858:  00000000           addb rh0,#0x00
d85c:  00000000           addb rh0,#0x00
d860:  00000000           addb rh0,#0x00
d864:  00000000           addb rh0,#0x00
d868:  00000000           addb rh0,#0x00
d86c:  00000000           addb rh0,#0x00
d870:  00000000           addb rh0,#0x00
d874:  00000000           addb rh0,#0x00
d878:  00000000           addb rh0,#0x00
d87c:  00000000           addb rh0,#0x00
d880:  00000000           addb rh0,#0x00
d884:  00000000           addb rh0,#0x00
d888:  00000000           addb rh0,#0x00
d88c:  00000000           addb rh0,#0x00
d890:  00000000           addb rh0,#0x00
d894:  00000000           addb rh0,#0x00
d898:  00000000           addb rh0,#0x00
d89c:  00000000           addb rh0,#0x00
d8a0:  00000000           addb rh0,#0x00
d8a4:  00000000           addb rh0,#0x00
d8a8:  00000000           addb rh0,#0x00
d8ac:  00000000           addb rh0,#0x00
d8b0:  00000000           addb rh0,#0x00
d8b4:  00000000           addb rh0,#0x00
d8b8:  00000000           addb rh0,#0x00
d8bc:  00000000           addb rh0,#0x00
d8c0:  00000000           addb rh0,#0x00
d8c4:  00000000           addb rh0,#0x00
d8c8:  00000000           addb rh0,#0x00
d8cc:  00000000           addb rh0,#0x00
d8d0:  00000000           addb rh0,#0x00
d8d4:  00000000           addb rh0,#0x00
d8d8:  00000000           addb rh0,#0x00
d8dc:  00000000           addb rh0,#0x00
d8e0:  00000000           addb rh0,#0x00
d8e4:  00000000           addb rh0,#0x00
d8e8:  00000000           addb rh0,#0x00
d8ec:  00000000           addb rh0,#0x00
d8f0:  00000000           addb rh0,#0x00
d8f4:  00000000           addb rh0,#0x00
d8f8:  00000000           addb rh0,#0x00
d8fc:  00000000           addb rh0,#0x00
d900:  00000000           addb rh0,#0x00
d904:  00000000           addb rh0,#0x00
d908:  00000000           addb rh0,#0x00
d90c:  00000000           addb rh0,#0x00
d910:  00000000           addb rh0,#0x00
d914:  00000000           addb rh0,#0x00
d918:  00000000           addb rh0,#0x00
d91c:  00000000           addb rh0,#0x00
d920:  00000000           addb rh0,#0x00
d924:  00000000           addb rh0,#0x00
d928:  00000000           addb rh0,#0x00
d92c:  00000000           addb rh0,#0x00
d930:  00000000           addb rh0,#0x00
d934:  00000000           addb rh0,#0x00
d938:  00000000           addb rh0,#0x00
d93c:  00000000           addb rh0,#0x00
d940:  00000000           addb rh0,#0x00
d944:  00000000           addb rh0,#0x00
d948:  00000000           addb rh0,#0x00
d94c:  00000000           addb rh0,#0x00
d950:  00000000           addb rh0,#0x00
d954:  00000000           addb rh0,#0x00
d958:  00000000           addb rh0,#0x00
d95c:  00000000           addb rh0,#0x00
d960:  00000000           addb rh0,#0x00
d964:  00000000           addb rh0,#0x00
d968:  00000000           addb rh0,#0x00
d96c:  00000000           addb rh0,#0x00
d970:  00000000           addb rh0,#0x00
d974:  00000000           addb rh0,#0x00
d978:  00000000           addb rh0,#0x00
d97c:  00000000           addb rh0,#0x00
d980:  00000000           addb rh0,#0x00
d984:  00000000           addb rh0,#0x00
d988:  00000000           addb rh0,#0x00
d98c:  00000000           addb rh0,#0x00
d990:  00000000           addb rh0,#0x00
d994:  00000000           addb rh0,#0x00
d998:  00000000           addb rh0,#0x00
d99c:  00000000           addb rh0,#0x00
d9a0:  00000000           addb rh0,#0x00
d9a4:  00000000           addb rh0,#0x00
d9a8:  00000000           addb rh0,#0x00
d9ac:  00000000           addb rh0,#0x00
d9b0:  00000000           addb rh0,#0x00
d9b4:  00000000           addb rh0,#0x00
d9b8:  00000000           addb rh0,#0x00
d9bc:  00000000           addb rh0,#0x00
d9c0:  00000000           addb rh0,#0x00
d9c4:  00000000           addb rh0,#0x00
d9c8:  00000000           addb rh0,#0x00
d9cc:  00000000           addb rh0,#0x00
d9d0:  00000000           addb rh0,#0x00
d9d4:  00000000           addb rh0,#0x00
d9d8:  00000000           addb rh0,#0x00
d9dc:  00000000           addb rh0,#0x00
d9e0:  00000000           addb rh0,#0x00
d9e4:  00000000           addb rh0,#0x00
d9e8:  00000000           addb rh0,#0x00
d9ec:  00000000           addb rh0,#0x00
d9f0:  00000000           addb rh0,#0x00
d9f4:  00000000           addb rh0,#0x00
d9f8:  00000000           addb rh0,#0x00
d9fc:  00000000           addb rh0,#0x00
da00:  00000000           addb rh0,#0x00
da04:  00000000           addb rh0,#0x00
da08:  00000000           addb rh0,#0x00
da0c:  00000000           addb rh0,#0x00
da10:  00000000           addb rh0,#0x00
da14:  00000000           addb rh0,#0x00
da18:  00000000           addb rh0,#0x00
da1c:  00000000           addb rh0,#0x00
da20:  00000000           addb rh0,#0x00
da24:  00000000           addb rh0,#0x00
da28:  00000000           addb rh0,#0x00
da2c:  00000000           addb rh0,#0x00
da30:  00000000           addb rh0,#0x00
da34:  00000000           addb rh0,#0x00
da38:  00000000           addb rh0,#0x00
da3c:  00000000           addb rh0,#0x00
da40:  00000000           addb rh0,#0x00
da44:  00000000           addb rh0,#0x00
da48:  00000000           addb rh0,#0x00
da4c:  00000000           addb rh0,#0x00
da50:  00000000           addb rh0,#0x00
da54:  00000000           addb rh0,#0x00
da58:  00000000           addb rh0,#0x00
da5c:  00000000           addb rh0,#0x00
da60:  00000000           addb rh0,#0x00
da64:  00000000           addb rh0,#0x00
da68:  00000000           addb rh0,#0x00
da6c:  00000000           addb rh0,#0x00
da70:  00000000           addb rh0,#0x00
da74:  00000000           addb rh0,#0x00
da78:  00000000           addb rh0,#0x00
da7c:  00000000           addb rh0,#0x00
da80:  00000000           addb rh0,#0x00
da84:  00000000           addb rh0,#0x00
da88:  00000000           addb rh0,#0x00
da8c:  00000000           addb rh0,#0x00
da90:  00000000           addb rh0,#0x00
da94:  00000000           addb rh0,#0x00
da98:  00000000           addb rh0,#0x00
da9c:  00000000           addb rh0,#0x00
daa0:  00000000           addb rh0,#0x00
daa4:  00000000           addb rh0,#0x00
daa8:  00000000           addb rh0,#0x00
daac:  00000000           addb rh0,#0x00
dab0:  00000000           addb rh0,#0x00
dab4:  00000000           addb rh0,#0x00
dab8:  00000000           addb rh0,#0x00
dabc:  00000000           addb rh0,#0x00
dac0:  00000000           addb rh0,#0x00
dac4:  00000000           addb rh0,#0x00
dac8:  00000000           addb rh0,#0x00
dacc:  00000000           addb rh0,#0x00
dad0:  00000000           addb rh0,#0x00
dad4:  00000000           addb rh0,#0x00
dad8:  00000000           addb rh0,#0x00
dadc:  00000000           addb rh0,#0x00
dae0:  00000000           addb rh0,#0x00
dae4:  00000000           addb rh0,#0x00
dae8:  00000000           addb rh0,#0x00
daec:  00000000           addb rh0,#0x00
daf0:  00000000           addb rh0,#0x00
daf4:  00000000           addb rh0,#0x00
daf8:  00000000           addb rh0,#0x00
dafc:  00000000           addb rh0,#0x00
db00:  00000000           addb rh0,#0x00
db04:  00000000           addb rh0,#0x00
db08:  00000000           addb rh0,#0x00
db0c:  00000000           addb rh0,#0x00
db10:  00000000           addb rh0,#0x00
db14:  00000000           addb rh0,#0x00
db18:  00000000           addb rh0,#0x00
db1c:  00000000           addb rh0,#0x00
db20:  00000000           addb rh0,#0x00
db24:  00000000           addb rh0,#0x00
db28:  00000000           addb rh0,#0x00
db2c:  00000000           addb rh0,#0x00
db30:  00000000           addb rh0,#0x00
db34:  00000000           addb rh0,#0x00
db38:  00000000           addb rh0,#0x00
db3c:  00000000           addb rh0,#0x00
db40:  00000000           addb rh0,#0x00
db44:  00000000           addb rh0,#0x00
db48:  00000000           addb rh0,#0x00
db4c:  00000000           addb rh0,#0x00
db50:  00000000           addb rh0,#0x00
db54:  00000000           addb rh0,#0x00
db58:  00000000           addb rh0,#0x00
db5c:  00000000           addb rh0,#0x00
db60:  00000000           addb rh0,#0x00
db64:  00000000           addb rh0,#0x00
db68:  00000000           addb rh0,#0x00
db6c:  00000000           addb rh0,#0x00
db70:  00000000           addb rh0,#0x00
db74:  00000000           addb rh0,#0x00
db78:  00000000           addb rh0,#0x00
db7c:  00000000           addb rh0,#0x00
db80:  00000000           addb rh0,#0x00
db84:  00000000           addb rh0,#0x00
db88:  00000000           addb rh0,#0x00
db8c:  00000000           addb rh0,#0x00
db90:  00000000           addb rh0,#0x00
db94:  00000000           addb rh0,#0x00
db98:  00000000           addb rh0,#0x00
db9c:  00000000           addb rh0,#0x00
dba0:  00000000           addb rh0,#0x00
dba4:  00000000           addb rh0,#0x00
dba8:  00000000           addb rh0,#0x00
dbac:  00000000           addb rh0,#0x00
dbb0:  00000000           addb rh0,#0x00
dbb4:  00000000           addb rh0,#0x00
dbb8:  00000000           addb rh0,#0x00
dbbc:  00000000           addb rh0,#0x00
dbc0:  00000000           addb rh0,#0x00
dbc4:  00000000           addb rh0,#0x00
dbc8:  00000000           addb rh0,#0x00
dbcc:  00000000           addb rh0,#0x00
dbd0:  00000000           addb rh0,#0x00
dbd4:  00000000           addb rh0,#0x00
dbd8:  00000000           addb rh0,#0x00
dbdc:  00000000           addb rh0,#0x00
dbe0:  00000000           addb rh0,#0x00
dbe4:  00000000           addb rh0,#0x00
dbe8:  00000000           addb rh0,#0x00
dbec:  00000000           addb rh0,#0x00
dbf0:  00000000           addb rh0,#0x00
dbf4:  00000000           addb rh0,#0x00
dbf8:  00000000           addb rh0,#0x00
dbfc:  00000000           addb rh0,#0x00
dc00:  00000000           addb rh0,#0x00
dc04:  00000000           addb rh0,#0x00
dc08:  00000000           addb rh0,#0x00
dc0c:  00000000           addb rh0,#0x00
dc10:  00000000           addb rh0,#0x00
dc14:  00000000           addb rh0,#0x00
dc18:  00000000           addb rh0,#0x00
dc1c:  00000000           addb rh0,#0x00
dc20:  00000000           addb rh0,#0x00
dc24:  00000000           addb rh0,#0x00
dc28:  00000000           addb rh0,#0x00
dc2c:  00000000           addb rh0,#0x00
dc30:  00000000           addb rh0,#0x00
dc34:  00000000           addb rh0,#0x00
dc38:  00000000           addb rh0,#0x00
dc3c:  00000000           addb rh0,#0x00
dc40:  00000000           addb rh0,#0x00
dc44:  00000000           addb rh0,#0x00
dc48:  00000000           addb rh0,#0x00
dc4c:  00000000           addb rh0,#0x00
dc50:  00000000           addb rh0,#0x00
dc54:  00000000           addb rh0,#0x00
dc58:  00000000           addb rh0,#0x00
dc5c:  00000000           addb rh0,#0x00
dc60:  00000000           addb rh0,#0x00
dc64:  00000000           addb rh0,#0x00
dc68:  00000000           addb rh0,#0x00
dc6c:  00000000           addb rh0,#0x00
dc70:  00000000           addb rh0,#0x00
dc74:  00000000           addb rh0,#0x00
dc78:  00000000           addb rh0,#0x00
dc7c:  00000000           addb rh0,#0x00
dc80:  00000000           addb rh0,#0x00
dc84:  00000000           addb rh0,#0x00
dc88:  00000000           addb rh0,#0x00
dc8c:  00000000           addb rh0,#0x00
dc90:  00000000           addb rh0,#0x00
dc94:  00000000           addb rh0,#0x00
dc98:  00000000           addb rh0,#0x00
dc9c:  00000000           addb rh0,#0x00
dca0:  00000000           addb rh0,#0x00
dca4:  00000000           addb rh0,#0x00
dca8:  00000000           addb rh0,#0x00
dcac:  00000000           addb rh0,#0x00
dcb0:  00000000           addb rh0,#0x00
dcb4:  00000000           addb rh0,#0x00
dcb8:  00000000           addb rh0,#0x00
dcbc:  00000000           addb rh0,#0x00
dcc0:  00000000           addb rh0,#0x00
dcc4:  00000000           addb rh0,#0x00
dcc8:  00000000           addb rh0,#0x00
dccc:  00000000           addb rh0,#0x00
dcd0:  00000000           addb rh0,#0x00
dcd4:  00000000           addb rh0,#0x00
dcd8:  00000000           addb rh0,#0x00
dcdc:  00000000           addb rh0,#0x00
dce0:  00000000           addb rh0,#0x00
dce4:  00000000           addb rh0,#0x00
dce8:  00000000           addb rh0,#0x00
dcec:  00000000           addb rh0,#0x00
dcf0:  00000000           addb rh0,#0x00
dcf4:  00000000           addb rh0,#0x00
dcf8:  00000000           addb rh0,#0x00
dcfc:  00000000           addb rh0,#0x00
dd00:  00000000           addb rh0,#0x00
dd04:  00000000           addb rh0,#0x00
dd08:  00000000           addb rh0,#0x00
dd0c:  00000000           addb rh0,#0x00
dd10:  00000000           addb rh0,#0x00
dd14:  00000000           addb rh0,#0x00
dd18:  00000000           addb rh0,#0x00
dd1c:  00000000           addb rh0,#0x00
dd20:  00000000           addb rh0,#0x00
dd24:  00000000           addb rh0,#0x00
dd28:  00000000           addb rh0,#0x00
dd2c:  00000000           addb rh0,#0x00
dd30:  00000000           addb rh0,#0x00
dd34:  00000000           addb rh0,#0x00
dd38:  00000000           addb rh0,#0x00
dd3c:  00000000           addb rh0,#0x00
dd40:  00000000           addb rh0,#0x00
dd44:  00000000           addb rh0,#0x00
dd48:  00000000           addb rh0,#0x00
dd4c:  00000000           addb rh0,#0x00
dd50:  00000000           addb rh0,#0x00
dd54:  00000000           addb rh0,#0x00
dd58:  00000000           addb rh0,#0x00
dd5c:  00000000           addb rh0,#0x00
dd60:  00000000           addb rh0,#0x00
dd64:  00000000           addb rh0,#0x00
dd68:  00000000           addb rh0,#0x00
dd6c:  00000000           addb rh0,#0x00
dd70:  00000000           addb rh0,#0x00
dd74:  00000000           addb rh0,#0x00
dd78:  00000000           addb rh0,#0x00
dd7c:  00000000           addb rh0,#0x00
dd80:  00000000           addb rh0,#0x00
dd84:  00000000           addb rh0,#0x00
dd88:  00000000           addb rh0,#0x00
dd8c:  00000000           addb rh0,#0x00
dd90:  00000000           addb rh0,#0x00
dd94:  00000000           addb rh0,#0x00
dd98:  00000000           addb rh0,#0x00
dd9c:  00000000           addb rh0,#0x00
dda0:  00000000           addb rh0,#0x00
dda4:  00000000           addb rh0,#0x00
dda8:  00000000           addb rh0,#0x00
ddac:  00000000           addb rh0,#0x00
ddb0:  00000000           addb rh0,#0x00
ddb4:  00000000           addb rh0,#0x00
ddb8:  00000000           addb rh0,#0x00
ddbc:  00000000           addb rh0,#0x00
ddc0:  00000000           addb rh0,#0x00
ddc4:  00000000           addb rh0,#0x00
ddc8:  00000000           addb rh0,#0x00
ddcc:  00000000           addb rh0,#0x00
ddd0:  00000000           addb rh0,#0x00
ddd4:  00000000           addb rh0,#0x00
ddd8:  00000000           addb rh0,#0x00
dddc:  00000000           addb rh0,#0x00
dde0:  00000000           addb rh0,#0x00
dde4:  00000000           addb rh0,#0x00
dde8:  00000000           addb rh0,#0x00
ddec:  00000000           addb rh0,#0x00
ddf0:  00000000           addb rh0,#0x00
ddf4:  00000000           addb rh0,#0x00
ddf8:  00000000           addb rh0,#0x00
ddfc:  00000000           addb rh0,#0x00
de00:  00000000           addb rh0,#0x00
de04:  00000000           addb rh0,#0x00
de08:  00000000           addb rh0,#0x00
de0c:  00000000           addb rh0,#0x00
de10:  00000000           addb rh0,#0x00
de14:  00000000           addb rh0,#0x00
de18:  00000000           addb rh0,#0x00
de1c:  00000000           addb rh0,#0x00
de20:  00000000           addb rh0,#0x00
de24:  00000000           addb rh0,#0x00
de28:  00000000           addb rh0,#0x00
de2c:  00000000           addb rh0,#0x00
de30:  00000000           addb rh0,#0x00
de34:  00000000           addb rh0,#0x00
de38:  00000000           addb rh0,#0x00
de3c:  00000000           addb rh0,#0x00
de40:  00000000           addb rh0,#0x00
de44:  00000000           addb rh0,#0x00
de48:  00000000           addb rh0,#0x00
de4c:  00000000           addb rh0,#0x00
de50:  00000000           addb rh0,#0x00
de54:  00000000           addb rh0,#0x00
de58:  00000000           addb rh0,#0x00
de5c:  00000000           addb rh0,#0x00
de60:  00000000           addb rh0,#0x00
de64:  00000000           addb rh0,#0x00
de68:  00000000           addb rh0,#0x00
de6c:  00000000           addb rh0,#0x00
de70:  00000000           addb rh0,#0x00
de74:  00000000           addb rh0,#0x00
de78:  00000000           addb rh0,#0x00
de7c:  00000000           addb rh0,#0x00
de80:  00000000           addb rh0,#0x00
de84:  00000000           addb rh0,#0x00
de88:  00000000           addb rh0,#0x00
de8c:  00000000           addb rh0,#0x00
de90:  00000000           addb rh0,#0x00
de94:  00000000           addb rh0,#0x00
de98:  00000000           addb rh0,#0x00
de9c:  00000000           addb rh0,#0x00
dea0:  00000000           addb rh0,#0x00
dea4:  00000000           addb rh0,#0x00
dea8:  00000000           addb rh0,#0x00
deac:  00000000           addb rh0,#0x00
deb0:  00000000           addb rh0,#0x00
deb4:  00000000           addb rh0,#0x00
deb8:  00000000           addb rh0,#0x00
debc:  00000000           addb rh0,#0x00
dec0:  00000000           addb rh0,#0x00
dec4:  00000000           addb rh0,#0x00
dec8:  00000000           addb rh0,#0x00
decc:  00000000           addb rh0,#0x00
ded0:  00000000           addb rh0,#0x00
ded4:  00000000           addb rh0,#0x00
ded8:  00000000           addb rh0,#0x00
dedc:  00000000           addb rh0,#0x00
dee0:  00000000           addb rh0,#0x00
dee4:  00000000           addb rh0,#0x00
dee8:  00000000           addb rh0,#0x00
deec:  00000000           addb rh0,#0x00
def0:  00000000           addb rh0,#0x00
def4:  00000000           addb rh0,#0x00
def8:  00000000           addb rh0,#0x00
defc:  00000000           addb rh0,#0x00
df00:  00000000           addb rh0,#0x00
df04:  00000000           addb rh0,#0x00
df08:  00000000           addb rh0,#0x00
df0c:  00000000           addb rh0,#0x00
df10:  00000000           addb rh0,#0x00
df14:  00000000           addb rh0,#0x00
df18:  00000000           addb rh0,#0x00
df1c:  00000000           addb rh0,#0x00
df20:  00000000           addb rh0,#0x00
df24:  00000000           addb rh0,#0x00
df28:  00000000           addb rh0,#0x00
df2c:  00000000           addb rh0,#0x00
df30:  00000000           addb rh0,#0x00
df34:  00000000           addb rh0,#0x00
df38:  00000000           addb rh0,#0x00
df3c:  00000000           addb rh0,#0x00
df40:  00000000           addb rh0,#0x00
df44:  00000000           addb rh0,#0x00
df48:  00000000           addb rh0,#0x00
df4c:  00000000           addb rh0,#0x00
df50:  00000000           addb rh0,#0x00
df54:  00000000           addb rh0,#0x00
df58:  00000000           addb rh0,#0x00
df5c:  00000000           addb rh0,#0x00
df60:  00000000           addb rh0,#0x00
df64:  00000000           addb rh0,#0x00
df68:  00000000           addb rh0,#0x00
df6c:  00000000           addb rh0,#0x00
df70:  00000000           addb rh0,#0x00
df74:  00000000           addb rh0,#0x00
df78:  00000000           addb rh0,#0x00
df7c:  00000000           addb rh0,#0x00
df80:  00000000           addb rh0,#0x00
df84:  00000000           addb rh0,#0x00
df88:  00000000           addb rh0,#0x00
df8c:  00000000           addb rh0,#0x00
df90:  00000000           addb rh0,#0x00
df94:  00000000           addb rh0,#0x00
df98:  00000000           addb rh0,#0x00
df9c:  00000000           addb rh0,#0x00
dfa0:  00000000           addb rh0,#0x00
dfa4:  00000000           addb rh0,#0x00
dfa8:  00000000           addb rh0,#0x00
dfac:  00000000           addb rh0,#0x00
dfb0:  00000000           addb rh0,#0x00
dfb4:  00000000           addb rh0,#0x00
dfb8:  00000000           addb rh0,#0x00
dfbc:  00000000           addb rh0,#0x00
dfc0:  00000000           addb rh0,#0x00
dfc4:  00000000           addb rh0,#0x00
dfc8:  00000000           addb rh0,#0x00
dfcc:  00000000           addb rh0,#0x00
dfd0:  00000000           addb rh0,#0x00
dfd4:  00000000           addb rh0,#0x00
dfd8:  00000000           addb rh0,#0x00
dfdc:  00000000           addb rh0,#0x00
dfe0:  00000000           addb rh0,#0x00
dfe4:  00000000           addb rh0,#0x00
dfe8:  00000000           addb rh0,#0x00
dfec:  00000000           addb rh0,#0x00
dff0:  00000000           addb rh0,#0x00
dff4:  00000000           addb rh0,#0x00
dff8:  00000000           addb rh0,#0x00
dffc:  00000000           addb rh0,#0x00
e000:  00000000           addb rh0,#0x00
e004:  00000000           addb rh0,#0x00
e008:  00000000           addb rh0,#0x00
e00c:  00000000           addb rh0,#0x00
e010:  00000000           addb rh0,#0x00
e014:  00000000           addb rh0,#0x00
e018:  00000000           addb rh0,#0x00
e01c:  00000000           addb rh0,#0x00
e020:  00000000           addb rh0,#0x00
e024:  00000000           addb rh0,#0x00
e028:  00000000           addb rh0,#0x00
e02c:  00000000           addb rh0,#0x00
e030:  00000000           addb rh0,#0x00
e034:  00000000           addb rh0,#0x00
e038:  00000000           addb rh0,#0x00
e03c:  00000000           addb rh0,#0x00
e040:  00000000           addb rh0,#0x00
e044:  00000000           addb rh0,#0x00
e048:  00000000           addb rh0,#0x00
e04c:  00000000           addb rh0,#0x00
e050:  00000000           addb rh0,#0x00
e054:  00000000           addb rh0,#0x00
e058:  00000000           addb rh0,#0x00
e05c:  00000000           addb rh0,#0x00
e060:  00000000           addb rh0,#0x00
e064:  00000000           addb rh0,#0x00
e068:  00000000           addb rh0,#0x00
e06c:  00000000           addb rh0,#0x00
e070:  00000000           addb rh0,#0x00
e074:  00000000           addb rh0,#0x00
e078:  00000000           addb rh0,#0x00
e07c:  00000000           addb rh0,#0x00
e080:  00000000           addb rh0,#0x00
e084:  00000000           addb rh0,#0x00
e088:  00000000           addb rh0,#0x00
e08c:  00000000           addb rh0,#0x00
e090:  00000000           addb rh0,#0x00
e094:  00000000           addb rh0,#0x00
e098:  00000000           addb rh0,#0x00
e09c:  00000000           addb rh0,#0x00
e0a0:  00000000           addb rh0,#0x00
e0a4:  00000000           addb rh0,#0x00
e0a8:  00000000           addb rh0,#0x00
e0ac:  00000000           addb rh0,#0x00
e0b0:  00000000           addb rh0,#0x00
e0b4:  00000000           addb rh0,#0x00
e0b8:  00000000           addb rh0,#0x00
e0bc:  00000000           addb rh0,#0x00
e0c0:  00000000           addb rh0,#0x00
e0c4:  00000000           addb rh0,#0x00
e0c8:  00000000           addb rh0,#0x00
e0cc:  00000000           addb rh0,#0x00
e0d0:  00000000           addb rh0,#0x00
e0d4:  00000000           addb rh0,#0x00
e0d8:  00000000           addb rh0,#0x00
e0dc:  00000000           addb rh0,#0x00
e0e0:  00000000           addb rh0,#0x00
e0e4:  00000000           addb rh0,#0x00
e0e8:  00000000           addb rh0,#0x00
e0ec:  00000000           addb rh0,#0x00
e0f0:  00000000           addb rh0,#0x00
e0f4:  00000000           addb rh0,#0x00
e0f8:  00000000           addb rh0,#0x00
e0fc:  00000000           addb rh0,#0x00
e100:  00000000           addb rh0,#0x00
e104:  00000000           addb rh0,#0x00
e108:  00000000           addb rh0,#0x00
e10c:  00000000           addb rh0,#0x00
e110:  00000000           addb rh0,#0x00
e114:  00000000           addb rh0,#0x00
e118:  00000000           addb rh0,#0x00
e11c:  00000000           addb rh0,#0x00
e120:  00000000           addb rh0,#0x00
e124:  00000000           addb rh0,#0x00
e128:  00000000           addb rh0,#0x00
e12c:  00000000           addb rh0,#0x00
e130:  00000000           addb rh0,#0x00
e134:  00000000           addb rh0,#0x00
e138:  00000000           addb rh0,#0x00
e13c:  00000000           addb rh0,#0x00
e140:  00000000           addb rh0,#0x00
e144:  00000000           addb rh0,#0x00
e148:  00000000           addb rh0,#0x00
e14c:  00000000           addb rh0,#0x00
e150:  00000000           addb rh0,#0x00
e154:  00000000           addb rh0,#0x00
e158:  00000000           addb rh0,#0x00
e15c:  00000000           addb rh0,#0x00
e160:  00000000           addb rh0,#0x00
e164:  00000000           addb rh0,#0x00
e168:  00000000           addb rh0,#0x00
e16c:  00000000           addb rh0,#0x00
e170:  00000000           addb rh0,#0x00
e174:  00000000           addb rh0,#0x00
e178:  00000000           addb rh0,#0x00
e17c:  00000000           addb rh0,#0x00
e180:  00000000           addb rh0,#0x00
e184:  00000000           addb rh0,#0x00
e188:  00000000           addb rh0,#0x00
e18c:  00000000           addb rh0,#0x00
e190:  00000000           addb rh0,#0x00
e194:  00000000           addb rh0,#0x00
e198:  00000000           addb rh0,#0x00
e19c:  00000000           addb rh0,#0x00
e1a0:  00000000           addb rh0,#0x00
e1a4:  00000000           addb rh0,#0x00
e1a8:  00000000           addb rh0,#0x00
e1ac:  00000000           addb rh0,#0x00
e1b0:  00000000           addb rh0,#0x00
e1b4:  00000000           addb rh0,#0x00
e1b8:  00000000           addb rh0,#0x00
e1bc:  00000000           addb rh0,#0x00
e1c0:  00000000           addb rh0,#0x00
e1c4:  00000000           addb rh0,#0x00
e1c8:  00000000           addb rh0,#0x00
e1cc:  00000000           addb rh0,#0x00
e1d0:  00000000           addb rh0,#0x00
e1d4:  00000000           addb rh0,#0x00
e1d8:  00000000           addb rh0,#0x00
e1dc:  00000000           addb rh0,#0x00
e1e0:  00000000           addb rh0,#0x00
e1e4:  00000000           addb rh0,#0x00
e1e8:  00000000           addb rh0,#0x00
e1ec:  00000000           addb rh0,#0x00
e1f0:  00000000           addb rh0,#0x00
e1f4:  00000000           addb rh0,#0x00
e1f8:  00000000           addb rh0,#0x00
e1fc:  00000000           addb rh0,#0x00
e200:  00000000           addb rh0,#0x00
e204:  00000000           addb rh0,#0x00
e208:  00000000           addb rh0,#0x00
e20c:  00000000           addb rh0,#0x00
e210:  00000000           addb rh0,#0x00
e214:  00000000           addb rh0,#0x00
e218:  00000000           addb rh0,#0x00
e21c:  00000000           addb rh0,#0x00
e220:  00000000           addb rh0,#0x00
e224:  00000000           addb rh0,#0x00
e228:  00000000           addb rh0,#0x00
e22c:  00000000           addb rh0,#0x00
e230:  00000000           addb rh0,#0x00
e234:  00000000           addb rh0,#0x00
e238:  00000000           addb rh0,#0x00
e23c:  00000000           addb rh0,#0x00
e240:  00000000           addb rh0,#0x00
e244:  00000000           addb rh0,#0x00
e248:  00000000           addb rh0,#0x00
e24c:  00000000           addb rh0,#0x00
e250:  00000000           addb rh0,#0x00
e254:  00000000           addb rh0,#0x00
e258:  00000000           addb rh0,#0x00
e25c:  00000000           addb rh0,#0x00
e260:  00000000           addb rh0,#0x00
e264:  00000000           addb rh0,#0x00
e268:  00000000           addb rh0,#0x00
e26c:  00000000           addb rh0,#0x00
e270:  00000000           addb rh0,#0x00
e274:  00000000           addb rh0,#0x00
e278:  00000000           addb rh0,#0x00
e27c:  00000000           addb rh0,#0x00
e280:  00000000           addb rh0,#0x00
e284:  00000000           addb rh0,#0x00
e288:  00000000           addb rh0,#0x00
e28c:  00000000           addb rh0,#0x00
e290:  00000000           addb rh0,#0x00
e294:  00000000           addb rh0,#0x00
e298:  00000000           addb rh0,#0x00
e29c:  00000000           addb rh0,#0x00
e2a0:  00000000           addb rh0,#0x00
e2a4:  00000000           addb rh0,#0x00
e2a8:  00000000           addb rh0,#0x00
e2ac:  00000000           addb rh0,#0x00
e2b0:  00000000           addb rh0,#0x00
e2b4:  00000000           addb rh0,#0x00
e2b8:  00000000           addb rh0,#0x00
e2bc:  00000000           addb rh0,#0x00
e2c0:  00000000           addb rh0,#0x00
e2c4:  00000000           addb rh0,#0x00
e2c8:  00000000           addb rh0,#0x00
e2cc:  00000000           addb rh0,#0x00
e2d0:  00000000           addb rh0,#0x00
e2d4:  00000000           addb rh0,#0x00
e2d8:  00000000           addb rh0,#0x00
e2dc:  00000000           addb rh0,#0x00
e2e0:  00000000           addb rh0,#0x00
e2e4:  00000000           addb rh0,#0x00
e2e8:  00000000           addb rh0,#0x00
e2ec:  00000000           addb rh0,#0x00
e2f0:  00000000           addb rh0,#0x00
e2f4:  00000000           addb rh0,#0x00
e2f8:  00000000           addb rh0,#0x00
e2fc:  00000000           addb rh0,#0x00
e300:  00000000           addb rh0,#0x00
e304:  00000000           addb rh0,#0x00
e308:  00000000           addb rh0,#0x00
e30c:  00000000           addb rh0,#0x00
e310:  00000000           addb rh0,#0x00
e314:  00000000           addb rh0,#0x00
e318:  00000000           addb rh0,#0x00
e31c:  00000000           addb rh0,#0x00
e320:  00000000           addb rh0,#0x00
e324:  00000000           addb rh0,#0x00
e328:  00000000           addb rh0,#0x00
e32c:  00000000           addb rh0,#0x00
e330:  00000000           addb rh0,#0x00
e334:  00000000           addb rh0,#0x00
e338:  00000000           addb rh0,#0x00
e33c:  00000000           addb rh0,#0x00
e340:  00000000           addb rh0,#0x00
e344:  00000000           addb rh0,#0x00
e348:  00000000           addb rh0,#0x00
e34c:  00000000           addb rh0,#0x00
e350:  00000000           addb rh0,#0x00
e354:  00000000           addb rh0,#0x00
e358:  00000000           addb rh0,#0x00
e35c:  00000000           addb rh0,#0x00
e360:  00000000           addb rh0,#0x00
e364:  00000000           addb rh0,#0x00
e368:  00000000           addb rh0,#0x00
e36c:  00000000           addb rh0,#0x00
e370:  00000000           addb rh0,#0x00
e374:  00000000           addb rh0,#0x00
e378:  00000000           addb rh0,#0x00
e37c:  00000000           addb rh0,#0x00
e380:  00000000           addb rh0,#0x00
e384:  00000000           addb rh0,#0x00
e388:  00000000           addb rh0,#0x00
e38c:  00000000           addb rh0,#0x00
e390:  00000000           addb rh0,#0x00
e394:  00000000           addb rh0,#0x00
e398:  00000000           addb rh0,#0x00
e39c:  00000000           addb rh0,#0x00
e3a0:  00000000           addb rh0,#0x00
e3a4:  00000000           addb rh0,#0x00
e3a8:  00000000           addb rh0,#0x00
e3ac:  00000000           addb rh0,#0x00
e3b0:  00000000           addb rh0,#0x00
e3b4:  00000000           addb rh0,#0x00
e3b8:  00000000           addb rh0,#0x00
e3bc:  00000000           addb rh0,#0x00
e3c0:  00000000           addb rh0,#0x00
e3c4:  00000000           addb rh0,#0x00
e3c8:  00000000           addb rh0,#0x00
e3cc:  00000000           addb rh0,#0x00
e3d0:  00000000           addb rh0,#0x00
e3d4:  00000000           addb rh0,#0x00
e3d8:  00000000           addb rh0,#0x00
e3dc:  00000000           addb rh0,#0x00
e3e0:  00000000           addb rh0,#0x00
e3e4:  00000000           addb rh0,#0x00
e3e8:  00000000           addb rh0,#0x00
e3ec:  00000000           addb rh0,#0x00
e3f0:  00000000           addb rh0,#0x00
e3f4:  00000000           addb rh0,#0x00
e3f8:  00000000           addb rh0,#0x00
e3fc:  00000000           addb rh0,#0x00
e400:  00000000           addb rh0,#0x00
e404:  00000000           addb rh0,#0x00
e408:  00000000           addb rh0,#0x00
e40c:  00000000           addb rh0,#0x00
e410:  00000000           addb rh0,#0x00
e414:  00000000           addb rh0,#0x00
e418:  00000000           addb rh0,#0x00
e41c:  00000000           addb rh0,#0x00
e420:  00000000           addb rh0,#0x00
e424:  00000000           addb rh0,#0x00
e428:  00000000           addb rh0,#0x00
e42c:  00000000           addb rh0,#0x00
e430:  00000000           addb rh0,#0x00
e434:  00000000           addb rh0,#0x00
e438:  00000000           addb rh0,#0x00
e43c:  00000000           addb rh0,#0x00
e440:  00000000           addb rh0,#0x00
e444:  00000000           addb rh0,#0x00
e448:  00000000           addb rh0,#0x00
e44c:  00000000           addb rh0,#0x00
e450:  00000000           addb rh0,#0x00
e454:  00000000           addb rh0,#0x00
e458:  00000000           addb rh0,#0x00
e45c:  00000000           addb rh0,#0x00
e460:  00000000           addb rh0,#0x00
e464:  00000000           addb rh0,#0x00
e468:  00000000           addb rh0,#0x00
e46c:  00000000           addb rh0,#0x00
e470:  00000000           addb rh0,#0x00
e474:  00000000           addb rh0,#0x00
e478:  00000000           addb rh0,#0x00
e47c:  00000000           addb rh0,#0x00
e480:  00000000           addb rh0,#0x00
e484:  00000000           addb rh0,#0x00
e488:  00000000           addb rh0,#0x00
e48c:  00000000           addb rh0,#0x00
e490:  00000000           addb rh0,#0x00
e494:  00000000           addb rh0,#0x00
e498:  00000000           addb rh0,#0x00
e49c:  00000000           addb rh0,#0x00
e4a0:  00000000           addb rh0,#0x00
e4a4:  00000000           addb rh0,#0x00
e4a8:  00000000           addb rh0,#0x00
e4ac:  00000000           addb rh0,#0x00
e4b0:  00000000           addb rh0,#0x00
e4b4:  00000000           addb rh0,#0x00
e4b8:  00000000           addb rh0,#0x00
e4bc:  00000000           addb rh0,#0x00
e4c0:  00000000           addb rh0,#0x00
e4c4:  00000000           addb rh0,#0x00
e4c8:  00000000           addb rh0,#0x00
e4cc:  00000000           addb rh0,#0x00
e4d0:  00000000           addb rh0,#0x00
e4d4:  00000000           addb rh0,#0x00
e4d8:  00000000           addb rh0,#0x00
e4dc:  00000000           addb rh0,#0x00
e4e0:  00000000           addb rh0,#0x00
e4e4:  00000000           addb rh0,#0x00
e4e8:  00000000           addb rh0,#0x00
e4ec:  00000000           addb rh0,#0x00
e4f0:  00000000           addb rh0,#0x00
e4f4:  00000000           addb rh0,#0x00
e4f8:  00000000           addb rh0,#0x00
e4fc:  00000000           addb rh0,#0x00
e500:  00000000           addb rh0,#0x00
e504:  00000000           addb rh0,#0x00
e508:  00000000           addb rh0,#0x00
e50c:  00000000           addb rh0,#0x00
e510:  00000000           addb rh0,#0x00
e514:  00000000           addb rh0,#0x00
e518:  00000000           addb rh0,#0x00
e51c:  00000000           addb rh0,#0x00
e520:  00000000           addb rh0,#0x00
e524:  00000000           addb rh0,#0x00
e528:  00000000           addb rh0,#0x00
e52c:  00000000           addb rh0,#0x00
e530:  00000000           addb rh0,#0x00
e534:  00000000           addb rh0,#0x00
e538:  00000000           addb rh0,#0x00
e53c:  00000000           addb rh0,#0x00
e540:  00000000           addb rh0,#0x00
e544:  00000000           addb rh0,#0x00
e548:  00000000           addb rh0,#0x00
e54c:  00000000           addb rh0,#0x00
e550:  00000000           addb rh0,#0x00
e554:  00000000           addb rh0,#0x00
e558:  00000000           addb rh0,#0x00
e55c:  00000000           addb rh0,#0x00
e560:  00000000           addb rh0,#0x00
e564:  00000000           addb rh0,#0x00
e568:  00000000           addb rh0,#0x00
e56c:  00000000           addb rh0,#0x00
e570:  00000000           addb rh0,#0x00
e574:  00000000           addb rh0,#0x00
e578:  00000000           addb rh0,#0x00
e57c:  00000000           addb rh0,#0x00
e580:  00000000           addb rh0,#0x00
e584:  00000000           addb rh0,#0x00
e588:  00000000           addb rh0,#0x00
e58c:  00000000           addb rh0,#0x00
e590:  00000000           addb rh0,#0x00
e594:  00000000           addb rh0,#0x00
e598:  00000000           addb rh0,#0x00
e59c:  00000000           addb rh0,#0x00
e5a0:  00000000           addb rh0,#0x00
e5a4:  00000000           addb rh0,#0x00
e5a8:  00000000           addb rh0,#0x00
e5ac:  00000000           addb rh0,#0x00
e5b0:  00000000           addb rh0,#0x00
e5b4:  00000000           addb rh0,#0x00
e5b8:  00000000           addb rh0,#0x00
e5bc:  00000000           addb rh0,#0x00
e5c0:  00000000           addb rh0,#0x00
e5c4:  00000000           addb rh0,#0x00
e5c8:  00000000           addb rh0,#0x00
e5cc:  00000000           addb rh0,#0x00
e5d0:  00000000           addb rh0,#0x00
e5d4:  00000000           addb rh0,#0x00
e5d8:  00000000           addb rh0,#0x00
e5dc:  00000000           addb rh0,#0x00
e5e0:  00000000           addb rh0,#0x00
e5e4:  00000000           addb rh0,#0x00
e5e8:  00000000           addb rh0,#0x00
e5ec:  00000000           addb rh0,#0x00
e5f0:  00000000           addb rh0,#0x00
e5f4:  00000000           addb rh0,#0x00
e5f8:  00000000           addb rh0,#0x00
e5fc:  00000000           addb rh0,#0x00
e600:  00000000           addb rh0,#0x00
e604:  00000000           addb rh0,#0x00
e608:  00000000           addb rh0,#0x00
e60c:  00000000           addb rh0,#0x00
e610:  00000000           addb rh0,#0x00
e614:  00000000           addb rh0,#0x00
e618:  00000000           addb rh0,#0x00
e61c:  00000000           addb rh0,#0x00
e620:  00000000           addb rh0,#0x00
e624:  00000000           addb rh0,#0x00
e628:  00000000           addb rh0,#0x00
e62c:  00000000           addb rh0,#0x00
e630:  00000000           addb rh0,#0x00
e634:  00000000           addb rh0,#0x00
e638:  00000000           addb rh0,#0x00
e63c:  00000000           addb rh0,#0x00
e640:  00000000           addb rh0,#0x00
e644:  00000000           addb rh0,#0x00
e648:  00000000           addb rh0,#0x00
e64c:  00000000           addb rh0,#0x00
e650:  00000000           addb rh0,#0x00
e654:  00000000           addb rh0,#0x00
e658:  00000000           addb rh0,#0x00
e65c:  00000000           addb rh0,#0x00
e660:  00000000           addb rh0,#0x00
e664:  00000000           addb rh0,#0x00
e668:  00000000           addb rh0,#0x00
e66c:  00000000           addb rh0,#0x00
e670:  00000000           addb rh0,#0x00
e674:  00000000           addb rh0,#0x00
e678:  00000000           addb rh0,#0x00
e67c:  00000000           addb rh0,#0x00
e680:  00000000           addb rh0,#0x00
e684:  00000000           addb rh0,#0x00
e688:  00000000           addb rh0,#0x00
e68c:  00000000           addb rh0,#0x00
e690:  00000000           addb rh0,#0x00
e694:  00000000           addb rh0,#0x00
e698:  00000000           addb rh0,#0x00
e69c:  00000000           addb rh0,#0x00
e6a0:  00000000           addb rh0,#0x00
e6a4:  00000000           addb rh0,#0x00
e6a8:  00000000           addb rh0,#0x00
e6ac:  00000000           addb rh0,#0x00
e6b0:  00000000           addb rh0,#0x00
e6b4:  00000000           addb rh0,#0x00
e6b8:  00000000           addb rh0,#0x00
e6bc:  00000000           addb rh0,#0x00
e6c0:  00000000           addb rh0,#0x00
e6c4:  00000000           addb rh0,#0x00
e6c8:  00000000           addb rh0,#0x00
e6cc:  00000000           addb rh0,#0x00
e6d0:  00000000           addb rh0,#0x00
e6d4:  00000000           addb rh0,#0x00
e6d8:  00000000           addb rh0,#0x00
e6dc:  00000000           addb rh0,#0x00
e6e0:  00000000           addb rh0,#0x00
e6e4:  00000000           addb rh0,#0x00
e6e8:  00000000           addb rh0,#0x00
e6ec:  00000000           addb rh0,#0x00
e6f0:  00000000           addb rh0,#0x00
e6f4:  00000000           addb rh0,#0x00
e6f8:  00000000           addb rh0,#0x00
e6fc:  00000000           addb rh0,#0x00
e700:  00000000           addb rh0,#0x00
e704:  00000000           addb rh0,#0x00
e708:  00000000           addb rh0,#0x00
e70c:  00000000           addb rh0,#0x00
e710:  00000000           addb rh0,#0x00
e714:  00000000           addb rh0,#0x00
e718:  00000000           addb rh0,#0x00
e71c:  00000000           addb rh0,#0x00
e720:  00000000           addb rh0,#0x00
e724:  00000000           addb rh0,#0x00
e728:  00000000           addb rh0,#0x00
e72c:  00000000           addb rh0,#0x00
e730:  00000000           addb rh0,#0x00
e734:  00000000           addb rh0,#0x00
e738:  00000000           addb rh0,#0x00
e73c:  00000000           addb rh0,#0x00
e740:  00000000           addb rh0,#0x00
e744:  00000000           addb rh0,#0x00
e748:  00000000           addb rh0,#0x00
e74c:  00000000           addb rh0,#0x00
e750:  00000000           addb rh0,#0x00
e754:  00000000           addb rh0,#0x00
e758:  00000000           addb rh0,#0x00
e75c:  00000000           addb rh0,#0x00
e760:  00000000           addb rh0,#0x00
e764:  00000000           addb rh0,#0x00
e768:  00000000           addb rh0,#0x00
e76c:  00000000           addb rh0,#0x00
e770:  00000000           addb rh0,#0x00
e774:  00000000           addb rh0,#0x00
e778:  00000000           addb rh0,#0x00
e77c:  00000000           addb rh0,#0x00
e780:  00000000           addb rh0,#0x00
e784:  00000000           addb rh0,#0x00
e788:  00000000           addb rh0,#0x00
e78c:  00000000           addb rh0,#0x00
e790:  00000000           addb rh0,#0x00
e794:  00000000           addb rh0,#0x00
e798:  00000000           addb rh0,#0x00
e79c:  00000000           addb rh0,#0x00
e7a0:  00000000           addb rh0,#0x00
e7a4:  00000000           addb rh0,#0x00
e7a8:  00000000           addb rh0,#0x00
e7ac:  00000000           addb rh0,#0x00
e7b0:  00000000           addb rh0,#0x00
e7b4:  00000000           addb rh0,#0x00
e7b8:  00000000           addb rh0,#0x00
e7bc:  00000000           addb rh0,#0x00
e7c0:  00000000           addb rh0,#0x00
e7c4:  00000000           addb rh0,#0x00
e7c8:  00000000           addb rh0,#0x00
e7cc:  00000000           addb rh0,#0x00
e7d0:  00000000           addb rh0,#0x00
e7d4:  00000000           addb rh0,#0x00
e7d8:  00000000           addb rh0,#0x00
e7dc:  00000000           addb rh0,#0x00
e7e0:  00000000           addb rh0,#0x00
e7e4:  00000000           addb rh0,#0x00
e7e8:  00000000           addb rh0,#0x00
e7ec:  00000000           addb rh0,#0x00
e7f0:  00000000           addb rh0,#0x00
e7f4:  00000000           addb rh0,#0x00
e7f8:  00000000           addb rh0,#0x00
e7fc:  00000000           addb rh0,#0x00
e800:  00000000           addb rh0,#0x00
e804:  00000000           addb rh0,#0x00
e808:  00000000           addb rh0,#0x00
e80c:  00000000           addb rh0,#0x00
e810:  00000000           addb rh0,#0x00
e814:  00000000           addb rh0,#0x00
e818:  00000000           addb rh0,#0x00
e81c:  00000000           addb rh0,#0x00
e820:  00000000           addb rh0,#0x00
e824:  00000000           addb rh0,#0x00
e828:  00000000           addb rh0,#0x00
e82c:  00000000           addb rh0,#0x00
e830:  00000000           addb rh0,#0x00
e834:  00000000           addb rh0,#0x00
e838:  00000000           addb rh0,#0x00
e83c:  00000000           addb rh0,#0x00
e840:  00000000           addb rh0,#0x00
e844:  00000000           addb rh0,#0x00
e848:  00000000           addb rh0,#0x00
e84c:  00000000           addb rh0,#0x00
e850:  00000000           addb rh0,#0x00
e854:  00000000           addb rh0,#0x00
e858:  00000000           addb rh0,#0x00
e85c:  00000000           addb rh0,#0x00
e860:  00000000           addb rh0,#0x00
e864:  00000000           addb rh0,#0x00
e868:  00000000           addb rh0,#0x00
e86c:  00000000           addb rh0,#0x00
e870:  00000000           addb rh0,#0x00
e874:  00000000           addb rh0,#0x00
e878:  00000000           addb rh0,#0x00
e87c:  00000000           addb rh0,#0x00
e880:  00000000           addb rh0,#0x00
e884:  00000000           addb rh0,#0x00
e888:  00000000           addb rh0,#0x00
e88c:  00000000           addb rh0,#0x00
e890:  00000000           addb rh0,#0x00
e894:  00000000           addb rh0,#0x00
e898:  00000000           addb rh0,#0x00
e89c:  00000000           addb rh0,#0x00
e8a0:  00000000           addb rh0,#0x00
e8a4:  00000000           addb rh0,#0x00
e8a8:  00000000           addb rh0,#0x00
e8ac:  00000000           addb rh0,#0x00
e8b0:  00000000           addb rh0,#0x00
e8b4:  00000000           addb rh0,#0x00
e8b8:  00000000           addb rh0,#0x00
e8bc:  00000000           addb rh0,#0x00
e8c0:  00000000           addb rh0,#0x00
e8c4:  00000000           addb rh0,#0x00
e8c8:  00000000           addb rh0,#0x00
e8cc:  00000000           addb rh0,#0x00
e8d0:  00000000           addb rh0,#0x00
e8d4:  00000000           addb rh0,#0x00
e8d8:  00000000           addb rh0,#0x00
e8dc:  00000000           addb rh0,#0x00
e8e0:  00000000           addb rh0,#0x00
e8e4:  00000000           addb rh0,#0x00
e8e8:  00000000           addb rh0,#0x00
e8ec:  00000000           addb rh0,#0x00
e8f0:  00000000           addb rh0,#0x00
e8f4:  00000000           addb rh0,#0x00
e8f8:  00000000           addb rh0,#0x00
e8fc:  00000000           addb rh0,#0x00
e900:  00000000           addb rh0,#0x00
e904:  00000000           addb rh0,#0x00
e908:  00000000           addb rh0,#0x00
e90c:  00000000           addb rh0,#0x00
e910:  00000000           addb rh0,#0x00
e914:  00000000           addb rh0,#0x00
e918:  00000000           addb rh0,#0x00
e91c:  00000000           addb rh0,#0x00
e920:  00000000           addb rh0,#0x00
e924:  00000000           addb rh0,#0x00
e928:  00000000           addb rh0,#0x00
e92c:  00000000           addb rh0,#0x00
e930:  00000000           addb rh0,#0x00
e934:  00000000           addb rh0,#0x00
e938:  00000000           addb rh0,#0x00
e93c:  00000000           addb rh0,#0x00
e940:  00000000           addb rh0,#0x00
e944:  00000000           addb rh0,#0x00
e948:  00000000           addb rh0,#0x00
e94c:  00000000           addb rh0,#0x00
e950:  00000000           addb rh0,#0x00
e954:  00000000           addb rh0,#0x00
e958:  00000000           addb rh0,#0x00
e95c:  00000000           addb rh0,#0x00
e960:  00000000           addb rh0,#0x00
e964:  00000000           addb rh0,#0x00
e968:  00000000           addb rh0,#0x00
e96c:  00000000           addb rh0,#0x00
e970:  00000000           addb rh0,#0x00
e974:  00000000           addb rh0,#0x00
e978:  00000000           addb rh0,#0x00
e97c:  00000000           addb rh0,#0x00
e980:  00000000           addb rh0,#0x00
e984:  00000000           addb rh0,#0x00
e988:  00000000           addb rh0,#0x00
e98c:  00000000           addb rh0,#0x00
e990:  00000000           addb rh0,#0x00
e994:  00000000           addb rh0,#0x00
e998:  00000000           addb rh0,#0x00
e99c:  00000000           addb rh0,#0x00
e9a0:  00000000           addb rh0,#0x00
e9a4:  00000000           addb rh0,#0x00
e9a8:  00000000           addb rh0,#0x00
e9ac:  00000000           addb rh0,#0x00
e9b0:  00000000           addb rh0,#0x00
e9b4:  00000000           addb rh0,#0x00
e9b8:  00000000           addb rh0,#0x00
e9bc:  00000000           addb rh0,#0x00
e9c0:  00000000           addb rh0,#0x00
e9c4:  00000000           addb rh0,#0x00
e9c8:  00000000           addb rh0,#0x00
e9cc:  00000000           addb rh0,#0x00
e9d0:  00000000           addb rh0,#0x00
e9d4:  00000000           addb rh0,#0x00
e9d8:  00000000           addb rh0,#0x00
e9dc:  00000000           addb rh0,#0x00
e9e0:  00000000           addb rh0,#0x00
e9e4:  00000000           addb rh0,#0x00
e9e8:  00000000           addb rh0,#0x00
e9ec:  00000000           addb rh0,#0x00
e9f0:  00000000           addb rh0,#0x00
e9f4:  00000000           addb rh0,#0x00
e9f8:  00000000           addb rh0,#0x00
e9fc:  00000000           addb rh0,#0x00
ea00:  00000000           addb rh0,#0x00
ea04:  00000000           addb rh0,#0x00
ea08:  00000000           addb rh0,#0x00
ea0c:  00000000           addb rh0,#0x00
ea10:  00000000           addb rh0,#0x00
ea14:  00000000           addb rh0,#0x00
ea18:  00000000           addb rh0,#0x00
ea1c:  00000000           addb rh0,#0x00
ea20:  00000000           addb rh0,#0x00
ea24:  00000000           addb rh0,#0x00
ea28:  00000000           addb rh0,#0x00
ea2c:  00000000           addb rh0,#0x00
ea30:  00000000           addb rh0,#0x00
ea34:  00000000           addb rh0,#0x00
ea38:  00000000           addb rh0,#0x00
ea3c:  00000000           addb rh0,#0x00
ea40:  00000000           addb rh0,#0x00
ea44:  00000000           addb rh0,#0x00
ea48:  00000000           addb rh0,#0x00
ea4c:  00000000           addb rh0,#0x00
ea50:  00000000           addb rh0,#0x00
ea54:  00000000           addb rh0,#0x00
ea58:  00000000           addb rh0,#0x00
ea5c:  00000000           addb rh0,#0x00
ea60:  00000000           addb rh0,#0x00
ea64:  00000000           addb rh0,#0x00
ea68:  00000000           addb rh0,#0x00
ea6c:  00000000           addb rh0,#0x00
ea70:  00000000           addb rh0,#0x00
ea74:  00000000           addb rh0,#0x00
ea78:  00000000           addb rh0,#0x00
ea7c:  00000000           addb rh0,#0x00
ea80:  00000000           addb rh0,#0x00
ea84:  00000000           addb rh0,#0x00
ea88:  00000000           addb rh0,#0x00
ea8c:  00000000           addb rh0,#0x00
ea90:  00000000           addb rh0,#0x00
ea94:  00000000           addb rh0,#0x00
ea98:  00000000           addb rh0,#0x00
ea9c:  00000000           addb rh0,#0x00
eaa0:  00000000           addb rh0,#0x00
eaa4:  00000000           addb rh0,#0x00
eaa8:  00000000           addb rh0,#0x00
eaac:  00000000           addb rh0,#0x00
eab0:  00000000           addb rh0,#0x00
eab4:  00000000           addb rh0,#0x00
eab8:  00000000           addb rh0,#0x00
eabc:  00000000           addb rh0,#0x00
eac0:  00000000           addb rh0,#0x00
eac4:  00000000           addb rh0,#0x00
eac8:  00000000           addb rh0,#0x00
eacc:  00000000           addb rh0,#0x00
ead0:  00000000           addb rh0,#0x00
ead4:  00000000           addb rh0,#0x00
ead8:  00000000           addb rh0,#0x00
eadc:  00000000           addb rh0,#0x00
eae0:  00000000           addb rh0,#0x00
eae4:  00000000           addb rh0,#0x00
eae8:  00000000           addb rh0,#0x00
eaec:  00000000           addb rh0,#0x00
eaf0:  00000000           addb rh0,#0x00
eaf4:  00000000           addb rh0,#0x00
eaf8:  00000000           addb rh0,#0x00
eafc:  00000000           addb rh0,#0x00
eb00:  00000000           addb rh0,#0x00
eb04:  00000000           addb rh0,#0x00
eb08:  00000000           addb rh0,#0x00
eb0c:  00000000           addb rh0,#0x00
eb10:  00000000           addb rh0,#0x00
eb14:  00000000           addb rh0,#0x00
eb18:  00000000           addb rh0,#0x00
eb1c:  00000000           addb rh0,#0x00
eb20:  00000000           addb rh0,#0x00
eb24:  00000000           addb rh0,#0x00
eb28:  00000000           addb rh0,#0x00
eb2c:  00000000           addb rh0,#0x00
eb30:  00000000           addb rh0,#0x00
eb34:  00000000           addb rh0,#0x00
eb38:  00000000           addb rh0,#0x00
eb3c:  00000000           addb rh0,#0x00
eb40:  00000000           addb rh0,#0x00
eb44:  00000000           addb rh0,#0x00
eb48:  00000000           addb rh0,#0x00
eb4c:  00000000           addb rh0,#0x00
eb50:  00000000           addb rh0,#0x00
eb54:  00000000           addb rh0,#0x00
eb58:  00000000           addb rh0,#0x00
eb5c:  00000000           addb rh0,#0x00
eb60:  00000000           addb rh0,#0x00
eb64:  00000000           addb rh0,#0x00
eb68:  00000000           addb rh0,#0x00
eb6c:  00000000           addb rh0,#0x00
eb70:  00000000           addb rh0,#0x00
eb74:  00000000           addb rh0,#0x00
eb78:  00000000           addb rh0,#0x00
eb7c:  00000000           addb rh0,#0x00
eb80:  00000000           addb rh0,#0x00
eb84:  00000000           addb rh0,#0x00
eb88:  00000000           addb rh0,#0x00
eb8c:  00000000           addb rh0,#0x00
eb90:  00000000           addb rh0,#0x00
eb94:  00000000           addb rh0,#0x00
eb98:  00000000           addb rh0,#0x00
eb9c:  00000000           addb rh0,#0x00
eba0:  00000000           addb rh0,#0x00
eba4:  00000000           addb rh0,#0x00
eba8:  00000000           addb rh0,#0x00
ebac:  00000000           addb rh0,#0x00
ebb0:  00000000           addb rh0,#0x00
ebb4:  00000000           addb rh0,#0x00
ebb8:  00000000           addb rh0,#0x00
ebbc:  00000000           addb rh0,#0x00
ebc0:  00000000           addb rh0,#0x00
ebc4:  00000000           addb rh0,#0x00
ebc8:  00000000           addb rh0,#0x00
ebcc:  00000000           addb rh0,#0x00
ebd0:  00000000           addb rh0,#0x00
ebd4:  00000000           addb rh0,#0x00
ebd8:  00000000           addb rh0,#0x00
ebdc:  00000000           addb rh0,#0x00
ebe0:  00000000           addb rh0,#0x00
ebe4:  00000000           addb rh0,#0x00
ebe8:  00000000           addb rh0,#0x00
ebec:  00000000           addb rh0,#0x00
ebf0:  00000000           addb rh0,#0x00
ebf4:  00000000           addb rh0,#0x00
ebf8:  00000000           addb rh0,#0x00
ebfc:  00000000           addb rh0,#0x00
ec00:  00000000           addb rh0,#0x00
ec04:  00000000           addb rh0,#0x00
ec08:  00000000           addb rh0,#0x00
ec0c:  00000000           addb rh0,#0x00
ec10:  00000000           addb rh0,#0x00
ec14:  00000000           addb rh0,#0x00
ec18:  00000000           addb rh0,#0x00
ec1c:  00000000           addb rh0,#0x00
ec20:  00000000           addb rh0,#0x00
ec24:  00000000           addb rh0,#0x00
ec28:  00000000           addb rh0,#0x00
ec2c:  00000000           addb rh0,#0x00
ec30:  00000000           addb rh0,#0x00
ec34:  00000000           addb rh0,#0x00
ec38:  00000000           addb rh0,#0x00
ec3c:  00000000           addb rh0,#0x00
ec40:  00000000           addb rh0,#0x00
ec44:  00000000           addb rh0,#0x00
ec48:  00000000           addb rh0,#0x00
ec4c:  00000000           addb rh0,#0x00
ec50:  00000000           addb rh0,#0x00
ec54:  00000000           addb rh0,#0x00
ec58:  00000000           addb rh0,#0x00
ec5c:  00000000           addb rh0,#0x00
ec60:  00000000           addb rh0,#0x00
ec64:  00000000           addb rh0,#0x00
ec68:  00000000           addb rh0,#0x00
ec6c:  00000000           addb rh0,#0x00
ec70:  00000000           addb rh0,#0x00
ec74:  00000000           addb rh0,#0x00
ec78:  00000000           addb rh0,#0x00
ec7c:  00000000           addb rh0,#0x00
ec80:  00000000           addb rh0,#0x00
ec84:  00000000           addb rh0,#0x00
ec88:  00000000           addb rh0,#0x00
ec8c:  00000000           addb rh0,#0x00
ec90:  00000000           addb rh0,#0x00
ec94:  00000000           addb rh0,#0x00
ec98:  00000000           addb rh0,#0x00
ec9c:  00000000           addb rh0,#0x00
eca0:  00000000           addb rh0,#0x00
eca4:  00000000           addb rh0,#0x00
eca8:  00000000           addb rh0,#0x00
ecac:  00000000           addb rh0,#0x00
ecb0:  00000000           addb rh0,#0x00
ecb4:  00000000           addb rh0,#0x00
ecb8:  00000000           addb rh0,#0x00
ecbc:  00000000           addb rh0,#0x00
ecc0:  00000000           addb rh0,#0x00
ecc4:  00000000           addb rh0,#0x00
ecc8:  00000000           addb rh0,#0x00
eccc:  00000000           addb rh0,#0x00
ecd0:  00000000           addb rh0,#0x00
ecd4:  00000000           addb rh0,#0x00
ecd8:  00000000           addb rh0,#0x00
ecdc:  00000000           addb rh0,#0x00
ece0:  00000000           addb rh0,#0x00
ece4:  00000000           addb rh0,#0x00
ece8:  00000000           addb rh0,#0x00
ecec:  00000000           addb rh0,#0x00
ecf0:  00000000           addb rh0,#0x00
ecf4:  00000000           addb rh0,#0x00
ecf8:  00000000           addb rh0,#0x00
ecfc:  00000000           addb rh0,#0x00
ed00:  00000000           addb rh0,#0x00
ed04:  00000000           addb rh0,#0x00
ed08:  00000000           addb rh0,#0x00
ed0c:  00000000           addb rh0,#0x00
ed10:  00000000           addb rh0,#0x00
ed14:  00000000           addb rh0,#0x00
ed18:  00000000           addb rh0,#0x00
ed1c:  00000000           addb rh0,#0x00
ed20:  00000000           addb rh0,#0x00
ed24:  00000000           addb rh0,#0x00
ed28:  00000000           addb rh0,#0x00
ed2c:  00000000           addb rh0,#0x00
ed30:  00000000           addb rh0,#0x00
ed34:  00000000           addb rh0,#0x00
ed38:  00000000           addb rh0,#0x00
ed3c:  00000000           addb rh0,#0x00
ed40:  00000000           addb rh0,#0x00
ed44:  00000000           addb rh0,#0x00
ed48:  00000000           addb rh0,#0x00
ed4c:  00000000           addb rh0,#0x00
ed50:  00000000           addb rh0,#0x00
ed54:  00000000           addb rh0,#0x00
ed58:  00000000           addb rh0,#0x00
ed5c:  00000000           addb rh0,#0x00
ed60:  00000000           addb rh0,#0x00
ed64:  00000000           addb rh0,#0x00
ed68:  00000000           addb rh0,#0x00
ed6c:  00000000           addb rh0,#0x00
ed70:  00000000           addb rh0,#0x00
ed74:  00000000           addb rh0,#0x00
ed78:  00000000           addb rh0,#0x00
ed7c:  00000000           addb rh0,#0x00
ed80:  00000000           addb rh0,#0x00
ed84:  00000000           addb rh0,#0x00
ed88:  00000000           addb rh0,#0x00
ed8c:  00000000           addb rh0,#0x00
ed90:  00000000           addb rh0,#0x00
ed94:  00000000           addb rh0,#0x00
ed98:  00000000           addb rh0,#0x00
ed9c:  00000000           addb rh0,#0x00
eda0:  00000000           addb rh0,#0x00
eda4:  00000000           addb rh0,#0x00
eda8:  00000000           addb rh0,#0x00
edac:  00000000           addb rh0,#0x00
edb0:  00000000           addb rh0,#0x00
edb4:  00000000           addb rh0,#0x00
edb8:  00000000           addb rh0,#0x00
edbc:  00000000           addb rh0,#0x00
edc0:  00000000           addb rh0,#0x00
edc4:  00000000           addb rh0,#0x00
edc8:  00000000           addb rh0,#0x00
edcc:  00000000           addb rh0,#0x00
edd0:  00000000           addb rh0,#0x00
edd4:  00000000           addb rh0,#0x00
edd8:  00000000           addb rh0,#0x00
eddc:  00000000           addb rh0,#0x00
ede0:  00000000           addb rh0,#0x00
ede4:  00000000           addb rh0,#0x00
ede8:  00000000           addb rh0,#0x00
edec:  00000000           addb rh0,#0x00
edf0:  00000000           addb rh0,#0x00
edf4:  00000000           addb rh0,#0x00
edf8:  00000000           addb rh0,#0x00
edfc:  00000000           addb rh0,#0x00
ee00:  00000000           addb rh0,#0x00
ee04:  00000000           addb rh0,#0x00
ee08:  00000000           addb rh0,#0x00
ee0c:  00000000           addb rh0,#0x00
ee10:  00000000           addb rh0,#0x00
ee14:  00000000           addb rh0,#0x00
ee18:  00000000           addb rh0,#0x00
ee1c:  00000000           addb rh0,#0x00
ee20:  00000000           addb rh0,#0x00
ee24:  00000000           addb rh0,#0x00
ee28:  00000000           addb rh0,#0x00
ee2c:  00000000           addb rh0,#0x00
ee30:  00000000           addb rh0,#0x00
ee34:  00000000           addb rh0,#0x00
ee38:  00000000           addb rh0,#0x00
ee3c:  00000000           addb rh0,#0x00
ee40:  00000000           addb rh0,#0x00
ee44:  00000000           addb rh0,#0x00
ee48:  00000000           addb rh0,#0x00
ee4c:  00000000           addb rh0,#0x00
ee50:  00000000           addb rh0,#0x00
ee54:  00000000           addb rh0,#0x00
ee58:  00000000           addb rh0,#0x00
ee5c:  00000000           addb rh0,#0x00
ee60:  00000000           addb rh0,#0x00
ee64:  00000000           addb rh0,#0x00
ee68:  00000000           addb rh0,#0x00
ee6c:  00000000           addb rh0,#0x00
ee70:  00000000           addb rh0,#0x00
ee74:  00000000           addb rh0,#0x00
ee78:  00000000           addb rh0,#0x00
ee7c:  00000000           addb rh0,#0x00
ee80:  00000000           addb rh0,#0x00
ee84:  00000000           addb rh0,#0x00
ee88:  00000000           addb rh0,#0x00
ee8c:  00000000           addb rh0,#0x00
ee90:  00000000           addb rh0,#0x00
ee94:  00000000           addb rh0,#0x00
ee98:  00000000           addb rh0,#0x00
ee9c:  00000000           addb rh0,#0x00
eea0:  00000000           addb rh0,#0x00
eea4:  00000000           addb rh0,#0x00
eea8:  00000000           addb rh0,#0x00
eeac:  00000000           addb rh0,#0x00
eeb0:  00000000           addb rh0,#0x00
eeb4:  00000000           addb rh0,#0x00
eeb8:  00000000           addb rh0,#0x00
eebc:  00000000           addb rh0,#0x00
eec0:  00000000           addb rh0,#0x00
eec4:  00000000           addb rh0,#0x00
eec8:  00000000           addb rh0,#0x00
eecc:  00000000           addb rh0,#0x00
eed0:  00000000           addb rh0,#0x00
eed4:  00000000           addb rh0,#0x00
eed8:  00000000           addb rh0,#0x00
eedc:  00000000           addb rh0,#0x00
eee0:  00000000           addb rh0,#0x00
eee4:  00000000           addb rh0,#0x00
eee8:  00000000           addb rh0,#0x00
eeec:  00000000           addb rh0,#0x00
eef0:  00000000           addb rh0,#0x00
eef4:  00000000           addb rh0,#0x00
eef8:  00000000           addb rh0,#0x00
eefc:  00000000           addb rh0,#0x00
ef00:  00000000           addb rh0,#0x00
ef04:  00000000           addb rh0,#0x00
ef08:  00000000           addb rh0,#0x00
ef0c:  00000000           addb rh0,#0x00
ef10:  00000000           addb rh0,#0x00
ef14:  00000000           addb rh0,#0x00
ef18:  00000000           addb rh0,#0x00
ef1c:  00000000           addb rh0,#0x00
ef20:  00000000           addb rh0,#0x00
ef24:  00000000           addb rh0,#0x00
ef28:  00000000           addb rh0,#0x00
ef2c:  00000000           addb rh0,#0x00
ef30:  00000000           addb rh0,#0x00
ef34:  00000000           addb rh0,#0x00
ef38:  00000000           addb rh0,#0x00
ef3c:  00000000           addb rh0,#0x00
ef40:  00000000           addb rh0,#0x00
ef44:  00000000           addb rh0,#0x00
ef48:  00000000           addb rh0,#0x00
ef4c:  00000000           addb rh0,#0x00
ef50:  00000000           addb rh0,#0x00
ef54:  00000000           addb rh0,#0x00
ef58:  00000000           addb rh0,#0x00
ef5c:  00000000           addb rh0,#0x00
ef60:  00000000           addb rh0,#0x00
ef64:  00000000           addb rh0,#0x00
ef68:  00000000           addb rh0,#0x00
ef6c:  00000000           addb rh0,#0x00
ef70:  00000000           addb rh0,#0x00
ef74:  00000000           addb rh0,#0x00
ef78:  00000000           addb rh0,#0x00
ef7c:  00000000           addb rh0,#0x00
ef80:  00000000           addb rh0,#0x00
ef84:  00000000           addb rh0,#0x00
ef88:  00000000           addb rh0,#0x00
ef8c:  00000000           addb rh0,#0x00
ef90:  00000000           addb rh0,#0x00
ef94:  00000000           addb rh0,#0x00
ef98:  00000000           addb rh0,#0x00
ef9c:  00000000           addb rh0,#0x00
efa0:  00000000           addb rh0,#0x00
efa4:  00000000           addb rh0,#0x00
efa8:  00000000           addb rh0,#0x00
efac:  00000000           addb rh0,#0x00
efb0:  00000000           addb rh0,#0x00
efb4:  00000000           addb rh0,#0x00
efb8:  00000000           addb rh0,#0x00
efbc:  00000000           addb rh0,#0x00
efc0:  00000000           addb rh0,#0x00
efc4:  00000000           addb rh0,#0x00
efc8:  00000000           addb rh0,#0x00
efcc:  00000000           addb rh0,#0x00
efd0:  00000000           addb rh0,#0x00
efd4:  00000000           addb rh0,#0x00
efd8:  00000000           addb rh0,#0x00
efdc:  00000000           addb rh0,#0x00
efe0:  00000000           addb rh0,#0x00
efe4:  00000000           addb rh0,#0x00
efe8:  00000000           addb rh0,#0x00
efec:  00000000           addb rh0,#0x00
eff0:  00000000           addb rh0,#0x00
eff4:  00000000           addb rh0,#0x00
eff8:  00000000           addb rh0,#0x00
effc:  00000000           addb rh0,#0x00
